property_master_id,city,locality,actual_price,predicted_price,absolute_error,percentage_error,model
PROP-0F1ADDA1EACE,Bengaluru,Krishnarajapura,15500000,16892838.36,1392838.36,8.99,Linear Regression
PROP-6F83A6D3852B,Bengaluru,Jayanagar,26000000,29710981.41,3710981.41,14.27,Linear Regression
PROP-4008DD617BF1,Bengaluru,Yelahanka New Town,18600000,12810624.75,5789375.25,31.13,Linear Regression
PROP-B9B2AAC7A639,Bengaluru,Whitefield,6500000,5527296.11,972703.89,14.96,Linear Regression
PROP-D1C9AD6C2BCA,Delhi,Jhilmil Colony,3200000,5056493.7,1856493.7,58.02,Linear Regression
PROP-ECCDFA70D232,Bengaluru,Gulimangala,2700000,2637617.01,62382.99,2.31,Linear Regression
PROP-FF857BF81E6E,Delhi,Khajoori Khas,3200000,4660965.09,1460965.09,45.66,Linear Regression
PROP-40C08E07FCFB,Bengaluru,Muneshwara Nagar,13800000,13051206.0,748794.0,5.43,Linear Regression
PROP-F7124BC5510D,Chennai,Triplicane,12000000,5833324.31,6166675.69,51.39,Linear Regression
PROP-CE6A3427554C,Bengaluru,Varadharaja Nagar,15300000,9902061.13,5397938.87,35.28,Linear Regression
PROP-3CED2FDE8A58,Delhi,Janakpuri,14500000,17773768.27,3273768.27,22.58,Linear Regression
PROP-6A7EA85260A1,Delhi,Hari Nagar Ashram,9500000,8017202.08,1482797.92,15.61,Linear Regression
PROP-FD46C175A248,Delhi,Dakshinpuri,6000000,3910445.1,2089554.9,34.83,Linear Regression
PROP-1EF26093DE56,Bengaluru,Jalahalli West,14000000,13541612.74,458387.26,3.27,Linear Regression
PROP-7177F8BF160A,Bengaluru,Anchepalya,10200000,9014041.53,1185958.47,11.63,Linear Regression
PROP-3C992F2F9AA5,Bengaluru,Mahadevapura,15500000,15604217.03,104217.03,0.67,Linear Regression
PROP-A5914486DAF1,Bengaluru,Kengeri,4100000,3684992.82,415007.18,10.12,Linear Regression
PROP-E905984C6E7F,Bengaluru,Thirumalashettyhally,6800000,7482104.03,682104.03,10.03,Linear Regression
PROP-DE2AEB41BFD8,Bengaluru,Bommanahalli,20000000,13219623.77,6780376.23,33.9,Linear Regression
PROP-133371EBED09,Bengaluru,Whitefield,6800000,6392602.87,407397.13,5.99,Linear Regression
PROP-E5F16BB0D4F8,Bengaluru,Jayanagar South,1920000,7437765.08,5517765.08,287.38,Linear Regression
PROP-05B0CBFEF2FC,Bengaluru,Doddakammanahalli,8200000,7432436.35,767563.65,9.36,Linear Regression
PROP-EDF63CB83482,Bengaluru,Gopasandra,27100000,33522058.96,6422058.96,23.7,Linear Regression
PROP-6F36F3D95790,Bengaluru,Parappana Agrahara,3800000,4364858.33,564858.33,14.86,Linear Regression
PROP-323BB34E2E3D,Bengaluru,Whitefield,4000000,3110982.89,889017.11,22.23,Linear Regression
PROP-8FBB34A4498F,Bengaluru,Chickpete,13000000,22240476.93,9240476.93,71.08,Linear Regression
PROP-4A46646C1E3C,Bengaluru,Udayagiri,12000000,10501901.47,1498098.53,12.48,Linear Regression
PROP-EBF1AEE03EE8,Chennai,Thoraipakkam,17500000,14835970.02,2664029.98,15.22,Linear Regression
PROP-F24437E24820,Delhi,Jhilmil Colony,10000000,9801557.16,198442.84,1.98,Linear Regression
PROP-AF537D1D7432,Bengaluru,Basavanagudi,55000000,43325799.18,11674200.82,21.23,Linear Regression
PROP-ABC5A3DB50CB,Delhi,Neb Sarai,1600000,1603123.51,3123.51,0.2,Linear Regression
PROP-B612F1E63F8F,Chennai,Ambattur Industrial Estate,5000000,5980917.54,980917.54,19.62,Linear Regression
PROP-60AFF85F593F,Bengaluru,Byagadadhenahalli,2400000,1986233.69,413766.31,17.24,Linear Regression
PROP-499BFC8A2429,Bengaluru,Hemmigepura,19500000,21442156.65,1942156.65,9.96,Linear Regression
PROP-9480C0CD57DC,Delhi,Pandav Nagar,4500000,6336597.85,1836597.85,40.81,Linear Regression
PROP-AAA6D8989B61,Delhi,Aya Nagar,4200000,6608138.14,2408138.14,57.34,Linear Regression
PROP-5BEAA167BC26,Delhi,Manglapuri,14000000,13928025.2,71974.8,0.51,Linear Regression
PROP-A44AB0F92F57,Delhi,New Mustafabad,13000000,11326451.65,1673548.35,12.87,Linear Regression
PROP-A1FA0032D0F3,Bengaluru,Sarjapur,9200000,6721993.68,2478006.32,26.93,Linear Regression
PROP-047C3170CAC9,Chennai,Arumbakkam,8000000,5591241.98,2408758.02,30.11,Linear Regression
PROP-E18AE8DBF20E,Bengaluru,Banashankari,24500000,15302867.94,9197132.06,37.54,Linear Regression
PROP-04AD50F89D92,Bengaluru,Rayasandra,35000000,54852303.16,19852303.16,56.72,Linear Regression
PROP-34997F2EDB2E,Bengaluru,Varadharaja Nagar,8000000,7038096.36,961903.64,12.02,Linear Regression
PROP-F6AF4019EE97,Delhi,Burari,3000000,3134682.71,134682.71,4.49,Linear Regression
PROP-26F4E8087C87,Bengaluru,Kasavanahalli,9300000,7917432.94,1382567.06,14.87,Linear Regression
PROP-3C130E55B63F,Bengaluru,Sarjapur,5520000,3395522.67,2124477.33,38.49,Linear Regression
PROP-D49E710447AD,Chennai,Korattur,6300000,6297882.04,2117.96,0.03,Linear Regression
PROP-F6EF4CBFA712,Bengaluru,Attibele,6500000,7578666.24,1078666.24,16.59,Linear Regression
PROP-CEE7DE526021,Bengaluru,Cooke Town,23000000,56460850.95,33460850.95,145.48,Linear Regression
PROP-24CBB7EFBCEF,Chennai,Puzhal,12200000,8370960.22,3829039.78,31.39,Linear Regression
PROP-577DB5BC6FF7,Bengaluru,Anjanapura Township,15000000,18777388.37,3777388.37,25.18,Linear Regression
PROP-1B75C9C2E829,Bengaluru,Chansandra,5800000,5275526.92,524473.08,9.04,Linear Regression
PROP-C288E69E424D,Bengaluru,Jp Nagar,5600000,4628937.84,971062.16,17.34,Linear Regression
PROP-27CBC63C9A14,Delhi,Patparganj,17500000,14845710.07,2654289.93,15.17,Linear Regression
PROP-FC87BD6423DF,Delhi,Chhattarpur,4500000,4849739.91,349739.91,7.77,Linear Regression
PROP-C8E208F6009A,Bengaluru,Kothanur,9000000,7314193.81,1685806.19,18.73,Linear Regression
PROP-3A4347158642,Chennai,Tharapakkam,4500000,5484829.86,984829.86,21.89,Linear Regression
PROP-EDE086559E7D,Bengaluru,Kengeri Satellite Town,4700000,5690365.41,990365.41,21.07,Linear Regression
PROP-7D8D065FA8EF,Bengaluru,Tharabanahalli,17500000,32317593.46,14817593.46,84.67,Linear Regression
PROP-C8F23A889638,Delhi,Sant Nagar,1700000,1523830.52,176169.48,10.36,Linear Regression
PROP-DF60A9405CA5,Bengaluru,Kadugondanahalli,8800000,6572794.07,2227205.93,25.31,Linear Regression
PROP-EB165B2603B3,Bengaluru,Chikbanavara,4700000,4369194.28,330805.72,7.04,Linear Regression
PROP-DCECF4C06F43,Delhi,Jasola,1000000,494210.59,505789.41,50.58,Linear Regression
PROP-572CC45E00A7,Delhi,Mahipalpur,3000000,4511516.73,1511516.73,50.38,Linear Regression
PROP-B089FFF823FC,Bengaluru,Hongasandra,22000000,10927547.34,11072452.66,50.33,Linear Regression
PROP-9482FE5103CD,Chennai,Avadi,2650000,4139150.97,1489150.97,56.19,Linear Regression
PROP-A89D3693457E,Chennai,West Tambaram,2686000,3924387.09,1238387.09,46.11,Linear Regression
PROP-3C3E3A1482E3,Bengaluru,Rajajinagar,5500000,7002612.06,1502612.06,27.32,Linear Regression
PROP-0FD4DF4E3852,Bengaluru,Varanasi,9000000,14386638.57,5386638.57,59.85,Linear Regression
PROP-2D7AE14D42D3,Chennai,Kayarambedu,2000000,4705781.35,2705781.35,135.29,Linear Regression
PROP-CF7D6A4DF2E0,Bengaluru,Anantapura,9000000,5965019.55,3034980.45,33.72,Linear Regression
PROP-AC4FE8CFA13F,Delhi,Pandav Nagar,4500000,4120671.52,379328.48,8.43,Linear Regression
PROP-B1D5055D16F0,Delhi,Samay Pur,5800000,4973705.34,826294.66,14.25,Linear Regression
PROP-EA4E6AE54F50,Chennai,Chettipunyam,3000000,4158186.4,1158186.4,38.61,Linear Regression
PROP-E19F9BAD3AE8,Delhi,Sector 27 Dwarka,6200000,7182033.58,982033.58,15.84,Linear Regression
PROP-641E643FE294,Bengaluru,Kaval Bairasandra,7000000,6983434.16,16565.84,0.24,Linear Regression
PROP-2A8DEF7A3A35,Bengaluru,Mattanahalli,8000000,6303048.39,1696951.61,21.21,Linear Regression
PROP-D03284431B92,Bengaluru,Sg Palya,15000000,14201826.12,798173.88,5.32,Linear Regression
PROP-E30D985EB363,Bengaluru,Vidyaranyapura,12000000,10632702.49,1367297.51,11.39,Linear Regression
PROP-E38BEB8EC5C0,Bengaluru,Sg Palya,60000000,46079683.57,13920316.43,23.2,Linear Regression
PROP-8AD7E6E843B7,Chennai,Varadharajapuram,4000000,4121839.47,121839.47,3.05,Linear Regression
PROP-AA441C9659B2,Delhi,Subzi Mandi,6500000,8283876.14,1783876.14,27.44,Linear Regression
PROP-B5A1E1497BDC,Bengaluru,Neelasandra,1600000,2196207.0,596207.0,37.26,Linear Regression
PROP-46DD05416648,Bengaluru,Kartik Nagar,25000000,32836104.5,7836104.5,31.34,Linear Regression
PROP-E7641CA5BDDE,Delhi,Madhu Vihar,3700000,3645575.14,54424.86,1.47,Linear Regression
PROP-B18F0A366BEC,Bengaluru,Rt Nager,20000000,16728664.83,3271335.17,16.36,Linear Regression
PROP-AAB30FD073E0,Delhi,Model Town,30000000,23303503.49,6696496.51,22.32,Linear Regression
PROP-E7368E0625D6,Bengaluru,Parappana Agrahara,19000000,36351607.74,17351607.74,91.32,Linear Regression
PROP-D8C96099397F,Bengaluru,Makali,1200000,1130340.77,69659.23,5.8,Linear Regression
PROP-D2BEFF90081A,Bengaluru,Gunjur Village,14000000,15769185.87,1769185.87,12.64,Linear Regression
PROP-F494730E28A9,Bengaluru,Jeevanbheemanagar,6500000,4948020.87,1551979.13,23.88,Linear Regression
PROP-66DA886E4554,Bengaluru,Gunjur,2200000,1628883.07,571116.93,25.96,Linear Regression
PROP-2588D57E3F08,Bengaluru,Shivaji Nagar,137500000,75766079.74,61733920.26,44.9,Linear Regression
PROP-46EEF5F879C0,Delhi,Mayur Vihar Phase 1,14500000,18682419.35,4182419.35,28.84,Linear Regression
PROP-0CF405B80BB2,Bengaluru,Parappana Agrahara,15000000,31804467.44,16804467.44,112.03,Linear Regression
PROP-A86B36358206,Bengaluru,Bidadi,5500000,4055479.85,1444520.15,26.26,Linear Regression
PROP-5D96A57E2A7C,Bengaluru,Kumaraswamy Layout,12500000,25507690.35,13007690.35,104.06,Linear Regression
PROP-9640F6004261,Chennai,Valasaravakkam,7500000,5972091.06,1527908.94,20.37,Linear Regression
PROP-45A7D957EEEA,Bengaluru,Chandapura,13900000,14403734.36,503734.36,3.62,Linear Regression
PROP-941B220C35BC,Bengaluru,Seegehalli,4500000,4939516.34,439516.34,9.77,Linear Regression
PROP-E88076D970F7,Bengaluru,Laxmipura,24900000,16717959.26,8182040.74,32.86,Linear Regression
PROP-5E1A8D49AF54,Delhi,Dallupura,8500000,8096785.93,403214.07,4.74,Linear Regression
PROP-17308953B31E,Bengaluru,Chichuraganapalli,3500000,4323503.15,823503.15,23.53,Linear Regression
PROP-B3A302861C58,Bengaluru,Chikkalasandra,4500000,3768026.59,731973.41,16.27,Linear Regression
PROP-B2361C1ABE9B,Chennai,Madambakkam,7500000,6349341.43,1150658.57,15.34,Linear Regression
PROP-3C95DF87A297,Bengaluru,Jakkur,7000000,8809804.96,1809804.96,25.85,Linear Regression
PROP-320E741DFF6C,Delhi,Mahavir Enclave,9000000,21136434.97,12136434.97,134.85,Linear Regression
PROP-C7604EBC7C71,Bengaluru,Nimbekaipura,8499000,8114609.35,384390.65,4.52,Linear Regression
PROP-E51D406F01ED,Bengaluru,Jigani,15000000,25203191.21,10203191.21,68.02,Linear Regression
PROP-CFFB76DF842B,Delhi,Shahdara,14500000,9533838.5,4966161.5,34.25,Linear Regression
PROP-38E38E927DA9,Bengaluru,Shanti Nagar,60000000,49195431.34,10804568.66,18.01,Linear Regression
PROP-D24EA453C26F,Bengaluru,Marathahalli,8460000,7873274.29,586725.71,6.94,Linear Regression
PROP-25935D655E1C,Delhi,Najafgarh,3000000,2573577.33,426422.67,14.21,Linear Regression
PROP-F261181B1A0D,Bengaluru,K Channasandra,6500000,5791606.83,708393.17,10.9,Linear Regression
PROP-57C4B72A2360,Bengaluru,Chikkalasandra,4300000,3556381.47,743618.53,17.29,Linear Regression
PROP-B39E7CE75F60,Bengaluru,Gandhi Nagar,8800000,6782852.36,2017147.64,22.92,Linear Regression
PROP-ECBDF559A09C,Bengaluru,Bande Kodigehalli,12000000,13813122.38,1813122.38,15.11,Linear Regression
PROP-59CBC1D6774B,Delhi,Mayur Vihar Phase 1,22000000,20197030.43,1802969.57,8.2,Linear Regression
PROP-72794BDD040A,Delhi,Gujranwala Town,45000000,134169537.16,89169537.16,198.15,Linear Regression
PROP-D2C0908B935D,Delhi,Sector 9 Rohini,28000000,25075501.06,2924498.94,10.44,Linear Regression
PROP-F91BA169CE69,Delhi,Karala,1800000,1676427.42,123572.58,6.87,Linear Regression
PROP-FD83AC90621A,Bengaluru,Kaggalipura,3700000,2858256.82,841743.18,22.75,Linear Regression
PROP-32DF66064FA0,Bengaluru,Hebbal Kempapura,9000000,6235904.02,2764095.98,30.71,Linear Regression
PROP-09A2FC1C658C,Bengaluru,Electronic City,3600000,3121343.34,478656.66,13.3,Linear Regression
PROP-73D74490A550,Delhi,Palam,19000000,15792958.05,3207041.95,16.88,Linear Regression
PROP-093767D893F3,Bengaluru,Byagadadhenahalli,2400000,2142029.92,257970.08,10.75,Linear Regression
PROP-0EB0EEEBA031,Bengaluru,Doddakannelli,5200000,4568118.22,631881.78,12.15,Linear Regression
PROP-FE13381AD603,Delhi,Jangpura,6300000,5860460.61,439539.39,6.98,Linear Regression
PROP-55AF5D58549F,Bengaluru,Sunkalpalya,2500000,1916236.89,583763.11,23.35,Linear Regression
PROP-6B359A4000AA,Delhi,Sector 18 Rohini,7000000,5379590.23,1620409.77,23.15,Linear Regression
PROP-DE375B3B7AB8,Chennai,Adhanur,5500000,5997807.46,497807.46,9.05,Linear Regression
PROP-0E9D0052547F,Bengaluru,Electronic City,3800000,3063095.66,736904.34,19.39,Linear Regression
PROP-D2D1C1A3962B,Bengaluru,Gb Palya,8500000,7124748.64,1375251.36,16.18,Linear Regression
PROP-381795E8E25A,Bengaluru,Electronic City Phase Ii,9950000,9352464.53,597535.47,6.01,Linear Regression
PROP-68CE38E84140,Bengaluru,Kudlu Gate,19000000,15267868.09,3732131.91,19.64,Linear Regression
PROP-ECBEB890E686,Delhi,Nilothi,2000000,2214234.75,214234.75,10.71,Linear Regression
PROP-048409EBAB0F,Chennai,Korattur,15000000,9248384.22,5751615.78,38.34,Linear Regression
PROP-C0582A2C5621,Bengaluru,Brookefield,9500000,8607261.73,892738.27,9.4,Linear Regression
PROP-59377D614B67,Delhi,Mayur Vihar Ii,5000000,3390817.39,1609182.61,32.18,Linear Regression
PROP-FACEF0CDBC40,Bengaluru,Volagerekallahalli,6000000,5713867.65,286132.35,4.77,Linear Regression
PROP-9BD8D7FC0338,Bengaluru,Sorahunase,6200000,6284988.19,84988.19,1.37,Linear Regression
PROP-8A786F10EA58,Bengaluru,Jalahalli West,1500000,1502539.63,2539.63,0.17,Linear Regression
PROP-92F43CDD0D1D,Bengaluru,Kadugondanahalli,5700000,3886606.51,1813393.49,31.81,Linear Regression
PROP-96358EF80DE7,Bengaluru,Mathikere,10000000,10281843.39,281843.39,2.82,Linear Regression
PROP-30109E081BB1,Delhi,Laxmi Nagar,50000000,32850659.19,17149340.81,34.3,Linear Regression
PROP-5905BF0E5C9C,Bengaluru,Vakil Garden City,8000000,7228261.51,771738.49,9.65,Linear Regression
PROP-BC8330249A03,Bengaluru,Hennur,11500000,9496199.76,2003800.24,17.42,Linear Regression
PROP-F74E2E3DDDF5,Bengaluru,Kaggadasapura,5700000,5425957.64,274042.36,4.81,Linear Regression
PROP-A3B108569EF6,Bengaluru,Chikkalasandra,12500000,6897076.43,5602923.57,44.82,Linear Regression
PROP-26AB82C2003D,Chennai,Oragadam Ambattur,2600000,4858167.5,2258167.5,86.85,Linear Regression
PROP-D121AA0C3AAA,Delhi,Sagar Pur,5500000,5984218.19,484218.19,8.8,Linear Regression
PROP-109383D097A9,Chennai,Ambattur Industrial Estate,8400000,6304621.82,2095378.18,24.94,Linear Regression
PROP-F72BAAA45BAD,Delhi,Badarpur,10000000,16341566.17,6341566.17,63.42,Linear Regression
PROP-97A38F091DC9,Delhi,Vishnu Garden,48000000,20192728.24,27807271.76,57.93,Linear Regression
PROP-B04B4B568E69,Bengaluru,Anekal,15000000,15353387.72,353387.72,2.36,Linear Regression
PROP-BDA369CBAE67,Bengaluru,Varthur,5399000,5871708.97,472708.97,8.76,Linear Regression
PROP-921692A28E8B,Chennai,Rajakilpakkam,3000000,3565869.77,565869.77,18.86,Linear Regression
PROP-17AD810F2E44,Bengaluru,Byagadadhenahalli,2200000,1772573.26,427426.74,19.43,Linear Regression
PROP-AF893FFA4C06,Chennai,Veppampattu,3850000,4824507.51,974507.51,25.31,Linear Regression
PROP-B78CB6FA8318,Delhi,Mundka,2300000,2788083.0,488083.0,21.22,Linear Regression
PROP-EDC70323BFBE,Bengaluru,Doddaballapura,30000000,34416104.59,4416104.59,14.72,Linear Regression
PROP-B1219DDD10D6,Chennai,Vallakkottai,9900000,7375765.99,2524234.01,25.5,Linear Regression
PROP-879269C215CD,Delhi,Sant Nagar,13000000,10085292.6,2914707.4,22.42,Linear Regression
PROP-8C3CEA495C26,Bengaluru,Nelamangala,30000000,15257096.07,14742903.93,49.14,Linear Regression
PROP-8646D64D4C66,Bengaluru,Vittasandra,13000000,11733863.49,1266136.51,9.74,Linear Regression
PROP-C957CB3318D7,Chennai,Oragadam Sriperambattur,4500000,4764454.11,264454.11,5.88,Linear Regression
PROP-06A353B7CC75,Chennai,Oragadam Sriperambattur,11500000,9867556.87,1632443.13,14.2,Linear Regression
PROP-034D7A0B20C3,Bengaluru,Hoskote,17000000,11913010.68,5086989.32,29.92,Linear Regression
PROP-53540A0F8A78,Chennai,Kadambathur,1950000,4307615.2,2357615.2,120.9,Linear Regression
PROP-FFFE87A3E212,Delhi,Shahdara,32000000,21417045.98,10582954.02,33.07,Linear Regression
PROP-BCA51229B6B8,Delhi,Madangir,2000000,2987774.37,987774.37,49.39,Linear Regression
PROP-BA7E08E6CC86,Bengaluru,Sarjapur,8000000,7518431.8,481568.2,6.02,Linear Regression
PROP-DD9F4263FFD2,Delhi,Sector 13 Rohini,27500000,23673117.72,3826882.28,13.92,Linear Regression
PROP-5FD4DDB5BEC6,Chennai,Thandalam,5111000,4882431.41,228568.59,4.47,Linear Regression
PROP-6327C73AD39E,Bengaluru,Thyvakanahally,29000000,27221449.23,1778550.77,6.13,Linear Regression
PROP-6F9315E57409,Bengaluru,Kumaraswamy Layout,5500000,6444766.07,944766.07,17.18,Linear Regression
PROP-90FB2529C61D,Bengaluru,Anjanapura Township,15000000,16237567.1,1237567.1,8.25,Linear Regression
PROP-FF3363401EE2,Bengaluru,Thirumagondanahalli,2800000,2524555.23,275444.77,9.84,Linear Regression
PROP-6C45267C9C3F,Chennai,Avadi,6500000,6469880.97,30119.03,0.46,Linear Regression
PROP-3D5DAACB3A3B,Delhi,Sector 18 Rohini,11000000,7432994.91,3567005.09,32.43,Linear Regression
PROP-D62E1A033A1D,Bengaluru,Chickpete,25000000,50420101.63,25420101.63,101.68,Linear Regression
PROP-CDA0D9C57C23,Bengaluru,Varadharaja Nagar,6000000,5414364.97,585635.03,9.76,Linear Regression
PROP-9B0452D3DE3D,Bengaluru,Jalahalli,5500000,5488924.01,11075.99,0.2,Linear Regression
PROP-1882F56DC76C,Bengaluru,Hampapura,57500000,32602646.97,24897353.03,43.3,Linear Regression
PROP-C337EF56DCBC,Bengaluru,Jayamahal,62500000,35068646.83,27431353.17,43.89,Linear Regression
PROP-A6E8C948EB02,Delhi,Suraj Vihar,4500000,5467101.56,967101.56,21.49,Linear Regression
PROP-45AC659C4EE0,Bengaluru,Jakkur,40000000,41600871.06,1600871.06,4.0,Linear Regression
PROP-47AC877D03EE,Bengaluru,Hulimavu,5600000,5355479.72,244520.28,4.37,Linear Regression
PROP-EF3C4A4D064C,Chennai,Pozhichalur,22500000,12277888.03,10222111.97,45.43,Linear Regression
PROP-6BD71451B2F3,Chennai,Perumanttunallur,2100000,3540520.12,1440520.12,68.6,Linear Regression
PROP-0D1D8D68BC20,Bengaluru,Hoodi,14000000,9837854.28,4162145.72,29.73,Linear Regression
PROP-4291897BA1A2,Bengaluru,Bellahalli,18500000,12811575.07,5688424.93,30.75,Linear Regression
PROP-F57D7E251EC9,Bengaluru,Bommasandra,3500000,2306962.91,1193037.09,34.09,Linear Regression
PROP-E05D72378253,Bengaluru,Rainbow Garden Layout,9500000,18716515.0,9216515.0,97.02,Linear Regression
PROP-A19C8B44B592,Delhi,Burari,1875000,1526524.3,348475.7,18.59,Linear Regression
PROP-6898C5489F27,Delhi,Tilak Nagar,4500000,4263556.08,236443.92,5.25,Linear Regression
PROP-9168BEDEC251,Bengaluru,Bommasandra,3600000,2316779.06,1283220.94,35.65,Linear Regression
PROP-F431A8E911DA,Chennai,Choolaimedu,19000000,14880370.47,4119629.53,21.68,Linear Regression
PROP-E15816D91021,Chennai,Kilpauk,25000000,13772959.61,11227040.39,44.91,Linear Regression
PROP-FC2008100E33,Bengaluru,Mallathahalli,3200000,3909324.91,709324.91,22.17,Linear Regression
PROP-044AB85B66BD,Delhi,Sector 18 Rohini,9200000,7406967.77,1793032.23,19.49,Linear Regression
PROP-CF35A6139A44,Delhi,Geeta Colony,22500000,16417624.5,6082375.5,27.03,Linear Regression
PROP-4F0E96BC6A10,Bengaluru,Maruthi Nagar,11000000,9178530.82,1821469.18,16.56,Linear Regression
PROP-DEC084B63D73,Bengaluru,Mailasandra,5100000,4954321.02,145678.98,2.86,Linear Regression
PROP-7B922B4822CC,Delhi,Adarsh Nagar,4000000,18118254.13,14118254.13,352.96,Linear Regression
PROP-9AB364256979,Bengaluru,Srinivasa Nagar,7200000,12422363.33,5222363.33,72.53,Linear Regression
PROP-389B102B35F5,Delhi,Chirag Dilli,15000000,9731907.13,5268092.87,35.12,Linear Regression
PROP-5D861391E50B,Bengaluru,Bisuvanahalli,9000000,6079504.68,2920495.32,32.45,Linear Regression
PROP-97FF862E203A,Bengaluru,Gb Palya,18000000,23345657.48,5345657.48,29.7,Linear Regression
PROP-B8308072DC3F,Bengaluru,Bilekahalli,10500000,9394980.74,1105019.26,10.52,Linear Regression
PROP-86376275ABDA,Bengaluru,Bikasipura,6000000,5893521.16,106478.84,1.77,Linear Regression
PROP-AC4A9B5668B4,Delhi,Nangloi,63000000,19506594.26,43493405.74,69.04,Linear Regression
PROP-57EC3C0CAB0B,Delhi,Okhla,26000000,37251572.69,11251572.69,43.28,Linear Regression
PROP-B0FE0DD0CB3C,Delhi,Mansarover Garden,20000000,20219523.59,219523.59,1.1,Linear Regression
PROP-ADA6EA3E0B0E,Bengaluru,Koramangala,32000000,29976732.41,2023267.59,6.32,Linear Regression
PROP-731A2F56E657,Delhi,Sultanpur,3500000,2961083.88,538916.12,15.4,Linear Regression
PROP-33CA6709529B,Delhi,Sector 25 Rohini,24000000,15662645.53,8337354.47,34.74,Linear Regression
PROP-EC1D51D84FCC,Chennai,Pallavaram,15000000,5613381.17,9386618.83,62.58,Linear Regression
PROP-5EAA49581593,Delhi,Mayur Vihar Phase 1,2700000,3346299.43,646299.43,23.94,Linear Regression
PROP-6F2660E1E5ED,Bengaluru,Begur,8200000,5788870.37,2411129.63,29.4,Linear Regression
PROP-3B42B34247C3,Delhi,Dilshad Garden,3400000,3412475.63,12475.63,0.37,Linear Regression
PROP-11EB377AB0C7,Bengaluru,Harohalli,3819000,3794208.79,24791.21,0.65,Linear Regression
PROP-EC1C69A67D20,Bengaluru,Mylasandra,20000000,16406287.08,3593712.92,17.97,Linear Regression
PROP-F5B2923FF5D2,Delhi,Burari,4000000,4041870.72,41870.72,1.05,Linear Regression
PROP-A1BA15A56A8B,Bengaluru,Abbigere,7000000,6609049.55,390950.45,5.59,Linear Regression
PROP-58E6F72FD497,Delhi,Dwarka Mor,6000000,5390361.09,609638.91,10.16,Linear Regression
PROP-5293DC90EAF3,Bengaluru,Rmv Extension Stage 2,5500000,4990382.12,509617.88,9.27,Linear Regression
PROP-EF8691C619D5,Chennai,Mogappair,8000000,9741047.33,1741047.33,21.76,Linear Regression
PROP-43FB870147E7,Bengaluru,Chandra Layout Extension,49500000,27119398.24,22380601.76,45.21,Linear Regression
PROP-DF7C726B28A7,Bengaluru,Hennur,95000000,28464719.36,66535280.64,70.04,Linear Regression
PROP-88F1E25B4D19,Delhi,Krishna Nagar,5500000,7006512.72,1506512.72,27.39,Linear Regression
PROP-C32AF10052CD,Chennai,Thiruvanmiyur,69000000,23591216.7,45408783.3,65.81,Linear Regression
PROP-244A8ACB4D16,Chennai,Iyyapa Nagar,5400000,6407968.27,1007968.27,18.67,Linear Regression
PROP-EDC3642869B7,Delhi,Bharthal,2100000,1603586.98,496413.02,23.64,Linear Regression
PROP-2B2D243FDB15,Bengaluru,Kudlu,6600000,5494852.44,1105147.56,16.74,Linear Regression
PROP-BE244155119D,Delhi,Shastri Nagar,21000000,42212883.22,21212883.22,101.01,Linear Regression
PROP-537F15EF00EF,Bengaluru,Thanisandra,14000000,14916716.36,916716.36,6.55,Linear Regression
PROP-426304652951,Bengaluru,Sivanchetti Gardens,10000000,9991958.3,8041.7,0.08,Linear Regression
PROP-4CE62A4B211E,Delhi,Jahangirpuri,19900000,13816305.1,6083694.9,30.57,Linear Regression
PROP-A136638701BD,Chennai,Urapakkam,3800000,5045798.52,1245798.52,32.78,Linear Regression
PROP-389AD560221A,Bengaluru,Shivaji Nagar,11000000,11227546.04,227546.04,2.07,Linear Regression
PROP-0A5F5FFB79DE,Bengaluru,Hampapura,3800000,3986496.83,186496.83,4.91,Linear Regression
PROP-1BE958EEC39E,Chennai,Pammal,2500000,3439903.77,939903.77,37.6,Linear Regression
PROP-8BAF2BEE0263,Bengaluru,Mallapur,16000000,17148089.23,1148089.23,7.18,Linear Regression
PROP-3A511FF02179,Bengaluru,Bangalore City Municipal Corporation Layout,10500000,10060994.14,439005.86,4.18,Linear Regression
PROP-B68DD5AC1AF2,Delhi,Bharthal,2700000,1693783.39,1006216.61,37.27,Linear Regression
PROP-6F2ECE75D556,Bengaluru,Magadi,5500000,5999602.79,499602.79,9.08,Linear Regression
PROP-89D93F1C6E33,Bengaluru,Hampapura,12000000,20936169.18,8936169.18,74.47,Linear Regression
PROP-BCBAF295B00C,Bengaluru,Malleswaram,12000000,15386079.37,3386079.37,28.22,Linear Regression
PROP-5F21B89EA323,Bengaluru,Vidyaranyapura,5000000,4524997.1,475002.9,9.5,Linear Regression
PROP-9FB42CBFFC3B,Bengaluru,Nelamangala,6000000,5919386.02,80613.98,1.34,Linear Regression
PROP-1764097CDB64,Chennai,Adyar,17000000,12678850.11,4321149.89,25.42,Linear Regression
PROP-2ED9A34FA044,Bengaluru,Vijayanagar,60000000,53950325.26,6049674.74,10.08,Linear Regression
PROP-244D75650DD6,Bengaluru,Kithaganur Colony,6800000,9955605.39,3155605.39,46.41,Linear Regression
PROP-8DDF00FE969C,Chennai,Thiruvallur,5000000,5935731.09,935731.09,18.71,Linear Regression
PROP-A5928B78B707,Delhi,Kondli,2400000,5610362.95,3210362.95,133.77,Linear Regression
PROP-64FBDF730C8D,Bengaluru,Andrahalli,7500000,9022148.7,1522148.7,20.3,Linear Regression
PROP-7EF2F97973D1,Delhi,Paharganj,12500000,8687367.93,3812632.07,30.5,Linear Regression
PROP-43ADBF72FC14,Bengaluru,T Dasarahalli,7500000,5440953.29,2059046.71,27.45,Linear Regression
PROP-F13002390B25,Bengaluru,Yelahanka,5500000,4501525.78,998474.22,18.15,Linear Regression
PROP-7E4E30F5CDFA,Delhi,Baprola,4000000,3080093.29,919906.71,23.0,Linear Regression
PROP-403FF4F48EDA,Chennai,Maraimalai Nagar,3465000,3998082.36,533082.36,15.38,Linear Regression
PROP-886B605EFC26,Bengaluru,Rajajinagar,16000000,15788218.33,211781.67,1.32,Linear Regression
PROP-E891C85EBEF3,Bengaluru,Jp Nagar,12500000,8092456.68,4407543.32,35.26,Linear Regression
PROP-241ABE4D826E,Delhi,Sector 34 Rohini,1500000,2623480.67,1123480.67,74.9,Linear Regression
PROP-9A5597E90FB8,Chennai,Saligramam,9850000,6701335.97,3148664.03,31.97,Linear Regression
PROP-13CD24308F03,Chennai,Maduravoyal,2000000,3898890.64,1898890.64,94.94,Linear Regression
PROP-C2722A1C7AD6,Delhi,Chhattarpur,200000000,53012661.94,146987338.06,73.49,Linear Regression
PROP-544B31D49874,Pune,Pimpri,3500000,5487280.79,1987280.79,56.78,Linear Regression
PROP-9FD3F637B94E,Mumbai,Thane West,5200000,3085445.48,2114554.52,40.66,Linear Regression
PROP-917395C01FC1,Pune,Ganesh Peth,14000000,9388456.4,4611543.6,32.94,Linear Regression
PROP-BEBB7848373A,Pune,New Sangvi,2200000,3006450.95,806450.95,36.66,Linear Regression
PROP-A1A5BE7EE8C8,Pune,Bhawani Peth,3200000,2614228.11,585771.89,18.31,Linear Regression
PROP-66846DF385D2,Kolkata,Harinavi,6900000,4734600.51,2165399.49,31.38,Linear Regression
PROP-E42451C52F6E,Mumbai,Virar West,3300000,3634925.16,334925.16,10.15,Linear Regression
PROP-4955AE8E77E1,Kolkata,Sonarpur,6000000,5742368.45,257631.55,4.29,Linear Regression
PROP-80E42E6F1ED4,Pune,Warje,4500000,3558452.08,941547.92,20.92,Linear Regression
PROP-76C893345A7E,Pune,Kesnand,4200000,4572051.96,372051.96,8.86,Linear Regression
PROP-EA1738BE4410,Mumbai,Dahisar West,7200000,7293877.01,93877.01,1.3,Linear Regression
PROP-8D3F3E26EFF7,Pune,Jambhulwadi,2500000,2236853.72,263146.28,10.53,Linear Regression
PROP-4BB2A5544384,Mumbai,Mira Road East,17000000,15803631.39,1196368.61,7.04,Linear Regression
PROP-609277D71A22,Pune,Mangadewadi,6000000,4486683.48,1513316.52,25.22,Linear Regression
PROP-7AD56FD2714E,Mumbai,Virar West,3700000,3658265.25,41734.75,1.13,Linear Regression
PROP-6C7CB462CBA6,Mumbai,Dahisar West,8500000,9227763.39,727763.39,8.56,Linear Regression
PROP-5FE0FAB23EE7,Pune,Jambhul,3200000,3618006.2,418006.2,13.06,Linear Regression
PROP-AC550DA8A89F,Pune,Vadhu Budruk,1450000,1358002.65,91997.35,6.34,Linear Regression
PROP-847C3C0603B5,Mumbai,Vasai West,5950000,6488972.12,538972.12,9.06,Linear Regression
PROP-16021330F472,Kolkata,Bhatpara,3900000,5350115.06,1450115.06,37.18,Linear Regression
PROP-845AFB3474FA,Kolkata,Basina,2800000,3859540.65,1059540.65,37.84,Linear Regression
PROP-750ECC26561A,Pune,Wadaki,1510000,1360715.16,149284.84,9.89,Linear Regression
PROP-AF4A80740D13,Kolkata,Dum Dum,8000000,5395012.34,2604987.66,32.56,Linear Regression
PROP-80DB941AB84B,Pune,Pashan,3500000,2791540.02,708459.98,20.24,Linear Regression
PROP-F7996C67C809,Kolkata,Purba Barisha,2300000,3088970.62,788970.62,34.3,Linear Regression
PROP-D6496F234E61,Mumbai,Nalasopara West,4818000,5095635.7,277635.7,5.76,Linear Regression
PROP-315C8B76C4BC,Mumbai,Kandivali West,14000000,17111457.07,3111457.07,22.22,Linear Regression
PROP-793B2AF0FE27,Kolkata,Mahheshtala,3400000,3971910.24,571910.24,16.82,Linear Regression
PROP-E50E6A24D421,Kolkata,Duttapukur,3000000,7983347.41,4983347.41,166.11,Linear Regression
PROP-502C690C434F,Kolkata,Purba Barisha,11000000,8472501.94,2527498.06,22.98,Linear Regression
PROP-7B0BB392FB77,Kolkata,Netaji Nagar,2200000,3042990.7,842990.7,38.32,Linear Regression
PROP-F7B707A8DFBC,Pune,Kasarwadi,5200000,5009275.25,190724.75,3.67,Linear Regression
PROP-6907678B6015,Kolkata,Shibrampur Mauza,3000000,3477817.85,477817.85,15.93,Linear Regression
PROP-387B92C9041D,Kolkata,Rajarhat,2500000,3936351.82,1436351.82,57.45,Linear Regression
PROP-CEE6E85DD994,Mumbai,Virar West,4100000,4339860.26,239860.26,5.85,Linear Regression
PROP-589E7C63A76B,Pune,Kasarwadi,6500000,5522585.0,977415.0,15.04,Linear Regression
PROP-1E1E7036816A,Kolkata,Baranagar,1600000,2506186.26,906186.26,56.64,Linear Regression
PROP-907A509B10C1,Pune,Shukrawar Peth,10200000,11148582.11,948582.11,9.3,Linear Regression
PROP-4C19F5E71DF3,Mumbai,Borivali West,32500000,26838906.86,5661093.14,17.42,Linear Regression
PROP-95DEF2676027,Kolkata,Nabapally,1500000,3839451.15,2339451.15,155.96,Linear Regression
PROP-3766FB7A0814,Mumbai,Virar East,4000000,3520066.79,479933.21,12.0,Linear Regression
PROP-7EDD60F485BC,Mumbai,Andheri East,18000000,14275029.59,3724970.41,20.69,Linear Regression
PROP-4A9CF07A6040,Pune,Moshi,5700000,5011276.92,688723.08,12.08,Linear Regression
PROP-3E2507834883,Kolkata,Barrackpore,7000000,6870731.18,129268.82,1.85,Linear Regression
PROP-D40DABF9D212,Pune,Uruli Devachi,3500000,2848082.64,651917.36,18.63,Linear Regression
PROP-C9A9AE8D102C,Mumbai,Kandivali East,12100000,9273309.26,2826690.74,23.36,Linear Regression
PROP-6100B7C5311D,Kolkata,Rajarhat,3200000,4176654.9,976654.9,30.52,Linear Regression
PROP-3DB4AC2481FA,Mumbai,Chembur,19500000,14166695.0,5333305.0,27.35,Linear Regression
PROP-B2A1B4C6C6EC,Kolkata,New Town,8000000,5028869.06,2971130.94,37.14,Linear Regression
PROP-F05C6E8A0DBE,Kolkata,Deshbandhu Nagar,6300000,5181178.22,1118821.78,17.76,Linear Regression
PROP-F15549A718FE,Kolkata,Budge Budge,3000000,4482065.55,1482065.55,49.4,Linear Regression
PROP-B82F1CAF98A5,Kolkata,Boral,5700000,5656225.74,43774.26,0.77,Linear Regression
PROP-5DA266EDC1F8,Pune,Pashan,4700000,3660032.06,1039967.94,22.13,Linear Regression
PROP-660764886262,Mumbai,Borivali West,30000000,26338492.87,3661507.13,12.21,Linear Regression
PROP-CB5E401C3432,Pune,Koregaon Park,10000000,3989958.59,6010041.41,60.1,Linear Regression
PROP-1847807A5660,Pune,Talegaon Dabhade,11000000,10932915.61,67084.39,0.61,Linear Regression
PROP-04EEA0E2FB57,Kolkata,Maniktala,10000000,6249490.18,3750509.82,37.51,Linear Regression
PROP-2109AB057B1C,Mumbai,Andheri West,10000000,9115471.89,884528.11,8.85,Linear Regression
PROP-4F3E18350F77,Pune,Narhe,3550000,3300583.89,249416.11,7.03,Linear Regression
PROP-EB4514BFA1ED,Mumbai,Dahisar West,15000000,23029484.15,8029484.15,53.53,Linear Regression
PROP-4F693CD6B6D3,Pune,Koregaon Bhima,2400000,2242599.78,157400.22,6.56,Linear Regression
PROP-13C20CD8D767,Pune,Kharadi,6000000,5833390.21,166609.79,2.78,Linear Regression
PROP-8E42F2D1DD13,Pune,Pirangut,3500000,3285531.68,214468.32,6.13,Linear Regression
PROP-EB6104A92CE3,Pune,Baner,23000000,15878467.87,7121532.13,30.96,Linear Regression
PROP-24154292A436,Hyderabad,Puppalaguda,13000000,10957030.47,2042969.53,15.72,Linear Regression
PROP-87ABCA4FA53C,Pune,Hadapsar,13500000,12247262.45,1252737.55,9.28,Linear Regression
PROP-4B48009115F2,Hyderabad,Gopanapalli,6200000,7158079.94,958079.94,15.45,Linear Regression
PROP-E7910EFD91D4,Pune,Pashan,15900000,16778466.46,878466.46,5.52,Linear Regression
PROP-A61A28C277F3,Hyderabad,Miyapur,9700000,8421265.4,1278734.6,13.18,Linear Regression
PROP-D827EBCF7D0C,Pune,Rasta Peth,8000000,7292936.9,707063.1,8.84,Linear Regression
PROP-0871D498BB60,Pune,Talegaon Dabhade,2200000,2218837.16,18837.16,0.86,Linear Regression
PROP-88DC05B42C1C,Hyderabad,Nanakaramguda,14000000,11424778.34,2575221.66,18.39,Linear Regression
PROP-310712061ED0,Pune,Lohegaon,4000000,2977331.48,1022668.52,25.57,Linear Regression
PROP-B8DD9A06B33B,Pune,Kiwale,5500000,4955111.8,544888.2,9.91,Linear Regression
PROP-E4D32FF2875D,Pune,Chakan,2200000,2033427.3,166572.7,7.57,Linear Regression
PROP-A6A322503CBB,Pune,Hadapsar,3500000,3663210.16,163210.16,4.66,Linear Regression
PROP-C33524FA20FF,Hyderabad,Premavathi Pet,7000000,7438135.5,438135.5,6.26,Linear Regression
PROP-2AFD53165886,Pune,Wakad,8700000,8403627.46,296372.54,3.41,Linear Regression
PROP-00C747214BC5,Hyderabad,Rajendra Nagar,3600000,4650753.57,1050753.57,29.19,Linear Regression
PROP-46CF13FC01CF,Hyderabad,Serilingampally,20000000,11336706.35,8663293.65,43.32,Linear Regression
PROP-DF84F81DDF70,Hyderabad,Kompally,17200000,13464251.54,3735748.46,21.72,Linear Regression
PROP-54221A1FB721,Pune,Uruli Kanchan,3500000,3008022.68,491977.32,14.06,Linear Regression
PROP-7896941911A0,Hyderabad,Bolarum,12500000,10166328.7,2333671.3,18.67,Linear Regression
PROP-ED994D4402A7,Hyderabad,Manchirevula,19000000,16183169.72,2816830.28,14.83,Linear Regression
PROP-7B308373CB2F,Hyderabad,Budvel,5400000,8613037.83,3213037.83,59.5,Linear Regression
PROP-CE56A30AF6BB,Pune,Mundhwa,4300000,4231995.14,68004.86,1.58,Linear Regression
PROP-DBB80D842E7D,Hyderabad,Pragathi Nagar,9900000,8726899.7,1173100.3,11.85,Linear Regression
PROP-03ADB728CCBD,Kolkata,Paschim Putiary,1600000,3250617.86,1650617.86,103.16,Linear Regression
PROP-11F0D7C2DA9A,Pune,Kondhwa Budruk,2800000,2451479.63,348520.37,12.45,Linear Regression
PROP-C87B5AC627F5,Hyderabad,Kondapur,21300000,16040785.65,5259214.35,24.69,Linear Regression
PROP-A6DEE08F539C,Pune,Ambegaon Pathar,2190000,2216392.82,26392.82,1.21,Linear Regression
PROP-388F1785A2FB,Pune,Pisoli,5000000,4669842.62,330157.38,6.6,Linear Regression
PROP-0F626108ABFA,Pune,Ashok Nagar,16000000,9280209.41,6719790.59,42.0,Linear Regression
PROP-8774CB8D5957,Pune,Talegaon Dabhade,13700000,13473940.42,226059.58,1.65,Linear Regression
PROP-19434463DFB3,Mumbai,Malad West,27500000,33190116.61,5690116.61,20.69,Linear Regression
PROP-92AC7D5C7E18,Mumbai,Vasai East,5000000,6954434.52,1954434.52,39.09,Linear Regression
PROP-CF37E21D04F0,Hyderabad,Banjara Hills,55000000,14371172.71,40628827.29,73.87,Linear Regression
PROP-9DB4B5C4CD17,Pune,Dhankawadi,700000,1143835.78,443835.78,63.41,Linear Regression
PROP-8803A37018B1,Pune,Loni Kalbhor,3500000,3319440.49,180559.51,5.16,Linear Regression
PROP-253D51BD96B1,Pune,Hadapsar,11000000,10130521.86,869478.14,7.9,Linear Regression
PROP-D53FF51A19B7,Pune,Nerhe,30000000,25440851.64,4559148.36,15.2,Linear Regression
PROP-7C5DABD0826B,Hyderabad,Mallampet,3200000,7056248.44,3856248.44,120.51,Linear Regression
PROP-A3297A74B9DC,Pune,Nanded,1700000,1417157.15,282842.85,16.64,Linear Regression
PROP-7C0F5916B95F,Pune,Shiraswadi,1500000,1272002.25,227997.75,15.2,Linear Regression
PROP-96DBAC41CB52,Pune,Shiraswadi,1500000,1212716.64,287283.36,19.15,Linear Regression
PROP-A6E0D427219E,Hyderabad,Nagole,7200000,7895090.97,695090.97,9.65,Linear Regression
PROP-C6B03F338B5E,Hyderabad,Quthbullapur,6900000,9184879.42,2284879.42,33.11,Linear Regression
PROP-9E3F60C7588B,Pune,Sangamvadi,1000000,903461.87,96538.13,9.65,Linear Regression
PROP-31679F275D75,Pune,Erandwane,1500000,2096207.04,596207.04,39.75,Linear Regression
PROP-9378D7A8A632,Pune,Keshav Nagar,5999000,5115452.78,883547.22,14.73,Linear Regression
PROP-20AA8B170055,Hyderabad,Amberpet,5500000,6962938.59,1462938.59,26.6,Linear Regression
PROP-F90DDB11F733,Pune,Hinjewadi Phase 3,6500000,6945211.1,445211.1,6.85,Linear Regression
PROP-BBA6EBC53C91,Hyderabad,Uppal,7950000,8644328.78,694328.78,8.73,Linear Regression
PROP-AE2E29BA40BB,Pune,Bavdhan,5500000,4285477.0,1214523.0,22.08,Linear Regression
PROP-D38D0DDA5D09,Pune,Handewadi,3400000,2959135.05,440864.95,12.97,Linear Regression
PROP-FD652FFB4F9C,Hyderabad,Kondapur,13500000,10479647.49,3020352.51,22.37,Linear Regression
PROP-CD469FF62FA5,Pune,Bhosari,6500000,5318785.72,1181214.28,18.17,Linear Regression
PROP-FFAE46A73578,Mumbai,Ghatkopar West,11500000,9981983.31,1518016.69,13.2,Linear Regression
PROP-88B5AEDD194D,Pune,Shivane,2400000,2585583.69,185583.69,7.73,Linear Regression
PROP-33CD1A49D8E0,Kolkata,Baguiati,2800000,3400291.09,600291.09,21.44,Linear Regression
PROP-780707846E25,Pune,Devadi,2300000,2267998.58,32001.42,1.39,Linear Regression
PROP-BBEA5368ECC7,Mumbai,Bhayandar East,3200000,2426321.76,773678.24,24.18,Linear Regression
PROP-7F01B92C9812,Kolkata,Bansdroni,6000000,4708309.85,1291690.15,21.53,Linear Regression
PROP-72952F57BFFE,Mumbai,Nalasopara East,950000,971037.13,21037.13,2.21,Linear Regression
PROP-9E49FF7E4D72,Pune,Sadashiv Peth,25000000,23326156.14,1673843.86,6.7,Linear Regression
PROP-2110474BD272,Pune,Yavat,110000,108269.52,1730.48,1.57,Linear Regression
PROP-12FDBB03E59C,Mumbai,Sakinaka,6500000,7326644.0,826644.0,12.72,Linear Regression
PROP-DEAFF19DE094,Pune,Loni Kalbhor,1700000,1728065.66,28065.66,1.65,Linear Regression
PROP-A521F261A71C,Pune,Talegaon Dabhade,4600000,4268556.81,331443.19,7.21,Linear Regression
PROP-01B05663286A,Kolkata,Rajpur,3000000,3996555.21,996555.21,33.22,Linear Regression
PROP-7FC5588EC66C,Mumbai,Vasai East,2600000,4444104.21,1844104.21,70.93,Linear Regression
PROP-FEAA13AEC306,Kolkata,Keshtopur,3500000,4607753.03,1107753.03,31.65,Linear Regression
PROP-A80ACD01FC70,Kolkata,Barasat,3500000,3696102.81,196102.81,5.6,Linear Regression
PROP-7C7AF926F6C1,Mumbai,Prabhadevi,11500000,13433411.88,1933411.88,16.81,Linear Regression
PROP-0742443934EF,Mumbai,Andheri West,250000000,105817090.32,144182909.68,57.67,Linear Regression
PROP-63DB1A5B60D8,Pune,Dattavadi,1500000,1598007.85,98007.85,6.53,Linear Regression
PROP-4B2549EF722A,Mumbai,Bandra East,20000000,11420454.27,8579545.73,42.9,Linear Regression
PROP-721F895B8638,Pune,Ambegaon,12000000,11183757.85,816242.15,6.8,Linear Regression
PROP-1FCFCCAB8EEB,Mumbai,Nalasopara East,2500000,1968212.84,531787.16,21.27,Linear Regression
PROP-118237D9D08E,Mumbai,Andheri East,12000000,12749448.32,749448.32,6.25,Linear Regression
PROP-6FAA2C38D44C,Mumbai,Parel,9500000,7880960.33,1619039.67,17.04,Linear Regression
PROP-99F64FE80A22,Mumbai,Chembur,16000000,12981301.51,3018698.49,18.87,Linear Regression
PROP-278D6490D8E5,Kolkata,Keshtopur,6000000,5077562.81,922437.19,15.37,Linear Regression
PROP-FB614926CFFD,Pune,Mahalunge Ingale,3575000,3401267.45,173732.55,4.86,Linear Regression
PROP-B44F3F1BBFF4,Pune,Shivane,4000000,4305629.35,305629.35,7.64,Linear Regression
PROP-5116444533B7,Kolkata,Kamardanga,4000000,3831228.57,168771.43,4.22,Linear Regression
PROP-C9479D13BD55,Kolkata,Santoshpur,6500000,4886503.91,1613496.09,24.82,Linear Regression
PROP-AF61F6BFC27A,Mumbai,Wadala East,12500000,7798067.48,4701932.52,37.62,Linear Regression
PROP-FF1A9E746497,Kolkata,Lake Gardens,4200000,4208610.94,8610.94,0.21,Linear Regression
PROP-38BB3060ABC8,Kolkata,Mahheshtala,3000000,3691910.6,691910.6,23.06,Linear Regression
PROP-016AF95DA081,Mumbai,Juhu,4500000,4813105.05,313105.05,6.96,Linear Regression
PROP-266F88574844,Mumbai,Bhandup West,3000000,2679179.19,320820.81,10.69,Linear Regression
PROP-7B206A4DC723,Mumbai,Matunga East,20000000,11646754.02,8353245.98,41.77,Linear Regression
PROP-B9BD22FD44F3,Pune,Fursungi,1250000,1114492.3,135507.7,10.84,Linear Regression
PROP-0A6D232A3059,Mumbai,Vikhroli East,7000000,4297324.23,2702675.77,38.61,Linear Regression
PROP-0C7BB1F1CD94,Pune,Vadgaon,2100000,1440243.31,659756.69,31.42,Linear Regression
PROP-9756711B0F5B,Pune,Baramati,1200000,1081032.15,118967.85,9.91,Linear Regression
PROP-D7694BA0985D,Mumbai,Govandi,1600000,3568823.37,1968823.37,123.05,Linear Regression
PROP-6891D0BC5DA2,Mumbai,Kurla West,7000000,5972556.85,1027443.15,14.68,Linear Regression
PROP-42F89BCF7CD3,Mumbai,Goregaon West,8600000,7210538.75,1389461.25,16.16,Linear Regression
PROP-0439761DB2A6,Mumbai,Chembur,400000,408733.71,8733.71,2.18,Linear Regression
PROP-4017B6DAB7F7,Mumbai,Kandivali West,46500000,52175303.56,5675303.56,12.2,Linear Regression
PROP-058A687B2D6E,Kolkata,Tollygunge,2600000,3514392.46,914392.46,35.17,Linear Regression
PROP-0AE7ADF42C0E,Kolkata,Bhowanipore,85000000,16650132.7,68349867.3,80.41,Linear Regression
PROP-7CDB8D9895ED,Kolkata,Golf Green,20000000,5762586.81,14237413.19,71.19,Linear Regression
PROP-15C39A1AF935,Kolkata,Madhyamgram,15000000,5855590.72,9144409.28,60.96,Linear Regression
PROP-537E90F3410A,Pune,Kalewadi,1400000,1246213.47,153786.53,10.98,Linear Regression
PROP-5A6D410DA311,Pune,Pimpri,8500000,12646061.53,4146061.53,48.78,Linear Regression
PROP-7796FCDA5A24,Pune,Shivane,3900000,3983209.04,83209.04,2.13,Linear Regression
PROP-EA34CB368FA7,Pune,Hingne Khurd,4300000,2965369.61,1334630.39,31.04,Linear Regression
PROP-3379FC13E4D8,Kolkata,Mukundapur,10000000,8200741.78,1799258.22,17.99,Linear Regression
PROP-710C345E87A3,Kolkata,New Barrakpur,3250000,3371593.13,121593.13,3.74,Linear Regression
PROP-7194B6E81329,Pune,Somwar Peth,6000000,5524855.27,475144.73,7.92,Linear Regression
PROP-D4977CFD05A1,Mumbai,Kandivali West,11300000,13454059.8,2154059.8,19.06,Linear Regression
PROP-89F54F900D90,Kolkata,Barrackpore,3700000,3735114.95,35114.95,0.95,Linear Regression
PROP-A96EBD09271C,Mumbai,Ghatkopar East,5500000,7714788.71,2214788.71,40.27,Linear Regression
PROP-9D62B8EDCC70,Pune,Manjari Budruk,8000000,6587161.05,1412838.95,17.66,Linear Regression
PROP-BDE7DC2AF985,Pune,Hinjewadi,4200000,3472290.96,727709.04,17.33,Linear Regression
PROP-83001A7C36FF,Kolkata,Kaikhali,5200000,4554646.6,645353.4,12.41,Linear Regression
PROP-75722758C510,Kolkata,Kankurgachi,16500000,7748777.73,8751222.27,53.04,Linear Regression
PROP-61FF2F93A3CD,Kolkata,Nayabad,3400000,3798841.93,398841.93,11.73,Linear Regression
PROP-6271B5488588,Kolkata,Thakurpukur,5166000,4987373.59,178626.41,3.46,Linear Regression
PROP-425DCDCE91C2,Pune,Marunji,8000000,7173423.7,826576.3,10.33,Linear Regression
PROP-730DC06A9CCE,Kolkata,Baguiati,1500000,3001944.85,1501944.85,100.13,Linear Regression
PROP-555491FD3FCD,Mumbai,Mira Road East,9500000,7494770.96,2005229.04,21.11,Linear Regression
PROP-D6B58BE3DF0B,Mumbai,Andheri West,17500000,13238410.68,4261589.32,24.35,Linear Regression
PROP-AFA257101EFB,Kolkata,Cossipore,4200000,4279231.31,79231.31,1.89,Linear Regression
PROP-76765FC38F02,Pune,Warje,9000000,11846197.74,2846197.74,31.62,Linear Regression
PROP-0106C21B749E,Pune,Katraj,3800000,3659239.62,140760.38,3.7,Linear Regression
PROP-55172BF0F63D,Mumbai,Goregaon East,4500000,3257844.24,1242155.76,27.6,Linear Regression
PROP-326F45DBC99C,Kolkata,Kalikapur,8600000,5808036.64,2791963.36,32.46,Linear Regression
PROP-1E838D085F6F,Pune,Dighi,5500000,5324758.52,175241.48,3.19,Linear Regression
PROP-4EA0AA3AB741,Pune,Bopkhel,2300000,1998705.47,301294.53,13.1,Linear Regression
PROP-5936E04205C5,Kolkata,Sonarpur,3300000,3366841.53,66841.53,2.03,Linear Regression
PROP-A9B943EC9EA4,Pune,Pimpri,2700000,2739941.21,39941.21,1.48,Linear Regression
PROP-42821E39A628,Mumbai,Wadala,11000000,7457608.79,3542391.21,32.2,Linear Regression
PROP-7D37AEF99654,Mumbai,Mulund East,7000000,6228016.32,771983.68,11.03,Linear Regression
PROP-F262CC41FA39,Kolkata,Harinavi,2600000,3619161.54,1019161.54,39.2,Linear Regression
PROP-31D90E7BF593,Kolkata,Malancha Mahi Nagar,1550000,2589837.43,1039837.43,67.09,Linear Regression
PROP-CBE29C6C9AF3,Kolkata,Narkeldanga,5400000,4065282.23,1334717.77,24.72,Linear Regression
PROP-E403F296391B,Kolkata,Sodepur,2500000,3822062.22,1322062.22,52.88,Linear Regression
PROP-FC8585E65185,Pune,Dattavadi,10000000,9328690.05,671309.95,6.71,Linear Regression
PROP-73FBF94E1A0B,Pune,Narhe,4600000,5244695.67,644695.67,14.02,Linear Regression
PROP-E9674CEE8F9A,Kolkata,Pansila,2400000,3921646.58,1521646.58,63.4,Linear Regression
PROP-3B2BA9B92CA4,Mumbai,Lower Parel,95000000,88797696.94,6202303.06,6.53,Linear Regression
PROP-8B92C2A78410,Pune,Camp,8500000,8705730.38,205730.38,2.42,Linear Regression
PROP-F81E9C4EF252,Kolkata,Dum Dum Cantonment,2450000,3139864.12,689864.12,28.16,Linear Regression
PROP-F675B01C5A44,Mumbai,Virar West,1600000,1888722.26,288722.26,18.05,Linear Regression
PROP-FA196D3E6144,Kolkata,Netaji Nagar,3200000,3165471.66,34528.34,1.08,Linear Regression
PROP-04FB665A65BF,Kolkata,Bansdroni,6500000,4753028.55,1746971.45,26.88,Linear Regression
PROP-298DAD00551B,Pune,Bopodi,6500000,4525675.68,1974324.32,30.37,Linear Regression
PROP-21151A7BC1BB,Pune,Talegaon Dabhade,3500000,3136548.13,363451.87,10.38,Linear Regression
PROP-286C4F25648C,Mumbai,Virar West,2751000,3509296.27,758296.27,27.56,Linear Regression
PROP-05F1E0BA42EF,Kolkata,Patipukur,5000000,3568045.77,1431954.23,28.64,Linear Regression
PROP-7EE2E46DC5A3,Kolkata,Baguiati,2500000,3458541.18,958541.18,38.34,Linear Regression
PROP-A9F84DEE3C47,Mumbai,Mira Road East,7400000,5760375.52,1639624.48,22.16,Linear Regression
PROP-5D81268902FC,Kolkata,Baghajatin,3470000,3757146.37,287146.37,8.28,Linear Regression
PROP-5986FBD469E6,Pune,Yewalewadi,1000000,1004579.34,4579.34,0.46,Linear Regression
PROP-3A858C150400,Mumbai,Andheri East,6800000,5296714.03,1503285.97,22.11,Linear Regression
PROP-09AAA95AA81F,Pune,Talegaon Dabhade,2200000,1871381.46,328618.54,14.94,Linear Regression
PROP-19C5FCADB8CA,Mumbai,Mahim,32500000,32134338.3,365661.7,1.13,Linear Regression
PROP-E77C161084C2,Mumbai,Mulund West,24500000,25919978.54,1419978.54,5.8,Linear Regression
PROP-448DCAAA9E39,Pune,Katraj,4500000,4164841.12,335158.88,7.45,Linear Regression
PROP-A3E21F233FE8,Kolkata,Ganguly Bagan,3500000,4183299.94,683299.94,19.52,Linear Regression
PROP-0A6B581765A0,Pune,Wanwadi,4500000,4827232.82,327232.82,7.27,Linear Regression
PROP-B954D99F42CE,Pune,Chinchwad,2500000,3435178.45,935178.45,37.41,Linear Regression
PROP-F3E24227604A,Kolkata,Narendrapur,1700000,2973733.74,1273733.74,74.93,Linear Regression
PROP-7168908E54AA,Mumbai,Dahisar East,7600000,8889591.95,1289591.95,16.97,Linear Regression
PROP-273FC454F368,Mumbai,Virar West,4000000,4702687.3,702687.3,17.57,Linear Regression
PROP-E22099E55076,Pune,Dhankawadi,2500000,3010145.83,510145.83,20.41,Linear Regression
PROP-8A8505709A6E,Kolkata,Dakshineswar,2200000,3223255.91,1023255.91,46.51,Linear Regression
PROP-5F8D36A9FDE4,Pune,Dighi,5300000,5266033.7,33966.3,0.64,Linear Regression
PROP-CB49AFF2C003,Pune,Manjari Budruk,4800000,4050389.8,749610.2,15.62,Linear Regression
PROP-9DE91BFA2CB4,Kolkata,Dum Dum Cantonment,1900000,2839605.45,939605.45,49.45,Linear Regression
PROP-72693FD3DEE9,Kolkata,Nayabad,6500000,4543301.42,1956698.58,30.1,Linear Regression
PROP-578D46E2FDC3,Mumbai,Malad East,10800000,10489418.26,310581.74,2.88,Linear Regression
PROP-F2195BC4ACCD,Kolkata,Deshbandhu Nagar,2850000,4028677.46,1178677.46,41.36,Linear Regression
PROP-95046668863D,Pune,Undri,8500000,6417572.1,2082427.9,24.5,Linear Regression
PROP-2C507A5A2B1E,Pune,Talegaon Dhamdhere,1500000,1231334.99,268665.01,17.91,Linear Regression
PROP-DA034220CC71,Bengaluru,Banashankari,5000000,3970712.51,1029287.49,20.59,Linear Regression
PROP-3D51C97BBCD5,Pune,Aundh,10500000,9780859.12,719140.88,6.85,Linear Regression
PROP-FB3F6A212ECF,Hyderabad,Thumukunta,4000000,5952455.22,1952455.22,48.81,Linear Regression
PROP-35F65A0B1111,Hyderabad,Nizampet,5500000,7604184.07,2104184.07,38.26,Linear Regression
PROP-5425F574E202,Delhi,Sewak Park,5100000,5113420.03,13420.03,0.26,Linear Regression
PROP-6037F97E910C,Hyderabad,Serilingampally,55000000,18001731.57,36998268.43,67.27,Linear Regression
PROP-C2512136CBF0,Pune,Aambethan,2350000,2166454.27,183545.73,7.81,Linear Regression
PROP-7BA6A399609D,Pune,Baner,3500000,2681806.9,818193.1,23.38,Linear Regression
PROP-71D33633B538,Hyderabad,Pocharam,4500000,6954204.15,2454204.15,54.54,Linear Regression
PROP-C9CE17A43EF6,Bengaluru,Wilson Garden,14500000,11964701.31,2535298.69,17.48,Linear Regression
PROP-A2769CBFEFBC,Delhi,Kondli,8000000,12235210.53,4235210.53,52.94,Linear Regression
PROP-00CB62F9CA48,Pune,Kesnand,1550000,1663633.24,113633.24,7.33,Linear Regression
PROP-BC7DC907F3C0,Hyderabad,Kompally,10500000,9917436.58,582563.42,5.55,Linear Regression
PROP-D77D9222A2C0,Pune,Talwade,4800000,5938950.69,1138950.69,23.73,Linear Regression
PROP-8FDF18914555,Pune,Wakhari,1600000,1803644.28,203644.28,12.73,Linear Regression
PROP-8AE55DE0D0F6,Delhi,Preet Vihar,24500000,33662681.21,9162681.21,37.4,Linear Regression
PROP-7C347C5A02BA,Hyderabad,Kapra,12000000,12088369.81,88369.81,0.74,Linear Regression
PROP-FFF28A341052,Hyderabad,Aminpur,29000000,16360375.34,12639624.66,43.58,Linear Regression
PROP-6BD74555B6F6,Bengaluru,Konanakunte,17500000,12265508.19,5234491.81,29.91,Linear Regression
PROP-B9B30C368E06,Bengaluru,Banashankari,654000,539254.87,114745.13,17.55,Linear Regression
PROP-75A82EA10DF0,Bengaluru,Attibele,21500000,18835304.24,2664695.76,12.39,Linear Regression
PROP-308497C5C8A9,Hyderabad,Hayathnagar,6800000,8047988.58,1247988.58,18.35,Linear Regression
PROP-FA7F37B350E3,Pune,Ambegaon Pathar,2900000,2918797.03,18797.03,0.65,Linear Regression
PROP-C69B5907EBA1,Pune,Ambegaon,6900000,9548025.55,2648025.55,38.38,Linear Regression
PROP-FF12DC411AD0,Pune,Bavdhan,14000000,10876059.13,3123940.87,22.31,Linear Regression
PROP-85C11484F5B4,Pune,Lohegaon,4000000,3009256.78,990743.22,24.77,Linear Regression
PROP-FE73164F12FA,Pune,Pimple Saudagar,9800000,8921672.79,878327.21,8.96,Linear Regression
PROP-CA1E3B26429C,Delhi,Sector 22 Dwarka,29000000,21882103.3,7117896.7,24.54,Linear Regression
PROP-929CCBA54C0C,Pune,Pimpri,3100000,2877653.16,222346.84,7.17,Linear Regression
PROP-6401AE87242B,Hyderabad,Gajularamaram,16100000,9423141.93,6676858.07,41.47,Linear Regression
PROP-0461D7695030,Pune,Bhamboli,1800000,1763858.98,36141.02,2.01,Linear Regression
PROP-9989B466FF80,Pune,Hinjewadi Phase 3,7000000,7478680.66,478680.66,6.84,Linear Regression
PROP-271439694061,Pune,Shivane,10500000,7540479.12,2959520.88,28.19,Linear Regression
PROP-647380B6C56C,Pune,Kothrud,52500000,42176581.65,10323418.35,19.66,Linear Regression
PROP-DEBF324D5004,Hyderabad,Kompally,15000000,9535563.83,5464436.17,36.43,Linear Regression
PROP-036A40B27112,Pune,Dhankawadi,3000000,3246106.85,246106.85,8.2,Linear Regression
PROP-F950302AB7E9,Pune,Wagholi,3200000,2933131.41,266868.59,8.34,Linear Regression
PROP-F0A15FB127E7,Pune,Kondhwa,10000000,8516920.8,1483079.2,14.83,Linear Regression
PROP-3FE3BA248FEA,Pune,Kondhwa,7000000,5377889.78,1622110.22,23.17,Linear Regression
PROP-17323089F8DE,Pune,Pimple Saudagar,8800000,8759026.03,40973.97,0.47,Linear Regression
PROP-FDC8E906723F,Pune,Sadashiv Peth,15000000,14878225.5,121774.5,0.81,Linear Regression
PROP-566EE7A10F14,Pune,Wanowrie,32500000,20599786.94,11900213.06,36.62,Linear Regression
PROP-780710815F2E,Pune,Sadashiv Peth,11500000,9598768.04,1901231.96,16.53,Linear Regression
PROP-F631F6B18734,Hyderabad,Gachibowli,15000000,13598500.24,1401499.76,9.34,Linear Regression
PROP-0C3C607B71D0,Pune,Ambegaon Pathar,2800000,2488481.85,311518.15,11.13,Linear Regression
PROP-CF3A7A042C95,Bengaluru,Bommanahalli,2500000,1806373.19,693626.81,27.75,Linear Regression
PROP-450D76B79792,Delhi,Sector 7 Dwarka,8500000,6200585.52,2299414.48,27.05,Linear Regression
PROP-A4953794C080,Delhi,Sector 17 Dwarka,9000000,7845285.89,1154714.11,12.83,Linear Regression
PROP-1263EACFBBB4,Delhi,Sector 3 Dwarka,2000000,1488294.08,511705.92,25.59,Linear Regression
PROP-5CDF7CDCFC90,Pune,Mundhwa,9000000,9579290.3,579290.3,6.44,Linear Regression
PROP-2AEA9790CCFD,Delhi,Kalkaji Extension,16000000,14578271.7,1421728.3,8.89,Linear Regression
PROP-D8BB0CAA2680,Bengaluru,Yemalur,60000000,77584256.67,17584256.67,29.31,Linear Regression
PROP-12E3ACA23BD5,Pune,Bhosari,3900000,2993453.1,906546.9,23.24,Linear Regression
PROP-5AFE12F0A193,Pune,Rahatani,4600000,4081936.25,518063.75,11.26,Linear Regression
PROP-C42A1815C2F3,Bengaluru,Kaggadasapura,6500000,7511609.37,1011609.37,15.56,Linear Regression
PROP-190B7101B2E9,Bengaluru,Mathikere,21000000,14310321.66,6689678.34,31.86,Linear Regression
PROP-DA8F1BBCE7D0,Pune,Dattavadi,6250000,5239960.2,1010039.8,16.16,Linear Regression
PROP-AEEF4274B3F6,Bengaluru,Kaggadasapura,27500000,22601449.5,4898550.5,17.81,Linear Regression
PROP-1564DBA664BF,Pune,Bhukum,8000000,7252405.28,747594.72,9.34,Linear Regression
PROP-25A47C5422A8,Bengaluru,Nelamangala,2628000,4236457.82,1608457.82,61.2,Linear Regression
PROP-9B239F57D201,Pune,Wakad,8000000,7902659.28,97340.72,1.22,Linear Regression
PROP-8B2A712FC0B7,Bengaluru,Begur,6400000,4686755.84,1713244.16,26.77,Linear Regression
PROP-EE337B8241A9,Pune,Rasta Peth,9000000,7740555.06,1259444.94,13.99,Linear Regression
PROP-FD5D56218C91,Bengaluru,Kaval Bairasandra,3700000,3362269.75,337730.25,9.13,Linear Regression
PROP-6862CB4AAFCB,Delhi,Bharthal,2800000,2174209.32,625790.68,22.35,Linear Regression
PROP-641E8BBFBD42,Bengaluru,Wilson Garden,720000,1954241.85,1234241.85,171.42,Linear Regression
PROP-F546062541DD,Pune,Handewadi,2200000,2029457.49,170542.51,7.75,Linear Regression
PROP-ED9683068995,Pune,Hadapsar,1700000,1808762.88,108762.88,6.4,Linear Regression
PROP-840B09AFF58E,Pune,Charholi Budruk,3300000,2752572.41,547427.59,16.59,Linear Regression
PROP-4BC98CE96981,Bengaluru,Ramamurthy Nagar,400000,1090586.66,690586.66,172.65,Linear Regression
PROP-18EC0DBB243E,Bengaluru,Bapuji Nagar,9000000,9644987.25,644987.25,7.17,Linear Regression
PROP-EC919E79045E,Bengaluru,Channapatna,6300000,7982991.41,1682991.41,26.71,Linear Regression
PROP-092D9847A913,Pune,Talegaon Dabhade,3000000,3259231.74,259231.74,8.64,Linear Regression
PROP-4D48508B7131,Pune,Jambhul,1700000,1652903.57,47096.43,2.77,Linear Regression
PROP-E6F1771E30F8,Pune,Hadapsar,1875000,1977298.65,102298.65,5.46,Linear Regression
PROP-B36B54E3592B,Pune,Nerhe,3000000,3216087.7,216087.7,7.2,Linear Regression
PROP-75A87272C6C3,Pune,Hadapsar,6800000,4626251.57,2173748.43,31.97,Linear Regression
PROP-4ED736EAB511,Bengaluru,Dasanapura,3900000,3832718.94,67281.06,1.73,Linear Regression
PROP-564680D9FB1C,Bengaluru,Seegehalli,15000000,14425549.89,574450.11,3.83,Linear Regression
PROP-021F335D0215,Bengaluru,Jayanagar West,20000000,17742088.66,2257911.34,11.29,Linear Regression
PROP-6D5238F843B1,Pune,Lavasa,9500000,11124168.85,1624168.85,17.1,Linear Regression
PROP-C63DE5A371D4,Pune,Katraj,4000000,3788039.46,211960.54,5.3,Linear Regression
PROP-2598404F5915,Bengaluru,Chamrajpet,11000000,14002459.33,3002459.33,27.3,Linear Regression
PROP-E597E61FA2BA,Bengaluru,Kadumuthsandra Plantation,4900000,4689486.53,210513.47,4.3,Linear Regression
PROP-68FFFBEC8103,Bengaluru,Mathikere,10000000,9048058.67,951941.33,9.52,Linear Regression
PROP-0CE96737A0D0,Bengaluru,Kattigenahalli,8500000,6028961.3,2471038.7,29.07,Linear Regression
PROP-1DE379F76B98,Pune,Gorhe Bk,3500000,3531033.77,31033.77,0.89,Linear Regression
PROP-C30F517B1BF8,Bengaluru,Nandini Layout,7200000,4282207.51,2917792.49,40.52,Linear Regression
PROP-69ADEC56ACEB,Hyderabad,Peerzadiguda,11000000,9923437.48,1076562.52,9.79,Linear Regression
PROP-921F8E5BBB16,Pune,Baner,7500000,7318587.84,181412.16,2.42,Linear Regression
PROP-8E9EBB0559EE,Hyderabad,Ramachandra Puram,3100000,5431819.32,2331819.32,75.22,Linear Regression
PROP-AEA0B06BF7D6,Pune,Nanded,1500000,1185608.68,314391.32,20.96,Linear Regression
PROP-C31BBEA76072,Hyderabad,Nallakunta,25000000,18504645.71,6495354.29,25.98,Linear Regression
PROP-270E6B143FB6,Pune,Kasarwadi,5000000,4334868.92,665131.08,13.3,Linear Regression
PROP-0E6FE0A0B9A5,Pune,Mundhwa,7500000,7276072.85,223927.15,2.99,Linear Regression
PROP-E33F1153F028,Hyderabad,Borabanda,12000000,10232639.2,1767360.8,14.73,Linear Regression
PROP-D847EC37271C,Pune,Wagholi,2000000,2154657.97,154657.97,7.73,Linear Regression
PROP-AB09036233A9,Pune,Ambegaon Bk,3850000,3373900.54,476099.46,12.37,Linear Regression
PROP-7829BAF8BA68,Hyderabad,Madhapur,9200000,7849234.19,1350765.81,14.68,Linear Regression
PROP-285719CFA573,Pune,Thergaon,5000000,4143080.48,856919.52,17.14,Linear Regression
PROP-FA48D6011F79,Hyderabad,Osman Nagar,12800000,10168324.17,2631675.83,20.56,Linear Regression
PROP-066E605A1612,Pune,Wagholi,4600000,4556776.04,43223.96,0.94,Linear Regression
PROP-05948D732C72,Pune,Undri,45000000,30672446.96,14327553.04,31.84,Linear Regression
PROP-6676E8663A08,Pune,Khed Shivapur,10000000,10982258.79,982258.79,9.82,Linear Regression
PROP-65C335E274A6,Pune,Bavdhan,4500000,3603227.75,896772.25,19.93,Linear Regression
PROP-EC7FA926DCA4,Pune,Pimple Nilakh,6000000,5900810.45,99189.55,1.65,Linear Regression
PROP-B7C8C7ABE5D4,Pune,Khadakwasla,5551000,4619773.9,931226.1,16.78,Linear Regression
PROP-A1B09368029E,Pune,Pimple Gurav,9700000,7728899.94,1971100.06,20.32,Linear Regression
PROP-09CE9ADDEE5D,Hyderabad,Somajiguda,17500000,9637403.9,7862596.1,44.93,Linear Regression
PROP-6F336AE4E8AB,Pune,Wagholi,5700000,5231942.85,468057.15,8.21,Linear Regression
PROP-C34C80FE5C36,Bengaluru,Nagasandra,3500000,3306239.85,193760.15,5.54,Linear Regression
PROP-E838D562DA1E,Pune,Anand Nagar,2050000,1840209.55,209790.45,10.23,Linear Regression
PROP-82481EC85A1D,Pune,Jambhul,3200000,2818044.57,381955.43,11.94,Linear Regression
PROP-979AEA102EA4,Pune,Jambhul,2099000,2040972.92,58027.08,2.76,Linear Regression
PROP-DC1B25032235,Pune,Charholi Budruk,2500000,2157167.41,342832.59,13.71,Linear Regression
PROP-B520B9A3BF00,Hyderabad,Santosh Nagar,14500000,12061603.18,2438396.82,16.82,Linear Regression
PROP-DC14830AE8B7,Pune,Bhawani Peth,8200000,3093519.18,5106480.82,62.27,Linear Regression
PROP-85C27B3F455C,Bengaluru,Yeshwanthpur,18800000,15090262.84,3709737.16,19.73,Linear Regression
PROP-55F59220E177,Pune,Chimbali,2800000,2889144.75,89144.75,3.18,Linear Regression
PROP-3B37A88FA0F9,Delhi,Vasant Vihar,94800000,194022306.0,99222306.0,104.66,Linear Regression
PROP-17373D0031FC,Bengaluru,Kengeri Satellite Town,5500000,7823004.84,2323004.84,42.24,Linear Regression
PROP-0EC53738418F,Delhi,Kirari Suleman Nagar,5000000,5594451.38,594451.38,11.89,Linear Regression
PROP-49D7D2219B66,Mumbai,Bhandup East,2000000,4207900.45,2207900.45,110.4,Linear Regression
PROP-203BF7DBB39B,Bengaluru,Basaveshwara Nagar,3450000,3581731.72,131731.72,3.82,Linear Regression
PROP-93C6AB98D198,Bengaluru,Banashankari,13400000,11603487.65,1796512.35,13.41,Linear Regression
PROP-11F4A58E85E7,Bengaluru,Varanasi,14000000,12809062.36,1190937.64,8.51,Linear Regression
PROP-EEDA4FBFA1FE,Mumbai,Naigaon East,598000,1450380.11,852380.11,142.54,Linear Regression
PROP-9A4B4D800541,Bengaluru,Srinivaspura,5000000,5426831.72,426831.72,8.54,Linear Regression
PROP-557139DE533D,Kolkata,Mukundapur,6000000,5987066.98,12933.02,0.22,Linear Regression
PROP-3E77D40DDAAD,Kolkata,Kashipur,7500000,4469779.37,3030220.63,40.4,Linear Regression
PROP-8C5EE2DFA40C,Mumbai,Naigaon East,525000,1078192.76,553192.76,105.37,Linear Regression
PROP-E478C760D685,Kolkata,Panchpota,3300000,5722579.72,2422579.72,73.41,Linear Regression
PROP-72DD0E6C2E04,Chennai,Thandalam,4100000,6229427.66,2129427.66,51.94,Linear Regression
PROP-7BC1F225166A,Kolkata,Behala Chowrasta,7000000,5305841.86,1694158.14,24.2,Linear Regression
PROP-33E1446547DD,Pune,Alandi,3000000,4104331.49,1104331.49,36.81,Linear Regression
PROP-0CB168FFE83F,Pune,Ranjangaon,1700000,1670238.61,29761.39,1.75,Linear Regression
PROP-A02D1D9F3763,Kolkata,Tollygunge,4500000,5039126.42,539126.42,11.98,Linear Regression
PROP-7FBE2EF38C9B,Bengaluru,Thurahalli,6400000,5267307.27,1132692.73,17.7,Linear Regression
PROP-5B59C86825F0,Bengaluru,Marsur,2200000,2106317.82,93682.18,4.26,Linear Regression
PROP-A87A8D74790D,Kolkata,Narendrapur,6500000,6026802.26,473197.74,7.28,Linear Regression
PROP-B7C9B2FD3AE4,Bengaluru,Kothanur,6300000,7516800.7,1216800.7,19.31,Linear Regression
PROP-0BD54F0CABA5,Pune,Guruwar Peth,3600000,5329461.77,1729461.77,48.04,Linear Regression
PROP-A33D4062C822,Pune,Undri,3500000,3021761.77,478238.23,13.66,Linear Regression
PROP-670CED41C724,Bengaluru,Hsr Layout,72500000,74431859.31,1931859.31,2.66,Linear Regression
PROP-9B76E2C4485B,Bengaluru,Kengeri,5500000,6205438.66,705438.66,12.83,Linear Regression
PROP-6B4235B84BF7,Chennai,Villivakkam,22500000,12483987.85,10016012.15,44.52,Linear Regression
PROP-B599B1954608,Delhi,Nilothi,1700000,2256924.81,556924.81,32.76,Linear Regression
PROP-17D557164712,Bengaluru,Kachamaranahalli,6500000,6953947.79,453947.79,6.98,Linear Regression
PROP-055D52DB8A40,Bengaluru,Yemalur,6200000,5425488.79,774511.21,12.49,Linear Regression
PROP-03A665518206,Bengaluru,Ramamurthy Nagar,7200000,8629618.64,1429618.64,19.86,Linear Regression
PROP-E46C343B3C7F,Delhi,Wazirabad,6000000,4819443.95,1180556.05,19.68,Linear Regression
PROP-F0AD13B7D9ED,Pune,New Sangvi,5000000,6087838.47,1087838.47,21.76,Linear Regression
PROP-A1373E45A944,Bengaluru,Konanakunte,10500000,10544548.09,44548.09,0.42,Linear Regression
PROP-522450F0370A,Bengaluru,Whitefield,5900000,7342936.3,1442936.3,24.46,Linear Regression
PROP-996C65662CD4,Kolkata,Narendrapur,3200000,4554462.34,1354462.34,42.33,Linear Regression
PROP-13C19FD4247F,Pune,Mahalunge Ingale,5000000,4955544.04,44455.96,0.89,Linear Regression
PROP-822EDA72DCC6,Kolkata,Ballygunge,13000000,8034323.86,4965676.14,38.2,Linear Regression
PROP-D35BDA093917,Kolkata,South Dum Dum,3850000,4242880.92,392880.92,10.2,Linear Regression
PROP-D84C06FCBEC6,Delhi,Baprola,3500000,3728448.39,228448.39,6.53,Linear Regression
PROP-6E85E8DDB8E1,Pune,Manjari Khurd,1225000,1221680.49,3319.51,0.27,Linear Regression
PROP-F898A535A8B5,Chennai,Sembakkam,4500000,5624806.83,1124806.83,25.0,Linear Regression
PROP-C1B0FC0F914A,Pune,Baner,14000000,14582392.88,582392.88,4.16,Linear Regression
PROP-F319A892B24C,Bengaluru,Electronic City,3400000,3343254.35,56745.65,1.67,Linear Regression
PROP-91FA2CDA86D8,Delhi,Geeta Colony,3000000,2672385.15,327614.85,10.92,Linear Regression
PROP-391AB2DFD8D0,Bengaluru,Jayanagar,50000000,62873621.47,12873621.47,25.75,Linear Regression
PROP-AE86DAE6DFE0,Bengaluru,Vignana Kendra,11000000,14187018.27,3187018.27,28.97,Linear Regression
PROP-8F3FDCAF7F39,Delhi,Badarpur,387000,638555.65,251555.65,65.0,Linear Regression
PROP-796B051AF8B5,Chennai,Perambur,4500000,5973478.27,1473478.27,32.74,Linear Regression
PROP-DE5731F139BF,Kolkata,Baguiati,1900000,3569238.96,1669238.96,87.85,Linear Regression
PROP-E28DF73E05CE,Kolkata,Patipukur,4200000,4475886.7,275886.7,6.57,Linear Regression
PROP-1D068F142138,Bengaluru,Jp Nagar,80000000,62769852.39,17230147.61,21.54,Linear Regression
PROP-AC2302554A6A,Kolkata,Narendrapur,3900000,5403810.96,1503810.96,38.56,Linear Regression
PROP-2AC175C3B47C,Kolkata,Beniapukur,20500000,9580887.08,10919112.92,53.26,Linear Regression
PROP-06099F7A6044,Pune,Dhayari,3600000,4503720.07,903720.07,25.1,Linear Regression
PROP-8A84311D4E79,Pune,Bhawani Peth,5300000,5007834.32,292165.68,5.51,Linear Regression
PROP-05DFF2BD7711,Chennai,Medavakkam,5700000,6450871.2,750871.2,13.17,Linear Regression
PROP-696D6304721C,Delhi,Karol Bagh,65000000,31503178.27,33496821.73,51.53,Linear Regression
PROP-589503049540,Kolkata,Baguiati,1600000,3338307.54,1738307.54,108.64,Linear Regression
PROP-47C5803E0547,Kolkata,Narayantala,2900000,4428397.28,1528397.28,52.7,Linear Regression
PROP-22C37EA8FF52,Pune,Charholi Kurd,2200000,2186396.69,13603.31,0.62,Linear Regression
PROP-E2F90CB494A4,Pune,Kasarwadi,2300000,2235838.48,64161.52,2.79,Linear Regression
PROP-FBC09BC163C6,Mumbai,Kandivali West,9000000,13521622.64,4521622.64,50.24,Linear Regression
PROP-379525864704,Kolkata,Dum Dum,3000000,4510753.42,1510753.42,50.36,Linear Regression
PROP-C7EDDE98AC97,Pune,Kanhe,2500000,4600015.53,2100015.53,84.0,Linear Regression
PROP-562DA83E6F5E,Chennai,Saidapet,6300000,7651320.54,1351320.54,21.45,Linear Regression
PROP-532DD9B45FBC,Bengaluru,Rr Nagar,6500000,6843207.12,343207.12,5.28,Linear Regression
PROP-2BDF8D921D38,Kolkata,Bangur Avenue,2800000,4180586.49,1380586.49,49.31,Linear Regression
PROP-144B4C5089D8,Bengaluru,Arakere,6800000,6641816.7,158183.3,2.33,Linear Regression
PROP-A2CA99F38D85,Pune,Lulla Nagar,4000000,3247473.97,752526.03,18.81,Linear Regression
PROP-98EDDDB8D98C,Bengaluru,Virupakshapura,7000000,7395356.43,395356.43,5.65,Linear Regression
PROP-5D24CD48769C,Delhi,Inder Puri,500000,1835493.57,1335493.57,267.1,Linear Regression
PROP-72415857F3B1,Mumbai,Mulund East,2000000,2306744.16,306744.16,15.34,Linear Regression
PROP-A474AF159C00,Pune,Wakad,4600000,4970717.21,370717.21,8.06,Linear Regression
PROP-677933159E12,Bengaluru,Thanisandra,7000000,5974742.2,1025257.8,14.65,Linear Regression
PROP-AD41B20B07BE,Bengaluru,Kalena Agrahara,5400000,5453986.09,53986.09,1.0,Linear Regression
PROP-448562E45FEB,Bengaluru,Vajarahalli,4820000,4651201.86,168798.14,3.5,Linear Regression
PROP-6F2E1D655213,Kolkata,Dum Dum Park,3200000,4512989.1,1312989.1,41.03,Linear Regression
PROP-736F0F7ECE66,Bengaluru,Krishnarajapura,40000000,42279116.42,2279116.42,5.7,Linear Regression
PROP-28F5B24D0E3D,Kolkata,Haltu,4000000,4191147.23,191147.23,4.78,Linear Regression
PROP-3A41C3085ED3,Chennai,Kotturpuram,8500000,8680103.1,180103.1,2.12,Linear Regression
PROP-D99980C0DC28,Bengaluru,Margondanahalli,14000000,19548093.51,5548093.51,39.63,Linear Regression
PROP-39E81FB8972D,Delhi,Lajpat Nagar,5000000,5008039.9,8039.9,0.16,Linear Regression
PROP-DFEDA14A0BE8,Chennai,Veppampattu,3900000,6447338.93,2547338.93,65.32,Linear Regression
PROP-3EF538C2BB00,Chennai,Ashok Nagar,11500000,7607633.61,3892366.39,33.85,Linear Regression
PROP-909C64B3F704,Delhi,Burari,1300000,1420138.32,120138.32,9.24,Linear Regression
PROP-138DEDBF7F6C,Bengaluru,Kodathi,9800000,10066110.6,266110.6,2.72,Linear Regression
PROP-C30B89369350,Pune,Budhwar Peth,4500000,4327480.61,172519.39,3.83,Linear Regression
PROP-2B2BD378CAEC,Kolkata,Haltu,4200000,4440451.97,240451.97,5.73,Linear Regression
PROP-F532821AF89B,Bengaluru,Btm Layout,18000000,18548347.74,548347.74,3.05,Linear Regression
PROP-AFDAE87C7154,Chennai,Avadi,3000000,4801184.31,1801184.31,60.04,Linear Regression
PROP-01DEAD99037B,Kolkata,Rajarhat,3600000,4670183.11,1070183.11,29.73,Linear Regression
PROP-443AD859EEE0,Pune,Lohegaon,12500000,17935388.48,5435388.48,43.48,Linear Regression
PROP-C5709776DC76,Delhi,Khanpur,9900000,7474612.72,2425387.28,24.5,Linear Regression
PROP-B4C44F440428,Bengaluru,Kithaganur Colony,5000000,5570969.79,570969.79,11.42,Linear Regression
PROP-230BB0F69709,Chennai,Pudupakkam,6500000,7882581.15,1382581.15,21.27,Linear Regression
PROP-BC27555666D6,Delhi,Sector 2 Rohini,8500000,9375171.5,875171.5,10.3,Linear Regression
PROP-0B4999D2EC4D,Chennai,Madipakkam,5870000,5422509.88,447490.12,7.62,Linear Regression
PROP-A983A289BE38,Bengaluru,Bommasandra,5200000,3958162.89,1241837.11,23.88,Linear Regression
PROP-D6EDFDC0FBD2,Kolkata,Kabardanga,6500000,6075507.89,424492.11,6.53,Linear Regression
PROP-473A60EABD96,Delhi,Dera Mandi,3100000,3979021.57,879021.57,28.36,Linear Regression
PROP-2E15DA7D7553,Bengaluru,Talaghattapura,4490000,4885100.05,395100.05,8.8,Linear Regression
PROP-2D2947021574,Bengaluru,Chansandra,7200000,8458835.78,1258835.78,17.48,Linear Regression
PROP-77E8219E84FC,Delhi,Burari,1400000,1704403.53,304403.53,21.74,Linear Regression
PROP-4233AA7EA058,Kolkata,Garia,4800000,5351505.61,551505.61,11.49,Linear Regression
PROP-91AD8B00D735,Kolkata,Sarsuna,23000000,12611522.08,10388477.92,45.17,Linear Regression
PROP-A76744E50E9F,Bengaluru,Uttarahalli Hobli,8000000,8979136.79,979136.79,12.24,Linear Regression
PROP-1D61D96EF60F,Chennai,Perumbakkam,4500000,5615885.7,1115885.7,24.8,Linear Regression
PROP-BB3502986EF1,Pune,Dhankawadi,3700000,5320767.41,1620767.41,43.8,Linear Regression
PROP-D503271FAF7C,Pune,Karve Nagar,3000000,4022883.39,1022883.39,34.1,Linear Regression
PROP-97161B865FA1,Kolkata,South Dum Dum,2650000,4261710.48,1611710.48,60.82,Linear Regression
PROP-D44CFEC304B2,Kolkata,Rajpur,4000000,5080618.5,1080618.5,27.02,Linear Regression
PROP-9C1DE3D0CA46,Kolkata,Garia,3600000,4479437.2,879437.2,24.43,Linear Regression
PROP-20AB8949E398,Pune,Punawale,3675000,3981240.93,306240.93,8.33,Linear Regression
PROP-B6CDFCD7A060,Chennai,Kk Nagar,11700000,7527397.1,4172602.9,35.66,Linear Regression
PROP-5E56894F11B5,Pune,Dhanori,13000000,13259588.62,259588.62,2.0,Linear Regression
PROP-93DB6361384B,Pune,Hadapsar,11000000,18313855.79,7313855.79,66.49,Linear Regression
PROP-B3F66E6E1218,Chennai,Ayappakkam,1700000,4504302.94,2804302.94,164.96,Linear Regression
PROP-C883AD0F6A4D,Kolkata,Garia,3600000,4925224.48,1325224.48,36.81,Linear Regression
PROP-519030674E5D,Delhi,Safdarjung Enclave,4500000,6390139.78,1890139.78,42.0,Linear Regression
PROP-D0D832658684,Kolkata,Jadavpur,8500000,7126693.78,1373306.22,16.16,Linear Regression
PROP-15F42F3F45D1,Pune,Panshet,12500000,19737817.09,7237817.09,57.9,Linear Regression
PROP-23281E632448,Pune,Chakan,4750000,4639995.84,110004.16,2.32,Linear Regression
PROP-03CC8C63050C,Pune,Kirkatwadi,2300000,2918659.89,618659.89,26.9,Linear Regression
PROP-3BEBCDD966CA,Bengaluru,Basavanagudi,12500000,14586811.52,2086811.52,16.69,Linear Regression
PROP-0FA6DEC053FD,Delhi,Najafgarh,18000000,19070951.79,1070951.79,5.95,Linear Regression
PROP-4B104614C8CE,Bengaluru,Gunjur Palya,6500000,6875582.59,375582.59,5.78,Linear Regression
PROP-C8430A3AAD4B,Kolkata,Baguiati,8000000,5945516.24,2054483.76,25.68,Linear Regression
PROP-4310CA2F11EA,Pune,Mohammed Wadi,1400000,1784635.78,384635.78,27.47,Linear Regression
PROP-3CCB14A442A1,Pune,Vadgaon,12500000,13162741.4,662741.4,5.3,Linear Regression
PROP-6409F54AAB2B,Bengaluru,Kasavanahalli,23000000,51218892.33,28218892.33,122.69,Linear Regression
PROP-7F39E980C902,Delhi,Budh Vihar,4500000,3629559.22,870440.78,19.34,Linear Regression
PROP-1E0B226AD1CB,Chennai,Ekkatuthangal,29000000,11315020.48,17684979.52,60.98,Linear Regression
PROP-ACC3B69ECDC7,Pune,Bebadohal,3000000,3633139.44,633139.44,21.1,Linear Regression
PROP-9C960929506D,Kolkata,Teghoria,3999000,4447098.09,448098.09,11.21,Linear Regression
PROP-8D57BAF62DD6,Bengaluru,Electronic City,4500000,4946747.2,446747.2,9.93,Linear Regression
PROP-57973D2D7260,Delhi,Kapashera,4500000,5545809.69,1045809.69,23.24,Linear Regression
PROP-CFEBC8FF5FEE,Kolkata,Rahara,4500000,5092298.9,592298.9,13.16,Linear Regression
PROP-49214D77DFEC,Chennai,Adhanur,5500000,6360593.78,860593.78,15.65,Linear Regression
PROP-9C6BF7B90F11,Kolkata,Santoshpur,4100000,5688986.8,1588986.8,38.76,Linear Regression
PROP-07B3294DA6EF,Delhi,Shalimar Bagh,30600000,29296030.47,1303969.53,4.26,Linear Regression
PROP-991E932AECFB,Pune,Akurdi,1700000,1674439.89,25560.11,1.5,Linear Regression
PROP-D7E616E98581,Bengaluru,Byagadadhenahalli,2400000,2206995.25,193004.75,8.04,Linear Regression
PROP-3E1764E34127,Kolkata,Behala,1250000,3208097.86,1958097.86,156.65,Linear Regression
PROP-566F75496C08,Bengaluru,Dodda Banaswadi,7500000,10227127.96,2727127.96,36.36,Linear Regression
PROP-BD0EFDD55941,Delhi,Badarpur,14000000,19520972.89,5520972.89,39.44,Linear Regression
PROP-644D268CD417,Kolkata,Kaikhali,2800000,5256570.86,2456570.86,87.73,Linear Regression
PROP-671CB4740F4C,Bengaluru,Jayanagar,25000000,30786279.94,5786279.94,23.15,Linear Regression
PROP-03531CEBC5CA,Kolkata,Mandirtala,3000000,4448478.58,1448478.58,48.28,Linear Regression
PROP-A6618196324F,Pune,Shivane,3200000,3711016.65,511016.65,15.97,Linear Regression
PROP-3AB12F84366F,Delhi,Hari Nagar,20000000,18549003.93,1450996.07,7.25,Linear Regression
PROP-ED4DB1169AFB,Kolkata,Lake Town,2400000,4506714.72,2106714.72,87.78,Linear Regression
PROP-64F5EBE68935,Delhi,Narela,3500000,3782043.72,282043.72,8.06,Linear Regression
PROP-1D3C0C922DE5,Chennai,Ayappakkam,4000000,4958253.38,958253.38,23.96,Linear Regression
PROP-EFAECB9DC87C,Bengaluru,Electronic City Phase Ii,5700000,5107145.63,592854.37,10.4,Linear Regression
PROP-9B66A02D0630,Kolkata,Behala,4000000,4701678.17,701678.17,17.54,Linear Regression
PROP-E1B04EAF72FF,Bengaluru,Electronic City Phase Ii,5700000,6152372.33,452372.33,7.94,Linear Regression
PROP-E796F9A9C029,Kolkata,Garia,3000000,4972932.25,1972932.25,65.76,Linear Regression
PROP-3CFAAD40BBC9,Kolkata,Sodepur,7500000,4963792.95,2536207.05,33.82,Linear Regression
PROP-CC1A3CD1AEAE,Kolkata,Regent Park,2500000,3568815.77,1068815.77,42.75,Linear Regression
PROP-7C444CF68EF4,Bengaluru,Bikasipura,7500000,9421544.89,1921544.89,25.62,Linear Regression
PROP-BA9E56614218,Kolkata,Madhyamgram,12000000,8115311.14,3884688.86,32.37,Linear Regression
PROP-D8A3AAC363D4,Pune,Ranjangaon,1700000,1658373.06,41626.94,2.45,Linear Regression
PROP-58B7AE50D315,Kolkata,Keshtopur,3259000,4605669.04,1346669.04,41.32,Linear Regression
PROP-E1ACD38526EE,Kolkata,Tollygunge,4800000,4961716.43,161716.43,3.37,Linear Regression
PROP-88263A0917D7,Kolkata,Deshbandhu Nagar,10600000,6901489.72,3698510.28,34.89,Linear Regression
PROP-D04249A2F8C6,Chennai,Mudichur,3300000,5763355.13,2463355.13,74.65,Linear Regression
PROP-D10196DEBC00,Kolkata,Tangra,50000000,15157623.59,34842376.41,69.68,Linear Regression
PROP-487838313AD9,Bengaluru,Horamavu,5500000,5523886.0,23886.0,0.43,Linear Regression
PROP-C62B43F38CCC,Delhi,Jaitpur,1050000,1665256.63,615256.63,58.6,Linear Regression
PROP-42AAE903FF08,Kolkata,Baguiati,4800000,4349543.93,450456.07,9.38,Linear Regression
PROP-FB06D2E59F92,Chennai,West Mambalam,16000000,9726609.59,6273390.41,39.21,Linear Regression
PROP-919C38CDEB64,Bengaluru,Rk Hegde Nagar,17000000,23997046.43,6997046.43,41.16,Linear Regression
PROP-D8DCABCE8AE4,Chennai,Perumbakkam,4500000,5804785.88,1304785.88,29.0,Linear Regression
PROP-FCD2EC9B3ED8,Kolkata,South Dum Dum,1700000,3468999.49,1768999.49,104.06,Linear Regression
PROP-6B6059C14A8A,Pune,Shivane,1550000,2128859.97,578859.97,37.35,Linear Regression
PROP-97B3BF9DCA10,Bengaluru,Munnekollal,5250000,8367281.43,3117281.43,59.38,Linear Regression
PROP-0000796D181F,Delhi,Tri Nagar,10000000,9906871.93,93128.07,0.93,Linear Regression
PROP-FA0A1DDACC7A,Bengaluru,Marathahalli,7000000,7055314.03,55314.03,0.79,Linear Regression
PROP-7F3F80142AB6,Delhi,Najafgarh,2800000,2903301.4,103301.4,3.69,Linear Regression
PROP-E1DEEFC57AA9,Pune,Nanded,5000000,4359607.75,640392.25,12.81,Linear Regression
PROP-0D33B9F918C9,Delhi,Khera Khurd,2000000,1835370.58,164629.42,8.23,Linear Regression
PROP-091D4A015A48,Kolkata,Rajpur,5000000,5108615.93,108615.93,2.17,Linear Regression
PROP-67DA8FD2B232,Kolkata,Rajarhat,4500000,4852152.64,352152.64,7.83,Linear Regression
PROP-7124AD0F7686,Bengaluru,Bommasandra,3600000,3107345.15,492654.85,13.68,Linear Regression
PROP-577F6378425E,Bengaluru,Akshayanagar,8800000,6298954.8,2501045.2,28.42,Linear Regression
PROP-C3F7B5D86C96,Chennai,Pozhichalur,3300000,8126990.88,4826990.88,146.27,Linear Regression
PROP-896E8998397A,Kolkata,Sonarpur,3500000,4085575.59,585575.59,16.73,Linear Regression
PROP-6E5FEC60EF5B,Pune,Loni Kalbhor,2700000,2495687.34,204312.66,7.57,Linear Regression
PROP-47C446F8EA16,Kolkata,Mahheshtala,3450000,5893078.24,2443078.24,70.81,Linear Regression
PROP-AB79A648775B,Pune,Hadapsar,4800000,6133116.09,1333116.09,27.77,Linear Regression
PROP-508FB2274A5A,Pune,Dhayari,2100000,2611738.86,511738.86,24.37,Linear Regression
PROP-AABFB17B7D65,Delhi,Mehrauli,6500000,3775856.31,2724143.69,41.91,Linear Regression
PROP-019BB7F6FC5A,Delhi,Sector 16 Rohini,2700000,2645558.73,54441.27,2.02,Linear Regression
PROP-F81A9F971B57,Pune,Kharadi,16500000,17731012.24,1231012.24,7.46,Linear Regression
PROP-A7645A4CF350,Pune,Manjari Budruk,9500000,10263545.8,763545.8,8.04,Linear Regression
PROP-937825DA2B1F,Delhi,Hauz Khas,110000000,49148337.24,60851662.76,55.32,Linear Regression
PROP-2C3582A9D384,Pune,Lonikand,2500000,1661559.78,838440.22,33.54,Linear Regression
PROP-7ED93828946E,Pune,Marunji,4800000,5582986.16,782986.16,16.31,Linear Regression
PROP-B8B94387843F,Pune,Marunji,3500000,3657026.43,157026.43,4.49,Linear Regression
PROP-193F4EF309DA,Pune,Kondhwa,6000000,5102944.7,897055.3,14.95,Linear Regression
PROP-427BB62F325C,Pune,Kharadi,1500000,1423461.15,76538.85,5.1,Linear Regression
PROP-1E40B5CCA256,Pune,Kothrud,15000000,21110735.6,6110735.6,40.74,Linear Regression
PROP-C14C5364DF49,Pune,Punawale,4500000,5080598.11,580598.11,12.9,Linear Regression
PROP-4486EEF8D4D1,Chennai,Padappai,1200000,4092430.08,2892430.08,241.04,Linear Regression
PROP-9C0155D64C0C,Chennai,Ennore,7500000,13067314.66,5567314.66,74.23,Linear Regression
PROP-50394F774E73,Pune,Rahatani,6300000,6391104.6,91104.6,1.45,Linear Regression
PROP-ABBAAB4A7BB3,Delhi,Mayur Vihar,2400000,3289724.42,889724.42,37.07,Linear Regression
PROP-3BA055D85EF0,Pune,Wakad,8149000,8884189.49,735189.49,9.02,Linear Regression
PROP-05E36858244F,Delhi,Nangloi,2500000,3061664.27,561664.27,22.47,Linear Regression
PROP-AF6144C38FE8,Chennai,Kanchipuram,30000000,16657530.23,13342469.77,44.47,Linear Regression
PROP-3348AB66A06C,Chennai,Thalambur,1600000,5954624.06,4354624.06,272.16,Linear Regression
PROP-6C0936C8F0AD,Pune,Chikhali,4900000,4881158.73,18841.27,0.38,Linear Regression
PROP-8BEAB30F288D,Chennai,Kattur,4243000,5575784.55,1332784.55,31.41,Linear Regression
PROP-D086A5805E7B,Pune,Sus,7500000,9489936.17,1989936.17,26.53,Linear Regression
PROP-3FA6A4F71660,Pune,Shivaji Nagar,15000000,24209860.56,9209860.56,61.4,Linear Regression
PROP-F4896266A45B,Pune,Wakad,9500000,10065901.76,565901.76,5.96,Linear Regression
PROP-9A7489587C51,Chennai,Red Hills,3700000,7008956.88,3308956.88,89.43,Linear Regression
PROP-6C5E68C07BBE,Pune,Fursungi,7500000,10797550.09,3297550.09,43.97,Linear Regression
PROP-751A22338514,Chennai,Alandur,2500000,4275427.47,1775427.47,71.02,Linear Regression
PROP-1E7CF47E4D36,Delhi,Qutub Vihar,1900000,2496598.2,596598.2,31.4,Linear Regression
PROP-D7C2B2F41C4C,Chennai,Mugalivakkam,12000000,7100897.72,4899102.28,40.83,Linear Regression
PROP-76B2C7803F78,Pune,Kondhwa,7000000,7514748.65,514748.65,7.35,Linear Regression
PROP-50676E9D9F4F,Delhi,Shahdara,2000000,5641350.97,3641350.97,182.07,Linear Regression
PROP-2B717BE67EC4,Pune,Magarpatta City,27000000,42590048.72,15590048.72,57.74,Linear Regression
PROP-07B8746D23A2,Bengaluru,Vidyaranyapura,5500000,5490762.12,9237.88,0.17,Linear Regression
PROP-7421156566D1,Bengaluru,Marsur,9000000,13805235.33,4805235.33,53.39,Linear Regression
PROP-D54BF2F0FBB5,Delhi,Rajinder Nagar,16500000,19037251.28,2537251.28,15.38,Linear Regression
PROP-96868D158019,Bengaluru,Jayanagar,10000000,11501722.72,1501722.72,15.02,Linear Regression
PROP-D943D15B8A66,Delhi,Sector 9 Rohini,14000000,18317797.47,4317797.47,30.84,Linear Regression
PROP-BA06BA1E0E0D,Bengaluru,Konanakunte,5900000,6369245.77,469245.77,7.95,Linear Regression
PROP-E12060B5FCF0,Pune,Warje,2400000,2213299.72,186700.28,7.78,Linear Regression
PROP-CBDD9BFBC924,Pune,Wakad,4200000,4159818.54,40181.46,0.96,Linear Regression
PROP-73EC79C346C9,Bengaluru,Kannuru,6000000,6454543.25,454543.25,7.58,Linear Regression
PROP-C478F2F33020,Pune,Wagholi,2600000,2955387.19,355387.19,13.67,Linear Regression
PROP-218BB9049506,Pune,Pimpri,6000000,6629481.57,629481.57,10.49,Linear Regression
PROP-D365A7B2C57D,Pune,Punawale,5900000,7083798.8,1183798.8,20.06,Linear Regression
PROP-198A4414CF17,Pune,Dhanori,6500000,6151818.79,348181.21,5.36,Linear Regression
PROP-AD421BD5654A,Pune,Chinchwad,3700000,4468261.74,768261.74,20.76,Linear Regression
PROP-4AE5BBC199FF,Delhi,Najafgarh,18000000,19014814.3,1014814.3,5.64,Linear Regression
PROP-C2DBDC3420F0,Chennai,Mogappair,12500000,11391718.47,1108281.53,8.87,Linear Regression
PROP-B8C56FCADE08,Pune,Fursungi,3000000,3169946.65,169946.65,5.66,Linear Regression
PROP-5A9592DB1F1D,Pune,Hadapsar,5500000,6943040.25,1443040.25,26.24,Linear Regression
PROP-43AF163981C9,Pune,Gahunje,6500000,5433511.25,1066488.75,16.41,Linear Regression
PROP-F9DCDB747D11,Pune,Pisoli,4700000,4599492.75,100507.25,2.14,Linear Regression
PROP-7171986C6A37,Pune,Bhugaon,8000000,6121657.51,1878342.49,23.48,Linear Regression
PROP-6153FB7F2B67,Chennai,Ashthinapuram,6000000,7608271.09,1608271.09,26.8,Linear Regression
PROP-AFDB4203AF02,Delhi,Shahdara,6500000,5935244.96,564755.04,8.69,Linear Regression
PROP-B09BC38C8A1A,Chennai,Old Washermanpet,2800000,4652729.52,1852729.52,66.17,Linear Regression
PROP-D489B728AB28,Bengaluru,K Channasandra,4700000,6099423.73,1399423.73,29.77,Linear Regression
PROP-76039D31B119,Pune,Shivaji Nagar,42100000,48408483.44,6308483.44,14.98,Linear Regression
PROP-3FC81BB9A8E9,Pune,Dhanori,6200000,6276263.45,76263.45,1.23,Linear Regression
PROP-7DC55992A5F7,Pune,Sus,5800000,6662056.21,862056.21,14.86,Linear Regression
PROP-6E687CF596C9,Pune,Dhayari,6000000,7006986.12,1006986.12,16.78,Linear Regression
PROP-4C94311153E5,Pune,Rajgurunagar,1400000,983450.4,416549.6,29.75,Linear Regression
PROP-07F19728EC21,Chennai,Adyar,11000000,8383264.28,2616735.72,23.79,Linear Regression
PROP-9AAC411C21F9,Pune,Kiwale,3350000,3669078.83,319078.83,9.52,Linear Regression
PROP-5F20A6821AC7,Chennai,Sevvapet,6500000,8365180.12,1865180.12,28.7,Linear Regression
PROP-1D6A69D5960E,Pune,Moshi,6500000,5789292.88,710707.12,10.93,Linear Regression
PROP-CB0DDE945B7A,Pune,Charholi Kurd,2400000,2547483.1,147483.1,6.15,Linear Regression
PROP-F3A128C532B5,Pune,Warje,5700000,5663834.55,36165.45,0.63,Linear Regression
PROP-718CE2A5E52A,Chennai,Kovur,9000000,13120249.22,4120249.22,45.78,Linear Regression
PROP-BB5B83AE6F90,Delhi,Kamla Nagar,45000000,43551694.36,1448305.64,3.22,Linear Regression
PROP-6B1DC8E61D9E,Pune,Keshav Nagar,7800000,8872872.63,1072872.63,13.75,Linear Regression
PROP-B5F6D51294B4,Chennai,Nemilicheri,5200000,7714727.57,2514727.57,48.36,Linear Regression
PROP-EC62912FBF43,Pune,Kharadi,30000000,22642425.43,7357574.57,24.53,Linear Regression
PROP-B28630628F9B,Pune,Kalewadi,8500000,8154926.99,345073.01,4.06,Linear Regression
PROP-4C83E815CACF,Chennai,Maraimalai Nagar,4500000,5705167.7,1205167.7,26.78,Linear Regression
PROP-B0FC8841569E,Chennai,Mogappair,6000000,6194285.26,194285.26,3.24,Linear Regression
PROP-AB88189F7163,Chennai,Sikkarayapuram,14000000,10485285.34,3514714.66,25.11,Linear Regression
PROP-2055C19CB674,Pune,Narhe,1290000,1825111.69,535111.69,41.48,Linear Regression
PROP-69F481659997,Chennai,Kanchipuram,2500000,5268923.51,2768923.51,110.76,Linear Regression
PROP-4172C423BC27,Chennai,Ponneri,6000000,5834293.39,165706.61,2.76,Linear Regression
PROP-7FE1DF5521DC,Delhi,Kashmere Gate,2000000,2841963.57,841963.57,42.1,Linear Regression
PROP-50E606087A7C,Pune,Tathawade,4200000,4816999.57,616999.57,14.69,Linear Regression
PROP-DD6861FA201B,Chennai,Sholinganallur,3900000,6157020.94,2257020.94,57.87,Linear Regression
PROP-49ACBF50F717,Chennai,Guduvancheri,2900000,4966199.66,2066199.66,71.25,Linear Regression
PROP-661B8AB6A103,Chennai,Triplicane,5299000,6550689.83,1251689.83,23.62,Linear Regression
PROP-B5D2587A4084,Pune,Manjari Budruk,7500000,7809698.56,309698.56,4.13,Linear Regression
PROP-A918B769D6B9,Pune,Punawale,5800000,6992317.43,1192317.43,20.56,Linear Regression
PROP-6B6BE6C61FEF,Chennai,Perumbakkam,3950000,4545381.29,595381.29,15.07,Linear Regression
PROP-5CF35E1B898A,Chennai,Padur,1950000,4324542.97,2374542.97,121.77,Linear Regression
PROP-3394EA0AC455,Pune,Tathawade,13500000,14042634.29,542634.29,4.02,Linear Regression
PROP-F98C157B29CE,Pune,Ghorpadi,32500000,29810640.21,2689359.79,8.27,Linear Regression
PROP-8376954AEA95,Chennai,Kodungaiyur East,5900000,6888294.14,988294.14,16.75,Linear Regression
PROP-4F32EE8407AD,Chennai,Guduvancheri,7500000,7756773.54,256773.54,3.42,Linear Regression
PROP-2E3EC8E874AE,Delhi,Kalkaji,5500000,6757796.6,1257796.6,22.87,Linear Regression
PROP-9A1F628A10B9,Delhi,Dilshad Garden,4500000,7241064.77,2741064.77,60.91,Linear Regression
PROP-B67D54B79A19,Chennai,Kodungaiyur West,3250000,5302907.05,2052907.05,63.17,Linear Regression
PROP-1562A0265141,Chennai,Kumananchavadi,6000000,5526268.64,473731.36,7.9,Linear Regression
PROP-80FBD22F25CE,Delhi,Ashok Vihar,7000000,7595787.58,595787.58,8.51,Linear Regression
PROP-5D924DEEC572,Delhi,Mayur Vihar Phase 3,13000000,13981072.85,981072.85,7.55,Linear Regression
PROP-EEC70E716251,Delhi,Mahavir Enclave,2000000,1838056.94,161943.06,8.1,Linear Regression
PROP-9777B4A5461C,Pune,Balewadi,402000000,47572091.49,354427908.51,88.17,Linear Regression
PROP-2EC168604693,Chennai,Triplicane,6200000,6740343.89,540343.89,8.72,Linear Regression
PROP-0E0D2C5B8C8A,Pune,Jalochi,3500000,3561581.72,61581.72,1.76,Linear Regression
PROP-E9E5C4B7AAC9,Delhi,Wazirabad,3000000,6340403.6,3340403.6,111.35,Linear Regression
PROP-CAD881D27239,Chennai,Oragadam Ambattur,11000000,12096027.29,1096027.29,9.96,Linear Regression
PROP-E65FC9D8022F,Chennai,Triplicane,11000000,5673197.98,5326802.02,48.43,Linear Regression
PROP-61F665798380,Chennai,Old Washermanpet,21800000,4375060.12,17424939.88,79.93,Linear Regression
PROP-4D8D9BA16C41,Pune,Dhankawadi,4100000,5684190.85,1584190.85,38.64,Linear Regression
PROP-04225BDF52C1,Pune,Hinjewadi Phase 3,7200000,8636111.14,1436111.14,19.95,Linear Regression
PROP-28DFBC8DCE0A,Pune,Hadapsar,5500000,6020239.08,520239.08,9.46,Linear Regression
PROP-BE86905CFF2E,Pune,Talegaon Dabhade,3500000,4370108.1,870108.1,24.86,Linear Regression
PROP-7A95207DD455,Chennai,Urapakkam,6200000,7239053.77,1039053.77,16.76,Linear Regression
PROP-9DA23E88251B,Chennai,Paranur,30000000,35937824.02,5937824.02,19.79,Linear Regression
PROP-2330079CA17F,Pune,Rahatani,8000000,8424660.3,424660.3,5.31,Linear Regression
PROP-334657AE77B1,Chennai,Muttukadu,12700000,9557736.31,3142263.69,24.74,Linear Regression
PROP-91964089B0FC,Delhi,Old Delhi,1600000,2745330.89,1145330.89,71.58,Linear Regression
PROP-0EDAB1BD1273,Chennai,Kosappur,7000000,6898885.25,101114.75,1.44,Linear Regression
PROP-B355C98429A1,Kolkata,Boral,3500000,6108822.9,2608822.9,74.54,Linear Regression
PROP-E528079CC2AD,Bengaluru,Padmanabhanagar,3850000,4778662.98,928662.98,24.12,Linear Regression
PROP-E5C7FD45EC04,Chennai,Perungalathur,3300000,4647443.78,1347443.78,40.83,Linear Regression
PROP-69F66ED866EC,Chennai,Rajakilpakkam,4200000,5617133.15,1417133.15,33.74,Linear Regression
PROP-FE7C351FC38D,Kolkata,Ganguly Bagan,3500000,5941697.22,2441697.22,69.76,Linear Regression
PROP-1D5694A4E89E,Bengaluru,Jakkur,16000000,18754779.48,2754779.48,17.22,Linear Regression
PROP-648DA5A4EDFF,Delhi,Sarita Vihar,5000000,3926850.6,1073149.4,21.46,Linear Regression
PROP-386843F2FDBC,Bengaluru,Akshayanagar,4800000,5355647.2,555647.2,11.58,Linear Regression
PROP-E183B36DBF9C,Pune,Rahatani,3200000,3386820.84,186820.84,5.84,Linear Regression
PROP-D9CB1DD0F711,Pune,Kirkatwadi,4500000,5221834.72,721834.72,16.04,Linear Regression
PROP-0839A69A25E7,Kolkata,Bhowanipore,40000000,20534088.18,19465911.82,48.66,Linear Regression
PROP-6C2B6A425065,Chennai,Kalipathur,4000000,6975387.0,2975387.0,74.38,Linear Regression
PROP-A36C94723B05,Chennai,Kotturpuram,12800000,9775318.29,3024681.71,23.63,Linear Regression
PROP-0CCC81E445EA,Bengaluru,Sahakara Nagar,13000000,12366522.64,633477.36,4.87,Linear Regression
PROP-0FA60BF8C7B6,Pune,Pimple Nilakh,4500000,4288045.8,211954.2,4.71,Linear Regression
PROP-8E5E873C46A7,Pune,Fursungi,3400000,4003196.19,603196.19,17.74,Linear Regression
PROP-3E351217DCA4,Kolkata,Bangur Avenue,3500000,4283571.82,783571.82,22.39,Linear Regression
PROP-C8E42F858B13,Bengaluru,Hsr Layout,5850000,6015661.73,165661.73,2.83,Linear Regression
PROP-AB5A295B5293,Pune,Hinjewadi Phase 3,6300000,6602719.34,302719.34,4.81,Linear Regression
PROP-6101D9D0815E,Pune,Camp,16000000,19204071.29,3204071.29,20.03,Linear Regression
PROP-516147147170,Bengaluru,Sorahunase,5850000,8680464.11,2830464.11,48.38,Linear Regression
PROP-E1400AEBC247,Kolkata,New Alipore,5500000,8000244.83,2500244.83,45.46,Linear Regression
PROP-613214026DEC,Kolkata,Nayabad,3200000,4086459.77,886459.77,27.7,Linear Regression
PROP-C50197315C5B,Pune,Dudulgaon,2800000,3205391.96,405391.96,14.48,Linear Regression
PROP-96AE64E0AE51,Bengaluru,Kaval Bairasandra,4800000,4885552.87,85552.87,1.78,Linear Regression
PROP-81B98A2ADF41,Delhi,Narela,4000000,5052361.06,1052361.06,26.31,Linear Regression
PROP-485FF5B36297,Pune,Uttam Nagar,2200000,2155403.02,44596.98,2.03,Linear Regression
PROP-C52F4D39B865,Kolkata,Thakurpukur,1800000,4129386.41,2329386.41,129.41,Linear Regression
PROP-EDF8432FE4FB,Bengaluru,Kengeri Hobli,7000000,5797963.89,1202036.11,17.17,Linear Regression
PROP-1637BD590F22,Delhi,Ashok Vihar,58000000,29047099.27,28952900.73,49.92,Linear Regression
PROP-EDA26ACA745F,Pune,Shikrapur,1500000,1922687.73,422687.73,28.18,Linear Regression
PROP-BBB3A01A2F49,Bengaluru,Whitefield,6300000,6110570.15,189429.85,3.01,Linear Regression
PROP-296A5EDDFEF1,Kolkata,Dum Dum Park,2800000,4689087.77,1889087.77,67.47,Linear Regression
PROP-326C6C985F63,Bengaluru,Choodasandra,12000000,13303636.88,1303636.88,10.86,Linear Regression
PROP-0BF84DE55887,Chennai,Tambaram East,6500000,7917212.38,1417212.38,21.8,Linear Regression
PROP-1BA137FCFEB8,Pune,Sangamvadi,4800000,4406712.74,393287.26,8.19,Linear Regression
PROP-34AA51D6DB14,Chennai,Valasaravakkam,6600000,6803795.29,203795.29,3.09,Linear Regression
PROP-F692AF9D9DBB,Pune,Pirangut,4800000,5234912.17,434912.17,9.06,Linear Regression
PROP-C9F82BF3C623,Chennai,Varadharajapuram,6000000,5390369.4,609630.6,10.16,Linear Regression
PROP-9920FEDD3A27,Bengaluru,Gunjur,5500000,5748612.55,248612.55,4.52,Linear Regression
PROP-7D6F43A9D4CE,Chennai,Ayappakkam,7500000,5751555.77,1748444.23,23.31,Linear Regression
PROP-FB0D36CBD496,Pune,Lohegaon,4500000,4882672.64,382672.64,8.5,Linear Regression
PROP-1225888C958D,Kolkata,Purba Barisha,2700000,4078780.56,1378780.56,51.07,Linear Regression
PROP-734131851919,Kolkata,Belghoria,2800000,4188463.07,1388463.07,49.59,Linear Regression
PROP-B13EC64B4D8C,Pune,Chakan,1200000,1343578.72,143578.72,11.96,Linear Regression
PROP-F466BD78E78E,Pune,Dhayari,2400000,2914859.69,514859.69,21.45,Linear Regression
PROP-333C68C4F662,Pune,Rahatani,10500000,12316429.09,1816429.09,17.3,Linear Regression
PROP-C24219733A36,Pune,Sadashiv Peth,7000000,7765186.83,765186.83,10.93,Linear Regression
PROP-93543A2B8291,Bengaluru,Electronic City,12500000,12942601.45,442601.45,3.54,Linear Regression
PROP-5B88E522A164,Delhi,Arjun Nagar,4000000,4116216.35,116216.35,2.91,Linear Regression
PROP-4CB24B1A7F77,Delhi,Ganesh Nagar,2650000,3554698.4,904698.4,34.14,Linear Regression
PROP-7ED1F20898BC,Bengaluru,Srinivasa Nagar,11000000,23872412.05,12872412.05,117.02,Linear Regression
PROP-D1ECAC019D3E,Delhi,Madanpur Dabas,2500000,2358138.16,141861.84,5.67,Linear Regression
PROP-EE658D339931,Kolkata,Alipore,19900000,11250561.69,8649438.31,43.46,Linear Regression
PROP-ED2A96EE81CC,Kolkata,Keshtopur,9500000,6739546.02,2760453.98,29.06,Linear Regression
PROP-F199A2484588,Delhi,Sector 35 Rohini,2500000,3414380.7,914380.7,36.58,Linear Regression
PROP-4E40A6E12781,Bengaluru,Akshayanagar,26500000,32311371.98,5811371.98,21.93,Linear Regression
PROP-608EF4DC87B4,Chennai,Poonamallee,24500000,16303243.61,8196756.39,33.46,Linear Regression
PROP-D08A5EDEFD32,Kolkata,Tollygunge,25000000,8117127.47,16882872.53,67.53,Linear Regression
PROP-1FB8D6BD160D,Chennai,Madambakkam,3000000,4774565.69,1774565.69,59.15,Linear Regression
PROP-8A5464BB826A,Pune,Ambegaon Budruk,15000000,16370418.0,1370418.0,9.14,Linear Regression
PROP-DC411E13B622,Chennai,Choolaimedu,19700000,14886274.99,4813725.01,24.44,Linear Regression
PROP-B110CDEDE589,Kolkata,Tollygunge,30000000,9905678.11,20094321.89,66.98,Linear Regression
PROP-8CE170936004,Pune,Fursungi,3700000,3431743.63,268256.37,7.25,Linear Regression
PROP-8A768B15D13A,Kolkata,Malancha Mahi Nagar,8500000,5237503.93,3262496.07,38.38,Linear Regression
PROP-61D3FEC6E5AB,Pune,Kondhwa,3200000,2749664.17,450335.83,14.07,Linear Regression
PROP-0C7348FE202B,Bengaluru,Jp Nagar,22500000,23912921.23,1412921.23,6.28,Linear Regression
PROP-304E27B69521,Delhi,Jangpura,4425000,4393330.95,31669.05,0.72,Linear Regression
PROP-A7E68362B9E1,Pune,Uruli Kanchan,2700000,2373245.04,326754.96,12.1,Linear Regression
PROP-AA8604D84968,Bengaluru,Gattahalli,6000000,6376456.89,376456.89,6.27,Linear Regression
PROP-9822EEF82ABC,Kolkata,Behala,17000000,11308811.61,5691188.39,33.48,Linear Regression
PROP-DFD6E796FB34,Pune,Mahalunge Ingale,2800000,3218712.94,418712.94,14.95,Linear Regression
PROP-E919A969ED24,Bengaluru,Electronic City Phase Ii,7500000,7955305.42,455305.42,6.07,Linear Regression
PROP-106BC321EBEB,Kolkata,New Town,1800000,3265715.1,1465715.1,81.43,Linear Regression
PROP-EE9919856925,Kolkata,Shobhabazar,35000000,13102705.57,21897294.43,62.56,Linear Regression
PROP-FB797273D500,Bengaluru,Mathikere,13500000,14164011.0,664011.0,4.92,Linear Regression
PROP-85AD7C219091,Pune,Kashewadi,19000000,13133541.46,5866458.54,30.88,Linear Regression
PROP-AF6DFD39DE24,Kolkata,Chandpara,2800000,9685578.2,6885578.2,245.91,Linear Regression
PROP-EB6490EEF52A,Chennai,Ambattur,5600000,6222572.64,622572.64,11.12,Linear Regression
PROP-170E8E55BC70,Pune,Bopkhel,2700000,2808622.13,108622.13,4.02,Linear Regression
PROP-E64408990A61,Bengaluru,Volagerekallahalli,5000000,5344343.16,344343.16,6.89,Linear Regression
PROP-F63B0ABC2C11,Bengaluru,Rajajinagar,7500000,8296476.22,796476.22,10.62,Linear Regression
PROP-5AB3B76F53DE,Bengaluru,Kambipura,5320000,5284125.85,35874.15,0.67,Linear Regression
PROP-B648F5933CA8,Delhi,Bindapur,2550000,3384124.56,834124.56,32.71,Linear Regression
PROP-95F5F8A5DECD,Kolkata,Purba Putiary,4200000,6291718.91,2091718.91,49.8,Linear Regression
PROP-D7D0F89B13AE,Bengaluru,Subramanyapura,4490000,4924572.89,434572.89,9.68,Linear Regression
PROP-EF727F0D4308,Delhi,Kondli,1500000,9882053.31,8382053.31,558.8,Linear Regression
PROP-FA8C0436DBDA,Kolkata,Baruipur P,2450000,4294988.64,1844988.64,75.31,Linear Regression
PROP-7CF1253EFBEE,Kolkata,Barasat,11000000,5794465.25,5205534.75,47.32,Linear Regression
PROP-E8E86B079FDA,Kolkata,Ruiya,2600000,3726087.2,1126087.2,43.31,Linear Regression
PROP-EA5C1B8F0143,Pune,Bavdhan,28000000,28250265.05,250265.05,0.89,Linear Regression
PROP-5595AF735EEB,Delhi,Malviya Nagar,200000000,90838543.03,109161456.97,54.58,Linear Regression
PROP-8E8B33778AD0,Kolkata,Harinavi,4500000,6822463.03,2322463.03,51.61,Linear Regression
PROP-87E5683FF62B,Chennai,Adambakkam,9631000,6928529.64,2702470.36,28.06,Linear Regression
PROP-B1B9153B540D,Kolkata,Hanspukuria,1300000,3550531.14,2250531.14,173.12,Linear Regression
PROP-1CE982CF9374,Bengaluru,Sahakara Nagar,21100000,17148537.23,3951462.77,18.73,Linear Regression
PROP-08020ABAEB5F,Delhi,Mandi,4800000,4610016.33,189983.67,3.96,Linear Regression
PROP-1281D0CC8F2D,Pune,Kharadi,8000000,8625169.74,625169.74,7.81,Linear Regression
PROP-D8E85E5F9387,Chennai,Velachery,13000000,8398433.98,4601566.02,35.4,Linear Regression
PROP-2A868B10386A,Bengaluru,Anchepalya,5000000,4511349.03,488650.97,9.77,Linear Regression
PROP-D13F1E999F2A,Bengaluru,Kambipura,4500000,4411285.01,88714.99,1.97,Linear Regression
PROP-198FA6AB72E8,Bengaluru,Iggalur,4000000,5020056.35,1020056.35,25.5,Linear Regression
PROP-EF09CA4355A3,Kolkata,Shobhabazar,16000000,11077280.26,4922719.74,30.77,Linear Regression
PROP-664997DC907D,Bengaluru,Kogilu,16000000,13822019.5,2177980.5,13.61,Linear Regression
PROP-B36EAA23BE5F,Bengaluru,Kadugodi,6000000,6466244.06,466244.06,7.77,Linear Regression
PROP-13B112EC5F8E,Pune,Yewalewadi,2800000,3175736.27,375736.27,13.42,Linear Regression
PROP-4E1D7BA11A5B,Pune,Bhugaon,1100000,956403.33,143596.67,13.05,Linear Regression
PROP-313C6CDE9C19,Chennai,Ekkatuthangal,32500000,16356282.87,16143717.13,49.67,Linear Regression
PROP-2CEA46066DA3,Kolkata,Hussainpur,50000000,13773116.03,36226883.97,72.45,Linear Regression
PROP-AA1F2E9E4803,Delhi,Sector 25 Rohini,6500000,10203681.39,3703681.39,56.98,Linear Regression
PROP-E3F96BB1EFFF,Bengaluru,Anagalapura,8500000,9630976.7,1130976.7,13.31,Linear Regression
PROP-9ED958E0E47F,Bengaluru,Hennur,19700000,16180209.79,3519790.21,17.87,Linear Regression
PROP-F6374C8B0A70,Kolkata,Boral,2100000,4221759.02,2121759.02,101.04,Linear Regression
PROP-2C9F5256BF79,Bengaluru,Rajajinagar,11000000,16179469.8,5179469.8,47.09,Linear Regression
PROP-847E6F96F715,Kolkata,Mahheshtala,5600000,6466031.79,866031.79,15.46,Linear Regression
PROP-1BCEA45AC9A8,Kolkata,Malancha Mahi Nagar,2200000,4104230.0,1904230.0,86.56,Linear Regression
PROP-05DB6BF616BA,Pune,Kondhwa,5700000,5732145.3,32145.3,0.56,Linear Regression
PROP-23CA3016CA9F,Pune,Bakori,2500000,3245331.19,745331.19,29.81,Linear Regression
PROP-2145BED22369,Bengaluru,Chikkalasandra,2700000,2527661.92,172338.08,6.38,Linear Regression
PROP-4EBBB3B7CCDC,Bengaluru,Kothanur,7800000,9700141.71,1900141.71,24.36,Linear Regression
PROP-E6BC27C0C4ED,Delhi,Sector 12 Dwarka,60500000,59113786.49,1386213.51,2.29,Linear Regression
PROP-28BDB93AB05C,Kolkata,Mahheshtala,8500000,7400754.82,1099245.18,12.93,Linear Regression
PROP-E7104E6734F4,Kolkata,Sonarpur,4400000,5411677.37,1011677.37,22.99,Linear Regression
PROP-BA443155CFB6,Kolkata,Subhasgram,3200000,4872952.23,1672952.23,52.28,Linear Regression
PROP-23A9AD464CE9,Delhi,Mahavir Enclave,3700000,3712790.63,12790.63,0.35,Linear Regression
PROP-6AFD1A14CAC8,Bengaluru,Electronic City Phase Ii,5000000,5224624.97,224624.97,4.49,Linear Regression
PROP-DF5E711D6ECF,Pune,Wadegaon,2500000,8382113.6,5882113.6,235.28,Linear Regression
PROP-63CEAAB317BC,Mumbai,Kandivali West,6700000,10334699.56,3634699.56,54.25,Linear Regression
PROP-2E5973593398,Pune,Daund,1750000,3534933.96,1784933.96,102.0,Linear Regression
PROP-4FD4122CB71C,Mumbai,Kandivali West,13000000,15992657.76,2992657.76,23.02,Linear Regression
PROP-C53EE29FC18B,Delhi,Hauz Khas,24000000,16860582.23,7139417.77,29.75,Linear Regression
PROP-45E74B98F378,Delhi,Burari,2600000,2453688.98,146311.02,5.63,Linear Regression
PROP-77DD4E044C4F,Delhi,Hastsal,2800000,3837496.14,1037496.14,37.05,Linear Regression
PROP-C6F3281B4F7A,Pune,Wadgaon Sheri,1300000,1948363.32,648363.32,49.87,Linear Regression
PROP-05CBC5643D66,Mumbai,Virar West,2851000,4454557.01,1603557.01,56.25,Linear Regression
PROP-D27FE8ED9C9F,Bengaluru,Chikkabidarakallu,7200000,15586408.52,8386408.52,116.48,Linear Regression
PROP-632C124B793F,Bengaluru,Krishnarajapura,6000000,5204646.01,795353.99,13.26,Linear Regression
PROP-00315A001814,Mumbai,Malad East,20500000,23244244.87,2744244.87,13.39,Linear Regression
PROP-C9366A78D70D,Bengaluru,Kothanur,35000000,36443944.4,1443944.4,4.13,Linear Regression
PROP-DC3C2145E1AC,Mumbai,Borivali East,11500000,10238916.18,1261083.82,10.97,Linear Regression
PROP-458DEF5FE251,Bengaluru,Hoodi,16000000,13613637.76,2386362.24,14.91,Linear Regression
PROP-1D5CF6DD2C38,Bengaluru,Kannuru,11000000,12744478.79,1744478.79,15.86,Linear Regression
PROP-492625BAD932,Bengaluru,Yemalur,60000000,72643675.15,12643675.15,21.07,Linear Regression
PROP-BD07EDEEFD63,Mumbai,Chembur,8920000,8523688.25,396311.75,4.44,Linear Regression
PROP-D4AB82AAEDF3,Mumbai,Vasai East,2721000,4284024.27,1563024.27,57.44,Linear Regression
PROP-AA245635FFD7,Pune,Kondhwa,2000000,2748138.44,748138.44,37.41,Linear Regression
PROP-06E01DE1DAB4,Bengaluru,Cheemasandra,5500000,5006048.61,493951.39,8.98,Linear Regression
PROP-6F8ADE2DA9CB,Mumbai,Naigaon East,4899000,6679739.31,1780739.31,36.35,Linear Regression
PROP-C431CBCA17A2,Delhi,Naraina,13200000,11038080.74,2161919.26,16.38,Linear Regression
PROP-7EB8B1FF2E3F,Bengaluru,Bannerughatta,13000000,12259695.13,740304.87,5.69,Linear Regression
PROP-B7FEAC547CA7,Bengaluru,Jalahalli West,6800000,9311756.09,2511756.09,36.94,Linear Regression
PROP-CC915AD77372,Mumbai,Goregaon East,8300000,6506036.89,1793963.11,21.61,Linear Regression
PROP-694E59BA790E,Pune,Vadgaon,2000000,1650930.67,349069.33,17.45,Linear Regression
PROP-A769840801B9,Delhi,Mandawali,11500000,8803038.37,2696961.63,23.45,Linear Regression
PROP-258B93367EED,Delhi,Kalkaji,63000000,31959609.27,31040390.73,49.27,Linear Regression
PROP-435F0CDB069E,Mumbai,Bhayandar East,5300000,4996562.21,303437.79,5.73,Linear Regression
PROP-3DDB0F55D369,Mumbai,Nalasopara East,7000000,7069143.97,69143.97,0.99,Linear Regression
PROP-8B7EA326E510,Hyderabad,Aminpur,5600000,8002997.18,2402997.18,42.91,Linear Regression
PROP-5741A3F5146F,Hyderabad,Bollaram Industrial Area,7800000,9562918.72,1762918.72,22.6,Linear Regression
PROP-CFB9AE36EF50,Bengaluru,C V Raman Nagar,3510000,3201155.07,308844.93,8.8,Linear Regression
PROP-F3B05B74B0FD,Bengaluru,Rmv Extension Stage 2,23700000,32279694.77,8579694.77,36.2,Linear Regression
PROP-BD83B0D4BE9A,Hyderabad,Uppal,10700000,10036421.46,663578.54,6.2,Linear Regression
PROP-A7EC45B2B1D0,Bengaluru,Kasturi Nagar,3800000,4854930.27,1054930.27,27.76,Linear Regression
PROP-86508AB54F25,Bengaluru,Seegehalli,8800000,9219025.64,419025.64,4.76,Linear Regression
PROP-32AFBDC58406,Hyderabad,Balaji Nagar,8500000,9846339.05,1346339.05,15.84,Linear Regression
PROP-36628C10D007,Bengaluru,Doddabidrakallu,6500000,24418485.63,17918485.63,275.67,Linear Regression
PROP-A6AB8397456D,Bengaluru,Sonnur,7500000,9393080.66,1893080.66,25.24,Linear Regression
PROP-5C5AFBD86242,Bengaluru,Guddadahalli,1250000,842588.54,407411.46,32.59,Linear Regression
PROP-8F7C8EBD5588,Hyderabad,Bogaram,4900000,7852068.27,2952068.27,60.25,Linear Regression
PROP-6C2B039E313E,Bengaluru,Maralakunte,3600000,3660278.61,60278.61,1.67,Linear Regression
PROP-66441F6436B0,Bengaluru,Hosur Municipality,7000000,8649457.78,1649457.78,23.56,Linear Regression
PROP-54FB8012675F,Pune,Loni Kalbhor,3200000,4253331.31,1053331.31,32.92,Linear Regression
PROP-3CBFD4283E7D,Bengaluru,Challaghatta,7500000,8407553.46,907553.46,12.1,Linear Regression
PROP-BF4B025F4EA1,Bengaluru,Btm Layout,4000000,3787026.43,212973.57,5.32,Linear Regression
PROP-8E13C5D7545C,Hyderabad,Kondapur,11000000,10724599.57,275400.43,2.5,Linear Regression
PROP-5C8299FC38FE,Bengaluru,Horamavu,15000000,18598310.15,3598310.15,23.99,Linear Regression
PROP-8668B0B45D3A,Delhi,Maharani Bagh,260000000,121709115.3,138290884.7,53.19,Linear Regression
PROP-E8F503B5CE48,Hyderabad,Chandanagar,7500000,8736901.78,1236901.78,16.49,Linear Regression
PROP-77329B5BA900,Bengaluru,Kamakshipalya,15000000,20247259.82,5247259.82,34.98,Linear Regression
PROP-4A347E7DA3DC,Delhi,Dera Mandi,3000000,2108976.7,891023.3,29.7,Linear Regression
PROP-DC8F580FB026,Delhi,Alaknanda,19900000,17319774.94,2580225.06,12.97,Linear Regression
PROP-0878402916DC,Pune,Shukrawar Peth,6500000,7233990.66,733990.66,11.29,Linear Regression
PROP-FDECEAA546D1,Mumbai,Powai,23000000,23400301.47,400301.47,1.74,Linear Regression
PROP-6198AC7EC0DF,Bengaluru,Kengeri,900000,899557.5,442.5,0.05,Linear Regression
PROP-AB0BBD0C6D49,Delhi,Vijay Nagar,50000000,56418967.56,6418967.56,12.84,Linear Regression
PROP-198A5F0ACE25,Delhi,Budh Vihar,3100000,2683598.01,416401.99,13.43,Linear Regression
PROP-EA404F05B3EB,Pune,Narayan Peth,8500000,8129246.48,370753.52,4.36,Linear Regression
PROP-DD30D103F266,Bengaluru,Judicial Layout,30000000,29843897.14,156102.86,0.52,Linear Regression
PROP-542C4186E7F7,Bengaluru,Hampapura,6000000,7203442.81,1203442.81,20.06,Linear Regression
PROP-4AA728E166E1,Mumbai,Nalasopara West,4400000,4972689.32,572689.32,13.02,Linear Regression
PROP-000A21CCBACA,Mumbai,Malad West,27500000,33650802.19,6150802.19,22.37,Linear Regression
PROP-1764DE938CB2,Mumbai,Malad West,30000000,29700059.41,299940.59,1.0,Linear Regression
PROP-98A488E2F1D0,Delhi,Rajouri Garden,50000000,66883858.35,16883858.35,33.77,Linear Regression
PROP-06F40D2EB4E6,Pune,Narhe,35000000,21294910.89,13705089.11,39.16,Linear Regression
PROP-29788285818B,Pune,Bhukum,5700000,7600156.35,1900156.35,33.34,Linear Regression
PROP-5520533EFB2F,Bengaluru,Hongasandra,7399000,9522735.31,2123735.31,28.7,Linear Regression
PROP-99ACB118B6F4,Bengaluru,Kamanahalli,14500000,16636419.65,2136419.65,14.73,Linear Regression
PROP-5733CFBDF24B,Bengaluru,Sarjapur,9500000,7426827.99,2073172.01,21.82,Linear Regression
PROP-7CC5127F69BD,Mumbai,Bhandup West,7200000,9527332.05,2327332.05,32.32,Linear Regression
PROP-A05C4429A9FC,Pune,Kalewadi,3000000,4648560.09,1648560.09,54.95,Linear Regression
PROP-D87A0198868C,Mumbai,Goregaon East,8500000,9112066.58,612066.58,7.2,Linear Regression
PROP-0BBE63F1E20D,Bengaluru,Kanakapura,8000000,7599230.72,400769.28,5.01,Linear Regression
PROP-FAB52FCADBB0,Bengaluru,Attibele,4000000,4818665.99,818665.99,20.47,Linear Regression
PROP-F04FDD52F160,Bengaluru,Vidyamanya Nagar,10500000,17479810.75,6979810.75,66.47,Linear Regression
PROP-B131C8D8000B,Pune,Shivane,1500000,2160476.98,660476.98,44.03,Linear Regression
PROP-C84F060AFA00,Bengaluru,Hoskote,5500000,5023947.63,476052.37,8.66,Linear Regression
PROP-02FEAC0596D3,Bengaluru,Kamakshipalya,9750000,9685743.82,64256.18,0.66,Linear Regression
PROP-FAB7AF2D93BB,Bengaluru,Kengeri,6600000,6355420.11,244579.89,3.71,Linear Regression
PROP-55719E10D12B,Bengaluru,Kommaghatta,3000000,4149352.91,1149352.91,38.31,Linear Regression
PROP-DEB94CB75BE4,Bengaluru,Hsr Layout,7500000,7115679.41,384320.59,5.12,Linear Regression
PROP-8359119ED5FD,Pune,Lohegaon,6500000,9763265.84,3263265.84,50.2,Linear Regression
PROP-CAF935D58B8C,Pune,Bhukum,5500000,7424638.69,1924638.69,34.99,Linear Regression
PROP-C1327463EF55,Mumbai,Kurla East,13500000,12922596.38,577403.62,4.28,Linear Regression
PROP-6DA81C10D230,Delhi,Patel Nagar,1700000,2720851.51,1020851.51,60.05,Linear Regression
PROP-0D5ED96E5341,Mumbai,Jogeshwari East,37500000,48300502.17,10800502.17,28.8,Linear Regression
PROP-22CD5738FB0E,Mumbai,Girgaon,40000000,53676238.7,13676238.7,34.19,Linear Regression
PROP-5E7006C6DE42,Pune,Dhayari,1100000,1462888.58,362888.58,32.99,Linear Regression
PROP-A5328FBFC753,Mumbai,Virar East,5800000,6585272.88,785272.88,13.54,Linear Regression
PROP-43BC8D20B7B7,Mumbai,Kurla West,14000000,15942816.19,1942816.19,13.88,Linear Regression
PROP-5A56AA8A08FA,Bengaluru,Sahakara Nagar,9500000,11032263.57,1532263.57,16.13,Linear Regression
PROP-BD90C11DB865,Bengaluru,Nelamangala,4000000,4415900.36,415900.36,10.4,Linear Regression
PROP-9398CC3312AD,Delhi,Sadar Bazaar,11000000,9694914.27,1305085.73,11.86,Linear Regression
PROP-E54C4CC4143D,Mumbai,Malad East,15000000,16933219.72,1933219.72,12.89,Linear Regression
PROP-9C3EEB35B420,Delhi,Adarsh Nagar,25000000,30070635.45,5070635.45,20.28,Linear Regression
PROP-359EEE86227E,Mumbai,Andheri West,21000000,23335975.34,2335975.34,11.12,Linear Regression
PROP-E4876A9CAC1C,Mumbai,Malad East,20000000,22096946.34,2096946.34,10.48,Linear Regression
PROP-880C6F34B0DF,Bengaluru,Nandini Layout,13000000,10472651.16,2527348.84,19.44,Linear Regression
PROP-3D3EC1625601,Mumbai,Malad West,8100000,8836889.8,736889.8,9.1,Linear Regression
PROP-6112D1781924,Bengaluru,Thirumalashettyhally,55000000,82695270.89,27695270.89,50.36,Linear Regression
PROP-41829DBEA606,Mumbai,Kandivali West,9000000,11175205.9,2175205.9,24.17,Linear Regression
PROP-53D84ADB72F7,Mumbai,Kurla West,6500000,7166042.81,666042.81,10.25,Linear Regression
PROP-9E7BCF04EDE8,Mumbai,Powai,10500000,11585327.91,1085327.91,10.34,Linear Regression
PROP-F3D1D603A062,Mumbai,Powai,10500000,8792383.24,1707616.76,16.26,Linear Regression
PROP-CFFF3032E4E0,Bengaluru,Mattanahalli,8500000,9468639.6,968639.6,11.4,Linear Regression
PROP-C89C11D63D80,Mumbai,Dahisar East,10100000,18105370.45,8005370.45,79.26,Linear Regression
PROP-5215FFD550FF,Mumbai,Nalasopara West,3000000,3086425.68,86425.68,2.88,Linear Regression
PROP-CB420390021B,Mumbai,Virar West,3450000,4162486.94,712486.94,20.65,Linear Regression
PROP-031F58899CBC,Mumbai,Kandivali West,11000000,14759696.45,3759696.45,34.18,Linear Regression
PROP-54656E0D0768,Mumbai,Bandra East,14000000,14958580.01,958580.01,6.85,Linear Regression
PROP-DE77DDEF494D,Mumbai,Vasai East,4500000,7189711.71,2689711.71,59.77,Linear Regression
PROP-654778C330CB,Pune,Ambegaon Pathar,1900000,2117584.99,217584.99,11.45,Linear Regression
PROP-F6766D1B8C97,Bengaluru,Hoskote,4700000,4523413.51,176586.49,3.76,Linear Regression
PROP-B18EC98533BC,Mumbai,Nalasopara West,3500000,4063624.38,563624.38,16.1,Linear Regression
PROP-19775ADE39A1,Mumbai,Virar West,5500000,8100053.64,2600053.64,47.27,Linear Regression
PROP-3723387937B4,Delhi,Sadar Bazaar,3000000,2990098.99,9901.01,0.33,Linear Regression
PROP-7A46654D7F84,Bengaluru,Krishnarajapura,16500000,24802581.09,8302581.09,50.32,Linear Regression
PROP-AFE4909FB450,Pune,Talegaon Dhamdhere,1500000,1769568.33,269568.33,17.97,Linear Regression
PROP-777EB36E045C,Bengaluru,Subramanyapura,9500000,9770305.9,270305.9,2.85,Linear Regression
PROP-B9F84526912F,Mumbai,Parel,52500000,72753433.42,20253433.42,38.58,Linear Regression
PROP-8E87C2F71D48,Hyderabad,Pocharam,9350000,12823426.75,3473426.75,37.15,Linear Regression
PROP-C81C482E8DBA,Delhi,Aya Nagar,4500000,7874500.32,3374500.32,74.99,Linear Regression
PROP-57B08CFE88BF,Hyderabad,Ramachandra Puram,10500000,9425800.62,1074199.38,10.23,Linear Regression
PROP-B96700D95328,Delhi,Laxmi Nagar,26000000,61359159.87,35359159.87,136.0,Linear Regression
PROP-69C631F7658B,Delhi,Sector 3 Rohini,12500000,14001421.7,1501421.7,12.01,Linear Regression
PROP-8B3DAFCCCF56,Bengaluru,Cholur Palya,6500000,4782152.23,1717847.77,26.43,Linear Regression
PROP-885DE6F1103B,Bengaluru,Kadugondanahalli,14000000,10251797.12,3748202.88,26.77,Linear Regression
PROP-99AAA93BAC68,Bengaluru,Kanakapura,3400000,3599555.97,199555.97,5.87,Linear Regression
PROP-0FCBDB85439A,Bengaluru,Bommasandra,400000,582180.73,182180.73,45.55,Linear Regression
PROP-03E134651F84,Delhi,Dera Mandi,3300000,4230506.6,930506.6,28.2,Linear Regression
PROP-9C5226730386,Bengaluru,Jigani,12000000,12462565.63,462565.63,3.85,Linear Regression
PROP-505B7131981D,Bengaluru,Gowribidnur,7500000,7678040.94,178040.94,2.37,Linear Regression
PROP-081DE3F3917C,Bengaluru,Domlur Layout,12500000,19739355.65,7239355.65,57.91,Linear Regression
PROP-2D3594EF8801,Bengaluru,Magadi,13500000,17416654.16,3916654.16,29.01,Linear Regression
PROP-4114CA9A0691,Bengaluru,Cox Town,38400000,32595177.56,5804822.44,15.12,Linear Regression
PROP-A8211BC89FFB,Bengaluru,Frazer Town,16000000,8969333.94,7030666.06,43.94,Linear Regression
PROP-34ACBE650F65,Bengaluru,Jeevanbheemanagar,27500000,32933971.93,5433971.93,19.76,Linear Regression
PROP-250622635EFD,Delhi,Palam,5000000,4360418.12,639581.88,12.79,Linear Regression
PROP-9B2DA08A0EF3,Delhi,Sagar Pur,15000000,24699952.94,9699952.94,64.67,Linear Regression
PROP-C8482B6CCA65,Bengaluru,Neelasandra,1800000,1804880.55,4880.55,0.27,Linear Regression
PROP-531A18AFA92B,Bengaluru,Banashankari,13800000,10792690.26,3007309.74,21.79,Linear Regression
PROP-273A16A98588,Bengaluru,Basavanapura,5500000,4937570.83,562429.17,10.23,Linear Regression
PROP-2CCA33A58C7F,Delhi,Dwarka Mor,4500000,4933837.13,433837.13,9.64,Linear Regression
PROP-B75D4C6DF44D,Bengaluru,Vidyaranyapura,2300000,2468662.92,168662.92,7.33,Linear Regression
PROP-B63FADCB1C55,Bengaluru,Kada Agrahara,8600000,10119805.13,1519805.13,17.67,Linear Regression
PROP-C115B99019DD,Bengaluru,Mallathahalli,12500000,18929275.34,6429275.34,51.43,Linear Regression
PROP-BB715B7CF235,Bengaluru,Challaghatta,10500000,12284785.48,1784785.48,17.0,Linear Regression
PROP-04EB49338F82,Bengaluru,Srirampuram,15000000,30417570.13,15417570.13,102.78,Linear Regression
PROP-64121B519FBB,Bengaluru,Nayandahalli,9000000,10453200.2,1453200.2,16.15,Linear Regression
PROP-5675C6F5CB48,Bengaluru,Kengeri,16300000,19166161.47,2866161.47,17.58,Linear Regression
PROP-4D29EB61DFBC,Bengaluru,Jp Nagar,6500000,7163018.08,663018.08,10.2,Linear Regression
PROP-452399C4625D,Bengaluru,Gottigere,9300000,12939420.93,3639420.93,39.13,Linear Regression
PROP-4AA78A633340,Bengaluru,Kaval Bairasandra,19800000,16893928.41,2906071.59,14.68,Linear Regression
PROP-AED06F2C349F,Bengaluru,Anjanapura Township,5200000,5259771.3,59771.3,1.15,Linear Regression
PROP-90B02A1B85ED,Bengaluru,Kamakshipalya,7850000,6651496.13,1198503.87,15.27,Linear Regression
PROP-5AC58C83FC11,Delhi,Kalkaji,16500000,14120354.02,2379645.98,14.42,Linear Regression
PROP-A17023DDEB11,Bengaluru,Andrahalli,5950000,10052269.67,4102269.67,68.95,Linear Regression
PROP-1D94B991C82D,Bengaluru,Whitefield,4850000,6342294.88,1492294.88,30.77,Linear Regression
PROP-F444C790B2ED,Delhi,Pitampura,200000000,48393035.21,151606964.79,75.8,Linear Regression
PROP-85BD8779A415,Bengaluru,Bannerughatta,9500000,9039284.63,460715.37,4.85,Linear Regression
PROP-1154DFEF5233,Bengaluru,Whitefield,4700000,5870146.81,1170146.81,24.9,Linear Regression
PROP-60597F756F3F,Bengaluru,Marasandra,6500000,8050593.55,1550593.55,23.86,Linear Regression
PROP-6059FA9320CF,Bengaluru,Btm Layout,8600000,12258676.59,3658676.59,42.54,Linear Regression
PROP-9C4437EC6F29,Bengaluru,Jayanagar,46500000,66808421.0,20308421.0,43.67,Linear Regression
PROP-3BC45615E83D,Bengaluru,Doddakammanahalli,6200000,6629212.85,429212.85,6.92,Linear Regression
PROP-A6D458E69668,Bengaluru,Malur,2700000,2248805.51,451194.49,16.71,Linear Regression
PROP-1140570945C8,Delhi,Bindapur,9000000,9080868.45,80868.45,0.9,Linear Regression
PROP-E7F42158E430,Bengaluru,Budigere Cross,9900000,13289437.17,3389437.17,34.24,Linear Regression
PROP-710A96DF2414,Delhi,Punjabi Bagh,82500000,59871506.09,22628493.91,27.43,Linear Regression
PROP-3C891A383435,Bengaluru,Shanti Nagar,54000000,78057571.35,24057571.35,44.55,Linear Regression
PROP-7720992658C3,Bengaluru,Ramamurthy Nagar,18000000,37433547.43,19433547.43,107.96,Linear Regression
PROP-65F887088827,Bengaluru,Kengeri Satellite Town,8700000,8990189.51,290189.51,3.34,Linear Regression
PROP-B8E3BACB5623,Bengaluru,Banashankari,9500000,8482054.18,1017945.82,10.72,Linear Regression
PROP-8D94977A6E67,Bengaluru,Hsr Layout,43000000,50026220.05,7026220.05,16.34,Linear Regression
PROP-8981BD3C3AC3,Bengaluru,Banaswadi,15000000,13214972.26,1785027.74,11.9,Linear Regression
PROP-D6687863770C,Bengaluru,Thotada Guddadhalli Village,9000000,13060790.8,4060790.8,45.12,Linear Regression
PROP-6BC4EFC1CFCC,Bengaluru,Kengeri Satellite Town,10700000,17301319.15,6601319.15,61.69,Linear Regression
PROP-271799439634,Bengaluru,Doddaballapura,9900000,9185071.09,714928.91,7.22,Linear Regression
PROP-59674F3EE6A7,Bengaluru,Arakere,17000000,24271260.26,7271260.26,42.77,Linear Regression
PROP-367B51021F39,Delhi,Sector 22 Dwarka,11000000,8720825.08,2279174.92,20.72,Linear Regression
PROP-E431893D0ABC,Delhi,Dlf Farms,4600000,12717093.77,8117093.77,176.46,Linear Regression
PROP-7E0764BCF2E9,Delhi,Wazirabad,2500000,3735248.74,1235248.74,49.41,Linear Regression
PROP-46CDEB43B6B3,Bengaluru,Thotada Guddadhalli Village,7500000,9367347.6,1867347.6,24.9,Linear Regression
PROP-B7F82B9FB7AD,Bengaluru,Nagavara,11500000,16628548.16,5128548.16,44.6,Linear Regression
PROP-F765AB932409,Bengaluru,Anekal,2600000,2729277.21,129277.21,4.97,Linear Regression
PROP-441B387065E7,Bengaluru,Jnana Ganga Nagar,6500000,6560044.0,60044.0,0.92,Linear Regression
PROP-5514AFF20F84,Bengaluru,Whitefield,14500000,13592003.31,907996.69,6.26,Linear Regression
PROP-0099544FD492,Hyderabad,Bachupally,5000000,7725874.91,2725874.91,54.52,Linear Regression
PROP-2CEADC40C816,Bengaluru,Kumaraswamy Layout,4900000,7131600.79,2231600.79,45.54,Linear Regression
PROP-C4954646E9F2,Hyderabad,Attapur,6200000,8242145.95,2042145.95,32.94,Linear Regression
PROP-C5B6591960BE,Bengaluru,Krishnarajapura,5000000,7865102.83,2865102.83,57.3,Linear Regression
PROP-D1BCB7A6C695,Hyderabad,Vanasthalipuram,5500000,8314653.1,2814653.1,51.18,Linear Regression
PROP-4B9A249BE6FA,Hyderabad,Osman Nagar,12300000,12036440.88,263559.12,2.14,Linear Regression
PROP-672D2C411426,Hyderabad,Nallagandla,8500000,10538432.9,2038432.9,23.98,Linear Regression
PROP-D415B9EED88E,Hyderabad,Kukatpally,17800000,12686273.33,5113726.67,28.73,Linear Regression
PROP-C17CCC6D8E5F,Bengaluru,Udayagiri,5700000,6260730.64,560730.64,9.84,Linear Regression
PROP-BE10A4594A2B,Hyderabad,Himayathsagar,14000000,13118312.59,881687.41,6.3,Linear Regression
PROP-829D51DDD9AE,Bengaluru,Hsr Layout,6300000,6327111.12,27111.12,0.43,Linear Regression
PROP-27F3E7B2B41A,Hyderabad,Nanakaramguda,9100000,10385479.89,1285479.89,14.13,Linear Regression
PROP-E7C2E49BFCA9,Bengaluru,Bommanahalli,6600000,6384700.09,215299.91,3.26,Linear Regression
PROP-801B9737ACE8,Delhi,Chhattarpur,7500000,8231164.88,731164.88,9.75,Linear Regression
PROP-84D2C6E84C23,Hyderabad,Kokapet,18400000,15009294.9,3390705.1,18.43,Linear Regression
PROP-2275D32103F7,Bengaluru,Shivaji Nagar,18500000,19598262.97,1098262.97,5.94,Linear Regression
PROP-5E0381B65097,Delhi,Mahavir Enclave,4800000,4916964.16,116964.16,2.44,Linear Regression
PROP-48239E9554E9,Bengaluru,Krishnarajapura,5000000,5865399.02,865399.02,17.31,Linear Regression
PROP-A0A4C6D15B69,Bengaluru,Mallathahalli,6000000,8850137.37,2850137.37,47.5,Linear Regression
PROP-D6B46557AE5D,Hyderabad,Madeenaguda,7900000,9358676.1,1458676.1,18.46,Linear Regression
PROP-4CBC0D280E81,Delhi,Sector 14 Dwarka,6000000,3682632.06,2317367.94,38.62,Linear Regression
PROP-E17A41D91144,Hyderabad,Kokapet,15000000,13293332.01,1706667.99,11.38,Linear Regression
PROP-C7B4D553BDA3,Pune,Kalewadi,8000000,5289511.51,2710488.49,33.88,Linear Regression
PROP-0A7AA3C4817D,Delhi,Shakarpur Khas,13700000,11941353.23,1758646.77,12.84,Linear Regression
PROP-B322CA0F2F56,Hyderabad,Kukatpally,15000000,10300591.8,4699408.2,31.33,Linear Regression
PROP-5D320F7FBB15,Delhi,Wazirabad,3000000,5068484.86,2068484.86,68.95,Linear Regression
PROP-92CC5FCC0984,Hyderabad,Aminpur,12000000,10336592.49,1663407.51,13.86,Linear Regression
PROP-4636FB1CCEB1,Bengaluru,Kudlu Gate,6100000,5767629.04,332370.96,5.45,Linear Regression
PROP-1C1698312C8D,Bengaluru,Jalahalli West,7500000,8855835.46,1355835.46,18.08,Linear Regression
PROP-92CAED17B68C,Bengaluru,Jp Nagar,12500000,12529368.13,29368.13,0.23,Linear Regression
PROP-49C306D17CF4,Delhi,Naraina,12500000,13116237.14,616237.14,4.93,Linear Regression
PROP-1D28ADD72F9B,Hyderabad,Shaikpet,18200000,13673334.29,4526665.71,24.87,Linear Regression
PROP-8DA9CBB65E93,Delhi,Uttam Nagar,3200000,4532972.2,1332972.2,41.66,Linear Regression
PROP-30630E02ABBF,Delhi,Mayur Vihar Phase 1,32500000,25436720.04,7063279.96,21.73,Linear Regression
PROP-58FC2FB34F2A,Bengaluru,Bommanahalli,1800000,1589739.4,210260.6,11.68,Linear Regression
PROP-42B6F4146A57,Delhi,Hastsal,2500000,3363436.7,863436.7,34.54,Linear Regression
PROP-11AF8E156BD9,Bengaluru,Horamavu,4800000,4224929.77,575070.23,11.98,Linear Regression
PROP-25DF2A6FDC38,Bengaluru,Chikbanavara,7000000,7010015.78,10015.78,0.14,Linear Regression
PROP-158809CFCE3B,Delhi,Sector 25 Rohini,9500000,11835355.43,2335355.43,24.58,Linear Regression
PROP-2F7A0FB9F380,Bengaluru,Medahalli,8500000,10225101.65,1725101.65,20.3,Linear Regression
PROP-E88674DE1DEE,Bengaluru,Rmv Extension Stage 2,44100000,47148998.8,3048998.8,6.91,Linear Regression
PROP-70992F35B99D,Bengaluru,Hongasandra,10000000,20364344.37,10364344.37,103.64,Linear Regression
PROP-23765AECBE7F,Bengaluru,Bylakere,4000000,6632849.22,2632849.22,65.82,Linear Regression
PROP-ADC63251681D,Hyderabad,Turkayamjal,5900000,7758976.85,1858976.85,31.51,Linear Regression
PROP-F20F61B28770,Bengaluru,Kalyan Nagar,16000000,17454762.76,1454762.76,9.09,Linear Regression
PROP-72D69EEF4D88,Hyderabad,Patancheru,12700000,15432810.53,2732810.53,21.52,Linear Regression
PROP-4C290BE30EDE,Delhi,Preet Vihar,2500000,5637403.4,3137403.4,125.5,Linear Regression
PROP-C3677CA22876,Bengaluru,Whitefield,8500000,9159055.0,659055.0,7.75,Linear Regression
PROP-28B48F87AB5A,Delhi,Aya Nagar,3200000,4286467.06,1086467.06,33.95,Linear Regression
PROP-040F2CAA3C2F,Hyderabad,Old Malakpet,33000000,17901032.24,15098967.76,45.75,Linear Regression
PROP-88ACB6B53E2B,Delhi,Patel Nagar,5500000,8856980.73,3356980.73,61.04,Linear Regression
PROP-CC0F0A77AD6E,Hyderabad,Upparpally,5500000,7297235.53,1797235.53,32.68,Linear Regression
PROP-F7BD9D22747D,Bengaluru,Kasturi Nagar,26500000,28945848.9,2445848.9,9.23,Linear Regression
PROP-8F2195DE60CB,Hyderabad,Krishna Reddy Pet,9600000,8480913.47,1119086.53,11.66,Linear Regression
PROP-BF421BA4E522,Bengaluru,Harlur,7400000,8576776.55,1176776.55,15.9,Linear Regression
PROP-80CF2D62D63E,Bengaluru,Hbr Layout,5640000,6679346.51,1039346.51,18.43,Linear Regression
PROP-1B522F7E5485,Bengaluru,Jalahalli West,4500000,5660941.45,1160941.45,25.8,Linear Regression
PROP-42ACF433F33D,Delhi,Shahdara,23000000,15591836.67,7408163.33,32.21,Linear Regression
PROP-D39BFC6250A3,Delhi,Burari,3800000,4155585.29,355585.29,9.36,Linear Regression
PROP-362C055DF818,Bengaluru,C V Raman Nagar,5000000,5188465.78,188465.78,3.77,Linear Regression
PROP-702747152B1F,Bengaluru,Jnana Ganga Nagar,5000000,5138032.72,138032.72,2.76,Linear Regression
PROP-7F913584DC9B,Pune,Kolhewadi,26000000,31741754.42,5741754.42,22.08,Linear Regression
PROP-43514EBC7DE6,Pune,Anand Nagar,1455000,1788553.49,333553.49,22.92,Linear Regression
PROP-0D651ACE432F,Bengaluru,Rr Nagar,28500000,37281737.91,8781737.91,30.81,Linear Regression
PROP-653ACD2A7B93,Mumbai,Malad West,18000000,22067310.5,4067310.5,22.6,Linear Regression
PROP-66D2A6B1C158,Bengaluru,Mathikere,28000000,31923873.74,3923873.74,14.01,Linear Regression
PROP-A313D0C798E6,Bengaluru,Hebbal,65000000,59928136.5,5071863.5,7.8,Linear Regression
PROP-33BBBB5FDD68,Bengaluru,Krishnarajapura,39000000,40748040.56,1748040.56,4.48,Linear Regression
PROP-245995EFBD96,Mumbai,Nalasopara West,2200000,3720501.09,1520501.09,69.11,Linear Regression
PROP-27513331589D,Bengaluru,Nayandahalli,19000000,36230703.5,17230703.5,90.69,Linear Regression
PROP-D699F610C92F,Delhi,Sector 16B Dwarka,8700000,9751334.47,1051334.47,12.08,Linear Regression
PROP-FA67C68A2211,Mumbai,Kandivali West,56500000,62677773.72,6177773.72,10.93,Linear Regression
PROP-D1DCB1518C62,Mumbai,Ghatkopar West,7500000,7428602.33,71397.67,0.95,Linear Regression
PROP-6B7AD432C313,Delhi,Mayur Vihar Phase 3,6000000,4638031.33,1361968.67,22.7,Linear Regression
PROP-C85DA3A4E545,Mumbai,Malad West,2600000,3719056.78,1119056.78,43.04,Linear Regression
PROP-9538B771B9C6,Bengaluru,Cottonpet,7000000,10510638.68,3510638.68,50.15,Linear Regression
PROP-5D29BB782C49,Bengaluru,Bannerughatta,3000000,2863264.96,136735.04,4.56,Linear Regression
PROP-0541E582C149,Bengaluru,Chikbanavara,10000000,13866704.81,3866704.81,38.67,Linear Regression
PROP-57D1A0FAAF44,Bengaluru,Budigere,3100000,3100835.21,835.21,0.03,Linear Regression
PROP-B02A3835F65E,Bengaluru,Hoskote,25000000,20599238.64,4400761.36,17.6,Linear Regression
PROP-BE30581D4180,Bengaluru,Seshagiripura,30000000,24726414.54,5273585.46,17.58,Linear Regression
PROP-97E03B22378B,Bengaluru,Kempegowda Nagar,42500000,43213145.57,713145.57,1.68,Linear Regression
PROP-96F775C3C338,Mumbai,Chinchpokli,35000000,38790615.75,3790615.75,10.83,Linear Regression
PROP-73B0EE584383,Mumbai,Vile Parle East,7000000,10525477.45,3525477.45,50.36,Linear Regression
PROP-448D7A75396D,Pune,Katraj,17500000,21863170.04,4363170.04,24.93,Linear Regression
PROP-62975BD8B3BB,Mumbai,Nalasopara West,2700000,3432198.89,732198.89,27.12,Linear Regression
PROP-CC5FCD3CFB5E,Bengaluru,Basapura,7000000,12157645.46,5157645.46,73.68,Linear Regression
PROP-694B095BB6B3,Bengaluru,Hampapura,8500000,9643448.08,1143448.08,13.45,Linear Regression
PROP-C0D5A1ECE97E,Pune,Saswad,2000000,2068774.8,68774.8,3.44,Linear Regression
PROP-49D4AA27222E,Bengaluru,Electronic City Phase Ii,13000000,23168798.5,10168798.5,78.22,Linear Regression
PROP-4C47E1A46710,Pune,Nighoje,2500000,2448814.25,51185.75,2.05,Linear Regression
PROP-B2BE70A659C0,Bengaluru,Jagajeevanram Nagar,7000000,6387309.86,612690.14,8.75,Linear Regression
PROP-273866F1255A,Delhi,Ashok Vihar,18000000,14797757.74,3202242.26,17.79,Linear Regression
PROP-C7E7CCC0BCC8,Mumbai,Gorai,6800000,5531748.93,1268251.07,18.65,Linear Regression
PROP-1F3E1C0C00E2,Bengaluru,Gulakamale,8000000,9336917.3,1336917.3,16.71,Linear Regression
PROP-FF0FEE382E36,Mumbai,Andheri West,20000000,16245050.72,3754949.28,18.77,Linear Regression
PROP-8F9A151DB3AA,Bengaluru,Ramamurthy Nagar,55000000,47748626.19,7251373.81,13.18,Linear Regression
PROP-52E8921D87C9,Mumbai,Goregaon East,3900000,3255019.1,644980.9,16.54,Linear Regression
PROP-16DC19D7A347,Mumbai,Mulund West,18500000,22068814.22,3568814.22,19.29,Linear Regression
PROP-DC4869CD2106,Bengaluru,Bannerughatta,11000000,6705410.85,4294589.15,39.04,Linear Regression
PROP-EB5EA9664A32,Mumbai,Nalasopara West,3000000,4081135.87,1081135.87,36.04,Linear Regression
PROP-01C4FDF37767,Mumbai,Ghatkopar West,6000000,5773380.36,226619.64,3.78,Linear Regression
PROP-CDB0CCEFD8D7,Bengaluru,Nelamangala,4000000,5303749.99,1303749.99,32.59,Linear Regression
PROP-2643C7C22F06,Pune,Rajgurunagar,2350000,2350035.19,35.19,0.0,Linear Regression
PROP-9BF2E6D016B8,Bengaluru,Whitefield,47700000,44363717.76,3336282.24,6.99,Linear Regression
PROP-0BC7279CC057,Mumbai,Borivali East,38000000,49714019.28,11714019.28,30.83,Linear Regression
PROP-752B1032436A,Mumbai,Khar West,25600000,42176919.37,16576919.37,64.75,Linear Regression
PROP-C0A638E9292C,Bengaluru,Kengeri Satellite Town,2200000,2853061.5,653061.5,29.68,Linear Regression
PROP-7F02FB844401,Mumbai,Mulund West,7000000,8752192.23,1752192.23,25.03,Linear Regression
PROP-0BBA441CEA2F,Mumbai,Nagpada,14000000,14365596.28,365596.28,2.61,Linear Regression
PROP-87D8F9617640,Mumbai,Bhuleshwar,24000000,39124976.11,15124976.11,63.02,Linear Regression
PROP-F9AE26D399E0,Delhi,Shahdara,16000000,26555080.84,10555080.84,65.97,Linear Regression
PROP-CD35A675C82A,Mumbai,Umerkhadi,10000000,20160254.19,10160254.19,101.6,Linear Regression
PROP-4F655C56AD56,Delhi,Kalkaji,14000000,12313713.48,1686286.52,12.04,Linear Regression
PROP-4690CB8808CD,Mumbai,Kalbadevi,60000000,24897158.78,35102841.22,58.5,Linear Regression
PROP-3178FF53B18D,Bengaluru,Anjanapura Township,8200000,7561889.31,638110.69,7.78,Linear Regression
PROP-59E1590973CA,Bengaluru,Bellandur,10500000,11679609.26,1179609.26,11.23,Linear Regression
PROP-25DC8F4C8877,Bengaluru,Kempapura Agrahara,14500000,28933608.43,14433608.43,99.54,Linear Regression
PROP-4265812D2CC5,Mumbai,Mankhurd,14000000,13444491.44,555508.56,3.97,Linear Regression
PROP-A8C8F1A3E704,Mumbai,Mira Road East,1500000,2703369.68,1203369.68,80.22,Linear Regression
PROP-76C80522386B,Bengaluru,Bannerughatta,1800000,3306942.13,1506942.13,83.72,Linear Regression
PROP-CAC8EE55D7D0,Mumbai,Bhandup West,4200000,4329019.7,129019.7,3.07,Linear Regression
PROP-01258CD888CC,Mumbai,Mazgaon,6300000,9257300.67,2957300.67,46.94,Linear Regression
PROP-8AA1B32DE8F9,Mumbai,Naigaon East,4800000,7320451.27,2520451.27,52.51,Linear Regression
PROP-64EBE0D11F87,Mumbai,Ghatkopar West,14500000,13918523.02,581476.98,4.01,Linear Regression
PROP-4F2F4998F8D1,Mumbai,Dahisar West,6700000,9262280.38,2562280.38,38.24,Linear Regression
PROP-C31A25C746A6,Bengaluru,Kyalasanahalli,4500000,4743863.76,243863.76,5.42,Linear Regression
PROP-0C63733F9348,Mumbai,Bhayandar East,2500000,2537017.5,37017.5,1.48,Linear Regression
PROP-F5AFD4D63F8C,Mumbai,Dadar East,17500000,13317934.77,4182065.23,23.9,Linear Regression
PROP-F44A47B3ECBB,Bengaluru,Brookefield,52500000,81431226.66,28931226.66,55.11,Linear Regression
PROP-B4228A0769D7,Delhi,Nangloi,6000000,5104369.96,895630.04,14.93,Linear Regression
PROP-79B1A052F560,Pune,Shewalewadi,2200000,2785828.89,585828.89,26.63,Linear Regression
PROP-A04FEA772CC4,Pune,Bopkhel,2899000,3549990.26,650990.26,22.46,Linear Regression
PROP-C1EFFC79C205,Bengaluru,Balagere,7500000,8259777.77,759777.77,10.13,Linear Regression
PROP-2B4958354D57,Bengaluru,Gunjur,12400000,15759742.71,3359742.71,27.09,Linear Regression
PROP-20C9EDDDA6FE,Bengaluru,Hoskote,3680000,2552264.68,1127735.32,30.64,Linear Regression
PROP-95870F273A92,Pune,Kamshet,4000000,10824269.36,6824269.36,170.61,Linear Regression
PROP-D8C23C4EFDE9,Delhi,Shakarpur Khas,26000000,49273575.55,23273575.55,89.51,Linear Regression
PROP-B999535437ED,Pune,Talegaon Dhamdhere,1900000,1870436.8,29563.2,1.56,Linear Regression
PROP-946358F6A04B,Mumbai,Borivali West,9500000,16336422.97,6836422.97,71.96,Linear Regression
PROP-E26DC4AC4AFE,Bengaluru,Haralur,6400000,6093835.06,306164.94,4.78,Linear Regression
PROP-13E2244B57E3,Mumbai,Andheri East,14500000,15542716.83,1042716.83,7.19,Linear Regression
PROP-CA30440DF9D9,Mumbai,Goregaon East,4400000,4345987.98,54012.02,1.23,Linear Regression
PROP-24D578A46172,Pune,Ambegaon,17000000,13673285.53,3326714.47,19.57,Linear Regression
PROP-11BE42196D8E,Mumbai,Malad West,16000000,17926967.04,1926967.04,12.04,Linear Regression
PROP-7233ADCA8D29,Bengaluru,Nagarbhavi,9000000,8841593.03,158406.97,1.76,Linear Regression
PROP-3296E4666488,Delhi,Sector 22 Dwarka,39700000,17674893.32,22025106.68,55.48,Linear Regression
PROP-3205D5117BDA,Mumbai,Virar East,4000000,4241547.07,241547.07,6.04,Linear Regression
PROP-89E16BE9354D,Mumbai,Andheri East,15000000,16632431.96,1632431.96,10.88,Linear Regression
PROP-3745200C549A,Mumbai,Bhayandar West,8400000,13446877.72,5046877.72,60.08,Linear Regression
PROP-FC7DF5049E71,Bengaluru,Bendiganahalli,5999000,7255166.5,1256166.5,20.94,Linear Regression
PROP-63B7C3FD0FDD,Delhi,Gtb Nagar,75000000,29875790.4,45124209.6,60.17,Linear Regression
PROP-362F24924F35,Bengaluru,Vidyamanya Nagar,10000000,16816193.52,6816193.52,68.16,Linear Regression
PROP-97834262F186,Chennai,Thalambur,5000000,7387410.23,2387410.23,47.75,Linear Regression
PROP-B766E5993D9C,Pune,Pimple Nilakh,25000000,35744363.9,10744363.9,42.98,Linear Regression
PROP-AFDD620B6095,Pune,Wanowrie,39000000,46041134.71,7041134.71,18.05,Linear Regression
PROP-DA31F830F91F,Bengaluru,Ramamurthy Nagar,11000000,14810239.49,3810239.49,34.64,Linear Regression
PROP-429E0E1CA712,Hyderabad,Medchal,3279000,9022979.55,5743979.55,175.17,Linear Regression
PROP-99D43A4930DF,Chennai,Kumananchavadi,6500000,6028255.66,471744.34,7.26,Linear Regression
PROP-4F610207525A,Chennai,Pazhavanthangal,5900000,7442486.74,1542486.74,26.14,Linear Regression
PROP-40E4D60ADADF,Pune,Varale,2500000,3081088.75,581088.75,23.24,Linear Regression
PROP-788137F6AC7F,Pune,Handewadi,8000000,9030272.31,1030272.31,12.88,Linear Regression
PROP-769C05211808,Bengaluru,Electronic City Phase Ii,14000000,27316261.93,13316261.93,95.12,Linear Regression
PROP-3E02D030B25B,Chennai,Sholinganallur,1900000,5541955.71,3641955.71,191.68,Linear Regression
PROP-7F4E18125D11,Bengaluru,Btm Layout,37500000,39115023.96,1615023.96,4.31,Linear Regression
PROP-15F7FFAEAF3F,Bengaluru,Frazer Town,13000000,14220603.18,1220603.18,9.39,Linear Regression
PROP-00E7989E006F,Chennai,Aminjikarai,14400000,7999821.36,6400178.64,44.45,Linear Regression
PROP-0CD99260AC4A,Kolkata,Behala Chowrasta,2200000,4408093.6,2208093.6,100.37,Linear Regression
PROP-4895B1F5D299,Pune,Wagholi,4600000,6248949.2,1648949.2,35.85,Linear Regression
PROP-5D18B35844D0,Chennai,Jafferkhanpet,11500000,10966875.94,533124.06,4.64,Linear Regression
PROP-05161F834158,Pune,Fursungi,2600000,2822979.2,222979.2,8.58,Linear Regression
PROP-DFEE06420DCB,Pune,Wagholi,4500000,5764001.75,1264001.75,28.09,Linear Regression
PROP-4533C32A538C,Bengaluru,Nayandahalli,19000000,29852867.92,10852867.92,57.12,Linear Regression
PROP-7963A9BB37DF,Pune,Bibwewadi,2000000,2407767.99,407767.99,20.39,Linear Regression
PROP-586FBEE9CB32,Bengaluru,Mallathahalli,1300000,2516946.62,1216946.62,93.61,Linear Regression
PROP-17D5FD1A5980,Delhi,Rajinder Nagar,40000000,45252952.09,5252952.09,13.13,Linear Regression
PROP-EE3776062233,Chennai,Ekkatuthangal,32000000,24152331.82,7847668.18,24.52,Linear Regression
PROP-D7EA82297F6E,Pune,Chikhali,8500000,9431873.55,931873.55,10.96,Linear Regression
PROP-C0EC4B1D96FE,Bengaluru,Vijayanagar,12500000,11202131.14,1297868.86,10.38,Linear Regression
PROP-DE9DA28714AF,Chennai,Chromepet,3200000,5134883.23,1934883.23,60.47,Linear Regression
PROP-7C42082F905C,Kolkata,Barrackpore,1200000,3563968.17,2363968.17,197.0,Linear Regression
PROP-315FDB33771C,Delhi,Uttam Nagar,5170000,8695933.15,3525933.15,68.2,Linear Regression
PROP-818420AF923D,Chennai,Karayanchavadi,3800000,6175088.62,2375088.62,62.5,Linear Regression
PROP-FE11C3BF1BCF,Chennai,Oragadam Ambattur,4200000,8538130.89,4338130.89,103.29,Linear Regression
PROP-B371F2DE5E4A,Bengaluru,Mathikere,17800000,24897027.28,7097027.28,39.87,Linear Regression
PROP-6E2FD2362270,Delhi,Mansa Ram Park,13000000,12414349.05,585650.95,4.51,Linear Regression
PROP-B33814EAF7E2,Bengaluru,Mathikere,6000000,6411337.4,411337.4,6.86,Linear Regression
PROP-49D4FAFE2404,Delhi,Mandawali,11000000,29492146.39,18492146.39,168.11,Linear Regression
PROP-A32F0825BACD,Hyderabad,Bolarum,50000000,24320019.2,25679980.8,51.36,Linear Regression
PROP-69D748702D95,Bengaluru,Hal,4500000,6858963.56,2358963.56,52.42,Linear Regression
PROP-B4CAE80DF47C,Bengaluru,Anjanapura Township,3000000,3030126.22,30126.22,1.0,Linear Regression
PROP-060B89326CAC,Pune,Bibwewadi,9000000,10214428.72,1214428.72,13.49,Linear Regression
PROP-D6DC5A5DAF34,Delhi,Palam,5200000,5794175.39,594175.39,11.43,Linear Regression
PROP-08FC70C26D6F,Pune,Koregaon Park,16500000,17181950.52,681950.52,4.13,Linear Regression
PROP-12FC4BB87802,Pune,Aundh,50000000,51932034.17,1932034.17,3.86,Linear Regression
PROP-ABAFB0DAB37B,Hyderabad,Hyderguda,40000000,11808654.54,28191345.46,70.48,Linear Regression
PROP-70F451C48336,Chennai,Thiruporur,1500000,4101489.51,2601489.51,173.43,Linear Regression
PROP-BF758B14EF8B,Pune,Ghorpadi,20000000,21392130.0,1392130.0,6.96,Linear Regression
PROP-F1E0B4DF171D,Kolkata,Belghoria,7000000,6296400.77,703599.23,10.05,Linear Regression
PROP-FE1FB57E09F8,Hyderabad,Yapral,41000000,17848046.76,23151953.24,56.47,Linear Regression
PROP-736F64CAAABC,Delhi,Samalka,3000000,3780062.82,780062.82,26.0,Linear Regression
PROP-C1FB700C2334,Chennai,Kanathur Reddikuppam,12200000,9890396.18,2309603.82,18.93,Linear Regression
PROP-C0930703656C,Pune,Kondhwa,16800000,19319961.39,2519961.39,15.0,Linear Regression
PROP-C5360D163D48,Bengaluru,Akshayanagar,4260000,6201160.66,1941160.66,45.57,Linear Regression
PROP-FFE13AE0E4EA,Chennai,Kadalur,3500000,6335347.05,2835347.05,81.01,Linear Regression
PROP-BB0F4B5CA04F,Pune,Alandi,1600000,3168549.95,1568549.95,98.03,Linear Regression
PROP-04D8ECC5920C,Chennai,Hirco Palace Gardens,9500000,12156811.83,2656811.83,27.97,Linear Regression
PROP-A43B3C9015EA,Chennai,Maraimalai Nagar,8500000,8633910.98,133910.98,1.58,Linear Regression
PROP-39EFEA1A324E,Pune,Alandi,2700000,3627107.13,927107.13,34.34,Linear Regression
PROP-53EA1E073943,Bengaluru,Horamavu,6700000,9755002.27,3055002.27,45.6,Linear Regression
PROP-B0E9559AB6DB,Delhi,Paschim Vihar,17000000,16621543.35,378456.65,2.23,Linear Regression
PROP-CADB9418C827,Pune,Kanhe,2300000,2748819.72,448819.72,19.51,Linear Regression
PROP-C6E2AFC25F76,Chennai,Avadi,11000000,7176194.68,3823805.32,34.76,Linear Regression
PROP-162B02D693C3,Delhi,Bijwasan,8000000,7657251.54,342748.46,4.28,Linear Regression
PROP-0528464B90F4,Delhi,Tagore Garden Extension,1300000,2036946.97,736946.97,56.69,Linear Regression
PROP-040BA2ECAB23,Hyderabad,Kothapet,4300000,8063462.54,3763462.54,87.52,Linear Regression
PROP-1A3B60BCA394,Chennai,Adhanur,2050000,5142038.92,3092038.92,150.83,Linear Regression
PROP-D95D7A01F40A,Chennai,Madhavaram Milk Colony,25000000,10527224.21,14472775.79,57.89,Linear Regression
PROP-8659C224B645,Pune,Thergaon,2500000,2813861.82,313861.82,12.55,Linear Regression
PROP-CE629D62C1E2,Pune,Kiwale,20000000,28702327.68,8702327.68,43.51,Linear Regression
PROP-1C731A3D64BE,Delhi,Sector 25 Rohini,1350000,3389054.31,2039054.31,151.04,Linear Regression
PROP-B4AC4014005E,Chennai,Choolai,6500000,7964059.81,1464059.81,22.52,Linear Regression
PROP-80C3F2A9BEBF,Bengaluru,Attiguppe,12000000,17706467.35,5706467.35,47.55,Linear Regression
PROP-B1410D20C5B8,Chennai,Mugalivakkam,3900000,5514222.58,1614222.58,41.39,Linear Regression
PROP-E71B4BA6676D,Pune,Saswad,2500000,3297448.18,797448.18,31.9,Linear Regression
PROP-016204A03EFD,Bengaluru,Indira Nagar,20000000,19534001.52,465998.48,2.33,Linear Regression
PROP-2881C654070A,Delhi,Sarai Rohilla,2200000,3139139.22,939139.22,42.69,Linear Regression
PROP-D54E5BD2C299,Delhi,Rangpuri,10000000,9550049.37,449950.63,4.5,Linear Regression
PROP-C4A8979F88C8,Delhi,Sector 5 Rohini,36500000,50087503.96,13587503.96,37.23,Linear Regression
PROP-DBBA0D7159FF,Bengaluru,Electronic City Phase Ii,1750000,2214069.16,464069.16,26.52,Linear Regression
PROP-9DD182F2F033,Chennai,Chromepet,47500000,18879169.16,28620830.84,60.25,Linear Regression
PROP-AA87264EFA5F,Bengaluru,Bommasandra,5000000,5161940.05,161940.05,3.24,Linear Regression
PROP-72FE921D8962,Mumbai,Asalpha,2600000,4954674.81,2354674.81,90.56,Linear Regression
PROP-EDB850C15F79,Delhi,Sector 14 Rohini,12500000,23396032.57,10896032.57,87.17,Linear Regression
PROP-93689ACF45BD,Kolkata,Narendrapur,800000,11948723.3,11148723.3,1393.59,Linear Regression
PROP-91C733ACFD92,Pune,Chikhali,4900000,5528620.96,628620.96,12.83,Linear Regression
PROP-88FDB0F7B7F9,Chennai,Mudichur,8500000,11076692.67,2576692.67,30.31,Linear Regression
PROP-02AA863FECCF,Bengaluru,Nagondanahalli,6300000,9041691.57,2741691.57,43.52,Linear Regression
PROP-7C339447B5C5,Pune,Hadapsar,4600000,5777451.59,1177451.59,25.6,Linear Regression
PROP-618AEE8DA9B3,Pune,Pisoli,3200000,3658036.59,458036.59,14.31,Linear Regression
PROP-6D082C457A30,Bengaluru,Udayagiri,5800000,6786106.88,986106.88,17.0,Linear Regression
PROP-016FFD1C122B,Delhi,Laxmi Nagar,22000000,17114004.15,4885995.85,22.21,Linear Regression
PROP-8175B23BB6C5,Bengaluru,Hbr Layout,7600000,8984433.88,1384433.88,18.22,Linear Regression
PROP-4DD4BAA8486F,Hyderabad,Kokapet,18000000,23798938.17,5798938.17,32.22,Linear Regression
PROP-879B046D6BDB,Bengaluru,Jp Nagar,5000000,5447134.0,447134.0,8.94,Linear Regression
PROP-D9ECC9A4371A,Bengaluru,Kommaghatta,11000000,10939439.12,60560.88,0.55,Linear Regression
PROP-A2178EB46E3C,Pune,Talegaon Dabhade,1651000,2162498.31,511498.31,30.98,Linear Regression
PROP-28EBF50BF140,Kolkata,Madhyamgram,3500000,5265033.52,1765033.52,50.43,Linear Regression
PROP-FE5699397C72,Pune,Dhayari,2350000,3020250.87,670250.87,28.52,Linear Regression
PROP-035F1DF77480,Hyderabad,Shaikpet,16000000,15026704.71,973295.29,6.08,Linear Regression
PROP-440F5936FE43,Chennai,Sithalapakkam,23000000,20102796.63,2897203.37,12.6,Linear Regression
PROP-E3394682F5EB,Pune,Kondhwa,7500000,6361603.17,1138396.83,15.18,Linear Regression
PROP-89F656AA02AC,Pune,Wagholi,3000000,3505058.01,505058.01,16.84,Linear Regression
PROP-C96D058A7B02,Delhi,Dabri,6000000,10254219.97,4254219.97,70.9,Linear Regression
PROP-B68F6CB38ABE,Bengaluru,Hsr Layout,8600000,11647488.6,3047488.6,35.44,Linear Regression
PROP-7DB68EE331F7,Bengaluru,Chandapura,3800000,4379271.6,579271.6,15.24,Linear Regression
PROP-37DB6F0FD6BE,Chennai,Chengalpattu,2000000,4356027.55,2356027.55,117.8,Linear Regression
PROP-0D6D87717885,Pune,Pune Cantonment,14100000,14888611.69,788611.69,5.59,Linear Regression
PROP-301BB997DEA8,Chennai,Madhanandapuram,1700000,4567332.12,2867332.12,168.67,Linear Regression
PROP-A3CFC7B0F49F,Chennai,Ammapettai,3600000,7688099.51,4088099.51,113.56,Linear Regression
PROP-302599185AAC,Delhi,Mansa Ram Park,3200000,4922597.87,1722597.87,53.83,Linear Regression
PROP-AF1227CAA778,Pune,Sus,5700000,7080187.76,1380187.76,24.21,Linear Regression
PROP-10A1A286AF58,Kolkata,Sarsuna,2800000,4591922.24,1791922.24,64.0,Linear Regression
PROP-B8F86C214941,Hyderabad,Vanasthalipuram,7600000,11327633.99,3727633.99,49.05,Linear Regression
PROP-41E989F79805,Pune,Handewadi,2450000,2711355.14,261355.14,10.67,Linear Regression
PROP-C59287905A57,Delhi,Paschim Vihar,14000000,16922718.28,2922718.28,20.88,Linear Regression
PROP-958AD368D7B0,Kolkata,Dhakuria,4000000,4424493.91,424493.91,10.61,Linear Regression
PROP-77F1D54F3A83,Bengaluru,Gattahalli,4900000,5677448.23,777448.23,15.87,Linear Regression
PROP-DD2E0676A4DF,Kolkata,Keshtopur,4800000,6482613.72,1682613.72,35.05,Linear Regression
PROP-5191B5E6C1FC,Hyderabad,Kismatpur,6000000,10402548.56,4402548.56,73.38,Linear Regression
PROP-B6D0D4410215,Bengaluru,Banaswadi,15000000,26308608.02,11308608.02,75.39,Linear Regression
PROP-352D26F9F841,Pune,Ranjangaon,1800000,1897451.88,97451.88,5.41,Linear Regression
PROP-05D15D803737,Bengaluru,Bannerughatta,9000000,9867005.07,867005.07,9.63,Linear Regression
PROP-A3473590907D,Bengaluru,Singasandra,6000000,5823551.72,176448.28,2.94,Linear Regression
PROP-EE3F8D73AB40,Chennai,Pazhavanthangal,13500000,9707556.34,3792443.66,28.09,Linear Regression
PROP-7E1CD895B29A,Hyderabad,Boduppal,5600000,8039229.62,2439229.62,43.56,Linear Regression
PROP-CB79FB086663,Delhi,Sector 12 Dwarka,50000000,53257086.08,3257086.08,6.51,Linear Regression
PROP-73821B3E1E8A,Chennai,Anakaputhur,9000000,9795985.61,795985.61,8.84,Linear Regression
PROP-A1645B8654D0,Delhi,Vasant Kunj,6000000,5650839.96,349160.04,5.82,Linear Regression
PROP-E41E0FA10AF8,Hyderabad,Kompally,10200000,11613540.65,1413540.65,13.86,Linear Regression
PROP-EE0C3460E825,Chennai,Ammapettai,4500000,7091692.81,2591692.81,57.59,Linear Regression
PROP-38930D3E5AD5,Pune,Kolhewadi,2000000,2218664.82,218664.82,10.93,Linear Regression
PROP-7C1C95262DB7,Delhi,Budh Vihar,12500000,17758919.95,5258919.95,42.07,Linear Regression
PROP-6962E9490359,Chennai,Vayalur,2500000,7024126.18,4524126.18,180.97,Linear Regression
PROP-59D7ED05852A,Delhi,Mukherjee Nagar,14500000,21222122.75,6722122.75,46.36,Linear Regression
PROP-E40E24D712B0,Pune,Pimple Nilakh,7500000,9690247.61,2190247.61,29.2,Linear Regression
PROP-4AB02D12AB85,Chennai,Ayanavaram,6000000,7430288.65,1430288.65,23.84,Linear Regression
PROP-25D16C828562,Mumbai,Naigaon East,1200000,1885005.12,685005.12,57.08,Linear Regression
PROP-045838DEA504,Delhi,Tughlakabad,1950000,2561618.62,611618.62,31.37,Linear Regression
PROP-3C24C79B3B94,Bengaluru,Ullal Uppanagar,7000000,7276889.95,276889.95,3.96,Linear Regression
PROP-7AF106BFC991,Bengaluru,Kammasandra,6600000,8724516.06,2124516.06,32.19,Linear Regression
PROP-3FB934612BA9,Pune,Aundh,2700000,3058715.68,358715.68,13.29,Linear Regression
PROP-C745DF9CEFD8,Bengaluru,Singasandra,5660000,4700067.0,959933.0,16.96,Linear Regression
PROP-B2A2B716046D,Bengaluru,Kadabagere,4000000,5638550.59,1638550.59,40.96,Linear Regression
PROP-9482B11F2DD8,Pune,Balewadi,4800000,4857655.39,57655.39,1.2,Linear Regression
PROP-AFA76C13B75E,Bengaluru,Btm Layout,2000000,2260914.62,260914.62,13.05,Linear Regression
PROP-B005C24FEB55,Pune,Narayangaon,5500000,6409026.11,909026.11,16.53,Linear Regression
PROP-96DA711717E2,Chennai,Perumbakkam,4000000,6223099.63,2223099.63,55.58,Linear Regression
PROP-2BE121D1E5E9,Pune,Bibwewadi,5500000,8495394.1,2995394.1,54.46,Linear Regression
PROP-1F790EFD8125,Pune,Ambegaon,1900000,2356146.98,456146.98,24.01,Linear Regression
PROP-D121E0C4EBF7,Bengaluru,K Channasandra,5500000,6148735.21,648735.21,11.8,Linear Regression
PROP-A42037E18BCB,Pune,Shikrapur,1500000,1828801.98,328801.98,21.92,Linear Regression
PROP-A50CE5313CBD,Pune,Wanowrie,7500000,8586940.25,1086940.25,14.49,Linear Regression
PROP-F2AA264B8D16,Bengaluru,Kamakshipalya,9500000,9672032.73,172032.73,1.81,Linear Regression
PROP-457AD501CB4F,Chennai,T Nagar,25000000,13439791.86,11560208.14,46.24,Linear Regression
PROP-F07DDE96822A,Bengaluru,Kaggadasapura,4500000,5473824.33,973824.33,21.64,Linear Regression
PROP-D0973DDA4D8F,Pune,Wakad,7800000,8333564.46,533564.46,6.84,Linear Regression
PROP-A0195411B832,Delhi,Pandav Nagar,7000000,11528158.2,4528158.2,64.69,Linear Regression
PROP-515005E56999,Delhi,Uttam Nagar,6000000,7565315.78,1565315.78,26.09,Linear Regression
PROP-5E6983336D58,Chennai,Kundrathur,4500000,5752872.91,1252872.91,27.84,Linear Regression
PROP-315509A70EAC,Pune,Ravet,6310000,8631583.04,2321583.04,36.79,Linear Regression
PROP-C0DD7ED34DB4,Pune,Keshav Nagar,3100000,3360765.12,260765.12,8.41,Linear Regression
PROP-D51FCCB82401,Pune,Chakan,2100000,2551804.9,451804.9,21.51,Linear Regression
PROP-1AD8766EFA1F,Delhi,Greater Kailash,5099000,8541713.33,3442713.33,67.52,Linear Regression
PROP-2F785AACB870,Bengaluru,Battarahalli,3250000,2903814.29,346185.71,10.65,Linear Regression
PROP-47FD282C1428,Pune,Undri,6000000,5056971.67,943028.33,15.72,Linear Regression
PROP-CDECEAB30043,Delhi,Sant Nagar,2500000,2774704.64,274704.64,10.99,Linear Regression
PROP-A327069852C8,Chennai,Kolapakkam,8500000,6453099.51,2046900.49,24.08,Linear Regression
PROP-1E1C17353E40,Delhi,Okhla,2500000,6159176.49,3659176.49,146.37,Linear Regression
PROP-1DF5CA035298,Pune,Shivane,7200000,9542251.22,2342251.22,32.53,Linear Regression
PROP-440F13982022,Pune,Undri,3000000,3576508.59,576508.59,19.22,Linear Regression
PROP-2E247E8FBF01,Pune,Ambegaon Budruk,2450000,3180750.59,730750.59,29.83,Linear Regression
PROP-AFF1688DC6DB,Delhi,Sector 5 Rohini,2000000,3864432.9,1864432.9,93.22,Linear Regression
PROP-E4E36E95EDAB,Delhi,Sector 5 Rohini,5000000,6889106.88,1889106.88,37.78,Linear Regression
PROP-925A53CC1421,Chennai,Kodambakkam,8500000,8618004.17,118004.17,1.39,Linear Regression
PROP-9B9083DB7CBF,Delhi,Naraina,92500000,48111434.77,44388565.23,47.99,Linear Regression
PROP-FE76E707B99E,Bengaluru,Btm Layout,700000,1900355.07,1200355.07,171.48,Linear Regression
PROP-0990AC2066F0,Mumbai,Ghatkopar West,5500000,5458235.95,41764.05,0.76,Linear Regression
PROP-9C5D0CF6F00F,Delhi,Sidhartha Nagar,8000000,17943736.32,9943736.32,124.3,Linear Regression
PROP-43E277CC801A,Bengaluru,Doddajala,4600000,5362378.93,762378.93,16.57,Linear Regression
PROP-A46D4E0EB0B9,Chennai,Varadharajapuram,5000000,6434037.49,1434037.49,28.68,Linear Regression
PROP-25906C36F887,Pune,Rajgurunagar,2600000,2824924.56,224924.56,8.65,Linear Regression
PROP-031EACC72FAC,Chennai,Perumbakkam,5400000,6636509.5,1236509.5,22.9,Linear Regression
PROP-AEC56B927638,Chennai,Chromepet,4570000,6508178.16,1938178.16,42.41,Linear Regression
PROP-F60507C8E72C,Bengaluru,Padmanabhanagar,6000000,8293598.09,2293598.09,38.23,Linear Regression
PROP-EA626B1DE864,Delhi,Sector 39 Rohini,3200000,3622537.21,422537.21,13.2,Linear Regression
PROP-E5DB4EC56BFD,Bengaluru,Kumaraswamy Layout,9500000,18648408.41,9148408.41,96.3,Linear Regression
PROP-6C265ECC52EE,Bengaluru,Yeshwanthpur,5650000,5407455.18,242544.82,4.29,Linear Regression
PROP-E97FC7791CB2,Pune,Vadgaon Budruk,1050000,1575178.47,525178.47,50.02,Linear Regression
PROP-A9AD15AE4F4B,Chennai,Vanagaram,6500000,96465371.79,89965371.79,1384.08,Linear Regression
PROP-07542049EDCD,Chennai,Ayanavaram,24000000,13113380.39,10886619.61,45.36,Linear Regression
PROP-300FE53137C8,Bengaluru,Electronic City,11800000,18054827.06,6254827.06,53.01,Linear Regression
PROP-C9D20255B3E4,Delhi,Said-Ul-Ajaib,6600000,12406650.51,5806650.51,87.98,Linear Regression
PROP-080C27F30D8B,Bengaluru,Rajajinagar,11000000,14144895.61,3144895.61,28.59,Linear Regression
PROP-3DDDE73F3508,Delhi,Dallupura,9000000,10582994.04,1582994.04,17.59,Linear Regression
PROP-18A0393EBFD1,Pune,Fursungi,8500000,10763383.83,2263383.83,26.63,Linear Regression
PROP-C1EA0CD38AC7,Pune,Wagholi,7500000,9207642.37,1707642.37,22.77,Linear Regression
PROP-C52E8140E86B,Pune,Khed Shivapur,10000000,12393955.37,2393955.37,23.94,Linear Regression
PROP-23AF6966A1A5,Mumbai,Thane West,5800000,5623547.54,176452.46,3.04,Linear Regression
PROP-4990F4349A2C,Delhi,Sidhartha Nagar,11000000,12445782.58,1445782.58,13.14,Linear Regression
PROP-EB9CA72140CA,Bengaluru,Begur,12500000,19534824.1,7034824.1,56.28,Linear Regression
PROP-0D0CC86E6670,Bengaluru,Nandini Layout,2300000,2049651.19,250348.81,10.88,Linear Regression
PROP-2DBC56647DC2,Mumbai,Kanjurmarg West,3000000,3121811.41,121811.41,4.06,Linear Regression
PROP-BE904FD9ECAD,Bengaluru,Nagavara,4000000,3243834.64,756165.36,18.9,Linear Regression
PROP-A5472FA9AB79,Pune,Shivane,2000000,2457863.79,457863.79,22.89,Linear Regression
PROP-9D18701B8734,Bengaluru,Yelahanka,2500000,3082964.68,582964.68,23.32,Linear Regression
PROP-0509105302D9,Delhi,Jaffarpur Kalan,1400000,1626193.83,226193.83,16.16,Linear Regression
PROP-4B2819CCDC38,Mumbai,Virar East,700000,1311727.52,611727.52,87.39,Linear Regression
PROP-A8556B61F94C,Pune,Pimpri,5600000,5983142.78,383142.78,6.84,Linear Regression
PROP-4BFA952225F9,Pune,Ganesh Peth,3000000,3011150.6,11150.6,0.37,Linear Regression
PROP-4B65F4ECF3DA,Bengaluru,Medahalli,9000000,12748699.2,3748699.2,41.65,Linear Regression
PROP-D42E5341B90C,Pune,Talegaon Dabhade,1500000,1596823.57,96823.57,6.45,Linear Regression
PROP-0878E585B1A9,Delhi,Sector 16 Rohini,7000000,5720067.1,1279932.9,18.28,Linear Regression
PROP-EDCB8E1E7D1F,Pune,Hadapsar,2050000,2299000.82,249000.82,12.15,Linear Regression
PROP-2599E11222D9,Delhi,Razapur Khurd,3300000,4174787.19,874787.19,26.51,Linear Regression
PROP-FE64C4652902,Chennai,Padur,14000000,12375336.55,1624663.45,11.6,Linear Regression
PROP-D482B3771C8A,Pune,Wanowrie,38000000,28449986.55,9550013.45,25.13,Linear Regression
PROP-D30282DEF7E8,Bengaluru,Doddakannelli,7700000,8354133.19,654133.19,8.5,Linear Regression
PROP-66BC2F398FB3,Pune,Uruli Kanchan,2000000,2285194.78,285194.78,14.26,Linear Regression
PROP-B8CCA5B077EC,Delhi,Govindpuri,17000000,15072651.28,1927348.72,11.34,Linear Regression
PROP-9840B36CD036,Bengaluru,Bagalur,11000000,11456585.61,456585.61,4.15,Linear Regression
PROP-275C30FED99F,Chennai,Sembakkam,11500000,8839481.84,2660518.16,23.13,Linear Regression
PROP-34A08169478C,Pune,Ganga Dham,18500000,19066497.0,566497.0,3.06,Linear Regression
PROP-3C7BB9A3A76F,Pune,Jambhul,1800000,2137497.05,337497.05,18.75,Linear Regression
PROP-8B946A375F97,Pune,Talegaon Dhamdhere,1050000,1473490.36,423490.36,40.33,Linear Regression
PROP-38292E418CB4,Bengaluru,Kumbalgodu,4000000,5121959.79,1121959.79,28.05,Linear Regression
PROP-B94889EB5DAC,Bengaluru,Jayanagar,17000000,25020581.76,8020581.76,47.18,Linear Regression
PROP-7918A0543BED,Delhi,Mayur Vihar Phase 1,6500000,6552999.67,52999.67,0.82,Linear Regression
PROP-F7AE73D7226F,Bengaluru,Frazer Town,13000000,12919780.74,80219.26,0.62,Linear Regression
PROP-4CBA87BD7ADC,Mumbai,Malad West,2500000,3726862.28,1226862.28,49.07,Linear Regression
PROP-CC0910D5F944,Delhi,Jamia Nagar,2500000,2579493.49,79493.49,3.18,Linear Regression
PROP-880F2B4C6CEC,Pune,Jambhulwadi,1099000,1566631.96,467631.96,42.55,Linear Regression
PROP-30E17D169E3B,Chennai,T Nagar,27500000,15275191.8,12224808.2,44.45,Linear Regression
PROP-3190973D0D6A,Bengaluru,Koti Hosahalli,13000000,8632756.06,4367243.94,33.59,Linear Regression
PROP-4B132EEC6D13,Bengaluru,Vidyaranyapura,4200000,7385774.88,3185774.88,75.85,Linear Regression
PROP-7024A5C1CDC5,Bengaluru,Bagalakunte,3600000,4145483.41,545483.41,15.15,Linear Regression
PROP-612330DF8800,Pune,Shewalewadi,8500000,10136499.31,1636499.31,19.25,Linear Regression
PROP-207F9F6C82A1,Chennai,Ambattur Industrial Estate,6500000,9134115.52,2634115.52,40.52,Linear Regression
PROP-CEAAA6218846,Bengaluru,Bannerughatta,2400000,2565729.02,165729.02,6.91,Linear Regression
PROP-EB4A1A9AE20E,Chennai,Gerugambakkam,4200000,7374905.15,3174905.15,75.59,Linear Regression
PROP-26E5909FF552,Pune,Hadapsar,3000000,3370807.43,370807.43,12.36,Linear Regression
PROP-1779D7AD70C3,Pune,Pisoli,3500000,4048347.34,548347.34,15.67,Linear Regression
PROP-36E67E14E286,Bengaluru,Kaggadasapura,4000000,4851034.81,851034.81,21.28,Linear Regression
PROP-7DE0F80CE62A,Bengaluru,Shivaji Nagar,15000000,23809014.85,8809014.85,58.73,Linear Regression
PROP-009D2FB6208C,Bengaluru,Nagamangala,2100000,2356646.79,256646.79,12.22,Linear Regression
PROP-A0E7E5E1C072,Pune,Saswad,2300000,3080453.96,780453.96,33.93,Linear Regression
PROP-9269F5EDABE3,Pune,Mundhwa,11500000,15113286.53,3613286.53,31.42,Linear Regression
PROP-39EDB7D041E5,Chennai,Kolapakkam,6900000,7961007.19,1061007.19,15.38,Linear Regression
PROP-D27635A55529,Mumbai,Mira Road East,5500000,5112540.29,387459.71,7.04,Linear Regression
PROP-C09982527D26,Pune,Bhosari,3000000,3612310.65,612310.65,20.41,Linear Regression
PROP-48CB268852CA,Pune,Kondhwa,8000000,8308006.2,308006.2,3.85,Linear Regression
PROP-555DE32B3741,Pune,Sus,7600000,10243730.45,2643730.45,34.79,Linear Regression
PROP-5DD0259F63AA,Delhi,Sector 12 Dwarka,31500000,30288222.82,1211777.18,3.85,Linear Regression
PROP-31F0500C626F,Delhi,Palam,5200000,6861446.14,1661446.14,31.95,Linear Regression
PROP-A78E23A451BF,Chennai,Thiruverkkadu,7200000,7885649.33,685649.33,9.52,Linear Regression
PROP-7879F1316D64,Bengaluru,Bisuvanahalli,4000000,4922350.23,922350.23,23.06,Linear Regression
PROP-A0AA62836698,Bengaluru,Doddaballapura,5200000,7488342.91,2288342.91,44.01,Linear Regression
PROP-97C92653EB1E,Delhi,Lado Sarai,3100000,4876443.93,1776443.93,57.3,Linear Regression
PROP-E8BBAB4BD9FD,Delhi,Sector 17 Rohini,2300000,2938900.5,638900.5,27.78,Linear Regression
PROP-26E24636D271,Bengaluru,Kartik Nagar,7000000,9718076.19,2718076.19,38.83,Linear Regression
PROP-87724D4B91BD,Bengaluru,Nelamangala,4500000,6266133.54,1766133.54,39.25,Linear Regression
PROP-4E59815F38F6,Pune,Chakan,2000000,2347891.0,347891.0,17.39,Linear Regression
PROP-623733528207,Pune,Chandan Nagar,6500000,7159300.61,659300.61,10.14,Linear Regression
PROP-BC66A060CCEC,Mumbai,Virar West,2950000,4607268.88,1657268.88,56.18,Linear Regression
PROP-C8CC7D055133,Bengaluru,Devanahalli,4185000,4733206.3,548206.3,13.1,Linear Regression
PROP-6E48515068CD,Kolkata,Dum Dum Cantonment,2200000,4238289.24,2038289.24,92.65,Linear Regression
PROP-8B0A281F6F67,Kolkata,Tangra,8500000,7296997.38,1203002.62,14.15,Linear Regression
PROP-758E0F776A14,Chennai,Ramapuram,3500000,6201761.96,2701761.96,77.19,Linear Regression
PROP-B8522EF8B903,Pune,Gultekdi,17500000,18864108.68,1364108.68,7.79,Linear Regression
PROP-9C41AA9B9845,Pune,Hinjewadi Phase 3,3800000,4678952.24,878952.24,23.13,Linear Regression
PROP-216A3970FF18,Pune,Rahatani,23000000,24526033.62,1526033.62,6.63,Linear Regression
PROP-A347BF67ECD7,Pune,Ganj Peth,6500000,6573714.15,73714.15,1.13,Linear Regression
PROP-5D362742297B,Bengaluru,Kithaganur Colony,8600000,10669296.52,2069296.52,24.06,Linear Regression
PROP-3742950FC789,Delhi,Tughlakabad,4000000,5002111.29,1002111.29,25.05,Linear Regression
PROP-A9BCCF053E17,Delhi,Hastsal,6350000,9279609.55,2929609.55,46.14,Linear Regression
PROP-32003935ECCA,Bengaluru,Yerappanahalli,3825000,5679653.88,1854653.88,48.49,Linear Regression
PROP-2C4FC6B32994,Bengaluru,Madavara,7400000,6019663.12,1380336.88,18.65,Linear Regression
PROP-7FEB6B5FB126,Bengaluru,Ragavendra Industrial Estate,4500000,4768511.95,268511.95,5.97,Linear Regression
PROP-D2B8AEFDC4A2,Chennai,Dharkast,3600000,6446731.45,2846731.45,79.08,Linear Regression
PROP-B818F0D9592E,Bengaluru,Hurulichikanahalli,3000000,4006520.73,1006520.73,33.55,Linear Regression
PROP-A5DEBFD65275,Chennai,Aminjikarai,7400000,7082749.69,317250.31,4.29,Linear Regression
PROP-DFC59B418382,Pune,Katad Khana,4200000,3379431.62,820568.38,19.54,Linear Regression
PROP-D76597982D99,Pune,Shivane,7000000,7504387.95,504387.95,7.21,Linear Regression
PROP-08E7410F6F56,Kolkata,Rajarhat,3700000,5645673.01,1945673.01,52.59,Linear Regression
PROP-DE0577CA5310,Mumbai,Girgaon,60000000,87431384.16,27431384.16,45.72,Linear Regression
PROP-929F154C0F01,Pune,Kondhwa,27500000,30138132.1,2638132.1,9.59,Linear Regression
PROP-2960C566D6FE,Bengaluru,Lingarajapuram,10500000,9763631.01,736368.99,7.01,Linear Regression
PROP-0912041A0312,Chennai,Choolaimedu,6000000,6460078.01,460078.01,7.67,Linear Regression
PROP-5364E9848963,Bengaluru,Varthur,17500000,29858664.31,12358664.31,70.62,Linear Regression
PROP-F4BFAA10D3BF,Bengaluru,Bidare Agraha,5000000,4789725.42,210274.58,4.21,Linear Regression
PROP-98C89B2206BD,Delhi,Vasant Kunj,9750000,10036592.62,286592.62,2.94,Linear Regression
PROP-E0FD65059227,Bengaluru,Thotada Guddadhalli Village,12000000,18673288.35,6673288.35,55.61,Linear Regression
PROP-723B07FC1828,Delhi,Madangir,11000000,30012145.99,19012145.99,172.84,Linear Regression
PROP-B20A5D32356D,Chennai,Perambur,5200000,6653064.34,1453064.34,27.94,Linear Regression
PROP-1FF39EFE8F1C,Bengaluru,Neelasandra,2000000,2414598.33,414598.33,20.73,Linear Regression
PROP-7EE9C3784A47,Bengaluru,Kengeri,39500000,53496646.38,13996646.38,35.43,Linear Regression
PROP-35F055A640FC,Delhi,Karala,6000000,6517355.08,517355.08,8.62,Linear Regression
PROP-7DD59E02BF22,Chennai,Choolaimedu,70000000,18860286.98,51139713.02,73.06,Linear Regression
PROP-27C577E56D7C,Bengaluru,Mallathahalli,15000000,28839743.19,13839743.19,92.26,Linear Regression
PROP-61B82DD291D3,Chennai,Kodambakkam,12000000,9225272.27,2774727.73,23.12,Linear Regression
PROP-0EBA19EF740C,Delhi,Badarpur,1200000,1683593.28,483593.28,40.3,Linear Regression
PROP-F872C60A1136,Delhi,Tagore Garden Extension,25000000,18984826.29,6015173.71,24.06,Linear Regression
PROP-41554050619B,Chennai,Sithalapakkam,7500000,7916467.88,416467.88,5.55,Linear Regression
PROP-CD5F861DFC1E,Delhi,Karol Bagh,21000000,20419572.83,580427.17,2.76,Linear Regression
PROP-22ADCFDCC4E6,Bengaluru,M Hosahalli,2800000,3489705.47,689705.47,24.63,Linear Regression
PROP-C25510000B39,Delhi,Sector 16B Dwarka,5100000,3953664.4,1146335.6,22.48,Linear Regression
PROP-A9A2277A47DA,Bengaluru,Doddabele,6000000,4454045.59,1545954.41,25.77,Linear Regression
PROP-416A3CB02077,Mumbai,Bhayandar West,6500000,8118681.57,1618681.57,24.9,Linear Regression
PROP-AF6169902B19,Pune,Dhankawadi,2000000,2775235.91,775235.91,38.76,Linear Regression
PROP-0FAB90A61B36,Delhi,Uttam Nagar,3600000,4533915.05,933915.05,25.94,Linear Regression
PROP-90B5D0DE93B2,Pune,Lohegaon,16500000,18081766.91,1581766.91,9.59,Linear Regression
PROP-4F7E04D32961,Pune,Kondhawe-Dhawade,2500000,2657962.38,157962.38,6.32,Linear Regression
PROP-5BC79A05EBF7,Bengaluru,Dommasandra,6200000,6703083.4,503083.4,8.11,Linear Regression
PROP-62C848E36F39,Bengaluru,Chandra Layout Extension,32500000,60711718.11,28211718.11,86.81,Linear Regression
PROP-E33EFE69B80C,Bengaluru,Sunkadakatte,13000000,11691162.81,1308837.19,10.07,Linear Regression
PROP-27DE9C56D44E,Bengaluru,Mattanahalli,5500000,7287616.8,1787616.8,32.5,Linear Regression
PROP-038615FDDE7D,Delhi,Mahavir Enclave,16500000,25408085.46,8908085.46,53.99,Linear Regression
PROP-FC9D0E12E5EC,Chennai,T Nagar,11000000,11205107.99,205107.99,1.86,Linear Regression
PROP-6998C3C1CE18,Delhi,Shahdara,6000000,5732128.71,267871.29,4.46,Linear Regression
PROP-F3F0AF36CEB5,Bengaluru,Marathahalli,26000000,45380924.73,19380924.73,74.54,Linear Regression
PROP-2D787C5B7475,Chennai,Madambakkam,5800000,6687852.61,887852.61,15.31,Linear Regression
PROP-435F8E219C76,Pune,Hadapsar,6500000,6888905.73,388905.73,5.98,Linear Regression
PROP-35B3FD2B9BC4,Pune,Khadki,2700000,2442964.16,257035.84,9.52,Linear Regression
PROP-47EC8CAA2D1D,Pune,Sus,6000000,8728720.12,2728720.12,45.48,Linear Regression
PROP-CEEB57C8F217,Bengaluru,Virupakshapura,7000000,9359393.5,2359393.5,33.71,Linear Regression
PROP-B7CFF0B405B6,Pune,Ambegaon Pathar,4800000,5740735.57,940735.57,19.6,Linear Regression
PROP-737ACAF91D3C,Bengaluru,Dooravani Nagar,8700000,15072720.5,6372720.5,73.25,Linear Regression
PROP-AD318104196B,Bengaluru,Cheemasandra,6500000,7408554.09,908554.09,13.98,Linear Regression
PROP-CE92ABFFB9EC,Pune,Ganesh Peth,5200000,6127894.05,927894.05,17.84,Linear Regression
PROP-3879314D82F9,Bengaluru,Muddanahalli,7200000,8953245.8,1753245.8,24.35,Linear Regression
PROP-2463CFFB28A7,Chennai,Thirumullaivoyal,5800000,7313358.22,1513358.22,26.09,Linear Regression
PROP-2D1779BDD5F3,Hyderabad,Narsingi,7300000,10321064.01,3021064.01,41.38,Linear Regression
PROP-7DB1A8426B9C,Bengaluru,Banashankari,12500000,11491909.43,1008090.57,8.06,Linear Regression
PROP-F350E6D1EED2,Bengaluru,Singasandra,7000000,6162233.12,837766.88,11.97,Linear Regression
PROP-D2D7F074ACF4,Pune,Mundhwa,3800000,5297139.22,1497139.22,39.4,Linear Regression
PROP-5CC4D652FF93,Bengaluru,Kasavanahalli,8300000,9200548.9,900548.9,10.85,Linear Regression
PROP-9C34FF43D250,Kolkata,Hridaypur,6000000,7907887.34,1907887.34,31.8,Linear Regression
PROP-1A4D986F8144,Bengaluru,Wilson Garden,7800000,8312584.78,512584.78,6.57,Linear Regression
PROP-4D6FA16E4065,Delhi,Pitampura,10500000,10479182.62,20817.38,0.2,Linear Regression
PROP-BEDA27D6C498,Bengaluru,Hsr Layout,18000000,25097894.05,7097894.05,39.43,Linear Regression
PROP-FC8EEB5BF799,Kolkata,Purba Barisha,14000000,7368959.51,6631040.49,47.36,Linear Regression
PROP-A7910C008A88,Bengaluru,Sunkadakatte,8490000,9844146.07,1354146.07,15.95,Linear Regression
PROP-7B6F7930318A,Bengaluru,Laggere,22500000,40619567.68,18119567.68,80.53,Linear Regression
PROP-B655C40C41EA,Mumbai,Virar West,5600000,9580730.97,3980730.97,71.08,Linear Regression
PROP-66EEDE198CCB,Bengaluru,Hallehalli,6500000,7911246.93,1411246.93,21.71,Linear Regression
PROP-C04725EAD432,Bengaluru,Thanisandra,6500000,8184155.93,1684155.93,25.91,Linear Regression
PROP-9DA3F99F0C36,Kolkata,Belgachia,5000000,6188067.51,1188067.51,23.76,Linear Regression
PROP-4776467A6E02,Kolkata,Mahheshtala,2600000,4467338.2,1867338.2,71.82,Linear Regression
PROP-0CFC21EB2047,Bengaluru,Bisuvanahalli,6400000,6866058.74,466058.74,7.28,Linear Regression
PROP-B28EDFE12B58,Bengaluru,Akshayanagar,17500000,10240933.48,7259066.52,41.48,Linear Regression
PROP-34DBD024A8F8,Bengaluru,Kolar,7500000,16088731.67,8588731.67,114.52,Linear Regression
PROP-C9818BBCF139,Bengaluru,Arakere,7500000,8522802.71,1022802.71,13.64,Linear Regression
PROP-BDC7587B7D0F,Pune,Bibwewadi,3000000,3747957.05,747957.05,24.93,Linear Regression
PROP-2EA0E2DBA39E,Bengaluru,Malleswaram,14500000,17318757.45,2818757.45,19.44,Linear Regression
PROP-E45EFF56102C,Kolkata,Kasba,2200000,4094728.62,1894728.62,86.12,Linear Regression
PROP-5B83C9868B63,Kolkata,Kaikhali,7000000,6184925.91,815074.09,11.64,Linear Regression
PROP-0681907F9E9F,Mumbai,Vikhroli East,13500000,11737533.22,1762466.78,13.06,Linear Regression
PROP-09608FFFACCF,Pune,Shivane,1200000,1555991.64,355991.64,29.67,Linear Regression
PROP-5B1D193B8BEF,Bengaluru,Chandapura,11000000,11705600.89,705600.89,6.41,Linear Regression
PROP-B2BD4E3603E1,Bengaluru,Doddabommasandra,14000000,29410753.42,15410753.42,110.08,Linear Regression
PROP-687E7446D8BA,Mumbai,Andheri East,30000000,32080544.92,2080544.92,6.94,Linear Regression
PROP-74731FF22A2E,Bengaluru,Chandapura,6900000,7795348.27,895348.27,12.98,Linear Regression
PROP-663CCC8A79FC,Bengaluru,Akshayanagar,6200000,6634801.48,434801.48,7.01,Linear Regression
PROP-7418D47C5C3E,Bengaluru,Devanahalli,15000000,21942992.26,6942992.26,46.29,Linear Regression
PROP-8B05902385AA,Bengaluru,Harlur,6130000,8401127.82,2271127.82,37.05,Linear Regression
PROP-1143B11F2B28,Mumbai,Malad West,9500000,10557214.42,1057214.42,11.13,Linear Regression
PROP-9812020C0B67,Bengaluru,Sivanchetti Gardens,4500000,6118438.26,1618438.26,35.97,Linear Regression
PROP-14B7E84EC415,Delhi,Rohini Sector 28,2600000,3201598.42,601598.42,23.14,Linear Regression
PROP-C0CD75FD2E08,Bengaluru,Cooke Town,38500000,35885534.29,2614465.71,6.79,Linear Regression
PROP-48FF77CF86EA,Kolkata,Baguiati,3975000,5289857.1,1314857.1,33.08,Linear Regression
PROP-05A0599313EE,Kolkata,Taltala,10000000,6757455.08,3242544.92,32.43,Linear Regression
PROP-775199406D45,Bengaluru,Kambipura,7900000,8966799.14,1066799.14,13.5,Linear Regression
PROP-FD8307310423,Kolkata,Bramhapur,2800000,4455424.14,1655424.14,59.12,Linear Regression
PROP-A49404C30599,Mumbai,Dadar West,30000000,35866606.33,5866606.33,19.56,Linear Regression
PROP-0CB2D2F633B0,Bengaluru,Manchapanahalli,13000000,10435854.1,2564145.9,19.72,Linear Regression
PROP-7CDF376AB586,Kolkata,Garia,3500000,4648955.11,1148955.11,32.83,Linear Regression
PROP-1538AE991581,Bengaluru,Sg Palya,10000000,10002977.37,2977.37,0.03,Linear Regression
PROP-79142883924B,Kolkata,Barrackpore,9800000,14769220.53,4969220.53,50.71,Linear Regression
PROP-43232A2796DD,Bengaluru,Kattigenahalli,24000000,42534102.34,18534102.34,77.23,Linear Regression
PROP-6D07632670C1,Bengaluru,Mallasandra,7500000,7934531.73,434531.73,5.79,Linear Regression
PROP-CDA2A0AB5F39,Pune,Parvati Darshan,3200000,4290819.62,1090819.62,34.09,Linear Regression
PROP-4F37C5473479,Delhi,Dilshad Garden,14000000,15695549.6,1695549.6,12.11,Linear Regression
PROP-AA0CC1E67A59,Bengaluru,Kommasandra,10000000,11755832.03,1755832.03,17.56,Linear Regression
PROP-BCC62E9D8CA7,Delhi,Sangam Vihar,1600000,3089796.49,1489796.49,93.11,Linear Regression
PROP-8674AFDD7453,Kolkata,Joka,3200000,4588818.92,1388818.92,43.4,Linear Regression
PROP-81451D2EC9FC,Bengaluru,Lakshmipura,1100000,2218006.73,1118006.73,101.64,Linear Regression
PROP-D6354C3BA88B,Bengaluru,Basavanagudi,17000000,26189399.21,9189399.21,54.06,Linear Regression
PROP-7D9769ED2EB4,Delhi,Khajoori Khas,3100000,3756546.1,656546.1,21.18,Linear Regression
PROP-A25837FE2A48,Kolkata,Purba Barisha,1800000,3707415.08,1907415.08,105.97,Linear Regression
PROP-9BBD27CEFE61,Kolkata,Budge Budge,33000000,17039606.98,15960393.02,48.36,Linear Regression
PROP-8A5280BE3040,Mumbai,Virar East,4000000,5035250.23,1035250.23,25.88,Linear Regression
PROP-A45DE8E14893,Bengaluru,Yelahanka,21000000,22825786.31,1825786.31,8.69,Linear Regression
PROP-2E315B85AA19,Bengaluru,Mallathahalli,4000000,6093323.75,2093323.75,52.33,Linear Regression
PROP-A33622E96107,Mumbai,Virar West,6500000,8939152.9,2439152.9,37.53,Linear Regression
PROP-F988B92E3135,Bengaluru,Jp Nagar,4700000,4885362.55,185362.55,3.94,Linear Regression
PROP-5A776B4F1FE1,Bengaluru,Thotada Guddadhalli Village,8700000,12001143.6,3301143.6,37.94,Linear Regression
PROP-017B72AECABE,Bengaluru,Krishnarajapura,4250000,5051698.26,801698.26,18.86,Linear Regression
PROP-5AE4A2894023,Bengaluru,Kengeri,5100000,5410346.38,310346.38,6.09,Linear Regression
PROP-2268B607C7B6,Pune,Kothrud,8790000,11638286.46,2848286.46,32.4,Linear Regression
PROP-EF39E08A9BB0,Kolkata,Sodepur,25000000,14016783.17,10983216.83,43.93,Linear Regression
PROP-195C8A240117,Delhi,Ghitorni,1500000,2818061.83,1318061.83,87.87,Linear Regression
PROP-1FE3CF76897B,Mumbai,Kandivali West,6900000,9778431.66,2878431.66,41.72,Linear Regression
PROP-DD320D8AA42A,Mumbai,Vikhroli East,5000000,3159507.0,1840493.0,36.81,Linear Regression
PROP-A33813256EF4,Mumbai,Jogeshwari West,12500000,18367732.58,5867732.58,46.94,Linear Regression
PROP-D6F6F704AE6B,Pune,Range Hill Estate,12000000,16931394.73,4931394.73,41.09,Linear Regression
PROP-26F6F60CE515,Kolkata,Paschim Barisha,3200000,4823756.05,1623756.05,50.74,Linear Regression
PROP-6B6B7816E643,Bengaluru,Hsr Layout,5800000,6399268.64,599268.64,10.33,Linear Regression
PROP-60A8992057EF,Kolkata,Mahheshtala,3200000,5014852.46,1814852.46,56.71,Linear Regression
PROP-6CB376B42E54,Bengaluru,Chikbanavara,3200000,3785892.8,585892.8,18.31,Linear Regression
PROP-96A023762EBC,Bengaluru,Anekal,17000000,23488305.22,6488305.22,38.17,Linear Regression
PROP-DB8EEB99DA27,Kolkata,Tangra,9850000,8757831.98,1092168.02,11.09,Linear Regression
PROP-032A58DD7806,Bengaluru,Hemmigepura,110000000,31444650.26,78555349.74,71.41,Linear Regression
PROP-426D2AAA7CEB,Bengaluru,Singasandra,5000000,4954560.45,45439.55,0.91,Linear Regression
PROP-0DC2EC49750F,Pune,Baramati,14000000,12126480.47,1873519.53,13.38,Linear Regression
PROP-19E7561477F7,Bengaluru,Seegehalli,9400000,11073319.23,1673319.23,17.8,Linear Regression
PROP-17AFE0BFDB20,Pune,Uruli Kanchan,1800000,1759889.89,40110.11,2.23,Linear Regression
PROP-17E889979BF1,Bengaluru,Malleswaram,40000000,45210552.93,5210552.93,13.03,Linear Regression
PROP-B14B320EBDFC,Delhi,Mehrauli,2600000,3792425.36,1192425.36,45.86,Linear Regression
PROP-DF06ED64B99F,Pune,Vadgaon,2500000,2076589.85,423410.15,16.94,Linear Regression
PROP-137C2C005E7D,Bengaluru,Meesaganahalli,30000000,51143407.1,21143407.1,70.48,Linear Regression
PROP-63C1E3879D1B,Pune,Sanaswadi,1500000,2817442.29,1317442.29,87.83,Linear Regression
PROP-F9DB8A32FEB4,Mumbai,Borivali West,10000000,11686959.39,1686959.39,16.87,Linear Regression
PROP-C1177CD3700D,Mumbai,Virar West,3500000,5642868.61,2142868.61,61.22,Linear Regression
PROP-65394814C748,Bengaluru,Wilson Garden,18500000,24041271.55,5541271.55,29.95,Linear Regression
PROP-004DC79AD105,Bengaluru,Anjanapura Township,4500000,4683487.69,183487.69,4.08,Linear Regression
PROP-13CEBE2A0740,Kolkata,Lake Town,8900000,6697006.12,2202993.88,24.75,Linear Regression
PROP-79C048CC5D81,Mumbai,Mulund East,9800000,10824630.59,1024630.59,10.46,Linear Regression
PROP-2ECBEC80534E,Delhi,Janakpuri,10000000,14992706.82,4992706.82,49.93,Linear Regression
PROP-17234F70D5D2,Bengaluru,Rmv Extension Stage 2,23000000,35352877.24,12352877.24,53.71,Linear Regression
PROP-19C1E47746C4,Pune,Katraj,2500000,2868722.87,368722.87,14.75,Linear Regression
PROP-D07A88266219,Kolkata,Narendrapur,2492000,4638855.29,2146855.29,86.15,Linear Regression
PROP-ED894EF05DC0,Kolkata,Mukundapur,4000000,4951661.2,951661.2,23.79,Linear Regression
PROP-FC787D7FB9FB,Pune,Kharadi,5200000,4955768.28,244231.72,4.7,Linear Regression
PROP-CE22265D659C,Bengaluru,Horamavu,8000000,7956587.45,43412.55,0.54,Linear Regression
PROP-6F0E4CFD22DB,Kolkata,Narendrapur,2500000,4731096.28,2231096.28,89.24,Linear Regression
PROP-6BD54E2513A6,Bengaluru,Electronic City,2500000,3064557.68,564557.68,22.58,Linear Regression
PROP-A39B58DD3D8D,Delhi,Sarita Vihar,1200000,1016330.15,183669.85,15.31,Linear Regression
PROP-2575E406E6ED,Bengaluru,Kumbalgodu,12500000,17592529.23,5092529.23,40.74,Linear Regression
PROP-B63F0A2B79B8,Pune,Old Sangvi,7000000,10510038.45,3510038.45,50.14,Linear Regression
PROP-D3DE585BE9BE,Bengaluru,Annapurneshwari Nagar,10500000,10791539.52,291539.52,2.78,Linear Regression
PROP-816F45C228AB,Mumbai,Chandansar,3400000,2760054.99,639945.01,18.82,Linear Regression
PROP-E21237B121F4,Delhi,Geeta Colony,11000000,8824449.17,2175550.83,19.78,Linear Regression
PROP-18D6071BF955,Pune,Pimpri,3600000,4115140.1,515140.1,14.31,Linear Regression
PROP-492710FE2FE9,Bengaluru,Electronic City,3500000,4276480.98,776480.98,22.19,Linear Regression
PROP-1A63C13254E9,Bengaluru,Malimakanapura,3300000,4545530.74,1245530.74,37.74,Linear Regression
PROP-E9A87A15A0EA,Mumbai,Goregaon West,15000000,15410984.25,410984.25,2.74,Linear Regression
PROP-5456B6DC1BE7,Bengaluru,Rr Nagar,7800000,8769328.27,969328.27,12.43,Linear Regression
PROP-5BDEEBAF47FC,Pune,Ambegaon Budruk,4000000,5741587.32,1741587.32,43.54,Linear Regression
PROP-7ED9D16B4A84,Delhi,Tri Nagar,27000000,56110935.54,29110935.54,107.82,Linear Regression
PROP-29E8098A6751,Kolkata,Sinthi,4500000,5637744.57,1137744.57,25.28,Linear Regression
PROP-6653EDB96020,Pune,Bibwewadi,4200000,4592955.24,392955.24,9.36,Linear Regression
PROP-0FDB3B6F821B,Bengaluru,Margondanahalli,9500000,17633832.78,8133832.78,85.62,Linear Regression
PROP-52424E54F5E3,Kolkata,Ward No 113,3000000,4732228.58,1732228.58,57.74,Linear Regression
PROP-8F23576DE15A,Bengaluru,Hennur,12000000,13038739.51,1038739.51,8.66,Linear Regression
PROP-73AD0F516D1D,Kolkata,Sarsuna,2700000,4982871.73,2282871.73,84.55,Linear Regression
PROP-6B1B4B888525,Bengaluru,Hampapura,6800000,9359167.55,2559167.55,37.63,Linear Regression
PROP-31C335EAA49F,Kolkata,Rahara,7500000,8151157.01,651157.01,8.68,Linear Regression
PROP-5CE0B820B272,Pune,Shikrapur,5000000,6010984.67,1010984.67,20.22,Linear Regression
PROP-579AC477C3DE,Delhi,Palam,4800000,4238704.13,561295.87,11.69,Linear Regression
PROP-1AFF711E86BC,Mumbai,Santacruz West,120000000,85543229.64,34456770.36,28.71,Linear Regression
PROP-63ABB0812E88,Pune,Kharadi,8000000,11159794.23,3159794.23,39.5,Linear Regression
PROP-2BD3DCFC4E20,Delhi,Sector 15 Rohini,5500000,6846508.33,1346508.33,24.48,Linear Regression
PROP-F73C51824DEC,Kolkata,Dum Dum Park,2500000,4821013.9,2321013.9,92.84,Linear Regression
PROP-DD96F911A6F7,Mumbai,Mira Road East,12000000,12149393.02,149393.02,1.24,Linear Regression
PROP-83B677C44E98,Pune,Rasta Peth,6400000,6843144.64,443144.64,6.92,Linear Regression
PROP-EC60233BBF5C,Kolkata,International Airport,3600000,4967037.55,1367037.55,37.97,Linear Regression
PROP-CEAB7897D726,Mumbai,Nalasopara West,2700000,3447639.25,747639.25,27.69,Linear Regression
PROP-6C88132DD7DA,Bengaluru,Electronic City Phase Ii,7500000,10322165.23,2822165.23,37.63,Linear Regression
PROP-31228546D8E5,Mumbai,Goregaon West,10000000,9876595.25,123404.75,1.23,Linear Regression
PROP-91A5C082A239,Delhi,Kalkaji Extension,60000000,37776057.51,22223942.49,37.04,Linear Regression
PROP-8019381B2D7D,Mumbai,Goregaon East,17500000,17803340.65,303340.65,1.73,Linear Regression
PROP-12F866BB884B,Kolkata,Ballygunge,25700000,12382553.21,13317446.79,51.82,Linear Regression
PROP-F72F006C0A67,Delhi,Bawana,1500000,3272595.96,1772595.96,118.17,Linear Regression
PROP-7E7631D90398,Pune,Spine Road,3600000,2969734.54,630265.46,17.51,Linear Regression
PROP-EC3016304151,Kolkata,Garia,2500000,5057493.77,2557493.77,102.3,Linear Regression
PROP-300301509063,Delhi,Jahangirpuri,8000000,9429888.44,1429888.44,17.87,Linear Regression
PROP-3B8E9D1E24A9,Bengaluru,Sollepura Village,5500000,7476839.75,1976839.75,35.94,Linear Regression
PROP-4D8AAFAF4DD6,Kolkata,Kalighat,6000000,6261623.63,261623.63,4.36,Linear Regression
PROP-4A67F7047825,Bengaluru,Jakkur,14000000,19307861.61,5307861.61,37.91,Linear Regression
PROP-B77E72E72087,Mumbai,Virar West,5800000,8976506.96,3176506.96,54.77,Linear Regression
PROP-F0513E15F390,Delhi,Shahdara,10800000,20467381.46,9667381.46,89.51,Linear Regression
PROP-D0706C8D1125,Delhi,Kondli,7000000,11645535.91,4645535.91,66.36,Linear Regression
PROP-F831E33D8CE1,Mumbai,Andheri East,8900000,9230869.01,330869.01,3.72,Linear Regression
PROP-ED4B5382AB51,Pune,Bibwewadi,1500000,2220386.54,720386.54,48.03,Linear Regression
PROP-81EF362EBECE,Kolkata,Baranagar,2500000,4473435.56,1973435.56,78.94,Linear Regression
PROP-A8AA091D3765,Bengaluru,Whitefield,5000000,5991712.15,991712.15,19.83,Linear Regression
PROP-18F7A2458638,Bengaluru,Doddaballapura,4200000,6667124.92,2467124.92,58.74,Linear Regression
PROP-0321031F9CA0,Pune,Karve Nagar,3900000,4464273.49,564273.49,14.47,Linear Regression
PROP-475474C549DB,Mumbai,Chembur,44000000,45979411.29,1979411.29,4.5,Linear Regression
PROP-8185CC7A850D,Mumbai,Vasai East,5300000,9372470.87,4072470.87,76.84,Linear Regression
PROP-8F9EBDE4207B,Bengaluru,Medahalli,8500000,8335379.12,164620.88,1.94,Linear Regression
PROP-C3F6C9C06157,Mumbai,Borivali West,12000000,13721528.93,1721528.93,14.35,Linear Regression
PROP-EAF92F8DDDD9,Bengaluru,Shivaji Nagar,4500000,6326236.96,1826236.96,40.58,Linear Regression
PROP-1E5AC3A07E08,Bengaluru,Vidyaranyapura,11500000,9693222.64,1806777.36,15.71,Linear Regression
PROP-CD7F112A1F19,Kolkata,New Alipore,5000000,5932881.35,932881.35,18.66,Linear Regression
PROP-E9D356433740,Kolkata,Belgachia,5000000,4651371.2,348628.8,6.97,Linear Regression
PROP-D1F20278616A,Delhi,Holambi Kalan,4000000,4599695.97,599695.97,14.99,Linear Regression
PROP-A58A2DD68E92,Delhi,Baprola,4850000,7657994.02,2807994.02,57.9,Linear Regression
PROP-F8B16DBA4627,Mumbai,Borivali West,5500000,9267137.3,3767137.3,68.49,Linear Regression
PROP-5F88C1FDBD2B,Pune,Shivane,2250000,2939824.13,689824.13,30.66,Linear Regression
PROP-A41CEBC7E2BC,Kolkata,Baghajatin,2000000,3592936.21,1592936.21,79.65,Linear Regression
PROP-23629863AED7,Bengaluru,Koramangala,60000000,111308827.9,51308827.9,85.51,Linear Regression
PROP-CEADB7303C32,Bengaluru,Banashankari,8000000,8611199.86,611199.86,7.64,Linear Regression
PROP-F24A817B0BB3,Bengaluru,Whitefield,13000000,14702073.16,1702073.16,13.09,Linear Regression
PROP-187FFC381A62,Bengaluru,Gollarapalya Hosahalli,5800000,5791236.56,8763.44,0.15,Linear Regression
PROP-C01B4B736A4B,Bengaluru,Banashankari,20000000,23503464.77,3503464.77,17.52,Linear Regression
PROP-20A016CF8804,Kolkata,Sonarpur,1250000,3242866.14,1992866.14,159.43,Linear Regression
PROP-0C2F959D4D5F,Mumbai,Borivali West,19500000,24018282.28,4518282.28,23.17,Linear Regression
PROP-7333F24AF932,Kolkata,Golf Green,4000000,5457181.11,1457181.11,36.43,Linear Regression
PROP-FF44CE499C7D,Kolkata,Narendrapur,6700000,7128292.26,428292.26,6.39,Linear Regression
PROP-BDA85CF43BCD,Bengaluru,Subramanyapura,14000000,16871479.38,2871479.38,20.51,Linear Regression
PROP-4ABBEB8C8EFE,Kolkata,Hussainpur,22500000,10300625.25,12199374.75,54.22,Linear Regression
PROP-8F876ABDB135,Pune,Old Sangvi,4200000,5702525.48,1502525.48,35.77,Linear Regression
PROP-487B76347674,Kolkata,South Dum Dum,2280000,3830466.57,1550466.57,68.0,Linear Regression
PROP-D1C9187B98AF,Kolkata,Ariadaha,9400000,6265315.36,3134684.64,33.35,Linear Regression
PROP-B44ADED90535,Chennai,Ammapettai,4600000,8110549.62,3510549.62,76.32,Linear Regression
PROP-C31DB34FF0D3,Delhi,Palam,7000000,6594033.22,405966.78,5.8,Linear Regression
PROP-1892550EBA4A,Pune,Ranjangaon,2000000,1991852.11,8147.89,0.41,Linear Regression
PROP-367B62AD49A1,Delhi,Bindapur,19500000,29017387.07,9517387.07,48.81,Linear Regression
PROP-D5FCD42BDEEF,Chennai,Mudichur,7200000,7495693.6,295693.6,4.11,Linear Regression
PROP-E154E3205E2A,Bengaluru,Abbigere,7550000,7259396.34,290603.66,3.85,Linear Regression
PROP-F7FA9F287617,Bengaluru,Bilekahalli,35000000,30994868.17,4005131.83,11.44,Linear Regression
PROP-4A16392BC138,Delhi,Ganesh Nagar,7900000,8260462.48,360462.48,4.56,Linear Regression
PROP-0A29C2A8F8A1,Chennai,Tambaram Sanatoruim,3000000,4486484.83,1486484.83,49.55,Linear Regression
PROP-7BE9CAFEBA1C,Kolkata,Baguiati,7000000,5627152.69,1372847.31,19.61,Linear Regression
PROP-0BF5794C6B75,Pune,Thergaon,4950000,5660582.84,710582.84,14.36,Linear Regression
PROP-D2325D491495,Bengaluru,Hennur,7500000,6536411.67,963588.33,12.85,Linear Regression
PROP-EBF2F6F7634C,Pune,Mundhwa,7200000,9177243.17,1977243.17,27.46,Linear Regression
PROP-52847602F1D0,Hyderabad,Manikonda,14000000,14471782.68,471782.68,3.37,Linear Regression
PROP-2C0F2A4C92AB,Kolkata,Sodepur,2200000,4464197.33,2264197.33,102.92,Linear Regression
PROP-94DF5E9CBD2F,Delhi,Shalimar Bagh,9000000,12477883.88,3477883.88,38.64,Linear Regression
PROP-F2279325BB75,Chennai,Chengalpattu,3580000,5641928.18,2061928.18,57.6,Linear Regression
PROP-37F1DD44301E,Chennai,Siruniam,5500000,8957434.99,3457434.99,62.86,Linear Regression
PROP-D021C122927C,Pune,Mamurdi,4400000,5446240.85,1046240.85,23.78,Linear Regression
PROP-1E407215FBA1,Hyderabad,Kapra,4700000,8128706.32,3428706.32,72.95,Linear Regression
PROP-E0DC804C0B86,Delhi,Tri Nagar,2600000,4834326.77,2234326.77,85.94,Linear Regression
PROP-185AA95C95FB,Pune,Hadapsar,6500000,4776016.18,1723983.82,26.52,Linear Regression
PROP-D657C5A90A07,Pune,Dhayari,2500000,3104174.6,604174.6,24.17,Linear Regression
PROP-71485F03A905,Delhi,Madhu Vihar,40000000,54267634.6,14267634.6,35.67,Linear Regression
PROP-889EF17714F3,Hyderabad,Kothaguda,12500000,11365164.3,1134835.7,9.08,Linear Regression
PROP-D7F33BDBF82D,Delhi,Badarpur,2400000,3818751.38,1418751.38,59.11,Linear Regression
PROP-9C0494989865,Delhi,Tughlakabad,22500000,16002387.57,6497612.43,28.88,Linear Regression
PROP-D9D4ABFD4D32,Hyderabad,Ramachandra Puram,14500000,15636084.44,1136084.44,7.84,Linear Regression
PROP-10B0F1EAFA44,Bengaluru,T Dasarahalli,5500000,5863929.17,363929.17,6.62,Linear Regression
PROP-3B51AE728A42,Pune,Charholi Budruk,2800000,3434878.17,634878.17,22.67,Linear Regression
PROP-53797FACF5D3,Chennai,Ambattur,6500000,7442646.01,942646.01,14.5,Linear Regression
PROP-6E7FCEF32621,Delhi,Mahipalpur,4000000,6390150.2,2390150.2,59.75,Linear Regression
PROP-55B8C2C99F09,Hyderabad,Dammaiguda,7300000,11290881.2,3990881.2,54.67,Linear Regression
PROP-35A62E77D2F7,Bengaluru,Jayamahal,19900000,29382368.18,9482368.18,47.65,Linear Regression
PROP-7CDB27CCC56B,Hyderabad,Alwal,55000000,34620466.97,20379533.03,37.05,Linear Regression
PROP-A643398A5BF2,Bengaluru,Kodigehalli,6900000,10316295.95,3416295.95,49.51,Linear Regression
PROP-1900A53A5797,Bengaluru,Electronic City Phase Ii,4400000,5699691.95,1299691.95,29.54,Linear Regression
PROP-C786AD732AC5,Bengaluru,Bikasipura,40000000,40974187.64,974187.64,2.44,Linear Regression
PROP-24C399D085C4,Pune,Chikhali,1500000,1671760.69,171760.69,11.45,Linear Regression
PROP-4E108E499901,Pune,Vadgaon,2300000,2204628.16,95371.84,4.15,Linear Regression
PROP-7D4EAF9BC50D,Chennai,Oragadam Sriperambattur,975000,4679879.95,3704879.95,379.99,Linear Regression
PROP-9D111CED81B6,Mumbai,Mira Road East,5800000,6770741.72,970741.72,16.74,Linear Regression
PROP-43E2AB6143AF,Bengaluru,Rk Hegde Nagar,23500000,43790957.22,20290957.22,86.34,Linear Regression
PROP-33CEC28EED1E,Delhi,Sector 39 Rohini,3500000,3788477.36,288477.36,8.24,Linear Regression
PROP-E77308E8B287,Chennai,Padur,3000000,4673174.94,1673174.94,55.77,Linear Regression
PROP-436A7F43FB2F,Bengaluru,Mattanahalli,7500000,9074891.45,1574891.45,21.0,Linear Regression
PROP-E4AFF5DBC147,Chennai,Ayappakkam,1750000,4300528.62,2550528.62,145.74,Linear Regression
PROP-5C38ECF1B9E5,Pune,Aundh,210000000,113358622.37,96641377.63,46.02,Linear Regression
PROP-7B652EDE98B9,Pune,Dhankawadi,6500000,8205319.23,1705319.23,26.24,Linear Regression
PROP-760F1D16ADEF,Chennai,Periyapalayam,3500000,8151489.93,4651489.93,132.9,Linear Regression
PROP-7410C553135C,Pune,Pimpri,9500000,10674513.58,1174513.58,12.36,Linear Regression
PROP-2A7024014AE1,Bengaluru,Benson Town,30000000,39224465.49,9224465.49,30.75,Linear Regression
PROP-CC4DACB736AD,Chennai,Kolathur,8100000,6263995.49,1836004.51,22.67,Linear Regression
PROP-6B9EE1A5C0C2,Hyderabad,Bachupally,5500000,8514918.94,3014918.94,54.82,Linear Regression
PROP-0E2D8AF27993,Chennai,Chetpet,9000000,11241956.4,2241956.4,24.91,Linear Regression
PROP-C50F3D2E75CA,Pune,Pirangut,2500000,2345719.15,154280.85,6.17,Linear Regression
PROP-5DA698499EBB,Hyderabad,Aminpur,6000000,11711717.99,5711717.99,95.2,Linear Regression
PROP-9796C9C039FE,Delhi,Burari,8000000,9135610.69,1135610.69,14.2,Linear Regression
PROP-AFB5153F0914,Delhi,Kalu Sarai,17000000,13851998.03,3148001.97,18.52,Linear Regression
PROP-F20778F6FFA7,Kolkata,Rajpur,3600000,5649972.47,2049972.47,56.94,Linear Regression
PROP-EC5EC5B938A9,Delhi,Vasundhara Enclave,7400000,8960648.22,1560648.22,21.09,Linear Regression
PROP-0D42BA65D940,Pune,Shaniwar Peth,7800000,8072956.53,272956.53,3.5,Linear Regression
PROP-69C56DAAB05A,Chennai,Thirumullaivoyal,4200000,6457608.07,2257608.07,53.75,Linear Regression
PROP-7A682F6B298F,Kolkata,Rahara,2150000,4509008.88,2359008.88,109.72,Linear Regression
PROP-FB79FF41B652,Mumbai,Santacruz East,31000000,29283216.24,1716783.76,5.54,Linear Regression
PROP-5F2AD249503E,Bengaluru,Banashankari,11500000,10011103.75,1488896.25,12.95,Linear Regression
PROP-B13AA9A7FC87,Pune,Wakad,6000000,6245519.11,245519.11,4.09,Linear Regression
PROP-6A94BF091483,Chennai,Chengalpattu,3270000,5712025.0,2442025.0,74.68,Linear Regression
PROP-5883DDB271CD,Kolkata,Barrackpore,4600000,4717667.16,117667.16,2.56,Linear Regression
PROP-6741AF8F9998,Kolkata,Mukundapur,3000000,5174709.47,2174709.47,72.49,Linear Regression
PROP-17A3E5877C77,Pune,Talegaon Dabhade,3700000,4889172.69,1189172.69,32.14,Linear Regression
PROP-F3482FB5E361,Bengaluru,Ashok Nagar,50000000,71361664.93,21361664.93,42.72,Linear Regression
PROP-B1090F62B421,Kolkata,Rajpur,3500000,5599226.36,2099226.36,59.98,Linear Regression
PROP-FDC65DFBEA58,Bengaluru,Kadumuthsandra Plantation,8350000,10141047.81,1791047.81,21.45,Linear Regression
PROP-18502A7488C5,Hyderabad,Kokapet,7000000,12380695.83,5380695.83,76.87,Linear Regression
PROP-A1D5ADCDCF91,Bengaluru,Thanisandra,20600000,27115481.59,6515481.59,31.63,Linear Regression
PROP-C0522DF831F1,Pune,Saswad,2000000,2389076.01,389076.01,19.45,Linear Regression
PROP-9AFE824D460F,Delhi,Dilshad Garden,20000000,21350300.33,1350300.33,6.75,Linear Regression
PROP-D414BF9C4C6D,Pune,Jambhe,5200000,6254669.1,1054669.1,20.28,Linear Regression
PROP-DBFB07E88FA8,Delhi,Nangloi,7000000,7758466.61,758466.61,10.84,Linear Regression
PROP-7795861A2C71,Bengaluru,Lingadheeranahalli,13500000,12591469.56,908530.44,6.73,Linear Regression
PROP-25FAB7A392D5,Bengaluru,Benson Town,19500000,44387897.48,24887897.48,127.63,Linear Regression
PROP-6878795CC437,Bengaluru,Ramohalli,2000000,2220593.88,220593.88,11.03,Linear Regression
PROP-793527053013,Chennai,Perambur,20000000,15139740.27,4860259.73,24.3,Linear Regression
PROP-4D40B1A20187,Delhi,Sector 22 Rohini,5000000,7631480.75,2631480.75,52.63,Linear Regression
PROP-1D241C964D3C,Bengaluru,Srirampuram,9500000,18826513.97,9326513.97,98.17,Linear Regression
PROP-4D163C1AFE0C,Pune,Kasarwadi,4614000,4383928.21,230071.79,4.99,Linear Regression
PROP-22B629DD2066,Chennai,Raja Annamalai Puram,78000000,17560565.3,60439434.7,77.49,Linear Regression
PROP-46E0F6890D9C,Delhi,Khirki Extension,4500000,6969041.58,2469041.58,54.87,Linear Regression
PROP-B7F928A6C47F,Pune,Ganga Dham,10500000,11838925.16,1338925.16,12.75,Linear Regression
PROP-855B2608AFA2,Bengaluru,Dasarahalli,13500000,14115928.66,615928.66,4.56,Linear Regression
PROP-1D16DAD57337,Bengaluru,Mathikere,8000000,9779212.76,1779212.76,22.24,Linear Regression
PROP-A758AAA67652,Chennai,Chengalpattu,1620000,4482524.14,2862524.14,176.7,Linear Regression
PROP-AA0F0DFCBD68,Kolkata,Malancha Mahi Nagar,4000000,5078475.3,1078475.3,26.96,Linear Regression
PROP-BA4CA07F778B,Pune,Bopodi,8000000,7347734.28,652265.72,8.15,Linear Regression
PROP-166A5C71ABDE,Bengaluru,Lingadheeranahalli,36000000,33732091.33,2267908.67,6.3,Linear Regression
PROP-B999F27E41BF,Delhi,Ghitorni,6000000,9099123.96,3099123.96,51.65,Linear Regression
PROP-19DDE35CCD8A,Delhi,Neb Sarai,8000000,12016300.74,4016300.74,50.2,Linear Regression
PROP-5943EA2A5D22,Mumbai,Dahisar East,10000000,16008318.82,6008318.82,60.08,Linear Regression
PROP-BB7E6C12AC01,Bengaluru,Kengeri Satellite Town,14200000,20462960.4,6262960.4,44.11,Linear Regression
PROP-01433059BC75,Bengaluru,Manganahalli,6800000,8163594.19,1363594.19,20.05,Linear Regression
PROP-31C798C91564,Mumbai,Govandi,11500000,19784420.89,8284420.89,72.04,Linear Regression
PROP-CD3474A91816,Pune,Dhankawadi,2000000,2954338.16,954338.16,47.72,Linear Regression
PROP-C9949DC0A262,Kolkata,Shobhabazar,7000000,6093207.77,906792.23,12.95,Linear Regression
PROP-96E056482E02,Kolkata,Arapanch,890000,3138166.06,2248166.06,252.6,Linear Regression
PROP-82B11312217F,Bengaluru,Basavanagudi,25000000,25868062.0,868062.0,3.47,Linear Regression
PROP-240CD3A55659,Bengaluru,Thavarekere,27000000,30503165.86,3503165.86,12.97,Linear Regression
PROP-BA61B976B4F6,Bengaluru,Hebbal Kempapura,11000000,16323802.13,5323802.13,48.4,Linear Regression
PROP-2CE536CC8739,Bengaluru,Koti Hosahalli,7800000,8782907.73,982907.73,12.6,Linear Regression
PROP-64BCC534DEE6,Bengaluru,Mahadevapura,20000000,21015810.02,1015810.02,5.08,Linear Regression
PROP-5AA6F43284B1,Bengaluru,Byandahalli,1200000,1700195.15,500195.15,41.68,Linear Regression
PROP-96F57B5AEFA0,Delhi,Sonia Vihar,1700000,2445692.46,745692.46,43.86,Linear Regression
PROP-2D43F1D425FE,Bengaluru,Kengeri Satellite Town,60000000,55939903.37,4060096.63,6.77,Linear Regression
PROP-4F52AFBE4481,Bengaluru,Basavanagudi,17200000,20986304.5,3786304.5,22.01,Linear Regression
PROP-F51837D84A18,Bengaluru,Bilekahalli,6500000,7359782.1,859782.1,13.23,Linear Regression
PROP-E9AA40D73839,Kolkata,Vip Nagar,25000000,12725590.69,12274409.31,49.1,Linear Regression
PROP-17520DAA4844,Delhi,Dilshad Garden,6500000,4314199.7,2185800.3,33.63,Linear Regression
PROP-5248E691D853,Bengaluru,Bagalur,13500000,24484796.4,10984796.4,81.37,Linear Regression
PROP-2373D0335E39,Delhi,Vikaspuri,20000000,18280460.33,1719539.67,8.6,Linear Regression
PROP-AAAE434A61C7,Kolkata,Purba Barisha,2000000,4272508.88,2272508.88,113.63,Linear Regression
PROP-72786BFF6EAA,Pune,Pimple Gurav,1800000,2983690.22,1183690.22,65.76,Linear Regression
PROP-4E119C9A393B,Bengaluru,Horamavu,7500000,3027908.52,4472091.48,59.63,Linear Regression
PROP-F9E5BC2B5E4D,Mumbai,Mulund East,15700000,19033691.84,3333691.84,21.23,Linear Regression
PROP-31008C689D06,Bengaluru,Konanakunte,15500000,16043357.59,543357.59,3.51,Linear Regression
PROP-85ED57411480,Bengaluru,Nelamangala,5000000,5751120.73,751120.73,15.02,Linear Regression
PROP-183AE0AF5AE6,Pune,Ambegaon Budruk,1500000,1848053.68,348053.68,23.2,Linear Regression
PROP-0A19937F8406,Kolkata,Raghunathpur,10000000,5338554.4,4661445.6,46.61,Linear Regression
PROP-D500B4A219BE,Kolkata,North Dum Dum,1710000,4580117.61,2870117.61,167.84,Linear Regression
PROP-E86E6EB2AD72,Bengaluru,Madanayakahalli,6000000,6046254.92,46254.92,0.77,Linear Regression
PROP-C276C177DD60,Pune,Chakan,2800000,3311660.62,511660.62,18.27,Linear Regression
PROP-C88DFE50F2E1,Bengaluru,Rajanukunte,3000000,5157270.04,2157270.04,71.91,Linear Regression
PROP-148BB89A7939,Kolkata,Rajpur,5000000,7571768.75,2571768.75,51.44,Linear Regression
PROP-30F29209C14E,Bengaluru,Belathur,6500000,9020925.53,2520925.53,38.78,Linear Regression
PROP-29354BFCA92E,Mumbai,Mira Road East,11600000,11142357.53,457642.47,3.95,Linear Regression
PROP-E452AD5A4404,Mumbai,Kandivali East,18000000,22777620.75,4777620.75,26.54,Linear Regression
PROP-C61FB9FBC1BC,Pune,Aundh,3000000,3803682.13,803682.13,26.79,Linear Regression
PROP-BF118ED57912,Delhi,Chhattarpur,1050000,1351676.04,301676.04,28.73,Linear Regression
PROP-1D500711B9EE,Delhi,East Of Kailash,3800000,3972364.5,172364.5,4.54,Linear Regression
PROP-C6B3FD9F35D1,Mumbai,Kandivali East,11000000,14455789.41,3455789.41,31.42,Linear Regression
PROP-BFE4844C22B9,Pune,Dighi,2100000,3190048.27,1090048.27,51.91,Linear Regression
PROP-FF3B1A6CD2B7,Kolkata,Malancha Mahi Nagar,4300000,4680299.92,380299.92,8.84,Linear Regression
PROP-E9B36E61B507,Pune,Shikrapur,1050000,1240070.39,190070.39,18.1,Linear Regression
PROP-F206E84CFE29,Bengaluru,Hennur,7000000,7418585.86,418585.86,5.98,Linear Regression
PROP-49EDA638686D,Bengaluru,Kadubeesanahalli,7200000,9294599.7,2094599.7,29.09,Linear Regression
PROP-C1F9EB831B63,Kolkata,Kalighat,11000000,6600275.01,4399724.99,40.0,Linear Regression
PROP-0C1FC6D41250,Bengaluru,Hemmigepura,12400000,17959817.73,5559817.73,44.84,Linear Regression
PROP-B8888E831EFC,Bengaluru,Krishnarajapura,13500000,16109207.05,2609207.05,19.33,Linear Regression
PROP-B4DC2995CB05,Bengaluru,Bommasandra,4300000,3203892.76,1096107.24,25.49,Linear Regression
PROP-3D1E10AFAEEE,Bengaluru,Gollarapalya,14500000,35470185.61,20970185.61,144.62,Linear Regression
PROP-25D885A113E6,Bengaluru,Munnekollal,17200000,23785284.17,6585284.17,38.29,Linear Regression
PROP-1BC89038386F,Chennai,Kovilambakkam,6000000,7547456.84,1547456.84,25.79,Linear Regression
PROP-5A93ECCCA934,Hyderabad,Malakpet,4000000,7971613.25,3971613.25,99.29,Linear Regression
PROP-306ABCB5EAF2,Delhi,Shahdara,9800000,12961967.89,3161967.89,32.26,Linear Regression
PROP-76E0F054D628,Delhi,Malka Ganj,4000000,4351130.47,351130.47,8.78,Linear Regression
PROP-047393173888,Pune,Yashwantrao Chavan Nagar,13200000,15092000.13,1892000.13,14.33,Linear Regression
PROP-299EECD690EE,Pune,Koregaon Bhima,200000,273695.83,73695.83,36.85,Linear Regression
PROP-50C67EA09DDF,Pune,Nigdi,2985000,4240898.84,1255898.84,42.07,Linear Regression
PROP-AE14E8110F88,Delhi,Sangam Vihar,6000000,8525600.17,2525600.17,42.09,Linear Regression
PROP-95A0856F2CBD,Bengaluru,Attiguppe,7300000,9743703.57,2443703.57,33.48,Linear Regression
PROP-D47A58EA54B9,Pune,Mundhwa,4500000,5117132.33,617132.33,13.71,Linear Regression
PROP-BF35C650C25A,Delhi,Ashok Vihar,53000000,29263657.07,23736342.93,44.79,Linear Regression
PROP-932E8C3E8828,Delhi,New Ashok Nagar,9500000,16439716.17,6939716.17,73.05,Linear Regression
PROP-F8DB9F59EF80,Delhi,Fateh Nagar,2949000,2734452.92,214547.08,7.28,Linear Regression
PROP-8F904426DF9B,Delhi,Preet Vihar,72500000,78157567.98,5657567.98,7.8,Linear Regression
PROP-2FB6EB68543F,Bengaluru,Mallasandra,4700000,5785997.89,1085997.89,23.11,Linear Regression
PROP-B5C5275AB9C6,Kolkata,Bantala,4000000,6084148.43,2084148.43,52.1,Linear Regression
PROP-24B4B4BF9927,Mumbai,Vile Parle West,16000000,10521498.48,5478501.52,34.24,Linear Regression
PROP-C9DEEF9F6FD0,Mumbai,Girgaon,8300000,13471397.34,5171397.34,62.31,Linear Regression
PROP-A8782B94B1FB,Bengaluru,Electronic City,6900000,7909476.67,1009476.67,14.63,Linear Regression
PROP-0D0D2526274C,Bengaluru,Basaveshwara Nagar,50000000,44391613.73,5608386.27,11.22,Linear Regression
PROP-ED0F0C749FE5,Pune,Vadgaon Budruk,6500000,6843250.42,343250.42,5.28,Linear Regression
PROP-906C4D9BF500,Pune,Akurdi,10500000,12505363.39,2005363.39,19.1,Linear Regression
PROP-DE93B035A606,Pune,Tathawade,10500000,14903642.41,4403642.41,41.94,Linear Regression
PROP-D31A53E98564,Mumbai,Borivali West,11000000,14500868.9,3500868.9,31.83,Linear Regression
PROP-C74862BA88D2,Pune,Shukrawar Peth,6500000,6439385.81,60614.19,0.93,Linear Regression
PROP-798DF8D0BD87,Bengaluru,Byalahalli,13000000,16756377.22,3756377.22,28.9,Linear Regression
PROP-2116C7174CE2,Delhi,Sector 38 Rohini,4000000,5729171.04,1729171.04,43.23,Linear Regression
PROP-FCE181DB5E88,Bengaluru,Anchepalya,8750000,9421204.67,671204.67,7.67,Linear Regression
PROP-79C5F46E0121,Pune,Moshi,3300000,4316013.78,1016013.78,30.79,Linear Regression
PROP-1FC054B5A2B9,Bengaluru,Akshayanagar,6000000,8105199.35,2105199.35,35.09,Linear Regression
PROP-254341295E71,Delhi,Krishna Nagar,13000000,10682348.62,2317651.38,17.83,Linear Regression
PROP-50D58314C956,Bengaluru,Seegehalli,2790000,3173439.47,383439.47,13.74,Linear Regression
PROP-CDBFC212F53F,Mumbai,Worli,18000000,27682084.02,9682084.02,53.79,Linear Regression
PROP-8D44D58FF6C4,Bengaluru,Magadi,6200000,9616341.62,3416341.62,55.1,Linear Regression
PROP-7EE9CAF04D31,Bengaluru,Kodalagurki,120000000,80439056.62,39560943.38,32.97,Linear Regression
PROP-98A8DEC685FD,Bengaluru,Billapura,2700000,3587223.11,887223.11,32.86,Linear Regression
PROP-A36A2656F40A,Bengaluru,Electronic City Phase Ii,11000000,13470272.37,2470272.37,22.46,Linear Regression
PROP-0F1ADDA1EACE,Bengaluru,Krishnarajapura,15500000,16453788.72,953788.72,6.15,Ridge Regression
PROP-6F83A6D3852B,Bengaluru,Jayanagar,26000000,28722319.04,2722319.04,10.47,Ridge Regression
PROP-4008DD617BF1,Bengaluru,Yelahanka New Town,18600000,12396829.48,6203170.52,33.35,Ridge Regression
PROP-B9B2AAC7A639,Bengaluru,Whitefield,6500000,5361845.11,1138154.89,17.51,Ridge Regression
PROP-D1C9AD6C2BCA,Delhi,Jhilmil Colony,3200000,4889858.53,1689858.53,52.81,Ridge Regression
PROP-ECCDFA70D232,Bengaluru,Gulimangala,2700000,2568968.21,131031.79,4.85,Ridge Regression
PROP-FF857BF81E6E,Delhi,Khajoori Khas,3200000,4556667.3,1356667.3,42.4,Ridge Regression
PROP-40C08E07FCFB,Bengaluru,Muneshwara Nagar,13800000,12693619.49,1106380.51,8.02,Ridge Regression
PROP-F7124BC5510D,Chennai,Triplicane,12000000,5578596.29,6421403.71,53.51,Ridge Regression
PROP-CE6A3427554C,Bengaluru,Varadharaja Nagar,15300000,9645816.61,5654183.39,36.96,Ridge Regression
PROP-3CED2FDE8A58,Delhi,Janakpuri,14500000,17215147.82,2715147.82,18.73,Ridge Regression
PROP-6A7EA85260A1,Delhi,Hari Nagar Ashram,9500000,7778922.61,1721077.39,18.12,Ridge Regression
PROP-FD46C175A248,Delhi,Dakshinpuri,6000000,3847894.76,2152105.24,35.87,Ridge Regression
PROP-1EF26093DE56,Bengaluru,Jalahalli West,14000000,13252256.31,747743.69,5.34,Ridge Regression
PROP-7177F8BF160A,Bengaluru,Anchepalya,10200000,8739164.12,1460835.88,14.32,Ridge Regression
PROP-3C992F2F9AA5,Bengaluru,Mahadevapura,15500000,15087265.91,412734.09,2.66,Ridge Regression
PROP-A5914486DAF1,Bengaluru,Kengeri,4100000,3586689.28,513310.72,12.52,Ridge Regression
PROP-E905984C6E7F,Bengaluru,Thirumalashettyhally,6800000,7280424.64,480424.64,7.07,Ridge Regression
PROP-DE2AEB41BFD8,Bengaluru,Bommanahalli,20000000,12885502.12,7114497.88,35.57,Ridge Regression
PROP-133371EBED09,Bengaluru,Whitefield,6800000,6200794.69,599205.31,8.81,Ridge Regression
PROP-E5F16BB0D4F8,Bengaluru,Jayanagar South,1920000,7215584.83,5295584.83,275.81,Ridge Regression
PROP-05B0CBFEF2FC,Bengaluru,Doddakammanahalli,8200000,7221315.09,978684.91,11.94,Ridge Regression
PROP-EDF63CB83482,Bengaluru,Gopasandra,27100000,32507592.08,5407592.08,19.95,Ridge Regression
PROP-6F36F3D95790,Bengaluru,Parappana Agrahara,3800000,4260389.25,460389.25,12.12,Ridge Regression
PROP-323BB34E2E3D,Bengaluru,Whitefield,4000000,3017209.26,982790.74,24.57,Ridge Regression
PROP-8FBB34A4498F,Bengaluru,Chickpete,13000000,21599023.09,8599023.09,66.15,Ridge Regression
PROP-4A46646C1E3C,Bengaluru,Udayagiri,12000000,10190238.05,1809761.95,15.08,Ridge Regression
PROP-EBF1AEE03EE8,Chennai,Thoraipakkam,17500000,14191927.09,3308072.91,18.9,Ridge Regression
PROP-F24437E24820,Delhi,Jhilmil Colony,10000000,9476374.78,523625.22,5.24,Ridge Regression
PROP-AF537D1D7432,Bengaluru,Basavanagudi,55000000,41944857.34,13055142.66,23.74,Ridge Regression
PROP-ABC5A3DB50CB,Delhi,Neb Sarai,1600000,1551004.08,48995.92,3.06,Ridge Regression
PROP-B612F1E63F8F,Chennai,Ambattur Industrial Estate,5000000,5755104.23,755104.23,15.1,Ridge Regression
PROP-60AFF85F593F,Bengaluru,Byagadadhenahalli,2400000,1914439.09,485560.91,20.23,Ridge Regression
PROP-499BFC8A2429,Bengaluru,Hemmigepura,19500000,20876423.92,1376423.92,7.06,Ridge Regression
PROP-9480C0CD57DC,Delhi,Pandav Nagar,4500000,6151217.79,1651217.79,36.69,Ridge Regression
PROP-AAA6D8989B61,Delhi,Aya Nagar,4200000,6386423.82,2186423.82,52.06,Ridge Regression
PROP-5BEAA167BC26,Delhi,Manglapuri,14000000,13600160.7,399839.3,2.86,Ridge Regression
PROP-A44AB0F92F57,Delhi,New Mustafabad,13000000,10950644.73,2049355.27,15.76,Ridge Regression
PROP-A1FA0032D0F3,Bengaluru,Sarjapur,9200000,6551454.32,2648545.68,28.79,Ridge Regression
PROP-047C3170CAC9,Chennai,Arumbakkam,8000000,5384740.19,2615259.81,32.69,Ridge Regression
PROP-E18AE8DBF20E,Bengaluru,Banashankari,24500000,14825561.86,9674438.14,39.49,Ridge Regression
PROP-04AD50F89D92,Bengaluru,Rayasandra,35000000,53324374.37,18324374.37,52.36,Ridge Regression
PROP-34997F2EDB2E,Bengaluru,Varadharaja Nagar,8000000,6851038.71,1148961.29,14.36,Ridge Regression
PROP-F6AF4019EE97,Delhi,Burari,3000000,3035101.1,35101.1,1.17,Ridge Regression
PROP-26F4E8087C87,Bengaluru,Kasavanahalli,9300000,7696873.55,1603126.45,17.24,Ridge Regression
PROP-3C130E55B63F,Bengaluru,Sarjapur,5520000,3309879.71,2210120.29,40.04,Ridge Regression
PROP-D49E710447AD,Chennai,Korattur,6300000,6068672.55,231327.45,3.67,Ridge Regression
PROP-F6EF4CBFA712,Bengaluru,Attibele,6500000,7413351.42,913351.42,14.05,Ridge Regression
PROP-CEE7DE526021,Bengaluru,Cooke Town,23000000,54440545.42,31440545.42,136.7,Ridge Regression
PROP-24CBB7EFBCEF,Chennai,Puzhal,12200000,8005049.36,4194950.64,34.38,Ridge Regression
PROP-577DB5BC6FF7,Bengaluru,Anjanapura Township,15000000,18173473.89,3173473.89,21.16,Ridge Regression
PROP-1B75C9C2E829,Bengaluru,Chansandra,5800000,5093984.8,706015.2,12.17,Ridge Regression
PROP-C288E69E424D,Bengaluru,Jp Nagar,5600000,4476849.98,1123150.02,20.06,Ridge Regression
PROP-27CBC63C9A14,Delhi,Patparganj,17500000,14475904.14,3024095.86,17.28,Ridge Regression
PROP-FC87BD6423DF,Delhi,Chhattarpur,4500000,4679167.15,179167.15,3.98,Ridge Regression
PROP-C8E208F6009A,Bengaluru,Kothanur,9000000,7066223.74,1933776.26,21.49,Ridge Regression
PROP-3A4347158642,Chennai,Tharapakkam,4500000,5272129.43,772129.43,17.16,Ridge Regression
PROP-EDE086559E7D,Bengaluru,Kengeri Satellite Town,4700000,5517732.33,817732.33,17.4,Ridge Regression
PROP-7D8D065FA8EF,Bengaluru,Tharabanahalli,17500000,31277308.44,13777308.44,78.73,Ridge Regression
PROP-C8F23A889638,Delhi,Sant Nagar,1700000,1471826.97,228173.03,13.42,Ridge Regression
PROP-DF60A9405CA5,Bengaluru,Kadugondanahalli,8800000,6343639.15,2456360.85,27.91,Ridge Regression
PROP-EB165B2603B3,Bengaluru,Chikbanavara,4700000,4266878.69,433121.31,9.22,Ridge Regression
PROP-DCECF4C06F43,Delhi,Jasola,1000000,482386.03,517613.97,51.76,Ridge Regression
PROP-572CC45E00A7,Delhi,Mahipalpur,3000000,4396287.75,1396287.75,46.54,Ridge Regression
PROP-B089FFF823FC,Bengaluru,Hongasandra,22000000,10576529.85,11423470.15,51.92,Ridge Regression
PROP-9482FE5103CD,Chennai,Avadi,2650000,4013876.22,1363876.22,51.47,Ridge Regression
PROP-A89D3693457E,Chennai,West Tambaram,2686000,3778923.17,1092923.17,40.69,Ridge Regression
PROP-3C3E3A1482E3,Bengaluru,Rajajinagar,5500000,6801593.08,1301593.08,23.67,Ridge Regression
PROP-0FD4DF4E3852,Bengaluru,Varanasi,9000000,13987329.59,4987329.59,55.41,Ridge Regression
PROP-2D7AE14D42D3,Chennai,Kayarambedu,2000000,4490048.23,2490048.23,124.5,Ridge Regression
PROP-CF7D6A4DF2E0,Bengaluru,Anantapura,9000000,5783885.07,3216114.93,35.73,Ridge Regression
PROP-AC4FE8CFA13F,Delhi,Pandav Nagar,4500000,3999312.22,500687.78,11.13,Ridge Regression
PROP-B1D5055D16F0,Delhi,Samay Pur,5800000,4798233.43,1001766.57,17.27,Ridge Regression
PROP-EA4E6AE54F50,Chennai,Chettipunyam,3000000,3992670.36,992670.36,33.09,Ridge Regression
PROP-E19F9BAD3AE8,Delhi,Sector 27 Dwarka,6200000,7022506.71,822506.71,13.27,Ridge Regression
PROP-641E643FE294,Bengaluru,Kaval Bairasandra,7000000,6803150.69,196849.31,2.81,Ridge Regression
PROP-2A8DEF7A3A35,Bengaluru,Mattanahalli,8000000,6071524.03,1928475.97,24.11,Ridge Regression
PROP-D03284431B92,Bengaluru,Sg Palya,15000000,13866852.96,1133147.04,7.55,Ridge Regression
PROP-E30D985EB363,Bengaluru,Vidyaranyapura,12000000,10245793.29,1754206.71,14.62,Ridge Regression
PROP-E38BEB8EC5C0,Bengaluru,Sg Palya,60000000,44946935.98,15053064.02,25.09,Ridge Regression
PROP-8AD7E6E843B7,Chennai,Varadharajapuram,4000000,3990611.04,9388.96,0.23,Ridge Regression
PROP-AA441C9659B2,Delhi,Subzi Mandi,6500000,8027617.14,1527617.14,23.5,Ridge Regression
PROP-B5A1E1497BDC,Bengaluru,Neelasandra,1600000,2126129.42,526129.42,32.88,Ridge Regression
PROP-46DD05416648,Bengaluru,Kartik Nagar,25000000,31824758.09,6824758.09,27.3,Ridge Regression
PROP-E7641CA5BDDE,Delhi,Madhu Vihar,3700000,3545877.11,154122.89,4.17,Ridge Regression
PROP-B18F0A366BEC,Bengaluru,Rt Nager,20000000,16217992.85,3782007.15,18.91,Ridge Regression
PROP-AAB30FD073E0,Delhi,Model Town,30000000,22635061.67,7364938.33,24.55,Ridge Regression
PROP-E7368E0625D6,Bengaluru,Parappana Agrahara,19000000,35463065.86,16463065.86,86.65,Ridge Regression
PROP-D8C96099397F,Bengaluru,Makali,1200000,1096566.95,103433.05,8.62,Ridge Regression
PROP-D2BEFF90081A,Bengaluru,Gunjur Village,14000000,15370647.4,1370647.4,9.79,Ridge Regression
PROP-F494730E28A9,Bengaluru,Jeevanbheemanagar,6500000,4817168.04,1682831.96,25.89,Ridge Regression
PROP-66DA886E4554,Bengaluru,Gunjur,2200000,1574066.54,625933.46,28.45,Ridge Regression
PROP-2588D57E3F08,Bengaluru,Shivaji Nagar,137500000,73799952.41,63700047.59,46.33,Ridge Regression
PROP-46EEF5F879C0,Delhi,Mayur Vihar Phase 1,14500000,18062985.13,3562985.13,24.57,Ridge Regression
PROP-0CF405B80BB2,Bengaluru,Parappana Agrahara,15000000,31029524.46,16029524.46,106.86,Ridge Regression
PROP-A86B36358206,Bengaluru,Bidadi,5500000,3943932.86,1556067.14,28.29,Ridge Regression
PROP-5D96A57E2A7C,Bengaluru,Kumaraswamy Layout,12500000,24653730.81,12153730.81,97.23,Ridge Regression
PROP-9640F6004261,Chennai,Valasaravakkam,7500000,5719243.6,1780756.4,23.74,Ridge Regression
PROP-45A7D957EEEA,Bengaluru,Chandapura,13900000,13951939.87,51939.87,0.37,Ridge Regression
PROP-941B220C35BC,Bengaluru,Seegehalli,4500000,4767218.0,267218.0,5.94,Ridge Regression
PROP-E88076D970F7,Bengaluru,Laxmipura,24900000,16116726.99,8783273.01,35.27,Ridge Regression
PROP-5E1A8D49AF54,Delhi,Dallupura,8500000,7871332.49,628667.51,7.4,Ridge Regression
PROP-17308953B31E,Bengaluru,Chichuraganapalli,3500000,4180792.89,680792.89,19.45,Ridge Regression
PROP-B3A302861C58,Bengaluru,Chikkalasandra,4500000,3682509.43,817490.57,18.17,Ridge Regression
PROP-B2361C1ABE9B,Chennai,Madambakkam,7500000,6101942.49,1398057.51,18.64,Ridge Regression
PROP-3C95DF87A297,Bengaluru,Jakkur,7000000,8547955.08,1547955.08,22.11,Ridge Regression
PROP-320E741DFF6C,Delhi,Mahavir Enclave,9000000,20602609.97,11602609.97,128.92,Ridge Regression
PROP-C7604EBC7C71,Bengaluru,Nimbekaipura,8499000,7889243.58,609756.42,7.17,Ridge Regression
PROP-E51D406F01ED,Bengaluru,Jigani,15000000,24667477.49,9667477.49,64.45,Ridge Regression
PROP-CFFB76DF842B,Delhi,Shahdara,14500000,9350225.19,5149774.81,35.52,Ridge Regression
PROP-38E38E927DA9,Bengaluru,Shanti Nagar,60000000,47457583.48,12542416.52,20.9,Ridge Regression
PROP-D24EA453C26F,Bengaluru,Marathahalli,8460000,7638466.15,821533.85,9.71,Ridge Regression
PROP-25935D655E1C,Delhi,Najafgarh,3000000,2508696.46,491303.54,16.38,Ridge Regression
PROP-F261181B1A0D,Bengaluru,K Channasandra,6500000,5615195.62,884804.38,13.61,Ridge Regression
PROP-57C4B72A2360,Bengaluru,Chikkalasandra,4300000,3476116.48,823883.52,19.16,Ridge Regression
PROP-B39E7CE75F60,Bengaluru,Gandhi Nagar,8800000,6556725.57,2243274.43,25.49,Ridge Regression
PROP-ECBDF559A09C,Bengaluru,Bande Kodigehalli,12000000,13453452.33,1453452.33,12.11,Ridge Regression
PROP-59CBC1D6774B,Delhi,Mayur Vihar Phase 1,22000000,19532802.11,2467197.89,11.21,Ridge Regression
PROP-72794BDD040A,Delhi,Gujranwala Town,45000000,130283821.4,85283821.4,189.52,Ridge Regression
PROP-D2C0908B935D,Delhi,Sector 9 Rohini,28000000,24185788.7,3814211.3,13.62,Ridge Regression
PROP-F91BA169CE69,Delhi,Karala,1800000,1621824.28,178175.72,9.9,Ridge Regression
PROP-FD83AC90621A,Bengaluru,Kaggalipura,3700000,2768871.62,931128.38,25.17,Ridge Regression
PROP-32DF66064FA0,Bengaluru,Hebbal Kempapura,9000000,6034649.92,2965350.08,32.95,Ridge Regression
PROP-09A2FC1C658C,Bengaluru,Electronic City,3600000,3030718.62,569281.38,15.81,Ridge Regression
PROP-73D74490A550,Delhi,Palam,19000000,15235018.9,3764981.1,19.82,Ridge Regression
PROP-093767D893F3,Bengaluru,Byagadadhenahalli,2400000,2066182.44,333817.56,13.91,Ridge Regression
PROP-0EB0EEEBA031,Bengaluru,Doddakannelli,5200000,4434580.7,765419.3,14.72,Ridge Regression
PROP-FE13381AD603,Delhi,Jangpura,6300000,5699119.49,600880.51,9.54,Ridge Regression
PROP-55AF5D58549F,Bengaluru,Sunkalpalya,2500000,1855435.83,644564.17,25.78,Ridge Regression
PROP-6B359A4000AA,Delhi,Sector 18 Rohini,7000000,5256883.77,1743116.23,24.9,Ridge Regression
PROP-DE375B3B7AB8,Chennai,Adhanur,5500000,5756057.72,256057.72,4.66,Ridge Regression
PROP-0E9D0052547F,Bengaluru,Electronic City,3800000,2973797.63,826202.37,21.74,Ridge Regression
PROP-D2D1C1A3962B,Bengaluru,Gb Palya,8500000,6915365.35,1584634.65,18.64,Ridge Regression
PROP-381795E8E25A,Bengaluru,Electronic City Phase Ii,9950000,9105372.61,844627.39,8.49,Ridge Regression
PROP-68CE38E84140,Bengaluru,Kudlu Gate,19000000,14916774.1,4083225.9,21.49,Ridge Regression
PROP-ECBEB890E686,Delhi,Nilothi,2000000,2152486.2,152486.2,7.62,Ridge Regression
PROP-048409EBAB0F,Chennai,Korattur,15000000,8910389.03,6089610.97,40.6,Ridge Regression
PROP-C0582A2C5621,Bengaluru,Brookefield,9500000,8392819.9,1107180.1,11.65,Ridge Regression
PROP-59377D614B67,Delhi,Mayur Vihar Ii,5000000,3287159.19,1712840.81,34.26,Ridge Regression
PROP-FACEF0CDBC40,Bengaluru,Volagerekallahalli,6000000,5571293.25,428706.75,7.15,Ridge Regression
PROP-9BD8D7FC0338,Bengaluru,Sorahunase,6200000,6067187.31,132812.69,2.14,Ridge Regression
PROP-8A786F10EA58,Bengaluru,Jalahalli West,1500000,1471173.97,28826.03,1.92,Ridge Regression
PROP-92F43CDD0D1D,Bengaluru,Kadugondanahalli,5700000,3746575.67,1953424.33,34.27,Ridge Regression
PROP-96358EF80DE7,Bengaluru,Mathikere,10000000,9988945.27,11054.73,0.11,Ridge Regression
PROP-30109E081BB1,Delhi,Laxmi Nagar,50000000,32079873.03,17920126.97,35.84,Ridge Regression
PROP-5905BF0E5C9C,Bengaluru,Vakil Garden City,8000000,7028308.22,971691.78,12.15,Ridge Regression
PROP-BC8330249A03,Bengaluru,Hennur,11500000,9268097.95,2231902.05,19.41,Ridge Regression
PROP-F74E2E3DDDF5,Bengaluru,Kaggadasapura,5700000,5267897.43,432102.57,7.58,Ridge Regression
PROP-A3B108569EF6,Bengaluru,Chikkalasandra,12500000,6737624.8,5762375.2,46.1,Ridge Regression
PROP-26AB82C2003D,Chennai,Oragadam Ambattur,2600000,4656160.66,2056160.66,79.08,Ridge Regression
PROP-D121AA0C3AAA,Delhi,Sagar Pur,5500000,5835392.3,335392.3,6.1,Ridge Regression
PROP-109383D097A9,Chennai,Ambattur Industrial Estate,8400000,6064540.97,2335459.03,27.8,Ridge Regression
PROP-F72BAAA45BAD,Delhi,Badarpur,10000000,15914386.66,5914386.66,59.14,Ridge Regression
PROP-97A38F091DC9,Delhi,Vishnu Garden,48000000,19483519.9,28516480.1,59.41,Ridge Regression
PROP-B04B4B568E69,Bengaluru,Anekal,15000000,14901836.16,98163.84,0.65,Ridge Regression
PROP-BDA369CBAE67,Bengaluru,Varthur,5399000,5726888.69,327888.69,6.07,Ridge Regression
PROP-921692A28E8B,Chennai,Rajakilpakkam,3000000,3448260.96,448260.96,14.94,Ridge Regression
PROP-17AD810F2E44,Bengaluru,Byagadadhenahalli,2200000,1708478.1,491521.9,22.34,Ridge Regression
PROP-AF893FFA4C06,Chennai,Veppampattu,3850000,4650989.99,800989.99,20.8,Ridge Regression
PROP-B78CB6FA8318,Delhi,Mundka,2300000,2703477.87,403477.87,17.54,Ridge Regression
PROP-EDC70323BFBE,Bengaluru,Doddaballapura,30000000,33303301.28,3303301.28,11.01,Ridge Regression
PROP-B1219DDD10D6,Chennai,Vallakkottai,9900000,7145713.07,2754286.93,27.82,Ridge Regression
PROP-879269C215CD,Delhi,Sant Nagar,13000000,9738349.67,3261650.33,25.09,Ridge Regression
PROP-8C3CEA495C26,Bengaluru,Nelamangala,30000000,14912048.5,15087951.5,50.29,Ridge Regression
PROP-8646D64D4C66,Bengaluru,Vittasandra,13000000,11430014.5,1569985.5,12.08,Ridge Regression
PROP-C957CB3318D7,Chennai,Oragadam Sriperambattur,4500000,4582270.01,82270.01,1.83,Ridge Regression
PROP-06A353B7CC75,Chennai,Oragadam Sriperambattur,11500000,9501195.89,1998804.11,17.38,Ridge Regression
PROP-034D7A0B20C3,Bengaluru,Hoskote,17000000,11535475.76,5464524.24,32.14,Ridge Regression
PROP-53540A0F8A78,Chennai,Kadambathur,1950000,4124688.33,2174688.33,111.52,Ridge Regression
PROP-FFFE87A3E212,Delhi,Shahdara,32000000,21006994.19,10993005.81,34.35,Ridge Regression
PROP-BCA51229B6B8,Delhi,Madangir,2000000,2909905.72,909905.72,45.5,Ridge Regression
PROP-BA7E08E6CC86,Bengaluru,Sarjapur,8000000,7326069.62,673930.38,8.42,Ridge Regression
PROP-DD9F4263FFD2,Delhi,Sector 13 Rohini,27500000,22989087.46,4510912.54,16.4,Ridge Regression
PROP-5FD4DDB5BEC6,Chennai,Thandalam,5111000,4686164.01,424835.99,8.31,Ridge Regression
PROP-6327C73AD39E,Bengaluru,Thyvakanahally,29000000,26477023.92,2522976.08,8.7,Ridge Regression
PROP-6F9315E57409,Bengaluru,Kumaraswamy Layout,5500000,6229192.79,729192.79,13.26,Ridge Regression
PROP-90FB2529C61D,Bengaluru,Anjanapura Township,15000000,15715524.63,715524.63,4.77,Ridge Regression
PROP-FF3363401EE2,Bengaluru,Thirumagondanahalli,2800000,2441805.98,358194.02,12.79,Ridge Regression
PROP-6C45267C9C3F,Chennai,Avadi,6500000,6273030.86,226969.14,3.49,Ridge Regression
PROP-3D5DAACB3A3B,Delhi,Sector 18 Rohini,11000000,7263609.74,3736390.26,33.97,Ridge Regression
PROP-D62E1A033A1D,Bengaluru,Chickpete,25000000,48997022.08,23997022.08,95.99,Ridge Regression
PROP-CDA0D9C57C23,Bengaluru,Varadharaja Nagar,6000000,5271969.63,728030.37,12.13,Ridge Regression
PROP-9B0452D3DE3D,Bengaluru,Jalahalli,5500000,5315315.64,184684.36,3.36,Ridge Regression
PROP-1882F56DC76C,Bengaluru,Hampapura,57500000,31572346.36,25927653.64,45.09,Ridge Regression
PROP-C337EF56DCBC,Bengaluru,Jayamahal,62500000,33975603.74,28524396.26,45.64,Ridge Regression
PROP-A6E8C948EB02,Delhi,Suraj Vihar,4500000,5335878.03,835878.03,18.58,Ridge Regression
PROP-45AC659C4EE0,Bengaluru,Jakkur,40000000,40361938.22,361938.22,0.9,Ridge Regression
PROP-47AC877D03EE,Bengaluru,Hulimavu,5600000,5199594.75,400405.25,7.15,Ridge Regression
PROP-EF3C4A4D064C,Chennai,Pozhichalur,22500000,11734484.21,10765515.79,47.85,Ridge Regression
PROP-6BD71451B2F3,Chennai,Perumanttunallur,2100000,3402474.2,1302474.2,62.02,Ridge Regression
PROP-0D1D8D68BC20,Bengaluru,Hoodi,14000000,9512535.9,4487464.1,32.05,Ridge Regression
PROP-4291897BA1A2,Bengaluru,Bellahalli,18500000,12440452.01,6059547.99,32.75,Ridge Regression
PROP-F57D7E251EC9,Bengaluru,Bommasandra,3500000,2234594.74,1265405.26,36.15,Ridge Regression
PROP-E05D72378253,Bengaluru,Rainbow Garden Layout,9500000,18173624.99,8673624.99,91.3,Ridge Regression
PROP-A19C8B44B592,Delhi,Burari,1875000,1476678.09,398321.91,21.24,Ridge Regression
PROP-6898C5489F27,Delhi,Tilak Nagar,4500000,4123089.25,376910.75,8.38,Ridge Regression
PROP-9168BEDEC251,Bengaluru,Bommasandra,3600000,2244718.12,1355281.88,37.65,Ridge Regression
PROP-F431A8E911DA,Chennai,Choolaimedu,19000000,14334925.73,4665074.27,24.55,Ridge Regression
PROP-E15816D91021,Chennai,Kilpauk,25000000,13148774.17,11851225.83,47.4,Ridge Regression
PROP-FC2008100E33,Bengaluru,Mallathahalli,3200000,3799610.37,599610.37,18.74,Ridge Regression
PROP-044AB85B66BD,Delhi,Sector 18 Rohini,9200000,7234312.37,1965687.63,21.37,Ridge Regression
PROP-CF35A6139A44,Delhi,Geeta Colony,22500000,15904442.54,6595557.46,29.31,Ridge Regression
PROP-4F0E96BC6A10,Bengaluru,Maruthi Nagar,11000000,8873476.02,2126523.98,19.33,Ridge Regression
PROP-DEC084B63D73,Bengaluru,Mailasandra,5100000,4835170.51,264829.49,5.19,Ridge Regression
PROP-7B922B4822CC,Delhi,Adarsh Nagar,4000000,17638462.61,13638462.61,340.96,Ridge Regression
PROP-9AB364256979,Bengaluru,Srinivasa Nagar,7200000,12055101.77,4855101.77,67.43,Ridge Regression
PROP-389B102B35F5,Delhi,Chirag Dilli,15000000,9471526.29,5528473.71,36.86,Ridge Regression
PROP-5D861391E50B,Bengaluru,Bisuvanahalli,9000000,5933076.19,3066923.81,34.08,Ridge Regression
PROP-97FF862E203A,Bengaluru,Gb Palya,18000000,22626509.78,4626509.78,25.7,Ridge Regression
PROP-B8308072DC3F,Bengaluru,Bilekahalli,10500000,9127016.4,1372983.6,13.08,Ridge Regression
PROP-86376275ABDA,Bengaluru,Bikasipura,6000000,5720604.96,279395.04,4.66,Ridge Regression
PROP-AC4A9B5668B4,Delhi,Nangloi,63000000,18908905.65,44091094.35,69.99,Ridge Regression
PROP-57EC3C0CAB0B,Delhi,Okhla,26000000,36165022.21,10165022.21,39.1,Ridge Regression
PROP-B0FE0DD0CB3C,Delhi,Mansarover Garden,20000000,19600623.5,399376.5,2.0,Ridge Regression
PROP-ADA6EA3E0B0E,Bengaluru,Koramangala,32000000,29091422.97,2908577.03,9.09,Ridge Regression
PROP-731A2F56E657,Delhi,Sultanpur,3500000,2886564.49,613435.51,17.53,Ridge Regression
PROP-33CA6709529B,Delhi,Sector 25 Rohini,24000000,15245011.82,8754988.18,36.48,Ridge Regression
PROP-EC1D51D84FCC,Chennai,Pallavaram,15000000,5389169.45,9610830.55,64.07,Ridge Regression
PROP-5EAA49581593,Delhi,Mayur Vihar Phase 1,2700000,3235110.57,535110.57,19.82,Ridge Regression
PROP-6F2660E1E5ED,Bengaluru,Begur,8200000,5634656.1,2565343.9,31.28,Ridge Regression
PROP-3B42B34247C3,Delhi,Dilshad Garden,3400000,3314792.78,85207.22,2.51,Ridge Regression
PROP-11EB377AB0C7,Bengaluru,Harohalli,3819000,3714649.23,104350.77,2.73,Ridge Regression
PROP-EC1C69A67D20,Bengaluru,Mylasandra,20000000,16025173.8,3974826.2,19.87,Ridge Regression
PROP-F5B2923FF5D2,Delhi,Burari,4000000,3911417.64,88582.36,2.21,Ridge Regression
PROP-A1BA15A56A8B,Bengaluru,Abbigere,7000000,6445334.74,554665.26,7.92,Ridge Regression
PROP-58E6F72FD497,Delhi,Dwarka Mor,6000000,5231850.84,768149.16,12.8,Ridge Regression
PROP-5293DC90EAF3,Bengaluru,Rmv Extension Stage 2,5500000,4867328.69,632671.31,11.5,Ridge Regression
PROP-EF8691C619D5,Chennai,Mogappair,8000000,9342224.32,1342224.32,16.78,Ridge Regression
PROP-43FB870147E7,Bengaluru,Chandra Layout Extension,49500000,26383902.91,23116097.09,46.7,Ridge Regression
PROP-DF7C726B28A7,Bengaluru,Hennur,95000000,27776586.29,67223413.71,70.76,Ridge Regression
PROP-88F1E25B4D19,Delhi,Krishna Nagar,5500000,6852790.92,1352790.92,24.6,Ridge Regression
PROP-C32AF10052CD,Chennai,Thiruvanmiyur,69000000,22682939.43,46317060.57,67.13,Ridge Regression
PROP-244A8ACB4D16,Chennai,Iyyapa Nagar,5400000,6157991.07,757991.07,14.04,Ridge Regression
PROP-EDC3642869B7,Delhi,Bharthal,2100000,1552951.72,547048.28,26.05,Ridge Regression
PROP-2B2D243FDB15,Bengaluru,Kudlu,6600000,5350810.95,1249189.05,18.93,Ridge Regression
PROP-BE244155119D,Delhi,Shastri Nagar,21000000,40842779.84,19842779.84,94.49,Ridge Regression
PROP-537F15EF00EF,Bengaluru,Thanisandra,14000000,14425794.03,425794.03,3.04,Ridge Regression
PROP-426304652951,Bengaluru,Sivanchetti Gardens,10000000,9730468.54,269531.46,2.7,Ridge Regression
PROP-4CE62A4B211E,Delhi,Jahangirpuri,19900000,13386654.0,6513346.0,32.73,Ridge Regression
PROP-A136638701BD,Chennai,Urapakkam,3800000,4838771.72,1038771.72,27.34,Ridge Regression
PROP-389AD560221A,Bengaluru,Shivaji Nagar,11000000,10929121.7,70878.3,0.64,Ridge Regression
PROP-0A5F5FFB79DE,Bengaluru,Hampapura,3800000,3861317.68,61317.68,1.61,Ridge Regression
PROP-1BE958EEC39E,Chennai,Pammal,2500000,3310159.15,810159.15,32.41,Ridge Regression
PROP-8BAF2BEE0263,Bengaluru,Mallapur,16000000,16650045.32,650045.32,4.06,Ridge Regression
PROP-3A511FF02179,Bengaluru,Bangalore City Municipal Corporation Layout,10500000,9747704.55,752295.45,7.16,Ridge Regression
PROP-B68DD5AC1AF2,Delhi,Bharthal,2700000,1639443.04,1060556.96,39.28,Ridge Regression
PROP-6F2ECE75D556,Bengaluru,Magadi,5500000,5827349.4,327349.4,5.95,Ridge Regression
PROP-89D93F1C6E33,Bengaluru,Hampapura,12000000,20276817.69,8276817.69,68.97,Ridge Regression
PROP-BCBAF295B00C,Bengaluru,Malleswaram,12000000,14994997.74,2994997.74,24.96,Ridge Regression
PROP-5F21B89EA323,Bengaluru,Vidyaranyapura,5000000,4359738.47,640261.53,12.81,Ridge Regression
PROP-9FB42CBFFC3B,Bengaluru,Nelamangala,6000000,5782605.77,217394.23,3.62,Ridge Regression
PROP-1764097CDB64,Chennai,Adyar,17000000,12165490.22,4834509.78,28.44,Ridge Regression
PROP-2ED9A34FA044,Bengaluru,Vijayanagar,60000000,52502355.74,7497644.26,12.5,Ridge Regression
PROP-244D75650DD6,Bengaluru,Kithaganur Colony,6800000,9643747.26,2843747.26,41.82,Ridge Regression
PROP-8DDF00FE969C,Chennai,Thiruvallur,5000000,5719370.79,719370.79,14.39,Ridge Regression
PROP-A5928B78B707,Delhi,Kondli,2400000,5441178.59,3041178.59,126.72,Ridge Regression
PROP-64FBDF730C8D,Bengaluru,Andrahalli,7500000,8801618.86,1301618.86,17.35,Ridge Regression
PROP-7EF2F97973D1,Delhi,Paharganj,12500000,8509602.18,3990397.82,31.92,Ridge Regression
PROP-43ADBF72FC14,Bengaluru,T Dasarahalli,7500000,5321094.66,2178905.34,29.05,Ridge Regression
PROP-F13002390B25,Bengaluru,Yelahanka,5500000,4368323.06,1131676.94,20.58,Ridge Regression
PROP-7E4E30F5CDFA,Delhi,Baprola,4000000,2977209.95,1022790.05,25.57,Ridge Regression
PROP-403FF4F48EDA,Chennai,Maraimalai Nagar,3465000,3814542.85,349542.85,10.09,Ridge Regression
PROP-886B605EFC26,Bengaluru,Rajajinagar,16000000,15336231.47,663768.53,4.15,Ridge Regression
PROP-E891C85EBEF3,Bengaluru,Jp Nagar,12500000,7824678.87,4675321.13,37.4,Ridge Regression
PROP-241ABE4D826E,Delhi,Sector 34 Rohini,1500000,2545397.89,1045397.89,69.69,Ridge Regression
PROP-9A5597E90FB8,Chennai,Saligramam,9850000,6458101.66,3391898.34,34.44,Ridge Regression
PROP-13CD24308F03,Chennai,Maduravoyal,2000000,3722509.79,1722509.79,86.13,Ridge Regression
PROP-C2722A1C7AD6,Delhi,Chhattarpur,200000000,51129778.71,148870221.29,74.44,Ridge Regression
PROP-544B31D49874,Pune,Pimpri,3500000,5299911.41,1799911.41,51.43,Ridge Regression
PROP-9FD3F637B94E,Mumbai,Thane West,5200000,2962259.11,2237740.89,43.03,Ridge Regression
PROP-917395C01FC1,Pune,Ganesh Peth,14000000,9012250.84,4987749.16,35.63,Ridge Regression
PROP-BEBB7848373A,Pune,New Sangvi,2200000,2918905.2,718905.2,32.68,Ridge Regression
PROP-A1A5BE7EE8C8,Pune,Bhawani Peth,3200000,2525643.91,674356.09,21.07,Ridge Regression
PROP-66846DF385D2,Kolkata,Harinavi,6900000,4608290.15,2291709.85,33.21,Ridge Regression
PROP-E42451C52F6E,Mumbai,Virar West,3300000,3485807.99,185807.99,5.63,Ridge Regression
PROP-4955AE8E77E1,Kolkata,Sonarpur,6000000,5535001.87,464998.13,7.75,Ridge Regression
PROP-80E42E6F1ED4,Pune,Warje,4500000,3427212.85,1072787.15,23.84,Ridge Regression
PROP-76C893345A7E,Pune,Kesnand,4200000,4420916.41,220916.41,5.26,Ridge Regression
PROP-EA1738BE4410,Mumbai,Dahisar West,7200000,6966770.86,233229.14,3.24,Ridge Regression
PROP-8D3F3E26EFF7,Pune,Jambhulwadi,2500000,2147891.48,352108.52,14.08,Ridge Regression
PROP-4BB2A5544384,Mumbai,Mira Road East,17000000,15168822.36,1831177.64,10.77,Ridge Regression
PROP-609277D71A22,Pune,Mangadewadi,6000000,4320564.68,1679435.32,27.99,Ridge Regression
PROP-7AD56FD2714E,Mumbai,Virar West,3700000,3507456.84,192543.16,5.2,Ridge Regression
PROP-6C7CB462CBA6,Mumbai,Dahisar West,8500000,8819189.58,319189.58,3.76,Ridge Regression
PROP-5FE0FAB23EE7,Pune,Jambhul,3200000,3487992.27,287992.27,9.0,Ridge Regression
PROP-AC550DA8A89F,Pune,Vadhu Budruk,1450000,1313451.57,136548.43,9.42,Ridge Regression
PROP-847C3C0603B5,Mumbai,Vasai West,5950000,6214483.67,264483.67,4.45,Ridge Regression
PROP-16021330F472,Kolkata,Bhatpara,3900000,5218198.31,1318198.31,33.8,Ridge Regression
PROP-845AFB3474FA,Kolkata,Basina,2800000,3736721.68,936721.68,33.45,Ridge Regression
PROP-750ECC26561A,Pune,Wadaki,1510000,1317774.93,192225.07,12.73,Ridge Regression
PROP-AF4A80740D13,Kolkata,Dum Dum,8000000,5199875.63,2800124.37,35.0,Ridge Regression
PROP-80DB941AB84B,Pune,Pashan,3500000,2697642.2,802357.8,22.92,Ridge Regression
PROP-F7996C67C809,Kolkata,Purba Barisha,2300000,2983164.24,683164.24,29.7,Ridge Regression
PROP-D6496F234E61,Mumbai,Nalasopara West,4818000,4890813.2,72813.2,1.51,Ridge Regression
PROP-315C8B76C4BC,Mumbai,Kandivali West,14000000,16452214.13,2452214.13,17.52,Ridge Regression
PROP-793B2AF0FE27,Kolkata,Mahheshtala,3400000,3882164.52,482164.52,14.18,Ridge Regression
PROP-E50E6A24D421,Kolkata,Duttapukur,3000000,7732241.72,4732241.72,157.74,Ridge Regression
PROP-502C690C434F,Kolkata,Purba Barisha,11000000,8177428.22,2822571.78,25.66,Ridge Regression
PROP-7B0BB392FB77,Kolkata,Netaji Nagar,2200000,2981041.28,781041.28,35.5,Ridge Regression
PROP-F7B707A8DFBC,Pune,Kasarwadi,5200000,4870451.9,329548.1,6.34,Ridge Regression
PROP-6907678B6015,Kolkata,Shibrampur Mauza,3000000,3376630.2,376630.2,12.55,Ridge Regression
PROP-387B92C9041D,Kolkata,Rajarhat,2500000,3811226.09,1311226.09,52.45,Ridge Regression
PROP-CEE6E85DD994,Mumbai,Virar West,4100000,4161701.57,61701.57,1.5,Ridge Regression
PROP-589E7C63A76B,Pune,Kasarwadi,6500000,5370625.07,1129374.93,17.37,Ridge Regression
PROP-1E1E7036816A,Kolkata,Baranagar,1600000,2424187.97,824187.97,51.51,Ridge Regression
PROP-907A509B10C1,Pune,Shukrawar Peth,10200000,10777543.06,577543.06,5.66,Ridge Regression
PROP-4C19F5E71DF3,Mumbai,Borivali West,32500000,26105617.64,6394382.36,19.68,Ridge Regression
PROP-95DEF2676027,Kolkata,Nabapally,1500000,3732171.39,2232171.39,148.81,Ridge Regression
PROP-3766FB7A0814,Mumbai,Virar East,4000000,3382667.01,617332.99,15.43,Ridge Regression
PROP-7EDD60F485BC,Mumbai,Andheri East,18000000,13682245.37,4317754.63,23.99,Ridge Regression
PROP-4A9CF07A6040,Pune,Moshi,5700000,4846927.43,853072.57,14.97,Ridge Regression
PROP-3E2507834883,Kolkata,Barrackpore,7000000,6654401.91,345598.09,4.94,Ridge Regression
PROP-D40DABF9D212,Pune,Uruli Devachi,3500000,2757887.73,742112.27,21.2,Ridge Regression
PROP-C9A9AE8D102C,Mumbai,Kandivali East,12100000,8857069.49,3242930.51,26.8,Ridge Regression
PROP-6100B7C5311D,Kolkata,Rajarhat,3200000,4042821.0,842821.0,26.34,Ridge Regression
PROP-3DB4AC2481FA,Mumbai,Chembur,19500000,13695470.98,5804529.02,29.77,Ridge Regression
PROP-B2A1B4C6C6EC,Kolkata,New Town,8000000,4866352.47,3133647.53,39.17,Ridge Regression
PROP-F05C6E8A0DBE,Kolkata,Deshbandhu Nagar,6300000,5006674.63,1293325.37,20.53,Ridge Regression
PROP-F15549A718FE,Kolkata,Budge Budge,3000000,4323685.15,1323685.15,44.12,Ridge Regression
PROP-B82F1CAF98A5,Kolkata,Boral,5700000,5429054.2,270945.8,4.75,Ridge Regression
PROP-5DA266EDC1F8,Pune,Pashan,4700000,3536934.08,1163065.92,24.75,Ridge Regression
PROP-660764886262,Mumbai,Borivali West,30000000,25606027.33,4393972.67,14.65,Ridge Regression
PROP-CB5E401C3432,Pune,Koregaon Park,10000000,3843429.99,6156570.01,61.57,Ridge Regression
PROP-1847807A5660,Pune,Talegaon Dabhade,11000000,10588011.0,411989.0,3.75,Ridge Regression
PROP-04EEA0E2FB57,Kolkata,Maniktala,10000000,6052552.84,3947447.16,39.47,Ridge Regression
PROP-2109AB057B1C,Mumbai,Andheri West,10000000,8748690.8,1251309.2,12.51,Ridge Regression
PROP-4F3E18350F77,Pune,Narhe,3550000,3184348.2,365651.8,10.3,Ridge Regression
PROP-EB4514BFA1ED,Mumbai,Dahisar West,15000000,22009616.4,7009616.4,46.73,Ridge Regression
PROP-4F693CD6B6D3,Pune,Koregaon Bhima,2400000,2180418.13,219581.87,9.15,Ridge Regression
PROP-13C20CD8D767,Pune,Kharadi,6000000,5631384.74,368615.26,6.14,Ridge Regression
PROP-8E42F2D1DD13,Pune,Pirangut,3500000,3186838.32,313161.68,8.95,Ridge Regression
PROP-EB6104A92CE3,Pune,Baner,23000000,15326375.35,7673624.65,33.36,Ridge Regression
PROP-24154292A436,Hyderabad,Puppalaguda,13000000,10459645.52,2540354.48,19.54,Ridge Regression
PROP-87ABCA4FA53C,Pune,Hadapsar,13500000,11926983.0,1573017.0,11.65,Ridge Regression
PROP-4B48009115F2,Hyderabad,Gopanapalli,6200000,6864837.83,664837.83,10.72,Ridge Regression
PROP-E7910EFD91D4,Pune,Pashan,15900000,16211849.65,311849.65,1.96,Ridge Regression
PROP-A61A28C277F3,Hyderabad,Miyapur,9700000,8117669.93,1582330.07,16.31,Ridge Regression
PROP-D827EBCF7D0C,Pune,Rasta Peth,8000000,7059910.33,940089.67,11.75,Ridge Regression
PROP-0871D498BB60,Pune,Talegaon Dabhade,2200000,2147723.28,52276.72,2.38,Ridge Regression
PROP-88DC05B42C1C,Hyderabad,Nanakaramguda,14000000,11007237.81,2992762.19,21.38,Ridge Regression
PROP-310712061ED0,Pune,Lohegaon,4000000,2886562.37,1113437.63,27.84,Ridge Regression
PROP-B8DD9A06B33B,Pune,Kiwale,5500000,4800056.71,699943.29,12.73,Ridge Regression
PROP-E4D32FF2875D,Pune,Chakan,2200000,1974093.35,225906.65,10.27,Ridge Regression
PROP-A6A322503CBB,Pune,Hadapsar,3500000,3558805.64,58805.64,1.68,Ridge Regression
PROP-C33524FA20FF,Hyderabad,Premavathi Pet,7000000,7157380.11,157380.11,2.25,Ridge Regression
PROP-2AFD53165886,Pune,Wakad,8700000,8113488.8,586511.2,6.74,Ridge Regression
PROP-00C747214BC5,Hyderabad,Rajendra Nagar,3600000,4475062.06,875062.06,24.31,Ridge Regression
PROP-46CF13FC01CF,Hyderabad,Serilingampally,20000000,10934530.44,9065469.56,45.33,Ridge Regression
PROP-DF84F81DDF70,Hyderabad,Kompally,17200000,12840687.31,4359312.69,25.34,Ridge Regression
PROP-54221A1FB721,Pune,Uruli Kanchan,3500000,2901222.95,598777.05,17.11,Ridge Regression
PROP-7896941911A0,Hyderabad,Bolarum,12500000,9820570.53,2679429.47,21.44,Ridge Regression
PROP-ED994D4402A7,Hyderabad,Manchirevula,19000000,15483031.93,3516968.07,18.51,Ridge Regression
PROP-7B308373CB2F,Hyderabad,Budvel,5400000,8213749.89,2813749.89,52.11,Ridge Regression
PROP-CE56A30AF6BB,Pune,Mundhwa,4300000,4084611.05,215388.95,5.01,Ridge Regression
PROP-DBB80D842E7D,Hyderabad,Pragathi Nagar,9900000,8364300.54,1535699.46,15.51,Ridge Regression
PROP-03ADB728CCBD,Kolkata,Paschim Putiary,1600000,3156518.46,1556518.46,97.28,Ridge Regression
PROP-11F0D7C2DA9A,Pune,Kondhwa Budruk,2800000,2365096.46,434903.54,15.53,Ridge Regression
PROP-C87B5AC627F5,Hyderabad,Kondapur,21300000,15417560.76,5882439.24,27.62,Ridge Regression
PROP-A6DEE08F539C,Pune,Ambegaon Pathar,2190000,2137729.33,52270.67,2.39,Ridge Regression
PROP-388F1785A2FB,Pune,Pisoli,5000000,4527602.36,472397.64,9.45,Ridge Regression
PROP-0F626108ABFA,Pune,Ashok Nagar,16000000,8957022.76,7042977.24,44.02,Ridge Regression
PROP-8774CB8D5957,Pune,Talegaon Dabhade,13700000,13040681.15,659318.85,4.81,Ridge Regression
PROP-19434463DFB3,Mumbai,Malad West,27500000,32012419.65,4512419.65,16.41,Ridge Regression
PROP-92AC7D5C7E18,Mumbai,Vasai East,5000000,6759553.19,1759553.19,35.19,Ridge Regression
PROP-CF37E21D04F0,Hyderabad,Banjara Hills,55000000,13794978.11,41205021.89,74.92,Ridge Regression
PROP-9DB4B5C4CD17,Pune,Dhankawadi,700000,1107445.88,407445.88,58.21,Ridge Regression
PROP-8803A37018B1,Pune,Loni Kalbhor,3500000,3214576.57,285423.43,8.15,Ridge Regression
PROP-253D51BD96B1,Pune,Hadapsar,11000000,9848458.5,1151541.5,10.47,Ridge Regression
PROP-D53FF51A19B7,Pune,Nerhe,30000000,24623613.69,5376386.31,17.92,Ridge Regression
PROP-7C5DABD0826B,Hyderabad,Mallampet,3200000,6795724.99,3595724.99,112.37,Ridge Regression
PROP-A3297A74B9DC,Pune,Nanded,1700000,1364942.76,335057.24,19.71,Ridge Regression
PROP-7C0F5916B95F,Pune,Shiraswadi,1500000,1234192.64,265807.36,17.72,Ridge Regression
PROP-96DBAC41CB52,Pune,Shiraswadi,1500000,1176743.14,323256.86,21.55,Ridge Regression
PROP-A6E0D427219E,Hyderabad,Nagole,7200000,7626002.29,426002.29,5.92,Ridge Regression
PROP-C6B03F338B5E,Hyderabad,Quthbullapur,6900000,8785410.42,1885410.42,27.32,Ridge Regression
PROP-9E3F60C7588B,Pune,Sangamvadi,1000000,873219.54,126780.46,12.68,Ridge Regression
PROP-31679F275D75,Pune,Erandwane,1500000,2024568.19,524568.19,34.97,Ridge Regression
PROP-9378D7A8A632,Pune,Keshav Nagar,5999000,4930033.75,1068966.25,17.82,Ridge Regression
PROP-20AA8B170055,Hyderabad,Amberpet,5500000,6727911.41,1227911.41,22.33,Ridge Regression
PROP-F90DDB11F733,Pune,Hinjewadi Phase 3,6500000,6734082.64,234082.64,3.6,Ridge Regression
PROP-BBA6EBC53C91,Hyderabad,Uppal,7950000,8256488.56,306488.56,3.86,Ridge Regression
PROP-AE2E29BA40BB,Pune,Bavdhan,5500000,4125644.56,1374355.44,24.99,Ridge Regression
PROP-D38D0DDA5D09,Pune,Handewadi,3400000,2868558.92,531441.08,15.63,Ridge Regression
PROP-FD652FFB4F9C,Hyderabad,Kondapur,13500000,10065986.25,3434013.75,25.44,Ridge Regression
PROP-CD469FF62FA5,Pune,Bhosari,6500000,5129678.85,1370321.15,21.08,Ridge Regression
PROP-FFAE46A73578,Mumbai,Ghatkopar West,11500000,9527465.41,1972534.59,17.15,Ridge Regression
PROP-88B5AEDD194D,Pune,Shivane,2400000,2508539.06,108539.06,4.52,Ridge Regression
PROP-33CD1A49D8E0,Kolkata,Baguiati,2800000,3277145.14,477145.14,17.04,Ridge Regression
PROP-780707846E25,Pune,Devadi,2300000,2178183.83,121816.17,5.3,Ridge Regression
PROP-BBEA5368ECC7,Mumbai,Bhayandar East,3200000,2309780.73,890219.27,27.82,Ridge Regression
PROP-7F01B92C9812,Kolkata,Bansdroni,6000000,4575858.97,1424141.03,23.74,Ridge Regression
PROP-72952F57BFFE,Mumbai,Nalasopara East,950000,942906.59,7093.41,0.75,Ridge Regression
PROP-9E49FF7E4D72,Pune,Sadashiv Peth,25000000,22408051.71,2591948.29,10.37,Ridge Regression
PROP-2110474BD272,Pune,Yavat,110000,104260.96,5739.04,5.22,Ridge Regression
PROP-12FDBB03E59C,Mumbai,Sakinaka,6500000,7081553.04,581553.04,8.95,Ridge Regression
PROP-DEAFF19DE094,Pune,Loni Kalbhor,1700000,1673981.06,26018.94,1.53,Ridge Regression
PROP-A521F261A71C,Pune,Talegaon Dabhade,4600000,4133083.7,466916.3,10.15,Ridge Regression
PROP-01B05663286A,Kolkata,Rajpur,3000000,3849330.07,849330.07,28.31,Ridge Regression
PROP-7FC5588EC66C,Mumbai,Vasai East,2600000,4320372.02,1720372.02,66.17,Ridge Regression
PROP-FEAA13AEC306,Kolkata,Keshtopur,3500000,4490071.11,990071.11,28.29,Ridge Regression
PROP-A80ACD01FC70,Kolkata,Barasat,3500000,3604068.95,104068.95,2.97,Ridge Regression
PROP-7C7AF926F6C1,Mumbai,Prabhadevi,11500000,13020560.6,1520560.6,13.22,Ridge Regression
PROP-0742443934EF,Mumbai,Andheri West,250000000,101494411.05,148505588.95,59.4,Ridge Regression
PROP-63DB1A5B60D8,Pune,Dattavadi,1500000,1548721.61,48721.61,3.25,Ridge Regression
PROP-4B2549EF722A,Mumbai,Bandra East,20000000,11072305.05,8927694.95,44.64,Ridge Regression
PROP-721F895B8638,Pune,Ambegaon,12000000,10815938.44,1184061.56,9.87,Ridge Regression
PROP-1FCFCCAB8EEB,Mumbai,Nalasopara East,2500000,1911935.33,588064.67,23.52,Ridge Regression
PROP-118237D9D08E,Mumbai,Andheri East,12000000,12234443.03,234443.03,1.95,Ridge Regression
PROP-6FAA2C38D44C,Mumbai,Parel,9500000,7593388.9,1906611.1,20.07,Ridge Regression
PROP-99F64FE80A22,Mumbai,Chembur,16000000,12590779.76,3409220.24,21.31,Ridge Regression
PROP-278D6490D8E5,Kolkata,Keshtopur,6000000,4943054.44,1056945.56,17.62,Ridge Regression
PROP-FB614926CFFD,Pune,Mahalunge Ingale,3575000,3300924.76,274075.24,7.67,Ridge Regression
PROP-B44F3F1BBFF4,Pune,Shivane,4000000,4172411.58,172411.58,4.31,Ridge Regression
PROP-5116444533B7,Kolkata,Kamardanga,4000000,3712058.71,287941.29,7.2,Ridge Regression
PROP-C9479D13BD55,Kolkata,Santoshpur,6500000,4721593.03,1778406.97,27.36,Ridge Regression
PROP-AF61F6BFC27A,Mumbai,Wadala East,12500000,7499189.44,5000810.56,40.01,Ridge Regression
PROP-FF1A9E746497,Kolkata,Lake Gardens,4200000,4072812.94,127187.06,3.03,Ridge Regression
PROP-38BB3060ABC8,Kolkata,Mahheshtala,3000000,3610365.42,610365.42,20.35,Ridge Regression
PROP-016AF95DA081,Mumbai,Juhu,4500000,4624204.86,124204.86,2.76,Ridge Regression
PROP-266F88574844,Mumbai,Bhandup West,3000000,2554563.7,445436.3,14.85,Ridge Regression
PROP-7B206A4DC723,Mumbai,Matunga East,20000000,11243111.07,8756888.93,43.78,Ridge Regression
PROP-B9BD22FD44F3,Pune,Fursungi,1250000,1085687.88,164312.12,13.14,Ridge Regression
PROP-0A6D232A3059,Mumbai,Vikhroli East,7000000,4136357.61,2863642.39,40.91,Ridge Regression
PROP-0C7BB1F1CD94,Pune,Vadgaon,2100000,1389495.47,710504.53,33.83,Ridge Regression
PROP-9756711B0F5B,Pune,Baramati,1200000,1042761.55,157238.45,13.1,Ridge Regression
PROP-D7694BA0985D,Mumbai,Govandi,1600000,3415228.4,1815228.4,113.45,Ridge Regression
PROP-6891D0BC5DA2,Mumbai,Kurla West,7000000,5749335.48,1250664.52,17.87,Ridge Regression
PROP-42F89BCF7CD3,Mumbai,Goregaon West,8600000,6901211.83,1698788.17,19.75,Ridge Regression
PROP-0439761DB2A6,Mumbai,Chembur,400000,395515.49,4484.51,1.12,Ridge Regression
PROP-4017B6DAB7F7,Mumbai,Kandivali West,46500000,50135954.58,3635954.58,7.82,Ridge Regression
PROP-058A687B2D6E,Kolkata,Tollygunge,2600000,3400949.37,800949.37,30.81,Ridge Regression
PROP-0AE7ADF42C0E,Kolkata,Bhowanipore,85000000,16133622.48,68866377.52,81.02,Ridge Regression
PROP-7CDB8D9895ED,Kolkata,Golf Green,20000000,5565766.34,14434233.66,72.17,Ridge Regression
PROP-15C39A1AF935,Kolkata,Madhyamgram,15000000,5628726.08,9371273.92,62.48,Ridge Regression
PROP-537E90F3410A,Pune,Kalewadi,1400000,1202661.12,197338.88,14.1,Ridge Regression
PROP-5A6D410DA311,Pune,Pimpri,8500000,12214713.72,3714713.72,43.7,Ridge Regression
PROP-7796FCDA5A24,Pune,Shivane,3900000,3862433.24,37566.76,0.96,Ridge Regression
PROP-EA34CB368FA7,Pune,Hingne Khurd,4300000,2867481.2,1432518.8,33.31,Ridge Regression
PROP-3379FC13E4D8,Kolkata,Mukundapur,10000000,7936260.37,2063739.63,20.64,Ridge Regression
PROP-710C345E87A3,Kolkata,New Barrakpur,3250000,3303947.04,53947.04,1.66,Ridge Regression
PROP-7194B6E81329,Pune,Somwar Peth,6000000,5340079.87,659920.13,11.0,Ridge Regression
PROP-D4977CFD05A1,Mumbai,Kandivali West,11300000,12940371.01,1640371.01,14.52,Ridge Regression
PROP-89F54F900D90,Kolkata,Barrackpore,3700000,3619520.8,80479.2,2.18,Ridge Regression
PROP-A96EBD09271C,Mumbai,Ghatkopar East,5500000,7419734.52,1919734.52,34.9,Ridge Regression
PROP-9D62B8EDCC70,Pune,Manjari Budruk,8000000,6367979.16,1632020.84,20.4,Ridge Regression
PROP-BDE7DC2AF985,Pune,Hinjewadi,4200000,3342905.98,857094.02,20.41,Ridge Regression
PROP-83001A7C36FF,Kolkata,Kaikhali,5200000,4413919.88,786080.12,15.12,Ridge Regression
PROP-75722758C510,Kolkata,Kankurgachi,16500000,7481193.66,9018806.34,54.66,Ridge Regression
PROP-61FF2F93A3CD,Kolkata,Nayabad,3400000,3659835.75,259835.75,7.64,Ridge Regression
PROP-6271B5488588,Kolkata,Thakurpukur,5166000,4896674.22,269325.78,5.21,Ridge Regression
PROP-425DCDCE91C2,Pune,Marunji,8000000,6944541.73,1055458.27,13.19,Ridge Regression
PROP-730DC06A9CCE,Kolkata,Baguiati,1500000,2896305.04,1396305.04,93.09,Ridge Regression
PROP-555491FD3FCD,Mumbai,Mira Road East,9500000,7187486.23,2312513.77,24.34,Ridge Regression
PROP-D6B58BE3DF0B,Mumbai,Andheri West,17500000,12694975.52,4805024.48,27.46,Ridge Regression
PROP-AFA257101EFB,Kolkata,Cossipore,4200000,4147775.06,52224.94,1.24,Ridge Regression
PROP-76765FC38F02,Pune,Warje,9000000,11405821.72,2405821.72,26.73,Ridge Regression
PROP-0106C21B749E,Pune,Katraj,3800000,3521800.12,278199.88,7.32,Ridge Regression
PROP-55172BF0F63D,Mumbai,Goregaon East,4500000,3130585.29,1369414.71,30.43,Ridge Regression
PROP-326F45DBC99C,Kolkata,Kalikapur,8600000,5640935.9,2959064.1,34.41,Ridge Regression
PROP-1E838D085F6F,Pune,Dighi,5500000,5158634.41,341365.59,6.21,Ridge Regression
PROP-4EA0AA3AB741,Pune,Bopkhel,2300000,1934611.09,365388.91,15.89,Ridge Regression
PROP-5936E04205C5,Kolkata,Sonarpur,3300000,3248491.08,51508.92,1.56,Ridge Regression
PROP-A9B943EC9EA4,Pune,Pimpri,2700000,2647401.11,52598.89,1.95,Ridge Regression
PROP-42821E39A628,Mumbai,Wadala,11000000,7172596.66,3827403.34,34.79,Ridge Regression
PROP-7D37AEF99654,Mumbai,Mulund East,7000000,5947877.3,1052122.7,15.03,Ridge Regression
PROP-F262CC41FA39,Kolkata,Harinavi,2600000,3522659.33,922659.33,35.49,Ridge Regression
PROP-31D90E7BF593,Kolkata,Malancha Mahi Nagar,1550000,2489344.27,939344.27,60.6,Ridge Regression
PROP-CBE29C6C9AF3,Kolkata,Narkeldanga,5400000,3952474.91,1447525.09,26.81,Ridge Regression
PROP-E403F296391B,Kolkata,Sodepur,2500000,3736829.95,1236829.95,49.47,Ridge Regression
PROP-FC8585E65185,Pune,Dattavadi,10000000,9038978.28,961021.72,9.61,Ridge Regression
PROP-73FBF94E1A0B,Pune,Narhe,4600000,5060449.64,460449.64,10.01,Ridge Regression
PROP-E9674CEE8F9A,Kolkata,Pansila,2400000,3797381.99,1397381.99,58.22,Ridge Regression
PROP-3B2BA9B92CA4,Mumbai,Lower Parel,95000000,86319764.37,8680235.63,9.14,Ridge Regression
PROP-8B92C2A78410,Pune,Camp,8500000,8390436.81,109563.19,1.29,Ridge Regression
PROP-F81E9C4EF252,Kolkata,Dum Dum Cantonment,2450000,3035463.31,585463.31,23.9,Ridge Regression
PROP-F675B01C5A44,Mumbai,Virar West,1600000,1810707.92,210707.92,13.17,Ridge Regression
PROP-FA196D3E6144,Kolkata,Netaji Nagar,3200000,3100503.79,99496.21,3.11,Ridge Regression
PROP-04FB665A65BF,Kolkata,Bansdroni,6500000,4619140.53,1880859.47,28.94,Ridge Regression
PROP-298DAD00551B,Pune,Bopodi,6500000,4373185.48,2126814.52,32.72,Ridge Regression
PROP-21151A7BC1BB,Pune,Talegaon Dabhade,3500000,3036298.25,463701.75,13.25,Ridge Regression
PROP-286C4F25648C,Mumbai,Virar West,2751000,3366047.06,615047.06,22.36,Ridge Regression
PROP-05F1E0BA42EF,Kolkata,Patipukur,5000000,3492334.69,1507665.31,30.15,Ridge Regression
PROP-7EE2E46DC5A3,Kolkata,Baguiati,2500000,3336524.9,836524.9,33.46,Ridge Regression
PROP-A9F84DEE3C47,Mumbai,Mira Road East,7400000,5526137.73,1873862.27,25.32,Ridge Regression
PROP-5D81268902FC,Kolkata,Baghajatin,3470000,3638706.34,168706.34,4.86,Ridge Regression
PROP-5986FBD469E6,Pune,Yewalewadi,1000000,968617.85,31382.15,3.14,Ridge Regression
PROP-3A858C150400,Mumbai,Andheri East,6800000,5075476.02,1724523.98,25.36,Ridge Regression
PROP-09AAA95AA81F,Pune,Talegaon Dabhade,2200000,1811520.26,388479.74,17.66,Ridge Regression
PROP-19C5FCADB8CA,Mumbai,Mahim,32500000,31036113.45,1463886.55,4.5,Ridge Regression
PROP-E77C161084C2,Mumbai,Mulund West,24500000,24843954.22,343954.22,1.4,Ridge Regression
PROP-448DCAAA9E39,Pune,Katraj,4500000,4009096.97,490903.03,10.91,Ridge Regression
PROP-A3E21F233FE8,Kolkata,Ganguly Bagan,3500000,4068171.01,568171.01,16.23,Ridge Regression
PROP-0A6B581765A0,Pune,Wanwadi,4500000,4644240.2,144240.2,3.21,Ridge Regression
PROP-B954D99F42CE,Pune,Chinchwad,2500000,3309297.55,809297.55,32.37,Ridge Regression
PROP-F3E24227604A,Kolkata,Narendrapur,1700000,2874721.61,1174721.61,69.1,Ridge Regression
PROP-7168908E54AA,Mumbai,Dahisar East,7600000,8559116.74,959116.74,12.62,Ridge Regression
PROP-273FC454F368,Mumbai,Virar West,4000000,4509105.06,509105.06,12.73,Ridge Regression
PROP-E22099E55076,Pune,Dhankawadi,2500000,2916398.29,416398.29,16.66,Ridge Regression
PROP-8A8505709A6E,Kolkata,Dakshineswar,2200000,3129834.26,929834.26,42.27,Ridge Regression
PROP-5F8D36A9FDE4,Pune,Dighi,5300000,5101322.4,198677.6,3.75,Ridge Regression
PROP-CB49AFF2C003,Pune,Manjari Budruk,4800000,3915899.46,884100.54,18.42,Ridge Regression
PROP-9DE91BFA2CB4,Kolkata,Dum Dum Cantonment,1900000,2744900.18,844900.18,44.47,Ridge Regression
PROP-72693FD3DEE9,Kolkata,Nayabad,6500000,4376910.2,2123089.8,32.66,Ridge Regression
PROP-578D46E2FDC3,Mumbai,Malad East,10800000,10108955.32,691044.68,6.4,Ridge Regression
PROP-F2195BC4ACCD,Kolkata,Deshbandhu Nagar,2850000,3893801.98,1043801.98,36.62,Ridge Regression
PROP-95046668863D,Pune,Undri,8500000,6184614.87,2315385.13,27.24,Ridge Regression
PROP-2C507A5A2B1E,Pune,Talegaon Dhamdhere,1500000,1195687.6,304312.4,20.29,Ridge Regression
PROP-DA034220CC71,Bengaluru,Banashankari,5000000,3849558.2,1150441.8,23.01,Ridge Regression
PROP-3D51C97BBCD5,Pune,Aundh,10500000,9434676.26,1065323.74,10.15,Ridge Regression
PROP-FB3F6A212ECF,Hyderabad,Thumukunta,4000000,5717997.58,1717997.58,42.95,Ridge Regression
PROP-35F65A0B1111,Hyderabad,Nizampet,5500000,7271625.1,1771625.1,32.21,Ridge Regression
PROP-5425F574E202,Delhi,Sewak Park,5100000,4957783.47,142216.53,2.79,Ridge Regression
PROP-6037F97E910C,Hyderabad,Serilingampally,55000000,17343756.08,37656243.92,68.47,Ridge Regression
PROP-C2512136CBF0,Pune,Aambethan,2350000,2095874.1,254125.9,10.81,Ridge Regression
PROP-7BA6A399609D,Pune,Baner,3500000,2589697.1,910302.9,26.01,Ridge Regression
PROP-71D33633B538,Hyderabad,Pocharam,4500000,6672596.63,2172596.63,48.28,Ridge Regression
PROP-C9CE17A43EF6,Bengaluru,Wilson Garden,14500000,11603768.56,2896231.44,19.97,Ridge Regression
PROP-A2769CBFEFBC,Delhi,Kondli,8000000,11853752.51,3853752.51,48.17,Ridge Regression
PROP-00CB62F9CA48,Pune,Kesnand,1550000,1609309.57,59309.57,3.83,Ridge Regression
PROP-BC7DC907F3C0,Hyderabad,Kompally,10500000,9456422.43,1043577.57,9.94,Ridge Regression
PROP-D77D9222A2C0,Pune,Talwade,4800000,5754617.67,954617.67,19.89,Ridge Regression
PROP-8FDF18914555,Pune,Wakhari,1600000,1740901.18,140901.18,8.81,Ridge Regression
PROP-8AE55DE0D0F6,Delhi,Preet Vihar,24500000,32791442.94,8291442.94,33.84,Ridge Regression
PROP-7C347C5A02BA,Hyderabad,Kapra,12000000,11513867.89,486132.11,4.05,Ridge Regression
PROP-FFF28A341052,Hyderabad,Aminpur,29000000,15649036.68,13350963.32,46.04,Ridge Regression
PROP-6BD74555B6F6,Bengaluru,Konanakunte,17500000,11859800.71,5640199.29,32.23,Ridge Regression
PROP-B9B30C368E06,Bengaluru,Banashankari,654000,523127.69,130872.31,20.01,Ridge Regression
PROP-75A82EA10DF0,Bengaluru,Attibele,21500000,18419154.64,3080845.36,14.33,Ridge Regression
PROP-308497C5C8A9,Hyderabad,Hayathnagar,6800000,7720729.33,920729.33,13.54,Ridge Regression
PROP-FA7F37B350E3,Pune,Ambegaon Pathar,2900000,2813902.69,86097.31,2.97,Ridge Regression
PROP-C69B5907EBA1,Pune,Ambegaon,6900000,9238861.86,2338861.86,33.9,Ridge Regression
PROP-FF12DC411AD0,Pune,Bavdhan,14000000,10466406.46,3533593.54,25.24,Ridge Regression
PROP-85C11484F5B4,Pune,Lohegaon,4000000,2918306.41,1081693.59,27.04,Ridge Regression
PROP-FE73164F12FA,Pune,Pimple Saudagar,9800000,8606269.4,1193730.6,12.18,Ridge Regression
PROP-CA1E3B26429C,Delhi,Sector 22 Dwarka,29000000,21241183.75,7758816.25,26.75,Ridge Regression
PROP-929CCBA54C0C,Pune,Pimpri,3100000,2780261.43,319738.57,10.31,Ridge Regression
PROP-6401AE87242B,Hyderabad,Gajularamaram,16100000,9049500.23,7050499.77,43.79,Ridge Regression
PROP-0461D7695030,Pune,Bhamboli,1800000,1701348.15,98651.85,5.48,Ridge Regression
PROP-9989B466FF80,Pune,Hinjewadi Phase 3,7000000,7244885.84,244885.84,3.5,Ridge Regression
PROP-271439694061,Pune,Shivane,10500000,7314015.34,3185984.66,30.34,Ridge Regression
PROP-647380B6C56C,Pune,Kothrud,52500000,40677734.2,11822265.8,22.52,Ridge Regression
PROP-DEBF324D5004,Hyderabad,Kompally,15000000,9091606.45,5908393.55,39.39,Ridge Regression
PROP-036A40B27112,Pune,Dhankawadi,3000000,3144954.17,144954.17,4.83,Ridge Regression
PROP-F950302AB7E9,Pune,Wagholi,3200000,2836761.36,363238.64,11.35,Ridge Regression
PROP-F0A15FB127E7,Pune,Kondhwa,10000000,8237295.07,1762704.93,17.63,Ridge Regression
PROP-3FE3BA248FEA,Pune,Kondhwa,7000000,5202889.73,1797110.27,25.67,Ridge Regression
PROP-17323089F8DE,Pune,Pimple Saudagar,8800000,8445485.06,354514.94,4.03,Ridge Regression
PROP-FDC8E906723F,Pune,Sadashiv Peth,15000000,14310261.87,689738.13,4.6,Ridge Regression
PROP-566EE7A10F14,Pune,Wanowrie,32500000,19912674.44,12587325.56,38.73,Ridge Regression
PROP-780710815F2E,Pune,Sadashiv Peth,11500000,9228670.15,2271329.85,19.75,Ridge Regression
PROP-F631F6B18734,Hyderabad,Gachibowli,15000000,13068484.21,1931515.79,12.88,Ridge Regression
PROP-0C3C607B71D0,Pune,Ambegaon Pathar,2800000,2399354.63,400645.37,14.31,Ridge Regression
PROP-CF3A7A042C95,Bengaluru,Bommanahalli,2500000,1761729.65,738270.35,29.53,Ridge Regression
PROP-450D76B79792,Delhi,Sector 7 Dwarka,8500000,6078402.56,2421597.44,28.49,Ridge Regression
PROP-A4953794C080,Delhi,Sector 17 Dwarka,9000000,7664053.54,1335946.46,14.84,Ridge Regression
PROP-1263EACFBBB4,Delhi,Sector 3 Dwarka,2000000,1459993.83,540006.17,27.0,Ridge Regression
PROP-5CDF7CDCFC90,Pune,Mundhwa,9000000,9245950.63,245950.63,2.73,Ridge Regression
PROP-2AEA9790CCFD,Delhi,Kalkaji Extension,16000000,14247251.43,1752748.57,10.95,Ridge Regression
PROP-D8BB0CAA2680,Bengaluru,Yemalur,60000000,74884625.88,14884625.88,24.81,Ridge Regression
PROP-12E3ACA23BD5,Pune,Bhosari,3900000,2887381.87,1012618.13,25.96,Ridge Regression
PROP-5AFE12F0A193,Pune,Rahatani,4600000,3929944.53,670055.47,14.57,Ridge Regression
PROP-C42A1815C2F3,Bengaluru,Kaggadasapura,6500000,7288174.78,788174.78,12.13,Ridge Regression
PROP-190B7101B2E9,Bengaluru,Mathikere,21000000,13906081.02,7093918.98,33.78,Ridge Regression
PROP-DA8F1BBCE7D0,Pune,Dattavadi,6250000,5077087.5,1172912.5,18.77,Ridge Regression
PROP-AEEF4274B3F6,Bengaluru,Kaggadasapura,27500000,21921560.97,5578439.03,20.29,Ridge Regression
PROP-1564DBA664BF,Pune,Bhukum,8000000,6984362.67,1015637.33,12.7,Ridge Regression
PROP-25A47C5422A8,Bengaluru,Nelamangala,2628000,4135133.64,1507133.64,57.35,Ridge Regression
PROP-9B239F57D201,Pune,Wakad,8000000,7630076.08,369923.92,4.62,Ridge Regression
PROP-8B2A712FC0B7,Bengaluru,Begur,6400000,4564029.15,1835970.85,28.69,Ridge Regression
PROP-EE337B8241A9,Pune,Rasta Peth,9000000,7496122.34,1503877.66,16.71,Ridge Regression
PROP-FD5D56218C91,Bengaluru,Kaval Bairasandra,3700000,3275090.98,424909.02,11.48,Ridge Regression
PROP-6862CB4AAFCB,Delhi,Bharthal,2800000,2104416.69,695583.31,24.84,Ridge Regression
PROP-641E8BBFBD42,Bengaluru,Wilson Garden,720000,1896541.38,1176541.38,163.41,Ridge Regression
PROP-F546062541DD,Pune,Handewadi,2200000,1969136.69,230863.31,10.49,Ridge Regression
PROP-ED9683068995,Pune,Hadapsar,1700000,1758250.73,58250.73,3.43,Ridge Regression
PROP-840B09AFF58E,Pune,Charholi Budruk,3300000,2662494.84,637505.16,19.32,Ridge Regression
PROP-4BC98CE96981,Bengaluru,Ramamurthy Nagar,400000,1056788.26,656788.26,164.2,Ridge Regression
PROP-18EC0DBB243E,Bengaluru,Bapuji Nagar,9000000,9366604.85,366604.85,4.07,Ridge Regression
PROP-EC919E79045E,Bengaluru,Channapatna,6300000,7737931.13,1437931.13,22.82,Ridge Regression
PROP-092D9847A913,Pune,Talegaon Dabhade,3000000,3155342.76,155342.76,5.18,Ridge Regression
PROP-4D48508B7131,Pune,Jambhul,1700000,1593770.34,106229.66,6.25,Ridge Regression
PROP-E6F1771E30F8,Pune,Hadapsar,1875000,1921976.3,46976.3,2.51,Ridge Regression
PROP-B36B54E3592B,Pune,Nerhe,3000000,3115169.67,115169.67,3.84,Ridge Regression
PROP-75A87272C6C3,Pune,Hadapsar,6800000,4496317.53,2303682.47,33.88,Ridge Regression
PROP-4ED736EAB511,Bengaluru,Dasanapura,3900000,3732011.15,167988.85,4.31,Ridge Regression
PROP-564680D9FB1C,Bengaluru,Seegehalli,15000000,13921028.84,1078971.16,7.19,Ridge Regression
PROP-021F335D0215,Bengaluru,Jayanagar West,20000000,17220209.2,2779790.8,13.9,Ridge Regression
PROP-6D5238F843B1,Pune,Lavasa,9500000,10834929.96,1334929.96,14.05,Ridge Regression
PROP-C63DE5A371D4,Pune,Katraj,4000000,3645688.2,354311.8,8.86,Ridge Regression
PROP-2598404F5915,Bengaluru,Chamrajpet,11000000,13660626.46,2660626.46,24.19,Ridge Regression
PROP-E597E61FA2BA,Bengaluru,Kadumuthsandra Plantation,4900000,4521507.96,378492.04,7.72,Ridge Regression
PROP-68FFFBEC8103,Bengaluru,Mathikere,10000000,8791629.48,1208370.52,12.08,Ridge Regression
PROP-0CE96737A0D0,Bengaluru,Kattigenahalli,8500000,5852025.59,2647974.41,31.15,Ridge Regression
PROP-1DE379F76B98,Pune,Gorhe Bk,3500000,3389576.81,110423.19,3.15,Ridge Regression
PROP-C30F517B1BF8,Bengaluru,Nandini Layout,7200000,4172007.56,3027992.44,42.06,Ridge Regression
PROP-69ADEC56ACEB,Hyderabad,Peerzadiguda,11000000,9587049.09,1412950.91,12.85,Ridge Regression
PROP-921F8E5BBB16,Pune,Baner,7500000,7066384.49,433615.51,5.78,Ridge Regression
PROP-8E9EBB0559EE,Hyderabad,Ramachandra Puram,3100000,5230285.23,2130285.23,68.72,Ridge Regression
PROP-AEA0B06BF7D6,Pune,Nanded,1500000,1141847.93,358152.07,23.88,Ridge Regression
PROP-C31BBEA76072,Hyderabad,Nallakunta,25000000,17725335.06,7274664.94,29.1,Ridge Regression
PROP-270E6B143FB6,Pune,Kasarwadi,5000000,4215543.7,784456.3,15.69,Ridge Regression
PROP-0E6FE0A0B9A5,Pune,Mundhwa,7500000,7018155.2,481844.8,6.42,Ridge Regression
PROP-E33F1153F028,Hyderabad,Borabanda,12000000,9855231.31,2144768.69,17.87,Ridge Regression
PROP-D847EC37271C,Pune,Wagholi,2000000,2084631.73,84631.73,4.23,Ridge Regression
PROP-AB09036233A9,Pune,Ambegaon Bk,3850000,3253822.01,596177.99,15.49,Ridge Regression
PROP-7829BAF8BA68,Hyderabad,Madhapur,9200000,7536781.77,1663218.23,18.08,Ridge Regression
PROP-285719CFA573,Pune,Thergaon,5000000,3999037.27,1000962.73,20.02,Ridge Regression
PROP-FA48D6011F79,Hyderabad,Osman Nagar,12800000,9781003.91,3018996.09,23.59,Ridge Regression
PROP-066E605A1612,Pune,Wagholi,4600000,4406479.14,193520.86,4.21,Ridge Regression
PROP-05948D732C72,Pune,Undri,45000000,29567270.52,15432729.48,34.29,Ridge Regression
PROP-6676E8663A08,Pune,Khed Shivapur,10000000,10619941.44,619941.44,6.2,Ridge Regression
PROP-65C335E274A6,Pune,Bavdhan,4500000,3467232.16,1032767.84,22.95,Ridge Regression
PROP-EC7FA926DCA4,Pune,Pimple Nilakh,6000000,5713271.76,286728.24,4.78,Ridge Regression
PROP-B7C8C7ABE5D4,Pune,Khadakwasla,5551000,4459916.37,1091083.63,19.66,Ridge Regression
PROP-A1B09368029E,Pune,Pimple Gurav,9700000,7475041.18,2224958.82,22.94,Ridge Regression
PROP-09CE9ADDEE5D,Hyderabad,Somajiguda,17500000,9202977.53,8297022.47,47.41,Ridge Regression
PROP-6F336AE4E8AB,Pune,Wagholi,5700000,5060168.44,639831.56,11.23,Ridge Regression
PROP-C34C80FE5C36,Bengaluru,Nagasandra,3500000,3190497.21,309502.79,8.84,Ridge Regression
PROP-E838D562DA1E,Pune,Anand Nagar,2050000,1783830.02,266169.98,12.98,Ridge Regression
PROP-82481EC85A1D,Pune,Jambhul,3200000,2715638.89,484361.11,15.14,Ridge Regression
PROP-979AEA102EA4,Pune,Jambhul,2099000,1967846.52,131153.48,6.25,Ridge Regression
PROP-DC1B25032235,Pune,Charholi Budruk,2500000,2087102.77,412897.23,16.52,Ridge Regression
PROP-B520B9A3BF00,Hyderabad,Santosh Nagar,14500000,11547021.41,2952978.59,20.37,Ridge Regression
PROP-DC14830AE8B7,Pune,Bhawani Peth,8200000,2990969.61,5209030.39,63.52,Ridge Regression
PROP-85C27B3F455C,Bengaluru,Yeshwanthpur,18800000,14672179.22,4127820.78,21.96,Ridge Regression
PROP-55F59220E177,Pune,Chimbali,2800000,2789858.9,10141.1,0.36,Ridge Regression
PROP-3B37A88FA0F9,Delhi,Vasant Vihar,94800000,177417843.07,82617843.07,87.15,Ridge Regression
PROP-17373D0031FC,Bengaluru,Kengeri Satellite Town,5500000,7150876.85,1650876.85,30.02,Ridge Regression
PROP-0EC53738418F,Delhi,Kirari Suleman Nagar,5000000,5072787.08,72787.08,1.46,Ridge Regression
PROP-49D7D2219B66,Mumbai,Bhandup East,2000000,3836567.6,1836567.6,91.83,Ridge Regression
PROP-203BF7DBB39B,Bengaluru,Basaveshwara Nagar,3450000,3284349.11,165650.89,4.8,Ridge Regression
PROP-93C6AB98D198,Bengaluru,Banashankari,13400000,10624521.66,2775478.34,20.71,Ridge Regression
PROP-11F4A58E85E7,Bengaluru,Varanasi,14000000,11731014.86,2268985.14,16.21,Ridge Regression
PROP-EEDA4FBFA1FE,Mumbai,Naigaon East,598000,1319521.88,721521.88,120.66,Ridge Regression
PROP-9A4B4D800541,Bengaluru,Srinivaspura,5000000,4995027.98,4972.02,0.1,Ridge Regression
PROP-557139DE533D,Kolkata,Mukundapur,6000000,5456800.11,543199.89,9.05,Ridge Regression
PROP-3E77D40DDAAD,Kolkata,Kashipur,7500000,4087437.97,3412562.03,45.5,Ridge Regression
PROP-8C5EE2DFA40C,Mumbai,Naigaon East,525000,980907.06,455907.06,86.84,Ridge Regression
PROP-E478C760D685,Kolkata,Panchpota,3300000,5197890.63,1897890.63,57.51,Ridge Regression
PROP-72DD0E6C2E04,Chennai,Thandalam,4100000,5654767.66,1554767.66,37.92,Ridge Regression
PROP-7BC1F225166A,Kolkata,Behala Chowrasta,7000000,4818941.88,2181058.12,31.16,Ridge Regression
PROP-33E1446547DD,Pune,Alandi,3000000,3734363.25,734363.25,24.48,Ridge Regression
PROP-0CB168FFE83F,Pune,Ranjangaon,1700000,1518772.2,181227.8,10.66,Ridge Regression
PROP-A02D1D9F3763,Kolkata,Tollygunge,4500000,4594570.83,94570.83,2.1,Ridge Regression
PROP-7FBE2EF38C9B,Bengaluru,Thurahalli,6400000,4783730.35,1616269.65,25.25,Ridge Regression
PROP-5B59C86825F0,Bengaluru,Marsur,2200000,1935576.16,264423.84,12.02,Ridge Regression
PROP-A87A8D74790D,Kolkata,Narendrapur,6500000,5484500.21,1015499.79,15.62,Ridge Regression
PROP-B7C9B2FD3AE4,Bengaluru,Kothanur,6300000,6843900.81,543900.81,8.63,Ridge Regression
PROP-0BD54F0CABA5,Pune,Guruwar Peth,3600000,4845665.71,1245665.71,34.6,Ridge Regression
PROP-A33D4062C822,Pune,Undri,3500000,2748365.42,751634.58,21.48,Ridge Regression
PROP-670CED41C724,Bengaluru,Hsr Layout,72500000,68055318.57,4444681.43,6.13,Ridge Regression
PROP-9B76E2C4485B,Bengaluru,Kengeri,5500000,5688317.68,188317.68,3.42,Ridge Regression
PROP-6B4235B84BF7,Chennai,Villivakkam,22500000,11453782.36,11046217.64,49.09,Ridge Regression
PROP-B599B1954608,Delhi,Nilothi,1700000,2054953.06,354953.06,20.88,Ridge Regression
PROP-17D557164712,Bengaluru,Kachamaranahalli,6500000,6394986.5,105013.5,1.62,Ridge Regression
PROP-055D52DB8A40,Bengaluru,Yemalur,6200000,4934574.55,1265425.45,20.41,Ridge Regression
PROP-03A665518206,Bengaluru,Ramamurthy Nagar,7200000,7880442.48,680442.48,9.45,Ridge Regression
PROP-E46C343B3C7F,Delhi,Wazirabad,6000000,4369028.62,1630971.38,27.18,Ridge Regression
PROP-F0AD13B7D9ED,Pune,New Sangvi,5000000,5574502.6,574502.6,11.49,Ridge Regression
PROP-A1373E45A944,Bengaluru,Konanakunte,10500000,9604429.36,895570.64,8.53,Ridge Regression
PROP-522450F0370A,Bengaluru,Whitefield,5900000,6710336.55,810336.55,13.73,Ridge Regression
PROP-996C65662CD4,Kolkata,Narendrapur,3200000,4145190.95,945190.95,29.54,Ridge Regression
PROP-13C19FD4247F,Pune,Mahalunge Ingale,5000000,4526878.89,473121.11,9.46,Ridge Regression
PROP-822EDA72DCC6,Kolkata,Ballygunge,13000000,7339393.18,5660606.82,43.54,Ridge Regression
PROP-D35BDA093917,Kolkata,South Dum Dum,3850000,3872172.73,22172.73,0.58,Ridge Regression
PROP-D84C06FCBEC6,Delhi,Baprola,3500000,3375765.39,124234.61,3.55,Ridge Regression
PROP-6E85E8DDB8E1,Pune,Manjari Khurd,1225000,1113769.05,111230.95,9.08,Ridge Regression
PROP-F898A535A8B5,Chennai,Sembakkam,4500000,5148737.45,648737.45,14.42,Ridge Regression
PROP-C1B0FC0F914A,Pune,Baner,14000000,13280491.6,719508.4,5.14,Ridge Regression
PROP-F319A892B24C,Bengaluru,Electronic City,3400000,3065927.74,334072.26,9.83,Ridge Regression
PROP-91FA2CDA86D8,Delhi,Geeta Colony,3000000,2423724.91,576275.09,19.21,Ridge Regression
PROP-391AB2DFD8D0,Bengaluru,Jayanagar,50000000,57281607.91,7281607.91,14.56,Ridge Regression
PROP-AE86DAE6DFE0,Bengaluru,Vignana Kendra,11000000,12969841.94,1969841.94,17.91,Ridge Regression
PROP-8F3FDCAF7F39,Delhi,Badarpur,387000,582787.18,195787.18,50.59,Ridge Regression
PROP-796B051AF8B5,Chennai,Perambur,4500000,5405046.5,905046.5,20.11,Ridge Regression
PROP-DE5731F139BF,Kolkata,Baguiati,1900000,3243025.5,1343025.5,70.69,Ridge Regression
PROP-E28DF73E05CE,Kolkata,Patipukur,4200000,4102292.34,97707.66,2.33,Ridge Regression
PROP-1D068F142138,Bengaluru,Jp Nagar,80000000,57176189.95,22823810.05,28.53,Ridge Regression
PROP-AC2302554A6A,Kolkata,Narendrapur,3900000,4917634.92,1017634.92,26.09,Ridge Regression
PROP-2AC175C3B47C,Kolkata,Beniapukur,20500000,8779386.73,11720613.27,57.17,Ridge Regression
PROP-06099F7A6044,Pune,Dhayari,3600000,4099309.75,499309.75,13.87,Ridge Regression
PROP-8A84311D4E79,Pune,Bhawani Peth,5300000,4565190.99,734809.01,13.86,Ridge Regression
PROP-05DFF2BD7711,Chennai,Medavakkam,5700000,5844315.31,144315.31,2.53,Ridge Regression
PROP-696D6304721C,Delhi,Karol Bagh,65000000,28831678.56,36168321.44,55.64,Ridge Regression
PROP-589503049540,Kolkata,Baguiati,1600000,3033888.77,1433888.77,89.62,Ridge Regression
PROP-47C5803E0547,Kolkata,Narayantala,2900000,4038755.04,1138755.04,39.27,Ridge Regression
PROP-22C37EA8FF52,Pune,Charholi Kurd,2200000,1991580.54,208419.46,9.47,Ridge Regression
PROP-E2F90CB494A4,Pune,Kasarwadi,2300000,2051442.97,248557.03,10.81,Ridge Regression
PROP-FBC09BC163C6,Mumbai,Kandivali West,9000000,12297261.38,3297261.38,36.64,Ridge Regression
PROP-379525864704,Kolkata,Dum Dum,3000000,4094796.92,1094796.92,36.49,Ridge Regression
PROP-C7EDDE98AC97,Pune,Kanhe,2500000,4094478.11,1594478.11,63.78,Ridge Regression
PROP-562DA83E6F5E,Chennai,Saidapet,6300000,6988084.55,688084.55,10.92,Ridge Regression
PROP-532DD9B45FBC,Bengaluru,Rr Nagar,6500000,6314632.48,185367.52,2.85,Ridge Regression
PROP-2BDF8D921D38,Kolkata,Bangur Avenue,2800000,3830536.4,1030536.4,36.8,Ridge Regression
PROP-144B4C5089D8,Bengaluru,Arakere,6800000,6115764.15,684235.85,10.06,Ridge Regression
PROP-A2CA99F38D85,Pune,Lulla Nagar,4000000,2957992.37,1042007.63,26.05,Ridge Regression
PROP-98EDDDB8D98C,Bengaluru,Virupakshapura,7000000,6835667.0,164333.0,2.35,Ridge Regression
PROP-5D24CD48769C,Delhi,Inder Puri,500000,1678460.06,1178460.06,235.69,Ridge Regression
PROP-72415857F3B1,Mumbai,Mulund East,2000000,2088791.82,88791.82,4.44,Ridge Regression
PROP-A474AF159C00,Pune,Wakad,4600000,4526419.37,73580.63,1.6,Ridge Regression
PROP-677933159E12,Bengaluru,Thanisandra,7000000,5439448.94,1560551.06,22.29,Ridge Regression
PROP-AD41B20B07BE,Bengaluru,Kalena Agrahara,5400000,5015679.46,384320.54,7.12,Ridge Regression
PROP-448562E45FEB,Bengaluru,Vajarahalli,4820000,4265375.42,554624.58,11.51,Ridge Regression
PROP-6F2E1D655213,Kolkata,Dum Dum Park,3200000,4102944.68,902944.68,28.22,Ridge Regression
PROP-736F0F7ECE66,Bengaluru,Krishnarajapura,40000000,38934750.61,1065249.39,2.66,Ridge Regression
PROP-28F5B24D0E3D,Kolkata,Haltu,4000000,3847060.14,152939.86,3.82,Ridge Regression
PROP-3A41C3085ED3,Chennai,Kotturpuram,8500000,7875839.69,624160.31,7.34,Ridge Regression
PROP-D99980C0DC28,Bengaluru,Margondanahalli,14000000,17916224.68,3916224.68,27.97,Ridge Regression
PROP-39E81FB8972D,Delhi,Lajpat Nagar,5000000,4542886.63,457113.37,9.14,Ridge Regression
PROP-DFEDA14A0BE8,Chennai,Veppampattu,3900000,5877964.14,1977964.14,50.72,Ridge Regression
PROP-3EF538C2BB00,Chennai,Ashok Nagar,11500000,6852310.07,4647689.93,40.41,Ridge Regression
PROP-909C64B3F704,Delhi,Burari,1300000,1288065.53,11934.47,0.92,Ridge Regression
PROP-138DEDBF7F6C,Bengaluru,Kodathi,9800000,9182482.47,617517.53,6.3,Ridge Regression
PROP-C30B89369350,Pune,Budhwar Peth,4500000,3961285.68,538714.32,11.97,Ridge Regression
PROP-2B2BD378CAEC,Kolkata,Haltu,4200000,4074472.33,125527.67,2.99,Ridge Regression
PROP-F532821AF89B,Bengaluru,Btm Layout,18000000,16899306.2,1100693.8,6.11,Ridge Regression
PROP-AFDAE87C7154,Chennai,Avadi,3000000,4413305.46,1413305.46,47.11,Ridge Regression
PROP-01DEAD99037B,Kolkata,Rajarhat,3600000,4259321.07,659321.07,18.31,Ridge Regression
PROP-443AD859EEE0,Pune,Lohegaon,12500000,16402279.52,3902279.52,31.22,Ridge Regression
PROP-C5709776DC76,Delhi,Khanpur,9900000,6748566.81,3151433.19,31.83,Ridge Regression
PROP-B4C44F440428,Bengaluru,Kithaganur Colony,5000000,5086320.36,86320.36,1.73,Ridge Regression
PROP-230BB0F69709,Chennai,Pudupakkam,6500000,7132057.94,632057.94,9.72,Ridge Regression
PROP-BC27555666D6,Delhi,Sector 2 Rohini,8500000,8534485.17,34485.17,0.41,Ridge Regression
PROP-0B4999D2EC4D,Chennai,Madipakkam,5870000,4890395.8,979604.2,16.69,Ridge Regression
PROP-A983A289BE38,Bengaluru,Bommasandra,5200000,3620578.26,1579421.74,30.37,Ridge Regression
PROP-D6EDFDC0FBD2,Kolkata,Kabardanga,6500000,5523444.98,976555.02,15.02,Ridge Regression
PROP-473A60EABD96,Delhi,Dera Mandi,3100000,3632672.72,532672.72,17.18,Ridge Regression
PROP-2E15DA7D7553,Bengaluru,Talaghattapura,4490000,4483710.34,6289.66,0.14,Ridge Regression
PROP-2D2947021574,Bengaluru,Chansandra,7200000,7689095.99,489095.99,6.79,Ridge Regression
PROP-77E8219E84FC,Delhi,Burari,1400000,1545718.34,145718.34,10.41,Ridge Regression
PROP-4233AA7EA058,Kolkata,Garia,4800000,4872669.67,72669.67,1.51,Ridge Regression
PROP-91AD8B00D735,Kolkata,Sarsuna,23000000,11498226.8,11501773.2,50.01,Ridge Regression
PROP-A76744E50E9F,Bengaluru,Uttarahalli Hobli,8000000,8205554.99,205554.99,2.57,Ridge Regression
PROP-1D61D96EF60F,Chennai,Perumbakkam,4500000,5094369.47,594369.47,13.21,Ridge Regression
PROP-BB3502986EF1,Pune,Dhankawadi,3700000,4848565.52,1148565.52,31.04,Ridge Regression
PROP-D503271FAF7C,Pune,Karve Nagar,3000000,3667637.8,667637.8,22.25,Ridge Regression
PROP-97161B865FA1,Kolkata,South Dum Dum,2650000,3888990.98,1238990.98,46.75,Ridge Regression
PROP-D44CFEC304B2,Kolkata,Rajpur,4000000,4607802.46,607802.46,15.2,Ridge Regression
PROP-9C1DE3D0CA46,Kolkata,Garia,3600000,4076039.1,476039.1,13.22,Ridge Regression
PROP-20AB8949E398,Pune,Punawale,3675000,3649514.17,25485.83,0.69,Ridge Regression
PROP-B6CDFCD7A060,Chennai,Kk Nagar,11700000,6775785.76,4924214.24,42.09,Ridge Regression
PROP-5E56894F11B5,Pune,Dhanori,13000000,12191891.24,808108.76,6.22,Ridge Regression
PROP-93DB6361384B,Pune,Hadapsar,11000000,16787651.04,5787651.04,52.62,Ridge Regression
PROP-B3F66E6E1218,Chennai,Ayappakkam,1700000,4069506.55,2369506.55,139.38,Ridge Regression
PROP-C883AD0F6A4D,Kolkata,Garia,3600000,4487300.1,887300.1,24.65,Ridge Regression
PROP-519030674E5D,Delhi,Safdarjung Enclave,4500000,5822983.72,1322983.72,29.4,Ridge Regression
PROP-D0D832658684,Kolkata,Jadavpur,8500000,6487265.69,2012734.31,23.68,Ridge Regression
PROP-15F42F3F45D1,Pune,Panshet,12500000,17959576.66,5459576.66,43.68,Ridge Regression
PROP-23281E632448,Pune,Chakan,4750000,4236508.46,513491.54,10.81,Ridge Regression
PROP-03CC8C63050C,Pune,Kirkatwadi,2300000,2657610.13,357610.13,15.55,Ridge Regression
PROP-3BEBCDD966CA,Bengaluru,Basavanagudi,12500000,13297556.66,797556.66,6.38,Ridge Regression
PROP-0FA6DEC053FD,Delhi,Najafgarh,18000000,17415337.08,584662.92,3.25,Ridge Regression
PROP-4B104614C8CE,Bengaluru,Gunjur Palya,6500000,6329308.45,170691.55,2.63,Ridge Regression
PROP-C8430A3AAD4B,Kolkata,Baguiati,8000000,5404317.04,2595682.96,32.45,Ridge Regression
PROP-4310CA2F11EA,Pune,Mohammed Wadi,1400000,1628798.71,228798.71,16.34,Ridge Regression
PROP-3CCB14A442A1,Pune,Vadgaon,12500000,11985696.65,514303.35,4.11,Ridge Regression
PROP-6409F54AAB2B,Bengaluru,Kasavanahalli,23000000,46929327.21,23929327.21,104.04,Ridge Regression
PROP-7F39E980C902,Delhi,Budh Vihar,4500000,3293263.62,1206736.38,26.82,Ridge Regression
PROP-1E0B226AD1CB,Chennai,Ekkatuthangal,29000000,10240133.27,18759866.73,64.69,Ridge Regression
PROP-ACC3B69ECDC7,Pune,Bebadohal,3000000,3314077.4,314077.4,10.47,Ridge Regression
PROP-9C960929506D,Kolkata,Teghoria,3999000,4040930.96,41930.96,1.05,Ridge Regression
PROP-8D57BAF62DD6,Bengaluru,Electronic City,4500000,4537017.59,37017.59,0.82,Ridge Regression
PROP-57973D2D7260,Delhi,Kapashera,4500000,5055239.53,555239.53,12.34,Ridge Regression
PROP-CFEBC8FF5FEE,Kolkata,Rahara,4500000,4627401.89,127401.89,2.83,Ridge Regression
PROP-49214D77DFEC,Chennai,Adhanur,5500000,5785008.91,285008.91,5.18,Ridge Regression
PROP-9C6BF7B90F11,Kolkata,Santoshpur,4100000,5185380.17,1085380.17,26.47,Ridge Regression
PROP-07B3294DA6EF,Delhi,Shalimar Bagh,30600000,26680167.27,3919832.73,12.81,Ridge Regression
PROP-991E932AECFB,Pune,Akurdi,1700000,1521234.13,178765.87,10.52,Ridge Regression
PROP-D7E616E98581,Bengaluru,Byagadadhenahalli,2400000,2004048.1,395951.9,16.5,Ridge Regression
PROP-3E1764E34127,Kolkata,Behala,1250000,2925595.88,1675595.88,134.05,Ridge Regression
PROP-566F75496C08,Bengaluru,Dodda Banaswadi,7500000,9402477.8,1902477.8,25.37,Ridge Regression
PROP-BD0EFDD55941,Delhi,Badarpur,14000000,17818764.55,3818764.55,27.28,Ridge Regression
PROP-644D268CD417,Kolkata,Kaikhali,2800000,4797548.18,1997548.18,71.34,Ridge Regression
PROP-671CB4740F4C,Bengaluru,Jayanagar,25000000,28058428.98,3058428.98,12.23,Ridge Regression
PROP-03531CEBC5CA,Kolkata,Mandirtala,3000000,4066580.23,1066580.23,35.55,Ridge Regression
PROP-A6618196324F,Pune,Shivane,3200000,3396280.87,196280.87,6.13,Ridge Regression
PROP-3AB12F84366F,Delhi,Hari Nagar,20000000,16787876.6,3212123.4,16.06,Ridge Regression
PROP-ED4DB1169AFB,Kolkata,Lake Town,2400000,4108751.39,1708751.39,71.2,Ridge Regression
PROP-64F5EBE68935,Delhi,Narela,3500000,3414402.46,85597.54,2.45,Ridge Regression
PROP-1D3C0C922DE5,Chennai,Ayappakkam,4000000,4458614.91,458614.91,11.47,Ridge Regression
PROP-EFAECB9DC87C,Bengaluru,Electronic City Phase Ii,5700000,4699771.9,1000228.1,17.55,Ridge Regression
PROP-9B66A02D0630,Kolkata,Behala,4000000,4286236.65,286236.65,7.16,Ridge Regression
PROP-E1B04EAF72FF,Bengaluru,Electronic City Phase Ii,5700000,5654273.01,45726.99,0.8,Ridge Regression
PROP-E796F9A9C029,Kolkata,Garia,3000000,4525106.28,1525106.28,50.84,Ridge Regression
PROP-3CFAAD40BBC9,Kolkata,Sodepur,7500000,4543871.9,2956128.1,39.42,Ridge Regression
PROP-CC1A3CD1AEAE,Kolkata,Regent Park,2500000,3248392.97,748392.97,29.94,Ridge Regression
PROP-7C444CF68EF4,Bengaluru,Bikasipura,7500000,8639711.11,1139711.11,15.2,Ridge Regression
PROP-BA9E56614218,Kolkata,Madhyamgram,12000000,7345157.08,4654842.92,38.79,Ridge Regression
PROP-D8A3AAC363D4,Pune,Ranjangaon,1700000,1507978.3,192021.7,11.3,Ridge Regression
PROP-58B7AE50D315,Kolkata,Keshtopur,3259000,4203627.76,944627.76,28.99,Ridge Regression
PROP-E1ACD38526EE,Kolkata,Tollygunge,4800000,4521848.68,278151.32,5.79,Ridge Regression
PROP-88263A0917D7,Kolkata,Deshbandhu Nagar,10600000,6284042.19,4315957.81,40.72,Ridge Regression
PROP-D04249A2F8C6,Chennai,Mudichur,3300000,5225322.96,1925322.96,58.34,Ridge Regression
PROP-D10196DEBC00,Kolkata,Tangra,50000000,13828709.33,36171290.67,72.34,Ridge Regression
PROP-487838313AD9,Bengaluru,Horamavu,5500000,5064528.19,435471.81,7.92,Ridge Regression
PROP-C62B43F38CCC,Delhi,Jaitpur,1050000,1519517.25,469517.25,44.72,Ridge Regression
PROP-42AAE903FF08,Kolkata,Baguiati,4800000,3950863.66,849136.34,17.69,Ridge Regression
PROP-FB06D2E59F92,Chennai,West Mambalam,16000000,8800878.13,7199121.87,44.99,Ridge Regression
PROP-919C38CDEB64,Bengaluru,Rk Hegde Nagar,17000000,21866056.67,4866056.67,28.62,Ridge Regression
PROP-D8DCABCE8AE4,Chennai,Perumbakkam,4500000,5262769.69,762769.69,16.95,Ridge Regression
PROP-FCD2EC9B3ED8,Kolkata,South Dum Dum,1700000,3166370.38,1466370.38,86.26,Ridge Regression
PROP-6B6059C14A8A,Pune,Shivane,1550000,1950387.77,400387.77,25.83,Ridge Regression
PROP-97B3BF9DCA10,Bengaluru,Munnekollal,5250000,7633410.81,2383410.81,45.4,Ridge Regression
PROP-0000796D181F,Delhi,Tri Nagar,10000000,8948643.51,1051356.49,10.51,Ridge Regression
PROP-FA0A1DDACC7A,Bengaluru,Marathahalli,7000000,6465520.21,534479.79,7.64,Ridge Regression
PROP-7F3F80142AB6,Delhi,Najafgarh,2800000,2650782.18,149217.82,5.33,Ridge Regression
PROP-E1DEEFC57AA9,Pune,Nanded,5000000,3961104.47,1038895.53,20.78,Ridge Regression
PROP-0D33B9F918C9,Delhi,Khera Khurd,2000000,1677033.74,322966.26,16.15,Ridge Regression
PROP-091D4A015A48,Kolkata,Rajpur,5000000,4633505.01,366494.99,7.33,Ridge Regression
PROP-67DA8FD2B232,Kolkata,Rajarhat,4500000,4424071.35,75928.65,1.69,Ridge Regression
PROP-7124AD0F7686,Bengaluru,Bommasandra,3600000,2842560.93,757439.07,21.04,Ridge Regression
PROP-577F6378425E,Bengaluru,Akshayanagar,8800000,5740979.85,3059020.15,34.76,Ridge Regression
PROP-C3F7B5D86C96,Chennai,Pozhichalur,3300000,7343228.72,4043228.72,122.52,Ridge Regression
PROP-896E8998397A,Kolkata,Sonarpur,3500000,3709443.67,209443.67,5.98,Ridge Regression
PROP-6E5FEC60EF5B,Pune,Loni Kalbhor,2700000,2274426.54,425573.46,15.76,Ridge Regression
PROP-47C446F8EA16,Kolkata,Mahheshtala,3450000,5394035.13,1944035.13,56.35,Ridge Regression
PROP-AB79A648775B,Pune,Hadapsar,4800000,5622535.92,822535.92,17.14,Ridge Regression
PROP-508FB2274A5A,Pune,Dhayari,2100000,2378054.41,278054.41,13.24,Ridge Regression
PROP-AABFB17B7D65,Delhi,Mehrauli,6500000,3454267.22,3045732.78,46.86,Ridge Regression
PROP-019BB7F6FC5A,Delhi,Sector 16 Rohini,2700000,2433984.93,266015.07,9.85,Ridge Regression
PROP-F81A9F971B57,Pune,Kharadi,16500000,16128707.23,371292.77,2.25,Ridge Regression
PROP-A7645A4CF350,Pune,Manjari Budruk,9500000,9343519.24,156480.76,1.65,Ridge Regression
PROP-937825DA2B1F,Delhi,Hauz Khas,110000000,44820513.27,65179486.73,59.25,Ridge Regression
PROP-2C3582A9D384,Pune,Lonikand,2500000,1511680.46,988319.54,39.53,Ridge Regression
PROP-7ED93828946E,Pune,Marunji,4800000,5088513.5,288513.5,6.01,Ridge Regression
PROP-B8B94387843F,Pune,Marunji,3500000,3331605.73,168394.27,4.81,Ridge Regression
PROP-193F4EF309DA,Pune,Kondhwa,6000000,4644820.21,1355179.79,22.59,Ridge Regression
PROP-427BB62F325C,Pune,Kharadi,1500000,1295477.88,204522.12,13.63,Ridge Regression
PROP-1E40B5CCA256,Pune,Kothrud,15000000,19205614.82,4205614.82,28.04,Ridge Regression
PROP-C14C5364DF49,Pune,Punawale,4500000,4653535.46,153535.46,3.41,Ridge Regression
PROP-4486EEF8D4D1,Chennai,Padappai,1200000,3708391.14,2508391.14,209.03,Ridge Regression
PROP-9C0155D64C0C,Chennai,Ennore,7500000,11811246.85,4311246.85,57.48,Ridge Regression
PROP-50394F774E73,Pune,Rahatani,6300000,5805623.17,494376.83,7.85,Ridge Regression
PROP-ABBAAB4A7BB3,Delhi,Mayur Vihar,2400000,3021274.48,621274.48,25.89,Ridge Regression
PROP-3BA055D85EF0,Pune,Wakad,8149000,8089830.7,59169.3,0.73,Ridge Regression
PROP-05E36858244F,Delhi,Nangloi,2500000,2779846.38,279846.38,11.19,Ridge Regression
PROP-AF6144C38FE8,Chennai,Kanchipuram,30000000,15211276.7,14788723.3,49.3,Ridge Regression
PROP-3348AB66A06C,Chennai,Thalambur,1600000,5391111.83,3791111.83,236.94,Ridge Regression
PROP-6C0936C8F0AD,Pune,Chikhali,4900000,4412941.73,487058.27,9.94,Ridge Regression
PROP-8BEAB30F288D,Chennai,Kattur,4243000,5087752.86,844752.86,19.91,Ridge Regression
PROP-D086A5805E7B,Pune,Sus,7500000,8693247.61,1193247.61,15.91,Ridge Regression
PROP-3FA6A4F71660,Pune,Shivaji Nagar,15000000,22099347.68,7099347.68,47.33,Ridge Regression
PROP-F4896266A45B,Pune,Wakad,9500000,9164870.17,335129.83,3.53,Ridge Regression
PROP-9A7489587C51,Chennai,Red Hills,3700000,6407820.36,2707820.36,73.18,Ridge Regression
PROP-6C5E68C07BBE,Pune,Fursungi,7500000,9929657.85,2429657.85,32.4,Ridge Regression
PROP-751A22338514,Chennai,Alandur,2500000,3862400.84,1362400.84,54.5,Ridge Regression
PROP-1E7CF47E4D36,Delhi,Qutub Vihar,1900000,2279740.87,379740.87,19.99,Ridge Regression
PROP-D7C2B2F41C4C,Chennai,Mugalivakkam,12000000,6513488.38,5486511.62,45.72,Ridge Regression
PROP-76B2C7803F78,Pune,Kondhwa,7000000,6842450.06,157549.94,2.25,Ridge Regression
PROP-50676E9D9F4F,Delhi,Shahdara,2000000,5187844.71,3187844.71,159.39,Ridge Regression
PROP-2B717BE67EC4,Pune,Magarpatta City,27000000,38623088.32,11623088.32,43.05,Ridge Regression
PROP-07B8746D23A2,Bengaluru,Vidyaranyapura,5500000,4984836.34,515163.66,9.37,Ridge Regression
PROP-7421156566D1,Bengaluru,Marsur,9000000,12680459.44,3680459.44,40.89,Ridge Regression
PROP-D54BF2F0FBB5,Delhi,Rajinder Nagar,16500000,17320471.97,820471.97,4.97,Ridge Regression
PROP-96868D158019,Bengaluru,Jayanagar,10000000,10482038.6,482038.6,4.82,Ridge Regression
PROP-D943D15B8A66,Delhi,Sector 9 Rohini,14000000,16556578.04,2556578.04,18.26,Ridge Regression
PROP-BA06BA1E0E0D,Bengaluru,Konanakunte,5900000,5801964.5,98035.5,1.66,Ridge Regression
PROP-E12060B5FCF0,Pune,Warje,2400000,2010042.2,389957.8,16.25,Ridge Regression
PROP-CBDD9BFBC924,Pune,Wakad,4200000,3789771.91,410228.09,9.77,Ridge Regression
PROP-73EC79C346C9,Bengaluru,Kannuru,6000000,5933134.68,66865.32,1.11,Ridge Regression
PROP-C478F2F33020,Pune,Wagholi,2600000,2696408.75,96408.75,3.71,Ridge Regression
PROP-218BB9049506,Pune,Pimpri,6000000,6040943.17,40943.17,0.68,Ridge Regression
PROP-D365A7B2C57D,Pune,Punawale,5900000,6484677.94,584677.94,9.91,Ridge Regression
PROP-198A4414CF17,Pune,Dhanori,6500000,5656198.26,843801.74,12.98,Ridge Regression
PROP-AD421BD5654A,Pune,Chinchwad,3700000,4060779.47,360779.47,9.75,Ridge Regression
PROP-4AE5BBC199FF,Delhi,Najafgarh,18000000,17361384.18,638615.82,3.55,Ridge Regression
PROP-C2DBDC3420F0,Chennai,Mogappair,12500000,10324210.7,2175789.3,17.41,Ridge Regression
PROP-B8C56FCADE08,Pune,Fursungi,3000000,2913350.36,86649.64,2.89,Ridge Regression
PROP-5A9592DB1F1D,Pune,Hadapsar,5500000,6370724.43,870724.43,15.83,Ridge Regression
PROP-43AF163981C9,Pune,Gahunje,6500000,4953443.73,1546556.27,23.79,Ridge Regression
PROP-F9DCDB747D11,Pune,Pisoli,4700000,4194988.98,505011.02,10.74,Ridge Regression
PROP-7171986C6A37,Pune,Bhugaon,8000000,5585444.83,2414555.17,30.18,Ridge Regression
PROP-6153FB7F2B67,Chennai,Ashthinapuram,6000000,6942183.41,942183.41,15.7,Ridge Regression
PROP-AFDB4203AF02,Delhi,Shahdara,6500000,5455368.45,1044631.55,16.07,Ridge Regression
PROP-B09BC38C8A1A,Chennai,Old Washermanpet,2800000,4260602.5,1460602.5,52.16,Ridge Regression
PROP-D489B728AB28,Bengaluru,K Channasandra,4700000,5587238.01,887238.01,18.88,Ridge Regression
PROP-76039D31B119,Pune,Shivaji Nagar,42100000,44239272.61,2139272.61,5.08,Ridge Regression
PROP-3FC81BB9A8E9,Pune,Dhanori,6200000,5772372.21,427627.79,6.9,Ridge Regression
PROP-7DC55992A5F7,Pune,Sus,5800000,6099126.23,299126.23,5.16,Ridge Regression
PROP-6E687CF596C9,Pune,Dhayari,6000000,6378610.28,378610.28,6.31,Ridge Regression
PROP-4C94311153E5,Pune,Rajgurunagar,1400000,891027.86,508972.14,36.36,Ridge Regression
PROP-07F19728EC21,Chennai,Adyar,11000000,7626364.19,3373635.81,30.67,Ridge Regression
PROP-9AAC411C21F9,Pune,Kiwale,3350000,3353802.98,3802.98,0.11,Ridge Regression
PROP-5F20A6821AC7,Chennai,Sevvapet,6500000,7564183.77,1064183.77,16.37,Ridge Regression
PROP-1D6A69D5960E,Pune,Moshi,6500000,5280162.79,1219837.21,18.77,Ridge Regression
PROP-CB0DDE945B7A,Pune,Charholi Kurd,2400000,2324518.73,75481.27,3.15,Ridge Regression
PROP-F3A128C532B5,Pune,Warje,5700000,5143564.7,556435.3,9.76,Ridge Regression
PROP-718CE2A5E52A,Chennai,Kovur,9000000,11853167.36,2853167.36,31.7,Ridge Regression
PROP-BB5B83AE6F90,Delhi,Kamla Nagar,45000000,39823026.2,5176973.8,11.5,Ridge Regression
PROP-6B1DC8E61D9E,Pune,Keshav Nagar,7800000,8062949.85,262949.85,3.37,Ridge Regression
PROP-B5F6D51294B4,Chennai,Nemilicheri,5200000,6991958.03,1791958.03,34.46,Ridge Regression
PROP-EC62912FBF43,Pune,Kharadi,30000000,20599797.99,9400202.01,31.33,Ridge Regression
PROP-B28630628F9B,Pune,Kalewadi,8500000,7425775.53,1074224.47,12.64,Ridge Regression
PROP-4C83E815CACF,Chennai,Maraimalai Nagar,4500000,5157391.34,657391.34,14.61,Ridge Regression
PROP-B0FC8841569E,Chennai,Mogappair,6000000,5616561.25,383438.75,6.39,Ridge Regression
PROP-AB88189F7163,Chennai,Sikkarayapuram,14000000,9564934.88,4435065.12,31.68,Ridge Regression
PROP-2055C19CB674,Pune,Narhe,1290000,1657600.28,367600.28,28.5,Ridge Regression
PROP-69F481659997,Chennai,Kanchipuram,2500000,4813562.36,2313562.36,92.54,Ridge Regression
PROP-4172C423BC27,Chennai,Ponneri,6000000,5280340.79,719659.21,11.99,Ridge Regression
PROP-7FE1DF5521DC,Delhi,Kashmere Gate,2000000,2571877.0,571877.0,28.59,Ridge Regression
PROP-50E606087A7C,Pune,Tathawade,4200000,4380121.6,180121.6,4.29,Ridge Regression
PROP-DD6861FA201B,Chennai,Sholinganallur,3900000,5602940.23,1702940.23,43.67,Ridge Regression
PROP-49ACBF50F717,Chennai,Guduvancheri,2900000,4534761.02,1634761.02,56.37,Ridge Regression
PROP-661B8AB6A103,Chennai,Triplicane,5299000,5927964.25,628964.25,11.87,Ridge Regression
PROP-B5D2587A4084,Pune,Manjari Budruk,7500000,7103062.2,396937.8,5.29,Ridge Regression
PROP-A918B769D6B9,Pune,Punawale,5800000,6407417.22,607417.22,10.47,Ridge Regression
PROP-6B6BE6C61FEF,Chennai,Perumbakkam,3950000,4123540.27,173540.27,4.39,Ridge Regression
PROP-5CF35E1B898A,Chennai,Padur,1950000,3961393.36,2011393.36,103.15,Ridge Regression
PROP-3394EA0AC455,Pune,Tathawade,13500000,12767120.8,732879.2,5.43,Ridge Regression
PROP-F98C157B29CE,Pune,Ghorpadi,32500000,27321221.74,5178778.26,15.93,Ridge Regression
PROP-8376954AEA95,Chennai,Kodungaiyur East,5900000,6326708.95,426708.95,7.23,Ridge Regression
PROP-4F32EE8407AD,Chennai,Guduvancheri,7500000,7081343.83,418656.17,5.58,Ridge Regression
PROP-2E3EC8E874AE,Delhi,Kalkaji,5500000,6116174.41,616174.41,11.2,Ridge Regression
PROP-9A1F628A10B9,Delhi,Dilshad Garden,4500000,6587808.63,2087808.63,46.4,Ridge Regression
PROP-B67D54B79A19,Chennai,Kodungaiyur West,3250000,4863311.22,1613311.22,49.64,Ridge Regression
PROP-1562A0265141,Chennai,Kumananchavadi,6000000,5007857.92,992142.08,16.54,Ridge Regression
PROP-80FBD22F25CE,Delhi,Ashok Vihar,7000000,6868202.82,131797.18,1.88,Ridge Regression
PROP-5D924DEEC572,Delhi,Mayur Vihar Phase 3,13000000,12695057.11,304942.89,2.35,Ridge Regression
PROP-EEC70E716251,Delhi,Mahavir Enclave,2000000,1679818.77,320181.23,16.01,Ridge Regression
PROP-9777B4A5461C,Pune,Balewadi,402000000,43209137.18,358790862.82,89.25,Ridge Regression
PROP-2EC168604693,Chennai,Triplicane,6200000,6090962.59,109037.41,1.76,Ridge Regression
PROP-0E0D2C5B8C8A,Pune,Jalochi,3500000,3240916.5,259083.5,7.4,Ridge Regression
PROP-E9E5C4B7AAC9,Delhi,Wazirabad,3000000,5750156.03,2750156.03,91.67,Ridge Regression
PROP-CAD881D27239,Chennai,Oragadam Ambattur,11000000,10958108.88,41891.12,0.38,Ridge Regression
PROP-E65FC9D8022F,Chennai,Triplicane,11000000,5128544.32,5871455.68,53.38,Ridge Regression
PROP-61F665798380,Chennai,Old Washermanpet,21800000,4005769.49,17794230.51,81.62,Ridge Regression
PROP-4D8D9BA16C41,Pune,Dhankawadi,4100000,5180692.44,1080692.44,26.36,Ridge Regression
PROP-04225BDF52C1,Pune,Hinjewadi Phase 3,7200000,7888544.86,688544.86,9.56,Ridge Regression
PROP-28DFBC8DCE0A,Pune,Hadapsar,5500000,5520302.84,20302.84,0.37,Ridge Regression
PROP-BE86905CFF2E,Pune,Talegaon Dabhade,3500000,3983686.02,483686.02,13.82,Ridge Regression
PROP-7A95207DD455,Chennai,Urapakkam,6200000,6560685.19,360685.19,5.82,Ridge Regression
PROP-9DA23E88251B,Chennai,Paranur,30000000,32456238.21,2456238.21,8.19,Ridge Regression
PROP-2330079CA17F,Pune,Rahatani,8000000,7652728.93,347271.07,4.34,Ridge Regression
PROP-334657AE77B1,Chennai,Muttukadu,12700000,8724442.79,3975557.21,31.3,Ridge Regression
PROP-91964089B0FC,Delhi,Old Delhi,1600000,2516251.31,916251.31,57.27,Ridge Regression
PROP-0EDAB1BD1273,Chennai,Kosappur,7000000,6216945.36,783054.64,11.19,Ridge Regression
PROP-B355C98429A1,Kolkata,Boral,3500000,5523732.34,2023732.34,57.82,Ridge Regression
PROP-E528079CC2AD,Bengaluru,Padmanabhanagar,3850000,4344278.44,494278.44,12.84,Ridge Regression
PROP-E5C7FD45EC04,Chennai,Perungalathur,3300000,4265462.21,965462.21,29.26,Ridge Regression
PROP-69F66ED866EC,Chennai,Rajakilpakkam,4200000,5149041.14,949041.14,22.6,Ridge Regression
PROP-FE7C351FC38D,Kolkata,Ganguly Bagan,3500000,5410907.77,1910907.77,54.6,Ridge Regression
PROP-1D5694A4E89E,Bengaluru,Jakkur,16000000,17126853.49,1126853.49,7.04,Ridge Regression
PROP-648DA5A4EDFF,Delhi,Sarita Vihar,5000000,3542298.56,1457701.44,29.15,Ridge Regression
PROP-386843F2FDBC,Bengaluru,Akshayanagar,4800000,4881089.99,81089.99,1.69,Ridge Regression
PROP-E183B36DBF9C,Pune,Rahatani,3200000,3077410.61,122589.39,3.83,Ridge Regression
PROP-D9CB1DD0F711,Pune,Kirkatwadi,4500000,4753407.5,253407.5,5.63,Ridge Regression
PROP-0839A69A25E7,Kolkata,Bhowanipore,40000000,18735131.78,21264868.22,53.16,Ridge Regression
PROP-6C2B6A425065,Chennai,Kalipathur,4000000,6291093.67,2291093.67,57.28,Ridge Regression
PROP-A36C94723B05,Chennai,Kotturpuram,12800000,8862573.67,3937426.33,30.76,Ridge Regression
PROP-0CCC81E445EA,Bengaluru,Sahakara Nagar,13000000,11362450.79,1637549.21,12.6,Ridge Regression
PROP-0FA60BF8C7B6,Pune,Pimple Nilakh,4500000,3907998.47,592001.53,13.16,Ridge Regression
PROP-8E5E873C46A7,Pune,Fursungi,3400000,3681543.81,281543.81,8.28,Ridge Regression
PROP-3E351217DCA4,Kolkata,Bangur Avenue,3500000,3925458.77,425458.77,12.16,Ridge Regression
PROP-C8E42F858B13,Bengaluru,Hsr Layout,5850000,5504073.98,345926.02,5.91,Ridge Regression
PROP-AB5A295B5293,Pune,Hinjewadi Phase 3,6300000,6027947.19,272052.81,4.32,Ridge Regression
PROP-6101D9D0815E,Pune,Camp,16000000,17454899.2,1454899.2,9.09,Ridge Regression
PROP-516147147170,Bengaluru,Sorahunase,5850000,7897115.59,2047115.59,34.99,Ridge Regression
PROP-E1400AEBC247,Kolkata,New Alipore,5500000,7260415.16,1760415.16,32.01,Ridge Regression
PROP-613214026DEC,Kolkata,Nayabad,3200000,3708102.45,508102.45,15.88,Ridge Regression
PROP-C50197315C5B,Pune,Dudulgaon,2800000,2920885.5,120885.5,4.32,Ridge Regression
PROP-96AE64E0AE51,Bengaluru,Kaval Bairasandra,4800000,4495450.06,304549.94,6.34,Ridge Regression
PROP-81B98A2ADF41,Delhi,Narela,4000000,4561716.96,561716.96,14.04,Ridge Regression
PROP-485FF5B36297,Pune,Uttam Nagar,2200000,1961486.95,238513.05,10.84,Ridge Regression
PROP-C52F4D39B865,Kolkata,Thakurpukur,1800000,3791555.2,1991555.2,110.64,Ridge Regression
PROP-EDF8432FE4FB,Bengaluru,Kengeri Hobli,7000000,5277943.73,1722056.27,24.6,Ridge Regression
PROP-1637BD590F22,Delhi,Ashok Vihar,58000000,26258335.71,31741664.29,54.73,Ridge Regression
PROP-EDA26ACA745F,Pune,Shikrapur,1500000,1740139.98,240139.98,16.01,Ridge Regression
PROP-BBB3A01A2F49,Bengaluru,Whitefield,6300000,5582826.28,717173.72,11.38,Ridge Regression
PROP-296A5EDDFEF1,Kolkata,Dum Dum Park,2800000,4264391.31,1464391.31,52.3,Ridge Regression
PROP-326C6C985F63,Bengaluru,Choodasandra,12000000,12292967.41,292967.41,2.44,Ridge Regression
PROP-0BF84DE55887,Chennai,Tambaram East,6500000,7165648.14,665648.14,10.24,Ridge Regression
PROP-1BA137FCFEB8,Pune,Sangamvadi,4800000,4024230.07,775769.93,16.16,Ridge Regression
PROP-34AA51D6DB14,Chennai,Valasaravakkam,6600000,6156285.46,443714.54,6.72,Ridge Regression
PROP-F692AF9D9DBB,Pune,Pirangut,4800000,4789835.61,10164.39,0.21,Ridge Regression
PROP-C9F82BF3C623,Chennai,Varadharajapuram,6000000,4946338.97,1053661.03,17.56,Ridge Regression
PROP-9920FEDD3A27,Bengaluru,Gunjur,5500000,5232262.32,267737.68,4.87,Ridge Regression
PROP-7D6F43A9D4CE,Chennai,Ayappakkam,7500000,5171512.98,2328487.02,31.05,Ridge Regression
PROP-FB0D36CBD496,Pune,Lohegaon,4500000,4464889.55,35110.45,0.78,Ridge Regression
PROP-1225888C958D,Kolkata,Purba Barisha,2700000,3707354.89,1007354.89,37.31,Ridge Regression
PROP-734131851919,Kolkata,Belghoria,2800000,3822117.65,1022117.65,36.5,Ridge Regression
PROP-B13EC64B4D8C,Pune,Chakan,1200000,1227082.86,27082.86,2.26,Ridge Regression
PROP-F466BD78E78E,Pune,Dhayari,2400000,2653869.32,253869.32,10.58,Ridge Regression
PROP-333C68C4F662,Pune,Rahatani,10500000,11185805.25,685805.25,6.53,Ridge Regression
PROP-C24219733A36,Pune,Sadashiv Peth,7000000,7026643.39,26643.39,0.38,Ridge Regression
PROP-93543A2B8291,Bengaluru,Electronic City,12500000,11872137.79,627862.21,5.02,Ridge Regression
PROP-5B88E522A164,Delhi,Arjun Nagar,4000000,3781327.48,218672.52,5.47,Ridge Regression
PROP-4CB24B1A7F77,Delhi,Ganesh Nagar,2650000,3266294.69,616294.69,23.26,Ridge Regression
PROP-7ED1F20898BC,Bengaluru,Srinivasa Nagar,11000000,21826420.0,10826420.0,98.42,Ridge Regression
PROP-D1ECAC019D3E,Delhi,Madanpur Dabas,2500000,2130539.23,369460.77,14.78,Ridge Regression
PROP-EE658D339931,Kolkata,Alipore,19900000,10245861.73,9654138.27,48.51,Ridge Regression
PROP-ED2A96EE81CC,Kolkata,Keshtopur,9500000,6143863.28,3356136.72,35.33,Ridge Regression
PROP-F199A2484588,Delhi,Sector 35 Rohini,2500000,3123861.16,623861.16,24.95,Ridge Regression
PROP-4E40A6E12781,Bengaluru,Akshayanagar,26500000,29437376.12,2937376.12,11.08,Ridge Regression
PROP-608EF4DC87B4,Chennai,Poonamallee,24500000,14763052.76,9736947.24,39.74,Ridge Regression
PROP-D08A5EDEFD32,Kolkata,Tollygunge,25000000,7399695.15,17600304.85,70.4,Ridge Regression
PROP-1FB8D6BD160D,Chennai,Madambakkam,3000000,4349931.25,1349931.25,45.0,Ridge Regression
PROP-8A5464BB826A,Pune,Ambegaon Budruk,15000000,15012419.25,12419.25,0.08,Ridge Regression
PROP-DC411E13B622,Chennai,Choolaimedu,19700000,13599156.02,6100843.98,30.97,Ridge Regression
PROP-B110CDEDE589,Kolkata,Tollygunge,30000000,9024375.64,20975624.36,69.92,Ridge Regression
PROP-8CE170936004,Pune,Fursungi,3700000,3154712.41,545287.59,14.74,Ridge Regression
PROP-8A768B15D13A,Kolkata,Malancha Mahi Nagar,8500000,4739635.63,3760364.37,44.24,Ridge Regression
PROP-61D3FEC6E5AB,Pune,Kondhwa,3200000,2503997.68,696002.32,21.75,Ridge Regression
PROP-0C7348FE202B,Bengaluru,Jp Nagar,22500000,21769035.13,730964.87,3.25,Ridge Regression
PROP-304E27B69521,Delhi,Jangpura,4425000,4004366.28,420633.72,9.51,Ridge Regression
PROP-A7E68362B9E1,Pune,Uruli Kanchan,2700000,2155307.56,544692.44,20.17,Ridge Regression
PROP-AA8604D84968,Bengaluru,Gattahalli,6000000,5892685.75,107314.25,1.79,Ridge Regression
PROP-9822EEF82ABC,Kolkata,Behala,17000000,10309508.32,6690491.68,39.36,Ridge Regression
PROP-DFD6E796FB34,Pune,Mahalunge Ingale,2800000,2940592.41,140592.41,5.02,Ridge Regression
PROP-E919A969ED24,Bengaluru,Electronic City Phase Ii,7500000,7318552.71,181447.29,2.42,Ridge Regression
PROP-106BC321EBEB,Kolkata,New Town,1800000,2975763.32,1175763.32,65.32,Ridge Regression
PROP-EE9919856925,Kolkata,Shobhabazar,35000000,11897279.58,23102720.42,66.01,Ridge Regression
PROP-FB797273D500,Bengaluru,Mathikere,13500000,13005622.51,494377.49,3.66,Ridge Regression
PROP-85AD7C219091,Pune,Kashewadi,19000000,11998636.76,7001363.24,36.85,Ridge Regression
PROP-AF6DFD39DE24,Kolkata,Chandpara,2800000,8842750.61,6042750.61,215.81,Ridge Regression
PROP-EB6490EEF52A,Chennai,Ambattur,5600000,5624992.35,24992.35,0.45,Ridge Regression
PROP-170E8E55BC70,Pune,Bopkhel,2700000,2565370.14,134629.86,4.99,Ridge Regression
PROP-E64408990A61,Bengaluru,Volagerekallahalli,5000000,4921545.71,78454.29,1.57,Ridge Regression
PROP-F63B0ABC2C11,Bengaluru,Rajajinagar,7500000,7610990.09,110990.09,1.48,Ridge Regression
PROP-5AB3B76F53DE,Bengaluru,Kambipura,5320000,4866500.95,453499.05,8.52,Ridge Regression
PROP-B648F5933CA8,Delhi,Bindapur,2550000,3095257.35,545257.35,21.38,Ridge Regression
PROP-95F5F8A5DECD,Kolkata,Purba Putiary,4200000,5721339.56,1521339.56,36.22,Ridge Regression
PROP-D7D0F89B13AE,Bengaluru,Subramanyapura,4490000,4482269.12,7730.88,0.17,Ridge Regression
PROP-EF727F0D4308,Delhi,Kondli,1500000,8978970.2,7478970.2,498.6,Ridge Regression
PROP-FA8C0436DBDA,Kolkata,Baruipur P,2450000,3887328.66,1437328.66,58.67,Ridge Regression
PROP-7CF1253EFBEE,Kolkata,Barasat,11000000,5295461.97,5704538.03,51.86,Ridge Regression
PROP-E8E86B079FDA,Kolkata,Ruiya,2600000,3403463.28,803463.28,30.9,Ridge Regression
PROP-EA5C1B8F0143,Pune,Bavdhan,28000000,25582658.67,2417341.33,8.63,Ridge Regression
PROP-5595AF735EEB,Delhi,Malviya Nagar,200000000,82478117.26,117521882.74,58.76,Ridge Regression
PROP-8E8B33778AD0,Kolkata,Harinavi,4500000,6218300.96,1718300.96,38.18,Ridge Regression
PROP-87E5683FF62B,Chennai,Adambakkam,9631000,6249712.91,3381287.09,35.11,Ridge Regression
PROP-B1B9153B540D,Kolkata,Hanspukuria,1300000,3240114.32,1940114.32,149.24,Ridge Regression
PROP-1CE982CF9374,Bengaluru,Sahakara Nagar,21100000,15760061.5,5339938.5,25.31,Ridge Regression
PROP-08020ABAEB5F,Delhi,Mandi,4800000,4167695.0,632305.0,13.17,Ridge Regression
PROP-1281D0CC8F2D,Pune,Kharadi,8000000,7850768.28,149231.72,1.87,Ridge Regression
PROP-D8E85E5F9387,Chennai,Velachery,13000000,7643380.2,5356619.8,41.2,Ridge Regression
PROP-2A868B10386A,Bengaluru,Anchepalya,5000000,4128324.46,871675.54,17.43,Ridge Regression
PROP-D13F1E999F2A,Bengaluru,Kambipura,4500000,4060460.99,439539.01,9.77,Ridge Regression
PROP-198FA6AB72E8,Bengaluru,Iggalur,4000000,4608849.39,608849.39,15.22,Ridge Regression
PROP-EF09CA4355A3,Kolkata,Shobhabazar,16000000,10059407.68,5940592.32,37.13,Ridge Regression
PROP-664997DC907D,Bengaluru,Kogilu,16000000,12681882.21,3318117.79,20.74,Ridge Regression
PROP-B36EAA23BE5F,Bengaluru,Kadugodi,6000000,5886788.19,113211.81,1.89,Ridge Regression
PROP-13B112EC5F8E,Pune,Yewalewadi,2800000,2889242.12,89242.12,3.19,Ridge Regression
PROP-4E1D7BA11A5B,Pune,Bhugaon,1100000,872132.49,227867.51,20.72,Ridge Regression
PROP-313C6CDE9C19,Chennai,Ekkatuthangal,32500000,14801614.84,17698385.16,54.46,Ridge Regression
PROP-2CEA46066DA3,Kolkata,Hussainpur,50000000,12524680.05,37475319.95,74.95,Ridge Regression
PROP-AA1F2E9E4803,Delhi,Sector 25 Rohini,6500000,9303559.17,2803559.17,43.13,Ridge Regression
PROP-E3F96BB1EFFF,Bengaluru,Anagalapura,8500000,8776942.77,276942.77,3.26,Ridge Regression
PROP-9ED958E0E47F,Bengaluru,Hennur,19700000,14916462.4,4783537.6,24.28,Ridge Regression
PROP-F6374C8B0A70,Kolkata,Boral,2100000,3815896.36,1715896.36,81.71,Ridge Regression
PROP-2C9F5256BF79,Bengaluru,Rajajinagar,11000000,14831265.59,3831265.59,34.83,Ridge Regression
PROP-847E6F96F715,Kolkata,Mahheshtala,5600000,5918331.86,318331.86,5.68,Ridge Regression
PROP-1BCEA45AC9A8,Kolkata,Malancha Mahi Nagar,2200000,3713877.36,1513877.36,68.81,Ridge Regression
PROP-05DB6BF616BA,Pune,Kondhwa,5700000,5218074.4,481925.6,8.45,Ridge Regression
PROP-23CA3016CA9F,Pune,Bakori,2500000,2953424.0,453424.0,18.14,Ridge Regression
PROP-2145BED22369,Bengaluru,Chikkalasandra,2700000,2334666.96,365333.04,13.53,Ridge Regression
PROP-4EBBB3B7CCDC,Bengaluru,Kothanur,7800000,8830899.85,1030899.85,13.22,Ridge Regression
PROP-E6BC27C0C4ED,Delhi,Sector 12 Dwarka,60500000,54039659.98,6460340.02,10.68,Ridge Regression
PROP-28BDB93AB05C,Kolkata,Mahheshtala,8500000,6785363.18,1714636.82,20.17,Ridge Regression
PROP-E7104E6734F4,Kolkata,Sonarpur,4400000,4913185.43,513185.43,11.66,Ridge Regression
PROP-BA443155CFB6,Kolkata,Subhasgram,3200000,4441700.62,1241700.62,38.8,Ridge Regression
PROP-23A9AD464CE9,Delhi,Mahavir Enclave,3700000,3394112.36,305887.64,8.27,Ridge Regression
PROP-6AFD1A14CAC8,Bengaluru,Electronic City Phase Ii,5000000,4803942.5,196057.5,3.92,Ridge Regression
PROP-DF5E711D6ECF,Pune,Wadegaon,2500000,7628352.75,5128352.75,205.13,Ridge Regression
PROP-63CEAAB317BC,Mumbai,Kandivali West,6700000,9396294.22,2696294.22,40.24,Ridge Regression
PROP-2E5973593398,Pune,Daund,1750000,3215739.04,1465739.04,83.76,Ridge Regression
PROP-4FD4122CB71C,Mumbai,Kandivali West,13000000,14549425.04,1549425.04,11.92,Ridge Regression
PROP-C53EE29FC18B,Delhi,Hauz Khas,24000000,15369810.45,8630189.55,35.96,Ridge Regression
PROP-45E74B98F378,Delhi,Burari,2600000,2226445.41,373554.59,14.37,Ridge Regression
PROP-77DD4E044C4F,Delhi,Hastsal,2800000,3515664.24,715664.24,25.56,Ridge Regression
PROP-C6F3281B4F7A,Pune,Wadgaon Sheri,1300000,1776621.8,476621.8,36.66,Ridge Regression
PROP-05CBC5643D66,Mumbai,Virar West,2851000,4043016.82,1192016.82,41.81,Ridge Regression
PROP-D27FE8ED9C9F,Bengaluru,Chikkabidarakallu,7200000,14284278.31,7084278.31,98.39,Ridge Regression
PROP-632C124B793F,Bengaluru,Krishnarajapura,6000000,4789303.3,1210696.7,20.18,Ridge Regression
PROP-00315A001814,Mumbai,Malad East,20500000,21162998.66,662998.66,3.23,Ridge Regression
PROP-C9366A78D70D,Bengaluru,Kothanur,35000000,33159827.83,1840172.17,5.26,Ridge Regression
PROP-DC3C2145E1AC,Mumbai,Borivali East,11500000,9391121.64,2108878.36,18.34,Ridge Regression
PROP-458DEF5FE251,Bengaluru,Hoodi,16000000,12390764.25,3609235.75,22.56,Ridge Regression
PROP-1D5CF6DD2C38,Bengaluru,Kannuru,11000000,11716882.44,716882.44,6.52,Ridge Regression
PROP-492625BAD932,Bengaluru,Yemalur,60000000,66071792.79,6071792.79,10.12,Ridge Regression
PROP-BD07EDEEFD63,Mumbai,Chembur,8920000,7806767.91,1113232.09,12.48,Ridge Regression
PROP-D4AB82AAEDF3,Mumbai,Vasai East,2721000,3940043.84,1219043.84,44.8,Ridge Regression
PROP-AA245635FFD7,Pune,Kondhwa,2000000,2501651.07,501651.07,25.08,Ridge Regression
PROP-06E01DE1DAB4,Bengaluru,Cheemasandra,5500000,4602774.48,897225.52,16.31,Ridge Regression
PROP-6F8ADE2DA9CB,Mumbai,Naigaon East,4899000,6079655.17,1180655.17,24.1,Ridge Regression
PROP-C431CBCA17A2,Delhi,Naraina,13200000,10107660.51,3092339.49,23.43,Ridge Regression
PROP-7EB8B1FF2E3F,Bengaluru,Bannerughatta,13000000,11176137.28,1823862.72,14.03,Ridge Regression
PROP-B7FEAC547CA7,Bengaluru,Jalahalli West,6800000,8603352.07,1803352.07,26.52,Ridge Regression
PROP-CC915AD77372,Mumbai,Goregaon East,8300000,5930028.54,2369971.46,28.55,Ridge Regression
PROP-694E59BA790E,Pune,Vadgaon,2000000,1503364.62,496635.38,24.83,Ridge Regression
PROP-A769840801B9,Delhi,Mandawali,11500000,7967939.99,3532060.01,30.71,Ridge Regression
PROP-258B93367EED,Delhi,Kalkaji,63000000,28934552.34,34065447.66,54.07,Ridge Regression
PROP-435F0CDB069E,Mumbai,Bhayandar East,5300000,4511236.34,788763.66,14.88,Ridge Regression
PROP-3DDB0F55D369,Mumbai,Nalasopara East,7000000,6497851.12,502148.88,7.17,Ridge Regression
PROP-8B7EA326E510,Hyderabad,Aminpur,5600000,7205585.05,1605585.05,28.67,Ridge Regression
PROP-5741A3F5146F,Hyderabad,Bollaram Industrial Area,7800000,8579174.48,779174.48,9.99,Ridge Regression
PROP-CFB9AE36EF50,Bengaluru,C V Raman Nagar,3510000,2944961.47,565038.53,16.1,Ridge Regression
PROP-F3B05B74B0FD,Bengaluru,Rmv Extension Stage 2,23700000,29713738.58,6013738.58,25.37,Ridge Regression
PROP-BD83B0D4BE9A,Hyderabad,Uppal,10700000,9012906.49,1687093.51,15.77,Ridge Regression
PROP-A7EC45B2B1D0,Bengaluru,Kasturi Nagar,3800000,4446492.83,646492.83,17.01,Ridge Regression
PROP-86508AB54F25,Bengaluru,Seegehalli,8800000,8375002.52,424997.48,4.83,Ridge Regression
PROP-32AFBDC58406,Hyderabad,Balaji Nagar,8500000,8933511.24,433511.24,5.1,Ridge Regression
PROP-36628C10D007,Bengaluru,Doddabidrakallu,6500000,22479055.29,15979055.29,245.83,Ridge Regression
PROP-A6AB8397456D,Bengaluru,Sonnur,7500000,8608211.82,1108211.82,14.78,Ridge Regression
PROP-5C5AFBD86242,Bengaluru,Guddadahalli,1250000,770054.01,479945.99,38.4,Ridge Regression
PROP-8F7C8EBD5588,Hyderabad,Bogaram,4900000,7112105.73,2212105.73,45.15,Ridge Regression
PROP-6C2B039E313E,Bengaluru,Maralakunte,3600000,3332792.6,267207.4,7.42,Ridge Regression
PROP-66441F6436B0,Bengaluru,Hosur Municipality,7000000,7899720.32,899720.32,12.85,Ridge Regression
PROP-54FB8012675F,Pune,Loni Kalbhor,3200000,3878573.58,678573.58,21.21,Ridge Regression
PROP-3CBFD4283E7D,Bengaluru,Challaghatta,7500000,7738401.81,238401.81,3.18,Ridge Regression
PROP-BF4B025F4EA1,Bengaluru,Btm Layout,4000000,3451259.21,548740.79,13.72,Ridge Regression
PROP-8E13C5D7545C,Hyderabad,Kondapur,11000000,9693381.01,1306618.99,11.88,Ridge Regression
PROP-5C8299FC38FE,Bengaluru,Horamavu,15000000,17035368.49,2035368.49,13.57,Ridge Regression
PROP-8668B0B45D3A,Delhi,Maharani Bagh,260000000,112117042.32,147882957.68,56.88,Ridge Regression
PROP-E8F503B5CE48,Hyderabad,Chandanagar,7500000,7845640.17,345640.17,4.61,Ridge Regression
PROP-77329B5BA900,Bengaluru,Kamakshipalya,15000000,18589415.3,3589415.3,23.93,Ridge Regression
PROP-4A347E7DA3DC,Delhi,Dera Mandi,3000000,1924854.86,1075145.14,35.84,Ridge Regression
PROP-DC8F580FB026,Delhi,Alaknanda,19900000,15658476.59,4241523.41,21.31,Ridge Regression
PROP-0878402916DC,Pune,Shukrawar Peth,6500000,6599150.85,99150.85,1.53,Ridge Regression
PROP-FDECEAA546D1,Mumbai,Powai,23000000,21286192.86,1713807.14,7.45,Ridge Regression
PROP-6198AC7EC0DF,Bengaluru,Kengeri,900000,825068.68,74931.32,8.33,Ridge Regression
PROP-AB0BBD0C6D49,Delhi,Vijay Nagar,50000000,51019061.54,1019061.54,2.04,Ridge Regression
PROP-198A5F0ACE25,Delhi,Budh Vihar,3100000,2435726.64,664273.36,21.43,Ridge Regression
PROP-EA404F05B3EB,Pune,Narayan Peth,8500000,7394773.23,1105226.77,13.0,Ridge Regression
PROP-DD30D103F266,Bengaluru,Judicial Layout,30000000,27250992.76,2749007.24,9.16,Ridge Regression
PROP-542C4186E7F7,Bengaluru,Hampapura,6000000,6589635.23,589635.23,9.83,Ridge Regression
PROP-4AA728E166E1,Mumbai,Nalasopara West,4400000,4524664.33,124664.33,2.83,Ridge Regression
PROP-000A21CCBACA,Mumbai,Malad West,27500000,30813136.59,3313136.59,12.05,Ridge Regression
PROP-1764DE938CB2,Mumbai,Malad West,30000000,27205808.98,2794191.02,9.31,Ridge Regression
PROP-98A488E2F1D0,Delhi,Rajouri Garden,50000000,61050302.71,11050302.71,22.1,Ridge Regression
PROP-06F40D2EB4E6,Pune,Narhe,35000000,19327458.48,15672541.52,44.78,Ridge Regression
PROP-29788285818B,Pune,Bhukum,5700000,6883602.63,1183602.63,20.76,Ridge Regression
PROP-5520533EFB2F,Bengaluru,Hongasandra,7399000,8683345.54,1284345.54,17.36,Ridge Regression
PROP-99ACB118B6F4,Bengaluru,Kamanahalli,14500000,15158645.83,658645.83,4.54,Ridge Regression
PROP-5733CFBDF24B,Bengaluru,Sarjapur,9500000,6837827.65,2662172.35,28.02,Ridge Regression
PROP-7CC5127F69BD,Mumbai,Bhandup West,7200000,8626812.83,1426812.83,19.82,Ridge Regression
PROP-A05C4429A9FC,Pune,Kalewadi,3000000,4231355.87,1231355.87,41.05,Ridge Regression
PROP-D87A0198868C,Mumbai,Goregaon East,8500000,8314794.28,185205.72,2.18,Ridge Regression
PROP-0BBE63F1E20D,Bengaluru,Kanakapura,8000000,6952370.08,1047629.92,13.1,Ridge Regression
PROP-FAB52FCADBB0,Bengaluru,Attibele,4000000,4454929.77,454929.77,11.37,Ridge Regression
PROP-F04FDD52F160,Bengaluru,Vidyamanya Nagar,10500000,15977290.22,5477290.22,52.16,Ridge Regression
PROP-B131C8D8000B,Pune,Shivane,1500000,1978743.28,478743.28,31.92,Ridge Regression
PROP-C84F060AFA00,Bengaluru,Hoskote,5500000,4598003.25,901996.75,16.4,Ridge Regression
PROP-02FEAC0596D3,Bengaluru,Kamakshipalya,9750000,8892823.8,857176.2,8.79,Ridge Regression
PROP-FAB7AF2D93BB,Bengaluru,Kengeri,6600000,5824867.49,775132.51,11.74,Ridge Regression
PROP-55719E10D12B,Bengaluru,Kommaghatta,3000000,3728679.53,728679.53,24.29,Ridge Regression
PROP-DEB94CB75BE4,Bengaluru,Hsr Layout,7500000,6509236.26,990763.74,13.21,Ridge Regression
PROP-8359119ED5FD,Pune,Lohegaon,6500000,8922493.01,2422493.01,37.27,Ridge Regression
PROP-CAF935D58B8C,Pune,Bhukum,5500000,6726525.74,1226525.74,22.3,Ridge Regression
PROP-C1327463EF55,Mumbai,Kurla East,13500000,11690125.29,1809874.71,13.41,Ridge Regression
PROP-6DA81C10D230,Delhi,Patel Nagar,1700000,2489545.13,789545.13,46.44,Ridge Regression
PROP-0D5ED96E5341,Mumbai,Jogeshwari East,37500000,43960654.31,6460654.31,17.23,Ridge Regression
PROP-22CD5738FB0E,Mumbai,Girgaon,40000000,48681455.86,8681455.86,21.7,Ridge Regression
PROP-5E7006C6DE42,Pune,Dhayari,1100000,1331239.99,231239.99,21.02,Ridge Regression
PROP-A5328FBFC753,Mumbai,Virar East,5800000,5986080.98,186080.98,3.21,Ridge Regression
PROP-43BC8D20B7B7,Mumbai,Kurla West,14000000,14560429.54,560429.54,4.0,Ridge Regression
PROP-5A56AA8A08FA,Bengaluru,Sahakara Nagar,9500000,10134572.26,634572.26,6.68,Ridge Regression
PROP-BD90C11DB865,Bengaluru,Nelamangala,4000000,4076742.37,76742.37,1.92,Ridge Regression
PROP-9398CC3312AD,Delhi,Sadar Bazaar,11000000,8879409.48,2120590.52,19.28,Ridge Regression
PROP-E54C4CC4143D,Mumbai,Malad East,15000000,15424584.21,424584.21,2.83,Ridge Regression
PROP-9C3EEB35B420,Delhi,Adarsh Nagar,25000000,27436965.1,2436965.1,9.75,Ridge Regression
PROP-359EEE86227E,Mumbai,Andheri West,21000000,21184820.43,184820.43,0.88,Ridge Regression
PROP-E4876A9CAC1C,Mumbai,Malad East,20000000,20140114.56,140114.56,0.7,Ridge Regression
PROP-880C6F34B0DF,Bengaluru,Nandini Layout,13000000,9647749.34,3352250.66,25.79,Ridge Regression
PROP-3D3EC1625601,Mumbai,Malad West,8100000,8093347.76,6652.24,0.08,Ridge Regression
PROP-6112D1781924,Bengaluru,Thirumalashettyhally,55000000,76031852.32,21031852.32,38.24,Ridge Regression
PROP-41829DBEA606,Mumbai,Kandivali West,9000000,10166415.41,1166415.41,12.96,Ridge Regression
PROP-53D84ADB72F7,Mumbai,Kurla West,6500000,6544857.04,44857.04,0.69,Ridge Regression
PROP-9E7BCF04EDE8,Mumbai,Powai,10500000,10543005.96,43005.96,0.41,Ridge Regression
PROP-F3D1D603A062,Mumbai,Powai,10500000,7998920.71,2501079.29,23.82,Ridge Regression
PROP-CFFF3032E4E0,Bengaluru,Mattanahalli,8500000,8601781.95,101781.95,1.2,Ridge Regression
PROP-C89C11D63D80,Mumbai,Dahisar East,10100000,16533529.61,6433529.61,63.7,Ridge Regression
PROP-5215FFD550FF,Mumbai,Nalasopara West,3000000,2808567.46,191432.54,6.38,Ridge Regression
PROP-CB420390021B,Mumbai,Virar West,3450000,3774001.55,324001.55,9.39,Ridge Regression
PROP-031F58899CBC,Mumbai,Kandivali West,11000000,13433628.57,2433628.57,22.12,Ridge Regression
PROP-54656E0D0768,Mumbai,Bandra East,14000000,13721273.86,278726.14,1.99,Ridge Regression
PROP-DE77DDEF494D,Mumbai,Vasai East,4500000,6612714.1,2112714.1,46.95,Ridge Regression
PROP-654778C330CB,Pune,Ambegaon Pathar,1900000,1922742.54,22742.54,1.2,Ridge Regression
PROP-F6766D1B8C97,Bengaluru,Hoskote,4700000,4141263.07,558736.93,11.89,Ridge Regression
PROP-B18EC98533BC,Mumbai,Nalasopara West,3500000,3698908.12,198908.12,5.68,Ridge Regression
PROP-19775ADE39A1,Mumbai,Virar West,5500000,7343773.18,1843773.18,33.52,Ridge Regression
PROP-3723387937B4,Delhi,Sadar Bazaar,3000000,2739256.86,260743.14,8.69,Ridge Regression
PROP-7A46654D7F84,Bengaluru,Krishnarajapura,16500000,22814644.3,6314644.3,38.27,Ridge Regression
PROP-AFE4909FB450,Pune,Talegaon Dhamdhere,1500000,1623003.41,123003.41,8.2,Ridge Regression
PROP-777EB36E045C,Bengaluru,Subramanyapura,9500000,8892996.94,607003.06,6.39,Ridge Regression
PROP-B9F84526912F,Mumbai,Parel,52500000,66473953.28,13973953.28,26.62,Ridge Regression
PROP-8E87C2F71D48,Hyderabad,Pocharam,9350000,11585309.71,2235309.71,23.91,Ridge Regression
PROP-C81C482E8DBA,Delhi,Aya Nagar,4500000,7127889.86,2627889.86,58.4,Ridge Regression
PROP-57B08CFE88BF,Hyderabad,Ramachandra Puram,10500000,8532919.63,1967080.37,18.73,Ridge Regression
PROP-B96700D95328,Delhi,Laxmi Nagar,26000000,56145761.09,30145761.09,115.95,Ridge Regression
PROP-69C631F7658B,Delhi,Sector 3 Rohini,12500000,12741379.29,241379.29,1.93,Ridge Regression
PROP-8B3DAFCCCF56,Bengaluru,Cholur Palya,6500000,4406763.97,2093236.03,32.2,Ridge Regression
PROP-885DE6F1103B,Bengaluru,Kadugondanahalli,14000000,9328887.32,4671112.68,33.37,Ridge Regression
PROP-99AAA93BAC68,Bengaluru,Kanakapura,3400000,3291886.66,108113.34,3.18,Ridge Regression
PROP-0FCBDB85439A,Bengaluru,Bommasandra,400000,533932.6,133932.6,33.48,Ridge Regression
PROP-03E134651F84,Delhi,Dera Mandi,3300000,3864987.83,564987.83,17.12,Ridge Regression
PROP-9C5226730386,Bengaluru,Jigani,12000000,11520093.16,479906.84,4.0,Ridge Regression
PROP-505B7131981D,Bengaluru,Gowribidnur,7500000,7061657.77,438342.23,5.84,Ridge Regression
PROP-081DE3F3917C,Bengaluru,Domlur Layout,12500000,18093380.51,5593380.51,44.75,Ridge Regression
PROP-2D3594EF8801,Bengaluru,Magadi,13500000,15941288.07,2441288.07,18.08,Ridge Regression
PROP-4114CA9A0691,Bengaluru,Cox Town,38400000,29772529.47,8627470.53,22.47,Ridge Regression
PROP-A8211BC89FFB,Bengaluru,Frazer Town,16000000,8267357.75,7732642.25,48.33,Ridge Regression
PROP-34ACBE650F65,Bengaluru,Jeevanbheemanagar,27500000,30278961.7,2778961.7,10.11,Ridge Regression
PROP-250622635EFD,Delhi,Palam,5000000,3937787.36,1062212.64,21.24,Ridge Regression
PROP-9B2DA08A0EF3,Delhi,Sagar Pur,15000000,22567979.95,7567979.95,50.45,Ridge Regression
PROP-C8482B6CCA65,Bengaluru,Neelasandra,1800000,1645401.66,154598.34,8.59,Ridge Regression
PROP-531A18AFA92B,Bengaluru,Banashankari,13800000,9872345.62,3927654.38,28.46,Ridge Regression
PROP-273A16A98588,Bengaluru,Basavanapura,5500000,4557966.93,942033.07,17.13,Ridge Regression
PROP-2CCA33A58C7F,Delhi,Dwarka Mor,4500000,4487090.95,12909.05,0.29,Ridge Regression
PROP-B75D4C6DF44D,Bengaluru,Vidyaranyapura,2300000,2242092.42,57907.58,2.52,Ridge Regression
PROP-B63FADCB1C55,Bengaluru,Kada Agrahara,8600000,9318512.75,718512.75,8.35,Ridge Regression
PROP-C115B99019DD,Bengaluru,Mallathahalli,12500000,17373255.31,4873255.31,38.99,Ridge Regression
PROP-BB715B7CF235,Bengaluru,Challaghatta,10500000,11294725.65,794725.65,7.57,Ridge Regression
PROP-04EB49338F82,Bengaluru,Srirampuram,15000000,28059333.73,13059333.73,87.06,Ridge Regression
PROP-64121B519FBB,Bengaluru,Nayandahalli,9000000,9538893.68,538893.68,5.99,Ridge Regression
PROP-5675C6F5CB48,Bengaluru,Kengeri,16300000,17568179.34,1268179.34,7.78,Ridge Regression
PROP-4D29EB61DFBC,Bengaluru,Jp Nagar,6500000,6524063.06,24063.06,0.37,Ridge Regression
PROP-452399C4625D,Bengaluru,Gottigere,9300000,11806834.92,2506834.92,26.96,Ridge Regression
PROP-4AA78A633340,Bengaluru,Kaval Bairasandra,19800000,15542643.27,4257356.73,21.5,Ridge Regression
PROP-AED06F2C349F,Bengaluru,Anjanapura Township,5200000,4797377.38,402622.62,7.74,Ridge Regression
PROP-90B02A1B85ED,Bengaluru,Kamakshipalya,7850000,6105246.31,1744753.69,22.23,Ridge Regression
PROP-5AC58C83FC11,Delhi,Kalkaji,16500000,12796569.19,3703430.81,22.45,Ridge Regression
PROP-A17023DDEB11,Bengaluru,Andrahalli,5950000,9258748.06,3308748.06,55.61,Ridge Regression
PROP-1D94B991C82D,Bengaluru,Whitefield,4850000,5795102.94,945102.94,19.49,Ridge Regression
PROP-F444C790B2ED,Delhi,Pitampura,200000000,44031158.9,155968841.1,77.98,Ridge Regression
PROP-85BD8779A415,Bengaluru,Bannerughatta,9500000,8239969.39,1260030.61,13.26,Ridge Regression
PROP-1154DFEF5233,Bengaluru,Whitefield,4700000,5362472.23,662472.23,14.1,Ridge Regression
PROP-60597F756F3F,Bengaluru,Marasandra,6500000,7397103.54,897103.54,13.8,Ridge Regression
PROP-6059FA9320CF,Bengaluru,Btm Layout,8600000,11169664.13,2569664.13,29.88,Ridge Regression
PROP-9C4437EC6F29,Bengaluru,Jayanagar,46500000,60883372.71,14383372.71,30.93,Ridge Regression
PROP-3BC45615E83D,Bengaluru,Doddakammanahalli,6200000,6082858.74,117141.26,1.89,Ridge Regression
PROP-A6D458E69668,Bengaluru,Malur,2700000,2045897.23,654102.77,24.23,Ridge Regression
PROP-1140570945C8,Delhi,Bindapur,9000000,8310971.23,689028.77,7.66,Ridge Regression
PROP-E7F42158E430,Bengaluru,Budigere Cross,9900000,12161703.39,2261703.39,22.85,Ridge Regression
PROP-710A96DF2414,Delhi,Punjabi Bagh,82500000,54006640.9,28493359.1,34.54,Ridge Regression
PROP-3C891A383435,Bengaluru,Shanti Nagar,54000000,70907320.35,16907320.35,31.31,Ridge Regression
PROP-7720992658C3,Bengaluru,Ramamurthy Nagar,18000000,34169113.63,16169113.63,89.83,Ridge Regression
PROP-65F887088827,Bengaluru,Kengeri Satellite Town,8700000,8206180.5,493819.5,5.68,Ridge Regression
PROP-B8E3BACB5623,Bengaluru,Banashankari,9500000,7761570.55,1738429.45,18.3,Ridge Regression
PROP-8D94977A6E67,Bengaluru,Hsr Layout,43000000,45760507.29,2760507.29,6.42,Ridge Regression
PROP-8981BD3C3AC3,Bengaluru,Banaswadi,15000000,12178595.29,2821404.71,18.81,Ridge Regression
PROP-D6687863770C,Bengaluru,Thotada Guddadhalli Village,9000000,11937898.69,2937898.69,32.64,Ridge Regression
PROP-6BC4EFC1CFCC,Bengaluru,Kengeri Satellite Town,10700000,15799673.11,5099673.11,47.66,Ridge Regression
PROP-271799439634,Bengaluru,Doddaballapura,9900000,8409487.74,1490512.26,15.06,Ridge Regression
PROP-59674F3EE6A7,Bengaluru,Arakere,17000000,22352332.53,5352332.53,31.48,Ridge Regression
PROP-367B51021F39,Delhi,Sector 22 Dwarka,11000000,7930730.55,3069269.45,27.9,Ridge Regression
PROP-E431893D0ABC,Delhi,Dlf Farms,4600000,11676240.31,7076240.31,153.83,Ridge Regression
PROP-7E0764BCF2E9,Delhi,Wazirabad,2500000,3388387.08,888387.08,35.54,Ridge Regression
PROP-46CDEB43B6B3,Bengaluru,Thotada Guddadhalli Village,7500000,8561042.19,1061042.19,14.15,Ridge Regression
PROP-B7F82B9FB7AD,Bengaluru,Nagavara,11500000,15260998.51,3760998.51,32.7,Ridge Regression
PROP-F765AB932409,Bengaluru,Anekal,2600000,2503611.94,96388.06,3.71,Ridge Regression
PROP-441B387065E7,Bengaluru,Jnana Ganga Nagar,6500000,5974834.94,525165.06,8.08,Ridge Regression
PROP-5514AFF20F84,Bengaluru,Whitefield,14500000,12412668.88,2087331.12,14.4,Ridge Regression
PROP-0099544FD492,Hyderabad,Bachupally,5000000,6924588.27,1924588.27,38.49,Ridge Regression
PROP-2CEADC40C816,Bengaluru,Kumaraswamy Layout,4900000,6494572.46,1594572.46,32.54,Ridge Regression
PROP-C4954646E9F2,Hyderabad,Attapur,6200000,7410274.8,1210274.8,19.52,Ridge Regression
PROP-C5B6591960BE,Bengaluru,Krishnarajapura,5000000,7234459.03,2234459.03,44.69,Ridge Regression
PROP-D1BCB7A6C695,Hyderabad,Vanasthalipuram,5500000,7531495.79,2031495.79,36.94,Ridge Regression
PROP-4B9A249BE6FA,Hyderabad,Osman Nagar,12300000,10899384.82,1400615.18,11.39,Ridge Regression
PROP-672D2C411426,Hyderabad,Nallagandla,8500000,9576352.2,1076352.2,12.66,Ridge Regression
PROP-D415B9EED88E,Hyderabad,Kukatpally,17800000,11468360.4,6331639.6,35.57,Ridge Regression
PROP-C17CCC6D8E5F,Bengaluru,Udayagiri,5700000,5724591.72,24591.72,0.43,Ridge Regression
PROP-BE10A4594A2B,Hyderabad,Himayathsagar,14000000,11840088.0,2159912.0,15.43,Ridge Regression
PROP-829D51DDD9AE,Bengaluru,Hsr Layout,6300000,5789139.49,510860.51,8.11,Ridge Regression
PROP-27F3E7B2B41A,Hyderabad,Nanakaramguda,9100000,9412156.55,312156.55,3.43,Ridge Regression
PROP-E7C2E49BFCA9,Bengaluru,Bommanahalli,6600000,5880966.1,719033.9,10.89,Ridge Regression
PROP-801B9737ACE8,Delhi,Chhattarpur,7500000,7439153.75,60846.25,0.81,Ridge Regression
PROP-84D2C6E84C23,Hyderabad,Kokapet,18400000,13504731.76,4895268.24,26.6,Ridge Regression
PROP-2275D32103F7,Bengaluru,Shivaji Nagar,18500000,18029877.12,470122.88,2.54,Ridge Regression
PROP-5E0381B65097,Delhi,Mahavir Enclave,4800000,4494854.61,305145.39,6.36,Ridge Regression
PROP-48239E9554E9,Bengaluru,Krishnarajapura,5000000,5393519.45,393519.45,7.87,Ridge Regression
PROP-A0A4C6D15B69,Bengaluru,Mallathahalli,6000000,8120718.72,2120718.72,35.35,Ridge Regression
PROP-D6B46557AE5D,Hyderabad,Madeenaguda,7900000,8497668.57,597668.57,7.57,Ridge Regression
PROP-4CBC0D280E81,Delhi,Sector 14 Dwarka,6000000,3374512.87,2625487.13,43.76,Ridge Regression
PROP-E17A41D91144,Hyderabad,Kokapet,15000000,11962509.82,3037490.18,20.25,Ridge Regression
PROP-C7B4D553BDA3,Pune,Kalewadi,8000000,4812414.07,3187585.93,39.84,Ridge Regression
PROP-0A7AA3C4817D,Delhi,Shakarpur Khas,13700000,10876176.35,2823823.65,20.61,Ridge Regression
PROP-B322CA0F2F56,Hyderabad,Kukatpally,15000000,9309799.17,5690200.83,37.93,Ridge Regression
PROP-5D320F7FBB15,Delhi,Wazirabad,3000000,4598323.88,1598323.88,53.28,Ridge Regression
PROP-92CC5FCC0984,Hyderabad,Aminpur,12000000,9306551.28,2693448.72,22.45,Ridge Regression
PROP-4636FB1CCEB1,Bengaluru,Kudlu Gate,6100000,5320405.55,779594.45,12.78,Ridge Regression
PROP-1C1698312C8D,Bengaluru,Jalahalli West,7500000,8189883.18,689883.18,9.2,Ridge Regression
PROP-92CAED17B68C,Bengaluru,Jp Nagar,12500000,11413502.29,1086497.71,8.69,Ridge Regression
PROP-49C306D17CF4,Delhi,Naraina,12500000,12018707.13,481292.87,3.85,Ridge Regression
PROP-1D28ADD72F9B,Hyderabad,Shaikpet,18200000,12404925.47,5795074.53,31.84,Ridge Regression
PROP-8DA9CBB65E93,Delhi,Uttam Nagar,3200000,4149090.81,949090.81,29.66,Ridge Regression
PROP-30630E02ABBF,Delhi,Mayur Vihar Phase 1,32500000,23056294.45,9443705.55,29.06,Ridge Regression
PROP-58FC2FB34F2A,Bengaluru,Bommanahalli,1800000,1463847.04,336152.96,18.68,Ridge Regression
PROP-42B6F4146A57,Delhi,Hastsal,2500000,3081492.78,581492.78,23.26,Ridge Regression
PROP-11AF8E156BD9,Bengaluru,Horamavu,4800000,3869727.95,930272.05,19.38,Ridge Regression
PROP-25DF2A6FDC38,Bengaluru,Chikbanavara,7000000,6464539.82,535460.18,7.65,Ridge Regression
PROP-158809CFCE3B,Delhi,Sector 25 Rohini,9500000,10798156.61,1298156.61,13.66,Ridge Regression
PROP-2F7A0FB9F380,Bengaluru,Medahalli,8500000,9384842.42,884842.42,10.41,Ridge Regression
PROP-E88674DE1DEE,Bengaluru,Rmv Extension Stage 2,44100000,43425622.6,674377.4,1.53,Ridge Regression
PROP-70992F35B99D,Bengaluru,Hongasandra,10000000,18572331.21,8572331.21,85.72,Ridge Regression
PROP-23765AECBE7F,Bengaluru,Bylakere,4000000,6077624.22,2077624.22,51.94,Ridge Regression
PROP-ADC63251681D,Hyderabad,Turkayamjal,5900000,7037403.02,1137403.02,19.28,Ridge Regression
PROP-F20F61B28770,Bengaluru,Kalyan Nagar,16000000,15904402.73,95597.27,0.6,Ridge Regression
PROP-72D69EEF4D88,Hyderabad,Patancheru,12700000,13964286.24,1264286.24,9.96,Ridge Regression
PROP-4C290BE30EDE,Delhi,Preet Vihar,2500000,5144725.24,2644725.24,105.79,Ridge Regression
PROP-C3677CA22876,Bengaluru,Whitefield,8500000,8369905.45,130094.55,1.53,Ridge Regression
PROP-28B48F87AB5A,Delhi,Aya Nagar,3200000,3882408.68,682408.68,21.33,Ridge Regression
PROP-040F2CAA3C2F,Hyderabad,Old Malakpet,33000000,16077483.38,16922516.62,51.28,Ridge Regression
PROP-88ACB6B53E2B,Delhi,Patel Nagar,5500000,8106064.58,2606064.58,47.38,Ridge Regression
PROP-CC0F0A77AD6E,Hyderabad,Upparpally,5500000,6614116.66,1114116.66,20.26,Ridge Regression
PROP-F7BD9D22747D,Bengaluru,Kasturi Nagar,26500000,26512831.0,12831.0,0.05,Ridge Regression
PROP-8F2195DE60CB,Hyderabad,Krishna Reddy Pet,9600000,7611897.36,1988102.64,20.71,Ridge Regression
PROP-BF421BA4E522,Bengaluru,Harlur,7400000,7787846.54,387846.54,5.24,Ridge Regression
PROP-80CF2D62D63E,Bengaluru,Hbr Layout,5640000,6105214.15,465214.15,8.25,Ridge Regression
PROP-1B522F7E5485,Bengaluru,Jalahalli West,4500000,5241804.34,741804.34,16.48,Ridge Regression
PROP-42ACF433F33D,Delhi,Shahdara,23000000,14334611.86,8665388.14,37.68,Ridge Regression
PROP-D39BFC6250A3,Delhi,Burari,3800000,3768325.15,31674.85,0.83,Ridge Regression
PROP-362C055DF818,Bengaluru,C V Raman Nagar,5000000,4774140.3,225859.7,4.52,Ridge Regression
PROP-702747152B1F,Bengaluru,Jnana Ganga Nagar,5000000,4681828.76,318171.24,6.36,Ridge Regression
PROP-7F913584DC9B,Pune,Kolhewadi,26000000,28886980.02,2886980.02,11.1,Ridge Regression
PROP-43514EBC7DE6,Pune,Anand Nagar,1455000,1635272.92,180272.92,12.39,Ridge Regression
PROP-0D651ACE432F,Bengaluru,Rr Nagar,28500000,34390987.42,5890987.42,20.67,Ridge Regression
PROP-653ACD2A7B93,Mumbai,Malad West,18000000,20197180.86,2197180.86,12.21,Ridge Regression
PROP-66D2A6B1C158,Bengaluru,Mathikere,28000000,29302662.21,1302662.21,4.65,Ridge Regression
PROP-A313D0C798E6,Bengaluru,Hebbal,65000000,54861250.24,10138749.76,15.6,Ridge Regression
PROP-33BBBB5FDD68,Bengaluru,Krishnarajapura,39000000,37476413.31,1523586.69,3.91,Ridge Regression
PROP-245995EFBD96,Mumbai,Nalasopara West,2200000,3386666.88,1186666.88,53.94,Ridge Regression
PROP-27513331589D,Bengaluru,Nayandahalli,19000000,33061087.61,14061087.61,74.01,Ridge Regression
PROP-D699F610C92F,Delhi,Sector 16B Dwarka,8700000,8911781.1,211781.1,2.43,Ridge Regression
PROP-FA67C68A2211,Mumbai,Kandivali West,56500000,56977896.78,477896.78,0.85,Ridge Regression
PROP-D1DCB1518C62,Mumbai,Ghatkopar West,7500000,6733083.17,766916.83,10.23,Ridge Regression
PROP-6B7AD432C313,Delhi,Mayur Vihar Phase 3,6000000,4213343.04,1786656.96,29.78,Ridge Regression
PROP-C85DA3A4E545,Mumbai,Malad West,2600000,3402954.57,802954.57,30.88,Ridge Regression
PROP-9538B771B9C6,Bengaluru,Cottonpet,7000000,9650796.26,2650796.26,37.87,Ridge Regression
PROP-5D29BB782C49,Bengaluru,Bannerughatta,3000000,2610436.3,389563.7,12.99,Ridge Regression
PROP-0541E582C149,Bengaluru,Chikbanavara,10000000,12785989.37,2785989.37,27.86,Ridge Regression
PROP-57D1A0FAAF44,Bengaluru,Budigere,3100000,2855694.01,244305.99,7.88,Ridge Regression
PROP-B02A3835F65E,Bengaluru,Hoskote,25000000,18843280.16,6156719.84,24.63,Ridge Regression
PROP-BE30581D4180,Bengaluru,Seshagiripura,30000000,22651789.71,7348210.29,24.49,Ridge Regression
PROP-97E03B22378B,Bengaluru,Kempegowda Nagar,42500000,39277811.25,3222188.75,7.58,Ridge Regression
PROP-96F775C3C338,Mumbai,Chinchpokli,35000000,35201947.34,201947.34,0.58,Ridge Regression
PROP-73B0EE584383,Mumbai,Vile Parle East,7000000,9504060.32,2504060.32,35.77,Ridge Regression
PROP-448D7A75396D,Pune,Katraj,17500000,19795532.01,2295532.01,13.12,Ridge Regression
PROP-62975BD8B3BB,Mumbai,Nalasopara West,2700000,3124079.74,424079.74,15.71,Ridge Regression
PROP-CC5FCD3CFB5E,Bengaluru,Basapura,7000000,11178071.25,4178071.25,59.69,Ridge Regression
PROP-694B095BB6B3,Bengaluru,Hampapura,8500000,8823101.93,323101.93,3.8,Ridge Regression
PROP-C0D5A1ECE97E,Pune,Saswad,2000000,1889868.93,110131.07,5.51,Ridge Regression
PROP-49D4AA27222E,Bengaluru,Electronic City Phase Ii,13000000,21297979.96,8297979.96,63.83,Ridge Regression
PROP-4C47E1A46710,Pune,Nighoje,2500000,2210597.54,289402.46,11.58,Ridge Regression
PROP-B2BE70A659C0,Bengaluru,Jagajeevanram Nagar,7000000,5839193.1,1160806.9,16.58,Ridge Regression
PROP-273866F1255A,Delhi,Ashok Vihar,18000000,13374298.95,4625701.05,25.7,Ridge Regression
PROP-C7E7CCC0BCC8,Mumbai,Gorai,6800000,5045336.51,1754663.49,25.8,Ridge Regression
PROP-1F3E1C0C00E2,Bengaluru,Gulakamale,8000000,8578491.81,578491.81,7.23,Ridge Regression
PROP-FF0FEE382E36,Mumbai,Andheri West,20000000,14744275.31,5255724.69,26.28,Ridge Regression
PROP-8F9A151DB3AA,Bengaluru,Ramamurthy Nagar,55000000,43574781.75,11425218.25,20.77,Ridge Regression
PROP-52E8921D87C9,Mumbai,Goregaon East,3900000,2966116.95,933883.05,23.95,Ridge Regression
PROP-16DC19D7A347,Mumbai,Mulund West,18500000,20014493.34,1514493.34,8.19,Ridge Regression
PROP-DC4869CD2106,Bengaluru,Bannerughatta,11000000,6112593.67,4887406.33,44.43,Ridge Regression
PROP-EB5EA9664A32,Mumbai,Nalasopara West,3000000,3716930.83,716930.83,23.9,Ridge Regression
PROP-01C4FDF37767,Mumbai,Ghatkopar West,6000000,5224754.91,775245.09,12.92,Ridge Regression
PROP-CDB0CCEFD8D7,Bengaluru,Nelamangala,4000000,4897892.62,897892.62,22.45,Ridge Regression
PROP-2643C7C22F06,Pune,Rajgurunagar,2350000,2130828.84,219171.16,9.33,Ridge Regression
PROP-9BF2E6D016B8,Bengaluru,Whitefield,47700000,40563028.9,7136971.1,14.96,Ridge Regression
PROP-0BC7279CC057,Mumbai,Borivali East,38000000,45623125.08,7623125.08,20.06,Ridge Regression
PROP-752B1032436A,Mumbai,Khar West,25600000,38195871.1,12595871.1,49.2,Ridge Regression
PROP-C0A638E9292C,Bengaluru,Kengeri Satellite Town,2200000,2606525.07,406525.07,18.48,Ridge Regression
PROP-7F02FB844401,Mumbai,Mulund West,7000000,7936760.04,936760.04,13.38,Ridge Regression
PROP-0BBA441CEA2F,Mumbai,Nagpada,14000000,13041451.87,958548.13,6.85,Ridge Regression
PROP-87D8F9617640,Mumbai,Bhuleshwar,24000000,35465101.24,11465101.24,47.77,Ridge Regression
PROP-F9AE26D399E0,Delhi,Shahdara,16000000,24405944.4,8405944.4,52.54,Ridge Regression
PROP-CD35A675C82A,Mumbai,Umerkhadi,10000000,18474134.56,8474134.56,84.74,Ridge Regression
PROP-4F655C56AD56,Delhi,Kalkaji,14000000,11161772.68,2838227.32,20.27,Ridge Regression
PROP-4690CB8808CD,Mumbai,Kalbadevi,60000000,22904343.62,37095656.38,61.83,Ridge Regression
PROP-3178FF53B18D,Bengaluru,Anjanapura Township,8200000,6895753.03,1304246.97,15.91,Ridge Regression
PROP-59E1590973CA,Bengaluru,Bellandur,10500000,10703511.07,203511.07,1.94,Ridge Regression
PROP-25DC8F4C8877,Bengaluru,Kempapura Agrahara,14500000,26455002.39,11955002.39,82.45,Ridge Regression
PROP-4265812D2CC5,Mumbai,Mankhurd,14000000,12295524.72,1704475.28,12.17,Ridge Regression
PROP-A8C8F1A3E704,Mumbai,Mira Road East,1500000,2455688.24,955688.24,63.71,Ridge Regression
PROP-76C80522386B,Bengaluru,Bannerughatta,1800000,3015109.46,1215109.46,67.51,Ridge Regression
PROP-CAC8EE55D7D0,Mumbai,Bhandup West,4200000,3914877.9,285122.1,6.79,Ridge Regression
PROP-01258CD888CC,Mumbai,Mazgaon,6300000,8473055.15,2173055.15,34.49,Ridge Regression
PROP-8AA1B32DE8F9,Mumbai,Naigaon East,4800000,6661768.55,1861768.55,38.79,Ridge Regression
PROP-64EBE0D11F87,Mumbai,Ghatkopar West,14500000,12594156.88,1905843.12,13.14,Ridge Regression
PROP-4F2F4998F8D1,Mumbai,Dahisar West,6700000,8390399.69,1690399.69,25.23,Ridge Regression
PROP-C31A25C746A6,Bengaluru,Kyalasanahalli,4500000,4362360.6,137639.4,3.06,Ridge Regression
PROP-0C63733F9348,Mumbai,Bhayandar East,2500000,2290672.99,209327.01,8.37,Ridge Regression
PROP-F5AFD4D63F8C,Mumbai,Dadar East,17500000,12118010.16,5381989.84,30.75,Ridge Regression
PROP-F44A47B3ECBB,Bengaluru,Brookefield,52500000,75001427.11,22501427.11,42.86,Ridge Regression
PROP-B4228A0769D7,Delhi,Nangloi,6000000,4634658.08,1365341.92,22.76,Ridge Regression
PROP-79B1A052F560,Pune,Shewalewadi,2200000,2541903.71,341903.71,15.54,Ridge Regression
PROP-A04FEA772CC4,Pune,Bopkhel,2899000,3240572.42,341572.42,11.78,Ridge Regression
PROP-C1EFFC79C205,Bengaluru,Balagere,7500000,7564028.55,64028.55,0.85,Ridge Regression
PROP-2B4958354D57,Bengaluru,Gunjur,12400000,14353625.74,1953625.74,15.76,Ridge Regression
PROP-20C9EDDDA6FE,Bengaluru,Hoskote,3680000,2336654.83,1343345.17,36.5,Ridge Regression
PROP-95870F273A92,Pune,Kamshet,4000000,9838715.08,5838715.08,145.97,Ridge Regression
PROP-D8C23C4EFDE9,Delhi,Shakarpur Khas,26000000,44906921.87,18906921.87,72.72,Ridge Regression
PROP-B999535437ED,Pune,Talegaon Dhamdhere,1900000,1713902.89,186097.11,9.79,Ridge Regression
PROP-946358F6A04B,Mumbai,Borivali West,9500000,15036384.14,5536384.14,58.28,Ridge Regression
PROP-E26DC4AC4AFE,Bengaluru,Haralur,6400000,5556085.04,843914.96,13.19,Ridge Regression
PROP-13E2244B57E3,Mumbai,Andheri East,14500000,14094259.45,405740.55,2.8,Ridge Regression
PROP-CA30440DF9D9,Mumbai,Goregaon East,4400000,3961346.94,438653.06,9.97,Ridge Regression
PROP-24D578A46172,Pune,Ambegaon,17000000,12476969.78,4523030.22,26.61,Ridge Regression
PROP-11BE42196D8E,Mumbai,Malad West,16000000,16410827.26,410827.26,2.57,Ridge Regression
PROP-7233ADCA8D29,Bengaluru,Nagarbhavi,9000000,8119848.04,880151.96,9.78,Ridge Regression
PROP-3296E4666488,Delhi,Sector 22 Dwarka,39700000,16059971.42,23640028.58,59.55,Ridge Regression
PROP-3205D5117BDA,Mumbai,Virar East,4000000,3856195.28,143804.72,3.6,Ridge Regression
PROP-89E16BE9354D,Mumbai,Andheri East,15000000,15082892.56,82892.56,0.55,Ridge Regression
PROP-3745200C549A,Mumbai,Bhayandar West,8400000,11637808.77,3237808.77,38.55,Ridge Regression
PROP-FC7DF5049E71,Bengaluru,Bendiganahalli,5999000,6309185.13,310185.13,5.17,Ridge Regression
PROP-63B7C3FD0FDD,Delhi,Gtb Nagar,75000000,26168219.76,48831780.24,65.11,Ridge Regression
PROP-362F24924F35,Bengaluru,Vidyamanya Nagar,10000000,14707852.55,4707852.55,47.08,Ridge Regression
PROP-97834262F186,Chennai,Thalambur,5000000,6369011.44,1369011.44,27.38,Ridge Regression
PROP-B766E5993D9C,Pune,Pimple Nilakh,25000000,31004615.82,6004615.82,24.02,Ridge Regression
PROP-AFDD620B6095,Pune,Wanowrie,39000000,39761230.47,761230.47,1.95,Ridge Regression
PROP-DA31F830F91F,Bengaluru,Ramamurthy Nagar,11000000,12937132.2,1937132.2,17.61,Ridge Regression
PROP-429E0E1CA712,Hyderabad,Medchal,3279000,7789148.18,4510148.18,137.55,Ridge Regression
PROP-99D43A4930DF,Chennai,Kumananchavadi,6500000,5203173.96,1296826.04,19.95,Ridge Regression
PROP-4F610207525A,Chennai,Pazhavanthangal,5900000,6429156.27,529156.27,8.97,Ridge Regression
PROP-40E4D60ADADF,Pune,Varale,2500000,2658641.78,158641.78,6.35,Ridge Regression
PROP-788137F6AC7F,Pune,Handewadi,8000000,7839305.46,160694.54,2.01,Ridge Regression
PROP-769C05211808,Bengaluru,Electronic City Phase Ii,14000000,23987965.01,9987965.01,71.34,Ridge Regression
PROP-3E02D030B25B,Chennai,Sholinganallur,1900000,4778697.65,2878697.65,151.51,Ridge Regression
PROP-7F4E18125D11,Bengaluru,Btm Layout,37500000,34095164.19,3404835.81,9.08,Ridge Regression
PROP-15F7FFAEAF3F,Bengaluru,Frazer Town,13000000,12531199.57,468800.43,3.61,Ridge Regression
PROP-00E7989E006F,Chennai,Aminjikarai,14400000,6904316.37,7495683.63,52.05,Ridge Regression
PROP-0CD99260AC4A,Kolkata,Behala Chowrasta,2200000,3792194.42,1592194.42,72.37,Ridge Regression
PROP-4895B1F5D299,Pune,Wagholi,4600000,5398276.91,798276.91,17.35,Ridge Regression
PROP-5D18B35844D0,Chennai,Jafferkhanpet,11500000,9448552.16,2051447.84,17.84,Ridge Regression
PROP-05161F834158,Pune,Fursungi,2600000,2458938.43,141061.57,5.43,Ridge Regression
PROP-DFEE06420DCB,Pune,Wagholi,4500000,4980724.42,480724.42,10.68,Ridge Regression
PROP-4533C32A538C,Bengaluru,Nayandahalli,19000000,26091598.96,7091598.96,37.32,Ridge Regression
PROP-7963A9BB37DF,Pune,Bibwewadi,2000000,2087306.95,87306.95,4.37,Ridge Regression
PROP-586FBEE9CB32,Bengaluru,Mallathahalli,1300000,2207414.35,907414.35,69.8,Ridge Regression
PROP-17D5FD1A5980,Delhi,Rajinder Nagar,40000000,39363773.99,636226.01,1.59,Ridge Regression
PROP-EE3776062233,Chennai,Ekkatuthangal,32000000,20817590.27,11182409.73,34.95,Ridge Regression
PROP-D7EA82297F6E,Pune,Chikhali,8500000,8114234.22,385765.78,4.54,Ridge Regression
PROP-C0EC4B1D96FE,Bengaluru,Vijayanagar,12500000,9835725.98,2664274.02,21.31,Ridge Regression
PROP-DE9DA28714AF,Chennai,Chromepet,3200000,4419984.64,1219984.64,38.12,Ridge Regression
PROP-7C42082F905C,Kolkata,Barrackpore,1200000,3081056.29,1881056.29,156.75,Ridge Regression
PROP-315FDB33771C,Delhi,Uttam Nagar,5170000,7602180.13,2432180.13,47.04,Ridge Regression
PROP-818420AF923D,Chennai,Karayanchavadi,3800000,5320874.69,1520874.69,40.02,Ridge Regression
PROP-FE11C3BF1BCF,Chennai,Oragadam Ambattur,4200000,7362359.76,3162359.76,75.29,Ridge Regression
PROP-B371F2DE5E4A,Bengaluru,Mathikere,17800000,21839174.58,4039174.58,22.69,Ridge Regression
PROP-6E2FD2362270,Delhi,Mansa Ram Park,13000000,10887586.89,2112413.11,16.25,Ridge Regression
PROP-B33814EAF7E2,Bengaluru,Mathikere,6000000,5623903.48,376096.52,6.27,Ridge Regression
PROP-49D4FAFE2404,Delhi,Mandawali,11000000,25590260.65,14590260.65,132.64,Ridge Regression
PROP-A32F0825BACD,Hyderabad,Bolarum,50000000,21040180.59,28959819.41,57.92,Ridge Regression
PROP-69D748702D95,Bengaluru,Hal,4500000,5996316.57,1496316.57,33.25,Ridge Regression
PROP-B4CAE80DF47C,Bengaluru,Anjanapura Township,3000000,2644501.22,355498.78,11.85,Ridge Regression
PROP-060B89326CAC,Pune,Bibwewadi,9000000,8850479.81,149520.19,1.66,Ridge Regression
PROP-D6DC5A5DAF34,Delhi,Palam,5200000,4999038.76,200961.24,3.86,Ridge Regression
PROP-08FC70C26D6F,Pune,Koregaon Park,16500000,14782718.41,1717281.59,10.41,Ridge Regression
PROP-12FC4BB87802,Pune,Aundh,50000000,44741569.72,5258430.28,10.52,Ridge Regression
PROP-ABAFB0DAB37B,Hyderabad,Hyderguda,40000000,10086487.95,29913512.05,74.78,Ridge Regression
PROP-70F451C48336,Chennai,Thiruporur,1500000,3535130.25,2035130.25,135.68,Ridge Regression
PROP-BF758B14EF8B,Pune,Ghorpadi,20000000,18558973.71,1441026.29,7.21,Ridge Regression
PROP-F1E0B4DF171D,Kolkata,Belghoria,7000000,5480289.32,1519710.68,21.71,Ridge Regression
PROP-FE1FB57E09F8,Hyderabad,Yapral,41000000,15413930.34,25586069.66,62.41,Ridge Regression
PROP-736F64CAAABC,Delhi,Samalka,3000000,3315467.67,315467.67,10.52,Ridge Regression
PROP-C1FB700C2334,Chennai,Kanathur Reddikuppam,12200000,8588392.03,3611607.97,29.6,Ridge Regression
PROP-C0930703656C,Pune,Kondhwa,16800000,16751175.44,48824.56,0.29,Ridge Regression
PROP-C5360D163D48,Bengaluru,Akshayanagar,4260000,5410223.03,1150223.03,27.0,Ridge Regression
PROP-FFE13AE0E4EA,Chennai,Kadalur,3500000,5460006.24,1960006.24,56.0,Ridge Regression
PROP-BB0F4B5CA04F,Pune,Alandi,1600000,2731420.68,1131420.68,70.71,Ridge Regression
PROP-04D8ECC5920C,Chennai,Hirco Palace Gardens,9500000,10451148.17,951148.17,10.01,Ridge Regression
PROP-A43B3C9015EA,Chennai,Maraimalai Nagar,8500000,7410960.42,1089039.58,12.81,Ridge Regression
PROP-39EFEA1A324E,Pune,Alandi,2700000,3126370.45,426370.45,15.79,Ridge Regression
PROP-53EA1E073943,Bengaluru,Horamavu,6700000,8559880.54,1859880.54,27.76,Ridge Regression
PROP-B0E9559AB6DB,Delhi,Paschim Vihar,17000000,14567004.73,2432995.27,14.31,Ridge Regression
PROP-CADB9418C827,Pune,Kanhe,2300000,2389435.28,89435.28,3.89,Ridge Regression
PROP-C6E2AFC25F76,Chennai,Avadi,11000000,6246672.78,4753327.22,43.21,Ridge Regression
PROP-162B02D693C3,Delhi,Bijwasan,8000000,6744719.39,1255280.61,15.69,Ridge Regression
PROP-0528464B90F4,Delhi,Tagore Garden Extension,1300000,1771557.49,471557.49,36.27,Ridge Regression
PROP-040BA2ECAB23,Hyderabad,Kothapet,4300000,6900583.55,2600583.55,60.48,Ridge Regression
PROP-1A3B60BCA394,Chennai,Adhanur,2050000,4429767.17,2379767.17,116.09,Ridge Regression
PROP-D95D7A01F40A,Chennai,Madhavaram Milk Colony,25000000,9143091.89,15856908.11,63.43,Ridge Regression
PROP-8659C224B645,Pune,Thergaon,2500000,2425400.96,74599.04,2.98,Ridge Regression
PROP-CE629D62C1E2,Pune,Kiwale,20000000,24844955.62,4844955.62,24.22,Ridge Regression
PROP-1C731A3D64BE,Delhi,Sector 25 Rohini,1350000,2961511.02,1611511.02,119.37,Ridge Regression
PROP-B4AC4014005E,Chennai,Choolai,6500000,6874263.15,374263.15,5.76,Ridge Regression
PROP-80C3F2A9BEBF,Bengaluru,Attiguppe,12000000,15478523.34,3478523.34,28.99,Ridge Regression
PROP-B1410D20C5B8,Chennai,Mugalivakkam,3900000,4791745.22,891745.22,22.87,Ridge Regression
PROP-E71B4BA6676D,Pune,Saswad,2500000,2849788.63,349788.63,13.99,Ridge Regression
PROP-016204A03EFD,Bengaluru,Indira Nagar,20000000,17134624.89,2865375.11,14.33,Ridge Regression
PROP-2881C654070A,Delhi,Sarai Rohilla,2200000,2732265.36,532265.36,24.19,Ridge Regression
PROP-D54E5BD2C299,Delhi,Rangpuri,10000000,8263836.37,1736163.63,17.36,Ridge Regression
PROP-C4A8979F88C8,Delhi,Sector 5 Rohini,36500000,43751223.15,7251223.15,19.87,Ridge Regression
PROP-DBBA0D7159FF,Bengaluru,Electronic City Phase Ii,1750000,1945383.58,195383.58,11.16,Ridge Regression
PROP-9DD182F2F033,Chennai,Chromepet,47500000,16232133.75,31267866.25,65.83,Ridge Regression
PROP-AA87264EFA5F,Bengaluru,Bommasandra,5000000,4512803.89,487196.11,9.74,Ridge Regression
PROP-72FE921D8962,Mumbai,Asalpha,2600000,4305438.69,1705438.69,65.59,Ridge Regression
PROP-EDB850C15F79,Delhi,Sector 14 Rohini,12500000,20417307.23,7917307.23,63.34,Ridge Regression
PROP-93689ACF45BD,Kolkata,Narendrapur,800000,10302264.81,9502264.81,1187.78,Ridge Regression
PROP-91C733ACFD92,Pune,Chikhali,4900000,4756464.98,143535.02,2.93,Ridge Regression
PROP-88FDB0F7B7F9,Chennai,Mudichur,8500000,9566143.41,1066143.41,12.54,Ridge Regression
PROP-02AA863FECCF,Bengaluru,Nagondanahalli,6300000,7899307.9,1599307.9,25.39,Ridge Regression
PROP-7C339447B5C5,Pune,Hadapsar,4600000,5015886.91,415886.91,9.04,Ridge Regression
PROP-618AEE8DA9B3,Pune,Pisoli,3200000,3178859.04,21140.96,0.66,Ridge Regression
PROP-6D082C457A30,Bengaluru,Udayagiri,5800000,5938228.7,138228.7,2.38,Ridge Regression
PROP-016FFD1C122B,Delhi,Laxmi Nagar,22000000,14970338.91,7029661.09,31.95,Ridge Regression
PROP-8175B23BB6C5,Bengaluru,Hbr Layout,7600000,7856270.15,256270.15,3.37,Ridge Regression
PROP-4DD4BAA8486F,Hyderabad,Kokapet,18000000,20382360.95,2382360.95,13.24,Ridge Regression
PROP-879B046D6BDB,Bengaluru,Jp Nagar,5000000,4747636.69,252363.31,5.05,Ridge Regression
PROP-D9ECC9A4371A,Bengaluru,Kommaghatta,11000000,9629022.98,1370977.02,12.46,Ridge Regression
PROP-A2178EB46E3C,Pune,Talegaon Dabhade,1651000,1876112.45,225112.45,13.63,Ridge Regression
PROP-28EBF50BF140,Kolkata,Madhyamgram,3500000,4524212.4,1024212.4,29.26,Ridge Regression
PROP-FE5699397C72,Pune,Dhayari,2350000,2617865.86,267865.86,11.4,Ridge Regression
PROP-035F1DF77480,Hyderabad,Shaikpet,16000000,12990790.8,3009209.2,18.81,Ridge Regression
PROP-440F5936FE43,Chennai,Sithalapakkam,23000000,17480011.92,5519988.08,24.0,Ridge Regression
PROP-E3394682F5EB,Pune,Kondhwa,7500000,5512343.16,1987656.84,26.5,Ridge Regression
PROP-89F656AA02AC,Pune,Wagholi,3000000,3028221.57,28221.57,0.94,Ridge Regression
PROP-C96D058A7B02,Delhi,Dabri,6000000,8996300.58,2996300.58,49.94,Ridge Regression
PROP-B68F6CB38ABE,Bengaluru,Hsr Layout,8600000,10179476.28,1579476.28,18.37,Ridge Regression
PROP-7DB68EE331F7,Bengaluru,Chandapura,3800000,3829571.12,29571.12,0.78,Ridge Regression
PROP-37DB6F0FD6BE,Chennai,Chengalpattu,2000000,3735301.78,1735301.78,86.77,Ridge Regression
PROP-0D6D87717885,Pune,Pune Cantonment,14100000,12908269.42,1191730.58,8.45,Ridge Regression
PROP-301BB997DEA8,Chennai,Madhanandapuram,1700000,3955740.99,2255740.99,132.69,Ridge Regression
PROP-A3CFC7B0F49F,Chennai,Ammapettai,3600000,6636592.36,3036592.36,84.35,Ridge Regression
PROP-302599185AAC,Delhi,Mansa Ram Park,3200000,4318949.98,1118949.98,34.97,Ridge Regression
PROP-AF1227CAA778,Pune,Sus,5700000,6138193.56,438193.56,7.69,Ridge Regression
PROP-10A1A286AF58,Kolkata,Sarsuna,2800000,3966940.27,1166940.27,41.68,Ridge Regression
PROP-B8F86C214941,Hyderabad,Vanasthalipuram,7600000,9770958.07,2170958.07,28.57,Ridge Regression
PROP-41E989F79805,Pune,Handewadi,2450000,2354940.93,95059.07,3.88,Ridge Regression
PROP-C59287905A57,Delhi,Paschim Vihar,14000000,14817173.07,817173.07,5.84,Ridge Regression
PROP-958AD368D7B0,Kolkata,Dhakuria,4000000,3862368.16,137631.84,3.44,Ridge Regression
PROP-77F1D54F3A83,Bengaluru,Gattahalli,4900000,5014312.28,114312.28,2.33,Ridge Regression
PROP-DD2E0676A4DF,Kolkata,Keshtopur,4800000,5635227.41,835227.41,17.4,Ridge Regression
PROP-5191B5E6C1FC,Hyderabad,Kismatpur,6000000,8989476.68,2989476.68,49.82,Ridge Regression
PROP-B6D0D4410215,Bengaluru,Banaswadi,15000000,23170204.08,8170204.08,54.47,Ridge Regression
PROP-352D26F9F841,Pune,Ranjangaon,1800000,1642443.77,157556.23,8.75,Ridge Regression
PROP-05D15D803737,Bengaluru,Bannerughatta,9000000,8606289.87,393710.13,4.37,Ridge Regression
PROP-A3473590907D,Bengaluru,Singasandra,6000000,5079218.72,920781.28,15.35,Ridge Regression
PROP-EE3F8D73AB40,Chennai,Pazhavanthangal,13500000,8383438.27,5116561.73,37.9,Ridge Regression
PROP-7E1CD895B29A,Hyderabad,Boduppal,5600000,6950087.0,1350087.0,24.11,Ridge Regression
PROP-CB79FB086663,Delhi,Sector 12 Dwarka,50000000,46490845.05,3509154.95,7.02,Ridge Regression
PROP-73821B3E1E8A,Chennai,Anakaputhur,9000000,8438799.63,561200.37,6.24,Ridge Regression
PROP-A1645B8654D0,Delhi,Vasant Kunj,6000000,4915176.61,1084823.39,18.08,Ridge Regression
PROP-E41E0FA10AF8,Hyderabad,Kompally,10200000,9922388.05,277611.95,2.72,Ridge Regression
PROP-EE0C3460E825,Chennai,Ammapettai,4500000,6115073.58,1615073.58,35.89,Ridge Regression
PROP-38930D3E5AD5,Pune,Kolhewadi,2000000,1922742.9,77257.1,3.86,Ridge Regression
PROP-7C1C95262DB7,Delhi,Budh Vihar,12500000,15438390.65,2938390.65,23.51,Ridge Regression
PROP-6962E9490359,Chennai,Vayalur,2500000,6044076.74,3544076.74,141.76,Ridge Regression
PROP-59D7ED05852A,Delhi,Mukherjee Nagar,14500000,18436377.02,3936377.02,27.15,Ridge Regression
PROP-E40E24D712B0,Pune,Pimple Nilakh,7500000,8407448.67,907448.67,12.1,Ridge Regression
PROP-4AB02D12AB85,Chennai,Ayanavaram,6000000,6373606.19,373606.19,6.23,Ridge Regression
PROP-25D16C828562,Mumbai,Naigaon East,1200000,1624524.59,424524.59,35.38,Ridge Regression
PROP-045838DEA504,Delhi,Tughlakabad,1950000,2223357.1,273357.1,14.02,Ridge Regression
PROP-3C24C79B3B94,Bengaluru,Ullal Uppanagar,7000000,6359998.39,640001.61,9.14,Ridge Regression
PROP-7AF106BFC991,Bengaluru,Kammasandra,6600000,7640993.21,1040993.21,15.77,Ridge Regression
PROP-3FB934612BA9,Pune,Aundh,2700000,2635692.18,64307.82,2.38,Ridge Regression
PROP-C745DF9CEFD8,Bengaluru,Singasandra,5660000,4099335.32,1560664.68,27.57,Ridge Regression
PROP-B2A2B716046D,Bengaluru,Kadabagere,4000000,4922374.75,922374.75,23.06,Ridge Regression
PROP-9482B11F2DD8,Pune,Balewadi,4800000,4183594.8,616405.2,12.84,Ridge Regression
PROP-AFA76C13B75E,Bengaluru,Btm Layout,2000000,1970466.57,29533.43,1.48,Ridge Regression
PROP-B005C24FEB55,Pune,Narayangaon,5500000,5527028.5,27028.5,0.49,Ridge Regression
PROP-96DA711717E2,Chennai,Perumbakkam,4000000,5373636.56,1373636.56,34.34,Ridge Regression
PROP-2BE121D1E5E9,Pune,Bibwewadi,5500000,7360472.64,1860472.64,33.83,Ridge Regression
PROP-1F790EFD8125,Pune,Ambegaon,1900000,2037074.81,137074.81,7.21,Ridge Regression
PROP-D121E0C4EBF7,Bengaluru,K Channasandra,5500000,5380595.4,119404.6,2.17,Ridge Regression
PROP-A42037E18BCB,Pune,Shikrapur,1500000,1576366.82,76366.82,5.09,Ridge Regression
PROP-A50CE5313CBD,Pune,Wanowrie,7500000,7414001.61,85998.39,1.15,Ridge Regression
PROP-F2AA264B8D16,Bengaluru,Kamakshipalya,9500000,8487743.06,1012256.94,10.66,Ridge Regression
PROP-457AD501CB4F,Chennai,T Nagar,25000000,11576200.12,13423799.88,53.7,Ridge Regression
PROP-F07DDE96822A,Bengaluru,Kaggadasapura,4500000,4787919.52,287919.52,6.4,Ridge Regression
PROP-D0973DDA4D8F,Pune,Wakad,7800000,7183937.6,616062.4,7.9,Ridge Regression
PROP-A0195411B832,Delhi,Pandav Nagar,7000000,10020909.19,3020909.19,43.16,Ridge Regression
PROP-515005E56999,Delhi,Uttam Nagar,6000000,6613038.04,613038.04,10.22,Ridge Regression
PROP-5E6983336D58,Chennai,Kundrathur,4500000,4981315.35,481315.35,10.7,Ridge Regression
PROP-315509A70EAC,Pune,Ravet,6310000,7450686.68,1140686.68,18.08,Ridge Regression
PROP-C0DD7ED34DB4,Pune,Keshav Nagar,3100000,2896732.76,203267.24,6.56,Ridge Regression
PROP-D51FCCB82401,Pune,Chakan,2100000,2218924.41,118924.41,5.66,Ridge Regression
PROP-1AD8766EFA1F,Delhi,Greater Kailash,5099000,7419519.46,2320519.46,45.51,Ridge Regression
PROP-2F785AACB870,Bengaluru,Battarahalli,3250000,2549909.82,700090.18,21.54,Ridge Regression
PROP-47FD282C1428,Pune,Undri,6000000,4356295.84,1643704.16,27.4,Ridge Regression
PROP-CDECEAB30043,Delhi,Sant Nagar,2500000,2399684.58,100315.42,4.01,Ridge Regression
PROP-A327069852C8,Chennai,Kolapakkam,8500000,5578553.44,2921446.56,34.37,Ridge Regression
PROP-1E1C17353E40,Delhi,Okhla,2500000,5368113.42,2868113.42,114.72,Ridge Regression
PROP-1DF5CA035298,Pune,Shivane,7200000,8271869.54,1071869.54,14.89,Ridge Regression
PROP-440F13982022,Pune,Undri,3000000,3079571.59,79571.59,2.65,Ridge Regression
PROP-2E247E8FBF01,Pune,Ambegaon Budruk,2450000,2762400.94,312400.94,12.75,Ridge Regression
PROP-AFF1688DC6DB,Delhi,Sector 5 Rohini,2000000,3387955.59,1387955.59,69.4,Ridge Regression
PROP-E4E36E95EDAB,Delhi,Sector 5 Rohini,5000000,6017104.73,1017104.73,20.34,Ridge Regression
PROP-925A53CC1421,Chennai,Kodambakkam,8500000,7436008.74,1063991.26,12.52,Ridge Regression
PROP-9B9083DB7CBF,Delhi,Naraina,92500000,42227262.12,50272737.88,54.35,Ridge Regression
PROP-FE76E707B99E,Bengaluru,Btm Layout,700000,1657200.4,957200.4,136.74,Ridge Regression
PROP-0990AC2066F0,Mumbai,Ghatkopar West,5500000,4676245.08,823754.92,14.98,Ridge Regression
PROP-9C5D0CF6F00F,Delhi,Sidhartha Nagar,8000000,15612484.57,7612484.57,95.16,Ridge Regression
PROP-43E277CC801A,Bengaluru,Doddajala,4600000,4702458.7,102458.7,2.23,Ridge Regression
PROP-A46D4E0EB0B9,Chennai,Varadharajapuram,5000000,5591429.39,591429.39,11.83,Ridge Regression
PROP-25906C36F887,Pune,Rajgurunagar,2600000,2437271.07,162728.93,6.26,Ridge Regression
PROP-031EACC72FAC,Chennai,Perumbakkam,5400000,5734669.86,334669.86,6.2,Ridge Regression
PROP-AEC56B927638,Chennai,Chromepet,4570000,5594931.99,1024931.99,22.43,Ridge Regression
PROP-F60507C8E72C,Bengaluru,Padmanabhanagar,6000000,7213569.72,1213569.72,20.23,Ridge Regression
PROP-EA626B1DE864,Delhi,Sector 39 Rohini,3200000,3125348.05,74651.95,2.33,Ridge Regression
PROP-E5DB4EC56BFD,Bengaluru,Kumaraswamy Layout,9500000,16241373.28,6741373.28,70.96,Ridge Regression
PROP-6C265ECC52EE,Bengaluru,Yeshwanthpur,5650000,4742136.4,907863.6,16.07,Ridge Regression
PROP-E97FC7791CB2,Pune,Vadgaon Budruk,1050000,1365507.67,315507.67,30.05,Ridge Regression
PROP-A9AD15AE4F4B,Chennai,Vanagaram,6500000,83276647.4,76776647.4,1181.18,Ridge Regression
PROP-07542049EDCD,Chennai,Ayanavaram,24000000,11255117.73,12744882.27,53.1,Ridge Regression
PROP-300FE53137C8,Bengaluru,Electronic City,11800000,15822741.83,4022741.83,34.09,Ridge Regression
PROP-C9D20255B3E4,Delhi,Said-Ul-Ajaib,6600000,10808500.62,4208500.62,63.77,Ridge Regression
PROP-080C27F30D8B,Bengaluru,Rajajinagar,11000000,12399494.03,1399494.03,12.72,Ridge Regression
PROP-3DDDE73F3508,Delhi,Dallupura,9000000,9236195.91,236195.91,2.62,Ridge Regression
PROP-18A0393EBFD1,Pune,Fursungi,8500000,9366779.78,866779.78,10.2,Ridge Regression
PROP-C1EA0CD38AC7,Pune,Wagholi,7500000,7950672.85,450672.85,6.01,Ridge Regression
PROP-C52E8140E86B,Pune,Khed Shivapur,10000000,10752470.3,752470.3,7.52,Ridge Regression
PROP-23AF6966A1A5,Mumbai,Thane West,5800000,4846481.11,953518.89,16.44,Ridge Regression
PROP-4990F4349A2C,Delhi,Sidhartha Nagar,11000000,10812069.82,187930.18,1.71,Ridge Regression
PROP-EB9CA72140CA,Bengaluru,Begur,12500000,17175450.69,4675450.69,37.4,Ridge Regression
PROP-0D0CC86E6670,Bengaluru,Nandini Layout,2300000,1804950.63,495049.37,21.52,Ridge Regression
PROP-2DBC56647DC2,Mumbai,Kanjurmarg West,3000000,2684464.88,315535.12,10.52,Ridge Regression
PROP-BE904FD9ECAD,Bengaluru,Nagavara,4000000,2846071.41,1153928.59,28.85,Ridge Regression
PROP-A5472FA9AB79,Pune,Shivane,2000000,2129842.88,129842.88,6.49,Ridge Regression
PROP-9D18701B8734,Bengaluru,Yelahanka,2500000,2695628.64,195628.64,7.83,Ridge Regression
PROP-0509105302D9,Delhi,Jaffarpur Kalan,1400000,1440313.76,40313.76,2.88,Ridge Regression
PROP-4B2819CCDC38,Mumbai,Virar East,700000,1129640.96,429640.96,61.38,Ridge Regression
PROP-A8556B61F94C,Pune,Pimpri,5600000,5166967.38,433032.62,7.73,Ridge Regression
PROP-4BFA952225F9,Pune,Ganesh Peth,3000000,2590728.48,409271.52,13.64,Ridge Regression
PROP-4B65F4ECF3DA,Bengaluru,Medahalli,9000000,11189885.77,2189885.77,24.33,Ridge Regression
PROP-D42E5341B90C,Pune,Talegaon Dabhade,1500000,1385170.74,114829.26,7.66,Ridge Regression
PROP-0878E585B1A9,Delhi,Sector 16 Rohini,7000000,5038062.73,1961937.27,28.03,Ridge Regression
PROP-EDCB8E1E7D1F,Pune,Hadapsar,2050000,1996093.54,53906.46,2.63,Ridge Regression
PROP-2599E11222D9,Delhi,Razapur Khurd,3300000,3633497.17,333497.17,10.11,Ridge Regression
PROP-FE64C4652902,Chennai,Padur,14000000,10743488.84,3256511.16,23.26,Ridge Regression
PROP-D482B3771C8A,Pune,Wanowrie,38000000,24566033.86,13433966.14,35.35,Ridge Regression
PROP-D30282DEF7E8,Bengaluru,Doddakannelli,7700000,7320597.71,379402.29,4.93,Ridge Regression
PROP-66BC2F398FB3,Pune,Uruli Kanchan,2000000,1974771.78,25228.22,1.26,Ridge Regression
PROP-B8CCA5B077EC,Delhi,Govindpuri,17000000,13119775.24,3880224.76,22.82,Ridge Regression
PROP-9840B36CD036,Bengaluru,Bagalur,11000000,10018660.96,981339.04,8.92,Ridge Regression
PROP-275C30FED99F,Chennai,Sembakkam,11500000,7657575.29,3842424.71,33.41,Ridge Regression
PROP-34A08169478C,Pune,Ganga Dham,18500000,16481085.03,2018914.97,10.91,Ridge Regression
PROP-3C7BB9A3A76F,Pune,Jambhul,1800000,1838251.94,38251.94,2.13,Ridge Regression
PROP-8B946A375F97,Pune,Talegaon Dhamdhere,1050000,1277886.81,227886.81,21.7,Ridge Regression
PROP-38292E418CB4,Bengaluru,Kumbalgodu,4000000,4497565.87,497565.87,12.44,Ridge Regression
PROP-B94889EB5DAC,Bengaluru,Jayanagar,17000000,21824665.6,4824665.6,28.38,Ridge Regression
PROP-7918A0543BED,Delhi,Mayur Vihar Phase 1,6500000,5671237.28,828762.72,12.75,Ridge Regression
PROP-F7AE73D7226F,Bengaluru,Frazer Town,13000000,11390378.13,1609621.87,12.38,Ridge Regression
PROP-4CBA87BD7ADC,Mumbai,Malad West,2500000,3231982.07,731982.07,29.28,Ridge Regression
PROP-CC0910D5F944,Delhi,Jamia Nagar,2500000,2280264.72,219735.28,8.79,Ridge Regression
PROP-880F2B4C6CEC,Pune,Jambhulwadi,1099000,1347542.07,248542.07,22.62,Ridge Regression
PROP-30E17D169E3B,Chennai,T Nagar,27500000,13170271.37,14329728.63,52.11,Ridge Regression
PROP-3190973D0D6A,Bengaluru,Koti Hosahalli,13000000,7571296.36,5428703.64,41.76,Ridge Regression
PROP-4B132EEC6D13,Bengaluru,Vidyaranyapura,4200000,6417670.2,2217670.2,52.8,Ridge Regression
PROP-7024A5C1CDC5,Bengaluru,Bagalakunte,3600000,3613980.89,13980.89,0.39,Ridge Regression
PROP-612330DF8800,Pune,Shewalewadi,8500000,8799604.08,299604.08,3.52,Ridge Regression
PROP-207F9F6C82A1,Chennai,Ambattur Industrial Estate,6500000,7888567.41,1388567.41,21.36,Ridge Regression
PROP-CEAAA6218846,Bengaluru,Bannerughatta,2400000,2238019.68,161980.32,6.75,Ridge Regression
PROP-EB4A1A9AE20E,Chennai,Gerugambakkam,4200000,6365432.02,2165432.02,51.56,Ridge Regression
PROP-26E5909FF552,Pune,Hadapsar,3000000,2927440.22,72559.78,2.42,Ridge Regression
PROP-1779D7AD70C3,Pune,Pisoli,3500000,3517771.48,17771.48,0.51,Ridge Regression
PROP-36E67E14E286,Bengaluru,Kaggadasapura,4000000,4244351.03,244351.03,6.11,Ridge Regression
PROP-7DE0F80CE62A,Bengaluru,Shivaji Nagar,15000000,20925534.57,5925534.57,39.5,Ridge Regression
PROP-009D2FB6208C,Bengaluru,Nagamangala,2100000,2053670.43,46329.57,2.21,Ridge Regression
PROP-A0E7E5E1C072,Pune,Saswad,2300000,2661806.5,361806.5,15.73,Ridge Regression
PROP-9269F5EDABE3,Pune,Mundhwa,11500000,13031815.19,1531815.19,13.32,Ridge Regression
PROP-39EDB7D041E5,Chennai,Kolapakkam,6900000,6885583.86,14416.14,0.21,Ridge Regression
PROP-D27635A55529,Mumbai,Mira Road East,5500000,4398747.06,1101252.94,20.02,Ridge Regression
PROP-C09982527D26,Pune,Bhosari,3000000,3112531.41,112531.41,3.75,Ridge Regression
PROP-48CB268852CA,Pune,Kondhwa,8000000,7201134.69,798865.31,9.99,Ridge Regression
PROP-555DE32B3741,Pune,Sus,7600000,8888765.24,1288765.24,16.96,Ridge Regression
PROP-5DD0259F63AA,Delhi,Sector 12 Dwarka,31500000,26447538.52,5052461.48,16.04,Ridge Regression
PROP-31F0500C626F,Delhi,Palam,5200000,5921094.28,721094.28,13.87,Ridge Regression
PROP-A78E23A451BF,Chennai,Thiruverkkadu,7200000,6758020.66,441979.34,6.14,Ridge Regression
PROP-7879F1316D64,Bengaluru,Bisuvanahalli,4000000,4323447.97,323447.97,8.09,Ridge Regression
PROP-A0AA62836698,Bengaluru,Doddaballapura,5200000,6548666.73,1348666.73,25.94,Ridge Regression
PROP-97C92653EB1E,Delhi,Lado Sarai,3100000,4242092.19,1142092.19,36.84,Ridge Regression
PROP-E8BBAB4BD9FD,Delhi,Sector 17 Rohini,2300000,2599035.01,299035.01,13.0,Ridge Regression
PROP-26E24636D271,Bengaluru,Kartik Nagar,7000000,8487553.72,1487553.72,21.25,Ridge Regression
PROP-87724D4B91BD,Bengaluru,Nelamangala,4500000,5527366.8,1027366.8,22.83,Ridge Regression
PROP-4E59815F38F6,Pune,Chakan,2000000,2041160.92,41160.92,2.06,Ridge Regression
PROP-623733528207,Pune,Chandan Nagar,6500000,6233364.35,266635.65,4.1,Ridge Regression
PROP-BC66A060CCEC,Mumbai,Virar West,2950000,3962084.89,1012084.89,34.31,Ridge Regression
PROP-C8CC7D055133,Bengaluru,Devanahalli,4185000,4136576.06,48423.94,1.16,Ridge Regression
PROP-6E48515068CD,Kolkata,Dum Dum Cantonment,2200000,3659045.85,1459045.85,66.32,Ridge Regression
PROP-8B0A281F6F67,Kolkata,Tangra,8500000,6295204.87,2204795.13,25.94,Ridge Regression
PROP-758E0F776A14,Chennai,Ramapuram,3500000,5353190.74,1853190.74,52.95,Ridge Regression
PROP-B8522EF8B903,Pune,Gultekdi,17500000,16298060.7,1201939.3,6.87,Ridge Regression
PROP-9C41AA9B9845,Pune,Hinjewadi Phase 3,3800000,4048737.47,248737.47,6.55,Ridge Regression
PROP-216A3970FF18,Pune,Rahatani,23000000,21093928.89,1906071.11,8.29,Ridge Regression
PROP-A347BF67ECD7,Pune,Ganj Peth,6500000,5670457.18,829542.82,12.76,Ridge Regression
PROP-5D362742297B,Bengaluru,Kithaganur Colony,8600000,9315788.25,715788.25,8.32,Ridge Regression
PROP-3742950FC789,Delhi,Tughlakabad,4000000,4343672.28,343672.28,8.59,Ridge Regression
PROP-A9BCCF053E17,Delhi,Hastsal,6350000,8140546.96,1790546.96,28.2,Ridge Regression
PROP-32003935ECCA,Bengaluru,Yerappanahalli,3825000,4952300.96,1127300.96,29.47,Ridge Regression
PROP-2C4FC6B32994,Bengaluru,Madavara,7400000,5267855.49,2132144.51,28.81,Ridge Regression
PROP-7FEB6B5FB126,Bengaluru,Ragavendra Industrial Estate,4500000,4158743.4,341256.6,7.58,Ridge Regression
PROP-D2B8AEFDC4A2,Chennai,Dharkast,3600000,5566719.25,1966719.25,54.63,Ridge Regression
PROP-B818F0D9592E,Bengaluru,Hurulichikanahalli,3000000,3511029.5,511029.5,17.03,Ridge Regression
PROP-A5DEBFD65275,Chennai,Aminjikarai,7400000,6112904.19,1287095.81,17.39,Ridge Regression
PROP-DFC59B418382,Pune,Katad Khana,4200000,2931718.73,1268281.27,30.2,Ridge Regression
PROP-D76597982D99,Pune,Shivane,7000000,6505471.5,494528.5,7.06,Ridge Regression
PROP-08E7410F6F56,Kolkata,Rajarhat,3700000,4877625.4,1177625.4,31.83,Ridge Regression
PROP-DE0577CA5310,Mumbai,Girgaon,60000000,75167846.89,15167846.89,25.28,Ridge Regression
PROP-929F154C0F01,Pune,Kondhwa,27500000,26142304.79,1357695.21,4.94,Ridge Regression
PROP-2960C566D6FE,Bengaluru,Lingarajapuram,10500000,8619558.97,1880441.03,17.91,Ridge Regression
PROP-0912041A0312,Chennai,Choolaimedu,6000000,5590146.77,409853.23,6.83,Ridge Regression
PROP-5364E9848963,Bengaluru,Varthur,17500000,26260541.72,8760541.72,50.06,Ridge Regression
PROP-F4BFAA10D3BF,Bengaluru,Bidare Agraha,5000000,4178755.84,821244.16,16.42,Ridge Regression
PROP-98C89B2206BD,Delhi,Vasant Kunj,9750000,8724893.34,1025106.66,10.51,Ridge Regression
PROP-E0FD65059227,Bengaluru,Thotada Guddadhalli Village,12000000,16310424.56,4310424.56,35.92,Ridge Regression
PROP-723B07FC1828,Delhi,Madangir,11000000,26246973.42,15246973.42,138.61,Ridge Regression
PROP-B20A5D32356D,Chennai,Perambur,5200000,5736039.34,536039.34,10.31,Ridge Regression
PROP-1FF39EFE8F1C,Bengaluru,Neelasandra,2000000,2107607.36,107607.36,5.38,Ridge Regression
PROP-7EE9C3784A47,Bengaluru,Kengeri,39500000,46899151.4,7399151.4,18.73,Ridge Regression
PROP-35F055A640FC,Delhi,Karala,6000000,5644772.19,355227.81,5.92,Ridge Regression
PROP-7DD59E02BF22,Chennai,Choolaimedu,70000000,16318303.48,53681696.52,76.69,Ridge Regression
PROP-27C577E56D7C,Bengaluru,Mallathahalli,15000000,25297920.03,10297920.03,68.65,Ridge Regression
PROP-61B82DD291D3,Chennai,Kodambakkam,12000000,7954947.11,4045052.89,33.71,Ridge Regression
PROP-0EBA19EF740C,Delhi,Badarpur,1200000,1468828.99,268828.99,22.4,Ridge Regression
PROP-F872C60A1136,Delhi,Tagore Garden Extension,25000000,16482557.85,8517442.15,34.07,Ridge Regression
PROP-41554050619B,Chennai,Sithalapakkam,7500000,6883015.22,616984.78,8.23,Ridge Regression
PROP-CD5F861DFC1E,Delhi,Karol Bagh,21000000,17915018.79,3084981.21,14.69,Ridge Regression
PROP-22ADCFDCC4E6,Bengaluru,M Hosahalli,2800000,3047697.31,247697.31,8.85,Ridge Regression
PROP-C25510000B39,Delhi,Sector 16B Dwarka,5100000,3454578.76,1645421.24,32.26,Ridge Regression
PROP-A9A2277A47DA,Bengaluru,Doddabele,6000000,3929717.95,2070282.05,34.5,Ridge Regression
PROP-416A3CB02077,Mumbai,Bhayandar West,6500000,7025350.9,525350.9,8.08,Ridge Regression
PROP-AF6169902B19,Pune,Dhankawadi,2000000,2407969.47,407969.47,20.4,Ridge Regression
PROP-0FAB90A61B36,Delhi,Uttam Nagar,3600000,3963039.09,363039.09,10.08,Ridge Regression
PROP-90B5D0DE93B2,Pune,Lohegaon,16500000,15657827.66,842172.34,5.1,Ridge Regression
PROP-4F7E04D32961,Pune,Kondhawe-Dhawade,2500000,2289060.36,210939.64,8.44,Ridge Regression
PROP-5BC79A05EBF7,Bengaluru,Dommasandra,6200000,5883398.52,316601.48,5.11,Ridge Regression
PROP-62C848E36F39,Bengaluru,Chandra Layout Extension,32500000,53319808.76,20819808.76,64.06,Ridge Regression
PROP-E33EFE69B80C,Bengaluru,Sunkadakatte,13000000,10198617.79,2801382.21,21.55,Ridge Regression
PROP-27DE9C56D44E,Bengaluru,Mattanahalli,5500000,6329957.91,829957.91,15.09,Ridge Regression
PROP-038615FDDE7D,Delhi,Mahavir Enclave,16500000,22235169.73,5735169.73,34.76,Ridge Regression
PROP-FC9D0E12E5EC,Chennai,T Nagar,11000000,9653848.34,1346151.66,12.24,Ridge Regression
PROP-6998C3C1CE18,Delhi,Shahdara,6000000,5048109.9,951890.1,15.86,Ridge Regression
PROP-F3F0AF36CEB5,Bengaluru,Marathahalli,26000000,39719308.35,13719308.35,52.77,Ridge Regression
PROP-2D787C5B7475,Chennai,Madambakkam,5800000,5770344.7,29655.3,0.51,Ridge Regression
PROP-435F8E219C76,Pune,Hadapsar,6500000,5979134.98,520865.02,8.01,Ridge Regression
PROP-35B3FD2B9BC4,Pune,Khadki,2700000,2124819.01,575180.99,21.3,Ridge Regression
PROP-47EC8CAA2D1D,Pune,Sus,6000000,7568323.75,1568323.75,26.14,Ridge Regression
PROP-CEEB57C8F217,Bengaluru,Virupakshapura,7000000,8267348.23,1267348.23,18.1,Ridge Regression
PROP-B7CFF0B405B6,Pune,Ambegaon Pathar,4800000,4957976.71,157976.71,3.29,Ridge Regression
PROP-737ACAF91D3C,Bengaluru,Dooravani Nagar,8700000,13171809.25,4471809.25,51.4,Ridge Regression
PROP-AD318104196B,Bengaluru,Cheemasandra,6500000,6511171.25,11171.25,0.17,Ridge Regression
PROP-CE92ABFFB9EC,Pune,Ganesh Peth,5200000,5269963.59,69963.59,1.35,Ridge Regression
PROP-3879314D82F9,Bengaluru,Muddanahalli,7200000,7888269.35,688269.35,9.56,Ridge Regression
PROP-2463CFFB28A7,Chennai,Thirumullaivoyal,5800000,6313774.44,513774.44,8.86,Ridge Regression
PROP-2D1779BDD5F3,Hyderabad,Narsingi,7300000,8908239.56,1608239.56,22.03,Ridge Regression
PROP-7DB1A8426B9C,Bengaluru,Banashankari,12500000,10053360.36,2446639.64,19.57,Ridge Regression
PROP-F350E6D1EED2,Bengaluru,Singasandra,7000000,5376332.2,1623667.8,23.2,Ridge Regression
PROP-D2D7F074ACF4,Pune,Mundhwa,3800000,4563800.32,763800.32,20.1,Ridge Regression
PROP-5CC4D652FF93,Bengaluru,Kasavanahalli,8300000,8070652.02,229347.98,2.76,Ridge Regression
PROP-9C34FF43D250,Kolkata,Hridaypur,6000000,6862090.74,862090.74,14.37,Ridge Regression
PROP-1A4D986F8144,Bengaluru,Wilson Garden,7800000,7263734.92,536265.08,6.88,Ridge Regression
PROP-4D6FA16E4065,Delhi,Pitampura,10500000,9114491.07,1385508.93,13.2,Ridge Regression
PROP-BEDA27D6C498,Bengaluru,Hsr Layout,18000000,21934746.5,3934746.5,21.86,Ridge Regression
PROP-FC8EEB5BF799,Kolkata,Purba Barisha,14000000,6347834.94,7652165.06,54.66,Ridge Regression
PROP-A7910C008A88,Bengaluru,Sunkadakatte,8490000,8590077.47,100077.47,1.18,Ridge Regression
PROP-7B6F7930318A,Bengaluru,Laggere,22500000,35848570.62,13348570.62,59.33,Ridge Regression
PROP-B655C40C41EA,Mumbai,Virar West,5600000,8242347.64,2642347.64,47.18,Ridge Regression
PROP-66EEDE198CCB,Bengaluru,Hallehalli,6500000,6915433.61,415433.61,6.39,Ridge Regression
PROP-C04725EAD432,Bengaluru,Thanisandra,6500000,7128520.32,628520.32,9.67,Ridge Regression
PROP-9DA3F99F0C36,Kolkata,Belgachia,5000000,5398108.79,398108.79,7.96,Ridge Regression
PROP-4776467A6E02,Kolkata,Mahheshtala,2600000,3898367.31,1298367.31,49.94,Ridge Regression
PROP-0CFC21EB2047,Bengaluru,Bisuvanahalli,6400000,6030829.88,369170.12,5.77,Ridge Regression
PROP-B28EDFE12B58,Bengaluru,Akshayanagar,17500000,8930396.33,8569603.67,48.97,Ridge Regression
PROP-34DBD024A8F8,Bengaluru,Kolar,7500000,14082270.88,6582270.88,87.76,Ridge Regression
PROP-C9818BBCF139,Bengaluru,Arakere,7500000,7499482.64,517.36,0.01,Ridge Regression
PROP-BDC7587B7D0F,Pune,Bibwewadi,3000000,3248198.66,248198.66,8.27,Ridge Regression
PROP-2EA0E2DBA39E,Bengaluru,Malleswaram,14500000,15230119.0,730119.0,5.04,Ridge Regression
PROP-E45EFF56102C,Kolkata,Kasba,2200000,3542329.56,1342329.56,61.01,Ridge Regression
PROP-5B83C9868B63,Kolkata,Kaikhali,7000000,5349727.68,1650272.32,23.58,Ridge Regression
PROP-0681907F9E9F,Mumbai,Vikhroli East,13500000,10146706.1,3353293.9,24.84,Ridge Regression
PROP-09608FFFACCF,Pune,Shivane,1200000,1347662.93,147662.93,12.31,Ridge Regression
PROP-5B1D193B8BEF,Bengaluru,Chandapura,11000000,10231567.59,768432.41,6.99,Ridge Regression
PROP-B2BD4E3603E1,Bengaluru,Doddabommasandra,14000000,25781488.36,11781488.36,84.15,Ridge Regression
PROP-687E7446D8BA,Mumbai,Andheri East,30000000,27584958.81,2415041.19,8.05,Ridge Regression
PROP-74731FF22A2E,Bengaluru,Chandapura,6900000,6817103.34,82896.66,1.2,Ridge Regression
PROP-663CCC8A79FC,Bengaluru,Akshayanagar,6200000,5783735.31,416264.69,6.71,Ridge Regression
PROP-7418D47C5C3E,Bengaluru,Devanahalli,15000000,19170820.73,4170820.73,27.81,Ridge Regression
PROP-8B05902385AA,Bengaluru,Harlur,6130000,7304632.3,1174632.3,19.16,Ridge Regression
PROP-1143B11F2B28,Mumbai,Malad West,9500000,9154014.68,345985.32,3.64,Ridge Regression
PROP-9812020C0B67,Bengaluru,Sivanchetti Gardens,4500000,5379941.6,879941.6,19.55,Ridge Regression
PROP-14B7E84EC415,Delhi,Rohini Sector 28,2600000,2776470.38,176470.38,6.79,Ridge Regression
PROP-C0CD75FD2E08,Bengaluru,Cooke Town,38500000,31196318.08,7303681.92,18.97,Ridge Regression
PROP-48FF77CF86EA,Kolkata,Baguiati,3975000,4553967.53,578967.53,14.57,Ridge Regression
PROP-05A0599313EE,Kolkata,Taltala,10000000,5862110.12,4137889.88,41.38,Ridge Regression
PROP-775199406D45,Bengaluru,Kambipura,7900000,7897414.03,2585.97,0.03,Ridge Regression
PROP-FD8307310423,Kolkata,Bramhapur,2800000,3843824.84,1043824.84,37.28,Ridge Regression
PROP-A49404C30599,Mumbai,Dadar West,30000000,31050724.18,1050724.18,3.5,Ridge Regression
PROP-0CB2D2F633B0,Bengaluru,Manchapanahalli,13000000,9111079.15,3888920.85,29.91,Ridge Regression
PROP-7CDF376AB586,Kolkata,Garia,3500000,4012086.13,512086.13,14.63,Ridge Regression
PROP-1538AE991581,Bengaluru,Sg Palya,10000000,8814086.47,1185913.53,11.86,Ridge Regression
PROP-79142883924B,Kolkata,Barrackpore,9800000,12764157.11,2964157.11,30.25,Ridge Regression
PROP-43232A2796DD,Bengaluru,Kattigenahalli,24000000,37198832.95,13198832.95,55.0,Ridge Regression
PROP-6D07632670C1,Bengaluru,Mallasandra,7500000,6982143.8,517856.2,6.9,Ridge Regression
PROP-CDA2A0AB5F39,Pune,Parvati Darshan,3200000,3721159.74,521159.74,16.29,Ridge Regression
PROP-4F37C5473479,Delhi,Dilshad Garden,14000000,13651737.53,348262.47,2.49,Ridge Regression
PROP-AA0CC1E67A59,Bengaluru,Kommasandra,10000000,10278059.19,278059.19,2.78,Ridge Regression
PROP-BCC62E9D8CA7,Delhi,Sangam Vihar,1600000,2690517.16,1090517.16,68.16,Ridge Regression
PROP-8674AFDD7453,Kolkata,Joka,3200000,3957704.82,757704.82,23.68,Ridge Regression
PROP-81451D2EC9FC,Bengaluru,Lakshmipura,1100000,1939660.76,839660.76,76.33,Ridge Regression
PROP-D6354C3BA88B,Bengaluru,Basavanagudi,17000000,22873274.88,5873274.88,34.55,Ridge Regression
PROP-7D9769ED2EB4,Delhi,Khajoori Khas,3100000,3296077.25,196077.25,6.33,Ridge Regression
PROP-A25837FE2A48,Kolkata,Purba Barisha,1800000,3193520.92,1393520.92,77.42,Ridge Regression
PROP-9BBD27CEFE61,Kolkata,Budge Budge,33000000,14672547.48,18327452.52,55.54,Ridge Regression
PROP-8A5280BE3040,Mumbai,Virar East,4000000,4340081.96,340081.96,8.5,Ridge Regression
PROP-A45DE8E14893,Bengaluru,Yelahanka,21000000,19975058.47,1024941.53,4.88,Ridge Regression
PROP-2E315B85AA19,Bengaluru,Mallathahalli,4000000,5348490.72,1348490.72,33.71,Ridge Regression
PROP-A33622E96107,Mumbai,Virar West,6500000,7683018.54,1183018.54,18.2,Ridge Regression
PROP-F988B92E3135,Bengaluru,Jp Nagar,4700000,4259513.87,440486.13,9.37,Ridge Regression
PROP-5A776B4F1FE1,Bengaluru,Thotada Guddadhalli Village,8700000,10481437.01,1781437.01,20.48,Ridge Regression
PROP-017B72AECABE,Bengaluru,Krishnarajapura,4250000,4441993.84,191993.84,4.52,Ridge Regression
PROP-5AE4A2894023,Bengaluru,Kengeri,5100000,4745931.24,354068.76,6.94,Ridge Regression
PROP-2268B607C7B6,Pune,Kothrud,8790000,10023511.11,1233511.11,14.03,Ridge Regression
PROP-EF39E08A9BB0,Kolkata,Sodepur,25000000,12234523.09,12765476.91,51.06,Ridge Regression
PROP-195C8A240117,Delhi,Ghitorni,1500000,2450190.32,950190.32,63.35,Ridge Regression
PROP-1FE3CF76897B,Mumbai,Kandivali West,6900000,8429652.74,1529652.74,22.17,Ridge Regression
PROP-DD320D8AA42A,Mumbai,Vikhroli East,5000000,2730721.34,2269278.66,45.39,Ridge Regression
PROP-A33813256EF4,Mumbai,Jogeshwari West,12500000,15905790.43,3405790.43,27.25,Ridge Regression
PROP-D6F6F704AE6B,Pune,Range Hill Estate,12000000,14637108.77,2637108.77,21.98,Ridge Regression
PROP-26F6F60CE515,Kolkata,Paschim Barisha,3200000,4170245.06,970245.06,30.32,Ridge Regression
PROP-6B6B7816E643,Bengaluru,Hsr Layout,5800000,5594730.43,205269.57,3.54,Ridge Regression
PROP-60A8992057EF,Kolkata,Mahheshtala,3200000,4385915.13,1185915.13,37.06,Ridge Regression
PROP-6CB376B42E54,Bengaluru,Chikbanavara,3200000,3336521.76,136521.76,4.27,Ridge Regression
PROP-96A023762EBC,Bengaluru,Anekal,17000000,20596910.28,3596910.28,21.16,Ridge Regression
PROP-DB8EEB99DA27,Kolkata,Tangra,9850000,7563159.82,2286840.18,23.22,Ridge Regression
PROP-032A58DD7806,Bengaluru,Hemmigepura,110000000,27593896.1,82406103.9,74.91,Ridge Regression
PROP-426D2AAA7CEB,Bengaluru,Singasandra,5000000,4321606.49,678393.51,13.57,Ridge Regression
PROP-0DC2EC49750F,Pune,Baramati,14000000,10437190.97,3562809.03,25.45,Ridge Regression
PROP-19E7561477F7,Bengaluru,Seegehalli,9400000,9620236.52,220236.52,2.34,Ridge Regression
PROP-17AFE0BFDB20,Pune,Uruli Kanchan,1800000,1520742.7,279257.3,15.51,Ridge Regression
PROP-17E889979BF1,Bengaluru,Malleswaram,40000000,39803639.73,196360.27,0.49,Ridge Regression
PROP-B14B320EBDFC,Delhi,Mehrauli,2600000,3329254.42,729254.42,28.05,Ridge Regression
PROP-DF06ED64B99F,Pune,Vadgaon,2500000,1790603.15,709396.85,28.38,Ridge Regression
PROP-137C2C005E7D,Bengaluru,Meesaganahalli,30000000,44618570.28,14618570.28,48.73,Ridge Regression
PROP-63C1E3879D1B,Pune,Sanaswadi,1500000,2443535.6,943535.6,62.9,Ridge Regression
PROP-F9DB8A32FEB4,Mumbai,Borivali West,10000000,10202598.72,202598.72,2.03,Ridge Regression
PROP-C1177CD3700D,Mumbai,Virar West,3500000,4851015.52,1351015.52,38.6,Ridge Regression
PROP-65394814C748,Bengaluru,Wilson Garden,18500000,21017002.22,2517002.22,13.61,Ridge Regression
PROP-004DC79AD105,Bengaluru,Anjanapura Township,4500000,4087169.37,412830.63,9.17,Ridge Regression
PROP-13CEBE2A0740,Kolkata,Lake Town,8900000,5819092.15,3080907.85,34.62,Ridge Regression
PROP-79C048CC5D81,Mumbai,Mulund East,9800000,9292559.18,507440.82,5.18,Ridge Regression
PROP-2ECBEC80534E,Delhi,Janakpuri,10000000,13038306.05,3038306.05,30.38,Ridge Regression
PROP-17234F70D5D2,Bengaluru,Rmv Extension Stage 2,23000000,31102248.66,8102248.66,35.23,Ridge Regression
PROP-19C1E47746C4,Pune,Katraj,2500000,2475297.75,24702.25,0.99,Ridge Regression
PROP-D07A88266219,Kolkata,Narendrapur,2492000,4000142.78,1508142.78,60.52,Ridge Regression
PROP-ED894EF05DC0,Kolkata,Mukundapur,4000000,4277171.31,277171.31,6.93,Ridge Regression
PROP-FC787D7FB9FB,Pune,Kharadi,5200000,4271330.31,928669.69,17.86,Ridge Regression
PROP-CE22265D659C,Bengaluru,Horamavu,8000000,6976254.59,1023745.41,12.8,Ridge Regression
PROP-6F0E4CFD22DB,Kolkata,Narendrapur,2500000,4081214.38,1581214.38,63.25,Ridge Regression
PROP-6BD54E2513A6,Bengaluru,Electronic City,2500000,2686710.61,186710.61,7.47,Ridge Regression
PROP-A39B58DD3D8D,Delhi,Sarita Vihar,1200000,877020.53,322979.47,26.91,Ridge Regression
PROP-2575E406E6ED,Bengaluru,Kumbalgodu,12500000,15463289.12,2963289.12,23.71,Ridge Regression
PROP-B63F0A2B79B8,Pune,Old Sangvi,7000000,9160809.55,2160809.55,30.87,Ridge Regression
PROP-D3DE585BE9BE,Bengaluru,Annapurneshwari Nagar,10500000,9480736.47,1019263.53,9.71,Ridge Regression
PROP-816F45C228AB,Mumbai,Chandansar,3400000,2395133.92,1004866.08,29.55,Ridge Regression
PROP-E21237B121F4,Delhi,Geeta Colony,11000000,7651639.92,3348360.08,30.44,Ridge Regression
PROP-18D6071BF955,Pune,Pimpri,3600000,3551339.75,48660.25,1.35,Ridge Regression
PROP-492710FE2FE9,Bengaluru,Electronic City,3500000,3749441.4,249441.4,7.13,Ridge Regression
PROP-1A63C13254E9,Bengaluru,Malimakanapura,3300000,3993054.33,693054.33,21.0,Ridge Regression
PROP-E9A87A15A0EA,Mumbai,Goregaon West,15000000,13250959.2,1749040.8,11.66,Ridge Regression
PROP-5456B6DC1BE7,Bengaluru,Rr Nagar,7800000,7731775.7,68224.3,0.87,Ridge Regression
PROP-5BDEEBAF47FC,Pune,Ambegaon Budruk,4000000,4990162.89,990162.89,24.75,Ridge Regression
PROP-7ED9D16B4A84,Delhi,Tri Nagar,27000000,48454676.63,21454676.63,79.46,Ridge Regression
PROP-29E8098A6751,Kolkata,Sinthi,4500000,4900033.9,400033.9,8.89,Ridge Regression
PROP-6653EDB96020,Pune,Bibwewadi,4200000,3981079.86,218920.14,5.21,Ridge Regression
PROP-0FDB3B6F821B,Bengaluru,Margondanahalli,9500000,15458896.55,5958896.55,62.73,Ridge Regression
PROP-52424E54F5E3,Kolkata,Ward No 113,3000000,4111289.39,1111289.39,37.04,Ridge Regression
PROP-8F23576DE15A,Bengaluru,Hennur,12000000,11488868.89,511131.11,4.26,Ridge Regression
PROP-73AD0F516D1D,Kolkata,Sarsuna,2700000,4304999.66,1604999.66,59.44,Ridge Regression
PROP-6B1B4B888525,Bengaluru,Hampapura,6800000,8189030.15,1389030.15,20.43,Ridge Regression
PROP-31C335EAA49F,Kolkata,Rahara,7500000,7023417.4,476582.6,6.35,Ridge Regression
PROP-5CE0B820B272,Pune,Shikrapur,5000000,5176393.39,176393.39,3.53,Ridge Regression
PROP-579AC477C3DE,Delhi,Palam,4800000,3658111.88,1141888.12,23.79,Ridge Regression
PROP-1AFF711E86BC,Mumbai,Santacruz West,120000000,74335583.47,45664416.53,38.05,Ridge Regression
PROP-63ABB0812E88,Pune,Kharadi,8000000,9620723.35,1620723.35,20.26,Ridge Regression
PROP-2BD3DCFC4E20,Delhi,Sector 15 Rohini,5500000,5959620.28,459620.28,8.36,Ridge Regression
PROP-F73C51824DEC,Kolkata,Dum Dum Park,2500000,4178995.39,1678995.39,67.16,Ridge Regression
PROP-DD96F911A6F7,Mumbai,Mira Road East,12000000,10450434.63,1549565.37,12.91,Ridge Regression
PROP-83B677C44E98,Pune,Rasta Peth,6400000,5934719.47,465280.53,7.27,Ridge Regression
PROP-EC60233BBF5C,Kolkata,International Airport,3600000,4286803.57,686803.57,19.08,Ridge Regression
PROP-CEAB7897D726,Mumbai,Nalasopara West,2700000,2972048.86,272048.86,10.08,Ridge Regression
PROP-6C88132DD7DA,Bengaluru,Electronic City Phase Ii,7500000,9075171.27,1575171.27,21.0,Ridge Regression
PROP-31228546D8E5,Mumbai,Goregaon West,10000000,8486466.28,1513533.72,15.14,Ridge Regression
PROP-91A5C082A239,Delhi,Kalkaji Extension,60000000,33118227.28,26881772.72,44.8,Ridge Regression
PROP-8019381B2D7D,Mumbai,Goregaon East,17500000,15379014.48,2120985.52,12.12,Ridge Regression
PROP-12F866BB884B,Kolkata,Ballygunge,25700000,10790181.46,14909818.54,58.01,Ridge Regression
PROP-F72F006C0A67,Delhi,Bawana,1500000,2895671.23,1395671.23,93.04,Ridge Regression
PROP-7E7631D90398,Pune,Spine Road,3600000,2575172.67,1024827.33,28.47,Ridge Regression
PROP-EC3016304151,Kolkata,Garia,2500000,4361257.32,1861257.32,74.45,Ridge Regression
PROP-300301509063,Delhi,Jahangirpuri,8000000,8202142.81,202142.81,2.53,Ridge Regression
PROP-3B8E9D1E24A9,Bengaluru,Sollepura Village,5500000,6537804.47,1037804.47,18.87,Ridge Regression
PROP-4D8AAFAF4DD6,Kolkata,Kalighat,6000000,5447911.22,552088.78,9.2,Ridge Regression
PROP-4A67F7047825,Bengaluru,Jakkur,14000000,16871062.65,2871062.65,20.51,Ridge Regression
PROP-B77E72E72087,Mumbai,Virar West,5800000,7722646.02,1922646.02,33.15,Ridge Regression
PROP-F0513E15F390,Delhi,Shahdara,10800000,18030767.21,7230767.21,66.95,Ridge Regression
PROP-D0706C8D1125,Delhi,Kondli,7000000,10104081.69,3104081.69,44.34,Ridge Regression
PROP-F831E33D8CE1,Mumbai,Andheri East,8900000,7935986.78,964013.22,10.83,Ridge Regression
PROP-ED4B5382AB51,Pune,Bibwewadi,1500000,1926042.5,426042.5,28.4,Ridge Regression
PROP-81EF362EBECE,Kolkata,Baranagar,2500000,3861545.13,1361545.13,54.46,Ridge Regression
PROP-A8AA091D3765,Bengaluru,Whitefield,5000000,5238250.43,238250.43,4.77,Ridge Regression
PROP-18F7A2458638,Bengaluru,Doddaballapura,4200000,5831428.74,1631428.74,38.84,Ridge Regression
PROP-0321031F9CA0,Pune,Karve Nagar,3900000,3856492.88,43507.12,1.12,Ridge Regression
PROP-475474C549DB,Mumbai,Chembur,44000000,39867524.12,4132475.88,9.39,Ridge Regression
PROP-8185CC7A850D,Mumbai,Vasai East,5300000,8174108.74,2874108.74,54.23,Ridge Regression
PROP-8F9EBDE4207B,Bengaluru,Medahalli,8500000,7319906.23,1180093.77,13.88,Ridge Regression
PROP-C3F6C9C06157,Mumbai,Borivali West,12000000,11969002.27,30997.73,0.26,Ridge Regression
PROP-EAF92F8DDDD9,Bengaluru,Shivaji Nagar,4500000,5566196.38,1066196.38,23.69,Ridge Regression
PROP-1E5AC3A07E08,Bengaluru,Vidyaranyapura,11500000,8418543.57,3081456.43,26.8,Ridge Regression
PROP-CD7F112A1F19,Kolkata,New Alipore,5000000,5104421.04,104421.04,2.09,Ridge Regression
PROP-E9D356433740,Kolkata,Belgachia,5000000,4057418.27,942581.73,18.85,Ridge Regression
PROP-D1F20278616A,Delhi,Holambi Kalan,4000000,3979206.01,20793.99,0.52,Ridge Regression
PROP-A58A2DD68E92,Delhi,Baprola,4850000,6628467.33,1778467.33,36.67,Ridge Regression
PROP-F8B16DBA4627,Mumbai,Borivali West,5500000,8083586.94,2583586.94,46.97,Ridge Regression
PROP-5F88C1FDBD2B,Pune,Shivane,2250000,2547586.41,297586.41,13.23,Ridge Regression
PROP-A41CEBC7E2BC,Kolkata,Baghajatin,2000000,3105867.95,1105867.95,55.29,Ridge Regression
PROP-23629863AED7,Bengaluru,Koramangala,60000000,97258449.38,37258449.38,62.1,Ridge Regression
PROP-CEADB7303C32,Bengaluru,Banashankari,8000000,7538211.45,461788.55,5.77,Ridge Regression
PROP-F24A817B0BB3,Bengaluru,Whitefield,13000000,12857664.5,142335.5,1.09,Ridge Regression
PROP-187FFC381A62,Bengaluru,Gollarapalya Hosahalli,5800000,5066899.76,733100.24,12.64,Ridge Regression
PROP-C01B4B736A4B,Bengaluru,Banashankari,20000000,20550908.05,550908.05,2.75,Ridge Regression
PROP-20A016CF8804,Kolkata,Sonarpur,1250000,2790587.56,1540587.56,123.25,Ridge Regression
PROP-0C2F959D4D5F,Mumbai,Borivali West,19500000,20962322.67,1462322.67,7.5,Ridge Regression
PROP-7333F24AF932,Kolkata,Golf Green,4000000,4704603.69,704603.69,17.62,Ridge Regression
PROP-FF44CE499C7D,Kolkata,Narendrapur,6700000,6154385.83,545614.17,8.14,Ridge Regression
PROP-BDA85CF43BCD,Bengaluru,Subramanyapura,14000000,14705194.59,705194.59,5.04,Ridge Regression
PROP-4ABBEB8C8EFE,Kolkata,Hussainpur,22500000,8864169.15,13635830.85,60.6,Ridge Regression
PROP-8F876ABDB135,Pune,Old Sangvi,4200000,4967089.99,767089.99,18.26,Ridge Regression
PROP-487B76347674,Kolkata,South Dum Dum,2280000,3335379.64,1055379.64,46.29,Ridge Regression
PROP-D1C9187B98AF,Kolkata,Ariadaha,9400000,5372795.89,4027204.11,42.84,Ridge Regression
PROP-B44ADED90535,Chennai,Ammapettai,4600000,7004144.18,2404144.18,52.26,Ridge Regression
PROP-C31DB34FF0D3,Delhi,Palam,7000000,5686703.05,1313296.95,18.76,Ridge Regression
PROP-1892550EBA4A,Pune,Ranjangaon,2000000,1723742.74,276257.26,13.81,Ridge Regression
PROP-367B62AD49A1,Delhi,Bindapur,19500000,25442740.04,5942740.04,30.48,Ridge Regression
PROP-D5FCD42BDEEF,Chennai,Mudichur,7200000,6471980.92,728019.08,10.11,Ridge Regression
PROP-E154E3205E2A,Bengaluru,Abbigere,7550000,6388566.11,1161433.89,15.38,Ridge Regression
PROP-F7FA9F287617,Bengaluru,Bilekahalli,35000000,27161054.23,7838945.77,22.4,Ridge Regression
PROP-4A16392BC138,Delhi,Ganesh Nagar,7900000,7275260.1,624739.9,7.91,Ridge Regression
PROP-0A29C2A8F8A1,Chennai,Tambaram Sanatoruim,3000000,3903971.47,903971.47,30.13,Ridge Regression
PROP-7BE9CAFEBA1C,Kolkata,Baguiati,7000000,4845861.77,2154138.23,30.77,Ridge Regression
PROP-0BF5794C6B75,Pune,Thergaon,4950000,4880518.23,69481.77,1.4,Ridge Regression
PROP-D2325D491495,Bengaluru,Hennur,7500000,5762769.73,1737230.27,23.16,Ridge Regression
PROP-EBF2F6F7634C,Pune,Mundhwa,7200000,7904234.86,704234.86,9.78,Ridge Regression
PROP-52847602F1D0,Hyderabad,Manikonda,14000000,12459739.09,1540260.91,11.0,Ridge Regression
PROP-2C0F2A4C92AB,Kolkata,Sodepur,2200000,3896253.38,1696253.38,77.1,Ridge Regression
PROP-94DF5E9CBD2F,Delhi,Shalimar Bagh,9000000,10888384.27,1888384.27,20.98,Ridge Regression
PROP-F2279325BB75,Chennai,Chengalpattu,3580000,4839349.94,1259349.94,35.18,Ridge Regression
PROP-37F1DD44301E,Chennai,Siruniam,5500000,7746803.49,2246803.49,40.85,Ridge Regression
PROP-D021C122927C,Pune,Mamurdi,4400000,4718641.02,318641.02,7.24,Ridge Regression
PROP-1E407215FBA1,Hyderabad,Kapra,4700000,6938805.56,2238805.56,47.63,Ridge Regression
PROP-E0DC804C0B86,Delhi,Tri Nagar,2600000,4174438.99,1574438.99,60.56,Ridge Regression
PROP-185AA95C95FB,Pune,Hadapsar,6500000,4152400.08,2347599.92,36.12,Ridge Regression
PROP-D657C5A90A07,Pune,Dhayari,2500000,2691422.49,191422.49,7.66,Ridge Regression
PROP-71485F03A905,Delhi,Madhu Vihar,40000000,47241550.19,7241550.19,18.1,Ridge Regression
PROP-889EF17714F3,Hyderabad,Kothaguda,12500000,9798001.55,2701998.45,21.62,Ridge Regression
PROP-D7F33BDBF82D,Delhi,Badarpur,2400000,3330537.71,930537.71,38.77,Ridge Regression
PROP-9C0494989865,Delhi,Tughlakabad,22500000,13878576.92,8621423.08,38.32,Ridge Regression
PROP-D9D4ABFD4D32,Hyderabad,Ramachandra Puram,14500000,13483233.43,1016766.57,7.01,Ridge Regression
PROP-10B0F1EAFA44,Bengaluru,T Dasarahalli,5500000,5179328.92,320671.08,5.83,Ridge Regression
PROP-3B51AE728A42,Pune,Charholi Budruk,2800000,2976694.67,176694.67,6.31,Ridge Regression
PROP-53797FACF5D3,Chennai,Ambattur,6500000,6410827.77,89172.23,1.37,Ridge Regression
PROP-6E7FCEF32621,Delhi,Mahipalpur,4000000,5571217.47,1571217.47,39.28,Ridge Regression
PROP-55B8C2C99F09,Hyderabad,Dammaiguda,7300000,9667297.56,2367297.56,32.43,Ridge Regression
PROP-35A62E77D2F7,Bengaluru,Jayamahal,19900000,25662406.74,5762406.74,28.96,Ridge Regression
PROP-7CDB27CCC56B,Hyderabad,Alwal,55000000,29783303.24,25216696.76,45.85,Ridge Regression
PROP-A643398A5BF2,Bengaluru,Kodigehalli,6900000,9078321.41,2178321.41,31.57,Ridge Regression
PROP-1900A53A5797,Bengaluru,Electronic City Phase Ii,4400000,5010976.8,610976.8,13.89,Ridge Regression
PROP-C786AD732AC5,Bengaluru,Bikasipura,40000000,35910193.78,4089806.22,10.22,Ridge Regression
PROP-24C399D085C4,Pune,Chikhali,1500000,1438344.24,61655.76,4.11,Ridge Regression
PROP-4E108E499901,Pune,Vadgaon,2300000,1900644.9,399355.1,17.36,Ridge Regression
PROP-7D4EAF9BC50D,Chennai,Oragadam Sriperambattur,975000,4039133.34,3064133.34,314.27,Ridge Regression
PROP-9D111CED81B6,Mumbai,Mira Road East,5800000,5823456.88,23456.88,0.4,Ridge Regression
PROP-43E2AB6143AF,Bengaluru,Rk Hegde Nagar,23500000,38185830.41,14685830.41,62.49,Ridge Regression
PROP-33CEC28EED1E,Delhi,Sector 39 Rohini,3500000,3269389.77,230610.23,6.59,Ridge Regression
PROP-E77308E8B287,Chennai,Padur,3000000,4055526.95,1055526.95,35.18,Ridge Regression
PROP-436A7F43FB2F,Bengaluru,Mattanahalli,7500000,7881946.77,381946.77,5.09,Ridge Regression
PROP-E4AFF5DBC147,Chennai,Ayappakkam,1750000,3687800.97,1937800.97,110.73,Ridge Regression
PROP-5C38ECF1B9E5,Pune,Aundh,210000000,97656788.26,112343211.74,53.5,Ridge Regression
PROP-7B652EDE98B9,Pune,Dhankawadi,6500000,7121432.29,621432.29,9.56,Ridge Regression
PROP-760F1D16ADEF,Chennai,Periyapalayam,3500000,7040509.99,3540509.99,101.16,Ridge Regression
PROP-7410C553135C,Pune,Pimpri,9500000,9210609.65,289390.35,3.05,Ridge Regression
PROP-2A7024014AE1,Bengaluru,Benson Town,30000000,34192815.21,4192815.21,13.98,Ridge Regression
PROP-CC4DACB736AD,Chennai,Kolathur,8100000,5432102.57,2667897.43,32.94,Ridge Regression
PROP-6B9EE1A5C0C2,Hyderabad,Bachupally,5500000,7273110.69,1773110.69,32.24,Ridge Regression
PROP-0E2D8AF27993,Chennai,Chetpet,9000000,9707461.31,707461.31,7.86,Ridge Regression
PROP-C50F3D2E75CA,Pune,Pirangut,2500000,2032666.97,467333.03,18.69,Ridge Regression
PROP-5DA698499EBB,Hyderabad,Aminpur,6000000,10049960.2,4049960.2,67.5,Ridge Regression
PROP-9796C9C039FE,Delhi,Burari,8000000,7931005.63,68994.37,0.86,Ridge Regression
PROP-AFB5153F0914,Delhi,Kalu Sarai,17000000,12148840.67,4851159.33,28.54,Ridge Regression
PROP-F20778F6FFA7,Kolkata,Rajpur,3600000,4856470.59,1256470.59,34.9,Ridge Regression
PROP-EC5EC5B938A9,Delhi,Vasundhara Enclave,7400000,7835458.25,435458.25,5.88,Ridge Regression
PROP-0D42BA65D940,Pune,Shaniwar Peth,7800000,6951704.71,848295.29,10.88,Ridge Regression
PROP-69C56DAAB05A,Chennai,Thirumullaivoyal,4200000,5574026.95,1374026.95,32.71,Ridge Regression
PROP-7A682F6B298F,Kolkata,Rahara,2150000,3882033.07,1732033.07,80.56,Ridge Regression
PROP-FB79FF41B652,Mumbai,Santacruz East,31000000,25171252.39,5828747.61,18.8,Ridge Regression
PROP-5F2AD249503E,Bengaluru,Banashankari,11500000,8754642.4,2745357.6,23.87,Ridge Regression
PROP-B13AA9A7FC87,Pune,Wakad,6000000,5385597.22,614402.78,10.24,Ridge Regression
PROP-6A94BF091483,Chennai,Chengalpattu,3270000,4897450.0,1627450.0,49.77,Ridge Regression
PROP-5883DDB271CD,Kolkata,Barrackpore,4600000,4077623.61,522376.39,11.36,Ridge Regression
PROP-6741AF8F9998,Kolkata,Mukundapur,3000000,4469936.22,1469936.22,49.0,Ridge Regression
PROP-17A3E5877C77,Pune,Talegaon Dabhade,3700000,4239590.15,539590.15,14.58,Ridge Regression
PROP-F3482FB5E361,Bengaluru,Ashok Nagar,50000000,62178223.47,12178223.47,24.36,Ridge Regression
PROP-B1090F62B421,Kolkata,Rajpur,3500000,4811954.52,1311954.52,37.48,Ridge Regression
PROP-FDC65DFBEA58,Bengaluru,Kadumuthsandra Plantation,8350000,8813768.41,463768.41,5.55,Ridge Regression
PROP-18502A7488C5,Hyderabad,Kokapet,7000000,10599638.39,3599638.39,51.42,Ridge Regression
PROP-A1D5ADCDCF91,Bengaluru,Thanisandra,20600000,23604568.48,3004568.48,14.59,Ridge Regression
PROP-C0522DF831F1,Pune,Saswad,2000000,2064778.18,64778.18,3.24,Ridge Regression
PROP-9AFE824D460F,Delhi,Dilshad Garden,20000000,18557851.59,1442148.41,7.21,Ridge Regression
PROP-D414BF9C4C6D,Pune,Jambhe,5200000,5406735.78,206735.78,3.98,Ridge Regression
PROP-DBFB07E88FA8,Delhi,Nangloi,7000000,6736958.22,263041.78,3.76,Ridge Regression
PROP-7795861A2C71,Bengaluru,Lingadheeranahalli,13500000,10944687.81,2555312.19,18.93,Ridge Regression
PROP-25FAB7A392D5,Bengaluru,Benson Town,19500000,38711367.35,19211367.35,98.52,Ridge Regression
PROP-6878795CC437,Bengaluru,Ramohalli,2000000,1961280.92,38719.08,1.94,Ridge Regression
PROP-793527053013,Chennai,Perambur,20000000,13046905.64,6953094.36,34.77,Ridge Regression
PROP-4D40B1A20187,Delhi,Sector 22 Rohini,5000000,6636788.36,1636788.36,32.74,Ridge Regression
PROP-1D241C964D3C,Bengaluru,Srirampuram,9500000,16615839.67,7115839.67,74.9,Ridge Regression
PROP-4D163C1AFE0C,Pune,Kasarwadi,4614000,3809077.78,804922.22,17.45,Ridge Regression
PROP-22B629DD2066,Chennai,Raja Annamalai Puram,78000000,15161085.82,62838914.18,80.56,Ridge Regression
PROP-46E0F6890D9C,Delhi,Khirki Extension,4500000,6117490.0,1617490.0,35.94,Ridge Regression
PROP-B7F928A6C47F,Pune,Ganga Dham,10500000,10229212.37,270787.63,2.58,Ridge Regression
PROP-855B2608AFA2,Bengaluru,Dasarahalli,13500000,12425986.95,1074013.05,7.96,Ridge Regression
PROP-1D16DAD57337,Bengaluru,Mathikere,8000000,8579994.17,579994.17,7.25,Ridge Regression
PROP-A758AAA67652,Chennai,Chengalpattu,1620000,3844450.26,2224450.26,137.31,Ridge Regression
PROP-AA0F0DFCBD68,Kolkata,Malancha Mahi Nagar,4000000,4353578.91,353578.91,8.84,Ridge Regression
PROP-BA4CA07F778B,Pune,Bopodi,8000000,6354622.82,1645377.18,20.57,Ridge Regression
PROP-166A5C71ABDE,Bengaluru,Lingadheeranahalli,36000000,29313805.1,6686194.9,18.57,Ridge Regression
PROP-B999F27E41BF,Delhi,Ghitorni,6000000,7903754.96,1903754.96,31.73,Ridge Regression
PROP-19DDE35CCD8A,Delhi,Neb Sarai,8000000,10438997.23,2438997.23,30.49,Ridge Regression
PROP-5943EA2A5D22,Mumbai,Dahisar East,10000000,13842274.3,3842274.3,38.42,Ridge Regression
PROP-BB7E6C12AC01,Bengaluru,Kengeri Satellite Town,14200000,17882835.01,3682835.01,25.94,Ridge Regression
PROP-01433059BC75,Bengaluru,Manganahalli,6800000,7113383.69,313383.69,4.61,Ridge Regression
PROP-31C798C91564,Mumbai,Govandi,11500000,16984369.0,5484369.0,47.69,Ridge Regression
PROP-CD3474A91816,Pune,Dhankawadi,2000000,2562142.44,562142.44,28.11,Ridge Regression
PROP-C9949DC0A262,Kolkata,Shobhabazar,7000000,5273667.25,1726332.75,24.66,Ridge Regression
PROP-96E056482E02,Kolkata,Arapanch,890000,2724740.28,1834740.28,206.15,Ridge Regression
PROP-82B11312217F,Bengaluru,Basavanagudi,25000000,22563335.53,2436664.47,9.75,Ridge Regression
PROP-240CD3A55659,Bengaluru,Thavarekere,27000000,26649807.48,350192.52,1.3,Ridge Regression
PROP-BA61B976B4F6,Bengaluru,Hebbal Kempapura,11000000,14263553.0,3263553.0,29.67,Ridge Regression
PROP-2CE536CC8739,Bengaluru,Koti Hosahalli,7800000,7699210.8,100789.2,1.29,Ridge Regression
PROP-64BCC534DEE6,Bengaluru,Mahadevapura,20000000,18301658.02,1698341.98,8.49,Ridge Regression
PROP-5AA6F43284B1,Bengaluru,Byandahalli,1200000,1495284.88,295284.88,24.61,Ridge Regression
PROP-96F57B5AEFA0,Delhi,Sonia Vihar,1700000,2130583.8,430583.8,25.33,Ridge Regression
PROP-2D43F1D425FE,Bengaluru,Kengeri Satellite Town,60000000,48887675.26,11112324.74,18.52,Ridge Regression
PROP-4F52AFBE4481,Bengaluru,Basavanagudi,17200000,18310765.76,1110765.76,6.46,Ridge Regression
PROP-F51837D84A18,Bengaluru,Bilekahalli,6500000,6453749.73,46250.27,0.71,Ridge Regression
PROP-E9AA40D73839,Kolkata,Vip Nagar,25000000,11017470.68,13982529.32,55.93,Ridge Regression
PROP-17520DAA4844,Delhi,Dilshad Garden,6500000,3748249.08,2751750.92,42.33,Ridge Regression
PROP-5248E691D853,Bengaluru,Bagalur,13500000,21415091.46,7915091.46,58.63,Ridge Regression
PROP-2373D0335E39,Delhi,Vikaspuri,20000000,15943065.79,4056934.21,20.28,Ridge Regression
PROP-AAAE434A61C7,Kolkata,Purba Barisha,2000000,3681419.64,1681419.64,84.07,Ridge Regression
PROP-72786BFF6EAA,Pune,Pimple Gurav,1800000,2576360.23,776360.23,43.13,Ridge Regression
PROP-4E119C9A393B,Bengaluru,Horamavu,7500000,2656462.63,4843537.37,64.58,Ridge Regression
PROP-F9E5BC2B5E4D,Mumbai,Mulund East,15700000,16333797.71,633797.71,4.04,Ridge Regression
PROP-31008C689D06,Bengaluru,Konanakunte,15500000,14007277.11,1492722.89,9.63,Ridge Regression
PROP-85ED57411480,Bengaluru,Nelamangala,5000000,5070413.17,70413.17,1.41,Ridge Regression
PROP-183AE0AF5AE6,Pune,Ambegaon Budruk,1500000,1606414.48,106414.48,7.09,Ridge Regression
PROP-0A19937F8406,Kolkata,Raghunathpur,10000000,4612244.28,5387755.72,53.88,Ridge Regression
PROP-D500B4A219BE,Kolkata,North Dum Dum,1710000,3952406.75,2242406.75,131.13,Ridge Regression
PROP-E86E6EB2AD72,Bengaluru,Madanayakahalli,6000000,5320916.36,679083.64,11.32,Ridge Regression
PROP-C276C177DD60,Pune,Chakan,2800000,2879446.5,79446.5,2.84,Ridge Regression
PROP-C88DFE50F2E1,Bengaluru,Rajanukunte,3000000,4533489.01,1533489.01,51.12,Ridge Regression
PROP-148BB89A7939,Kolkata,Rajpur,5000000,6507212.79,1507212.79,30.14,Ridge Regression
PROP-30F29209C14E,Bengaluru,Belathur,6500000,7871324.89,1371324.89,21.1,Ridge Regression
PROP-29354BFCA92E,Mumbai,Mira Road East,11600000,9577111.35,2022888.65,17.44,Ridge Regression
PROP-E452AD5A4404,Mumbai,Kandivali East,18000000,19563076.32,1563076.32,8.68,Ridge Regression
PROP-C61FB9FBC1BC,Pune,Aundh,3000000,3277597.19,277597.19,9.25,Ridge Regression
PROP-BF118ED57912,Delhi,Chhattarpur,1050000,1168568.53,118568.53,11.29,Ridge Regression
PROP-1D500711B9EE,Delhi,East Of Kailash,3800000,3449886.7,350113.3,9.21,Ridge Regression
PROP-C6B3FD9F35D1,Mumbai,Kandivali East,11000000,12420405.28,1420405.28,12.91,Ridge Regression
PROP-BFE4844C22B9,Pune,Dighi,2100000,2768411.99,668411.99,31.83,Ridge Regression
PROP-FF3B1A6CD2B7,Kolkata,Malancha Mahi Nagar,4300000,4014962.0,285038.0,6.63,Ridge Regression
PROP-E9B36E61B507,Pune,Shikrapur,1050000,1068479.01,18479.01,1.76,Ridge Regression
PROP-F206E84CFE29,Bengaluru,Hennur,7000000,6535364.56,464635.44,6.64,Ridge Regression
PROP-49EDA638686D,Bengaluru,Kadubeesanahalli,7200000,8071194.17,871194.17,12.1,Ridge Regression
PROP-C1F9EB831B63,Kolkata,Kalighat,11000000,5745038.81,5254961.19,47.77,Ridge Regression
PROP-0C1FC6D41250,Bengaluru,Hemmigepura,12400000,15761338.94,3361338.94,27.11,Ridge Regression
PROP-B8888E831EFC,Bengaluru,Krishnarajapura,13500000,14156152.87,656152.87,4.86,Ridge Regression
PROP-B4DC2995CB05,Bengaluru,Bommasandra,4300000,2801247.42,1498752.58,34.85,Ridge Regression
PROP-3D1E10AFAEEE,Bengaluru,Gollarapalya,14500000,31280327.37,16780327.37,115.73,Ridge Regression
PROP-25D885A113E6,Bengaluru,Munnekollal,17200000,20746087.65,3546087.65,20.62,Ridge Regression
PROP-1BC89038386F,Chennai,Kovilambakkam,6000000,6473717.77,473717.77,7.9,Ridge Regression
PROP-5A93ECCCA934,Hyderabad,Malakpet,4000000,6806005.17,2806005.17,70.15,Ridge Regression
PROP-306ABCB5EAF2,Delhi,Shahdara,9800000,11418970.34,1618970.34,16.52,Ridge Regression
PROP-76E0F054D628,Delhi,Malka Ganj,4000000,3797659.81,202340.19,5.06,Ridge Regression
PROP-047393173888,Pune,Yashwantrao Chavan Nagar,13200000,13070067.0,129933.0,0.98,Ridge Regression
PROP-299EECD690EE,Pune,Koregaon Bhima,200000,238010.14,38010.14,19.01,Ridge Regression
PROP-50C67EA09DDF,Pune,Nigdi,2985000,3655357.3,670357.3,22.46,Ridge Regression
PROP-AE14E8110F88,Delhi,Sangam Vihar,6000000,7427496.39,1427496.39,23.79,Ridge Regression
PROP-95A0856F2CBD,Bengaluru,Attiguppe,7300000,8518295.7,1218295.7,16.69,Ridge Regression
PROP-D47A58EA54B9,Pune,Mundhwa,4500000,4408936.5,91063.5,2.02,Ridge Regression
PROP-BF35C650C25A,Delhi,Ashok Vihar,53000000,25346677.67,27653322.33,52.18,Ridge Regression
PROP-932E8C3E8828,Delhi,New Ashok Nagar,9500000,14293025.38,4793025.38,50.45,Ridge Regression
PROP-F8DB9F59EF80,Delhi,Fateh Nagar,2949000,2407684.12,541315.88,18.36,Ridge Regression
PROP-8F904426DF9B,Delhi,Preet Vihar,72500000,68329744.14,4170255.86,5.75,Ridge Regression
PROP-2FB6EB68543F,Bengaluru,Mallasandra,4700000,5090955.55,390955.55,8.32,Ridge Regression
PROP-B5C5275AB9C6,Kolkata,Bantala,4000000,5319303.66,1319303.66,32.98,Ridge Regression
PROP-24B4B4BF9927,Mumbai,Vile Parle West,16000000,9137231.63,6862768.37,42.89,Ridge Regression
PROP-C9DEEF9F6FD0,Mumbai,Girgaon,8300000,11569521.5,3269521.5,39.39,Ridge Regression
PROP-A8782B94B1FB,Bengaluru,Electronic City,6900000,6927829.56,27829.56,0.4,Ridge Regression
PROP-0D0D2526274C,Bengaluru,Basaveshwara Nagar,50000000,38893566.94,11106433.06,22.21,Ridge Regression
PROP-ED0F0C749FE5,Pune,Vadgaon Budruk,6500000,5933851.21,566148.79,8.71,Ridge Regression
PROP-906C4D9BF500,Pune,Akurdi,10500000,10770547.46,270547.46,2.58,Ridge Regression
PROP-DE93B035A606,Pune,Tathawade,10500000,12832714.57,2332714.57,22.22,Ridge Regression
PROP-D31A53E98564,Mumbai,Borivali West,11000000,12647448.2,1647448.2,14.98,Ridge Regression
PROP-C74862BA88D2,Pune,Shukrawar Peth,6500000,5562343.37,937656.63,14.43,Ridge Regression
PROP-798DF8D0BD87,Bengaluru,Byalahalli,13000000,14656134.77,1656134.77,12.74,Ridge Regression
PROP-2116C7174CE2,Delhi,Sector 38 Rohini,4000000,4987806.1,987806.1,24.7,Ridge Regression
PROP-FCE181DB5E88,Bengaluru,Anchepalya,8750000,8247694.8,502305.2,5.74,Ridge Regression
PROP-79C5F46E0121,Pune,Moshi,3300000,3727218.72,427218.72,12.95,Ridge Regression
PROP-1FC054B5A2B9,Bengaluru,Akshayanagar,6000000,7068793.26,1068793.26,17.81,Ridge Regression
PROP-254341295E71,Delhi,Krishna Nagar,13000000,9373978.24,3626021.76,27.89,Ridge Regression
PROP-50D58314C956,Bengaluru,Seegehalli,2790000,2758475.39,31524.61,1.13,Ridge Regression
PROP-CDBFC212F53F,Mumbai,Worli,18000000,24009965.44,6009965.44,33.39,Ridge Regression
PROP-8D44D58FF6C4,Bengaluru,Magadi,6200000,8414386.0,2214386.0,35.72,Ridge Regression
PROP-7EE9CAF04D31,Bengaluru,Kodalagurki,120000000,69894754.34,50105245.66,41.75,Ridge Regression
PROP-98A8DEC685FD,Bengaluru,Billapura,2700000,3146687.11,446687.11,16.54,Ridge Regression
PROP-A36A2656F40A,Bengaluru,Electronic City Phase Ii,11000000,11829685.97,829685.97,7.54,Ridge Regression
PROP-0F1ADDA1EACE,Bengaluru,Krishnarajapura,15500000,13729837.89,1770162.11,11.42,Random Forest
PROP-6F83A6D3852B,Bengaluru,Jayanagar,26000000,21275450.43,4724549.57,18.17,Random Forest
PROP-4008DD617BF1,Bengaluru,Yelahanka New Town,18600000,18618238.43,18238.43,0.1,Random Forest
PROP-B9B2AAC7A639,Bengaluru,Whitefield,6500000,6454980.39,45019.61,0.69,Random Forest
PROP-D1C9AD6C2BCA,Delhi,Jhilmil Colony,3200000,4521819.29,1321819.29,41.31,Random Forest
PROP-ECCDFA70D232,Bengaluru,Gulimangala,2700000,4082901.6,1382901.6,51.22,Random Forest
PROP-FF857BF81E6E,Delhi,Khajoori Khas,3200000,4702815.96,1502815.96,46.96,Random Forest
PROP-40C08E07FCFB,Bengaluru,Muneshwara Nagar,13800000,12867054.7,932945.3,6.76,Random Forest
PROP-F7124BC5510D,Chennai,Triplicane,12000000,6026603.22,5973396.78,49.78,Random Forest
PROP-CE6A3427554C,Bengaluru,Varadharaja Nagar,15300000,7776757.13,7523242.87,49.17,Random Forest
PROP-3CED2FDE8A58,Delhi,Janakpuri,14500000,14563935.48,63935.48,0.44,Random Forest
PROP-6A7EA85260A1,Delhi,Hari Nagar Ashram,9500000,9607374.34,107374.34,1.13,Random Forest
PROP-FD46C175A248,Delhi,Dakshinpuri,6000000,5770615.42,229384.58,3.82,Random Forest
PROP-1EF26093DE56,Bengaluru,Jalahalli West,14000000,14507288.05,507288.05,3.62,Random Forest
PROP-7177F8BF160A,Bengaluru,Anchepalya,10200000,9111271.02,1088728.98,10.67,Random Forest
PROP-3C992F2F9AA5,Bengaluru,Mahadevapura,15500000,14624866.19,875133.81,5.65,Random Forest
PROP-A5914486DAF1,Bengaluru,Kengeri,4100000,3855495.18,244504.82,5.96,Random Forest
PROP-E905984C6E7F,Bengaluru,Thirumalashettyhally,6800000,8105707.41,1305707.41,19.2,Random Forest
PROP-DE2AEB41BFD8,Bengaluru,Bommanahalli,20000000,19248814.72,751185.28,3.76,Random Forest
PROP-133371EBED09,Bengaluru,Whitefield,6800000,6949617.86,149617.86,2.2,Random Forest
PROP-E5F16BB0D4F8,Bengaluru,Jayanagar South,1920000,1809158.27,110841.73,5.77,Random Forest
PROP-05B0CBFEF2FC,Bengaluru,Doddakammanahalli,8200000,7533013.32,666986.68,8.13,Random Forest
PROP-EDF63CB83482,Bengaluru,Gopasandra,27100000,26584236.39,515763.61,1.9,Random Forest
PROP-6F36F3D95790,Bengaluru,Parappana Agrahara,3800000,4032973.15,232973.15,6.13,Random Forest
PROP-323BB34E2E3D,Bengaluru,Whitefield,4000000,3883916.48,116083.52,2.9,Random Forest
PROP-8FBB34A4498F,Bengaluru,Chickpete,13000000,10703421.21,2296578.79,17.67,Random Forest
PROP-4A46646C1E3C,Bengaluru,Udayagiri,12000000,11904026.04,95973.96,0.8,Random Forest
PROP-EBF1AEE03EE8,Chennai,Thoraipakkam,17500000,33301873.87,15801873.87,90.3,Random Forest
PROP-F24437E24820,Delhi,Jhilmil Colony,10000000,9671237.08,328762.92,3.29,Random Forest
PROP-AF537D1D7432,Bengaluru,Basavanagudi,55000000,58031087.17,3031087.17,5.51,Random Forest
PROP-ABC5A3DB50CB,Delhi,Neb Sarai,1600000,1659479.67,59479.67,3.72,Random Forest
PROP-B612F1E63F8F,Chennai,Ambattur Industrial Estate,5000000,4393135.74,606864.26,12.14,Random Forest
PROP-60AFF85F593F,Bengaluru,Byagadadhenahalli,2400000,2310937.76,89062.24,3.71,Random Forest
PROP-499BFC8A2429,Bengaluru,Hemmigepura,19500000,17395071.42,2104928.58,10.79,Random Forest
PROP-9480C0CD57DC,Delhi,Pandav Nagar,4500000,5030116.98,530116.98,11.78,Random Forest
PROP-AAA6D8989B61,Delhi,Aya Nagar,4200000,5327010.14,1127010.14,26.83,Random Forest
PROP-5BEAA167BC26,Delhi,Manglapuri,14000000,13954220.9,45779.1,0.33,Random Forest
PROP-A44AB0F92F57,Delhi,New Mustafabad,13000000,12861378.36,138621.64,1.07,Random Forest
PROP-A1FA0032D0F3,Bengaluru,Sarjapur,9200000,8599201.95,600798.05,6.53,Random Forest
PROP-047C3170CAC9,Chennai,Arumbakkam,8000000,7196637.97,803362.03,10.04,Random Forest
PROP-E18AE8DBF20E,Bengaluru,Banashankari,24500000,21016047.61,3483952.39,14.22,Random Forest
PROP-04AD50F89D92,Bengaluru,Rayasandra,35000000,35299193.07,299193.07,0.85,Random Forest
PROP-34997F2EDB2E,Bengaluru,Varadharaja Nagar,8000000,6814476.08,1185523.92,14.82,Random Forest
PROP-F6AF4019EE97,Delhi,Burari,3000000,3934381.25,934381.25,31.15,Random Forest
PROP-26F4E8087C87,Bengaluru,Kasavanahalli,9300000,8867688.19,432311.81,4.65,Random Forest
PROP-3C130E55B63F,Bengaluru,Sarjapur,5520000,4744557.86,775442.14,14.05,Random Forest
PROP-D49E710447AD,Chennai,Korattur,6300000,7285285.77,985285.77,15.64,Random Forest
PROP-F6EF4CBFA712,Bengaluru,Attibele,6500000,7926141.99,1426141.99,21.94,Random Forest
PROP-CEE7DE526021,Bengaluru,Cooke Town,23000000,22353797.44,646202.56,2.81,Random Forest
PROP-24CBB7EFBCEF,Chennai,Puzhal,12200000,11338227.16,861772.84,7.06,Random Forest
PROP-577DB5BC6FF7,Bengaluru,Anjanapura Township,15000000,11922426.96,3077573.04,20.52,Random Forest
PROP-1B75C9C2E829,Bengaluru,Chansandra,5800000,6071021.0,271021.0,4.67,Random Forest
PROP-C288E69E424D,Bengaluru,Jp Nagar,5600000,5525177.73,74822.27,1.34,Random Forest
PROP-27CBC63C9A14,Delhi,Patparganj,17500000,15413407.97,2086592.03,11.92,Random Forest
PROP-FC87BD6423DF,Delhi,Chhattarpur,4500000,6175435.0,1675435.0,37.23,Random Forest
PROP-C8E208F6009A,Bengaluru,Kothanur,9000000,8066323.76,933676.24,10.37,Random Forest
PROP-3A4347158642,Chennai,Tharapakkam,4500000,4178504.37,321495.63,7.14,Random Forest
PROP-EDE086559E7D,Bengaluru,Kengeri Satellite Town,4700000,5378544.23,678544.23,14.44,Random Forest
PROP-7D8D065FA8EF,Bengaluru,Tharabanahalli,17500000,28863386.97,11363386.97,64.93,Random Forest
PROP-C8F23A889638,Delhi,Sant Nagar,1700000,1760518.89,60518.89,3.56,Random Forest
PROP-DF60A9405CA5,Bengaluru,Kadugondanahalli,8800000,8639416.74,160583.26,1.82,Random Forest
PROP-EB165B2603B3,Bengaluru,Chikbanavara,4700000,4608291.16,91708.84,1.95,Random Forest
PROP-DCECF4C06F43,Delhi,Jasola,1000000,857022.88,142977.12,14.3,Random Forest
PROP-572CC45E00A7,Delhi,Mahipalpur,3000000,4338345.41,1338345.41,44.61,Random Forest
PROP-B089FFF823FC,Bengaluru,Hongasandra,22000000,16158894.48,5841105.52,26.55,Random Forest
PROP-9482FE5103CD,Chennai,Avadi,2650000,3722067.46,1072067.46,40.46,Random Forest
PROP-A89D3693457E,Chennai,West Tambaram,2686000,3339161.95,653161.95,24.32,Random Forest
PROP-3C3E3A1482E3,Bengaluru,Rajajinagar,5500000,7023884.15,1523884.15,27.71,Random Forest
PROP-0FD4DF4E3852,Bengaluru,Varanasi,9000000,10614014.58,1614014.58,17.93,Random Forest
PROP-2D7AE14D42D3,Chennai,Kayarambedu,2000000,3971202.57,1971202.57,98.56,Random Forest
PROP-CF7D6A4DF2E0,Bengaluru,Anantapura,9000000,8057177.1,942822.9,10.48,Random Forest
PROP-AC4FE8CFA13F,Delhi,Pandav Nagar,4500000,4032376.3,467623.7,10.39,Random Forest
PROP-B1D5055D16F0,Delhi,Samay Pur,5800000,4592479.12,1207520.88,20.82,Random Forest
PROP-EA4E6AE54F50,Chennai,Chettipunyam,3000000,3145513.09,145513.09,4.85,Random Forest
PROP-E19F9BAD3AE8,Delhi,Sector 27 Dwarka,6200000,8880470.2,2680470.2,43.23,Random Forest
PROP-641E643FE294,Bengaluru,Kaval Bairasandra,7000000,7308503.88,308503.88,4.41,Random Forest
PROP-2A8DEF7A3A35,Bengaluru,Mattanahalli,8000000,7401958.41,598041.59,7.48,Random Forest
PROP-D03284431B92,Bengaluru,Sg Palya,15000000,14737967.6,262032.4,1.75,Random Forest
PROP-E30D985EB363,Bengaluru,Vidyaranyapura,12000000,11687558.82,312441.18,2.6,Random Forest
PROP-E38BEB8EC5C0,Bengaluru,Sg Palya,60000000,60363833.38,363833.38,0.61,Random Forest
PROP-8AD7E6E843B7,Chennai,Varadharajapuram,4000000,3148912.0,851088.0,21.28,Random Forest
PROP-AA441C9659B2,Delhi,Subzi Mandi,6500000,7778381.01,1278381.01,19.67,Random Forest
PROP-B5A1E1497BDC,Bengaluru,Neelasandra,1600000,2463307.8,863307.8,53.96,Random Forest
PROP-46DD05416648,Bengaluru,Kartik Nagar,25000000,25157011.01,157011.01,0.63,Random Forest
PROP-E7641CA5BDDE,Delhi,Madhu Vihar,3700000,3796463.68,96463.68,2.61,Random Forest
PROP-B18F0A366BEC,Bengaluru,Rt Nager,20000000,17246023.18,2753976.82,13.77,Random Forest
PROP-AAB30FD073E0,Delhi,Model Town,30000000,28785930.56,1214069.44,4.05,Random Forest
PROP-E7368E0625D6,Bengaluru,Parappana Agrahara,19000000,18309534.37,690465.63,3.63,Random Forest
PROP-D8C96099397F,Bengaluru,Makali,1200000,1516151.33,316151.33,26.35,Random Forest
PROP-D2BEFF90081A,Bengaluru,Gunjur Village,14000000,14008426.69,8426.69,0.06,Random Forest
PROP-F494730E28A9,Bengaluru,Jeevanbheemanagar,6500000,5308899.15,1191100.85,18.32,Random Forest
PROP-66DA886E4554,Bengaluru,Gunjur,2200000,1963408.73,236591.27,10.75,Random Forest
PROP-2588D57E3F08,Bengaluru,Shivaji Nagar,137500000,115906490.13,21593509.87,15.7,Random Forest
PROP-46EEF5F879C0,Delhi,Mayur Vihar Phase 1,14500000,15044195.01,544195.01,3.75,Random Forest
PROP-0CF405B80BB2,Bengaluru,Parappana Agrahara,15000000,14888443.56,111556.44,0.74,Random Forest
PROP-A86B36358206,Bengaluru,Bidadi,5500000,5758651.61,258651.61,4.7,Random Forest
PROP-5D96A57E2A7C,Bengaluru,Kumaraswamy Layout,12500000,11895011.39,604988.61,4.84,Random Forest
PROP-9640F6004261,Chennai,Valasaravakkam,7500000,7300197.76,199802.24,2.66,Random Forest
PROP-45A7D957EEEA,Bengaluru,Chandapura,13900000,13624823.93,275176.07,1.98,Random Forest
PROP-941B220C35BC,Bengaluru,Seegehalli,4500000,5259718.59,759718.59,16.88,Random Forest
PROP-E88076D970F7,Bengaluru,Laxmipura,24900000,22515619.1,2384380.9,9.58,Random Forest
PROP-5E1A8D49AF54,Delhi,Dallupura,8500000,8737515.57,237515.57,2.79,Random Forest
PROP-17308953B31E,Bengaluru,Chichuraganapalli,3500000,4068230.83,568230.83,16.24,Random Forest
PROP-B3A302861C58,Bengaluru,Chikkalasandra,4500000,4601631.3,101631.3,2.26,Random Forest
PROP-B2361C1ABE9B,Chennai,Madambakkam,7500000,7422901.35,77098.65,1.03,Random Forest
PROP-3C95DF87A297,Bengaluru,Jakkur,7000000,8716865.89,1716865.89,24.53,Random Forest
PROP-320E741DFF6C,Delhi,Mahavir Enclave,9000000,10447992.64,1447992.64,16.09,Random Forest
PROP-C7604EBC7C71,Bengaluru,Nimbekaipura,8499000,8659713.12,160713.12,1.89,Random Forest
PROP-E51D406F01ED,Bengaluru,Jigani,15000000,14230322.31,769677.69,5.13,Random Forest
PROP-CFFB76DF842B,Delhi,Shahdara,14500000,14456743.34,43256.66,0.3,Random Forest
PROP-38E38E927DA9,Bengaluru,Shanti Nagar,60000000,46278555.26,13721444.74,22.87,Random Forest
PROP-D24EA453C26F,Bengaluru,Marathahalli,8460000,7888397.72,571602.28,6.76,Random Forest
PROP-25935D655E1C,Delhi,Najafgarh,3000000,2727617.9,272382.1,9.08,Random Forest
PROP-F261181B1A0D,Bengaluru,K Channasandra,6500000,6475663.4,24336.6,0.37,Random Forest
PROP-57C4B72A2360,Bengaluru,Chikkalasandra,4300000,4248294.25,51705.75,1.2,Random Forest
PROP-B39E7CE75F60,Bengaluru,Gandhi Nagar,8800000,6728547.3,2071452.7,23.54,Random Forest
PROP-ECBDF559A09C,Bengaluru,Bande Kodigehalli,12000000,12991241.08,991241.08,8.26,Random Forest
PROP-59CBC1D6774B,Delhi,Mayur Vihar Phase 1,22000000,22510440.34,510440.34,2.32,Random Forest
PROP-72794BDD040A,Delhi,Gujranwala Town,45000000,46123216.55,1123216.55,2.5,Random Forest
PROP-D2C0908B935D,Delhi,Sector 9 Rohini,28000000,29228598.71,1228598.71,4.39,Random Forest
PROP-F91BA169CE69,Delhi,Karala,1800000,2148489.35,348489.35,19.36,Random Forest
PROP-FD83AC90621A,Bengaluru,Kaggalipura,3700000,4174544.29,474544.29,12.83,Random Forest
PROP-32DF66064FA0,Bengaluru,Hebbal Kempapura,9000000,7744656.43,1255343.57,13.95,Random Forest
PROP-09A2FC1C658C,Bengaluru,Electronic City,3600000,3872470.67,272470.67,7.57,Random Forest
PROP-73D74490A550,Delhi,Palam,19000000,19883269.29,883269.29,4.65,Random Forest
PROP-093767D893F3,Bengaluru,Byagadadhenahalli,2400000,2769139.93,369139.93,15.38,Random Forest
PROP-0EB0EEEBA031,Bengaluru,Doddakannelli,5200000,5331915.16,131915.16,2.54,Random Forest
PROP-FE13381AD603,Delhi,Jangpura,6300000,6805293.87,505293.87,8.02,Random Forest
PROP-55AF5D58549F,Bengaluru,Sunkalpalya,2500000,2434286.19,65713.81,2.63,Random Forest
PROP-6B359A4000AA,Delhi,Sector 18 Rohini,7000000,6509944.44,490055.56,7.0,Random Forest
PROP-DE375B3B7AB8,Chennai,Adhanur,5500000,7189767.78,1689767.78,30.72,Random Forest
PROP-0E9D0052547F,Bengaluru,Electronic City,3800000,3818305.65,18305.65,0.48,Random Forest
PROP-D2D1C1A3962B,Bengaluru,Gb Palya,8500000,6696792.07,1803207.93,21.21,Random Forest
PROP-381795E8E25A,Bengaluru,Electronic City Phase Ii,9950000,8243697.3,1706302.7,17.15,Random Forest
PROP-68CE38E84140,Bengaluru,Kudlu Gate,19000000,16453374.28,2546625.72,13.4,Random Forest
PROP-ECBEB890E686,Delhi,Nilothi,2000000,2096156.32,96156.32,4.81,Random Forest
PROP-048409EBAB0F,Chennai,Korattur,15000000,30921965.76,15921965.76,106.15,Random Forest
PROP-C0582A2C5621,Bengaluru,Brookefield,9500000,7390118.26,2109881.74,22.21,Random Forest
PROP-59377D614B67,Delhi,Mayur Vihar Ii,5000000,4691519.52,308480.48,6.17,Random Forest
PROP-FACEF0CDBC40,Bengaluru,Volagerekallahalli,6000000,6180670.01,180670.01,3.01,Random Forest
PROP-9BD8D7FC0338,Bengaluru,Sorahunase,6200000,7052675.26,852675.26,13.75,Random Forest
PROP-8A786F10EA58,Bengaluru,Jalahalli West,1500000,1633634.31,133634.31,8.91,Random Forest
PROP-92F43CDD0D1D,Bengaluru,Kadugondanahalli,5700000,4565625.3,1134374.7,19.9,Random Forest
PROP-96358EF80DE7,Bengaluru,Mathikere,10000000,9563545.82,436454.18,4.36,Random Forest
PROP-30109E081BB1,Delhi,Laxmi Nagar,50000000,54606036.44,4606036.44,9.21,Random Forest
PROP-5905BF0E5C9C,Bengaluru,Vakil Garden City,8000000,8083974.43,83974.43,1.05,Random Forest
PROP-BC8330249A03,Bengaluru,Hennur,11500000,8431507.47,3068492.53,26.68,Random Forest
PROP-F74E2E3DDDF5,Bengaluru,Kaggadasapura,5700000,4815429.99,884570.01,15.52,Random Forest
PROP-A3B108569EF6,Bengaluru,Chikkalasandra,12500000,8603794.71,3896205.29,31.17,Random Forest
PROP-26AB82C2003D,Chennai,Oragadam Ambattur,2600000,3717844.2,1117844.2,42.99,Random Forest
PROP-D121AA0C3AAA,Delhi,Sagar Pur,5500000,5443958.29,56041.71,1.02,Random Forest
PROP-109383D097A9,Chennai,Ambattur Industrial Estate,8400000,7358957.8,1041042.2,12.39,Random Forest
PROP-F72BAAA45BAD,Delhi,Badarpur,10000000,10950976.86,950976.86,9.51,Random Forest
PROP-97A38F091DC9,Delhi,Vishnu Garden,48000000,53437328.87,5437328.87,11.33,Random Forest
PROP-B04B4B568E69,Bengaluru,Anekal,15000000,9280752.15,5719247.85,38.13,Random Forest
PROP-BDA369CBAE67,Bengaluru,Varthur,5399000,5516452.15,117452.15,2.18,Random Forest
PROP-921692A28E8B,Chennai,Rajakilpakkam,3000000,2761456.42,238543.58,7.95,Random Forest
PROP-17AD810F2E44,Bengaluru,Byagadadhenahalli,2200000,2095456.11,104543.89,4.75,Random Forest
PROP-AF893FFA4C06,Chennai,Veppampattu,3850000,3904374.03,54374.03,1.41,Random Forest
PROP-B78CB6FA8318,Delhi,Mundka,2300000,2869832.19,569832.19,24.78,Random Forest
PROP-EDC70323BFBE,Bengaluru,Doddaballapura,30000000,30313860.07,313860.07,1.05,Random Forest
PROP-B1219DDD10D6,Chennai,Vallakkottai,9900000,8249964.55,1650035.45,16.67,Random Forest
PROP-879269C215CD,Delhi,Sant Nagar,13000000,8419314.88,4580685.12,35.24,Random Forest
PROP-8C3CEA495C26,Bengaluru,Nelamangala,30000000,33088259.72,3088259.72,10.29,Random Forest
PROP-8646D64D4C66,Bengaluru,Vittasandra,13000000,12431941.59,568058.41,4.37,Random Forest
PROP-C957CB3318D7,Chennai,Oragadam Sriperambattur,4500000,3097736.36,1402263.64,31.16,Random Forest
PROP-06A353B7CC75,Chennai,Oragadam Sriperambattur,11500000,10631874.47,868125.53,7.55,Random Forest
PROP-034D7A0B20C3,Bengaluru,Hoskote,17000000,9726538.09,7273461.91,42.79,Random Forest
PROP-53540A0F8A78,Chennai,Kadambathur,1950000,2143416.71,193416.71,9.92,Random Forest
PROP-FFFE87A3E212,Delhi,Shahdara,32000000,30317788.61,1682211.39,5.26,Random Forest
PROP-BCA51229B6B8,Delhi,Madangir,2000000,2463198.84,463198.84,23.16,Random Forest
PROP-BA7E08E6CC86,Bengaluru,Sarjapur,8000000,8116606.19,116606.19,1.46,Random Forest
PROP-DD9F4263FFD2,Delhi,Sector 13 Rohini,27500000,25745785.03,1754214.97,6.38,Random Forest
PROP-5FD4DDB5BEC6,Chennai,Thandalam,5111000,3772193.13,1338806.87,26.19,Random Forest
PROP-6327C73AD39E,Bengaluru,Thyvakanahally,29000000,29049486.92,49486.92,0.17,Random Forest
PROP-6F9315E57409,Bengaluru,Kumaraswamy Layout,5500000,6117728.74,617728.74,11.23,Random Forest
PROP-90FB2529C61D,Bengaluru,Anjanapura Township,15000000,13127741.18,1872258.82,12.48,Random Forest
PROP-FF3363401EE2,Bengaluru,Thirumagondanahalli,2800000,3072185.88,272185.88,9.72,Random Forest
PROP-6C45267C9C3F,Chennai,Avadi,6500000,7763213.94,1263213.94,19.43,Random Forest
PROP-3D5DAACB3A3B,Delhi,Sector 18 Rohini,11000000,10633203.12,366796.88,3.33,Random Forest
PROP-D62E1A033A1D,Bengaluru,Chickpete,25000000,23619379.37,1380620.63,5.52,Random Forest
PROP-CDA0D9C57C23,Bengaluru,Varadharaja Nagar,6000000,5186255.33,813744.67,13.56,Random Forest
PROP-9B0452D3DE3D,Bengaluru,Jalahalli,5500000,5750770.72,250770.72,4.56,Random Forest
PROP-1882F56DC76C,Bengaluru,Hampapura,57500000,61319840.07,3819840.07,6.64,Random Forest
PROP-C337EF56DCBC,Bengaluru,Jayamahal,62500000,66165800.89,3665800.89,5.87,Random Forest
PROP-A6E8C948EB02,Delhi,Suraj Vihar,4500000,6327222.69,1827222.69,40.6,Random Forest
PROP-45AC659C4EE0,Bengaluru,Jakkur,40000000,41349133.33,1349133.33,3.37,Random Forest
PROP-47AC877D03EE,Bengaluru,Hulimavu,5600000,6258851.25,658851.25,11.77,Random Forest
PROP-EF3C4A4D064C,Chennai,Pozhichalur,22500000,14836485.01,7663514.99,34.06,Random Forest
PROP-6BD71451B2F3,Chennai,Perumanttunallur,2100000,2221937.41,121937.41,5.81,Random Forest
PROP-0D1D8D68BC20,Bengaluru,Hoodi,14000000,10199551.1,3800448.9,27.15,Random Forest
PROP-4291897BA1A2,Bengaluru,Bellahalli,18500000,7748855.86,10751144.14,58.11,Random Forest
PROP-F57D7E251EC9,Bengaluru,Bommasandra,3500000,3538830.85,38830.85,1.11,Random Forest
PROP-E05D72378253,Bengaluru,Rainbow Garden Layout,9500000,14809209.78,5309209.78,55.89,Random Forest
PROP-A19C8B44B592,Delhi,Burari,1875000,1800402.83,74597.17,3.98,Random Forest
PROP-6898C5489F27,Delhi,Tilak Nagar,4500000,4555311.68,55311.68,1.23,Random Forest
PROP-9168BEDEC251,Bengaluru,Bommasandra,3600000,3532381.18,67618.82,1.88,Random Forest
PROP-F431A8E911DA,Chennai,Choolaimedu,19000000,18162905.72,837094.28,4.41,Random Forest
PROP-E15816D91021,Chennai,Kilpauk,25000000,27008237.95,2008237.95,8.03,Random Forest
PROP-FC2008100E33,Bengaluru,Mallathahalli,3200000,3850048.21,650048.21,20.31,Random Forest
PROP-044AB85B66BD,Delhi,Sector 18 Rohini,9200000,8633064.93,566935.07,6.16,Random Forest
PROP-CF35A6139A44,Delhi,Geeta Colony,22500000,20541048.97,1958951.03,8.71,Random Forest
PROP-4F0E96BC6A10,Bengaluru,Maruthi Nagar,11000000,10286848.17,713151.83,6.48,Random Forest
PROP-DEC084B63D73,Bengaluru,Mailasandra,5100000,5663212.86,563212.86,11.04,Random Forest
PROP-7B922B4822CC,Delhi,Adarsh Nagar,4000000,8183275.85,4183275.85,104.58,Random Forest
PROP-9AB364256979,Bengaluru,Srinivasa Nagar,7200000,10012509.37,2812509.37,39.06,Random Forest
PROP-389B102B35F5,Delhi,Chirag Dilli,15000000,12878401.38,2121598.62,14.14,Random Forest
PROP-5D861391E50B,Bengaluru,Bisuvanahalli,9000000,4605811.08,4394188.92,48.82,Random Forest
PROP-97FF862E203A,Bengaluru,Gb Palya,18000000,14400828.18,3599171.82,20.0,Random Forest
PROP-B8308072DC3F,Bengaluru,Bilekahalli,10500000,8441124.21,2058875.79,19.61,Random Forest
PROP-86376275ABDA,Bengaluru,Bikasipura,6000000,5253102.65,746897.35,12.45,Random Forest
PROP-AC4A9B5668B4,Delhi,Nangloi,63000000,39139231.99,23860768.01,37.87,Random Forest
PROP-57EC3C0CAB0B,Delhi,Okhla,26000000,26077052.37,77052.37,0.3,Random Forest
PROP-B0FE0DD0CB3C,Delhi,Mansarover Garden,20000000,19812621.88,187378.12,0.94,Random Forest
PROP-ADA6EA3E0B0E,Bengaluru,Koramangala,32000000,30349891.8,1650108.2,5.16,Random Forest
PROP-731A2F56E657,Delhi,Sultanpur,3500000,2223805.9,1276194.1,36.46,Random Forest
PROP-33CA6709529B,Delhi,Sector 25 Rohini,24000000,32810920.99,8810920.99,36.71,Random Forest
PROP-EC1D51D84FCC,Chennai,Pallavaram,15000000,4392834.28,10607165.72,70.71,Random Forest
PROP-5EAA49581593,Delhi,Mayur Vihar Phase 1,2700000,2865127.75,165127.75,6.12,Random Forest
PROP-6F2660E1E5ED,Bengaluru,Begur,8200000,6855808.0,1344192.0,16.39,Random Forest
PROP-3B42B34247C3,Delhi,Dilshad Garden,3400000,3316876.76,83123.24,2.44,Random Forest
PROP-11EB377AB0C7,Bengaluru,Harohalli,3819000,4215686.34,396686.34,10.39,Random Forest
PROP-EC1C69A67D20,Bengaluru,Mylasandra,20000000,19284056.38,715943.62,3.58,Random Forest
PROP-F5B2923FF5D2,Delhi,Burari,4000000,4790991.04,790991.04,19.77,Random Forest
PROP-A1BA15A56A8B,Bengaluru,Abbigere,7000000,7212880.12,212880.12,3.04,Random Forest
PROP-58E6F72FD497,Delhi,Dwarka Mor,6000000,3578717.16,2421282.84,40.35,Random Forest
PROP-5293DC90EAF3,Bengaluru,Rmv Extension Stage 2,5500000,6568502.46,1068502.46,19.43,Random Forest
PROP-EF8691C619D5,Chennai,Mogappair,8000000,18428449.11,10428449.11,130.36,Random Forest
PROP-43FB870147E7,Bengaluru,Chandra Layout Extension,49500000,48560137.12,939862.88,1.9,Random Forest
PROP-DF7C726B28A7,Bengaluru,Hennur,95000000,79734095.95,15265904.05,16.07,Random Forest
PROP-88F1E25B4D19,Delhi,Krishna Nagar,5500000,5568474.37,68474.37,1.24,Random Forest
PROP-C32AF10052CD,Chennai,Thiruvanmiyur,69000000,68157005.55,842994.45,1.22,Random Forest
PROP-244A8ACB4D16,Chennai,Iyyapa Nagar,5400000,6145184.59,745184.59,13.8,Random Forest
PROP-EDC3642869B7,Delhi,Bharthal,2100000,2038590.05,61409.95,2.92,Random Forest
PROP-2B2D243FDB15,Bengaluru,Kudlu,6600000,4820182.76,1779817.24,26.97,Random Forest
PROP-BE244155119D,Delhi,Shastri Nagar,21000000,31020961.76,10020961.76,47.72,Random Forest
PROP-537F15EF00EF,Bengaluru,Thanisandra,14000000,13513361.54,486638.46,3.48,Random Forest
PROP-426304652951,Bengaluru,Sivanchetti Gardens,10000000,10512679.36,512679.36,5.13,Random Forest
PROP-4CE62A4B211E,Delhi,Jahangirpuri,19900000,34619616.32,14719616.32,73.97,Random Forest
PROP-A136638701BD,Chennai,Urapakkam,3800000,4000111.12,200111.12,5.27,Random Forest
PROP-389AD560221A,Bengaluru,Shivaji Nagar,11000000,9569023.02,1430976.98,13.01,Random Forest
PROP-0A5F5FFB79DE,Bengaluru,Hampapura,3800000,4151414.24,351414.24,9.25,Random Forest
PROP-1BE958EEC39E,Chennai,Pammal,2500000,2342665.07,157334.93,6.29,Random Forest
PROP-8BAF2BEE0263,Bengaluru,Mallapur,16000000,16862530.39,862530.39,5.39,Random Forest
PROP-3A511FF02179,Bengaluru,Bangalore City Municipal Corporation Layout,10500000,9895986.1,604013.9,5.75,Random Forest
PROP-B68DD5AC1AF2,Delhi,Bharthal,2700000,2677121.08,22878.92,0.85,Random Forest
PROP-6F2ECE75D556,Bengaluru,Magadi,5500000,7320924.9,1820924.9,33.11,Random Forest
PROP-89D93F1C6E33,Bengaluru,Hampapura,12000000,14512187.25,2512187.25,20.93,Random Forest
PROP-BCBAF295B00C,Bengaluru,Malleswaram,12000000,14152902.05,2152902.05,17.94,Random Forest
PROP-5F21B89EA323,Bengaluru,Vidyaranyapura,5000000,5390589.9,390589.9,7.81,Random Forest
PROP-9FB42CBFFC3B,Bengaluru,Nelamangala,6000000,6042568.76,42568.76,0.71,Random Forest
PROP-1764097CDB64,Chennai,Adyar,17000000,13216003.55,3783996.45,22.26,Random Forest
PROP-2ED9A34FA044,Bengaluru,Vijayanagar,60000000,59640516.61,359483.39,0.6,Random Forest
PROP-244D75650DD6,Bengaluru,Kithaganur Colony,6800000,8724310.1,1924310.1,28.3,Random Forest
PROP-8DDF00FE969C,Chennai,Thiruvallur,5000000,5792446.88,792446.88,15.85,Random Forest
PROP-A5928B78B707,Delhi,Kondli,2400000,3879047.53,1479047.53,61.63,Random Forest
PROP-64FBDF730C8D,Bengaluru,Andrahalli,7500000,8120983.28,620983.28,8.28,Random Forest
PROP-7EF2F97973D1,Delhi,Paharganj,12500000,11684153.47,815846.53,6.53,Random Forest
PROP-43ADBF72FC14,Bengaluru,T Dasarahalli,7500000,6187703.0,1312297.0,17.5,Random Forest
PROP-F13002390B25,Bengaluru,Yelahanka,5500000,4929928.73,570071.27,10.36,Random Forest
PROP-7E4E30F5CDFA,Delhi,Baprola,4000000,3719009.82,280990.18,7.02,Random Forest
PROP-403FF4F48EDA,Chennai,Maraimalai Nagar,3465000,4061869.47,596869.47,17.23,Random Forest
PROP-886B605EFC26,Bengaluru,Rajajinagar,16000000,14528657.4,1471342.6,9.2,Random Forest
PROP-E891C85EBEF3,Bengaluru,Jp Nagar,12500000,9768115.11,2731884.89,21.86,Random Forest
PROP-241ABE4D826E,Delhi,Sector 34 Rohini,1500000,2759002.87,1259002.87,83.93,Random Forest
PROP-9A5597E90FB8,Chennai,Saligramam,9850000,9291685.7,558314.3,5.67,Random Forest
PROP-13CD24308F03,Chennai,Maduravoyal,2000000,3296009.24,1296009.24,64.8,Random Forest
PROP-C2722A1C7AD6,Delhi,Chhattarpur,200000000,181510653.4,18489346.6,9.24,Random Forest
PROP-544B31D49874,Pune,Pimpri,3500000,4329218.91,829218.91,23.69,Random Forest
PROP-9FD3F637B94E,Mumbai,Thane West,5200000,4551819.14,648180.86,12.47,Random Forest
PROP-917395C01FC1,Pune,Ganesh Peth,14000000,12871290.21,1128709.79,8.06,Random Forest
PROP-BEBB7848373A,Pune,New Sangvi,2200000,2875151.34,675151.34,30.69,Random Forest
PROP-A1A5BE7EE8C8,Pune,Bhawani Peth,3200000,3164808.53,35191.47,1.1,Random Forest
PROP-66846DF385D2,Kolkata,Harinavi,6900000,4663006.72,2236993.28,32.42,Random Forest
PROP-E42451C52F6E,Mumbai,Virar West,3300000,2965096.98,334903.02,10.15,Random Forest
PROP-4955AE8E77E1,Kolkata,Sonarpur,6000000,6009856.78,9856.78,0.16,Random Forest
PROP-80E42E6F1ED4,Pune,Warje,4500000,4119011.04,380988.96,8.47,Random Forest
PROP-76C893345A7E,Pune,Kesnand,4200000,4392287.53,192287.53,4.58,Random Forest
PROP-EA1738BE4410,Mumbai,Dahisar West,7200000,6981239.84,218760.16,3.04,Random Forest
PROP-8D3F3E26EFF7,Pune,Jambhulwadi,2500000,2511526.77,11526.77,0.46,Random Forest
PROP-4BB2A5544384,Mumbai,Mira Road East,17000000,15971975.19,1028024.81,6.05,Random Forest
PROP-609277D71A22,Pune,Mangadewadi,6000000,2875617.52,3124382.48,52.07,Random Forest
PROP-7AD56FD2714E,Mumbai,Virar West,3700000,3006388.16,693611.84,18.75,Random Forest
PROP-6C7CB462CBA6,Mumbai,Dahisar West,8500000,8408665.0,91335.0,1.07,Random Forest
PROP-5FE0FAB23EE7,Pune,Jambhul,3200000,4045436.1,845436.1,26.42,Random Forest
PROP-AC550DA8A89F,Pune,Vadhu Budruk,1450000,1386900.09,63099.91,4.35,Random Forest
PROP-847C3C0603B5,Mumbai,Vasai West,5950000,5952274.98,2274.98,0.04,Random Forest
PROP-16021330F472,Kolkata,Bhatpara,3900000,6194794.8,2294794.8,58.84,Random Forest
PROP-845AFB3474FA,Kolkata,Basina,2800000,4190453.64,1390453.64,49.66,Random Forest
PROP-750ECC26561A,Pune,Wadaki,1510000,1529400.42,19400.42,1.28,Random Forest
PROP-AF4A80740D13,Kolkata,Dum Dum,8000000,6222633.13,1777366.87,22.22,Random Forest
PROP-80DB941AB84B,Pune,Pashan,3500000,3642151.96,142151.96,4.06,Random Forest
PROP-F7996C67C809,Kolkata,Purba Barisha,2300000,1969217.32,330782.68,14.38,Random Forest
PROP-D6496F234E61,Mumbai,Nalasopara West,4818000,5466686.7,648686.7,13.46,Random Forest
PROP-315C8B76C4BC,Mumbai,Kandivali West,14000000,14796530.48,796530.48,5.69,Random Forest
PROP-793B2AF0FE27,Kolkata,Mahheshtala,3400000,3639085.53,239085.53,7.03,Random Forest
PROP-E50E6A24D421,Kolkata,Duttapukur,3000000,13870232.33,10870232.33,362.34,Random Forest
PROP-502C690C434F,Kolkata,Purba Barisha,11000000,8818265.71,2181734.29,19.83,Random Forest
PROP-7B0BB392FB77,Kolkata,Netaji Nagar,2200000,2185869.44,14130.56,0.64,Random Forest
PROP-F7B707A8DFBC,Pune,Kasarwadi,5200000,5198897.22,1102.78,0.02,Random Forest
PROP-6907678B6015,Kolkata,Shibrampur Mauza,3000000,2600811.05,399188.95,13.31,Random Forest
PROP-387B92C9041D,Kolkata,Rajarhat,2500000,2810608.07,310608.07,12.42,Random Forest
PROP-CEE6E85DD994,Mumbai,Virar West,4100000,3733633.87,366366.13,8.94,Random Forest
PROP-589E7C63A76B,Pune,Kasarwadi,6500000,5537697.0,962303.0,14.8,Random Forest
PROP-1E1E7036816A,Kolkata,Baranagar,1600000,1825615.91,225615.91,14.1,Random Forest
PROP-907A509B10C1,Pune,Shukrawar Peth,10200000,11704315.02,1504315.02,14.75,Random Forest
PROP-4C19F5E71DF3,Mumbai,Borivali West,32500000,22236939.32,10263060.68,31.58,Random Forest
PROP-95DEF2676027,Kolkata,Nabapally,1500000,4998980.15,3498980.15,233.27,Random Forest
PROP-3766FB7A0814,Mumbai,Virar East,4000000,2763187.97,1236812.03,30.92,Random Forest
PROP-7EDD60F485BC,Mumbai,Andheri East,18000000,17104050.68,895949.32,4.98,Random Forest
PROP-4A9CF07A6040,Pune,Moshi,5700000,5774014.47,74014.47,1.3,Random Forest
PROP-3E2507834883,Kolkata,Barrackpore,7000000,8067174.57,1067174.57,15.25,Random Forest
PROP-D40DABF9D212,Pune,Uruli Devachi,3500000,3766389.66,266389.66,7.61,Random Forest
PROP-C9A9AE8D102C,Mumbai,Kandivali East,12100000,11521310.68,578689.32,4.78,Random Forest
PROP-6100B7C5311D,Kolkata,Rajarhat,3200000,4201553.57,1001553.57,31.3,Random Forest
PROP-3DB4AC2481FA,Mumbai,Chembur,19500000,17650892.62,1849107.38,9.48,Random Forest
PROP-B2A1B4C6C6EC,Kolkata,New Town,8000000,5475958.85,2524041.15,31.55,Random Forest
PROP-F05C6E8A0DBE,Kolkata,Deshbandhu Nagar,6300000,5461852.91,838147.09,13.3,Random Forest
PROP-F15549A718FE,Kolkata,Budge Budge,3000000,3650868.47,650868.47,21.7,Random Forest
PROP-B82F1CAF98A5,Kolkata,Boral,5700000,7010622.96,1310622.96,22.99,Random Forest
PROP-5DA266EDC1F8,Pune,Pashan,4700000,5064052.21,364052.21,7.75,Random Forest
PROP-660764886262,Mumbai,Borivali West,30000000,22865848.47,7134151.53,23.78,Random Forest
PROP-CB5E401C3432,Pune,Koregaon Park,10000000,5727402.13,4272597.87,42.73,Random Forest
PROP-1847807A5660,Pune,Talegaon Dabhade,11000000,11349109.41,349109.41,3.17,Random Forest
PROP-04EEA0E2FB57,Kolkata,Maniktala,10000000,8908181.13,1091818.87,10.92,Random Forest
PROP-2109AB057B1C,Mumbai,Andheri West,10000000,9374600.63,625399.37,6.25,Random Forest
PROP-4F3E18350F77,Pune,Narhe,3550000,3759548.56,209548.56,5.9,Random Forest
PROP-EB4514BFA1ED,Mumbai,Dahisar West,15000000,15824027.7,824027.7,5.49,Random Forest
PROP-4F693CD6B6D3,Pune,Koregaon Bhima,2400000,2313928.28,86071.72,3.59,Random Forest
PROP-13C20CD8D767,Pune,Kharadi,6000000,5962630.39,37369.61,0.62,Random Forest
PROP-8E42F2D1DD13,Pune,Pirangut,3500000,3406664.24,93335.76,2.67,Random Forest
PROP-EB6104A92CE3,Pune,Baner,23000000,14222490.26,8777509.74,38.16,Random Forest
PROP-24154292A436,Hyderabad,Puppalaguda,13000000,17132316.66,4132316.66,31.79,Random Forest
PROP-87ABCA4FA53C,Pune,Hadapsar,13500000,9699300.11,3800699.89,28.15,Random Forest
PROP-4B48009115F2,Hyderabad,Gopanapalli,6200000,7690424.05,1490424.05,24.04,Random Forest
PROP-E7910EFD91D4,Pune,Pashan,15900000,19965731.66,4065731.66,25.57,Random Forest
PROP-A61A28C277F3,Hyderabad,Miyapur,9700000,8219632.09,1480367.91,15.26,Random Forest
PROP-D827EBCF7D0C,Pune,Rasta Peth,8000000,7715506.26,284493.74,3.56,Random Forest
PROP-0871D498BB60,Pune,Talegaon Dabhade,2200000,2465070.48,265070.48,12.05,Random Forest
PROP-88DC05B42C1C,Hyderabad,Nanakaramguda,14000000,16099426.93,2099426.93,15.0,Random Forest
PROP-310712061ED0,Pune,Lohegaon,4000000,3306214.54,693785.46,17.34,Random Forest
PROP-B8DD9A06B33B,Pune,Kiwale,5500000,5089229.35,410770.65,7.47,Random Forest
PROP-E4D32FF2875D,Pune,Chakan,2200000,2209304.54,9304.54,0.42,Random Forest
PROP-A6A322503CBB,Pune,Hadapsar,3500000,4117621.43,617621.43,17.65,Random Forest
PROP-C33524FA20FF,Hyderabad,Premavathi Pet,7000000,7670520.7,670520.7,9.58,Random Forest
PROP-2AFD53165886,Pune,Wakad,8700000,7908458.35,791541.65,9.1,Random Forest
PROP-00C747214BC5,Hyderabad,Rajendra Nagar,3600000,3518613.45,81386.55,2.26,Random Forest
PROP-46CF13FC01CF,Hyderabad,Serilingampally,20000000,17006827.51,2993172.49,14.97,Random Forest
PROP-DF84F81DDF70,Hyderabad,Kompally,17200000,16191350.8,1008649.2,5.86,Random Forest
PROP-54221A1FB721,Pune,Uruli Kanchan,3500000,3097030.56,402969.44,11.51,Random Forest
PROP-7896941911A0,Hyderabad,Bolarum,12500000,13519915.19,1019915.19,8.16,Random Forest
PROP-ED994D4402A7,Hyderabad,Manchirevula,19000000,18740854.04,259145.96,1.36,Random Forest
PROP-7B308373CB2F,Hyderabad,Budvel,5400000,8272323.83,2872323.83,53.19,Random Forest
PROP-CE56A30AF6BB,Pune,Mundhwa,4300000,4372866.5,72866.5,1.69,Random Forest
PROP-DBB80D842E7D,Hyderabad,Pragathi Nagar,9900000,9674470.52,225529.48,2.28,Random Forest
PROP-03ADB728CCBD,Kolkata,Paschim Putiary,1600000,1903731.44,303731.44,18.98,Random Forest
PROP-11F0D7C2DA9A,Pune,Kondhwa Budruk,2800000,3121015.54,321015.54,11.46,Random Forest
PROP-C87B5AC627F5,Hyderabad,Kondapur,21300000,13781167.9,7518832.1,35.3,Random Forest
PROP-A6DEE08F539C,Pune,Ambegaon Pathar,2190000,2550124.43,360124.43,16.44,Random Forest
PROP-388F1785A2FB,Pune,Pisoli,5000000,5430621.68,430621.68,8.61,Random Forest
PROP-0F626108ABFA,Pune,Ashok Nagar,16000000,12564184.92,3435815.08,21.47,Random Forest
PROP-8774CB8D5957,Pune,Talegaon Dabhade,13700000,14002361.01,302361.01,2.21,Random Forest
PROP-19434463DFB3,Mumbai,Malad West,27500000,26902246.06,597753.94,2.17,Random Forest
PROP-92AC7D5C7E18,Mumbai,Vasai East,5000000,5150223.01,150223.01,3.0,Random Forest
PROP-CF37E21D04F0,Hyderabad,Banjara Hills,55000000,19240765.45,35759234.55,65.02,Random Forest
PROP-9DB4B5C4CD17,Pune,Dhankawadi,700000,838616.8,138616.8,19.8,Random Forest
PROP-8803A37018B1,Pune,Loni Kalbhor,3500000,3053272.11,446727.89,12.76,Random Forest
PROP-253D51BD96B1,Pune,Hadapsar,11000000,9150853.48,1849146.52,16.81,Random Forest
PROP-D53FF51A19B7,Pune,Nerhe,30000000,31075826.67,1075826.67,3.59,Random Forest
PROP-7C5DABD0826B,Hyderabad,Mallampet,3200000,6135962.9,2935962.9,91.75,Random Forest
PROP-A3297A74B9DC,Pune,Nanded,1700000,1761786.15,61786.15,3.63,Random Forest
PROP-7C0F5916B95F,Pune,Shiraswadi,1500000,1514911.61,14911.61,0.99,Random Forest
PROP-96DBAC41CB52,Pune,Shiraswadi,1500000,1514185.17,14185.17,0.95,Random Forest
PROP-A6E0D427219E,Hyderabad,Nagole,7200000,7332042.8,132042.8,1.83,Random Forest
PROP-C6B03F338B5E,Hyderabad,Quthbullapur,6900000,9239186.49,2339186.49,33.9,Random Forest
PROP-9E3F60C7588B,Pune,Sangamvadi,1000000,1014266.47,14266.47,1.43,Random Forest
PROP-31679F275D75,Pune,Erandwane,1500000,2060186.17,560186.17,37.35,Random Forest
PROP-9378D7A8A632,Pune,Keshav Nagar,5999000,5997706.26,1293.74,0.02,Random Forest
PROP-20AA8B170055,Hyderabad,Amberpet,5500000,7411595.71,1911595.71,34.76,Random Forest
PROP-F90DDB11F733,Pune,Hinjewadi Phase 3,6500000,4589696.69,1910303.31,29.39,Random Forest
PROP-BBA6EBC53C91,Hyderabad,Uppal,7950000,8438894.0,488894.0,6.15,Random Forest
PROP-AE2E29BA40BB,Pune,Bavdhan,5500000,5170497.14,329502.86,5.99,Random Forest
PROP-D38D0DDA5D09,Pune,Handewadi,3400000,3098133.89,301866.11,8.88,Random Forest
PROP-FD652FFB4F9C,Hyderabad,Kondapur,13500000,13381035.12,118964.88,0.88,Random Forest
PROP-CD469FF62FA5,Pune,Bhosari,6500000,6357975.8,142024.2,2.18,Random Forest
PROP-FFAE46A73578,Mumbai,Ghatkopar West,11500000,11051950.23,448049.77,3.9,Random Forest
PROP-88B5AEDD194D,Pune,Shivane,2400000,2632542.79,232542.79,9.69,Random Forest
PROP-33CD1A49D8E0,Kolkata,Baguiati,2800000,2665893.75,134106.25,4.79,Random Forest
PROP-780707846E25,Pune,Devadi,2300000,2488481.11,188481.11,8.19,Random Forest
PROP-BBEA5368ECC7,Mumbai,Bhayandar East,3200000,3293815.8,93815.8,2.93,Random Forest
PROP-7F01B92C9812,Kolkata,Bansdroni,6000000,5224613.68,775386.32,12.92,Random Forest
PROP-72952F57BFFE,Mumbai,Nalasopara East,950000,1152574.46,202574.46,21.32,Random Forest
PROP-9E49FF7E4D72,Pune,Sadashiv Peth,25000000,27342368.91,2342368.91,9.37,Random Forest
PROP-2110474BD272,Pune,Yavat,110000,341741.24,231741.24,210.67,Random Forest
PROP-12FDBB03E59C,Mumbai,Sakinaka,6500000,9613089.97,3113089.97,47.89,Random Forest
PROP-DEAFF19DE094,Pune,Loni Kalbhor,1700000,2033829.6,333829.6,19.64,Random Forest
PROP-A521F261A71C,Pune,Talegaon Dabhade,4600000,3496687.11,1103312.89,23.99,Random Forest
PROP-01B05663286A,Kolkata,Rajpur,3000000,3647326.78,647326.78,21.58,Random Forest
PROP-7FC5588EC66C,Mumbai,Vasai East,2600000,2880733.11,280733.11,10.8,Random Forest
PROP-FEAA13AEC306,Kolkata,Keshtopur,3500000,5021250.18,1521250.18,43.46,Random Forest
PROP-A80ACD01FC70,Kolkata,Barasat,3500000,2409034.23,1090965.77,31.17,Random Forest
PROP-7C7AF926F6C1,Mumbai,Prabhadevi,11500000,9234311.6,2265688.4,19.7,Random Forest
PROP-0742443934EF,Mumbai,Andheri West,250000000,138699614.27,111300385.73,44.52,Random Forest
PROP-63DB1A5B60D8,Pune,Dattavadi,1500000,1467588.91,32411.09,2.16,Random Forest
PROP-4B2549EF722A,Mumbai,Bandra East,20000000,12025148.87,7974851.13,39.87,Random Forest
PROP-721F895B8638,Pune,Ambegaon,12000000,8268911.59,3731088.41,31.09,Random Forest
PROP-1FCFCCAB8EEB,Mumbai,Nalasopara East,2500000,2862663.23,362663.23,14.51,Random Forest
PROP-118237D9D08E,Mumbai,Andheri East,12000000,13201450.73,1201450.73,10.01,Random Forest
PROP-6FAA2C38D44C,Mumbai,Parel,9500000,8162272.98,1337727.02,14.08,Random Forest
PROP-99F64FE80A22,Mumbai,Chembur,16000000,17212188.6,1212188.6,7.58,Random Forest
PROP-278D6490D8E5,Kolkata,Keshtopur,6000000,5954171.3,45828.7,0.76,Random Forest
PROP-FB614926CFFD,Pune,Mahalunge Ingale,3575000,3345969.26,229030.74,6.41,Random Forest
PROP-B44F3F1BBFF4,Pune,Shivane,4000000,4700061.15,700061.15,17.5,Random Forest
PROP-5116444533B7,Kolkata,Kamardanga,4000000,3225340.66,774659.34,19.37,Random Forest
PROP-C9479D13BD55,Kolkata,Santoshpur,6500000,6434708.22,65291.78,1.0,Random Forest
PROP-AF61F6BFC27A,Mumbai,Wadala East,12500000,11731706.12,768293.88,6.15,Random Forest
PROP-FF1A9E746497,Kolkata,Lake Gardens,4200000,4447625.94,247625.94,5.9,Random Forest
PROP-38BB3060ABC8,Kolkata,Mahheshtala,3000000,2854943.79,145056.21,4.84,Random Forest
PROP-016AF95DA081,Mumbai,Juhu,4500000,5746220.11,1246220.11,27.69,Random Forest
PROP-266F88574844,Mumbai,Bhandup West,3000000,3264722.25,264722.25,8.82,Random Forest
PROP-7B206A4DC723,Mumbai,Matunga East,20000000,21176295.26,1176295.26,5.88,Random Forest
PROP-B9BD22FD44F3,Pune,Fursungi,1250000,1232027.92,17972.08,1.44,Random Forest
PROP-0A6D232A3059,Mumbai,Vikhroli East,7000000,7381135.44,381135.44,5.44,Random Forest
PROP-0C7BB1F1CD94,Pune,Vadgaon,2100000,1890614.49,209385.51,9.97,Random Forest
PROP-9756711B0F5B,Pune,Baramati,1200000,1156550.87,43449.13,3.62,Random Forest
PROP-D7694BA0985D,Mumbai,Govandi,1600000,3170586.38,1570586.38,98.16,Random Forest
PROP-6891D0BC5DA2,Mumbai,Kurla West,7000000,6568733.62,431266.38,6.16,Random Forest
PROP-42F89BCF7CD3,Mumbai,Goregaon West,8600000,8955341.43,355341.43,4.13,Random Forest
PROP-0439761DB2A6,Mumbai,Chembur,400000,910068.59,510068.59,127.52,Random Forest
PROP-4017B6DAB7F7,Mumbai,Kandivali West,46500000,43586085.08,2913914.92,6.27,Random Forest
PROP-058A687B2D6E,Kolkata,Tollygunge,2600000,2348462.11,251537.89,9.67,Random Forest
PROP-0AE7ADF42C0E,Kolkata,Bhowanipore,85000000,44263060.42,40736939.58,47.93,Random Forest
PROP-7CDB8D9895ED,Kolkata,Golf Green,20000000,9558761.02,10441238.98,52.21,Random Forest
PROP-15C39A1AF935,Kolkata,Madhyamgram,15000000,6488606.55,8511393.45,56.74,Random Forest
PROP-537E90F3410A,Pune,Kalewadi,1400000,1483000.64,83000.64,5.93,Random Forest
PROP-5A6D410DA311,Pune,Pimpri,8500000,9804747.23,1304747.23,15.35,Random Forest
PROP-7796FCDA5A24,Pune,Shivane,3900000,3858277.3,41722.7,1.07,Random Forest
PROP-EA34CB368FA7,Pune,Hingne Khurd,4300000,3648283.44,651716.56,15.16,Random Forest
PROP-3379FC13E4D8,Kolkata,Mukundapur,10000000,15814763.5,5814763.5,58.15,Random Forest
PROP-710C345E87A3,Kolkata,New Barrakpur,3250000,3128515.02,121484.98,3.74,Random Forest
PROP-7194B6E81329,Pune,Somwar Peth,6000000,5860398.5,139601.5,2.33,Random Forest
PROP-D4977CFD05A1,Mumbai,Kandivali West,11300000,10284528.09,1015471.91,8.99,Random Forest
PROP-89F54F900D90,Kolkata,Barrackpore,3700000,3108364.93,591635.07,15.99,Random Forest
PROP-A96EBD09271C,Mumbai,Ghatkopar East,5500000,6608952.25,1108952.25,20.16,Random Forest
PROP-9D62B8EDCC70,Pune,Manjari Budruk,8000000,6758861.53,1241138.47,15.51,Random Forest
PROP-BDE7DC2AF985,Pune,Hinjewadi,4200000,4194596.45,5403.55,0.13,Random Forest
PROP-83001A7C36FF,Kolkata,Kaikhali,5200000,4584784.33,615215.67,11.83,Random Forest
PROP-75722758C510,Kolkata,Kankurgachi,16500000,17091021.14,591021.14,3.58,Random Forest
PROP-61FF2F93A3CD,Kolkata,Nayabad,3400000,4467174.87,1067174.87,31.39,Random Forest
PROP-6271B5488588,Kolkata,Thakurpukur,5166000,5981539.84,815539.84,15.79,Random Forest
PROP-425DCDCE91C2,Pune,Marunji,8000000,6942498.34,1057501.66,13.22,Random Forest
PROP-730DC06A9CCE,Kolkata,Baguiati,1500000,1959248.97,459248.97,30.62,Random Forest
PROP-555491FD3FCD,Mumbai,Mira Road East,9500000,9577447.26,77447.26,0.82,Random Forest
PROP-D6B58BE3DF0B,Mumbai,Andheri West,17500000,15192113.07,2307886.93,13.19,Random Forest
PROP-AFA257101EFB,Kolkata,Cossipore,4200000,4619711.28,419711.28,9.99,Random Forest
PROP-76765FC38F02,Pune,Warje,9000000,10753903.63,1753903.63,19.49,Random Forest
PROP-0106C21B749E,Pune,Katraj,3800000,4276531.53,476531.53,12.54,Random Forest
PROP-55172BF0F63D,Mumbai,Goregaon East,4500000,4450199.75,49800.25,1.11,Random Forest
PROP-326F45DBC99C,Kolkata,Kalikapur,8600000,10258756.56,1658756.56,19.29,Random Forest
PROP-1E838D085F6F,Pune,Dighi,5500000,4573322.58,926677.42,16.85,Random Forest
PROP-4EA0AA3AB741,Pune,Bopkhel,2300000,2310544.4,10544.4,0.46,Random Forest
PROP-5936E04205C5,Kolkata,Sonarpur,3300000,2407607.12,892392.88,27.04,Random Forest
PROP-A9B943EC9EA4,Pune,Pimpri,2700000,2688230.94,11769.06,0.44,Random Forest
PROP-42821E39A628,Mumbai,Wadala,11000000,12759581.87,1759581.87,16.0,Random Forest
PROP-7D37AEF99654,Mumbai,Mulund East,7000000,6916739.17,83260.83,1.19,Random Forest
PROP-F262CC41FA39,Kolkata,Harinavi,2600000,2615021.64,15021.64,0.58,Random Forest
PROP-31D90E7BF593,Kolkata,Malancha Mahi Nagar,1550000,1622622.13,72622.13,4.69,Random Forest
PROP-CBE29C6C9AF3,Kolkata,Narkeldanga,5400000,5555110.16,155110.16,2.87,Random Forest
PROP-E403F296391B,Kolkata,Sodepur,2500000,3295190.62,795190.62,31.81,Random Forest
PROP-FC8585E65185,Pune,Dattavadi,10000000,9350238.84,649761.16,6.5,Random Forest
PROP-73FBF94E1A0B,Pune,Narhe,4600000,5092714.58,492714.58,10.71,Random Forest
PROP-E9674CEE8F9A,Kolkata,Pansila,2400000,4238005.04,1838005.04,76.58,Random Forest
PROP-3B2BA9B92CA4,Mumbai,Lower Parel,95000000,94672638.34,327361.66,0.34,Random Forest
PROP-8B92C2A78410,Pune,Camp,8500000,8298288.43,201711.57,2.37,Random Forest
PROP-F81E9C4EF252,Kolkata,Dum Dum Cantonment,2450000,2490707.81,40707.81,1.66,Random Forest
PROP-F675B01C5A44,Mumbai,Virar West,1600000,1938693.82,338693.82,21.17,Random Forest
PROP-FA196D3E6144,Kolkata,Netaji Nagar,3200000,2444115.82,755884.18,23.62,Random Forest
PROP-04FB665A65BF,Kolkata,Bansdroni,6500000,5340387.56,1159612.44,17.84,Random Forest
PROP-298DAD00551B,Pune,Bopodi,6500000,6115972.8,384027.2,5.91,Random Forest
PROP-21151A7BC1BB,Pune,Talegaon Dabhade,3500000,2739504.26,760495.74,21.73,Random Forest
PROP-286C4F25648C,Mumbai,Virar West,2751000,3233892.97,482892.97,17.55,Random Forest
PROP-05F1E0BA42EF,Kolkata,Patipukur,5000000,3282568.2,1717431.8,34.35,Random Forest
PROP-7EE2E46DC5A3,Kolkata,Baguiati,2500000,2880949.82,380949.82,15.24,Random Forest
PROP-A9F84DEE3C47,Mumbai,Mira Road East,7400000,7224620.83,175379.17,2.37,Random Forest
PROP-5D81268902FC,Kolkata,Baghajatin,3470000,2837284.17,632715.83,18.23,Random Forest
PROP-5986FBD469E6,Pune,Yewalewadi,1000000,1065370.75,65370.75,6.54,Random Forest
PROP-3A858C150400,Mumbai,Andheri East,6800000,6686289.63,113710.37,1.67,Random Forest
PROP-09AAA95AA81F,Pune,Talegaon Dabhade,2200000,1992906.35,207093.65,9.41,Random Forest
PROP-19C5FCADB8CA,Mumbai,Mahim,32500000,25463808.74,7036191.26,21.65,Random Forest
PROP-E77C161084C2,Mumbai,Mulund West,24500000,20598375.09,3901624.91,15.92,Random Forest
PROP-448DCAAA9E39,Pune,Katraj,4500000,4723744.96,223744.96,4.97,Random Forest
PROP-A3E21F233FE8,Kolkata,Ganguly Bagan,3500000,4027372.0,527372.0,15.07,Random Forest
PROP-0A6B581765A0,Pune,Wanwadi,4500000,4834661.63,334661.63,7.44,Random Forest
PROP-B954D99F42CE,Pune,Chinchwad,2500000,3511514.86,1011514.86,40.46,Random Forest
PROP-F3E24227604A,Kolkata,Narendrapur,1700000,2336742.6,636742.6,37.46,Random Forest
PROP-7168908E54AA,Mumbai,Dahisar East,7600000,7810102.66,210102.66,2.76,Random Forest
PROP-273FC454F368,Mumbai,Virar West,4000000,4387467.2,387467.2,9.69,Random Forest
PROP-E22099E55076,Pune,Dhankawadi,2500000,2604442.8,104442.8,4.18,Random Forest
PROP-8A8505709A6E,Kolkata,Dakshineswar,2200000,2247948.74,47948.74,2.18,Random Forest
PROP-5F8D36A9FDE4,Pune,Dighi,5300000,5204031.19,95968.81,1.81,Random Forest
PROP-CB49AFF2C003,Pune,Manjari Budruk,4800000,3225071.75,1574928.25,32.81,Random Forest
PROP-9DE91BFA2CB4,Kolkata,Dum Dum Cantonment,1900000,2143480.06,243480.06,12.81,Random Forest
PROP-72693FD3DEE9,Kolkata,Nayabad,6500000,5076727.67,1423272.33,21.9,Random Forest
PROP-578D46E2FDC3,Mumbai,Malad East,10800000,11580792.91,780792.91,7.23,Random Forest
PROP-F2195BC4ACCD,Kolkata,Deshbandhu Nagar,2850000,4044706.89,1194706.89,41.92,Random Forest
PROP-95046668863D,Pune,Undri,8500000,7895740.97,604259.03,7.11,Random Forest
PROP-2C507A5A2B1E,Pune,Talegaon Dhamdhere,1500000,1522810.54,22810.54,1.52,Random Forest
PROP-DA034220CC71,Bengaluru,Banashankari,5000000,3855470.59,1144529.41,22.89,Random Forest
PROP-3D51C97BBCD5,Pune,Aundh,10500000,10123377.27,376622.73,3.59,Random Forest
PROP-FB3F6A212ECF,Hyderabad,Thumukunta,4000000,4524931.92,524931.92,13.12,Random Forest
PROP-35F65A0B1111,Hyderabad,Nizampet,5500000,6848408.58,1348408.58,24.52,Random Forest
PROP-5425F574E202,Delhi,Sewak Park,5100000,5575600.44,475600.44,9.33,Random Forest
PROP-6037F97E910C,Hyderabad,Serilingampally,55000000,26439477.42,28560522.58,51.93,Random Forest
PROP-C2512136CBF0,Pune,Aambethan,2350000,2321176.93,28823.07,1.23,Random Forest
PROP-7BA6A399609D,Pune,Baner,3500000,3134055.18,365944.82,10.46,Random Forest
PROP-71D33633B538,Hyderabad,Pocharam,4500000,6302980.61,1802980.61,40.07,Random Forest
PROP-C9CE17A43EF6,Bengaluru,Wilson Garden,14500000,10854749.4,3645250.6,25.14,Random Forest
PROP-A2769CBFEFBC,Delhi,Kondli,8000000,11513444.35,3513444.35,43.92,Random Forest
PROP-00CB62F9CA48,Pune,Kesnand,1550000,1610689.07,60689.07,3.92,Random Forest
PROP-BC7DC907F3C0,Hyderabad,Kompally,10500000,10251208.69,248791.31,2.37,Random Forest
PROP-D77D9222A2C0,Pune,Talwade,4800000,6926994.47,2126994.47,44.31,Random Forest
PROP-8FDF18914555,Pune,Wakhari,1600000,2302380.79,702380.79,43.9,Random Forest
PROP-8AE55DE0D0F6,Delhi,Preet Vihar,24500000,28595011.25,4095011.25,16.71,Random Forest
PROP-7C347C5A02BA,Hyderabad,Kapra,12000000,13973532.07,1973532.07,16.45,Random Forest
PROP-FFF28A341052,Hyderabad,Aminpur,29000000,18319622.58,10680377.42,36.83,Random Forest
PROP-6BD74555B6F6,Bengaluru,Konanakunte,17500000,14502658.66,2997341.34,17.13,Random Forest
PROP-B9B30C368E06,Bengaluru,Banashankari,654000,773639.88,119639.88,18.29,Random Forest
PROP-75A82EA10DF0,Bengaluru,Attibele,21500000,23018089.01,1518089.01,7.06,Random Forest
PROP-308497C5C8A9,Hyderabad,Hayathnagar,6800000,8141706.98,1341706.98,19.73,Random Forest
PROP-FA7F37B350E3,Pune,Ambegaon Pathar,2900000,2762208.69,137791.31,4.75,Random Forest
PROP-C69B5907EBA1,Pune,Ambegaon,6900000,9249625.87,2349625.87,34.05,Random Forest
PROP-FF12DC411AD0,Pune,Bavdhan,14000000,12141607.26,1858392.74,13.27,Random Forest
PROP-85C11484F5B4,Pune,Lohegaon,4000000,3517274.75,482725.25,12.07,Random Forest
PROP-FE73164F12FA,Pune,Pimple Saudagar,9800000,9306052.76,493947.24,5.04,Random Forest
PROP-CA1E3B26429C,Delhi,Sector 22 Dwarka,29000000,28450797.78,549202.22,1.89,Random Forest
PROP-929CCBA54C0C,Pune,Pimpri,3100000,3234025.51,134025.51,4.32,Random Forest
PROP-6401AE87242B,Hyderabad,Gajularamaram,16100000,9684747.43,6415252.57,39.85,Random Forest
PROP-0461D7695030,Pune,Bhamboli,1800000,1853454.91,53454.91,2.97,Random Forest
PROP-9989B466FF80,Pune,Hinjewadi Phase 3,7000000,6329444.74,670555.26,9.58,Random Forest
PROP-271439694061,Pune,Shivane,10500000,8204568.09,2295431.91,21.86,Random Forest
PROP-647380B6C56C,Pune,Kothrud,52500000,63962495.1,11462495.1,21.83,Random Forest
PROP-DEBF324D5004,Hyderabad,Kompally,15000000,10670927.48,4329072.52,28.86,Random Forest
PROP-036A40B27112,Pune,Dhankawadi,3000000,2626384.16,373615.84,12.45,Random Forest
PROP-F950302AB7E9,Pune,Wagholi,3200000,3556197.08,356197.08,11.13,Random Forest
PROP-F0A15FB127E7,Pune,Kondhwa,10000000,8935782.74,1064217.26,10.64,Random Forest
PROP-3FE3BA248FEA,Pune,Kondhwa,7000000,6593148.04,406851.96,5.81,Random Forest
PROP-17323089F8DE,Pune,Pimple Saudagar,8800000,7822993.43,977006.57,11.1,Random Forest
PROP-FDC8E906723F,Pune,Sadashiv Peth,15000000,15856016.06,856016.06,5.71,Random Forest
PROP-566EE7A10F14,Pune,Wanowrie,32500000,32418767.72,81232.28,0.25,Random Forest
PROP-780710815F2E,Pune,Sadashiv Peth,11500000,9854749.12,1645250.88,14.31,Random Forest
PROP-F631F6B18734,Hyderabad,Gachibowli,15000000,11008765.52,3991234.48,26.61,Random Forest
PROP-0C3C607B71D0,Pune,Ambegaon Pathar,2800000,2629872.32,170127.68,6.08,Random Forest
PROP-CF3A7A042C95,Bengaluru,Bommanahalli,2500000,2385931.68,114068.32,4.56,Random Forest
PROP-450D76B79792,Delhi,Sector 7 Dwarka,8500000,5400423.57,3099576.43,36.47,Random Forest
PROP-A4953794C080,Delhi,Sector 17 Dwarka,9000000,9661930.67,661930.67,7.35,Random Forest
PROP-1263EACFBBB4,Delhi,Sector 3 Dwarka,2000000,2027077.39,27077.39,1.35,Random Forest
PROP-5CDF7CDCFC90,Pune,Mundhwa,9000000,8549841.66,450158.34,5.0,Random Forest
PROP-2AEA9790CCFD,Delhi,Kalkaji Extension,16000000,16233696.74,233696.74,1.46,Random Forest
PROP-D8BB0CAA2680,Bengaluru,Yemalur,60000000,50554661.87,9445338.13,15.74,Random Forest
PROP-12E3ACA23BD5,Pune,Bhosari,3900000,3660465.41,239534.59,6.14,Random Forest
PROP-5AFE12F0A193,Pune,Rahatani,4600000,4673876.32,73876.32,1.61,Random Forest
PROP-C42A1815C2F3,Bengaluru,Kaggadasapura,6500000,7301973.36,801973.36,12.34,Random Forest
PROP-190B7101B2E9,Bengaluru,Mathikere,21000000,20305364.99,694635.01,3.31,Random Forest
PROP-DA8F1BBCE7D0,Pune,Dattavadi,6250000,5380753.6,869246.4,13.91,Random Forest
PROP-AEEF4274B3F6,Bengaluru,Kaggadasapura,27500000,27747523.37,247523.37,0.9,Random Forest
PROP-1564DBA664BF,Pune,Bhukum,8000000,6656572.35,1343427.65,16.79,Random Forest
PROP-25A47C5422A8,Bengaluru,Nelamangala,2628000,4431001.52,1803001.52,68.61,Random Forest
PROP-9B239F57D201,Pune,Wakad,8000000,7658232.67,341767.33,4.27,Random Forest
PROP-8B2A712FC0B7,Bengaluru,Begur,6400000,5531863.52,868136.48,13.56,Random Forest
PROP-EE337B8241A9,Pune,Rasta Peth,9000000,8718048.49,281951.51,3.13,Random Forest
PROP-FD5D56218C91,Bengaluru,Kaval Bairasandra,3700000,4234732.34,534732.34,14.45,Random Forest
PROP-6862CB4AAFCB,Delhi,Bharthal,2800000,2678267.59,121732.41,4.35,Random Forest
PROP-641E8BBFBD42,Bengaluru,Wilson Garden,720000,2331850.69,1611850.69,223.87,Random Forest
PROP-F546062541DD,Pune,Handewadi,2200000,2936553.21,736553.21,33.48,Random Forest
PROP-ED9683068995,Pune,Hadapsar,1700000,1836215.67,136215.67,8.01,Random Forest
PROP-840B09AFF58E,Pune,Charholi Budruk,3300000,3360037.98,60037.98,1.82,Random Forest
PROP-4BC98CE96981,Bengaluru,Ramamurthy Nagar,400000,939693.56,539693.56,134.92,Random Forest
PROP-18EC0DBB243E,Bengaluru,Bapuji Nagar,9000000,10088041.49,1088041.49,12.09,Random Forest
PROP-EC919E79045E,Bengaluru,Channapatna,6300000,7232513.89,932513.89,14.8,Random Forest
PROP-092D9847A913,Pune,Talegaon Dabhade,3000000,3269165.51,269165.51,8.97,Random Forest
PROP-4D48508B7131,Pune,Jambhul,1700000,1736796.1,36796.1,2.16,Random Forest
PROP-E6F1771E30F8,Pune,Hadapsar,1875000,2043346.33,168346.33,8.98,Random Forest
PROP-B36B54E3592B,Pune,Nerhe,3000000,3577593.31,577593.31,19.25,Random Forest
PROP-75A87272C6C3,Pune,Hadapsar,6800000,4475562.43,2324437.57,34.18,Random Forest
PROP-4ED736EAB511,Bengaluru,Dasanapura,3900000,4096021.3,196021.3,5.03,Random Forest
PROP-564680D9FB1C,Bengaluru,Seegehalli,15000000,14800001.46,199998.54,1.33,Random Forest
PROP-021F335D0215,Bengaluru,Jayanagar West,20000000,18300022.56,1699977.44,8.5,Random Forest
PROP-6D5238F843B1,Pune,Lavasa,9500000,10198764.2,698764.2,7.36,Random Forest
PROP-C63DE5A371D4,Pune,Katraj,4000000,4415885.84,415885.84,10.4,Random Forest
PROP-2598404F5915,Bengaluru,Chamrajpet,11000000,13845059.06,2845059.06,25.86,Random Forest
PROP-E597E61FA2BA,Bengaluru,Kadumuthsandra Plantation,4900000,4994988.89,94988.89,1.94,Random Forest
PROP-68FFFBEC8103,Bengaluru,Mathikere,10000000,9274320.61,725679.39,7.26,Random Forest
PROP-0CE96737A0D0,Bengaluru,Kattigenahalli,8500000,6883075.14,1616924.86,19.02,Random Forest
PROP-1DE379F76B98,Pune,Gorhe Bk,3500000,3317188.23,182811.77,5.22,Random Forest
PROP-C30F517B1BF8,Bengaluru,Nandini Layout,7200000,4995537.95,2204462.05,30.62,Random Forest
PROP-69ADEC56ACEB,Hyderabad,Peerzadiguda,11000000,11125256.25,125256.25,1.14,Random Forest
PROP-921F8E5BBB16,Pune,Baner,7500000,8128769.36,628769.36,8.38,Random Forest
PROP-8E9EBB0559EE,Hyderabad,Ramachandra Puram,3100000,4033125.38,933125.38,30.1,Random Forest
PROP-AEA0B06BF7D6,Pune,Nanded,1500000,1533984.9,33984.9,2.27,Random Forest
PROP-C31BBEA76072,Hyderabad,Nallakunta,25000000,25000486.8,486.8,0.0,Random Forest
PROP-270E6B143FB6,Pune,Kasarwadi,5000000,4408316.51,591683.49,11.83,Random Forest
PROP-0E6FE0A0B9A5,Pune,Mundhwa,7500000,7449313.19,50686.81,0.68,Random Forest
PROP-E33F1153F028,Hyderabad,Borabanda,12000000,9408589.89,2591410.11,21.6,Random Forest
PROP-D847EC37271C,Pune,Wagholi,2000000,2618396.75,618396.75,30.92,Random Forest
PROP-AB09036233A9,Pune,Ambegaon Bk,3850000,3639836.25,210163.75,5.46,Random Forest
PROP-7829BAF8BA68,Hyderabad,Madhapur,9200000,7759164.78,1440835.22,15.66,Random Forest
PROP-285719CFA573,Pune,Thergaon,5000000,5051920.81,51920.81,1.04,Random Forest
PROP-FA48D6011F79,Hyderabad,Osman Nagar,12800000,13770938.16,970938.16,7.59,Random Forest
PROP-066E605A1612,Pune,Wagholi,4600000,4337504.55,262495.45,5.71,Random Forest
PROP-05948D732C72,Pune,Undri,45000000,43021311.68,1978688.32,4.4,Random Forest
PROP-6676E8663A08,Pune,Khed Shivapur,10000000,8104982.48,1895017.52,18.95,Random Forest
PROP-65C335E274A6,Pune,Bavdhan,4500000,4789281.75,289281.75,6.43,Random Forest
PROP-EC7FA926DCA4,Pune,Pimple Nilakh,6000000,6924063.94,924063.94,15.4,Random Forest
PROP-B7C8C7ABE5D4,Pune,Khadakwasla,5551000,5300831.26,250168.74,4.51,Random Forest
PROP-A1B09368029E,Pune,Pimple Gurav,9700000,9106951.33,593048.67,6.11,Random Forest
PROP-09CE9ADDEE5D,Hyderabad,Somajiguda,17500000,11316965.45,6183034.55,35.33,Random Forest
PROP-6F336AE4E8AB,Pune,Wagholi,5700000,5509933.36,190066.64,3.33,Random Forest
PROP-C34C80FE5C36,Bengaluru,Nagasandra,3500000,3668460.12,168460.12,4.81,Random Forest
PROP-E838D562DA1E,Pune,Anand Nagar,2050000,2135437.46,85437.46,4.17,Random Forest
PROP-82481EC85A1D,Pune,Jambhul,3200000,2938796.8,261203.2,8.16,Random Forest
PROP-979AEA102EA4,Pune,Jambhul,2099000,2451487.45,352487.45,16.79,Random Forest
PROP-DC1B25032235,Pune,Charholi Budruk,2500000,2513136.74,13136.74,0.53,Random Forest
PROP-B520B9A3BF00,Hyderabad,Santosh Nagar,14500000,12563407.25,1936592.75,13.36,Random Forest
PROP-DC14830AE8B7,Pune,Bhawani Peth,8200000,7344208.16,855791.84,10.44,Random Forest
PROP-85C27B3F455C,Bengaluru,Yeshwanthpur,18800000,13827400.82,4972599.18,26.45,Random Forest
PROP-55F59220E177,Pune,Chimbali,2800000,2945915.62,145915.62,5.21,Random Forest
PROP-3B37A88FA0F9,Delhi,Vasant Vihar,94800000,56274720.84,38525279.16,40.64,Random Forest
PROP-17373D0031FC,Bengaluru,Kengeri Satellite Town,5500000,5973469.69,473469.69,8.61,Random Forest
PROP-0EC53738418F,Delhi,Kirari Suleman Nagar,5000000,4846338.85,153661.15,3.07,Random Forest
PROP-49D7D2219B66,Mumbai,Bhandup East,2000000,3183884.04,1183884.04,59.19,Random Forest
PROP-203BF7DBB39B,Bengaluru,Basaveshwara Nagar,3450000,3860722.65,410722.65,11.91,Random Forest
PROP-93C6AB98D198,Bengaluru,Banashankari,13400000,11101022.81,2298977.19,17.16,Random Forest
PROP-11F4A58E85E7,Bengaluru,Varanasi,14000000,13574383.69,425616.31,3.04,Random Forest
PROP-EEDA4FBFA1FE,Mumbai,Naigaon East,598000,1039339.48,441339.48,73.8,Random Forest
PROP-9A4B4D800541,Bengaluru,Srinivaspura,5000000,5409177.45,409177.45,8.18,Random Forest
PROP-557139DE533D,Kolkata,Mukundapur,6000000,7053450.2,1053450.2,17.56,Random Forest
PROP-3E77D40DDAAD,Kolkata,Kashipur,7500000,4162995.08,3337004.92,44.49,Random Forest
PROP-8C5EE2DFA40C,Mumbai,Naigaon East,525000,783014.18,258014.18,49.15,Random Forest
PROP-E478C760D685,Kolkata,Panchpota,3300000,6763931.97,3463931.97,104.97,Random Forest
PROP-72DD0E6C2E04,Chennai,Thandalam,4100000,4390985.2,290985.2,7.1,Random Forest
PROP-7BC1F225166A,Kolkata,Behala Chowrasta,7000000,4524174.88,2475825.12,35.37,Random Forest
PROP-33E1446547DD,Pune,Alandi,3000000,4259717.45,1259717.45,41.99,Random Forest
PROP-0CB168FFE83F,Pune,Ranjangaon,1700000,1675468.76,24531.24,1.44,Random Forest
PROP-A02D1D9F3763,Kolkata,Tollygunge,4500000,4929850.54,429850.54,9.55,Random Forest
PROP-7FBE2EF38C9B,Bengaluru,Thurahalli,6400000,9208027.01,2808027.01,43.88,Random Forest
PROP-5B59C86825F0,Bengaluru,Marsur,2200000,2029002.54,170997.46,7.77,Random Forest
PROP-A87A8D74790D,Kolkata,Narendrapur,6500000,8126276.77,1626276.77,25.02,Random Forest
PROP-B7C9B2FD3AE4,Bengaluru,Kothanur,6300000,6392260.98,92260.98,1.46,Random Forest
PROP-0BD54F0CABA5,Pune,Guruwar Peth,3600000,3658732.02,58732.02,1.63,Random Forest
PROP-A33D4062C822,Pune,Undri,3500000,3273090.38,226909.62,6.48,Random Forest
PROP-670CED41C724,Bengaluru,Hsr Layout,72500000,68783056.86,3716943.14,5.13,Random Forest
PROP-9B76E2C4485B,Bengaluru,Kengeri,5500000,6418068.18,918068.18,16.69,Random Forest
PROP-6B4235B84BF7,Chennai,Villivakkam,22500000,18263313.28,4236686.72,18.83,Random Forest
PROP-B599B1954608,Delhi,Nilothi,1700000,2021719.62,321719.62,18.92,Random Forest
PROP-17D557164712,Bengaluru,Kachamaranahalli,6500000,6668564.39,168564.39,2.59,Random Forest
PROP-055D52DB8A40,Bengaluru,Yemalur,6200000,5655765.79,544234.21,8.78,Random Forest
PROP-03A665518206,Bengaluru,Ramamurthy Nagar,7200000,7667794.87,467794.87,6.5,Random Forest
PROP-E46C343B3C7F,Delhi,Wazirabad,6000000,6696655.46,696655.46,11.61,Random Forest
PROP-F0AD13B7D9ED,Pune,New Sangvi,5000000,5221505.49,221505.49,4.43,Random Forest
PROP-A1373E45A944,Bengaluru,Konanakunte,10500000,9846336.59,653663.41,6.23,Random Forest
PROP-522450F0370A,Bengaluru,Whitefield,5900000,6116985.18,216985.18,3.68,Random Forest
PROP-996C65662CD4,Kolkata,Narendrapur,3200000,4178571.38,978571.38,30.58,Random Forest
PROP-13C19FD4247F,Pune,Mahalunge Ingale,5000000,3168744.39,1831255.61,36.63,Random Forest
PROP-822EDA72DCC6,Kolkata,Ballygunge,13000000,12753405.66,246594.34,1.9,Random Forest
PROP-D35BDA093917,Kolkata,South Dum Dum,3850000,3137810.91,712189.09,18.5,Random Forest
PROP-D84C06FCBEC6,Delhi,Baprola,3500000,3947197.08,447197.08,12.78,Random Forest
PROP-6E85E8DDB8E1,Pune,Manjari Khurd,1225000,1183628.91,41371.09,3.38,Random Forest
PROP-F898A535A8B5,Chennai,Sembakkam,4500000,3819435.57,680564.43,15.12,Random Forest
PROP-C1B0FC0F914A,Pune,Baner,14000000,11466966.28,2533033.72,18.09,Random Forest
PROP-F319A892B24C,Bengaluru,Electronic City,3400000,3585058.53,185058.53,5.44,Random Forest
PROP-91FA2CDA86D8,Delhi,Geeta Colony,3000000,2674661.72,325338.28,10.84,Random Forest
PROP-391AB2DFD8D0,Bengaluru,Jayanagar,50000000,33884742.88,16115257.12,32.23,Random Forest
PROP-AE86DAE6DFE0,Bengaluru,Vignana Kendra,11000000,13266502.06,2266502.06,20.6,Random Forest
PROP-8F3FDCAF7F39,Delhi,Badarpur,387000,609319.12,222319.12,57.45,Random Forest
PROP-796B051AF8B5,Chennai,Perambur,4500000,4540613.21,40613.21,0.9,Random Forest
PROP-DE5731F139BF,Kolkata,Baguiati,1900000,2116718.37,216718.37,11.41,Random Forest
PROP-E28DF73E05CE,Kolkata,Patipukur,4200000,3552851.56,647148.44,15.41,Random Forest
PROP-1D068F142138,Bengaluru,Jp Nagar,80000000,70573512.22,9426487.78,11.78,Random Forest
PROP-AC2302554A6A,Kolkata,Narendrapur,3900000,4899548.43,999548.43,25.63,Random Forest
PROP-2AC175C3B47C,Kolkata,Beniapukur,20500000,18891988.7,1608011.3,7.84,Random Forest
PROP-06099F7A6044,Pune,Dhayari,3600000,3846024.15,246024.15,6.83,Random Forest
PROP-8A84311D4E79,Pune,Bhawani Peth,5300000,4439662.44,860337.56,16.23,Random Forest
PROP-05DFF2BD7711,Chennai,Medavakkam,5700000,5797663.42,97663.42,1.71,Random Forest
PROP-696D6304721C,Delhi,Karol Bagh,65000000,30279364.31,34720635.69,53.42,Random Forest
PROP-589503049540,Kolkata,Baguiati,1600000,1548341.99,51658.01,3.23,Random Forest
PROP-47C5803E0547,Kolkata,Narayantala,2900000,2789438.81,110561.19,3.81,Random Forest
PROP-22C37EA8FF52,Pune,Charholi Kurd,2200000,2127125.97,72874.03,3.31,Random Forest
PROP-E2F90CB494A4,Pune,Kasarwadi,2300000,2478629.93,178629.93,7.77,Random Forest
PROP-FBC09BC163C6,Mumbai,Kandivali West,9000000,9818230.59,818230.59,9.09,Random Forest
PROP-379525864704,Kolkata,Dum Dum,3000000,3602595.72,602595.72,20.09,Random Forest
PROP-C7EDDE98AC97,Pune,Kanhe,2500000,3001400.69,501400.69,20.06,Random Forest
PROP-562DA83E6F5E,Chennai,Saidapet,6300000,9264840.77,2964840.77,47.06,Random Forest
PROP-532DD9B45FBC,Bengaluru,Rr Nagar,6500000,6839786.18,339786.18,5.23,Random Forest
PROP-2BDF8D921D38,Kolkata,Bangur Avenue,2800000,3279759.3,479759.3,17.13,Random Forest
PROP-144B4C5089D8,Bengaluru,Arakere,6800000,6266490.56,533509.44,7.85,Random Forest
PROP-A2CA99F38D85,Pune,Lulla Nagar,4000000,3649291.3,350708.7,8.77,Random Forest
PROP-98EDDDB8D98C,Bengaluru,Virupakshapura,7000000,7478682.13,478682.13,6.84,Random Forest
PROP-5D24CD48769C,Delhi,Inder Puri,500000,5338965.77,4838965.77,967.79,Random Forest
PROP-72415857F3B1,Mumbai,Mulund East,2000000,2598857.16,598857.16,29.94,Random Forest
PROP-A474AF159C00,Pune,Wakad,4600000,4460425.0,139575.0,3.03,Random Forest
PROP-677933159E12,Bengaluru,Thanisandra,7000000,5467666.36,1532333.64,21.89,Random Forest
PROP-AD41B20B07BE,Bengaluru,Kalena Agrahara,5400000,5863030.81,463030.81,8.57,Random Forest
PROP-448562E45FEB,Bengaluru,Vajarahalli,4820000,4202915.28,617084.72,12.8,Random Forest
PROP-6F2E1D655213,Kolkata,Dum Dum Park,3200000,3302869.06,102869.06,3.21,Random Forest
PROP-736F0F7ECE66,Bengaluru,Krishnarajapura,40000000,40052394.37,52394.37,0.13,Random Forest
PROP-28F5B24D0E3D,Kolkata,Haltu,4000000,4338305.26,338305.26,8.46,Random Forest
PROP-3A41C3085ED3,Chennai,Kotturpuram,8500000,8253328.5,246671.5,2.9,Random Forest
PROP-D99980C0DC28,Bengaluru,Margondanahalli,14000000,13672425.55,327574.45,2.34,Random Forest
PROP-39E81FB8972D,Delhi,Lajpat Nagar,5000000,5484792.22,484792.22,9.7,Random Forest
PROP-DFEDA14A0BE8,Chennai,Veppampattu,3900000,4779893.37,879893.37,22.56,Random Forest
PROP-3EF538C2BB00,Chennai,Ashok Nagar,11500000,7567103.23,3932896.77,34.2,Random Forest
PROP-909C64B3F704,Delhi,Burari,1300000,1468089.73,168089.73,12.93,Random Forest
PROP-138DEDBF7F6C,Bengaluru,Kodathi,9800000,8495003.66,1304996.34,13.32,Random Forest
PROP-C30B89369350,Pune,Budhwar Peth,4500000,4136407.77,363592.23,8.08,Random Forest
PROP-2B2BD378CAEC,Kolkata,Haltu,4200000,4806365.59,606365.59,14.44,Random Forest
PROP-F532821AF89B,Bengaluru,Btm Layout,18000000,18021675.95,21675.95,0.12,Random Forest
PROP-AFDAE87C7154,Chennai,Avadi,3000000,3733297.22,733297.22,24.44,Random Forest
PROP-01DEAD99037B,Kolkata,Rajarhat,3600000,3986673.38,386673.38,10.74,Random Forest
PROP-443AD859EEE0,Pune,Lohegaon,12500000,12771283.97,271283.97,2.17,Random Forest
PROP-C5709776DC76,Delhi,Khanpur,9900000,5585837.19,4314162.81,43.58,Random Forest
PROP-B4C44F440428,Bengaluru,Kithaganur Colony,5000000,5133174.32,133174.32,2.66,Random Forest
PROP-230BB0F69709,Chennai,Pudupakkam,6500000,6706022.66,206022.66,3.17,Random Forest
PROP-BC27555666D6,Delhi,Sector 2 Rohini,8500000,7537492.53,962507.47,11.32,Random Forest
PROP-0B4999D2EC4D,Chennai,Madipakkam,5870000,4796774.57,1073225.43,18.28,Random Forest
PROP-A983A289BE38,Bengaluru,Bommasandra,5200000,4050216.53,1149783.47,22.11,Random Forest
PROP-D6EDFDC0FBD2,Kolkata,Kabardanga,6500000,5348210.31,1151789.69,17.72,Random Forest
PROP-473A60EABD96,Delhi,Dera Mandi,3100000,3931540.12,831540.12,26.82,Random Forest
PROP-2E15DA7D7553,Bengaluru,Talaghattapura,4490000,5231142.87,741142.87,16.51,Random Forest
PROP-2D2947021574,Bengaluru,Chansandra,7200000,7657610.42,457610.42,6.36,Random Forest
PROP-77E8219E84FC,Delhi,Burari,1400000,1575035.39,175035.39,12.5,Random Forest
PROP-4233AA7EA058,Kolkata,Garia,4800000,4837383.13,37383.13,0.78,Random Forest
PROP-91AD8B00D735,Kolkata,Sarsuna,23000000,12043576.18,10956423.82,47.64,Random Forest
PROP-A76744E50E9F,Bengaluru,Uttarahalli Hobli,8000000,8147175.49,147175.49,1.84,Random Forest
PROP-1D61D96EF60F,Chennai,Perumbakkam,4500000,4588200.84,88200.84,1.96,Random Forest
PROP-BB3502986EF1,Pune,Dhankawadi,3700000,3784675.95,84675.95,2.29,Random Forest
PROP-D503271FAF7C,Pune,Karve Nagar,3000000,3600951.05,600951.05,20.03,Random Forest
PROP-97161B865FA1,Kolkata,South Dum Dum,2650000,2609073.61,40926.39,1.54,Random Forest
PROP-D44CFEC304B2,Kolkata,Rajpur,4000000,3959055.49,40944.51,1.02,Random Forest
PROP-9C1DE3D0CA46,Kolkata,Garia,3600000,3578499.4,21500.6,0.6,Random Forest
PROP-20AB8949E398,Pune,Punawale,3675000,3823895.21,148895.21,4.05,Random Forest
PROP-B6CDFCD7A060,Chennai,Kk Nagar,11700000,8888197.47,2811802.53,24.03,Random Forest
PROP-5E56894F11B5,Pune,Dhanori,13000000,12416823.85,583176.15,4.49,Random Forest
PROP-93DB6361384B,Pune,Hadapsar,11000000,11000342.08,342.08,0.0,Random Forest
PROP-B3F66E6E1218,Chennai,Ayappakkam,1700000,3856106.03,2156106.03,126.83,Random Forest
PROP-C883AD0F6A4D,Kolkata,Garia,3600000,4646111.58,1046111.58,29.06,Random Forest
PROP-519030674E5D,Delhi,Safdarjung Enclave,4500000,6304586.85,1804586.85,40.1,Random Forest
PROP-D0D832658684,Kolkata,Jadavpur,8500000,10365414.29,1865414.29,21.95,Random Forest
PROP-15F42F3F45D1,Pune,Panshet,12500000,12977459.16,477459.16,3.82,Random Forest
PROP-23281E632448,Pune,Chakan,4750000,3049795.05,1700204.95,35.79,Random Forest
PROP-03CC8C63050C,Pune,Kirkatwadi,2300000,2707813.74,407813.74,17.73,Random Forest
PROP-3BEBCDD966CA,Bengaluru,Basavanagudi,12500000,13690711.55,1190711.55,9.53,Random Forest
PROP-0FA6DEC053FD,Delhi,Najafgarh,18000000,18128474.31,128474.31,0.71,Random Forest
PROP-4B104614C8CE,Bengaluru,Gunjur Palya,6500000,6463969.17,36030.83,0.55,Random Forest
PROP-C8430A3AAD4B,Kolkata,Baguiati,8000000,5925158.08,2074841.92,25.94,Random Forest
PROP-4310CA2F11EA,Pune,Mohammed Wadi,1400000,1663127.65,263127.65,18.79,Random Forest
PROP-3CCB14A442A1,Pune,Vadgaon,12500000,11000340.65,1499659.35,12.0,Random Forest
PROP-6409F54AAB2B,Bengaluru,Kasavanahalli,23000000,23143291.13,143291.13,0.62,Random Forest
PROP-7F39E980C902,Delhi,Budh Vihar,4500000,5035265.47,535265.47,11.89,Random Forest
PROP-1E0B226AD1CB,Chennai,Ekkatuthangal,29000000,12011953.16,16988046.84,58.58,Random Forest
PROP-ACC3B69ECDC7,Pune,Bebadohal,3000000,2988974.71,11025.29,0.37,Random Forest
PROP-9C960929506D,Kolkata,Teghoria,3999000,3477456.24,521543.76,13.04,Random Forest
PROP-8D57BAF62DD6,Bengaluru,Electronic City,4500000,4967929.02,467929.02,10.4,Random Forest
PROP-57973D2D7260,Delhi,Kapashera,4500000,5804095.37,1304095.37,28.98,Random Forest
PROP-CFEBC8FF5FEE,Kolkata,Rahara,4500000,3195072.84,1304927.16,29.0,Random Forest
PROP-49214D77DFEC,Chennai,Adhanur,5500000,5013194.03,486805.97,8.85,Random Forest
PROP-9C6BF7B90F11,Kolkata,Santoshpur,4100000,7099026.59,2999026.59,73.15,Random Forest
PROP-07B3294DA6EF,Delhi,Shalimar Bagh,30600000,30773149.26,173149.26,0.57,Random Forest
PROP-991E932AECFB,Pune,Akurdi,1700000,1709493.8,9493.8,0.56,Random Forest
PROP-D7E616E98581,Bengaluru,Byagadadhenahalli,2400000,2204788.52,195211.48,8.13,Random Forest
PROP-3E1764E34127,Kolkata,Behala,1250000,1698824.69,448824.69,35.91,Random Forest
PROP-566F75496C08,Bengaluru,Dodda Banaswadi,7500000,8772530.04,1272530.04,16.97,Random Forest
PROP-BD0EFDD55941,Delhi,Badarpur,14000000,14705176.82,705176.82,5.04,Random Forest
PROP-644D268CD417,Kolkata,Kaikhali,2800000,4867295.33,2067295.33,73.83,Random Forest
PROP-671CB4740F4C,Bengaluru,Jayanagar,25000000,20960008.09,4039991.91,16.16,Random Forest
PROP-03531CEBC5CA,Kolkata,Mandirtala,3000000,3370002.77,370002.77,12.33,Random Forest
PROP-A6618196324F,Pune,Shivane,3200000,3030801.43,169198.57,5.29,Random Forest
PROP-3AB12F84366F,Delhi,Hari Nagar,20000000,20349392.37,349392.37,1.75,Random Forest
PROP-ED4DB1169AFB,Kolkata,Lake Town,2400000,3095898.9,695898.9,29.0,Random Forest
PROP-64F5EBE68935,Delhi,Narela,3500000,3696659.81,196659.81,5.62,Random Forest
PROP-1D3C0C922DE5,Chennai,Ayappakkam,4000000,3928753.4,71246.6,1.78,Random Forest
PROP-EFAECB9DC87C,Bengaluru,Electronic City Phase Ii,5700000,4735147.87,964852.13,16.93,Random Forest
PROP-9B66A02D0630,Kolkata,Behala,4000000,4002707.11,2707.11,0.07,Random Forest
PROP-E1B04EAF72FF,Bengaluru,Electronic City Phase Ii,5700000,4778070.43,921929.57,16.17,Random Forest
PROP-E796F9A9C029,Kolkata,Garia,3000000,4326287.56,1326287.56,44.21,Random Forest
PROP-3CFAAD40BBC9,Kolkata,Sodepur,7500000,4878178.21,2621821.79,34.96,Random Forest
PROP-CC1A3CD1AEAE,Kolkata,Regent Park,2500000,2066683.11,433316.89,17.33,Random Forest
PROP-7C444CF68EF4,Bengaluru,Bikasipura,7500000,7521039.13,21039.13,0.28,Random Forest
PROP-BA9E56614218,Kolkata,Madhyamgram,12000000,8579562.65,3420437.35,28.5,Random Forest
PROP-D8A3AAC363D4,Pune,Ranjangaon,1700000,1671835.84,28164.16,1.66,Random Forest
PROP-58B7AE50D315,Kolkata,Keshtopur,3259000,3931245.28,672245.28,20.63,Random Forest
PROP-E1ACD38526EE,Kolkata,Tollygunge,4800000,4997880.52,197880.52,4.12,Random Forest
PROP-88263A0917D7,Kolkata,Deshbandhu Nagar,10600000,8618769.04,1981230.96,18.69,Random Forest
PROP-D04249A2F8C6,Chennai,Mudichur,3300000,4376199.25,1076199.25,32.61,Random Forest
PROP-D10196DEBC00,Kolkata,Tangra,50000000,30367216.88,19632783.12,39.27,Random Forest
PROP-487838313AD9,Bengaluru,Horamavu,5500000,5472187.34,27812.66,0.51,Random Forest
PROP-C62B43F38CCC,Delhi,Jaitpur,1050000,2277533.09,1227533.09,116.91,Random Forest
PROP-42AAE903FF08,Kolkata,Baguiati,4800000,3302735.99,1497264.01,31.19,Random Forest
PROP-FB06D2E59F92,Chennai,West Mambalam,16000000,12572740.32,3427259.68,21.42,Random Forest
PROP-919C38CDEB64,Bengaluru,Rk Hegde Nagar,17000000,12479348.08,4520651.92,26.59,Random Forest
PROP-D8DCABCE8AE4,Chennai,Perumbakkam,4500000,4130740.96,369259.04,8.21,Random Forest
PROP-FCD2EC9B3ED8,Kolkata,South Dum Dum,1700000,2058374.07,358374.07,21.08,Random Forest
PROP-6B6059C14A8A,Pune,Shivane,1550000,2593071.22,1043071.22,67.29,Random Forest
PROP-97B3BF9DCA10,Bengaluru,Munnekollal,5250000,5818362.74,568362.74,10.83,Random Forest
PROP-0000796D181F,Delhi,Tri Nagar,10000000,7757429.55,2242570.45,22.43,Random Forest
PROP-FA0A1DDACC7A,Bengaluru,Marathahalli,7000000,6363328.33,636671.67,9.1,Random Forest
PROP-7F3F80142AB6,Delhi,Najafgarh,2800000,2564260.88,235739.12,8.42,Random Forest
PROP-E1DEEFC57AA9,Pune,Nanded,5000000,4474693.55,525306.45,10.51,Random Forest
PROP-0D33B9F918C9,Delhi,Khera Khurd,2000000,2068404.82,68404.82,3.42,Random Forest
PROP-091D4A015A48,Kolkata,Rajpur,5000000,3986596.51,1013403.49,20.27,Random Forest
PROP-67DA8FD2B232,Kolkata,Rajarhat,4500000,4184022.91,315977.09,7.02,Random Forest
PROP-7124AD0F7686,Bengaluru,Bommasandra,3600000,3885190.93,285190.93,7.92,Random Forest
PROP-577F6378425E,Bengaluru,Akshayanagar,8800000,6345169.8,2454830.2,27.9,Random Forest
PROP-C3F7B5D86C96,Chennai,Pozhichalur,3300000,11029438.97,7729438.97,234.23,Random Forest
PROP-896E8998397A,Kolkata,Sonarpur,3500000,2783973.66,716026.34,20.46,Random Forest
PROP-6E5FEC60EF5B,Pune,Loni Kalbhor,2700000,2183422.11,516577.89,19.13,Random Forest
PROP-47C446F8EA16,Kolkata,Mahheshtala,3450000,5515665.35,2065665.35,59.87,Random Forest
PROP-AB79A648775B,Pune,Hadapsar,4800000,5474596.96,674596.96,14.05,Random Forest
PROP-508FB2274A5A,Pune,Dhayari,2100000,2311647.49,211647.49,10.08,Random Forest
PROP-AABFB17B7D65,Delhi,Mehrauli,6500000,2889938.35,3610061.65,55.54,Random Forest
PROP-019BB7F6FC5A,Delhi,Sector 16 Rohini,2700000,2670619.98,29380.02,1.09,Random Forest
PROP-F81A9F971B57,Pune,Kharadi,16500000,14569876.76,1930123.24,11.7,Random Forest
PROP-A7645A4CF350,Pune,Manjari Budruk,9500000,8318220.09,1181779.91,12.44,Random Forest
PROP-937825DA2B1F,Delhi,Hauz Khas,110000000,97430776.18,12569223.82,11.43,Random Forest
PROP-2C3582A9D384,Pune,Lonikand,2500000,2342684.07,157315.93,6.29,Random Forest
PROP-7ED93828946E,Pune,Marunji,4800000,4797217.26,2782.74,0.06,Random Forest
PROP-B8B94387843F,Pune,Marunji,3500000,3382103.2,117896.8,3.37,Random Forest
PROP-193F4EF309DA,Pune,Kondhwa,6000000,5610137.19,389862.81,6.5,Random Forest
PROP-427BB62F325C,Pune,Kharadi,1500000,1618904.96,118904.96,7.93,Random Forest
PROP-1E40B5CCA256,Pune,Kothrud,15000000,16243035.41,1243035.41,8.29,Random Forest
PROP-C14C5364DF49,Pune,Punawale,4500000,5296245.0,796245.0,17.69,Random Forest
PROP-4486EEF8D4D1,Chennai,Padappai,1200000,1403122.79,203122.79,16.93,Random Forest
PROP-9C0155D64C0C,Chennai,Ennore,7500000,26234913.58,18734913.58,249.8,Random Forest
PROP-50394F774E73,Pune,Rahatani,6300000,6046064.4,253935.6,4.03,Random Forest
PROP-ABBAAB4A7BB3,Delhi,Mayur Vihar,2400000,2795551.45,395551.45,16.48,Random Forest
PROP-3BA055D85EF0,Pune,Wakad,8149000,7778707.03,370292.97,4.54,Random Forest
PROP-05E36858244F,Delhi,Nangloi,2500000,2828217.82,328217.82,13.13,Random Forest
PROP-AF6144C38FE8,Chennai,Kanchipuram,30000000,31180501.24,1180501.24,3.94,Random Forest
PROP-3348AB66A06C,Chennai,Thalambur,1600000,4113143.69,2513143.69,157.07,Random Forest
PROP-6C0936C8F0AD,Pune,Chikhali,4900000,4624296.2,275703.8,5.63,Random Forest
PROP-8BEAB30F288D,Chennai,Kattur,4243000,4381845.49,138845.49,3.27,Random Forest
PROP-D086A5805E7B,Pune,Sus,7500000,7765523.3,265523.3,3.54,Random Forest
PROP-3FA6A4F71660,Pune,Shivaji Nagar,15000000,16675288.82,1675288.82,11.17,Random Forest
PROP-F4896266A45B,Pune,Wakad,9500000,7933648.72,1566351.28,16.49,Random Forest
PROP-9A7489587C51,Chennai,Red Hills,3700000,5805063.0,2105063.0,56.89,Random Forest
PROP-6C5E68C07BBE,Pune,Fursungi,7500000,9655650.64,2155650.64,28.74,Random Forest
PROP-751A22338514,Chennai,Alandur,2500000,2825431.68,325431.68,13.02,Random Forest
PROP-1E7CF47E4D36,Delhi,Qutub Vihar,1900000,2256166.66,356166.66,18.75,Random Forest
PROP-D7C2B2F41C4C,Chennai,Mugalivakkam,12000000,7641963.68,4358036.32,36.32,Random Forest
PROP-76B2C7803F78,Pune,Kondhwa,7000000,6598030.14,401969.86,5.74,Random Forest
PROP-50676E9D9F4F,Delhi,Shahdara,2000000,5096976.96,3096976.96,154.85,Random Forest
PROP-2B717BE67EC4,Pune,Magarpatta City,27000000,26726066.63,273933.37,1.01,Random Forest
PROP-07B8746D23A2,Bengaluru,Vidyaranyapura,5500000,5806895.23,306895.23,5.58,Random Forest
PROP-7421156566D1,Bengaluru,Marsur,9000000,10670600.13,1670600.13,18.56,Random Forest
PROP-D54BF2F0FBB5,Delhi,Rajinder Nagar,16500000,18172079.48,1672079.48,10.13,Random Forest
PROP-96868D158019,Bengaluru,Jayanagar,10000000,8653638.75,1346361.25,13.46,Random Forest
PROP-D943D15B8A66,Delhi,Sector 9 Rohini,14000000,13658361.84,341638.16,2.44,Random Forest
PROP-BA06BA1E0E0D,Bengaluru,Konanakunte,5900000,6464484.78,564484.78,9.57,Random Forest
PROP-E12060B5FCF0,Pune,Warje,2400000,2410278.14,10278.14,0.43,Random Forest
PROP-CBDD9BFBC924,Pune,Wakad,4200000,4018333.27,181666.73,4.33,Random Forest
PROP-73EC79C346C9,Bengaluru,Kannuru,6000000,5977583.83,22416.17,0.37,Random Forest
PROP-C478F2F33020,Pune,Wagholi,2600000,3039556.21,439556.21,16.91,Random Forest
PROP-218BB9049506,Pune,Pimpri,6000000,6187177.42,187177.42,3.12,Random Forest
PROP-D365A7B2C57D,Pune,Punawale,5900000,6613873.04,713873.04,12.1,Random Forest
PROP-198A4414CF17,Pune,Dhanori,6500000,5715027.58,784972.42,12.08,Random Forest
PROP-AD421BD5654A,Pune,Chinchwad,3700000,3905150.93,205150.93,5.54,Random Forest
PROP-4AE5BBC199FF,Delhi,Najafgarh,18000000,18277411.06,277411.06,1.54,Random Forest
PROP-C2DBDC3420F0,Chennai,Mogappair,12500000,16490468.71,3990468.71,31.92,Random Forest
PROP-B8C56FCADE08,Pune,Fursungi,3000000,2866325.73,133674.27,4.46,Random Forest
PROP-5A9592DB1F1D,Pune,Hadapsar,5500000,5782179.53,282179.53,5.13,Random Forest
PROP-43AF163981C9,Pune,Gahunje,6500000,4777770.12,1722229.88,26.5,Random Forest
PROP-F9DCDB747D11,Pune,Pisoli,4700000,4727618.43,27618.43,0.59,Random Forest
PROP-7171986C6A37,Pune,Bhugaon,8000000,7283266.82,716733.18,8.96,Random Forest
PROP-6153FB7F2B67,Chennai,Ashthinapuram,6000000,6834009.23,834009.23,13.9,Random Forest
PROP-AFDB4203AF02,Delhi,Shahdara,6500000,6721236.89,221236.89,3.4,Random Forest
PROP-B09BC38C8A1A,Chennai,Old Washermanpet,2800000,2579790.31,220209.69,7.86,Random Forest
PROP-D489B728AB28,Bengaluru,K Channasandra,4700000,5408602.47,708602.47,15.08,Random Forest
PROP-76039D31B119,Pune,Shivaji Nagar,42100000,41942631.11,157368.89,0.37,Random Forest
PROP-3FC81BB9A8E9,Pune,Dhanori,6200000,5051336.81,1148663.19,18.53,Random Forest
PROP-7DC55992A5F7,Pune,Sus,5800000,6618362.18,818362.18,14.11,Random Forest
PROP-6E687CF596C9,Pune,Dhayari,6000000,6342443.54,342443.54,5.71,Random Forest
PROP-4C94311153E5,Pune,Rajgurunagar,1400000,1362604.12,37395.88,2.67,Random Forest
PROP-07F19728EC21,Chennai,Adyar,11000000,9026352.67,1973647.33,17.94,Random Forest
PROP-9AAC411C21F9,Pune,Kiwale,3350000,3695946.67,345946.67,10.33,Random Forest
PROP-5F20A6821AC7,Chennai,Sevvapet,6500000,7602108.76,1102108.76,16.96,Random Forest
PROP-1D6A69D5960E,Pune,Moshi,6500000,5759305.2,740694.8,11.4,Random Forest
PROP-CB0DDE945B7A,Pune,Charholi Kurd,2400000,2241158.8,158841.2,6.62,Random Forest
PROP-F3A128C532B5,Pune,Warje,5700000,5816866.88,116866.88,2.05,Random Forest
PROP-718CE2A5E52A,Chennai,Kovur,9000000,15803295.34,6803295.34,75.59,Random Forest
PROP-BB5B83AE6F90,Delhi,Kamla Nagar,45000000,46307425.51,1307425.51,2.91,Random Forest
PROP-6B1DC8E61D9E,Pune,Keshav Nagar,7800000,8058153.49,258153.49,3.31,Random Forest
PROP-B5F6D51294B4,Chennai,Nemilicheri,5200000,7612494.02,2412494.02,46.39,Random Forest
PROP-EC62912FBF43,Pune,Kharadi,30000000,29128400.87,871599.13,2.91,Random Forest
PROP-B28630628F9B,Pune,Kalewadi,8500000,7212185.87,1287814.13,15.15,Random Forest
PROP-4C83E815CACF,Chennai,Maraimalai Nagar,4500000,3862276.23,637723.77,14.17,Random Forest
PROP-B0FC8841569E,Chennai,Mogappair,6000000,7382611.99,1382611.99,23.04,Random Forest
PROP-AB88189F7163,Chennai,Sikkarayapuram,14000000,10910142.04,3089857.96,22.07,Random Forest
PROP-2055C19CB674,Pune,Narhe,1290000,1647525.18,357525.18,27.72,Random Forest
PROP-69F481659997,Chennai,Kanchipuram,2500000,3942898.66,1442898.66,57.72,Random Forest
PROP-4172C423BC27,Chennai,Ponneri,6000000,4312639.42,1687360.58,28.12,Random Forest
PROP-7FE1DF5521DC,Delhi,Kashmere Gate,2000000,2620740.42,620740.42,31.04,Random Forest
PROP-50E606087A7C,Pune,Tathawade,4200000,4263908.75,63908.75,1.52,Random Forest
PROP-DD6861FA201B,Chennai,Sholinganallur,3900000,4501345.13,601345.13,15.42,Random Forest
PROP-49ACBF50F717,Chennai,Guduvancheri,2900000,3113923.72,213923.72,7.38,Random Forest
PROP-661B8AB6A103,Chennai,Triplicane,5299000,5025857.08,273142.92,5.15,Random Forest
PROP-B5D2587A4084,Pune,Manjari Budruk,7500000,6139994.27,1360005.73,18.13,Random Forest
PROP-A918B769D6B9,Pune,Punawale,5800000,6545470.17,745470.17,12.85,Random Forest
PROP-6B6BE6C61FEF,Chennai,Perumbakkam,3950000,2433716.85,1516283.15,38.39,Random Forest
PROP-5CF35E1B898A,Chennai,Padur,1950000,2652126.48,702126.48,36.01,Random Forest
PROP-3394EA0AC455,Pune,Tathawade,13500000,11436121.26,2063878.74,15.29,Random Forest
PROP-F98C157B29CE,Pune,Ghorpadi,32500000,31980449.5,519550.5,1.6,Random Forest
PROP-8376954AEA95,Chennai,Kodungaiyur East,5900000,7435469.4,1535469.4,26.02,Random Forest
PROP-4F32EE8407AD,Chennai,Guduvancheri,7500000,7070752.26,429247.74,5.72,Random Forest
PROP-2E3EC8E874AE,Delhi,Kalkaji,5500000,6966360.05,1466360.05,26.66,Random Forest
PROP-9A1F628A10B9,Delhi,Dilshad Garden,4500000,5317762.83,817762.83,18.17,Random Forest
PROP-B67D54B79A19,Chennai,Kodungaiyur West,3250000,3573064.19,323064.19,9.94,Random Forest
PROP-1562A0265141,Chennai,Kumananchavadi,6000000,4831631.6,1168368.4,19.47,Random Forest
PROP-80FBD22F25CE,Delhi,Ashok Vihar,7000000,8788180.19,1788180.19,25.55,Random Forest
PROP-5D924DEEC572,Delhi,Mayur Vihar Phase 3,13000000,9934155.5,3065844.5,23.58,Random Forest
PROP-EEC70E716251,Delhi,Mahavir Enclave,2000000,2064156.48,64156.48,3.21,Random Forest
PROP-9777B4A5461C,Pune,Balewadi,402000000,214484943.84,187515056.16,46.65,Random Forest
PROP-2EC168604693,Chennai,Triplicane,6200000,5357048.14,842951.86,13.6,Random Forest
PROP-0E0D2C5B8C8A,Pune,Jalochi,3500000,2374171.49,1125828.51,32.17,Random Forest
PROP-E9E5C4B7AAC9,Delhi,Wazirabad,3000000,5213188.66,2213188.66,73.77,Random Forest
PROP-CAD881D27239,Chennai,Oragadam Ambattur,11000000,12588092.4,1588092.4,14.44,Random Forest
PROP-E65FC9D8022F,Chennai,Triplicane,11000000,4938608.14,6061391.86,55.1,Random Forest
PROP-61F665798380,Chennai,Old Washermanpet,21800000,2611571.15,19188428.85,88.02,Random Forest
PROP-4D8D9BA16C41,Pune,Dhankawadi,4100000,4073028.95,26971.05,0.66,Random Forest
PROP-04225BDF52C1,Pune,Hinjewadi Phase 3,7200000,5567908.61,1632091.39,22.67,Random Forest
PROP-28DFBC8DCE0A,Pune,Hadapsar,5500000,4872752.47,627247.53,11.4,Random Forest
PROP-BE86905CFF2E,Pune,Talegaon Dabhade,3500000,3339584.72,160415.28,4.58,Random Forest
PROP-7A95207DD455,Chennai,Urapakkam,6200000,6244520.03,44520.03,0.72,Random Forest
PROP-9DA23E88251B,Chennai,Paranur,30000000,15420137.83,14579862.17,48.6,Random Forest
PROP-2330079CA17F,Pune,Rahatani,8000000,7734878.08,265121.92,3.31,Random Forest
PROP-334657AE77B1,Chennai,Muttukadu,12700000,13038774.29,338774.29,2.67,Random Forest
PROP-91964089B0FC,Delhi,Old Delhi,1600000,2684398.0,1084398.0,67.77,Random Forest
PROP-0EDAB1BD1273,Chennai,Kosappur,7000000,9258561.66,2258561.66,32.27,Random Forest
PROP-B355C98429A1,Kolkata,Boral,3500000,7368777.49,3868777.49,110.54,Random Forest
PROP-E528079CC2AD,Bengaluru,Padmanabhanagar,3850000,4211079.39,361079.39,9.38,Random Forest
PROP-E5C7FD45EC04,Chennai,Perungalathur,3300000,3683029.42,383029.42,11.61,Random Forest
PROP-69F66ED866EC,Chennai,Rajakilpakkam,4200000,4665433.27,465433.27,11.08,Random Forest
PROP-FE7C351FC38D,Kolkata,Ganguly Bagan,3500000,6732341.32,3232341.32,92.35,Random Forest
PROP-1D5694A4E89E,Bengaluru,Jakkur,16000000,15138907.38,861092.62,5.38,Random Forest
PROP-648DA5A4EDFF,Delhi,Sarita Vihar,5000000,4592309.55,407690.45,8.15,Random Forest
PROP-386843F2FDBC,Bengaluru,Akshayanagar,4800000,5077660.56,277660.56,5.78,Random Forest
PROP-E183B36DBF9C,Pune,Rahatani,3200000,3526626.24,326626.24,10.21,Random Forest
PROP-D9CB1DD0F711,Pune,Kirkatwadi,4500000,4509798.99,9798.99,0.22,Random Forest
PROP-0839A69A25E7,Kolkata,Bhowanipore,40000000,37870176.32,2129823.68,5.32,Random Forest
PROP-6C2B6A425065,Chennai,Kalipathur,4000000,5090322.95,1090322.95,27.26,Random Forest
PROP-A36C94723B05,Chennai,Kotturpuram,12800000,13447547.99,647547.99,5.06,Random Forest
PROP-0CCC81E445EA,Bengaluru,Sahakara Nagar,13000000,11796260.5,1203739.5,9.26,Random Forest
PROP-0FA60BF8C7B6,Pune,Pimple Nilakh,4500000,4163605.21,336394.79,7.48,Random Forest
PROP-8E5E873C46A7,Pune,Fursungi,3400000,4251961.72,851961.72,25.06,Random Forest
PROP-3E351217DCA4,Kolkata,Bangur Avenue,3500000,4377379.75,877379.75,25.07,Random Forest
PROP-C8E42F858B13,Bengaluru,Hsr Layout,5850000,5984680.11,134680.11,2.3,Random Forest
PROP-AB5A295B5293,Pune,Hinjewadi Phase 3,6300000,4171191.8,2128808.2,33.79,Random Forest
PROP-6101D9D0815E,Pune,Camp,16000000,15776859.66,223140.34,1.39,Random Forest
PROP-516147147170,Bengaluru,Sorahunase,5850000,6770247.46,920247.46,15.73,Random Forest
PROP-E1400AEBC247,Kolkata,New Alipore,5500000,10516395.67,5016395.67,91.21,Random Forest
PROP-613214026DEC,Kolkata,Nayabad,3200000,3233005.95,33005.95,1.03,Random Forest
PROP-C50197315C5B,Pune,Dudulgaon,2800000,3173018.51,373018.51,13.32,Random Forest
PROP-96AE64E0AE51,Bengaluru,Kaval Bairasandra,4800000,5340066.05,540066.05,11.25,Random Forest
PROP-81B98A2ADF41,Delhi,Narela,4000000,4566894.99,566894.99,14.17,Random Forest
PROP-485FF5B36297,Pune,Uttam Nagar,2200000,2234572.27,34572.27,1.57,Random Forest
PROP-C52F4D39B865,Kolkata,Thakurpukur,1800000,3050005.26,1250005.26,69.44,Random Forest
PROP-EDF8432FE4FB,Bengaluru,Kengeri Hobli,7000000,5246528.62,1753471.38,25.05,Random Forest
PROP-1637BD590F22,Delhi,Ashok Vihar,58000000,26585205.58,31414794.42,54.16,Random Forest
PROP-EDA26ACA745F,Pune,Shikrapur,1500000,1733798.35,233798.35,15.59,Random Forest
PROP-BBB3A01A2F49,Bengaluru,Whitefield,6300000,6279402.41,20597.59,0.33,Random Forest
PROP-296A5EDDFEF1,Kolkata,Dum Dum Park,2800000,3119636.08,319636.08,11.42,Random Forest
PROP-326C6C985F63,Bengaluru,Choodasandra,12000000,11671812.58,328187.42,2.73,Random Forest
PROP-0BF84DE55887,Chennai,Tambaram East,6500000,9105251.89,2605251.89,40.08,Random Forest
PROP-1BA137FCFEB8,Pune,Sangamvadi,4800000,3900318.68,899681.32,18.74,Random Forest
PROP-34AA51D6DB14,Chennai,Valasaravakkam,6600000,7274342.85,674342.85,10.22,Random Forest
PROP-F692AF9D9DBB,Pune,Pirangut,4800000,4298229.77,501770.23,10.45,Random Forest
PROP-C9F82BF3C623,Chennai,Varadharajapuram,6000000,3634987.24,2365012.76,39.42,Random Forest
PROP-9920FEDD3A27,Bengaluru,Gunjur,5500000,6118234.59,618234.59,11.24,Random Forest
PROP-7D6F43A9D4CE,Chennai,Ayappakkam,7500000,5483345.55,2016654.45,26.89,Random Forest
PROP-FB0D36CBD496,Pune,Lohegaon,4500000,5094562.4,594562.4,13.21,Random Forest
PROP-1225888C958D,Kolkata,Purba Barisha,2700000,2180469.33,519530.67,19.24,Random Forest
PROP-734131851919,Kolkata,Belghoria,2800000,2665593.61,134406.39,4.8,Random Forest
PROP-B13EC64B4D8C,Pune,Chakan,1200000,1445987.22,245987.22,20.5,Random Forest
PROP-F466BD78E78E,Pune,Dhayari,2400000,2632433.04,232433.04,9.68,Random Forest
PROP-333C68C4F662,Pune,Rahatani,10500000,10515367.81,15367.81,0.15,Random Forest
PROP-C24219733A36,Pune,Sadashiv Peth,7000000,6972656.71,27343.29,0.39,Random Forest
PROP-93543A2B8291,Bengaluru,Electronic City,12500000,11273724.59,1226275.41,9.81,Random Forest
PROP-5B88E522A164,Delhi,Arjun Nagar,4000000,3759931.0,240069.0,6.0,Random Forest
PROP-4CB24B1A7F77,Delhi,Ganesh Nagar,2650000,3054229.05,404229.05,15.25,Random Forest
PROP-7ED1F20898BC,Bengaluru,Srinivasa Nagar,11000000,13857413.15,2857413.15,25.98,Random Forest
PROP-D1ECAC019D3E,Delhi,Madanpur Dabas,2500000,2236337.48,263662.52,10.55,Random Forest
PROP-EE658D339931,Kolkata,Alipore,19900000,19804730.91,95269.09,0.48,Random Forest
PROP-ED2A96EE81CC,Kolkata,Keshtopur,9500000,8193124.02,1306875.98,13.76,Random Forest
PROP-F199A2484588,Delhi,Sector 35 Rohini,2500000,2434404.46,65595.54,2.62,Random Forest
PROP-4E40A6E12781,Bengaluru,Akshayanagar,26500000,25877044.53,622955.47,2.35,Random Forest
PROP-608EF4DC87B4,Chennai,Poonamallee,24500000,23839406.49,660593.51,2.7,Random Forest
PROP-D08A5EDEFD32,Kolkata,Tollygunge,25000000,12588672.62,12411327.38,49.65,Random Forest
PROP-1FB8D6BD160D,Chennai,Madambakkam,3000000,3639213.39,639213.39,21.31,Random Forest
PROP-8A5464BB826A,Pune,Ambegaon Budruk,15000000,14615138.23,384861.77,2.57,Random Forest
PROP-DC411E13B622,Chennai,Choolaimedu,19700000,17727010.72,1972989.28,10.02,Random Forest
PROP-B110CDEDE589,Kolkata,Tollygunge,30000000,9157164.19,20842835.81,69.48,Random Forest
PROP-8CE170936004,Pune,Fursungi,3700000,2819398.78,880601.22,23.8,Random Forest
PROP-8A768B15D13A,Kolkata,Malancha Mahi Nagar,8500000,4450291.7,4049708.3,47.64,Random Forest
PROP-61D3FEC6E5AB,Pune,Kondhwa,3200000,2484505.68,715494.32,22.36,Random Forest
PROP-0C7348FE202B,Bengaluru,Jp Nagar,22500000,21051893.53,1448106.47,6.44,Random Forest
PROP-304E27B69521,Delhi,Jangpura,4425000,4127377.15,297622.85,6.73,Random Forest
PROP-A7E68362B9E1,Pune,Uruli Kanchan,2700000,2347329.14,352670.86,13.06,Random Forest
PROP-AA8604D84968,Bengaluru,Gattahalli,6000000,6331080.96,331080.96,5.52,Random Forest
PROP-9822EEF82ABC,Kolkata,Behala,17000000,12124421.38,4875578.62,28.68,Random Forest
PROP-DFD6E796FB34,Pune,Mahalunge Ingale,2800000,2471813.75,328186.25,11.72,Random Forest
PROP-E919A969ED24,Bengaluru,Electronic City Phase Ii,7500000,7034062.73,465937.27,6.21,Random Forest
PROP-106BC321EBEB,Kolkata,New Town,1800000,1877284.64,77284.64,4.29,Random Forest
PROP-EE9919856925,Kolkata,Shobhabazar,35000000,32148833.77,2851166.23,8.15,Random Forest
PROP-FB797273D500,Bengaluru,Mathikere,13500000,11730788.55,1769211.45,13.11,Random Forest
PROP-85AD7C219091,Pune,Kashewadi,19000000,19435132.85,435132.85,2.29,Random Forest
PROP-AF6DFD39DE24,Kolkata,Chandpara,2800000,13613420.84,10813420.84,386.19,Random Forest
PROP-EB6490EEF52A,Chennai,Ambattur,5600000,5201333.08,398666.92,7.12,Random Forest
PROP-170E8E55BC70,Pune,Bopkhel,2700000,2657976.3,42023.7,1.56,Random Forest
PROP-E64408990A61,Bengaluru,Volagerekallahalli,5000000,5305385.28,305385.28,6.11,Random Forest
PROP-F63B0ABC2C11,Bengaluru,Rajajinagar,7500000,7386481.31,113518.69,1.51,Random Forest
PROP-5AB3B76F53DE,Bengaluru,Kambipura,5320000,5206839.84,113160.16,2.13,Random Forest
PROP-B648F5933CA8,Delhi,Bindapur,2550000,2522240.16,27759.84,1.09,Random Forest
PROP-95F5F8A5DECD,Kolkata,Purba Putiary,4200000,5837654.19,1637654.19,38.99,Random Forest
PROP-D7D0F89B13AE,Bengaluru,Subramanyapura,4490000,4985985.04,495985.04,11.05,Random Forest
PROP-EF727F0D4308,Delhi,Kondli,1500000,7284250.5,5784250.5,385.62,Random Forest
PROP-FA8C0436DBDA,Kolkata,Baruipur P,2450000,2904179.66,454179.66,18.54,Random Forest
PROP-7CF1253EFBEE,Kolkata,Barasat,11000000,5003666.16,5996333.84,54.51,Random Forest
PROP-E8E86B079FDA,Kolkata,Ruiya,2600000,2744804.19,144804.19,5.57,Random Forest
PROP-EA5C1B8F0143,Pune,Bavdhan,28000000,27271104.27,728895.73,2.6,Random Forest
PROP-5595AF735EEB,Delhi,Malviya Nagar,200000000,132833551.14,67166448.86,33.58,Random Forest
PROP-8E8B33778AD0,Kolkata,Harinavi,4500000,6383973.6,1883973.6,41.87,Random Forest
PROP-87E5683FF62B,Chennai,Adambakkam,9631000,8187319.89,1443680.11,14.99,Random Forest
PROP-B1B9153B540D,Kolkata,Hanspukuria,1300000,2004214.44,704214.44,54.17,Random Forest
PROP-1CE982CF9374,Bengaluru,Sahakara Nagar,21100000,17012889.21,4087110.79,19.37,Random Forest
PROP-08020ABAEB5F,Delhi,Mandi,4800000,3555793.47,1244206.53,25.92,Random Forest
PROP-1281D0CC8F2D,Pune,Kharadi,8000000,7785382.15,214617.85,2.68,Random Forest
PROP-D8E85E5F9387,Chennai,Velachery,13000000,8478951.1,4521048.9,34.78,Random Forest
PROP-2A868B10386A,Bengaluru,Anchepalya,5000000,4511262.76,488737.24,9.77,Random Forest
PROP-D13F1E999F2A,Bengaluru,Kambipura,4500000,4633532.34,133532.34,2.97,Random Forest
PROP-198FA6AB72E8,Bengaluru,Iggalur,4000000,4462847.66,462847.66,11.57,Random Forest
PROP-EF09CA4355A3,Kolkata,Shobhabazar,16000000,23518738.63,7518738.63,46.99,Random Forest
PROP-664997DC907D,Bengaluru,Kogilu,16000000,14223417.94,1776582.06,11.1,Random Forest
PROP-B36EAA23BE5F,Bengaluru,Kadugodi,6000000,5361377.1,638622.9,10.64,Random Forest
PROP-13B112EC5F8E,Pune,Yewalewadi,2800000,2886960.23,86960.23,3.11,Random Forest
PROP-4E1D7BA11A5B,Pune,Bhugaon,1100000,1223255.93,123255.93,11.21,Random Forest
PROP-313C6CDE9C19,Chennai,Ekkatuthangal,32500000,27691972.34,4808027.66,14.79,Random Forest
PROP-2CEA46066DA3,Kolkata,Hussainpur,50000000,20223155.45,29776844.55,59.55,Random Forest
PROP-AA1F2E9E4803,Delhi,Sector 25 Rohini,6500000,8771849.55,2271849.55,34.95,Random Forest
PROP-E3F96BB1EFFF,Bengaluru,Anagalapura,8500000,8383928.72,116071.28,1.37,Random Forest
PROP-9ED958E0E47F,Bengaluru,Hennur,19700000,13925669.46,5774330.54,29.31,Random Forest
PROP-F6374C8B0A70,Kolkata,Boral,2100000,2823485.48,723485.48,34.45,Random Forest
PROP-2C9F5256BF79,Bengaluru,Rajajinagar,11000000,14017294.4,3017294.4,27.43,Random Forest
PROP-847E6F96F715,Kolkata,Mahheshtala,5600000,5678079.04,78079.04,1.39,Random Forest
PROP-1BCEA45AC9A8,Kolkata,Malancha Mahi Nagar,2200000,2763478.02,563478.02,25.61,Random Forest
PROP-05DB6BF616BA,Pune,Kondhwa,5700000,5573024.67,126975.33,2.23,Random Forest
PROP-23CA3016CA9F,Pune,Bakori,2500000,3551995.21,1051995.21,42.08,Random Forest
PROP-2145BED22369,Bengaluru,Chikkalasandra,2700000,2827689.35,127689.35,4.73,Random Forest
PROP-4EBBB3B7CCDC,Bengaluru,Kothanur,7800000,7932838.75,132838.75,1.7,Random Forest
PROP-E6BC27C0C4ED,Delhi,Sector 12 Dwarka,60500000,65412051.26,4912051.26,8.12,Random Forest
PROP-28BDB93AB05C,Kolkata,Mahheshtala,8500000,7955974.25,544025.75,6.4,Random Forest
PROP-E7104E6734F4,Kolkata,Sonarpur,4400000,4147344.33,252655.67,5.74,Random Forest
PROP-BA443155CFB6,Kolkata,Subhasgram,3200000,3581199.54,381199.54,11.91,Random Forest
PROP-23A9AD464CE9,Delhi,Mahavir Enclave,3700000,3597797.79,102202.21,2.76,Random Forest
PROP-6AFD1A14CAC8,Bengaluru,Electronic City Phase Ii,5000000,5147679.12,147679.12,2.95,Random Forest
PROP-DF5E711D6ECF,Pune,Wadegaon,2500000,6552445.59,4052445.59,162.1,Random Forest
PROP-63CEAAB317BC,Mumbai,Kandivali West,6700000,6891307.57,191307.57,2.86,Random Forest
PROP-2E5973593398,Pune,Daund,1750000,2423349.85,673349.85,38.48,Random Forest
PROP-4FD4122CB71C,Mumbai,Kandivali West,13000000,12905676.66,94323.34,0.73,Random Forest
PROP-C53EE29FC18B,Delhi,Hauz Khas,24000000,23007223.4,992776.6,4.14,Random Forest
PROP-45E74B98F378,Delhi,Burari,2600000,2294093.59,305906.41,11.77,Random Forest
PROP-77DD4E044C4F,Delhi,Hastsal,2800000,3349637.41,549637.41,19.63,Random Forest
PROP-C6F3281B4F7A,Pune,Wadgaon Sheri,1300000,1524934.42,224934.42,17.3,Random Forest
PROP-05CBC5643D66,Mumbai,Virar West,2851000,3302107.35,451107.35,15.82,Random Forest
PROP-D27FE8ED9C9F,Bengaluru,Chikkabidarakallu,7200000,7996873.24,796873.24,11.07,Random Forest
PROP-632C124B793F,Bengaluru,Krishnarajapura,6000000,5595131.05,404868.95,6.75,Random Forest
PROP-00315A001814,Mumbai,Malad East,20500000,19133290.16,1366709.84,6.67,Random Forest
PROP-C9366A78D70D,Bengaluru,Kothanur,35000000,35178595.31,178595.31,0.51,Random Forest
PROP-DC3C2145E1AC,Mumbai,Borivali East,11500000,10620693.77,879306.23,7.65,Random Forest
PROP-458DEF5FE251,Bengaluru,Hoodi,16000000,13106890.27,2893109.73,18.08,Random Forest
PROP-1D5CF6DD2C38,Bengaluru,Kannuru,11000000,11064726.49,64726.49,0.59,Random Forest
PROP-492625BAD932,Bengaluru,Yemalur,60000000,50607908.72,9392091.28,15.65,Random Forest
PROP-BD07EDEEFD63,Mumbai,Chembur,8920000,8793870.35,126129.65,1.41,Random Forest
PROP-D4AB82AAEDF3,Mumbai,Vasai East,2721000,2682434.53,38565.47,1.42,Random Forest
PROP-AA245635FFD7,Pune,Kondhwa,2000000,2410109.69,410109.69,20.51,Random Forest
PROP-06E01DE1DAB4,Bengaluru,Cheemasandra,5500000,5126081.89,373918.11,6.8,Random Forest
PROP-6F8ADE2DA9CB,Mumbai,Naigaon East,4899000,4723551.94,175448.06,3.58,Random Forest
PROP-C431CBCA17A2,Delhi,Naraina,13200000,13050974.25,149025.75,1.13,Random Forest
PROP-7EB8B1FF2E3F,Bengaluru,Bannerughatta,13000000,12184459.74,815540.26,6.27,Random Forest
PROP-B7FEAC547CA7,Bengaluru,Jalahalli West,6800000,6937427.71,137427.71,2.02,Random Forest
PROP-CC915AD77372,Mumbai,Goregaon East,8300000,7855306.79,444693.21,5.36,Random Forest
PROP-694E59BA790E,Pune,Vadgaon,2000000,2031673.13,31673.13,1.58,Random Forest
PROP-A769840801B9,Delhi,Mandawali,11500000,8874769.2,2625230.8,22.83,Random Forest
PROP-258B93367EED,Delhi,Kalkaji,63000000,61120935.1,1879064.9,2.98,Random Forest
PROP-435F0CDB069E,Mumbai,Bhayandar East,5300000,4808534.35,491465.65,9.27,Random Forest
PROP-3DDB0F55D369,Mumbai,Nalasopara East,7000000,7125453.8,125453.8,1.79,Random Forest
PROP-8B7EA326E510,Hyderabad,Aminpur,5600000,5409681.52,190318.48,3.4,Random Forest
PROP-5741A3F5146F,Hyderabad,Bollaram Industrial Area,7800000,8297764.85,497764.85,6.38,Random Forest
PROP-CFB9AE36EF50,Bengaluru,C V Raman Nagar,3510000,3712259.28,202259.28,5.76,Random Forest
PROP-F3B05B74B0FD,Bengaluru,Rmv Extension Stage 2,23700000,26239309.12,2539309.12,10.71,Random Forest
PROP-BD83B0D4BE9A,Hyderabad,Uppal,10700000,10197008.89,502991.11,4.7,Random Forest
PROP-A7EC45B2B1D0,Bengaluru,Kasturi Nagar,3800000,5117340.15,1317340.15,34.67,Random Forest
PROP-86508AB54F25,Bengaluru,Seegehalli,8800000,8119342.16,680657.84,7.73,Random Forest
PROP-32AFBDC58406,Hyderabad,Balaji Nagar,8500000,8645248.33,145248.33,1.71,Random Forest
PROP-36628C10D007,Bengaluru,Doddabidrakallu,6500000,10185046.32,3685046.32,56.69,Random Forest
PROP-A6AB8397456D,Bengaluru,Sonnur,7500000,7359865.12,140134.88,1.87,Random Forest
PROP-5C5AFBD86242,Bengaluru,Guddadahalli,1250000,1299648.93,49648.93,3.97,Random Forest
PROP-8F7C8EBD5588,Hyderabad,Bogaram,4900000,5088193.87,188193.87,3.84,Random Forest
PROP-6C2B039E313E,Bengaluru,Maralakunte,3600000,4389699.93,789699.93,21.94,Random Forest
PROP-66441F6436B0,Bengaluru,Hosur Municipality,7000000,7114269.27,114269.27,1.63,Random Forest
PROP-54FB8012675F,Pune,Loni Kalbhor,3200000,4216533.53,1016533.53,31.77,Random Forest
PROP-3CBFD4283E7D,Bengaluru,Challaghatta,7500000,7658867.2,158867.2,2.12,Random Forest
PROP-BF4B025F4EA1,Bengaluru,Btm Layout,4000000,3692016.67,307983.33,7.7,Random Forest
PROP-8E13C5D7545C,Hyderabad,Kondapur,11000000,9915257.64,1084742.36,9.86,Random Forest
PROP-5C8299FC38FE,Bengaluru,Horamavu,15000000,15624638.51,624638.51,4.16,Random Forest
PROP-8668B0B45D3A,Delhi,Maharani Bagh,260000000,136414126.2,123585873.8,47.53,Random Forest
PROP-E8F503B5CE48,Hyderabad,Chandanagar,7500000,5746624.45,1753375.55,23.38,Random Forest
PROP-77329B5BA900,Bengaluru,Kamakshipalya,15000000,15136851.42,136851.42,0.91,Random Forest
PROP-4A347E7DA3DC,Delhi,Dera Mandi,3000000,3170556.95,170556.95,5.69,Random Forest
PROP-DC8F580FB026,Delhi,Alaknanda,19900000,14813487.29,5086512.71,25.56,Random Forest
PROP-0878402916DC,Pune,Shukrawar Peth,6500000,7394096.09,894096.09,13.76,Random Forest
PROP-FDECEAA546D1,Mumbai,Powai,23000000,26554014.95,3554014.95,15.45,Random Forest
PROP-6198AC7EC0DF,Bengaluru,Kengeri,900000,874332.45,25667.55,2.85,Random Forest
PROP-AB0BBD0C6D49,Delhi,Vijay Nagar,50000000,49220764.88,779235.12,1.56,Random Forest
PROP-198A5F0ACE25,Delhi,Budh Vihar,3100000,4013082.48,913082.48,29.45,Random Forest
PROP-EA404F05B3EB,Pune,Narayan Peth,8500000,7592345.59,907654.41,10.68,Random Forest
PROP-DD30D103F266,Bengaluru,Judicial Layout,30000000,21963076.91,8036923.09,26.79,Random Forest
PROP-542C4186E7F7,Bengaluru,Hampapura,6000000,6374733.27,374733.27,6.25,Random Forest
PROP-4AA728E166E1,Mumbai,Nalasopara West,4400000,4499382.24,99382.24,2.26,Random Forest
PROP-000A21CCBACA,Mumbai,Malad West,27500000,26884512.9,615487.1,2.24,Random Forest
PROP-1764DE938CB2,Mumbai,Malad West,30000000,24259173.75,5740826.25,19.14,Random Forest
PROP-98A488E2F1D0,Delhi,Rajouri Garden,50000000,51247187.85,1247187.85,2.49,Random Forest
PROP-06F40D2EB4E6,Pune,Narhe,35000000,39599458.1,4599458.1,13.14,Random Forest
PROP-29788285818B,Pune,Bhukum,5700000,5771956.26,71956.26,1.26,Random Forest
PROP-5520533EFB2F,Bengaluru,Hongasandra,7399000,7273158.89,125841.11,1.7,Random Forest
PROP-99ACB118B6F4,Bengaluru,Kamanahalli,14500000,15538476.07,1038476.07,7.16,Random Forest
PROP-5733CFBDF24B,Bengaluru,Sarjapur,9500000,8634782.65,865217.35,9.11,Random Forest
PROP-7CC5127F69BD,Mumbai,Bhandup West,7200000,7910284.64,710284.64,9.87,Random Forest
PROP-A05C4429A9FC,Pune,Kalewadi,3000000,4388729.11,1388729.11,46.29,Random Forest
PROP-D87A0198868C,Mumbai,Goregaon East,8500000,9081299.58,581299.58,6.84,Random Forest
PROP-0BBE63F1E20D,Bengaluru,Kanakapura,8000000,6089268.97,1910731.03,23.88,Random Forest
PROP-FAB52FCADBB0,Bengaluru,Attibele,4000000,4118967.8,118967.8,2.97,Random Forest
PROP-F04FDD52F160,Bengaluru,Vidyamanya Nagar,10500000,11365107.38,865107.38,8.24,Random Forest
PROP-B131C8D8000B,Pune,Shivane,1500000,2480876.95,980876.95,65.39,Random Forest
PROP-C84F060AFA00,Bengaluru,Hoskote,5500000,5581056.89,81056.89,1.47,Random Forest
PROP-02FEAC0596D3,Bengaluru,Kamakshipalya,9750000,11161807.51,1411807.51,14.48,Random Forest
PROP-FAB7AF2D93BB,Bengaluru,Kengeri,6600000,6362870.0,237130.0,3.59,Random Forest
PROP-55719E10D12B,Bengaluru,Kommaghatta,3000000,3233678.52,233678.52,7.79,Random Forest
PROP-DEB94CB75BE4,Bengaluru,Hsr Layout,7500000,6244639.24,1255360.76,16.74,Random Forest
PROP-8359119ED5FD,Pune,Lohegaon,6500000,7765721.15,1265721.15,19.47,Random Forest
PROP-CAF935D58B8C,Pune,Bhukum,5500000,5736074.74,236074.74,4.29,Random Forest
PROP-C1327463EF55,Mumbai,Kurla East,13500000,12452125.23,1047874.77,7.76,Random Forest
PROP-6DA81C10D230,Delhi,Patel Nagar,1700000,1831824.68,131824.68,7.75,Random Forest
PROP-0D5ED96E5341,Mumbai,Jogeshwari East,37500000,37573868.09,73868.09,0.2,Random Forest
PROP-22CD5738FB0E,Mumbai,Girgaon,40000000,41380256.45,1380256.45,3.45,Random Forest
PROP-5E7006C6DE42,Pune,Dhayari,1100000,1248331.19,148331.19,13.48,Random Forest
PROP-A5328FBFC753,Mumbai,Virar East,5800000,4217992.04,1582007.96,27.28,Random Forest
PROP-43BC8D20B7B7,Mumbai,Kurla West,14000000,14221526.61,221526.61,1.58,Random Forest
PROP-5A56AA8A08FA,Bengaluru,Sahakara Nagar,9500000,9903134.73,403134.73,4.24,Random Forest
PROP-BD90C11DB865,Bengaluru,Nelamangala,4000000,4072552.07,72552.07,1.81,Random Forest
PROP-9398CC3312AD,Delhi,Sadar Bazaar,11000000,4733449.32,6266550.68,56.97,Random Forest
PROP-E54C4CC4143D,Mumbai,Malad East,15000000,16797702.85,1797702.85,11.98,Random Forest
PROP-9C3EEB35B420,Delhi,Adarsh Nagar,25000000,31787590.37,6787590.37,27.15,Random Forest
PROP-359EEE86227E,Mumbai,Andheri West,21000000,19567075.14,1432924.86,6.82,Random Forest
PROP-E4876A9CAC1C,Mumbai,Malad East,20000000,18930654.15,1069345.85,5.35,Random Forest
PROP-880C6F34B0DF,Bengaluru,Nandini Layout,13000000,10337514.96,2662485.04,20.48,Random Forest
PROP-3D3EC1625601,Mumbai,Malad West,8100000,7831566.45,268433.55,3.31,Random Forest
PROP-6112D1781924,Bengaluru,Thirumalashettyhally,55000000,58720218.97,3720218.97,6.76,Random Forest
PROP-41829DBEA606,Mumbai,Kandivali West,9000000,8797370.46,202629.54,2.25,Random Forest
PROP-53D84ADB72F7,Mumbai,Kurla West,6500000,6792646.65,292646.65,4.5,Random Forest
PROP-9E7BCF04EDE8,Mumbai,Powai,10500000,10509551.46,9551.46,0.09,Random Forest
PROP-F3D1D603A062,Mumbai,Powai,10500000,10104766.87,395233.13,3.76,Random Forest
PROP-CFFF3032E4E0,Bengaluru,Mattanahalli,8500000,8640184.31,140184.31,1.65,Random Forest
PROP-C89C11D63D80,Mumbai,Dahisar East,10100000,12715376.03,2615376.03,25.89,Random Forest
PROP-5215FFD550FF,Mumbai,Nalasopara West,3000000,3036759.27,36759.27,1.23,Random Forest
PROP-CB420390021B,Mumbai,Virar West,3450000,3387050.02,62949.98,1.82,Random Forest
PROP-031F58899CBC,Mumbai,Kandivali West,11000000,11107228.69,107228.69,0.97,Random Forest
PROP-54656E0D0768,Mumbai,Bandra East,14000000,15832057.75,1832057.75,13.09,Random Forest
PROP-DE77DDEF494D,Mumbai,Vasai East,4500000,4386288.36,113711.64,2.53,Random Forest
PROP-654778C330CB,Pune,Ambegaon Pathar,1900000,1984660.74,84660.74,4.46,Random Forest
PROP-F6766D1B8C97,Bengaluru,Hoskote,4700000,5087074.61,387074.61,8.24,Random Forest
PROP-B18EC98533BC,Mumbai,Nalasopara West,3500000,3496270.17,3729.83,0.11,Random Forest
PROP-19775ADE39A1,Mumbai,Virar West,5500000,6145331.38,645331.38,11.73,Random Forest
PROP-3723387937B4,Delhi,Sadar Bazaar,3000000,2353474.24,646525.76,21.55,Random Forest
PROP-7A46654D7F84,Bengaluru,Krishnarajapura,16500000,14536882.76,1963117.24,11.9,Random Forest
PROP-AFE4909FB450,Pune,Talegaon Dhamdhere,1500000,1597691.39,97691.39,6.51,Random Forest
PROP-777EB36E045C,Bengaluru,Subramanyapura,9500000,8473443.3,1026556.7,10.81,Random Forest
PROP-B9F84526912F,Mumbai,Parel,52500000,46124753.78,6375246.22,12.14,Random Forest
PROP-8E87C2F71D48,Hyderabad,Pocharam,9350000,12928471.58,3578471.58,38.27,Random Forest
PROP-C81C482E8DBA,Delhi,Aya Nagar,4500000,5369643.55,869643.55,19.33,Random Forest
PROP-57B08CFE88BF,Hyderabad,Ramachandra Puram,10500000,5498510.0,5001490.0,47.63,Random Forest
PROP-B96700D95328,Delhi,Laxmi Nagar,26000000,27488706.34,1488706.34,5.73,Random Forest
PROP-69C631F7658B,Delhi,Sector 3 Rohini,12500000,11189012.79,1310987.21,10.49,Random Forest
PROP-8B3DAFCCCF56,Bengaluru,Cholur Palya,6500000,5523165.4,976834.6,15.03,Random Forest
PROP-885DE6F1103B,Bengaluru,Kadugondanahalli,14000000,7704588.26,6295411.74,44.97,Random Forest
PROP-99AAA93BAC68,Bengaluru,Kanakapura,3400000,3958656.14,558656.14,16.43,Random Forest
PROP-0FCBDB85439A,Bengaluru,Bommasandra,400000,716429.42,316429.42,79.11,Random Forest
PROP-03E134651F84,Delhi,Dera Mandi,3300000,4066416.32,766416.32,23.22,Random Forest
PROP-9C5226730386,Bengaluru,Jigani,12000000,11566946.06,433053.94,3.61,Random Forest
PROP-505B7131981D,Bengaluru,Gowribidnur,7500000,7075353.61,424646.39,5.66,Random Forest
PROP-081DE3F3917C,Bengaluru,Domlur Layout,12500000,13596675.76,1096675.76,8.77,Random Forest
PROP-2D3594EF8801,Bengaluru,Magadi,13500000,15630564.22,2130564.22,15.78,Random Forest
PROP-4114CA9A0691,Bengaluru,Cox Town,38400000,38427266.68,27266.68,0.07,Random Forest
PROP-A8211BC89FFB,Bengaluru,Frazer Town,16000000,12074361.62,3925638.38,24.54,Random Forest
PROP-34ACBE650F65,Bengaluru,Jeevanbheemanagar,27500000,26813092.88,686907.12,2.5,Random Forest
PROP-250622635EFD,Delhi,Palam,5000000,4716418.47,283581.53,5.67,Random Forest
PROP-9B2DA08A0EF3,Delhi,Sagar Pur,15000000,18197342.72,3197342.72,21.32,Random Forest
PROP-C8482B6CCA65,Bengaluru,Neelasandra,1800000,2076996.93,276996.93,15.39,Random Forest
PROP-531A18AFA92B,Bengaluru,Banashankari,13800000,10902108.37,2897891.63,21.0,Random Forest
PROP-273A16A98588,Bengaluru,Basavanapura,5500000,5522488.9,22488.9,0.41,Random Forest
PROP-2CCA33A58C7F,Delhi,Dwarka Mor,4500000,3389009.29,1110990.71,24.69,Random Forest
PROP-B75D4C6DF44D,Bengaluru,Vidyaranyapura,2300000,2882180.86,582180.86,25.31,Random Forest
PROP-B63FADCB1C55,Bengaluru,Kada Agrahara,8600000,8237012.9,362987.1,4.22,Random Forest
PROP-C115B99019DD,Bengaluru,Mallathahalli,12500000,12875852.85,375852.85,3.01,Random Forest
PROP-BB715B7CF235,Bengaluru,Challaghatta,10500000,11250738.52,750738.52,7.15,Random Forest
PROP-04EB49338F82,Bengaluru,Srirampuram,15000000,14954379.09,45620.91,0.3,Random Forest
PROP-64121B519FBB,Bengaluru,Nayandahalli,9000000,11015845.81,2015845.81,22.4,Random Forest
PROP-5675C6F5CB48,Bengaluru,Kengeri,16300000,16552040.08,252040.08,1.55,Random Forest
PROP-4D29EB61DFBC,Bengaluru,Jp Nagar,6500000,6377309.82,122690.18,1.89,Random Forest
PROP-452399C4625D,Bengaluru,Gottigere,9300000,11228642.88,1928642.88,20.74,Random Forest
PROP-4AA78A633340,Bengaluru,Kaval Bairasandra,19800000,18844837.45,955162.55,4.82,Random Forest
PROP-AED06F2C349F,Bengaluru,Anjanapura Township,5200000,6063791.9,863791.9,16.61,Random Forest
PROP-90B02A1B85ED,Bengaluru,Kamakshipalya,7850000,8218163.95,368163.95,4.69,Random Forest
PROP-5AC58C83FC11,Delhi,Kalkaji,16500000,13812502.84,2687497.16,16.29,Random Forest
PROP-A17023DDEB11,Bengaluru,Andrahalli,5950000,6215923.86,265923.86,4.47,Random Forest
PROP-1D94B991C82D,Bengaluru,Whitefield,4850000,5183105.29,333105.29,6.87,Random Forest
PROP-F444C790B2ED,Delhi,Pitampura,200000000,140611192.27,59388807.73,29.69,Random Forest
PROP-85BD8779A415,Bengaluru,Bannerughatta,9500000,8481650.31,1018349.69,10.72,Random Forest
PROP-1154DFEF5233,Bengaluru,Whitefield,4700000,4927038.76,227038.76,4.83,Random Forest
PROP-60597F756F3F,Bengaluru,Marasandra,6500000,6370012.42,129987.58,2.0,Random Forest
PROP-6059FA9320CF,Bengaluru,Btm Layout,8600000,10362164.86,1762164.86,20.49,Random Forest
PROP-9C4437EC6F29,Bengaluru,Jayanagar,46500000,30191540.34,16308459.66,35.07,Random Forest
PROP-3BC45615E83D,Bengaluru,Doddakammanahalli,6200000,6294188.89,94188.89,1.52,Random Forest
PROP-A6D458E69668,Bengaluru,Malur,2700000,2463390.2,236609.8,8.76,Random Forest
PROP-1140570945C8,Delhi,Bindapur,9000000,8047134.82,952865.18,10.59,Random Forest
PROP-E7F42158E430,Bengaluru,Budigere Cross,9900000,11146940.04,1246940.04,12.6,Random Forest
PROP-710A96DF2414,Delhi,Punjabi Bagh,82500000,82740277.68,240277.68,0.29,Random Forest
PROP-3C891A383435,Bengaluru,Shanti Nagar,54000000,42838304.92,11161695.08,20.67,Random Forest
PROP-7720992658C3,Bengaluru,Ramamurthy Nagar,18000000,17961080.83,38919.17,0.22,Random Forest
PROP-65F887088827,Bengaluru,Kengeri Satellite Town,8700000,8253164.18,446835.82,5.14,Random Forest
PROP-B8E3BACB5623,Bengaluru,Banashankari,9500000,8951553.1,548446.9,5.77,Random Forest
PROP-8D94977A6E67,Bengaluru,Hsr Layout,43000000,41779640.62,1220359.38,2.84,Random Forest
PROP-8981BD3C3AC3,Bengaluru,Banaswadi,15000000,13485010.62,1514989.38,10.1,Random Forest
PROP-D6687863770C,Bengaluru,Thotada Guddadhalli Village,9000000,11436398.93,2436398.93,27.07,Random Forest
PROP-6BC4EFC1CFCC,Bengaluru,Kengeri Satellite Town,10700000,11446716.61,746716.61,6.98,Random Forest
PROP-271799439634,Bengaluru,Doddaballapura,9900000,13400104.48,3500104.48,35.35,Random Forest
PROP-59674F3EE6A7,Bengaluru,Arakere,17000000,13885434.25,3114565.75,18.32,Random Forest
PROP-367B51021F39,Delhi,Sector 22 Dwarka,11000000,9116372.95,1883627.05,17.12,Random Forest
PROP-E431893D0ABC,Delhi,Dlf Farms,4600000,2370152.04,2229847.96,48.47,Random Forest
PROP-7E0764BCF2E9,Delhi,Wazirabad,2500000,2664021.46,164021.46,6.56,Random Forest
PROP-46CDEB43B6B3,Bengaluru,Thotada Guddadhalli Village,7500000,7631884.94,131884.94,1.76,Random Forest
PROP-B7F82B9FB7AD,Bengaluru,Nagavara,11500000,17004459.29,5504459.29,47.86,Random Forest
PROP-F765AB932409,Bengaluru,Anekal,2600000,2680731.07,80731.07,3.11,Random Forest
PROP-441B387065E7,Bengaluru,Jnana Ganga Nagar,6500000,7138681.89,638681.89,9.83,Random Forest
PROP-5514AFF20F84,Bengaluru,Whitefield,14500000,12166768.55,2333231.45,16.09,Random Forest
PROP-0099544FD492,Hyderabad,Bachupally,5000000,6032401.47,1032401.47,20.65,Random Forest
PROP-2CEADC40C816,Bengaluru,Kumaraswamy Layout,4900000,5602225.66,702225.66,14.33,Random Forest
PROP-C4954646E9F2,Hyderabad,Attapur,6200000,5825433.03,374566.97,6.04,Random Forest
PROP-C5B6591960BE,Bengaluru,Krishnarajapura,5000000,5305883.55,305883.55,6.12,Random Forest
PROP-D1BCB7A6C695,Hyderabad,Vanasthalipuram,5500000,6997055.15,1497055.15,27.22,Random Forest
PROP-4B9A249BE6FA,Hyderabad,Osman Nagar,12300000,13443345.21,1143345.21,9.3,Random Forest
PROP-672D2C411426,Hyderabad,Nallagandla,8500000,10377133.61,1877133.61,22.08,Random Forest
PROP-D415B9EED88E,Hyderabad,Kukatpally,17800000,12864845.83,4935154.17,27.73,Random Forest
PROP-C17CCC6D8E5F,Bengaluru,Udayagiri,5700000,6001691.33,301691.33,5.29,Random Forest
PROP-BE10A4594A2B,Hyderabad,Himayathsagar,14000000,11024233.18,2975766.82,21.26,Random Forest
PROP-829D51DDD9AE,Bengaluru,Hsr Layout,6300000,6080967.77,219032.23,3.48,Random Forest
PROP-27F3E7B2B41A,Hyderabad,Nanakaramguda,9100000,7767862.39,1332137.61,14.64,Random Forest
PROP-E7C2E49BFCA9,Bengaluru,Bommanahalli,6600000,6144795.25,455204.75,6.9,Random Forest
PROP-801B9737ACE8,Delhi,Chhattarpur,7500000,7588893.13,88893.13,1.19,Random Forest
PROP-84D2C6E84C23,Hyderabad,Kokapet,18400000,19077121.65,677121.65,3.68,Random Forest
PROP-2275D32103F7,Bengaluru,Shivaji Nagar,18500000,15742801.76,2757198.24,14.9,Random Forest
PROP-5E0381B65097,Delhi,Mahavir Enclave,4800000,4928883.06,128883.06,2.69,Random Forest
PROP-48239E9554E9,Bengaluru,Krishnarajapura,5000000,5243630.21,243630.21,4.87,Random Forest
PROP-A0A4C6D15B69,Bengaluru,Mallathahalli,6000000,7562792.81,1562792.81,26.05,Random Forest
PROP-D6B46557AE5D,Hyderabad,Madeenaguda,7900000,7035788.07,864211.93,10.94,Random Forest
PROP-4CBC0D280E81,Delhi,Sector 14 Dwarka,6000000,5362217.28,637782.72,10.63,Random Forest
PROP-E17A41D91144,Hyderabad,Kokapet,15000000,13544882.08,1455117.92,9.7,Random Forest
PROP-C7B4D553BDA3,Pune,Kalewadi,8000000,6897197.86,1102802.14,13.79,Random Forest
PROP-0A7AA3C4817D,Delhi,Shakarpur Khas,13700000,12579743.96,1120256.04,8.18,Random Forest
PROP-B322CA0F2F56,Hyderabad,Kukatpally,15000000,8573869.69,6426130.31,42.84,Random Forest
PROP-5D320F7FBB15,Delhi,Wazirabad,3000000,3664921.57,664921.57,22.16,Random Forest
PROP-92CC5FCC0984,Hyderabad,Aminpur,12000000,9669700.31,2330299.69,19.42,Random Forest
PROP-4636FB1CCEB1,Bengaluru,Kudlu Gate,6100000,6001047.95,98952.05,1.62,Random Forest
PROP-1C1698312C8D,Bengaluru,Jalahalli West,7500000,7081771.63,418228.37,5.58,Random Forest
PROP-92CAED17B68C,Bengaluru,Jp Nagar,12500000,11895872.77,604127.23,4.83,Random Forest
PROP-49C306D17CF4,Delhi,Naraina,12500000,12930099.72,430099.72,3.44,Random Forest
PROP-1D28ADD72F9B,Hyderabad,Shaikpet,18200000,17948479.56,251520.44,1.38,Random Forest
PROP-8DA9CBB65E93,Delhi,Uttam Nagar,3200000,3834962.11,634962.11,19.84,Random Forest
PROP-30630E02ABBF,Delhi,Mayur Vihar Phase 1,32500000,32506720.35,6720.35,0.02,Random Forest
PROP-58FC2FB34F2A,Bengaluru,Bommanahalli,1800000,1806611.67,6611.67,0.37,Random Forest
PROP-42B6F4146A57,Delhi,Hastsal,2500000,3013323.43,513323.43,20.53,Random Forest
PROP-11AF8E156BD9,Bengaluru,Horamavu,4800000,5051699.19,251699.19,5.24,Random Forest
PROP-25DF2A6FDC38,Bengaluru,Chikbanavara,7000000,6194856.75,805143.25,11.5,Random Forest
PROP-158809CFCE3B,Delhi,Sector 25 Rohini,9500000,10995418.68,1495418.68,15.74,Random Forest
PROP-2F7A0FB9F380,Bengaluru,Medahalli,8500000,8439311.16,60688.84,0.71,Random Forest
PROP-E88674DE1DEE,Bengaluru,Rmv Extension Stage 2,44100000,41335317.67,2764682.33,6.27,Random Forest
PROP-70992F35B99D,Bengaluru,Hongasandra,10000000,10440384.45,440384.45,4.4,Random Forest
PROP-23765AECBE7F,Bengaluru,Bylakere,4000000,4515170.92,515170.92,12.88,Random Forest
PROP-ADC63251681D,Hyderabad,Turkayamjal,5900000,5134843.52,765156.48,12.97,Random Forest
PROP-F20F61B28770,Bengaluru,Kalyan Nagar,16000000,15162925.63,837074.37,5.23,Random Forest
PROP-72D69EEF4D88,Hyderabad,Patancheru,12700000,15425566.72,2725566.72,21.46,Random Forest
PROP-4C290BE30EDE,Delhi,Preet Vihar,2500000,3762004.17,1262004.17,50.48,Random Forest
PROP-C3677CA22876,Bengaluru,Whitefield,8500000,8219705.25,280294.75,3.3,Random Forest
PROP-28B48F87AB5A,Delhi,Aya Nagar,3200000,4233681.81,1033681.81,32.3,Random Forest
PROP-040F2CAA3C2F,Hyderabad,Old Malakpet,33000000,15824232.18,17175767.82,52.05,Random Forest
PROP-88ACB6B53E2B,Delhi,Patel Nagar,5500000,6370147.12,870147.12,15.82,Random Forest
PROP-CC0F0A77AD6E,Hyderabad,Upparpally,5500000,5446363.72,53636.28,0.98,Random Forest
PROP-F7BD9D22747D,Bengaluru,Kasturi Nagar,26500000,24755947.67,1744052.33,6.58,Random Forest
PROP-8F2195DE60CB,Hyderabad,Krishna Reddy Pet,9600000,6711840.62,2888159.38,30.08,Random Forest
PROP-BF421BA4E522,Bengaluru,Harlur,7400000,8240434.6,840434.6,11.36,Random Forest
PROP-80CF2D62D63E,Bengaluru,Hbr Layout,5640000,7131697.37,1491697.37,26.45,Random Forest
PROP-1B522F7E5485,Bengaluru,Jalahalli West,4500000,4863967.17,363967.17,8.09,Random Forest
PROP-42ACF433F33D,Delhi,Shahdara,23000000,23961522.62,961522.62,4.18,Random Forest
PROP-D39BFC6250A3,Delhi,Burari,3800000,4719014.08,919014.08,24.18,Random Forest
PROP-362C055DF818,Bengaluru,C V Raman Nagar,5000000,5044271.51,44271.51,0.89,Random Forest
PROP-702747152B1F,Bengaluru,Jnana Ganga Nagar,5000000,5239301.84,239301.84,4.79,Random Forest
PROP-7F913584DC9B,Pune,Kolhewadi,26000000,25505135.7,494864.3,1.9,Random Forest
PROP-43514EBC7DE6,Pune,Anand Nagar,1455000,1543910.71,88910.71,6.11,Random Forest
PROP-0D651ACE432F,Bengaluru,Rr Nagar,28500000,29104257.44,604257.44,2.12,Random Forest
PROP-653ACD2A7B93,Mumbai,Malad West,18000000,18629441.72,629441.72,3.5,Random Forest
PROP-66D2A6B1C158,Bengaluru,Mathikere,28000000,26022775.77,1977224.23,7.06,Random Forest
PROP-A313D0C798E6,Bengaluru,Hebbal,65000000,62809456.74,2190543.26,3.37,Random Forest
PROP-33BBBB5FDD68,Bengaluru,Krishnarajapura,39000000,38739754.93,260245.07,0.67,Random Forest
PROP-245995EFBD96,Mumbai,Nalasopara West,2200000,3688048.33,1488048.33,67.64,Random Forest
PROP-27513331589D,Bengaluru,Nayandahalli,19000000,32662459.27,13662459.27,71.91,Random Forest
PROP-D699F610C92F,Delhi,Sector 16B Dwarka,8700000,8908912.57,208912.57,2.4,Random Forest
PROP-FA67C68A2211,Mumbai,Kandivali West,56500000,51855980.1,4644019.9,8.22,Random Forest
PROP-D1DCB1518C62,Mumbai,Ghatkopar West,7500000,8804243.22,1304243.22,17.39,Random Forest
PROP-6B7AD432C313,Delhi,Mayur Vihar Phase 3,6000000,5516823.35,483176.65,8.05,Random Forest
PROP-C85DA3A4E545,Mumbai,Malad West,2600000,3100171.96,500171.96,19.24,Random Forest
PROP-9538B771B9C6,Bengaluru,Cottonpet,7000000,7707743.11,707743.11,10.11,Random Forest
PROP-5D29BB782C49,Bengaluru,Bannerughatta,3000000,3242709.92,242709.92,8.09,Random Forest
PROP-0541E582C149,Bengaluru,Chikbanavara,10000000,10502745.31,502745.31,5.03,Random Forest
PROP-57D1A0FAAF44,Bengaluru,Budigere,3100000,3333932.05,233932.05,7.55,Random Forest
PROP-B02A3835F65E,Bengaluru,Hoskote,25000000,24207722.63,792277.37,3.17,Random Forest
PROP-BE30581D4180,Bengaluru,Seshagiripura,30000000,30247447.63,247447.63,0.82,Random Forest
PROP-97E03B22378B,Bengaluru,Kempegowda Nagar,42500000,42521629.2,21629.2,0.05,Random Forest
PROP-96F775C3C338,Mumbai,Chinchpokli,35000000,27075665.24,7924334.76,22.64,Random Forest
PROP-73B0EE584383,Mumbai,Vile Parle East,7000000,9620155.57,2620155.57,37.43,Random Forest
PROP-448D7A75396D,Pune,Katraj,17500000,16309122.72,1190877.28,6.81,Random Forest
PROP-62975BD8B3BB,Mumbai,Nalasopara West,2700000,3050543.3,350543.3,12.98,Random Forest
PROP-CC5FCD3CFB5E,Bengaluru,Basapura,7000000,7235409.84,235409.84,3.36,Random Forest
PROP-694B095BB6B3,Bengaluru,Hampapura,8500000,8646962.87,146962.87,1.73,Random Forest
PROP-C0D5A1ECE97E,Pune,Saswad,2000000,2091411.5,91411.5,4.57,Random Forest
PROP-49D4AA27222E,Bengaluru,Electronic City Phase Ii,13000000,12744175.02,255824.98,1.97,Random Forest
PROP-4C47E1A46710,Pune,Nighoje,2500000,2232895.36,267104.64,10.68,Random Forest
PROP-B2BE70A659C0,Bengaluru,Jagajeevanram Nagar,7000000,6228444.64,771555.36,11.02,Random Forest
PROP-273866F1255A,Delhi,Ashok Vihar,18000000,15850985.74,2149014.26,11.94,Random Forest
PROP-C7E7CCC0BCC8,Mumbai,Gorai,6800000,6078998.49,721001.51,10.6,Random Forest
PROP-1F3E1C0C00E2,Bengaluru,Gulakamale,8000000,8636721.19,636721.19,7.96,Random Forest
PROP-FF0FEE382E36,Mumbai,Andheri West,20000000,14655930.89,5344069.11,26.72,Random Forest
PROP-8F9A151DB3AA,Bengaluru,Ramamurthy Nagar,55000000,57922876.77,2922876.77,5.31,Random Forest
PROP-52E8921D87C9,Mumbai,Goregaon East,3900000,3879130.08,20869.92,0.54,Random Forest
PROP-16DC19D7A347,Mumbai,Mulund West,18500000,18635776.87,135776.87,0.73,Random Forest
PROP-DC4869CD2106,Bengaluru,Bannerughatta,11000000,8707077.61,2292922.39,20.84,Random Forest
PROP-EB5EA9664A32,Mumbai,Nalasopara West,3000000,3215003.27,215003.27,7.17,Random Forest
PROP-01C4FDF37767,Mumbai,Ghatkopar West,6000000,6718265.49,718265.49,11.97,Random Forest
PROP-CDB0CCEFD8D7,Bengaluru,Nelamangala,4000000,4825647.63,825647.63,20.64,Random Forest
PROP-2643C7C22F06,Pune,Rajgurunagar,2350000,1888310.01,461689.99,19.65,Random Forest
PROP-9BF2E6D016B8,Bengaluru,Whitefield,47700000,45441945.94,2258054.06,4.73,Random Forest
PROP-0BC7279CC057,Mumbai,Borivali East,38000000,30026725.69,7973274.31,20.98,Random Forest
PROP-752B1032436A,Mumbai,Khar West,25600000,24308428.36,1291571.64,5.05,Random Forest
PROP-C0A638E9292C,Bengaluru,Kengeri Satellite Town,2200000,2249176.07,49176.07,2.24,Random Forest
PROP-7F02FB844401,Mumbai,Mulund West,7000000,7169779.07,169779.07,2.43,Random Forest
PROP-0BBA441CEA2F,Mumbai,Nagpada,14000000,11913280.32,2086719.68,14.91,Random Forest
PROP-87D8F9617640,Mumbai,Bhuleshwar,24000000,26170041.66,2170041.66,9.04,Random Forest
PROP-F9AE26D399E0,Delhi,Shahdara,16000000,16009747.01,9747.01,0.06,Random Forest
PROP-CD35A675C82A,Mumbai,Umerkhadi,10000000,9717587.13,282412.87,2.82,Random Forest
PROP-4F655C56AD56,Delhi,Kalkaji,14000000,11704564.76,2295435.24,16.4,Random Forest
PROP-4690CB8808CD,Mumbai,Kalbadevi,60000000,64357053.74,4357053.74,7.26,Random Forest
PROP-3178FF53B18D,Bengaluru,Anjanapura Township,8200000,7420648.7,779351.3,9.5,Random Forest
PROP-59E1590973CA,Bengaluru,Bellandur,10500000,9515323.6,984676.4,9.38,Random Forest
PROP-25DC8F4C8877,Bengaluru,Kempapura Agrahara,14500000,14161903.11,338096.89,2.33,Random Forest
PROP-4265812D2CC5,Mumbai,Mankhurd,14000000,11815806.01,2184193.99,15.6,Random Forest
PROP-A8C8F1A3E704,Mumbai,Mira Road East,1500000,2110053.59,610053.59,40.67,Random Forest
PROP-76C80522386B,Bengaluru,Bannerughatta,1800000,1591234.41,208765.59,11.6,Random Forest
PROP-CAC8EE55D7D0,Mumbai,Bhandup West,4200000,4609716.39,409716.39,9.76,Random Forest
PROP-01258CD888CC,Mumbai,Mazgaon,6300000,7241447.61,941447.61,14.94,Random Forest
PROP-8AA1B32DE8F9,Mumbai,Naigaon East,4800000,5032436.59,232436.59,4.84,Random Forest
PROP-64EBE0D11F87,Mumbai,Ghatkopar West,14500000,12926701.65,1573298.35,10.85,Random Forest
PROP-4F2F4998F8D1,Mumbai,Dahisar West,6700000,6693153.97,6846.03,0.1,Random Forest
PROP-C31A25C746A6,Bengaluru,Kyalasanahalli,4500000,4953373.55,453373.55,10.07,Random Forest
PROP-0C63733F9348,Mumbai,Bhayandar East,2500000,2555070.68,55070.68,2.2,Random Forest
PROP-F5AFD4D63F8C,Mumbai,Dadar East,17500000,13573404.96,3926595.04,22.44,Random Forest
PROP-F44A47B3ECBB,Bengaluru,Brookefield,52500000,63064064.04,10564064.04,20.12,Random Forest
PROP-B4228A0769D7,Delhi,Nangloi,6000000,6293723.97,293723.97,4.9,Random Forest
PROP-79B1A052F560,Pune,Shewalewadi,2200000,2426593.13,226593.13,10.3,Random Forest
PROP-A04FEA772CC4,Pune,Bopkhel,2899000,3310022.88,411022.88,14.18,Random Forest
PROP-C1EFFC79C205,Bengaluru,Balagere,7500000,7574299.64,74299.64,0.99,Random Forest
PROP-2B4958354D57,Bengaluru,Gunjur,12400000,11386260.72,1013739.28,8.18,Random Forest
PROP-20C9EDDDA6FE,Bengaluru,Hoskote,3680000,3493536.48,186463.52,5.07,Random Forest
PROP-95870F273A92,Pune,Kamshet,4000000,8258583.02,4258583.02,106.46,Random Forest
PROP-D8C23C4EFDE9,Delhi,Shakarpur Khas,26000000,25634164.21,365835.79,1.41,Random Forest
PROP-B999535437ED,Pune,Talegaon Dhamdhere,1900000,1865165.8,34834.2,1.83,Random Forest
PROP-946358F6A04B,Mumbai,Borivali West,9500000,11855294.14,2355294.14,24.79,Random Forest
PROP-E26DC4AC4AFE,Bengaluru,Haralur,6400000,6054001.97,345998.03,5.41,Random Forest
PROP-13E2244B57E3,Mumbai,Andheri East,14500000,15042430.15,542430.15,3.74,Random Forest
PROP-CA30440DF9D9,Mumbai,Goregaon East,4400000,4931612.51,531612.51,12.08,Random Forest
PROP-24D578A46172,Pune,Ambegaon,17000000,16314377.58,685622.42,4.03,Random Forest
PROP-11BE42196D8E,Mumbai,Malad West,16000000,17405780.4,1405780.4,8.79,Random Forest
PROP-7233ADCA8D29,Bengaluru,Nagarbhavi,9000000,8990150.84,9849.16,0.11,Random Forest
PROP-3296E4666488,Delhi,Sector 22 Dwarka,39700000,27123076.24,12576923.76,31.68,Random Forest
PROP-3205D5117BDA,Mumbai,Virar East,4000000,2928053.65,1071946.35,26.8,Random Forest
PROP-89E16BE9354D,Mumbai,Andheri East,15000000,16583110.45,1583110.45,10.55,Random Forest
PROP-3745200C549A,Mumbai,Bhayandar West,8400000,8439936.56,39936.56,0.48,Random Forest
PROP-FC7DF5049E71,Bengaluru,Bendiganahalli,5999000,6165378.44,166378.44,2.77,Random Forest
PROP-63B7C3FD0FDD,Delhi,Gtb Nagar,75000000,61305003.72,13694996.28,18.26,Random Forest
PROP-362F24924F35,Bengaluru,Vidyamanya Nagar,10000000,11433768.44,1433768.44,14.34,Random Forest
PROP-97834262F186,Chennai,Thalambur,5000000,5073666.83,73666.83,1.47,Random Forest
PROP-B766E5993D9C,Pune,Pimple Nilakh,25000000,25389942.56,389942.56,1.56,Random Forest
PROP-AFDD620B6095,Pune,Wanowrie,39000000,39224812.83,224812.83,0.58,Random Forest
PROP-DA31F830F91F,Bengaluru,Ramamurthy Nagar,11000000,10534090.23,465909.77,4.24,Random Forest
PROP-429E0E1CA712,Hyderabad,Medchal,3279000,4666906.58,1387906.58,42.33,Random Forest
PROP-99D43A4930DF,Chennai,Kumananchavadi,6500000,4921391.73,1578608.27,24.29,Random Forest
PROP-4F610207525A,Chennai,Pazhavanthangal,5900000,5084344.77,815655.23,13.82,Random Forest
PROP-40E4D60ADADF,Pune,Varale,2500000,2767043.74,267043.74,10.68,Random Forest
PROP-788137F6AC7F,Pune,Handewadi,8000000,6406320.93,1593679.07,19.92,Random Forest
PROP-769C05211808,Bengaluru,Electronic City Phase Ii,14000000,13007937.15,992062.85,7.09,Random Forest
PROP-3E02D030B25B,Chennai,Sholinganallur,1900000,3820814.27,1920814.27,101.1,Random Forest
PROP-7F4E18125D11,Bengaluru,Btm Layout,37500000,35078613.0,2421387.0,6.46,Random Forest
PROP-15F7FFAEAF3F,Bengaluru,Frazer Town,13000000,13349389.91,349389.91,2.69,Random Forest
PROP-00E7989E006F,Chennai,Aminjikarai,14400000,7696399.4,6703600.6,46.55,Random Forest
PROP-0CD99260AC4A,Kolkata,Behala Chowrasta,2200000,2658973.09,458973.09,20.86,Random Forest
PROP-4895B1F5D299,Pune,Wagholi,4600000,5249942.81,649942.81,14.13,Random Forest
PROP-5D18B35844D0,Chennai,Jafferkhanpet,11500000,11321138.57,178861.43,1.56,Random Forest
PROP-05161F834158,Pune,Fursungi,2600000,2679159.07,79159.07,3.04,Random Forest
PROP-DFEE06420DCB,Pune,Wagholi,4500000,4637232.88,137232.88,3.05,Random Forest
PROP-4533C32A538C,Bengaluru,Nayandahalli,19000000,34754820.87,15754820.87,82.92,Random Forest
PROP-7963A9BB37DF,Pune,Bibwewadi,2000000,2181172.8,181172.8,9.06,Random Forest
PROP-586FBEE9CB32,Bengaluru,Mallathahalli,1300000,1596043.23,296043.23,22.77,Random Forest
PROP-17D5FD1A5980,Delhi,Rajinder Nagar,40000000,41259456.86,1259456.86,3.15,Random Forest
PROP-EE3776062233,Chennai,Ekkatuthangal,32000000,50645623.41,18645623.41,58.27,Random Forest
PROP-D7EA82297F6E,Pune,Chikhali,8500000,8344615.3,155384.7,1.83,Random Forest
PROP-C0EC4B1D96FE,Bengaluru,Vijayanagar,12500000,11407214.25,1092785.75,8.74,Random Forest
PROP-DE9DA28714AF,Chennai,Chromepet,3200000,3253958.48,53958.48,1.69,Random Forest
PROP-7C42082F905C,Kolkata,Barrackpore,1200000,1591881.29,391881.29,32.66,Random Forest
PROP-315FDB33771C,Delhi,Uttam Nagar,5170000,5754307.07,584307.07,11.3,Random Forest
PROP-818420AF923D,Chennai,Karayanchavadi,3800000,3783244.16,16755.84,0.44,Random Forest
PROP-FE11C3BF1BCF,Chennai,Oragadam Ambattur,4200000,6656151.53,2456151.53,58.48,Random Forest
PROP-B371F2DE5E4A,Bengaluru,Mathikere,17800000,18055526.87,255526.87,1.44,Random Forest
PROP-6E2FD2362270,Delhi,Mansa Ram Park,13000000,9556550.23,3443449.77,26.49,Random Forest
PROP-B33814EAF7E2,Bengaluru,Mathikere,6000000,4201505.87,1798494.13,29.97,Random Forest
PROP-49D4FAFE2404,Delhi,Mandawali,11000000,11344101.67,344101.67,3.13,Random Forest
PROP-A32F0825BACD,Hyderabad,Bolarum,50000000,29927541.4,20072458.6,40.14,Random Forest
PROP-69D748702D95,Bengaluru,Hal,4500000,4868291.96,368291.96,8.18,Random Forest
PROP-B4CAE80DF47C,Bengaluru,Anjanapura Township,3000000,3263827.17,263827.17,8.79,Random Forest
PROP-060B89326CAC,Pune,Bibwewadi,9000000,8557509.25,442490.75,4.92,Random Forest
PROP-D6DC5A5DAF34,Delhi,Palam,5200000,5367006.41,167006.41,3.21,Random Forest
PROP-08FC70C26D6F,Pune,Koregaon Park,16500000,15273126.72,1226873.28,7.44,Random Forest
PROP-12FC4BB87802,Pune,Aundh,50000000,47774571.38,2225428.62,4.45,Random Forest
PROP-ABAFB0DAB37B,Hyderabad,Hyderguda,40000000,9630584.05,30369415.95,75.92,Random Forest
PROP-70F451C48336,Chennai,Thiruporur,1500000,1763840.85,263840.85,17.59,Random Forest
PROP-BF758B14EF8B,Pune,Ghorpadi,20000000,14475125.27,5524874.73,27.62,Random Forest
PROP-F1E0B4DF171D,Kolkata,Belghoria,7000000,5631882.63,1368117.37,19.54,Random Forest
PROP-FE1FB57E09F8,Hyderabad,Yapral,41000000,25556138.99,15443861.01,37.67,Random Forest
PROP-736F64CAAABC,Delhi,Samalka,3000000,2853505.36,146494.64,4.88,Random Forest
PROP-C1FB700C2334,Chennai,Kanathur Reddikuppam,12200000,10252869.47,1947130.53,15.96,Random Forest
PROP-C0930703656C,Pune,Kondhwa,16800000,16244255.06,555744.94,3.31,Random Forest
PROP-C5360D163D48,Bengaluru,Akshayanagar,4260000,4572256.98,312256.98,7.33,Random Forest
PROP-FFE13AE0E4EA,Chennai,Kadalur,3500000,4064155.91,564155.91,16.12,Random Forest
PROP-BB0F4B5CA04F,Pune,Alandi,1600000,2971860.93,1371860.93,85.74,Random Forest
PROP-04D8ECC5920C,Chennai,Hirco Palace Gardens,9500000,11464952.82,1964952.82,20.68,Random Forest
PROP-A43B3C9015EA,Chennai,Maraimalai Nagar,8500000,6671128.48,1828871.52,21.52,Random Forest
PROP-39EFEA1A324E,Pune,Alandi,2700000,2467277.44,232722.56,8.62,Random Forest
PROP-53EA1E073943,Bengaluru,Horamavu,6700000,8612857.58,1912857.58,28.55,Random Forest
PROP-B0E9559AB6DB,Delhi,Paschim Vihar,17000000,17223988.39,223988.39,1.32,Random Forest
PROP-CADB9418C827,Pune,Kanhe,2300000,2499351.01,199351.01,8.67,Random Forest
PROP-C6E2AFC25F76,Chennai,Avadi,11000000,5965625.28,5034374.72,45.77,Random Forest
PROP-162B02D693C3,Delhi,Bijwasan,8000000,6934096.06,1065903.94,13.32,Random Forest
PROP-0528464B90F4,Delhi,Tagore Garden Extension,1300000,1454377.39,154377.39,11.88,Random Forest
PROP-040BA2ECAB23,Hyderabad,Kothapet,4300000,4798039.94,498039.94,11.58,Random Forest
PROP-1A3B60BCA394,Chennai,Adhanur,2050000,3059597.26,1009597.26,49.25,Random Forest
PROP-D95D7A01F40A,Chennai,Madhavaram Milk Colony,25000000,10515218.44,14484781.56,57.94,Random Forest
PROP-8659C224B645,Pune,Thergaon,2500000,2634810.32,134810.32,5.39,Random Forest
PROP-CE629D62C1E2,Pune,Kiwale,20000000,19944082.85,55917.15,0.28,Random Forest
PROP-1C731A3D64BE,Delhi,Sector 25 Rohini,1350000,2462404.98,1112404.98,82.4,Random Forest
PROP-B4AC4014005E,Chennai,Choolai,6500000,6049618.92,450381.08,6.93,Random Forest
PROP-80C3F2A9BEBF,Bengaluru,Attiguppe,12000000,14429131.68,2429131.68,20.24,Random Forest
PROP-B1410D20C5B8,Chennai,Mugalivakkam,3900000,3934183.4,34183.4,0.88,Random Forest
PROP-E71B4BA6676D,Pune,Saswad,2500000,2834462.64,334462.64,13.38,Random Forest
PROP-016204A03EFD,Bengaluru,Indira Nagar,20000000,14626852.37,5373147.63,26.87,Random Forest
PROP-2881C654070A,Delhi,Sarai Rohilla,2200000,2270235.54,70235.54,3.19,Random Forest
PROP-D54E5BD2C299,Delhi,Rangpuri,10000000,5392434.87,4607565.13,46.08,Random Forest
PROP-C4A8979F88C8,Delhi,Sector 5 Rohini,36500000,38635815.87,2135815.87,5.85,Random Forest
PROP-DBBA0D7159FF,Bengaluru,Electronic City Phase Ii,1750000,1967837.91,217837.91,12.45,Random Forest
PROP-9DD182F2F033,Chennai,Chromepet,47500000,21545275.27,25954724.73,54.64,Random Forest
PROP-AA87264EFA5F,Bengaluru,Bommasandra,5000000,5193352.86,193352.86,3.87,Random Forest
PROP-72FE921D8962,Mumbai,Asalpha,2600000,3059763.94,459763.94,17.68,Random Forest
PROP-EDB850C15F79,Delhi,Sector 14 Rohini,12500000,15569059.76,3069059.76,24.55,Random Forest
PROP-93689ACF45BD,Kolkata,Narendrapur,800000,12775424.87,11975424.87,1496.93,Random Forest
PROP-91C733ACFD92,Pune,Chikhali,4900000,4907163.13,7163.13,0.15,Random Forest
PROP-88FDB0F7B7F9,Chennai,Mudichur,8500000,11500808.99,3000808.99,35.3,Random Forest
PROP-02AA863FECCF,Bengaluru,Nagondanahalli,6300000,5695157.25,604842.75,9.6,Random Forest
PROP-7C339447B5C5,Pune,Hadapsar,4600000,4534602.33,65397.67,1.42,Random Forest
PROP-618AEE8DA9B3,Pune,Pisoli,3200000,3089601.3,110398.7,3.45,Random Forest
PROP-6D082C457A30,Bengaluru,Udayagiri,5800000,6044172.56,244172.56,4.21,Random Forest
PROP-016FFD1C122B,Delhi,Laxmi Nagar,22000000,20537308.73,1462691.27,6.65,Random Forest
PROP-8175B23BB6C5,Bengaluru,Hbr Layout,7600000,7882514.32,282514.32,3.72,Random Forest
PROP-4DD4BAA8486F,Hyderabad,Kokapet,18000000,22700623.34,4700623.34,26.11,Random Forest
PROP-879B046D6BDB,Bengaluru,Jp Nagar,5000000,5145221.88,145221.88,2.9,Random Forest
PROP-D9ECC9A4371A,Bengaluru,Kommaghatta,11000000,9277564.59,1722435.41,15.66,Random Forest
PROP-A2178EB46E3C,Pune,Talegaon Dabhade,1651000,1694990.05,43990.05,2.66,Random Forest
PROP-28EBF50BF140,Kolkata,Madhyamgram,3500000,2641548.34,858451.66,24.53,Random Forest
PROP-FE5699397C72,Pune,Dhayari,2350000,2266553.32,83446.68,3.55,Random Forest
PROP-035F1DF77480,Hyderabad,Shaikpet,16000000,16673553.08,673553.08,4.21,Random Forest
PROP-440F5936FE43,Chennai,Sithalapakkam,23000000,21809607.9,1190392.1,5.18,Random Forest
PROP-E3394682F5EB,Pune,Kondhwa,7500000,6635411.87,864588.13,11.53,Random Forest
PROP-89F656AA02AC,Pune,Wagholi,3000000,3353031.57,353031.57,11.77,Random Forest
PROP-C96D058A7B02,Delhi,Dabri,6000000,5724560.98,275439.02,4.59,Random Forest
PROP-B68F6CB38ABE,Bengaluru,Hsr Layout,8600000,8515369.69,84630.31,0.98,Random Forest
PROP-7DB68EE331F7,Bengaluru,Chandapura,3800000,3683796.31,116203.69,3.06,Random Forest
PROP-37DB6F0FD6BE,Chennai,Chengalpattu,2000000,2023905.27,23905.27,1.2,Random Forest
PROP-0D6D87717885,Pune,Pune Cantonment,14100000,13378606.3,721393.7,5.12,Random Forest
PROP-301BB997DEA8,Chennai,Madhanandapuram,1700000,2406055.82,706055.82,41.53,Random Forest
PROP-A3CFC7B0F49F,Chennai,Ammapettai,3600000,5057363.57,1457363.57,40.48,Random Forest
PROP-302599185AAC,Delhi,Mansa Ram Park,3200000,3926222.5,726222.5,22.69,Random Forest
PROP-AF1227CAA778,Pune,Sus,5700000,5750118.77,50118.77,0.88,Random Forest
PROP-10A1A286AF58,Kolkata,Sarsuna,2800000,2876587.71,76587.71,2.74,Random Forest
PROP-B8F86C214941,Hyderabad,Vanasthalipuram,7600000,9274634.12,1674634.12,22.03,Random Forest
PROP-41E989F79805,Pune,Handewadi,2450000,2845680.88,395680.88,16.15,Random Forest
PROP-C59287905A57,Delhi,Paschim Vihar,14000000,14769159.02,769159.02,5.49,Random Forest
PROP-958AD368D7B0,Kolkata,Dhakuria,4000000,3015274.06,984725.94,24.62,Random Forest
PROP-77F1D54F3A83,Bengaluru,Gattahalli,4900000,5406330.84,506330.84,10.33,Random Forest
PROP-DD2E0676A4DF,Kolkata,Keshtopur,4800000,6618216.29,1818216.29,37.88,Random Forest
PROP-5191B5E6C1FC,Hyderabad,Kismatpur,6000000,8240826.28,2240826.28,37.35,Random Forest
PROP-B6D0D4410215,Bengaluru,Banaswadi,15000000,14871918.28,128081.72,0.85,Random Forest
PROP-352D26F9F841,Pune,Ranjangaon,1800000,1762694.65,37305.35,2.07,Random Forest
PROP-05D15D803737,Bengaluru,Bannerughatta,9000000,8017118.76,982881.24,10.92,Random Forest
PROP-A3473590907D,Bengaluru,Singasandra,6000000,6229657.29,229657.29,3.83,Random Forest
PROP-EE3F8D73AB40,Chennai,Pazhavanthangal,13500000,13106470.11,393529.89,2.92,Random Forest
PROP-7E1CD895B29A,Hyderabad,Boduppal,5600000,5331959.46,268040.54,4.79,Random Forest
PROP-CB79FB086663,Delhi,Sector 12 Dwarka,50000000,49631969.87,368030.13,0.74,Random Forest
PROP-73821B3E1E8A,Chennai,Anakaputhur,9000000,8193841.57,806158.43,8.96,Random Forest
PROP-A1645B8654D0,Delhi,Vasant Kunj,6000000,5272100.0,727900.0,12.13,Random Forest
PROP-E41E0FA10AF8,Hyderabad,Kompally,10200000,10659137.66,459137.66,4.5,Random Forest
PROP-EE0C3460E825,Chennai,Ammapettai,4500000,5174338.21,674338.21,14.99,Random Forest
PROP-38930D3E5AD5,Pune,Kolhewadi,2000000,2114203.51,114203.51,5.71,Random Forest
PROP-7C1C95262DB7,Delhi,Budh Vihar,12500000,12488561.28,11438.72,0.09,Random Forest
PROP-6962E9490359,Chennai,Vayalur,2500000,3496967.16,996967.16,39.88,Random Forest
PROP-59D7ED05852A,Delhi,Mukherjee Nagar,14500000,14953052.66,453052.66,3.12,Random Forest
PROP-E40E24D712B0,Pune,Pimple Nilakh,7500000,7893373.54,393373.54,5.24,Random Forest
PROP-4AB02D12AB85,Chennai,Ayanavaram,6000000,4832577.35,1167422.65,19.46,Random Forest
PROP-25D16C828562,Mumbai,Naigaon East,1200000,1634466.0,434466.0,36.21,Random Forest
PROP-045838DEA504,Delhi,Tughlakabad,1950000,2139195.01,189195.01,9.7,Random Forest
PROP-3C24C79B3B94,Bengaluru,Ullal Uppanagar,7000000,5566046.27,1433953.73,20.49,Random Forest
PROP-7AF106BFC991,Bengaluru,Kammasandra,6600000,5917068.81,682931.19,10.35,Random Forest
PROP-3FB934612BA9,Pune,Aundh,2700000,3041873.71,341873.71,12.66,Random Forest
PROP-C745DF9CEFD8,Bengaluru,Singasandra,5660000,4566053.76,1093946.24,19.33,Random Forest
PROP-B2A2B716046D,Bengaluru,Kadabagere,4000000,4401520.06,401520.06,10.04,Random Forest
PROP-9482B11F2DD8,Pune,Balewadi,4800000,4959443.49,159443.49,3.32,Random Forest
PROP-AFA76C13B75E,Bengaluru,Btm Layout,2000000,2087383.27,87383.27,4.37,Random Forest
PROP-B005C24FEB55,Pune,Narayangaon,5500000,3679105.33,1820894.67,33.11,Random Forest
PROP-96DA711717E2,Chennai,Perumbakkam,4000000,5128213.62,1128213.62,28.21,Random Forest
PROP-2BE121D1E5E9,Pune,Bibwewadi,5500000,6135784.12,635784.12,11.56,Random Forest
PROP-1F790EFD8125,Pune,Ambegaon,1900000,2095595.67,195595.67,10.29,Random Forest
PROP-D121E0C4EBF7,Bengaluru,K Channasandra,5500000,4291481.13,1208518.87,21.97,Random Forest
PROP-A42037E18BCB,Pune,Shikrapur,1500000,1662426.88,162426.88,10.83,Random Forest
PROP-A50CE5313CBD,Pune,Wanowrie,7500000,6640347.36,859652.64,11.46,Random Forest
PROP-F2AA264B8D16,Bengaluru,Kamakshipalya,9500000,10471368.29,971368.29,10.22,Random Forest
PROP-457AD501CB4F,Chennai,T Nagar,25000000,17333273.77,7666726.23,30.67,Random Forest
PROP-F07DDE96822A,Bengaluru,Kaggadasapura,4500000,3872004.99,627995.01,13.96,Random Forest
PROP-D0973DDA4D8F,Pune,Wakad,7800000,6596172.75,1203827.25,15.43,Random Forest
PROP-A0195411B832,Delhi,Pandav Nagar,7000000,7204510.95,204510.95,2.92,Random Forest
PROP-515005E56999,Delhi,Uttam Nagar,6000000,6221412.48,221412.48,3.69,Random Forest
PROP-5E6983336D58,Chennai,Kundrathur,4500000,3168146.51,1331853.49,29.6,Random Forest
PROP-315509A70EAC,Pune,Ravet,6310000,6356362.15,46362.15,0.73,Random Forest
PROP-C0DD7ED34DB4,Pune,Keshav Nagar,3100000,3379359.41,279359.41,9.01,Random Forest
PROP-D51FCCB82401,Pune,Chakan,2100000,2277563.54,177563.54,8.46,Random Forest
PROP-1AD8766EFA1F,Delhi,Greater Kailash,5099000,7094242.09,1995242.09,39.13,Random Forest
PROP-2F785AACB870,Bengaluru,Battarahalli,3250000,2538666.27,711333.73,21.89,Random Forest
PROP-47FD282C1428,Pune,Undri,6000000,5665600.27,334399.73,5.57,Random Forest
PROP-CDECEAB30043,Delhi,Sant Nagar,2500000,2514944.59,14944.59,0.6,Random Forest
PROP-A327069852C8,Chennai,Kolapakkam,8500000,4967492.68,3532507.32,41.56,Random Forest
PROP-1E1C17353E40,Delhi,Okhla,2500000,3633909.67,1133909.67,45.36,Random Forest
PROP-1DF5CA035298,Pune,Shivane,7200000,8243807.85,1043807.85,14.5,Random Forest
PROP-440F13982022,Pune,Undri,3000000,3451573.98,451573.98,15.05,Random Forest
PROP-2E247E8FBF01,Pune,Ambegaon Budruk,2450000,2734727.72,284727.72,11.62,Random Forest
PROP-AFF1688DC6DB,Delhi,Sector 5 Rohini,2000000,2096778.91,96778.91,4.84,Random Forest
PROP-E4E36E95EDAB,Delhi,Sector 5 Rohini,5000000,4799415.54,200584.46,4.01,Random Forest
PROP-925A53CC1421,Chennai,Kodambakkam,8500000,9323090.99,823090.99,9.68,Random Forest
PROP-9B9083DB7CBF,Delhi,Naraina,92500000,82481021.71,10018978.29,10.83,Random Forest
PROP-FE76E707B99E,Bengaluru,Btm Layout,700000,1534978.78,834978.78,119.28,Random Forest
PROP-0990AC2066F0,Mumbai,Ghatkopar West,5500000,5324567.54,175432.46,3.19,Random Forest
PROP-9C5D0CF6F00F,Delhi,Sidhartha Nagar,8000000,8811991.57,811991.57,10.15,Random Forest
PROP-43E277CC801A,Bengaluru,Doddajala,4600000,4716980.27,116980.27,2.54,Random Forest
PROP-A46D4E0EB0B9,Chennai,Varadharajapuram,5000000,4436920.38,563079.62,11.26,Random Forest
PROP-25906C36F887,Pune,Rajgurunagar,2600000,1928718.01,671281.99,25.82,Random Forest
PROP-031EACC72FAC,Chennai,Perumbakkam,5400000,4881766.87,518233.13,9.6,Random Forest
PROP-AEC56B927638,Chennai,Chromepet,4570000,4919153.49,349153.49,7.64,Random Forest
PROP-F60507C8E72C,Bengaluru,Padmanabhanagar,6000000,6138014.09,138014.09,2.3,Random Forest
PROP-EA626B1DE864,Delhi,Sector 39 Rohini,3200000,3226851.19,26851.19,0.84,Random Forest
PROP-E5DB4EC56BFD,Bengaluru,Kumaraswamy Layout,9500000,9012911.57,487088.43,5.13,Random Forest
PROP-6C265ECC52EE,Bengaluru,Yeshwanthpur,5650000,5862211.73,212211.73,3.76,Random Forest
PROP-E97FC7791CB2,Pune,Vadgaon Budruk,1050000,1244001.27,194001.27,18.48,Random Forest
PROP-A9AD15AE4F4B,Chennai,Vanagaram,6500000,25214903.98,18714903.98,287.92,Random Forest
PROP-07542049EDCD,Chennai,Ayanavaram,24000000,19080565.63,4919434.37,20.5,Random Forest
PROP-300FE53137C8,Bengaluru,Electronic City,11800000,13520483.85,1720483.85,14.58,Random Forest
PROP-C9D20255B3E4,Delhi,Said-Ul-Ajaib,6600000,9392798.28,2792798.28,42.32,Random Forest
PROP-080C27F30D8B,Bengaluru,Rajajinagar,11000000,12392074.97,1392074.97,12.66,Random Forest
PROP-3DDDE73F3508,Delhi,Dallupura,9000000,9053558.77,53558.77,0.6,Random Forest
PROP-18A0393EBFD1,Pune,Fursungi,8500000,7949077.08,550922.92,6.48,Random Forest
PROP-C1EA0CD38AC7,Pune,Wagholi,7500000,7663984.53,163984.53,2.19,Random Forest
PROP-C52E8140E86B,Pune,Khed Shivapur,10000000,7550888.4,2449111.6,24.49,Random Forest
PROP-23AF6966A1A5,Mumbai,Thane West,5800000,5706244.45,93755.55,1.62,Random Forest
PROP-4990F4349A2C,Delhi,Sidhartha Nagar,11000000,11698800.36,698800.36,6.35,Random Forest
PROP-EB9CA72140CA,Bengaluru,Begur,12500000,12022942.92,477057.08,3.82,Random Forest
PROP-0D0CC86E6670,Bengaluru,Nandini Layout,2300000,2349875.48,49875.48,2.17,Random Forest
PROP-2DBC56647DC2,Mumbai,Kanjurmarg West,3000000,3049329.16,49329.16,1.64,Random Forest
PROP-BE904FD9ECAD,Bengaluru,Nagavara,4000000,2910744.77,1089255.23,27.23,Random Forest
PROP-A5472FA9AB79,Pune,Shivane,2000000,1828585.89,171414.11,8.57,Random Forest
PROP-9D18701B8734,Bengaluru,Yelahanka,2500000,3880481.68,1380481.68,55.22,Random Forest
PROP-0509105302D9,Delhi,Jaffarpur Kalan,1400000,1382899.87,17100.13,1.22,Random Forest
PROP-4B2819CCDC38,Mumbai,Virar East,700000,748978.54,48978.54,7.0,Random Forest
PROP-A8556B61F94C,Pune,Pimpri,5600000,4879427.38,720572.62,12.87,Random Forest
PROP-4BFA952225F9,Pune,Ganesh Peth,3000000,2978644.65,21355.35,0.71,Random Forest
PROP-4B65F4ECF3DA,Bengaluru,Medahalli,9000000,9539583.23,539583.23,6.0,Random Forest
PROP-D42E5341B90C,Pune,Talegaon Dabhade,1500000,1721046.3,221046.3,14.74,Random Forest
PROP-0878E585B1A9,Delhi,Sector 16 Rohini,7000000,5462185.67,1537814.33,21.97,Random Forest
PROP-EDCB8E1E7D1F,Pune,Hadapsar,2050000,2183693.29,133693.29,6.52,Random Forest
PROP-2599E11222D9,Delhi,Razapur Khurd,3300000,3379478.0,79478.0,2.41,Random Forest
PROP-FE64C4652902,Chennai,Padur,14000000,12887079.62,1112920.38,7.95,Random Forest
PROP-D482B3771C8A,Pune,Wanowrie,38000000,38483443.82,483443.82,1.27,Random Forest
PROP-D30282DEF7E8,Bengaluru,Doddakannelli,7700000,6996841.53,703158.47,9.13,Random Forest
PROP-66BC2F398FB3,Pune,Uruli Kanchan,2000000,1885333.04,114666.96,5.73,Random Forest
PROP-B8CCA5B077EC,Delhi,Govindpuri,17000000,12022153.31,4977846.69,29.28,Random Forest
PROP-9840B36CD036,Bengaluru,Bagalur,11000000,9321178.43,1678821.57,15.26,Random Forest
PROP-275C30FED99F,Chennai,Sembakkam,11500000,8936634.0,2563366.0,22.29,Random Forest
PROP-34A08169478C,Pune,Ganga Dham,18500000,18235428.22,264571.78,1.43,Random Forest
PROP-3C7BB9A3A76F,Pune,Jambhul,1800000,1824053.89,24053.89,1.34,Random Forest
PROP-8B946A375F97,Pune,Talegaon Dhamdhere,1050000,1030077.49,19922.51,1.9,Random Forest
PROP-38292E418CB4,Bengaluru,Kumbalgodu,4000000,4263599.33,263599.33,6.59,Random Forest
PROP-B94889EB5DAC,Bengaluru,Jayanagar,17000000,14421294.73,2578705.27,15.17,Random Forest
PROP-7918A0543BED,Delhi,Mayur Vihar Phase 1,6500000,6130404.7,369595.3,5.69,Random Forest
PROP-F7AE73D7226F,Bengaluru,Frazer Town,13000000,11696466.06,1303533.94,10.03,Random Forest
PROP-4CBA87BD7ADC,Mumbai,Malad West,2500000,3010483.93,510483.93,20.42,Random Forest
PROP-CC0910D5F944,Delhi,Jamia Nagar,2500000,2526316.65,26316.65,1.05,Random Forest
PROP-880F2B4C6CEC,Pune,Jambhulwadi,1099000,1083143.3,15856.7,1.44,Random Forest
PROP-30E17D169E3B,Chennai,T Nagar,27500000,17222497.67,10277502.33,37.37,Random Forest
PROP-3190973D0D6A,Bengaluru,Koti Hosahalli,13000000,4775026.89,8224973.11,63.27,Random Forest
PROP-4B132EEC6D13,Bengaluru,Vidyaranyapura,4200000,7112628.54,2912628.54,69.35,Random Forest
PROP-7024A5C1CDC5,Bengaluru,Bagalakunte,3600000,4139699.03,539699.03,14.99,Random Forest
PROP-612330DF8800,Pune,Shewalewadi,8500000,7837717.73,662282.27,7.79,Random Forest
PROP-207F9F6C82A1,Chennai,Ambattur Industrial Estate,6500000,7756458.92,1256458.92,19.33,Random Forest
PROP-CEAAA6218846,Bengaluru,Bannerughatta,2400000,2351896.76,48103.24,2.0,Random Forest
PROP-EB4A1A9AE20E,Chennai,Gerugambakkam,4200000,7234640.97,3034640.97,72.25,Random Forest
PROP-26E5909FF552,Pune,Hadapsar,3000000,3048541.82,48541.82,1.62,Random Forest
PROP-1779D7AD70C3,Pune,Pisoli,3500000,3187570.98,312429.02,8.93,Random Forest
PROP-36E67E14E286,Bengaluru,Kaggadasapura,4000000,3800985.25,199014.75,4.98,Random Forest
PROP-7DE0F80CE62A,Bengaluru,Shivaji Nagar,15000000,15273754.44,273754.44,1.83,Random Forest
PROP-009D2FB6208C,Bengaluru,Nagamangala,2100000,1997460.95,102539.05,4.88,Random Forest
PROP-A0E7E5E1C072,Pune,Saswad,2300000,2721412.15,421412.15,18.32,Random Forest
PROP-9269F5EDABE3,Pune,Mundhwa,11500000,10678077.02,821922.98,7.15,Random Forest
PROP-39EDB7D041E5,Chennai,Kolapakkam,6900000,5460396.89,1439603.11,20.86,Random Forest
PROP-D27635A55529,Mumbai,Mira Road East,5500000,5150681.06,349318.94,6.35,Random Forest
PROP-C09982527D26,Pune,Bhosari,3000000,3615501.97,615501.97,20.52,Random Forest
PROP-48CB268852CA,Pune,Kondhwa,8000000,7604392.82,395607.18,4.95,Random Forest
PROP-555DE32B3741,Pune,Sus,7600000,7834643.92,234643.92,3.09,Random Forest
PROP-5DD0259F63AA,Delhi,Sector 12 Dwarka,31500000,31782506.15,282506.15,0.9,Random Forest
PROP-31F0500C626F,Delhi,Palam,5200000,5682572.1,482572.1,9.28,Random Forest
PROP-A78E23A451BF,Chennai,Thiruverkkadu,7200000,7402778.6,202778.6,2.82,Random Forest
PROP-7879F1316D64,Bengaluru,Bisuvanahalli,4000000,4084657.9,84657.9,2.12,Random Forest
PROP-A0AA62836698,Bengaluru,Doddaballapura,5200000,4968853.51,231146.49,4.45,Random Forest
PROP-97C92653EB1E,Delhi,Lado Sarai,3100000,3305856.48,205856.48,6.64,Random Forest
PROP-E8BBAB4BD9FD,Delhi,Sector 17 Rohini,2300000,2370529.42,70529.42,3.07,Random Forest
PROP-26E24636D271,Bengaluru,Kartik Nagar,7000000,8602532.78,1602532.78,22.89,Random Forest
PROP-87724D4B91BD,Bengaluru,Nelamangala,4500000,5309681.28,809681.28,17.99,Random Forest
PROP-4E59815F38F6,Pune,Chakan,2000000,2170197.72,170197.72,8.51,Random Forest
PROP-623733528207,Pune,Chandan Nagar,6500000,5631435.44,868564.56,13.36,Random Forest
PROP-BC66A060CCEC,Mumbai,Virar West,2950000,3278388.38,328388.38,11.13,Random Forest
PROP-C8CC7D055133,Bengaluru,Devanahalli,4185000,4018844.87,166155.13,3.97,Random Forest
PROP-6E48515068CD,Kolkata,Dum Dum Cantonment,2200000,2900643.61,700643.61,31.85,Random Forest
PROP-8B0A281F6F67,Kolkata,Tangra,8500000,9263327.63,763327.63,8.98,Random Forest
PROP-758E0F776A14,Chennai,Ramapuram,3500000,4112130.74,612130.74,17.49,Random Forest
PROP-B8522EF8B903,Pune,Gultekdi,17500000,16890151.27,609848.73,3.48,Random Forest
PROP-9C41AA9B9845,Pune,Hinjewadi Phase 3,3800000,3722806.64,77193.36,2.03,Random Forest
PROP-216A3970FF18,Pune,Rahatani,23000000,23425679.25,425679.25,1.85,Random Forest
PROP-A347BF67ECD7,Pune,Ganj Peth,6500000,5460997.89,1039002.11,15.98,Random Forest
PROP-5D362742297B,Bengaluru,Kithaganur Colony,8600000,8126746.91,473253.09,5.5,Random Forest
PROP-3742950FC789,Delhi,Tughlakabad,4000000,3692041.33,307958.67,7.7,Random Forest
PROP-A9BCCF053E17,Delhi,Hastsal,6350000,6264945.96,85054.04,1.34,Random Forest
PROP-32003935ECCA,Bengaluru,Yerappanahalli,3825000,4491275.47,666275.47,17.42,Random Forest
PROP-2C4FC6B32994,Bengaluru,Madavara,7400000,5818164.43,1581835.57,21.38,Random Forest
PROP-7FEB6B5FB126,Bengaluru,Ragavendra Industrial Estate,4500000,4763060.54,263060.54,5.85,Random Forest
PROP-D2B8AEFDC4A2,Chennai,Dharkast,3600000,5885090.51,2285090.51,63.47,Random Forest
PROP-B818F0D9592E,Bengaluru,Hurulichikanahalli,3000000,3861862.1,861862.1,28.73,Random Forest
PROP-A5DEBFD65275,Chennai,Aminjikarai,7400000,5728419.87,1671580.13,22.59,Random Forest
PROP-DFC59B418382,Pune,Katad Khana,4200000,3807823.03,392176.97,9.34,Random Forest
PROP-D76597982D99,Pune,Shivane,7000000,5173826.43,1826173.57,26.09,Random Forest
PROP-08E7410F6F56,Kolkata,Rajarhat,3700000,4422091.89,722091.89,19.52,Random Forest
PROP-DE0577CA5310,Mumbai,Girgaon,60000000,58811534.79,1188465.21,1.98,Random Forest
PROP-929F154C0F01,Pune,Kondhwa,27500000,27624249.14,124249.14,0.45,Random Forest
PROP-2960C566D6FE,Bengaluru,Lingarajapuram,10500000,13144394.04,2644394.04,25.18,Random Forest
PROP-0912041A0312,Chennai,Choolaimedu,6000000,5575262.85,424737.15,7.08,Random Forest
PROP-5364E9848963,Bengaluru,Varthur,17500000,14726405.34,2773594.66,15.85,Random Forest
PROP-F4BFAA10D3BF,Bengaluru,Bidare Agraha,5000000,3847272.93,1152727.07,23.05,Random Forest
PROP-98C89B2206BD,Delhi,Vasant Kunj,9750000,7398307.21,2351692.79,24.12,Random Forest
PROP-E0FD65059227,Bengaluru,Thotada Guddadhalli Village,12000000,11607874.1,392125.9,3.27,Random Forest
PROP-723B07FC1828,Delhi,Madangir,11000000,15098971.98,4098971.98,37.26,Random Forest
PROP-B20A5D32356D,Chennai,Perambur,5200000,5491054.47,291054.47,5.6,Random Forest
PROP-1FF39EFE8F1C,Bengaluru,Neelasandra,2000000,1865426.0,134574.0,6.73,Random Forest
PROP-7EE9C3784A47,Bengaluru,Kengeri,39500000,38426280.69,1073719.31,2.72,Random Forest
PROP-35F055A640FC,Delhi,Karala,6000000,6870151.53,870151.53,14.5,Random Forest
PROP-7DD59E02BF22,Chennai,Choolaimedu,70000000,45456624.89,24543375.11,35.06,Random Forest
PROP-27C577E56D7C,Bengaluru,Mallathahalli,15000000,15052397.32,52397.32,0.35,Random Forest
PROP-61B82DD291D3,Chennai,Kodambakkam,12000000,10616170.52,1383829.48,11.53,Random Forest
PROP-0EBA19EF740C,Delhi,Badarpur,1200000,1596573.86,396573.86,33.05,Random Forest
PROP-F872C60A1136,Delhi,Tagore Garden Extension,25000000,25807686.3,807686.3,3.23,Random Forest
PROP-41554050619B,Chennai,Sithalapakkam,7500000,7526085.95,26085.95,0.35,Random Forest
PROP-CD5F861DFC1E,Delhi,Karol Bagh,21000000,20017032.67,982967.33,4.68,Random Forest
PROP-22ADCFDCC4E6,Bengaluru,M Hosahalli,2800000,3582483.85,782483.85,27.95,Random Forest
PROP-C25510000B39,Delhi,Sector 16B Dwarka,5100000,2816282.8,2283717.2,44.78,Random Forest
PROP-A9A2277A47DA,Bengaluru,Doddabele,6000000,1860326.39,4139673.61,68.99,Random Forest
PROP-416A3CB02077,Mumbai,Bhayandar West,6500000,5353140.09,1146859.91,17.64,Random Forest
PROP-AF6169902B19,Pune,Dhankawadi,2000000,1809638.83,190361.17,9.52,Random Forest
PROP-0FAB90A61B36,Delhi,Uttam Nagar,3600000,3320259.81,279740.19,7.77,Random Forest
PROP-90B5D0DE93B2,Pune,Lohegaon,16500000,16617374.1,117374.1,0.71,Random Forest
PROP-4F7E04D32961,Pune,Kondhawe-Dhawade,2500000,2517403.56,17403.56,0.7,Random Forest
PROP-5BC79A05EBF7,Bengaluru,Dommasandra,6200000,5997073.84,202926.16,3.27,Random Forest
PROP-62C848E36F39,Bengaluru,Chandra Layout Extension,32500000,32502955.62,2955.62,0.01,Random Forest
PROP-E33EFE69B80C,Bengaluru,Sunkadakatte,13000000,13242174.1,242174.1,1.86,Random Forest
PROP-27DE9C56D44E,Bengaluru,Mattanahalli,5500000,5634859.06,134859.06,2.45,Random Forest
PROP-038615FDDE7D,Delhi,Mahavir Enclave,16500000,15874533.32,625466.68,3.79,Random Forest
PROP-FC9D0E12E5EC,Chennai,T Nagar,11000000,11946225.3,946225.3,8.6,Random Forest
PROP-6998C3C1CE18,Delhi,Shahdara,6000000,5844762.64,155237.36,2.59,Random Forest
PROP-F3F0AF36CEB5,Bengaluru,Marathahalli,26000000,23709485.28,2290514.72,8.81,Random Forest
PROP-2D787C5B7475,Chennai,Madambakkam,5800000,5349790.63,450209.37,7.76,Random Forest
PROP-435F8E219C76,Pune,Hadapsar,6500000,5209144.21,1290855.79,19.86,Random Forest
PROP-35B3FD2B9BC4,Pune,Khadki,2700000,2552025.42,147974.58,5.48,Random Forest
PROP-47EC8CAA2D1D,Pune,Sus,6000000,6867583.38,867583.38,14.46,Random Forest
PROP-CEEB57C8F217,Bengaluru,Virupakshapura,7000000,7751991.09,751991.09,10.74,Random Forest
PROP-B7CFF0B405B6,Pune,Ambegaon Pathar,4800000,4455958.18,344041.82,7.17,Random Forest
PROP-737ACAF91D3C,Bengaluru,Dooravani Nagar,8700000,8965078.7,265078.7,3.05,Random Forest
PROP-AD318104196B,Bengaluru,Cheemasandra,6500000,5730769.98,769230.02,11.83,Random Forest
PROP-CE92ABFFB9EC,Pune,Ganesh Peth,5200000,6932743.88,1732743.88,33.32,Random Forest
PROP-3879314D82F9,Bengaluru,Muddanahalli,7200000,7569239.16,369239.16,5.13,Random Forest
PROP-2463CFFB28A7,Chennai,Thirumullaivoyal,5800000,5960297.9,160297.9,2.76,Random Forest
PROP-2D1779BDD5F3,Hyderabad,Narsingi,7300000,7589198.23,289198.23,3.96,Random Forest
PROP-7DB1A8426B9C,Bengaluru,Banashankari,12500000,11054859.51,1445140.49,11.56,Random Forest
PROP-F350E6D1EED2,Bengaluru,Singasandra,7000000,6399648.41,600351.59,8.58,Random Forest
PROP-D2D7F074ACF4,Pune,Mundhwa,3800000,4058918.93,258918.93,6.81,Random Forest
PROP-5CC4D652FF93,Bengaluru,Kasavanahalli,8300000,7810752.29,489247.71,5.89,Random Forest
PROP-9C34FF43D250,Kolkata,Hridaypur,6000000,6683902.75,683902.75,11.4,Random Forest
PROP-1A4D986F8144,Bengaluru,Wilson Garden,7800000,6686791.04,1113208.96,14.27,Random Forest
PROP-4D6FA16E4065,Delhi,Pitampura,10500000,9194970.55,1305029.45,12.43,Random Forest
PROP-BEDA27D6C498,Bengaluru,Hsr Layout,18000000,15395332.69,2604667.31,14.47,Random Forest
PROP-FC8EEB5BF799,Kolkata,Purba Barisha,14000000,6357999.8,7642000.2,54.59,Random Forest
PROP-A7910C008A88,Bengaluru,Sunkadakatte,8490000,8438171.8,51828.2,0.61,Random Forest
PROP-7B6F7930318A,Bengaluru,Laggere,22500000,32584508.37,10084508.37,44.82,Random Forest
PROP-B655C40C41EA,Mumbai,Virar West,5600000,5335568.38,264431.62,4.72,Random Forest
PROP-66EEDE198CCB,Bengaluru,Hallehalli,6500000,6016762.72,483237.28,7.43,Random Forest
PROP-C04725EAD432,Bengaluru,Thanisandra,6500000,6742266.68,242266.68,3.73,Random Forest
PROP-9DA3F99F0C36,Kolkata,Belgachia,5000000,7085327.88,2085327.88,41.71,Random Forest
PROP-4776467A6E02,Kolkata,Mahheshtala,2600000,2699242.84,99242.84,3.82,Random Forest
PROP-0CFC21EB2047,Bengaluru,Bisuvanahalli,6400000,5087316.24,1312683.76,20.51,Random Forest
PROP-B28EDFE12B58,Bengaluru,Akshayanagar,17500000,10796207.73,6703792.27,38.31,Random Forest
PROP-34DBD024A8F8,Bengaluru,Kolar,7500000,8023385.23,523385.23,6.98,Random Forest
PROP-C9818BBCF139,Bengaluru,Arakere,7500000,7358895.05,141104.95,1.88,Random Forest
PROP-BDC7587B7D0F,Pune,Bibwewadi,3000000,3165746.5,165746.5,5.52,Random Forest
PROP-2EA0E2DBA39E,Bengaluru,Malleswaram,14500000,15221039.02,721039.02,4.97,Random Forest
PROP-E45EFF56102C,Kolkata,Kasba,2200000,1999812.67,200187.33,9.1,Random Forest
PROP-5B83C9868B63,Kolkata,Kaikhali,7000000,4280442.53,2719557.47,38.85,Random Forest
PROP-0681907F9E9F,Mumbai,Vikhroli East,13500000,11485714.03,2014285.97,14.92,Random Forest
PROP-09608FFFACCF,Pune,Shivane,1200000,1330070.42,130070.42,10.84,Random Forest
PROP-5B1D193B8BEF,Bengaluru,Chandapura,11000000,6768438.25,4231561.75,38.47,Random Forest
PROP-B2BD4E3603E1,Bengaluru,Doddabommasandra,14000000,15314268.11,1314268.11,9.39,Random Forest
PROP-687E7446D8BA,Mumbai,Andheri East,30000000,22140621.85,7859378.15,26.2,Random Forest
PROP-74731FF22A2E,Bengaluru,Chandapura,6900000,6952347.53,52347.53,0.76,Random Forest
PROP-663CCC8A79FC,Bengaluru,Akshayanagar,6200000,5438186.72,761813.28,12.29,Random Forest
PROP-7418D47C5C3E,Bengaluru,Devanahalli,15000000,12510265.89,2489734.11,16.6,Random Forest
PROP-8B05902385AA,Bengaluru,Harlur,6130000,7173429.88,1043429.88,17.02,Random Forest
PROP-1143B11F2B28,Mumbai,Malad West,9500000,8597957.27,902042.73,9.5,Random Forest
PROP-9812020C0B67,Bengaluru,Sivanchetti Gardens,4500000,5404414.34,904414.34,20.1,Random Forest
PROP-14B7E84EC415,Delhi,Rohini Sector 28,2600000,2731263.22,131263.22,5.05,Random Forest
PROP-C0CD75FD2E08,Bengaluru,Cooke Town,38500000,34973812.73,3526187.27,9.16,Random Forest
PROP-48FF77CF86EA,Kolkata,Baguiati,3975000,4303965.54,328965.54,8.28,Random Forest
PROP-05A0599313EE,Kolkata,Taltala,10000000,7270657.09,2729342.91,27.29,Random Forest
PROP-775199406D45,Bengaluru,Kambipura,7900000,5955266.84,1944733.16,24.62,Random Forest
PROP-FD8307310423,Kolkata,Bramhapur,2800000,2501237.17,298762.83,10.67,Random Forest
PROP-A49404C30599,Mumbai,Dadar West,30000000,31436523.28,1436523.28,4.79,Random Forest
PROP-0CB2D2F633B0,Bengaluru,Manchapanahalli,13000000,11347648.94,1652351.06,12.71,Random Forest
PROP-7CDF376AB586,Kolkata,Garia,3500000,2656827.67,843172.33,24.09,Random Forest
PROP-1538AE991581,Bengaluru,Sg Palya,10000000,8883026.15,1116973.85,11.17,Random Forest
PROP-79142883924B,Kolkata,Barrackpore,9800000,9133741.83,666258.17,6.8,Random Forest
PROP-43232A2796DD,Bengaluru,Kattigenahalli,24000000,18858817.43,5141182.57,21.42,Random Forest
PROP-6D07632670C1,Bengaluru,Mallasandra,7500000,5903357.32,1596642.68,21.29,Random Forest
PROP-CDA2A0AB5F39,Pune,Parvati Darshan,3200000,3808693.17,608693.17,19.02,Random Forest
PROP-4F37C5473479,Delhi,Dilshad Garden,14000000,14414744.75,414744.75,2.96,Random Forest
PROP-AA0CC1E67A59,Bengaluru,Kommasandra,10000000,8607480.17,1392519.83,13.93,Random Forest
PROP-BCC62E9D8CA7,Delhi,Sangam Vihar,1600000,1794835.91,194835.91,12.18,Random Forest
PROP-8674AFDD7453,Kolkata,Joka,3200000,3494298.65,294298.65,9.2,Random Forest
PROP-81451D2EC9FC,Bengaluru,Lakshmipura,1100000,1030012.34,69987.66,6.36,Random Forest
PROP-D6354C3BA88B,Bengaluru,Basavanagudi,17000000,17218141.68,218141.68,1.28,Random Forest
PROP-7D9769ED2EB4,Delhi,Khajoori Khas,3100000,3192478.55,92478.55,2.98,Random Forest
PROP-A25837FE2A48,Kolkata,Purba Barisha,1800000,1320497.99,479502.01,26.64,Random Forest
PROP-9BBD27CEFE61,Kolkata,Budge Budge,33000000,11068213.36,21931786.64,66.46,Random Forest
PROP-8A5280BE3040,Mumbai,Virar East,4000000,2823369.26,1176630.74,29.42,Random Forest
PROP-A45DE8E14893,Bengaluru,Yelahanka,21000000,16381659.81,4618340.19,21.99,Random Forest
PROP-2E315B85AA19,Bengaluru,Mallathahalli,4000000,4794304.71,794304.71,19.86,Random Forest
PROP-A33622E96107,Mumbai,Virar West,6500000,5823751.66,676248.34,10.4,Random Forest
PROP-F988B92E3135,Bengaluru,Jp Nagar,4700000,4766005.4,66005.4,1.4,Random Forest
PROP-5A776B4F1FE1,Bengaluru,Thotada Guddadhalli Village,8700000,8705237.34,5237.34,0.06,Random Forest
PROP-017B72AECABE,Bengaluru,Krishnarajapura,4250000,4778696.33,528696.33,12.44,Random Forest
PROP-5AE4A2894023,Bengaluru,Kengeri,5100000,4691811.8,408188.2,8.0,Random Forest
PROP-2268B607C7B6,Pune,Kothrud,8790000,9449390.66,659390.66,7.5,Random Forest
PROP-EF39E08A9BB0,Kolkata,Sodepur,25000000,15257515.89,9742484.11,38.97,Random Forest
PROP-195C8A240117,Delhi,Ghitorni,1500000,1732407.56,232407.56,15.49,Random Forest
PROP-1FE3CF76897B,Mumbai,Kandivali West,6900000,6971858.01,71858.01,1.04,Random Forest
PROP-DD320D8AA42A,Mumbai,Vikhroli East,5000000,5635341.08,635341.08,12.71,Random Forest
PROP-A33813256EF4,Mumbai,Jogeshwari West,12500000,16581750.22,4081750.22,32.65,Random Forest
PROP-D6F6F704AE6B,Pune,Range Hill Estate,12000000,11866407.12,133592.88,1.11,Random Forest
PROP-26F6F60CE515,Kolkata,Paschim Barisha,3200000,2894149.48,305850.52,9.56,Random Forest
PROP-6B6B7816E643,Bengaluru,Hsr Layout,5800000,5971627.67,171627.67,2.96,Random Forest
PROP-60A8992057EF,Kolkata,Mahheshtala,3200000,2934577.3,265422.7,8.29,Random Forest
PROP-6CB376B42E54,Bengaluru,Chikbanavara,3200000,3678492.42,478492.42,14.95,Random Forest
PROP-96A023762EBC,Bengaluru,Anekal,17000000,8275715.93,8724284.07,51.32,Random Forest
PROP-DB8EEB99DA27,Kolkata,Tangra,9850000,12677163.44,2827163.44,28.7,Random Forest
PROP-032A58DD7806,Bengaluru,Hemmigepura,110000000,95734655.64,14265344.36,12.97,Random Forest
PROP-426D2AAA7CEB,Bengaluru,Singasandra,5000000,5609151.3,609151.3,12.18,Random Forest
PROP-0DC2EC49750F,Pune,Baramati,14000000,6842643.8,7157356.2,51.12,Random Forest
PROP-19E7561477F7,Bengaluru,Seegehalli,9400000,9802179.42,402179.42,4.28,Random Forest
PROP-17AFE0BFDB20,Pune,Uruli Kanchan,1800000,1528746.75,271253.25,15.07,Random Forest
PROP-17E889979BF1,Bengaluru,Malleswaram,40000000,40184705.84,184705.84,0.46,Random Forest
PROP-B14B320EBDFC,Delhi,Mehrauli,2600000,3762213.41,1162213.41,44.7,Random Forest
PROP-DF06ED64B99F,Pune,Vadgaon,2500000,1992154.24,507845.76,20.31,Random Forest
PROP-137C2C005E7D,Bengaluru,Meesaganahalli,30000000,30235092.84,235092.84,0.78,Random Forest
PROP-63C1E3879D1B,Pune,Sanaswadi,1500000,1384190.16,115809.84,7.72,Random Forest
PROP-F9DB8A32FEB4,Mumbai,Borivali West,10000000,9986418.56,13581.44,0.14,Random Forest
PROP-C1177CD3700D,Mumbai,Virar West,3500000,3568087.95,68087.95,1.95,Random Forest
PROP-65394814C748,Bengaluru,Wilson Garden,18500000,16485027.74,2014972.26,10.89,Random Forest
PROP-004DC79AD105,Bengaluru,Anjanapura Township,4500000,4997303.44,497303.44,11.05,Random Forest
PROP-13CEBE2A0740,Kolkata,Lake Town,8900000,7453936.54,1446063.46,16.25,Random Forest
PROP-79C048CC5D81,Mumbai,Mulund East,9800000,9035199.35,764800.65,7.8,Random Forest
PROP-2ECBEC80534E,Delhi,Janakpuri,10000000,11287179.0,1287179.0,12.87,Random Forest
PROP-17234F70D5D2,Bengaluru,Rmv Extension Stage 2,23000000,25758242.24,2758242.24,11.99,Random Forest
PROP-19C1E47746C4,Pune,Katraj,2500000,2575585.13,75585.13,3.02,Random Forest
PROP-D07A88266219,Kolkata,Narendrapur,2492000,2991784.33,499784.33,20.06,Random Forest
PROP-ED894EF05DC0,Kolkata,Mukundapur,4000000,3519416.15,480583.85,12.01,Random Forest
PROP-FC787D7FB9FB,Pune,Kharadi,5200000,4327619.56,872380.44,16.78,Random Forest
PROP-CE22265D659C,Bengaluru,Horamavu,8000000,7089861.28,910138.72,11.38,Random Forest
PROP-6F0E4CFD22DB,Kolkata,Narendrapur,2500000,3090244.13,590244.13,23.61,Random Forest
PROP-6BD54E2513A6,Bengaluru,Electronic City,2500000,3180037.09,680037.09,27.2,Random Forest
PROP-A39B58DD3D8D,Delhi,Sarita Vihar,1200000,1202049.16,2049.16,0.17,Random Forest
PROP-2575E406E6ED,Bengaluru,Kumbalgodu,12500000,11515118.37,984881.63,7.88,Random Forest
PROP-B63F0A2B79B8,Pune,Old Sangvi,7000000,7668134.15,668134.15,9.54,Random Forest
PROP-D3DE585BE9BE,Bengaluru,Annapurneshwari Nagar,10500000,8098813.53,2401186.47,22.87,Random Forest
PROP-816F45C228AB,Mumbai,Chandansar,3400000,2790644.85,609355.15,17.92,Random Forest
PROP-E21237B121F4,Delhi,Geeta Colony,11000000,7008451.4,3991548.6,36.29,Random Forest
PROP-18D6071BF955,Pune,Pimpri,3600000,3932171.81,332171.81,9.23,Random Forest
PROP-492710FE2FE9,Bengaluru,Electronic City,3500000,4148472.25,648472.25,18.53,Random Forest
PROP-1A63C13254E9,Bengaluru,Malimakanapura,3300000,4072025.54,772025.54,23.39,Random Forest
PROP-E9A87A15A0EA,Mumbai,Goregaon West,15000000,14113468.31,886531.69,5.91,Random Forest
PROP-5456B6DC1BE7,Bengaluru,Rr Nagar,7800000,7665279.5,134720.5,1.73,Random Forest
PROP-5BDEEBAF47FC,Pune,Ambegaon Budruk,4000000,5247788.03,1247788.03,31.19,Random Forest
PROP-7ED9D16B4A84,Delhi,Tri Nagar,27000000,31402564.61,4402564.61,16.31,Random Forest
PROP-29E8098A6751,Kolkata,Sinthi,4500000,6354151.65,1854151.65,41.2,Random Forest
PROP-6653EDB96020,Pune,Bibwewadi,4200000,4076145.93,123854.07,2.95,Random Forest
PROP-0FDB3B6F821B,Bengaluru,Margondanahalli,9500000,9549295.23,49295.23,0.52,Random Forest
PROP-52424E54F5E3,Kolkata,Ward No 113,3000000,3188868.44,188868.44,6.3,Random Forest
PROP-8F23576DE15A,Bengaluru,Hennur,12000000,8920645.8,3079354.2,25.66,Random Forest
PROP-73AD0F516D1D,Kolkata,Sarsuna,2700000,3095657.02,395657.02,14.65,Random Forest
PROP-6B1B4B888525,Bengaluru,Hampapura,6800000,7275815.88,475815.88,7.0,Random Forest
PROP-31C335EAA49F,Kolkata,Rahara,7500000,6684021.0,815979.0,10.88,Random Forest
PROP-5CE0B820B272,Pune,Shikrapur,5000000,5648857.65,648857.65,12.98,Random Forest
PROP-579AC477C3DE,Delhi,Palam,4800000,4436122.07,363877.93,7.58,Random Forest
PROP-1AFF711E86BC,Mumbai,Santacruz West,120000000,117274152.41,2725847.59,2.27,Random Forest
PROP-63ABB0812E88,Pune,Kharadi,8000000,7854917.95,145082.05,1.81,Random Forest
PROP-2BD3DCFC4E20,Delhi,Sector 15 Rohini,5500000,5493971.82,6028.18,0.11,Random Forest
PROP-F73C51824DEC,Kolkata,Dum Dum Park,2500000,3062045.67,562045.67,22.48,Random Forest
PROP-DD96F911A6F7,Mumbai,Mira Road East,12000000,10219868.05,1780131.95,14.83,Random Forest
PROP-83B677C44E98,Pune,Rasta Peth,6400000,5610825.65,789174.35,12.33,Random Forest
PROP-EC60233BBF5C,Kolkata,International Airport,3600000,3460652.19,139347.81,3.87,Random Forest
PROP-CEAB7897D726,Mumbai,Nalasopara West,2700000,2741304.44,41304.44,1.53,Random Forest
PROP-6C88132DD7DA,Bengaluru,Electronic City Phase Ii,7500000,7625855.62,125855.62,1.68,Random Forest
PROP-31228546D8E5,Mumbai,Goregaon West,10000000,9843347.05,156652.95,1.57,Random Forest
PROP-91A5C082A239,Delhi,Kalkaji Extension,60000000,62607156.39,2607156.39,4.35,Random Forest
PROP-8019381B2D7D,Mumbai,Goregaon East,17500000,17169287.41,330712.59,1.89,Random Forest
PROP-12F866BB884B,Kolkata,Ballygunge,25700000,27141928.86,1441928.86,5.61,Random Forest
PROP-F72F006C0A67,Delhi,Bawana,1500000,2121265.86,621265.86,41.42,Random Forest
PROP-7E7631D90398,Pune,Spine Road,3600000,3305360.19,294639.81,8.18,Random Forest
PROP-EC3016304151,Kolkata,Garia,2500000,3358909.28,858909.28,34.36,Random Forest
PROP-300301509063,Delhi,Jahangirpuri,8000000,10120784.84,2120784.84,26.51,Random Forest
PROP-3B8E9D1E24A9,Bengaluru,Sollepura Village,5500000,5887861.6,387861.6,7.05,Random Forest
PROP-4D8AAFAF4DD6,Kolkata,Kalighat,6000000,5266778.29,733221.71,12.22,Random Forest
PROP-4A67F7047825,Bengaluru,Jakkur,14000000,15039731.61,1039731.61,7.43,Random Forest
PROP-B77E72E72087,Mumbai,Virar West,5800000,6042733.76,242733.76,4.19,Random Forest
PROP-F0513E15F390,Delhi,Shahdara,10800000,11660114.55,860114.55,7.96,Random Forest
PROP-D0706C8D1125,Delhi,Kondli,7000000,7453529.16,453529.16,6.48,Random Forest
PROP-F831E33D8CE1,Mumbai,Andheri East,8900000,8387226.62,512773.38,5.76,Random Forest
PROP-ED4B5382AB51,Pune,Bibwewadi,1500000,1633033.5,133033.5,8.87,Random Forest
PROP-81EF362EBECE,Kolkata,Baranagar,2500000,2981837.89,481837.89,19.27,Random Forest
PROP-A8AA091D3765,Bengaluru,Whitefield,5000000,5186219.92,186219.92,3.72,Random Forest
PROP-18F7A2458638,Bengaluru,Doddaballapura,4200000,4557935.38,357935.38,8.52,Random Forest
PROP-0321031F9CA0,Pune,Karve Nagar,3900000,3654379.95,245620.05,6.3,Random Forest
PROP-475474C549DB,Mumbai,Chembur,44000000,44508103.0,508103.0,1.15,Random Forest
PROP-8185CC7A850D,Mumbai,Vasai East,5300000,5098625.32,201374.68,3.8,Random Forest
PROP-8F9EBDE4207B,Bengaluru,Medahalli,8500000,6625580.9,1874419.1,22.05,Random Forest
PROP-C3F6C9C06157,Mumbai,Borivali West,12000000,11506487.85,493512.15,4.11,Random Forest
PROP-EAF92F8DDDD9,Bengaluru,Shivaji Nagar,4500000,5474826.77,974826.77,21.66,Random Forest
PROP-1E5AC3A07E08,Bengaluru,Vidyaranyapura,11500000,9048218.08,2451781.92,21.32,Random Forest
PROP-CD7F112A1F19,Kolkata,New Alipore,5000000,5104141.34,104141.34,2.08,Random Forest
PROP-E9D356433740,Kolkata,Belgachia,5000000,3517593.6,1482406.4,29.65,Random Forest
PROP-D1F20278616A,Delhi,Holambi Kalan,4000000,3770930.44,229069.56,5.73,Random Forest
PROP-A58A2DD68E92,Delhi,Baprola,4850000,6767606.82,1917606.82,39.54,Random Forest
PROP-F8B16DBA4627,Mumbai,Borivali West,5500000,6133324.9,633324.9,11.51,Random Forest
PROP-5F88C1FDBD2B,Pune,Shivane,2250000,2344465.08,94465.08,4.2,Random Forest
PROP-A41CEBC7E2BC,Kolkata,Baghajatin,2000000,1836184.9,163815.1,8.19,Random Forest
PROP-23629863AED7,Bengaluru,Koramangala,60000000,54202996.66,5797003.34,9.66,Random Forest
PROP-CEADB7303C32,Bengaluru,Banashankari,8000000,7688689.29,311310.71,3.89,Random Forest
PROP-F24A817B0BB3,Bengaluru,Whitefield,13000000,10293180.0,2706820.0,20.82,Random Forest
PROP-187FFC381A62,Bengaluru,Gollarapalya Hosahalli,5800000,5969529.58,169529.58,2.92,Random Forest
PROP-C01B4B736A4B,Bengaluru,Banashankari,20000000,15374518.55,4625481.45,23.13,Random Forest
PROP-20A016CF8804,Kolkata,Sonarpur,1250000,1536228.79,286228.79,22.9,Random Forest
PROP-0C2F959D4D5F,Mumbai,Borivali West,19500000,17823234.41,1676765.59,8.6,Random Forest
PROP-7333F24AF932,Kolkata,Golf Green,4000000,5172467.23,1172467.23,29.31,Random Forest
PROP-FF44CE499C7D,Kolkata,Narendrapur,6700000,7223909.35,523909.35,7.82,Random Forest
PROP-BDA85CF43BCD,Bengaluru,Subramanyapura,14000000,13000108.75,999891.25,7.14,Random Forest
PROP-4ABBEB8C8EFE,Kolkata,Hussainpur,22500000,13698674.5,8801325.5,39.12,Random Forest
PROP-8F876ABDB135,Pune,Old Sangvi,4200000,4174357.7,25642.3,0.61,Random Forest
PROP-487B76347674,Kolkata,South Dum Dum,2280000,2006083.85,273916.15,12.01,Random Forest
PROP-D1C9187B98AF,Kolkata,Ariadaha,9400000,5827452.63,3572547.37,38.01,Random Forest
PROP-B44ADED90535,Chennai,Ammapettai,4600000,5635988.99,1035988.99,22.52,Random Forest
PROP-C31DB34FF0D3,Delhi,Palam,7000000,5891676.5,1108323.5,15.83,Random Forest
PROP-1892550EBA4A,Pune,Ranjangaon,2000000,1893338.4,106661.6,5.33,Random Forest
PROP-367B62AD49A1,Delhi,Bindapur,19500000,18709687.26,790312.74,4.05,Random Forest
PROP-D5FCD42BDEEF,Chennai,Mudichur,7200000,4801128.81,2398871.19,33.32,Random Forest
PROP-E154E3205E2A,Bengaluru,Abbigere,7550000,6512378.96,1037621.04,13.74,Random Forest
PROP-F7FA9F287617,Bengaluru,Bilekahalli,35000000,34999922.99,77.01,0.0,Random Forest
PROP-4A16392BC138,Delhi,Ganesh Nagar,7900000,7504229.78,395770.22,5.01,Random Forest
PROP-0A29C2A8F8A1,Chennai,Tambaram Sanatoruim,3000000,2853397.45,146602.55,4.89,Random Forest
PROP-7BE9CAFEBA1C,Kolkata,Baguiati,7000000,4292426.28,2707573.72,38.68,Random Forest
PROP-0BF5794C6B75,Pune,Thergaon,4950000,4242904.57,707095.43,14.28,Random Forest
PROP-D2325D491495,Bengaluru,Hennur,7500000,4310220.68,3189779.32,42.53,Random Forest
PROP-EBF2F6F7634C,Pune,Mundhwa,7200000,7439861.49,239861.49,3.33,Random Forest
PROP-52847602F1D0,Hyderabad,Manikonda,14000000,13052788.19,947211.81,6.77,Random Forest
PROP-2C0F2A4C92AB,Kolkata,Sodepur,2200000,2792130.82,592130.82,26.92,Random Forest
PROP-94DF5E9CBD2F,Delhi,Shalimar Bagh,9000000,10443962.78,1443962.78,16.04,Random Forest
PROP-F2279325BB75,Chennai,Chengalpattu,3580000,3731856.89,151856.89,4.24,Random Forest
PROP-37F1DD44301E,Chennai,Siruniam,5500000,8327838.87,2827838.87,51.42,Random Forest
PROP-D021C122927C,Pune,Mamurdi,4400000,4511870.38,111870.38,2.54,Random Forest
PROP-1E407215FBA1,Hyderabad,Kapra,4700000,5043719.48,343719.48,7.31,Random Forest
PROP-E0DC804C0B86,Delhi,Tri Nagar,2600000,2703298.14,103298.14,3.97,Random Forest
PROP-185AA95C95FB,Pune,Hadapsar,6500000,5820680.81,679319.19,10.45,Random Forest
PROP-D657C5A90A07,Pune,Dhayari,2500000,1894900.03,605099.97,24.2,Random Forest
PROP-71485F03A905,Delhi,Madhu Vihar,40000000,39280608.42,719391.58,1.8,Random Forest
PROP-889EF17714F3,Hyderabad,Kothaguda,12500000,8393407.63,4106592.37,32.85,Random Forest
PROP-D7F33BDBF82D,Delhi,Badarpur,2400000,3873177.92,1473177.92,61.38,Random Forest
PROP-9C0494989865,Delhi,Tughlakabad,22500000,12171753.53,10328246.47,45.9,Random Forest
PROP-D9D4ABFD4D32,Hyderabad,Ramachandra Puram,14500000,12619534.7,1880465.3,12.97,Random Forest
PROP-10B0F1EAFA44,Bengaluru,T Dasarahalli,5500000,5190634.79,309365.21,5.62,Random Forest
PROP-3B51AE728A42,Pune,Charholi Budruk,2800000,3162723.72,362723.72,12.95,Random Forest
PROP-53797FACF5D3,Chennai,Ambattur,6500000,6147992.6,352007.4,5.42,Random Forest
PROP-6E7FCEF32621,Delhi,Mahipalpur,4000000,3778905.7,221094.3,5.53,Random Forest
PROP-55B8C2C99F09,Hyderabad,Dammaiguda,7300000,9185701.26,1885701.26,25.83,Random Forest
PROP-35A62E77D2F7,Bengaluru,Jayamahal,19900000,19340787.42,559212.58,2.81,Random Forest
PROP-7CDB27CCC56B,Hyderabad,Alwal,55000000,18532964.73,36467035.27,66.3,Random Forest
PROP-A643398A5BF2,Bengaluru,Kodigehalli,6900000,7879753.58,979753.58,14.2,Random Forest
PROP-1900A53A5797,Bengaluru,Electronic City Phase Ii,4400000,4689295.41,289295.41,6.57,Random Forest
PROP-C786AD732AC5,Bengaluru,Bikasipura,40000000,40559021.54,559021.54,1.4,Random Forest
PROP-24C399D085C4,Pune,Chikhali,1500000,1635419.09,135419.09,9.03,Random Forest
PROP-4E108E499901,Pune,Vadgaon,2300000,3103530.93,803530.93,34.94,Random Forest
PROP-7D4EAF9BC50D,Chennai,Oragadam Sriperambattur,975000,1638767.08,663767.08,68.08,Random Forest
PROP-9D111CED81B6,Mumbai,Mira Road East,5800000,6404897.13,604897.13,10.43,Random Forest
PROP-43E2AB6143AF,Bengaluru,Rk Hegde Nagar,23500000,23345511.54,154488.46,0.66,Random Forest
PROP-33CEC28EED1E,Delhi,Sector 39 Rohini,3500000,3464886.25,35113.75,1.0,Random Forest
PROP-E77308E8B287,Chennai,Padur,3000000,2416555.99,583444.01,19.45,Random Forest
PROP-436A7F43FB2F,Bengaluru,Mattanahalli,7500000,7670806.04,170806.04,2.28,Random Forest
PROP-E4AFF5DBC147,Chennai,Ayappakkam,1750000,2801843.5,1051843.5,60.11,Random Forest
PROP-5C38ECF1B9E5,Pune,Aundh,210000000,152911551.41,57088448.59,27.18,Random Forest
PROP-7B652EDE98B9,Pune,Dhankawadi,6500000,5189560.89,1310439.11,20.16,Random Forest
PROP-760F1D16ADEF,Chennai,Periyapalayam,3500000,5922232.72,2422232.72,69.21,Random Forest
PROP-7410C553135C,Pune,Pimpri,9500000,9306665.32,193334.68,2.04,Random Forest
PROP-2A7024014AE1,Bengaluru,Benson Town,30000000,29759359.96,240640.04,0.8,Random Forest
PROP-CC4DACB736AD,Chennai,Kolathur,8100000,3271402.31,4828597.69,59.61,Random Forest
PROP-6B9EE1A5C0C2,Hyderabad,Bachupally,5500000,6068158.72,568158.72,10.33,Random Forest
PROP-0E2D8AF27993,Chennai,Chetpet,9000000,10896970.63,1896970.63,21.08,Random Forest
PROP-C50F3D2E75CA,Pune,Pirangut,2500000,2050050.45,449949.55,18.0,Random Forest
PROP-5DA698499EBB,Hyderabad,Aminpur,6000000,7033009.44,1033009.44,17.22,Random Forest
PROP-9796C9C039FE,Delhi,Burari,8000000,8107127.04,107127.04,1.34,Random Forest
PROP-AFB5153F0914,Delhi,Kalu Sarai,17000000,16096656.74,903343.26,5.31,Random Forest
PROP-F20778F6FFA7,Kolkata,Rajpur,3600000,3868687.89,268687.89,7.46,Random Forest
PROP-EC5EC5B938A9,Delhi,Vasundhara Enclave,7400000,7388835.71,11164.29,0.15,Random Forest
PROP-0D42BA65D940,Pune,Shaniwar Peth,7800000,6803122.36,996877.64,12.78,Random Forest
PROP-69C56DAAB05A,Chennai,Thirumullaivoyal,4200000,4577714.48,377714.48,8.99,Random Forest
PROP-7A682F6B298F,Kolkata,Rahara,2150000,2180523.27,30523.27,1.42,Random Forest
PROP-FB79FF41B652,Mumbai,Santacruz East,31000000,27386316.56,3613683.44,11.66,Random Forest
PROP-5F2AD249503E,Bengaluru,Banashankari,11500000,10327302.19,1172697.81,10.2,Random Forest
PROP-B13AA9A7FC87,Pune,Wakad,6000000,4825144.13,1174855.87,19.58,Random Forest
PROP-6A94BF091483,Chennai,Chengalpattu,3270000,2663515.86,606484.14,18.55,Random Forest
PROP-5883DDB271CD,Kolkata,Barrackpore,4600000,3101866.15,1498133.85,32.57,Random Forest
PROP-6741AF8F9998,Kolkata,Mukundapur,3000000,4051469.26,1051469.26,35.05,Random Forest
PROP-17A3E5877C77,Pune,Talegaon Dabhade,3700000,3956526.72,256526.72,6.93,Random Forest
PROP-F3482FB5E361,Bengaluru,Ashok Nagar,50000000,37051303.2,12948696.8,25.9,Random Forest
PROP-B1090F62B421,Kolkata,Rajpur,3500000,3921411.82,421411.82,12.04,Random Forest
PROP-FDC65DFBEA58,Bengaluru,Kadumuthsandra Plantation,8350000,6199358.07,2150641.93,25.76,Random Forest
PROP-18502A7488C5,Hyderabad,Kokapet,7000000,12012397.92,5012397.92,71.61,Random Forest
PROP-A1D5ADCDCF91,Bengaluru,Thanisandra,20600000,17810547.86,2789452.14,13.54,Random Forest
PROP-C0522DF831F1,Pune,Saswad,2000000,1747213.43,252786.57,12.64,Random Forest
PROP-9AFE824D460F,Delhi,Dilshad Garden,20000000,19233954.86,766045.14,3.83,Random Forest
PROP-D414BF9C4C6D,Pune,Jambhe,5200000,5033753.3,166246.7,3.2,Random Forest
PROP-DBFB07E88FA8,Delhi,Nangloi,7000000,6974911.06,25088.94,0.36,Random Forest
PROP-7795861A2C71,Bengaluru,Lingadheeranahalli,13500000,12778290.42,721709.58,5.35,Random Forest
PROP-25FAB7A392D5,Bengaluru,Benson Town,19500000,23322448.86,3822448.86,19.6,Random Forest
PROP-6878795CC437,Bengaluru,Ramohalli,2000000,1953798.12,46201.88,2.31,Random Forest
PROP-793527053013,Chennai,Perambur,20000000,22943713.41,2943713.41,14.72,Random Forest
PROP-4D40B1A20187,Delhi,Sector 22 Rohini,5000000,6337892.41,1337892.41,26.76,Random Forest
PROP-1D241C964D3C,Bengaluru,Srirampuram,9500000,8181360.89,1318639.11,13.88,Random Forest
PROP-4D163C1AFE0C,Pune,Kasarwadi,4614000,3939635.85,674364.15,14.62,Random Forest
PROP-22B629DD2066,Chennai,Raja Annamalai Puram,78000000,31712250.97,46287749.03,59.34,Random Forest
PROP-46E0F6890D9C,Delhi,Khirki Extension,4500000,4402200.64,97799.36,2.17,Random Forest
PROP-B7F928A6C47F,Pune,Ganga Dham,10500000,9634122.02,865877.98,8.25,Random Forest
PROP-855B2608AFA2,Bengaluru,Dasarahalli,13500000,10816710.31,2683289.69,19.88,Random Forest
PROP-1D16DAD57337,Bengaluru,Mathikere,8000000,8248194.61,248194.61,3.1,Random Forest
PROP-A758AAA67652,Chennai,Chengalpattu,1620000,2005563.07,385563.07,23.8,Random Forest
PROP-AA0F0DFCBD68,Kolkata,Malancha Mahi Nagar,4000000,3791108.81,208891.19,5.22,Random Forest
PROP-BA4CA07F778B,Pune,Bopodi,8000000,6537314.41,1462685.59,18.28,Random Forest
PROP-166A5C71ABDE,Bengaluru,Lingadheeranahalli,36000000,36540254.09,540254.09,1.5,Random Forest
PROP-B999F27E41BF,Delhi,Ghitorni,6000000,6190091.78,190091.78,3.17,Random Forest
PROP-19DDE35CCD8A,Delhi,Neb Sarai,8000000,9328281.59,1328281.59,16.6,Random Forest
PROP-5943EA2A5D22,Mumbai,Dahisar East,10000000,9931173.88,68826.12,0.69,Random Forest
PROP-BB7E6C12AC01,Bengaluru,Kengeri Satellite Town,14200000,14302272.47,102272.47,0.72,Random Forest
PROP-01433059BC75,Bengaluru,Manganahalli,6800000,7042430.86,242430.86,3.57,Random Forest
PROP-31C798C91564,Mumbai,Govandi,11500000,10901991.56,598008.44,5.2,Random Forest
PROP-CD3474A91816,Pune,Dhankawadi,2000000,1706905.36,293094.64,14.65,Random Forest
PROP-C9949DC0A262,Kolkata,Shobhabazar,7000000,5634129.66,1365870.34,19.51,Random Forest
PROP-96E056482E02,Kolkata,Arapanch,890000,1234514.08,344514.08,38.71,Random Forest
PROP-82B11312217F,Bengaluru,Basavanagudi,25000000,21344839.35,3655160.65,14.62,Random Forest
PROP-240CD3A55659,Bengaluru,Thavarekere,27000000,25369228.25,1630771.75,6.04,Random Forest
PROP-BA61B976B4F6,Bengaluru,Hebbal Kempapura,11000000,13181111.08,2181111.08,19.83,Random Forest
PROP-2CE536CC8739,Bengaluru,Koti Hosahalli,7800000,7027033.89,772966.11,9.91,Random Forest
PROP-64BCC534DEE6,Bengaluru,Mahadevapura,20000000,19130676.92,869323.08,4.35,Random Forest
PROP-5AA6F43284B1,Bengaluru,Byandahalli,1200000,1357041.02,157041.02,13.09,Random Forest
PROP-96F57B5AEFA0,Delhi,Sonia Vihar,1700000,1747996.54,47996.54,2.82,Random Forest
PROP-2D43F1D425FE,Bengaluru,Kengeri Satellite Town,60000000,42405452.58,17594547.42,29.32,Random Forest
PROP-4F52AFBE4481,Bengaluru,Basavanagudi,17200000,15006741.05,2193258.95,12.75,Random Forest
PROP-F51837D84A18,Bengaluru,Bilekahalli,6500000,5615643.42,884356.58,13.61,Random Forest
PROP-E9AA40D73839,Kolkata,Vip Nagar,25000000,14691453.37,10308546.63,41.23,Random Forest
PROP-17520DAA4844,Delhi,Dilshad Garden,6500000,5673272.8,826727.2,12.72,Random Forest
PROP-5248E691D853,Bengaluru,Bagalur,13500000,14407084.45,907084.45,6.72,Random Forest
PROP-2373D0335E39,Delhi,Vikaspuri,20000000,20043187.93,43187.93,0.22,Random Forest
PROP-AAAE434A61C7,Kolkata,Purba Barisha,2000000,2271115.78,271115.78,13.56,Random Forest
PROP-72786BFF6EAA,Pune,Pimple Gurav,1800000,2521861.68,721861.68,40.1,Random Forest
PROP-4E119C9A393B,Bengaluru,Horamavu,7500000,5684288.63,1815711.37,24.21,Random Forest
PROP-F9E5BC2B5E4D,Mumbai,Mulund East,15700000,15528025.23,171974.77,1.1,Random Forest
PROP-31008C689D06,Bengaluru,Konanakunte,15500000,12844001.2,2655998.8,17.14,Random Forest
PROP-85ED57411480,Bengaluru,Nelamangala,5000000,4828147.58,171852.42,3.44,Random Forest
PROP-183AE0AF5AE6,Pune,Ambegaon Budruk,1500000,1525217.66,25217.66,1.68,Random Forest
PROP-0A19937F8406,Kolkata,Raghunathpur,10000000,4744996.35,5255003.65,52.55,Random Forest
PROP-D500B4A219BE,Kolkata,North Dum Dum,1710000,2480127.29,770127.29,45.04,Random Forest
PROP-E86E6EB2AD72,Bengaluru,Madanayakahalli,6000000,5139877.09,860122.91,14.34,Random Forest
PROP-C276C177DD60,Pune,Chakan,2800000,4121169.31,1321169.31,47.18,Random Forest
PROP-C88DFE50F2E1,Bengaluru,Rajanukunte,3000000,3080473.81,80473.81,2.68,Random Forest
PROP-148BB89A7939,Kolkata,Rajpur,5000000,8366472.95,3366472.95,67.33,Random Forest
PROP-30F29209C14E,Bengaluru,Belathur,6500000,6942659.53,442659.53,6.81,Random Forest
PROP-29354BFCA92E,Mumbai,Mira Road East,11600000,10424860.26,1175139.74,10.13,Random Forest
PROP-E452AD5A4404,Mumbai,Kandivali East,18000000,17133726.56,866273.44,4.81,Random Forest
PROP-C61FB9FBC1BC,Pune,Aundh,3000000,3259297.42,259297.42,8.64,Random Forest
PROP-BF118ED57912,Delhi,Chhattarpur,1050000,1114988.08,64988.08,6.19,Random Forest
PROP-1D500711B9EE,Delhi,East Of Kailash,3800000,3722973.76,77026.24,2.03,Random Forest
PROP-C6B3FD9F35D1,Mumbai,Kandivali East,11000000,10732176.33,267823.67,2.43,Random Forest
PROP-BFE4844C22B9,Pune,Dighi,2100000,2373583.92,273583.92,13.03,Random Forest
PROP-FF3B1A6CD2B7,Kolkata,Malancha Mahi Nagar,4300000,3366750.04,933249.96,21.7,Random Forest
PROP-E9B36E61B507,Pune,Shikrapur,1050000,1446082.08,396082.08,37.72,Random Forest
PROP-F206E84CFE29,Bengaluru,Hennur,7000000,6901181.25,98818.75,1.41,Random Forest
PROP-49EDA638686D,Bengaluru,Kadubeesanahalli,7200000,7116618.44,83381.56,1.16,Random Forest
PROP-C1F9EB831B63,Kolkata,Kalighat,11000000,7985895.08,3014104.92,27.4,Random Forest
PROP-0C1FC6D41250,Bengaluru,Hemmigepura,12400000,12730188.03,330188.03,2.66,Random Forest
PROP-B8888E831EFC,Bengaluru,Krishnarajapura,13500000,12616236.99,883763.01,6.55,Random Forest
PROP-B4DC2995CB05,Bengaluru,Bommasandra,4300000,3407698.57,892301.43,20.75,Random Forest
PROP-3D1E10AFAEEE,Bengaluru,Gollarapalya,14500000,15681642.42,1181642.42,8.15,Random Forest
PROP-25D885A113E6,Bengaluru,Munnekollal,17200000,17510182.37,310182.37,1.8,Random Forest
PROP-1BC89038386F,Chennai,Kovilambakkam,6000000,5772707.91,227292.09,3.79,Random Forest
PROP-5A93ECCCA934,Hyderabad,Malakpet,4000000,4848740.76,848740.76,21.22,Random Forest
PROP-306ABCB5EAF2,Delhi,Shahdara,9800000,9546095.02,253904.98,2.59,Random Forest
PROP-76E0F054D628,Delhi,Malka Ganj,4000000,4055968.57,55968.57,1.4,Random Forest
PROP-047393173888,Pune,Yashwantrao Chavan Nagar,13200000,12824610.82,375389.18,2.84,Random Forest
PROP-299EECD690EE,Pune,Koregaon Bhima,200000,374528.05,174528.05,87.26,Random Forest
PROP-50C67EA09DDF,Pune,Nigdi,2985000,3317390.7,332390.7,11.14,Random Forest
PROP-AE14E8110F88,Delhi,Sangam Vihar,6000000,6115921.31,115921.31,1.93,Random Forest
PROP-95A0856F2CBD,Bengaluru,Attiguppe,7300000,8355269.42,1055269.42,14.46,Random Forest
PROP-D47A58EA54B9,Pune,Mundhwa,4500000,4424755.55,75244.45,1.67,Random Forest
PROP-BF35C650C25A,Delhi,Ashok Vihar,53000000,24833395.6,28166604.4,53.14,Random Forest
PROP-932E8C3E8828,Delhi,New Ashok Nagar,9500000,13820710.48,4320710.48,45.48,Random Forest
PROP-F8DB9F59EF80,Delhi,Fateh Nagar,2949000,2970081.1,21081.1,0.71,Random Forest
PROP-8F904426DF9B,Delhi,Preet Vihar,72500000,86533353.9,14033353.9,19.36,Random Forest
PROP-2FB6EB68543F,Bengaluru,Mallasandra,4700000,5090516.45,390516.45,8.31,Random Forest
PROP-B5C5275AB9C6,Kolkata,Bantala,4000000,4550617.7,550617.7,13.77,Random Forest
PROP-24B4B4BF9927,Mumbai,Vile Parle West,16000000,12453388.71,3546611.29,22.17,Random Forest
PROP-C9DEEF9F6FD0,Mumbai,Girgaon,8300000,7969600.63,330399.37,3.98,Random Forest
PROP-A8782B94B1FB,Bengaluru,Electronic City,6900000,7622544.74,722544.74,10.47,Random Forest
PROP-0D0D2526274C,Bengaluru,Basaveshwara Nagar,50000000,48471799.74,1528200.26,3.06,Random Forest
PROP-ED0F0C749FE5,Pune,Vadgaon Budruk,6500000,4124370.15,2375629.85,36.55,Random Forest
PROP-906C4D9BF500,Pune,Akurdi,10500000,10312023.85,187976.15,1.79,Random Forest
PROP-DE93B035A606,Pune,Tathawade,10500000,9628467.62,871532.38,8.3,Random Forest
PROP-D31A53E98564,Mumbai,Borivali West,11000000,11055982.43,55982.43,0.51,Random Forest
PROP-C74862BA88D2,Pune,Shukrawar Peth,6500000,5707938.7,792061.3,12.19,Random Forest
PROP-798DF8D0BD87,Bengaluru,Byalahalli,13000000,12483938.83,516061.17,3.97,Random Forest
PROP-2116C7174CE2,Delhi,Sector 38 Rohini,4000000,4459528.3,459528.3,11.49,Random Forest
PROP-FCE181DB5E88,Bengaluru,Anchepalya,8750000,7550654.13,1199345.87,13.71,Random Forest
PROP-79C5F46E0121,Pune,Moshi,3300000,3782647.15,482647.15,14.63,Random Forest
PROP-1FC054B5A2B9,Bengaluru,Akshayanagar,6000000,6062907.12,62907.12,1.05,Random Forest
PROP-254341295E71,Delhi,Krishna Nagar,13000000,11952581.78,1047418.22,8.06,Random Forest
PROP-50D58314C956,Bengaluru,Seegehalli,2790000,2203339.97,586660.03,21.03,Random Forest
PROP-CDBFC212F53F,Mumbai,Worli,18000000,16158397.04,1841602.96,10.23,Random Forest
PROP-8D44D58FF6C4,Bengaluru,Magadi,6200000,8199832.89,1999832.89,32.26,Random Forest
PROP-7EE9CAF04D31,Bengaluru,Kodalagurki,120000000,112113058.61,7886941.39,6.57,Random Forest
PROP-98A8DEC685FD,Bengaluru,Billapura,2700000,2971773.52,271773.52,10.07,Random Forest
PROP-A36A2656F40A,Bengaluru,Electronic City Phase Ii,11000000,11768671.66,768671.66,6.99,Random Forest
PROP-0F1ADDA1EACE,Bengaluru,Krishnarajapura,15500000,14176169.01,1323830.99,8.54,Gradient Boosting
PROP-6F83A6D3852B,Bengaluru,Jayanagar,26000000,19982602.42,6017397.58,23.14,Gradient Boosting
PROP-4008DD617BF1,Bengaluru,Yelahanka New Town,18600000,17356568.3,1243431.7,6.69,Gradient Boosting
PROP-B9B2AAC7A639,Bengaluru,Whitefield,6500000,6114150.19,385849.81,5.94,Gradient Boosting
PROP-D1C9AD6C2BCA,Delhi,Jhilmil Colony,3200000,3579954.02,379954.02,11.87,Gradient Boosting
PROP-ECCDFA70D232,Bengaluru,Gulimangala,2700000,2906018.81,206018.81,7.63,Gradient Boosting
PROP-FF857BF81E6E,Delhi,Khajoori Khas,3200000,3163010.52,36989.48,1.16,Gradient Boosting
PROP-40C08E07FCFB,Bengaluru,Muneshwara Nagar,13800000,12831808.16,968191.84,7.02,Gradient Boosting
PROP-F7124BC5510D,Chennai,Triplicane,12000000,5290462.84,6709537.16,55.91,Gradient Boosting
PROP-CE6A3427554C,Bengaluru,Varadharaja Nagar,15300000,13149298.36,2150701.64,14.06,Gradient Boosting
PROP-3CED2FDE8A58,Delhi,Janakpuri,14500000,16556882.08,2056882.08,14.19,Gradient Boosting
PROP-6A7EA85260A1,Delhi,Hari Nagar Ashram,9500000,8801111.62,698888.38,7.36,Gradient Boosting
PROP-FD46C175A248,Delhi,Dakshinpuri,6000000,5861605.34,138394.66,2.31,Gradient Boosting
PROP-1EF26093DE56,Bengaluru,Jalahalli West,14000000,12965793.3,1034206.7,7.39,Gradient Boosting
PROP-7177F8BF160A,Bengaluru,Anchepalya,10200000,9428455.0,771545.0,7.56,Gradient Boosting
PROP-3C992F2F9AA5,Bengaluru,Mahadevapura,15500000,14547853.47,952146.53,6.14,Gradient Boosting
PROP-A5914486DAF1,Bengaluru,Kengeri,4100000,3846553.82,253446.18,6.18,Gradient Boosting
PROP-E905984C6E7F,Bengaluru,Thirumalashettyhally,6800000,7978974.32,1178974.32,17.34,Gradient Boosting
PROP-DE2AEB41BFD8,Bengaluru,Bommanahalli,20000000,20650936.02,650936.02,3.25,Gradient Boosting
PROP-133371EBED09,Bengaluru,Whitefield,6800000,6558537.96,241462.04,3.55,Gradient Boosting
PROP-E5F16BB0D4F8,Bengaluru,Jayanagar South,1920000,1596134.53,323865.47,16.87,Gradient Boosting
PROP-05B0CBFEF2FC,Bengaluru,Doddakammanahalli,8200000,7212044.49,987955.51,12.05,Gradient Boosting
PROP-EDF63CB83482,Bengaluru,Gopasandra,27100000,27190630.16,90630.16,0.33,Gradient Boosting
PROP-6F36F3D95790,Bengaluru,Parappana Agrahara,3800000,4336590.22,536590.22,14.12,Gradient Boosting
PROP-323BB34E2E3D,Bengaluru,Whitefield,4000000,4159171.56,159171.56,3.98,Gradient Boosting
PROP-8FBB34A4498F,Bengaluru,Chickpete,13000000,13711786.12,711786.12,5.48,Gradient Boosting
PROP-4A46646C1E3C,Bengaluru,Udayagiri,12000000,11891651.54,108348.46,0.9,Gradient Boosting
PROP-EBF1AEE03EE8,Chennai,Thoraipakkam,17500000,44384165.67,26884165.67,153.62,Gradient Boosting
PROP-F24437E24820,Delhi,Jhilmil Colony,10000000,9650727.42,349272.58,3.49,Gradient Boosting
PROP-AF537D1D7432,Bengaluru,Basavanagudi,55000000,51586430.66,3413569.34,6.21,Gradient Boosting
PROP-ABC5A3DB50CB,Delhi,Neb Sarai,1600000,1468310.69,131689.31,8.23,Gradient Boosting
PROP-B612F1E63F8F,Chennai,Ambattur Industrial Estate,5000000,5245660.17,245660.17,4.91,Gradient Boosting
PROP-60AFF85F593F,Bengaluru,Byagadadhenahalli,2400000,2377801.21,22198.79,0.92,Gradient Boosting
PROP-499BFC8A2429,Bengaluru,Hemmigepura,19500000,19717846.47,217846.47,1.12,Gradient Boosting
PROP-9480C0CD57DC,Delhi,Pandav Nagar,4500000,5449415.46,949415.46,21.1,Gradient Boosting
PROP-AAA6D8989B61,Delhi,Aya Nagar,4200000,4307820.69,107820.69,2.57,Gradient Boosting
PROP-5BEAA167BC26,Delhi,Manglapuri,14000000,13414754.41,585245.59,4.18,Gradient Boosting
PROP-A44AB0F92F57,Delhi,New Mustafabad,13000000,10453030.75,2546969.25,19.59,Gradient Boosting
PROP-A1FA0032D0F3,Bengaluru,Sarjapur,9200000,7382317.9,1817682.1,19.76,Gradient Boosting
PROP-047C3170CAC9,Chennai,Arumbakkam,8000000,5536192.61,2463807.39,30.8,Gradient Boosting
PROP-E18AE8DBF20E,Bengaluru,Banashankari,24500000,26893426.27,2393426.27,9.77,Gradient Boosting
PROP-04AD50F89D92,Bengaluru,Rayasandra,35000000,36768408.91,1768408.91,5.05,Gradient Boosting
PROP-34997F2EDB2E,Bengaluru,Varadharaja Nagar,8000000,7036047.38,963952.62,12.05,Gradient Boosting
PROP-F6AF4019EE97,Delhi,Burari,3000000,3546439.92,546439.92,18.21,Gradient Boosting
PROP-26F4E8087C87,Bengaluru,Kasavanahalli,9300000,9774033.08,474033.08,5.1,Gradient Boosting
PROP-3C130E55B63F,Bengaluru,Sarjapur,5520000,5046199.03,473800.97,8.58,Gradient Boosting
PROP-D49E710447AD,Chennai,Korattur,6300000,5960758.11,339241.89,5.38,Gradient Boosting
PROP-F6EF4CBFA712,Bengaluru,Attibele,6500000,6424729.4,75270.6,1.16,Gradient Boosting
PROP-CEE7DE526021,Bengaluru,Cooke Town,23000000,20739428.75,2260571.25,9.83,Gradient Boosting
PROP-24CBB7EFBCEF,Chennai,Puzhal,12200000,12310103.64,110103.64,0.9,Gradient Boosting
PROP-577DB5BC6FF7,Bengaluru,Anjanapura Township,15000000,14147945.77,852054.23,5.68,Gradient Boosting
PROP-1B75C9C2E829,Bengaluru,Chansandra,5800000,5631264.5,168735.5,2.91,Gradient Boosting
PROP-C288E69E424D,Bengaluru,Jp Nagar,5600000,5146413.85,453586.15,8.1,Gradient Boosting
PROP-27CBC63C9A14,Delhi,Patparganj,17500000,15901569.37,1598430.63,9.13,Gradient Boosting
PROP-FC87BD6423DF,Delhi,Chhattarpur,4500000,5214888.67,714888.67,15.89,Gradient Boosting
PROP-C8E208F6009A,Bengaluru,Kothanur,9000000,7931735.78,1068264.22,11.87,Gradient Boosting
PROP-3A4347158642,Chennai,Tharapakkam,4500000,5393464.3,893464.3,19.85,Gradient Boosting
PROP-EDE086559E7D,Bengaluru,Kengeri Satellite Town,4700000,4857487.34,157487.34,3.35,Gradient Boosting
PROP-7D8D065FA8EF,Bengaluru,Tharabanahalli,17500000,21468350.91,3968350.91,22.68,Gradient Boosting
PROP-C8F23A889638,Delhi,Sant Nagar,1700000,1597332.47,102667.53,6.04,Gradient Boosting
PROP-DF60A9405CA5,Bengaluru,Kadugondanahalli,8800000,8897565.48,97565.48,1.11,Gradient Boosting
PROP-EB165B2603B3,Bengaluru,Chikbanavara,4700000,4575454.73,124545.27,2.65,Gradient Boosting
PROP-DCECF4C06F43,Delhi,Jasola,1000000,1033899.93,33899.93,3.39,Gradient Boosting
PROP-572CC45E00A7,Delhi,Mahipalpur,3000000,3499157.55,499157.55,16.64,Gradient Boosting
PROP-B089FFF823FC,Bengaluru,Hongasandra,22000000,18777154.1,3222845.9,14.65,Gradient Boosting
PROP-9482FE5103CD,Chennai,Avadi,2650000,3669365.18,1019365.18,38.47,Gradient Boosting
PROP-A89D3693457E,Chennai,West Tambaram,2686000,2755814.15,69814.15,2.6,Gradient Boosting
PROP-3C3E3A1482E3,Bengaluru,Rajajinagar,5500000,6638148.1,1138148.1,20.69,Gradient Boosting
PROP-0FD4DF4E3852,Bengaluru,Varanasi,9000000,9488405.52,488405.52,5.43,Gradient Boosting
PROP-2D7AE14D42D3,Chennai,Kayarambedu,2000000,3734675.28,1734675.28,86.73,Gradient Boosting
PROP-CF7D6A4DF2E0,Bengaluru,Anantapura,9000000,8132450.25,867549.75,9.64,Gradient Boosting
PROP-AC4FE8CFA13F,Delhi,Pandav Nagar,4500000,4506851.92,6851.92,0.15,Gradient Boosting
PROP-B1D5055D16F0,Delhi,Samay Pur,5800000,4655491.27,1144508.73,19.73,Gradient Boosting
PROP-EA4E6AE54F50,Chennai,Chettipunyam,3000000,2903731.86,96268.14,3.21,Gradient Boosting
PROP-E19F9BAD3AE8,Delhi,Sector 27 Dwarka,6200000,7423540.81,1223540.81,19.73,Gradient Boosting
PROP-641E643FE294,Bengaluru,Kaval Bairasandra,7000000,6708434.25,291565.75,4.17,Gradient Boosting
PROP-2A8DEF7A3A35,Bengaluru,Mattanahalli,8000000,7021158.43,978841.57,12.24,Gradient Boosting
PROP-D03284431B92,Bengaluru,Sg Palya,15000000,15577582.62,577582.62,3.85,Gradient Boosting
PROP-E30D985EB363,Bengaluru,Vidyaranyapura,12000000,12753485.27,753485.27,6.28,Gradient Boosting
PROP-E38BEB8EC5C0,Bengaluru,Sg Palya,60000000,62680212.34,2680212.34,4.47,Gradient Boosting
PROP-8AD7E6E843B7,Chennai,Varadharajapuram,4000000,3089695.18,910304.82,22.76,Gradient Boosting
PROP-AA441C9659B2,Delhi,Subzi Mandi,6500000,6210339.36,289660.64,4.46,Gradient Boosting
PROP-B5A1E1497BDC,Bengaluru,Neelasandra,1600000,1951359.68,351359.68,21.96,Gradient Boosting
PROP-46DD05416648,Bengaluru,Kartik Nagar,25000000,27111121.06,2111121.06,8.44,Gradient Boosting
PROP-E7641CA5BDDE,Delhi,Madhu Vihar,3700000,3858179.42,158179.42,4.28,Gradient Boosting
PROP-B18F0A366BEC,Bengaluru,Rt Nager,20000000,15279846.3,4720153.7,23.6,Gradient Boosting
PROP-AAB30FD073E0,Delhi,Model Town,30000000,30290333.21,290333.21,0.97,Gradient Boosting
PROP-E7368E0625D6,Bengaluru,Parappana Agrahara,19000000,19271194.8,271194.8,1.43,Gradient Boosting
PROP-D8C96099397F,Bengaluru,Makali,1200000,1098878.28,101121.72,8.43,Gradient Boosting
PROP-D2BEFF90081A,Bengaluru,Gunjur Village,14000000,15131866.82,1131866.82,8.08,Gradient Boosting
PROP-F494730E28A9,Bengaluru,Jeevanbheemanagar,6500000,5640136.48,859863.52,13.23,Gradient Boosting
PROP-66DA886E4554,Bengaluru,Gunjur,2200000,1926740.43,273259.57,12.42,Gradient Boosting
PROP-2588D57E3F08,Bengaluru,Shivaji Nagar,137500000,128486564.91,9013435.09,6.56,Gradient Boosting
PROP-46EEF5F879C0,Delhi,Mayur Vihar Phase 1,14500000,14038894.09,461105.91,3.18,Gradient Boosting
PROP-0CF405B80BB2,Bengaluru,Parappana Agrahara,15000000,16346184.48,1346184.48,8.97,Gradient Boosting
PROP-A86B36358206,Bengaluru,Bidadi,5500000,6436160.29,936160.29,17.02,Gradient Boosting
PROP-5D96A57E2A7C,Bengaluru,Kumaraswamy Layout,12500000,12432399.36,67600.64,0.54,Gradient Boosting
PROP-9640F6004261,Chennai,Valasaravakkam,7500000,6334299.89,1165700.11,15.54,Gradient Boosting
PROP-45A7D957EEEA,Bengaluru,Chandapura,13900000,14676920.4,776920.4,5.59,Gradient Boosting
PROP-941B220C35BC,Bengaluru,Seegehalli,4500000,4999226.47,499226.47,11.09,Gradient Boosting
PROP-E88076D970F7,Bengaluru,Laxmipura,24900000,22533088.88,2366911.12,9.51,Gradient Boosting
PROP-5E1A8D49AF54,Delhi,Dallupura,8500000,7775888.18,724111.82,8.52,Gradient Boosting
PROP-17308953B31E,Bengaluru,Chichuraganapalli,3500000,3907130.69,407130.69,11.63,Gradient Boosting
PROP-B3A302861C58,Bengaluru,Chikkalasandra,4500000,4541929.81,41929.81,0.93,Gradient Boosting
PROP-B2361C1ABE9B,Chennai,Madambakkam,7500000,7356249.4,143750.6,1.92,Gradient Boosting
PROP-3C95DF87A297,Bengaluru,Jakkur,7000000,9204517.42,2204517.42,31.49,Gradient Boosting
PROP-320E741DFF6C,Delhi,Mahavir Enclave,9000000,10408998.99,1408998.99,15.66,Gradient Boosting
PROP-C7604EBC7C71,Bengaluru,Nimbekaipura,8499000,8140014.23,358985.77,4.22,Gradient Boosting
PROP-E51D406F01ED,Bengaluru,Jigani,15000000,13455964.32,1544035.68,10.29,Gradient Boosting
PROP-CFFB76DF842B,Delhi,Shahdara,14500000,13867419.27,632580.73,4.36,Gradient Boosting
PROP-38E38E927DA9,Bengaluru,Shanti Nagar,60000000,51753263.14,8246736.86,13.74,Gradient Boosting
PROP-D24EA453C26F,Bengaluru,Marathahalli,8460000,7449042.34,1010957.66,11.95,Gradient Boosting
PROP-25935D655E1C,Delhi,Najafgarh,3000000,2743038.05,256961.95,8.57,Gradient Boosting
PROP-F261181B1A0D,Bengaluru,K Channasandra,6500000,5661309.16,838690.84,12.9,Gradient Boosting
PROP-57C4B72A2360,Bengaluru,Chikkalasandra,4300000,3621337.31,678662.69,15.78,Gradient Boosting
PROP-B39E7CE75F60,Bengaluru,Gandhi Nagar,8800000,7577366.2,1222633.8,13.89,Gradient Boosting
PROP-ECBDF559A09C,Bengaluru,Bande Kodigehalli,12000000,12780580.6,780580.6,6.5,Gradient Boosting
PROP-59CBC1D6774B,Delhi,Mayur Vihar Phase 1,22000000,24365536.14,2365536.14,10.75,Gradient Boosting
PROP-72794BDD040A,Delhi,Gujranwala Town,45000000,52180883.89,7180883.89,15.96,Gradient Boosting
PROP-D2C0908B935D,Delhi,Sector 9 Rohini,28000000,26939642.9,1060357.1,3.79,Gradient Boosting
PROP-F91BA169CE69,Delhi,Karala,1800000,1554682.78,245317.22,13.63,Gradient Boosting
PROP-FD83AC90621A,Bengaluru,Kaggalipura,3700000,4237395.97,537395.97,14.52,Gradient Boosting
PROP-32DF66064FA0,Bengaluru,Hebbal Kempapura,9000000,7795121.12,1204878.88,13.39,Gradient Boosting
PROP-09A2FC1C658C,Bengaluru,Electronic City,3600000,3253251.93,346748.07,9.63,Gradient Boosting
PROP-73D74490A550,Delhi,Palam,19000000,18015363.85,984636.15,5.18,Gradient Boosting
PROP-093767D893F3,Bengaluru,Byagadadhenahalli,2400000,2356715.67,43284.33,1.8,Gradient Boosting
PROP-0EB0EEEBA031,Bengaluru,Doddakannelli,5200000,4463554.6,736445.4,14.16,Gradient Boosting
PROP-FE13381AD603,Delhi,Jangpura,6300000,5995069.31,304930.69,4.84,Gradient Boosting
PROP-55AF5D58549F,Bengaluru,Sunkalpalya,2500000,2236353.51,263646.49,10.55,Gradient Boosting
PROP-6B359A4000AA,Delhi,Sector 18 Rohini,7000000,6399230.99,600769.01,8.58,Gradient Boosting
PROP-DE375B3B7AB8,Chennai,Adhanur,5500000,6130451.47,630451.47,11.46,Gradient Boosting
PROP-0E9D0052547F,Bengaluru,Electronic City,3800000,3625578.68,174421.32,4.59,Gradient Boosting
PROP-D2D1C1A3962B,Bengaluru,Gb Palya,8500000,7703567.92,796432.08,9.37,Gradient Boosting
PROP-381795E8E25A,Bengaluru,Electronic City Phase Ii,9950000,8315084.67,1634915.33,16.43,Gradient Boosting
PROP-68CE38E84140,Bengaluru,Kudlu Gate,19000000,14860184.97,4139815.03,21.79,Gradient Boosting
PROP-ECBEB890E686,Delhi,Nilothi,2000000,2140665.51,140665.51,7.03,Gradient Boosting
PROP-048409EBAB0F,Chennai,Korattur,15000000,14720943.07,279056.93,1.86,Gradient Boosting
PROP-C0582A2C5621,Bengaluru,Brookefield,9500000,8411438.17,1088561.83,11.46,Gradient Boosting
PROP-59377D614B67,Delhi,Mayur Vihar Ii,5000000,4853428.63,146571.37,2.93,Gradient Boosting
PROP-FACEF0CDBC40,Bengaluru,Volagerekallahalli,6000000,5941554.28,58445.72,0.97,Gradient Boosting
PROP-9BD8D7FC0338,Bengaluru,Sorahunase,6200000,6043566.34,156433.66,2.52,Gradient Boosting
PROP-8A786F10EA58,Bengaluru,Jalahalli West,1500000,1419047.76,80952.24,5.4,Gradient Boosting
PROP-92F43CDD0D1D,Bengaluru,Kadugondanahalli,5700000,4622160.72,1077839.28,18.91,Gradient Boosting
PROP-96358EF80DE7,Bengaluru,Mathikere,10000000,8496974.41,1503025.59,15.03,Gradient Boosting
PROP-30109E081BB1,Delhi,Laxmi Nagar,50000000,48710311.38,1289688.62,2.58,Gradient Boosting
PROP-5905BF0E5C9C,Bengaluru,Vakil Garden City,8000000,8713299.01,713299.01,8.92,Gradient Boosting
PROP-BC8330249A03,Bengaluru,Hennur,11500000,8541271.81,2958728.19,25.73,Gradient Boosting
PROP-F74E2E3DDDF5,Bengaluru,Kaggadasapura,5700000,4338251.37,1361748.63,23.89,Gradient Boosting
PROP-A3B108569EF6,Bengaluru,Chikkalasandra,12500000,9114456.14,3385543.86,27.08,Gradient Boosting
PROP-26AB82C2003D,Chennai,Oragadam Ambattur,2600000,3908610.95,1308610.95,50.33,Gradient Boosting
PROP-D121AA0C3AAA,Delhi,Sagar Pur,5500000,5677164.38,177164.38,3.22,Gradient Boosting
PROP-109383D097A9,Chennai,Ambattur Industrial Estate,8400000,7028728.33,1371271.67,16.32,Gradient Boosting
PROP-F72BAAA45BAD,Delhi,Badarpur,10000000,11921545.37,1921545.37,19.22,Gradient Boosting
PROP-97A38F091DC9,Delhi,Vishnu Garden,48000000,48364069.92,364069.92,0.76,Gradient Boosting
PROP-B04B4B568E69,Bengaluru,Anekal,15000000,10799642.48,4200357.52,28.0,Gradient Boosting
PROP-BDA369CBAE67,Bengaluru,Varthur,5399000,5447903.55,48903.55,0.91,Gradient Boosting
PROP-921692A28E8B,Chennai,Rajakilpakkam,3000000,2390820.74,609179.26,20.31,Gradient Boosting
PROP-17AD810F2E44,Bengaluru,Byagadadhenahalli,2200000,2147903.77,52096.23,2.37,Gradient Boosting
PROP-AF893FFA4C06,Chennai,Veppampattu,3850000,4436335.89,586335.89,15.23,Gradient Boosting
PROP-B78CB6FA8318,Delhi,Mundka,2300000,2220763.12,79236.88,3.45,Gradient Boosting
PROP-EDC70323BFBE,Bengaluru,Doddaballapura,30000000,30323332.71,323332.71,1.08,Gradient Boosting
PROP-B1219DDD10D6,Chennai,Vallakkottai,9900000,8467614.88,1432385.12,14.47,Gradient Boosting
PROP-879269C215CD,Delhi,Sant Nagar,13000000,11195230.38,1804769.62,13.88,Gradient Boosting
PROP-8C3CEA495C26,Bengaluru,Nelamangala,30000000,31525177.75,1525177.75,5.08,Gradient Boosting
PROP-8646D64D4C66,Bengaluru,Vittasandra,13000000,12192202.87,807797.13,6.21,Gradient Boosting
PROP-C957CB3318D7,Chennai,Oragadam Sriperambattur,4500000,2993951.27,1506048.73,33.47,Gradient Boosting
PROP-06A353B7CC75,Chennai,Oragadam Sriperambattur,11500000,10516763.3,983236.7,8.55,Gradient Boosting
PROP-034D7A0B20C3,Bengaluru,Hoskote,17000000,13692576.3,3307423.7,19.46,Gradient Boosting
PROP-53540A0F8A78,Chennai,Kadambathur,1950000,2321716.82,371716.82,19.06,Gradient Boosting
PROP-FFFE87A3E212,Delhi,Shahdara,32000000,33311735.4,1311735.4,4.1,Gradient Boosting
PROP-BCA51229B6B8,Delhi,Madangir,2000000,2200933.87,200933.87,10.05,Gradient Boosting
PROP-BA7E08E6CC86,Bengaluru,Sarjapur,8000000,7236868.79,763131.21,9.54,Gradient Boosting
PROP-DD9F4263FFD2,Delhi,Sector 13 Rohini,27500000,26356637.47,1143362.53,4.16,Gradient Boosting
PROP-5FD4DDB5BEC6,Chennai,Thandalam,5111000,4418737.26,692262.74,13.54,Gradient Boosting
PROP-6327C73AD39E,Bengaluru,Thyvakanahally,29000000,29810728.18,810728.18,2.8,Gradient Boosting
PROP-6F9315E57409,Bengaluru,Kumaraswamy Layout,5500000,5769150.91,269150.91,4.89,Gradient Boosting
PROP-90FB2529C61D,Bengaluru,Anjanapura Township,15000000,14613497.32,386502.68,2.58,Gradient Boosting
PROP-FF3363401EE2,Bengaluru,Thirumagondanahalli,2800000,2692841.2,107158.8,3.83,Gradient Boosting
PROP-6C45267C9C3F,Chennai,Avadi,6500000,7525794.04,1025794.04,15.78,Gradient Boosting
PROP-3D5DAACB3A3B,Delhi,Sector 18 Rohini,11000000,8601637.44,2398362.56,21.8,Gradient Boosting
PROP-D62E1A033A1D,Bengaluru,Chickpete,25000000,27498478.93,2498478.93,9.99,Gradient Boosting
PROP-CDA0D9C57C23,Bengaluru,Varadharaja Nagar,6000000,5154102.69,845897.31,14.1,Gradient Boosting
PROP-9B0452D3DE3D,Bengaluru,Jalahalli,5500000,5285045.98,214954.02,3.91,Gradient Boosting
PROP-1882F56DC76C,Bengaluru,Hampapura,57500000,60798590.96,3298590.96,5.74,Gradient Boosting
PROP-C337EF56DCBC,Bengaluru,Jayamahal,62500000,61422333.1,1077666.9,1.72,Gradient Boosting
PROP-A6E8C948EB02,Delhi,Suraj Vihar,4500000,4880437.57,380437.57,8.45,Gradient Boosting
PROP-45AC659C4EE0,Bengaluru,Jakkur,40000000,44915726.09,4915726.09,12.29,Gradient Boosting
PROP-47AC877D03EE,Bengaluru,Hulimavu,5600000,5824288.97,224288.97,4.01,Gradient Boosting
PROP-EF3C4A4D064C,Chennai,Pozhichalur,22500000,15261784.12,7238215.88,32.17,Gradient Boosting
PROP-6BD71451B2F3,Chennai,Perumanttunallur,2100000,2307300.38,207300.38,9.87,Gradient Boosting
PROP-0D1D8D68BC20,Bengaluru,Hoodi,14000000,11442857.52,2557142.48,18.27,Gradient Boosting
PROP-4291897BA1A2,Bengaluru,Bellahalli,18500000,10671169.58,7828830.42,42.32,Gradient Boosting
PROP-F57D7E251EC9,Bengaluru,Bommasandra,3500000,3388813.81,111186.19,3.18,Gradient Boosting
PROP-E05D72378253,Bengaluru,Rainbow Garden Layout,9500000,15844986.05,6344986.05,66.79,Gradient Boosting
PROP-A19C8B44B592,Delhi,Burari,1875000,1849891.29,25108.71,1.34,Gradient Boosting
PROP-6898C5489F27,Delhi,Tilak Nagar,4500000,4154514.26,345485.74,7.68,Gradient Boosting
PROP-9168BEDEC251,Bengaluru,Bommasandra,3600000,3440239.03,159760.97,4.44,Gradient Boosting
PROP-F431A8E911DA,Chennai,Choolaimedu,19000000,19041054.62,41054.62,0.22,Gradient Boosting
PROP-E15816D91021,Chennai,Kilpauk,25000000,25511981.26,511981.26,2.05,Gradient Boosting
PROP-FC2008100E33,Bengaluru,Mallathahalli,3200000,3469696.84,269696.84,8.43,Gradient Boosting
PROP-044AB85B66BD,Delhi,Sector 18 Rohini,9200000,9241860.03,41860.03,0.46,Gradient Boosting
PROP-CF35A6139A44,Delhi,Geeta Colony,22500000,22135421.98,364578.02,1.62,Gradient Boosting
PROP-4F0E96BC6A10,Bengaluru,Maruthi Nagar,11000000,9646310.24,1353689.76,12.31,Gradient Boosting
PROP-DEC084B63D73,Bengaluru,Mailasandra,5100000,4871652.97,228347.03,4.48,Gradient Boosting
PROP-7B922B4822CC,Delhi,Adarsh Nagar,4000000,3926428.76,73571.24,1.84,Gradient Boosting
PROP-9AB364256979,Bengaluru,Srinivasa Nagar,7200000,10703551.95,3503551.95,48.66,Gradient Boosting
PROP-389B102B35F5,Delhi,Chirag Dilli,15000000,13278417.41,1721582.59,11.48,Gradient Boosting
PROP-5D861391E50B,Bengaluru,Bisuvanahalli,9000000,5710979.48,3289020.52,36.54,Gradient Boosting
PROP-97FF862E203A,Bengaluru,Gb Palya,18000000,15620474.83,2379525.17,13.22,Gradient Boosting
PROP-B8308072DC3F,Bengaluru,Bilekahalli,10500000,9581964.75,918035.25,8.74,Gradient Boosting
PROP-86376275ABDA,Bengaluru,Bikasipura,6000000,5416869.32,583130.68,9.72,Gradient Boosting
PROP-AC4A9B5668B4,Delhi,Nangloi,63000000,49170116.65,13829883.35,21.95,Gradient Boosting
PROP-57EC3C0CAB0B,Delhi,Okhla,26000000,23653874.58,2346125.42,9.02,Gradient Boosting
PROP-B0FE0DD0CB3C,Delhi,Mansarover Garden,20000000,21322857.69,1322857.69,6.61,Gradient Boosting
PROP-ADA6EA3E0B0E,Bengaluru,Koramangala,32000000,30700310.03,1299689.97,4.06,Gradient Boosting
PROP-731A2F56E657,Delhi,Sultanpur,3500000,2552838.5,947161.5,27.06,Gradient Boosting
PROP-33CA6709529B,Delhi,Sector 25 Rohini,24000000,28578108.7,4578108.7,19.08,Gradient Boosting
PROP-EC1D51D84FCC,Chennai,Pallavaram,15000000,4305792.54,10694207.46,71.29,Gradient Boosting
PROP-5EAA49581593,Delhi,Mayur Vihar Phase 1,2700000,2515394.85,184605.15,6.84,Gradient Boosting
PROP-6F2660E1E5ED,Bengaluru,Begur,8200000,6770830.97,1429169.03,17.43,Gradient Boosting
PROP-3B42B34247C3,Delhi,Dilshad Garden,3400000,3576085.33,176085.33,5.18,Gradient Boosting
PROP-11EB377AB0C7,Bengaluru,Harohalli,3819000,3773763.44,45236.56,1.18,Gradient Boosting
PROP-EC1C69A67D20,Bengaluru,Mylasandra,20000000,19352014.98,647985.02,3.24,Gradient Boosting
PROP-F5B2923FF5D2,Delhi,Burari,4000000,4368611.47,368611.47,9.22,Gradient Boosting
PROP-A1BA15A56A8B,Bengaluru,Abbigere,7000000,7317976.68,317976.68,4.54,Gradient Boosting
PROP-58E6F72FD497,Delhi,Dwarka Mor,6000000,4803392.87,1196607.13,19.94,Gradient Boosting
PROP-5293DC90EAF3,Bengaluru,Rmv Extension Stage 2,5500000,6493067.19,993067.19,18.06,Gradient Boosting
PROP-EF8691C619D5,Chennai,Mogappair,8000000,19051648.86,11051648.86,138.15,Gradient Boosting
PROP-43FB870147E7,Bengaluru,Chandra Layout Extension,49500000,45532882.18,3967117.82,8.01,Gradient Boosting
PROP-DF7C726B28A7,Bengaluru,Hennur,95000000,81952862.24,13047137.76,13.73,Gradient Boosting
PROP-88F1E25B4D19,Delhi,Krishna Nagar,5500000,6009802.88,509802.88,9.27,Gradient Boosting
PROP-C32AF10052CD,Chennai,Thiruvanmiyur,69000000,84719702.14,15719702.14,22.78,Gradient Boosting
PROP-244A8ACB4D16,Chennai,Iyyapa Nagar,5400000,5902877.41,502877.41,9.31,Gradient Boosting
PROP-EDC3642869B7,Delhi,Bharthal,2100000,1959985.51,140014.49,6.67,Gradient Boosting
PROP-2B2D243FDB15,Bengaluru,Kudlu,6600000,4523568.39,2076431.61,31.46,Gradient Boosting
PROP-BE244155119D,Delhi,Shastri Nagar,21000000,22201047.9,1201047.9,5.72,Gradient Boosting
PROP-537F15EF00EF,Bengaluru,Thanisandra,14000000,12369428.38,1630571.62,11.65,Gradient Boosting
PROP-426304652951,Bengaluru,Sivanchetti Gardens,10000000,10178932.23,178932.23,1.79,Gradient Boosting
PROP-4CE62A4B211E,Delhi,Jahangirpuri,19900000,22723639.43,2823639.43,14.19,Gradient Boosting
PROP-A136638701BD,Chennai,Urapakkam,3800000,4272831.34,472831.34,12.44,Gradient Boosting
PROP-389AD560221A,Bengaluru,Shivaji Nagar,11000000,9347155.42,1652844.58,15.03,Gradient Boosting
PROP-0A5F5FFB79DE,Bengaluru,Hampapura,3800000,4044505.4,244505.4,6.43,Gradient Boosting
PROP-1BE958EEC39E,Chennai,Pammal,2500000,2193614.1,306385.9,12.26,Gradient Boosting
PROP-8BAF2BEE0263,Bengaluru,Mallapur,16000000,14414266.82,1585733.18,9.91,Gradient Boosting
PROP-3A511FF02179,Bengaluru,Bangalore City Municipal Corporation Layout,10500000,9006087.18,1493912.82,14.23,Gradient Boosting
PROP-B68DD5AC1AF2,Delhi,Bharthal,2700000,2012972.14,687027.86,25.45,Gradient Boosting
PROP-6F2ECE75D556,Bengaluru,Magadi,5500000,7809942.36,2309942.36,42.0,Gradient Boosting
PROP-89D93F1C6E33,Bengaluru,Hampapura,12000000,16162209.52,4162209.52,34.69,Gradient Boosting
PROP-BCBAF295B00C,Bengaluru,Malleswaram,12000000,12571642.58,571642.58,4.76,Gradient Boosting
PROP-5F21B89EA323,Bengaluru,Vidyaranyapura,5000000,4934072.04,65927.96,1.32,Gradient Boosting
PROP-9FB42CBFFC3B,Bengaluru,Nelamangala,6000000,6105028.36,105028.36,1.75,Gradient Boosting
PROP-1764097CDB64,Chennai,Adyar,17000000,21720896.61,4720896.61,27.77,Gradient Boosting
PROP-2ED9A34FA044,Bengaluru,Vijayanagar,60000000,58360491.3,1639508.7,2.73,Gradient Boosting
PROP-244D75650DD6,Bengaluru,Kithaganur Colony,6800000,6789204.22,10795.78,0.16,Gradient Boosting
PROP-8DDF00FE969C,Chennai,Thiruvallur,5000000,5768709.1,768709.1,15.37,Gradient Boosting
PROP-A5928B78B707,Delhi,Kondli,2400000,3054345.86,654345.86,27.26,Gradient Boosting
PROP-64FBDF730C8D,Bengaluru,Andrahalli,7500000,7450853.52,49146.48,0.66,Gradient Boosting
PROP-7EF2F97973D1,Delhi,Paharganj,12500000,11098782.3,1401217.7,11.21,Gradient Boosting
PROP-43ADBF72FC14,Bengaluru,T Dasarahalli,7500000,5871870.71,1628129.29,21.71,Gradient Boosting
PROP-F13002390B25,Bengaluru,Yelahanka,5500000,5108019.54,391980.46,7.13,Gradient Boosting
PROP-7E4E30F5CDFA,Delhi,Baprola,4000000,4005014.26,5014.26,0.13,Gradient Boosting
PROP-403FF4F48EDA,Chennai,Maraimalai Nagar,3465000,3979973.3,514973.3,14.86,Gradient Boosting
PROP-886B605EFC26,Bengaluru,Rajajinagar,16000000,15775136.93,224863.07,1.41,Gradient Boosting
PROP-E891C85EBEF3,Bengaluru,Jp Nagar,12500000,9320631.27,3179368.73,25.43,Gradient Boosting
PROP-241ABE4D826E,Delhi,Sector 34 Rohini,1500000,2298330.47,798330.47,53.22,Gradient Boosting
PROP-9A5597E90FB8,Chennai,Saligramam,9850000,8338232.67,1511767.33,15.35,Gradient Boosting
PROP-13CD24308F03,Chennai,Maduravoyal,2000000,2838031.16,838031.16,41.9,Gradient Boosting
PROP-C2722A1C7AD6,Delhi,Chhattarpur,200000000,199214636.03,785363.97,0.39,Gradient Boosting
PROP-544B31D49874,Pune,Pimpri,3500000,3918446.11,418446.11,11.96,Gradient Boosting
PROP-9FD3F637B94E,Mumbai,Thane West,5200000,4729153.11,470846.89,9.05,Gradient Boosting
PROP-917395C01FC1,Pune,Ganesh Peth,14000000,11485978.28,2514021.72,17.96,Gradient Boosting
PROP-BEBB7848373A,Pune,New Sangvi,2200000,2510591.33,310591.33,14.12,Gradient Boosting
PROP-A1A5BE7EE8C8,Pune,Bhawani Peth,3200000,3377940.68,177940.68,5.56,Gradient Boosting
PROP-66846DF385D2,Kolkata,Harinavi,6900000,4808004.91,2091995.09,30.32,Gradient Boosting
PROP-E42451C52F6E,Mumbai,Virar West,3300000,2945008.71,354991.29,10.76,Gradient Boosting
PROP-4955AE8E77E1,Kolkata,Sonarpur,6000000,5963796.64,36203.36,0.6,Gradient Boosting
PROP-80E42E6F1ED4,Pune,Warje,4500000,4377770.16,122229.84,2.72,Gradient Boosting
PROP-76C893345A7E,Pune,Kesnand,4200000,4307008.9,107008.9,2.55,Gradient Boosting
PROP-EA1738BE4410,Mumbai,Dahisar West,7200000,5943113.18,1256886.82,17.46,Gradient Boosting
PROP-8D3F3E26EFF7,Pune,Jambhulwadi,2500000,2483302.89,16697.11,0.67,Gradient Boosting
PROP-4BB2A5544384,Mumbai,Mira Road East,17000000,19201410.81,2201410.81,12.95,Gradient Boosting
PROP-609277D71A22,Pune,Mangadewadi,6000000,3206825.66,2793174.34,46.55,Gradient Boosting
PROP-7AD56FD2714E,Mumbai,Virar West,3700000,2982269.49,717730.51,19.4,Gradient Boosting
PROP-6C7CB462CBA6,Mumbai,Dahisar West,8500000,9136113.89,636113.89,7.48,Gradient Boosting
PROP-5FE0FAB23EE7,Pune,Jambhul,3200000,3540217.12,340217.12,10.63,Gradient Boosting
PROP-AC550DA8A89F,Pune,Vadhu Budruk,1450000,1551066.59,101066.59,6.97,Gradient Boosting
PROP-847C3C0603B5,Mumbai,Vasai West,5950000,5980760.43,30760.43,0.52,Gradient Boosting
PROP-16021330F472,Kolkata,Bhatpara,3900000,5294025.2,1394025.2,35.74,Gradient Boosting
PROP-845AFB3474FA,Kolkata,Basina,2800000,3886196.91,1086196.91,38.79,Gradient Boosting
PROP-750ECC26561A,Pune,Wadaki,1510000,1533881.98,23881.98,1.58,Gradient Boosting
PROP-AF4A80740D13,Kolkata,Dum Dum,8000000,6960593.9,1039406.1,12.99,Gradient Boosting
PROP-80DB941AB84B,Pune,Pashan,3500000,3357484.57,142515.43,4.07,Gradient Boosting
PROP-F7996C67C809,Kolkata,Purba Barisha,2300000,1926955.58,373044.42,16.22,Gradient Boosting
PROP-D6496F234E61,Mumbai,Nalasopara West,4818000,5456949.52,638949.52,13.26,Gradient Boosting
PROP-315C8B76C4BC,Mumbai,Kandivali West,14000000,13698370.3,301629.7,2.15,Gradient Boosting
PROP-793B2AF0FE27,Kolkata,Mahheshtala,3400000,3566824.19,166824.19,4.91,Gradient Boosting
PROP-E50E6A24D421,Kolkata,Duttapukur,3000000,12739280.71,9739280.71,324.64,Gradient Boosting
PROP-502C690C434F,Kolkata,Purba Barisha,11000000,8716872.58,2283127.42,20.76,Gradient Boosting
PROP-7B0BB392FB77,Kolkata,Netaji Nagar,2200000,2009275.93,190724.07,8.67,Gradient Boosting
PROP-F7B707A8DFBC,Pune,Kasarwadi,5200000,5491140.13,291140.13,5.6,Gradient Boosting
PROP-6907678B6015,Kolkata,Shibrampur Mauza,3000000,2403953.16,596046.84,19.87,Gradient Boosting
PROP-387B92C9041D,Kolkata,Rajarhat,2500000,2957312.4,457312.4,18.29,Gradient Boosting
PROP-CEE6E85DD994,Mumbai,Virar West,4100000,3649303.46,450696.54,10.99,Gradient Boosting
PROP-589E7C63A76B,Pune,Kasarwadi,6500000,5473948.96,1026051.04,15.79,Gradient Boosting
PROP-1E1E7036816A,Kolkata,Baranagar,1600000,1758374.39,158374.39,9.9,Gradient Boosting
PROP-907A509B10C1,Pune,Shukrawar Peth,10200000,8721996.6,1478003.4,14.49,Gradient Boosting
PROP-4C19F5E71DF3,Mumbai,Borivali West,32500000,29476542.09,3023457.91,9.3,Gradient Boosting
PROP-95DEF2676027,Kolkata,Nabapally,1500000,3532822.29,2032822.29,135.52,Gradient Boosting
PROP-3766FB7A0814,Mumbai,Virar East,4000000,3018327.48,981672.52,24.54,Gradient Boosting
PROP-7EDD60F485BC,Mumbai,Andheri East,18000000,15820876.19,2179123.81,12.11,Gradient Boosting
PROP-4A9CF07A6040,Pune,Moshi,5700000,5324757.93,375242.07,6.58,Gradient Boosting
PROP-3E2507834883,Kolkata,Barrackpore,7000000,8138176.92,1138176.92,16.26,Gradient Boosting
PROP-D40DABF9D212,Pune,Uruli Devachi,3500000,3751363.01,251363.01,7.18,Gradient Boosting
PROP-C9A9AE8D102C,Mumbai,Kandivali East,12100000,11812491.09,287508.91,2.38,Gradient Boosting
PROP-6100B7C5311D,Kolkata,Rajarhat,3200000,4323054.62,1123054.62,35.1,Gradient Boosting
PROP-3DB4AC2481FA,Mumbai,Chembur,19500000,15740820.59,3759179.41,19.28,Gradient Boosting
PROP-B2A1B4C6C6EC,Kolkata,New Town,8000000,6089830.23,1910169.77,23.88,Gradient Boosting
PROP-F05C6E8A0DBE,Kolkata,Deshbandhu Nagar,6300000,6275786.34,24213.66,0.38,Gradient Boosting
PROP-F15549A718FE,Kolkata,Budge Budge,3000000,4299762.05,1299762.05,43.33,Gradient Boosting
PROP-B82F1CAF98A5,Kolkata,Boral,5700000,7588475.58,1888475.58,33.13,Gradient Boosting
PROP-5DA266EDC1F8,Pune,Pashan,4700000,4754208.97,54208.97,1.15,Gradient Boosting
PROP-660764886262,Mumbai,Borivali West,30000000,27051123.91,2948876.09,9.83,Gradient Boosting
PROP-CB5E401C3432,Pune,Koregaon Park,10000000,9418732.84,581267.16,5.81,Gradient Boosting
PROP-1847807A5660,Pune,Talegaon Dabhade,11000000,10490459.21,509540.79,4.63,Gradient Boosting
PROP-04EEA0E2FB57,Kolkata,Maniktala,10000000,9503897.95,496102.05,4.96,Gradient Boosting
PROP-2109AB057B1C,Mumbai,Andheri West,10000000,9918975.36,81024.64,0.81,Gradient Boosting
PROP-4F3E18350F77,Pune,Narhe,3550000,3591034.65,41034.65,1.16,Gradient Boosting
PROP-EB4514BFA1ED,Mumbai,Dahisar West,15000000,14485901.71,514098.29,3.43,Gradient Boosting
PROP-4F693CD6B6D3,Pune,Koregaon Bhima,2400000,2265208.17,134791.83,5.62,Gradient Boosting
PROP-13C20CD8D767,Pune,Kharadi,6000000,5858057.94,141942.06,2.37,Gradient Boosting
PROP-8E42F2D1DD13,Pune,Pirangut,3500000,3403100.28,96899.72,2.77,Gradient Boosting
PROP-EB6104A92CE3,Pune,Baner,23000000,18394934.63,4605065.37,20.02,Gradient Boosting
PROP-24154292A436,Hyderabad,Puppalaguda,13000000,16073999.74,3073999.74,23.65,Gradient Boosting
PROP-87ABCA4FA53C,Pune,Hadapsar,13500000,14128811.76,628811.76,4.66,Gradient Boosting
PROP-4B48009115F2,Hyderabad,Gopanapalli,6200000,6409068.82,209068.82,3.37,Gradient Boosting
PROP-E7910EFD91D4,Pune,Pashan,15900000,20049987.21,4149987.21,26.1,Gradient Boosting
PROP-A61A28C277F3,Hyderabad,Miyapur,9700000,7896003.42,1803996.58,18.6,Gradient Boosting
PROP-D827EBCF7D0C,Pune,Rasta Peth,8000000,8081837.85,81837.85,1.02,Gradient Boosting
PROP-0871D498BB60,Pune,Talegaon Dabhade,2200000,2456756.49,256756.49,11.67,Gradient Boosting
PROP-88DC05B42C1C,Hyderabad,Nanakaramguda,14000000,15723852.65,1723852.65,12.31,Gradient Boosting
PROP-310712061ED0,Pune,Lohegaon,4000000,3631714.84,368285.16,9.21,Gradient Boosting
PROP-B8DD9A06B33B,Pune,Kiwale,5500000,4739246.01,760753.99,13.83,Gradient Boosting
PROP-E4D32FF2875D,Pune,Chakan,2200000,2253018.38,53018.38,2.41,Gradient Boosting
PROP-A6A322503CBB,Pune,Hadapsar,3500000,3617289.98,117289.98,3.35,Gradient Boosting
PROP-C33524FA20FF,Hyderabad,Premavathi Pet,7000000,7351304.71,351304.71,5.02,Gradient Boosting
PROP-2AFD53165886,Pune,Wakad,8700000,8845027.52,145027.52,1.67,Gradient Boosting
PROP-00C747214BC5,Hyderabad,Rajendra Nagar,3600000,3672687.2,72687.2,2.02,Gradient Boosting
PROP-46CF13FC01CF,Hyderabad,Serilingampally,20000000,14839269.6,5160730.4,25.8,Gradient Boosting
PROP-DF84F81DDF70,Hyderabad,Kompally,17200000,16073120.22,1126879.78,6.55,Gradient Boosting
PROP-54221A1FB721,Pune,Uruli Kanchan,3500000,3405719.16,94280.84,2.69,Gradient Boosting
PROP-7896941911A0,Hyderabad,Bolarum,12500000,16478552.79,3978552.79,31.83,Gradient Boosting
PROP-ED994D4402A7,Hyderabad,Manchirevula,19000000,20667243.33,1667243.33,8.77,Gradient Boosting
PROP-7B308373CB2F,Hyderabad,Budvel,5400000,7845994.08,2445994.08,45.3,Gradient Boosting
PROP-CE56A30AF6BB,Pune,Mundhwa,4300000,4884918.18,584918.18,13.6,Gradient Boosting
PROP-DBB80D842E7D,Hyderabad,Pragathi Nagar,9900000,8809700.01,1090299.99,11.01,Gradient Boosting
PROP-03ADB728CCBD,Kolkata,Paschim Putiary,1600000,2847619.97,1247619.97,77.98,Gradient Boosting
PROP-11F0D7C2DA9A,Pune,Kondhwa Budruk,2800000,2755602.41,44397.59,1.59,Gradient Boosting
PROP-C87B5AC627F5,Hyderabad,Kondapur,21300000,20179064.16,1120935.84,5.26,Gradient Boosting
PROP-A6DEE08F539C,Pune,Ambegaon Pathar,2190000,2337971.06,147971.06,6.76,Gradient Boosting
PROP-388F1785A2FB,Pune,Pisoli,5000000,4810676.31,189323.69,3.79,Gradient Boosting
PROP-0F626108ABFA,Pune,Ashok Nagar,16000000,12303361.02,3696638.98,23.1,Gradient Boosting
PROP-8774CB8D5957,Pune,Talegaon Dabhade,13700000,14783442.01,1083442.01,7.91,Gradient Boosting
PROP-19434463DFB3,Mumbai,Malad West,27500000,25605526.18,1894473.82,6.89,Gradient Boosting
PROP-92AC7D5C7E18,Mumbai,Vasai East,5000000,5008515.95,8515.95,0.17,Gradient Boosting
PROP-CF37E21D04F0,Hyderabad,Banjara Hills,55000000,18622389.5,36377610.5,66.14,Gradient Boosting
PROP-9DB4B5C4CD17,Pune,Dhankawadi,700000,716605.68,16605.68,2.37,Gradient Boosting
PROP-8803A37018B1,Pune,Loni Kalbhor,3500000,3061738.26,438261.74,12.52,Gradient Boosting
PROP-253D51BD96B1,Pune,Hadapsar,11000000,10428016.03,571983.97,5.2,Gradient Boosting
PROP-D53FF51A19B7,Pune,Nerhe,30000000,34539571.64,4539571.64,15.13,Gradient Boosting
PROP-7C5DABD0826B,Hyderabad,Mallampet,3200000,5739036.07,2539036.07,79.34,Gradient Boosting
PROP-A3297A74B9DC,Pune,Nanded,1700000,1710571.85,10571.85,0.62,Gradient Boosting
PROP-7C0F5916B95F,Pune,Shiraswadi,1500000,1457771.28,42228.72,2.82,Gradient Boosting
PROP-96DBAC41CB52,Pune,Shiraswadi,1500000,1439773.45,60226.55,4.02,Gradient Boosting
PROP-A6E0D427219E,Hyderabad,Nagole,7200000,6695110.92,504889.08,7.01,Gradient Boosting
PROP-C6B03F338B5E,Hyderabad,Quthbullapur,6900000,9160267.07,2260267.07,32.76,Gradient Boosting
PROP-9E3F60C7588B,Pune,Sangamvadi,1000000,970136.08,29863.92,2.99,Gradient Boosting
PROP-31679F275D75,Pune,Erandwane,1500000,1816426.31,316426.31,21.1,Gradient Boosting
PROP-9378D7A8A632,Pune,Keshav Nagar,5999000,5780821.5,218178.5,3.64,Gradient Boosting
PROP-20AA8B170055,Hyderabad,Amberpet,5500000,6468893.0,968893.0,17.62,Gradient Boosting
PROP-F90DDB11F733,Pune,Hinjewadi Phase 3,6500000,5356762.49,1143237.51,17.59,Gradient Boosting
PROP-BBA6EBC53C91,Hyderabad,Uppal,7950000,8577744.65,627744.65,7.9,Gradient Boosting
PROP-AE2E29BA40BB,Pune,Bavdhan,5500000,5230458.93,269541.07,4.9,Gradient Boosting
PROP-D38D0DDA5D09,Pune,Handewadi,3400000,3337200.1,62799.9,1.85,Gradient Boosting
PROP-FD652FFB4F9C,Hyderabad,Kondapur,13500000,15021940.74,1521940.74,11.27,Gradient Boosting
PROP-CD469FF62FA5,Pune,Bhosari,6500000,5913840.56,586159.44,9.02,Gradient Boosting
PROP-FFAE46A73578,Mumbai,Ghatkopar West,11500000,11104741.2,395258.8,3.44,Gradient Boosting
PROP-88B5AEDD194D,Pune,Shivane,2400000,2384842.68,15157.32,0.63,Gradient Boosting
PROP-33CD1A49D8E0,Kolkata,Baguiati,2800000,2676020.81,123979.19,4.43,Gradient Boosting
PROP-780707846E25,Pune,Devadi,2300000,2160072.08,139927.92,6.08,Gradient Boosting
PROP-BBEA5368ECC7,Mumbai,Bhayandar East,3200000,3316488.94,116488.94,3.64,Gradient Boosting
PROP-7F01B92C9812,Kolkata,Bansdroni,6000000,5111629.93,888370.07,14.81,Gradient Boosting
PROP-72952F57BFFE,Mumbai,Nalasopara East,950000,1202471.07,252471.07,26.58,Gradient Boosting
PROP-9E49FF7E4D72,Pune,Sadashiv Peth,25000000,27384752.69,2384752.69,9.54,Gradient Boosting
PROP-2110474BD272,Pune,Yavat,110000,204534.93,94534.93,85.94,Gradient Boosting
PROP-12FDBB03E59C,Mumbai,Sakinaka,6500000,8409145.87,1909145.87,29.37,Gradient Boosting
PROP-DEAFF19DE094,Pune,Loni Kalbhor,1700000,1734370.03,34370.03,2.02,Gradient Boosting
PROP-A521F261A71C,Pune,Talegaon Dabhade,4600000,4201274.84,398725.16,8.67,Gradient Boosting
PROP-01B05663286A,Kolkata,Rajpur,3000000,3422984.84,422984.84,14.1,Gradient Boosting
PROP-7FC5588EC66C,Mumbai,Vasai East,2600000,2929216.35,329216.35,12.66,Gradient Boosting
PROP-FEAA13AEC306,Kolkata,Keshtopur,3500000,5286868.39,1786868.39,51.05,Gradient Boosting
PROP-A80ACD01FC70,Kolkata,Barasat,3500000,2120554.0,1379446.0,39.41,Gradient Boosting
PROP-7C7AF926F6C1,Mumbai,Prabhadevi,11500000,10357410.93,1142589.07,9.94,Gradient Boosting
PROP-0742443934EF,Mumbai,Andheri West,250000000,170368225.46,79631774.54,31.85,Gradient Boosting
PROP-63DB1A5B60D8,Pune,Dattavadi,1500000,1481391.37,18608.63,1.24,Gradient Boosting
PROP-4B2549EF722A,Mumbai,Bandra East,20000000,14141350.19,5858649.81,29.29,Gradient Boosting
PROP-721F895B8638,Pune,Ambegaon,12000000,11659530.5,340469.5,2.84,Gradient Boosting
PROP-1FCFCCAB8EEB,Mumbai,Nalasopara East,2500000,2512707.11,12707.11,0.51,Gradient Boosting
PROP-118237D9D08E,Mumbai,Andheri East,12000000,16280387.02,4280387.02,35.67,Gradient Boosting
PROP-6FAA2C38D44C,Mumbai,Parel,9500000,8297201.48,1202798.52,12.66,Gradient Boosting
PROP-99F64FE80A22,Mumbai,Chembur,16000000,12530421.47,3469578.53,21.68,Gradient Boosting
PROP-278D6490D8E5,Kolkata,Keshtopur,6000000,6037914.5,37914.5,0.63,Gradient Boosting
PROP-FB614926CFFD,Pune,Mahalunge Ingale,3575000,3562226.27,12773.73,0.36,Gradient Boosting
PROP-B44F3F1BBFF4,Pune,Shivane,4000000,3804122.59,195877.41,4.9,Gradient Boosting
PROP-5116444533B7,Kolkata,Kamardanga,4000000,2895535.05,1104464.95,27.61,Gradient Boosting
PROP-C9479D13BD55,Kolkata,Santoshpur,6500000,6685639.58,185639.58,2.86,Gradient Boosting
PROP-AF61F6BFC27A,Mumbai,Wadala East,12500000,12355363.39,144636.61,1.16,Gradient Boosting
PROP-FF1A9E746497,Kolkata,Lake Gardens,4200000,4782725.71,582725.71,13.87,Gradient Boosting
PROP-38BB3060ABC8,Kolkata,Mahheshtala,3000000,2678386.22,321613.78,10.72,Gradient Boosting
PROP-016AF95DA081,Mumbai,Juhu,4500000,4627411.03,127411.03,2.83,Gradient Boosting
PROP-266F88574844,Mumbai,Bhandup West,3000000,2971618.13,28381.87,0.95,Gradient Boosting
PROP-7B206A4DC723,Mumbai,Matunga East,20000000,24416297.71,4416297.71,22.08,Gradient Boosting
PROP-B9BD22FD44F3,Pune,Fursungi,1250000,1194410.61,55589.39,4.45,Gradient Boosting
PROP-0A6D232A3059,Mumbai,Vikhroli East,7000000,7500905.9,500905.9,7.16,Gradient Boosting
PROP-0C7BB1F1CD94,Pune,Vadgaon,2100000,1788675.45,311324.55,14.82,Gradient Boosting
PROP-9756711B0F5B,Pune,Baramati,1200000,1198753.62,1246.38,0.1,Gradient Boosting
PROP-D7694BA0985D,Mumbai,Govandi,1600000,1872691.79,272691.79,17.04,Gradient Boosting
PROP-6891D0BC5DA2,Mumbai,Kurla West,7000000,6595998.63,404001.37,5.77,Gradient Boosting
PROP-42F89BCF7CD3,Mumbai,Goregaon West,8600000,7861902.08,738097.92,8.58,Gradient Boosting
PROP-0439761DB2A6,Mumbai,Chembur,400000,393590.86,6409.14,1.6,Gradient Boosting
PROP-4017B6DAB7F7,Mumbai,Kandivali West,46500000,45269376.09,1230623.91,2.65,Gradient Boosting
PROP-058A687B2D6E,Kolkata,Tollygunge,2600000,3058223.17,458223.17,17.62,Gradient Boosting
PROP-0AE7ADF42C0E,Kolkata,Bhowanipore,85000000,41108559.66,43891440.34,51.64,Gradient Boosting
PROP-7CDB8D9895ED,Kolkata,Golf Green,20000000,7917210.48,12082789.52,60.41,Gradient Boosting
PROP-15C39A1AF935,Kolkata,Madhyamgram,15000000,5476746.7,9523253.3,63.49,Gradient Boosting
PROP-537E90F3410A,Pune,Kalewadi,1400000,1348997.89,51002.11,3.64,Gradient Boosting
PROP-5A6D410DA311,Pune,Pimpri,8500000,9383774.36,883774.36,10.4,Gradient Boosting
PROP-7796FCDA5A24,Pune,Shivane,3900000,3996952.04,96952.04,2.49,Gradient Boosting
PROP-EA34CB368FA7,Pune,Hingne Khurd,4300000,3759571.44,540428.56,12.57,Gradient Boosting
PROP-3379FC13E4D8,Kolkata,Mukundapur,10000000,16041326.71,6041326.71,60.41,Gradient Boosting
PROP-710C345E87A3,Kolkata,New Barrakpur,3250000,3037306.34,212693.66,6.54,Gradient Boosting
PROP-7194B6E81329,Pune,Somwar Peth,6000000,6161868.3,161868.3,2.7,Gradient Boosting
PROP-D4977CFD05A1,Mumbai,Kandivali West,11300000,11124469.69,175530.31,1.55,Gradient Boosting
PROP-89F54F900D90,Kolkata,Barrackpore,3700000,3228388.29,471611.71,12.75,Gradient Boosting
PROP-A96EBD09271C,Mumbai,Ghatkopar East,5500000,5769401.05,269401.05,4.9,Gradient Boosting
PROP-9D62B8EDCC70,Pune,Manjari Budruk,8000000,7420687.0,579313.0,7.24,Gradient Boosting
PROP-BDE7DC2AF985,Pune,Hinjewadi,4200000,3779014.69,420985.31,10.02,Gradient Boosting
PROP-83001A7C36FF,Kolkata,Kaikhali,5200000,5008088.7,191911.3,3.69,Gradient Boosting
PROP-75722758C510,Kolkata,Kankurgachi,16500000,15498315.11,1001684.89,6.07,Gradient Boosting
PROP-61FF2F93A3CD,Kolkata,Nayabad,3400000,3645021.81,245021.81,7.21,Gradient Boosting
PROP-6271B5488588,Kolkata,Thakurpukur,5166000,5895429.36,729429.36,14.12,Gradient Boosting
PROP-425DCDCE91C2,Pune,Marunji,8000000,7551678.9,448321.1,5.6,Gradient Boosting
PROP-730DC06A9CCE,Kolkata,Baguiati,1500000,1821267.91,321267.91,21.42,Gradient Boosting
PROP-555491FD3FCD,Mumbai,Mira Road East,9500000,8473825.7,1026174.3,10.8,Gradient Boosting
PROP-D6B58BE3DF0B,Mumbai,Andheri West,17500000,16527800.21,972199.79,5.56,Gradient Boosting
PROP-AFA257101EFB,Kolkata,Cossipore,4200000,4464063.73,264063.73,6.29,Gradient Boosting
PROP-76765FC38F02,Pune,Warje,9000000,11497818.57,2497818.57,27.75,Gradient Boosting
PROP-0106C21B749E,Pune,Katraj,3800000,3605976.85,194023.15,5.11,Gradient Boosting
PROP-55172BF0F63D,Mumbai,Goregaon East,4500000,4594480.33,94480.33,2.1,Gradient Boosting
PROP-326F45DBC99C,Kolkata,Kalikapur,8600000,8740804.31,140804.31,1.64,Gradient Boosting
PROP-1E838D085F6F,Pune,Dighi,5500000,5034004.16,465995.84,8.47,Gradient Boosting
PROP-4EA0AA3AB741,Pune,Bopkhel,2300000,2292745.67,7254.33,0.32,Gradient Boosting
PROP-5936E04205C5,Kolkata,Sonarpur,3300000,2693618.5,606381.5,18.38,Gradient Boosting
PROP-A9B943EC9EA4,Pune,Pimpri,2700000,2633884.12,66115.88,2.45,Gradient Boosting
PROP-42821E39A628,Mumbai,Wadala,11000000,12079722.03,1079722.03,9.82,Gradient Boosting
PROP-7D37AEF99654,Mumbai,Mulund East,7000000,6616886.11,383113.89,5.47,Gradient Boosting
PROP-F262CC41FA39,Kolkata,Harinavi,2600000,2643677.25,43677.25,1.68,Gradient Boosting
PROP-31D90E7BF593,Kolkata,Malancha Mahi Nagar,1550000,1763090.17,213090.17,13.75,Gradient Boosting
PROP-CBE29C6C9AF3,Kolkata,Narkeldanga,5400000,4672820.89,727179.11,13.47,Gradient Boosting
PROP-E403F296391B,Kolkata,Sodepur,2500000,2972573.24,472573.24,18.9,Gradient Boosting
PROP-FC8585E65185,Pune,Dattavadi,10000000,9234132.88,765867.12,7.66,Gradient Boosting
PROP-73FBF94E1A0B,Pune,Narhe,4600000,4889592.35,289592.35,6.3,Gradient Boosting
PROP-E9674CEE8F9A,Kolkata,Pansila,2400000,3864105.35,1464105.35,61.0,Gradient Boosting
PROP-3B2BA9B92CA4,Mumbai,Lower Parel,95000000,116390639.27,21390639.27,22.52,Gradient Boosting
PROP-8B92C2A78410,Pune,Camp,8500000,8425490.8,74509.2,0.88,Gradient Boosting
PROP-F81E9C4EF252,Kolkata,Dum Dum Cantonment,2450000,2390352.72,59647.28,2.43,Gradient Boosting
PROP-F675B01C5A44,Mumbai,Virar West,1600000,1570236.65,29763.35,1.86,Gradient Boosting
PROP-FA196D3E6144,Kolkata,Netaji Nagar,3200000,2169249.0,1030751.0,32.21,Gradient Boosting
PROP-04FB665A65BF,Kolkata,Bansdroni,6500000,5367716.65,1132283.35,17.42,Gradient Boosting
PROP-298DAD00551B,Pune,Bopodi,6500000,7302869.41,802869.41,12.35,Gradient Boosting
PROP-21151A7BC1BB,Pune,Talegaon Dabhade,3500000,2882151.85,617848.15,17.65,Gradient Boosting
PROP-286C4F25648C,Mumbai,Virar West,2751000,3240386.48,489386.48,17.79,Gradient Boosting
PROP-05F1E0BA42EF,Kolkata,Patipukur,5000000,3236851.06,1763148.94,35.26,Gradient Boosting
PROP-7EE2E46DC5A3,Kolkata,Baguiati,2500000,2865049.21,365049.21,14.6,Gradient Boosting
PROP-A9F84DEE3C47,Mumbai,Mira Road East,7400000,7639689.2,239689.2,3.24,Gradient Boosting
PROP-5D81268902FC,Kolkata,Baghajatin,3470000,2427113.99,1042886.01,30.05,Gradient Boosting
PROP-5986FBD469E6,Pune,Yewalewadi,1000000,972815.28,27184.72,2.72,Gradient Boosting
PROP-3A858C150400,Mumbai,Andheri East,6800000,7280575.7,480575.7,7.07,Gradient Boosting
PROP-09AAA95AA81F,Pune,Talegaon Dabhade,2200000,1912087.73,287912.27,13.09,Gradient Boosting
PROP-19C5FCADB8CA,Mumbai,Mahim,32500000,28824970.99,3675029.01,11.31,Gradient Boosting
PROP-E77C161084C2,Mumbai,Mulund West,24500000,23243158.56,1256841.44,5.13,Gradient Boosting
PROP-448DCAAA9E39,Pune,Katraj,4500000,4249732.87,250267.13,5.56,Gradient Boosting
PROP-A3E21F233FE8,Kolkata,Ganguly Bagan,3500000,4168382.4,668382.4,19.1,Gradient Boosting
PROP-0A6B581765A0,Pune,Wanwadi,4500000,5390703.37,890703.37,19.79,Gradient Boosting
PROP-B954D99F42CE,Pune,Chinchwad,2500000,2877721.67,377721.67,15.11,Gradient Boosting
PROP-F3E24227604A,Kolkata,Narendrapur,1700000,2222504.15,522504.15,30.74,Gradient Boosting
PROP-7168908E54AA,Mumbai,Dahisar East,7600000,7983706.57,383706.57,5.05,Gradient Boosting
PROP-273FC454F368,Mumbai,Virar West,4000000,4076120.25,76120.25,1.9,Gradient Boosting
PROP-E22099E55076,Pune,Dhankawadi,2500000,2573410.57,73410.57,2.94,Gradient Boosting
PROP-8A8505709A6E,Kolkata,Dakshineswar,2200000,2187038.21,12961.79,0.59,Gradient Boosting
PROP-5F8D36A9FDE4,Pune,Dighi,5300000,5323210.62,23210.62,0.44,Gradient Boosting
PROP-CB49AFF2C003,Pune,Manjari Budruk,4800000,3883002.94,916997.06,19.1,Gradient Boosting
PROP-9DE91BFA2CB4,Kolkata,Dum Dum Cantonment,1900000,1824030.0,75970.0,4.0,Gradient Boosting
PROP-72693FD3DEE9,Kolkata,Nayabad,6500000,5219686.17,1280313.83,19.7,Gradient Boosting
PROP-578D46E2FDC3,Mumbai,Malad East,10800000,12954884.13,2154884.13,19.95,Gradient Boosting
PROP-F2195BC4ACCD,Kolkata,Deshbandhu Nagar,2850000,3999618.75,1149618.75,40.34,Gradient Boosting
PROP-95046668863D,Pune,Undri,8500000,7657759.98,842240.02,9.91,Gradient Boosting
PROP-2C507A5A2B1E,Pune,Talegaon Dhamdhere,1500000,1265913.35,234086.65,15.61,Gradient Boosting
PROP-DA034220CC71,Bengaluru,Banashankari,5000000,5912341.04,912341.04,18.25,Gradient Boosting
PROP-3D51C97BBCD5,Pune,Aundh,10500000,9137622.09,1362377.91,12.98,Gradient Boosting
PROP-FB3F6A212ECF,Hyderabad,Thumukunta,4000000,4501311.56,501311.56,12.53,Gradient Boosting
PROP-35F65A0B1111,Hyderabad,Nizampet,5500000,6567848.63,1067848.63,19.42,Gradient Boosting
PROP-5425F574E202,Delhi,Sewak Park,5100000,4373287.63,726712.37,14.25,Gradient Boosting
PROP-6037F97E910C,Hyderabad,Serilingampally,55000000,36099909.91,18900090.09,34.36,Gradient Boosting
PROP-C2512136CBF0,Pune,Aambethan,2350000,2356050.17,6050.17,0.26,Gradient Boosting
PROP-7BA6A399609D,Pune,Baner,3500000,2895057.68,604942.32,17.28,Gradient Boosting
PROP-71D33633B538,Hyderabad,Pocharam,4500000,5622840.58,1122840.58,24.95,Gradient Boosting
PROP-C9CE17A43EF6,Bengaluru,Wilson Garden,14500000,13580980.82,919019.18,6.34,Gradient Boosting
PROP-A2769CBFEFBC,Delhi,Kondli,8000000,10031630.22,2031630.22,25.4,Gradient Boosting
PROP-00CB62F9CA48,Pune,Kesnand,1550000,1734601.85,184601.85,11.91,Gradient Boosting
PROP-BC7DC907F3C0,Hyderabad,Kompally,10500000,10335023.13,164976.87,1.57,Gradient Boosting
PROP-D77D9222A2C0,Pune,Talwade,4800000,6376063.81,1576063.81,32.83,Gradient Boosting
PROP-8FDF18914555,Pune,Wakhari,1600000,2056695.73,456695.73,28.54,Gradient Boosting
PROP-8AE55DE0D0F6,Delhi,Preet Vihar,24500000,30419814.38,5919814.38,24.16,Gradient Boosting
PROP-7C347C5A02BA,Hyderabad,Kapra,12000000,15013629.57,3013629.57,25.11,Gradient Boosting
PROP-FFF28A341052,Hyderabad,Aminpur,29000000,17112062.82,11887937.18,40.99,Gradient Boosting
PROP-6BD74555B6F6,Bengaluru,Konanakunte,17500000,14551615.26,2948384.74,16.85,Gradient Boosting
PROP-B9B30C368E06,Bengaluru,Banashankari,654000,977432.07,323432.07,49.45,Gradient Boosting
PROP-75A82EA10DF0,Bengaluru,Attibele,21500000,22404957.15,904957.15,4.21,Gradient Boosting
PROP-308497C5C8A9,Hyderabad,Hayathnagar,6800000,6791812.35,8187.65,0.12,Gradient Boosting
PROP-FA7F37B350E3,Pune,Ambegaon Pathar,2900000,3001691.73,101691.73,3.51,Gradient Boosting
PROP-C69B5907EBA1,Pune,Ambegaon,6900000,9653445.68,2753445.68,39.91,Gradient Boosting
PROP-FF12DC411AD0,Pune,Bavdhan,14000000,11823549.55,2176450.45,15.55,Gradient Boosting
PROP-85C11484F5B4,Pune,Lohegaon,4000000,3763365.06,236634.94,5.92,Gradient Boosting
PROP-FE73164F12FA,Pune,Pimple Saudagar,9800000,9456990.9,343009.1,3.5,Gradient Boosting
PROP-CA1E3B26429C,Delhi,Sector 22 Dwarka,29000000,27075076.41,1924923.59,6.64,Gradient Boosting
PROP-929CCBA54C0C,Pune,Pimpri,3100000,3128103.21,28103.21,0.91,Gradient Boosting
PROP-6401AE87242B,Hyderabad,Gajularamaram,16100000,10191066.18,5908933.82,36.7,Gradient Boosting
PROP-0461D7695030,Pune,Bhamboli,1800000,1881773.37,81773.37,4.54,Gradient Boosting
PROP-9989B466FF80,Pune,Hinjewadi Phase 3,7000000,6509247.26,490752.74,7.01,Gradient Boosting
PROP-271439694061,Pune,Shivane,10500000,10566613.39,66613.39,0.63,Gradient Boosting
PROP-647380B6C56C,Pune,Kothrud,52500000,63010188.59,10510188.59,20.02,Gradient Boosting
PROP-DEBF324D5004,Hyderabad,Kompally,15000000,11494290.26,3505709.74,23.37,Gradient Boosting
PROP-036A40B27112,Pune,Dhankawadi,3000000,2728451.9,271548.1,9.05,Gradient Boosting
PROP-F950302AB7E9,Pune,Wagholi,3200000,3362793.74,162793.74,5.09,Gradient Boosting
PROP-F0A15FB127E7,Pune,Kondhwa,10000000,9900919.54,99080.46,0.99,Gradient Boosting
PROP-3FE3BA248FEA,Pune,Kondhwa,7000000,6094089.4,905910.6,12.94,Gradient Boosting
PROP-17323089F8DE,Pune,Pimple Saudagar,8800000,8197755.4,602244.6,6.84,Gradient Boosting
PROP-FDC8E906723F,Pune,Sadashiv Peth,15000000,15826238.76,826238.76,5.51,Gradient Boosting
PROP-566EE7A10F14,Pune,Wanowrie,32500000,31103379.71,1396620.29,4.3,Gradient Boosting
PROP-780710815F2E,Pune,Sadashiv Peth,11500000,10362948.74,1137051.26,9.89,Gradient Boosting
PROP-F631F6B18734,Hyderabad,Gachibowli,15000000,18926201.59,3926201.59,26.17,Gradient Boosting
PROP-0C3C607B71D0,Pune,Ambegaon Pathar,2800000,2736423.59,63576.41,2.27,Gradient Boosting
PROP-CF3A7A042C95,Bengaluru,Bommanahalli,2500000,2097917.51,402082.49,16.08,Gradient Boosting
PROP-450D76B79792,Delhi,Sector 7 Dwarka,8500000,6131406.43,2368593.57,27.87,Gradient Boosting
PROP-A4953794C080,Delhi,Sector 17 Dwarka,9000000,8890272.08,109727.92,1.22,Gradient Boosting
PROP-1263EACFBBB4,Delhi,Sector 3 Dwarka,2000000,2099556.87,99556.87,4.98,Gradient Boosting
PROP-5CDF7CDCFC90,Pune,Mundhwa,9000000,8570016.03,429983.97,4.78,Gradient Boosting
PROP-2AEA9790CCFD,Delhi,Kalkaji Extension,16000000,14306081.38,1693918.62,10.59,Gradient Boosting
PROP-D8BB0CAA2680,Bengaluru,Yemalur,60000000,54367691.81,5632308.19,9.39,Gradient Boosting
PROP-12E3ACA23BD5,Pune,Bhosari,3900000,3846706.25,53293.75,1.37,Gradient Boosting
PROP-5AFE12F0A193,Pune,Rahatani,4600000,4505125.51,94874.49,2.06,Gradient Boosting
PROP-C42A1815C2F3,Bengaluru,Kaggadasapura,6500000,6576960.59,76960.59,1.18,Gradient Boosting
PROP-190B7101B2E9,Bengaluru,Mathikere,21000000,15979172.9,5020827.1,23.91,Gradient Boosting
PROP-DA8F1BBCE7D0,Pune,Dattavadi,6250000,6157046.52,92953.48,1.49,Gradient Boosting
PROP-AEEF4274B3F6,Bengaluru,Kaggadasapura,27500000,24622834.78,2877165.22,10.46,Gradient Boosting
PROP-1564DBA664BF,Pune,Bhukum,8000000,6769889.74,1230110.26,15.38,Gradient Boosting
PROP-25A47C5422A8,Bengaluru,Nelamangala,2628000,3338928.5,710928.5,27.05,Gradient Boosting
PROP-9B239F57D201,Pune,Wakad,8000000,7993526.89,6473.11,0.08,Gradient Boosting
PROP-8B2A712FC0B7,Bengaluru,Begur,6400000,6144524.68,255475.32,3.99,Gradient Boosting
PROP-EE337B8241A9,Pune,Rasta Peth,9000000,8735967.45,264032.55,2.93,Gradient Boosting
PROP-FD5D56218C91,Bengaluru,Kaval Bairasandra,3700000,3887094.27,187094.27,5.06,Gradient Boosting
PROP-6862CB4AAFCB,Delhi,Bharthal,2800000,2412200.5,387799.5,13.85,Gradient Boosting
PROP-641E8BBFBD42,Bengaluru,Wilson Garden,720000,1853370.53,1133370.53,157.41,Gradient Boosting
PROP-F546062541DD,Pune,Handewadi,2200000,2343291.14,143291.14,6.51,Gradient Boosting
PROP-ED9683068995,Pune,Hadapsar,1700000,1669997.86,30002.14,1.76,Gradient Boosting
PROP-840B09AFF58E,Pune,Charholi Budruk,3300000,3139653.84,160346.16,4.86,Gradient Boosting
PROP-4BC98CE96981,Bengaluru,Ramamurthy Nagar,400000,520251.7,120251.7,30.06,Gradient Boosting
PROP-18EC0DBB243E,Bengaluru,Bapuji Nagar,9000000,8624548.97,375451.03,4.17,Gradient Boosting
PROP-EC919E79045E,Bengaluru,Channapatna,6300000,8403481.23,2103481.23,33.39,Gradient Boosting
PROP-092D9847A913,Pune,Talegaon Dabhade,3000000,3054118.06,54118.06,1.8,Gradient Boosting
PROP-4D48508B7131,Pune,Jambhul,1700000,1788843.37,88843.37,5.23,Gradient Boosting
PROP-E6F1771E30F8,Pune,Hadapsar,1875000,1895056.68,20056.68,1.07,Gradient Boosting
PROP-B36B54E3592B,Pune,Nerhe,3000000,3494345.63,494345.63,16.48,Gradient Boosting
PROP-75A87272C6C3,Pune,Hadapsar,6800000,4801158.45,1998841.55,29.39,Gradient Boosting
PROP-4ED736EAB511,Bengaluru,Dasanapura,3900000,3759147.3,140852.7,3.61,Gradient Boosting
PROP-564680D9FB1C,Bengaluru,Seegehalli,15000000,13765007.48,1234992.52,8.23,Gradient Boosting
PROP-021F335D0215,Bengaluru,Jayanagar West,20000000,21611293.25,1611293.25,8.06,Gradient Boosting
PROP-6D5238F843B1,Pune,Lavasa,9500000,11678008.92,2178008.92,22.93,Gradient Boosting
PROP-C63DE5A371D4,Pune,Katraj,4000000,3784360.38,215639.62,5.39,Gradient Boosting
PROP-2598404F5915,Bengaluru,Chamrajpet,11000000,8405692.74,2594307.26,23.58,Gradient Boosting
PROP-E597E61FA2BA,Bengaluru,Kadumuthsandra Plantation,4900000,4829847.63,70152.37,1.43,Gradient Boosting
PROP-68FFFBEC8103,Bengaluru,Mathikere,10000000,9960668.66,39331.34,0.39,Gradient Boosting
PROP-0CE96737A0D0,Bengaluru,Kattigenahalli,8500000,8371331.05,128668.95,1.51,Gradient Boosting
PROP-1DE379F76B98,Pune,Gorhe Bk,3500000,3224606.64,275393.36,7.87,Gradient Boosting
PROP-C30F517B1BF8,Bengaluru,Nandini Layout,7200000,5294466.15,1905533.85,26.47,Gradient Boosting
PROP-69ADEC56ACEB,Hyderabad,Peerzadiguda,11000000,11499015.36,499015.36,4.54,Gradient Boosting
PROP-921F8E5BBB16,Pune,Baner,7500000,8452556.25,952556.25,12.7,Gradient Boosting
PROP-8E9EBB0559EE,Hyderabad,Ramachandra Puram,3100000,4206990.52,1106990.52,35.71,Gradient Boosting
PROP-AEA0B06BF7D6,Pune,Nanded,1500000,1361985.41,138014.59,9.2,Gradient Boosting
PROP-C31BBEA76072,Hyderabad,Nallakunta,25000000,25336972.13,336972.13,1.35,Gradient Boosting
PROP-270E6B143FB6,Pune,Kasarwadi,5000000,5260310.65,260310.65,5.21,Gradient Boosting
PROP-0E6FE0A0B9A5,Pune,Mundhwa,7500000,7514814.96,14814.96,0.2,Gradient Boosting
PROP-E33F1153F028,Hyderabad,Borabanda,12000000,9574719.78,2425280.22,20.21,Gradient Boosting
PROP-D847EC37271C,Pune,Wagholi,2000000,1784369.9,215630.1,10.78,Gradient Boosting
PROP-AB09036233A9,Pune,Ambegaon Bk,3850000,3899251.36,49251.36,1.28,Gradient Boosting
PROP-7829BAF8BA68,Hyderabad,Madhapur,9200000,6993670.53,2206329.47,23.98,Gradient Boosting
PROP-285719CFA573,Pune,Thergaon,5000000,4853562.86,146437.14,2.93,Gradient Boosting
PROP-FA48D6011F79,Hyderabad,Osman Nagar,12800000,13805221.53,1005221.53,7.85,Gradient Boosting
PROP-066E605A1612,Pune,Wagholi,4600000,4629747.57,29747.57,0.65,Gradient Boosting
PROP-05948D732C72,Pune,Undri,45000000,44137547.23,862452.77,1.92,Gradient Boosting
PROP-6676E8663A08,Pune,Khed Shivapur,10000000,9117935.84,882064.16,8.82,Gradient Boosting
PROP-65C335E274A6,Pune,Bavdhan,4500000,4601815.18,101815.18,2.26,Gradient Boosting
PROP-EC7FA926DCA4,Pune,Pimple Nilakh,6000000,6353339.01,353339.01,5.89,Gradient Boosting
PROP-B7C8C7ABE5D4,Pune,Khadakwasla,5551000,5443102.26,107897.74,1.94,Gradient Boosting
PROP-A1B09368029E,Pune,Pimple Gurav,9700000,9615337.87,84662.13,0.87,Gradient Boosting
PROP-09CE9ADDEE5D,Hyderabad,Somajiguda,17500000,12385347.45,5114652.55,29.23,Gradient Boosting
PROP-6F336AE4E8AB,Pune,Wagholi,5700000,5427486.9,272513.1,4.78,Gradient Boosting
PROP-C34C80FE5C36,Bengaluru,Nagasandra,3500000,3609070.26,109070.26,3.12,Gradient Boosting
PROP-E838D562DA1E,Pune,Anand Nagar,2050000,1931859.74,118140.26,5.76,Gradient Boosting
PROP-82481EC85A1D,Pune,Jambhul,3200000,2919410.85,280589.15,8.77,Gradient Boosting
PROP-979AEA102EA4,Pune,Jambhul,2099000,2004462.4,94537.6,4.5,Gradient Boosting
PROP-DC1B25032235,Pune,Charholi Budruk,2500000,2292888.14,207111.86,8.28,Gradient Boosting
PROP-B520B9A3BF00,Hyderabad,Santosh Nagar,14500000,14124915.61,375084.39,2.59,Gradient Boosting
PROP-DC14830AE8B7,Pune,Bhawani Peth,8200000,8066289.21,133710.79,1.63,Gradient Boosting
PROP-85C27B3F455C,Bengaluru,Yeshwanthpur,18800000,16150186.05,2649813.95,14.09,Gradient Boosting
PROP-55F59220E177,Pune,Chimbali,2800000,2921987.74,121987.74,4.36,Gradient Boosting
PROP-3B37A88FA0F9,Delhi,Vasant Vihar,94800000,79009840.65,15790159.35,16.66,Gradient Boosting
PROP-17373D0031FC,Bengaluru,Kengeri Satellite Town,5500000,5112222.4,387777.6,7.05,Gradient Boosting
PROP-0EC53738418F,Delhi,Kirari Suleman Nagar,5000000,4862510.42,137489.58,2.75,Gradient Boosting
PROP-49D7D2219B66,Mumbai,Bhandup East,2000000,2651978.2,651978.2,32.6,Gradient Boosting
PROP-203BF7DBB39B,Bengaluru,Basaveshwara Nagar,3450000,3156504.75,293495.25,8.51,Gradient Boosting
PROP-93C6AB98D198,Bengaluru,Banashankari,13400000,11618309.15,1781690.85,13.3,Gradient Boosting
PROP-11F4A58E85E7,Bengaluru,Varanasi,14000000,13304492.07,695507.93,4.97,Gradient Boosting
PROP-EEDA4FBFA1FE,Mumbai,Naigaon East,598000,621987.12,23987.12,4.01,Gradient Boosting
PROP-9A4B4D800541,Bengaluru,Srinivaspura,5000000,4910565.98,89434.02,1.79,Gradient Boosting
PROP-557139DE533D,Kolkata,Mukundapur,6000000,7355944.74,1355944.74,22.6,Gradient Boosting
PROP-3E77D40DDAAD,Kolkata,Kashipur,7500000,3557060.77,3942939.23,52.57,Gradient Boosting
PROP-8C5EE2DFA40C,Mumbai,Naigaon East,525000,597635.71,72635.71,13.84,Gradient Boosting
PROP-E478C760D685,Kolkata,Panchpota,3300000,6011771.38,2711771.38,82.17,Gradient Boosting
PROP-72DD0E6C2E04,Chennai,Thandalam,4100000,4681035.38,581035.38,14.17,Gradient Boosting
PROP-7BC1F225166A,Kolkata,Behala Chowrasta,7000000,5002120.75,1997879.25,28.54,Gradient Boosting
PROP-33E1446547DD,Pune,Alandi,3000000,3502094.79,502094.79,16.74,Gradient Boosting
PROP-0CB168FFE83F,Pune,Ranjangaon,1700000,1584943.04,115056.96,6.77,Gradient Boosting
PROP-A02D1D9F3763,Kolkata,Tollygunge,4500000,4966925.13,466925.13,10.38,Gradient Boosting
PROP-7FBE2EF38C9B,Bengaluru,Thurahalli,6400000,6746384.17,346384.17,5.41,Gradient Boosting
PROP-5B59C86825F0,Bengaluru,Marsur,2200000,2167385.92,32614.08,1.48,Gradient Boosting
PROP-A87A8D74790D,Kolkata,Narendrapur,6500000,6741170.1,241170.1,3.71,Gradient Boosting
PROP-B7C9B2FD3AE4,Bengaluru,Kothanur,6300000,6147765.49,152234.51,2.42,Gradient Boosting
PROP-0BD54F0CABA5,Pune,Guruwar Peth,3600000,3514208.43,85791.57,2.38,Gradient Boosting
PROP-A33D4062C822,Pune,Undri,3500000,3350033.02,149966.98,4.28,Gradient Boosting
PROP-670CED41C724,Bengaluru,Hsr Layout,72500000,77356048.78,4856048.78,6.7,Gradient Boosting
PROP-9B76E2C4485B,Bengaluru,Kengeri,5500000,5387324.02,112675.98,2.05,Gradient Boosting
PROP-6B4235B84BF7,Chennai,Villivakkam,22500000,16275941.6,6224058.4,27.66,Gradient Boosting
PROP-B599B1954608,Delhi,Nilothi,1700000,1987621.86,287621.86,16.92,Gradient Boosting
PROP-17D557164712,Bengaluru,Kachamaranahalli,6500000,6204758.61,295241.39,4.54,Gradient Boosting
PROP-055D52DB8A40,Bengaluru,Yemalur,6200000,5766211.9,433788.1,7.0,Gradient Boosting
PROP-03A665518206,Bengaluru,Ramamurthy Nagar,7200000,7410607.11,210607.11,2.93,Gradient Boosting
PROP-E46C343B3C7F,Delhi,Wazirabad,6000000,9205291.92,3205291.92,53.42,Gradient Boosting
PROP-F0AD13B7D9ED,Pune,New Sangvi,5000000,5177218.08,177218.08,3.54,Gradient Boosting
PROP-A1373E45A944,Bengaluru,Konanakunte,10500000,9550097.83,949902.17,9.05,Gradient Boosting
PROP-522450F0370A,Bengaluru,Whitefield,5900000,5678293.9,221706.1,3.76,Gradient Boosting
PROP-996C65662CD4,Kolkata,Narendrapur,3200000,3499633.69,299633.69,9.36,Gradient Boosting
PROP-13C19FD4247F,Pune,Mahalunge Ingale,5000000,3624109.23,1375890.77,27.52,Gradient Boosting
PROP-822EDA72DCC6,Kolkata,Ballygunge,13000000,10943975.5,2056024.5,15.82,Gradient Boosting
PROP-D35BDA093917,Kolkata,South Dum Dum,3850000,3199726.52,650273.48,16.89,Gradient Boosting
PROP-D84C06FCBEC6,Delhi,Baprola,3500000,3878403.33,378403.33,10.81,Gradient Boosting
PROP-6E85E8DDB8E1,Pune,Manjari Khurd,1225000,1175281.9,49718.1,4.06,Gradient Boosting
PROP-F898A535A8B5,Chennai,Sembakkam,4500000,3581880.41,918119.59,20.4,Gradient Boosting
PROP-C1B0FC0F914A,Pune,Baner,14000000,13741836.45,258163.55,1.84,Gradient Boosting
PROP-F319A892B24C,Bengaluru,Electronic City,3400000,3109475.92,290524.08,8.54,Gradient Boosting
PROP-91FA2CDA86D8,Delhi,Geeta Colony,3000000,2654144.59,345855.41,11.53,Gradient Boosting
PROP-391AB2DFD8D0,Bengaluru,Jayanagar,50000000,39585535.7,10414464.3,20.83,Gradient Boosting
PROP-AE86DAE6DFE0,Bengaluru,Vignana Kendra,11000000,11794459.39,794459.39,7.22,Gradient Boosting
PROP-8F3FDCAF7F39,Delhi,Badarpur,387000,432240.02,45240.02,11.69,Gradient Boosting
PROP-796B051AF8B5,Chennai,Perambur,4500000,4400443.99,99556.01,2.21,Gradient Boosting
PROP-DE5731F139BF,Kolkata,Baguiati,1900000,1950959.18,50959.18,2.68,Gradient Boosting
PROP-E28DF73E05CE,Kolkata,Patipukur,4200000,3452037.31,747962.69,17.81,Gradient Boosting
PROP-1D068F142138,Bengaluru,Jp Nagar,80000000,72372949.42,7627050.58,9.53,Gradient Boosting
PROP-AC2302554A6A,Kolkata,Narendrapur,3900000,4601224.64,701224.64,17.98,Gradient Boosting
PROP-2AC175C3B47C,Kolkata,Beniapukur,20500000,17937526.97,2562473.03,12.5,Gradient Boosting
PROP-06099F7A6044,Pune,Dhayari,3600000,3892891.47,292891.47,8.14,Gradient Boosting
PROP-8A84311D4E79,Pune,Bhawani Peth,5300000,4752162.46,547837.54,10.34,Gradient Boosting
PROP-05DFF2BD7711,Chennai,Medavakkam,5700000,5665017.42,34982.58,0.61,Gradient Boosting
PROP-696D6304721C,Delhi,Karol Bagh,65000000,38941986.75,26058013.25,40.09,Gradient Boosting
PROP-589503049540,Kolkata,Baguiati,1600000,1652949.15,52949.15,3.31,Gradient Boosting
PROP-47C5803E0547,Kolkata,Narayantala,2900000,2933885.59,33885.59,1.17,Gradient Boosting
PROP-22C37EA8FF52,Pune,Charholi Kurd,2200000,2191400.63,8599.37,0.39,Gradient Boosting
PROP-E2F90CB494A4,Pune,Kasarwadi,2300000,2076955.42,223044.58,9.7,Gradient Boosting
PROP-FBC09BC163C6,Mumbai,Kandivali West,9000000,9295657.94,295657.94,3.29,Gradient Boosting
PROP-379525864704,Kolkata,Dum Dum,3000000,3458392.23,458392.23,15.28,Gradient Boosting
PROP-C7EDDE98AC97,Pune,Kanhe,2500000,2912880.17,412880.17,16.52,Gradient Boosting
PROP-562DA83E6F5E,Chennai,Saidapet,6300000,6048232.21,251767.79,4.0,Gradient Boosting
PROP-532DD9B45FBC,Bengaluru,Rr Nagar,6500000,5885739.13,614260.87,9.45,Gradient Boosting
PROP-2BDF8D921D38,Kolkata,Bangur Avenue,2800000,2804842.81,4842.81,0.17,Gradient Boosting
PROP-144B4C5089D8,Bengaluru,Arakere,6800000,6367487.0,432513.0,6.36,Gradient Boosting
PROP-A2CA99F38D85,Pune,Lulla Nagar,4000000,3662902.86,337097.14,8.43,Gradient Boosting
PROP-98EDDDB8D98C,Bengaluru,Virupakshapura,7000000,7028859.76,28859.76,0.41,Gradient Boosting
PROP-5D24CD48769C,Delhi,Inder Puri,500000,1428140.35,928140.35,185.63,Gradient Boosting
PROP-72415857F3B1,Mumbai,Mulund East,2000000,2113074.2,113074.2,5.65,Gradient Boosting
PROP-A474AF159C00,Pune,Wakad,4600000,5207555.05,607555.05,13.21,Gradient Boosting
PROP-677933159E12,Bengaluru,Thanisandra,7000000,5473630.14,1526369.86,21.81,Gradient Boosting
PROP-AD41B20B07BE,Bengaluru,Kalena Agrahara,5400000,5888947.26,488947.26,9.05,Gradient Boosting
PROP-448562E45FEB,Bengaluru,Vajarahalli,4820000,4229500.52,590499.48,12.25,Gradient Boosting
PROP-6F2E1D655213,Kolkata,Dum Dum Park,3200000,3193932.77,6067.23,0.19,Gradient Boosting
PROP-736F0F7ECE66,Bengaluru,Krishnarajapura,40000000,38721741.24,1278258.76,3.2,Gradient Boosting
PROP-28F5B24D0E3D,Kolkata,Haltu,4000000,3476518.77,523481.23,13.09,Gradient Boosting
PROP-3A41C3085ED3,Chennai,Kotturpuram,8500000,6932835.96,1567164.04,18.44,Gradient Boosting
PROP-D99980C0DC28,Bengaluru,Margondanahalli,14000000,15005901.78,1005901.78,7.19,Gradient Boosting
PROP-39E81FB8972D,Delhi,Lajpat Nagar,5000000,4852379.83,147620.17,2.95,Gradient Boosting
PROP-DFEDA14A0BE8,Chennai,Veppampattu,3900000,4246992.59,346992.59,8.9,Gradient Boosting
PROP-3EF538C2BB00,Chennai,Ashok Nagar,11500000,6747833.2,4752166.8,41.32,Gradient Boosting
PROP-909C64B3F704,Delhi,Burari,1300000,1356547.52,56547.52,4.35,Gradient Boosting
PROP-138DEDBF7F6C,Bengaluru,Kodathi,9800000,9537963.59,262036.41,2.67,Gradient Boosting
PROP-C30B89369350,Pune,Budhwar Peth,4500000,4121453.56,378546.44,8.41,Gradient Boosting
PROP-2B2BD378CAEC,Kolkata,Haltu,4200000,3860196.18,339803.82,8.09,Gradient Boosting
PROP-F532821AF89B,Bengaluru,Btm Layout,18000000,18110383.72,110383.72,0.61,Gradient Boosting
PROP-AFDAE87C7154,Chennai,Avadi,3000000,3575594.57,575594.57,19.19,Gradient Boosting
PROP-01DEAD99037B,Kolkata,Rajarhat,3600000,3899931.72,299931.72,8.33,Gradient Boosting
PROP-443AD859EEE0,Pune,Lohegaon,12500000,12270477.3,229522.7,1.84,Gradient Boosting
PROP-C5709776DC76,Delhi,Khanpur,9900000,6673677.14,3226322.86,32.59,Gradient Boosting
PROP-B4C44F440428,Bengaluru,Kithaganur Colony,5000000,4947647.97,52352.03,1.05,Gradient Boosting
PROP-230BB0F69709,Chennai,Pudupakkam,6500000,6640277.85,140277.85,2.16,Gradient Boosting
PROP-BC27555666D6,Delhi,Sector 2 Rohini,8500000,8306025.07,193974.93,2.28,Gradient Boosting
PROP-0B4999D2EC4D,Chennai,Madipakkam,5870000,3938133.4,1931866.6,32.91,Gradient Boosting
PROP-A983A289BE38,Bengaluru,Bommasandra,5200000,4348381.3,851618.7,16.38,Gradient Boosting
PROP-D6EDFDC0FBD2,Kolkata,Kabardanga,6500000,6655735.56,155735.56,2.4,Gradient Boosting
PROP-473A60EABD96,Delhi,Dera Mandi,3100000,3048151.49,51848.51,1.67,Gradient Boosting
PROP-2E15DA7D7553,Bengaluru,Talaghattapura,4490000,4676387.2,186387.2,4.15,Gradient Boosting
PROP-2D2947021574,Bengaluru,Chansandra,7200000,6740656.76,459343.24,6.38,Gradient Boosting
PROP-77E8219E84FC,Delhi,Burari,1400000,1473296.63,73296.63,5.24,Gradient Boosting
PROP-4233AA7EA058,Kolkata,Garia,4800000,5039254.49,239254.49,4.98,Gradient Boosting
PROP-91AD8B00D735,Kolkata,Sarsuna,23000000,12896397.62,10103602.38,43.93,Gradient Boosting
PROP-A76744E50E9F,Bengaluru,Uttarahalli Hobli,8000000,7507200.83,492799.17,6.16,Gradient Boosting
PROP-1D61D96EF60F,Chennai,Perumbakkam,4500000,4085829.65,414170.35,9.2,Gradient Boosting
PROP-BB3502986EF1,Pune,Dhankawadi,3700000,3543590.39,156409.61,4.23,Gradient Boosting
PROP-D503271FAF7C,Pune,Karve Nagar,3000000,2886697.99,113302.01,3.78,Gradient Boosting
PROP-97161B865FA1,Kolkata,South Dum Dum,2650000,2644067.74,5932.26,0.22,Gradient Boosting
PROP-D44CFEC304B2,Kolkata,Rajpur,4000000,4056972.12,56972.12,1.42,Gradient Boosting
PROP-9C1DE3D0CA46,Kolkata,Garia,3600000,3480113.9,119886.1,3.33,Gradient Boosting
PROP-20AB8949E398,Pune,Punawale,3675000,3423070.77,251929.23,6.86,Gradient Boosting
PROP-B6CDFCD7A060,Chennai,Kk Nagar,11700000,5847076.71,5852923.29,50.02,Gradient Boosting
PROP-5E56894F11B5,Pune,Dhanori,13000000,13292696.12,292696.12,2.25,Gradient Boosting
PROP-93DB6361384B,Pune,Hadapsar,11000000,11059920.06,59920.06,0.54,Gradient Boosting
PROP-B3F66E6E1218,Chennai,Ayappakkam,1700000,3811033.38,2111033.38,124.18,Gradient Boosting
PROP-C883AD0F6A4D,Kolkata,Garia,3600000,4462519.93,862519.93,23.96,Gradient Boosting
PROP-519030674E5D,Delhi,Safdarjung Enclave,4500000,5686224.42,1186224.42,26.36,Gradient Boosting
PROP-D0D832658684,Kolkata,Jadavpur,8500000,10828101.43,2328101.43,27.39,Gradient Boosting
PROP-15F42F3F45D1,Pune,Panshet,12500000,14672927.33,2172927.33,17.38,Gradient Boosting
PROP-23281E632448,Pune,Chakan,4750000,3809376.62,940623.38,19.8,Gradient Boosting
PROP-03CC8C63050C,Pune,Kirkatwadi,2300000,2440351.23,140351.23,6.1,Gradient Boosting
PROP-3BEBCDD966CA,Bengaluru,Basavanagudi,12500000,13512811.4,1012811.4,8.1,Gradient Boosting
PROP-0FA6DEC053FD,Delhi,Najafgarh,18000000,17626768.26,373231.74,2.07,Gradient Boosting
PROP-4B104614C8CE,Bengaluru,Gunjur Palya,6500000,6424966.69,75033.31,1.15,Gradient Boosting
PROP-C8430A3AAD4B,Kolkata,Baguiati,8000000,6651257.04,1348742.96,16.86,Gradient Boosting
PROP-4310CA2F11EA,Pune,Mohammed Wadi,1400000,1378841.42,21158.58,1.51,Gradient Boosting
PROP-3CCB14A442A1,Pune,Vadgaon,12500000,10732683.15,1767316.85,14.14,Gradient Boosting
PROP-6409F54AAB2B,Bengaluru,Kasavanahalli,23000000,23703201.58,703201.58,3.06,Gradient Boosting
PROP-7F39E980C902,Delhi,Budh Vihar,4500000,4964418.75,464418.75,10.32,Gradient Boosting
PROP-1E0B226AD1CB,Chennai,Ekkatuthangal,29000000,12824177.31,16175822.69,55.78,Gradient Boosting
PROP-ACC3B69ECDC7,Pune,Bebadohal,3000000,3113639.93,113639.93,3.79,Gradient Boosting
PROP-9C960929506D,Kolkata,Teghoria,3999000,3344537.54,654462.46,16.37,Gradient Boosting
PROP-8D57BAF62DD6,Bengaluru,Electronic City,4500000,4687489.17,187489.17,4.17,Gradient Boosting
PROP-57973D2D7260,Delhi,Kapashera,4500000,5170938.69,670938.69,14.91,Gradient Boosting
PROP-CFEBC8FF5FEE,Kolkata,Rahara,4500000,4205880.68,294119.32,6.54,Gradient Boosting
PROP-49214D77DFEC,Chennai,Adhanur,5500000,5011403.19,488596.81,8.88,Gradient Boosting
PROP-9C6BF7B90F11,Kolkata,Santoshpur,4100000,7345176.38,3245176.38,79.15,Gradient Boosting
PROP-07B3294DA6EF,Delhi,Shalimar Bagh,30600000,29375079.98,1224920.02,4.0,Gradient Boosting
PROP-991E932AECFB,Pune,Akurdi,1700000,1417363.01,282636.99,16.63,Gradient Boosting
PROP-D7E616E98581,Bengaluru,Byagadadhenahalli,2400000,2201047.63,198952.37,8.29,Gradient Boosting
PROP-3E1764E34127,Kolkata,Behala,1250000,1874592.85,624592.85,49.97,Gradient Boosting
PROP-566F75496C08,Bengaluru,Dodda Banaswadi,7500000,9552333.41,2052333.41,27.36,Gradient Boosting
PROP-BD0EFDD55941,Delhi,Badarpur,14000000,14578163.56,578163.56,4.13,Gradient Boosting
PROP-644D268CD417,Kolkata,Kaikhali,2800000,5312357.14,2512357.14,89.73,Gradient Boosting
PROP-671CB4740F4C,Bengaluru,Jayanagar,25000000,24040371.73,959628.27,3.84,Gradient Boosting
PROP-03531CEBC5CA,Kolkata,Mandirtala,3000000,2827171.99,172828.01,5.76,Gradient Boosting
PROP-A6618196324F,Pune,Shivane,3200000,3189378.16,10621.84,0.33,Gradient Boosting
PROP-3AB12F84366F,Delhi,Hari Nagar,20000000,20296922.97,296922.97,1.48,Gradient Boosting
PROP-ED4DB1169AFB,Kolkata,Lake Town,2400000,2970356.65,570356.65,23.76,Gradient Boosting
PROP-64F5EBE68935,Delhi,Narela,3500000,3540191.64,40191.64,1.15,Gradient Boosting
PROP-1D3C0C922DE5,Chennai,Ayappakkam,4000000,3585884.29,414115.71,10.35,Gradient Boosting
PROP-EFAECB9DC87C,Bengaluru,Electronic City Phase Ii,5700000,4416419.96,1283580.04,22.52,Gradient Boosting
PROP-9B66A02D0630,Kolkata,Behala,4000000,3987011.86,12988.14,0.32,Gradient Boosting
PROP-E1B04EAF72FF,Bengaluru,Electronic City Phase Ii,5700000,4406759.41,1293240.59,22.69,Gradient Boosting
PROP-E796F9A9C029,Kolkata,Garia,3000000,4551450.95,1551450.95,51.72,Gradient Boosting
PROP-3CFAAD40BBC9,Kolkata,Sodepur,7500000,4473241.05,3026758.95,40.36,Gradient Boosting
PROP-CC1A3CD1AEAE,Kolkata,Regent Park,2500000,1780039.86,719960.14,28.8,Gradient Boosting
PROP-7C444CF68EF4,Bengaluru,Bikasipura,7500000,7616335.58,116335.58,1.55,Gradient Boosting
PROP-BA9E56614218,Kolkata,Madhyamgram,12000000,6614859.84,5385140.16,44.88,Gradient Boosting
PROP-D8A3AAC363D4,Pune,Ranjangaon,1700000,1547474.77,152525.23,8.97,Gradient Boosting
PROP-58B7AE50D315,Kolkata,Keshtopur,3259000,3707515.26,448515.26,13.76,Gradient Boosting
PROP-E1ACD38526EE,Kolkata,Tollygunge,4800000,4463271.92,336728.08,7.02,Gradient Boosting
PROP-88263A0917D7,Kolkata,Deshbandhu Nagar,10600000,9274790.43,1325209.57,12.5,Gradient Boosting
PROP-D04249A2F8C6,Chennai,Mudichur,3300000,3890253.91,590253.91,17.89,Gradient Boosting
PROP-D10196DEBC00,Kolkata,Tangra,50000000,47746775.94,2253224.06,4.51,Gradient Boosting
PROP-487838313AD9,Bengaluru,Horamavu,5500000,5982920.01,482920.01,8.78,Gradient Boosting
PROP-C62B43F38CCC,Delhi,Jaitpur,1050000,1591961.34,541961.34,51.62,Gradient Boosting
PROP-42AAE903FF08,Kolkata,Baguiati,4800000,3321590.95,1478409.05,30.8,Gradient Boosting
PROP-FB06D2E59F92,Chennai,West Mambalam,16000000,11134010.23,4865989.77,30.41,Gradient Boosting
PROP-919C38CDEB64,Bengaluru,Rk Hegde Nagar,17000000,15071452.93,1928547.07,11.34,Gradient Boosting
PROP-D8DCABCE8AE4,Chennai,Perumbakkam,4500000,3751494.3,748505.7,16.63,Gradient Boosting
PROP-FCD2EC9B3ED8,Kolkata,South Dum Dum,1700000,1889766.3,189766.3,11.16,Gradient Boosting
PROP-6B6059C14A8A,Pune,Shivane,1550000,1870591.08,320591.08,20.68,Gradient Boosting
PROP-97B3BF9DCA10,Bengaluru,Munnekollal,5250000,5408277.29,158277.29,3.01,Gradient Boosting
PROP-0000796D181F,Delhi,Tri Nagar,10000000,8945333.44,1054666.56,10.55,Gradient Boosting
PROP-FA0A1DDACC7A,Bengaluru,Marathahalli,7000000,6389619.77,610380.23,8.72,Gradient Boosting
PROP-7F3F80142AB6,Delhi,Najafgarh,2800000,2533368.69,266631.31,9.52,Gradient Boosting
PROP-E1DEEFC57AA9,Pune,Nanded,5000000,5358048.17,358048.17,7.16,Gradient Boosting
PROP-0D33B9F918C9,Delhi,Khera Khurd,2000000,1650941.18,349058.82,17.45,Gradient Boosting
PROP-091D4A015A48,Kolkata,Rajpur,5000000,4030221.04,969778.96,19.4,Gradient Boosting
PROP-67DA8FD2B232,Kolkata,Rajarhat,4500000,3925572.68,574427.32,12.77,Gradient Boosting
PROP-7124AD0F7686,Bengaluru,Bommasandra,3600000,3606950.71,6950.71,0.19,Gradient Boosting
PROP-577F6378425E,Bengaluru,Akshayanagar,8800000,8615139.66,184860.34,2.1,Gradient Boosting
PROP-C3F7B5D86C96,Chennai,Pozhichalur,3300000,10776513.55,7476513.55,226.56,Gradient Boosting
PROP-896E8998397A,Kolkata,Sonarpur,3500000,2408111.63,1091888.37,31.2,Gradient Boosting
PROP-6E5FEC60EF5B,Pune,Loni Kalbhor,2700000,2139916.06,560083.94,20.74,Gradient Boosting
PROP-47C446F8EA16,Kolkata,Mahheshtala,3450000,5812656.35,2362656.35,68.48,Gradient Boosting
PROP-AB79A648775B,Pune,Hadapsar,4800000,4758571.36,41428.64,0.86,Gradient Boosting
PROP-508FB2274A5A,Pune,Dhayari,2100000,2254375.13,154375.13,7.35,Gradient Boosting
PROP-AABFB17B7D65,Delhi,Mehrauli,6500000,3975889.8,2524110.2,38.83,Gradient Boosting
PROP-019BB7F6FC5A,Delhi,Sector 16 Rohini,2700000,2828833.59,128833.59,4.77,Gradient Boosting
PROP-F81A9F971B57,Pune,Kharadi,16500000,13982080.05,2517919.95,15.26,Gradient Boosting
PROP-A7645A4CF350,Pune,Manjari Budruk,9500000,9721768.07,221768.07,2.33,Gradient Boosting
PROP-937825DA2B1F,Delhi,Hauz Khas,110000000,97186898.09,12813101.91,11.65,Gradient Boosting
PROP-2C3582A9D384,Pune,Lonikand,2500000,2420667.17,79332.83,3.17,Gradient Boosting
PROP-7ED93828946E,Pune,Marunji,4800000,4852104.05,52104.05,1.09,Gradient Boosting
PROP-B8B94387843F,Pune,Marunji,3500000,3235449.56,264550.44,7.56,Gradient Boosting
PROP-193F4EF309DA,Pune,Kondhwa,6000000,5090359.0,909641.0,15.16,Gradient Boosting
PROP-427BB62F325C,Pune,Kharadi,1500000,1556758.9,56758.9,3.78,Gradient Boosting
PROP-1E40B5CCA256,Pune,Kothrud,15000000,17171622.23,2171622.23,14.48,Gradient Boosting
PROP-C14C5364DF49,Pune,Punawale,4500000,3636044.44,863955.56,19.2,Gradient Boosting
PROP-4486EEF8D4D1,Chennai,Padappai,1200000,1729004.79,529004.79,44.08,Gradient Boosting
PROP-9C0155D64C0C,Chennai,Ennore,7500000,33000797.86,25500797.86,340.01,Gradient Boosting
PROP-50394F774E73,Pune,Rahatani,6300000,6079385.45,220614.55,3.5,Gradient Boosting
PROP-ABBAAB4A7BB3,Delhi,Mayur Vihar,2400000,2512354.49,112354.49,4.68,Gradient Boosting
PROP-3BA055D85EF0,Pune,Wakad,8149000,7721370.63,427629.37,5.25,Gradient Boosting
PROP-05E36858244F,Delhi,Nangloi,2500000,2557399.25,57399.25,2.3,Gradient Boosting
PROP-AF6144C38FE8,Chennai,Kanchipuram,30000000,37069609.69,7069609.69,23.57,Gradient Boosting
PROP-3348AB66A06C,Chennai,Thalambur,1600000,4303218.33,2703218.33,168.95,Gradient Boosting
PROP-6C0936C8F0AD,Pune,Chikhali,4900000,4200488.8,699511.2,14.28,Gradient Boosting
PROP-8BEAB30F288D,Chennai,Kattur,4243000,3613252.54,629747.46,14.84,Gradient Boosting
PROP-D086A5805E7B,Pune,Sus,7500000,7564037.52,64037.52,0.85,Gradient Boosting
PROP-3FA6A4F71660,Pune,Shivaji Nagar,15000000,16372490.53,1372490.53,9.15,Gradient Boosting
PROP-F4896266A45B,Pune,Wakad,9500000,9158962.49,341037.51,3.59,Gradient Boosting
PROP-9A7489587C51,Chennai,Red Hills,3700000,5148211.28,1448211.28,39.14,Gradient Boosting
PROP-6C5E68C07BBE,Pune,Fursungi,7500000,9118910.73,1618910.73,21.59,Gradient Boosting
PROP-751A22338514,Chennai,Alandur,2500000,3100448.02,600448.02,24.02,Gradient Boosting
PROP-1E7CF47E4D36,Delhi,Qutub Vihar,1900000,1996959.06,96959.06,5.1,Gradient Boosting
PROP-D7C2B2F41C4C,Chennai,Mugalivakkam,12000000,7259901.49,4740098.51,39.5,Gradient Boosting
PROP-76B2C7803F78,Pune,Kondhwa,7000000,7242045.31,242045.31,3.46,Gradient Boosting
PROP-50676E9D9F4F,Delhi,Shahdara,2000000,1958960.82,41039.18,2.05,Gradient Boosting
PROP-2B717BE67EC4,Pune,Magarpatta City,27000000,24236514.86,2763485.14,10.24,Gradient Boosting
PROP-07B8746D23A2,Bengaluru,Vidyaranyapura,5500000,5201153.39,298846.61,5.43,Gradient Boosting
PROP-7421156566D1,Bengaluru,Marsur,9000000,9439279.85,439279.85,4.88,Gradient Boosting
PROP-D54BF2F0FBB5,Delhi,Rajinder Nagar,16500000,16677170.65,177170.65,1.07,Gradient Boosting
PROP-96868D158019,Bengaluru,Jayanagar,10000000,6653967.02,3346032.98,33.46,Gradient Boosting
PROP-D943D15B8A66,Delhi,Sector 9 Rohini,14000000,13341963.8,658036.2,4.7,Gradient Boosting
PROP-BA06BA1E0E0D,Bengaluru,Konanakunte,5900000,5633346.31,266653.69,4.52,Gradient Boosting
PROP-E12060B5FCF0,Pune,Warje,2400000,2149526.18,250473.82,10.44,Gradient Boosting
PROP-CBDD9BFBC924,Pune,Wakad,4200000,4009350.1,190649.9,4.54,Gradient Boosting
PROP-73EC79C346C9,Bengaluru,Kannuru,6000000,6067974.65,67974.65,1.13,Gradient Boosting
PROP-C478F2F33020,Pune,Wagholi,2600000,2369435.22,230564.78,8.87,Gradient Boosting
PROP-218BB9049506,Pune,Pimpri,6000000,4963208.07,1036791.93,17.28,Gradient Boosting
PROP-D365A7B2C57D,Pune,Punawale,5900000,6010312.82,110312.82,1.87,Gradient Boosting
PROP-198A4414CF17,Pune,Dhanori,6500000,5537931.26,962068.74,14.8,Gradient Boosting
PROP-AD421BD5654A,Pune,Chinchwad,3700000,3465442.87,234557.13,6.34,Gradient Boosting
PROP-4AE5BBC199FF,Delhi,Najafgarh,18000000,17593600.1,406399.9,2.26,Gradient Boosting
PROP-C2DBDC3420F0,Chennai,Mogappair,12500000,18332622.65,5832622.65,46.66,Gradient Boosting
PROP-B8C56FCADE08,Pune,Fursungi,3000000,2847766.4,152233.6,5.07,Gradient Boosting
PROP-5A9592DB1F1D,Pune,Hadapsar,5500000,5904536.42,404536.42,7.36,Gradient Boosting
PROP-43AF163981C9,Pune,Gahunje,6500000,4799516.34,1700483.66,26.16,Gradient Boosting
PROP-F9DCDB747D11,Pune,Pisoli,4700000,4603518.28,96481.72,2.05,Gradient Boosting
PROP-7171986C6A37,Pune,Bhugaon,8000000,6826332.16,1173667.84,14.67,Gradient Boosting
PROP-6153FB7F2B67,Chennai,Ashthinapuram,6000000,6074109.02,74109.02,1.24,Gradient Boosting
PROP-AFDB4203AF02,Delhi,Shahdara,6500000,6292219.01,207780.99,3.2,Gradient Boosting
PROP-B09BC38C8A1A,Chennai,Old Washermanpet,2800000,2994343.1,194343.1,6.94,Gradient Boosting
PROP-D489B728AB28,Bengaluru,K Channasandra,4700000,4822755.61,122755.61,2.61,Gradient Boosting
PROP-76039D31B119,Pune,Shivaji Nagar,42100000,46684371.4,4584371.4,10.89,Gradient Boosting
PROP-3FC81BB9A8E9,Pune,Dhanori,6200000,5658809.52,541190.48,8.73,Gradient Boosting
PROP-7DC55992A5F7,Pune,Sus,5800000,6327221.93,527221.93,9.09,Gradient Boosting
PROP-6E687CF596C9,Pune,Dhayari,6000000,6179771.96,179771.96,3.0,Gradient Boosting
PROP-4C94311153E5,Pune,Rajgurunagar,1400000,1271695.65,128304.35,9.16,Gradient Boosting
PROP-07F19728EC21,Chennai,Adyar,11000000,9383734.25,1616265.75,14.69,Gradient Boosting
PROP-9AAC411C21F9,Pune,Kiwale,3350000,3320701.65,29298.35,0.87,Gradient Boosting
PROP-5F20A6821AC7,Chennai,Sevvapet,6500000,7186478.87,686478.87,10.56,Gradient Boosting
PROP-1D6A69D5960E,Pune,Moshi,6500000,5622040.15,877959.85,13.51,Gradient Boosting
PROP-CB0DDE945B7A,Pune,Charholi Kurd,2400000,2480455.45,80455.45,3.35,Gradient Boosting
PROP-F3A128C532B5,Pune,Warje,5700000,5593132.54,106867.46,1.87,Gradient Boosting
PROP-718CE2A5E52A,Chennai,Kovur,9000000,15366795.97,6366795.97,70.74,Gradient Boosting
PROP-BB5B83AE6F90,Delhi,Kamla Nagar,45000000,50671354.96,5671354.96,12.6,Gradient Boosting
PROP-6B1DC8E61D9E,Pune,Keshav Nagar,7800000,8078674.62,278674.62,3.57,Gradient Boosting
PROP-B5F6D51294B4,Chennai,Nemilicheri,5200000,7164483.44,1964483.44,37.78,Gradient Boosting
PROP-EC62912FBF43,Pune,Kharadi,30000000,33404622.65,3404622.65,11.35,Gradient Boosting
PROP-B28630628F9B,Pune,Kalewadi,8500000,8399833.0,100167.0,1.18,Gradient Boosting
PROP-4C83E815CACF,Chennai,Maraimalai Nagar,4500000,3771516.61,728483.39,16.19,Gradient Boosting
PROP-B0FC8841569E,Chennai,Mogappair,6000000,7174267.73,1174267.73,19.57,Gradient Boosting
PROP-AB88189F7163,Chennai,Sikkarayapuram,14000000,10882636.43,3117363.57,22.27,Gradient Boosting
PROP-2055C19CB674,Pune,Narhe,1290000,1358292.35,68292.35,5.29,Gradient Boosting
PROP-69F481659997,Chennai,Kanchipuram,2500000,4118738.35,1618738.35,64.75,Gradient Boosting
PROP-4172C423BC27,Chennai,Ponneri,6000000,4441082.5,1558917.5,25.98,Gradient Boosting
PROP-7FE1DF5521DC,Delhi,Kashmere Gate,2000000,2004993.83,4993.83,0.25,Gradient Boosting
PROP-50E606087A7C,Pune,Tathawade,4200000,4444266.04,244266.04,5.82,Gradient Boosting
PROP-DD6861FA201B,Chennai,Sholinganallur,3900000,4856899.06,956899.06,24.54,Gradient Boosting
PROP-49ACBF50F717,Chennai,Guduvancheri,2900000,3121059.12,221059.12,7.62,Gradient Boosting
PROP-661B8AB6A103,Chennai,Triplicane,5299000,3628267.37,1670732.63,31.53,Gradient Boosting
PROP-B5D2587A4084,Pune,Manjari Budruk,7500000,7323138.97,176861.03,2.36,Gradient Boosting
PROP-A918B769D6B9,Pune,Punawale,5800000,6053531.71,253531.71,4.37,Gradient Boosting
PROP-6B6BE6C61FEF,Chennai,Perumbakkam,3950000,2591739.25,1358260.75,34.39,Gradient Boosting
PROP-5CF35E1B898A,Chennai,Padur,1950000,2250369.08,300369.08,15.4,Gradient Boosting
PROP-3394EA0AC455,Pune,Tathawade,13500000,11728598.41,1771401.59,13.12,Gradient Boosting
PROP-F98C157B29CE,Pune,Ghorpadi,32500000,31698965.87,801034.13,2.46,Gradient Boosting
PROP-8376954AEA95,Chennai,Kodungaiyur East,5900000,6913847.91,1013847.91,17.18,Gradient Boosting
PROP-4F32EE8407AD,Chennai,Guduvancheri,7500000,6374509.91,1125490.09,15.01,Gradient Boosting
PROP-2E3EC8E874AE,Delhi,Kalkaji,5500000,6286555.53,786555.53,14.3,Gradient Boosting
PROP-9A1F628A10B9,Delhi,Dilshad Garden,4500000,4990693.72,490693.72,10.9,Gradient Boosting
PROP-B67D54B79A19,Chennai,Kodungaiyur West,3250000,3979398.31,729398.31,22.44,Gradient Boosting
PROP-1562A0265141,Chennai,Kumananchavadi,6000000,3879816.48,2120183.52,35.34,Gradient Boosting
PROP-80FBD22F25CE,Delhi,Ashok Vihar,7000000,7012513.11,12513.11,0.18,Gradient Boosting
PROP-5D924DEEC572,Delhi,Mayur Vihar Phase 3,13000000,10039599.52,2960400.48,22.77,Gradient Boosting
PROP-EEC70E716251,Delhi,Mahavir Enclave,2000000,1902488.94,97511.06,4.88,Gradient Boosting
PROP-9777B4A5461C,Pune,Balewadi,402000000,222851837.53,179148162.47,44.56,Gradient Boosting
PROP-2EC168604693,Chennai,Triplicane,6200000,4623253.92,1576746.08,25.43,Gradient Boosting
PROP-0E0D2C5B8C8A,Pune,Jalochi,3500000,2808008.14,691991.86,19.77,Gradient Boosting
PROP-E9E5C4B7AAC9,Delhi,Wazirabad,3000000,3704376.75,704376.75,23.48,Gradient Boosting
PROP-CAD881D27239,Chennai,Oragadam Ambattur,11000000,12579935.61,1579935.61,14.36,Gradient Boosting
PROP-E65FC9D8022F,Chennai,Triplicane,11000000,4669812.47,6330187.53,57.55,Gradient Boosting
PROP-61F665798380,Chennai,Old Washermanpet,21800000,1636268.18,20163731.82,92.49,Gradient Boosting
PROP-4D8D9BA16C41,Pune,Dhankawadi,4100000,3898833.35,201166.65,4.91,Gradient Boosting
PROP-04225BDF52C1,Pune,Hinjewadi Phase 3,7200000,5844253.9,1355746.1,18.83,Gradient Boosting
PROP-28DFBC8DCE0A,Pune,Hadapsar,5500000,4723071.09,776928.91,14.13,Gradient Boosting
PROP-BE86905CFF2E,Pune,Talegaon Dabhade,3500000,3201977.98,298022.02,8.51,Gradient Boosting
PROP-7A95207DD455,Chennai,Urapakkam,6200000,6060890.39,139109.61,2.24,Gradient Boosting
PROP-9DA23E88251B,Chennai,Paranur,30000000,11250871.76,18749128.24,62.5,Gradient Boosting
PROP-2330079CA17F,Pune,Rahatani,8000000,7133510.66,866489.34,10.83,Gradient Boosting
PROP-334657AE77B1,Chennai,Muttukadu,12700000,12195252.11,504747.89,3.97,Gradient Boosting
PROP-91964089B0FC,Delhi,Old Delhi,1600000,1428096.03,171903.97,10.74,Gradient Boosting
PROP-0EDAB1BD1273,Chennai,Kosappur,7000000,9304986.52,2304986.52,32.93,Gradient Boosting
PROP-B355C98429A1,Kolkata,Boral,3500000,7095324.33,3595324.33,102.72,Gradient Boosting
PROP-E528079CC2AD,Bengaluru,Padmanabhanagar,3850000,3058469.54,791530.46,20.56,Gradient Boosting
PROP-E5C7FD45EC04,Chennai,Perungalathur,3300000,3083063.34,216936.66,6.57,Gradient Boosting
PROP-69F66ED866EC,Chennai,Rajakilpakkam,4200000,3836046.08,363953.92,8.67,Gradient Boosting
PROP-FE7C351FC38D,Kolkata,Ganguly Bagan,3500000,5432236.27,1932236.27,55.21,Gradient Boosting
PROP-1D5694A4E89E,Bengaluru,Jakkur,16000000,14238004.63,1761995.37,11.01,Gradient Boosting
PROP-648DA5A4EDFF,Delhi,Sarita Vihar,5000000,5114501.3,114501.3,2.29,Gradient Boosting
PROP-386843F2FDBC,Bengaluru,Akshayanagar,4800000,4686958.76,113041.24,2.36,Gradient Boosting
PROP-E183B36DBF9C,Pune,Rahatani,3200000,3464715.97,264715.97,8.27,Gradient Boosting
PROP-D9CB1DD0F711,Pune,Kirkatwadi,4500000,4456269.38,43730.62,0.97,Gradient Boosting
PROP-0839A69A25E7,Kolkata,Bhowanipore,40000000,37525114.95,2474885.05,6.19,Gradient Boosting
PROP-6C2B6A425065,Chennai,Kalipathur,4000000,4795469.41,795469.41,19.89,Gradient Boosting
PROP-A36C94723B05,Chennai,Kotturpuram,12800000,11197857.1,1602142.9,12.52,Gradient Boosting
PROP-0CCC81E445EA,Bengaluru,Sahakara Nagar,13000000,12132504.86,867495.14,6.67,Gradient Boosting
PROP-0FA60BF8C7B6,Pune,Pimple Nilakh,4500000,4160487.74,339512.26,7.54,Gradient Boosting
PROP-8E5E873C46A7,Pune,Fursungi,3400000,3496592.9,96592.9,2.84,Gradient Boosting
PROP-3E351217DCA4,Kolkata,Bangur Avenue,3500000,3632977.64,132977.64,3.8,Gradient Boosting
PROP-C8E42F858B13,Bengaluru,Hsr Layout,5850000,6087945.94,237945.94,4.07,Gradient Boosting
PROP-AB5A295B5293,Pune,Hinjewadi Phase 3,6300000,4462548.83,1837451.17,29.17,Gradient Boosting
PROP-6101D9D0815E,Pune,Camp,16000000,15087430.56,912569.44,5.7,Gradient Boosting
PROP-516147147170,Bengaluru,Sorahunase,5850000,6123451.52,273451.52,4.67,Gradient Boosting
PROP-E1400AEBC247,Kolkata,New Alipore,5500000,11029051.59,5529051.59,100.53,Gradient Boosting
PROP-613214026DEC,Kolkata,Nayabad,3200000,3191266.61,8733.39,0.27,Gradient Boosting
PROP-C50197315C5B,Pune,Dudulgaon,2800000,2971295.94,171295.94,6.12,Gradient Boosting
PROP-96AE64E0AE51,Bengaluru,Kaval Bairasandra,4800000,3984165.81,815834.19,17.0,Gradient Boosting
PROP-81B98A2ADF41,Delhi,Narela,4000000,4119480.5,119480.5,2.99,Gradient Boosting
PROP-485FF5B36297,Pune,Uttam Nagar,2200000,2215885.77,15885.77,0.72,Gradient Boosting
PROP-C52F4D39B865,Kolkata,Thakurpukur,1800000,2620137.9,820137.9,45.56,Gradient Boosting
PROP-EDF8432FE4FB,Bengaluru,Kengeri Hobli,7000000,5859067.04,1140932.96,16.3,Gradient Boosting
PROP-1637BD590F22,Delhi,Ashok Vihar,58000000,43689596.58,14310403.42,24.67,Gradient Boosting
PROP-EDA26ACA745F,Pune,Shikrapur,1500000,1915700.66,415700.66,27.71,Gradient Boosting
PROP-BBB3A01A2F49,Bengaluru,Whitefield,6300000,5956562.4,343437.6,5.45,Gradient Boosting
PROP-296A5EDDFEF1,Kolkata,Dum Dum Park,2800000,2849061.31,49061.31,1.75,Gradient Boosting
PROP-326C6C985F63,Bengaluru,Choodasandra,12000000,11559911.71,440088.29,3.67,Gradient Boosting
PROP-0BF84DE55887,Chennai,Tambaram East,6500000,6163319.59,336680.41,5.18,Gradient Boosting
PROP-1BA137FCFEB8,Pune,Sangamvadi,4800000,4242207.92,557792.08,11.62,Gradient Boosting
PROP-34AA51D6DB14,Chennai,Valasaravakkam,6600000,4943974.81,1656025.19,25.09,Gradient Boosting
PROP-F692AF9D9DBB,Pune,Pirangut,4800000,4467532.63,332467.37,6.93,Gradient Boosting
PROP-C9F82BF3C623,Chennai,Varadharajapuram,6000000,3518391.54,2481608.46,41.36,Gradient Boosting
PROP-9920FEDD3A27,Bengaluru,Gunjur,5500000,5277006.59,222993.41,4.05,Gradient Boosting
PROP-7D6F43A9D4CE,Chennai,Ayappakkam,7500000,5264288.06,2235711.94,29.81,Gradient Boosting
PROP-FB0D36CBD496,Pune,Lohegaon,4500000,4567713.85,67713.85,1.5,Gradient Boosting
PROP-1225888C958D,Kolkata,Purba Barisha,2700000,2183759.22,516240.78,19.12,Gradient Boosting
PROP-734131851919,Kolkata,Belghoria,2800000,2601974.57,198025.43,7.07,Gradient Boosting
PROP-B13EC64B4D8C,Pune,Chakan,1200000,1327586.18,127586.18,10.63,Gradient Boosting
PROP-F466BD78E78E,Pune,Dhayari,2400000,2436097.87,36097.87,1.5,Gradient Boosting
PROP-333C68C4F662,Pune,Rahatani,10500000,9597028.88,902971.12,8.6,Gradient Boosting
PROP-C24219733A36,Pune,Sadashiv Peth,7000000,7446796.68,446796.68,6.38,Gradient Boosting
PROP-93543A2B8291,Bengaluru,Electronic City,12500000,12016164.83,483835.17,3.87,Gradient Boosting
PROP-5B88E522A164,Delhi,Arjun Nagar,4000000,3826908.95,173091.05,4.33,Gradient Boosting
PROP-4CB24B1A7F77,Delhi,Ganesh Nagar,2650000,2193174.72,456825.28,17.24,Gradient Boosting
PROP-7ED1F20898BC,Bengaluru,Srinivasa Nagar,11000000,12564685.82,1564685.82,14.22,Gradient Boosting
PROP-D1ECAC019D3E,Delhi,Madanpur Dabas,2500000,1719900.96,780099.04,31.2,Gradient Boosting
PROP-EE658D339931,Kolkata,Alipore,19900000,20257064.11,357064.11,1.79,Gradient Boosting
PROP-ED2A96EE81CC,Kolkata,Keshtopur,9500000,8744726.48,755273.52,7.95,Gradient Boosting
PROP-F199A2484588,Delhi,Sector 35 Rohini,2500000,2652816.81,152816.81,6.11,Gradient Boosting
PROP-4E40A6E12781,Bengaluru,Akshayanagar,26500000,23502368.14,2997631.86,11.31,Gradient Boosting
PROP-608EF4DC87B4,Chennai,Poonamallee,24500000,29880926.84,5380926.84,21.96,Gradient Boosting
PROP-D08A5EDEFD32,Kolkata,Tollygunge,25000000,13218899.97,11781100.03,47.12,Gradient Boosting
PROP-1FB8D6BD160D,Chennai,Madambakkam,3000000,3484207.21,484207.21,16.14,Gradient Boosting
PROP-8A5464BB826A,Pune,Ambegaon Budruk,15000000,15377096.1,377096.1,2.51,Gradient Boosting
PROP-DC411E13B622,Chennai,Choolaimedu,19700000,19024213.27,675786.73,3.43,Gradient Boosting
PROP-B110CDEDE589,Kolkata,Tollygunge,30000000,19377210.6,10622789.4,35.41,Gradient Boosting
PROP-8CE170936004,Pune,Fursungi,3700000,3330039.58,369960.42,10.0,Gradient Boosting
PROP-8A768B15D13A,Kolkata,Malancha Mahi Nagar,8500000,5187524.15,3312475.85,38.97,Gradient Boosting
PROP-61D3FEC6E5AB,Pune,Kondhwa,3200000,2629201.85,570798.15,17.84,Gradient Boosting
PROP-0C7348FE202B,Bengaluru,Jp Nagar,22500000,21663487.95,836512.05,3.72,Gradient Boosting
PROP-304E27B69521,Delhi,Jangpura,4425000,3804444.89,620555.11,14.02,Gradient Boosting
PROP-A7E68362B9E1,Pune,Uruli Kanchan,2700000,2496812.26,203187.74,7.53,Gradient Boosting
PROP-AA8604D84968,Bengaluru,Gattahalli,6000000,6065018.7,65018.7,1.08,Gradient Boosting
PROP-9822EEF82ABC,Kolkata,Behala,17000000,13538161.83,3461838.17,20.36,Gradient Boosting
PROP-DFD6E796FB34,Pune,Mahalunge Ingale,2800000,2753916.87,46083.13,1.65,Gradient Boosting
PROP-E919A969ED24,Bengaluru,Electronic City Phase Ii,7500000,6805469.68,694530.32,9.26,Gradient Boosting
PROP-106BC321EBEB,Kolkata,New Town,1800000,2040774.03,240774.03,13.38,Gradient Boosting
PROP-EE9919856925,Kolkata,Shobhabazar,35000000,37808993.02,2808993.02,8.03,Gradient Boosting
PROP-FB797273D500,Bengaluru,Mathikere,13500000,11954115.81,1545884.19,11.45,Gradient Boosting
PROP-85AD7C219091,Pune,Kashewadi,19000000,19017393.66,17393.66,0.09,Gradient Boosting
PROP-AF6DFD39DE24,Kolkata,Chandpara,2800000,15046404.45,12246404.45,437.37,Gradient Boosting
PROP-EB6490EEF52A,Chennai,Ambattur,5600000,4058926.6,1541073.4,27.52,Gradient Boosting
PROP-170E8E55BC70,Pune,Bopkhel,2700000,2645547.35,54452.65,2.02,Gradient Boosting
PROP-E64408990A61,Bengaluru,Volagerekallahalli,5000000,4221382.52,778617.48,15.57,Gradient Boosting
PROP-F63B0ABC2C11,Bengaluru,Rajajinagar,7500000,6946667.16,553332.84,7.38,Gradient Boosting
PROP-5AB3B76F53DE,Bengaluru,Kambipura,5320000,5078462.8,241537.2,4.54,Gradient Boosting
PROP-B648F5933CA8,Delhi,Bindapur,2550000,2486022.22,63977.78,2.51,Gradient Boosting
PROP-95F5F8A5DECD,Kolkata,Purba Putiary,4200000,5557665.79,1357665.79,32.33,Gradient Boosting
PROP-D7D0F89B13AE,Bengaluru,Subramanyapura,4490000,4319606.16,170393.84,3.79,Gradient Boosting
PROP-EF727F0D4308,Delhi,Kondli,1500000,3390566.35,1890566.35,126.04,Gradient Boosting
PROP-FA8C0436DBDA,Kolkata,Baruipur P,2450000,2642075.49,192075.49,7.84,Gradient Boosting
PROP-7CF1253EFBEE,Kolkata,Barasat,11000000,4908695.39,6091304.61,55.38,Gradient Boosting
PROP-E8E86B079FDA,Kolkata,Ruiya,2600000,2748560.15,148560.15,5.71,Gradient Boosting
PROP-EA5C1B8F0143,Pune,Bavdhan,28000000,29048414.54,1048414.54,3.74,Gradient Boosting
PROP-5595AF735EEB,Delhi,Malviya Nagar,200000000,127723194.08,72276805.92,36.14,Gradient Boosting
PROP-8E8B33778AD0,Kolkata,Harinavi,4500000,6495788.42,1995788.42,44.35,Gradient Boosting
PROP-87E5683FF62B,Chennai,Adambakkam,9631000,7726275.57,1904724.43,19.78,Gradient Boosting
PROP-B1B9153B540D,Kolkata,Hanspukuria,1300000,1675283.39,375283.39,28.87,Gradient Boosting
PROP-1CE982CF9374,Bengaluru,Sahakara Nagar,21100000,18586158.34,2513841.66,11.91,Gradient Boosting
PROP-08020ABAEB5F,Delhi,Mandi,4800000,3575923.54,1224076.46,25.5,Gradient Boosting
PROP-1281D0CC8F2D,Pune,Kharadi,8000000,8293524.17,293524.17,3.67,Gradient Boosting
PROP-D8E85E5F9387,Chennai,Velachery,13000000,9262711.03,3737288.97,28.75,Gradient Boosting
PROP-2A868B10386A,Bengaluru,Anchepalya,5000000,4925014.56,74985.44,1.5,Gradient Boosting
PROP-D13F1E999F2A,Bengaluru,Kambipura,4500000,4318621.38,181378.62,4.03,Gradient Boosting
PROP-198FA6AB72E8,Bengaluru,Iggalur,4000000,4510667.79,510667.79,12.77,Gradient Boosting
PROP-EF09CA4355A3,Kolkata,Shobhabazar,16000000,21817205.12,5817205.12,36.36,Gradient Boosting
PROP-664997DC907D,Bengaluru,Kogilu,16000000,15769864.53,230135.47,1.44,Gradient Boosting
PROP-B36EAA23BE5F,Bengaluru,Kadugodi,6000000,5013671.02,986328.98,16.44,Gradient Boosting
PROP-13B112EC5F8E,Pune,Yewalewadi,2800000,2935450.74,135450.74,4.84,Gradient Boosting
PROP-4E1D7BA11A5B,Pune,Bhugaon,1100000,1149817.67,49817.67,4.53,Gradient Boosting
PROP-313C6CDE9C19,Chennai,Ekkatuthangal,32500000,34214640.28,1714640.28,5.28,Gradient Boosting
PROP-2CEA46066DA3,Kolkata,Hussainpur,50000000,24033312.61,25966687.39,51.93,Gradient Boosting
PROP-AA1F2E9E4803,Delhi,Sector 25 Rohini,6500000,8229840.5,1729840.5,26.61,Gradient Boosting
PROP-E3F96BB1EFFF,Bengaluru,Anagalapura,8500000,7460902.32,1039097.68,12.22,Gradient Boosting
PROP-9ED958E0E47F,Bengaluru,Hennur,19700000,16245668.54,3454331.46,17.53,Gradient Boosting
PROP-F6374C8B0A70,Kolkata,Boral,2100000,2539777.52,439777.52,20.94,Gradient Boosting
PROP-2C9F5256BF79,Bengaluru,Rajajinagar,11000000,13251057.97,2251057.97,20.46,Gradient Boosting
PROP-847E6F96F715,Kolkata,Mahheshtala,5600000,5589029.17,10970.83,0.2,Gradient Boosting
PROP-1BCEA45AC9A8,Kolkata,Malancha Mahi Nagar,2200000,2741480.73,541480.73,24.61,Gradient Boosting
PROP-05DB6BF616BA,Pune,Kondhwa,5700000,5192277.39,507722.61,8.91,Gradient Boosting
PROP-23CA3016CA9F,Pune,Bakori,2500000,2821219.22,321219.22,12.85,Gradient Boosting
PROP-2145BED22369,Bengaluru,Chikkalasandra,2700000,2554071.24,145928.76,5.4,Gradient Boosting
PROP-4EBBB3B7CCDC,Bengaluru,Kothanur,7800000,7184570.29,615429.71,7.89,Gradient Boosting
PROP-E6BC27C0C4ED,Delhi,Sector 12 Dwarka,60500000,59536364.3,963635.7,1.59,Gradient Boosting
PROP-28BDB93AB05C,Kolkata,Mahheshtala,8500000,8052739.66,447260.34,5.26,Gradient Boosting
PROP-E7104E6734F4,Kolkata,Sonarpur,4400000,4094316.07,305683.93,6.95,Gradient Boosting
PROP-BA443155CFB6,Kolkata,Subhasgram,3200000,3665064.65,465064.65,14.53,Gradient Boosting
PROP-23A9AD464CE9,Delhi,Mahavir Enclave,3700000,3314986.31,385013.69,10.41,Gradient Boosting
PROP-6AFD1A14CAC8,Bengaluru,Electronic City Phase Ii,5000000,4392647.12,607352.88,12.15,Gradient Boosting
PROP-DF5E711D6ECF,Pune,Wadegaon,2500000,2807924.34,307924.34,12.32,Gradient Boosting
PROP-63CEAAB317BC,Mumbai,Kandivali West,6700000,7128345.86,428345.86,6.39,Gradient Boosting
PROP-2E5973593398,Pune,Daund,1750000,2086109.3,336109.3,19.21,Gradient Boosting
PROP-4FD4122CB71C,Mumbai,Kandivali West,13000000,14752178.63,1752178.63,13.48,Gradient Boosting
PROP-C53EE29FC18B,Delhi,Hauz Khas,24000000,20041119.55,3958880.45,16.5,Gradient Boosting
PROP-45E74B98F378,Delhi,Burari,2600000,2330118.18,269881.82,10.38,Gradient Boosting
PROP-77DD4E044C4F,Delhi,Hastsal,2800000,3185209.74,385209.74,13.76,Gradient Boosting
PROP-C6F3281B4F7A,Pune,Wadgaon Sheri,1300000,1388841.13,88841.13,6.83,Gradient Boosting
PROP-05CBC5643D66,Mumbai,Virar West,2851000,3384258.99,533258.99,18.7,Gradient Boosting
PROP-D27FE8ED9C9F,Bengaluru,Chikkabidarakallu,7200000,7580836.16,380836.16,5.29,Gradient Boosting
PROP-632C124B793F,Bengaluru,Krishnarajapura,6000000,5962003.37,37996.63,0.63,Gradient Boosting
PROP-00315A001814,Mumbai,Malad East,20500000,21181053.64,681053.64,3.32,Gradient Boosting
PROP-C9366A78D70D,Bengaluru,Kothanur,35000000,31539304.69,3460695.31,9.89,Gradient Boosting
PROP-DC3C2145E1AC,Mumbai,Borivali East,11500000,9942337.85,1557662.15,13.54,Gradient Boosting
PROP-458DEF5FE251,Bengaluru,Hoodi,16000000,13900870.28,2099129.72,13.12,Gradient Boosting
PROP-1D5CF6DD2C38,Bengaluru,Kannuru,11000000,11798903.03,798903.03,7.26,Gradient Boosting
PROP-492625BAD932,Bengaluru,Yemalur,60000000,55559594.07,4440405.93,7.4,Gradient Boosting
PROP-BD07EDEEFD63,Mumbai,Chembur,8920000,8350190.02,569809.98,6.39,Gradient Boosting
PROP-D4AB82AAEDF3,Mumbai,Vasai East,2721000,2874502.86,153502.86,5.64,Gradient Boosting
PROP-AA245635FFD7,Pune,Kondhwa,2000000,1847693.26,152306.74,7.62,Gradient Boosting
PROP-06E01DE1DAB4,Bengaluru,Cheemasandra,5500000,4662394.55,837605.45,15.23,Gradient Boosting
PROP-6F8ADE2DA9CB,Mumbai,Naigaon East,4899000,5494764.93,595764.93,12.16,Gradient Boosting
PROP-C431CBCA17A2,Delhi,Naraina,13200000,11388775.42,1811224.58,13.72,Gradient Boosting
PROP-7EB8B1FF2E3F,Bengaluru,Bannerughatta,13000000,10020591.54,2979408.46,22.92,Gradient Boosting
PROP-B7FEAC547CA7,Bengaluru,Jalahalli West,6800000,7287913.12,487913.12,7.18,Gradient Boosting
PROP-CC915AD77372,Mumbai,Goregaon East,8300000,7013561.76,1286438.24,15.5,Gradient Boosting
PROP-694E59BA790E,Pune,Vadgaon,2000000,2148842.11,148842.11,7.44,Gradient Boosting
PROP-A769840801B9,Delhi,Mandawali,11500000,13867861.99,2367861.99,20.59,Gradient Boosting
PROP-258B93367EED,Delhi,Kalkaji,63000000,68484575.8,5484575.8,8.71,Gradient Boosting
PROP-435F0CDB069E,Mumbai,Bhayandar East,5300000,4667156.98,632843.02,11.94,Gradient Boosting
PROP-3DDB0F55D369,Mumbai,Nalasopara East,7000000,7272428.49,272428.49,3.89,Gradient Boosting
PROP-8B7EA326E510,Hyderabad,Aminpur,5600000,5692130.2,92130.2,1.65,Gradient Boosting
PROP-5741A3F5146F,Hyderabad,Bollaram Industrial Area,7800000,8727366.32,927366.32,11.89,Gradient Boosting
PROP-CFB9AE36EF50,Bengaluru,C V Raman Nagar,3510000,3693468.95,183468.95,5.23,Gradient Boosting
PROP-F3B05B74B0FD,Bengaluru,Rmv Extension Stage 2,23700000,25929178.89,2229178.89,9.41,Gradient Boosting
PROP-BD83B0D4BE9A,Hyderabad,Uppal,10700000,9645518.29,1054481.71,9.85,Gradient Boosting
PROP-A7EC45B2B1D0,Bengaluru,Kasturi Nagar,3800000,5252789.54,1452789.54,38.23,Gradient Boosting
PROP-86508AB54F25,Bengaluru,Seegehalli,8800000,8282925.42,517074.58,5.88,Gradient Boosting
PROP-32AFBDC58406,Hyderabad,Balaji Nagar,8500000,8218547.22,281452.78,3.31,Gradient Boosting
PROP-36628C10D007,Bengaluru,Doddabidrakallu,6500000,7591960.93,1091960.93,16.8,Gradient Boosting
PROP-A6AB8397456D,Bengaluru,Sonnur,7500000,7226009.38,273990.62,3.65,Gradient Boosting
PROP-5C5AFBD86242,Bengaluru,Guddadahalli,1250000,1171970.9,78029.1,6.24,Gradient Boosting
PROP-8F7C8EBD5588,Hyderabad,Bogaram,4900000,5079978.29,179978.29,3.67,Gradient Boosting
PROP-6C2B039E313E,Bengaluru,Maralakunte,3600000,3443186.98,156813.02,4.36,Gradient Boosting
PROP-66441F6436B0,Bengaluru,Hosur Municipality,7000000,7034634.2,34634.2,0.49,Gradient Boosting
PROP-54FB8012675F,Pune,Loni Kalbhor,3200000,3173921.23,26078.77,0.81,Gradient Boosting
PROP-3CBFD4283E7D,Bengaluru,Challaghatta,7500000,8572966.01,1072966.01,14.31,Gradient Boosting
PROP-BF4B025F4EA1,Bengaluru,Btm Layout,4000000,3298227.15,701772.85,17.54,Gradient Boosting
PROP-8E13C5D7545C,Hyderabad,Kondapur,11000000,10308621.23,691378.77,6.29,Gradient Boosting
PROP-5C8299FC38FE,Bengaluru,Horamavu,15000000,15342733.49,342733.49,2.28,Gradient Boosting
PROP-8668B0B45D3A,Delhi,Maharani Bagh,260000000,162673913.1,97326086.9,37.43,Gradient Boosting
PROP-E8F503B5CE48,Hyderabad,Chandanagar,7500000,6039236.58,1460763.42,19.48,Gradient Boosting
PROP-77329B5BA900,Bengaluru,Kamakshipalya,15000000,14708648.9,291351.1,1.94,Gradient Boosting
PROP-4A347E7DA3DC,Delhi,Dera Mandi,3000000,2737902.49,262097.51,8.74,Gradient Boosting
PROP-DC8F580FB026,Delhi,Alaknanda,19900000,14504898.26,5395101.74,27.11,Gradient Boosting
PROP-0878402916DC,Pune,Shukrawar Peth,6500000,6678811.57,178811.57,2.75,Gradient Boosting
PROP-FDECEAA546D1,Mumbai,Powai,23000000,24856876.91,1856876.91,8.07,Gradient Boosting
PROP-6198AC7EC0DF,Bengaluru,Kengeri,900000,902591.04,2591.04,0.29,Gradient Boosting
PROP-AB0BBD0C6D49,Delhi,Vijay Nagar,50000000,44365531.48,5634468.52,11.27,Gradient Boosting
PROP-198A5F0ACE25,Delhi,Budh Vihar,3100000,3633923.56,533923.56,17.22,Gradient Boosting
PROP-EA404F05B3EB,Pune,Narayan Peth,8500000,7250342.36,1249657.64,14.7,Gradient Boosting
PROP-DD30D103F266,Bengaluru,Judicial Layout,30000000,31329948.67,1329948.67,4.43,Gradient Boosting
PROP-542C4186E7F7,Bengaluru,Hampapura,6000000,5896842.33,103157.67,1.72,Gradient Boosting
PROP-4AA728E166E1,Mumbai,Nalasopara West,4400000,4521543.72,121543.72,2.76,Gradient Boosting
PROP-000A21CCBACA,Mumbai,Malad West,27500000,27298544.21,201455.79,0.73,Gradient Boosting
PROP-1764DE938CB2,Mumbai,Malad West,30000000,24870546.17,5129453.83,17.1,Gradient Boosting
PROP-98A488E2F1D0,Delhi,Rajouri Garden,50000000,51086331.62,1086331.62,2.17,Gradient Boosting
PROP-06F40D2EB4E6,Pune,Narhe,35000000,31633293.15,3366706.85,9.62,Gradient Boosting
PROP-29788285818B,Pune,Bhukum,5700000,6439431.0,739431.0,12.97,Gradient Boosting
PROP-5520533EFB2F,Bengaluru,Hongasandra,7399000,6784306.9,614693.1,8.31,Gradient Boosting
PROP-99ACB118B6F4,Bengaluru,Kamanahalli,14500000,14111179.72,388820.28,2.68,Gradient Boosting
PROP-5733CFBDF24B,Bengaluru,Sarjapur,9500000,8516599.41,983400.59,10.35,Gradient Boosting
PROP-7CC5127F69BD,Mumbai,Bhandup West,7200000,7932883.64,732883.64,10.18,Gradient Boosting
PROP-A05C4429A9FC,Pune,Kalewadi,3000000,3240329.11,240329.11,8.01,Gradient Boosting
PROP-D87A0198868C,Mumbai,Goregaon East,8500000,8770692.46,270692.46,3.18,Gradient Boosting
PROP-0BBE63F1E20D,Bengaluru,Kanakapura,8000000,7544953.24,455046.76,5.69,Gradient Boosting
PROP-FAB52FCADBB0,Bengaluru,Attibele,4000000,3800687.28,199312.72,4.98,Gradient Boosting
PROP-F04FDD52F160,Bengaluru,Vidyamanya Nagar,10500000,9693768.13,806231.87,7.68,Gradient Boosting
PROP-B131C8D8000B,Pune,Shivane,1500000,1696356.15,196356.15,13.09,Gradient Boosting
PROP-C84F060AFA00,Bengaluru,Hoskote,5500000,5095999.69,404000.31,7.35,Gradient Boosting
PROP-02FEAC0596D3,Bengaluru,Kamakshipalya,9750000,10497771.62,747771.62,7.67,Gradient Boosting
PROP-FAB7AF2D93BB,Bengaluru,Kengeri,6600000,5682358.78,917641.22,13.9,Gradient Boosting
PROP-55719E10D12B,Bengaluru,Kommaghatta,3000000,2668163.55,331836.45,11.06,Gradient Boosting
PROP-DEB94CB75BE4,Bengaluru,Hsr Layout,7500000,7178722.47,321277.53,4.28,Gradient Boosting
PROP-8359119ED5FD,Pune,Lohegaon,6500000,7149019.13,649019.13,9.98,Gradient Boosting
PROP-CAF935D58B8C,Pune,Bhukum,5500000,6030107.24,530107.24,9.64,Gradient Boosting
PROP-C1327463EF55,Mumbai,Kurla East,13500000,9954894.51,3545105.49,26.26,Gradient Boosting
PROP-6DA81C10D230,Delhi,Patel Nagar,1700000,1577350.67,122649.33,7.21,Gradient Boosting
PROP-0D5ED96E5341,Mumbai,Jogeshwari East,37500000,36047481.88,1452518.12,3.87,Gradient Boosting
PROP-22CD5738FB0E,Mumbai,Girgaon,40000000,40355460.82,355460.82,0.89,Gradient Boosting
PROP-5E7006C6DE42,Pune,Dhayari,1100000,1132917.86,32917.86,2.99,Gradient Boosting
PROP-A5328FBFC753,Mumbai,Virar East,5800000,4464559.93,1335440.07,23.02,Gradient Boosting
PROP-43BC8D20B7B7,Mumbai,Kurla West,14000000,12911064.84,1088935.16,7.78,Gradient Boosting
PROP-5A56AA8A08FA,Bengaluru,Sahakara Nagar,9500000,9577657.15,77657.15,0.82,Gradient Boosting
PROP-BD90C11DB865,Bengaluru,Nelamangala,4000000,4077609.46,77609.46,1.94,Gradient Boosting
PROP-9398CC3312AD,Delhi,Sadar Bazaar,11000000,7530070.54,3469929.46,31.54,Gradient Boosting
PROP-E54C4CC4143D,Mumbai,Malad East,15000000,14089989.89,910010.11,6.07,Gradient Boosting
PROP-9C3EEB35B420,Delhi,Adarsh Nagar,25000000,21672134.82,3327865.18,13.31,Gradient Boosting
PROP-359EEE86227E,Mumbai,Andheri West,21000000,18429504.5,2570495.5,12.24,Gradient Boosting
PROP-E4876A9CAC1C,Mumbai,Malad East,20000000,19931366.3,68633.7,0.34,Gradient Boosting
PROP-880C6F34B0DF,Bengaluru,Nandini Layout,13000000,11028666.97,1971333.03,15.16,Gradient Boosting
PROP-3D3EC1625601,Mumbai,Malad West,8100000,7179861.53,920138.47,11.36,Gradient Boosting
PROP-6112D1781924,Bengaluru,Thirumalashettyhally,55000000,58700880.33,3700880.33,6.73,Gradient Boosting
PROP-41829DBEA606,Mumbai,Kandivali West,9000000,9009306.15,9306.15,0.1,Gradient Boosting
PROP-53D84ADB72F7,Mumbai,Kurla West,6500000,6560859.36,60859.36,0.94,Gradient Boosting
PROP-9E7BCF04EDE8,Mumbai,Powai,10500000,11274726.41,774726.41,7.38,Gradient Boosting
PROP-F3D1D603A062,Mumbai,Powai,10500000,10013198.93,486801.07,4.64,Gradient Boosting
PROP-CFFF3032E4E0,Bengaluru,Mattanahalli,8500000,8138823.44,361176.56,4.25,Gradient Boosting
PROP-C89C11D63D80,Mumbai,Dahisar East,10100000,12054817.84,1954817.84,19.35,Gradient Boosting
PROP-5215FFD550FF,Mumbai,Nalasopara West,3000000,2895034.7,104965.3,3.5,Gradient Boosting
PROP-CB420390021B,Mumbai,Virar West,3450000,3317129.99,132870.01,3.85,Gradient Boosting
PROP-031F58899CBC,Mumbai,Kandivali West,11000000,11780266.61,780266.61,7.09,Gradient Boosting
PROP-54656E0D0768,Mumbai,Bandra East,14000000,18010495.31,4010495.31,28.65,Gradient Boosting
PROP-DE77DDEF494D,Mumbai,Vasai East,4500000,4488597.47,11402.53,0.25,Gradient Boosting
PROP-654778C330CB,Pune,Ambegaon Pathar,1900000,1987246.74,87246.74,4.59,Gradient Boosting
PROP-F6766D1B8C97,Bengaluru,Hoskote,4700000,4449680.52,250319.48,5.33,Gradient Boosting
PROP-B18EC98533BC,Mumbai,Nalasopara West,3500000,3735717.13,235717.13,6.73,Gradient Boosting
PROP-19775ADE39A1,Mumbai,Virar West,5500000,5010093.55,489906.45,8.91,Gradient Boosting
PROP-3723387937B4,Delhi,Sadar Bazaar,3000000,2525089.36,474910.64,15.83,Gradient Boosting
PROP-7A46654D7F84,Bengaluru,Krishnarajapura,16500000,15568005.59,931994.41,5.65,Gradient Boosting
PROP-AFE4909FB450,Pune,Talegaon Dhamdhere,1500000,1500301.7,301.7,0.02,Gradient Boosting
PROP-777EB36E045C,Bengaluru,Subramanyapura,9500000,7694353.32,1805646.68,19.01,Gradient Boosting
PROP-B9F84526912F,Mumbai,Parel,52500000,52718881.4,218881.4,0.42,Gradient Boosting
PROP-8E87C2F71D48,Hyderabad,Pocharam,9350000,13052703.74,3702703.74,39.6,Gradient Boosting
PROP-C81C482E8DBA,Delhi,Aya Nagar,4500000,4536761.7,36761.7,0.82,Gradient Boosting
PROP-57B08CFE88BF,Hyderabad,Ramachandra Puram,10500000,6570369.19,3929630.81,37.43,Gradient Boosting
PROP-B96700D95328,Delhi,Laxmi Nagar,26000000,26602560.16,602560.16,2.32,Gradient Boosting
PROP-69C631F7658B,Delhi,Sector 3 Rohini,12500000,11831275.29,668724.71,5.35,Gradient Boosting
PROP-8B3DAFCCCF56,Bengaluru,Cholur Palya,6500000,4417301.31,2082698.69,32.04,Gradient Boosting
PROP-885DE6F1103B,Bengaluru,Kadugondanahalli,14000000,9159449.66,4840550.34,34.58,Gradient Boosting
PROP-99AAA93BAC68,Bengaluru,Kanakapura,3400000,3846209.41,446209.41,13.12,Gradient Boosting
PROP-0FCBDB85439A,Bengaluru,Bommasandra,400000,500236.35,100236.35,25.06,Gradient Boosting
PROP-03E134651F84,Delhi,Dera Mandi,3300000,3496034.5,196034.5,5.94,Gradient Boosting
PROP-9C5226730386,Bengaluru,Jigani,12000000,10838095.48,1161904.52,9.68,Gradient Boosting
PROP-505B7131981D,Bengaluru,Gowribidnur,7500000,6522054.86,977945.14,13.04,Gradient Boosting
PROP-081DE3F3917C,Bengaluru,Domlur Layout,12500000,11359860.9,1140139.1,9.12,Gradient Boosting
PROP-2D3594EF8801,Bengaluru,Magadi,13500000,13952032.55,452032.55,3.35,Gradient Boosting
PROP-4114CA9A0691,Bengaluru,Cox Town,38400000,38750377.79,350377.79,0.91,Gradient Boosting
PROP-A8211BC89FFB,Bengaluru,Frazer Town,16000000,13455439.61,2544560.39,15.9,Gradient Boosting
PROP-34ACBE650F65,Bengaluru,Jeevanbheemanagar,27500000,25908018.11,1591981.89,5.79,Gradient Boosting
PROP-250622635EFD,Delhi,Palam,5000000,4315919.12,684080.88,13.68,Gradient Boosting
PROP-9B2DA08A0EF3,Delhi,Sagar Pur,15000000,15553321.99,553321.99,3.69,Gradient Boosting
PROP-C8482B6CCA65,Bengaluru,Neelasandra,1800000,1433961.0,366039.0,20.34,Gradient Boosting
PROP-531A18AFA92B,Bengaluru,Banashankari,13800000,12122803.7,1677196.3,12.15,Gradient Boosting
PROP-273A16A98588,Bengaluru,Basavanapura,5500000,5183027.89,316972.11,5.76,Gradient Boosting
PROP-2CCA33A58C7F,Delhi,Dwarka Mor,4500000,4073058.93,426941.07,9.49,Gradient Boosting
PROP-B75D4C6DF44D,Bengaluru,Vidyaranyapura,2300000,2347996.46,47996.46,2.09,Gradient Boosting
PROP-B63FADCB1C55,Bengaluru,Kada Agrahara,8600000,7871942.48,728057.52,8.47,Gradient Boosting
PROP-C115B99019DD,Bengaluru,Mallathahalli,12500000,13785726.24,1285726.24,10.29,Gradient Boosting
PROP-BB715B7CF235,Bengaluru,Challaghatta,10500000,11661389.73,1161389.73,11.06,Gradient Boosting
PROP-04EB49338F82,Bengaluru,Srirampuram,15000000,15187769.09,187769.09,1.25,Gradient Boosting
PROP-64121B519FBB,Bengaluru,Nayandahalli,9000000,11174125.22,2174125.22,24.16,Gradient Boosting
PROP-5675C6F5CB48,Bengaluru,Kengeri,16300000,16319590.47,19590.47,0.12,Gradient Boosting
PROP-4D29EB61DFBC,Bengaluru,Jp Nagar,6500000,5583105.51,916894.49,14.11,Gradient Boosting
PROP-452399C4625D,Bengaluru,Gottigere,9300000,11526735.69,2226735.69,23.94,Gradient Boosting
PROP-4AA78A633340,Bengaluru,Kaval Bairasandra,19800000,19941094.2,141094.2,0.71,Gradient Boosting
PROP-AED06F2C349F,Bengaluru,Anjanapura Township,5200000,5948579.8,748579.8,14.4,Gradient Boosting
PROP-90B02A1B85ED,Bengaluru,Kamakshipalya,7850000,8403699.1,553699.1,7.05,Gradient Boosting
PROP-5AC58C83FC11,Delhi,Kalkaji,16500000,17009942.58,509942.58,3.09,Gradient Boosting
PROP-A17023DDEB11,Bengaluru,Andrahalli,5950000,6260053.46,310053.46,5.21,Gradient Boosting
PROP-1D94B991C82D,Bengaluru,Whitefield,4850000,5089596.57,239596.57,4.94,Gradient Boosting
PROP-F444C790B2ED,Delhi,Pitampura,200000000,116216948.1,83783051.9,41.89,Gradient Boosting
PROP-85BD8779A415,Bengaluru,Bannerughatta,9500000,8688685.4,811314.6,8.54,Gradient Boosting
PROP-1154DFEF5233,Bengaluru,Whitefield,4700000,4592478.25,107521.75,2.29,Gradient Boosting
PROP-60597F756F3F,Bengaluru,Marasandra,6500000,6120205.61,379794.39,5.84,Gradient Boosting
PROP-6059FA9320CF,Bengaluru,Btm Layout,8600000,10027328.54,1427328.54,16.6,Gradient Boosting
PROP-9C4437EC6F29,Bengaluru,Jayanagar,46500000,37186513.42,9313486.58,20.03,Gradient Boosting
PROP-3BC45615E83D,Bengaluru,Doddakammanahalli,6200000,6128912.81,71087.19,1.15,Gradient Boosting
PROP-A6D458E69668,Bengaluru,Malur,2700000,2027090.2,672909.8,24.92,Gradient Boosting
PROP-1140570945C8,Delhi,Bindapur,9000000,8688248.76,311751.24,3.46,Gradient Boosting
PROP-E7F42158E430,Bengaluru,Budigere Cross,9900000,9696038.82,203961.18,2.06,Gradient Boosting
PROP-710A96DF2414,Delhi,Punjabi Bagh,82500000,84697918.78,2197918.78,2.66,Gradient Boosting
PROP-3C891A383435,Bengaluru,Shanti Nagar,54000000,48701392.88,5298607.12,9.81,Gradient Boosting
PROP-7720992658C3,Bengaluru,Ramamurthy Nagar,18000000,19221322.13,1221322.13,6.79,Gradient Boosting
PROP-65F887088827,Bengaluru,Kengeri Satellite Town,8700000,8819736.19,119736.19,1.38,Gradient Boosting
PROP-B8E3BACB5623,Bengaluru,Banashankari,9500000,9403139.3,96860.7,1.02,Gradient Boosting
PROP-8D94977A6E67,Bengaluru,Hsr Layout,43000000,41519653.13,1480346.87,3.44,Gradient Boosting
PROP-8981BD3C3AC3,Bengaluru,Banaswadi,15000000,13319869.06,1680130.94,11.2,Gradient Boosting
PROP-D6687863770C,Bengaluru,Thotada Guddadhalli Village,9000000,9827497.92,827497.92,9.19,Gradient Boosting
PROP-6BC4EFC1CFCC,Bengaluru,Kengeri Satellite Town,10700000,13261097.03,2561097.03,23.94,Gradient Boosting
PROP-271799439634,Bengaluru,Doddaballapura,9900000,11969801.61,2069801.61,20.91,Gradient Boosting
PROP-59674F3EE6A7,Bengaluru,Arakere,17000000,15996734.08,1003265.92,5.9,Gradient Boosting
PROP-367B51021F39,Delhi,Sector 22 Dwarka,11000000,9443069.07,1556930.93,14.15,Gradient Boosting
PROP-E431893D0ABC,Delhi,Dlf Farms,4600000,2854154.32,1745845.68,37.95,Gradient Boosting
PROP-7E0764BCF2E9,Delhi,Wazirabad,2500000,2579780.59,79780.59,3.19,Gradient Boosting
PROP-46CDEB43B6B3,Bengaluru,Thotada Guddadhalli Village,7500000,7250407.63,249592.37,3.33,Gradient Boosting
PROP-B7F82B9FB7AD,Bengaluru,Nagavara,11500000,16602450.85,5102450.85,44.37,Gradient Boosting
PROP-F765AB932409,Bengaluru,Anekal,2600000,2353339.95,246660.05,9.49,Gradient Boosting
PROP-441B387065E7,Bengaluru,Jnana Ganga Nagar,6500000,6356919.63,143080.37,2.2,Gradient Boosting
PROP-5514AFF20F84,Bengaluru,Whitefield,14500000,11887187.34,2612812.66,18.02,Gradient Boosting
PROP-0099544FD492,Hyderabad,Bachupally,5000000,5761624.96,761624.96,15.23,Gradient Boosting
PROP-2CEADC40C816,Bengaluru,Kumaraswamy Layout,4900000,5074939.64,174939.64,3.57,Gradient Boosting
PROP-C4954646E9F2,Hyderabad,Attapur,6200000,5850252.19,349747.81,5.64,Gradient Boosting
PROP-C5B6591960BE,Bengaluru,Krishnarajapura,5000000,4771197.67,228802.33,4.58,Gradient Boosting
PROP-D1BCB7A6C695,Hyderabad,Vanasthalipuram,5500000,6178610.78,678610.78,12.34,Gradient Boosting
PROP-4B9A249BE6FA,Hyderabad,Osman Nagar,12300000,14480818.18,2180818.18,17.73,Gradient Boosting
PROP-672D2C411426,Hyderabad,Nallagandla,8500000,9880856.2,1380856.2,16.25,Gradient Boosting
PROP-D415B9EED88E,Hyderabad,Kukatpally,17800000,12151697.97,5648302.03,31.73,Gradient Boosting
PROP-C17CCC6D8E5F,Bengaluru,Udayagiri,5700000,5802750.75,102750.75,1.8,Gradient Boosting
PROP-BE10A4594A2B,Hyderabad,Himayathsagar,14000000,12636907.29,1363092.71,9.74,Gradient Boosting
PROP-829D51DDD9AE,Bengaluru,Hsr Layout,6300000,6659413.82,359413.82,5.7,Gradient Boosting
PROP-27F3E7B2B41A,Hyderabad,Nanakaramguda,9100000,7011725.95,2088274.05,22.95,Gradient Boosting
PROP-E7C2E49BFCA9,Bengaluru,Bommanahalli,6600000,5909327.0,690673.0,10.46,Gradient Boosting
PROP-801B9737ACE8,Delhi,Chhattarpur,7500000,7425031.31,74968.69,1.0,Gradient Boosting
PROP-84D2C6E84C23,Hyderabad,Kokapet,18400000,18523962.79,123962.79,0.67,Gradient Boosting
PROP-2275D32103F7,Bengaluru,Shivaji Nagar,18500000,15237692.05,3262307.95,17.63,Gradient Boosting
PROP-5E0381B65097,Delhi,Mahavir Enclave,4800000,4492447.21,307552.79,6.41,Gradient Boosting
PROP-48239E9554E9,Bengaluru,Krishnarajapura,5000000,4894778.92,105221.08,2.1,Gradient Boosting
PROP-A0A4C6D15B69,Bengaluru,Mallathahalli,6000000,6849915.02,849915.02,14.17,Gradient Boosting
PROP-D6B46557AE5D,Hyderabad,Madeenaguda,7900000,7778046.01,121953.99,1.54,Gradient Boosting
PROP-4CBC0D280E81,Delhi,Sector 14 Dwarka,6000000,6086783.44,86783.44,1.45,Gradient Boosting
PROP-E17A41D91144,Hyderabad,Kokapet,15000000,14962908.08,37091.92,0.25,Gradient Boosting
PROP-C7B4D553BDA3,Pune,Kalewadi,8000000,7014922.27,985077.73,12.31,Gradient Boosting
PROP-0A7AA3C4817D,Delhi,Shakarpur Khas,13700000,13930868.98,230868.98,1.69,Gradient Boosting
PROP-B322CA0F2F56,Hyderabad,Kukatpally,15000000,8785035.37,6214964.63,41.43,Gradient Boosting
PROP-5D320F7FBB15,Delhi,Wazirabad,3000000,3302174.73,302174.73,10.07,Gradient Boosting
PROP-92CC5FCC0984,Hyderabad,Aminpur,12000000,10010492.38,1989507.62,16.58,Gradient Boosting
PROP-4636FB1CCEB1,Bengaluru,Kudlu Gate,6100000,5271928.54,828071.46,13.57,Gradient Boosting
PROP-1C1698312C8D,Bengaluru,Jalahalli West,7500000,7114848.29,385151.71,5.14,Gradient Boosting
PROP-92CAED17B68C,Bengaluru,Jp Nagar,12500000,11277036.36,1222963.64,9.78,Gradient Boosting
PROP-49C306D17CF4,Delhi,Naraina,12500000,10036079.4,2463920.6,19.71,Gradient Boosting
PROP-1D28ADD72F9B,Hyderabad,Shaikpet,18200000,14668112.72,3531887.28,19.41,Gradient Boosting
PROP-8DA9CBB65E93,Delhi,Uttam Nagar,3200000,3697827.18,497827.18,15.56,Gradient Boosting
PROP-30630E02ABBF,Delhi,Mayur Vihar Phase 1,32500000,31740998.58,759001.42,2.34,Gradient Boosting
PROP-58FC2FB34F2A,Bengaluru,Bommanahalli,1800000,1608728.16,191271.84,10.63,Gradient Boosting
PROP-42B6F4146A57,Delhi,Hastsal,2500000,2635902.49,135902.49,5.44,Gradient Boosting
PROP-11AF8E156BD9,Bengaluru,Horamavu,4800000,4894403.02,94403.02,1.97,Gradient Boosting
PROP-25DF2A6FDC38,Bengaluru,Chikbanavara,7000000,6454425.89,545574.11,7.79,Gradient Boosting
PROP-158809CFCE3B,Delhi,Sector 25 Rohini,9500000,9949775.77,449775.77,4.73,Gradient Boosting
PROP-2F7A0FB9F380,Bengaluru,Medahalli,8500000,8229381.61,270618.39,3.18,Gradient Boosting
PROP-E88674DE1DEE,Bengaluru,Rmv Extension Stage 2,44100000,40920597.58,3179402.42,7.21,Gradient Boosting
PROP-70992F35B99D,Bengaluru,Hongasandra,10000000,10475268.56,475268.56,4.75,Gradient Boosting
PROP-23765AECBE7F,Bengaluru,Bylakere,4000000,4351661.32,351661.32,8.79,Gradient Boosting
PROP-ADC63251681D,Hyderabad,Turkayamjal,5900000,4580544.35,1319455.65,22.36,Gradient Boosting
PROP-F20F61B28770,Bengaluru,Kalyan Nagar,16000000,14808966.4,1191033.6,7.44,Gradient Boosting
PROP-72D69EEF4D88,Hyderabad,Patancheru,12700000,19727132.0,7027132.0,55.33,Gradient Boosting
PROP-4C290BE30EDE,Delhi,Preet Vihar,2500000,2437993.05,62006.95,2.48,Gradient Boosting
PROP-C3677CA22876,Bengaluru,Whitefield,8500000,8729778.03,229778.03,2.7,Gradient Boosting
PROP-28B48F87AB5A,Delhi,Aya Nagar,3200000,3028348.07,171651.93,5.36,Gradient Boosting
PROP-040F2CAA3C2F,Hyderabad,Old Malakpet,33000000,15922384.38,17077615.62,51.75,Gradient Boosting
PROP-88ACB6B53E2B,Delhi,Patel Nagar,5500000,5601541.67,101541.67,1.85,Gradient Boosting
PROP-CC0F0A77AD6E,Hyderabad,Upparpally,5500000,5408049.95,91950.05,1.67,Gradient Boosting
PROP-F7BD9D22747D,Bengaluru,Kasturi Nagar,26500000,30337097.88,3837097.88,14.48,Gradient Boosting
PROP-8F2195DE60CB,Hyderabad,Krishna Reddy Pet,9600000,6476150.59,3123849.41,32.54,Gradient Boosting
PROP-BF421BA4E522,Bengaluru,Harlur,7400000,8520699.53,1120699.53,15.14,Gradient Boosting
PROP-80CF2D62D63E,Bengaluru,Hbr Layout,5640000,5485196.19,154803.81,2.74,Gradient Boosting
PROP-1B522F7E5485,Bengaluru,Jalahalli West,4500000,5064113.33,564113.33,12.54,Gradient Boosting
PROP-42ACF433F33D,Delhi,Shahdara,23000000,23510765.32,510765.32,2.22,Gradient Boosting
PROP-D39BFC6250A3,Delhi,Burari,3800000,4191814.4,391814.4,10.31,Gradient Boosting
PROP-362C055DF818,Bengaluru,C V Raman Nagar,5000000,5215498.89,215498.89,4.31,Gradient Boosting
PROP-702747152B1F,Bengaluru,Jnana Ganga Nagar,5000000,4861389.63,138610.37,2.77,Gradient Boosting
PROP-7F913584DC9B,Pune,Kolhewadi,26000000,25301091.98,698908.02,2.69,Gradient Boosting
PROP-43514EBC7DE6,Pune,Anand Nagar,1455000,1477530.21,22530.21,1.55,Gradient Boosting
PROP-0D651ACE432F,Bengaluru,Rr Nagar,28500000,30080646.63,1580646.63,5.55,Gradient Boosting
PROP-653ACD2A7B93,Mumbai,Malad West,18000000,16871942.25,1128057.75,6.27,Gradient Boosting
PROP-66D2A6B1C158,Bengaluru,Mathikere,28000000,23848009.02,4151990.98,14.83,Gradient Boosting
PROP-A313D0C798E6,Bengaluru,Hebbal,65000000,65964402.31,964402.31,1.48,Gradient Boosting
PROP-33BBBB5FDD68,Bengaluru,Krishnarajapura,39000000,34833036.97,4166963.03,10.68,Gradient Boosting
PROP-245995EFBD96,Mumbai,Nalasopara West,2200000,2885938.23,685938.23,31.18,Gradient Boosting
PROP-27513331589D,Bengaluru,Nayandahalli,19000000,24927198.96,5927198.96,31.2,Gradient Boosting
PROP-D699F610C92F,Delhi,Sector 16B Dwarka,8700000,8019421.3,680578.7,7.82,Gradient Boosting
PROP-FA67C68A2211,Mumbai,Kandivali West,56500000,56000847.52,499152.48,0.88,Gradient Boosting
PROP-D1DCB1518C62,Mumbai,Ghatkopar West,7500000,8129439.51,629439.51,8.39,Gradient Boosting
PROP-6B7AD432C313,Delhi,Mayur Vihar Phase 3,6000000,4869119.22,1130880.78,18.85,Gradient Boosting
PROP-C85DA3A4E545,Mumbai,Malad West,2600000,2373916.04,226083.96,8.7,Gradient Boosting
PROP-9538B771B9C6,Bengaluru,Cottonpet,7000000,6811638.86,188361.14,2.69,Gradient Boosting
PROP-5D29BB782C49,Bengaluru,Bannerughatta,3000000,2503506.18,496493.82,16.55,Gradient Boosting
PROP-0541E582C149,Bengaluru,Chikbanavara,10000000,10356328.39,356328.39,3.56,Gradient Boosting
PROP-57D1A0FAAF44,Bengaluru,Budigere,3100000,3271171.58,171171.58,5.52,Gradient Boosting
PROP-B02A3835F65E,Bengaluru,Hoskote,25000000,26568529.92,1568529.92,6.27,Gradient Boosting
PROP-BE30581D4180,Bengaluru,Seshagiripura,30000000,23924186.69,6075813.31,20.25,Gradient Boosting
PROP-97E03B22378B,Bengaluru,Kempegowda Nagar,42500000,44624095.41,2124095.41,5.0,Gradient Boosting
PROP-96F775C3C338,Mumbai,Chinchpokli,35000000,48694869.25,13694869.25,39.13,Gradient Boosting
PROP-73B0EE584383,Mumbai,Vile Parle East,7000000,7942123.35,942123.35,13.46,Gradient Boosting
PROP-448D7A75396D,Pune,Katraj,17500000,15404803.67,2095196.33,11.97,Gradient Boosting
PROP-62975BD8B3BB,Mumbai,Nalasopara West,2700000,2818343.74,118343.74,4.38,Gradient Boosting
PROP-CC5FCD3CFB5E,Bengaluru,Basapura,7000000,7434687.15,434687.15,6.21,Gradient Boosting
PROP-694B095BB6B3,Bengaluru,Hampapura,8500000,9829976.44,1329976.44,15.65,Gradient Boosting
PROP-C0D5A1ECE97E,Pune,Saswad,2000000,1839034.13,160965.87,8.05,Gradient Boosting
PROP-49D4AA27222E,Bengaluru,Electronic City Phase Ii,13000000,11637749.94,1362250.06,10.48,Gradient Boosting
PROP-4C47E1A46710,Pune,Nighoje,2500000,2025802.26,474197.74,18.97,Gradient Boosting
PROP-B2BE70A659C0,Bengaluru,Jagajeevanram Nagar,7000000,5668524.87,1331475.13,19.02,Gradient Boosting
PROP-273866F1255A,Delhi,Ashok Vihar,18000000,18354708.14,354708.14,1.97,Gradient Boosting
PROP-C7E7CCC0BCC8,Mumbai,Gorai,6800000,6367550.15,432449.85,6.36,Gradient Boosting
PROP-1F3E1C0C00E2,Bengaluru,Gulakamale,8000000,8507936.33,507936.33,6.35,Gradient Boosting
PROP-FF0FEE382E36,Mumbai,Andheri West,20000000,16486695.45,3513304.55,17.57,Gradient Boosting
PROP-8F9A151DB3AA,Bengaluru,Ramamurthy Nagar,55000000,57097221.88,2097221.88,3.81,Gradient Boosting
PROP-52E8921D87C9,Mumbai,Goregaon East,3900000,3609549.71,290450.29,7.45,Gradient Boosting
PROP-16DC19D7A347,Mumbai,Mulund West,18500000,17790696.84,709303.16,3.83,Gradient Boosting
PROP-DC4869CD2106,Bengaluru,Bannerughatta,11000000,8977793.31,2022206.69,18.38,Gradient Boosting
PROP-EB5EA9664A32,Mumbai,Nalasopara West,3000000,3162699.21,162699.21,5.42,Gradient Boosting
PROP-01C4FDF37767,Mumbai,Ghatkopar West,6000000,6001821.79,1821.79,0.03,Gradient Boosting
PROP-CDB0CCEFD8D7,Bengaluru,Nelamangala,4000000,4655465.54,655465.54,16.39,Gradient Boosting
PROP-2643C7C22F06,Pune,Rajgurunagar,2350000,2209079.62,140920.38,6.0,Gradient Boosting
PROP-9BF2E6D016B8,Bengaluru,Whitefield,47700000,53669517.28,5969517.28,12.51,Gradient Boosting
PROP-0BC7279CC057,Mumbai,Borivali East,38000000,31655194.21,6344805.79,16.7,Gradient Boosting
PROP-752B1032436A,Mumbai,Khar West,25600000,28278064.88,2678064.88,10.46,Gradient Boosting
PROP-C0A638E9292C,Bengaluru,Kengeri Satellite Town,2200000,2297972.31,97972.31,4.45,Gradient Boosting
PROP-7F02FB844401,Mumbai,Mulund West,7000000,7790117.01,790117.01,11.29,Gradient Boosting
PROP-0BBA441CEA2F,Mumbai,Nagpada,14000000,12341420.5,1658579.5,11.85,Gradient Boosting
PROP-87D8F9617640,Mumbai,Bhuleshwar,24000000,26142302.35,2142302.35,8.93,Gradient Boosting
PROP-F9AE26D399E0,Delhi,Shahdara,16000000,14934986.97,1065013.03,6.66,Gradient Boosting
PROP-CD35A675C82A,Mumbai,Umerkhadi,10000000,9621960.15,378039.85,3.78,Gradient Boosting
PROP-4F655C56AD56,Delhi,Kalkaji,14000000,10768859.28,3231140.72,23.08,Gradient Boosting
PROP-4690CB8808CD,Mumbai,Kalbadevi,60000000,67123933.56,7123933.56,11.87,Gradient Boosting
PROP-3178FF53B18D,Bengaluru,Anjanapura Township,8200000,7714371.03,485628.97,5.92,Gradient Boosting
PROP-59E1590973CA,Bengaluru,Bellandur,10500000,9504720.26,995279.74,9.48,Gradient Boosting
PROP-25DC8F4C8877,Bengaluru,Kempapura Agrahara,14500000,15042301.12,542301.12,3.74,Gradient Boosting
PROP-4265812D2CC5,Mumbai,Mankhurd,14000000,11978123.07,2021876.93,14.44,Gradient Boosting
PROP-A8C8F1A3E704,Mumbai,Mira Road East,1500000,2084663.55,584663.55,38.98,Gradient Boosting
PROP-76C80522386B,Bengaluru,Bannerughatta,1800000,1249904.51,550095.49,30.56,Gradient Boosting
PROP-CAC8EE55D7D0,Mumbai,Bhandup West,4200000,3864270.91,335729.09,7.99,Gradient Boosting
PROP-01258CD888CC,Mumbai,Mazgaon,6300000,6388268.94,88268.94,1.4,Gradient Boosting
PROP-8AA1B32DE8F9,Mumbai,Naigaon East,4800000,5033296.51,233296.51,4.86,Gradient Boosting
PROP-64EBE0D11F87,Mumbai,Ghatkopar West,14500000,13373208.14,1126791.86,7.77,Gradient Boosting
PROP-4F2F4998F8D1,Mumbai,Dahisar West,6700000,5754426.11,945573.89,14.11,Gradient Boosting
PROP-C31A25C746A6,Bengaluru,Kyalasanahalli,4500000,3653841.23,846158.77,18.8,Gradient Boosting
PROP-0C63733F9348,Mumbai,Bhayandar East,2500000,2521750.72,21750.72,0.87,Gradient Boosting
PROP-F5AFD4D63F8C,Mumbai,Dadar East,17500000,13746158.08,3753841.92,21.45,Gradient Boosting
PROP-F44A47B3ECBB,Bengaluru,Brookefield,52500000,59052748.62,6552748.62,12.48,Gradient Boosting
PROP-B4228A0769D7,Delhi,Nangloi,6000000,6154747.62,154747.62,2.58,Gradient Boosting
PROP-79B1A052F560,Pune,Shewalewadi,2200000,3195530.1,995530.1,45.25,Gradient Boosting
PROP-A04FEA772CC4,Pune,Bopkhel,2899000,3303742.14,404742.14,13.96,Gradient Boosting
PROP-C1EFFC79C205,Bengaluru,Balagere,7500000,7543550.96,43550.96,0.58,Gradient Boosting
PROP-2B4958354D57,Bengaluru,Gunjur,12400000,11420379.12,979620.88,7.9,Gradient Boosting
PROP-20C9EDDDA6FE,Bengaluru,Hoskote,3680000,3504322.3,175677.7,4.77,Gradient Boosting
PROP-95870F273A92,Pune,Kamshet,4000000,4877343.25,877343.25,21.93,Gradient Boosting
PROP-D8C23C4EFDE9,Delhi,Shakarpur Khas,26000000,25856768.19,143231.81,0.55,Gradient Boosting
PROP-B999535437ED,Pune,Talegaon Dhamdhere,1900000,1660243.14,239756.86,12.62,Gradient Boosting
PROP-946358F6A04B,Mumbai,Borivali West,9500000,10002483.01,502483.01,5.29,Gradient Boosting
PROP-E26DC4AC4AFE,Bengaluru,Haralur,6400000,6483004.93,83004.93,1.3,Gradient Boosting
PROP-13E2244B57E3,Mumbai,Andheri East,14500000,15001764.87,501764.87,3.46,Gradient Boosting
PROP-CA30440DF9D9,Mumbai,Goregaon East,4400000,4598595.65,198595.65,4.51,Gradient Boosting
PROP-24D578A46172,Pune,Ambegaon,17000000,19143889.76,2143889.76,12.61,Gradient Boosting
PROP-11BE42196D8E,Mumbai,Malad West,16000000,14865436.3,1134563.7,7.09,Gradient Boosting
PROP-7233ADCA8D29,Bengaluru,Nagarbhavi,9000000,9903720.65,903720.65,10.04,Gradient Boosting
PROP-3296E4666488,Delhi,Sector 22 Dwarka,39700000,33665303.79,6034696.21,15.2,Gradient Boosting
PROP-3205D5117BDA,Mumbai,Virar East,4000000,3219461.7,780538.3,19.51,Gradient Boosting
PROP-89E16BE9354D,Mumbai,Andheri East,15000000,14784136.43,215863.57,1.44,Gradient Boosting
PROP-3745200C549A,Mumbai,Bhayandar West,8400000,8409023.14,9023.14,0.11,Gradient Boosting
PROP-FC7DF5049E71,Bengaluru,Bendiganahalli,5999000,5762644.36,236355.64,3.94,Gradient Boosting
PROP-63B7C3FD0FDD,Delhi,Gtb Nagar,75000000,66475462.54,8524537.46,11.37,Gradient Boosting
PROP-362F24924F35,Bengaluru,Vidyamanya Nagar,10000000,10484707.5,484707.5,4.85,Gradient Boosting
PROP-97834262F186,Chennai,Thalambur,5000000,5325864.77,325864.77,6.52,Gradient Boosting
PROP-B766E5993D9C,Pune,Pimple Nilakh,25000000,25206887.99,206887.99,0.83,Gradient Boosting
PROP-AFDD620B6095,Pune,Wanowrie,39000000,40184210.28,1184210.28,3.04,Gradient Boosting
PROP-DA31F830F91F,Bengaluru,Ramamurthy Nagar,11000000,10577910.57,422089.43,3.84,Gradient Boosting
PROP-429E0E1CA712,Hyderabad,Medchal,3279000,5126718.17,1847718.17,56.35,Gradient Boosting
PROP-99D43A4930DF,Chennai,Kumananchavadi,6500000,3879816.48,2620183.52,40.31,Gradient Boosting
PROP-4F610207525A,Chennai,Pazhavanthangal,5900000,4919710.4,980289.6,16.62,Gradient Boosting
PROP-40E4D60ADADF,Pune,Varale,2500000,2795342.69,295342.69,11.81,Gradient Boosting
PROP-788137F6AC7F,Pune,Handewadi,8000000,8138305.69,138305.69,1.73,Gradient Boosting
PROP-769C05211808,Bengaluru,Electronic City Phase Ii,14000000,12370562.02,1629437.98,11.64,Gradient Boosting
PROP-3E02D030B25B,Chennai,Sholinganallur,1900000,3716624.04,1816624.04,95.61,Gradient Boosting
PROP-7F4E18125D11,Bengaluru,Btm Layout,37500000,34348569.84,3151430.16,8.4,Gradient Boosting
PROP-15F7FFAEAF3F,Bengaluru,Frazer Town,13000000,13348860.13,348860.13,2.68,Gradient Boosting
PROP-00E7989E006F,Chennai,Aminjikarai,14400000,6267431.9,8132568.1,56.48,Gradient Boosting
PROP-0CD99260AC4A,Kolkata,Behala Chowrasta,2200000,2310013.31,110013.31,5.0,Gradient Boosting
PROP-4895B1F5D299,Pune,Wagholi,4600000,5097681.04,497681.04,10.82,Gradient Boosting
PROP-5D18B35844D0,Chennai,Jafferkhanpet,11500000,8939356.98,2560643.02,22.27,Gradient Boosting
PROP-05161F834158,Pune,Fursungi,2600000,2558047.91,41952.09,1.61,Gradient Boosting
PROP-DFEE06420DCB,Pune,Wagholi,4500000,4551039.85,51039.85,1.13,Gradient Boosting
PROP-4533C32A538C,Bengaluru,Nayandahalli,19000000,25865514.91,6865514.91,36.13,Gradient Boosting
PROP-7963A9BB37DF,Pune,Bibwewadi,2000000,1795263.06,204736.94,10.24,Gradient Boosting
PROP-586FBEE9CB32,Bengaluru,Mallathahalli,1300000,1499207.09,199207.09,15.32,Gradient Boosting
PROP-17D5FD1A5980,Delhi,Rajinder Nagar,40000000,44446277.58,4446277.58,11.12,Gradient Boosting
PROP-EE3776062233,Chennai,Ekkatuthangal,32000000,102612575.75,70612575.75,220.66,Gradient Boosting
PROP-D7EA82297F6E,Pune,Chikhali,8500000,8932394.3,432394.3,5.09,Gradient Boosting
PROP-C0EC4B1D96FE,Bengaluru,Vijayanagar,12500000,12094321.64,405678.36,3.25,Gradient Boosting
PROP-DE9DA28714AF,Chennai,Chromepet,3200000,2687023.86,512976.14,16.03,Gradient Boosting
PROP-7C42082F905C,Kolkata,Barrackpore,1200000,1548459.9,348459.9,29.04,Gradient Boosting
PROP-315FDB33771C,Delhi,Uttam Nagar,5170000,5314173.57,144173.57,2.79,Gradient Boosting
PROP-818420AF923D,Chennai,Karayanchavadi,3800000,3446574.85,353425.15,9.3,Gradient Boosting
PROP-FE11C3BF1BCF,Chennai,Oragadam Ambattur,4200000,6387778.06,2187778.06,52.09,Gradient Boosting
PROP-B371F2DE5E4A,Bengaluru,Mathikere,17800000,15310414.44,2489585.56,13.99,Gradient Boosting
PROP-6E2FD2362270,Delhi,Mansa Ram Park,13000000,11472004.08,1527995.92,11.75,Gradient Boosting
PROP-B33814EAF7E2,Bengaluru,Mathikere,6000000,4187848.06,1812151.94,30.2,Gradient Boosting
PROP-49D4FAFE2404,Delhi,Mandawali,11000000,12308263.67,1308263.67,11.89,Gradient Boosting
PROP-A32F0825BACD,Hyderabad,Bolarum,50000000,34074520.02,15925479.98,31.85,Gradient Boosting
PROP-69D748702D95,Bengaluru,Hal,4500000,5338060.58,838060.58,18.62,Gradient Boosting
PROP-B4CAE80DF47C,Bengaluru,Anjanapura Township,3000000,2582482.4,417517.6,13.92,Gradient Boosting
PROP-060B89326CAC,Pune,Bibwewadi,9000000,6843104.61,2156895.39,23.97,Gradient Boosting
PROP-D6DC5A5DAF34,Delhi,Palam,5200000,5839904.57,639904.57,12.31,Gradient Boosting
PROP-08FC70C26D6F,Pune,Koregaon Park,16500000,17890266.88,1390266.88,8.43,Gradient Boosting
PROP-12FC4BB87802,Pune,Aundh,50000000,50509156.84,509156.84,1.02,Gradient Boosting
PROP-ABAFB0DAB37B,Hyderabad,Hyderguda,40000000,9131147.51,30868852.49,77.17,Gradient Boosting
PROP-70F451C48336,Chennai,Thiruporur,1500000,1641943.0,141943.0,9.46,Gradient Boosting
PROP-BF758B14EF8B,Pune,Ghorpadi,20000000,15423101.27,4576898.73,22.88,Gradient Boosting
PROP-F1E0B4DF171D,Kolkata,Belghoria,7000000,6406206.12,593793.88,8.48,Gradient Boosting
PROP-FE1FB57E09F8,Hyderabad,Yapral,41000000,23929391.39,17070608.61,41.64,Gradient Boosting
PROP-736F64CAAABC,Delhi,Samalka,3000000,2669688.83,330311.17,11.01,Gradient Boosting
PROP-C1FB700C2334,Chennai,Kanathur Reddikuppam,12200000,10300224.23,1899775.77,15.57,Gradient Boosting
PROP-C0930703656C,Pune,Kondhwa,16800000,16815071.85,15071.85,0.09,Gradient Boosting
PROP-C5360D163D48,Bengaluru,Akshayanagar,4260000,4265463.11,5463.11,0.13,Gradient Boosting
PROP-FFE13AE0E4EA,Chennai,Kadalur,3500000,4840312.14,1340312.14,38.29,Gradient Boosting
PROP-BB0F4B5CA04F,Pune,Alandi,1600000,2317650.38,717650.38,44.85,Gradient Boosting
PROP-04D8ECC5920C,Chennai,Hirco Palace Gardens,9500000,13059525.75,3559525.75,37.47,Gradient Boosting
PROP-A43B3C9015EA,Chennai,Maraimalai Nagar,8500000,6237437.43,2262562.57,26.62,Gradient Boosting
PROP-39EFEA1A324E,Pune,Alandi,2700000,2660766.51,39233.49,1.45,Gradient Boosting
PROP-53EA1E073943,Bengaluru,Horamavu,6700000,8607194.53,1907194.53,28.47,Gradient Boosting
PROP-B0E9559AB6DB,Delhi,Paschim Vihar,17000000,15307968.27,1692031.73,9.95,Gradient Boosting
PROP-CADB9418C827,Pune,Kanhe,2300000,2321317.02,21317.02,0.93,Gradient Boosting
PROP-C6E2AFC25F76,Chennai,Avadi,11000000,5692457.44,5307542.56,48.25,Gradient Boosting
PROP-162B02D693C3,Delhi,Bijwasan,8000000,7755598.25,244401.75,3.06,Gradient Boosting
PROP-0528464B90F4,Delhi,Tagore Garden Extension,1300000,1280546.08,19453.92,1.5,Gradient Boosting
PROP-040BA2ECAB23,Hyderabad,Kothapet,4300000,4986696.35,686696.35,15.97,Gradient Boosting
PROP-1A3B60BCA394,Chennai,Adhanur,2050000,2414078.25,364078.25,17.76,Gradient Boosting
PROP-D95D7A01F40A,Chennai,Madhavaram Milk Colony,25000000,10759602.49,14240397.51,56.96,Gradient Boosting
PROP-8659C224B645,Pune,Thergaon,2500000,2540556.61,40556.61,1.62,Gradient Boosting
PROP-CE629D62C1E2,Pune,Kiwale,20000000,21555900.0,1555900.0,7.78,Gradient Boosting
PROP-1C731A3D64BE,Delhi,Sector 25 Rohini,1350000,2050696.91,700696.91,51.9,Gradient Boosting
PROP-B4AC4014005E,Chennai,Choolai,6500000,4997196.31,1502803.69,23.12,Gradient Boosting
PROP-80C3F2A9BEBF,Bengaluru,Attiguppe,12000000,13065757.45,1065757.45,8.88,Gradient Boosting
PROP-B1410D20C5B8,Chennai,Mugalivakkam,3900000,3259383.65,640616.35,16.43,Gradient Boosting
PROP-E71B4BA6676D,Pune,Saswad,2500000,2426483.88,73516.12,2.94,Gradient Boosting
PROP-016204A03EFD,Bengaluru,Indira Nagar,20000000,19355485.01,644514.99,3.22,Gradient Boosting
PROP-2881C654070A,Delhi,Sarai Rohilla,2200000,2243991.24,43991.24,2.0,Gradient Boosting
PROP-D54E5BD2C299,Delhi,Rangpuri,10000000,7800629.9,2199370.1,21.99,Gradient Boosting
PROP-C4A8979F88C8,Delhi,Sector 5 Rohini,36500000,36581938.43,81938.43,0.22,Gradient Boosting
PROP-DBBA0D7159FF,Bengaluru,Electronic City Phase Ii,1750000,1706611.07,43388.93,2.48,Gradient Boosting
PROP-9DD182F2F033,Chennai,Chromepet,47500000,23190227.75,24309772.25,51.18,Gradient Boosting
PROP-AA87264EFA5F,Bengaluru,Bommasandra,5000000,4793681.29,206318.71,4.13,Gradient Boosting
PROP-72FE921D8962,Mumbai,Asalpha,2600000,2731769.43,131769.43,5.07,Gradient Boosting
PROP-EDB850C15F79,Delhi,Sector 14 Rohini,12500000,14733342.97,2233342.97,17.87,Gradient Boosting
PROP-93689ACF45BD,Kolkata,Narendrapur,800000,11322280.62,10522280.62,1315.29,Gradient Boosting
PROP-91C733ACFD92,Pune,Chikhali,4900000,4643687.21,256312.79,5.23,Gradient Boosting
PROP-88FDB0F7B7F9,Chennai,Mudichur,8500000,11973651.05,3473651.05,40.87,Gradient Boosting
PROP-02AA863FECCF,Bengaluru,Nagondanahalli,6300000,5370764.46,929235.54,14.75,Gradient Boosting
PROP-7C339447B5C5,Pune,Hadapsar,4600000,4177071.96,422928.04,9.19,Gradient Boosting
PROP-618AEE8DA9B3,Pune,Pisoli,3200000,3289375.1,89375.1,2.79,Gradient Boosting
PROP-6D082C457A30,Bengaluru,Udayagiri,5800000,5942802.41,142802.41,2.46,Gradient Boosting
PROP-016FFD1C122B,Delhi,Laxmi Nagar,22000000,18198986.18,3801013.82,17.28,Gradient Boosting
PROP-8175B23BB6C5,Bengaluru,Hbr Layout,7600000,7118996.68,481003.32,6.33,Gradient Boosting
PROP-4DD4BAA8486F,Hyderabad,Kokapet,18000000,28301344.36,10301344.36,57.23,Gradient Boosting
PROP-879B046D6BDB,Bengaluru,Jp Nagar,5000000,4605068.16,394931.84,7.9,Gradient Boosting
PROP-D9ECC9A4371A,Bengaluru,Kommaghatta,11000000,8782768.76,2217231.24,20.16,Gradient Boosting
PROP-A2178EB46E3C,Pune,Talegaon Dabhade,1651000,1523414.68,127585.32,7.73,Gradient Boosting
PROP-28EBF50BF140,Kolkata,Madhyamgram,3500000,2637931.32,862068.68,24.63,Gradient Boosting
PROP-FE5699397C72,Pune,Dhayari,2350000,2316385.67,33614.33,1.43,Gradient Boosting
PROP-035F1DF77480,Hyderabad,Shaikpet,16000000,14636605.37,1363394.63,8.52,Gradient Boosting
PROP-440F5936FE43,Chennai,Sithalapakkam,23000000,17265064.16,5734935.84,24.93,Gradient Boosting
PROP-E3394682F5EB,Pune,Kondhwa,7500000,6663432.51,836567.49,11.15,Gradient Boosting
PROP-89F656AA02AC,Pune,Wagholi,3000000,2994773.24,5226.76,0.17,Gradient Boosting
PROP-C96D058A7B02,Delhi,Dabri,6000000,5896208.29,103791.71,1.73,Gradient Boosting
PROP-B68F6CB38ABE,Bengaluru,Hsr Layout,8600000,9121219.98,521219.98,6.06,Gradient Boosting
PROP-7DB68EE331F7,Bengaluru,Chandapura,3800000,3554801.96,245198.04,6.45,Gradient Boosting
PROP-37DB6F0FD6BE,Chennai,Chengalpattu,2000000,1986192.14,13807.86,0.69,Gradient Boosting
PROP-0D6D87717885,Pune,Pune Cantonment,14100000,13285438.38,814561.62,5.78,Gradient Boosting
PROP-301BB997DEA8,Chennai,Madhanandapuram,1700000,1895011.72,195011.72,11.47,Gradient Boosting
PROP-A3CFC7B0F49F,Chennai,Ammapettai,3600000,4306101.52,706101.52,19.61,Gradient Boosting
PROP-302599185AAC,Delhi,Mansa Ram Park,3200000,3354448.77,154448.77,4.83,Gradient Boosting
PROP-AF1227CAA778,Pune,Sus,5700000,5516410.75,183589.25,3.22,Gradient Boosting
PROP-10A1A286AF58,Kolkata,Sarsuna,2800000,3203965.78,403965.78,14.43,Gradient Boosting
PROP-B8F86C214941,Hyderabad,Vanasthalipuram,7600000,8507761.3,907761.3,11.94,Gradient Boosting
PROP-41E989F79805,Pune,Handewadi,2450000,2568353.23,118353.23,4.83,Gradient Boosting
PROP-C59287905A57,Delhi,Paschim Vihar,14000000,12595736.9,1404263.1,10.03,Gradient Boosting
PROP-958AD368D7B0,Kolkata,Dhakuria,4000000,3302012.65,697987.35,17.45,Gradient Boosting
PROP-77F1D54F3A83,Bengaluru,Gattahalli,4900000,4794935.95,105064.05,2.14,Gradient Boosting
PROP-DD2E0676A4DF,Kolkata,Keshtopur,4800000,6111582.09,1311582.09,27.32,Gradient Boosting
PROP-5191B5E6C1FC,Hyderabad,Kismatpur,6000000,7292774.4,1292774.4,21.55,Gradient Boosting
PROP-B6D0D4410215,Bengaluru,Banaswadi,15000000,13646345.3,1353654.7,9.02,Gradient Boosting
PROP-352D26F9F841,Pune,Ranjangaon,1800000,1690710.49,109289.51,6.07,Gradient Boosting
PROP-05D15D803737,Bengaluru,Bannerughatta,9000000,8405332.57,594667.43,6.61,Gradient Boosting
PROP-A3473590907D,Bengaluru,Singasandra,6000000,6027533.88,27533.88,0.46,Gradient Boosting
PROP-EE3F8D73AB40,Chennai,Pazhavanthangal,13500000,11638140.6,1861859.4,13.79,Gradient Boosting
PROP-7E1CD895B29A,Hyderabad,Boduppal,5600000,4560316.33,1039683.67,18.57,Gradient Boosting
PROP-CB79FB086663,Delhi,Sector 12 Dwarka,50000000,44373808.46,5626191.54,11.25,Gradient Boosting
PROP-73821B3E1E8A,Chennai,Anakaputhur,9000000,8608196.1,391803.9,4.35,Gradient Boosting
PROP-A1645B8654D0,Delhi,Vasant Kunj,6000000,5380985.43,619014.57,10.32,Gradient Boosting
PROP-E41E0FA10AF8,Hyderabad,Kompally,10200000,10433203.05,233203.05,2.29,Gradient Boosting
PROP-EE0C3460E825,Chennai,Ammapettai,4500000,4122115.26,377884.74,8.4,Gradient Boosting
PROP-38930D3E5AD5,Pune,Kolhewadi,2000000,1909424.47,90575.53,4.53,Gradient Boosting
PROP-7C1C95262DB7,Delhi,Budh Vihar,12500000,12981273.85,481273.85,3.85,Gradient Boosting
PROP-6962E9490359,Chennai,Vayalur,2500000,3579399.28,1079399.28,43.18,Gradient Boosting
PROP-59D7ED05852A,Delhi,Mukherjee Nagar,14500000,12636091.02,1863908.98,12.85,Gradient Boosting
PROP-E40E24D712B0,Pune,Pimple Nilakh,7500000,8067073.08,567073.08,7.56,Gradient Boosting
PROP-4AB02D12AB85,Chennai,Ayanavaram,6000000,7008088.73,1008088.73,16.8,Gradient Boosting
PROP-25D16C828562,Mumbai,Naigaon East,1200000,1344731.48,144731.48,12.06,Gradient Boosting
PROP-045838DEA504,Delhi,Tughlakabad,1950000,1919253.93,30746.07,1.58,Gradient Boosting
PROP-3C24C79B3B94,Bengaluru,Ullal Uppanagar,7000000,7514327.87,514327.87,7.35,Gradient Boosting
PROP-7AF106BFC991,Bengaluru,Kammasandra,6600000,6744870.79,144870.79,2.2,Gradient Boosting
PROP-3FB934612BA9,Pune,Aundh,2700000,2774937.34,74937.34,2.78,Gradient Boosting
PROP-C745DF9CEFD8,Bengaluru,Singasandra,5660000,5281861.33,378138.67,6.68,Gradient Boosting
PROP-B2A2B716046D,Bengaluru,Kadabagere,4000000,4159460.25,159460.25,3.99,Gradient Boosting
PROP-9482B11F2DD8,Pune,Balewadi,4800000,4745670.37,54329.63,1.13,Gradient Boosting
PROP-AFA76C13B75E,Bengaluru,Btm Layout,2000000,1866266.4,133733.6,6.69,Gradient Boosting
PROP-B005C24FEB55,Pune,Narayangaon,5500000,4104264.99,1395735.01,25.38,Gradient Boosting
PROP-96DA711717E2,Chennai,Perumbakkam,4000000,4085567.46,85567.46,2.14,Gradient Boosting
PROP-2BE121D1E5E9,Pune,Bibwewadi,5500000,5800108.85,300108.85,5.46,Gradient Boosting
PROP-1F790EFD8125,Pune,Ambegaon,1900000,1904962.64,4962.64,0.26,Gradient Boosting
PROP-D121E0C4EBF7,Bengaluru,K Channasandra,5500000,4954148.3,545851.7,9.92,Gradient Boosting
PROP-A42037E18BCB,Pune,Shikrapur,1500000,1509572.66,9572.66,0.64,Gradient Boosting
PROP-A50CE5313CBD,Pune,Wanowrie,7500000,6509552.84,990447.16,13.21,Gradient Boosting
PROP-F2AA264B8D16,Bengaluru,Kamakshipalya,9500000,9889094.91,389094.91,4.1,Gradient Boosting
PROP-457AD501CB4F,Chennai,T Nagar,25000000,17181066.53,7818933.47,31.28,Gradient Boosting
PROP-F07DDE96822A,Bengaluru,Kaggadasapura,4500000,3600821.42,899178.58,19.98,Gradient Boosting
PROP-D0973DDA4D8F,Pune,Wakad,7800000,7050966.87,749033.13,9.6,Gradient Boosting
PROP-A0195411B832,Delhi,Pandav Nagar,7000000,7147030.99,147030.99,2.1,Gradient Boosting
PROP-515005E56999,Delhi,Uttam Nagar,6000000,6640566.62,640566.62,10.68,Gradient Boosting
PROP-5E6983336D58,Chennai,Kundrathur,4500000,2968064.05,1531935.95,34.04,Gradient Boosting
PROP-315509A70EAC,Pune,Ravet,6310000,5819116.15,490883.85,7.78,Gradient Boosting
PROP-C0DD7ED34DB4,Pune,Keshav Nagar,3100000,3165777.01,65777.01,2.12,Gradient Boosting
PROP-D51FCCB82401,Pune,Chakan,2100000,2188940.16,88940.16,4.24,Gradient Boosting
PROP-1AD8766EFA1F,Delhi,Greater Kailash,5099000,6150113.36,1051113.36,20.61,Gradient Boosting
PROP-2F785AACB870,Bengaluru,Battarahalli,3250000,2950034.77,299965.23,9.23,Gradient Boosting
PROP-47FD282C1428,Pune,Undri,6000000,6623753.55,623753.55,10.4,Gradient Boosting
PROP-CDECEAB30043,Delhi,Sant Nagar,2500000,2234232.57,265767.43,10.63,Gradient Boosting
PROP-A327069852C8,Chennai,Kolapakkam,8500000,4924212.24,3575787.76,42.07,Gradient Boosting
PROP-1E1C17353E40,Delhi,Okhla,2500000,2538628.71,38628.71,1.55,Gradient Boosting
PROP-1DF5CA035298,Pune,Shivane,7200000,8285190.37,1085190.37,15.07,Gradient Boosting
PROP-440F13982022,Pune,Undri,3000000,3218108.35,218108.35,7.27,Gradient Boosting
PROP-2E247E8FBF01,Pune,Ambegaon Budruk,2450000,2350306.49,99693.51,4.07,Gradient Boosting
PROP-AFF1688DC6DB,Delhi,Sector 5 Rohini,2000000,1822401.4,177598.6,8.88,Gradient Boosting
PROP-E4E36E95EDAB,Delhi,Sector 5 Rohini,5000000,4481960.87,518039.13,10.36,Gradient Boosting
PROP-925A53CC1421,Chennai,Kodambakkam,8500000,7450539.35,1049460.65,12.35,Gradient Boosting
PROP-9B9083DB7CBF,Delhi,Naraina,92500000,70426118.01,22073881.99,23.86,Gradient Boosting
PROP-FE76E707B99E,Bengaluru,Btm Layout,700000,884060.82,184060.82,26.29,Gradient Boosting
PROP-0990AC2066F0,Mumbai,Ghatkopar West,5500000,4903858.49,596141.51,10.84,Gradient Boosting
PROP-9C5D0CF6F00F,Delhi,Sidhartha Nagar,8000000,11846411.12,3846411.12,48.08,Gradient Boosting
PROP-43E277CC801A,Bengaluru,Doddajala,4600000,4875614.79,275614.79,5.99,Gradient Boosting
PROP-A46D4E0EB0B9,Chennai,Varadharajapuram,5000000,4274787.36,725212.64,14.5,Gradient Boosting
PROP-25906C36F887,Pune,Rajgurunagar,2600000,2341939.39,258060.61,9.93,Gradient Boosting
PROP-031EACC72FAC,Chennai,Perumbakkam,5400000,5082779.05,317220.95,5.87,Gradient Boosting
PROP-AEC56B927638,Chennai,Chromepet,4570000,4654665.54,84665.54,1.85,Gradient Boosting
PROP-F60507C8E72C,Bengaluru,Padmanabhanagar,6000000,5131681.95,868318.05,14.47,Gradient Boosting
PROP-EA626B1DE864,Delhi,Sector 39 Rohini,3200000,3178031.43,21968.57,0.69,Gradient Boosting
PROP-E5DB4EC56BFD,Bengaluru,Kumaraswamy Layout,9500000,9004365.84,495634.16,5.22,Gradient Boosting
PROP-6C265ECC52EE,Bengaluru,Yeshwanthpur,5650000,6210259.34,560259.34,9.92,Gradient Boosting
PROP-E97FC7791CB2,Pune,Vadgaon Budruk,1050000,1090864.33,40864.33,3.89,Gradient Boosting
PROP-A9AD15AE4F4B,Chennai,Vanagaram,6500000,33276453.18,26776453.18,411.95,Gradient Boosting
PROP-07542049EDCD,Chennai,Ayanavaram,24000000,15677152.63,8322847.37,34.68,Gradient Boosting
PROP-300FE53137C8,Bengaluru,Electronic City,11800000,13668163.26,1868163.26,15.83,Gradient Boosting
PROP-C9D20255B3E4,Delhi,Said-Ul-Ajaib,6600000,8892093.68,2292093.68,34.73,Gradient Boosting
PROP-080C27F30D8B,Bengaluru,Rajajinagar,11000000,12441166.58,1441166.58,13.1,Gradient Boosting
PROP-3DDDE73F3508,Delhi,Dallupura,9000000,7893803.62,1106196.38,12.29,Gradient Boosting
PROP-18A0393EBFD1,Pune,Fursungi,8500000,7711068.78,788931.22,9.28,Gradient Boosting
PROP-C1EA0CD38AC7,Pune,Wagholi,7500000,7256133.39,243866.61,3.25,Gradient Boosting
PROP-C52E8140E86B,Pune,Khed Shivapur,10000000,7816060.26,2183939.74,21.84,Gradient Boosting
PROP-23AF6966A1A5,Mumbai,Thane West,5800000,5595442.06,204557.94,3.53,Gradient Boosting
PROP-4990F4349A2C,Delhi,Sidhartha Nagar,11000000,10178574.4,821425.6,7.47,Gradient Boosting
PROP-EB9CA72140CA,Bengaluru,Begur,12500000,12517846.08,17846.08,0.14,Gradient Boosting
PROP-0D0CC86E6670,Bengaluru,Nandini Layout,2300000,2182185.46,117814.54,5.12,Gradient Boosting
PROP-2DBC56647DC2,Mumbai,Kanjurmarg West,3000000,3193021.97,193021.97,6.43,Gradient Boosting
PROP-BE904FD9ECAD,Bengaluru,Nagavara,4000000,3492128.75,507871.25,12.7,Gradient Boosting
PROP-A5472FA9AB79,Pune,Shivane,2000000,1961186.06,38813.94,1.94,Gradient Boosting
PROP-9D18701B8734,Bengaluru,Yelahanka,2500000,2747426.76,247426.76,9.9,Gradient Boosting
PROP-0509105302D9,Delhi,Jaffarpur Kalan,1400000,1491590.38,91590.38,6.54,Gradient Boosting
PROP-4B2819CCDC38,Mumbai,Virar East,700000,681060.25,18939.75,2.71,Gradient Boosting
PROP-A8556B61F94C,Pune,Pimpri,5600000,5635719.02,35719.02,0.64,Gradient Boosting
PROP-4BFA952225F9,Pune,Ganesh Peth,3000000,3029021.84,29021.84,0.97,Gradient Boosting
PROP-4B65F4ECF3DA,Bengaluru,Medahalli,9000000,9325352.17,325352.17,3.62,Gradient Boosting
PROP-D42E5341B90C,Pune,Talegaon Dabhade,1500000,1568139.89,68139.89,4.54,Gradient Boosting
PROP-0878E585B1A9,Delhi,Sector 16 Rohini,7000000,6772613.71,227386.29,3.25,Gradient Boosting
PROP-EDCB8E1E7D1F,Pune,Hadapsar,2050000,1648791.31,401208.69,19.57,Gradient Boosting
PROP-2599E11222D9,Delhi,Razapur Khurd,3300000,3575436.44,275436.44,8.35,Gradient Boosting
PROP-FE64C4652902,Chennai,Padur,14000000,13312067.22,687932.78,4.91,Gradient Boosting
PROP-D482B3771C8A,Pune,Wanowrie,38000000,38102165.21,102165.21,0.27,Gradient Boosting
PROP-D30282DEF7E8,Bengaluru,Doddakannelli,7700000,7232509.97,467490.03,6.07,Gradient Boosting
PROP-66BC2F398FB3,Pune,Uruli Kanchan,2000000,1805784.58,194215.42,9.71,Gradient Boosting
PROP-B8CCA5B077EC,Delhi,Govindpuri,17000000,13416608.22,3583391.78,21.08,Gradient Boosting
PROP-9840B36CD036,Bengaluru,Bagalur,11000000,10460705.77,539294.23,4.9,Gradient Boosting
PROP-275C30FED99F,Chennai,Sembakkam,11500000,8952549.87,2547450.13,22.15,Gradient Boosting
PROP-34A08169478C,Pune,Ganga Dham,18500000,16884610.71,1615389.29,8.73,Gradient Boosting
PROP-3C7BB9A3A76F,Pune,Jambhul,1800000,1596300.51,203699.49,11.32,Gradient Boosting
PROP-8B946A375F97,Pune,Talegaon Dhamdhere,1050000,966184.14,83815.86,7.98,Gradient Boosting
PROP-38292E418CB4,Bengaluru,Kumbalgodu,4000000,4016418.13,16418.13,0.41,Gradient Boosting
PROP-B94889EB5DAC,Bengaluru,Jayanagar,17000000,13284272.94,3715727.06,21.86,Gradient Boosting
PROP-7918A0543BED,Delhi,Mayur Vihar Phase 1,6500000,6195147.26,304852.74,4.69,Gradient Boosting
PROP-F7AE73D7226F,Bengaluru,Frazer Town,13000000,10570066.41,2429933.59,18.69,Gradient Boosting
PROP-4CBA87BD7ADC,Mumbai,Malad West,2500000,2319463.47,180536.53,7.22,Gradient Boosting
PROP-CC0910D5F944,Delhi,Jamia Nagar,2500000,2255657.52,244342.48,9.77,Gradient Boosting
PROP-880F2B4C6CEC,Pune,Jambhulwadi,1099000,1127558.69,28558.69,2.6,Gradient Boosting
PROP-30E17D169E3B,Chennai,T Nagar,27500000,17239647.48,10260352.52,37.31,Gradient Boosting
PROP-3190973D0D6A,Bengaluru,Koti Hosahalli,13000000,10054700.3,2945299.7,22.66,Gradient Boosting
PROP-4B132EEC6D13,Bengaluru,Vidyaranyapura,4200000,4969528.14,769528.14,18.32,Gradient Boosting
PROP-7024A5C1CDC5,Bengaluru,Bagalakunte,3600000,3156872.85,443127.15,12.31,Gradient Boosting
PROP-612330DF8800,Pune,Shewalewadi,8500000,8428107.72,71892.28,0.85,Gradient Boosting
PROP-207F9F6C82A1,Chennai,Ambattur Industrial Estate,6500000,7965552.33,1465552.33,22.55,Gradient Boosting
PROP-CEAAA6218846,Bengaluru,Bannerughatta,2400000,1943566.65,456433.35,19.02,Gradient Boosting
PROP-EB4A1A9AE20E,Chennai,Gerugambakkam,4200000,4888303.36,688303.36,16.39,Gradient Boosting
PROP-26E5909FF552,Pune,Hadapsar,3000000,2504662.4,495337.6,16.51,Gradient Boosting
PROP-1779D7AD70C3,Pune,Pisoli,3500000,3564709.97,64709.97,1.85,Gradient Boosting
PROP-36E67E14E286,Bengaluru,Kaggadasapura,4000000,3698447.15,301552.85,7.54,Gradient Boosting
PROP-7DE0F80CE62A,Bengaluru,Shivaji Nagar,15000000,13510483.65,1489516.35,9.93,Gradient Boosting
PROP-009D2FB6208C,Bengaluru,Nagamangala,2100000,1794951.54,305048.46,14.53,Gradient Boosting
PROP-A0E7E5E1C072,Pune,Saswad,2300000,2298181.81,1818.19,0.08,Gradient Boosting
PROP-9269F5EDABE3,Pune,Mundhwa,11500000,10522732.96,977267.04,8.5,Gradient Boosting
PROP-39EDB7D041E5,Chennai,Kolapakkam,6900000,6467407.53,432592.47,6.27,Gradient Boosting
PROP-D27635A55529,Mumbai,Mira Road East,5500000,5427333.68,72666.32,1.32,Gradient Boosting
PROP-C09982527D26,Pune,Bhosari,3000000,3031224.92,31224.92,1.04,Gradient Boosting
PROP-48CB268852CA,Pune,Kondhwa,8000000,7478837.02,521162.98,6.51,Gradient Boosting
PROP-555DE32B3741,Pune,Sus,7600000,7301557.36,298442.64,3.93,Gradient Boosting
PROP-5DD0259F63AA,Delhi,Sector 12 Dwarka,31500000,28961485.85,2538514.15,8.06,Gradient Boosting
PROP-31F0500C626F,Delhi,Palam,5200000,5839897.53,639897.53,12.31,Gradient Boosting
PROP-A78E23A451BF,Chennai,Thiruverkkadu,7200000,7272743.48,72743.48,1.01,Gradient Boosting
PROP-7879F1316D64,Bengaluru,Bisuvanahalli,4000000,3945308.15,54691.85,1.37,Gradient Boosting
PROP-A0AA62836698,Bengaluru,Doddaballapura,5200000,5289952.84,89952.84,1.73,Gradient Boosting
PROP-97C92653EB1E,Delhi,Lado Sarai,3100000,3037802.96,62197.04,2.01,Gradient Boosting
PROP-E8BBAB4BD9FD,Delhi,Sector 17 Rohini,2300000,2327253.96,27253.96,1.18,Gradient Boosting
PROP-26E24636D271,Bengaluru,Kartik Nagar,7000000,6215811.35,784188.65,11.2,Gradient Boosting
PROP-87724D4B91BD,Bengaluru,Nelamangala,4500000,5001350.89,501350.89,11.14,Gradient Boosting
PROP-4E59815F38F6,Pune,Chakan,2000000,1966262.61,33737.39,1.69,Gradient Boosting
PROP-623733528207,Pune,Chandan Nagar,6500000,6096104.71,403895.29,6.21,Gradient Boosting
PROP-BC66A060CCEC,Mumbai,Virar West,2950000,3163217.89,213217.89,7.23,Gradient Boosting
PROP-C8CC7D055133,Bengaluru,Devanahalli,4185000,3520630.3,664369.7,15.88,Gradient Boosting
PROP-6E48515068CD,Kolkata,Dum Dum Cantonment,2200000,2494056.96,294056.96,13.37,Gradient Boosting
PROP-8B0A281F6F67,Kolkata,Tangra,8500000,7255839.64,1244160.36,14.64,Gradient Boosting
PROP-758E0F776A14,Chennai,Ramapuram,3500000,4177982.44,677982.44,19.37,Gradient Boosting
PROP-B8522EF8B903,Pune,Gultekdi,17500000,16074710.84,1425289.16,8.14,Gradient Boosting
PROP-9C41AA9B9845,Pune,Hinjewadi Phase 3,3800000,3910172.68,110172.68,2.9,Gradient Boosting
PROP-216A3970FF18,Pune,Rahatani,23000000,23291451.78,291451.78,1.27,Gradient Boosting
PROP-A347BF67ECD7,Pune,Ganj Peth,6500000,6243173.42,256826.58,3.95,Gradient Boosting
PROP-5D362742297B,Bengaluru,Kithaganur Colony,8600000,7349505.3,1250494.7,14.54,Gradient Boosting
PROP-3742950FC789,Delhi,Tughlakabad,4000000,3734301.92,265698.08,6.64,Gradient Boosting
PROP-A9BCCF053E17,Delhi,Hastsal,6350000,6384072.78,34072.78,0.54,Gradient Boosting
PROP-32003935ECCA,Bengaluru,Yerappanahalli,3825000,4109739.96,284739.96,7.44,Gradient Boosting
PROP-2C4FC6B32994,Bengaluru,Madavara,7400000,6783073.09,616926.91,8.34,Gradient Boosting
PROP-7FEB6B5FB126,Bengaluru,Ragavendra Industrial Estate,4500000,4043367.59,456632.41,10.15,Gradient Boosting
PROP-D2B8AEFDC4A2,Chennai,Dharkast,3600000,4196060.77,596060.77,16.56,Gradient Boosting
PROP-B818F0D9592E,Bengaluru,Hurulichikanahalli,3000000,3202209.18,202209.18,6.74,Gradient Boosting
PROP-A5DEBFD65275,Chennai,Aminjikarai,7400000,4737922.76,2662077.24,35.97,Gradient Boosting
PROP-DFC59B418382,Pune,Katad Khana,4200000,3517582.11,682417.89,16.25,Gradient Boosting
PROP-D76597982D99,Pune,Shivane,7000000,5986039.06,1013960.94,14.49,Gradient Boosting
PROP-08E7410F6F56,Kolkata,Rajarhat,3700000,4154568.53,454568.53,12.29,Gradient Boosting
PROP-DE0577CA5310,Mumbai,Girgaon,60000000,66124709.94,6124709.94,10.21,Gradient Boosting
PROP-929F154C0F01,Pune,Kondhwa,27500000,27479434.01,20565.99,0.07,Gradient Boosting
PROP-2960C566D6FE,Bengaluru,Lingarajapuram,10500000,10908166.47,408166.47,3.89,Gradient Boosting
PROP-0912041A0312,Chennai,Choolaimedu,6000000,4482028.4,1517971.6,25.3,Gradient Boosting
PROP-5364E9848963,Bengaluru,Varthur,17500000,18267576.38,767576.38,4.39,Gradient Boosting
PROP-F4BFAA10D3BF,Bengaluru,Bidare Agraha,5000000,3684082.45,1315917.55,26.32,Gradient Boosting
PROP-98C89B2206BD,Delhi,Vasant Kunj,9750000,8422337.77,1327662.23,13.62,Gradient Boosting
PROP-E0FD65059227,Bengaluru,Thotada Guddadhalli Village,12000000,11073223.56,926776.44,7.72,Gradient Boosting
PROP-723B07FC1828,Delhi,Madangir,11000000,12721654.34,1721654.34,15.65,Gradient Boosting
PROP-B20A5D32356D,Chennai,Perambur,5200000,4839756.41,360243.59,6.93,Gradient Boosting
PROP-1FF39EFE8F1C,Bengaluru,Neelasandra,2000000,1809451.23,190548.77,9.53,Gradient Boosting
PROP-7EE9C3784A47,Bengaluru,Kengeri,39500000,36414297.42,3085702.58,7.81,Gradient Boosting
PROP-35F055A640FC,Delhi,Karala,6000000,6021882.68,21882.68,0.36,Gradient Boosting
PROP-7DD59E02BF22,Chennai,Choolaimedu,70000000,47417629.86,22582370.14,32.26,Gradient Boosting
PROP-27C577E56D7C,Bengaluru,Mallathahalli,15000000,16291795.96,1291795.96,8.61,Gradient Boosting
PROP-61B82DD291D3,Chennai,Kodambakkam,12000000,8320266.86,3679733.14,30.66,Gradient Boosting
PROP-0EBA19EF740C,Delhi,Badarpur,1200000,1529282.8,329282.8,27.44,Gradient Boosting
PROP-F872C60A1136,Delhi,Tagore Garden Extension,25000000,23949707.13,1050292.87,4.2,Gradient Boosting
PROP-41554050619B,Chennai,Sithalapakkam,7500000,6951520.42,548479.58,7.31,Gradient Boosting
PROP-CD5F861DFC1E,Delhi,Karol Bagh,21000000,23481867.89,2481867.89,11.82,Gradient Boosting
PROP-22ADCFDCC4E6,Bengaluru,M Hosahalli,2800000,3391435.6,591435.6,21.12,Gradient Boosting
PROP-C25510000B39,Delhi,Sector 16B Dwarka,5100000,3007615.91,2092384.09,41.03,Gradient Boosting
PROP-A9A2277A47DA,Bengaluru,Doddabele,6000000,2375736.99,3624263.01,60.4,Gradient Boosting
PROP-416A3CB02077,Mumbai,Bhayandar West,6500000,5871146.1,628853.9,9.67,Gradient Boosting
PROP-AF6169902B19,Pune,Dhankawadi,2000000,1779575.39,220424.61,11.02,Gradient Boosting
PROP-0FAB90A61B36,Delhi,Uttam Nagar,3600000,3497637.0,102363.0,2.84,Gradient Boosting
PROP-90B5D0DE93B2,Pune,Lohegaon,16500000,16252481.73,247518.27,1.5,Gradient Boosting
PROP-4F7E04D32961,Pune,Kondhawe-Dhawade,2500000,2196857.22,303142.78,12.13,Gradient Boosting
PROP-5BC79A05EBF7,Bengaluru,Dommasandra,6200000,5758170.03,441829.97,7.13,Gradient Boosting
PROP-62C848E36F39,Bengaluru,Chandra Layout Extension,32500000,31068369.65,1431630.35,4.41,Gradient Boosting
PROP-E33EFE69B80C,Bengaluru,Sunkadakatte,13000000,14595033.67,1595033.67,12.27,Gradient Boosting
PROP-27DE9C56D44E,Bengaluru,Mattanahalli,5500000,5200846.26,299153.74,5.44,Gradient Boosting
PROP-038615FDDE7D,Delhi,Mahavir Enclave,16500000,14861729.73,1638270.27,9.93,Gradient Boosting
PROP-FC9D0E12E5EC,Chennai,T Nagar,11000000,12365260.82,1365260.82,12.41,Gradient Boosting
PROP-6998C3C1CE18,Delhi,Shahdara,6000000,5798606.62,201393.38,3.36,Gradient Boosting
PROP-F3F0AF36CEB5,Bengaluru,Marathahalli,26000000,23097137.72,2902862.28,11.16,Gradient Boosting
PROP-2D787C5B7475,Chennai,Madambakkam,5800000,5070307.75,729692.25,12.58,Gradient Boosting
PROP-435F8E219C76,Pune,Hadapsar,6500000,5417706.66,1082293.34,16.65,Gradient Boosting
PROP-35B3FD2B9BC4,Pune,Khadki,2700000,2642670.79,57329.21,2.12,Gradient Boosting
PROP-47EC8CAA2D1D,Pune,Sus,6000000,6019311.77,19311.77,0.32,Gradient Boosting
PROP-CEEB57C8F217,Bengaluru,Virupakshapura,7000000,7141038.13,141038.13,2.01,Gradient Boosting
PROP-B7CFF0B405B6,Pune,Ambegaon Pathar,4800000,4878420.88,78420.88,1.63,Gradient Boosting
PROP-737ACAF91D3C,Bengaluru,Dooravani Nagar,8700000,8681105.34,18894.66,0.22,Gradient Boosting
PROP-AD318104196B,Bengaluru,Cheemasandra,6500000,5787578.32,712421.68,10.96,Gradient Boosting
PROP-CE92ABFFB9EC,Pune,Ganesh Peth,5200000,4949409.94,250590.06,4.82,Gradient Boosting
PROP-3879314D82F9,Bengaluru,Muddanahalli,7200000,7664217.45,464217.45,6.45,Gradient Boosting
PROP-2463CFFB28A7,Chennai,Thirumullaivoyal,5800000,5603510.74,196489.26,3.39,Gradient Boosting
PROP-2D1779BDD5F3,Hyderabad,Narsingi,7300000,6816424.34,483575.66,6.62,Gradient Boosting
PROP-7DB1A8426B9C,Bengaluru,Banashankari,12500000,11696347.16,803652.84,6.43,Gradient Boosting
PROP-F350E6D1EED2,Bengaluru,Singasandra,7000000,6594206.68,405793.32,5.8,Gradient Boosting
PROP-D2D7F074ACF4,Pune,Mundhwa,3800000,4056176.69,256176.69,6.74,Gradient Boosting
PROP-5CC4D652FF93,Bengaluru,Kasavanahalli,8300000,8553855.3,253855.3,3.06,Gradient Boosting
PROP-9C34FF43D250,Kolkata,Hridaypur,6000000,6957709.22,957709.22,15.96,Gradient Boosting
PROP-1A4D986F8144,Bengaluru,Wilson Garden,7800000,7670088.82,129911.18,1.67,Gradient Boosting
PROP-4D6FA16E4065,Delhi,Pitampura,10500000,8821006.93,1678993.07,15.99,Gradient Boosting
PROP-BEDA27D6C498,Bengaluru,Hsr Layout,18000000,18340144.02,340144.02,1.89,Gradient Boosting
PROP-FC8EEB5BF799,Kolkata,Purba Barisha,14000000,6608186.97,7391813.03,52.8,Gradient Boosting
PROP-A7910C008A88,Bengaluru,Sunkadakatte,8490000,8589642.83,99642.83,1.17,Gradient Boosting
PROP-7B6F7930318A,Bengaluru,Laggere,22500000,26854945.63,4354945.63,19.36,Gradient Boosting
PROP-B655C40C41EA,Mumbai,Virar West,5600000,5128014.22,471985.78,8.43,Gradient Boosting
PROP-66EEDE198CCB,Bengaluru,Hallehalli,6500000,6546603.44,46603.44,0.72,Gradient Boosting
PROP-C04725EAD432,Bengaluru,Thanisandra,6500000,5766937.09,733062.91,11.28,Gradient Boosting
PROP-9DA3F99F0C36,Kolkata,Belgachia,5000000,6324066.07,1324066.07,26.48,Gradient Boosting
PROP-4776467A6E02,Kolkata,Mahheshtala,2600000,2389459.1,210540.9,8.1,Gradient Boosting
PROP-0CFC21EB2047,Bengaluru,Bisuvanahalli,6400000,5159654.35,1240345.65,19.38,Gradient Boosting
PROP-B28EDFE12B58,Bengaluru,Akshayanagar,17500000,13849929.29,3650070.71,20.86,Gradient Boosting
PROP-34DBD024A8F8,Bengaluru,Kolar,7500000,7516934.81,16934.81,0.23,Gradient Boosting
PROP-C9818BBCF139,Bengaluru,Arakere,7500000,7975785.72,475785.72,6.34,Gradient Boosting
PROP-BDC7587B7D0F,Pune,Bibwewadi,3000000,2948350.48,51649.52,1.72,Gradient Boosting
PROP-2EA0E2DBA39E,Bengaluru,Malleswaram,14500000,11050254.01,3449745.99,23.79,Gradient Boosting
PROP-E45EFF56102C,Kolkata,Kasba,2200000,2788833.26,588833.26,26.77,Gradient Boosting
PROP-5B83C9868B63,Kolkata,Kaikhali,7000000,4817186.08,2182813.92,31.18,Gradient Boosting
PROP-0681907F9E9F,Mumbai,Vikhroli East,13500000,12622677.43,877322.57,6.5,Gradient Boosting
PROP-09608FFFACCF,Pune,Shivane,1200000,1252962.77,52962.77,4.41,Gradient Boosting
PROP-5B1D193B8BEF,Bengaluru,Chandapura,11000000,9650591.51,1349408.49,12.27,Gradient Boosting
PROP-B2BD4E3603E1,Bengaluru,Doddabommasandra,14000000,15722296.59,1722296.59,12.3,Gradient Boosting
PROP-687E7446D8BA,Mumbai,Andheri East,30000000,24232388.6,5767611.4,19.23,Gradient Boosting
PROP-74731FF22A2E,Bengaluru,Chandapura,6900000,7435928.47,535928.47,7.77,Gradient Boosting
PROP-663CCC8A79FC,Bengaluru,Akshayanagar,6200000,5302330.67,897669.33,14.48,Gradient Boosting
PROP-7418D47C5C3E,Bengaluru,Devanahalli,15000000,13946702.8,1053297.2,7.02,Gradient Boosting
PROP-8B05902385AA,Bengaluru,Harlur,6130000,7196659.41,1066659.41,17.4,Gradient Boosting
PROP-1143B11F2B28,Mumbai,Malad West,9500000,7645299.05,1854700.95,19.52,Gradient Boosting
PROP-9812020C0B67,Bengaluru,Sivanchetti Gardens,4500000,3729541.38,770458.62,17.12,Gradient Boosting
PROP-14B7E84EC415,Delhi,Rohini Sector 28,2600000,2553344.4,46655.6,1.79,Gradient Boosting
PROP-C0CD75FD2E08,Bengaluru,Cooke Town,38500000,33001356.04,5498643.96,14.28,Gradient Boosting
PROP-48FF77CF86EA,Kolkata,Baguiati,3975000,3947093.87,27906.13,0.7,Gradient Boosting
PROP-05A0599313EE,Kolkata,Taltala,10000000,6576182.47,3423817.53,34.24,Gradient Boosting
PROP-775199406D45,Bengaluru,Kambipura,7900000,7499978.35,400021.65,5.06,Gradient Boosting
PROP-FD8307310423,Kolkata,Bramhapur,2800000,3124973.6,324973.6,11.61,Gradient Boosting
PROP-A49404C30599,Mumbai,Dadar West,30000000,29006882.03,993117.97,3.31,Gradient Boosting
PROP-0CB2D2F633B0,Bengaluru,Manchapanahalli,13000000,12691622.46,308377.54,2.37,Gradient Boosting
PROP-7CDF376AB586,Kolkata,Garia,3500000,2809825.09,690174.91,19.72,Gradient Boosting
PROP-1538AE991581,Bengaluru,Sg Palya,10000000,10103474.33,103474.33,1.03,Gradient Boosting
PROP-79142883924B,Kolkata,Barrackpore,9800000,7830978.38,1969021.62,20.09,Gradient Boosting
PROP-43232A2796DD,Bengaluru,Kattigenahalli,24000000,18599073.35,5400926.65,22.5,Gradient Boosting
PROP-6D07632670C1,Bengaluru,Mallasandra,7500000,6955323.82,544676.18,7.26,Gradient Boosting
PROP-CDA2A0AB5F39,Pune,Parvati Darshan,3200000,3721610.36,521610.36,16.3,Gradient Boosting
PROP-4F37C5473479,Delhi,Dilshad Garden,14000000,13448106.41,551893.59,3.94,Gradient Boosting
PROP-AA0CC1E67A59,Bengaluru,Kommasandra,10000000,8909139.93,1090860.07,10.91,Gradient Boosting
PROP-BCC62E9D8CA7,Delhi,Sangam Vihar,1600000,1739494.16,139494.16,8.72,Gradient Boosting
PROP-8674AFDD7453,Kolkata,Joka,3200000,3150261.9,49738.1,1.55,Gradient Boosting
PROP-81451D2EC9FC,Bengaluru,Lakshmipura,1100000,1085334.02,14665.98,1.33,Gradient Boosting
PROP-D6354C3BA88B,Bengaluru,Basavanagudi,17000000,18605212.8,1605212.8,9.44,Gradient Boosting
PROP-7D9769ED2EB4,Delhi,Khajoori Khas,3100000,2835178.34,264821.66,8.54,Gradient Boosting
PROP-A25837FE2A48,Kolkata,Purba Barisha,1800000,1352186.27,447813.73,24.88,Gradient Boosting
PROP-9BBD27CEFE61,Kolkata,Budge Budge,33000000,14580961.58,18419038.42,55.82,Gradient Boosting
PROP-8A5280BE3040,Mumbai,Virar East,4000000,3096341.31,903658.69,22.59,Gradient Boosting
PROP-A45DE8E14893,Bengaluru,Yelahanka,21000000,18913709.74,2086290.26,9.93,Gradient Boosting
PROP-2E315B85AA19,Bengaluru,Mallathahalli,4000000,4868490.14,868490.14,21.71,Gradient Boosting
PROP-A33622E96107,Mumbai,Virar West,6500000,5567487.98,932512.02,14.35,Gradient Boosting
PROP-F988B92E3135,Bengaluru,Jp Nagar,4700000,4379638.79,320361.21,6.82,Gradient Boosting
PROP-5A776B4F1FE1,Bengaluru,Thotada Guddadhalli Village,8700000,7309632.0,1390368.0,15.98,Gradient Boosting
PROP-017B72AECABE,Bengaluru,Krishnarajapura,4250000,4012670.36,237329.64,5.58,Gradient Boosting
PROP-5AE4A2894023,Bengaluru,Kengeri,5100000,4912504.77,187495.23,3.68,Gradient Boosting
PROP-2268B607C7B6,Pune,Kothrud,8790000,8123558.66,666441.34,7.58,Gradient Boosting
PROP-EF39E08A9BB0,Kolkata,Sodepur,25000000,20843601.83,4156398.17,16.63,Gradient Boosting
PROP-195C8A240117,Delhi,Ghitorni,1500000,1575366.23,75366.23,5.02,Gradient Boosting
PROP-1FE3CF76897B,Mumbai,Kandivali West,6900000,7350970.54,450970.54,6.54,Gradient Boosting
PROP-DD320D8AA42A,Mumbai,Vikhroli East,5000000,5508379.15,508379.15,10.17,Gradient Boosting
PROP-A33813256EF4,Mumbai,Jogeshwari West,12500000,16806930.29,4306930.29,34.46,Gradient Boosting
PROP-D6F6F704AE6B,Pune,Range Hill Estate,12000000,14547947.1,2547947.1,21.23,Gradient Boosting
PROP-26F6F60CE515,Kolkata,Paschim Barisha,3200000,2716496.92,483503.08,15.11,Gradient Boosting
PROP-6B6B7816E643,Bengaluru,Hsr Layout,5800000,5892489.55,92489.55,1.59,Gradient Boosting
PROP-60A8992057EF,Kolkata,Mahheshtala,3200000,2923100.7,276899.3,8.65,Gradient Boosting
PROP-6CB376B42E54,Bengaluru,Chikbanavara,3200000,3248311.95,48311.95,1.51,Gradient Boosting
PROP-96A023762EBC,Bengaluru,Anekal,17000000,12203290.14,4796709.86,28.22,Gradient Boosting
PROP-DB8EEB99DA27,Kolkata,Tangra,9850000,13460304.32,3610304.32,36.65,Gradient Boosting
PROP-032A58DD7806,Bengaluru,Hemmigepura,110000000,98114903.16,11885096.84,10.8,Gradient Boosting
PROP-426D2AAA7CEB,Bengaluru,Singasandra,5000000,5730316.24,730316.24,14.61,Gradient Boosting
PROP-0DC2EC49750F,Pune,Baramati,14000000,11179722.24,2820277.76,20.14,Gradient Boosting
PROP-19E7561477F7,Bengaluru,Seegehalli,9400000,11173085.36,1773085.36,18.86,Gradient Boosting
PROP-17AFE0BFDB20,Pune,Uruli Kanchan,1800000,1601174.46,198825.54,11.05,Gradient Boosting
PROP-17E889979BF1,Bengaluru,Malleswaram,40000000,37879373.94,2120626.06,5.3,Gradient Boosting
PROP-B14B320EBDFC,Delhi,Mehrauli,2600000,2821892.21,221892.21,8.53,Gradient Boosting
PROP-DF06ED64B99F,Pune,Vadgaon,2500000,2013140.49,486859.51,19.47,Gradient Boosting
PROP-137C2C005E7D,Bengaluru,Meesaganahalli,30000000,31356637.99,1356637.99,4.52,Gradient Boosting
PROP-63C1E3879D1B,Pune,Sanaswadi,1500000,1294163.73,205836.27,13.72,Gradient Boosting
PROP-F9DB8A32FEB4,Mumbai,Borivali West,10000000,10317134.26,317134.26,3.17,Gradient Boosting
PROP-C1177CD3700D,Mumbai,Virar West,3500000,3945609.61,445609.61,12.73,Gradient Boosting
PROP-65394814C748,Bengaluru,Wilson Garden,18500000,16722247.86,1777752.14,9.61,Gradient Boosting
PROP-004DC79AD105,Bengaluru,Anjanapura Township,4500000,4455438.32,44561.68,0.99,Gradient Boosting
PROP-13CEBE2A0740,Kolkata,Lake Town,8900000,6721080.71,2178919.29,24.48,Gradient Boosting
PROP-79C048CC5D81,Mumbai,Mulund East,9800000,9197654.48,602345.52,6.15,Gradient Boosting
PROP-2ECBEC80534E,Delhi,Janakpuri,10000000,10896345.13,896345.13,8.96,Gradient Boosting
PROP-17234F70D5D2,Bengaluru,Rmv Extension Stage 2,23000000,30819146.82,7819146.82,34.0,Gradient Boosting
PROP-19C1E47746C4,Pune,Katraj,2500000,2299646.3,200353.7,8.01,Gradient Boosting
PROP-D07A88266219,Kolkata,Narendrapur,2492000,2644563.07,152563.07,6.12,Gradient Boosting
PROP-ED894EF05DC0,Kolkata,Mukundapur,4000000,3268473.62,731526.38,18.29,Gradient Boosting
PROP-FC787D7FB9FB,Pune,Kharadi,5200000,4152445.69,1047554.31,20.15,Gradient Boosting
PROP-CE22265D659C,Bengaluru,Horamavu,8000000,8095861.18,95861.18,1.2,Gradient Boosting
PROP-6F0E4CFD22DB,Kolkata,Narendrapur,2500000,2648029.8,148029.8,5.92,Gradient Boosting
PROP-6BD54E2513A6,Bengaluru,Electronic City,2500000,2522472.58,22472.58,0.9,Gradient Boosting
PROP-A39B58DD3D8D,Delhi,Sarita Vihar,1200000,1094263.66,105736.34,8.81,Gradient Boosting
PROP-2575E406E6ED,Bengaluru,Kumbalgodu,12500000,12650505.18,150505.18,1.2,Gradient Boosting
PROP-B63F0A2B79B8,Pune,Old Sangvi,7000000,7382862.82,382862.82,5.47,Gradient Boosting
PROP-D3DE585BE9BE,Bengaluru,Annapurneshwari Nagar,10500000,9165532.48,1334467.52,12.71,Gradient Boosting
PROP-816F45C228AB,Mumbai,Chandansar,3400000,2948446.51,451553.49,13.28,Gradient Boosting
PROP-E21237B121F4,Delhi,Geeta Colony,11000000,8831097.66,2168902.34,19.72,Gradient Boosting
PROP-18D6071BF955,Pune,Pimpri,3600000,3939752.76,339752.76,9.44,Gradient Boosting
PROP-492710FE2FE9,Bengaluru,Electronic City,3500000,3254438.22,245561.78,7.02,Gradient Boosting
PROP-1A63C13254E9,Bengaluru,Malimakanapura,3300000,3171290.19,128709.81,3.9,Gradient Boosting
PROP-E9A87A15A0EA,Mumbai,Goregaon West,15000000,13428215.02,1571784.98,10.48,Gradient Boosting
PROP-5456B6DC1BE7,Bengaluru,Rr Nagar,7800000,6827618.2,972381.8,12.47,Gradient Boosting
PROP-5BDEEBAF47FC,Pune,Ambegaon Budruk,4000000,4350028.93,350028.93,8.75,Gradient Boosting
PROP-7ED9D16B4A84,Delhi,Tri Nagar,27000000,32687108.34,5687108.34,21.06,Gradient Boosting
PROP-29E8098A6751,Kolkata,Sinthi,4500000,5794002.43,1294002.43,28.76,Gradient Boosting
PROP-6653EDB96020,Pune,Bibwewadi,4200000,3880953.01,319046.99,7.6,Gradient Boosting
PROP-0FDB3B6F821B,Bengaluru,Margondanahalli,9500000,9609821.85,109821.85,1.16,Gradient Boosting
PROP-52424E54F5E3,Kolkata,Ward No 113,3000000,2982576.69,17423.31,0.58,Gradient Boosting
PROP-8F23576DE15A,Bengaluru,Hennur,12000000,9376796.37,2623203.63,21.86,Gradient Boosting
PROP-73AD0F516D1D,Kolkata,Sarsuna,2700000,3434679.83,734679.83,27.21,Gradient Boosting
PROP-6B1B4B888525,Bengaluru,Hampapura,6800000,7330535.59,530535.59,7.8,Gradient Boosting
PROP-31C335EAA49F,Kolkata,Rahara,7500000,6985402.71,514597.29,6.86,Gradient Boosting
PROP-5CE0B820B272,Pune,Shikrapur,5000000,4244248.69,755751.31,15.12,Gradient Boosting
PROP-579AC477C3DE,Delhi,Palam,4800000,4384497.39,415502.61,8.66,Gradient Boosting
PROP-1AFF711E86BC,Mumbai,Santacruz West,120000000,115304753.64,4695246.36,3.91,Gradient Boosting
PROP-63ABB0812E88,Pune,Kharadi,8000000,7943961.33,56038.67,0.7,Gradient Boosting
PROP-2BD3DCFC4E20,Delhi,Sector 15 Rohini,5500000,4666644.51,833355.49,15.15,Gradient Boosting
PROP-F73C51824DEC,Kolkata,Dum Dum Park,2500000,2746105.69,246105.69,9.84,Gradient Boosting
PROP-DD96F911A6F7,Mumbai,Mira Road East,12000000,10012028.75,1987971.25,16.57,Gradient Boosting
PROP-83B677C44E98,Pune,Rasta Peth,6400000,5514636.16,885363.84,13.83,Gradient Boosting
PROP-EC60233BBF5C,Kolkata,International Airport,3600000,3179542.68,420457.32,11.68,Gradient Boosting
PROP-CEAB7897D726,Mumbai,Nalasopara West,2700000,2582661.06,117338.94,4.35,Gradient Boosting
PROP-6C88132DD7DA,Bengaluru,Electronic City Phase Ii,7500000,7085175.41,414824.59,5.53,Gradient Boosting
PROP-31228546D8E5,Mumbai,Goregaon West,10000000,8958030.48,1041969.52,10.42,Gradient Boosting
PROP-91A5C082A239,Delhi,Kalkaji Extension,60000000,56708951.58,3291048.42,5.49,Gradient Boosting
PROP-8019381B2D7D,Mumbai,Goregaon East,17500000,14860884.56,2639115.44,15.08,Gradient Boosting
PROP-12F866BB884B,Kolkata,Ballygunge,25700000,24077844.84,1622155.16,6.31,Gradient Boosting
PROP-F72F006C0A67,Delhi,Bawana,1500000,2096744.15,596744.15,39.78,Gradient Boosting
PROP-7E7631D90398,Pune,Spine Road,3600000,3588344.09,11655.91,0.32,Gradient Boosting
PROP-EC3016304151,Kolkata,Garia,2500000,3416598.19,916598.19,36.66,Gradient Boosting
PROP-300301509063,Delhi,Jahangirpuri,8000000,8103711.08,103711.08,1.3,Gradient Boosting
PROP-3B8E9D1E24A9,Bengaluru,Sollepura Village,5500000,5259573.22,240426.78,4.37,Gradient Boosting
PROP-4D8AAFAF4DD6,Kolkata,Kalighat,6000000,7292422.31,1292422.31,21.54,Gradient Boosting
PROP-4A67F7047825,Bengaluru,Jakkur,14000000,14713059.13,713059.13,5.09,Gradient Boosting
PROP-B77E72E72087,Mumbai,Virar West,5800000,5736414.17,63585.83,1.1,Gradient Boosting
PROP-F0513E15F390,Delhi,Shahdara,10800000,11122400.49,322400.49,2.99,Gradient Boosting
PROP-D0706C8D1125,Delhi,Kondli,7000000,10021892.85,3021892.85,43.17,Gradient Boosting
PROP-F831E33D8CE1,Mumbai,Andheri East,8900000,8446903.48,453096.52,5.09,Gradient Boosting
PROP-ED4B5382AB51,Pune,Bibwewadi,1500000,1451166.67,48833.33,3.26,Gradient Boosting
PROP-81EF362EBECE,Kolkata,Baranagar,2500000,2656785.72,156785.72,6.27,Gradient Boosting
PROP-A8AA091D3765,Bengaluru,Whitefield,5000000,4933369.98,66630.02,1.33,Gradient Boosting
PROP-18F7A2458638,Bengaluru,Doddaballapura,4200000,4748074.24,548074.24,13.05,Gradient Boosting
PROP-0321031F9CA0,Pune,Karve Nagar,3900000,4082356.72,182356.72,4.68,Gradient Boosting
PROP-475474C549DB,Mumbai,Chembur,44000000,43014890.96,985109.04,2.24,Gradient Boosting
PROP-8185CC7A850D,Mumbai,Vasai East,5300000,5159770.72,140229.28,2.65,Gradient Boosting
PROP-8F9EBDE4207B,Bengaluru,Medahalli,8500000,7408685.48,1091314.52,12.84,Gradient Boosting
PROP-C3F6C9C06157,Mumbai,Borivali West,12000000,12095751.57,95751.57,0.8,Gradient Boosting
PROP-EAF92F8DDDD9,Bengaluru,Shivaji Nagar,4500000,3704115.43,795884.57,17.69,Gradient Boosting
PROP-1E5AC3A07E08,Bengaluru,Vidyaranyapura,11500000,10366621.32,1133378.68,9.86,Gradient Boosting
PROP-CD7F112A1F19,Kolkata,New Alipore,5000000,4250083.67,749916.33,15.0,Gradient Boosting
PROP-E9D356433740,Kolkata,Belgachia,5000000,4151894.28,848105.72,16.96,Gradient Boosting
PROP-D1F20278616A,Delhi,Holambi Kalan,4000000,4005505.85,5505.85,0.14,Gradient Boosting
PROP-A58A2DD68E92,Delhi,Baprola,4850000,5559010.25,709010.25,14.62,Gradient Boosting
PROP-F8B16DBA4627,Mumbai,Borivali West,5500000,5488814.28,11185.72,0.2,Gradient Boosting
PROP-5F88C1FDBD2B,Pune,Shivane,2250000,2131653.03,118346.97,5.26,Gradient Boosting
PROP-A41CEBC7E2BC,Kolkata,Baghajatin,2000000,1636703.14,363296.86,18.16,Gradient Boosting
PROP-23629863AED7,Bengaluru,Koramangala,60000000,58314477.11,1685522.89,2.81,Gradient Boosting
PROP-CEADB7303C32,Bengaluru,Banashankari,8000000,8297371.33,297371.33,3.72,Gradient Boosting
PROP-F24A817B0BB3,Bengaluru,Whitefield,13000000,12064189.81,935810.19,7.2,Gradient Boosting
PROP-187FFC381A62,Bengaluru,Gollarapalya Hosahalli,5800000,5757346.85,42653.15,0.74,Gradient Boosting
PROP-C01B4B736A4B,Bengaluru,Banashankari,20000000,17797767.54,2202232.46,11.01,Gradient Boosting
PROP-20A016CF8804,Kolkata,Sonarpur,1250000,1450551.15,200551.15,16.04,Gradient Boosting
PROP-0C2F959D4D5F,Mumbai,Borivali West,19500000,19842590.9,342590.9,1.76,Gradient Boosting
PROP-7333F24AF932,Kolkata,Golf Green,4000000,4797914.13,797914.13,19.95,Gradient Boosting
PROP-FF44CE499C7D,Kolkata,Narendrapur,6700000,7008283.13,308283.13,4.6,Gradient Boosting
PROP-BDA85CF43BCD,Bengaluru,Subramanyapura,14000000,12853883.57,1146116.43,8.19,Gradient Boosting
PROP-4ABBEB8C8EFE,Kolkata,Hussainpur,22500000,12265102.5,10234897.5,45.49,Gradient Boosting
PROP-8F876ABDB135,Pune,Old Sangvi,4200000,4000716.01,199283.99,4.74,Gradient Boosting
PROP-487B76347674,Kolkata,South Dum Dum,2280000,1874719.29,405280.71,17.78,Gradient Boosting
PROP-D1C9187B98AF,Kolkata,Ariadaha,9400000,4558524.7,4841475.3,51.51,Gradient Boosting
PROP-B44ADED90535,Chennai,Ammapettai,4600000,4586696.73,13303.27,0.29,Gradient Boosting
PROP-C31DB34FF0D3,Delhi,Palam,7000000,6770524.58,229475.42,3.28,Gradient Boosting
PROP-1892550EBA4A,Pune,Ranjangaon,2000000,1731468.06,268531.94,13.43,Gradient Boosting
PROP-367B62AD49A1,Delhi,Bindapur,19500000,18289440.05,1210559.95,6.21,Gradient Boosting
PROP-D5FCD42BDEEF,Chennai,Mudichur,7200000,5851018.27,1348981.73,18.74,Gradient Boosting
PROP-E154E3205E2A,Bengaluru,Abbigere,7550000,6995337.02,554662.98,7.35,Gradient Boosting
PROP-F7FA9F287617,Bengaluru,Bilekahalli,35000000,34088618.58,911381.42,2.6,Gradient Boosting
PROP-4A16392BC138,Delhi,Ganesh Nagar,7900000,7660406.17,239593.83,3.03,Gradient Boosting
PROP-0A29C2A8F8A1,Chennai,Tambaram Sanatoruim,3000000,2321512.58,678487.42,22.62,Gradient Boosting
PROP-7BE9CAFEBA1C,Kolkata,Baguiati,7000000,4565562.14,2434437.86,34.78,Gradient Boosting
PROP-0BF5794C6B75,Pune,Thergaon,4950000,4247837.6,702162.4,14.19,Gradient Boosting
PROP-D2325D491495,Bengaluru,Hennur,7500000,5949182.74,1550817.26,20.68,Gradient Boosting
PROP-EBF2F6F7634C,Pune,Mundhwa,7200000,7321706.71,121706.71,1.69,Gradient Boosting
PROP-52847602F1D0,Hyderabad,Manikonda,14000000,14413213.58,413213.58,2.95,Gradient Boosting
PROP-2C0F2A4C92AB,Kolkata,Sodepur,2200000,2612431.64,412431.64,18.75,Gradient Boosting
PROP-94DF5E9CBD2F,Delhi,Shalimar Bagh,9000000,9631195.56,631195.56,7.01,Gradient Boosting
PROP-F2279325BB75,Chennai,Chengalpattu,3580000,3814231.61,234231.61,6.54,Gradient Boosting
PROP-37F1DD44301E,Chennai,Siruniam,5500000,7167826.94,1667826.94,30.32,Gradient Boosting
PROP-D021C122927C,Pune,Mamurdi,4400000,4088259.25,311740.75,7.09,Gradient Boosting
PROP-1E407215FBA1,Hyderabad,Kapra,4700000,5090728.66,390728.66,8.31,Gradient Boosting
PROP-E0DC804C0B86,Delhi,Tri Nagar,2600000,2907980.88,307980.88,11.85,Gradient Boosting
PROP-185AA95C95FB,Pune,Hadapsar,6500000,7186121.11,686121.11,10.56,Gradient Boosting
PROP-D657C5A90A07,Pune,Dhayari,2500000,2257189.73,242810.27,9.71,Gradient Boosting
PROP-71485F03A905,Delhi,Madhu Vihar,40000000,38261087.45,1738912.55,4.35,Gradient Boosting
PROP-889EF17714F3,Hyderabad,Kothaguda,12500000,8534496.57,3965503.43,31.72,Gradient Boosting
PROP-D7F33BDBF82D,Delhi,Badarpur,2400000,2709964.78,309964.78,12.92,Gradient Boosting
PROP-9C0494989865,Delhi,Tughlakabad,22500000,18259759.57,4240240.43,18.85,Gradient Boosting
PROP-D9D4ABFD4D32,Hyderabad,Ramachandra Puram,14500000,15639820.38,1139820.38,7.86,Gradient Boosting
PROP-10B0F1EAFA44,Bengaluru,T Dasarahalli,5500000,5266029.17,233970.83,4.25,Gradient Boosting
PROP-3B51AE728A42,Pune,Charholi Budruk,2800000,2802498.26,2498.26,0.09,Gradient Boosting
PROP-53797FACF5D3,Chennai,Ambattur,6500000,5354150.22,1145849.78,17.63,Gradient Boosting
PROP-6E7FCEF32621,Delhi,Mahipalpur,4000000,3863729.27,136270.73,3.41,Gradient Boosting
PROP-55B8C2C99F09,Hyderabad,Dammaiguda,7300000,8571700.47,1271700.47,17.42,Gradient Boosting
PROP-35A62E77D2F7,Bengaluru,Jayamahal,19900000,19585915.44,314084.56,1.58,Gradient Boosting
PROP-7CDB27CCC56B,Hyderabad,Alwal,55000000,23890697.81,31109302.19,56.56,Gradient Boosting
PROP-A643398A5BF2,Bengaluru,Kodigehalli,6900000,6825057.37,74942.63,1.09,Gradient Boosting
PROP-1900A53A5797,Bengaluru,Electronic City Phase Ii,4400000,4591034.98,191034.98,4.34,Gradient Boosting
PROP-C786AD732AC5,Bengaluru,Bikasipura,40000000,41944330.73,1944330.73,4.86,Gradient Boosting
PROP-24C399D085C4,Pune,Chikhali,1500000,1482747.82,17252.18,1.15,Gradient Boosting
PROP-4E108E499901,Pune,Vadgaon,2300000,2606312.93,306312.93,13.32,Gradient Boosting
PROP-7D4EAF9BC50D,Chennai,Oragadam Sriperambattur,975000,1297857.75,322857.75,33.11,Gradient Boosting
PROP-9D111CED81B6,Mumbai,Mira Road East,5800000,5677266.25,122733.75,2.12,Gradient Boosting
PROP-43E2AB6143AF,Bengaluru,Rk Hegde Nagar,23500000,21708767.76,1791232.24,7.62,Gradient Boosting
PROP-33CEC28EED1E,Delhi,Sector 39 Rohini,3500000,3188728.96,311271.04,8.89,Gradient Boosting
PROP-E77308E8B287,Chennai,Padur,3000000,2301705.93,698294.07,23.28,Gradient Boosting
PROP-436A7F43FB2F,Bengaluru,Mattanahalli,7500000,6889886.89,610113.11,8.13,Gradient Boosting
PROP-E4AFF5DBC147,Chennai,Ayappakkam,1750000,2769673.93,1019673.93,58.27,Gradient Boosting
PROP-5C38ECF1B9E5,Pune,Aundh,210000000,177116935.83,32883064.17,15.66,Gradient Boosting
PROP-7B652EDE98B9,Pune,Dhankawadi,6500000,5940616.96,559383.04,8.61,Gradient Boosting
PROP-760F1D16ADEF,Chennai,Periyapalayam,3500000,7065662.35,3565662.35,101.88,Gradient Boosting
PROP-7410C553135C,Pune,Pimpri,9500000,8636381.61,863618.39,9.09,Gradient Boosting
PROP-2A7024014AE1,Bengaluru,Benson Town,30000000,29910634.92,89365.08,0.3,Gradient Boosting
PROP-CC4DACB736AD,Chennai,Kolathur,8100000,4570375.09,3529624.91,43.58,Gradient Boosting
PROP-6B9EE1A5C0C2,Hyderabad,Bachupally,5500000,5628124.48,128124.48,2.33,Gradient Boosting
PROP-0E2D8AF27993,Chennai,Chetpet,9000000,12196873.84,3196873.84,35.52,Gradient Boosting
PROP-C50F3D2E75CA,Pune,Pirangut,2500000,2315548.63,184451.37,7.38,Gradient Boosting
PROP-5DA698499EBB,Hyderabad,Aminpur,6000000,7431383.63,1431383.63,23.86,Gradient Boosting
PROP-9796C9C039FE,Delhi,Burari,8000000,8483968.38,483968.38,6.05,Gradient Boosting
PROP-AFB5153F0914,Delhi,Kalu Sarai,17000000,14642037.25,2357962.75,13.87,Gradient Boosting
PROP-F20778F6FFA7,Kolkata,Rajpur,3600000,3824241.81,224241.81,6.23,Gradient Boosting
PROP-EC5EC5B938A9,Delhi,Vasundhara Enclave,7400000,7255987.91,144012.09,1.95,Gradient Boosting
PROP-0D42BA65D940,Pune,Shaniwar Peth,7800000,7077954.2,722045.8,9.26,Gradient Boosting
PROP-69C56DAAB05A,Chennai,Thirumullaivoyal,4200000,3931856.78,268143.22,6.38,Gradient Boosting
PROP-7A682F6B298F,Kolkata,Rahara,2150000,1960289.63,189710.37,8.82,Gradient Boosting
PROP-FB79FF41B652,Mumbai,Santacruz East,31000000,24904344.69,6095655.31,19.66,Gradient Boosting
PROP-5F2AD249503E,Bengaluru,Banashankari,11500000,9485767.96,2014232.04,17.52,Gradient Boosting
PROP-B13AA9A7FC87,Pune,Wakad,6000000,5458303.42,541696.58,9.03,Gradient Boosting
PROP-6A94BF091483,Chennai,Chengalpattu,3270000,2897383.96,372616.04,11.39,Gradient Boosting
PROP-5883DDB271CD,Kolkata,Barrackpore,4600000,2935767.21,1664232.79,36.18,Gradient Boosting
PROP-6741AF8F9998,Kolkata,Mukundapur,3000000,3495828.28,495828.28,16.53,Gradient Boosting
PROP-17A3E5877C77,Pune,Talegaon Dabhade,3700000,3758958.82,58958.82,1.59,Gradient Boosting
PROP-F3482FB5E361,Bengaluru,Ashok Nagar,50000000,33091284.51,16908715.49,33.82,Gradient Boosting
PROP-B1090F62B421,Kolkata,Rajpur,3500000,3836404.15,336404.15,9.61,Gradient Boosting
PROP-FDC65DFBEA58,Bengaluru,Kadumuthsandra Plantation,8350000,7429095.78,920904.22,11.03,Gradient Boosting
PROP-18502A7488C5,Hyderabad,Kokapet,7000000,10429716.15,3429716.15,49.0,Gradient Boosting
PROP-A1D5ADCDCF91,Bengaluru,Thanisandra,20600000,14462666.22,6137333.78,29.79,Gradient Boosting
PROP-C0522DF831F1,Pune,Saswad,2000000,1763557.45,236442.55,11.82,Gradient Boosting
PROP-9AFE824D460F,Delhi,Dilshad Garden,20000000,18827408.76,1172591.24,5.86,Gradient Boosting
PROP-D414BF9C4C6D,Pune,Jambhe,5200000,4699043.51,500956.49,9.63,Gradient Boosting
PROP-DBFB07E88FA8,Delhi,Nangloi,7000000,7412890.96,412890.96,5.9,Gradient Boosting
PROP-7795861A2C71,Bengaluru,Lingadheeranahalli,13500000,11108358.83,2391641.17,17.72,Gradient Boosting
PROP-25FAB7A392D5,Bengaluru,Benson Town,19500000,21991744.47,2491744.47,12.78,Gradient Boosting
PROP-6878795CC437,Bengaluru,Ramohalli,2000000,1705408.59,294591.41,14.73,Gradient Boosting
PROP-793527053013,Chennai,Perambur,20000000,18837864.62,1162135.38,5.81,Gradient Boosting
PROP-4D40B1A20187,Delhi,Sector 22 Rohini,5000000,5522906.17,522906.17,10.46,Gradient Boosting
PROP-1D241C964D3C,Bengaluru,Srirampuram,9500000,11299557.62,1799557.62,18.94,Gradient Boosting
PROP-4D163C1AFE0C,Pune,Kasarwadi,4614000,3245387.89,1368612.11,29.66,Gradient Boosting
PROP-22B629DD2066,Chennai,Raja Annamalai Puram,78000000,41967121.17,36032878.83,46.2,Gradient Boosting
PROP-46E0F6890D9C,Delhi,Khirki Extension,4500000,4300412.32,199587.68,4.44,Gradient Boosting
PROP-B7F928A6C47F,Pune,Ganga Dham,10500000,9479475.05,1020524.95,9.72,Gradient Boosting
PROP-855B2608AFA2,Bengaluru,Dasarahalli,13500000,11106561.17,2393438.83,17.73,Gradient Boosting
PROP-1D16DAD57337,Bengaluru,Mathikere,8000000,6932577.87,1067422.13,13.34,Gradient Boosting
PROP-A758AAA67652,Chennai,Chengalpattu,1620000,2067361.98,447361.98,27.61,Gradient Boosting
PROP-AA0F0DFCBD68,Kolkata,Malancha Mahi Nagar,4000000,3660446.39,339553.61,8.49,Gradient Boosting
PROP-BA4CA07F778B,Pune,Bopodi,8000000,7000903.1,999096.9,12.49,Gradient Boosting
PROP-166A5C71ABDE,Bengaluru,Lingadheeranahalli,36000000,34357580.77,1642419.23,4.56,Gradient Boosting
PROP-B999F27E41BF,Delhi,Ghitorni,6000000,6950818.57,950818.57,15.85,Gradient Boosting
PROP-19DDE35CCD8A,Delhi,Neb Sarai,8000000,8175859.09,175859.09,2.2,Gradient Boosting
PROP-5943EA2A5D22,Mumbai,Dahisar East,10000000,10644559.72,644559.72,6.45,Gradient Boosting
PROP-BB7E6C12AC01,Bengaluru,Kengeri Satellite Town,14200000,15247808.01,1047808.01,7.38,Gradient Boosting
PROP-01433059BC75,Bengaluru,Manganahalli,6800000,5861598.64,938401.36,13.8,Gradient Boosting
PROP-31C798C91564,Mumbai,Govandi,11500000,10594733.83,905266.17,7.87,Gradient Boosting
PROP-CD3474A91816,Pune,Dhankawadi,2000000,1902933.47,97066.53,4.85,Gradient Boosting
PROP-C9949DC0A262,Kolkata,Shobhabazar,7000000,8489867.98,1489867.98,21.28,Gradient Boosting
PROP-96E056482E02,Kolkata,Arapanch,890000,1213556.76,323556.76,36.35,Gradient Boosting
PROP-82B11312217F,Bengaluru,Basavanagudi,25000000,23055820.6,1944179.4,7.78,Gradient Boosting
PROP-240CD3A55659,Bengaluru,Thavarekere,27000000,26183939.33,816060.67,3.02,Gradient Boosting
PROP-BA61B976B4F6,Bengaluru,Hebbal Kempapura,11000000,12340064.69,1340064.69,12.18,Gradient Boosting
PROP-2CE536CC8739,Bengaluru,Koti Hosahalli,7800000,8177553.83,377553.83,4.84,Gradient Boosting
PROP-64BCC534DEE6,Bengaluru,Mahadevapura,20000000,19671898.07,328101.93,1.64,Gradient Boosting
PROP-5AA6F43284B1,Bengaluru,Byandahalli,1200000,1348035.3,148035.3,12.34,Gradient Boosting
PROP-96F57B5AEFA0,Delhi,Sonia Vihar,1700000,1717800.29,17800.29,1.05,Gradient Boosting
PROP-2D43F1D425FE,Bengaluru,Kengeri Satellite Town,60000000,47535510.02,12464489.98,20.77,Gradient Boosting
PROP-4F52AFBE4481,Bengaluru,Basavanagudi,17200000,17155407.3,44592.7,0.26,Gradient Boosting
PROP-F51837D84A18,Bengaluru,Bilekahalli,6500000,6062467.43,437532.57,6.73,Gradient Boosting
PROP-E9AA40D73839,Kolkata,Vip Nagar,25000000,16230517.68,8769482.32,35.08,Gradient Boosting
PROP-17520DAA4844,Delhi,Dilshad Garden,6500000,7392375.54,892375.54,13.73,Gradient Boosting
PROP-5248E691D853,Bengaluru,Bagalur,13500000,12894738.18,605261.82,4.48,Gradient Boosting
PROP-2373D0335E39,Delhi,Vikaspuri,20000000,18369734.89,1630265.11,8.15,Gradient Boosting
PROP-AAAE434A61C7,Kolkata,Purba Barisha,2000000,2294105.92,294105.92,14.71,Gradient Boosting
PROP-72786BFF6EAA,Pune,Pimple Gurav,1800000,1810490.75,10490.75,0.58,Gradient Boosting
PROP-4E119C9A393B,Bengaluru,Horamavu,7500000,8119871.44,619871.44,8.26,Gradient Boosting
PROP-F9E5BC2B5E4D,Mumbai,Mulund East,15700000,15542041.45,157958.55,1.01,Gradient Boosting
PROP-31008C689D06,Bengaluru,Konanakunte,15500000,13299936.31,2200063.69,14.19,Gradient Boosting
PROP-85ED57411480,Bengaluru,Nelamangala,5000000,4863302.29,136697.71,2.73,Gradient Boosting
PROP-183AE0AF5AE6,Pune,Ambegaon Budruk,1500000,1493028.41,6971.59,0.46,Gradient Boosting
PROP-0A19937F8406,Kolkata,Raghunathpur,10000000,2428191.73,7571808.27,75.72,Gradient Boosting
PROP-D500B4A219BE,Kolkata,North Dum Dum,1710000,3249665.96,1539665.96,90.04,Gradient Boosting
PROP-E86E6EB2AD72,Bengaluru,Madanayakahalli,6000000,4917725.79,1082274.21,18.04,Gradient Boosting
PROP-C276C177DD60,Pune,Chakan,2800000,3201249.22,401249.22,14.33,Gradient Boosting
PROP-C88DFE50F2E1,Bengaluru,Rajanukunte,3000000,3704665.72,704665.72,23.49,Gradient Boosting
PROP-148BB89A7939,Kolkata,Rajpur,5000000,8550868.16,3550868.16,71.02,Gradient Boosting
PROP-30F29209C14E,Bengaluru,Belathur,6500000,6416689.8,83310.2,1.28,Gradient Boosting
PROP-29354BFCA92E,Mumbai,Mira Road East,11600000,10796929.59,803070.41,6.92,Gradient Boosting
PROP-E452AD5A4404,Mumbai,Kandivali East,18000000,16525466.44,1474533.56,8.19,Gradient Boosting
PROP-C61FB9FBC1BC,Pune,Aundh,3000000,2946523.69,53476.31,1.78,Gradient Boosting
PROP-BF118ED57912,Delhi,Chhattarpur,1050000,1036895.32,13104.68,1.25,Gradient Boosting
PROP-1D500711B9EE,Delhi,East Of Kailash,3800000,3971152.87,171152.87,4.5,Gradient Boosting
PROP-C6B3FD9F35D1,Mumbai,Kandivali East,11000000,11420380.25,420380.25,3.82,Gradient Boosting
PROP-BFE4844C22B9,Pune,Dighi,2100000,2340736.16,240736.16,11.46,Gradient Boosting
PROP-FF3B1A6CD2B7,Kolkata,Malancha Mahi Nagar,4300000,3642151.48,657848.52,15.3,Gradient Boosting
PROP-E9B36E61B507,Pune,Shikrapur,1050000,1197854.41,147854.41,14.08,Gradient Boosting
PROP-F206E84CFE29,Bengaluru,Hennur,7000000,7384150.16,384150.16,5.49,Gradient Boosting
PROP-49EDA638686D,Bengaluru,Kadubeesanahalli,7200000,6255554.24,944445.76,13.12,Gradient Boosting
PROP-C1F9EB831B63,Kolkata,Kalighat,11000000,5742101.78,5257898.22,47.8,Gradient Boosting
PROP-0C1FC6D41250,Bengaluru,Hemmigepura,12400000,12820630.63,420630.63,3.39,Gradient Boosting
PROP-B8888E831EFC,Bengaluru,Krishnarajapura,13500000,11409194.1,2090805.9,15.49,Gradient Boosting
PROP-B4DC2995CB05,Bengaluru,Bommasandra,4300000,4059106.36,240893.64,5.6,Gradient Boosting
PROP-3D1E10AFAEEE,Bengaluru,Gollarapalya,14500000,14442121.07,57878.93,0.4,Gradient Boosting
PROP-25D885A113E6,Bengaluru,Munnekollal,17200000,17265091.88,65091.88,0.38,Gradient Boosting
PROP-1BC89038386F,Chennai,Kovilambakkam,6000000,6062437.57,62437.57,1.04,Gradient Boosting
PROP-5A93ECCCA934,Hyderabad,Malakpet,4000000,4860359.5,860359.5,21.51,Gradient Boosting
PROP-306ABCB5EAF2,Delhi,Shahdara,9800000,10327065.65,527065.65,5.38,Gradient Boosting
PROP-76E0F054D628,Delhi,Malka Ganj,4000000,3847024.77,152975.23,3.82,Gradient Boosting
PROP-047393173888,Pune,Yashwantrao Chavan Nagar,13200000,12568422.93,631577.07,4.78,Gradient Boosting
PROP-299EECD690EE,Pune,Koregaon Bhima,200000,208281.98,8281.98,4.14,Gradient Boosting
PROP-50C67EA09DDF,Pune,Nigdi,2985000,2875135.11,109864.89,3.68,Gradient Boosting
PROP-AE14E8110F88,Delhi,Sangam Vihar,6000000,5902588.07,97411.93,1.62,Gradient Boosting
PROP-95A0856F2CBD,Bengaluru,Attiguppe,7300000,8338779.42,1038779.42,14.23,Gradient Boosting
PROP-D47A58EA54B9,Pune,Mundhwa,4500000,4669793.57,169793.57,3.77,Gradient Boosting
PROP-BF35C650C25A,Delhi,Ashok Vihar,53000000,41165969.97,11834030.03,22.33,Gradient Boosting
PROP-932E8C3E8828,Delhi,New Ashok Nagar,9500000,11013314.7,1513314.7,15.93,Gradient Boosting
PROP-F8DB9F59EF80,Delhi,Fateh Nagar,2949000,2289074.72,659925.28,22.38,Gradient Boosting
PROP-8F904426DF9B,Delhi,Preet Vihar,72500000,80581957.07,8081957.07,11.15,Gradient Boosting
PROP-2FB6EB68543F,Bengaluru,Mallasandra,4700000,4546672.96,153327.04,3.26,Gradient Boosting
PROP-B5C5275AB9C6,Kolkata,Bantala,4000000,4271461.87,271461.87,6.79,Gradient Boosting
PROP-24B4B4BF9927,Mumbai,Vile Parle West,16000000,12188928.44,3811071.56,23.82,Gradient Boosting
PROP-C9DEEF9F6FD0,Mumbai,Girgaon,8300000,7707205.08,592794.92,7.14,Gradient Boosting
PROP-A8782B94B1FB,Bengaluru,Electronic City,6900000,6848749.9,51250.1,0.74,Gradient Boosting
PROP-0D0D2526274C,Bengaluru,Basaveshwara Nagar,50000000,44493698.37,5506301.63,11.01,Gradient Boosting
PROP-ED0F0C749FE5,Pune,Vadgaon Budruk,6500000,5298315.22,1201684.78,18.49,Gradient Boosting
PROP-906C4D9BF500,Pune,Akurdi,10500000,9437920.75,1062079.25,10.12,Gradient Boosting
PROP-DE93B035A606,Pune,Tathawade,10500000,11322192.58,822192.58,7.83,Gradient Boosting
PROP-D31A53E98564,Mumbai,Borivali West,11000000,10983619.05,16380.95,0.15,Gradient Boosting
PROP-C74862BA88D2,Pune,Shukrawar Peth,6500000,5801534.93,698465.07,10.75,Gradient Boosting
PROP-798DF8D0BD87,Bengaluru,Byalahalli,13000000,13485926.27,485926.27,3.74,Gradient Boosting
PROP-2116C7174CE2,Delhi,Sector 38 Rohini,4000000,3909626.07,90373.93,2.26,Gradient Boosting
PROP-FCE181DB5E88,Bengaluru,Anchepalya,8750000,7934922.99,815077.01,9.32,Gradient Boosting
PROP-79C5F46E0121,Pune,Moshi,3300000,3680028.8,380028.8,11.52,Gradient Boosting
PROP-1FC054B5A2B9,Bengaluru,Akshayanagar,6000000,5912613.51,87386.49,1.46,Gradient Boosting
PROP-254341295E71,Delhi,Krishna Nagar,13000000,11057927.4,1942072.6,14.94,Gradient Boosting
PROP-50D58314C956,Bengaluru,Seegehalli,2790000,2393918.38,396081.62,14.2,Gradient Boosting
PROP-CDBFC212F53F,Mumbai,Worli,18000000,14044602.65,3955397.35,21.97,Gradient Boosting
PROP-8D44D58FF6C4,Bengaluru,Magadi,6200000,6525492.9,325492.9,5.25,Gradient Boosting
PROP-7EE9CAF04D31,Bengaluru,Kodalagurki,120000000,132555697.74,12555697.74,10.46,Gradient Boosting
PROP-98A8DEC685FD,Bengaluru,Billapura,2700000,2780885.6,80885.6,3.0,Gradient Boosting
PROP-A36A2656F40A,Bengaluru,Electronic City Phase Ii,11000000,10734645.68,265354.32,2.41,Gradient Boosting
PROP-0F1ADDA1EACE,Bengaluru,Krishnarajapura,15500000,16330067.0,830067.0625,5.360000133514404,Basic XGBoost
PROP-6F83A6D3852B,Bengaluru,Jayanagar,26000000,22544844.0,3455155.75,13.289999961853027,Basic XGBoost
PROP-4008DD617BF1,Bengaluru,Yelahanka New Town,18600000,17699296.0,900704.0,4.840000152587891,Basic XGBoost
PROP-B9B2AAC7A639,Bengaluru,Whitefield,6500000,6573799.5,73799.5,1.1399999856948853,Basic XGBoost
PROP-D1C9AD6C2BCA,Delhi,Jhilmil Colony,3200000,3615360.0,415360.0,12.979999542236328,Basic XGBoost
PROP-ECCDFA70D232,Bengaluru,Gulimangala,2700000,2862653.75,162653.75,6.019999980926514,Basic XGBoost
PROP-FF857BF81E6E,Delhi,Khajoori Khas,3200000,3353548.5,153548.5,4.800000190734863,Basic XGBoost
PROP-40C08E07FCFB,Bengaluru,Muneshwara Nagar,13800000,12936367.0,863632.9375,6.260000228881836,Basic XGBoost
PROP-F7124BC5510D,Chennai,Triplicane,12000000,5923411.0,6076589.0,50.63999938964844,Basic XGBoost
PROP-CE6A3427554C,Bengaluru,Varadharaja Nagar,15300000,12589664.0,2710336.0,17.709999084472656,Basic XGBoost
PROP-3CED2FDE8A58,Delhi,Janakpuri,14500000,16850044.0,2350044.0,16.209999084472656,Basic XGBoost
PROP-6A7EA85260A1,Delhi,Hari Nagar Ashram,9500000,8614528.0,885472.0,9.319999694824219,Basic XGBoost
PROP-FD46C175A248,Delhi,Dakshinpuri,6000000,5961278.5,38721.0,0.6499999761581421,Basic XGBoost
PROP-1EF26093DE56,Bengaluru,Jalahalli West,14000000,14215517.0,215518.0,1.5399999618530273,Basic XGBoost
PROP-7177F8BF160A,Bengaluru,Anchepalya,10200000,9197435.0,1002564.9375,9.829999923706055,Basic XGBoost
PROP-3C992F2F9AA5,Bengaluru,Mahadevapura,15500000,14870595.0,629405.0,4.059999942779541,Basic XGBoost
PROP-A5914486DAF1,Bengaluru,Kengeri,4100000,4110680.0,10680.0,0.25999999046325684,Basic XGBoost
PROP-E905984C6E7F,Bengaluru,Thirumalashettyhally,6800000,7748208.0,948208.0,13.9399995803833,Basic XGBoost
PROP-DE2AEB41BFD8,Bengaluru,Bommanahalli,20000000,21099652.0,1099652.0,5.5,Basic XGBoost
PROP-133371EBED09,Bengaluru,Whitefield,6800000,7204753.5,404753.53125,5.949999809265137,Basic XGBoost
PROP-E5F16BB0D4F8,Bengaluru,Jayanagar South,1920000,1375257.75,544742.25,28.3700008392334,Basic XGBoost
PROP-05B0CBFEF2FC,Bengaluru,Doddakammanahalli,8200000,7309751.0,890248.9375,10.859999656677246,Basic XGBoost
PROP-EDF63CB83482,Bengaluru,Gopasandra,27100000,30411792.0,3311792.0,12.220000267028809,Basic XGBoost
PROP-6F36F3D95790,Bengaluru,Parappana Agrahara,3800000,4195379.5,395379.53125,10.399999618530273,Basic XGBoost
PROP-323BB34E2E3D,Bengaluru,Whitefield,4000000,4212599.0,212599.0,5.309999942779541,Basic XGBoost
PROP-8FBB34A4498F,Bengaluru,Chickpete,13000000,12663648.0,336352.0,2.5899999141693115,Basic XGBoost
PROP-4A46646C1E3C,Bengaluru,Udayagiri,12000000,11372837.0,627163.0,5.230000019073486,Basic XGBoost
PROP-EBF1AEE03EE8,Chennai,Thoraipakkam,17500000,38123764.0,20623764.0,117.8499984741211,Basic XGBoost
PROP-F24437E24820,Delhi,Jhilmil Colony,10000000,9534386.0,465614.0,4.659999847412109,Basic XGBoost
PROP-AF537D1D7432,Bengaluru,Basavanagudi,55000000,61016144.0,6016148.0,10.9399995803833,Basic XGBoost
PROP-ABC5A3DB50CB,Delhi,Neb Sarai,1600000,1537799.875,62200.12109375,3.890000104904175,Basic XGBoost
PROP-B612F1E63F8F,Chennai,Ambattur Industrial Estate,5000000,5075606.0,75606.0,1.5099999904632568,Basic XGBoost
PROP-60AFF85F593F,Bengaluru,Byagadadhenahalli,2400000,2248412.25,151587.75,6.320000171661377,Basic XGBoost
PROP-499BFC8A2429,Bengaluru,Hemmigepura,19500000,20418016.0,918016.0,4.710000038146973,Basic XGBoost
PROP-9480C0CD57DC,Delhi,Pandav Nagar,4500000,4914381.5,414381.53125,9.210000038146973,Basic XGBoost
PROP-AAA6D8989B61,Delhi,Aya Nagar,4200000,4392931.0,192931.0,4.590000152587891,Basic XGBoost
PROP-5BEAA167BC26,Delhi,Manglapuri,14000000,14865690.0,865688.9375,6.179999828338623,Basic XGBoost
PROP-A44AB0F92F57,Delhi,New Mustafabad,13000000,10955878.0,2044121.0,15.720000267028809,Basic XGBoost
PROP-A1FA0032D0F3,Bengaluru,Sarjapur,9200000,9110520.0,89480.0,0.9700000286102295,Basic XGBoost
PROP-047C3170CAC9,Chennai,Arumbakkam,8000000,5879137.5,2120863.0,26.510000228881836,Basic XGBoost
PROP-E18AE8DBF20E,Bengaluru,Banashankari,24500000,26625798.0,2125796.0,8.680000305175781,Basic XGBoost
PROP-04AD50F89D92,Bengaluru,Rayasandra,35000000,37503800.0,2503800.0,7.150000095367432,Basic XGBoost
PROP-34997F2EDB2E,Bengaluru,Varadharaja Nagar,8000000,6812930.5,1187069.5,14.84000015258789,Basic XGBoost
PROP-F6AF4019EE97,Delhi,Burari,3000000,3218746.25,218746.234375,7.289999961853027,Basic XGBoost
PROP-26F4E8087C87,Bengaluru,Kasavanahalli,9300000,8969275.0,330725.0,3.559999942779541,Basic XGBoost
PROP-3C130E55B63F,Bengaluru,Sarjapur,5520000,5203379.0,316621.0,5.739999771118164,Basic XGBoost
PROP-D49E710447AD,Chennai,Korattur,6300000,6940310.5,640310.5,10.15999984741211,Basic XGBoost
PROP-F6EF4CBFA712,Bengaluru,Attibele,6500000,7016973.0,516972.46875,7.949999809265137,Basic XGBoost
PROP-CEE7DE526021,Bengaluru,Cooke Town,23000000,24747962.0,1747964.0,7.599999904632568,Basic XGBoost
PROP-24CBB7EFBCEF,Chennai,Puzhal,12200000,11566661.0,633339.0,5.190000057220459,Basic XGBoost
PROP-577DB5BC6FF7,Bengaluru,Anjanapura Township,15000000,15007250.0,7250.0,0.05000000074505806,Basic XGBoost
PROP-1B75C9C2E829,Bengaluru,Chansandra,5800000,6028294.0,228293.5,3.940000057220459,Basic XGBoost
PROP-C288E69E424D,Bengaluru,Jp Nagar,5600000,5690147.0,90147.5,1.6100000143051147,Basic XGBoost
PROP-27CBC63C9A14,Delhi,Patparganj,17500000,17780432.0,280432.0,1.600000023841858,Basic XGBoost
PROP-FC87BD6423DF,Delhi,Chhattarpur,4500000,4855965.0,355965.0,7.909999847412109,Basic XGBoost
PROP-C8E208F6009A,Bengaluru,Kothanur,9000000,7790211.0,1209789.0,13.4399995803833,Basic XGBoost
PROP-3A4347158642,Chennai,Tharapakkam,4500000,4761084.0,261084.0,5.800000190734863,Basic XGBoost
PROP-EDE086559E7D,Bengaluru,Kengeri Satellite Town,4700000,4738340.5,38340.5,0.8199999928474426,Basic XGBoost
PROP-7D8D065FA8EF,Bengaluru,Tharabanahalli,17500000,25762590.0,8262592.0,47.209999084472656,Basic XGBoost
PROP-C8F23A889638,Delhi,Sant Nagar,1700000,1703759.875,3759.8798828125,0.2199999988079071,Basic XGBoost
PROP-DF60A9405CA5,Bengaluru,Kadugondanahalli,8800000,8857275.0,57275.0,0.6499999761581421,Basic XGBoost
PROP-EB165B2603B3,Bengaluru,Chikbanavara,4700000,4995539.0,295539.0,6.289999961853027,Basic XGBoost
PROP-DCECF4C06F43,Delhi,Jasola,1000000,1051474.0,51474.0,5.150000095367432,Basic XGBoost
PROP-572CC45E00A7,Delhi,Mahipalpur,3000000,3404676.75,404676.75,13.489999771118164,Basic XGBoost
PROP-B089FFF823FC,Bengaluru,Hongasandra,22000000,15393143.0,6606857.0,30.030000686645508,Basic XGBoost
PROP-9482FE5103CD,Chennai,Avadi,2650000,3648448.0,998448.0,37.68000030517578,Basic XGBoost
PROP-A89D3693457E,Chennai,West Tambaram,2686000,2568365.0,117635.0,4.380000114440918,Basic XGBoost
PROP-3C3E3A1482E3,Bengaluru,Rajajinagar,5500000,6993510.0,1493510.125,27.149999618530273,Basic XGBoost
PROP-0FD4DF4E3852,Bengaluru,Varanasi,9000000,9767676.0,767676.0,8.529999732971191,Basic XGBoost
PROP-2D7AE14D42D3,Chennai,Kayarambedu,2000000,3719900.25,1719900.0,86.0,Basic XGBoost
PROP-CF7D6A4DF2E0,Bengaluru,Anantapura,9000000,8536785.0,463215.0,5.150000095367432,Basic XGBoost
PROP-AC4FE8CFA13F,Delhi,Pandav Nagar,4500000,4272552.0,227448.0,5.050000190734863,Basic XGBoost
PROP-B1D5055D16F0,Delhi,Samay Pur,5800000,4770915.0,1029084.9375,17.739999771118164,Basic XGBoost
PROP-EA4E6AE54F50,Chennai,Chettipunyam,3000000,2657934.75,342065.25,11.399999618530273,Basic XGBoost
PROP-E19F9BAD3AE8,Delhi,Sector 27 Dwarka,6200000,6401303.5,201303.5,3.25,Basic XGBoost
PROP-641E643FE294,Bengaluru,Kaval Bairasandra,7000000,7311926.5,311926.5,4.460000038146973,Basic XGBoost
PROP-2A8DEF7A3A35,Bengaluru,Mattanahalli,8000000,7935386.0,64613.5,0.8100000023841858,Basic XGBoost
PROP-D03284431B92,Bengaluru,Sg Palya,15000000,15042728.0,42728.0,0.2800000011920929,Basic XGBoost
PROP-E30D985EB363,Bengaluru,Vidyaranyapura,12000000,13063866.0,1063866.0,8.869999885559082,Basic XGBoost
PROP-E38BEB8EC5C0,Bengaluru,Sg Palya,60000000,66557480.0,6557479.5,10.930000305175781,Basic XGBoost
PROP-8AD7E6E843B7,Chennai,Varadharajapuram,4000000,3179730.25,820269.75,20.510000228881836,Basic XGBoost
PROP-AA441C9659B2,Delhi,Subzi Mandi,6500000,6678614.5,178614.5,2.75,Basic XGBoost
PROP-B5A1E1497BDC,Bengaluru,Neelasandra,1600000,1911927.625,311927.625,19.5,Basic XGBoost
PROP-46DD05416648,Bengaluru,Kartik Nagar,25000000,29775432.0,4775432.0,19.100000381469727,Basic XGBoost
PROP-E7641CA5BDDE,Delhi,Madhu Vihar,3700000,3746262.75,46262.75,1.25,Basic XGBoost
PROP-B18F0A366BEC,Bengaluru,Rt Nager,20000000,20059448.0,59448.0,0.30000001192092896,Basic XGBoost
PROP-AAB30FD073E0,Delhi,Model Town,30000000,31329444.0,1329444.0,4.429999828338623,Basic XGBoost
PROP-E7368E0625D6,Bengaluru,Parappana Agrahara,19000000,20612216.0,1612216.0,8.489999771118164,Basic XGBoost
PROP-D8C96099397F,Bengaluru,Makali,1200000,1228096.75,28096.75,2.3399999141693115,Basic XGBoost
PROP-D2BEFF90081A,Bengaluru,Gunjur Village,14000000,15171761.0,1171760.0,8.369999885559082,Basic XGBoost
PROP-F494730E28A9,Bengaluru,Jeevanbheemanagar,6500000,5589501.0,910499.0625,14.010000228881836,Basic XGBoost
PROP-66DA886E4554,Bengaluru,Gunjur,2200000,2176471.25,23528.75,1.0700000524520874,Basic XGBoost
PROP-2588D57E3F08,Bengaluru,Shivaji Nagar,137500000,119377032.0,18122968.0,13.180000305175781,Basic XGBoost
PROP-46EEF5F879C0,Delhi,Mayur Vihar Phase 1,14500000,14226586.0,273415.0,1.8899999856948853,Basic XGBoost
PROP-0CF405B80BB2,Bengaluru,Parappana Agrahara,15000000,17665300.0,2665300.0,17.770000457763672,Basic XGBoost
PROP-A86B36358206,Bengaluru,Bidadi,5500000,6216717.0,716716.9375,13.029999732971191,Basic XGBoost
PROP-5D96A57E2A7C,Bengaluru,Kumaraswamy Layout,12500000,12610548.0,110548.0,0.8799999952316284,Basic XGBoost
PROP-9640F6004261,Chennai,Valasaravakkam,7500000,6748574.5,751424.9375,10.020000457763672,Basic XGBoost
PROP-45A7D957EEEA,Bengaluru,Chandapura,13900000,14395409.0,495409.0,3.559999942779541,Basic XGBoost
PROP-941B220C35BC,Bengaluru,Seegehalli,4500000,4973695.5,473695.53125,10.529999732971191,Basic XGBoost
PROP-E88076D970F7,Bengaluru,Laxmipura,24900000,25609000.0,709000.0,2.8499999046325684,Basic XGBoost
PROP-5E1A8D49AF54,Delhi,Dallupura,8500000,8490335.0,9665.0,0.10999999940395355,Basic XGBoost
PROP-17308953B31E,Bengaluru,Chichuraganapalli,3500000,3443837.75,56162.25,1.600000023841858,Basic XGBoost
PROP-B3A302861C58,Bengaluru,Chikkalasandra,4500000,4594852.5,94852.5,2.109999895095825,Basic XGBoost
PROP-B2361C1ABE9B,Chennai,Madambakkam,7500000,6983053.5,516946.46875,6.889999866485596,Basic XGBoost
PROP-3C95DF87A297,Bengaluru,Jakkur,7000000,8603805.0,1603805.0,22.90999984741211,Basic XGBoost
PROP-320E741DFF6C,Delhi,Mahavir Enclave,9000000,11000668.0,2000668.0,22.229999542236328,Basic XGBoost
PROP-C7604EBC7C71,Bengaluru,Nimbekaipura,8499000,8769477.0,270477.0,3.180000066757202,Basic XGBoost
PROP-E51D406F01ED,Bengaluru,Jigani,15000000,16381165.0,1381165.0,9.210000038146973,Basic XGBoost
PROP-CFFB76DF842B,Delhi,Shahdara,14500000,16562600.0,2062600.0,14.220000267028809,Basic XGBoost
PROP-38E38E927DA9,Bengaluru,Shanti Nagar,60000000,46428820.0,13571180.0,22.6200008392334,Basic XGBoost
PROP-D24EA453C26F,Bengaluru,Marathahalli,8460000,8009302.5,450697.53125,5.329999923706055,Basic XGBoost
PROP-25935D655E1C,Delhi,Najafgarh,3000000,2529766.75,470233.25,15.670000076293945,Basic XGBoost
PROP-F261181B1A0D,Bengaluru,K Channasandra,6500000,5456226.0,1043774.0,16.059999465942383,Basic XGBoost
PROP-57C4B72A2360,Bengaluru,Chikkalasandra,4300000,3908331.25,391668.75,9.109999656677246,Basic XGBoost
PROP-B39E7CE75F60,Bengaluru,Gandhi Nagar,8800000,6929398.0,1870601.875,21.260000228881836,Basic XGBoost
PROP-ECBDF559A09C,Bengaluru,Bande Kodigehalli,12000000,14737377.0,2737377.0,22.809999465942383,Basic XGBoost
PROP-59CBC1D6774B,Delhi,Mayur Vihar Phase 1,22000000,22902756.0,902756.0,4.099999904632568,Basic XGBoost
PROP-72794BDD040A,Delhi,Gujranwala Town,45000000,51732496.0,6732496.0,14.960000038146973,Basic XGBoost
PROP-D2C0908B935D,Delhi,Sector 9 Rohini,28000000,27212486.0,787516.0,2.809999942779541,Basic XGBoost
PROP-F91BA169CE69,Delhi,Karala,1800000,1423168.5,376831.53125,20.940000534057617,Basic XGBoost
PROP-FD83AC90621A,Bengaluru,Kaggalipura,3700000,3916767.75,216767.765625,5.860000133514404,Basic XGBoost
PROP-32DF66064FA0,Bengaluru,Hebbal Kempapura,9000000,7766399.5,1233600.5,13.710000038146973,Basic XGBoost
PROP-09A2FC1C658C,Bengaluru,Electronic City,3600000,3695043.75,95044.0,2.640000104904175,Basic XGBoost
PROP-73D74490A550,Delhi,Palam,19000000,19835392.0,835392.0,4.400000095367432,Basic XGBoost
PROP-093767D893F3,Bengaluru,Byagadadhenahalli,2400000,2367023.0,32977.0,1.3700000047683716,Basic XGBoost
PROP-0EB0EEEBA031,Bengaluru,Doddakannelli,5200000,5071909.0,128091.0,2.4600000381469727,Basic XGBoost
PROP-FE13381AD603,Delhi,Jangpura,6300000,6187061.0,112939.0,1.7899999618530273,Basic XGBoost
PROP-55AF5D58549F,Bengaluru,Sunkalpalya,2500000,2353643.25,146356.75,5.849999904632568,Basic XGBoost
PROP-6B359A4000AA,Delhi,Sector 18 Rohini,7000000,6555362.5,444637.53125,6.349999904632568,Basic XGBoost
PROP-DE375B3B7AB8,Chennai,Adhanur,5500000,6786958.5,1286958.5,23.399999618530273,Basic XGBoost
PROP-0E9D0052547F,Bengaluru,Electronic City,3800000,3699793.5,100206.25,2.640000104904175,Basic XGBoost
PROP-D2D1C1A3962B,Bengaluru,Gb Palya,8500000,7518355.0,981644.9375,11.550000190734863,Basic XGBoost
PROP-381795E8E25A,Bengaluru,Electronic City Phase Ii,9950000,8949998.0,1000002.0,10.050000190734863,Basic XGBoost
PROP-68CE38E84140,Bengaluru,Kudlu Gate,19000000,16614650.0,2385351.0,12.550000190734863,Basic XGBoost
PROP-ECBEB890E686,Delhi,Nilothi,2000000,2068091.25,68091.25,3.4000000953674316,Basic XGBoost
PROP-048409EBAB0F,Chennai,Korattur,15000000,14501839.0,498160.0,3.319999933242798,Basic XGBoost
PROP-C0582A2C5621,Bengaluru,Brookefield,9500000,8182263.5,1317736.5,13.869999885559082,Basic XGBoost
PROP-59377D614B67,Delhi,Mayur Vihar Ii,5000000,4743273.0,256727.0,5.130000114440918,Basic XGBoost
PROP-FACEF0CDBC40,Bengaluru,Volagerekallahalli,6000000,6239043.0,239043.0,3.9800000190734863,Basic XGBoost
PROP-9BD8D7FC0338,Bengaluru,Sorahunase,6200000,5819422.0,380578.0,6.139999866485596,Basic XGBoost
PROP-8A786F10EA58,Bengaluru,Jalahalli West,1500000,1553400.5,53400.5,3.559999942779541,Basic XGBoost
PROP-92F43CDD0D1D,Bengaluru,Kadugondanahalli,5700000,5209481.0,490519.0,8.609999656677246,Basic XGBoost
PROP-96358EF80DE7,Bengaluru,Mathikere,10000000,9945747.0,54253.0,0.5400000214576721,Basic XGBoost
PROP-30109E081BB1,Delhi,Laxmi Nagar,50000000,45133076.0,4866924.0,9.729999542236328,Basic XGBoost
PROP-5905BF0E5C9C,Bengaluru,Vakil Garden City,8000000,8512485.0,512485.0,6.409999847412109,Basic XGBoost
PROP-BC8330249A03,Bengaluru,Hennur,11500000,8455702.0,3044298.0,26.469999313354492,Basic XGBoost
PROP-F74E2E3DDDF5,Bengaluru,Kaggadasapura,5700000,4775722.0,924278.0,16.219999313354492,Basic XGBoost
PROP-A3B108569EF6,Bengaluru,Chikkalasandra,12500000,10166215.0,2333785.0,18.670000076293945,Basic XGBoost
PROP-26AB82C2003D,Chennai,Oragadam Ambattur,2600000,3781627.0,1181627.0,45.45000076293945,Basic XGBoost
PROP-D121AA0C3AAA,Delhi,Sagar Pur,5500000,5449538.5,50461.5,0.9200000166893005,Basic XGBoost
PROP-109383D097A9,Chennai,Ambattur Industrial Estate,8400000,7126923.5,1273076.5,15.15999984741211,Basic XGBoost
PROP-F72BAAA45BAD,Delhi,Badarpur,10000000,10503359.0,503359.0,5.03000020980835,Basic XGBoost
PROP-97A38F091DC9,Delhi,Vishnu Garden,48000000,48840156.0,840156.0,1.75,Basic XGBoost
PROP-B04B4B568E69,Bengaluru,Anekal,15000000,12600835.0,2399165.0,15.989999771118164,Basic XGBoost
PROP-BDA369CBAE67,Bengaluru,Varthur,5399000,5530232.5,131232.5,2.430000066757202,Basic XGBoost
PROP-921692A28E8B,Chennai,Rajakilpakkam,3000000,2494518.25,505481.75,16.850000381469727,Basic XGBoost
PROP-17AD810F2E44,Bengaluru,Byagadadhenahalli,2200000,2150280.0,49720.0,2.259999990463257,Basic XGBoost
PROP-AF893FFA4C06,Chennai,Veppampattu,3850000,3862602.5,12602.5,0.33000001311302185,Basic XGBoost
PROP-B78CB6FA8318,Delhi,Mundka,2300000,2323353.5,23353.5,1.0199999809265137,Basic XGBoost
PROP-EDC70323BFBE,Bengaluru,Doddaballapura,30000000,36354436.0,6354436.0,21.18000030517578,Basic XGBoost
PROP-B1219DDD10D6,Chennai,Vallakkottai,9900000,8789990.0,1110010.0,11.210000038146973,Basic XGBoost
PROP-879269C215CD,Delhi,Sant Nagar,13000000,11223437.0,1776563.0,13.670000076293945,Basic XGBoost
PROP-8C3CEA495C26,Bengaluru,Nelamangala,30000000,33015276.0,3015276.25,10.050000190734863,Basic XGBoost
PROP-8646D64D4C66,Bengaluru,Vittasandra,13000000,12514394.0,485607.0,3.740000009536743,Basic XGBoost
PROP-C957CB3318D7,Chennai,Oragadam Sriperambattur,4500000,2803542.0,1696457.875,37.70000076293945,Basic XGBoost
PROP-06A353B7CC75,Chennai,Oragadam Sriperambattur,11500000,11613969.0,113969.0,0.9900000095367432,Basic XGBoost
PROP-034D7A0B20C3,Bengaluru,Hoskote,17000000,14217362.0,2782638.0,16.3700008392334,Basic XGBoost
PROP-53540A0F8A78,Chennai,Kadambathur,1950000,2328841.75,378841.75,19.43000030517578,Basic XGBoost
PROP-FFFE87A3E212,Delhi,Shahdara,32000000,30338908.0,1661092.0,5.190000057220459,Basic XGBoost
PROP-BCA51229B6B8,Delhi,Madangir,2000000,2026729.625,26729.619140625,1.340000033378601,Basic XGBoost
PROP-BA7E08E6CC86,Bengaluru,Sarjapur,8000000,8251512.5,251512.0,3.140000104904175,Basic XGBoost
PROP-DD9F4263FFD2,Delhi,Sector 13 Rohini,27500000,27142608.0,357392.0,1.2999999523162842,Basic XGBoost
PROP-5FD4DDB5BEC6,Chennai,Thandalam,5111000,4033548.75,1077451.25,21.079999923706055,Basic XGBoost
PROP-6327C73AD39E,Bengaluru,Thyvakanahally,29000000,33374836.0,4374836.0,15.09000015258789,Basic XGBoost
PROP-6F9315E57409,Bengaluru,Kumaraswamy Layout,5500000,5830887.5,330888.0,6.019999980926514,Basic XGBoost
PROP-90FB2529C61D,Bengaluru,Anjanapura Township,15000000,16385540.0,1385540.0,9.239999771118164,Basic XGBoost
PROP-FF3363401EE2,Bengaluru,Thirumagondanahalli,2800000,2805229.5,5229.5,0.1899999976158142,Basic XGBoost
PROP-6C45267C9C3F,Chennai,Avadi,6500000,7967865.5,1467865.5,22.579999923706055,Basic XGBoost
PROP-3D5DAACB3A3B,Delhi,Sector 18 Rohini,11000000,9444990.0,1555009.875,14.140000343322754,Basic XGBoost
PROP-D62E1A033A1D,Bengaluru,Chickpete,25000000,25529606.0,529604.0,2.119999885559082,Basic XGBoost
PROP-CDA0D9C57C23,Bengaluru,Varadharaja Nagar,6000000,5400445.5,599554.5,9.989999771118164,Basic XGBoost
PROP-9B0452D3DE3D,Bengaluru,Jalahalli,5500000,5836285.0,336284.46875,6.110000133514404,Basic XGBoost
PROP-1882F56DC76C,Bengaluru,Hampapura,57500000,61514528.0,4014528.0,6.980000019073486,Basic XGBoost
PROP-C337EF56DCBC,Bengaluru,Jayamahal,62500000,77567448.0,15067448.0,24.110000610351562,Basic XGBoost
PROP-A6E8C948EB02,Delhi,Suraj Vihar,4500000,5141938.5,641938.5,14.270000457763672,Basic XGBoost
PROP-45AC659C4EE0,Bengaluru,Jakkur,40000000,42425456.0,2425456.0,6.059999942779541,Basic XGBoost
PROP-47AC877D03EE,Bengaluru,Hulimavu,5600000,5999188.0,399188.0,7.130000114440918,Basic XGBoost
PROP-EF3C4A4D064C,Chennai,Pozhichalur,22500000,16382821.0,6117179.0,27.190000534057617,Basic XGBoost
PROP-6BD71451B2F3,Chennai,Perumanttunallur,2100000,2312061.0,212061.0,10.100000381469727,Basic XGBoost
PROP-0D1D8D68BC20,Bengaluru,Hoodi,14000000,11399484.0,2600516.0,18.579999923706055,Basic XGBoost
PROP-4291897BA1A2,Bengaluru,Bellahalli,18500000,14501231.0,3998769.0,21.610000610351562,Basic XGBoost
PROP-F57D7E251EC9,Bengaluru,Bommasandra,3500000,3567574.0,67574.0,1.9299999475479126,Basic XGBoost
PROP-E05D72378253,Bengaluru,Rainbow Garden Layout,9500000,18698604.0,9198604.0,96.83000183105469,Basic XGBoost
PROP-A19C8B44B592,Delhi,Burari,1875000,1723167.625,151832.375,8.100000381469727,Basic XGBoost
PROP-6898C5489F27,Delhi,Tilak Nagar,4500000,4233925.0,266075.0,5.909999847412109,Basic XGBoost
PROP-9168BEDEC251,Bengaluru,Bommasandra,3600000,3584780.25,15220.0,0.41999998688697815,Basic XGBoost
PROP-F431A8E911DA,Chennai,Choolaimedu,19000000,20362752.0,1362752.0,7.170000076293945,Basic XGBoost
PROP-E15816D91021,Chennai,Kilpauk,25000000,23847644.0,1152356.0,4.610000133514404,Basic XGBoost
PROP-FC2008100E33,Bengaluru,Mallathahalli,3200000,3667701.75,467701.75,14.619999885559082,Basic XGBoost
PROP-044AB85B66BD,Delhi,Sector 18 Rohini,9200000,8907151.0,292849.0,3.180000066757202,Basic XGBoost
PROP-CF35A6139A44,Delhi,Geeta Colony,22500000,21502964.0,997036.0,4.429999828338623,Basic XGBoost
PROP-4F0E96BC6A10,Bengaluru,Maruthi Nagar,11000000,10535522.0,464478.0,4.21999979019165,Basic XGBoost
PROP-DEC084B63D73,Bengaluru,Mailasandra,5100000,5268898.5,168898.5,3.309999942779541,Basic XGBoost
PROP-7B922B4822CC,Delhi,Adarsh Nagar,4000000,4620510.5,620510.5,15.510000228881836,Basic XGBoost
PROP-9AB364256979,Bengaluru,Srinivasa Nagar,7200000,9993647.0,2793647.0,38.79999923706055,Basic XGBoost
PROP-389B102B35F5,Delhi,Chirag Dilli,15000000,11735148.0,3264851.75,21.770000457763672,Basic XGBoost
PROP-5D861391E50B,Bengaluru,Bisuvanahalli,9000000,6681143.5,2318856.5,25.770000457763672,Basic XGBoost
PROP-97FF862E203A,Bengaluru,Gb Palya,18000000,16698075.0,1301925.0,7.230000019073486,Basic XGBoost
PROP-B8308072DC3F,Bengaluru,Bilekahalli,10500000,8719100.0,1780900.0,16.959999084472656,Basic XGBoost
PROP-86376275ABDA,Bengaluru,Bikasipura,6000000,5470246.5,529753.5,8.829999923706055,Basic XGBoost
PROP-AC4A9B5668B4,Delhi,Nangloi,63000000,63895484.0,895484.0,1.4199999570846558,Basic XGBoost
PROP-57EC3C0CAB0B,Delhi,Okhla,26000000,26729548.0,729548.0,2.809999942779541,Basic XGBoost
PROP-B0FE0DD0CB3C,Delhi,Mansarover Garden,20000000,21317848.0,1317848.0,6.590000152587891,Basic XGBoost
PROP-ADA6EA3E0B0E,Bengaluru,Koramangala,32000000,32983430.0,983428.0,3.069999933242798,Basic XGBoost
PROP-731A2F56E657,Delhi,Sultanpur,3500000,2590707.0,909292.9375,25.979999542236328,Basic XGBoost
PROP-33CA6709529B,Delhi,Sector 25 Rohini,24000000,25493160.0,1493160.0,6.21999979019165,Basic XGBoost
PROP-EC1D51D84FCC,Chennai,Pallavaram,15000000,4706957.5,10293042.0,68.62000274658203,Basic XGBoost
PROP-5EAA49581593,Delhi,Mayur Vihar Phase 1,2700000,2493046.25,206953.765625,7.659999847412109,Basic XGBoost
PROP-6F2660E1E5ED,Bengaluru,Begur,8200000,7995100.0,204900.0,2.5,Basic XGBoost
PROP-3B42B34247C3,Delhi,Dilshad Garden,3400000,3428233.25,28233.25,0.8299999833106995,Basic XGBoost
PROP-11EB377AB0C7,Bengaluru,Harohalli,3819000,4293735.5,474735.53125,12.430000305175781,Basic XGBoost
PROP-EC1C69A67D20,Bengaluru,Mylasandra,20000000,19940584.0,59416.0,0.30000001192092896,Basic XGBoost
PROP-F5B2923FF5D2,Delhi,Burari,4000000,3872565.0,127435.0,3.190000057220459,Basic XGBoost
PROP-A1BA15A56A8B,Bengaluru,Abbigere,7000000,7251075.0,251075.0,3.5899999141693115,Basic XGBoost
PROP-58E6F72FD497,Delhi,Dwarka Mor,6000000,4898823.0,1101177.0,18.350000381469727,Basic XGBoost
PROP-5293DC90EAF3,Bengaluru,Rmv Extension Stage 2,5500000,6525136.5,1025136.5,18.639999389648438,Basic XGBoost
PROP-EF8691C619D5,Chennai,Mogappair,8000000,18153788.0,10153788.0,126.91999816894531,Basic XGBoost
PROP-43FB870147E7,Bengaluru,Chandra Layout Extension,49500000,50946976.0,1446976.0,2.9200000762939453,Basic XGBoost
PROP-DF7C726B28A7,Bengaluru,Hennur,95000000,94553784.0,446216.0,0.4699999988079071,Basic XGBoost
PROP-88F1E25B4D19,Delhi,Krishna Nagar,5500000,6583612.0,1083612.0,19.700000762939453,Basic XGBoost
PROP-C32AF10052CD,Chennai,Thiruvanmiyur,69000000,80617544.0,11617544.0,16.84000015258789,Basic XGBoost
PROP-244A8ACB4D16,Chennai,Iyyapa Nagar,5400000,6410161.5,1010161.5,18.709999084472656,Basic XGBoost
PROP-EDC3642869B7,Delhi,Bharthal,2100000,1950671.25,149328.875,7.110000133514404,Basic XGBoost
PROP-2B2D243FDB15,Bengaluru,Kudlu,6600000,6180297.0,419703.0,6.360000133514404,Basic XGBoost
PROP-BE244155119D,Delhi,Shastri Nagar,21000000,24524154.0,3524156.25,16.780000686645508,Basic XGBoost
PROP-537F15EF00EF,Bengaluru,Thanisandra,14000000,13195817.0,804183.0625,5.739999771118164,Basic XGBoost
PROP-426304652951,Bengaluru,Sivanchetti Gardens,10000000,11198973.0,1198974.0,11.989999771118164,Basic XGBoost
PROP-4CE62A4B211E,Delhi,Jahangirpuri,19900000,26169094.0,6269092.0,31.5,Basic XGBoost
PROP-A136638701BD,Chennai,Urapakkam,3800000,4216325.0,416325.0,10.960000038146973,Basic XGBoost
PROP-389AD560221A,Bengaluru,Shivaji Nagar,11000000,10822396.0,177604.0,1.6100000143051147,Basic XGBoost
PROP-0A5F5FFB79DE,Bengaluru,Hampapura,3800000,4211896.0,411896.0,10.84000015258789,Basic XGBoost
PROP-1BE958EEC39E,Chennai,Pammal,2500000,2381389.5,118610.5,4.739999771118164,Basic XGBoost
PROP-8BAF2BEE0263,Bengaluru,Mallapur,16000000,18972608.0,2972608.0,18.579999923706055,Basic XGBoost
PROP-3A511FF02179,Bengaluru,Bangalore City Municipal Corporation Layout,10500000,9803231.0,696768.9375,6.639999866485596,Basic XGBoost
PROP-B68DD5AC1AF2,Delhi,Bharthal,2700000,2278452.75,421547.25,15.609999656677246,Basic XGBoost
PROP-6F2ECE75D556,Bengaluru,Magadi,5500000,7406750.5,1906751.0,34.66999816894531,Basic XGBoost
PROP-89D93F1C6E33,Bengaluru,Hampapura,12000000,18552948.0,6552948.0,54.61000061035156,Basic XGBoost
PROP-BCBAF295B00C,Bengaluru,Malleswaram,12000000,12142884.0,142884.0,1.190000057220459,Basic XGBoost
PROP-5F21B89EA323,Bengaluru,Vidyaranyapura,5000000,5329202.5,329202.5,6.579999923706055,Basic XGBoost
PROP-9FB42CBFFC3B,Bengaluru,Nelamangala,6000000,6124849.5,124849.0,2.0799999237060547,Basic XGBoost
PROP-1764097CDB64,Chennai,Adyar,17000000,18019936.0,1019936.0,6.0,Basic XGBoost
PROP-2ED9A34FA044,Bengaluru,Vijayanagar,60000000,60307932.0,307932.0,0.5099999904632568,Basic XGBoost
PROP-244D75650DD6,Bengaluru,Kithaganur Colony,6800000,9278309.0,2478309.0,36.45000076293945,Basic XGBoost
PROP-8DDF00FE969C,Chennai,Thiruvallur,5000000,6289248.0,1289248.0,25.780000686645508,Basic XGBoost
PROP-A5928B78B707,Delhi,Kondli,2400000,3142019.75,742019.75,30.920000076293945,Basic XGBoost
PROP-64FBDF730C8D,Bengaluru,Andrahalli,7500000,7985826.5,485826.46875,6.480000019073486,Basic XGBoost
PROP-7EF2F97973D1,Delhi,Paharganj,12500000,10822065.0,1677935.0,13.420000076293945,Basic XGBoost
PROP-43ADBF72FC14,Bengaluru,T Dasarahalli,7500000,6723598.5,776401.5,10.350000381469727,Basic XGBoost
PROP-F13002390B25,Bengaluru,Yelahanka,5500000,5245910.0,254090.0,4.619999885559082,Basic XGBoost
PROP-7E4E30F5CDFA,Delhi,Baprola,4000000,3201327.25,798672.75,19.969999313354492,Basic XGBoost
PROP-403FF4F48EDA,Chennai,Maraimalai Nagar,3465000,3656076.25,191076.0,5.510000228881836,Basic XGBoost
PROP-886B605EFC26,Bengaluru,Rajajinagar,16000000,15724913.0,275087.0,1.7200000286102295,Basic XGBoost
PROP-E891C85EBEF3,Bengaluru,Jp Nagar,12500000,10389252.0,2110748.0,16.889999389648438,Basic XGBoost
PROP-241ABE4D826E,Delhi,Sector 34 Rohini,1500000,2431992.25,931992.25,62.130001068115234,Basic XGBoost
PROP-9A5597E90FB8,Chennai,Saligramam,9850000,8290825.5,1559174.5,15.829999923706055,Basic XGBoost
PROP-13CD24308F03,Chennai,Maduravoyal,2000000,2908177.5,908177.75,45.40999984741211,Basic XGBoost
PROP-C2722A1C7AD6,Delhi,Chhattarpur,200000000,153099360.0,46900640.0,23.450000762939453,Basic XGBoost
PROP-544B31D49874,Pune,Pimpri,3500000,3489747.0,10253.25,0.28999999165534973,Basic XGBoost
PROP-9FD3F637B94E,Mumbai,Thane West,5200000,4607832.5,592167.5,11.390000343322754,Basic XGBoost
PROP-917395C01FC1,Pune,Ganesh Peth,14000000,13215539.0,784460.9375,5.599999904632568,Basic XGBoost
PROP-BEBB7848373A,Pune,New Sangvi,2200000,2387333.5,187333.5,8.520000457763672,Basic XGBoost
PROP-A1A5BE7EE8C8,Pune,Bhawani Peth,3200000,3102883.0,97117.0,3.0299999713897705,Basic XGBoost
PROP-66846DF385D2,Kolkata,Harinavi,6900000,4641214.0,2258786.0,32.7400016784668,Basic XGBoost
PROP-E42451C52F6E,Mumbai,Virar West,3300000,2852023.75,447976.25,13.579999923706055,Basic XGBoost
PROP-4955AE8E77E1,Kolkata,Sonarpur,6000000,6269414.0,269414.0,4.489999771118164,Basic XGBoost
PROP-80E42E6F1ED4,Pune,Warje,4500000,4309065.0,190935.0,4.239999771118164,Basic XGBoost
PROP-76C893345A7E,Pune,Kesnand,4200000,3962892.25,237108.0,5.650000095367432,Basic XGBoost
PROP-EA1738BE4410,Mumbai,Dahisar West,7200000,6825645.0,374355.53125,5.199999809265137,Basic XGBoost
PROP-8D3F3E26EFF7,Pune,Jambhulwadi,2500000,2609298.5,109298.5,4.369999885559082,Basic XGBoost
PROP-4BB2A5544384,Mumbai,Mira Road East,17000000,18668596.0,1668596.0,9.819999694824219,Basic XGBoost
PROP-609277D71A22,Pune,Mangadewadi,6000000,3851519.25,2148480.5,35.810001373291016,Basic XGBoost
PROP-7AD56FD2714E,Mumbai,Virar West,3700000,2914566.5,785433.5,21.229999542236328,Basic XGBoost
PROP-6C7CB462CBA6,Mumbai,Dahisar West,8500000,8886974.0,386974.0,4.550000190734863,Basic XGBoost
PROP-5FE0FAB23EE7,Pune,Jambhul,3200000,3879791.75,679791.75,21.239999771118164,Basic XGBoost
PROP-AC550DA8A89F,Pune,Vadhu Budruk,1450000,1452482.75,2482.75,0.17000000178813934,Basic XGBoost
PROP-847C3C0603B5,Mumbai,Vasai West,5950000,6427013.0,477013.0,8.020000457763672,Basic XGBoost
PROP-16021330F472,Kolkata,Bhatpara,3900000,5882440.5,1982440.5,50.83000183105469,Basic XGBoost
PROP-845AFB3474FA,Kolkata,Basina,2800000,3732490.25,932490.25,33.29999923706055,Basic XGBoost
PROP-750ECC26561A,Pune,Wadaki,1510000,1520179.625,10179.6201171875,0.6700000166893005,Basic XGBoost
PROP-AF4A80740D13,Kolkata,Dum Dum,8000000,7336639.5,663360.5,8.289999961853027,Basic XGBoost
PROP-80DB941AB84B,Pune,Pashan,3500000,3744987.5,244987.5,7.0,Basic XGBoost
PROP-F7996C67C809,Kolkata,Purba Barisha,2300000,1863391.25,436608.875,18.979999542236328,Basic XGBoost
PROP-D6496F234E61,Mumbai,Nalasopara West,4818000,5241889.5,423889.53125,8.800000190734863,Basic XGBoost
PROP-315C8B76C4BC,Mumbai,Kandivali West,14000000,14456328.0,456328.0,3.259999990463257,Basic XGBoost
PROP-793B2AF0FE27,Kolkata,Mahheshtala,3400000,3412442.5,12442.5,0.3700000047683716,Basic XGBoost
PROP-E50E6A24D421,Kolkata,Duttapukur,3000000,14727316.0,11727316.0,390.9100036621094,Basic XGBoost
PROP-502C690C434F,Kolkata,Purba Barisha,11000000,8536834.0,2463166.0,22.389999389648438,Basic XGBoost
PROP-7B0BB392FB77,Kolkata,Netaji Nagar,2200000,2082406.125,117593.8828125,5.349999904632568,Basic XGBoost
PROP-F7B707A8DFBC,Pune,Kasarwadi,5200000,5827453.0,627452.5,12.069999694824219,Basic XGBoost
PROP-6907678B6015,Kolkata,Shibrampur Mauza,3000000,2756904.75,243095.5,8.100000381469727,Basic XGBoost
PROP-387B92C9041D,Kolkata,Rajarhat,2500000,2904610.5,404610.46875,16.18000030517578,Basic XGBoost
PROP-CEE6E85DD994,Mumbai,Virar West,4100000,3779961.25,320038.75,7.809999942779541,Basic XGBoost
PROP-589E7C63A76B,Pune,Kasarwadi,6500000,6326514.5,173485.5,2.6700000762939453,Basic XGBoost
PROP-1E1E7036816A,Kolkata,Baranagar,1600000,1667630.25,67630.25,4.230000019073486,Basic XGBoost
PROP-907A509B10C1,Pune,Shukrawar Peth,10200000,10642424.0,442424.0,4.340000152587891,Basic XGBoost
PROP-4C19F5E71DF3,Mumbai,Borivali West,32500000,30099016.0,2400984.0,7.389999866485596,Basic XGBoost
PROP-95DEF2676027,Kolkata,Nabapally,1500000,4486577.0,2986577.0,199.11000061035156,Basic XGBoost
PROP-3766FB7A0814,Mumbai,Virar East,4000000,3096161.25,903838.75,22.600000381469727,Basic XGBoost
PROP-7EDD60F485BC,Mumbai,Andheri East,18000000,15514198.0,2485802.0,13.8100004196167,Basic XGBoost
PROP-4A9CF07A6040,Pune,Moshi,5700000,5483822.0,216178.0,3.7899999618530273,Basic XGBoost
PROP-3E2507834883,Kolkata,Barrackpore,7000000,7580221.0,580220.5,8.289999961853027,Basic XGBoost
PROP-D40DABF9D212,Pune,Uruli Devachi,3500000,3718750.75,218750.765625,6.25,Basic XGBoost
PROP-C9A9AE8D102C,Mumbai,Kandivali East,12100000,12476547.0,376546.0,3.109999895095825,Basic XGBoost
PROP-6100B7C5311D,Kolkata,Rajarhat,3200000,4223250.5,1023250.5,31.979999542236328,Basic XGBoost
PROP-3DB4AC2481FA,Mumbai,Chembur,19500000,18562612.0,937388.0,4.809999942779541,Basic XGBoost
PROP-B2A1B4C6C6EC,Kolkata,New Town,8000000,5677073.5,2322926.5,29.040000915527344,Basic XGBoost
PROP-F05C6E8A0DBE,Kolkata,Deshbandhu Nagar,6300000,5820521.0,479479.0,7.610000133514404,Basic XGBoost
PROP-F15549A718FE,Kolkata,Budge Budge,3000000,4299234.0,1299234.0,43.310001373291016,Basic XGBoost
PROP-B82F1CAF98A5,Kolkata,Boral,5700000,7843490.0,2143490.0,37.61000061035156,Basic XGBoost
PROP-5DA266EDC1F8,Pune,Pashan,4700000,5093406.5,393406.46875,8.369999885559082,Basic XGBoost
PROP-660764886262,Mumbai,Borivali West,30000000,29027938.0,972064.0,3.240000009536743,Basic XGBoost
PROP-CB5E401C3432,Pune,Koregaon Park,10000000,8685778.0,1314222.0,13.140000343322754,Basic XGBoost
PROP-1847807A5660,Pune,Talegaon Dabhade,11000000,10088024.0,911976.0,8.289999961853027,Basic XGBoost
PROP-04EEA0E2FB57,Kolkata,Maniktala,10000000,10313043.0,313043.0,3.130000114440918,Basic XGBoost
PROP-2109AB057B1C,Mumbai,Andheri West,10000000,10123529.0,123529.0,1.2400000095367432,Basic XGBoost
PROP-4F3E18350F77,Pune,Narhe,3550000,3842095.0,292095.0,8.229999542236328,Basic XGBoost
PROP-EB4514BFA1ED,Mumbai,Dahisar West,15000000,15280987.0,280987.0,1.8700000047683716,Basic XGBoost
PROP-4F693CD6B6D3,Pune,Koregaon Bhima,2400000,2322403.25,77596.75,3.2300000190734863,Basic XGBoost
PROP-13C20CD8D767,Pune,Kharadi,6000000,5966182.0,33818.5,0.5600000023841858,Basic XGBoost
PROP-8E42F2D1DD13,Pune,Pirangut,3500000,3503352.0,3352.0,0.10000000149011612,Basic XGBoost
PROP-EB6104A92CE3,Pune,Baner,23000000,21134368.0,1865632.0,8.109999656677246,Basic XGBoost
PROP-24154292A436,Hyderabad,Puppalaguda,13000000,15199885.0,2199885.0,16.920000076293945,Basic XGBoost
PROP-87ABCA4FA53C,Pune,Hadapsar,13500000,12263756.0,1236245.0,9.15999984741211,Basic XGBoost
PROP-4B48009115F2,Hyderabad,Gopanapalli,6200000,6428693.0,228693.0,3.690000057220459,Basic XGBoost
PROP-E7910EFD91D4,Pune,Pashan,15900000,19433644.0,3533644.25,22.219999313354492,Basic XGBoost
PROP-A61A28C277F3,Hyderabad,Miyapur,9700000,8235333.0,1464667.0,15.100000381469727,Basic XGBoost
PROP-D827EBCF7D0C,Pune,Rasta Peth,8000000,7844432.5,155567.5,1.940000057220459,Basic XGBoost
PROP-0871D498BB60,Pune,Talegaon Dabhade,2200000,2383848.0,183848.0,8.359999656677246,Basic XGBoost
PROP-88DC05B42C1C,Hyderabad,Nanakaramguda,14000000,15671706.0,1671705.875,11.9399995803833,Basic XGBoost
PROP-310712061ED0,Pune,Lohegaon,4000000,3759136.0,240864.0,6.019999980926514,Basic XGBoost
PROP-B8DD9A06B33B,Pune,Kiwale,5500000,5099311.5,400688.46875,7.289999961853027,Basic XGBoost
PROP-E4D32FF2875D,Pune,Chakan,2200000,2254798.25,54798.25,2.490000009536743,Basic XGBoost
PROP-A6A322503CBB,Pune,Hadapsar,3500000,3929383.25,429383.53125,12.270000457763672,Basic XGBoost
PROP-C33524FA20FF,Hyderabad,Premavathi Pet,7000000,7194660.5,194660.5,2.7799999713897705,Basic XGBoost
PROP-2AFD53165886,Pune,Wakad,8700000,8117752.5,582247.5,6.690000057220459,Basic XGBoost
PROP-00C747214BC5,Hyderabad,Rajendra Nagar,3600000,3650425.0,50425.0,1.399999976158142,Basic XGBoost
PROP-46CF13FC01CF,Hyderabad,Serilingampally,20000000,15003700.0,4996299.0,24.979999542236328,Basic XGBoost
PROP-DF84F81DDF70,Hyderabad,Kompally,17200000,21564160.0,4364160.0,25.3700008392334,Basic XGBoost
PROP-54221A1FB721,Pune,Uruli Kanchan,3500000,3337608.25,162391.75,4.639999866485596,Basic XGBoost
PROP-7896941911A0,Hyderabad,Bolarum,12500000,17025500.0,4525500.0,36.20000076293945,Basic XGBoost
PROP-ED994D4402A7,Hyderabad,Manchirevula,19000000,20029360.0,1029360.0,5.420000076293945,Basic XGBoost
PROP-7B308373CB2F,Hyderabad,Budvel,5400000,8470707.0,3070707.0,56.86000061035156,Basic XGBoost
PROP-CE56A30AF6BB,Pune,Mundhwa,4300000,4833141.5,533141.5,12.399999618530273,Basic XGBoost
PROP-DBB80D842E7D,Hyderabad,Pragathi Nagar,9900000,8688611.0,1211389.0,12.239999771118164,Basic XGBoost
PROP-03ADB728CCBD,Kolkata,Paschim Putiary,1600000,2732962.5,1132962.5,70.80999755859375,Basic XGBoost
PROP-11F0D7C2DA9A,Pune,Kondhwa Budruk,2800000,2860577.0,60577.0,2.1600000858306885,Basic XGBoost
PROP-C87B5AC627F5,Hyderabad,Kondapur,21300000,19607260.0,1692740.0,7.949999809265137,Basic XGBoost
PROP-A6DEE08F539C,Pune,Ambegaon Pathar,2190000,2311642.0,121642.0,5.550000190734863,Basic XGBoost
PROP-388F1785A2FB,Pune,Pisoli,5000000,5274907.0,274907.0,5.5,Basic XGBoost
PROP-0F626108ABFA,Pune,Ashok Nagar,16000000,11880003.0,4119998.0,25.75,Basic XGBoost
PROP-8774CB8D5957,Pune,Talegaon Dabhade,13700000,13472517.0,227483.0,1.659999966621399,Basic XGBoost
PROP-19434463DFB3,Mumbai,Malad West,27500000,24728948.0,2771052.25,10.079999923706055,Basic XGBoost
PROP-92AC7D5C7E18,Mumbai,Vasai East,5000000,4641085.5,358914.46875,7.179999828338623,Basic XGBoost
PROP-CF37E21D04F0,Hyderabad,Banjara Hills,55000000,19592080.0,35407920.0,64.37999725341797,Basic XGBoost
PROP-9DB4B5C4CD17,Pune,Dhankawadi,700000,743835.8125,43835.87890625,6.260000228881836,Basic XGBoost
PROP-8803A37018B1,Pune,Loni Kalbhor,3500000,3103306.25,396693.75,11.329999923706055,Basic XGBoost
PROP-253D51BD96B1,Pune,Hadapsar,11000000,10078927.0,921072.9375,8.369999885559082,Basic XGBoost
PROP-D53FF51A19B7,Pune,Nerhe,30000000,35422924.0,5422924.0,18.079999923706055,Basic XGBoost
PROP-7C5DABD0826B,Hyderabad,Mallampet,3200000,5841792.0,2641792.0,82.55999755859375,Basic XGBoost
PROP-A3297A74B9DC,Pune,Nanded,1700000,1731866.375,31866.380859375,1.8700000047683716,Basic XGBoost
PROP-7C0F5916B95F,Pune,Shiraswadi,1500000,1533405.0,33405.0,2.2300000190734863,Basic XGBoost
PROP-96DBAC41CB52,Pune,Shiraswadi,1500000,1492795.5,7204.5,0.47999998927116394,Basic XGBoost
PROP-A6E0D427219E,Hyderabad,Nagole,7200000,6888619.0,311381.0,4.320000171661377,Basic XGBoost
PROP-C6B03F338B5E,Hyderabad,Quthbullapur,6900000,9872019.0,2972019.0,43.06999969482422,Basic XGBoost
PROP-9E3F60C7588B,Pune,Sangamvadi,1000000,1032213.0625,32213.060546875,3.2200000286102295,Basic XGBoost
PROP-31679F275D75,Pune,Erandwane,1500000,1596345.125,96345.1171875,6.420000076293945,Basic XGBoost
PROP-9378D7A8A632,Pune,Keshav Nagar,5999000,6056241.5,57241.0,0.949999988079071,Basic XGBoost
PROP-20AA8B170055,Hyderabad,Amberpet,5500000,6827168.0,1327168.0,24.1299991607666,Basic XGBoost
PROP-F90DDB11F733,Pune,Hinjewadi Phase 3,6500000,5914442.0,585558.0,9.010000228881836,Basic XGBoost
PROP-BBA6EBC53C91,Hyderabad,Uppal,7950000,8783119.0,833119.0625,10.479999542236328,Basic XGBoost
PROP-AE2E29BA40BB,Pune,Bavdhan,5500000,5243589.5,256410.5,4.659999847412109,Basic XGBoost
PROP-D38D0DDA5D09,Pune,Handewadi,3400000,3340789.5,59210.5,1.7400000095367432,Basic XGBoost
PROP-FD652FFB4F9C,Hyderabad,Kondapur,13500000,16895228.0,3395228.25,25.149999618530273,Basic XGBoost
PROP-CD469FF62FA5,Pune,Bhosari,6500000,6058759.5,441240.46875,6.789999961853027,Basic XGBoost
PROP-FFAE46A73578,Mumbai,Ghatkopar West,11500000,11406966.0,93034.0,0.8100000023841858,Basic XGBoost
PROP-88B5AEDD194D,Pune,Shivane,2400000,2552556.5,152556.5,6.360000133514404,Basic XGBoost
PROP-33CD1A49D8E0,Kolkata,Baguiati,2800000,2637494.5,162505.5,5.800000190734863,Basic XGBoost
PROP-780707846E25,Pune,Devadi,2300000,2383193.5,83193.5,3.619999885559082,Basic XGBoost
PROP-BBEA5368ECC7,Mumbai,Bhayandar East,3200000,3205427.0,5427.0,0.17000000178813934,Basic XGBoost
PROP-7F01B92C9812,Kolkata,Bansdroni,6000000,4812297.5,1187702.5,19.799999237060547,Basic XGBoost
PROP-72952F57BFFE,Mumbai,Nalasopara East,950000,1161377.75,211377.765625,22.25,Basic XGBoost
PROP-9E49FF7E4D72,Pune,Sadashiv Peth,25000000,25020972.0,20972.0,0.07999999821186066,Basic XGBoost
PROP-2110474BD272,Pune,Yavat,110000,252888.796875,142888.796875,129.89999389648438,Basic XGBoost
PROP-12FDBB03E59C,Mumbai,Sakinaka,6500000,8547359.0,2047359.0,31.5,Basic XGBoost
PROP-DEAFF19DE094,Pune,Loni Kalbhor,1700000,1688540.125,11459.8798828125,0.6700000166893005,Basic XGBoost
PROP-A521F261A71C,Pune,Talegaon Dabhade,4600000,3959529.5,640470.25,13.920000076293945,Basic XGBoost
PROP-01B05663286A,Kolkata,Rajpur,3000000,3478728.25,478728.25,15.960000038146973,Basic XGBoost
PROP-7FC5588EC66C,Mumbai,Vasai East,2600000,2979392.75,379392.75,14.59000015258789,Basic XGBoost
PROP-FEAA13AEC306,Kolkata,Keshtopur,3500000,5277699.5,1777699.5,50.790000915527344,Basic XGBoost
PROP-A80ACD01FC70,Kolkata,Barasat,3500000,2341156.0,1158844.0,33.11000061035156,Basic XGBoost
PROP-7C7AF926F6C1,Mumbai,Prabhadevi,11500000,10624150.0,875850.0,7.619999885559082,Basic XGBoost
PROP-0742443934EF,Mumbai,Andheri West,250000000,136793632.0,113206368.0,45.279998779296875,Basic XGBoost
PROP-63DB1A5B60D8,Pune,Dattavadi,1500000,1534816.75,34816.75,2.319999933242798,Basic XGBoost
PROP-4B2549EF722A,Mumbai,Bandra East,20000000,15197827.0,4802173.0,24.010000228881836,Basic XGBoost
PROP-721F895B8638,Pune,Ambegaon,12000000,10592222.0,1407777.875,11.729999542236328,Basic XGBoost
PROP-1FCFCCAB8EEB,Mumbai,Nalasopara East,2500000,2498999.5,1000.5,0.03999999910593033,Basic XGBoost
PROP-118237D9D08E,Mumbai,Andheri East,12000000,12019214.0,19214.0,0.1599999964237213,Basic XGBoost
PROP-6FAA2C38D44C,Mumbai,Parel,9500000,9051181.0,448819.0,4.71999979019165,Basic XGBoost
PROP-99F64FE80A22,Mumbai,Chembur,16000000,15649213.0,350786.0,2.190000057220459,Basic XGBoost
PROP-278D6490D8E5,Kolkata,Keshtopur,6000000,5907108.5,92891.5,1.5499999523162842,Basic XGBoost
PROP-FB614926CFFD,Pune,Mahalunge Ingale,3575000,3436993.5,138006.5,3.859999895095825,Basic XGBoost
PROP-B44F3F1BBFF4,Pune,Shivane,4000000,4183549.0,183549.0,4.590000152587891,Basic XGBoost
PROP-5116444533B7,Kolkata,Kamardanga,4000000,3019611.5,980388.5,24.510000228881836,Basic XGBoost
PROP-C9479D13BD55,Kolkata,Santoshpur,6500000,6219183.5,280816.5,4.320000171661377,Basic XGBoost
PROP-AF61F6BFC27A,Mumbai,Wadala East,12500000,12418237.0,81763.0,0.6499999761581421,Basic XGBoost
PROP-FF1A9E746497,Kolkata,Lake Gardens,4200000,4614402.5,414402.46875,9.869999885559082,Basic XGBoost
PROP-38BB3060ABC8,Kolkata,Mahheshtala,3000000,2712038.5,287961.75,9.600000381469727,Basic XGBoost
PROP-016AF95DA081,Mumbai,Juhu,4500000,4624284.0,124284.0,2.759999990463257,Basic XGBoost
PROP-266F88574844,Mumbai,Bhandup West,3000000,3123315.0,123315.0,4.110000133514404,Basic XGBoost
PROP-7B206A4DC723,Mumbai,Matunga East,20000000,20746912.0,746912.0,3.7300000190734863,Basic XGBoost
PROP-B9BD22FD44F3,Pune,Fursungi,1250000,1272810.625,22810.619140625,1.8200000524520874,Basic XGBoost
PROP-0A6D232A3059,Mumbai,Vikhroli East,7000000,6938404.5,61595.5,0.8799999952316284,Basic XGBoost
PROP-0C7BB1F1CD94,Pune,Vadgaon,2100000,1734939.5,365060.46875,17.3799991607666,Basic XGBoost
PROP-9756711B0F5B,Pune,Baramati,1200000,1328183.125,128183.1171875,10.680000305175781,Basic XGBoost
PROP-D7694BA0985D,Mumbai,Govandi,1600000,2009552.375,409552.25,25.600000381469727,Basic XGBoost
PROP-6891D0BC5DA2,Mumbai,Kurla West,7000000,7463917.5,463917.53125,6.630000114440918,Basic XGBoost
PROP-42F89BCF7CD3,Mumbai,Goregaon West,8600000,8564028.0,35972.0,0.41999998688697815,Basic XGBoost
PROP-0439761DB2A6,Mumbai,Chembur,400000,1314019.5,914019.5,228.5,Basic XGBoost
PROP-4017B6DAB7F7,Mumbai,Kandivali West,46500000,45825548.0,674456.0,1.4500000476837158,Basic XGBoost
PROP-058A687B2D6E,Kolkata,Tollygunge,2600000,2844382.75,244382.765625,9.399999618530273,Basic XGBoost
PROP-0AE7ADF42C0E,Kolkata,Bhowanipore,85000000,44903040.0,40096960.0,47.16999816894531,Basic XGBoost
PROP-7CDB8D9895ED,Kolkata,Golf Green,20000000,8406070.0,11593930.0,57.970001220703125,Basic XGBoost
PROP-15C39A1AF935,Kolkata,Madhyamgram,15000000,5710441.0,9289559.0,61.93000030517578,Basic XGBoost
PROP-537E90F3410A,Pune,Kalewadi,1400000,1393603.0,6397.0,0.46000000834465027,Basic XGBoost
PROP-5A6D410DA311,Pune,Pimpri,8500000,10200322.0,1700321.875,20.0,Basic XGBoost
PROP-7796FCDA5A24,Pune,Shivane,3900000,3964264.0,64264.0,1.649999976158142,Basic XGBoost
PROP-EA34CB368FA7,Pune,Hingne Khurd,4300000,3803926.5,496073.75,11.539999961853027,Basic XGBoost
PROP-3379FC13E4D8,Kolkata,Mukundapur,10000000,17631400.0,7631399.5,76.30999755859375,Basic XGBoost
PROP-710C345E87A3,Kolkata,New Barrakpur,3250000,2830347.25,419652.75,12.90999984741211,Basic XGBoost
PROP-7194B6E81329,Pune,Somwar Peth,6000000,6084278.0,84277.5,1.399999976158142,Basic XGBoost
PROP-D4977CFD05A1,Mumbai,Kandivali West,11300000,11573679.0,273679.0,2.4200000762939453,Basic XGBoost
PROP-89F54F900D90,Kolkata,Barrackpore,3700000,2884723.5,815276.5,22.030000686645508,Basic XGBoost
PROP-A96EBD09271C,Mumbai,Ghatkopar East,5500000,6179808.0,679808.0,12.359999656677246,Basic XGBoost
PROP-9D62B8EDCC70,Pune,Manjari Budruk,8000000,7597076.0,402924.0,5.039999961853027,Basic XGBoost
PROP-BDE7DC2AF985,Pune,Hinjewadi,4200000,4184187.5,15812.5,0.3799999952316284,Basic XGBoost
PROP-83001A7C36FF,Kolkata,Kaikhali,5200000,4886626.0,313374.0,6.03000020980835,Basic XGBoost
PROP-75722758C510,Kolkata,Kankurgachi,16500000,14432221.0,2067779.0,12.529999732971191,Basic XGBoost
PROP-61FF2F93A3CD,Kolkata,Nayabad,3400000,3920942.5,520942.25,15.319999694824219,Basic XGBoost
PROP-6271B5488588,Kolkata,Thakurpukur,5166000,6084219.5,918219.5,17.770000457763672,Basic XGBoost
PROP-425DCDCE91C2,Pune,Marunji,8000000,6931149.5,1068850.5,13.359999656677246,Basic XGBoost
PROP-730DC06A9CCE,Kolkata,Baguiati,1500000,1757755.875,257755.875,17.18000030517578,Basic XGBoost
PROP-555491FD3FCD,Mumbai,Mira Road East,9500000,9353024.0,146976.0,1.5499999523162842,Basic XGBoost
PROP-D6B58BE3DF0B,Mumbai,Andheri West,17500000,16534854.0,965144.9375,5.519999980926514,Basic XGBoost
PROP-AFA257101EFB,Kolkata,Cossipore,4200000,4293469.5,93469.5,2.2300000190734863,Basic XGBoost
PROP-76765FC38F02,Pune,Warje,9000000,10743523.0,1743521.875,19.3700008392334,Basic XGBoost
PROP-0106C21B749E,Pune,Katraj,3800000,4174358.75,374358.75,9.850000381469727,Basic XGBoost
PROP-55172BF0F63D,Mumbai,Goregaon East,4500000,4687167.0,187167.0,4.159999847412109,Basic XGBoost
PROP-326F45DBC99C,Kolkata,Kalikapur,8600000,8646001.0,46001.0,0.5299999713897705,Basic XGBoost
PROP-1E838D085F6F,Pune,Dighi,5500000,5075335.0,424665.0,7.71999979019165,Basic XGBoost
PROP-4EA0AA3AB741,Pune,Bopkhel,2300000,2227904.25,72095.75,3.130000114440918,Basic XGBoost
PROP-5936E04205C5,Kolkata,Sonarpur,3300000,2525211.0,774788.9375,23.479999542236328,Basic XGBoost
PROP-A9B943EC9EA4,Pune,Pimpri,2700000,2582327.75,117672.25,4.360000133514404,Basic XGBoost
PROP-42821E39A628,Mumbai,Wadala,11000000,12332083.0,1332083.0,12.109999656677246,Basic XGBoost
PROP-7D37AEF99654,Mumbai,Mulund East,7000000,7109090.5,109090.5,1.559999942779541,Basic XGBoost
PROP-F262CC41FA39,Kolkata,Harinavi,2600000,2294271.75,305728.25,11.760000228881836,Basic XGBoost
PROP-31D90E7BF593,Kolkata,Malancha Mahi Nagar,1550000,1560495.0,10495.0,0.6800000071525574,Basic XGBoost
PROP-CBE29C6C9AF3,Kolkata,Narkeldanga,5400000,5220841.0,179159.0,3.319999933242798,Basic XGBoost
PROP-E403F296391B,Kolkata,Sodepur,2500000,3427167.75,927167.75,37.09000015258789,Basic XGBoost
PROP-FC8585E65185,Pune,Dattavadi,10000000,9336644.0,663356.0,6.630000114440918,Basic XGBoost
PROP-73FBF94E1A0B,Pune,Narhe,4600000,4778465.0,178465.0,3.880000114440918,Basic XGBoost
PROP-E9674CEE8F9A,Kolkata,Pansila,2400000,4109465.0,1709465.0,71.2300033569336,Basic XGBoost
PROP-3B2BA9B92CA4,Mumbai,Lower Parel,95000000,118898016.0,23898014.0,25.15999984741211,Basic XGBoost
PROP-8B92C2A78410,Pune,Camp,8500000,8295721.5,204278.5,2.4000000953674316,Basic XGBoost
PROP-F81E9C4EF252,Kolkata,Dum Dum Cantonment,2450000,2341328.0,108672.0,4.440000057220459,Basic XGBoost
PROP-F675B01C5A44,Mumbai,Virar West,1600000,1462349.625,137650.375,8.600000381469727,Basic XGBoost
PROP-FA196D3E6144,Kolkata,Netaji Nagar,3200000,2221259.75,978740.25,30.59000015258789,Basic XGBoost
PROP-04FB665A65BF,Kolkata,Bansdroni,6500000,5271587.5,1228412.5,18.899999618530273,Basic XGBoost
PROP-298DAD00551B,Pune,Bopodi,6500000,6907032.5,407032.0,6.260000228881836,Basic XGBoost
PROP-21151A7BC1BB,Pune,Talegaon Dabhade,3500000,2951496.75,548503.25,15.670000076293945,Basic XGBoost
PROP-286C4F25648C,Mumbai,Virar West,2751000,3139749.0,388749.25,14.130000114440918,Basic XGBoost
PROP-05F1E0BA42EF,Kolkata,Patipukur,5000000,3370249.25,1629750.75,32.599998474121094,Basic XGBoost
PROP-7EE2E46DC5A3,Kolkata,Baguiati,2500000,2528076.0,28076.0,1.1200000047683716,Basic XGBoost
PROP-A9F84DEE3C47,Mumbai,Mira Road East,7400000,6766355.0,633645.0,8.5600004196167,Basic XGBoost
PROP-5D81268902FC,Kolkata,Baghajatin,3470000,2590398.25,879601.75,25.350000381469727,Basic XGBoost
PROP-5986FBD469E6,Pune,Yewalewadi,1000000,969864.875,30135.119140625,3.009999990463257,Basic XGBoost
PROP-3A858C150400,Mumbai,Andheri East,6800000,7420750.0,620750.0,9.130000114440918,Basic XGBoost
PROP-09AAA95AA81F,Pune,Talegaon Dabhade,2200000,2108695.75,91304.25,4.150000095367432,Basic XGBoost
PROP-19C5FCADB8CA,Mumbai,Mahim,32500000,32463460.0,36540.0,0.10999999940395355,Basic XGBoost
PROP-E77C161084C2,Mumbai,Mulund West,24500000,22657310.0,1842688.0,7.519999980926514,Basic XGBoost
PROP-448DCAAA9E39,Pune,Katraj,4500000,4645252.5,145252.5,3.2300000190734863,Basic XGBoost
PROP-A3E21F233FE8,Kolkata,Ganguly Bagan,3500000,4334879.5,834879.5,23.850000381469727,Basic XGBoost
PROP-0A6B581765A0,Pune,Wanwadi,4500000,5118928.0,618928.0,13.75,Basic XGBoost
PROP-B954D99F42CE,Pune,Chinchwad,2500000,3140908.5,640908.5,25.639999389648438,Basic XGBoost
PROP-F3E24227604A,Kolkata,Narendrapur,1700000,2062186.875,362186.875,21.309999465942383,Basic XGBoost
PROP-7168908E54AA,Mumbai,Dahisar East,7600000,8012366.0,412366.0,5.429999828338623,Basic XGBoost
PROP-273FC454F368,Mumbai,Virar West,4000000,4331817.5,331817.5,8.300000190734863,Basic XGBoost
PROP-E22099E55076,Pune,Dhankawadi,2500000,2683831.25,183831.234375,7.349999904632568,Basic XGBoost
PROP-8A8505709A6E,Kolkata,Dakshineswar,2200000,2154251.5,45748.5,2.0799999237060547,Basic XGBoost
PROP-5F8D36A9FDE4,Pune,Dighi,5300000,5181333.5,118666.5,2.240000009536743,Basic XGBoost
PROP-CB49AFF2C003,Pune,Manjari Budruk,4800000,3845075.0,954924.9375,19.889999389648438,Basic XGBoost
PROP-9DE91BFA2CB4,Kolkata,Dum Dum Cantonment,1900000,1958120.75,58120.87890625,3.059999942779541,Basic XGBoost
PROP-72693FD3DEE9,Kolkata,Nayabad,6500000,5125762.5,1374237.5,21.139999389648438,Basic XGBoost
PROP-578D46E2FDC3,Mumbai,Malad East,10800000,11437183.0,637183.0,5.900000095367432,Basic XGBoost
PROP-F2195BC4ACCD,Kolkata,Deshbandhu Nagar,2850000,3975785.25,1125785.25,39.5,Basic XGBoost
PROP-95046668863D,Pune,Undri,8500000,8144769.5,355230.46875,4.179999828338623,Basic XGBoost
PROP-2C507A5A2B1E,Pune,Talegaon Dhamdhere,1500000,1485011.375,14988.6201171875,1.0,Basic XGBoost
PROP-DA034220CC71,Bengaluru,Banashankari,5000000,6256763.5,1256763.5,25.139999389648438,Basic XGBoost
PROP-3D51C97BBCD5,Pune,Aundh,10500000,9207317.0,1292683.0,12.3100004196167,Basic XGBoost
PROP-FB3F6A212ECF,Hyderabad,Thumukunta,4000000,4584020.0,584020.0,14.600000381469727,Basic XGBoost
PROP-35F65A0B1111,Hyderabad,Nizampet,5500000,6359064.5,859064.0,15.619999885559082,Basic XGBoost
PROP-5425F574E202,Delhi,Sewak Park,5100000,4905793.5,194206.5,3.809999942779541,Basic XGBoost
PROP-6037F97E910C,Hyderabad,Serilingampally,55000000,41865972.0,13134028.0,23.8799991607666,Basic XGBoost
PROP-C2512136CBF0,Pune,Aambethan,2350000,2232038.5,117961.5,5.019999980926514,Basic XGBoost
PROP-7BA6A399609D,Pune,Baner,3500000,3084684.75,415315.25,11.869999885559082,Basic XGBoost
PROP-71D33633B538,Hyderabad,Pocharam,4500000,5979299.0,1479299.5,32.869998931884766,Basic XGBoost
PROP-C9CE17A43EF6,Bengaluru,Wilson Garden,14500000,12456596.0,2043404.0,14.09000015258789,Basic XGBoost
PROP-A2769CBFEFBC,Delhi,Kondli,8000000,8967154.0,967154.0,12.09000015258789,Basic XGBoost
PROP-00CB62F9CA48,Pune,Kesnand,1550000,1666498.375,116498.3828125,7.519999980926514,Basic XGBoost
PROP-BC7DC907F3C0,Hyderabad,Kompally,10500000,10398728.0,101272.0,0.9599999785423279,Basic XGBoost
PROP-D77D9222A2C0,Pune,Talwade,4800000,6389086.5,1589087.0,33.11000061035156,Basic XGBoost
PROP-8FDF18914555,Pune,Wakhari,1600000,1814170.5,214170.625,13.390000343322754,Basic XGBoost
PROP-8AE55DE0D0F6,Delhi,Preet Vihar,24500000,25910180.0,1410180.0,5.760000228881836,Basic XGBoost
PROP-7C347C5A02BA,Hyderabad,Kapra,12000000,15931986.0,3931986.0,32.77000045776367,Basic XGBoost
PROP-FFF28A341052,Hyderabad,Aminpur,29000000,19414268.0,9585732.0,33.04999923706055,Basic XGBoost
PROP-6BD74555B6F6,Bengaluru,Konanakunte,17500000,14424791.0,3075209.0,17.56999969482422,Basic XGBoost
PROP-B9B30C368E06,Bengaluru,Banashankari,654000,1090698.125,436698.125,66.7699966430664,Basic XGBoost
PROP-75A82EA10DF0,Bengaluru,Attibele,21500000,22034904.0,534904.0,2.490000009536743,Basic XGBoost
PROP-308497C5C8A9,Hyderabad,Hayathnagar,6800000,7151563.5,351563.53125,5.170000076293945,Basic XGBoost
PROP-FA7F37B350E3,Pune,Ambegaon Pathar,2900000,2850563.5,49436.5,1.7000000476837158,Basic XGBoost
PROP-C69B5907EBA1,Pune,Ambegaon,6900000,10903261.0,4003262.0,58.02000045776367,Basic XGBoost
PROP-FF12DC411AD0,Pune,Bavdhan,14000000,14002950.0,2950.0,0.019999999552965164,Basic XGBoost
PROP-85C11484F5B4,Pune,Lohegaon,4000000,3784134.5,215865.765625,5.400000095367432,Basic XGBoost
PROP-FE73164F12FA,Pune,Pimple Saudagar,9800000,9242419.0,557581.0,5.690000057220459,Basic XGBoost
PROP-CA1E3B26429C,Delhi,Sector 22 Dwarka,29000000,28870128.0,129872.0,0.44999998807907104,Basic XGBoost
PROP-929CCBA54C0C,Pune,Pimpri,3100000,3309601.5,209601.5,6.760000228881836,Basic XGBoost
PROP-6401AE87242B,Hyderabad,Gajularamaram,16100000,9811406.0,6288594.0,39.060001373291016,Basic XGBoost
PROP-0461D7695030,Pune,Bhamboli,1800000,1781225.5,18774.5,1.0399999618530273,Basic XGBoost
PROP-9989B466FF80,Pune,Hinjewadi Phase 3,7000000,6982068.0,17932.0,0.25999999046325684,Basic XGBoost
PROP-271439694061,Pune,Shivane,10500000,8528558.0,1971441.875,18.780000686645508,Basic XGBoost
PROP-647380B6C56C,Pune,Kothrud,52500000,76423744.0,23923742.0,45.56999969482422,Basic XGBoost
PROP-DEBF324D5004,Hyderabad,Kompally,15000000,10730333.0,4269667.0,28.459999084472656,Basic XGBoost
PROP-036A40B27112,Pune,Dhankawadi,3000000,2924852.25,75147.75,2.5,Basic XGBoost
PROP-F950302AB7E9,Pune,Wagholi,3200000,3353535.25,153535.5,4.800000190734863,Basic XGBoost
PROP-F0A15FB127E7,Pune,Kondhwa,10000000,9592446.0,407554.0,4.079999923706055,Basic XGBoost
PROP-3FE3BA248FEA,Pune,Kondhwa,7000000,6666447.5,333552.5,4.769999980926514,Basic XGBoost
PROP-17323089F8DE,Pune,Pimple Saudagar,8800000,7955702.0,844298.5,9.59000015258789,Basic XGBoost
PROP-FDC8E906723F,Pune,Sadashiv Peth,15000000,17008428.0,2008428.0,13.390000343322754,Basic XGBoost
PROP-566EE7A10F14,Pune,Wanowrie,32500000,33988852.0,1488852.0,4.579999923706055,Basic XGBoost
PROP-780710815F2E,Pune,Sadashiv Peth,11500000,10730456.0,769544.0,6.690000057220459,Basic XGBoost
PROP-F631F6B18734,Hyderabad,Gachibowli,15000000,15560013.0,560013.0,3.7300000190734863,Basic XGBoost
PROP-0C3C607B71D0,Pune,Ambegaon Pathar,2800000,2805909.0,5909.25,0.20999999344348907,Basic XGBoost
PROP-CF3A7A042C95,Bengaluru,Bommanahalli,2500000,2252419.0,247581.0,9.899999618530273,Basic XGBoost
PROP-450D76B79792,Delhi,Sector 7 Dwarka,8500000,6117984.0,2382016.0,28.020000457763672,Basic XGBoost
PROP-A4953794C080,Delhi,Sector 17 Dwarka,9000000,8694007.0,305993.0,3.4000000953674316,Basic XGBoost
PROP-1263EACFBBB4,Delhi,Sector 3 Dwarka,2000000,2116876.25,116876.25,5.840000152587891,Basic XGBoost
PROP-5CDF7CDCFC90,Pune,Mundhwa,9000000,9174377.0,174377.0,1.940000057220459,Basic XGBoost
PROP-2AEA9790CCFD,Delhi,Kalkaji Extension,16000000,14771709.0,1228290.0,7.679999828338623,Basic XGBoost
PROP-D8BB0CAA2680,Bengaluru,Yemalur,60000000,53842664.0,6157340.0,10.260000228881836,Basic XGBoost
PROP-12E3ACA23BD5,Pune,Bhosari,3900000,4067278.5,167278.5,4.289999961853027,Basic XGBoost
PROP-5AFE12F0A193,Pune,Rahatani,4600000,4661126.0,61126.0,1.3300000429153442,Basic XGBoost
PROP-C42A1815C2F3,Bengaluru,Kaggadasapura,6500000,6879441.5,379441.0,5.840000152587891,Basic XGBoost
PROP-190B7101B2E9,Bengaluru,Mathikere,21000000,17551948.0,3448051.75,16.420000076293945,Basic XGBoost
PROP-DA8F1BBCE7D0,Pune,Dattavadi,6250000,5814368.0,435632.0,6.96999979019165,Basic XGBoost
PROP-AEEF4274B3F6,Bengaluru,Kaggadasapura,27500000,27041224.0,458776.0,1.6699999570846558,Basic XGBoost
PROP-1564DBA664BF,Pune,Bhukum,8000000,6928757.0,1071243.0,13.390000343322754,Basic XGBoost
PROP-25A47C5422A8,Bengaluru,Nelamangala,2628000,3278467.0,650467.0,24.75,Basic XGBoost
PROP-9B239F57D201,Pune,Wakad,8000000,7651091.0,348909.0,4.360000133514404,Basic XGBoost
PROP-8B2A712FC0B7,Bengaluru,Begur,6400000,5451789.0,948211.0625,14.819999694824219,Basic XGBoost
PROP-EE337B8241A9,Pune,Rasta Peth,9000000,8554135.0,445865.0,4.949999809265137,Basic XGBoost
PROP-FD5D56218C91,Bengaluru,Kaval Bairasandra,3700000,3775944.0,75944.0,2.049999952316284,Basic XGBoost
PROP-6862CB4AAFCB,Delhi,Bharthal,2800000,2430137.5,369862.46875,13.210000038146973,Basic XGBoost
PROP-641E8BBFBD42,Bengaluru,Wilson Garden,720000,1469088.5,749088.5,104.04000091552734,Basic XGBoost
PROP-F546062541DD,Pune,Handewadi,2200000,2326229.0,126229.0,5.739999771118164,Basic XGBoost
PROP-ED9683068995,Pune,Hadapsar,1700000,1767731.375,67731.3828125,3.9800000190734863,Basic XGBoost
PROP-840B09AFF58E,Pune,Charholi Budruk,3300000,3124929.5,175070.234375,5.309999942779541,Basic XGBoost
PROP-4BC98CE96981,Bengaluru,Ramamurthy Nagar,400000,429226.28125,29226.279296875,7.309999942779541,Basic XGBoost
PROP-18EC0DBB243E,Bengaluru,Bapuji Nagar,9000000,7868829.0,1131171.5,12.569999694824219,Basic XGBoost
PROP-EC919E79045E,Bengaluru,Channapatna,6300000,8569715.0,2269715.0,36.029998779296875,Basic XGBoost
PROP-092D9847A913,Pune,Talegaon Dabhade,3000000,3053172.5,53172.5,1.7699999809265137,Basic XGBoost
PROP-4D48508B7131,Pune,Jambhul,1700000,1792833.125,92833.1171875,5.460000038146973,Basic XGBoost
PROP-E6F1771E30F8,Pune,Hadapsar,1875000,1907267.375,32267.380859375,1.7200000286102295,Basic XGBoost
PROP-B36B54E3592B,Pune,Nerhe,3000000,3439689.0,439689.0,14.65999984741211,Basic XGBoost
PROP-75A87272C6C3,Pune,Hadapsar,6800000,4740677.0,2059323.0,30.280000686645508,Basic XGBoost
PROP-4ED736EAB511,Bengaluru,Dasanapura,3900000,4066382.5,166382.5,4.269999980926514,Basic XGBoost
PROP-564680D9FB1C,Bengaluru,Seegehalli,15000000,14525869.0,474131.0,3.1600000858306885,Basic XGBoost
PROP-021F335D0215,Bengaluru,Jayanagar West,20000000,22105708.0,2105708.0,10.529999732971191,Basic XGBoost
PROP-6D5238F843B1,Pune,Lavasa,9500000,10260147.0,760147.0625,8.0,Basic XGBoost
PROP-C63DE5A371D4,Pune,Katraj,4000000,4311556.0,311556.0,7.789999961853027,Basic XGBoost
PROP-2598404F5915,Bengaluru,Chamrajpet,11000000,9233485.0,1766515.0,16.059999465942383,Basic XGBoost
PROP-E597E61FA2BA,Bengaluru,Kadumuthsandra Plantation,4900000,4864846.0,35154.0,0.7200000286102295,Basic XGBoost
PROP-68FFFBEC8103,Bengaluru,Mathikere,10000000,10185857.0,185857.0,1.8600000143051147,Basic XGBoost
PROP-0CE96737A0D0,Bengaluru,Kattigenahalli,8500000,8353446.0,146554.5,1.7200000286102295,Basic XGBoost
PROP-1DE379F76B98,Pune,Gorhe Bk,3500000,3289531.75,210468.234375,6.010000228881836,Basic XGBoost
PROP-C30F517B1BF8,Bengaluru,Nandini Layout,7200000,5989418.0,1210582.0,16.809999465942383,Basic XGBoost
PROP-69ADEC56ACEB,Hyderabad,Peerzadiguda,11000000,12590696.0,1590696.0,14.460000038146973,Basic XGBoost
PROP-921F8E5BBB16,Pune,Baner,7500000,9010943.0,1510943.0,20.149999618530273,Basic XGBoost
PROP-8E9EBB0559EE,Hyderabad,Ramachandra Puram,3100000,4290158.0,1190158.0,38.38999938964844,Basic XGBoost
PROP-AEA0B06BF7D6,Pune,Nanded,1500000,1464325.625,35674.37890625,2.380000114440918,Basic XGBoost
PROP-C31BBEA76072,Hyderabad,Nallakunta,25000000,29580648.0,4580648.0,18.31999969482422,Basic XGBoost
PROP-270E6B143FB6,Pune,Kasarwadi,5000000,5227088.0,227088.0,4.539999961853027,Basic XGBoost
PROP-0E6FE0A0B9A5,Pune,Mundhwa,7500000,8264270.0,764270.0,10.1899995803833,Basic XGBoost
PROP-E33F1153F028,Hyderabad,Borabanda,12000000,9395149.0,2604851.0,21.709999084472656,Basic XGBoost
PROP-D847EC37271C,Pune,Wagholi,2000000,1830842.125,169157.875,8.460000038146973,Basic XGBoost
PROP-AB09036233A9,Pune,Ambegaon Bk,3850000,3708229.0,141771.0,3.680000066757202,Basic XGBoost
PROP-7829BAF8BA68,Hyderabad,Madhapur,9200000,6919512.5,2280487.5,24.790000915527344,Basic XGBoost
PROP-285719CFA573,Pune,Thergaon,5000000,4913697.5,86302.5,1.7300000190734863,Basic XGBoost
PROP-FA48D6011F79,Hyderabad,Osman Nagar,12800000,15118752.0,2318752.0,18.1200008392334,Basic XGBoost
PROP-066E605A1612,Pune,Wagholi,4600000,4452681.0,147319.0,3.200000047683716,Basic XGBoost
PROP-05948D732C72,Pune,Undri,45000000,48515852.0,3515848.0,7.809999942779541,Basic XGBoost
PROP-6676E8663A08,Pune,Khed Shivapur,10000000,9119543.0,880456.9375,8.800000190734863,Basic XGBoost
PROP-65C335E274A6,Pune,Bavdhan,4500000,4814698.5,314698.5,6.989999771118164,Basic XGBoost
PROP-EC7FA926DCA4,Pune,Pimple Nilakh,6000000,6356135.5,356135.53125,5.940000057220459,Basic XGBoost
PROP-B7C8C7ABE5D4,Pune,Khadakwasla,5551000,5124310.5,426689.53125,7.690000057220459,Basic XGBoost
PROP-A1B09368029E,Pune,Pimple Gurav,9700000,9439605.0,260395.0,2.680000066757202,Basic XGBoost
PROP-09CE9ADDEE5D,Hyderabad,Somajiguda,17500000,12005765.0,5494235.0,31.399999618530273,Basic XGBoost
PROP-6F336AE4E8AB,Pune,Wagholi,5700000,5367415.5,332584.5,5.829999923706055,Basic XGBoost
PROP-C34C80FE5C36,Bengaluru,Nagasandra,3500000,3720155.5,220155.5,6.289999961853027,Basic XGBoost
PROP-E838D562DA1E,Pune,Anand Nagar,2050000,2040633.625,9366.3798828125,0.46000000834465027,Basic XGBoost
PROP-82481EC85A1D,Pune,Jambhul,3200000,3088258.0,111742.0,3.490000009536743,Basic XGBoost
PROP-979AEA102EA4,Pune,Jambhul,2099000,2213615.0,114615.0,5.460000038146973,Basic XGBoost
PROP-DC1B25032235,Pune,Charholi Budruk,2500000,2325044.75,174955.234375,7.0,Basic XGBoost
PROP-B520B9A3BF00,Hyderabad,Santosh Nagar,14500000,15513103.0,1013103.0625,6.989999771118164,Basic XGBoost
PROP-DC14830AE8B7,Pune,Bhawani Peth,8200000,7997838.0,202162.0,2.4700000286102295,Basic XGBoost
PROP-85C27B3F455C,Bengaluru,Yeshwanthpur,18800000,17252496.0,1547504.0,8.229999542236328,Basic XGBoost
PROP-55F59220E177,Pune,Chimbali,2800000,2862353.5,62353.5,2.2300000190734863,Basic XGBoost
PROP-3B37A88FA0F9,Delhi,Vasant Vihar,94800000,84005688.0,10794312.0,11.390000343322754,Basic XGBoost
PROP-17373D0031FC,Bengaluru,Kengeri Satellite Town,5500000,5380756.0,119244.0,2.1700000762939453,Basic XGBoost
PROP-0EC53738418F,Delhi,Kirari Suleman Nagar,5000000,5202575.0,202575.0,4.050000190734863,Basic XGBoost
PROP-49D7D2219B66,Mumbai,Bhandup East,2000000,2693868.25,693868.0,34.689998626708984,Basic XGBoost
PROP-203BF7DBB39B,Bengaluru,Basaveshwara Nagar,3450000,3799115.25,349115.25,10.119999885559082,Basic XGBoost
PROP-93C6AB98D198,Bengaluru,Banashankari,13400000,11130127.0,2269872.0,16.940000534057617,Basic XGBoost
PROP-11F4A58E85E7,Bengaluru,Varanasi,14000000,13532731.0,467269.0,3.3399999141693115,Basic XGBoost
PROP-EEDA4FBFA1FE,Mumbai,Naigaon East,598000,549276.5625,48723.44140625,8.149999618530273,Basic XGBoost
PROP-9A4B4D800541,Bengaluru,Srinivaspura,5000000,4998746.0,1254.0,0.029999999329447746,Basic XGBoost
PROP-557139DE533D,Kolkata,Mukundapur,6000000,6548027.0,548027.0,9.130000114440918,Basic XGBoost
PROP-3E77D40DDAAD,Kolkata,Kashipur,7500000,3944360.0,3555640.0,47.40999984741211,Basic XGBoost
PROP-8C5EE2DFA40C,Mumbai,Naigaon East,525000,588357.3125,63357.30859375,12.069999694824219,Basic XGBoost
PROP-E478C760D685,Kolkata,Panchpota,3300000,6477167.5,3177167.25,96.27999877929688,Basic XGBoost
PROP-72DD0E6C2E04,Chennai,Thandalam,4100000,4486684.0,386684.0,9.430000305175781,Basic XGBoost
PROP-7BC1F225166A,Kolkata,Behala Chowrasta,7000000,5469234.5,1530765.5,21.8700008392334,Basic XGBoost
PROP-33E1446547DD,Pune,Alandi,3000000,3735374.75,735374.75,24.510000228881836,Basic XGBoost
PROP-0CB168FFE83F,Pune,Ranjangaon,1700000,1662239.625,37760.25,2.2200000286102295,Basic XGBoost
PROP-A02D1D9F3763,Kolkata,Tollygunge,4500000,4930399.0,430399.0,9.5600004196167,Basic XGBoost
PROP-7FBE2EF38C9B,Bengaluru,Thurahalli,6400000,7445511.0,1045511.0625,16.34000015258789,Basic XGBoost
PROP-5B59C86825F0,Bengaluru,Marsur,2200000,2037854.5,162145.5,7.369999885559082,Basic XGBoost
PROP-A87A8D74790D,Kolkata,Narendrapur,6500000,6792573.0,292572.5,4.5,Basic XGBoost
PROP-B7C9B2FD3AE4,Bengaluru,Kothanur,6300000,6468889.5,168889.5,2.680000066757202,Basic XGBoost
PROP-0BD54F0CABA5,Pune,Guruwar Peth,3600000,4090559.75,490559.75,13.630000114440918,Basic XGBoost
PROP-A33D4062C822,Pune,Undri,3500000,3308317.0,191683.0,5.480000019073486,Basic XGBoost
PROP-670CED41C724,Bengaluru,Hsr Layout,72500000,79603896.0,7103896.5,9.800000190734863,Basic XGBoost
PROP-9B76E2C4485B,Bengaluru,Kengeri,5500000,6109319.5,609320.0,11.079999923706055,Basic XGBoost
PROP-6B4235B84BF7,Chennai,Villivakkam,22500000,18844648.0,3655352.0,16.25,Basic XGBoost
PROP-B599B1954608,Delhi,Nilothi,1700000,1722232.75,22232.880859375,1.309999942779541,Basic XGBoost
PROP-17D557164712,Bengaluru,Kachamaranahalli,6500000,6265098.0,234901.5,3.609999895095825,Basic XGBoost
PROP-055D52DB8A40,Bengaluru,Yemalur,6200000,5494197.0,705803.0625,11.380000114440918,Basic XGBoost
PROP-03A665518206,Bengaluru,Ramamurthy Nagar,7200000,7191786.0,8214.0,0.10999999940395355,Basic XGBoost
PROP-E46C343B3C7F,Delhi,Wazirabad,6000000,8386547.0,2386547.5,39.779998779296875,Basic XGBoost
PROP-F0AD13B7D9ED,Pune,New Sangvi,5000000,5146275.5,146275.5,2.930000066757202,Basic XGBoost
PROP-A1373E45A944,Bengaluru,Konanakunte,10500000,9793028.0,706972.0,6.730000019073486,Basic XGBoost
PROP-522450F0370A,Bengaluru,Whitefield,5900000,6256268.0,356268.0,6.039999961853027,Basic XGBoost
PROP-996C65662CD4,Kolkata,Narendrapur,3200000,3780916.5,580916.5,18.149999618530273,Basic XGBoost
PROP-13C19FD4247F,Pune,Mahalunge Ingale,5000000,3902569.25,1097430.75,21.950000762939453,Basic XGBoost
PROP-822EDA72DCC6,Kolkata,Ballygunge,13000000,12822115.0,177885.0,1.3700000047683716,Basic XGBoost
PROP-D35BDA093917,Kolkata,South Dum Dum,3850000,3249719.75,600280.25,15.59000015258789,Basic XGBoost
PROP-D84C06FCBEC6,Delhi,Baprola,3500000,3475482.0,24518.0,0.699999988079071,Basic XGBoost
PROP-6E85E8DDB8E1,Pune,Manjari Khurd,1225000,1273365.375,48365.37890625,3.950000047683716,Basic XGBoost
PROP-F898A535A8B5,Chennai,Sembakkam,4500000,3578075.25,921924.75,20.489999771118164,Basic XGBoost
PROP-C1B0FC0F914A,Pune,Baner,14000000,13696325.0,303675.0,2.1700000762939453,Basic XGBoost
PROP-F319A892B24C,Bengaluru,Electronic City,3400000,3303061.75,96938.25,2.8499999046325684,Basic XGBoost
PROP-91FA2CDA86D8,Delhi,Geeta Colony,3000000,2624049.25,375950.75,12.529999732971191,Basic XGBoost
PROP-391AB2DFD8D0,Bengaluru,Jayanagar,50000000,42064560.0,7935440.0,15.869999885559082,Basic XGBoost
PROP-AE86DAE6DFE0,Bengaluru,Vignana Kendra,11000000,12891121.0,1891120.0,17.190000534057617,Basic XGBoost
PROP-8F3FDCAF7F39,Delhi,Badarpur,387000,454177.71875,67177.71875,17.360000610351562,Basic XGBoost
PROP-796B051AF8B5,Chennai,Perambur,4500000,4916758.5,416758.46875,9.260000228881836,Basic XGBoost
PROP-DE5731F139BF,Kolkata,Baguiati,1900000,1852870.5,47129.5,2.4800000190734863,Basic XGBoost
PROP-E28DF73E05CE,Kolkata,Patipukur,4200000,3088702.75,1111297.25,26.459999084472656,Basic XGBoost
PROP-1D068F142138,Bengaluru,Jp Nagar,80000000,79704016.0,295984.0,0.3700000047683716,Basic XGBoost
PROP-AC2302554A6A,Kolkata,Narendrapur,3900000,4858670.0,958670.0,24.579999923706055,Basic XGBoost
PROP-2AC175C3B47C,Kolkata,Beniapukur,20500000,16794184.0,3705816.0,18.079999923706055,Basic XGBoost
PROP-06099F7A6044,Pune,Dhayari,3600000,4099956.5,499956.46875,13.890000343322754,Basic XGBoost
PROP-8A84311D4E79,Pune,Bhawani Peth,5300000,4476409.5,823590.5,15.539999961853027,Basic XGBoost
PROP-05DFF2BD7711,Chennai,Medavakkam,5700000,5587188.0,112812.0,1.9800000190734863,Basic XGBoost
PROP-696D6304721C,Delhi,Karol Bagh,65000000,40932672.0,24067328.0,37.029998779296875,Basic XGBoost
PROP-589503049540,Kolkata,Baguiati,1600000,1583745.625,16254.3798828125,1.0199999809265137,Basic XGBoost
PROP-47C5803E0547,Kolkata,Narayantala,2900000,2867115.25,32884.75,1.1299999952316284,Basic XGBoost
PROP-22C37EA8FF52,Pune,Charholi Kurd,2200000,2079215.25,120784.75,5.489999771118164,Basic XGBoost
PROP-E2F90CB494A4,Pune,Kasarwadi,2300000,2340377.0,40377.0,1.7599999904632568,Basic XGBoost
PROP-FBC09BC163C6,Mumbai,Kandivali West,9000000,10567965.0,1567965.0,17.420000076293945,Basic XGBoost
PROP-379525864704,Kolkata,Dum Dum,3000000,3386003.0,386003.0,12.869999885559082,Basic XGBoost
PROP-C7EDDE98AC97,Pune,Kanhe,2500000,2469826.5,30173.5,1.2100000381469727,Basic XGBoost
PROP-562DA83E6F5E,Chennai,Saidapet,6300000,7372824.5,1072824.5,17.030000686645508,Basic XGBoost
PROP-532DD9B45FBC,Bengaluru,Rr Nagar,6500000,6302799.5,197200.5,3.0299999713897705,Basic XGBoost
PROP-2BDF8D921D38,Kolkata,Bangur Avenue,2800000,3214586.5,414586.46875,14.8100004196167,Basic XGBoost
PROP-144B4C5089D8,Bengaluru,Arakere,6800000,6424525.0,375475.0,5.519999980926514,Basic XGBoost
PROP-A2CA99F38D85,Pune,Lulla Nagar,4000000,3896355.25,103644.75,2.5899999141693115,Basic XGBoost
PROP-98EDDDB8D98C,Bengaluru,Virupakshapura,7000000,7131812.0,131812.0,1.8799999952316284,Basic XGBoost
PROP-5D24CD48769C,Delhi,Inder Puri,500000,1313631.125,813631.125,162.72999572753906,Basic XGBoost
PROP-72415857F3B1,Mumbai,Mulund East,2000000,1690675.25,309324.875,15.470000267028809,Basic XGBoost
PROP-A474AF159C00,Pune,Wakad,4600000,4816443.5,216443.5,4.710000038146973,Basic XGBoost
PROP-677933159E12,Bengaluru,Thanisandra,7000000,6262273.5,737726.5,10.539999961853027,Basic XGBoost
PROP-AD41B20B07BE,Bengaluru,Kalena Agrahara,5400000,5719984.5,319984.5,5.929999828338623,Basic XGBoost
PROP-448562E45FEB,Bengaluru,Vajarahalli,4820000,4419020.5,400979.53125,8.319999694824219,Basic XGBoost
PROP-6F2E1D655213,Kolkata,Dum Dum Park,3200000,3204886.0,4886.0,0.15000000596046448,Basic XGBoost
PROP-736F0F7ECE66,Bengaluru,Krishnarajapura,40000000,41038048.0,1038048.0,2.5999999046325684,Basic XGBoost
PROP-28F5B24D0E3D,Kolkata,Haltu,4000000,3988066.25,11933.75,0.30000001192092896,Basic XGBoost
PROP-3A41C3085ED3,Chennai,Kotturpuram,8500000,7845988.5,654011.5,7.690000057220459,Basic XGBoost
PROP-D99980C0DC28,Bengaluru,Margondanahalli,14000000,15202697.0,1202697.0,8.59000015258789,Basic XGBoost
PROP-39E81FB8972D,Delhi,Lajpat Nagar,5000000,4879207.5,120792.5,2.4200000762939453,Basic XGBoost
PROP-DFEDA14A0BE8,Chennai,Veppampattu,3900000,4187065.5,287065.5,7.360000133514404,Basic XGBoost
PROP-3EF538C2BB00,Chennai,Ashok Nagar,11500000,7190496.5,4309503.5,37.470001220703125,Basic XGBoost
PROP-909C64B3F704,Delhi,Burari,1300000,1380843.25,80843.1171875,6.21999979019165,Basic XGBoost
PROP-138DEDBF7F6C,Bengaluru,Kodathi,9800000,8650340.0,1149660.0,11.729999542236328,Basic XGBoost
PROP-C30B89369350,Pune,Budhwar Peth,4500000,4218834.5,281165.5,6.25,Basic XGBoost
PROP-2B2BD378CAEC,Kolkata,Haltu,4200000,4747318.5,547318.5,13.029999732971191,Basic XGBoost
PROP-F532821AF89B,Bengaluru,Btm Layout,18000000,18116568.0,116568.0,0.6499999761581421,Basic XGBoost
PROP-AFDAE87C7154,Chennai,Avadi,3000000,3606406.75,606406.75,20.209999084472656,Basic XGBoost
PROP-01DEAD99037B,Kolkata,Rajarhat,3600000,3907936.0,307936.0,8.550000190734863,Basic XGBoost
PROP-443AD859EEE0,Pune,Lohegaon,12500000,12974570.0,474570.0,3.799999952316284,Basic XGBoost
PROP-C5709776DC76,Delhi,Khanpur,9900000,7510916.5,2389083.5,24.1299991607666,Basic XGBoost
PROP-B4C44F440428,Bengaluru,Kithaganur Colony,5000000,5046800.0,46800.0,0.9399999976158142,Basic XGBoost
PROP-230BB0F69709,Chennai,Pudupakkam,6500000,6851013.0,351013.0,5.400000095367432,Basic XGBoost
PROP-BC27555666D6,Delhi,Sector 2 Rohini,8500000,8579667.0,79667.0,0.9399999976158142,Basic XGBoost
PROP-0B4999D2EC4D,Chennai,Madipakkam,5870000,4565952.5,1304047.5,22.219999313354492,Basic XGBoost
PROP-A983A289BE38,Bengaluru,Bommasandra,5200000,4684959.5,515040.46875,9.899999618530273,Basic XGBoost
PROP-D6EDFDC0FBD2,Kolkata,Kabardanga,6500000,6532839.0,32839.0,0.5099999904632568,Basic XGBoost
PROP-473A60EABD96,Delhi,Dera Mandi,3100000,2865387.75,234612.234375,7.570000171661377,Basic XGBoost
PROP-2E15DA7D7553,Bengaluru,Talaghattapura,4490000,4894130.0,404130.0,9.0,Basic XGBoost
PROP-2D2947021574,Bengaluru,Chansandra,7200000,7509541.0,309541.0,4.300000190734863,Basic XGBoost
PROP-77E8219E84FC,Delhi,Burari,1400000,1438367.375,38367.37890625,2.740000009536743,Basic XGBoost
PROP-4233AA7EA058,Kolkata,Garia,4800000,4757239.5,42760.5,0.8899999856948853,Basic XGBoost
PROP-91AD8B00D735,Kolkata,Sarsuna,23000000,13108644.0,9891356.0,43.0099983215332,Basic XGBoost
PROP-A76744E50E9F,Bengaluru,Uttarahalli Hobli,8000000,7789691.0,210309.0,2.630000114440918,Basic XGBoost
PROP-1D61D96EF60F,Chennai,Perumbakkam,4500000,4354141.5,145858.5,3.240000009536743,Basic XGBoost
PROP-BB3502986EF1,Pune,Dhankawadi,3700000,3950025.5,250025.5,6.760000228881836,Basic XGBoost
PROP-D503271FAF7C,Pune,Karve Nagar,3000000,3305475.5,305475.5,10.180000305175781,Basic XGBoost
PROP-97161B865FA1,Kolkata,South Dum Dum,2650000,2579890.75,70109.25,2.6500000953674316,Basic XGBoost
PROP-D44CFEC304B2,Kolkata,Rajpur,4000000,4172504.0,172504.0,4.309999942779541,Basic XGBoost
PROP-9C1DE3D0CA46,Kolkata,Garia,3600000,3401373.0,198627.0,5.519999980926514,Basic XGBoost
PROP-20AB8949E398,Pune,Punawale,3675000,3696739.25,21739.25,0.5899999737739563,Basic XGBoost
PROP-B6CDFCD7A060,Chennai,Kk Nagar,11700000,7435080.5,4264919.5,36.45000076293945,Basic XGBoost
PROP-5E56894F11B5,Pune,Dhanori,13000000,12605859.0,394141.0,3.0299999713897705,Basic XGBoost
PROP-93DB6361384B,Pune,Hadapsar,11000000,11826150.0,826150.0,7.510000228881836,Basic XGBoost
PROP-B3F66E6E1218,Chennai,Ayappakkam,1700000,3584475.75,1884475.625,110.8499984741211,Basic XGBoost
PROP-C883AD0F6A4D,Kolkata,Garia,3600000,4425333.5,825333.5,22.93000030517578,Basic XGBoost
PROP-519030674E5D,Delhi,Safdarjung Enclave,4500000,5564864.5,1064864.5,23.65999984741211,Basic XGBoost
PROP-D0D832658684,Kolkata,Jadavpur,8500000,9748413.0,1248413.0,14.6899995803833,Basic XGBoost
PROP-15F42F3F45D1,Pune,Panshet,12500000,17056344.0,4556344.0,36.45000076293945,Basic XGBoost
PROP-23281E632448,Pune,Chakan,4750000,3805896.75,944103.5,19.8799991607666,Basic XGBoost
PROP-03CC8C63050C,Pune,Kirkatwadi,2300000,2503092.5,203092.5,8.829999923706055,Basic XGBoost
PROP-3BEBCDD966CA,Bengaluru,Basavanagudi,12500000,12478497.0,21503.0,0.17000000178813934,Basic XGBoost
PROP-0FA6DEC053FD,Delhi,Najafgarh,18000000,17752072.0,247928.0,1.3799999952316284,Basic XGBoost
PROP-4B104614C8CE,Bengaluru,Gunjur Palya,6500000,6147419.5,352580.46875,5.420000076293945,Basic XGBoost
PROP-C8430A3AAD4B,Kolkata,Baguiati,8000000,6107234.5,1892765.5,23.65999984741211,Basic XGBoost
PROP-4310CA2F11EA,Pune,Mohammed Wadi,1400000,1419400.375,19400.380859375,1.3899999856948853,Basic XGBoost
PROP-3CCB14A442A1,Pune,Vadgaon,12500000,11331437.0,1168563.0,9.350000381469727,Basic XGBoost
PROP-6409F54AAB2B,Bengaluru,Kasavanahalli,23000000,24653928.0,1653928.0,7.190000057220459,Basic XGBoost
PROP-7F39E980C902,Delhi,Budh Vihar,4500000,4428445.0,71555.0,1.590000033378601,Basic XGBoost
PROP-1E0B226AD1CB,Chennai,Ekkatuthangal,29000000,11894944.0,17105056.0,58.97999954223633,Basic XGBoost
PROP-ACC3B69ECDC7,Pune,Bebadohal,3000000,3133336.25,133336.25,4.440000057220459,Basic XGBoost
PROP-9C960929506D,Kolkata,Teghoria,3999000,3171175.0,827824.9375,20.700000762939453,Basic XGBoost
PROP-8D57BAF62DD6,Bengaluru,Electronic City,4500000,4531863.0,31863.0,0.7099999785423279,Basic XGBoost
PROP-57973D2D7260,Delhi,Kapashera,4500000,4515073.5,15073.5,0.33000001311302185,Basic XGBoost
PROP-CFEBC8FF5FEE,Kolkata,Rahara,4500000,3837887.25,662112.75,14.710000038146973,Basic XGBoost
PROP-49214D77DFEC,Chennai,Adhanur,5500000,5143523.0,356477.0,6.480000019073486,Basic XGBoost
PROP-9C6BF7B90F11,Kolkata,Santoshpur,4100000,6471851.0,2371851.0,57.849998474121094,Basic XGBoost
PROP-07B3294DA6EF,Delhi,Shalimar Bagh,30600000,32308410.0,1708412.0,5.579999923706055,Basic XGBoost
PROP-991E932AECFB,Pune,Akurdi,1700000,1625647.5,74352.5,4.369999885559082,Basic XGBoost
PROP-D7E616E98581,Bengaluru,Byagadadhenahalli,2400000,2164612.5,235387.5,9.8100004196167,Basic XGBoost
PROP-3E1764E34127,Kolkata,Behala,1250000,1820786.5,570786.5,45.65999984741211,Basic XGBoost
PROP-566F75496C08,Bengaluru,Dodda Banaswadi,7500000,8652765.0,1152765.0,15.369999885559082,Basic XGBoost
PROP-BD0EFDD55941,Delhi,Badarpur,14000000,13867133.0,132867.0,0.949999988079071,Basic XGBoost
PROP-644D268CD417,Kolkata,Kaikhali,2800000,5020187.0,2220187.0,79.29000091552734,Basic XGBoost
PROP-671CB4740F4C,Bengaluru,Jayanagar,25000000,23316858.0,1683140.0,6.730000019073486,Basic XGBoost
PROP-03531CEBC5CA,Kolkata,Mandirtala,3000000,3103892.25,103892.25,3.4600000381469727,Basic XGBoost
PROP-A6618196324F,Pune,Shivane,3200000,3198483.25,1516.75,0.05000000074505806,Basic XGBoost
PROP-3AB12F84366F,Delhi,Hari Nagar,20000000,20471672.0,471672.0,2.359999895095825,Basic XGBoost
PROP-ED4DB1169AFB,Kolkata,Lake Town,2400000,2952048.75,552048.5,23.0,Basic XGBoost
PROP-64F5EBE68935,Delhi,Narela,3500000,3340557.0,159443.0,4.559999942779541,Basic XGBoost
PROP-1D3C0C922DE5,Chennai,Ayappakkam,4000000,4190501.0,190501.0,4.760000228881836,Basic XGBoost
PROP-EFAECB9DC87C,Bengaluru,Electronic City Phase Ii,5700000,5020584.5,679415.5,11.920000076293945,Basic XGBoost
PROP-9B66A02D0630,Kolkata,Behala,4000000,3976536.0,23464.0,0.5899999737739563,Basic XGBoost
PROP-E1B04EAF72FF,Bengaluru,Electronic City Phase Ii,5700000,4996797.0,703203.0625,12.34000015258789,Basic XGBoost
PROP-E796F9A9C029,Kolkata,Garia,3000000,4268284.0,1268284.0,42.279998779296875,Basic XGBoost
PROP-3CFAAD40BBC9,Kolkata,Sodepur,7500000,4935249.0,2564751.0,34.20000076293945,Basic XGBoost
PROP-CC1A3CD1AEAE,Kolkata,Regent Park,2500000,1981193.25,518806.75,20.75,Basic XGBoost
PROP-7C444CF68EF4,Bengaluru,Bikasipura,7500000,7240385.5,259615.0,3.4600000381469727,Basic XGBoost
PROP-BA9E56614218,Kolkata,Madhyamgram,12000000,6494009.5,5505990.5,45.880001068115234,Basic XGBoost
PROP-D8A3AAC363D4,Pune,Ranjangaon,1700000,1671665.125,28334.880859375,1.6699999570846558,Basic XGBoost
PROP-58B7AE50D315,Kolkata,Keshtopur,3259000,3764574.75,505574.75,15.510000228881836,Basic XGBoost
PROP-E1ACD38526EE,Kolkata,Tollygunge,4800000,4641201.0,158799.0,3.309999942779541,Basic XGBoost
PROP-88263A0917D7,Kolkata,Deshbandhu Nagar,10600000,8611472.0,1988528.0,18.760000228881836,Basic XGBoost
PROP-D04249A2F8C6,Chennai,Mudichur,3300000,4301088.0,1001088.0,30.34000015258789,Basic XGBoost
PROP-D10196DEBC00,Kolkata,Tangra,50000000,52219252.0,2219252.0,4.440000057220459,Basic XGBoost
PROP-487838313AD9,Bengaluru,Horamavu,5500000,5550067.0,50067.0,0.9100000262260437,Basic XGBoost
PROP-C62B43F38CCC,Delhi,Jaitpur,1050000,1173769.625,123769.6171875,11.789999961853027,Basic XGBoost
PROP-42AAE903FF08,Kolkata,Baguiati,4800000,3231008.25,1568991.625,32.689998626708984,Basic XGBoost
PROP-FB06D2E59F92,Chennai,West Mambalam,16000000,12162030.0,3837970.0,23.989999771118164,Basic XGBoost
PROP-919C38CDEB64,Bengaluru,Rk Hegde Nagar,17000000,15696445.0,1303554.0,7.670000076293945,Basic XGBoost
PROP-D8DCABCE8AE4,Chennai,Perumbakkam,4500000,4142865.25,357134.75,7.940000057220459,Basic XGBoost
PROP-FCD2EC9B3ED8,Kolkata,South Dum Dum,1700000,1816937.5,116937.3828125,6.880000114440918,Basic XGBoost
PROP-6B6059C14A8A,Pune,Shivane,1550000,1805163.5,255163.5,16.459999084472656,Basic XGBoost
PROP-97B3BF9DCA10,Bengaluru,Munnekollal,5250000,5530649.5,280649.5,5.349999904632568,Basic XGBoost
PROP-0000796D181F,Delhi,Tri Nagar,10000000,8651231.0,1348769.0,13.489999771118164,Basic XGBoost
PROP-FA0A1DDACC7A,Bengaluru,Marathahalli,7000000,6179501.5,820498.5,11.720000267028809,Basic XGBoost
PROP-7F3F80142AB6,Delhi,Najafgarh,2800000,2502837.25,297162.75,10.609999656677246,Basic XGBoost
PROP-E1DEEFC57AA9,Pune,Nanded,5000000,4619061.0,380939.0,7.619999885559082,Basic XGBoost
PROP-0D33B9F918C9,Delhi,Khera Khurd,2000000,1812780.125,187219.875,9.359999656677246,Basic XGBoost
PROP-091D4A015A48,Kolkata,Rajpur,5000000,4117094.75,882905.25,17.65999984741211,Basic XGBoost
PROP-67DA8FD2B232,Kolkata,Rajarhat,4500000,4058351.25,441648.75,9.8100004196167,Basic XGBoost
PROP-7124AD0F7686,Bengaluru,Bommasandra,3600000,3919301.0,319301.0,8.869999885559082,Basic XGBoost
PROP-577F6378425E,Bengaluru,Akshayanagar,8800000,6916523.5,1883476.5,21.399999618530273,Basic XGBoost
PROP-C3F7B5D86C96,Chennai,Pozhichalur,3300000,10236808.0,6936807.5,210.2100067138672,Basic XGBoost
PROP-896E8998397A,Kolkata,Sonarpur,3500000,2539353.0,960647.0625,27.450000762939453,Basic XGBoost
PROP-6E5FEC60EF5B,Pune,Loni Kalbhor,2700000,2192558.75,507441.25,18.790000915527344,Basic XGBoost
PROP-47C446F8EA16,Kolkata,Mahheshtala,3450000,6260171.5,2810171.5,81.44999694824219,Basic XGBoost
PROP-AB79A648775B,Pune,Hadapsar,4800000,4944487.0,144487.0,3.009999990463257,Basic XGBoost
PROP-508FB2274A5A,Pune,Dhayari,2100000,2237296.0,137296.0,6.539999961853027,Basic XGBoost
PROP-AABFB17B7D65,Delhi,Mehrauli,6500000,3775965.5,2724034.5,41.90999984741211,Basic XGBoost
PROP-019BB7F6FC5A,Delhi,Sector 16 Rohini,2700000,2534144.5,165855.5,6.139999866485596,Basic XGBoost
PROP-F81A9F971B57,Pune,Kharadi,16500000,14273170.0,2226830.0,13.5,Basic XGBoost
PROP-A7645A4CF350,Pune,Manjari Budruk,9500000,9236215.0,263785.0,2.7799999713897705,Basic XGBoost
PROP-937825DA2B1F,Delhi,Hauz Khas,110000000,108071376.0,1928624.0,1.75,Basic XGBoost
PROP-2C3582A9D384,Pune,Lonikand,2500000,2414652.5,85347.5,3.4100000858306885,Basic XGBoost
PROP-7ED93828946E,Pune,Marunji,4800000,5386481.5,586481.0,12.220000267028809,Basic XGBoost
PROP-B8B94387843F,Pune,Marunji,3500000,3463075.0,36925.25,1.059999942779541,Basic XGBoost
PROP-193F4EF309DA,Pune,Kondhwa,6000000,5891175.5,108824.0,1.809999942779541,Basic XGBoost
PROP-427BB62F325C,Pune,Kharadi,1500000,1306542.0,193458.0,12.899999618530273,Basic XGBoost
PROP-1E40B5CCA256,Pune,Kothrud,15000000,17359840.0,2359840.0,15.729999542236328,Basic XGBoost
PROP-C14C5364DF49,Pune,Punawale,4500000,4528899.5,28899.5,0.6399999856948853,Basic XGBoost
PROP-4486EEF8D4D1,Chennai,Padappai,1200000,1611560.5,411560.46875,34.29999923706055,Basic XGBoost
PROP-9C0155D64C0C,Chennai,Ennore,7500000,28036112.0,20536112.0,273.80999755859375,Basic XGBoost
PROP-50394F774E73,Pune,Rahatani,6300000,6410809.5,110809.5,1.7599999904632568,Basic XGBoost
PROP-ABBAAB4A7BB3,Delhi,Mayur Vihar,2400000,2253315.0,146685.0,6.110000133514404,Basic XGBoost
PROP-3BA055D85EF0,Pune,Wakad,8149000,7708629.0,440371.0,5.400000095367432,Basic XGBoost
PROP-05E36858244F,Delhi,Nangloi,2500000,2461084.5,38915.5,1.559999942779541,Basic XGBoost
PROP-AF6144C38FE8,Chennai,Kanchipuram,30000000,37524624.0,7524624.0,25.079999923706055,Basic XGBoost
PROP-3348AB66A06C,Chennai,Thalambur,1600000,4091398.5,2491398.5,155.7100067138672,Basic XGBoost
PROP-6C0936C8F0AD,Pune,Chikhali,4900000,4648620.5,251379.5,5.130000114440918,Basic XGBoost
PROP-8BEAB30F288D,Chennai,Kattur,4243000,3959650.5,283349.5,6.679999828338623,Basic XGBoost
PROP-D086A5805E7B,Pune,Sus,7500000,8222376.5,722376.5,9.630000114440918,Basic XGBoost
PROP-3FA6A4F71660,Pune,Shivaji Nagar,15000000,15928887.0,928887.0625,6.190000057220459,Basic XGBoost
PROP-F4896266A45B,Pune,Wakad,9500000,8540571.0,959428.9375,10.100000381469727,Basic XGBoost
PROP-9A7489587C51,Chennai,Red Hills,3700000,5926366.5,2226367.0,60.16999816894531,Basic XGBoost
PROP-6C5E68C07BBE,Pune,Fursungi,7500000,11139685.0,3639685.0,48.529998779296875,Basic XGBoost
PROP-751A22338514,Chennai,Alandur,2500000,2971147.0,471147.0,18.850000381469727,Basic XGBoost
PROP-1E7CF47E4D36,Delhi,Qutub Vihar,1900000,1957488.0,57488.0,3.0299999713897705,Basic XGBoost
PROP-D7C2B2F41C4C,Chennai,Mugalivakkam,12000000,7343359.5,4656640.5,38.810001373291016,Basic XGBoost
PROP-76B2C7803F78,Pune,Kondhwa,7000000,6737527.0,262473.0,3.75,Basic XGBoost
PROP-50676E9D9F4F,Delhi,Shahdara,2000000,1874797.5,125202.6171875,6.260000228881836,Basic XGBoost
PROP-2B717BE67EC4,Pune,Magarpatta City,27000000,27248632.0,248632.0,0.9200000166893005,Basic XGBoost
PROP-07B8746D23A2,Bengaluru,Vidyaranyapura,5500000,5390196.0,109804.0,2.0,Basic XGBoost
PROP-7421156566D1,Bengaluru,Marsur,9000000,11096616.0,2096616.0,23.299999237060547,Basic XGBoost
PROP-D54BF2F0FBB5,Delhi,Rajinder Nagar,16500000,17698484.0,1198484.0,7.260000228881836,Basic XGBoost
PROP-96868D158019,Bengaluru,Jayanagar,10000000,8327531.0,1672469.0,16.719999313354492,Basic XGBoost
PROP-D943D15B8A66,Delhi,Sector 9 Rohini,14000000,14322094.0,322094.0,2.299999952316284,Basic XGBoost
PROP-BA06BA1E0E0D,Bengaluru,Konanakunte,5900000,6130447.5,230447.5,3.9100000858306885,Basic XGBoost
PROP-E12060B5FCF0,Pune,Warje,2400000,2256913.0,143087.0,5.960000038146973,Basic XGBoost
PROP-CBDD9BFBC924,Pune,Wakad,4200000,4065013.75,134986.25,3.2100000381469727,Basic XGBoost
PROP-73EC79C346C9,Bengaluru,Kannuru,6000000,5938950.0,61050.0,1.0199999809265137,Basic XGBoost
PROP-C478F2F33020,Pune,Wagholi,2600000,2639348.75,39348.75,1.5099999904632568,Basic XGBoost
PROP-218BB9049506,Pune,Pimpri,6000000,5755519.5,244480.5,4.070000171661377,Basic XGBoost
PROP-D365A7B2C57D,Pune,Punawale,5900000,6417024.0,517024.0,8.760000228881836,Basic XGBoost
PROP-198A4414CF17,Pune,Dhanori,6500000,5824941.0,675059.0625,10.390000343322754,Basic XGBoost
PROP-AD421BD5654A,Pune,Chinchwad,3700000,3953470.0,253470.0,6.849999904632568,Basic XGBoost
PROP-4AE5BBC199FF,Delhi,Najafgarh,18000000,18123620.0,123620.0,0.6899999976158142,Basic XGBoost
PROP-C2DBDC3420F0,Chennai,Mogappair,12500000,17986248.0,5486247.5,43.88999938964844,Basic XGBoost
PROP-B8C56FCADE08,Pune,Fursungi,3000000,2986530.25,13469.75,0.44999998807907104,Basic XGBoost
PROP-5A9592DB1F1D,Pune,Hadapsar,5500000,5391902.5,108097.0,1.9700000286102295,Basic XGBoost
PROP-43AF163981C9,Pune,Gahunje,6500000,6131810.0,368190.0,5.659999847412109,Basic XGBoost
PROP-F9DCDB747D11,Pune,Pisoli,4700000,5009875.5,309875.5,6.590000152587891,Basic XGBoost
PROP-7171986C6A37,Pune,Bhugaon,8000000,6964856.5,1035143.5,12.9399995803833,Basic XGBoost
PROP-6153FB7F2B67,Chennai,Ashthinapuram,6000000,6770370.0,770370.0,12.84000015258789,Basic XGBoost
PROP-AFDB4203AF02,Delhi,Shahdara,6500000,6357130.0,142870.0,2.200000047683716,Basic XGBoost
PROP-B09BC38C8A1A,Chennai,Old Washermanpet,2800000,2527663.75,272336.25,9.729999542236328,Basic XGBoost
PROP-D489B728AB28,Bengaluru,K Channasandra,4700000,4402732.5,297267.5,6.320000171661377,Basic XGBoost
PROP-76039D31B119,Pune,Shivaji Nagar,42100000,48827956.0,6727956.0,15.979999542236328,Basic XGBoost
PROP-3FC81BB9A8E9,Pune,Dhanori,6200000,5496613.0,703387.0625,11.34000015258789,Basic XGBoost
PROP-7DC55992A5F7,Pune,Sus,5800000,6218573.0,418573.0,7.21999979019165,Basic XGBoost
PROP-6E687CF596C9,Pune,Dhayari,6000000,6355111.5,355111.53125,5.920000076293945,Basic XGBoost
PROP-4C94311153E5,Pune,Rajgurunagar,1400000,1413722.375,13722.3798828125,0.9800000190734863,Basic XGBoost
PROP-07F19728EC21,Chennai,Adyar,11000000,8932859.0,2067141.0,18.790000915527344,Basic XGBoost
PROP-9AAC411C21F9,Pune,Kiwale,3350000,3337678.5,12321.75,0.3700000047683716,Basic XGBoost
PROP-5F20A6821AC7,Chennai,Sevvapet,6500000,7591036.0,1091036.0,16.790000915527344,Basic XGBoost
PROP-1D6A69D5960E,Pune,Moshi,6500000,5579786.0,920213.5,14.15999984741211,Basic XGBoost
PROP-CB0DDE945B7A,Pune,Charholi Kurd,2400000,2298095.25,101904.75,4.25,Basic XGBoost
PROP-F3A128C532B5,Pune,Warje,5700000,5691613.0,8387.0,0.15000000596046448,Basic XGBoost
PROP-718CE2A5E52A,Chennai,Kovur,9000000,16856988.0,7856988.0,87.30000305175781,Basic XGBoost
PROP-BB5B83AE6F90,Delhi,Kamla Nagar,45000000,55380844.0,10380844.0,23.06999969482422,Basic XGBoost
PROP-6B1DC8E61D9E,Pune,Keshav Nagar,7800000,8529396.0,729396.0,9.350000381469727,Basic XGBoost
PROP-B5F6D51294B4,Chennai,Nemilicheri,5200000,7429488.5,2229488.5,42.869998931884766,Basic XGBoost
PROP-EC62912FBF43,Pune,Kharadi,30000000,31365976.0,1365976.0,4.550000190734863,Basic XGBoost
PROP-B28630628F9B,Pune,Kalewadi,8500000,8025129.0,474871.0,5.590000152587891,Basic XGBoost
PROP-4C83E815CACF,Chennai,Maraimalai Nagar,4500000,4084019.0,415981.0,9.239999771118164,Basic XGBoost
PROP-B0FC8841569E,Chennai,Mogappair,6000000,6629169.5,629169.5,10.489999771118164,Basic XGBoost
PROP-AB88189F7163,Chennai,Sikkarayapuram,14000000,12100596.0,1899403.0,13.569999694824219,Basic XGBoost
PROP-2055C19CB674,Pune,Narhe,1290000,1364421.5,74421.3828125,5.769999980926514,Basic XGBoost
PROP-69F481659997,Chennai,Kanchipuram,2500000,4290011.0,1790011.0,71.5999984741211,Basic XGBoost
PROP-4172C423BC27,Chennai,Ponneri,6000000,5320635.5,679364.5,11.319999694824219,Basic XGBoost
PROP-7FE1DF5521DC,Delhi,Kashmere Gate,2000000,2067483.875,67483.8828125,3.369999885559082,Basic XGBoost
PROP-50E606087A7C,Pune,Tathawade,4200000,4663491.5,463491.53125,11.039999961853027,Basic XGBoost
PROP-DD6861FA201B,Chennai,Sholinganallur,3900000,4616313.0,716312.9375,18.3700008392334,Basic XGBoost
PROP-49ACBF50F717,Chennai,Guduvancheri,2900000,3492407.0,592407.0,20.43000030517578,Basic XGBoost
PROP-661B8AB6A103,Chennai,Triplicane,5299000,4400520.5,898479.5,16.959999084472656,Basic XGBoost
PROP-B5D2587A4084,Pune,Manjari Budruk,7500000,7007456.5,492543.53125,6.570000171661377,Basic XGBoost
PROP-A918B769D6B9,Pune,Punawale,5800000,5995110.0,195110.0,3.359999895095825,Basic XGBoost
PROP-6B6BE6C61FEF,Chennai,Perumbakkam,3950000,2695278.75,1254721.25,31.770000457763672,Basic XGBoost
PROP-5CF35E1B898A,Chennai,Padur,1950000,2320933.0,370933.0,19.020000457763672,Basic XGBoost
PROP-3394EA0AC455,Pune,Tathawade,13500000,12216364.0,1283637.0,9.510000228881836,Basic XGBoost
PROP-F98C157B29CE,Pune,Ghorpadi,32500000,30875272.0,1624728.0,5.0,Basic XGBoost
PROP-8376954AEA95,Chennai,Kodungaiyur East,5900000,7216781.0,1316781.0,22.31999969482422,Basic XGBoost
PROP-4F32EE8407AD,Chennai,Guduvancheri,7500000,7139161.0,360839.0,4.809999942779541,Basic XGBoost
PROP-2E3EC8E874AE,Delhi,Kalkaji,5500000,6714710.5,1214710.5,22.09000015258789,Basic XGBoost
PROP-9A1F628A10B9,Delhi,Dilshad Garden,4500000,4724880.0,224880.0,5.0,Basic XGBoost
PROP-B67D54B79A19,Chennai,Kodungaiyur West,3250000,3808115.0,558115.0,17.170000076293945,Basic XGBoost
PROP-1562A0265141,Chennai,Kumananchavadi,6000000,4773227.0,1226773.0,20.450000762939453,Basic XGBoost
PROP-80FBD22F25CE,Delhi,Ashok Vihar,7000000,7327940.5,327940.5,4.679999828338623,Basic XGBoost
PROP-5D924DEEC572,Delhi,Mayur Vihar Phase 3,13000000,10467700.0,2532300.0,19.479999542236328,Basic XGBoost
PROP-EEC70E716251,Delhi,Mahavir Enclave,2000000,1775369.5,224630.5,11.229999542236328,Basic XGBoost
PROP-9777B4A5461C,Pune,Balewadi,402000000,145686624.0,256313392.0,63.7599983215332,Basic XGBoost
PROP-2EC168604693,Chennai,Triplicane,6200000,5277624.0,922376.0,14.880000114440918,Basic XGBoost
PROP-0E0D2C5B8C8A,Pune,Jalochi,3500000,2899457.25,600542.75,17.15999984741211,Basic XGBoost
PROP-E9E5C4B7AAC9,Delhi,Wazirabad,3000000,3762672.25,762672.25,25.420000076293945,Basic XGBoost
PROP-CAD881D27239,Chennai,Oragadam Ambattur,11000000,14867645.0,3867645.0,35.15999984741211,Basic XGBoost
PROP-E65FC9D8022F,Chennai,Triplicane,11000000,4718341.5,6281658.0,57.11000061035156,Basic XGBoost
PROP-61F665798380,Chennai,Old Washermanpet,21800000,2723915.25,19076084.0,87.5,Basic XGBoost
PROP-4D8D9BA16C41,Pune,Dhankawadi,4100000,4091027.75,8972.0,0.2199999988079071,Basic XGBoost
PROP-04225BDF52C1,Pune,Hinjewadi Phase 3,7200000,6530029.5,669970.5,9.3100004196167,Basic XGBoost
PROP-28DFBC8DCE0A,Pune,Hadapsar,5500000,5329477.0,170523.0,3.0999999046325684,Basic XGBoost
PROP-BE86905CFF2E,Pune,Talegaon Dabhade,3500000,3260358.0,239642.0,6.849999904632568,Basic XGBoost
PROP-7A95207DD455,Chennai,Urapakkam,6200000,6164327.5,35672.5,0.5799999833106995,Basic XGBoost
PROP-9DA23E88251B,Chennai,Paranur,30000000,12937428.0,17062572.0,56.880001068115234,Basic XGBoost
PROP-2330079CA17F,Pune,Rahatani,8000000,7336212.5,663787.5,8.300000190734863,Basic XGBoost
PROP-334657AE77B1,Chennai,Muttukadu,12700000,13902010.0,1202010.0,9.460000038146973,Basic XGBoost
PROP-91964089B0FC,Delhi,Old Delhi,1600000,1649349.625,49349.62109375,3.0799999237060547,Basic XGBoost
PROP-0EDAB1BD1273,Chennai,Kosappur,7000000,8255542.0,1255542.0,17.940000534057617,Basic XGBoost
PROP-B355C98429A1,Kolkata,Boral,3500000,6834503.0,3334503.0,95.2699966430664,Basic XGBoost
PROP-E528079CC2AD,Bengaluru,Padmanabhanagar,3850000,3847719.75,2280.25,0.05999999865889549,Basic XGBoost
PROP-E5C7FD45EC04,Chennai,Perungalathur,3300000,3302457.0,2457.0,0.07000000029802322,Basic XGBoost
PROP-69F66ED866EC,Chennai,Rajakilpakkam,4200000,4386270.5,186270.5,4.440000057220459,Basic XGBoost
PROP-FE7C351FC38D,Kolkata,Ganguly Bagan,3500000,5829003.0,2329003.0,66.54000091552734,Basic XGBoost
PROP-1D5694A4E89E,Bengaluru,Jakkur,16000000,15145970.0,854030.0,5.340000152587891,Basic XGBoost
PROP-648DA5A4EDFF,Delhi,Sarita Vihar,5000000,4784379.0,215621.0,4.309999942779541,Basic XGBoost
PROP-386843F2FDBC,Bengaluru,Akshayanagar,4800000,4918414.0,118414.0,2.4700000286102295,Basic XGBoost
PROP-E183B36DBF9C,Pune,Rahatani,3200000,3416086.5,216086.234375,6.75,Basic XGBoost
PROP-D9CB1DD0F711,Pune,Kirkatwadi,4500000,4430147.5,69852.5,1.5499999523162842,Basic XGBoost
PROP-0839A69A25E7,Kolkata,Bhowanipore,40000000,42507104.0,2507104.0,6.269999980926514,Basic XGBoost
PROP-6C2B6A425065,Chennai,Kalipathur,4000000,5179308.0,1179308.0,29.479999542236328,Basic XGBoost
PROP-A36C94723B05,Chennai,Kotturpuram,12800000,11535244.0,1264756.0,9.880000114440918,Basic XGBoost
PROP-0CCC81E445EA,Bengaluru,Sahakara Nagar,13000000,11991324.0,1008676.0,7.760000228881836,Basic XGBoost
PROP-0FA60BF8C7B6,Pune,Pimple Nilakh,4500000,4392981.0,107019.0,2.380000114440918,Basic XGBoost
PROP-8E5E873C46A7,Pune,Fursungi,3400000,3815953.0,415953.0,12.229999542236328,Basic XGBoost
PROP-3E351217DCA4,Kolkata,Bangur Avenue,3500000,4019134.5,519134.25,14.829999923706055,Basic XGBoost
PROP-C8E42F858B13,Bengaluru,Hsr Layout,5850000,5954159.5,104159.5,1.7799999713897705,Basic XGBoost
PROP-AB5A295B5293,Pune,Hinjewadi Phase 3,6300000,4441764.0,1858236.0,29.5,Basic XGBoost
PROP-6101D9D0815E,Pune,Camp,16000000,15943538.0,56462.0,0.3499999940395355,Basic XGBoost
PROP-516147147170,Bengaluru,Sorahunase,5850000,6333596.0,483596.0,8.270000457763672,Basic XGBoost
PROP-E1400AEBC247,Kolkata,New Alipore,5500000,11766234.0,6266234.0,113.93000030517578,Basic XGBoost
PROP-613214026DEC,Kolkata,Nayabad,3200000,2942705.25,257294.765625,8.039999961853027,Basic XGBoost
PROP-C50197315C5B,Pune,Dudulgaon,2800000,3009882.0,209882.0,7.5,Basic XGBoost
PROP-96AE64E0AE51,Bengaluru,Kaval Bairasandra,4800000,4674641.0,125359.0,2.609999895095825,Basic XGBoost
PROP-81B98A2ADF41,Delhi,Narela,4000000,3927705.0,72295.0,1.809999942779541,Basic XGBoost
PROP-485FF5B36297,Pune,Uttam Nagar,2200000,2189155.0,10845.0,0.49000000953674316,Basic XGBoost
PROP-C52F4D39B865,Kolkata,Thakurpukur,1800000,2669867.25,869867.25,48.33000183105469,Basic XGBoost
PROP-EDF8432FE4FB,Bengaluru,Kengeri Hobli,7000000,5607547.5,1392452.5,19.889999389648438,Basic XGBoost
PROP-1637BD590F22,Delhi,Ashok Vihar,58000000,44177300.0,13822700.0,23.829999923706055,Basic XGBoost
PROP-EDA26ACA745F,Pune,Shikrapur,1500000,1630424.75,130424.8828125,8.6899995803833,Basic XGBoost
PROP-BBB3A01A2F49,Bengaluru,Whitefield,6300000,6224809.0,75191.0,1.190000057220459,Basic XGBoost
PROP-296A5EDDFEF1,Kolkata,Dum Dum Park,2800000,2921437.0,121437.25,4.340000152587891,Basic XGBoost
PROP-326C6C985F63,Bengaluru,Choodasandra,12000000,11484115.0,515885.0,4.300000190734863,Basic XGBoost
PROP-0BF84DE55887,Chennai,Tambaram East,6500000,7653280.5,1153280.5,17.739999771118164,Basic XGBoost
PROP-1BA137FCFEB8,Pune,Sangamvadi,4800000,4134864.25,665135.75,13.859999656677246,Basic XGBoost
PROP-34AA51D6DB14,Chennai,Valasaravakkam,6600000,6248856.5,351144.0,5.320000171661377,Basic XGBoost
PROP-F692AF9D9DBB,Pune,Pirangut,4800000,4704507.0,95493.0,1.9900000095367432,Basic XGBoost
PROP-C9F82BF3C623,Chennai,Varadharajapuram,6000000,3470384.75,2529615.25,42.15999984741211,Basic XGBoost
PROP-9920FEDD3A27,Bengaluru,Gunjur,5500000,5665116.0,165116.0,3.0,Basic XGBoost
PROP-7D6F43A9D4CE,Chennai,Ayappakkam,7500000,5468807.0,2031193.0,27.079999923706055,Basic XGBoost
PROP-FB0D36CBD496,Pune,Lohegaon,4500000,4800787.5,300787.5,6.679999828338623,Basic XGBoost
PROP-1225888C958D,Kolkata,Purba Barisha,2700000,2085305.625,614694.375,22.770000457763672,Basic XGBoost
PROP-734131851919,Kolkata,Belghoria,2800000,2456484.0,343516.0,12.270000457763672,Basic XGBoost
PROP-B13EC64B4D8C,Pune,Chakan,1200000,1257261.0,57261.0,4.769999980926514,Basic XGBoost
PROP-F466BD78E78E,Pune,Dhayari,2400000,2448982.5,48982.5,2.0399999618530273,Basic XGBoost
PROP-333C68C4F662,Pune,Rahatani,10500000,9861311.0,638689.0,6.079999923706055,Basic XGBoost
PROP-C24219733A36,Pune,Sadashiv Peth,7000000,7113926.0,113926.0,1.6299999952316284,Basic XGBoost
PROP-93543A2B8291,Bengaluru,Electronic City,12500000,11423666.0,1076334.0,8.609999656677246,Basic XGBoost
PROP-5B88E522A164,Delhi,Arjun Nagar,4000000,3683858.5,316141.5,7.900000095367432,Basic XGBoost
PROP-4CB24B1A7F77,Delhi,Ganesh Nagar,2650000,2343839.0,306161.0,11.550000190734863,Basic XGBoost
PROP-7ED1F20898BC,Bengaluru,Srinivasa Nagar,11000000,12436797.0,1436797.0,13.0600004196167,Basic XGBoost
PROP-D1ECAC019D3E,Delhi,Madanpur Dabas,2500000,2334663.5,165336.5,6.610000133514404,Basic XGBoost
PROP-EE658D339931,Kolkata,Alipore,19900000,18290900.0,1609100.0,8.09000015258789,Basic XGBoost
PROP-ED2A96EE81CC,Kolkata,Keshtopur,9500000,8227805.0,1272195.5,13.390000343322754,Basic XGBoost
PROP-F199A2484588,Delhi,Sector 35 Rohini,2500000,2343144.0,156856.0,6.269999980926514,Basic XGBoost
PROP-4E40A6E12781,Bengaluru,Akshayanagar,26500000,29271400.0,2771400.0,10.460000038146973,Basic XGBoost
PROP-608EF4DC87B4,Chennai,Poonamallee,24500000,31020130.0,6520128.0,26.610000610351562,Basic XGBoost
PROP-D08A5EDEFD32,Kolkata,Tollygunge,25000000,13645660.0,11354340.0,45.41999816894531,Basic XGBoost
PROP-1FB8D6BD160D,Chennai,Madambakkam,3000000,3378149.0,378149.25,12.600000381469727,Basic XGBoost
PROP-8A5464BB826A,Pune,Ambegaon Budruk,15000000,17441352.0,2441352.0,16.280000686645508,Basic XGBoost
PROP-DC411E13B622,Chennai,Choolaimedu,19700000,20811832.0,1111832.0,5.639999866485596,Basic XGBoost
PROP-B110CDEDE589,Kolkata,Tollygunge,30000000,17977060.0,12022940.0,40.08000183105469,Basic XGBoost
PROP-8CE170936004,Pune,Fursungi,3700000,3348681.0,351319.0,9.5,Basic XGBoost
PROP-8A768B15D13A,Kolkata,Malancha Mahi Nagar,8500000,5427878.5,3072121.5,36.13999938964844,Basic XGBoost
PROP-61D3FEC6E5AB,Pune,Kondhwa,3200000,2797164.5,402835.53125,12.59000015258789,Basic XGBoost
PROP-0C7348FE202B,Bengaluru,Jp Nagar,22500000,22433700.0,66300.0,0.28999999165534973,Basic XGBoost
PROP-304E27B69521,Delhi,Jangpura,4425000,4029515.75,395484.25,8.9399995803833,Basic XGBoost
PROP-A7E68362B9E1,Pune,Uruli Kanchan,2700000,2422150.5,277849.5,10.289999961853027,Basic XGBoost
PROP-AA8604D84968,Bengaluru,Gattahalli,6000000,6447296.0,447296.0,7.449999809265137,Basic XGBoost
PROP-9822EEF82ABC,Kolkata,Behala,17000000,13405897.0,3594103.0,21.139999389648438,Basic XGBoost
PROP-DFD6E796FB34,Pune,Mahalunge Ingale,2800000,2670397.0,129603.0,4.630000114440918,Basic XGBoost
PROP-E919A969ED24,Bengaluru,Electronic City Phase Ii,7500000,6907453.5,592546.5,7.900000095367432,Basic XGBoost
PROP-106BC321EBEB,Kolkata,New Town,1800000,2159505.0,359505.0,19.969999313354492,Basic XGBoost
PROP-EE9919856925,Kolkata,Shobhabazar,35000000,37276304.0,2276304.0,6.5,Basic XGBoost
PROP-FB797273D500,Bengaluru,Mathikere,13500000,11884172.0,1615828.0,11.970000267028809,Basic XGBoost
PROP-85AD7C219091,Pune,Kashewadi,19000000,21234416.0,2234416.0,11.760000228881836,Basic XGBoost
PROP-AF6DFD39DE24,Kolkata,Chandpara,2800000,13372723.0,10572723.0,377.6000061035156,Basic XGBoost
PROP-EB6490EEF52A,Chennai,Ambattur,5600000,4900346.0,699654.0,12.489999771118164,Basic XGBoost
PROP-170E8E55BC70,Pune,Bopkhel,2700000,2701843.75,1843.75,0.07000000029802322,Basic XGBoost
PROP-E64408990A61,Bengaluru,Volagerekallahalli,5000000,4870579.0,129421.0,2.5899999141693115,Basic XGBoost
PROP-F63B0ABC2C11,Bengaluru,Rajajinagar,7500000,7682157.5,182157.5,2.430000066757202,Basic XGBoost
PROP-5AB3B76F53DE,Bengaluru,Kambipura,5320000,5477826.5,157826.5,2.9700000286102295,Basic XGBoost
PROP-B648F5933CA8,Delhi,Bindapur,2550000,2338766.0,211234.0,8.279999732971191,Basic XGBoost
PROP-95F5F8A5DECD,Kolkata,Purba Putiary,4200000,5863157.0,1663157.0,39.599998474121094,Basic XGBoost
PROP-D7D0F89B13AE,Bengaluru,Subramanyapura,4490000,4532222.0,42222.0,0.9399999976158142,Basic XGBoost
PROP-EF727F0D4308,Delhi,Kondli,1500000,4123452.5,2623452.5,174.89999389648438,Basic XGBoost
PROP-FA8C0436DBDA,Kolkata,Baruipur P,2450000,2887266.5,437266.46875,17.850000381469727,Basic XGBoost
PROP-7CF1253EFBEE,Kolkata,Barasat,11000000,4902576.0,6097424.0,55.43000030517578,Basic XGBoost
PROP-E8E86B079FDA,Kolkata,Ruiya,2600000,2728545.5,128545.75,4.940000057220459,Basic XGBoost
PROP-EA5C1B8F0143,Pune,Bavdhan,28000000,28066182.0,66180.0,0.23999999463558197,Basic XGBoost
PROP-5595AF735EEB,Delhi,Malviya Nagar,200000000,178185008.0,21814992.0,10.90999984741211,Basic XGBoost
PROP-8E8B33778AD0,Kolkata,Harinavi,4500000,5959130.0,1459129.875,32.43000030517578,Basic XGBoost
PROP-87E5683FF62B,Chennai,Adambakkam,9631000,7259627.0,2371373.0,24.6200008392334,Basic XGBoost
PROP-B1B9153B540D,Kolkata,Hanspukuria,1300000,1700056.0,400056.0,30.770000457763672,Basic XGBoost
PROP-1CE982CF9374,Bengaluru,Sahakara Nagar,21100000,17977608.0,3122392.0,14.800000190734863,Basic XGBoost
PROP-08020ABAEB5F,Delhi,Mandi,4800000,3685622.5,1114377.5,23.219999313354492,Basic XGBoost
PROP-1281D0CC8F2D,Pune,Kharadi,8000000,8051047.0,51047.0,0.6399999856948853,Basic XGBoost
PROP-D8E85E5F9387,Chennai,Velachery,13000000,9299091.0,3700909.0,28.469999313354492,Basic XGBoost
PROP-2A868B10386A,Bengaluru,Anchepalya,5000000,4654809.0,345191.0,6.900000095367432,Basic XGBoost
PROP-D13F1E999F2A,Bengaluru,Kambipura,4500000,4413511.5,86488.5,1.9199999570846558,Basic XGBoost
PROP-198FA6AB72E8,Bengaluru,Iggalur,4000000,4323167.0,323167.0,8.079999923706055,Basic XGBoost
PROP-EF09CA4355A3,Kolkata,Shobhabazar,16000000,19885736.0,3885736.0,24.290000915527344,Basic XGBoost
PROP-664997DC907D,Bengaluru,Kogilu,16000000,15227190.0,772810.0,4.829999923706055,Basic XGBoost
PROP-B36EAA23BE5F,Bengaluru,Kadugodi,6000000,5201225.5,798774.5,13.3100004196167,Basic XGBoost
PROP-13B112EC5F8E,Pune,Yewalewadi,2800000,2838210.25,38210.25,1.3600000143051147,Basic XGBoost
PROP-4E1D7BA11A5B,Pune,Bhugaon,1100000,1016986.625,83013.3828125,7.550000190734863,Basic XGBoost
PROP-313C6CDE9C19,Chennai,Ekkatuthangal,32500000,37501156.0,5001156.0,15.390000343322754,Basic XGBoost
PROP-2CEA46066DA3,Kolkata,Hussainpur,50000000,30076808.0,19923192.0,39.849998474121094,Basic XGBoost
PROP-AA1F2E9E4803,Delhi,Sector 25 Rohini,6500000,7473176.5,973176.5,14.970000267028809,Basic XGBoost
PROP-E3F96BB1EFFF,Bengaluru,Anagalapura,8500000,7659961.5,840038.5,9.880000114440918,Basic XGBoost
PROP-9ED958E0E47F,Bengaluru,Hennur,19700000,15409476.0,4290524.0,21.780000686645508,Basic XGBoost
PROP-F6374C8B0A70,Kolkata,Boral,2100000,2586322.75,486322.75,23.15999984741211,Basic XGBoost
PROP-2C9F5256BF79,Bengaluru,Rajajinagar,11000000,11973588.0,973588.9375,8.850000381469727,Basic XGBoost
PROP-847E6F96F715,Kolkata,Mahheshtala,5600000,5951230.5,351230.46875,6.269999980926514,Basic XGBoost
PROP-1BCEA45AC9A8,Kolkata,Malancha Mahi Nagar,2200000,2307976.5,107976.5,4.909999847412109,Basic XGBoost
PROP-05DB6BF616BA,Pune,Kondhwa,5700000,5399930.0,300069.5,5.260000228881836,Basic XGBoost
PROP-23CA3016CA9F,Pune,Bakori,2500000,2682229.5,182229.5,7.289999961853027,Basic XGBoost
PROP-2145BED22369,Bengaluru,Chikkalasandra,2700000,2411805.5,288194.5,10.670000076293945,Basic XGBoost
PROP-4EBBB3B7CCDC,Bengaluru,Kothanur,7800000,7483396.5,316603.5,4.059999942779541,Basic XGBoost
PROP-E6BC27C0C4ED,Delhi,Sector 12 Dwarka,60500000,57859680.0,2640320.0,4.360000133514404,Basic XGBoost
PROP-28BDB93AB05C,Kolkata,Mahheshtala,8500000,7665800.5,834199.5,9.8100004196167,Basic XGBoost
PROP-E7104E6734F4,Kolkata,Sonarpur,4400000,4164966.5,235033.765625,5.340000152587891,Basic XGBoost
PROP-BA443155CFB6,Kolkata,Subhasgram,3200000,3491228.25,291228.25,9.100000381469727,Basic XGBoost
PROP-23A9AD464CE9,Delhi,Mahavir Enclave,3700000,3398250.5,301749.5,8.15999984741211,Basic XGBoost
PROP-6AFD1A14CAC8,Bengaluru,Electronic City Phase Ii,5000000,4848547.0,151453.0,3.0299999713897705,Basic XGBoost
PROP-DF5E711D6ECF,Pune,Wadegaon,2500000,3794325.0,1294325.0,51.77000045776367,Basic XGBoost
PROP-63CEAAB317BC,Mumbai,Kandivali West,6700000,6855601.5,155601.5,2.319999933242798,Basic XGBoost
PROP-2E5973593398,Pune,Daund,1750000,1628190.5,121809.5,6.960000038146973,Basic XGBoost
PROP-4FD4122CB71C,Mumbai,Kandivali West,13000000,13010527.0,10527.0,0.07999999821186066,Basic XGBoost
PROP-C53EE29FC18B,Delhi,Hauz Khas,24000000,23244792.0,755208.0,3.1500000953674316,Basic XGBoost
PROP-45E74B98F378,Delhi,Burari,2600000,2336605.75,263394.25,10.130000114440918,Basic XGBoost
PROP-77DD4E044C4F,Delhi,Hastsal,2800000,3383330.25,583330.25,20.829999923706055,Basic XGBoost
PROP-C6F3281B4F7A,Pune,Wadgaon Sheri,1300000,1386279.25,86279.25,6.639999866485596,Basic XGBoost
PROP-05CBC5643D66,Mumbai,Virar West,2851000,3198086.75,347086.75,12.170000076293945,Basic XGBoost
PROP-D27FE8ED9C9F,Bengaluru,Chikkabidarakallu,7200000,7344599.0,144599.0,2.009999990463257,Basic XGBoost
PROP-632C124B793F,Bengaluru,Krishnarajapura,6000000,5816209.5,183790.5,3.059999942779541,Basic XGBoost
PROP-00315A001814,Mumbai,Malad East,20500000,19593088.0,906912.0,4.420000076293945,Basic XGBoost
PROP-C9366A78D70D,Bengaluru,Kothanur,35000000,37416348.0,2416348.0,6.900000095367432,Basic XGBoost
PROP-DC3C2145E1AC,Mumbai,Borivali East,11500000,10839892.0,660107.0,5.739999771118164,Basic XGBoost
PROP-458DEF5FE251,Bengaluru,Hoodi,16000000,15129396.0,870603.0625,5.440000057220459,Basic XGBoost
PROP-1D5CF6DD2C38,Bengaluru,Kannuru,11000000,11832378.0,832376.9375,7.570000171661377,Basic XGBoost
PROP-492625BAD932,Bengaluru,Yemalur,60000000,53796772.0,6203228.0,10.34000015258789,Basic XGBoost
PROP-BD07EDEEFD63,Mumbai,Chembur,8920000,8976001.0,56001.0,0.6299999952316284,Basic XGBoost
PROP-D4AB82AAEDF3,Mumbai,Vasai East,2721000,2819579.0,98579.0,3.619999885559082,Basic XGBoost
PROP-AA245635FFD7,Pune,Kondhwa,2000000,1882785.0,117215.0,5.860000133514404,Basic XGBoost
PROP-06E01DE1DAB4,Bengaluru,Cheemasandra,5500000,4606672.5,893327.5,16.239999771118164,Basic XGBoost
PROP-6F8ADE2DA9CB,Mumbai,Naigaon East,4899000,5108998.5,209998.5,4.289999961853027,Basic XGBoost
PROP-C431CBCA17A2,Delhi,Naraina,13200000,12257979.0,942020.9375,7.139999866485596,Basic XGBoost
PROP-7EB8B1FF2E3F,Bengaluru,Bannerughatta,13000000,10643784.0,2356216.0,18.1200008392334,Basic XGBoost
PROP-B7FEAC547CA7,Bengaluru,Jalahalli West,6800000,7138514.5,338514.46875,4.980000019073486,Basic XGBoost
PROP-CC915AD77372,Mumbai,Goregaon East,8300000,7659801.0,640199.0,7.710000038146973,Basic XGBoost
PROP-694E59BA790E,Pune,Vadgaon,2000000,2133788.5,133788.5,6.690000057220459,Basic XGBoost
PROP-A769840801B9,Delhi,Mandawali,11500000,9680523.0,1819477.0,15.819999694824219,Basic XGBoost
PROP-258B93367EED,Delhi,Kalkaji,63000000,62599064.0,400932.0,0.6399999856948853,Basic XGBoost
PROP-435F0CDB069E,Mumbai,Bhayandar East,5300000,4976400.0,323600.0,6.110000133514404,Basic XGBoost
PROP-3DDB0F55D369,Mumbai,Nalasopara East,7000000,6395640.5,604359.5,8.630000114440918,Basic XGBoost
PROP-8B7EA326E510,Hyderabad,Aminpur,5600000,5503453.0,96547.0,1.7200000286102295,Basic XGBoost
PROP-5741A3F5146F,Hyderabad,Bollaram Industrial Area,7800000,8163697.5,363697.53125,4.659999847412109,Basic XGBoost
PROP-CFB9AE36EF50,Bengaluru,C V Raman Nagar,3510000,3834525.0,324525.0,9.25,Basic XGBoost
PROP-F3B05B74B0FD,Bengaluru,Rmv Extension Stage 2,23700000,30793936.0,7093936.0,29.93000030517578,Basic XGBoost
PROP-BD83B0D4BE9A,Hyderabad,Uppal,10700000,10589111.0,110889.0,1.0399999618530273,Basic XGBoost
PROP-A7EC45B2B1D0,Bengaluru,Kasturi Nagar,3800000,5572363.0,1772363.0,46.63999938964844,Basic XGBoost
PROP-86508AB54F25,Bengaluru,Seegehalli,8800000,8495511.0,304489.0,3.4600000381469727,Basic XGBoost
PROP-32AFBDC58406,Hyderabad,Balaji Nagar,8500000,8569592.0,69592.0,0.8199999928474426,Basic XGBoost
PROP-36628C10D007,Bengaluru,Doddabidrakallu,6500000,6690452.5,190452.5,2.930000066757202,Basic XGBoost
PROP-A6AB8397456D,Bengaluru,Sonnur,7500000,7868986.0,368986.0,4.920000076293945,Basic XGBoost
PROP-5C5AFBD86242,Bengaluru,Guddadahalli,1250000,1472272.375,222272.234375,17.780000686645508,Basic XGBoost
PROP-8F7C8EBD5588,Hyderabad,Bogaram,4900000,5708039.5,808040.0,16.489999771118164,Basic XGBoost
PROP-6C2B039E313E,Bengaluru,Maralakunte,3600000,3783116.75,183116.765625,5.090000152587891,Basic XGBoost
PROP-66441F6436B0,Bengaluru,Hosur Municipality,7000000,7611181.0,611181.0,8.729999542236328,Basic XGBoost
PROP-54FB8012675F,Pune,Loni Kalbhor,3200000,3327688.75,127688.75,3.990000009536743,Basic XGBoost
PROP-3CBFD4283E7D,Bengaluru,Challaghatta,7500000,7747550.0,247550.0,3.299999952316284,Basic XGBoost
PROP-BF4B025F4EA1,Bengaluru,Btm Layout,4000000,3851012.75,148987.25,3.7200000286102295,Basic XGBoost
PROP-8E13C5D7545C,Hyderabad,Kondapur,11000000,9730338.0,1269662.0,11.539999961853027,Basic XGBoost
PROP-5C8299FC38FE,Bengaluru,Horamavu,15000000,16823040.0,1823040.0,12.149999618530273,Basic XGBoost
PROP-8668B0B45D3A,Delhi,Maharani Bagh,260000000,162822720.0,97177280.0,37.380001068115234,Basic XGBoost
PROP-E8F503B5CE48,Hyderabad,Chandanagar,7500000,5771563.5,1728436.5,23.049999237060547,Basic XGBoost
PROP-77329B5BA900,Bengaluru,Kamakshipalya,15000000,16651482.0,1651481.0,11.010000228881836,Basic XGBoost
PROP-4A347E7DA3DC,Delhi,Dera Mandi,3000000,2738932.25,261067.765625,8.699999809265137,Basic XGBoost
PROP-DC8F580FB026,Delhi,Alaknanda,19900000,18365748.0,1534252.0,7.710000038146973,Basic XGBoost
PROP-0878402916DC,Pune,Shukrawar Peth,6500000,7018164.0,518164.0,7.96999979019165,Basic XGBoost
PROP-FDECEAA546D1,Mumbai,Powai,23000000,24295928.0,1295928.0,5.630000114440918,Basic XGBoost
PROP-6198AC7EC0DF,Bengaluru,Kengeri,900000,897376.9375,2623.0,0.28999999165534973,Basic XGBoost
PROP-AB0BBD0C6D49,Delhi,Vijay Nagar,50000000,47293912.0,2706088.0,5.409999847412109,Basic XGBoost
PROP-198A5F0ACE25,Delhi,Budh Vihar,3100000,3394227.75,294228.0,9.489999771118164,Basic XGBoost
PROP-EA404F05B3EB,Pune,Narayan Peth,8500000,7384534.0,1115466.0,13.119999885559082,Basic XGBoost
PROP-DD30D103F266,Bengaluru,Judicial Layout,30000000,30495084.0,495084.0,1.649999976158142,Basic XGBoost
PROP-542C4186E7F7,Bengaluru,Hampapura,6000000,6679990.5,679990.5,11.329999923706055,Basic XGBoost
PROP-4AA728E166E1,Mumbai,Nalasopara West,4400000,4768827.0,368827.0,8.380000114440918,Basic XGBoost
PROP-000A21CCBACA,Mumbai,Malad West,27500000,26805976.0,694024.0,2.5199999809265137,Basic XGBoost
PROP-1764DE938CB2,Mumbai,Malad West,30000000,25131648.0,4868352.0,16.229999542236328,Basic XGBoost
PROP-98A488E2F1D0,Delhi,Rajouri Garden,50000000,58076276.0,8076276.0,16.149999618530273,Basic XGBoost
PROP-06F40D2EB4E6,Pune,Narhe,35000000,41919588.0,6919588.0,19.770000457763672,Basic XGBoost
PROP-29788285818B,Pune,Bhukum,5700000,5777610.0,77610.5,1.3600000143051147,Basic XGBoost
PROP-5520533EFB2F,Bengaluru,Hongasandra,7399000,7175248.5,223751.5,3.0199999809265137,Basic XGBoost
PROP-99ACB118B6F4,Bengaluru,Kamanahalli,14500000,14657818.0,157818.0,1.090000033378601,Basic XGBoost
PROP-5733CFBDF24B,Bengaluru,Sarjapur,9500000,9081426.0,418574.0,4.409999847412109,Basic XGBoost
PROP-7CC5127F69BD,Mumbai,Bhandup West,7200000,8053281.5,853281.5,11.850000381469727,Basic XGBoost
PROP-A05C4429A9FC,Pune,Kalewadi,3000000,4010282.25,1010282.25,33.68000030517578,Basic XGBoost
PROP-D87A0198868C,Mumbai,Goregaon East,8500000,8526094.0,26094.0,0.3100000023841858,Basic XGBoost
PROP-0BBE63F1E20D,Bengaluru,Kanakapura,8000000,6588134.0,1411865.875,17.649999618530273,Basic XGBoost
PROP-FAB52FCADBB0,Bengaluru,Attibele,4000000,3686536.75,313463.5,7.840000152587891,Basic XGBoost
PROP-F04FDD52F160,Bengaluru,Vidyamanya Nagar,10500000,10676356.0,176356.0,1.6799999475479126,Basic XGBoost
PROP-B131C8D8000B,Pune,Shivane,1500000,1708856.375,208856.375,13.920000076293945,Basic XGBoost
PROP-C84F060AFA00,Bengaluru,Hoskote,5500000,5027589.5,472410.46875,8.59000015258789,Basic XGBoost
PROP-02FEAC0596D3,Bengaluru,Kamakshipalya,9750000,10407101.0,657101.0,6.739999771118164,Basic XGBoost
PROP-FAB7AF2D93BB,Bengaluru,Kengeri,6600000,6516032.5,83967.5,1.2699999809265137,Basic XGBoost
PROP-55719E10D12B,Bengaluru,Kommaghatta,3000000,2773505.0,226495.0,7.550000190734863,Basic XGBoost
PROP-DEB94CB75BE4,Bengaluru,Hsr Layout,7500000,7316502.5,183497.5,2.450000047683716,Basic XGBoost
PROP-8359119ED5FD,Pune,Lohegaon,6500000,7182046.5,682046.5,10.489999771118164,Basic XGBoost
PROP-CAF935D58B8C,Pune,Bhukum,5500000,5439631.5,60368.5,1.100000023841858,Basic XGBoost
PROP-C1327463EF55,Mumbai,Kurla East,13500000,11516426.0,1983574.125,14.6899995803833,Basic XGBoost
PROP-6DA81C10D230,Delhi,Patel Nagar,1700000,1637486.875,62513.12109375,3.680000066757202,Basic XGBoost
PROP-0D5ED96E5341,Mumbai,Jogeshwari East,37500000,36483572.0,1016428.0,2.7100000381469727,Basic XGBoost
PROP-22CD5738FB0E,Mumbai,Girgaon,40000000,36328444.0,3671555.75,9.180000305175781,Basic XGBoost
PROP-5E7006C6DE42,Pune,Dhayari,1100000,1155890.5,55890.5,5.079999923706055,Basic XGBoost
PROP-A5328FBFC753,Mumbai,Virar East,5800000,4794601.5,1005398.5,17.329999923706055,Basic XGBoost
PROP-43BC8D20B7B7,Mumbai,Kurla West,14000000,13690474.0,309526.0,2.2100000381469727,Basic XGBoost
PROP-5A56AA8A08FA,Bengaluru,Sahakara Nagar,9500000,9895339.0,395339.0,4.159999847412109,Basic XGBoost
PROP-BD90C11DB865,Bengaluru,Nelamangala,4000000,3728851.0,271149.25,6.78000020980835,Basic XGBoost
PROP-9398CC3312AD,Delhi,Sadar Bazaar,11000000,7257038.5,3742961.5,34.029998779296875,Basic XGBoost
PROP-E54C4CC4143D,Mumbai,Malad East,15000000,16495386.0,1495385.875,9.970000267028809,Basic XGBoost
PROP-9C3EEB35B420,Delhi,Adarsh Nagar,25000000,25091272.0,91272.0,0.3700000047683716,Basic XGBoost
PROP-359EEE86227E,Mumbai,Andheri West,21000000,21446028.0,446028.0,2.119999885559082,Basic XGBoost
PROP-E4876A9CAC1C,Mumbai,Malad East,20000000,18905200.0,1094800.0,5.46999979019165,Basic XGBoost
PROP-880C6F34B0DF,Bengaluru,Nandini Layout,13000000,11373683.0,1626317.0,12.510000228881836,Basic XGBoost
PROP-3D3EC1625601,Mumbai,Malad West,8100000,7831097.5,268902.5,3.319999933242798,Basic XGBoost
PROP-6112D1781924,Bengaluru,Thirumalashettyhally,55000000,55158096.0,158096.0,0.28999999165534973,Basic XGBoost
PROP-41829DBEA606,Mumbai,Kandivali West,9000000,10188286.0,1188286.0,13.199999809265137,Basic XGBoost
PROP-53D84ADB72F7,Mumbai,Kurla West,6500000,7176822.5,676822.5,10.40999984741211,Basic XGBoost
PROP-9E7BCF04EDE8,Mumbai,Powai,10500000,10585738.0,85738.0,0.8199999928474426,Basic XGBoost
PROP-F3D1D603A062,Mumbai,Powai,10500000,10267077.0,232923.0,2.2200000286102295,Basic XGBoost
PROP-CFFF3032E4E0,Bengaluru,Mattanahalli,8500000,8265775.5,234224.5,2.759999990463257,Basic XGBoost
PROP-C89C11D63D80,Mumbai,Dahisar East,10100000,11722598.0,1622598.125,16.06999969482422,Basic XGBoost
PROP-5215FFD550FF,Mumbai,Nalasopara West,3000000,2997976.25,2023.75,0.07000000029802322,Basic XGBoost
PROP-CB420390021B,Mumbai,Virar West,3450000,3353657.25,96342.75,2.7899999618530273,Basic XGBoost
PROP-031F58899CBC,Mumbai,Kandivali West,11000000,11527282.0,527282.0,4.789999961853027,Basic XGBoost
PROP-54656E0D0768,Mumbai,Bandra East,14000000,15596262.0,1596263.0,11.399999618530273,Basic XGBoost
PROP-DE77DDEF494D,Mumbai,Vasai East,4500000,4736348.0,236348.0,5.25,Basic XGBoost
PROP-654778C330CB,Pune,Ambegaon Pathar,1900000,1944124.5,44124.5,2.319999933242798,Basic XGBoost
PROP-F6766D1B8C97,Bengaluru,Hoskote,4700000,5174825.0,474825.0,10.100000381469727,Basic XGBoost
PROP-B18EC98533BC,Mumbai,Nalasopara West,3500000,3870995.75,370995.75,10.600000381469727,Basic XGBoost
PROP-19775ADE39A1,Mumbai,Virar West,5500000,5433870.5,66129.0,1.2000000476837158,Basic XGBoost
PROP-3723387937B4,Delhi,Sadar Bazaar,3000000,2312610.0,687390.0,22.90999984741211,Basic XGBoost
PROP-7A46654D7F84,Bengaluru,Krishnarajapura,16500000,18057884.0,1557884.0,9.4399995803833,Basic XGBoost
PROP-AFE4909FB450,Pune,Talegaon Dhamdhere,1500000,1573005.625,73005.6171875,4.869999885559082,Basic XGBoost
PROP-777EB36E045C,Bengaluru,Subramanyapura,9500000,8585232.0,914768.0,9.630000114440918,Basic XGBoost
PROP-B9F84526912F,Mumbai,Parel,52500000,52530228.0,30228.0,0.05999999865889549,Basic XGBoost
PROP-8E87C2F71D48,Hyderabad,Pocharam,9350000,14945663.0,5595662.5,59.849998474121094,Basic XGBoost
PROP-C81C482E8DBA,Delhi,Aya Nagar,4500000,5222708.5,722708.5,16.059999465942383,Basic XGBoost
PROP-57B08CFE88BF,Hyderabad,Ramachandra Puram,10500000,6107980.0,4392020.0,41.83000183105469,Basic XGBoost
PROP-B96700D95328,Delhi,Laxmi Nagar,26000000,27622202.0,1622204.0,6.239999771118164,Basic XGBoost
PROP-69C631F7658B,Delhi,Sector 3 Rohini,12500000,11821594.0,678406.0,5.429999828338623,Basic XGBoost
PROP-8B3DAFCCCF56,Bengaluru,Cholur Palya,6500000,4977506.0,1522494.125,23.420000076293945,Basic XGBoost
PROP-885DE6F1103B,Bengaluru,Kadugondanahalli,14000000,10735287.0,3264713.0,23.31999969482422,Basic XGBoost
PROP-99AAA93BAC68,Bengaluru,Kanakapura,3400000,3878149.0,478149.25,14.0600004196167,Basic XGBoost
PROP-0FCBDB85439A,Bengaluru,Bommasandra,400000,816271.125,416271.125,104.06999969482422,Basic XGBoost
PROP-03E134651F84,Delhi,Dera Mandi,3300000,3485645.75,185645.765625,5.630000114440918,Basic XGBoost
PROP-9C5226730386,Bengaluru,Jigani,12000000,11303418.0,696582.0,5.800000190734863,Basic XGBoost
PROP-505B7131981D,Bengaluru,Gowribidnur,7500000,7573139.0,73139.5,0.9800000190734863,Basic XGBoost
PROP-081DE3F3917C,Bengaluru,Domlur Layout,12500000,12966505.0,466505.0,3.7300000190734863,Basic XGBoost
PROP-2D3594EF8801,Bengaluru,Magadi,13500000,13970004.0,470004.0,3.4800000190734863,Basic XGBoost
PROP-4114CA9A0691,Bengaluru,Cox Town,38400000,42469744.0,4069744.0,10.600000381469727,Basic XGBoost
PROP-A8211BC89FFB,Bengaluru,Frazer Town,16000000,12655316.0,3344683.0,20.899999618530273,Basic XGBoost
PROP-34ACBE650F65,Bengaluru,Jeevanbheemanagar,27500000,31596308.0,4096307.75,14.899999618530273,Basic XGBoost
PROP-250622635EFD,Delhi,Palam,5000000,4515719.5,484280.46875,9.6899995803833,Basic XGBoost
PROP-9B2DA08A0EF3,Delhi,Sagar Pur,15000000,15221412.0,221412.0,1.4800000190734863,Basic XGBoost
PROP-C8482B6CCA65,Bengaluru,Neelasandra,1800000,1633255.625,166744.375,9.260000228881836,Basic XGBoost
PROP-531A18AFA92B,Bengaluru,Banashankari,13800000,12509477.0,1290523.0,9.350000381469727,Basic XGBoost
PROP-273A16A98588,Bengaluru,Basavanapura,5500000,5427744.0,72256.0,1.309999942779541,Basic XGBoost
PROP-2CCA33A58C7F,Delhi,Dwarka Mor,4500000,4115826.5,384173.53125,8.539999961853027,Basic XGBoost
PROP-B75D4C6DF44D,Bengaluru,Vidyaranyapura,2300000,2413722.25,113722.25,4.940000057220459,Basic XGBoost
PROP-B63FADCB1C55,Bengaluru,Kada Agrahara,8600000,8786571.0,186571.0,2.1700000762939453,Basic XGBoost
PROP-C115B99019DD,Bengaluru,Mallathahalli,12500000,13686454.0,1186454.0,9.489999771118164,Basic XGBoost
PROP-BB715B7CF235,Bengaluru,Challaghatta,10500000,11901820.0,1401820.0,13.350000381469727,Basic XGBoost
PROP-04EB49338F82,Bengaluru,Srirampuram,15000000,14554239.0,445761.0,2.9700000286102295,Basic XGBoost
PROP-64121B519FBB,Bengaluru,Nayandahalli,9000000,9987283.0,987283.0625,10.970000267028809,Basic XGBoost
PROP-5675C6F5CB48,Bengaluru,Kengeri,16300000,16848984.0,548984.0,3.369999885559082,Basic XGBoost
PROP-4D29EB61DFBC,Bengaluru,Jp Nagar,6500000,6491489.5,8510.5,0.12999999523162842,Basic XGBoost
PROP-452399C4625D,Bengaluru,Gottigere,9300000,11273705.0,1973705.0,21.219999313354492,Basic XGBoost
PROP-4AA78A633340,Bengaluru,Kaval Bairasandra,19800000,20926828.0,1126828.0,5.690000057220459,Basic XGBoost
PROP-AED06F2C349F,Bengaluru,Anjanapura Township,5200000,5753648.0,553648.0,10.649999618530273,Basic XGBoost
PROP-90B02A1B85ED,Bengaluru,Kamakshipalya,7850000,9721063.0,1871063.0,23.84000015258789,Basic XGBoost
PROP-5AC58C83FC11,Delhi,Kalkaji,16500000,16778816.0,278816.0,1.690000057220459,Basic XGBoost
PROP-A17023DDEB11,Bengaluru,Andrahalli,5950000,5879827.0,70173.0,1.1799999475479126,Basic XGBoost
PROP-1D94B991C82D,Bengaluru,Whitefield,4850000,4640656.5,209343.5,4.320000171661377,Basic XGBoost
PROP-F444C790B2ED,Delhi,Pitampura,200000000,152963344.0,47036656.0,23.520000457763672,Basic XGBoost
PROP-85BD8779A415,Bengaluru,Bannerughatta,9500000,7818874.0,1681126.125,17.700000762939453,Basic XGBoost
PROP-1154DFEF5233,Bengaluru,Whitefield,4700000,4968291.5,268291.5,5.710000038146973,Basic XGBoost
PROP-60597F756F3F,Bengaluru,Marasandra,6500000,6242102.0,257898.0,3.9700000286102295,Basic XGBoost
PROP-6059FA9320CF,Bengaluru,Btm Layout,8600000,11117398.0,2517398.0,29.270000457763672,Basic XGBoost
PROP-9C4437EC6F29,Bengaluru,Jayanagar,46500000,47442356.0,942356.0,2.0299999713897705,Basic XGBoost
PROP-3BC45615E83D,Bengaluru,Doddakammanahalli,6200000,6029507.0,170493.0,2.75,Basic XGBoost
PROP-A6D458E69668,Bengaluru,Malur,2700000,2348795.25,351204.75,13.010000228881836,Basic XGBoost
PROP-1140570945C8,Delhi,Bindapur,9000000,8773559.0,226441.0,2.5199999809265137,Basic XGBoost
PROP-E7F42158E430,Bengaluru,Budigere Cross,9900000,10708783.0,808783.0625,8.170000076293945,Basic XGBoost
PROP-710A96DF2414,Delhi,Punjabi Bagh,82500000,91954224.0,9454232.0,11.460000038146973,Basic XGBoost
PROP-3C891A383435,Bengaluru,Shanti Nagar,54000000,46623876.0,7376124.0,13.65999984741211,Basic XGBoost
PROP-7720992658C3,Bengaluru,Ramamurthy Nagar,18000000,20197468.0,2197468.0,12.210000038146973,Basic XGBoost
PROP-65F887088827,Bengaluru,Kengeri Satellite Town,8700000,8635676.0,64324.0,0.7400000095367432,Basic XGBoost
PROP-B8E3BACB5623,Bengaluru,Banashankari,9500000,9234190.0,265810.0,2.799999952316284,Basic XGBoost
PROP-8D94977A6E67,Bengaluru,Hsr Layout,43000000,45249524.0,2249524.0,5.230000019073486,Basic XGBoost
PROP-8981BD3C3AC3,Bengaluru,Banaswadi,15000000,14404582.0,595417.0,3.9700000286102295,Basic XGBoost
PROP-D6687863770C,Bengaluru,Thotada Guddadhalli Village,9000000,11357468.0,2357468.0,26.190000534057617,Basic XGBoost
PROP-6BC4EFC1CFCC,Bengaluru,Kengeri Satellite Town,10700000,11416326.0,716326.0,6.690000057220459,Basic XGBoost
PROP-271799439634,Bengaluru,Doddaballapura,9900000,12697823.0,2797823.0,28.260000228881836,Basic XGBoost
PROP-59674F3EE6A7,Bengaluru,Arakere,17000000,16408840.0,591160.0,3.4800000190734863,Basic XGBoost
PROP-367B51021F39,Delhi,Sector 22 Dwarka,11000000,9522954.0,1477046.125,13.430000305175781,Basic XGBoost
PROP-E431893D0ABC,Delhi,Dlf Farms,4600000,3995992.75,604007.5,13.130000114440918,Basic XGBoost
PROP-7E0764BCF2E9,Delhi,Wazirabad,2500000,2659671.5,159671.5,6.389999866485596,Basic XGBoost
PROP-46CDEB43B6B3,Bengaluru,Thotada Guddadhalli Village,7500000,7856029.0,356029.0,4.75,Basic XGBoost
PROP-B7F82B9FB7AD,Bengaluru,Nagavara,11500000,13774947.0,2274947.0,19.780000686645508,Basic XGBoost
PROP-F765AB932409,Bengaluru,Anekal,2600000,2319523.5,280476.5,10.789999961853027,Basic XGBoost
PROP-441B387065E7,Bengaluru,Jnana Ganga Nagar,6500000,6533256.5,33256.5,0.5099999904632568,Basic XGBoost
PROP-5514AFF20F84,Bengaluru,Whitefield,14500000,11444210.0,3055790.0,21.06999969482422,Basic XGBoost
PROP-0099544FD492,Hyderabad,Bachupally,5000000,5668504.5,668504.5,13.369999885559082,Basic XGBoost
PROP-2CEADC40C816,Bengaluru,Kumaraswamy Layout,4900000,5249769.0,349769.0,7.139999866485596,Basic XGBoost
PROP-C4954646E9F2,Hyderabad,Attapur,6200000,5784121.5,415878.46875,6.710000038146973,Basic XGBoost
PROP-C5B6591960BE,Bengaluru,Krishnarajapura,5000000,5302389.5,302389.5,6.050000190734863,Basic XGBoost
PROP-D1BCB7A6C695,Hyderabad,Vanasthalipuram,5500000,6268212.5,768212.5,13.970000267028809,Basic XGBoost
PROP-4B9A249BE6FA,Hyderabad,Osman Nagar,12300000,15270031.0,2970032.0,24.149999618530273,Basic XGBoost
PROP-672D2C411426,Hyderabad,Nallagandla,8500000,10033699.0,1533699.0,18.040000915527344,Basic XGBoost
PROP-D415B9EED88E,Hyderabad,Kukatpally,17800000,12817494.0,4982506.0,27.989999771118164,Basic XGBoost
PROP-C17CCC6D8E5F,Bengaluru,Udayagiri,5700000,5731894.5,31894.5,0.5600000023841858,Basic XGBoost
PROP-BE10A4594A2B,Hyderabad,Himayathsagar,14000000,11548276.0,2451724.0,17.510000228881836,Basic XGBoost
PROP-829D51DDD9AE,Bengaluru,Hsr Layout,6300000,6452457.0,152457.0,2.4200000762939453,Basic XGBoost
PROP-27F3E7B2B41A,Hyderabad,Nanakaramguda,9100000,7445142.0,1654857.875,18.190000534057617,Basic XGBoost
PROP-E7C2E49BFCA9,Bengaluru,Bommanahalli,6600000,6287616.5,312383.5,4.730000019073486,Basic XGBoost
PROP-801B9737ACE8,Delhi,Chhattarpur,7500000,6963010.0,536990.0,7.159999847412109,Basic XGBoost
PROP-84D2C6E84C23,Hyderabad,Kokapet,18400000,19172832.0,772832.0,4.199999809265137,Basic XGBoost
PROP-2275D32103F7,Bengaluru,Shivaji Nagar,18500000,17439356.0,1060644.0,5.730000019073486,Basic XGBoost
PROP-5E0381B65097,Delhi,Mahavir Enclave,4800000,4392839.0,407161.0,8.479999542236328,Basic XGBoost
PROP-48239E9554E9,Bengaluru,Krishnarajapura,5000000,5203493.0,203493.0,4.070000171661377,Basic XGBoost
PROP-A0A4C6D15B69,Bengaluru,Mallathahalli,6000000,6268093.0,268093.0,4.46999979019165,Basic XGBoost
PROP-D6B46557AE5D,Hyderabad,Madeenaguda,7900000,6777133.5,1122866.5,14.210000038146973,Basic XGBoost
PROP-4CBC0D280E81,Delhi,Sector 14 Dwarka,6000000,5746245.0,253755.0,4.230000019073486,Basic XGBoost
PROP-E17A41D91144,Hyderabad,Kokapet,15000000,14030112.0,969888.0,6.46999979019165,Basic XGBoost
PROP-C7B4D553BDA3,Pune,Kalewadi,8000000,6864459.5,1135540.5,14.1899995803833,Basic XGBoost
PROP-0A7AA3C4817D,Delhi,Shakarpur Khas,13700000,11757530.0,1942470.125,14.180000305175781,Basic XGBoost
PROP-B322CA0F2F56,Hyderabad,Kukatpally,15000000,9045865.0,5954135.0,39.689998626708984,Basic XGBoost
PROP-5D320F7FBB15,Delhi,Wazirabad,3000000,3456996.75,456996.75,15.229999542236328,Basic XGBoost
PROP-92CC5FCC0984,Hyderabad,Aminpur,12000000,8482922.0,3517078.0,29.309999465942383,Basic XGBoost
PROP-4636FB1CCEB1,Bengaluru,Kudlu Gate,6100000,5486646.5,613353.5,10.050000190734863,Basic XGBoost
PROP-1C1698312C8D,Bengaluru,Jalahalli West,7500000,7289501.0,210499.5,2.809999942779541,Basic XGBoost
PROP-92CAED17B68C,Bengaluru,Jp Nagar,12500000,11844932.0,655068.0,5.239999771118164,Basic XGBoost
PROP-49C306D17CF4,Delhi,Naraina,12500000,11952643.0,547358.0,4.380000114440918,Basic XGBoost
PROP-1D28ADD72F9B,Hyderabad,Shaikpet,18200000,17440388.0,759612.0,4.170000076293945,Basic XGBoost
PROP-8DA9CBB65E93,Delhi,Uttam Nagar,3200000,3778303.25,578303.25,18.06999969482422,Basic XGBoost
PROP-30630E02ABBF,Delhi,Mayur Vihar Phase 1,32500000,31499912.0,1000088.0,3.0799999237060547,Basic XGBoost
PROP-58FC2FB34F2A,Bengaluru,Bommanahalli,1800000,1991889.625,191889.625,10.65999984741211,Basic XGBoost
PROP-42B6F4146A57,Delhi,Hastsal,2500000,2736381.5,236381.5,9.460000038146973,Basic XGBoost
PROP-11AF8E156BD9,Bengaluru,Horamavu,4800000,5116400.0,316400.0,6.590000152587891,Basic XGBoost
PROP-25DF2A6FDC38,Bengaluru,Chikbanavara,7000000,6281689.0,718311.0625,10.260000228881836,Basic XGBoost
PROP-158809CFCE3B,Delhi,Sector 25 Rohini,9500000,9575628.0,75628.0,0.800000011920929,Basic XGBoost
PROP-2F7A0FB9F380,Bengaluru,Medahalli,8500000,7773891.0,726108.9375,8.539999961853027,Basic XGBoost
PROP-E88674DE1DEE,Bengaluru,Rmv Extension Stage 2,44100000,43179124.0,920872.0,2.0899999141693115,Basic XGBoost
PROP-70992F35B99D,Bengaluru,Hongasandra,10000000,10876115.0,876115.0625,8.760000228881836,Basic XGBoost
PROP-23765AECBE7F,Bengaluru,Bylakere,4000000,4299722.0,299722.0,7.489999771118164,Basic XGBoost
PROP-ADC63251681D,Hyderabad,Turkayamjal,5900000,4948247.0,951752.9375,16.1299991607666,Basic XGBoost
PROP-F20F61B28770,Bengaluru,Kalyan Nagar,16000000,15195624.0,804376.0,5.03000020980835,Basic XGBoost
PROP-72D69EEF4D88,Hyderabad,Patancheru,12700000,18553548.0,5853548.0,46.09000015258789,Basic XGBoost
PROP-4C290BE30EDE,Delhi,Preet Vihar,2500000,2645992.25,145992.25,5.840000152587891,Basic XGBoost
PROP-C3677CA22876,Bengaluru,Whitefield,8500000,8829747.0,329747.0,3.880000114440918,Basic XGBoost
PROP-28B48F87AB5A,Delhi,Aya Nagar,3200000,3839256.25,639256.25,19.979999542236328,Basic XGBoost
PROP-040F2CAA3C2F,Hyderabad,Old Malakpet,33000000,18080872.0,14919128.0,45.209999084472656,Basic XGBoost
PROP-88ACB6B53E2B,Delhi,Patel Nagar,5500000,5933271.5,433271.53125,7.880000114440918,Basic XGBoost
PROP-CC0F0A77AD6E,Hyderabad,Upparpally,5500000,5165028.0,334972.0,6.090000152587891,Basic XGBoost
PROP-F7BD9D22747D,Bengaluru,Kasturi Nagar,26500000,34873012.0,8373012.0,31.600000381469727,Basic XGBoost
PROP-8F2195DE60CB,Hyderabad,Krishna Reddy Pet,9600000,6700120.5,2899880.0,30.209999084472656,Basic XGBoost
PROP-BF421BA4E522,Bengaluru,Harlur,7400000,8007790.0,607790.0,8.210000038146973,Basic XGBoost
PROP-80CF2D62D63E,Bengaluru,Hbr Layout,5640000,5724721.5,84721.5,1.5,Basic XGBoost
PROP-1B522F7E5485,Bengaluru,Jalahalli West,4500000,5172540.5,672540.5,14.949999809265137,Basic XGBoost
PROP-42ACF433F33D,Delhi,Shahdara,23000000,28882298.0,5882300.0,25.579999923706055,Basic XGBoost
PROP-D39BFC6250A3,Delhi,Burari,3800000,4377820.5,577820.5,15.210000038146973,Basic XGBoost
PROP-362C055DF818,Bengaluru,C V Raman Nagar,5000000,5318241.0,318241.0,6.360000133514404,Basic XGBoost
PROP-702747152B1F,Bengaluru,Jnana Ganga Nagar,5000000,5068408.5,68408.5,1.3700000047683716,Basic XGBoost
PROP-7F913584DC9B,Pune,Kolhewadi,26000000,28938268.0,2938268.25,11.300000190734863,Basic XGBoost
PROP-43514EBC7DE6,Pune,Anand Nagar,1455000,1444308.375,10691.75,0.7300000190734863,Basic XGBoost
PROP-0D651ACE432F,Bengaluru,Rr Nagar,28500000,32232212.0,3732211.75,13.100000381469727,Basic XGBoost
PROP-653ACD2A7B93,Mumbai,Malad West,18000000,18672872.0,672872.0,3.740000009536743,Basic XGBoost
PROP-66D2A6B1C158,Bengaluru,Mathikere,28000000,25126472.0,2873528.0,10.260000228881836,Basic XGBoost
PROP-A313D0C798E6,Bengaluru,Hebbal,65000000,79377224.0,14377224.0,22.1200008392334,Basic XGBoost
PROP-33BBBB5FDD68,Bengaluru,Krishnarajapura,39000000,38626680.0,373320.0,0.9599999785423279,Basic XGBoost
PROP-245995EFBD96,Mumbai,Nalasopara West,2200000,2857376.0,657376.0,29.8799991607666,Basic XGBoost
PROP-27513331589D,Bengaluru,Nayandahalli,19000000,21950128.0,2950128.0,15.529999732971191,Basic XGBoost
PROP-D699F610C92F,Delhi,Sector 16B Dwarka,8700000,8048275.0,651724.5,7.489999771118164,Basic XGBoost
PROP-FA67C68A2211,Mumbai,Kandivali West,56500000,50497688.0,6002308.0,10.619999885559082,Basic XGBoost
PROP-D1DCB1518C62,Mumbai,Ghatkopar West,7500000,7969788.0,469788.0,6.260000228881836,Basic XGBoost
PROP-6B7AD432C313,Delhi,Mayur Vihar Phase 3,6000000,5357468.5,642531.5,10.710000038146973,Basic XGBoost
PROP-C85DA3A4E545,Mumbai,Malad West,2600000,2427520.0,172480.0,6.630000114440918,Basic XGBoost
PROP-9538B771B9C6,Bengaluru,Cottonpet,7000000,7625595.5,625595.5,8.9399995803833,Basic XGBoost
PROP-5D29BB782C49,Bengaluru,Bannerughatta,3000000,2901437.75,98562.25,3.2899999618530273,Basic XGBoost
PROP-0541E582C149,Bengaluru,Chikbanavara,10000000,9533840.0,466160.0,4.659999847412109,Basic XGBoost
PROP-57D1A0FAAF44,Bengaluru,Budigere,3100000,3679139.75,579139.75,18.68000030517578,Basic XGBoost
PROP-B02A3835F65E,Bengaluru,Hoskote,25000000,28104162.0,3104160.0,12.420000076293945,Basic XGBoost
PROP-BE30581D4180,Bengaluru,Seshagiripura,30000000,29834612.0,165388.0,0.550000011920929,Basic XGBoost
PROP-97E03B22378B,Bengaluru,Kempegowda Nagar,42500000,45641668.0,3141664.0,7.389999866485596,Basic XGBoost
PROP-96F775C3C338,Mumbai,Chinchpokli,35000000,34068360.0,931640.0,2.6600000858306885,Basic XGBoost
PROP-73B0EE584383,Mumbai,Vile Parle East,7000000,8136423.5,1136423.5,16.229999542236328,Basic XGBoost
PROP-448D7A75396D,Pune,Katraj,17500000,16653228.0,846772.0,4.840000152587891,Basic XGBoost
PROP-62975BD8B3BB,Mumbai,Nalasopara West,2700000,3112640.0,412640.0,15.279999732971191,Basic XGBoost
PROP-CC5FCD3CFB5E,Bengaluru,Basapura,7000000,7198806.0,198806.0,2.8399999141693115,Basic XGBoost
PROP-694B095BB6B3,Bengaluru,Hampapura,8500000,8836057.0,336057.0,3.950000047683716,Basic XGBoost
PROP-C0D5A1ECE97E,Pune,Saswad,2000000,1952526.75,47473.25,2.369999885559082,Basic XGBoost
PROP-49D4AA27222E,Bengaluru,Electronic City Phase Ii,13000000,13767566.0,767566.0,5.900000095367432,Basic XGBoost
PROP-4C47E1A46710,Pune,Nighoje,2500000,2290826.0,209174.0,8.369999885559082,Basic XGBoost
PROP-B2BE70A659C0,Bengaluru,Jagajeevanram Nagar,7000000,6766090.0,233909.5,3.3399999141693115,Basic XGBoost
PROP-273866F1255A,Delhi,Ashok Vihar,18000000,17059240.0,940760.0,5.230000019073486,Basic XGBoost
PROP-C7E7CCC0BCC8,Mumbai,Gorai,6800000,6770615.5,29384.5,0.4300000071525574,Basic XGBoost
PROP-1F3E1C0C00E2,Bengaluru,Gulakamale,8000000,8344074.0,344074.0,4.300000190734863,Basic XGBoost
PROP-FF0FEE382E36,Mumbai,Andheri West,20000000,16736306.0,3263694.0,16.31999969482422,Basic XGBoost
PROP-8F9A151DB3AA,Bengaluru,Ramamurthy Nagar,55000000,62008344.0,7008344.5,12.739999771118164,Basic XGBoost
PROP-52E8921D87C9,Mumbai,Goregaon East,3900000,3815083.25,84916.75,2.180000066757202,Basic XGBoost
PROP-16DC19D7A347,Mumbai,Mulund West,18500000,18290620.0,209380.0,1.1299999952316284,Basic XGBoost
PROP-DC4869CD2106,Bengaluru,Bannerughatta,11000000,9823503.0,1176497.0,10.699999809265137,Basic XGBoost
PROP-EB5EA9664A32,Mumbai,Nalasopara West,3000000,3371699.0,371699.0,12.390000343322754,Basic XGBoost
PROP-01C4FDF37767,Mumbai,Ghatkopar West,6000000,6157905.5,157905.0,2.630000114440918,Basic XGBoost
PROP-CDB0CCEFD8D7,Bengaluru,Nelamangala,4000000,4233210.5,233210.5,5.829999923706055,Basic XGBoost
PROP-2643C7C22F06,Pune,Rajgurunagar,2350000,2141853.75,208146.234375,8.859999656677246,Basic XGBoost
PROP-9BF2E6D016B8,Bengaluru,Whitefield,47700000,56470656.0,8770656.0,18.389999389648438,Basic XGBoost
PROP-0BC7279CC057,Mumbai,Borivali East,38000000,31010544.0,6989456.0,18.389999389648438,Basic XGBoost
PROP-752B1032436A,Mumbai,Khar West,25600000,19334340.0,6265660.0,24.479999542236328,Basic XGBoost
PROP-C0A638E9292C,Bengaluru,Kengeri Satellite Town,2200000,2219531.75,19531.75,0.8899999856948853,Basic XGBoost
PROP-7F02FB844401,Mumbai,Mulund West,7000000,6884823.0,115177.0,1.649999976158142,Basic XGBoost
PROP-0BBA441CEA2F,Mumbai,Nagpada,14000000,13355644.0,644356.0,4.599999904632568,Basic XGBoost
PROP-87D8F9617640,Mumbai,Bhuleshwar,24000000,26605796.0,2605796.0,10.859999656677246,Basic XGBoost
PROP-F9AE26D399E0,Delhi,Shahdara,16000000,16496236.0,496235.0,3.0999999046325684,Basic XGBoost
PROP-CD35A675C82A,Mumbai,Umerkhadi,10000000,9917124.0,82876.0,0.8299999833106995,Basic XGBoost
PROP-4F655C56AD56,Delhi,Kalkaji,14000000,12582269.0,1417729.875,10.130000114440918,Basic XGBoost
PROP-4690CB8808CD,Mumbai,Kalbadevi,60000000,59208400.0,791596.0,1.3200000524520874,Basic XGBoost
PROP-3178FF53B18D,Bengaluru,Anjanapura Township,8200000,7466452.0,733548.0,8.949999809265137,Basic XGBoost
PROP-59E1590973CA,Bengaluru,Bellandur,10500000,10383011.0,116989.0,1.1100000143051147,Basic XGBoost
PROP-25DC8F4C8877,Bengaluru,Kempapura Agrahara,14500000,17085748.0,2585748.0,17.829999923706055,Basic XGBoost
PROP-4265812D2CC5,Mumbai,Mankhurd,14000000,12685332.0,1314668.0,9.390000343322754,Basic XGBoost
PROP-A8C8F1A3E704,Mumbai,Mira Road East,1500000,1698084.0,198084.0,13.210000038146973,Basic XGBoost
PROP-76C80522386B,Bengaluru,Bannerughatta,1800000,1300339.125,499660.875,27.760000228881836,Basic XGBoost
PROP-CAC8EE55D7D0,Mumbai,Bhandup West,4200000,4285933.5,85933.5,2.049999952316284,Basic XGBoost
PROP-01258CD888CC,Mumbai,Mazgaon,6300000,6229732.0,70268.0,1.1200000047683716,Basic XGBoost
PROP-8AA1B32DE8F9,Mumbai,Naigaon East,4800000,4938502.5,138502.5,2.890000104904175,Basic XGBoost
PROP-64EBE0D11F87,Mumbai,Ghatkopar West,14500000,15798779.0,1298779.0,8.960000038146973,Basic XGBoost
PROP-4F2F4998F8D1,Mumbai,Dahisar West,6700000,6435882.0,264118.0,3.940000057220459,Basic XGBoost
PROP-C31A25C746A6,Bengaluru,Kyalasanahalli,4500000,4687306.0,187306.0,4.159999847412109,Basic XGBoost
PROP-0C63733F9348,Mumbai,Bhayandar East,2500000,2349277.0,150723.0,6.03000020980835,Basic XGBoost
PROP-F5AFD4D63F8C,Mumbai,Dadar East,17500000,16223333.0,1276667.0,7.300000190734863,Basic XGBoost
PROP-F44A47B3ECBB,Bengaluru,Brookefield,52500000,67474336.0,14974336.0,28.520000457763672,Basic XGBoost
PROP-B4228A0769D7,Delhi,Nangloi,6000000,5568618.0,431382.0,7.190000057220459,Basic XGBoost
PROP-79B1A052F560,Pune,Shewalewadi,2200000,2669004.25,469004.25,21.31999969482422,Basic XGBoost
PROP-A04FEA772CC4,Pune,Bopkhel,2899000,3265380.25,366380.25,12.640000343322754,Basic XGBoost
PROP-C1EFFC79C205,Bengaluru,Balagere,7500000,7093122.0,406878.0,5.429999828338623,Basic XGBoost
PROP-2B4958354D57,Bengaluru,Gunjur,12400000,11074796.0,1325205.0,10.6899995803833,Basic XGBoost
PROP-20C9EDDDA6FE,Bengaluru,Hoskote,3680000,3404553.5,275446.5,7.480000019073486,Basic XGBoost
PROP-95870F273A92,Pune,Kamshet,4000000,5043879.5,1043879.5,26.100000381469727,Basic XGBoost
PROP-D8C23C4EFDE9,Delhi,Shakarpur Khas,26000000,27266880.0,1266880.0,4.869999885559082,Basic XGBoost
PROP-B999535437ED,Pune,Talegaon Dhamdhere,1900000,1799443.25,100556.75,5.289999961853027,Basic XGBoost
PROP-946358F6A04B,Mumbai,Borivali West,9500000,10539221.0,1039220.9375,10.9399995803833,Basic XGBoost
PROP-E26DC4AC4AFE,Bengaluru,Haralur,6400000,6079358.5,320641.0,5.010000228881836,Basic XGBoost
PROP-13E2244B57E3,Mumbai,Andheri East,14500000,14476580.0,23420.0,0.1599999964237213,Basic XGBoost
PROP-CA30440DF9D9,Mumbai,Goregaon East,4400000,4800760.0,400760.0,9.109999656677246,Basic XGBoost
PROP-24D578A46172,Pune,Ambegaon,17000000,18492852.0,1492852.0,8.779999732971191,Basic XGBoost
PROP-11BE42196D8E,Mumbai,Malad West,16000000,18131328.0,2131328.0,13.319999694824219,Basic XGBoost
PROP-7233ADCA8D29,Bengaluru,Nagarbhavi,9000000,9312154.0,312154.0,3.4700000286102295,Basic XGBoost
PROP-3296E4666488,Delhi,Sector 22 Dwarka,39700000,32392084.0,7307916.0,18.40999984741211,Basic XGBoost
PROP-3205D5117BDA,Mumbai,Virar East,4000000,3555156.75,444843.25,11.119999885559082,Basic XGBoost
PROP-89E16BE9354D,Mumbai,Andheri East,15000000,14471666.0,528334.0,3.5199999809265137,Basic XGBoost
PROP-3745200C549A,Mumbai,Bhayandar West,8400000,8533374.0,133374.0,1.590000033378601,Basic XGBoost
PROP-FC7DF5049E71,Bengaluru,Bendiganahalli,5999000,6273816.5,274816.0,4.579999923706055,Basic XGBoost
PROP-63B7C3FD0FDD,Delhi,Gtb Nagar,75000000,64427460.0,10572540.0,14.100000381469727,Basic XGBoost
PROP-362F24924F35,Bengaluru,Vidyamanya Nagar,10000000,12621425.0,2621425.0,26.209999084472656,Basic XGBoost
PROP-97834262F186,Chennai,Thalambur,5000000,5159066.5,159066.5,3.180000066757202,Basic XGBoost
PROP-B766E5993D9C,Pune,Pimple Nilakh,25000000,28288520.0,3288520.0,13.149999618530273,Basic XGBoost
PROP-AFDD620B6095,Pune,Wanowrie,39000000,39681100.0,681100.0,1.75,Basic XGBoost
PROP-DA31F830F91F,Bengaluru,Ramamurthy Nagar,11000000,10721311.0,278689.0,2.5299999713897705,Basic XGBoost
PROP-429E0E1CA712,Hyderabad,Medchal,3279000,5435638.5,2156638.5,65.7699966430664,Basic XGBoost
PROP-99D43A4930DF,Chennai,Kumananchavadi,6500000,4769291.0,1730709.0,26.6299991607666,Basic XGBoost
PROP-4F610207525A,Chennai,Pazhavanthangal,5900000,6151742.0,251742.0,4.269999980926514,Basic XGBoost
PROP-40E4D60ADADF,Pune,Varale,2500000,2679235.75,179235.765625,7.170000076293945,Basic XGBoost
PROP-788137F6AC7F,Pune,Handewadi,8000000,7669800.5,330199.5,4.130000114440918,Basic XGBoost
PROP-769C05211808,Bengaluru,Electronic City Phase Ii,14000000,13417971.0,582029.0,4.159999847412109,Basic XGBoost
PROP-3E02D030B25B,Chennai,Sholinganallur,1900000,3569677.0,1669677.25,87.87999725341797,Basic XGBoost
PROP-7F4E18125D11,Bengaluru,Btm Layout,37500000,39363364.0,1863364.0,4.96999979019165,Basic XGBoost
PROP-15F7FFAEAF3F,Bengaluru,Frazer Town,13000000,12518117.0,481883.0,3.7100000381469727,Basic XGBoost
PROP-00E7989E006F,Chennai,Aminjikarai,14400000,7064080.5,7335919.5,50.939998626708984,Basic XGBoost
PROP-0CD99260AC4A,Kolkata,Behala Chowrasta,2200000,2166905.0,33095.0,1.5,Basic XGBoost
PROP-4895B1F5D299,Pune,Wagholi,4600000,4754282.5,154282.5,3.3499999046325684,Basic XGBoost
PROP-5D18B35844D0,Chennai,Jafferkhanpet,11500000,9750142.0,1749857.875,15.220000267028809,Basic XGBoost
PROP-05161F834158,Pune,Fursungi,2600000,2578122.25,21877.75,0.8399999737739563,Basic XGBoost
PROP-DFEE06420DCB,Pune,Wagholi,4500000,4613065.0,113065.0,2.509999990463257,Basic XGBoost
PROP-4533C32A538C,Bengaluru,Nayandahalli,19000000,21084524.0,2084524.0,10.970000267028809,Basic XGBoost
PROP-7963A9BB37DF,Pune,Bibwewadi,2000000,1987493.125,12506.8798828125,0.6299999952316284,Basic XGBoost
PROP-586FBEE9CB32,Bengaluru,Mallathahalli,1300000,1570632.625,270632.625,20.81999969482422,Basic XGBoost
PROP-17D5FD1A5980,Delhi,Rajinder Nagar,40000000,44176116.0,4176120.0,10.4399995803833,Basic XGBoost
PROP-EE3776062233,Chennai,Ekkatuthangal,32000000,92112224.0,60112216.0,187.85000610351562,Basic XGBoost
PROP-D7EA82297F6E,Pune,Chikhali,8500000,8797245.0,297245.0,3.5,Basic XGBoost
PROP-C0EC4B1D96FE,Bengaluru,Vijayanagar,12500000,12184993.0,315007.0,2.5199999809265137,Basic XGBoost
PROP-DE9DA28714AF,Chennai,Chromepet,3200000,2821903.25,378096.75,11.819999694824219,Basic XGBoost
PROP-7C42082F905C,Kolkata,Barrackpore,1200000,1416724.0,216724.0,18.059999465942383,Basic XGBoost
PROP-315FDB33771C,Delhi,Uttam Nagar,5170000,5293517.5,123517.5,2.390000104904175,Basic XGBoost
PROP-818420AF923D,Chennai,Karayanchavadi,3800000,3434889.5,365110.25,9.609999656677246,Basic XGBoost
PROP-FE11C3BF1BCF,Chennai,Oragadam Ambattur,4200000,6599818.0,2399818.0,57.13999938964844,Basic XGBoost
PROP-B371F2DE5E4A,Bengaluru,Mathikere,17800000,18068840.0,268840.0,1.5099999904632568,Basic XGBoost
PROP-6E2FD2362270,Delhi,Mansa Ram Park,13000000,11982156.0,1017844.0,7.829999923706055,Basic XGBoost
PROP-B33814EAF7E2,Bengaluru,Mathikere,6000000,4482018.0,1517982.125,25.299999237060547,Basic XGBoost
PROP-49D4FAFE2404,Delhi,Mandawali,11000000,14129612.0,3129611.0,28.450000762939453,Basic XGBoost
PROP-A32F0825BACD,Hyderabad,Bolarum,50000000,36384752.0,13615247.0,27.229999542236328,Basic XGBoost
PROP-69D748702D95,Bengaluru,Hal,4500000,4772503.5,272503.5,6.059999942779541,Basic XGBoost
PROP-B4CAE80DF47C,Bengaluru,Anjanapura Township,3000000,2789569.5,210430.5,7.010000228881836,Basic XGBoost
PROP-060B89326CAC,Pune,Bibwewadi,9000000,8150651.5,849348.5,9.4399995803833,Basic XGBoost
PROP-D6DC5A5DAF34,Delhi,Palam,5200000,5669439.5,469439.53125,9.029999732971191,Basic XGBoost
PROP-08FC70C26D6F,Pune,Koregaon Park,16500000,17088420.0,588420.0,3.569999933242798,Basic XGBoost
PROP-12FC4BB87802,Pune,Aundh,50000000,51861820.0,1861820.0,3.7200000286102295,Basic XGBoost
PROP-ABAFB0DAB37B,Hyderabad,Hyderguda,40000000,9864170.0,30135832.0,75.33999633789062,Basic XGBoost
PROP-70F451C48336,Chennai,Thiruporur,1500000,1764061.75,264061.75,17.600000381469727,Basic XGBoost
PROP-BF758B14EF8B,Pune,Ghorpadi,20000000,17829064.0,2170936.0,10.850000381469727,Basic XGBoost
PROP-F1E0B4DF171D,Kolkata,Belghoria,7000000,5967945.5,1032054.5,14.739999771118164,Basic XGBoost
PROP-FE1FB57E09F8,Hyderabad,Yapral,41000000,25429928.0,15570072.0,37.97999954223633,Basic XGBoost
PROP-736F64CAAABC,Delhi,Samalka,3000000,2814998.0,185002.0,6.170000076293945,Basic XGBoost
PROP-C1FB700C2334,Chennai,Kanathur Reddikuppam,12200000,9686581.0,2513419.0,20.600000381469727,Basic XGBoost
PROP-C0930703656C,Pune,Kondhwa,16800000,16259763.0,540237.0,3.2200000286102295,Basic XGBoost
PROP-C5360D163D48,Bengaluru,Akshayanagar,4260000,4704830.0,444830.0,10.4399995803833,Basic XGBoost
PROP-FFE13AE0E4EA,Chennai,Kadalur,3500000,4323043.5,823043.5,23.520000457763672,Basic XGBoost
PROP-BB0F4B5CA04F,Pune,Alandi,1600000,2014107.0,414107.0,25.8799991607666,Basic XGBoost
PROP-04D8ECC5920C,Chennai,Hirco Palace Gardens,9500000,12893185.0,3393185.0,35.720001220703125,Basic XGBoost
PROP-A43B3C9015EA,Chennai,Maraimalai Nagar,8500000,6769601.5,1730398.5,20.360000610351562,Basic XGBoost
PROP-39EFEA1A324E,Pune,Alandi,2700000,2645886.25,54113.75,2.0,Basic XGBoost
PROP-53EA1E073943,Bengaluru,Horamavu,6700000,9308834.0,2608834.0,38.939998626708984,Basic XGBoost
PROP-B0E9559AB6DB,Delhi,Paschim Vihar,17000000,16140186.0,859815.0625,5.059999942779541,Basic XGBoost
PROP-CADB9418C827,Pune,Kanhe,2300000,2098700.75,201299.234375,8.75,Basic XGBoost
PROP-C6E2AFC25F76,Chennai,Avadi,11000000,6148733.0,4851267.0,44.099998474121094,Basic XGBoost
PROP-162B02D693C3,Delhi,Bijwasan,8000000,6930720.0,1069280.0,13.369999885559082,Basic XGBoost
PROP-0528464B90F4,Delhi,Tagore Garden Extension,1300000,1132781.375,167218.625,12.859999656677246,Basic XGBoost
PROP-040BA2ECAB23,Hyderabad,Kothapet,4300000,5073205.5,773205.5,17.979999542236328,Basic XGBoost
PROP-1A3B60BCA394,Chennai,Adhanur,2050000,2628284.25,578284.25,28.209999084472656,Basic XGBoost
PROP-D95D7A01F40A,Chennai,Madhavaram Milk Colony,25000000,11964686.0,13035314.0,52.13999938964844,Basic XGBoost
PROP-8659C224B645,Pune,Thergaon,2500000,2398227.5,101772.5,4.070000171661377,Basic XGBoost
PROP-CE629D62C1E2,Pune,Kiwale,20000000,22092642.0,2092640.0,10.460000038146973,Basic XGBoost
PROP-1C731A3D64BE,Delhi,Sector 25 Rohini,1350000,2075245.25,725245.25,53.720001220703125,Basic XGBoost
PROP-B4AC4014005E,Chennai,Choolai,6500000,5957522.0,542478.0,8.350000381469727,Basic XGBoost
PROP-80C3F2A9BEBF,Bengaluru,Attiguppe,12000000,13774605.0,1774605.0,14.789999961853027,Basic XGBoost
PROP-B1410D20C5B8,Chennai,Mugalivakkam,3900000,3600832.75,299167.5,7.670000076293945,Basic XGBoost
PROP-E71B4BA6676D,Pune,Saswad,2500000,2364879.5,135120.5,5.400000095367432,Basic XGBoost
PROP-016204A03EFD,Bengaluru,Indira Nagar,20000000,19779252.0,220748.0,1.100000023841858,Basic XGBoost
PROP-2881C654070A,Delhi,Sarai Rohilla,2200000,2225797.5,25797.5,1.1699999570846558,Basic XGBoost
PROP-D54E5BD2C299,Delhi,Rangpuri,10000000,8559358.0,1440641.875,14.40999984741211,Basic XGBoost
PROP-C4A8979F88C8,Delhi,Sector 5 Rohini,36500000,35741084.0,758916.0,2.0799999237060547,Basic XGBoost
PROP-DBBA0D7159FF,Bengaluru,Electronic City Phase Ii,1750000,1825061.5,75061.3828125,4.289999961853027,Basic XGBoost
PROP-9DD182F2F033,Chennai,Chromepet,47500000,24428080.0,23071920.0,48.56999969482422,Basic XGBoost
PROP-AA87264EFA5F,Bengaluru,Bommasandra,5000000,5177599.0,177599.0,3.549999952316284,Basic XGBoost
PROP-72FE921D8962,Mumbai,Asalpha,2600000,1990399.0,609601.0,23.450000762939453,Basic XGBoost
PROP-EDB850C15F79,Delhi,Sector 14 Rohini,12500000,14025751.0,1525751.0,12.210000038146973,Basic XGBoost
PROP-93689ACF45BD,Kolkata,Narendrapur,800000,11880704.0,11080704.0,1385.0899658203125,Basic XGBoost
PROP-91C733ACFD92,Pune,Chikhali,4900000,4716618.5,183381.5,3.740000009536743,Basic XGBoost
PROP-88FDB0F7B7F9,Chennai,Mudichur,8500000,12520768.0,4020768.0,47.29999923706055,Basic XGBoost
PROP-02AA863FECCF,Bengaluru,Nagondanahalli,6300000,5416038.0,883962.5,14.029999732971191,Basic XGBoost
PROP-7C339447B5C5,Pune,Hadapsar,4600000,4513575.5,86424.5,1.8799999952316284,Basic XGBoost
PROP-618AEE8DA9B3,Pune,Pisoli,3200000,3295061.0,95061.0,2.9700000286102295,Basic XGBoost
PROP-6D082C457A30,Bengaluru,Udayagiri,5800000,5984702.0,184702.0,3.180000066757202,Basic XGBoost
PROP-016FFD1C122B,Delhi,Laxmi Nagar,22000000,17227472.0,4772528.0,21.690000534057617,Basic XGBoost
PROP-8175B23BB6C5,Bengaluru,Hbr Layout,7600000,7322813.0,277187.5,3.6500000953674316,Basic XGBoost
PROP-4DD4BAA8486F,Hyderabad,Kokapet,18000000,26967878.0,8967876.0,49.81999969482422,Basic XGBoost
PROP-879B046D6BDB,Bengaluru,Jp Nagar,5000000,4984902.5,15097.5,0.30000001192092896,Basic XGBoost
PROP-D9ECC9A4371A,Bengaluru,Kommaghatta,11000000,9864923.0,1135077.0,10.319999694824219,Basic XGBoost
PROP-A2178EB46E3C,Pune,Talegaon Dabhade,1651000,1581459.0,69541.0,4.210000038146973,Basic XGBoost
PROP-28EBF50BF140,Kolkata,Madhyamgram,3500000,2929779.5,570220.5,16.290000915527344,Basic XGBoost
PROP-FE5699397C72,Pune,Dhayari,2350000,2246350.5,103649.5,4.409999847412109,Basic XGBoost
PROP-035F1DF77480,Hyderabad,Shaikpet,16000000,14493350.0,1506649.0,9.420000076293945,Basic XGBoost
PROP-440F5936FE43,Chennai,Sithalapakkam,23000000,21192740.0,1807260.0,7.860000133514404,Basic XGBoost
PROP-E3394682F5EB,Pune,Kondhwa,7500000,6383313.5,1116686.5,14.890000343322754,Basic XGBoost
PROP-89F656AA02AC,Pune,Wagholi,3000000,3002634.25,2634.25,0.09000000357627869,Basic XGBoost
PROP-C96D058A7B02,Delhi,Dabri,6000000,5711072.5,288927.5,4.820000171661377,Basic XGBoost
PROP-B68F6CB38ABE,Bengaluru,Hsr Layout,8600000,9427460.0,827460.0,9.619999885559082,Basic XGBoost
PROP-7DB68EE331F7,Bengaluru,Chandapura,3800000,3569238.0,230762.0,6.070000171661377,Basic XGBoost
PROP-37DB6F0FD6BE,Chennai,Chengalpattu,2000000,1791571.625,208428.234375,10.420000076293945,Basic XGBoost
PROP-0D6D87717885,Pune,Pune Cantonment,14100000,13478326.0,621674.0,4.409999847412109,Basic XGBoost
PROP-301BB997DEA8,Chennai,Madhanandapuram,1700000,2033643.5,333643.5,19.6299991607666,Basic XGBoost
PROP-A3CFC7B0F49F,Chennai,Ammapettai,3600000,4543287.5,943287.5,26.200000762939453,Basic XGBoost
PROP-302599185AAC,Delhi,Mansa Ram Park,3200000,3399923.25,199923.234375,6.25,Basic XGBoost
PROP-AF1227CAA778,Pune,Sus,5700000,5635806.5,64193.5,1.1299999952316284,Basic XGBoost
PROP-10A1A286AF58,Kolkata,Sarsuna,2800000,2907198.75,107198.75,3.8299999237060547,Basic XGBoost
PROP-B8F86C214941,Hyderabad,Vanasthalipuram,7600000,9481306.0,1881305.875,24.75,Basic XGBoost
PROP-41E989F79805,Pune,Handewadi,2450000,2644662.75,194662.765625,7.949999809265137,Basic XGBoost
PROP-C59287905A57,Delhi,Paschim Vihar,14000000,12894071.0,1105929.0,7.900000095367432,Basic XGBoost
PROP-958AD368D7B0,Kolkata,Dhakuria,4000000,3118094.75,881905.25,22.049999237060547,Basic XGBoost
PROP-77F1D54F3A83,Bengaluru,Gattahalli,4900000,5274378.5,374378.46875,7.639999866485596,Basic XGBoost
PROP-DD2E0676A4DF,Kolkata,Keshtopur,4800000,5914363.0,1114363.0,23.219999313354492,Basic XGBoost
PROP-5191B5E6C1FC,Hyderabad,Kismatpur,6000000,7884934.0,1884934.125,31.420000076293945,Basic XGBoost
PROP-B6D0D4410215,Bengaluru,Banaswadi,15000000,14342460.0,657540.0,4.380000114440918,Basic XGBoost
PROP-352D26F9F841,Pune,Ranjangaon,1800000,1736444.125,63555.87890625,3.5299999713897705,Basic XGBoost
PROP-05D15D803737,Bengaluru,Bannerughatta,9000000,7714122.0,1285877.5,14.289999961853027,Basic XGBoost
PROP-A3473590907D,Bengaluru,Singasandra,6000000,6564515.0,564515.0,9.40999984741211,Basic XGBoost
PROP-EE3F8D73AB40,Chennai,Pazhavanthangal,13500000,12015387.0,1484613.0,11.0,Basic XGBoost
PROP-7E1CD895B29A,Hyderabad,Boduppal,5600000,4630727.0,969272.9375,17.309999465942383,Basic XGBoost
PROP-CB79FB086663,Delhi,Sector 12 Dwarka,50000000,51809120.0,1809120.0,3.619999885559082,Basic XGBoost
PROP-73821B3E1E8A,Chennai,Anakaputhur,9000000,8587967.0,412033.0,4.579999923706055,Basic XGBoost
PROP-A1645B8654D0,Delhi,Vasant Kunj,6000000,5739306.0,260694.0,4.340000152587891,Basic XGBoost
PROP-E41E0FA10AF8,Hyderabad,Kompally,10200000,9976221.0,223779.0,2.190000057220459,Basic XGBoost
PROP-EE0C3460E825,Chennai,Ammapettai,4500000,4156066.5,343933.53125,7.639999866485596,Basic XGBoost
PROP-38930D3E5AD5,Pune,Kolhewadi,2000000,2025483.25,25483.25,1.2699999809265137,Basic XGBoost
PROP-7C1C95262DB7,Delhi,Budh Vihar,12500000,12741736.0,241736.0,1.9299999475479126,Basic XGBoost
PROP-6962E9490359,Chennai,Vayalur,2500000,3656177.25,1156177.25,46.25,Basic XGBoost
PROP-59D7ED05852A,Delhi,Mukherjee Nagar,14500000,13729961.0,770039.0625,5.309999942779541,Basic XGBoost
PROP-E40E24D712B0,Pune,Pimple Nilakh,7500000,8625807.0,1125807.0,15.010000228881836,Basic XGBoost
PROP-4AB02D12AB85,Chennai,Ayanavaram,6000000,7797755.5,1797755.5,29.959999084472656,Basic XGBoost
PROP-25D16C828562,Mumbai,Naigaon East,1200000,1278060.375,78060.3828125,6.510000228881836,Basic XGBoost
PROP-045838DEA504,Delhi,Tughlakabad,1950000,1987955.625,37955.62109375,1.9500000476837158,Basic XGBoost
PROP-3C24C79B3B94,Bengaluru,Ullal Uppanagar,7000000,7213781.0,213781.0,3.049999952316284,Basic XGBoost
PROP-7AF106BFC991,Bengaluru,Kammasandra,6600000,6381773.5,218226.5,3.309999942779541,Basic XGBoost
PROP-3FB934612BA9,Pune,Aundh,2700000,2936913.0,236913.0,8.770000457763672,Basic XGBoost
PROP-C745DF9CEFD8,Bengaluru,Singasandra,5660000,5421996.0,238004.0,4.210000038146973,Basic XGBoost
PROP-B2A2B716046D,Bengaluru,Kadabagere,4000000,4166392.75,166392.5,4.159999847412109,Basic XGBoost
PROP-9482B11F2DD8,Pune,Balewadi,4800000,4623199.0,176801.0,3.680000066757202,Basic XGBoost
PROP-AFA76C13B75E,Bengaluru,Btm Layout,2000000,2361841.25,361841.25,18.09000015258789,Basic XGBoost
PROP-B005C24FEB55,Pune,Narayangaon,5500000,4224213.5,1275786.5,23.200000762939453,Basic XGBoost
PROP-96DA711717E2,Chennai,Perumbakkam,4000000,4741631.0,741631.0625,18.540000915527344,Basic XGBoost
PROP-2BE121D1E5E9,Pune,Bibwewadi,5500000,6331083.5,831083.5,15.109999656677246,Basic XGBoost
PROP-1F790EFD8125,Pune,Ambegaon,1900000,1941858.375,41858.37890625,2.200000047683716,Basic XGBoost
PROP-D121E0C4EBF7,Bengaluru,K Channasandra,5500000,4495837.0,1004163.0625,18.260000228881836,Basic XGBoost
PROP-A42037E18BCB,Pune,Shikrapur,1500000,1518213.625,18213.619140625,1.2100000381469727,Basic XGBoost
PROP-A50CE5313CBD,Pune,Wanowrie,7500000,7078559.5,421440.46875,5.619999885559082,Basic XGBoost
PROP-F2AA264B8D16,Bengaluru,Kamakshipalya,9500000,9778973.0,278973.0,2.940000057220459,Basic XGBoost
PROP-457AD501CB4F,Chennai,T Nagar,25000000,15977786.0,9022214.0,36.09000015258789,Basic XGBoost
PROP-F07DDE96822A,Bengaluru,Kaggadasapura,4500000,4046409.5,453590.46875,10.079999923706055,Basic XGBoost
PROP-D0973DDA4D8F,Pune,Wakad,7800000,6868585.0,931415.0625,11.9399995803833,Basic XGBoost
PROP-A0195411B832,Delhi,Pandav Nagar,7000000,7209963.5,209963.5,3.0,Basic XGBoost
PROP-515005E56999,Delhi,Uttam Nagar,6000000,6050883.0,50883.5,0.8500000238418579,Basic XGBoost
PROP-5E6983336D58,Chennai,Kundrathur,4500000,2903718.75,1596281.25,35.470001220703125,Basic XGBoost
PROP-315509A70EAC,Pune,Ravet,6310000,5977064.5,332935.5,5.28000020980835,Basic XGBoost
PROP-C0DD7ED34DB4,Pune,Keshav Nagar,3100000,3196431.0,96431.0,3.109999895095825,Basic XGBoost
PROP-D51FCCB82401,Pune,Chakan,2100000,2176046.0,76046.0,3.619999885559082,Basic XGBoost
PROP-1AD8766EFA1F,Delhi,Greater Kailash,5099000,7922237.0,2823237.0,55.369998931884766,Basic XGBoost
PROP-2F785AACB870,Bengaluru,Battarahalli,3250000,2893374.75,356625.25,10.970000267028809,Basic XGBoost
PROP-47FD282C1428,Pune,Undri,6000000,5665521.5,334479.0,5.570000171661377,Basic XGBoost
PROP-CDECEAB30043,Delhi,Sant Nagar,2500000,2436549.25,63450.75,2.5399999618530273,Basic XGBoost
PROP-A327069852C8,Chennai,Kolapakkam,8500000,5182929.5,3317070.5,39.02000045776367,Basic XGBoost
PROP-1E1C17353E40,Delhi,Okhla,2500000,2489598.75,10401.25,0.41999998688697815,Basic XGBoost
PROP-1DF5CA035298,Pune,Shivane,7200000,7734004.0,534004.0,7.420000076293945,Basic XGBoost
PROP-440F13982022,Pune,Undri,3000000,3270953.0,270953.0,9.029999732971191,Basic XGBoost
PROP-2E247E8FBF01,Pune,Ambegaon Budruk,2450000,2547940.5,97940.5,4.0,Basic XGBoost
PROP-AFF1688DC6DB,Delhi,Sector 5 Rohini,2000000,1875764.75,124235.1171875,6.210000038146973,Basic XGBoost
PROP-E4E36E95EDAB,Delhi,Sector 5 Rohini,5000000,4933583.0,66417.0,1.3300000429153442,Basic XGBoost
PROP-925A53CC1421,Chennai,Kodambakkam,8500000,8070165.0,429835.0,5.059999942779541,Basic XGBoost
PROP-9B9083DB7CBF,Delhi,Naraina,92500000,78060048.0,14439951.0,15.609999656677246,Basic XGBoost
PROP-FE76E707B99E,Bengaluru,Btm Layout,700000,1200396.375,500396.375,71.48999786376953,Basic XGBoost
PROP-0990AC2066F0,Mumbai,Ghatkopar West,5500000,4950333.0,549667.0,9.989999771118164,Basic XGBoost
PROP-9C5D0CF6F00F,Delhi,Sidhartha Nagar,8000000,9809684.0,1809684.0,22.6200008392334,Basic XGBoost
PROP-43E277CC801A,Bengaluru,Doddajala,4600000,4610061.0,10061.0,0.2199999988079071,Basic XGBoost
PROP-A46D4E0EB0B9,Chennai,Varadharajapuram,5000000,4414281.5,585718.5,11.710000038146973,Basic XGBoost
PROP-25906C36F887,Pune,Rajgurunagar,2600000,2423324.0,176676.0,6.800000190734863,Basic XGBoost
PROP-031EACC72FAC,Chennai,Perumbakkam,5400000,5041850.0,358150.0,6.630000114440918,Basic XGBoost
PROP-AEC56B927638,Chennai,Chromepet,4570000,4868178.0,298178.0,6.519999980926514,Basic XGBoost
PROP-F60507C8E72C,Bengaluru,Padmanabhanagar,6000000,5809202.5,190797.5,3.180000066757202,Basic XGBoost
PROP-EA626B1DE864,Delhi,Sector 39 Rohini,3200000,3327755.5,127755.5,3.990000009536743,Basic XGBoost
PROP-E5DB4EC56BFD,Bengaluru,Kumaraswamy Layout,9500000,9136275.0,363725.0,3.8299999237060547,Basic XGBoost
PROP-6C265ECC52EE,Bengaluru,Yeshwanthpur,5650000,6044758.5,394758.46875,6.989999771118164,Basic XGBoost
PROP-E97FC7791CB2,Pune,Vadgaon Budruk,1050000,1054828.625,4828.6201171875,0.46000000834465027,Basic XGBoost
PROP-A9AD15AE4F4B,Chennai,Vanagaram,6500000,27040448.0,20540448.0,316.010009765625,Basic XGBoost
PROP-07542049EDCD,Chennai,Ayanavaram,24000000,18706024.0,5293976.0,22.059999465942383,Basic XGBoost
PROP-300FE53137C8,Bengaluru,Electronic City,11800000,14134543.0,2334543.0,19.780000686645508,Basic XGBoost
PROP-C9D20255B3E4,Delhi,Said-Ul-Ajaib,6600000,9015429.0,2415429.0,36.599998474121094,Basic XGBoost
PROP-080C27F30D8B,Bengaluru,Rajajinagar,11000000,11563814.0,563815.0,5.130000114440918,Basic XGBoost
PROP-3DDDE73F3508,Delhi,Dallupura,9000000,8672832.0,327168.0,3.640000104904175,Basic XGBoost
PROP-18A0393EBFD1,Pune,Fursungi,8500000,8304595.0,195405.0,2.299999952316284,Basic XGBoost
PROP-C1EA0CD38AC7,Pune,Wagholi,7500000,7783735.5,283735.5,3.7799999713897705,Basic XGBoost
PROP-C52E8140E86B,Pune,Khed Shivapur,10000000,8920140.0,1079860.0,10.800000190734863,Basic XGBoost
PROP-23AF6966A1A5,Mumbai,Thane West,5800000,5892733.0,92732.5,1.600000023841858,Basic XGBoost
PROP-4990F4349A2C,Delhi,Sidhartha Nagar,11000000,10686217.0,313783.0,2.8499999046325684,Basic XGBoost
PROP-EB9CA72140CA,Bengaluru,Begur,12500000,13865281.0,1365281.0,10.920000076293945,Basic XGBoost
PROP-0D0CC86E6670,Bengaluru,Nandini Layout,2300000,2311690.5,11690.5,0.5099999904632568,Basic XGBoost
PROP-2DBC56647DC2,Mumbai,Kanjurmarg West,3000000,3191341.0,191341.234375,6.380000114440918,Basic XGBoost
PROP-BE904FD9ECAD,Bengaluru,Nagavara,4000000,3165201.5,834798.25,20.8700008392334,Basic XGBoost
PROP-A5472FA9AB79,Pune,Shivane,2000000,1887322.5,112677.5,5.630000114440918,Basic XGBoost
PROP-9D18701B8734,Bengaluru,Yelahanka,2500000,2749641.5,249641.765625,9.989999771118164,Basic XGBoost
PROP-0509105302D9,Delhi,Jaffarpur Kalan,1400000,1453797.875,53797.87890625,3.8399999141693115,Basic XGBoost
PROP-4B2819CCDC38,Mumbai,Virar East,700000,710287.0625,10287.0595703125,1.4700000286102295,Basic XGBoost
PROP-A8556B61F94C,Pune,Pimpri,5600000,5708736.5,108736.5,1.940000057220459,Basic XGBoost
PROP-4BFA952225F9,Pune,Ganesh Peth,3000000,3020179.0,20178.75,0.6700000166893005,Basic XGBoost
PROP-4B65F4ECF3DA,Bengaluru,Medahalli,9000000,9454633.0,454633.0,5.050000190734863,Basic XGBoost
PROP-D42E5341B90C,Pune,Talegaon Dabhade,1500000,1494585.875,5414.0,0.36000001430511475,Basic XGBoost
PROP-0878E585B1A9,Delhi,Sector 16 Rohini,7000000,6266539.0,733460.9375,10.479999542236328,Basic XGBoost
PROP-EDCB8E1E7D1F,Pune,Hadapsar,2050000,1941736.125,108263.8828125,5.28000020980835,Basic XGBoost
PROP-2599E11222D9,Delhi,Razapur Khurd,3300000,3621823.75,321823.75,9.75,Basic XGBoost
PROP-FE64C4652902,Chennai,Padur,14000000,14770921.0,770920.9375,5.510000228881836,Basic XGBoost
PROP-D482B3771C8A,Pune,Wanowrie,38000000,36779112.0,1220888.0,3.2100000381469727,Basic XGBoost
PROP-D30282DEF7E8,Bengaluru,Doddakannelli,7700000,7684971.5,15028.5,0.20000000298023224,Basic XGBoost
PROP-66BC2F398FB3,Pune,Uruli Kanchan,2000000,1874470.25,125529.75,6.28000020980835,Basic XGBoost
PROP-B8CCA5B077EC,Delhi,Govindpuri,17000000,13258637.0,3741363.0,22.010000228881836,Basic XGBoost
PROP-9840B36CD036,Bengaluru,Bagalur,11000000,11881248.0,881248.0,8.010000228881836,Basic XGBoost
PROP-275C30FED99F,Chennai,Sembakkam,11500000,8152704.0,3347296.0,29.110000610351562,Basic XGBoost
PROP-34A08169478C,Pune,Ganga Dham,18500000,17863136.0,636864.0,3.440000057220459,Basic XGBoost
PROP-3C7BB9A3A76F,Pune,Jambhul,1800000,1757340.125,42659.87890625,2.369999885559082,Basic XGBoost
PROP-8B946A375F97,Pune,Talegaon Dhamdhere,1050000,1051882.25,1882.25,0.18000000715255737,Basic XGBoost
PROP-38292E418CB4,Bengaluru,Kumbalgodu,4000000,4474262.5,474262.46875,11.859999656677246,Basic XGBoost
PROP-B94889EB5DAC,Bengaluru,Jayanagar,17000000,15160421.0,1839579.0,10.819999694824219,Basic XGBoost
PROP-7918A0543BED,Delhi,Mayur Vihar Phase 1,6500000,6415066.0,84934.0,1.309999942779541,Basic XGBoost
PROP-F7AE73D7226F,Bengaluru,Frazer Town,13000000,10434291.0,2565709.0,19.739999771118164,Basic XGBoost
PROP-4CBA87BD7ADC,Mumbai,Malad West,2500000,2440791.5,59208.5,2.369999885559082,Basic XGBoost
PROP-CC0910D5F944,Delhi,Jamia Nagar,2500000,2402939.0,97061.0,3.880000114440918,Basic XGBoost
PROP-880F2B4C6CEC,Pune,Jambhulwadi,1099000,1136932.0,37932.0,3.450000047683716,Basic XGBoost
PROP-30E17D169E3B,Chennai,T Nagar,27500000,15064090.0,12435910.0,45.220001220703125,Basic XGBoost
PROP-3190973D0D6A,Bengaluru,Koti Hosahalli,13000000,10350031.0,2649969.0,20.3799991607666,Basic XGBoost
PROP-4B132EEC6D13,Bengaluru,Vidyaranyapura,4200000,5126862.0,926862.0,22.06999969482422,Basic XGBoost
PROP-7024A5C1CDC5,Bengaluru,Bagalakunte,3600000,4160579.5,560579.5,15.569999694824219,Basic XGBoost
PROP-612330DF8800,Pune,Shewalewadi,8500000,8014276.5,485723.53125,5.710000038146973,Basic XGBoost
PROP-207F9F6C82A1,Chennai,Ambattur Industrial Estate,6500000,7628898.0,1128898.0,17.3700008392334,Basic XGBoost
PROP-CEAAA6218846,Bengaluru,Bannerughatta,2400000,2224539.25,175460.765625,7.309999942779541,Basic XGBoost
PROP-EB4A1A9AE20E,Chennai,Gerugambakkam,4200000,5861362.5,1661362.5,39.560001373291016,Basic XGBoost
PROP-26E5909FF552,Pune,Hadapsar,3000000,2767285.5,232714.5,7.760000228881836,Basic XGBoost
PROP-1779D7AD70C3,Pune,Pisoli,3500000,3462985.5,37014.25,1.059999942779541,Basic XGBoost
PROP-36E67E14E286,Bengaluru,Kaggadasapura,4000000,3831213.0,168786.765625,4.21999979019165,Basic XGBoost
PROP-7DE0F80CE62A,Bengaluru,Shivaji Nagar,15000000,15201016.0,201016.0,1.340000033378601,Basic XGBoost
PROP-009D2FB6208C,Bengaluru,Nagamangala,2100000,1769576.625,330423.375,15.729999542236328,Basic XGBoost
PROP-A0E7E5E1C072,Pune,Saswad,2300000,2296541.75,3458.25,0.15000000596046448,Basic XGBoost
PROP-9269F5EDABE3,Pune,Mundhwa,11500000,10451780.0,1048220.0,9.109999656677246,Basic XGBoost
PROP-39EDB7D041E5,Chennai,Kolapakkam,6900000,6200960.5,699039.5,10.130000114440918,Basic XGBoost
PROP-D27635A55529,Mumbai,Mira Road East,5500000,5236493.0,263507.0,4.789999961853027,Basic XGBoost
PROP-C09982527D26,Pune,Bhosari,3000000,3180803.75,180803.765625,6.03000020980835,Basic XGBoost
PROP-48CB268852CA,Pune,Kondhwa,8000000,7291683.0,708316.5,8.850000381469727,Basic XGBoost
PROP-555DE32B3741,Pune,Sus,7600000,7851542.5,251542.5,3.309999942779541,Basic XGBoost
PROP-5DD0259F63AA,Delhi,Sector 12 Dwarka,31500000,30251712.0,1248288.0,3.9600000381469727,Basic XGBoost
PROP-31F0500C626F,Delhi,Palam,5200000,5608125.0,408125.0,7.849999904632568,Basic XGBoost
PROP-A78E23A451BF,Chennai,Thiruverkkadu,7200000,7007443.0,192557.0,2.6700000762939453,Basic XGBoost
PROP-7879F1316D64,Bengaluru,Bisuvanahalli,4000000,4059725.5,59725.5,1.4900000095367432,Basic XGBoost
PROP-A0AA62836698,Bengaluru,Doddaballapura,5200000,5994390.0,794389.5,15.279999732971191,Basic XGBoost
PROP-97C92653EB1E,Delhi,Lado Sarai,3100000,3420353.25,320353.25,10.329999923706055,Basic XGBoost
PROP-E8BBAB4BD9FD,Delhi,Sector 17 Rohini,2300000,2241851.75,58148.25,2.5299999713897705,Basic XGBoost
PROP-26E24636D271,Bengaluru,Kartik Nagar,7000000,7777902.5,777903.0625,11.109999656677246,Basic XGBoost
PROP-87724D4B91BD,Bengaluru,Nelamangala,4500000,4536273.5,36273.5,0.8100000023841858,Basic XGBoost
PROP-4E59815F38F6,Pune,Chakan,2000000,2033067.625,33067.62109375,1.649999976158142,Basic XGBoost
PROP-623733528207,Pune,Chandan Nagar,6500000,6324240.5,175759.5,2.700000047683716,Basic XGBoost
PROP-BC66A060CCEC,Mumbai,Virar West,2950000,3134340.25,184340.234375,6.25,Basic XGBoost
PROP-C8CC7D055133,Bengaluru,Devanahalli,4185000,4065110.75,119889.25,2.859999895095825,Basic XGBoost
PROP-6E48515068CD,Kolkata,Dum Dum Cantonment,2200000,2643931.25,443931.25,20.18000030517578,Basic XGBoost
PROP-8B0A281F6F67,Kolkata,Tangra,8500000,7924088.5,575912.0,6.78000020980835,Basic XGBoost
PROP-758E0F776A14,Chennai,Ramapuram,3500000,3944717.5,444717.53125,12.710000038146973,Basic XGBoost
PROP-B8522EF8B903,Pune,Gultekdi,17500000,16788228.0,711772.0,4.070000171661377,Basic XGBoost
PROP-9C41AA9B9845,Pune,Hinjewadi Phase 3,3800000,3850417.5,50417.75,1.3300000429153442,Basic XGBoost
PROP-216A3970FF18,Pune,Rahatani,23000000,22384036.0,615964.0,2.680000066757202,Basic XGBoost
PROP-A347BF67ECD7,Pune,Ganj Peth,6500000,5844717.5,655282.5,10.079999923706055,Basic XGBoost
PROP-5D362742297B,Bengaluru,Kithaganur Colony,8600000,8874532.0,274532.0,3.190000057220459,Basic XGBoost
PROP-3742950FC789,Delhi,Tughlakabad,4000000,3771729.5,228270.5,5.710000038146973,Basic XGBoost
PROP-A9BCCF053E17,Delhi,Hastsal,6350000,6490443.5,140443.5,2.2100000381469727,Basic XGBoost
PROP-32003935ECCA,Bengaluru,Yerappanahalli,3825000,4172110.0,347110.0,9.069999694824219,Basic XGBoost
PROP-2C4FC6B32994,Bengaluru,Madavara,7400000,6569062.0,830938.5,11.229999542236328,Basic XGBoost
PROP-7FEB6B5FB126,Bengaluru,Ragavendra Industrial Estate,4500000,4424468.5,75531.5,1.6799999475479126,Basic XGBoost
PROP-D2B8AEFDC4A2,Chennai,Dharkast,3600000,4863009.0,1263009.0,35.08000183105469,Basic XGBoost
PROP-B818F0D9592E,Bengaluru,Hurulichikanahalli,3000000,3441641.25,441641.25,14.720000267028809,Basic XGBoost
PROP-A5DEBFD65275,Chennai,Aminjikarai,7400000,5695625.5,1704374.5,23.030000686645508,Basic XGBoost
PROP-DFC59B418382,Pune,Katad Khana,4200000,3832240.25,367759.75,8.760000228881836,Basic XGBoost
PROP-D76597982D99,Pune,Shivane,7000000,5914961.5,1085039.0,15.5,Basic XGBoost
PROP-08E7410F6F56,Kolkata,Rajarhat,3700000,4085974.75,385974.75,10.430000305175781,Basic XGBoost
PROP-DE0577CA5310,Mumbai,Girgaon,60000000,63353520.0,3353520.0,5.590000152587891,Basic XGBoost
PROP-929F154C0F01,Pune,Kondhwa,27500000,31218256.0,3718256.0,13.520000457763672,Basic XGBoost
PROP-2960C566D6FE,Bengaluru,Lingarajapuram,10500000,10487545.0,12455.0,0.11999999731779099,Basic XGBoost
PROP-0912041A0312,Chennai,Choolaimedu,6000000,5347764.5,652235.5,10.869999885559082,Basic XGBoost
PROP-5364E9848963,Bengaluru,Varthur,17500000,17483320.0,16680.0,0.10000000149011612,Basic XGBoost
PROP-F4BFAA10D3BF,Bengaluru,Bidare Agraha,5000000,3717690.5,1282309.5,25.649999618530273,Basic XGBoost
PROP-98C89B2206BD,Delhi,Vasant Kunj,9750000,7588300.0,2161700.0,22.170000076293945,Basic XGBoost
PROP-E0FD65059227,Bengaluru,Thotada Guddadhalli Village,12000000,13311292.0,1311292.0,10.930000305175781,Basic XGBoost
PROP-723B07FC1828,Delhi,Madangir,11000000,11731231.0,731231.0625,6.650000095367432,Basic XGBoost
PROP-B20A5D32356D,Chennai,Perambur,5200000,5335294.5,135294.5,2.5999999046325684,Basic XGBoost
PROP-1FF39EFE8F1C,Bengaluru,Neelasandra,2000000,1669979.375,330020.625,16.5,Basic XGBoost
PROP-7EE9C3784A47,Bengaluru,Kengeri,39500000,37281852.0,2218148.0,5.619999885559082,Basic XGBoost
PROP-35F055A640FC,Delhi,Karala,6000000,5515827.0,484173.0,8.069999694824219,Basic XGBoost
PROP-7DD59E02BF22,Chennai,Choolaimedu,70000000,43113784.0,26886216.0,38.40999984741211,Basic XGBoost
PROP-27C577E56D7C,Bengaluru,Mallathahalli,15000000,17147056.0,2147056.0,14.3100004196167,Basic XGBoost
PROP-61B82DD291D3,Chennai,Kodambakkam,12000000,9324596.0,2675404.0,22.299999237060547,Basic XGBoost
PROP-0EBA19EF740C,Delhi,Badarpur,1200000,1461146.5,261146.5,21.760000228881836,Basic XGBoost
PROP-F872C60A1136,Delhi,Tagore Garden Extension,25000000,24165090.0,834912.0,3.3399999141693115,Basic XGBoost
PROP-41554050619B,Chennai,Sithalapakkam,7500000,7267274.0,232725.5,3.0999999046325684,Basic XGBoost
PROP-CD5F861DFC1E,Delhi,Karol Bagh,21000000,21889172.0,889172.0,4.230000019073486,Basic XGBoost
PROP-22ADCFDCC4E6,Bengaluru,M Hosahalli,2800000,3145032.75,345032.75,12.319999694824219,Basic XGBoost
PROP-C25510000B39,Delhi,Sector 16B Dwarka,5100000,3080989.0,2019011.0,39.59000015258789,Basic XGBoost
PROP-A9A2277A47DA,Bengaluru,Doddabele,6000000,3549235.25,2450764.75,40.849998474121094,Basic XGBoost
PROP-416A3CB02077,Mumbai,Bhayandar West,6500000,5889738.0,610262.0,9.390000343322754,Basic XGBoost
PROP-AF6169902B19,Pune,Dhankawadi,2000000,1837927.25,162072.75,8.100000381469727,Basic XGBoost
PROP-0FAB90A61B36,Delhi,Uttam Nagar,3600000,3531907.0,68093.25,1.8899999856948853,Basic XGBoost
PROP-90B5D0DE93B2,Pune,Lohegaon,16500000,17791220.0,1291220.0,7.829999923706055,Basic XGBoost
PROP-4F7E04D32961,Pune,Kondhawe-Dhawade,2500000,2410497.0,89503.0,3.5799999237060547,Basic XGBoost
PROP-5BC79A05EBF7,Bengaluru,Dommasandra,6200000,5665002.0,534997.5,8.630000114440918,Basic XGBoost
PROP-62C848E36F39,Bengaluru,Chandra Layout Extension,32500000,33638588.0,1138588.0,3.5,Basic XGBoost
PROP-E33EFE69B80C,Bengaluru,Sunkadakatte,13000000,16404584.0,3404584.0,26.190000534057617,Basic XGBoost
PROP-27DE9C56D44E,Bengaluru,Mattanahalli,5500000,5749419.0,249419.0,4.53000020980835,Basic XGBoost
PROP-038615FDDE7D,Delhi,Mahavir Enclave,16500000,15031084.0,1468916.0,8.899999618530273,Basic XGBoost
PROP-FC9D0E12E5EC,Chennai,T Nagar,11000000,11130510.0,130510.0,1.190000057220459,Basic XGBoost
PROP-6998C3C1CE18,Delhi,Shahdara,6000000,5607901.0,392099.53125,6.53000020980835,Basic XGBoost
PROP-F3F0AF36CEB5,Bengaluru,Marathahalli,26000000,25087302.0,912700.0,3.509999990463257,Basic XGBoost
PROP-2D787C5B7475,Chennai,Madambakkam,5800000,4985672.5,814327.5,14.039999961853027,Basic XGBoost
PROP-435F8E219C76,Pune,Hadapsar,6500000,5759824.5,740175.5,11.390000343322754,Basic XGBoost
PROP-35B3FD2B9BC4,Pune,Khadki,2700000,2680549.5,19450.5,0.7200000286102295,Basic XGBoost
PROP-47EC8CAA2D1D,Pune,Sus,6000000,6448654.5,448655.0,7.480000019073486,Basic XGBoost
PROP-CEEB57C8F217,Bengaluru,Virupakshapura,7000000,7469892.0,469892.0,6.710000038146973,Basic XGBoost
PROP-B7CFF0B405B6,Pune,Ambegaon Pathar,4800000,4811999.0,11999.0,0.25,Basic XGBoost
PROP-737ACAF91D3C,Bengaluru,Dooravani Nagar,8700000,9659294.0,959294.0,11.029999732971191,Basic XGBoost
PROP-AD318104196B,Bengaluru,Cheemasandra,6500000,5906652.0,593348.0,9.130000114440918,Basic XGBoost
PROP-CE92ABFFB9EC,Pune,Ganesh Peth,5200000,6402225.5,1202225.0,23.1200008392334,Basic XGBoost
PROP-3879314D82F9,Bengaluru,Muddanahalli,7200000,8009837.0,809836.9375,11.25,Basic XGBoost
PROP-2463CFFB28A7,Chennai,Thirumullaivoyal,5800000,6025092.5,225092.5,3.880000114440918,Basic XGBoost
PROP-2D1779BDD5F3,Hyderabad,Narsingi,7300000,6929120.5,370879.53125,5.079999923706055,Basic XGBoost
PROP-7DB1A8426B9C,Bengaluru,Banashankari,12500000,11152314.0,1347687.0,10.779999732971191,Basic XGBoost
PROP-F350E6D1EED2,Bengaluru,Singasandra,7000000,6776571.5,223428.5,3.190000057220459,Basic XGBoost
PROP-D2D7F074ACF4,Pune,Mundhwa,3800000,4134785.5,334785.5,8.8100004196167,Basic XGBoost
PROP-5CC4D652FF93,Bengaluru,Kasavanahalli,8300000,8238051.0,61949.0,0.75,Basic XGBoost
PROP-9C34FF43D250,Kolkata,Hridaypur,6000000,5877965.5,122034.5,2.0299999713897705,Basic XGBoost
PROP-1A4D986F8144,Bengaluru,Wilson Garden,7800000,7510579.0,289420.5,3.7100000381469727,Basic XGBoost
PROP-4D6FA16E4065,Delhi,Pitampura,10500000,9752411.0,747588.9375,7.119999885559082,Basic XGBoost
PROP-BEDA27D6C498,Bengaluru,Hsr Layout,18000000,20060136.0,2060136.0,11.449999809265137,Basic XGBoost
PROP-FC8EEB5BF799,Kolkata,Purba Barisha,14000000,6938126.5,7061873.5,50.439998626708984,Basic XGBoost
PROP-A7910C008A88,Bengaluru,Sunkadakatte,8490000,8764017.0,274017.0,3.2300000190734863,Basic XGBoost
PROP-7B6F7930318A,Bengaluru,Laggere,22500000,32336340.0,9836340.0,43.720001220703125,Basic XGBoost
PROP-B655C40C41EA,Mumbai,Virar West,5600000,5245385.0,354615.0,6.329999923706055,Basic XGBoost
PROP-66EEDE198CCB,Bengaluru,Hallehalli,6500000,5933888.5,566111.5,8.710000038146973,Basic XGBoost
PROP-C04725EAD432,Bengaluru,Thanisandra,6500000,6514498.0,14498.0,0.2199999988079071,Basic XGBoost
PROP-9DA3F99F0C36,Kolkata,Belgachia,5000000,6480510.0,1480510.125,29.610000610351562,Basic XGBoost
PROP-4776467A6E02,Kolkata,Mahheshtala,2600000,2193671.25,406328.75,15.630000114440918,Basic XGBoost
PROP-0CFC21EB2047,Bengaluru,Bisuvanahalli,6400000,5557566.5,842432.9375,13.15999984741211,Basic XGBoost
PROP-B28EDFE12B58,Bengaluru,Akshayanagar,17500000,14522766.0,2977234.0,17.010000228881836,Basic XGBoost
PROP-34DBD024A8F8,Bengaluru,Kolar,7500000,7285886.0,214114.0,2.8499999046325684,Basic XGBoost
PROP-C9818BBCF139,Bengaluru,Arakere,7500000,7257134.5,242865.0,3.240000009536743,Basic XGBoost
PROP-BDC7587B7D0F,Pune,Bibwewadi,3000000,3293713.0,293713.0,9.789999961853027,Basic XGBoost
PROP-2EA0E2DBA39E,Bengaluru,Malleswaram,14500000,14219151.0,280848.0,1.940000057220459,Basic XGBoost
PROP-E45EFF56102C,Kolkata,Kasba,2200000,2595737.25,395737.25,17.989999771118164,Basic XGBoost
PROP-5B83C9868B63,Kolkata,Kaikhali,7000000,4842812.0,2157188.0,30.81999969482422,Basic XGBoost
PROP-0681907F9E9F,Mumbai,Vikhroli East,13500000,11365052.0,2134948.0,15.8100004196167,Basic XGBoost
PROP-09608FFFACCF,Pune,Shivane,1200000,1244503.875,44503.87890625,3.7100000381469727,Basic XGBoost
PROP-5B1D193B8BEF,Bengaluru,Chandapura,11000000,9102392.0,1897608.0,17.25,Basic XGBoost
PROP-B2BD4E3603E1,Bengaluru,Doddabommasandra,14000000,17352856.0,3352856.0,23.950000762939453,Basic XGBoost
PROP-687E7446D8BA,Mumbai,Andheri East,30000000,25251770.0,4748228.0,15.829999923706055,Basic XGBoost
PROP-74731FF22A2E,Bengaluru,Chandapura,6900000,7053606.0,153606.0,2.2300000190734863,Basic XGBoost
PROP-663CCC8A79FC,Bengaluru,Akshayanagar,6200000,5449216.0,750784.0,12.109999656677246,Basic XGBoost
PROP-7418D47C5C3E,Bengaluru,Devanahalli,15000000,15591267.0,591266.0,3.940000057220459,Basic XGBoost
PROP-8B05902385AA,Bengaluru,Harlur,6130000,6899790.0,769790.0,12.5600004196167,Basic XGBoost
PROP-1143B11F2B28,Mumbai,Malad West,9500000,8849550.0,650450.0,6.849999904632568,Basic XGBoost
PROP-9812020C0B67,Bengaluru,Sivanchetti Gardens,4500000,4065262.0,434738.0,9.65999984741211,Basic XGBoost
PROP-14B7E84EC415,Delhi,Rohini Sector 28,2600000,2818046.5,218046.5,8.390000343322754,Basic XGBoost
PROP-C0CD75FD2E08,Bengaluru,Cooke Town,38500000,39839828.0,1339828.0,3.4800000190734863,Basic XGBoost
PROP-48FF77CF86EA,Kolkata,Baguiati,3975000,3778105.25,196894.765625,4.949999809265137,Basic XGBoost
PROP-05A0599313EE,Kolkata,Taltala,10000000,6461996.0,3538003.75,35.380001068115234,Basic XGBoost
PROP-775199406D45,Bengaluru,Kambipura,7900000,7431415.5,468584.46875,5.929999828338623,Basic XGBoost
PROP-FD8307310423,Kolkata,Bramhapur,2800000,2209276.75,590723.25,21.100000381469727,Basic XGBoost
PROP-A49404C30599,Mumbai,Dadar West,30000000,34042316.0,4042316.25,13.470000267028809,Basic XGBoost
PROP-0CB2D2F633B0,Bengaluru,Manchapanahalli,13000000,11749907.0,1250093.0,9.619999885559082,Basic XGBoost
PROP-7CDF376AB586,Kolkata,Garia,3500000,2805716.5,694283.5,19.84000015258789,Basic XGBoost
PROP-1538AE991581,Bengaluru,Sg Palya,10000000,10503259.0,503259.0,5.03000020980835,Basic XGBoost
PROP-79142883924B,Kolkata,Barrackpore,9800000,7287915.5,2512084.5,25.6299991607666,Basic XGBoost
PROP-43232A2796DD,Bengaluru,Kattigenahalli,24000000,20544624.0,3455376.0,14.399999618530273,Basic XGBoost
PROP-6D07632670C1,Bengaluru,Mallasandra,7500000,7371875.0,128124.5,1.7100000381469727,Basic XGBoost
PROP-CDA2A0AB5F39,Pune,Parvati Darshan,3200000,3565026.5,365026.46875,11.40999984741211,Basic XGBoost
PROP-4F37C5473479,Delhi,Dilshad Garden,14000000,14363895.0,363895.0,2.5999999046325684,Basic XGBoost
PROP-AA0CC1E67A59,Bengaluru,Kommasandra,10000000,9260541.0,739459.0625,7.389999866485596,Basic XGBoost
PROP-BCC62E9D8CA7,Delhi,Sangam Vihar,1600000,1648366.875,48366.87890625,3.0199999809265137,Basic XGBoost
PROP-8674AFDD7453,Kolkata,Joka,3200000,3177817.25,22182.75,0.6899999976158142,Basic XGBoost
PROP-81451D2EC9FC,Bengaluru,Lakshmipura,1100000,1083276.875,16723.119140625,1.5199999809265137,Basic XGBoost
PROP-D6354C3BA88B,Bengaluru,Basavanagudi,17000000,18488196.0,1488196.0,8.75,Basic XGBoost
PROP-7D9769ED2EB4,Delhi,Khajoori Khas,3100000,2620913.0,479087.0,15.449999809265137,Basic XGBoost
PROP-A25837FE2A48,Kolkata,Purba Barisha,1800000,1299400.75,500599.25,27.809999465942383,Basic XGBoost
PROP-9BBD27CEFE61,Kolkata,Budge Budge,33000000,14653848.0,18346152.0,55.59000015258789,Basic XGBoost
PROP-8A5280BE3040,Mumbai,Virar East,4000000,3341975.0,658025.0,16.450000762939453,Basic XGBoost
PROP-A45DE8E14893,Bengaluru,Yelahanka,21000000,20025616.0,974384.0,4.639999866485596,Basic XGBoost
PROP-2E315B85AA19,Bengaluru,Mallathahalli,4000000,4706145.0,706144.9375,17.649999618530273,Basic XGBoost
PROP-A33622E96107,Mumbai,Virar West,6500000,5996070.5,503929.53125,7.75,Basic XGBoost
PROP-F988B92E3135,Bengaluru,Jp Nagar,4700000,4664430.0,35570.0,0.7599999904632568,Basic XGBoost
PROP-5A776B4F1FE1,Bengaluru,Thotada Guddadhalli Village,8700000,8431143.0,268857.0,3.0899999141693115,Basic XGBoost
PROP-017B72AECABE,Bengaluru,Krishnarajapura,4250000,4424523.5,174523.5,4.110000133514404,Basic XGBoost
PROP-5AE4A2894023,Bengaluru,Kengeri,5100000,5474311.5,374312.0,7.340000152587891,Basic XGBoost
PROP-2268B607C7B6,Pune,Kothrud,8790000,8579110.0,210890.0,2.4000000953674316,Basic XGBoost
PROP-EF39E08A9BB0,Kolkata,Sodepur,25000000,20985184.0,4014816.0,16.059999465942383,Basic XGBoost
PROP-195C8A240117,Delhi,Ghitorni,1500000,1562107.5,62107.5,4.139999866485596,Basic XGBoost
PROP-1FE3CF76897B,Mumbai,Kandivali West,6900000,7809543.5,909544.0,13.180000305175781,Basic XGBoost
PROP-DD320D8AA42A,Mumbai,Vikhroli East,5000000,5010286.5,10286.5,0.20999999344348907,Basic XGBoost
PROP-A33813256EF4,Mumbai,Jogeshwari West,12500000,13938172.0,1438172.0,11.510000228881836,Basic XGBoost
PROP-D6F6F704AE6B,Pune,Range Hill Estate,12000000,15374305.0,3374305.0,28.1200008392334,Basic XGBoost
PROP-26F6F60CE515,Kolkata,Paschim Barisha,3200000,2598972.25,601027.75,18.780000686645508,Basic XGBoost
PROP-6B6B7816E643,Bengaluru,Hsr Layout,5800000,5756541.0,43459.5,0.75,Basic XGBoost
PROP-60A8992057EF,Kolkata,Mahheshtala,3200000,2655044.0,544956.0,17.030000686645508,Basic XGBoost
PROP-6CB376B42E54,Bengaluru,Chikbanavara,3200000,3341885.75,141885.75,4.429999828338623,Basic XGBoost
PROP-96A023762EBC,Bengaluru,Anekal,17000000,14272626.0,2727374.0,16.040000915527344,Basic XGBoost
PROP-DB8EEB99DA27,Kolkata,Tangra,9850000,13122953.0,3272953.0,33.22999954223633,Basic XGBoost
PROP-032A58DD7806,Bengaluru,Hemmigepura,110000000,95685144.0,14314865.0,13.010000228881836,Basic XGBoost
PROP-426D2AAA7CEB,Bengaluru,Singasandra,5000000,5491410.0,491410.0,9.829999923706055,Basic XGBoost
PROP-0DC2EC49750F,Pune,Baramati,14000000,11535619.0,2464382.0,17.600000381469727,Basic XGBoost
PROP-19E7561477F7,Bengaluru,Seegehalli,9400000,9323475.0,76525.0,0.8100000023841858,Basic XGBoost
PROP-17AFE0BFDB20,Pune,Uruli Kanchan,1800000,1538995.5,261004.5,14.5,Basic XGBoost
PROP-17E889979BF1,Bengaluru,Malleswaram,40000000,38601788.0,1398212.0,3.5,Basic XGBoost
PROP-B14B320EBDFC,Delhi,Mehrauli,2600000,2497753.5,102246.5,3.930000066757202,Basic XGBoost
PROP-DF06ED64B99F,Pune,Vadgaon,2500000,1875666.5,624333.5,24.969999313354492,Basic XGBoost
PROP-137C2C005E7D,Bengaluru,Meesaganahalli,30000000,33868356.0,3868355.75,12.890000343322754,Basic XGBoost
PROP-63C1E3879D1B,Pune,Sanaswadi,1500000,1406357.5,93642.6171875,6.239999771118164,Basic XGBoost
PROP-F9DB8A32FEB4,Mumbai,Borivali West,10000000,10367932.0,367932.0,3.680000066757202,Basic XGBoost
PROP-C1177CD3700D,Mumbai,Virar West,3500000,3829331.75,329332.0,9.40999984741211,Basic XGBoost
PROP-65394814C748,Bengaluru,Wilson Garden,18500000,18087048.0,412952.0,2.2300000190734863,Basic XGBoost
PROP-004DC79AD105,Bengaluru,Anjanapura Township,4500000,4229752.0,270248.0,6.010000228881836,Basic XGBoost
PROP-13CEBE2A0740,Kolkata,Lake Town,8900000,6705623.5,2194376.5,24.65999984741211,Basic XGBoost
PROP-79C048CC5D81,Mumbai,Mulund East,9800000,9702928.0,97072.0,0.9900000095367432,Basic XGBoost
PROP-2ECBEC80534E,Delhi,Janakpuri,10000000,10944078.0,944078.0,9.4399995803833,Basic XGBoost
PROP-17234F70D5D2,Bengaluru,Rmv Extension Stage 2,23000000,32503360.0,9503360.0,41.31999969482422,Basic XGBoost
PROP-19C1E47746C4,Pune,Katraj,2500000,2370918.0,129082.0,5.159999847412109,Basic XGBoost
PROP-D07A88266219,Kolkata,Narendrapur,2492000,2864795.0,372795.0,14.960000038146973,Basic XGBoost
PROP-ED894EF05DC0,Kolkata,Mukundapur,4000000,3982870.5,17129.5,0.4300000071525574,Basic XGBoost
PROP-FC787D7FB9FB,Pune,Kharadi,5200000,4372530.0,827470.0,15.90999984741211,Basic XGBoost
PROP-CE22265D659C,Bengaluru,Horamavu,8000000,7545651.0,454349.0,5.679999828338623,Basic XGBoost
PROP-6F0E4CFD22DB,Kolkata,Narendrapur,2500000,2841549.5,341549.53125,13.65999984741211,Basic XGBoost
PROP-6BD54E2513A6,Bengaluru,Electronic City,2500000,2645195.0,145195.0,5.809999942779541,Basic XGBoost
PROP-A39B58DD3D8D,Delhi,Sarita Vihar,1200000,1099075.375,100924.6171875,8.40999984741211,Basic XGBoost
PROP-2575E406E6ED,Bengaluru,Kumbalgodu,12500000,13245722.0,745720.9375,5.96999979019165,Basic XGBoost
PROP-B63F0A2B79B8,Pune,Old Sangvi,7000000,7801779.0,801779.5,11.449999809265137,Basic XGBoost
PROP-D3DE585BE9BE,Bengaluru,Annapurneshwari Nagar,10500000,9515891.0,984108.9375,9.369999885559082,Basic XGBoost
PROP-816F45C228AB,Mumbai,Chandansar,3400000,2908732.5,491267.53125,14.449999809265137,Basic XGBoost
PROP-E21237B121F4,Delhi,Geeta Colony,11000000,8293150.5,2706849.5,24.610000610351562,Basic XGBoost
PROP-18D6071BF955,Pune,Pimpri,3600000,4017122.25,417122.25,11.59000015258789,Basic XGBoost
PROP-492710FE2FE9,Bengaluru,Electronic City,3500000,3797286.0,297286.0,8.489999771118164,Basic XGBoost
PROP-1A63C13254E9,Bengaluru,Malimakanapura,3300000,3542262.5,242262.5,7.340000152587891,Basic XGBoost
PROP-E9A87A15A0EA,Mumbai,Goregaon West,15000000,14692387.0,307614.0,2.049999952316284,Basic XGBoost
PROP-5456B6DC1BE7,Bengaluru,Rr Nagar,7800000,7430253.5,369746.46875,4.739999771118164,Basic XGBoost
PROP-5BDEEBAF47FC,Pune,Ambegaon Budruk,4000000,4834068.0,834068.0,20.850000381469727,Basic XGBoost
PROP-7ED9D16B4A84,Delhi,Tri Nagar,27000000,34346372.0,7346372.0,27.209999084472656,Basic XGBoost
PROP-29E8098A6751,Kolkata,Sinthi,4500000,5745428.5,1245428.5,27.68000030517578,Basic XGBoost
PROP-6653EDB96020,Pune,Bibwewadi,4200000,4128855.25,71144.75,1.690000057220459,Basic XGBoost
PROP-0FDB3B6F821B,Bengaluru,Margondanahalli,9500000,10049519.0,549519.0,5.78000020980835,Basic XGBoost
PROP-52424E54F5E3,Kolkata,Ward No 113,3000000,2931585.0,68415.0,2.2799999713897705,Basic XGBoost
PROP-8F23576DE15A,Bengaluru,Hennur,12000000,9287073.0,2712927.0,22.610000610351562,Basic XGBoost
PROP-73AD0F516D1D,Kolkata,Sarsuna,2700000,3332500.25,632500.25,23.43000030517578,Basic XGBoost
PROP-6B1B4B888525,Bengaluru,Hampapura,6800000,6932710.0,132709.5,1.9500000476837158,Basic XGBoost
PROP-31C335EAA49F,Kolkata,Rahara,7500000,6708150.0,791850.0,10.5600004196167,Basic XGBoost
PROP-5CE0B820B272,Pune,Shikrapur,5000000,5322873.5,322873.5,6.460000038146973,Basic XGBoost
PROP-579AC477C3DE,Delhi,Palam,4800000,3697046.0,1102954.0,22.979999542236328,Basic XGBoost
PROP-1AFF711E86BC,Mumbai,Santacruz West,120000000,113519080.0,6480912.0,5.400000095367432,Basic XGBoost
PROP-63ABB0812E88,Pune,Kharadi,8000000,7908121.0,91879.0,1.149999976158142,Basic XGBoost
PROP-2BD3DCFC4E20,Delhi,Sector 15 Rohini,5500000,5543216.5,43216.5,0.7900000214576721,Basic XGBoost
PROP-F73C51824DEC,Kolkata,Dum Dum Park,2500000,2766325.0,266325.25,10.649999618530273,Basic XGBoost
PROP-DD96F911A6F7,Mumbai,Mira Road East,12000000,10865521.0,1134480.0,9.449999809265137,Basic XGBoost
PROP-83B677C44E98,Pune,Rasta Peth,6400000,6013358.5,386641.0,6.039999961853027,Basic XGBoost
PROP-EC60233BBF5C,Kolkata,International Airport,3600000,3126670.75,473329.25,13.149999618530273,Basic XGBoost
PROP-CEAB7897D726,Mumbai,Nalasopara West,2700000,2773375.25,73375.5,2.7200000286102295,Basic XGBoost
PROP-6C88132DD7DA,Bengaluru,Electronic City Phase Ii,7500000,7120246.0,379754.46875,5.059999942779541,Basic XGBoost
PROP-31228546D8E5,Mumbai,Goregaon West,10000000,10193709.0,193709.0,1.940000057220459,Basic XGBoost
PROP-91A5C082A239,Delhi,Kalkaji Extension,60000000,61328024.0,1328024.0,2.2100000381469727,Basic XGBoost
PROP-8019381B2D7D,Mumbai,Goregaon East,17500000,16684355.0,815646.0,4.659999847412109,Basic XGBoost
PROP-12F866BB884B,Kolkata,Ballygunge,25700000,30308368.0,4608368.0,17.93000030517578,Basic XGBoost
PROP-F72F006C0A67,Delhi,Bawana,1500000,1909912.125,409912.125,27.329999923706055,Basic XGBoost
PROP-7E7631D90398,Pune,Spine Road,3600000,3432833.25,167166.75,4.639999866485596,Basic XGBoost
PROP-EC3016304151,Kolkata,Garia,2500000,3317368.75,817368.75,32.689998626708984,Basic XGBoost
PROP-300301509063,Delhi,Jahangirpuri,8000000,7992866.5,7133.5,0.09000000357627869,Basic XGBoost
PROP-3B8E9D1E24A9,Bengaluru,Sollepura Village,5500000,6128454.0,628454.0,11.430000305175781,Basic XGBoost
PROP-4D8AAFAF4DD6,Kolkata,Kalighat,6000000,6637254.0,637254.0,10.619999885559082,Basic XGBoost
PROP-4A67F7047825,Bengaluru,Jakkur,14000000,14337947.0,337947.0,2.4100000858306885,Basic XGBoost
PROP-B77E72E72087,Mumbai,Virar West,5800000,5663716.5,136283.5,2.3499999046325684,Basic XGBoost
PROP-F0513E15F390,Delhi,Shahdara,10800000,10716078.0,83922.0,0.7799999713897705,Basic XGBoost
PROP-D0706C8D1125,Delhi,Kondli,7000000,10919662.0,3919662.0,56.0,Basic XGBoost
PROP-F831E33D8CE1,Mumbai,Andheri East,8900000,8748994.0,151006.0,1.7000000476837158,Basic XGBoost
PROP-ED4B5382AB51,Pune,Bibwewadi,1500000,1565446.5,65446.62109375,4.360000133514404,Basic XGBoost
PROP-81EF362EBECE,Kolkata,Baranagar,2500000,2776342.0,276342.0,11.050000190734863,Basic XGBoost
PROP-A8AA091D3765,Bengaluru,Whitefield,5000000,5029934.5,29934.5,0.6000000238418579,Basic XGBoost
PROP-18F7A2458638,Bengaluru,Doddaballapura,4200000,4879263.5,679263.5,16.170000076293945,Basic XGBoost
PROP-0321031F9CA0,Pune,Karve Nagar,3900000,3861777.5,38222.5,0.9800000190734863,Basic XGBoost
PROP-475474C549DB,Mumbai,Chembur,44000000,42108388.0,1891612.0,4.300000190734863,Basic XGBoost
PROP-8185CC7A850D,Mumbai,Vasai East,5300000,5099788.5,200211.5,3.7799999713897705,Basic XGBoost
PROP-8F9EBDE4207B,Bengaluru,Medahalli,8500000,7106481.5,1393519.0,16.389999389648438,Basic XGBoost
PROP-C3F6C9C06157,Mumbai,Borivali West,12000000,12191712.0,191712.0,1.600000023841858,Basic XGBoost
PROP-EAF92F8DDDD9,Bengaluru,Shivaji Nagar,4500000,4260857.5,239142.5,5.309999942779541,Basic XGBoost
PROP-1E5AC3A07E08,Bengaluru,Vidyaranyapura,11500000,10721332.0,778668.0,6.769999980926514,Basic XGBoost
PROP-CD7F112A1F19,Kolkata,New Alipore,5000000,4954763.5,45236.5,0.8999999761581421,Basic XGBoost
PROP-E9D356433740,Kolkata,Belgachia,5000000,3764420.25,1235579.75,24.709999084472656,Basic XGBoost
PROP-D1F20278616A,Delhi,Holambi Kalan,4000000,3823920.0,176080.0,4.400000095367432,Basic XGBoost
PROP-A58A2DD68E92,Delhi,Baprola,4850000,5577924.5,727924.5,15.010000228881836,Basic XGBoost
PROP-F8B16DBA4627,Mumbai,Borivali West,5500000,5147669.5,352330.46875,6.409999847412109,Basic XGBoost
PROP-5F88C1FDBD2B,Pune,Shivane,2250000,2168530.0,81470.0,3.619999885559082,Basic XGBoost
PROP-A41CEBC7E2BC,Kolkata,Baghajatin,2000000,1594043.375,405956.625,20.299999237060547,Basic XGBoost
PROP-23629863AED7,Bengaluru,Koramangala,60000000,58465388.0,1534612.0,2.559999942779541,Basic XGBoost
PROP-CEADB7303C32,Bengaluru,Banashankari,8000000,7622890.0,377109.53125,4.710000038146973,Basic XGBoost
PROP-F24A817B0BB3,Bengaluru,Whitefield,13000000,12130198.0,869802.0,6.690000057220459,Basic XGBoost
PROP-187FFC381A62,Bengaluru,Gollarapalya Hosahalli,5800000,6137870.5,337871.0,5.829999923706055,Basic XGBoost
PROP-C01B4B736A4B,Bengaluru,Banashankari,20000000,18383864.0,1616136.0,8.079999923706055,Basic XGBoost
PROP-20A016CF8804,Kolkata,Sonarpur,1250000,1392101.875,142101.875,11.369999885559082,Basic XGBoost
PROP-0C2F959D4D5F,Mumbai,Borivali West,19500000,19858144.0,358144.0,1.840000033378601,Basic XGBoost
PROP-7333F24AF932,Kolkata,Golf Green,4000000,4862267.0,862267.0625,21.559999465942383,Basic XGBoost
PROP-FF44CE499C7D,Kolkata,Narendrapur,6700000,7715190.0,1015189.5,15.149999618530273,Basic XGBoost
PROP-BDA85CF43BCD,Bengaluru,Subramanyapura,14000000,12263428.0,1736572.0,12.399999618530273,Basic XGBoost
PROP-4ABBEB8C8EFE,Kolkata,Hussainpur,22500000,12487069.0,10012931.0,44.5,Basic XGBoost
PROP-8F876ABDB135,Pune,Old Sangvi,4200000,4128091.25,71908.75,1.7100000381469727,Basic XGBoost
PROP-487B76347674,Kolkata,South Dum Dum,2280000,1879403.375,400596.625,17.56999969482422,Basic XGBoost
PROP-D1C9187B98AF,Kolkata,Ariadaha,9400000,4758219.5,4641780.5,49.380001068115234,Basic XGBoost
PROP-B44ADED90535,Chennai,Ammapettai,4600000,4979547.5,379547.53125,8.25,Basic XGBoost
PROP-C31DB34FF0D3,Delhi,Palam,7000000,6326708.0,673292.0,9.619999885559082,Basic XGBoost
PROP-1892550EBA4A,Pune,Ranjangaon,2000000,1885757.25,114242.75,5.710000038146973,Basic XGBoost
PROP-367B62AD49A1,Delhi,Bindapur,19500000,18976516.0,523484.0,2.680000066757202,Basic XGBoost
PROP-D5FCD42BDEEF,Chennai,Mudichur,7200000,6008681.0,1191319.0,16.549999237060547,Basic XGBoost
PROP-E154E3205E2A,Bengaluru,Abbigere,7550000,7020848.5,529151.5,7.010000228881836,Basic XGBoost
PROP-F7FA9F287617,Bengaluru,Bilekahalli,35000000,36663196.0,1663196.0,4.75,Basic XGBoost
PROP-4A16392BC138,Delhi,Ganesh Nagar,7900000,7290105.0,609895.0,7.71999979019165,Basic XGBoost
PROP-0A29C2A8F8A1,Chennai,Tambaram Sanatoruim,3000000,2545538.5,454461.53125,15.149999618530273,Basic XGBoost
PROP-7BE9CAFEBA1C,Kolkata,Baguiati,7000000,4183864.25,2816135.75,40.22999954223633,Basic XGBoost
PROP-0BF5794C6B75,Pune,Thergaon,4950000,4537623.5,412376.46875,8.329999923706055,Basic XGBoost
PROP-D2325D491495,Bengaluru,Hennur,7500000,5241269.5,2258730.5,30.1200008392334,Basic XGBoost
PROP-EBF2F6F7634C,Pune,Mundhwa,7200000,7640489.0,440489.0,6.119999885559082,Basic XGBoost
PROP-52847602F1D0,Hyderabad,Manikonda,14000000,13056591.0,943408.0,6.739999771118164,Basic XGBoost
PROP-2C0F2A4C92AB,Kolkata,Sodepur,2200000,2461422.5,261422.5,11.880000114440918,Basic XGBoost
PROP-94DF5E9CBD2F,Delhi,Shalimar Bagh,9000000,9367146.0,367146.0,4.079999923706055,Basic XGBoost
PROP-F2279325BB75,Chennai,Chengalpattu,3580000,3575452.25,4548.0,0.12999999523162842,Basic XGBoost
PROP-37F1DD44301E,Chennai,Siruniam,5500000,8514507.0,3014507.0,54.810001373291016,Basic XGBoost
PROP-D021C122927C,Pune,Mamurdi,4400000,4384781.5,15218.5,0.3499999940395355,Basic XGBoost
PROP-1E407215FBA1,Hyderabad,Kapra,4700000,5096856.5,396856.46875,8.4399995803833,Basic XGBoost
PROP-E0DC804C0B86,Delhi,Tri Nagar,2600000,2737070.5,137070.5,5.269999980926514,Basic XGBoost
PROP-185AA95C95FB,Pune,Hadapsar,6500000,6840985.0,340985.0,5.25,Basic XGBoost
PROP-D657C5A90A07,Pune,Dhayari,2500000,2242401.25,257598.765625,10.300000190734863,Basic XGBoost
PROP-71485F03A905,Delhi,Madhu Vihar,40000000,36518100.0,3481900.25,8.699999809265137,Basic XGBoost
PROP-889EF17714F3,Hyderabad,Kothaguda,12500000,8344981.0,4155019.0,33.2400016784668,Basic XGBoost
PROP-D7F33BDBF82D,Delhi,Badarpur,2400000,2580594.5,180594.5,7.519999980926514,Basic XGBoost
PROP-9C0494989865,Delhi,Tughlakabad,22500000,19723648.0,2776352.0,12.34000015258789,Basic XGBoost
PROP-D9D4ABFD4D32,Hyderabad,Ramachandra Puram,14500000,14630612.0,130613.0,0.8999999761581421,Basic XGBoost
PROP-10B0F1EAFA44,Bengaluru,T Dasarahalli,5500000,5897623.5,397623.53125,7.230000019073486,Basic XGBoost
PROP-3B51AE728A42,Pune,Charholi Budruk,2800000,2975528.0,175528.0,6.269999980926514,Basic XGBoost
PROP-53797FACF5D3,Chennai,Ambattur,6500000,6063286.0,436714.46875,6.71999979019165,Basic XGBoost
PROP-6E7FCEF32621,Delhi,Mahipalpur,4000000,3887603.0,112397.0,2.809999942779541,Basic XGBoost
PROP-55B8C2C99F09,Hyderabad,Dammaiguda,7300000,9170424.0,1870424.0,25.6200008392334,Basic XGBoost
PROP-35A62E77D2F7,Bengaluru,Jayamahal,19900000,22150064.0,2250064.0,11.3100004196167,Basic XGBoost
PROP-7CDB27CCC56B,Hyderabad,Alwal,55000000,26640326.0,28359674.0,51.560001373291016,Basic XGBoost
PROP-A643398A5BF2,Bengaluru,Kodigehalli,6900000,7808724.5,908724.5,13.170000076293945,Basic XGBoost
PROP-1900A53A5797,Bengaluru,Electronic City Phase Ii,4400000,4419677.5,19677.5,0.44999998807907104,Basic XGBoost
PROP-C786AD732AC5,Bengaluru,Bikasipura,40000000,42393992.0,2393992.0,5.980000019073486,Basic XGBoost
PROP-24C399D085C4,Pune,Chikhali,1500000,1406026.125,93973.8828125,6.260000228881836,Basic XGBoost
PROP-4E108E499901,Pune,Vadgaon,2300000,2179647.25,120352.75,5.230000019073486,Basic XGBoost
PROP-7D4EAF9BC50D,Chennai,Oragadam Sriperambattur,975000,1409284.375,434284.25,44.540000915527344,Basic XGBoost
PROP-9D111CED81B6,Mumbai,Mira Road East,5800000,6350755.0,550755.0,9.5,Basic XGBoost
PROP-43E2AB6143AF,Bengaluru,Rk Hegde Nagar,23500000,24493068.0,993068.0,4.230000019073486,Basic XGBoost
PROP-33CEC28EED1E,Delhi,Sector 39 Rohini,3500000,3490352.75,9647.5,0.2800000011920929,Basic XGBoost
PROP-E77308E8B287,Chennai,Padur,3000000,2388285.25,611714.75,20.389999389648438,Basic XGBoost
PROP-436A7F43FB2F,Bengaluru,Mattanahalli,7500000,7298007.5,201992.5,2.690000057220459,Basic XGBoost
PROP-E4AFF5DBC147,Chennai,Ayappakkam,1750000,2440519.0,690519.0625,39.459999084472656,Basic XGBoost
PROP-5C38ECF1B9E5,Pune,Aundh,210000000,138075984.0,71924016.0,34.25,Basic XGBoost
PROP-7B652EDE98B9,Pune,Dhankawadi,6500000,6103286.5,396713.53125,6.099999904632568,Basic XGBoost
PROP-760F1D16ADEF,Chennai,Periyapalayam,3500000,6353251.0,2853251.0,81.5199966430664,Basic XGBoost
PROP-7410C553135C,Pune,Pimpri,9500000,8850098.0,649902.0,6.840000152587891,Basic XGBoost
PROP-2A7024014AE1,Bengaluru,Benson Town,30000000,35496848.0,5496848.0,18.31999969482422,Basic XGBoost
PROP-CC4DACB736AD,Chennai,Kolathur,8100000,4508047.5,3591952.75,44.349998474121094,Basic XGBoost
PROP-6B9EE1A5C0C2,Hyderabad,Bachupally,5500000,5588622.0,88622.0,1.6100000143051147,Basic XGBoost
PROP-0E2D8AF27993,Chennai,Chetpet,9000000,13356026.0,4356026.0,48.400001525878906,Basic XGBoost
PROP-C50F3D2E75CA,Pune,Pirangut,2500000,2341881.75,158118.25,6.320000171661377,Basic XGBoost
PROP-5DA698499EBB,Hyderabad,Aminpur,6000000,6833936.0,833936.0,13.899999618530273,Basic XGBoost
PROP-9796C9C039FE,Delhi,Burari,8000000,8629427.0,629427.0,7.869999885559082,Basic XGBoost
PROP-AFB5153F0914,Delhi,Kalu Sarai,17000000,13963264.0,3036736.0,17.860000610351562,Basic XGBoost
PROP-F20778F6FFA7,Kolkata,Rajpur,3600000,4057798.0,457798.0,12.720000267028809,Basic XGBoost
PROP-EC5EC5B938A9,Delhi,Vasundhara Enclave,7400000,7537157.0,137157.0,1.850000023841858,Basic XGBoost
PROP-0D42BA65D940,Pune,Shaniwar Peth,7800000,7386999.0,413001.0,5.289999961853027,Basic XGBoost
PROP-69C56DAAB05A,Chennai,Thirumullaivoyal,4200000,4415604.0,215604.0,5.130000114440918,Basic XGBoost
PROP-7A682F6B298F,Kolkata,Rahara,2150000,2099807.75,50192.25,2.3299999237060547,Basic XGBoost
PROP-FB79FF41B652,Mumbai,Santacruz East,31000000,28912064.0,2087936.0,6.739999771118164,Basic XGBoost
PROP-5F2AD249503E,Bengaluru,Banashankari,11500000,10124978.0,1375022.125,11.960000038146973,Basic XGBoost
PROP-B13AA9A7FC87,Pune,Wakad,6000000,5188048.0,811952.0,13.529999732971191,Basic XGBoost
PROP-6A94BF091483,Chennai,Chengalpattu,3270000,2940926.75,329073.25,10.0600004196167,Basic XGBoost
PROP-5883DDB271CD,Kolkata,Barrackpore,4600000,3006428.25,1593572.0,34.63999938964844,Basic XGBoost
PROP-6741AF8F9998,Kolkata,Mukundapur,3000000,4313415.0,1313415.0,43.779998779296875,Basic XGBoost
PROP-17A3E5877C77,Pune,Talegaon Dabhade,3700000,4010159.75,310159.75,8.380000114440918,Basic XGBoost
PROP-F3482FB5E361,Bengaluru,Ashok Nagar,50000000,40983528.0,9016472.0,18.030000686645508,Basic XGBoost
PROP-B1090F62B421,Kolkata,Rajpur,3500000,4178174.5,678174.25,19.3799991607666,Basic XGBoost
PROP-FDC65DFBEA58,Bengaluru,Kadumuthsandra Plantation,8350000,7377382.0,972618.0,11.649999618530273,Basic XGBoost
PROP-18502A7488C5,Hyderabad,Kokapet,7000000,11501126.0,4501126.0,64.30000305175781,Basic XGBoost
PROP-A1D5ADCDCF91,Bengaluru,Thanisandra,20600000,15487500.0,5112500.0,24.81999969482422,Basic XGBoost
PROP-C0522DF831F1,Pune,Saswad,2000000,1845516.625,154483.375,7.71999979019165,Basic XGBoost
PROP-9AFE824D460F,Delhi,Dilshad Garden,20000000,18003584.0,1996416.0,9.979999542236328,Basic XGBoost
PROP-D414BF9C4C6D,Pune,Jambhe,5200000,5146859.5,53140.5,1.0199999809265137,Basic XGBoost
PROP-DBFB07E88FA8,Delhi,Nangloi,7000000,7321877.0,321877.0,4.599999904632568,Basic XGBoost
PROP-7795861A2C71,Bengaluru,Lingadheeranahalli,13500000,13115972.0,384028.0,2.8399999141693115,Basic XGBoost
PROP-25FAB7A392D5,Bengaluru,Benson Town,19500000,18977020.0,522980.0,2.680000066757202,Basic XGBoost
PROP-6878795CC437,Bengaluru,Ramohalli,2000000,2051631.375,51631.37890625,2.5799999237060547,Basic XGBoost
PROP-793527053013,Chennai,Perambur,20000000,20813340.0,813340.0,4.070000171661377,Basic XGBoost
PROP-4D40B1A20187,Delhi,Sector 22 Rohini,5000000,5337259.0,337259.0,6.75,Basic XGBoost
PROP-1D241C964D3C,Bengaluru,Srirampuram,9500000,10713809.0,1213809.0,12.779999732971191,Basic XGBoost
PROP-4D163C1AFE0C,Pune,Kasarwadi,4614000,3740975.25,873024.75,18.920000076293945,Basic XGBoost
PROP-22B629DD2066,Chennai,Raja Annamalai Puram,78000000,40728552.0,37271448.0,47.779998779296875,Basic XGBoost
PROP-46E0F6890D9C,Delhi,Khirki Extension,4500000,4301014.0,198986.0,4.420000076293945,Basic XGBoost
PROP-B7F928A6C47F,Pune,Ganga Dham,10500000,9919735.0,580265.0,5.53000020980835,Basic XGBoost
PROP-855B2608AFA2,Bengaluru,Dasarahalli,13500000,10900060.0,2599940.0,19.260000228881836,Basic XGBoost
PROP-1D16DAD57337,Bengaluru,Mathikere,8000000,7544089.5,455910.46875,5.699999809265137,Basic XGBoost
PROP-A758AAA67652,Chennai,Chengalpattu,1620000,1886730.375,266730.375,16.459999084472656,Basic XGBoost
PROP-AA0F0DFCBD68,Kolkata,Malancha Mahi Nagar,4000000,3723697.5,276302.25,6.909999847412109,Basic XGBoost
PROP-BA4CA07F778B,Pune,Bopodi,8000000,6978999.0,1021000.9375,12.760000228881836,Basic XGBoost
PROP-166A5C71ABDE,Bengaluru,Lingadheeranahalli,36000000,37721172.0,1721172.0,4.78000020980835,Basic XGBoost
PROP-B999F27E41BF,Delhi,Ghitorni,6000000,6761298.0,761298.0,12.6899995803833,Basic XGBoost
PROP-19DDE35CCD8A,Delhi,Neb Sarai,8000000,8612056.0,612056.0,7.650000095367432,Basic XGBoost
PROP-5943EA2A5D22,Mumbai,Dahisar East,10000000,10225548.0,225548.0,2.259999990463257,Basic XGBoost
PROP-BB7E6C12AC01,Bengaluru,Kengeri Satellite Town,14200000,14668922.0,468921.0,3.299999952316284,Basic XGBoost
PROP-01433059BC75,Bengaluru,Manganahalli,6800000,6076605.5,723394.5,10.640000343322754,Basic XGBoost
PROP-31C798C91564,Mumbai,Govandi,11500000,11377068.0,122932.0,1.0700000524520874,Basic XGBoost
PROP-CD3474A91816,Pune,Dhankawadi,2000000,1839905.5,160094.625,8.0,Basic XGBoost
PROP-C9949DC0A262,Kolkata,Shobhabazar,7000000,7959648.0,959648.0,13.710000038146973,Basic XGBoost
PROP-96E056482E02,Kolkata,Arapanch,890000,1107754.75,217754.765625,24.469999313354492,Basic XGBoost
PROP-82B11312217F,Bengaluru,Basavanagudi,25000000,20804448.0,4195552.0,16.780000686645508,Basic XGBoost
PROP-240CD3A55659,Bengaluru,Thavarekere,27000000,26424640.0,575360.0,2.130000114440918,Basic XGBoost
PROP-BA61B976B4F6,Bengaluru,Hebbal Kempapura,11000000,13089082.0,2089081.875,18.989999771118164,Basic XGBoost
PROP-2CE536CC8739,Bengaluru,Koti Hosahalli,7800000,6511740.0,1288260.0,16.520000457763672,Basic XGBoost
PROP-64BCC534DEE6,Bengaluru,Mahadevapura,20000000,21566136.0,1566136.0,7.829999923706055,Basic XGBoost
PROP-5AA6F43284B1,Bengaluru,Byandahalli,1200000,1407028.125,207028.125,17.25,Basic XGBoost
PROP-96F57B5AEFA0,Delhi,Sonia Vihar,1700000,1742763.375,42763.37890625,2.5199999809265137,Basic XGBoost
PROP-2D43F1D425FE,Bengaluru,Kengeri Satellite Town,60000000,48048032.0,11951968.0,19.920000076293945,Basic XGBoost
PROP-4F52AFBE4481,Bengaluru,Basavanagudi,17200000,16464393.0,735607.0625,4.28000020980835,Basic XGBoost
PROP-F51837D84A18,Bengaluru,Bilekahalli,6500000,6268314.0,231686.0,3.559999942779541,Basic XGBoost
PROP-E9AA40D73839,Kolkata,Vip Nagar,25000000,18763160.0,6236839.5,24.950000762939453,Basic XGBoost
PROP-17520DAA4844,Delhi,Dilshad Garden,6500000,6403789.0,96211.5,1.4800000190734863,Basic XGBoost
PROP-5248E691D853,Bengaluru,Bagalur,13500000,16210342.0,2710342.0,20.079999923706055,Basic XGBoost
PROP-2373D0335E39,Delhi,Vikaspuri,20000000,19212148.0,787852.0,3.940000057220459,Basic XGBoost
PROP-AAAE434A61C7,Kolkata,Purba Barisha,2000000,2049380.625,49380.62109375,2.4700000286102295,Basic XGBoost
PROP-72786BFF6EAA,Pune,Pimple Gurav,1800000,1687852.75,112147.25,6.230000019073486,Basic XGBoost
PROP-4E119C9A393B,Bengaluru,Horamavu,7500000,7094448.0,405552.0,5.409999847412109,Basic XGBoost
PROP-F9E5BC2B5E4D,Mumbai,Mulund East,15700000,17376968.0,1676968.0,10.680000305175781,Basic XGBoost
PROP-31008C689D06,Bengaluru,Konanakunte,15500000,12929066.0,2570934.0,16.59000015258789,Basic XGBoost
PROP-85ED57411480,Bengaluru,Nelamangala,5000000,5014034.0,14034.0,0.2800000011920929,Basic XGBoost
PROP-183AE0AF5AE6,Pune,Ambegaon Budruk,1500000,1500168.125,168.1199951171875,0.009999999776482582,Basic XGBoost
PROP-0A19937F8406,Kolkata,Raghunathpur,10000000,3348856.75,6651143.0,66.51000213623047,Basic XGBoost
PROP-D500B4A219BE,Kolkata,North Dum Dum,1710000,2824587.5,1114587.5,65.18000030517578,Basic XGBoost
PROP-E86E6EB2AD72,Bengaluru,Madanayakahalli,6000000,5347351.5,652648.5,10.880000114440918,Basic XGBoost
PROP-C276C177DD60,Pune,Chakan,2800000,2911091.25,111091.25,3.9700000286102295,Basic XGBoost
PROP-C88DFE50F2E1,Bengaluru,Rajanukunte,3000000,4192715.5,1192715.5,39.7599983215332,Basic XGBoost
PROP-148BB89A7939,Kolkata,Rajpur,5000000,6690350.5,1690350.5,33.810001373291016,Basic XGBoost
PROP-30F29209C14E,Bengaluru,Belathur,6500000,6455596.0,44404.0,0.6800000071525574,Basic XGBoost
PROP-29354BFCA92E,Mumbai,Mira Road East,11600000,10525078.0,1074922.0,9.270000457763672,Basic XGBoost
PROP-E452AD5A4404,Mumbai,Kandivali East,18000000,18581844.0,581844.0,3.2300000190734863,Basic XGBoost
PROP-C61FB9FBC1BC,Pune,Aundh,3000000,3051571.5,51571.5,1.7200000286102295,Basic XGBoost
PROP-BF118ED57912,Delhi,Chhattarpur,1050000,1130630.375,80630.3828125,7.679999828338623,Basic XGBoost
PROP-1D500711B9EE,Delhi,East Of Kailash,3800000,3463289.5,336710.46875,8.859999656677246,Basic XGBoost
PROP-C6B3FD9F35D1,Mumbai,Kandivali East,11000000,10421105.0,578895.0,5.260000228881836,Basic XGBoost
PROP-BFE4844C22B9,Pune,Dighi,2100000,2365407.25,265407.25,12.640000343322754,Basic XGBoost
PROP-FF3B1A6CD2B7,Kolkata,Malancha Mahi Nagar,4300000,3278107.5,1021892.5,23.760000228881836,Basic XGBoost
PROP-E9B36E61B507,Pune,Shikrapur,1050000,1210723.0,160723.0,15.3100004196167,Basic XGBoost
PROP-F206E84CFE29,Bengaluru,Hennur,7000000,7375982.5,375982.46875,5.369999885559082,Basic XGBoost
PROP-49EDA638686D,Bengaluru,Kadubeesanahalli,7200000,6650654.5,549345.0,7.630000114440918,Basic XGBoost
PROP-C1F9EB831B63,Kolkata,Kalighat,11000000,6286615.0,4713385.0,42.849998474121094,Basic XGBoost
PROP-0C1FC6D41250,Bengaluru,Hemmigepura,12400000,13589065.0,1189065.0,9.59000015258789,Basic XGBoost
PROP-B8888E831EFC,Bengaluru,Krishnarajapura,13500000,12153033.0,1346967.0,9.979999542236328,Basic XGBoost
PROP-B4DC2995CB05,Bengaluru,Bommasandra,4300000,4045410.25,254589.765625,5.920000076293945,Basic XGBoost
PROP-3D1E10AFAEEE,Bengaluru,Gollarapalya,14500000,13826408.0,673592.0,4.650000095367432,Basic XGBoost
PROP-25D885A113E6,Bengaluru,Munnekollal,17200000,18247308.0,1047308.0,6.090000152587891,Basic XGBoost
PROP-1BC89038386F,Chennai,Kovilambakkam,6000000,5652299.0,347701.0,5.800000190734863,Basic XGBoost
PROP-5A93ECCCA934,Hyderabad,Malakpet,4000000,5103671.0,1103671.0,27.59000015258789,Basic XGBoost
PROP-306ABCB5EAF2,Delhi,Shahdara,9800000,10221121.0,421121.0,4.300000190734863,Basic XGBoost
PROP-76E0F054D628,Delhi,Malka Ganj,4000000,4075964.75,75964.75,1.899999976158142,Basic XGBoost
PROP-047393173888,Pune,Yashwantrao Chavan Nagar,13200000,14487712.0,1287712.0,9.760000228881836,Basic XGBoost
PROP-299EECD690EE,Pune,Koregaon Bhima,200000,260906.1875,60906.19140625,30.450000762939453,Basic XGBoost
PROP-50C67EA09DDF,Pune,Nigdi,2985000,2910308.5,74691.5,2.5,Basic XGBoost
PROP-AE14E8110F88,Delhi,Sangam Vihar,6000000,5565745.5,434254.46875,7.239999771118164,Basic XGBoost
PROP-95A0856F2CBD,Bengaluru,Attiguppe,7300000,8728085.0,1428085.0,19.559999465942383,Basic XGBoost
PROP-D47A58EA54B9,Pune,Mundhwa,4500000,4738358.5,238358.5,5.300000190734863,Basic XGBoost
PROP-BF35C650C25A,Delhi,Ashok Vihar,53000000,42818840.0,10181160.0,19.209999084472656,Basic XGBoost
PROP-932E8C3E8828,Delhi,New Ashok Nagar,9500000,11024614.0,1524614.125,16.049999237060547,Basic XGBoost
PROP-F8DB9F59EF80,Delhi,Fateh Nagar,2949000,2506075.75,442924.25,15.020000457763672,Basic XGBoost
PROP-8F904426DF9B,Delhi,Preet Vihar,72500000,70208128.0,2291872.0,3.1600000858306885,Basic XGBoost
PROP-2FB6EB68543F,Bengaluru,Mallasandra,4700000,4839128.0,139128.0,2.9600000381469727,Basic XGBoost
PROP-B5C5275AB9C6,Kolkata,Bantala,4000000,4423198.5,423198.46875,10.579999923706055,Basic XGBoost
PROP-24B4B4BF9927,Mumbai,Vile Parle West,16000000,13289754.0,2710246.0,16.940000534057617,Basic XGBoost
PROP-C9DEEF9F6FD0,Mumbai,Girgaon,8300000,7595779.0,704220.9375,8.479999542236328,Basic XGBoost
PROP-A8782B94B1FB,Bengaluru,Electronic City,6900000,6858798.5,41201.0,0.6000000238418579,Basic XGBoost
PROP-0D0D2526274C,Bengaluru,Basaveshwara Nagar,50000000,53128864.0,3128864.0,6.260000228881836,Basic XGBoost
PROP-ED0F0C749FE5,Pune,Vadgaon Budruk,6500000,5836768.5,663231.5,10.199999809265137,Basic XGBoost
PROP-906C4D9BF500,Pune,Akurdi,10500000,9410590.0,1089410.0,10.380000114440918,Basic XGBoost
PROP-DE93B035A606,Pune,Tathawade,10500000,11538280.0,1038280.0,9.890000343322754,Basic XGBoost
PROP-D31A53E98564,Mumbai,Borivali West,11000000,11528710.0,528711.0,4.809999942779541,Basic XGBoost
PROP-C74862BA88D2,Pune,Shukrawar Peth,6500000,6595974.0,95973.5,1.4800000190734863,Basic XGBoost
PROP-798DF8D0BD87,Bengaluru,Byalahalli,13000000,13412035.0,412035.0,3.1700000762939453,Basic XGBoost
PROP-2116C7174CE2,Delhi,Sector 38 Rohini,4000000,4098517.75,98517.75,2.4600000381469727,Basic XGBoost
PROP-FCE181DB5E88,Bengaluru,Anchepalya,8750000,8077911.5,672088.5,7.679999828338623,Basic XGBoost
PROP-79C5F46E0121,Pune,Moshi,3300000,3830826.0,530826.0,16.09000015258789,Basic XGBoost
PROP-1FC054B5A2B9,Bengaluru,Akshayanagar,6000000,6532496.0,532496.0,8.869999885559082,Basic XGBoost
PROP-254341295E71,Delhi,Krishna Nagar,13000000,11759907.0,1240093.0,9.539999961853027,Basic XGBoost
PROP-50D58314C956,Bengaluru,Seegehalli,2790000,2393461.25,396538.75,14.210000038146973,Basic XGBoost
PROP-CDBFC212F53F,Mumbai,Worli,18000000,16580648.0,1419352.0,7.889999866485596,Basic XGBoost
PROP-8D44D58FF6C4,Bengaluru,Magadi,6200000,7386830.0,1186830.0,19.139999389648438,Basic XGBoost
PROP-7EE9CAF04D31,Bengaluru,Kodalagurki,120000000,130106840.0,10106840.0,8.420000076293945,Basic XGBoost
PROP-98A8DEC685FD,Bengaluru,Billapura,2700000,2730078.75,30078.75,1.1100000143051147,Basic XGBoost
PROP-A36A2656F40A,Bengaluru,Electronic City Phase Ii,11000000,11744844.0,744844.0,6.769999980926514,Basic XGBoost
