property_master_id,city,locality,property_type,bhk,builtup_area_sqft,actual_price,predicted_price,absolute_error,percentage_error
PROP-886B605EFC26,Bengaluru,Rajajinagar,Apartment,3,1550,16000000,1.3101946e+07,2.898055e+06,18.11
PROP-E891C85EBEF3,Bengaluru,Jp Nagar,Apartment,2,1200,12500000,6.7671425e+06,5.7328575e+06,45.86
PROP-241ABE4D826E,Delhi,Sector 34 Rohini,Apartment,1,600,1500000,2.2977688e+06,797768.75,53.18
PROP-9A5597E90FB8,Chennai,Saligramam,Apartment,3,1045,9850000,8.569257e+06,1.280743e+06,13.0
PROP-13CD24308F03,Chennai,Maduravoyal,Apartment,1,475,2000000,2.8388762e+06,838876.0,41.94
PROP-C2722A1C7AD6,Delhi,Chhattarpur,Villa,7,10500,200000000,6.3807676e+07,1.3619232e+08,68.1
PROP-544B31D49874,Pune,Pimpri,Independent House,3,1500,3500000,9.742093e+06,6.242093e+06,178.35
PROP-9FD3F637B94E,Mumbai,Thane West,Apartment,1,540,5200000,4.199855e+06,1.00014494e+06,19.23
PROP-7E4E30F5CDFA,Delhi,Baprola,Independent House,3,450,4000000,3.7372598e+06,262740.25,6.57
PROP-315C8B76C4BC,Mumbai,Kandivali West,Apartment,2,910,14000000,1.5899292e+07,1.899292e+06,13.57
PROP-793B2AF0FE27,Kolkata,Mahheshtala,Apartment,2,900,3400000,3.5721188e+06,172118.77,5.06
PROP-E50E6A24D421,Kolkata,Duttapukur,Independent House,4,3000,3000000,1.7140748e+07,1.4140748e+07,471.36
PROP-660764886262,Mumbai,Borivali West,Apartment,3,1150,30000000,1.6986284e+07,1.3013716e+07,43.38
PROP-CB5E401C3432,Pune,Koregaon Park,Apartment,1,800,10000000,6.456698e+06,3.543302e+06,35.43
PROP-1847807A5660,Pune,Talegaon Dabhade,Apartment,4,2100,11000000,1.0584951e+07,415049.0,3.77
PROP-04EEA0E2FB57,Kolkata,Maniktala,Independent House,4,1300,10000000,1.2809966e+07,2.809966e+06,28.1
PROP-2109AB057B1C,Mumbai,Andheri West,Apartment,1,420,10000000,8.92031e+06,1.07969e+06,10.8
PROP-4F3E18350F77,Pune,Narhe,Apartment,1,573,3550000,2.2872372e+06,1.2627628e+06,35.57
PROP-EB4514BFA1ED,Mumbai,Dahisar West,Apartment,2,1100,15000000,1.7823116e+07,2.8231162e+06,18.82
PROP-4F693CD6B6D3,Pune,Koregaon Bhima,Apartment,2,694,2400000,1.8774651e+06,522534.88,21.77
PROP-13C20CD8D767,Pune,Kharadi,Apartment,2,750,6000000,5.815372e+06,184628.0,3.08
PROP-5DA266EDC1F8,Pune,Pashan,Apartment,1,550,4700000,4.1449715e+06,555028.5,11.81
PROP-8E42F2D1DD13,Pune,Pirangut,Apartment,2,734,3500000,3.3598002e+06,140199.75,4.01
PROP-24154292A436,Hyderabad,Puppalaguda,Apartment,3,1896,13000000,1.7621788e+07,4.621788e+06,35.55
PROP-87ABCA4FA53C,Pune,Hadapsar,Apartment,2,974,13500000,6.073639e+06,7.426361e+06,55.01
PROP-4B48009115F2,Hyderabad,Gopanapalli,Apartment,2,1086,6200000,5.3311745e+06,868825.5,14.01
PROP-E7910EFD91D4,Pune,Pashan,Apartment,3,2182,15900000,2.3357946e+07,7.457948e+06,46.91
PROP-A61A28C277F3,Hyderabad,Miyapur,Apartment,3,1315,9700000,8.3704625e+06,1.329537e+06,13.71
PROP-D827EBCF7D0C,Pune,Rasta Peth,Apartment,2,1000,8000000,7.6015475e+06,398452.47,4.98
PROP-0871D498BB60,Pune,Talegaon Dabhade,Apartment,1,625,2200000,1.941003e+06,258997.0,11.77
PROP-88DC05B42C1C,Hyderabad,Nanakaramguda,Apartment,3,1740,14000000,1.9484568e+07,5.4845685e+06,39.18
PROP-310712061ED0,Pune,Lohegaon,Apartment,1,580,4000000,2.85697e+06,1.14303e+06,28.58
PROP-EB6104A92CE3,Pune,Baner,Apartment,4,1250,23000000,1.4485916e+07,8.514084e+06,37.02
PROP-E4D32FF2875D,Pune,Chakan,Apartment,1,620,2200000,2.140943e+06,59057.0,2.68
PROP-B82F1CAF98A5,Kolkata,Boral,Independent House,4,1440,5700000,9.519722e+06,3.819722e+06,67.01
PROP-F05C6E8A0DBE,Kolkata,Deshbandhu Nagar,Independent House,3,1200,6300000,6.181806e+06,118194.0,1.88
PROP-502C690C434F,Kolkata,Purba Barisha,Independent House,6,2700,11000000,1.256601e+07,1.566009e+06,14.24
PROP-7B0BB392FB77,Kolkata,Netaji Nagar,Apartment,2,620,2200000,2.146375e+06,53625.0,2.44
PROP-F7B707A8DFBC,Pune,Kasarwadi,Apartment,2,860,5200000,5.2424545e+06,42454.5,0.82
PROP-6907678B6015,Kolkata,Shibrampur Mauza,Apartment,2,680,3000000,2.8648385e+06,135161.5,4.51
PROP-387B92C9041D,Kolkata,Rajarhat,Apartment,2,754,2500000,2.9818312e+06,481831.53,19.27
PROP-CEE6E85DD994,Mumbai,Virar West,Apartment,1,625,4100000,3.2252145e+06,874785.75,21.34
PROP-589E7C63A76B,Pune,Kasarwadi,Apartment,2,850,6500000,4.2427085e+06,2.2572915e+06,34.73
PROP-1E1E7036816A,Kolkata,Baranagar,Apartment,1,450,1600000,1.6713225e+06,71322.5,4.46
PROP-907A509B10C1,Pune,Shukrawar Peth,Apartment,3,1800,10200000,1.6982592e+07,6.782592e+06,66.5
PROP-F15549A718FE,Kolkata,Budge Budge,Apartment,3,1100,3000000,4.348639e+06,1.348639e+06,44.95
PROP-4C19F5E71DF3,Mumbai,Borivali West,Apartment,3,819,32500000,1.6355782e+07,1.6144218e+07,49.67
PROP-3766FB7A0814,Mumbai,Virar East,Apartment,1,515,4000000,1.9869455e+06,2.0130545e+06,50.33
PROP-7EDD60F485BC,Mumbai,Andheri East,Apartment,2,710,18000000,9.141469e+06,8.858531e+06,49.21
PROP-4A9CF07A6040,Pune,Moshi,Apartment,2,1009,5700000,5.113273e+06,586727.0,10.29
PROP-3E2507834883,Kolkata,Barrackpore,Independent House,4,2205,7000000,1.0914956e+07,3.9149562e+06,55.93
PROP-D40DABF9D212,Pune,Uruli Devachi,Apartment,2,881,3500000,3.3999558e+06,100044.25,2.86
PROP-C9A9AE8D102C,Mumbai,Kandivali East,Apartment,1,650,12100000,8.10536e+06,3.99464e+06,33.01
PROP-6100B7C5311D,Kolkata,Rajarhat,Apartment,2,990,3200000,4.3572195e+06,1.1572195e+06,36.16
PROP-3DB4AC2481FA,Mumbai,Chembur,Apartment,2,750,19500000,1.1165318e+07,8.334682e+06,42.74
PROP-B2A1B4C6C6EC,Kolkata,New Town,Apartment,2,975,8000000,5.8922265e+06,2.1077735e+06,26.35
PROP-95DEF2676027,Kolkata,Nabapally,Apartment,2,750,1500000,3.613509e+06,2.113509e+06,140.9
PROP-55F59220E177,Pune,Chimbali,Apartment,2,640,2800000,3.3621625e+06,562162.5,20.08
PROP-DC1B25032235,Pune,Charholi Budruk,Apartment,1,520,2500000,2.3757548e+06,124245.25,4.97
PROP-3379FC13E4D8,Kolkata,Mukundapur,Independent House,4,2600,10000000,2.2332436e+07,1.2332436e+07,123.32
PROP-D8BB0CAA2680,Bengaluru,Yemalur,Villa,10,8000,60000000,4.646328e+07,1.3536719e+07,22.56
PROP-12E3ACA23BD5,Pune,Bhosari,Apartment,1,610,3900000,3.0749745e+06,825025.5,21.15
PROP-5AFE12F0A193,Pune,Rahatani,Apartment,2,700,4600000,4.135259e+06,464741.25,10.1
PROP-C42A1815C2F3,Bengaluru,Kaggadasapura,Independent House,4,1360,6500000,1.0664755e+07,4.164755e+06,64.07
PROP-190B7101B2E9,Bengaluru,Mathikere,Apartment,4,1500,21000000,1.1418438e+07,9.581562e+06,45.63
PROP-DA8F1BBCE7D0,Pune,Dattavadi,Apartment,1,635,6250000,3.7063978e+06,2.5436022e+06,40.7
PROP-AEEF4274B3F6,Bengaluru,Kaggadasapura,Independent House,10,1640,27500000,1.6713752e+07,1.0786248e+07,39.22
PROP-1564DBA664BF,Pune,Bhukum,Apartment,2,1010,8000000,5.38418e+06,2.61582e+06,32.7
PROP-25A47C5422A8,Bengaluru,Nelamangala,Villa,3,1200,2628000,4.866187e+06,2.238187e+06,85.17
PROP-9B239F57D201,Pune,Wakad,Apartment,2,1050,8000000,7.972236e+06,27764.0,0.35
PROP-8B2A712FC0B7,Bengaluru,Begur,Villa,1,850,6400000,6.0783385e+06,321661.5,5.03
PROP-EE337B8241A9,Pune,Rasta Peth,Apartment,2,900,9000000,7.453646e+06,1.5463539e+06,17.18
PROP-FD5D56218C91,Bengaluru,Kaval Bairasandra,Apartment,2,770,3700000,4.421963e+06,721963.06,19.51
PROP-6862CB4AAFCB,Delhi,Bharthal,Apartment,1,350,2800000,2.0970821e+06,702917.8,25.1
PROP-641E8BBFBD42,Bengaluru,Wilson Garden,Independent House,5,2500,720000,2.4183994e+07,2.3463994e+07,3258.89
PROP-F546062541DD,Pune,Handewadi,Apartment,1,650,2200000,2.8212492e+06,621249.25,28.24
PROP-ED9683068995,Pune,Hadapsar,Independent House,1,500,1700000,1.8010228e+06,101022.75,5.94
PROP-840B09AFF58E,Pune,Charholi Budruk,Apartment,1,628,3300000,2.801102e+06,498898.0,15.12
PROP-4BC98CE96981,Bengaluru,Ramamurthy Nagar,Villa,3,1200,400000,8.956624e+06,8.556624e+06,2139.16
PROP-2AEA9790CCFD,Delhi,Kalkaji Extension,Apartment,4,2000,16000000,1.5570196e+07,429804.0,2.69
PROP-5CDF7CDCFC90,Pune,Mundhwa,Apartment,2,1225,9000000,8.473147e+06,526853.0,5.85
PROP-1263EACFBBB4,Delhi,Sector 3 Dwarka,Apartment,1,320,2000000,2.0886652e+06,88665.25,4.43
PROP-A4953794C080,Delhi,Sector 17 Dwarka,Apartment,2,720,9000000,9.240462e+06,240462.0,2.67
PROP-CA1E3B26429C,Delhi,Sector 22 Dwarka,Apartment,4,2200,29000000,2.2365388e+07,6.634612e+06,22.88
PROP-929CCBA54C0C,Pune,Pimpri,Apartment,1,580,3100000,3.4589852e+06,358985.25,11.58
PROP-6401AE87242B,Hyderabad,Gajularamaram,Independent House,3,1700,16100000,1.0364116e+07,5.735884e+06,35.63
PROP-0461D7695030,Pune,Bhamboli,Apartment,1,370,1800000,1.5734752e+06,226524.77,12.58
PROP-9989B466FF80,Pune,Hinjewadi Phase 3,Apartment,2,991,7000000,7.1891055e+06,189105.0,2.7
PROP-271439694061,Pune,Shivane,Apartment,2,1120,10500000,4.7961655e+06,5.703834e+06,54.32
PROP-647380B6C56C,Pune,Kothrud,Independent House,3,3633,52500000,3.8606056e+07,1.3893944e+07,26.46
PROP-DEBF324D5004,Hyderabad,Kompally,Apartment,3,1760,15000000,1.1796795e+07,3.203205e+06,21.35
PROP-036A40B27112,Pune,Dhankawadi,Apartment,1,550,3000000,1.8613912e+06,1.1386088e+06,37.95
PROP-18EC0DBB243E,Bengaluru,Bapuji Nagar,Independent House,3,1200,9000000,6.4347405e+06,2.5652595e+06,28.5
PROP-F950302AB7E9,Pune,Wagholi,Apartment,1,607,3200000,3.0014632e+06,198536.5,6.2
PROP-3FE3BA248FEA,Pune,Kondhwa,Apartment,2,1080,7000000,4.50794e+06,2.49206e+06,35.6
PROP-17323089F8DE,Pune,Pimple Saudagar,Apartment,2,1100,8800000,8.833133e+06,33133.0,0.38
PROP-FDC8E906723F,Pune,Sadashiv Peth,Apartment,3,1300,15000000,1.1299754e+07,3.700246e+06,24.67
PROP-566EE7A10F14,Pune,Wanowrie,Independent House,4,1810,32500000,1.2844365e+07,1.9655636e+07,60.48
PROP-780710815F2E,Pune,Sadashiv Peth,Apartment,2,800,11500000,7.2439215e+06,4.2560785e+06,37.01
PROP-F631F6B18734,Hyderabad,Gachibowli,Apartment,3,2000,15000000,1.6930876e+07,1.930876e+06,12.87
PROP-0C3C607B71D0,Pune,Ambegaon Pathar,Apartment,1,591,2800000,2.1222815e+06,677718.5,24.2
PROP-CF3A7A042C95,Bengaluru,Bommanahalli,Apartment,1,470,2500000,2.3591558e+06,140844.25,5.63
PROP-450D76B79792,Delhi,Sector 7 Dwarka,Apartment,2,1100,8500000,7.641437e+06,858563.5,10.1
PROP-F0A15FB127E7,Pune,Kondhwa,Apartment,3,1450,10000000,9.155428e+06,844572.0,8.45
PROP-EC919E79045E,Bengaluru,Channapatna,Independent House,2,2400,6300000,1.2507235e+07,6.207234e+06,98.53
PROP-092D9847A913,Pune,Talegaon Dabhade,Apartment,2,775,3000000,3.1885942e+06,188594.23,6.29
PROP-4D48508B7131,Pune,Jambhul,Apartment,1,530,1700000,1.7810912e+06,81091.25,4.77
PROP-7829BAF8BA68,Hyderabad,Madhapur,Apartment,2,1150,9200000,5.673437e+06,3.5265635e+06,38.33
PROP-285719CFA573,Pune,Thergaon,Apartment,1,820,5000000,4.6560655e+06,343934.47,6.88
PROP-FA48D6011F79,Hyderabad,Osman Nagar,Apartment,3,2240,12800000,1.6845192e+07,4.045192e+06,31.6
PROP-066E605A1612,Pune,Wagholi,Apartment,2,823,4600000,4.2800685e+06,319931.5,6.96
PROP-05948D732C72,Pune,Undri,Independent House,4,6600,45000000,3.952911e+07,5.4708875e+06,12.16
PROP-6676E8663A08,Pune,Khed Shivapur,Villa,3,2000,10000000,9.483729e+06,516271.0,5.16
PROP-65C335E274A6,Pune,Bavdhan,Apartment,1,634,4500000,4.4285295e+06,71470.5,1.59
PROP-EC7FA926DCA4,Pune,Pimple Nilakh,Apartment,2,1012,6000000,7.1123795e+06,1.1123795e+06,18.54
PROP-B7C8C7ABE5D4,Pune,Khadakwasla,Apartment,2,1055,5551000,4.757353e+06,793647.06,14.3
PROP-AB09036233A9,Pune,Ambegaon Bk,Apartment,1,683,3850000,2.8448278e+06,1.00517225e+06,26.11
PROP-A1B09368029E,Pune,Pimple Gurav,Apartment,2,1000,9700000,6.3542575e+06,3.345743e+06,34.49
PROP-6F336AE4E8AB,Pune,Wagholi,Apartment,2,927,5700000,4.855613e+06,844387.06,14.81
PROP-C34C80FE5C36,Bengaluru,Nagasandra,Independent House,1,600,3500000,5.012829e+06,1.512829e+06,43.22
PROP-E838D562DA1E,Pune,Anand Nagar,Apartment,1,400,2050000,1.9312979e+06,118702.0,5.79
PROP-82481EC85A1D,Pune,Jambhul,Apartment,2,601,3200000,2.267614e+06,932386.0,29.14
PROP-979AEA102EA4,Pune,Jambhul,Apartment,1,639,2099000,2.181573e+06,82573.0,3.93
PROP-B520B9A3BF00,Hyderabad,Santosh Nagar,Independent House,4,2300,14500000,1.6226335e+07,1.726335e+06,11.91
PROP-DC14830AE8B7,Pune,Bhawani Peth,Apartment,1,800,8200000,3.6686568e+06,4.531343e+06,55.26
PROP-85C27B3F455C,Bengaluru,Yeshwanthpur,Independent House,4,1500,18800000,1.3609998e+07,5.190002e+06,27.61
PROP-5F21B89EA323,Bengaluru,Vidyaranyapura,Apartment,2,1050,5000000,5.505852e+06,505852.0,10.12
PROP-09CE9ADDEE5D,Hyderabad,Somajiguda,Apartment,3,1985,17500000,1.4806292e+07,2.693707e+06,15.39
PROP-FE73164F12FA,Pune,Pimple Saudagar,Apartment,2,1150,9800000,7.976685e+06,1.823315e+06,18.61
PROP-D847EC37271C,Pune,Wagholi,Apartment,1,650,2000000,2.8692735e+06,869273.5,43.46
PROP-0E6FE0A0B9A5,Pune,Mundhwa,Independent House,2,853,7500000,5.560101e+06,1.939899e+06,25.87
PROP-E6F1771E30F8,Pune,Hadapsar,Apartment,1,390,1875000,1.3401956e+06,534804.4,28.52
PROP-B36B54E3592B,Pune,Nerhe,Apartment,3,798,3000000,3.9628655e+06,962865.5,32.1
PROP-75A87272C6C3,Pune,Hadapsar,Apartment,1,585,6800000,2.4015345e+06,4.3984655e+06,64.68
PROP-4ED736EAB511,Bengaluru,Dasanapura,Villa,2,708,3900000,3.9930095e+06,93009.75,2.38
PROP-564680D9FB1C,Bengaluru,Seegehalli,Apartment,3,1830,15000000,1.6197795e+07,1.197794e+06,7.99
PROP-021F335D0215,Bengaluru,Jayanagar West,Independent House,3,2400,20000000,1.4730239e+07,5.269761e+06,26.35
PROP-6D5238F843B1,Pune,Lavasa,Villa,2,2000,9500000,9.656236e+06,156236.0,1.64
PROP-C63DE5A371D4,Pune,Katraj,Apartment,2,780,4000000,3.7774422e+06,222557.77,5.56
PROP-2598404F5915,Bengaluru,Chamrajpet,Apartment,2,1090,11000000,6.62263e+06,4.3773705e+06,39.79
PROP-E33F1153F028,Hyderabad,Borabanda,Apartment,3,1550,12000000,1.1070106e+07,929894.0,7.75
PROP-E597E61FA2BA,Bengaluru,Kadumuthsandra Plantation,Independent House,3,1200,4900000,8.169196e+06,3.2691962e+06,66.72
PROP-0CE96737A0D0,Bengaluru,Kattigenahalli,Apartment,3,1567,8500000,8.622073e+06,122073.0,1.44
PROP-1DE379F76B98,Pune,Gorhe Bk,Apartment,2,750,3500000,3.3422522e+06,157747.75,4.51
PROP-C30F517B1BF8,Bengaluru,Nandini Layout,Independent House,2,600,7200000,5.914899e+06,1.285101e+06,17.85
PROP-69ADEC56ACEB,Hyderabad,Peerzadiguda,Independent House,4,1774,11000000,1.1898552e+07,898552.0,8.17
PROP-921F8E5BBB16,Pune,Baner,Apartment,2,1200,7500000,1.0414985e+07,2.914985e+06,38.87
PROP-8E9EBB0559EE,Hyderabad,Ramachandra Puram,Apartment,2,800,3100000,3.8087178e+06,708717.75,22.86
PROP-AEA0B06BF7D6,Pune,Nanded,Apartment,1,400,1500000,1.3493139e+06,150686.12,10.05
PROP-C31BBEA76072,Hyderabad,Nallakunta,Independent House,10,6000,25000000,3.1063408e+07,6.063408e+06,24.25
PROP-270E6B143FB6,Pune,Kasarwadi,Apartment,1,703,5000000,3.6825375e+06,1.3174622e+06,26.35
PROP-68FFFBEC8103,Bengaluru,Mathikere,Independent House,4,1000,10000000,1.2243585e+07,2.243585e+06,22.44
PROP-EA34CB368FA7,Pune,Hingne Khurd,Apartment,1,560,4300000,3.3659672e+06,934032.5,21.72
PROP-85C11484F5B4,Pune,Lohegaon,Apartment,1,630,4000000,2.63018e+06,1.36982e+06,34.25
PROP-C69B5907EBA1,Pune,Ambegaon,Independent House,3,2362,6900000,9.84466e+06,2.9446598e+06,42.68
PROP-42821E39A628,Mumbai,Wadala,Apartment,1,750,11000000,1.5185599e+07,4.185599e+06,38.05
PROP-7D37AEF99654,Mumbai,Mulund East,Apartment,2,370,7000000,5.701962e+06,1.2980375e+06,18.54
PROP-F262CC41FA39,Kolkata,Harinavi,Apartment,2,823,2600000,3.0876958e+06,487695.75,18.76
PROP-31D90E7BF593,Kolkata,Malancha Mahi Nagar,Apartment,1,441,1550000,1.4789665e+06,71033.38,4.58
PROP-CBE29C6C9AF3,Kolkata,Narkeldanga,Apartment,2,1005,5400000,4.3688495e+06,1.0311505e+06,19.1
PROP-E403F296391B,Kolkata,Sodepur,Apartment,2,785,2500000,3.154131e+06,654131.0,26.17
PROP-FC8585E65185,Pune,Dattavadi,Apartment,2,1100,10000000,7.94686e+06,2.05314e+06,20.53
PROP-73FBF94E1A0B,Pune,Narhe,Apartment,2,950,4600000,4.9209005e+06,320900.5,6.98
PROP-E9674CEE8F9A,Kolkata,Pansila,Apartment,2,991,2400000,4.1313642e+06,1.7313644e+06,72.14
PROP-3B2BA9B92CA4,Mumbai,Lower Parel,Apartment,3,2000,95000000,6.357698e+07,3.142302e+07,33.08
PROP-8B92C2A78410,Pune,Camp,Apartment,2,808,8500000,8.265981e+06,234019.5,2.75
PROP-F81E9C4EF252,Kolkata,Dum Dum Cantonment,Apartment,1,675,2450000,2.3491852e+06,100814.75,4.11
PROP-F675B01C5A44,Mumbai,Virar West,Apartment,1,400,1600000,1.9037201e+06,303720.12,18.98
PROP-FA196D3E6144,Kolkata,Netaji Nagar,Apartment,2,704,3200000,2.2871085e+06,912891.5,28.53
PROP-04FB665A65BF,Kolkata,Bansdroni,Apartment,3,1165,6500000,5.067751e+06,1.432249e+06,22.03
PROP-298DAD00551B,Pune,Bopodi,Apartment,1,725,6500000,5.398082e+06,1.101918e+06,16.95
PROP-21151A7BC1BB,Pune,Talegaon Dabhade,Apartment,2,628,3500000,2.3435082e+06,1.1564918e+06,33.04
PROP-286C4F25648C,Mumbai,Virar West,Apartment,1,690,2751000,3.5463998e+06,795399.75,28.91
PROP-05F1E0BA42EF,Kolkata,Patipukur,Apartment,2,880,5000000,3.2817482e+06,1.7182516e+06,34.37
PROP-A9B943EC9EA4,Pune,Pimpri,Apartment,1,360,2700000,2.3367708e+06,363229.25,13.45
PROP-5936E04205C5,Kolkata,Sonarpur,Apartment,1,649,3300000,2.516885e+06,783115.06,23.73
PROP-4EA0AA3AB741,Pune,Bopkhel,Apartment,1,500,2300000,1.7908389e+06,509161.12,22.14
PROP-1E838D085F6F,Pune,Dighi,Apartment,2,696,5500000,3.5373105e+06,1.9626898e+06,35.69
PROP-710C345E87A3,Kolkata,New Barrakpur,Apartment,2,845,3250000,2.8975692e+06,352430.75,10.84
PROP-7194B6E81329,Pune,Somwar Peth,Apartment,2,720,6000000,6.338684e+06,338684.0,5.64
PROP-D4977CFD05A1,Mumbai,Kandivali West,Apartment,1,550,11300000,9.13854e+06,2.16146e+06,19.13
PROP-89F54F900D90,Kolkata,Barrackpore,Apartment,2,857,3700000,3.2297575e+06,470242.47,12.71
PROP-A96EBD09271C,Mumbai,Ghatkopar East,Apartment,1,500,5500000,9.747836e+06,4.247836e+06,77.23
PROP-9D62B8EDCC70,Pune,Manjari Budruk,Independent House,2,1000,8000000,4.484331e+06,3.515669e+06,43.95
PROP-BDE7DC2AF985,Pune,Hinjewadi,Apartment,1,580,4200000,3.3821562e+06,817844.0,19.47
PROP-83001A7C36FF,Kolkata,Kaikhali,Apartment,2,1196,5200000,5.0167125e+06,183287.5,3.52
PROP-75722758C510,Kolkata,Kankurgachi,Apartment,3,1600,16500000,1.5293379e+07,1.206621e+06,7.31
PROP-7EE2E46DC5A3,Kolkata,Baguiati,Apartment,2,800,2500000,2.7843282e+06,284328.25,11.37
PROP-61FF2F93A3CD,Kolkata,Nayabad,Apartment,2,903,3400000,3.7828822e+06,382882.25,11.26
PROP-425DCDCE91C2,Pune,Marunji,Apartment,3,1126,8000000,6.944157e+06,1.055843e+06,13.2
PROP-730DC06A9CCE,Kolkata,Baguiati,Apartment,1,550,1500000,1.7515425e+06,251542.62,16.77
PROP-555491FD3FCD,Mumbai,Mira Road East,Apartment,2,999,9500000,7.36567e+06,2.13433e+06,22.47
PROP-D6B58BE3DF0B,Mumbai,Andheri West,Apartment,2,600,17500000,1.1371948e+07,6.128052e+06,35.02
PROP-AFA257101EFB,Kolkata,Cossipore,Apartment,2,1180,4200000,4.808476e+06,608476.0,14.49
PROP-76765FC38F02,Pune,Warje,Independent House,3,2500,9000000,2.0749048e+07,1.1749048e+07,130.54
PROP-0106C21B749E,Pune,Katraj,Apartment,2,750,3800000,3.7825322e+06,17467.75,0.46
PROP-55172BF0F63D,Mumbai,Goregaon East,Apartment,2,280,4500000,3.2124535e+06,1.2875465e+06,28.61
PROP-326F45DBC99C,Kolkata,Kalikapur,Apartment,3,1540,8600000,9.120935e+06,520935.0,6.06
PROP-6271B5488588,Kolkata,Thakurpukur,Apartment,3,1260,5166000,7.146375e+06,1.980375e+06,38.33
PROP-A9F84DEE3C47,Mumbai,Mira Road East,Apartment,1,650,7400000,5.889575e+06,1.510425e+06,20.41
PROP-5D81268902FC,Kolkata,Baghajatin,Apartment,2,760,3470000,2.7739758e+06,696024.25,20.06
PROP-5986FBD469E6,Pune,Yewalewadi,Apartment,1,400,1000000,1.4911764e+06,491176.25,49.12
PROP-35F65A0B1111,Hyderabad,Nizampet,Apartment,2,1182,5500000,6.483638e+06,983638.0,17.88
PROP-5425F574E202,Delhi,Sewak Park,Apartment,3,900,5100000,6.344006e+06,1.2440055e+06,24.39
PROP-6037F97E910C,Hyderabad,Serilingampally,Villa,5,3500,55000000,3.2632752e+07,2.2367248e+07,40.67
PROP-C2512136CBF0,Pune,Aambethan,Apartment,1,635,2350000,2.751835e+06,401834.75,17.1
PROP-7BA6A399609D,Pune,Baner,Apartment,1,450,3500000,3.8673315e+06,367331.53,10.5
PROP-71D33633B538,Hyderabad,Pocharam,Apartment,2,1100,4500000,5.8334795e+06,1.33348e+06,29.63
PROP-C9CE17A43EF6,Bengaluru,Wilson Garden,Independent House,2,1350,14500000,1.0864669e+07,3.63533e+06,25.07
PROP-A2769CBFEFBC,Delhi,Kondli,Apartment,2,1000,8000000,6.1695675e+06,1.8304325e+06,22.88
PROP-00CB62F9CA48,Pune,Kesnand,Independent House,1,600,1550000,2.0128281e+06,462828.12,29.86
PROP-FB3F6A212ECF,Hyderabad,Thumukunta,Apartment,2,843,4000000,4.264126e+06,264126.0,6.6
PROP-BC7DC907F3C0,Hyderabad,Kompally,Apartment,3,1685,10500000,1.1812128e+07,1.312128e+06,12.5
PROP-8FDF18914555,Pune,Wakhari,Apartment,2,1000,1600000,3.264362e+06,1.6643619e+06,104.02
PROP-8AE55DE0D0F6,Delhi,Preet Vihar,Villa,3,1605,24500000,1.8427012e+07,6.072988e+06,24.79
PROP-7C347C5A02BA,Hyderabad,Kapra,Independent House,4,3000,12000000,1.8180364e+07,6.180364e+06,51.5
PROP-FFF28A341052,Hyderabad,Aminpur,Independent House,8,3800,29000000,2.0102536e+07,8.897464e+06,30.68
PROP-6BD74555B6F6,Bengaluru,Konanakunte,Independent House,2,1600,17500000,1.0093182e+07,7.406818e+06,42.32
PROP-B9B30C368E06,Bengaluru,Banashankari,Apartment,1,365,654000,2.2973568e+06,1.6433568e+06,251.28
PROP-75A82EA10DF0,Bengaluru,Attibele,Villa,4,2400,21500000,1.3904847e+07,7.595152e+06,35.33
PROP-308497C5C8A9,Hyderabad,Hayathnagar,Apartment,3,1550,6800000,7.9221615e+06,1.1221615e+06,16.5
PROP-FA7F37B350E3,Pune,Ambegaon Pathar,Apartment,2,672,2900000,2.72108e+06,178920.0,6.17
PROP-D77D9222A2C0,Pune,Talwade,Apartment,2,970,4800000,6.8783915e+06,2.0783915e+06,43.3
PROP-FF12DC411AD0,Pune,Bavdhan,Apartment,3,1186,14000000,9.753583e+06,4.246417e+06,30.33
PROP-3D51C97BBCD5,Pune,Aundh,Apartment,3,1075,10500000,9.71856e+06,781440.0,7.44
PROP-2C507A5A2B1E,Pune,Talegaon Dhamdhere,Apartment,1,425,1500000,1.2161075e+06,283892.5,18.93
PROP-3A858C150400,Mumbai,Andheri East,Apartment,2,300,6800000,3.8064552e+06,2.9935448e+06,44.02
PROP-09AAA95AA81F,Pune,Talegaon Dabhade,Apartment,1,425,2200000,1.4797695e+06,720230.6,32.74
PROP-19C5FCADB8CA,Mumbai,Mahim,Apartment,2,780,32500000,1.9200572e+07,1.3299428e+07,40.92
PROP-E77C161084C2,Mumbai,Mulund West,Apartment,3,1100,24500000,2.208468e+07,2.41532e+06,9.86
PROP-448DCAAA9E39,Pune,Katraj,Apartment,2,850,4500000,4.302811e+06,197189.0,4.38
PROP-A3E21F233FE8,Kolkata,Ganguly Bagan,Apartment,2,750,3500000,2.7246505e+06,775349.5,22.15
PROP-0A6B581765A0,Pune,Wanwadi,Apartment,1,700,4500000,2.9686945e+06,1.5313058e+06,34.03
PROP-B954D99F42CE,Pune,Chinchwad,Independent House,1,750,2500000,4.921839e+06,2.421839e+06,96.87
PROP-F3E24227604A,Kolkata,Narendrapur,Apartment,1,530,1700000,2.111799e+06,411799.0,24.22
PROP-DA034220CC71,Bengaluru,Banashankari,Independent House,1,2500,5000000,1.029345e+07,5.29345e+06,105.87
PROP-7168908E54AA,Mumbai,Dahisar East,Apartment,1,500,7600000,8.1238245e+06,523824.47,6.89
PROP-E22099E55076,Pune,Dhankawadi,Apartment,1,600,2500000,2.2454038e+06,254596.23,10.18
PROP-8A8505709A6E,Kolkata,Dakshineswar,Apartment,2,617,2200000,2.2276028e+06,27602.75,1.25
PROP-5F8D36A9FDE4,Pune,Dighi,Apartment,2,860,5300000,4.1761348e+06,1.1238652e+06,21.21
PROP-CB49AFF2C003,Pune,Manjari Budruk,Apartment,2,706,4800000,2.8657785e+06,1.9342215e+06,40.3
PROP-9DE91BFA2CB4,Kolkata,Dum Dum Cantonment,Apartment,1,550,1900000,1.8760584e+06,23941.62,1.26
PROP-72693FD3DEE9,Kolkata,Nayabad,Apartment,3,1080,6500000,4.9785455e+06,1.5214545e+06,23.41
PROP-578D46E2FDC3,Mumbai,Malad East,Apartment,1,675,10800000,9.877161e+06,922839.06,8.54
PROP-F2195BC4ACCD,Kolkata,Deshbandhu Nagar,Apartment,2,885,2850000,3.7800512e+06,930051.25,32.63
PROP-95046668863D,Pune,Undri,Apartment,2,1214,8500000,7.6875955e+06,812404.5,9.56
PROP-273FC454F368,Mumbai,Virar West,Apartment,1,750,4000000,3.9130042e+06,86995.75,2.17
PROP-BCBAF295B00C,Bengaluru,Malleswaram,Apartment,3,1600,12000000,1.4382208e+07,2.382208e+06,19.85
PROP-7796FCDA5A24,Pune,Shivane,Apartment,2,850,3900000,3.948395e+06,48394.75,1.24
PROP-6F2ECE75D556,Bengaluru,Magadi,Independent House,1,1450,5500000,8.055563e+06,2.555563e+06,46.46
PROP-85239FFFB8FB,Delhi,Rohini Extension,Apartment,3,1100,14200000,9.15349e+06,5.04651e+06,35.54
PROP-5EFC07C45A8B,Delhi,Ramesh Nagar,Apartment,1,446,4000000,3.3488152e+06,651184.75,16.28
PROP-293505D2AF90,Pune,Talegaon Dabhade,Apartment,2,320,1800000,1.264313e+06,535687.0,29.76
PROP-88F44135CEFF,Chennai,Anna Nagar,Independent House,2,350,10500000,2.9094842e+06,7.590516e+06,72.29
PROP-97953971FFEA,Bengaluru,Yelahanka New Town,Apartment,1,485,1900000,2.0937088e+06,193708.88,10.2
PROP-A0F31EFEC8DF,Bengaluru,Krishnarajapura,Independent House,5,2600,12500000,1.7194808e+07,4.694808e+06,37.56
PROP-8D367DA56F6F,Bengaluru,Dooravani Nagar,Independent House,3,1500,18000000,8.997667e+06,9.002333e+06,50.01
PROP-5DD5D7242B18,Delhi,Bharat Vihar,Independent House,3,333,2000000,4.293379e+06,2.293379e+06,114.67
PROP-3B7DA3FE390A,Chennai,Nemmeli,Villa,2,780,6500000,4.069257e+06,2.430743e+06,37.4
PROP-253683CEDD18,Delhi,Shahdara,Independent House,3,800,16000000,9.460784e+06,6.539216e+06,40.87
PROP-0F1ADDA1EACE,Bengaluru,Krishnarajapura,Independent House,4,2700,15500000,2.0197044e+07,4.697044e+06,30.3
PROP-6F83A6D3852B,Bengaluru,Jayanagar,Independent House,4,2100,26000000,3.0497584e+07,4.497584e+06,17.3
PROP-4008DD617BF1,Bengaluru,Yelahanka New Town,Independent House,2,1614,18600000,9.622701e+06,8.977299e+06,48.27
PROP-B9B2AAC7A639,Bengaluru,Whitefield,Apartment,2,1175,6500000,6.1353845e+06,364616.0,5.61
PROP-D1C9AD6C2BCA,Delhi,Jhilmil Colony,Apartment,2,750,3200000,4.6559725e+06,1.4559725e+06,45.5
PROP-ECCDFA70D232,Bengaluru,Gulimangala,Apartment,2,890,2700000,4.345339e+06,1.645339e+06,60.94
PROP-FF857BF81E6E,Delhi,Khajoori Khas,Apartment,3,1000,3200000,8.676787e+06,5.476787e+06,171.15
PROP-40C08E07FCFB,Bengaluru,Muneshwara Nagar,Independent House,4,1650,13800000,1.1850333e+07,1.949667e+06,14.13
PROP-F7124BC5510D,Chennai,Triplicane,Independent House,2,600,12000000,4.9799135e+06,7.0200865e+06,58.5
PROP-C9929F648956,Chennai,Thoraipakkam,Apartment,2,750,4875000,3.9064385e+06,968561.75,19.87
PROP-35665EC66C18,Chennai,Padur,Apartment,4,2200,15000000,1.3984827e+07,1.01517294e+06,6.77
PROP-8B26726BFAD8,Bengaluru,Belagumba,Apartment,3,3000,20000000,1.809274e+07,1.90726e+06,9.54
PROP-3BAAF5AB2702,Bengaluru,Rr Nagar,Apartment,2,1100,6200000,6.348805e+06,148805.0,2.4
PROP-C4659361083A,Bengaluru,Agrahara Layout,Apartment,2,1035,5000000,4.829423e+06,170577.0,3.41
PROP-782A953D5CAC,Delhi,Bali Nagar,Apartment,2,675,5500000,4.2020345e+06,1.2979655e+06,23.6
PROP-FA9BF2EA2AD3,Bengaluru,Ulsoor,Independent House,4,1800,9500000,1.7072684e+07,7.572684e+06,79.71
PROP-1873B0B346B1,Bengaluru,Malle Nalsandra,Independent House,1,600,2400000,4.021845e+06,1.621845e+06,67.58
PROP-BE658B48D25F,Bengaluru,Virupakshapura,Independent House,5,5000,35000000,2.2234552e+07,1.2765448e+07,36.47
PROP-63EE7505FDDC,Chennai,Anakaputhur,Apartment,1,575,1900000,2.5886498e+06,688649.75,36.24
PROP-4CD3B75EA120,Delhi,Dilshad Garden,Apartment,2,482,4880000,3.6594945e+06,1.2205055e+06,25.01
PROP-BAEEF8A677CE,Bengaluru,Mylasandra,Independent House,2,800,5900000,5.275123e+06,624877.0,10.59
PROP-8233A0726CA4,Bengaluru,Rk Hegde Nagar,Independent House,4,2300,15500000,1.0505243e+07,4.994757e+06,32.22
PROP-CE6A3427554C,Bengaluru,Varadharaja Nagar,Independent House,2,1200,15300000,5.8258355e+06,9.474164e+06,61.92
PROP-1773B5B0FF7C,Bengaluru,Electronic City,Villa,4,2300,8800000,1.3846359e+07,5.046359e+06,57.34
PROP-5378A3427C06,Delhi,New Ashok Nagar,Apartment,4,1650,28000000,1.8162204e+07,9.837796e+06,35.13
PROP-045AC2D368C2,Delhi,Sector 4 Rohini,Independent House,4,1400,13000000,1.1204422e+07,1.7955779e+06,13.81
PROP-E47155B6B604,Delhi,Kalkaji,Apartment,9,2565,13000000,3.826648e+07,2.526648e+07,194.36
PROP-1C92193D699B,Bengaluru,Kengeri Satellite Town,Apartment,2,850,3500000,4.161171e+06,661170.75,18.89
PROP-95EDED91622D,Chennai,Nesapakkam,Apartment,2,745,3200000,3.6458708e+06,445870.75,13.93
PROP-1F3F3DC677A9,Bengaluru,Kasturi Nagar,Apartment,2,1220,9400000,1.0740387e+07,1.340387e+06,14.26
PROP-2FBE82968F33,Delhi,Gulmohar Park,Apartment,2,1500,30000000,1.9154812e+07,1.0845188e+07,36.15
PROP-8D5552EA40FC,Bengaluru,Ramohalli,Independent House,3,1200,4600000,5.935462e+06,1.335462e+06,29.03
PROP-80747E7CD65D,Bengaluru,Annapurneshwari Nagar,Apartment,2,1165,6500000,6.137397e+06,362603.0,5.58
PROP-141C4C451E0C,Chennai,West Tambaram,Apartment,1,537,2600000,2.2858002e+06,314199.75,12.08
PROP-DBC324B4177E,Delhi,Anand Parbat,Independent House,4,2500,10000000,2.2613576e+07,1.2613576e+07,126.14
PROP-3CED2FDE8A58,Delhi,Janakpuri,Independent House,3,1200,14500000,1.5264847e+07,764848.0,5.27
PROP-FD46C175A248,Delhi,Dakshinpuri,Independent House,5,150,6000000,6.054341e+06,54341.0,0.91
PROP-A44AB0F92F57,Delhi,New Mustafabad,Independent House,6,900,13000000,1.0916434e+07,2.0835661e+06,16.03
PROP-A1FA0032D0F3,Bengaluru,Sarjapur,Apartment,3,1475,9200000,8.631049e+06,568951.0,6.18
PROP-047C3170CAC9,Chennai,Arumbakkam,Apartment,2,1050,8000000,5.259992e+06,2.740008e+06,34.25
PROP-E18AE8DBF20E,Bengaluru,Banashankari,Independent House,2,3600,24500000,1.3271845e+07,1.1228155e+07,45.83
PROP-04AD50F89D92,Bengaluru,Rayasandra,Apartment,10,11000,35000000,3.2223482e+07,2.7765158e+06,7.93
PROP-34997F2EDB2E,Bengaluru,Varadharaja Nagar,Apartment,3,1377,8000000,5.9954815e+06,2.0045185e+06,25.06
PROP-F6AF4019EE97,Delhi,Burari,Apartment,3,855,3000000,4.229728e+06,1.229728e+06,40.99
PROP-26F4E8087C87,Bengaluru,Kasavanahalli,Apartment,2,1400,9300000,8.636994e+06,663006.0,7.13
PROP-3C130E55B63F,Bengaluru,Sarjapur,Independent House,2,800,5520000,5.7119335e+06,191933.5,3.48
PROP-D49E710447AD,Chennai,Korattur,Apartment,3,1155,6300000,6.6858475e+06,385847.53,6.12
PROP-F6EF4CBFA712,Bengaluru,Attibele,Independent House,3,1700,6500000,8.0840845e+06,1.5840845e+06,24.37
PROP-CEE7DE526021,Bengaluru,Cooke Town,Villa,4,26000,23000000,3.7838412e+07,1.4838412e+07,64.51
PROP-24CBB7EFBCEF,Chennai,Puzhal,Independent House,3,2000,12200000,1.2044045e+07,155955.0,1.28
PROP-577DB5BC6FF7,Bengaluru,Anjanapura Township,Independent House,7,3000,15000000,1.335409e+07,1.6459101e+06,10.97
PROP-1B75C9C2E829,Bengaluru,Chansandra,Apartment,2,1100,5800000,5.401002e+06,398998.0,6.88
PROP-C288E69E424D,Bengaluru,Jp Nagar,Apartment,2,1000,5600000,5.4943595e+06,105640.5,1.89
PROP-27CBC63C9A14,Delhi,Patparganj,Apartment,3,1500,17500000,1.7445612e+07,54388.0,0.31
PROP-FC87BD6423DF,Delhi,Chhattarpur,Apartment,3,1250,4500000,6.957116e+06,2.457116e+06,54.6
PROP-C8E208F6009A,Bengaluru,Kothanur,Apartment,2,1200,9000000,7.111043e+06,1.8889565e+06,20.99
PROP-5BEAA167BC26,Delhi,Manglapuri,Apartment,4,2287,14000000,1.3606883e+07,393117.0,2.81
PROP-AAA6D8989B61,Delhi,Aya Nagar,Independent House,3,1354,4200000,7.651011e+06,3.451011e+06,82.17
PROP-9480C0CD57DC,Delhi,Pandav Nagar,Independent House,4,1000,4500000,1.1189108e+07,6.689109e+06,148.65
PROP-499BFC8A2429,Bengaluru,Hemmigepura,Independent House,4,3500,19500000,2.1009056e+07,1.509056e+06,7.74
PROP-1EF26093DE56,Bengaluru,Jalahalli West,Apartment,3,1757,14000000,1.2172078e+07,1.8279219e+06,13.06
PROP-7177F8BF160A,Bengaluru,Anchepalya,Apartment,3,1388,10200000,1.0354869e+07,154869.0,1.52
PROP-3C992F2F9AA5,Bengaluru,Mahadevapura,Apartment,3,1890,15500000,1.5094636e+07,405365.0,2.62
PROP-A5914486DAF1,Bengaluru,Kengeri,Apartment,2,720,4100000,4.3424145e+06,242414.5,5.91
PROP-E905984C6E7F,Bengaluru,Thirumalashettyhally,Apartment,3,1248,6800000,7.040004e+06,240004.0,3.53
PROP-DE2AEB41BFD8,Bengaluru,Bommanahalli,Independent House,2,1600,20000000,1.0291291e+07,9.708709e+06,48.54
PROP-133371EBED09,Bengaluru,Whitefield,Apartment,3,1248,6800000,8.1090705e+06,1.309071e+06,19.25
PROP-E5F16BB0D4F8,Bengaluru,Jayanagar South,Independent House,2,16000,1920000,1.0941699e+07,9.021699e+06,469.88
PROP-05B0CBFEF2FC,Bengaluru,Doddakammanahalli,Apartment,3,1415,8200000,7.1293835e+06,1.070616e+06,13.06
PROP-6A7EA85260A1,Delhi,Hari Nagar Ashram,Independent House,1,490,9500000,4.0768042e+06,5.423196e+06,57.09
PROP-EDF63CB83482,Bengaluru,Gopasandra,Villa,4,4400,27100000,3.4939656e+07,7.8396555e+06,28.93
PROP-323BB34E2E3D,Bengaluru,Whitefield,Apartment,1,733,4000000,3.9892758e+06,10724.25,0.27
PROP-8FBB34A4498F,Bengaluru,Chickpete,Independent House,5,250,13000000,6.358585e+06,6.641415e+06,51.09
PROP-4A46646C1E3C,Bengaluru,Udayagiri,Apartment,3,1530,12000000,9.52895e+06,2.47105e+06,20.59
PROP-EBF1AEE03EE8,Chennai,Thoraipakkam,Villa,3,5500,17500000,2.966744e+07,1.2167439e+07,69.53
PROP-F24437E24820,Delhi,Jhilmil Colony,Apartment,2,900,10000000,6.3287475e+06,3.6712525e+06,36.71
PROP-AF537D1D7432,Bengaluru,Basavanagudi,Apartment,5,4000,55000000,4.3851572e+07,1.1148428e+07,20.27
PROP-ABC5A3DB50CB,Delhi,Neb Sarai,Apartment,1,500,1600000,2.3734472e+06,773447.25,48.34
PROP-B612F1E63F8F,Chennai,Ambattur Industrial Estate,Apartment,2,625,5000000,4.637325e+06,362675.0,7.25
PROP-60AFF85F593F,Bengaluru,Byagadadhenahalli,Apartment,2,647,2400000,2.50267e+06,102670.0,4.28
PROP-6F36F3D95790,Bengaluru,Parappana Agrahara,Apartment,1,760,3800000,4.5156245e+06,715624.5,18.83
PROP-706F67B2ED93,Bengaluru,Kannamangala,Apartment,2,980,6500000,5.308218e+06,1.191782e+06,18.34
PROP-55A75DBFA6E0,Delhi,Malviya Nagar,Apartment,1,450,2300000,2.5358198e+06,235819.77,10.25
PROP-4DD4BA38038F,Bengaluru,Electronic City,Apartment,2,1233,5600000,5.6068145e+06,6815.0,0.12
PROP-CCCF014B0C39,Chennai,Rajakilpakkam,Apartment,2,1000,8400000,4.6375995e+06,3.7624008e+06,44.79
PROP-0322C225B890,Delhi,New Friends Colony,Independent House,7,12000,135000000,9.855826e+07,3.6441736e+07,26.99
PROP-4FE94B45EB6F,Bengaluru,Banashankari,Apartment,3,1608,13000000,1.2120832e+07,879168.0,6.76
PROP-6A03EC5C28F0,Bengaluru,Bagalur,Independent House,4,2400,9400000,1.508393e+07,5.683929e+06,60.47
PROP-74A8AC541861,Chennai,Mahindra World City,Apartment,1,624,3200000,2.788729e+06,411271.0,12.85
PROP-F9C90503CA0E,Chennai,Sembakkam,Apartment,2,880,6000000,3.5863528e+06,2.4136472e+06,40.23
PROP-4FA9CF0B3B2B,Bengaluru,Doddakannelli,Independent House,2,1200,6500000,8.394814e+06,1.8948141e+06,29.15
PROP-9FA8A866F430,Bengaluru,Medahalli,Apartment,4,2300,7500000,1.5236952e+07,7.7369525e+06,103.16
PROP-FB2E8010ECBE,Bengaluru,Dasanapura,Apartment,3,1286,8000000,8.033798e+06,33797.5,0.42
PROP-4B7F50B895A1,Bengaluru,Yelahanka,Apartment,1,595,6000000,2.8906552e+06,3.1093448e+06,51.82
PROP-4E7FBFA6E1C7,Chennai,Ayanavaram,Independent House,3,786,11000000,7.1063995e+06,3.8936008e+06,35.4
PROP-63962C10AAE2,Bengaluru,Bhoganhalli,Apartment,4,2524,18000000,3.2787476e+07,1.4787476e+07,82.15
PROP-E53EFA2D983E,Bengaluru,Wilson Garden,Apartment,2,1200,30000000,7.785079e+06,2.221492e+07,74.05
PROP-8E2BB7626A55,Delhi,Bakkarwala,Apartment,1,473,2200000,1.6942472e+06,505752.88,22.99
PROP-6DAC94B95AE5,Bengaluru,Ulsoor,Independent House,2,630,6500000,5.5818995e+06,918100.5,14.12
PROP-30EE77D5B5DF,Chennai,Mangadu,Independent House,4,1600,6000000,1.1554886e+07,5.554886e+06,92.58
PROP-327A215971A1,Bengaluru,Banaswadi,Villa,3,2100,30000000,1.778284e+07,1.221716e+07,40.72
PROP-815CBD9AED4B,Chennai,Avadi,Apartment,2,902,4100000,3.6745392e+06,425460.75,10.38
PROP-2CA492C72962,Bengaluru,Mahadevapura,Apartment,2,1175,8811000,6.7762485e+06,2.034752e+06,23.09
PROP-63F47AE16D9B,Chennai,West Mambalam,Apartment,2,620,5600000,4.267397e+06,1.332603e+06,23.8
PROP-A4534227E91F,Bengaluru,Kengeri,Apartment,3,1390,6900000,7.610172e+06,710172.0,10.29
PROP-F3B65786EBC9,Bengaluru,Aivarkhandpur,Apartment,1,800,5000000,4.511841e+06,488159.0,9.76
PROP-C360B586390A,Bengaluru,Kacharakanahalli,Independent House,10,1400,32500000,1.8960236e+07,1.3539764e+07,41.66
PROP-89D93F1C6E33,Bengaluru,Hampapura,Independent House,5,4200,12000000,2.6527354e+07,1.4527356e+07,121.06
PROP-1A2D6E10EE4D,Bengaluru,Rayasandra,Independent House,1,450,3022000,2.6703512e+06,351648.75,11.64
PROP-BB0116691ADF,Bengaluru,Vidyaranyapura,Apartment,2,1210,6400000,7.537732e+06,1.137732e+06,17.78
PROP-CD77A0E36207,Bengaluru,Azad Nagar,Independent House,6,4400,22000000,2.1359932e+07,640068.0,2.91
PROP-6AE6E36E8191,Bengaluru,Electronic City,Apartment,2,1070,4200000,3.932379e+06,267621.25,6.37
PROP-48B87A01E645,Bengaluru,Sarjapur,Independent House,2,800,5480000,5.69423e+06,214229.5,3.91
PROP-CA8A6C75EFF4,Bengaluru,Soladevanahalli,Independent House,7,2400,7800000,1.2562678e+07,4.762678e+06,61.06
PROP-7307DB4462A5,Bengaluru,Somasundarapalya,Apartment,3,1740,9000000,1.0642728e+07,1.642728e+06,18.25
PROP-E0330B711376,Bengaluru,Gunjur Palya,Apartment,2,1215,7100000,7.8761105e+06,776111.06,10.93
PROP-F4D099DFF4D0,Bengaluru,Vibhutipura,Apartment,3,1340,12500000,7.876802e+06,4.623198e+06,36.99
PROP-75F9A5EE1F92,Delhi,Madanpur Khadar,Independent House,1,1500,2000000,4.4426665e+06,2.4426665e+06,122.13
PROP-6F1E482853A4,Bengaluru,Mathikere,Independent House,6,1800,20600000,1.5782364e+07,4.817636e+06,23.39
PROP-0DB3DDFD9FBC,Bengaluru,Jeevanbheemanagar,Villa,1,630,1800000,3.6258948e+06,1.8258948e+06,101.44
PROP-20F9393C5B79,Chennai,Saligramam,Apartment,2,1100,8950000,8.69307e+06,256930.0,2.87
PROP-4DEE77BAA129,Delhi,Sector 17 Rohini,Independent House,5,150,6500000,5.6312565e+06,868744.0,13.37
PROP-A69789E00995,Delhi,Mundka,Independent House,2,225,450000,1.2715815e+06,821581.5,182.57
PROP-F90712164098,Chennai,Valasaravakkam,Independent House,2,1302,14500000,9.179944e+06,5.320056e+06,36.69
PROP-80E49D57D131,Bengaluru,Yeshwanthpur,Independent House,6,2000,7500000,1.5830904e+07,8.3309045e+06,111.08
PROP-DF47A905796B,Chennai,Pudupakkam,Apartment,3,1064,4100000,4.556274e+06,456274.0,11.13
PROP-6CB6B102556C,Chennai,Kelambakkam,Apartment,1,462,2475000,2.2915405e+06,183459.5,7.41
PROP-23F197840182,Delhi,Khajoori Khas,Independent House,2,225,2400000,2.1566278e+06,243372.23,10.14
PROP-A74166BFD422,Chennai,Nungambakkam,Apartment,3,1658,26000000,1.4493765e+07,1.1506235e+07,44.25
PROP-49F75168D35F,Bengaluru,Konanakunte,Independent House,2,1050,7500000,6.7164015e+06,783598.5,10.45
PROP-52EC341F6A3B,Bengaluru,Thammenahalli Village,Apartment,1,390,1250000,1.898801e+06,648801.0,51.9
PROP-21A4CEA38FC7,Bengaluru,Padmanabhanagar,Independent House,8,1200,25000000,1.429513e+07,1.070487e+07,42.82
PROP-BE2A58E55014,Bengaluru,Murugeshpalya,Apartment,2,900,5000000,5.8283975e+06,828397.5,16.57
PROP-1EF2EA823861,Chennai,Thiruvallur,Independent House,3,2340,4000000,1.2309007e+07,8.3090065e+06,207.73
PROP-E07AEAA4637A,Bengaluru,Hosahalli,Independent House,4,700,8500000,7.1060465e+06,1.393953e+06,16.4
PROP-F579CC4B31EF,Bengaluru,T Dasarahalli,Independent House,4,4600,18000000,3.0898132e+07,1.2898132e+07,71.66
PROP-24BEBE7D0051,Bengaluru,Electronic City Phase Ii,Independent House,3,1500,6000000,7.229973e+06,1.229973e+06,20.5
PROP-6B710EF3E33D,Bengaluru,Yelahanka,Villa,5,4350,51000000,2.92319e+07,2.17681e+07,42.68
PROP-ED282A90561A,Delhi,Old Delhi,Independent House,7,900,6000000,1.0604512e+07,4.604512e+06,76.74
PROP-B28B970D1C56,Chennai,Padur,Apartment,2,1121,6000000,5.59873e+06,401269.53,6.69
PROP-EB70ADED95C3,Delhi,Khera Khurd,Apartment,2,330,1400000,1.4016896e+06,1689.62,0.12
PROP-FADF7788D583,Delhi,Pandav Nagar,Apartment,1,405,2100000,2.6901325e+06,590132.5,28.1
PROP-603DF0DC0148,Chennai,Veppampattu,Independent House,2,1200,3330000,5.260168e+06,1.930168e+06,57.96
PROP-6A4739EA54F0,Delhi,Sector 16 Rohini,Villa,2,560,5100000,4.7220015e+06,377998.47,7.41
PROP-14FBC523597F,Bengaluru,Devarachikkana Halli,Apartment,2,804,3600000,3.992591e+06,392591.0,10.91
PROP-492B0398D20E,Delhi,Dilshad Garden,Apartment,2,630,5200000,4.377616e+06,822384.0,15.82
PROP-E919AB07064B,Delhi,Shahdara,Villa,3,474,80000000,5.02969e+06,7.497031e+07,93.71
PROP-2778DA3A4FDD,Delhi,Sector 34 Rohini,Apartment,1,297,1450000,1.8653932e+06,415393.25,28.65
PROP-7F7AAB994968,Bengaluru,Begur,Apartment,2,1200,5100000,6.4414515e+06,1.3414515e+06,26.3
PROP-53A08B7E09D2,Delhi,Sangam Vihar,Apartment,2,650,2550000,3.7212378e+06,1.1712378e+06,45.93
PROP-84093EF02E9F,Bengaluru,Hsr Layout,Apartment,2,1172,6285000,6.7473395e+06,462339.53,7.36
PROP-662B88CEE6B4,Chennai,Perambur,Independent House,10,1200,18000000,1.7359476e+07,640524.0,3.56
PROP-3A4347158642,Chennai,Tharapakkam,Villa,2,800,4500000,4.4646295e+06,35370.5,0.79
PROP-08619B667B85,Delhi,Moti Nagar,Apartment,2,720,5000000,6.727004e+06,1.727004e+06,34.54
PROP-66F355A19CA3,Delhi,Subhash Nagar,Apartment,1,410,2650000,2.6427568e+06,7243.25,0.27
PROP-99D79ED4424B,Delhi,Mayur Vihar Phase 1,Apartment,2,700,9000000,5.127307e+06,3.872693e+06,43.03
PROP-E655FD5552A3,Chennai,Poonamallee,Apartment,2,900,5300000,4.36852e+06,931480.0,17.58
PROP-08AEF5A9D481,Chennai,Mogappair,Villa,3,1250,7500000,1.0978365e+07,3.478366e+06,46.38
PROP-60CCE70BDE56,Chennai,Singaperumal Koil,Apartment,2,645,2700000,2.6573365e+06,42663.5,1.58
PROP-9DBED7EC7517,Bengaluru,Subramanyapura,Apartment,3,1603,11700000,1.1529349e+07,170651.0,1.46
PROP-F051A5B0C344,Bengaluru,Kambipura,Apartment,3,1082,6200000,6.00391e+06,196090.5,3.16
PROP-885EC1E50789,Bengaluru,Sunkalpalya,Apartment,2,1150,5400000,5.765595e+06,365595.0,6.77
PROP-51E9A0713C15,Bengaluru,Bommanahalli,Independent House,3,950,12000000,7.654076e+06,4.345924e+06,36.22
PROP-E3192A20A0F8,Delhi,Shalimar Bagh,Apartment,2,900,12000000,1.1682866e+07,317134.0,2.64
PROP-F3FAA251AFC1,Delhi,Rajouri Garden,Independent House,10,4000,42500000,4.7903724e+07,5.403724e+06,12.71
PROP-C194DFE317D3,Chennai,Tiruvottiyur,Independent House,2,1800,11000000,1.116585e+07,165850.0,1.51
PROP-B358AA3DD844,Bengaluru,Rmv Extension Stage 2,Apartment,2,1550,9200000,1.3737268e+07,4.537269e+06,49.32
PROP-A07B6F0076A7,Chennai,Kk Nagar,Apartment,4,2100,21000000,1.9714772e+07,1.285228e+06,6.12
PROP-1B316545C9B6,Bengaluru,Kadubeesanahalli,Apartment,2,1200,9000000,7.3334705e+06,1.6665295e+06,18.52
PROP-C1335E511393,Bengaluru,Thirumalashettyhally,Independent House,5,1220,9300000,1.4243908e+07,4.943908e+06,53.16
PROP-3ED9BAC50DA3,Bengaluru,Mattanahalli,Apartment,2,1200,4500000,6.1095705e+06,1.6095705e+06,35.77
PROP-7DAE05C35B49,Bengaluru,Kaggalipura,Independent House,3,3900,13500000,2.3916244e+07,1.0416244e+07,77.16
PROP-334EEC6BA046,Bengaluru,Rayasandra,Independent House,9,5500,20000000,2.4294072e+07,4.294072e+06,21.47
PROP-CD2428843018,Bengaluru,Yeshwanthpur,Independent House,1,348,2500000,3.069323e+06,569322.75,22.77
PROP-827C7186A57C,Chennai,Kk Nagar,Independent House,2,1011,12500000,9.797399e+06,2.702601e+06,21.62
PROP-57D7E7126783,Chennai,Chromepet,Apartment,1,535,3000000,2.5125085e+06,487491.53,16.25
PROP-EDE086559E7D,Bengaluru,Kengeri Satellite Town,Apartment,2,1100,4700000,5.539866e+06,839866.0,17.87
PROP-AFA0194356E0,Chennai,Veppampattu,Independent House,2,900,3700000,3.719907e+06,19907.0,0.54
PROP-C8F23A889638,Delhi,Sant Nagar,Apartment,2,450,1700000,1.6749429e+06,25057.12,1.47
PROP-3D5DAACB3A3B,Delhi,Sector 18 Rohini,Apartment,2,750,11000000,7.4480965e+06,3.5519032e+06,32.29
PROP-D62E1A033A1D,Bengaluru,Chickpete,Independent House,2,680,25000000,5.399941e+06,1.960006e+07,78.4
PROP-CDA0D9C57C23,Bengaluru,Varadharaja Nagar,Apartment,3,1200,6000000,5.024062e+06,975938.0,16.27
PROP-9B0452D3DE3D,Bengaluru,Jalahalli,Independent House,2,1200,5500000,9.289288e+06,3.789288e+06,68.9
PROP-1882F56DC76C,Bengaluru,Hampapura,Independent House,4,2800,57500000,2.1496524e+07,3.6003476e+07,62.61
PROP-C337EF56DCBC,Bengaluru,Jayamahal,Villa,4,3500,62500000,2.7251544e+07,3.5248456e+07,56.4
PROP-A6E8C948EB02,Delhi,Suraj Vihar,Apartment,3,1100,4500000,6.2739775e+06,1.7739775e+06,39.42
PROP-45AC659C4EE0,Bengaluru,Jakkur,Apartment,4,4895,40000000,4.86056e+07,8.6056e+06,21.51
PROP-47AC877D03EE,Bengaluru,Hulimavu,Apartment,2,1100,5600000,5.48161e+06,118390.0,2.11
PROP-EF3C4A4D064C,Chennai,Pozhichalur,Villa,5,3400,22500000,1.9821628e+07,2.678372e+06,11.9
PROP-6BD71451B2F3,Chennai,Perumanttunallur,Apartment,1,486,2100000,2.276448e+06,176448.0,8.4
PROP-0D1D8D68BC20,Bengaluru,Hoodi,Apartment,2,1208,14000000,7.758412e+06,6.241588e+06,44.58
PROP-4291897BA1A2,Bengaluru,Bellahalli,Apartment,4,2030,18500000,1.3023587e+07,5.476413e+06,29.6
PROP-F57D7E251EC9,Bengaluru,Bommasandra,Apartment,2,800,3500000,3.4490735e+06,50926.5,1.46
PROP-E05D72378253,Bengaluru,Rainbow Garden Layout,Independent House,4,5500,9500000,3.892956e+07,2.942956e+07,309.78
PROP-A19C8B44B592,Delhi,Burari,Independent House,1,245,1875000,1.9305835e+06,55583.5,2.96
PROP-6898C5489F27,Delhi,Tilak Nagar,Independent House,2,500,4500000,4.1346712e+06,365328.75,8.12
PROP-9168BEDEC251,Bengaluru,Bommasandra,Apartment,2,827,3600000,3.5419315e+06,58068.5,1.61
PROP-F431A8E911DA,Chennai,Choolaimedu,Independent House,8,3000,19000000,2.0356928e+07,1.356928e+06,7.14
PROP-6C45267C9C3F,Chennai,Avadi,Independent House,3,1400,6500000,8.106535e+06,1.606535e+06,24.72
PROP-FF3363401EE2,Bengaluru,Thirumagondanahalli,Apartment,2,840,2800000,3.2961512e+06,496151.53,17.72
PROP-90FB2529C61D,Bengaluru,Anjanapura Township,Independent House,6,3300,15000000,1.4709743e+07,290257.0,1.94
PROP-6F9315E57409,Bengaluru,Kumaraswamy Layout,Apartment,2,1100,5500000,6.2581775e+06,758177.5,13.79
PROP-BDA369CBAE67,Bengaluru,Varthur,Villa,2,1200,5399000,6.5222995e+06,1.1232995e+06,20.81
PROP-921692A28E8B,Chennai,Rajakilpakkam,Apartment,1,510,3000000,2.2634895e+06,736510.5,24.55
PROP-17AD810F2E44,Bengaluru,Byagadadhenahalli,Apartment,2,614,2200000,2.2166252e+06,16625.25,0.76
PROP-AF893FFA4C06,Chennai,Veppampattu,Villa,2,888,3850000,3.5287452e+06,321254.75,8.34
PROP-B78CB6FA8318,Delhi,Mundka,Apartment,2,675,2300000,2.097548e+06,202452.0,8.8
PROP-EDC70323BFBE,Bengaluru,Doddaballapura,Independent House,1,9600,30000000,1.5511624e+07,1.4488376e+07,48.29
PROP-B1219DDD10D6,Chennai,Vallakkottai,Villa,3,1497,9900000,8.615966e+06,1.284034e+06,12.97
PROP-879269C215CD,Delhi,Sant Nagar,Independent House,5,1143,13000000,8.554152e+06,4.445848e+06,34.2
PROP-8C3CEA495C26,Bengaluru,Nelamangala,Independent House,4,2400,30000000,1.1411732e+07,1.8588268e+07,61.96
PROP-FC2008100E33,Bengaluru,Mallathahalli,Apartment,2,770,3200000,4.9964965e+06,1.7964965e+06,56.14
PROP-8646D64D4C66,Bengaluru,Vittasandra,Villa,5,1200,13000000,1.4822794e+07,1.8227939e+06,14.02
PROP-06A353B7CC75,Chennai,Oragadam Sriperambattur,Apartment,4,2350,11500000,1.4581609e+07,3.081609e+06,26.8
PROP-034D7A0B20C3,Bengaluru,Hoskote,Independent House,8,1980,17000000,1.0663108e+07,6.336892e+06,37.28
PROP-53540A0F8A78,Chennai,Kadambathur,Independent House,1,650,1950000,3.1609302e+06,1.2109302e+06,62.1
PROP-FFFE87A3E212,Delhi,Shahdara,Independent House,8,1337,32000000,1.9122868e+07,1.2877132e+07,40.24
PROP-BCA51229B6B8,Delhi,Madangir,Apartment,1,500,2000000,2.7544185e+06,754418.5,37.72
PROP-BA7E08E6CC86,Bengaluru,Sarjapur,Villa,3,1720,8000000,1.1036564e+07,3.0365638e+06,37.96
PROP-DD9F4263FFD2,Delhi,Sector 13 Rohini,Apartment,4,1500,27500000,2.067762e+07,6.82238e+06,24.81
PROP-5FD4DDB5BEC6,Chennai,Thandalam,Apartment,3,911,5111000,3.9073882e+06,1.2036118e+06,23.55
PROP-6327C73AD39E,Bengaluru,Thyvakanahally,Villa,4,3418,29000000,1.7977228e+07,1.1022772e+07,38.01
PROP-C957CB3318D7,Chennai,Oragadam Sriperambattur,Apartment,2,760,4500000,2.9563478e+06,1.5436524e+06,34.3
PROP-044AB85B66BD,Delhi,Sector 18 Rohini,Apartment,2,950,9200000,1.0663006e+07,1.4630061e+06,15.9
PROP-CF35A6139A44,Delhi,Geeta Colony,Apartment,4,1700,22500000,1.7515796e+07,4.984204e+06,22.15
PROP-4F0E96BC6A10,Bengaluru,Maruthi Nagar,Apartment,3,1305,11000000,7.0813685e+06,3.918632e+06,35.62
PROP-EF8691C619D5,Chennai,Mogappair,Independent House,4,1836,8000000,1.8457228e+07,1.0457228e+07,130.72
PROP-43FB870147E7,Bengaluru,Chandra Layout Extension,Independent House,6,1350,49500000,1.8277824e+07,3.1222174e+07,63.08
PROP-DF7C726B28A7,Bengaluru,Hennur,Independent House,3,2000,95000000,1.0529255e+07,8.4470744e+07,88.92
PROP-88F1E25B4D19,Delhi,Krishna Nagar,Independent House,3,1002,5500000,1.2016074e+07,6.516074e+06,118.47
PROP-C32AF10052CD,Chennai,Thiruvanmiyur,Villa,5,5050,69000000,7.052514e+07,1.525136e+06,2.21
PROP-244A8ACB4D16,Chennai,Iyyapa Nagar,Independent House,3,1200,5400000,5.7824225e+06,382422.47,7.08
PROP-EDC3642869B7,Delhi,Bharthal,Apartment,1,450,2100000,2.1862112e+06,86211.25,4.11
PROP-2B2D243FDB15,Bengaluru,Kudlu,Apartment,3,1309,6600000,7.337262e+06,737262.0,11.17
PROP-BE244155119D,Delhi,Shastri Nagar,Independent House,3,1180,21000000,1.3983227e+07,7.016773e+06,33.41
PROP-5293DC90EAF3,Bengaluru,Rmv Extension Stage 2,Apartment,2,1010,5500000,8.287379e+06,2.787379e+06,50.68
PROP-537F15EF00EF,Bengaluru,Thanisandra,Apartment,2,1917,14000000,1.3466506e+07,533494.0,3.81
PROP-4CE62A4B211E,Delhi,Jahangirpuri,Independent House,4,1658,19900000,9.904931e+06,9.995069e+06,50.23
PROP-A136638701BD,Chennai,Urapakkam,Apartment,2,953,3800000,3.9208412e+06,120841.25,3.18
PROP-389AD560221A,Bengaluru,Shivaji Nagar,Independent House,9,640,11000000,1.2563014e+07,1.5630141e+06,14.21
PROP-0A5F5FFB79DE,Bengaluru,Hampapura,Apartment,2,1091,3800000,5.5677575e+06,1.7677575e+06,46.52
PROP-1BE958EEC39E,Chennai,Pammal,Apartment,1,498,2500000,2.3567068e+06,143293.25,5.73
PROP-8BAF2BEE0263,Bengaluru,Mallapur,Independent House,2,3600,16000000,1.4222217e+07,1.777783e+06,11.11
PROP-3A511FF02179,Bengaluru,Bangalore City Municipal Corporation Layout,Apartment,3,1507,10500000,9.780204e+06,719796.0,6.86
PROP-7D8D065FA8EF,Bengaluru,Tharabanahalli,Villa,4,2717,17500000,2.1533868e+07,4.0338682e+06,23.05
PROP-B68DD5AC1AF2,Delhi,Bharthal,Apartment,2,270,2700000,1.7945112e+06,905488.9,33.54
PROP-426304652951,Bengaluru,Sivanchetti Gardens,Apartment,2,975,10000000,4.7861315e+06,5.2138685e+06,52.14
PROP-B04B4B568E69,Bengaluru,Anekal,Villa,4,2400,15000000,1.044359e+07,4.55641e+06,30.38
PROP-58E6F72FD497,Delhi,Dwarka Mor,Apartment,2,800,6000000,3.1404082e+06,2.8595918e+06,47.66
PROP-F5B2923FF5D2,Delhi,Burari,Apartment,3,1000,4000000,4.3729675e+06,372967.53,9.32
PROP-DEC084B63D73,Bengaluru,Mailasandra,Apartment,2,1165,5100000,5.780973e+06,680972.5,13.35
PROP-7B922B4822CC,Delhi,Adarsh Nagar,Independent House,8,1350,4000000,3.0604048e+07,2.6604048e+07,665.1
PROP-9AB364256979,Bengaluru,Srinivasa Nagar,Apartment,2,1100,7200000,5.6737615e+06,1.526239e+06,21.2
PROP-389B102B35F5,Delhi,Chirag Dilli,Apartment,3,1400,15000000,9.841675e+06,5.158325e+06,34.39
PROP-5D861391E50B,Bengaluru,Bisuvanahalli,Apartment,3,1075,9000000,4.24321e+06,4.75679e+06,52.85
PROP-97FF862E203A,Bengaluru,Gb Palya,Independent House,10,2100,18000000,1.8315024e+07,315024.0,1.75
PROP-B8308072DC3F,Bengaluru,Bilekahalli,Apartment,2,1222,10500000,8.770957e+06,1.729043e+06,16.47
PROP-86376275ABDA,Bengaluru,Bikasipura,Apartment,2,1000,6000000,5.37875e+06,621250.0,10.35
PROP-AC4A9B5668B4,Delhi,Nangloi,Independent House,5,2070,63000000,1.0751066e+07,5.2248936e+07,82.93
PROP-A1BA15A56A8B,Bengaluru,Abbigere,Independent House,2,1500,7000000,7.5831345e+06,583134.5,8.33
PROP-57EC3C0CAB0B,Delhi,Okhla,Apartment,5,2674,26000000,2.1839004e+07,4.1609958e+06,16.0
PROP-ADA6EA3E0B0E,Bengaluru,Koramangala,Apartment,3,2277,32000000,3.4347092e+07,2.347092e+06,7.33
PROP-731A2F56E657,Delhi,Sultanpur,Apartment,1,585,3500000,3.6510728e+06,151072.5,4.32
PROP-33CA6709529B,Delhi,Sector 25 Rohini,Apartment,3,1300,24000000,1.3791535e+07,1.0208465e+07,42.54
PROP-EC1D51D84FCC,Chennai,Pallavaram,Independent House,2,763,15000000,4.7486545e+06,1.0251346e+07,68.34
PROP-5EAA49581593,Delhi,Mayur Vihar Phase 1,Independent House,2,445,2700000,4.1528455e+06,1.4528455e+06,53.81
PROP-6F2660E1E5ED,Bengaluru,Begur,Independent House,5,600,8200000,9.124206e+06,924206.0,11.27
PROP-3B42B34247C3,Delhi,Dilshad Garden,Apartment,1,450,3400000,3.153541e+06,246458.77,7.25
PROP-11EB377AB0C7,Bengaluru,Harohalli,Apartment,2,955,3819000,4.4324885e+06,613488.5,16.06
PROP-EC1C69A67D20,Bengaluru,Mylasandra,Independent House,8,1400,20000000,1.9476504e+07,523496.0,2.62
PROP-B0FE0DD0CB3C,Delhi,Mansarover Garden,Apartment,3,2430,20000000,1.9486316e+07,513684.0,2.57
PROP-97A38F091DC9,Delhi,Vishnu Garden,Independent House,3,1800,48000000,1.6810944e+07,3.1189056e+07,64.98
PROP-E15816D91021,Chennai,Kilpauk,Independent House,6,2500,25000000,2.6648456e+07,1.648456e+06,6.59
PROP-E7641CA5BDDE,Delhi,Madhu Vihar,Independent House,2,720,3700000,4.828424e+06,1.128424e+06,30.5
PROP-46DD05416648,Bengaluru,Kartik Nagar,Independent House,4,5600,25000000,3.4241256e+07,9.241256e+06,36.97
PROP-B18F0A366BEC,Bengaluru,Rt Nager,Independent House,3,1100,20000000,9.395561e+06,1.0604439e+07,53.02
PROP-AAB30FD073E0,Delhi,Model Town,Independent House,5,3500,30000000,3.552719e+07,5.5271925e+06,18.42
PROP-E7368E0625D6,Bengaluru,Parappana Agrahara,Independent House,8,5000,19000000,2.5847936e+07,6.847936e+06,36.04
PROP-D8C96099397F,Bengaluru,Makali,Apartment,1,500,1200000,2.0063121e+06,806312.2,67.19
PROP-D2BEFF90081A,Bengaluru,Gunjur Village,Apartment,2,1216,14000000,7.5635545e+06,6.4364455e+06,45.97
PROP-F494730E28A9,Bengaluru,Jeevanbheemanagar,Apartment,2,965,6500000,3.691349e+06,2.808651e+06,43.21
PROP-66DA886E4554,Bengaluru,Gunjur,Apartment,1,470,2200000,2.3163092e+06,116309.25,5.29
PROP-2588D57E3F08,Bengaluru,Shivaji Nagar,Independent House,5,5500,137500000,4.8554544e+07,8.894546e+07,64.69
PROP-B5A1E1497BDC,Bengaluru,Neelasandra,Independent House,2,600,1600000,2.8864102e+06,1.2864102e+06,80.4
PROP-46EEF5F879C0,Delhi,Mayur Vihar Phase 1,Independent House,4,1800,14500000,1.4708312e+07,208312.0,1.44
PROP-A86B36358206,Bengaluru,Bidadi,Independent House,1,1000,5500000,5.87047e+06,370470.0,6.74
PROP-5D96A57E2A7C,Bengaluru,Kumaraswamy Layout,Independent House,5,5000,12500000,4.141675e+07,2.8916752e+07,231.33
PROP-45A7D957EEEA,Bengaluru,Chandapura,Villa,3,2500,13900000,1.5399427e+07,1.499427e+06,10.79
PROP-941B220C35BC,Bengaluru,Seegehalli,Independent House,3,1200,4500000,9.565461e+06,5.065461e+06,112.57
PROP-E88076D970F7,Bengaluru,Laxmipura,Independent House,4,2100,24900000,1.4164284e+07,1.0735716e+07,43.12
PROP-5E1A8D49AF54,Delhi,Dallupura,Apartment,2,1050,8500000,9.005067e+06,505067.0,5.94
PROP-17308953B31E,Bengaluru,Chichuraganapalli,Apartment,3,1399,3500000,8.306187e+06,4.806187e+06,137.32
PROP-B3A302861C58,Bengaluru,Chikkalasandra,Apartment,2,960,4500000,4.772544e+06,272544.0,6.06
PROP-B2361C1ABE9B,Chennai,Madambakkam,Apartment,3,1320,7500000,7.215859e+06,284141.0,3.79
PROP-0CF405B80BB2,Bengaluru,Parappana Agrahara,Apartment,8,8000,15000000,3.5529836e+07,2.0529836e+07,136.87
PROP-3C95DF87A297,Bengaluru,Jakkur,Apartment,3,1397,7000000,1.2135962e+07,5.135961e+06,73.37
PROP-AA441C9659B2,Delhi,Subzi Mandi,Independent House,2,1125,6500000,7.4247215e+06,924721.5,14.23
PROP-E38BEB8EC5C0,Bengaluru,Sg Palya,Independent House,10,3525,60000000,2.2151756e+07,3.7848244e+07,63.08
PROP-DF60A9405CA5,Bengaluru,Kadugondanahalli,Apartment,2,2800,8800000,6.8279035e+06,1.9720965e+06,22.41
PROP-EB165B2603B3,Bengaluru,Chikbanavara,Apartment,2,1081,4700000,5.387421e+06,687420.94,14.63
PROP-F72BAAA45BAD,Delhi,Badarpur,Independent House,10,2700,10000000,1.3575154e+07,3.575154e+06,35.75
PROP-DCECF4C06F43,Delhi,Jasola,Independent House,2,194,1000000,1.1441598e+06,144159.75,14.42
PROP-572CC45E00A7,Delhi,Mahipalpur,Apartment,2,1000,3000000,4.0226698e+06,1.02266975e+06,34.09
PROP-B089FFF823FC,Bengaluru,Hongasandra,Independent House,2,1200,22000000,8.2959985e+06,1.3704003e+07,62.29
PROP-9482FE5103CD,Chennai,Avadi,Apartment,2,661,2650000,2.9137828e+06,263782.75,9.95
PROP-A89D3693457E,Chennai,West Tambaram,Apartment,1,580,2686000,2.5261578e+06,159842.25,5.95
PROP-3C3E3A1482E3,Bengaluru,Rajajinagar,Apartment,3,1200,5500000,1.0660871e+07,5.160871e+06,93.83
PROP-8AD7E6E843B7,Chennai,Varadharajapuram,Apartment,2,840,4000000,3.9168835e+06,83116.5,2.08
PROP-0FD4DF4E3852,Bengaluru,Varanasi,Independent House,6,2800,9000000,2.05232e+07,1.15232e+07,128.04
PROP-CF7D6A4DF2E0,Bengaluru,Anantapura,Apartment,3,1547,9000000,9.408885e+06,408885.0,4.54
PROP-AC4FE8CFA13F,Delhi,Pandav Nagar,Apartment,1,585,4500000,3.6526118e+06,847388.0,18.83
PROP-B1D5055D16F0,Delhi,Samay Pur,Independent House,3,534,5800000,4.8166915e+06,983308.5,16.95
PROP-EA4E6AE54F50,Chennai,Chettipunyam,Apartment,1,734,3000000,2.7257108e+06,274289.25,9.14
PROP-E19F9BAD3AE8,Delhi,Sector 27 Dwarka,Apartment,3,1550,6200000,1.2533574e+07,6.333575e+06,102.15
PROP-641E643FE294,Bengaluru,Kaval Bairasandra,Apartment,3,1450,7000000,7.3859775e+06,385977.53,5.51
PROP-2A8DEF7A3A35,Bengaluru,Mattanahalli,Apartment,2,1131,8000000,5.8855885e+06,2.1144115e+06,26.43
PROP-D03284431B92,Bengaluru,Sg Palya,Apartment,3,2150,15000000,1.4627292e+07,372708.0,2.48
PROP-E30D985EB363,Bengaluru,Vidyaranyapura,Independent House,2,2144,12000000,1.1656801e+07,343199.0,2.86
PROP-2D7AE14D42D3,Chennai,Kayarambedu,Apartment,2,766,2000000,3.984557e+06,1.9845572e+06,99.23
PROP-320E741DFF6C,Delhi,Mahavir Enclave,Independent House,10,3500,9000000,1.2273443e+07,3.273443e+06,36.37
PROP-9640F6004261,Chennai,Valasaravakkam,Apartment,2,1100,7500000,6.5374575e+06,962543.06,12.83
PROP-C0582A2C5621,Bengaluru,Brookefield,Apartment,2,1142,9500000,6.574677e+06,2.925323e+06,30.79
PROP-D2D1C1A3962B,Bengaluru,Gb Palya,Apartment,2,1120,8500000,6.114122e+06,2.3858775e+06,28.07
PROP-381795E8E25A,Bengaluru,Electronic City Phase Ii,Apartment,3,1389,9950000,8.681091e+06,1.268909e+06,12.75
PROP-68CE38E84140,Bengaluru,Kudlu Gate,Apartment,3,1766,19000000,1.3032831e+07,5.9671695e+06,31.41
PROP-ECBEB890E686,Delhi,Nilothi,Independent House,2,450,2000000,2.3534008e+06,353400.75,17.67
PROP-048409EBAB0F,Chennai,Korattur,Villa,3,1800,15000000,1.371214e+07,1.287861e+06,8.59
PROP-C7604EBC7C71,Bengaluru,Nimbekaipura,Apartment,3,1500,8499000,8.928055e+06,429055.0,5.05
PROP-59377D614B67,Delhi,Mayur Vihar Ii,Independent House,3,250,5000000,3.6145672e+06,1.3854328e+06,27.71
PROP-FACEF0CDBC40,Bengaluru,Volagerekallahalli,Apartment,2,1200,6000000,6.1556095e+06,155609.5,2.59
PROP-9BD8D7FC0338,Bengaluru,Sorahunase,Apartment,2,1140,6200000,4.6017945e+06,1.5982055e+06,25.78
PROP-DE375B3B7AB8,Chennai,Adhanur,Apartment,2,1200,5500000,6.8483345e+06,1.348335e+06,24.52
PROP-8A786F10EA58,Bengaluru,Jalahalli West,Apartment,1,430,1500000,2.252722e+06,752722.0,50.18
PROP-96358EF80DE7,Bengaluru,Mathikere,Villa,4,1200,10000000,1.4562098e+07,4.562098e+06,45.62
PROP-30109E081BB1,Delhi,Laxmi Nagar,Independent House,10,2000,50000000,3.0927376e+07,1.9072624e+07,38.15
PROP-5905BF0E5C9C,Bengaluru,Vakil Garden City,Apartment,2,1340,8000000,7.7080335e+06,291966.5,3.65
PROP-BC8330249A03,Bengaluru,Hennur,Apartment,3,1575,11500000,8.484394e+06,3.015606e+06,26.22
PROP-F74E2E3DDDF5,Bengaluru,Kaggadasapura,Apartment,2,1080,5700000,4.765649e+06,934351.06,16.39
PROP-A3B108569EF6,Bengaluru,Chikkalasandra,Independent House,7,600,12500000,9.151692e+06,3.3483078e+06,26.79
PROP-26AB82C2003D,Chennai,Oragadam Ambattur,Apartment,1,695,2600000,3.5947905e+06,994790.25,38.26
PROP-D121AA0C3AAA,Delhi,Sagar Pur,Independent House,4,400,5500000,5.8134975e+06,313497.5,5.7
PROP-109383D097A9,Chennai,Ambattur Industrial Estate,Apartment,2,1052,8400000,6.2905435e+06,2.1094565e+06,25.11
PROP-92F43CDD0D1D,Bengaluru,Kadugondanahalli,Independent House,5,750,5700000,8.079175e+06,2.379175e+06,41.74
PROP-6B359A4000AA,Delhi,Sector 18 Rohini,Independent House,2,519,7000000,6.391202e+06,608798.0,8.7
PROP-0E9D0052547F,Bengaluru,Electronic City,Apartment,2,865,3800000,3.0863238e+06,713676.25,18.78
PROP-FE13381AD603,Delhi,Jangpura,Apartment,3,900,6300000,7.360151e+06,1.060151e+06,16.83
PROP-E51D406F01ED,Bengaluru,Jigani,Independent House,8,5000,15000000,1.1901117e+07,3.098883e+06,20.66
PROP-CFFB76DF842B,Delhi,Shahdara,Independent House,6,621,14500000,9.66392e+06,4.83608e+06,33.35
PROP-38E38E927DA9,Bengaluru,Shanti Nagar,Independent House,5,2205,60000000,2.873778e+07,3.126222e+07,52.1
PROP-D24EA453C26F,Bengaluru,Marathahalli,Apartment,3,1410,8460000,1.179495e+07,3.33495e+06,39.42
PROP-25935D655E1C,Delhi,Najafgarh,Apartment,2,450,3000000,2.2678325e+06,732167.5,24.41
PROP-F261181B1A0D,Bengaluru,K Channasandra,Independent House,2,765,6500000,5.2168195e+06,1.2831805e+06,19.74
PROP-57C4B72A2360,Bengaluru,Chikkalasandra,Apartment,2,875,4300000,4.1811678e+06,118832.25,2.76
PROP-55AF5D58549F,Bengaluru,Sunkalpalya,Apartment,1,502,2500000,2.7438655e+06,243865.77,9.75
PROP-ECBDF559A09C,Bengaluru,Bande Kodigehalli,Independent House,3,2460,12000000,1.6256445e+07,4.256445e+06,35.47
PROP-59CBC1D6774B,Delhi,Mayur Vihar Phase 1,Apartment,4,1553,22000000,1.4800589e+07,7.199411e+06,32.72
PROP-B39E7CE75F60,Bengaluru,Gandhi Nagar,Apartment,2,798,8800000,4.6030365e+06,4.1969635e+06,47.69
PROP-D2C0908B935D,Delhi,Sector 9 Rohini,Apartment,3,1550,28000000,2.003494e+07,7.96506e+06,28.45
PROP-F91BA169CE69,Delhi,Karala,Independent House,3,450,1800000,4.1712708e+06,2.3712708e+06,131.74
PROP-FD83AC90621A,Bengaluru,Kaggalipura,Apartment,1,850,3700000,4.996244e+06,1.296244e+06,35.03
PROP-32DF66064FA0,Bengaluru,Hebbal Kempapura,Apartment,2,1087,9000000,6.061401e+06,2.938599e+06,32.65
PROP-09A2FC1C658C,Bengaluru,Electronic City,Apartment,2,898,3600000,3.5396455e+06,60354.5,1.68
PROP-73D74490A550,Delhi,Palam,Independent House,4,1745,19000000,1.2333917e+07,6.666082e+06,35.08
PROP-093767D893F3,Bengaluru,Byagadadhenahalli,Apartment,2,786,2400000,2.820738e+06,420738.0,17.53
PROP-72794BDD040A,Delhi,Gujranwala Town,Independent House,8,8000,45000000,1.032667e+08,5.8266704e+07,129.48
PROP-0EB0EEEBA031,Bengaluru,Doddakannelli,Apartment,2,1070,5200000,5.5691595e+06,369159.53,7.1
PROP-FAB7AF2D93BB,Bengaluru,Kengeri,Independent House,2,800,6600000,5.483885e+06,1.1161155e+06,16.91
PROP-02FEAC0596D3,Bengaluru,Kamakshipalya,Apartment,3,1500,9750000,7.507565e+06,2.242435e+06,23.0
PROP-C84F060AFA00,Bengaluru,Hoskote,Apartment,3,1690,5500000,6.621316e+06,1.121316e+06,20.39
PROP-F04FDD52F160,Bengaluru,Vidyamanya Nagar,Independent House,6,2700,10500000,1.5509435e+07,5.009435e+06,47.71
PROP-B131C8D8000B,Pune,Shivane,Apartment,1,552,1500000,1.9604136e+06,460413.62,30.69
PROP-55719E10D12B,Bengaluru,Kommaghatta,Apartment,2,689,3000000,2.8795725e+06,120427.5,4.01
PROP-0BBE63F1E20D,Bengaluru,Kanakapura,Apartment,2,1190,8000000,6.769395e+06,1.230605e+06,15.38
PROP-FAB52FCADBB0,Bengaluru,Attibele,Apartment,3,924,4000000,3.7024798e+06,297520.25,7.44
PROP-DEB94CB75BE4,Bengaluru,Hsr Layout,Apartment,2,1100,7500000,5.8080725e+06,1.6919275e+06,22.56
PROP-5A56AA8A08FA,Bengaluru,Sahakara Nagar,Independent House,3,2000,9500000,1.3385814e+07,3.885814e+06,40.9
PROP-CAF935D58B8C,Pune,Bhukum,Apartment,3,1040,5500000,6.274774e+06,774773.5,14.09
PROP-C1327463EF55,Mumbai,Kurla East,Apartment,2,560,13500000,7.6941895e+06,5.8058105e+06,43.01
PROP-6DA81C10D230,Delhi,Patel Nagar,Independent House,2,420,1700000,3.727137e+06,2.027137e+06,119.24
PROP-0D5ED96E5341,Mumbai,Jogeshwari East,Apartment,3,1750,37500000,3.0832784e+07,6.667216e+06,17.78
PROP-22CD5738FB0E,Mumbai,Girgaon,Apartment,2,1400,40000000,3.5014376e+07,4.985624e+06,12.46
PROP-5E7006C6DE42,Pune,Dhayari,Apartment,2,308,1100000,1.2591474e+06,159147.38,14.47
PROP-A5328FBFC753,Mumbai,Virar East,Apartment,2,885,5800000,3.425619e+06,2.3743812e+06,40.94
PROP-43BC8D20B7B7,Mumbai,Kurla West,Apartment,2,925,14000000,1.7114744e+07,3.114744e+06,22.25
PROP-D87A0198868C,Mumbai,Goregaon East,Apartment,1,750,8500000,8.94145e+06,441450.0,5.19
PROP-8359119ED5FD,Pune,Lohegaon,Villa,4,1785,6500000,1.1152888e+07,4.652888e+06,71.58
PROP-A05C4429A9FC,Pune,Kalewadi,Independent House,2,1300,3000000,7.1773775e+06,4.177377e+06,139.25
PROP-531A18AFA92B,Bengaluru,Banashankari,Villa,4,990,13800000,1.3085711e+07,714288.0,5.18
PROP-5733CFBDF24B,Bengaluru,Sarjapur,Apartment,2,1400,9500000,7.969651e+06,1.5303485e+06,16.11
PROP-E8F503B5CE48,Hyderabad,Chandanagar,Apartment,2,1240,7500000,5.964298e+06,1.5357015e+06,20.48
PROP-BD90C11DB865,Bengaluru,Nelamangala,Apartment,1,796,4000000,3.3355208e+06,664479.25,16.61
PROP-77329B5BA900,Bengaluru,Kamakshipalya,Independent House,6,2880,15000000,1.9216876e+07,4.216876e+06,28.11
PROP-4A347E7DA3DC,Delhi,Dera Mandi,Apartment,1,150,3000000,1.6448806e+06,1.3551194e+06,45.17
PROP-DC8F580FB026,Delhi,Alaknanda,Apartment,2,1300,19900000,1.6489535e+07,3.410465e+06,17.14
PROP-0878402916DC,Pune,Shukrawar Peth,Apartment,2,1070,6500000,6.60517e+06,105170.0,1.62
PROP-FDECEAA546D1,Mumbai,Powai,Apartment,3,1300,23000000,3.407408e+07,1.107408e+07,48.15
PROP-6198AC7EC0DF,Bengaluru,Kengeri,Apartment,2,300,900000,1.4985981e+06,598598.1,66.51
PROP-AB0BBD0C6D49,Delhi,Vijay Nagar,Independent House,8,4200,50000000,2.697575e+07,2.302425e+07,46.05
PROP-198A5F0ACE25,Delhi,Budh Vihar,Independent House,1,250,3100000,2.3865618e+06,713438.25,23.01
PROP-EA404F05B3EB,Pune,Narayan Peth,Apartment,3,884,8500000,5.3747765e+06,3.125224e+06,36.77
PROP-DD30D103F266,Bengaluru,Judicial Layout,Independent House,3,2400,30000000,1.8435096e+07,1.1564904e+07,38.55
PROP-542C4186E7F7,Bengaluru,Hampapura,Independent House,2,1200,6000000,7.7186995e+06,1.7186995e+06,28.64
PROP-4AA728E166E1,Mumbai,Nalasopara West,Apartment,2,650,4400000,4.221781e+06,178219.0,4.05
PROP-000A21CCBACA,Mumbai,Malad West,Apartment,2,1250,27500000,2.0787512e+07,6.7124875e+06,24.41
PROP-1764DE938CB2,Mumbai,Malad West,Apartment,2,1105,30000000,1.616955e+07,1.383045e+07,46.1
PROP-98A488E2F1D0,Delhi,Rajouri Garden,Independent House,9,4545,50000000,4.5831576e+07,4.168424e+06,8.34
PROP-06F40D2EB4E6,Pune,Narhe,Independent House,4,2500,35000000,1.4583528e+07,2.0416472e+07,58.33
PROP-29788285818B,Pune,Bhukum,Apartment,3,1040,5700000,6.141443e+06,441443.0,7.74
PROP-5520533EFB2F,Bengaluru,Hongasandra,Apartment,3,1410,7399000,8.59226e+06,1.19326e+06,16.13
PROP-99ACB118B6F4,Bengaluru,Kamanahalli,Apartment,2,1850,14500000,1.4595772e+07,95772.0,0.66
PROP-7CC5127F69BD,Mumbai,Bhandup West,Apartment,1,550,7200000,7.517968e+06,317968.0,4.42
PROP-9398CC3312AD,Delhi,Sadar Bazaar,Independent House,5,900,11000000,8.3103545e+06,2.6896455e+06,24.45
PROP-9B2DA08A0EF3,Delhi,Sagar Pur,Independent House,10,900,15000000,1.5916982e+07,916982.0,6.11
PROP-9C3EEB35B420,Delhi,Adarsh Nagar,Independent House,4,950,25000000,1.2567064e+07,1.2432936e+07,49.73
PROP-8E87C2F71D48,Hyderabad,Pocharam,Apartment,4,2221,9350000,1.5847549e+07,6.49755e+06,69.49
PROP-C81C482E8DBA,Delhi,Aya Nagar,Independent House,4,1200,4500000,1.0205946e+07,5.705946e+06,126.8
PROP-57B08CFE88BF,Hyderabad,Ramachandra Puram,Villa,3,1080,10500000,6.1859285e+06,4.3140715e+06,41.09
PROP-B96700D95328,Delhi,Laxmi Nagar,Independent House,10,5000,26000000,3.3357968e+07,7.357968e+06,28.3
PROP-69C631F7658B,Delhi,Sector 3 Rohini,Apartment,2,772,12500000,6.3885755e+06,6.1114245e+06,48.89
PROP-8B3DAFCCCF56,Bengaluru,Cholur Palya,Independent House,1,500,6500000,3.017101e+06,3.482899e+06,53.58
PROP-885DE6F1103B,Bengaluru,Kadugondanahalli,Independent House,4,1150,14000000,8.0515845e+06,5.9484155e+06,42.49
PROP-99AAA93BAC68,Bengaluru,Kanakapura,Independent House,2,1200,3400000,7.403037e+06,4.0030365e+06,117.74
PROP-0FCBDB85439A,Bengaluru,Bommasandra,Independent House,1,3400,400000,7.8111525e+06,7.4111525e+06,1852.79
PROP-B9F84526912F,Mumbai,Parel,Apartment,3,2115,52500000,6.2475496e+07,9.975496e+06,19.0
PROP-03E134651F84,Delhi,Dera Mandi,Apartment,2,810,3300000,6.5338795e+06,3.2338792e+06,98.0
PROP-505B7131981D,Bengaluru,Gowribidnur,Apartment,2,1150,7500000,5.8907995e+06,1.6092005e+06,21.46
PROP-081DE3F3917C,Bengaluru,Domlur Layout,Apartment,2,1250,12500000,1.0602389e+07,1.897611e+06,15.18
PROP-2D3594EF8801,Bengaluru,Magadi,Apartment,3,1752,13500000,1.8321384e+07,4.821384e+06,35.71
PROP-4114CA9A0691,Bengaluru,Cox Town,Independent House,3,2500,38400000,2.2473444e+07,1.5926556e+07,41.48
PROP-A8211BC89FFB,Bengaluru,Frazer Town,Independent House,3,470,16000000,5.8306705e+06,1.0169329e+07,63.56
PROP-34ACBE650F65,Bengaluru,Jeevanbheemanagar,Independent House,3,5400,27500000,1.6293324e+07,1.1206676e+07,40.75
PROP-250622635EFD,Delhi,Palam,Apartment,1,550,5000000,2.5570788e+06,2.4429212e+06,48.86
PROP-C8482B6CCA65,Bengaluru,Neelasandra,Independent House,3,242,1800000,2.4386625e+06,638662.5,35.48
PROP-8668B0B45D3A,Delhi,Maharani Bagh,Independent House,4,4100,260000000,7.4410296e+07,1.855897e+08,71.38
PROP-9C5226730386,Bengaluru,Jigani,Independent House,3,2000,12000000,6.913398e+06,5.086602e+06,42.39
PROP-E54C4CC4143D,Mumbai,Malad East,Apartment,2,785,15000000,1.3097398e+07,1.9026019e+06,12.68
PROP-777EB36E045C,Bengaluru,Subramanyapura,Independent House,3,1200,9500000,7.8642145e+06,1.6357855e+06,17.22
PROP-7A46654D7F84,Bengaluru,Krishnarajapura,Independent House,7,4000,16500000,2.1593424e+07,5.093424e+06,30.87
PROP-359EEE86227E,Mumbai,Andheri West,Apartment,2,1100,21000000,2.2552756e+07,1.552756e+06,7.39
PROP-E4876A9CAC1C,Mumbai,Malad East,Apartment,2,900,20000000,1.60184e+07,3.9816e+06,19.91
PROP-880C6F34B0DF,Bengaluru,Nandini Layout,Independent House,2,1400,13000000,9.79654e+06,3.2034598e+06,24.64
PROP-3D3EC1625601,Mumbai,Malad West,Apartment,1,450,8100000,6.403709e+06,1.696291e+06,20.94
PROP-6112D1781924,Bengaluru,Thirumalashettyhally,Villa,5,8699,55000000,4.010484e+07,1.489516e+07,27.08
PROP-41829DBEA606,Mumbai,Kandivali West,Apartment,1,550,9000000,8.3208785e+06,679121.5,7.55
PROP-53D84ADB72F7,Mumbai,Kurla West,Apartment,1,580,6500000,8.226157e+06,1.726157e+06,26.56
PROP-9E7BCF04EDE8,Mumbai,Powai,Apartment,1,676,10500000,1.0882051e+07,382050.0,3.64
PROP-F3D1D603A062,Mumbai,Powai,Apartment,1,545,10500000,9.396063e+06,1.103937e+06,10.51
PROP-AFE4909FB450,Pune,Talegaon Dhamdhere,Apartment,1,600,1500000,1.5688109e+06,68810.88,4.59
PROP-CFFF3032E4E0,Bengaluru,Mattanahalli,Apartment,3,1458,8500000,8.0785505e+06,421449.53,4.96
PROP-5215FFD550FF,Mumbai,Nalasopara West,Apartment,1,400,3000000,2.2225948e+06,777405.25,25.91
PROP-CB420390021B,Mumbai,Virar West,Apartment,1,595,3450000,3.0218815e+06,428118.47,12.41
PROP-031F58899CBC,Mumbai,Kandivali West,Apartment,1,600,11000000,9.750235e+06,1.249765e+06,11.36
PROP-54656E0D0768,Mumbai,Bandra East,Apartment,2,725,14000000,3.0491654e+07,1.6491652e+07,117.8
PROP-DE77DDEF494D,Mumbai,Vasai East,Apartment,2,750,4500000,4.1077018e+06,392298.25,8.72
PROP-F6766D1B8C97,Bengaluru,Hoskote,Villa,3,1500,4700000,5.998736e+06,1.298736e+06,27.63
PROP-B18EC98533BC,Mumbai,Nalasopara West,Apartment,1,590,3500000,3.289858e+06,210142.0,6.0
PROP-19775ADE39A1,Mumbai,Virar West,Apartment,3,1067,5500000,6.067572e+06,567572.0,10.32
PROP-3723387937B4,Delhi,Sadar Bazaar,Independent House,2,490,3000000,2.7004785e+06,299521.5,9.98
PROP-C89C11D63D80,Mumbai,Dahisar East,Apartment,2,878,10100000,1.4816576e+07,4.716576e+06,46.7
PROP-5C8299FC38FE,Bengaluru,Horamavu,Independent House,7,3500,15000000,1.5430181e+07,430181.0,2.87
PROP-F63B0ABC2C11,Bengaluru,Rajajinagar,Apartment,2,880,7500000,5.760165e+06,1.739835e+06,23.2
PROP-BF4B025F4EA1,Bengaluru,Btm Layout,Apartment,1,500,4000000,2.865213e+06,1.134787e+06,28.37
PROP-B36EAA23BE5F,Bengaluru,Kadugodi,Apartment,2,1124,6000000,4.8635515e+06,1.1364485e+06,18.94
PROP-13B112EC5F8E,Pune,Yewalewadi,Apartment,1,650,2800000,2.8456362e+06,45636.25,1.63
PROP-4E1D7BA11A5B,Pune,Bhugaon,Apartment,2,350,1100000,1.9062672e+06,806267.25,73.3
PROP-313C6CDE9C19,Chennai,Ekkatuthangal,Independent House,4,2850,32500000,3.4700964e+07,2.200964e+06,6.77
PROP-2CEA46066DA3,Kolkata,Hussainpur,Apartment,4,4000,50000000,3.521275e+07,1.4787249e+07,29.57
PROP-AA1F2E9E4803,Delhi,Sector 25 Rohini,Apartment,3,900,6500000,8.209597e+06,1.709597e+06,26.3
PROP-E3F96BB1EFFF,Bengaluru,Anagalapura,Apartment,3,1744,8500000,1.011006e+07,1.61006e+06,18.94
PROP-9ED958E0E47F,Bengaluru,Hennur,Apartment,3,1824,19700000,1.0393969e+07,9.306031e+06,47.24
PROP-F6374C8B0A70,Kolkata,Boral,Apartment,2,700,2100000,2.5821035e+06,482103.53,22.96
PROP-664997DC907D,Bengaluru,Kogilu,Apartment,2,1880,16000000,1.0384239e+07,5.6157615e+06,35.1
PROP-2C9F5256BF79,Bengaluru,Rajajinagar,Independent House,6,1800,11000000,1.1012886e+07,12886.0,0.12
PROP-1BCEA45AC9A8,Kolkata,Malancha Mahi Nagar,Independent House,1,720,2200000,2.9889408e+06,788940.75,35.86
PROP-05DB6BF616BA,Pune,Kondhwa,Apartment,2,1027,5700000,4.6035105e+06,1.0964895e+06,19.24
PROP-23CA3016CA9F,Pune,Bakori,Apartment,2,815,2500000,4.0521132e+06,1.5521132e+06,62.08
PROP-2145BED22369,Bengaluru,Chikkalasandra,Apartment,2,600,2700000,2.429403e+06,270597.0,10.02
PROP-4EBBB3B7CCDC,Bengaluru,Kothanur,Apartment,3,1485,7800000,1.0216639e+07,2.416639e+06,30.98
PROP-E6BC27C0C4ED,Delhi,Sector 12 Dwarka,Apartment,5,4500,60500000,5.388992e+07,6.61008e+06,10.93
PROP-28BDB93AB05C,Kolkata,Mahheshtala,Apartment,3,1950,8500000,8.981052e+06,481052.0,5.66
PROP-E7104E6734F4,Kolkata,Sonarpur,Independent House,3,1100,4400000,4.374294e+06,25706.0,0.58
PROP-BA443155CFB6,Kolkata,Subhasgram,Independent House,2,860,3200000,3.3410472e+06,141047.5,4.41
PROP-847E6F96F715,Kolkata,Mahheshtala,Independent House,3,1600,5600000,6.2068475e+06,606847.5,10.84
PROP-EF09CA4355A3,Kolkata,Shobhabazar,Independent House,4,2080,16000000,1.0679676e+07,5.320324e+06,33.25
PROP-198FA6AB72E8,Bengaluru,Iggalur,Apartment,2,975,4000000,5.8650195e+06,1.8650195e+06,46.63
PROP-D13F1E999F2A,Bengaluru,Kambipura,Apartment,2,883,4500000,4.5703005e+06,70300.5,1.56
PROP-273A16A98588,Bengaluru,Basavanapura,Independent House,2,1200,5500000,6.2304815e+06,730480.94,13.28
PROP-170E8E55BC70,Pune,Bopkhel,Apartment,1,560,2700000,2.1730348e+06,526965.25,19.52
PROP-E64408990A61,Bengaluru,Volagerekallahalli,Apartment,2,1015,5000000,4.1853488e+06,814651.25,16.29
PROP-5AB3B76F53DE,Bengaluru,Kambipura,Apartment,2,883,5320000,4.680369e+06,639631.0,12.02
PROP-B648F5933CA8,Delhi,Bindapur,Independent House,3,360,2550000,6.2462645e+06,3.6962648e+06,144.95
PROP-95F5F8A5DECD,Kolkata,Purba Putiary,Independent House,4,1500,4200000,7.6252175e+06,3.4252175e+06,81.55
PROP-D7D0F89B13AE,Bengaluru,Subramanyapura,Apartment,2,1040,4490000,4.467517e+06,22483.0,0.5
PROP-EF727F0D4308,Delhi,Kondli,Independent House,2,1300,1500000,1.1251794e+07,9.751794e+06,650.12
PROP-FA8C0436DBDA,Kolkata,Baruipur P,Apartment,2,725,2450000,2.8424655e+06,392465.53,16.02
PROP-7CF1253EFBEE,Kolkata,Barasat,Villa,2,1250,11000000,5.1992025e+06,5.8007975e+06,52.73
PROP-E8E86B079FDA,Kolkata,Ruiya,Apartment,2,822,2600000,2.7533625e+06,153362.5,5.9
PROP-EA5C1B8F0143,Pune,Bavdhan,Apartment,3,3025,28000000,2.6618384e+07,1.381616e+06,4.93
PROP-5595AF735EEB,Delhi,Malviya Nagar,Independent House,8,11421,200000000,4.153938e+07,1.5846062e+08,79.23
PROP-8E8B33778AD0,Kolkata,Harinavi,Independent House,3,1800,4500000,8.636953e+06,4.136953e+06,91.93
PROP-87E5683FF62B,Chennai,Adambakkam,Apartment,2,1010,9631000,6.481635e+06,3.149365e+06,32.7
PROP-B1B9153B540D,Kolkata,Hanspukuria,Apartment,2,500,1300000,1.646904e+06,346904.0,26.68
PROP-1CE982CF9374,Bengaluru,Sahakara Nagar,Apartment,3,1645,21100000,1.1151611e+07,9.948389e+06,47.15
PROP-08020ABAEB5F,Delhi,Mandi,Apartment,2,900,4800000,4.8431355e+06,43135.5,0.9
PROP-1281D0CC8F2D,Pune,Kharadi,Apartment,2,1090,8000000,8.175267e+06,175267.0,2.19
PROP-D8E85E5F9387,Chennai,Velachery,Apartment,3,1300,13000000,9.098035e+06,3.901965e+06,30.02
PROP-2A868B10386A,Bengaluru,Anchepalya,Apartment,1,607,5000000,4.1891462e+06,810853.75,16.22
PROP-23A9AD464CE9,Delhi,Mahavir Enclave,Apartment,2,730,3700000,3.286387e+06,413613.25,11.18
PROP-8E13C5D7545C,Hyderabad,Kondapur,Apartment,3,1585,11000000,9.25542e+06,1.74458e+06,15.86
PROP-6AFD1A14CAC8,Bengaluru,Electronic City Phase Ii,Apartment,2,1040,5000000,3.966461e+06,1.03353875e+06,20.67
PROP-63CEAAB317BC,Mumbai,Kandivali West,Independent House,2,541,6700000,5.854938e+06,845062.0,12.61
PROP-A769840801B9,Delhi,Mandawali,Independent House,6,450,11500000,7.6080965e+06,3.8919032e+06,33.84
PROP-258B93367EED,Delhi,Kalkaji,Independent House,5,1350,63000000,2.0330888e+07,4.266911e+07,67.73
PROP-435F0CDB069E,Mumbai,Bhayandar East,Apartment,1,395,5300000,3.0070815e+06,2.2929182e+06,43.26
PROP-3DDB0F55D369,Mumbai,Nalasopara East,Apartment,3,1275,7000000,7.9866335e+06,986633.5,14.09
PROP-8B7EA326E510,Hyderabad,Aminpur,Apartment,2,1100,5600000,5.296426e+06,303574.0,5.42
PROP-5741A3F5146F,Hyderabad,Bollaram Industrial Area,Apartment,3,1295,7800000,7.821238e+06,21238.0,0.27
PROP-CFB9AE36EF50,Bengaluru,C V Raman Nagar,Apartment,1,646,3510000,3.5578905e+06,47890.5,1.36
PROP-F3B05B74B0FD,Bengaluru,Rmv Extension Stage 2,Independent House,4,3500,23700000,4.1104716e+07,1.7404716e+07,73.44
PROP-BD83B0D4BE9A,Hyderabad,Uppal,Apartment,3,1650,10700000,1.0469757e+07,230243.0,2.15
PROP-694E59BA790E,Pune,Vadgaon,Apartment,1,642,2000000,3.1709815e+06,1.1709815e+06,58.55
PROP-A7EC45B2B1D0,Bengaluru,Kasturi Nagar,Villa,2,950,3800000,8.188266e+06,4.3882665e+06,115.48
PROP-32AFBDC58406,Hyderabad,Balaji Nagar,Apartment,3,1500,8500000,8.1753295e+06,324670.5,3.82
PROP-36628C10D007,Bengaluru,Doddabidrakallu,Independent House,1,12000,6500000,1.7234768e+07,1.0734768e+07,165.15
PROP-A6AB8397456D,Bengaluru,Sonnur,Villa,3,1446,7500000,7.147677e+06,352323.0,4.7
PROP-5C5AFBD86242,Bengaluru,Guddadahalli,Independent House,2,150,1250000,1.4473665e+06,197366.5,15.79
PROP-8F7C8EBD5588,Hyderabad,Bogaram,Independent House,2,900,4900000,4.772344e+06,127656.0,2.61
PROP-6C2B039E313E,Bengaluru,Maralakunte,Independent House,2,625,3600000,3.813279e+06,213279.0,5.92
PROP-66441F6436B0,Bengaluru,Hosur Municipality,Villa,3,1342,7000000,7.2994415e+06,299441.0,4.28
PROP-54FB8012675F,Pune,Loni Kalbhor,Apartment,3,1002,3200000,3.748189e+06,548189.0,17.13
PROP-3CBFD4283E7D,Bengaluru,Challaghatta,Apartment,2,1489,7500000,8.393453e+06,893452.94,11.91
PROP-86508AB54F25,Bengaluru,Seegehalli,Independent House,3,1200,8800000,9.466976e+06,666976.0,7.58
PROP-CC915AD77372,Mumbai,Goregaon East,Apartment,1,450,8300000,4.2008365e+06,4.0991635e+06,49.39
PROP-B7FEAC547CA7,Bengaluru,Jalahalli West,Apartment,2,1100,6800000,7.0120565e+06,212056.0,3.12
PROP-7EB8B1FF2E3F,Bengaluru,Bannerughatta,Apartment,3,1500,13000000,8.0788205e+06,4.9211795e+06,37.86
PROP-2E5973593398,Pune,Daund,Independent House,2,1720,1750000,7.3526585e+06,5.6026585e+06,320.15
PROP-4FD4122CB71C,Mumbai,Kandivali West,Apartment,1,750,13000000,9.6534e+06,3.3466e+06,25.74
PROP-C53EE29FC18B,Delhi,Hauz Khas,Apartment,3,1200,24000000,1.5746012e+07,8.253988e+06,34.39
PROP-45E74B98F378,Delhi,Burari,Apartment,1,500,2600000,1.984828e+06,615172.0,23.66
PROP-77DD4E044C4F,Delhi,Hastsal,Independent House,2,600,2800000,3.6728015e+06,872801.5,31.17
PROP-C6F3281B4F7A,Pune,Wadgaon Sheri,Apartment,2,330,1300000,2.1273495e+06,827349.5,63.64
PROP-05CBC5643D66,Mumbai,Virar West,Apartment,1,680,2851000,3.7158332e+06,864833.25,30.33
PROP-D27FE8ED9C9F,Bengaluru,Chikkabidarakallu,Independent House,6,1800,7200000,1.2423852e+07,5.223852e+06,72.55
PROP-632C124B793F,Bengaluru,Krishnarajapura,Independent House,1,715,6000000,4.6734775e+06,1.3265225e+06,22.11
PROP-00315A001814,Mumbai,Malad East,Apartment,3,850,20500000,1.752074e+07,2.9792602e+06,14.53
PROP-C9366A78D70D,Bengaluru,Kothanur,Villa,4,3450,35000000,3.2423482e+07,2.576516e+06,7.36
PROP-DC3C2145E1AC,Mumbai,Borivali East,Apartment,1,603,11500000,9.474581e+06,2.025419e+06,17.61
PROP-458DEF5FE251,Bengaluru,Hoodi,Independent House,5,1200,16000000,1.3501123e+07,2.498877e+06,15.62
PROP-1D5CF6DD2C38,Bengaluru,Kannuru,Independent House,3,1660,11000000,1.0874912e+07,125088.0,1.14
PROP-492625BAD932,Bengaluru,Yemalur,Independent House,10,8000,60000000,4.094673e+07,1.9053272e+07,31.76
PROP-BD07EDEEFD63,Mumbai,Chembur,Apartment,1,425,8920000,6.280275e+06,2.6397245e+06,29.59
PROP-D4AB82AAEDF3,Mumbai,Vasai East,Apartment,1,535,2721000,2.4832035e+06,237796.5,8.74
PROP-AA245635FFD7,Pune,Kondhwa,Independent House,2,900,2000000,4.0974198e+06,2.0974198e+06,104.87
PROP-06E01DE1DAB4,Bengaluru,Cheemasandra,Independent House,3,612,5500000,7.639382e+06,2.1393815e+06,38.9
PROP-6F8ADE2DA9CB,Mumbai,Naigaon East,Apartment,1,700,4899000,3.9654438e+06,933556.25,19.06
PROP-C431CBCA17A2,Delhi,Naraina,Apartment,2,700,13200000,6.6407425e+06,6.5592575e+06,49.69
PROP-DF5E711D6ECF,Pune,Wadegaon,Independent House,4,2250,2500000,1.4120908e+07,1.1620908e+07,464.84
PROP-2CCA33A58C7F,Delhi,Dwarka Mor,Apartment,2,670,4500000,2.6796218e+06,1.8203782e+06,40.45
PROP-24D578A46172,Pune,Ambegaon,Independent House,3,1300,17000000,5.7569525e+06,1.1243048e+07,66.14
PROP-B63FADCB1C55,Bengaluru,Kada Agrahara,Independent House,3,1800,8600000,1.02181e+07,1.6181e+06,18.82
PROP-BE30581D4180,Bengaluru,Seshagiripura,Apartment,4,2500,30000000,1.8988208e+07,1.1011791e+07,36.71
PROP-97E03B22378B,Bengaluru,Kempegowda Nagar,Apartment,3,3000,42500000,2.4622536e+07,1.7877464e+07,42.06
PROP-96F775C3C338,Mumbai,Chinchpokli,Apartment,2,850,35000000,1.748742e+07,1.751258e+07,50.04
PROP-73B0EE584383,Mumbai,Vile Parle East,Independent House,1,600,7000000,1.0728962e+07,3.728962e+06,53.27
PROP-448D7A75396D,Pune,Katraj,Independent House,8,2177,17500000,1.1766862e+07,5.733138e+06,32.76
PROP-62975BD8B3BB,Mumbai,Nalasopara West,Apartment,1,585,2700000,3.2070845e+06,507084.47,18.78
PROP-CC5FCD3CFB5E,Bengaluru,Basapura,Independent House,2,1700,7000000,1.0372837e+07,3.372837e+06,48.18
PROP-694B095BB6B3,Bengaluru,Hampapura,Apartment,2,1432,8500000,8.945288e+06,445288.0,5.24
PROP-C0D5A1ECE97E,Pune,Saswad,Apartment,1,550,2000000,1.6461345e+06,353865.53,17.69
PROP-B02A3835F65E,Bengaluru,Hoskote,Independent House,3,5000,25000000,1.1799451e+07,1.3200549e+07,52.8
PROP-49D4AA27222E,Bengaluru,Electronic City Phase Ii,Independent House,7,3500,13000000,1.2490118e+07,509882.0,3.92
PROP-B2BE70A659C0,Bengaluru,Jagajeevanram Nagar,Independent House,1,500,7000000,3.1163375e+06,3.8836625e+06,55.48
PROP-273866F1255A,Delhi,Ashok Vihar,Apartment,2,1240,18000000,1.3142441e+07,4.857559e+06,26.99
PROP-C7E7CCC0BCC8,Mumbai,Gorai,Independent House,2,250,6800000,2.116634e+06,4.683366e+06,68.87
PROP-1F3E1C0C00E2,Bengaluru,Gulakamale,Independent House,2,1600,8000000,1.0665956e+07,2.665956e+06,33.32
PROP-FF0FEE382E36,Mumbai,Andheri West,Apartment,2,549,20000000,9.236973e+06,1.0763027e+07,53.82
PROP-8F9A151DB3AA,Bengaluru,Ramamurthy Nagar,Villa,3,7000,55000000,3.393334e+07,2.106666e+07,38.3
PROP-52E8921D87C9,Mumbai,Goregaon East,Apartment,2,250,3900000,3.1573752e+06,742624.75,19.04
PROP-16DC19D7A347,Mumbai,Mulund West,Apartment,2,900,18500000,1.6010122e+07,2.489878e+06,13.46
PROP-DC4869CD2106,Bengaluru,Bannerughatta,Apartment,1,1000,11000000,3.6179128e+06,7.3820875e+06,67.11
PROP-4C47E1A46710,Pune,Nighoje,Independent House,1,300,2500000,1.3873465e+06,1.1126534e+06,44.51
PROP-EB5EA9664A32,Mumbai,Nalasopara West,Apartment,1,575,3000000,3.2292152e+06,229215.23,7.64
PROP-57D1A0FAAF44,Bengaluru,Budigere,Apartment,1,570,3100000,3.006193e+06,93807.0,3.03
PROP-5D29BB782C49,Bengaluru,Bannerughatta,Independent House,1,600,3000000,2.9546625e+06,45337.75,1.51
PROP-1B522F7E5485,Bengaluru,Jalahalli West,Apartment,2,790,4500000,4.515461e+06,15461.0,0.34
PROP-42ACF433F33D,Delhi,Shahdara,Independent House,4,900,23000000,1.1504219e+07,1.1495781e+07,49.98
PROP-D39BFC6250A3,Delhi,Burari,Apartment,2,1000,3800000,4.218026e+06,418026.0,11.0
PROP-362C055DF818,Bengaluru,C V Raman Nagar,Apartment,2,980,5000000,5.4186155e+06,418615.53,8.37
PROP-702747152B1F,Bengaluru,Jnana Ganga Nagar,Independent House,3,1200,5000000,6.961324e+06,1.961324e+06,39.23
PROP-7F913584DC9B,Pune,Kolhewadi,Independent House,4,4800,26000000,2.44637e+07,1.5363e+06,5.91
PROP-43514EBC7DE6,Pune,Anand Nagar,Apartment,2,370,1455000,1.6657832e+06,210783.23,14.49
PROP-0D651ACE432F,Bengaluru,Rr Nagar,Villa,4,4400,28500000,3.9330344e+07,1.0830344e+07,38.0
PROP-653ACD2A7B93,Mumbai,Malad West,Apartment,2,1030,18000000,1.45571e+07,3.442901e+06,19.13
PROP-0541E582C149,Bengaluru,Chikbanavara,Independent House,5,2200,10000000,1.1753449e+07,1.753449e+06,17.53
PROP-66D2A6B1C158,Bengaluru,Mathikere,Independent House,6,2800,28000000,1.9596864e+07,8.403136e+06,30.01
PROP-33BBBB5FDD68,Bengaluru,Krishnarajapura,Villa,5,4000,39000000,3.3428538e+07,5.57146e+06,14.29
PROP-245995EFBD96,Mumbai,Nalasopara West,Apartment,2,850,2200000,4.903062e+06,2.703062e+06,122.87
PROP-27513331589D,Bengaluru,Nayandahalli,Independent House,10,4500,19000000,1.8842492e+07,157508.0,0.83
PROP-D699F610C92F,Delhi,Sector 16B Dwarka,Apartment,4,1600,8700000,1.1009693e+07,2.309694e+06,26.55
PROP-FA67C68A2211,Mumbai,Kandivali West,Independent House,5,1700,56500000,2.8217926e+07,2.8282076e+07,50.06
PROP-D1DCB1518C62,Mumbai,Ghatkopar West,Apartment,1,520,7500000,9.799623e+06,2.299623e+06,30.66
PROP-6B7AD432C313,Delhi,Mayur Vihar Phase 3,Apartment,2,650,6000000,4.549913e+06,1.450087e+06,24.17
PROP-C85DA3A4E545,Mumbai,Malad West,Apartment,2,325,2600000,4.78187e+06,2.18187e+06,83.92
PROP-9538B771B9C6,Bengaluru,Cottonpet,Independent House,4,1800,7000000,1.334528e+07,6.34528e+06,90.65
PROP-A313D0C798E6,Bengaluru,Hebbal,Independent House,4,5000,65000000,4.1399536e+07,2.3600464e+07,36.31
PROP-01C4FDF37767,Mumbai,Ghatkopar West,Apartment,1,480,6000000,7.695085e+06,1.6950845e+06,28.25
PROP-CDB0CCEFD8D7,Bengaluru,Nelamangala,Villa,2,950,4000000,4.443141e+06,443141.0,11.08
PROP-2643C7C22F06,Pune,Rajgurunagar,Apartment,1,620,2350000,1.6725725e+06,677427.5,28.83
PROP-F44A47B3ECBB,Bengaluru,Brookefield,Villa,10,6000,52500000,2.7303728e+07,2.5196272e+07,47.99
PROP-B4228A0769D7,Delhi,Nangloi,Independent House,2,425,6000000,2.8419235e+06,3.1580765e+06,52.63
PROP-79B1A052F560,Pune,Shewalewadi,Independent House,1,1000,2200000,4.9988465e+06,2.7988465e+06,127.22
PROP-A04FEA772CC4,Pune,Bopkhel,Apartment,2,757,2899000,3.1033625e+06,204362.5,7.05
PROP-C1EFFC79C205,Bengaluru,Balagere,Apartment,2,1012,7500000,7.401109e+06,98891.0,1.32
PROP-2B4958354D57,Bengaluru,Gunjur,Apartment,3,1545,12400000,1.0590504e+07,1.809496e+06,14.59
PROP-20C9EDDDA6FE,Bengaluru,Hoskote,Apartment,2,862,3680000,2.7278068e+06,952193.25,25.87
PROP-95870F273A92,Pune,Kamshet,Independent House,6,2000,4000000,1.5308876e+07,1.1308876e+07,282.72
PROP-D8C23C4EFDE9,Delhi,Shakarpur Khas,Independent House,8,5400,26000000,3.7723548e+07,1.1723548e+07,45.09
PROP-F5AFD4D63F8C,Mumbai,Dadar East,Apartment,1,545,17500000,1.310202e+07,4.39798e+06,25.13
PROP-B999535437ED,Pune,Talegaon Dhamdhere,Apartment,1,500,1900000,1.3965765e+06,503423.53,26.5
PROP-E26DC4AC4AFE,Bengaluru,Haralur,Apartment,2,1202,6400000,5.9762265e+06,423773.53,6.62
PROP-13E2244B57E3,Mumbai,Andheri East,Apartment,2,751,14500000,1.2855958e+07,1.6440419e+06,11.34
PROP-CA30440DF9D9,Mumbai,Goregaon East,Apartment,1,495,4400000,5.9981295e+06,1.5981295e+06,36.32
PROP-EB6490EEF52A,Chennai,Ambattur,Apartment,2,940,5600000,4.587803e+06,1.01219694e+06,18.07
PROP-11BE42196D8E,Mumbai,Malad West,Apartment,2,750,16000000,1.2512244e+07,3.487755e+06,21.8
PROP-7233ADCA8D29,Bengaluru,Nagarbhavi,Apartment,3,1557,9000000,9.011046e+06,11046.0,0.12
PROP-3296E4666488,Delhi,Sector 22 Dwarka,Independent House,6,800,39700000,1.3300937e+07,2.6399064e+07,66.5
PROP-3205D5117BDA,Mumbai,Virar East,Apartment,1,550,4000000,2.1160325e+06,1.8839675e+06,47.1
PROP-89E16BE9354D,Mumbai,Andheri East,Apartment,2,875,15000000,1.5813853e+07,813852.94,5.43
PROP-946358F6A04B,Mumbai,Borivali West,Independent House,3,1050,9500000,1.0646037e+07,1.146037e+06,12.06
PROP-0C63733F9348,Mumbai,Bhayandar East,Apartment,2,285,2500000,2.1852628e+06,314737.25,12.59
PROP-C31A25C746A6,Bengaluru,Kyalasanahalli,Independent House,2,600,4500000,3.3306065e+06,1.1693935e+06,25.99
PROP-4F2F4998F8D1,Mumbai,Dahisar West,Apartment,2,345,6700000,5.7681905e+06,931809.5,13.91
PROP-9BF2E6D016B8,Bengaluru,Whitefield,Apartment,4,2860,47700000,2.8550984e+07,1.9149016e+07,40.14
PROP-0BC7279CC057,Mumbai,Borivali East,Apartment,2,1150,38000000,2.132574e+07,1.667426e+07,43.88
PROP-752B1032436A,Mumbai,Khar West,Apartment,1,750,25600000,1.779706e+07,7.80294e+06,30.48
PROP-C0A638E9292C,Bengaluru,Kengeri Satellite Town,Apartment,1,460,2200000,2.5462038e+06,346203.75,15.74
PROP-7F02FB844401,Mumbai,Mulund West,Apartment,2,444,7000000,7.0472115e+06,47211.5,0.67
PROP-0BBA441CEA2F,Mumbai,Nagpada,Apartment,1,570,14000000,1.0515186e+07,3.484814e+06,24.89
PROP-87D8F9617640,Mumbai,Bhuleshwar,Apartment,2,990,24000000,1.9805528e+07,4.194472e+06,17.48
PROP-F9AE26D399E0,Delhi,Shahdara,Independent House,7,2700,16000000,2.097386e+07,4.97386e+06,31.09
PROP-CD35A675C82A,Mumbai,Umerkhadi,Independent House,2,225,10000000,3.6116762e+06,6.388324e+06,63.88
PROP-4F655C56AD56,Delhi,Kalkaji,Apartment,3,1225,14000000,1.4192678e+07,192679.0,1.38
PROP-4690CB8808CD,Mumbai,Kalbadevi,Apartment,3,1400,60000000,3.5730108e+07,2.4269894e+07,40.45
PROP-3178FF53B18D,Bengaluru,Anjanapura Township,Independent House,3,1350,8200000,7.0244985e+06,1.1755015e+06,14.34
PROP-59E1590973CA,Bengaluru,Bellandur,Apartment,3,1680,10500000,1.1143872e+07,643872.0,6.13
PROP-25DC8F4C8877,Bengaluru,Kempapura Agrahara,Independent House,8,3500,14500000,1.9339872e+07,4.839872e+06,33.38
PROP-4265812D2CC5,Mumbai,Mankhurd,Apartment,2,1000,14000000,1.1836666e+07,2.163334e+06,15.45
PROP-A8C8F1A3E704,Mumbai,Mira Road East,Apartment,2,754,1500000,7.917222e+06,6.417222e+06,427.81
PROP-76C80522386B,Bengaluru,Bannerughatta,Apartment,3,1705,1800000,1.0409345e+07,8.609345e+06,478.3
PROP-CAC8EE55D7D0,Mumbai,Bhandup West,Apartment,2,285,4200000,3.8535292e+06,346470.75,8.25
PROP-01258CD888CC,Mumbai,Mazgaon,Apartment,2,207,6300000,3.03008e+06,3.26992e+06,51.9
PROP-8AA1B32DE8F9,Mumbai,Naigaon East,Apartment,2,905,4800000,5.0173965e+06,217396.5,4.53
PROP-64EBE0D11F87,Mumbai,Ghatkopar West,Apartment,2,721,14500000,1.3377571e+07,1.12243e+06,7.74
PROP-80CF2D62D63E,Bengaluru,Hbr Layout,Apartment,2,1175,5640000,6.134939e+06,494939.0,8.78
PROP-BF421BA4E522,Bengaluru,Harlur,Apartment,2,1345,7400000,9.152827e+06,1.752827e+06,23.69
PROP-8F2195DE60CB,Hyderabad,Krishna Reddy Pet,Independent House,2,1250,9600000,8.194516e+06,1.405484e+06,14.64
PROP-F7BD9D22747D,Bengaluru,Kasturi Nagar,Independent House,4,2400,26500000,2.4497414e+07,2.002588e+06,7.56
PROP-7720992658C3,Bengaluru,Ramamurthy Nagar,Independent House,8,4100,18000000,2.1737684e+07,3.7376838e+06,20.76
PROP-65F887088827,Bengaluru,Kengeri Satellite Town,Independent House,3,1200,8700000,7.1513935e+06,1.548607e+06,17.8
PROP-B8E3BACB5623,Bengaluru,Banashankari,Independent House,3,1280,9500000,9.572013e+06,72013.0,0.76
PROP-8D94977A6E67,Bengaluru,Hsr Layout,Independent House,6,4300,43000000,3.1953332e+07,1.1046668e+07,25.69
PROP-8981BD3C3AC3,Bengaluru,Banaswadi,Independent House,4,1200,15000000,1.3771794e+07,1.228206e+06,8.19
PROP-D6687863770C,Bengaluru,Thotada Guddadhalli Village,Independent House,4,2400,9000000,1.244204e+07,3.44204e+06,38.24
PROP-6BC4EFC1CFCC,Bengaluru,Kengeri Satellite Town,Villa,4,2300,10700000,1.6381821e+07,5.681821e+06,53.1
PROP-271799439634,Bengaluru,Doddaballapura,Independent House,1,2200,9900000,6.730142e+06,3.169858e+06,32.02
PROP-59674F3EE6A7,Bengaluru,Arakere,Independent House,7,2600,17000000,1.474255e+07,2.25745e+06,13.28
PROP-3C891A383435,Bengaluru,Shanti Nagar,Independent House,10,2000,54000000,3.9023452e+07,1.4976548e+07,27.73
PROP-367B51021F39,Delhi,Sector 22 Dwarka,Apartment,2,900,11000000,7.64433e+06,3.35567e+06,30.51
PROP-7E0764BCF2E9,Delhi,Wazirabad,Apartment,2,445,2500000,1.9798824e+06,520117.62,20.8
PROP-46CDEB43B6B3,Bengaluru,Thotada Guddadhalli Village,Independent House,4,1600,7500000,8.89883e+06,1.3988301e+06,18.65
PROP-B7F82B9FB7AD,Bengaluru,Nagavara,Independent House,8,3100,11500000,1.5106588e+07,3.6065882e+06,31.36
PROP-F765AB932409,Bengaluru,Anekal,Apartment,2,704,2600000,2.3590702e+06,240929.77,9.27
PROP-441B387065E7,Bengaluru,Jnana Ganga Nagar,Apartment,2,1166,6500000,5.694925e+06,805075.06,12.39
PROP-5514AFF20F84,Bengaluru,Whitefield,Independent House,5,1200,14500000,1.3804141e+07,695859.06,4.8
PROP-0099544FD492,Hyderabad,Bachupally,Apartment,2,1055,5000000,5.7164945e+06,716494.5,14.33
PROP-2CEADC40C816,Bengaluru,Kumaraswamy Layout,Apartment,2,1050,4900000,6.015401e+06,1.115401e+06,22.76
PROP-C4954646E9F2,Hyderabad,Attapur,Apartment,2,1130,6200000,6.052736e+06,147264.0,2.38
PROP-E431893D0ABC,Delhi,Dlf Farms,Apartment,3,1150,4600000,1.2285388e+07,7.685388e+06,167.07
PROP-710A96DF2414,Delhi,Punjabi Bagh,Independent House,5,4000,82500000,6.4878056e+07,1.7621948e+07,21.36
PROP-E7F42158E430,Bengaluru,Budigere Cross,Villa,3,2150,9900000,1.1524512e+07,1.624512e+06,16.41
PROP-1140570945C8,Delhi,Bindapur,Independent House,2,700,9000000,6.098923e+06,2.901077e+06,32.23
PROP-C115B99019DD,Bengaluru,Mallathahalli,Villa,3,2100,12500000,1.757238e+07,5.07238e+06,40.58
PROP-BB715B7CF235,Bengaluru,Challaghatta,Apartment,3,2000,10500000,1.3690971e+07,3.190971e+06,30.39
PROP-04EB49338F82,Bengaluru,Srirampuram,Independent House,7,2030,15000000,1.8730084e+07,3.7300838e+06,24.87
PROP-64121B519FBB,Bengaluru,Nayandahalli,Independent House,3,1300,9000000,1.0145449e+07,1.145449e+06,12.73
PROP-5675C6F5CB48,Bengaluru,Kengeri,Villa,3,2398,16300000,1.8048556e+07,1.748556e+06,10.73
PROP-4D29EB61DFBC,Bengaluru,Jp Nagar,Apartment,3,1300,6500000,7.3334635e+06,833463.5,12.82
PROP-452399C4625D,Bengaluru,Gottigere,Independent House,3,3000,9300000,1.4340052e+07,5.040052e+06,54.19
PROP-4AA78A633340,Bengaluru,Kaval Bairasandra,Independent House,3,1600,19800000,1.0231771e+07,9.568229e+06,48.32
PROP-AED06F2C349F,Bengaluru,Anjanapura Township,Apartment,3,1350,5200000,5.807779e+06,607779.0,11.69
PROP-90B02A1B85ED,Bengaluru,Kamakshipalya,Independent House,3,600,7850000,7.590442e+06,259557.5,3.31
PROP-5AC58C83FC11,Delhi,Kalkaji,Apartment,3,1350,16500000,1.8554188e+07,2.054188e+06,12.45
PROP-A17023DDEB11,Bengaluru,Andrahalli,Independent House,5,1800,5950000,9.061372e+06,3.1113722e+06,52.29
PROP-1D94B991C82D,Bengaluru,Whitefield,Independent House,3,1350,4850000,8.736696e+06,3.886696e+06,80.14
PROP-F444C790B2ED,Delhi,Pitampura,Independent House,5,2734,200000000,2.5114252e+07,1.7488574e+08,87.44
PROP-85BD8779A415,Bengaluru,Bannerughatta,Apartment,2,1465,9500000,6.676035e+06,2.8239645e+06,29.73
PROP-1154DFEF5233,Bengaluru,Whitefield,Independent House,3,1247,4700000,8.060535e+06,3.360535e+06,71.5
PROP-60597F756F3F,Bengaluru,Marasandra,Independent House,3,1700,6500000,9.748766e+06,3.248766e+06,49.98
PROP-6059FA9320CF,Bengaluru,Btm Layout,Independent House,3,1715,8600000,1.2147007e+07,3.547007e+06,41.24
PROP-9C4437EC6F29,Bengaluru,Jayanagar,Independent House,4,3300,46500000,5.0935504e+07,4.435508e+06,9.54
PROP-3BC45615E83D,Bengaluru,Doddakammanahalli,Apartment,2,1285,6200000,6.3207435e+06,120743.5,1.95
PROP-A6D458E69668,Bengaluru,Malur,Independent House,1,462,2700000,2.0902315e+06,609768.5,22.58
PROP-C5B6591960BE,Bengaluru,Krishnarajapura,Villa,3,1690,5000000,9.022448e+06,4.022448e+06,80.45
PROP-B75D4C6DF44D,Bengaluru,Vidyaranyapura,Apartment,1,600,2300000,3.063442e+06,763442.0,33.19
PROP-D1BCB7A6C695,Hyderabad,Vanasthalipuram,Apartment,2,1100,5500000,5.715366e+06,215366.0,3.92
PROP-672D2C411426,Hyderabad,Nallagandla,Apartment,2,1290,8500000,7.503149e+06,996851.5,11.73
PROP-8DA9CBB65E93,Delhi,Uttam Nagar,Apartment,3,850,3200000,5.2845845e+06,2.0845845e+06,65.14
PROP-30630E02ABBF,Delhi,Mayur Vihar Phase 1,Apartment,3,1450,32500000,1.6607868e+07,1.5892132e+07,48.9
PROP-58FC2FB34F2A,Bengaluru,Bommanahalli,Apartment,1,470,1800000,2.0611821e+06,261182.12,14.51
PROP-42B6F4146A57,Delhi,Hastsal,Apartment,2,600,2500000,2.8044432e+06,304443.25,12.18
PROP-11AF8E156BD9,Bengaluru,Horamavu,Apartment,2,1022,4800000,4.858105e+06,58105.0,1.21
PROP-25DF2A6FDC38,Bengaluru,Chikbanavara,Independent House,2,1200,7000000,6.8411155e+06,158884.5,2.27
PROP-158809CFCE3B,Delhi,Sector 25 Rohini,Apartment,2,900,9500000,8.069373e+06,1.4306275e+06,15.06
PROP-2F7A0FB9F380,Bengaluru,Medahalli,Independent House,3,1550,8500000,9.919754e+06,1.4197539e+06,16.7
PROP-E88674DE1DEE,Bengaluru,Rmv Extension Stage 2,Apartment,5,3080,44100000,3.5546444e+07,8.553556e+06,19.4
PROP-1D28ADD72F9B,Hyderabad,Shaikpet,Apartment,3,2100,18200000,1.8462368e+07,262368.0,1.44
PROP-70992F35B99D,Bengaluru,Hongasandra,Independent House,4,4000,10000000,2.5090124e+07,1.5090124e+07,150.9
PROP-ADC63251681D,Hyderabad,Turkayamjal,Apartment,2,1140,5900000,4.9197275e+06,980272.5,16.61
PROP-F20F61B28770,Bengaluru,Kalyan Nagar,Independent House,4,1700,16000000,1.2931433e+07,3.068567e+06,19.18
PROP-72D69EEF4D88,Hyderabad,Patancheru,Villa,3,2400,12700000,1.8517172e+07,5.817172e+06,45.8
PROP-4C290BE30EDE,Delhi,Preet Vihar,Apartment,2,450,2500000,4.080149e+06,1.5801492e+06,63.21
PROP-C3677CA22876,Bengaluru,Whitefield,Apartment,3,1515,8500000,7.9400875e+06,559912.5,6.59
PROP-28B48F87AB5A,Delhi,Aya Nagar,Apartment,1,1100,3200000,3.1013062e+06,98693.75,3.08
PROP-040F2CAA3C2F,Hyderabad,Old Malakpet,Independent House,7,4000,33000000,2.2193286e+07,1.0806716e+07,32.75
PROP-88ACB6B53E2B,Delhi,Patel Nagar,Independent House,2,1000,5500000,8.74715e+06,3.24715e+06,59.04
PROP-CC0F0A77AD6E,Hyderabad,Upparpally,Apartment,2,1023,5500000,4.6582995e+06,841700.5,15.3
PROP-23765AECBE7F,Bengaluru,Bylakere,Independent House,3,1751,4000000,1.1607791e+07,7.6077905e+06,190.19
PROP-49C306D17CF4,Delhi,Naraina,Apartment,3,1000,12500000,1.2326932e+07,173067.0,1.38
PROP-92CAED17B68C,Bengaluru,Jp Nagar,Apartment,3,1675,12500000,1.1669682e+07,830318.0,6.64
PROP-1C1698312C8D,Bengaluru,Jalahalli West,Apartment,2,992,7500000,5.8515495e+06,1.6484505e+06,21.98
PROP-D415B9EED88E,Hyderabad,Kukatpally,Apartment,3,2090,17800000,1.4486636e+07,3.313365e+06,18.61
PROP-C17CCC6D8E5F,Bengaluru,Udayagiri,Apartment,2,1051,5700000,5.5195315e+06,180468.5,3.17
PROP-BE10A4594A2B,Hyderabad,Himayathsagar,Apartment,3,1800,14000000,1.1785281e+07,2.214719e+06,15.82
PROP-829D51DDD9AE,Bengaluru,Hsr Layout,Apartment,2,1158,6300000,6.154242e+06,145758.0,2.31
PROP-27F3E7B2B41A,Hyderabad,Nanakaramguda,Apartment,2,970,9100000,8.824537e+06,275463.0,3.03
PROP-E7C2E49BFCA9,Bengaluru,Bommanahalli,Apartment,2,1110,6600000,4.9203515e+06,1.6796485e+06,25.45
PROP-801B9737ACE8,Delhi,Chhattarpur,Apartment,3,1337,7500000,6.146505e+06,1.353495e+06,18.05
PROP-84D2C6E84C23,Hyderabad,Kokapet,Apartment,3,1980,18400000,1.9530668e+07,1.130668e+06,6.14
PROP-2275D32103F7,Bengaluru,Shivaji Nagar,Apartment,3,1513,18500000,1.1114028e+07,7.385973e+06,39.92
PROP-5E0381B65097,Delhi,Mahavir Enclave,Apartment,2,1025,4800000,4.7384445e+06,61555.5,1.28
PROP-48239E9554E9,Bengaluru,Krishnarajapura,Apartment,3,1180,5000000,5.7483935e+06,748393.5,14.97
PROP-A0A4C6D15B69,Bengaluru,Mallathahalli,Apartment,3,1300,6000000,9.03576e+06,3.03576e+06,50.6
PROP-D6B46557AE5D,Hyderabad,Madeenaguda,Apartment,2,1075,7900000,6.5097345e+06,1.3902655e+06,17.6
PROP-4CBC0D280E81,Delhi,Sector 14 Dwarka,Apartment,1,442,6000000,2.9644505e+06,3.0355495e+06,50.59
PROP-E17A41D91144,Hyderabad,Kokapet,Apartment,3,1535,15000000,1.3061673e+07,1.938327e+06,12.92
PROP-C7B4D553BDA3,Pune,Kalewadi,Independent House,3,450,8000000,3.781973e+06,4.218027e+06,52.73
PROP-0A7AA3C4817D,Delhi,Shakarpur Khas,Independent House,8,661,13700000,9.747743e+06,3.952257e+06,28.85
PROP-B322CA0F2F56,Hyderabad,Kukatpally,Apartment,3,1400,15000000,9.001684e+06,5.998316e+06,39.99
PROP-5D320F7FBB15,Delhi,Wazirabad,Independent House,1,675,3000000,3.2110842e+06,211084.23,7.04
PROP-92CC5FCC0984,Hyderabad,Aminpur,Apartment,3,1720,12000000,9.601782e+06,2.398218e+06,19.99
PROP-4636FB1CCEB1,Bengaluru,Kudlu Gate,Apartment,2,1130,6100000,5.490483e+06,609516.5,9.99
PROP-4B9A249BE6FA,Hyderabad,Osman Nagar,Apartment,3,2240,12300000,1.6325582e+07,4.025582e+06,32.73
PROP-AF6DFD39DE24,Kolkata,Chandpara,Independent House,2,5100,2800000,1.0769105e+07,7.9691055e+06,284.61
PROP-654778C330CB,Pune,Ambegaon Pathar,Apartment,1,514,1900000,1.9459981e+06,45998.0,2.42
PROP-FB797273D500,Bengaluru,Mathikere,Apartment,3,1625,13500000,1.016509e+07,3.33491e+06,24.7
PROP-15F42F3F45D1,Pune,Panshet,Independent House,2,4500,12500000,1.2343191e+07,156809.0,1.25
PROP-23281E632448,Pune,Chakan,Apartment,2,800,4750000,2.8736058e+06,1.8763942e+06,39.5
PROP-03CC8C63050C,Pune,Kirkatwadi,Apartment,1,551,2300000,2.5701808e+06,270180.75,11.75
PROP-3BEBCDD966CA,Bengaluru,Basavanagudi,Apartment,2,960,12500000,8.0883025e+06,4.4116975e+06,35.29
PROP-0FA6DEC053FD,Delhi,Najafgarh,Independent House,6,2750,18000000,1.2415868e+07,5.584132e+06,31.02
PROP-4B104614C8CE,Bengaluru,Gunjur Palya,Apartment,2,1109,6500000,5.8884625e+06,611537.0,9.41
PROP-C8430A3AAD4B,Kolkata,Baguiati,Apartment,3,1343,8000000,6.760853e+06,1.239147e+06,15.49
PROP-4310CA2F11EA,Pune,Mohammed Wadi,Apartment,1,550,1400000,2.5567422e+06,1.1567422e+06,82.62
PROP-3CCB14A442A1,Pune,Vadgaon,Villa,3,2000,12500000,1.2801882e+07,301881.0,2.42
PROP-D0D832658684,Kolkata,Jadavpur,Apartment,4,1700,8500000,9.50276e+06,1.00276e+06,11.8
PROP-6409F54AAB2B,Bengaluru,Kasavanahalli,Independent House,10,5000,23000000,3.391736e+07,1.0917361e+07,47.47
PROP-1E0B226AD1CB,Chennai,Ekkatuthangal,Villa,3,1200,29000000,1.0810038e+07,1.8189962e+07,62.72
PROP-ACC3B69ECDC7,Pune,Bebadohal,Independent House,3,700,3000000,3.934393e+06,934392.94,31.15
PROP-9C960929506D,Kolkata,Teghoria,Apartment,2,872,3999000,2.733377e+06,1.265623e+06,31.65
PROP-8D57BAF62DD6,Bengaluru,Electronic City,Apartment,2,1215,4500000,5.462427e+06,962427.06,21.39
PROP-57973D2D7260,Delhi,Kapashera,Apartment,3,1050,4500000,8.393357e+06,3.893357e+06,86.52
PROP-CFEBC8FF5FEE,Kolkata,Rahara,Apartment,2,970,4500000,4.9867615e+06,486761.53,10.82
PROP-49214D77DFEC,Chennai,Adhanur,Apartment,2,917,5500000,4.6593795e+06,840620.5,15.28
PROP-9C6BF7B90F11,Kolkata,Santoshpur,Apartment,2,1467,4100000,6.6259585e+06,2.5259585e+06,61.61
PROP-07B3294DA6EF,Delhi,Shalimar Bagh,Independent House,3,1500,30600000,1.6358996e+07,1.4241004e+07,46.54
PROP-7F39E980C902,Delhi,Budh Vihar,Independent House,2,402,4500000,2.917461e+06,1.5825388e+06,35.17
PROP-991E932AECFB,Pune,Akurdi,Apartment,1,421,1700000,1.7147676e+06,14767.75,0.87
PROP-519030674E5D,Delhi,Safdarjung Enclave,Apartment,2,783,4500000,1.2833688e+07,8.3336885e+06,185.19
PROP-B3F66E6E1218,Chennai,Ayappakkam,Apartment,1,640,1700000,3.0092305e+06,1.3092305e+06,77.01
PROP-0B4999D2EC4D,Chennai,Madipakkam,Apartment,2,865,5870000,3.7630995e+06,2.1069005e+06,35.89
PROP-A983A289BE38,Bengaluru,Bommasandra,Apartment,2,895,5200000,4.0443225e+06,1.1556775e+06,22.22
PROP-D6EDFDC0FBD2,Kolkata,Kabardanga,Apartment,3,1326,6500000,5.492227e+06,1.00777294e+06,15.5
PROP-473A60EABD96,Delhi,Dera Mandi,Apartment,2,810,3100000,6.6193585e+06,3.5193585e+06,113.53
PROP-2E15DA7D7553,Bengaluru,Talaghattapura,Apartment,2,1179,4490000,5.8134475e+06,1.323448e+06,29.48
PROP-2D2947021574,Bengaluru,Chansandra,Apartment,3,1470,7200000,8.107571e+06,907571.06,12.61
PROP-77E8219E84FC,Delhi,Burari,Independent House,1,500,1400000,2.30904e+06,909040.0,64.93
PROP-4233AA7EA058,Kolkata,Garia,Apartment,3,956,4800000,4.3696535e+06,430346.47,8.97
PROP-91AD8B00D735,Kolkata,Sarsuna,Independent House,5,4600,23000000,1.4030835e+07,8.969165e+06,39.0
PROP-C883AD0F6A4D,Kolkata,Garia,Apartment,2,950,3600000,4.1720385e+06,572038.5,15.89
PROP-A76744E50E9F,Bengaluru,Uttarahalli Hobli,Apartment,3,1350,8000000,7.181491e+06,818508.5,10.23
PROP-BB3502986EF1,Pune,Dhankawadi,Apartment,2,750,3700000,3.0133402e+06,686660.0,18.56
PROP-D503271FAF7C,Pune,Karve Nagar,Apartment,1,634,3000000,4.1517485e+06,1.1517485e+06,38.39
PROP-97161B865FA1,Kolkata,South Dum Dum,Apartment,2,750,2650000,2.7271642e+06,77164.25,2.91
PROP-D44CFEC304B2,Kolkata,Rajpur,Apartment,3,1156,4000000,4.4698655e+06,469865.53,11.75
PROP-9C1DE3D0CA46,Kolkata,Garia,Apartment,2,802,3600000,3.2461018e+06,353898.25,9.83
PROP-20AB8949E398,Pune,Punawale,Apartment,1,587,3675000,3.879381e+06,204381.0,5.56
PROP-B6CDFCD7A060,Chennai,Kk Nagar,Apartment,2,980,11700000,7.660006e+06,4.0399945e+06,34.53
PROP-5E56894F11B5,Pune,Dhanori,Apartment,4,1400,13000000,1.1659803e+07,1.340197e+06,10.31
PROP-93DB6361384B,Pune,Hadapsar,Independent House,5,2650,11000000,1.5810234e+07,4.810234e+06,43.73
PROP-1D61D96EF60F,Chennai,Perumbakkam,Apartment,2,840,4500000,3.8091465e+06,690853.5,15.35
PROP-D7E616E98581,Bengaluru,Byagadadhenahalli,Apartment,2,620,2400000,1.8750316e+06,524968.4,21.87
PROP-3E1764E34127,Kolkata,Behala,Apartment,1,407,1250000,1.4007836e+06,150783.62,12.06
PROP-566F75496C08,Bengaluru,Dodda Banaswadi,Apartment,3,1390,7500000,1.1922792e+07,4.422792e+06,58.97
PROP-42AAE903FF08,Kolkata,Baguiati,Apartment,2,844,4800000,3.0785158e+06,1.721484e+06,35.86
PROP-FB06D2E59F92,Chennai,West Mambalam,Apartment,3,1269,16000000,1.093446e+07,5.06554e+06,31.66
PROP-919C38CDEB64,Bengaluru,Rk Hegde Nagar,Villa,6,2900,17000000,1.73258e+07,325800.0,1.92
PROP-D8DCABCE8AE4,Chennai,Perumbakkam,Apartment,2,800,4500000,3.6626858e+06,837314.25,18.61
PROP-FCD2EC9B3ED8,Kolkata,South Dum Dum,Apartment,1,580,1700000,1.6908235e+06,9176.5,0.54
PROP-6B6059C14A8A,Pune,Shivane,Apartment,1,572,1550000,2.1947888e+06,644788.75,41.6
PROP-97B3BF9DCA10,Bengaluru,Munnekollal,Apartment,2,1150,5250000,7.560338e+06,2.310338e+06,44.01
PROP-0000796D181F,Delhi,Tri Nagar,Independent House,2,593,10000000,5.833674e+06,4.1663255e+06,41.66
PROP-FA0A1DDACC7A,Bengaluru,Marathahalli,Apartment,2,1212,7000000,7.4137685e+06,413768.47,5.91
PROP-C62B43F38CCC,Delhi,Jaitpur,Apartment,2,1000,1050000,3.350997e+06,2.3009972e+06,219.14
PROP-7F3F80142AB6,Delhi,Najafgarh,Independent House,2,360,2800000,2.1335565e+06,666443.5,23.8
PROP-0D33B9F918C9,Delhi,Khera Khurd,Apartment,1,400,2000000,1.4303992e+06,569600.9,28.48
PROP-091D4A015A48,Kolkata,Rajpur,Apartment,3,1189,5000000,4.2275905e+06,772409.5,15.45
PROP-67DA8FD2B232,Kolkata,Rajarhat,Apartment,2,930,4500000,3.859929e+06,640071.0,14.22
PROP-7124AD0F7686,Bengaluru,Bommasandra,Apartment,2,1135,3600000,4.8375455e+06,1.2375455e+06,34.38
PROP-577F6378425E,Bengaluru,Akshayanagar,Apartment,1,1030,8800000,3.7225545e+06,5.0774455e+06,57.7
PROP-C3F7B5D86C96,Chennai,Pozhichalur,Apartment,2,2400,3300000,1.1539997e+07,8.239997e+06,249.7
PROP-896E8998397A,Kolkata,Sonarpur,Apartment,2,805,3500000,2.772635e+06,727364.94,20.78
PROP-6E5FEC60EF5B,Pune,Loni Kalbhor,Apartment,1,500,2700000,1.5657392e+06,1.1342608e+06,42.01
PROP-47C446F8EA16,Kolkata,Mahheshtala,Apartment,3,1524,3450000,6.1028965e+06,2.6528965e+06,76.9
PROP-E1DEEFC57AA9,Pune,Nanded,Independent House,1,900,5000000,4.4736095e+06,526390.5,10.53
PROP-487838313AD9,Bengaluru,Horamavu,Apartment,2,1320,5500000,6.711657e+06,1.211657e+06,22.03
PROP-D10196DEBC00,Kolkata,Tangra,Apartment,4,3528,50000000,4.3203596e+07,6.796404e+06,13.59
PROP-D04249A2F8C6,Chennai,Mudichur,Apartment,2,830,3300000,4.051526e+06,751526.0,22.77
PROP-BD0EFDD55941,Delhi,Badarpur,Independent House,8,3350,14000000,1.2221234e+07,1.7787661e+06,12.71
PROP-644D268CD417,Kolkata,Kaikhali,Apartment,2,1200,2800000,5.119592e+06,2.319592e+06,82.84
PROP-671CB4740F4C,Bengaluru,Jayanagar,Apartment,3,2160,25000000,2.9592048e+07,4.592048e+06,18.37
PROP-03531CEBC5CA,Kolkata,Mandirtala,Apartment,2,835,3000000,3.3595728e+06,359572.75,11.99
PROP-A6618196324F,Pune,Shivane,Apartment,1,650,3200000,2.8197455e+06,380254.25,11.88
PROP-3AB12F84366F,Delhi,Hari Nagar,Independent House,3,1350,20000000,9.856159e+06,1.0143841e+07,50.72
PROP-ED4DB1169AFB,Kolkata,Lake Town,Apartment,2,745,2400000,2.762671e+06,362671.0,15.11
PROP-64F5EBE68935,Delhi,Narela,Independent House,3,562,3500000,3.5666488e+06,66648.5,1.9
PROP-1D3C0C922DE5,Chennai,Ayappakkam,Apartment,2,777,4000000,3.669619e+06,330381.0,8.26
PROP-EFAECB9DC87C,Bengaluru,Electronic City Phase Ii,Villa,2,800,5700000,3.1835532e+06,2.5164468e+06,44.15
PROP-9B66A02D0630,Kolkata,Behala,Apartment,2,884,4000000,3.5977158e+06,402284.25,10.06
PROP-E1B04EAF72FF,Bengaluru,Electronic City Phase Ii,Villa,2,800,5700000,3.573366e+06,2.126634e+06,37.31
PROP-E796F9A9C029,Kolkata,Garia,Apartment,3,875,3000000,3.912157e+06,912157.25,30.41
PROP-3CFAAD40BBC9,Kolkata,Sodepur,Apartment,2,995,7500000,4.5880175e+06,2.9119825e+06,38.83
PROP-CC1A3CD1AEAE,Kolkata,Regent Park,Apartment,2,555,2500000,1.6942665e+06,805733.5,32.23
PROP-7C444CF68EF4,Bengaluru,Bikasipura,Apartment,3,1299,7500000,8.246202e+06,746202.0,9.95
PROP-BA9E56614218,Kolkata,Madhyamgram,Independent House,5,2160,12000000,9.910147e+06,2.089853e+06,17.42
PROP-D8A3AAC363D4,Pune,Ranjangaon,Apartment,1,450,1700000,1.2707415e+06,429258.47,25.25
PROP-58B7AE50D315,Kolkata,Keshtopur,Apartment,2,931,3259000,3.5426575e+06,283657.75,8.7
PROP-E1ACD38526EE,Kolkata,Tollygunge,Apartment,2,914,4800000,4.4216e+06,378400.0,7.88
PROP-88263A0917D7,Kolkata,Deshbandhu Nagar,Apartment,3,1733,10600000,9.908729e+06,691271.06,6.52
PROP-BC27555666D6,Delhi,Sector 2 Rohini,Independent House,4,891,8500000,1.0374816e+07,1.874816e+06,22.06
PROP-AB79A648775B,Pune,Hadapsar,Apartment,2,1040,4800000,4.945185e+06,145185.0,3.02
PROP-230BB0F69709,Chennai,Pudupakkam,Villa,2,1250,6500000,6.4024205e+06,97579.5,1.5
PROP-C5709776DC76,Delhi,Khanpur,Independent House,2,900,9900000,4.1344465e+06,5.7655535e+06,58.24
PROP-670CED41C724,Bengaluru,Hsr Layout,Independent House,8,4800,72500000,3.16846e+07,4.08154e+07,56.3
PROP-9B76E2C4485B,Bengaluru,Kengeri,Apartment,3,1200,5500000,7.4294955e+06,1.9294955e+06,35.08
PROP-6B4235B84BF7,Chennai,Villivakkam,Independent House,4,2400,22500000,2.0829544e+07,1.670456e+06,7.42
PROP-B599B1954608,Delhi,Nilothi,Independent House,3,400,1700000,3.017746e+06,1.317746e+06,77.51
PROP-17D557164712,Bengaluru,Kachamaranahalli,Apartment,2,1195,6500000,5.352576e+06,1.147424e+06,17.65
PROP-055D52DB8A40,Bengaluru,Yemalur,Apartment,2,1100,6200000,7.1163285e+06,916328.5,14.78
PROP-03A665518206,Bengaluru,Ramamurthy Nagar,Apartment,2,1150,7200000,6.578397e+06,621603.5,8.63
PROP-E46C343B3C7F,Delhi,Wazirabad,Independent House,2,250,6000000,1.5804925e+06,4.4195075e+06,73.66
PROP-F0AD13B7D9ED,Pune,New Sangvi,Apartment,2,800,5000000,4.012126e+06,987874.0,19.76
PROP-A33D4062C822,Pune,Undri,Independent House,1,575,3500000,2.6640378e+06,835962.25,23.88
PROP-A1373E45A944,Bengaluru,Konanakunte,Apartment,3,1611,10500000,8.939114e+06,1.5608861e+06,14.87
PROP-996C65662CD4,Kolkata,Narendrapur,Apartment,2,920,3200000,3.6145258e+06,414525.75,12.95
PROP-13C19FD4247F,Pune,Mahalunge Ingale,Apartment,2,850,5000000,2.8750778e+06,2.1249222e+06,42.5
PROP-822EDA72DCC6,Kolkata,Ballygunge,Apartment,3,1250,13000000,1.2010002e+07,989998.0,7.62
PROP-D35BDA093917,Kolkata,South Dum Dum,Apartment,2,840,3850000,2.8374495e+06,1.01255025e+06,26.3
PROP-D84C06FCBEC6,Delhi,Baprola,Independent House,4,540,3500000,4.264557e+06,764556.94,21.84
PROP-6E85E8DDB8E1,Pune,Manjari Khurd,Apartment,2,275,1225000,1.3619225e+06,136922.62,11.18
PROP-F898A535A8B5,Chennai,Sembakkam,Apartment,2,771,4500000,3.1081992e+06,1.3918008e+06,30.93
PROP-C1B0FC0F914A,Pune,Baner,Apartment,3,1400,14000000,1.4827941e+07,827940.94,5.91
PROP-F319A892B24C,Bengaluru,Electronic City,Apartment,2,840,3400000,3.1044962e+06,295503.75,8.69
PROP-522450F0370A,Bengaluru,Whitefield,Apartment,3,1300,5900000,8.931819e+06,3.031819e+06,51.39
PROP-91FA2CDA86D8,Delhi,Geeta Colony,Apartment,1,378,3000000,1.9854262e+06,1.01457375e+06,33.82
PROP-0BD54F0CABA5,Pune,Guruwar Peth,Apartment,1,650,3600000,4.040633e+06,440633.0,12.24
PROP-A87A8D74790D,Kolkata,Narendrapur,Apartment,3,1545,6500000,7.57397e+06,1.07397e+06,16.52
PROP-85AD7C219091,Pune,Kashewadi,Apartment,3,1250,19000000,6.5835175e+06,1.2416483e+07,65.35
PROP-3B37A88FA0F9,Delhi,Vasant Vihar,Apartment,4,2700,94800000,5.8394172e+07,3.6405828e+07,38.4
PROP-17373D0031FC,Bengaluru,Kengeri Satellite Town,Apartment,3,1200,5500000,7.370357e+06,1.870357e+06,34.01
PROP-0EC53738418F,Delhi,Kirari Suleman Nagar,Independent House,2,700,5000000,3.5438742e+06,1.4561258e+06,29.12
PROP-49D7D2219B66,Mumbai,Bhandup East,Independent House,1,400,2000000,6.0464935e+06,4.0464935e+06,202.32
PROP-203BF7DBB39B,Bengaluru,Basaveshwara Nagar,Apartment,2,700,3450000,2.7713928e+06,678607.5,19.67
PROP-93C6AB98D198,Bengaluru,Banashankari,Apartment,3,1659,13400000,9.736539e+06,3.663461e+06,27.34
PROP-11F4A58E85E7,Bengaluru,Varanasi,Independent House,4,1250,14000000,1.4316686e+07,316686.0,2.26
PROP-EEDA4FBFA1FE,Mumbai,Naigaon East,Independent House,1,900,598000,4.017042e+06,3.419042e+06,571.75
PROP-B7C9B2FD3AE4,Bengaluru,Kothanur,Apartment,2,1260,6300000,8.925246e+06,2.625246e+06,41.67
PROP-9A4B4D800541,Bengaluru,Srinivaspura,Apartment,2,1016,5000000,4.332214e+06,667786.0,13.36
PROP-3E77D40DDAAD,Kolkata,Kashipur,Apartment,2,835,7500000,3.3670625e+06,4.1329375e+06,55.11
PROP-8C5EE2DFA40C,Mumbai,Naigaon East,Independent House,1,400,525000,1.9134655e+06,1.3884655e+06,264.47
PROP-E478C760D685,Kolkata,Panchpota,Independent House,2,1305,3300000,6.738176e+06,3.438176e+06,104.19
PROP-72DD0E6C2E04,Chennai,Thandalam,Apartment,3,1050,4100000,4.751984e+06,651984.0,15.9
PROP-7BC1F225166A,Kolkata,Behala Chowrasta,Apartment,3,1280,7000000,5.710435e+06,1.2895645e+06,18.42
PROP-33E1446547DD,Pune,Alandi,Independent House,1,750,3000000,2.759335e+06,240665.0,8.02
PROP-0CB168FFE83F,Pune,Ranjangaon,Apartment,1,443,1700000,1.3361285e+06,363871.53,21.4
PROP-7FBE2EF38C9B,Bengaluru,Thurahalli,Apartment,3,1250,6400000,7.078485e+06,678484.94,10.6
PROP-5B59C86825F0,Bengaluru,Marsur,Apartment,2,500,2200000,1.417593e+06,782407.06,35.56
PROP-557139DE533D,Kolkata,Mukundapur,Villa,2,1050,6000000,5.6472505e+06,352749.53,5.88
PROP-391AB2DFD8D0,Bengaluru,Jayanagar,Independent House,6,2400,50000000,3.56985e+07,1.43015e+07,28.6
PROP-AE86DAE6DFE0,Bengaluru,Vignana Kendra,Apartment,3,1634,11000000,1.2337683e+07,1.337683e+06,12.16
PROP-8F3FDCAF7F39,Delhi,Badarpur,Independent House,2,270,387000,1.7806225e+06,1.3936225e+06,360.11
PROP-A474AF159C00,Pune,Wakad,Apartment,1,665,4600000,4.9571975e+06,357197.53,7.77
PROP-677933159E12,Bengaluru,Thanisandra,Independent House,1,600,7000000,4.1634968e+06,2.8365032e+06,40.52
PROP-AD41B20B07BE,Bengaluru,Kalena Agrahara,Apartment,2,1256,5400000,6.9111695e+06,1.5111695e+06,27.98
PROP-448562E45FEB,Bengaluru,Vajarahalli,Apartment,2,950,4820000,3.255179e+06,1.5648212e+06,32.47
PROP-6F2E1D655213,Kolkata,Dum Dum Park,Apartment,2,800,3200000,3.2876282e+06,87628.0,2.74
PROP-736F0F7ECE66,Bengaluru,Krishnarajapura,Apartment,4,3630,40000000,4.5707524e+07,5.707524e+06,14.27
PROP-28F5B24D0E3D,Kolkata,Haltu,Apartment,2,820,4000000,3.3680095e+06,631990.25,15.8
PROP-3A41C3085ED3,Chennai,Kotturpuram,Apartment,2,858,8500000,7.121162e+06,1.3788381e+06,16.22
PROP-D99980C0DC28,Bengaluru,Margondanahalli,Villa,4,2500,14000000,2.2876124e+07,8.876124e+06,63.4
PROP-72415857F3B1,Mumbai,Mulund East,Independent House,2,190,2000000,2.2041798e+06,204179.77,10.21
PROP-39E81FB8972D,Delhi,Lajpat Nagar,Apartment,1,500,5000000,5.278948e+06,278948.0,5.58
PROP-3EF538C2BB00,Chennai,Ashok Nagar,Apartment,2,878,11500000,4.3778375e+06,7.1221625e+06,61.93
PROP-909C64B3F704,Delhi,Burari,Apartment,1,450,1300000,1.680168e+06,380168.0,29.24
PROP-138DEDBF7F6C,Bengaluru,Kodathi,Apartment,3,1467,9800000,8.033376e+06,1.766624e+06,18.03
PROP-C30B89369350,Pune,Budhwar Peth,Apartment,1,480,4500000,2.1793895e+06,2.3206105e+06,51.57
PROP-2B2BD378CAEC,Kolkata,Haltu,Apartment,2,900,4200000,3.9734048e+06,226595.23,5.4
PROP-F532821AF89B,Bengaluru,Btm Layout,Apartment,3,1837,18000000,1.4479729e+07,3.520271e+06,19.56
PROP-AFDAE87C7154,Chennai,Avadi,Apartment,2,650,3000000,2.8496502e+06,150349.75,5.01
PROP-01DEAD99037B,Kolkata,Rajarhat,Apartment,2,912,3600000,3.7656662e+06,165666.25,4.6
PROP-443AD859EEE0,Pune,Lohegaon,Independent House,4,3000,12500000,1.4441693e+07,1.9416941e+06,15.53
PROP-DFEDA14A0BE8,Chennai,Veppampattu,Independent House,2,1096,3900000,4.3661835e+06,466183.53,11.95
PROP-5D24CD48769C,Delhi,Inder Puri,Independent House,1,15000,500000,7.877651e+06,7.377651e+06,1475.53
PROP-98EDDDB8D98C,Bengaluru,Virupakshapura,Apartment,3,1375,7000000,8.165527e+06,1.165527e+06,16.65
PROP-A2CA99F38D85,Pune,Lulla Nagar,Apartment,1,540,4000000,2.407639e+06,1.592361e+06,39.81
PROP-796B051AF8B5,Chennai,Perambur,Apartment,2,693,4500000,4.1446552e+06,355344.75,7.9
PROP-DE5731F139BF,Kolkata,Baguiati,Apartment,1,600,1900000,1.8331622e+06,66837.75,3.52
PROP-E28DF73E05CE,Kolkata,Patipukur,Apartment,2,1085,4200000,3.554743e+06,645257.0,15.36
PROP-1D068F142138,Bengaluru,Jp Nagar,Independent House,4,8000,80000000,3.6743916e+07,4.3256084e+07,54.07
PROP-AC2302554A6A,Kolkata,Narendrapur,Apartment,3,1160,3900000,4.8724605e+06,972460.5,24.93
PROP-2AC175C3B47C,Kolkata,Beniapukur,Apartment,3,1800,20500000,1.1036291e+07,9.46371e+06,46.16
PROP-06099F7A6044,Pune,Dhayari,Apartment,2,740,3600000,3.5525165e+06,47483.5,1.32
PROP-8A84311D4E79,Pune,Bhawani Peth,Apartment,1,595,5300000,3.6275482e+06,1.672452e+06,31.56
PROP-05DFF2BD7711,Chennai,Medavakkam,Apartment,2,975,5700000,4.8051205e+06,894879.5,15.7
PROP-696D6304721C,Delhi,Karol Bagh,Independent House,6,1044,65000000,1.2707636e+07,5.2292364e+07,80.45
PROP-589503049540,Kolkata,Baguiati,Apartment,1,500,1600000,1.5727265e+06,27273.38,1.7
PROP-47C5803E0547,Kolkata,Narayantala,Apartment,2,725,2900000,2.7297325e+06,170267.5,5.87
PROP-22C37EA8FF52,Pune,Charholi Kurd,Apartment,1,470,2200000,1.7776924e+06,422307.75,19.2
PROP-E2F90CB494A4,Pune,Kasarwadi,Apartment,1,405,2300000,1.7577895e+06,542210.6,23.57
PROP-FBC09BC163C6,Mumbai,Kandivali West,Apartment,2,670,9000000,1.0287974e+07,1.287974e+06,14.31
PROP-379525864704,Kolkata,Dum Dum,Apartment,2,919,3000000,2.947525e+06,52475.0,1.75
PROP-C7EDDE98AC97,Pune,Kanhe,Apartment,2,768,2500000,2.6881988e+06,188198.77,7.53
PROP-562DA83E6F5E,Chennai,Saidapet,Apartment,2,1090,6300000,8.110099e+06,1.8100995e+06,28.73
PROP-532DD9B45FBC,Bengaluru,Rr Nagar,Apartment,2,1150,6500000,6.0129345e+06,487065.53,7.49
PROP-2BDF8D921D38,Kolkata,Bangur Avenue,Apartment,2,717,2800000,2.6313992e+06,168600.77,6.02
PROP-144B4C5089D8,Bengaluru,Arakere,Apartment,2,1120,6800000,5.123402e+06,1.6765981e+06,24.66
PROP-B4C44F440428,Bengaluru,Kithaganur Colony,Apartment,2,851,5000000,4.9827445e+06,17255.5,0.35
PROP-508FB2274A5A,Pune,Dhayari,Apartment,1,525,2100000,2.252432e+06,152432.0,7.26
PROP-A02D1D9F3763,Kolkata,Tollygunge,Apartment,2,888,4500000,4.2617275e+06,238272.5,5.29
PROP-019BB7F6FC5A,Delhi,Sector 16 Rohini,Apartment,1,270,2700000,2.0922876e+06,607712.25,22.51
PROP-648DA5A4EDFF,Delhi,Sarita Vihar,Apartment,1,600,5000000,4.0092918e+06,990708.25,19.81
PROP-386843F2FDBC,Bengaluru,Akshayanagar,Apartment,2,1100,4800000,4.5605995e+06,239400.5,4.99
PROP-E183B36DBF9C,Pune,Rahatani,Apartment,1,622,3200000,3.494526e+06,294526.0,9.2
PROP-D9CB1DD0F711,Pune,Kirkatwadi,Apartment,2,900,4500000,3.6032442e+06,896756.0,19.93
PROP-0839A69A25E7,Kolkata,Bhowanipore,Independent House,10,4992,40000000,2.8542164e+07,1.1457836e+07,28.64
PROP-6C2B6A425065,Chennai,Kalipathur,Apartment,2,920,4000000,5.0068235e+06,1.0068235e+06,25.17
PROP-A36C94723B05,Chennai,Kotturpuram,Apartment,2,1240,12800000,1.0398946e+07,2.401054e+06,18.76
PROP-0CCC81E445EA,Bengaluru,Sahakara Nagar,Apartment,3,1450,13000000,9.523535e+06,3.476465e+06,26.74
PROP-0FA60BF8C7B6,Pune,Pimple Nilakh,Apartment,1,610,4500000,3.5863528e+06,913647.25,20.3
PROP-1D5694A4E89E,Bengaluru,Jakkur,Apartment,3,1802,16000000,1.7600556e+07,1.600556e+06,10.0
PROP-8E5E873C46A7,Pune,Fursungi,Apartment,2,1000,3400000,3.8566248e+06,456624.75,13.43
PROP-C8E42F858B13,Bengaluru,Hsr Layout,Apartment,2,1136,5850000,6.2120705e+06,362070.47,6.19
PROP-AB5A295B5293,Pune,Hinjewadi Phase 3,Apartment,2,705,6300000,4.75964e+06,1.54036e+06,24.45
PROP-6101D9D0815E,Pune,Camp,Apartment,3,1677,16000000,1.5978182e+07,21818.0,0.14
PROP-516147147170,Bengaluru,Sorahunase,Apartment,3,1495,5850000,7.0106315e+06,1.1606315e+06,19.84
PROP-E1400AEBC247,Kolkata,New Alipore,Apartment,4,1500,5500000,1.2700559e+07,7.20056e+06,130.92
PROP-613214026DEC,Kolkata,Nayabad,Apartment,1,756,3200000,2.900143e+06,299857.0,9.37
PROP-C50197315C5B,Pune,Dudulgaon,Apartment,1,610,2800000,3.4630288e+06,663028.75,23.68
PROP-96AE64E0AE51,Bengaluru,Kaval Bairasandra,Apartment,2,1000,4800000,4.1704195e+06,629580.5,13.12
PROP-81B98A2ADF41,Delhi,Narela,Independent House,3,900,4000000,4.525519e+06,525519.0,13.14
PROP-3E351217DCA4,Kolkata,Bangur Avenue,Apartment,2,875,3500000,3.2700575e+06,229942.23,6.57
PROP-485FF5B36297,Pune,Uttam Nagar,Apartment,1,500,2200000,1.5515204e+06,648479.75,29.48
PROP-FE7C351FC38D,Kolkata,Ganguly Bagan,Apartment,3,1150,3500000,4.3235425e+06,823542.5,23.53
PROP-E5C7FD45EC04,Chennai,Perungalathur,Apartment,2,670,3300000,2.8242535e+06,475746.47,14.42
PROP-EEC70E716251,Delhi,Mahavir Enclave,Apartment,1,450,2000000,1.69078e+06,309220.0,15.46
PROP-9777B4A5461C,Pune,Balewadi,Independent House,4,1931,402000000,1.723878e+07,3.847612e+08,95.71
PROP-2EC168604693,Chennai,Triplicane,Apartment,2,678,6200000,4.6397225e+06,1.5602775e+06,25.17
PROP-0E0D2C5B8C8A,Pune,Jalochi,Apartment,2,926,3500000,4.1846625e+06,684662.25,19.56
PROP-E9E5C4B7AAC9,Delhi,Wazirabad,Apartment,4,1000,3000000,5.5205105e+06,2.5205105e+06,84.02
PROP-CAD881D27239,Chennai,Oragadam Ambattur,Apartment,4,2256,11000000,1.6553789e+07,5.553789e+06,50.49
PROP-E65FC9D8022F,Chennai,Triplicane,Independent House,3,390,11000000,4.214399e+06,6.7856015e+06,61.69
PROP-61F665798380,Chennai,Old Washermanpet,Independent House,1,435,21800000,2.5759818e+06,1.9224018e+07,88.18
PROP-4D8D9BA16C41,Pune,Dhankawadi,Apartment,2,810,4100000,3.3709242e+06,729075.75,17.78
PROP-69F66ED866EC,Chennai,Rajakilpakkam,Apartment,2,880,4200000,3.8306398e+06,369360.25,8.79
PROP-04225BDF52C1,Pune,Hinjewadi Phase 3,Apartment,2,750,7200000,4.989825e+06,2.210175e+06,30.7
PROP-BE86905CFF2E,Pune,Talegaon Dabhade,Apartment,2,789,3500000,3.0989352e+06,401064.75,11.46
PROP-7A95207DD455,Chennai,Urapakkam,Independent House,2,1250,6200000,6.606871e+06,406871.0,6.56
PROP-9DA23E88251B,Chennai,Paranur,Apartment,1,533,30000000,2.3236082e+06,2.7676392e+07,92.25
PROP-2330079CA17F,Pune,Rahatani,Apartment,2,1150,8000000,7.2453515e+06,754648.5,9.43
PROP-334657AE77B1,Chennai,Muttukadu,Apartment,3,1650,12700000,1.1027116e+07,1.672884e+06,13.17
PROP-91964089B0FC,Delhi,Old Delhi,Independent House,3,800,1600000,6.5990565e+06,4.9990565e+06,312.44
PROP-0EDAB1BD1273,Chennai,Kosappur,Independent House,1,800,7000000,3.5012072e+06,3.4987928e+06,49.98
PROP-B355C98429A1,Kolkata,Boral,Independent House,4,1200,3500000,9.614243e+06,6.114243e+06,174.69
PROP-E528079CC2AD,Bengaluru,Padmanabhanagar,Apartment,2,1150,3850000,6.10143e+06,2.25143e+06,58.48
PROP-28DFBC8DCE0A,Pune,Hadapsar,Apartment,2,885,5500000,4.000694e+06,1.4993059e+06,27.26
PROP-C52F4D39B865,Kolkata,Thakurpukur,Apartment,2,760,1800000,2.4816932e+06,681693.25,37.87
PROP-EDF8432FE4FB,Bengaluru,Kengeri Hobli,Apartment,2,883,7000000,4.1126368e+06,2.8873632e+06,41.25
PROP-1637BD590F22,Delhi,Ashok Vihar,Independent House,5,1125,58000000,2.6961036e+07,3.1038964e+07,53.52
PROP-F199A2484588,Delhi,Sector 35 Rohini,Apartment,1,390,2500000,1.4961062e+06,1.00389375e+06,40.16
PROP-4E40A6E12781,Bengaluru,Akshayanagar,Villa,4,3000,26500000,1.7715944e+07,8.784056e+06,33.15
PROP-608EF4DC87B4,Chennai,Poonamallee,Independent House,4,4600,24500000,3.1874808e+07,7.3748085e+06,30.1
PROP-D08A5EDEFD32,Kolkata,Tollygunge,Apartment,3,1916,25000000,1.5292826e+07,9.707175e+06,38.83
PROP-1FB8D6BD160D,Chennai,Madambakkam,Apartment,1,660,3000000,2.66919e+06,330810.0,11.03
PROP-8A5464BB826A,Pune,Ambegaon Budruk,Independent House,2,2200,15000000,8.88505e+06,6.11495e+06,40.77
PROP-DC411E13B622,Chennai,Choolaimedu,Independent House,6,3000,19700000,2.3491624e+07,3.791624e+06,19.25
PROP-B110CDEDE589,Kolkata,Tollygunge,Independent House,10,1500,30000000,2.1522042e+07,8.477956e+06,28.26
PROP-8CE170936004,Pune,Fursungi,Apartment,1,666,3700000,2.268596e+06,1.431404e+06,38.69
PROP-ED2A96EE81CC,Kolkata,Keshtopur,Apartment,4,1740,9500000,9.338959e+06,161041.0,1.7
PROP-8A768B15D13A,Kolkata,Malancha Mahi Nagar,Apartment,3,1250,8500000,4.656767e+06,3.843233e+06,45.21
PROP-304E27B69521,Delhi,Jangpura,Apartment,2,552,4425000,3.014869e+06,1.4101308e+06,31.87
PROP-A7E68362B9E1,Pune,Uruli Kanchan,Apartment,1,592,2700000,1.8927299e+06,807270.2,29.9
PROP-AA8604D84968,Bengaluru,Gattahalli,Apartment,3,1240,6000000,6.637349e+06,637349.0,10.62
PROP-9822EEF82ABC,Kolkata,Behala,Independent House,8,2500,17000000,1.3336146e+07,3.663854e+06,21.55
PROP-DFD6E796FB34,Pune,Mahalunge Ingale,Apartment,1,687,2800000,2.5079575e+06,292042.5,10.43
PROP-E919A969ED24,Bengaluru,Electronic City Phase Ii,Apartment,3,1252,7500000,6.0207665e+06,1.479233e+06,19.72
PROP-106BC321EBEB,Kolkata,New Town,Apartment,1,450,1800000,1.7523345e+06,47665.38,2.65
PROP-AABFB17B7D65,Delhi,Mehrauli,Independent House,5,297,6500000,4.8971225e+06,1.6028775e+06,24.66
PROP-EE9919856925,Kolkata,Shobhabazar,Independent House,6,3600,35000000,1.3009882e+07,2.1990118e+07,62.83
PROP-0C7348FE202B,Bengaluru,Jp Nagar,Independent House,5,3800,22500000,2.3654072e+07,1.154072e+06,5.13
PROP-EE658D339931,Kolkata,Alipore,Apartment,5,2080,19900000,2.0990548e+07,1.090548e+06,5.48
PROP-D1ECAC019D3E,Delhi,Madanpur Dabas,Independent House,3,540,2500000,4.382754e+06,1.8827539e+06,75.31
PROP-7ED1F20898BC,Bengaluru,Srinivasa Nagar,Apartment,3,1490,11000000,8.148281e+06,2.851719e+06,25.92
PROP-EDA26ACA745F,Pune,Shikrapur,Independent House,1,666,1500000,2.2653035e+06,765303.5,51.02
PROP-BBB3A01A2F49,Bengaluru,Whitefield,Apartment,2,1135,6300000,5.2665225e+06,1.0334775e+06,16.4
PROP-296A5EDDFEF1,Kolkata,Dum Dum Park,Apartment,2,750,2800000,2.7054742e+06,94525.75,3.38
PROP-326C6C985F63,Bengaluru,Choodasandra,Apartment,3,1650,12000000,1.0060854e+07,1.9391459e+06,16.16
PROP-0BF84DE55887,Chennai,Tambaram East,Apartment,2,969,6500000,4.417777e+06,2.082223e+06,32.03
PROP-1BA137FCFEB8,Pune,Sangamvadi,Apartment,1,600,4800000,2.4722702e+06,2.3277298e+06,48.49
PROP-34AA51D6DB14,Chennai,Valasaravakkam,Apartment,2,1050,6600000,6.11705e+06,482949.53,7.32
PROP-F692AF9D9DBB,Pune,Pirangut,Apartment,2,991,4800000,4.1346002e+06,665399.75,13.86
PROP-C9F82BF3C623,Chennai,Varadharajapuram,Apartment,2,1010,6000000,4.739041e+06,1.260959e+06,21.02
PROP-9920FEDD3A27,Bengaluru,Gunjur,Apartment,2,1190,5500000,5.856183e+06,356183.0,6.48
PROP-7D6F43A9D4CE,Chennai,Ayappakkam,Apartment,3,1050,7500000,5.256171e+06,2.243829e+06,29.92
PROP-FB0D36CBD496,Pune,Lohegaon,Apartment,2,968,4500000,5.5484685e+06,1.0484685e+06,23.3
PROP-1225888C958D,Kolkata,Purba Barisha,Apartment,2,695,2700000,2.2538135e+06,446186.47,16.53
PROP-734131851919,Kolkata,Belghoria,Apartment,2,736,2800000,2.4552168e+06,344783.25,12.31
PROP-B13EC64B4D8C,Pune,Chakan,Apartment,1,465,1200000,1.4480348e+06,248034.77,20.67
PROP-F466BD78E78E,Pune,Dhayari,Apartment,1,564,2400000,2.2092748e+06,190725.23,7.95
PROP-333C68C4F662,Pune,Rahatani,Apartment,3,1533,10500000,1.0187839e+07,312161.0,2.97
PROP-C24219733A36,Pune,Sadashiv Peth,Apartment,1,851,7000000,6.1355125e+06,864487.5,12.35
PROP-93543A2B8291,Bengaluru,Electronic City,Apartment,3,1854,12500000,1.0177312e+07,2.322688e+06,18.58
PROP-5B88E522A164,Delhi,Arjun Nagar,Independent House,2,460,4000000,3.1150422e+06,884957.75,22.12
PROP-4CB24B1A7F77,Delhi,Ganesh Nagar,Apartment,2,505,2650000,3.4403122e+06,790312.25,29.82
PROP-5D924DEEC572,Delhi,Mayur Vihar Phase 3,Independent House,10,1180,13000000,2.1468824e+07,8.468824e+06,65.14
PROP-80FBD22F25CE,Delhi,Ashok Vihar,Apartment,3,892,7000000,1.3574921e+07,6.574921e+06,93.93
PROP-61D3FEC6E5AB,Pune,Kondhwa,Apartment,1,450,3200000,2.1789595e+06,1.0210405e+06,31.91
PROP-B67D54B79A19,Chennai,Kodungaiyur West,Independent House,1,390,3250000,2.7097452e+06,540254.75,16.62
PROP-751A22338514,Chennai,Alandur,Apartment,1,470,2500000,2.4966722e+06,3327.75,0.13
PROP-1E7CF47E4D36,Delhi,Qutub Vihar,Independent House,3,450,1900000,4.4283735e+06,2.5283735e+06,133.07
PROP-D7C2B2F41C4C,Chennai,Mugalivakkam,Independent House,4,1000,12000000,8.758194e+06,3.241806e+06,27.02
PROP-76B2C7803F78,Pune,Kondhwa,Apartment,3,1134,7000000,5.7874705e+06,1.2125295e+06,17.32
PROP-50676E9D9F4F,Delhi,Shahdara,Independent House,5,1800,2000000,1.7225104e+07,1.5225103e+07,761.26
PROP-2B717BE67EC4,Pune,Magarpatta City,Independent House,3,2100,27000000,1.5100884e+07,1.1899116e+07,44.07
PROP-07B8746D23A2,Bengaluru,Vidyaranyapura,Apartment,2,975,5500000,5.079877e+06,420123.0,7.64
PROP-7421156566D1,Bengaluru,Marsur,Villa,4,2400,9000000,1.0688439e+07,1.688439e+06,18.76
PROP-D54BF2F0FBB5,Delhi,Rajinder Nagar,Apartment,2,900,16500000,6.8062155e+06,9.693784e+06,58.75
PROP-6C5E68C07BBE,Pune,Fursungi,Independent House,3,2112,7500000,1.0419038e+07,2.919038e+06,38.92
PROP-96868D158019,Bengaluru,Jayanagar,Apartment,2,1225,10000000,1.1453338e+07,1.453337e+06,14.53
PROP-BA06BA1E0E0D,Bengaluru,Konanakunte,Apartment,3,1250,5900000,7.0719065e+06,1.1719065e+06,19.86
PROP-E12060B5FCF0,Pune,Warje,Apartment,2,335,2400000,1.8218444e+06,578155.75,24.09
PROP-CBDD9BFBC924,Pune,Wakad,Apartment,1,590,4200000,3.7457375e+06,454262.47,10.82
PROP-73EC79C346C9,Bengaluru,Kannuru,Apartment,2,982,6000000,5.893997e+06,106003.0,1.77
PROP-C478F2F33020,Pune,Wagholi,Apartment,1,679,2600000,2.6030502e+06,3050.25,0.12
PROP-218BB9049506,Pune,Pimpri,Apartment,2,995,6000000,5.5935755e+06,406424.47,6.77
PROP-D365A7B2C57D,Pune,Punawale,Apartment,2,1110,5900000,5.362529e+06,537471.0,9.11
PROP-198A4414CF17,Pune,Dhanori,Apartment,2,845,6500000,4.3520285e+06,2.1479715e+06,33.05
PROP-AD421BD5654A,Pune,Chinchwad,Apartment,1,620,3700000,3.3914648e+06,308535.25,8.34
PROP-D943D15B8A66,Delhi,Sector 9 Rohini,Apartment,3,1250,14000000,1.5491666e+07,1.4916659e+06,10.65
PROP-9A7489587C51,Chennai,Red Hills,Independent House,2,1200,3700000,5.5975455e+06,1.8975455e+06,51.29
PROP-F4896266A45B,Pune,Wakad,Apartment,2,1016,9500000,7.273494e+06,2.226506e+06,23.44
PROP-3FA6A4F71660,Pune,Shivaji Nagar,Independent House,8,1080,15000000,1.5664294e+07,664295.0,4.43
PROP-A7645A4CF350,Pune,Manjari Budruk,Apartment,3,1350,9500000,7.7184785e+06,1.781521e+06,18.75
PROP-1562A0265141,Chennai,Kumananchavadi,Apartment,2,901,6000000,3.904561e+06,2.095439e+06,34.92
PROP-F81A9F971B57,Pune,Kharadi,Apartment,3,1600,16500000,1.4550465e+07,1.949535e+06,11.82
PROP-937825DA2B1F,Delhi,Hauz Khas,Independent House,3,3150,110000000,2.926442e+07,8.073558e+07,73.4
PROP-2C3582A9D384,Pune,Lonikand,Apartment,1,645,2500000,1.9076439e+06,592356.1,23.69
PROP-7ED93828946E,Pune,Marunji,Apartment,2,900,4800000,5.102021e+06,302021.0,6.29
PROP-B8B94387843F,Pune,Marunji,Apartment,1,650,3500000,3.0186122e+06,481387.75,13.75
PROP-427BB62F325C,Pune,Kharadi,Apartment,2,300,1500000,2.251442e+06,751442.0,50.1
PROP-1E40B5CCA256,Pune,Kothrud,Apartment,3,1500,15000000,1.5218451e+07,218451.0,1.46
PROP-C14C5364DF49,Pune,Punawale,Apartment,2,840,4500000,4.645917e+06,145917.0,3.24
PROP-4486EEF8D4D1,Chennai,Padappai,Apartment,2,375,1200000,1.2373866e+06,37386.62,3.12
PROP-9C0155D64C0C,Chennai,Ennore,Independent House,2,2600,7500000,1.2558653e+07,5.058653e+06,67.45
PROP-50394F774E73,Pune,Rahatani,Apartment,2,845,6300000,5.53325e+06,766750.0,12.17
PROP-ABBAAB4A7BB3,Delhi,Mayur Vihar,Apartment,1,500,2400000,4.2346075e+06,1.8346075e+06,76.44
PROP-3BA055D85EF0,Pune,Wakad,Apartment,2,1050,8149000,7.6520465e+06,496953.0,6.1
PROP-05E36858244F,Delhi,Nangloi,Independent House,2,400,2500000,2.9691302e+06,469130.25,18.77
PROP-AF6144C38FE8,Chennai,Kanchipuram,Independent House,4,5000,30000000,4.321851e+07,1.3218511e+07,44.06
PROP-3348AB66A06C,Chennai,Thalambur,Independent House,2,830,1600000,5.069878e+06,3.469878e+06,216.87
PROP-6C0936C8F0AD,Pune,Chikhali,Apartment,2,800,4900000,3.839952e+06,1.060048e+06,21.63
PROP-8BEAB30F288D,Chennai,Kattur,Apartment,2,832,4243000,3.977659e+06,265341.25,6.25
PROP-D086A5805E7B,Pune,Sus,Apartment,2,1050,7500000,7.422654e+06,77346.0,1.03
PROP-4AE5BBC199FF,Delhi,Najafgarh,Independent House,8,2120,18000000,9.717818e+06,8.282182e+06,46.01
PROP-C2DBDC3420F0,Chennai,Mogappair,Independent House,4,1800,12500000,1.8341032e+07,5.8410315e+06,46.73
PROP-193F4EF309DA,Pune,Kondhwa,Apartment,2,837,6000000,3.481586e+06,2.518414e+06,41.97
PROP-5A9592DB1F1D,Pune,Hadapsar,Apartment,2,1125,5500000,6.223604e+06,723604.0,13.16
PROP-B0FC8841569E,Chennai,Mogappair,Independent House,1,900,6000000,6.269277e+06,269276.5,4.49
PROP-AB88189F7163,Chennai,Sikkarayapuram,Independent House,4,2200,14000000,1.2393108e+07,1.606892e+06,11.48
PROP-2055C19CB674,Pune,Narhe,Apartment,1,427,1290000,1.555829e+06,265829.0,20.61
PROP-69F481659997,Chennai,Kanchipuram,Apartment,1,606,2500000,3.0148838e+06,514883.75,20.6
PROP-4172C423BC27,Chennai,Ponneri,Independent House,1,1415,6000000,7.35599e+06,1.3559901e+06,22.6
PROP-7FE1DF5521DC,Delhi,Kashmere Gate,Apartment,2,702,2000000,3.6158152e+06,1.6158152e+06,80.79
PROP-50E606087A7C,Pune,Tathawade,Apartment,1,690,4200000,4.436633e+06,236633.0,5.63
PROP-DD6861FA201B,Chennai,Sholinganallur,Apartment,1,669,3900000,4.0701345e+06,170134.23,4.36
PROP-49ACBF50F717,Chennai,Guduvancheri,Independent House,1,600,2900000,3.1617112e+06,261711.23,9.02
PROP-4C83E815CACF,Chennai,Maraimalai Nagar,Independent House,2,920,4500000,3.9456242e+06,554375.75,12.32
PROP-661B8AB6A103,Chennai,Triplicane,Apartment,1,600,5299000,3.826386e+06,1.4726141e+06,27.79
PROP-A918B769D6B9,Pune,Punawale,Apartment,2,1080,5800000,6.3452405e+06,545240.0,9.4
PROP-6B6BE6C61FEF,Chennai,Perumbakkam,Apartment,1,538,3950000,2.35107e+06,1.5989299e+06,40.48
PROP-5CF35E1B898A,Chennai,Padur,Apartment,1,520,1950000,1.9536928e+06,3692.75,0.19
PROP-F98C157B29CE,Pune,Ghorpadi,Apartment,3,2053,32500000,2.2960272e+07,9.539728e+06,29.35
PROP-8376954AEA95,Chennai,Kodungaiyur East,Independent House,2,1100,5900000,6.398557e+06,498557.0,8.45
PROP-9A1F628A10B9,Delhi,Dilshad Garden,Independent House,2,900,4500000,8.1432245e+06,3.643224e+06,80.96
PROP-4F32EE8407AD,Chennai,Guduvancheri,Independent House,3,1340,7500000,6.8935215e+06,606478.5,8.09
PROP-B8C56FCADE08,Pune,Fursungi,Apartment,1,630,3000000,2.5674002e+06,432599.75,14.42
PROP-2E3EC8E874AE,Delhi,Kalkaji,Independent House,3,1000,5500000,1.1853475e+07,6.353475e+06,115.52
PROP-B5D2587A4084,Pune,Manjari Budruk,Villa,2,950,7500000,4.2970045e+06,3.2029955e+06,42.71
PROP-B28630628F9B,Pune,Kalewadi,Apartment,3,1100,8500000,7.14149e+06,1.3585101e+06,15.98
PROP-3394EA0AC455,Pune,Tathawade,Apartment,3,1266,13500000,9.743375e+06,3.756625e+06,27.83
PROP-B5F6D51294B4,Chennai,Nemilicheri,Independent House,3,1200,5200000,7.657434e+06,2.4574345e+06,47.26
PROP-7171986C6A37,Pune,Bhugaon,Apartment,2,1010,8000000,5.935626e+06,2.0643741e+06,25.8
PROP-EC62912FBF43,Pune,Kharadi,Apartment,2,1980,30000000,1.2041242e+07,1.7958758e+07,59.86
PROP-6153FB7F2B67,Chennai,Ashthinapuram,Independent House,3,1250,6000000,8.123158e+06,2.123158e+06,35.39
PROP-AFDB4203AF02,Delhi,Shahdara,Independent House,4,450,6500000,5.9608185e+06,539181.5,8.3
PROP-D489B728AB28,Bengaluru,K Channasandra,Apartment,2,1150,4700000,5.6508545e+06,950854.5,20.23
PROP-76039D31B119,Pune,Shivaji Nagar,Apartment,4,3150,42100000,2.9983046e+07,1.2116956e+07,28.78
PROP-3FC81BB9A8E9,Pune,Dhanori,Apartment,2,830,6200000,4.965094e+06,1.234906e+06,19.92
PROP-7DC55992A5F7,Pune,Sus,Apartment,2,920,5800000,5.0727945e+06,727205.5,12.54
PROP-6E687CF596C9,Pune,Dhayari,Apartment,2,1200,6000000,5.4670495e+06,532950.5,8.88
PROP-4C94311153E5,Pune,Rajgurunagar,Apartment,2,166,1400000,775070.75,624929.25,44.64
PROP-B09BC38C8A1A,Chennai,Old Washermanpet,Independent House,2,400,2800000,2.496346e+06,303654.0,10.84
PROP-9AAC411C21F9,Pune,Kiwale,Apartment,1,645,3350000,3.169443e+06,180557.23,5.39
PROP-6B1DC8E61D9E,Pune,Keshav Nagar,Apartment,3,1270,7800000,1.0499634e+07,2.699634e+06,34.61
PROP-BB5B83AE6F90,Delhi,Kamla Nagar,Independent House,10,3300,45000000,2.1803668e+07,2.3196332e+07,51.55
PROP-07F19728EC21,Chennai,Adyar,Apartment,3,1000,11000000,7.1025645e+06,3.8974355e+06,35.43
PROP-718CE2A5E52A,Chennai,Kovur,Independent House,5,2500,9000000,1.991618e+07,1.091618e+07,121.29
PROP-43AF163981C9,Pune,Gahunje,Apartment,1,500,6500000,4.9363175e+06,1.5636825e+06,24.06
PROP-F9DCDB747D11,Pune,Pisoli,Apartment,2,890,4700000,4.357839e+06,342161.0,7.28
PROP-CB0DDE945B7A,Pune,Charholi Kurd,Apartment,1,567,2400000,1.8328476e+06,567152.4,23.63
PROP-1D6A69D5960E,Pune,Moshi,Apartment,2,800,6500000,4.3397565e+06,2.1602435e+06,33.23
PROP-F3A128C532B5,Pune,Warje,Apartment,2,890,5700000,5.9560565e+06,256056.5,4.49
PROP-5F20A6821AC7,Chennai,Sevvapet,Independent House,3,1500,6500000,1.0021038e+07,3.521038e+06,54.17
PROP-4D8AAFAF4DD6,Kolkata,Kalighat,Villa,1,755,6000000,4.233275e+06,1.766725e+06,29.45
PROP-F73C51824DEC,Kolkata,Dum Dum Park,Apartment,2,750,2500000,2.5269985e+06,26998.5,1.08
PROP-DD96F911A6F7,Mumbai,Mira Road East,Apartment,2,1000,12000000,8.0750385e+06,3.9249615e+06,32.71
PROP-83B677C44E98,Pune,Rasta Peth,Apartment,1,687,6400000,4.175135e+06,2.224865e+06,34.76
PROP-EC60233BBF5C,Kolkata,International Airport,Apartment,2,950,3600000,3.3940855e+06,205914.5,5.72
PROP-CEAB7897D726,Mumbai,Nalasopara West,Apartment,1,515,2700000,2.7307558e+06,30755.75,1.14
PROP-B77E72E72087,Mumbai,Virar West,Apartment,2,1055,5800000,5.410611e+06,389388.47,6.71
PROP-6C88132DD7DA,Bengaluru,Electronic City Phase Ii,Apartment,3,1787,7500000,9.508797e+06,2.008797e+06,26.78
PROP-31228546D8E5,Mumbai,Goregaon West,Apartment,2,595,10000000,9.269713e+06,730287.06,7.3
PROP-91A5C082A239,Delhi,Kalkaji Extension,Independent House,9,1500,60000000,1.7159196e+07,4.2840804e+07,71.4
PROP-12F866BB884B,Kolkata,Ballygunge,Independent House,3,2200,25700000,1.9881792e+07,5.818208e+06,22.64
PROP-F72F006C0A67,Delhi,Bawana,Apartment,1,360,1500000,1.8589059e+06,358905.88,23.93
PROP-EC3016304151,Kolkata,Garia,Apartment,2,720,2500000,2.865478e+06,365478.0,14.62
PROP-300301509063,Delhi,Jahangirpuri,Apartment,2,1181,8000000,5.5517925e+06,2.4482075e+06,30.6
PROP-3B8E9D1E24A9,Bengaluru,Sollepura Village,Villa,3,850,5500000,6.05839e+06,558390.0,10.15
PROP-4A67F7047825,Bengaluru,Jakkur,Apartment,3,1900,14000000,1.939188e+07,5.3918795e+06,38.51
PROP-2BD3DCFC4E20,Delhi,Sector 15 Rohini,Apartment,1,610,5500000,4.5994425e+06,900557.5,16.37
PROP-8019381B2D7D,Mumbai,Goregaon East,Apartment,2,920,17500000,1.3403852e+07,4.096149e+06,23.41
PROP-7E7631D90398,Pune,Spine Road,Apartment,1,614,3600000,3.1727178e+06,427282.25,11.87
PROP-52424E54F5E3,Kolkata,Ward No 113,Apartment,2,820,3000000,3.1932958e+06,193295.77,6.44
PROP-1AFF711E86BC,Mumbai,Santacruz West,Apartment,4,1500,120000000,4.782804e+07,7.217196e+07,60.14
PROP-E21237B121F4,Delhi,Geeta Colony,Apartment,2,890,11000000,5.0816215e+06,5.918378e+06,53.8
PROP-18D6071BF955,Pune,Pimpri,Apartment,1,610,3600000,3.4741665e+06,125833.75,3.5
PROP-492710FE2FE9,Bengaluru,Electronic City,Apartment,2,1000,3500000,4.1303202e+06,630320.25,18.01
PROP-F0513E15F390,Delhi,Shahdara,Independent House,5,2250,10800000,2.029122e+07,9.49122e+06,87.88
PROP-1A63C13254E9,Bengaluru,Malimakanapura,Apartment,2,1065,3300000,4.955817e+06,1.655817e+06,50.18
PROP-E9A87A15A0EA,Mumbai,Goregaon West,Apartment,2,830,15000000,1.3855025e+07,1.144976e+06,7.63
PROP-5456B6DC1BE7,Bengaluru,Rr Nagar,Apartment,3,1200,7800000,7.3351345e+06,464865.0,5.96
PROP-5BDEEBAF47FC,Pune,Ambegaon Budruk,Apartment,2,1010,4000000,4.855673e+06,855672.94,21.39
PROP-63ABB0812E88,Pune,Kharadi,Apartment,3,1142,8000000,9.546542e+06,1.5465421e+06,19.33
PROP-7ED9D16B4A84,Delhi,Tri Nagar,Independent House,7,5940,27000000,8.4212e+07,5.7212e+07,211.9
PROP-6653EDB96020,Pune,Bibwewadi,Apartment,1,550,4200000,3.06117e+06,1.13883e+06,27.12
PROP-0FDB3B6F821B,Bengaluru,Margondanahalli,Independent House,5,2400,9500000,1.652338e+07,7.02338e+06,73.93
PROP-8F23576DE15A,Bengaluru,Hennur,Apartment,3,1700,12000000,1.0126696e+07,1.873304e+06,15.61
PROP-73AD0F516D1D,Kolkata,Sarsuna,Apartment,2,916,2700000,2.9340128e+06,234012.77,8.67
PROP-6B1B4B888525,Bengaluru,Hampapura,Apartment,3,1500,6800000,8.611768e+06,1.811768e+06,26.64
PROP-31C335EAA49F,Kolkata,Rahara,Apartment,3,1800,7500000,7.795086e+06,295086.0,3.93
PROP-5CE0B820B272,Pune,Shikrapur,Independent House,5,1100,5000000,5.86465e+06,864650.5,17.29
PROP-579AC477C3DE,Delhi,Palam,Independent House,1,400,4800000,2.5336612e+06,2.2663388e+06,47.22
PROP-29E8098A6751,Kolkata,Sinthi,Apartment,2,910,4500000,4.8385465e+06,338546.47,7.52
PROP-D0706C8D1125,Delhi,Kondli,Independent House,3,400,7000000,6.3490835e+06,650916.5,9.3
PROP-F24A817B0BB3,Bengaluru,Whitefield,Apartment,2,1216,13000000,8.282528e+06,4.717472e+06,36.29
PROP-ED4B5382AB51,Pune,Bibwewadi,Apartment,1,515,1500000,3.257045e+06,1.757045e+06,117.14
PROP-0C2F959D4D5F,Mumbai,Borivali West,Apartment,2,780,19500000,1.4211939e+07,5.288061e+06,27.12
PROP-7333F24AF932,Kolkata,Golf Green,Apartment,2,745,4000000,3.4852135e+06,514786.47,12.87
PROP-FF44CE499C7D,Kolkata,Narendrapur,Apartment,3,1505,6700000,8.555947e+06,1.855947e+06,27.7
PROP-BDA85CF43BCD,Bengaluru,Subramanyapura,Apartment,3,1800,14000000,1.2040093e+07,1.9599059e+06,14.0
PROP-4ABBEB8C8EFE,Kolkata,Hussainpur,Apartment,6,2200,22500000,1.227733e+07,1.022267e+07,45.43
PROP-8F876ABDB135,Pune,Old Sangvi,Apartment,1,700,4200000,3.4462095e+06,753790.25,17.95
PROP-487B76347674,Kolkata,South Dum Dum,Apartment,1,570,2280000,1.788209e+06,491791.0,21.57
PROP-D1C9187B98AF,Kolkata,Ariadaha,Apartment,3,1440,9400000,5.51263e+06,3.8873705e+06,41.36
PROP-20A016CF8804,Kolkata,Sonarpur,Apartment,1,400,1250000,1.1641166e+06,85883.38,6.87
PROP-B44ADED90535,Chennai,Ammapettai,Apartment,3,1600,4600000,9.884021e+06,5.284021e+06,114.87
PROP-1892550EBA4A,Pune,Ranjangaon,Apartment,1,437,2000000,1.1155702e+06,884429.75,44.22
PROP-367B62AD49A1,Delhi,Bindapur,Independent House,6,2500,19500000,2.6716144e+07,7.216144e+06,37.01
PROP-D5FCD42BDEEF,Chennai,Mudichur,Independent House,3,885,7200000,6.514554e+06,685446.0,9.52
PROP-E154E3205E2A,Bengaluru,Abbigere,Independent House,3,840,7550000,6.2226605e+06,1.3273395e+06,17.58
PROP-F7FA9F287617,Bengaluru,Bilekahalli,Villa,2,2240,35000000,1.5482332e+07,1.9517668e+07,55.76
PROP-816F45C228AB,Mumbai,Chandansar,Apartment,1,650,3400000,4.5401905e+06,1.1401905e+06,33.54
PROP-4A16392BC138,Delhi,Ganesh Nagar,Independent House,5,450,7900000,8.2735285e+06,373528.0,4.73
PROP-0A29C2A8F8A1,Chennai,Tambaram Sanatoruim,Apartment,1,523,3000000,2.0956806e+06,904319.4,30.14
PROP-C31DB34FF0D3,Delhi,Palam,Independent House,6,500,7000000,7.383344e+06,383344.0,5.48
PROP-F831E33D8CE1,Mumbai,Andheri East,Apartment,1,475,8900000,5.3845755e+06,3.5154248e+06,39.5
PROP-C01B4B736A4B,Bengaluru,Banashankari,Independent House,6,2250,20000000,2.0282744e+07,282744.0,1.41
PROP-CEADB7303C32,Bengaluru,Banashankari,Apartment,2,1366,8000000,9.177948e+06,1.177948e+06,14.72
PROP-81EF362EBECE,Kolkata,Baranagar,Apartment,2,716,2500000,2.728949e+06,228949.0,9.16
PROP-A8AA091D3765,Bengaluru,Whitefield,Apartment,2,1250,5000000,6.9888295e+06,1.9888295e+06,39.78
PROP-18F7A2458638,Bengaluru,Doddaballapura,Apartment,3,1187,4200000,6.814919e+06,2.614919e+06,62.26
PROP-0321031F9CA0,Pune,Karve Nagar,Apartment,1,410,3900000,2.5372302e+06,1.3627698e+06,34.94
PROP-475474C549DB,Mumbai,Chembur,Apartment,3,1800,44000000,3.333234e+07,1.066766e+07,24.24
PROP-8185CC7A850D,Mumbai,Vasai East,Apartment,2,865,5300000,4.74726e+06,552740.0,10.43
PROP-8F9EBDE4207B,Bengaluru,Medahalli,Independent House,2,900,8500000,6.11911e+06,2.38089e+06,28.01
PROP-C3F6C9C06157,Mumbai,Borivali West,Apartment,1,545,12000000,9.674081e+06,2.325919e+06,19.38
PROP-187FFC381A62,Bengaluru,Gollarapalya Hosahalli,Independent House,2,600,5800000,4.1385372e+06,1.6614628e+06,28.65
PROP-EAF92F8DDDD9,Bengaluru,Shivaji Nagar,Apartment,2,656,4500000,5.338292e+06,838292.0,18.63
PROP-CD7F112A1F19,Kolkata,New Alipore,Apartment,2,750,5000000,4.587304e+06,412696.0,8.25
PROP-E9D356433740,Kolkata,Belgachia,Apartment,2,585,5000000,2.1504378e+06,2.8495622e+06,56.99
PROP-D1F20278616A,Delhi,Holambi Kalan,Independent House,3,500,4000000,4.432383e+06,432383.0,10.81
PROP-A58A2DD68E92,Delhi,Baprola,Independent House,6,1206,4850000,7.896041e+06,3.046041e+06,62.8
PROP-F8B16DBA4627,Mumbai,Borivali West,Apartment,1,360,5500000,7.030986e+06,1.5309859e+06,27.84
PROP-5F88C1FDBD2B,Pune,Shivane,Apartment,1,525,2250000,1.987025e+06,262975.0,11.69
PROP-A41CEBC7E2BC,Kolkata,Baghajatin,Apartment,1,450,2000000,1.5921625e+06,407837.53,20.39
PROP-23629863AED7,Bengaluru,Koramangala,Independent House,10,4300,60000000,4.8586508e+07,1.1413496e+07,19.02
PROP-1E5AC3A07E08,Bengaluru,Vidyaranyapura,Apartment,2,1200,11500000,6.6626405e+06,4.8373595e+06,42.06
PROP-D3DE585BE9BE,Bengaluru,Annapurneshwari Nagar,Independent House,2,1064,10500000,7.490108e+06,3.0098918e+06,28.67
PROP-2E315B85AA19,Bengaluru,Mallathahalli,Apartment,2,900,4000000,5.578861e+06,1.578861e+06,39.47
PROP-2575E406E6ED,Bengaluru,Kumbalgodu,Independent House,3,2500,12500000,1.3234862e+07,734862.0,5.88
PROP-A49404C30599,Mumbai,Dadar West,Apartment,2,834,30000000,3.0829844e+07,829844.0,2.77
PROP-0CB2D2F633B0,Bengaluru,Manchapanahalli,Independent House,1,1200,13000000,7.616634e+06,5.383366e+06,41.41
PROP-7CDF376AB586,Kolkata,Garia,Apartment,1,582,3500000,2.3884425e+06,1.1115575e+06,31.76
PROP-1538AE991581,Bengaluru,Sg Palya,Independent House,2,900,10000000,6.356972e+06,3.6430278e+06,36.43
PROP-79142883924B,Kolkata,Barrackpore,Independent House,8,3100,9800000,1.1507578e+07,1.707577e+06,17.42
PROP-43232A2796DD,Bengaluru,Kattigenahalli,Independent House,10,5500,24000000,2.3906206e+07,93792.0,0.39
PROP-6D07632670C1,Bengaluru,Mallasandra,Apartment,2,901,7500000,5.785611e+06,1.714389e+06,22.86
PROP-CDA2A0AB5F39,Pune,Parvati Darshan,Apartment,1,685,3200000,3.631134e+06,431134.0,13.47
PROP-FD8307310423,Kolkata,Bramhapur,Apartment,2,750,2800000,2.4799825e+06,320017.5,11.43
PROP-4F37C5473479,Delhi,Dilshad Garden,Apartment,3,1250,14000000,1.1285172e+07,2.7148282e+06,19.39
PROP-BCC62E9D8CA7,Delhi,Sangam Vihar,Independent House,1,222,1600000,2.9849385e+06,1.3849385e+06,86.56
PROP-8674AFDD7453,Kolkata,Joka,Apartment,2,902,3200000,2.7583352e+06,441664.75,13.8
PROP-81451D2EC9FC,Bengaluru,Lakshmipura,Independent House,1,7200,1100000,7.8076525e+06,6.7076525e+06,609.79
PROP-D6354C3BA88B,Bengaluru,Basavanagudi,Apartment,3,1310,17000000,1.4349985e+07,2.650015e+06,15.59
PROP-7D9769ED2EB4,Delhi,Khajoori Khas,Independent House,2,312,3100000,2.935065e+06,164935.0,5.32
PROP-A25837FE2A48,Kolkata,Purba Barisha,Apartment,1,350,1800000,1.2031722e+06,596827.75,33.16
PROP-9BBD27CEFE61,Kolkata,Budge Budge,Villa,7,3800,33000000,1.5900931e+07,1.709907e+07,51.82
PROP-8A5280BE3040,Mumbai,Virar East,Apartment,1,630,4000000,2.3866982e+06,1.6133018e+06,40.33
PROP-AA0CC1E67A59,Bengaluru,Kommasandra,Independent House,3,1200,10000000,8.5255e+06,1.4745e+06,14.74
PROP-A45DE8E14893,Bengaluru,Yelahanka,Apartment,3,1910,21000000,1.3123579e+07,7.876421e+06,37.51
PROP-775199406D45,Bengaluru,Kambipura,Apartment,2,940,7900000,5.886116e+06,2.013884e+06,25.49
PROP-48FF77CF86EA,Kolkata,Baguiati,Apartment,2,1043,3975000,3.4881598e+06,486840.25,12.25
PROP-BDC7587B7D0F,Pune,Bibwewadi,Independent House,1,500,3000000,3.4373508e+06,437350.75,14.58
PROP-7BE9CAFEBA1C,Kolkata,Baguiati,Apartment,2,1040,7000000,4.229389e+06,2.770611e+06,39.58
PROP-2EA0E2DBA39E,Bengaluru,Malleswaram,Apartment,2,1145,14500000,9.951287e+06,4.548713e+06,31.37
PROP-E45EFF56102C,Kolkata,Kasba,Apartment,2,450,2200000,2.199411e+06,589.0,0.03
PROP-5B83C9868B63,Kolkata,Kaikhali,Apartment,3,1140,7000000,4.4918e+06,2.5082e+06,35.83
PROP-0681907F9E9F,Mumbai,Vikhroli East,Apartment,1,530,13500000,8.985182e+06,4.514818e+06,33.44
PROP-09608FFFACCF,Pune,Shivane,Apartment,2,270,1200000,1.0408903e+06,159109.69,13.26
PROP-5B1D193B8BEF,Bengaluru,Chandapura,Villa,3,1200,11000000,6.7048885e+06,4.295112e+06,39.05
PROP-05A0599313EE,Kolkata,Taltala,Apartment,2,1074,10000000,5.121443e+06,4.878557e+06,48.79
PROP-B2BD4E3603E1,Bengaluru,Doddabommasandra,Independent House,6,4150,14000000,2.73807e+07,1.33807e+07,95.58
PROP-74731FF22A2E,Bengaluru,Chandapura,Apartment,2,1335,6900000,6.491799e+06,408201.0,5.92
PROP-663CCC8A79FC,Bengaluru,Akshayanagar,Apartment,2,950,6200000,4.248401e+06,1.951599e+06,31.48
PROP-7418D47C5C3E,Bengaluru,Devanahalli,Villa,4,2685,15000000,1.804814e+07,3.0481402e+06,20.32
PROP-8B05902385AA,Bengaluru,Harlur,Apartment,2,1202,6130000,7.19952e+06,1.06952e+06,17.45
PROP-1143B11F2B28,Mumbai,Malad West,Apartment,1,408,9500000,6.255594e+06,3.244406e+06,34.15
PROP-9812020C0B67,Bengaluru,Sivanchetti Gardens,Apartment,1,650,4500000,3.5850975e+06,914902.25,20.33
PROP-14B7E84EC415,Delhi,Rohini Sector 28,Apartment,1,550,2600000,2.535745e+06,64255.0,2.47
PROP-C0CD75FD2E08,Bengaluru,Cooke Town,Independent House,4,2500,38500000,2.172148e+07,1.677852e+07,43.58
PROP-687E7446D8BA,Mumbai,Andheri East,Apartment,2,1115,30000000,1.6580838e+07,1.3419162e+07,44.73
PROP-A33622E96107,Mumbai,Virar West,Apartment,3,924,6500000,5.380458e+06,1.1195415e+06,17.22
PROP-F988B92E3135,Bengaluru,Jp Nagar,Apartment,2,960,4700000,5.2612215e+06,561221.5,11.94
PROP-5A776B4F1FE1,Bengaluru,Thotada Guddadhalli Village,Independent House,4,1800,8700000,9.816834e+06,1.116834e+06,12.84
PROP-137C2C005E7D,Bengaluru,Meesaganahalli,Villa,5,5400,30000000,2.734902e+07,2.65098e+06,8.84
PROP-63C1E3879D1B,Pune,Sanaswadi,Apartment,1,411,1500000,1.5960331e+06,96033.12,6.4
PROP-F9DB8A32FEB4,Mumbai,Borivali West,Apartment,1,545,10000000,8.641278e+06,1.3587219e+06,13.59
PROP-C1177CD3700D,Mumbai,Virar West,Apartment,1,645,3500000,3.5253682e+06,25368.25,0.72
PROP-65394814C748,Bengaluru,Wilson Garden,Apartment,3,3000,18500000,2.0909592e+07,2.409592e+06,13.02
PROP-004DC79AD105,Bengaluru,Anjanapura Township,Apartment,2,1180,4500000,5.1422965e+06,642296.5,14.27
PROP-13CEBE2A0740,Kolkata,Lake Town,Apartment,3,1520,8900000,7.1449915e+06,1.7550085e+06,19.72
PROP-79C048CC5D81,Mumbai,Mulund East,Apartment,1,500,9800000,8.074106e+06,1.7258935e+06,17.61
PROP-DF06ED64B99F,Pune,Vadgaon,Apartment,1,586,2500000,2.919813e+06,419813.25,16.79
PROP-2ECBEC80534E,Delhi,Janakpuri,Apartment,3,900,10000000,1.0464287e+07,464287.0,4.64
PROP-19C1E47746C4,Pune,Katraj,Independent House,1,420,2500000,1.8880246e+06,611975.4,24.48
PROP-D07A88266219,Kolkata,Narendrapur,Apartment,2,712,2492000,2.5569518e+06,64951.75,2.61
PROP-ED894EF05DC0,Kolkata,Mukundapur,Apartment,2,700,4000000,3.0312505e+06,968749.5,24.22
PROP-FC787D7FB9FB,Pune,Kharadi,Independent House,1,500,5200000,2.988992e+06,2.211008e+06,42.52
PROP-CE22265D659C,Bengaluru,Horamavu,Apartment,2,1233,8000000,7.792076e+06,207924.0,2.6
PROP-6F0E4CFD22DB,Kolkata,Narendrapur,Apartment,2,750,2500000,2.5887905e+06,88790.5,3.55
PROP-6BD54E2513A6,Bengaluru,Electronic City,Apartment,2,865,2500000,3.529654e+06,1.029654e+06,41.19
PROP-A39B58DD3D8D,Delhi,Sarita Vihar,Apartment,2,225,1200000,2.5249992e+06,1.3249992e+06,110.42
PROP-17234F70D5D2,Bengaluru,Rmv Extension Stage 2,Independent House,3,4000,23000000,4.2124616e+07,1.9124616e+07,83.15
PROP-B14B320EBDFC,Delhi,Mehrauli,Apartment,2,1000,2600000,4.0205028e+06,1.4205028e+06,54.63
PROP-17E889979BF1,Bengaluru,Malleswaram,Apartment,3,2210,40000000,2.5987144e+07,1.4012856e+07,35.03
PROP-17AFE0BFDB20,Pune,Uruli Kanchan,Apartment,1,425,1800000,1.3135396e+06,486460.38,27.03
PROP-017B72AECABE,Bengaluru,Krishnarajapura,Apartment,2,1009,4250000,4.5588775e+06,308877.5,7.27
PROP-5AE4A2894023,Bengaluru,Kengeri,Apartment,2,883,5100000,4.894088e+06,205912.0,4.04
PROP-2268B607C7B6,Pune,Kothrud,Independent House,2,500,8790000,4.688276e+06,4.1017242e+06,46.66
PROP-EF39E08A9BB0,Kolkata,Sodepur,Independent House,5,6030,25000000,2.9213172e+07,4.213172e+06,16.85
PROP-195C8A240117,Delhi,Ghitorni,Apartment,1,450,1500000,2.7356718e+06,1.2356718e+06,82.38
PROP-1FE3CF76897B,Mumbai,Kandivali West,Apartment,1,475,6900000,6.5009435e+06,399056.47,5.78
PROP-DD320D8AA42A,Mumbai,Vikhroli East,Apartment,2,150,5000000,3.092965e+06,1.9070348e+06,38.14
PROP-A33813256EF4,Mumbai,Jogeshwari West,Apartment,1,765,12500000,1.1241261e+07,1.258739e+06,10.07
PROP-D6F6F704AE6B,Pune,Range Hill Estate,Independent House,2,1200,12000000,9.780073e+06,2.219927e+06,18.5
PROP-26F6F60CE515,Kolkata,Paschim Barisha,Apartment,2,825,3200000,2.731027e+06,468973.25,14.66
PROP-6B6B7816E643,Bengaluru,Hsr Layout,Apartment,2,1073,5800000,6.2165265e+06,416527.0,7.18
PROP-60A8992057EF,Kolkata,Mahheshtala,Apartment,2,800,3200000,2.3579298e+06,842070.25,26.31
PROP-6CB376B42E54,Bengaluru,Chikbanavara,Apartment,2,975,3200000,3.8905928e+06,690592.5,21.58
PROP-96A023762EBC,Bengaluru,Anekal,Apartment,3,1755,17000000,7.8506215e+06,9.149378e+06,53.82
PROP-DB8EEB99DA27,Kolkata,Tangra,Apartment,3,1381,9850000,1.3901932e+07,4.051931e+06,41.14
PROP-032A58DD7806,Bengaluru,Hemmigepura,Apartment,3,1630,110000000,9.030075e+06,1.0096994e+08,91.79
PROP-426D2AAA7CEB,Bengaluru,Singasandra,Apartment,2,1275,5000000,7.717949e+06,2.717949e+06,54.36
PROP-0DC2EC49750F,Pune,Baramati,Independent House,4,1100,14000000,6.728454e+06,7.271546e+06,51.94
PROP-19E7561477F7,Bengaluru,Seegehalli,Apartment,2,1348,9400000,9.777201e+06,377201.0,4.01
PROP-B63F0A2B79B8,Pune,Old Sangvi,Apartment,2,1350,7000000,7.456582e+06,456582.0,6.52
PROP-0BF5794C6B75,Pune,Thergaon,Apartment,1,610,4950000,3.1295048e+06,1.8204952e+06,36.78
PROP-82B11312217F,Bengaluru,Basavanagudi,Independent House,4,1024,25000000,1.3761187e+07,1.1238813e+07,44.96
PROP-EBF2F6F7634C,Pune,Mundhwa,Apartment,2,950,7200000,5.972922e+06,1.227078e+06,17.04
PROP-85ED57411480,Bengaluru,Nelamangala,Apartment,2,814,5000000,3.402038e+06,1.5979619e+06,31.96
PROP-183AE0AF5AE6,Pune,Ambegaon Budruk,Apartment,1,400,1500000,1.452739e+06,47261.0,3.15
PROP-0A19937F8406,Kolkata,Raghunathpur,Apartment,3,1305,10000000,5.8466465e+06,4.1533535e+06,41.53
PROP-D500B4A219BE,Kolkata,North Dum Dum,Apartment,2,570,1710000,2.1560295e+06,446029.53,26.08
PROP-E86E6EB2AD72,Bengaluru,Madanayakahalli,Independent House,3,750,6000000,5.22644e+06,773560.0,12.89
PROP-C276C177DD60,Pune,Chakan,Independent House,1,1000,2800000,2.7203665e+06,79633.5,2.84
PROP-C88DFE50F2E1,Bengaluru,Rajanukunte,Apartment,2,850,3000000,3.9002812e+06,900281.25,30.01
PROP-148BB89A7939,Kolkata,Rajpur,Independent House,2,2250,5000000,7.331813e+06,2.331813e+06,46.64
PROP-31008C689D06,Bengaluru,Konanakunte,Apartment,2,1274,15500000,9.667625e+06,5.832375e+06,37.63
PROP-30F29209C14E,Bengaluru,Belathur,Apartment,3,1260,6500000,6.8838975e+06,383897.53,5.91
PROP-E452AD5A4404,Mumbai,Kandivali East,Apartment,2,1090,18000000,1.669833e+07,1.30167e+06,7.23
PROP-C61FB9FBC1BC,Pune,Aundh,Apartment,2,520,3000000,3.9606362e+06,960636.25,32.02
PROP-BF118ED57912,Delhi,Chhattarpur,Apartment,2,300,1050000,1.6129674e+06,562967.4,53.62
PROP-1D500711B9EE,Delhi,East Of Kailash,Apartment,1,450,3800000,4.6493035e+06,849303.5,22.35
PROP-C6B3FD9F35D1,Mumbai,Kandivali East,Apartment,2,550,11000000,1.0640191e+07,359809.0,3.27
PROP-BFE4844C22B9,Pune,Dighi,Independent House,1,500,2100000,2.259786e+06,159786.0,7.61
PROP-FF3B1A6CD2B7,Kolkata,Malancha Mahi Nagar,Apartment,2,871,4300000,2.7911558e+06,1.5088444e+06,35.09
PROP-E9B36E61B507,Pune,Shikrapur,Apartment,1,440,1050000,1.2782139e+06,228213.88,21.73
PROP-29354BFCA92E,Mumbai,Mira Road East,Apartment,2,1090,11600000,7.8485105e+06,3.7514895e+06,32.34
PROP-F206E84CFE29,Bengaluru,Hennur,Apartment,2,1350,7000000,7.0567275e+06,56727.5,0.81
PROP-F9E5BC2B5E4D,Mumbai,Mulund East,Apartment,2,870,15700000,1.5296733e+07,403266.0,2.57
PROP-72786BFF6EAA,Pune,Pimple Gurav,Apartment,2,1000,1800000,4.123126e+06,2.323126e+06,129.06
PROP-31C798C91564,Mumbai,Govandi,Apartment,1,560,11500000,6.08379e+06,5.41621e+06,47.1
PROP-CD3474A91816,Pune,Dhankawadi,Apartment,2,375,2000000,1.0491712e+06,950828.75,47.54
PROP-C9949DC0A262,Kolkata,Shobhabazar,Independent House,4,540,7000000,4.6805875e+06,2.3194125e+06,33.13
PROP-96E056482E02,Kolkata,Arapanch,Apartment,1,466,890000,1.6617912e+06,771791.1,86.72
PROP-240CD3A55659,Bengaluru,Thavarekere,Independent House,5,1200,27000000,1.3614412e+07,1.3385588e+07,49.58
PROP-BA61B976B4F6,Bengaluru,Hebbal Kempapura,Independent House,4,2400,11000000,1.9048608e+07,8.048608e+06,73.17
PROP-2CE536CC8739,Bengaluru,Koti Hosahalli,Apartment,2,1400,7800000,6.4226015e+06,1.3773985e+06,17.66
PROP-64BCC534DEE6,Bengaluru,Mahadevapura,Independent House,4,1300,20000000,1.3135149e+07,6.864851e+06,34.32
PROP-4E119C9A393B,Bengaluru,Horamavu,Independent House,1,800,7500000,4.2519275e+06,3.2480728e+06,43.31
PROP-5AA6F43284B1,Bengaluru,Byandahalli,Apartment,2,700,1200000,3.419176e+06,2.219176e+06,184.93
PROP-2D43F1D425FE,Bengaluru,Kengeri Satellite Town,Independent House,5,11000,60000000,2.8958312e+07,3.1041688e+07,51.74
PROP-4F52AFBE4481,Bengaluru,Basavanagudi,Independent House,2,1040,17200000,1.1147316e+07,6.052684e+06,35.19
PROP-F51837D84A18,Bengaluru,Bilekahalli,Apartment,2,918,6500000,5.133056e+06,1.366944e+06,21.03
PROP-E9AA40D73839,Kolkata,Vip Nagar,Independent House,5,4000,25000000,1.951834e+07,5.48166e+06,21.93
PROP-17520DAA4844,Delhi,Dilshad Garden,Independent House,3,150,6500000,4.426313e+06,2.073687e+06,31.9
PROP-5248E691D853,Bengaluru,Bagalur,Villa,5,3200,13500000,2.0840112e+07,7.340112e+06,54.37
PROP-2373D0335E39,Delhi,Vikaspuri,Apartment,3,1500,20000000,1.699604e+07,3.00396e+06,15.02
PROP-AAAE434A61C7,Kolkata,Purba Barisha,Apartment,1,700,2000000,2.1231885e+06,123188.5,6.16
PROP-96F57B5AEFA0,Delhi,Sonia Vihar,Independent House,2,500,1700000,2.468835e+06,768835.06,45.23
PROP-01433059BC75,Bengaluru,Manganahalli,Independent House,1,2100,6800000,8.531129e+06,1.731129e+06,25.46
PROP-49EDA638686D,Bengaluru,Kadubeesanahalli,Apartment,2,1145,7200000,6.855719e+06,344281.0,4.78
PROP-0C1FC6D41250,Bengaluru,Hemmigepura,Independent House,4,2300,12400000,1.62918e+07,3.8918e+06,31.39
PROP-A8782B94B1FB,Bengaluru,Electronic City,Apartment,3,1570,6900000,7.2809755e+06,380975.53,5.52
PROP-0D0D2526274C,Bengaluru,Basaveshwara Nagar,Independent House,6,3500,50000000,2.3672576e+07,2.6327424e+07,52.65
PROP-ED0F0C749FE5,Pune,Vadgaon Budruk,Apartment,2,710,6500000,2.7838638e+06,3.7161362e+06,57.17
PROP-906C4D9BF500,Pune,Akurdi,Apartment,3,1600,10500000,9.885586e+06,614414.0,5.85
PROP-DE93B035A606,Pune,Tathawade,Apartment,3,1200,10500000,9.91302e+06,586980.0,5.59
PROP-D31A53E98564,Mumbai,Borivali West,Apartment,1,550,11000000,9.503684e+06,1.496316e+06,13.6
PROP-C74862BA88D2,Pune,Shukrawar Peth,Apartment,1,600,6500000,3.2758728e+06,3.2241272e+06,49.6
PROP-798DF8D0BD87,Bengaluru,Byalahalli,Villa,3,2000,13000000,1.7499868e+07,4.499868e+06,34.61
PROP-C9DEEF9F6FD0,Mumbai,Girgaon,Apartment,2,320,8300000,7.0981425e+06,1.201857e+06,14.48
PROP-2116C7174CE2,Delhi,Sector 38 Rohini,Apartment,3,1250,4000000,6.2716505e+06,2.2716505e+06,56.79
PROP-79C5F46E0121,Pune,Moshi,Apartment,2,750,3300000,3.7135872e+06,413587.25,12.53
PROP-1FC054B5A2B9,Bengaluru,Akshayanagar,Apartment,3,1390,6000000,7.1258155e+06,1.1258155e+06,18.76
PROP-254341295E71,Delhi,Krishna Nagar,Independent House,4,500,13000000,9.83477e+06,3.16523e+06,24.35
PROP-50D58314C956,Bengaluru,Seegehalli,Apartment,2,735,2790000,4.67597e+06,1.8859699e+06,67.6
PROP-CDBFC212F53F,Mumbai,Worli,Apartment,1,525,18000000,1.4034851e+07,3.96515e+06,22.03
PROP-8D44D58FF6C4,Bengaluru,Magadi,Apartment,3,1350,6200000,9.951325e+06,3.751325e+06,60.51
PROP-7EE9CAF04D31,Bengaluru,Kodalagurki,Villa,4,6879,120000000,3.0372372e+07,8.9627624e+07,74.69
PROP-C9818BBCF139,Bengaluru,Arakere,Apartment,2,1350,7500000,7.3692325e+06,130767.5,1.74
PROP-FCE181DB5E88,Bengaluru,Anchepalya,Apartment,2,1058,8750000,7.1790405e+06,1.5709595e+06,17.95
PROP-C1F9EB831B63,Kolkata,Kalighat,Apartment,2,1134,11000000,6.841709e+06,4.158291e+06,37.8
PROP-24B4B4BF9927,Mumbai,Vile Parle West,Apartment,1,500,16000000,1.1902433e+07,4.097567e+06,25.61
PROP-2FB6EB68543F,Bengaluru,Mallasandra,Apartment,2,987,4700000,5.3616855e+06,661685.5,14.08
PROP-B8888E831EFC,Bengaluru,Krishnarajapura,Apartment,3,1650,13500000,1.1126202e+07,2.373799e+06,17.58
PROP-B4DC2995CB05,Bengaluru,Bommasandra,Apartment,2,683,4300000,3.0911455e+06,1.2088542e+06,28.11
PROP-3D1E10AFAEEE,Bengaluru,Gollarapalya,Independent House,9,4500,14500000,1.8922444e+07,4.422444e+06,30.5
PROP-25D885A113E6,Bengaluru,Munnekollal,Villa,6,1200,17200000,1.750474e+07,304740.0,1.77
PROP-1BC89038386F,Chennai,Kovilambakkam,Apartment,3,1200,6000000,5.977737e+06,22263.0,0.37
PROP-5A93ECCCA934,Hyderabad,Malakpet,Apartment,2,850,4000000,3.9332865e+06,66713.75,1.67
PROP-306ABCB5EAF2,Delhi,Shahdara,Independent House,3,1200,9800000,1.1745829e+07,1.945829e+06,19.86
PROP-76E0F054D628,Delhi,Malka Ganj,Independent House,1,600,4000000,5.020345e+06,1.02034494e+06,25.51
PROP-B5C5275AB9C6,Kolkata,Bantala,Independent House,3,1240,4000000,5.507333e+06,1.507333e+06,37.68
PROP-047393173888,Pune,Yashwantrao Chavan Nagar,Independent House,3,1400,13200000,8.819573e+06,4.380427e+06,33.19
PROP-50C67EA09DDF,Pune,Nigdi,Apartment,1,538,2985000,3.2334032e+06,248403.23,8.32
PROP-AE14E8110F88,Delhi,Sangam Vihar,Independent House,4,450,6000000,5.7337035e+06,266296.0,4.44
PROP-95A0856F2CBD,Bengaluru,Attiguppe,Apartment,2,1200,7300000,9.747427e+06,2.447427e+06,33.53
PROP-D47A58EA54B9,Pune,Mundhwa,Apartment,1,620,4500000,3.800351e+06,699648.94,15.55
PROP-BF35C650C25A,Delhi,Ashok Vihar,Villa,2,1125,53000000,1.5021798e+07,3.79782e+07,71.66
PROP-932E8C3E8828,Delhi,New Ashok Nagar,Apartment,2,1020,9500000,6.7389535e+06,2.7610465e+06,29.06
PROP-F8DB9F59EF80,Delhi,Fateh Nagar,Apartment,1,450,2949000,2.221874e+06,727126.0,24.66
PROP-8F904426DF9B,Delhi,Preet Vihar,Independent House,6,2800,72500000,3.900366e+07,3.349634e+07,46.2
PROP-299EECD690EE,Pune,Koregaon Bhima,Apartment,1,450,200000,1.3678726e+06,1.1678726e+06,583.94
PROP-D2325D491495,Bengaluru,Hennur,Apartment,1,705,7500000,4.657518e+06,2.842482e+06,37.9
PROP-BB7E6C12AC01,Bengaluru,Kengeri Satellite Town,Independent House,4,2550,14200000,1.5306365e+07,1.106365e+06,7.79
PROP-19DDE35CCD8A,Delhi,Neb Sarai,Apartment,4,1800,8000000,1.4685885e+07,6.685886e+06,83.57
PROP-A643398A5BF2,Bengaluru,Kodigehalli,Independent House,4,2030,6900000,1.2750269e+07,5.850269e+06,84.79
PROP-1900A53A5797,Bengaluru,Electronic City Phase Ii,Apartment,2,1200,4400000,5.464813e+06,1.064813e+06,24.2
PROP-C786AD732AC5,Bengaluru,Bikasipura,Apartment,4,3700,40000000,2.4381946e+07,1.5618052e+07,39.05
PROP-24C399D085C4,Pune,Chikhali,Apartment,2,330,1500000,1.1971176e+06,302882.38,20.19
PROP-4E108E499901,Pune,Vadgaon,Apartment,1,749,2300000,3.4916642e+06,1.1916642e+06,51.81
PROP-7D4EAF9BC50D,Chennai,Oragadam Sriperambattur,Apartment,1,375,975000,1.4854985e+06,510498.62,52.36
PROP-9D111CED81B6,Mumbai,Mira Road East,Apartment,2,813,5800000,7.6575585e+06,1.8575585e+06,32.03
PROP-43E2AB6143AF,Bengaluru,Rk Hegde Nagar,Independent House,8,4900,23500000,1.6929584e+07,6.570416e+06,27.96
PROP-7CDB27CCC56B,Hyderabad,Alwal,Independent House,10,6600,55000000,2.8251746e+07,2.6748258e+07,48.63
PROP-33CEC28EED1E,Delhi,Sector 39 Rohini,Independent House,2,450,3500000,2.62755e+06,872450.0,24.93
PROP-436A7F43FB2F,Bengaluru,Mattanahalli,Apartment,3,1340,7500000,7.4439775e+06,56022.5,0.75
PROP-E4AFF5DBC147,Chennai,Ayappakkam,Apartment,1,444,1750000,2.324333e+06,574333.0,32.82
PROP-5C38ECF1B9E5,Pune,Aundh,Independent House,5,10000,210000000,5.6693516e+07,1.5330648e+08,73.0
PROP-7B652EDE98B9,Pune,Dhankawadi,Apartment,2,810,6500000,3.451377e+06,3.048623e+06,46.9
PROP-760F1D16ADEF,Chennai,Periyapalayam,Villa,2,1050,3500000,5.5870765e+06,2.0870765e+06,59.63
PROP-7410C553135C,Pune,Pimpri,Apartment,2,1178,9500000,6.7657035e+06,2.7342968e+06,28.78
PROP-2A7024014AE1,Bengaluru,Benson Town,Villa,3,2400,30000000,3.0145844e+07,145844.0,0.49
PROP-CC4DACB736AD,Chennai,Kolathur,Independent House,6,542,8100000,6.137075e+06,1.962925e+06,24.23
PROP-E77308E8B287,Chennai,Padur,Apartment,1,400,3000000,1.7639052e+06,1.2360948e+06,41.2
PROP-6B9EE1A5C0C2,Hyderabad,Bachupally,Apartment,2,1053,5500000,4.9751665e+06,524833.5,9.54
PROP-35A62E77D2F7,Bengaluru,Jayamahal,Independent House,6,3600,19900000,2.0173712e+07,273712.0,1.38
PROP-6E7FCEF32621,Delhi,Mahipalpur,Apartment,2,850,4000000,3.579461e+06,420539.0,10.51
PROP-52847602F1D0,Hyderabad,Manikonda,Apartment,3,2050,14000000,1.4342624e+07,342624.0,2.45
PROP-2C0F2A4C92AB,Kolkata,Sodepur,Apartment,2,665,2200000,2.2320705e+06,32070.5,1.46
PROP-94DF5E9CBD2F,Delhi,Shalimar Bagh,Apartment,2,850,9000000,1.1648733e+07,2.648733e+06,29.43
PROP-F2279325BB75,Chennai,Chengalpattu,Independent House,2,800,3580000,3.519352e+06,60648.0,1.69
PROP-37F1DD44301E,Chennai,Siruniam,Independent House,3,1500,5500000,8.716481e+06,3.216481e+06,58.48
PROP-D021C122927C,Pune,Mamurdi,Apartment,2,925,4400000,4.2578395e+06,142160.5,3.23
PROP-1E407215FBA1,Hyderabad,Kapra,Apartment,2,945,4700000,5.0045705e+06,304570.5,6.48
PROP-E0DC804C0B86,Delhi,Tri Nagar,Independent House,1,378,2600000,3.8344848e+06,1.2344848e+06,47.48
PROP-55B8C2C99F09,Hyderabad,Dammaiguda,Independent House,2,1400,7300000,8.58791e+06,1.28791e+06,17.64
PROP-185AA95C95FB,Pune,Hadapsar,Apartment,1,800,6500000,2.4164745e+06,4.0835255e+06,62.82
PROP-71485F03A905,Delhi,Madhu Vihar,Independent House,10,4400,40000000,2.44651e+07,1.55349e+07,38.84
PROP-889EF17714F3,Hyderabad,Kothaguda,Apartment,2,1214,12500000,8.970438e+06,3.529562e+06,28.24
PROP-D7F33BDBF82D,Delhi,Badarpur,Apartment,3,850,2400000,4.6431355e+06,2.2431355e+06,93.46
PROP-9C0494989865,Delhi,Tughlakabad,Independent House,5,900,22500000,8.118813e+06,1.4381187e+07,63.92
PROP-D9D4ABFD4D32,Hyderabad,Ramachandra Puram,Villa,3,2600,14500000,1.6491894e+07,1.9918941e+06,13.74
PROP-10B0F1EAFA44,Bengaluru,T Dasarahalli,Apartment,2,1400,5500000,8.1978065e+06,2.6978065e+06,49.05
PROP-3B51AE728A42,Pune,Charholi Budruk,Apartment,1,645,2800000,3.112441e+06,312441.0,11.16
PROP-53797FACF5D3,Chennai,Ambattur,Apartment,3,1100,6500000,6.2325135e+06,267487.0,4.12
PROP-D657C5A90A07,Pune,Dhayari,Independent House,1,400,2500000,1.5598819e+06,940118.0,37.6
PROP-5943EA2A5D22,Mumbai,Dahisar East,Apartment,2,578,10000000,9.382703e+06,617297.0,6.17
PROP-0E2D8AF27993,Chennai,Chetpet,Independent House,5,1400,9000000,1.5764704e+07,6.764704e+06,75.16
PROP-5DA698499EBB,Hyderabad,Aminpur,Apartment,2,1250,6000000,8.449576e+06,2.449576e+06,40.83
PROP-DBFB07E88FA8,Delhi,Nangloi,Independent House,6,624,7000000,5.908066e+06,1.091934e+06,15.6
PROP-7795861A2C71,Bengaluru,Lingadheeranahalli,Independent House,3,1000,13500000,7.1559705e+06,6.3440295e+06,46.99
PROP-25FAB7A392D5,Bengaluru,Benson Town,Independent House,6,3600,19500000,4.213056e+07,2.2630558e+07,116.05
PROP-6878795CC437,Bengaluru,Ramohalli,Villa,1,450,2000000,2.4762012e+06,476201.25,23.81
PROP-793527053013,Chennai,Perambur,Independent House,6,2400,20000000,2.1807992e+07,1.807992e+06,9.04
PROP-4D40B1A20187,Delhi,Sector 22 Rohini,Independent House,3,1500,5000000,8.94539e+06,3.94539e+06,78.91
PROP-1D241C964D3C,Bengaluru,Srirampuram,Apartment,2,1130,9500000,9.567997e+06,67997.0,0.72
PROP-4D163C1AFE0C,Pune,Kasarwadi,Apartment,1,484,4614000,2.1577222e+06,2.4562778e+06,53.24
PROP-D414BF9C4C6D,Pune,Jambhe,Apartment,1,652,5200000,3.904695e+06,1.295305e+06,24.91
PROP-22B629DD2066,Chennai,Raja Annamalai Puram,Independent House,3,3000,78000000,2.7208748e+07,5.079125e+07,65.12
PROP-B7F928A6C47F,Pune,Ganga Dham,Apartment,2,950,10500000,8.3790415e+06,2.120959e+06,20.2
PROP-855B2608AFA2,Bengaluru,Dasarahalli,Independent House,6,1060,13500000,1.3223759e+07,276241.0,2.05
PROP-1D16DAD57337,Bengaluru,Mathikere,Apartment,2,1315,8000000,7.6850885e+06,314911.5,3.94
PROP-A758AAA67652,Chennai,Chengalpattu,Independent House,1,400,1620000,1.6599696e+06,39969.62,2.47
PROP-AA0F0DFCBD68,Kolkata,Malancha Mahi Nagar,Apartment,3,1016,4000000,3.3994402e+06,600559.75,15.01
PROP-BA4CA07F778B,Pune,Bopodi,Apartment,2,800,8000000,5.82343e+06,2.17657e+06,27.21
PROP-166A5C71ABDE,Bengaluru,Lingadheeranahalli,Apartment,4,3242,36000000,3.1269148e+07,4.730852e+06,13.14
PROP-B999F27E41BF,Delhi,Ghitorni,Independent House,5,710,6000000,8.2124395e+06,2.2124395e+06,36.87
PROP-46E0F6890D9C,Delhi,Khirki Extension,Independent House,2,850,4500000,5.0258015e+06,525801.5,11.68
PROP-C50F3D2E75CA,Pune,Pirangut,Apartment,1,405,2500000,1.4254056e+06,1.0745944e+06,42.98
PROP-9AFE824D460F,Delhi,Dilshad Garden,Apartment,3,1700,20000000,1.790192e+07,2.09808e+06,10.49
PROP-A1D5ADCDCF91,Bengaluru,Thanisandra,Independent House,9,1500,20600000,2.1478244e+07,878244.0,4.26
PROP-9796C9C039FE,Delhi,Burari,Independent House,8,900,8000000,7.9604295e+06,39570.5,0.49
PROP-AFB5153F0914,Delhi,Kalu Sarai,Apartment,3,950,17000000,8.959409e+06,8.0405905e+06,47.3
PROP-F20778F6FFA7,Kolkata,Rajpur,Apartment,3,1166,3600000,3.9887208e+06,388720.47,10.8
PROP-EC5EC5B938A9,Delhi,Vasundhara Enclave,Apartment,2,850,7400000,7.6667585e+06,266758.5,3.6
PROP-0D42BA65D940,Pune,Shaniwar Peth,Apartment,1,740,7800000,4.668413e+06,3.131587e+06,40.15
PROP-69C56DAAB05A,Chennai,Thirumullaivoyal,Apartment,2,922,4200000,3.9951085e+06,204891.5,4.88
PROP-7A682F6B298F,Kolkata,Rahara,Apartment,1,640,2150000,2.6510085e+06,501008.47,23.3
PROP-FB79FF41B652,Mumbai,Santacruz East,Apartment,3,1050,31000000,1.9750564e+07,1.1249436e+07,36.29
PROP-C0522DF831F1,Pune,Saswad,Independent House,1,510,2000000,1.3905815e+06,609418.6,30.47
PROP-5F2AD249503E,Bengaluru,Banashankari,Apartment,3,1350,11500000,8.576443e+06,2.923557e+06,25.42
PROP-6A94BF091483,Chennai,Chengalpattu,Independent House,2,600,3270000,2.730235e+06,539765.0,16.51
PROP-5883DDB271CD,Kolkata,Barrackpore,Apartment,2,890,4600000,3.069352e+06,1.530648e+06,33.27
PROP-6741AF8F9998,Kolkata,Mukundapur,Apartment,2,770,3000000,3.335384e+06,335384.0,11.18
PROP-17A3E5877C77,Pune,Talegaon Dabhade,Apartment,2,940,3700000,3.6896705e+06,10329.5,0.28
PROP-F3482FB5E361,Bengaluru,Ashok Nagar,Apartment,3,2794,50000000,3.1822324e+07,1.8177676e+07,36.36
PROP-B1090F62B421,Kolkata,Rajpur,Apartment,3,1166,3500000,4.4346705e+06,934670.5,26.7
PROP-FDC65DFBEA58,Bengaluru,Kadumuthsandra Plantation,Villa,2,1650,8350000,1.0134754e+07,1.7847539e+06,21.37
PROP-18502A7488C5,Hyderabad,Kokapet,Apartment,2,1250,7000000,9.664952e+06,2.664952e+06,38.07
PROP-B13AA9A7FC87,Pune,Wakad,Apartment,1,638,6000000,4.1995905e+06,1.8004095e+06,30.01
PROP-34DBD024A8F8,Bengaluru,Kolar,Independent House,5,2400,7500000,1.8867952e+07,1.1367951e+07,151.57
PROP-D0973DDA4D8F,Pune,Wakad,Apartment,2,850,7800000,5.7367175e+06,2.0632825e+06,26.45
PROP-0CFC21EB2047,Bengaluru,Bisuvanahalli,Apartment,3,1200,6400000,5.297138e+06,1.102862e+06,17.23
PROP-301BB997DEA8,Chennai,Madhanandapuram,Apartment,1,444,1700000,2.1126612e+06,412661.25,24.27
PROP-A3CFC7B0F49F,Chennai,Ammapettai,Independent House,3,1300,3600000,8.1161735e+06,4.5161735e+06,125.45
PROP-302599185AAC,Delhi,Mansa Ram Park,Apartment,2,500,3200000,2.5749428e+06,625057.25,19.53
PROP-AF1227CAA778,Pune,Sus,Apartment,2,800,5700000,5.396538e+06,303462.0,5.32
PROP-10A1A286AF58,Kolkata,Sarsuna,Apartment,2,800,2800000,2.9288438e+06,128843.75,4.6
PROP-B8F86C214941,Hyderabad,Vanasthalipuram,Apartment,3,1530,7600000,8.555367e+06,955367.06,12.57
PROP-41E989F79805,Pune,Handewadi,Apartment,1,595,2450000,2.553852e+06,103852.0,4.24
PROP-C59287905A57,Delhi,Paschim Vihar,Apartment,3,1650,14000000,1.788516e+07,3.88516e+06,27.75
PROP-0D6D87717885,Pune,Pune Cantonment,Apartment,2,1400,14100000,8.489372e+06,5.610628e+06,39.79
PROP-958AD368D7B0,Kolkata,Dhakuria,Apartment,3,700,4000000,2.9061535e+06,1.0938462e+06,27.35
PROP-DD2E0676A4DF,Kolkata,Keshtopur,Apartment,3,1450,4800000,6.182714e+06,1.3827139e+06,28.81
PROP-5191B5E6C1FC,Hyderabad,Kismatpur,Apartment,3,1333,6000000,7.2499135e+06,1.2499135e+06,20.83
PROP-B6D0D4410215,Bengaluru,Banaswadi,Independent House,8,2500,15000000,2.132818e+07,6.32818e+06,42.19
PROP-352D26F9F841,Pune,Ranjangaon,Apartment,1,443,1800000,1.3935205e+06,406479.53,22.58
PROP-05D15D803737,Bengaluru,Bannerughatta,Apartment,2,1523,9000000,7.4700915e+06,1.5299085e+06,17.0
PROP-A3473590907D,Bengaluru,Singasandra,Apartment,3,1200,6000000,7.236181e+06,1.236181e+06,20.6
PROP-EE3F8D73AB40,Chennai,Pazhavanthangal,Apartment,2,1282,13500000,7.4933875e+06,6.0066125e+06,44.49
PROP-7E1CD895B29A,Hyderabad,Boduppal,Apartment,2,1050,5600000,3.954639e+06,1.645361e+06,29.38
PROP-77F1D54F3A83,Bengaluru,Gattahalli,Apartment,2,1150,4900000,5.984354e+06,1.084354e+06,22.13
PROP-CB79FB086663,Delhi,Sector 12 Dwarka,Apartment,5,3500,50000000,4.1179104e+07,8.820896e+06,17.64
PROP-37DB6F0FD6BE,Chennai,Chengalpattu,Apartment,1,455,2000000,1.7750834e+06,224916.62,11.25
PROP-B68F6CB38ABE,Bengaluru,Hsr Layout,Independent House,3,1687,8600000,1.2987469e+07,4.387469e+06,51.02
PROP-88FDB0F7B7F9,Chennai,Mudichur,Independent House,3,2040,8500000,1.3129563e+07,4.629563e+06,54.47
PROP-02AA863FECCF,Bengaluru,Nagondanahalli,Apartment,2,1145,6300000,6.2273025e+06,72697.5,1.15
PROP-7C339447B5C5,Pune,Hadapsar,Apartment,2,870,4600000,3.8222175e+06,777782.5,16.91
PROP-618AEE8DA9B3,Pune,Pisoli,Apartment,1,683,3200000,2.8456198e+06,354380.0,11.07
PROP-6D082C457A30,Bengaluru,Udayagiri,Apartment,2,1051,5800000,5.499171e+06,300828.5,5.19
PROP-016FFD1C122B,Delhi,Laxmi Nagar,Independent House,2,900,22000000,8.869743e+06,1.3130257e+07,59.68
PROP-8175B23BB6C5,Bengaluru,Hbr Layout,Apartment,2,1212,7600000,7.0853535e+06,514646.47,6.77
PROP-4DD4BAA8486F,Hyderabad,Kokapet,Apartment,3,2240,18000000,2.5396824e+07,7.3968245e+06,41.09
PROP-7DB68EE331F7,Bengaluru,Chandapura,Apartment,2,858,3800000,3.6382572e+06,161742.75,4.26
PROP-879B046D6BDB,Bengaluru,Jp Nagar,Apartment,2,1100,5000000,6.2170075e+06,1.2170075e+06,24.34
PROP-A2178EB46E3C,Pune,Talegaon Dabhade,Apartment,1,320,1651000,1.5043385e+06,146661.38,8.88
PROP-28EBF50BF140,Kolkata,Madhyamgram,Apartment,2,810,3500000,2.9077118e+06,592288.25,16.92
PROP-FE5699397C72,Pune,Dhayari,Apartment,1,500,2350000,2.0331025e+06,316897.5,13.48
PROP-035F1DF77480,Hyderabad,Shaikpet,Apartment,3,1825,16000000,1.6583084e+07,583084.0,3.64
PROP-440F5936FE43,Chennai,Sithalapakkam,Independent House,8,4400,23000000,2.4204208e+07,1.204208e+06,5.24
PROP-E3394682F5EB,Pune,Kondhwa,Apartment,2,856,7500000,3.4272592e+06,4.0727408e+06,54.3
PROP-89F656AA02AC,Pune,Wagholi,Apartment,1,655,3000000,2.421998e+06,578002.0,19.27
PROP-C96D058A7B02,Delhi,Dabri,Independent House,2,450,6000000,4.557117e+06,1.442883e+06,24.05
PROP-D9ECC9A4371A,Bengaluru,Kommaghatta,Independent House,2,1200,11000000,6.9959855e+06,4.004015e+06,36.4
PROP-91C733ACFD92,Pune,Chikhali,Apartment,2,854,4900000,4.189542e+06,710458.0,14.5
PROP-73821B3E1E8A,Chennai,Anakaputhur,Independent House,3,1500,9000000,9.457609e+06,457609.0,5.08
PROP-E41E0FA10AF8,Hyderabad,Kompally,Apartment,3,1726,10200000,9.887434e+06,312566.0,3.06
PROP-A50CE5313CBD,Pune,Wanowrie,Independent House,2,850,7500000,5.096827e+06,2.403173e+06,32.04
PROP-F2AA264B8D16,Bengaluru,Kamakshipalya,Apartment,2,1200,9500000,6.684355e+06,2.8156445e+06,29.64
PROP-457AD501CB4F,Chennai,T Nagar,Apartment,3,1484,25000000,1.4846874e+07,1.0153126e+07,40.61
PROP-F07DDE96822A,Bengaluru,Kaggadasapura,Independent House,2,800,4500000,5.0749865e+06,574986.5,12.78
PROP-A0195411B832,Delhi,Pandav Nagar,Independent House,4,1250,7000000,1.2510455e+07,5.510455e+06,78.72
PROP-515005E56999,Delhi,Uttam Nagar,Apartment,3,1000,6000000,5.5284185e+06,471581.53,7.86
PROP-5E6983336D58,Chennai,Kundrathur,Apartment,2,711,4500000,2.885037e+06,1.614963e+06,35.89
PROP-315509A70EAC,Pune,Ravet,Apartment,2,1015,6310000,6.3207435e+06,10743.5,0.17
PROP-A42037E18BCB,Pune,Shikrapur,Apartment,1,538,1500000,1.6771424e+06,177142.38,11.81
PROP-C0DD7ED34DB4,Pune,Keshav Nagar,Apartment,1,650,3100000,3.2118562e+06,111856.25,3.61
PROP-1AD8766EFA1F,Delhi,Greater Kailash,Villa,2,1100,5099000,1.4373789e+07,9.274789e+06,181.89
PROP-2F785AACB870,Bengaluru,Battarahalli,Apartment,2,650,3250000,3.6127062e+06,362706.25,11.16
PROP-47FD282C1428,Pune,Undri,Apartment,1,950,6000000,4.909716e+06,1.090284e+06,18.17
PROP-CDECEAB30043,Delhi,Sant Nagar,Apartment,2,558,2500000,1.8181472e+06,681852.75,27.27
PROP-A327069852C8,Chennai,Kolapakkam,Apartment,2,941,8500000,4.2773425e+06,4.2226575e+06,49.68
PROP-1E1C17353E40,Delhi,Okhla,Apartment,3,750,2500000,6.365987e+06,3.8659875e+06,154.64
PROP-1DF5CA035298,Pune,Shivane,Independent House,2,1325,7200000,6.0236335e+06,1.176367e+06,16.34
PROP-440F13982022,Pune,Undri,Apartment,2,800,3000000,3.7963555e+06,796355.5,26.55
PROP-D51FCCB82401,Pune,Chakan,Apartment,1,612,2100000,2.0512479e+06,48752.12,2.32
PROP-A1645B8654D0,Delhi,Vasant Kunj,Apartment,1,550,6000000,4.604569e+06,1.395431e+06,23.26
PROP-D121E0C4EBF7,Bengaluru,K Channasandra,Independent House,2,620,5500000,4.875631e+06,624369.0,11.35
PROP-2BE121D1E5E9,Pune,Bibwewadi,Independent House,3,1060,5500000,8.396375e+06,2.896375e+06,52.66
PROP-EE0C3460E825,Chennai,Ammapettai,Apartment,3,1600,4500000,8.035843e+06,3.5358435e+06,78.57
PROP-38930D3E5AD5,Pune,Kolhewadi,Apartment,1,500,2000000,1.5776375e+06,422362.62,21.12
PROP-7C1C95262DB7,Delhi,Budh Vihar,Independent House,6,2700,12500000,1.5168577e+07,2.668577e+06,21.35
PROP-6962E9490359,Chennai,Vayalur,Villa,2,1000,2500000,4.993305e+06,2.493305e+06,99.73
PROP-59D7ED05852A,Delhi,Mukherjee Nagar,Apartment,3,1300,14500000,1.6974172e+07,2.474172e+06,17.06
PROP-E40E24D712B0,Pune,Pimple Nilakh,Apartment,2,1200,7500000,8.780573e+06,1.280573e+06,17.07
PROP-4AB02D12AB85,Chennai,Ayanavaram,Independent House,6,690,6000000,7.0794975e+06,1.0794975e+06,17.99
PROP-25D16C828562,Mumbai,Naigaon East,Apartment,2,250,1200000,1.5515808e+06,351580.88,29.3
PROP-1F790EFD8125,Pune,Ambegaon,Apartment,1,595,1900000,1.8478782e+06,52121.75,2.74
PROP-045838DEA504,Delhi,Tughlakabad,Apartment,2,550,1950000,2.2489848e+06,298984.75,15.33
PROP-7AF106BFC991,Bengaluru,Kammasandra,Independent House,3,1200,6600000,7.981837e+06,1.3818365e+06,20.94
PROP-3FB934612BA9,Pune,Aundh,Apartment,1,300,2700000,2.403631e+06,296369.0,10.98
PROP-C745DF9CEFD8,Bengaluru,Singasandra,Independent House,2,800,5660000,5.651933e+06,8067.5,0.14
PROP-B2A2B716046D,Bengaluru,Kadabagere,Independent House,2,1200,4000000,6.613566e+06,2.613566e+06,65.34
PROP-9482B11F2DD8,Pune,Balewadi,Apartment,1,603,4800000,4.27813e+06,521870.0,10.87
PROP-AFA76C13B75E,Bengaluru,Btm Layout,Apartment,2,350,2000000,2.1074675e+06,107467.5,5.37
PROP-B005C24FEB55,Pune,Narayangaon,Apartment,2,900,5500000,3.2359852e+06,2.2640148e+06,41.16
PROP-96DA711717E2,Chennai,Perumbakkam,Apartment,2,935,4000000,4.1530038e+06,153003.75,3.83
PROP-3C24C79B3B94,Bengaluru,Ullal Uppanagar,Independent House,1,1140,7000000,6.3324545e+06,667545.5,9.54
PROP-2E247E8FBF01,Pune,Ambegaon Budruk,Apartment,1,636,2450000,2.6090722e+06,159072.25,6.49
PROP-93689ACF45BD,Kolkata,Narendrapur,Independent House,8,2500,800000,1.3569667e+07,1.2769667e+07,1596.21
PROP-72FE921D8962,Mumbai,Asalpha,Independent House,1,410,2600000,3.0830878e+06,483087.75,18.58
PROP-05161F834158,Pune,Fursungi,Apartment,1,591,2600000,1.9230055e+06,676994.5,26.04
PROP-DFEE06420DCB,Pune,Wagholi,Apartment,2,913,4500000,4.2955825e+06,204417.5,4.54
PROP-4533C32A538C,Bengaluru,Nayandahalli,Independent House,5,4500,19000000,2.5594888e+07,6.5948875e+06,34.71
PROP-7963A9BB37DF,Pune,Bibwewadi,Apartment,1,400,2000000,2.2932458e+06,293245.75,14.66
PROP-586FBEE9CB32,Bengaluru,Mallathahalli,Independent House,3,600,1300000,7.8614255e+06,6.5614255e+06,504.72
PROP-17D5FD1A5980,Delhi,Rajinder Nagar,Apartment,3,2000,40000000,1.5489923e+07,2.4510074e+07,61.28
PROP-EE3776062233,Chennai,Ekkatuthangal,Independent House,4,6000,32000000,6.30667e+07,3.10667e+07,97.08
PROP-D7EA82297F6E,Pune,Chikhali,Independent House,4,1000,8500000,6.903469e+06,1.596531e+06,18.78
PROP-5D18B35844D0,Chennai,Jafferkhanpet,Independent House,2,1000,11500000,9.061459e+06,2.438541e+06,21.2
PROP-C0EC4B1D96FE,Bengaluru,Vijayanagar,Villa,3,650,12500000,8.001172e+06,4.498828e+06,35.99
PROP-7C42082F905C,Kolkata,Barrackpore,Apartment,1,495,1200000,1.3780016e+06,178001.62,14.83
PROP-315FDB33771C,Delhi,Uttam Nagar,Apartment,3,1600,5170000,8.834287e+06,3.664287e+06,70.88
PROP-818420AF923D,Chennai,Karayanchavadi,Apartment,2,704,3800000,3.653835e+06,146165.25,3.85
PROP-FE11C3BF1BCF,Chennai,Oragadam Ambattur,Apartment,3,1150,4200000,6.548502e+06,2.3485015e+06,55.92
PROP-B371F2DE5E4A,Bengaluru,Mathikere,Independent House,4,3600,17800000,2.3011128e+07,5.211128e+06,29.28
PROP-6E2FD2362270,Delhi,Mansa Ram Park,Independent House,4,660,13000000,5.850428e+06,7.149572e+06,55.0
PROP-B33814EAF7E2,Bengaluru,Mathikere,Independent House,2,585,6000000,4.6178365e+06,1.3821635e+06,23.04
PROP-49D4FAFE2404,Delhi,Mandawali,Independent House,5,6885,11000000,5.618134e+07,4.5181336e+07,410.74
PROP-DE9DA28714AF,Chennai,Chromepet,Apartment,1,570,3200000,2.3305212e+06,869478.75,27.17
PROP-A32F0825BACD,Hyderabad,Bolarum,Independent House,5,5000,50000000,3.4011228e+07,1.5988772e+07,31.98
PROP-4895B1F5D299,Pune,Wagholi,Apartment,2,1000,4600000,5.1556925e+06,555692.5,12.08
PROP-00E7989E006F,Chennai,Aminjikarai,Apartment,2,1110,14400000,5.870269e+06,8.529732e+06,59.23
PROP-98A8DEC685FD,Bengaluru,Billapura,Apartment,2,1068,2700000,5.411499e+06,2.711499e+06,100.43
PROP-3745200C549A,Mumbai,Bhayandar West,Independent House,1,1400,8400000,6.969149e+06,1.4308515e+06,17.03
PROP-FC7DF5049E71,Bengaluru,Bendiganahalli,Apartment,2,935,5999000,6.3628555e+06,363855.53,6.07
PROP-63B7C3FD0FDD,Delhi,Gtb Nagar,Independent House,3,1440,75000000,1.4112938e+07,6.0887064e+07,81.18
PROP-362F24924F35,Bengaluru,Vidyamanya Nagar,Independent House,4,2700,10000000,2.0125672e+07,1.0125672e+07,101.26
PROP-97834262F186,Chennai,Thalambur,Independent House,3,1000,5000000,6.398173e+06,1.3981725e+06,27.96
PROP-B766E5993D9C,Pune,Pimple Nilakh,Independent House,4,3000,25000000,2.3996936e+07,1.003064e+06,4.01
PROP-AFDD620B6095,Pune,Wanowrie,Independent House,5,4020,39000000,2.7694e+07,1.1305999e+07,28.99
PROP-0CD99260AC4A,Kolkata,Behala Chowrasta,Apartment,2,780,2200000,2.6923528e+06,492352.75,22.38
PROP-DA31F830F91F,Bengaluru,Ramamurthy Nagar,Independent House,2,1700,11000000,1.02396e+07,760400.0,6.91
PROP-99D43A4930DF,Chennai,Kumananchavadi,Apartment,2,901,6500000,3.9673272e+06,2.5326725e+06,38.96
PROP-4F610207525A,Chennai,Pazhavanthangal,Apartment,2,588,5900000,3.1135665e+06,2.7864335e+06,47.23
PROP-40E4D60ADADF,Pune,Varale,Apartment,1,603,2500000,2.493743e+06,6257.0,0.25
PROP-788137F6AC7F,Pune,Handewadi,Apartment,3,1206,8000000,6.749714e+06,1.250286e+06,15.63
PROP-769C05211808,Bengaluru,Electronic City Phase Ii,Independent House,9,3400,14000000,1.3246378e+07,753622.0,5.38
PROP-3E02D030B25B,Chennai,Sholinganallur,Apartment,1,467,1900000,2.9310958e+06,1.03109575e+06,54.27
PROP-7F4E18125D11,Bengaluru,Btm Layout,Independent House,5,3000,37500000,2.0665476e+07,1.6834524e+07,44.89
PROP-15F7FFAEAF3F,Bengaluru,Frazer Town,Apartment,3,1559,13000000,9.544339e+06,3.455661e+06,26.58
PROP-429E0E1CA712,Hyderabad,Medchal,Apartment,2,1367,3279000,7.392489e+06,4.113489e+06,125.45
PROP-EDB850C15F79,Delhi,Sector 14 Rohini,Apartment,2,930,12500000,1.1227782e+07,1.272217e+06,10.18
PROP-69D748702D95,Bengaluru,Hal,Independent House,2,1600,4500000,9.30468e+06,4.80468e+06,106.77
PROP-060B89326CAC,Pune,Bibwewadi,Apartment,3,1044,9000000,6.882427e+06,2.117573e+06,23.53
PROP-0528464B90F4,Delhi,Tagore Garden Extension,Apartment,2,500,1300000,3.6127302e+06,2.3127302e+06,177.9
PROP-040BA2ECAB23,Hyderabad,Kothapet,Apartment,2,900,4300000,4.1372152e+06,162784.75,3.79
PROP-1A3B60BCA394,Chennai,Adhanur,Apartment,1,575,2050000,2.440973e+06,390973.0,19.07
PROP-D95D7A01F40A,Chennai,Madhavaram Milk Colony,Independent House,4,2000,25000000,1.201156e+07,1.298844e+07,51.95
PROP-8659C224B645,Pune,Thergaon,Independent House,2,240,2500000,1.7524382e+06,747561.75,29.9
PROP-CE629D62C1E2,Pune,Kiwale,Apartment,4,3354,20000000,2.157716e+07,1.57716e+06,7.89
PROP-1C731A3D64BE,Delhi,Sector 25 Rohini,Apartment,1,450,1350000,3.5643602e+06,2.2143602e+06,164.03
PROP-B4AC4014005E,Chennai,Choolai,Apartment,2,780,6500000,3.9499128e+06,2.5500875e+06,39.23
PROP-162B02D693C3,Delhi,Bijwasan,Apartment,3,1200,8000000,4.2935595e+06,3.7064408e+06,46.33
PROP-80C3F2A9BEBF,Bengaluru,Attiguppe,Apartment,3,2050,12000000,1.715314e+07,5.15314e+06,42.94
PROP-E71B4BA6676D,Pune,Saswad,Apartment,2,820,2500000,2.5179895e+06,17989.5,0.72
PROP-016204A03EFD,Bengaluru,Indira Nagar,Apartment,2,1500,20000000,1.2701505e+07,7.2984945e+06,36.49
PROP-2881C654070A,Delhi,Sarai Rohilla,Apartment,1,450,2200000,2.5578128e+06,357812.75,16.26
PROP-D54E5BD2C299,Delhi,Rangpuri,Independent House,3,900,10000000,4.9939145e+06,5.0060855e+06,50.06
PROP-C4A8979F88C8,Delhi,Sector 5 Rohini,Independent House,4,2700,36500000,2.9266206e+07,7.233792e+06,19.82
PROP-DBBA0D7159FF,Bengaluru,Electronic City Phase Ii,Apartment,2,660,1750000,2.950157e+06,1.2001572e+06,68.58
PROP-9DD182F2F033,Chennai,Chromepet,Villa,5,4200,47500000,2.777091e+07,1.9729088e+07,41.53
PROP-AA87264EFA5F,Bengaluru,Bommasandra,Apartment,3,1478,5000000,6.9827205e+06,1.9827205e+06,39.65
PROP-B1410D20C5B8,Chennai,Mugalivakkam,Apartment,1,735,3900000,3.3884192e+06,511580.75,13.12
PROP-B4CAE80DF47C,Bengaluru,Anjanapura Township,Apartment,2,740,3000000,3.276254e+06,276254.0,9.21
PROP-C6E2AFC25F76,Chennai,Avadi,Independent House,2,1135,11000000,5.7424815e+06,5.2575185e+06,47.8
PROP-B0E9559AB6DB,Delhi,Paschim Vihar,Apartment,2,1200,17000000,1.3135274e+07,3.864726e+06,22.73
PROP-D6DC5A5DAF34,Delhi,Palam,Apartment,3,720,5200000,5.8061835e+06,606184.0,11.66
PROP-08FC70C26D6F,Pune,Koregaon Park,Apartment,2,1450,16500000,1.6990368e+07,490368.0,2.97
PROP-12FC4BB87802,Pune,Aundh,Independent House,5,3229,50000000,3.3652256e+07,1.6347744e+07,32.7
PROP-ABAFB0DAB37B,Hyderabad,Hyderguda,Independent House,3,1575,40000000,1.0006006e+07,2.9993994e+07,74.98
PROP-70F451C48336,Chennai,Thiruporur,Apartment,1,550,1500000,1.724519e+06,224519.0,14.97
PROP-BF758B14EF8B,Pune,Ghorpadi,Apartment,3,1400,20000000,1.5126252e+07,4.873749e+06,24.37
PROP-F1E0B4DF171D,Kolkata,Belghoria,Apartment,3,1400,7000000,5.537468e+06,1.462532e+06,20.89
PROP-FE1FB57E09F8,Hyderabad,Yapral,Independent House,5,4000,41000000,2.2516608e+07,1.8483392e+07,45.08
PROP-CADB9418C827,Pune,Kanhe,Apartment,1,450,2300000,1.4111966e+06,888803.4,38.64
PROP-736F64CAAABC,Delhi,Samalka,Independent House,2,450,3000000,3.360483e+06,360482.75,12.02
PROP-C0930703656C,Pune,Kondhwa,Apartment,4,2165,16800000,1.4039508e+07,2.7604922e+06,16.43
PROP-C5360D163D48,Bengaluru,Akshayanagar,Villa,2,1200,4260000,5.936215e+06,1.676215e+06,39.35
PROP-FFE13AE0E4EA,Chennai,Kadalur,Independent House,1,800,3500000,4.546755e+06,1.04675506e+06,29.91
PROP-BB0F4B5CA04F,Pune,Alandi,Independent House,1,750,1600000,3.0677338e+06,1.4677338e+06,91.73
PROP-04D8ECC5920C,Chennai,Hirco Palace Gardens,Apartment,3,2256,9500000,1.6606696e+07,7.1066955e+06,74.81
PROP-A43B3C9015EA,Chennai,Maraimalai Nagar,Independent House,3,1500,8500000,6.4627845e+06,2.0372155e+06,23.97
PROP-39EFEA1A324E,Pune,Alandi,Independent House,1,500,2700000,1.8122114e+06,887788.6,32.88
PROP-53EA1E073943,Bengaluru,Horamavu,Apartment,3,2400,6700000,1.5529238e+07,8.829238e+06,131.78
PROP-C1FB700C2334,Chennai,Kanathur Reddikuppam,Apartment,3,1821,12200000,1.2550941e+07,350942.0,2.88
PROP-AFF1688DC6DB,Delhi,Sector 5 Rohini,Independent House,1,500,2000000,4.073707e+06,2.0737068e+06,103.69
PROP-E4E36E95EDAB,Delhi,Sector 5 Rohini,Independent House,1,278,5000000,2.8562808e+06,2.1437192e+06,42.87
PROP-925A53CC1421,Chennai,Kodambakkam,Apartment,2,916,8500000,7.521597e+06,978403.06,11.51
PROP-2960C566D6FE,Bengaluru,Lingarajapuram,Independent House,7,600,10500000,9.996716e+06,503284.0,4.79
PROP-0912041A0312,Chennai,Choolaimedu,Apartment,2,828,6000000,4.1684272e+06,1.8315728e+06,30.53
PROP-5364E9848963,Bengaluru,Varthur,Independent House,8,4000,17500000,1.6238193e+07,1.261807e+06,7.21
PROP-F4BFAA10D3BF,Bengaluru,Bidare Agraha,Independent House,2,550,5000000,3.6339748e+06,1.3660252e+06,27.32
PROP-98C89B2206BD,Delhi,Vasant Kunj,Independent House,6,600,9750000,1.1548166e+07,1.7981661e+06,18.44
PROP-E0FD65059227,Bengaluru,Thotada Guddadhalli Village,Independent House,4,2900,12000000,1.4512852e+07,2.512853e+06,20.94
PROP-723B07FC1828,Delhi,Madangir,Independent House,5,2250,11000000,1.8522364e+07,7.522364e+06,68.39
PROP-B20A5D32356D,Chennai,Perambur,Apartment,2,747,5200000,4.490892e+06,709108.0,13.64
PROP-929F154C0F01,Pune,Kondhwa,Independent House,3,4500,27500000,1.7083204e+07,1.0416796e+07,37.88
PROP-1FF39EFE8F1C,Bengaluru,Neelasandra,Apartment,1,410,2000000,1.3994164e+06,600583.6,30.03
PROP-35F055A640FC,Delhi,Karala,Independent House,6,900,6000000,6.5657985e+06,565798.5,9.43
PROP-7DD59E02BF22,Chennai,Choolaimedu,Independent House,3,7094,70000000,3.3623256e+07,3.6376744e+07,51.97
PROP-27C577E56D7C,Bengaluru,Mallathahalli,Independent House,5,3800,15000000,3.0176792e+07,1.5176792e+07,101.18
PROP-61B82DD291D3,Chennai,Kodambakkam,Apartment,2,1170,12000000,9.052873e+06,2.947127e+06,24.56
PROP-0EBA19EF740C,Delhi,Badarpur,Apartment,1,445,1200000,2.05566e+06,855660.0,71.3
PROP-F872C60A1136,Delhi,Tagore Garden Extension,Apartment,3,1200,25000000,1.1314678e+07,1.3685322e+07,54.74
PROP-41554050619B,Chennai,Sithalapakkam,Apartment,3,1405,7500000,7.849072e+06,349072.0,4.65
PROP-CD5F861DFC1E,Delhi,Karol Bagh,Apartment,2,1252,21000000,1.5112842e+07,5.887158e+06,28.03
PROP-7EE9C3784A47,Bengaluru,Kengeri,Apartment,10,9020,39500000,4.265069e+07,3.150688e+06,7.98
PROP-22ADCFDCC4E6,Bengaluru,M Hosahalli,Independent House,1,720,2800000,5.5589185e+06,2.7589185e+06,98.53
PROP-DE0577CA5310,Mumbai,Girgaon,Independent House,3,1500,60000000,3.565509e+07,2.4344912e+07,40.57
PROP-D76597982D99,Pune,Shivane,Apartment,2,805,7000000,3.9159198e+06,3.0840802e+06,44.06
PROP-C8CC7D055133,Bengaluru,Devanahalli,Apartment,2,930,4185000,3.867243e+06,317757.0,7.59
PROP-6E48515068CD,Kolkata,Dum Dum Cantonment,Apartment,2,720,2200000,2.4473178e+06,247317.77,11.24
PROP-8B0A281F6F67,Kolkata,Tangra,Apartment,2,1115,8500000,8.60621e+06,106210.0,1.25
PROP-758E0F776A14,Chennai,Ramapuram,Apartment,2,610,3500000,2.969742e+06,530258.0,15.15
PROP-B8522EF8B903,Pune,Gultekdi,Apartment,2,1400,17500000,1.1646202e+07,5.853799e+06,33.45
PROP-9C41AA9B9845,Pune,Hinjewadi Phase 3,Apartment,1,654,3800000,3.8810538e+06,81053.75,2.13
PROP-216A3970FF18,Pune,Rahatani,Independent House,5,2000,23000000,1.4164689e+07,8.835311e+06,38.41
PROP-A347BF67ECD7,Pune,Ganj Peth,Apartment,1,750,6500000,3.691205e+06,2.808795e+06,43.21
PROP-08E7410F6F56,Kolkata,Rajarhat,Apartment,2,1065,3700000,4.277518e+06,577518.0,15.61
PROP-5D362742297B,Bengaluru,Kithaganur Colony,Independent House,3,1200,8600000,8.3469075e+06,253092.5,2.94
PROP-A9BCCF053E17,Delhi,Hastsal,Independent House,3,1350,6350000,7.77123e+06,1.4212301e+06,22.38
PROP-32003935ECCA,Bengaluru,Yerappanahalli,Independent House,2,1275,3825000,8.025022e+06,4.200022e+06,109.8
PROP-2C4FC6B32994,Bengaluru,Madavara,Apartment,2,600,7400000,2.8729318e+06,4.527068e+06,61.18
PROP-7FEB6B5FB126,Bengaluru,Ragavendra Industrial Estate,Independent House,2,400,4500000,3.152943e+06,1.347057e+06,29.93
PROP-D2B8AEFDC4A2,Chennai,Dharkast,Apartment,2,1008,3600000,4.4184385e+06,818438.5,22.73
PROP-B818F0D9592E,Bengaluru,Hurulichikanahalli,Independent House,2,860,3000000,5.314119e+06,2.314119e+06,77.14
PROP-A5DEBFD65275,Chennai,Aminjikarai,Apartment,2,840,7400000,4.011487e+06,3.388513e+06,45.79
PROP-DFC59B418382,Pune,Katad Khana,Apartment,1,200,4200000,1.4894338e+06,2.7105665e+06,64.54
PROP-3742950FC789,Delhi,Tughlakabad,Independent House,2,650,4000000,3.7576735e+06,242326.5,6.06
PROP-BC66A060CCEC,Mumbai,Virar West,Apartment,1,650,2950000,3.0420902e+06,92090.25,3.12
PROP-C25510000B39,Delhi,Sector 16B Dwarka,Apartment,1,500,5100000,2.1946758e+06,2.9053242e+06,56.97
PROP-416A3CB02077,Mumbai,Bhayandar West,Apartment,1,475,6500000,3.3902842e+06,3.1097158e+06,47.84
PROP-2463CFFB28A7,Chennai,Thirumullaivoyal,Apartment,3,1210,5800000,5.8046835e+06,4683.5,0.08
PROP-2D1779BDD5F3,Hyderabad,Narsingi,Apartment,2,1170,7300000,6.57553e+06,724470.0,9.92
PROP-7DB1A8426B9C,Bengaluru,Banashankari,Apartment,3,1450,12500000,8.777835e+06,3.722165e+06,29.78
PROP-F350E6D1EED2,Bengaluru,Singasandra,Apartment,2,1188,7000000,6.2368715e+06,763128.5,10.9
PROP-D2D7F074ACF4,Pune,Mundhwa,Apartment,2,650,3800000,4.2341755e+06,434175.53,11.43
PROP-5CC4D652FF93,Bengaluru,Kasavanahalli,Apartment,2,1200,8300000,7.659582e+06,640418.0,7.72
PROP-9C34FF43D250,Kolkata,Hridaypur,Independent House,4,2200,6000000,8.404066e+06,2.404066e+06,40.07
PROP-1A4D986F8144,Bengaluru,Wilson Garden,Independent House,5,700,7800000,1.1278459e+07,3.478459e+06,44.6
PROP-3879314D82F9,Bengaluru,Muddanahalli,Apartment,2,1304,7200000,8.846242e+06,1.6462419e+06,22.86
PROP-4D6FA16E4065,Delhi,Pitampura,Apartment,3,1069,10500000,9.909599e+06,590401.0,5.62
PROP-FC8EEB5BF799,Kolkata,Purba Barisha,Independent House,3,1650,14000000,7.1033845e+06,6.8966155e+06,49.26
PROP-A7910C008A88,Bengaluru,Sunkadakatte,Apartment,3,1535,8490000,8.543357e+06,53357.0,0.63
PROP-7B6F7930318A,Bengaluru,Laggere,Independent House,10,3600,22500000,1.504663e+07,7.453369e+06,33.13
PROP-B655C40C41EA,Mumbai,Virar West,Apartment,2,830,5600000,4.9956295e+06,604370.5,10.79
PROP-66EEDE198CCB,Bengaluru,Hallehalli,Apartment,2,1195,6500000,6.1810635e+06,318936.5,4.91
PROP-C04725EAD432,Bengaluru,Thanisandra,Apartment,2,1202,6500000,7.28474e+06,784740.0,12.07
PROP-9DA3F99F0C36,Kolkata,Belgachia,Apartment,3,1075,5000000,4.0000492e+06,999950.75,20.0
PROP-4776467A6E02,Kolkata,Mahheshtala,Apartment,2,735,2600000,2.1333652e+06,466634.75,17.95
PROP-BEDA27D6C498,Bengaluru,Hsr Layout,Villa,4,2400,18000000,2.6229604e+07,8.229604e+06,45.72
PROP-A9A2277A47DA,Bengaluru,Doddabele,Independent House,3,600,6000000,4.4066055e+06,1.5933945e+06,26.56
PROP-CE92ABFFB9EC,Pune,Ganesh Peth,Apartment,2,1000,5200000,6.7196815e+06,1.5196815e+06,29.22
PROP-737ACAF91D3C,Bengaluru,Dooravani Nagar,Independent House,6,2200,8700000,1.286658e+07,4.1665798e+06,47.89
PROP-AF6169902B19,Pune,Dhankawadi,Apartment,1,400,2000000,1.2628356e+06,737164.4,36.86
PROP-0FAB90A61B36,Delhi,Uttam Nagar,Apartment,2,650,3600000,3.41708e+06,182920.0,5.08
PROP-90B5D0DE93B2,Pune,Lohegaon,Apartment,4,2570,16500000,1.7962388e+07,1.462388e+06,8.86
PROP-4F7E04D32961,Pune,Kondhawe-Dhawade,Apartment,1,515,2500000,1.5679135e+06,932086.6,37.28
PROP-5BC79A05EBF7,Bengaluru,Dommasandra,Apartment,2,1112,6200000,5.089847e+06,1.110153e+06,17.91
PROP-62C848E36F39,Bengaluru,Chandra Layout Extension,Independent House,6,5200,32500000,4.9306372e+07,1.6806372e+07,51.71
PROP-E33EFE69B80C,Bengaluru,Sunkadakatte,Independent House,4,1200,13000000,1.1683245e+07,1.316755e+06,10.13
PROP-27DE9C56D44E,Bengaluru,Mattanahalli,Independent House,2,1200,5500000,7.13833e+06,1.6383305e+06,29.79
PROP-AD318104196B,Bengaluru,Cheemasandra,Independent House,2,1000,6500000,6.8852565e+06,385256.47,5.93
PROP-038615FDDE7D,Delhi,Mahavir Enclave,Independent House,8,3000,16500000,1.067206e+07,5.82794e+06,35.32
PROP-6998C3C1CE18,Delhi,Shahdara,Independent House,2,360,6000000,3.3777562e+06,2.622244e+06,43.7
PROP-F3F0AF36CEB5,Bengaluru,Marathahalli,Independent House,7,4200,26000000,5.1826616e+07,2.5826616e+07,99.33
PROP-2D787C5B7475,Chennai,Madambakkam,Apartment,2,978,5800000,4.8009475e+06,999052.5,17.23
PROP-435F8E219C76,Pune,Hadapsar,Independent House,2,650,6500000,3.005261e+06,3.494739e+06,53.77
PROP-35B3FD2B9BC4,Pune,Khadki,Apartment,1,470,2700000,1.9220284e+06,777971.75,28.81
PROP-47EC8CAA2D1D,Pune,Sus,Independent House,2,1100,6000000,6.858675e+06,858675.06,14.31
PROP-CEEB57C8F217,Bengaluru,Virupakshapura,Apartment,3,1915,7000000,8.781545e+06,1.781545e+06,25.45
PROP-B7CFF0B405B6,Pune,Ambegaon Pathar,Apartment,2,925,4800000,3.5847935e+06,1.2152065e+06,25.32
PROP-FC9D0E12E5EC,Chennai,T Nagar,Apartment,3,1100,11000000,1.0685422e+07,314578.0,2.86
PROP-623733528207,Pune,Chandan Nagar,Apartment,2,850,6500000,3.7058002e+06,2.7941998e+06,42.99
PROP-4E59815F38F6,Pune,Chakan,Apartment,1,615,2000000,1.6883292e+06,311670.75,15.58
PROP-87724D4B91BD,Bengaluru,Nelamangala,Apartment,2,1100,4500000,4.4730975e+06,26902.5,0.6
PROP-C52E8140E86B,Pune,Khed Shivapur,Independent House,3,1800,10000000,6.943925e+06,3.056075e+06,30.56
PROP-23AF6966A1A5,Mumbai,Thane West,Apartment,2,684,5800000,6.93681e+06,1.13681e+06,19.6
PROP-4990F4349A2C,Delhi,Sidhartha Nagar,Apartment,2,1150,11000000,9.79484e+06,1.20516e+06,10.96
PROP-EB9CA72140CA,Bengaluru,Begur,Apartment,4,2695,12500000,2.0082724e+07,7.582724e+06,60.66
PROP-0D0CC86E6670,Bengaluru,Nandini Layout,Apartment,1,500,2300000,2.7328815e+06,432881.75,18.82
PROP-2DBC56647DC2,Mumbai,Kanjurmarg West,Independent House,2,220,3000000,2.4866802e+06,513319.75,17.11
PROP-BE904FD9ECAD,Bengaluru,Nagavara,Independent House,1,500,4000000,3.323306e+06,676694.0,16.92
PROP-A5472FA9AB79,Pune,Shivane,Apartment,1,415,2000000,1.3986156e+06,601384.25,30.07
PROP-C1EA0CD38AC7,Pune,Wagholi,Independent House,4,1000,7500000,7.07727e+06,422730.0,5.64
PROP-9D18701B8734,Bengaluru,Yelahanka,Apartment,2,845,2500000,4.07199e+06,1.5719901e+06,62.88
PROP-4B2819CCDC38,Mumbai,Virar East,Independent House,2,325,700000,918961.75,218961.77,31.28
PROP-A8556B61F94C,Pune,Pimpri,Apartment,1,600,5600000,3.7638352e+06,1.8361648e+06,32.79
PROP-4BFA952225F9,Pune,Ganesh Peth,Apartment,1,480,3000000,2.9774728e+06,22527.5,0.75
PROP-4B65F4ECF3DA,Bengaluru,Medahalli,Independent House,4,1800,9000000,1.1867885e+07,2.867885e+06,31.87
PROP-D42E5341B90C,Pune,Talegaon Dabhade,Apartment,2,234,1500000,1.2529221e+06,247077.88,16.47
PROP-0878E585B1A9,Delhi,Sector 16 Rohini,Villa,3,280,7000000,4.0510312e+06,2.9489688e+06,42.13
PROP-EDCB8E1E7D1F,Pune,Hadapsar,Apartment,1,430,2050000,1.3878508e+06,662149.25,32.3
PROP-2599E11222D9,Delhi,Razapur Khurd,Independent House,2,486,3300000,2.8373688e+06,462631.53,14.02
PROP-0509105302D9,Delhi,Jaffarpur Kalan,Independent House,1,472,1400000,2.1228482e+06,722848.25,51.63
PROP-FE64C4652902,Chennai,Padur,Villa,4,2117,14000000,1.3326051e+07,673948.94,4.81
PROP-18A0393EBFD1,Pune,Fursungi,Independent House,3,1500,8500000,6.5625935e+06,1.9374065e+06,22.79
PROP-080C27F30D8B,Bengaluru,Rajajinagar,Apartment,3,1250,11000000,1.012859e+07,871410.0,7.92
PROP-9B9083DB7CBF,Delhi,Naraina,Independent House,5,1800,92500000,2.8658412e+07,6.3841588e+07,69.02
PROP-FE76E707B99E,Bengaluru,Btm Layout,Independent House,2,1400,700000,1.0051014e+07,9.351014e+06,1335.86
PROP-0990AC2066F0,Mumbai,Ghatkopar West,Independent House,2,300,5500000,4.475022e+06,1.024978e+06,18.64
PROP-9C5D0CF6F00F,Delhi,Sidhartha Nagar,Apartment,3,1340,8000000,1.5747875e+07,7.747875e+06,96.85
PROP-43E277CC801A,Bengaluru,Doddajala,Apartment,2,905,4600000,4.8758495e+06,275849.5,6.0
PROP-A46D4E0EB0B9,Chennai,Varadharajapuram,Apartment,3,1200,5000000,6.183929e+06,1.183929e+06,23.68
PROP-25906C36F887,Pune,Rajgurunagar,Apartment,1,625,2600000,1.8132644e+06,786735.75,30.26
PROP-031EACC72FAC,Chennai,Perumbakkam,Apartment,2,915,5400000,4.3978435e+06,1.0021565e+06,18.56
PROP-3DDDE73F3508,Delhi,Dallupura,Apartment,2,1050,9000000,8.595022e+06,404978.0,4.5
PROP-AEC56B927638,Chennai,Chromepet,Apartment,2,900,4570000,4.4141805e+06,155819.5,3.41
PROP-EA626B1DE864,Delhi,Sector 39 Rohini,Independent House,4,450,3200000,5.128515e+06,1.928515e+06,60.27
PROP-E5DB4EC56BFD,Bengaluru,Kumaraswamy Layout,Independent House,7,1800,9500000,1.6479159e+07,6.979159e+06,73.46
PROP-6C265ECC52EE,Bengaluru,Yeshwanthpur,Independent House,1,850,5650000,6.1130095e+06,463009.0,8.19
PROP-E97FC7791CB2,Pune,Vadgaon Budruk,Apartment,2,328,1050000,1.2409212e+06,190921.23,18.18
PROP-A9AD15AE4F4B,Chennai,Vanagaram,Apartment,2,1079,6500000,5.395447e+06,1.104553e+06,16.99
PROP-07542049EDCD,Chennai,Ayanavaram,Independent House,4,2300,24000000,1.9100196e+07,4.899804e+06,20.42
PROP-300FE53137C8,Bengaluru,Electronic City,Independent House,3,3505,11800000,1.50938e+07,3.2938e+06,27.91
PROP-C9D20255B3E4,Delhi,Said-Ul-Ajaib,Apartment,3,1215,6600000,1.1087391e+07,4.487391e+06,67.99
PROP-F60507C8E72C,Bengaluru,Padmanabhanagar,Apartment,3,1332,6000000,8.423532e+06,2.423532e+06,40.39
PROP-D482B3771C8A,Pune,Wanowrie,Independent House,4,1861,38000000,1.2552187e+07,2.5447814e+07,66.97
PROP-D30282DEF7E8,Bengaluru,Doddakannelli,Apartment,2,1210,7700000,7.157943e+06,542057.0,7.04
PROP-66BC2F398FB3,Pune,Uruli Kanchan,Apartment,2,550,2000000,1.6412704e+06,358729.62,17.94
PROP-36E67E14E286,Bengaluru,Kaggadasapura,Independent House,1,759,4000000,4.390238e+06,390238.0,9.76
PROP-7DE0F80CE62A,Bengaluru,Shivaji Nagar,Independent House,6,1543,15000000,1.8244524e+07,3.2445242e+06,21.63
PROP-009D2FB6208C,Bengaluru,Nagamangala,Independent House,1,600,2100000,3.914751e+06,1.814751e+06,86.42
PROP-A0E7E5E1C072,Pune,Saswad,Apartment,2,750,2300000,2.2863582e+06,13641.75,0.59
PROP-9269F5EDABE3,Pune,Mundhwa,Apartment,3,1100,11500000,8.413119e+06,3.086881e+06,26.84
PROP-39EDB7D041E5,Chennai,Kolapakkam,Villa,2,1000,6900000,4.807325e+06,2.092675e+06,30.33
PROP-D27635A55529,Mumbai,Mira Road East,Apartment,1,310,5500000,4.432125e+06,1.067875e+06,19.42
PROP-C09982527D26,Pune,Bhosari,Apartment,1,640,3000000,3.3341088e+06,334108.75,11.14
PROP-1779D7AD70C3,Pune,Pisoli,Apartment,1,686,3500000,3.0550308e+06,444969.25,12.71
PROP-48CB268852CA,Pune,Kondhwa,Apartment,2,1300,8000000,6.6983565e+06,1.3016435e+06,16.27
PROP-5DD0259F63AA,Delhi,Sector 12 Dwarka,Apartment,4,2150,31500000,2.4222912e+07,7.277088e+06,23.1
PROP-31F0500C626F,Delhi,Palam,Apartment,3,1000,5200000,6.177822e+06,977822.0,18.8
PROP-A78E23A451BF,Chennai,Thiruverkkadu,Apartment,3,1439,7200000,7.35867e+06,158670.0,2.2
PROP-7879F1316D64,Bengaluru,Bisuvanahalli,Apartment,3,1075,4000000,4.7295005e+06,729500.5,18.24
PROP-A0AA62836698,Bengaluru,Doddaballapura,Independent House,2,1200,5200000,6.949722e+06,1.7497219e+06,33.65
PROP-97C92653EB1E,Delhi,Lado Sarai,Apartment,2,550,3100000,2.9978815e+06,102118.25,3.29
PROP-E8BBAB4BD9FD,Delhi,Sector 17 Rohini,Independent House,1,400,2300000,2.4517772e+06,151777.25,6.6
PROP-26E24636D271,Bengaluru,Kartik Nagar,Independent House,4,1200,7000000,1.2807743e+07,5.8077425e+06,82.97
PROP-555DE32B3741,Pune,Sus,Apartment,2,1119,7600000,7.578768e+06,21232.0,0.28
PROP-26E5909FF552,Pune,Hadapsar,Apartment,1,460,3000000,2.0640975e+06,935902.6,31.2
PROP-EB4A1A9AE20E,Chennai,Gerugambakkam,Apartment,2,1150,4200000,5.333748e+06,1.133748e+06,26.99
PROP-CEAAA6218846,Bengaluru,Bannerughatta,Independent House,1,550,2400000,2.8869112e+06,486911.25,20.29
PROP-B8CCA5B077EC,Delhi,Govindpuri,Independent House,3,1045,17000000,6.277814e+06,1.0722186e+07,63.07
PROP-9840B36CD036,Bengaluru,Bagalur,Independent House,6,800,11000000,1.154167e+07,541670.0,4.92
PROP-275C30FED99F,Chennai,Sembakkam,Apartment,3,1712,11500000,8.84318e+06,2.65682e+06,23.1
PROP-34A08169478C,Pune,Ganga Dham,Apartment,2,1257,18500000,1.0936462e+07,7.563538e+06,40.88
PROP-3C7BB9A3A76F,Pune,Jambhul,Apartment,1,363,1800000,1.4548825e+06,345117.53,19.17
PROP-8B946A375F97,Pune,Talegaon Dhamdhere,Apartment,2,575,1050000,1.4670331e+06,417033.12,39.72
PROP-38292E418CB4,Bengaluru,Kumbalgodu,Villa,2,850,4000000,3.847173e+06,152827.0,3.82
PROP-B94889EB5DAC,Bengaluru,Jayanagar,Apartment,3,1760,17000000,3.0034042e+07,1.3034044e+07,76.67
PROP-7918A0543BED,Delhi,Mayur Vihar Phase 1,Independent House,2,300,6500000,3.332869e+06,3.167131e+06,48.73
PROP-F7AE73D7226F,Bengaluru,Frazer Town,Apartment,3,1200,13000000,9.65701e+06,3.34299e+06,25.72
PROP-4CBA87BD7ADC,Mumbai,Malad West,Apartment,2,265,2500000,3.257918e+06,757918.0,30.32
PROP-CC0910D5F944,Delhi,Jamia Nagar,Apartment,2,460,2500000,1.8825229e+06,617477.1,24.7
PROP-880F2B4C6CEC,Pune,Jambhulwadi,Apartment,1,520,1099000,1.3111766e+06,212176.62,19.31
PROP-30E17D169E3B,Chennai,T Nagar,Apartment,3,1495,27500000,1.489785e+07,1.260215e+07,45.83
PROP-3190973D0D6A,Bengaluru,Koti Hosahalli,Independent House,1,920,13000000,4.8777655e+06,8.122234e+06,62.48
PROP-4B132EEC6D13,Bengaluru,Vidyaranyapura,Apartment,3,1760,4200000,1.1914153e+07,7.714153e+06,183.67
PROP-7024A5C1CDC5,Bengaluru,Bagalakunte,Independent House,1,600,3600000,4.544163e+06,944163.06,26.23
PROP-612330DF8800,Pune,Shewalewadi,Apartment,3,1320,8500000,6.9552785e+06,1.5447215e+06,18.17
PROP-207F9F6C82A1,Chennai,Ambattur Industrial Estate,Apartment,3,1145,6500000,6.96669e+06,466690.0,7.18
PROP-B28EDFE12B58,Bengaluru,Akshayanagar,Independent House,1,850,17500000,4.4456165e+06,1.3054385e+07,74.6
PROP-A36A2656F40A,Bengaluru,Electronic City Phase Ii,Independent House,7,1200,11000000,1.4611315e+07,3.611315e+06,32.83
