station_name,city,station_lat,station_lon,year,month,time_key,aqi,pm25,pm10,aqi_30d_avg,aqi_90d_avg
CPCB_BLR_BTM,Bengaluru,12.915,77.61,2017,1,2017-01,108,59,97,108,108.0
CPCB_BLR_BTM,Bengaluru,12.915,77.61,2017,2,2017-02,80,45,74,80,80.0
CPCB_BLR_BTM,Bengaluru,12.915,77.61,2017,3,2017-03,64,34,55,64,84.0
CPCB_BLR_BTM,Bengaluru,12.915,77.61,2017,4,2017-04,71,38,62,71,71.7
CPCB_BLR_BTM,Bengaluru,12.915,77.61,2017,5,2017-05,62,32,53,62,65.7
CPCB_BLR_BTM,Bengaluru,12.915,77.61,2017,6,2017-06,68,39,64,68,67.0
CPCB_BLR_BTM,Bengaluru,12.915,77.61,2017,7,2017-07,33,18,29,33,54.3
CPCB_BLR_BTM,Bengaluru,12.915,77.61,2017,8,2017-08,34,19,31,34,45.0
CPCB_BLR_BTM,Bengaluru,12.915,77.61,2017,9,2017-09,30,16,27,30,32.3
CPCB_BLR_BTM,Bengaluru,12.915,77.61,2017,10,2017-10,84,45,74,84,49.3
CPCB_BLR_BTM,Bengaluru,12.915,77.61,2017,11,2017-11,96,55,90,96,70.0
CPCB_BLR_BTM,Bengaluru,12.915,77.61,2017,12,2017-12,93,49,81,93,91.0
CPCB_BLR_BTM,Bengaluru,12.915,77.61,2018,1,2018-01,114,59,97,114,101.0
CPCB_BLR_BTM,Bengaluru,12.915,77.61,2018,2,2018-02,74,42,69,74,93.7
CPCB_BLR_BTM,Bengaluru,12.915,77.61,2018,3,2018-03,64,35,58,64,84.0
CPCB_BLR_BTM,Bengaluru,12.915,77.61,2018,4,2018-04,64,34,55,64,67.3
CPCB_BLR_BTM,Bengaluru,12.915,77.61,2018,5,2018-05,64,35,57,64,64.0
CPCB_BLR_BTM,Bengaluru,12.915,77.61,2018,6,2018-06,59,33,54,59,62.3
CPCB_BLR_BTM,Bengaluru,12.915,77.61,2018,7,2018-07,33,17,28,33,52.0
CPCB_BLR_BTM,Bengaluru,12.915,77.61,2018,8,2018-08,34,19,31,34,42.0
CPCB_BLR_BTM,Bengaluru,12.915,77.61,2018,9,2018-09,33,18,30,33,33.3
CPCB_BLR_BTM,Bengaluru,12.915,77.61,2018,10,2018-10,75,42,69,75,47.3
CPCB_BLR_BTM,Bengaluru,12.915,77.61,2018,11,2018-11,101,55,90,101,69.7
CPCB_BLR_BTM,Bengaluru,12.915,77.61,2018,12,2018-12,110,62,102,110,95.3
CPCB_BLR_BTM,Bengaluru,12.915,77.61,2019,1,2019-01,106,58,96,106,105.7
CPCB_BLR_BTM,Bengaluru,12.915,77.61,2019,2,2019-02,81,44,72,81,99.0
CPCB_BLR_BTM,Bengaluru,12.915,77.61,2019,3,2019-03,63,36,58,63,83.3
CPCB_BLR_BTM,Bengaluru,12.915,77.61,2019,4,2019-04,68,37,61,68,70.7
CPCB_BLR_BTM,Bengaluru,12.915,77.61,2019,5,2019-05,68,37,61,68,66.3
CPCB_BLR_BTM,Bengaluru,12.915,77.61,2019,6,2019-06,58,31,51,58,64.7
CPCB_BLR_BTM,Bengaluru,12.915,77.61,2019,7,2019-07,33,18,29,33,53.0
CPCB_BLR_BTM,Bengaluru,12.915,77.61,2019,8,2019-08,31,16,26,31,40.7
CPCB_BLR_BTM,Bengaluru,12.915,77.61,2019,9,2019-09,34,19,32,34,32.7
CPCB_BLR_BTM,Bengaluru,12.915,77.61,2019,10,2019-10,77,44,72,77,47.3
CPCB_BLR_BTM,Bengaluru,12.915,77.61,2019,11,2019-11,100,57,93,100,70.3
CPCB_BLR_BTM,Bengaluru,12.915,77.61,2019,12,2019-12,93,53,87,93,90.0
CPCB_BLR_BTM,Bengaluru,12.915,77.61,2020,1,2020-01,108,57,93,108,100.3
CPCB_BLR_BTM,Bengaluru,12.915,77.61,2020,2,2020-02,84,46,76,84,95.0
CPCB_BLR_BTM,Bengaluru,12.915,77.61,2020,3,2020-03,71,40,66,71,87.7
CPCB_BLR_BTM,Bengaluru,12.915,77.61,2020,4,2020-04,59,33,54,59,71.3
CPCB_BLR_BTM,Bengaluru,12.915,77.61,2020,5,2020-05,71,38,63,71,67.0
CPCB_BLR_BTM,Bengaluru,12.915,77.61,2020,6,2020-06,71,40,66,71,67.0
CPCB_BLR_BTM,Bengaluru,12.915,77.61,2020,7,2020-07,35,19,31,35,59.0
CPCB_BLR_BTM,Bengaluru,12.915,77.61,2020,8,2020-08,33,18,29,33,46.3
CPCB_BLR_BTM,Bengaluru,12.915,77.61,2020,9,2020-09,31,16,27,31,33.0
CPCB_BLR_BTM,Bengaluru,12.915,77.61,2020,10,2020-10,73,40,65,73,45.7
CPCB_BLR_BTM,Bengaluru,12.915,77.61,2020,11,2020-11,111,59,97,111,71.7
CPCB_BLR_BTM,Bengaluru,12.915,77.61,2020,12,2020-12,113,60,99,113,99.0
CPCB_BLR_BTM,Bengaluru,12.915,77.61,2021,1,2021-01,114,60,98,114,112.7
CPCB_BLR_BTM,Bengaluru,12.915,77.61,2021,2,2021-02,81,45,74,81,102.7
CPCB_BLR_BTM,Bengaluru,12.915,77.61,2021,3,2021-03,66,37,60,66,87.0
CPCB_BLR_BTM,Bengaluru,12.915,77.61,2021,4,2021-04,58,33,54,58,68.3
CPCB_BLR_BTM,Bengaluru,12.915,77.61,2021,5,2021-05,64,33,55,64,62.7
CPCB_BLR_BTM,Bengaluru,12.915,77.61,2021,6,2021-06,61,34,56,61,61.0
CPCB_BLR_BTM,Bengaluru,12.915,77.61,2021,7,2021-07,29,16,26,29,51.3
CPCB_BLR_BTM,Bengaluru,12.915,77.61,2021,8,2021-08,32,17,28,32,40.7
CPCB_BLR_BTM,Bengaluru,12.915,77.61,2021,9,2021-09,35,19,31,35,32.0
CPCB_BLR_BTM,Bengaluru,12.915,77.61,2021,10,2021-10,77,40,65,77,48.0
CPCB_BLR_BTM,Bengaluru,12.915,77.61,2021,11,2021-11,107,58,95,107,73.0
CPCB_BLR_BTM,Bengaluru,12.915,77.61,2021,12,2021-12,112,61,100,112,98.7
CPCB_BLR_BTM,Bengaluru,12.915,77.61,2022,1,2022-01,107,55,91,107,108.7
CPCB_BLR_BTM,Bengaluru,12.915,77.61,2022,2,2022-02,85,46,75,85,101.3
CPCB_BLR_BTM,Bengaluru,12.915,77.61,2022,3,2022-03,70,40,66,70,87.3
CPCB_BLR_BTM,Bengaluru,12.915,77.61,2022,4,2022-04,70,38,62,70,75.0
CPCB_BLR_BTM,Bengaluru,12.915,77.61,2022,5,2022-05,61,33,54,61,67.0
CPCB_BLR_BTM,Bengaluru,12.915,77.61,2022,6,2022-06,65,37,60,65,65.3
CPCB_BLR_BTM,Bengaluru,12.915,77.61,2022,7,2022-07,32,16,27,32,52.7
CPCB_BLR_BTM,Bengaluru,12.915,77.61,2022,8,2022-08,30,17,28,30,42.3
CPCB_BLR_BTM,Bengaluru,12.915,77.61,2022,9,2022-09,35,18,29,35,32.3
CPCB_BLR_BTM,Bengaluru,12.915,77.61,2022,10,2022-10,73,39,64,73,46.0
CPCB_BLR_BTM,Bengaluru,12.915,77.61,2022,11,2022-11,94,53,87,94,67.3
CPCB_BLR_BTM,Bengaluru,12.915,77.61,2022,12,2022-12,108,61,100,108,91.7
CPCB_BLR_BTM,Bengaluru,12.915,77.61,2023,1,2023-01,96,51,83,96,99.3
CPCB_BLR_BTM,Bengaluru,12.915,77.61,2023,2,2023-02,71,37,61,71,91.7
CPCB_BLR_BTM,Bengaluru,12.915,77.61,2023,3,2023-03,67,35,58,67,78.0
CPCB_BLR_BTM,Bengaluru,12.915,77.61,2023,4,2023-04,71,40,65,71,69.7
CPCB_BLR_BTM,Bengaluru,12.915,77.61,2023,5,2023-05,70,39,64,70,69.3
CPCB_BLR_BTM,Bengaluru,12.915,77.61,2023,6,2023-06,62,32,53,62,67.7
CPCB_BLR_BTM,Bengaluru,12.915,77.61,2023,7,2023-07,31,16,27,31,54.3
CPCB_BLR_BTM,Bengaluru,12.915,77.61,2023,8,2023-08,34,18,30,34,42.3
CPCB_BLR_BTM,Bengaluru,12.915,77.61,2023,9,2023-09,33,17,29,33,32.7
CPCB_BLR_BTM,Bengaluru,12.915,77.61,2023,10,2023-10,79,43,71,79,48.7
CPCB_BLR_BTM,Bengaluru,12.915,77.61,2023,11,2023-11,107,57,94,107,73.0
CPCB_BLR_BTM,Bengaluru,12.915,77.61,2023,12,2023-12,102,58,95,102,96.0
CPCB_BLR_BTM,Bengaluru,12.915,77.61,2024,1,2024-01,98,53,88,98,102.3
CPCB_BLR_BTM,Bengaluru,12.915,77.61,2024,2,2024-02,81,44,72,81,93.7
CPCB_BLR_BTM,Bengaluru,12.915,77.61,2024,3,2024-03,70,38,63,70,83.0
CPCB_BLR_BTM,Bengaluru,12.915,77.61,2024,4,2024-04,63,36,58,63,71.3
CPCB_BLR_BTM,Bengaluru,12.915,77.61,2024,5,2024-05,59,33,54,59,64.0
CPCB_BLR_BTM,Bengaluru,12.915,77.61,2024,6,2024-06,60,32,52,60,60.7
CPCB_BLR_BTM,Bengaluru,12.915,77.61,2024,7,2024-07,31,17,28,31,50.0
CPCB_BLR_BTM,Bengaluru,12.915,77.61,2024,8,2024-08,33,17,28,33,41.3
CPCB_BLR_BTM,Bengaluru,12.915,77.61,2024,9,2024-09,32,18,30,32,32.0
CPCB_BLR_BTM,Bengaluru,12.915,77.61,2024,10,2024-10,74,41,67,74,46.3
CPCB_BLR_BTM,Bengaluru,12.915,77.61,2024,11,2024-11,93,50,82,93,66.3
CPCB_BLR_BTM,Bengaluru,12.915,77.61,2024,12,2024-12,94,54,88,94,87.0
CPCB_BLR_BTM,Bengaluru,12.915,77.61,2025,1,2025-01,102,58,96,102,96.3
CPCB_BLR_BTM,Bengaluru,12.915,77.61,2025,2,2025-02,72,37,61,72,89.3
CPCB_BLR_BTM,Bengaluru,12.915,77.61,2025,3,2025-03,66,35,58,66,80.0
CPCB_BLR_BTM,Bengaluru,12.915,77.61,2025,4,2025-04,67,35,57,67,68.3
CPCB_BLR_BTM,Bengaluru,12.915,77.61,2025,5,2025-05,65,34,56,65,66.0
CPCB_BLR_BTM,Bengaluru,12.915,77.61,2025,6,2025-06,58,31,51,58,63.3
CPCB_BLR_BTM,Bengaluru,12.915,77.61,2025,7,2025-07,29,16,26,29,50.7
CPCB_BLR_BTM,Bengaluru,12.915,77.61,2025,8,2025-08,32,17,29,32,39.7
CPCB_BLR_BTM,Bengaluru,12.915,77.61,2025,9,2025-09,29,15,24,29,30.0
CPCB_BLR_BTM,Bengaluru,12.915,77.61,2025,10,2025-10,79,42,68,79,46.7
CPCB_BLR_BTM,Bengaluru,12.915,77.61,2025,11,2025-11,100,54,89,100,69.3
CPCB_BLR_BTM,Bengaluru,12.915,77.61,2025,12,2025-12,94,49,81,94,91.0
CPCB_BLR_BTM,Bengaluru,12.915,77.61,2026,1,2026-01,104,56,91,104,99.3
CPCB_BLR_BTM,Bengaluru,12.915,77.61,2026,2,2026-02,70,37,61,70,89.3
CPCB_BLR_BTM,Bengaluru,12.915,77.61,2026,3,2026-03,63,34,56,63,79.0
CPCB_BLR_BTM,Bengaluru,12.915,77.61,2026,4,2026-04,70,39,64,70,67.7
CPCB_BLR_BTM,Bengaluru,12.915,77.61,2026,5,2026-05,70,38,63,70,67.7
CPCB_BLR_BTM,Bengaluru,12.915,77.61,2026,6,2026-06,64,35,58,64,68.0
CPCB_BLR_BTM,Bengaluru,12.915,77.61,2026,7,2026-07,32,17,28,32,55.3
CPCB_BLR_BTM,Bengaluru,12.915,77.61,2026,8,2026-08,34,18,30,34,43.3
CPCB_BLR_BTM,Bengaluru,12.915,77.61,2026,9,2026-09,35,18,30,35,33.7
CPCB_BLR_BTM,Bengaluru,12.915,77.61,2026,10,2026-10,81,42,69,81,50.0
CPCB_BLR_BTM,Bengaluru,12.915,77.61,2026,11,2026-11,100,55,90,100,72.0
CPCB_BLR_BTM,Bengaluru,12.915,77.61,2026,12,2026-12,109,61,100,109,96.7
CPCB_BLR_Hebbal,Bengaluru,13.03,77.59,2017,1,2017-01,103,55,90,103,103.0
CPCB_BLR_Hebbal,Bengaluru,13.03,77.59,2017,2,2017-02,79,45,74,79,79.0
CPCB_BLR_Hebbal,Bengaluru,13.03,77.59,2017,3,2017-03,60,32,52,60,80.7
CPCB_BLR_Hebbal,Bengaluru,13.03,77.59,2017,4,2017-04,59,32,53,59,66.0
CPCB_BLR_Hebbal,Bengaluru,13.03,77.59,2017,5,2017-05,54,29,48,54,57.7
CPCB_BLR_Hebbal,Bengaluru,13.03,77.59,2017,6,2017-06,61,32,53,61,58.0
CPCB_BLR_Hebbal,Bengaluru,13.03,77.59,2017,7,2017-07,29,16,27,29,48.0
CPCB_BLR_Hebbal,Bengaluru,13.03,77.59,2017,8,2017-08,27,15,24,27,39.0
CPCB_BLR_Hebbal,Bengaluru,13.03,77.59,2017,9,2017-09,30,16,27,30,28.7
CPCB_BLR_Hebbal,Bengaluru,13.03,77.59,2017,10,2017-10,64,33,55,64,40.3
CPCB_BLR_Hebbal,Bengaluru,13.03,77.59,2017,11,2017-11,87,46,75,87,60.3
CPCB_BLR_Hebbal,Bengaluru,13.03,77.59,2017,12,2017-12,99,56,92,99,83.3
CPCB_BLR_Hebbal,Bengaluru,13.03,77.59,2018,1,2018-01,97,56,91,97,94.3
CPCB_BLR_Hebbal,Bengaluru,13.03,77.59,2018,2,2018-02,65,35,57,65,87.0
CPCB_BLR_Hebbal,Bengaluru,13.03,77.59,2018,3,2018-03,63,33,55,63,75.0
CPCB_BLR_Hebbal,Bengaluru,13.03,77.59,2018,4,2018-04,61,32,53,61,63.0
CPCB_BLR_Hebbal,Bengaluru,13.03,77.59,2018,5,2018-05,60,33,54,60,61.3
CPCB_BLR_Hebbal,Bengaluru,13.03,77.59,2018,6,2018-06,56,32,52,56,59.0
CPCB_BLR_Hebbal,Bengaluru,13.03,77.59,2018,7,2018-07,31,17,28,31,49.0
CPCB_BLR_Hebbal,Bengaluru,13.03,77.59,2018,8,2018-08,27,15,24,27,38.0
CPCB_BLR_Hebbal,Bengaluru,13.03,77.59,2018,9,2018-09,32,18,29,32,30.0
CPCB_BLR_Hebbal,Bengaluru,13.03,77.59,2018,10,2018-10,72,41,67,72,43.7
CPCB_BLR_Hebbal,Bengaluru,13.03,77.59,2018,11,2018-11,94,51,84,94,66.0
CPCB_BLR_Hebbal,Bengaluru,13.03,77.59,2018,12,2018-12,88,47,77,88,84.7
CPCB_BLR_Hebbal,Bengaluru,13.03,77.59,2019,1,2019-01,93,50,82,93,91.7
CPCB_BLR_Hebbal,Bengaluru,13.03,77.59,2019,2,2019-02,68,39,64,68,83.0
CPCB_BLR_Hebbal,Bengaluru,13.03,77.59,2019,3,2019-03,55,29,48,55,72.0
CPCB_BLR_Hebbal,Bengaluru,13.03,77.59,2019,4,2019-04,58,31,51,58,60.3
CPCB_BLR_Hebbal,Bengaluru,13.03,77.59,2019,5,2019-05,60,33,55,60,57.7
CPCB_BLR_Hebbal,Bengaluru,13.03,77.59,2019,6,2019-06,58,31,52,58,58.7
CPCB_BLR_Hebbal,Bengaluru,13.03,77.59,2019,7,2019-07,27,15,25,27,48.3
CPCB_BLR_Hebbal,Bengaluru,13.03,77.59,2019,8,2019-08,33,18,30,33,39.3
CPCB_BLR_Hebbal,Bengaluru,13.03,77.59,2019,9,2019-09,29,15,25,29,29.7
CPCB_BLR_Hebbal,Bengaluru,13.03,77.59,2019,10,2019-10,67,38,62,67,43.0
CPCB_BLR_Hebbal,Bengaluru,13.03,77.59,2019,11,2019-11,105,57,93,105,67.0
CPCB_BLR_Hebbal,Bengaluru,13.03,77.59,2019,12,2019-12,97,53,87,97,89.7
CPCB_BLR_Hebbal,Bengaluru,13.03,77.59,2020,1,2020-01,86,48,79,86,96.0
CPCB_BLR_Hebbal,Bengaluru,13.03,77.59,2020,2,2020-02,69,37,62,69,84.0
CPCB_BLR_Hebbal,Bengaluru,13.03,77.59,2020,3,2020-03,59,33,54,59,71.3
CPCB_BLR_Hebbal,Bengaluru,13.03,77.59,2020,4,2020-04,61,32,53,61,63.0
CPCB_BLR_Hebbal,Bengaluru,13.03,77.59,2020,5,2020-05,57,30,50,57,59.0
CPCB_BLR_Hebbal,Bengaluru,13.03,77.59,2020,6,2020-06,61,31,52,61,59.7
CPCB_BLR_Hebbal,Bengaluru,13.03,77.59,2020,7,2020-07,32,17,29,32,50.0
CPCB_BLR_Hebbal,Bengaluru,13.03,77.59,2020,8,2020-08,29,15,25,29,40.7
CPCB_BLR_Hebbal,Bengaluru,13.03,77.59,2020,9,2020-09,29,15,25,29,30.0
CPCB_BLR_Hebbal,Bengaluru,13.03,77.59,2020,10,2020-10,69,38,63,69,42.3
CPCB_BLR_Hebbal,Bengaluru,13.03,77.59,2020,11,2020-11,104,56,91,104,67.3
CPCB_BLR_Hebbal,Bengaluru,13.03,77.59,2020,12,2020-12,91,49,81,91,88.0
CPCB_BLR_Hebbal,Bengaluru,13.03,77.59,2021,1,2021-01,99,56,91,99,98.0
CPCB_BLR_Hebbal,Bengaluru,13.03,77.59,2021,2,2021-02,71,40,66,71,87.0
CPCB_BLR_Hebbal,Bengaluru,13.03,77.59,2021,3,2021-03,58,30,50,58,76.0
CPCB_BLR_Hebbal,Bengaluru,13.03,77.59,2021,4,2021-04,60,34,56,60,63.0
CPCB_BLR_Hebbal,Bengaluru,13.03,77.59,2021,5,2021-05,57,31,51,57,58.3
CPCB_BLR_Hebbal,Bengaluru,13.03,77.59,2021,6,2021-06,60,31,51,60,59.0
CPCB_BLR_Hebbal,Bengaluru,13.03,77.59,2021,7,2021-07,33,17,29,33,50.0
CPCB_BLR_Hebbal,Bengaluru,13.03,77.59,2021,8,2021-08,29,15,25,29,40.7
CPCB_BLR_Hebbal,Bengaluru,13.03,77.59,2021,9,2021-09,30,16,26,30,30.7
CPCB_BLR_Hebbal,Bengaluru,13.03,77.59,2021,10,2021-10,74,41,67,74,44.3
CPCB_BLR_Hebbal,Bengaluru,13.03,77.59,2021,11,2021-11,100,52,86,100,68.0
CPCB_BLR_Hebbal,Bengaluru,13.03,77.59,2021,12,2021-12,101,57,93,101,91.7
CPCB_BLR_Hebbal,Bengaluru,13.03,77.59,2022,1,2022-01,90,49,81,90,97.0
CPCB_BLR_Hebbal,Bengaluru,13.03,77.59,2022,2,2022-02,73,40,67,73,88.0
CPCB_BLR_Hebbal,Bengaluru,13.03,77.59,2022,3,2022-03,65,36,60,65,76.0
CPCB_BLR_Hebbal,Bengaluru,13.03,77.59,2022,4,2022-04,64,34,56,64,67.3
CPCB_BLR_Hebbal,Bengaluru,13.03,77.59,2022,5,2022-05,65,35,57,65,64.7
CPCB_BLR_Hebbal,Bengaluru,13.03,77.59,2022,6,2022-06,58,30,50,58,62.3
CPCB_BLR_Hebbal,Bengaluru,13.03,77.59,2022,7,2022-07,29,15,25,29,50.7
CPCB_BLR_Hebbal,Bengaluru,13.03,77.59,2022,8,2022-08,28,15,24,28,38.3
CPCB_BLR_Hebbal,Bengaluru,13.03,77.59,2022,9,2022-09,28,15,25,28,28.3
CPCB_BLR_Hebbal,Bengaluru,13.03,77.59,2022,10,2022-10,75,42,69,75,43.7
CPCB_BLR_Hebbal,Bengaluru,13.03,77.59,2022,11,2022-11,97,56,91,97,66.7
CPCB_BLR_Hebbal,Bengaluru,13.03,77.59,2022,12,2022-12,89,51,84,89,87.0
CPCB_BLR_Hebbal,Bengaluru,13.03,77.59,2023,1,2023-01,89,51,84,89,91.7
CPCB_BLR_Hebbal,Bengaluru,13.03,77.59,2023,2,2023-02,74,39,65,74,84.0
CPCB_BLR_Hebbal,Bengaluru,13.03,77.59,2023,3,2023-03,58,31,52,58,73.7
CPCB_BLR_Hebbal,Bengaluru,13.03,77.59,2023,4,2023-04,62,35,58,62,64.7
CPCB_BLR_Hebbal,Bengaluru,13.03,77.59,2023,5,2023-05,60,33,55,60,60.0
CPCB_BLR_Hebbal,Bengaluru,13.03,77.59,2023,6,2023-06,59,33,55,59,60.3
CPCB_BLR_Hebbal,Bengaluru,13.03,77.59,2023,7,2023-07,32,16,27,32,50.3
CPCB_BLR_Hebbal,Bengaluru,13.03,77.59,2023,8,2023-08,30,16,26,30,40.3
CPCB_BLR_Hebbal,Bengaluru,13.03,77.59,2023,9,2023-09,27,14,24,27,29.7
CPCB_BLR_Hebbal,Bengaluru,13.03,77.59,2023,10,2023-10,72,38,62,72,43.0
CPCB_BLR_Hebbal,Bengaluru,13.03,77.59,2023,11,2023-11,88,49,80,88,62.3
CPCB_BLR_Hebbal,Bengaluru,13.03,77.59,2023,12,2023-12,100,53,88,100,86.7
CPCB_BLR_Hebbal,Bengaluru,13.03,77.59,2024,1,2024-01,96,50,82,96,94.7
CPCB_BLR_Hebbal,Bengaluru,13.03,77.59,2024,2,2024-02,79,41,67,79,91.7
CPCB_BLR_Hebbal,Bengaluru,13.03,77.59,2024,3,2024-03,60,33,55,60,78.3
CPCB_BLR_Hebbal,Bengaluru,13.03,77.59,2024,4,2024-04,58,33,54,58,65.7
CPCB_BLR_Hebbal,Bengaluru,13.03,77.59,2024,5,2024-05,64,35,58,64,60.7
CPCB_BLR_Hebbal,Bengaluru,13.03,77.59,2024,6,2024-06,61,32,53,61,61.0
CPCB_BLR_Hebbal,Bengaluru,13.03,77.59,2024,7,2024-07,31,17,28,31,52.0
CPCB_BLR_Hebbal,Bengaluru,13.03,77.59,2024,8,2024-08,30,16,27,30,40.7
CPCB_BLR_Hebbal,Bengaluru,13.03,77.59,2024,9,2024-09,28,14,24,28,29.7
CPCB_BLR_Hebbal,Bengaluru,13.03,77.59,2024,10,2024-10,71,37,61,71,43.0
CPCB_BLR_Hebbal,Bengaluru,13.03,77.59,2024,11,2024-11,91,49,80,91,63.3
CPCB_BLR_Hebbal,Bengaluru,13.03,77.59,2024,12,2024-12,93,52,85,93,85.0
CPCB_BLR_Hebbal,Bengaluru,13.03,77.59,2025,1,2025-01,86,46,76,86,90.0
CPCB_BLR_Hebbal,Bengaluru,13.03,77.59,2025,2,2025-02,68,35,58,68,82.3
CPCB_BLR_Hebbal,Bengaluru,13.03,77.59,2025,3,2025-03,55,30,49,55,69.7
CPCB_BLR_Hebbal,Bengaluru,13.03,77.59,2025,4,2025-04,65,37,60,65,62.7
CPCB_BLR_Hebbal,Bengaluru,13.03,77.59,2025,5,2025-05,61,32,53,61,60.3
CPCB_BLR_Hebbal,Bengaluru,13.03,77.59,2025,6,2025-06,66,36,59,66,64.0
CPCB_BLR_Hebbal,Bengaluru,13.03,77.59,2025,7,2025-07,32,16,27,32,53.0
CPCB_BLR_Hebbal,Bengaluru,13.03,77.59,2025,8,2025-08,27,14,24,27,41.7
CPCB_BLR_Hebbal,Bengaluru,13.03,77.59,2025,9,2025-09,32,16,27,32,30.3
CPCB_BLR_Hebbal,Bengaluru,13.03,77.59,2025,10,2025-10,69,36,60,69,42.7
CPCB_BLR_Hebbal,Bengaluru,13.03,77.59,2025,11,2025-11,86,45,74,86,62.3
CPCB_BLR_Hebbal,Bengaluru,13.03,77.59,2025,12,2025-12,104,59,97,104,86.3
CPCB_BLR_Hebbal,Bengaluru,13.03,77.59,2026,1,2026-01,92,52,85,92,94.0
CPCB_BLR_Hebbal,Bengaluru,13.03,77.59,2026,2,2026-02,77,41,68,77,91.0
CPCB_BLR_Hebbal,Bengaluru,13.03,77.59,2026,3,2026-03,63,34,56,63,77.3
CPCB_BLR_Hebbal,Bengaluru,13.03,77.59,2026,4,2026-04,55,30,49,55,65.0
CPCB_BLR_Hebbal,Bengaluru,13.03,77.59,2026,5,2026-05,57,32,52,57,58.3
CPCB_BLR_Hebbal,Bengaluru,13.03,77.59,2026,6,2026-06,60,32,53,60,57.3
CPCB_BLR_Hebbal,Bengaluru,13.03,77.59,2026,7,2026-07,27,14,23,27,48.0
CPCB_BLR_Hebbal,Bengaluru,13.03,77.59,2026,8,2026-08,28,16,26,28,38.3
CPCB_BLR_Hebbal,Bengaluru,13.03,77.59,2026,9,2026-09,29,15,25,29,28.0
CPCB_BLR_Hebbal,Bengaluru,13.03,77.59,2026,10,2026-10,67,35,57,67,41.3
CPCB_BLR_Hebbal,Bengaluru,13.03,77.59,2026,11,2026-11,92,51,83,92,62.7
CPCB_BLR_Hebbal,Bengaluru,13.03,77.59,2026,12,2026-12,104,56,91,104,87.7
CPCB_CCU_Bidhannagar,Kolkata,22.58,88.41,2017,1,2017-01,166,90,147,166,166.0
CPCB_CCU_Bidhannagar,Kolkata,22.58,88.41,2017,2,2017-02,118,63,104,118,118.0
CPCB_CCU_Bidhannagar,Kolkata,22.58,88.41,2017,3,2017-03,115,65,107,115,133.0
CPCB_CCU_Bidhannagar,Kolkata,22.58,88.41,2017,4,2017-04,110,59,97,110,114.3
CPCB_CCU_Bidhannagar,Kolkata,22.58,88.41,2017,5,2017-05,108,56,92,108,111.0
CPCB_CCU_Bidhannagar,Kolkata,22.58,88.41,2017,6,2017-06,111,60,98,111,109.7
CPCB_CCU_Bidhannagar,Kolkata,22.58,88.41,2017,7,2017-07,48,26,43,48,89.0
CPCB_CCU_Bidhannagar,Kolkata,22.58,88.41,2017,8,2017-08,56,31,50,56,71.7
CPCB_CCU_Bidhannagar,Kolkata,22.58,88.41,2017,9,2017-09,50,28,47,50,51.3
CPCB_CCU_Bidhannagar,Kolkata,22.58,88.41,2017,10,2017-10,124,71,117,124,76.7
CPCB_CCU_Bidhannagar,Kolkata,22.58,88.41,2017,11,2017-11,159,85,140,159,111.0
CPCB_CCU_Bidhannagar,Kolkata,22.58,88.41,2017,12,2017-12,179,100,164,179,154.0
CPCB_CCU_Bidhannagar,Kolkata,22.58,88.41,2018,1,2018-01,162,93,153,162,166.7
CPCB_CCU_Bidhannagar,Kolkata,22.58,88.41,2018,2,2018-02,113,65,106,113,151.3
CPCB_CCU_Bidhannagar,Kolkata,22.58,88.41,2018,3,2018-03,98,53,88,98,124.3
CPCB_CCU_Bidhannagar,Kolkata,22.58,88.41,2018,4,2018-04,108,56,92,108,106.3
CPCB_CCU_Bidhannagar,Kolkata,22.58,88.41,2018,5,2018-05,99,54,89,99,101.7
CPCB_CCU_Bidhannagar,Kolkata,22.58,88.41,2018,6,2018-06,94,53,87,94,100.3
CPCB_CCU_Bidhannagar,Kolkata,22.58,88.41,2018,7,2018-07,51,27,45,51,81.3
CPCB_CCU_Bidhannagar,Kolkata,22.58,88.41,2018,8,2018-08,53,30,49,53,66.0
CPCB_CCU_Bidhannagar,Kolkata,22.58,88.41,2018,9,2018-09,49,26,42,49,51.0
CPCB_CCU_Bidhannagar,Kolkata,22.58,88.41,2018,10,2018-10,126,68,112,126,76.0
CPCB_CCU_Bidhannagar,Kolkata,22.58,88.41,2018,11,2018-11,164,93,153,164,113.0
CPCB_CCU_Bidhannagar,Kolkata,22.58,88.41,2018,12,2018-12,176,91,150,176,155.3
CPCB_CCU_Bidhannagar,Kolkata,22.58,88.41,2019,1,2019-01,162,89,145,162,167.3
CPCB_CCU_Bidhannagar,Kolkata,22.58,88.41,2019,2,2019-02,129,73,119,129,155.7
CPCB_CCU_Bidhannagar,Kolkata,22.58,88.41,2019,3,2019-03,108,57,94,108,133.0
CPCB_CCU_Bidhannagar,Kolkata,22.58,88.41,2019,4,2019-04,106,55,90,106,114.3
CPCB_CCU_Bidhannagar,Kolkata,22.58,88.41,2019,5,2019-05,103,57,93,103,105.7
CPCB_CCU_Bidhannagar,Kolkata,22.58,88.41,2019,6,2019-06,105,57,93,105,104.7
CPCB_CCU_Bidhannagar,Kolkata,22.58,88.41,2019,7,2019-07,53,27,45,53,87.0
CPCB_CCU_Bidhannagar,Kolkata,22.58,88.41,2019,8,2019-08,51,27,44,51,69.7
CPCB_CCU_Bidhannagar,Kolkata,22.58,88.41,2019,9,2019-09,47,27,44,47,50.3
CPCB_CCU_Bidhannagar,Kolkata,22.58,88.41,2019,10,2019-10,128,71,117,128,75.3
CPCB_CCU_Bidhannagar,Kolkata,22.58,88.41,2019,11,2019-11,152,86,140,152,109.0
CPCB_CCU_Bidhannagar,Kolkata,22.58,88.41,2019,12,2019-12,161,89,146,161,147.0
CPCB_CCU_Bidhannagar,Kolkata,22.58,88.41,2020,1,2020-01,166,88,144,166,159.7
CPCB_CCU_Bidhannagar,Kolkata,22.58,88.41,2020,2,2020-02,115,64,105,115,147.3
CPCB_CCU_Bidhannagar,Kolkata,22.58,88.41,2020,3,2020-03,96,53,88,96,125.7
CPCB_CCU_Bidhannagar,Kolkata,22.58,88.41,2020,4,2020-04,106,58,95,106,105.7
CPCB_CCU_Bidhannagar,Kolkata,22.58,88.41,2020,5,2020-05,105,55,90,105,102.3
CPCB_CCU_Bidhannagar,Kolkata,22.58,88.41,2020,6,2020-06,94,50,82,94,101.7
CPCB_CCU_Bidhannagar,Kolkata,22.58,88.41,2020,7,2020-07,53,27,45,53,84.0
CPCB_CCU_Bidhannagar,Kolkata,22.58,88.41,2020,8,2020-08,50,26,42,50,65.7
CPCB_CCU_Bidhannagar,Kolkata,22.58,88.41,2020,9,2020-09,47,24,40,47,50.0
CPCB_CCU_Bidhannagar,Kolkata,22.58,88.41,2020,10,2020-10,115,63,103,115,70.7
CPCB_CCU_Bidhannagar,Kolkata,22.58,88.41,2020,11,2020-11,181,95,156,181,114.3
CPCB_CCU_Bidhannagar,Kolkata,22.58,88.41,2020,12,2020-12,179,96,157,179,158.3
CPCB_CCU_Bidhannagar,Kolkata,22.58,88.41,2021,1,2021-01,154,81,133,154,171.3
CPCB_CCU_Bidhannagar,Kolkata,22.58,88.41,2021,2,2021-02,126,69,113,126,153.0
CPCB_CCU_Bidhannagar,Kolkata,22.58,88.41,2021,3,2021-03,102,58,95,102,127.3
CPCB_CCU_Bidhannagar,Kolkata,22.58,88.41,2021,4,2021-04,111,62,102,111,113.0
CPCB_CCU_Bidhannagar,Kolkata,22.58,88.41,2021,5,2021-05,112,64,104,112,108.3
CPCB_CCU_Bidhannagar,Kolkata,22.58,88.41,2021,6,2021-06,111,58,95,111,111.3
CPCB_CCU_Bidhannagar,Kolkata,22.58,88.41,2021,7,2021-07,48,25,42,48,90.3
CPCB_CCU_Bidhannagar,Kolkata,22.58,88.41,2021,8,2021-08,51,27,44,51,70.0
CPCB_CCU_Bidhannagar,Kolkata,22.58,88.41,2021,9,2021-09,48,27,44,48,49.0
CPCB_CCU_Bidhannagar,Kolkata,22.58,88.41,2021,10,2021-10,118,62,101,118,72.3
CPCB_CCU_Bidhannagar,Kolkata,22.58,88.41,2021,11,2021-11,173,95,155,173,113.0
CPCB_CCU_Bidhannagar,Kolkata,22.58,88.41,2021,12,2021-12,179,99,162,179,156.7
CPCB_CCU_Bidhannagar,Kolkata,22.58,88.41,2022,1,2022-01,169,96,158,169,173.7
CPCB_CCU_Bidhannagar,Kolkata,22.58,88.41,2022,2,2022-02,122,66,108,122,156.7
CPCB_CCU_Bidhannagar,Kolkata,22.58,88.41,2022,3,2022-03,113,60,99,113,134.7
CPCB_CCU_Bidhannagar,Kolkata,22.58,88.41,2022,4,2022-04,100,56,91,100,111.7
CPCB_CCU_Bidhannagar,Kolkata,22.58,88.41,2022,5,2022-05,106,57,94,106,106.3
CPCB_CCU_Bidhannagar,Kolkata,22.58,88.41,2022,6,2022-06,110,61,99,110,105.3
CPCB_CCU_Bidhannagar,Kolkata,22.58,88.41,2022,7,2022-07,57,32,53,57,91.0
CPCB_CCU_Bidhannagar,Kolkata,22.58,88.41,2022,8,2022-08,54,29,47,54,73.7
CPCB_CCU_Bidhannagar,Kolkata,22.58,88.41,2022,9,2022-09,57,29,48,57,56.0
CPCB_CCU_Bidhannagar,Kolkata,22.58,88.41,2022,10,2022-10,114,62,101,114,75.0
CPCB_CCU_Bidhannagar,Kolkata,22.58,88.41,2022,11,2022-11,164,88,144,164,111.7
CPCB_CCU_Bidhannagar,Kolkata,22.58,88.41,2022,12,2022-12,169,90,147,169,149.0
CPCB_CCU_Bidhannagar,Kolkata,22.58,88.41,2023,1,2023-01,166,89,146,166,166.3
CPCB_CCU_Bidhannagar,Kolkata,22.58,88.41,2023,2,2023-02,113,64,104,113,149.3
CPCB_CCU_Bidhannagar,Kolkata,22.58,88.41,2023,3,2023-03,114,65,107,114,131.0
CPCB_CCU_Bidhannagar,Kolkata,22.58,88.41,2023,4,2023-04,114,61,100,114,113.7
CPCB_CCU_Bidhannagar,Kolkata,22.58,88.41,2023,5,2023-05,114,61,100,114,114.0
CPCB_CCU_Bidhannagar,Kolkata,22.58,88.41,2023,6,2023-06,106,60,99,106,111.3
CPCB_CCU_Bidhannagar,Kolkata,22.58,88.41,2023,7,2023-07,50,28,46,50,90.0
CPCB_CCU_Bidhannagar,Kolkata,22.58,88.41,2023,8,2023-08,57,32,53,57,71.0
CPCB_CCU_Bidhannagar,Kolkata,22.58,88.41,2023,9,2023-09,52,29,47,52,53.0
CPCB_CCU_Bidhannagar,Kolkata,22.58,88.41,2023,10,2023-10,113,60,98,113,74.0
CPCB_CCU_Bidhannagar,Kolkata,22.58,88.41,2023,11,2023-11,178,96,158,178,114.3
CPCB_CCU_Bidhannagar,Kolkata,22.58,88.41,2023,12,2023-12,178,97,160,178,156.3
CPCB_CCU_Bidhannagar,Kolkata,22.58,88.41,2024,1,2024-01,168,97,158,168,174.7
CPCB_CCU_Bidhannagar,Kolkata,22.58,88.41,2024,2,2024-02,134,76,125,134,160.0
CPCB_CCU_Bidhannagar,Kolkata,22.58,88.41,2024,3,2024-03,98,54,89,98,133.3
CPCB_CCU_Bidhannagar,Kolkata,22.58,88.41,2024,4,2024-04,96,55,90,96,109.3
CPCB_CCU_Bidhannagar,Kolkata,22.58,88.41,2024,5,2024-05,102,53,88,102,98.7
CPCB_CCU_Bidhannagar,Kolkata,22.58,88.41,2024,6,2024-06,114,63,103,114,104.0
CPCB_CCU_Bidhannagar,Kolkata,22.58,88.41,2024,7,2024-07,55,29,48,55,90.3
CPCB_CCU_Bidhannagar,Kolkata,22.58,88.41,2024,8,2024-08,56,31,51,56,75.0
CPCB_CCU_Bidhannagar,Kolkata,22.58,88.41,2024,9,2024-09,48,25,41,48,53.0
CPCB_CCU_Bidhannagar,Kolkata,22.58,88.41,2024,10,2024-10,129,74,121,129,77.7
CPCB_CCU_Bidhannagar,Kolkata,22.58,88.41,2024,11,2024-11,176,98,161,176,117.7
CPCB_CCU_Bidhannagar,Kolkata,22.58,88.41,2024,12,2024-12,159,85,140,159,154.7
CPCB_CCU_Bidhannagar,Kolkata,22.58,88.41,2025,1,2025-01,171,93,152,171,168.7
CPCB_CCU_Bidhannagar,Kolkata,22.58,88.41,2025,2,2025-02,127,71,117,127,152.3
CPCB_CCU_Bidhannagar,Kolkata,22.58,88.41,2025,3,2025-03,95,51,83,95,131.0
CPCB_CCU_Bidhannagar,Kolkata,22.58,88.41,2025,4,2025-04,113,59,96,113,111.7
CPCB_CCU_Bidhannagar,Kolkata,22.58,88.41,2025,5,2025-05,106,57,93,106,104.7
CPCB_CCU_Bidhannagar,Kolkata,22.58,88.41,2025,6,2025-06,97,54,89,97,105.3
CPCB_CCU_Bidhannagar,Kolkata,22.58,88.41,2025,7,2025-07,53,28,46,53,85.3
CPCB_CCU_Bidhannagar,Kolkata,22.58,88.41,2025,8,2025-08,57,31,52,57,69.0
CPCB_CCU_Bidhannagar,Kolkata,22.58,88.41,2025,9,2025-09,56,32,52,56,55.3
CPCB_CCU_Bidhannagar,Kolkata,22.58,88.41,2025,10,2025-10,136,74,122,136,83.0
CPCB_CCU_Bidhannagar,Kolkata,22.58,88.41,2025,11,2025-11,162,87,142,162,118.0
CPCB_CCU_Bidhannagar,Kolkata,22.58,88.41,2025,12,2025-12,168,89,146,168,155.3
CPCB_CCU_Bidhannagar,Kolkata,22.58,88.41,2026,1,2026-01,154,83,135,154,161.3
CPCB_CCU_Bidhannagar,Kolkata,22.58,88.41,2026,2,2026-02,113,62,101,113,145.0
CPCB_CCU_Bidhannagar,Kolkata,22.58,88.41,2026,3,2026-03,106,61,100,106,124.3
CPCB_CCU_Bidhannagar,Kolkata,22.58,88.41,2026,4,2026-04,95,53,88,95,104.7
CPCB_CCU_Bidhannagar,Kolkata,22.58,88.41,2026,5,2026-05,99,54,89,99,100.0
CPCB_CCU_Bidhannagar,Kolkata,22.58,88.41,2026,6,2026-06,112,60,98,112,102.0
CPCB_CCU_Bidhannagar,Kolkata,22.58,88.41,2026,7,2026-07,56,29,47,56,89.0
CPCB_CCU_Bidhannagar,Kolkata,22.58,88.41,2026,8,2026-08,52,27,44,52,73.3
CPCB_CCU_Bidhannagar,Kolkata,22.58,88.41,2026,9,2026-09,54,28,47,54,54.0
CPCB_CCU_Bidhannagar,Kolkata,22.58,88.41,2026,10,2026-10,124,70,116,124,76.7
CPCB_CCU_Bidhannagar,Kolkata,22.58,88.41,2026,11,2026-11,183,98,161,183,120.3
CPCB_CCU_Bidhannagar,Kolkata,22.58,88.41,2026,12,2026-12,156,90,147,156,154.3
CPCB_CCU_Victoria,Kolkata,22.54,88.345,2017,1,2017-01,158,85,139,158,158.0
CPCB_CCU_Victoria,Kolkata,22.54,88.345,2017,2,2017-02,124,70,116,124,124.0
CPCB_CCU_Victoria,Kolkata,22.54,88.345,2017,3,2017-03,95,50,82,95,125.7
CPCB_CCU_Victoria,Kolkata,22.54,88.345,2017,4,2017-04,93,52,85,93,104.0
CPCB_CCU_Victoria,Kolkata,22.54,88.345,2017,5,2017-05,95,49,81,95,94.3
CPCB_CCU_Victoria,Kolkata,22.54,88.345,2017,6,2017-06,98,52,86,98,95.3
CPCB_CCU_Victoria,Kolkata,22.54,88.345,2017,7,2017-07,48,27,44,48,80.3
CPCB_CCU_Victoria,Kolkata,22.54,88.345,2017,8,2017-08,48,25,41,48,64.7
CPCB_CCU_Victoria,Kolkata,22.54,88.345,2017,9,2017-09,42,23,38,42,46.0
CPCB_CCU_Victoria,Kolkata,22.54,88.345,2017,10,2017-10,102,53,88,102,64.0
CPCB_CCU_Victoria,Kolkata,22.54,88.345,2017,11,2017-11,150,82,135,150,98.0
CPCB_CCU_Victoria,Kolkata,22.54,88.345,2017,12,2017-12,164,92,152,164,138.7
CPCB_CCU_Victoria,Kolkata,22.54,88.345,2018,1,2018-01,165,92,151,165,159.7
CPCB_CCU_Victoria,Kolkata,22.54,88.345,2018,2,2018-02,104,55,90,104,144.3
CPCB_CCU_Victoria,Kolkata,22.54,88.345,2018,3,2018-03,93,53,87,93,120.7
CPCB_CCU_Victoria,Kolkata,22.54,88.345,2018,4,2018-04,104,57,94,104,100.3
CPCB_CCU_Victoria,Kolkata,22.54,88.345,2018,5,2018-05,98,56,92,98,98.3
CPCB_CCU_Victoria,Kolkata,22.54,88.345,2018,6,2018-06,96,51,83,96,99.3
CPCB_CCU_Victoria,Kolkata,22.54,88.345,2018,7,2018-07,46,24,39,46,80.0
CPCB_CCU_Victoria,Kolkata,22.54,88.345,2018,8,2018-08,49,28,46,49,63.7
CPCB_CCU_Victoria,Kolkata,22.54,88.345,2018,9,2018-09,46,24,40,46,47.0
CPCB_CCU_Victoria,Kolkata,22.54,88.345,2018,10,2018-10,114,65,107,114,69.7
CPCB_CCU_Victoria,Kolkata,22.54,88.345,2018,11,2018-11,162,86,141,162,107.3
CPCB_CCU_Victoria,Kolkata,22.54,88.345,2018,12,2018-12,136,73,119,136,137.3
CPCB_CCU_Victoria,Kolkata,22.54,88.345,2019,1,2019-01,152,80,131,152,150.0
CPCB_CCU_Victoria,Kolkata,22.54,88.345,2019,2,2019-02,103,56,92,103,130.3
CPCB_CCU_Victoria,Kolkata,22.54,88.345,2019,3,2019-03,95,50,82,95,116.7
CPCB_CCU_Victoria,Kolkata,22.54,88.345,2019,4,2019-04,85,49,80,85,94.3
CPCB_CCU_Victoria,Kolkata,22.54,88.345,2019,5,2019-05,98,54,89,98,92.7
CPCB_CCU_Victoria,Kolkata,22.54,88.345,2019,6,2019-06,100,54,89,100,94.3
CPCB_CCU_Victoria,Kolkata,22.54,88.345,2019,7,2019-07,42,23,38,42,80.0
CPCB_CCU_Victoria,Kolkata,22.54,88.345,2019,8,2019-08,47,25,41,47,63.0
CPCB_CCU_Victoria,Kolkata,22.54,88.345,2019,9,2019-09,43,22,37,43,44.0
CPCB_CCU_Victoria,Kolkata,22.54,88.345,2019,10,2019-10,119,68,111,119,69.7
CPCB_CCU_Victoria,Kolkata,22.54,88.345,2019,11,2019-11,167,88,144,167,109.7
CPCB_CCU_Victoria,Kolkata,22.54,88.345,2019,12,2019-12,155,87,143,155,147.0
CPCB_CCU_Victoria,Kolkata,22.54,88.345,2020,1,2020-01,161,90,147,161,161.0
CPCB_CCU_Victoria,Kolkata,22.54,88.345,2020,2,2020-02,106,56,92,106,140.7
CPCB_CCU_Victoria,Kolkata,22.54,88.345,2020,3,2020-03,87,45,74,87,118.0
CPCB_CCU_Victoria,Kolkata,22.54,88.345,2020,4,2020-04,99,51,84,99,97.3
CPCB_CCU_Victoria,Kolkata,22.54,88.345,2020,5,2020-05,103,57,94,103,96.3
CPCB_CCU_Victoria,Kolkata,22.54,88.345,2020,6,2020-06,90,50,83,90,97.3
CPCB_CCU_Victoria,Kolkata,22.54,88.345,2020,7,2020-07,47,25,42,47,80.0
CPCB_CCU_Victoria,Kolkata,22.54,88.345,2020,8,2020-08,45,24,40,45,60.7
CPCB_CCU_Victoria,Kolkata,22.54,88.345,2020,9,2020-09,50,26,42,50,47.3
CPCB_CCU_Victoria,Kolkata,22.54,88.345,2020,10,2020-10,119,64,104,119,71.3
CPCB_CCU_Victoria,Kolkata,22.54,88.345,2020,11,2020-11,164,92,152,164,111.0
CPCB_CCU_Victoria,Kolkata,22.54,88.345,2020,12,2020-12,150,84,139,150,144.3
CPCB_CCU_Victoria,Kolkata,22.54,88.345,2021,1,2021-01,158,83,136,158,157.3
CPCB_CCU_Victoria,Kolkata,22.54,88.345,2021,2,2021-02,120,62,102,120,142.7
CPCB_CCU_Victoria,Kolkata,22.54,88.345,2021,3,2021-03,100,54,89,100,126.0
CPCB_CCU_Victoria,Kolkata,22.54,88.345,2021,4,2021-04,94,50,82,94,104.7
CPCB_CCU_Victoria,Kolkata,22.54,88.345,2021,5,2021-05,93,49,81,93,95.7
CPCB_CCU_Victoria,Kolkata,22.54,88.345,2021,6,2021-06,89,49,81,89,92.0
CPCB_CCU_Victoria,Kolkata,22.54,88.345,2021,7,2021-07,47,24,40,47,76.3
CPCB_CCU_Victoria,Kolkata,22.54,88.345,2021,8,2021-08,50,26,43,50,62.0
CPCB_CCU_Victoria,Kolkata,22.54,88.345,2021,9,2021-09,48,26,44,48,48.3
CPCB_CCU_Victoria,Kolkata,22.54,88.345,2021,10,2021-10,117,61,101,117,71.7
CPCB_CCU_Victoria,Kolkata,22.54,88.345,2021,11,2021-11,153,84,137,153,106.0
CPCB_CCU_Victoria,Kolkata,22.54,88.345,2021,12,2021-12,138,72,117,138,136.0
CPCB_CCU_Victoria,Kolkata,22.54,88.345,2022,1,2022-01,145,82,135,145,145.3
CPCB_CCU_Victoria,Kolkata,22.54,88.345,2022,2,2022-02,106,55,91,106,129.7
CPCB_CCU_Victoria,Kolkata,22.54,88.345,2022,3,2022-03,95,51,83,95,115.3
CPCB_CCU_Victoria,Kolkata,22.54,88.345,2022,4,2022-04,93,51,84,93,98.0
CPCB_CCU_Victoria,Kolkata,22.54,88.345,2022,5,2022-05,100,54,89,100,96.0
CPCB_CCU_Victoria,Kolkata,22.54,88.345,2022,6,2022-06,95,53,87,95,96.0
CPCB_CCU_Victoria,Kolkata,22.54,88.345,2022,7,2022-07,46,24,39,46,80.3
CPCB_CCU_Victoria,Kolkata,22.54,88.345,2022,8,2022-08,46,25,40,46,62.3
CPCB_CCU_Victoria,Kolkata,22.54,88.345,2022,9,2022-09,44,23,38,44,45.3
CPCB_CCU_Victoria,Kolkata,22.54,88.345,2022,10,2022-10,116,66,109,116,68.7
CPCB_CCU_Victoria,Kolkata,22.54,88.345,2022,11,2022-11,139,74,121,139,99.7
CPCB_CCU_Victoria,Kolkata,22.54,88.345,2022,12,2022-12,138,74,121,138,131.0
CPCB_CCU_Victoria,Kolkata,22.54,88.345,2023,1,2023-01,139,78,128,139,138.7
CPCB_CCU_Victoria,Kolkata,22.54,88.345,2023,2,2023-02,120,68,112,120,132.3
CPCB_CCU_Victoria,Kolkata,22.54,88.345,2023,3,2023-03,93,50,82,93,117.3
CPCB_CCU_Victoria,Kolkata,22.54,88.345,2023,4,2023-04,92,52,86,92,101.7
CPCB_CCU_Victoria,Kolkata,22.54,88.345,2023,5,2023-05,90,51,84,90,91.7
CPCB_CCU_Victoria,Kolkata,22.54,88.345,2023,6,2023-06,98,56,92,98,93.3
CPCB_CCU_Victoria,Kolkata,22.54,88.345,2023,7,2023-07,45,25,42,45,77.7
CPCB_CCU_Victoria,Kolkata,22.54,88.345,2023,8,2023-08,45,25,42,45,62.7
CPCB_CCU_Victoria,Kolkata,22.54,88.345,2023,9,2023-09,51,27,44,51,47.0
CPCB_CCU_Victoria,Kolkata,22.54,88.345,2023,10,2023-10,111,63,103,111,69.0
CPCB_CCU_Victoria,Kolkata,22.54,88.345,2023,11,2023-11,155,87,143,155,105.7
CPCB_CCU_Victoria,Kolkata,22.54,88.345,2023,12,2023-12,147,77,127,147,137.7
CPCB_CCU_Victoria,Kolkata,22.54,88.345,2024,1,2024-01,142,82,134,142,148.0
CPCB_CCU_Victoria,Kolkata,22.54,88.345,2024,2,2024-02,114,65,106,114,134.3
CPCB_CCU_Victoria,Kolkata,22.54,88.345,2024,3,2024-03,102,57,93,102,119.3
CPCB_CCU_Victoria,Kolkata,22.54,88.345,2024,4,2024-04,95,50,82,95,103.7
CPCB_CCU_Victoria,Kolkata,22.54,88.345,2024,5,2024-05,97,52,85,97,98.0
CPCB_CCU_Victoria,Kolkata,22.54,88.345,2024,6,2024-06,88,46,76,88,93.3
CPCB_CCU_Victoria,Kolkata,22.54,88.345,2024,7,2024-07,51,26,44,51,78.7
CPCB_CCU_Victoria,Kolkata,22.54,88.345,2024,8,2024-08,51,29,47,51,63.3
CPCB_CCU_Victoria,Kolkata,22.54,88.345,2024,9,2024-09,46,24,39,46,49.3
CPCB_CCU_Victoria,Kolkata,22.54,88.345,2024,10,2024-10,124,64,106,124,73.7
CPCB_CCU_Victoria,Kolkata,22.54,88.345,2024,11,2024-11,164,89,146,164,111.3
CPCB_CCU_Victoria,Kolkata,22.54,88.345,2024,12,2024-12,136,75,123,136,141.3
CPCB_CCU_Victoria,Kolkata,22.54,88.345,2025,1,2025-01,136,74,122,136,145.3
CPCB_CCU_Victoria,Kolkata,22.54,88.345,2025,2,2025-02,124,66,108,124,132.0
CPCB_CCU_Victoria,Kolkata,22.54,88.345,2025,3,2025-03,91,52,85,91,117.0
CPCB_CCU_Victoria,Kolkata,22.54,88.345,2025,4,2025-04,88,47,77,88,101.0
CPCB_CCU_Victoria,Kolkata,22.54,88.345,2025,5,2025-05,89,50,82,89,89.3
CPCB_CCU_Victoria,Kolkata,22.54,88.345,2025,6,2025-06,86,49,80,86,87.7
CPCB_CCU_Victoria,Kolkata,22.54,88.345,2025,7,2025-07,46,25,41,46,73.7
CPCB_CCU_Victoria,Kolkata,22.54,88.345,2025,8,2025-08,44,23,38,44,58.7
CPCB_CCU_Victoria,Kolkata,22.54,88.345,2025,9,2025-09,50,26,44,50,46.7
CPCB_CCU_Victoria,Kolkata,22.54,88.345,2025,10,2025-10,108,61,101,108,67.3
CPCB_CCU_Victoria,Kolkata,22.54,88.345,2025,11,2025-11,164,85,140,164,107.3
CPCB_CCU_Victoria,Kolkata,22.54,88.345,2025,12,2025-12,150,84,137,150,140.7
CPCB_CCU_Victoria,Kolkata,22.54,88.345,2026,1,2026-01,147,80,130,147,153.7
CPCB_CCU_Victoria,Kolkata,22.54,88.345,2026,2,2026-02,125,70,114,125,140.7
CPCB_CCU_Victoria,Kolkata,22.54,88.345,2026,3,2026-03,92,53,86,92,121.3
CPCB_CCU_Victoria,Kolkata,22.54,88.345,2026,4,2026-04,101,54,89,101,106.0
CPCB_CCU_Victoria,Kolkata,22.54,88.345,2026,5,2026-05,104,57,94,104,99.0
CPCB_CCU_Victoria,Kolkata,22.54,88.345,2026,6,2026-06,87,45,75,87,97.3
CPCB_CCU_Victoria,Kolkata,22.54,88.345,2026,7,2026-07,44,22,37,44,78.3
CPCB_CCU_Victoria,Kolkata,22.54,88.345,2026,8,2026-08,52,30,49,52,61.0
CPCB_CCU_Victoria,Kolkata,22.54,88.345,2026,9,2026-09,43,23,38,43,46.3
CPCB_CCU_Victoria,Kolkata,22.54,88.345,2026,10,2026-10,112,60,99,112,69.0
CPCB_CCU_Victoria,Kolkata,22.54,88.345,2026,11,2026-11,138,73,120,138,97.7
CPCB_CCU_Victoria,Kolkata,22.54,88.345,2026,12,2026-12,141,79,129,141,130.3
CPCB_DEL_Anand_Vihar,Delhi,28.64,77.31,2017,1,2017-01,483,262,430,483,483.0
CPCB_DEL_Anand_Vihar,Delhi,28.64,77.31,2017,2,2017-02,267,149,245,267,267.0
CPCB_DEL_Anand_Vihar,Delhi,28.64,77.31,2017,3,2017-03,256,147,241,256,335.3
CPCB_DEL_Anand_Vihar,Delhi,28.64,77.31,2017,4,2017-04,252,142,233,252,258.3
CPCB_DEL_Anand_Vihar,Delhi,28.64,77.31,2017,5,2017-05,235,125,205,235,247.7
CPCB_DEL_Anand_Vihar,Delhi,28.64,77.31,2017,6,2017-06,249,130,212,249,245.3
CPCB_DEL_Anand_Vihar,Delhi,28.64,77.31,2017,7,2017-07,112,60,98,112,198.7
CPCB_DEL_Anand_Vihar,Delhi,28.64,77.31,2017,8,2017-08,126,69,114,126,162.3
CPCB_DEL_Anand_Vihar,Delhi,28.64,77.31,2017,9,2017-09,132,70,115,132,123.3
CPCB_DEL_Anand_Vihar,Delhi,28.64,77.31,2017,10,2017-10,270,148,243,270,176.0
CPCB_DEL_Anand_Vihar,Delhi,28.64,77.31,2017,11,2017-11,410,216,354,410,270.7
CPCB_DEL_Anand_Vihar,Delhi,28.64,77.31,2017,12,2017-12,478,249,408,478,386.0
CPCB_DEL_Anand_Vihar,Delhi,28.64,77.31,2018,1,2018-01,474,252,413,474,454.0
CPCB_DEL_Anand_Vihar,Delhi,28.64,77.31,2018,2,2018-02,273,156,255,273,408.3
CPCB_DEL_Anand_Vihar,Delhi,28.64,77.31,2018,3,2018-03,218,116,190,218,321.7
CPCB_DEL_Anand_Vihar,Delhi,28.64,77.31,2018,4,2018-04,228,126,207,228,239.7
CPCB_DEL_Anand_Vihar,Delhi,28.64,77.31,2018,5,2018-05,220,123,201,220,222.0
CPCB_DEL_Anand_Vihar,Delhi,28.64,77.31,2018,6,2018-06,220,116,190,220,222.7
CPCB_DEL_Anand_Vihar,Delhi,28.64,77.31,2018,7,2018-07,110,58,95,110,183.3
CPCB_DEL_Anand_Vihar,Delhi,28.64,77.31,2018,8,2018-08,109,62,102,109,146.3
CPCB_DEL_Anand_Vihar,Delhi,28.64,77.31,2018,9,2018-09,120,65,106,120,113.0
CPCB_DEL_Anand_Vihar,Delhi,28.64,77.31,2018,10,2018-10,308,174,285,308,179.0
CPCB_DEL_Anand_Vihar,Delhi,28.64,77.31,2018,11,2018-11,446,240,393,446,291.3
CPCB_DEL_Anand_Vihar,Delhi,28.64,77.31,2018,12,2018-12,465,265,435,465,406.3
CPCB_DEL_Anand_Vihar,Delhi,28.64,77.31,2019,1,2019-01,419,237,388,419,443.3
CPCB_DEL_Anand_Vihar,Delhi,28.64,77.31,2019,2,2019-02,264,143,235,264,382.7
CPCB_DEL_Anand_Vihar,Delhi,28.64,77.31,2019,3,2019-03,237,130,213,237,306.7
CPCB_DEL_Anand_Vihar,Delhi,28.64,77.31,2019,4,2019-04,256,137,225,256,252.3
CPCB_DEL_Anand_Vihar,Delhi,28.64,77.31,2019,5,2019-05,218,121,198,218,237.0
CPCB_DEL_Anand_Vihar,Delhi,28.64,77.31,2019,6,2019-06,223,118,194,223,232.3
CPCB_DEL_Anand_Vihar,Delhi,28.64,77.31,2019,7,2019-07,121,64,105,121,187.3
CPCB_DEL_Anand_Vihar,Delhi,28.64,77.31,2019,8,2019-08,110,57,94,110,151.3
CPCB_DEL_Anand_Vihar,Delhi,28.64,77.31,2019,9,2019-09,127,67,109,127,119.3
CPCB_DEL_Anand_Vihar,Delhi,28.64,77.31,2019,10,2019-10,311,165,271,311,182.7
CPCB_DEL_Anand_Vihar,Delhi,28.64,77.31,2019,11,2019-11,437,237,389,437,291.7
CPCB_DEL_Anand_Vihar,Delhi,28.64,77.31,2019,12,2019-12,442,233,381,442,396.7
CPCB_DEL_Anand_Vihar,Delhi,28.64,77.31,2020,1,2020-01,424,221,362,424,434.3
CPCB_DEL_Anand_Vihar,Delhi,28.64,77.31,2020,2,2020-02,293,157,258,293,386.3
CPCB_DEL_Anand_Vihar,Delhi,28.64,77.31,2020,3,2020-03,259,148,242,259,325.3
CPCB_DEL_Anand_Vihar,Delhi,28.64,77.31,2020,4,2020-04,225,126,206,225,259.0
CPCB_DEL_Anand_Vihar,Delhi,28.64,77.31,2020,5,2020-05,264,143,235,264,249.3
CPCB_DEL_Anand_Vihar,Delhi,28.64,77.31,2020,6,2020-06,252,135,222,252,247.0
CPCB_DEL_Anand_Vihar,Delhi,28.64,77.31,2020,7,2020-07,129,72,118,129,215.0
CPCB_DEL_Anand_Vihar,Delhi,28.64,77.31,2020,8,2020-08,109,62,102,109,163.3
CPCB_DEL_Anand_Vihar,Delhi,28.64,77.31,2020,9,2020-09,128,72,118,128,122.0
CPCB_DEL_Anand_Vihar,Delhi,28.64,77.31,2020,10,2020-10,290,153,250,290,175.7
CPCB_DEL_Anand_Vihar,Delhi,28.64,77.31,2020,11,2020-11,437,235,385,437,285.0
CPCB_DEL_Anand_Vihar,Delhi,28.64,77.31,2020,12,2020-12,465,250,410,465,397.3
CPCB_DEL_Anand_Vihar,Delhi,28.64,77.31,2021,1,2021-01,433,233,381,433,445.0
CPCB_DEL_Anand_Vihar,Delhi,28.64,77.31,2021,2,2021-02,308,164,268,308,402.0
CPCB_DEL_Anand_Vihar,Delhi,28.64,77.31,2021,3,2021-03,242,135,222,242,327.7
CPCB_DEL_Anand_Vihar,Delhi,28.64,77.31,2021,4,2021-04,218,117,192,218,256.0
CPCB_DEL_Anand_Vihar,Delhi,28.64,77.31,2021,5,2021-05,232,126,206,232,230.7
CPCB_DEL_Anand_Vihar,Delhi,28.64,77.31,2021,6,2021-06,230,121,198,230,226.7
CPCB_DEL_Anand_Vihar,Delhi,28.64,77.31,2021,7,2021-07,117,64,106,117,193.0
CPCB_DEL_Anand_Vihar,Delhi,28.64,77.31,2021,8,2021-08,130,74,121,130,159.0
CPCB_DEL_Anand_Vihar,Delhi,28.64,77.31,2021,9,2021-09,115,61,100,115,120.7
CPCB_DEL_Anand_Vihar,Delhi,28.64,77.31,2021,10,2021-10,276,151,248,276,173.7
CPCB_DEL_Anand_Vihar,Delhi,28.64,77.31,2021,11,2021-11,424,228,373,424,271.7
CPCB_DEL_Anand_Vihar,Delhi,28.64,77.31,2021,12,2021-12,497,265,433,497,399.0
CPCB_DEL_Anand_Vihar,Delhi,28.64,77.31,2022,1,2022-01,428,228,373,428,449.7
CPCB_DEL_Anand_Vihar,Delhi,28.64,77.31,2022,2,2022-02,262,139,228,262,395.7
CPCB_DEL_Anand_Vihar,Delhi,28.64,77.31,2022,3,2022-03,264,137,225,264,318.0
CPCB_DEL_Anand_Vihar,Delhi,28.64,77.31,2022,4,2022-04,254,132,217,254,260.0
CPCB_DEL_Anand_Vihar,Delhi,28.64,77.31,2022,5,2022-05,225,126,206,225,247.7
CPCB_DEL_Anand_Vihar,Delhi,28.64,77.31,2022,6,2022-06,261,149,244,261,246.7
CPCB_DEL_Anand_Vihar,Delhi,28.64,77.31,2022,7,2022-07,110,59,97,110,198.7
CPCB_DEL_Anand_Vihar,Delhi,28.64,77.31,2022,8,2022-08,128,66,109,128,166.3
CPCB_DEL_Anand_Vihar,Delhi,28.64,77.31,2022,9,2022-09,129,74,121,129,122.3
CPCB_DEL_Anand_Vihar,Delhi,28.64,77.31,2022,10,2022-10,288,166,272,288,181.7
CPCB_DEL_Anand_Vihar,Delhi,28.64,77.31,2022,11,2022-11,419,225,369,419,278.7
CPCB_DEL_Anand_Vihar,Delhi,28.64,77.31,2022,12,2022-12,492,270,442,492,399.7
CPCB_DEL_Anand_Vihar,Delhi,28.64,77.31,2023,1,2023-01,410,216,354,410,440.3
CPCB_DEL_Anand_Vihar,Delhi,28.64,77.31,2023,2,2023-02,264,143,235,264,388.7
CPCB_DEL_Anand_Vihar,Delhi,28.64,77.31,2023,3,2023-03,244,140,230,244,306.0
CPCB_DEL_Anand_Vihar,Delhi,28.64,77.31,2023,4,2023-04,254,142,233,254,254.0
CPCB_DEL_Anand_Vihar,Delhi,28.64,77.31,2023,5,2023-05,232,123,202,232,243.3
CPCB_DEL_Anand_Vihar,Delhi,28.64,77.31,2023,6,2023-06,244,140,230,244,243.3
CPCB_DEL_Anand_Vihar,Delhi,28.64,77.31,2023,7,2023-07,128,72,118,128,201.3
CPCB_DEL_Anand_Vihar,Delhi,28.64,77.31,2023,8,2023-08,112,59,96,112,161.3
CPCB_DEL_Anand_Vihar,Delhi,28.64,77.31,2023,9,2023-09,127,70,115,127,122.3
CPCB_DEL_Anand_Vihar,Delhi,28.64,77.31,2023,10,2023-10,293,164,268,293,177.3
CPCB_DEL_Anand_Vihar,Delhi,28.64,77.31,2023,11,2023-11,424,223,366,424,281.3
CPCB_DEL_Anand_Vihar,Delhi,28.64,77.31,2023,12,2023-12,446,255,417,446,387.7
CPCB_DEL_Anand_Vihar,Delhi,28.64,77.31,2024,1,2024-01,428,244,400,428,432.7
CPCB_DEL_Anand_Vihar,Delhi,28.64,77.31,2024,2,2024-02,259,146,240,259,377.7
CPCB_DEL_Anand_Vihar,Delhi,28.64,77.31,2024,3,2024-03,242,134,219,242,309.7
CPCB_DEL_Anand_Vihar,Delhi,28.64,77.31,2024,4,2024-04,237,130,213,237,246.0
CPCB_DEL_Anand_Vihar,Delhi,28.64,77.31,2024,5,2024-05,242,137,224,242,240.3
CPCB_DEL_Anand_Vihar,Delhi,28.64,77.31,2024,6,2024-06,230,131,215,230,236.3
CPCB_DEL_Anand_Vihar,Delhi,28.64,77.31,2024,7,2024-07,124,64,106,124,198.7
CPCB_DEL_Anand_Vihar,Delhi,28.64,77.31,2024,8,2024-08,108,60,99,108,154.0
CPCB_DEL_Anand_Vihar,Delhi,28.64,77.31,2024,9,2024-09,116,65,106,116,116.0
CPCB_DEL_Anand_Vihar,Delhi,28.64,77.31,2024,10,2024-10,290,151,247,290,171.3
CPCB_DEL_Anand_Vihar,Delhi,28.64,77.31,2024,11,2024-11,451,238,389,451,285.7
CPCB_DEL_Anand_Vihar,Delhi,28.64,77.31,2024,12,2024-12,437,233,381,437,392.7
CPCB_DEL_Anand_Vihar,Delhi,28.64,77.31,2025,1,2025-01,474,255,418,474,454.0
CPCB_DEL_Anand_Vihar,Delhi,28.64,77.31,2025,2,2025-02,259,136,223,259,390.0
CPCB_DEL_Anand_Vihar,Delhi,28.64,77.31,2025,3,2025-03,244,131,215,244,325.7
CPCB_DEL_Anand_Vihar,Delhi,28.64,77.31,2025,4,2025-04,223,128,210,223,242.0
CPCB_DEL_Anand_Vihar,Delhi,28.64,77.31,2025,5,2025-05,230,122,200,230,232.3
CPCB_DEL_Anand_Vihar,Delhi,28.64,77.31,2025,6,2025-06,220,124,203,220,224.3
CPCB_DEL_Anand_Vihar,Delhi,28.64,77.31,2025,7,2025-07,123,64,105,123,191.0
CPCB_DEL_Anand_Vihar,Delhi,28.64,77.31,2025,8,2025-08,114,65,107,114,152.3
CPCB_DEL_Anand_Vihar,Delhi,28.64,77.31,2025,9,2025-09,114,60,98,114,117.0
CPCB_DEL_Anand_Vihar,Delhi,28.64,77.31,2025,10,2025-10,264,152,249,264,164.0
CPCB_DEL_Anand_Vihar,Delhi,28.64,77.31,2025,11,2025-11,433,240,393,433,270.3
CPCB_DEL_Anand_Vihar,Delhi,28.64,77.31,2025,12,2025-12,428,237,389,428,375.0
CPCB_DEL_Anand_Vihar,Delhi,28.64,77.31,2026,1,2026-01,474,271,443,474,445.0
CPCB_DEL_Anand_Vihar,Delhi,28.64,77.31,2026,2,2026-02,305,162,266,305,402.3
CPCB_DEL_Anand_Vihar,Delhi,28.64,77.31,2026,3,2026-03,240,138,226,240,339.7
CPCB_DEL_Anand_Vihar,Delhi,28.64,77.31,2026,4,2026-04,249,143,235,249,264.7
CPCB_DEL_Anand_Vihar,Delhi,28.64,77.31,2026,5,2026-05,232,123,202,232,240.3
CPCB_DEL_Anand_Vihar,Delhi,28.64,77.31,2026,6,2026-06,237,125,204,237,239.3
CPCB_DEL_Anand_Vihar,Delhi,28.64,77.31,2026,7,2026-07,127,70,115,127,198.7
CPCB_DEL_Anand_Vihar,Delhi,28.64,77.31,2026,8,2026-08,123,67,110,123,162.3
CPCB_DEL_Anand_Vihar,Delhi,28.64,77.31,2026,9,2026-09,124,70,114,124,124.7
CPCB_DEL_Anand_Vihar,Delhi,28.64,77.31,2026,10,2026-10,282,156,256,282,176.3
CPCB_DEL_Anand_Vihar,Delhi,28.64,77.31,2026,11,2026-11,474,260,426,474,293.3
CPCB_DEL_Anand_Vihar,Delhi,28.64,77.31,2026,12,2026-12,469,245,400,469,408.3
CPCB_DEL_RK_Puram,Delhi,28.56,77.185,2017,1,2017-01,402,214,350,402,402.0
CPCB_DEL_RK_Puram,Delhi,28.56,77.185,2017,2,2017-02,242,131,215,242,242.0
CPCB_DEL_RK_Puram,Delhi,28.56,77.185,2017,3,2017-03,192,104,171,192,278.7
CPCB_DEL_RK_Puram,Delhi,28.56,77.185,2017,4,2017-04,198,113,185,198,210.7
CPCB_DEL_RK_Puram,Delhi,28.56,77.185,2017,5,2017-05,184,98,160,184,191.3
CPCB_DEL_RK_Puram,Delhi,28.56,77.185,2017,6,2017-06,194,105,172,194,192.0
CPCB_DEL_RK_Puram,Delhi,28.56,77.185,2017,7,2017-07,103,57,93,103,160.3
CPCB_DEL_RK_Puram,Delhi,28.56,77.185,2017,8,2017-08,91,48,78,91,129.3
CPCB_DEL_RK_Puram,Delhi,28.56,77.185,2017,9,2017-09,90,49,80,90,94.7
CPCB_DEL_RK_Puram,Delhi,28.56,77.185,2017,10,2017-10,261,147,241,261,147.3
CPCB_DEL_RK_Puram,Delhi,28.56,77.185,2017,11,2017-11,345,184,301,345,232.0
CPCB_DEL_RK_Puram,Delhi,28.56,77.185,2017,12,2017-12,364,206,337,364,323.3
CPCB_DEL_RK_Puram,Delhi,28.56,77.185,2018,1,2018-01,418,225,368,418,375.7
CPCB_DEL_RK_Puram,Delhi,28.56,77.185,2018,2,2018-02,237,130,213,237,339.7
CPCB_DEL_RK_Puram,Delhi,28.56,77.185,2018,3,2018-03,186,101,165,186,280.3
CPCB_DEL_RK_Puram,Delhi,28.56,77.185,2018,4,2018-04,182,105,171,182,201.7
CPCB_DEL_RK_Puram,Delhi,28.56,77.185,2018,5,2018-05,192,105,172,192,186.7
CPCB_DEL_RK_Puram,Delhi,28.56,77.185,2018,6,2018-06,204,114,187,204,192.7
CPCB_DEL_RK_Puram,Delhi,28.56,77.185,2018,7,2018-07,108,59,97,108,168.0
CPCB_DEL_RK_Puram,Delhi,28.56,77.185,2018,8,2018-08,106,61,100,106,139.3
CPCB_DEL_RK_Puram,Delhi,28.56,77.185,2018,9,2018-09,90,49,81,90,101.3
CPCB_DEL_RK_Puram,Delhi,28.56,77.185,2018,10,2018-10,247,139,228,247,147.7
CPCB_DEL_RK_Puram,Delhi,28.56,77.185,2018,11,2018-11,410,234,383,410,249.0
CPCB_DEL_RK_Puram,Delhi,28.56,77.185,2018,12,2018-12,345,180,294,345,334.0
CPCB_DEL_RK_Puram,Delhi,28.56,77.185,2019,1,2019-01,414,225,368,414,389.7
CPCB_DEL_RK_Puram,Delhi,28.56,77.185,2019,2,2019-02,235,134,219,235,331.3
CPCB_DEL_RK_Puram,Delhi,28.56,77.185,2019,3,2019-03,190,102,167,190,279.7
CPCB_DEL_RK_Puram,Delhi,28.56,77.185,2019,4,2019-04,202,108,178,202,209.0
CPCB_DEL_RK_Puram,Delhi,28.56,77.185,2019,5,2019-05,206,116,190,206,199.3
CPCB_DEL_RK_Puram,Delhi,28.56,77.185,2019,6,2019-06,210,115,189,210,206.0
CPCB_DEL_RK_Puram,Delhi,28.56,77.185,2019,7,2019-07,103,58,95,103,173.0
CPCB_DEL_RK_Puram,Delhi,28.56,77.185,2019,8,2019-08,95,53,87,95,136.0
CPCB_DEL_RK_Puram,Delhi,28.56,77.185,2019,9,2019-09,104,55,90,104,100.7
CPCB_DEL_RK_Puram,Delhi,28.56,77.185,2019,10,2019-10,218,119,196,218,139.0
CPCB_DEL_RK_Puram,Delhi,28.56,77.185,2019,11,2019-11,387,217,355,387,236.3
CPCB_DEL_RK_Puram,Delhi,28.56,77.185,2019,12,2019-12,361,204,334,361,322.0
CPCB_DEL_RK_Puram,Delhi,28.56,77.185,2020,1,2020-01,376,213,348,376,374.7
CPCB_DEL_RK_Puram,Delhi,28.56,77.185,2020,2,2020-02,259,148,242,259,332.0
CPCB_DEL_RK_Puram,Delhi,28.56,77.185,2020,3,2020-03,204,113,185,204,279.7
CPCB_DEL_RK_Puram,Delhi,28.56,77.185,2020,4,2020-04,220,122,199,220,227.7
CPCB_DEL_RK_Puram,Delhi,28.56,77.185,2020,5,2020-05,218,116,190,218,214.0
CPCB_DEL_RK_Puram,Delhi,28.56,77.185,2020,6,2020-06,192,107,176,192,210.0
CPCB_DEL_RK_Puram,Delhi,28.56,77.185,2020,7,2020-07,107,61,101,107,172.3
CPCB_DEL_RK_Puram,Delhi,28.56,77.185,2020,8,2020-08,105,60,98,105,134.7
CPCB_DEL_RK_Puram,Delhi,28.56,77.185,2020,9,2020-09,109,57,94,109,107.0
CPCB_DEL_RK_Puram,Delhi,28.56,77.185,2020,10,2020-10,225,123,202,225,146.3
CPCB_DEL_RK_Puram,Delhi,28.56,77.185,2020,11,2020-11,402,210,343,402,245.3
CPCB_DEL_RK_Puram,Delhi,28.56,77.185,2020,12,2020-12,383,212,348,383,336.7
CPCB_DEL_RK_Puram,Delhi,28.56,77.185,2021,1,2021-01,372,198,324,372,385.7
CPCB_DEL_RK_Puram,Delhi,28.56,77.185,2021,2,2021-02,223,122,200,223,326.0
CPCB_DEL_RK_Puram,Delhi,28.56,77.185,2021,3,2021-03,210,121,198,210,268.3
CPCB_DEL_RK_Puram,Delhi,28.56,77.185,2021,4,2021-04,184,106,173,184,205.7
CPCB_DEL_RK_Puram,Delhi,28.56,77.185,2021,5,2021-05,210,112,183,210,201.3
CPCB_DEL_RK_Puram,Delhi,28.56,77.185,2021,6,2021-06,198,105,172,198,197.3
CPCB_DEL_RK_Puram,Delhi,28.56,77.185,2021,7,2021-07,99,56,92,99,169.0
CPCB_DEL_RK_Puram,Delhi,28.56,77.185,2021,8,2021-08,99,53,87,99,132.0
CPCB_DEL_RK_Puram,Delhi,28.56,77.185,2021,9,2021-09,98,54,89,98,98.7
CPCB_DEL_RK_Puram,Delhi,28.56,77.185,2021,10,2021-10,232,126,206,232,143.0
CPCB_DEL_RK_Puram,Delhi,28.56,77.185,2021,11,2021-11,395,206,337,395,241.7
CPCB_DEL_RK_Puram,Delhi,28.56,77.185,2021,12,2021-12,345,185,304,345,324.0
CPCB_DEL_RK_Puram,Delhi,28.56,77.185,2022,1,2022-01,391,219,358,391,377.0
CPCB_DEL_RK_Puram,Delhi,28.56,77.185,2022,2,2022-02,237,136,223,237,324.3
CPCB_DEL_RK_Puram,Delhi,28.56,77.185,2022,3,2022-03,182,103,168,182,270.0
CPCB_DEL_RK_Puram,Delhi,28.56,77.185,2022,4,2022-04,190,99,162,190,203.0
CPCB_DEL_RK_Puram,Delhi,28.56,77.185,2022,5,2022-05,206,118,194,206,192.7
CPCB_DEL_RK_Puram,Delhi,28.56,77.185,2022,6,2022-06,194,106,174,194,196.7
CPCB_DEL_RK_Puram,Delhi,28.56,77.185,2022,7,2022-07,98,56,91,98,166.0
CPCB_DEL_RK_Puram,Delhi,28.56,77.185,2022,8,2022-08,93,50,82,93,128.3
CPCB_DEL_RK_Puram,Delhi,28.56,77.185,2022,9,2022-09,100,54,89,100,97.0
CPCB_DEL_RK_Puram,Delhi,28.56,77.185,2022,10,2022-10,252,137,224,252,148.3
CPCB_DEL_RK_Puram,Delhi,28.56,77.185,2022,11,2022-11,410,223,365,410,254.0
CPCB_DEL_RK_Puram,Delhi,28.56,77.185,2022,12,2022-12,380,200,328,380,347.3
CPCB_DEL_RK_Puram,Delhi,28.56,77.185,2023,1,2023-01,406,216,354,406,398.7
CPCB_DEL_RK_Puram,Delhi,28.56,77.185,2023,2,2023-02,242,133,217,242,342.7
CPCB_DEL_RK_Puram,Delhi,28.56,77.185,2023,3,2023-03,212,111,183,212,286.7
CPCB_DEL_RK_Puram,Delhi,28.56,77.185,2023,4,2023-04,198,112,183,198,217.3
CPCB_DEL_RK_Puram,Delhi,28.56,77.185,2023,5,2023-05,206,107,176,206,205.3
CPCB_DEL_RK_Puram,Delhi,28.56,77.185,2023,6,2023-06,184,102,167,184,196.0
CPCB_DEL_RK_Puram,Delhi,28.56,77.185,2023,7,2023-07,91,51,83,91,160.3
CPCB_DEL_RK_Puram,Delhi,28.56,77.185,2023,8,2023-08,110,62,102,110,128.3
CPCB_DEL_RK_Puram,Delhi,28.56,77.185,2023,9,2023-09,110,62,101,110,103.7
CPCB_DEL_RK_Puram,Delhi,28.56,77.185,2023,10,2023-10,235,124,203,235,151.7
CPCB_DEL_RK_Puram,Delhi,28.56,77.185,2023,11,2023-11,349,188,307,349,231.3
CPCB_DEL_RK_Puram,Delhi,28.56,77.185,2023,12,2023-12,353,190,311,353,312.3
CPCB_DEL_RK_Puram,Delhi,28.56,77.185,2024,1,2024-01,349,201,329,349,350.3
CPCB_DEL_RK_Puram,Delhi,28.56,77.185,2024,2,2024-02,223,121,198,223,308.3
CPCB_DEL_RK_Puram,Delhi,28.56,77.185,2024,3,2024-03,184,98,160,184,252.0
CPCB_DEL_RK_Puram,Delhi,28.56,77.185,2024,4,2024-04,216,118,194,216,207.7
CPCB_DEL_RK_Puram,Delhi,28.56,77.185,2024,5,2024-05,180,102,168,180,193.3
CPCB_DEL_RK_Puram,Delhi,28.56,77.185,2024,6,2024-06,216,116,190,216,204.0
CPCB_DEL_RK_Puram,Delhi,28.56,77.185,2024,7,2024-07,93,49,81,93,163.0
CPCB_DEL_RK_Puram,Delhi,28.56,77.185,2024,8,2024-08,108,56,92,108,139.0
CPCB_DEL_RK_Puram,Delhi,28.56,77.185,2024,9,2024-09,99,57,93,99,100.0
CPCB_DEL_RK_Puram,Delhi,28.56,77.185,2024,10,2024-10,220,122,199,220,142.3
CPCB_DEL_RK_Puram,Delhi,28.56,77.185,2024,11,2024-11,368,202,331,368,229.0
CPCB_DEL_RK_Puram,Delhi,28.56,77.185,2024,12,2024-12,342,197,323,342,310.0
CPCB_DEL_RK_Puram,Delhi,28.56,77.185,2025,1,2025-01,349,190,310,349,353.0
CPCB_DEL_RK_Puram,Delhi,28.56,77.185,2025,2,2025-02,256,135,221,256,315.7
CPCB_DEL_RK_Puram,Delhi,28.56,77.185,2025,3,2025-03,196,102,167,196,267.0
CPCB_DEL_RK_Puram,Delhi,28.56,77.185,2025,4,2025-04,198,109,179,198,216.7
CPCB_DEL_RK_Puram,Delhi,28.56,77.185,2025,5,2025-05,190,108,177,190,194.7
CPCB_DEL_RK_Puram,Delhi,28.56,77.185,2025,6,2025-06,192,106,174,192,193.3
CPCB_DEL_RK_Puram,Delhi,28.56,77.185,2025,7,2025-07,90,48,78,90,157.3
CPCB_DEL_RK_Puram,Delhi,28.56,77.185,2025,8,2025-08,101,56,91,101,127.7
CPCB_DEL_RK_Puram,Delhi,28.56,77.185,2025,9,2025-09,104,56,91,104,98.3
CPCB_DEL_RK_Puram,Delhi,28.56,77.185,2025,10,2025-10,256,143,235,256,153.7
CPCB_DEL_RK_Puram,Delhi,28.56,77.185,2025,11,2025-11,368,200,327,368,242.7
CPCB_DEL_RK_Puram,Delhi,28.56,77.185,2025,12,2025-12,383,200,327,383,335.7
CPCB_DEL_RK_Puram,Delhi,28.56,77.185,2026,1,2026-01,342,188,307,342,364.3
CPCB_DEL_RK_Puram,Delhi,28.56,77.185,2026,2,2026-02,240,130,213,240,321.7
CPCB_DEL_RK_Puram,Delhi,28.56,77.185,2026,3,2026-03,196,106,174,196,259.3
CPCB_DEL_RK_Puram,Delhi,28.56,77.185,2026,4,2026-04,216,123,202,216,217.3
CPCB_DEL_RK_Puram,Delhi,28.56,77.185,2026,5,2026-05,220,117,192,220,210.7
CPCB_DEL_RK_Puram,Delhi,28.56,77.185,2026,6,2026-06,188,105,172,188,208.0
CPCB_DEL_RK_Puram,Delhi,28.56,77.185,2026,7,2026-07,103,56,91,103,170.3
CPCB_DEL_RK_Puram,Delhi,28.56,77.185,2026,8,2026-08,98,53,88,98,129.7
CPCB_DEL_RK_Puram,Delhi,28.56,77.185,2026,9,2026-09,110,62,101,110,103.7
CPCB_DEL_RK_Puram,Delhi,28.56,77.185,2026,10,2026-10,235,131,215,235,147.7
CPCB_DEL_RK_Puram,Delhi,28.56,77.185,2026,11,2026-11,391,215,351,391,245.3
CPCB_DEL_RK_Puram,Delhi,28.56,77.185,2026,12,2026-12,418,223,364,418,348.0
CPCB_HYD_Bollaram,Hyderabad,17.53,78.36,2017,1,2017-01,149,77,127,149,149.0
CPCB_HYD_Bollaram,Hyderabad,17.53,78.36,2017,2,2017-02,97,52,85,97,97.0
CPCB_HYD_Bollaram,Hyderabad,17.53,78.36,2017,3,2017-03,80,42,69,80,108.7
CPCB_HYD_Bollaram,Hyderabad,17.53,78.36,2017,4,2017-04,84,43,71,84,87.0
CPCB_HYD_Bollaram,Hyderabad,17.53,78.36,2017,5,2017-05,78,42,68,78,80.7
CPCB_HYD_Bollaram,Hyderabad,17.53,78.36,2017,6,2017-06,77,41,67,77,79.7
CPCB_HYD_Bollaram,Hyderabad,17.53,78.36,2017,7,2017-07,39,21,34,39,64.7
CPCB_HYD_Bollaram,Hyderabad,17.53,78.36,2017,8,2017-08,41,22,36,41,52.3
CPCB_HYD_Bollaram,Hyderabad,17.53,78.36,2017,9,2017-09,39,22,36,39,39.7
CPCB_HYD_Bollaram,Hyderabad,17.53,78.36,2017,10,2017-10,102,54,89,102,60.7
CPCB_HYD_Bollaram,Hyderabad,17.53,78.36,2017,11,2017-11,142,74,122,142,94.3
CPCB_HYD_Bollaram,Hyderabad,17.53,78.36,2017,12,2017-12,122,70,115,122,122.0
CPCB_HYD_Bollaram,Hyderabad,17.53,78.36,2018,1,2018-01,134,75,123,134,132.7
CPCB_HYD_Bollaram,Hyderabad,17.53,78.36,2018,2,2018-02,111,62,102,111,122.3
CPCB_HYD_Bollaram,Hyderabad,17.53,78.36,2018,3,2018-03,82,43,70,82,109.0
CPCB_HYD_Bollaram,Hyderabad,17.53,78.36,2018,4,2018-04,85,45,74,85,92.7
CPCB_HYD_Bollaram,Hyderabad,17.53,78.36,2018,5,2018-05,87,46,75,87,84.7
CPCB_HYD_Bollaram,Hyderabad,17.53,78.36,2018,6,2018-06,79,43,71,79,83.7
CPCB_HYD_Bollaram,Hyderabad,17.53,78.36,2018,7,2018-07,44,22,37,44,70.0
CPCB_HYD_Bollaram,Hyderabad,17.53,78.36,2018,8,2018-08,38,21,35,38,53.7
CPCB_HYD_Bollaram,Hyderabad,17.53,78.36,2018,9,2018-09,39,22,36,39,40.3
CPCB_HYD_Bollaram,Hyderabad,17.53,78.36,2018,10,2018-10,104,54,88,104,60.3
CPCB_HYD_Bollaram,Hyderabad,17.53,78.36,2018,11,2018-11,122,70,115,122,88.3
CPCB_HYD_Bollaram,Hyderabad,17.53,78.36,2018,12,2018-12,126,65,107,126,117.3
CPCB_HYD_Bollaram,Hyderabad,17.53,78.36,2019,1,2019-01,130,70,114,130,126.0
CPCB_HYD_Bollaram,Hyderabad,17.53,78.36,2019,2,2019-02,98,51,84,98,118.0
CPCB_HYD_Bollaram,Hyderabad,17.53,78.36,2019,3,2019-03,76,39,64,76,101.3
CPCB_HYD_Bollaram,Hyderabad,17.53,78.36,2019,4,2019-04,84,46,75,84,86.0
CPCB_HYD_Bollaram,Hyderabad,17.53,78.36,2019,5,2019-05,78,44,73,78,79.3
CPCB_HYD_Bollaram,Hyderabad,17.53,78.36,2019,6,2019-06,89,48,79,89,83.7
CPCB_HYD_Bollaram,Hyderabad,17.53,78.36,2019,7,2019-07,42,23,37,42,69.7
CPCB_HYD_Bollaram,Hyderabad,17.53,78.36,2019,8,2019-08,38,20,33,38,56.3
CPCB_HYD_Bollaram,Hyderabad,17.53,78.36,2019,9,2019-09,44,23,39,44,41.3
CPCB_HYD_Bollaram,Hyderabad,17.53,78.36,2019,10,2019-10,98,51,84,98,60.0
CPCB_HYD_Bollaram,Hyderabad,17.53,78.36,2019,11,2019-11,129,68,111,129,90.3
CPCB_HYD_Bollaram,Hyderabad,17.53,78.36,2019,12,2019-12,140,73,119,140,122.3
CPCB_HYD_Bollaram,Hyderabad,17.53,78.36,2020,1,2020-01,144,79,130,144,137.7
CPCB_HYD_Bollaram,Hyderabad,17.53,78.36,2020,2,2020-02,106,57,93,106,130.0
CPCB_HYD_Bollaram,Hyderabad,17.53,78.36,2020,3,2020-03,87,48,79,87,112.3
CPCB_HYD_Bollaram,Hyderabad,17.53,78.36,2020,4,2020-04,88,47,77,88,93.7
CPCB_HYD_Bollaram,Hyderabad,17.53,78.36,2020,5,2020-05,92,51,84,92,89.0
CPCB_HYD_Bollaram,Hyderabad,17.53,78.36,2020,6,2020-06,80,42,69,80,86.7
CPCB_HYD_Bollaram,Hyderabad,17.53,78.36,2020,7,2020-07,45,24,40,45,72.3
CPCB_HYD_Bollaram,Hyderabad,17.53,78.36,2020,8,2020-08,44,24,39,44,56.3
CPCB_HYD_Bollaram,Hyderabad,17.53,78.36,2020,9,2020-09,41,21,35,41,43.3
CPCB_HYD_Bollaram,Hyderabad,17.53,78.36,2020,10,2020-10,97,51,84,97,60.7
CPCB_HYD_Bollaram,Hyderabad,17.53,78.36,2020,11,2020-11,142,76,125,142,93.3
CPCB_HYD_Bollaram,Hyderabad,17.53,78.36,2020,12,2020-12,137,77,126,137,125.3
CPCB_HYD_Bollaram,Hyderabad,17.53,78.36,2021,1,2021-01,133,74,122,133,137.3
CPCB_HYD_Bollaram,Hyderabad,17.53,78.36,2021,2,2021-02,108,61,100,108,126.0
CPCB_HYD_Bollaram,Hyderabad,17.53,78.36,2021,3,2021-03,87,46,75,87,109.3
CPCB_HYD_Bollaram,Hyderabad,17.53,78.36,2021,4,2021-04,79,41,67,79,91.3
CPCB_HYD_Bollaram,Hyderabad,17.53,78.36,2021,5,2021-05,84,45,74,84,83.3
CPCB_HYD_Bollaram,Hyderabad,17.53,78.36,2021,6,2021-06,93,49,81,93,85.3
CPCB_HYD_Bollaram,Hyderabad,17.53,78.36,2021,7,2021-07,39,21,34,39,72.0
CPCB_HYD_Bollaram,Hyderabad,17.53,78.36,2021,8,2021-08,43,23,38,43,58.3
CPCB_HYD_Bollaram,Hyderabad,17.53,78.36,2021,9,2021-09,44,25,41,44,42.0
CPCB_HYD_Bollaram,Hyderabad,17.53,78.36,2021,10,2021-10,108,59,97,108,65.0
CPCB_HYD_Bollaram,Hyderabad,17.53,78.36,2021,11,2021-11,127,71,116,127,93.0
CPCB_HYD_Bollaram,Hyderabad,17.53,78.36,2021,12,2021-12,137,75,123,137,124.0
CPCB_HYD_Bollaram,Hyderabad,17.53,78.36,2022,1,2022-01,146,81,134,146,136.7
CPCB_HYD_Bollaram,Hyderabad,17.53,78.36,2022,2,2022-02,99,56,91,99,127.3
CPCB_HYD_Bollaram,Hyderabad,17.53,78.36,2022,3,2022-03,77,42,69,77,107.3
CPCB_HYD_Bollaram,Hyderabad,17.53,78.36,2022,4,2022-04,86,46,76,86,87.3
CPCB_HYD_Bollaram,Hyderabad,17.53,78.36,2022,5,2022-05,84,47,77,84,82.3
CPCB_HYD_Bollaram,Hyderabad,17.53,78.36,2022,6,2022-06,91,52,85,91,87.0
CPCB_HYD_Bollaram,Hyderabad,17.53,78.36,2022,7,2022-07,40,21,34,40,71.7
CPCB_HYD_Bollaram,Hyderabad,17.53,78.36,2022,8,2022-08,42,24,39,42,57.7
CPCB_HYD_Bollaram,Hyderabad,17.53,78.36,2022,9,2022-09,42,21,35,42,41.3
CPCB_HYD_Bollaram,Hyderabad,17.53,78.36,2022,10,2022-10,96,53,87,96,60.0
CPCB_HYD_Bollaram,Hyderabad,17.53,78.36,2022,11,2022-11,148,80,131,148,95.3
CPCB_HYD_Bollaram,Hyderabad,17.53,78.36,2022,12,2022-12,140,80,132,140,128.0
CPCB_HYD_Bollaram,Hyderabad,17.53,78.36,2023,1,2023-01,133,70,114,133,140.3
CPCB_HYD_Bollaram,Hyderabad,17.53,78.36,2023,2,2023-02,103,53,88,103,125.3
CPCB_HYD_Bollaram,Hyderabad,17.53,78.36,2023,3,2023-03,85,48,79,85,107.0
CPCB_HYD_Bollaram,Hyderabad,17.53,78.36,2023,4,2023-04,80,44,72,80,89.3
CPCB_HYD_Bollaram,Hyderabad,17.53,78.36,2023,5,2023-05,90,50,83,90,85.0
CPCB_HYD_Bollaram,Hyderabad,17.53,78.36,2023,6,2023-06,78,45,73,78,82.7
CPCB_HYD_Bollaram,Hyderabad,17.53,78.36,2023,7,2023-07,39,21,35,39,69.0
CPCB_HYD_Bollaram,Hyderabad,17.53,78.36,2023,8,2023-08,42,23,38,42,53.0
CPCB_HYD_Bollaram,Hyderabad,17.53,78.36,2023,9,2023-09,44,22,37,44,41.7
CPCB_HYD_Bollaram,Hyderabad,17.53,78.36,2023,10,2023-10,99,52,85,99,61.7
CPCB_HYD_Bollaram,Hyderabad,17.53,78.36,2023,11,2023-11,149,85,139,149,97.3
CPCB_HYD_Bollaram,Hyderabad,17.53,78.36,2023,12,2023-12,146,84,137,146,131.3
CPCB_HYD_Bollaram,Hyderabad,17.53,78.36,2024,1,2024-01,129,68,112,129,141.3
CPCB_HYD_Bollaram,Hyderabad,17.53,78.36,2024,2,2024-02,99,56,91,99,124.7
CPCB_HYD_Bollaram,Hyderabad,17.53,78.36,2024,3,2024-03,79,44,73,79,102.3
CPCB_HYD_Bollaram,Hyderabad,17.53,78.36,2024,4,2024-04,85,46,75,85,87.7
CPCB_HYD_Bollaram,Hyderabad,17.53,78.36,2024,5,2024-05,90,49,80,90,84.7
CPCB_HYD_Bollaram,Hyderabad,17.53,78.36,2024,6,2024-06,80,44,73,80,85.0
CPCB_HYD_Bollaram,Hyderabad,17.53,78.36,2024,7,2024-07,46,26,42,46,72.0
CPCB_HYD_Bollaram,Hyderabad,17.53,78.36,2024,8,2024-08,42,23,38,42,56.0
CPCB_HYD_Bollaram,Hyderabad,17.53,78.36,2024,9,2024-09,42,22,37,42,43.3
CPCB_HYD_Bollaram,Hyderabad,17.53,78.36,2024,10,2024-10,110,58,95,110,64.7
CPCB_HYD_Bollaram,Hyderabad,17.53,78.36,2024,11,2024-11,131,69,114,131,94.3
CPCB_HYD_Bollaram,Hyderabad,17.53,78.36,2024,12,2024-12,134,70,115,134,125.0
CPCB_HYD_Bollaram,Hyderabad,17.53,78.36,2025,1,2025-01,123,66,108,123,129.3
CPCB_HYD_Bollaram,Hyderabad,17.53,78.36,2025,2,2025-02,95,50,82,95,117.3
CPCB_HYD_Bollaram,Hyderabad,17.53,78.36,2025,3,2025-03,84,44,72,84,100.7
CPCB_HYD_Bollaram,Hyderabad,17.53,78.36,2025,4,2025-04,88,50,83,88,89.0
CPCB_HYD_Bollaram,Hyderabad,17.53,78.36,2025,5,2025-05,80,46,75,80,84.0
CPCB_HYD_Bollaram,Hyderabad,17.53,78.36,2025,6,2025-06,93,51,83,93,87.0
CPCB_HYD_Bollaram,Hyderabad,17.53,78.36,2025,7,2025-07,46,25,42,46,73.0
CPCB_HYD_Bollaram,Hyderabad,17.53,78.36,2025,8,2025-08,39,21,35,39,59.3
CPCB_HYD_Bollaram,Hyderabad,17.53,78.36,2025,9,2025-09,40,21,34,40,41.7
CPCB_HYD_Bollaram,Hyderabad,17.53,78.36,2025,10,2025-10,105,56,91,105,61.3
CPCB_HYD_Bollaram,Hyderabad,17.53,78.36,2025,11,2025-11,129,69,113,129,91.3
CPCB_HYD_Bollaram,Hyderabad,17.53,78.36,2025,12,2025-12,127,73,120,127,120.3
CPCB_HYD_Bollaram,Hyderabad,17.53,78.36,2026,1,2026-01,148,77,126,148,134.7
CPCB_HYD_Bollaram,Hyderabad,17.53,78.36,2026,2,2026-02,106,60,99,106,127.0
CPCB_HYD_Bollaram,Hyderabad,17.53,78.36,2026,3,2026-03,79,43,70,79,111.0
CPCB_HYD_Bollaram,Hyderabad,17.53,78.36,2026,4,2026-04,87,48,79,87,90.7
CPCB_HYD_Bollaram,Hyderabad,17.53,78.36,2026,5,2026-05,78,44,73,78,81.3
CPCB_HYD_Bollaram,Hyderabad,17.53,78.36,2026,6,2026-06,89,49,80,89,84.7
CPCB_HYD_Bollaram,Hyderabad,17.53,78.36,2026,7,2026-07,46,24,40,46,71.0
CPCB_HYD_Bollaram,Hyderabad,17.53,78.36,2026,8,2026-08,42,22,36,42,59.0
CPCB_HYD_Bollaram,Hyderabad,17.53,78.36,2026,9,2026-09,45,24,39,45,44.3
CPCB_HYD_Bollaram,Hyderabad,17.53,78.36,2026,10,2026-10,94,52,86,94,60.3
CPCB_HYD_Bollaram,Hyderabad,17.53,78.36,2026,11,2026-11,130,75,122,130,89.7
CPCB_HYD_Bollaram,Hyderabad,17.53,78.36,2026,12,2026-12,149,79,130,149,124.3
CPCB_HYD_Sanathnagar,Hyderabad,17.45,78.43,2017,1,2017-01,112,64,104,112,112.0
CPCB_HYD_Sanathnagar,Hyderabad,17.45,78.43,2017,2,2017-02,84,47,77,84,84.0
CPCB_HYD_Sanathnagar,Hyderabad,17.45,78.43,2017,3,2017-03,75,40,65,75,90.3
CPCB_HYD_Sanathnagar,Hyderabad,17.45,78.43,2017,4,2017-04,80,45,74,80,79.7
CPCB_HYD_Sanathnagar,Hyderabad,17.45,78.43,2017,5,2017-05,81,44,73,81,78.7
CPCB_HYD_Sanathnagar,Hyderabad,17.45,78.43,2017,6,2017-06,67,36,59,67,76.0
CPCB_HYD_Sanathnagar,Hyderabad,17.45,78.43,2017,7,2017-07,38,19,32,38,62.0
CPCB_HYD_Sanathnagar,Hyderabad,17.45,78.43,2017,8,2017-08,38,21,34,38,47.7
CPCB_HYD_Sanathnagar,Hyderabad,17.45,78.43,2017,9,2017-09,33,17,28,33,36.3
CPCB_HYD_Sanathnagar,Hyderabad,17.45,78.43,2017,10,2017-10,92,50,81,92,54.3
CPCB_HYD_Sanathnagar,Hyderabad,17.45,78.43,2017,11,2017-11,115,63,104,115,80.0
CPCB_HYD_Sanathnagar,Hyderabad,17.45,78.43,2017,12,2017-12,129,68,112,129,112.0
CPCB_HYD_Sanathnagar,Hyderabad,17.45,78.43,2018,1,2018-01,108,61,101,108,117.3
CPCB_HYD_Sanathnagar,Hyderabad,17.45,78.43,2018,2,2018-02,94,54,88,94,110.3
CPCB_HYD_Sanathnagar,Hyderabad,17.45,78.43,2018,3,2018-03,69,37,61,69,90.3
CPCB_HYD_Sanathnagar,Hyderabad,17.45,78.43,2018,4,2018-04,73,40,67,73,78.7
CPCB_HYD_Sanathnagar,Hyderabad,17.45,78.43,2018,5,2018-05,74,41,67,74,72.0
CPCB_HYD_Sanathnagar,Hyderabad,17.45,78.43,2018,6,2018-06,71,40,65,71,72.7
CPCB_HYD_Sanathnagar,Hyderabad,17.45,78.43,2018,7,2018-07,40,20,34,40,61.7
CPCB_HYD_Sanathnagar,Hyderabad,17.45,78.43,2018,8,2018-08,40,22,37,40,50.3
CPCB_HYD_Sanathnagar,Hyderabad,17.45,78.43,2018,9,2018-09,41,22,37,41,40.3
CPCB_HYD_Sanathnagar,Hyderabad,17.45,78.43,2018,10,2018-10,84,48,79,84,55.0
CPCB_HYD_Sanathnagar,Hyderabad,17.45,78.43,2018,11,2018-11,109,61,100,109,78.0
CPCB_HYD_Sanathnagar,Hyderabad,17.45,78.43,2018,12,2018-12,126,72,117,126,106.3
CPCB_HYD_Sanathnagar,Hyderabad,17.45,78.43,2019,1,2019-01,110,60,99,110,115.0
CPCB_HYD_Sanathnagar,Hyderabad,17.45,78.43,2019,2,2019-02,83,45,73,83,106.3
CPCB_HYD_Sanathnagar,Hyderabad,17.45,78.43,2019,3,2019-03,81,44,73,81,91.3
CPCB_HYD_Sanathnagar,Hyderabad,17.45,78.43,2019,4,2019-04,79,44,73,79,81.0
CPCB_HYD_Sanathnagar,Hyderabad,17.45,78.43,2019,5,2019-05,70,37,61,70,76.7
CPCB_HYD_Sanathnagar,Hyderabad,17.45,78.43,2019,6,2019-06,81,42,69,81,76.7
CPCB_HYD_Sanathnagar,Hyderabad,17.45,78.43,2019,7,2019-07,35,18,29,35,62.0
CPCB_HYD_Sanathnagar,Hyderabad,17.45,78.43,2019,8,2019-08,35,19,31,35,50.3
CPCB_HYD_Sanathnagar,Hyderabad,17.45,78.43,2019,9,2019-09,41,21,35,41,37.0
CPCB_HYD_Sanathnagar,Hyderabad,17.45,78.43,2019,10,2019-10,93,51,84,93,56.3
CPCB_HYD_Sanathnagar,Hyderabad,17.45,78.43,2019,11,2019-11,111,60,98,111,81.7
CPCB_HYD_Sanathnagar,Hyderabad,17.45,78.43,2019,12,2019-12,112,63,103,112,105.3
CPCB_HYD_Sanathnagar,Hyderabad,17.45,78.43,2020,1,2020-01,127,71,117,127,116.7
CPCB_HYD_Sanathnagar,Hyderabad,17.45,78.43,2020,2,2020-02,85,48,78,85,108.0
CPCB_HYD_Sanathnagar,Hyderabad,17.45,78.43,2020,3,2020-03,67,35,58,67,93.0
CPCB_HYD_Sanathnagar,Hyderabad,17.45,78.43,2020,4,2020-04,78,42,68,78,76.7
CPCB_HYD_Sanathnagar,Hyderabad,17.45,78.43,2020,5,2020-05,73,40,65,73,72.7
CPCB_HYD_Sanathnagar,Hyderabad,17.45,78.43,2020,6,2020-06,82,46,76,82,77.7
CPCB_HYD_Sanathnagar,Hyderabad,17.45,78.43,2020,7,2020-07,34,19,32,34,63.0
CPCB_HYD_Sanathnagar,Hyderabad,17.45,78.43,2020,8,2020-08,40,22,36,40,52.0
CPCB_HYD_Sanathnagar,Hyderabad,17.45,78.43,2020,9,2020-09,40,22,36,40,38.0
CPCB_HYD_Sanathnagar,Hyderabad,17.45,78.43,2020,10,2020-10,86,46,76,86,55.3
CPCB_HYD_Sanathnagar,Hyderabad,17.45,78.43,2020,11,2020-11,112,59,97,112,79.3
CPCB_HYD_Sanathnagar,Hyderabad,17.45,78.43,2020,12,2020-12,129,70,116,129,109.0
CPCB_HYD_Sanathnagar,Hyderabad,17.45,78.43,2021,1,2021-01,110,60,99,110,117.0
CPCB_HYD_Sanathnagar,Hyderabad,17.45,78.43,2021,2,2021-02,90,50,82,90,109.7
CPCB_HYD_Sanathnagar,Hyderabad,17.45,78.43,2021,3,2021-03,72,39,64,72,90.7
CPCB_HYD_Sanathnagar,Hyderabad,17.45,78.43,2021,4,2021-04,78,42,70,78,80.0
CPCB_HYD_Sanathnagar,Hyderabad,17.45,78.43,2021,5,2021-05,72,39,64,72,74.0
CPCB_HYD_Sanathnagar,Hyderabad,17.45,78.43,2021,6,2021-06,81,42,69,81,77.0
CPCB_HYD_Sanathnagar,Hyderabad,17.45,78.43,2021,7,2021-07,40,22,37,40,64.3
CPCB_HYD_Sanathnagar,Hyderabad,17.45,78.43,2021,8,2021-08,36,19,31,36,52.3
CPCB_HYD_Sanathnagar,Hyderabad,17.45,78.43,2021,9,2021-09,39,20,33,39,38.3
CPCB_HYD_Sanathnagar,Hyderabad,17.45,78.43,2021,10,2021-10,88,50,83,88,54.3
CPCB_HYD_Sanathnagar,Hyderabad,17.45,78.43,2021,11,2021-11,114,62,101,114,80.3
CPCB_HYD_Sanathnagar,Hyderabad,17.45,78.43,2021,12,2021-12,128,71,116,128,110.0
CPCB_HYD_Sanathnagar,Hyderabad,17.45,78.43,2022,1,2022-01,114,64,105,114,118.7
CPCB_HYD_Sanathnagar,Hyderabad,17.45,78.43,2022,2,2022-02,99,54,89,99,113.7
CPCB_HYD_Sanathnagar,Hyderabad,17.45,78.43,2022,3,2022-03,68,35,58,68,93.7
CPCB_HYD_Sanathnagar,Hyderabad,17.45,78.43,2022,4,2022-04,78,41,67,78,81.7
CPCB_HYD_Sanathnagar,Hyderabad,17.45,78.43,2022,5,2022-05,69,37,62,69,71.7
CPCB_HYD_Sanathnagar,Hyderabad,17.45,78.43,2022,6,2022-06,78,40,66,78,75.0
CPCB_HYD_Sanathnagar,Hyderabad,17.45,78.43,2022,7,2022-07,39,22,36,39,62.0
CPCB_HYD_Sanathnagar,Hyderabad,17.45,78.43,2022,8,2022-08,33,17,29,33,50.0
CPCB_HYD_Sanathnagar,Hyderabad,17.45,78.43,2022,9,2022-09,37,20,33,37,36.3
CPCB_HYD_Sanathnagar,Hyderabad,17.45,78.43,2022,10,2022-10,90,50,83,90,53.3
CPCB_HYD_Sanathnagar,Hyderabad,17.45,78.43,2022,11,2022-11,111,60,98,111,79.3
CPCB_HYD_Sanathnagar,Hyderabad,17.45,78.43,2022,12,2022-12,122,68,111,122,107.7
CPCB_HYD_Sanathnagar,Hyderabad,17.45,78.43,2023,1,2023-01,120,66,109,120,117.7
CPCB_HYD_Sanathnagar,Hyderabad,17.45,78.43,2023,2,2023-02,90,50,82,90,110.7
CPCB_HYD_Sanathnagar,Hyderabad,17.45,78.43,2023,3,2023-03,70,38,62,70,93.3
CPCB_HYD_Sanathnagar,Hyderabad,17.45,78.43,2023,4,2023-04,74,40,66,74,78.0
CPCB_HYD_Sanathnagar,Hyderabad,17.45,78.43,2023,5,2023-05,68,38,63,68,70.7
CPCB_HYD_Sanathnagar,Hyderabad,17.45,78.43,2023,6,2023-06,72,41,68,72,71.3
CPCB_HYD_Sanathnagar,Hyderabad,17.45,78.43,2023,7,2023-07,40,22,36,40,60.0
CPCB_HYD_Sanathnagar,Hyderabad,17.45,78.43,2023,8,2023-08,40,22,36,40,50.7
CPCB_HYD_Sanathnagar,Hyderabad,17.45,78.43,2023,9,2023-09,34,18,29,34,38.0
CPCB_HYD_Sanathnagar,Hyderabad,17.45,78.43,2023,10,2023-10,98,53,87,98,57.3
CPCB_HYD_Sanathnagar,Hyderabad,17.45,78.43,2023,11,2023-11,122,63,104,122,84.7
CPCB_HYD_Sanathnagar,Hyderabad,17.45,78.43,2023,12,2023-12,115,63,103,115,111.7
CPCB_HYD_Sanathnagar,Hyderabad,17.45,78.43,2024,1,2024-01,123,64,106,123,120.0
CPCB_HYD_Sanathnagar,Hyderabad,17.45,78.43,2024,2,2024-02,86,47,77,86,108.0
CPCB_HYD_Sanathnagar,Hyderabad,17.45,78.43,2024,3,2024-03,78,42,69,78,95.7
CPCB_HYD_Sanathnagar,Hyderabad,17.45,78.43,2024,4,2024-04,68,36,59,68,77.3
CPCB_HYD_Sanathnagar,Hyderabad,17.45,78.43,2024,5,2024-05,67,37,62,67,71.0
CPCB_HYD_Sanathnagar,Hyderabad,17.45,78.43,2024,6,2024-06,74,40,66,74,69.7
CPCB_HYD_Sanathnagar,Hyderabad,17.45,78.43,2024,7,2024-07,40,22,37,40,60.3
CPCB_HYD_Sanathnagar,Hyderabad,17.45,78.43,2024,8,2024-08,40,22,36,40,51.3
CPCB_HYD_Sanathnagar,Hyderabad,17.45,78.43,2024,9,2024-09,39,22,36,39,39.7
CPCB_HYD_Sanathnagar,Hyderabad,17.45,78.43,2024,10,2024-10,81,44,72,81,53.3
CPCB_HYD_Sanathnagar,Hyderabad,17.45,78.43,2024,11,2024-11,118,64,106,118,79.3
CPCB_HYD_Sanathnagar,Hyderabad,17.45,78.43,2024,12,2024-12,127,72,118,127,108.7
CPCB_HYD_Sanathnagar,Hyderabad,17.45,78.43,2025,1,2025-01,114,61,100,114,119.7
CPCB_HYD_Sanathnagar,Hyderabad,17.45,78.43,2025,2,2025-02,84,48,78,84,108.3
CPCB_HYD_Sanathnagar,Hyderabad,17.45,78.43,2025,3,2025-03,80,44,73,80,92.7
CPCB_HYD_Sanathnagar,Hyderabad,17.45,78.43,2025,4,2025-04,76,43,71,76,80.0
CPCB_HYD_Sanathnagar,Hyderabad,17.45,78.43,2025,5,2025-05,71,40,65,71,75.7
CPCB_HYD_Sanathnagar,Hyderabad,17.45,78.43,2025,6,2025-06,79,44,72,79,75.3
CPCB_HYD_Sanathnagar,Hyderabad,17.45,78.43,2025,7,2025-07,37,19,31,37,62.3
CPCB_HYD_Sanathnagar,Hyderabad,17.45,78.43,2025,8,2025-08,38,21,35,38,51.3
CPCB_HYD_Sanathnagar,Hyderabad,17.45,78.43,2025,9,2025-09,37,21,34,37,37.3
CPCB_HYD_Sanathnagar,Hyderabad,17.45,78.43,2025,10,2025-10,89,48,79,89,54.7
CPCB_HYD_Sanathnagar,Hyderabad,17.45,78.43,2025,11,2025-11,114,65,107,114,80.0
CPCB_HYD_Sanathnagar,Hyderabad,17.45,78.43,2025,12,2025-12,123,65,107,123,108.7
CPCB_HYD_Sanathnagar,Hyderabad,17.45,78.43,2026,1,2026-01,127,71,117,127,121.3
CPCB_HYD_Sanathnagar,Hyderabad,17.45,78.43,2026,2,2026-02,88,46,76,88,112.7
CPCB_HYD_Sanathnagar,Hyderabad,17.45,78.43,2026,3,2026-03,78,44,73,78,97.7
CPCB_HYD_Sanathnagar,Hyderabad,17.45,78.43,2026,4,2026-04,82,46,75,82,82.7
CPCB_HYD_Sanathnagar,Hyderabad,17.45,78.43,2026,5,2026-05,80,43,71,80,80.0
CPCB_HYD_Sanathnagar,Hyderabad,17.45,78.43,2026,6,2026-06,78,42,70,78,80.0
CPCB_HYD_Sanathnagar,Hyderabad,17.45,78.43,2026,7,2026-07,40,21,34,40,66.0
CPCB_HYD_Sanathnagar,Hyderabad,17.45,78.43,2026,8,2026-08,38,21,35,38,52.0
CPCB_HYD_Sanathnagar,Hyderabad,17.45,78.43,2026,9,2026-09,36,19,31,36,38.0
CPCB_HYD_Sanathnagar,Hyderabad,17.45,78.43,2026,10,2026-10,93,52,85,93,55.7
CPCB_HYD_Sanathnagar,Hyderabad,17.45,78.43,2026,11,2026-11,117,63,104,117,82.0
CPCB_HYD_Sanathnagar,Hyderabad,17.45,78.43,2026,12,2026-12,126,69,114,126,112.0
CPCB_MAA_Alandur,Chennai,13.0,80.2,2017,1,2017-01,105,56,91,105,105.0
CPCB_MAA_Alandur,Chennai,13.0,80.2,2017,2,2017-02,67,37,60,67,67.0
CPCB_MAA_Alandur,Chennai,13.0,80.2,2017,3,2017-03,62,34,55,62,78.0
CPCB_MAA_Alandur,Chennai,13.0,80.2,2017,4,2017-04,54,30,50,54,61.0
CPCB_MAA_Alandur,Chennai,13.0,80.2,2017,5,2017-05,58,31,51,58,58.0
CPCB_MAA_Alandur,Chennai,13.0,80.2,2017,6,2017-06,61,31,52,61,57.7
CPCB_MAA_Alandur,Chennai,13.0,80.2,2017,7,2017-07,27,14,24,27,48.7
CPCB_MAA_Alandur,Chennai,13.0,80.2,2017,8,2017-08,29,15,25,29,39.0
CPCB_MAA_Alandur,Chennai,13.0,80.2,2017,9,2017-09,27,14,23,27,27.7
CPCB_MAA_Alandur,Chennai,13.0,80.2,2017,10,2017-10,66,37,61,66,40.7
CPCB_MAA_Alandur,Chennai,13.0,80.2,2017,11,2017-11,104,57,94,104,65.7
CPCB_MAA_Alandur,Chennai,13.0,80.2,2017,12,2017-12,92,50,82,92,87.3
CPCB_MAA_Alandur,Chennai,13.0,80.2,2018,1,2018-01,94,52,86,94,96.7
CPCB_MAA_Alandur,Chennai,13.0,80.2,2018,2,2018-02,76,39,64,76,87.3
CPCB_MAA_Alandur,Chennai,13.0,80.2,2018,3,2018-03,55,30,49,55,75.0
CPCB_MAA_Alandur,Chennai,13.0,80.2,2018,4,2018-04,56,30,49,56,62.3
CPCB_MAA_Alandur,Chennai,13.0,80.2,2018,5,2018-05,56,32,52,56,55.7
CPCB_MAA_Alandur,Chennai,13.0,80.2,2018,6,2018-06,64,34,57,64,58.7
CPCB_MAA_Alandur,Chennai,13.0,80.2,2018,7,2018-07,31,16,26,31,50.3
CPCB_MAA_Alandur,Chennai,13.0,80.2,2018,8,2018-08,30,16,26,30,41.7
CPCB_MAA_Alandur,Chennai,13.0,80.2,2018,9,2018-09,27,14,23,27,29.3
CPCB_MAA_Alandur,Chennai,13.0,80.2,2018,10,2018-10,72,39,65,72,43.0
CPCB_MAA_Alandur,Chennai,13.0,80.2,2018,11,2018-11,98,56,92,98,65.7
CPCB_MAA_Alandur,Chennai,13.0,80.2,2018,12,2018-12,102,54,89,102,90.7
CPCB_MAA_Alandur,Chennai,13.0,80.2,2019,1,2019-01,90,49,80,90,96.7
CPCB_MAA_Alandur,Chennai,13.0,80.2,2019,2,2019-02,64,34,57,64,85.3
CPCB_MAA_Alandur,Chennai,13.0,80.2,2019,3,2019-03,58,31,52,58,70.7
CPCB_MAA_Alandur,Chennai,13.0,80.2,2019,4,2019-04,57,31,50,57,59.7
CPCB_MAA_Alandur,Chennai,13.0,80.2,2019,5,2019-05,63,32,53,63,59.3
CPCB_MAA_Alandur,Chennai,13.0,80.2,2019,6,2019-06,63,35,57,63,61.0
CPCB_MAA_Alandur,Chennai,13.0,80.2,2019,7,2019-07,32,17,28,32,52.7
CPCB_MAA_Alandur,Chennai,13.0,80.2,2019,8,2019-08,30,16,26,30,41.7
CPCB_MAA_Alandur,Chennai,13.0,80.2,2019,9,2019-09,30,16,26,30,30.7
CPCB_MAA_Alandur,Chennai,13.0,80.2,2019,10,2019-10,69,39,63,69,43.0
CPCB_MAA_Alandur,Chennai,13.0,80.2,2019,11,2019-11,102,55,90,102,67.0
CPCB_MAA_Alandur,Chennai,13.0,80.2,2019,12,2019-12,101,54,89,101,90.7
CPCB_MAA_Alandur,Chennai,13.0,80.2,2020,1,2020-01,94,50,82,94,99.0
CPCB_MAA_Alandur,Chennai,13.0,80.2,2020,2,2020-02,75,39,64,75,90.0
CPCB_MAA_Alandur,Chennai,13.0,80.2,2020,3,2020-03,56,30,50,56,75.0
CPCB_MAA_Alandur,Chennai,13.0,80.2,2020,4,2020-04,65,37,61,65,65.3
CPCB_MAA_Alandur,Chennai,13.0,80.2,2020,5,2020-05,61,34,57,61,60.7
CPCB_MAA_Alandur,Chennai,13.0,80.2,2020,6,2020-06,57,32,52,57,61.0
CPCB_MAA_Alandur,Chennai,13.0,80.2,2020,7,2020-07,27,14,23,27,48.3
CPCB_MAA_Alandur,Chennai,13.0,80.2,2020,8,2020-08,27,14,23,27,37.0
CPCB_MAA_Alandur,Chennai,13.0,80.2,2020,9,2020-09,31,16,27,31,28.3
CPCB_MAA_Alandur,Chennai,13.0,80.2,2020,10,2020-10,71,39,64,71,43.0
CPCB_MAA_Alandur,Chennai,13.0,80.2,2020,11,2020-11,100,56,91,100,67.3
CPCB_MAA_Alandur,Chennai,13.0,80.2,2020,12,2020-12,105,60,98,105,92.0
CPCB_MAA_Alandur,Chennai,13.0,80.2,2021,1,2021-01,102,53,88,102,102.3
CPCB_MAA_Alandur,Chennai,13.0,80.2,2021,2,2021-02,71,38,63,71,92.7
CPCB_MAA_Alandur,Chennai,13.0,80.2,2021,3,2021-03,63,36,58,63,78.7
CPCB_MAA_Alandur,Chennai,13.0,80.2,2021,4,2021-04,61,33,54,61,65.0
CPCB_MAA_Alandur,Chennai,13.0,80.2,2021,5,2021-05,64,33,54,64,62.7
CPCB_MAA_Alandur,Chennai,13.0,80.2,2021,6,2021-06,62,35,58,62,62.3
CPCB_MAA_Alandur,Chennai,13.0,80.2,2021,7,2021-07,29,15,25,29,51.7
CPCB_MAA_Alandur,Chennai,13.0,80.2,2021,8,2021-08,30,17,28,30,40.3
CPCB_MAA_Alandur,Chennai,13.0,80.2,2021,9,2021-09,30,15,25,30,29.7
CPCB_MAA_Alandur,Chennai,13.0,80.2,2021,10,2021-10,73,39,64,73,44.3
CPCB_MAA_Alandur,Chennai,13.0,80.2,2021,11,2021-11,99,55,90,99,67.3
CPCB_MAA_Alandur,Chennai,13.0,80.2,2021,12,2021-12,88,46,76,88,86.7
CPCB_MAA_Alandur,Chennai,13.0,80.2,2022,1,2022-01,97,51,84,97,94.7
CPCB_MAA_Alandur,Chennai,13.0,80.2,2022,2,2022-02,64,35,57,64,83.0
CPCB_MAA_Alandur,Chennai,13.0,80.2,2022,3,2022-03,58,31,52,58,73.0
CPCB_MAA_Alandur,Chennai,13.0,80.2,2022,4,2022-04,56,29,47,56,59.3
CPCB_MAA_Alandur,Chennai,13.0,80.2,2022,5,2022-05,64,33,54,64,59.3
CPCB_MAA_Alandur,Chennai,13.0,80.2,2022,6,2022-06,63,34,56,63,61.0
CPCB_MAA_Alandur,Chennai,13.0,80.2,2022,7,2022-07,29,15,25,29,52.0
CPCB_MAA_Alandur,Chennai,13.0,80.2,2022,8,2022-08,28,15,25,28,40.0
CPCB_MAA_Alandur,Chennai,13.0,80.2,2022,9,2022-09,30,17,28,30,29.0
CPCB_MAA_Alandur,Chennai,13.0,80.2,2022,10,2022-10,66,36,59,66,41.3
CPCB_MAA_Alandur,Chennai,13.0,80.2,2022,11,2022-11,87,48,79,87,61.0
CPCB_MAA_Alandur,Chennai,13.0,80.2,2022,12,2022-12,99,52,86,99,84.0
CPCB_MAA_Alandur,Chennai,13.0,80.2,2023,1,2023-01,97,52,85,97,94.3
CPCB_MAA_Alandur,Chennai,13.0,80.2,2023,2,2023-02,76,41,68,76,90.7
CPCB_MAA_Alandur,Chennai,13.0,80.2,2023,3,2023-03,60,33,54,60,77.7
CPCB_MAA_Alandur,Chennai,13.0,80.2,2023,4,2023-04,61,33,54,61,65.7
CPCB_MAA_Alandur,Chennai,13.0,80.2,2023,5,2023-05,66,35,58,66,62.3
CPCB_MAA_Alandur,Chennai,13.0,80.2,2023,6,2023-06,63,33,55,63,63.3
CPCB_MAA_Alandur,Chennai,13.0,80.2,2023,7,2023-07,32,18,29,32,53.7
CPCB_MAA_Alandur,Chennai,13.0,80.2,2023,8,2023-08,27,14,24,27,40.7
CPCB_MAA_Alandur,Chennai,13.0,80.2,2023,9,2023-09,32,16,27,32,30.3
CPCB_MAA_Alandur,Chennai,13.0,80.2,2023,10,2023-10,66,35,58,66,41.7
CPCB_MAA_Alandur,Chennai,13.0,80.2,2023,11,2023-11,104,56,91,104,67.3
CPCB_MAA_Alandur,Chennai,13.0,80.2,2023,12,2023-12,93,50,82,93,87.7
CPCB_MAA_Alandur,Chennai,13.0,80.2,2024,1,2024-01,88,49,80,88,95.0
CPCB_MAA_Alandur,Chennai,13.0,80.2,2024,2,2024-02,70,37,61,70,83.7
CPCB_MAA_Alandur,Chennai,13.0,80.2,2024,3,2024-03,64,35,58,64,74.0
CPCB_MAA_Alandur,Chennai,13.0,80.2,2024,4,2024-04,60,32,53,60,64.7
CPCB_MAA_Alandur,Chennai,13.0,80.2,2024,5,2024-05,60,34,56,60,61.3
CPCB_MAA_Alandur,Chennai,13.0,80.2,2024,6,2024-06,54,29,47,54,58.0
CPCB_MAA_Alandur,Chennai,13.0,80.2,2024,7,2024-07,32,16,27,32,48.7
CPCB_MAA_Alandur,Chennai,13.0,80.2,2024,8,2024-08,32,17,27,32,39.3
CPCB_MAA_Alandur,Chennai,13.0,80.2,2024,9,2024-09,27,14,23,27,30.3
CPCB_MAA_Alandur,Chennai,13.0,80.2,2024,10,2024-10,66,37,61,66,41.7
CPCB_MAA_Alandur,Chennai,13.0,80.2,2024,11,2024-11,91,52,85,91,61.3
CPCB_MAA_Alandur,Chennai,13.0,80.2,2024,12,2024-12,96,52,86,96,84.3
CPCB_MAA_Alandur,Chennai,13.0,80.2,2025,1,2025-01,93,50,82,93,93.3
CPCB_MAA_Alandur,Chennai,13.0,80.2,2025,2,2025-02,72,38,63,72,87.0
CPCB_MAA_Alandur,Chennai,13.0,80.2,2025,3,2025-03,66,35,58,66,77.0
CPCB_MAA_Alandur,Chennai,13.0,80.2,2025,4,2025-04,63,34,56,63,67.0
CPCB_MAA_Alandur,Chennai,13.0,80.2,2025,5,2025-05,58,33,54,58,62.3
CPCB_MAA_Alandur,Chennai,13.0,80.2,2025,6,2025-06,60,32,52,60,60.3
CPCB_MAA_Alandur,Chennai,13.0,80.2,2025,7,2025-07,32,17,28,32,50.0
CPCB_MAA_Alandur,Chennai,13.0,80.2,2025,8,2025-08,30,16,26,30,40.7
CPCB_MAA_Alandur,Chennai,13.0,80.2,2025,9,2025-09,27,14,24,27,29.7
CPCB_MAA_Alandur,Chennai,13.0,80.2,2025,10,2025-10,78,43,70,78,45.0
CPCB_MAA_Alandur,Chennai,13.0,80.2,2025,11,2025-11,98,52,86,98,67.7
CPCB_MAA_Alandur,Chennai,13.0,80.2,2025,12,2025-12,97,54,89,97,91.0
CPCB_MAA_Alandur,Chennai,13.0,80.2,2026,1,2026-01,101,53,87,101,98.7
CPCB_MAA_Alandur,Chennai,13.0,80.2,2026,2,2026-02,74,42,69,74,90.7
CPCB_MAA_Alandur,Chennai,13.0,80.2,2026,3,2026-03,63,33,54,63,79.3
CPCB_MAA_Alandur,Chennai,13.0,80.2,2026,4,2026-04,55,31,50,55,64.0
CPCB_MAA_Alandur,Chennai,13.0,80.2,2026,5,2026-05,64,36,60,64,60.7
CPCB_MAA_Alandur,Chennai,13.0,80.2,2026,6,2026-06,63,35,58,63,60.7
CPCB_MAA_Alandur,Chennai,13.0,80.2,2026,7,2026-07,29,16,26,29,52.0
CPCB_MAA_Alandur,Chennai,13.0,80.2,2026,8,2026-08,29,16,26,29,40.3
CPCB_MAA_Alandur,Chennai,13.0,80.2,2026,9,2026-09,29,16,26,29,29.0
CPCB_MAA_Alandur,Chennai,13.0,80.2,2026,10,2026-10,70,36,60,70,42.7
CPCB_MAA_Alandur,Chennai,13.0,80.2,2026,11,2026-11,95,49,81,95,64.7
CPCB_MAA_Alandur,Chennai,13.0,80.2,2026,12,2026-12,101,57,94,101,88.7
CPCB_MAA_Manali,Chennai,13.16,80.26,2017,1,2017-01,127,72,118,127,127.0
CPCB_MAA_Manali,Chennai,13.16,80.26,2017,2,2017-02,95,50,82,95,95.0
CPCB_MAA_Manali,Chennai,13.16,80.26,2017,3,2017-03,78,44,72,78,100.0
CPCB_MAA_Manali,Chennai,13.16,80.26,2017,4,2017-04,67,37,62,67,80.0
CPCB_MAA_Manali,Chennai,13.16,80.26,2017,5,2017-05,68,36,59,68,71.0
CPCB_MAA_Manali,Chennai,13.16,80.26,2017,6,2017-06,78,43,71,78,71.0
CPCB_MAA_Manali,Chennai,13.16,80.26,2017,7,2017-07,39,22,36,39,61.7
CPCB_MAA_Manali,Chennai,13.16,80.26,2017,8,2017-08,41,23,37,41,52.7
CPCB_MAA_Manali,Chennai,13.16,80.26,2017,9,2017-09,34,18,30,34,38.0
CPCB_MAA_Manali,Chennai,13.16,80.26,2017,10,2017-10,94,52,85,94,56.3
CPCB_MAA_Manali,Chennai,13.16,80.26,2017,11,2017-11,111,59,97,111,79.7
CPCB_MAA_Manali,Chennai,13.16,80.26,2017,12,2017-12,127,73,120,127,110.7
CPCB_MAA_Manali,Chennai,13.16,80.26,2018,1,2018-01,123,67,110,123,120.3
CPCB_MAA_Manali,Chennai,13.16,80.26,2018,2,2018-02,90,47,77,90,113.3
CPCB_MAA_Manali,Chennai,13.16,80.26,2018,3,2018-03,80,45,74,80,97.7
CPCB_MAA_Manali,Chennai,13.16,80.26,2018,4,2018-04,81,46,75,81,83.7
CPCB_MAA_Manali,Chennai,13.16,80.26,2018,5,2018-05,81,43,71,81,80.7
CPCB_MAA_Manali,Chennai,13.16,80.26,2018,6,2018-06,76,40,66,76,79.3
CPCB_MAA_Manali,Chennai,13.16,80.26,2018,7,2018-07,37,21,34,37,64.7
CPCB_MAA_Manali,Chennai,13.16,80.26,2018,8,2018-08,37,20,33,37,50.0
CPCB_MAA_Manali,Chennai,13.16,80.26,2018,9,2018-09,33,19,31,33,35.7
CPCB_MAA_Manali,Chennai,13.16,80.26,2018,10,2018-10,81,45,74,81,50.3
CPCB_MAA_Manali,Chennai,13.16,80.26,2018,11,2018-11,108,59,97,108,74.0
CPCB_MAA_Manali,Chennai,13.16,80.26,2018,12,2018-12,127,69,113,127,105.3
CPCB_MAA_Manali,Chennai,13.16,80.26,2019,1,2019-01,122,63,104,122,119.0
CPCB_MAA_Manali,Chennai,13.16,80.26,2019,2,2019-02,98,52,85,98,115.7
CPCB_MAA_Manali,Chennai,13.16,80.26,2019,3,2019-03,67,37,60,67,95.7
CPCB_MAA_Manali,Chennai,13.16,80.26,2019,4,2019-04,78,42,70,78,81.0
CPCB_MAA_Manali,Chennai,13.16,80.26,2019,5,2019-05,74,41,67,74,73.0
CPCB_MAA_Manali,Chennai,13.16,80.26,2019,6,2019-06,69,37,61,69,73.7
CPCB_MAA_Manali,Chennai,13.16,80.26,2019,7,2019-07,39,21,35,39,60.7
CPCB_MAA_Manali,Chennai,13.16,80.26,2019,8,2019-08,38,21,35,38,48.7
CPCB_MAA_Manali,Chennai,13.16,80.26,2019,9,2019-09,41,23,38,41,39.3
CPCB_MAA_Manali,Chennai,13.16,80.26,2019,10,2019-10,95,53,87,95,58.0
CPCB_MAA_Manali,Chennai,13.16,80.26,2019,11,2019-11,130,72,119,130,88.7
CPCB_MAA_Manali,Chennai,13.16,80.26,2019,12,2019-12,108,57,93,108,111.0
CPCB_MAA_Manali,Chennai,13.16,80.26,2020,1,2020-01,117,64,106,117,118.3
CPCB_MAA_Manali,Chennai,13.16,80.26,2020,2,2020-02,83,47,76,83,102.7
CPCB_MAA_Manali,Chennai,13.16,80.26,2020,3,2020-03,69,38,62,69,89.7
CPCB_MAA_Manali,Chennai,13.16,80.26,2020,4,2020-04,72,38,62,72,74.7
CPCB_MAA_Manali,Chennai,13.16,80.26,2020,5,2020-05,81,44,73,81,74.0
CPCB_MAA_Manali,Chennai,13.16,80.26,2020,6,2020-06,77,42,69,77,76.7
CPCB_MAA_Manali,Chennai,13.16,80.26,2020,7,2020-07,35,20,33,35,64.3
CPCB_MAA_Manali,Chennai,13.16,80.26,2020,8,2020-08,38,21,34,38,50.0
CPCB_MAA_Manali,Chennai,13.16,80.26,2020,9,2020-09,39,21,34,39,37.3
CPCB_MAA_Manali,Chennai,13.16,80.26,2020,10,2020-10,90,48,79,90,55.7
CPCB_MAA_Manali,Chennai,13.16,80.26,2020,11,2020-11,120,68,112,120,83.0
CPCB_MAA_Manali,Chennai,13.16,80.26,2020,12,2020-12,110,61,99,110,106.7
CPCB_MAA_Manali,Chennai,13.16,80.26,2021,1,2021-01,109,59,98,109,113.0
CPCB_MAA_Manali,Chennai,13.16,80.26,2021,2,2021-02,89,47,78,89,102.7
CPCB_MAA_Manali,Chennai,13.16,80.26,2021,3,2021-03,73,40,65,73,90.3
CPCB_MAA_Manali,Chennai,13.16,80.26,2021,4,2021-04,67,38,63,67,76.3
CPCB_MAA_Manali,Chennai,13.16,80.26,2021,5,2021-05,72,39,64,72,70.7
CPCB_MAA_Manali,Chennai,13.16,80.26,2021,6,2021-06,73,40,65,73,70.7
CPCB_MAA_Manali,Chennai,13.16,80.26,2021,7,2021-07,41,23,38,41,62.0
CPCB_MAA_Manali,Chennai,13.16,80.26,2021,8,2021-08,39,22,36,39,51.0
CPCB_MAA_Manali,Chennai,13.16,80.26,2021,9,2021-09,36,20,33,36,38.7
CPCB_MAA_Manali,Chennai,13.16,80.26,2021,10,2021-10,90,48,79,90,55.0
CPCB_MAA_Manali,Chennai,13.16,80.26,2021,11,2021-11,130,72,118,130,85.3
CPCB_MAA_Manali,Chennai,13.16,80.26,2021,12,2021-12,120,65,106,120,113.3
CPCB_MAA_Manali,Chennai,13.16,80.26,2022,1,2022-01,109,59,98,109,119.7
CPCB_MAA_Manali,Chennai,13.16,80.26,2022,2,2022-02,95,53,88,95,108.0
CPCB_MAA_Manali,Chennai,13.16,80.26,2022,3,2022-03,78,41,68,78,94.0
CPCB_MAA_Manali,Chennai,13.16,80.26,2022,4,2022-04,81,44,72,81,84.7
CPCB_MAA_Manali,Chennai,13.16,80.26,2022,5,2022-05,74,39,64,74,77.7
CPCB_MAA_Manali,Chennai,13.16,80.26,2022,6,2022-06,78,42,70,78,77.7
CPCB_MAA_Manali,Chennai,13.16,80.26,2022,7,2022-07,35,19,31,35,62.3
CPCB_MAA_Manali,Chennai,13.16,80.26,2022,8,2022-08,35,19,32,35,49.3
CPCB_MAA_Manali,Chennai,13.16,80.26,2022,9,2022-09,38,21,34,38,36.0
CPCB_MAA_Manali,Chennai,13.16,80.26,2022,10,2022-10,90,51,85,90,54.3
CPCB_MAA_Manali,Chennai,13.16,80.26,2022,11,2022-11,132,74,122,132,86.7
CPCB_MAA_Manali,Chennai,13.16,80.26,2022,12,2022-12,130,70,115,130,117.3
CPCB_MAA_Manali,Chennai,13.16,80.26,2023,1,2023-01,117,64,106,117,126.3
CPCB_MAA_Manali,Chennai,13.16,80.26,2023,2,2023-02,86,45,74,86,111.0
CPCB_MAA_Manali,Chennai,13.16,80.26,2023,3,2023-03,76,40,65,76,93.0
CPCB_MAA_Manali,Chennai,13.16,80.26,2023,4,2023-04,75,42,68,75,79.0
CPCB_MAA_Manali,Chennai,13.16,80.26,2023,5,2023-05,71,40,66,71,74.0
CPCB_MAA_Manali,Chennai,13.16,80.26,2023,6,2023-06,71,40,66,71,72.3
CPCB_MAA_Manali,Chennai,13.16,80.26,2023,7,2023-07,34,19,31,34,58.7
CPCB_MAA_Manali,Chennai,13.16,80.26,2023,8,2023-08,36,18,30,36,47.0
CPCB_MAA_Manali,Chennai,13.16,80.26,2023,9,2023-09,38,20,32,38,36.0
CPCB_MAA_Manali,Chennai,13.16,80.26,2023,10,2023-10,83,47,76,83,52.3
CPCB_MAA_Manali,Chennai,13.16,80.26,2023,11,2023-11,127,70,115,127,82.7
CPCB_MAA_Manali,Chennai,13.16,80.26,2023,12,2023-12,120,68,112,120,110.0
CPCB_MAA_Manali,Chennai,13.16,80.26,2024,1,2024-01,118,64,105,118,121.7
CPCB_MAA_Manali,Chennai,13.16,80.26,2024,2,2024-02,95,53,87,95,111.0
CPCB_MAA_Manali,Chennai,13.16,80.26,2024,3,2024-03,67,35,57,67,93.3
CPCB_MAA_Manali,Chennai,13.16,80.26,2024,4,2024-04,82,47,77,82,81.3
CPCB_MAA_Manali,Chennai,13.16,80.26,2024,5,2024-05,78,44,73,78,75.7
CPCB_MAA_Manali,Chennai,13.16,80.26,2024,6,2024-06,81,42,69,81,80.3
CPCB_MAA_Manali,Chennai,13.16,80.26,2024,7,2024-07,35,19,31,35,64.7
CPCB_MAA_Manali,Chennai,13.16,80.26,2024,8,2024-08,40,22,37,40,52.0
CPCB_MAA_Manali,Chennai,13.16,80.26,2024,9,2024-09,39,20,33,39,38.0
CPCB_MAA_Manali,Chennai,13.16,80.26,2024,10,2024-10,94,49,80,94,57.7
CPCB_MAA_Manali,Chennai,13.16,80.26,2024,11,2024-11,128,73,119,128,87.0
CPCB_MAA_Manali,Chennai,13.16,80.26,2024,12,2024-12,116,66,109,116,112.7
CPCB_MAA_Manali,Chennai,13.16,80.26,2025,1,2025-01,111,58,95,111,118.3
CPCB_MAA_Manali,Chennai,13.16,80.26,2025,2,2025-02,99,53,87,99,108.7
CPCB_MAA_Manali,Chennai,13.16,80.26,2025,3,2025-03,70,37,61,70,93.3
CPCB_MAA_Manali,Chennai,13.16,80.26,2025,4,2025-04,79,42,69,79,82.7
CPCB_MAA_Manali,Chennai,13.16,80.26,2025,5,2025-05,82,44,73,82,77.0
CPCB_MAA_Manali,Chennai,13.16,80.26,2025,6,2025-06,68,38,63,68,76.3
CPCB_MAA_Manali,Chennai,13.16,80.26,2025,7,2025-07,34,19,31,34,61.3
CPCB_MAA_Manali,Chennai,13.16,80.26,2025,8,2025-08,35,18,30,35,45.7
CPCB_MAA_Manali,Chennai,13.16,80.26,2025,9,2025-09,37,20,33,37,35.3
CPCB_MAA_Manali,Chennai,13.16,80.26,2025,10,2025-10,95,54,88,95,55.7
CPCB_MAA_Manali,Chennai,13.16,80.26,2025,11,2025-11,126,66,108,126,86.0
CPCB_MAA_Manali,Chennai,13.16,80.26,2025,12,2025-12,132,69,114,132,117.7
CPCB_MAA_Manali,Chennai,13.16,80.26,2026,1,2026-01,123,66,109,123,127.0
CPCB_MAA_Manali,Chennai,13.16,80.26,2026,2,2026-02,87,45,75,87,114.0
CPCB_MAA_Manali,Chennai,13.16,80.26,2026,3,2026-03,82,46,76,82,97.3
CPCB_MAA_Manali,Chennai,13.16,80.26,2026,4,2026-04,75,39,64,75,81.3
CPCB_MAA_Manali,Chennai,13.16,80.26,2026,5,2026-05,80,45,74,80,79.0
CPCB_MAA_Manali,Chennai,13.16,80.26,2026,6,2026-06,76,41,67,76,77.0
CPCB_MAA_Manali,Chennai,13.16,80.26,2026,7,2026-07,39,21,35,39,65.0
CPCB_MAA_Manali,Chennai,13.16,80.26,2026,8,2026-08,40,23,37,40,51.7
CPCB_MAA_Manali,Chennai,13.16,80.26,2026,9,2026-09,36,19,32,36,38.3
CPCB_MAA_Manali,Chennai,13.16,80.26,2026,10,2026-10,89,49,80,89,55.0
CPCB_MAA_Manali,Chennai,13.16,80.26,2026,11,2026-11,116,66,108,116,80.3
CPCB_MAA_Manali,Chennai,13.16,80.26,2026,12,2026-12,110,60,99,110,105.0
CPCB_MUM_Bandra,Mumbai,19.055,72.83,2017,1,2017-01,133,75,123,133,133.0
CPCB_MUM_Bandra,Mumbai,19.055,72.83,2017,2,2017-02,109,58,95,109,109.0
CPCB_MUM_Bandra,Mumbai,19.055,72.83,2017,3,2017-03,90,51,85,90,110.7
CPCB_MUM_Bandra,Mumbai,19.055,72.83,2017,4,2017-04,97,51,83,97,98.7
CPCB_MUM_Bandra,Mumbai,19.055,72.83,2017,5,2017-05,98,53,87,98,95.0
CPCB_MUM_Bandra,Mumbai,19.055,72.83,2017,6,2017-06,90,47,77,90,95.0
CPCB_MUM_Bandra,Mumbai,19.055,72.83,2017,7,2017-07,45,25,41,45,77.7
CPCB_MUM_Bandra,Mumbai,19.055,72.83,2017,8,2017-08,41,21,35,41,58.7
CPCB_MUM_Bandra,Mumbai,19.055,72.83,2017,9,2017-09,40,22,37,40,42.0
CPCB_MUM_Bandra,Mumbai,19.055,72.83,2017,10,2017-10,102,54,89,102,61.0
CPCB_MUM_Bandra,Mumbai,19.055,72.83,2017,11,2017-11,145,78,127,145,95.7
CPCB_MUM_Bandra,Mumbai,19.055,72.83,2017,12,2017-12,158,91,149,158,135.0
CPCB_MUM_Bandra,Mumbai,19.055,72.83,2018,1,2018-01,141,75,123,141,148.0
CPCB_MUM_Bandra,Mumbai,19.055,72.83,2018,2,2018-02,109,61,101,109,136.0
CPCB_MUM_Bandra,Mumbai,19.055,72.83,2018,3,2018-03,90,48,79,90,113.3
CPCB_MUM_Bandra,Mumbai,19.055,72.83,2018,4,2018-04,90,48,79,90,96.3
CPCB_MUM_Bandra,Mumbai,19.055,72.83,2018,5,2018-05,87,46,76,87,89.0
CPCB_MUM_Bandra,Mumbai,19.055,72.83,2018,6,2018-06,91,48,79,91,89.3
CPCB_MUM_Bandra,Mumbai,19.055,72.83,2018,7,2018-07,48,26,43,48,75.3
CPCB_MUM_Bandra,Mumbai,19.055,72.83,2018,8,2018-08,45,25,41,45,61.3
CPCB_MUM_Bandra,Mumbai,19.055,72.83,2018,9,2018-09,43,23,38,43,45.3
CPCB_MUM_Bandra,Mumbai,19.055,72.83,2018,10,2018-10,115,64,105,115,67.7
CPCB_MUM_Bandra,Mumbai,19.055,72.83,2018,11,2018-11,133,74,122,133,97.0
CPCB_MUM_Bandra,Mumbai,19.055,72.83,2018,12,2018-12,158,86,142,158,135.3
CPCB_MUM_Bandra,Mumbai,19.055,72.83,2019,1,2019-01,148,81,133,148,146.3
CPCB_MUM_Bandra,Mumbai,19.055,72.83,2019,2,2019-02,99,53,87,99,135.0
CPCB_MUM_Bandra,Mumbai,19.055,72.83,2019,3,2019-03,86,49,80,86,111.0
CPCB_MUM_Bandra,Mumbai,19.055,72.83,2019,4,2019-04,85,48,79,85,90.0
CPCB_MUM_Bandra,Mumbai,19.055,72.83,2019,5,2019-05,92,49,80,92,87.7
CPCB_MUM_Bandra,Mumbai,19.055,72.83,2019,6,2019-06,96,50,82,96,91.0
CPCB_MUM_Bandra,Mumbai,19.055,72.83,2019,7,2019-07,44,25,41,44,77.3
CPCB_MUM_Bandra,Mumbai,19.055,72.83,2019,8,2019-08,45,24,40,45,61.7
CPCB_MUM_Bandra,Mumbai,19.055,72.83,2019,9,2019-09,46,26,43,46,45.0
CPCB_MUM_Bandra,Mumbai,19.055,72.83,2019,10,2019-10,116,66,109,116,69.0
CPCB_MUM_Bandra,Mumbai,19.055,72.83,2019,11,2019-11,158,86,140,158,106.7
CPCB_MUM_Bandra,Mumbai,19.055,72.83,2019,12,2019-12,151,86,141,151,141.7
CPCB_MUM_Bandra,Mumbai,19.055,72.83,2020,1,2020-01,158,89,146,158,155.7
CPCB_MUM_Bandra,Mumbai,19.055,72.83,2020,2,2020-02,117,64,105,117,142.0
CPCB_MUM_Bandra,Mumbai,19.055,72.83,2020,3,2020-03,94,51,84,94,123.0
CPCB_MUM_Bandra,Mumbai,19.055,72.83,2020,4,2020-04,85,45,74,85,98.7
CPCB_MUM_Bandra,Mumbai,19.055,72.83,2020,5,2020-05,97,51,84,97,92.0
CPCB_MUM_Bandra,Mumbai,19.055,72.83,2020,6,2020-06,96,55,90,96,92.7
CPCB_MUM_Bandra,Mumbai,19.055,72.83,2020,7,2020-07,41,21,35,41,78.0
CPCB_MUM_Bandra,Mumbai,19.055,72.83,2020,8,2020-08,44,24,40,44,60.3
CPCB_MUM_Bandra,Mumbai,19.055,72.83,2020,9,2020-09,45,25,41,45,43.3
CPCB_MUM_Bandra,Mumbai,19.055,72.83,2020,10,2020-10,102,58,95,102,63.7
CPCB_MUM_Bandra,Mumbai,19.055,72.83,2020,11,2020-11,135,76,125,135,94.0
CPCB_MUM_Bandra,Mumbai,19.055,72.83,2020,12,2020-12,138,78,129,138,125.0
CPCB_MUM_Bandra,Mumbai,19.055,72.83,2021,1,2021-01,156,87,143,156,143.0
CPCB_MUM_Bandra,Mumbai,19.055,72.83,2021,2,2021-02,114,62,102,114,136.0
CPCB_MUM_Bandra,Mumbai,19.055,72.83,2021,3,2021-03,94,53,87,94,121.3
CPCB_MUM_Bandra,Mumbai,19.055,72.83,2021,4,2021-04,89,51,84,89,99.0
CPCB_MUM_Bandra,Mumbai,19.055,72.83,2021,5,2021-05,96,55,90,96,93.0
CPCB_MUM_Bandra,Mumbai,19.055,72.83,2021,6,2021-06,87,50,82,87,90.7
CPCB_MUM_Bandra,Mumbai,19.055,72.83,2021,7,2021-07,43,22,37,43,75.3
CPCB_MUM_Bandra,Mumbai,19.055,72.83,2021,8,2021-08,41,23,38,41,57.0
CPCB_MUM_Bandra,Mumbai,19.055,72.83,2021,9,2021-09,42,22,36,42,42.0
CPCB_MUM_Bandra,Mumbai,19.055,72.83,2021,10,2021-10,106,55,90,106,63.0
CPCB_MUM_Bandra,Mumbai,19.055,72.83,2021,11,2021-11,151,83,135,151,99.7
CPCB_MUM_Bandra,Mumbai,19.055,72.83,2021,12,2021-12,131,75,123,131,129.3
CPCB_MUM_Bandra,Mumbai,19.055,72.83,2022,1,2022-01,141,80,131,141,141.0
CPCB_MUM_Bandra,Mumbai,19.055,72.83,2022,2,2022-02,111,61,99,111,127.7
CPCB_MUM_Bandra,Mumbai,19.055,72.83,2022,3,2022-03,83,43,71,83,111.7
CPCB_MUM_Bandra,Mumbai,19.055,72.83,2022,4,2022-04,94,50,82,94,96.0
CPCB_MUM_Bandra,Mumbai,19.055,72.83,2022,5,2022-05,81,44,72,81,86.0
CPCB_MUM_Bandra,Mumbai,19.055,72.83,2022,6,2022-06,95,50,82,95,90.0
CPCB_MUM_Bandra,Mumbai,19.055,72.83,2022,7,2022-07,40,21,35,40,72.0
CPCB_MUM_Bandra,Mumbai,19.055,72.83,2022,8,2022-08,46,24,40,46,60.3
CPCB_MUM_Bandra,Mumbai,19.055,72.83,2022,9,2022-09,40,22,36,40,42.0
CPCB_MUM_Bandra,Mumbai,19.055,72.83,2022,10,2022-10,112,59,96,112,66.0
CPCB_MUM_Bandra,Mumbai,19.055,72.83,2022,11,2022-11,152,79,129,152,101.3
CPCB_MUM_Bandra,Mumbai,19.055,72.83,2022,12,2022-12,136,77,126,136,133.3
CPCB_MUM_Bandra,Mumbai,19.055,72.83,2023,1,2023-01,145,77,126,145,144.3
CPCB_MUM_Bandra,Mumbai,19.055,72.83,2023,2,2023-02,104,56,92,104,128.3
CPCB_MUM_Bandra,Mumbai,19.055,72.83,2023,3,2023-03,86,47,78,86,111.7
CPCB_MUM_Bandra,Mumbai,19.055,72.83,2023,4,2023-04,81,45,75,81,90.3
CPCB_MUM_Bandra,Mumbai,19.055,72.83,2023,5,2023-05,98,51,83,98,88.3
CPCB_MUM_Bandra,Mumbai,19.055,72.83,2023,6,2023-06,81,43,70,81,86.7
CPCB_MUM_Bandra,Mumbai,19.055,72.83,2023,7,2023-07,40,21,35,40,73.0
CPCB_MUM_Bandra,Mumbai,19.055,72.83,2023,8,2023-08,47,24,40,47,56.0
CPCB_MUM_Bandra,Mumbai,19.055,72.83,2023,9,2023-09,43,22,37,43,43.3
CPCB_MUM_Bandra,Mumbai,19.055,72.83,2023,10,2023-10,112,59,97,112,67.3
CPCB_MUM_Bandra,Mumbai,19.055,72.83,2023,11,2023-11,146,78,128,146,100.3
CPCB_MUM_Bandra,Mumbai,19.055,72.83,2023,12,2023-12,136,74,122,136,131.3
CPCB_MUM_Bandra,Mumbai,19.055,72.83,2024,1,2024-01,149,80,131,149,143.7
CPCB_MUM_Bandra,Mumbai,19.055,72.83,2024,2,2024-02,118,66,108,118,134.3
CPCB_MUM_Bandra,Mumbai,19.055,72.83,2024,3,2024-03,98,56,92,98,121.7
CPCB_MUM_Bandra,Mumbai,19.055,72.83,2024,4,2024-04,84,44,72,84,100.0
CPCB_MUM_Bandra,Mumbai,19.055,72.83,2024,5,2024-05,90,50,82,90,90.7
CPCB_MUM_Bandra,Mumbai,19.055,72.83,2024,6,2024-06,82,46,76,82,85.3
CPCB_MUM_Bandra,Mumbai,19.055,72.83,2024,7,2024-07,43,24,39,43,71.7
CPCB_MUM_Bandra,Mumbai,19.055,72.83,2024,8,2024-08,48,27,45,48,57.7
CPCB_MUM_Bandra,Mumbai,19.055,72.83,2024,9,2024-09,45,24,39,45,45.3
CPCB_MUM_Bandra,Mumbai,19.055,72.83,2024,10,2024-10,101,57,94,101,64.7
CPCB_MUM_Bandra,Mumbai,19.055,72.83,2024,11,2024-11,138,74,121,138,94.7
CPCB_MUM_Bandra,Mumbai,19.055,72.83,2024,12,2024-12,141,78,128,141,126.7
CPCB_MUM_Bandra,Mumbai,19.055,72.83,2025,1,2025-01,139,78,128,139,139.3
CPCB_MUM_Bandra,Mumbai,19.055,72.83,2025,2,2025-02,109,57,94,109,129.7
CPCB_MUM_Bandra,Mumbai,19.055,72.83,2025,3,2025-03,90,49,81,90,112.7
CPCB_MUM_Bandra,Mumbai,19.055,72.83,2025,4,2025-04,98,56,92,98,99.0
CPCB_MUM_Bandra,Mumbai,19.055,72.83,2025,5,2025-05,90,48,78,90,92.7
CPCB_MUM_Bandra,Mumbai,19.055,72.83,2025,6,2025-06,96,52,85,96,94.7
CPCB_MUM_Bandra,Mumbai,19.055,72.83,2025,7,2025-07,49,28,46,49,78.3
CPCB_MUM_Bandra,Mumbai,19.055,72.83,2025,8,2025-08,48,27,44,48,64.3
CPCB_MUM_Bandra,Mumbai,19.055,72.83,2025,9,2025-09,41,21,35,41,46.0
CPCB_MUM_Bandra,Mumbai,19.055,72.83,2025,10,2025-10,108,57,94,108,65.7
CPCB_MUM_Bandra,Mumbai,19.055,72.83,2025,11,2025-11,132,73,119,132,93.7
CPCB_MUM_Bandra,Mumbai,19.055,72.83,2025,12,2025-12,141,77,126,141,127.0
CPCB_MUM_Bandra,Mumbai,19.055,72.83,2026,1,2026-01,142,75,123,142,138.3
CPCB_MUM_Bandra,Mumbai,19.055,72.83,2026,2,2026-02,101,54,89,101,128.0
CPCB_MUM_Bandra,Mumbai,19.055,72.83,2026,3,2026-03,88,50,83,88,110.3
CPCB_MUM_Bandra,Mumbai,19.055,72.83,2026,4,2026-04,82,46,76,82,90.3
CPCB_MUM_Bandra,Mumbai,19.055,72.83,2026,5,2026-05,89,49,81,89,86.3
CPCB_MUM_Bandra,Mumbai,19.055,72.83,2026,6,2026-06,84,46,75,84,85.0
CPCB_MUM_Bandra,Mumbai,19.055,72.83,2026,7,2026-07,40,22,36,40,71.0
CPCB_MUM_Bandra,Mumbai,19.055,72.83,2026,8,2026-08,45,25,42,45,56.3
CPCB_MUM_Bandra,Mumbai,19.055,72.83,2026,9,2026-09,46,24,40,46,43.7
CPCB_MUM_Bandra,Mumbai,19.055,72.83,2026,10,2026-10,117,61,100,117,69.3
CPCB_MUM_Bandra,Mumbai,19.055,72.83,2026,11,2026-11,131,72,117,131,98.0
CPCB_MUM_Bandra,Mumbai,19.055,72.83,2026,12,2026-12,148,81,133,148,132.0
CPCB_MUM_Kurla,Mumbai,19.06,72.88,2017,1,2017-01,141,77,126,141,141.0
CPCB_MUM_Kurla,Mumbai,19.06,72.88,2017,2,2017-02,119,64,106,119,119.0
CPCB_MUM_Kurla,Mumbai,19.06,72.88,2017,3,2017-03,88,46,76,88,116.0
CPCB_MUM_Kurla,Mumbai,19.06,72.88,2017,4,2017-04,90,47,76,90,99.0
CPCB_MUM_Kurla,Mumbai,19.06,72.88,2017,5,2017-05,104,54,89,104,94.0
CPCB_MUM_Kurla,Mumbai,19.06,72.88,2017,6,2017-06,95,53,87,95,96.3
CPCB_MUM_Kurla,Mumbai,19.06,72.88,2017,7,2017-07,51,29,47,51,83.3
CPCB_MUM_Kurla,Mumbai,19.06,72.88,2017,8,2017-08,43,23,38,43,63.0
CPCB_MUM_Kurla,Mumbai,19.06,72.88,2017,9,2017-09,43,24,39,43,45.7
CPCB_MUM_Kurla,Mumbai,19.06,72.88,2017,10,2017-10,115,61,101,115,67.0
CPCB_MUM_Kurla,Mumbai,19.06,72.88,2017,11,2017-11,147,79,129,147,101.7
CPCB_MUM_Kurla,Mumbai,19.06,72.88,2017,12,2017-12,155,88,145,155,139.0
CPCB_MUM_Kurla,Mumbai,19.06,72.88,2018,1,2018-01,161,92,150,161,154.3
CPCB_MUM_Kurla,Mumbai,19.06,72.88,2018,2,2018-02,118,62,103,118,144.7
CPCB_MUM_Kurla,Mumbai,19.06,72.88,2018,3,2018-03,97,54,89,97,125.3
CPCB_MUM_Kurla,Mumbai,19.06,72.88,2018,4,2018-04,102,56,92,102,105.7
CPCB_MUM_Kurla,Mumbai,19.06,72.88,2018,5,2018-05,86,49,80,86,95.0
CPCB_MUM_Kurla,Mumbai,19.06,72.88,2018,6,2018-06,98,53,87,98,95.3
CPCB_MUM_Kurla,Mumbai,19.06,72.88,2018,7,2018-07,46,24,39,46,76.7
CPCB_MUM_Kurla,Mumbai,19.06,72.88,2018,8,2018-08,45,23,38,45,63.0
CPCB_MUM_Kurla,Mumbai,19.06,72.88,2018,9,2018-09,52,28,46,52,47.7
CPCB_MUM_Kurla,Mumbai,19.06,72.88,2018,10,2018-10,119,62,102,119,72.0
CPCB_MUM_Kurla,Mumbai,19.06,72.88,2018,11,2018-11,164,92,152,164,111.7
CPCB_MUM_Kurla,Mumbai,19.06,72.88,2018,12,2018-12,145,82,134,145,142.7
CPCB_MUM_Kurla,Mumbai,19.06,72.88,2019,1,2019-01,141,80,131,141,150.0
CPCB_MUM_Kurla,Mumbai,19.06,72.88,2019,2,2019-02,103,53,88,103,129.7
CPCB_MUM_Kurla,Mumbai,19.06,72.88,2019,3,2019-03,88,46,76,88,110.7
CPCB_MUM_Kurla,Mumbai,19.06,72.88,2019,4,2019-04,91,52,85,91,94.0
CPCB_MUM_Kurla,Mumbai,19.06,72.88,2019,5,2019-05,94,49,80,94,91.0
CPCB_MUM_Kurla,Mumbai,19.06,72.88,2019,6,2019-06,92,52,86,92,92.3
CPCB_MUM_Kurla,Mumbai,19.06,72.88,2019,7,2019-07,44,23,38,44,76.7
CPCB_MUM_Kurla,Mumbai,19.06,72.88,2019,8,2019-08,47,25,41,47,61.0
CPCB_MUM_Kurla,Mumbai,19.06,72.88,2019,9,2019-09,46,25,40,46,45.7
CPCB_MUM_Kurla,Mumbai,19.06,72.88,2019,10,2019-10,118,66,108,118,70.3
CPCB_MUM_Kurla,Mumbai,19.06,72.88,2019,11,2019-11,152,85,139,152,105.3
CPCB_MUM_Kurla,Mumbai,19.06,72.88,2019,12,2019-12,148,85,139,148,139.3
CPCB_MUM_Kurla,Mumbai,19.06,72.88,2020,1,2020-01,159,90,148,159,153.0
CPCB_MUM_Kurla,Mumbai,19.06,72.88,2020,2,2020-02,124,71,117,124,143.7
CPCB_MUM_Kurla,Mumbai,19.06,72.88,2020,3,2020-03,102,57,93,102,128.3
CPCB_MUM_Kurla,Mumbai,19.06,72.88,2020,4,2020-04,100,53,88,100,108.7
CPCB_MUM_Kurla,Mumbai,19.06,72.88,2020,5,2020-05,101,56,92,101,101.0
CPCB_MUM_Kurla,Mumbai,19.06,72.88,2020,6,2020-06,96,52,85,96,99.0
CPCB_MUM_Kurla,Mumbai,19.06,72.88,2020,7,2020-07,47,25,42,47,81.3
CPCB_MUM_Kurla,Mumbai,19.06,72.88,2020,8,2020-08,50,26,42,50,64.3
CPCB_MUM_Kurla,Mumbai,19.06,72.88,2020,9,2020-09,46,26,43,46,47.7
CPCB_MUM_Kurla,Mumbai,19.06,72.88,2020,10,2020-10,117,65,107,117,71.0
CPCB_MUM_Kurla,Mumbai,19.06,72.88,2020,11,2020-11,152,86,142,152,105.0
CPCB_MUM_Kurla,Mumbai,19.06,72.88,2020,12,2020-12,138,77,126,138,135.7
CPCB_MUM_Kurla,Mumbai,19.06,72.88,2021,1,2021-01,159,89,145,159,149.7
CPCB_MUM_Kurla,Mumbai,19.06,72.88,2021,2,2021-02,104,60,98,104,133.7
CPCB_MUM_Kurla,Mumbai,19.06,72.88,2021,3,2021-03,91,47,77,91,118.0
CPCB_MUM_Kurla,Mumbai,19.06,72.88,2021,4,2021-04,95,53,87,95,96.7
CPCB_MUM_Kurla,Mumbai,19.06,72.88,2021,5,2021-05,104,55,90,104,96.7
CPCB_MUM_Kurla,Mumbai,19.06,72.88,2021,6,2021-06,85,48,78,85,94.7
CPCB_MUM_Kurla,Mumbai,19.06,72.88,2021,7,2021-07,51,26,44,51,80.0
CPCB_MUM_Kurla,Mumbai,19.06,72.88,2021,8,2021-08,52,28,45,52,62.7
CPCB_MUM_Kurla,Mumbai,19.06,72.88,2021,9,2021-09,42,23,37,42,48.3
CPCB_MUM_Kurla,Mumbai,19.06,72.88,2021,10,2021-10,103,54,88,103,65.7
CPCB_MUM_Kurla,Mumbai,19.06,72.88,2021,11,2021-11,167,90,147,167,104.0
CPCB_MUM_Kurla,Mumbai,19.06,72.88,2021,12,2021-12,150,80,132,150,140.0
CPCB_MUM_Kurla,Mumbai,19.06,72.88,2022,1,2022-01,164,85,140,164,160.3
CPCB_MUM_Kurla,Mumbai,19.06,72.88,2022,2,2022-02,109,61,101,109,141.0
CPCB_MUM_Kurla,Mumbai,19.06,72.88,2022,3,2022-03,86,45,74,86,119.7
CPCB_MUM_Kurla,Mumbai,19.06,72.88,2022,4,2022-04,91,50,82,91,95.3
CPCB_MUM_Kurla,Mumbai,19.06,72.88,2022,5,2022-05,93,53,87,93,90.0
CPCB_MUM_Kurla,Mumbai,19.06,72.88,2022,6,2022-06,90,51,84,90,91.3
CPCB_MUM_Kurla,Mumbai,19.06,72.88,2022,7,2022-07,44,23,39,44,75.7
CPCB_MUM_Kurla,Mumbai,19.06,72.88,2022,8,2022-08,49,27,44,49,61.0
CPCB_MUM_Kurla,Mumbai,19.06,72.88,2022,9,2022-09,47,25,41,47,46.7
CPCB_MUM_Kurla,Mumbai,19.06,72.88,2022,10,2022-10,121,66,108,121,72.3
CPCB_MUM_Kurla,Mumbai,19.06,72.88,2022,11,2022-11,164,93,153,164,110.7
CPCB_MUM_Kurla,Mumbai,19.06,72.88,2022,12,2022-12,148,79,130,148,144.3
CPCB_MUM_Kurla,Mumbai,19.06,72.88,2023,1,2023-01,155,82,135,155,155.7
CPCB_MUM_Kurla,Mumbai,19.06,72.88,2023,2,2023-02,114,65,106,114,139.0
CPCB_MUM_Kurla,Mumbai,19.06,72.88,2023,3,2023-03,90,48,78,90,119.7
CPCB_MUM_Kurla,Mumbai,19.06,72.88,2023,4,2023-04,88,45,75,88,97.3
CPCB_MUM_Kurla,Mumbai,19.06,72.88,2023,5,2023-05,96,50,82,96,91.3
CPCB_MUM_Kurla,Mumbai,19.06,72.88,2023,6,2023-06,88,48,79,88,90.7
CPCB_MUM_Kurla,Mumbai,19.06,72.88,2023,7,2023-07,47,26,43,47,77.0
CPCB_MUM_Kurla,Mumbai,19.06,72.88,2023,8,2023-08,48,27,44,48,61.0
CPCB_MUM_Kurla,Mumbai,19.06,72.88,2023,9,2023-09,46,26,43,46,47.0
CPCB_MUM_Kurla,Mumbai,19.06,72.88,2023,10,2023-10,125,68,111,125,73.0
CPCB_MUM_Kurla,Mumbai,19.06,72.88,2023,11,2023-11,159,85,140,159,110.0
CPCB_MUM_Kurla,Mumbai,19.06,72.88,2023,12,2023-12,144,81,133,144,142.7
CPCB_MUM_Kurla,Mumbai,19.06,72.88,2024,1,2024-01,152,84,138,152,151.7
CPCB_MUM_Kurla,Mumbai,19.06,72.88,2024,2,2024-02,116,65,106,116,137.3
CPCB_MUM_Kurla,Mumbai,19.06,72.88,2024,3,2024-03,85,49,80,85,117.7
CPCB_MUM_Kurla,Mumbai,19.06,72.88,2024,4,2024-04,88,45,75,88,96.3
CPCB_MUM_Kurla,Mumbai,19.06,72.88,2024,5,2024-05,87,47,77,87,86.7
CPCB_MUM_Kurla,Mumbai,19.06,72.88,2024,6,2024-06,86,45,74,86,87.0
CPCB_MUM_Kurla,Mumbai,19.06,72.88,2024,7,2024-07,50,28,46,50,74.3
CPCB_MUM_Kurla,Mumbai,19.06,72.88,2024,8,2024-08,42,24,39,42,59.3
CPCB_MUM_Kurla,Mumbai,19.06,72.88,2024,9,2024-09,45,24,40,45,45.7
CPCB_MUM_Kurla,Mumbai,19.06,72.88,2024,10,2024-10,112,62,101,112,66.3
CPCB_MUM_Kurla,Mumbai,19.06,72.88,2024,11,2024-11,162,86,141,162,106.3
CPCB_MUM_Kurla,Mumbai,19.06,72.88,2024,12,2024-12,153,80,132,153,142.3
CPCB_MUM_Kurla,Mumbai,19.06,72.88,2025,1,2025-01,136,74,122,136,150.3
CPCB_MUM_Kurla,Mumbai,19.06,72.88,2025,2,2025-02,120,62,102,120,136.3
CPCB_MUM_Kurla,Mumbai,19.06,72.88,2025,3,2025-03,96,55,90,96,117.3
CPCB_MUM_Kurla,Mumbai,19.06,72.88,2025,4,2025-04,101,57,94,101,105.7
CPCB_MUM_Kurla,Mumbai,19.06,72.88,2025,5,2025-05,91,50,82,91,96.0
CPCB_MUM_Kurla,Mumbai,19.06,72.88,2025,6,2025-06,102,56,92,102,98.0
CPCB_MUM_Kurla,Mumbai,19.06,72.88,2025,7,2025-07,46,26,42,46,79.7
CPCB_MUM_Kurla,Mumbai,19.06,72.88,2025,8,2025-08,43,22,37,43,63.7
CPCB_MUM_Kurla,Mumbai,19.06,72.88,2025,9,2025-09,44,23,38,44,44.3
CPCB_MUM_Kurla,Mumbai,19.06,72.88,2025,10,2025-10,120,69,113,120,69.0
CPCB_MUM_Kurla,Mumbai,19.06,72.88,2025,11,2025-11,138,78,129,138,100.7
CPCB_MUM_Kurla,Mumbai,19.06,72.88,2025,12,2025-12,138,72,119,138,132.0
CPCB_MUM_Kurla,Mumbai,19.06,72.88,2026,1,2026-01,144,76,125,144,140.0
CPCB_MUM_Kurla,Mumbai,19.06,72.88,2026,2,2026-02,109,58,95,109,130.3
CPCB_MUM_Kurla,Mumbai,19.06,72.88,2026,3,2026-03,89,51,84,89,114.0
CPCB_MUM_Kurla,Mumbai,19.06,72.88,2026,4,2026-04,88,48,79,88,95.3
CPCB_MUM_Kurla,Mumbai,19.06,72.88,2026,5,2026-05,87,47,77,87,88.0
CPCB_MUM_Kurla,Mumbai,19.06,72.88,2026,6,2026-06,85,46,76,85,86.7
CPCB_MUM_Kurla,Mumbai,19.06,72.88,2026,7,2026-07,43,22,37,43,71.7
CPCB_MUM_Kurla,Mumbai,19.06,72.88,2026,8,2026-08,49,25,41,49,59.0
CPCB_MUM_Kurla,Mumbai,19.06,72.88,2026,9,2026-09,47,26,43,47,46.3
CPCB_MUM_Kurla,Mumbai,19.06,72.88,2026,10,2026-10,116,65,107,116,70.7
CPCB_MUM_Kurla,Mumbai,19.06,72.88,2026,11,2026-11,144,81,133,144,102.3
CPCB_MUM_Kurla,Mumbai,19.06,72.88,2026,12,2026-12,152,81,132,152,137.3
CPCB_PNQ_Hadapsar,Pune,18.5,73.92,2017,1,2017-01,133,76,125,133,133.0
CPCB_PNQ_Hadapsar,Pune,18.5,73.92,2017,2,2017-02,91,52,85,91,91.0
CPCB_PNQ_Hadapsar,Pune,18.5,73.92,2017,3,2017-03,78,40,66,78,100.7
CPCB_PNQ_Hadapsar,Pune,18.5,73.92,2017,4,2017-04,77,43,71,77,82.0
CPCB_PNQ_Hadapsar,Pune,18.5,73.92,2017,5,2017-05,81,46,75,81,78.7
CPCB_PNQ_Hadapsar,Pune,18.5,73.92,2017,6,2017-06,91,50,82,91,83.0
CPCB_PNQ_Hadapsar,Pune,18.5,73.92,2017,7,2017-07,39,20,33,39,70.3
CPCB_PNQ_Hadapsar,Pune,18.5,73.92,2017,8,2017-08,45,25,41,45,58.3
CPCB_PNQ_Hadapsar,Pune,18.5,73.92,2017,9,2017-09,46,25,42,46,43.3
CPCB_PNQ_Hadapsar,Pune,18.5,73.92,2017,10,2017-10,103,56,92,103,64.7
CPCB_PNQ_Hadapsar,Pune,18.5,73.92,2017,11,2017-11,133,74,122,133,94.0
CPCB_PNQ_Hadapsar,Pune,18.5,73.92,2017,12,2017-12,131,72,119,131,122.3
CPCB_PNQ_Hadapsar,Pune,18.5,73.92,2018,1,2018-01,137,78,128,137,133.7
CPCB_PNQ_Hadapsar,Pune,18.5,73.92,2018,2,2018-02,104,59,97,104,124.0
CPCB_PNQ_Hadapsar,Pune,18.5,73.92,2018,3,2018-03,89,50,82,89,110.0
CPCB_PNQ_Hadapsar,Pune,18.5,73.92,2018,4,2018-04,88,50,83,88,93.7
CPCB_PNQ_Hadapsar,Pune,18.5,73.92,2018,5,2018-05,80,42,69,80,85.7
CPCB_PNQ_Hadapsar,Pune,18.5,73.92,2018,6,2018-06,93,51,84,93,87.0
CPCB_PNQ_Hadapsar,Pune,18.5,73.92,2018,7,2018-07,42,22,37,42,71.7
CPCB_PNQ_Hadapsar,Pune,18.5,73.92,2018,8,2018-08,44,24,39,44,59.7
CPCB_PNQ_Hadapsar,Pune,18.5,73.92,2018,9,2018-09,42,22,36,42,42.7
CPCB_PNQ_Hadapsar,Pune,18.5,73.92,2018,10,2018-10,96,50,82,96,60.7
CPCB_PNQ_Hadapsar,Pune,18.5,73.92,2018,11,2018-11,125,66,109,125,87.7
CPCB_PNQ_Hadapsar,Pune,18.5,73.92,2018,12,2018-12,123,65,107,123,114.7
CPCB_PNQ_Hadapsar,Pune,18.5,73.92,2019,1,2019-01,136,72,118,136,128.0
CPCB_PNQ_Hadapsar,Pune,18.5,73.92,2019,2,2019-02,100,56,92,100,119.7
CPCB_PNQ_Hadapsar,Pune,18.5,73.92,2019,3,2019-03,84,47,77,84,106.7
CPCB_PNQ_Hadapsar,Pune,18.5,73.92,2019,4,2019-04,79,41,68,79,87.7
CPCB_PNQ_Hadapsar,Pune,18.5,73.92,2019,5,2019-05,80,44,72,80,81.0
CPCB_PNQ_Hadapsar,Pune,18.5,73.92,2019,6,2019-06,91,52,85,91,83.3
CPCB_PNQ_Hadapsar,Pune,18.5,73.92,2019,7,2019-07,41,21,35,41,70.7
CPCB_PNQ_Hadapsar,Pune,18.5,73.92,2019,8,2019-08,45,24,40,45,59.0
CPCB_PNQ_Hadapsar,Pune,18.5,73.92,2019,9,2019-09,43,24,39,43,43.0
CPCB_PNQ_Hadapsar,Pune,18.5,73.92,2019,10,2019-10,98,51,84,98,62.0
CPCB_PNQ_Hadapsar,Pune,18.5,73.92,2019,11,2019-11,142,74,122,142,94.3
CPCB_PNQ_Hadapsar,Pune,18.5,73.92,2019,12,2019-12,144,78,128,144,128.0
CPCB_PNQ_Hadapsar,Pune,18.5,73.92,2020,1,2020-01,148,77,126,148,144.7
CPCB_PNQ_Hadapsar,Pune,18.5,73.92,2020,2,2020-02,110,58,96,110,134.0
CPCB_PNQ_Hadapsar,Pune,18.5,73.92,2020,3,2020-03,78,44,72,78,112.0
CPCB_PNQ_Hadapsar,Pune,18.5,73.92,2020,4,2020-04,76,42,69,76,88.0
CPCB_PNQ_Hadapsar,Pune,18.5,73.92,2020,5,2020-05,78,41,67,78,77.3
CPCB_PNQ_Hadapsar,Pune,18.5,73.92,2020,6,2020-06,91,48,79,91,81.7
CPCB_PNQ_Hadapsar,Pune,18.5,73.92,2020,7,2020-07,40,22,36,40,69.7
CPCB_PNQ_Hadapsar,Pune,18.5,73.92,2020,8,2020-08,44,25,41,44,58.3
CPCB_PNQ_Hadapsar,Pune,18.5,73.92,2020,9,2020-09,45,24,39,45,43.0
CPCB_PNQ_Hadapsar,Pune,18.5,73.92,2020,10,2020-10,93,49,81,93,60.7
CPCB_PNQ_Hadapsar,Pune,18.5,73.92,2020,11,2020-11,122,67,109,122,86.7
CPCB_PNQ_Hadapsar,Pune,18.5,73.92,2020,12,2020-12,134,72,119,134,116.3
CPCB_PNQ_Hadapsar,Pune,18.5,73.92,2021,1,2021-01,141,75,124,141,132.3
CPCB_PNQ_Hadapsar,Pune,18.5,73.92,2021,2,2021-02,111,63,103,111,128.7
CPCB_PNQ_Hadapsar,Pune,18.5,73.92,2021,3,2021-03,77,44,72,77,109.7
CPCB_PNQ_Hadapsar,Pune,18.5,73.92,2021,4,2021-04,91,48,79,91,93.0
CPCB_PNQ_Hadapsar,Pune,18.5,73.92,2021,5,2021-05,81,45,75,81,83.0
CPCB_PNQ_Hadapsar,Pune,18.5,73.92,2021,6,2021-06,93,50,82,93,88.3
CPCB_PNQ_Hadapsar,Pune,18.5,73.92,2021,7,2021-07,38,21,34,38,70.7
CPCB_PNQ_Hadapsar,Pune,18.5,73.92,2021,8,2021-08,44,23,38,44,58.3
CPCB_PNQ_Hadapsar,Pune,18.5,73.92,2021,9,2021-09,42,23,38,42,41.3
CPCB_PNQ_Hadapsar,Pune,18.5,73.92,2021,10,2021-10,102,56,92,102,62.7
CPCB_PNQ_Hadapsar,Pune,18.5,73.92,2021,11,2021-11,137,76,125,137,93.7
CPCB_PNQ_Hadapsar,Pune,18.5,73.92,2021,12,2021-12,149,81,134,149,129.3
CPCB_PNQ_Hadapsar,Pune,18.5,73.92,2022,1,2022-01,137,74,122,137,141.0
CPCB_PNQ_Hadapsar,Pune,18.5,73.92,2022,2,2022-02,106,60,99,106,130.7
CPCB_PNQ_Hadapsar,Pune,18.5,73.92,2022,3,2022-03,84,47,77,84,109.0
CPCB_PNQ_Hadapsar,Pune,18.5,73.92,2022,4,2022-04,87,48,79,87,92.3
CPCB_PNQ_Hadapsar,Pune,18.5,73.92,2022,5,2022-05,84,46,76,84,85.0
CPCB_PNQ_Hadapsar,Pune,18.5,73.92,2022,6,2022-06,76,41,67,76,82.3
CPCB_PNQ_Hadapsar,Pune,18.5,73.92,2022,7,2022-07,38,20,33,38,66.0
CPCB_PNQ_Hadapsar,Pune,18.5,73.92,2022,8,2022-08,44,24,39,44,52.7
CPCB_PNQ_Hadapsar,Pune,18.5,73.92,2022,9,2022-09,46,26,43,46,42.7
CPCB_PNQ_Hadapsar,Pune,18.5,73.92,2022,10,2022-10,96,53,88,96,62.0
CPCB_PNQ_Hadapsar,Pune,18.5,73.92,2022,11,2022-11,127,69,113,127,89.7
CPCB_PNQ_Hadapsar,Pune,18.5,73.92,2022,12,2022-12,145,82,135,145,122.7
CPCB_PNQ_Hadapsar,Pune,18.5,73.92,2023,1,2023-01,137,76,125,137,136.3
CPCB_PNQ_Hadapsar,Pune,18.5,73.92,2023,2,2023-02,106,58,95,106,129.3
CPCB_PNQ_Hadapsar,Pune,18.5,73.92,2023,3,2023-03,86,48,78,86,109.7
CPCB_PNQ_Hadapsar,Pune,18.5,73.92,2023,4,2023-04,87,46,75,87,93.0
CPCB_PNQ_Hadapsar,Pune,18.5,73.92,2023,5,2023-05,81,45,74,81,84.7
CPCB_PNQ_Hadapsar,Pune,18.5,73.92,2023,6,2023-06,93,50,82,93,87.0
CPCB_PNQ_Hadapsar,Pune,18.5,73.92,2023,7,2023-07,46,24,39,46,73.3
CPCB_PNQ_Hadapsar,Pune,18.5,73.92,2023,8,2023-08,39,21,35,39,59.3
CPCB_PNQ_Hadapsar,Pune,18.5,73.92,2023,9,2023-09,41,22,37,41,42.0
CPCB_PNQ_Hadapsar,Pune,18.5,73.92,2023,10,2023-10,95,51,84,95,58.3
CPCB_PNQ_Hadapsar,Pune,18.5,73.92,2023,11,2023-11,140,78,128,140,92.0
CPCB_PNQ_Hadapsar,Pune,18.5,73.92,2023,12,2023-12,145,75,123,145,126.7
CPCB_PNQ_Hadapsar,Pune,18.5,73.92,2024,1,2024-01,137,74,122,137,140.7
CPCB_PNQ_Hadapsar,Pune,18.5,73.92,2024,2,2024-02,92,48,78,92,124.7
CPCB_PNQ_Hadapsar,Pune,18.5,73.92,2024,3,2024-03,79,45,74,79,102.7
CPCB_PNQ_Hadapsar,Pune,18.5,73.92,2024,4,2024-04,80,43,71,80,83.7
CPCB_PNQ_Hadapsar,Pune,18.5,73.92,2024,5,2024-05,76,40,66,76,78.3
CPCB_PNQ_Hadapsar,Pune,18.5,73.92,2024,6,2024-06,79,43,70,79,78.3
CPCB_PNQ_Hadapsar,Pune,18.5,73.92,2024,7,2024-07,46,24,40,46,67.0
CPCB_PNQ_Hadapsar,Pune,18.5,73.92,2024,8,2024-08,39,21,34,39,54.7
CPCB_PNQ_Hadapsar,Pune,18.5,73.92,2024,9,2024-09,38,19,32,38,41.0
CPCB_PNQ_Hadapsar,Pune,18.5,73.92,2024,10,2024-10,92,49,81,92,56.3
CPCB_PNQ_Hadapsar,Pune,18.5,73.92,2024,11,2024-11,138,73,120,138,89.3
CPCB_PNQ_Hadapsar,Pune,18.5,73.92,2024,12,2024-12,136,71,117,136,122.0
CPCB_PNQ_Hadapsar,Pune,18.5,73.92,2025,1,2025-01,141,74,121,141,138.3
CPCB_PNQ_Hadapsar,Pune,18.5,73.92,2025,2,2025-02,103,58,96,103,126.7
CPCB_PNQ_Hadapsar,Pune,18.5,73.92,2025,3,2025-03,89,50,82,89,111.0
CPCB_PNQ_Hadapsar,Pune,18.5,73.92,2025,4,2025-04,84,48,78,84,92.0
CPCB_PNQ_Hadapsar,Pune,18.5,73.92,2025,5,2025-05,81,45,75,81,84.7
CPCB_PNQ_Hadapsar,Pune,18.5,73.92,2025,6,2025-06,79,45,73,79,81.3
CPCB_PNQ_Hadapsar,Pune,18.5,73.92,2025,7,2025-07,42,22,36,42,67.3
CPCB_PNQ_Hadapsar,Pune,18.5,73.92,2025,8,2025-08,42,22,36,42,54.3
CPCB_PNQ_Hadapsar,Pune,18.5,73.92,2025,9,2025-09,42,23,37,42,42.0
CPCB_PNQ_Hadapsar,Pune,18.5,73.92,2025,10,2025-10,96,51,83,96,60.0
CPCB_PNQ_Hadapsar,Pune,18.5,73.92,2025,11,2025-11,140,80,131,140,92.7
CPCB_PNQ_Hadapsar,Pune,18.5,73.92,2025,12,2025-12,123,68,111,123,119.7
CPCB_PNQ_Hadapsar,Pune,18.5,73.92,2026,1,2026-01,144,78,128,144,135.7
CPCB_PNQ_Hadapsar,Pune,18.5,73.92,2026,2,2026-02,97,53,87,97,121.3
CPCB_PNQ_Hadapsar,Pune,18.5,73.92,2026,3,2026-03,85,47,78,85,108.7
CPCB_PNQ_Hadapsar,Pune,18.5,73.92,2026,4,2026-04,93,51,83,93,91.7
CPCB_PNQ_Hadapsar,Pune,18.5,73.92,2026,5,2026-05,89,47,77,89,89.0
CPCB_PNQ_Hadapsar,Pune,18.5,73.92,2026,6,2026-06,90,47,76,90,90.7
CPCB_PNQ_Hadapsar,Pune,18.5,73.92,2026,7,2026-07,46,25,40,46,75.0
CPCB_PNQ_Hadapsar,Pune,18.5,73.92,2026,8,2026-08,42,23,38,42,59.3
CPCB_PNQ_Hadapsar,Pune,18.5,73.92,2026,9,2026-09,40,20,34,40,42.7
CPCB_PNQ_Hadapsar,Pune,18.5,73.92,2026,10,2026-10,107,61,101,107,63.0
CPCB_PNQ_Hadapsar,Pune,18.5,73.92,2026,11,2026-11,125,68,111,125,90.7
CPCB_PNQ_Hadapsar,Pune,18.5,73.92,2026,12,2026-12,134,70,115,134,122.0
CPCB_PNQ_Shivajinagar,Pune,18.53,73.85,2017,1,2017-01,120,64,105,120,120.0
CPCB_PNQ_Shivajinagar,Pune,18.53,73.85,2017,2,2017-02,96,55,90,96,96.0
CPCB_PNQ_Shivajinagar,Pune,18.53,73.85,2017,3,2017-03,86,47,77,86,100.7
CPCB_PNQ_Shivajinagar,Pune,18.53,73.85,2017,4,2017-04,79,42,68,79,87.0
CPCB_PNQ_Shivajinagar,Pune,18.53,73.85,2017,5,2017-05,76,43,71,76,80.3
CPCB_PNQ_Shivajinagar,Pune,18.53,73.85,2017,6,2017-06,86,45,74,86,80.3
CPCB_PNQ_Shivajinagar,Pune,18.53,73.85,2017,7,2017-07,36,19,31,36,66.0
CPCB_PNQ_Shivajinagar,Pune,18.53,73.85,2017,8,2017-08,37,19,32,37,53.0
CPCB_PNQ_Shivajinagar,Pune,18.53,73.85,2017,9,2017-09,39,21,35,39,37.3
CPCB_PNQ_Shivajinagar,Pune,18.53,73.85,2017,10,2017-10,86,48,78,86,54.0
CPCB_PNQ_Shivajinagar,Pune,18.53,73.85,2017,11,2017-11,126,68,112,126,83.7
CPCB_PNQ_Shivajinagar,Pune,18.53,73.85,2017,12,2017-12,128,67,110,128,113.3
CPCB_PNQ_Shivajinagar,Pune,18.53,73.85,2018,1,2018-01,136,71,117,136,130.0
CPCB_PNQ_Shivajinagar,Pune,18.53,73.85,2018,2,2018-02,94,53,87,94,119.3
CPCB_PNQ_Shivajinagar,Pune,18.53,73.85,2018,3,2018-03,84,43,71,84,104.7
CPCB_PNQ_Shivajinagar,Pune,18.53,73.85,2018,4,2018-04,74,41,67,74,84.0
CPCB_PNQ_Shivajinagar,Pune,18.53,73.85,2018,5,2018-05,83,46,76,83,80.3
CPCB_PNQ_Shivajinagar,Pune,18.53,73.85,2018,6,2018-06,85,45,74,85,80.7
CPCB_PNQ_Shivajinagar,Pune,18.53,73.85,2018,7,2018-07,42,23,38,42,70.0
CPCB_PNQ_Shivajinagar,Pune,18.53,73.85,2018,8,2018-08,42,23,38,42,56.3
CPCB_PNQ_Shivajinagar,Pune,18.53,73.85,2018,9,2018-09,37,19,32,37,40.3
CPCB_PNQ_Shivajinagar,Pune,18.53,73.85,2018,10,2018-10,96,55,90,96,58.3
CPCB_PNQ_Shivajinagar,Pune,18.53,73.85,2018,11,2018-11,138,78,129,138,90.3
CPCB_PNQ_Shivajinagar,Pune,18.53,73.85,2018,12,2018-12,121,65,107,121,118.3
CPCB_PNQ_Shivajinagar,Pune,18.53,73.85,2019,1,2019-01,122,66,108,122,127.0
CPCB_PNQ_Shivajinagar,Pune,18.53,73.85,2019,2,2019-02,97,51,84,97,113.3
CPCB_PNQ_Shivajinagar,Pune,18.53,73.85,2019,3,2019-03,75,41,68,75,98.0
CPCB_PNQ_Shivajinagar,Pune,18.53,73.85,2019,4,2019-04,84,48,78,84,85.3
CPCB_PNQ_Shivajinagar,Pune,18.53,73.85,2019,5,2019-05,83,45,73,83,80.7
CPCB_PNQ_Shivajinagar,Pune,18.53,73.85,2019,6,2019-06,79,43,70,79,82.0
CPCB_PNQ_Shivajinagar,Pune,18.53,73.85,2019,7,2019-07,39,21,35,39,67.0
CPCB_PNQ_Shivajinagar,Pune,18.53,73.85,2019,8,2019-08,38,21,35,38,52.0
CPCB_PNQ_Shivajinagar,Pune,18.53,73.85,2019,9,2019-09,36,18,30,36,37.7
CPCB_PNQ_Shivajinagar,Pune,18.53,73.85,2019,10,2019-10,91,48,78,91,55.0
CPCB_PNQ_Shivajinagar,Pune,18.53,73.85,2019,11,2019-11,125,68,111,125,84.0
CPCB_PNQ_Shivajinagar,Pune,18.53,73.85,2019,12,2019-12,124,68,112,124,113.3
CPCB_PNQ_Shivajinagar,Pune,18.53,73.85,2020,1,2020-01,120,69,113,120,123.0
CPCB_PNQ_Shivajinagar,Pune,18.53,73.85,2020,2,2020-02,101,58,95,101,115.0
CPCB_PNQ_Shivajinagar,Pune,18.53,73.85,2020,3,2020-03,77,44,72,77,99.3
CPCB_PNQ_Shivajinagar,Pune,18.53,73.85,2020,4,2020-04,88,46,76,88,88.7
CPCB_PNQ_Shivajinagar,Pune,18.53,73.85,2020,5,2020-05,86,44,73,86,83.7
CPCB_PNQ_Shivajinagar,Pune,18.53,73.85,2020,6,2020-06,87,49,80,87,87.0
CPCB_PNQ_Shivajinagar,Pune,18.53,73.85,2020,7,2020-07,40,23,37,40,71.0
CPCB_PNQ_Shivajinagar,Pune,18.53,73.85,2020,8,2020-08,38,21,35,38,55.0
CPCB_PNQ_Shivajinagar,Pune,18.53,73.85,2020,9,2020-09,37,20,32,37,38.3
CPCB_PNQ_Shivajinagar,Pune,18.53,73.85,2020,10,2020-10,95,50,82,95,56.7
CPCB_PNQ_Shivajinagar,Pune,18.53,73.85,2020,11,2020-11,122,67,110,122,84.7
CPCB_PNQ_Shivajinagar,Pune,18.53,73.85,2020,12,2020-12,138,76,125,138,118.3
CPCB_PNQ_Shivajinagar,Pune,18.53,73.85,2021,1,2021-01,138,78,127,138,132.7
CPCB_PNQ_Shivajinagar,Pune,18.53,73.85,2021,2,2021-02,95,51,83,95,123.7
CPCB_PNQ_Shivajinagar,Pune,18.53,73.85,2021,3,2021-03,84,45,74,84,105.7
CPCB_PNQ_Shivajinagar,Pune,18.53,73.85,2021,4,2021-04,75,41,68,75,84.7
CPCB_PNQ_Shivajinagar,Pune,18.53,73.85,2021,5,2021-05,80,42,69,80,79.7
CPCB_PNQ_Shivajinagar,Pune,18.53,73.85,2021,6,2021-06,80,43,70,80,78.3
CPCB_PNQ_Shivajinagar,Pune,18.53,73.85,2021,7,2021-07,36,19,32,36,65.3
CPCB_PNQ_Shivajinagar,Pune,18.53,73.85,2021,8,2021-08,39,21,35,39,51.7
CPCB_PNQ_Shivajinagar,Pune,18.53,73.85,2021,9,2021-09,43,22,37,43,39.3
CPCB_PNQ_Shivajinagar,Pune,18.53,73.85,2021,10,2021-10,91,50,82,91,57.7
CPCB_PNQ_Shivajinagar,Pune,18.53,73.85,2021,11,2021-11,131,69,113,131,88.3
CPCB_PNQ_Shivajinagar,Pune,18.53,73.85,2021,12,2021-12,134,75,124,134,118.7
CPCB_PNQ_Shivajinagar,Pune,18.53,73.85,2022,1,2022-01,125,67,110,125,130.0
CPCB_PNQ_Shivajinagar,Pune,18.53,73.85,2022,2,2022-02,101,56,91,101,120.0
CPCB_PNQ_Shivajinagar,Pune,18.53,73.85,2022,3,2022-03,72,38,62,72,99.3
CPCB_PNQ_Shivajinagar,Pune,18.53,73.85,2022,4,2022-04,82,45,74,82,85.0
CPCB_PNQ_Shivajinagar,Pune,18.53,73.85,2022,5,2022-05,83,44,72,83,79.0
CPCB_PNQ_Shivajinagar,Pune,18.53,73.85,2022,6,2022-06,76,42,69,76,80.3
CPCB_PNQ_Shivajinagar,Pune,18.53,73.85,2022,7,2022-07,44,22,37,44,67.7
CPCB_PNQ_Shivajinagar,Pune,18.53,73.85,2022,8,2022-08,37,20,32,37,52.3
CPCB_PNQ_Shivajinagar,Pune,18.53,73.85,2022,9,2022-09,39,21,35,39,40.0
CPCB_PNQ_Shivajinagar,Pune,18.53,73.85,2022,10,2022-10,89,50,82,89,55.0
CPCB_PNQ_Shivajinagar,Pune,18.53,73.85,2022,11,2022-11,128,66,109,128,85.3
CPCB_PNQ_Shivajinagar,Pune,18.53,73.85,2022,12,2022-12,126,66,108,126,114.3
CPCB_PNQ_Shivajinagar,Pune,18.53,73.85,2023,1,2023-01,124,66,108,124,126.0
CPCB_PNQ_Shivajinagar,Pune,18.53,73.85,2023,2,2023-02,88,48,79,88,112.7
CPCB_PNQ_Shivajinagar,Pune,18.53,73.85,2023,3,2023-03,84,44,72,84,98.7
CPCB_PNQ_Shivajinagar,Pune,18.53,73.85,2023,4,2023-04,81,43,70,81,84.3
CPCB_PNQ_Shivajinagar,Pune,18.53,73.85,2023,5,2023-05,87,47,78,87,84.0
CPCB_PNQ_Shivajinagar,Pune,18.53,73.85,2023,6,2023-06,76,40,65,76,81.3
CPCB_PNQ_Shivajinagar,Pune,18.53,73.85,2023,7,2023-07,44,24,40,44,69.0
CPCB_PNQ_Shivajinagar,Pune,18.53,73.85,2023,8,2023-08,39,21,34,39,53.0
CPCB_PNQ_Shivajinagar,Pune,18.53,73.85,2023,9,2023-09,39,20,33,39,40.7
CPCB_PNQ_Shivajinagar,Pune,18.53,73.85,2023,10,2023-10,93,51,84,93,57.0
CPCB_PNQ_Shivajinagar,Pune,18.53,73.85,2023,11,2023-11,133,69,113,133,88.3
CPCB_PNQ_Shivajinagar,Pune,18.53,73.85,2023,12,2023-12,116,62,102,116,114.0
CPCB_PNQ_Shivajinagar,Pune,18.53,73.85,2024,1,2024-01,117,66,109,117,122.0
CPCB_PNQ_Shivajinagar,Pune,18.53,73.85,2024,2,2024-02,104,54,88,104,112.3
CPCB_PNQ_Shivajinagar,Pune,18.53,73.85,2024,3,2024-03,80,42,69,80,100.3
CPCB_PNQ_Shivajinagar,Pune,18.53,73.85,2024,4,2024-04,79,41,67,79,87.7
CPCB_PNQ_Shivajinagar,Pune,18.53,73.85,2024,5,2024-05,84,46,76,84,81.0
CPCB_PNQ_Shivajinagar,Pune,18.53,73.85,2024,6,2024-06,74,42,69,74,79.0
CPCB_PNQ_Shivajinagar,Pune,18.53,73.85,2024,7,2024-07,38,19,32,38,65.3
CPCB_PNQ_Shivajinagar,Pune,18.53,73.85,2024,8,2024-08,39,21,35,39,50.3
CPCB_PNQ_Shivajinagar,Pune,18.53,73.85,2024,9,2024-09,38,20,33,38,38.3
CPCB_PNQ_Shivajinagar,Pune,18.53,73.85,2024,10,2024-10,90,50,82,90,55.7
CPCB_PNQ_Shivajinagar,Pune,18.53,73.85,2024,11,2024-11,117,66,108,117,81.7
CPCB_PNQ_Shivajinagar,Pune,18.53,73.85,2024,12,2024-12,124,65,107,124,110.3
CPCB_PNQ_Shivajinagar,Pune,18.53,73.85,2025,1,2025-01,128,66,109,128,123.0
CPCB_PNQ_Shivajinagar,Pune,18.53,73.85,2025,2,2025-02,87,48,79,87,113.0
CPCB_PNQ_Shivajinagar,Pune,18.53,73.85,2025,3,2025-03,76,40,65,76,97.0
CPCB_PNQ_Shivajinagar,Pune,18.53,73.85,2025,4,2025-04,84,48,79,84,82.3
CPCB_PNQ_Shivajinagar,Pune,18.53,73.85,2025,5,2025-05,88,48,79,88,82.7
CPCB_PNQ_Shivajinagar,Pune,18.53,73.85,2025,6,2025-06,75,40,66,75,82.3
CPCB_PNQ_Shivajinagar,Pune,18.53,73.85,2025,7,2025-07,42,23,38,42,68.3
CPCB_PNQ_Shivajinagar,Pune,18.53,73.85,2025,8,2025-08,41,23,37,41,52.7
CPCB_PNQ_Shivajinagar,Pune,18.53,73.85,2025,9,2025-09,43,24,40,43,42.0
CPCB_PNQ_Shivajinagar,Pune,18.53,73.85,2025,10,2025-10,95,53,88,95,59.7
CPCB_PNQ_Shivajinagar,Pune,18.53,73.85,2025,11,2025-11,138,79,130,138,92.0
CPCB_PNQ_Shivajinagar,Pune,18.53,73.85,2025,12,2025-12,131,73,120,131,121.3
CPCB_PNQ_Shivajinagar,Pune,18.53,73.85,2026,1,2026-01,125,68,112,125,131.3
CPCB_PNQ_Shivajinagar,Pune,18.53,73.85,2026,2,2026-02,98,51,84,98,118.0
CPCB_PNQ_Shivajinagar,Pune,18.53,73.85,2026,3,2026-03,79,41,68,79,100.7
CPCB_PNQ_Shivajinagar,Pune,18.53,73.85,2026,4,2026-04,76,40,67,76,84.3
CPCB_PNQ_Shivajinagar,Pune,18.53,73.85,2026,5,2026-05,79,41,68,79,78.0
CPCB_PNQ_Shivajinagar,Pune,18.53,73.85,2026,6,2026-06,75,40,66,75,76.7
CPCB_PNQ_Shivajinagar,Pune,18.53,73.85,2026,7,2026-07,38,21,34,38,64.0
CPCB_PNQ_Shivajinagar,Pune,18.53,73.85,2026,8,2026-08,40,22,36,40,51.0
CPCB_PNQ_Shivajinagar,Pune,18.53,73.85,2026,9,2026-09,43,23,37,43,40.3
CPCB_PNQ_Shivajinagar,Pune,18.53,73.85,2026,10,2026-10,96,52,86,96,59.7
CPCB_PNQ_Shivajinagar,Pune,18.53,73.85,2026,11,2026-11,122,67,110,122,87.0
CPCB_PNQ_Shivajinagar,Pune,18.53,73.85,2026,12,2026-12,134,72,119,134,117.3
