property_master_id,aqi,pm25,pm10,aqi_30d_avg,aqi_90d_avg,matched_station_name,matched_station_distance_km
PROP-A67AF6F45D75,73,39,64,73,44.3,CPCB_MAA_Alandur,13.95
PROP-0CEEF405400A,81,46,75,81,83.7,CPCB_MAA_Manali,24.948
PROP-4B8E10586D59,102,53,88,102,102.3,CPCB_MAA_Alandur,5.238
PROP-86A88A187027,72,38,62,72,74.7,CPCB_MAA_Manali,8.304
PROP-A18A49EE0073,94,50,82,94,99.0,CPCB_MAA_Alandur,19.478
PROP-FC082F802744,97,51,84,97,94.7,CPCB_MAA_Alandur,18.19
PROP-F9C90503CA0E,56,29,47,56,59.3,CPCB_MAA_Alandur,23.68
PROP-8030B24C5122,37,21,34,37,64.7,CPCB_MAA_Manali,13.643
PROP-740BEA1D26C7,71,39,64,71,43.0,CPCB_MAA_Alandur,5.238
PROP-57D7E7126783,81,44,72,81,84.7,CPCB_MAA_Manali,10.622
PROP-F4ACF6362C46,109,59,98,109,113.0,CPCB_MAA_Manali,13.643
PROP-A7B4990CB17F,90,49,80,90,96.7,CPCB_MAA_Alandur,8.024
PROP-6A8F2CA5D4A7,37,21,34,37,64.7,CPCB_MAA_Manali,12.147
PROP-3EF538C2BB00,35,19,31,35,62.3,CPCB_MAA_Manali,24.365
PROP-106DAED671B6,90,49,80,90,96.7,CPCB_MAA_Alandur,15.713
PROP-D5F1834163A7,69,39,63,69,43.0,CPCB_MAA_Alandur,13.536
PROP-FDCB07611F18,117,64,106,117,118.3,CPCB_MAA_Manali,7.859
PROP-A74166BFD422,81,44,72,81,84.7,CPCB_MAA_Manali,9.847
PROP-48E47A79C626,94,50,82,94,99.0,CPCB_MAA_Alandur,19.941
PROP-EEA71AC853AB,95,53,87,95,58.0,CPCB_MAA_Manali,24.948
PROP-51F742AC064B,61,33,54,61,65.0,CPCB_MAA_Alandur,20.059
PROP-C1CA5D2867CF,122,63,104,122,119.0,CPCB_MAA_Manali,32.541
PROP-B129E7EC2D5F,41,23,38,41,62.0,CPCB_MAA_Manali,29.639
PROP-B10588A6BCFE,29,15,25,29,51.7,CPCB_MAA_Alandur,7.079
PROP-562DA83E6F5E,29,15,25,29,52.0,CPCB_MAA_Alandur,16.154
PROP-C8ABEEADCA06,102,53,88,102,102.3,CPCB_MAA_Alandur,17.206
PROP-7AFEE3A48B25,81,45,74,81,50.3,CPCB_MAA_Manali,31.146
PROP-163A7FCBF545,81,45,74,81,50.3,CPCB_MAA_Manali,19.98
PROP-744E45540410,61,33,54,61,65.0,CPCB_MAA_Alandur,5.773
PROP-43FF1FEED483,32,17,28,32,52.7,CPCB_MAA_Alandur,9.248
PROP-61A1E2DA5AD5,56,30,49,56,62.3,CPCB_MAA_Alandur,7.557
PROP-5A879DF90FF0,57,31,50,57,59.7,CPCB_MAA_Alandur,4.834
PROP-20F9393C5B79,56,29,47,56,59.3,CPCB_MAA_Alandur,13.624
PROP-024DCA08FBB4,35,20,33,35,64.3,CPCB_MAA_Manali,19.98
PROP-C0706AAC1468,32,17,28,32,52.7,CPCB_MAA_Alandur,37.348
PROP-75E290D9B4B1,73,39,64,73,44.3,CPCB_MAA_Alandur,20.796
PROP-3282AA5F382C,69,39,63,69,43.0,CPCB_MAA_Alandur,4.751
PROP-4DF17EEDA0FB,69,39,63,69,43.0,CPCB_MAA_Alandur,8.815
PROP-141C4C451E0C,56,29,47,56,59.3,CPCB_MAA_Alandur,5.238
PROP-C1E8167421C6,73,39,64,73,44.3,CPCB_MAA_Alandur,14.877
PROP-008213E4D941,39,21,35,39,60.7,CPCB_MAA_Manali,32.541
PROP-07542049EDCD,90,51,85,90,54.3,CPCB_MAA_Manali,18.687
PROP-113E49F70FEC,90,49,80,90,96.7,CPCB_MAA_Alandur,23.68
PROP-AD5970B8725C,41,23,38,41,62.0,CPCB_MAA_Manali,23.493
PROP-20C1C3775C99,29,15,25,29,51.7,CPCB_MAA_Alandur,17.801
PROP-B27550B59EF2,78,42,70,78,81.0,CPCB_MAA_Manali,18.671
PROP-A9AD15AE4F4B,90,51,85,90,54.3,CPCB_MAA_Manali,19.048
PROP-968DCB86BB82,81,46,75,81,83.7,CPCB_MAA_Manali,24.723
PROP-7E5D68FEA71F,27,14,23,27,48.3,CPCB_MAA_Alandur,15.713
PROP-44ED17888D48,95,53,87,95,58.0,CPCB_MAA_Manali,8.973
PROP-81E153A834E7,97,51,84,97,94.7,CPCB_MAA_Alandur,15.713
PROP-A88B26A7F5A1,29,15,25,29,51.7,CPCB_MAA_Alandur,5.238
PROP-EE3AB12955E8,29,15,25,29,51.7,CPCB_MAA_Alandur,8.455
PROP-67EBEA3AE062,29,15,25,29,51.7,CPCB_MAA_Alandur,23.68
PROP-BE92DFBC3E9C,81,45,74,81,50.3,CPCB_MAA_Manali,5.785
PROP-E8F817173608,94,50,82,94,99.0,CPCB_MAA_Alandur,5.06
PROP-6B4235B84BF7,29,15,25,29,52.0,CPCB_MAA_Alandur,17.661
PROP-A435F5194B94,81,45,74,81,50.3,CPCB_MAA_Manali,30.908
PROP-3FBB548884A3,73,39,64,73,44.3,CPCB_MAA_Alandur,7.211
PROP-74E8BBDB1869,72,38,62,72,74.7,CPCB_MAA_Manali,8.973
PROP-A28E9A937C8E,90,48,79,90,55.7,CPCB_MAA_Manali,12.591
PROP-7745510EA9DC,122,63,104,122,119.0,CPCB_MAA_Manali,7.518
PROP-8F4F97BE042E,90,49,80,90,96.7,CPCB_MAA_Alandur,8.455
PROP-BF8C21590A2E,95,53,87,95,58.0,CPCB_MAA_Manali,30.908
PROP-A21E0E395182,41,23,38,41,62.0,CPCB_MAA_Manali,12.066
PROP-D623A5BD3259,39,21,35,39,60.7,CPCB_MAA_Manali,20.034
PROP-BF8A99D156F1,69,39,63,69,43.0,CPCB_MAA_Alandur,10.781
PROP-3D8AAD5E73B5,90,49,80,90,96.7,CPCB_MAA_Alandur,17.206
PROP-0C0BFF42A42C,109,59,98,109,119.7,CPCB_MAA_Manali,24.18
PROP-FF9962D2025D,72,39,65,72,43.0,CPCB_MAA_Alandur,20.245
PROP-74543CBC599C,109,59,98,109,113.0,CPCB_MAA_Manali,11.431
PROP-4BF83DB33530,102,53,88,102,102.3,CPCB_MAA_Alandur,7.557
PROP-523A9B07D2A1,122,63,104,122,119.0,CPCB_MAA_Manali,23.814
PROP-39540AD67FD6,94,50,82,94,99.0,CPCB_MAA_Alandur,11.308
PROP-42C7D4D34A9C,72,39,65,72,43.0,CPCB_MAA_Alandur,7.079
PROP-275C30FED99F,66,36,59,66,41.3,CPCB_MAA_Alandur,23.68
PROP-43929E420C2D,109,59,98,109,119.7,CPCB_MAA_Manali,8.304
PROP-478099107B8F,41,23,38,41,62.0,CPCB_MAA_Manali,14.065
PROP-5C52A446420D,90,49,80,90,96.7,CPCB_MAA_Alandur,34.795
PROP-01AA6022E0C7,97,51,84,97,94.7,CPCB_MAA_Alandur,8.087
PROP-D85BF3221525,61,33,54,61,65.0,CPCB_MAA_Alandur,10.27
PROP-8E14A48ADCC4,90,48,79,90,55.0,CPCB_MAA_Manali,24.18
PROP-9AFAD3B06B47,95,53,87,95,58.0,CPCB_MAA_Manali,23.814
PROP-DC7B2A38EA55,109,59,98,109,119.7,CPCB_MAA_Manali,20.097
PROP-F04903424860,122,63,104,122,119.0,CPCB_MAA_Manali,26.247
PROP-047960A2E5B3,37,21,34,37,64.7,CPCB_MAA_Manali,12.066
PROP-1B747B844C95,69,39,63,69,43.0,CPCB_MAA_Alandur,10.781
PROP-776E72C4DDFE,39,21,35,39,60.7,CPCB_MAA_Manali,25.681
PROP-59252CDA84BE,32,17,28,32,52.7,CPCB_MAA_Alandur,20.245
PROP-44645DA39395,61,33,54,61,65.0,CPCB_MAA_Alandur,15.713
PROP-CC96D0AE4690,90,48,79,90,55.7,CPCB_MAA_Manali,8.484
PROP-F1844B7EE282,35,20,33,35,64.3,CPCB_MAA_Manali,12.066
PROP-1532E4B7EE5D,109,59,98,109,113.0,CPCB_MAA_Manali,10.61
PROP-B95CC1DB318E,72,39,65,72,43.0,CPCB_MAA_Alandur,17.754
PROP-E85EE1279880,73,39,64,73,44.3,CPCB_MAA_Alandur,8.087
PROP-54FB66193060,90,48,79,90,55.7,CPCB_MAA_Manali,5.785
PROP-F4CBA1F89310,67,38,63,67,76.3,CPCB_MAA_Manali,19.98
PROP-AE9FAB73B03E,73,39,64,73,44.3,CPCB_MAA_Alandur,20.796
PROP-95D9573608EF,31,16,26,31,50.3,CPCB_MAA_Alandur,20.059
PROP-38611A7D4A8F,27,14,23,27,48.3,CPCB_MAA_Alandur,20.245
PROP-D34256268534,35,20,33,35,64.3,CPCB_MAA_Manali,8.484
PROP-278D25C5A9CF,72,38,62,72,74.7,CPCB_MAA_Manali,24.18
PROP-B3F66E6E1218,35,19,31,35,62.3,CPCB_MAA_Manali,29.639
PROP-42CCBB206E1D,69,39,63,69,43.0,CPCB_MAA_Alandur,4.751
PROP-114B555D61E3,122,63,104,122,119.0,CPCB_MAA_Manali,29.639
PROP-3081FEFD587E,117,64,106,117,118.3,CPCB_MAA_Manali,10.142
PROP-AC0D7FC22FA5,37,21,34,37,64.7,CPCB_MAA_Manali,10.622
PROP-2783ED738E18,29,15,25,29,51.7,CPCB_MAA_Alandur,32.259
PROP-C63EC5BF7F6E,41,23,38,41,62.0,CPCB_MAA_Manali,16.644
PROP-C8E03C400D54,35,20,33,35,64.3,CPCB_MAA_Manali,26.247
PROP-63F47AE16D9B,81,44,72,81,84.7,CPCB_MAA_Manali,12.147
PROP-F8E3ED1C784D,56,30,49,56,62.3,CPCB_MAA_Alandur,17.801
PROP-30E17D169E3B,66,36,59,66,41.3,CPCB_MAA_Alandur,7.929
PROP-902AA2B2D73C,29,15,25,29,51.7,CPCB_MAA_Alandur,34.167
PROP-6CDB5A05F81B,90,48,79,90,55.7,CPCB_MAA_Manali,27.298
PROP-5121A05CEFD0,109,59,98,109,113.0,CPCB_MAA_Manali,24.18
PROP-5E515C9892F8,56,30,49,56,62.3,CPCB_MAA_Alandur,8.455
PROP-C194DFE317D3,56,29,47,56,59.3,CPCB_MAA_Alandur,32.259
PROP-86893D56053B,41,23,38,41,62.0,CPCB_MAA_Manali,18.687
PROP-52B22AC0144C,39,21,35,39,60.7,CPCB_MAA_Manali,30.913
PROP-DA9B29101D08,102,53,88,102,102.3,CPCB_MAA_Alandur,5.238
PROP-6383FF4A790A,94,50,82,94,99.0,CPCB_MAA_Alandur,5.088
PROP-D2B34E8F00C1,71,39,64,71,43.0,CPCB_MAA_Alandur,19.478
PROP-3A9741912D89,90,49,80,90,96.7,CPCB_MAA_Alandur,17.801
PROP-2818943A7CED,109,59,98,109,119.7,CPCB_MAA_Manali,28.723
PROP-54BB992F2BC1,72,38,62,72,74.7,CPCB_MAA_Manali,24.941
PROP-7A3F3AEDD544,122,63,104,122,119.0,CPCB_MAA_Manali,23.814
PROP-45E581D1E971,102,53,88,102,102.3,CPCB_MAA_Alandur,13.624
PROP-888CCB46DED6,90,48,79,90,55.7,CPCB_MAA_Manali,12.066
PROP-0C5AF6DCA391,122,63,104,122,119.0,CPCB_MAA_Manali,9.875
PROP-2A83D9D4FC49,72,39,65,72,43.0,CPCB_MAA_Alandur,10.781
PROP-2E797152908C,61,33,54,61,65.0,CPCB_MAA_Alandur,6.776
PROP-B311B7A31695,81,46,75,81,83.7,CPCB_MAA_Manali,18.671
PROP-D8A8E133A537,73,39,64,73,44.3,CPCB_MAA_Alandur,19.691
PROP-17AE9C55287D,90,48,79,90,55.0,CPCB_MAA_Manali,13.643
PROP-C0504EA01382,97,51,84,97,94.7,CPCB_MAA_Alandur,20.245
PROP-51638FC7E69A,27,14,23,27,48.3,CPCB_MAA_Alandur,18.371
PROP-BFC344387222,71,39,64,71,43.0,CPCB_MAA_Alandur,16.154
PROP-44543A5CCDD6,90,49,80,90,96.7,CPCB_MAA_Alandur,6.924
PROP-FE64C4652902,66,36,59,66,41.3,CPCB_MAA_Alandur,6.924
PROP-E0527F2E5C79,72,39,65,72,43.0,CPCB_MAA_Alandur,11.58
PROP-B28B970D1C56,56,29,47,56,59.3,CPCB_MAA_Alandur,6.924
PROP-1F07B7134CDF,31,16,26,31,50.3,CPCB_MAA_Alandur,6.924
PROP-5F64D028734D,56,30,49,56,62.3,CPCB_MAA_Alandur,7.557
PROP-636AE83EBE9C,78,42,70,78,81.0,CPCB_MAA_Manali,7.859
PROP-F85AE7CC9AF7,102,53,88,102,102.3,CPCB_MAA_Alandur,8.024
PROP-2F0F1F4E92C4,81,45,74,81,50.3,CPCB_MAA_Manali,13.538
PROP-82561D58FD53,65,37,61,65,65.3,CPCB_MAA_Alandur,20.059
PROP-A2F6A99CC0CC,90,48,79,90,55.0,CPCB_MAA_Manali,23.814
PROP-3E47A053C0FF,39,21,35,39,60.7,CPCB_MAA_Manali,23.439
PROP-9A7387795A30,97,51,84,97,94.7,CPCB_MAA_Alandur,13.536
PROP-0C69AE26D913,81,46,75,81,83.7,CPCB_MAA_Manali,23.493
PROP-1E0B226AD1CB,35,19,31,35,62.3,CPCB_MAA_Manali,12.942
PROP-A259DD7FE9C8,32,17,28,32,52.7,CPCB_MAA_Alandur,6.924
PROP-0B30A0A0DBBD,39,21,35,39,60.7,CPCB_MAA_Manali,22.224
PROP-4278AC95E337,90,48,79,90,55.7,CPCB_MAA_Manali,22.224
PROP-294660330DD1,117,64,106,117,118.3,CPCB_MAA_Manali,13.109
PROP-CED436FA687B,69,39,63,69,43.0,CPCB_MAA_Alandur,14.584
PROP-5E6983336D58,66,36,59,66,41.3,CPCB_MAA_Alandur,10.033
PROP-149FFB2F26CA,95,53,87,95,58.0,CPCB_MAA_Manali,6.072
PROP-484F5023E66A,39,21,35,39,60.7,CPCB_MAA_Manali,12.591
PROP-2647D77E0F8D,90,48,79,90,55.7,CPCB_MAA_Manali,6.072
PROP-AA9429C07967,65,37,61,65,65.3,CPCB_MAA_Alandur,25.529
PROP-F74B6364D62C,81,46,75,81,83.7,CPCB_MAA_Manali,9.875
PROP-BDDD24EA360A,81,45,74,81,50.3,CPCB_MAA_Manali,3.143
PROP-35665EC66C18,56,29,47,56,59.3,CPCB_MAA_Alandur,6.924
PROP-0D98C2E8D9E1,71,39,64,71,43.0,CPCB_MAA_Alandur,7.211
PROP-B6C61BC5B0C3,31,16,26,31,50.3,CPCB_MAA_Alandur,24.726
PROP-15C164A6E840,95,53,87,95,58.0,CPCB_MAA_Manali,8.484
PROP-757C59EC7B31,69,39,63,69,43.0,CPCB_MAA_Alandur,18.19
PROP-3C25CCD7D2B4,109,59,98,109,113.0,CPCB_MAA_Manali,10.61
PROP-3E587CC9CAB6,32,17,28,32,52.7,CPCB_MAA_Alandur,8.087
PROP-872F313098E2,81,46,75,81,83.7,CPCB_MAA_Manali,31.146
PROP-DB780F7939B4,32,17,28,32,52.7,CPCB_MAA_Alandur,6.924
PROP-83A560ED903F,39,21,35,39,60.7,CPCB_MAA_Manali,31.146
PROP-FBAE78BF23D2,41,23,38,41,62.0,CPCB_MAA_Manali,22.224
PROP-B59553234E86,122,63,104,122,119.0,CPCB_MAA_Manali,25.164
PROP-B6CDFCD7A060,35,19,31,35,62.3,CPCB_MAA_Manali,26.377
PROP-C163C0D4CB89,90,48,79,90,55.7,CPCB_MAA_Manali,17.205
PROP-1992387BDC35,57,31,50,57,59.7,CPCB_MAA_Alandur,17.206
PROP-5A9449E11655,97,51,84,97,94.7,CPCB_MAA_Alandur,17.661
PROP-94E563882B43,109,59,98,109,113.0,CPCB_MAA_Manali,10.622
PROP-7943C1E25050,39,21,35,39,60.7,CPCB_MAA_Manali,12.066
PROP-9FB3F9DA0458,57,31,50,57,59.7,CPCB_MAA_Alandur,7.929
PROP-457AD501CB4F,66,36,59,66,41.3,CPCB_MAA_Alandur,7.929
PROP-DF0B5484FDE6,65,37,61,65,65.3,CPCB_MAA_Alandur,9.248
PROP-17028BED9959,56,30,49,56,62.3,CPCB_MAA_Alandur,9.031
PROP-0922FECA4B33,117,64,106,117,118.3,CPCB_MAA_Manali,23.814
PROP-2921F7C54237,102,53,88,102,102.3,CPCB_MAA_Alandur,6.776
PROP-04ACBBC413FF,31,16,26,31,50.3,CPCB_MAA_Alandur,7.557
PROP-AFDAE87C7154,29,15,25,29,52.0,CPCB_MAA_Alandur,19.478
PROP-064596C5790A,90,48,79,90,55.0,CPCB_MAA_Manali,3.143
PROP-230BB0F69709,35,19,31,35,62.3,CPCB_MAA_Manali,9.602
PROP-114A14ECCF64,94,50,82,94,99.0,CPCB_MAA_Alandur,20.059
PROP-50558CB1DC5F,90,48,79,90,55.0,CPCB_MAA_Manali,25.681
PROP-6FA0CFE85AFF,81,45,74,81,50.3,CPCB_MAA_Manali,12.066
PROP-6CB6B102556C,56,29,47,56,59.3,CPCB_MAA_Alandur,10.27
PROP-96DA711717E2,90,51,85,90,54.3,CPCB_MAA_Manali,23.814
PROP-0B4999D2EC4D,35,19,31,35,62.3,CPCB_MAA_Manali,28.723
PROP-B890BC9B2271,29,15,25,29,51.7,CPCB_MAA_Alandur,15.713
PROP-042367585D6E,95,53,87,95,58.0,CPCB_MAA_Manali,20.097
PROP-9F53A910A054,32,17,28,32,52.7,CPCB_MAA_Alandur,9.031
PROP-F360C8E6C8CF,56,30,49,56,62.3,CPCB_MAA_Alandur,10.27
PROP-DDCFD68B4D1A,37,21,34,37,64.7,CPCB_MAA_Manali,9.602
PROP-9CA24DB7A583,61,33,54,61,65.0,CPCB_MAA_Alandur,17.754
PROP-1D61D96EF60F,35,19,31,35,62.3,CPCB_MAA_Manali,23.814
PROP-DF47A905796B,81,44,72,81,84.7,CPCB_MAA_Manali,9.602
PROP-65A514317903,29,15,25,29,51.7,CPCB_MAA_Alandur,10.781
PROP-A06E792E45F2,90,48,79,90,55.0,CPCB_MAA_Manali,23.814
PROP-815CBD9AED4B,56,29,47,56,59.3,CPCB_MAA_Alandur,19.478
PROP-2BDFAB712760,81,45,74,81,50.3,CPCB_MAA_Manali,29.639
PROP-84DFA6EC15D4,81,46,75,81,83.7,CPCB_MAA_Manali,18.404
PROP-FB06D2E59F92,35,19,31,35,62.3,CPCB_MAA_Manali,12.147
PROP-87A2F1F1F3E3,31,16,26,31,50.3,CPCB_MAA_Alandur,10.781
PROP-8BAACECCE52C,27,14,23,27,48.3,CPCB_MAA_Alandur,10.033
PROP-E655FD5552A3,81,44,72,81,84.7,CPCB_MAA_Manali,13.538
PROP-09D3A035CD7B,69,39,63,69,43.0,CPCB_MAA_Alandur,17.754
PROP-D86C1F55C0AC,95,53,87,95,58.0,CPCB_MAA_Manali,10.61
PROP-4698EF9D9F8B,39,21,35,39,60.7,CPCB_MAA_Manali,23.814
PROP-AB7AAC6B0331,27,14,23,27,48.3,CPCB_MAA_Alandur,16.536
PROP-08AEF5A9D481,81,44,72,81,84.7,CPCB_MAA_Manali,8.484
PROP-BAB6D9932EF7,117,64,106,117,118.3,CPCB_MAA_Manali,18.671
PROP-3A27D9D78AE5,78,42,70,78,81.0,CPCB_MAA_Manali,26.377
PROP-FB1D8806ECA6,109,59,98,109,113.0,CPCB_MAA_Manali,12.066
PROP-AEC56B927638,90,51,85,90,54.3,CPCB_MAA_Manali,10.622
PROP-7B89777A2523,94,50,82,94,99.0,CPCB_MAA_Alandur,10.27
PROP-031EACC72FAC,90,51,85,90,54.3,CPCB_MAA_Manali,23.814
PROP-D8DCABCE8AE4,35,19,31,35,62.3,CPCB_MAA_Manali,23.814
PROP-BE5D19F0570A,32,17,28,32,52.7,CPCB_MAA_Alandur,11.308
PROP-08200F346794,71,39,64,71,43.0,CPCB_MAA_Alandur,12.097
PROP-27FCD293E4E9,72,39,65,72,43.0,CPCB_MAA_Alandur,12.412
PROP-76C47B6DA21A,109,59,98,109,113.0,CPCB_MAA_Manali,18.404
PROP-ADA46D2531DF,81,46,75,81,83.7,CPCB_MAA_Manali,18.404
PROP-B57AF3710DB2,41,23,38,41,62.0,CPCB_MAA_Manali,5.785
PROP-158650B2A986,73,39,64,73,44.3,CPCB_MAA_Alandur,12.412
PROP-0918BD82CE03,65,37,61,65,65.3,CPCB_MAA_Alandur,34.167
PROP-B75A9F04D7FE,90,48,79,90,55.7,CPCB_MAA_Manali,29.062
PROP-299B104BBB36,61,33,54,61,65.0,CPCB_MAA_Alandur,13.536
PROP-A46D4E0EB0B9,66,36,59,66,41.3,CPCB_MAA_Alandur,14.7
PROP-F4F8FDE8DB7A,81,46,75,81,83.7,CPCB_MAA_Manali,11.863
PROP-CCCF014B0C39,56,29,47,56,59.3,CPCB_MAA_Alandur,8.691
PROP-2AFDF2EFBB05,57,31,50,57,59.7,CPCB_MAA_Alandur,13.439
PROP-F1B094D776AC,29,15,25,29,51.7,CPCB_MAA_Alandur,5.088
PROP-4A717AC26215,29,15,25,29,51.7,CPCB_MAA_Alandur,15.713
PROP-6030BEE2AD7B,73,39,64,73,44.3,CPCB_MAA_Alandur,19.478
PROP-05DCF1E5D39D,90,48,79,90,55.7,CPCB_MAA_Manali,18.404
PROP-C3F7B5D86C96,35,19,31,35,62.3,CPCB_MAA_Manali,24.948
PROP-5D26797CA7AF,56,30,49,56,62.3,CPCB_MAA_Alandur,8.455
PROP-0DCC61F3F26A,78,42,70,78,81.0,CPCB_MAA_Manali,24.365
PROP-A3C056BEF2B8,90,48,79,90,55.7,CPCB_MAA_Manali,18.404
PROP-1BEDC9589A02,37,21,34,37,64.7,CPCB_MAA_Manali,18.404
PROP-BF10230A4B7B,27,14,23,27,48.3,CPCB_MAA_Alandur,4.751
PROP-E4DBF903EF97,81,46,75,81,83.7,CPCB_MAA_Manali,19.503
PROP-15A9697D56CD,61,33,54,61,65.0,CPCB_MAA_Alandur,20.059
PROP-AE3E52E1B49E,122,63,104,122,119.0,CPCB_MAA_Manali,22.629
PROP-3030314EF96C,95,53,87,95,58.0,CPCB_MAA_Manali,22.629
PROP-D04249A2F8C6,35,19,31,35,62.3,CPCB_MAA_Manali,11.431
PROP-79CCEA7C1BB2,31,16,26,31,50.3,CPCB_MAA_Alandur,19.478
PROP-11EF6CB78C7B,122,63,104,122,119.0,CPCB_MAA_Manali,25.129
PROP-74D96523437F,78,42,70,78,81.0,CPCB_MAA_Manali,10.142
PROP-925A53CC1421,66,36,59,66,41.3,CPCB_MAA_Alandur,34.167
PROP-947825266908,27,14,23,27,48.3,CPCB_MAA_Alandur,6.776
PROP-F561D909ECA5,94,50,82,94,99.0,CPCB_MAA_Alandur,17.754
PROP-5FD4DDB5BEC6,81,44,72,81,84.7,CPCB_MAA_Manali,25.681
PROP-D7B35E263CD6,81,45,74,81,50.3,CPCB_MAA_Manali,6.678
PROP-4208A13E74B2,27,14,23,27,48.3,CPCB_MAA_Alandur,14.206
PROP-7A9AC8BC5366,35,20,33,35,64.3,CPCB_MAA_Manali,18.448
PROP-FB49CD463A83,102,53,88,102,102.3,CPCB_MAA_Alandur,10.781
PROP-CE02F17A36DF,78,42,70,78,81.0,CPCB_MAA_Manali,5.785
PROP-4AD3C193438C,57,31,50,57,59.7,CPCB_MAA_Alandur,18.19
PROP-40E52907DC2C,97,51,84,97,94.7,CPCB_MAA_Alandur,9.031
PROP-91431ADFE5D2,65,37,61,65,65.3,CPCB_MAA_Alandur,35.799
PROP-1F1504EB20E5,72,38,62,72,74.7,CPCB_MAA_Manali,31.146
PROP-105312908C3A,109,59,98,109,119.7,CPCB_MAA_Manali,24.18
PROP-3370EB76062C,81,45,74,81,50.3,CPCB_MAA_Manali,3.143
PROP-A327069852C8,66,36,59,66,41.3,CPCB_MAA_Alandur,19.313
PROP-8A03660F84A2,57,31,50,57,59.7,CPCB_MAA_Alandur,4.834
PROP-41740A5B3569,29,15,25,29,51.7,CPCB_MAA_Alandur,5.206
PROP-FB32AA5EB661,65,37,61,65,65.3,CPCB_MAA_Alandur,13.95
PROP-410A4C8E613B,109,59,98,109,119.7,CPCB_MAA_Manali,18.404
PROP-FB7CC68BAA3F,117,64,106,117,118.3,CPCB_MAA_Manali,18.671
PROP-6A1A02FBF175,72,38,62,72,74.7,CPCB_MAA_Manali,32.541
PROP-0AB9190D8A3D,71,39,64,71,43.0,CPCB_MAA_Alandur,5.206
PROP-0EBACD081EFB,65,37,61,65,65.3,CPCB_MAA_Alandur,19.941
PROP-A21097418DB7,102,53,88,102,102.3,CPCB_MAA_Alandur,14.584
PROP-1BB8DE053D92,122,63,104,122,119.0,CPCB_MAA_Manali,10.61
PROP-B76C38B11867,39,21,35,39,60.7,CPCB_MAA_Manali,18.671
PROP-6BD71451B2F3,81,44,72,81,84.7,CPCB_MAA_Manali,15.342
PROP-B452F83417C1,97,51,84,97,94.7,CPCB_MAA_Alandur,2.392
PROP-7D0FFDDD8D96,61,33,54,61,65.0,CPCB_MAA_Alandur,17.206
PROP-37B72CE4F891,94,50,82,94,99.0,CPCB_MAA_Alandur,17.206
PROP-7CC824B1D1D3,109,59,98,109,119.7,CPCB_MAA_Manali,21.417
PROP-1D3C0C922DE5,35,19,31,35,62.3,CPCB_MAA_Manali,29.639
PROP-E2C47E11E7C7,78,42,70,78,81.0,CPCB_MAA_Manali,23.439
PROP-49214D77DFEC,29,15,25,29,52.0,CPCB_MAA_Alandur,23.693
PROP-1A162571011D,67,38,63,67,76.3,CPCB_MAA_Manali,12.147
PROP-2A274543B798,67,38,63,67,76.3,CPCB_MAA_Manali,15.342
PROP-1974DF9049EB,65,37,61,65,65.3,CPCB_MAA_Alandur,20.796
PROP-948558C91928,39,21,35,39,60.7,CPCB_MAA_Manali,6.072
PROP-E821A6FEA8EA,56,30,49,56,62.3,CPCB_MAA_Alandur,11.58
PROP-09D18DF08D8C,29,15,25,29,51.7,CPCB_MAA_Alandur,13.439
PROP-72DD0E6C2E04,35,19,31,35,62.3,CPCB_MAA_Manali,25.681
PROP-4001297C5EA5,35,20,33,35,64.3,CPCB_MAA_Manali,19.503
PROP-49A76193B3D6,81,45,74,81,50.3,CPCB_MAA_Manali,10.622
PROP-D85BCCAEB8BF,90,49,80,90,96.7,CPCB_MAA_Alandur,20.245
PROP-5A009B837A4A,31,16,26,31,50.3,CPCB_MAA_Alandur,10.27
PROP-246D09705402,81,46,75,81,83.7,CPCB_MAA_Manali,5.785
PROP-022EACFD89A8,72,38,62,72,74.7,CPCB_MAA_Manali,32.541
PROP-5C925E93D559,35,20,33,35,64.3,CPCB_MAA_Manali,21.138
PROP-58FB9D1E9130,102,53,88,102,102.3,CPCB_MAA_Alandur,17.801
PROP-44D81CA25AB0,57,31,50,57,59.7,CPCB_MAA_Alandur,24.726
PROP-141CB64EBC7F,57,31,50,57,59.7,CPCB_MAA_Alandur,17.801
PROP-ADFAF9B14DBD,109,59,98,109,113.0,CPCB_MAA_Manali,26.377
PROP-F228522B5582,41,23,38,41,62.0,CPCB_MAA_Manali,28.723
PROP-5C34C6B5BA9B,71,39,64,71,43.0,CPCB_MAA_Alandur,15.713
PROP-C2B718A46C91,56,30,49,56,62.3,CPCB_MAA_Alandur,15.713
PROP-41554050619B,66,36,59,66,41.3,CPCB_MAA_Alandur,13.439
PROP-E31301A0113C,117,64,106,117,118.3,CPCB_MAA_Manali,12.066
PROP-3459DD56CE98,90,49,80,90,96.7,CPCB_MAA_Alandur,13.536
PROP-E21CED4A39D1,81,45,74,81,50.3,CPCB_MAA_Manali,27.298
PROP-BF19C5A68D29,31,16,26,31,50.3,CPCB_MAA_Alandur,8.024
PROP-B2409FB1AEE8,72,39,65,72,43.0,CPCB_MAA_Alandur,16.154
PROP-E95676A3CF47,90,49,80,90,96.7,CPCB_MAA_Alandur,13.536
PROP-BD17F0375E10,94,50,82,94,99.0,CPCB_MAA_Alandur,25.996
PROP-2FE02E189AA9,39,21,35,39,60.7,CPCB_MAA_Manali,18.448
PROP-4FE634D39E57,90,48,79,90,55.7,CPCB_MAA_Manali,9.847
PROP-804AEC182443,37,21,34,37,64.7,CPCB_MAA_Manali,24.948
PROP-15848142C958,56,30,49,56,62.3,CPCB_MAA_Alandur,19.478
PROP-BD52F5A8E535,29,15,25,29,51.7,CPCB_MAA_Alandur,7.079
PROP-FD03E7F8A7A6,69,39,63,69,43.0,CPCB_MAA_Alandur,19.478
PROP-981917DF82BC,31,16,26,31,50.3,CPCB_MAA_Alandur,7.929
PROP-8D32D5D822B4,73,39,64,73,44.3,CPCB_MAA_Alandur,20.245
PROP-D90F04EC96BC,95,53,87,95,58.0,CPCB_MAA_Manali,20.08
PROP-61B82DD291D3,66,36,59,66,41.3,CPCB_MAA_Alandur,34.167
PROP-B8D797E8662B,27,14,23,27,48.3,CPCB_MAA_Alandur,23.68
PROP-5B95E2F8BA34,95,53,87,95,58.0,CPCB_MAA_Manali,21.11
PROP-54B1C7E89570,72,38,62,72,74.7,CPCB_MAA_Manali,20.097
PROP-2F6FE436DDCB,37,21,34,37,64.7,CPCB_MAA_Manali,28.723
PROP-D34B5F82A2E6,72,39,65,72,43.0,CPCB_MAA_Alandur,9.248
PROP-2FA25BC719A5,57,31,50,57,59.7,CPCB_MAA_Alandur,10.781
PROP-83307BBF6FEA,72,39,65,72,43.0,CPCB_MAA_Alandur,25.529
PROP-1DE487B0ACBE,97,51,84,97,94.7,CPCB_MAA_Alandur,17.801
PROP-47CA71DC6A18,67,38,63,67,76.3,CPCB_MAA_Manali,16.644
PROP-45FEFB44CB15,56,30,49,56,62.3,CPCB_MAA_Alandur,17.661
PROP-79EEC812443B,109,59,98,109,119.7,CPCB_MAA_Manali,9.847
PROP-7DD59E02BF22,66,36,59,66,41.3,CPCB_MAA_Alandur,7.079
PROP-CD85CE0CFD79,109,59,98,109,119.7,CPCB_MAA_Manali,28.723
PROP-167E27187CF6,81,45,74,81,50.3,CPCB_MAA_Manali,12.066
PROP-E15816D91021,81,44,72,81,84.7,CPCB_MAA_Manali,20.097
PROP-B7FB7281B7E3,122,63,104,122,119.0,CPCB_MAA_Manali,13.643
PROP-8FCF7DC9FBB6,109,59,98,109,113.0,CPCB_MAA_Manali,29.507
PROP-2EEDBA788D80,73,39,64,73,44.3,CPCB_MAA_Alandur,17.801
PROP-4B300B740306,37,21,34,37,64.7,CPCB_MAA_Manali,8.973
PROP-BD21BAFC26BD,27,14,23,27,48.3,CPCB_MAA_Alandur,6.776
PROP-A3A64A436996,94,50,82,94,99.0,CPCB_MAA_Alandur,8.024
PROP-22A58F9EA18F,109,59,98,109,119.7,CPCB_MAA_Manali,31.493
PROP-921692A28E8B,56,29,47,56,59.3,CPCB_MAA_Alandur,8.691
PROP-0912041A0312,66,36,59,66,41.3,CPCB_MAA_Alandur,7.079
PROP-9594AC7A0E1E,29,15,25,29,51.7,CPCB_MAA_Alandur,36.613
PROP-0455CDFEE47C,94,50,82,94,99.0,CPCB_MAA_Alandur,17.801
PROP-1D3AA4EFD99C,95,53,87,95,58.0,CPCB_MAA_Manali,16.949
PROP-AF893FFA4C06,56,29,47,56,59.3,CPCB_MAA_Alandur,17.801
PROP-CA86C7D53C46,72,39,65,72,43.0,CPCB_MAA_Alandur,8.691
PROP-E85F2B1F184F,65,37,61,65,65.3,CPCB_MAA_Alandur,7.151
PROP-35273B336C8B,81,46,75,81,83.7,CPCB_MAA_Manali,23.814
PROP-3A41C3085ED3,35,19,31,35,62.3,CPCB_MAA_Manali,10.142
PROP-8855FD1D117F,117,64,106,117,118.3,CPCB_MAA_Manali,13.109
PROP-157835AB2B46,31,16,26,31,50.3,CPCB_MAA_Alandur,17.801
PROP-A0C27D9A272F,31,16,26,31,50.3,CPCB_MAA_Alandur,17.801
PROP-D036945EC7D1,65,37,61,65,65.3,CPCB_MAA_Alandur,7.079
PROP-7C020285DB8B,27,14,23,27,48.3,CPCB_MAA_Alandur,12.412
PROP-4A202B61474B,61,33,54,61,65.0,CPCB_MAA_Alandur,16.536
PROP-E50FFCA69358,109,59,98,109,113.0,CPCB_MAA_Manali,24.18
PROP-C6E4729C1403,102,53,88,102,102.3,CPCB_MAA_Alandur,14.97
PROP-D31CB45252F9,57,31,50,57,59.7,CPCB_MAA_Alandur,17.801
PROP-E394AD90892A,41,23,38,41,62.0,CPCB_MAA_Manali,24.948
PROP-68B8506370C8,31,16,26,31,50.3,CPCB_MAA_Alandur,8.024
PROP-B20A5D32356D,90,51,85,90,54.3,CPCB_MAA_Manali,24.18
PROP-DFEDA14A0BE8,29,15,25,29,52.0,CPCB_MAA_Alandur,17.801
PROP-FC9D0E12E5EC,66,36,59,66,41.3,CPCB_MAA_Alandur,7.929
PROP-8359099DC310,72,38,62,72,74.7,CPCB_MAA_Manali,12.066
PROP-2CFA19FB8D06,90,48,79,90,55.7,CPCB_MAA_Manali,23.814
PROP-374AD4140035,67,38,63,67,76.3,CPCB_MAA_Manali,20.034
PROP-907AFA72C91F,71,39,64,71,43.0,CPCB_MAA_Alandur,23.68
PROP-D181E920CE83,90,49,80,90,96.7,CPCB_MAA_Alandur,25.996
PROP-E421B6575BA6,90,48,79,90,55.0,CPCB_MAA_Manali,24.18
PROP-5E6351124A92,67,38,63,67,76.3,CPCB_MAA_Manali,21.128
PROP-F898A535A8B5,29,15,25,29,52.0,CPCB_MAA_Alandur,23.68
PROP-078EB785709D,39,21,35,39,60.7,CPCB_MAA_Manali,5.785
PROP-2F8F102BAE0D,122,63,104,122,119.0,CPCB_MAA_Manali,21.11
PROP-1CE06D19BE7A,73,39,64,73,44.3,CPCB_MAA_Alandur,6.776
PROP-E2ACA055A06E,69,39,63,69,43.0,CPCB_MAA_Alandur,6.924
PROP-853DA18E46F2,65,37,61,65,65.3,CPCB_MAA_Alandur,13.624
PROP-43402555672E,81,45,74,81,50.3,CPCB_MAA_Manali,10.61
PROP-A46020F40D9C,31,16,26,31,50.3,CPCB_MAA_Alandur,23.68
PROP-B1F8E56E7384,90,48,79,90,55.7,CPCB_MAA_Manali,18.368
PROP-B8BA4D5872C0,94,50,82,94,99.0,CPCB_MAA_Alandur,15.713
PROP-DD0F43F8AF90,72,39,65,72,43.0,CPCB_MAA_Alandur,12.14
PROP-2184E74FC302,117,64,106,117,118.3,CPCB_MAA_Manali,19.503
PROP-39CD76FA847D,56,30,49,56,62.3,CPCB_MAA_Alandur,5.206
PROP-DBBE826408B6,81,46,75,81,83.7,CPCB_MAA_Manali,32.541
PROP-7E4763F4E311,122,63,104,122,119.0,CPCB_MAA_Manali,28.723
PROP-94044F79BBE7,39,21,35,39,60.7,CPCB_MAA_Manali,19.503
PROP-796B051AF8B5,35,19,31,35,62.3,CPCB_MAA_Manali,24.18
PROP-944B59AC40E5,97,51,84,97,94.7,CPCB_MAA_Alandur,17.661
PROP-573A3430DD29,122,63,104,122,119.0,CPCB_MAA_Manali,6.478
PROP-05E494EF43ED,61,33,54,61,65.0,CPCB_MAA_Alandur,23.68
PROP-18582F514AEF,109,59,98,109,113.0,CPCB_MAA_Manali,24.18
PROP-CC8B5738C22B,90,48,79,90,55.7,CPCB_MAA_Manali,13.538
PROP-94BB14559F2B,71,39,64,71,43.0,CPCB_MAA_Alandur,6.221
PROP-381D79A3EA96,90,48,79,90,55.0,CPCB_MAA_Manali,23.814
PROP-A136638701BD,81,44,72,81,84.7,CPCB_MAA_Manali,8.973
PROP-1F60BF6998C2,32,17,28,32,52.7,CPCB_MAA_Alandur,10.033
PROP-8C7D3E89F2EF,117,64,106,117,118.3,CPCB_MAA_Manali,10.622
PROP-2D787C5B7475,66,36,59,66,41.3,CPCB_MAA_Alandur,15.713
PROP-1BE958EEC39E,81,44,72,81,84.7,CPCB_MAA_Manali,18.671
PROP-814CF3B5B043,57,31,50,57,59.7,CPCB_MAA_Alandur,13.95
PROP-C69E658E8D2A,31,16,26,31,50.3,CPCB_MAA_Alandur,14.206
PROP-37F1F0108DB1,29,15,25,29,51.7,CPCB_MAA_Alandur,8.024
PROP-0EF627186823,39,21,35,39,60.7,CPCB_MAA_Manali,30.908
PROP-2042B245996E,90,49,80,90,96.7,CPCB_MAA_Alandur,28.765
PROP-D496ADD94CD0,65,37,61,65,65.3,CPCB_MAA_Alandur,15.901
PROP-709B561C258B,90,48,79,90,55.0,CPCB_MAA_Manali,5.785
PROP-E677F5ADF86F,97,51,84,97,94.7,CPCB_MAA_Alandur,11.308
PROP-05DFF2BD7711,35,19,31,35,62.3,CPCB_MAA_Manali,5.785
PROP-0BF84DE55887,35,19,31,35,62.3,CPCB_MAA_Manali,6.678
PROP-1B5AA3A15AD3,72,38,62,72,74.7,CPCB_MAA_Manali,12.066
PROP-54B26FF196B1,72,39,65,72,43.0,CPCB_MAA_Alandur,3.483
PROP-579D5F435A05,31,16,26,31,50.3,CPCB_MAA_Alandur,15.713
PROP-80C88437229A,29,15,25,29,51.7,CPCB_MAA_Alandur,4.834
PROP-1524D2016EC7,57,31,50,57,59.7,CPCB_MAA_Alandur,17.754
PROP-B45FD1830490,32,17,28,32,52.7,CPCB_MAA_Alandur,20.245
PROP-29E4ADBC9DF0,69,39,63,69,43.0,CPCB_MAA_Alandur,6.924
PROP-5A224758051A,72,38,62,72,74.7,CPCB_MAA_Manali,25.681
PROP-7116EF40DE1E,37,21,34,37,64.7,CPCB_MAA_Manali,24.18
PROP-0BD6B1259BF1,71,39,64,71,43.0,CPCB_MAA_Alandur,15.713
PROP-A5E030295F93,73,39,64,73,44.3,CPCB_MAA_Alandur,17.754
PROP-7CA6482355A6,90,48,79,90,55.0,CPCB_MAA_Manali,13.109
PROP-731FA5524C97,72,39,65,72,43.0,CPCB_MAA_Alandur,8.024
PROP-883C25AC1D83,90,49,80,90,96.7,CPCB_MAA_Alandur,13.624
PROP-6350B007C187,61,33,54,61,65.0,CPCB_MAA_Alandur,10.033
PROP-C71F79FAE54A,94,50,82,94,99.0,CPCB_MAA_Alandur,19.478
PROP-C46A0445B3EA,29,15,25,29,51.7,CPCB_MAA_Alandur,14.015
PROP-34AA51D6DB14,35,19,31,35,62.3,CPCB_MAA_Manali,26.247
PROP-85A7C4321F13,71,39,64,71,43.0,CPCB_MAA_Alandur,9.031
PROP-1FF54B23E5A8,73,39,64,73,44.3,CPCB_MAA_Alandur,10.27
PROP-E6DD120C2013,31,16,26,31,50.3,CPCB_MAA_Alandur,9.031
PROP-4E5F5F8C89E5,72,38,62,72,74.7,CPCB_MAA_Manali,23.814
PROP-BB895603CA91,32,17,28,32,52.7,CPCB_MAA_Alandur,23.693
PROP-C9F82BF3C623,29,15,25,29,52.0,CPCB_MAA_Alandur,14.7
PROP-D126F7BAADEB,94,50,82,94,99.0,CPCB_MAA_Alandur,34.167
PROP-ECF65B90FA60,31,16,26,31,50.3,CPCB_MAA_Alandur,17.754
PROP-B1546A04F6CB,90,49,80,90,96.7,CPCB_MAA_Alandur,17.206
PROP-9A5597E90FB8,56,29,47,56,59.3,CPCB_MAA_Alandur,13.624
PROP-6BB2E461C9DB,81,45,74,81,50.3,CPCB_MAA_Manali,10.61
PROP-376795121424,102,53,88,102,102.3,CPCB_MAA_Alandur,7.151
PROP-0544FCD53F6E,37,21,34,37,64.7,CPCB_MAA_Manali,25.514
PROP-4446D135AAF8,90,48,79,90,55.7,CPCB_MAA_Manali,25.807
PROP-8251B8023374,61,33,54,61,65.0,CPCB_MAA_Alandur,23.68
PROP-DB98A3618A5A,61,33,54,61,65.0,CPCB_MAA_Alandur,8.087
PROP-F20C06D0100F,90,49,80,90,96.7,CPCB_MAA_Alandur,8.815
PROP-6ABEA56E481C,41,23,38,41,62.0,CPCB_MAA_Manali,10.61
PROP-1E9EA0875BA2,32,17,28,32,52.7,CPCB_MAA_Alandur,24.726
PROP-D02330732B02,29,15,25,29,51.7,CPCB_MAA_Alandur,14.662
PROP-7D2E46165F6E,90,48,79,90,55.0,CPCB_MAA_Manali,26.377
PROP-1A094AFB3D21,117,64,106,117,118.3,CPCB_MAA_Manali,18.404
PROP-054F1E08932E,69,39,63,69,43.0,CPCB_MAA_Alandur,6.924
PROP-7D6F43A9D4CE,35,19,31,35,62.3,CPCB_MAA_Manali,29.639
PROP-9D80C55BA31F,37,21,34,37,64.7,CPCB_MAA_Manali,8.973
PROP-A78E23A451BF,90,51,85,90,54.3,CPCB_MAA_Manali,32.541
PROP-0D230B3AC852,109,59,98,109,113.0,CPCB_MAA_Manali,30.913
PROP-6D7F8E5A2DE1,90,48,79,90,55.0,CPCB_MAA_Manali,29.062
PROP-D492BABBD318,29,15,25,29,51.7,CPCB_MAA_Alandur,12.097
PROP-35DF3BA782CF,69,39,63,69,43.0,CPCB_MAA_Alandur,17.754
PROP-EC1D51D84FCC,56,29,47,56,59.3,CPCB_MAA_Alandur,28.765
PROP-99069AA54123,41,23,38,41,62.0,CPCB_MAA_Manali,10.142
PROP-DA387BA6E04C,117,64,106,117,118.3,CPCB_MAA_Manali,28.723
PROP-BECFE8384E6B,56,30,49,56,62.3,CPCB_MAA_Alandur,13.536
PROP-88E36C33860A,32,17,28,32,52.7,CPCB_MAA_Alandur,25.529
PROP-6004129C6DDD,109,59,98,109,113.0,CPCB_MAA_Manali,5.785
PROP-0E75832E4AA0,81,46,75,81,83.7,CPCB_MAA_Manali,25.514
PROP-3313188F61D5,109,59,98,109,113.0,CPCB_MAA_Manali,18.404
PROP-2FA439EE4C93,72,39,65,72,43.0,CPCB_MAA_Alandur,9.248
PROP-B6ECE80B86E8,109,59,98,109,113.0,CPCB_MAA_Manali,14.089
PROP-F28C9BF045E7,73,39,64,73,44.3,CPCB_MAA_Alandur,15.713
PROP-36477752DED5,73,39,64,73,44.3,CPCB_MAA_Alandur,7.822
PROP-7112439953E3,72,38,62,72,74.7,CPCB_MAA_Manali,23.814
PROP-146D1DB2DCCE,81,45,74,81,50.3,CPCB_MAA_Manali,10.622
PROP-384B46371991,69,39,63,69,43.0,CPCB_MAA_Alandur,20.245
PROP-968709E1BB19,71,39,64,71,43.0,CPCB_MAA_Alandur,10.033
PROP-B9254300394C,32,17,28,32,52.7,CPCB_MAA_Alandur,6.924
PROP-9131CEDE8127,73,39,64,73,44.3,CPCB_MAA_Alandur,10.781
PROP-39EDB7D041E5,66,36,59,66,41.3,CPCB_MAA_Alandur,19.313
PROP-5513641AFA85,39,21,35,39,60.7,CPCB_MAA_Manali,9.602
PROP-3A3C18D3CC38,67,38,63,67,76.3,CPCB_MAA_Manali,12.294
PROP-58327ABA6D5F,29,15,25,29,51.7,CPCB_MAA_Alandur,13.536
PROP-542BBDC4C7F3,90,49,80,90,96.7,CPCB_MAA_Alandur,10.033
PROP-CE6E108E3E2C,39,21,35,39,60.7,CPCB_MAA_Manali,13.109
PROP-C87C13D1265B,32,17,28,32,52.7,CPCB_MAA_Alandur,10.098
PROP-3455C7794523,41,23,38,41,62.0,CPCB_MAA_Manali,22.224
PROP-281B3E70BCFF,94,50,82,94,99.0,CPCB_MAA_Alandur,8.815
PROP-7CF166B41216,37,21,34,37,64.7,CPCB_MAA_Manali,18.404
PROP-047D3271BFBD,97,51,84,97,94.7,CPCB_MAA_Alandur,6.924
PROP-C32AF10052CD,56,29,47,56,59.3,CPCB_MAA_Alandur,3.483
PROP-D41C3D257693,57,31,50,57,59.7,CPCB_MAA_Alandur,3.483
PROP-EF5E9F586DBE,81,45,74,81,50.3,CPCB_MAA_Manali,25.164
PROP-11FB4EE4D594,97,51,84,97,94.7,CPCB_MAA_Alandur,13.624
PROP-048409EBAB0F,56,29,47,56,59.3,CPCB_MAA_Alandur,25.529
PROP-9D5B2A37CDFE,81,45,74,81,50.3,CPCB_MAA_Manali,18.586
PROP-5D2682D5D5A8,37,21,34,37,64.7,CPCB_MAA_Manali,22.224
PROP-8D92ADA87AA0,31,16,26,31,50.3,CPCB_MAA_Alandur,28.765
PROP-3CC61B14ED9B,73,39,64,73,44.3,CPCB_MAA_Alandur,20.245
PROP-FA3719D0ED4F,117,64,106,117,118.3,CPCB_MAA_Manali,22.57
PROP-CD5F9F9E7FF7,39,21,35,39,60.7,CPCB_MAA_Manali,9.602
PROP-EB4A1A9AE20E,90,51,85,90,54.3,CPCB_MAA_Manali,13.109
PROP-A2545784B293,57,31,50,57,59.7,CPCB_MAA_Alandur,14.584
PROP-2E033DF8E275,81,45,74,81,50.3,CPCB_MAA_Manali,12.147
PROP-1FB8D6BD160D,29,15,25,29,52.0,CPCB_MAA_Alandur,15.713
PROP-F5A68B7DFC42,90,48,79,90,55.7,CPCB_MAA_Manali,13.569
PROP-F0BD4E311C57,65,37,61,65,65.3,CPCB_MAA_Alandur,17.754
PROP-957633769825,67,38,63,67,76.3,CPCB_MAA_Manali,25.129
PROP-207F9F6C82A1,66,36,59,66,41.3,CPCB_MAA_Alandur,12.097
PROP-DC55255189BD,95,53,87,95,58.0,CPCB_MAA_Manali,26.48
PROP-568A0D0483D1,41,23,38,41,62.0,CPCB_MAA_Manali,26.48
PROP-2AD35CBDD10D,41,23,38,41,62.0,CPCB_MAA_Manali,15.004
PROP-E9F60B779D0F,61,33,54,61,65.0,CPCB_MAA_Alandur,4.834
PROP-523A3FC1860A,90,48,79,90,55.7,CPCB_MAA_Manali,12.591
PROP-D49E710447AD,56,29,47,56,59.3,CPCB_MAA_Alandur,25.529
PROP-A515A1FEB83F,67,38,63,67,76.3,CPCB_MAA_Manali,22.224
PROP-56B3FBB796CE,122,63,104,122,119.0,CPCB_MAA_Manali,8.973
PROP-43F49D4C9A96,72,38,62,72,74.7,CPCB_MAA_Manali,13.783
PROP-7CEFDA7B46A6,27,14,23,27,48.3,CPCB_MAA_Alandur,16.327
PROP-89A989D5AEC5,67,38,63,67,76.3,CPCB_MAA_Manali,20.097
PROP-F7E1DDE82792,65,37,61,65,65.3,CPCB_MAA_Alandur,9.827
PROP-1D51EEED690A,97,51,84,97,94.7,CPCB_MAA_Alandur,19.941
PROP-45688A151BEC,61,33,54,61,65.0,CPCB_MAA_Alandur,11.308
PROP-24CBB7EFBCEF,81,44,72,81,84.7,CPCB_MAA_Manali,12.591
PROP-3A4347158642,56,29,47,56,59.3,CPCB_MAA_Alandur,12.412
PROP-2A2DCA0CF5BB,73,39,64,73,44.3,CPCB_MAA_Alandur,12.412
PROP-E293A28491F9,71,39,64,71,43.0,CPCB_MAA_Alandur,10.758
PROP-6D87CE160010,69,39,63,69,43.0,CPCB_MAA_Alandur,12.412
PROP-EC9F1894A0D2,122,63,104,122,119.0,CPCB_MAA_Manali,9.602
PROP-D2B8AEFDC4A2,90,51,85,90,54.3,CPCB_MAA_Manali,7.525
PROP-6C2B6A425065,35,19,31,35,62.3,CPCB_MAA_Manali,26.48
PROP-BC4691A199D2,65,37,61,65,65.3,CPCB_MAA_Alandur,13.624
PROP-2D5F825DE4AF,65,37,61,65,65.3,CPCB_MAA_Alandur,16.156
PROP-EF590F3FA56A,81,46,75,81,83.7,CPCB_MAA_Manali,11.138
PROP-9576F66E3C33,72,38,62,72,74.7,CPCB_MAA_Manali,12.56
PROP-8BF6B2AFC71C,41,23,38,41,62.0,CPCB_MAA_Manali,19.927
PROP-636DDDB1B4E7,78,42,70,78,81.0,CPCB_MAA_Manali,16.83
PROP-E8882E4C4F1F,90,48,79,90,55.7,CPCB_MAA_Manali,14.257
PROP-A36C94723B05,35,19,31,35,62.3,CPCB_MAA_Manali,10.142
PROP-49396E8DABBC,67,38,63,67,76.3,CPCB_MAA_Manali,21.128
PROP-57EA5236DEFB,37,21,34,37,64.7,CPCB_MAA_Manali,12.56
PROP-ABA20FC7ECB6,109,59,98,109,113.0,CPCB_MAA_Manali,15.004
PROP-78682429BB22,61,33,54,61,65.0,CPCB_MAA_Alandur,9.879
PROP-B3CF8BABB6F2,97,51,84,97,94.7,CPCB_MAA_Alandur,8.024
PROP-5871CC94B0CC,94,50,82,94,99.0,CPCB_MAA_Alandur,25.321
PROP-047C3170CAC9,56,29,47,56,59.3,CPCB_MAA_Alandur,33.1
PROP-5B361EA28049,73,39,64,73,44.3,CPCB_MAA_Alandur,14.994
PROP-3BA19A960562,94,50,82,94,99.0,CPCB_MAA_Alandur,5.088
PROP-1B5CA76FE1DF,69,39,63,69,43.0,CPCB_MAA_Alandur,8.024
PROP-B431D9873E4F,95,53,87,95,58.0,CPCB_MAA_Manali,25.164
PROP-92CE2E806BB0,56,30,49,56,62.3,CPCB_MAA_Alandur,17.754
PROP-1EEF04637056,39,21,35,39,60.7,CPCB_MAA_Manali,23.439
PROP-80466D17C476,35,20,33,35,64.3,CPCB_MAA_Manali,19.123
PROP-A5DEBFD65275,66,36,59,66,41.3,CPCB_MAA_Alandur,14.994
PROP-8E673EBCACFC,90,48,79,90,55.0,CPCB_MAA_Manali,22.224
PROP-64453DA207AB,72,39,65,72,43.0,CPCB_MAA_Alandur,5.29
PROP-6AE9E231A7E8,61,33,54,61,65.0,CPCB_MAA_Alandur,7.822
PROP-5D196C38E942,57,31,50,57,59.7,CPCB_MAA_Alandur,19.404
PROP-AFBB585988A1,67,38,63,67,76.3,CPCB_MAA_Manali,12.294
PROP-123BE1112E9D,102,53,88,102,102.3,CPCB_MAA_Alandur,5.238
PROP-758E0F776A14,90,51,85,90,54.3,CPCB_MAA_Manali,7.518
PROP-EBF1AEE03EE8,81,44,72,81,84.7,CPCB_MAA_Manali,12.294
PROP-F1483558F67E,102,53,88,102,102.3,CPCB_MAA_Alandur,8.455
PROP-68E4EFB12169,35,20,33,35,64.3,CPCB_MAA_Manali,25.681
PROP-EFC4C69F4069,90,48,79,90,55.7,CPCB_MAA_Manali,12.066
PROP-370B44AC29BB,29,15,25,29,51.7,CPCB_MAA_Alandur,8.455
PROP-0AF72CDF3DD7,109,59,98,109,113.0,CPCB_MAA_Manali,19.98
PROP-AE1224CDA183,56,30,49,56,62.3,CPCB_MAA_Alandur,19.941
PROP-C545A7EF0886,56,30,49,56,62.3,CPCB_MAA_Alandur,5.238
PROP-DC411E13B622,29,15,25,29,52.0,CPCB_MAA_Alandur,7.079
PROP-935D767505B7,37,21,34,37,64.7,CPCB_MAA_Manali,18.681
PROP-50FB177A2F93,39,21,35,39,60.7,CPCB_MAA_Manali,23.188
PROP-84149ACF4546,41,23,38,41,62.0,CPCB_MAA_Manali,13.751
PROP-2C030FB1FD1C,72,38,62,72,74.7,CPCB_MAA_Manali,28.723
PROP-23EB90E80E6E,29,15,25,29,51.7,CPCB_MAA_Alandur,16.154
PROP-603219C904DE,73,39,64,73,44.3,CPCB_MAA_Alandur,12.412
PROP-A05D4B668437,57,31,50,57,59.7,CPCB_MAA_Alandur,20.796
PROP-AB10B3B25C26,29,15,25,29,51.7,CPCB_MAA_Alandur,4.751
PROP-1FBD46093677,78,42,70,78,81.0,CPCB_MAA_Manali,27.661
PROP-9C20A2BE172F,27,14,23,27,48.3,CPCB_MAA_Alandur,7.211
PROP-0D29A9A27363,117,64,106,117,118.3,CPCB_MAA_Manali,9.847
PROP-6249728246A4,90,48,79,90,55.7,CPCB_MAA_Manali,24.941
PROP-EC7A49F3E79D,69,39,63,69,43.0,CPCB_MAA_Alandur,24.726
PROP-5CD1D083370F,41,23,38,41,62.0,CPCB_MAA_Manali,24.365
PROP-B612F1E63F8F,56,29,47,56,59.3,CPCB_MAA_Alandur,12.097
PROP-92604544445A,78,42,70,78,81.0,CPCB_MAA_Manali,5.785
PROP-E4F786F8A9C5,90,49,80,90,96.7,CPCB_MAA_Alandur,9.879
PROP-095536C61A49,81,46,75,81,83.7,CPCB_MAA_Manali,19.98
PROP-3AC3ACD3BBEC,69,39,63,69,43.0,CPCB_MAA_Alandur,6.883
PROP-5DFA2278585D,109,59,98,109,119.7,CPCB_MAA_Manali,23.51
PROP-7326B3BB46CC,90,48,79,90,55.0,CPCB_MAA_Manali,10.622
PROP-C30393DAFB6B,29,15,25,29,51.7,CPCB_MAA_Alandur,24.726
PROP-1D1CE5E679C2,122,63,104,122,119.0,CPCB_MAA_Manali,12.56
PROP-886E92E38564,56,30,49,56,62.3,CPCB_MAA_Alandur,25.529
PROP-F39038E5A4A6,72,39,65,72,43.0,CPCB_MAA_Alandur,13.624
PROP-8012B832B31B,69,39,63,69,43.0,CPCB_MAA_Alandur,17.754
PROP-47F60DD942BB,72,38,62,72,74.7,CPCB_MAA_Manali,31.146
PROP-7F2A6102A08B,29,15,25,29,51.7,CPCB_MAA_Alandur,8.455
PROP-9C8E6167ED12,109,59,98,109,119.7,CPCB_MAA_Manali,3.641
PROP-85311F49F3AD,56,30,49,56,62.3,CPCB_MAA_Alandur,6.776
PROP-DE157F628EF5,72,39,65,72,43.0,CPCB_MAA_Alandur,9.248
PROP-D47CC6D5F8B2,67,38,63,67,76.3,CPCB_MAA_Manali,12.066
PROP-039D14DE8551,67,38,63,67,76.3,CPCB_MAA_Manali,13.569
PROP-3E6B9C87D772,67,38,63,67,76.3,CPCB_MAA_Manali,23.814
PROP-D8E85E5F9387,29,15,25,29,52.0,CPCB_MAA_Alandur,8.455
PROP-FBD4B9F295AE,31,16,26,31,50.3,CPCB_MAA_Alandur,8.455
PROP-34E5A70A19A6,69,39,63,69,43.0,CPCB_MAA_Alandur,24.726
PROP-CE95B2851E05,39,21,35,39,60.7,CPCB_MAA_Manali,13.109
PROP-105DEF10B62E,81,45,74,81,50.3,CPCB_MAA_Manali,9.602
PROP-DFEF5D40CDAC,97,51,84,97,94.7,CPCB_MAA_Alandur,8.455
PROP-D0125D7F1E3F,90,48,79,90,55.7,CPCB_MAA_Manali,21.128
PROP-C8356D196EB4,95,53,87,95,58.0,CPCB_MAA_Manali,5.785
PROP-C11883496832,73,39,64,73,44.3,CPCB_MAA_Alandur,17.801
PROP-5E0A905726D7,61,33,54,61,65.0,CPCB_MAA_Alandur,13.439
PROP-A3466C0423E4,122,63,104,122,119.0,CPCB_MAA_Manali,10.622
PROP-2B3933433ECC,94,50,82,94,99.0,CPCB_MAA_Alandur,5.238
PROP-9E2B1CC14639,72,39,65,72,43.0,CPCB_MAA_Alandur,8.691
PROP-B444EDDF5ADE,41,23,38,41,62.0,CPCB_MAA_Manali,24.18
PROP-2497DA715EAB,73,39,64,73,44.3,CPCB_MAA_Alandur,8.024
PROP-313C6CDE9C19,35,19,31,35,62.3,CPCB_MAA_Manali,12.942
PROP-038425F790E1,81,46,75,81,83.7,CPCB_MAA_Manali,10.047
PROP-C6866C540833,90,49,80,90,96.7,CPCB_MAA_Alandur,8.024
PROP-DE375B3B7AB8,56,29,47,56,59.3,CPCB_MAA_Alandur,23.693
PROP-4621C4F0A31A,94,50,82,94,99.0,CPCB_MAA_Alandur,7.211
PROP-D01F227C3630,90,48,79,90,55.0,CPCB_MAA_Manali,5.785
PROP-212E826D69F5,90,49,80,90,96.7,CPCB_MAA_Alandur,8.024
PROP-05D74D41B330,90,48,79,90,55.0,CPCB_MAA_Manali,6.678
PROP-B2361C1ABE9B,56,29,47,56,59.3,CPCB_MAA_Alandur,15.713
PROP-78DC410CE90A,69,39,63,69,43.0,CPCB_MAA_Alandur,6.924
PROP-5A1F27E158CA,122,63,104,122,119.0,CPCB_MAA_Manali,18.671
PROP-02A9785BE6B5,69,39,63,69,43.0,CPCB_MAA_Alandur,34.167
PROP-87E5683FF62B,35,19,31,35,62.3,CPCB_MAA_Manali,20.034
PROP-B75CB8A653E4,90,48,79,90,55.7,CPCB_MAA_Manali,18.687
PROP-4C9EEF70412C,56,30,49,56,62.3,CPCB_MAA_Alandur,10.781
PROP-49E894176BB0,56,30,49,56,62.3,CPCB_MAA_Alandur,25.529
PROP-FBFAA78656CE,72,38,62,72,74.7,CPCB_MAA_Manali,9.27
PROP-12CD7FA6D63B,72,38,62,72,74.7,CPCB_MAA_Manali,20.034
PROP-CFFBA036750C,35,20,33,35,64.3,CPCB_MAA_Manali,9.847
PROP-2C08F7C73864,31,16,26,31,50.3,CPCB_MAA_Alandur,9.248
PROP-A61526B76717,35,20,33,35,64.3,CPCB_MAA_Manali,18.855
PROP-B5BBE2D54501,39,21,35,39,60.7,CPCB_MAA_Manali,18.855
PROP-C55C71829D0F,67,38,63,67,76.3,CPCB_MAA_Manali,18.855
PROP-9D26E5B94C09,57,31,50,57,59.7,CPCB_MAA_Alandur,5.238
PROP-E4280A60FD9F,90,48,79,90,55.7,CPCB_MAA_Manali,28.723
PROP-F88B6FA80420,78,42,70,78,81.0,CPCB_MAA_Manali,24.18
PROP-598D860C57F7,90,48,79,90,55.0,CPCB_MAA_Manali,12.066
PROP-B86897DAF087,67,38,63,67,76.3,CPCB_MAA_Manali,8.973
PROP-89289F8E1020,90,48,79,90,55.0,CPCB_MAA_Manali,21.276
PROP-4D65BEFCFF35,109,59,98,109,113.0,CPCB_MAA_Manali,18.404
PROP-6304C1649CD3,94,50,82,94,99.0,CPCB_MAA_Alandur,33.1
PROP-95C30A7FAFE7,39,21,35,39,60.7,CPCB_MAA_Manali,31.493
PROP-760A66091304,67,38,63,67,76.3,CPCB_MAA_Manali,5.785
PROP-0CC231D6445D,72,38,62,72,74.7,CPCB_MAA_Manali,5.785
PROP-7F831A852421,117,64,106,117,118.3,CPCB_MAA_Manali,6.072
PROP-461841126FD8,41,23,38,41,62.0,CPCB_MAA_Manali,12.066
PROP-EB6490EEF52A,35,19,31,35,62.3,CPCB_MAA_Manali,12.066
PROP-D2B8D5E7818B,117,64,106,117,118.3,CPCB_MAA_Manali,23.635
PROP-8505C6D58A2D,65,37,61,65,65.3,CPCB_MAA_Alandur,13.536
PROP-22F9546CB97B,81,45,74,81,50.3,CPCB_MAA_Manali,13.751
PROP-5913E9A5D96D,27,14,23,27,48.3,CPCB_MAA_Alandur,8.024
PROP-48582130F801,109,59,98,109,119.7,CPCB_MAA_Manali,3.641
PROP-AB189F42AE3A,27,14,23,27,48.3,CPCB_MAA_Alandur,17.801
PROP-69F66ED866EC,29,15,25,29,52.0,CPCB_MAA_Alandur,8.691
PROP-E5C7FD45EC04,29,15,25,29,52.0,CPCB_MAA_Alandur,13.536
PROP-13FA24FAFC84,35,20,33,35,64.3,CPCB_MAA_Manali,3.641
PROP-3E5B52A434E1,57,31,50,57,59.7,CPCB_MAA_Alandur,25.529
PROP-C1FB700C2334,66,36,59,66,41.3,CPCB_MAA_Alandur,13.95
PROP-99D43A4930DF,90,51,85,90,54.3,CPCB_MAA_Manali,25.164
PROP-98CEE4650250,65,37,61,65,65.3,CPCB_MAA_Alandur,8.024
PROP-ECDB08D0A547,94,50,82,94,99.0,CPCB_MAA_Alandur,17.801
PROP-0E461529BB38,109,59,98,109,113.0,CPCB_MAA_Manali,8.484
PROP-507784D5BF0B,109,59,98,109,119.7,CPCB_MAA_Manali,13.538
PROP-ECC1213DC69B,109,59,98,109,113.0,CPCB_MAA_Manali,5.785
PROP-93A946C0D4CC,31,16,26,31,50.3,CPCB_MAA_Alandur,8.691
PROP-FB6C524EA7CA,57,31,50,57,59.7,CPCB_MAA_Alandur,7.929
PROP-7DD908F453A9,90,48,79,90,55.0,CPCB_MAA_Manali,5.785
PROP-71F7051F77B3,73,39,64,73,44.3,CPCB_MAA_Alandur,15.395
PROP-DE1E4103B86A,27,14,23,27,48.3,CPCB_MAA_Alandur,17.661
PROP-8650FC964A32,90,48,79,90,55.7,CPCB_MAA_Manali,12.294
PROP-9640F6004261,81,44,72,81,84.7,CPCB_MAA_Manali,26.247
PROP-42AE066E1A7A,35,20,33,35,64.3,CPCB_MAA_Manali,28.723
PROP-2A795495F12F,56,30,49,56,62.3,CPCB_MAA_Alandur,17.661
PROP-B7F344B98DCA,109,59,98,109,113.0,CPCB_MAA_Manali,14.257
PROP-B0BF6625DA15,31,16,26,31,50.3,CPCB_MAA_Alandur,17.661
PROP-625CEE21561C,81,45,74,81,50.3,CPCB_MAA_Manali,18.687
PROP-B02DED0F1F8E,122,63,104,122,119.0,CPCB_MAA_Manali,8.973
PROP-32B6BF80ADCF,97,51,84,97,94.7,CPCB_MAA_Alandur,15.175
PROP-6193E6D2E28B,39,21,35,39,60.7,CPCB_MAA_Manali,13.751
PROP-97834262F186,90,51,85,90,54.3,CPCB_MAA_Manali,23.188
PROP-5E1773F61EED,94,50,82,94,99.0,CPCB_MAA_Alandur,7.929
PROP-7A565625ECA2,72,38,62,72,74.7,CPCB_MAA_Manali,10.61
PROP-102A48EA76ED,90,48,79,90,55.0,CPCB_MAA_Manali,13.783
PROP-38EA3789666C,81,46,75,81,83.7,CPCB_MAA_Manali,29.507
PROP-75FEBA3A7DDF,41,23,38,41,62.0,CPCB_MAA_Manali,21.128
PROP-3E799E9F82BD,72,38,62,72,74.7,CPCB_MAA_Manali,24.18
PROP-75D668FA86B2,73,39,64,73,44.3,CPCB_MAA_Alandur,33.1
PROP-FED461A27222,56,30,49,56,62.3,CPCB_MAA_Alandur,5.238
PROP-5479AC599AB2,90,48,79,90,55.0,CPCB_MAA_Manali,30.913
PROP-92F449C3516F,56,30,49,56,62.3,CPCB_MAA_Alandur,12.412
PROP-099F018AC5BC,78,42,70,78,81.0,CPCB_MAA_Manali,24.18
PROP-50DAE96FD69F,72,39,65,72,43.0,CPCB_MAA_Alandur,33.1
PROP-14B4356FBFB6,102,53,88,102,102.3,CPCB_MAA_Alandur,10.27
PROP-EE3776062233,90,51,85,90,54.3,CPCB_MAA_Manali,12.942
PROP-9B690912CCD5,78,42,70,78,81.0,CPCB_MAA_Manali,23.814
PROP-5556187ED4D0,57,31,50,57,59.7,CPCB_MAA_Alandur,7.079
PROP-730108554819,78,42,70,78,81.0,CPCB_MAA_Manali,13.109
PROP-C0DFC03283FC,95,53,87,95,58.0,CPCB_MAA_Manali,7.518
PROP-5A32062519A6,90,48,79,90,55.0,CPCB_MAA_Manali,25.807
PROP-1C3BF06492FD,81,45,74,81,50.3,CPCB_MAA_Manali,23.439
PROP-68D49B07F2B9,31,16,26,31,50.3,CPCB_MAA_Alandur,12.412
PROP-DE9DA28714AF,90,51,85,90,54.3,CPCB_MAA_Manali,10.622
PROP-D155733E8EC2,78,42,70,78,81.0,CPCB_MAA_Manali,16.625
PROP-57BE276EBE13,90,48,79,90,55.0,CPCB_MAA_Manali,18.586
PROP-BEDF6EE3E0C3,56,30,49,56,62.3,CPCB_MAA_Alandur,9.879
PROP-9CFB94F4D3DF,102,53,88,102,102.3,CPCB_MAA_Alandur,1.772
PROP-98A17047105D,56,30,49,56,62.3,CPCB_MAA_Alandur,30.4
PROP-20508311F8C6,31,16,26,31,50.3,CPCB_MAA_Alandur,34.795
PROP-4DC234BD92CE,39,21,35,39,60.7,CPCB_MAA_Manali,9.875
PROP-29E05F68CDDC,56,30,49,56,62.3,CPCB_MAA_Alandur,17.801
PROP-AC93EF4B6D3C,90,48,79,90,55.7,CPCB_MAA_Manali,26.48
PROP-6FCE6FED78AF,27,14,23,27,48.3,CPCB_MAA_Alandur,25.321
PROP-76D8CBDA7DFF,35,20,33,35,64.3,CPCB_MAA_Manali,16.949
PROP-818420AF923D,90,51,85,90,54.3,CPCB_MAA_Manali,12.203
PROP-8BF30EA613B3,109,59,98,109,113.0,CPCB_MAA_Manali,12.203
PROP-17E87CF8A856,61,33,54,61,65.0,CPCB_MAA_Alandur,19.941
PROP-3C9F36317EC2,57,31,50,57,59.7,CPCB_MAA_Alandur,9.145
PROP-7C03D493EBE5,71,39,64,71,43.0,CPCB_MAA_Alandur,16.327
PROP-A6EA47DC8AE0,35,20,33,35,64.3,CPCB_MAA_Manali,7.518
PROP-2AE5A7C5C609,95,53,87,95,58.0,CPCB_MAA_Manali,9.847
PROP-9264D5AC4CE3,35,20,33,35,64.3,CPCB_MAA_Manali,30.913
PROP-FE11C3BF1BCF,90,51,85,90,54.3,CPCB_MAA_Manali,6.072
PROP-DCEEB7DB5B1D,94,50,82,94,99.0,CPCB_MAA_Alandur,19.478
PROP-C2DBDC3420F0,35,19,31,35,62.3,CPCB_MAA_Manali,8.484
PROP-B0783D9690D4,78,42,70,78,81.0,CPCB_MAA_Manali,17.967
PROP-AC5E103DEF8E,32,17,28,32,52.7,CPCB_MAA_Alandur,16.154
PROP-3EC2C03B30A9,97,51,84,97,94.7,CPCB_MAA_Alandur,15.713
PROP-8AD7E6E843B7,56,29,47,56,59.3,CPCB_MAA_Alandur,14.7
PROP-B68513FEE3D9,109,59,98,109,113.0,CPCB_MAA_Manali,13.783
PROP-758543E09AF4,39,21,35,39,60.7,CPCB_MAA_Manali,18.404
PROP-883EAD1BD562,109,59,98,109,113.0,CPCB_MAA_Manali,14.089
PROP-31EF6B37DC72,117,64,106,117,118.3,CPCB_MAA_Manali,19.98
PROP-8A2605F9B087,32,17,28,32,52.7,CPCB_MAA_Alandur,34.167
PROP-4D58E2CC3297,97,51,84,97,94.7,CPCB_MAA_Alandur,34.167
PROP-70F451C48336,66,36,59,66,41.3,CPCB_MAA_Alandur,16.327
PROP-EA4E6AE54F50,81,44,72,81,84.7,CPCB_MAA_Manali,22.224
PROP-C630C6A76782,90,48,79,90,55.0,CPCB_MAA_Manali,19.503
PROP-6B016AD2CD8A,41,23,38,41,62.0,CPCB_MAA_Manali,24.927
PROP-FD339ECF86FC,109,59,98,109,113.0,CPCB_MAA_Manali,19.503
PROP-7157850066F1,56,30,49,56,62.3,CPCB_MAA_Alandur,15.927
PROP-4F610207525A,90,51,85,90,54.3,CPCB_MAA_Manali,20.08
PROP-2540EF3E8199,94,50,82,94,99.0,CPCB_MAA_Alandur,5.06
PROP-ABBA164A9C1B,73,39,64,73,44.3,CPCB_MAA_Alandur,16.154
PROP-31DC090E2289,73,39,64,73,44.3,CPCB_MAA_Alandur,16.536
PROP-00E7989E006F,66,36,59,66,41.3,CPCB_MAA_Alandur,14.994
PROP-AC90129CF0DC,32,17,28,32,52.7,CPCB_MAA_Alandur,1.035
PROP-DFEEA937B78F,56,30,49,56,62.3,CPCB_MAA_Alandur,10.098
PROP-CAB710BE24E4,72,38,62,72,74.7,CPCB_MAA_Manali,18.372
PROP-FC9537F5CD9F,90,48,79,90,55.7,CPCB_MAA_Manali,23.51
PROP-1D034CF76D91,109,59,98,109,113.0,CPCB_MAA_Manali,18.372
PROP-AAA2533FD741,122,63,104,122,119.0,CPCB_MAA_Manali,25.129
PROP-A76AAEB1588E,78,42,70,78,81.0,CPCB_MAA_Manali,10.61
PROP-5D18B35844D0,90,51,85,90,54.3,CPCB_MAA_Manali,13.783
PROP-E33DBD7AEC61,81,46,75,81,83.7,CPCB_MAA_Manali,13.783
PROP-B24B67FD6BB9,90,48,79,90,55.7,CPCB_MAA_Manali,18.687
PROP-0EE16A6C79B4,78,42,70,78,81.0,CPCB_MAA_Manali,14.974
PROP-C897AC066CE7,31,16,26,31,50.3,CPCB_MAA_Alandur,5.29
PROP-A66EED7F4FFB,37,21,34,37,64.7,CPCB_MAA_Manali,9.602
PROP-938B35609A83,81,46,75,81,83.7,CPCB_MAA_Manali,3.641
PROP-B30F84ED7C1A,102,53,88,102,102.3,CPCB_MAA_Alandur,17.754
PROP-33E8A051C8BB,95,53,87,95,58.0,CPCB_MAA_Manali,25.807
PROP-F472C4E6FE5D,71,39,64,71,43.0,CPCB_MAA_Alandur,22.639
PROP-BA0F4D79AFF5,90,48,79,90,55.7,CPCB_MAA_Manali,13.643
PROP-176F6043EB16,90,48,79,90,55.0,CPCB_MAA_Manali,9.847
PROP-9E29C1686C42,122,63,104,122,119.0,CPCB_MAA_Manali,14.974
PROP-B1B71FF687F6,72,39,65,72,43.0,CPCB_MAA_Alandur,13.624
PROP-053D9143FAA2,61,33,54,61,65.0,CPCB_MAA_Alandur,11.77
PROP-4691CA752DE8,71,39,64,71,43.0,CPCB_MAA_Alandur,15.927
PROP-6010D55F9972,90,49,80,90,96.7,CPCB_MAA_Alandur,11.308
PROP-BFE34B6A42A5,71,39,64,71,43.0,CPCB_MAA_Alandur,28.248
PROP-CD08A2CAC136,73,39,64,73,44.3,CPCB_MAA_Alandur,15.141
PROP-A456B97B86B0,39,21,35,39,60.7,CPCB_MAA_Manali,24.18
PROP-5FB2109BFB0C,81,45,74,81,50.3,CPCB_MAA_Manali,27.661
PROP-0BFC1892F6D5,97,51,84,97,94.7,CPCB_MAA_Alandur,9.248
PROP-38E8B5DF885A,65,37,61,65,65.3,CPCB_MAA_Alandur,14.015
PROP-3E02D030B25B,66,36,59,66,41.3,CPCB_MAA_Alandur,7.557
PROP-28DD3A269ABF,65,37,61,65,65.3,CPCB_MAA_Alandur,10.098
PROP-CCA630C5A833,81,45,74,81,50.3,CPCB_MAA_Manali,13.538
PROP-5BE53FBA4840,95,53,87,95,58.0,CPCB_MAA_Manali,13.643
PROP-79FCF61433FF,94,50,82,94,99.0,CPCB_MAA_Alandur,8.815
PROP-AAAFF46FCFFA,109,59,98,109,113.0,CPCB_MAA_Manali,18.404
PROP-72FBB7DBF49B,90,48,79,90,55.0,CPCB_MAA_Manali,8.973
PROP-BE3344A9183A,102,53,88,102,102.3,CPCB_MAA_Alandur,15.713
PROP-6C38EEE84652,90,48,79,90,55.0,CPCB_MAA_Manali,26.544
PROP-C8ABBC4B58A5,72,38,62,72,74.7,CPCB_MAA_Manali,23.51
PROP-A7BDD19BC058,81,46,75,81,83.7,CPCB_MAA_Manali,26.247
PROP-4214690471CC,61,33,54,61,65.0,CPCB_MAA_Alandur,10.033
PROP-6FC6D5EF0031,94,50,82,94,99.0,CPCB_MAA_Alandur,13.624
PROP-84A2B3360A63,97,51,84,97,94.7,CPCB_MAA_Alandur,7.151
PROP-433E091DDD32,72,39,65,72,43.0,CPCB_MAA_Alandur,5.06
PROP-1701476D69A7,65,37,61,65,65.3,CPCB_MAA_Alandur,19.478
PROP-349B9C47C91F,95,53,87,95,58.0,CPCB_MAA_Manali,24.948
PROP-159224B80096,56,30,49,56,62.3,CPCB_MAA_Alandur,32.259
PROP-4B12C9E4E146,102,53,88,102,102.3,CPCB_MAA_Alandur,6.776
PROP-35BE0D77385C,27,14,23,27,48.3,CPCB_MAA_Alandur,25.321
PROP-1F60CB28B0C8,81,45,74,81,50.3,CPCB_MAA_Manali,12.099
PROP-A0E0306C5A80,90,48,79,90,55.7,CPCB_MAA_Manali,8.304
PROP-45DAC6E7FF34,67,38,63,67,76.3,CPCB_MAA_Manali,8.304
PROP-483FB7A6647A,31,16,26,31,50.3,CPCB_MAA_Alandur,17.0
PROP-0C82EE1F2965,81,46,75,81,83.7,CPCB_MAA_Manali,13.643
PROP-258076B12F72,90,48,79,90,55.7,CPCB_MAA_Manali,5.438
PROP-175D59FC260C,97,51,84,97,94.7,CPCB_MAA_Alandur,7.557
PROP-7508C0D46D48,90,48,79,90,55.0,CPCB_MAA_Manali,27.661
PROP-5E1E3BC9AF83,122,63,104,122,119.0,CPCB_MAA_Manali,5.785
PROP-40AD669D8229,72,38,62,72,74.7,CPCB_MAA_Manali,8.651
PROP-7EE61EE8B535,109,59,98,109,119.7,CPCB_MAA_Manali,15.769
PROP-138D9E65DB0F,90,48,79,90,55.7,CPCB_MAA_Manali,23.921
PROP-C4253A09A7EB,65,37,61,65,65.3,CPCB_MAA_Alandur,17.0
PROP-0D0898198CD0,31,16,26,31,50.3,CPCB_MAA_Alandur,6.776
PROP-A9054D286DE6,35,20,33,35,64.3,CPCB_MAA_Manali,29.639
PROP-0A2508447F60,57,31,50,57,59.7,CPCB_MAA_Alandur,5.06
PROP-ADEB96E35890,61,33,54,61,65.0,CPCB_MAA_Alandur,8.455
PROP-6EAD4B8938F8,122,63,104,122,119.0,CPCB_MAA_Manali,30.913
PROP-FFE13AE0E4EA,66,36,59,66,41.3,CPCB_MAA_Alandur,13.873
PROP-32F4198B7563,95,53,87,95,58.0,CPCB_MAA_Manali,22.224
PROP-8D9741DEB012,71,39,64,71,43.0,CPCB_MAA_Alandur,34.167
PROP-2D7AE14D42D3,81,44,72,81,84.7,CPCB_MAA_Manali,25.714
PROP-13375B1A5629,78,42,70,78,81.0,CPCB_MAA_Manali,23.493
PROP-18E3A0895DF8,35,20,33,35,64.3,CPCB_MAA_Manali,8.973
PROP-91EE5A4D6034,94,50,82,94,99.0,CPCB_MAA_Alandur,34.167
PROP-49900D1DCAB2,94,50,82,94,99.0,CPCB_MAA_Alandur,17.754
PROP-B453A7BF7C52,27,14,23,27,48.3,CPCB_MAA_Alandur,6.776
PROP-AF6144C38FE8,29,15,25,29,52.0,CPCB_MAA_Alandur,8.605
PROP-BAAF6F1DBEBE,32,17,28,32,52.7,CPCB_MAA_Alandur,15.175
PROP-9A7489587C51,29,15,25,29,52.0,CPCB_MAA_Alandur,5.185
PROP-EEB20130124A,69,39,63,69,43.0,CPCB_MAA_Alandur,36.613
PROP-8BF50BD8D0FC,56,30,49,56,62.3,CPCB_MAA_Alandur,19.478
PROP-60B49F86746B,29,15,25,29,51.7,CPCB_MAA_Alandur,7.929
PROP-67ACCE60D99D,37,21,34,37,64.7,CPCB_MAA_Manali,23.635
PROP-42C95D82CFE7,78,42,70,78,81.0,CPCB_MAA_Manali,12.591
PROP-86C2F6B488EE,117,64,106,117,118.3,CPCB_MAA_Manali,19.98
PROP-3ECCECA544EA,122,63,104,122,119.0,CPCB_MAA_Manali,24.18
PROP-0844234B868E,94,50,82,94,99.0,CPCB_MAA_Alandur,24.726
PROP-5B3A98F5FE50,90,48,79,90,55.7,CPCB_MAA_Manali,5.785
PROP-B9AD267C0AD3,95,53,87,95,58.0,CPCB_MAA_Manali,28.723
PROP-C6FC9AC61DEF,72,39,65,72,43.0,CPCB_MAA_Alandur,34.795
PROP-B890368F5D9C,31,16,26,31,50.3,CPCB_MAA_Alandur,11.308
PROP-77F67A4F5325,71,39,64,71,43.0,CPCB_MAA_Alandur,7.151
PROP-8C4182F7B4BB,31,16,26,31,50.3,CPCB_MAA_Alandur,14.7
PROP-0FB7B1DBD908,97,51,84,97,94.7,CPCB_MAA_Alandur,6.776
PROP-147B97C6713E,122,63,104,122,119.0,CPCB_MAA_Manali,26.247
PROP-732D644F07CA,37,21,34,37,64.7,CPCB_MAA_Manali,12.591
PROP-753E5253841E,27,14,23,27,48.3,CPCB_MAA_Alandur,20.059
PROP-2417A35A051F,31,16,26,31,50.3,CPCB_MAA_Alandur,37.348
PROP-5C30F2594156,102,53,88,102,102.3,CPCB_MAA_Alandur,7.929
PROP-92F760ADD168,95,53,87,95,58.0,CPCB_MAA_Manali,8.304
PROP-460E0DD4ADD1,117,64,106,117,118.3,CPCB_MAA_Manali,14.257
PROP-92C87905B6B1,32,17,28,32,52.7,CPCB_MAA_Alandur,19.478
PROP-C0EC1709CECF,81,46,75,81,83.7,CPCB_MAA_Manali,23.551
PROP-134EF425F6F7,95,53,87,95,58.0,CPCB_MAA_Manali,18.671
PROP-A3CFC7B0F49F,90,51,85,90,54.3,CPCB_MAA_Manali,21.257
PROP-A8A36D034C22,61,33,54,61,65.0,CPCB_MAA_Alandur,17.801
PROP-3C7531150607,65,37,61,65,65.3,CPCB_MAA_Alandur,23.68
PROP-E41E6487F6ED,65,37,61,65,65.3,CPCB_MAA_Alandur,20.245
PROP-E34DC6CF6FFC,81,45,74,81,50.3,CPCB_MAA_Manali,26.247
PROP-86504872B21A,61,33,54,61,65.0,CPCB_MAA_Alandur,6.776
PROP-F2881D3B97F4,72,39,65,72,43.0,CPCB_MAA_Alandur,15.713
PROP-301BB997DEA8,66,36,59,66,41.3,CPCB_MAA_Alandur,10.758
PROP-A60D07B89A32,97,51,84,97,94.7,CPCB_MAA_Alandur,25.529
PROP-1E73C28C821B,72,39,65,72,43.0,CPCB_MAA_Alandur,25.529
PROP-37DB6F0FD6BE,90,51,85,90,54.3,CPCB_MAA_Manali,23.635
PROP-F0A80D80C394,95,53,87,95,58.0,CPCB_MAA_Manali,24.659
PROP-9BC670156E19,78,42,70,78,81.0,CPCB_MAA_Manali,12.591
PROP-A96BCA0E11B9,35,20,33,35,64.3,CPCB_MAA_Manali,23.635
PROP-3BBBBE9F11FE,95,53,87,95,58.0,CPCB_MAA_Manali,18.448
PROP-DC8F4B6320EC,109,59,98,109,119.7,CPCB_MAA_Manali,12.066
PROP-900B7097FF5B,39,21,35,39,60.7,CPCB_MAA_Manali,12.099
PROP-E830DA2A83CD,117,64,106,117,118.3,CPCB_MAA_Manali,12.099
PROP-29EBAF80B4CC,61,33,54,61,65.0,CPCB_MAA_Alandur,32.967
PROP-815D70FD51FD,81,46,75,81,83.7,CPCB_MAA_Manali,23.493
PROP-F7124BC5510D,81,44,72,81,84.7,CPCB_MAA_Manali,8.304
PROP-736FBA1A33BB,56,30,49,56,62.3,CPCB_MAA_Alandur,20.796
PROP-2A5F881899A8,35,20,33,35,64.3,CPCB_MAA_Manali,15.004
PROP-440F5936FE43,66,36,59,66,41.3,CPCB_MAA_Alandur,13.439
PROP-4F273C5C46E7,97,51,84,97,94.7,CPCB_MAA_Alandur,6.776
PROP-160386AF2AA3,69,39,63,69,43.0,CPCB_MAA_Alandur,6.776
PROP-9610819AAC6E,95,53,87,95,58.0,CPCB_MAA_Manali,24.485
PROP-61F665798380,29,15,25,29,52.0,CPCB_MAA_Alandur,22.35
PROP-864886C38A94,35,20,33,35,64.3,CPCB_MAA_Manali,15.973
PROP-A89D3693457E,56,29,47,56,59.3,CPCB_MAA_Alandur,5.238
PROP-9482FE5103CD,56,29,47,56,59.3,CPCB_MAA_Alandur,19.478
PROP-EB74257E5E7F,90,49,80,90,96.7,CPCB_MAA_Alandur,8.815
PROP-30490A0174C4,109,59,98,109,113.0,CPCB_MAA_Manali,3.143
PROP-F88D5F967D30,27,14,23,27,48.3,CPCB_MAA_Alandur,20.796
PROP-7A95207DD455,35,19,31,35,62.3,CPCB_MAA_Manali,8.973
PROP-0EDAB1BD1273,35,19,31,35,62.3,CPCB_MAA_Manali,23.921
PROP-1A065E59FDEC,41,23,38,41,62.0,CPCB_MAA_Manali,10.622
PROP-475E491DDA12,109,59,98,109,113.0,CPCB_MAA_Manali,27.661
PROP-371E4AC33A92,90,48,79,90,55.0,CPCB_MAA_Manali,18.671
PROP-4EFC317391B9,90,48,79,90,55.7,CPCB_MAA_Manali,18.687
PROP-FE2A708E7FDB,72,38,62,72,74.7,CPCB_MAA_Manali,7.859
PROP-4AB02D12AB85,90,51,85,90,54.3,CPCB_MAA_Manali,18.687
PROP-E93FE0FA121E,31,16,26,31,50.3,CPCB_MAA_Alandur,5.238
PROP-FECF5C4082B6,72,38,62,72,74.7,CPCB_MAA_Manali,18.448
PROP-107166A5A320,57,31,50,57,59.7,CPCB_MAA_Alandur,19.478
PROP-73E1DEFB4198,37,21,34,37,64.7,CPCB_MAA_Manali,13.592
PROP-F23321CFA943,90,48,79,90,55.7,CPCB_MAA_Manali,10.622
PROP-BA1781C555B3,95,53,87,95,58.0,CPCB_MAA_Manali,12.591
PROP-B78277B56396,72,39,65,72,43.0,CPCB_MAA_Alandur,15.713
PROP-A2A387264DFD,41,23,38,41,62.0,CPCB_MAA_Manali,28.723
PROP-6962E9490359,90,51,85,90,54.3,CPCB_MAA_Manali,18.263
PROP-163D1BD1BC40,122,63,104,122,119.0,CPCB_MAA_Manali,5.785
PROP-F68A3A7AB0A0,29,15,25,29,51.7,CPCB_MAA_Alandur,17.661
PROP-FCC6FF2B5F66,90,48,79,90,55.7,CPCB_MAA_Manali,13.643
PROP-AF543F3F3BFF,81,45,74,81,50.3,CPCB_MAA_Manali,13.068
PROP-9A0FBC395F4D,81,45,74,81,50.3,CPCB_MAA_Manali,8.484
PROP-A5B729978EB6,27,14,23,27,48.3,CPCB_MAA_Alandur,8.087
PROP-7A21CD6CEB9A,31,16,26,31,50.3,CPCB_MAA_Alandur,12.003
PROP-097BCCAA044D,39,21,35,39,60.7,CPCB_MAA_Manali,7.353
PROP-07F19728EC21,29,15,25,29,52.0,CPCB_MAA_Alandur,8.815
PROP-DC96CEEEDE9C,73,39,64,73,44.3,CPCB_MAA_Alandur,8.455
PROP-1DC6CEB29BF7,35,20,33,35,64.3,CPCB_MAA_Manali,24.18
PROP-797F078D0D5E,81,45,74,81,50.3,CPCB_MAA_Manali,28.228
PROP-C499DD92DF50,73,39,64,73,44.3,CPCB_MAA_Alandur,19.478
PROP-2A87ECE2E9E4,81,45,74,81,50.3,CPCB_MAA_Manali,5.438
PROP-40DE7FE50EBF,72,38,62,72,74.7,CPCB_MAA_Manali,13.459
PROP-D9F36A6640B7,122,63,104,122,119.0,CPCB_MAA_Manali,19.048
PROP-EE0C3460E825,90,51,85,90,54.3,CPCB_MAA_Manali,21.257
PROP-C475178CED60,90,48,79,90,55.0,CPCB_MAA_Manali,8.304
PROP-B0FC8841569E,35,19,31,35,62.3,CPCB_MAA_Manali,8.484
PROP-A97FDA00071B,65,37,61,65,65.3,CPCB_MAA_Alandur,15.713
PROP-89CD87690784,81,46,75,81,83.7,CPCB_MAA_Manali,21.257
PROP-1902D1D08AC7,109,59,98,109,119.7,CPCB_MAA_Manali,23.551
PROP-E6F81B5C0D4B,27,14,23,27,48.3,CPCB_MAA_Alandur,16.258
PROP-34B6076AA50C,90,48,79,90,55.7,CPCB_MAA_Manali,23.814
PROP-EE3F8D73AB40,90,51,85,90,54.3,CPCB_MAA_Manali,20.08
PROP-AC51CBAEB979,90,48,79,90,55.7,CPCB_MAA_Manali,18.263
PROP-FB9F12B5D445,95,53,87,95,58.0,CPCB_MAA_Manali,9.27
PROP-31DA3A1A7A9E,81,46,75,81,83.7,CPCB_MAA_Manali,8.304
PROP-FAA9BEE4E3E7,109,59,98,109,119.7,CPCB_MAA_Manali,29.639
PROP-9272DA0B6A05,117,64,106,117,118.3,CPCB_MAA_Manali,29.639
PROP-EF8691C619D5,81,44,72,81,84.7,CPCB_MAA_Manali,8.484
PROP-C9A5A26BC06B,90,48,79,90,55.0,CPCB_MAA_Manali,12.066
PROP-8F02B7383931,57,31,50,57,59.7,CPCB_MAA_Alandur,19.478
PROP-608EF4DC87B4,35,19,31,35,62.3,CPCB_MAA_Manali,13.538
PROP-C74AB359E4C3,78,42,70,78,81.0,CPCB_MAA_Manali,21.138
PROP-C19B3C114BEF,65,37,61,65,65.3,CPCB_MAA_Alandur,7.151
PROP-2AFF101E9053,117,64,106,117,118.3,CPCB_MAA_Manali,24.18
PROP-06DF9B881016,72,38,62,72,74.7,CPCB_MAA_Manali,13.592
PROP-1785E33F2175,67,38,63,67,76.3,CPCB_MAA_Manali,12.066
PROP-586C0926798B,39,21,35,39,60.7,CPCB_MAA_Manali,23.635
PROP-8024DBB2A78C,67,38,63,67,76.3,CPCB_MAA_Manali,18.448
PROP-DDCE17771788,39,21,35,39,60.7,CPCB_MAA_Manali,5.785
PROP-244A8ACB4D16,56,29,47,56,59.3,CPCB_MAA_Alandur,25.996
PROP-3CDF4E3DAA4C,57,31,50,57,59.7,CPCB_MAA_Alandur,17.0
PROP-83C2EAD8C097,81,45,74,81,50.3,CPCB_MAA_Manali,9.27
PROP-403FF4F48EDA,81,44,72,81,84.7,CPCB_MAA_Manali,18.448
PROP-F6F6095DF249,31,16,26,31,50.3,CPCB_MAA_Alandur,25.079
PROP-63DE855C85FF,31,16,26,31,50.3,CPCB_MAA_Alandur,33.1
PROP-8DDF00FE969C,56,29,47,56,59.3,CPCB_MAA_Alandur,5.06
PROP-73821B3E1E8A,90,51,85,90,54.3,CPCB_MAA_Manali,10.61
PROP-7F46003D17A7,117,64,106,117,118.3,CPCB_MAA_Manali,18.448
PROP-D864E5CA3A66,81,45,74,81,50.3,CPCB_MAA_Manali,12.066
PROP-C6116216AB36,97,51,84,97,94.7,CPCB_MAA_Alandur,35.532
PROP-661B8AB6A103,35,19,31,35,62.3,CPCB_MAA_Manali,8.304
PROP-49ACBF50F717,29,15,25,29,52.0,CPCB_MAA_Alandur,6.776
PROP-5602222D797A,67,38,63,67,76.3,CPCB_MAA_Manali,23.188
PROP-ECC59C2F45E7,95,53,87,95,58.0,CPCB_MAA_Manali,29.639
PROP-868C3DAEA402,41,23,38,41,62.0,CPCB_MAA_Manali,23.635
PROP-15BF7BDC0153,94,50,82,94,99.0,CPCB_MAA_Alandur,5.185
PROP-DD6861FA201B,29,15,25,29,52.0,CPCB_MAA_Alandur,7.557
PROP-9DDC723001B9,27,14,23,27,48.3,CPCB_MAA_Alandur,13.95
PROP-72C19ED1D4FD,39,21,35,39,60.7,CPCB_MAA_Manali,12.942
PROP-06133E9528B7,90,48,79,90,55.7,CPCB_MAA_Manali,18.586
PROP-B4AC4014005E,66,36,59,66,41.3,CPCB_MAA_Alandur,35.799
PROP-191F6BD47D18,102,53,88,102,102.3,CPCB_MAA_Alandur,5.06
PROP-C101164E895F,90,49,80,90,96.7,CPCB_MAA_Alandur,5.206
PROP-07CB3E7BD913,39,21,35,39,60.7,CPCB_MAA_Manali,18.687
PROP-00790E1149D6,57,31,50,57,59.7,CPCB_MAA_Alandur,16.327
PROP-3B5C1F584894,102,53,88,102,102.3,CPCB_MAA_Alandur,8.605
PROP-06234FFBB2D7,122,63,104,122,119.0,CPCB_MAA_Manali,23.635
PROP-C78895011B40,90,48,79,90,55.0,CPCB_MAA_Manali,31.493
PROP-17138AF927EC,27,14,23,27,48.3,CPCB_MAA_Alandur,17.661
PROP-1050E369A3B3,31,16,26,31,50.3,CPCB_MAA_Alandur,5.206
PROP-252EBA32CA85,122,63,104,122,119.0,CPCB_MAA_Manali,18.586
PROP-6B0CC40CF25C,56,30,49,56,62.3,CPCB_MAA_Alandur,13.439
PROP-1836B8930451,81,45,74,81,50.3,CPCB_MAA_Manali,23.12
PROP-E7EF3226FC65,95,53,87,95,58.0,CPCB_MAA_Manali,18.681
PROP-621A39F9A857,61,33,54,61,65.0,CPCB_MAA_Alandur,18.602
PROP-1EDD8F448D35,69,39,63,69,43.0,CPCB_MAA_Alandur,19.941
PROP-4172C423BC27,35,19,31,35,62.3,CPCB_MAA_Manali,11.023
PROP-7847378AD0A6,32,17,28,32,52.7,CPCB_MAA_Alandur,11.73
PROP-60DA5BF9F08D,61,33,54,61,65.0,CPCB_MAA_Alandur,28.765
PROP-0AEB8FCC20E2,78,42,70,78,81.0,CPCB_MAA_Manali,3.641
PROP-D95D7A01F40A,66,36,59,66,41.3,CPCB_MAA_Alandur,16.837
PROP-660AC1DC83E1,122,63,104,122,119.0,CPCB_MAA_Manali,23.162
PROP-71F5538F5E20,32,17,28,32,52.7,CPCB_MAA_Alandur,25.996
PROP-1A3B60BCA394,66,36,59,66,41.3,CPCB_MAA_Alandur,23.693
PROP-A0A21011FCAF,41,23,38,41,62.0,CPCB_MAA_Manali,27.661
PROP-FF633467B523,71,39,64,71,43.0,CPCB_MAA_Alandur,3.483
PROP-51439F0226AF,90,49,80,90,96.7,CPCB_MAA_Alandur,5.06
PROP-A8DC88134A7E,81,46,75,81,83.7,CPCB_MAA_Manali,16.272
PROP-27AD69023727,37,21,34,37,64.7,CPCB_MAA_Manali,13.643
PROP-118FB2209A1E,65,37,61,65,65.3,CPCB_MAA_Alandur,16.837
PROP-69F481659997,29,15,25,29,52.0,CPCB_MAA_Alandur,8.605
PROP-9F8B8D21D5ED,81,45,74,81,50.3,CPCB_MAA_Manali,27.661
PROP-1764097CDB64,56,29,47,56,59.3,CPCB_MAA_Alandur,8.815
PROP-AD647885760E,69,39,63,69,43.0,CPCB_MAA_Alandur,8.455
PROP-E0319DC958DB,72,38,62,72,74.7,CPCB_MAA_Manali,3.641
PROP-0A30643D97A4,71,39,64,71,43.0,CPCB_MAA_Alandur,10.27
PROP-D4C4FC77896D,61,33,54,61,65.0,CPCB_MAA_Alandur,31.72
PROP-C6E2AFC25F76,66,36,59,66,41.3,CPCB_MAA_Alandur,19.478
PROP-94EA01E17C43,97,51,84,97,94.7,CPCB_MAA_Alandur,30.033
PROP-4C7F054222CA,32,17,28,32,52.7,CPCB_MAA_Alandur,20.059
PROP-AB88189F7163,29,15,25,29,52.0,CPCB_MAA_Alandur,7.849
PROP-9421173C8F0C,69,39,63,69,43.0,CPCB_MAA_Alandur,5.238
PROP-00250C3FBEB4,27,14,23,27,48.3,CPCB_MAA_Alandur,15.395
PROP-08E983C47D42,69,39,63,69,43.0,CPCB_MAA_Alandur,4.751
PROP-D61992BB7DBA,69,39,63,69,43.0,CPCB_MAA_Alandur,10.033
PROP-BF612AA072EA,72,38,62,72,74.7,CPCB_MAA_Manali,30.848
PROP-9A1CAE070ECD,109,59,98,109,113.0,CPCB_MAA_Manali,18.448
PROP-8DD34DA24B11,72,38,62,72,74.7,CPCB_MAA_Manali,13.538
PROP-57DCAF8C17F0,27,14,23,27,48.3,CPCB_MAA_Alandur,25.529
PROP-E0FF791CC712,65,37,61,65,65.3,CPCB_MAA_Alandur,4.751
PROP-89C9DE5D1AD0,29,15,25,29,51.7,CPCB_MAA_Alandur,10.781
PROP-D5B8FD4479D0,117,64,106,117,118.3,CPCB_MAA_Manali,32.541
PROP-9052200A0569,97,51,84,97,94.7,CPCB_MAA_Alandur,5.185
PROP-2CB602F7E7DD,81,46,75,81,83.7,CPCB_MAA_Manali,24.18
PROP-FC1BC8418E63,81,45,74,81,50.3,CPCB_MAA_Manali,12.147
PROP-C14F2E24AD76,72,38,62,72,74.7,CPCB_MAA_Manali,18.448
PROP-8BDF28907402,73,39,64,73,44.3,CPCB_MAA_Alandur,32.967
PROP-DA1BF9432697,78,42,70,78,81.0,CPCB_MAA_Manali,10.61
PROP-58106DDDBA32,109,59,98,109,113.0,CPCB_MAA_Manali,8.034
PROP-D2899BCB51F3,67,38,63,67,76.3,CPCB_MAA_Manali,10.61
PROP-193297EF8FCB,81,46,75,81,83.7,CPCB_MAA_Manali,22.224
PROP-B43D8EAAC8AC,69,39,63,69,43.0,CPCB_MAA_Alandur,20.059
PROP-97746C47781D,78,42,70,78,81.0,CPCB_MAA_Manali,12.591
PROP-EA10C6A9C43C,39,21,35,39,60.7,CPCB_MAA_Manali,13.538
PROP-4B262F5FC74E,81,46,75,81,83.7,CPCB_MAA_Manali,6.072
PROP-2C408E13DE6B,56,30,49,56,62.3,CPCB_MAA_Alandur,16.154
PROP-D9D96454D494,31,16,26,31,50.3,CPCB_MAA_Alandur,15.175
PROP-A43B3C9015EA,90,51,85,90,54.3,CPCB_MAA_Manali,18.448
PROP-84F4EA6FAE23,71,39,64,71,43.0,CPCB_MAA_Alandur,32.594
PROP-C84B4364059C,81,45,74,81,50.3,CPCB_MAA_Manali,32.541
PROP-26F572924436,94,50,82,94,99.0,CPCB_MAA_Alandur,11.58
PROP-53F8A56D8158,81,45,74,81,50.3,CPCB_MAA_Manali,13.222
PROP-98942C27BCC3,67,38,63,67,76.3,CPCB_MAA_Manali,16.644
PROP-3D0C3023F13B,67,38,63,67,76.3,CPCB_MAA_Manali,18.448
PROP-04381F299F9A,78,42,70,78,81.0,CPCB_MAA_Manali,13.222
PROP-04D8ECC5920C,90,51,85,90,54.3,CPCB_MAA_Manali,13.222
PROP-95DE545FAE5A,102,53,88,102,102.3,CPCB_MAA_Alandur,23.693
PROP-41418ED1F576,90,49,80,90,96.7,CPCB_MAA_Alandur,7.217
PROP-6F19C6CF5DB8,81,45,74,81,50.3,CPCB_MAA_Manali,29.639
PROP-4C83E815CACF,35,19,31,35,62.3,CPCB_MAA_Manali,18.448
PROP-2B5B626F5ABE,39,21,35,39,60.7,CPCB_MAA_Manali,30.848
PROP-2F0B58506689,94,50,82,94,99.0,CPCB_MAA_Alandur,20.494
PROP-A2A9798794BD,117,64,106,117,118.3,CPCB_MAA_Manali,8.484
PROP-67FA7613B18B,90,48,79,90,55.7,CPCB_MAA_Manali,12.354
PROP-3A6A24B2DF08,65,37,61,65,65.3,CPCB_MAA_Alandur,8.024
PROP-F985992D0CC9,65,37,61,65,65.3,CPCB_MAA_Alandur,10.033
PROP-9A6A78D16A5D,97,51,84,97,94.7,CPCB_MAA_Alandur,25.996
PROP-219C0D2BDF12,72,39,65,72,43.0,CPCB_MAA_Alandur,8.024
PROP-B1410D20C5B8,66,36,59,66,41.3,CPCB_MAA_Alandur,12.9
PROP-A0EDE086D273,56,30,49,56,62.3,CPCB_MAA_Alandur,12.14
PROP-2FAE97138F84,90,49,80,90,96.7,CPCB_MAA_Alandur,17.0
PROP-D64475B439CB,56,30,49,56,62.3,CPCB_MAA_Alandur,8.087
PROP-81599CC63362,109,59,98,109,119.7,CPCB_MAA_Manali,9.875
PROP-85028F19EABE,94,50,82,94,99.0,CPCB_MAA_Alandur,34.795
PROP-B5F6D51294B4,35,19,31,35,62.3,CPCB_MAA_Manali,23.162
PROP-572E3614EA6D,97,51,84,97,94.7,CPCB_MAA_Alandur,33.1
PROP-94ECB80DC7DF,31,16,26,31,50.3,CPCB_MAA_Alandur,4.751
PROP-D2B88A504E3A,31,16,26,31,50.3,CPCB_MAA_Alandur,11.73
PROP-72FF9E807992,109,59,98,109,113.0,CPCB_MAA_Manali,23.439
PROP-A568932FFF2F,122,63,104,122,119.0,CPCB_MAA_Manali,3.641
PROP-BA243F7A8CDE,90,49,80,90,96.7,CPCB_MAA_Alandur,15.713
PROP-8C113EFD27CB,78,42,70,78,81.0,CPCB_MAA_Manali,31.493
PROP-82A02E64EFCC,37,21,34,37,64.7,CPCB_MAA_Manali,24.941
PROP-C5408D1245C2,81,46,75,81,83.7,CPCB_MAA_Manali,7.518
PROP-C6809657F080,35,20,33,35,64.3,CPCB_MAA_Manali,7.859
PROP-F454C396EC66,56,30,49,56,62.3,CPCB_MAA_Alandur,20.796
PROP-B60D96B5C83C,109,59,98,109,113.0,CPCB_MAA_Manali,10.36
PROP-2FFB992AE47B,109,59,98,109,113.0,CPCB_MAA_Manali,12.591
PROP-7C38B161A8F2,90,49,80,90,96.7,CPCB_MAA_Alandur,20.796
PROP-85C620DDCB44,29,15,25,29,51.7,CPCB_MAA_Alandur,6.924
PROP-A9F991694065,67,38,63,67,76.3,CPCB_MAA_Manali,9.602
PROP-718CE2A5E52A,35,19,31,35,62.3,CPCB_MAA_Manali,14.089
PROP-28EA9E784735,71,39,64,71,43.0,CPCB_MAA_Alandur,10.151
PROP-4E105A20BAB6,94,50,82,94,99.0,CPCB_MAA_Alandur,10.098
PROP-34CD4BFE66AE,122,63,104,122,119.0,CPCB_MAA_Manali,8.484
PROP-1AAED17DF061,56,30,49,56,62.3,CPCB_MAA_Alandur,8.455
PROP-C957CB3318D7,56,29,47,56,59.3,CPCB_MAA_Alandur,8.087
PROP-168673A7E9F6,117,64,106,117,118.3,CPCB_MAA_Manali,13.109
PROP-2411771162E8,117,64,106,117,118.3,CPCB_MAA_Manali,24.948
PROP-B1219DDD10D6,56,29,47,56,59.3,CPCB_MAA_Alandur,14.55
PROP-0E01EBC615AD,61,33,54,61,65.0,CPCB_MAA_Alandur,13.536
PROP-D6A0100686BA,109,59,98,109,119.7,CPCB_MAA_Manali,12.591
PROP-798BF8AD8655,109,59,98,109,113.0,CPCB_MAA_Manali,5.438
PROP-88FDB0F7B7F9,90,51,85,90,54.3,CPCB_MAA_Manali,11.431
PROP-909298A7D20B,72,38,62,72,74.7,CPCB_MAA_Manali,22.996
PROP-BD21A3E2618F,94,50,82,94,99.0,CPCB_MAA_Alandur,35.799
PROP-0C5AE560D74A,117,64,106,117,118.3,CPCB_MAA_Manali,14.065
PROP-0BC4F34CBD02,71,39,64,71,43.0,CPCB_MAA_Alandur,5.206
PROP-004173A49AAE,65,37,61,65,65.3,CPCB_MAA_Alandur,5.206
PROP-AFD27282AB34,69,39,63,69,43.0,CPCB_MAA_Alandur,11.155
PROP-D62B042E51E7,109,59,98,109,113.0,CPCB_MAA_Manali,9.31
PROP-910CC6A770D1,61,33,54,61,65.0,CPCB_MAA_Alandur,13.536
PROP-2FD6D4B79FAA,72,38,62,72,74.7,CPCB_MAA_Manali,25.514
PROP-5F20A6821AC7,35,19,31,35,62.3,CPCB_MAA_Manali,25.528
PROP-C7287412CF20,90,48,79,90,55.7,CPCB_MAA_Manali,25.528
PROP-6BB43C2A8F57,73,39,64,73,44.3,CPCB_MAA_Alandur,12.097
PROP-1C6B476F977B,71,39,64,71,43.0,CPCB_MAA_Alandur,7.211
PROP-3E21E2FFA586,102,53,88,102,102.3,CPCB_MAA_Alandur,17.254
PROP-06A353B7CC75,56,29,47,56,59.3,CPCB_MAA_Alandur,8.087
PROP-9164F821E62A,31,16,26,31,50.3,CPCB_MAA_Alandur,14.877
PROP-39CBFA5C744D,94,50,82,94,99.0,CPCB_MAA_Alandur,25.529
PROP-01BF98578B3C,72,39,65,72,43.0,CPCB_MAA_Alandur,16.536
PROP-F31DD5B44C05,67,38,63,67,76.3,CPCB_MAA_Manali,11.155
PROP-8AE8091AD904,73,39,64,73,44.3,CPCB_MAA_Alandur,24.3
PROP-FBD29306E218,73,39,64,73,44.3,CPCB_MAA_Alandur,13.873
PROP-27A626B11618,72,39,65,72,43.0,CPCB_MAA_Alandur,9.41
PROP-F31C54043C95,73,39,64,73,44.3,CPCB_MAA_Alandur,5.773
PROP-A37909249727,65,37,61,65,65.3,CPCB_MAA_Alandur,10.697
PROP-F071047D5E76,32,17,28,32,52.7,CPCB_MAA_Alandur,5.206
PROP-9DD182F2F033,90,51,85,90,54.3,CPCB_MAA_Manali,10.622
PROP-498365F1502D,71,39,64,71,43.0,CPCB_MAA_Alandur,5.06
PROP-1C590C23A2DF,56,30,49,56,62.3,CPCB_MAA_Alandur,15.614
PROP-BB2F1D04B48B,102,53,88,102,102.3,CPCB_MAA_Alandur,8.087
PROP-5945656E725F,56,30,49,56,62.3,CPCB_MAA_Alandur,19.478
PROP-CF41DA6D274D,61,33,54,61,65.0,CPCB_MAA_Alandur,5.238
PROP-51D7ADDCF129,90,48,79,90,55.0,CPCB_MAA_Manali,18.404
PROP-0A84EAD4AF2E,41,23,38,41,62.0,CPCB_MAA_Manali,12.203
PROP-6E00935FDF00,56,30,49,56,62.3,CPCB_MAA_Alandur,10.758
PROP-9738B795BA58,31,16,26,31,50.3,CPCB_MAA_Alandur,10.27
PROP-41A7A5FB6800,81,45,74,81,50.3,CPCB_MAA_Manali,12.56
PROP-927036777EF0,109,59,98,109,119.7,CPCB_MAA_Manali,19.821
PROP-717899C8EED8,56,30,49,56,62.3,CPCB_MAA_Alandur,8.087
PROP-4F27D4DD433E,67,38,63,67,76.3,CPCB_MAA_Manali,21.457
PROP-C5B9BA19A936,32,17,28,32,52.7,CPCB_MAA_Alandur,14.97
PROP-A7DD481C11AF,109,59,98,109,113.0,CPCB_MAA_Manali,24.18
PROP-C85FDA161860,90,49,80,90,96.7,CPCB_MAA_Alandur,10.27
PROP-02F4142EF31B,32,17,28,32,52.7,CPCB_MAA_Alandur,7.929
PROP-60A83AA10F5D,71,39,64,71,43.0,CPCB_MAA_Alandur,16.53
PROP-029023E5D410,31,16,26,31,50.3,CPCB_MAA_Alandur,18.19
PROP-CD0DF3FF71DF,71,39,64,71,43.0,CPCB_MAA_Alandur,5.206
PROP-DDC5E6926278,90,48,79,90,55.7,CPCB_MAA_Manali,22.224
PROP-F4AE0F5840F6,67,38,63,67,76.3,CPCB_MAA_Manali,23.635
PROP-EAD13D4B3B0D,31,16,26,31,50.3,CPCB_MAA_Alandur,10.098
PROP-D623C1E18822,37,21,34,37,64.7,CPCB_MAA_Manali,5.258
PROP-6692A46B0632,90,49,80,90,96.7,CPCB_MAA_Alandur,19.752
PROP-BB5C59BC21E5,102,53,88,102,102.3,CPCB_MAA_Alandur,9.404
PROP-C80F0AF45725,95,53,87,95,58.0,CPCB_MAA_Manali,2.042
PROP-D7BB8A4855F3,56,30,49,56,62.3,CPCB_MAA_Alandur,8.087
PROP-1297E93C7B41,90,48,79,90,55.7,CPCB_MAA_Manali,12.591
PROP-A12CAD667662,71,39,64,71,43.0,CPCB_MAA_Alandur,19.478
PROP-47C440D84AE5,31,16,26,31,50.3,CPCB_MAA_Alandur,20.498
PROP-26AB82C2003D,81,44,72,81,84.7,CPCB_MAA_Manali,6.072
PROP-6B6BE6C61FEF,35,19,31,35,62.3,CPCB_MAA_Manali,23.814
PROP-AFBE0EFE5234,37,21,34,37,64.7,CPCB_MAA_Manali,13.109
PROP-EC3F286C8DCC,32,17,28,32,52.7,CPCB_MAA_Alandur,24.3
PROP-A9D85E5826C7,81,45,74,81,50.3,CPCB_MAA_Manali,14.065
PROP-EA5F6155555C,71,39,64,71,43.0,CPCB_MAA_Alandur,5.06
PROP-5CF35E1B898A,29,15,25,29,52.0,CPCB_MAA_Alandur,6.924
PROP-FF148D15E577,65,37,61,65,65.3,CPCB_MAA_Alandur,3.483
PROP-888ABC44E52C,102,53,88,102,102.3,CPCB_MAA_Alandur,19.313
PROP-2A57BC5784EB,81,46,75,81,83.7,CPCB_MAA_Manali,11.929
PROP-F8A71680C104,109,59,98,109,113.0,CPCB_MAA_Manali,2.753
PROP-42F4E5E27E44,95,53,87,95,58.0,CPCB_MAA_Manali,22.224
PROP-61688F5F3A4C,81,45,74,81,50.3,CPCB_MAA_Manali,17.967
PROP-8B3A16287E60,41,23,38,41,62.0,CPCB_MAA_Manali,19.98
PROP-91E93280EA54,72,38,62,72,74.7,CPCB_MAA_Manali,10.94
PROP-9AE4245BCC70,67,38,63,67,76.3,CPCB_MAA_Manali,21.257
PROP-11820E1F1991,109,59,98,109,119.7,CPCB_MAA_Manali,18.203
PROP-8F6BB750A850,72,38,62,72,74.7,CPCB_MAA_Manali,11.138
PROP-5A6E92F6CD9B,61,33,54,61,65.0,CPCB_MAA_Alandur,25.321
PROP-B44ADED90535,90,51,85,90,54.3,CPCB_MAA_Manali,21.257
PROP-059450666106,109,59,98,109,119.7,CPCB_MAA_Manali,25.528
PROP-E04DEF9DBAD7,90,48,79,90,55.7,CPCB_MAA_Manali,32.541
PROP-A5CB241C91EB,78,42,70,78,81.0,CPCB_MAA_Manali,12.591
PROP-A9A9DD79E3F8,72,38,62,72,74.7,CPCB_MAA_Manali,22.224
PROP-E3B6C07280EE,78,42,70,78,81.0,CPCB_MAA_Manali,13.783
PROP-F25C8B2AA9A0,109,59,98,109,113.0,CPCB_MAA_Manali,11.023
PROP-F4C07048027A,31,16,26,31,50.3,CPCB_MAA_Alandur,5.206
PROP-4E0FF332CB5D,39,21,35,39,60.7,CPCB_MAA_Manali,10.61
PROP-CD8A247B8F04,31,16,26,31,50.3,CPCB_MAA_Alandur,12.097
PROP-3376590CBD06,109,59,98,109,113.0,CPCB_MAA_Manali,18.448
PROP-09B70A3A4EB5,81,46,75,81,83.7,CPCB_MAA_Manali,14.089
PROP-6A94BF091483,90,51,85,90,54.3,CPCB_MAA_Manali,23.635
PROP-06E3BA5F419B,27,14,23,27,48.3,CPCB_MAA_Alandur,6.924
PROP-334657AE77B1,29,15,25,29,52.0,CPCB_MAA_Alandur,19.941
PROP-B2AFE76ACB4F,90,48,79,90,55.0,CPCB_MAA_Manali,18.448
PROP-9E517D13E8D4,67,38,63,67,76.3,CPCB_MAA_Manali,23.635
PROP-A66C599DCA2F,72,39,65,72,43.0,CPCB_MAA_Alandur,25.529
PROP-F393F18E0572,35,20,33,35,64.3,CPCB_MAA_Manali,5.438
PROP-E1F2B682DAF2,78,42,70,78,81.0,CPCB_MAA_Manali,21.068
PROP-15EAE8F93BC8,94,50,82,94,99.0,CPCB_MAA_Alandur,33.1
PROP-9DA23E88251B,35,19,31,35,62.3,CPCB_MAA_Manali,24.927
PROP-70D3EB756EBC,90,48,79,90,55.7,CPCB_MAA_Manali,24.927
PROP-D95A6E893877,90,48,79,90,55.0,CPCB_MAA_Manali,15.026
PROP-B669060907E2,78,42,70,78,81.0,CPCB_MAA_Manali,15.026
PROP-AFF8408C9368,109,59,98,109,113.0,CPCB_MAA_Manali,15.026
PROP-7E722327B138,69,39,63,69,43.0,CPCB_MAA_Alandur,19.478
PROP-69C56DAAB05A,90,51,85,90,54.3,CPCB_MAA_Manali,19.98
PROP-109383D097A9,56,29,47,56,59.3,CPCB_MAA_Alandur,12.097
PROP-806C00BFC8C1,37,21,34,37,64.7,CPCB_MAA_Manali,3.641
PROP-75A3326C1DB8,41,23,38,41,62.0,CPCB_MAA_Manali,25.514
PROP-DC796BE0DC12,122,63,104,122,119.0,CPCB_MAA_Manali,20.034
PROP-C19975D7A03E,35,20,33,35,64.3,CPCB_MAA_Manali,23.162
PROP-71D614BD0028,29,15,25,29,51.7,CPCB_MAA_Alandur,25.529
PROP-8A1A1AA013AF,69,39,63,69,43.0,CPCB_MAA_Alandur,25.529
PROP-817D39D65B4A,102,53,88,102,102.3,CPCB_MAA_Alandur,8.087
PROP-D71D19C21C43,73,39,64,73,44.3,CPCB_MAA_Alandur,10.781
PROP-53540A0F8A78,81,44,72,81,84.7,CPCB_MAA_Manali,7.081
PROP-C89681F3827D,72,38,62,72,74.7,CPCB_MAA_Manali,23.635
PROP-5DCC404718D5,39,21,35,39,60.7,CPCB_MAA_Manali,8.484
PROP-F431A8E911DA,56,29,47,56,59.3,CPCB_MAA_Alandur,7.079
PROP-2719511ED9DF,117,64,106,117,118.3,CPCB_MAA_Manali,10.622
PROP-A61C865CD43C,81,46,75,81,83.7,CPCB_MAA_Manali,3.641
PROP-C3C134E5BF4F,95,53,87,95,58.0,CPCB_MAA_Manali,6.072
PROP-2B96092FB0DB,72,39,65,72,43.0,CPCB_MAA_Alandur,25.529
PROP-DFC240790013,95,53,87,95,58.0,CPCB_MAA_Manali,3.641
PROP-E014001CBEE6,94,50,82,94,99.0,CPCB_MAA_Alandur,6.776
PROP-A09A1B62B939,95,53,87,95,58.0,CPCB_MAA_Manali,23.635
PROP-21A9190A1D29,27,14,23,27,48.3,CPCB_MAA_Alandur,17.206
PROP-F335302FD4F1,109,59,98,109,113.0,CPCB_MAA_Manali,13.538
PROP-E65FC9D8022F,35,19,31,35,62.3,CPCB_MAA_Manali,8.304
PROP-27EF198ACAD9,90,48,79,90,55.7,CPCB_MAA_Manali,30.913
PROP-984E70BA3523,122,63,104,122,119.0,CPCB_MAA_Manali,18.372
PROP-D048F218A041,102,53,88,102,102.3,CPCB_MAA_Alandur,6.776
PROP-A48D8629C66F,37,21,34,37,64.7,CPCB_MAA_Manali,19.98
PROP-844854BE7B8E,27,14,23,27,48.3,CPCB_MAA_Alandur,34.167
PROP-569CD3EFFF60,81,46,75,81,83.7,CPCB_MAA_Manali,19.98
PROP-23E2F778E278,95,53,87,95,58.0,CPCB_MAA_Manali,7.081
PROP-5F61400A3C10,65,37,61,65,65.3,CPCB_MAA_Alandur,8.455
PROP-80951BBE3279,32,17,28,32,52.7,CPCB_MAA_Alandur,8.087
PROP-2F345CB5B07B,65,37,61,65,65.3,CPCB_MAA_Alandur,10.781
PROP-4C59E251EFA5,72,38,62,72,74.7,CPCB_MAA_Manali,7.081
PROP-20E0B72E1186,37,21,34,37,64.7,CPCB_MAA_Manali,7.081
PROP-EDDDCDD1404B,69,39,63,69,43.0,CPCB_MAA_Alandur,6.924
PROP-EA907891F858,122,63,104,122,119.0,CPCB_MAA_Manali,2.042
PROP-EF3C4A4D064C,81,44,72,81,84.7,CPCB_MAA_Manali,24.948
PROP-0E2D8AF27993,90,51,85,90,54.3,CPCB_MAA_Manali,18.372
PROP-848670EB70BC,72,39,65,72,43.0,CPCB_MAA_Alandur,6.776
PROP-C7FBCC808B6E,61,33,54,61,65.0,CPCB_MAA_Alandur,24.726
PROP-CAD881D27239,35,19,31,35,62.3,CPCB_MAA_Manali,6.072
PROP-9D482551E341,57,31,50,57,59.7,CPCB_MAA_Alandur,7.151
PROP-4B207A61CA90,95,53,87,95,58.0,CPCB_MAA_Manali,18.448
PROP-CA7EC6EBE623,81,46,75,81,83.7,CPCB_MAA_Manali,18.448
PROP-C7FDFAC1070F,56,30,49,56,62.3,CPCB_MAA_Alandur,5.06
PROP-CC4DACB736AD,66,36,59,66,41.3,CPCB_MAA_Alandur,10.781
PROP-FF94467CF8E2,109,59,98,109,113.0,CPCB_MAA_Manali,12.591
PROP-DE41D072EC6B,69,39,63,69,43.0,CPCB_MAA_Alandur,12.003
PROP-27B7AF92530C,56,30,49,56,62.3,CPCB_MAA_Alandur,33.873
PROP-EF7C298E1125,90,49,80,90,96.7,CPCB_MAA_Alandur,12.14
PROP-58715E3663F8,72,39,65,72,43.0,CPCB_MAA_Alandur,5.185
PROP-9BDEAA800858,61,33,54,61,65.0,CPCB_MAA_Alandur,3.483
PROP-1C67DCF741E2,69,39,63,69,43.0,CPCB_MAA_Alandur,13.536
PROP-B2A6F458C05E,67,38,63,67,76.3,CPCB_MAA_Manali,18.448
PROP-6C45267C9C3F,56,29,47,56,59.3,CPCB_MAA_Alandur,19.478
PROP-760F1D16ADEF,66,36,59,66,41.3,CPCB_MAA_Alandur,17.411
PROP-3BA68CDA7D63,32,17,28,32,52.7,CPCB_MAA_Alandur,17.261
PROP-5D5D933A554C,90,48,79,90,55.0,CPCB_MAA_Manali,30.913
PROP-CCEE3831F1D4,31,16,26,31,50.3,CPCB_MAA_Alandur,19.941
PROP-2463CFFB28A7,90,51,85,90,54.3,CPCB_MAA_Manali,19.98
PROP-0CAEF3EB17DF,37,21,34,37,64.7,CPCB_MAA_Manali,23.635
PROP-B2041CEE6128,90,48,79,90,55.7,CPCB_MAA_Manali,32.541
PROP-2EC168604693,35,19,31,35,62.3,CPCB_MAA_Manali,8.304
PROP-C07559404574,90,48,79,90,55.0,CPCB_MAA_Manali,23.635
PROP-CC84FC005F8D,56,30,49,56,62.3,CPCB_MAA_Alandur,14.97
PROP-AB00038FF2A7,90,48,79,90,55.7,CPCB_MAA_Manali,12.066
PROP-19BAD66F7DA0,117,64,106,117,118.3,CPCB_MAA_Manali,6.072
PROP-6046D649CDB9,35,20,33,35,64.3,CPCB_MAA_Manali,28.723
PROP-D8EBB2D3F904,90,48,79,90,55.0,CPCB_MAA_Manali,23.635
PROP-1562A0265141,35,19,31,35,62.3,CPCB_MAA_Manali,25.164
PROP-DCB7DEA52F4C,109,59,98,109,113.0,CPCB_MAA_Manali,7.353
PROP-62D77A8F9708,71,39,64,71,43.0,CPCB_MAA_Alandur,19.478
PROP-B67D54B79A19,29,15,25,29,52.0,CPCB_MAA_Alandur,15.175
PROP-B4ABF6702FD3,81,45,74,81,50.3,CPCB_MAA_Manali,19.123
PROP-B57498B0A961,72,38,62,72,74.7,CPCB_MAA_Manali,12.066
PROP-E32B26AFC49C,117,64,106,117,118.3,CPCB_MAA_Manali,16.23
PROP-22B629DD2066,90,51,85,90,54.3,CPCB_MAA_Manali,30.908
PROP-EE48CBD6C9A8,122,63,104,122,119.0,CPCB_MAA_Manali,24.485
PROP-C8788B151FF6,102,53,88,102,102.3,CPCB_MAA_Alandur,12.097
PROP-793527053013,90,51,85,90,54.3,CPCB_MAA_Manali,24.18
PROP-A758AAA67652,90,51,85,90,54.3,CPCB_MAA_Manali,23.635
PROP-403807829A28,72,38,62,72,74.7,CPCB_MAA_Manali,12.942
PROP-A5A163E93B4C,90,48,79,90,55.0,CPCB_MAA_Manali,12.066
PROP-669F76482907,73,39,64,73,44.3,CPCB_MAA_Alandur,4.834
PROP-F5277ACE0F35,97,51,84,97,94.7,CPCB_MAA_Alandur,12.003
PROP-4AD412A24D5B,61,33,54,61,65.0,CPCB_MAA_Alandur,5.185
PROP-E51508F0466E,32,17,28,32,52.7,CPCB_MAA_Alandur,8.024
PROP-4F8D7FC27293,72,39,65,72,43.0,CPCB_MAA_Alandur,4.751
PROP-AAE40CCC4DBF,97,51,84,97,94.7,CPCB_MAA_Alandur,5.06
PROP-4F32EE8407AD,29,15,25,29,52.0,CPCB_MAA_Alandur,6.776
PROP-CA00B1F9E924,69,39,63,69,43.0,CPCB_MAA_Alandur,19.941
PROP-8376954AEA95,29,15,25,29,52.0,CPCB_MAA_Alandur,15.395
PROP-C534A2A016CD,102,53,88,102,102.3,CPCB_MAA_Alandur,32.967
PROP-36B6C865D246,41,23,38,41,62.0,CPCB_MAA_Manali,13.751
PROP-1EF2EA823861,56,29,47,56,59.3,CPCB_MAA_Alandur,5.06
PROP-B23F79796954,95,53,87,95,58.0,CPCB_MAA_Manali,12.294
PROP-9B072B40121F,90,49,80,90,96.7,CPCB_MAA_Alandur,9.031
PROP-68A756533750,41,23,38,41,62.0,CPCB_MAA_Manali,13.222
PROP-548686AFABA0,41,23,38,41,62.0,CPCB_MAA_Manali,9.875
PROP-FA18569C9033,90,48,79,90,55.7,CPCB_MAA_Manali,27.661
PROP-F07E12826C6F,56,30,49,56,62.3,CPCB_MAA_Alandur,32.259
PROP-E20D80B0A73E,69,39,63,69,43.0,CPCB_MAA_Alandur,10.781
PROP-F787F1A24C60,37,21,34,37,64.7,CPCB_MAA_Manali,29.639
PROP-0852601D70DA,57,31,50,57,59.7,CPCB_MAA_Alandur,15.175
PROP-A95287F0ADA7,97,51,84,97,94.7,CPCB_MAA_Alandur,5.238
PROP-6181363620EB,69,39,63,69,43.0,CPCB_MAA_Alandur,6.924
PROP-6708C829E3CF,90,48,79,90,55.0,CPCB_MAA_Manali,23.635
PROP-DF3DACC6FD95,69,39,63,69,43.0,CPCB_MAA_Alandur,5.06
PROP-7A299D5AF3C0,41,23,38,41,62.0,CPCB_MAA_Manali,19.98
PROP-7ADECD15D61C,71,39,64,71,43.0,CPCB_MAA_Alandur,12.003
PROP-B4A8ABCA66FF,67,38,63,67,76.3,CPCB_MAA_Manali,24.18
PROP-662B88CEE6B4,81,44,72,81,84.7,CPCB_MAA_Manali,24.18
PROP-CBE43E96E247,73,39,64,73,44.3,CPCB_MAA_Alandur,12.097
PROP-D6E261EAF7FF,32,17,28,32,52.7,CPCB_MAA_Alandur,16.327
PROP-C83294B40933,39,21,35,39,60.7,CPCB_MAA_Manali,5.438
PROP-4477A5E35F19,109,59,98,109,119.7,CPCB_MAA_Manali,14.257
PROP-BA4CDFC56B28,90,48,79,90,55.7,CPCB_MAA_Manali,14.257
PROP-E4AFF5DBC147,90,51,85,90,54.3,CPCB_MAA_Manali,29.639
PROP-0C002DFDDBE5,81,46,75,81,83.7,CPCB_MAA_Manali,13.109
PROP-34940D860E3F,56,30,49,56,62.3,CPCB_MAA_Alandur,10.758
PROP-F2B610463498,37,21,34,37,64.7,CPCB_MAA_Manali,20.097
PROP-FD18529FAF6E,81,45,74,81,50.3,CPCB_MAA_Manali,24.948
PROP-2F2906946508,95,53,87,95,58.0,CPCB_MAA_Manali,23.635
PROP-076A21A2B1E3,29,15,25,29,51.7,CPCB_MAA_Alandur,5.06
PROP-60F444904D34,117,64,106,117,118.3,CPCB_MAA_Manali,13.643
PROP-B38D6C121DE4,97,51,84,97,94.7,CPCB_MAA_Alandur,25.529
PROP-8E145F1112E6,61,33,54,61,65.0,CPCB_MAA_Alandur,8.087
PROP-968D73DF66B8,31,16,26,31,50.3,CPCB_MAA_Alandur,34.795
PROP-7619518B556E,95,53,87,95,58.0,CPCB_MAA_Manali,6.072
PROP-D876E25EDE32,41,23,38,41,62.0,CPCB_MAA_Manali,16.949
PROP-47687B9BC26E,71,39,64,71,43.0,CPCB_MAA_Alandur,19.313
PROP-3546E64D6D21,41,23,38,41,62.0,CPCB_MAA_Manali,24.365
PROP-16718D349010,41,23,38,41,62.0,CPCB_MAA_Manali,26.377
PROP-9581C7349FD0,109,59,98,109,113.0,CPCB_MAA_Manali,32.541
PROP-5FC3D25EA822,61,33,54,61,65.0,CPCB_MAA_Alandur,5.06
PROP-AA643F0F00D7,57,31,50,57,59.7,CPCB_MAA_Alandur,7.849
PROP-F90712164098,81,44,72,81,84.7,CPCB_MAA_Manali,26.247
PROP-672BA2B33E36,29,15,25,29,51.7,CPCB_MAA_Alandur,7.211
PROP-C2420C1003C7,41,23,38,41,62.0,CPCB_MAA_Manali,23.814
PROP-F487ED7509EA,57,31,50,57,59.7,CPCB_MAA_Alandur,22.35
PROP-64313A86215A,37,21,34,37,64.7,CPCB_MAA_Manali,29.639
PROP-6ADEBB1C4DAC,90,48,79,90,55.0,CPCB_MAA_Manali,30.908
PROP-3DF89D11DD8E,61,33,54,61,65.0,CPCB_MAA_Alandur,6.776
PROP-FA1767B6C756,90,49,80,90,96.7,CPCB_MAA_Alandur,17.661
PROP-7836C408E19E,56,30,49,56,62.3,CPCB_MAA_Alandur,17.661
PROP-60CCE70BDE56,56,29,47,56,59.3,CPCB_MAA_Alandur,34.795
PROP-2E82837BDD4E,41,23,38,41,62.0,CPCB_MAA_Manali,12.066
PROP-1E9A5D45266A,81,45,74,81,50.3,CPCB_MAA_Manali,12.066
PROP-FFFD8FACC8A6,71,39,64,71,43.0,CPCB_MAA_Alandur,25.529
PROP-5AEAD9134106,56,30,49,56,62.3,CPCB_MAA_Alandur,13.984
PROP-33FFBEA09C54,32,17,28,32,52.7,CPCB_MAA_Alandur,4.751
PROP-6B3DA0FD0BA4,31,16,26,31,50.3,CPCB_MAA_Alandur,25.529
PROP-BFC00F6CD3F2,57,31,50,57,59.7,CPCB_MAA_Alandur,7.929
PROP-1C3E032A6D77,39,21,35,39,60.7,CPCB_MAA_Manali,23.814
PROP-162DDF7BDB9E,78,42,70,78,81.0,CPCB_MAA_Manali,23.635
PROP-AD8EA24437CC,81,46,75,81,83.7,CPCB_MAA_Manali,26.377
PROP-D16DB26D54CE,97,51,84,97,94.7,CPCB_MAA_Alandur,7.557
PROP-37F1DD44301E,90,51,85,90,54.3,CPCB_MAA_Manali,15.247
PROP-F2279325BB75,90,51,85,90,54.3,CPCB_MAA_Manali,23.635
PROP-8800867ABFB8,71,39,64,71,43.0,CPCB_MAA_Alandur,25.529
PROP-0896EA143B9B,27,14,23,27,48.3,CPCB_MAA_Alandur,4.751
PROP-59D2E9DF7E4B,90,49,80,90,96.7,CPCB_MAA_Alandur,5.238
PROP-63EE7505FDDC,81,44,72,81,84.7,CPCB_MAA_Manali,10.61
PROP-8BEAB30F288D,29,15,25,29,52.0,CPCB_MAA_Alandur,5.773
PROP-379CE25904B5,57,31,50,57,59.7,CPCB_MAA_Alandur,17.801
PROP-A769E5D55FFF,32,17,28,32,52.7,CPCB_MAA_Alandur,7.557
PROP-A078E444BDBE,65,37,61,65,65.3,CPCB_MAA_Alandur,7.557
PROP-88F44135CEFF,56,29,47,56,59.3,CPCB_MAA_Alandur,9.031
PROP-564CC256903D,90,49,80,90,96.7,CPCB_MAA_Alandur,5.238
PROP-00E97702E8EB,57,31,50,57,59.7,CPCB_MAA_Alandur,19.478
PROP-323F8CEFE2E3,71,39,64,71,43.0,CPCB_MAA_Alandur,5.238
PROP-ADB622FFCA05,31,16,26,31,50.3,CPCB_MAA_Alandur,12.003
PROP-1BCAFFF3ABD0,81,46,75,81,83.7,CPCB_MAA_Manali,9.602
PROP-AAAD46D82E58,71,39,64,71,43.0,CPCB_MAA_Alandur,12.097
PROP-37CC95D9AF22,90,49,80,90,96.7,CPCB_MAA_Alandur,10.098
PROP-67866DDAC4D7,78,42,70,78,81.0,CPCB_MAA_Manali,18.404
PROP-BE6143514C74,102,53,88,102,102.3,CPCB_MAA_Alandur,34.795
PROP-95CD22A55674,39,21,35,39,60.7,CPCB_MAA_Manali,24.18
PROP-3348AB66A06C,35,19,31,35,62.3,CPCB_MAA_Manali,23.188
PROP-7D69E76ED1A2,57,31,50,57,59.7,CPCB_MAA_Alandur,10.033
PROP-317DC863F039,65,37,61,65,65.3,CPCB_MAA_Alandur,10.033
PROP-0D30B6FA7693,37,21,34,37,64.7,CPCB_MAA_Manali,5.438
PROP-A4A089F44ABB,41,23,38,41,62.0,CPCB_MAA_Manali,20.08
PROP-1B43EE292A4E,90,48,79,90,55.0,CPCB_MAA_Manali,23.51
PROP-6DE21D2044F3,117,64,106,117,118.3,CPCB_MAA_Manali,11.929
PROP-7B7E68BE3026,102,53,88,102,102.3,CPCB_MAA_Alandur,15.395
PROP-704C3471CC89,69,39,63,69,43.0,CPCB_MAA_Alandur,17.206
PROP-3195E875EC6C,69,39,63,69,43.0,CPCB_MAA_Alandur,28.765
PROP-91E4F826F9A6,81,46,75,81,83.7,CPCB_MAA_Manali,12.066
PROP-6B89795B6219,27,14,23,27,48.3,CPCB_MAA_Alandur,16.154
PROP-08ED36B0E212,57,31,50,57,59.7,CPCB_MAA_Alandur,34.167
PROP-614809DCB586,81,45,74,81,50.3,CPCB_MAA_Manali,24.18
PROP-F9C2A2C4BC47,117,64,106,117,118.3,CPCB_MAA_Manali,27.661
PROP-0A29C2A8F8A1,66,36,59,66,41.3,CPCB_MAA_Alandur,16.156
PROP-827C7186A57C,81,44,72,81,84.7,CPCB_MAA_Manali,26.377
PROP-73AB390E9A64,37,21,34,37,64.7,CPCB_MAA_Manali,6.072
PROP-936F8FBB32EE,61,33,54,61,65.0,CPCB_MAA_Alandur,7.079
PROP-400A8C53AE1C,109,59,98,109,119.7,CPCB_MAA_Manali,25.129
PROP-751A22338514,35,19,31,35,62.3,CPCB_MAA_Manali,23.51
PROP-C1588F79F46A,109,59,98,109,113.0,CPCB_MAA_Manali,26.377
PROP-5D2AA9088A41,78,42,70,78,81.0,CPCB_MAA_Manali,5.438
PROP-C629FE7846BC,109,59,98,109,113.0,CPCB_MAA_Manali,29.639
PROP-204A9AEFD804,81,46,75,81,83.7,CPCB_MAA_Manali,20.097
PROP-9668587B5EA1,122,63,104,122,119.0,CPCB_MAA_Manali,13.643
PROP-22B3EE540A69,90,49,80,90,96.7,CPCB_MAA_Alandur,14.97
PROP-7E2BCDE110EF,56,30,49,56,62.3,CPCB_MAA_Alandur,34.795
PROP-680F256FEC73,72,39,65,72,43.0,CPCB_MAA_Alandur,30.033
PROP-FC3B71A86502,78,42,70,78,81.0,CPCB_MAA_Manali,28.723
PROP-2B222782CC61,81,45,74,81,50.3,CPCB_MAA_Manali,7.518
PROP-4A7DBF959A66,102,53,88,102,102.3,CPCB_MAA_Alandur,19.941
PROP-517F73B3039B,41,23,38,41,62.0,CPCB_MAA_Manali,10.622
PROP-642C88F21E56,90,49,80,90,96.7,CPCB_MAA_Alandur,17.661
PROP-D5FCD42BDEEF,90,51,85,90,54.3,CPCB_MAA_Manali,11.431
PROP-843B050E2013,122,63,104,122,119.0,CPCB_MAA_Manali,11.431
PROP-26A1CEEA25BC,81,45,74,81,50.3,CPCB_MAA_Manali,25.164
PROP-1B1CFACD5AEA,81,46,75,81,83.7,CPCB_MAA_Manali,26.247
PROP-25003847CD14,97,51,84,97,94.7,CPCB_MAA_Alandur,5.238
PROP-3EFB8C480122,57,31,50,57,59.7,CPCB_MAA_Alandur,5.06
PROP-4486EEF8D4D1,35,19,31,35,62.3,CPCB_MAA_Manali,7.859
PROP-2C4F086523D1,41,23,38,41,62.0,CPCB_MAA_Manali,10.622
PROP-228E34663AD6,94,50,82,94,99.0,CPCB_MAA_Alandur,32.259
PROP-A513FDF9B55F,71,39,64,71,43.0,CPCB_MAA_Alandur,5.06
PROP-597EB4927522,27,14,23,27,48.3,CPCB_MAA_Alandur,11.73
PROP-74A8AC541861,81,44,72,81,84.7,CPCB_MAA_Manali,13.643
PROP-C15F1B3B27A7,37,21,34,37,64.7,CPCB_MAA_Manali,25.129
PROP-13CD24308F03,81,44,72,81,84.7,CPCB_MAA_Manali,18.404
PROP-70D174661590,109,59,98,109,113.0,CPCB_MAA_Manali,25.807
PROP-70C17EC31250,90,49,80,90,96.7,CPCB_MAA_Alandur,20.059
PROP-07E24A0489A5,90,49,80,90,96.7,CPCB_MAA_Alandur,25.529
PROP-E7EA1B90F292,122,63,104,122,119.0,CPCB_MAA_Manali,10.175
PROP-4E7FBFA6E1C7,81,44,72,81,84.7,CPCB_MAA_Manali,18.687
PROP-3ADD2E463388,117,64,106,117,118.3,CPCB_MAA_Manali,6.072
PROP-36680EDAF8AA,90,48,79,90,55.0,CPCB_MAA_Manali,13.751
PROP-2F5F9CB7C703,32,17,28,32,52.7,CPCB_MAA_Alandur,8.024
PROP-B5799720F753,95,53,87,95,58.0,CPCB_MAA_Manali,12.066
PROP-45DA504E090F,57,31,50,57,59.7,CPCB_MAA_Alandur,5.238
PROP-E2396F904C54,39,21,35,39,60.7,CPCB_MAA_Manali,7.859
PROP-D206EAC0281E,72,38,62,72,74.7,CPCB_MAA_Manali,30.913
PROP-07A4501BE424,81,46,75,81,83.7,CPCB_MAA_Manali,7.859
PROP-F2C1E6EAB0BD,56,30,49,56,62.3,CPCB_MAA_Alandur,12.003
PROP-13D8D08CB1BD,109,59,98,109,119.7,CPCB_MAA_Manali,21.11
PROP-E77308E8B287,66,36,59,66,41.3,CPCB_MAA_Alandur,6.924
PROP-712B69E461B2,90,48,79,90,55.7,CPCB_MAA_Manali,12.942
PROP-7E8651D73BEF,78,42,70,78,81.0,CPCB_MAA_Manali,27.298
PROP-6000AFEBAEF7,65,37,61,65,65.3,CPCB_MAA_Alandur,28.765
PROP-D4DE04EABD6F,27,14,23,27,48.3,CPCB_MAA_Alandur,13.873
PROP-07D57701B960,67,38,63,67,76.3,CPCB_MAA_Manali,12.066
PROP-8F26EAD3F4C2,29,15,25,29,51.7,CPCB_MAA_Alandur,3.483
PROP-1E1196DA4F60,32,17,28,32,52.7,CPCB_MAA_Alandur,15.713
PROP-30EE77D5B5DF,56,29,47,56,59.3,CPCB_MAA_Alandur,24.726
PROP-4FF778E98F00,81,46,75,81,83.7,CPCB_MAA_Manali,8.304
PROP-7D4EAF9BC50D,66,36,59,66,41.3,CPCB_MAA_Alandur,8.087
PROP-E5F5F1C9AB9D,97,51,84,97,94.7,CPCB_MAA_Alandur,19.313
PROP-A07B6F0076A7,81,44,72,81,84.7,CPCB_MAA_Manali,26.377
PROP-53BE522DA1FD,69,39,63,69,43.0,CPCB_MAA_Alandur,7.917
PROP-FC166552426D,35,20,33,35,64.3,CPCB_MAA_Manali,23.978
PROP-780B3876A5C3,31,16,26,31,50.3,CPCB_MAA_Alandur,11.155
PROP-23457EE4EB95,81,46,75,81,83.7,CPCB_MAA_Manali,12.066
PROP-08F5E3F3D15A,122,63,104,122,119.0,CPCB_MAA_Manali,8.304
PROP-245ABE57AE8A,37,21,34,37,64.7,CPCB_MAA_Manali,8.304
PROP-665972341B7E,72,38,62,72,74.7,CPCB_MAA_Manali,10.142
PROP-9C0155D64C0C,35,19,31,35,62.3,CPCB_MAA_Manali,21.457
PROP-5704FDEED684,94,50,82,94,99.0,CPCB_MAA_Alandur,33.1
PROP-96CF291E7412,72,39,65,72,43.0,CPCB_MAA_Alandur,18.371
PROP-D25A073EA88B,29,15,25,29,51.7,CPCB_MAA_Alandur,16.536
PROP-EF19FABA0778,117,64,106,117,118.3,CPCB_MAA_Manali,29.062
PROP-1BE93AC46758,29,15,25,29,51.7,CPCB_MAA_Alandur,28.765
PROP-1974611C2F00,65,37,61,65,65.3,CPCB_MAA_Alandur,16.156
PROP-9CB459E0B13B,102,53,88,102,102.3,CPCB_MAA_Alandur,36.613
PROP-5B7F6CBD43E6,90,49,80,90,96.7,CPCB_MAA_Alandur,6.776
PROP-88D0A39498E0,39,21,35,39,60.7,CPCB_MAA_Manali,16.644
PROP-DD69F9AD0974,37,21,34,37,64.7,CPCB_MAA_Manali,20.034
PROP-D7C2B2F41C4C,29,15,25,29,52.0,CPCB_MAA_Alandur,12.9
PROP-EB58BBF4BADD,56,30,49,56,62.3,CPCB_MAA_Alandur,16.154
PROP-F80017EE1338,72,38,62,72,74.7,CPCB_MAA_Manali,18.681
PROP-95EDED91622D,81,44,72,81,84.7,CPCB_MAA_Manali,18.681
PROP-2F9C6036ED6F,41,23,38,41,62.0,CPCB_MAA_Manali,25.164
PROP-AD43DBD8D179,81,45,74,81,50.3,CPCB_MAA_Manali,21.89
PROP-B09BC38C8A1A,29,15,25,29,52.0,CPCB_MAA_Alandur,22.35
PROP-3AC1B4355BA1,56,30,49,56,62.3,CPCB_MAA_Alandur,17.801
PROP-53797FACF5D3,90,51,85,90,54.3,CPCB_MAA_Manali,12.066
PROP-B4E977993819,73,39,64,73,44.3,CPCB_MAA_Alandur,12.097
PROP-7C473C0B4667,32,17,28,32,52.7,CPCB_MAA_Alandur,10.758
PROP-6153FB7F2B67,29,15,25,29,52.0,CPCB_MAA_Alandur,7.917
PROP-AF0DA76E6979,90,48,79,90,55.0,CPCB_MAA_Manali,18.687
PROP-D3B2E526FBCC,72,38,62,72,74.7,CPCB_MAA_Manali,14.065
PROP-C41953D67F61,57,31,50,57,59.7,CPCB_MAA_Alandur,7.211
PROP-B52E57319444,72,39,65,72,43.0,CPCB_MAA_Alandur,11.77
PROP-6729781563C9,29,15,25,29,51.7,CPCB_MAA_Alandur,17.801
PROP-5A2831796106,90,48,79,90,55.0,CPCB_MAA_Manali,12.066
PROP-E6DEADBB2E2F,32,17,28,32,52.7,CPCB_MAA_Alandur,17.801
PROP-3B7DA3FE390A,56,29,47,56,59.3,CPCB_MAA_Alandur,19.115
PROP-B5639A3424CC,90,49,80,90,96.7,CPCB_MAA_Alandur,14.97
PROP-3F0EF15CCD58,41,23,38,41,62.0,CPCB_MAA_Manali,7.518
PROP-4A1C6A40BA4B,39,21,35,39,60.7,CPCB_MAA_Manali,21.89
PROP-F65670DBC16E,90,49,80,90,96.7,CPCB_MAA_Alandur,14.994
PROP-3F97213CF130,95,53,87,95,58.0,CPCB_MAA_Manali,21.128
PROP-C4155B940ABC,109,59,98,109,113.0,CPCB_MAA_Manali,10.622
PROP-1878BF35FCC8,35,20,33,35,64.3,CPCB_MAA_Manali,29.062
PROP-54716B41066D,117,64,106,117,118.3,CPCB_MAA_Manali,29.062
PROP-04E252D78D20,41,23,38,41,62.0,CPCB_MAA_Manali,24.485
PROP-CDAA9A7059A8,41,23,38,41,62.0,CPCB_MAA_Manali,22.629
PROP-EF4E844C18DA,72,39,65,72,43.0,CPCB_MAA_Alandur,11.58
PROP-1C386B040FBC,97,51,84,97,94.7,CPCB_MAA_Alandur,10.758
PROP-7107B1673EE8,73,39,64,73,44.3,CPCB_MAA_Alandur,10.758
PROP-A6C46D949DBA,27,14,23,27,48.3,CPCB_MAA_Alandur,10.758
PROP-4FFD848EB31E,72,39,65,72,43.0,CPCB_MAA_Alandur,13.536
PROP-E188D1A759E5,27,14,23,27,48.3,CPCB_MAA_Alandur,15.901
PROP-AFA0194356E0,56,29,47,56,59.3,CPCB_MAA_Alandur,17.801
PROP-603DF0DC0148,56,29,47,56,59.3,CPCB_MAA_Alandur,17.801
PROP-5867B64800D6,41,23,38,41,62.0,CPCB_MAA_Manali,25.129
PROP-C3D6F59A3EDE,97,51,84,97,94.7,CPCB_MAA_Alandur,21.709
PROP-518FD6A2B7C8,69,39,63,69,43.0,CPCB_MAA_Alandur,32.259
PROP-95BB764550DF,37,21,34,37,64.7,CPCB_MAA_Manali,29.507
PROP-7AA41CA4CC6F,69,39,63,69,43.0,CPCB_MAA_Alandur,17.206
PROP-1BC89038386F,90,51,85,90,54.3,CPCB_MAA_Manali,24.941
PROP-F495C97732AB,37,21,34,37,64.7,CPCB_MAA_Manali,15.973
PROP-D9FA6E84A016,90,49,80,90,96.7,CPCB_MAA_Alandur,28.765
PROP-95FEE5E7490F,65,37,61,65,65.3,CPCB_MAA_Alandur,3.483
PROP-0CAA9D0369DB,72,39,65,72,43.0,CPCB_MAA_Alandur,15.713
PROP-4F0410F8C139,67,38,63,67,76.3,CPCB_MAA_Manali,9.847
PROP-C9929F648956,81,44,72,81,84.7,CPCB_MAA_Manali,12.294
PROP-FA9768F6F528,90,49,80,90,96.7,CPCB_MAA_Alandur,17.661
PROP-0A29101C4238,67,38,63,67,76.3,CPCB_MAA_Manali,14.257
PROP-74C29AC0C2CE,33,17,28,33,52.0,CPCB_BLR_BTM,12.395
PROP-4EA611915B20,59,33,54,59,71.3,CPCB_BLR_BTM,4.026
PROP-0321CB56F8A3,58,33,54,58,68.3,CPCB_BLR_BTM,12.222
PROP-D15088A3CC47,32,17,29,32,50.0,CPCB_BLR_Hebbal,17.002
PROP-AA12E85F4006,31,17,28,31,49.0,CPCB_BLR_Hebbal,18.373
PROP-3D1E10AFAEEE,73,39,64,73,46.0,CPCB_BLR_BTM,20.583
PROP-EB21F7C47A2D,73,40,65,73,45.7,CPCB_BLR_BTM,21.831
PROP-B4DC2995CB05,73,39,64,73,46.0,CPCB_BLR_BTM,20.26
PROP-B8888E831EFC,73,39,64,73,46.0,CPCB_BLR_BTM,25.016
PROP-D489B728AB28,32,16,27,32,52.7,CPCB_BLR_BTM,14.601
PROP-202FE8E3A4F6,77,40,65,77,48.0,CPCB_BLR_BTM,25.33
PROP-A332B7CBBBB0,77,44,72,77,47.3,CPCB_BLR_BTM,14.078
PROP-73EC79C346C9,32,16,27,32,52.7,CPCB_BLR_BTM,13.19
PROP-F206E84CFE29,73,39,64,73,46.0,CPCB_BLR_BTM,15.848
PROP-C180459A59E3,33,17,28,33,52.0,CPCB_BLR_BTM,20.947
PROP-F9875B1BB6C1,58,33,54,58,68.3,CPCB_BLR_BTM,10.796
PROP-9A33348B63FA,73,40,65,73,45.7,CPCB_BLR_BTM,22.066
PROP-C6C23F22FE64,86,48,79,86,96.0,CPCB_BLR_Hebbal,29.74
PROP-A76DA2EA915F,33,17,28,33,52.0,CPCB_BLR_BTM,24.539
PROP-CB61FE5C5384,31,17,28,31,49.0,CPCB_BLR_Hebbal,3.89
PROP-CCC45291E099,60,34,56,60,63.0,CPCB_BLR_Hebbal,19.109
PROP-B93768363638,69,38,63,69,42.3,CPCB_BLR_Hebbal,32.495
PROP-A618E318015F,59,33,54,59,71.3,CPCB_BLR_BTM,10.912
PROP-1F3F3DC677A9,70,38,62,70,75.0,CPCB_BLR_BTM,11.535
PROP-2B0B7389EAFA,86,48,79,86,96.0,CPCB_BLR_Hebbal,6.185
PROP-2FB6EB68543F,73,39,64,73,46.0,CPCB_BLR_BTM,29.713
PROP-C4F2B340363A,114,60,98,114,112.7,CPCB_BLR_BTM,26.299
PROP-1293D8487BD8,58,31,51,58,60.3,CPCB_BLR_Hebbal,22.211
PROP-A365EF65D88C,72,41,67,72,43.7,CPCB_BLR_Hebbal,26.035
PROP-087904787CEE,114,60,98,114,112.7,CPCB_BLR_BTM,6.791
PROP-7EE9CAF04D31,75,42,69,75,43.7,CPCB_BLR_Hebbal,22.256
PROP-871B58ABD784,75,42,69,75,47.3,CPCB_BLR_BTM,17.209
PROP-A31103301FD1,77,44,72,77,47.3,CPCB_BLR_BTM,27.038
PROP-E1A9A1689D92,90,49,81,90,97.0,CPCB_BLR_Hebbal,5.508
PROP-40F895446EB4,29,16,26,29,51.3,CPCB_BLR_BTM,29.713
PROP-006317BD3B69,77,44,72,77,47.3,CPCB_BLR_BTM,22.466
PROP-A5B0578B920B,107,55,91,107,108.7,CPCB_BLR_BTM,24.908
PROP-8E23C41F9667,27,15,25,27,48.3,CPCB_BLR_Hebbal,22.182
PROP-2A2F5CFB8D2B,58,33,54,58,68.3,CPCB_BLR_BTM,6.791
PROP-290D7930681A,114,60,98,114,112.7,CPCB_BLR_BTM,20.002
PROP-CABF269E0EB5,73,40,65,73,45.7,CPCB_BLR_BTM,12.215
PROP-716C5382ED82,61,32,53,61,63.0,CPCB_BLR_Hebbal,21.186
PROP-E76B4238E2FB,86,48,79,86,96.0,CPCB_BLR_Hebbal,24.32
PROP-BA06BA1E0E0D,29,15,25,29,50.7,CPCB_BLR_Hebbal,19.343
PROP-AEBC42256807,93,50,82,93,91.7,CPCB_BLR_Hebbal,3.745
PROP-FDF1CA1F689D,86,48,79,86,96.0,CPCB_BLR_Hebbal,30.734
PROP-35CDB12883C5,69,38,63,69,42.3,CPCB_BLR_Hebbal,22.803
PROP-142A20F5360E,73,40,65,73,45.7,CPCB_BLR_BTM,16.104
PROP-9CA160B4C892,90,49,81,90,97.0,CPCB_BLR_Hebbal,25.084
PROP-72CD4E07270A,108,57,93,108,100.3,CPCB_BLR_BTM,14.272
PROP-32721C22990F,108,57,93,108,100.3,CPCB_BLR_BTM,10.614
PROP-F307883F4178,93,50,82,93,91.7,CPCB_BLR_Hebbal,13.864
PROP-5D571FE394AD,58,31,51,58,60.3,CPCB_BLR_Hebbal,20.942
PROP-9B9258430208,32,17,29,32,50.0,CPCB_BLR_Hebbal,27.383
PROP-B89FCC71E170,75,42,69,75,47.3,CPCB_BLR_BTM,31.959
PROP-C57A169FF3C6,33,17,29,33,50.0,CPCB_BLR_Hebbal,7.678
PROP-2EC5E597AA3E,77,40,65,77,48.0,CPCB_BLR_BTM,12.215
PROP-12D973E88313,90,49,81,90,97.0,CPCB_BLR_Hebbal,26.035
PROP-37F563C98D62,58,33,54,58,68.3,CPCB_BLR_BTM,31.959
PROP-8F73A3A60282,61,32,53,61,63.0,CPCB_BLR_Hebbal,18.167
PROP-A11B478CE34A,61,32,53,61,63.0,CPCB_BLR_Hebbal,11.281
PROP-FCE181DB5E88,75,42,69,75,43.7,CPCB_BLR_Hebbal,7.762
PROP-96868D158019,29,15,25,29,50.7,CPCB_BLR_Hebbal,22.138
PROP-61365C96F529,67,38,62,67,43.0,CPCB_BLR_Hebbal,14.143
PROP-DDA407E1085B,68,37,61,68,70.7,CPCB_BLR_BTM,17.209
PROP-22227BA25B01,33,18,29,33,53.0,CPCB_BLR_BTM,17.063
PROP-DBF34718975E,99,56,91,99,98.0,CPCB_BLR_Hebbal,18.167
PROP-A1B91AEBBF4B,73,40,65,73,45.7,CPCB_BLR_BTM,16.104
PROP-3E33E696118B,61,32,53,61,63.0,CPCB_BLR_Hebbal,8.037
PROP-9739BA86AD77,31,17,28,31,49.0,CPCB_BLR_Hebbal,19.343
PROP-7936896A151B,33,17,29,33,50.0,CPCB_BLR_Hebbal,29.616
PROP-798DF8D0BD87,75,42,69,75,43.7,CPCB_BLR_Hebbal,25.576
PROP-4F57EDE89F03,27,15,25,27,48.3,CPCB_BLR_Hebbal,16.887
PROP-631CA1854242,106,58,96,106,105.7,CPCB_BLR_BTM,12.222
PROP-7099F36CE814,58,33,54,58,68.3,CPCB_BLR_BTM,22.937
PROP-CDE664E10965,33,17,28,33,52.0,CPCB_BLR_BTM,26.107
PROP-7421156566D1,32,16,27,32,52.7,CPCB_BLR_BTM,7.561
PROP-0C143383815F,58,33,54,58,68.3,CPCB_BLR_BTM,15.468
PROP-735DB9E45934,33,17,28,33,52.0,CPCB_BLR_BTM,2.31
PROP-BCBEB0CC2DC4,86,48,79,86,96.0,CPCB_BLR_Hebbal,22.929
PROP-E53EFA2D983E,64,34,56,64,67.3,CPCB_BLR_Hebbal,4.64
PROP-793925559498,77,40,65,77,48.0,CPCB_BLR_BTM,19.933
PROP-B3E6DD8B3785,59,33,54,59,71.3,CPCB_BLR_BTM,12.215
PROP-3360DF0EAD7E,31,17,28,31,49.0,CPCB_BLR_Hebbal,3.89
PROP-6674BA9CEC21,61,32,53,61,63.0,CPCB_BLR_Hebbal,14.143
PROP-24CF32DEB4AE,77,44,72,77,47.3,CPCB_BLR_BTM,27.038
PROP-503C8CF03D18,29,16,26,29,51.3,CPCB_BLR_BTM,22.285
PROP-07B8746D23A2,29,15,25,29,50.7,CPCB_BLR_Hebbal,29.74
PROP-CC4690D3CF35,69,38,63,69,42.3,CPCB_BLR_Hebbal,22.304
PROP-950F9D6C7EBC,74,41,67,74,44.3,CPCB_BLR_Hebbal,9.343
PROP-2EC21115DCD3,61,32,53,61,63.0,CPCB_BLR_Hebbal,27.217
PROP-058ED1AAA8BC,31,17,28,31,49.0,CPCB_BLR_Hebbal,30.734
PROP-919B1B355578,33,17,28,33,52.0,CPCB_BLR_BTM,26.523
PROP-9200A389EA96,72,41,67,72,43.7,CPCB_BLR_Hebbal,22.182
PROP-39B3D0271137,64,34,55,64,67.3,CPCB_BLR_BTM,22.066
PROP-7D917C87DE9B,64,34,55,64,67.3,CPCB_BLR_BTM,26.107
PROP-BE94375CCB95,73,40,65,73,45.7,CPCB_BLR_BTM,20.278
PROP-1DB7DD0427A7,93,50,82,93,91.7,CPCB_BLR_Hebbal,6.185
PROP-A26149CE0B17,32,17,29,32,50.0,CPCB_BLR_Hebbal,9.343
PROP-49BD33F579CB,27,15,25,27,48.3,CPCB_BLR_Hebbal,6.033
PROP-0D0D2526274C,73,39,64,73,46.0,CPCB_BLR_BTM,15.82
PROP-51E9A0713C15,70,38,62,70,75.0,CPCB_BLR_BTM,24.539
PROP-A8782B94B1FB,73,39,64,73,46.0,CPCB_BLR_BTM,6.791
PROP-BAAF6116ED3C,61,32,53,61,63.0,CPCB_BLR_Hebbal,29.74
PROP-64006734E074,68,37,61,68,70.7,CPCB_BLR_BTM,26.107
PROP-68AD2E811648,64,34,55,64,67.3,CPCB_BLR_BTM,6.468
PROP-48A2CAFA4D8E,93,50,82,93,91.7,CPCB_BLR_Hebbal,24.205
PROP-10979CB9A20E,61,32,53,61,63.0,CPCB_BLR_Hebbal,29.74
PROP-C67FB674FB2F,61,32,53,61,63.0,CPCB_BLR_Hebbal,5.113
PROP-34BBA7C8236D,33,18,29,33,53.0,CPCB_BLR_BTM,16.958
PROP-49F75168D35F,64,34,56,64,67.3,CPCB_BLR_Hebbal,19.343
PROP-2EE8C4AD74AC,107,55,91,107,108.7,CPCB_BLR_BTM,26.107
PROP-C68DA66F8F89,69,38,63,69,42.3,CPCB_BLR_Hebbal,2.497
PROP-E85D08D00791,64,34,55,64,67.3,CPCB_BLR_BTM,25.016
PROP-E528079CC2AD,29,15,25,29,50.7,CPCB_BLR_Hebbal,21.528
PROP-0476BE175E80,73,40,65,73,45.7,CPCB_BLR_BTM,25.016
PROP-4F8C420913BF,73,40,65,73,45.7,CPCB_BLR_BTM,14.601
PROP-B8F29184E8C3,74,41,67,74,44.3,CPCB_BLR_Hebbal,5.508
PROP-EC3B8FC7E64D,59,33,54,59,71.3,CPCB_BLR_BTM,32.717
PROP-B9B0ABA93413,67,38,62,67,43.0,CPCB_BLR_Hebbal,11.86
PROP-542B9E0A0FCB,74,41,67,74,44.3,CPCB_BLR_Hebbal,11.86
PROP-5B671A553DCF,35,19,31,35,59.0,CPCB_BLR_BTM,25.016
PROP-35743D5914AF,86,48,79,86,96.0,CPCB_BLR_Hebbal,29.616
PROP-52C124200594,61,32,53,61,63.0,CPCB_BLR_Hebbal,16.887
PROP-3B458B19A7E9,69,38,63,69,42.3,CPCB_BLR_Hebbal,16.887
PROP-781FF2B0467C,32,17,29,32,50.0,CPCB_BLR_Hebbal,29.616
PROP-05CF94F16F1A,61,32,53,61,63.0,CPCB_BLR_Hebbal,16.887
PROP-DE185189C095,68,37,61,68,70.7,CPCB_BLR_BTM,2.737
PROP-810090572038,61,32,53,61,63.0,CPCB_BLR_Hebbal,12.186
PROP-61D5B7A22CF3,60,34,56,60,63.0,CPCB_BLR_Hebbal,17.794
PROP-800FDCD772A0,68,37,61,68,70.7,CPCB_BLR_BTM,6.791
PROP-BF423B2D928A,58,33,54,58,68.3,CPCB_BLR_BTM,6.223
PROP-1E4BB4EE7D45,74,41,67,74,44.3,CPCB_BLR_Hebbal,17.002
PROP-F068D1EE3384,77,40,65,77,48.0,CPCB_BLR_BTM,29.38
PROP-22E2B8C95B3A,58,33,54,58,68.3,CPCB_BLR_BTM,26.523
PROP-A0E39D1BBB80,106,58,96,106,105.7,CPCB_BLR_BTM,20.231
PROP-4008DD617BF1,70,38,62,70,75.0,CPCB_BLR_BTM,17.784
PROP-7905092B1300,32,17,29,32,50.0,CPCB_BLR_Hebbal,23.002
PROP-A210B98C0F60,61,32,53,61,63.0,CPCB_BLR_Hebbal,12.311
PROP-ED53B800D737,35,19,31,35,59.0,CPCB_BLR_BTM,4.703
PROP-FBC1B0DB962E,33,17,29,33,50.0,CPCB_BLR_Hebbal,9.343
PROP-B9387A1FE63B,75,42,69,75,47.3,CPCB_BLR_BTM,25.21
PROP-CBA807F802E2,77,40,65,77,48.0,CPCB_BLR_BTM,2.737
PROP-C9756B6B35C2,61,32,53,61,63.0,CPCB_BLR_Hebbal,30.531
PROP-3E3B6C21254F,99,56,91,99,98.0,CPCB_BLR_Hebbal,16.887
PROP-0F406B873B88,58,31,51,58,60.3,CPCB_BLR_Hebbal,5.508
PROP-7A47E09D4B3D,27,15,25,27,48.3,CPCB_BLR_Hebbal,16.887
PROP-680082C85A42,107,55,91,107,108.7,CPCB_BLR_BTM,16.375
PROP-4B8A2BBE2AE1,33,18,29,33,53.0,CPCB_BLR_BTM,22.464
PROP-91CB26D1DF18,90,49,81,90,97.0,CPCB_BLR_Hebbal,30.531
PROP-2D43F1D425FE,75,42,69,75,43.7,CPCB_BLR_Hebbal,26.534
PROP-0BA3456F4A3F,58,31,51,58,60.3,CPCB_BLR_Hebbal,5.508
PROP-F619C3C82FE6,58,31,51,58,60.3,CPCB_BLR_Hebbal,5.508
PROP-3BC3A08A786B,33,17,29,33,50.0,CPCB_BLR_Hebbal,19.66
PROP-73A82C040C1D,33,18,29,33,53.0,CPCB_BLR_BTM,6.223
PROP-5FFC56AF0D81,73,40,65,73,45.7,CPCB_BLR_BTM,25.016
PROP-7FB5A33F1D42,64,34,55,64,67.3,CPCB_BLR_BTM,25.016
PROP-0DF2689E8504,73,40,65,73,45.7,CPCB_BLR_BTM,15.141
PROP-4DD4BA38038F,70,38,62,70,75.0,CPCB_BLR_BTM,6.791
PROP-4A608895F12D,29,16,26,29,51.3,CPCB_BLR_BTM,25.016
PROP-069A19144A8E,99,56,91,99,98.0,CPCB_BLR_Hebbal,6.213
PROP-B4A8AE3A80B2,75,42,69,75,47.3,CPCB_BLR_BTM,6.791
PROP-D7D0F89B13AE,29,15,25,29,50.7,CPCB_BLR_Hebbal,30.734
PROP-A7A97599B6F9,35,19,31,35,59.0,CPCB_BLR_BTM,6.223
PROP-C76A6B896015,73,40,65,73,45.7,CPCB_BLR_BTM,20.26
PROP-00F04811CAE5,74,41,67,74,44.3,CPCB_BLR_Hebbal,21.333
PROP-82B11312217F,75,42,69,75,43.7,CPCB_BLR_Hebbal,8.948
PROP-3CDDDE71ABFA,108,57,93,108,100.3,CPCB_BLR_BTM,10.46
PROP-48C2457FD8D3,107,55,91,107,108.7,CPCB_BLR_BTM,14.272
PROP-56875D73C571,75,42,69,75,47.3,CPCB_BLR_BTM,11.815
PROP-C360B586390A,70,38,62,70,75.0,CPCB_BLR_BTM,22.638
PROP-A9AF10260692,58,33,54,58,68.3,CPCB_BLR_BTM,20.663
PROP-502861ECED7E,58,31,51,58,60.3,CPCB_BLR_Hebbal,5.508
PROP-003F6016AD15,77,40,65,77,48.0,CPCB_BLR_BTM,16.215
PROP-01433059BC75,75,42,69,75,43.7,CPCB_BLR_Hebbal,12.714
PROP-FB33D5373927,106,58,96,106,105.7,CPCB_BLR_BTM,22.066
PROP-5AB3B76F53DE,32,16,27,32,52.7,CPCB_BLR_BTM,22.937
PROP-84A4E88EFF9B,58,31,51,58,60.3,CPCB_BLR_Hebbal,25.207
PROP-F63B0ABC2C11,32,16,27,32,52.7,CPCB_BLR_BTM,2.737
PROP-2C9B6F818BDC,108,57,93,108,100.3,CPCB_BLR_BTM,6.562
PROP-D93C404AA7A5,72,41,67,72,43.7,CPCB_BLR_Hebbal,25.084
PROP-46EA9CEE922E,58,31,51,58,60.3,CPCB_BLR_Hebbal,11.301
PROP-E64408990A61,32,16,27,32,52.7,CPCB_BLR_BTM,12.146
PROP-53D6E570E82C,107,55,91,107,108.7,CPCB_BLR_BTM,16.104
PROP-1841E40E729D,75,42,69,75,47.3,CPCB_BLR_BTM,24.539
PROP-F0F5B81D604A,32,17,29,32,50.0,CPCB_BLR_Hebbal,10.624
PROP-4AB8AD707CF8,74,41,67,74,44.3,CPCB_BLR_Hebbal,21.022
PROP-E6CAC276A1DE,73,40,65,73,45.7,CPCB_BLR_BTM,22.121
PROP-7B24B38C5636,106,58,96,106,105.7,CPCB_BLR_BTM,6.791
PROP-C1EE1E4543B3,77,44,72,77,47.3,CPCB_BLR_BTM,16.958
PROP-5248E691D853,75,42,69,75,43.7,CPCB_BLR_Hebbal,6.48
PROP-8BB5F3862AFA,106,58,96,106,105.7,CPCB_BLR_BTM,26.107
PROP-5F2807615F56,31,17,28,31,49.0,CPCB_BLR_Hebbal,28.462
PROP-7F7AAB994968,70,38,62,70,75.0,CPCB_BLR_BTM,26.523
PROP-5ECF0A77D56B,86,48,79,86,96.0,CPCB_BLR_Hebbal,15.214
PROP-8B13E8328010,61,32,53,61,63.0,CPCB_BLR_Hebbal,27.367
PROP-F0DFEFFBCCB2,60,34,56,60,63.0,CPCB_BLR_Hebbal,27.383
PROP-FB797273D500,32,16,27,32,52.7,CPCB_BLR_BTM,26.609
PROP-B2AC02E6FFF5,107,55,91,107,108.7,CPCB_BLR_BTM,4.703
PROP-0860ED725D78,106,58,96,106,105.7,CPCB_BLR_BTM,29.092
PROP-0FE93A71BC57,93,50,82,93,91.7,CPCB_BLR_Hebbal,22.182
PROP-3C9BEED99DF2,72,41,67,72,43.7,CPCB_BLR_Hebbal,16.199
PROP-1257BE4E3CE6,69,38,63,69,42.3,CPCB_BLR_Hebbal,20.617
PROP-EF868122AC40,33,17,29,33,50.0,CPCB_BLR_Hebbal,3.89
PROP-A47DA716A2F2,67,38,62,67,43.0,CPCB_BLR_Hebbal,20.166
PROP-E919A969ED24,32,16,27,32,52.7,CPCB_BLR_BTM,12.215
PROP-2DDF494243AD,35,19,31,35,59.0,CPCB_BLR_BTM,6.223
PROP-C18A52DC1A5F,106,58,96,106,105.7,CPCB_BLR_BTM,14.858
PROP-E32664AA4A63,74,41,67,74,44.3,CPCB_BLR_Hebbal,29.74
PROP-AC1ED728A46D,77,44,72,77,47.3,CPCB_BLR_BTM,25.016
PROP-9093B0AC4F6A,107,55,91,107,108.7,CPCB_BLR_BTM,16.888
PROP-CE7750EC13F4,27,15,25,27,48.3,CPCB_BLR_Hebbal,8.121
PROP-DA1F38FEFF04,31,17,28,31,49.0,CPCB_BLR_Hebbal,16.709
PROP-65268A54CB32,33,17,28,33,52.0,CPCB_BLR_BTM,16.958
PROP-706F67B2ED93,64,34,56,64,67.3,CPCB_BLR_Hebbal,6.033
PROP-6B710EF3E33D,64,34,56,64,67.3,CPCB_BLR_Hebbal,5.113
PROP-BA5EB97E3748,27,15,25,27,48.3,CPCB_BLR_Hebbal,16.709
PROP-F9F1BF8646EF,106,58,96,106,105.7,CPCB_BLR_BTM,18.825
PROP-DBFFC5DEC768,32,17,29,32,50.0,CPCB_BLR_Hebbal,3.005
PROP-E86E6EB2AD72,73,39,64,73,46.0,CPCB_BLR_BTM,19.912
PROP-44FDBB208F5F,77,44,72,77,47.3,CPCB_BLR_BTM,2.15
PROP-52A4E5C1930E,61,32,53,61,63.0,CPCB_BLR_Hebbal,10.833
PROP-5890278D9809,67,38,62,67,43.0,CPCB_BLR_Hebbal,11.86
PROP-FF8E215E77D0,77,44,72,77,47.3,CPCB_BLR_BTM,16.104
PROP-A7AACAE46A0D,33,17,28,33,52.0,CPCB_BLR_BTM,17.11
PROP-0EA377BF6A54,61,32,53,61,63.0,CPCB_BLR_Hebbal,14.746
PROP-697927058751,67,38,62,67,43.0,CPCB_BLR_Hebbal,11.86
PROP-4765057EF2F9,72,41,67,72,43.7,CPCB_BLR_Hebbal,21.956
PROP-C1335E511393,70,38,62,70,75.0,CPCB_BLR_BTM,19.649
PROP-AA8604D84968,32,16,27,32,52.7,CPCB_BLR_BTM,19.325
PROP-85ED57411480,73,39,64,73,46.0,CPCB_BLR_BTM,14.272
PROP-31008C689D06,75,42,69,75,43.7,CPCB_BLR_Hebbal,19.343
PROP-B94636A9A773,75,42,69,75,47.3,CPCB_BLR_BTM,18.455
PROP-9FF8E134FF77,99,56,91,99,98.0,CPCB_BLR_Hebbal,6.033
PROP-7DAE05C35B49,64,34,56,64,67.3,CPCB_BLR_Hebbal,14.036
PROP-92D7ADA161BC,58,31,51,58,60.3,CPCB_BLR_Hebbal,16.887
PROP-455408954327,35,19,31,35,59.0,CPCB_BLR_BTM,25.33
PROP-98388DA9E4B3,67,38,62,67,43.0,CPCB_BLR_Hebbal,11.504
PROP-384E1963AFB1,77,44,72,77,47.3,CPCB_BLR_BTM,6.791
PROP-0C7348FE202B,29,15,25,29,50.7,CPCB_BLR_Hebbal,16.887
PROP-BA8A2883586F,61,32,53,61,63.0,CPCB_BLR_Hebbal,11.86
PROP-A11A6981D3A5,107,55,91,107,108.7,CPCB_BLR_BTM,25.016
PROP-1EDFBB744D36,61,32,53,61,63.0,CPCB_BLR_Hebbal,7.493
PROP-6D1FAB6D3730,60,34,56,60,63.0,CPCB_BLR_Hebbal,24.205
PROP-CAC9B120EB49,59,33,54,59,71.3,CPCB_BLR_BTM,20.947
PROP-2A0C4AC155D9,114,60,98,114,112.7,CPCB_BLR_BTM,6.223
PROP-0CAFCDA77290,59,33,54,59,71.3,CPCB_BLR_BTM,7.838
PROP-4A2923164198,90,49,81,90,97.0,CPCB_BLR_Hebbal,3.061
PROP-99CA77FC3797,74,41,67,74,44.3,CPCB_BLR_Hebbal,9.343
PROP-2733004DFB4F,33,17,28,33,52.0,CPCB_BLR_BTM,15.848
PROP-080724F43710,27,15,25,27,48.3,CPCB_BLR_Hebbal,8.214
PROP-C6322C8B8045,72,41,67,72,43.7,CPCB_BLR_Hebbal,11.86
PROP-0C2066E9E049,33,18,29,33,53.0,CPCB_BLR_BTM,6.223
PROP-08917B3C19DB,67,38,62,67,43.0,CPCB_BLR_Hebbal,11.86
PROP-017B72AECABE,73,39,64,73,46.0,CPCB_BLR_BTM,25.016
PROP-5A776B4F1FE1,73,39,64,73,46.0,CPCB_BLR_BTM,22.464
PROP-839D1A608D10,60,34,56,60,63.0,CPCB_BLR_Hebbal,21.175
PROP-CEF6F57C94F4,59,33,54,59,71.3,CPCB_BLR_BTM,6.223
PROP-D1FF360C06B2,27,15,25,27,48.3,CPCB_BLR_Hebbal,16.887
PROP-ADA685FC5E27,75,42,69,75,47.3,CPCB_BLR_BTM,2.737
PROP-B8611EC4724C,99,56,91,99,98.0,CPCB_BLR_Hebbal,8.948
PROP-4F697A9257D1,90,49,81,90,97.0,CPCB_BLR_Hebbal,26.035
PROP-36C0B6D54F43,77,44,72,77,47.3,CPCB_BLR_BTM,26.107
PROP-F988B92E3135,75,42,69,75,43.7,CPCB_BLR_Hebbal,16.887
PROP-FA04E82CE07B,114,60,98,114,112.7,CPCB_BLR_BTM,6.896
PROP-F166F505A50C,29,16,26,29,51.3,CPCB_BLR_BTM,6.791
PROP-65D96FCD59D3,106,58,96,106,105.7,CPCB_BLR_BTM,21.872
PROP-C79CA9A7591B,69,38,63,69,42.3,CPCB_BLR_Hebbal,19.66
PROP-85F10FB9D96A,32,17,29,32,50.0,CPCB_BLR_Hebbal,30.531
PROP-ADE270E390A7,33,17,29,33,50.0,CPCB_BLR_Hebbal,11.86
PROP-B9EE66135257,33,17,29,33,50.0,CPCB_BLR_Hebbal,19.093
PROP-B6D4580F387A,75,42,69,75,47.3,CPCB_BLR_BTM,12.395
PROP-00C912C40190,58,33,54,58,68.3,CPCB_BLR_BTM,4.703
PROP-7561D714F5B1,32,17,29,32,50.0,CPCB_BLR_Hebbal,7.43
PROP-02C371CBCB74,108,57,93,108,100.3,CPCB_BLR_BTM,25.016
PROP-A1A09D0FAD95,74,41,67,74,44.3,CPCB_BLR_Hebbal,28.462
PROP-4EBBB3B7CCDC,29,15,25,29,50.7,CPCB_BLR_Hebbal,32.495
PROP-3CABABF6749D,33,17,28,33,52.0,CPCB_BLR_BTM,15.468
PROP-1581D6DD4BCC,33,17,28,33,52.0,CPCB_BLR_BTM,18.825
PROP-C2AD93832287,73,40,65,73,45.7,CPCB_BLR_BTM,19.481
PROP-A45DE8E14893,75,42,69,75,43.7,CPCB_BLR_Hebbal,5.113
PROP-F24540D720C0,86,48,79,86,96.0,CPCB_BLR_Hebbal,31.541
PROP-B16F80A97DF4,33,17,29,33,50.0,CPCB_BLR_Hebbal,30.734
PROP-79ABF40C698F,60,34,56,60,63.0,CPCB_BLR_Hebbal,16.887
PROP-59701C55D4AE,59,33,54,59,71.3,CPCB_BLR_BTM,6.502
PROP-D40CAEA2891A,77,44,72,77,47.3,CPCB_BLR_BTM,30.337
PROP-2145BED22369,32,16,27,32,52.7,CPCB_BLR_BTM,29.38
PROP-8A02A19B2B59,68,37,61,68,70.7,CPCB_BLR_BTM,14.272
PROP-DC836F594A19,90,49,81,90,97.0,CPCB_BLR_Hebbal,16.887
PROP-BC8119439D1B,99,56,91,99,98.0,CPCB_BLR_Hebbal,19.093
PROP-1CD06191D58D,33,18,29,33,53.0,CPCB_BLR_BTM,10.614
PROP-2AD8BFF5F152,61,32,53,61,63.0,CPCB_BLR_Hebbal,14.143
PROP-790A6345B13A,61,32,53,61,63.0,CPCB_BLR_Hebbal,14.143
PROP-F6F9032C8579,90,49,81,90,97.0,CPCB_BLR_Hebbal,8.163
PROP-46C9341F177D,60,34,56,60,63.0,CPCB_BLR_Hebbal,22.182
PROP-3BAAF5AB2702,70,38,62,70,75.0,CPCB_BLR_BTM,26.107
PROP-F597803D91AA,77,44,72,77,47.3,CPCB_BLR_BTM,6.791
PROP-2D78D8DAC6AA,64,34,55,64,67.3,CPCB_BLR_BTM,26.107
PROP-D002694A0A4C,74,41,67,74,44.3,CPCB_BLR_Hebbal,7.493
PROP-5D53E904D9D9,58,33,54,58,68.3,CPCB_BLR_BTM,6.791
PROP-1773B5B0FF7C,70,38,62,70,75.0,CPCB_BLR_BTM,6.791
PROP-2C9F5256BF79,32,16,27,32,52.7,CPCB_BLR_BTM,2.737
PROP-D16B312759F3,106,58,96,106,105.7,CPCB_BLR_BTM,19.426
PROP-1E474AAD9AE0,33,17,28,33,52.0,CPCB_BLR_BTM,6.791
PROP-16C4C51928D7,33,18,29,33,53.0,CPCB_BLR_BTM,6.791
PROP-C670F12382CE,64,34,55,64,67.3,CPCB_BLR_BTM,6.791
PROP-89BCD1B82E45,73,40,65,73,45.7,CPCB_BLR_BTM,22.937
PROP-41171B0E90D1,27,15,25,27,48.3,CPCB_BLR_Hebbal,0.958
PROP-A2A3580223E5,99,56,91,99,98.0,CPCB_BLR_Hebbal,1.664
PROP-395C854E4532,114,60,98,114,112.7,CPCB_BLR_BTM,12.215
PROP-8BC45129128D,61,32,53,61,63.0,CPCB_BLR_Hebbal,9.209
PROP-1B3CD9AFD6EA,107,55,91,107,108.7,CPCB_BLR_BTM,22.937
PROP-46F76C9E0741,108,57,93,108,100.3,CPCB_BLR_BTM,16.201
PROP-9ED958E0E47F,32,16,27,32,52.7,CPCB_BLR_BTM,15.848
PROP-8B109DF03D59,68,37,61,68,70.7,CPCB_BLR_BTM,14.272
PROP-FCBE4C8F2C06,90,49,81,90,97.0,CPCB_BLR_Hebbal,12.311
PROP-E3F96BB1EFFF,29,15,25,29,50.7,CPCB_BLR_Hebbal,22.465
PROP-9CDCB9321CD3,27,15,25,27,48.3,CPCB_BLR_Hebbal,14.423
PROP-CC666FFF2E83,61,32,53,61,63.0,CPCB_BLR_Hebbal,3.005
PROP-25CA46D91FA9,35,19,31,35,59.0,CPCB_BLR_BTM,14.858
PROP-9E10B436986D,106,58,96,106,105.7,CPCB_BLR_BTM,26.523
PROP-4402DAD23391,59,33,54,59,71.3,CPCB_BLR_BTM,14.272
PROP-1BC3BA69D111,29,16,26,29,51.3,CPCB_BLR_BTM,20.26
PROP-6D07632670C1,73,39,64,73,46.0,CPCB_BLR_BTM,29.713
PROP-CF07CE26C516,31,17,28,31,49.0,CPCB_BLR_Hebbal,5.113
PROP-6B56F80DB1A0,59,33,54,59,71.3,CPCB_BLR_BTM,20.26
PROP-5AE4A2894023,75,42,69,75,43.7,CPCB_BLR_Hebbal,19.093
PROP-351A4BE4CC0C,75,42,69,75,47.3,CPCB_BLR_BTM,29.713
PROP-FFB46B558DED,77,44,72,77,47.3,CPCB_BLR_BTM,22.937
PROP-0B8384F6D6DD,58,33,54,58,68.3,CPCB_BLR_BTM,29.713
PROP-4AF883BA43D7,86,48,79,86,96.0,CPCB_BLR_Hebbal,25.364
PROP-A7B6ABD37A94,69,38,63,69,42.3,CPCB_BLR_Hebbal,5.994
PROP-A93A3D142375,86,48,79,86,96.0,CPCB_BLR_Hebbal,5.508
PROP-51D6942DA605,32,17,29,32,50.0,CPCB_BLR_Hebbal,15.491
PROP-AEF1E5F20023,86,48,79,86,96.0,CPCB_BLR_Hebbal,26.587
PROP-7E3C7AAD0AB4,106,58,96,106,105.7,CPCB_BLR_BTM,22.066
PROP-AFCC039A0151,69,38,63,69,42.3,CPCB_BLR_Hebbal,7.493
PROP-BCD3402A46ED,74,41,67,74,44.3,CPCB_BLR_Hebbal,7.493
PROP-6AE6E36E8191,70,38,62,70,75.0,CPCB_BLR_BTM,6.791
PROP-558583B0FFE2,77,44,72,77,47.3,CPCB_BLR_BTM,32.741
PROP-ABC2A3B5656A,69,38,63,69,42.3,CPCB_BLR_Hebbal,5.113
PROP-6BED397EEAB6,90,49,81,90,97.0,CPCB_BLR_Hebbal,17.344
PROP-3FB8BAD6086A,107,55,91,107,108.7,CPCB_BLR_BTM,25.016
PROP-1A60FEA935FA,72,41,67,72,43.7,CPCB_BLR_Hebbal,14.143
PROP-D5C57F688A87,64,34,55,64,67.3,CPCB_BLR_BTM,32.741
PROP-17E889979BF1,73,39,64,73,46.0,CPCB_BLR_BTM,11.754
PROP-98363735309D,93,50,82,93,91.7,CPCB_BLR_Hebbal,23.4
PROP-19E7561477F7,75,42,69,75,43.7,CPCB_BLR_Hebbal,22.874
PROP-EE42F2C823AC,35,19,31,35,59.0,CPCB_BLR_BTM,13.79
PROP-B36EAA23BE5F,29,15,25,29,50.7,CPCB_BLR_Hebbal,22.419
PROP-7C4EF1791936,27,15,25,27,48.3,CPCB_BLR_Hebbal,14.143
PROP-0133FB040890,86,48,79,86,96.0,CPCB_BLR_Hebbal,30.734
PROP-664997DC907D,32,16,27,32,52.7,CPCB_BLR_BTM,22.066
PROP-CCACD571525C,32,17,29,32,50.0,CPCB_BLR_Hebbal,14.902
PROP-CB4420DFFA56,90,49,81,90,97.0,CPCB_BLR_Hebbal,26.587
PROP-198FA6AB72E8,32,16,27,32,52.7,CPCB_BLR_BTM,9.892
PROP-738DE6339BE9,61,32,53,61,63.0,CPCB_BLR_Hebbal,7.762
PROP-10B4872FF002,33,18,29,33,53.0,CPCB_BLR_BTM,13.79
PROP-D13F1E999F2A,32,16,27,32,52.7,CPCB_BLR_BTM,22.937
PROP-A6B1CAA14E02,93,50,82,93,91.7,CPCB_BLR_Hebbal,17.344
PROP-66B289551FC6,61,32,53,61,63.0,CPCB_BLR_Hebbal,32.495
PROP-96A023762EBC,73,39,64,73,46.0,CPCB_BLR_BTM,20.278
PROP-1BED1EDF04A6,86,48,79,86,96.0,CPCB_BLR_Hebbal,22.803
PROP-BB0116691ADF,64,34,56,64,67.3,CPCB_BLR_Hebbal,29.74
PROP-B5463A8362DD,75,42,69,75,47.3,CPCB_BLR_BTM,12.146
PROP-2A868B10386A,29,15,25,29,50.7,CPCB_BLR_Hebbal,7.762
PROP-1804D5D80D07,29,16,26,29,51.3,CPCB_BLR_BTM,12.146
PROP-A5C41051ABB8,72,41,67,72,43.7,CPCB_BLR_Hebbal,25.545
PROP-354701695CC2,27,15,25,27,48.3,CPCB_BLR_Hebbal,17.344
PROP-21833C095DC0,58,31,51,58,60.3,CPCB_BLR_Hebbal,16.592
PROP-F3B65786EBC9,64,34,56,64,67.3,CPCB_BLR_Hebbal,16.592
PROP-A7CDC3666107,67,38,62,67,43.0,CPCB_BLR_Hebbal,26.611
PROP-0E5BFAD8C69E,99,56,91,99,98.0,CPCB_BLR_Hebbal,17.344
PROP-46B8DBE52D17,69,38,63,69,42.3,CPCB_BLR_Hebbal,8.214
PROP-00989A6282DB,90,49,81,90,97.0,CPCB_BLR_Hebbal,26.587
PROP-3D7AFEF3866D,93,50,82,93,91.7,CPCB_BLR_Hebbal,4.935
PROP-0F7047E2ED7F,75,42,69,75,47.3,CPCB_BLR_BTM,16.104
PROP-4A219B9547F6,73,40,65,73,45.7,CPCB_BLR_BTM,22.937
PROP-C590E171352D,99,56,91,99,98.0,CPCB_BLR_Hebbal,17.326
PROP-0A7CB4045979,58,31,51,58,60.3,CPCB_BLR_Hebbal,17.344
PROP-9DBED7EC7517,64,34,56,64,67.3,CPCB_BLR_Hebbal,30.734
PROP-F051A5B0C344,70,38,62,70,75.0,CPCB_BLR_BTM,22.937
PROP-392FB1CBB789,33,17,28,33,52.0,CPCB_BLR_BTM,12.395
PROP-BB3F6002E7A5,69,38,63,69,42.3,CPCB_BLR_Hebbal,32.495
PROP-B6D9286B40F2,35,19,31,35,59.0,CPCB_BLR_BTM,14.858
PROP-426DB8038110,59,33,54,59,71.3,CPCB_BLR_BTM,25.016
PROP-E5AB90CA6F2D,33,17,29,33,50.0,CPCB_BLR_Hebbal,30.734
PROP-1CE982CF9374,32,16,27,32,52.7,CPCB_BLR_BTM,22.121
PROP-FCC4CB5C1EB8,29,16,26,29,51.3,CPCB_BLR_BTM,27.038
PROP-11948FCBCF54,77,40,65,77,48.0,CPCB_BLR_BTM,9.892
PROP-2A2EC83D5242,90,49,81,90,97.0,CPCB_BLR_Hebbal,25.545
PROP-F65F133CDC44,58,33,54,58,68.3,CPCB_BLR_BTM,16.958
PROP-9C672CAE95B0,108,57,93,108,100.3,CPCB_BLR_BTM,2.896
PROP-40FB96F394F9,74,41,67,74,44.3,CPCB_BLR_Hebbal,22.803
PROP-88BDFB684A8D,31,17,28,31,49.0,CPCB_BLR_Hebbal,7.762
PROP-63D555E550AC,67,38,62,67,43.0,CPCB_BLR_Hebbal,22.803
PROP-F1233A76EAF0,77,40,65,77,48.0,CPCB_BLR_BTM,12.215
PROP-A4534227E91F,64,34,56,64,67.3,CPCB_BLR_Hebbal,19.093
PROP-192315F52713,60,34,56,60,63.0,CPCB_BLR_Hebbal,31.541
PROP-0D049F143D2A,108,57,93,108,100.3,CPCB_BLR_BTM,4.703
PROP-4FE94B45EB6F,70,38,62,70,75.0,CPCB_BLR_BTM,6.223
PROP-8125477B66F7,72,41,67,72,43.7,CPCB_BLR_Hebbal,19.093
PROP-A74CB635692D,99,56,91,99,98.0,CPCB_BLR_Hebbal,14.423
PROP-53236E04FB44,75,42,69,75,47.3,CPCB_BLR_BTM,32.741
PROP-85F0F6B022DB,107,55,91,107,108.7,CPCB_BLR_BTM,32.741
PROP-B0A1BC33321E,61,32,53,61,63.0,CPCB_BLR_Hebbal,22.803
PROP-4B7F50B895A1,64,34,56,64,67.3,CPCB_BLR_Hebbal,5.113
PROP-8EA6055473E8,90,49,81,90,97.0,CPCB_BLR_Hebbal,26.091
PROP-3D775AF605F4,99,56,91,99,98.0,CPCB_BLR_Hebbal,6.48
PROP-EF207DFEBEE4,33,17,28,33,52.0,CPCB_BLR_BTM,22.066
PROP-5B76091F4FAD,99,56,91,99,98.0,CPCB_BLR_Hebbal,14.746
PROP-4FC7BFD46805,114,60,98,114,112.7,CPCB_BLR_BTM,13.79
PROP-82ADB9FF75F8,58,31,51,58,60.3,CPCB_BLR_Hebbal,8.037
PROP-C4FDA0DD03FC,35,19,31,35,59.0,CPCB_BLR_BTM,6.791
PROP-54B74DFEDAB6,86,48,79,86,96.0,CPCB_BLR_Hebbal,14.902
PROP-2EC4909BFB4E,60,34,56,60,63.0,CPCB_BLR_Hebbal,25.545
PROP-17F011DCC9FE,31,17,28,31,49.0,CPCB_BLR_Hebbal,21.308
PROP-2EB25993D9E8,99,56,91,99,98.0,CPCB_BLR_Hebbal,20.942
PROP-ECC3BEFB674B,68,37,61,68,70.7,CPCB_BLR_BTM,16.104
PROP-D7067BEE2FFD,33,17,28,33,52.0,CPCB_BLR_BTM,10.614
PROP-9318CA6CB4AE,59,33,54,59,71.3,CPCB_BLR_BTM,25.016
PROP-639E6D69D5AA,99,56,91,99,98.0,CPCB_BLR_Hebbal,31.541
PROP-C39D2D927F3A,114,60,98,114,112.7,CPCB_BLR_BTM,14.817
PROP-D32CE1339EB1,59,33,54,59,71.3,CPCB_BLR_BTM,17.11
PROP-282E9B9466CB,32,17,29,32,50.0,CPCB_BLR_Hebbal,19.929
PROP-9CAAFF66FB6E,68,37,61,68,70.7,CPCB_BLR_BTM,22.489
PROP-EDF8432FE4FB,29,15,25,29,50.7,CPCB_BLR_Hebbal,31.541
PROP-469159691155,74,41,67,74,44.3,CPCB_BLR_Hebbal,14.746
PROP-1F06060C5E03,29,16,26,29,51.3,CPCB_BLR_BTM,22.466
PROP-C1BCE5118114,61,32,53,61,63.0,CPCB_BLR_Hebbal,27.217
PROP-C04725EAD432,75,42,69,75,43.7,CPCB_BLR_Hebbal,14.143
PROP-66EEDE198CCB,75,42,69,75,43.7,CPCB_BLR_Hebbal,10.839
PROP-D2598DCA7AC5,35,19,31,35,59.0,CPCB_BLR_BTM,10.912
PROP-BA7E08E6CC86,70,38,62,70,75.0,CPCB_BLR_BTM,16.375
PROP-7921E5D36894,75,42,69,75,47.3,CPCB_BLR_BTM,4.703
PROP-96AE64E0AE51,32,16,27,32,52.7,CPCB_BLR_BTM,31.959
PROP-FDBECD1023D5,106,58,96,106,105.7,CPCB_BLR_BTM,16.375
PROP-ABB411B9FC44,32,17,29,32,50.0,CPCB_BLR_Hebbal,5.508
PROP-8F34916ECF33,73,40,65,73,45.7,CPCB_BLR_BTM,2.737
PROP-410FF3431C74,61,32,53,61,63.0,CPCB_BLR_Hebbal,22.803
PROP-61E222FFFFAA,77,40,65,77,48.0,CPCB_BLR_BTM,21.831
PROP-6F9315E57409,64,34,56,64,67.3,CPCB_BLR_Hebbal,17.002
PROP-062395C5EF08,59,33,54,59,71.3,CPCB_BLR_BTM,22.308
PROP-BC69938575CF,77,40,65,77,48.0,CPCB_BLR_BTM,12.215
PROP-80BD8116C653,33,17,29,33,50.0,CPCB_BLR_Hebbal,5.593
PROP-7EBBE3039AD6,77,44,72,77,47.3,CPCB_BLR_BTM,14.858
PROP-B98C1F1911E6,75,42,69,75,47.3,CPCB_BLR_BTM,16.104
PROP-59813ECCB287,33,18,29,33,53.0,CPCB_BLR_BTM,11.754
PROP-88E9B0B742F2,67,38,62,67,43.0,CPCB_BLR_Hebbal,22.803
PROP-70F9D921B769,107,55,91,107,108.7,CPCB_BLR_BTM,25.016
PROP-0BAC9A555163,67,38,62,67,43.0,CPCB_BLR_Hebbal,24.32
PROP-32BB5F44EF93,67,38,62,67,43.0,CPCB_BLR_Hebbal,24.32
PROP-45E128B27CEA,60,34,56,60,63.0,CPCB_BLR_Hebbal,14.143
PROP-EA850BBABA26,64,34,55,64,67.3,CPCB_BLR_BTM,16.104
PROP-F6D81B2F5910,58,33,54,58,68.3,CPCB_BLR_BTM,20.26
PROP-5765982C487B,33,17,28,33,52.0,CPCB_BLR_BTM,6.896
PROP-B9E9E5D0B87A,33,17,28,33,52.0,CPCB_BLR_BTM,6.223
PROP-D370A01D32A7,61,32,53,61,63.0,CPCB_BLR_Hebbal,30.734
PROP-5306FECA1A77,68,37,61,68,70.7,CPCB_BLR_BTM,16.104
PROP-5CC4D652FF93,75,42,69,75,43.7,CPCB_BLR_Hebbal,18.218
PROP-5C8689644998,107,55,91,107,108.7,CPCB_BLR_BTM,16.375
PROP-F350E6D1EED2,75,42,69,75,43.7,CPCB_BLR_Hebbal,20.103
PROP-516147147170,29,15,25,29,50.7,CPCB_BLR_Hebbal,15.12
PROP-FAF5B514A908,75,42,69,75,47.3,CPCB_BLR_BTM,12.146
PROP-4B1832D2ED74,73,40,65,73,45.7,CPCB_BLR_BTM,14.858
PROP-862BB7115783,72,41,67,72,43.7,CPCB_BLR_Hebbal,14.143
PROP-C9818BBCF139,73,39,64,73,46.0,CPCB_BLR_BTM,26.299
PROP-6838D317DBD2,35,19,31,35,59.0,CPCB_BLR_BTM,16.375
PROP-78FFFAC65EA2,90,49,81,90,97.0,CPCB_BLR_Hebbal,14.902
PROP-ABA6DC54BD99,106,58,96,106,105.7,CPCB_BLR_BTM,17.11
PROP-D8AFD17768A5,106,58,96,106,105.7,CPCB_BLR_BTM,19.933
PROP-8E0E3C02861D,114,60,98,114,112.7,CPCB_BLR_BTM,32.717
PROP-AA66DE4E34BC,27,15,25,27,48.3,CPCB_BLR_Hebbal,23.544
PROP-B17DC3753847,33,17,29,33,50.0,CPCB_BLR_Hebbal,3.745
PROP-3C65B13E345B,33,18,29,33,53.0,CPCB_BLR_BTM,25.016
PROP-750DCBEC8C5E,31,17,28,31,49.0,CPCB_BLR_Hebbal,5.508
PROP-EF35386CFA74,86,48,79,86,96.0,CPCB_BLR_Hebbal,20.103
PROP-4C0A6F294896,67,38,62,67,43.0,CPCB_BLR_Hebbal,26.534
PROP-C300EDB2194F,99,56,91,99,98.0,CPCB_BLR_Hebbal,6.033
PROP-6A004EB6096C,72,41,67,72,43.7,CPCB_BLR_Hebbal,16.887
PROP-2343EDFFA880,99,56,91,99,98.0,CPCB_BLR_Hebbal,27.51
PROP-D4B72F51107F,59,33,54,59,71.3,CPCB_BLR_BTM,4.703
PROP-45AC659C4EE0,64,34,56,64,67.3,CPCB_BLR_Hebbal,5.994
PROP-6902E0017DAC,93,50,82,93,91.7,CPCB_BLR_Hebbal,5.508
PROP-C8E42F858B13,32,16,27,32,52.7,CPCB_BLR_BTM,6.896
PROP-EBC763054C20,77,44,72,77,47.3,CPCB_BLR_BTM,14.858
PROP-72163A8EF223,58,33,54,58,68.3,CPCB_BLR_BTM,22.121
PROP-47AC877D03EE,64,34,56,64,67.3,CPCB_BLR_Hebbal,4.935
PROP-538AFEFCD20F,58,31,51,58,60.3,CPCB_BLR_Hebbal,5.113
PROP-7EE327B85B5D,77,44,72,77,47.3,CPCB_BLR_BTM,12.215
PROP-7F12B29DD2C1,68,37,61,68,70.7,CPCB_BLR_BTM,12.215
PROP-0CCC81E445EA,32,16,27,32,52.7,CPCB_BLR_BTM,22.121
PROP-5D3D324A72D6,29,16,26,29,51.3,CPCB_BLR_BTM,6.223
PROP-343273BD9D8E,75,42,69,75,47.3,CPCB_BLR_BTM,6.791
PROP-D35CDA013328,27,15,25,27,48.3,CPCB_BLR_Hebbal,11.86
PROP-222B732B6787,64,34,55,64,67.3,CPCB_BLR_BTM,25.016
PROP-1BE0A15D6B16,74,41,67,74,44.3,CPCB_BLR_Hebbal,5.593
PROP-3C35DA3B11F7,61,32,53,61,63.0,CPCB_BLR_Hebbal,18.218
PROP-07932C035B70,69,38,63,69,42.3,CPCB_BLR_Hebbal,4.738
PROP-D28C501562CD,33,17,28,33,52.0,CPCB_BLR_BTM,4.703
PROP-F57D7E251EC9,70,38,62,70,75.0,CPCB_BLR_BTM,20.26
PROP-574A976C3342,77,44,72,77,47.3,CPCB_BLR_BTM,26.107
PROP-491AF883BD5C,59,33,54,59,71.3,CPCB_BLR_BTM,20.26
PROP-0A59FFB25139,58,33,54,58,68.3,CPCB_BLR_BTM,14.858
PROP-80FB0A84DDDF,61,32,53,61,63.0,CPCB_BLR_Hebbal,12.311
PROP-1420A295F813,107,55,91,107,108.7,CPCB_BLR_BTM,6.223
PROP-B29D422B9C14,93,50,82,93,91.7,CPCB_BLR_Hebbal,22.803
PROP-9CAB7E8EAF88,29,16,26,29,51.3,CPCB_BLR_BTM,26.523
PROP-9F0A79D1DF98,31,17,28,31,49.0,CPCB_BLR_Hebbal,20.765
PROP-2139BAF9F32F,99,56,91,99,98.0,CPCB_BLR_Hebbal,5.508
PROP-08027F525921,75,42,69,75,47.3,CPCB_BLR_BTM,26.107
PROP-B510EB3C9811,69,38,63,69,42.3,CPCB_BLR_Hebbal,23.4
PROP-F5EF92554E2C,72,41,67,72,43.7,CPCB_BLR_Hebbal,22.419
PROP-BF743E6F207C,73,40,65,73,45.7,CPCB_BLR_BTM,6.791
PROP-8620A71C1296,59,33,54,59,71.3,CPCB_BLR_BTM,6.791
PROP-0E971A1B56D6,90,49,81,90,97.0,CPCB_BLR_Hebbal,9.343
PROP-55105A088843,67,38,62,67,43.0,CPCB_BLR_Hebbal,29.74
PROP-386843F2FDBC,29,15,25,29,50.7,CPCB_BLR_Hebbal,12.311
PROP-FA3720B0AF99,32,17,29,32,50.0,CPCB_BLR_Hebbal,18.218
PROP-15FA29254EDE,59,33,54,59,71.3,CPCB_BLR_BTM,16.104
PROP-3E844A5F08EF,59,33,54,59,71.3,CPCB_BLR_BTM,15.468
PROP-8B05902385AA,75,42,69,75,43.7,CPCB_BLR_Hebbal,25.084
PROP-62FDB6C33DF6,31,17,28,31,49.0,CPCB_BLR_Hebbal,23.002
PROP-C61DEFC9D980,33,17,28,33,52.0,CPCB_BLR_BTM,6.791
PROP-335695A2F904,77,44,72,77,47.3,CPCB_BLR_BTM,6.791
PROP-D1C386DA75FC,68,37,61,68,70.7,CPCB_BLR_BTM,15.468
PROP-CC52A64FE9B2,60,34,56,60,63.0,CPCB_BLR_Hebbal,12.311
PROP-7418D47C5C3E,75,42,69,75,43.7,CPCB_BLR_Hebbal,3.005
PROP-190F27E62123,93,50,82,93,91.7,CPCB_BLR_Hebbal,16.902
PROP-663CCC8A79FC,75,42,69,75,43.7,CPCB_BLR_Hebbal,12.311
PROP-1D5694A4E89E,29,15,25,29,50.7,CPCB_BLR_Hebbal,5.994
PROP-4953329C3725,108,57,93,108,100.3,CPCB_BLR_BTM,16.375
PROP-96CB58BD2F51,58,31,51,58,60.3,CPCB_BLR_Hebbal,12.311
PROP-43CF47FFD1F6,74,41,67,74,44.3,CPCB_BLR_Hebbal,12.311
PROP-7197A6282BD6,33,17,28,33,52.0,CPCB_BLR_BTM,15.468
PROP-3143F4C78A5B,58,33,54,58,68.3,CPCB_BLR_BTM,2.737
PROP-9168BEDEC251,70,38,62,70,75.0,CPCB_BLR_BTM,20.26
PROP-24DE646CD6CB,60,34,56,60,63.0,CPCB_BLR_Hebbal,17.002
PROP-9DD6A9B800EF,58,31,51,58,60.3,CPCB_BLR_Hebbal,27.097
PROP-B5975F159C2A,35,19,31,35,59.0,CPCB_BLR_BTM,10.614
PROP-90E513F2632D,67,38,62,67,43.0,CPCB_BLR_Hebbal,5.113
PROP-86368A439073,33,17,29,33,50.0,CPCB_BLR_Hebbal,20.765
PROP-7FDC42678B20,69,38,63,69,42.3,CPCB_BLR_Hebbal,5.994
PROP-9915A1D72F87,67,38,62,67,43.0,CPCB_BLR_Hebbal,19.626
PROP-6E252FEB9228,60,34,56,60,63.0,CPCB_BLR_Hebbal,22.304
PROP-C693023D20CE,72,41,67,72,43.7,CPCB_BLR_Hebbal,23.002
PROP-BE43BD9349E7,74,41,67,74,44.3,CPCB_BLR_Hebbal,11.86
PROP-BBB3A01A2F49,29,15,25,29,50.7,CPCB_BLR_Hebbal,5.508
PROP-CDD9F0E81E8B,32,17,29,32,50.0,CPCB_BLR_Hebbal,11.86
PROP-EE7785AF3198,77,40,65,77,48.0,CPCB_BLR_BTM,22.121
PROP-B45A9DB9A6BE,86,48,79,86,96.0,CPCB_BLR_Hebbal,14.143
PROP-326C6C985F63,32,16,27,32,52.7,CPCB_BLR_BTM,19.933
PROP-6E308A3848DC,74,41,67,74,44.3,CPCB_BLR_Hebbal,18.234
PROP-6AC69DB75285,75,42,69,75,47.3,CPCB_BLR_BTM,22.466
PROP-DF62914A1C21,29,16,26,29,51.3,CPCB_BLR_BTM,19.459
PROP-FACEF0CDBC40,70,38,62,70,75.0,CPCB_BLR_BTM,12.146
PROP-210A86ED5C53,58,33,54,58,68.3,CPCB_BLR_BTM,29.713
PROP-65394814C748,75,42,69,75,43.7,CPCB_BLR_Hebbal,4.64
PROP-9F8B8078E8AB,99,56,91,99,98.0,CPCB_BLR_Hebbal,16.902
PROP-805CA4E49AF9,106,58,96,106,105.7,CPCB_BLR_BTM,19.197
PROP-6F692EA77FD7,58,31,51,58,60.3,CPCB_BLR_Hebbal,12.311
PROP-C3C3DD7BAC6D,33,17,28,33,52.0,CPCB_BLR_BTM,19.933
PROP-02E8AFD9D03D,86,48,79,86,96.0,CPCB_BLR_Hebbal,17.804
PROP-FFBA17B38C6B,75,42,69,75,47.3,CPCB_BLR_BTM,27.038
PROP-9BD8D7FC0338,64,34,56,64,67.3,CPCB_BLR_Hebbal,15.12
PROP-1A943C351940,33,17,28,33,52.0,CPCB_BLR_BTM,15.468
PROP-004DC79AD105,75,42,69,75,43.7,CPCB_BLR_Hebbal,8.121
PROP-C16D341D6EF0,60,34,56,60,63.0,CPCB_BLR_Hebbal,19.626
PROP-70A7D323941B,69,38,63,69,42.3,CPCB_BLR_Hebbal,22.803
PROP-33CC39148706,27,15,25,27,48.3,CPCB_BLR_Hebbal,20.765
PROP-1BD0280AA7D1,107,55,91,107,108.7,CPCB_BLR_BTM,18.743
PROP-4E40A6E12781,29,15,25,29,50.7,CPCB_BLR_Hebbal,12.311
PROP-FC66B510CE3D,73,40,65,73,45.7,CPCB_BLR_BTM,25.255
PROP-F50233AB1AC7,58,31,51,58,60.3,CPCB_BLR_Hebbal,5.508
PROP-B068806EA70D,64,34,55,64,67.3,CPCB_BLR_BTM,4.703
PROP-8163A15DD40E,27,15,25,27,48.3,CPCB_BLR_Hebbal,17.326
PROP-5905BF0E5C9C,70,38,62,70,75.0,CPCB_BLR_BTM,18.828
PROP-5FFA8A0307C4,61,32,53,61,63.0,CPCB_BLR_Hebbal,14.143
PROP-AE415AC4EB4C,29,16,26,29,51.3,CPCB_BLR_BTM,17.441
PROP-BCD526B10228,31,17,28,31,49.0,CPCB_BLR_Hebbal,24.585
PROP-294D773C14CA,108,57,93,108,100.3,CPCB_BLR_BTM,10.614
PROP-E2CCF02552FC,114,60,98,114,112.7,CPCB_BLR_BTM,20.947
PROP-C4CAE18E1681,33,18,29,33,53.0,CPCB_BLR_BTM,17.784
PROP-7A35692F509F,114,60,98,114,112.7,CPCB_BLR_BTM,22.489
PROP-BC8330249A03,70,38,62,70,75.0,CPCB_BLR_BTM,15.848
PROP-56FEC141B396,108,57,93,108,100.3,CPCB_BLR_BTM,24.539
PROP-41D5CD3E6AB2,74,41,67,74,44.3,CPCB_BLR_Hebbal,11.301
PROP-011B9EA260DF,77,40,65,77,48.0,CPCB_BLR_BTM,25.255
PROP-1C1C6DDE60B6,67,38,62,67,43.0,CPCB_BLR_Hebbal,18.234
PROP-34F26F0C994B,58,31,51,58,60.3,CPCB_BLR_Hebbal,11.301
PROP-4A67F7047825,75,42,69,75,43.7,CPCB_BLR_Hebbal,5.994
PROP-8AA457591AFA,29,16,26,29,51.3,CPCB_BLR_BTM,15.468
PROP-10722B862996,60,34,56,60,63.0,CPCB_BLR_Hebbal,5.994
PROP-B1637C52AA5D,93,50,82,93,91.7,CPCB_BLR_Hebbal,16.853
PROP-181006B68D16,77,40,65,77,48.0,CPCB_BLR_BTM,25.33
PROP-6A2733DC310A,74,41,67,74,44.3,CPCB_BLR_Hebbal,29.74
PROP-71C5785DCEFE,61,32,53,61,63.0,CPCB_BLR_Hebbal,19.626
PROP-05D5D78C1691,67,38,62,67,43.0,CPCB_BLR_Hebbal,18.234
PROP-CE3A5ED9E3AF,31,17,28,31,49.0,CPCB_BLR_Hebbal,29.74
PROP-0D886C89CD9D,107,55,91,107,108.7,CPCB_BLR_BTM,26.523
PROP-A3BF2024CA4E,29,16,26,29,51.3,CPCB_BLR_BTM,21.831
PROP-C98E71330F74,73,40,65,73,45.7,CPCB_BLR_BTM,20.947
PROP-CF6B7BF3AEEE,61,32,53,61,63.0,CPCB_BLR_Hebbal,32.495
PROP-ABDF466F2D18,69,38,63,69,42.3,CPCB_BLR_Hebbal,18.218
PROP-E39A4EACB3AD,90,49,81,90,97.0,CPCB_BLR_Hebbal,10.256
PROP-E903BD6D9BF3,61,32,53,61,63.0,CPCB_BLR_Hebbal,20.103
PROP-05B66A2E033D,86,48,79,86,96.0,CPCB_BLR_Hebbal,12.311
PROP-A07E55FE7E65,99,56,91,99,98.0,CPCB_BLR_Hebbal,7.493
PROP-8E3F8F22991B,35,19,31,35,59.0,CPCB_BLR_BTM,22.121
PROP-3067E8994C5D,114,60,98,114,112.7,CPCB_BLR_BTM,20.922
PROP-5ADC07628DDA,64,34,55,64,67.3,CPCB_BLR_BTM,10.614
PROP-CDFCE58021F3,33,17,28,33,52.0,CPCB_BLR_BTM,12.215
PROP-7ED1F20898BC,29,15,25,29,50.7,CPCB_BLR_Hebbal,5.119
PROP-E4C5572B0BA9,35,19,31,35,59.0,CPCB_BLR_BTM,11.754
PROP-C18D1BC8B18E,74,41,67,74,44.3,CPCB_BLR_Hebbal,5.113
PROP-ABBEB7212498,99,56,91,99,98.0,CPCB_BLR_Hebbal,4.935
PROP-416C73A9AA74,31,17,28,31,49.0,CPCB_BLR_Hebbal,14.143
PROP-1C683B788FD0,86,48,79,86,96.0,CPCB_BLR_Hebbal,9.343
PROP-8EEB66E4F8E8,93,50,82,93,91.7,CPCB_BLR_Hebbal,17.344
PROP-D9C5C817D391,106,58,96,106,105.7,CPCB_BLR_BTM,10.614
PROP-B12FE0BB2B6D,69,38,63,69,42.3,CPCB_BLR_Hebbal,5.508
PROP-AEA55AE649F6,77,40,65,77,48.0,CPCB_BLR_BTM,19.459
PROP-93543A2B8291,32,16,27,32,52.7,CPCB_BLR_BTM,6.791
PROP-744D1E603748,106,58,96,106,105.7,CPCB_BLR_BTM,14.98
PROP-B0E1D5A3D00D,107,55,91,107,108.7,CPCB_BLR_BTM,19.004
PROP-8646D64D4C66,70,38,62,70,75.0,CPCB_BLR_BTM,15.246
PROP-BB2AE78A7387,29,16,26,29,51.3,CPCB_BLR_BTM,25.33
PROP-8EBAD37B7F3D,61,32,53,61,63.0,CPCB_BLR_Hebbal,14.423
PROP-011944EFFB5E,67,38,62,67,43.0,CPCB_BLR_Hebbal,14.143
PROP-501A1D751129,107,55,91,107,108.7,CPCB_BLR_BTM,4.703
PROP-BCC0C222E334,29,16,26,29,51.3,CPCB_BLR_BTM,25.33
PROP-6EA54BEC92A3,86,48,79,86,96.0,CPCB_BLR_Hebbal,28.462
PROP-E1F533A9DDAA,108,57,93,108,100.3,CPCB_BLR_BTM,20.278
PROP-4F0E96BC6A10,64,34,56,64,67.3,CPCB_BLR_Hebbal,14.198
PROP-69FED07F87E0,27,15,25,27,48.3,CPCB_BLR_Hebbal,23.4
PROP-423F2FE3A365,77,44,72,77,47.3,CPCB_BLR_BTM,20.278
PROP-5A8890C42AC0,74,41,67,74,44.3,CPCB_BLR_Hebbal,30.531
PROP-0869FCBFE47C,106,58,96,106,105.7,CPCB_BLR_BTM,20.922
PROP-537F15EF00EF,64,34,56,64,67.3,CPCB_BLR_Hebbal,14.143
PROP-93448E80A078,31,17,28,31,49.0,CPCB_BLR_Hebbal,32.495
PROP-0DEB1B43D327,99,56,91,99,98.0,CPCB_BLR_Hebbal,27.979
PROP-3D873EF4519F,77,40,65,77,48.0,CPCB_BLR_BTM,22.629
PROP-B3981928BFCA,93,50,82,93,91.7,CPCB_BLR_Hebbal,22.304
PROP-D8157477C94F,35,19,31,35,59.0,CPCB_BLR_BTM,21.418
PROP-AF3B2AF2507C,108,57,93,108,100.3,CPCB_BLR_BTM,20.002
PROP-166F31363997,108,57,93,108,100.3,CPCB_BLR_BTM,29.38
PROP-430FED6A40D4,67,38,62,67,43.0,CPCB_BLR_Hebbal,20.153
PROP-FCB8D88EF43B,32,17,29,32,50.0,CPCB_BLR_Hebbal,14.566
PROP-EA3FF50F4F5A,69,38,63,69,42.3,CPCB_BLR_Hebbal,24.585
PROP-30AF4A6DFF3E,33,17,28,33,52.0,CPCB_BLR_BTM,9.725
PROP-E225098DBDC4,75,42,69,75,47.3,CPCB_BLR_BTM,9.725
PROP-9920FEDD3A27,29,15,25,29,50.7,CPCB_BLR_Hebbal,14.901
PROP-579988082428,77,44,72,77,47.3,CPCB_BLR_BTM,24.629
PROP-31C47585D933,35,19,31,35,59.0,CPCB_BLR_BTM,22.121
PROP-DDCECC3D63E1,33,18,29,33,53.0,CPCB_BLR_BTM,26.523
PROP-7327C4A1A8FA,75,42,69,75,47.3,CPCB_BLR_BTM,7.561
PROP-5B8F6284207D,68,37,61,68,70.7,CPCB_BLR_BTM,18.743
PROP-2C2AE40FC5C0,33,17,28,33,52.0,CPCB_BLR_BTM,26.107
PROP-8CC4148F3404,74,41,67,74,44.3,CPCB_BLR_Hebbal,16.902
PROP-E64F63E8F473,61,32,53,61,63.0,CPCB_BLR_Hebbal,17.804
PROP-B5651C43FEBC,73,40,65,73,45.7,CPCB_BLR_BTM,13.79
PROP-0928D776FEB4,27,15,25,27,48.3,CPCB_BLR_Hebbal,12.311
PROP-C47AFE135C01,58,31,51,58,60.3,CPCB_BLR_Hebbal,24.32
PROP-7F8937FBA807,60,34,56,60,63.0,CPCB_BLR_Hebbal,4.738
PROP-18DD35CAB17C,35,19,31,35,59.0,CPCB_BLR_BTM,29.04
PROP-0A5F5FFB79DE,70,38,62,70,75.0,CPCB_BLR_BTM,13.79
PROP-A16DD91B16DA,33,17,28,33,52.0,CPCB_BLR_BTM,6.223
PROP-4DACDEBF125A,73,40,65,73,45.7,CPCB_BLR_BTM,24.539
PROP-AF3480DDEE4E,75,42,69,75,47.3,CPCB_BLR_BTM,5.481
PROP-79906DB07764,33,18,29,33,53.0,CPCB_BLR_BTM,16.375
PROP-13D40F06DE0D,74,41,67,74,44.3,CPCB_BLR_Hebbal,22.803
PROP-7C1C116AD450,61,32,53,61,63.0,CPCB_BLR_Hebbal,5.508
PROP-B2F1D05BFBDA,73,40,65,73,45.7,CPCB_BLR_BTM,25.016
PROP-3C9771AF63DF,73,40,65,73,45.7,CPCB_BLR_BTM,20.26
PROP-3DC9EC0EE2DE,90,49,81,90,97.0,CPCB_BLR_Hebbal,20.765
PROP-DCA04A6C3E69,73,40,65,73,45.7,CPCB_BLR_BTM,6.223
PROP-30976752E247,64,34,55,64,67.3,CPCB_BLR_BTM,6.223
PROP-429C134260E2,90,49,81,90,97.0,CPCB_BLR_Hebbal,5.593
PROP-E296F8CAC605,67,38,62,67,43.0,CPCB_BLR_Hebbal,16.887
PROP-A5E5309BC018,60,34,56,60,63.0,CPCB_BLR_Hebbal,10.624
PROP-60AF2F5E2D6E,29,16,26,29,51.3,CPCB_BLR_BTM,22.121
PROP-10A876A896EE,77,40,65,77,48.0,CPCB_BLR_BTM,12.215
PROP-7B3ED79A67CC,90,49,81,90,97.0,CPCB_BLR_Hebbal,5.113
PROP-5450DF896F56,107,55,91,107,108.7,CPCB_BLR_BTM,18.573
PROP-3A2A5326E226,61,32,53,61,63.0,CPCB_BLR_Hebbal,22.182
PROP-A244EF034DAD,59,33,54,59,71.3,CPCB_BLR_BTM,26.107
PROP-5F21B89EA323,64,34,56,64,67.3,CPCB_BLR_Hebbal,29.74
PROP-F8D2155010E8,106,58,96,106,105.7,CPCB_BLR_BTM,20.26
PROP-7B86C0C7D9AC,86,48,79,86,96.0,CPCB_BLR_Hebbal,29.616
PROP-3D1754DD1E27,33,17,28,33,52.0,CPCB_BLR_BTM,26.107
PROP-1B865F32BE69,107,55,91,107,108.7,CPCB_BLR_BTM,18.743
PROP-F27830B5FF17,99,56,91,99,98.0,CPCB_BLR_Hebbal,24.32
PROP-DA8D58168EF1,86,48,79,86,96.0,CPCB_BLR_Hebbal,30.734
PROP-244D75650DD6,64,34,56,64,67.3,CPCB_BLR_Hebbal,18.6
PROP-275918950F80,27,15,25,27,48.3,CPCB_BLR_Hebbal,10.833
PROP-42750B0AC9E7,77,40,65,77,48.0,CPCB_BLR_BTM,30.735
PROP-5FC8AF140803,33,17,29,33,50.0,CPCB_BLR_Hebbal,30.734
PROP-765D96CB7524,90,49,81,90,97.0,CPCB_BLR_Hebbal,21.186
PROP-CB7C7A2EC3EC,33,18,29,33,53.0,CPCB_BLR_BTM,19.325
PROP-53F6F909B357,73,40,65,73,45.7,CPCB_BLR_BTM,15.848
PROP-914F918D19BF,75,42,69,75,47.3,CPCB_BLR_BTM,17.031
PROP-373C19B9A8A8,60,34,56,60,63.0,CPCB_BLR_Hebbal,11.86
PROP-F13002390B25,64,34,56,64,67.3,CPCB_BLR_Hebbal,5.113
PROP-88B20DA3C570,64,34,55,64,67.3,CPCB_BLR_BTM,6.791
PROP-F3B83EC076F5,77,44,72,77,47.3,CPCB_BLR_BTM,26.299
PROP-8FAE95FA881C,77,44,72,77,47.3,CPCB_BLR_BTM,6.223
PROP-ACAC730B3266,61,32,53,61,63.0,CPCB_BLR_Hebbal,5.508
PROP-C804DE26AE01,108,57,93,108,100.3,CPCB_BLR_BTM,15.897
PROP-A7A9E7177451,93,50,82,93,91.7,CPCB_BLR_Hebbal,10.624
PROP-AE86DAE6DFE0,29,15,25,29,50.7,CPCB_BLR_Hebbal,24.778
PROP-938B026ADB25,59,33,54,59,71.3,CPCB_BLR_BTM,6.896
PROP-CF34031FB8FB,33,18,29,33,53.0,CPCB_BLR_BTM,16.104
PROP-A9F704DD5240,106,58,96,106,105.7,CPCB_BLR_BTM,6.896
PROP-6BD54E2513A6,73,39,64,73,46.0,CPCB_BLR_BTM,6.791
PROP-866C5B3A85D3,75,42,69,75,47.3,CPCB_BLR_BTM,31.959
PROP-1D55F0B127E1,33,17,28,33,52.0,CPCB_BLR_BTM,20.663
PROP-197072BC3BF8,68,37,61,68,70.7,CPCB_BLR_BTM,15.468
PROP-6EC4DB2D807F,59,33,54,59,71.3,CPCB_BLR_BTM,6.791
PROP-FC32ACAD00FB,108,57,93,108,100.3,CPCB_BLR_BTM,15.897
PROP-391AB2DFD8D0,29,15,25,29,50.7,CPCB_BLR_Hebbal,22.138
PROP-F319A892B24C,32,16,27,32,52.7,CPCB_BLR_BTM,6.791
PROP-F518A8B8D204,75,42,69,75,47.3,CPCB_BLR_BTM,6.223
PROP-47C16C35BE75,77,44,72,77,47.3,CPCB_BLR_BTM,20.26
PROP-80EE771D3B17,68,37,61,68,70.7,CPCB_BLR_BTM,23.609
PROP-88306DC02570,77,40,65,77,48.0,CPCB_BLR_BTM,21.831
PROP-5160EE9675F0,69,38,63,69,42.3,CPCB_BLR_Hebbal,5.994
PROP-B08EFDEE7916,33,17,29,33,50.0,CPCB_BLR_Hebbal,11.301
PROP-F33B8F73C561,90,49,81,90,97.0,CPCB_BLR_Hebbal,22.897
PROP-B4DD1B13D459,68,37,61,68,70.7,CPCB_BLR_BTM,6.791
PROP-F8FED3FC4783,106,58,96,106,105.7,CPCB_BLR_BTM,27.038
PROP-FE38ED0DF772,58,31,51,58,60.3,CPCB_BLR_Hebbal,26.534
PROP-DA83A996388A,33,17,29,33,50.0,CPCB_BLR_Hebbal,5.508
PROP-1B3123E4021E,99,56,91,99,98.0,CPCB_BLR_Hebbal,2.497
PROP-56B4CCDEDC86,67,38,62,67,43.0,CPCB_BLR_Hebbal,27.51
PROP-070C5235DD76,35,19,31,35,59.0,CPCB_BLR_BTM,25.016
PROP-AF626A182D9B,106,58,96,106,105.7,CPCB_BLR_BTM,19.933
PROP-886B605EFC26,70,38,62,70,75.0,CPCB_BLR_BTM,2.737
PROP-B47934F01E90,35,19,31,35,59.0,CPCB_BLR_BTM,25.016
PROP-ED01607192D5,72,41,67,72,43.7,CPCB_BLR_Hebbal,17.794
PROP-9EF36EDFF05D,29,16,26,29,51.3,CPCB_BLR_BTM,24.539
PROP-054CB396F03A,93,50,82,93,91.7,CPCB_BLR_Hebbal,3.745
PROP-CECE4FF6B272,33,18,29,33,53.0,CPCB_BLR_BTM,26.299
PROP-109F9D5CA47D,60,34,56,60,63.0,CPCB_BLR_Hebbal,11.86
PROP-618B9006E23D,31,17,28,31,49.0,CPCB_BLR_Hebbal,1.664
PROP-E891C85EBEF3,64,34,56,64,67.3,CPCB_BLR_Hebbal,16.887
PROP-17234F70D5D2,73,39,64,73,46.0,CPCB_BLR_BTM,14.98
PROP-D0A481C2F239,59,33,54,59,71.3,CPCB_BLR_BTM,6.791
PROP-B3EDE0BA6CCE,27,15,25,27,48.3,CPCB_BLR_Hebbal,21.186
PROP-F115A8D5342C,60,34,56,60,63.0,CPCB_BLR_Hebbal,4.738
PROP-9AB364256979,64,34,56,64,67.3,CPCB_BLR_Hebbal,5.119
PROP-CB90EB7A95DD,114,60,98,114,112.7,CPCB_BLR_BTM,12.146
PROP-E6502BC58654,33,17,28,33,52.0,CPCB_BLR_BTM,29.38
PROP-52E80E78B39D,90,49,81,90,97.0,CPCB_BLR_Hebbal,29.74
PROP-B8308072DC3F,70,38,62,70,75.0,CPCB_BLR_BTM,15.468
PROP-721F253C8832,106,58,96,106,105.7,CPCB_BLR_BTM,6.791
PROP-0F4DB54E495A,61,32,53,61,63.0,CPCB_BLR_Hebbal,19.343
PROP-5456B6DC1BE7,73,39,64,73,46.0,CPCB_BLR_BTM,26.107
PROP-B3BFC85FABCD,61,32,53,61,63.0,CPCB_BLR_Hebbal,11.86
PROP-6CBF85435B33,61,32,53,61,63.0,CPCB_BLR_Hebbal,18.167
PROP-2474EF8FDD5E,58,31,51,58,60.3,CPCB_BLR_Hebbal,18.218
PROP-6C88132DD7DA,73,39,64,73,46.0,CPCB_BLR_BTM,12.215
PROP-B8EF5FE37873,67,38,62,67,43.0,CPCB_BLR_Hebbal,19.705
PROP-A0926C8687DA,69,38,63,69,42.3,CPCB_BLR_Hebbal,30.734
PROP-27BF8EE1221C,72,41,67,72,43.7,CPCB_BLR_Hebbal,17.344
PROP-0A6E9B6BFB15,73,40,65,73,45.7,CPCB_BLR_BTM,12.395
PROP-7690C7BCB0A1,73,40,65,73,45.7,CPCB_BLR_BTM,14.98
PROP-9914B33777DB,69,38,63,69,42.3,CPCB_BLR_Hebbal,5.113
PROP-621B3CA62162,33,17,29,33,50.0,CPCB_BLR_Hebbal,22.419
PROP-C3F2609EEA8C,64,34,55,64,67.3,CPCB_BLR_BTM,6.223
PROP-7615AA818CBE,73,40,65,73,45.7,CPCB_BLR_BTM,6.791
PROP-F8F42C50510B,61,32,53,61,63.0,CPCB_BLR_Hebbal,17.794
PROP-DD14DD5C8F4D,33,18,29,33,53.0,CPCB_BLR_BTM,17.209
PROP-8C324C6FFBD0,32,17,29,32,50.0,CPCB_BLR_Hebbal,30.734
PROP-86376275ABDA,70,38,62,70,75.0,CPCB_BLR_BTM,13.313
PROP-2137CDA9DC01,106,58,96,106,105.7,CPCB_BLR_BTM,15.848
PROP-E93E6CAD9BE4,72,41,67,72,43.7,CPCB_BLR_Hebbal,5.113
PROP-E2CFF8E57B49,32,17,29,32,50.0,CPCB_BLR_Hebbal,12.311
PROP-7B0DAF08E5C9,75,42,69,75,47.3,CPCB_BLR_BTM,11.754
PROP-EEC215C822E5,106,58,96,106,105.7,CPCB_BLR_BTM,17.209
PROP-E666E2BECD97,35,19,31,35,59.0,CPCB_BLR_BTM,12.538
PROP-A5F4359956E0,69,38,63,69,42.3,CPCB_BLR_Hebbal,9.343
PROP-C14C31CC37E6,114,60,98,114,112.7,CPCB_BLR_BTM,6.223
PROP-D3B20FC42111,35,19,31,35,59.0,CPCB_BLR_BTM,14.601
PROP-8E327D93A469,60,34,56,60,63.0,CPCB_BLR_Hebbal,30.734
PROP-A484BB5D99D2,27,15,25,27,48.3,CPCB_BLR_Hebbal,11.86
PROP-46E328F09B33,72,41,67,72,43.7,CPCB_BLR_Hebbal,5.508
PROP-000F83FE9CCB,27,15,25,27,48.3,CPCB_BLR_Hebbal,25.084
PROP-0D6826279144,58,33,54,58,68.3,CPCB_BLR_BTM,6.791
PROP-0054BB6461A9,33,18,29,33,53.0,CPCB_BLR_BTM,16.958
PROP-D99980C0DC28,29,15,25,29,50.7,CPCB_BLR_Hebbal,6.185
PROP-FFE89674B128,74,41,67,74,44.3,CPCB_BLR_Hebbal,22.182
PROP-31D52F4EE288,90,49,81,90,97.0,CPCB_BLR_Hebbal,3.745
PROP-11EB377AB0C7,70,38,62,70,75.0,CPCB_BLR_BTM,21.418
PROP-E556AF33ECCF,33,17,28,33,52.0,CPCB_BLR_BTM,6.791
PROP-1BEEACB67180,61,32,53,61,63.0,CPCB_BLR_Hebbal,20.103
PROP-2C62575E7A3B,64,34,55,64,67.3,CPCB_BLR_BTM,6.791
PROP-02F8B06E1EE1,73,40,65,73,45.7,CPCB_BLR_BTM,16.104
PROP-CC4B2F4C453B,64,34,55,64,67.3,CPCB_BLR_BTM,6.896
PROP-C3C79D59C5C7,114,60,98,114,112.7,CPCB_BLR_BTM,6.791
PROP-97AAC4FD2A9E,35,19,31,35,59.0,CPCB_BLR_BTM,6.791
PROP-AF1D972643F9,72,41,67,72,43.7,CPCB_BLR_Hebbal,2.497
PROP-448562E45FEB,32,16,27,32,52.7,CPCB_BLR_BTM,21.599
PROP-D033F5FA4955,73,40,65,73,45.7,CPCB_BLR_BTM,20.26
PROP-D502E331212B,77,40,65,77,48.0,CPCB_BLR_BTM,6.896
PROP-AA142916C2D7,86,48,79,86,96.0,CPCB_BLR_Hebbal,20.103
PROP-E6034D27A18B,59,33,54,59,71.3,CPCB_BLR_BTM,26.107
PROP-AD41B20B07BE,32,16,27,32,52.7,CPCB_BLR_BTM,7.135
PROP-5293DC90EAF3,70,38,62,70,75.0,CPCB_BLR_BTM,14.98
PROP-58B6B828653F,86,48,79,86,96.0,CPCB_BLR_Hebbal,30.734
PROP-46804CCAF206,33,18,29,33,53.0,CPCB_BLR_BTM,29.092
PROP-7706CEC1D9DB,73,40,65,73,45.7,CPCB_BLR_BTM,20.002
PROP-3F8C8D14694B,73,40,65,73,45.7,CPCB_BLR_BTM,24.539
PROP-349E42B581A3,107,55,91,107,108.7,CPCB_BLR_BTM,6.791
PROP-144B4C5089D8,32,16,27,32,52.7,CPCB_BLR_BTM,26.299
PROP-7B86E1A52925,108,57,93,108,100.3,CPCB_BLR_BTM,24.539
PROP-E920AD697385,27,15,25,27,48.3,CPCB_BLR_Hebbal,7.678
PROP-5D2B0F65E1D2,67,38,62,67,43.0,CPCB_BLR_Hebbal,11.86
PROP-92BD1AA0286B,60,34,56,60,63.0,CPCB_BLR_Hebbal,16.887
PROP-AE51D0780330,59,33,54,59,71.3,CPCB_BLR_BTM,4.703
PROP-AD2C1802153B,106,58,96,106,105.7,CPCB_BLR_BTM,6.468
PROP-D5EFC95E1D6A,61,32,53,61,63.0,CPCB_BLR_Hebbal,17.002
PROP-7A54ADB88C63,32,17,29,32,50.0,CPCB_BLR_Hebbal,23.002
PROP-2A5FDA7321D1,107,55,91,107,108.7,CPCB_BLR_BTM,21.338
PROP-78CA25D9FF74,90,49,81,90,97.0,CPCB_BLR_Hebbal,26.091
PROP-A0B1332D5966,33,17,28,33,52.0,CPCB_BLR_BTM,9.736
PROP-87128FBA73A2,77,40,65,77,48.0,CPCB_BLR_BTM,20.26
PROP-B898D6D56A8A,69,38,63,69,42.3,CPCB_BLR_Hebbal,20.036
PROP-532DD9B45FBC,32,16,27,32,52.7,CPCB_BLR_BTM,26.107
PROP-D51A08C8E61A,90,49,81,90,97.0,CPCB_BLR_Hebbal,30.734
PROP-4532F2ED2E16,33,17,28,33,52.0,CPCB_BLR_BTM,20.26
PROP-DE9E639EB734,33,18,29,33,53.0,CPCB_BLR_BTM,5.824
PROP-082998E86F36,69,38,63,69,42.3,CPCB_BLR_Hebbal,16.709
PROP-353714768E45,86,48,79,86,96.0,CPCB_BLR_Hebbal,7.493
PROP-43FA7BBC8541,74,41,67,74,44.3,CPCB_BLR_Hebbal,30.734
PROP-865E05E6D4E5,59,33,54,59,71.3,CPCB_BLR_BTM,2.737
PROP-A0519AC68049,61,32,53,61,63.0,CPCB_BLR_Hebbal,20.765
PROP-B2F201FAB826,61,32,53,61,63.0,CPCB_BLR_Hebbal,5.994
PROP-31A8A9065EFD,58,31,51,58,60.3,CPCB_BLR_Hebbal,29.74
PROP-4E59CDB14DFE,86,48,79,86,96.0,CPCB_BLR_Hebbal,4.64
PROP-5782A7E55974,33,17,28,33,52.0,CPCB_BLR_BTM,14.858
PROP-C087C69F08CB,86,48,79,86,96.0,CPCB_BLR_Hebbal,30.531
PROP-C5360D163D48,75,42,69,75,43.7,CPCB_BLR_Hebbal,12.311
PROP-2E8DE7FA7019,27,15,25,27,48.3,CPCB_BLR_Hebbal,29.74
PROP-21C9C49A43AA,107,55,91,107,108.7,CPCB_BLR_BTM,12.215
PROP-FD98E4EFA813,31,17,28,31,49.0,CPCB_BLR_Hebbal,9.751
PROP-39D6CB48BB13,67,38,62,67,43.0,CPCB_BLR_Hebbal,21.528
PROP-1B9E6879ED95,58,33,54,58,68.3,CPCB_BLR_BTM,12.215
PROP-8EC04728D5B8,107,55,91,107,108.7,CPCB_BLR_BTM,17.11
PROP-215C4196173D,33,17,29,33,50.0,CPCB_BLR_Hebbal,8.163
PROP-BF8849F70395,33,18,29,33,53.0,CPCB_BLR_BTM,6.791
PROP-C0582A2C5621,70,38,62,70,75.0,CPCB_BLR_BTM,20.002
PROP-F56428990AB5,72,41,67,72,43.7,CPCB_BLR_Hebbal,19.91
PROP-E89532ADF70E,35,19,31,35,59.0,CPCB_BLR_BTM,6.791
PROP-720A43184810,33,17,28,33,52.0,CPCB_BLR_BTM,21.831
PROP-31F245BDBE64,59,33,54,59,71.3,CPCB_BLR_BTM,16.104
PROP-2836C694AE48,60,34,56,60,63.0,CPCB_BLR_Hebbal,17.794
PROP-54DAFFF3CE29,61,32,53,61,63.0,CPCB_BLR_Hebbal,11.86
PROP-E3E4024666E1,106,58,96,106,105.7,CPCB_BLR_BTM,29.713
PROP-CF7D6A4DF2E0,64,34,56,64,67.3,CPCB_BLR_Hebbal,28.462
PROP-E6D5108CBE1B,35,19,31,35,59.0,CPCB_BLR_BTM,25.968
PROP-A1373E45A944,29,15,25,29,50.7,CPCB_BLR_Hebbal,19.343
PROP-E397B2BA7DCD,107,55,91,107,108.7,CPCB_BLR_BTM,11.754
PROP-4F859A2C5018,99,56,91,99,98.0,CPCB_BLR_Hebbal,10.256
PROP-0347AC001861,77,44,72,77,47.3,CPCB_BLR_BTM,25.968
PROP-9A4B4D800541,32,16,27,32,52.7,CPCB_BLR_BTM,8.61
PROP-04AD50F89D92,70,38,62,70,75.0,CPCB_BLR_BTM,21.831
PROP-02D1A7CE0717,33,17,28,33,52.0,CPCB_BLR_BTM,20.26
PROP-7530A92995B0,75,42,69,75,47.3,CPCB_BLR_BTM,25.016
PROP-BD736C59A703,58,31,51,58,60.3,CPCB_BLR_Hebbal,11.86
PROP-79A54751D254,68,37,61,68,70.7,CPCB_BLR_BTM,6.791
PROP-3F83F1BD7FDA,33,18,29,33,53.0,CPCB_BLR_BTM,17.11
PROP-87D7BB1BE32C,58,31,51,58,60.3,CPCB_BLR_Hebbal,18.218
PROP-A453D5A6A326,29,16,26,29,51.3,CPCB_BLR_BTM,26.523
PROP-39D46431CE56,90,49,81,90,97.0,CPCB_BLR_Hebbal,5.113
PROP-17373D0031FC,29,15,25,29,50.7,CPCB_BLR_Hebbal,26.534
PROP-317A578CB85D,60,34,56,60,63.0,CPCB_BLR_Hebbal,17.121
PROP-34997F2EDB2E,70,38,62,70,75.0,CPCB_BLR_BTM,5.824
PROP-CD293341359A,32,17,29,32,50.0,CPCB_BLR_Hebbal,22.182
PROP-68C5F287BCEF,58,31,51,58,60.3,CPCB_BLR_Hebbal,30.734
PROP-C45F365D03C2,114,60,98,114,112.7,CPCB_BLR_BTM,12.215
PROP-BB3935539634,68,37,61,68,70.7,CPCB_BLR_BTM,16.104
PROP-BF5FE0FF7E79,68,37,61,68,70.7,CPCB_BLR_BTM,11.535
PROP-9A0C24340C41,31,17,28,31,49.0,CPCB_BLR_Hebbal,20.103
PROP-AD99D006E3BB,75,42,69,75,47.3,CPCB_BLR_BTM,19.933
PROP-11F4A58E85E7,29,15,25,29,50.7,CPCB_BLR_Hebbal,18.167
PROP-492710FE2FE9,73,39,64,73,46.0,CPCB_BLR_BTM,6.791
PROP-37CDB807F063,33,17,29,33,50.0,CPCB_BLR_Hebbal,29.74
PROP-8491B478B751,74,41,67,74,44.3,CPCB_BLR_Hebbal,16.887
PROP-186924A2AFC3,72,41,67,72,43.7,CPCB_BLR_Hebbal,30.734
PROP-D5C3AC84D657,61,32,53,61,63.0,CPCB_BLR_Hebbal,21.33
PROP-3BBC89A16732,58,31,51,58,60.3,CPCB_BLR_Hebbal,18.6
PROP-C12ABCEBD238,27,15,25,27,48.3,CPCB_BLR_Hebbal,18.373
PROP-86886CC26900,72,41,67,72,43.7,CPCB_BLR_Hebbal,25.229
PROP-6E849677FE4C,58,33,54,58,68.3,CPCB_BLR_BTM,17.784
PROP-0F7055F7C81D,73,40,65,73,45.7,CPCB_BLR_BTM,12.215
PROP-B81364E9BEE8,35,19,31,35,59.0,CPCB_BLR_BTM,22.121
PROP-C91F4D58ED01,93,50,82,93,91.7,CPCB_BLR_Hebbal,7.43
PROP-FFFC90643129,29,16,26,29,51.3,CPCB_BLR_BTM,12.215
PROP-3558E699B391,33,17,29,33,50.0,CPCB_BLR_Hebbal,20.765
PROP-B5414584AD53,75,42,69,75,47.3,CPCB_BLR_BTM,6.791
PROP-876DF016207F,90,49,81,90,97.0,CPCB_BLR_Hebbal,4.632
PROP-94CD1D63845B,33,17,28,33,52.0,CPCB_BLR_BTM,20.26
PROP-4AAB40B43C83,67,38,62,67,43.0,CPCB_BLR_Hebbal,10.833
PROP-969A1B4A16FF,93,50,82,93,91.7,CPCB_BLR_Hebbal,21.33
PROP-F207F90088B8,75,42,69,75,47.3,CPCB_BLR_BTM,21.338
PROP-E3390D685D49,107,55,91,107,108.7,CPCB_BLR_BTM,24.908
PROP-5F39155E6B70,64,34,55,64,67.3,CPCB_BLR_BTM,12.215
PROP-24B2BF83102B,107,55,91,107,108.7,CPCB_BLR_BTM,29.092
PROP-502FF76D54EC,61,32,53,61,63.0,CPCB_BLR_Hebbal,4.935
PROP-F6EFC4780D70,33,18,29,33,53.0,CPCB_BLR_BTM,26.523
PROP-A1F3B32ED30C,64,34,55,64,67.3,CPCB_BLR_BTM,26.107
PROP-4C708E0B2919,61,32,53,61,63.0,CPCB_BLR_Hebbal,24.883
PROP-344EE9D7F3CA,58,31,51,58,60.3,CPCB_BLR_Hebbal,30.734
PROP-B57DAD39324C,58,33,54,58,68.3,CPCB_BLR_BTM,25.016
PROP-2995AF65DF58,27,15,25,27,48.3,CPCB_BLR_Hebbal,11.301
PROP-CEADB7303C32,73,39,64,73,46.0,CPCB_BLR_BTM,6.223
PROP-0BA20142D44B,32,17,29,32,50.0,CPCB_BLR_Hebbal,18.023
PROP-522450F0370A,29,15,25,29,50.7,CPCB_BLR_Hebbal,5.508
PROP-276ACFBC7826,59,33,54,59,71.3,CPCB_BLR_BTM,16.375
PROP-4A01772014C3,33,17,28,33,52.0,CPCB_BLR_BTM,26.523
PROP-CEE7DE526021,64,34,56,64,67.3,CPCB_BLR_Hebbal,24.205
PROP-3BEE52688558,68,37,61,68,70.7,CPCB_BLR_BTM,10.46
PROP-1D910B09F376,114,60,98,114,112.7,CPCB_BLR_BTM,25.016
PROP-B6B912B27F8A,72,41,67,72,43.7,CPCB_BLR_Hebbal,16.887
PROP-1C6C3E1275FA,33,17,28,33,52.0,CPCB_BLR_BTM,12.215
PROP-EB69BC3F1018,77,40,65,77,48.0,CPCB_BLR_BTM,26.523
PROP-DAF531B11555,77,44,72,77,47.3,CPCB_BLR_BTM,10.46
PROP-6DEFE7398833,33,17,28,33,52.0,CPCB_BLR_BTM,9.771
PROP-6309224243FF,77,40,65,77,48.0,CPCB_BLR_BTM,8.61
PROP-BDA85CF43BCD,75,42,69,75,43.7,CPCB_BLR_Hebbal,30.734
PROP-2AE41E0D5832,68,37,61,68,70.7,CPCB_BLR_BTM,10.833
PROP-C288E69E424D,64,34,56,64,67.3,CPCB_BLR_Hebbal,16.887
PROP-1E5AC3A07E08,75,42,69,75,43.7,CPCB_BLR_Hebbal,29.74
PROP-3951EECC9F32,31,17,28,31,49.0,CPCB_BLR_Hebbal,11.281
PROP-F26E1561AF68,108,57,93,108,100.3,CPCB_BLR_BTM,6.468
PROP-4718512F7D9D,61,32,53,61,63.0,CPCB_BLR_Hebbal,11.281
PROP-89D7AE81A0C7,107,55,91,107,108.7,CPCB_BLR_BTM,4.801
PROP-9656004BADE8,35,19,31,35,59.0,CPCB_BLR_BTM,18.573
PROP-29F183B3A4C1,58,31,51,58,60.3,CPCB_BLR_Hebbal,23.544
PROP-8F9EBDE4207B,75,42,69,75,43.7,CPCB_BLR_Hebbal,22.929
PROP-B9545E2E72DE,61,32,53,61,63.0,CPCB_BLR_Hebbal,15.616
PROP-65CFFEFF148A,86,48,79,86,96.0,CPCB_BLR_Hebbal,24.585
PROP-2810861E6045,58,31,51,58,60.3,CPCB_BLR_Hebbal,11.86
PROP-3B8E9D1E24A9,75,42,69,75,43.7,CPCB_BLR_Hebbal,8.846
PROP-8FB336391049,73,40,65,73,45.7,CPCB_BLR_BTM,25.33
PROP-03A665518206,29,15,25,29,50.7,CPCB_BLR_Hebbal,20.765
PROP-A8AA091D3765,75,42,69,75,43.7,CPCB_BLR_Hebbal,5.508
PROP-2BCCFC6C46C2,58,33,54,58,68.3,CPCB_BLR_BTM,6.791
PROP-942C4D5108E9,99,56,91,99,98.0,CPCB_BLR_Hebbal,22.803
PROP-58BF8C98924C,86,48,79,86,96.0,CPCB_BLR_Hebbal,7.493
PROP-C085E6FAFB8D,108,57,93,108,100.3,CPCB_BLR_BTM,6.791
PROP-055D52DB8A40,29,15,25,29,50.7,CPCB_BLR_Hebbal,12.482
PROP-C02A02654E4F,77,40,65,77,48.0,CPCB_BLR_BTM,15.468
PROP-AF724A68646E,35,19,31,35,59.0,CPCB_BLR_BTM,2.896
PROP-9B76E2C4485B,29,15,25,29,50.7,CPCB_BLR_Hebbal,19.093
PROP-CABF5D5E61EA,58,31,51,58,60.3,CPCB_BLR_Hebbal,22.929
PROP-670CED41C724,32,16,27,32,52.7,CPCB_BLR_BTM,6.896
PROP-248AD4ACADA2,27,15,25,27,48.3,CPCB_BLR_Hebbal,11.86
PROP-E393EDF503F7,74,41,67,74,44.3,CPCB_BLR_Hebbal,18.218
PROP-B921D91C4326,58,33,54,58,68.3,CPCB_BLR_BTM,16.958
PROP-74C2B5DCAED1,68,37,61,68,70.7,CPCB_BLR_BTM,6.223
PROP-490EC9007F50,75,42,69,75,47.3,CPCB_BLR_BTM,25.016
PROP-77D222E888A0,27,15,25,27,48.3,CPCB_BLR_Hebbal,19.705
PROP-B95CA6F29156,31,17,28,31,49.0,CPCB_BLR_Hebbal,6.033
PROP-FC6EB0851788,73,40,65,73,45.7,CPCB_BLR_BTM,15.897
PROP-5166BEBEAF5D,74,41,67,74,44.3,CPCB_BLR_Hebbal,3.005
PROP-A2BC7757CCE5,33,17,29,33,50.0,CPCB_BLR_Hebbal,18.167
PROP-B7C9B2FD3AE4,29,15,25,29,50.7,CPCB_BLR_Hebbal,32.495
PROP-53910BB2B719,58,33,54,58,68.3,CPCB_BLR_BTM,20.26
PROP-3A2380B0356A,72,41,67,72,43.7,CPCB_BLR_Hebbal,11.86
PROP-C254BA00DC36,33,17,28,33,52.0,CPCB_BLR_BTM,14.071
PROP-78A1015958BC,68,37,61,68,70.7,CPCB_BLR_BTM,12.215
PROP-41AFECC2E8E9,59,33,54,59,71.3,CPCB_BLR_BTM,19.426
PROP-775199406D45,73,39,64,73,46.0,CPCB_BLR_BTM,22.937
PROP-DE993DA312B1,72,41,67,72,43.7,CPCB_BLR_Hebbal,29.74
PROP-64CA032C249C,72,41,67,72,43.7,CPCB_BLR_Hebbal,30.734
PROP-EDE086559E7D,64,34,56,64,67.3,CPCB_BLR_Hebbal,26.534
PROP-FA87404672E6,99,56,91,99,98.0,CPCB_BLR_Hebbal,7.493
PROP-C82E8386B4C1,61,32,53,61,63.0,CPCB_BLR_Hebbal,23.544
PROP-7FBE2EF38C9B,29,15,25,29,50.7,CPCB_BLR_Hebbal,29.459
PROP-8874B9DB5717,33,18,29,33,53.0,CPCB_BLR_BTM,14.858
PROP-827F6557D270,90,49,81,90,97.0,CPCB_BLR_Hebbal,15.12
PROP-1F9B80A719CA,33,17,28,33,52.0,CPCB_BLR_BTM,10.829
PROP-D2C2ED463174,90,49,81,90,97.0,CPCB_BLR_Hebbal,11.86
PROP-3F4B477ADB24,31,17,28,31,49.0,CPCB_BLR_Hebbal,23.544
PROP-30BD78551065,27,15,25,27,48.3,CPCB_BLR_Hebbal,7.678
PROP-1DB058445F92,69,38,63,69,42.3,CPCB_BLR_Hebbal,23.544
PROP-026A71048289,61,32,53,61,63.0,CPCB_BLR_Hebbal,24.32
PROP-1097521459E0,69,38,63,69,42.3,CPCB_BLR_Hebbal,18.218
PROP-DF60A9405CA5,64,34,56,64,67.3,CPCB_BLR_Hebbal,21.175
PROP-EDA16578D837,74,41,67,74,44.3,CPCB_BLR_Hebbal,26.611
PROP-300306230741,33,18,29,33,53.0,CPCB_BLR_BTM,26.111
PROP-304A1042AD0F,77,40,65,77,48.0,CPCB_BLR_BTM,5.924
PROP-84463C1CB1C0,31,17,28,31,49.0,CPCB_BLR_Hebbal,19.093
PROP-DDD63719F0F1,72,41,67,72,43.7,CPCB_BLR_Hebbal,19.093
PROP-6B6A61420914,68,37,61,68,70.7,CPCB_BLR_BTM,15.468
PROP-2DAC96B3CFAC,32,17,29,32,50.0,CPCB_BLR_Hebbal,19.093
PROP-05AA56EC4D8C,86,48,79,86,96.0,CPCB_BLR_Hebbal,9.343
PROP-EC8684684380,33,18,29,33,53.0,CPCB_BLR_BTM,16.104
PROP-C90C19E3EB9B,93,50,82,93,91.7,CPCB_BLR_Hebbal,26.035
PROP-138DEDBF7F6C,29,15,25,29,50.7,CPCB_BLR_Hebbal,11.325
PROP-8627EC85F2E3,68,37,61,68,70.7,CPCB_BLR_BTM,20.947
PROP-22E24A465423,31,17,28,31,49.0,CPCB_BLR_Hebbal,12.482
PROP-5139B7AB7AC6,61,32,53,61,63.0,CPCB_BLR_Hebbal,29.74
PROP-F6F76866A8FD,67,38,62,67,43.0,CPCB_BLR_Hebbal,22.182
PROP-B089FFF823FC,64,34,56,64,67.3,CPCB_BLR_Hebbal,16.709
PROP-9F32BAD72B66,90,49,81,90,97.0,CPCB_BLR_Hebbal,12.482
PROP-6D4356BDD3B1,29,16,26,29,51.3,CPCB_BLR_BTM,25.255
PROP-5DEB68ED3FE3,74,41,67,74,44.3,CPCB_BLR_Hebbal,20.644
PROP-E1B04EAF72FF,32,16,27,32,52.7,CPCB_BLR_BTM,12.215
PROP-EFAECB9DC87C,32,16,27,32,52.7,CPCB_BLR_BTM,12.215
PROP-371B6EC504E1,67,38,62,67,43.0,CPCB_BLR_Hebbal,25.084
PROP-DFE353FF9498,74,41,67,74,44.3,CPCB_BLR_Hebbal,5.113
PROP-43D3695B69D5,64,34,55,64,67.3,CPCB_BLR_BTM,2.15
PROP-3F9F2A95E6EA,61,32,53,61,63.0,CPCB_BLR_Hebbal,23.544
PROP-466BEC3BB073,99,56,91,99,98.0,CPCB_BLR_Hebbal,21.333
PROP-DB0F25EA142A,77,40,65,77,48.0,CPCB_BLR_BTM,8.61
PROP-753E2D64EBBD,35,19,31,35,59.0,CPCB_BLR_BTM,16.375
PROP-A1A1B7BF6F52,107,55,91,107,108.7,CPCB_BLR_BTM,16.104
PROP-8EE7D58507F9,86,48,79,86,96.0,CPCB_BLR_Hebbal,23.544
PROP-825A71539F5B,69,38,63,69,42.3,CPCB_BLR_Hebbal,14.746
PROP-417814A90A36,27,15,25,27,48.3,CPCB_BLR_Hebbal,5.113
PROP-485906FC0CFF,77,44,72,77,47.3,CPCB_BLR_BTM,6.791
PROP-57F6A1B53A2B,33,17,28,33,52.0,CPCB_BLR_BTM,21.831
PROP-A1FA0032D0F3,70,38,62,70,75.0,CPCB_BLR_BTM,16.375
PROP-BC5673AB9291,72,41,67,72,43.7,CPCB_BLR_Hebbal,14.143
PROP-D6354C3BA88B,75,42,69,75,43.7,CPCB_BLR_Hebbal,8.948
PROP-C730D7DEE520,108,57,93,108,100.3,CPCB_BLR_BTM,21.81
PROP-9172B887D6C6,72,41,67,72,43.7,CPCB_BLR_Hebbal,23.544
PROP-29F1187A4C85,61,32,53,61,63.0,CPCB_BLR_Hebbal,12.311
PROP-E1DF078F7223,29,16,26,29,51.3,CPCB_BLR_BTM,2.896
PROP-18BCEBD362CA,59,33,54,59,71.3,CPCB_BLR_BTM,25.016
PROP-671CB4740F4C,29,15,25,29,50.7,CPCB_BLR_Hebbal,22.138
PROP-07A6C8DFEB83,35,19,31,35,59.0,CPCB_BLR_BTM,4.703
PROP-05B0CBFEF2FC,70,38,62,70,75.0,CPCB_BLR_BTM,13.769
PROP-B2553FB306D4,68,37,61,68,70.7,CPCB_BLR_BTM,26.107
PROP-697826FB8CB1,33,17,28,33,52.0,CPCB_BLR_BTM,31.959
PROP-339ECFF9C129,31,17,28,31,49.0,CPCB_BLR_Hebbal,25.545
PROP-6A85C1DFF278,60,34,56,60,63.0,CPCB_BLR_Hebbal,14.901
PROP-80E0D98F4571,67,38,62,67,43.0,CPCB_BLR_Hebbal,13.864
PROP-F1B68A04FB76,33,18,29,33,53.0,CPCB_BLR_BTM,6.896
PROP-23E3D1FF3595,61,32,53,61,63.0,CPCB_BLR_Hebbal,9.209
PROP-F4F3A5B7BDB1,33,18,29,33,53.0,CPCB_BLR_BTM,4.703
PROP-4948295BA310,77,40,65,77,48.0,CPCB_BLR_BTM,14.858
PROP-B32E875090F4,29,16,26,29,51.3,CPCB_BLR_BTM,12.215
PROP-CE3CC3FCD100,74,41,67,74,44.3,CPCB_BLR_Hebbal,17.326
PROP-AF658B045BF6,58,31,51,58,60.3,CPCB_BLR_Hebbal,21.33
PROP-D898B35E591C,32,17,29,32,50.0,CPCB_BLR_Hebbal,19.626
PROP-CA769F6374E5,33,17,29,33,50.0,CPCB_BLR_Hebbal,14.423
PROP-D7E616E98581,29,15,25,29,50.7,CPCB_BLR_Hebbal,26.377
PROP-2545D532FD55,60,34,56,60,63.0,CPCB_BLR_Hebbal,22.304
PROP-22969ED05159,31,17,28,31,49.0,CPCB_BLR_Hebbal,7.678
PROP-6412B52E3148,58,31,51,58,60.3,CPCB_BLR_Hebbal,26.204
PROP-3ECEE77778EE,107,55,91,107,108.7,CPCB_BLR_BTM,6.896
PROP-95E9C779A01A,58,31,51,58,60.3,CPCB_BLR_Hebbal,25.084
PROP-FFEC30F2ADA3,99,56,91,99,98.0,CPCB_BLR_Hebbal,5.593
PROP-592E49168369,93,50,82,93,91.7,CPCB_BLR_Hebbal,1.664
PROP-18A696004844,114,60,98,114,112.7,CPCB_BLR_BTM,22.489
PROP-EC0963432BCE,114,60,98,114,112.7,CPCB_BLR_BTM,12.538
PROP-9744590F1E52,106,58,96,106,105.7,CPCB_BLR_BTM,16.375
PROP-2F19C007C7F3,114,60,98,114,112.7,CPCB_BLR_BTM,15.468
PROP-F6F914757C16,35,19,31,35,59.0,CPCB_BLR_BTM,7.667
PROP-F227640628E9,60,34,56,60,63.0,CPCB_BLR_Hebbal,29.74
PROP-6776C0975A2B,27,15,25,27,48.3,CPCB_BLR_Hebbal,25.084
PROP-98A8B2BB53AB,69,38,63,69,42.3,CPCB_BLR_Hebbal,20.103
PROP-063887EF4EBB,74,41,67,74,44.3,CPCB_BLR_Hebbal,25.084
PROP-5EA803A39B06,61,32,53,61,63.0,CPCB_BLR_Hebbal,18.218
PROP-AC16C8AF3BAC,27,15,25,27,48.3,CPCB_BLR_Hebbal,14.901
PROP-CC06B13CD106,74,41,67,74,44.3,CPCB_BLR_Hebbal,16.887
PROP-491D885B82F7,35,19,31,35,59.0,CPCB_BLR_BTM,14.858
PROP-67080D8B716F,107,55,91,107,108.7,CPCB_BLR_BTM,9.725
PROP-1A574C7FB910,33,17,28,33,52.0,CPCB_BLR_BTM,26.815
PROP-337BC26D5D64,27,15,25,27,48.3,CPCB_BLR_Hebbal,7.678
PROP-7FC83FB071E5,108,57,93,108,100.3,CPCB_BLR_BTM,25.255
PROP-A5914486DAF1,64,34,56,64,67.3,CPCB_BLR_Hebbal,19.093
PROP-C4771A55FE86,59,33,54,59,71.3,CPCB_BLR_BTM,18.573
PROP-577F6378425E,29,15,25,29,50.7,CPCB_BLR_Hebbal,12.311
PROP-6F933B8A3FC5,33,17,28,33,52.0,CPCB_BLR_BTM,18.743
PROP-E6724D2A60ED,99,56,91,99,98.0,CPCB_BLR_Hebbal,12.482
PROP-3C32D0A221E9,32,17,29,32,50.0,CPCB_BLR_Hebbal,2.493
PROP-6397DEBD05A3,86,48,79,86,96.0,CPCB_BLR_Hebbal,19.91
PROP-2B7405395DDA,27,15,25,27,48.3,CPCB_BLR_Hebbal,18.218
PROP-EA742AF80E7B,72,41,67,72,43.7,CPCB_BLR_Hebbal,7.43
PROP-2B8E154AC143,73,40,65,73,45.7,CPCB_BLR_BTM,9.725
PROP-DE2AEB41BFD8,70,38,62,70,75.0,CPCB_BLR_BTM,24.539
PROP-5462E0A213AD,77,40,65,77,48.0,CPCB_BLR_BTM,17.441
PROP-BCC365F2F97E,72,41,67,72,43.7,CPCB_BLR_Hebbal,21.33
PROP-D6AE7FCA87DB,77,44,72,77,47.3,CPCB_BLR_BTM,29.04
PROP-26C52C663B86,58,33,54,58,68.3,CPCB_BLR_BTM,17.441
PROP-6F36F3D95790,70,38,62,70,75.0,CPCB_BLR_BTM,22.489
PROP-71F21EA6AB4F,86,48,79,86,96.0,CPCB_BLR_Hebbal,23.002
PROP-9D398A4B5039,64,34,55,64,67.3,CPCB_BLR_BTM,21.418
PROP-FDC367C92088,73,40,65,73,45.7,CPCB_BLR_BTM,24.629
PROP-EB26BD8A703E,90,49,81,90,97.0,CPCB_BLR_Hebbal,19.626
PROP-1CC28C7E79D8,93,50,82,93,91.7,CPCB_BLR_Hebbal,24.585
PROP-A2F691E09926,68,37,61,68,70.7,CPCB_BLR_BTM,7.561
PROP-037D07D23B1F,114,60,98,114,112.7,CPCB_BLR_BTM,22.121
PROP-98A8DEC685FD,73,39,64,73,46.0,CPCB_BLR_BTM,6.562
PROP-918C8D3141B3,58,33,54,58,68.3,CPCB_BLR_BTM,21.831
PROP-1FC054B5A2B9,75,42,69,75,43.7,CPCB_BLR_Hebbal,12.311
PROP-B338633F756E,27,15,25,27,48.3,CPCB_BLR_Hebbal,9.742
PROP-97B3BF9DCA10,29,15,25,29,50.7,CPCB_BLR_Hebbal,7.43
PROP-09ACCDC24E7E,60,34,56,60,63.0,CPCB_BLR_Hebbal,22.304
PROP-E571DE6B9D12,107,55,91,107,108.7,CPCB_BLR_BTM,21.418
PROP-C892285CF309,75,42,69,75,47.3,CPCB_BLR_BTM,16.958
PROP-AF537D1D7432,64,34,56,64,67.3,CPCB_BLR_Hebbal,8.948
PROP-1F428B5DD71D,99,56,91,99,98.0,CPCB_BLR_Hebbal,21.186
PROP-F7B007E83648,58,31,51,58,60.3,CPCB_BLR_Hebbal,5.994
PROP-9D67C53B5FCD,93,50,82,93,91.7,CPCB_BLR_Hebbal,18.6
PROP-90DCDFE1E7FC,67,38,62,67,43.0,CPCB_BLR_Hebbal,32.495
PROP-88AFF6C04B96,60,34,56,60,63.0,CPCB_BLR_Hebbal,15.616
PROP-87C6C057C876,75,42,69,75,47.3,CPCB_BLR_BTM,15.82
PROP-0AAAF2214FBF,69,38,63,69,42.3,CPCB_BLR_Hebbal,8.948
PROP-021C20117171,60,34,56,60,63.0,CPCB_BLR_Hebbal,23.544
PROP-A85C29EA0461,86,48,79,86,96.0,CPCB_BLR_Hebbal,6.347
PROP-AB6CEC64C758,77,44,72,77,47.3,CPCB_BLR_BTM,13.79
PROP-E91BC4A16D52,32,17,29,32,50.0,CPCB_BLR_Hebbal,7.678
PROP-3ABE9B74CA4A,58,33,54,58,68.3,CPCB_BLR_BTM,13.769
PROP-FD2471243D79,73,40,65,73,45.7,CPCB_BLR_BTM,11.815
PROP-589192F2663F,59,33,54,59,71.3,CPCB_BLR_BTM,18.573
PROP-AAE9745D884F,114,60,98,114,112.7,CPCB_BLR_BTM,12.215
PROP-919C38CDEB64,29,15,25,29,50.7,CPCB_BLR_Hebbal,27.979
PROP-3079F5CAE693,29,16,26,29,51.3,CPCB_BLR_BTM,28.9
PROP-49EDA638686D,75,42,69,75,43.7,CPCB_BLR_Hebbal,27.217
PROP-5EC67FE490B1,60,34,56,60,63.0,CPCB_BLR_Hebbal,11.325
PROP-8372DD59954B,77,44,72,77,47.3,CPCB_BLR_BTM,2.15
PROP-B78EA546136E,90,49,81,90,97.0,CPCB_BLR_Hebbal,24.585
PROP-10EBC1AF3314,58,31,51,58,60.3,CPCB_BLR_Hebbal,22.304
PROP-91577F5078AF,32,17,29,32,50.0,CPCB_BLR_Hebbal,15.638
PROP-752066893640,90,49,81,90,97.0,CPCB_BLR_Hebbal,13.202
PROP-1A203977B532,86,48,79,86,96.0,CPCB_BLR_Hebbal,4.738
PROP-423E36414E36,32,17,29,32,50.0,CPCB_BLR_Hebbal,14.566
PROP-5BB4D1CA1E74,93,50,82,93,91.7,CPCB_BLR_Hebbal,6.033
PROP-7784AA982EB1,72,41,67,72,43.7,CPCB_BLR_Hebbal,22.304
PROP-87C29BDE37F4,32,17,29,32,50.0,CPCB_BLR_Hebbal,26.534
PROP-90A340E314CE,74,41,67,74,44.3,CPCB_BLR_Hebbal,26.091
PROP-4DE255D9874F,60,34,56,60,63.0,CPCB_BLR_Hebbal,22.304
PROP-66DDEE66EC14,29,16,26,29,51.3,CPCB_BLR_BTM,17.11
PROP-A0F3F132ED91,90,49,81,90,97.0,CPCB_BLR_Hebbal,7.493
PROP-2F3AFC26AC5D,73,40,65,73,45.7,CPCB_BLR_BTM,21.918
PROP-95A0856F2CBD,73,39,64,73,46.0,CPCB_BLR_BTM,11.815
PROP-581E2CA19152,69,38,63,69,42.3,CPCB_BLR_Hebbal,16.902
PROP-4AB772F330F2,73,40,65,73,45.7,CPCB_BLR_BTM,29.04
PROP-8458584BFFDE,93,50,82,93,91.7,CPCB_BLR_Hebbal,16.887
PROP-C7D886B2692C,106,58,96,106,105.7,CPCB_BLR_BTM,15.246
PROP-166A5C71ABDE,75,42,69,75,43.7,CPCB_BLR_Hebbal,22.803
PROP-B88B557C1EE7,90,49,81,90,97.0,CPCB_BLR_Hebbal,4.935
PROP-D96DCB96FD6C,73,40,65,73,45.7,CPCB_BLR_BTM,18.828
PROP-9DD035420498,61,32,53,61,63.0,CPCB_BLR_Hebbal,8.121
PROP-2CE110C764E1,58,33,54,58,68.3,CPCB_BLR_BTM,21.918
PROP-6572469CF4F8,29,16,26,29,51.3,CPCB_BLR_BTM,15.848
PROP-1DE2678D7DF3,67,38,62,67,43.0,CPCB_BLR_Hebbal,16.887
PROP-1900A53A5797,73,39,64,73,46.0,CPCB_BLR_BTM,12.215
PROP-AF7182B504D7,60,34,56,60,63.0,CPCB_BLR_Hebbal,16.887
PROP-C786AD732AC5,73,39,64,73,46.0,CPCB_BLR_BTM,13.313
PROP-85B544C42D6A,60,34,56,60,63.0,CPCB_BLR_Hebbal,11.281
PROP-C8320EBC2571,33,17,29,33,50.0,CPCB_BLR_Hebbal,11.281
PROP-2906EBA5F74A,68,37,61,68,70.7,CPCB_BLR_BTM,6.896
PROP-5C148AD92881,73,40,65,73,45.7,CPCB_BLR_BTM,16.104
PROP-91EA358AEE1D,106,58,96,106,105.7,CPCB_BLR_BTM,18.743
PROP-45699144E3F2,61,32,53,61,63.0,CPCB_BLR_Hebbal,23.574
PROP-1C6226A9650C,99,56,91,99,98.0,CPCB_BLR_Hebbal,6.433
PROP-C2668816BCF4,35,19,31,35,59.0,CPCB_BLR_BTM,24.539
PROP-D254968A23F2,74,41,67,74,44.3,CPCB_BLR_Hebbal,22.138
PROP-55C98188415A,67,38,62,67,43.0,CPCB_BLR_Hebbal,5.113
PROP-5BFCE4FA191D,33,17,29,33,50.0,CPCB_BLR_Hebbal,14.902
PROP-A76744E50E9F,29,15,25,29,50.7,CPCB_BLR_Hebbal,9.343
PROP-501FA7CEF531,69,38,63,69,42.3,CPCB_BLR_Hebbal,9.343
PROP-2D2947021574,29,15,25,29,50.7,CPCB_BLR_Hebbal,22.211
PROP-171D0AA3A495,64,34,55,64,67.3,CPCB_BLR_BTM,6.791
PROP-2FE51C302F3D,77,44,72,77,47.3,CPCB_BLR_BTM,8.699
PROP-79C6269829F8,58,31,51,58,60.3,CPCB_BLR_Hebbal,7.493
PROP-FE3ED2ACA687,61,32,53,61,63.0,CPCB_BLR_Hebbal,21.186
PROP-93D108CC9162,64,34,55,64,67.3,CPCB_BLR_BTM,21.918
PROP-ED9F58EB3A93,29,16,26,29,51.3,CPCB_BLR_BTM,22.466
PROP-40C0BE1FFB73,99,56,91,99,98.0,CPCB_BLR_Hebbal,6.033
PROP-2E15DA7D7553,29,15,25,29,50.7,CPCB_BLR_Hebbal,21.186
PROP-5CC41943D8F6,77,40,65,77,48.0,CPCB_BLR_BTM,25.016
PROP-135A6D3E54DC,77,40,65,77,48.0,CPCB_BLR_BTM,14.041
PROP-3C95DF87A297,64,34,56,64,67.3,CPCB_BLR_Hebbal,5.994
PROP-FDBE5D36C0FB,67,38,62,67,43.0,CPCB_BLR_Hebbal,16.887
PROP-9D66E1E7753D,73,40,65,73,45.7,CPCB_BLR_BTM,15.848
PROP-C7604EBC7C71,64,34,56,64,67.3,CPCB_BLR_Hebbal,16.163
PROP-F32D6FCDC0B2,68,37,61,68,70.7,CPCB_BLR_BTM,24.629
PROP-E51D406F01ED,70,38,62,70,75.0,CPCB_BLR_BTM,17.209
PROP-F6A0FCFF19A8,32,17,29,32,50.0,CPCB_BLR_Hebbal,19.093
PROP-F532821AF89B,29,15,25,29,50.7,CPCB_BLR_Hebbal,17.794
PROP-CB472A0DEDE7,61,32,53,61,63.0,CPCB_BLR_Hebbal,20.765
PROP-BDA3D667571A,58,33,54,58,68.3,CPCB_BLR_BTM,6.896
PROP-1AC30FC50CEE,74,41,67,74,44.3,CPCB_BLR_Hebbal,19.705
PROP-064FA285B64A,58,31,51,58,60.3,CPCB_BLR_Hebbal,19.91
PROP-ADE77CDDCEB2,93,50,82,93,91.7,CPCB_BLR_Hebbal,9.343
PROP-E15306B330EC,77,40,65,77,48.0,CPCB_BLR_BTM,24.539
PROP-38E38E927DA9,64,34,56,64,67.3,CPCB_BLR_Hebbal,18.373
PROP-7938EA75A90A,77,44,72,77,47.3,CPCB_BLR_BTM,22.466
PROP-CD5E24F8A91B,61,32,53,61,63.0,CPCB_BLR_Hebbal,7.493
PROP-9530378D73CC,67,38,62,67,43.0,CPCB_BLR_Hebbal,4.738
PROP-5A7E7D1F8D36,75,42,69,75,47.3,CPCB_BLR_BTM,25.255
PROP-01FF8A958C15,33,18,29,33,53.0,CPCB_BLR_BTM,14.858
PROP-1D241C964D3C,73,39,64,73,46.0,CPCB_BLR_BTM,16.908
PROP-D24EA453C26F,70,38,62,70,75.0,CPCB_BLR_BTM,6.468
PROP-EE0F5C489510,69,38,63,69,42.3,CPCB_BLR_Hebbal,16.199
PROP-B1F0AC202FBF,77,40,65,77,48.0,CPCB_BLR_BTM,14.337
PROP-57C4B72A2360,70,38,62,70,75.0,CPCB_BLR_BTM,29.38
PROP-B44787B2A5AC,31,17,28,31,49.0,CPCB_BLR_Hebbal,22.138
PROP-9F9CD17B3777,59,33,54,59,71.3,CPCB_BLR_BTM,16.375
PROP-1C8BEE79FD58,67,38,62,67,43.0,CPCB_BLR_Hebbal,11.86
PROP-A3F0CACEB2D6,108,57,93,108,100.3,CPCB_BLR_BTM,22.285
PROP-E7327AC40417,35,19,31,35,59.0,CPCB_BLR_BTM,13.313
PROP-F20D8AB4BF0B,61,32,53,61,63.0,CPCB_BLR_Hebbal,12.311
PROP-59D59B672881,31,17,28,31,49.0,CPCB_BLR_Hebbal,12.311
PROP-0C83897129E6,60,34,56,60,63.0,CPCB_BLR_Hebbal,5.508
PROP-0839FDE6F72D,29,16,26,29,51.3,CPCB_BLR_BTM,25.21
PROP-3C7171809FEC,90,49,81,90,97.0,CPCB_BLR_Hebbal,5.113
PROP-4E34FC58FA1B,99,56,91,99,98.0,CPCB_BLR_Hebbal,9.343
PROP-8DB720414ECB,77,40,65,77,48.0,CPCB_BLR_BTM,14.601
PROP-7FEBAED88B19,90,49,81,90,97.0,CPCB_BLR_Hebbal,26.534
PROP-9846DBD399EA,27,15,25,27,48.3,CPCB_BLR_Hebbal,6.033
PROP-0F112E6A5A21,33,17,28,33,52.0,CPCB_BLR_BTM,18.828
PROP-74659F76F1E8,69,38,63,69,42.3,CPCB_BLR_Hebbal,16.887
PROP-E4A634446AF0,114,60,98,114,112.7,CPCB_BLR_BTM,20.26
PROP-9BB2FF54999F,61,32,53,61,63.0,CPCB_BLR_Hebbal,21.186
PROP-8168456A27DD,60,34,56,60,63.0,CPCB_BLR_Hebbal,16.887
PROP-45D3624AB043,61,32,53,61,63.0,CPCB_BLR_Hebbal,16.887
PROP-772CE5F4B001,107,55,91,107,108.7,CPCB_BLR_BTM,20.26
PROP-721CB24F52B8,77,44,72,77,47.3,CPCB_BLR_BTM,26.523
PROP-5E8B2612A1C7,33,17,28,33,52.0,CPCB_BLR_BTM,32.741
PROP-56E18B518F18,59,33,54,59,71.3,CPCB_BLR_BTM,17.209
PROP-5F2AD249503E,73,39,64,73,46.0,CPCB_BLR_BTM,6.223
PROP-33109E46D18F,58,33,54,58,68.3,CPCB_BLR_BTM,3.114
PROP-3879314D82F9,73,39,64,73,46.0,CPCB_BLR_BTM,32.741
PROP-ACA53D1062A9,61,32,53,61,63.0,CPCB_BLR_Hebbal,16.931
PROP-F647B271E4D3,107,55,91,107,108.7,CPCB_BLR_BTM,21.338
PROP-F59C21708A05,86,48,79,86,96.0,CPCB_BLR_Hebbal,19.66
PROP-A5BF3C603337,69,38,63,69,42.3,CPCB_BLR_Hebbal,14.036
PROP-5B664E732CF2,72,41,67,72,43.7,CPCB_BLR_Hebbal,16.887
PROP-F37A7FC3D42F,74,41,67,74,44.3,CPCB_BLR_Hebbal,15.638
PROP-BA00165BA618,29,16,26,29,51.3,CPCB_BLR_BTM,11.815
PROP-57C979AF07B5,68,37,61,68,70.7,CPCB_BLR_BTM,22.285
PROP-7AB08C389689,60,34,56,60,63.0,CPCB_BLR_Hebbal,17.002
PROP-0BCE5A63F79F,77,44,72,77,47.3,CPCB_BLR_BTM,15.848
PROP-8DFDF60DA2DB,59,33,54,59,71.3,CPCB_BLR_BTM,20.947
PROP-3FB96DAE3156,68,37,61,68,70.7,CPCB_BLR_BTM,17.031
PROP-D4598DE9AD0F,77,44,72,77,47.3,CPCB_BLR_BTM,16.325
PROP-D7C93697E9ED,93,50,82,93,91.7,CPCB_BLR_Hebbal,10.833
PROP-92ADE24BC13B,58,33,54,58,68.3,CPCB_BLR_BTM,24.539
PROP-8EB239A35BD7,68,37,61,68,70.7,CPCB_BLR_BTM,19.426
PROP-47E17FB9F068,77,44,72,77,47.3,CPCB_BLR_BTM,20.002
PROP-0E82F79CEC91,106,58,96,106,105.7,CPCB_BLR_BTM,20.002
PROP-D839EAD6DEA0,106,58,96,106,105.7,CPCB_BLR_BTM,16.375
PROP-9C32ECCE86E2,33,17,29,33,50.0,CPCB_BLR_Hebbal,22.803
PROP-0A0676ED7549,58,31,51,58,60.3,CPCB_BLR_Hebbal,20.103
PROP-021993314423,60,34,56,60,63.0,CPCB_BLR_Hebbal,11.86
PROP-3EB1E4B323EC,32,17,29,32,50.0,CPCB_BLR_Hebbal,11.301
PROP-4A8DD0976019,107,55,91,107,108.7,CPCB_BLR_BTM,4.703
PROP-4B104614C8CE,32,16,27,32,52.7,CPCB_BLR_BTM,14.817
PROP-3BEBCDD966CA,29,15,25,29,50.7,CPCB_BLR_Hebbal,8.948
PROP-B92BF5E9F3A0,77,40,65,77,48.0,CPCB_BLR_BTM,3.623
PROP-7CA5F460D609,73,40,65,73,45.7,CPCB_BLR_BTM,14.858
PROP-32DF66064FA0,70,38,62,70,75.0,CPCB_BLR_BTM,25.33
PROP-6F44CCDF3F9E,31,17,28,31,49.0,CPCB_BLR_Hebbal,5.113
PROP-1A26A301B187,61,32,53,61,63.0,CPCB_BLR_Hebbal,25.229
PROP-9033BB02E76B,86,48,79,86,96.0,CPCB_BLR_Hebbal,2.941
PROP-F9A6BAE5DDB9,60,34,56,60,63.0,CPCB_BLR_Hebbal,3.745
PROP-C94114B710AA,33,17,28,33,52.0,CPCB_BLR_BTM,6.791
PROP-D026A6E29EB8,75,42,69,75,47.3,CPCB_BLR_BTM,19.004
PROP-EAD72DBD128D,27,15,25,27,48.3,CPCB_BLR_Hebbal,13.202
PROP-04A488CD198B,99,56,91,99,98.0,CPCB_BLR_Hebbal,22.138
PROP-09A2FC1C658C,70,38,62,70,75.0,CPCB_BLR_BTM,6.791
PROP-0EB0EEEBA031,70,38,62,70,75.0,CPCB_BLR_BTM,9.739
PROP-8A4535AE6B4B,77,40,65,77,48.0,CPCB_BLR_BTM,12.215
PROP-85C8DD302354,33,18,29,33,53.0,CPCB_BLR_BTM,1.961
PROP-40F032D5DAB2,29,16,26,29,51.3,CPCB_BLR_BTM,15.848
PROP-E26C3D2F033F,29,16,26,29,51.3,CPCB_BLR_BTM,20.002
PROP-62AB68A0D7C2,33,17,29,33,50.0,CPCB_BLR_Hebbal,27.097
PROP-31586FFF4D1D,61,32,53,61,63.0,CPCB_BLR_Hebbal,18.234
PROP-AE6ABE2EEA94,77,40,65,77,48.0,CPCB_BLR_BTM,19.739
PROP-2479A10B46F7,67,38,62,67,43.0,CPCB_BLR_Hebbal,17.002
PROP-466FADC109DD,64,34,55,64,67.3,CPCB_BLR_BTM,14.858
PROP-37BBC33774B4,60,34,56,60,63.0,CPCB_BLR_Hebbal,26.035
PROP-546D5DD509E5,114,60,98,114,112.7,CPCB_BLR_BTM,27.038
PROP-0360BCC24774,107,55,91,107,108.7,CPCB_BLR_BTM,25.993
PROP-B97428457D11,93,50,82,93,91.7,CPCB_BLR_Hebbal,2.497
PROP-4FF1536B4FD3,58,33,54,58,68.3,CPCB_BLR_BTM,26.107
PROP-D5395F35258F,90,49,81,90,97.0,CPCB_BLR_Hebbal,5.113
PROP-1425ADB49A67,77,40,65,77,48.0,CPCB_BLR_BTM,6.468
PROP-578EDCD9BD65,58,31,51,58,60.3,CPCB_BLR_Hebbal,20.942
PROP-2B5B8DBD769E,93,50,82,93,91.7,CPCB_BLR_Hebbal,7.493
PROP-55AF5D58549F,64,34,56,64,67.3,CPCB_BLR_Hebbal,19.83
PROP-BAF8243F249D,72,41,67,72,43.7,CPCB_BLR_Hebbal,22.803
PROP-DE18434F6E92,32,17,29,32,50.0,CPCB_BLR_Hebbal,21.186
PROP-635463ED3C2B,93,50,82,93,91.7,CPCB_BLR_Hebbal,19.91
PROP-6409F54AAB2B,29,15,25,29,50.7,CPCB_BLR_Hebbal,18.218
PROP-8D57BAF62DD6,32,16,27,32,52.7,CPCB_BLR_BTM,6.791
PROP-0E9D0052547F,70,38,62,70,75.0,CPCB_BLR_BTM,6.791
PROP-B191D98E76ED,72,41,67,72,43.7,CPCB_BLR_Hebbal,10.839
PROP-13126AC7D05F,107,55,91,107,108.7,CPCB_BLR_BTM,25.016
PROP-D2D1C1A3962B,64,34,56,64,67.3,CPCB_BLR_Hebbal,18.023
PROP-530B26BDECA0,99,56,91,99,98.0,CPCB_BLR_Hebbal,5.508
PROP-31E5DB63CB31,90,49,81,90,97.0,CPCB_BLR_Hebbal,30.734
PROP-E81EB37E18BC,59,33,54,59,71.3,CPCB_BLR_BTM,6.791
PROP-BBC309D74D48,32,17,29,32,50.0,CPCB_BLR_Hebbal,8.121
PROP-A8F5F062F323,68,37,61,68,70.7,CPCB_BLR_BTM,6.791
PROP-381795E8E25A,70,38,62,70,75.0,CPCB_BLR_BTM,12.215
PROP-4EC06FDFCE9F,99,56,91,99,98.0,CPCB_BLR_Hebbal,11.86
PROP-9C302E09BB5E,35,19,31,35,59.0,CPCB_BLR_BTM,15.848
PROP-EABB1E833498,32,17,29,32,50.0,CPCB_BLR_Hebbal,18.234
PROP-B4C44F440428,29,15,25,29,50.7,CPCB_BLR_Hebbal,18.6
PROP-648E574E128C,114,60,98,114,112.7,CPCB_BLR_BTM,6.791
PROP-1DAE96093D31,69,38,63,69,42.3,CPCB_BLR_Hebbal,10.833
PROP-34A29FB82E11,27,15,25,27,48.3,CPCB_BLR_Hebbal,8.948
PROP-59143076D26D,61,32,53,61,63.0,CPCB_BLR_Hebbal,22.929
PROP-A983A289BE38,32,16,27,32,52.7,CPCB_BLR_BTM,20.26
PROP-B3A302861C58,70,38,62,70,75.0,CPCB_BLR_BTM,29.38
PROP-AFC16C21FDE0,61,32,53,61,63.0,CPCB_BLR_Hebbal,16.709
PROP-C7E7A337C3DC,93,50,82,93,91.7,CPCB_BLR_Hebbal,4.935
PROP-17308953B31E,64,34,56,64,67.3,CPCB_BLR_Hebbal,20.041
PROP-461788F56A9D,33,17,28,33,52.0,CPCB_BLR_BTM,19.426
PROP-CC44D40084D5,77,40,65,77,48.0,CPCB_BLR_BTM,26.111
PROP-D03F5B7DDE76,29,16,26,29,51.3,CPCB_BLR_BTM,16.325
PROP-A15660666258,107,55,91,107,108.7,CPCB_BLR_BTM,16.325
PROP-E17A2732FEB8,77,44,72,77,47.3,CPCB_BLR_BTM,16.958
PROP-341DC807930D,106,58,96,106,105.7,CPCB_BLR_BTM,6.791
PROP-6DB85B83CF7E,77,40,65,77,48.0,CPCB_BLR_BTM,9.725
PROP-1F260705FFC8,69,38,63,69,42.3,CPCB_BLR_Hebbal,22.182
PROP-487838313AD9,29,15,25,29,50.7,CPCB_BLR_Hebbal,11.86
PROP-06CDF74DB27A,32,17,29,32,50.0,CPCB_BLR_Hebbal,18.6
PROP-C2D038A58D86,114,60,98,114,112.7,CPCB_BLR_BTM,24.539
PROP-693DF0F31A6C,33,17,29,33,50.0,CPCB_BLR_Hebbal,13.682
PROP-FEA0BBA45032,64,34,55,64,67.3,CPCB_BLR_BTM,14.98
PROP-8DEDB7D46C17,69,38,63,69,42.3,CPCB_BLR_Hebbal,13.682
PROP-C2C41031C75F,68,37,61,68,70.7,CPCB_BLR_BTM,14.98
PROP-64542674D082,93,50,82,93,91.7,CPCB_BLR_Hebbal,2.497
PROP-299BC9A63381,75,42,69,75,47.3,CPCB_BLR_BTM,20.26
PROP-6901F0D7CD63,58,31,51,58,60.3,CPCB_BLR_Hebbal,11.524
PROP-2474844863DD,68,37,61,68,70.7,CPCB_BLR_BTM,29.38
PROP-FA0A1DDACC7A,32,16,27,32,52.7,CPCB_BLR_BTM,6.468
PROP-BBC7A6288788,77,44,72,77,47.3,CPCB_BLR_BTM,15.848
PROP-2A8DEF7A3A35,64,34,56,64,67.3,CPCB_BLR_Hebbal,25.545
PROP-2CF29FD220BC,64,34,55,64,67.3,CPCB_BLR_BTM,25.016
PROP-7E2790D8E452,32,17,29,32,50.0,CPCB_BLR_Hebbal,19.705
PROP-9A0A9FB8C395,35,19,31,35,59.0,CPCB_BLR_BTM,31.959
PROP-47BE2A821A17,99,56,91,99,98.0,CPCB_BLR_Hebbal,8.121
PROP-D03284431B92,70,38,62,70,75.0,CPCB_BLR_BTM,23.609
PROP-7124AD0F7686,32,16,27,32,52.7,CPCB_BLR_BTM,20.26
PROP-777514537905,114,60,98,114,112.7,CPCB_BLR_BTM,20.26
PROP-12DAA63051AC,58,33,54,58,68.3,CPCB_BLR_BTM,24.908
PROP-5B318ABDDC05,108,57,93,108,100.3,CPCB_BLR_BTM,1.961
PROP-BD9356A73BE2,99,56,91,99,98.0,CPCB_BLR_Hebbal,5.113
PROP-BE72621EF13D,67,38,62,67,43.0,CPCB_BLR_Hebbal,25.545
PROP-FD8D03AD50F4,33,18,29,33,53.0,CPCB_BLR_BTM,25.21
PROP-D3E038C5D9DF,31,17,28,31,49.0,CPCB_BLR_Hebbal,5.113
PROP-D503A4CAE357,68,37,61,68,70.7,CPCB_BLR_BTM,12.395
PROP-1DF6AFB37F69,58,33,54,58,68.3,CPCB_BLR_BTM,26.815
PROP-43D64B87DAB3,58,33,54,58,68.3,CPCB_BLR_BTM,7.838
PROP-0D4F5382066D,64,34,55,64,67.3,CPCB_BLR_BTM,13.313
PROP-E7AA566E0036,33,17,29,33,50.0,CPCB_BLR_Hebbal,21.528
PROP-5BC13B6F6240,108,57,93,108,100.3,CPCB_BLR_BTM,2.737
PROP-6521D7002DA4,61,32,53,61,63.0,CPCB_BLR_Hebbal,22.803
PROP-325E4B6FFFBC,74,41,67,74,44.3,CPCB_BLR_Hebbal,22.182
PROP-490E7E3D0C6A,73,40,65,73,45.7,CPCB_BLR_BTM,19.426
PROP-6E2A09457F6C,33,18,29,33,53.0,CPCB_BLR_BTM,21.338
PROP-D912889A53AD,61,32,53,61,63.0,CPCB_BLR_Hebbal,24.585
PROP-DEB0E650ADF6,61,32,53,61,63.0,CPCB_BLR_Hebbal,18.6
PROP-13402B1F43FA,33,17,28,33,52.0,CPCB_BLR_BTM,16.958
PROP-DB46A25A0311,33,17,28,33,52.0,CPCB_BLR_BTM,14.528
PROP-D8D37BD8DC6A,35,19,31,35,59.0,CPCB_BLR_BTM,14.528
PROP-71CAD600CB7C,35,19,31,35,59.0,CPCB_BLR_BTM,11.754
PROP-1D2D7912ED47,108,57,93,108,100.3,CPCB_BLR_BTM,24.539
PROP-D91D4AE660B2,72,41,67,72,43.7,CPCB_BLR_Hebbal,22.803
PROP-9ACE908C69D6,31,17,28,31,49.0,CPCB_BLR_Hebbal,7.678
PROP-2614E71E9E74,59,33,54,59,71.3,CPCB_BLR_BTM,2.15
PROP-816F216D1D97,108,57,93,108,100.3,CPCB_BLR_BTM,22.121
PROP-BA379EA29F8A,33,17,29,33,50.0,CPCB_BLR_Hebbal,22.182
PROP-9C9D09E0C3E6,27,15,25,27,48.3,CPCB_BLR_Hebbal,17.002
PROP-89D4CD57EDCD,33,17,29,33,50.0,CPCB_BLR_Hebbal,9.343
PROP-111FAEB76CBA,33,17,29,33,50.0,CPCB_BLR_Hebbal,20.765
PROP-C0EC4B1D96FE,73,39,64,73,46.0,CPCB_BLR_BTM,16.958
PROP-B33DA9C16BEF,32,17,29,32,50.0,CPCB_BLR_Hebbal,2.493
PROP-6BF2D252C2DA,90,49,81,90,97.0,CPCB_BLR_Hebbal,16.709
PROP-80D3A5FF4100,90,49,81,90,97.0,CPCB_BLR_Hebbal,13.202
PROP-61CC50130B08,72,41,67,72,43.7,CPCB_BLR_Hebbal,5.994
PROP-0C901391C25C,58,31,51,58,60.3,CPCB_BLR_Hebbal,14.746
PROP-A962FCDD9632,33,18,29,33,53.0,CPCB_BLR_BTM,18.828
PROP-62DA211A1C1F,69,38,63,69,42.3,CPCB_BLR_Hebbal,20.765
PROP-5BC55DAA10E5,58,33,54,58,68.3,CPCB_BLR_BTM,14.337
PROP-0121C77F5A4E,99,56,91,99,98.0,CPCB_BLR_Hebbal,11.504
PROP-314D3977183D,106,58,96,106,105.7,CPCB_BLR_BTM,22.121
PROP-9EADCB2B541B,75,42,69,75,47.3,CPCB_BLR_BTM,29.574
PROP-A0F16DB6A1BE,72,41,67,72,43.7,CPCB_BLR_Hebbal,13.864
PROP-503C6CF97666,35,19,31,35,59.0,CPCB_BLR_BTM,27.038
PROP-E38BEB8EC5C0,70,38,62,70,75.0,CPCB_BLR_BTM,23.609
PROP-305677A70C55,33,17,29,33,50.0,CPCB_BLR_Hebbal,29.459
PROP-C45DC18B193D,61,32,53,61,63.0,CPCB_BLR_Hebbal,17.002
PROP-7DBF5321D112,108,57,93,108,100.3,CPCB_BLR_BTM,16.952
PROP-6C745A9D5E98,69,38,63,69,42.3,CPCB_BLR_Hebbal,24.32
PROP-835EC271AAF7,93,50,82,93,91.7,CPCB_BLR_Hebbal,19.093
PROP-1BDC4918488E,27,15,25,27,48.3,CPCB_BLR_Hebbal,13.202
PROP-96E599CAD60A,107,55,91,107,108.7,CPCB_BLR_BTM,26.299
PROP-22B0F1A91A93,69,38,63,69,42.3,CPCB_BLR_Hebbal,5.833
PROP-22128895B0AD,27,15,25,27,48.3,CPCB_BLR_Hebbal,24.778
PROP-F84F89CBE06F,32,17,29,32,50.0,CPCB_BLR_Hebbal,24.778
PROP-566F75496C08,32,16,27,32,52.7,CPCB_BLR_BTM,22.466
PROP-DB22DB29A2E9,114,60,98,114,112.7,CPCB_BLR_BTM,9.725
PROP-BC837FF3F075,58,33,54,58,68.3,CPCB_BLR_BTM,10.829
PROP-8E88D43510BD,35,19,31,35,59.0,CPCB_BLR_BTM,10.829
PROP-203BC01DEC90,32,17,29,32,50.0,CPCB_BLR_Hebbal,30.531
PROP-CC1E67829850,33,17,28,33,52.0,CPCB_BLR_BTM,5.824
PROP-436720C770AC,29,16,26,29,51.3,CPCB_BLR_BTM,5.48
PROP-E65022117636,33,17,28,33,52.0,CPCB_BLR_BTM,8.699
PROP-EB3776934754,69,38,63,69,42.3,CPCB_BLR_Hebbal,21.528
PROP-07308716FD7E,61,32,53,61,63.0,CPCB_BLR_Hebbal,11.86
PROP-8DEFD37CF35A,33,17,28,33,52.0,CPCB_BLR_BTM,21.805
PROP-993CB29F18A9,33,17,29,33,50.0,CPCB_BLR_Hebbal,14.198
PROP-1BCF8879F26E,93,50,82,93,91.7,CPCB_BLR_Hebbal,30.734
PROP-DB990F4BB5CC,68,37,61,68,70.7,CPCB_BLR_BTM,3.623
PROP-4B388C46F83F,77,40,65,77,48.0,CPCB_BLR_BTM,4.187
PROP-4C35D8688E03,61,32,53,61,63.0,CPCB_BLR_Hebbal,21.528
PROP-3C8D6CD6E2D0,31,17,28,31,49.0,CPCB_BLR_Hebbal,19.787
PROP-B002BF27AF4E,114,60,98,114,112.7,CPCB_BLR_BTM,26.609
PROP-283AFCF45ADA,68,37,61,68,70.7,CPCB_BLR_BTM,21.831
PROP-A64C2496CB5D,27,15,25,27,48.3,CPCB_BLR_Hebbal,19.787
PROP-EC43C80C6226,90,49,81,90,97.0,CPCB_BLR_Hebbal,6.185
PROP-673A879CD2B7,77,44,72,77,47.3,CPCB_BLR_BTM,19.933
PROP-540CD18E8896,108,57,93,108,100.3,CPCB_BLR_BTM,31.959
PROP-789CDA94D692,61,32,53,61,63.0,CPCB_BLR_Hebbal,24.778
PROP-73B08B9A9702,106,58,96,106,105.7,CPCB_BLR_BTM,14.98
PROP-B45048629E64,31,17,28,31,49.0,CPCB_BLR_Hebbal,6.433
PROP-64DAB87B740A,60,34,56,60,63.0,CPCB_BLR_Hebbal,18.218
PROP-5A00403CB579,64,34,55,64,67.3,CPCB_BLR_BTM,10.912
PROP-A3CC9700A8E7,33,18,29,33,53.0,CPCB_BLR_BTM,5.481
PROP-B4BD41FC9D88,90,49,81,90,97.0,CPCB_BLR_Hebbal,13.864
PROP-E1F09BBE06D9,60,34,56,60,63.0,CPCB_BLR_Hebbal,20.765
PROP-09DB0D582464,35,19,31,35,59.0,CPCB_BLR_BTM,16.325
PROP-9E0499A54B31,107,55,91,107,108.7,CPCB_BLR_BTM,21.831
PROP-46DD05416648,64,34,56,64,67.3,CPCB_BLR_Hebbal,7.678
PROP-DC1270E2AAAE,58,33,54,58,68.3,CPCB_BLR_BTM,26.523
PROP-E081C68C4308,61,32,53,61,63.0,CPCB_BLR_Hebbal,11.301
PROP-493062AD276C,33,17,28,33,52.0,CPCB_BLR_BTM,26.523
PROP-26342074A021,64,34,55,64,67.3,CPCB_BLR_BTM,26.111
PROP-998936C74914,90,49,81,90,97.0,CPCB_BLR_Hebbal,15.638
PROP-69139F8D19D3,58,31,51,58,60.3,CPCB_BLR_Hebbal,10.833
PROP-56A824516E0E,58,31,51,58,60.3,CPCB_BLR_Hebbal,26.035
PROP-5D362742297B,75,42,69,75,43.7,CPCB_BLR_Hebbal,18.6
PROP-BB9D56CBD160,59,33,54,59,71.3,CPCB_BLR_BTM,16.908
PROP-2C4FC6B32994,75,42,69,75,43.7,CPCB_BLR_Hebbal,24.764
PROP-7C444CF68EF4,32,16,27,32,52.7,CPCB_BLR_BTM,13.313
PROP-F65CDB47D006,29,16,26,29,51.3,CPCB_BLR_BTM,12.927
PROP-896211F77CB8,61,32,53,61,63.0,CPCB_BLR_Hebbal,5.593
PROP-1E83425845FB,106,58,96,106,105.7,CPCB_BLR_BTM,20.925
PROP-8785216ED220,59,33,54,59,71.3,CPCB_BLR_BTM,3.114
PROP-D0F118204253,69,38,63,69,42.3,CPCB_BLR_Hebbal,14.746
PROP-7DE0F80CE62A,73,39,64,73,46.0,CPCB_BLR_BTM,5.48
PROP-946CE94986C5,75,42,69,75,47.3,CPCB_BLR_BTM,26.609
PROP-1EEEB12BB907,114,60,98,114,112.7,CPCB_BLR_BTM,15.306
PROP-F1B69165C60F,114,60,98,114,112.7,CPCB_BLR_BTM,5.824
PROP-9CC42DF26DD8,114,60,98,114,112.7,CPCB_BLR_BTM,29.605
PROP-D5552C04BB76,72,41,67,72,43.7,CPCB_BLR_Hebbal,11.524
PROP-0C8C10B9A3C1,90,49,81,90,97.0,CPCB_BLR_Hebbal,25.576
PROP-A4DCFE0EAC96,93,50,82,93,91.7,CPCB_BLR_Hebbal,5.113
PROP-1D373E240526,72,41,67,72,43.7,CPCB_BLR_Hebbal,17.726
PROP-F494730E28A9,70,38,62,70,75.0,CPCB_BLR_BTM,26.815
PROP-0E5F290C9DEE,61,32,53,61,63.0,CPCB_BLR_Hebbal,24.883
PROP-2F34A4BBC5AA,69,38,63,69,42.3,CPCB_BLR_Hebbal,17.002
PROP-ACED94DA07B7,61,32,53,61,63.0,CPCB_BLR_Hebbal,18.023
PROP-4DA933FE177D,69,38,63,69,42.3,CPCB_BLR_Hebbal,20.153
PROP-D80B0F6A35CE,58,31,51,58,60.3,CPCB_BLR_Hebbal,4.64
PROP-E083DFB6F12E,61,32,53,61,63.0,CPCB_BLR_Hebbal,24.32
PROP-945788C81012,86,48,79,86,96.0,CPCB_BLR_Hebbal,6.213
PROP-88D1573A22CE,107,55,91,107,108.7,CPCB_BLR_BTM,5.824
PROP-5B59C86825F0,32,16,27,32,52.7,CPCB_BLR_BTM,7.561
PROP-60CF1F80A886,73,40,65,73,45.7,CPCB_BLR_BTM,29.713
PROP-49736CE66FDE,29,16,26,29,51.3,CPCB_BLR_BTM,32.717
PROP-706C8B3FADF9,73,40,65,73,45.7,CPCB_BLR_BTM,7.667
PROP-9CEA864EAA31,31,17,28,31,49.0,CPCB_BLR_Hebbal,10.256
PROP-F27ED39213F1,93,50,82,93,91.7,CPCB_BLR_Hebbal,25.207
PROP-067392995ECB,33,17,28,33,52.0,CPCB_BLR_BTM,26.815
PROP-07B9DE6FA8AA,75,42,69,75,47.3,CPCB_BLR_BTM,18.573
PROP-E88DD6EC0E6F,27,15,25,27,48.3,CPCB_BLR_Hebbal,17.326
PROP-B8CC8BC9B855,86,48,79,86,96.0,CPCB_BLR_Hebbal,5.593
PROP-3E81796D99BB,93,50,82,93,91.7,CPCB_BLR_Hebbal,21.971
PROP-F97EF23F8DF2,77,44,72,77,47.3,CPCB_BLR_BTM,26.609
PROP-66DA886E4554,64,34,56,64,67.3,CPCB_BLR_Hebbal,14.901
PROP-7D7F72506758,77,44,72,77,47.3,CPCB_BLR_BTM,14.528
PROP-54AF88406B90,32,17,29,32,50.0,CPCB_BLR_Hebbal,32.495
PROP-AE774C5075CA,35,19,31,35,59.0,CPCB_BLR_BTM,11.815
PROP-95B96521509A,72,41,67,72,43.7,CPCB_BLR_Hebbal,32.495
PROP-737ACAF91D3C,75,42,69,75,43.7,CPCB_BLR_Hebbal,10.843
PROP-17C67EC9DE73,74,41,67,74,44.3,CPCB_BLR_Hebbal,11.301
PROP-027311593C98,59,33,54,59,71.3,CPCB_BLR_BTM,4.801
PROP-F77F3ABC5A34,32,17,29,32,50.0,CPCB_BLR_Hebbal,21.186
PROP-17D557164712,32,16,27,32,52.7,CPCB_BLR_BTM,27.377
PROP-C81ADD1F4F86,60,34,56,60,63.0,CPCB_BLR_Hebbal,33.648
PROP-7B4C05D8D532,106,58,96,106,105.7,CPCB_BLR_BTM,22.464
PROP-3E1BA0637E43,61,32,53,61,63.0,CPCB_BLR_Hebbal,11.504
PROP-2588D57E3F08,70,38,62,70,75.0,CPCB_BLR_BTM,5.48
PROP-84BADB93C853,58,31,51,58,60.3,CPCB_BLR_Hebbal,27.097
PROP-E88915063F54,61,32,53,61,63.0,CPCB_BLR_Hebbal,21.333
PROP-1D2C2C8B9175,33,17,29,33,50.0,CPCB_BLR_Hebbal,16.887
PROP-BC5A56D9FC6F,61,32,53,61,63.0,CPCB_BLR_Hebbal,19.91
PROP-085BCCEBECA4,77,40,65,77,48.0,CPCB_BLR_BTM,16.325
PROP-E71CA268B3AF,33,17,28,33,52.0,CPCB_BLR_BTM,2.737
PROP-96CE49B1C063,33,17,29,33,50.0,CPCB_BLR_Hebbal,8.121
PROP-27C577E56D7C,73,39,64,73,46.0,CPCB_BLR_BTM,1.961
PROP-DFA6BD8FCE49,32,17,29,32,50.0,CPCB_BLR_Hebbal,26.534
PROP-7BC9FA2C6167,32,17,29,32,50.0,CPCB_BLR_Hebbal,26.035
PROP-AE6296236410,67,38,62,67,43.0,CPCB_BLR_Hebbal,3.89
PROP-505C92B6E9B5,58,31,51,58,60.3,CPCB_BLR_Hebbal,6.213
PROP-0ED3C3CDE540,93,50,82,93,91.7,CPCB_BLR_Hebbal,25.811
PROP-6B0936BAB5AC,107,55,91,107,108.7,CPCB_BLR_BTM,24.539
PROP-3F3E5A96C82A,27,15,25,27,48.3,CPCB_BLR_Hebbal,19.66
PROP-4B132EEC6D13,75,42,69,75,43.7,CPCB_BLR_Hebbal,29.74
PROP-15C5B800C578,61,32,53,61,63.0,CPCB_BLR_Hebbal,27.097
PROP-93C6AB98D198,32,16,27,32,52.7,CPCB_BLR_BTM,6.223
PROP-5981BB81131B,31,17,28,31,49.0,CPCB_BLR_Hebbal,10.256
PROP-6A6E18C98DDF,77,40,65,77,48.0,CPCB_BLR_BTM,16.375
PROP-6DEA0788527A,31,17,28,31,49.0,CPCB_BLR_Hebbal,2.022
PROP-5F40E236B52E,64,34,55,64,67.3,CPCB_BLR_BTM,20.413
PROP-EEB0E54037A8,31,17,28,31,49.0,CPCB_BLR_Hebbal,18.218
PROP-6B66572B1AE7,68,37,61,68,70.7,CPCB_BLR_BTM,6.791
PROP-18469450D903,61,32,53,61,63.0,CPCB_BLR_Hebbal,8.163
PROP-B490AB5C5B96,27,15,25,27,48.3,CPCB_BLR_Hebbal,19.577
PROP-A1FA9A964144,61,32,53,61,63.0,CPCB_BLR_Hebbal,19.66
PROP-A22CD6853327,33,18,29,33,53.0,CPCB_BLR_BTM,12.215
PROP-977A02166A93,108,57,93,108,100.3,CPCB_BLR_BTM,25.016
PROP-F60507C8E72C,75,42,69,75,43.7,CPCB_BLR_Hebbal,21.528
PROP-4516867759D2,29,16,26,29,51.3,CPCB_BLR_BTM,7.561
PROP-0027D67BB0EE,68,37,61,68,70.7,CPCB_BLR_BTM,16.375
PROP-E066AC78869E,108,57,93,108,100.3,CPCB_BLR_BTM,11.754
PROP-0CF405B80BB2,70,38,62,70,75.0,CPCB_BLR_BTM,22.489
PROP-4EC41625DF5F,33,18,29,33,53.0,CPCB_BLR_BTM,26.609
PROP-460755B1A442,59,33,54,59,71.3,CPCB_BLR_BTM,16.958
PROP-6EBBCC38F4DA,59,33,54,59,71.3,CPCB_BLR_BTM,26.111
PROP-B4D4286FD96C,32,17,29,32,50.0,CPCB_BLR_Hebbal,27.097
PROP-F629F1259F4E,114,60,98,114,112.7,CPCB_BLR_BTM,14.272
PROP-E1B2A6122820,59,33,54,59,71.3,CPCB_BLR_BTM,16.104
PROP-3AF565194F3F,58,33,54,58,68.3,CPCB_BLR_BTM,16.375
PROP-A8EA0197F157,114,60,98,114,112.7,CPCB_BLR_BTM,20.26
PROP-203BF7DBB39B,32,16,27,32,52.7,CPCB_BLR_BTM,15.82
PROP-5D96A57E2A7C,64,34,56,64,67.3,CPCB_BLR_Hebbal,17.002
PROP-FBFA5496B77F,74,41,67,74,44.3,CPCB_BLR_Hebbal,19.093
PROP-F9C713750E26,77,44,72,77,47.3,CPCB_BLR_BTM,6.896
PROP-2287226AD709,77,44,72,77,47.3,CPCB_BLR_BTM,16.104
PROP-45A7D957EEEA,70,38,62,70,75.0,CPCB_BLR_BTM,16.104
PROP-29AD9339357A,106,58,96,106,105.7,CPCB_BLR_BTM,11.535
PROP-B02879EE23B0,93,50,82,93,91.7,CPCB_BLR_Hebbal,11.328
PROP-98EDDDB8D98C,32,16,27,32,52.7,CPCB_BLR_BTM,29.574
PROP-AA15042C7219,77,40,65,77,48.0,CPCB_BLR_BTM,20.26
PROP-111932B52EC3,33,17,29,33,50.0,CPCB_BLR_Hebbal,21.439
PROP-B1A09ADA28DF,31,17,28,31,49.0,CPCB_BLR_Hebbal,28.111
PROP-E41BE26A5D3A,107,55,91,107,108.7,CPCB_BLR_BTM,6.502
PROP-677933159E12,29,15,25,29,50.7,CPCB_BLR_Hebbal,14.143
PROP-736F0F7ECE66,32,16,27,32,52.7,CPCB_BLR_BTM,25.016
PROP-2E15CD005812,73,40,65,73,45.7,CPCB_BLR_BTM,6.896
PROP-35CE78BDB4B1,72,41,67,72,43.7,CPCB_BLR_Hebbal,23.002
PROP-1DA65EA503C4,90,49,81,90,97.0,CPCB_BLR_Hebbal,10.843
PROP-F2469D92EC15,77,40,65,77,48.0,CPCB_BLR_BTM,5.48
PROP-C100792A8F9E,75,42,69,75,47.3,CPCB_BLR_BTM,20.947
PROP-7F513831E928,107,55,91,107,108.7,CPCB_BLR_BTM,12.215
PROP-F08529A6CED0,106,58,96,106,105.7,CPCB_BLR_BTM,6.791
PROP-4BCCFD683CCA,58,33,54,58,68.3,CPCB_BLR_BTM,6.791
PROP-E88076D970F7,64,34,56,64,67.3,CPCB_BLR_Hebbal,24.739
PROP-99C8DF98B74A,59,33,54,59,71.3,CPCB_BLR_BTM,24.539
PROP-941B220C35BC,64,34,56,64,67.3,CPCB_BLR_Hebbal,22.874
PROP-368C39C1D14E,74,41,67,74,44.3,CPCB_BLR_Hebbal,14.952
PROP-D6C74FA93A75,106,58,96,106,105.7,CPCB_BLR_BTM,22.636
PROP-F4A2C42EED61,107,55,91,107,108.7,CPCB_BLR_BTM,16.375
PROP-98AAC4EB8BEF,35,19,31,35,59.0,CPCB_BLR_BTM,20.231
PROP-365AF8E25D5E,27,15,25,27,48.3,CPCB_BLR_Hebbal,14.952
PROP-4B65F4ECF3DA,75,42,69,75,43.7,CPCB_BLR_Hebbal,22.929
PROP-AD2C3BA6B8AF,86,48,79,86,96.0,CPCB_BLR_Hebbal,24.883
PROP-DA52E8FA5683,74,41,67,74,44.3,CPCB_BLR_Hebbal,17.425
PROP-AA715377617F,61,32,53,61,63.0,CPCB_BLR_Hebbal,18.142
PROP-D05385B1A1BB,75,42,69,75,47.3,CPCB_BLR_BTM,20.947
PROP-080C27F30D8B,73,39,64,73,46.0,CPCB_BLR_BTM,2.737
PROP-3885FD20B73F,99,56,91,99,98.0,CPCB_BLR_Hebbal,19.66
PROP-FA732F59DB76,72,41,67,72,43.7,CPCB_BLR_Hebbal,25.545
PROP-22C37FAAEEA0,35,19,31,35,59.0,CPCB_BLR_BTM,6.223
PROP-A86B36358206,70,38,62,70,75.0,CPCB_BLR_BTM,10.604
PROP-952C8A3AC769,27,15,25,27,48.3,CPCB_BLR_Hebbal,3.971
PROP-04592CC1A786,74,41,67,74,44.3,CPCB_BLR_Hebbal,21.333
PROP-32F8CCF20A89,68,37,61,68,70.7,CPCB_BLR_BTM,1.961
PROP-1D068F142138,29,15,25,29,50.7,CPCB_BLR_Hebbal,16.887
PROP-A20DB2C68C03,107,55,91,107,108.7,CPCB_BLR_BTM,15.468
PROP-CE30F3B7EC54,75,42,69,75,47.3,CPCB_BLR_BTM,19.912
PROP-EF60C8984AC5,75,42,69,75,47.3,CPCB_BLR_BTM,14.504
PROP-D2FA16981CDA,27,15,25,27,48.3,CPCB_BLR_Hebbal,17.002
PROP-A36A2656F40A,73,39,64,73,46.0,CPCB_BLR_BTM,12.215
PROP-804A1F482204,107,55,91,107,108.7,CPCB_BLR_BTM,29.092
PROP-8E55490792A9,31,17,28,31,49.0,CPCB_BLR_Hebbal,30.734
PROP-5D6281E98FD4,86,48,79,86,96.0,CPCB_BLR_Hebbal,8.121
PROP-9ED48146E34C,107,55,91,107,108.7,CPCB_BLR_BTM,11.514
PROP-D5B17C400F07,69,38,63,69,42.3,CPCB_BLR_Hebbal,30.734
PROP-7ECC2C869158,27,15,25,27,48.3,CPCB_BLR_Hebbal,20.765
PROP-D2BEFF90081A,70,38,62,70,75.0,CPCB_BLR_BTM,5.924
PROP-63BABEAAFB6D,31,17,28,31,49.0,CPCB_BLR_Hebbal,11.504
PROP-74CC628FFD41,58,33,54,58,68.3,CPCB_BLR_BTM,26.107
PROP-D8C96099397F,64,34,56,64,67.3,CPCB_BLR_Hebbal,7.827
PROP-E7368E0625D6,70,38,62,70,75.0,CPCB_BLR_BTM,22.489
PROP-59E1590973CA,29,15,25,29,50.7,CPCB_BLR_Hebbal,23.002
PROP-0CA1A1D3EF19,32,17,29,32,50.0,CPCB_BLR_Hebbal,14.423
PROP-FFC65310856D,77,44,72,77,47.3,CPCB_BLR_BTM,16.375
PROP-B18F0A366BEC,64,34,56,64,67.3,CPCB_BLR_Hebbal,6.009
PROP-A1A4F3F1A81C,69,38,63,69,42.3,CPCB_BLR_Hebbal,14.036
PROP-107448B5A7F5,33,17,29,33,50.0,CPCB_BLR_Hebbal,21.439
PROP-516E12AF4DC1,31,17,28,31,49.0,CPCB_BLR_Hebbal,2.497
PROP-62487C50DE9F,68,37,61,68,70.7,CPCB_BLR_BTM,17.784
PROP-FB96CE784518,35,19,31,35,59.0,CPCB_BLR_BTM,21.918
PROP-7756027E5DFD,29,16,26,29,51.3,CPCB_BLR_BTM,24.539
PROP-E26DC4AC4AFE,29,15,25,29,50.7,CPCB_BLR_Hebbal,21.439
PROP-F7AE73D7226F,73,39,64,73,46.0,CPCB_BLR_BTM,16.215
PROP-A6B882B8A335,61,32,53,61,63.0,CPCB_BLR_Hebbal,17.794
PROP-7233ADCA8D29,29,15,25,29,50.7,CPCB_BLR_Hebbal,19.66
PROP-6EF67EE7C45D,32,17,29,32,50.0,CPCB_BLR_Hebbal,13.202
PROP-E9FB481E43C2,77,40,65,77,48.0,CPCB_BLR_BTM,6.223
PROP-BC55CB85C1E6,27,15,25,27,48.3,CPCB_BLR_Hebbal,20.103
PROP-DA762AE69C22,33,17,28,33,52.0,CPCB_BLR_BTM,22.489
PROP-16F41D634EB2,73,40,65,73,45.7,CPCB_BLR_BTM,24.019
PROP-193BAFA1ED97,59,33,54,59,71.3,CPCB_BLR_BTM,25.016
PROP-388ECA168347,31,17,28,31,49.0,CPCB_BLR_Hebbal,13.213
PROP-5D29BB782C49,29,15,25,29,50.7,CPCB_BLR_Hebbal,11.504
PROP-47D2C877F3E5,33,17,29,33,50.0,CPCB_BLR_Hebbal,10.47
PROP-7B279786F156,33,17,29,33,50.0,CPCB_BLR_Hebbal,17.794
PROP-F16CD9CDFE37,27,15,25,27,48.3,CPCB_BLR_Hebbal,26.377
PROP-E2546FA81F77,64,34,55,64,67.3,CPCB_BLR_BTM,18.175
PROP-8A898B0B1934,58,31,51,58,60.3,CPCB_BLR_Hebbal,11.504
PROP-C4939E58D573,61,32,53,61,63.0,CPCB_BLR_Hebbal,20.617
PROP-F2AA264B8D16,73,39,64,73,46.0,CPCB_BLR_BTM,14.528
PROP-FFB526F9366C,106,58,96,106,105.7,CPCB_BLR_BTM,25.016
PROP-14BEF7143535,72,41,67,72,43.7,CPCB_BLR_Hebbal,3.89
PROP-EA741C18FAA7,93,50,82,93,91.7,CPCB_BLR_Hebbal,25.207
PROP-AC0BC70E61FF,93,50,82,93,91.7,CPCB_BLR_Hebbal,11.325
PROP-6E62B28DE348,86,48,79,86,96.0,CPCB_BLR_Hebbal,18.6
PROP-27513331589D,29,15,25,29,50.7,CPCB_BLR_Hebbal,18.159
PROP-B0080B54D31B,61,32,53,61,63.0,CPCB_BLR_Hebbal,26.616
PROP-D0E846C7EF0A,75,42,69,75,47.3,CPCB_BLR_BTM,20.26
PROP-713B37134582,93,50,82,93,91.7,CPCB_BLR_Hebbal,16.596
PROP-8BF37DA5F676,59,33,54,59,71.3,CPCB_BLR_BTM,26.107
PROP-19C7E955FE53,69,38,63,69,42.3,CPCB_BLR_Hebbal,6.48
PROP-09B71B11C580,77,44,72,77,47.3,CPCB_BLR_BTM,16.375
PROP-696891001472,72,41,67,72,43.7,CPCB_BLR_Hebbal,17.794
PROP-964C3102FAEB,69,38,63,69,42.3,CPCB_BLR_Hebbal,7.678
PROP-C9A0FADFB8E8,106,58,96,106,105.7,CPCB_BLR_BTM,2.15
PROP-942A1983749A,74,41,67,74,44.3,CPCB_BLR_Hebbal,6.009
PROP-66D2A6B1C158,32,16,27,32,52.7,CPCB_BLR_BTM,26.609
PROP-FF33430AF69C,61,32,53,61,63.0,CPCB_BLR_Hebbal,22.419
PROP-875CA5DC339E,33,18,29,33,53.0,CPCB_BLR_BTM,16.104
PROP-79033E001380,35,19,31,35,59.0,CPCB_BLR_BTM,16.104
PROP-76C6EC2BC2BB,114,60,98,114,112.7,CPCB_BLR_BTM,16.375
PROP-BF34EF7DEECC,108,57,93,108,100.3,CPCB_BLR_BTM,16.104
PROP-730D0BAAA164,35,19,31,35,59.0,CPCB_BLR_BTM,6.223
PROP-DB3DE001C15E,61,32,53,61,63.0,CPCB_BLR_Hebbal,16.596
PROP-A2F87FB52CA3,33,17,29,33,50.0,CPCB_BLR_Hebbal,16.596
PROP-5BF94237CA66,77,40,65,77,48.0,CPCB_BLR_BTM,5.48
PROP-3B2BD0A90DB6,33,17,28,33,52.0,CPCB_BLR_BTM,6.791
PROP-31C050DFCC1A,74,41,67,74,44.3,CPCB_BLR_Hebbal,11.281
PROP-B4F6CEC7D9A3,73,40,65,73,45.7,CPCB_BLR_BTM,25.33
PROP-43E277CC801A,75,42,69,75,43.7,CPCB_BLR_Hebbal,15.297
PROP-BADA10E731A6,69,38,63,69,42.3,CPCB_BLR_Hebbal,24.955
PROP-A1065DAB0208,27,15,25,27,48.3,CPCB_BLR_Hebbal,11.504
PROP-5BA79494D60C,33,17,29,33,50.0,CPCB_BLR_Hebbal,22.304
PROP-B5A1E1497BDC,64,34,56,64,67.3,CPCB_BLR_Hebbal,26.753
PROP-B262AF5EA3F3,93,50,82,93,91.7,CPCB_BLR_Hebbal,5.113
PROP-7CB3F00378EF,99,56,91,99,98.0,CPCB_BLR_Hebbal,11.281
PROP-F94AF2B07610,32,17,29,32,50.0,CPCB_BLR_Hebbal,5.113
PROP-A820DE9D45C0,67,38,62,67,43.0,CPCB_BLR_Hebbal,26.377
PROP-DAA6439CD80C,99,56,91,99,98.0,CPCB_BLR_Hebbal,11.504
PROP-DCA5142ABC8A,73,40,65,73,45.7,CPCB_BLR_BTM,6.223
PROP-E76FF6C195A0,32,17,29,32,50.0,CPCB_BLR_Hebbal,6.185
PROP-C24B9B7C938B,60,34,56,60,63.0,CPCB_BLR_Hebbal,9.343
PROP-25B7107E9963,27,15,25,27,48.3,CPCB_BLR_Hebbal,6.009
PROP-2F785AACB870,75,42,69,75,43.7,CPCB_BLR_Hebbal,23.544
PROP-3B0A6799747C,114,60,98,114,112.7,CPCB_BLR_BTM,2.15
PROP-A51D9E49FAE0,77,44,72,77,47.3,CPCB_BLR_BTM,10.46
PROP-B81C30CDC0B0,31,17,28,31,49.0,CPCB_BLR_Hebbal,22.803
PROP-EB0F7795E93A,72,41,67,72,43.7,CPCB_BLR_Hebbal,19.66
PROP-EC584D497F22,33,17,28,33,52.0,CPCB_BLR_BTM,25.016
PROP-9D54C2D7578A,72,41,67,72,43.7,CPCB_BLR_Hebbal,3.005
PROP-75502E246F3C,27,15,25,27,48.3,CPCB_BLR_Hebbal,11.504
PROP-329431C8833C,75,42,69,75,47.3,CPCB_BLR_BTM,14.187
PROP-F4BFAA10D3BF,75,42,69,75,43.7,CPCB_BLR_Hebbal,17.563
PROP-910A86B354EA,64,34,55,64,67.3,CPCB_BLR_BTM,21.022
PROP-142316BC7658,69,38,63,69,42.3,CPCB_BLR_Hebbal,5.113
PROP-B1A3E26A31A5,99,56,91,99,98.0,CPCB_BLR_Hebbal,16.709
PROP-4DBF34AC52AB,90,49,81,90,97.0,CPCB_BLR_Hebbal,5.113
PROP-8A3B92880ECF,31,17,28,31,49.0,CPCB_BLR_Hebbal,5.113
PROP-CEEB57C8F217,73,39,64,73,46.0,CPCB_BLR_BTM,29.574
PROP-C655596094E0,58,33,54,58,68.3,CPCB_BLR_BTM,16.375
PROP-18BD6CBA7319,64,34,55,64,67.3,CPCB_BLR_BTM,21.831
PROP-F3F0AF36CEB5,73,39,64,73,46.0,CPCB_BLR_BTM,6.468
PROP-060EB0CE5E5D,86,48,79,86,96.0,CPCB_BLR_Hebbal,30.734
PROP-BBC294B4BB89,33,17,29,33,50.0,CPCB_BLR_Hebbal,25.545
PROP-CDCB01BF45A9,106,58,96,106,105.7,CPCB_BLR_BTM,6.223
PROP-CC908701004C,35,19,31,35,59.0,CPCB_BLR_BTM,4.801
PROP-D60EB6C19181,108,57,93,108,100.3,CPCB_BLR_BTM,2.737
PROP-AA7DD4CA214A,64,34,55,64,67.3,CPCB_BLR_BTM,15.848
PROP-0D651ACE432F,32,16,27,32,52.7,CPCB_BLR_BTM,26.107
PROP-C6218E2C7473,32,17,29,32,50.0,CPCB_BLR_Hebbal,12.186
PROP-CEAAA6218846,75,42,69,75,43.7,CPCB_BLR_Hebbal,11.504
PROP-F75F987391FF,68,37,61,68,70.7,CPCB_BLR_BTM,31.959
PROP-9554FC39552B,33,17,28,33,52.0,CPCB_BLR_BTM,14.98
PROP-7FEB6B5FB126,75,42,69,75,43.7,CPCB_BLR_Hebbal,20.036
PROP-E0EEB75AB730,106,58,96,106,105.7,CPCB_BLR_BTM,3.114
PROP-0D0AFF49BDA7,77,44,72,77,47.3,CPCB_BLR_BTM,19.426
PROP-422BB53367F7,72,41,67,72,43.7,CPCB_BLR_Hebbal,17.344
PROP-BB35C118BF09,35,19,31,35,59.0,CPCB_BLR_BTM,20.947
PROP-C31A25C746A6,29,15,25,29,50.7,CPCB_BLR_Hebbal,27.383
PROP-8DD5FA1F7134,75,42,69,75,47.3,CPCB_BLR_BTM,21.297
PROP-6B61EBC66B43,58,31,51,58,60.3,CPCB_BLR_Hebbal,4.64
PROP-A0935BA79B98,72,41,67,72,43.7,CPCB_BLR_Hebbal,14.952
PROP-7AF106BFC991,75,42,69,75,43.7,CPCB_BLR_Hebbal,17.629
PROP-58AD1D4F3744,61,32,53,61,63.0,CPCB_BLR_Hebbal,12.311
PROP-2B4958354D57,29,15,25,29,50.7,CPCB_BLR_Hebbal,14.901
PROP-6EEE17A3961A,29,16,26,29,51.3,CPCB_BLR_BTM,20.26
PROP-B4E3CB234C10,93,50,82,93,91.7,CPCB_BLR_Hebbal,11.328
PROP-4FF8B12D06B2,114,60,98,114,112.7,CPCB_BLR_BTM,6.223
PROP-02CBB636AF5A,108,57,93,108,100.3,CPCB_BLR_BTM,22.638
PROP-E30D985EB363,64,34,56,64,67.3,CPCB_BLR_Hebbal,29.74
PROP-7E1318C81954,90,49,81,90,97.0,CPCB_BLR_Hebbal,17.794
PROP-641E643FE294,70,38,62,70,75.0,CPCB_BLR_BTM,31.959
PROP-1C43D42360F5,72,41,67,72,43.7,CPCB_BLR_Hebbal,5.994
PROP-942335B7E613,86,48,79,86,96.0,CPCB_BLR_Hebbal,17.794
PROP-69D748702D95,73,39,64,73,46.0,CPCB_BLR_BTM,14.071
PROP-83728736BCEA,64,34,55,64,67.3,CPCB_BLR_BTM,21.351
PROP-783EA2990971,67,38,62,67,43.0,CPCB_BLR_Hebbal,13.682
PROP-32227F559805,67,38,62,67,43.0,CPCB_BLR_Hebbal,26.534
PROP-60C3EA0DC451,74,41,67,74,44.3,CPCB_BLR_Hebbal,13.202
PROP-E97B6286DF61,58,31,51,58,60.3,CPCB_BLR_Hebbal,16.902
PROP-8C435D551FD6,75,42,69,75,47.3,CPCB_BLR_BTM,31.959
PROP-1D2E67A0CCB1,27,15,25,27,48.3,CPCB_BLR_Hebbal,24.883
PROP-E415015A7013,107,55,91,107,108.7,CPCB_BLR_BTM,25.016
PROP-C498969447F5,35,19,31,35,59.0,CPCB_BLR_BTM,16.958
PROP-15712A4F0FB2,90,49,81,90,97.0,CPCB_BLR_Hebbal,27.097
PROP-2880C3EF387A,27,15,25,27,48.3,CPCB_BLR_Hebbal,17.344
PROP-63F830F9953B,107,55,91,107,108.7,CPCB_BLR_BTM,8.644
PROP-D9ECC9A4371A,73,39,64,73,46.0,CPCB_BLR_BTM,25.202
PROP-B2BE70A659C0,29,15,25,29,50.7,CPCB_BLR_Hebbal,8.214
PROP-453880192B70,77,40,65,77,48.0,CPCB_BLR_BTM,24.539
PROP-F07D3BE3DC33,61,32,53,61,63.0,CPCB_BLR_Hebbal,19.66
PROP-B206DA88B844,32,17,29,32,50.0,CPCB_BLR_Hebbal,29.74
PROP-6095B7102970,33,17,28,33,52.0,CPCB_BLR_BTM,14.98
PROP-15BD4DD3855A,33,18,29,33,53.0,CPCB_BLR_BTM,15.587
PROP-E4B1020E038F,58,31,51,58,60.3,CPCB_BLR_Hebbal,17.002
PROP-9697CD0E473F,58,31,51,58,60.3,CPCB_BLR_Hebbal,20.765
PROP-8C164DE8F4BC,72,41,67,72,43.7,CPCB_BLR_Hebbal,32.495
PROP-DC4869CD2106,29,15,25,29,50.7,CPCB_BLR_Hebbal,11.504
PROP-B654FA7A51FE,35,19,31,35,59.0,CPCB_BLR_BTM,25.33
PROP-48A3BB461381,33,17,29,33,50.0,CPCB_BLR_Hebbal,12.311
PROP-9FE99381E5D0,86,48,79,86,96.0,CPCB_BLR_Hebbal,22.897
PROP-600E5DF84307,107,55,91,107,108.7,CPCB_BLR_BTM,5.824
PROP-19CCE9888FE7,27,15,25,27,48.3,CPCB_BLR_Hebbal,3.005
PROP-1059468461A7,31,17,28,31,49.0,CPCB_BLR_Hebbal,32.495
PROP-4E1BD6472933,77,40,65,77,48.0,CPCB_BLR_BTM,20.26
PROP-CCFC6F176B99,31,17,28,31,49.0,CPCB_BLR_Hebbal,5.508
PROP-837B82DE4BB0,61,32,53,61,63.0,CPCB_BLR_Hebbal,4.935
PROP-4A2FF94B1A45,27,15,25,27,48.3,CPCB_BLR_Hebbal,5.113
PROP-ECBE29724133,61,32,53,61,63.0,CPCB_BLR_Hebbal,16.887
PROP-84086977249E,67,38,62,67,43.0,CPCB_BLR_Hebbal,26.534
PROP-FE5C89D83284,74,41,67,74,44.3,CPCB_BLR_Hebbal,25.545
PROP-79562456DF30,72,41,67,72,43.7,CPCB_BLR_Hebbal,21.528
PROP-2F7223736C53,35,19,31,35,59.0,CPCB_BLR_BTM,25.255
PROP-FDCF1BA5D4F2,68,37,61,68,70.7,CPCB_BLR_BTM,25.968
PROP-184AB25EC4D9,33,17,29,33,50.0,CPCB_BLR_Hebbal,17.794
PROP-49CD4C5A78C6,61,32,53,61,63.0,CPCB_BLR_Hebbal,22.177
PROP-74F17D6890C6,106,58,96,106,105.7,CPCB_BLR_BTM,12.215
PROP-0D02B5A8BB5C,74,41,67,74,44.3,CPCB_BLR_Hebbal,4.64
PROP-105B6C63709E,75,42,69,75,47.3,CPCB_BLR_BTM,21.831
PROP-9093ACEF37A4,31,17,28,31,49.0,CPCB_BLR_Hebbal,14.952
PROP-AD589E2464E7,61,32,53,61,63.0,CPCB_BLR_Hebbal,16.522
PROP-694B095BB6B3,32,16,27,32,52.7,CPCB_BLR_BTM,13.79
PROP-28E712FDB87D,58,33,54,58,68.3,CPCB_BLR_BTM,16.958
PROP-12E866EBAC26,61,32,53,61,63.0,CPCB_BLR_Hebbal,29.616
PROP-44B0CD306317,67,38,62,67,43.0,CPCB_BLR_Hebbal,26.534
PROP-55492C01F01C,69,38,63,69,42.3,CPCB_BLR_Hebbal,6.347
PROP-49AC6DC0C75D,61,32,53,61,63.0,CPCB_BLR_Hebbal,7.852
PROP-35EA3FB6AEB8,58,33,54,58,68.3,CPCB_BLR_BTM,10.796
PROP-1D56B861B7B8,29,16,26,29,51.3,CPCB_BLR_BTM,22.638
PROP-9E18F727081B,31,17,28,31,49.0,CPCB_BLR_Hebbal,22.874
PROP-460EE83DE135,99,56,91,99,98.0,CPCB_BLR_Hebbal,18.6
PROP-BA8CE195C406,107,55,91,107,108.7,CPCB_BLR_BTM,26.107
PROP-08FDDD23D115,75,42,69,75,47.3,CPCB_BLR_BTM,14.858
PROP-33BBBB5FDD68,32,16,27,32,52.7,CPCB_BLR_BTM,25.016
PROP-093767D893F3,64,34,56,64,67.3,CPCB_BLR_Hebbal,26.377
PROP-05D15D803737,75,42,69,75,43.7,CPCB_BLR_Hebbal,11.504
PROP-5334F18D413C,32,17,29,32,50.0,CPCB_BLR_Hebbal,26.091
PROP-6F343EA892F8,73,40,65,73,45.7,CPCB_BLR_BTM,29.38
PROP-9538B771B9C6,32,16,27,32,52.7,CPCB_BLR_BTM,21.297
PROP-0E71D297A66D,58,31,51,58,60.3,CPCB_BLR_Hebbal,22.874
PROP-B02A3835F65E,32,16,27,32,52.7,CPCB_BLR_BTM,20.663
PROP-A44197EE1A5B,58,33,54,58,68.3,CPCB_BLR_BTM,20.583
PROP-26DA7C72A014,86,48,79,86,96.0,CPCB_BLR_Hebbal,11.86
PROP-7C1549CB335B,69,38,63,69,42.3,CPCB_BLR_Hebbal,22.465
PROP-1A1B507FC8D9,31,17,28,31,49.0,CPCB_BLR_Hebbal,18.6
PROP-086D3A1CE165,77,44,72,77,47.3,CPCB_BLR_BTM,19.426
PROP-8649EAB9D16B,73,40,65,73,45.7,CPCB_BLR_BTM,14.98
PROP-B1AD6862F5BE,58,33,54,58,68.3,CPCB_BLR_BTM,17.209
PROP-B4568C81DA88,114,60,98,114,112.7,CPCB_BLR_BTM,21.15
PROP-0BAF60D0D3C9,93,50,82,93,91.7,CPCB_BLR_Hebbal,11.328
PROP-FDB5031427CD,75,42,69,75,47.3,CPCB_BLR_BTM,4.026
PROP-26F995DC70F2,90,49,81,90,97.0,CPCB_BLR_Hebbal,23.544
PROP-D757D045DA66,33,17,29,33,50.0,CPCB_BLR_Hebbal,13.682
PROP-FD83AC90621A,64,34,56,64,67.3,CPCB_BLR_Hebbal,14.036
PROP-9ACCBA3C5350,31,17,28,31,49.0,CPCB_BLR_Hebbal,22.337
PROP-6BAA91D820C2,74,41,67,74,44.3,CPCB_BLR_Hebbal,7.43
PROP-DABDBDD10041,33,18,29,33,53.0,CPCB_BLR_BTM,14.858
PROP-58BA6FA56B72,61,32,53,61,63.0,CPCB_BLR_Hebbal,25.207
PROP-10188B41B17E,61,32,53,61,63.0,CPCB_BLR_Hebbal,22.874
PROP-72F3B398E171,86,48,79,86,96.0,CPCB_BLR_Hebbal,15.12
PROP-016204A03EFD,73,39,64,73,46.0,CPCB_BLR_BTM,21.022
PROP-4C80D133C4A8,75,42,69,75,47.3,CPCB_BLR_BTM,19.933
PROP-0E743E51814F,90,49,81,90,97.0,CPCB_BLR_Hebbal,26.534
PROP-DBBA0D7159FF,73,39,64,73,46.0,CPCB_BLR_BTM,12.215
PROP-15363A73416A,59,33,54,59,71.3,CPCB_BLR_BTM,20.663
PROP-A62BB08B602E,35,19,31,35,59.0,CPCB_BLR_BTM,12.215
PROP-5D300A072FC7,114,60,98,114,112.7,CPCB_BLR_BTM,13.79
PROP-C78BE0EB4CD7,29,16,26,29,51.3,CPCB_BLR_BTM,26.523
PROP-BDE3A1E398CC,60,34,56,60,63.0,CPCB_BLR_Hebbal,22.138
PROP-20C9EDDDA6FE,32,16,27,32,52.7,CPCB_BLR_BTM,20.663
PROP-9649B91738DF,32,17,29,32,50.0,CPCB_BLR_Hebbal,9.987
PROP-E134FCB5971E,32,17,29,32,50.0,CPCB_BLR_Hebbal,22.874
PROP-32003935ECCA,75,42,69,75,43.7,CPCB_BLR_Hebbal,18.99
PROP-A16B41F4CAA9,33,17,28,33,52.0,CPCB_BLR_BTM,25.33
PROP-7229C9721405,90,49,81,90,97.0,CPCB_BLR_Hebbal,25.545
PROP-C06482F4BDDE,60,34,56,60,63.0,CPCB_BLR_Hebbal,18.373
PROP-3197360E5F70,99,56,91,99,98.0,CPCB_BLR_Hebbal,26.534
PROP-001C37DABEA0,67,38,62,67,43.0,CPCB_BLR_Hebbal,12.186
PROP-0DDB8CB10EEE,29,16,26,29,51.3,CPCB_BLR_BTM,14.041
PROP-B3E1A50AC035,58,33,54,58,68.3,CPCB_BLR_BTM,20.26
PROP-EA18CC9C8897,58,31,51,58,60.3,CPCB_BLR_Hebbal,16.596
PROP-C3B784423DF3,33,17,29,33,50.0,CPCB_BLR_Hebbal,10.843
PROP-7BFC510B8415,33,17,28,33,52.0,CPCB_BLR_BTM,15.82
PROP-5C04EBD3B552,60,34,56,60,63.0,CPCB_BLR_Hebbal,22.419
PROP-A3FDBC9E7614,61,32,53,61,63.0,CPCB_BLR_Hebbal,23.956
PROP-FD2CF5B8432B,93,50,82,93,91.7,CPCB_BLR_Hebbal,5.113
PROP-DBC818669C58,73,40,65,73,45.7,CPCB_BLR_BTM,20.413
PROP-D855E89B86D0,33,17,29,33,50.0,CPCB_BLR_Hebbal,8.121
PROP-68CB308933C4,27,15,25,27,48.3,CPCB_BLR_Hebbal,17.563
PROP-F7420A470E82,59,33,54,59,71.3,CPCB_BLR_BTM,6.468
PROP-7BD18926BB47,33,17,28,33,52.0,CPCB_BLR_BTM,19.481
PROP-5D19E4737B26,29,16,26,29,51.3,CPCB_BLR_BTM,31.959
PROP-8648B3E01CE3,61,32,53,61,63.0,CPCB_BLR_Hebbal,26.035
PROP-FAB5F970CBDC,73,40,65,73,45.7,CPCB_BLR_BTM,6.468
PROP-98174DB95C40,58,31,51,58,60.3,CPCB_BLR_Hebbal,3.89
PROP-B13C8C53B9B1,74,41,67,74,44.3,CPCB_BLR_Hebbal,11.504
PROP-93B4A0F89DA2,33,17,29,33,50.0,CPCB_BLR_Hebbal,27.217
PROP-51907B578C3C,86,48,79,86,96.0,CPCB_BLR_Hebbal,26.611
PROP-4ADC5C804C74,72,41,67,72,43.7,CPCB_BLR_Hebbal,22.874
PROP-115119618578,75,42,69,75,47.3,CPCB_BLR_BTM,6.896
PROP-4EF6787D61C5,60,34,56,60,63.0,CPCB_BLR_Hebbal,29.74
PROP-F3A56338634E,114,60,98,114,112.7,CPCB_BLR_BTM,26.202
PROP-5F1D115FACE3,67,38,62,67,43.0,CPCB_BLR_Hebbal,27.51
PROP-EE54A164097B,77,40,65,77,48.0,CPCB_BLR_BTM,16.104
PROP-8CDBB9F8A6B0,67,38,62,67,43.0,CPCB_BLR_Hebbal,2.497
PROP-853DDE55853D,29,16,26,29,51.3,CPCB_BLR_BTM,20.278
PROP-C07FC4C080EA,60,34,56,60,63.0,CPCB_BLR_Hebbal,21.091
PROP-745A3E3A526F,90,49,81,90,97.0,CPCB_BLR_Hebbal,17.629
PROP-3D6D49D663C9,32,17,29,32,50.0,CPCB_BLR_Hebbal,17.629
PROP-054979F4F19E,32,17,29,32,50.0,CPCB_BLR_Hebbal,17.629
PROP-22F1FCDA0F6E,27,15,25,27,48.3,CPCB_BLR_Hebbal,5.113
PROP-A59BC0691D06,90,49,81,90,97.0,CPCB_BLR_Hebbal,24.314
PROP-F4002116CB09,114,60,98,114,112.7,CPCB_BLR_BTM,20.663
PROP-E4DAE8B3B1C6,31,17,28,31,49.0,CPCB_BLR_Hebbal,5.833
PROP-0510C5DDFA54,60,34,56,60,63.0,CPCB_BLR_Hebbal,16.887
PROP-54889BB8040B,75,42,69,75,47.3,CPCB_BLR_BTM,12.215
PROP-03C20950815B,64,34,55,64,67.3,CPCB_BLR_BTM,26.299
PROP-B3C51EA72327,67,38,62,67,43.0,CPCB_BLR_Hebbal,9.343
PROP-2B264EDBF567,33,18,29,33,53.0,CPCB_BLR_BTM,5.48
PROP-0155458DB515,60,34,56,60,63.0,CPCB_BLR_Hebbal,11.524
PROP-8D59033389F8,35,19,31,35,59.0,CPCB_BLR_BTM,7.838
PROP-A1D5ADCDCF91,75,42,69,75,43.7,CPCB_BLR_Hebbal,14.143
PROP-7FE9E767A83E,93,50,82,93,91.7,CPCB_BLR_Hebbal,21.022
PROP-5B035D933926,77,40,65,77,48.0,CPCB_BLR_BTM,18.573
PROP-58D795E62FDD,31,17,28,31,49.0,CPCB_BLR_Hebbal,14.036
PROP-6500EB4A567B,60,34,56,60,63.0,CPCB_BLR_Hebbal,25.545
PROP-B2B14B08C666,93,50,82,93,91.7,CPCB_BLR_Hebbal,25.545
PROP-FDC65DFBEA58,75,42,69,75,43.7,CPCB_BLR_Hebbal,29.013
PROP-696F74125977,99,56,91,99,98.0,CPCB_BLR_Hebbal,26.611
PROP-FC3961DA65DF,99,56,91,99,98.0,CPCB_BLR_Hebbal,22.138
PROP-A393A083E36C,114,60,98,114,112.7,CPCB_BLR_BTM,5.608
PROP-FCD1856D229E,61,32,53,61,63.0,CPCB_BLR_Hebbal,5.113
PROP-8A67892BFA04,59,33,54,59,71.3,CPCB_BLR_BTM,26.111
PROP-620CA9D6CF15,33,18,29,33,53.0,CPCB_BLR_BTM,29.092
PROP-7E1ABC8C0EE0,33,17,28,33,52.0,CPCB_BLR_BTM,21.599
PROP-A134B90F0272,107,55,91,107,108.7,CPCB_BLR_BTM,26.111
PROP-7AB4256654ED,72,41,67,72,43.7,CPCB_BLR_Hebbal,25.545
PROP-CF9E188B2337,33,17,28,33,52.0,CPCB_BLR_BTM,6.791
PROP-90F5159B5D01,29,16,26,29,51.3,CPCB_BLR_BTM,21.022
PROP-57D1A0FAAF44,32,16,27,32,52.7,CPCB_BLR_BTM,20.413
PROP-ECBDF559A09C,70,38,62,70,75.0,CPCB_BLR_BTM,5.121
PROP-FEE561A0CBBC,33,17,29,33,50.0,CPCB_BLR_Hebbal,19.787
PROP-C2CCC54FB287,73,40,65,73,45.7,CPCB_BLR_BTM,25.004
PROP-FED2A3A53AE2,77,44,72,77,47.3,CPCB_BLR_BTM,24.539
PROP-0BCA027C2A24,60,34,56,60,63.0,CPCB_BLR_Hebbal,21.971
PROP-F7F34ECD5605,58,31,51,58,60.3,CPCB_BLR_Hebbal,21.971
PROP-5613C2910B99,33,18,29,33,53.0,CPCB_BLR_BTM,26.107
PROP-225FBA0498AB,99,56,91,99,98.0,CPCB_BLR_Hebbal,5.119
PROP-CDC831F94FFA,93,50,82,93,91.7,CPCB_BLR_Hebbal,22.803
PROP-BB8A081A62DF,72,41,67,72,43.7,CPCB_BLR_Hebbal,22.803
PROP-15A16CD2DFC5,114,60,98,114,112.7,CPCB_BLR_BTM,20.663
PROP-4B83EA545699,35,19,31,35,59.0,CPCB_BLR_BTM,10.46
PROP-B39E7CE75F60,64,34,56,64,67.3,CPCB_BLR_Hebbal,13.016
PROP-0C3EF8787896,67,38,62,67,43.0,CPCB_BLR_Hebbal,5.593
PROP-DF1040529B1E,114,60,98,114,112.7,CPCB_BLR_BTM,14.98
PROP-80CDB98C1289,64,34,55,64,67.3,CPCB_BLR_BTM,16.958
PROP-EFCB59B31824,108,57,93,108,100.3,CPCB_BLR_BTM,13.146
PROP-97D3CD1A6372,58,33,54,58,68.3,CPCB_BLR_BTM,27.018
PROP-71E2C1E4500E,106,58,96,106,105.7,CPCB_BLR_BTM,24.539
PROP-BEC215B033B5,90,49,81,90,97.0,CPCB_BLR_Hebbal,15.308
PROP-9A392D1BCC37,58,33,54,58,68.3,CPCB_BLR_BTM,16.104
PROP-0F16ECD02A30,59,33,54,59,71.3,CPCB_BLR_BTM,17.784
PROP-F076D8204850,99,56,91,99,98.0,CPCB_BLR_Hebbal,25.545
PROP-23C19CF6EDEE,32,17,29,32,50.0,CPCB_BLR_Hebbal,21.308
PROP-0E20A2822453,75,42,69,75,47.3,CPCB_BLR_BTM,20.278
PROP-D2325D491495,73,39,64,73,46.0,CPCB_BLR_BTM,15.848
PROP-0A474D872749,99,56,91,99,98.0,CPCB_BLR_Hebbal,11.504
PROP-3357AC7D7419,58,31,51,58,60.3,CPCB_BLR_Hebbal,21.308
PROP-3973021C5F78,58,31,51,58,60.3,CPCB_BLR_Hebbal,27.51
PROP-17C57AA91DA6,32,17,29,32,50.0,CPCB_BLR_Hebbal,15.803
PROP-EB618D5062FA,58,33,54,58,68.3,CPCB_BLR_BTM,29.092
PROP-D0A1D42BF3E1,35,19,31,35,59.0,CPCB_BLR_BTM,19.325
PROP-A313D0C798E6,32,16,27,32,52.7,CPCB_BLR_BTM,4.703
PROP-15FCC57397AA,60,34,56,60,63.0,CPCB_BLR_Hebbal,16.596
PROP-7ECCA553A43D,61,32,53,61,63.0,CPCB_BLR_Hebbal,6.48
PROP-CC5FCD3CFB5E,32,16,27,32,52.7,CPCB_BLR_BTM,17.031
PROP-F261181B1A0D,70,38,62,70,75.0,CPCB_BLR_BTM,14.601
PROP-92620E6BA14A,108,57,93,108,100.3,CPCB_BLR_BTM,12.222
PROP-45EC2CC08E17,106,58,96,106,105.7,CPCB_BLR_BTM,20.278
PROP-8AE9D012163C,75,42,69,75,47.3,CPCB_BLR_BTM,6.791
PROP-E47B9AFD60AF,64,34,55,64,67.3,CPCB_BLR_BTM,6.791
PROP-0341BD2CE043,61,32,53,61,63.0,CPCB_BLR_Hebbal,14.665
PROP-339A29CF7BC6,58,31,51,58,60.3,CPCB_BLR_Hebbal,20.881
PROP-C0FD8AD07FD5,90,49,81,90,97.0,CPCB_BLR_Hebbal,14.143
PROP-C0A638E9292C,29,15,25,29,50.7,CPCB_BLR_Hebbal,26.534
PROP-1F7D5ED580CF,29,16,26,29,51.3,CPCB_BLR_BTM,22.386
PROP-263F2E567E01,107,55,91,107,108.7,CPCB_BLR_BTM,11.514
PROP-EEC287159DA7,77,40,65,77,48.0,CPCB_BLR_BTM,17.245
PROP-FF8812431EC1,77,40,65,77,48.0,CPCB_BLR_BTM,24.539
PROP-C43D83D6CD6D,58,31,51,58,60.3,CPCB_BLR_Hebbal,8.121
PROP-10B0F1EAFA44,73,39,64,73,46.0,CPCB_BLR_BTM,19.004
PROP-16F526F363B0,61,32,53,61,63.0,CPCB_BLR_Hebbal,18.234
PROP-06CBCF0708D6,61,32,53,61,63.0,CPCB_BLR_Hebbal,19.929
PROP-04F5E66A57D2,77,40,65,77,48.0,CPCB_BLR_BTM,16.104
PROP-49D4AA27222E,32,16,27,32,52.7,CPCB_BLR_BTM,12.215
PROP-05BA241020E1,31,17,28,31,49.0,CPCB_BLR_Hebbal,14.489
PROP-15DEF6A18CE1,90,49,81,90,97.0,CPCB_BLR_Hebbal,20.617
PROP-F49E28005FB2,33,18,29,33,53.0,CPCB_BLR_BTM,4.379
PROP-22D43C6298B7,31,17,28,31,49.0,CPCB_BLR_Hebbal,23.883
PROP-E3C846CCCA8A,72,41,67,72,43.7,CPCB_BLR_Hebbal,27.979
PROP-1F3E1C0C00E2,32,16,27,32,52.7,CPCB_BLR_BTM,7.528
PROP-0C1FC6D41250,75,42,69,75,43.7,CPCB_BLR_Hebbal,21.33
PROP-0A29386CB761,31,17,28,31,49.0,CPCB_BLR_Hebbal,4.935
PROP-EA49E83C84F2,64,34,55,64,67.3,CPCB_BLR_BTM,19.481
PROP-57140A2D12F7,93,50,82,93,91.7,CPCB_BLR_Hebbal,26.035
PROP-130D9900C163,32,17,29,32,50.0,CPCB_BLR_Hebbal,25.545
PROP-FC9C697D3032,59,33,54,59,71.3,CPCB_BLR_BTM,20.278
PROP-A6142B71D421,32,17,29,32,50.0,CPCB_BLR_Hebbal,17.794
PROP-8D44D58FF6C4,75,42,69,75,43.7,CPCB_BLR_Hebbal,23.883
PROP-C7A0E5B76E07,90,49,81,90,97.0,CPCB_BLR_Hebbal,17.342
PROP-AF37A4D22BF1,58,31,51,58,60.3,CPCB_BLR_Hebbal,26.377
PROP-0541E582C149,32,16,27,32,52.7,CPCB_BLR_BTM,29.092
PROP-68CE38E84140,70,38,62,70,75.0,CPCB_BLR_BTM,15.897
PROP-000ED25612B2,64,34,55,64,67.3,CPCB_BLR_BTM,10.614
PROP-814BDA6D5B91,67,38,62,67,43.0,CPCB_BLR_Hebbal,11.281
PROP-BE30581D4180,29,15,25,29,50.7,CPCB_BLR_Hebbal,22.571
PROP-3178FF53B18D,29,15,25,29,50.7,CPCB_BLR_Hebbal,8.121
PROP-E99D3173CD2E,33,17,28,33,52.0,CPCB_BLR_BTM,29.092
PROP-7E25822013F0,64,34,55,64,67.3,CPCB_BLR_BTM,17.11
PROP-F784AA0F6DD1,114,60,98,114,112.7,CPCB_BLR_BTM,20.922
PROP-8F404C6358A0,107,55,91,107,108.7,CPCB_BLR_BTM,3.114
PROP-240CD3A55659,75,42,69,75,43.7,CPCB_BLR_Hebbal,25.616
PROP-A0851D5BA6F5,77,40,65,77,48.0,CPCB_BLR_BTM,19.197
PROP-F32E2226DFF7,33,18,29,33,53.0,CPCB_BLR_BTM,15.141
PROP-6F7F87736659,60,34,56,60,63.0,CPCB_BLR_Hebbal,8.121
PROP-499BFC8A2429,64,34,56,64,67.3,CPCB_BLR_Hebbal,21.33
PROP-47040745CD36,58,31,51,58,60.3,CPCB_BLR_Hebbal,18.373
PROP-C6F54EA3EC43,58,33,54,58,68.3,CPCB_BLR_BTM,22.489
PROP-B8D5D5BB9C5E,58,31,51,58,60.3,CPCB_BLR_Hebbal,30.531
PROP-80DED29C31AA,77,44,72,77,47.3,CPCB_BLR_BTM,23.377
PROP-C01AD4302FC3,60,34,56,60,63.0,CPCB_BLR_Hebbal,15.638
PROP-523906CF5765,108,57,93,108,100.3,CPCB_BLR_BTM,4.026
PROP-60AFF85F593F,64,34,56,64,67.3,CPCB_BLR_Hebbal,26.377
PROP-9490BF440714,61,32,53,61,63.0,CPCB_BLR_Hebbal,23.544
PROP-B4150723000C,74,41,67,74,44.3,CPCB_BLR_Hebbal,23.002
PROP-965288DAA074,33,17,29,33,50.0,CPCB_BLR_Hebbal,9.209
PROP-C1EFFC79C205,29,15,25,29,50.7,CPCB_BLR_Hebbal,9.209
PROP-5BA844F7A381,58,33,54,58,68.3,CPCB_BLR_BTM,18.815
PROP-F62104D7595F,69,38,63,69,42.3,CPCB_BLR_Hebbal,25.545
PROP-C04CC8A1393D,64,34,55,64,67.3,CPCB_BLR_BTM,4.026
PROP-4DC21AFF6DE4,61,32,53,61,63.0,CPCB_BLR_Hebbal,11.281
PROP-C88DFE50F2E1,73,39,64,73,46.0,CPCB_BLR_BTM,19.481
PROP-DB4E8862E19E,74,41,67,74,44.3,CPCB_BLR_Hebbal,25.545
PROP-59ABAA0A3C6D,67,38,62,67,43.0,CPCB_BLR_Hebbal,20.027
PROP-CE308D7A96D3,69,38,63,69,42.3,CPCB_BLR_Hebbal,27.979
PROP-3334554E172C,77,40,65,77,48.0,CPCB_BLR_BTM,16.908
PROP-19678756FAFF,77,44,72,77,47.3,CPCB_BLR_BTM,5.48
PROP-AC26C9092055,64,34,55,64,67.3,CPCB_BLR_BTM,19.481
PROP-E1B1FC0B3B28,33,17,28,33,52.0,CPCB_BLR_BTM,16.534
PROP-0A2A9DF0B51A,61,32,53,61,63.0,CPCB_BLR_Hebbal,28.462
PROP-AA18FBB96184,107,55,91,107,108.7,CPCB_BLR_BTM,19.314
PROP-52D35D1D3344,75,42,69,75,47.3,CPCB_BLR_BTM,14.98
PROP-1AF1EDCEA33C,107,55,91,107,108.7,CPCB_BLR_BTM,7.561
PROP-137C2C005E7D,75,42,69,75,43.7,CPCB_BLR_Hebbal,7.655
PROP-EC3E05F3E34E,108,57,93,108,100.3,CPCB_BLR_BTM,13.769
PROP-AC99655B6102,74,41,67,74,44.3,CPCB_BLR_Hebbal,21.33
PROP-CBBC5431AF7D,75,42,69,75,47.3,CPCB_BLR_BTM,19.295
PROP-59AC81A7A0AB,74,41,67,74,44.3,CPCB_BLR_Hebbal,4.632
PROP-288440656AFA,61,32,53,61,63.0,CPCB_BLR_Hebbal,11.328
PROP-F064E463F0D9,60,34,56,60,63.0,CPCB_BLR_Hebbal,16.709
PROP-032A58DD7806,75,42,69,75,43.7,CPCB_BLR_Hebbal,21.33
PROP-0BDE70C1EBFA,58,33,54,58,68.3,CPCB_BLR_BTM,3.311
PROP-73A5EB70A413,72,41,67,72,43.7,CPCB_BLR_Hebbal,4.935
PROP-38A30F05CB7C,67,38,62,67,43.0,CPCB_BLR_Hebbal,17.121
PROP-A7F987DF0F23,99,56,91,99,98.0,CPCB_BLR_Hebbal,9.209
PROP-EB67719370B1,73,40,65,73,45.7,CPCB_BLR_BTM,4.026
PROP-4FE43E3F22F6,77,44,72,77,47.3,CPCB_BLR_BTM,22.479
PROP-56EF2D9028A8,69,38,63,69,42.3,CPCB_BLR_Hebbal,11.504
PROP-ECDD80F8CD07,27,15,25,27,48.3,CPCB_BLR_Hebbal,26.035
PROP-E5659A1AE63A,60,34,56,60,63.0,CPCB_BLR_Hebbal,19.093
PROP-9086213DDF37,106,58,96,106,105.7,CPCB_BLR_BTM,10.614
PROP-189E47AF2A43,31,17,28,31,49.0,CPCB_BLR_Hebbal,22.897
PROP-D26AF9037BF9,93,50,82,93,91.7,CPCB_BLR_Hebbal,11.524
PROP-1FD13F6AFBE5,27,15,25,27,48.3,CPCB_BLR_Hebbal,5.113
PROP-0B00810A6033,107,55,91,107,108.7,CPCB_BLR_BTM,17.784
PROP-E33ADC34FC57,68,37,61,68,70.7,CPCB_BLR_BTM,3.311
PROP-F64025C0D98A,29,16,26,29,51.3,CPCB_BLR_BTM,6.791
PROP-9BF2E6D016B8,29,15,25,29,50.7,CPCB_BLR_Hebbal,5.508
PROP-BB0E45253E1F,108,57,93,108,100.3,CPCB_BLR_BTM,8.78
PROP-4A46646C1E3C,64,34,56,64,67.3,CPCB_BLR_Hebbal,11.91
PROP-CE8D2F682E48,58,33,54,58,68.3,CPCB_BLR_BTM,13.103
PROP-1DF5B5832D90,67,38,62,67,43.0,CPCB_BLR_Hebbal,7.827
PROP-3F39132C6BD5,35,19,31,35,59.0,CPCB_BLR_BTM,19.783
PROP-23C9F8A42406,33,17,28,33,52.0,CPCB_BLR_BTM,14.041
PROP-AF67F205F837,74,41,67,74,44.3,CPCB_BLR_Hebbal,5.113
PROP-8FBB34A4498F,70,38,62,70,75.0,CPCB_BLR_BTM,0.951
PROP-323BB34E2E3D,64,34,56,64,67.3,CPCB_BLR_Hebbal,5.508
PROP-B2FE6459E402,90,49,81,90,97.0,CPCB_BLR_Hebbal,8.163
PROP-75CCDB91A9E5,58,33,54,58,68.3,CPCB_BLR_BTM,11.825
PROP-B28EDFE12B58,75,42,69,75,43.7,CPCB_BLR_Hebbal,12.311
PROP-DBEE29CD9235,61,32,53,61,63.0,CPCB_BLR_Hebbal,32.495
PROP-0CFC21EB2047,73,39,64,73,46.0,CPCB_BLR_BTM,4.026
PROP-778A43948E4D,108,57,93,108,100.3,CPCB_BLR_BTM,19.649
PROP-B23FB7F46234,90,49,81,90,97.0,CPCB_BLR_Hebbal,19.929
PROP-4619D51139E5,29,16,26,29,51.3,CPCB_BLR_BTM,14.041
PROP-8CFD4FBBED6F,108,57,93,108,100.3,CPCB_BLR_BTM,21.418
PROP-0CB2D2F633B0,75,42,69,75,43.7,CPCB_BLR_Hebbal,12.735
PROP-F6F51A48AA7C,99,56,91,99,98.0,CPCB_BLR_Hebbal,11.86
PROP-EDF63CB83482,64,34,56,64,67.3,CPCB_BLR_Hebbal,16.522
PROP-1DDE576F3606,77,44,72,77,47.3,CPCB_BLR_BTM,1.961
PROP-AA3A9D5B6B6B,73,40,65,73,45.7,CPCB_BLR_BTM,16.375
PROP-E5F16BB0D4F8,70,38,62,70,75.0,CPCB_BLR_BTM,19.872
PROP-8F9A151DB3AA,29,15,25,29,50.7,CPCB_BLR_Hebbal,20.765
PROP-18BD85E16EB4,72,41,67,72,43.7,CPCB_BLR_Hebbal,21.229
PROP-4852EC492172,29,16,26,29,51.3,CPCB_BLR_BTM,13.79
PROP-092A66D2AF15,61,32,53,61,63.0,CPCB_BLR_Hebbal,16.522
PROP-9FD616856EEB,59,33,54,59,71.3,CPCB_BLR_BTM,5.481
PROP-3337560DB7B0,35,19,31,35,59.0,CPCB_BLR_BTM,6.791
PROP-4F8F4B91C623,35,19,31,35,59.0,CPCB_BLR_BTM,16.888
PROP-2EADB8FDE073,58,31,51,58,60.3,CPCB_BLR_Hebbal,13.682
PROP-133371EBED09,64,34,56,64,67.3,CPCB_BLR_Hebbal,5.508
PROP-E905984C6E7F,70,38,62,70,75.0,CPCB_BLR_BTM,19.649
PROP-FC50C7414FF7,67,38,62,67,43.0,CPCB_BLR_Hebbal,19.787
PROP-815E0DE77A6F,106,58,96,106,105.7,CPCB_BLR_BTM,16.104
PROP-5AB9791CFD43,58,31,51,58,60.3,CPCB_BLR_Hebbal,14.036
PROP-2141474E1066,33,18,29,33,53.0,CPCB_BLR_BTM,18.858
PROP-7F74A677D89C,35,19,31,35,59.0,CPCB_BLR_BTM,19.325
PROP-0C70CF2AEF18,60,34,56,60,63.0,CPCB_BLR_Hebbal,6.48
PROP-07DE3D5D8A51,58,31,51,58,60.3,CPCB_BLR_Hebbal,7.07
PROP-D5E71FCB5A8C,61,32,53,61,63.0,CPCB_BLR_Hebbal,14.566
PROP-D973B69633CF,77,44,72,77,47.3,CPCB_BLR_BTM,6.791
PROP-938C245DF67A,108,57,93,108,100.3,CPCB_BLR_BTM,21.599
PROP-CDB0CCEFD8D7,32,16,27,32,52.7,CPCB_BLR_BTM,14.272
PROP-C107BBCA89C9,99,56,91,99,98.0,CPCB_BLR_Hebbal,26.534
PROP-AA78B87DB0D8,35,19,31,35,59.0,CPCB_BLR_BTM,10.46
PROP-B2BD4E3603E1,75,42,69,75,43.7,CPCB_BLR_Hebbal,11.281
PROP-EEE02F4FDB5A,33,17,29,33,50.0,CPCB_BLR_Hebbal,23.002
PROP-D4FCE0EFA686,99,56,91,99,98.0,CPCB_BLR_Hebbal,26.534
PROP-7662E1D4ED05,35,19,31,35,59.0,CPCB_BLR_BTM,6.791
PROP-6AB9751D0451,33,18,29,33,53.0,CPCB_BLR_BTM,6.791
PROP-0597AD994E52,27,15,25,27,48.3,CPCB_BLR_Hebbal,22.304
PROP-CEEDE1E53F4B,61,32,53,61,63.0,CPCB_BLR_Hebbal,19.093
PROP-E1C449587EA4,77,40,65,77,48.0,CPCB_BLR_BTM,20.26
PROP-5816D44FE2DB,31,17,28,31,49.0,CPCB_BLR_Hebbal,21.022
PROP-5D19270D8563,106,58,96,106,105.7,CPCB_BLR_BTM,21.733
PROP-4A4C2AFF1963,93,50,82,93,91.7,CPCB_BLR_Hebbal,22.803
PROP-3C992F2F9AA5,64,34,56,64,67.3,CPCB_BLR_Hebbal,11.301
PROP-D4D4E2F3EB0C,61,32,53,61,63.0,CPCB_BLR_Hebbal,9.987
PROP-FF536C1F780F,86,48,79,86,96.0,CPCB_BLR_Hebbal,22.803
PROP-594EE691AEC8,58,33,54,58,68.3,CPCB_BLR_BTM,13.79
PROP-4171F82AE391,33,17,29,33,50.0,CPCB_BLR_Hebbal,15.466
PROP-98BB6B346D7A,99,56,91,99,98.0,CPCB_BLR_Hebbal,5.508
PROP-0CA335DACF6B,86,48,79,86,96.0,CPCB_BLR_Hebbal,19.093
PROP-4756A66B841A,114,60,98,114,112.7,CPCB_BLR_BTM,20.002
PROP-A3A1858E753A,33,17,28,33,52.0,CPCB_BLR_BTM,12.222
PROP-37BBDF819BC3,29,16,26,29,51.3,CPCB_BLR_BTM,32.741
PROP-7177F8BF160A,64,34,56,64,67.3,CPCB_BLR_Hebbal,7.762
PROP-1EF26093DE56,70,38,62,70,75.0,CPCB_BLR_BTM,20.922
PROP-575A3EC3FF95,64,34,55,64,67.3,CPCB_BLR_BTM,4.801
PROP-513B18CCF3E6,58,31,51,58,60.3,CPCB_BLR_Hebbal,22.419
PROP-342AE20BB502,33,17,29,33,50.0,CPCB_BLR_Hebbal,7.852
PROP-6D8332997D68,58,31,51,58,60.3,CPCB_BLR_Hebbal,9.459
PROP-C01B4B736A4B,73,39,64,73,46.0,CPCB_BLR_BTM,6.223
PROP-06B25D617F21,114,60,98,114,112.7,CPCB_BLR_BTM,18.743
PROP-7BCAC73F30F9,64,34,55,64,67.3,CPCB_BLR_BTM,4.801
PROP-187FFC381A62,75,42,69,75,43.7,CPCB_BLR_Hebbal,17.342
PROP-80FC44194586,108,57,93,108,100.3,CPCB_BLR_BTM,26.897
PROP-EB4D4DDC0679,33,17,28,33,52.0,CPCB_BLR_BTM,19.649
PROP-5B6AAD1852D4,27,15,25,27,48.3,CPCB_BLR_Hebbal,25.084
PROP-A79A6858CB20,59,33,54,59,71.3,CPCB_BLR_BTM,10.614
PROP-81AB880D8B22,64,34,55,64,67.3,CPCB_BLR_BTM,4.703
PROP-30D0CF26DD05,74,41,67,74,44.3,CPCB_BLR_Hebbal,16.887
PROP-122606CEF397,27,15,25,27,48.3,CPCB_BLR_Hebbal,19.093
PROP-BFDA62968ACF,35,19,31,35,59.0,CPCB_BLR_BTM,16.958
PROP-56723840669E,27,15,25,27,48.3,CPCB_BLR_Hebbal,3.005
PROP-CCEC3D806AFD,35,19,31,35,59.0,CPCB_BLR_BTM,11.754
PROP-2DC5E5F1DCF0,61,32,53,61,63.0,CPCB_BLR_Hebbal,13.525
PROP-23629863AED7,75,42,69,75,43.7,CPCB_BLR_Hebbal,3.89
PROP-8FDB97EEA141,60,34,56,60,63.0,CPCB_BLR_Hebbal,20.765
PROP-B9C8173BFD17,33,18,29,33,53.0,CPCB_BLR_BTM,14.504
PROP-0E161ABE058B,69,38,63,69,42.3,CPCB_BLR_Hebbal,3.005
PROP-40F9A99B2A62,69,38,63,69,42.3,CPCB_BLR_Hebbal,9.908
PROP-6A9055291F39,73,40,65,73,45.7,CPCB_BLR_BTM,24.539
PROP-3FDB0B60065A,75,42,69,75,47.3,CPCB_BLR_BTM,20.26
PROP-6DCD26073E85,33,17,28,33,52.0,CPCB_BLR_BTM,1.961
PROP-0AF5E39915FD,29,16,26,29,51.3,CPCB_BLR_BTM,21.831
PROP-DC69AF04A33F,31,17,28,31,49.0,CPCB_BLR_Hebbal,18.6
PROP-1034DF295B92,35,19,31,35,59.0,CPCB_BLR_BTM,15.897
PROP-856B6A511CF9,73,40,65,73,45.7,CPCB_BLR_BTM,16.325
PROP-2A877C7E1101,64,34,55,64,67.3,CPCB_BLR_BTM,21.418
PROP-BB595184A07D,69,38,63,69,42.3,CPCB_BLR_Hebbal,11.281
PROP-1CEA186FC8F7,33,17,29,33,50.0,CPCB_BLR_Hebbal,4.64
PROP-15391CA6BA8D,67,38,62,67,43.0,CPCB_BLR_Hebbal,7.762
PROP-2EDFFACCDF72,58,33,54,58,68.3,CPCB_BLR_BTM,22.636
PROP-5D752089E17C,68,37,61,68,70.7,CPCB_BLR_BTM,19.783
PROP-D4520EA66910,99,56,91,99,98.0,CPCB_BLR_Hebbal,24.739
PROP-8545A04FA862,114,60,98,114,112.7,CPCB_BLR_BTM,25.016
PROP-14DB21AD6AC9,99,56,91,99,98.0,CPCB_BLR_Hebbal,19.093
PROP-3C05DF96E64E,75,42,69,75,47.3,CPCB_BLR_BTM,20.002
PROP-97E03B22378B,29,15,25,29,50.7,CPCB_BLR_Hebbal,22.97
PROP-2B47359F223D,74,41,67,74,44.3,CPCB_BLR_Hebbal,26.534
PROP-45F692517CCC,69,38,63,69,42.3,CPCB_BLR_Hebbal,12.311
PROP-2575E406E6ED,73,39,64,73,46.0,CPCB_BLR_BTM,25.512
PROP-8172B7F0E4B3,77,44,72,77,47.3,CPCB_BLR_BTM,14.858
PROP-BD59154C1C02,59,33,54,59,71.3,CPCB_BLR_BTM,14.858
PROP-059DB4006AC0,106,58,96,106,105.7,CPCB_BLR_BTM,9.736
PROP-84754AF80244,74,41,67,74,44.3,CPCB_BLR_Hebbal,16.887
PROP-7FB6E1E9AB27,58,31,51,58,60.3,CPCB_BLR_Hebbal,26.534
PROP-BB2F61E74463,114,60,98,114,112.7,CPCB_BLR_BTM,16.375
PROP-323338C16857,33,18,29,33,53.0,CPCB_BLR_BTM,26.107
PROP-D5267CD95B5E,35,19,31,35,59.0,CPCB_BLR_BTM,16.375
PROP-7AB70D90D766,58,33,54,58,68.3,CPCB_BLR_BTM,26.202
PROP-88A858863D08,72,41,67,72,43.7,CPCB_BLR_Hebbal,20.9
PROP-CE6A3427554C,70,38,62,70,75.0,CPCB_BLR_BTM,5.824
PROP-1A63C13254E9,73,39,64,73,46.0,CPCB_BLR_BTM,23.608
PROP-50F45721AD61,99,56,91,99,98.0,CPCB_BLR_Hebbal,21.175
PROP-76C80522386B,29,15,25,29,50.7,CPCB_BLR_Hebbal,11.504
PROP-D8ADC46AAB94,74,41,67,74,44.3,CPCB_BLR_Hebbal,19.093
PROP-45C7DB90ED8E,58,31,51,58,60.3,CPCB_BLR_Hebbal,19.093
PROP-3D613D55AFB2,68,37,61,68,70.7,CPCB_BLR_BTM,21.022
PROP-94660FD8BECA,60,34,56,60,63.0,CPCB_BLR_Hebbal,10.833
PROP-637E06D9C680,33,18,29,33,53.0,CPCB_BLR_BTM,14.757
PROP-FE3587544E90,64,34,55,64,67.3,CPCB_BLR_BTM,25.016
PROP-EFC306AA75F2,73,40,65,73,45.7,CPCB_BLR_BTM,6.791
PROP-872753E3D4E0,75,42,69,75,47.3,CPCB_BLR_BTM,19.197
PROP-EB179A1538DE,106,58,96,106,105.7,CPCB_BLR_BTM,21.418
PROP-E85B35A14AD7,106,58,96,106,105.7,CPCB_BLR_BTM,15.848
PROP-788A8C4642E4,90,49,81,90,97.0,CPCB_BLR_Hebbal,18.159
PROP-886A8452EFE8,90,49,81,90,97.0,CPCB_BLR_Hebbal,10.833
PROP-F44A47B3ECBB,32,16,27,32,52.7,CPCB_BLR_BTM,20.002
PROP-3F896EE744D8,114,60,98,114,112.7,CPCB_BLR_BTM,2.737
PROP-16FE421CD359,60,34,56,60,63.0,CPCB_BLR_Hebbal,3.89
PROP-7AB7CE884A3F,33,18,29,33,53.0,CPCB_BLR_BTM,21.831
PROP-EDC28E0756EB,72,41,67,72,43.7,CPCB_BLR_Hebbal,7.43
PROP-5C6155D2F1B7,58,31,51,58,60.3,CPCB_BLR_Hebbal,12.482
PROP-CBF1CA05BA23,69,38,63,69,42.3,CPCB_BLR_Hebbal,16.887
PROP-8F23576DE15A,73,39,64,73,46.0,CPCB_BLR_BTM,15.848
PROP-5A10B3C5F85B,77,40,65,77,48.0,CPCB_BLR_BTM,5.924
PROP-C830CB139CB2,72,41,67,72,43.7,CPCB_BLR_Hebbal,21.175
PROP-C758BCBFC706,58,31,51,58,60.3,CPCB_BLR_Hebbal,27.979
PROP-B87D2EC8B069,86,48,79,86,96.0,CPCB_BLR_Hebbal,3.745
PROP-25DC8F4C8877,29,15,25,29,50.7,CPCB_BLR_Hebbal,2.493
PROP-7D828527BF65,27,15,25,27,48.3,CPCB_BLR_Hebbal,5.508
PROP-F98B6D58BE23,58,31,51,58,60.3,CPCB_BLR_Hebbal,30.734
PROP-DBA66185510A,31,17,28,31,49.0,CPCB_BLR_Hebbal,23.002
PROP-2FFAAB46D3F2,75,42,69,75,47.3,CPCB_BLR_BTM,16.375
PROP-8856A3E303D8,60,34,56,60,63.0,CPCB_BLR_Hebbal,32.495
PROP-AB8FB173D510,61,32,53,61,63.0,CPCB_BLR_Hebbal,2.497
PROP-5B85BF0D493D,61,32,53,61,63.0,CPCB_BLR_Hebbal,27.51
PROP-AD1C2496FA78,99,56,91,99,98.0,CPCB_BLR_Hebbal,6.347
PROP-3D3460D6B89E,61,32,53,61,63.0,CPCB_BLR_Hebbal,11.301
PROP-4F7C9DE1C762,114,60,98,114,112.7,CPCB_BLR_BTM,31.959
PROP-2792A52029ED,32,17,29,32,50.0,CPCB_BLR_Hebbal,26.534
PROP-7035F18B1E70,58,31,51,58,60.3,CPCB_BLR_Hebbal,5.508
PROP-8E634BC67AAD,58,33,54,58,68.3,CPCB_BLR_BTM,17.11
PROP-CD1776FEF357,106,58,96,106,105.7,CPCB_BLR_BTM,20.947
PROP-0FDB3B6F821B,75,42,69,75,43.7,CPCB_BLR_Hebbal,6.185
PROP-D6614DC6D78D,77,44,72,77,47.3,CPCB_BLR_BTM,6.791
PROP-2F729142682A,60,34,56,60,63.0,CPCB_BLR_Hebbal,5.508
PROP-702747152B1F,29,15,25,29,50.7,CPCB_BLR_Hebbal,30.531
PROP-1C1698312C8D,32,16,27,32,52.7,CPCB_BLR_BTM,20.922
PROP-0FD4DF4E3852,64,34,56,64,67.3,CPCB_BLR_Hebbal,18.167
PROP-F89F10DED77B,93,50,82,93,91.7,CPCB_BLR_Hebbal,23.002
PROP-C31CB5E92286,35,19,31,35,59.0,CPCB_BLR_BTM,2.15
PROP-3C3E3A1482E3,70,38,62,70,75.0,CPCB_BLR_BTM,2.737
PROP-BDCB6BD9C9F6,31,17,28,31,49.0,CPCB_BLR_Hebbal,21.175
PROP-509E8D64ED20,75,42,69,75,47.3,CPCB_BLR_BTM,4.801
PROP-6B1B4B888525,73,39,64,73,46.0,CPCB_BLR_BTM,13.79
PROP-2AB67264A1F0,61,32,53,61,63.0,CPCB_BLR_Hebbal,15.667
PROP-507D30A0CC70,33,17,29,33,50.0,CPCB_BLR_Hebbal,5.508
PROP-9B3CC7C1BCB5,77,44,72,77,47.3,CPCB_BLR_BTM,14.041
PROP-ABE3924F01B7,108,57,93,108,100.3,CPCB_BLR_BTM,22.489
PROP-57DA355A2692,107,55,91,107,108.7,CPCB_BLR_BTM,19.426
PROP-56D575EC93AD,106,58,96,106,105.7,CPCB_BLR_BTM,26.107
PROP-C55A0D7ECD53,61,32,53,61,63.0,CPCB_BLR_Hebbal,17.002
PROP-02822F4AA50A,107,55,91,107,108.7,CPCB_BLR_BTM,6.502
PROP-70BB33920137,33,17,29,33,50.0,CPCB_BLR_Hebbal,11.86
PROP-A1C71071FC3E,77,44,72,77,47.3,CPCB_BLR_BTM,21.418
PROP-7F2DD413A38C,72,41,67,72,43.7,CPCB_BLR_Hebbal,16.887
PROP-B75905358CEE,68,37,61,68,70.7,CPCB_BLR_BTM,10.614
PROP-5C5DF248FA35,58,33,54,58,68.3,CPCB_BLR_BTM,13.769
PROP-BD0F4A1C22B0,72,41,67,72,43.7,CPCB_BLR_Hebbal,2.022
PROP-2CAD8E842F4D,75,42,69,75,47.3,CPCB_BLR_BTM,19.933
PROP-6AF9BB765EC5,67,38,62,67,43.0,CPCB_BLR_Hebbal,3.89
PROP-4B4A25E223FC,33,18,29,33,53.0,CPCB_BLR_BTM,29.605
PROP-2953E133E896,107,55,91,107,108.7,CPCB_BLR_BTM,21.831
PROP-EB165B2603B3,70,38,62,70,75.0,CPCB_BLR_BTM,29.092
PROP-6D5B5A15D220,107,55,91,107,108.7,CPCB_BLR_BTM,11.754
PROP-992DBB7D707E,33,17,28,33,52.0,CPCB_BLR_BTM,3.623
PROP-E1FA2623BAD7,77,44,72,77,47.3,CPCB_BLR_BTM,26.107
PROP-92505560622E,74,41,67,74,44.3,CPCB_BLR_Hebbal,22.874
PROP-63506EB3794C,31,17,28,31,49.0,CPCB_BLR_Hebbal,26.616
PROP-345DE124DBB5,77,44,72,77,47.3,CPCB_BLR_BTM,22.489
PROP-7D8D065FA8EF,64,34,56,64,67.3,CPCB_BLR_Hebbal,22.337
PROP-92FC0200E39D,75,42,69,75,47.3,CPCB_BLR_BTM,14.98
PROP-1386E0282A51,64,34,55,64,67.3,CPCB_BLR_BTM,25.21
PROP-51C0F9C9DD02,90,49,81,90,97.0,CPCB_BLR_Hebbal,14.143
PROP-DEB94CB75BE4,32,16,27,32,52.7,CPCB_BLR_BTM,6.896
PROP-C8E208F6009A,64,34,56,64,67.3,CPCB_BLR_Hebbal,32.495
PROP-057D8E3FC5BA,67,38,62,67,43.0,CPCB_BLR_Hebbal,32.495
PROP-246C706C4265,72,41,67,72,43.7,CPCB_BLR_Hebbal,8.037
PROP-F164903FB494,31,17,28,31,49.0,CPCB_BLR_Hebbal,25.084
PROP-55719E10D12B,32,16,27,32,52.7,CPCB_BLR_BTM,25.202
PROP-D18B6DE9CE0D,35,19,31,35,59.0,CPCB_BLR_BTM,24.908
PROP-7B2B8342FC86,69,38,63,69,42.3,CPCB_BLR_Hebbal,16.887
PROP-2CB43682478C,108,57,93,108,100.3,CPCB_BLR_BTM,24.539
PROP-16D78D022184,61,32,53,61,63.0,CPCB_BLR_Hebbal,20.103
PROP-4FF6D38EF728,61,32,53,61,63.0,CPCB_BLR_Hebbal,25.545
PROP-346C569C13C8,72,41,67,72,43.7,CPCB_BLR_Hebbal,11.86
PROP-9728D2DB9FB3,106,58,96,106,105.7,CPCB_BLR_BTM,9.725
PROP-265C17B93C25,33,18,29,33,53.0,CPCB_BLR_BTM,28.9
PROP-CFE1BA6871EA,67,38,62,67,43.0,CPCB_BLR_Hebbal,3.745
PROP-F72CA8EEF67D,33,17,29,33,50.0,CPCB_BLR_Hebbal,25.545
PROP-FEE70FE515D5,73,40,65,73,45.7,CPCB_BLR_BTM,4.703
PROP-2E8B2C5107D0,86,48,79,86,96.0,CPCB_BLR_Hebbal,8.846
PROP-01311BC1A16F,31,17,28,31,49.0,CPCB_BLR_Hebbal,16.887
PROP-FAB7AF2D93BB,29,15,25,29,50.7,CPCB_BLR_Hebbal,19.093
PROP-E83797C444F3,64,34,55,64,67.3,CPCB_BLR_BTM,26.609
PROP-E175A56E8BF1,69,38,63,69,42.3,CPCB_BLR_Hebbal,29.616
PROP-1B75C9C2E829,64,34,56,64,67.3,CPCB_BLR_Hebbal,22.211
PROP-763F6C6E0520,32,17,29,32,50.0,CPCB_BLR_Hebbal,8.948
PROP-CE22265D659C,75,42,69,75,43.7,CPCB_BLR_Hebbal,11.86
PROP-0A9663B87B9F,58,33,54,58,68.3,CPCB_BLR_BTM,16.215
PROP-02FEAC0596D3,32,16,27,32,52.7,CPCB_BLR_BTM,14.528
PROP-C84F060AFA00,32,16,27,32,52.7,CPCB_BLR_BTM,20.663
PROP-3E36F05B7D50,60,34,56,60,63.0,CPCB_BLR_Hebbal,4.738
PROP-032D67A9FB9C,93,50,82,93,91.7,CPCB_BLR_Hebbal,11.504
PROP-C1464B155C1B,77,44,72,77,47.3,CPCB_BLR_BTM,22.489
PROP-BE164A376CB6,67,38,62,67,43.0,CPCB_BLR_Hebbal,16.811
PROP-C7C0D748CD3A,33,18,29,33,53.0,CPCB_BLR_BTM,23.609
PROP-54990128B7F3,33,18,29,33,53.0,CPCB_BLR_BTM,20.278
PROP-D3DE585BE9BE,73,39,64,73,46.0,CPCB_BLR_BTM,2.15
PROP-723051AA7C5C,33,18,29,33,53.0,CPCB_BLR_BTM,21.418
PROP-63288B83AFED,35,19,31,35,59.0,CPCB_BLR_BTM,22.066
PROP-4DA670E7004C,74,41,67,74,44.3,CPCB_BLR_Hebbal,19.66
PROP-4B9C8164D185,73,40,65,73,45.7,CPCB_BLR_BTM,15.141
PROP-E151B304F88E,93,50,82,93,91.7,CPCB_BLR_Hebbal,19.705
PROP-577DB5BC6FF7,64,34,56,64,67.3,CPCB_BLR_Hebbal,8.121
PROP-95101F1462F8,106,58,96,106,105.7,CPCB_BLR_BTM,21.831
PROP-BBA61AD88959,68,37,61,68,70.7,CPCB_BLR_BTM,24.539
PROP-B8B688DC9464,32,17,29,32,50.0,CPCB_BLR_Hebbal,6.48
PROP-6849FA00EDB7,77,40,65,77,48.0,CPCB_BLR_BTM,19.314
PROP-E7AA6DAF8211,33,18,29,33,53.0,CPCB_BLR_BTM,22.121
PROP-1EB400C6DF22,32,17,29,32,50.0,CPCB_BLR_Hebbal,14.143
PROP-8F1B19DC0C93,31,17,28,31,49.0,CPCB_BLR_Hebbal,17.794
PROP-8684E7F7CF57,33,17,28,33,52.0,CPCB_BLR_BTM,15.82
PROP-ACA686B519FF,61,32,53,61,63.0,CPCB_BLR_Hebbal,6.185
PROP-F04FDD52F160,29,15,25,29,50.7,CPCB_BLR_Hebbal,3.061
PROP-DB4C20852C26,86,48,79,86,96.0,CPCB_BLR_Hebbal,23.544
PROP-78B1E48E26E1,60,34,56,60,63.0,CPCB_BLR_Hebbal,10.833
PROP-FAB52FCADBB0,32,16,27,32,52.7,CPCB_BLR_BTM,20.947
PROP-B29C1215EF95,33,17,29,33,50.0,CPCB_BLR_Hebbal,16.592
PROP-2F883D206272,61,32,53,61,63.0,CPCB_BLR_Hebbal,2.497
PROP-F6EF4CBFA712,70,38,62,70,75.0,CPCB_BLR_BTM,20.947
PROP-0BBE63F1E20D,32,16,27,32,52.7,CPCB_BLR_BTM,15.141
PROP-E462D063CC11,61,32,53,61,63.0,CPCB_BLR_Hebbal,2.497
PROP-1F16A2CAE54F,106,58,96,106,105.7,CPCB_BLR_BTM,24.539
PROP-B904BEEAFB82,31,17,28,31,49.0,CPCB_BLR_Hebbal,14.901
PROP-C568A8878805,33,17,28,33,52.0,CPCB_BLR_BTM,19.197
PROP-B199E96CA7D3,74,41,67,74,44.3,CPCB_BLR_Hebbal,7.762
PROP-A5D7CF4D7FFA,60,34,56,60,63.0,CPCB_BLR_Hebbal,8.948
PROP-DD3A60895E19,72,41,67,72,43.7,CPCB_BLR_Hebbal,21.175
PROP-814ED93E045A,107,55,91,107,108.7,CPCB_BLR_BTM,26.609
PROP-3A2F3003A313,58,33,54,58,68.3,CPCB_BLR_BTM,14.337
PROP-763E59C71F80,64,34,55,64,67.3,CPCB_BLR_BTM,5.48
PROP-EA828AA7375B,60,34,56,60,63.0,CPCB_BLR_Hebbal,21.175
PROP-3C130E55B63F,70,38,62,70,75.0,CPCB_BLR_BTM,16.375
PROP-D0DCC2AC0632,58,31,51,58,60.3,CPCB_BLR_Hebbal,2.493
PROP-AA4ED95C459C,68,37,61,68,70.7,CPCB_BLR_BTM,12.222
PROP-87DEE707F016,58,31,51,58,60.3,CPCB_BLR_Hebbal,2.493
PROP-A341219EC509,29,16,26,29,51.3,CPCB_BLR_BTM,19.325
PROP-26F4E8087C87,64,34,56,64,67.3,CPCB_BLR_Hebbal,18.218
PROP-9BB942BBC8E8,106,58,96,106,105.7,CPCB_BLR_BTM,6.791
PROP-0162F239FFC4,64,34,55,64,67.3,CPCB_BLR_BTM,24.539
PROP-3624DCD21358,72,41,67,72,43.7,CPCB_BLR_Hebbal,25.545
PROP-97788D722F8C,107,55,91,107,108.7,CPCB_BLR_BTM,8.749
PROP-628BE38A18C9,72,41,67,72,43.7,CPCB_BLR_Hebbal,18.218
PROP-7F883F7BAC22,27,15,25,27,48.3,CPCB_BLR_Hebbal,25.545
PROP-391C390B81B7,32,17,29,32,50.0,CPCB_BLR_Hebbal,19.093
PROP-845367058A89,75,42,69,75,47.3,CPCB_BLR_BTM,19.544
PROP-F614FC69FEC1,67,38,62,67,43.0,CPCB_BLR_Hebbal,2.497
PROP-CD2638E10A69,69,38,63,69,42.3,CPCB_BLR_Hebbal,5.833
PROP-C77A021373DB,33,17,29,33,50.0,CPCB_BLR_Hebbal,14.143
PROP-9FE95E9529F3,33,17,28,33,52.0,CPCB_BLR_BTM,20.413
PROP-08BB15872EE8,33,17,29,33,50.0,CPCB_BLR_Hebbal,2.493
PROP-E104678FD2CA,33,17,28,33,52.0,CPCB_BLR_BTM,10.796
PROP-89CB67E4123B,107,55,91,107,108.7,CPCB_BLR_BTM,10.796
PROP-5CC9FEE69D28,106,58,96,106,105.7,CPCB_BLR_BTM,4.801
PROP-50582E426C67,69,38,63,69,42.3,CPCB_BLR_Hebbal,26.035
PROP-92CC9483CB8E,29,16,26,29,51.3,CPCB_BLR_BTM,26.111
PROP-0824828339C3,114,60,98,114,112.7,CPCB_BLR_BTM,4.703
PROP-EAD6C1387455,61,32,53,61,63.0,CPCB_BLR_Hebbal,4.738
PROP-5BAE29C2B600,108,57,93,108,100.3,CPCB_BLR_BTM,21.832
PROP-5DC1D7E71BC2,74,41,67,74,44.3,CPCB_BLR_Hebbal,17.121
PROP-D35F5E323882,33,17,28,33,52.0,CPCB_BLR_BTM,7.561
PROP-5733CFBDF24B,32,16,27,32,52.7,CPCB_BLR_BTM,16.375
PROP-B0A323A9EE34,75,42,69,75,47.3,CPCB_BLR_BTM,12.538
PROP-99ACB118B6F4,29,15,25,29,50.7,CPCB_BLR_Hebbal,28.111
PROP-74F4502D2F3A,93,50,82,93,91.7,CPCB_BLR_Hebbal,9.751
PROP-D29EFF8F9345,31,17,28,31,49.0,CPCB_BLR_Hebbal,15.38
PROP-15D5773E152E,27,15,25,27,48.3,CPCB_BLR_Hebbal,16.709
PROP-AA8AB6E3F9A0,73,40,65,73,45.7,CPCB_BLR_BTM,19.295
PROP-50D9DDE09E2C,73,40,65,73,45.7,CPCB_BLR_BTM,22.464
PROP-EB1C3288084E,35,19,31,35,59.0,CPCB_BLR_BTM,22.479
PROP-8DEBD069C656,32,17,29,32,50.0,CPCB_BLR_Hebbal,2.581
PROP-5520533EFB2F,29,15,25,29,50.7,CPCB_BLR_Hebbal,16.709
PROP-4BAE7EC1B22D,31,17,28,31,49.0,CPCB_BLR_Hebbal,3.005
PROP-1E53DC439A52,114,60,98,114,112.7,CPCB_BLR_BTM,25.016
PROP-538189D7DEDF,68,37,61,68,70.7,CPCB_BLR_BTM,16.104
PROP-74C78BE6679D,31,17,28,31,49.0,CPCB_BLR_Hebbal,16.887
PROP-4B05988E13DD,107,55,91,107,108.7,CPCB_BLR_BTM,22.638
PROP-E18AE8DBF20E,70,38,62,70,75.0,CPCB_BLR_BTM,6.223
PROP-488FD6219E83,33,17,28,33,52.0,CPCB_BLR_BTM,16.958
PROP-1A415F7B3BCC,74,41,67,74,44.3,CPCB_BLR_Hebbal,13.202
PROP-FB989EFF8A2A,64,34,55,64,67.3,CPCB_BLR_BTM,16.375
PROP-6EF70B099AF5,77,40,65,77,48.0,CPCB_BLR_BTM,16.104
PROP-78F2B5D11D4E,90,49,81,90,97.0,CPCB_BLR_Hebbal,11.86
PROP-DF7C726B28A7,70,38,62,70,75.0,CPCB_BLR_BTM,15.848
PROP-68A5B63E7CDB,114,60,98,114,112.7,CPCB_BLR_BTM,11.754
PROP-75232C97B74E,77,44,72,77,47.3,CPCB_BLR_BTM,6.791
PROP-BAD79AE16310,90,49,81,90,97.0,CPCB_BLR_Hebbal,19.929
PROP-8690C6DE22F9,35,19,31,35,59.0,CPCB_BLR_BTM,32.717
PROP-43FB870147E7,70,38,62,70,75.0,CPCB_BLR_BTM,8.788
PROP-9064E8DBEB03,64,34,55,64,67.3,CPCB_BLR_BTM,20.413
PROP-A7144DFEC773,29,16,26,29,51.3,CPCB_BLR_BTM,17.784
PROP-2015298C022A,77,40,65,77,48.0,CPCB_BLR_BTM,25.016
PROP-3E38DD1DCF08,69,38,63,69,42.3,CPCB_BLR_Hebbal,24.32
PROP-3FED19C4F3BE,31,17,28,31,49.0,CPCB_BLR_Hebbal,17.121
PROP-CF0439C39D26,60,34,56,60,63.0,CPCB_BLR_Hebbal,26.377
PROP-53B59500B16F,64,34,55,64,67.3,CPCB_BLR_BTM,12.215
PROP-F2547132B8F4,61,32,53,61,63.0,CPCB_BLR_Hebbal,23.574
PROP-6D5669F39600,77,40,65,77,48.0,CPCB_BLR_BTM,20.947
PROP-F942AE5FFB9C,32,17,29,32,50.0,CPCB_BLR_Hebbal,2.497
PROP-370D7AC1EDBF,60,34,56,60,63.0,CPCB_BLR_Hebbal,25.207
PROP-8A24287D4589,60,34,56,60,63.0,CPCB_BLR_Hebbal,6.48
PROP-DB5B840B5CCF,33,17,28,33,52.0,CPCB_BLR_BTM,21.599
PROP-EAF92F8DDDD9,73,39,64,73,46.0,CPCB_BLR_BTM,5.48
PROP-594EFEA42978,93,50,82,93,91.7,CPCB_BLR_Hebbal,22.929
PROP-FFEEFF5EAB46,73,40,65,73,45.7,CPCB_BLR_BTM,19.197
PROP-A1BA15A56A8B,70,38,62,70,75.0,CPCB_BLR_BTM,10.46
PROP-AAC348E1FD9B,60,34,56,60,63.0,CPCB_BLR_Hebbal,11.504
PROP-A2F79BB61510,35,19,31,35,59.0,CPCB_BLR_BTM,10.912
PROP-EC1C69A67D20,70,38,62,70,75.0,CPCB_BLR_BTM,26.548
PROP-5A56AA8A08FA,32,16,27,32,52.7,CPCB_BLR_BTM,22.121
PROP-CF6E08880751,60,34,56,60,63.0,CPCB_BLR_Hebbal,4.842
PROP-193E0E64EB42,99,56,91,99,98.0,CPCB_BLR_Hebbal,11.86
PROP-777EB36E045C,29,15,25,29,50.7,CPCB_BLR_Hebbal,30.734
PROP-F3B639439B82,61,32,53,61,63.0,CPCB_BLR_Hebbal,32.495
PROP-EC9B12D74B6B,58,31,51,58,60.3,CPCB_BLR_Hebbal,32.495
PROP-10D1B4E79715,61,32,53,61,63.0,CPCB_BLR_Hebbal,24.367
PROP-F7742274CFC8,32,17,29,32,50.0,CPCB_BLR_Hebbal,29.74
PROP-26FF5CF58D12,35,19,31,35,59.0,CPCB_BLR_BTM,6.468
PROP-E3137E71556A,86,48,79,86,96.0,CPCB_BLR_Hebbal,10.833
PROP-9282D64E9246,59,33,54,59,71.3,CPCB_BLR_BTM,20.278
PROP-B852DFF1488A,27,15,25,27,48.3,CPCB_BLR_Hebbal,17.069
PROP-FD71C5E89A02,68,37,61,68,70.7,CPCB_BLR_BTM,24.087
PROP-A5CBA68C576A,77,44,72,77,47.3,CPCB_BLR_BTM,14.071
PROP-386EA96C9E9F,77,44,72,77,47.3,CPCB_BLR_BTM,12.215
PROP-182774BBF2E3,114,60,98,114,112.7,CPCB_BLR_BTM,14.272
PROP-102430E41ADF,77,44,72,77,47.3,CPCB_BLR_BTM,31.959
PROP-56553FC4E790,73,40,65,73,45.7,CPCB_BLR_BTM,16.325
PROP-D4303FB11F8F,114,60,98,114,112.7,CPCB_BLR_BTM,25.016
PROP-AE00F118FF88,33,17,28,33,52.0,CPCB_BLR_BTM,9.725
PROP-A2C076F14CB1,72,41,67,72,43.7,CPCB_BLR_Hebbal,18.167
PROP-E36A5586570B,106,58,96,106,105.7,CPCB_BLR_BTM,12.538
PROP-6905D3FA5400,77,40,65,77,48.0,CPCB_BLR_BTM,18.455
PROP-ADCD7114DD3E,33,17,28,33,52.0,CPCB_BLR_BTM,2.737
PROP-7A46654D7F84,32,16,27,32,52.7,CPCB_BLR_BTM,25.016
PROP-6F2660E1E5ED,70,38,62,70,75.0,CPCB_BLR_BTM,26.523
PROP-5B5B7DC6A194,77,44,72,77,47.3,CPCB_BLR_BTM,16.534
PROP-18F7A2458638,73,39,64,73,46.0,CPCB_BLR_BTM,11.514
PROP-00F914711B82,27,15,25,27,48.3,CPCB_BLR_Hebbal,8.214
PROP-6460CA73C442,106,58,96,106,105.7,CPCB_BLR_BTM,24.539
PROP-91E9434C285A,64,34,55,64,67.3,CPCB_BLR_BTM,7.135
PROP-81A35C3ED7AE,106,58,96,106,105.7,CPCB_BLR_BTM,7.838
PROP-201A6DB77303,68,37,61,68,70.7,CPCB_BLR_BTM,14.858
PROP-5A55B38F8349,69,38,63,69,42.3,CPCB_BLR_Hebbal,24.367
PROP-907251C425CA,33,18,29,33,53.0,CPCB_BLR_BTM,18.573
PROP-CFE4B922DAAF,93,50,82,93,91.7,CPCB_BLR_Hebbal,13.213
PROP-3D3525F11893,29,16,26,29,51.3,CPCB_BLR_BTM,2.737
PROP-6E535C2D891F,35,19,31,35,59.0,CPCB_BLR_BTM,16.375
PROP-43C691997CD5,74,41,67,74,44.3,CPCB_BLR_Hebbal,5.113
PROP-F24A817B0BB3,75,42,69,75,43.7,CPCB_BLR_Hebbal,5.508
PROP-4A18C298D825,58,31,51,58,60.3,CPCB_BLR_Hebbal,26.534
PROP-33BC4D1137B5,58,33,54,58,68.3,CPCB_BLR_BTM,28.9
PROP-87659B04CC59,77,40,65,77,48.0,CPCB_BLR_BTM,4.801
PROP-ADA6EA3E0B0E,64,34,56,64,67.3,CPCB_BLR_Hebbal,3.89
PROP-84414600A189,60,34,56,60,63.0,CPCB_BLR_Hebbal,27.097
PROP-BDF4BCCD0BEE,59,33,54,59,71.3,CPCB_BLR_BTM,15.744
PROP-0F24070CF2D8,106,58,96,106,105.7,CPCB_BLR_BTM,20.278
PROP-15C6CB9EFBC4,93,50,82,93,91.7,CPCB_BLR_Hebbal,24.32
PROP-DD7664BC160C,69,38,63,69,42.3,CPCB_BLR_Hebbal,25.545
PROP-2AFBE2785865,33,17,29,33,50.0,CPCB_BLR_Hebbal,10.843
PROP-2F02A76D25BA,61,32,53,61,63.0,CPCB_BLR_Hebbal,16.887
PROP-84A565DDA699,59,33,54,59,71.3,CPCB_BLR_BTM,22.464
PROP-5B1D193B8BEF,73,39,64,73,46.0,CPCB_BLR_BTM,16.104
PROP-3990A80B7E88,114,60,98,114,112.7,CPCB_BLR_BTM,25.255
PROP-1325352143E7,72,41,67,72,43.7,CPCB_BLR_Hebbal,32.495
PROP-5232983C0EA6,77,44,72,77,47.3,CPCB_BLR_BTM,32.717
PROP-F6766D1B8C97,32,16,27,32,52.7,CPCB_BLR_BTM,20.663
PROP-5C68A376A804,67,38,62,67,43.0,CPCB_BLR_Hebbal,13.202
PROP-DA8DA6DA099E,33,17,29,33,50.0,CPCB_BLR_Hebbal,7.762
PROP-E3D40FE4E669,106,58,96,106,105.7,CPCB_BLR_BTM,16.104
PROP-352AFA866112,106,58,96,106,105.7,CPCB_BLR_BTM,25.255
PROP-4B451A88ECFF,108,57,93,108,100.3,CPCB_BLR_BTM,22.285
PROP-B87ABF60E715,108,57,93,108,100.3,CPCB_BLR_BTM,8.788
PROP-AD156EE899F4,32,17,29,32,50.0,CPCB_BLR_Hebbal,8.121
PROP-974325224E0B,77,44,72,77,47.3,CPCB_BLR_BTM,6.896
PROP-74731FF22A2E,73,39,64,73,46.0,CPCB_BLR_BTM,16.104
PROP-C4D0D206A303,73,40,65,73,45.7,CPCB_BLR_BTM,14.272
PROP-96577465F0DC,74,41,67,74,44.3,CPCB_BLR_Hebbal,26.611
PROP-28ED7BF56A39,106,58,96,106,105.7,CPCB_BLR_BTM,20.26
PROP-97FF862E203A,64,34,56,64,67.3,CPCB_BLR_Hebbal,18.023
PROP-8BA09DE89F0C,33,17,29,33,50.0,CPCB_BLR_Hebbal,11.504
PROP-C280EFC6A29A,90,49,81,90,97.0,CPCB_BLR_Hebbal,15.835
PROP-CAF7694EC367,35,19,31,35,59.0,CPCB_BLR_BTM,17.209
PROP-C400BCD7680E,77,44,72,77,47.3,CPCB_BLR_BTM,20.278
PROP-9F688DC0F2F6,64,34,55,64,67.3,CPCB_BLR_BTM,16.104
PROP-DD827CF00BF7,99,56,91,99,98.0,CPCB_BLR_Hebbal,22.419
PROP-9812020C0B67,73,39,64,73,46.0,CPCB_BLR_BTM,9.771
PROP-B88395FFC573,61,32,53,61,63.0,CPCB_BLR_Hebbal,20.617
PROP-5D861391E50B,70,38,62,70,75.0,CPCB_BLR_BTM,4.026
PROP-09386789E29D,106,58,96,106,105.7,CPCB_BLR_BTM,4.026
PROP-C0CD75FD2E08,75,42,69,75,43.7,CPCB_BLR_Hebbal,24.205
PROP-0B4A2A353F12,77,44,72,77,47.3,CPCB_BLR_BTM,20.663
PROP-B92C2336EB93,60,34,56,60,63.0,CPCB_BLR_Hebbal,3.745
PROP-DEC084B63D73,70,38,62,70,75.0,CPCB_BLR_BTM,21.338
PROP-2B2D243FDB15,70,38,62,70,75.0,CPCB_BLR_BTM,29.04
PROP-3BBBFCA0D39A,72,41,67,72,43.7,CPCB_BLR_Hebbal,24.585
PROP-76C7370CE58E,108,57,93,108,100.3,CPCB_BLR_BTM,6.223
PROP-BF20F05F9192,77,40,65,77,48.0,CPCB_BLR_BTM,6.223
PROP-5935D11D0E71,107,55,91,107,108.7,CPCB_BLR_BTM,6.223
PROP-756DE4A8386D,33,17,29,33,50.0,CPCB_BLR_Hebbal,17.002
PROP-BE616713FF94,61,32,53,61,63.0,CPCB_BLR_Hebbal,22.897
PROP-1A2CACBB894E,73,40,65,73,45.7,CPCB_BLR_BTM,18.175
PROP-6E4F46F4CADE,73,40,65,73,45.7,CPCB_BLR_BTM,19.912
PROP-24E9CE7CF1AB,93,50,82,93,91.7,CPCB_BLR_Hebbal,19.66
PROP-460994351B37,86,48,79,86,96.0,CPCB_BLR_Hebbal,22.874
PROP-280EF543390C,29,16,26,29,51.3,CPCB_BLR_BTM,25.38
PROP-86DB97ED3620,74,41,67,74,44.3,CPCB_BLR_Hebbal,16.709
PROP-A88EF899E623,61,32,53,61,63.0,CPCB_BLR_Hebbal,22.897
PROP-F8870211EF88,86,48,79,86,96.0,CPCB_BLR_Hebbal,7.493
PROP-53D0CC774AD8,77,44,72,77,47.3,CPCB_BLR_BTM,26.299
PROP-2F3ADF00A234,75,42,69,75,47.3,CPCB_BLR_BTM,29.04
PROP-972A7EFC52C7,74,41,67,74,44.3,CPCB_BLR_Hebbal,21.175
PROP-386CC3E645FB,61,32,53,61,63.0,CPCB_BLR_Hebbal,11.325
PROP-3FBBF69F29D1,108,57,93,108,100.3,CPCB_BLR_BTM,5.48
PROP-5B927135242D,64,34,55,64,67.3,CPCB_BLR_BTM,16.958
PROP-73DBC563B5CD,86,48,79,86,96.0,CPCB_BLR_Hebbal,27.51
PROP-9E837B3F9DD0,58,33,54,58,68.3,CPCB_BLR_BTM,4.703
PROP-6BB76AAC1CFC,77,44,72,77,47.3,CPCB_BLR_BTM,7.838
PROP-43ADBF72FC14,70,38,62,70,75.0,CPCB_BLR_BTM,19.004
PROP-4D1E089DB966,33,17,29,33,50.0,CPCB_BLR_Hebbal,11.504
PROP-2EA0E2DBA39E,73,39,64,73,46.0,CPCB_BLR_BTM,11.754
PROP-7DB1A8426B9C,73,39,64,73,46.0,CPCB_BLR_BTM,6.223
PROP-C95EFF5543AE,72,41,67,72,43.7,CPCB_BLR_Hebbal,26.616
PROP-9A56D438B143,73,40,65,73,45.7,CPCB_BLR_BTM,14.504
PROP-8BB6B9DA313A,86,48,79,86,96.0,CPCB_BLR_Hebbal,20.103
PROP-8690CD0E8CEB,99,56,91,99,98.0,CPCB_BLR_Hebbal,21.33
PROP-7AA8D05E0C2C,86,48,79,86,96.0,CPCB_BLR_Hebbal,5.113
PROP-0038EDBB36D2,59,33,54,59,71.3,CPCB_BLR_BTM,13.79
PROP-64FBDF730C8D,70,38,62,70,75.0,CPCB_BLR_BTM,6.502
PROP-0BC915E3D6EA,60,34,56,60,63.0,CPCB_BLR_Hebbal,20.617
PROP-A230480D240B,33,17,28,33,52.0,CPCB_BLR_BTM,11.754
PROP-1A4D986F8144,75,42,69,75,43.7,CPCB_BLR_Hebbal,4.64
PROP-047616FD2187,33,18,29,33,53.0,CPCB_BLR_BTM,14.789
PROP-FF50308DDCCF,58,33,54,58,68.3,CPCB_BLR_BTM,10.796
PROP-B80A49D77B11,29,16,26,29,51.3,CPCB_BLR_BTM,19.426
PROP-7E2576135ECA,74,41,67,74,44.3,CPCB_BLR_Hebbal,27.217
PROP-BEDA27D6C498,73,39,64,73,46.0,CPCB_BLR_BTM,6.896
PROP-31010E50F074,73,40,65,73,45.7,CPCB_BLR_BTM,3.623
PROP-AB9E6AB0B9CF,33,17,28,33,52.0,CPCB_BLR_BTM,19.197
PROP-52CD4081A7C4,58,33,54,58,68.3,CPCB_BLR_BTM,17.784
PROP-6EB64883962B,58,33,54,58,68.3,CPCB_BLR_BTM,13.79
PROP-7F4DD2E6FD69,72,41,67,72,43.7,CPCB_BLR_Hebbal,25.545
PROP-A7910C008A88,75,42,69,75,43.7,CPCB_BLR_Hebbal,13.202
PROP-C33C5E6DF5CC,67,38,62,67,43.0,CPCB_BLR_Hebbal,10.843
PROP-2747D138A311,61,32,53,61,63.0,CPCB_BLR_Hebbal,4.935
PROP-5383E11A86C7,73,40,65,73,45.7,CPCB_BLR_BTM,29.092
PROP-428539D296AF,33,18,29,33,53.0,CPCB_BLR_BTM,10.46
PROP-EC190C515144,69,38,63,69,42.3,CPCB_BLR_Hebbal,16.709
PROP-9F6337D3A1E8,61,32,53,61,63.0,CPCB_BLR_Hebbal,26.534
PROP-A672225578D6,75,42,69,75,47.3,CPCB_BLR_BTM,25.33
PROP-CD5B9ED06BF2,73,40,65,73,45.7,CPCB_BLR_BTM,29.574
PROP-7B6F7930318A,73,39,64,73,46.0,CPCB_BLR_BTM,30.337
PROP-A992170E42F8,114,60,98,114,112.7,CPCB_BLR_BTM,12.215
PROP-A08DF08F5A4C,90,49,81,90,97.0,CPCB_BLR_Hebbal,18.373
PROP-3BD62F6DAD98,68,37,61,68,70.7,CPCB_BLR_BTM,19.459
PROP-B48414324034,27,15,25,27,48.3,CPCB_BLR_Hebbal,2.497
PROP-F9A280CB0DD2,58,33,54,58,68.3,CPCB_BLR_BTM,14.071
PROP-CC097E3CEBA8,68,37,61,68,70.7,CPCB_BLR_BTM,22.464
PROP-D077286584E6,60,34,56,60,63.0,CPCB_BLR_Hebbal,11.325
PROP-6112D1781924,32,16,27,32,52.7,CPCB_BLR_BTM,19.649
PROP-F308D602217E,77,44,72,77,47.3,CPCB_BLR_BTM,11.754
PROP-42DC35D6525D,64,34,55,64,67.3,CPCB_BLR_BTM,11.754
PROP-2ED9A34FA044,70,38,62,70,75.0,CPCB_BLR_BTM,16.958
PROP-34DBD024A8F8,75,42,69,75,43.7,CPCB_BLR_Hebbal,9.987
PROP-06F20729360C,61,32,53,61,63.0,CPCB_BLR_Hebbal,9.987
PROP-B2A91561C83B,58,31,51,58,60.3,CPCB_BLR_Hebbal,23.574
PROP-1538AE991581,73,39,64,73,46.0,CPCB_BLR_BTM,23.609
PROP-97AA51718D52,99,56,91,99,98.0,CPCB_BLR_Hebbal,13.016
PROP-2EE4B39C76F5,107,55,91,107,108.7,CPCB_BLR_BTM,16.104
PROP-07F79D860AC8,59,33,54,59,71.3,CPCB_BLR_BTM,26.609
PROP-880C6F34B0DF,32,16,27,32,52.7,CPCB_BLR_BTM,14.504
PROP-4223427364F3,58,33,54,58,68.3,CPCB_BLR_BTM,15.486
PROP-29480A70EEC8,33,17,29,33,50.0,CPCB_BLR_Hebbal,32.495
PROP-BE64F35F6F2F,64,34,55,64,67.3,CPCB_BLR_BTM,14.858
PROP-E590D740A56E,32,17,29,32,50.0,CPCB_BLR_Hebbal,10.197
PROP-F32B04A67FC8,61,32,53,61,63.0,CPCB_BLR_Hebbal,26.534
PROP-9FB42CBFFC3B,70,38,62,70,75.0,CPCB_BLR_BTM,14.272
PROP-6EC3FCE1C646,75,42,69,75,47.3,CPCB_BLR_BTM,11.815
PROP-1CC792339EFC,32,17,29,32,50.0,CPCB_BLR_Hebbal,21.022
PROP-317EC3D1F996,77,40,65,77,48.0,CPCB_BLR_BTM,8.788
PROP-D61371830CE8,29,16,26,29,51.3,CPCB_BLR_BTM,20.278
PROP-70957463230C,60,34,56,60,63.0,CPCB_BLR_Hebbal,6.033
PROP-C69B87F734A0,58,31,51,58,60.3,CPCB_BLR_Hebbal,18.023
PROP-AD966C293520,86,48,79,86,96.0,CPCB_BLR_Hebbal,11.301
PROP-7216FD8BA614,93,50,82,93,91.7,CPCB_BLR_Hebbal,23.574
PROP-AA24CA655007,61,32,53,61,63.0,CPCB_BLR_Hebbal,26.377
PROP-DC7C8FA06932,35,19,31,35,59.0,CPCB_BLR_BTM,19.933
PROP-168F003D26E2,31,17,28,31,49.0,CPCB_BLR_Hebbal,3.005
PROP-CAB419827C19,33,17,28,33,52.0,CPCB_BLR_BTM,31.959
PROP-CE671C8F2745,75,42,69,75,47.3,CPCB_BLR_BTM,9.739
PROP-BCBAF295B00C,70,38,62,70,75.0,CPCB_BLR_BTM,11.754
PROP-1A6DD4E251E5,74,41,67,74,44.3,CPCB_BLR_Hebbal,27.217
PROP-89D93F1C6E33,70,38,62,70,75.0,CPCB_BLR_BTM,13.79
PROP-1DAD0C6EF765,106,58,96,106,105.7,CPCB_BLR_BTM,16.201
PROP-E77EA7B10035,107,55,91,107,108.7,CPCB_BLR_BTM,31.959
PROP-6F2ECE75D556,64,34,56,64,67.3,CPCB_BLR_Hebbal,23.883
PROP-44BEF81DB4A9,68,37,61,68,70.7,CPCB_BLR_BTM,18.455
PROP-0C86F60921AB,74,41,67,74,44.3,CPCB_BLR_Hebbal,23.883
PROP-1EADA684CAAA,61,32,53,61,63.0,CPCB_BLR_Hebbal,18.6
PROP-C4AEA973B2D5,73,40,65,73,45.7,CPCB_BLR_BTM,24.539
PROP-A1A0AD2FD01B,61,32,53,61,63.0,CPCB_BLR_Hebbal,29.74
PROP-EF77BC885362,67,38,62,67,43.0,CPCB_BLR_Hebbal,25.084
PROP-6B6B7816E643,73,39,64,73,46.0,CPCB_BLR_BTM,6.896
PROP-65AD313F3805,67,38,62,67,43.0,CPCB_BLR_Hebbal,21.175
PROP-3A511FF02179,64,34,56,64,67.3,CPCB_BLR_Hebbal,22.304
PROP-8BAF2BEE0263,70,38,62,70,75.0,CPCB_BLR_BTM,3.311
PROP-6CB376B42E54,73,39,64,73,46.0,CPCB_BLR_BTM,29.092
PROP-140370EDF182,77,40,65,77,48.0,CPCB_BLR_BTM,21.022
PROP-426D2AAA7CEB,75,42,69,75,43.7,CPCB_BLR_Hebbal,20.103
PROP-0191E9B0FD19,99,56,91,99,98.0,CPCB_BLR_Hebbal,22.211
PROP-40CD9AD9F0D9,86,48,79,86,96.0,CPCB_BLR_Hebbal,11.504
PROP-D21AB9FF38AE,86,48,79,86,96.0,CPCB_BLR_Hebbal,11.504
PROP-BD90C11DB865,32,16,27,32,52.7,CPCB_BLR_BTM,14.272
PROP-B5554F1BD902,77,44,72,77,47.3,CPCB_BLR_BTM,21.872
PROP-84E101BF62B3,61,32,53,61,63.0,CPCB_BLR_Hebbal,18.142
PROP-9E773DE4BE09,75,42,69,75,47.3,CPCB_BLR_BTM,5.608
PROP-A973377AC66F,61,32,53,61,63.0,CPCB_BLR_Hebbal,18.023
PROP-542C4186E7F7,32,16,27,32,52.7,CPCB_BLR_BTM,13.79
PROP-F433A55E67A1,114,60,98,114,112.7,CPCB_BLR_BTM,16.104
PROP-DC8AA9597B11,86,48,79,86,96.0,CPCB_BLR_Hebbal,6.033
PROP-CDE294D1EBDA,107,55,91,107,108.7,CPCB_BLR_BTM,5.48
PROP-59F7E56866C9,90,49,81,90,97.0,CPCB_BLR_Hebbal,26.753
PROP-E6D1A76723E7,35,19,31,35,59.0,CPCB_BLR_BTM,14.272
PROP-B143485A5DFA,61,32,53,61,63.0,CPCB_BLR_Hebbal,5.994
PROP-84221EEE5998,61,32,53,61,63.0,CPCB_BLR_Hebbal,22.138
PROP-23A5729B17A3,75,42,69,75,47.3,CPCB_BLR_BTM,6.791
PROP-219CD0EAF5FA,35,19,31,35,59.0,CPCB_BLR_BTM,18.455
PROP-7F2DB77FA662,73,40,65,73,45.7,CPCB_BLR_BTM,20.663
PROP-B6F2AC50EC4B,90,49,81,90,97.0,CPCB_BLR_Hebbal,26.377
PROP-527F88B6C143,75,42,69,75,47.3,CPCB_BLR_BTM,20.583
PROP-069190E5B763,75,42,69,75,47.3,CPCB_BLR_BTM,26.609
PROP-0F4222AC21A2,33,18,29,33,53.0,CPCB_BLR_BTM,6.223
PROP-CE29313C1CC2,93,50,82,93,91.7,CPCB_BLR_Hebbal,23.574
PROP-1B62644E2513,33,17,28,33,52.0,CPCB_BLR_BTM,20.26
PROP-B68A85ED81D1,58,33,54,58,68.3,CPCB_BLR_BTM,30.337
PROP-CFFF3032E4E0,29,15,25,29,50.7,CPCB_BLR_Hebbal,25.545
PROP-5587E60F1ACF,106,58,96,106,105.7,CPCB_BLR_BTM,15.468
PROP-B8FD5F36E41C,69,38,63,69,42.3,CPCB_BLR_Hebbal,18.159
PROP-389AD560221A,70,38,62,70,75.0,CPCB_BLR_BTM,5.48
PROP-B10686C004C9,58,33,54,58,68.3,CPCB_BLR_BTM,12.215
PROP-8A0AB7499D59,77,40,65,77,48.0,CPCB_BLR_BTM,18.175
PROP-B43E8124C9CC,58,33,54,58,68.3,CPCB_BLR_BTM,19.544
PROP-A266440291CA,106,58,96,106,105.7,CPCB_BLR_BTM,15.897
PROP-8D44E6E7836F,73,40,65,73,45.7,CPCB_BLR_BTM,32.717
PROP-94B7658F5231,114,60,98,114,112.7,CPCB_BLR_BTM,5.48
PROP-5612A6C02DB8,60,34,56,60,63.0,CPCB_BLR_Hebbal,29.74
PROP-8F803B421912,58,31,51,58,60.3,CPCB_BLR_Hebbal,16.887
PROP-41DD8F087807,108,57,93,108,100.3,CPCB_BLR_BTM,26.299
PROP-DB309806F876,73,40,65,73,45.7,CPCB_BLR_BTM,3.114
PROP-9ABD2E06F22E,29,16,26,29,51.3,CPCB_BLR_BTM,16.215
PROP-9D43E28ACE01,33,17,28,33,52.0,CPCB_BLR_BTM,18.573
PROP-9F1CB5B2C6C4,108,57,93,108,100.3,CPCB_BLR_BTM,5.48
PROP-2CB701DEE46D,77,44,72,77,47.3,CPCB_BLR_BTM,9.771
PROP-E28D599D5A25,108,57,93,108,100.3,CPCB_BLR_BTM,29.713
PROP-D62DA5612049,58,31,51,58,60.3,CPCB_BLR_Hebbal,18.142
PROP-D8D227ECC4D3,27,15,25,27,48.3,CPCB_BLR_Hebbal,18.167
PROP-C13CAD221719,67,38,62,67,43.0,CPCB_BLR_Hebbal,12.311
PROP-1FD7F59A7F99,69,38,63,69,42.3,CPCB_BLR_Hebbal,30.734
PROP-454ADECEDD11,86,48,79,86,96.0,CPCB_BLR_Hebbal,16.887
PROP-053BF0F6231F,27,15,25,27,48.3,CPCB_BLR_Hebbal,22.803
PROP-F6169483DC18,60,34,56,60,63.0,CPCB_BLR_Hebbal,20.765
PROP-61116E36D88E,99,56,91,99,98.0,CPCB_BLR_Hebbal,4.935
PROP-5F159D609565,29,16,26,29,51.3,CPCB_BLR_BTM,14.601
PROP-43232A2796DD,75,42,69,75,43.7,CPCB_BLR_Hebbal,6.347
PROP-DD30D103F266,29,15,25,29,50.7,CPCB_BLR_Hebbal,14.902
PROP-B566AB1B28D7,32,17,29,32,50.0,CPCB_BLR_Hebbal,13.202
PROP-CFCCA804B092,31,17,28,31,49.0,CPCB_BLR_Hebbal,2.493
PROP-AA0CC1E67A59,73,39,64,73,46.0,CPCB_BLR_BTM,10.317
PROP-6FCD48EFF415,108,57,93,108,100.3,CPCB_BLR_BTM,32.717
PROP-77DF8D622DBA,58,33,54,58,68.3,CPCB_BLR_BTM,21.872
PROP-66441F6436B0,29,15,25,29,50.7,CPCB_BLR_Hebbal,14.665
PROP-34877C767717,68,37,61,68,70.7,CPCB_BLR_BTM,9.725
PROP-87AF0222A566,114,60,98,114,112.7,CPCB_BLR_BTM,27.038
PROP-81451D2EC9FC,75,42,69,75,43.7,CPCB_BLR_Hebbal,19.787
PROP-426304652951,70,38,62,70,75.0,CPCB_BLR_BTM,9.771
PROP-42085D0FD131,75,42,69,75,47.3,CPCB_BLR_BTM,6.223
PROP-C43A5DD549D6,107,55,91,107,108.7,CPCB_BLR_BTM,14.528
PROP-3E0A7FFC8F44,73,40,65,73,45.7,CPCB_BLR_BTM,20.26
PROP-D545824FCE12,68,37,61,68,70.7,CPCB_BLR_BTM,15.246
PROP-49F8427BA530,61,32,53,61,63.0,CPCB_BLR_Hebbal,11.301
PROP-AD0763871A2B,72,41,67,72,43.7,CPCB_BLR_Hebbal,12.714
PROP-78D9F3BC28E1,107,55,91,107,108.7,CPCB_BLR_BTM,15.82
PROP-3924AB89A8F8,93,50,82,93,91.7,CPCB_BLR_Hebbal,26.035
PROP-32EBC66B781B,58,31,51,58,60.3,CPCB_BLR_Hebbal,17.069
PROP-81B31D507B6B,77,40,65,77,48.0,CPCB_BLR_BTM,7.838
PROP-069ED981CF7B,106,58,96,106,105.7,CPCB_BLR_BTM,6.223
PROP-2840CE13C4CA,68,37,61,68,70.7,CPCB_BLR_BTM,16.908
PROP-898243F14116,32,17,29,32,50.0,CPCB_BLR_Hebbal,7.678
PROP-59425D6B90B5,61,32,53,61,63.0,CPCB_BLR_Hebbal,30.734
PROP-32A4C065F055,107,55,91,107,108.7,CPCB_BLR_BTM,26.609
PROP-C4EF9DF1AFEE,58,33,54,58,68.3,CPCB_BLR_BTM,15.214
PROP-B7FEAC547CA7,32,16,27,32,52.7,CPCB_BLR_BTM,20.922
PROP-0481F45A3284,31,17,28,31,49.0,CPCB_BLR_Hebbal,22.138
PROP-F58AC1074B9B,61,32,53,61,63.0,CPCB_BLR_Hebbal,19.343
PROP-2E315B85AA19,73,39,64,73,46.0,CPCB_BLR_BTM,1.961
PROP-7EB8B1FF2E3F,29,15,25,29,50.7,CPCB_BLR_Hebbal,11.504
PROP-2838E40C6EE5,33,18,29,33,53.0,CPCB_BLR_BTM,5.48
PROP-5CFE43A40A59,64,34,55,64,67.3,CPCB_BLR_BTM,6.791
PROP-5011E8DFAA04,67,38,62,67,43.0,CPCB_BLR_Hebbal,16.887
PROP-32B1B4C9B69C,69,38,63,69,42.3,CPCB_BLR_Hebbal,31.541
PROP-FC2008100E33,70,38,62,70,75.0,CPCB_BLR_BTM,1.961
PROP-8C3CEA495C26,70,38,62,70,75.0,CPCB_BLR_BTM,14.272
PROP-677A0F1DBB5D,73,40,65,73,45.7,CPCB_BLR_BTM,9.725
PROP-19243DBED78A,33,17,28,33,52.0,CPCB_BLR_BTM,20.278
PROP-0E1ED18B2F72,69,38,63,69,42.3,CPCB_BLR_Hebbal,5.593
PROP-EEBA1F0EB3CE,35,19,31,35,59.0,CPCB_BLR_BTM,32.717
PROP-677A46584977,64,34,55,64,67.3,CPCB_BLR_BTM,32.717
PROP-76A544A9FE2A,58,31,51,58,60.3,CPCB_BLR_Hebbal,22.182
PROP-4282396C3F81,77,40,65,77,48.0,CPCB_BLR_BTM,11.754
PROP-13350942A2F6,77,40,65,77,48.0,CPCB_BLR_BTM,16.215
PROP-008625DA3424,61,32,53,61,63.0,CPCB_BLR_Hebbal,30.531
PROP-CAF5F1DC0EE0,67,38,62,67,43.0,CPCB_BLR_Hebbal,14.901
PROP-EB43842CD396,58,33,54,58,68.3,CPCB_BLR_BTM,24.908
PROP-06E01DE1DAB4,32,16,27,32,52.7,CPCB_BLR_BTM,26.111
PROP-F5D6F171D085,73,40,65,73,45.7,CPCB_BLR_BTM,14.528
PROP-C1C229391045,27,15,25,27,48.3,CPCB_BLR_Hebbal,6.48
PROP-8990F49A2BB5,90,49,81,90,97.0,CPCB_BLR_Hebbal,4.891
PROP-376FE777C681,99,56,91,99,98.0,CPCB_BLR_Hebbal,24.585
PROP-4E119C9A393B,75,42,69,75,43.7,CPCB_BLR_Hebbal,11.86
PROP-EDC70323BFBE,70,38,62,70,75.0,CPCB_BLR_BTM,11.514
PROP-5AF46D1968DD,68,37,61,68,70.7,CPCB_BLR_BTM,23.377
PROP-199217E76EA5,77,40,65,77,48.0,CPCB_BLR_BTM,7.135
PROP-8B5C0BABB32E,77,44,72,77,47.3,CPCB_BLR_BTM,22.464
PROP-DFEE17F469EB,35,19,31,35,59.0,CPCB_BLR_BTM,7.838
PROP-17AD810F2E44,64,34,56,64,67.3,CPCB_BLR_Hebbal,26.377
PROP-63FDA6BCBB19,68,37,61,68,70.7,CPCB_BLR_BTM,18.828
PROP-317DAA9555F8,29,16,26,29,51.3,CPCB_BLR_BTM,19.933
PROP-2F2AA7ADB5EC,90,49,81,90,97.0,CPCB_BLR_Hebbal,14.901
PROP-3CEE656CF538,61,32,53,61,63.0,CPCB_BLR_Hebbal,8.121
PROP-2A25157860A3,61,32,53,61,63.0,CPCB_BLR_Hebbal,10.833
PROP-30F29209C14E,75,42,69,75,43.7,CPCB_BLR_Hebbal,7.852
PROP-E7FEC0F9F14E,72,41,67,72,43.7,CPCB_BLR_Hebbal,17.121
PROP-B9D66A7E9013,99,56,91,99,98.0,CPCB_BLR_Hebbal,16.522
PROP-0E2DBE7372A4,77,44,72,77,47.3,CPCB_BLR_BTM,19.426
PROP-DA1C2531C1EE,33,17,29,33,50.0,CPCB_BLR_Hebbal,17.121
PROP-02759B0F7FA6,108,57,93,108,100.3,CPCB_BLR_BTM,20.663
PROP-BB6E2289799E,86,48,79,86,96.0,CPCB_BLR_Hebbal,22.304
PROP-A874F692FDB3,74,41,67,74,44.3,CPCB_BLR_Hebbal,29.616
PROP-E40CCBBEBFF9,69,38,63,69,42.3,CPCB_BLR_Hebbal,13.202
PROP-8F65E5996E86,61,32,53,61,63.0,CPCB_BLR_Hebbal,26.753
PROP-492625BAD932,29,15,25,29,50.7,CPCB_BLR_Hebbal,12.482
PROP-360CCBB3F462,31,17,28,31,49.0,CPCB_BLR_Hebbal,25.207
PROP-2C989CD001DD,59,33,54,59,71.3,CPCB_BLR_BTM,24.629
PROP-BDA369CBAE67,70,38,62,70,75.0,CPCB_BLR_BTM,14.858
PROP-FD60D060D0F2,27,15,25,27,48.3,CPCB_BLR_Hebbal,4.711
PROP-1D5CF6DD2C38,32,16,27,32,52.7,CPCB_BLR_BTM,13.19
PROP-F08DE70114CF,33,17,29,33,50.0,CPCB_BLR_Hebbal,10.624
PROP-8FBCA026953D,99,56,91,99,98.0,CPCB_BLR_Hebbal,9.987
PROP-458DEF5FE251,29,15,25,29,50.7,CPCB_BLR_Hebbal,18.234
PROP-542BE0C4E8C7,59,33,54,59,71.3,CPCB_BLR_BTM,24.539
PROP-B04B4B568E69,70,38,62,70,75.0,CPCB_BLR_BTM,20.278
PROP-75D8FA66D4D5,58,31,51,58,60.3,CPCB_BLR_Hebbal,9.987
PROP-C9366A78D70D,29,15,25,29,50.7,CPCB_BLR_Hebbal,32.495
PROP-86A466C1422A,68,37,61,68,70.7,CPCB_BLR_BTM,4.026
PROP-578B44709F4B,90,49,81,90,97.0,CPCB_BLR_Hebbal,23.883
PROP-8226A3C4BDFB,33,17,29,33,50.0,CPCB_BLR_Hebbal,8.948
PROP-7289071CC362,108,57,93,108,100.3,CPCB_BLR_BTM,19.544
PROP-046DBBA740E7,27,15,25,27,48.3,CPCB_BLR_Hebbal,6.347
PROP-632C124B793F,32,16,27,32,52.7,CPCB_BLR_BTM,25.016
PROP-23D1C46A6E09,64,34,55,64,67.3,CPCB_BLR_BTM,16.958
PROP-396FAF52697A,72,41,67,72,43.7,CPCB_BLR_Hebbal,18.6
PROP-75035B6EE2A1,114,60,98,114,112.7,CPCB_BLR_BTM,13.79
PROP-F49FC2BE563A,90,49,81,90,97.0,CPCB_BLR_Hebbal,14.746
PROP-F5465006329D,73,40,65,73,45.7,CPCB_BLR_BTM,14.272
PROP-4D7964E143EF,69,38,63,69,42.3,CPCB_BLR_Hebbal,17.794
PROP-D9CFC5E00426,33,17,28,33,52.0,CPCB_BLR_BTM,26.609
PROP-AE3618DD1EF7,31,17,28,31,49.0,CPCB_BLR_Hebbal,22.211
PROP-37FA4D358BA0,93,50,82,93,91.7,CPCB_BLR_Hebbal,21.528
PROP-E4E5D9AD326C,61,32,53,61,63.0,CPCB_BLR_Hebbal,26.753
PROP-B6BB616D8810,68,37,61,68,70.7,CPCB_BLR_BTM,14.504
PROP-BB7E6C12AC01,75,42,69,75,43.7,CPCB_BLR_Hebbal,26.534
PROP-C787D641A765,61,32,53,61,63.0,CPCB_BLR_Hebbal,20.103
PROP-859A90C0E48E,68,37,61,68,70.7,CPCB_BLR_BTM,24.629
PROP-34A9F12E7619,60,34,56,60,63.0,CPCB_BLR_Hebbal,4.64
PROP-8186D4F7C797,33,17,28,33,52.0,CPCB_BLR_BTM,16.952
PROP-D0C6BDB466CA,60,34,56,60,63.0,CPCB_BLR_Hebbal,22.419
PROP-741C96EF583F,93,50,82,93,91.7,CPCB_BLR_Hebbal,2.497
PROP-F0CD7D7B91C7,77,44,72,77,47.3,CPCB_BLR_BTM,21.15
PROP-CFB66B79AB8A,35,19,31,35,59.0,CPCB_BLR_BTM,19.295
PROP-F0C9F50450AB,31,17,28,31,49.0,CPCB_BLR_Hebbal,5.508
PROP-4C77F19FF4FE,59,33,54,59,71.3,CPCB_BLR_BTM,6.791
PROP-96323E18006D,86,48,79,86,96.0,CPCB_BLR_Hebbal,20.103
PROP-62B3C025A799,74,41,67,74,44.3,CPCB_BLR_Hebbal,5.508
PROP-97CD4339F338,67,38,62,67,43.0,CPCB_BLR_Hebbal,7.678
PROP-02B5BBAB40F3,99,56,91,99,98.0,CPCB_BLR_Hebbal,31.541
PROP-311EA53670F4,58,33,54,58,68.3,CPCB_BLR_BTM,6.791
PROP-663084170394,61,32,53,61,63.0,CPCB_BLR_Hebbal,2.497
PROP-17CEA411974C,86,48,79,86,96.0,CPCB_BLR_Hebbal,11.524
PROP-D27FE8ED9C9F,32,16,27,32,52.7,CPCB_BLR_BTM,25.365
PROP-221699B617C6,77,44,72,77,47.3,CPCB_BLR_BTM,3.114
PROP-BE577A29B7DC,33,17,28,33,52.0,CPCB_BLR_BTM,22.479
PROP-4A541EAB5E3B,86,48,79,86,96.0,CPCB_BLR_Hebbal,19.83
PROP-8598FF5B0D9F,75,42,69,75,47.3,CPCB_BLR_BTM,17.328
PROP-819403449005,60,34,56,60,63.0,CPCB_BLR_Hebbal,26.035
PROP-BA61B976B4F6,73,39,64,73,46.0,CPCB_BLR_BTM,25.33
PROP-1028B4EEB58E,108,57,93,108,100.3,CPCB_BLR_BTM,14.98
PROP-ACA4D9272625,93,50,82,93,91.7,CPCB_BLR_Hebbal,11.86
PROP-07142F281307,67,38,62,67,43.0,CPCB_BLR_Hebbal,6.009
PROP-2CE536CC8739,73,39,64,73,46.0,CPCB_BLR_BTM,3.114
PROP-64BCC534DEE6,75,42,69,75,43.7,CPCB_BLR_Hebbal,11.301
PROP-A7E58EBC8111,72,41,67,72,43.7,CPCB_BLR_Hebbal,23.883
PROP-8DFCFB61B985,59,33,54,59,71.3,CPCB_BLR_BTM,19.544
PROP-5AA6F43284B1,75,42,69,75,43.7,CPCB_BLR_Hebbal,26.62
PROP-A15F6E3F3EE0,59,33,54,59,71.3,CPCB_BLR_BTM,25.21
PROP-38EAFC18E2E0,107,55,91,107,108.7,CPCB_BLR_BTM,14.767
PROP-FC5B51563F62,59,33,54,59,71.3,CPCB_BLR_BTM,17.209
PROP-4F52AFBE4481,75,42,69,75,43.7,CPCB_BLR_Hebbal,8.948
PROP-C31D335D562B,33,17,28,33,52.0,CPCB_BLR_BTM,10.46
PROP-DAE8D3047038,77,44,72,77,47.3,CPCB_BLR_BTM,12.215
PROP-F51837D84A18,73,39,64,73,46.0,CPCB_BLR_BTM,15.468
PROP-174011838F9E,33,18,29,33,53.0,CPCB_BLR_BTM,18.573
PROP-A3B108569EF6,70,38,62,70,75.0,CPCB_BLR_BTM,29.38
PROP-62D1921BA313,67,38,62,67,43.0,CPCB_BLR_Hebbal,25.545
PROP-FD808EDF26D6,27,15,25,27,48.3,CPCB_BLR_Hebbal,0.958
PROP-1F155BCE877B,33,17,28,33,52.0,CPCB_BLR_BTM,6.223
PROP-38C44B534F9E,32,17,29,32,50.0,CPCB_BLR_Hebbal,30.734
PROP-AF4D2F125A68,64,34,55,64,67.3,CPCB_BLR_BTM,15.587
PROP-B88345C39282,33,17,28,33,52.0,CPCB_BLR_BTM,26.815
PROP-11F6896D35AA,59,33,54,59,71.3,CPCB_BLR_BTM,20.663
PROP-8770EB708E27,99,56,91,99,98.0,CPCB_BLR_Hebbal,18.142
PROP-F74E2E3DDDF5,64,34,56,64,67.3,CPCB_BLR_Hebbal,2.497
PROP-B3E432D1FDB4,114,60,98,114,112.7,CPCB_BLR_BTM,16.104
PROP-4D448921E6A6,73,40,65,73,45.7,CPCB_BLR_BTM,20.583
PROP-541C3B96AD8A,29,16,26,29,51.3,CPCB_BLR_BTM,16.958
PROP-B628391A23DC,107,55,91,107,108.7,CPCB_BLR_BTM,30.337
PROP-BFBB36B68811,67,38,62,67,43.0,CPCB_BLR_Hebbal,11.504
PROP-D5FDCA073DCC,107,55,91,107,108.7,CPCB_BLR_BTM,14.071
PROP-CBE4BDD50E49,33,17,28,33,52.0,CPCB_BLR_BTM,14.071
PROP-79A803258FC1,35,19,31,35,59.0,CPCB_BLR_BTM,12.215
PROP-6AFD1A14CAC8,32,16,27,32,52.7,CPCB_BLR_BTM,12.215
PROP-EDF3E9E9EEA6,74,41,67,74,44.3,CPCB_BLR_Hebbal,32.495
PROP-68AA96CE2AAB,68,37,61,68,70.7,CPCB_BLR_BTM,19.544
PROP-B553DF515F0A,59,33,54,59,71.3,CPCB_BLR_BTM,12.395
PROP-A25299A351DA,106,58,96,106,105.7,CPCB_BLR_BTM,20.413
PROP-A4D421E11265,107,55,91,107,108.7,CPCB_BLR_BTM,22.004
PROP-9900E0547800,114,60,98,114,112.7,CPCB_BLR_BTM,13.79
PROP-6200C9A9ECAA,58,31,51,58,60.3,CPCB_BLR_Hebbal,4.935
PROP-96358EF80DE7,70,38,62,70,75.0,CPCB_BLR_BTM,26.609
PROP-A745F5E64EA9,106,58,96,106,105.7,CPCB_BLR_BTM,13.366
PROP-A5561AA6A795,86,48,79,86,96.0,CPCB_BLR_Hebbal,25.125
PROP-92F43CDD0D1D,64,34,56,64,67.3,CPCB_BLR_Hebbal,21.175
PROP-6EC83144CC45,75,42,69,75,47.3,CPCB_BLR_BTM,31.959
PROP-C7F8063207C1,106,58,96,106,105.7,CPCB_BLR_BTM,1.477
PROP-50D58314C956,75,42,69,75,43.7,CPCB_BLR_Hebbal,22.874
PROP-F514ED5202EC,77,40,65,77,48.0,CPCB_BLR_BTM,9.736
PROP-A926F1E12C10,73,40,65,73,45.7,CPCB_BLR_BTM,18.573
PROP-2298E6E78A4A,32,17,29,32,50.0,CPCB_BLR_Hebbal,21.971
PROP-E3F1CABBFEC8,58,31,51,58,60.3,CPCB_BLR_Hebbal,20.617
PROP-EF50F94507A9,106,58,96,106,105.7,CPCB_BLR_BTM,9.736
PROP-69E42AFDB07F,73,40,65,73,45.7,CPCB_BLR_BTM,30.337
PROP-8A786F10EA58,70,38,62,70,75.0,CPCB_BLR_BTM,20.922
PROP-5D93958C156B,35,19,31,35,59.0,CPCB_BLR_BTM,19.783
PROP-494FAC879D5B,64,34,55,64,67.3,CPCB_BLR_BTM,22.285
PROP-EF590A9EA9DB,31,17,28,31,49.0,CPCB_BLR_Hebbal,22.874
PROP-6198AC7EC0DF,29,15,25,29,50.7,CPCB_BLR_Hebbal,19.093
PROP-5137A3304A8D,77,40,65,77,48.0,CPCB_BLR_BTM,15.848
PROP-034D7A0B20C3,70,38,62,70,75.0,CPCB_BLR_BTM,20.663
PROP-05CE80B8C1AA,99,56,91,99,98.0,CPCB_BLR_Hebbal,11.003
PROP-AD67C3A9A291,33,18,29,33,53.0,CPCB_BLR_BTM,12.538
PROP-0E17C65A21D4,32,17,29,32,50.0,CPCB_BLR_Hebbal,27.095
PROP-E7031A20A926,64,34,55,64,67.3,CPCB_BLR_BTM,29.713
PROP-3246C3FC5C55,58,31,51,58,60.3,CPCB_BLR_Hebbal,17.002
PROP-50AAA88D9120,59,33,54,59,71.3,CPCB_BLR_BTM,24.087
PROP-8B6269F4BD28,86,48,79,86,96.0,CPCB_BLR_Hebbal,15.308
PROP-1546EEBB457A,33,17,29,33,50.0,CPCB_BLR_Hebbal,25.545
PROP-25D885A113E6,75,42,69,75,43.7,CPCB_BLR_Hebbal,7.43
PROP-849A281CFF54,77,40,65,77,48.0,CPCB_BLR_BTM,16.557
PROP-190395B99E9D,90,49,81,90,97.0,CPCB_BLR_Hebbal,14.143
PROP-2DB34F9A522C,75,42,69,75,47.3,CPCB_BLR_BTM,16.104
PROP-1383C31E32FC,35,19,31,35,59.0,CPCB_BLR_BTM,20.663
PROP-479CDA774E4C,67,38,62,67,43.0,CPCB_BLR_Hebbal,26.611
PROP-528575F62F88,58,33,54,58,68.3,CPCB_BLR_BTM,23.321
PROP-9AD002FE4B18,59,33,54,59,71.3,CPCB_BLR_BTM,25.833
PROP-B2BD17D40BBC,99,56,91,99,98.0,CPCB_BLR_Hebbal,16.522
PROP-77329B5BA900,32,16,27,32,52.7,CPCB_BLR_BTM,14.528
PROP-9FE0F32F9537,67,38,62,67,43.0,CPCB_BLR_Hebbal,19.093
PROP-A2B75A8354E3,77,40,65,77,48.0,CPCB_BLR_BTM,29.574
PROP-D20C0401F105,74,41,67,74,44.3,CPCB_BLR_Hebbal,7.43
PROP-3255D6EDE50A,32,17,29,32,50.0,CPCB_BLR_Hebbal,23.956
PROP-47F9EAE7F7BA,27,15,25,27,48.3,CPCB_BLR_Hebbal,12.311
PROP-E85CE5C8A614,29,16,26,29,51.3,CPCB_BLR_BTM,4.379
PROP-E4EFEBFC49E1,108,57,93,108,100.3,CPCB_BLR_BTM,1.961
PROP-88402CD84987,99,56,91,99,98.0,CPCB_BLR_Hebbal,21.175
PROP-3297C9B633C4,68,37,61,68,70.7,CPCB_BLR_BTM,21.431
PROP-72279B967FA7,99,56,91,99,98.0,CPCB_BLR_Hebbal,17.794
PROP-B394821D8C67,77,40,65,77,48.0,CPCB_BLR_BTM,26.107
PROP-AACC25CFD687,58,31,51,58,60.3,CPCB_BLR_Hebbal,25.084
PROP-5BA76159644E,67,38,62,67,43.0,CPCB_BLR_Hebbal,25.545
PROP-25FAB7A392D5,75,42,69,75,43.7,CPCB_BLR_Hebbal,22.897
PROP-F945A4CA718D,69,38,63,69,42.3,CPCB_BLR_Hebbal,26.616
PROP-98EF4F84F1CD,75,42,69,75,47.3,CPCB_BLR_BTM,7.838
PROP-E05D72378253,70,38,62,70,75.0,CPCB_BLR_BTM,3.459
PROP-1C45CF8E8EFE,77,40,65,77,48.0,CPCB_BLR_BTM,11.754
PROP-C4B6AAE54184,106,58,96,106,105.7,CPCB_BLR_BTM,23.321
PROP-6B00C7777701,27,15,25,27,48.3,CPCB_BLR_Hebbal,3.89
PROP-9B98EB9561E1,32,17,29,32,50.0,CPCB_BLR_Hebbal,2.497
PROP-5C8299FC38FE,29,15,25,29,50.7,CPCB_BLR_Hebbal,11.86
PROP-D714263105B9,61,32,53,61,63.0,CPCB_BLR_Hebbal,7.43
PROP-3560C9E73D99,107,55,91,107,108.7,CPCB_BLR_BTM,10.833
PROP-8CC13F552260,64,34,55,64,67.3,CPCB_BLR_BTM,13.79
PROP-6E826236E8DA,93,50,82,93,91.7,CPCB_BLR_Hebbal,21.33
PROP-80A2584D86AF,90,49,81,90,97.0,CPCB_BLR_Hebbal,26.611
PROP-261009938B73,33,17,29,33,50.0,CPCB_BLR_Hebbal,4.711
PROP-6FF2889DDF2E,99,56,91,99,98.0,CPCB_BLR_Hebbal,7.678
PROP-38073AED3070,106,58,96,106,105.7,CPCB_BLR_BTM,27.038
PROP-AA04003561ED,67,38,62,67,43.0,CPCB_BLR_Hebbal,6.48
PROP-8E729CE866D2,33,17,28,33,52.0,CPCB_BLR_BTM,14.504
PROP-A86CA12B8FE7,61,32,53,61,63.0,CPCB_BLR_Hebbal,9.343
PROP-35A62E77D2F7,75,42,69,75,43.7,CPCB_BLR_Hebbal,21.619
PROP-4ACFC8053CB6,61,32,53,61,63.0,CPCB_BLR_Hebbal,23.883
PROP-2785A6B52241,74,41,67,74,44.3,CPCB_BLR_Hebbal,18.159
PROP-F09FDFD24D6A,75,42,69,75,47.3,CPCB_BLR_BTM,17.031
PROP-A643398A5BF2,73,39,64,73,46.0,CPCB_BLR_BTM,24.908
PROP-48C5CFCE8705,99,56,91,99,98.0,CPCB_BLR_Hebbal,17.002
PROP-FEF5852F288E,93,50,82,93,91.7,CPCB_BLR_Hebbal,7.43
PROP-9CC7436E82B6,59,33,54,59,71.3,CPCB_BLR_BTM,19.544
PROP-4291897BA1A2,70,38,62,70,75.0,CPCB_BLR_BTM,10.274
PROP-744F1A906390,58,31,51,58,60.3,CPCB_BLR_Hebbal,27.515
PROP-0D1D8D68BC20,64,34,56,64,67.3,CPCB_BLR_Hebbal,18.234
PROP-BF4B025F4EA1,29,15,25,29,50.7,CPCB_BLR_Hebbal,17.794
PROP-FE34C1E01122,64,34,55,64,67.3,CPCB_BLR_BTM,21.831
PROP-0917290A9905,60,34,56,60,63.0,CPCB_BLR_Hebbal,4.738
PROP-B2FB5B77084B,74,41,67,74,44.3,CPCB_BLR_Hebbal,19.787
PROP-5D24D6B45D56,69,38,63,69,42.3,CPCB_BLR_Hebbal,4.64
PROP-B49B13AE575B,35,19,31,35,59.0,CPCB_BLR_BTM,14.041
PROP-FF83AC48ED5C,99,56,91,99,98.0,CPCB_BLR_Hebbal,16.592
PROP-13856C4CE5B4,31,17,28,31,49.0,CPCB_BLR_Hebbal,23.4
PROP-3CBFD4283E7D,32,16,27,32,52.7,CPCB_BLR_BTM,12.927
PROP-AF5D64FB7B10,27,15,25,27,48.3,CPCB_BLR_Hebbal,18.533
PROP-5820EFA5552E,32,17,29,32,50.0,CPCB_BLR_Hebbal,28.111
PROP-43E2AB6143AF,75,42,69,75,43.7,CPCB_BLR_Hebbal,27.979
PROP-383465045FA8,68,37,61,68,70.7,CPCB_BLR_BTM,8.788
PROP-C337EF56DCBC,64,34,56,64,67.3,CPCB_BLR_Hebbal,21.619
PROP-E86B3C0D5034,35,19,31,35,59.0,CPCB_BLR_BTM,12.215
PROP-E4F13B70ECB6,106,58,96,106,105.7,CPCB_BLR_BTM,3.623
PROP-9928ECD72DCE,58,33,54,58,68.3,CPCB_BLR_BTM,19.426
PROP-6F3EE65A4300,99,56,91,99,98.0,CPCB_BLR_Hebbal,11.524
PROP-500C4E5EAE1F,35,19,31,35,59.0,CPCB_BLR_BTM,30.337
PROP-0AFFAFDFB914,93,50,82,93,91.7,CPCB_BLR_Hebbal,26.204
PROP-1910389B0492,114,60,98,114,112.7,CPCB_BLR_BTM,21.831
PROP-436A7F43FB2F,75,42,69,75,43.7,CPCB_BLR_Hebbal,25.545
PROP-1882F56DC76C,70,38,62,70,75.0,CPCB_BLR_BTM,13.79
PROP-5BBFF6FC8AD7,77,44,72,77,47.3,CPCB_BLR_BTM,5.824
PROP-F5A5E7E3DC4B,108,57,93,108,100.3,CPCB_BLR_BTM,27.018
PROP-9B0452D3DE3D,64,34,56,64,67.3,CPCB_BLR_Hebbal,14.423
PROP-4DF94B02E4F3,77,44,72,77,47.3,CPCB_BLR_BTM,7.838
PROP-C04ACA197A93,106,58,96,106,105.7,CPCB_BLR_BTM,14.429
PROP-A133CD3ED372,58,33,54,58,68.3,CPCB_BLR_BTM,20.663
PROP-6C2B039E313E,29,15,25,29,50.7,CPCB_BLR_Hebbal,15.052
PROP-CDA0D9C57C23,70,38,62,70,75.0,CPCB_BLR_BTM,5.824
PROP-E154E3205E2A,73,39,64,73,46.0,CPCB_BLR_BTM,10.46
PROP-7FE66CBB7598,27,15,25,27,48.3,CPCB_BLR_Hebbal,19.91
PROP-E798164E84DB,61,32,53,61,63.0,CPCB_BLR_Hebbal,26.534
PROP-31571DD790B5,108,57,93,108,100.3,CPCB_BLR_BTM,18.825
PROP-4BE0F3494E62,93,50,82,93,91.7,CPCB_BLR_Hebbal,21.333
PROP-81BF26B84C75,73,40,65,73,45.7,CPCB_BLR_BTM,22.937
PROP-33C8470B9C6A,69,38,63,69,42.3,CPCB_BLR_Hebbal,20.881
PROP-FCECC360EFF1,114,60,98,114,112.7,CPCB_BLR_BTM,29.408
PROP-D272310E6ED1,58,33,54,58,68.3,CPCB_BLR_BTM,17.441
PROP-2C5523484217,93,50,82,93,91.7,CPCB_BLR_Hebbal,26.616
PROP-2C022F058F8F,27,15,25,27,48.3,CPCB_BLR_Hebbal,20.942
PROP-CDCD6724B6CB,31,17,28,31,49.0,CPCB_BLR_Hebbal,22.182
PROP-1B225361FAFC,59,33,54,59,71.3,CPCB_BLR_BTM,27.038
PROP-83B90592C204,61,32,53,61,63.0,CPCB_BLR_Hebbal,23.956
PROP-9F79E14B98AF,107,55,91,107,108.7,CPCB_BLR_BTM,6.223
PROP-109E0D72A5AE,73,40,65,73,45.7,CPCB_BLR_BTM,18.573
PROP-C4778F47672A,69,38,63,69,42.3,CPCB_BLR_Hebbal,29.616
PROP-1C5A27B26AB5,67,38,62,67,43.0,CPCB_BLR_Hebbal,21.186
PROP-1AF0D410E576,106,58,96,106,105.7,CPCB_BLR_BTM,19.426
PROP-F75CDD01A1AA,99,56,91,99,98.0,CPCB_BLR_Hebbal,17.794
PROP-17CA3E53E305,68,37,61,68,70.7,CPCB_BLR_BTM,28.9
PROP-7F7924D91B2A,60,34,56,60,63.0,CPCB_BLR_Hebbal,25.545
PROP-5C5AFBD86242,29,15,25,29,50.7,CPCB_BLR_Hebbal,4.711
PROP-1B7C7F7BB4F0,61,32,53,61,63.0,CPCB_BLR_Hebbal,11.504
PROP-398D30C11F47,59,33,54,59,71.3,CPCB_BLR_BTM,16.215
PROP-C2036F9AF9B0,32,17,29,32,50.0,CPCB_BLR_Hebbal,18.023
PROP-E9FF8D1DE7C1,72,41,67,72,43.7,CPCB_BLR_Hebbal,21.186
PROP-3C87B168FAFF,35,19,31,35,59.0,CPCB_BLR_BTM,23.609
PROP-F7FA9F287617,73,39,64,73,46.0,CPCB_BLR_BTM,15.468
PROP-A6AB8397456D,29,15,25,29,50.7,CPCB_BLR_Hebbal,13.213
PROP-65D3AC0A919D,68,37,61,68,70.7,CPCB_BLR_BTM,14.504
PROP-B847A3A44DE7,61,32,53,61,63.0,CPCB_BLR_Hebbal,4.891
PROP-D62E1A033A1D,70,38,62,70,75.0,CPCB_BLR_BTM,0.951
PROP-B5F87E6F1C72,75,42,69,75,47.3,CPCB_BLR_BTM,16.888
PROP-36628C10D007,32,16,27,32,52.7,CPCB_BLR_BTM,14.789
PROP-0B5033FAD1F8,31,17,28,31,49.0,CPCB_BLR_Hebbal,22.803
PROP-86508AB54F25,29,15,25,29,50.7,CPCB_BLR_Hebbal,22.874
PROP-22AB263B99F0,90,49,81,90,97.0,CPCB_BLR_Hebbal,14.746
PROP-A7EC45B2B1D0,32,16,27,32,52.7,CPCB_BLR_BTM,11.535
PROP-C855599ABCA3,93,50,82,93,91.7,CPCB_BLR_Hebbal,24.883
PROP-FF3363401EE2,64,34,56,64,67.3,CPCB_BLR_Hebbal,17.326
PROP-36927D4639BB,99,56,91,99,98.0,CPCB_BLR_Hebbal,17.326
PROP-501FBF38126A,58,31,51,58,60.3,CPCB_BLR_Hebbal,25.616
PROP-D1A3920B32AC,64,34,55,64,67.3,CPCB_BLR_BTM,29.092
PROP-C899AF137BF6,61,32,53,61,63.0,CPCB_BLR_Hebbal,24.883
PROP-6D569185C082,60,34,56,60,63.0,CPCB_BLR_Hebbal,16.592
PROP-AE9F2482CDCF,114,60,98,114,112.7,CPCB_BLR_BTM,14.504
PROP-C17CC032C274,59,33,54,59,71.3,CPCB_BLR_BTM,30.337
PROP-D802EBB438F8,58,33,54,58,68.3,CPCB_BLR_BTM,29.092
PROP-9356696B099A,29,16,26,29,51.3,CPCB_BLR_BTM,13.79
PROP-BFE1DCB57FE7,93,50,82,93,91.7,CPCB_BLR_Hebbal,16.199
PROP-9A0C24AE1BA3,114,60,98,114,112.7,CPCB_BLR_BTM,23.609
PROP-EC759795DDE2,29,16,26,29,51.3,CPCB_BLR_BTM,16.646
PROP-1A14BB6BEB72,77,40,65,77,48.0,CPCB_BLR_BTM,17.209
PROP-2E3F5E44C37E,61,32,53,61,63.0,CPCB_BLR_Hebbal,6.48
PROP-CA46EF464BEE,61,32,53,61,63.0,CPCB_BLR_Hebbal,15.38
PROP-695FFFC8F620,58,33,54,58,68.3,CPCB_BLR_BTM,12.395
PROP-94502A9B88D6,59,33,54,59,71.3,CPCB_BLR_BTM,15.468
PROP-E8B7A38B21A8,35,19,31,35,59.0,CPCB_BLR_BTM,11.815
PROP-FFC250B6318B,107,55,91,107,108.7,CPCB_BLR_BTM,21.831
PROP-D0B6BC7DEEBD,35,19,31,35,59.0,CPCB_BLR_BTM,8.788
PROP-90FB2529C61D,64,34,56,64,67.3,CPCB_BLR_Hebbal,8.121
PROP-F3B05B74B0FD,32,16,27,32,52.7,CPCB_BLR_BTM,14.98
PROP-A26F263B787C,58,31,51,58,60.3,CPCB_BLR_Hebbal,7.678
PROP-CFB9AE36EF50,32,16,27,32,52.7,CPCB_BLR_BTM,12.395
PROP-12B9FEAB62C9,64,34,55,64,67.3,CPCB_BLR_BTM,26.609
PROP-5668F0EABFE5,107,55,91,107,108.7,CPCB_BLR_BTM,24.908
PROP-298C042448D0,90,49,81,90,97.0,CPCB_BLR_Hebbal,14.423
PROP-44463DE76407,31,17,28,31,49.0,CPCB_BLR_Hebbal,8.948
PROP-6327C73AD39E,70,38,62,70,75.0,CPCB_BLR_BTM,21.918
PROP-8896C70EE6B6,61,32,53,61,63.0,CPCB_BLR_Hebbal,18.023
PROP-F5782092C861,29,16,26,29,51.3,CPCB_BLR_BTM,22.609
PROP-524C9DCEB439,29,16,26,29,51.3,CPCB_BLR_BTM,13.769
PROP-51C862209656,75,42,69,75,47.3,CPCB_BLR_BTM,13.769
PROP-2457E0A2323B,61,32,53,61,63.0,CPCB_BLR_Hebbal,3.061
PROP-A0B1099BB414,68,37,61,68,70.7,CPCB_BLR_BTM,19.325
PROP-DB90FB7423D8,107,55,91,107,108.7,CPCB_BLR_BTM,15.468
PROP-D58A8E4DD67F,77,40,65,77,48.0,CPCB_BLR_BTM,18.573
PROP-D74F6CAF6589,106,58,96,106,105.7,CPCB_BLR_BTM,31.959
PROP-92069E9F5BD8,74,41,67,74,44.3,CPCB_BLR_Hebbal,14.423
PROP-C3DB6800AAE3,68,37,61,68,70.7,CPCB_BLR_BTM,26.523
PROP-2B5262BF098D,108,57,93,108,100.3,CPCB_BLR_BTM,29.092
PROP-ABC63D073804,99,56,91,99,98.0,CPCB_BLR_Hebbal,5.113
PROP-40C08E07FCFB,70,38,62,70,75.0,CPCB_BLR_BTM,9.736
PROP-7795861A2C71,75,42,69,75,43.7,CPCB_BLR_Hebbal,22.803
PROP-668F5318DE39,90,49,81,90,97.0,CPCB_BLR_Hebbal,5.994
PROP-6234FCED6F2E,33,18,29,33,53.0,CPCB_BLR_BTM,20.663
PROP-41896C040BC6,114,60,98,114,112.7,CPCB_BLR_BTM,14.98
PROP-724B3B5F2A4C,64,34,55,64,67.3,CPCB_BLR_BTM,24.539
PROP-23D383215367,114,60,98,114,112.7,CPCB_BLR_BTM,11.815
PROP-1706414A2C2D,77,40,65,77,48.0,CPCB_BLR_BTM,20.002
PROP-BF57C2BAF0C7,75,42,69,75,47.3,CPCB_BLR_BTM,6.468
PROP-6570F57CDF30,106,58,96,106,105.7,CPCB_BLR_BTM,16.215
PROP-855B2608AFA2,73,39,64,73,46.0,CPCB_BLR_BTM,27.018
PROP-40F2B3066401,58,33,54,58,68.3,CPCB_BLR_BTM,1.961
PROP-01EFD0A5E5CC,33,17,28,33,52.0,CPCB_BLR_BTM,10.46
PROP-9E16F988E753,93,50,82,93,91.7,CPCB_BLR_Hebbal,18.373
PROP-EDBBA52C94B2,106,58,96,106,105.7,CPCB_BLR_BTM,16.908
PROP-1D16DAD57337,73,39,64,73,46.0,CPCB_BLR_BTM,26.609
PROP-946D0D8C1D6E,69,38,63,69,42.3,CPCB_BLR_Hebbal,20.881
PROP-F3482FB5E361,75,42,69,75,43.7,CPCB_BLR_Hebbal,26.204
PROP-71619B55A783,73,40,65,73,45.7,CPCB_BLR_BTM,26.523
PROP-F188FC4066BA,61,32,53,61,63.0,CPCB_BLR_Hebbal,19.66
PROP-B179D788D0EB,33,17,28,33,52.0,CPCB_BLR_BTM,19.933
PROP-3CB2DACE4698,33,18,29,33,53.0,CPCB_BLR_BTM,25.255
PROP-5025E3576295,93,50,82,93,91.7,CPCB_BLR_Hebbal,11.86
PROP-42FCC04645B4,68,37,61,68,70.7,CPCB_BLR_BTM,16.104
PROP-280698F9A0CC,73,40,65,73,45.7,CPCB_BLR_BTM,24.539
PROP-576ED713159D,67,38,62,67,43.0,CPCB_BLR_Hebbal,19.929
PROP-28B32E4A68E1,106,58,96,106,105.7,CPCB_BLR_BTM,25.255
PROP-9DC269111975,59,33,54,59,71.3,CPCB_BLR_BTM,29.605
PROP-407A85BA0A62,67,38,62,67,43.0,CPCB_BLR_Hebbal,11.86
PROP-63962C10AAE2,70,38,62,70,75.0,CPCB_BLR_BTM,18.743
PROP-503E47F851EE,114,60,98,114,112.7,CPCB_BLR_BTM,20.002
PROP-7483DA559F93,31,17,28,31,49.0,CPCB_BLR_Hebbal,9.363
PROP-2816D44FEB72,33,17,28,33,52.0,CPCB_BLR_BTM,25.255
PROP-C09FBBDBD0D0,108,57,93,108,100.3,CPCB_BLR_BTM,21.831
PROP-A5E59E30BEE4,108,57,93,108,100.3,CPCB_BLR_BTM,22.466
PROP-26B91F90301C,72,41,67,72,43.7,CPCB_BLR_Hebbal,4.935
PROP-968CA2C3D630,90,49,81,90,97.0,CPCB_BLR_Hebbal,18.234
PROP-FAB432D71476,69,38,63,69,42.3,CPCB_BLR_Hebbal,3.745
PROP-0C49B2268FE5,107,55,91,107,108.7,CPCB_BLR_BTM,8.788
PROP-62C455191707,86,48,79,86,96.0,CPCB_BLR_Hebbal,21.33
PROP-2A7024014AE1,75,42,69,75,43.7,CPCB_BLR_Hebbal,22.897
PROP-79342A715AF9,33,17,29,33,50.0,CPCB_BLR_Hebbal,22.97
PROP-D2BE10C0D3EC,33,17,28,33,52.0,CPCB_BLR_BTM,10.614
PROP-5C6AD1D6B392,77,40,65,77,48.0,CPCB_BLR_BTM,24.948
PROP-BF6737D3E369,29,16,26,29,51.3,CPCB_BLR_BTM,9.725
PROP-860C13A7B292,107,55,91,107,108.7,CPCB_BLR_BTM,26.609
PROP-E47EB842485D,33,18,29,33,53.0,CPCB_BLR_BTM,0.951
PROP-F17DE4A459F7,31,17,28,31,49.0,CPCB_BLR_Hebbal,12.482
PROP-327A215971A1,70,38,62,70,75.0,CPCB_BLR_BTM,19.426
PROP-64E30F7BF08B,107,55,91,107,108.7,CPCB_BLR_BTM,7.838
PROP-AA7B0CC323C7,58,31,51,58,60.3,CPCB_BLR_Hebbal,21.574
PROP-3226B113EE60,64,34,55,64,67.3,CPCB_BLR_BTM,25.33
PROP-885EC1E50789,64,34,56,64,67.3,CPCB_BLR_Hebbal,19.83
PROP-923179EFA3FA,86,48,79,86,96.0,CPCB_BLR_Hebbal,24.314
PROP-A0A4C6D15B69,32,16,27,32,52.7,CPCB_BLR_BTM,1.961
PROP-48239E9554E9,32,16,27,32,52.7,CPCB_BLR_BTM,25.016
PROP-2275D32103F7,32,16,27,32,52.7,CPCB_BLR_BTM,5.48
PROP-ECA6A5CAE50E,72,41,67,72,43.7,CPCB_BLR_Hebbal,16.887
PROP-D18EFFAB8E47,73,40,65,73,45.7,CPCB_BLR_BTM,20.031
PROP-1052873B086D,108,57,93,108,100.3,CPCB_BLR_BTM,6.791
PROP-E03ABBE6E4B2,35,19,31,35,59.0,CPCB_BLR_BTM,19.933
PROP-DDDF35ED284C,69,38,63,69,42.3,CPCB_BLR_Hebbal,16.887
PROP-D145557DD901,58,33,54,58,68.3,CPCB_BLR_BTM,20.26
PROP-617F72D4ECAD,90,49,81,90,97.0,CPCB_BLR_Hebbal,5.508
PROP-04BA9A07FA9B,61,32,53,61,63.0,CPCB_BLR_Hebbal,11.86
PROP-9F41424DB965,32,17,29,32,50.0,CPCB_BLR_Hebbal,19.109
PROP-3C3EF71E2F5D,29,16,26,29,51.3,CPCB_BLR_BTM,2.31
PROP-9D74DFA1B1DA,60,34,56,60,63.0,CPCB_BLR_Hebbal,5.508
PROP-BE1D27B60190,59,33,54,59,71.3,CPCB_BLR_BTM,26.107
PROP-D2FEABDC2F40,31,17,28,31,49.0,CPCB_BLR_Hebbal,29.616
PROP-A0F3511BC46F,108,57,93,108,100.3,CPCB_BLR_BTM,6.791
PROP-C220C20B5024,61,32,53,61,63.0,CPCB_BLR_Hebbal,19.66
PROP-BC60C305F504,35,19,31,35,59.0,CPCB_BLR_BTM,32.717
PROP-237239F4B635,61,32,53,61,63.0,CPCB_BLR_Hebbal,18.218
PROP-7AF330C90784,75,42,69,75,47.3,CPCB_BLR_BTM,6.896
PROP-50509048024E,86,48,79,86,96.0,CPCB_BLR_Hebbal,22.929
PROP-076F69BAFC49,58,31,51,58,60.3,CPCB_BLR_Hebbal,22.304
PROP-F03C994A4997,106,58,96,106,105.7,CPCB_BLR_BTM,16.215
PROP-60FB726C3D49,29,16,26,29,51.3,CPCB_BLR_BTM,16.375
PROP-8D66B4533306,99,56,91,99,98.0,CPCB_BLR_Hebbal,11.86
PROP-F3C9D73A6084,108,57,93,108,100.3,CPCB_BLR_BTM,22.121
PROP-3ED0980040CD,74,41,67,74,44.3,CPCB_BLR_Hebbal,7.493
PROP-CBD2E9F9DA57,90,49,81,90,97.0,CPCB_BLR_Hebbal,5.994
PROP-384D426B6CDF,114,60,98,114,112.7,CPCB_BLR_BTM,20.002
PROP-4636FB1CCEB1,32,16,27,32,52.7,CPCB_BLR_BTM,15.897
PROP-5D4692562610,29,16,26,29,51.3,CPCB_BLR_BTM,15.848
PROP-F63AD71DC992,77,44,72,77,47.3,CPCB_BLR_BTM,24.539
PROP-7B666AE8CE34,86,48,79,86,96.0,CPCB_BLR_Hebbal,27.217
PROP-2CA492C72962,64,34,56,64,67.3,CPCB_BLR_Hebbal,11.301
PROP-FD821F92CE1D,74,41,67,74,44.3,CPCB_BLR_Hebbal,5.113
PROP-872993F18DD7,75,42,69,75,47.3,CPCB_BLR_BTM,18.828
PROP-0AE62F100962,61,32,53,61,63.0,CPCB_BLR_Hebbal,18.218
PROP-BD6861075C2E,73,40,65,73,45.7,CPCB_BLR_BTM,6.791
PROP-5DC9CF618BC0,77,44,72,77,47.3,CPCB_BLR_BTM,6.791
PROP-5D81A54B19E4,93,50,82,93,91.7,CPCB_BLR_Hebbal,5.508
PROP-BB26A943FCFF,68,37,61,68,70.7,CPCB_BLR_BTM,18.455
PROP-92B9BCB92FD1,60,34,56,60,63.0,CPCB_BLR_Hebbal,23.544
PROP-BAFA09222680,33,17,29,33,50.0,CPCB_BLR_Hebbal,11.325
PROP-D575957A299B,107,55,91,107,108.7,CPCB_BLR_BTM,6.896
PROP-795F2B417990,64,34,55,64,67.3,CPCB_BLR_BTM,6.223
PROP-FC61A3F9B3FE,58,31,51,58,60.3,CPCB_BLR_Hebbal,25.084
PROP-829D51DDD9AE,32,16,27,32,52.7,CPCB_BLR_BTM,6.896
PROP-3745FC8C2AA5,64,34,55,64,67.3,CPCB_BLR_BTM,9.739
PROP-2D99415F5BD2,73,40,65,73,45.7,CPCB_BLR_BTM,22.489
PROP-70216B417590,29,16,26,29,51.3,CPCB_BLR_BTM,32.717
PROP-E17C44745397,67,38,62,67,43.0,CPCB_BLR_Hebbal,7.493
PROP-3C6B5D8E665A,73,40,65,73,45.7,CPCB_BLR_BTM,26.107
PROP-52C82292BA6D,60,34,56,60,63.0,CPCB_BLR_Hebbal,14.423
PROP-BCBDED325AE7,61,32,53,61,63.0,CPCB_BLR_Hebbal,14.143
PROP-50F8EEDE8E36,61,32,53,61,63.0,CPCB_BLR_Hebbal,14.143
PROP-91B6C9EC4DF6,106,58,96,106,105.7,CPCB_BLR_BTM,31.959
PROP-585EBE40BDA9,58,33,54,58,68.3,CPCB_BLR_BTM,13.19
PROP-AA1DD105AF68,107,55,91,107,108.7,CPCB_BLR_BTM,25.016
PROP-ACE042C2B2C8,59,33,54,59,71.3,CPCB_BLR_BTM,12.215
PROP-11443D156335,27,15,25,27,48.3,CPCB_BLR_Hebbal,14.143
PROP-4D1653AB930C,59,33,54,59,71.3,CPCB_BLR_BTM,12.215
PROP-505A99553DB2,33,18,29,33,53.0,CPCB_BLR_BTM,32.045
PROP-B3D66271F189,59,33,54,59,71.3,CPCB_BLR_BTM,16.104
PROP-BAE993C96E14,108,57,93,108,100.3,CPCB_BLR_BTM,16.104
PROP-AA87264EFA5F,73,39,64,73,46.0,CPCB_BLR_BTM,20.26
PROP-4470E8247205,59,33,54,59,71.3,CPCB_BLR_BTM,16.104
PROP-E90EAF10FFDA,58,31,51,58,60.3,CPCB_BLR_Hebbal,22.465
PROP-F7A91A41F5F1,29,16,26,29,51.3,CPCB_BLR_BTM,17.441
PROP-8CFBB8B78C84,77,40,65,77,48.0,CPCB_BLR_BTM,9.739
PROP-06E22B7E2FE4,33,17,29,33,50.0,CPCB_BLR_Hebbal,7.493
PROP-23D153C63A78,114,60,98,114,112.7,CPCB_BLR_BTM,26.299
PROP-A71E15110D21,72,41,67,72,43.7,CPCB_BLR_Hebbal,17.67
PROP-4005C1F3DE73,35,19,31,35,59.0,CPCB_BLR_BTM,21.338
PROP-63CEB1524FCC,75,42,69,75,47.3,CPCB_BLR_BTM,21.831
PROP-CDEC2C504020,75,42,69,75,47.3,CPCB_BLR_BTM,7.135
PROP-6BD93C4AFF0E,33,18,29,33,53.0,CPCB_BLR_BTM,4.703
PROP-08DC4E344AAB,86,48,79,86,96.0,CPCB_BLR_Hebbal,8.121
PROP-E0330B711376,70,38,62,70,75.0,CPCB_BLR_BTM,14.817
PROP-63DE3419523F,68,37,61,68,70.7,CPCB_BLR_BTM,16.104
PROP-1C443FE93BFF,33,18,29,33,53.0,CPCB_BLR_BTM,15.897
PROP-E841445690F7,61,32,53,61,63.0,CPCB_BLR_Hebbal,15.616
PROP-7797F62C3C8F,86,48,79,86,96.0,CPCB_BLR_Hebbal,27.217
PROP-D8C2C31E4DEE,86,48,79,86,96.0,CPCB_BLR_Hebbal,14.901
PROP-D188B7920CA9,90,49,81,90,97.0,CPCB_BLR_Hebbal,11.325
PROP-31F04B77DBEF,35,19,31,35,59.0,CPCB_BLR_BTM,14.817
PROP-465E71B8F129,29,16,26,29,51.3,CPCB_BLR_BTM,12.215
PROP-879B046D6BDB,75,42,69,75,43.7,CPCB_BLR_Hebbal,16.887
PROP-A0EA08225DFF,60,34,56,60,63.0,CPCB_BLR_Hebbal,7.678
PROP-EF1D581601E1,99,56,91,99,98.0,CPCB_BLR_Hebbal,19.91
PROP-06076BEB6DD3,27,15,25,27,48.3,CPCB_BLR_Hebbal,7.678
PROP-2ABD8AB23A00,61,32,53,61,63.0,CPCB_BLR_Hebbal,6.033
PROP-398D47FDFDBD,67,38,62,67,43.0,CPCB_BLR_Hebbal,17.326
PROP-02AA863FECCF,75,42,69,75,43.7,CPCB_BLR_Hebbal,28.694
PROP-C17CCC6D8E5F,29,15,25,29,50.7,CPCB_BLR_Hebbal,11.91
PROP-6D082C457A30,75,42,69,75,43.7,CPCB_BLR_Hebbal,11.91
PROP-2BE8B454F117,106,58,96,106,105.7,CPCB_BLR_BTM,14.817
PROP-6C2A322CC5C3,58,33,54,58,68.3,CPCB_BLR_BTM,16.201
PROP-7307DB4462A5,70,38,62,70,75.0,CPCB_BLR_BTM,19.459
PROP-8175B23BB6C5,75,42,69,75,43.7,CPCB_BLR_Hebbal,7.493
PROP-17EDF1A6EF45,58,31,51,58,60.3,CPCB_BLR_Hebbal,19.109
PROP-F846570C0EB0,90,49,81,90,97.0,CPCB_BLR_Hebbal,28.462
PROP-6F4D7A30D39F,32,17,29,32,50.0,CPCB_BLR_Hebbal,14.901
PROP-BF1DBCF07F2B,35,19,31,35,59.0,CPCB_BLR_BTM,29.092
PROP-538AC79A4DA1,93,50,82,93,91.7,CPCB_BLR_Hebbal,17.344
PROP-1F2DB800A526,58,33,54,58,68.3,CPCB_BLR_BTM,7.561
PROP-214A5735A717,106,58,96,106,105.7,CPCB_BLR_BTM,12.215
PROP-9BC94253216A,61,32,53,61,63.0,CPCB_BLR_Hebbal,19.093
PROP-E389FDDBF12C,90,49,81,90,97.0,CPCB_BLR_Hebbal,13.202
PROP-B483966D62DA,108,57,93,108,100.3,CPCB_BLR_BTM,12.395
PROP-80C3F2A9BEBF,73,39,64,73,46.0,CPCB_BLR_BTM,11.815
PROP-CD77A0E36207,64,34,56,64,67.3,CPCB_BLR_Hebbal,23.987
PROP-D493AF2C705E,72,41,67,72,43.7,CPCB_BLR_Hebbal,18.6
PROP-57F0708D759E,33,17,28,33,52.0,CPCB_BLR_BTM,6.791
PROP-F5F3C0648ECD,114,60,98,114,112.7,CPCB_BLR_BTM,20.26
PROP-53EA1E073943,75,42,69,75,43.7,CPCB_BLR_Hebbal,11.86
PROP-72C92A30B4CD,60,34,56,60,63.0,CPCB_BLR_Hebbal,22.419
PROP-AAACB73BA1A1,93,50,82,93,91.7,CPCB_BLR_Hebbal,22.211
PROP-33F4AC06EA44,33,17,28,33,52.0,CPCB_BLR_BTM,29.574
PROP-A4962675C658,61,32,53,61,63.0,CPCB_BLR_Hebbal,16.887
PROP-77B70737CCEE,86,48,79,86,96.0,CPCB_BLR_Hebbal,16.887
PROP-FD0FD9E8ADEA,60,34,56,60,63.0,CPCB_BLR_Hebbal,22.092
PROP-5709B713C4AE,27,15,25,27,48.3,CPCB_BLR_Hebbal,30.734
PROP-DCD80137386C,67,38,62,67,43.0,CPCB_BLR_Hebbal,15.667
PROP-F7536B1F23E1,32,17,29,32,50.0,CPCB_BLR_Hebbal,18.234
PROP-B8421FE6772E,107,55,91,107,108.7,CPCB_BLR_BTM,21.599
PROP-C45641AA789B,64,34,55,64,67.3,CPCB_BLR_BTM,7.667
PROP-9F1C62C0B21A,29,16,26,29,51.3,CPCB_BLR_BTM,15.897
PROP-5F3153BD5853,61,32,53,61,63.0,CPCB_BLR_Hebbal,3.89
PROP-C7B354DAE7D3,29,16,26,29,51.3,CPCB_BLR_BTM,25.016
PROP-C4659361083A,64,34,56,64,67.3,CPCB_BLR_Hebbal,1.664
PROP-75912FA63043,27,15,25,27,48.3,CPCB_BLR_Hebbal,19.91
PROP-58CFD920F3C4,27,15,25,27,48.3,CPCB_BLR_Hebbal,27.51
PROP-7220408E9361,68,37,61,68,70.7,CPCB_BLR_BTM,21.805
PROP-C5B6591960BE,32,16,27,32,52.7,CPCB_BLR_BTM,25.016
PROP-638B664BD17D,33,18,29,33,53.0,CPCB_BLR_BTM,6.223
PROP-67D2312018CF,75,42,69,75,47.3,CPCB_BLR_BTM,16.375
PROP-D28DA693B336,75,42,69,75,47.3,CPCB_BLR_BTM,22.121
PROP-5D72D298B695,61,32,53,61,63.0,CPCB_BLR_Hebbal,13.202
PROP-A85525D6133D,64,34,55,64,67.3,CPCB_BLR_BTM,2.31
PROP-4A86F269A0E3,90,49,81,90,97.0,CPCB_BLR_Hebbal,11.86
PROP-01AD7F83AFFB,108,57,93,108,100.3,CPCB_BLR_BTM,26.107
PROP-843638BA1FCD,27,15,25,27,48.3,CPCB_BLR_Hebbal,23.002
PROP-6F46D1C72810,114,60,98,114,112.7,CPCB_BLR_BTM,2.896
PROP-0A3A4948FB7A,99,56,91,99,98.0,CPCB_BLR_Hebbal,22.803
PROP-B4244CEC07A1,60,34,56,60,63.0,CPCB_BLR_Hebbal,3.745
PROP-98F2AC69F016,72,41,67,72,43.7,CPCB_BLR_Hebbal,5.113
PROP-1C92193D699B,64,34,56,64,67.3,CPCB_BLR_Hebbal,26.534
PROP-2CEADC40C816,29,15,25,29,50.7,CPCB_BLR_Hebbal,17.002
PROP-51CD6F42C917,69,38,63,69,42.3,CPCB_BLR_Hebbal,19.66
PROP-B358AA3DD844,70,38,62,70,75.0,CPCB_BLR_BTM,14.98
PROP-0E9DA33E3DF4,61,32,53,61,63.0,CPCB_BLR_Hebbal,21.528
PROP-25BA1D886C3A,32,17,29,32,50.0,CPCB_BLR_Hebbal,21.528
PROP-82FCFD32A3CF,33,18,29,33,53.0,CPCB_BLR_BTM,16.958
PROP-79E1275CDD26,67,38,62,67,43.0,CPCB_BLR_Hebbal,27.217
PROP-D9D5A4C9C076,33,17,29,33,50.0,CPCB_BLR_Hebbal,24.32
PROP-5514AFF20F84,29,15,25,29,50.7,CPCB_BLR_Hebbal,5.508
PROP-C9ECF17B949C,31,17,28,31,49.0,CPCB_BLR_Hebbal,25.084
PROP-77F0B7A6F763,74,41,67,74,44.3,CPCB_BLR_Hebbal,18.218
PROP-E7C2E49BFCA9,32,16,27,32,52.7,CPCB_BLR_BTM,24.539
PROP-BE658B48D25F,70,38,62,70,75.0,CPCB_BLR_BTM,29.574
PROP-0530BE24490C,86,48,79,86,96.0,CPCB_BLR_Hebbal,19.093
PROP-6B995F9BA84B,33,18,29,33,53.0,CPCB_BLR_BTM,21.022
PROP-FA69DE21B708,68,37,61,68,70.7,CPCB_BLR_BTM,6.896
PROP-6F3E16BB04C8,33,17,28,33,52.0,CPCB_BLR_BTM,16.104
PROP-D635C17FCB73,32,17,29,32,50.0,CPCB_BLR_Hebbal,25.084
PROP-5972DB140E70,73,40,65,73,45.7,CPCB_BLR_BTM,22.121
PROP-BA4B74C65640,32,17,29,32,50.0,CPCB_BLR_Hebbal,5.508
PROP-9A3F36CCFAEE,61,32,53,61,63.0,CPCB_BLR_Hebbal,16.887
PROP-9EB49BACBA68,27,15,25,27,48.3,CPCB_BLR_Hebbal,22.092
PROP-4E0E957A1F9B,73,40,65,73,45.7,CPCB_BLR_BTM,6.896
PROP-B6D0D4410215,73,39,64,73,46.0,CPCB_BLR_BTM,19.426
PROP-6E062BD129DF,108,57,93,108,100.3,CPCB_BLR_BTM,16.958
PROP-E423291FED8E,72,41,67,72,43.7,CPCB_BLR_Hebbal,11.301
PROP-99E40CE8658A,67,38,62,67,43.0,CPCB_BLR_Hebbal,19.66
PROP-AEACB3BC83DF,99,56,91,99,98.0,CPCB_BLR_Hebbal,10.833
PROP-3F1DEB5F1127,114,60,98,114,112.7,CPCB_BLR_BTM,6.896
PROP-92CAED17B68C,29,15,25,29,50.7,CPCB_BLR_Hebbal,16.887
PROP-069B08308E58,86,48,79,86,96.0,CPCB_BLR_Hebbal,8.121
PROP-5815C2243250,58,31,51,58,60.3,CPCB_BLR_Hebbal,11.301
PROP-1FC5DB53B2F6,33,17,29,33,50.0,CPCB_BLR_Hebbal,16.887
PROP-1F98AB95F69A,58,31,51,58,60.3,CPCB_BLR_Hebbal,21.528
PROP-F04C6219040D,35,19,31,35,59.0,CPCB_BLR_BTM,26.107
PROP-3110F589BA2D,64,34,55,64,67.3,CPCB_BLR_BTM,26.107
PROP-F20F61B28770,29,15,25,29,50.7,CPCB_BLR_Hebbal,29.616
PROP-A3473590907D,75,42,69,75,43.7,CPCB_BLR_Hebbal,20.103
PROP-56BD47573E92,68,37,61,68,70.7,CPCB_BLR_BTM,16.888
PROP-51F5EABB2F61,32,17,29,32,50.0,CPCB_BLR_Hebbal,19.093
PROP-80747E7CD65D,70,38,62,70,75.0,CPCB_BLR_BTM,2.15
PROP-17A782AFB533,99,56,91,99,98.0,CPCB_BLR_Hebbal,3.89
PROP-89ABBD394EC5,107,55,91,107,108.7,CPCB_BLR_BTM,24.539
PROP-B9B2AAC7A639,64,34,56,64,67.3,CPCB_BLR_Hebbal,5.508
PROP-6F83A6D3852B,64,34,56,64,67.3,CPCB_BLR_Hebbal,22.138
PROP-1B05BDBB085B,29,16,26,29,51.3,CPCB_BLR_BTM,16.646
PROP-1B522F7E5485,32,16,27,32,52.7,CPCB_BLR_BTM,20.922
PROP-74376609C775,31,17,28,31,49.0,CPCB_BLR_Hebbal,21.175
PROP-B9945CF42A39,33,17,28,33,52.0,CPCB_BLR_BTM,6.791
PROP-80CF2D62D63E,29,15,25,29,50.7,CPCB_BLR_Hebbal,7.493
PROP-34E9B4D262A5,33,17,29,33,50.0,CPCB_BLR_Hebbal,28.462
PROP-1A191E863B26,29,16,26,29,51.3,CPCB_BLR_BTM,6.791
PROP-B183A6ECA433,114,60,98,114,112.7,CPCB_BLR_BTM,6.896
PROP-BF421BA4E522,29,15,25,29,50.7,CPCB_BLR_Hebbal,25.084
PROP-29BBEE08AD6A,60,34,56,60,63.0,CPCB_BLR_Hebbal,17.794
PROP-4936D3D76392,33,17,28,33,52.0,CPCB_BLR_BTM,6.223
PROP-2958A28B1BF2,90,49,81,90,97.0,CPCB_BLR_Hebbal,3.745
PROP-FA206BD13CF8,73,40,65,73,45.7,CPCB_BLR_BTM,19.426
PROP-AB7855922473,107,55,91,107,108.7,CPCB_BLR_BTM,24.908
PROP-F7BD9D22747D,32,16,27,32,52.7,CPCB_BLR_BTM,11.535
PROP-77F1D54F3A83,73,39,64,73,46.0,CPCB_BLR_BTM,19.325
PROP-F1ED358B82A9,61,32,53,61,63.0,CPCB_BLR_Hebbal,29.616
PROP-0251A5574962,77,40,65,77,48.0,CPCB_BLR_BTM,19.426
PROP-01FEF977AF2F,69,38,63,69,42.3,CPCB_BLR_Hebbal,24.468
PROP-B7F81F0112BF,69,38,63,69,42.3,CPCB_BLR_Hebbal,28.325
PROP-A31D4F91FDA1,114,60,98,114,112.7,CPCB_BLR_BTM,6.502
PROP-38DF7ACDB881,33,18,29,33,53.0,CPCB_BLR_BTM,5.824
PROP-D652136E415C,73,40,65,73,45.7,CPCB_BLR_BTM,12.215
PROP-063912162F60,27,15,25,27,48.3,CPCB_BLR_Hebbal,3.89
PROP-5A12E1DEB7BB,75,42,69,75,47.3,CPCB_BLR_BTM,21.022
PROP-B2A436AFA30B,74,41,67,74,44.3,CPCB_BLR_Hebbal,22.211
PROP-FA9BF2EA2AD3,64,34,56,64,67.3,CPCB_BLR_Hebbal,11.524
PROP-A0F31EFEC8DF,70,38,62,70,75.0,CPCB_BLR_BTM,25.016
PROP-BE2A58E55014,64,34,56,64,67.3,CPCB_BLR_Hebbal,19.705
PROP-21A4CEA38FC7,64,34,56,64,67.3,CPCB_BLR_Hebbal,21.528
PROP-84680D4605EF,32,17,29,32,50.0,CPCB_BLR_Hebbal,21.528
PROP-77307A7460E6,93,50,82,93,91.7,CPCB_BLR_Hebbal,19.109
PROP-4406879C04B8,86,48,79,86,96.0,CPCB_BLR_Hebbal,2.497
PROP-F1C6F8EAEF70,60,34,56,60,63.0,CPCB_BLR_Hebbal,20.765
PROP-7E43CED63487,33,18,29,33,53.0,CPCB_BLR_BTM,11.754
PROP-D4F3E216F4A6,59,33,54,59,71.3,CPCB_BLR_BTM,11.535
PROP-1CD4344A6E0F,108,57,93,108,100.3,CPCB_BLR_BTM,19.459
PROP-5D44A9CB0264,108,57,93,108,100.3,CPCB_BLR_BTM,29.04
PROP-37382CBB3A23,61,32,53,61,63.0,CPCB_BLR_Hebbal,30.734
PROP-CCC9097E109D,108,57,93,108,100.3,CPCB_BLR_BTM,6.896
PROP-A36F0478D992,59,33,54,59,71.3,CPCB_BLR_BTM,12.395
PROP-31774D75A02E,68,37,61,68,70.7,CPCB_BLR_BTM,18.175
PROP-B68F6CB38ABE,73,39,64,73,46.0,CPCB_BLR_BTM,6.896
PROP-15F778346255,68,37,61,68,70.7,CPCB_BLR_BTM,29.38
PROP-7DB68EE331F7,73,39,64,73,46.0,CPCB_BLR_BTM,16.104
PROP-097A4556D6A1,90,49,81,90,97.0,CPCB_BLR_Hebbal,3.89
PROP-860918630288,93,50,82,93,91.7,CPCB_BLR_Hebbal,26.753
PROP-DB72C049BBB7,99,56,91,99,98.0,CPCB_BLR_Hebbal,9.247
PROP-C3677CA22876,29,15,25,29,50.7,CPCB_BLR_Hebbal,5.508
PROP-DD52D94B45F6,59,33,54,59,71.3,CPCB_BLR_BTM,10.829
PROP-0DFBCB6E1771,33,17,29,33,50.0,CPCB_BLR_Hebbal,6.185
PROP-64908790C2DC,64,34,55,64,67.3,CPCB_BLR_BTM,6.896
PROP-2CDC8E50EB9F,107,55,91,107,108.7,CPCB_BLR_BTM,21.022
PROP-A7A3FD332C22,106,58,96,106,105.7,CPCB_BLR_BTM,13.103
PROP-24BEBE7D0051,70,38,62,70,75.0,CPCB_BLR_BTM,12.215
PROP-362C055DF818,32,16,27,32,52.7,CPCB_BLR_BTM,12.395
PROP-8977D20A5151,77,44,72,77,47.3,CPCB_BLR_BTM,21.338
PROP-C44315AEA91A,59,33,54,59,71.3,CPCB_BLR_BTM,25.21
PROP-B72F24FF7102,99,56,91,99,98.0,CPCB_BLR_Hebbal,19.109
PROP-D5A2500283AE,59,33,54,59,71.3,CPCB_BLR_BTM,24.539
PROP-CB8B145AA1A0,107,55,91,107,108.7,CPCB_BLR_BTM,6.896
PROP-DEB25D8A0824,107,55,91,107,108.7,CPCB_BLR_BTM,29.574
PROP-36F4C2E2F8C2,59,33,54,59,71.3,CPCB_BLR_BTM,26.111
PROP-96BC79D9D190,32,17,29,32,50.0,CPCB_BLR_Hebbal,16.887
PROP-23765AECBE7F,29,15,25,29,50.7,CPCB_BLR_Hebbal,15.067
PROP-1F1AEB8FCFA9,32,17,29,32,50.0,CPCB_BLR_Hebbal,22.182
PROP-DA31F830F91F,75,42,69,75,43.7,CPCB_BLR_Hebbal,20.765
PROP-5FAE88B44F6A,58,31,51,58,60.3,CPCB_BLR_Hebbal,5.508
PROP-AC4F9449866A,93,50,82,93,91.7,CPCB_BLR_Hebbal,15.803
PROP-719C462D87B0,33,17,29,33,50.0,CPCB_BLR_Hebbal,26.035
PROP-09B1D971CB51,32,17,29,32,50.0,CPCB_BLR_Hebbal,25.545
PROP-6226851F74F4,106,58,96,106,105.7,CPCB_BLR_BTM,15.897
PROP-911EB5971519,77,40,65,77,48.0,CPCB_BLR_BTM,17.031
PROP-5A1AF60180B6,64,34,55,64,67.3,CPCB_BLR_BTM,22.937
PROP-698BDDD9687B,58,31,51,58,60.3,CPCB_BLR_Hebbal,8.121
PROP-4533C32A538C,75,42,69,75,43.7,CPCB_BLR_Hebbal,18.159
PROP-109EF9290525,106,58,96,106,105.7,CPCB_BLR_BTM,10.46
PROP-110D323C240A,31,17,28,31,49.0,CPCB_BLR_Hebbal,17.794
PROP-B1E5ADAFB65D,33,17,29,33,50.0,CPCB_BLR_Hebbal,4.842
PROP-84C4C490F45D,72,41,67,72,43.7,CPCB_BLR_Hebbal,18.6
PROP-CB53845BE6CA,69,38,63,69,42.3,CPCB_BLR_Hebbal,22.874
PROP-84093EF02E9F,70,38,62,70,75.0,CPCB_BLR_BTM,6.896
PROP-70992F35B99D,29,15,25,29,50.7,CPCB_BLR_Hebbal,16.709
PROP-44B3AD62F10C,64,34,55,64,67.3,CPCB_BLR_BTM,14.504
PROP-4DFD2089D443,29,16,26,29,51.3,CPCB_BLR_BTM,26.523
PROP-D3C78F2A1B70,68,37,61,68,70.7,CPCB_BLR_BTM,16.215
PROP-0AB340C7F0EC,58,33,54,58,68.3,CPCB_BLR_BTM,1.477
PROP-15F7FFAEAF3F,73,39,64,73,46.0,CPCB_BLR_BTM,16.215
PROP-91715EBD8BA0,60,34,56,60,63.0,CPCB_BLR_Hebbal,8.121
PROP-5B80DB340927,64,34,55,64,67.3,CPCB_BLR_BTM,2.737
PROP-E88674DE1DEE,32,16,27,32,52.7,CPCB_BLR_BTM,14.98
PROP-7C7E9D936B0F,77,40,65,77,48.0,CPCB_BLR_BTM,2.15
PROP-526250366E2E,59,33,54,59,71.3,CPCB_BLR_BTM,1.961
PROP-27264B2B0EEA,61,32,53,61,63.0,CPCB_BLR_Hebbal,19.093
PROP-2F7A0FB9F380,29,15,25,29,50.7,CPCB_BLR_Hebbal,22.929
PROP-B371F2DE5E4A,73,39,64,73,46.0,CPCB_BLR_BTM,26.609
PROP-A6A0CF4E500D,93,50,82,93,91.7,CPCB_BLR_Hebbal,19.093
PROP-586FBEE9CB32,73,39,64,73,46.0,CPCB_BLR_BTM,1.961
PROP-8CEE5B3B918D,27,15,25,27,48.3,CPCB_BLR_Hebbal,14.423
PROP-137796FC5ACE,33,18,29,33,53.0,CPCB_BLR_BTM,22.464
PROP-6B08C4587CC2,108,57,93,108,100.3,CPCB_BLR_BTM,32.717
PROP-7A15AACA1AA6,61,32,53,61,63.0,CPCB_BLR_Hebbal,10.833
PROP-AD93BA17BF0A,77,44,72,77,47.3,CPCB_BLR_BTM,13.313
PROP-B6CFCD8AB39F,68,37,61,68,70.7,CPCB_BLR_BTM,14.98
PROP-CDEB30B79377,77,44,72,77,47.3,CPCB_BLR_BTM,21.022
PROP-59655E9A4928,35,19,31,35,59.0,CPCB_BLR_BTM,26.609
PROP-5E620E3A3ACC,27,15,25,27,48.3,CPCB_BLR_Hebbal,14.143
PROP-1F170054874C,61,32,53,61,63.0,CPCB_BLR_Hebbal,26.616
PROP-1ACD5755A340,59,33,54,59,71.3,CPCB_BLR_BTM,9.736
PROP-7B518A7380BA,64,34,55,64,67.3,CPCB_BLR_BTM,11.815
PROP-B9566D9FB165,61,32,53,61,63.0,CPCB_BLR_Hebbal,30.734
PROP-E4CE65741551,33,18,29,33,53.0,CPCB_BLR_BTM,21.338
PROP-6457C8001006,58,31,51,58,60.3,CPCB_BLR_Hebbal,19.093
PROP-7A954D76BA2B,61,32,53,61,63.0,CPCB_BLR_Hebbal,15.308
PROP-68BAD9FBF459,31,17,28,31,49.0,CPCB_BLR_Hebbal,9.343
PROP-59AE24D1FA8D,58,33,54,58,68.3,CPCB_BLR_BTM,27.018
PROP-264564D93BA7,29,16,26,29,51.3,CPCB_BLR_BTM,25.004
PROP-391A6480EEC2,77,44,72,77,47.3,CPCB_BLR_BTM,16.958
PROP-D7A37A260811,61,32,53,61,63.0,CPCB_BLR_Hebbal,16.709
PROP-5A0D55A60A7C,27,15,25,27,48.3,CPCB_BLR_Hebbal,30.734
PROP-527333F3F3A7,68,37,61,68,70.7,CPCB_BLR_BTM,24.908
PROP-B33814EAF7E2,73,39,64,73,46.0,CPCB_BLR_BTM,26.609
PROP-50E73A3C7ED4,32,17,29,32,50.0,CPCB_BLR_Hebbal,29.616
PROP-D763CDDADC51,77,44,72,77,47.3,CPCB_BLR_BTM,16.104
PROP-EAAD3F11A03D,33,17,28,33,52.0,CPCB_BLR_BTM,16.325
PROP-14FBC523597F,70,38,62,70,75.0,CPCB_BLR_BTM,25.255
PROP-24E12EE6AA8F,73,40,65,73,45.7,CPCB_BLR_BTM,8.61
PROP-25DF2A6FDC38,32,16,27,32,52.7,CPCB_BLR_BTM,29.092
PROP-7F4E18125D11,75,42,69,75,43.7,CPCB_BLR_Hebbal,17.794
PROP-BBC7E2CA7D35,108,57,93,108,100.3,CPCB_BLR_BTM,6.223
PROP-FB39A66F31A7,35,19,31,35,59.0,CPCB_BLR_BTM,5.481
PROP-DDAF24A1DE0B,35,19,31,35,59.0,CPCB_BLR_BTM,5.481
PROP-EF16911EEA61,86,48,79,86,96.0,CPCB_BLR_Hebbal,17.794
PROP-BEF7365E788F,93,50,82,93,91.7,CPCB_BLR_Hebbal,2.497
PROP-613E7B16B78C,35,19,31,35,59.0,CPCB_BLR_BTM,22.066
PROP-11AF8E156BD9,29,15,25,29,50.7,CPCB_BLR_Hebbal,11.86
PROP-DB0335CD4E73,77,44,72,77,47.3,CPCB_BLR_BTM,16.325
PROP-2B1471560720,114,60,98,114,112.7,CPCB_BLR_BTM,16.215
PROP-0430957DE626,77,40,65,77,48.0,CPCB_BLR_BTM,16.958
PROP-8E2F998170B1,60,34,56,60,63.0,CPCB_BLR_Hebbal,11.325
PROP-8233A0726CA4,64,34,56,64,67.3,CPCB_BLR_Hebbal,27.979
PROP-41834639F45A,33,17,28,33,52.0,CPCB_BLR_BTM,15.468
PROP-6F327DCF7209,106,58,96,106,105.7,CPCB_BLR_BTM,15.848
PROP-58FC2FB34F2A,32,16,27,32,52.7,CPCB_BLR_BTM,24.539
PROP-36439114999A,106,58,96,106,105.7,CPCB_BLR_BTM,13.769
PROP-E8FF98787CA6,58,31,51,58,60.3,CPCB_BLR_Hebbal,4.935
PROP-FA69A69649CF,61,32,53,61,63.0,CPCB_BLR_Hebbal,11.301
PROP-564BA06B07C7,114,60,98,114,112.7,CPCB_BLR_BTM,9.725
PROP-11A4AC0E22D8,58,31,51,58,60.3,CPCB_BLR_Hebbal,30.734
PROP-1B316545C9B6,64,34,56,64,67.3,CPCB_BLR_Hebbal,27.217
PROP-4BD18EBCB1E9,107,55,91,107,108.7,CPCB_BLR_BTM,16.325
PROP-3ED9BAC50DA3,64,34,56,64,67.3,CPCB_BLR_Hebbal,25.545
PROP-C096A3FD97BE,107,55,91,107,108.7,CPCB_BLR_BTM,16.104
PROP-1DDD5555EE0A,99,56,91,99,98.0,CPCB_BLR_Hebbal,17.344
PROP-4863483DEF2D,106,58,96,106,105.7,CPCB_BLR_BTM,27.018
PROP-A9BAD544DE67,60,34,56,60,63.0,CPCB_BLR_Hebbal,11.86
PROP-A4FD27DA5E12,72,41,67,72,43.7,CPCB_BLR_Hebbal,4.935
PROP-89D703B24F43,31,17,28,31,49.0,CPCB_BLR_Hebbal,30.734
PROP-53444714087E,33,18,29,33,53.0,CPCB_BLR_BTM,6.223
PROP-AE44C58BC467,90,49,81,90,97.0,CPCB_BLR_Hebbal,4.935
PROP-088653F04D27,74,41,67,74,44.3,CPCB_BLR_Hebbal,17.794
PROP-A23BCB4F58D5,77,40,65,77,48.0,CPCB_BLR_BTM,8.788
PROP-C6EB20A53AA4,59,33,54,59,71.3,CPCB_BLR_BTM,29.408
PROP-9BED3884EF74,59,33,54,59,71.3,CPCB_BLR_BTM,2.737
PROP-B4CAE80DF47C,75,42,69,75,43.7,CPCB_BLR_Hebbal,8.121
PROP-5B17B30F0568,75,42,69,75,47.3,CPCB_BLR_BTM,14.272
PROP-994C7CC607DE,114,60,98,114,112.7,CPCB_BLR_BTM,16.908
PROP-141074B61B34,32,17,29,32,50.0,CPCB_BLR_Hebbal,5.593
PROP-569200A71A84,72,41,67,72,43.7,CPCB_BLR_Hebbal,10.624
PROP-7B3E3436CA4F,75,42,69,75,47.3,CPCB_BLR_BTM,16.375
PROP-5B0A0FC228F3,77,44,72,77,47.3,CPCB_BLR_BTM,17.784
PROP-898FFBD3321D,32,17,29,32,50.0,CPCB_BLR_Hebbal,22.182
PROP-9688C3DE9763,77,44,72,77,47.3,CPCB_BLR_BTM,17.784
PROP-09F45B7A86A2,72,41,67,72,43.7,CPCB_BLR_Hebbal,19.179
PROP-436E516D343E,93,50,82,93,91.7,CPCB_BLR_Hebbal,30.531
PROP-E20CF0FF383B,29,16,26,29,51.3,CPCB_BLR_BTM,5.48
PROP-5F4B827E9F1C,77,44,72,77,47.3,CPCB_BLR_BTM,9.725
PROP-CA3FD794B257,59,33,54,59,71.3,CPCB_BLR_BTM,17.784
PROP-51AFB0F34538,107,55,91,107,108.7,CPCB_BLR_BTM,24.539
PROP-C0106BE2CFFF,68,37,61,68,70.7,CPCB_BLR_BTM,15.468
PROP-FBA52FF69B4E,114,60,98,114,112.7,CPCB_BLR_BTM,25.255
PROP-6232D5D5BAA8,114,60,98,114,112.7,CPCB_BLR_BTM,2.15
PROP-4356857C9E48,74,41,67,74,44.3,CPCB_BLR_Hebbal,16.887
PROP-441B387065E7,29,15,25,29,50.7,CPCB_BLR_Hebbal,30.531
PROP-17D53ECF8E87,35,19,31,35,59.0,CPCB_BLR_BTM,16.375
PROP-9F2CB12EE522,58,31,51,58,60.3,CPCB_BLR_Hebbal,28.694
PROP-615446696A3B,35,19,31,35,59.0,CPCB_BLR_BTM,25.255
PROP-8B26726BFAD8,70,38,62,70,75.0,CPCB_BLR_BTM,17.328
PROP-1D9EA750BF8C,64,34,55,64,67.3,CPCB_BLR_BTM,21.831
PROP-89383D799AC3,93,50,82,93,91.7,CPCB_BLR_Hebbal,17.726
PROP-29FDD0C92E96,27,15,25,27,48.3,CPCB_BLR_Hebbal,19.179
PROP-F65F00240235,73,40,65,73,45.7,CPCB_BLR_BTM,6.223
PROP-43E225FD6139,73,40,65,73,45.7,CPCB_BLR_BTM,21.832
PROP-8D5552EA40FC,70,38,62,70,75.0,CPCB_BLR_BTM,21.832
PROP-DF0E68C39717,59,33,54,59,71.3,CPCB_BLR_BTM,13.79
PROP-1CC0B86B5B84,31,17,28,31,49.0,CPCB_BLR_Hebbal,17.794
PROP-C157E4411C18,73,40,65,73,45.7,CPCB_BLR_BTM,20.663
PROP-5688212C8031,61,32,53,61,63.0,CPCB_BLR_Hebbal,32.495
PROP-04E7DF9F81BD,61,32,53,61,63.0,CPCB_BLR_Hebbal,21.439
PROP-F765AB932409,32,16,27,32,52.7,CPCB_BLR_BTM,20.278
PROP-65F03C753DF1,59,33,54,59,71.3,CPCB_BLR_BTM,19.481
PROP-FC7DF5049E71,75,42,69,75,43.7,CPCB_BLR_Hebbal,22.092
PROP-05E19E6D880A,59,33,54,59,71.3,CPCB_BLR_BTM,16.215
PROP-EDF27A5B0463,77,44,72,77,47.3,CPCB_BLR_BTM,32.717
PROP-48C71F6E713B,29,16,26,29,51.3,CPCB_BLR_BTM,21.832
PROP-5D9395FBBE02,29,16,26,29,51.3,CPCB_BLR_BTM,32.717
PROP-8042ADE277F0,72,41,67,72,43.7,CPCB_BLR_Hebbal,16.887
PROP-8EFE2CDEA153,77,40,65,77,48.0,CPCB_BLR_BTM,16.215
PROP-C545C93B49E5,61,32,53,61,63.0,CPCB_BLR_Hebbal,14.143
PROP-3FDA346C4B94,58,31,51,58,60.3,CPCB_BLR_Hebbal,5.994
PROP-94461D7DCCD5,114,60,98,114,112.7,CPCB_BLR_BTM,26.111
PROP-672B55DB8441,33,17,29,33,50.0,CPCB_BLR_Hebbal,4.935
PROP-5BA1E60B70E3,58,33,54,58,68.3,CPCB_BLR_BTM,15.848
PROP-CAF5E16961C7,108,57,93,108,100.3,CPCB_BLR_BTM,24.539
PROP-1FD1E1BC1A1C,60,34,56,60,63.0,CPCB_BLR_Hebbal,4.738
PROP-234DF79E7111,58,31,51,58,60.3,CPCB_BLR_Hebbal,21.33
PROP-C078142C4E0B,86,48,79,86,96.0,CPCB_BLR_Hebbal,8.948
PROP-B7F82B9FB7AD,32,16,27,32,52.7,CPCB_BLR_BTM,9.725
PROP-4A6B28127168,90,49,81,90,97.0,CPCB_BLR_Hebbal,21.528
PROP-A6D38A648C27,77,44,72,77,47.3,CPCB_BLR_BTM,20.002
PROP-030B710C67DE,86,48,79,86,96.0,CPCB_BLR_Hebbal,27.383
PROP-FC169B85B3DA,61,32,53,61,63.0,CPCB_BLR_Hebbal,17.794
PROP-59A39B0158C8,58,33,54,58,68.3,CPCB_BLR_BTM,19.912
PROP-0DB3DDFD9FBC,70,38,62,70,75.0,CPCB_BLR_BTM,26.815
PROP-656E756559BF,114,60,98,114,112.7,CPCB_BLR_BTM,30.735
PROP-5952F2C2B499,93,50,82,93,91.7,CPCB_BLR_Hebbal,8.163
PROP-1E8E13B0E034,99,56,91,99,98.0,CPCB_BLR_Hebbal,18.234
PROP-D2006457DB11,64,34,55,64,67.3,CPCB_BLR_BTM,13.313
PROP-DAFCA1D8C159,99,56,91,99,98.0,CPCB_BLR_Hebbal,18.023
PROP-638E6F08A192,27,15,25,27,48.3,CPCB_BLR_Hebbal,24.367
PROP-5673C99CED1C,59,33,54,59,71.3,CPCB_BLR_BTM,8.788
PROP-7948C7BE7FC2,59,33,54,59,71.3,CPCB_BLR_BTM,12.215
PROP-769C05211808,73,39,64,73,46.0,CPCB_BLR_BTM,12.215
PROP-E7F42158E430,29,15,25,29,50.7,CPCB_BLR_Hebbal,6.213
PROP-ADF6646AF1B8,33,18,29,33,53.0,CPCB_BLR_BTM,15.486
PROP-8CDBE9267BFF,77,40,65,77,48.0,CPCB_BLR_BTM,11.815
PROP-8AAC9FC3E8DB,60,34,56,60,63.0,CPCB_BLR_Hebbal,21.091
PROP-337A9019956E,74,41,67,74,44.3,CPCB_BLR_Hebbal,22.211
PROP-65CBC9022368,33,17,29,33,50.0,CPCB_BLR_Hebbal,6.347
PROP-9C982E01DABE,72,41,67,72,43.7,CPCB_BLR_Hebbal,6.347
PROP-B36C1025214C,90,49,81,90,97.0,CPCB_BLR_Hebbal,14.423
PROP-6DAC94B95AE5,64,34,56,64,67.3,CPCB_BLR_Hebbal,11.524
PROP-6FA23D1D8967,90,49,81,90,97.0,CPCB_BLR_Hebbal,30.531
PROP-51B8FAC99538,72,41,67,72,43.7,CPCB_BLR_Hebbal,30.734
PROP-139DE4C64567,77,44,72,77,47.3,CPCB_BLR_BTM,21.872
PROP-D4468A9DE869,29,16,26,29,51.3,CPCB_BLR_BTM,4.703
PROP-2B450D40DFE8,35,19,31,35,59.0,CPCB_BLR_BTM,21.872
PROP-FB70FBC52EE3,33,18,29,33,53.0,CPCB_BLR_BTM,13.79
PROP-1E3FC4E10F55,33,18,29,33,53.0,CPCB_BLR_BTM,27.018
PROP-970EEEE66188,61,32,53,61,63.0,CPCB_BLR_Hebbal,6.347
PROP-23FF162BF658,27,15,25,27,48.3,CPCB_BLR_Hebbal,10.833
PROP-DC748BB75CB3,32,17,29,32,50.0,CPCB_BLR_Hebbal,5.833
PROP-D2FED454D725,72,41,67,72,43.7,CPCB_BLR_Hebbal,14.143
PROP-A8D06C1E19BF,86,48,79,86,96.0,CPCB_BLR_Hebbal,19.91
PROP-22CAE4B207BE,32,17,29,32,50.0,CPCB_BLR_Hebbal,10.789
PROP-22637C226517,69,38,63,69,42.3,CPCB_BLR_Hebbal,21.33
PROP-FCE5C1C77469,61,32,53,61,63.0,CPCB_BLR_Hebbal,19.83
PROP-C8CC7D055133,75,42,69,75,43.7,CPCB_BLR_Hebbal,3.005
PROP-E5295EEC7C09,86,48,79,86,96.0,CPCB_BLR_Hebbal,5.994
PROP-C97FC2024AC8,35,19,31,35,59.0,CPCB_BLR_BTM,20.663
PROP-0AF9A13AC90B,59,33,54,59,71.3,CPCB_BLR_BTM,14.504
PROP-18A8C65F07A8,75,42,69,75,47.3,CPCB_BLR_BTM,29.574
PROP-6C9915A423D4,90,49,81,90,97.0,CPCB_BLR_Hebbal,13.202
PROP-17A3C4585249,114,60,98,114,112.7,CPCB_BLR_BTM,19.481
PROP-D9503AD35176,33,17,29,33,50.0,CPCB_BLR_Hebbal,13.202
PROP-30F657453D92,75,42,69,75,47.3,CPCB_BLR_BTM,9.736
PROP-7450BCF81C04,107,55,91,107,108.7,CPCB_BLR_BTM,19.818
PROP-00E39A89C0BE,31,17,28,31,49.0,CPCB_BLR_Hebbal,21.333
PROP-4123F9A4B8D7,72,41,67,72,43.7,CPCB_BLR_Hebbal,25.545
PROP-A9C4EA94BB2F,31,17,28,31,49.0,CPCB_BLR_Hebbal,11.301
PROP-22E7292BD92F,73,40,65,73,45.7,CPCB_BLR_BTM,6.223
PROP-CE078E54C26C,77,40,65,77,48.0,CPCB_BLR_BTM,8.644
PROP-BB715B7CF235,32,16,27,32,52.7,CPCB_BLR_BTM,12.927
PROP-E933A628E495,64,34,55,64,67.3,CPCB_BLR_BTM,6.791
PROP-455C99655B72,58,33,54,58,68.3,CPCB_BLR_BTM,7.561
PROP-710054420A04,33,18,29,33,53.0,CPCB_BLR_BTM,16.958
PROP-E133CE3A9C70,33,17,29,33,50.0,CPCB_BLR_Hebbal,18.6
PROP-3B970AE8774D,59,33,54,59,71.3,CPCB_BLR_BTM,22.479
PROP-D151B2A08AEF,61,32,53,61,63.0,CPCB_BLR_Hebbal,24.883
PROP-C115B99019DD,32,16,27,32,52.7,CPCB_BLR_BTM,1.961
PROP-302C5583132E,68,37,61,68,70.7,CPCB_BLR_BTM,1.961
PROP-CA5FF355FD04,60,34,56,60,63.0,CPCB_BLR_Hebbal,26.035
PROP-489DC8CA2ED4,64,34,55,64,67.3,CPCB_BLR_BTM,28.9
PROP-EE86EA7E6498,93,50,82,93,91.7,CPCB_BLR_Hebbal,29.013
PROP-FD47528B13E5,58,31,51,58,60.3,CPCB_BLR_Hebbal,19.66
PROP-90AE97CEFC9F,35,19,31,35,59.0,CPCB_BLR_BTM,7.667
PROP-B63FADCB1C55,32,16,27,32,52.7,CPCB_BLR_BTM,27.038
PROP-3C24C79B3B94,75,42,69,75,43.7,CPCB_BLR_Hebbal,21.333
PROP-F91AB94A0782,77,40,65,77,48.0,CPCB_BLR_BTM,8.644
PROP-FB2E8010ECBE,70,38,62,70,75.0,CPCB_BLR_BTM,14.429
PROP-EFD9CC2503C0,77,40,65,77,48.0,CPCB_BLR_BTM,16.215
PROP-63615192A17F,106,58,96,106,105.7,CPCB_BLR_BTM,16.908
PROP-BDD2652B2A20,31,17,28,31,49.0,CPCB_BLR_Hebbal,18.6
PROP-DA8F1D6CF7B2,90,49,81,90,97.0,CPCB_BLR_Hebbal,18.6
PROP-FE35AE340B1D,93,50,82,93,91.7,CPCB_BLR_Hebbal,12.482
PROP-B8987EC7DB24,93,50,82,93,91.7,CPCB_BLR_Hebbal,26.534
PROP-CA1C025BD43C,58,31,51,58,60.3,CPCB_BLR_Hebbal,10.843
PROP-D09E0AF4405F,61,32,53,61,63.0,CPCB_BLR_Hebbal,14.566
PROP-94E57D60DC6D,58,31,51,58,60.3,CPCB_BLR_Hebbal,2.581
PROP-05ED8AE55E8D,67,38,62,67,43.0,CPCB_BLR_Hebbal,26.534
PROP-FD5A77B97262,29,16,26,29,51.3,CPCB_BLR_BTM,24.629
PROP-16C1B7E6FDEC,58,31,51,58,60.3,CPCB_BLR_Hebbal,26.035
PROP-ECCDFA70D232,64,34,56,64,67.3,CPCB_BLR_Hebbal,22.319
PROP-D1D66FE57352,32,17,29,32,50.0,CPCB_BLR_Hebbal,14.901
PROP-273A16A98588,32,16,27,32,52.7,CPCB_BLR_BTM,22.479
PROP-FCE8E6A05323,58,33,54,58,68.3,CPCB_BLR_BTM,6.223
PROP-35CAFEB4013D,74,41,67,74,44.3,CPCB_BLR_Hebbal,12.482
PROP-4FA9CF0B3B2B,70,38,62,70,75.0,CPCB_BLR_BTM,9.739
PROP-EAC0AF92FD29,60,34,56,60,63.0,CPCB_BLR_Hebbal,27.51
PROP-19A7504837CA,73,40,65,73,45.7,CPCB_BLR_BTM,5.48
PROP-531DC53FD472,29,16,26,29,51.3,CPCB_BLR_BTM,2.15
PROP-DDD7F00588CD,59,33,54,59,71.3,CPCB_BLR_BTM,18.743
PROP-9ACE0C70FC82,33,17,29,33,50.0,CPCB_BLR_Hebbal,13.202
PROP-6A03EC5C28F0,64,34,56,64,67.3,CPCB_BLR_Hebbal,6.48
PROP-B7AA84552A30,72,41,67,72,43.7,CPCB_BLR_Hebbal,7.827
PROP-84AC450134EA,72,41,67,72,43.7,CPCB_BLR_Hebbal,18.533
PROP-FCB456DF8B22,106,58,96,106,105.7,CPCB_BLR_BTM,16.325
PROP-6FD322F521D2,106,58,96,106,105.7,CPCB_BLR_BTM,14.272
PROP-7F2F559BEDA6,108,57,93,108,100.3,CPCB_BLR_BTM,20.583
PROP-3A70F201A755,86,48,79,86,96.0,CPCB_BLR_Hebbal,10.843
PROP-4BCDB0A8A2DC,72,41,67,72,43.7,CPCB_BLR_Hebbal,21.186
PROP-E07C42453C05,90,49,81,90,97.0,CPCB_BLR_Hebbal,11.524
PROP-0FF36F4AE33C,73,40,65,73,45.7,CPCB_BLR_BTM,16.534
PROP-41483297384B,69,38,63,69,42.3,CPCB_BLR_Hebbal,24.32
PROP-1533FB0EABFB,33,17,28,33,52.0,CPCB_BLR_BTM,20.925
PROP-09D6658B37E3,32,17,29,32,50.0,CPCB_BLR_Hebbal,7.678
PROP-FE6E526EB43A,33,17,29,33,50.0,CPCB_BLR_Hebbal,3.745
PROP-006906BDFA04,33,17,28,33,52.0,CPCB_BLR_BTM,32.717
PROP-81CF8A2FC480,61,32,53,61,63.0,CPCB_BLR_Hebbal,4.738
PROP-DD0B1BA944B2,31,17,28,31,49.0,CPCB_BLR_Hebbal,22.419
PROP-134C16FD10F4,64,34,55,64,67.3,CPCB_BLR_BTM,23.804
PROP-04A8AA3F6F56,69,38,63,69,42.3,CPCB_BLR_Hebbal,25.207
PROP-9558451EEE08,31,17,28,31,49.0,CPCB_BLR_Hebbal,16.709
PROP-7C544CFC1295,61,32,53,61,63.0,CPCB_BLR_Hebbal,13.202
PROP-F4D099DFF4D0,64,34,56,64,67.3,CPCB_BLR_Hebbal,24.32
PROP-CA8A6C75EFF4,70,38,62,70,75.0,CPCB_BLR_BTM,22.636
PROP-9AB6BE0C8621,106,58,96,106,105.7,CPCB_BLR_BTM,7.667
PROP-0BED9FC3FDF4,33,17,29,33,50.0,CPCB_BLR_Hebbal,13.202
PROP-CE39DDB4B4F6,75,42,69,75,47.3,CPCB_BLR_BTM,29.38
PROP-2DF691579925,75,42,69,75,47.3,CPCB_BLR_BTM,22.066
PROP-69B2E5888551,93,50,82,93,91.7,CPCB_BLR_Hebbal,14.036
PROP-D8DE566208F6,77,40,65,77,48.0,CPCB_BLR_BTM,26.897
PROP-AF3A64AEBB34,33,18,29,33,53.0,CPCB_BLR_BTM,16.908
PROP-6F1E482853A4,70,38,62,70,75.0,CPCB_BLR_BTM,26.609
PROP-6C0D0C2FF874,31,17,28,31,49.0,CPCB_BLR_Hebbal,23.883
PROP-C38FC95EC7E4,69,38,63,69,42.3,CPCB_BLR_Hebbal,24.367
PROP-A1A792EC2210,61,32,53,61,63.0,CPCB_BLR_Hebbal,21.229
PROP-547809AC17F6,64,34,55,64,67.3,CPCB_BLR_BTM,26.609
PROP-53943F68709B,31,17,28,31,49.0,CPCB_BLR_Hebbal,4.64
PROP-BA8349B653D6,86,48,79,86,96.0,CPCB_BLR_Hebbal,4.64
PROP-1459BDD59C64,74,41,67,74,44.3,CPCB_BLR_Hebbal,24.205
PROP-910705B8F1B0,107,55,91,107,108.7,CPCB_BLR_BTM,18.175
PROP-CC2EAF5A0726,108,57,93,108,100.3,CPCB_BLR_BTM,31.959
PROP-2D172635D5C8,59,33,54,59,71.3,CPCB_BLR_BTM,15.486
PROP-52EC341F6A3B,64,34,56,64,67.3,CPCB_BLR_Hebbal,9.751
PROP-67B0612B741F,107,55,91,107,108.7,CPCB_BLR_BTM,14.789
PROP-50DB4623519E,59,33,54,59,71.3,CPCB_BLR_BTM,18.659
PROP-51B288880963,90,49,81,90,97.0,CPCB_BLR_Hebbal,11.328
PROP-7663B03419D0,33,17,29,33,50.0,CPCB_BLR_Hebbal,30.531
PROP-E54E4EE4D3DD,29,16,26,29,51.3,CPCB_BLR_BTM,20.413
PROP-F352A8E5C241,61,32,53,61,63.0,CPCB_BLR_Hebbal,21.175
PROP-A9FE4307FAC7,68,37,61,68,70.7,CPCB_BLR_BTM,13.79
PROP-9C40001B9710,68,37,61,68,70.7,CPCB_BLR_BTM,31.959
PROP-1D3D0DB43C61,86,48,79,86,96.0,CPCB_BLR_Hebbal,11.504
PROP-A8B1644DB850,69,38,63,69,42.3,CPCB_BLR_Hebbal,16.379
PROP-F8BEA0A83468,29,16,26,29,51.3,CPCB_BLR_BTM,15.468
PROP-4DE526F6FE67,59,33,54,59,71.3,CPCB_BLR_BTM,29.092
PROP-B72D1A837F23,68,37,61,68,70.7,CPCB_BLR_BTM,14.272
PROP-A8211BC89FFB,32,16,27,32,52.7,CPCB_BLR_BTM,16.215
PROP-6C946AD1E889,99,56,91,99,98.0,CPCB_BLR_Hebbal,13.202
PROP-878B2114BD12,69,38,63,69,42.3,CPCB_BLR_Hebbal,14.746
PROP-5104A445D10A,67,38,62,67,43.0,CPCB_BLR_Hebbal,9.901
PROP-B252EB0A0A31,108,57,93,108,100.3,CPCB_BLR_BTM,32.717
PROP-91DA4A2FBDE8,29,16,26,29,51.3,CPCB_BLR_BTM,14.272
PROP-BA483D7BC283,106,58,96,106,105.7,CPCB_BLR_BTM,6.223
PROP-402E14974A94,58,33,54,58,68.3,CPCB_BLR_BTM,16.215
PROP-DA39FCBC823F,59,33,54,59,71.3,CPCB_BLR_BTM,7.838
PROP-5441124E887B,75,42,69,75,47.3,CPCB_BLR_BTM,8.644
PROP-96743F54A94E,33,17,29,33,50.0,CPCB_BLR_Hebbal,16.199
PROP-9EEE9E753F95,72,41,67,72,43.7,CPCB_BLR_Hebbal,26.534
PROP-BAEEF8A677CE,70,38,62,70,75.0,CPCB_BLR_BTM,26.548
PROP-534E0EB32C78,32,17,29,32,50.0,CPCB_BLR_Hebbal,9.982
PROP-28CE5E23424C,32,17,29,32,50.0,CPCB_BLR_Hebbal,27.574
PROP-87F017FEFD55,114,60,98,114,112.7,CPCB_BLR_BTM,25.21
PROP-3818CAD50DC5,31,17,28,31,49.0,CPCB_BLR_Hebbal,22.874
PROP-8395B640EEC3,31,17,28,31,49.0,CPCB_BLR_Hebbal,12.186
PROP-4CB7F28C0B2A,31,17,28,31,49.0,CPCB_BLR_Hebbal,10.256
PROP-5BC79A05EBF7,73,39,64,73,46.0,CPCB_BLR_BTM,24.629
PROP-708251EF58B0,32,17,29,32,50.0,CPCB_BLR_Hebbal,22.905
PROP-A725D913D51B,75,42,69,75,47.3,CPCB_BLR_BTM,16.215
PROP-62C848E36F39,73,39,64,73,46.0,CPCB_BLR_BTM,8.788
PROP-3F74084CD647,31,17,28,31,49.0,CPCB_BLR_Hebbal,3.89
PROP-1C6BF270EEBE,73,40,65,73,45.7,CPCB_BLR_BTM,6.502
PROP-3F043F1A86AD,33,17,28,33,52.0,CPCB_BLR_BTM,15.848
PROP-1873B0B346B1,64,34,56,64,67.3,CPCB_BLR_Hebbal,5.179
PROP-6242964C4AAA,77,44,72,77,47.3,CPCB_BLR_BTM,2.737
PROP-27DE9C56D44E,75,42,69,75,43.7,CPCB_BLR_Hebbal,25.545
PROP-784F1DEC6CE0,31,17,28,31,49.0,CPCB_BLR_Hebbal,28.111
PROP-1CFC4F0D2D89,107,55,91,107,108.7,CPCB_BLR_BTM,26.111
PROP-4222E92F97E4,77,40,65,77,48.0,CPCB_BLR_BTM,24.948
PROP-48756337CBEB,114,60,98,114,112.7,CPCB_BLR_BTM,16.325
PROP-2DCEC4E30A72,69,38,63,69,42.3,CPCB_BLR_Hebbal,7.678
PROP-B74400C94F81,107,55,91,107,108.7,CPCB_BLR_BTM,26.111
PROP-AD318104196B,73,39,64,73,46.0,CPCB_BLR_BTM,26.111
PROP-CA5B585ECF74,69,38,63,69,42.3,CPCB_BLR_Hebbal,19.093
PROP-505B7131981D,32,16,27,32,52.7,CPCB_BLR_BTM,17.475
PROP-E07AEAA4637A,64,34,56,64,67.3,CPCB_BLR_Hebbal,26.587
PROP-1A284204AA9F,68,37,61,68,70.7,CPCB_BLR_BTM,32.717
PROP-777B583B2B01,67,38,62,67,43.0,CPCB_BLR_Hebbal,13.016
PROP-7A86CC179B0B,77,40,65,77,48.0,CPCB_BLR_BTM,16.908
PROP-E51186C9B9A3,60,34,56,60,63.0,CPCB_BLR_Hebbal,12.186
PROP-685757EC48EB,73,40,65,73,45.7,CPCB_BLR_BTM,13.19
PROP-0E2C22F5B6FE,73,40,65,73,45.7,CPCB_BLR_BTM,17.784
PROP-C99EB3C8F7E2,75,42,69,75,47.3,CPCB_BLR_BTM,16.952
PROP-597CBC46429A,99,56,91,99,98.0,CPCB_BLR_Hebbal,28.111
PROP-0F7C65499099,68,37,61,68,70.7,CPCB_BLR_BTM,24.539
PROP-5A7A17C9B7A9,61,32,53,61,63.0,CPCB_BLR_Hebbal,4.935
PROP-C5A6A8FD4C35,108,57,93,108,100.3,CPCB_BLR_BTM,9.739
PROP-DFB814A742C6,77,40,65,77,48.0,CPCB_BLR_BTM,26.523
PROP-C99EBAB823F6,77,44,72,77,47.3,CPCB_BLR_BTM,16.325
PROP-F9EA74574C36,107,55,91,107,108.7,CPCB_BLR_BTM,9.739
PROP-2960C566D6FE,73,39,64,73,46.0,CPCB_BLR_BTM,18.573
PROP-CA14623BA12C,90,49,81,90,97.0,CPCB_BLR_Hebbal,17.794
PROP-B096E29BDDF6,90,49,81,90,97.0,CPCB_BLR_Hebbal,4.935
PROP-84CCD93FD849,99,56,91,99,98.0,CPCB_BLR_Hebbal,18.373
PROP-7C1FB71B450A,64,34,55,64,67.3,CPCB_BLR_BTM,26.815
PROP-98014FD76B58,72,41,67,72,43.7,CPCB_BLR_Hebbal,27.574
PROP-50F1DD890BFD,61,32,53,61,63.0,CPCB_BLR_Hebbal,11.325
PROP-425C02DF16C4,90,49,81,90,97.0,CPCB_BLR_Hebbal,15.616
PROP-1FF39EFE8F1C,75,42,69,75,43.7,CPCB_BLR_Hebbal,26.753
PROP-71B147EE9B28,33,17,28,33,52.0,CPCB_BLR_BTM,20.663
PROP-B60221A05C54,106,58,96,106,105.7,CPCB_BLR_BTM,20.413
PROP-B2F7FC10982E,33,17,28,33,52.0,CPCB_BLR_BTM,14.272
PROP-F579CC4B31EF,70,38,62,70,75.0,CPCB_BLR_BTM,19.004
PROP-DA6EB4D3E9F3,67,38,62,67,43.0,CPCB_BLR_Hebbal,22.897
PROP-9312A829835D,35,19,31,35,59.0,CPCB_BLR_BTM,15.468
PROP-0EFE8E5F7063,99,56,91,99,98.0,CPCB_BLR_Hebbal,28.111
PROP-0562C64BB52D,77,40,65,77,48.0,CPCB_BLR_BTM,19.783
PROP-74999E8A0637,108,57,93,108,100.3,CPCB_BLR_BTM,23.609
PROP-D5FA0456E5CC,107,55,91,107,108.7,CPCB_BLR_BTM,13.79
PROP-334EEC6BA046,70,38,62,70,75.0,CPCB_BLR_BTM,21.831
PROP-3840139B7228,114,60,98,114,112.7,CPCB_BLR_BTM,21.297
PROP-663203CA3B26,73,40,65,73,45.7,CPCB_BLR_BTM,6.223
PROP-BB95E39FF154,108,57,93,108,100.3,CPCB_BLR_BTM,21.297
PROP-CD2428843018,64,34,56,64,67.3,CPCB_BLR_Hebbal,26.035
PROP-A8AD1F9CA00F,90,49,81,90,97.0,CPCB_BLR_Hebbal,26.43
PROP-AA87E5075DC3,72,41,67,72,43.7,CPCB_BLR_Hebbal,26.43
PROP-3D0C9B84472C,61,32,53,61,63.0,CPCB_BLR_Hebbal,1.664
PROP-755A99CFE0D3,61,32,53,61,63.0,CPCB_BLR_Hebbal,33.014
PROP-885DE6F1103B,29,15,25,29,50.7,CPCB_BLR_Hebbal,21.175
PROP-8B3DAFCCCF56,32,16,27,32,52.7,CPCB_BLR_BTM,14.337
PROP-D171855D43CC,60,34,56,60,63.0,CPCB_BLR_Hebbal,15.214
PROP-B412C25172BE,75,42,69,75,47.3,CPCB_BLR_BTM,25.21
PROP-E5CF1C0F1BFD,107,55,91,107,108.7,CPCB_BLR_BTM,15.141
PROP-3B1CF5C49485,74,41,67,74,44.3,CPCB_BLR_Hebbal,27.979
PROP-9BC585C0C315,61,32,53,61,63.0,CPCB_BLR_Hebbal,13.016
PROP-97953971FFEA,70,38,62,70,75.0,CPCB_BLR_BTM,17.784
PROP-CF0F2AEA3CB7,60,34,56,60,63.0,CPCB_BLR_Hebbal,13.016
PROP-46AD518130D3,32,17,29,32,50.0,CPCB_BLR_Hebbal,15.667
PROP-8D367DA56F6F,64,34,56,64,67.3,CPCB_BLR_Hebbal,10.843
PROP-3190973D0D6A,73,39,64,73,46.0,CPCB_BLR_BTM,3.114
PROP-8FED43B6EF53,75,42,69,75,47.3,CPCB_BLR_BTM,14.528
PROP-D59585BF2C5A,32,17,29,32,50.0,CPCB_BLR_Hebbal,3.89
PROP-4D29EB61DFBC,29,15,25,29,50.7,CPCB_BLR_Hebbal,16.887
PROP-9C92360633F9,33,17,29,33,50.0,CPCB_BLR_Hebbal,13.864
PROP-3B1748FE4657,61,32,53,61,63.0,CPCB_BLR_Hebbal,31.541
PROP-DE89921739C6,60,34,56,60,63.0,CPCB_BLR_Hebbal,26.091
PROP-D58DA173A1C6,64,34,55,64,67.3,CPCB_BLR_BTM,6.791
PROP-AB1A60C228FE,74,41,67,74,44.3,CPCB_BLR_Hebbal,17.121
PROP-D5CEEF03423D,59,33,54,59,71.3,CPCB_BLR_BTM,24.539
PROP-97B463D7BFB6,31,17,28,31,49.0,CPCB_BLR_Hebbal,19.093
PROP-B59984BD59B0,72,41,67,72,43.7,CPCB_BLR_Hebbal,17.794
PROP-564E584FDAFD,74,41,67,74,44.3,CPCB_BLR_Hebbal,5.508
PROP-C2ECBD6FC62C,33,17,29,33,50.0,CPCB_BLR_Hebbal,17.794
PROP-5475F265A998,33,17,29,33,50.0,CPCB_BLR_Hebbal,16.887
PROP-68A5F8A17F83,31,17,28,31,49.0,CPCB_BLR_Hebbal,5.994
PROP-59AB71B479D7,108,57,93,108,100.3,CPCB_BLR_BTM,2.737
PROP-47716774F63D,72,41,67,72,43.7,CPCB_BLR_Hebbal,8.948
PROP-F0D6AE118872,58,33,54,58,68.3,CPCB_BLR_BTM,6.223
PROP-78F5B36A2DEA,108,57,93,108,100.3,CPCB_BLR_BTM,6.896
PROP-CF4E60E830EE,60,34,56,60,63.0,CPCB_BLR_Hebbal,13.202
PROP-0F1ADDA1EACE,70,38,62,70,75.0,CPCB_BLR_BTM,25.016
PROP-DC1152DADC28,90,49,81,90,97.0,CPCB_BLR_Hebbal,17.794
PROP-FE76E707B99E,75,42,69,75,43.7,CPCB_BLR_Hebbal,17.794
PROP-C66EC96E3153,75,42,69,75,47.3,CPCB_BLR_BTM,21.831
PROP-AED06F2C349F,29,15,25,29,50.7,CPCB_BLR_Hebbal,8.121
PROP-412A9BE22F61,74,41,67,74,44.3,CPCB_BLR_Hebbal,19.343
PROP-A25211DD421C,33,17,29,33,50.0,CPCB_BLR_Hebbal,29.74
PROP-5D5B85CA8F83,33,18,29,33,53.0,CPCB_BLR_BTM,2.15
PROP-1D2312610EB6,90,49,81,90,97.0,CPCB_BLR_Hebbal,17.794
PROP-59674F3EE6A7,32,16,27,32,52.7,CPCB_BLR_BTM,26.299
PROP-31920B6CF1C5,75,42,69,75,47.3,CPCB_BLR_BTM,16.375
PROP-868F61F39BA0,75,42,69,75,47.3,CPCB_BLR_BTM,16.375
PROP-A8D69CCED24A,68,37,61,68,70.7,CPCB_BLR_BTM,2.737
PROP-908B4AB3D75A,69,38,63,69,42.3,CPCB_BLR_Hebbal,29.616
PROP-9A49CCD18625,75,42,69,75,47.3,CPCB_BLR_BTM,20.947
PROP-3C33E06CE1CE,106,58,96,106,105.7,CPCB_BLR_BTM,6.223
PROP-C745DF9CEFD8,75,42,69,75,43.7,CPCB_BLR_Hebbal,20.103
PROP-AD0E13096FAC,61,32,53,61,63.0,CPCB_BLR_Hebbal,19.093
PROP-2B923AFC9958,64,34,55,64,67.3,CPCB_BLR_BTM,16.958
PROP-5789D61359AE,99,56,91,99,98.0,CPCB_BLR_Hebbal,5.113
PROP-EF3CA07B84D1,27,15,25,27,48.3,CPCB_BLR_Hebbal,10.833
PROP-5E6F4EFFA083,72,41,67,72,43.7,CPCB_BLR_Hebbal,16.709
PROP-E1C2B41D0E17,77,44,72,77,47.3,CPCB_BLR_BTM,21.15
PROP-BC11B25A7122,73,40,65,73,45.7,CPCB_BLR_BTM,24.539
PROP-7D0655AE3EF6,107,55,91,107,108.7,CPCB_BLR_BTM,24.539
PROP-1A2D6E10EE4D,70,38,62,70,75.0,CPCB_BLR_BTM,21.831
PROP-BD77D2B0DC96,77,44,72,77,47.3,CPCB_BLR_BTM,21.831
PROP-29ED375D00F4,114,60,98,114,112.7,CPCB_BLR_BTM,14.071
PROP-AFA76C13B75E,75,42,69,75,43.7,CPCB_BLR_Hebbal,17.794
PROP-3725CF308586,68,37,61,68,70.7,CPCB_BLR_BTM,6.223
PROP-D121E0C4EBF7,73,39,64,73,46.0,CPCB_BLR_BTM,14.601
PROP-C374EA2CB88D,77,44,72,77,47.3,CPCB_BLR_BTM,15.82
PROP-C85ABB307E45,106,58,96,106,105.7,CPCB_BLR_BTM,4.703
PROP-DDA0841841AF,74,41,67,74,44.3,CPCB_BLR_Hebbal,6.185
PROP-3DFC239A4C27,99,56,91,99,98.0,CPCB_BLR_Hebbal,16.709
PROP-4626008534D7,32,17,29,32,50.0,CPCB_BLR_Hebbal,8.846
PROP-4248F33EF05E,93,50,82,93,91.7,CPCB_BLR_Hebbal,19.66
PROP-B71492196A4E,106,58,96,106,105.7,CPCB_BLR_BTM,15.141
PROP-028FF31178F0,60,34,56,60,63.0,CPCB_BLR_Hebbal,25.207
PROP-333F0E98F9E5,108,57,93,108,100.3,CPCB_BLR_BTM,25.21
PROP-F7D55264C3AE,35,19,31,35,59.0,CPCB_BLR_BTM,22.464
PROP-D6687863770C,32,16,27,32,52.7,CPCB_BLR_BTM,22.464
PROP-D33D693946CC,77,44,72,77,47.3,CPCB_BLR_BTM,20.663
PROP-5A66CF3D3CF3,64,34,55,64,67.3,CPCB_BLR_BTM,4.703
PROP-0B5C67D74FC5,61,32,53,61,63.0,CPCB_BLR_Hebbal,5.508
PROP-12D7BBB9D0C2,33,18,29,33,53.0,CPCB_BLR_BTM,6.223
PROP-128C84FAF0D5,73,40,65,73,45.7,CPCB_BLR_BTM,20.663
PROP-499DFFC230BA,61,32,53,61,63.0,CPCB_BLR_Hebbal,26.377
PROP-74E342445F9F,114,60,98,114,112.7,CPCB_BLR_BTM,16.375
PROP-8981BD3C3AC3,32,16,27,32,52.7,CPCB_BLR_BTM,19.426
PROP-4AA35CA76AD5,67,38,62,67,43.0,CPCB_BLR_Hebbal,16.709
PROP-8D4BBD454138,33,17,28,33,52.0,CPCB_BLR_BTM,32.717
PROP-18F67B9F3E6C,86,48,79,86,96.0,CPCB_BLR_Hebbal,17.002
PROP-14D6FB627F07,31,17,28,31,49.0,CPCB_BLR_Hebbal,5.508
PROP-8D94977A6E67,32,16,27,32,52.7,CPCB_BLR_BTM,6.896
PROP-F07DDE96822A,75,42,69,75,43.7,CPCB_BLR_Hebbal,2.497
PROP-A6BAFE7C6BD9,77,44,72,77,47.3,CPCB_BLR_BTM,15.848
PROP-9982829D9825,99,56,91,99,98.0,CPCB_BLR_Hebbal,21.528
PROP-B8E3BACB5623,32,16,27,32,52.7,CPCB_BLR_BTM,6.223
PROP-D76668327DFB,33,18,29,33,53.0,CPCB_BLR_BTM,22.493
PROP-0EC529B6E156,73,40,65,73,45.7,CPCB_BLR_BTM,15.82
PROP-3E9A5CDC18B2,35,19,31,35,59.0,CPCB_BLR_BTM,7.838
PROP-51A6432F409F,90,49,81,90,97.0,CPCB_BLR_Hebbal,14.143
PROP-15D12FC93C34,74,41,67,74,44.3,CPCB_BLR_Hebbal,19.66
PROP-A504C9CDBB80,27,15,25,27,48.3,CPCB_BLR_Hebbal,11.86
PROP-2124185913BE,68,37,61,68,70.7,CPCB_BLR_BTM,26.107
PROP-33241E2977B8,86,48,79,86,96.0,CPCB_BLR_Hebbal,19.343
PROP-E9B1CF658193,68,37,61,68,70.7,CPCB_BLR_BTM,25.255
PROP-80E49D57D131,64,34,56,64,67.3,CPCB_BLR_Hebbal,26.035
PROP-4BA81165CDEF,60,34,56,60,63.0,CPCB_BLR_Hebbal,17.794
PROP-78D843A10905,69,38,63,69,42.3,CPCB_BLR_Hebbal,22.897
PROP-F3B2891D6816,32,17,29,32,50.0,CPCB_BLR_Hebbal,5.508
PROP-B98D133D531E,77,44,72,77,47.3,CPCB_BLR_BTM,16.958
PROP-2112BACE729A,33,17,28,33,52.0,CPCB_BLR_BTM,16.958
PROP-C06355C90E42,67,38,62,67,43.0,CPCB_BLR_Hebbal,6.185
PROP-B267510D4F37,69,38,63,69,42.3,CPCB_BLR_Hebbal,16.887
PROP-6C265ECC52EE,75,42,69,75,43.7,CPCB_BLR_Hebbal,26.035
PROP-EB456A3DA1DA,61,32,53,61,63.0,CPCB_BLR_Hebbal,16.887
PROP-2AC702F8C69D,99,56,91,99,98.0,CPCB_BLR_Hebbal,20.9
PROP-65F887088827,29,15,25,29,50.7,CPCB_BLR_Hebbal,26.534
PROP-6C2C250DF6BB,74,41,67,74,44.3,CPCB_BLR_Hebbal,8.846
PROP-155F66D14CB6,72,41,67,72,43.7,CPCB_BLR_Hebbal,19.66
PROP-7720992658C3,29,15,25,29,50.7,CPCB_BLR_Hebbal,20.765
PROP-4E95AACD76EB,74,41,67,74,44.3,CPCB_BLR_Hebbal,5.508
PROP-A2F572FD2AB3,61,32,53,61,63.0,CPCB_BLR_Hebbal,22.138
PROP-020F88EAD73C,35,19,31,35,59.0,CPCB_BLR_BTM,15.141
PROP-44439E757EB4,58,31,51,58,60.3,CPCB_BLR_Hebbal,21.439
PROP-48B87A01E645,70,38,62,70,75.0,CPCB_BLR_BTM,16.375
PROP-0E76E932DA87,106,58,96,106,105.7,CPCB_BLR_BTM,22.464
PROP-E3B8F563793C,74,41,67,74,44.3,CPCB_BLR_Hebbal,5.113
PROP-B8C72B15CC37,60,34,56,60,63.0,CPCB_BLR_Hebbal,4.64
PROP-53EF370D8A20,69,38,63,69,42.3,CPCB_BLR_Hebbal,22.803
PROP-3E5A44D00835,33,17,29,33,50.0,CPCB_BLR_Hebbal,21.528
PROP-B94889EB5DAC,75,42,69,75,43.7,CPCB_BLR_Hebbal,22.138
PROP-6C052F04680A,31,17,28,31,49.0,CPCB_BLR_Hebbal,17.794
PROP-4B36DDB12298,64,34,55,64,67.3,CPCB_BLR_BTM,25.016
PROP-CE5C36FF22D6,77,40,65,77,48.0,CPCB_BLR_BTM,21.022
PROP-FD4A576DCEA1,35,19,31,35,59.0,CPCB_BLR_BTM,21.022
PROP-06D11EE15129,58,31,51,58,60.3,CPCB_BLR_Hebbal,18.218
PROP-3B1407D0F38E,93,50,82,93,91.7,CPCB_BLR_Hebbal,5.508
PROP-9C52303C9A84,35,19,31,35,59.0,CPCB_BLR_BTM,24.539
PROP-A6D458E69668,29,15,25,29,50.7,CPCB_BLR_Hebbal,20.617
PROP-9C4437EC6F29,29,15,25,29,50.7,CPCB_BLR_Hebbal,22.138
PROP-1D304FA2F1D1,86,48,79,86,96.0,CPCB_BLR_Hebbal,5.508
PROP-02F6C914B723,33,17,28,33,52.0,CPCB_BLR_BTM,6.223
PROP-6D428176B459,33,17,28,33,52.0,CPCB_BLR_BTM,22.464
PROP-D7BF1CBBF597,60,34,56,60,63.0,CPCB_BLR_Hebbal,29.74
PROP-B5162723F499,90,49,81,90,97.0,CPCB_BLR_Hebbal,5.508
PROP-60597F756F3F,32,16,27,32,52.7,CPCB_BLR_BTM,22.493
PROP-306B14B29E7F,35,19,31,35,59.0,CPCB_BLR_BTM,21.022
PROP-74A7E7E793BE,60,34,56,60,63.0,CPCB_BLR_Hebbal,5.508
PROP-1C043AEA92BA,33,18,29,33,53.0,CPCB_BLR_BTM,22.464
PROP-CB6AA9F10D47,114,60,98,114,112.7,CPCB_BLR_BTM,25.21
PROP-686A0AE323AF,93,50,82,93,91.7,CPCB_BLR_Hebbal,11.86
PROP-1154DFEF5233,29,15,25,29,50.7,CPCB_BLR_Hebbal,5.508
PROP-1DECC6492133,58,31,51,58,60.3,CPCB_BLR_Hebbal,26.534
PROP-C5001E0D723F,72,41,67,72,43.7,CPCB_BLR_Hebbal,16.199
PROP-21E65B666CAB,93,50,82,93,91.7,CPCB_BLR_Hebbal,5.508
PROP-85BD8779A415,29,15,25,29,50.7,CPCB_BLR_Hebbal,11.504
PROP-4C38A878E43C,106,58,96,106,105.7,CPCB_BLR_BTM,16.958
PROP-9BD1FBD1F039,61,32,53,61,63.0,CPCB_BLR_Hebbal,11.504
PROP-55D2D141D132,31,17,28,31,49.0,CPCB_BLR_Hebbal,11.504
PROP-C1C9F161E27C,108,57,93,108,100.3,CPCB_BLR_BTM,26.609
PROP-93571C2BF6FE,61,32,53,61,63.0,CPCB_BLR_Hebbal,6.185
PROP-F70A6155FCCE,61,32,53,61,63.0,CPCB_BLR_Hebbal,11.301
PROP-322ACCA028B0,77,40,65,77,48.0,CPCB_BLR_BTM,25.512
PROP-E1174F6E1C57,106,58,96,106,105.7,CPCB_BLR_BTM,25.512
PROP-6DA15662CFB3,93,50,82,93,91.7,CPCB_BLR_Hebbal,20.765
PROP-3B4E25C712E8,99,56,91,99,98.0,CPCB_BLR_Hebbal,22.138
PROP-DFDAB3044F62,35,19,31,35,59.0,CPCB_BLR_BTM,25.512
PROP-E6DBE6FBD786,33,17,29,33,50.0,CPCB_BLR_Hebbal,14.423
PROP-7BC4E38BD8F8,32,17,29,32,50.0,CPCB_BLR_Hebbal,3.745
PROP-1D94B991C82D,29,15,25,29,50.7,CPCB_BLR_Hebbal,5.508
PROP-EB9CA72140CA,73,39,64,73,46.0,CPCB_BLR_BTM,26.523
PROP-4E39A8E02A83,93,50,82,93,91.7,CPCB_BLR_Hebbal,8.163
PROP-3D29044CC5C4,27,15,25,27,48.3,CPCB_BLR_Hebbal,19.66
PROP-4AA395486662,75,42,69,75,47.3,CPCB_BLR_BTM,16.958
PROP-2B45475D5C85,61,32,53,61,63.0,CPCB_BLR_Hebbal,2.497
PROP-0D0CC86E6670,73,39,64,73,46.0,CPCB_BLR_BTM,14.504
PROP-507C6026B5F5,33,18,29,33,53.0,CPCB_BLR_BTM,31.959
PROP-4EA6E3A6D59E,69,38,63,69,42.3,CPCB_BLR_Hebbal,26.534
PROP-21F035F58539,58,33,54,58,68.3,CPCB_BLR_BTM,26.107
PROP-487A40F32CE2,77,40,65,77,48.0,CPCB_BLR_BTM,6.223
PROP-382E0555DA05,59,33,54,59,71.3,CPCB_BLR_BTM,6.223
PROP-9FA8A866F430,64,34,56,64,67.3,CPCB_BLR_Hebbal,22.929
PROP-37C28A077D3C,61,32,53,61,63.0,CPCB_BLR_Hebbal,21.333
PROP-6E4F7ED5E527,99,56,91,99,98.0,CPCB_BLR_Hebbal,8.948
PROP-2E2013369E5C,35,19,31,35,59.0,CPCB_BLR_BTM,26.523
PROP-7B3E99B6F49B,29,16,26,29,51.3,CPCB_BLR_BTM,2.15
PROP-D65BB3FB3321,107,55,91,107,108.7,CPCB_BLR_BTM,25.21
PROP-5EDA0B2C2049,58,31,51,58,60.3,CPCB_BLR_Hebbal,16.887
PROP-A9A51A6D812C,33,17,29,33,50.0,CPCB_BLR_Hebbal,17.794
PROP-11FAFC3F65D8,33,17,29,33,50.0,CPCB_BLR_Hebbal,26.534
PROP-90B02A1B85ED,32,16,27,32,52.7,CPCB_BLR_BTM,14.528
PROP-A0729899548C,68,37,61,68,70.7,CPCB_BLR_BTM,24.908
PROP-3E44C5D49F3C,99,56,91,99,98.0,CPCB_BLR_Hebbal,26.753
PROP-5BC71C0D67BC,35,19,31,35,59.0,CPCB_BLR_BTM,20.002
PROP-B720392F5AEA,33,18,29,33,53.0,CPCB_BLR_BTM,16.375
PROP-9E9B07D92F8D,31,17,28,31,49.0,CPCB_BLR_Hebbal,2.497
PROP-6878795CC437,73,39,64,73,46.0,CPCB_BLR_BTM,21.832
PROP-4B9AD677A8CC,77,40,65,77,48.0,CPCB_BLR_BTM,16.958
PROP-E5A457065D2A,107,55,91,107,108.7,CPCB_BLR_BTM,8.788
PROP-EBB0F92AAFDC,31,17,28,31,49.0,CPCB_BLR_Hebbal,32.495
PROP-9D18701B8734,75,42,69,75,43.7,CPCB_BLR_Hebbal,5.113
PROP-608ECB50CCDC,33,17,29,33,50.0,CPCB_BLR_Hebbal,4.738
PROP-1E6E74EA246F,35,19,31,35,59.0,CPCB_BLR_BTM,16.104
PROP-494FFB49BD02,74,41,67,74,44.3,CPCB_BLR_Hebbal,5.053
PROP-1C41DDA32F02,72,41,67,72,43.7,CPCB_BLR_Hebbal,26.534
PROP-2D59BA01D306,59,33,54,59,71.3,CPCB_BLR_BTM,18.573
PROP-9A79418F02BB,59,33,54,59,71.3,CPCB_BLR_BTM,16.215
PROP-DE4770DD532A,58,33,54,58,68.3,CPCB_BLR_BTM,32.717
PROP-BE904FD9ECAD,73,39,64,73,46.0,CPCB_BLR_BTM,9.725
PROP-8A989A72A388,32,17,29,32,50.0,CPCB_BLR_Hebbal,5.508
PROP-5130B7448AF9,61,32,53,61,63.0,CPCB_BLR_Hebbal,26.753
PROP-AB5A51158BC6,59,33,54,59,71.3,CPCB_BLR_BTM,16.375
PROP-E1F298941518,35,19,31,35,59.0,CPCB_BLR_BTM,2.737
PROP-A17023DDEB11,32,16,27,32,52.7,CPCB_BLR_BTM,6.502
PROP-300FE53137C8,73,39,64,73,46.0,CPCB_BLR_BTM,6.791
PROP-04408C3B0FE8,86,48,79,86,96.0,CPCB_BLR_Hebbal,17.794
PROP-F89852E17BBF,60,34,56,60,63.0,CPCB_BLR_Hebbal,11.504
PROP-0232DF1E3122,90,49,81,90,97.0,CPCB_BLR_Hebbal,5.508
PROP-A047D09B0088,35,19,31,35,59.0,CPCB_BLR_BTM,24.539
PROP-6059FA9320CF,29,15,25,29,50.7,CPCB_BLR_Hebbal,17.794
PROP-F7C13E002D5A,64,34,55,64,67.3,CPCB_BLR_BTM,24.539
PROP-BABED21275E8,68,37,61,68,70.7,CPCB_BLR_BTM,24.539
PROP-ADD1683096D2,33,17,28,33,52.0,CPCB_BLR_BTM,13.366
PROP-85C27B3F455C,64,34,56,64,67.3,CPCB_BLR_Hebbal,26.035
PROP-64388C5569CD,33,17,29,33,50.0,CPCB_BLR_Hebbal,11.301
PROP-8B35D7E369A5,33,17,28,33,52.0,CPCB_BLR_BTM,25.255
PROP-919F7D262957,32,17,29,32,50.0,CPCB_BLR_Hebbal,17.794
PROP-6B767F5AD862,29,16,26,29,51.3,CPCB_BLR_BTM,19.197
PROP-01CBE057DDE0,27,15,25,27,48.3,CPCB_BLR_Hebbal,16.887
PROP-3BC45615E83D,32,16,27,32,52.7,CPCB_BLR_BTM,13.769
PROP-F6D35BFA6818,60,34,56,60,63.0,CPCB_BLR_Hebbal,22.929
PROP-D51E41BB2E15,35,19,31,35,59.0,CPCB_BLR_BTM,22.464
PROP-9A93EC4F5997,99,56,91,99,98.0,CPCB_BLR_Hebbal,21.175
PROP-E495D05F7890,114,60,98,114,112.7,CPCB_BLR_BTM,21.022
PROP-224F39EB71BF,106,58,96,106,105.7,CPCB_BLR_BTM,29.408
PROP-20486AE557BE,35,19,31,35,59.0,CPCB_BLR_BTM,16.908
PROP-C34C80FE5C36,64,34,56,64,67.3,CPCB_BLR_Hebbal,17.344
PROP-F615E00701ED,107,55,91,107,108.7,CPCB_BLR_BTM,22.464
PROP-06E487FBB6E4,61,32,53,61,63.0,CPCB_BLR_Hebbal,4.738
PROP-E13A55075E5A,31,17,28,31,49.0,CPCB_BLR_Hebbal,17.794
PROP-1BB790FC7414,33,17,28,33,52.0,CPCB_BLR_BTM,32.717
PROP-7B400A0BDF75,68,37,61,68,70.7,CPCB_BLR_BTM,2.737
PROP-3EE0C187E7BE,99,56,91,99,98.0,CPCB_BLR_Hebbal,6.185
PROP-FA9BD6E01DEF,32,17,29,32,50.0,CPCB_BLR_Hebbal,7.762
PROP-511DEB6D690C,33,17,28,33,52.0,CPCB_BLR_BTM,6.223
PROP-5FA457A99A67,32,17,29,32,50.0,CPCB_BLR_Hebbal,24.468
PROP-9FDD906E861E,107,55,91,107,108.7,CPCB_BLR_BTM,24.539
PROP-46CDEB43B6B3,32,16,27,32,52.7,CPCB_BLR_BTM,22.464
PROP-B7C070479EAE,73,40,65,73,45.7,CPCB_BLR_BTM,20.26
PROP-E51B39B44FF0,61,32,53,61,63.0,CPCB_BLR_Hebbal,16.887
PROP-D520D57B4310,73,40,65,73,45.7,CPCB_BLR_BTM,21.832
PROP-D3B73CEFF96E,35,19,31,35,59.0,CPCB_BLR_BTM,25.512
PROP-38292E418CB4,73,39,64,73,46.0,CPCB_BLR_BTM,25.512
PROP-BFAD2CB26970,32,17,29,32,50.0,CPCB_BLR_Hebbal,20.765
PROP-FFBB736305FD,58,33,54,58,68.3,CPCB_BLR_BTM,25.512
PROP-F9F70BB44F1A,64,34,55,64,67.3,CPCB_BLR_BTM,16.958
PROP-D6A8208E5BE0,29,16,26,29,51.3,CPCB_BLR_BTM,14.858
PROP-DED1F16B455B,75,42,69,75,47.3,CPCB_BLR_BTM,16.958
PROP-4E7C269C23E6,75,42,69,75,47.3,CPCB_BLR_BTM,21.832
PROP-3C891A383435,29,15,25,29,50.7,CPCB_BLR_Hebbal,18.373
PROP-1874E6AA231C,61,32,53,61,63.0,CPCB_BLR_Hebbal,20.103
PROP-C281B3BB7773,73,40,65,73,45.7,CPCB_BLR_BTM,2.15
PROP-F709A21DA40A,77,44,72,77,47.3,CPCB_BLR_BTM,21.872
PROP-9840B36CD036,75,42,69,75,43.7,CPCB_BLR_Hebbal,6.48
PROP-978CAB899153,75,42,69,75,47.3,CPCB_BLR_BTM,29.38
PROP-77F49FC7A2C1,73,40,65,73,45.7,CPCB_BLR_BTM,21.022
PROP-89C8DEC2A97A,86,48,79,86,96.0,CPCB_BLR_Hebbal,26.035
PROP-D30282DEF7E8,73,39,64,73,46.0,CPCB_BLR_BTM,9.739
PROP-1FBD60B5DE14,93,50,82,93,91.7,CPCB_BLR_Hebbal,11.362
PROP-50A5C545123C,93,50,82,93,91.7,CPCB_BLR_Hebbal,17.002
PROP-E5DB4EC56BFD,75,42,69,75,43.7,CPCB_BLR_Hebbal,17.002
PROP-54A4D163E163,61,32,53,61,63.0,CPCB_BLR_Hebbal,19.109
PROP-38BC69FDE5E1,61,32,53,61,63.0,CPCB_BLR_Hebbal,22.138
PROP-2297214A6D5F,114,60,98,114,112.7,CPCB_BLR_BTM,26.299
PROP-DF336F10211D,106,58,96,106,105.7,CPCB_BLR_BTM,4.703
PROP-6BC4EFC1CFCC,29,15,25,29,50.7,CPCB_BLR_Hebbal,26.534
PROP-D0D3B33C8E29,32,17,29,32,50.0,CPCB_BLR_Hebbal,9.209
PROP-D0CC0229AC50,72,41,67,72,43.7,CPCB_BLR_Hebbal,14.952
PROP-CCB3A5117A4D,32,17,29,32,50.0,CPCB_BLR_Hebbal,11.362
PROP-062039E0D27B,64,34,55,64,67.3,CPCB_BLR_BTM,19.004
PROP-858E632EE640,31,17,28,31,49.0,CPCB_BLR_Hebbal,14.036
PROP-FF2EA9ED1084,72,41,67,72,43.7,CPCB_BLR_Hebbal,7.493
PROP-320B8A5AAC4B,58,31,51,58,60.3,CPCB_BLR_Hebbal,19.343
PROP-271799439634,32,16,27,32,52.7,CPCB_BLR_BTM,11.514
PROP-EC40FB7BBF3C,68,37,61,68,70.7,CPCB_BLR_BTM,16.952
PROP-DAAC4E0280B9,114,60,98,114,112.7,CPCB_BLR_BTM,6.468
PROP-19880B20356C,108,57,93,108,100.3,CPCB_BLR_BTM,11.514
PROP-22FDC9731C4C,29,16,26,29,51.3,CPCB_BLR_BTM,11.514
PROP-B759F80C2A19,106,58,96,106,105.7,CPCB_BLR_BTM,14.272
PROP-BACCABD51BA0,64,34,55,64,67.3,CPCB_BLR_BTM,17.209
PROP-0E5CFA11673F,60,34,56,60,63.0,CPCB_BLR_Hebbal,6.185
PROP-F4A8C0C76F4B,67,38,62,67,43.0,CPCB_BLR_Hebbal,19.929
PROP-095674ACE4B0,108,57,93,108,100.3,CPCB_BLR_BTM,15.82
PROP-3E23094523E7,58,33,54,58,68.3,CPCB_BLR_BTM,30.735
PROP-33A6897B1723,33,17,28,33,52.0,CPCB_BLR_BTM,22.937
PROP-37FCAE4B38EB,93,50,82,93,91.7,CPCB_BLR_Hebbal,26.534
PROP-2114F24E3F0B,75,42,69,75,47.3,CPCB_BLR_BTM,5.924
PROP-B2A2B716046D,75,42,69,75,43.7,CPCB_BLR_Hebbal,14.952
PROP-227BE3B8D652,93,50,82,93,91.7,CPCB_BLR_Hebbal,22.304
PROP-5ACB6740F8CA,60,34,56,60,63.0,CPCB_BLR_Hebbal,11.301
PROP-E5576D4CAB25,33,17,28,33,52.0,CPCB_BLR_BTM,26.609
PROP-DC845110E176,68,37,61,68,70.7,CPCB_BLR_BTM,4.026
PROP-62157A5DB863,61,32,53,61,63.0,CPCB_BLR_Hebbal,22.874
PROP-11757F5FF43C,32,17,29,32,50.0,CPCB_BLR_Hebbal,8.948
PROP-C9CE17A43EF6,64,34,56,64,67.3,CPCB_BLR_Hebbal,4.64
PROP-DA034220CC71,70,38,62,70,75.0,CPCB_BLR_BTM,6.223
PROP-C67F180AC4EC,72,41,67,72,43.7,CPCB_BLR_Hebbal,21.439
PROP-011CF39424F9,77,44,72,77,47.3,CPCB_BLR_BTM,29.04
PROP-92A15F88152C,77,40,65,77,48.0,CPCB_BLR_BTM,11.754
PROP-72F2432E4B53,93,50,82,93,91.7,CPCB_BLR_Hebbal,22.337
PROP-C1608F411831,33,17,28,33,52.0,CPCB_BLR_BTM,29.38
PROP-E11CDD3D4392,61,32,53,61,63.0,CPCB_BLR_Hebbal,7.43
PROP-53B891B3AB98,72,41,67,72,43.7,CPCB_BLR_Hebbal,25.084
PROP-9FB8D0F1AC27,59,33,54,59,71.3,CPCB_BLR_BTM,14.858
PROP-2C566D90F422,86,48,79,86,96.0,CPCB_BLR_Hebbal,14.143
PROP-8699739B62BC,69,38,63,69,42.3,CPCB_BLR_Hebbal,30.734
PROP-C29F413FA8E5,77,40,65,77,48.0,CPCB_BLR_BTM,22.066
PROP-02EE7258E2C5,107,55,91,107,108.7,CPCB_BLR_BTM,7.561
PROP-01D06FC46C03,108,57,93,108,100.3,CPCB_BLR_BTM,12.395
PROP-CDFB68B1F2BD,68,37,61,68,70.7,CPCB_BLR_BTM,16.325
PROP-F52B13C19DB2,90,49,81,90,97.0,CPCB_BLR_Hebbal,13.202
PROP-C71273C87AD8,60,34,56,60,63.0,CPCB_BLR_Hebbal,11.504
PROP-CF470A202859,58,31,51,58,60.3,CPCB_BLR_Hebbal,21.33
PROP-A677A875F4ED,93,50,82,93,91.7,CPCB_BLR_Hebbal,16.887
PROP-806D15DEE855,61,32,53,61,63.0,CPCB_BLR_Hebbal,19.093
PROP-A36D050D4AF9,93,50,82,93,91.7,CPCB_BLR_Hebbal,25.084
PROP-5987400148EB,61,32,53,61,63.0,CPCB_BLR_Hebbal,5.593
PROP-8DE013BFECA5,93,50,82,93,91.7,CPCB_BLR_Hebbal,22.803
PROP-857E3B85687C,67,38,62,67,43.0,CPCB_BLR_Hebbal,7.43
PROP-4AA78A633340,32,16,27,32,52.7,CPCB_BLR_BTM,31.959
PROP-492B9A0EB735,72,41,67,72,43.7,CPCB_BLR_Hebbal,17.121
PROP-B9B30C368E06,70,38,62,70,75.0,CPCB_BLR_BTM,6.223
PROP-CD50F30D1832,59,33,54,59,71.3,CPCB_BLR_BTM,32.717
PROP-452399C4625D,29,15,25,29,50.7,CPCB_BLR_Hebbal,10.833
PROP-6BD74555B6F6,64,34,56,64,67.3,CPCB_BLR_Hebbal,19.343
PROP-75A82EA10DF0,70,38,62,70,75.0,CPCB_BLR_BTM,20.947
PROP-536EF4DB4EE6,35,19,31,35,59.0,CPCB_BLR_BTM,20.947
PROP-7024A5C1CDC5,75,42,69,75,43.7,CPCB_BLR_Hebbal,14.746
PROP-99AAA93BAC68,32,16,27,32,52.7,CPCB_BLR_BTM,15.141
PROP-AD9A604DC388,33,18,29,33,53.0,CPCB_BLR_BTM,31.959
PROP-675F3A63FF7B,67,38,62,67,43.0,CPCB_BLR_Hebbal,14.423
PROP-0FCBDB85439A,32,16,27,32,52.7,CPCB_BLR_BTM,20.26
PROP-57A3E58F0ECE,33,17,29,33,50.0,CPCB_BLR_Hebbal,11.362
PROP-D22503FCBDE6,74,41,67,74,44.3,CPCB_BLR_Hebbal,21.333
PROP-4CACABB26DD9,33,17,28,33,52.0,CPCB_BLR_BTM,26.609
PROP-F9D2E4D470DA,58,31,51,58,60.3,CPCB_BLR_Hebbal,14.143
PROP-564680D9FB1C,64,34,56,64,67.3,CPCB_BLR_Hebbal,22.874
PROP-5A86A7209ECD,75,42,69,75,47.3,CPCB_BLR_BTM,17.209
PROP-D76CEDD15FD2,61,32,53,61,63.0,CPCB_BLR_Hebbal,14.143
PROP-C7930D52B5A1,59,33,54,59,71.3,CPCB_BLR_BTM,20.663
PROP-526F48E1E900,61,32,53,61,63.0,CPCB_BLR_Hebbal,27.51
PROP-7FDE755C0382,33,17,28,33,52.0,CPCB_BLR_BTM,6.502
PROP-021F335D0215,64,34,56,64,67.3,CPCB_BLR_Hebbal,18.42
PROP-7EE9C3784A47,75,42,69,75,43.7,CPCB_BLR_Hebbal,19.093
PROP-A6EC2A68F551,67,38,62,67,43.0,CPCB_BLR_Hebbal,26.035
PROP-42C7CCAA4DA8,77,44,72,77,47.3,CPCB_BLR_BTM,20.413
PROP-3F101B31EFC2,73,40,65,73,45.7,CPCB_BLR_BTM,22.464
PROP-FF3BC092A693,77,44,72,77,47.3,CPCB_BLR_BTM,17.784
PROP-22ADCFDCC4E6,75,42,69,75,43.7,CPCB_BLR_Hebbal,11.209
PROP-D7B9FF3423CF,77,44,72,77,47.3,CPCB_BLR_BTM,22.066
PROP-9403FA13261F,35,19,31,35,59.0,CPCB_BLR_BTM,23.609
PROP-509DAF3B8F83,86,48,79,86,96.0,CPCB_BLR_Hebbal,26.534
PROP-537DF28A4766,75,42,69,75,47.3,CPCB_BLR_BTM,12.395
PROP-B29736B298A5,106,58,96,106,105.7,CPCB_BLR_BTM,21.872
PROP-2598404F5915,70,38,62,70,75.0,CPCB_BLR_BTM,21.872
PROP-F91842C46C73,58,33,54,58,68.3,CPCB_BLR_BTM,15.82
PROP-27E1D3BE2A46,68,37,61,68,70.7,CPCB_BLR_BTM,20.26
PROP-72741E850629,33,17,29,33,50.0,CPCB_BLR_Hebbal,25.125
PROP-A2E125A608EB,61,32,53,61,63.0,CPCB_BLR_Hebbal,21.175
PROP-27053D3CBD75,33,17,29,33,50.0,CPCB_BLR_Hebbal,17.002
PROP-56D5EC85E87C,61,32,53,61,63.0,CPCB_BLR_Hebbal,5.833
PROP-4841AF3DBA63,75,42,69,75,47.3,CPCB_BLR_BTM,4.801
PROP-30C513D288D6,73,40,65,73,45.7,CPCB_BLR_BTM,25.016
PROP-ADDDC5ECAFBA,64,34,55,64,67.3,CPCB_BLR_BTM,14.601
PROP-6F731D2CBD4F,114,60,98,114,112.7,CPCB_BLR_BTM,17.245
PROP-A0F0433A0B55,31,17,28,31,49.0,CPCB_BLR_Hebbal,10.833
PROP-457CBDA60BA7,33,18,29,33,53.0,CPCB_BLR_BTM,17.784
PROP-3C19838B2F53,73,40,65,73,45.7,CPCB_BLR_BTM,21.872
PROP-E0FD65059227,73,39,64,73,46.0,CPCB_BLR_BTM,22.464
PROP-BAD8020CF068,72,41,67,72,43.7,CPCB_BLR_Hebbal,18.625
PROP-641E8BBFBD42,64,34,56,64,67.3,CPCB_BLR_Hebbal,4.64
PROP-F35B9C797CA5,99,56,91,99,98.0,CPCB_BLR_Hebbal,18.625
PROP-8623C6CD5794,59,33,54,59,71.3,CPCB_BLR_BTM,16.201
PROP-D9A68E362F23,69,38,63,69,42.3,CPCB_BLR_Hebbal,5.593
PROP-914CB9A69095,33,17,28,33,52.0,CPCB_BLR_BTM,20.278
PROP-AEC70668EC40,31,17,28,31,49.0,CPCB_BLR_Hebbal,5.113
PROP-F43F97CD7394,77,40,65,77,48.0,CPCB_BLR_BTM,26.299
PROP-5217630A448A,33,18,29,33,53.0,CPCB_BLR_BTM,13.79
PROP-F02127F4FDC7,73,40,65,73,45.7,CPCB_BLR_BTM,29.092
PROP-2D65E7F31B23,64,34,55,64,67.3,CPCB_BLR_BTM,12.757
PROP-9C8BC2FCA527,31,17,28,31,49.0,CPCB_BLR_Hebbal,26.616
PROP-056C2322A153,58,33,54,58,68.3,CPCB_BLR_BTM,20.26
PROP-B5103759CC1C,108,57,93,108,100.3,CPCB_BLR_BTM,10.833
PROP-A0F50A70E8F6,69,38,63,69,42.3,CPCB_BLR_Hebbal,3.89
PROP-5BB0027CC722,33,17,28,33,52.0,CPCB_BLR_BTM,10.46
PROP-FE67A2683B9C,106,58,96,106,105.7,CPCB_BLR_BTM,19.325
PROP-2D12AF224E15,60,34,56,60,63.0,CPCB_BLR_Hebbal,27.979
PROP-3837D54D5A94,107,55,91,107,108.7,CPCB_BLR_BTM,32.717
PROP-073963435836,114,60,98,114,112.7,CPCB_BLR_BTM,31.959
PROP-FC7988576320,61,32,53,61,63.0,CPCB_BLR_Hebbal,22.897
PROP-AD3244A77558,27,15,25,27,48.3,CPCB_BLR_Hebbal,19.705
PROP-D81CE928AE7F,67,38,62,67,43.0,CPCB_BLR_Hebbal,13.016
PROP-19CEE7A678C0,61,32,53,61,63.0,CPCB_BLR_Hebbal,19.093
PROP-BA30581CB61A,29,16,26,29,51.3,CPCB_BLR_BTM,19.481
PROP-B21C313BADAC,58,31,51,58,60.3,CPCB_BLR_Hebbal,16.709
PROP-5364E9848963,73,39,64,73,46.0,CPCB_BLR_BTM,14.858
PROP-F82BF09FA4D4,86,48,79,86,96.0,CPCB_BLR_Hebbal,21.175
PROP-1D79F311AF1B,93,50,82,93,91.7,CPCB_BLR_Hebbal,22.304
PROP-FD6297455B6F,106,58,96,106,105.7,CPCB_BLR_BTM,10.833
PROP-F78697F63644,27,15,25,27,48.3,CPCB_BLR_Hebbal,18.234
PROP-9C5226730386,32,16,27,32,52.7,CPCB_BLR_BTM,17.209
PROP-D8BB0CAA2680,64,34,56,64,67.3,CPCB_BLR_Hebbal,12.482
PROP-F0AC25F6007D,108,57,93,108,100.3,CPCB_BLR_BTM,17.063
PROP-34C40685EEA9,77,40,65,77,48.0,CPCB_BLR_BTM,20.922
PROP-A9A2277A47DA,73,39,64,73,46.0,CPCB_BLR_BTM,30.026
PROP-BCC807D4C125,33,17,28,33,52.0,CPCB_BLR_BTM,30.026
PROP-2AD3966BF0E0,114,60,98,114,112.7,CPCB_BLR_BTM,22.464
PROP-03BBD8710CC7,75,42,69,75,47.3,CPCB_BLR_BTM,14.272
PROP-128CF898AB75,68,37,61,68,70.7,CPCB_BLR_BTM,24.539
PROP-5B01D9D5A68B,58,31,51,58,60.3,CPCB_BLR_Hebbal,21.333
PROP-FF6D664A2E87,73,40,65,73,45.7,CPCB_BLR_BTM,6.502
PROP-4E7F5CBC3460,33,17,28,33,52.0,CPCB_BLR_BTM,25.016
PROP-D8BBB69DB07C,77,44,72,77,47.3,CPCB_BLR_BTM,2.31
PROP-24E9262F8344,33,17,29,33,50.0,CPCB_BLR_Hebbal,19.343
PROP-C8B7C30B7875,86,48,79,86,96.0,CPCB_BLR_Hebbal,11.504
PROP-CB0239BBD85A,33,17,29,33,50.0,CPCB_BLR_Hebbal,24.367
PROP-FD5D56218C91,70,38,62,70,75.0,CPCB_BLR_BTM,31.959
PROP-6298CB4B2583,61,32,53,61,63.0,CPCB_BLR_Hebbal,15.466
PROP-1B5936BAA71C,61,32,53,61,63.0,CPCB_BLR_Hebbal,5.833
PROP-35E5C2B73213,33,18,29,33,53.0,CPCB_BLR_BTM,17.209
PROP-8E225AE068FF,64,34,55,64,67.3,CPCB_BLR_BTM,14.858
PROP-1A3BCA43EBA4,27,15,25,27,48.3,CPCB_BLR_Hebbal,17.794
PROP-012F1D67DDA4,93,50,82,93,91.7,CPCB_BLR_Hebbal,13.202
PROP-33050D6A9F3E,73,40,65,73,45.7,CPCB_BLR_BTM,12.395
PROP-0A50D549233B,72,41,67,72,43.7,CPCB_BLR_Hebbal,19.093
PROP-C6D557C4C75F,29,16,26,29,51.3,CPCB_BLR_BTM,1.961
PROP-9707DA06B717,27,15,25,27,48.3,CPCB_BLR_Hebbal,26.753
PROP-8784958CE17B,108,57,93,108,100.3,CPCB_BLR_BTM,29.092
PROP-9401DC6E62F4,77,40,65,77,48.0,CPCB_BLR_BTM,2.15
PROP-E4B15467D101,31,17,28,31,49.0,CPCB_BLR_Hebbal,28.111
PROP-3281947A12AB,75,42,69,75,47.3,CPCB_BLR_BTM,25.365
PROP-992B0D775B65,106,58,96,106,105.7,CPCB_BLR_BTM,6.468
PROP-081DE3F3917C,29,15,25,29,50.7,CPCB_BLR_Hebbal,11.362
PROP-E6C7A459EA10,77,44,72,77,47.3,CPCB_BLR_BTM,20.278
PROP-EEBD76E6E150,61,32,53,61,63.0,CPCB_BLR_Hebbal,23.574
PROP-62B2164668E1,90,49,81,90,97.0,CPCB_BLR_Hebbal,13.202
PROP-D5DEF2A019FA,72,41,67,72,43.7,CPCB_BLR_Hebbal,8.121
PROP-2D3594EF8801,29,15,25,29,50.7,CPCB_BLR_Hebbal,23.883
PROP-AF0E704FBD08,90,49,81,90,97.0,CPCB_BLR_Hebbal,8.214
PROP-C14082988FDE,75,42,69,75,47.3,CPCB_BLR_BTM,23.831
PROP-9126F4E033F2,64,34,55,64,67.3,CPCB_BLR_BTM,15.141
PROP-5DD65F2EBDFF,86,48,79,86,96.0,CPCB_BLR_Hebbal,24.32
PROP-382F7292A355,69,38,63,69,42.3,CPCB_BLR_Hebbal,18.6
PROP-EF0E6BE26F39,114,60,98,114,112.7,CPCB_BLR_BTM,7.561
PROP-B087FADFCCED,35,19,31,35,59.0,CPCB_BLR_BTM,29.408
PROP-4114CA9A0691,29,15,25,29,50.7,CPCB_BLR_Hebbal,25.207
PROP-5D01C04E65E6,73,40,65,73,45.7,CPCB_BLR_BTM,4.026
PROP-E33EFE69B80C,75,42,69,75,43.7,CPCB_BLR_Hebbal,13.202
PROP-5F23528B572F,106,58,96,106,105.7,CPCB_BLR_BTM,29.092
PROP-991C725344B1,86,48,79,86,96.0,CPCB_BLR_Hebbal,22.304
PROP-8EA56C09D698,60,34,56,60,63.0,CPCB_BLR_Hebbal,9.742
PROP-5095A76E3756,77,44,72,77,47.3,CPCB_BLR_BTM,18.858
PROP-13FA5F7D5910,67,38,62,67,43.0,CPCB_BLR_Hebbal,27.574
PROP-BB42B83023C6,69,38,63,69,42.3,CPCB_BLR_Hebbal,16.931
PROP-A6803DA467E6,33,18,29,33,53.0,CPCB_BLR_BTM,21.431
PROP-00D9C71B1500,58,33,54,58,68.3,CPCB_BLR_BTM,17.209
PROP-C30F517B1BF8,70,38,62,70,75.0,CPCB_BLR_BTM,14.504
PROP-34ACBE650F65,32,16,27,32,52.7,CPCB_BLR_BTM,26.815
PROP-4A290B303A56,60,34,56,60,63.0,CPCB_BLR_Hebbal,18.023
PROP-1E954FB4B829,27,15,25,27,48.3,CPCB_BLR_Hebbal,27.097
PROP-916DC281E4FC,59,33,54,59,71.3,CPCB_BLR_BTM,14.429
PROP-CA8542D90961,58,33,54,58,68.3,CPCB_BLR_BTM,4.026
PROP-7879F1316D64,73,39,64,73,46.0,CPCB_BLR_BTM,4.026
PROP-770667EF3038,33,18,29,33,53.0,CPCB_BLR_BTM,16.908
PROP-D10D4E5A648C,114,60,98,114,112.7,CPCB_BLR_BTM,18.573
PROP-515974FCDF40,73,40,65,73,45.7,CPCB_BLR_BTM,2.15
PROP-0EF4C5EE428A,33,17,29,33,50.0,CPCB_BLR_Hebbal,8.163
PROP-BD5911133970,68,37,61,68,70.7,CPCB_BLR_BTM,22.489
PROP-8B2A712FC0B7,70,38,62,70,75.0,CPCB_BLR_BTM,26.523
PROP-4CA00017BC52,72,41,67,72,43.7,CPCB_BLR_Hebbal,27.574
PROP-4D3D47728F0D,32,17,29,32,50.0,CPCB_BLR_Hebbal,30.734
PROP-4A2DCA0D91EF,61,32,53,61,63.0,CPCB_BLR_Hebbal,14.143
PROP-42DB48E0C21E,33,17,28,33,52.0,CPCB_BLR_BTM,12.395
PROP-25A47C5422A8,70,38,62,70,75.0,CPCB_BLR_BTM,14.272
PROP-AB1122BD5DCF,90,49,81,90,97.0,CPCB_BLR_Hebbal,9.363
PROP-AD759A65B6C6,99,56,91,99,98.0,CPCB_BLR_Hebbal,0.958
PROP-BA31BA880538,29,16,26,29,51.3,CPCB_BLR_BTM,16.201
PROP-670405141DD6,64,34,55,64,67.3,CPCB_BLR_BTM,17.209
PROP-A0AA62836698,73,39,64,73,46.0,CPCB_BLR_BTM,11.514
PROP-009D2FB6208C,75,42,69,75,43.7,CPCB_BLR_Hebbal,14.258
PROP-3E69DA71E7F8,33,18,29,33,53.0,CPCB_BLR_BTM,4.026
PROP-AEEF4274B3F6,64,34,56,64,67.3,CPCB_BLR_Hebbal,2.497
PROP-A780113A1D2A,108,57,93,108,100.3,CPCB_BLR_BTM,25.21
PROP-190B7101B2E9,70,38,62,70,75.0,CPCB_BLR_BTM,26.609
PROP-095A749A85E9,58,33,54,58,68.3,CPCB_BLR_BTM,23.609
PROP-C42A1815C2F3,64,34,56,64,67.3,CPCB_BLR_Hebbal,2.497
PROP-6463FF798073,114,60,98,114,112.7,CPCB_BLR_BTM,20.278
PROP-6F4798040571,107,55,91,107,108.7,CPCB_BLR_BTM,14.528
PROP-40599E7B27DA,86,48,79,86,96.0,CPCB_BLR_Hebbal,23.883
PROP-C8482B6CCA65,29,15,25,29,50.7,CPCB_BLR_Hebbal,26.753
PROP-FF8D4D44562E,72,41,67,72,43.7,CPCB_BLR_Hebbal,9.363
PROP-82D339F35B32,77,44,72,77,47.3,CPCB_BLR_BTM,11.754
PROP-6414999AC87B,86,48,79,86,96.0,CPCB_BLR_Hebbal,18.612
PROP-FC296FDBB9EF,33,17,28,33,52.0,CPCB_BLR_BTM,27.018
PROP-A9133D365DC3,106,58,96,106,105.7,CPCB_BLR_BTM,6.223
PROP-140E8ADFD1D7,73,40,65,73,45.7,CPCB_BLR_BTM,8.788
PROP-23684F4F5D77,90,49,81,90,97.0,CPCB_BLR_Hebbal,19.705
PROP-753C9C3162A6,58,31,51,58,60.3,CPCB_BLR_Hebbal,19.577
PROP-C7F3A971014E,61,32,53,61,63.0,CPCB_BLR_Hebbal,22.897
PROP-CAC36D3ED1FB,27,15,25,27,48.3,CPCB_BLR_Hebbal,23.574
PROP-6BC81DE84C2F,68,37,61,68,70.7,CPCB_BLR_BTM,5.608
PROP-28D371BE6F01,60,34,56,60,63.0,CPCB_BLR_Hebbal,16.709
PROP-36E67E14E286,75,42,69,75,43.7,CPCB_BLR_Hebbal,2.497
PROP-411AD91BD6C4,61,32,53,61,63.0,CPCB_BLR_Hebbal,5.053
PROP-333A897BB062,61,32,53,61,63.0,CPCB_BLR_Hebbal,26.753
PROP-3437C1374BEF,108,57,93,108,100.3,CPCB_BLR_BTM,20.413
PROP-531A18AFA92B,32,16,27,32,52.7,CPCB_BLR_BTM,6.223
PROP-7E2E3D1D7E61,64,34,55,64,67.3,CPCB_BLR_BTM,21.872
PROP-D98BDE5F0DC9,90,49,81,90,97.0,CPCB_BLR_Hebbal,22.182
PROP-7DF4725C162D,67,38,62,67,43.0,CPCB_BLR_Hebbal,32.495
PROP-B001D3063D76,58,33,54,58,68.3,CPCB_BLR_BTM,10.274
PROP-381BF184A48F,32,17,29,32,50.0,CPCB_BLR_Hebbal,11.328
PROP-1A946D6A65C0,35,19,31,35,59.0,CPCB_BLR_BTM,11.815
PROP-0DF502D07DAD,32,17,29,32,50.0,CPCB_BLR_Hebbal,16.887
PROP-50D8F9AAEA1A,58,33,54,58,68.3,CPCB_BLR_BTM,7.561
PROP-26E24636D271,75,42,69,75,43.7,CPCB_BLR_Hebbal,7.678
PROP-BBF6D8DAE20D,77,44,72,77,47.3,CPCB_BLR_BTM,24.087
PROP-B818F0D9592E,73,39,64,73,46.0,CPCB_BLR_BTM,18.175
PROP-D1DCD8A50747,77,44,72,77,47.3,CPCB_BLR_BTM,19.004
PROP-CF3A7A042C95,70,38,62,70,75.0,CPCB_BLR_BTM,24.539
PROP-709715ED2847,69,38,63,69,42.3,CPCB_BLR_Hebbal,25.545
PROP-DE16AF8C4DE7,27,15,25,27,48.3,CPCB_BLR_Hebbal,19.787
PROP-84DFB4549166,75,42,69,75,47.3,CPCB_BLR_BTM,23.744
PROP-D207B9378760,35,19,31,35,59.0,CPCB_BLR_BTM,29.38
PROP-B7937FCBF583,35,19,31,35,59.0,CPCB_BLR_BTM,7.838
PROP-4BBB24859AF9,77,44,72,77,47.3,CPCB_BLR_BTM,7.838
PROP-D51D66CF6B36,59,33,54,59,71.3,CPCB_BLR_BTM,6.791
PROP-B75D4C6DF44D,29,15,25,29,50.7,CPCB_BLR_Hebbal,29.74
PROP-1B7F285B3227,31,17,28,31,49.0,CPCB_BLR_Hebbal,16.592
PROP-1829A0C24D2E,67,38,62,67,43.0,CPCB_BLR_Hebbal,18.218
PROP-68FFFBEC8103,70,38,62,70,75.0,CPCB_BLR_BTM,26.609
PROP-DDF44AAC2D3A,93,50,82,93,91.7,CPCB_BLR_Hebbal,16.522
PROP-BA6C5ADAD9D0,74,41,67,74,44.3,CPCB_BLR_Hebbal,15.067
PROP-C9B26E190493,75,42,69,75,47.3,CPCB_BLR_BTM,29.408
PROP-813CC74EF5F0,75,42,69,75,47.3,CPCB_BLR_BTM,29.092
PROP-DF9AC5D9BD5D,29,16,26,29,51.3,CPCB_BLR_BTM,22.004
PROP-8D737976FF13,99,56,91,99,98.0,CPCB_BLR_Hebbal,16.199
PROP-E597E61FA2BA,64,34,56,64,67.3,CPCB_BLR_Hebbal,29.013
PROP-BFBEEFBF39A9,86,48,79,86,96.0,CPCB_BLR_Hebbal,22.419
PROP-04EB49338F82,32,16,27,32,52.7,CPCB_BLR_BTM,16.908
PROP-856054B8E681,90,49,81,90,97.0,CPCB_BLR_Hebbal,25.616
PROP-64121B519FBB,29,15,25,29,50.7,CPCB_BLR_Hebbal,18.159
PROP-B170626911FD,29,16,26,29,51.3,CPCB_BLR_BTM,9.736
PROP-831D3396DB03,68,37,61,68,70.7,CPCB_BLR_BTM,15.897
PROP-E6FBB4AFC8E3,69,38,63,69,42.3,CPCB_BLR_Hebbal,28.417
PROP-E36D5DEB24BA,77,40,65,77,48.0,CPCB_BLR_BTM,25.016
PROP-060446473967,68,37,61,68,70.7,CPCB_BLR_BTM,21.338
PROP-4E70E9C11F67,99,56,91,99,98.0,CPCB_BLR_Hebbal,5.833
PROP-87724D4B91BD,73,39,64,73,46.0,CPCB_BLR_BTM,14.272
PROP-3E5459400354,33,17,29,33,50.0,CPCB_BLR_Hebbal,24.883
PROP-4ED736EAB511,70,38,62,70,75.0,CPCB_BLR_BTM,14.429
PROP-7B0A7FE95A08,77,40,65,77,48.0,CPCB_BLR_BTM,14.429
PROP-0CE96737A0D0,64,34,56,64,67.3,CPCB_BLR_Hebbal,6.347
PROP-5675C6F5CB48,29,15,25,29,50.7,CPCB_BLR_Hebbal,19.093
PROP-71E49CAD66E9,77,40,65,77,48.0,CPCB_BLR_BTM,20.947
PROP-0E11AAEE96FD,35,19,31,35,59.0,CPCB_BLR_BTM,22.489
PROP-D77648E92E81,61,32,53,61,63.0,CPCB_BLR_Hebbal,21.333
PROP-B8F6CBAF24F2,73,40,65,73,45.7,CPCB_BLR_BTM,22.489
PROP-F52030A302BA,86,48,79,86,96.0,CPCB_BLR_Hebbal,5.113
PROP-A2D2DB876E7E,29,16,26,29,51.3,CPCB_BLR_BTM,14.601
PROP-8B51F7D52A00,61,32,53,61,63.0,CPCB_BLR_Hebbal,4.738
PROP-EC919E79045E,64,34,56,64,67.3,CPCB_BLR_Hebbal,22.75
PROP-18EC0DBB243E,64,34,56,64,67.3,CPCB_BLR_Hebbal,23.727
PROP-469FB1202442,114,60,98,114,112.7,CPCB_BLR_BTM,22.066
PROP-D24F073C10BE,33,17,29,33,50.0,CPCB_BLR_Hebbal,13.682
PROP-A5CE2E409243,32,17,29,32,50.0,CPCB_BLR_Hebbal,27.574
PROP-DFEFA5007C7D,59,33,54,59,71.3,CPCB_BLR_BTM,22.489
PROP-155E49672BFB,58,33,54,58,68.3,CPCB_BLR_BTM,14.272
PROP-F275498E506C,72,41,67,72,43.7,CPCB_BLR_Hebbal,14.258
PROP-CC07481A60D4,31,17,28,31,49.0,CPCB_BLR_Hebbal,19.093
PROP-178F49C291CD,64,34,55,64,67.3,CPCB_BLR_BTM,7.838
PROP-01D72CAC5BB2,77,40,65,77,48.0,CPCB_BLR_BTM,21.297
PROP-B10973076763,93,50,82,93,91.7,CPCB_BLR_Hebbal,6.009
PROP-3A9596436B83,33,17,28,33,52.0,CPCB_BLR_BTM,19.426
PROP-D73B8BF33EF8,77,44,72,77,47.3,CPCB_BLR_BTM,19.426
PROP-6E38FAFACE6B,73,40,65,73,45.7,CPCB_BLR_BTM,2.737
PROP-EEFC117E7F9F,99,56,91,99,98.0,CPCB_BLR_Hebbal,14.746
PROP-0A817AFEF4B0,72,41,67,72,43.7,CPCB_BLR_Hebbal,21.175
PROP-781ADE341A17,61,32,53,61,63.0,CPCB_BLR_Hebbal,10.833
PROP-BEAA3E503B61,106,58,96,106,105.7,CPCB_BLR_BTM,10.796
PROP-C50ED408D753,27,15,25,27,48.3,CPCB_BLR_Hebbal,19.91
PROP-BEC5C056FE55,75,42,69,75,47.3,CPCB_BLR_BTM,22.937
PROP-2D9D67B6DF4E,93,50,82,93,91.7,CPCB_BLR_Hebbal,9.982
PROP-4BC98CE96981,64,34,56,64,67.3,CPCB_BLR_Hebbal,20.765
PROP-4C19982A06DE,75,42,69,75,47.3,CPCB_BLR_BTM,22.464
PROP-733DAB877EB5,61,32,53,61,63.0,CPCB_BLR_Hebbal,9.982
PROP-8F9A0A25A7AA,35,19,31,35,59.0,CPCB_BLR_BTM,10.46
PROP-5A5FED5D2264,60,34,56,60,63.0,CPCB_BLR_Hebbal,8.121
PROP-362F24924F35,75,42,69,75,43.7,CPCB_BLR_Hebbal,3.061
PROP-FC8203967652,58,31,51,58,60.3,CPCB_BLR_Hebbal,29.987
PROP-A3DF48FAE92C,39,21,34,39,72.0,CPCB_HYD_Bollaram,11.041
PROP-70833FEC2777,130,70,114,130,126.0,CPCB_HYD_Bollaram,1.041
PROP-F631F6B18734,78,41,67,78,81.7,CPCB_HYD_Sanathnagar,7.326
PROP-B055CA2A1A26,110,60,99,110,117.0,CPCB_HYD_Sanathnagar,34.155
PROP-A67D50B168B5,110,60,99,110,117.0,CPCB_HYD_Sanathnagar,44.111
PROP-A9588AFEF79A,110,60,99,110,115.0,CPCB_HYD_Sanathnagar,20.833
PROP-FFF28A341052,78,41,67,78,81.7,CPCB_HYD_Sanathnagar,6.308
PROP-1FC89B63769E,93,51,84,93,56.3,CPCB_HYD_Sanathnagar,20.833
PROP-D075DBBDDC02,79,44,73,79,81.0,CPCB_HYD_Sanathnagar,25.601
PROP-E4C5A9897F95,78,42,68,78,76.7,CPCB_HYD_Sanathnagar,16.114
PROP-2E6D45D8EDB0,86,46,76,86,55.3,CPCB_HYD_Sanathnagar,14.265
PROP-60CD88936753,114,64,105,114,118.7,CPCB_HYD_Sanathnagar,32.868
PROP-4D65F4F5D184,40,20,34,40,61.7,CPCB_HYD_Sanathnagar,44.111
PROP-A849E4057728,34,19,32,34,63.0,CPCB_HYD_Sanathnagar,13.893
PROP-7C347C5A02BA,78,41,67,78,81.7,CPCB_HYD_Sanathnagar,21.336
PROP-4C8196AD55F6,73,40,67,73,78.7,CPCB_HYD_Sanathnagar,27.33
PROP-2ADEB8E4FA4D,110,60,99,110,117.0,CPCB_HYD_Sanathnagar,23.828
PROP-2F5760BE0D5A,40,22,37,40,64.3,CPCB_HYD_Sanathnagar,20.833
PROP-1D28ADD72F9B,39,22,36,39,62.0,CPCB_HYD_Sanathnagar,44.724
PROP-928332B797A7,40,22,37,40,64.3,CPCB_HYD_Sanathnagar,24.314
PROP-B9F561E6B781,79,44,73,79,81.0,CPCB_HYD_Sanathnagar,38.744
PROP-6DBE55E063CA,73,40,67,73,78.7,CPCB_HYD_Sanathnagar,19.332
PROP-0DF2F085613C,127,71,117,127,116.7,CPCB_HYD_Sanathnagar,24.314
PROP-965D673D8215,110,60,99,110,115.0,CPCB_HYD_Sanathnagar,20.605
PROP-F37D96F21C1A,78,42,68,78,76.7,CPCB_HYD_Sanathnagar,14.277
PROP-A309D01348BA,42,23,37,42,69.7,CPCB_HYD_Bollaram,1.041
PROP-007C04949A8C,78,42,68,78,76.7,CPCB_HYD_Sanathnagar,12.488
PROP-260A4EEE1841,110,60,99,110,115.0,CPCB_HYD_Sanathnagar,44.111
PROP-CD5E8F3B6E0B,40,22,37,40,64.3,CPCB_HYD_Sanathnagar,31.596
PROP-1C6F70D820E4,35,18,29,35,62.0,CPCB_HYD_Sanathnagar,31.113
PROP-7D3D5B875066,93,51,84,93,56.3,CPCB_HYD_Sanathnagar,9.642
PROP-BC7DC907F3C0,78,41,67,78,81.7,CPCB_HYD_Sanathnagar,32.868
PROP-71D33633B538,78,41,67,78,81.7,CPCB_HYD_Sanathnagar,3.135
PROP-2EA8346C579E,84,48,79,84,55.0,CPCB_HYD_Sanathnagar,21.336
PROP-216C72BC89B7,40,20,34,40,61.7,CPCB_HYD_Sanathnagar,23.056
PROP-6037F97E910C,78,41,67,78,81.7,CPCB_HYD_Sanathnagar,31.596
PROP-E48325756F79,127,71,117,127,116.7,CPCB_HYD_Sanathnagar,31.83
PROP-0C50B0B3C868,93,51,84,93,56.3,CPCB_HYD_Sanathnagar,14.184
PROP-A32F0825BACD,90,50,83,90,53.3,CPCB_HYD_Sanathnagar,25.601
PROP-251D35544C98,40,20,34,40,61.7,CPCB_HYD_Sanathnagar,31.25
PROP-82DDC962DEC8,84,48,79,84,55.0,CPCB_HYD_Sanathnagar,7.955
PROP-1D1625BFC7F5,93,51,84,93,56.3,CPCB_HYD_Sanathnagar,26.005
PROP-F1D599EE3044,93,51,84,93,56.3,CPCB_HYD_Sanathnagar,36.228
PROP-3C1FA3F19936,114,64,105,114,118.7,CPCB_HYD_Sanathnagar,23.804
PROP-22A803201F2E,34,19,32,34,63.0,CPCB_HYD_Sanathnagar,5.406
PROP-C570AA3D31EB,88,50,83,88,54.3,CPCB_HYD_Sanathnagar,21.336
PROP-4B6386E34ED8,35,18,29,35,62.0,CPCB_HYD_Sanathnagar,24.029
PROP-DB1DB1AC5793,34,19,32,34,63.0,CPCB_HYD_Sanathnagar,18.028
PROP-8AEB4540F53E,110,60,99,110,115.0,CPCB_HYD_Sanathnagar,19.74
PROP-FC6EA354BDBC,104,54,88,104,60.3,CPCB_HYD_Bollaram,23.75
PROP-D7514C8B13D0,40,20,34,40,61.7,CPCB_HYD_Sanathnagar,25.601
PROP-DBDD8253C412,34,19,32,34,63.0,CPCB_HYD_Sanathnagar,10.915
PROP-AEF043FC5887,93,51,84,93,56.3,CPCB_HYD_Sanathnagar,17.756
PROP-F77DCB462EDA,78,42,70,78,80.0,CPCB_HYD_Sanathnagar,34.044
PROP-D4AB12E7E511,40,20,34,40,61.7,CPCB_HYD_Sanathnagar,9.579
PROP-56CC95AAF82A,110,60,99,110,115.0,CPCB_HYD_Sanathnagar,34.325
PROP-35F65A0B1111,78,41,67,78,81.7,CPCB_HYD_Sanathnagar,13.893
PROP-24F795E7FCA0,114,64,105,114,118.7,CPCB_HYD_Sanathnagar,23.056
PROP-BA25AFD12727,34,19,32,34,63.0,CPCB_HYD_Sanathnagar,23.056
PROP-1B1158C38175,127,71,117,127,116.7,CPCB_HYD_Sanathnagar,6.308
PROP-39886A754F9F,78,42,68,78,76.7,CPCB_HYD_Sanathnagar,28.453
PROP-FB3F6A212ECF,78,41,67,78,81.7,CPCB_HYD_Sanathnagar,19.199
PROP-4223C76E275C,79,44,73,79,81.0,CPCB_HYD_Sanathnagar,29.139
PROP-38316996BE4E,133,74,122,133,137.3,CPCB_HYD_Bollaram,6.009
PROP-683F04B9B226,93,51,84,93,56.3,CPCB_HYD_Sanathnagar,24.314
PROP-110BAFC5A34B,73,40,67,73,78.7,CPCB_HYD_Sanathnagar,33.405
PROP-061FC258725B,34,19,32,34,63.0,CPCB_HYD_Sanathnagar,36.205
PROP-DEF59A526864,78,42,68,78,76.7,CPCB_HYD_Sanathnagar,26.4
PROP-0BA73D7B5663,84,48,79,84,55.0,CPCB_HYD_Sanathnagar,9.579
PROP-20B3A0E5F36A,88,50,83,88,54.3,CPCB_HYD_Sanathnagar,36.812
PROP-74A1ADA0FE96,34,19,32,34,63.0,CPCB_HYD_Sanathnagar,16.539
PROP-FD1A4101495E,45,24,40,45,72.3,CPCB_HYD_Bollaram,6.099
PROP-A3265095AD0A,110,60,99,110,115.0,CPCB_HYD_Sanathnagar,13.156
PROP-BDE45EC74888,84,46,75,84,86.0,CPCB_HYD_Bollaram,7.645
PROP-FE1FB57E09F8,90,50,83,90,53.3,CPCB_HYD_Sanathnagar,20.833
PROP-C3B0FFC8B716,40,20,34,40,61.7,CPCB_HYD_Sanathnagar,19.199
PROP-9D4737C60B1B,88,47,77,88,93.7,CPCB_HYD_Bollaram,7.645
PROP-7A4C391665D7,79,44,73,79,81.0,CPCB_HYD_Sanathnagar,11.705
PROP-8F6A07E69F42,114,64,105,114,118.7,CPCB_HYD_Sanathnagar,31.277
PROP-E1A262FAE715,73,40,67,73,78.7,CPCB_HYD_Sanathnagar,44.724
PROP-308497C5C8A9,78,41,67,78,81.7,CPCB_HYD_Sanathnagar,1.809
PROP-500B9766C555,88,50,83,88,54.3,CPCB_HYD_Sanathnagar,44.724
PROP-B8A0C7677B18,133,74,122,133,137.3,CPCB_HYD_Bollaram,4.28
PROP-98B4239BBA52,110,60,99,110,117.0,CPCB_HYD_Sanathnagar,20.833
PROP-69EE3E4168F2,114,64,105,114,118.7,CPCB_HYD_Sanathnagar,31.596
PROP-81F1345CACD4,110,60,99,110,115.0,CPCB_HYD_Sanathnagar,22.333
PROP-AC1570DD5D16,78,42,70,78,80.0,CPCB_HYD_Sanathnagar,7.238
PROP-ABAFB0DAB37B,90,50,83,90,53.3,CPCB_HYD_Sanathnagar,24.563
PROP-96003EA511C4,40,22,37,40,64.3,CPCB_HYD_Sanathnagar,31.277
PROP-DEBF324D5004,78,41,67,78,81.7,CPCB_HYD_Sanathnagar,32.868
PROP-17212BD99590,86,46,76,86,55.3,CPCB_HYD_Sanathnagar,24.314
PROP-E83876FACE07,35,18,29,35,62.0,CPCB_HYD_Sanathnagar,29.365
PROP-A415D94B0280,34,19,32,34,63.0,CPCB_HYD_Sanathnagar,7.326
PROP-A93E81A22F3F,93,51,84,93,56.3,CPCB_HYD_Sanathnagar,6.308
PROP-9E51EA50AFF7,86,46,76,86,55.3,CPCB_HYD_Sanathnagar,31.596
PROP-2742FDA13CF5,40,20,34,40,61.7,CPCB_HYD_Sanathnagar,26.4
PROP-6401AE87242B,78,41,67,78,81.7,CPCB_HYD_Sanathnagar,19.393
PROP-CE742894FBAD,108,59,97,108,65.0,CPCB_HYD_Bollaram,4.28
PROP-429E0E1CA712,90,50,83,90,53.3,CPCB_HYD_Sanathnagar,36.228
PROP-7D4B9DBE2F0E,78,42,70,78,80.0,CPCB_HYD_Sanathnagar,19.393
PROP-7A0CEF758086,73,40,67,73,78.7,CPCB_HYD_Sanathnagar,22.333
PROP-696B87DB77A9,110,60,99,110,115.0,CPCB_HYD_Sanathnagar,5.959
PROP-ADC63251681D,39,22,36,39,62.0,CPCB_HYD_Sanathnagar,44.111
PROP-DB456D384346,79,44,73,79,81.0,CPCB_HYD_Sanathnagar,5.989
PROP-05BBF34C46B4,40,22,37,40,64.3,CPCB_HYD_Sanathnagar,7.238
PROP-D499EE82F919,35,18,29,35,62.0,CPCB_HYD_Sanathnagar,26.4
PROP-E82D1CBCC437,42,23,37,42,69.7,CPCB_HYD_Bollaram,4.502
PROP-9A3E743330D0,146,81,134,146,136.7,CPCB_HYD_Bollaram,9.102
PROP-AECC17F7BF1F,110,60,99,110,117.0,CPCB_HYD_Sanathnagar,16.114
PROP-1DFA7235E953,34,19,32,34,63.0,CPCB_HYD_Sanathnagar,6.125
PROP-ABE764E2A86B,93,51,84,93,56.3,CPCB_HYD_Sanathnagar,21.336
PROP-1D26ABE300A1,88,50,83,88,54.3,CPCB_HYD_Sanathnagar,17.297
PROP-E1C62097EFB4,84,48,79,84,55.0,CPCB_HYD_Sanathnagar,5.406
PROP-20DEA8999614,78,42,70,78,80.0,CPCB_HYD_Sanathnagar,9.081
PROP-DBEF305603BD,88,47,77,88,93.7,CPCB_HYD_Bollaram,1.041
PROP-E04D96318703,35,18,29,35,62.0,CPCB_HYD_Sanathnagar,13.156
PROP-96EF07E4399D,144,79,130,144,137.7,CPCB_HYD_Bollaram,7.75
PROP-F2EB7AE19A80,35,18,29,35,62.0,CPCB_HYD_Sanathnagar,16.114
PROP-D754CFEED374,40,20,34,40,61.7,CPCB_HYD_Sanathnagar,24.029
PROP-72D69EEF4D88,39,22,36,39,62.0,CPCB_HYD_Sanathnagar,16.359
PROP-F7EE11CF7DDB,40,20,34,40,61.7,CPCB_HYD_Sanathnagar,27.355
PROP-0FB43E406695,86,46,76,86,55.3,CPCB_HYD_Sanathnagar,31.83
PROP-4668918F4BAC,127,71,117,127,116.7,CPCB_HYD_Sanathnagar,9.642
PROP-B85D0686B82A,34,19,32,34,63.0,CPCB_HYD_Sanathnagar,5.989
PROP-C9C5E6BB2979,84,48,79,84,55.0,CPCB_HYD_Sanathnagar,9.642
PROP-08AA218C34C7,78,42,70,78,80.0,CPCB_HYD_Sanathnagar,16.114
PROP-D505AFE78ADF,40,22,37,40,64.3,CPCB_HYD_Sanathnagar,38.744
PROP-B8F86C214941,90,50,83,90,53.3,CPCB_HYD_Sanathnagar,31.83
PROP-B75BB7D1590F,79,44,73,79,81.0,CPCB_HYD_Sanathnagar,5.989
PROP-7C6DC523137D,79,44,73,79,81.0,CPCB_HYD_Sanathnagar,21.336
PROP-093F4219EDE0,110,60,99,110,117.0,CPCB_HYD_Sanathnagar,9.642
PROP-B5D73EC0BC1B,78,42,68,78,76.7,CPCB_HYD_Sanathnagar,16.114
PROP-8E9EBB0559EE,78,41,67,78,81.7,CPCB_HYD_Sanathnagar,18.72
PROP-5B39B22135D0,114,64,105,114,118.7,CPCB_HYD_Sanathnagar,16.114
PROP-53D0BF0EE96C,88,50,83,88,54.3,CPCB_HYD_Sanathnagar,27.242
PROP-C74CB7B847AE,127,71,117,127,116.7,CPCB_HYD_Sanathnagar,36.812
PROP-F65399718878,42,23,37,42,69.7,CPCB_HYD_Bollaram,1.041
PROP-CB3EE0B858FA,88,50,83,88,54.3,CPCB_HYD_Sanathnagar,4.987
PROP-0EF5FB7E10B5,35,18,29,35,62.0,CPCB_HYD_Sanathnagar,6.655
PROP-863ABC75BC33,110,60,99,110,115.0,CPCB_HYD_Sanathnagar,13.156
PROP-56D1D2D6CAD8,114,64,105,114,118.7,CPCB_HYD_Sanathnagar,5.922
PROP-C31BBEA76072,86,46,76,86,87.3,CPCB_HYD_Bollaram,14.414
PROP-E33F1153F028,86,46,76,86,87.3,CPCB_HYD_Bollaram,11.041
PROP-453492DAF743,40,22,37,40,64.3,CPCB_HYD_Sanathnagar,41.984
PROP-A5BC7745CF06,84,48,79,84,55.0,CPCB_HYD_Sanathnagar,24.941
PROP-7C9BF4511119,86,46,76,86,55.3,CPCB_HYD_Sanathnagar,25.589
PROP-E9649009E689,86,46,76,86,55.3,CPCB_HYD_Sanathnagar,1.809
PROP-943C731771B5,78,42,68,78,76.7,CPCB_HYD_Sanathnagar,17.802
PROP-A037E50292E8,34,19,32,34,63.0,CPCB_HYD_Sanathnagar,28.728
PROP-356D7AB573FC,127,71,117,127,116.7,CPCB_HYD_Sanathnagar,27.355
PROP-50AC31C1EC07,85,45,74,85,92.7,CPCB_HYD_Bollaram,8.882
PROP-E5108EAD29D3,34,19,32,34,63.0,CPCB_HYD_Sanathnagar,14.407
PROP-2ECAA12813F6,78,42,70,78,80.0,CPCB_HYD_Sanathnagar,27.355
PROP-13CD5EF589D6,88,50,83,88,54.3,CPCB_HYD_Sanathnagar,7.238
PROP-DA47E60C4694,88,50,83,88,54.3,CPCB_HYD_Sanathnagar,23.056
PROP-D14B1E88C608,35,18,29,35,62.0,CPCB_HYD_Sanathnagar,19.393
PROP-0DB2C1960593,86,46,76,86,55.3,CPCB_HYD_Sanathnagar,19.74
PROP-0374AB99AB49,130,70,114,130,126.0,CPCB_HYD_Bollaram,7.645
PROP-ACD074109D66,73,40,67,73,78.7,CPCB_HYD_Sanathnagar,24.941
PROP-FFA0DBFF82F3,110,60,99,110,115.0,CPCB_HYD_Sanathnagar,26.743
PROP-F31C0318E658,98,51,84,98,60.0,CPCB_HYD_Bollaram,7.082
PROP-34F52AB03B85,73,40,67,73,78.7,CPCB_HYD_Sanathnagar,26.507
PROP-C1B513CD7A91,88,50,83,88,54.3,CPCB_HYD_Sanathnagar,32.335
PROP-A3514434CF79,34,19,32,34,63.0,CPCB_HYD_Sanathnagar,4.987
PROP-980FAA0211CD,35,18,29,35,62.0,CPCB_HYD_Sanathnagar,22.333
PROP-F45A5B5B0D88,93,51,84,93,56.3,CPCB_HYD_Sanathnagar,16.539
PROP-69ADEC56ACEB,78,41,67,78,81.7,CPCB_HYD_Sanathnagar,25.242
PROP-DFD260424C64,86,46,76,86,55.3,CPCB_HYD_Sanathnagar,5.989
PROP-94595F6B7BDE,79,44,73,79,81.0,CPCB_HYD_Sanathnagar,9.642
PROP-5A1C402A47F3,93,51,84,93,56.3,CPCB_HYD_Sanathnagar,32.868
PROP-09CE9ADDEE5D,78,41,67,78,81.7,CPCB_HYD_Sanathnagar,29.84
PROP-656B990A04BE,88,50,83,88,54.3,CPCB_HYD_Sanathnagar,19.74
PROP-3D592908ADA9,88,50,83,88,54.3,CPCB_HYD_Sanathnagar,44.111
PROP-8631DB9B9BDB,35,18,29,35,62.0,CPCB_HYD_Sanathnagar,23.52
PROP-E848274486FD,88,50,83,88,54.3,CPCB_HYD_Sanathnagar,5.154
PROP-035F1DF77480,90,50,83,90,53.3,CPCB_HYD_Sanathnagar,44.724
PROP-B38269E87A5C,79,44,73,79,81.0,CPCB_HYD_Sanathnagar,39.402
PROP-040F2CAA3C2F,39,22,36,39,62.0,CPCB_HYD_Sanathnagar,9.57
PROP-9FFE8B132D2A,40,20,34,40,61.7,CPCB_HYD_Sanathnagar,9.579
PROP-CC0F0A77AD6E,39,22,36,39,62.0,CPCB_HYD_Sanathnagar,9.479
PROP-EED632AF54E9,110,60,99,110,115.0,CPCB_HYD_Sanathnagar,32.868
PROP-D408E7C356DF,127,71,117,127,116.7,CPCB_HYD_Sanathnagar,33.009
PROP-B8E59D936A01,40,20,34,40,61.7,CPCB_HYD_Sanathnagar,30.465
PROP-ED2F4B843E2B,108,59,97,108,65.0,CPCB_HYD_Bollaram,11.041
PROP-AB26505CB09A,88,50,83,88,54.3,CPCB_HYD_Sanathnagar,4.434
PROP-0CCDD134F32F,88,50,83,88,54.3,CPCB_HYD_Sanathnagar,26.743
PROP-2D93814678C7,86,46,76,86,55.3,CPCB_HYD_Sanathnagar,24.314
PROP-F1DCDE0EA2C5,40,20,34,40,61.7,CPCB_HYD_Sanathnagar,16.966
PROP-919A3897DB29,35,18,29,35,62.0,CPCB_HYD_Sanathnagar,37.719
PROP-0A952C551127,88,47,77,88,93.7,CPCB_HYD_Bollaram,8.882
PROP-A62E594361AA,73,40,67,73,78.7,CPCB_HYD_Sanathnagar,33.196
PROP-8F2195DE60CB,39,22,36,39,62.0,CPCB_HYD_Sanathnagar,26.02
PROP-31BAD2617194,110,60,99,110,117.0,CPCB_HYD_Sanathnagar,19.195
PROP-C5DEF7340238,40,22,37,40,64.3,CPCB_HYD_Sanathnagar,13.893
PROP-CBEE292773B9,86,46,76,86,55.3,CPCB_HYD_Sanathnagar,10.915
PROP-480F74069725,110,60,99,110,115.0,CPCB_HYD_Sanathnagar,38.744
PROP-2E871C3F27A6,39,21,34,39,72.0,CPCB_HYD_Bollaram,13.309
PROP-35D80106280A,78,42,70,78,80.0,CPCB_HYD_Sanathnagar,16.114
PROP-0F37AA3F0AE5,110,60,99,110,115.0,CPCB_HYD_Sanathnagar,30.465
PROP-A9416774F6D4,127,71,117,127,116.7,CPCB_HYD_Sanathnagar,6.308
PROP-F4D6453E52D6,86,46,76,86,55.3,CPCB_HYD_Sanathnagar,4.434
PROP-3BD1E962C7D9,40,22,37,40,64.3,CPCB_HYD_Sanathnagar,38.359
PROP-7829BAF8BA68,78,41,67,78,81.7,CPCB_HYD_Sanathnagar,4.434
PROP-1BDE68B7A86D,40,20,34,40,61.7,CPCB_HYD_Sanathnagar,39.174
PROP-02B495C1EC94,127,71,117,127,116.7,CPCB_HYD_Sanathnagar,32.868
PROP-32A650A8BCF0,40,22,37,40,64.3,CPCB_HYD_Sanathnagar,21.336
PROP-EB27B01390A4,86,46,76,86,55.3,CPCB_HYD_Sanathnagar,13.893
PROP-FA48D6011F79,78,41,67,78,81.7,CPCB_HYD_Sanathnagar,33.929
PROP-BD7E82788E41,78,42,70,78,80.0,CPCB_HYD_Sanathnagar,16.114
PROP-E41E0FA10AF8,90,50,83,90,53.3,CPCB_HYD_Sanathnagar,32.868
PROP-FBFF507E1D0D,88,50,83,88,54.3,CPCB_HYD_Sanathnagar,25.278
PROP-5C4FBB981A2D,78,42,68,78,76.7,CPCB_HYD_Sanathnagar,28.728
PROP-9ED0D5D9E157,98,51,84,98,60.0,CPCB_HYD_Bollaram,8.798
PROP-B2F3F6773ABB,93,51,84,93,56.3,CPCB_HYD_Sanathnagar,5.989
PROP-911673600C88,86,46,76,86,55.3,CPCB_HYD_Sanathnagar,27.355
PROP-07F8FAA87931,110,60,99,110,115.0,CPCB_HYD_Sanathnagar,32.115
PROP-2B3D4B4FCDB0,35,18,29,35,62.0,CPCB_HYD_Sanathnagar,17.297
PROP-581EA2B80E38,110,60,99,110,117.0,CPCB_HYD_Sanathnagar,26.4
PROP-B520B9A3BF00,78,41,67,78,81.7,CPCB_HYD_Sanathnagar,21.262
PROP-7E1CD895B29A,90,50,83,90,53.3,CPCB_HYD_Sanathnagar,41.984
PROP-625CD0D1235F,114,64,105,114,118.7,CPCB_HYD_Sanathnagar,46.867
PROP-5191B5E6C1FC,90,50,83,90,53.3,CPCB_HYD_Sanathnagar,20.086
PROP-8F10A6104D6C,40,20,34,40,61.7,CPCB_HYD_Sanathnagar,7.238
PROP-7B308373CB2F,78,41,67,78,81.7,CPCB_HYD_Sanathnagar,31.76
PROP-B41DF046488C,84,48,79,84,55.0,CPCB_HYD_Sanathnagar,11.705
PROP-B6008725FA0C,133,74,122,133,137.3,CPCB_HYD_Bollaram,6.009
PROP-4AFE14D76540,144,79,130,144,137.7,CPCB_HYD_Bollaram,9.102
PROP-0099544FD492,39,22,36,39,62.0,CPCB_HYD_Sanathnagar,24.314
PROP-35AA38E89CF9,73,40,67,73,78.7,CPCB_HYD_Sanathnagar,9.479
PROP-BFBD28B12DDA,79,44,73,79,81.0,CPCB_HYD_Sanathnagar,26.4
PROP-2F30488BA8AD,40,20,34,40,61.7,CPCB_HYD_Sanathnagar,41.984
PROP-B6BAFBCAB655,35,18,29,35,62.0,CPCB_HYD_Sanathnagar,25.95
PROP-3F186CC4735A,40,22,37,40,64.3,CPCB_HYD_Sanathnagar,21.336
PROP-CE161626314E,114,64,105,114,118.7,CPCB_HYD_Sanathnagar,29.365
PROP-28796FC5D409,110,60,99,110,115.0,CPCB_HYD_Sanathnagar,7.238
PROP-5D0423C5428E,40,20,34,40,61.7,CPCB_HYD_Sanathnagar,17.134
PROP-35CC202F3AC1,86,46,76,86,55.3,CPCB_HYD_Sanathnagar,41.984
PROP-2F3EC39ED35B,73,40,67,73,78.7,CPCB_HYD_Sanathnagar,36.812
PROP-0672A6A0EF62,84,48,79,84,55.0,CPCB_HYD_Sanathnagar,26.4
PROP-002BB8A01CEA,79,44,73,79,81.0,CPCB_HYD_Sanathnagar,14.265
PROP-2E90D6CFF0B5,40,22,37,40,64.3,CPCB_HYD_Sanathnagar,24.931
PROP-45C322CB7BE8,40,20,34,40,61.7,CPCB_HYD_Sanathnagar,16.966
PROP-228CCDDE58E4,73,40,67,73,78.7,CPCB_HYD_Sanathnagar,13.893
PROP-812FFD488A1F,93,51,84,93,56.3,CPCB_HYD_Sanathnagar,14.184
PROP-CD6F5ED1D262,40,22,37,40,64.3,CPCB_HYD_Sanathnagar,29.365
PROP-BED1D266C941,127,71,117,127,116.7,CPCB_HYD_Sanathnagar,24.314
PROP-F565980FA2D4,93,51,84,93,56.3,CPCB_HYD_Sanathnagar,25.601
PROP-ED994D4402A7,86,46,76,86,87.3,CPCB_HYD_Bollaram,23.75
PROP-F34946D37CB3,73,40,67,73,78.7,CPCB_HYD_Sanathnagar,19.74
PROP-D55875EEFC0A,114,64,105,114,118.7,CPCB_HYD_Sanathnagar,32.451
PROP-E8BB9F4BFB77,40,20,34,40,61.7,CPCB_HYD_Sanathnagar,9.081
PROP-31C59493CE95,88,50,83,88,54.3,CPCB_HYD_Sanathnagar,34.044
PROP-E8050487D05C,34,19,32,34,63.0,CPCB_HYD_Sanathnagar,12.488
PROP-D45D8911FDAA,78,42,68,78,76.7,CPCB_HYD_Sanathnagar,23.056
PROP-8E7090840C1D,73,40,67,73,78.7,CPCB_HYD_Sanathnagar,27.355
PROP-DE4581618FF7,110,60,99,110,115.0,CPCB_HYD_Sanathnagar,14.184
PROP-6DF8150098C2,79,44,73,79,81.0,CPCB_HYD_Sanathnagar,14.184
PROP-55D8B080E737,127,71,117,127,116.7,CPCB_HYD_Sanathnagar,41.984
PROP-8082DB40E60F,40,20,34,40,61.7,CPCB_HYD_Sanathnagar,29.365
PROP-C8B63B89B0EC,114,64,105,114,118.7,CPCB_HYD_Sanathnagar,13.893
PROP-CE19058E108B,78,42,68,78,76.7,CPCB_HYD_Sanathnagar,13.893
PROP-95EF2BB97F7B,110,60,99,110,117.0,CPCB_HYD_Sanathnagar,9.081
PROP-7896941911A0,78,41,67,78,81.7,CPCB_HYD_Sanathnagar,25.601
PROP-FBBA6E0A6C87,88,50,83,88,54.3,CPCB_HYD_Sanathnagar,44.111
PROP-CFA68EAE1F17,98,51,84,98,60.0,CPCB_HYD_Bollaram,6.009
PROP-C08399438D0C,88,50,83,88,54.3,CPCB_HYD_Sanathnagar,7.238
PROP-649B09DF67F3,110,60,99,110,117.0,CPCB_HYD_Sanathnagar,7.238
PROP-35EF90537632,79,44,73,79,81.0,CPCB_HYD_Sanathnagar,30.465
PROP-209D8734B3C3,40,22,37,40,64.3,CPCB_HYD_Sanathnagar,15.173
PROP-C4954646E9F2,40,21,34,40,71.7,CPCB_HYD_Bollaram,1.041
PROP-91B4890AB30C,110,60,99,110,117.0,CPCB_HYD_Sanathnagar,33.929
PROP-040BA2ECAB23,90,50,83,90,53.3,CPCB_HYD_Sanathnagar,26.4
PROP-D1BCB7A6C695,39,22,36,39,62.0,CPCB_HYD_Sanathnagar,31.83
PROP-5BCE35227C19,110,60,99,110,115.0,CPCB_HYD_Sanathnagar,23.056
PROP-5310A5B82E4B,127,71,117,127,116.7,CPCB_HYD_Sanathnagar,5.989
PROP-FCD9B9137814,110,60,99,110,117.0,CPCB_HYD_Sanathnagar,6.125
PROP-2DFD3111DA19,40,22,37,40,64.3,CPCB_HYD_Sanathnagar,6.308
PROP-DCA723EFD316,34,19,32,34,63.0,CPCB_HYD_Sanathnagar,14.407
PROP-9CAFF9971B06,85,45,74,85,92.7,CPCB_HYD_Bollaram,23.75
PROP-4B9A249BE6FA,39,22,36,39,62.0,CPCB_HYD_Sanathnagar,33.929
PROP-E9E1087E51DC,40,22,37,40,64.3,CPCB_HYD_Sanathnagar,21.433
PROP-64A81EDDB81B,85,45,74,85,92.7,CPCB_HYD_Bollaram,7.645
PROP-97EEE540C245,78,42,68,78,76.7,CPCB_HYD_Sanathnagar,39.174
PROP-7651A50B62AC,73,40,67,73,78.7,CPCB_HYD_Sanathnagar,16.114
PROP-757BCCC648BA,79,44,73,79,81.0,CPCB_HYD_Sanathnagar,21.768
PROP-16D5FFEAD07D,79,44,73,79,81.0,CPCB_HYD_Sanathnagar,32.868
PROP-672D2C411426,39,22,36,39,62.0,CPCB_HYD_Sanathnagar,21.768
PROP-D415B9EED88E,39,22,36,39,62.0,CPCB_HYD_Sanathnagar,5.989
PROP-042A18D447FF,84,48,79,84,55.0,CPCB_HYD_Sanathnagar,19.74
PROP-F32C50F4A213,127,71,117,127,116.7,CPCB_HYD_Sanathnagar,33.929
PROP-DF84F81DDF70,78,41,67,78,81.7,CPCB_HYD_Sanathnagar,32.868
PROP-E1974056206F,114,64,105,114,118.7,CPCB_HYD_Sanathnagar,38.359
PROP-2CE85ED154FE,93,51,84,93,56.3,CPCB_HYD_Sanathnagar,33.929
PROP-00B0DAAD18C8,98,51,84,98,60.0,CPCB_HYD_Bollaram,4.502
PROP-7193FDC03808,133,74,122,133,137.3,CPCB_HYD_Bollaram,4.502
PROP-DBE13E0A834E,40,20,34,40,61.7,CPCB_HYD_Sanathnagar,31.596
PROP-A4B48ABE72C7,78,42,68,78,76.7,CPCB_HYD_Sanathnagar,24.314
PROP-4DD4BAA8486F,96,53,87,96,60.0,CPCB_HYD_Bollaram,7.645
PROP-46CF13FC01CF,78,41,67,78,81.7,CPCB_HYD_Sanathnagar,31.596
PROP-866FE4CA02EE,78,42,68,78,76.7,CPCB_HYD_Sanathnagar,38.359
PROP-42636804E44B,88,50,83,88,54.3,CPCB_HYD_Sanathnagar,34.044
PROP-839F34EDCFF3,108,59,97,108,65.0,CPCB_HYD_Bollaram,21.662
PROP-27B9284010CE,73,40,67,73,78.7,CPCB_HYD_Sanathnagar,25.601
PROP-00C747214BC5,86,46,76,86,87.3,CPCB_HYD_Bollaram,16.499
PROP-A02198998441,114,64,105,114,118.7,CPCB_HYD_Sanathnagar,6.631
PROP-0E63BE761DEA,40,20,34,40,61.7,CPCB_HYD_Sanathnagar,17.756
PROP-BB0553CF92B1,97,51,84,97,60.7,CPCB_HYD_Bollaram,14.077
PROP-9A749A95B72E,35,18,29,35,62.0,CPCB_HYD_Sanathnagar,19.424
PROP-F06651A44340,40,22,37,40,64.3,CPCB_HYD_Sanathnagar,26.743
PROP-6B5F8DF64353,108,59,97,108,65.0,CPCB_HYD_Bollaram,11.041
PROP-7A616AB0CB11,79,41,67,79,91.3,CPCB_HYD_Bollaram,16.499
PROP-98EE98FFFC75,104,54,88,104,60.3,CPCB_HYD_Bollaram,16.499
PROP-B9AEE3105431,73,40,67,73,78.7,CPCB_HYD_Sanathnagar,27.802
PROP-3B83A138AAF8,79,44,73,79,81.0,CPCB_HYD_Sanathnagar,27.802
PROP-C33524FA20FF,78,41,67,78,81.7,CPCB_HYD_Sanathnagar,17.756
PROP-5FDEB5C799A2,127,71,117,127,116.7,CPCB_HYD_Sanathnagar,26.145
PROP-BE10A4594A2B,39,22,36,39,62.0,CPCB_HYD_Sanathnagar,9.047
PROP-29B9C4B46264,127,71,117,127,116.7,CPCB_HYD_Sanathnagar,26.743
PROP-42AAB6639B0C,79,44,73,79,81.0,CPCB_HYD_Sanathnagar,26.743
PROP-5755D88A3990,78,42,70,78,80.0,CPCB_HYD_Sanathnagar,26.743
PROP-5E16348E0C02,78,42,70,78,80.0,CPCB_HYD_Sanathnagar,5.959
PROP-4C1E163CA7A7,104,54,88,104,60.3,CPCB_HYD_Bollaram,1.041
PROP-D75D4A7B5DC7,133,74,122,133,137.3,CPCB_HYD_Bollaram,8.62
PROP-63289A398F65,85,45,74,85,92.7,CPCB_HYD_Bollaram,4.502
PROP-7030485D2554,79,44,73,79,81.0,CPCB_HYD_Sanathnagar,7.326
PROP-DBB80D842E7D,86,46,76,86,87.3,CPCB_HYD_Bollaram,6.009
PROP-CDEBF0EB9B3E,88,50,83,88,54.3,CPCB_HYD_Sanathnagar,39.174
PROP-4F2F461467EB,110,60,99,110,117.0,CPCB_HYD_Sanathnagar,18.028
PROP-EFBAD9C7DF8B,35,18,29,35,62.0,CPCB_HYD_Sanathnagar,7.326
PROP-27F3E7B2B41A,39,22,36,39,62.0,CPCB_HYD_Sanathnagar,34.044
PROP-085B0B3785DB,79,44,73,79,81.0,CPCB_HYD_Sanathnagar,32.868
PROP-BAC43107AAB8,86,46,76,86,55.3,CPCB_HYD_Sanathnagar,14.184
PROP-8550CE2342E4,73,40,67,73,78.7,CPCB_HYD_Sanathnagar,24.314
PROP-EFC28452E658,93,51,84,93,56.3,CPCB_HYD_Sanathnagar,33.405
PROP-FCF58EC43A48,86,46,76,86,55.3,CPCB_HYD_Sanathnagar,5.81
PROP-4A08D7314B19,98,51,84,98,60.0,CPCB_HYD_Bollaram,8.882
PROP-F83200A143B3,40,20,34,40,61.7,CPCB_HYD_Sanathnagar,34.044
PROP-0C3A6EE98732,127,71,117,127,116.7,CPCB_HYD_Sanathnagar,34.044
PROP-0496BC9DBE3C,73,40,67,73,78.7,CPCB_HYD_Sanathnagar,6.308
PROP-1C89A9B2255D,127,71,117,127,116.7,CPCB_HYD_Sanathnagar,9.642
PROP-EE7C8B7F0CFC,34,19,32,34,63.0,CPCB_HYD_Sanathnagar,19.393
PROP-04026C47C0A9,108,59,97,108,65.0,CPCB_HYD_Bollaram,7.645
PROP-F2A94EFA44BD,127,71,117,127,116.7,CPCB_HYD_Sanathnagar,17.134
PROP-A925A0C32310,93,51,84,93,56.3,CPCB_HYD_Sanathnagar,24.314
PROP-84D2C6E84C23,40,21,34,40,71.7,CPCB_HYD_Bollaram,7.645
PROP-B96559BFC2F3,93,51,84,93,56.3,CPCB_HYD_Sanathnagar,18.72
PROP-A70B6AF20806,40,20,34,40,61.7,CPCB_HYD_Sanathnagar,16.114
PROP-88DC05B42C1C,78,41,67,78,81.7,CPCB_HYD_Sanathnagar,34.044
PROP-5F6A08DA9A71,34,19,32,34,63.0,CPCB_HYD_Sanathnagar,31.596
PROP-E904F8E38EF5,34,19,32,34,63.0,CPCB_HYD_Sanathnagar,23.056
PROP-6063D909F230,84,48,79,84,55.0,CPCB_HYD_Sanathnagar,13.893
PROP-28671CD8823D,78,42,70,78,80.0,CPCB_HYD_Sanathnagar,32.868
PROP-F1BF21DA36C2,88,50,83,88,54.3,CPCB_HYD_Sanathnagar,6.308
PROP-27BDA3D88935,34,19,32,34,63.0,CPCB_HYD_Sanathnagar,19.195
PROP-C7ACF84AAB46,127,71,117,127,116.7,CPCB_HYD_Sanathnagar,14.184
PROP-B8D462A2DF0C,130,70,114,130,126.0,CPCB_HYD_Bollaram,6.412
PROP-23D240E005F2,84,48,79,84,55.0,CPCB_HYD_Sanathnagar,18.028
PROP-69083C575595,73,40,67,73,78.7,CPCB_HYD_Sanathnagar,9.642
PROP-1B870913B673,40,22,37,40,64.3,CPCB_HYD_Sanathnagar,7.326
PROP-7F86CC7DCD3E,40,20,34,40,61.7,CPCB_HYD_Sanathnagar,38.359
PROP-B6A11DE3B3CC,144,79,130,144,137.7,CPCB_HYD_Bollaram,9.036
PROP-2D1779BDD5F3,90,50,83,90,53.3,CPCB_HYD_Sanathnagar,19.74
PROP-0A1C110616DD,78,42,68,78,76.7,CPCB_HYD_Sanathnagar,18.72
PROP-73A0DDEC4737,78,42,68,78,76.7,CPCB_HYD_Sanathnagar,18.72
PROP-08C28CCEC3C9,127,71,117,127,116.7,CPCB_HYD_Sanathnagar,31.596
PROP-34E54DB26755,86,46,76,86,55.3,CPCB_HYD_Sanathnagar,33.929
PROP-FA8D1F3E96E4,79,44,73,79,81.0,CPCB_HYD_Sanathnagar,24.314
PROP-FB258B73F66D,84,48,79,84,55.0,CPCB_HYD_Sanathnagar,24.314
PROP-137C35ADBDB8,104,54,88,104,60.3,CPCB_HYD_Bollaram,7.75
PROP-74F763732676,84,48,79,84,55.0,CPCB_HYD_Sanathnagar,13.893
PROP-350E213FE6E0,86,46,76,86,55.3,CPCB_HYD_Sanathnagar,23.281
PROP-38E8ACDDA20C,110,60,99,110,115.0,CPCB_HYD_Sanathnagar,22.333
PROP-60CD463A58C0,73,40,67,73,78.7,CPCB_HYD_Sanathnagar,13.893
PROP-412680C10449,40,20,34,40,61.7,CPCB_HYD_Sanathnagar,7.326
PROP-AABCD8B2FE4F,108,59,97,108,65.0,CPCB_HYD_Bollaram,4.502
PROP-D6B46557AE5D,39,22,36,39,62.0,CPCB_HYD_Sanathnagar,19.195
PROP-F16E366247E6,35,18,29,35,62.0,CPCB_HYD_Sanathnagar,32.868
PROP-A61A28C277F3,78,41,67,78,81.7,CPCB_HYD_Sanathnagar,16.114
PROP-CCDBCCEF4411,84,48,79,84,55.0,CPCB_HYD_Sanathnagar,16.114
PROP-E7DD68900C48,114,64,105,114,118.7,CPCB_HYD_Sanathnagar,27.802
PROP-E17A41D91144,40,21,34,40,71.7,CPCB_HYD_Bollaram,7.645
PROP-5DA698499EBB,90,50,83,90,53.3,CPCB_HYD_Sanathnagar,6.308
PROP-6B9EE1A5C0C2,90,50,83,90,53.3,CPCB_HYD_Sanathnagar,24.314
PROP-CABCF59B4D2E,114,64,105,114,118.7,CPCB_HYD_Sanathnagar,19.195
PROP-E940BD1859F3,93,51,84,93,56.3,CPCB_HYD_Sanathnagar,27.802
PROP-88F46A855F97,73,40,67,73,78.7,CPCB_HYD_Sanathnagar,26.145
PROP-EC7C5FFB5B10,114,64,105,114,118.7,CPCB_HYD_Sanathnagar,13.893
PROP-4B48009115F2,86,46,76,86,87.3,CPCB_HYD_Bollaram,8.62
PROP-E8939A19445E,34,19,32,34,63.0,CPCB_HYD_Sanathnagar,32.868
PROP-191739425E8B,40,22,37,40,64.3,CPCB_HYD_Sanathnagar,7.326
PROP-D1C4246934A9,40,22,37,40,64.3,CPCB_HYD_Sanathnagar,24.314
PROP-5D2ADCE712AC,73,40,67,73,78.7,CPCB_HYD_Sanathnagar,34.044
PROP-F7E3FF1C01E3,108,59,97,108,65.0,CPCB_HYD_Bollaram,8.882
PROP-DF470A53E18D,86,46,76,86,55.3,CPCB_HYD_Sanathnagar,28.728
PROP-B322CA0F2F56,39,22,36,39,62.0,CPCB_HYD_Sanathnagar,5.989
PROP-2BEED94D876B,45,24,40,45,72.3,CPCB_HYD_Bollaram,7.645
PROP-D1248BFC02BF,133,74,122,133,137.3,CPCB_HYD_Bollaram,4.502
PROP-24154292A436,78,41,67,78,81.7,CPCB_HYD_Sanathnagar,17.134
PROP-57452ECF0F62,114,64,105,114,118.7,CPCB_HYD_Sanathnagar,24.314
PROP-FFEFE0787466,88,50,83,88,54.3,CPCB_HYD_Sanathnagar,20.086
PROP-84D7599902B4,78,42,70,78,80.0,CPCB_HYD_Sanathnagar,7.238
PROP-A8C14D9EB520,39,21,34,39,72.0,CPCB_HYD_Bollaram,8.882
PROP-92CC5FCC0984,39,22,36,39,62.0,CPCB_HYD_Sanathnagar,6.308
PROP-57B08CFE88BF,39,22,36,39,62.0,CPCB_HYD_Sanathnagar,18.72
PROP-8A49E0672652,79,44,73,79,81.0,CPCB_HYD_Sanathnagar,27.802
PROP-A552D3B92FDE,114,64,105,114,118.7,CPCB_HYD_Sanathnagar,19.74
PROP-A4554CD4EA11,93,51,84,93,56.3,CPCB_HYD_Sanathnagar,19.393
PROP-8E87C2F71D48,39,22,36,39,62.0,CPCB_HYD_Sanathnagar,3.135
PROP-40C4B6226DC7,133,74,122,133,137.3,CPCB_HYD_Bollaram,4.984
PROP-2CF16027C624,88,50,83,88,54.3,CPCB_HYD_Sanathnagar,13.893
PROP-1037B9ED0782,146,81,134,146,136.7,CPCB_HYD_Bollaram,7.645
PROP-D8BA302A8FC5,35,18,29,35,62.0,CPCB_HYD_Sanathnagar,30.948
PROP-2E8EED5D805B,110,60,99,110,117.0,CPCB_HYD_Sanathnagar,26.02
PROP-10DA99B2C2D4,78,42,70,78,80.0,CPCB_HYD_Sanathnagar,23.056
PROP-718FE67E2594,40,20,34,40,61.7,CPCB_HYD_Sanathnagar,13.893
PROP-FF527CB4BAC7,45,24,40,45,72.3,CPCB_HYD_Bollaram,7.645
PROP-C7624F0F7B43,127,71,117,127,116.7,CPCB_HYD_Sanathnagar,16.81
PROP-18502A7488C5,96,53,87,96,60.0,CPCB_HYD_Bollaram,7.645
PROP-8B7EA326E510,39,22,36,39,62.0,CPCB_HYD_Sanathnagar,6.308
PROP-7E568CF43565,88,50,83,88,54.3,CPCB_HYD_Sanathnagar,16.114
PROP-5158293C886B,35,18,29,35,62.0,CPCB_HYD_Sanathnagar,21.336
PROP-639A2572325C,39,21,34,39,72.0,CPCB_HYD_Bollaram,11.197
PROP-20BE653DBACB,110,60,99,110,117.0,CPCB_HYD_Sanathnagar,23.828
PROP-E6354CB5C66F,40,20,34,40,61.7,CPCB_HYD_Sanathnagar,28.727
PROP-5D03C388F594,84,46,75,84,86.0,CPCB_HYD_Bollaram,14.039
PROP-65C414540ADA,35,18,29,35,62.0,CPCB_HYD_Sanathnagar,24.314
PROP-3C8A1176A0A5,110,60,99,110,117.0,CPCB_HYD_Sanathnagar,24.314
PROP-5741A3F5146F,40,21,34,40,71.7,CPCB_HYD_Bollaram,21.662
PROP-A5170B64DDC8,110,60,99,110,117.0,CPCB_HYD_Sanathnagar,7.38
PROP-B5A0CEED682C,73,40,67,73,78.7,CPCB_HYD_Sanathnagar,24.314
PROP-C87B5AC627F5,78,41,67,78,81.7,CPCB_HYD_Sanathnagar,9.642
PROP-E350D28F5F97,79,44,73,79,81.0,CPCB_HYD_Sanathnagar,9.642
PROP-FD652FFB4F9C,78,41,67,78,81.7,CPCB_HYD_Sanathnagar,9.642
PROP-57B346A38F6C,93,51,84,93,56.3,CPCB_HYD_Sanathnagar,21.768
PROP-A990EAC71B34,110,60,99,110,117.0,CPCB_HYD_Sanathnagar,18.028
PROP-BD83B0D4BE9A,39,22,36,39,62.0,CPCB_HYD_Sanathnagar,31.113
PROP-1E407215FBA1,90,50,83,90,53.3,CPCB_HYD_Sanathnagar,21.336
PROP-9FF2C5F05F14,73,40,67,73,78.7,CPCB_HYD_Sanathnagar,16.159
PROP-A48661B98700,110,60,99,110,115.0,CPCB_HYD_Sanathnagar,19.195
PROP-52847602F1D0,90,50,83,90,53.3,CPCB_HYD_Sanathnagar,7.238
PROP-62F82DCBCB25,110,60,99,110,117.0,CPCB_HYD_Sanathnagar,31.113
PROP-52E1C694A74F,86,46,76,86,55.3,CPCB_HYD_Sanathnagar,25.601
PROP-32AFBDC58406,39,22,36,39,62.0,CPCB_HYD_Sanathnagar,26.96
PROP-A80FB995A83C,40,20,34,40,61.7,CPCB_HYD_Sanathnagar,18.72
PROP-6917BBFDBE3D,78,42,70,78,80.0,CPCB_HYD_Sanathnagar,27.802
PROP-293923DEF999,127,71,117,127,116.7,CPCB_HYD_Sanathnagar,26.148
PROP-5B4D5EE8A111,40,20,34,40,61.7,CPCB_HYD_Sanathnagar,38.359
PROP-668E4D8175B5,34,19,32,34,63.0,CPCB_HYD_Sanathnagar,24.643
PROP-A099729894CA,35,18,29,35,62.0,CPCB_HYD_Sanathnagar,18.028
PROP-1C6609E8B542,86,46,76,86,55.3,CPCB_HYD_Sanathnagar,38.744
PROP-C52D2F036131,40,22,37,40,64.3,CPCB_HYD_Sanathnagar,5.154
PROP-F25320DA9F98,44,22,37,44,70.0,CPCB_HYD_Bollaram,4.28
PROP-CCC36D1A9238,110,60,99,110,117.0,CPCB_HYD_Sanathnagar,36.205
PROP-20B626D0F2EA,127,71,117,127,116.7,CPCB_HYD_Sanathnagar,16.359
PROP-B88BD1389DDA,78,42,70,78,80.0,CPCB_HYD_Sanathnagar,17.134
PROP-D72B4D2887EB,127,71,117,127,116.7,CPCB_HYD_Sanathnagar,17.545
PROP-BBA6EBC53C91,78,41,67,78,81.7,CPCB_HYD_Sanathnagar,31.113
PROP-06653760EAB7,84,48,79,84,55.0,CPCB_HYD_Sanathnagar,7.955
PROP-D7FA7C53760C,40,20,34,40,61.7,CPCB_HYD_Sanathnagar,9.642
PROP-F6C69791252D,93,51,84,93,56.3,CPCB_HYD_Sanathnagar,5.959
PROP-F02C2A35A0CE,110,60,99,110,115.0,CPCB_HYD_Sanathnagar,5.989
PROP-20AA8B170055,78,41,67,78,81.7,CPCB_HYD_Sanathnagar,33.196
PROP-FB2F55B6BDE7,93,51,84,93,56.3,CPCB_HYD_Sanathnagar,30.465
PROP-8F7C8EBD5588,39,22,36,39,62.0,CPCB_HYD_Sanathnagar,12.259
PROP-4A2CCE9FF953,86,46,76,86,55.3,CPCB_HYD_Sanathnagar,9.642
PROP-B25F1EE876ED,84,46,75,84,86.0,CPCB_HYD_Bollaram,4.28
PROP-423AC111986E,127,71,117,127,116.7,CPCB_HYD_Sanathnagar,5.989
PROP-E884B4869477,86,46,76,86,55.3,CPCB_HYD_Sanathnagar,19.195
PROP-196B8CA5F817,110,60,99,110,117.0,CPCB_HYD_Sanathnagar,16.359
PROP-C6132A4E1294,79,44,73,79,81.0,CPCB_HYD_Sanathnagar,21.336
PROP-8A0B08B9115B,127,71,117,127,116.7,CPCB_HYD_Sanathnagar,24.563
PROP-B6B072279040,78,42,68,78,76.7,CPCB_HYD_Sanathnagar,9.57
PROP-6D515EEC031E,110,60,99,110,117.0,CPCB_HYD_Sanathnagar,24.929
PROP-357AE65DE2E2,84,48,79,84,55.0,CPCB_HYD_Sanathnagar,44.724
PROP-C5E838EAC018,34,19,32,34,63.0,CPCB_HYD_Sanathnagar,21.336
PROP-5AB840AED209,34,19,32,34,63.0,CPCB_HYD_Sanathnagar,5.959
PROP-8A0B2941FE8D,127,71,117,127,116.7,CPCB_HYD_Sanathnagar,5.406
PROP-535412824887,40,22,37,40,64.3,CPCB_HYD_Sanathnagar,28.728
PROP-48F225346956,40,22,37,40,64.3,CPCB_HYD_Sanathnagar,9.642
PROP-889EF17714F3,90,50,83,90,53.3,CPCB_HYD_Sanathnagar,18.028
PROP-7530E7CD300A,45,24,40,45,72.3,CPCB_HYD_Bollaram,8.882
PROP-F52F9D91055B,78,42,68,78,76.7,CPCB_HYD_Sanathnagar,19.332
PROP-B5B8575308D0,86,46,76,86,55.3,CPCB_HYD_Sanathnagar,9.642
PROP-077A939BFEE8,40,20,34,40,61.7,CPCB_HYD_Sanathnagar,5.989
PROP-8C737BAFA747,34,19,32,34,63.0,CPCB_HYD_Sanathnagar,16.114
PROP-8010D37C32C0,127,71,117,127,116.7,CPCB_HYD_Sanathnagar,1.809
PROP-31151B4B9A58,114,64,105,114,118.7,CPCB_HYD_Sanathnagar,5.959
PROP-434DBB289A5A,127,71,117,127,116.7,CPCB_HYD_Sanathnagar,5.959
PROP-4DF35769ADFB,84,48,79,84,55.0,CPCB_HYD_Sanathnagar,1.809
PROP-E3A248B4600C,79,44,73,79,81.0,CPCB_HYD_Sanathnagar,30.465
PROP-BE274D340BE2,73,40,67,73,78.7,CPCB_HYD_Sanathnagar,5.989
PROP-F4919EF70EC2,40,22,37,40,64.3,CPCB_HYD_Sanathnagar,26.145
PROP-1224A837102F,88,50,83,88,54.3,CPCB_HYD_Sanathnagar,34.044
PROP-B024A23E5B23,93,51,84,93,56.3,CPCB_HYD_Sanathnagar,7.38
PROP-89D5F212B4AD,88,47,77,88,93.7,CPCB_HYD_Bollaram,5.167
PROP-FA7CB90CB817,93,51,84,93,56.3,CPCB_HYD_Sanathnagar,16.966
PROP-EB006A681793,127,71,117,127,116.7,CPCB_HYD_Sanathnagar,16.114
PROP-542F7EC71F1C,110,60,99,110,115.0,CPCB_HYD_Sanathnagar,24.314
PROP-3769D2D9412A,44,22,37,44,70.0,CPCB_HYD_Bollaram,6.009
PROP-E6617D08335A,88,50,83,88,54.3,CPCB_HYD_Sanathnagar,25.601
PROP-838CA3E9700D,78,42,70,78,80.0,CPCB_HYD_Sanathnagar,24.314
PROP-56B3F1F2509F,88,50,83,88,54.3,CPCB_HYD_Sanathnagar,7.238
PROP-18E6C8F6DD2A,79,44,73,79,81.0,CPCB_HYD_Sanathnagar,28.728
PROP-D1B8CF49DE5E,88,50,83,88,54.3,CPCB_HYD_Sanathnagar,32.868
PROP-E035FF99FA84,88,50,83,88,54.3,CPCB_HYD_Sanathnagar,17.134
PROP-8E9CD438FAAF,40,22,37,40,64.3,CPCB_HYD_Sanathnagar,6.308
PROP-90C4DEFE07AE,78,42,68,78,76.7,CPCB_HYD_Sanathnagar,33.196
PROP-C6B03F338B5E,78,41,67,78,81.7,CPCB_HYD_Sanathnagar,28.727
PROP-4FA26FA9B6BF,84,48,79,84,55.0,CPCB_HYD_Sanathnagar,28.728
PROP-40ABE0A5BA9E,73,40,67,73,78.7,CPCB_HYD_Sanathnagar,6.308
PROP-541C9CDEF397,40,20,34,40,61.7,CPCB_HYD_Sanathnagar,27.713
PROP-8E13C5D7545C,39,22,36,39,62.0,CPCB_HYD_Sanathnagar,9.642
PROP-7CDB27CCC56B,90,50,83,90,53.3,CPCB_HYD_Sanathnagar,9.081
PROP-BE17005A9A15,40,20,34,40,61.7,CPCB_HYD_Sanathnagar,44.724
PROP-90B315A513D6,144,79,130,144,137.7,CPCB_HYD_Bollaram,11.041
PROP-A6E0D427219E,78,41,67,78,81.7,CPCB_HYD_Sanathnagar,16.966
PROP-3D548FDC0144,127,71,117,127,116.7,CPCB_HYD_Sanathnagar,7.361
PROP-55B8C2C99F09,96,53,87,96,60.0,CPCB_HYD_Bollaram,4.28
PROP-0F6035EF3201,40,20,34,40,61.7,CPCB_HYD_Sanathnagar,28.453
PROP-D9D4ABFD4D32,90,50,83,90,53.3,CPCB_HYD_Sanathnagar,18.72
PROP-AC39FFFD2C4D,86,46,76,86,55.3,CPCB_HYD_Sanathnagar,13.464
PROP-DB6AF703BAB7,88,50,83,88,54.3,CPCB_HYD_Sanathnagar,28.728
PROP-E8F503B5CE48,40,21,34,40,71.7,CPCB_HYD_Bollaram,8.882
PROP-68999F45BB7D,34,19,32,34,63.0,CPCB_HYD_Sanathnagar,16.359
PROP-96D14D57735E,108,59,97,108,65.0,CPCB_HYD_Bollaram,4.28
PROP-7C5DABD0826B,78,41,67,78,81.7,CPCB_HYD_Sanathnagar,24.277
PROP-CF37E21D04F0,78,41,67,78,81.7,CPCB_HYD_Sanathnagar,6.655
PROP-5A93ECCCA934,96,53,87,96,60.0,CPCB_HYD_Bollaram,14.951
PROP-BFC4BA69B1FD,116,66,109,116,69.0,CPCB_MUM_Bandra,22.385
PROP-033786CD55DF,95,53,87,95,96.7,CPCB_MUM_Kurla,8.968
PROP-07FD97265E08,41,21,35,41,78.0,CPCB_MUM_Bandra,28.227
PROP-E87988C7452C,90,48,79,90,96.3,CPCB_MUM_Bandra,12.709
PROP-DA2083113828,119,62,102,119,72.0,CPCB_MUM_Kurla,1.327
PROP-E3304A56CA33,48,26,43,48,75.3,CPCB_MUM_Bandra,3.525
PROP-BDDA9BE2A725,100,53,88,100,108.7,CPCB_MUM_Kurla,9.079
PROP-92AC7D5C7E18,94,50,82,94,96.0,CPCB_MUM_Bandra,32.46
PROP-89CDAD51D2E3,43,22,37,43,75.3,CPCB_MUM_Bandra,37.194
PROP-A952D42BE5C1,102,58,95,102,63.7,CPCB_MUM_Bandra,22.385
PROP-58A66BCF9BC4,164,85,140,164,160.3,CPCB_MUM_Kurla,18.465
PROP-83A74B308D02,91,52,85,91,94.0,CPCB_MUM_Kurla,17.805
PROP-A24C1A2A436D,103,54,88,103,65.7,CPCB_MUM_Kurla,33.828
PROP-5AC744D2811D,156,87,143,156,143.0,CPCB_MUM_Bandra,6.949
PROP-35112A2D7B2F,43,22,37,43,75.3,CPCB_MUM_Bandra,33.132
PROP-64FB0E91411A,44,23,38,44,76.7,CPCB_MUM_Kurla,14.841
PROP-459B7695BE7B,118,66,108,118,70.3,CPCB_MUM_Kurla,31.697
PROP-E68C72AA97E5,41,21,35,41,78.0,CPCB_MUM_Bandra,16.908
PROP-3D84680B3250,51,26,44,51,80.0,CPCB_MUM_Kurla,3.421
PROP-FAC4C69AB051,106,55,90,106,63.0,CPCB_MUM_Bandra,30.698
PROP-11BFD5EF8BD3,100,53,88,100,108.7,CPCB_MUM_Kurla,21.483
PROP-0C78CA7B7E7C,106,55,90,106,63.0,CPCB_MUM_Bandra,4.301
PROP-06C99F496015,118,66,108,118,70.3,CPCB_MUM_Kurla,14.841
PROP-EB51D49ABCFF,141,80,131,141,141.0,CPCB_MUM_Bandra,16.008
PROP-804670C66D51,95,53,87,95,96.7,CPCB_MUM_Kurla,29.585
PROP-65F6262609ED,119,62,102,119,72.0,CPCB_MUM_Kurla,33.828
PROP-410C9393C969,47,25,42,47,81.3,CPCB_MUM_Kurla,14.841
PROP-FDECEAA546D1,40,21,35,40,72.0,CPCB_MUM_Bandra,4.301
PROP-E4C87C68E8B6,118,66,108,118,70.3,CPCB_MUM_Kurla,29.585
PROP-9DF18B6C1B1F,156,87,143,156,143.0,CPCB_MUM_Bandra,12.709
PROP-19434463DFB3,91,50,82,91,95.3,CPCB_MUM_Kurla,15.681
PROP-50CFA42E23E9,158,89,146,158,155.7,CPCB_MUM_Bandra,33.132
PROP-D746AAE1783A,48,26,43,48,75.3,CPCB_MUM_Bandra,16.008
PROP-0325D6C6211A,90,48,79,90,96.3,CPCB_MUM_Bandra,8.79
PROP-A623EC9C1FD9,46,24,39,46,76.7,CPCB_MUM_Kurla,24.834
PROP-BA7B7F0C15B8,159,90,148,159,153.0,CPCB_MUM_Kurla,27.148
PROP-4D0FBECB9B11,85,48,79,85,90.0,CPCB_MUM_Bandra,33.132
PROP-DFFE7AF6B819,47,25,42,47,81.3,CPCB_MUM_Kurla,21.483
PROP-3DDB0F55D369,40,21,35,40,72.0,CPCB_MUM_Bandra,31.366
PROP-C7BBC04ED996,51,26,44,51,80.0,CPCB_MUM_Kurla,21.483
PROP-435F0CDB069E,44,23,39,44,75.7,CPCB_MUM_Kurla,41.68
PROP-9532B0CCF0FE,118,66,108,118,70.3,CPCB_MUM_Kurla,27.148
PROP-42E06638378B,91,52,85,91,94.0,CPCB_MUM_Kurla,19.649
PROP-3464E411BE9D,41,21,35,41,78.0,CPCB_MUM_Bandra,17.243
PROP-59204782637C,115,64,105,115,67.7,CPCB_MUM_Bandra,33.132
PROP-EB4514BFA1ED,91,50,82,91,95.3,CPCB_MUM_Kurla,17.543
PROP-1DCC2F844CDE,141,80,131,141,141.0,CPCB_MUM_Bandra,4.301
PROP-63CEAAB317BC,40,21,35,40,72.0,CPCB_MUM_Bandra,3.525
PROP-0749D20672E1,43,22,37,43,75.3,CPCB_MUM_Bandra,17.243
PROP-917CC2CC1FC5,41,21,35,41,78.0,CPCB_MUM_Bandra,31.262
PROP-E6B78CFFEC28,91,52,85,91,94.0,CPCB_MUM_Kurla,29.585
PROP-D31A53E98564,112,59,96,112,66.0,CPCB_MUM_Bandra,33.132
PROP-4FD4122CB71C,40,21,35,40,72.0,CPCB_MUM_Bandra,3.525
PROP-6B82E697D8B4,141,80,131,141,141.0,CPCB_MUM_Bandra,8.208
PROP-1C8BB5DA92AD,90,48,79,90,96.3,CPCB_MUM_Bandra,31.262
PROP-2F7D90EC1D26,115,64,105,115,67.7,CPCB_MUM_Bandra,6.949
PROP-22BC9FEDD8DF,85,48,79,85,90.0,CPCB_MUM_Bandra,35.356
PROP-A5C368BFA404,85,48,79,85,90.0,CPCB_MUM_Bandra,8.208
PROP-2109AB057B1C,94,50,82,94,96.0,CPCB_MUM_Bandra,8.208
PROP-5C1C04E5479F,159,89,145,159,149.7,CPCB_MUM_Kurla,33.534
PROP-09F9EF98EFDE,116,66,109,116,69.0,CPCB_MUM_Bandra,33.132
PROP-D62A394EADCC,117,65,107,117,71.0,CPCB_MUM_Kurla,11.548
PROP-D1AFC4410D56,156,87,143,156,143.0,CPCB_MUM_Bandra,17.243
PROP-AF68F36384B0,46,24,39,46,76.7,CPCB_MUM_Kurla,18.551
PROP-C9DEEF9F6FD0,121,66,108,121,72.3,CPCB_MUM_Kurla,27.893
PROP-B400F04E0E24,44,25,41,44,77.3,CPCB_MUM_Bandra,17.243
PROP-9889138F8920,85,48,79,85,90.0,CPCB_MUM_Bandra,17.243
PROP-4194CFF38CFB,43,22,37,43,75.3,CPCB_MUM_Bandra,8.208
PROP-2E90E7123022,51,26,44,51,80.0,CPCB_MUM_Kurla,33.828
PROP-44B10BC9C192,141,80,131,141,150.0,CPCB_MUM_Kurla,18.046
PROP-5B0E4391CBD0,47,25,42,47,81.3,CPCB_MUM_Kurla,22.208
PROP-A1F681CE3261,119,62,102,119,72.0,CPCB_MUM_Kurla,8.968
PROP-6993B8D02E65,156,87,143,156,143.0,CPCB_MUM_Bandra,17.243
PROP-337865F58DA8,46,24,39,46,76.7,CPCB_MUM_Kurla,24.834
PROP-1DAC5D1661C9,48,26,43,48,75.3,CPCB_MUM_Bandra,8.79
PROP-CD391AA021AF,47,25,42,47,81.3,CPCB_MUM_Kurla,15.681
PROP-79970B67223E,148,81,133,148,146.3,CPCB_MUM_Bandra,16.908
PROP-24B4B4BF9927,112,59,96,112,66.0,CPCB_MUM_Bandra,22.341
PROP-05CBC5643D66,40,21,35,40,72.0,CPCB_MUM_Bandra,22.385
PROP-D729A78C52B0,51,26,44,51,80.0,CPCB_MUM_Kurla,33.828
PROP-EC2D3805900F,103,54,88,103,65.7,CPCB_MUM_Kurla,33.828
PROP-AB1EA9AE170E,158,89,146,158,155.7,CPCB_MUM_Bandra,16.008
PROP-D7AD1C6A7D3A,164,85,140,164,160.3,CPCB_MUM_Kurla,27.148
PROP-F864CBDBA75D,43,22,37,43,75.3,CPCB_MUM_Bandra,4.301
PROP-F0F81B0BC1C8,102,56,92,102,105.7,CPCB_MUM_Kurla,18.046
PROP-6ECA2D14049B,148,81,133,148,146.3,CPCB_MUM_Bandra,35.159
PROP-4051473C3A5B,156,87,143,156,143.0,CPCB_MUM_Bandra,8.208
PROP-A98841921BA6,159,89,145,159,149.7,CPCB_MUM_Kurla,10.278
PROP-32657488B9E8,43,22,37,43,75.3,CPCB_MUM_Bandra,8.79
PROP-31C798C91564,112,59,96,112,66.0,CPCB_MUM_Bandra,35.159
PROP-1C7147461B42,44,23,38,44,76.7,CPCB_MUM_Kurla,18.046
PROP-857ABC7EBE6D,47,25,42,47,81.3,CPCB_MUM_Kurla,18.551
PROP-AB4C07B9BC30,95,53,87,95,96.7,CPCB_MUM_Kurla,23.689
PROP-C2C410B4F241,51,26,44,51,80.0,CPCB_MUM_Kurla,9.079
PROP-5DB14DD84E54,156,87,143,156,143.0,CPCB_MUM_Bandra,17.243
PROP-84F6421EDE4E,48,26,43,48,75.3,CPCB_MUM_Bandra,31.262
PROP-3F4454965A48,47,25,42,47,81.3,CPCB_MUM_Kurla,18.551
PROP-F22AF2C9CF80,115,64,105,115,67.7,CPCB_MUM_Bandra,16.908
PROP-39EC31393F7D,119,62,102,119,72.0,CPCB_MUM_Kurla,17.543
PROP-5943EA2A5D22,121,66,108,121,72.3,CPCB_MUM_Kurla,9.079
PROP-FC3176B032E9,43,22,37,43,75.3,CPCB_MUM_Bandra,22.831
PROP-C5043E7B12DB,148,81,133,148,146.3,CPCB_MUM_Bandra,22.385
PROP-A16F9ADC7001,89,51,84,89,99.0,CPCB_MUM_Bandra,16.908
PROP-9731DD766F55,103,54,88,103,65.7,CPCB_MUM_Kurla,35.794
PROP-A58ABE59D1C0,156,87,143,156,143.0,CPCB_MUM_Bandra,9.041
PROP-00315A001814,40,21,35,40,72.0,CPCB_MUM_Bandra,24.568
PROP-DC3C2145E1AC,44,23,39,44,75.7,CPCB_MUM_Kurla,18.551
PROP-20279FF20606,159,89,145,159,149.7,CPCB_MUM_Kurla,9.079
PROP-9680CBC7A7A6,116,66,109,116,69.0,CPCB_MUM_Bandra,3.525
PROP-8136F83D7170,119,62,102,119,72.0,CPCB_MUM_Kurla,10.278
PROP-7A4D86018A7F,103,54,88,103,65.7,CPCB_MUM_Kurla,11.548
PROP-847C3C0603B5,91,50,82,91,95.3,CPCB_MUM_Kurla,21.483
PROP-A2BF7AD5FD14,85,45,74,85,98.7,CPCB_MUM_Bandra,31.262
PROP-83A0CE638481,116,66,109,116,69.0,CPCB_MUM_Bandra,35.356
PROP-AACB0EDB3CAD,43,22,37,43,75.3,CPCB_MUM_Bandra,8.79
PROP-47606276CAAE,116,66,109,116,69.0,CPCB_MUM_Bandra,33.132
PROP-6684001AD233,116,66,109,116,69.0,CPCB_MUM_Bandra,33.132
PROP-390D907F7A22,102,58,95,102,63.7,CPCB_MUM_Bandra,17.243
PROP-3DA1017957EC,118,66,108,118,70.3,CPCB_MUM_Kurla,27.148
PROP-4E118A59B503,85,45,74,85,98.7,CPCB_MUM_Bandra,33.132
PROP-C667A737D7EA,119,62,102,119,72.0,CPCB_MUM_Kurla,9.079
PROP-214061A9C533,148,81,133,148,146.3,CPCB_MUM_Bandra,31.262
PROP-244F7E8BC79C,43,22,37,43,75.3,CPCB_MUM_Bandra,31.262
PROP-ED878CB19279,89,51,84,89,99.0,CPCB_MUM_Bandra,4.301
PROP-5F749377C704,164,85,140,164,160.3,CPCB_MUM_Kurla,39.773
PROP-E452AD5A4404,121,66,108,121,72.3,CPCB_MUM_Kurla,24.834
PROP-29354BFCA92E,112,59,96,112,66.0,CPCB_MUM_Bandra,17.243
PROP-3DE22E2FAEFB,85,48,79,85,90.0,CPCB_MUM_Bandra,4.301
PROP-0A1560B47D8E,90,48,79,90,96.3,CPCB_MUM_Bandra,24.568
PROP-94916EFDF710,91,52,85,91,94.0,CPCB_MUM_Kurla,19.994
PROP-08DBBE71230F,44,25,41,44,77.3,CPCB_MUM_Bandra,17.243
PROP-CF3FB24BB8F2,118,66,108,118,70.3,CPCB_MUM_Kurla,29.585
PROP-4611EF24FF83,51,26,44,51,80.0,CPCB_MUM_Kurla,40.519
PROP-FC41E076AEEC,43,22,37,43,75.3,CPCB_MUM_Bandra,33.132
PROP-BD07EDEEFD63,40,21,35,40,72.0,CPCB_MUM_Bandra,16.908
PROP-D4AB82AAEDF3,40,21,35,40,72.0,CPCB_MUM_Bandra,32.46
PROP-37403A1EBF78,103,54,88,103,65.7,CPCB_MUM_Kurla,18.046
PROP-2697837484DD,164,85,140,164,160.3,CPCB_MUM_Kurla,27.148
PROP-B5E2BBC31EBB,141,80,131,141,141.0,CPCB_MUM_Bandra,6.949
PROP-9038318484A5,117,65,107,117,71.0,CPCB_MUM_Kurla,22.208
PROP-0C1C785B029D,119,62,102,119,72.0,CPCB_MUM_Kurla,33.828
PROP-831D0B45FF07,103,54,88,103,65.7,CPCB_MUM_Kurla,14.841
PROP-B213C1A8E9E0,148,81,133,148,146.3,CPCB_MUM_Bandra,22.831
PROP-0BB7151DF54D,141,80,131,141,150.0,CPCB_MUM_Kurla,27.893
PROP-E714F442AC5D,159,90,148,159,153.0,CPCB_MUM_Kurla,19.994
PROP-8344B7189CB6,89,51,84,89,99.0,CPCB_MUM_Bandra,9.041
PROP-D83A653D5CBD,44,25,41,44,77.3,CPCB_MUM_Bandra,33.132
PROP-6C7CB462CBA6,91,50,82,91,95.3,CPCB_MUM_Kurla,17.543
PROP-6F8ADE2DA9CB,40,21,35,40,72.0,CPCB_MUM_Bandra,6.949
PROP-880AF5FA1E9C,156,87,143,156,143.0,CPCB_MUM_Bandra,36.361
PROP-1A6056801C5B,90,48,79,90,96.3,CPCB_MUM_Bandra,17.243
PROP-4CED068E4811,159,90,148,159,153.0,CPCB_MUM_Kurla,24.834
PROP-5E34837B01A0,156,87,143,156,143.0,CPCB_MUM_Bandra,17.243
PROP-F84B60F447BC,102,56,92,102,105.7,CPCB_MUM_Kurla,15.681
PROP-33AAF0F0A443,85,48,79,85,90.0,CPCB_MUM_Bandra,4.301
PROP-3D155579B3EB,91,52,85,91,94.0,CPCB_MUM_Kurla,15.681
PROP-D7B7F8CB47B9,159,89,145,159,149.7,CPCB_MUM_Kurla,3.421
PROP-7AD56FD2714E,94,50,82,94,96.0,CPCB_MUM_Bandra,22.385
PROP-A9C7A3E046AF,85,45,74,85,98.7,CPCB_MUM_Bandra,17.243
PROP-EFAE46B5DEB4,116,66,109,116,69.0,CPCB_MUM_Bandra,6.949
PROP-C8F49114F394,102,56,92,102,105.7,CPCB_MUM_Kurla,19.994
PROP-5672465254C1,85,48,79,85,90.0,CPCB_MUM_Bandra,6.949
PROP-7EEE386448A5,41,21,35,41,78.0,CPCB_MUM_Bandra,13.946
PROP-4B6F43CD82AD,48,26,43,48,75.3,CPCB_MUM_Bandra,6.949
PROP-2FB6AD94BDC2,158,89,146,158,155.7,CPCB_MUM_Bandra,6.949
PROP-32DAD2974AB6,116,66,109,116,69.0,CPCB_MUM_Bandra,17.243
PROP-25C3E2C103A7,41,21,35,41,78.0,CPCB_MUM_Bandra,4.301
PROP-20624740FCE0,141,80,131,141,141.0,CPCB_MUM_Bandra,17.243
PROP-9C919ECBC53F,85,48,79,85,90.0,CPCB_MUM_Bandra,9.041
PROP-490E94B57E13,47,25,42,47,81.3,CPCB_MUM_Kurla,23.689
PROP-655183B17567,141,80,131,141,141.0,CPCB_MUM_Bandra,22.385
PROP-5AC016816982,102,58,95,102,63.7,CPCB_MUM_Bandra,6.949
PROP-B01AAF1FFAE3,48,26,43,48,75.3,CPCB_MUM_Bandra,32.46
PROP-326E2B7C1DC9,48,26,43,48,75.3,CPCB_MUM_Bandra,22.385
PROP-C1177CD3700D,112,59,96,112,66.0,CPCB_MUM_Bandra,22.385
PROP-028C309C4073,102,58,95,102,63.7,CPCB_MUM_Bandra,4.301
PROP-FF7F92C6F0F5,43,22,37,43,75.3,CPCB_MUM_Bandra,12.709
PROP-FE5D6B81B35A,89,51,84,89,99.0,CPCB_MUM_Bandra,31.262
PROP-7D35CF0857A3,141,80,131,141,141.0,CPCB_MUM_Bandra,22.385
PROP-4BB2A5544384,94,50,82,94,96.0,CPCB_MUM_Bandra,17.243
PROP-CD728F9A3235,89,51,84,89,99.0,CPCB_MUM_Bandra,22.385
PROP-91A4C0FA36E4,85,45,74,85,98.7,CPCB_MUM_Bandra,32.46
PROP-26D060DB9149,48,26,43,48,75.3,CPCB_MUM_Bandra,9.041
PROP-9389EAB94135,48,26,43,48,75.3,CPCB_MUM_Bandra,36.361
PROP-63CC4394F5E4,102,58,95,102,63.7,CPCB_MUM_Bandra,22.385
PROP-30A508CF4B77,156,87,143,156,143.0,CPCB_MUM_Bandra,21.901
PROP-4DD3B3D3C1DF,100,53,88,100,108.7,CPCB_MUM_Kurla,26.119
PROP-C176453B3341,118,66,108,118,70.3,CPCB_MUM_Kurla,15.681
PROP-464467AF55E2,159,89,145,159,149.7,CPCB_MUM_Kurla,10.278
PROP-52AD767BFA40,159,89,145,159,149.7,CPCB_MUM_Kurla,26.603
PROP-1FEF065BC139,48,26,43,48,75.3,CPCB_MUM_Bandra,33.132
PROP-01CDCF101CC0,44,25,41,44,77.3,CPCB_MUM_Bandra,33.132
PROP-CA9CD8865399,89,51,84,89,99.0,CPCB_MUM_Bandra,22.385
PROP-96D616A2A639,90,48,79,90,96.3,CPCB_MUM_Bandra,4.301
PROP-B380FA6FAE17,102,56,92,102,105.7,CPCB_MUM_Kurla,9.079
PROP-1CAB0F1AD2C8,47,25,42,47,81.3,CPCB_MUM_Kurla,19.994
PROP-54825C9967C9,100,53,88,100,108.7,CPCB_MUM_Kurla,24.834
PROP-8A5280BE3040,112,59,96,112,66.0,CPCB_MUM_Bandra,22.831
PROP-46022B7A1D8C,106,55,90,106,63.0,CPCB_MUM_Bandra,6.949
PROP-97EA4FF40F77,158,89,146,158,155.7,CPCB_MUM_Bandra,32.46
PROP-DC99147FBB02,159,89,145,159,149.7,CPCB_MUM_Kurla,23.843
PROP-EA1738BE4410,91,50,82,91,95.3,CPCB_MUM_Kurla,17.543
PROP-50A996DB83E5,159,90,148,159,153.0,CPCB_MUM_Kurla,27.148
PROP-4A3BB2880E30,141,80,131,141,141.0,CPCB_MUM_Bandra,13.946
PROP-AD9F34D767B7,48,26,43,48,75.3,CPCB_MUM_Bandra,33.132
PROP-BF7075D3C2DB,164,85,140,164,160.3,CPCB_MUM_Kurla,21.483
PROP-78D915862311,89,51,84,89,99.0,CPCB_MUM_Bandra,12.709
PROP-CC915AD77372,44,23,39,44,75.7,CPCB_MUM_Kurla,1.327
PROP-92169C293603,156,87,143,156,143.0,CPCB_MUM_Bandra,32.46
PROP-DB14FD3B08DF,43,22,37,43,75.3,CPCB_MUM_Bandra,3.525
PROP-24E94FE4128F,115,64,105,115,67.7,CPCB_MUM_Bandra,24.464
PROP-92AEAF1C2C12,119,62,102,119,72.0,CPCB_MUM_Kurla,3.421
PROP-6E54A2F2551A,141,80,131,141,141.0,CPCB_MUM_Bandra,36.361
PROP-B3CCDA231613,106,55,90,106,63.0,CPCB_MUM_Bandra,3.525
PROP-56C2EBEE270B,103,54,88,103,65.7,CPCB_MUM_Kurla,33.534
PROP-9BD450E907D7,48,26,43,48,75.3,CPCB_MUM_Bandra,22.385
PROP-8E3575E928DD,141,80,131,141,141.0,CPCB_MUM_Bandra,22.385
PROP-C1C6C430A7A7,159,90,148,159,153.0,CPCB_MUM_Kurla,18.046
PROP-6E6A723B4A89,85,45,74,85,98.7,CPCB_MUM_Bandra,24.568
PROP-7A48B23A0219,156,87,143,156,143.0,CPCB_MUM_Bandra,3.525
PROP-E42451C52F6E,94,50,82,94,96.0,CPCB_MUM_Bandra,22.385
PROP-FDAB31AC036F,116,66,109,116,69.0,CPCB_MUM_Bandra,24.568
PROP-18E2EB75F309,141,80,131,141,150.0,CPCB_MUM_Kurla,23.689
PROP-3BA4FAD1034E,46,24,39,46,76.7,CPCB_MUM_Kurla,18.046
PROP-D8B796CF17A0,156,87,143,156,143.0,CPCB_MUM_Bandra,22.385
PROP-7B97F42299D4,164,85,140,164,160.3,CPCB_MUM_Kurla,33.828
PROP-F9DB8A32FEB4,112,59,96,112,66.0,CPCB_MUM_Bandra,33.132
PROP-4717E3F2097F,156,87,143,156,143.0,CPCB_MUM_Bandra,4.301
PROP-2C327FE41DDF,164,85,140,164,160.3,CPCB_MUM_Kurla,18.551
PROP-CDB4B5377EA0,95,53,87,95,96.7,CPCB_MUM_Kurla,9.079
PROP-E54C4CC4143D,40,21,35,40,72.0,CPCB_MUM_Bandra,24.568
PROP-E29C63AD5DA8,119,62,102,119,72.0,CPCB_MUM_Kurla,33.828
PROP-D5311679AE9D,158,89,146,158,155.7,CPCB_MUM_Bandra,4.301
PROP-CE7614DF255F,118,66,108,118,70.3,CPCB_MUM_Kurla,31.697
PROP-9FD3F637B94E,91,50,82,91,95.3,CPCB_MUM_Kurla,5.671
PROP-B3D44366C3F3,89,51,84,89,99.0,CPCB_MUM_Bandra,31.366
PROP-315C8B76C4BC,94,50,82,94,96.0,CPCB_MUM_Bandra,3.525
PROP-50F217F39435,95,53,87,95,96.7,CPCB_MUM_Kurla,23.843
PROP-4A43651FB0AF,118,66,108,118,70.3,CPCB_MUM_Kurla,19.649
PROP-DA52A83AFCA8,44,23,38,44,76.7,CPCB_MUM_Kurla,24.834
PROP-E74260B3B33A,118,66,108,118,70.3,CPCB_MUM_Kurla,33.828
PROP-359EEE86227E,40,21,35,40,72.0,CPCB_MUM_Bandra,8.208
PROP-E6964200CB59,159,89,145,159,149.7,CPCB_MUM_Kurla,10.278
PROP-2E1CE1747278,51,26,44,51,80.0,CPCB_MUM_Kurla,21.483
PROP-FE820987190F,100,53,88,100,108.7,CPCB_MUM_Kurla,15.681
PROP-5DE3DEA3BE05,148,81,133,148,146.3,CPCB_MUM_Bandra,3.525
PROP-3E43F8CF38FD,44,23,38,44,76.7,CPCB_MUM_Kurla,11.548
PROP-EBAA024FD979,159,89,145,159,149.7,CPCB_MUM_Kurla,10.278
PROP-E4876A9CAC1C,40,21,35,40,72.0,CPCB_MUM_Bandra,24.568
PROP-69FEFB65AD95,159,89,145,159,149.7,CPCB_MUM_Kurla,15.681
PROP-D985CC723D0F,44,23,38,44,76.7,CPCB_MUM_Kurla,23.689
PROP-20FBF349FE05,48,26,43,48,75.3,CPCB_MUM_Bandra,3.525
PROP-7B0C8E3B9F2F,141,80,131,141,141.0,CPCB_MUM_Bandra,16.908
PROP-A33813256EF4,121,66,108,121,72.3,CPCB_MUM_Kurla,19.649
PROP-3F887D3D3C68,48,26,43,48,75.3,CPCB_MUM_Bandra,12.709
PROP-E773723ADE06,141,80,131,141,150.0,CPCB_MUM_Kurla,27.893
PROP-B375E861CEC9,118,66,108,118,70.3,CPCB_MUM_Kurla,39.773
PROP-DD320D8AA42A,121,66,108,121,72.3,CPCB_MUM_Kurla,23.689
PROP-B5535347FB8B,91,52,85,91,94.0,CPCB_MUM_Kurla,9.079
PROP-83BCD1EF01F4,41,21,35,41,78.0,CPCB_MUM_Bandra,3.525
PROP-6656DD7777AE,148,81,133,148,146.3,CPCB_MUM_Bandra,33.132
PROP-2E2C23055288,89,51,84,89,99.0,CPCB_MUM_Bandra,33.132
PROP-8DD2C54E796C,119,62,102,119,72.0,CPCB_MUM_Kurla,15.681
PROP-891A6B20ACB8,158,89,146,158,155.7,CPCB_MUM_Bandra,32.46
PROP-660764886262,94,50,82,94,96.0,CPCB_MUM_Bandra,33.132
PROP-B138AC5017CC,47,25,42,47,81.3,CPCB_MUM_Kurla,15.681
PROP-F8117BE0D442,90,48,79,90,96.3,CPCB_MUM_Bandra,17.243
PROP-3D3EC1625601,44,23,39,44,75.7,CPCB_MUM_Kurla,15.681
PROP-F08007D6613C,117,65,107,117,71.0,CPCB_MUM_Kurla,11.548
PROP-117DDBFDD586,46,24,39,46,76.7,CPCB_MUM_Kurla,15.681
PROP-B2DC9B22A96B,44,25,41,44,77.3,CPCB_MUM_Bandra,32.46
PROP-99031BFB4ECC,103,54,88,103,65.7,CPCB_MUM_Kurla,27.148
PROP-41829DBEA606,40,21,35,40,72.0,CPCB_MUM_Bandra,3.525
PROP-5B1A52EAB459,119,62,102,119,72.0,CPCB_MUM_Kurla,10.278
PROP-48657BACA46E,102,58,95,102,63.7,CPCB_MUM_Bandra,23.151
PROP-DF5B66744274,91,52,85,91,94.0,CPCB_MUM_Kurla,35.794
PROP-9698B1FD63CB,164,85,140,164,160.3,CPCB_MUM_Kurla,8.968
PROP-6ACF63DF6103,156,87,143,156,143.0,CPCB_MUM_Bandra,33.132
PROP-53D84ADB72F7,44,23,39,44,75.7,CPCB_MUM_Kurla,11.548
PROP-3AC5013587D8,44,25,41,44,77.3,CPCB_MUM_Bandra,17.243
PROP-76E182AF040E,91,52,85,91,94.0,CPCB_MUM_Kurla,5.671
PROP-CE4828430917,48,26,43,48,75.3,CPCB_MUM_Bandra,17.243
PROP-D7CC421350A1,156,87,143,156,143.0,CPCB_MUM_Bandra,31.366
PROP-F2179414A132,118,66,108,118,70.3,CPCB_MUM_Kurla,1.327
PROP-3C67DB68DF15,103,54,88,103,65.7,CPCB_MUM_Kurla,27.148
PROP-3DB4AC2481FA,94,50,82,94,96.0,CPCB_MUM_Bandra,16.908
PROP-9E7BCF04EDE8,40,21,35,40,72.0,CPCB_MUM_Bandra,4.301
PROP-F7091F6C9009,48,26,43,48,75.3,CPCB_MUM_Bandra,33.132
PROP-9556A698C038,46,24,39,46,76.7,CPCB_MUM_Kurla,15.681
PROP-F3D1D603A062,40,21,35,40,72.0,CPCB_MUM_Bandra,4.301
PROP-8A62CC23BE71,159,89,145,159,149.7,CPCB_MUM_Kurla,40.519
PROP-C606CE4261EB,91,52,85,91,94.0,CPCB_MUM_Kurla,3.421
PROP-7F755EFBEA4E,47,25,42,47,81.3,CPCB_MUM_Kurla,27.148
PROP-C9A9AE8D102C,91,50,82,91,95.3,CPCB_MUM_Kurla,24.834
PROP-388726FF7ECA,46,24,39,46,76.7,CPCB_MUM_Kurla,3.421
PROP-E9AC2DD0D6EC,43,22,37,43,75.3,CPCB_MUM_Bandra,32.46
PROP-3E41C1F36E18,103,54,88,103,65.7,CPCB_MUM_Kurla,27.148
PROP-CD50065CD0A6,91,52,85,91,94.0,CPCB_MUM_Kurla,24.834
PROP-9CEB83EDD5D2,95,53,87,95,96.7,CPCB_MUM_Kurla,24.834
PROP-C89C11D63D80,44,23,39,44,75.7,CPCB_MUM_Kurla,9.079
PROP-E97AA89638C9,103,54,88,103,65.7,CPCB_MUM_Kurla,29.585
PROP-B9F84526912F,44,23,39,44,75.7,CPCB_MUM_Kurla,29.585
PROP-8B1BA2AF1576,159,90,148,159,153.0,CPCB_MUM_Kurla,18.551
PROP-DA0B4BE791FB,159,89,145,159,149.7,CPCB_MUM_Kurla,24.834
PROP-6DDC21A442B5,158,89,146,158,155.7,CPCB_MUM_Bandra,3.525
PROP-7CAB40A5C406,46,24,39,46,76.7,CPCB_MUM_Kurla,10.278
PROP-594F5123B2D9,106,55,90,106,63.0,CPCB_MUM_Bandra,3.525
PROP-884CD36973A8,41,21,35,41,78.0,CPCB_MUM_Bandra,12.709
PROP-63D88FC601B1,100,53,88,100,108.7,CPCB_MUM_Kurla,1.327
PROP-453DD7158713,103,54,88,103,65.7,CPCB_MUM_Kurla,29.585
PROP-03F345644AA8,141,80,131,141,150.0,CPCB_MUM_Kurla,17.543
PROP-9A6D39C81AE8,115,64,105,115,67.7,CPCB_MUM_Bandra,33.132
PROP-7B74CA1B1B54,158,89,146,158,155.7,CPCB_MUM_Bandra,31.366
PROP-FCB5A0D069E4,159,90,148,159,153.0,CPCB_MUM_Kurla,23.843
PROP-D73F2DA32533,95,53,87,95,96.7,CPCB_MUM_Kurla,24.834
PROP-FFE06218FF47,102,56,92,102,105.7,CPCB_MUM_Kurla,27.148
PROP-BD182B55FCE4,118,66,108,118,70.3,CPCB_MUM_Kurla,15.681
PROP-E9EE1C547697,44,25,41,44,77.3,CPCB_MUM_Bandra,8.208
PROP-1FE8DC797D36,148,81,133,148,146.3,CPCB_MUM_Bandra,3.525
PROP-F971D8728009,44,25,41,44,77.3,CPCB_MUM_Bandra,3.525
PROP-5215FFD550FF,44,23,39,44,75.7,CPCB_MUM_Kurla,10.278
PROP-223521FE13D0,44,25,41,44,77.3,CPCB_MUM_Bandra,31.366
PROP-23BA900F5EFA,115,64,105,115,67.7,CPCB_MUM_Bandra,17.243
PROP-CB420390021B,40,21,35,40,72.0,CPCB_MUM_Bandra,22.385
PROP-4C2D08C9AF29,103,54,88,103,65.7,CPCB_MUM_Kurla,9.079
PROP-7EDD60F485BC,94,50,82,94,96.0,CPCB_MUM_Bandra,31.262
PROP-3766FB7A0814,94,50,82,94,96.0,CPCB_MUM_Bandra,22.831
PROP-406A8AEE7781,141,80,131,141,150.0,CPCB_MUM_Kurla,27.148
PROP-717488FEDBE8,159,89,145,159,149.7,CPCB_MUM_Kurla,23.843
PROP-5C6C8747B23F,95,53,87,95,96.7,CPCB_MUM_Kurla,3.421
PROP-7256B8C59562,100,53,88,100,108.7,CPCB_MUM_Kurla,18.551
PROP-76D7B1D079E1,156,87,143,156,143.0,CPCB_MUM_Bandra,3.525
PROP-9A419FAC0AA9,44,25,41,44,77.3,CPCB_MUM_Bandra,17.243
PROP-C4A8AB084009,89,51,84,89,99.0,CPCB_MUM_Bandra,17.243
PROP-3F96DA5D31FB,95,53,87,95,96.7,CPCB_MUM_Kurla,9.079
PROP-E93A6A044324,43,22,37,43,75.3,CPCB_MUM_Bandra,16.908
PROP-031F58899CBC,40,21,35,40,72.0,CPCB_MUM_Bandra,3.525
PROP-C98468EBBDAB,89,51,84,89,99.0,CPCB_MUM_Bandra,4.301
PROP-652B285D9FAE,46,24,39,46,76.7,CPCB_MUM_Kurla,31.697
PROP-733CD55028E2,141,80,131,141,141.0,CPCB_MUM_Bandra,3.525
PROP-366D2905A795,115,64,105,115,67.7,CPCB_MUM_Bandra,13.946
PROP-54656E0D0768,40,21,35,40,72.0,CPCB_MUM_Bandra,28.494
PROP-4C19F5E71DF3,94,50,82,94,96.0,CPCB_MUM_Bandra,33.132
PROP-B4963467BBA1,85,48,79,85,90.0,CPCB_MUM_Bandra,31.366
PROP-37A7DC06C609,41,21,35,41,78.0,CPCB_MUM_Bandra,31.262
PROP-7E36A5388F5C,159,89,145,159,149.7,CPCB_MUM_Kurla,27.148
PROP-48C9867E0846,51,26,44,51,80.0,CPCB_MUM_Kurla,27.148
PROP-7CF72BB9C099,102,58,95,102,63.7,CPCB_MUM_Bandra,3.525
PROP-BA8237B0B1DA,115,64,105,115,67.7,CPCB_MUM_Bandra,23.151
PROP-8BDD363B8FA6,117,65,107,117,71.0,CPCB_MUM_Kurla,24.834
PROP-A873554425C9,85,48,79,85,90.0,CPCB_MUM_Bandra,8.208
PROP-1143B11F2B28,121,66,108,121,72.3,CPCB_MUM_Kurla,15.681
PROP-DE77DDEF494D,40,21,35,40,72.0,CPCB_MUM_Bandra,32.46
PROP-99057E91A0AA,159,90,148,159,153.0,CPCB_MUM_Kurla,9.079
PROP-88199DEE609A,158,89,146,158,155.7,CPCB_MUM_Bandra,17.243
PROP-070CB024B24A,48,26,43,48,75.3,CPCB_MUM_Bandra,6.949
PROP-E0E21D432AD2,141,80,131,141,150.0,CPCB_MUM_Kurla,17.543
PROP-D9CA5FD92504,159,89,145,159,149.7,CPCB_MUM_Kurla,29.585
PROP-63B106EF4AC8,103,54,88,103,65.7,CPCB_MUM_Kurla,3.421
PROP-EE56668F3D22,43,22,37,43,75.3,CPCB_MUM_Bandra,32.46
PROP-687E7446D8BA,112,59,96,112,66.0,CPCB_MUM_Bandra,31.262
PROP-FD00201B5434,91,52,85,91,94.0,CPCB_MUM_Kurla,23.843
PROP-D6AB0EB9E36F,46,24,39,46,76.7,CPCB_MUM_Kurla,31.697
PROP-79495035BD7D,89,51,84,89,99.0,CPCB_MUM_Bandra,31.366
PROP-EA73065CF578,41,21,35,41,78.0,CPCB_MUM_Bandra,31.262
PROP-6A9396BD793C,159,90,148,159,153.0,CPCB_MUM_Kurla,29.585
PROP-B62D30795A4A,51,26,44,51,80.0,CPCB_MUM_Kurla,1.327
PROP-BC551C6A038B,119,62,102,119,72.0,CPCB_MUM_Kurla,8.968
PROP-7089E05D1051,148,81,133,148,146.3,CPCB_MUM_Bandra,3.525
PROP-74667B199E16,41,21,35,41,78.0,CPCB_MUM_Bandra,22.385
PROP-308CC54EA4A4,141,80,131,141,141.0,CPCB_MUM_Bandra,22.385
PROP-FB2E90B4F031,89,51,84,89,99.0,CPCB_MUM_Bandra,12.709
PROP-DFDEEAF8C619,164,85,140,164,160.3,CPCB_MUM_Kurla,41.68
PROP-54800CB497F5,106,55,90,106,63.0,CPCB_MUM_Bandra,31.366
PROP-C0453D58362E,43,22,37,43,75.3,CPCB_MUM_Bandra,32.46
PROP-2A52A723AECE,106,55,90,106,63.0,CPCB_MUM_Bandra,22.385
PROP-53FD3EBBA31C,141,80,131,141,141.0,CPCB_MUM_Bandra,22.394
PROP-0681907F9E9F,121,66,108,121,72.3,CPCB_MUM_Kurla,23.689
PROP-6258854078C5,44,23,38,44,76.7,CPCB_MUM_Kurla,23.843
PROP-AAC590888725,47,25,42,47,81.3,CPCB_MUM_Kurla,19.994
PROP-EF834510ADEF,102,56,92,102,105.7,CPCB_MUM_Kurla,10.278
PROP-F68899854818,90,48,79,90,96.3,CPCB_MUM_Bandra,16.908
PROP-CF150E9F97AC,159,90,148,159,153.0,CPCB_MUM_Kurla,24.834
PROP-922696DDD07C,118,66,108,118,70.3,CPCB_MUM_Kurla,26.603
PROP-D2B8D2A54CF7,116,66,109,116,69.0,CPCB_MUM_Bandra,16.908
PROP-B18EC98533BC,44,23,39,44,75.7,CPCB_MUM_Kurla,10.278
PROP-3F5B02B0863A,48,26,43,48,75.3,CPCB_MUM_Bandra,32.46
PROP-FA8638119A2C,156,87,143,156,143.0,CPCB_MUM_Bandra,16.908
PROP-E870E755C0C6,100,53,88,100,108.7,CPCB_MUM_Kurla,17.543
PROP-CEE6E85DD994,94,50,82,94,96.0,CPCB_MUM_Bandra,22.385
PROP-8BACC67EA2FE,159,90,148,159,153.0,CPCB_MUM_Kurla,10.278
PROP-691501B39CC9,102,58,95,102,63.7,CPCB_MUM_Bandra,6.949
PROP-B520C844201E,44,25,41,44,77.3,CPCB_MUM_Bandra,21.901
PROP-8185CC7A850D,112,59,96,112,66.0,CPCB_MUM_Bandra,32.46
PROP-AE68C4EA747A,89,51,84,89,99.0,CPCB_MUM_Bandra,25.33
PROP-D43A982F68B9,44,23,38,44,76.7,CPCB_MUM_Kurla,1.327
PROP-388FF1073B25,115,64,105,115,67.7,CPCB_MUM_Bandra,32.46
PROP-63EED50571BD,85,48,79,85,90.0,CPCB_MUM_Bandra,32.46
PROP-6937A7CE2A39,115,64,105,115,67.7,CPCB_MUM_Bandra,12.709
PROP-89E7BE488372,115,64,105,115,67.7,CPCB_MUM_Bandra,24.464
PROP-CF520D76573B,106,55,90,106,63.0,CPCB_MUM_Bandra,8.208
PROP-6126383DCCDC,115,64,105,115,67.7,CPCB_MUM_Bandra,3.525
PROP-B05BFDA117EE,44,23,38,44,76.7,CPCB_MUM_Kurla,21.483
PROP-F681010FF84F,164,85,140,164,160.3,CPCB_MUM_Kurla,19.649
PROP-35CF67EA9B27,103,54,88,103,65.7,CPCB_MUM_Kurla,15.681
PROP-C71399928E72,90,48,79,90,96.3,CPCB_MUM_Bandra,17.243
PROP-10C7FCEC4DA2,85,45,74,85,98.7,CPCB_MUM_Bandra,21.901
PROP-146D25D4D3DB,117,65,107,117,71.0,CPCB_MUM_Kurla,21.483
PROP-BEA4DE3D85FC,158,89,146,158,155.7,CPCB_MUM_Bandra,13.946
PROP-567C896574CD,41,21,35,41,78.0,CPCB_MUM_Bandra,31.366
PROP-C540FF322FEE,158,89,146,158,155.7,CPCB_MUM_Bandra,6.949
PROP-19775ADE39A1,40,21,35,40,72.0,CPCB_MUM_Bandra,22.385
PROP-C11A209BA739,43,22,37,43,75.3,CPCB_MUM_Bandra,33.132
PROP-B77E72E72087,112,59,96,112,66.0,CPCB_MUM_Bandra,22.385
PROP-AC9A0F3F33C5,102,56,92,102,105.7,CPCB_MUM_Kurla,15.681
PROP-16C54FF55DD3,148,81,133,148,146.3,CPCB_MUM_Bandra,12.709
PROP-8B88BC5D48E5,89,51,84,89,99.0,CPCB_MUM_Bandra,3.525
PROP-FD93959B185D,90,48,79,90,96.3,CPCB_MUM_Bandra,17.243
PROP-43BC8D20B7B7,44,23,39,44,75.7,CPCB_MUM_Kurla,11.548
PROP-F561B36C3D50,106,55,90,106,63.0,CPCB_MUM_Bandra,16.908
PROP-EAE91D7708E5,159,89,145,159,149.7,CPCB_MUM_Kurla,27.148
PROP-5FC94EC20B16,117,65,107,117,71.0,CPCB_MUM_Kurla,3.421
PROP-FFAE46A73578,91,50,82,91,95.3,CPCB_MUM_Kurla,27.148
PROP-626E1532639A,51,26,44,51,80.0,CPCB_MUM_Kurla,18.046
PROP-CE0D2E06E64E,41,21,35,41,78.0,CPCB_MUM_Bandra,12.709
PROP-1A42649BC6DD,90,48,79,90,96.3,CPCB_MUM_Bandra,16.908
PROP-4FF2E5A50854,148,81,133,148,146.3,CPCB_MUM_Bandra,17.243
PROP-ACB301C913EF,90,48,79,90,96.3,CPCB_MUM_Bandra,35.159
PROP-A5F755339690,102,56,92,102,105.7,CPCB_MUM_Kurla,41.68
PROP-314E78A6CCF7,41,21,35,41,78.0,CPCB_MUM_Bandra,6.949
PROP-60C88E4A0FE5,91,52,85,91,94.0,CPCB_MUM_Kurla,9.079
PROP-62AEFA85EA9C,91,52,85,91,94.0,CPCB_MUM_Kurla,24.834
PROP-DCD0BD798209,117,65,107,117,71.0,CPCB_MUM_Kurla,23.689
PROP-C1E74449BF95,102,56,92,102,105.7,CPCB_MUM_Kurla,39.773
PROP-5D9C76E502CC,91,52,85,91,94.0,CPCB_MUM_Kurla,8.968
PROP-571B1679AD38,116,66,109,116,69.0,CPCB_MUM_Bandra,31.262
PROP-1F6296BDC512,141,80,131,141,141.0,CPCB_MUM_Bandra,22.385
PROP-5B1924ECC365,164,85,140,164,160.3,CPCB_MUM_Kurla,3.421
PROP-701675CF7291,91,52,85,91,94.0,CPCB_MUM_Kurla,23.843
PROP-9FF8CDEF8D2F,43,22,37,43,75.3,CPCB_MUM_Bandra,17.243
PROP-A8F4A8993B1A,100,53,88,100,108.7,CPCB_MUM_Kurla,9.079
PROP-48455A86821A,91,52,85,91,94.0,CPCB_MUM_Kurla,21.483
PROP-E31604AA2D93,47,25,42,47,81.3,CPCB_MUM_Kurla,41.68
PROP-D02446824CFE,148,81,133,148,146.3,CPCB_MUM_Bandra,16.908
PROP-458938D8CA1F,116,66,109,116,69.0,CPCB_MUM_Bandra,21.901
PROP-71A1816C2B24,164,85,140,164,160.3,CPCB_MUM_Kurla,19.649
PROP-AFEABCDF5CBE,100,53,88,100,108.7,CPCB_MUM_Kurla,8.968
PROP-45BB3F559ED0,159,89,145,159,149.7,CPCB_MUM_Kurla,18.046
PROP-C9D6A2061C0A,118,66,108,118,70.3,CPCB_MUM_Kurla,33.534
PROP-2061695E8478,41,21,35,41,78.0,CPCB_MUM_Bandra,36.361
PROP-A5328FBFC753,40,21,35,40,72.0,CPCB_MUM_Bandra,22.831
PROP-60D8D6FE15F0,159,89,145,159,149.7,CPCB_MUM_Kurla,35.794
PROP-D7A58609C60C,141,80,131,141,141.0,CPCB_MUM_Bandra,13.946
PROP-9F764405C846,106,55,90,106,63.0,CPCB_MUM_Bandra,31.366
PROP-4AA728E166E1,44,23,39,44,75.7,CPCB_MUM_Kurla,10.278
PROP-40DF29201F6E,148,81,133,148,146.3,CPCB_MUM_Bandra,17.243
PROP-3B2BA9B92CA4,94,50,82,94,96.0,CPCB_MUM_Bandra,24.464
PROP-CEBE4013AEDE,148,81,133,148,146.3,CPCB_MUM_Bandra,3.525
PROP-B8DB214B1F71,141,80,131,141,141.0,CPCB_MUM_Bandra,32.46
PROP-5A8896B07225,46,24,39,46,76.7,CPCB_MUM_Kurla,3.421
PROP-D29996906B13,102,58,95,102,63.7,CPCB_MUM_Bandra,41.064
PROP-8B3556D20BC0,141,80,131,141,141.0,CPCB_MUM_Bandra,31.262
PROP-CBEB4FBF9859,89,51,84,89,99.0,CPCB_MUM_Bandra,3.525
PROP-BDFC32EA89F7,89,51,84,89,99.0,CPCB_MUM_Bandra,32.46
PROP-34C1032B0700,85,45,74,85,98.7,CPCB_MUM_Bandra,21.901
PROP-000A21CCBACA,44,23,39,44,75.7,CPCB_MUM_Kurla,15.681
PROP-594C46207388,51,26,44,51,80.0,CPCB_MUM_Kurla,5.671
PROP-5FE612E59959,46,24,39,46,76.7,CPCB_MUM_Kurla,17.543
PROP-0C2F959D4D5F,112,59,96,112,66.0,CPCB_MUM_Bandra,33.132
PROP-99F4C7402A15,43,22,37,43,75.3,CPCB_MUM_Bandra,32.46
PROP-4938AE2758F4,164,85,140,164,160.3,CPCB_MUM_Kurla,10.278
PROP-AC056E30B064,44,25,41,44,77.3,CPCB_MUM_Bandra,24.464
PROP-48BF80E88D33,41,21,35,41,78.0,CPCB_MUM_Bandra,4.301
PROP-28C0E3D769E0,148,81,133,148,146.3,CPCB_MUM_Bandra,31.262
PROP-EF8C76CAE4A7,44,23,38,44,76.7,CPCB_MUM_Kurla,8.968
PROP-FD296A6D3E81,106,55,90,106,63.0,CPCB_MUM_Bandra,8.79
PROP-67E9527D7E83,48,26,43,48,75.3,CPCB_MUM_Bandra,13.946
PROP-97B7CDC7C114,90,48,79,90,96.3,CPCB_MUM_Bandra,22.394
PROP-22F658C7FE8A,117,65,107,117,71.0,CPCB_MUM_Kurla,11.548
PROP-B7D9B5B8747C,115,64,105,115,67.7,CPCB_MUM_Bandra,36.361
PROP-BDE739E2EF61,106,55,90,106,63.0,CPCB_MUM_Bandra,22.385
PROP-A1B27C0E52A9,148,81,133,148,146.3,CPCB_MUM_Bandra,17.243
PROP-5A53F91C2244,156,87,143,156,143.0,CPCB_MUM_Bandra,12.709
PROP-F54747946BAC,85,45,74,85,98.7,CPCB_MUM_Bandra,17.243
PROP-0C7671208AB3,89,51,84,89,99.0,CPCB_MUM_Bandra,8.208
PROP-F8E3A4C37544,141,80,131,141,141.0,CPCB_MUM_Bandra,31.262
PROP-10EAFC92A953,115,64,105,115,67.7,CPCB_MUM_Bandra,17.243
PROP-1764DE938CB2,44,23,39,44,75.7,CPCB_MUM_Kurla,15.681
PROP-82D2E6663F98,103,54,88,103,65.7,CPCB_MUM_Kurla,10.278
PROP-F10384ECB249,43,22,37,43,75.3,CPCB_MUM_Bandra,24.464
PROP-1E6809F1844E,156,87,143,156,143.0,CPCB_MUM_Bandra,17.243
PROP-1ABE53C9A5D8,47,25,42,47,81.3,CPCB_MUM_Kurla,1.327
PROP-7DEC4DF9310A,44,25,41,44,77.3,CPCB_MUM_Bandra,8.79
PROP-846DE714004B,159,89,145,159,149.7,CPCB_MUM_Kurla,1.327
PROP-EB9CF48DFA41,116,66,109,116,69.0,CPCB_MUM_Bandra,17.243
PROP-10AB511682F3,51,26,44,51,80.0,CPCB_MUM_Kurla,11.548
PROP-1A4F5CC59144,90,48,79,90,96.3,CPCB_MUM_Bandra,22.385
PROP-BF290300F68E,48,26,43,48,75.3,CPCB_MUM_Bandra,31.262
PROP-0D1E07D33811,44,25,41,44,77.3,CPCB_MUM_Bandra,12.709
PROP-D7585D2BB0F0,106,55,90,106,63.0,CPCB_MUM_Bandra,9.041
PROP-93D29C8E22B3,164,85,140,164,160.3,CPCB_MUM_Kurla,15.681
PROP-C15A98F59592,90,48,79,90,96.3,CPCB_MUM_Bandra,21.901
PROP-62C8DA52828E,102,56,92,102,105.7,CPCB_MUM_Kurla,9.079
PROP-B72687A2527D,159,90,148,159,153.0,CPCB_MUM_Kurla,9.079
PROP-332C6A82A744,44,25,41,44,77.3,CPCB_MUM_Bandra,4.301
PROP-1F2571C25664,148,81,133,148,146.3,CPCB_MUM_Bandra,31.262
PROP-AE72333A5A05,47,25,42,47,81.3,CPCB_MUM_Kurla,15.681
PROP-AF1EE08E4193,89,51,84,89,99.0,CPCB_MUM_Bandra,17.243
PROP-D76AFCB1EAC0,148,81,133,148,146.3,CPCB_MUM_Bandra,24.568
PROP-37155BF56FED,43,22,37,43,75.3,CPCB_MUM_Bandra,17.243
PROP-7CC5127F69BD,44,23,39,44,75.7,CPCB_MUM_Kurla,33.534
PROP-2180E23917BE,102,58,95,102,63.7,CPCB_MUM_Bandra,12.709
PROP-E0F1735ACADC,44,25,41,44,77.3,CPCB_MUM_Bandra,17.243
PROP-498731AD4429,46,24,39,46,76.7,CPCB_MUM_Kurla,20.543
PROP-B8452C8DCB16,91,52,85,91,94.0,CPCB_MUM_Kurla,15.681
PROP-4E51D09B299C,41,21,35,41,78.0,CPCB_MUM_Bandra,23.151
PROP-1DEB8FE989A4,102,58,95,102,63.7,CPCB_MUM_Bandra,22.677
PROP-F8B16DBA4627,112,59,96,112,66.0,CPCB_MUM_Bandra,33.132
PROP-FAA8F2CB568B,43,22,37,43,75.3,CPCB_MUM_Bandra,22.831
PROP-2A3FB34A6645,115,64,105,115,67.7,CPCB_MUM_Bandra,8.208
PROP-7D37AEF99654,91,50,82,91,95.3,CPCB_MUM_Kurla,18.046
PROP-654C9A33FD8B,116,66,109,116,69.0,CPCB_MUM_Bandra,22.385
PROP-8D0CCB0E1F03,85,45,74,85,98.7,CPCB_MUM_Bandra,19.127
PROP-359D441B8065,100,53,88,100,108.7,CPCB_MUM_Kurla,39.773
PROP-42821E39A628,94,50,82,94,96.0,CPCB_MUM_Bandra,9.041
PROP-53E3DA55DB5D,100,53,88,100,108.7,CPCB_MUM_Kurla,41.68
PROP-E2C2574AB659,100,53,88,100,108.7,CPCB_MUM_Kurla,27.148
PROP-7096BA47B201,46,24,39,46,76.7,CPCB_MUM_Kurla,33.534
PROP-BF23A1C4D5EB,46,24,39,46,76.7,CPCB_MUM_Kurla,39.773
PROP-FE7E798B6A2E,103,54,88,103,65.7,CPCB_MUM_Kurla,24.834
PROP-85AB6F86A30A,44,23,38,44,76.7,CPCB_MUM_Kurla,33.534
PROP-22DF014E475F,102,56,92,102,105.7,CPCB_MUM_Kurla,37.885
PROP-83491AC2B0DD,164,85,140,164,160.3,CPCB_MUM_Kurla,9.079
PROP-43CEB8C48945,141,80,131,141,141.0,CPCB_MUM_Bandra,31.366
PROP-21014AA04796,47,25,42,47,81.3,CPCB_MUM_Kurla,23.843
PROP-67EAB82FDF43,89,51,84,89,99.0,CPCB_MUM_Bandra,17.243
PROP-9D727CC98C01,117,65,107,117,71.0,CPCB_MUM_Kurla,19.649
PROP-929CAFA76717,85,48,79,85,90.0,CPCB_MUM_Bandra,31.262
PROP-7A3D3836B55F,85,48,79,85,90.0,CPCB_MUM_Bandra,17.243
PROP-BA108ACECA5B,51,26,44,51,80.0,CPCB_MUM_Kurla,41.68
PROP-C1865E01A85F,141,80,131,141,141.0,CPCB_MUM_Bandra,4.301
PROP-8019381B2D7D,121,66,108,121,72.3,CPCB_MUM_Kurla,1.327
PROP-C57D075230A2,106,55,90,106,63.0,CPCB_MUM_Bandra,17.243
PROP-680D8FFA5CD9,91,52,85,91,94.0,CPCB_MUM_Kurla,33.534
PROP-B4E2F0C6F3EC,156,87,143,156,143.0,CPCB_MUM_Bandra,8.208
PROP-D87A0198868C,44,23,39,44,75.7,CPCB_MUM_Kurla,1.327
PROP-F64E19EB0B8D,85,45,74,85,98.7,CPCB_MUM_Bandra,22.831
PROP-53AE34E93629,102,56,92,102,105.7,CPCB_MUM_Kurla,23.843
PROP-24EB77EC12AF,85,45,74,85,98.7,CPCB_MUM_Bandra,24.568
PROP-B42B725BF28A,164,85,140,164,160.3,CPCB_MUM_Kurla,9.079
PROP-31228546D8E5,121,66,108,121,72.3,CPCB_MUM_Kurla,23.843
PROP-8EF2CF379427,85,45,74,85,98.7,CPCB_MUM_Bandra,17.243
PROP-E1476CF6D7C7,106,55,90,106,63.0,CPCB_MUM_Bandra,6.949
PROP-31651554FAAF,85,48,79,85,90.0,CPCB_MUM_Bandra,17.243
PROP-816F45C228AB,112,59,96,112,66.0,CPCB_MUM_Bandra,22.677
PROP-46EC5E0504C2,141,80,131,141,150.0,CPCB_MUM_Kurla,24.834
PROP-D53E81A25983,118,66,108,118,70.3,CPCB_MUM_Kurla,10.278
PROP-9B45064F712D,103,54,88,103,65.7,CPCB_MUM_Kurla,41.68
PROP-8C4C7F4E9C31,95,53,87,95,96.7,CPCB_MUM_Kurla,18.465
PROP-BC01C0672EC9,117,65,107,117,71.0,CPCB_MUM_Kurla,11.548
PROP-ACC5E248CC78,91,52,85,91,94.0,CPCB_MUM_Kurla,11.548
PROP-73D59FD0E1B0,91,52,85,91,94.0,CPCB_MUM_Kurla,19.649
PROP-3F92EB7FFC48,141,80,131,141,150.0,CPCB_MUM_Kurla,18.651
PROP-E04407917C7F,85,45,74,85,98.7,CPCB_MUM_Bandra,23.513
PROP-D19601FA2569,51,26,44,51,80.0,CPCB_MUM_Kurla,22.208
PROP-86F124E2FFBE,119,62,102,119,72.0,CPCB_MUM_Kurla,27.893
PROP-55172BF0F63D,91,50,82,91,95.3,CPCB_MUM_Kurla,1.327
PROP-5D75D464D96B,44,23,38,44,76.7,CPCB_MUM_Kurla,24.834
PROP-9CD59A145607,47,25,42,47,81.3,CPCB_MUM_Kurla,39.773
PROP-BB185D4F93F7,141,80,131,141,141.0,CPCB_MUM_Bandra,22.831
PROP-989B94C5A3FA,100,53,88,100,108.7,CPCB_MUM_Kurla,23.689
PROP-AA13A981381E,48,26,43,48,75.3,CPCB_MUM_Bandra,31.262
PROP-BC2065B9C81A,91,52,85,91,94.0,CPCB_MUM_Kurla,26.603
PROP-D6800AA46D32,164,85,140,164,160.3,CPCB_MUM_Kurla,33.534
PROP-BC4BD0CC2EB0,100,53,88,100,108.7,CPCB_MUM_Kurla,3.421
PROP-9F8E1D5B5D68,119,62,102,119,72.0,CPCB_MUM_Kurla,39.773
PROP-3DBD5034DE55,41,21,35,41,78.0,CPCB_MUM_Bandra,31.262
PROP-29DFFFA96873,141,80,131,141,141.0,CPCB_MUM_Bandra,6.949
PROP-C36BE2BB9034,85,45,74,85,98.7,CPCB_MUM_Bandra,17.243
PROP-BE07D617A1A4,159,90,148,159,153.0,CPCB_MUM_Kurla,18.046
PROP-B895386F58D6,95,53,87,95,96.7,CPCB_MUM_Kurla,3.421
PROP-641AE1E4F831,44,25,41,44,77.3,CPCB_MUM_Bandra,17.243
PROP-79C048CC5D81,121,66,108,121,72.3,CPCB_MUM_Kurla,18.046
PROP-8E21D06E044B,100,53,88,100,108.7,CPCB_MUM_Kurla,19.994
PROP-ACE2376BE68A,44,25,41,44,77.3,CPCB_MUM_Bandra,17.243
PROP-3055A7ED8FEB,95,53,87,95,96.7,CPCB_MUM_Kurla,1.327
PROP-C6D0785F9203,106,55,90,106,63.0,CPCB_MUM_Bandra,19.127
PROP-2C404B5FB213,102,56,92,102,105.7,CPCB_MUM_Kurla,8.968
PROP-AE585EF4EC81,115,64,105,115,67.7,CPCB_MUM_Bandra,25.33
PROP-DC5C1C0E3B5F,48,26,43,48,75.3,CPCB_MUM_Bandra,8.208
PROP-D6B58BE3DF0B,94,50,82,94,96.0,CPCB_MUM_Bandra,8.208
PROP-E75A28BC213C,90,48,79,90,96.3,CPCB_MUM_Bandra,24.464
PROP-C34557563C3A,141,80,131,141,150.0,CPCB_MUM_Kurla,36.161
PROP-29733AB2B703,115,64,105,115,67.7,CPCB_MUM_Bandra,41.064
PROP-70797AFAF0CA,91,52,85,91,94.0,CPCB_MUM_Kurla,19.994
PROP-13CE8C5FE748,159,90,148,159,153.0,CPCB_MUM_Kurla,1.327
PROP-555491FD3FCD,94,50,82,94,96.0,CPCB_MUM_Bandra,17.243
PROP-9EA6E6849C1C,43,22,37,43,75.3,CPCB_MUM_Bandra,9.041
PROP-DBF5532E5A12,159,90,148,159,153.0,CPCB_MUM_Kurla,21.483
PROP-6E5ACB2FEF4F,117,65,107,117,71.0,CPCB_MUM_Kurla,15.681
PROP-B063C747C253,106,55,90,106,63.0,CPCB_MUM_Bandra,33.132
PROP-CEAB7897D726,121,66,108,121,72.3,CPCB_MUM_Kurla,10.278
PROP-86D2089C9EE4,156,87,143,156,143.0,CPCB_MUM_Bandra,17.243
PROP-DD96F911A6F7,112,59,96,112,66.0,CPCB_MUM_Bandra,17.243
PROP-B4A5D251B554,100,53,88,100,108.7,CPCB_MUM_Kurla,3.421
PROP-9A6D2E316A55,115,64,105,115,67.7,CPCB_MUM_Bandra,16.908
PROP-2290133B99C3,95,53,87,95,96.7,CPCB_MUM_Kurla,22.208
PROP-06964AE01C1E,48,26,43,48,75.3,CPCB_MUM_Bandra,8.208
PROP-9BF845F6D56F,44,25,41,44,77.3,CPCB_MUM_Bandra,22.677
PROP-AD34157F8E2F,51,26,44,51,80.0,CPCB_MUM_Kurla,33.534
PROP-A7F8C5CEB35F,117,65,107,117,71.0,CPCB_MUM_Kurla,37.885
PROP-CBAFBE087613,164,85,140,164,160.3,CPCB_MUM_Kurla,33.534
PROP-5E72845D8614,118,66,108,118,70.3,CPCB_MUM_Kurla,37.885
PROP-A73D5A4BE346,95,53,87,95,96.7,CPCB_MUM_Kurla,18.046
PROP-C1327463EF55,44,23,39,44,75.7,CPCB_MUM_Kurla,35.794
PROP-BF51C4958232,47,25,42,47,81.3,CPCB_MUM_Kurla,1.327
PROP-80BA6A6CE1BB,156,87,143,156,143.0,CPCB_MUM_Bandra,31.366
PROP-82B9233B4329,44,25,41,44,77.3,CPCB_MUM_Bandra,17.243
PROP-537FACC4D81C,51,26,44,51,80.0,CPCB_MUM_Kurla,11.548
PROP-DE1061870C0F,41,21,35,41,78.0,CPCB_MUM_Bandra,8.208
PROP-81EE7B700ADD,158,89,146,158,155.7,CPCB_MUM_Bandra,17.243
PROP-EDB1EF0119E2,90,48,79,90,96.3,CPCB_MUM_Bandra,6.949
PROP-E2B9955CAB2D,159,89,145,159,149.7,CPCB_MUM_Kurla,33.534
PROP-7968DAFD3FFC,43,22,37,43,75.3,CPCB_MUM_Bandra,18.567
PROP-B60CD7FF25F8,102,56,92,102,105.7,CPCB_MUM_Kurla,10.278
PROP-375F43C11F62,85,45,74,85,98.7,CPCB_MUM_Bandra,17.243
PROP-3953CC74D9E5,95,53,87,95,96.7,CPCB_MUM_Kurla,22.208
PROP-AEADBE944979,47,25,42,47,81.3,CPCB_MUM_Kurla,21.483
PROP-5A29DCA00809,115,64,105,115,67.7,CPCB_MUM_Bandra,6.949
PROP-77A6E0449FAC,47,25,42,47,81.3,CPCB_MUM_Kurla,41.68
PROP-DE2B44D82B55,43,22,37,43,75.3,CPCB_MUM_Bandra,22.385
PROP-B3738EA4D836,103,54,88,103,65.7,CPCB_MUM_Kurla,22.208
PROP-6B517F7F52A9,46,24,39,46,76.7,CPCB_MUM_Kurla,39.773
PROP-F1FF3F398DB9,46,24,39,46,76.7,CPCB_MUM_Kurla,27.148
PROP-11BFAAC08E4B,164,85,140,164,160.3,CPCB_MUM_Kurla,13.739
PROP-C1D324E54428,106,55,90,106,63.0,CPCB_MUM_Bandra,16.908
PROP-6E3EA8418117,47,25,42,47,81.3,CPCB_MUM_Kurla,22.208
PROP-89B93D4B41CC,106,55,90,106,63.0,CPCB_MUM_Bandra,4.301
PROP-27B31D025699,90,48,79,90,96.3,CPCB_MUM_Bandra,23.151
PROP-60206F9496F1,102,58,95,102,63.7,CPCB_MUM_Bandra,8.208
PROP-AF48679DCEF7,44,23,38,44,76.7,CPCB_MUM_Kurla,19.994
PROP-D47A3E4DF56E,89,51,84,89,99.0,CPCB_MUM_Bandra,41.064
PROP-4BB1D7B4A18A,115,64,105,115,67.7,CPCB_MUM_Bandra,36.361
PROP-7806FDB9DFEB,159,90,148,159,153.0,CPCB_MUM_Kurla,15.681
PROP-04DEB36D2D12,85,48,79,85,90.0,CPCB_MUM_Bandra,17.243
PROP-0D5ED96E5341,44,23,39,44,75.7,CPCB_MUM_Kurla,19.994
PROP-1AFF711E86BC,112,59,96,112,66.0,CPCB_MUM_Bandra,16.008
PROP-8DD8F6784A7C,48,26,43,48,75.3,CPCB_MUM_Bandra,13.946
PROP-53B79C840F99,85,45,74,85,98.7,CPCB_MUM_Bandra,22.385
PROP-B48010D991B5,48,26,43,48,75.3,CPCB_MUM_Bandra,17.243
PROP-AB9147EA488B,148,81,133,148,146.3,CPCB_MUM_Bandra,28.494
PROP-1D577093950E,116,66,109,116,69.0,CPCB_MUM_Bandra,17.243
PROP-846B9B2320EA,117,65,107,117,71.0,CPCB_MUM_Kurla,33.534
PROP-258BADBC6F91,48,26,43,48,75.3,CPCB_MUM_Bandra,31.366
PROP-595B39A77033,119,62,102,119,72.0,CPCB_MUM_Kurla,22.208
PROP-2221B16F7464,85,45,74,85,98.7,CPCB_MUM_Bandra,33.132
PROP-7EBEAFD1E396,141,80,131,141,141.0,CPCB_MUM_Bandra,16.908
PROP-CF586B63FD4E,43,22,37,43,75.3,CPCB_MUM_Bandra,22.677
PROP-8E2AD636132F,41,21,35,41,78.0,CPCB_MUM_Bandra,17.243
PROP-59A160B0F0A1,106,55,90,106,63.0,CPCB_MUM_Bandra,16.908
PROP-E06BF298F8F1,106,55,90,106,63.0,CPCB_MUM_Bandra,8.208
PROP-22CD5738FB0E,44,23,39,44,75.7,CPCB_MUM_Kurla,27.893
PROP-F6076A6B9E5A,118,66,108,118,70.3,CPCB_MUM_Kurla,9.079
PROP-8F83DAA1F399,85,48,79,85,90.0,CPCB_MUM_Bandra,13.946
PROP-1A7C8EB3CB5B,158,89,146,158,155.7,CPCB_MUM_Bandra,8.208
PROP-309FEC192A95,100,53,88,100,108.7,CPCB_MUM_Kurla,5.671
PROP-70D3E173047E,156,87,143,156,143.0,CPCB_MUM_Bandra,22.385
PROP-CFAD9BEA97E7,116,66,109,116,69.0,CPCB_MUM_Bandra,8.208
PROP-215F9FFFF3F0,91,52,85,91,94.0,CPCB_MUM_Kurla,14.841
PROP-578D46E2FDC3,94,50,82,94,96.0,CPCB_MUM_Bandra,24.568
PROP-17AC082C8B4A,95,53,87,95,96.7,CPCB_MUM_Kurla,1.327
PROP-8C1E2D40FE96,85,45,74,85,98.7,CPCB_MUM_Bandra,12.709
PROP-5DE878BF9AF8,44,25,41,44,77.3,CPCB_MUM_Bandra,16.908
PROP-F394BEE72895,90,48,79,90,96.3,CPCB_MUM_Bandra,24.568
PROP-F5AFD4D63F8C,40,21,35,40,72.0,CPCB_MUM_Bandra,21.199
PROP-DB42FFDD415B,85,48,79,85,90.0,CPCB_MUM_Bandra,32.46
PROP-64EBE0D11F87,44,23,39,44,75.7,CPCB_MUM_Kurla,27.148
PROP-CDC735397EDB,119,62,102,119,72.0,CPCB_MUM_Kurla,18.551
PROP-1684904D779A,100,53,88,100,108.7,CPCB_MUM_Kurla,39.773
PROP-DFE9CF752894,148,81,133,148,146.3,CPCB_MUM_Bandra,4.301
PROP-570F8901C102,141,80,131,141,141.0,CPCB_MUM_Bandra,22.831
PROP-51C2146946FF,100,53,88,100,108.7,CPCB_MUM_Kurla,1.327
PROP-9708426545FE,106,55,90,106,63.0,CPCB_MUM_Bandra,16.908
PROP-EC06200F9573,116,66,109,116,69.0,CPCB_MUM_Bandra,21.901
PROP-8AA1B32DE8F9,40,21,35,40,72.0,CPCB_MUM_Bandra,6.949
PROP-10E0D279B0CE,48,26,43,48,75.3,CPCB_MUM_Bandra,3.525
PROP-791645C6FD03,148,81,133,148,146.3,CPCB_MUM_Bandra,33.132
PROP-A407B23FFD03,118,66,108,118,70.3,CPCB_MUM_Kurla,1.327
PROP-3205D5117BDA,40,21,35,40,72.0,CPCB_MUM_Bandra,22.831
PROP-CD682F0CCFA2,85,48,79,85,90.0,CPCB_MUM_Bandra,17.243
PROP-89E16BE9354D,40,21,35,40,72.0,CPCB_MUM_Bandra,31.262
PROP-41FAE9B9626D,43,22,37,43,75.3,CPCB_MUM_Bandra,16.908
PROP-E3597E085247,118,66,108,118,70.3,CPCB_MUM_Kurla,27.148
PROP-8F81704F34F5,85,45,74,85,98.7,CPCB_MUM_Bandra,31.366
PROP-13E2244B57E3,40,21,35,40,72.0,CPCB_MUM_Bandra,31.262
PROP-87988AEB6503,102,56,92,102,105.7,CPCB_MUM_Kurla,25.608
PROP-E9A87A15A0EA,121,66,108,121,72.3,CPCB_MUM_Kurla,23.843
PROP-8EBB583BFF78,159,89,145,159,149.7,CPCB_MUM_Kurla,15.681
PROP-782A69068285,102,56,92,102,105.7,CPCB_MUM_Kurla,35.794
PROP-CA115E616C97,100,53,88,100,108.7,CPCB_MUM_Kurla,15.681
PROP-50092C15F737,41,21,35,41,78.0,CPCB_MUM_Bandra,3.525
PROP-DFAD8498F4E2,103,54,88,103,65.7,CPCB_MUM_Kurla,22.208
PROP-10A96A7358CE,43,22,37,43,75.3,CPCB_MUM_Bandra,23.126
PROP-FBE7EC200BBD,141,80,131,141,141.0,CPCB_MUM_Bandra,8.208
PROP-273FC454F368,94,50,82,94,96.0,CPCB_MUM_Bandra,22.385
PROP-E0B53443577A,41,21,35,41,78.0,CPCB_MUM_Bandra,22.677
PROP-C198DDFBA7C9,100,53,88,100,108.7,CPCB_MUM_Kurla,17.543
PROP-CA343789E9F7,116,66,109,116,69.0,CPCB_MUM_Bandra,16.008
PROP-FEAA87935CD5,85,48,79,85,90.0,CPCB_MUM_Bandra,24.568
PROP-2BD5A76DCD03,46,24,39,46,76.7,CPCB_MUM_Kurla,1.327
PROP-FDB7C01E397A,148,81,133,148,146.3,CPCB_MUM_Bandra,8.208
PROP-4D06EBF55699,41,21,35,41,78.0,CPCB_MUM_Bandra,35.356
PROP-7168908E54AA,91,50,82,91,95.3,CPCB_MUM_Kurla,9.079
PROP-9A10BB688932,85,48,79,85,90.0,CPCB_MUM_Bandra,36.361
PROP-9D2195924369,47,25,42,47,81.3,CPCB_MUM_Kurla,23.843
PROP-F5FFF1EB6E99,47,25,42,47,81.3,CPCB_MUM_Kurla,9.079
PROP-E020D72A73C9,141,80,131,141,150.0,CPCB_MUM_Kurla,9.079
PROP-590B303E449E,159,90,148,159,153.0,CPCB_MUM_Kurla,9.079
PROP-9BB8DC3C4BC7,51,26,44,51,80.0,CPCB_MUM_Kurla,19.994
PROP-85A4E08B2A4A,156,87,143,156,143.0,CPCB_MUM_Bandra,25.33
PROP-F5C693B630C8,118,66,108,118,70.3,CPCB_MUM_Kurla,11.548
PROP-28394AF87A1C,103,54,88,103,65.7,CPCB_MUM_Kurla,41.68
PROP-B404B21398BE,100,53,88,100,108.7,CPCB_MUM_Kurla,3.421
PROP-ED08CCD44B8E,47,25,42,47,81.3,CPCB_MUM_Kurla,5.671
PROP-C3F6C9C06157,112,59,96,112,66.0,CPCB_MUM_Bandra,33.132
PROP-F23E95DB6A33,85,45,74,85,98.7,CPCB_MUM_Bandra,21.199
PROP-7A56B7910E89,44,25,41,44,77.3,CPCB_MUM_Bandra,4.301
PROP-044164B0859D,141,80,131,141,150.0,CPCB_MUM_Kurla,24.834
PROP-06439C5FA385,159,89,145,159,149.7,CPCB_MUM_Kurla,14.841
PROP-1AF6CE1A6B82,117,65,107,117,71.0,CPCB_MUM_Kurla,31.697
PROP-F831E33D8CE1,112,59,96,112,66.0,CPCB_MUM_Bandra,31.262
PROP-148FD1CA3A87,102,58,95,102,63.7,CPCB_MUM_Bandra,24.568
PROP-DA747E4BC28A,118,66,108,118,70.3,CPCB_MUM_Kurla,9.079
PROP-475474C549DB,112,59,96,112,66.0,CPCB_MUM_Bandra,16.908
PROP-BD6518FB0BF1,141,80,131,141,141.0,CPCB_MUM_Bandra,22.677
PROP-FE212A563B5B,41,21,35,41,78.0,CPCB_MUM_Bandra,22.385
PROP-CCBCC022FCB7,41,21,35,41,78.0,CPCB_MUM_Bandra,3.525
PROP-EB5EA9664A32,44,23,39,44,75.7,CPCB_MUM_Kurla,10.278
PROP-A88F1D458042,51,26,44,51,80.0,CPCB_MUM_Kurla,24.834
PROP-7F1ED78707DF,141,80,131,141,141.0,CPCB_MUM_Bandra,16.908
PROP-A145416CC063,164,85,140,164,160.3,CPCB_MUM_Kurla,18.551
PROP-FF0FEE382E36,40,21,35,40,72.0,CPCB_MUM_Bandra,8.208
PROP-90B5EF51D165,148,81,133,148,146.3,CPCB_MUM_Bandra,13.946
PROP-A49404C30599,121,66,108,121,72.3,CPCB_MUM_Kurla,33.828
PROP-1EDAFCF6FB66,117,65,107,117,71.0,CPCB_MUM_Kurla,21.483
PROP-2DA76B035B90,119,62,102,119,72.0,CPCB_MUM_Kurla,17.543
PROP-FDD20686AE2C,89,51,84,89,99.0,CPCB_MUM_Bandra,8.208
PROP-C4D79FF53ADE,119,62,102,119,72.0,CPCB_MUM_Kurla,23.843
PROP-CC1E9F83C67E,95,53,87,95,96.7,CPCB_MUM_Kurla,22.208
PROP-E69713FBAD2F,117,65,107,117,71.0,CPCB_MUM_Kurla,24.834
PROP-D2F3093BA685,100,53,88,100,108.7,CPCB_MUM_Kurla,27.148
PROP-C9F3ADA6F57A,117,65,107,117,71.0,CPCB_MUM_Kurla,18.551
PROP-0FC2BD3A26C1,115,64,105,115,67.7,CPCB_MUM_Bandra,16.908
PROP-B655C40C41EA,112,59,96,112,66.0,CPCB_MUM_Bandra,22.385
PROP-D143BBEFCE7A,48,26,43,48,75.3,CPCB_MUM_Bandra,31.366
PROP-E4517556838A,141,80,131,141,150.0,CPCB_MUM_Kurla,18.046
PROP-8AC176066E61,159,90,148,159,153.0,CPCB_MUM_Kurla,23.689
PROP-191E901CD888,117,65,107,117,71.0,CPCB_MUM_Kurla,9.079
PROP-25B4531D161F,102,56,92,102,105.7,CPCB_MUM_Kurla,27.893
PROP-1FE3CF76897B,112,59,96,112,66.0,CPCB_MUM_Bandra,3.525
PROP-B54658C50A6A,102,56,92,102,105.7,CPCB_MUM_Kurla,41.68
PROP-16DC19D7A347,40,21,35,40,72.0,CPCB_MUM_Bandra,12.709
PROP-A7EF66D365FD,116,66,109,116,69.0,CPCB_MUM_Bandra,22.385
PROP-E2959B5F72AB,100,53,88,100,108.7,CPCB_MUM_Kurla,26.603
PROP-E2EA87207DBA,116,66,109,116,69.0,CPCB_MUM_Bandra,3.24
PROP-B63242C6161D,43,22,37,43,75.3,CPCB_MUM_Bandra,33.132
PROP-821C50F2587D,141,80,131,141,141.0,CPCB_MUM_Bandra,3.525
PROP-4C1C85CA2F02,106,55,90,106,63.0,CPCB_MUM_Bandra,33.132
PROP-2B96BD23E148,158,89,146,158,155.7,CPCB_MUM_Bandra,17.243
PROP-3CB001639E84,85,48,79,85,90.0,CPCB_MUM_Bandra,9.041
PROP-CE5801F8BD00,164,85,140,164,160.3,CPCB_MUM_Kurla,35.794
PROP-E77C161084C2,94,50,82,94,96.0,CPCB_MUM_Bandra,12.709
PROP-ED676B4CD727,91,52,85,91,94.0,CPCB_MUM_Kurla,18.551
PROP-1FEE6F5F1E3E,47,25,42,47,81.3,CPCB_MUM_Kurla,15.681
PROP-01C4FDF37767,44,23,39,44,75.7,CPCB_MUM_Kurla,27.148
PROP-F0AE73742839,156,87,143,156,143.0,CPCB_MUM_Bandra,23.151
PROP-19C5FCADB8CA,91,50,82,91,95.3,CPCB_MUM_Kurla,31.697
PROP-3A858C150400,94,50,82,94,96.0,CPCB_MUM_Bandra,31.262
PROP-336F45DA6985,115,64,105,115,67.7,CPCB_MUM_Bandra,4.301
PROP-D5E2BAFC5A8B,44,25,41,44,77.3,CPCB_MUM_Bandra,4.301
PROP-055AB3F1D2B9,159,90,148,159,153.0,CPCB_MUM_Kurla,23.843
PROP-A9F84DEE3C47,94,50,82,94,96.0,CPCB_MUM_Bandra,17.243
PROP-83CF317F40C1,44,23,38,44,76.7,CPCB_MUM_Kurla,15.681
PROP-D1DCB1518C62,44,23,39,44,75.7,CPCB_MUM_Kurla,27.148
PROP-241BDD1F7115,48,26,43,48,75.3,CPCB_MUM_Bandra,23.301
PROP-C064B826940D,46,24,39,46,76.7,CPCB_MUM_Kurla,33.534
PROP-7EAD1E640C70,100,53,88,100,108.7,CPCB_MUM_Kurla,3.421
PROP-35CEFFA365E5,102,56,92,102,105.7,CPCB_MUM_Kurla,15.681
PROP-D6F32A68E305,116,66,109,116,69.0,CPCB_MUM_Bandra,35.356
PROP-23E7440BC87A,102,56,92,102,105.7,CPCB_MUM_Kurla,10.278
PROP-11BE42196D8E,44,23,39,44,75.7,CPCB_MUM_Kurla,15.681
PROP-F4ADFDAA866B,44,25,41,44,77.3,CPCB_MUM_Bandra,25.33
PROP-A33622E96107,112,59,96,112,66.0,CPCB_MUM_Bandra,22.385
PROP-ADA5D1A78EF8,116,66,109,116,69.0,CPCB_MUM_Bandra,21.199
PROP-DABDEFD084D9,117,65,107,117,71.0,CPCB_MUM_Kurla,21.483
PROP-C28083C050E7,117,65,107,117,71.0,CPCB_MUM_Kurla,33.828
PROP-B445A5B2AD1D,85,48,79,85,90.0,CPCB_MUM_Bandra,8.208
PROP-0A077102E1E3,41,21,35,41,78.0,CPCB_MUM_Bandra,4.301
PROP-74BA6184360A,95,53,87,95,96.7,CPCB_MUM_Kurla,15.681
PROP-D47E33C9F6D9,141,80,131,141,141.0,CPCB_MUM_Bandra,17.243
PROP-D59F1927DCA5,90,48,79,90,96.3,CPCB_MUM_Bandra,28.494
PROP-0C0B16F53725,159,89,145,159,149.7,CPCB_MUM_Kurla,33.534
PROP-1E989C16AEEF,46,24,39,46,76.7,CPCB_MUM_Kurla,24.834
PROP-C6B98A71C32C,89,51,84,89,99.0,CPCB_MUM_Bandra,23.151
PROP-4F97EA0DF2CE,95,53,87,95,96.7,CPCB_MUM_Kurla,3.421
PROP-CC1555A8BD02,91,52,85,91,94.0,CPCB_MUM_Kurla,36.161
PROP-05B8A8B787CF,115,64,105,115,67.7,CPCB_MUM_Bandra,24.466
PROP-D7200DFF39BD,158,89,146,158,155.7,CPCB_MUM_Bandra,23.151
PROP-C797A8F9CD64,51,26,44,51,80.0,CPCB_MUM_Kurla,35.794
PROP-C835BC4F5770,89,51,84,89,99.0,CPCB_MUM_Bandra,17.243
PROP-1C0E13E29769,85,48,79,85,90.0,CPCB_MUM_Bandra,8.208
PROP-1D7AE35FCFE3,51,26,44,51,80.0,CPCB_MUM_Kurla,9.079
PROP-88D26DFB3F74,141,80,131,141,141.0,CPCB_MUM_Bandra,22.677
PROP-0D3BD9308E88,95,53,87,95,96.7,CPCB_MUM_Kurla,11.548
PROP-5379E9BB2BA6,51,26,44,51,80.0,CPCB_MUM_Kurla,32.104
PROP-EC24409EBC2F,159,90,148,159,153.0,CPCB_MUM_Kurla,39.773
PROP-7041E8A30C20,44,25,41,44,77.3,CPCB_MUM_Bandra,8.208
PROP-5FB75BA68ABB,148,81,133,148,146.3,CPCB_MUM_Bandra,31.366
PROP-F9E5BC2B5E4D,121,66,108,121,72.3,CPCB_MUM_Kurla,18.046
PROP-7808C844D6D2,85,48,79,85,90.0,CPCB_MUM_Bandra,12.709
PROP-A86F5A57F345,141,80,131,141,141.0,CPCB_MUM_Bandra,8.208
PROP-C57EA4BEF750,85,45,74,85,98.7,CPCB_MUM_Bandra,17.243
PROP-FD87D8F4AF56,115,64,105,115,67.7,CPCB_MUM_Bandra,22.385
PROP-2EFB857381BD,141,80,131,141,150.0,CPCB_MUM_Kurla,22.208
PROP-81285EF4CE23,159,89,145,159,149.7,CPCB_MUM_Kurla,41.68
PROP-260B35950A7F,90,48,79,90,96.3,CPCB_MUM_Bandra,24.568
PROP-84ACE71447DB,119,62,102,119,72.0,CPCB_MUM_Kurla,1.327
PROP-AD3F80D4D15C,159,89,145,159,149.7,CPCB_MUM_Kurla,1.327
PROP-286C4F25648C,94,50,82,94,96.0,CPCB_MUM_Bandra,22.385
PROP-848B74BDCF77,85,45,74,85,98.7,CPCB_MUM_Bandra,22.385
PROP-58744DFFE08C,43,22,37,43,75.3,CPCB_MUM_Bandra,1.979
PROP-D8B46C7581E8,41,21,35,41,78.0,CPCB_MUM_Bandra,17.243
PROP-AC1F6DDFE990,47,25,42,47,81.3,CPCB_MUM_Kurla,15.681
PROP-D39CFC472BA4,85,48,79,85,90.0,CPCB_MUM_Bandra,6.949
PROP-C6B3FD9F35D1,121,66,108,121,72.3,CPCB_MUM_Kurla,24.834
PROP-5977CC4F39F8,119,62,102,119,72.0,CPCB_MUM_Kurla,23.843
PROP-B3DE0F9B2486,141,80,131,141,141.0,CPCB_MUM_Bandra,22.385
PROP-55364EA960DC,119,62,102,119,72.0,CPCB_MUM_Kurla,23.843
PROP-F6450C959B31,103,54,88,103,65.7,CPCB_MUM_Kurla,7.664
PROP-F675B01C5A44,94,50,82,94,96.0,CPCB_MUM_Bandra,22.385
PROP-C4FF9812BB5F,43,22,37,43,75.3,CPCB_MUM_Bandra,17.243
PROP-3B9FFE595046,159,90,148,159,153.0,CPCB_MUM_Kurla,37.885
PROP-CA30440DF9D9,44,23,39,44,75.7,CPCB_MUM_Kurla,1.327
PROP-3EDBCDCAB5F0,116,66,109,116,69.0,CPCB_MUM_Bandra,31.366
PROP-AD43850E6B92,141,80,131,141,150.0,CPCB_MUM_Kurla,9.079
PROP-77E56AA473FA,115,64,105,115,67.7,CPCB_MUM_Bandra,17.243
PROP-EAD84044A1DC,41,21,35,41,78.0,CPCB_MUM_Bandra,22.831
PROP-26F6DD5961D1,91,52,85,91,94.0,CPCB_MUM_Kurla,18.551
PROP-6F6725DDED88,159,90,148,159,153.0,CPCB_MUM_Kurla,27.893
PROP-3B1AD8BB4659,91,52,85,91,94.0,CPCB_MUM_Kurla,37.885
PROP-672300D1C8C4,102,58,95,102,63.7,CPCB_MUM_Bandra,8.208
PROP-F7E8E1ADAF49,102,58,95,102,63.7,CPCB_MUM_Bandra,8.208
PROP-C19E29F98C4D,85,45,74,85,98.7,CPCB_MUM_Bandra,30.698
PROP-3BC506F23D23,89,51,84,89,99.0,CPCB_MUM_Bandra,25.33
PROP-89BCCEC696EC,44,25,41,44,77.3,CPCB_MUM_Bandra,8.208
PROP-394CF4E82945,89,51,84,89,99.0,CPCB_MUM_Bandra,8.208
PROP-96F775C3C338,44,23,39,44,75.7,CPCB_MUM_Kurla,22.981
PROP-ED6BCD88AEF8,106,55,90,106,63.0,CPCB_MUM_Bandra,17.243
PROP-8B8DCED163C6,100,53,88,100,108.7,CPCB_MUM_Kurla,10.278
PROP-D2D977DB9C89,115,64,105,115,67.7,CPCB_MUM_Bandra,13.76
PROP-673702674C52,141,80,131,141,150.0,CPCB_MUM_Kurla,15.681
PROP-3CA11082E5AF,115,64,105,115,67.7,CPCB_MUM_Bandra,22.385
PROP-F8A0437C56F9,117,65,107,117,71.0,CPCB_MUM_Kurla,23.843
PROP-AF61F6BFC27A,91,50,82,91,95.3,CPCB_MUM_Kurla,20.543
PROP-86CAB8901327,141,80,131,141,150.0,CPCB_MUM_Kurla,41.68
PROP-8EFC80F6B76F,47,25,42,47,81.3,CPCB_MUM_Kurla,18.651
PROP-3723B5FD3A36,41,21,35,41,78.0,CPCB_MUM_Bandra,17.243
PROP-B5DEC2D21F1E,141,80,131,141,141.0,CPCB_MUM_Bandra,16.008
PROP-8F9CB749B309,102,56,92,102,105.7,CPCB_MUM_Kurla,18.551
PROP-38AA6DEA703F,102,58,95,102,63.7,CPCB_MUM_Bandra,35.356
PROP-79B73DB43C95,159,90,148,159,153.0,CPCB_MUM_Kurla,1.327
PROP-CDBFC212F53F,112,59,96,112,66.0,CPCB_MUM_Bandra,25.33
PROP-E69D9E6C54B2,46,24,39,46,76.7,CPCB_MUM_Kurla,21.483
PROP-99F64FE80A22,94,50,82,94,96.0,CPCB_MUM_Bandra,16.908
PROP-A7450D55AD4D,43,22,37,43,75.3,CPCB_MUM_Bandra,31.262
PROP-6FAA2C38D44C,91,50,82,91,95.3,CPCB_MUM_Kurla,29.585
PROP-4F24245780C1,41,21,35,41,78.0,CPCB_MUM_Bandra,35.356
PROP-6D3C4547262F,158,89,146,158,155.7,CPCB_MUM_Bandra,17.243
PROP-204BD559D9FA,48,26,43,48,75.3,CPCB_MUM_Bandra,22.385
PROP-62975BD8B3BB,44,23,39,44,75.7,CPCB_MUM_Kurla,10.278
PROP-118237D9D08E,94,50,82,94,96.0,CPCB_MUM_Bandra,31.262
PROP-662AE6BBCBAD,90,48,79,90,96.3,CPCB_MUM_Bandra,33.132
PROP-CCD3A2072833,141,80,131,141,150.0,CPCB_MUM_Kurla,23.689
PROP-528E0669ECA5,44,25,41,44,77.3,CPCB_MUM_Bandra,31.262
PROP-A6AAE9936BDE,41,21,35,41,78.0,CPCB_MUM_Bandra,17.243
PROP-E2E2A84414C5,41,21,35,41,78.0,CPCB_MUM_Bandra,8.79
PROP-A94964D2600C,89,51,84,89,99.0,CPCB_MUM_Bandra,12.709
PROP-9280EEEF3674,44,23,38,44,76.7,CPCB_MUM_Kurla,23.843
PROP-4EBDE3A43ADC,141,80,131,141,150.0,CPCB_MUM_Kurla,18.551
PROP-DC5DC66EA873,158,89,146,158,155.7,CPCB_MUM_Bandra,31.262
PROP-1AA18A0113C7,85,48,79,85,90.0,CPCB_MUM_Bandra,17.243
PROP-9D111CED81B6,112,59,96,112,66.0,CPCB_MUM_Bandra,17.243
PROP-6EA98CDC8BB0,119,62,102,119,72.0,CPCB_MUM_Kurla,1.327
PROP-F5DD3710D3B9,47,25,42,47,81.3,CPCB_MUM_Kurla,18.046
PROP-A539047CCF2E,118,66,108,118,70.3,CPCB_MUM_Kurla,18.551
PROP-DFA70EE881B8,47,25,42,47,81.3,CPCB_MUM_Kurla,9.079
PROP-AA5750FB25F2,141,80,131,141,141.0,CPCB_MUM_Bandra,23.301
PROP-CC09145B9DA9,119,62,102,119,72.0,CPCB_MUM_Kurla,18.046
PROP-19EB258DA46C,44,25,41,44,77.3,CPCB_MUM_Bandra,17.243
PROP-E6C9C4A2A747,51,26,44,51,80.0,CPCB_MUM_Kurla,18.551
PROP-68A332AAD4B7,85,45,74,85,98.7,CPCB_MUM_Bandra,33.132
PROP-2E43A06FB34A,85,48,79,85,90.0,CPCB_MUM_Bandra,31.262
PROP-806AEBE270F4,51,26,44,51,80.0,CPCB_MUM_Kurla,10.278
PROP-47CC9E8741BF,164,85,140,164,160.3,CPCB_MUM_Kurla,37.885
PROP-2659578A4F58,115,64,105,115,67.7,CPCB_MUM_Bandra,21.901
PROP-7D2CD8B7524C,51,26,44,51,80.0,CPCB_MUM_Kurla,21.483
PROP-DA7830B93FAA,85,45,74,85,98.7,CPCB_MUM_Bandra,37.194
PROP-CB90929DA96F,47,25,42,47,81.3,CPCB_MUM_Kurla,1.327
PROP-D2378150A63A,51,26,44,51,80.0,CPCB_MUM_Kurla,15.681
PROP-19276CBFEB14,115,64,105,115,67.7,CPCB_MUM_Bandra,31.262
PROP-15F170175AC0,106,55,90,106,63.0,CPCB_MUM_Bandra,32.46
PROP-4030232238EB,85,45,74,85,98.7,CPCB_MUM_Bandra,26.165
PROP-3DF6DF775924,43,22,37,43,75.3,CPCB_MUM_Bandra,18.567
PROP-1FCFCCAB8EEB,94,50,82,94,96.0,CPCB_MUM_Bandra,31.366
PROP-B25BB63231E4,156,87,143,156,143.0,CPCB_MUM_Bandra,32.46
PROP-C940D14FCE4A,116,66,109,116,69.0,CPCB_MUM_Bandra,32.46
PROP-77BD326CC1CD,159,90,148,159,153.0,CPCB_MUM_Kurla,39.773
PROP-ECA99D42AF70,48,26,43,48,75.3,CPCB_MUM_Bandra,30.698
PROP-AFBDBA075D4E,115,64,105,115,67.7,CPCB_MUM_Bandra,36.361
PROP-752B1032436A,40,21,35,40,72.0,CPCB_MUM_Bandra,41.064
PROP-12A37F0B2433,51,26,44,51,80.0,CPCB_MUM_Kurla,14.841
PROP-0BBA441CEA2F,44,23,39,44,75.7,CPCB_MUM_Kurla,21.157
PROP-4A5C5EA234BF,119,62,102,119,72.0,CPCB_MUM_Kurla,3.421
PROP-9A23941AA12A,43,22,37,43,75.3,CPCB_MUM_Bandra,37.194
PROP-6340C9D37EDA,41,21,35,41,78.0,CPCB_MUM_Bandra,22.677
PROP-24A224FB22DD,115,64,105,115,67.7,CPCB_MUM_Bandra,37.032
PROP-279BEB9B7BDA,102,56,92,102,105.7,CPCB_MUM_Kurla,24.316
PROP-2A944853E005,91,52,85,91,94.0,CPCB_MUM_Kurla,7.664
PROP-543ABBAC7EB5,102,58,95,102,63.7,CPCB_MUM_Bandra,18.567
PROP-285CC6F6BE1F,159,90,148,159,153.0,CPCB_MUM_Kurla,19.649
PROP-B80E6BA86268,46,24,39,46,76.7,CPCB_MUM_Kurla,10.278
PROP-E311667B9996,100,53,88,100,108.7,CPCB_MUM_Kurla,3.421
PROP-3B0AFAB554DB,159,89,145,159,149.7,CPCB_MUM_Kurla,19.649
PROP-281C12C5762B,41,21,35,41,78.0,CPCB_MUM_Bandra,21.901
PROP-4B2549EF722A,94,50,82,94,96.0,CPCB_MUM_Bandra,28.494
PROP-88BAD221A8AD,141,80,131,141,150.0,CPCB_MUM_Kurla,37.885
PROP-E5D83316290F,85,45,74,85,98.7,CPCB_MUM_Bandra,24.568
PROP-83038FBB8DC2,148,81,133,148,146.3,CPCB_MUM_Bandra,21.901
PROP-87D8F9617640,40,21,35,40,72.0,CPCB_MUM_Bandra,37.194
PROP-9503C722713F,159,90,148,159,153.0,CPCB_MUM_Kurla,7.664
PROP-356FB6BAFCBE,117,65,107,117,71.0,CPCB_MUM_Kurla,15.681
PROP-0742443934EF,94,50,82,94,96.0,CPCB_MUM_Bandra,8.208
PROP-EE8D3F827552,156,87,143,156,143.0,CPCB_MUM_Bandra,21.199
PROP-4690CB8808CD,40,21,35,40,72.0,CPCB_MUM_Bandra,34.953
PROP-BE6312E6BD66,43,22,37,43,75.3,CPCB_MUM_Bandra,24.466
PROP-1339F354B1AF,158,89,146,158,155.7,CPCB_MUM_Bandra,18.567
PROP-E0641EEE5B45,85,48,79,85,90.0,CPCB_MUM_Bandra,35.356
PROP-7C7AF926F6C1,94,50,82,94,96.0,CPCB_MUM_Bandra,21.901
PROP-A9BCC5E4BF94,44,23,38,44,76.7,CPCB_MUM_Kurla,20.543
PROP-A04B71776678,46,24,39,46,76.7,CPCB_MUM_Kurla,18.046
PROP-C482F0C0138C,46,24,39,46,76.7,CPCB_MUM_Kurla,15.681
PROP-73B0EE584383,40,21,35,40,72.0,CPCB_MUM_Bandra,35.356
PROP-6BC55AE9E00B,41,21,35,41,78.0,CPCB_MUM_Bandra,32.46
PROP-E2E010224116,115,64,105,115,67.7,CPCB_MUM_Bandra,22.831
PROP-162928B59E85,48,26,43,48,75.3,CPCB_MUM_Bandra,22.831
PROP-149E61D879A1,48,26,43,48,75.3,CPCB_MUM_Bandra,31.262
PROP-1BCEAED95EF1,47,25,42,47,81.3,CPCB_MUM_Kurla,22.981
PROP-83B0D688FCB6,116,66,109,116,69.0,CPCB_MUM_Bandra,33.132
PROP-3D89713DED69,115,64,105,115,67.7,CPCB_MUM_Bandra,3.525
PROP-7FC5588EC66C,94,50,82,94,96.0,CPCB_MUM_Bandra,32.46
PROP-6260D90FA220,41,21,35,41,78.0,CPCB_MUM_Bandra,12.709
PROP-CAC8EE55D7D0,44,23,39,44,75.7,CPCB_MUM_Kurla,33.534
PROP-8EE9ED02626D,48,26,43,48,75.3,CPCB_MUM_Bandra,22.394
PROP-BAE9AFA9D428,85,48,79,85,90.0,CPCB_MUM_Bandra,35.356
PROP-91854D9CDCFF,102,58,95,102,63.7,CPCB_MUM_Bandra,4.301
PROP-61DD281C3C02,118,66,108,118,70.3,CPCB_MUM_Kurla,41.68
PROP-12FDBB03E59C,94,50,82,94,96.0,CPCB_MUM_Bandra,23.151
PROP-C0771089CB98,41,21,35,41,78.0,CPCB_MUM_Bandra,31.366
PROP-0A930D4B354D,118,66,108,118,70.3,CPCB_MUM_Kurla,8.837
PROP-FB79FF41B652,121,66,108,121,72.3,CPCB_MUM_Kurla,22.208
PROP-8F532A2CFE26,118,66,108,118,70.3,CPCB_MUM_Kurla,33.534
PROP-AC20B4133F0E,148,81,133,148,146.3,CPCB_MUM_Bandra,22.831
PROP-44ADCE3DC10E,116,66,109,116,69.0,CPCB_MUM_Bandra,31.366
PROP-72952F57BFFE,94,50,82,94,96.0,CPCB_MUM_Bandra,31.366
PROP-E4E7E7BF351C,158,89,146,158,155.7,CPCB_MUM_Bandra,17.243
PROP-607972EC812B,156,87,143,156,143.0,CPCB_MUM_Bandra,3.525
PROP-0C63733F9348,44,23,39,44,75.7,CPCB_MUM_Kurla,41.68
PROP-7F727D08589D,100,53,88,100,108.7,CPCB_MUM_Kurla,11.548
PROP-1D9181D21035,90,48,79,90,96.3,CPCB_MUM_Bandra,22.385
PROP-97E53FC091B7,102,58,95,102,63.7,CPCB_MUM_Bandra,31.262
PROP-72FE921D8962,112,59,96,112,66.0,CPCB_MUM_Bandra,23.513
PROP-67DB6EB57F35,51,26,44,51,80.0,CPCB_MUM_Kurla,10.278
PROP-1099A5AF42E4,148,81,133,148,146.3,CPCB_MUM_Bandra,12.709
PROP-9F55938BC3D1,106,55,90,106,63.0,CPCB_MUM_Bandra,33.132
PROP-AEE9C67326B9,115,64,105,115,67.7,CPCB_MUM_Bandra,31.366
PROP-A3ECEAB89847,85,45,74,85,98.7,CPCB_MUM_Bandra,30.698
PROP-2BE8DF9818B4,141,80,131,141,141.0,CPCB_MUM_Bandra,24.568
PROP-D79EBCD647BE,158,89,146,158,155.7,CPCB_MUM_Bandra,17.243
PROP-9E31BDD3BE78,159,90,148,159,153.0,CPCB_MUM_Kurla,33.534
PROP-01258CD888CC,40,21,35,40,72.0,CPCB_MUM_Bandra,18.567
PROP-D08BE2FD17EC,116,66,109,116,69.0,CPCB_MUM_Bandra,21.901
PROP-BBEA5368ECC7,91,50,82,91,95.3,CPCB_MUM_Kurla,41.68
PROP-553C1F9E4CF9,159,89,145,159,149.7,CPCB_MUM_Kurla,18.551
PROP-1B81B21BC57D,141,80,131,141,141.0,CPCB_MUM_Bandra,33.132
PROP-E01973B6F415,116,66,109,116,69.0,CPCB_MUM_Bandra,8.208
PROP-8A4633ADC1B2,89,51,84,89,99.0,CPCB_MUM_Bandra,37.194
PROP-542BA591D839,47,25,42,47,81.3,CPCB_MUM_Kurla,15.681
PROP-5C078D87A83E,44,23,38,44,76.7,CPCB_MUM_Kurla,27.893
PROP-2A769A307CE7,43,22,37,43,75.3,CPCB_MUM_Bandra,22.831
PROP-CBCE74771232,51,26,44,51,80.0,CPCB_MUM_Kurla,33.534
PROP-FA1B297E82AD,148,81,133,148,146.3,CPCB_MUM_Bandra,31.366
PROP-CE7756D4EFF3,85,48,79,85,90.0,CPCB_MUM_Bandra,16.908
PROP-77D9BC9AE78E,91,52,85,91,94.0,CPCB_MUM_Kurla,18.551
PROP-D0CEE156D92B,164,85,140,164,160.3,CPCB_MUM_Kurla,35.794
PROP-245995EFBD96,44,23,39,44,75.7,CPCB_MUM_Kurla,10.278
PROP-ED6F9CE98BC5,102,56,92,102,105.7,CPCB_MUM_Kurla,1.327
PROP-3D97A0EC7E78,118,66,108,118,70.3,CPCB_MUM_Kurla,15.681
PROP-FD79C9BA40DA,46,24,39,46,76.7,CPCB_MUM_Kurla,33.828
PROP-D13F0A36E8E7,116,66,109,116,69.0,CPCB_MUM_Bandra,17.243
PROP-C5EC0EB424D6,118,66,108,118,70.3,CPCB_MUM_Kurla,1.327
PROP-A96EBD09271C,91,50,82,91,95.3,CPCB_MUM_Kurla,3.421
PROP-27FA5E04CEF3,141,80,131,141,141.0,CPCB_MUM_Bandra,38.144
PROP-6811ADFE30BE,44,25,41,44,77.3,CPCB_MUM_Bandra,25.33
PROP-5127D43643C2,85,48,79,85,90.0,CPCB_MUM_Bandra,31.366
PROP-013061E0BB36,85,45,74,85,98.7,CPCB_MUM_Bandra,31.262
PROP-3A16D4BDE975,85,45,74,85,98.7,CPCB_MUM_Bandra,3.525
PROP-25D16C828562,112,59,96,112,66.0,CPCB_MUM_Bandra,6.949
PROP-90BE8D7810AB,156,87,143,156,143.0,CPCB_MUM_Bandra,28.227
PROP-3EBE0C919F8C,44,23,38,44,76.7,CPCB_MUM_Kurla,26.603
PROP-7F02FB844401,40,21,35,40,72.0,CPCB_MUM_Bandra,12.709
PROP-C9B59F3CC024,141,80,131,141,150.0,CPCB_MUM_Kurla,22.208
PROP-CE9DBBB2B8B3,90,48,79,90,96.3,CPCB_MUM_Bandra,31.366
PROP-471D81F48705,46,24,39,46,76.7,CPCB_MUM_Kurla,22.208
PROP-6ECDB07B3D50,116,66,109,116,69.0,CPCB_MUM_Bandra,35.159
PROP-CA5A987CC7B7,156,87,143,156,143.0,CPCB_MUM_Bandra,25.33
PROP-1407A5E7E5E9,47,25,42,47,81.3,CPCB_MUM_Kurla,22.208
PROP-9FBA8CE18656,117,65,107,117,71.0,CPCB_MUM_Kurla,18.551
PROP-1209BC2B4606,164,85,140,164,160.3,CPCB_MUM_Kurla,10.278
PROP-B7C5B203B054,85,45,74,85,98.7,CPCB_MUM_Bandra,25.33
PROP-1F0A04DC6A38,47,25,42,47,81.3,CPCB_MUM_Kurla,27.148
PROP-15F1206DC466,100,53,88,100,108.7,CPCB_MUM_Kurla,22.208
PROP-BA2A9EAE78C5,89,51,84,89,99.0,CPCB_MUM_Bandra,9.041
PROP-366F9DBC2FF7,103,54,88,103,65.7,CPCB_MUM_Kurla,19.994
PROP-D893827C1300,85,45,74,85,98.7,CPCB_MUM_Bandra,31.366
PROP-EB13C294EEA3,51,26,44,51,80.0,CPCB_MUM_Kurla,33.534
PROP-FF620FFE1D6E,102,56,92,102,105.7,CPCB_MUM_Kurla,39.773
PROP-1F1E8DEFC8CF,100,53,88,100,108.7,CPCB_MUM_Kurla,41.68
PROP-BA6EE9AAAE81,90,48,79,90,96.3,CPCB_MUM_Bandra,32.46
PROP-941ED0D49123,102,56,92,102,105.7,CPCB_MUM_Kurla,39.773
PROP-CED7920EB1D2,116,66,109,116,69.0,CPCB_MUM_Bandra,32.46
PROP-0FE92B2AECAA,148,81,133,148,146.3,CPCB_MUM_Bandra,17.243
PROP-43353548EC49,103,54,88,103,65.7,CPCB_MUM_Kurla,22.208
PROP-1F4B6989268C,119,62,102,119,72.0,CPCB_MUM_Kurla,40.519
PROP-79A744443B16,116,66,109,116,69.0,CPCB_MUM_Bandra,22.831
PROP-04FCD9EE4097,85,45,74,85,98.7,CPCB_MUM_Bandra,17.243
PROP-FC8B46190307,116,66,109,116,69.0,CPCB_MUM_Bandra,16.008
PROP-CB65A0129994,48,26,43,48,75.3,CPCB_MUM_Bandra,23.301
PROP-D1CFACF30BD4,100,53,88,100,108.7,CPCB_MUM_Kurla,10.278
PROP-6490DE9E6464,85,45,74,85,98.7,CPCB_MUM_Bandra,12.709
PROP-9A6EA230CA14,51,26,44,51,80.0,CPCB_MUM_Kurla,9.079
PROP-7BFA51A422B0,46,24,39,46,76.7,CPCB_MUM_Kurla,39.773
PROP-0F432E842175,106,55,90,106,63.0,CPCB_MUM_Bandra,3.525
PROP-D4977CFD05A1,94,50,82,94,96.0,CPCB_MUM_Bandra,3.525
PROP-DAF2BCF7EB14,89,51,84,89,99.0,CPCB_MUM_Bandra,21.901
PROP-0BC7279CC057,44,23,39,44,75.7,CPCB_MUM_Kurla,18.551
PROP-DDE1118BA43F,116,66,109,116,69.0,CPCB_MUM_Bandra,32.46
PROP-E55772E42796,158,89,146,158,155.7,CPCB_MUM_Bandra,1.979
PROP-21626AB95D4C,159,89,145,159,149.7,CPCB_MUM_Kurla,10.278
PROP-74067F20DFEA,148,81,133,148,146.3,CPCB_MUM_Bandra,13.76
PROP-6C290DF720FF,103,54,88,103,65.7,CPCB_MUM_Kurla,23.843
PROP-4617F9ADE719,106,55,90,106,63.0,CPCB_MUM_Bandra,32.46
PROP-E1054D39380F,89,51,84,89,99.0,CPCB_MUM_Bandra,16.908
PROP-D42257042F9B,158,89,146,158,155.7,CPCB_MUM_Bandra,32.46
PROP-6D917817D804,90,48,79,90,96.3,CPCB_MUM_Bandra,3.24
PROP-6BD0FCF95D48,159,90,148,159,153.0,CPCB_MUM_Kurla,9.079
PROP-C7E7CCC0BCC8,40,21,35,40,72.0,CPCB_MUM_Bandra,7.689
PROP-CA03EEF166DC,95,53,87,95,96.7,CPCB_MUM_Kurla,11.548
PROP-1128B1CDE4CD,117,65,107,117,71.0,CPCB_MUM_Kurla,23.689
PROP-25D33CB39962,119,62,102,119,72.0,CPCB_MUM_Kurla,8.968
PROP-FBE4CD09B6D9,51,26,44,51,80.0,CPCB_MUM_Kurla,10.278
PROP-3E031471AF46,102,56,92,102,105.7,CPCB_MUM_Kurla,10.278
PROP-946358F6A04B,40,21,35,40,72.0,CPCB_MUM_Bandra,33.132
PROP-24E57BC43404,44,25,41,44,77.3,CPCB_MUM_Bandra,24.568
PROP-10FF97BD96EC,41,21,35,41,78.0,CPCB_MUM_Bandra,12.709
PROP-3DD8EAD62FF1,48,26,43,48,75.3,CPCB_MUM_Bandra,12.709
PROP-0ADF59DF270A,89,51,84,89,99.0,CPCB_MUM_Bandra,22.608
PROP-B9E7851424C5,106,55,90,106,63.0,CPCB_MUM_Bandra,32.46
PROP-25A18B6CCB35,159,90,148,159,153.0,CPCB_MUM_Kurla,18.551
PROP-34C578F26CD3,95,53,87,95,96.7,CPCB_MUM_Kurla,19.994
PROP-358C615749A0,158,89,146,158,155.7,CPCB_MUM_Bandra,37.032
PROP-63505DE2FE11,43,22,37,43,75.3,CPCB_MUM_Bandra,17.243
PROP-5BCBEC3D6FE3,90,48,79,90,96.3,CPCB_MUM_Bandra,8.79
PROP-52E8921D87C9,44,23,39,44,75.7,CPCB_MUM_Kurla,1.327
PROP-FA67C68A2211,40,21,35,40,72.0,CPCB_MUM_Bandra,3.525
PROP-96B4BA7FF48C,44,25,41,44,77.3,CPCB_MUM_Bandra,31.366
PROP-1E41F69F882D,89,51,84,89,99.0,CPCB_MUM_Bandra,23.301
PROP-1FF64B81A29C,141,80,131,141,141.0,CPCB_MUM_Bandra,31.366
PROP-B8A27873157B,90,48,79,90,96.3,CPCB_MUM_Bandra,31.262
PROP-60DDF5E52837,43,22,37,43,75.3,CPCB_MUM_Bandra,23.151
PROP-0478D30E29DB,148,81,133,148,146.3,CPCB_MUM_Bandra,31.262
PROP-77A7CDAF1775,159,89,145,159,149.7,CPCB_MUM_Kurla,18.651
PROP-2EE59078B7AB,116,66,109,116,69.0,CPCB_MUM_Bandra,22.608
PROP-EDD43EEEE096,116,66,109,116,69.0,CPCB_MUM_Bandra,32.46
PROP-CA875D670019,47,25,42,47,81.3,CPCB_MUM_Kurla,15.681
PROP-963BD9F8B9DA,115,64,105,115,67.7,CPCB_MUM_Bandra,35.159
PROP-3745200C549A,121,66,108,121,72.3,CPCB_MUM_Kurla,39.773
PROP-8EB70C8D93B1,100,53,88,100,108.7,CPCB_MUM_Kurla,15.681
PROP-FAA8FAA8D75E,89,51,84,89,99.0,CPCB_MUM_Bandra,31.262
PROP-0C2D8348F5F4,102,58,95,102,63.7,CPCB_MUM_Bandra,22.394
PROP-AB277A2F6760,41,21,35,41,78.0,CPCB_MUM_Bandra,17.742
PROP-A8C8F1A3E704,40,21,35,40,72.0,CPCB_MUM_Bandra,17.243
PROP-697F52CC0CD8,156,87,143,156,143.0,CPCB_MUM_Bandra,32.46
PROP-5AF47DFD9607,48,26,43,48,75.3,CPCB_MUM_Bandra,28.227
PROP-0CACA712A6C0,141,80,131,141,150.0,CPCB_MUM_Kurla,14.841
PROP-BC66A060CCEC,112,59,96,112,66.0,CPCB_MUM_Bandra,22.385
PROP-D96FBBE7B59D,103,54,88,103,65.7,CPCB_MUM_Kurla,15.681
PROP-D27635A55529,112,59,96,112,66.0,CPCB_MUM_Bandra,17.243
PROP-2F533F915410,103,54,88,103,65.7,CPCB_MUM_Kurla,8.968
PROP-D3FD8952F946,90,48,79,90,96.3,CPCB_MUM_Bandra,23.126
PROP-AA91C92545C6,51,26,44,51,80.0,CPCB_MUM_Kurla,24.834
PROP-64AC21BD8528,44,23,38,44,76.7,CPCB_MUM_Kurla,15.681
PROP-CDAC09CFB29D,44,23,38,44,76.7,CPCB_MUM_Kurla,22.208
PROP-B070430A7166,159,89,145,159,149.7,CPCB_MUM_Kurla,35.794
PROP-C3C94C847E99,41,21,35,41,78.0,CPCB_MUM_Bandra,32.46
PROP-DE0577CA5310,121,66,108,121,72.3,CPCB_MUM_Kurla,27.893
PROP-FE4FE3C0A389,47,25,42,47,81.3,CPCB_MUM_Kurla,10.278
PROP-9D4754C85C1E,43,22,37,43,75.3,CPCB_MUM_Bandra,16.008
PROP-B6C2100B7DC5,159,89,145,159,149.7,CPCB_MUM_Kurla,3.421
PROP-6579F4C61D72,91,52,85,91,94.0,CPCB_MUM_Kurla,18.651
PROP-DC4572E06EA7,41,21,35,41,78.0,CPCB_MUM_Bandra,4.301
PROP-385318EBC959,90,48,79,90,96.3,CPCB_MUM_Bandra,17.243
PROP-F38FC6EC3F44,159,89,145,159,149.7,CPCB_MUM_Kurla,27.148
PROP-657AF83E5071,102,58,95,102,63.7,CPCB_MUM_Bandra,17.243
PROP-FEE395CEC9E8,91,52,85,91,94.0,CPCB_MUM_Kurla,1.327
PROP-B563E6E2F6AC,103,54,88,103,65.7,CPCB_MUM_Kurla,24.834
PROP-F1FE569E706A,100,53,88,100,108.7,CPCB_MUM_Kurla,8.837
PROP-F5A92DD12B75,85,45,74,85,98.7,CPCB_MUM_Bandra,32.46
PROP-4017B6DAB7F7,94,50,82,94,96.0,CPCB_MUM_Bandra,3.525
PROP-2DD6995D634E,119,62,102,119,72.0,CPCB_MUM_Kurla,10.278
PROP-BF048C0F6001,117,65,107,117,71.0,CPCB_MUM_Kurla,21.157
PROP-DF05C5D386FD,116,66,109,116,69.0,CPCB_MUM_Bandra,32.46
PROP-FAE928DC4E30,85,45,74,85,98.7,CPCB_MUM_Bandra,8.208
PROP-8615B34841A2,48,26,43,48,75.3,CPCB_MUM_Bandra,23.151
PROP-DE7A02A7E88E,115,64,105,115,67.7,CPCB_MUM_Bandra,3.525
PROP-355F5A9700EF,46,24,39,46,76.7,CPCB_MUM_Kurla,37.885
PROP-8080247CDD6E,89,51,84,89,99.0,CPCB_MUM_Bandra,28.494
PROP-8C6D6C01EDFA,118,66,108,118,70.3,CPCB_MUM_Kurla,35.794
PROP-603D325B5D47,118,66,108,118,70.3,CPCB_MUM_Kurla,14.841
PROP-576FA19068DD,85,45,74,85,98.7,CPCB_MUM_Bandra,11.351
PROP-5C31BAC504A7,159,90,148,159,153.0,CPCB_MUM_Kurla,29.585
PROP-ECAD9FC6670C,91,52,85,91,94.0,CPCB_MUM_Kurla,14.841
PROP-4616B1634E76,119,62,102,119,72.0,CPCB_MUM_Kurla,18.046
PROP-D4E571845A26,43,22,37,43,75.3,CPCB_MUM_Bandra,22.831
PROP-9F2379A49E29,106,55,90,106,63.0,CPCB_MUM_Bandra,31.262
PROP-12DF62562474,141,80,131,141,150.0,CPCB_MUM_Kurla,27.148
PROP-4EFBB80BE9AD,156,87,143,156,143.0,CPCB_MUM_Bandra,17.243
PROP-0B4557326C2F,90,48,79,90,96.3,CPCB_MUM_Bandra,4.301
PROP-5D81F260DB67,44,23,38,44,76.7,CPCB_MUM_Kurla,32.104
PROP-3BDA70E6083A,85,48,79,85,90.0,CPCB_MUM_Bandra,6.949
PROP-FB27563A3F1D,159,89,145,159,149.7,CPCB_MUM_Kurla,35.794
PROP-8D73224CA9EC,156,87,143,156,143.0,CPCB_MUM_Bandra,33.132
PROP-0E433BF520B9,47,25,42,47,81.3,CPCB_MUM_Kurla,3.421
PROP-978ED732319E,116,66,109,116,69.0,CPCB_MUM_Bandra,13.946
PROP-7FA23BE20721,106,55,90,106,63.0,CPCB_MUM_Bandra,22.385
PROP-445180817403,91,52,85,91,94.0,CPCB_MUM_Kurla,24.834
PROP-FA997F655BC0,156,87,143,156,143.0,CPCB_MUM_Bandra,32.46
PROP-653ACD2A7B93,44,23,39,44,75.7,CPCB_MUM_Kurla,15.681
PROP-9241600EE711,156,87,143,156,143.0,CPCB_MUM_Bandra,9.041
PROP-2BE5418288AF,85,48,79,85,90.0,CPCB_MUM_Bandra,31.366
PROP-C85DA3A4E545,44,23,39,44,75.7,CPCB_MUM_Kurla,15.681
PROP-585093BA4F92,116,66,109,116,69.0,CPCB_MUM_Bandra,31.366
PROP-CD35A675C82A,44,23,39,44,75.7,CPCB_MUM_Kurla,32.104
PROP-D907C3DC758A,102,56,92,102,105.7,CPCB_MUM_Kurla,18.465
PROP-CFF0EA0EB53F,90,48,79,90,96.3,CPCB_MUM_Bandra,25.33
PROP-1A7459447223,106,55,90,106,63.0,CPCB_MUM_Bandra,31.366
PROP-ED994EBD7749,159,89,145,159,149.7,CPCB_MUM_Kurla,41.68
PROP-1746E94BFE34,102,58,95,102,63.7,CPCB_MUM_Bandra,13.946
PROP-4F2F4998F8D1,44,23,39,44,75.7,CPCB_MUM_Kurla,17.543
PROP-28C2F600E44A,158,89,146,158,155.7,CPCB_MUM_Bandra,17.243
PROP-70388FDB47DB,159,89,145,159,149.7,CPCB_MUM_Kurla,17.543
PROP-FB3773D300D5,41,21,35,41,78.0,CPCB_MUM_Bandra,6.949
PROP-4265812D2CC5,40,21,35,40,72.0,CPCB_MUM_Bandra,13.76
PROP-730F495814D2,43,22,37,43,75.3,CPCB_MUM_Bandra,30.698
PROP-2EB5D03BFE48,44,23,38,44,76.7,CPCB_MUM_Kurla,33.534
PROP-7F48D057DBB2,158,89,146,158,155.7,CPCB_MUM_Bandra,4.301
PROP-266F88574844,91,50,82,91,95.3,CPCB_MUM_Kurla,33.534
PROP-2DBC56647DC2,121,66,108,121,72.3,CPCB_MUM_Kurla,17.805
PROP-ADD6FD5212FC,85,45,74,85,98.7,CPCB_MUM_Bandra,16.008
PROP-4B2819CCDC38,112,59,96,112,66.0,CPCB_MUM_Bandra,22.831
PROP-1E29DDE8FF88,159,90,148,159,153.0,CPCB_MUM_Kurla,10.278
PROP-F1B03E003A8A,141,80,131,141,141.0,CPCB_MUM_Bandra,31.262
PROP-47A453966843,164,85,140,164,160.3,CPCB_MUM_Kurla,23.689
PROP-D5B9DAA273EE,51,26,44,51,80.0,CPCB_MUM_Kurla,19.649
PROP-0E718A685505,141,80,131,141,150.0,CPCB_MUM_Kurla,1.327
PROP-D5DCF66C2DBD,159,89,145,159,149.7,CPCB_MUM_Kurla,22.208
PROP-C88DDC79562C,91,52,85,91,94.0,CPCB_MUM_Kurla,41.68
PROP-419D2EFB1A58,156,87,143,156,143.0,CPCB_MUM_Bandra,16.908
PROP-059014B5B61D,148,81,133,148,146.3,CPCB_MUM_Bandra,17.243
PROP-2B34FB8E876E,95,53,87,95,96.7,CPCB_MUM_Kurla,24.834
PROP-85D69DD65918,46,24,39,46,76.7,CPCB_MUM_Kurla,21.483
PROP-4446E4932B58,118,66,108,118,70.3,CPCB_MUM_Kurla,9.079
PROP-A2B02D48EF3E,85,45,74,85,98.7,CPCB_MUM_Bandra,17.243
PROP-D0890BC8397C,106,55,90,106,63.0,CPCB_MUM_Bandra,17.243
PROP-4F74446A2623,44,23,38,44,76.7,CPCB_MUM_Kurla,26.119
PROP-A864C74B41FE,46,24,39,46,76.7,CPCB_MUM_Kurla,39.773
PROP-56C0328671E4,46,24,39,46,76.7,CPCB_MUM_Kurla,17.543
PROP-D6496F234E61,91,50,82,91,95.3,CPCB_MUM_Kurla,10.278
PROP-0D1188F2BC55,115,64,105,115,67.7,CPCB_MUM_Bandra,37.032
PROP-CC97F3D0A12A,46,24,39,46,76.7,CPCB_MUM_Kurla,39.773
PROP-82909E36EF61,102,56,92,102,105.7,CPCB_MUM_Kurla,18.551
PROP-B186551EC717,90,48,79,90,96.3,CPCB_MUM_Bandra,17.243
PROP-5588C2AA4277,48,26,43,48,75.3,CPCB_MUM_Bandra,28.494
PROP-C70CCBEF9655,156,87,143,156,143.0,CPCB_MUM_Bandra,8.208
PROP-BCA17130396E,158,89,146,158,155.7,CPCB_MUM_Bandra,8.208
PROP-02FEB7AD4A96,85,48,79,85,90.0,CPCB_MUM_Bandra,22.831
PROP-96DA12BDDF27,102,56,92,102,105.7,CPCB_MUM_Kurla,11.548
PROP-016AF95DA081,94,50,82,94,96.0,CPCB_MUM_Bandra,30.698
PROP-153E4569EF6D,46,24,39,46,76.7,CPCB_MUM_Kurla,19.649
PROP-D0385303D714,106,55,90,106,63.0,CPCB_MUM_Bandra,31.366
PROP-C2D4853E6618,85,45,74,85,98.7,CPCB_MUM_Bandra,3.525
PROP-0E5379DB2A25,91,52,85,91,94.0,CPCB_MUM_Kurla,21.483
PROP-6BDC067FEE09,47,25,42,47,81.3,CPCB_MUM_Kurla,22.208
PROP-A95DBEC17D22,116,66,109,116,69.0,CPCB_MUM_Bandra,22.831
PROP-605C9D2BC20E,158,89,146,158,155.7,CPCB_MUM_Bandra,22.385
PROP-E45AA5402C95,102,56,92,102,105.7,CPCB_MUM_Kurla,18.651
PROP-09FFDA5CB7E5,159,90,148,159,153.0,CPCB_MUM_Kurla,23.058
PROP-EF83DF91592F,115,64,105,115,67.7,CPCB_MUM_Bandra,31.366
PROP-4467E558FDD8,118,66,108,118,70.3,CPCB_MUM_Kurla,9.079
PROP-0FF0C84AD871,91,52,85,91,94.0,CPCB_MUM_Kurla,31.697
PROP-B9A2B6E5A541,148,81,133,148,146.3,CPCB_MUM_Bandra,22.831
PROP-6E403C9D78F9,100,53,88,100,108.7,CPCB_MUM_Kurla,36.161
PROP-6099596917EE,106,55,90,106,63.0,CPCB_MUM_Bandra,16.908
PROP-8CD1E8C62C2C,115,64,105,115,67.7,CPCB_MUM_Bandra,31.366
PROP-23AF6966A1A5,121,66,108,121,72.3,CPCB_MUM_Kurla,5.671
PROP-7B206A4DC723,91,50,82,91,95.3,CPCB_MUM_Kurla,26.603
PROP-59E48F615D4C,116,66,109,116,69.0,CPCB_MUM_Bandra,24.464
PROP-4E9416B8A878,100,53,88,100,108.7,CPCB_MUM_Kurla,15.681
PROP-313D69609EFE,159,89,145,159,149.7,CPCB_MUM_Kurla,11.548
PROP-9935D03458D0,41,21,35,41,78.0,CPCB_MUM_Bandra,22.608
PROP-8C2E1F60497E,116,66,109,116,69.0,CPCB_MUM_Bandra,16.908
PROP-18F501F7179B,116,66,109,116,69.0,CPCB_MUM_Bandra,12.475
PROP-0D078C38E20A,159,90,148,159,153.0,CPCB_MUM_Kurla,41.68
PROP-66D9EA036B9D,100,53,88,100,108.7,CPCB_MUM_Kurla,21.483
PROP-68D2382FA0E8,115,64,105,115,67.7,CPCB_MUM_Bandra,22.831
PROP-485FD6CF5995,106,55,90,106,63.0,CPCB_MUM_Bandra,31.262
PROP-A8813CC81ABF,51,26,44,51,80.0,CPCB_MUM_Kurla,23.689
PROP-D179B76351D0,85,45,74,85,98.7,CPCB_MUM_Bandra,22.831
PROP-3B78ACCE1966,156,87,143,156,143.0,CPCB_MUM_Bandra,33.132
PROP-013ECE20BD3B,47,25,42,47,81.3,CPCB_MUM_Kurla,41.68
PROP-BD78AAC1453F,85,45,74,85,98.7,CPCB_MUM_Bandra,8.208
PROP-530F297245D2,119,62,102,119,72.0,CPCB_MUM_Kurla,7.664
PROP-8DA5B3866248,118,66,108,118,70.3,CPCB_MUM_Kurla,41.68
PROP-F0189C11D504,103,54,88,103,65.7,CPCB_MUM_Kurla,27.893
PROP-4CBA87BD7ADC,121,66,108,121,72.3,CPCB_MUM_Kurla,15.681
PROP-32EDFD6F235C,90,48,79,90,96.3,CPCB_MUM_Bandra,31.366
PROP-7B15A2DB20DA,156,87,143,156,143.0,CPCB_MUM_Bandra,37.194
PROP-9AA0E563C198,156,87,143,156,143.0,CPCB_MUM_Bandra,17.243
PROP-DED556BBB03E,141,80,131,141,150.0,CPCB_MUM_Kurla,39.773
PROP-07F9F767512E,102,56,92,102,105.7,CPCB_MUM_Kurla,10.278
PROP-BF205F31167D,44,25,41,44,77.3,CPCB_MUM_Bandra,8.208
PROP-FBC09BC163C6,40,21,35,40,72.0,CPCB_MUM_Bandra,3.525
PROP-691F8215D05B,85,45,74,85,98.7,CPCB_MUM_Bandra,33.132
PROP-2BFF44473EB5,41,21,35,41,78.0,CPCB_MUM_Bandra,17.243
PROP-0A6D232A3059,91,50,82,91,95.3,CPCB_MUM_Kurla,23.689
PROP-F624054B1AFB,44,23,38,44,76.7,CPCB_MUM_Kurla,22.208
PROP-3C594FB48F50,164,85,140,164,160.3,CPCB_MUM_Kurla,11.548
PROP-93B14E31125B,102,56,92,102,105.7,CPCB_MUM_Kurla,40.519
PROP-5EFB180BDD4C,115,64,105,115,67.7,CPCB_MUM_Bandra,41.064
PROP-67B13629AB3E,91,52,85,91,94.0,CPCB_MUM_Kurla,33.534
PROP-0429C055526A,44,23,38,44,76.7,CPCB_MUM_Kurla,36.161
PROP-72415857F3B1,44,23,39,44,75.7,CPCB_MUM_Kurla,18.046
PROP-920C6467D20F,106,55,90,106,63.0,CPCB_MUM_Bandra,8.79
PROP-F473F43F4D2F,47,25,42,47,81.3,CPCB_MUM_Kurla,23.058
PROP-241286BC0776,46,24,39,46,76.7,CPCB_MUM_Kurla,39.773
PROP-773F1D388265,102,56,92,102,105.7,CPCB_MUM_Kurla,19.649
PROP-B64F8C1AC39E,141,80,131,141,141.0,CPCB_MUM_Bandra,41.064
PROP-16E31BE5C7CD,141,80,131,141,150.0,CPCB_MUM_Kurla,15.681
PROP-CF44ACD96F92,164,85,140,164,160.3,CPCB_MUM_Kurla,23.058
PROP-910D61A7B3EA,44,23,38,44,76.7,CPCB_MUM_Kurla,37.885
PROP-7AB850E3384A,159,90,148,159,153.0,CPCB_MUM_Kurla,36.161
PROP-D7694BA0985D,94,50,82,94,96.0,CPCB_MUM_Bandra,35.159
PROP-3977AC71D1B3,43,22,37,43,75.3,CPCB_MUM_Bandra,37.194
PROP-5E6EF1C19DB0,148,81,133,148,146.3,CPCB_MUM_Bandra,6.949
PROP-A512FA6E41E8,43,22,37,43,75.3,CPCB_MUM_Bandra,31.366
PROP-EEDA4FBFA1FE,40,21,35,40,72.0,CPCB_MUM_Bandra,6.949
PROP-7B1BB69EE0AD,41,21,35,41,78.0,CPCB_MUM_Bandra,22.394
PROP-4E594875DD59,119,62,102,119,72.0,CPCB_MUM_Kurla,8.968
PROP-B93E5E4EE11F,102,58,95,102,63.7,CPCB_MUM_Bandra,37.194
PROP-5996095DEFCF,159,90,148,159,153.0,CPCB_MUM_Kurla,41.68
PROP-C708F56196B5,148,81,133,148,146.3,CPCB_MUM_Bandra,33.132
PROP-482F6DC30430,102,58,95,102,63.7,CPCB_MUM_Bandra,41.064
PROP-7D23E9E4A773,119,62,102,119,72.0,CPCB_MUM_Kurla,24.316
PROP-E4828B452023,148,81,133,148,146.3,CPCB_MUM_Bandra,23.151
PROP-04A53F1FAA6E,117,65,107,117,71.0,CPCB_MUM_Kurla,22.208
PROP-D6CB9021E0AA,95,53,87,95,96.7,CPCB_MUM_Kurla,23.843
PROP-0E0DC047702C,115,64,105,115,67.7,CPCB_MUM_Bandra,32.46
PROP-B75B4EE13A9B,159,90,148,159,153.0,CPCB_MUM_Kurla,17.805
PROP-6891D0BC5DA2,91,50,82,91,95.3,CPCB_MUM_Kurla,11.548
PROP-236C4C902FE3,118,66,108,118,70.3,CPCB_MUM_Kurla,29.585
PROP-6F9BC3E11E38,102,58,95,102,63.7,CPCB_MUM_Bandra,8.208
PROP-547170BF5ABC,85,45,74,85,98.7,CPCB_MUM_Bandra,31.366
PROP-0990AC2066F0,121,66,108,121,72.3,CPCB_MUM_Kurla,27.148
PROP-B326491D52F2,159,90,148,159,153.0,CPCB_MUM_Kurla,27.148
PROP-CBA5C4B40708,47,25,42,47,81.3,CPCB_MUM_Kurla,24.834
PROP-4B9033E54CCD,44,25,41,44,77.3,CPCB_MUM_Bandra,34.953
PROP-49D7D2219B66,40,21,35,40,72.0,CPCB_MUM_Bandra,8.79
PROP-AB59F6CAC990,46,24,39,46,76.7,CPCB_MUM_Kurla,23.689
PROP-90B9FBC4D8BB,90,48,79,90,96.3,CPCB_MUM_Bandra,22.394
PROP-AD11BE30C725,48,26,43,48,75.3,CPCB_MUM_Bandra,22.831
PROP-CD7618607C6C,102,58,95,102,63.7,CPCB_MUM_Bandra,22.831
PROP-DB676A101350,46,24,39,46,76.7,CPCB_MUM_Kurla,27.893
PROP-713228560DE9,44,23,38,44,76.7,CPCB_MUM_Kurla,23.689
PROP-42F89BCF7CD3,91,50,82,91,95.3,CPCB_MUM_Kurla,23.843
PROP-0439761DB2A6,94,50,82,94,96.0,CPCB_MUM_Bandra,16.908
PROP-C025F361CDD8,95,53,87,95,96.7,CPCB_MUM_Kurla,11.548
PROP-02E4E703737D,44,25,41,44,77.3,CPCB_MUM_Bandra,41.064
PROP-8C5EE2DFA40C,40,21,35,40,72.0,CPCB_MUM_Bandra,6.949
PROP-6A5E6F1022AF,106,55,90,106,63.0,CPCB_MUM_Bandra,16.908
PROP-2FE1F61819E4,141,80,131,141,141.0,CPCB_MUM_Bandra,16.908
PROP-50C63185E08A,85,48,79,85,90.0,CPCB_MUM_Bandra,16.908
PROP-9500E4C50713,85,48,79,85,90.0,CPCB_MUM_Bandra,37.194
PROP-47F46EE66611,41,21,35,41,78.0,CPCB_MUM_Bandra,22.831
PROP-B1F70EA0D713,116,66,109,116,69.0,CPCB_MUM_Bandra,30.698
PROP-1DA43B0AC4F2,46,24,39,46,76.7,CPCB_MUM_Kurla,40.519
PROP-15A874A0ACEB,148,81,133,148,146.3,CPCB_MUM_Bandra,12.709
PROP-AFE9F8DD2815,159,89,145,159,149.7,CPCB_MUM_Kurla,21.157
PROP-F89FB57BDD69,44,23,38,44,76.7,CPCB_MUM_Kurla,36.161
PROP-F41DDF27AAE0,141,80,131,141,150.0,CPCB_MUM_Kurla,31.697
PROP-FBC7652F8063,100,53,88,100,108.7,CPCB_MUM_Kurla,18.046
PROP-EE9A4DA8C048,43,22,37,43,75.3,CPCB_MUM_Bandra,33.132
PROP-2B613F65D2BB,95,53,87,95,96.7,CPCB_MUM_Kurla,35.794
PROP-C43290AADE00,141,80,131,141,150.0,CPCB_MUM_Kurla,18.046
PROP-83677B40E538,141,80,131,141,150.0,CPCB_MUM_Kurla,27.893
PROP-84F4094D3BC3,85,45,74,85,98.7,CPCB_MUM_Bandra,4.301
PROP-416A3CB02077,121,66,108,121,72.3,CPCB_MUM_Kurla,39.773
PROP-02AAB3DF968A,148,81,133,148,146.3,CPCB_MUM_Bandra,22.831
PROP-C580C512F231,116,66,109,116,69.0,CPCB_MUM_Bandra,31.262
PROP-94598A0A6FAF,48,26,43,48,75.3,CPCB_MUM_Bandra,24.568
PROP-2A9F8298C55A,159,90,148,159,153.0,CPCB_MUM_Kurla,22.208
PROP-5E7E8970D6A6,102,56,92,102,105.7,CPCB_MUM_Kurla,33.534
PROP-0AE7ADF42C0E,100,56,91,100,111.7,CPCB_CCU_Bidhannagar,21.852
PROP-E9FC6AAC2937,126,68,112,126,76.0,CPCB_CCU_Bidhannagar,12.08
PROP-1033507BFDEF,42,23,38,42,80.0,CPCB_CCU_Victoria,26.162
PROP-1851639C2FFF,51,27,45,51,81.3,CPCB_CCU_Bidhannagar,1.52
PROP-9FF0AD022079,161,90,147,161,161.0,CPCB_CCU_Victoria,13.605
PROP-553D584E0F27,166,88,144,166,159.7,CPCB_CCU_Bidhannagar,2.394
PROP-AA759B17F4D9,154,81,133,154,171.3,CPCB_CCU_Bidhannagar,19.507
PROP-B3DB3E97A2AB,119,64,104,119,71.3,CPCB_CCU_Victoria,16.983
PROP-7CDB8D9895ED,100,56,91,100,111.7,CPCB_CCU_Bidhannagar,10.405
PROP-E6678945C195,46,24,39,46,80.0,CPCB_CCU_Victoria,11.237
PROP-08E7410F6F56,114,62,101,114,75.0,CPCB_CCU_Bidhannagar,1.52
PROP-24299B2921B9,119,64,104,119,71.3,CPCB_CCU_Victoria,18.776
PROP-15C39A1AF935,100,56,91,100,111.7,CPCB_CCU_Bidhannagar,24.706
PROP-4C949159CC3F,162,89,145,162,167.3,CPCB_CCU_Bidhannagar,12.08
PROP-FF8B166821F6,154,81,133,154,171.3,CPCB_CCU_Bidhannagar,15.416
PROP-F60F3E2D176E,118,62,101,118,72.3,CPCB_CCU_Bidhannagar,12.602
PROP-BA9E56614218,57,32,53,57,91.0,CPCB_CCU_Bidhannagar,24.706
PROP-5E22F115F280,126,68,112,126,76.0,CPCB_CCU_Bidhannagar,4.72
PROP-F1F6A1ED4753,106,55,90,106,114.3,CPCB_CCU_Bidhannagar,12.214
PROP-76CEA6DE30E9,118,62,101,118,72.3,CPCB_CCU_Bidhannagar,4.72
PROP-36F18A0592F4,111,62,102,111,113.0,CPCB_CCU_Bidhannagar,23.582
PROP-49626E80478B,42,23,38,42,80.0,CPCB_CCU_Victoria,10.834
PROP-7336E54EF2B4,106,58,95,106,105.7,CPCB_CCU_Bidhannagar,15.391
PROP-3AE722BB2CDF,169,96,158,169,173.7,CPCB_CCU_Bidhannagar,2.394
PROP-13BAC6FC637F,106,55,90,106,114.3,CPCB_CCU_Bidhannagar,22.7
PROP-4F4EDDE838F5,128,71,117,128,75.3,CPCB_CCU_Bidhannagar,17.323
PROP-CDBA4E6F9905,85,49,80,85,94.3,CPCB_CCU_Victoria,10.834
PROP-5FC8AE404441,152,80,131,152,150.0,CPCB_CCU_Victoria,19.02
PROP-9AD2EA5E771F,51,27,45,51,81.3,CPCB_CCU_Bidhannagar,13.968
PROP-CD3C9C50AB03,126,68,112,126,76.0,CPCB_CCU_Bidhannagar,1.52
PROP-B784F75484D8,42,23,38,42,80.0,CPCB_CCU_Victoria,23.139
PROP-C316A15BDC66,53,27,45,53,87.0,CPCB_CCU_Bidhannagar,12.08
PROP-CB2E79DA9387,48,25,42,48,90.3,CPCB_CCU_Bidhannagar,2.394
PROP-9F7679A5D170,106,58,95,106,105.7,CPCB_CCU_Bidhannagar,1.52
PROP-F440D7179CF3,118,62,101,118,72.3,CPCB_CCU_Bidhannagar,14.489
PROP-8B0A281F6F67,114,62,101,114,75.0,CPCB_CCU_Bidhannagar,14.489
PROP-CEE426E3F810,128,71,117,128,75.3,CPCB_CCU_Bidhannagar,4.745
PROP-0E387843AA56,42,23,38,42,80.0,CPCB_CCU_Victoria,19.416
PROP-019F3655CAD4,115,63,103,115,70.7,CPCB_CCU_Bidhannagar,2.394
PROP-624B54066F73,117,61,101,117,71.7,CPCB_CCU_Victoria,13.043
PROP-C325827617D3,126,68,112,126,76.0,CPCB_CCU_Bidhannagar,27.172
PROP-9FA3DC6C1BDE,126,68,112,126,76.0,CPCB_CCU_Bidhannagar,4.72
PROP-35167E7F7B55,106,55,90,106,114.3,CPCB_CCU_Bidhannagar,12.214
PROP-62F4E3613B3C,119,68,111,119,69.7,CPCB_CCU_Victoria,18.776
PROP-1BF79E1A13C3,115,63,103,115,70.7,CPCB_CCU_Bidhannagar,24.309
PROP-4A17E09386D3,104,57,94,104,100.3,CPCB_CCU_Victoria,11.22
PROP-6E48515068CD,114,62,101,114,75.0,CPCB_CCU_Bidhannagar,10.781
PROP-E796F9A9C029,57,32,53,57,91.0,CPCB_CCU_Bidhannagar,4.72
PROP-202AF54D5DFD,42,23,38,42,80.0,CPCB_CCU_Victoria,19.38
PROP-9B66A02D0630,57,32,53,57,91.0,CPCB_CCU_Bidhannagar,3.429
PROP-24E95C502029,108,56,92,108,106.3,CPCB_CCU_Bidhannagar,6.015
PROP-A65D4022BCB0,46,24,39,46,80.0,CPCB_CCU_Victoria,13.043
PROP-B03B0CA4817E,154,81,133,154,171.3,CPCB_CCU_Bidhannagar,8.157
PROP-58B7AE50D315,46,24,39,46,80.3,CPCB_CCU_Victoria,8.144
PROP-3E1764E34127,57,32,53,57,91.0,CPCB_CCU_Bidhannagar,3.429
PROP-30E5D38DD361,166,88,144,166,159.7,CPCB_CCU_Bidhannagar,8.409
PROP-5813DB9C761A,115,63,103,115,70.7,CPCB_CCU_Bidhannagar,12.08
PROP-DC01DEE1AC33,53,27,45,53,87.0,CPCB_CCU_Bidhannagar,24.706
PROP-F57AB92907EF,48,25,42,48,90.3,CPCB_CCU_Bidhannagar,4.674
PROP-AEC989B18861,118,62,101,118,72.3,CPCB_CCU_Bidhannagar,12.214
PROP-7C42082F905C,114,62,101,114,75.0,CPCB_CCU_Bidhannagar,15.425
PROP-56AF0594D7A6,94,50,82,94,104.7,CPCB_CCU_Victoria,11.994
PROP-9F3B18B83DDB,169,96,158,169,173.7,CPCB_CCU_Bidhannagar,8.157
PROP-2F688BDC3ED3,118,62,101,118,72.3,CPCB_CCU_Bidhannagar,10.405
PROP-4873F205FC38,53,27,45,53,87.0,CPCB_CCU_Bidhannagar,1.52
PROP-2375C3E7756E,111,62,102,111,113.0,CPCB_CCU_Bidhannagar,3.429
PROP-C7B62A24327E,106,58,95,106,105.7,CPCB_CCU_Bidhannagar,13.376
PROP-85C9417C071B,166,88,144,166,159.7,CPCB_CCU_Bidhannagar,2.563
PROP-3379FC13E4D8,100,56,91,100,111.7,CPCB_CCU_Bidhannagar,13.376
PROP-BD39A4AD9F75,99,51,84,99,97.3,CPCB_CCU_Victoria,19.02
PROP-4EC8AB1155EF,166,88,144,166,159.7,CPCB_CCU_Bidhannagar,6.812
PROP-F6E7B55FCFAE,126,68,112,126,76.0,CPCB_CCU_Bidhannagar,1.52
PROP-FD153BE03388,166,88,144,166,159.7,CPCB_CCU_Bidhannagar,3.429
PROP-0CD99260AC4A,114,62,101,114,75.0,CPCB_CCU_Bidhannagar,15.406
PROP-A10851D26DBC,53,27,45,53,87.0,CPCB_CCU_Bidhannagar,24.309
PROP-9ADE24823600,46,24,39,46,80.0,CPCB_CCU_Victoria,10.834
PROP-47C446F8EA16,46,24,39,46,80.3,CPCB_CCU_Victoria,18.643
PROP-4E82DD1E924C,47,24,40,47,76.3,CPCB_CCU_Victoria,11.729
PROP-8231D2B5FCB4,51,27,45,51,81.3,CPCB_CCU_Bidhannagar,24.706
PROP-83EE92FF8502,145,82,135,145,145.3,CPCB_CCU_Victoria,19.02
PROP-92150372A3EC,128,71,117,128,75.3,CPCB_CCU_Bidhannagar,22.788
PROP-6016E7B67306,117,61,101,117,71.7,CPCB_CCU_Victoria,10.834
PROP-2E6FB4A9D3AE,42,23,38,42,80.0,CPCB_CCU_Victoria,5.552
PROP-D7149F5ACCC3,161,90,147,161,161.0,CPCB_CCU_Victoria,17.097
PROP-24AF12571C0A,47,25,42,47,80.0,CPCB_CCU_Victoria,11.22
PROP-C30F74F8215D,99,51,84,99,97.3,CPCB_CCU_Victoria,15.652
PROP-BCE9552F6DC2,126,68,112,126,76.0,CPCB_CCU_Bidhannagar,26.759
PROP-9DECA5C597F4,128,71,117,128,75.3,CPCB_CCU_Bidhannagar,4.72
PROP-12559D27A1AA,158,83,136,158,157.3,CPCB_CCU_Victoria,30.514
PROP-E39591DB49A6,154,81,133,154,171.3,CPCB_CCU_Bidhannagar,18.348
PROP-3469C7523B2C,158,83,136,158,157.3,CPCB_CCU_Victoria,14.72
PROP-ED8FBD604D30,106,58,95,106,105.7,CPCB_CCU_Bidhannagar,15.391
PROP-44B3E75AF8EE,42,23,38,42,80.0,CPCB_CCU_Victoria,6.952
PROP-F1E0B4DF171D,116,66,109,116,68.7,CPCB_CCU_Victoria,4.429
PROP-710C345E87A3,93,51,84,93,98.0,CPCB_CCU_Victoria,21.747
PROP-209599AF8803,161,90,147,161,161.0,CPCB_CCU_Victoria,4.138
PROP-14EA2D0D4F1A,108,56,92,108,106.3,CPCB_CCU_Bidhannagar,21.415
PROP-10A1A286AF58,114,62,101,114,75.0,CPCB_CCU_Bidhannagar,2.247
PROP-97161B865FA1,46,24,39,46,80.3,CPCB_CCU_Victoria,10.834
PROP-91AD8B00D735,57,32,53,57,91.0,CPCB_CCU_Bidhannagar,2.247
PROP-CC1B211EAA4D,42,23,38,42,80.0,CPCB_CCU_Victoria,19.38
PROP-75C16A76EB68,47,25,42,47,80.0,CPCB_CCU_Victoria,11.237
PROP-756995A4DB5E,47,25,42,47,80.0,CPCB_CCU_Victoria,19.02
PROP-746D24328ED4,118,62,101,118,72.3,CPCB_CCU_Bidhannagar,18.809
PROP-958AD368D7B0,116,66,109,116,68.7,CPCB_CCU_Victoria,23.139
PROP-DD2E0676A4DF,116,66,109,116,68.7,CPCB_CCU_Victoria,8.144
PROP-553F926BF1AF,115,63,103,115,70.7,CPCB_CCU_Bidhannagar,24.706
PROP-824EFD6D0A7A,114,65,107,114,69.7,CPCB_CCU_Victoria,11.237
PROP-4FDDD422AB26,106,58,95,106,105.7,CPCB_CCU_Bidhannagar,17.548
PROP-1971A228467D,48,25,42,48,90.3,CPCB_CCU_Bidhannagar,12.214
PROP-01DEAD99037B,57,32,53,57,91.0,CPCB_CCU_Bidhannagar,1.52
PROP-D6EDFDC0FBD2,57,32,53,57,91.0,CPCB_CCU_Bidhannagar,18.362
PROP-5E82A59CB247,128,71,117,128,75.3,CPCB_CCU_Bidhannagar,1.52
PROP-8016D1DA55B4,42,23,38,42,80.0,CPCB_CCU_Victoria,8.196
PROP-89F54F900D90,100,56,91,100,111.7,CPCB_CCU_Bidhannagar,15.425
PROP-38BB3060ABC8,93,51,84,93,98.0,CPCB_CCU_Victoria,18.643
PROP-E48C7031881B,104,57,94,104,100.3,CPCB_CCU_Victoria,10.834
PROP-C0337393EF98,111,62,102,111,113.0,CPCB_CCU_Bidhannagar,1.52
PROP-58D90B8CF302,152,80,131,152,150.0,CPCB_CCU_Victoria,11.237
PROP-C883AD0F6A4D,57,32,53,57,91.0,CPCB_CCU_Bidhannagar,4.72
PROP-C80401DB7D03,154,81,133,154,171.3,CPCB_CCU_Bidhannagar,18.348
PROP-47CC6BA1CA37,114,65,107,114,69.7,CPCB_CCU_Victoria,19.38
PROP-0DAF453A990D,108,56,92,108,106.3,CPCB_CCU_Bidhannagar,8.157
PROP-FED8CF498E3B,94,50,82,94,104.7,CPCB_CCU_Victoria,10.834
PROP-B34EA83BC01A,118,62,101,118,72.3,CPCB_CCU_Bidhannagar,12.08
PROP-B28495C13265,42,23,38,42,80.0,CPCB_CCU_Victoria,4.138
PROP-6F80415BF9F0,53,27,45,53,84.0,CPCB_CCU_Bidhannagar,8.157
PROP-3C8FDE4D0A3B,46,24,39,46,80.0,CPCB_CCU_Victoria,16.785
PROP-7987860BD545,108,56,92,108,106.3,CPCB_CCU_Bidhannagar,8.157
PROP-6131EDA7F152,115,63,103,115,70.7,CPCB_CCU_Bidhannagar,4.745
PROP-D368031AEF69,51,27,45,51,81.3,CPCB_CCU_Bidhannagar,2.394
PROP-D33FD2EDB1FC,152,80,131,152,150.0,CPCB_CCU_Victoria,9.161
PROP-3E5D567DF124,126,68,112,126,76.0,CPCB_CCU_Bidhannagar,12.214
PROP-99D564CF9B8F,161,90,147,161,161.0,CPCB_CCU_Victoria,19.02
PROP-85DD373187DF,104,57,94,104,100.3,CPCB_CCU_Victoria,21.747
PROP-D3FED8A342FA,108,56,92,108,106.3,CPCB_CCU_Bidhannagar,2.563
PROP-6481E2019A70,154,81,133,154,171.3,CPCB_CCU_Bidhannagar,2.563
PROP-3696C85820B5,99,51,84,99,97.3,CPCB_CCU_Victoria,11.22
PROP-1EA836881D95,114,65,107,114,69.7,CPCB_CCU_Victoria,17.866
PROP-FA2ACB815F45,152,80,131,152,150.0,CPCB_CCU_Victoria,19.416
PROP-6C74BADB5D36,117,61,101,117,71.7,CPCB_CCU_Victoria,23.139
PROP-058A687B2D6E,100,56,91,100,111.7,CPCB_CCU_Bidhannagar,2.394
PROP-4349CDA86867,51,27,45,51,81.3,CPCB_CCU_Bidhannagar,3.705
PROP-5C6E77BC2028,169,96,158,169,173.7,CPCB_CCU_Bidhannagar,12.08
PROP-CDD5DC057BCA,104,57,94,104,100.3,CPCB_CCU_Victoria,19.38
PROP-F326A92B9398,166,88,144,166,159.7,CPCB_CCU_Bidhannagar,13.125
PROP-B8489D624F0D,118,62,101,118,72.3,CPCB_CCU_Bidhannagar,0.837
PROP-2CB651685F9E,51,27,45,51,81.3,CPCB_CCU_Bidhannagar,26.759
PROP-B6CA68A3CC88,53,27,45,53,87.0,CPCB_CCU_Bidhannagar,18.348
PROP-1A5733C0C2C6,126,68,112,126,76.0,CPCB_CCU_Bidhannagar,4.883
PROP-28EBF50BF140,114,62,101,114,75.0,CPCB_CCU_Bidhannagar,24.706
PROP-93689ACF45BD,114,62,101,114,75.0,CPCB_CCU_Bidhannagar,7.312
PROP-3CFAAD40BBC9,46,24,39,46,80.3,CPCB_CCU_Victoria,19.38
PROP-97086DFC770E,53,27,45,53,87.0,CPCB_CCU_Bidhannagar,13.336
PROP-285CA125F656,162,89,145,162,167.3,CPCB_CCU_Bidhannagar,13.125
PROP-02EB40657E2B,114,65,107,114,69.7,CPCB_CCU_Victoria,11.22
PROP-8D1E6A4CC69A,42,23,38,42,80.0,CPCB_CCU_Victoria,18.643
PROP-55F63502BDB8,106,58,95,106,105.7,CPCB_CCU_Bidhannagar,4.745
PROP-8F1533EAF1E8,48,25,42,48,90.3,CPCB_CCU_Bidhannagar,4.883
PROP-139C8DFD0D70,166,88,144,166,159.7,CPCB_CCU_Bidhannagar,3.88
PROP-6A5786720BCD,166,88,144,166,159.7,CPCB_CCU_Bidhannagar,7.312
PROP-6F7F0A7B6ACB,104,57,94,104,100.3,CPCB_CCU_Victoria,19.416
PROP-FF1A9E746497,100,56,91,100,111.7,CPCB_CCU_Bidhannagar,3.597
PROP-973C51DE7566,47,24,40,47,76.3,CPCB_CCU_Victoria,19.02
PROP-6121B8A3C7F7,161,90,147,161,161.0,CPCB_CCU_Victoria,3.095
PROP-A1E5ED6769DD,108,56,92,108,106.3,CPCB_CCU_Bidhannagar,7.312
PROP-A80ACD01FC70,93,51,84,93,98.0,CPCB_CCU_Victoria,11.237
PROP-EE762650664D,106,58,95,106,105.7,CPCB_CCU_Bidhannagar,6.015
PROP-65FB2F240684,154,81,133,154,171.3,CPCB_CCU_Bidhannagar,4.72
PROP-C7D1D086BFB7,111,62,102,111,113.0,CPCB_CCU_Bidhannagar,2.563
PROP-052301008C97,51,27,45,51,81.3,CPCB_CCU_Bidhannagar,5.065
PROP-D0D832658684,46,24,39,46,80.3,CPCB_CCU_Victoria,4.138
PROP-8532E4422370,145,82,135,145,145.3,CPCB_CCU_Victoria,4.429
PROP-173B603D2C5C,126,68,112,126,76.0,CPCB_CCU_Bidhannagar,4.72
PROP-A693CCC6FF35,48,25,42,48,90.3,CPCB_CCU_Bidhannagar,3.429
PROP-34B2068FD18D,51,27,45,51,81.3,CPCB_CCU_Bidhannagar,3.429
PROP-C84D430491CB,106,55,90,106,114.3,CPCB_CCU_Bidhannagar,24.706
PROP-8A7E6478980C,108,56,92,108,106.3,CPCB_CCU_Bidhannagar,24.309
PROP-DC398143EF49,128,71,117,128,75.3,CPCB_CCU_Bidhannagar,17.015
PROP-83FF60D8DAA7,106,55,90,106,114.3,CPCB_CCU_Bidhannagar,17.323
PROP-9F5A1272C537,111,62,102,111,113.0,CPCB_CCU_Bidhannagar,1.52
PROP-5F5A056547CB,106,55,90,106,114.3,CPCB_CCU_Bidhannagar,12.08
PROP-163A573F39D1,161,90,147,161,161.0,CPCB_CCU_Victoria,20.938
PROP-63FC8D0B51D4,161,90,147,161,161.0,CPCB_CCU_Victoria,19.02
PROP-3D22DCD6666E,154,81,133,154,171.3,CPCB_CCU_Bidhannagar,13.968
PROP-BA46996A0C4C,111,62,102,111,113.0,CPCB_CCU_Bidhannagar,13.968
PROP-A642AD9C55F3,94,50,82,94,104.7,CPCB_CCU_Victoria,18.776
PROP-7F01B92C9812,93,51,84,93,98.0,CPCB_CCU_Victoria,9.161
PROP-7F2EBE29B8C3,108,56,92,108,106.3,CPCB_CCU_Bidhannagar,2.563
PROP-BBA65C2F0289,111,62,102,111,113.0,CPCB_CCU_Bidhannagar,8.157
PROP-B603B933892C,115,63,103,115,70.7,CPCB_CCU_Bidhannagar,12.214
PROP-B941B0CEF824,158,83,136,158,157.3,CPCB_CCU_Victoria,11.452
PROP-72CF1FEAD2BE,152,80,131,152,150.0,CPCB_CCU_Victoria,6.952
PROP-BCB8C1ABFD99,48,25,42,48,90.3,CPCB_CCU_Bidhannagar,3.562
PROP-09DC54E4DC1A,108,56,92,108,106.3,CPCB_CCU_Bidhannagar,2.563
PROP-B0DC6907681B,126,68,112,126,76.0,CPCB_CCU_Bidhannagar,1.52
PROP-FDD0710C19A4,128,71,117,128,75.3,CPCB_CCU_Bidhannagar,1.52
PROP-E9111B28CA27,162,89,145,162,167.3,CPCB_CCU_Bidhannagar,2.563
PROP-08F1A7925EC2,51,27,45,51,81.3,CPCB_CCU_Bidhannagar,1.52
PROP-11FC3BADC2FD,161,90,147,161,161.0,CPCB_CCU_Victoria,6.952
PROP-717B75445808,162,89,145,162,167.3,CPCB_CCU_Bidhannagar,24.706
PROP-CFEBC8FF5FEE,57,32,53,57,91.0,CPCB_CCU_Bidhannagar,17.11
PROP-C0AB0F037EDA,53,27,45,53,84.0,CPCB_CCU_Bidhannagar,21.415
PROP-7BAEE35653E3,104,57,94,104,100.3,CPCB_CCU_Victoria,3.095
PROP-C6E5D8BEE7FD,53,27,45,53,84.0,CPCB_CCU_Bidhannagar,2.563
PROP-C7AFB6F70158,117,61,101,117,71.7,CPCB_CCU_Victoria,19.38
PROP-39DABEF9C89F,51,27,45,51,81.3,CPCB_CCU_Bidhannagar,2.563
PROP-B61D662ACF16,106,58,95,106,105.7,CPCB_CCU_Bidhannagar,19.507
PROP-44F00B2A8408,94,50,82,94,104.7,CPCB_CCU_Victoria,11.237
PROP-1A8A55A8342C,53,27,45,53,87.0,CPCB_CCU_Bidhannagar,12.08
PROP-65EAA9316AAF,108,56,92,108,106.3,CPCB_CCU_Bidhannagar,24.706
PROP-A0B9B10C27EA,53,27,45,53,84.0,CPCB_CCU_Bidhannagar,4.674
PROP-7DA8D44CCAE4,108,56,92,108,106.3,CPCB_CCU_Bidhannagar,1.52
PROP-23AE34F44E09,53,27,45,53,84.0,CPCB_CCU_Bidhannagar,14.489
PROP-310D94CC513A,47,24,40,47,76.3,CPCB_CCU_Victoria,10.81
PROP-CEA72DA6CB0F,152,80,131,152,150.0,CPCB_CCU_Victoria,19.38
PROP-BFAED4FD87E6,42,23,38,42,80.0,CPCB_CCU_Victoria,18.643
PROP-2A780DBBAED3,114,65,107,114,69.7,CPCB_CCU_Victoria,7.259
PROP-3BF55226E9AA,53,27,45,53,84.0,CPCB_CCU_Bidhannagar,14.489
PROP-F0BB9F485F26,108,56,92,108,106.3,CPCB_CCU_Bidhannagar,7.312
PROP-6A8E5327CE9C,117,61,101,117,71.7,CPCB_CCU_Victoria,10.81
PROP-A581345ECB12,154,81,133,154,171.3,CPCB_CCU_Bidhannagar,1.52
PROP-D3D82032179E,154,81,133,154,171.3,CPCB_CCU_Bidhannagar,12.08
PROP-C8430A3AAD4B,57,32,53,57,91.0,CPCB_CCU_Bidhannagar,12.214
PROP-8B1F6CF6B90D,152,80,131,152,150.0,CPCB_CCU_Victoria,10.81
PROP-F2593A89607B,115,63,103,115,70.7,CPCB_CCU_Bidhannagar,11.223
PROP-AB8A39674532,117,61,101,117,71.7,CPCB_CCU_Victoria,18.447
PROP-245CFFFF7379,53,27,45,53,87.0,CPCB_CCU_Bidhannagar,4.72
PROP-D6ABE38C039D,53,27,45,53,87.0,CPCB_CCU_Bidhannagar,13.336
PROP-6918BFBF91E2,162,89,145,162,167.3,CPCB_CCU_Bidhannagar,1.52
PROP-CCFF0472A05E,108,56,92,108,106.3,CPCB_CCU_Bidhannagar,12.214
PROP-115445D45DF4,162,89,145,162,167.3,CPCB_CCU_Bidhannagar,1.52
PROP-331B8B4FC38D,166,88,144,166,159.7,CPCB_CCU_Bidhannagar,12.08
PROP-49BA8145DDAD,106,58,95,106,105.7,CPCB_CCU_Bidhannagar,12.08
PROP-ED6C438664B2,152,80,131,152,150.0,CPCB_CCU_Victoria,18.643
PROP-F2BF8C11A7EF,53,27,45,53,84.0,CPCB_CCU_Bidhannagar,15.391
PROP-7A682F6B298F,114,62,101,114,75.0,CPCB_CCU_Bidhannagar,17.11
PROP-C0EACF98B88D,117,61,101,117,71.7,CPCB_CCU_Victoria,11.237
PROP-B6B9CEE33049,51,27,45,51,81.3,CPCB_CCU_Bidhannagar,6.902
PROP-2ED7A356117B,169,96,158,169,173.7,CPCB_CCU_Bidhannagar,19.507
PROP-3B00F1A922BF,53,27,45,53,84.0,CPCB_CCU_Bidhannagar,19.507
PROP-9C960929506D,57,32,53,57,91.0,CPCB_CCU_Bidhannagar,14.509
PROP-F20778F6FFA7,114,62,101,114,75.0,CPCB_CCU_Bidhannagar,19.507
PROP-63A4C647D1E7,106,55,90,106,114.3,CPCB_CCU_Bidhannagar,2.563
PROP-B9B8EF509771,104,57,94,104,100.3,CPCB_CCU_Victoria,15.63
PROP-A647DDA7E754,114,65,107,114,69.7,CPCB_CCU_Victoria,15.652
PROP-5883DDB271CD,114,62,101,114,75.0,CPCB_CCU_Bidhannagar,15.425
PROP-3505BB0416A9,119,64,104,119,71.3,CPCB_CCU_Victoria,20.378
PROP-6741AF8F9998,114,62,101,114,75.0,CPCB_CCU_Bidhannagar,13.376
PROP-2DBC586B6B1A,117,61,101,117,71.7,CPCB_CCU_Victoria,11.237
PROP-F291071CE413,114,65,107,114,69.7,CPCB_CCU_Victoria,15.652
PROP-6F150466157F,48,25,42,48,90.3,CPCB_CCU_Bidhannagar,2.394
PROP-338155A04C45,53,27,45,53,87.0,CPCB_CCU_Bidhannagar,3.705
PROP-C3C4176C8C19,119,68,111,119,69.7,CPCB_CCU_Victoria,15.561
PROP-5DD230556105,42,23,38,42,80.0,CPCB_CCU_Victoria,10.834
PROP-01B05663286A,100,56,91,100,111.7,CPCB_CCU_Bidhannagar,19.507
PROP-FEAA13AEC306,93,51,84,93,98.0,CPCB_CCU_Victoria,8.144
PROP-801F64B36585,111,62,102,111,113.0,CPCB_CCU_Bidhannagar,3.429
PROP-B1090F62B421,114,62,101,114,75.0,CPCB_CCU_Bidhannagar,19.507
PROP-FAB3F5735E6F,85,49,80,85,94.3,CPCB_CCU_Victoria,15.652
PROP-32068D7C7692,47,25,42,47,80.0,CPCB_CCU_Victoria,11.237
PROP-B205CCC81517,42,23,38,42,80.0,CPCB_CCU_Victoria,10.834
PROP-3AADA84EA5A1,51,27,45,51,81.3,CPCB_CCU_Bidhannagar,7.312
PROP-30FE9334C04F,152,80,131,152,150.0,CPCB_CCU_Victoria,11.237
PROP-E66AFF7361C5,128,71,117,128,75.3,CPCB_CCU_Bidhannagar,2.563
PROP-02883F8FC7F5,104,57,94,104,100.3,CPCB_CCU_Victoria,18.776
PROP-C9479D13BD55,100,56,91,100,111.7,CPCB_CCU_Bidhannagar,6.015
PROP-C4A35B8DB64E,51,27,45,51,81.3,CPCB_CCU_Bidhannagar,12.214
PROP-9DFC10B4F52C,53,27,45,53,84.0,CPCB_CCU_Bidhannagar,2.563
PROP-9AA4B8269594,111,62,102,111,113.0,CPCB_CCU_Bidhannagar,1.52
PROP-3E6878099C98,169,96,158,169,173.7,CPCB_CCU_Bidhannagar,21.181
PROP-2C0F2A4C92AB,116,66,109,116,68.7,CPCB_CCU_Victoria,19.38
PROP-79B036ADC851,53,27,45,53,87.0,CPCB_CCU_Bidhannagar,7.312
PROP-23E5A9AB5C44,128,71,117,128,75.3,CPCB_CCU_Bidhannagar,3.429
PROP-9B05F2B63553,99,51,84,99,97.3,CPCB_CCU_Victoria,10.834
PROP-7BE9CAFEBA1C,114,62,101,114,75.0,CPCB_CCU_Bidhannagar,12.214
PROP-B8EBCAD5B8F2,166,88,144,166,159.7,CPCB_CCU_Bidhannagar,12.602
PROP-9ECEEB06EA30,53,27,45,53,87.0,CPCB_CCU_Bidhannagar,4.72
PROP-D44CFEC304B2,57,32,53,57,91.0,CPCB_CCU_Bidhannagar,19.507
PROP-E4262F33DABE,51,27,45,51,81.3,CPCB_CCU_Bidhannagar,4.72
PROP-6D0CF763E867,161,90,147,161,161.0,CPCB_CCU_Victoria,19.02
PROP-3D827F881BF7,152,80,131,152,150.0,CPCB_CCU_Victoria,15.652
PROP-385EFC8227B0,106,58,95,106,105.7,CPCB_CCU_Bidhannagar,24.706
PROP-A58980314822,53,27,45,53,84.0,CPCB_CCU_Bidhannagar,4.674
PROP-213FF8CB01A1,119,68,111,119,69.7,CPCB_CCU_Victoria,15.652
PROP-4ED6D6D8D47E,46,24,39,46,80.0,CPCB_CCU_Victoria,11.994
PROP-3D2DD063FE2A,48,25,42,48,90.3,CPCB_CCU_Bidhannagar,7.312
PROP-4233AA7EA058,57,32,53,57,91.0,CPCB_CCU_Bidhannagar,4.72
PROP-51EF1E48B2AC,51,27,45,51,81.3,CPCB_CCU_Bidhannagar,4.72
PROP-4C94B6C261A0,118,62,101,118,72.3,CPCB_CCU_Bidhannagar,13.968
PROP-2966980B2F6E,158,83,136,158,157.3,CPCB_CCU_Victoria,17.866
PROP-2BF0D4111914,85,49,80,85,94.3,CPCB_CCU_Victoria,18.643
PROP-E6EE3EB81D93,51,27,45,51,81.3,CPCB_CCU_Bidhannagar,2.563
PROP-7AF8B4F3D168,115,63,103,115,70.7,CPCB_CCU_Bidhannagar,4.745
PROP-2D1ACDC241F2,118,62,101,118,72.3,CPCB_CCU_Bidhannagar,2.563
PROP-66B236468D67,111,62,102,111,113.0,CPCB_CCU_Bidhannagar,3.429
PROP-0B80DBE1D7AF,51,27,45,51,81.3,CPCB_CCU_Bidhannagar,6.015
PROP-A252F83E2395,128,71,117,128,75.3,CPCB_CCU_Bidhannagar,7.312
PROP-9884272B8A9E,94,50,82,94,104.7,CPCB_CCU_Victoria,8.144
PROP-01E9C7F31AB5,104,57,94,104,100.3,CPCB_CCU_Victoria,6.926
PROP-D2BBBEF3D9CA,126,68,112,126,76.0,CPCB_CCU_Bidhannagar,13.336
PROP-1A47077D7C06,154,81,133,154,171.3,CPCB_CCU_Bidhannagar,19.507
PROP-9C1DE3D0CA46,57,32,53,57,91.0,CPCB_CCU_Bidhannagar,4.72
PROP-B0A55473D62B,53,27,45,53,87.0,CPCB_CCU_Bidhannagar,3.705
PROP-62AEF4CF34A4,42,23,38,42,80.0,CPCB_CCU_Victoria,4.429
PROP-0969523CB09B,128,71,117,128,75.3,CPCB_CCU_Bidhannagar,1.52
PROP-DE3589A02F26,145,82,135,145,145.3,CPCB_CCU_Victoria,19.38
PROP-C71150E7BA14,53,27,45,53,84.0,CPCB_CCU_Bidhannagar,19.507
PROP-A18C43CB6136,166,88,144,166,159.7,CPCB_CCU_Bidhannagar,18.348
PROP-D80F53290C0E,152,80,131,152,150.0,CPCB_CCU_Victoria,8.144
PROP-8E144954A363,166,88,144,166,159.7,CPCB_CCU_Bidhannagar,12.08
PROP-9C6BF7B90F11,57,32,53,57,91.0,CPCB_CCU_Bidhannagar,6.015
PROP-76D419B18CCB,53,27,45,53,84.0,CPCB_CCU_Bidhannagar,2.394
PROP-E1ACD38526EE,57,32,53,57,91.0,CPCB_CCU_Bidhannagar,2.394
PROP-F1F8A32E0B0F,118,62,101,118,72.3,CPCB_CCU_Bidhannagar,5.913
PROP-8529E6DBF56D,111,62,102,111,113.0,CPCB_CCU_Bidhannagar,17.11
PROP-67D39C4BDA92,119,64,104,119,71.3,CPCB_CCU_Victoria,19.38
PROP-33EEC71D46D3,162,89,145,162,167.3,CPCB_CCU_Bidhannagar,15.425
PROP-711F9720FF31,111,62,102,111,113.0,CPCB_CCU_Bidhannagar,19.507
PROP-19A6E70A8A41,161,90,147,161,161.0,CPCB_CCU_Victoria,9.678
PROP-81D0D1BEA818,51,27,45,51,81.3,CPCB_CCU_Bidhannagar,23.036
PROP-676D38702A48,51,27,45,51,81.3,CPCB_CCU_Bidhannagar,6.015
PROP-88D3BB5BDEBB,48,25,42,48,90.3,CPCB_CCU_Bidhannagar,20.72
PROP-D10196DEBC00,57,32,53,57,91.0,CPCB_CCU_Bidhannagar,14.489
PROP-2E11031A7992,152,80,131,152,150.0,CPCB_CCU_Victoria,8.144
PROP-0F3AD462FBFF,47,24,40,47,76.3,CPCB_CCU_Victoria,19.02
PROP-42AAE903FF08,57,32,53,57,91.0,CPCB_CCU_Bidhannagar,12.214
PROP-7D7D95DEF2F2,94,50,82,94,104.7,CPCB_CCU_Victoria,18.776
PROP-56A6A8F5FCCD,119,68,111,119,69.7,CPCB_CCU_Victoria,7.175
PROP-F6F8EE61E3B1,53,27,45,53,84.0,CPCB_CCU_Bidhannagar,24.706
PROP-2CC21EBF6F75,115,63,103,115,70.7,CPCB_CCU_Bidhannagar,27.172
PROP-1E7BB7F19D6C,145,82,135,145,145.3,CPCB_CCU_Victoria,18.776
PROP-0C54089230CC,53,27,45,53,84.0,CPCB_CCU_Bidhannagar,2.247
PROP-278D6490D8E5,93,51,84,93,98.0,CPCB_CCU_Victoria,8.144
PROP-2CCD88BAEC00,115,63,103,115,70.7,CPCB_CCU_Bidhannagar,2.563
PROP-2B242F56F959,106,55,90,106,114.3,CPCB_CCU_Bidhannagar,12.214
PROP-C1F9EB831B63,116,66,109,116,68.7,CPCB_CCU_Victoria,15.63
PROP-384E87093FF6,53,27,45,53,84.0,CPCB_CCU_Bidhannagar,13.614
PROP-7CA6E0A93091,108,56,92,108,106.3,CPCB_CCU_Bidhannagar,2.394
PROP-0249992CF13F,154,81,133,154,171.3,CPCB_CCU_Bidhannagar,13.376
PROP-1160433D093D,117,61,101,117,71.7,CPCB_CCU_Victoria,10.81
PROP-C03E67003C98,114,65,107,114,69.7,CPCB_CCU_Victoria,11.729
PROP-FCD2EC9B3ED8,46,24,39,46,80.3,CPCB_CCU_Victoria,10.834
PROP-D6EE66096683,119,68,111,119,69.7,CPCB_CCU_Victoria,11.22
PROP-CA707D0E865E,162,89,145,162,167.3,CPCB_CCU_Bidhannagar,1.52
PROP-0BC78040DEB6,169,96,158,169,173.7,CPCB_CCU_Bidhannagar,2.563
PROP-A1CF944BDB95,106,55,90,106,114.3,CPCB_CCU_Bidhannagar,1.52
PROP-96594A664D1F,53,27,45,53,87.0,CPCB_CCU_Bidhannagar,3.562
PROP-6467F315C837,53,27,45,53,87.0,CPCB_CCU_Bidhannagar,4.72
PROP-8139CFDBDEB2,108,56,92,108,106.3,CPCB_CCU_Bidhannagar,6.658
PROP-5116444533B7,100,56,91,100,111.7,CPCB_CCU_Bidhannagar,6.658
PROP-E6B26AAB85FC,162,89,145,162,167.3,CPCB_CCU_Bidhannagar,6.015
PROP-DB00D50ABD0B,106,58,95,106,105.7,CPCB_CCU_Bidhannagar,4.745
PROP-0C412BD96F74,145,82,135,145,145.3,CPCB_CCU_Victoria,7.259
PROP-E1D57DC21428,53,27,45,53,84.0,CPCB_CCU_Bidhannagar,1.52
PROP-091D4A015A48,57,32,53,57,91.0,CPCB_CCU_Bidhannagar,19.507
PROP-760BA0DDF386,126,68,112,126,76.0,CPCB_CCU_Bidhannagar,7.312
PROP-4300F12C3950,154,81,133,154,171.3,CPCB_CCU_Bidhannagar,1.52
PROP-AA4174665F3A,145,82,135,145,145.3,CPCB_CCU_Victoria,10.834
PROP-ACC85859D4D0,48,25,42,48,90.3,CPCB_CCU_Bidhannagar,10.15
PROP-67DA8FD2B232,57,32,53,57,91.0,CPCB_CCU_Bidhannagar,1.52
PROP-C25FC49093EC,115,63,103,115,70.7,CPCB_CCU_Bidhannagar,19.507
PROP-CC77F8B997A2,53,27,45,53,84.0,CPCB_CCU_Bidhannagar,7.312
PROP-A3EE1681F4F1,158,83,136,158,157.3,CPCB_CCU_Victoria,11.729
PROP-FEA8DC892B64,128,71,117,128,75.3,CPCB_CCU_Bidhannagar,12.214
PROP-613722215E2B,118,62,101,118,72.3,CPCB_CCU_Bidhannagar,3.429
PROP-AA93717735AA,162,89,145,162,167.3,CPCB_CCU_Bidhannagar,13.376
PROP-568EAA7B6D06,152,80,131,152,150.0,CPCB_CCU_Victoria,2.903
PROP-940D11E93747,166,88,144,166,159.7,CPCB_CCU_Bidhannagar,4.72
PROP-C45C3A004E10,128,71,117,128,75.3,CPCB_CCU_Bidhannagar,4.745
PROP-F376C46FDBD0,53,27,45,53,87.0,CPCB_CCU_Bidhannagar,10.405
PROP-C7E1FB0D7BC6,162,89,145,162,167.3,CPCB_CCU_Bidhannagar,19.308
PROP-83001A7C36FF,100,56,91,100,111.7,CPCB_CCU_Bidhannagar,4.745
PROP-3B969DA53316,53,27,45,53,87.0,CPCB_CCU_Bidhannagar,4.745
PROP-094BF9E95C29,166,88,144,166,159.7,CPCB_CCU_Bidhannagar,23.036
PROP-D04B9317EC69,53,27,45,53,84.0,CPCB_CCU_Bidhannagar,19.507
PROP-77D79649E9B0,128,71,117,128,75.3,CPCB_CCU_Bidhannagar,18.348
PROP-FF3B1A6CD2B7,114,62,101,114,75.0,CPCB_CCU_Bidhannagar,23.036
PROP-896E8998397A,57,32,53,57,91.0,CPCB_CCU_Bidhannagar,13.968
PROP-75722758C510,100,56,91,100,111.7,CPCB_CCU_Bidhannagar,13.614
PROP-F0BE01974C67,46,24,39,46,80.0,CPCB_CCU_Victoria,24.446
PROP-C40541DC8BD1,117,61,101,117,71.7,CPCB_CCU_Victoria,11.237
PROP-C83508BEF083,111,62,102,111,113.0,CPCB_CCU_Bidhannagar,12.214
PROP-F765DBC87A49,53,27,45,53,84.0,CPCB_CCU_Bidhannagar,25.186
PROP-4AFA736A60DB,106,58,95,106,105.7,CPCB_CCU_Bidhannagar,19.507
PROP-180CDD94E837,158,83,136,158,157.3,CPCB_CCU_Victoria,7.259
PROP-B6BCC6971C59,47,24,40,47,76.3,CPCB_CCU_Victoria,2.903
PROP-8125F70BD88F,94,50,82,94,104.7,CPCB_CCU_Victoria,18.776
PROP-ACA40F1E7BF7,47,24,40,47,76.3,CPCB_CCU_Victoria,10.81
PROP-5EF7FBB62FEC,166,88,144,166,159.7,CPCB_CCU_Bidhannagar,12.214
PROP-C3BC25FF43B2,53,27,45,53,87.0,CPCB_CCU_Bidhannagar,4.674
PROP-FA3CBE6EB4AF,51,27,45,51,81.3,CPCB_CCU_Bidhannagar,13.125
PROP-6DFFAB8122EF,145,82,135,145,145.3,CPCB_CCU_Victoria,29.664
PROP-8479270EB7D1,47,24,40,47,76.3,CPCB_CCU_Victoria,4.582
PROP-A5E92BA98A08,161,90,147,161,161.0,CPCB_CCU_Victoria,4.582
PROP-854B237C34A2,47,25,42,47,80.0,CPCB_CCU_Victoria,10.834
PROP-88263A0917D7,57,32,53,57,91.0,CPCB_CCU_Bidhannagar,6.063
PROP-07BD92D81073,154,81,133,154,171.3,CPCB_CCU_Bidhannagar,14.509
PROP-F265FAA21543,106,58,95,106,105.7,CPCB_CCU_Bidhannagar,6.015
PROP-ED4DB1169AFB,46,24,39,46,80.3,CPCB_CCU_Victoria,11.729
PROP-19AFDC06952A,119,68,111,119,69.7,CPCB_CCU_Victoria,8.144
PROP-42674F91CE2C,46,24,39,46,80.0,CPCB_CCU_Victoria,7.259
PROP-4A0042291F15,114,65,107,114,69.7,CPCB_CCU_Victoria,8.144
PROP-55F1382F4E81,85,49,80,85,94.3,CPCB_CCU_Victoria,19.02
PROP-26E953645942,51,27,45,51,81.3,CPCB_CCU_Bidhannagar,10.405
PROP-24E1DEBA3CA7,128,71,117,128,75.3,CPCB_CCU_Bidhannagar,24.706
PROP-D500B4A219BE,114,62,101,114,75.0,CPCB_CCU_Bidhannagar,4.076
PROP-AA8DD1B61DD3,128,71,117,128,75.3,CPCB_CCU_Bidhannagar,3.429
PROP-98A01EFA3405,53,27,45,53,87.0,CPCB_CCU_Bidhannagar,12.214
PROP-AAAE434A61C7,114,62,101,114,75.0,CPCB_CCU_Bidhannagar,17.323
PROP-63023C8EB115,42,23,38,42,80.0,CPCB_CCU_Victoria,7.175
PROP-51E40AE841B9,117,61,101,117,71.7,CPCB_CCU_Victoria,20.708
PROP-4DB6AB717F42,106,58,95,106,105.7,CPCB_CCU_Bidhannagar,18.348
PROP-CEAC8EAB9DA8,169,96,158,169,173.7,CPCB_CCU_Bidhannagar,6.015
PROP-07BF37062BF8,48,25,42,48,90.3,CPCB_CCU_Bidhannagar,18.803
PROP-06949B2269DA,47,24,40,47,76.3,CPCB_CCU_Victoria,18.643
PROP-EF3604D9189F,42,23,38,42,80.0,CPCB_CCU_Victoria,4.138
PROP-2F6975A27159,106,58,95,106,105.7,CPCB_CCU_Bidhannagar,19.308
PROP-F7AA2614115B,53,27,45,53,87.0,CPCB_CCU_Bidhannagar,12.602
PROP-C89268A73288,106,55,90,106,114.3,CPCB_CCU_Bidhannagar,4.745
PROP-EE3CB4EFCD1F,53,27,45,53,84.0,CPCB_CCU_Bidhannagar,3.429
PROP-B80A3EFFA976,126,68,112,126,76.0,CPCB_CCU_Bidhannagar,2.394
PROP-644D268CD417,57,32,53,57,91.0,CPCB_CCU_Bidhannagar,4.745
PROP-495093C0133A,94,50,82,94,104.7,CPCB_CCU_Victoria,6.926
PROP-1D3740F9687C,126,68,112,126,76.0,CPCB_CCU_Bidhannagar,8.409
PROP-0CAA424BBEBB,158,83,136,158,157.3,CPCB_CCU_Victoria,23.139
PROP-512B142A453D,51,27,45,51,81.3,CPCB_CCU_Bidhannagar,5.913
PROP-03531CEBC5CA,46,24,39,46,80.3,CPCB_CCU_Victoria,16.983
PROP-EAB99D55B3C4,99,51,84,99,97.3,CPCB_CCU_Victoria,12.412
PROP-D790BBCC044B,119,68,111,119,69.7,CPCB_CCU_Victoria,23.139
PROP-3F6AEE676712,53,27,45,53,87.0,CPCB_CCU_Bidhannagar,2.563
PROP-8674AFDD7453,114,62,101,114,75.0,CPCB_CCU_Bidhannagar,13.336
PROP-DFB667D03745,162,89,145,162,167.3,CPCB_CCU_Bidhannagar,13.125
PROP-047E95DEE7C8,115,63,103,115,70.7,CPCB_CCU_Bidhannagar,3.429
PROP-2C44522F1A74,108,56,92,108,106.3,CPCB_CCU_Bidhannagar,17.11
PROP-E4A2D967E7FA,161,90,147,161,161.0,CPCB_CCU_Victoria,15.63
PROP-52BBB8022FFC,152,80,131,152,150.0,CPCB_CCU_Victoria,10.834
PROP-701C80F2018E,152,80,131,152,150.0,CPCB_CCU_Victoria,11.22
PROP-553BBFF675E1,51,27,45,51,81.3,CPCB_CCU_Bidhannagar,1.52
PROP-A4AF253BEE26,53,27,45,53,84.0,CPCB_CCU_Bidhannagar,3.429
PROP-983532FAE8A3,106,58,95,106,105.7,CPCB_CCU_Bidhannagar,23.24
PROP-07462D6C8C7A,108,56,92,108,106.3,CPCB_CCU_Bidhannagar,16.338
PROP-05F1E0BA42EF,93,51,84,93,98.0,CPCB_CCU_Victoria,18.447
PROP-7EE2E46DC5A3,100,56,91,100,111.7,CPCB_CCU_Bidhannagar,12.214
PROP-EB5E466A1241,106,55,90,106,114.3,CPCB_CCU_Bidhannagar,24.706
PROP-5D81268902FC,100,56,91,100,111.7,CPCB_CCU_Bidhannagar,22.788
PROP-9A477495F2CA,119,68,111,119,69.7,CPCB_CCU_Victoria,7.259
PROP-CC1A3CD1AEAE,57,32,53,57,91.0,CPCB_CCU_Bidhannagar,10.551
PROP-4CE82AB46907,106,55,90,106,114.3,CPCB_CCU_Bidhannagar,24.309
PROP-BE8B5CCE6309,53,27,45,53,87.0,CPCB_CCU_Bidhannagar,12.214
PROP-D111B018C185,85,49,80,85,94.3,CPCB_CCU_Victoria,19.02
PROP-1A276C1D7559,99,51,84,99,97.3,CPCB_CCU_Victoria,11.22
PROP-536B22C04615,162,89,145,162,167.3,CPCB_CCU_Bidhannagar,2.394
PROP-EE49C098F2A5,104,57,94,104,100.3,CPCB_CCU_Victoria,19.38
PROP-7A9A42130E33,115,63,103,115,70.7,CPCB_CCU_Bidhannagar,7.312
PROP-9D1515AB876E,118,62,101,118,72.3,CPCB_CCU_Bidhannagar,21.415
PROP-26F6F60CE515,114,62,101,114,75.0,CPCB_CCU_Bidhannagar,5.913
PROP-80AE0D35D32E,169,96,158,169,173.7,CPCB_CCU_Bidhannagar,6.658
PROP-0FCD6A7E37DF,128,71,117,128,75.3,CPCB_CCU_Bidhannagar,15.416
PROP-1BD263B4D59C,106,55,90,106,114.3,CPCB_CCU_Bidhannagar,13.125
PROP-FCC8D7E35D53,99,51,84,99,97.3,CPCB_CCU_Victoria,10.834
PROP-9535937080E8,158,83,136,158,157.3,CPCB_CCU_Victoria,11.22
PROP-2B2BD378CAEC,46,24,39,46,80.3,CPCB_CCU_Victoria,18.776
PROP-D3D597574BF2,161,90,147,161,161.0,CPCB_CCU_Victoria,6.952
PROP-BD41BC9F48D5,111,62,102,111,113.0,CPCB_CCU_Bidhannagar,4.745
PROP-29E8CB101368,106,55,90,106,114.3,CPCB_CCU_Bidhannagar,13.125
PROP-028B93450DC7,166,88,144,166,159.7,CPCB_CCU_Bidhannagar,22.788
PROP-A3E21F233FE8,93,51,84,93,98.0,CPCB_CCU_Victoria,8.796
PROP-D5A978A28FD4,51,27,45,51,81.3,CPCB_CCU_Bidhannagar,2.563
PROP-F68204388524,166,88,144,166,159.7,CPCB_CCU_Bidhannagar,3.429
PROP-F5994CC74EAF,51,27,45,51,81.3,CPCB_CCU_Bidhannagar,2.563
PROP-4F4E5027B87F,158,83,136,158,157.3,CPCB_CCU_Victoria,23.139
PROP-B3CB4C5F6087,118,62,101,118,72.3,CPCB_CCU_Bidhannagar,6.658
PROP-71FFA49892BE,126,68,112,126,76.0,CPCB_CCU_Bidhannagar,13.125
PROP-7BC1F225166A,57,32,53,57,91.0,CPCB_CCU_Bidhannagar,15.406
PROP-F42D893771A7,154,81,133,154,171.3,CPCB_CCU_Bidhannagar,1.52
PROP-929741C64C3E,106,55,90,106,114.3,CPCB_CCU_Bidhannagar,1.52
PROP-B3180B97F460,115,63,103,115,70.7,CPCB_CCU_Bidhannagar,0.837
PROP-632D9F970083,114,65,107,114,69.7,CPCB_CCU_Victoria,19.416
PROP-6A23CD209558,119,68,111,119,69.7,CPCB_CCU_Victoria,8.144
PROP-E963C0880622,46,24,39,46,80.0,CPCB_CCU_Victoria,10.834
PROP-D561EE9D47F8,115,63,103,115,70.7,CPCB_CCU_Bidhannagar,13.125
PROP-FCAE860070BC,85,49,80,85,94.3,CPCB_CCU_Victoria,16.983
PROP-A3856808C7FA,118,62,101,118,72.3,CPCB_CCU_Bidhannagar,4.883
PROP-F2AFCFDB7F0B,47,24,40,47,76.3,CPCB_CCU_Victoria,10.834
PROP-45D5273941F0,115,63,103,115,70.7,CPCB_CCU_Bidhannagar,1.52
PROP-49CEA6ACAB6B,117,61,101,117,71.7,CPCB_CCU_Victoria,10.834
PROP-76DCD99525D5,108,56,92,108,106.3,CPCB_CCU_Bidhannagar,0.837
PROP-C91A30EEA6D6,48,25,42,48,90.3,CPCB_CCU_Bidhannagar,6.015
PROP-F79FC0B77010,162,89,145,162,167.3,CPCB_CCU_Bidhannagar,8.409
PROP-93A71C04586A,51,27,45,51,81.3,CPCB_CCU_Bidhannagar,2.394
PROP-ED9A9C2A9FFB,119,68,111,119,69.7,CPCB_CCU_Victoria,4.429
PROP-CB8AB53C5ED3,111,62,102,111,113.0,CPCB_CCU_Bidhannagar,7.312
PROP-F2195BC4ACCD,100,56,91,100,111.7,CPCB_CCU_Bidhannagar,6.063
PROP-A02D1D9F3763,57,32,53,57,91.0,CPCB_CCU_Bidhannagar,2.394
PROP-7FBF06642CBF,128,71,117,128,75.3,CPCB_CCU_Bidhannagar,2.563
PROP-24C25F235AA2,106,55,90,106,114.3,CPCB_CCU_Bidhannagar,3.429
PROP-AFCDDC110415,53,27,45,53,84.0,CPCB_CCU_Bidhannagar,4.745
PROP-8675524FC736,106,58,95,106,105.7,CPCB_CCU_Bidhannagar,4.745
PROP-A5FE3457F799,51,27,45,51,81.3,CPCB_CCU_Bidhannagar,17.323
PROP-8DAA52C4EB91,106,55,90,106,114.3,CPCB_CCU_Bidhannagar,17.323
PROP-0FC7A99586C0,108,56,92,108,106.3,CPCB_CCU_Bidhannagar,14.489
PROP-C763DCF5D42B,108,56,92,108,106.3,CPCB_CCU_Bidhannagar,13.125
PROP-2371B6173A7F,106,58,95,106,105.7,CPCB_CCU_Bidhannagar,14.489
PROP-0391AC41F39A,115,63,103,115,70.7,CPCB_CCU_Bidhannagar,12.08
PROP-011B7649732A,99,51,84,99,97.3,CPCB_CCU_Victoria,4.429
PROP-A87A8D74790D,57,32,53,57,91.0,CPCB_CCU_Bidhannagar,7.312
PROP-FD8307310423,114,62,101,114,75.0,CPCB_CCU_Bidhannagar,4.883
PROP-6398BE76A429,53,27,45,53,87.0,CPCB_CCU_Bidhannagar,24.309
PROP-76004D64B147,53,27,45,53,87.0,CPCB_CCU_Bidhannagar,4.72
PROP-FF67DF4FD4E3,51,27,45,51,81.3,CPCB_CCU_Bidhannagar,12.214
PROP-48FF77CF86EA,114,62,101,114,75.0,CPCB_CCU_Bidhannagar,12.214
PROP-C810B5D003A8,118,62,101,118,72.3,CPCB_CCU_Bidhannagar,5.065
PROP-C7EB6FBC2737,104,57,94,104,100.3,CPCB_CCU_Victoria,10.834
PROP-472DC7D7B8C7,111,62,102,111,113.0,CPCB_CCU_Bidhannagar,4.72
PROP-DB8EEB99DA27,114,62,101,114,75.0,CPCB_CCU_Bidhannagar,14.489
PROP-F3E24227604A,100,56,91,100,111.7,CPCB_CCU_Bidhannagar,7.312
PROP-9421ADEFCFCF,53,27,45,53,84.0,CPCB_CCU_Bidhannagar,5.913
PROP-C175AF25A404,154,81,133,154,171.3,CPCB_CCU_Bidhannagar,12.214
PROP-90D5BC2CB05A,53,27,45,53,87.0,CPCB_CCU_Bidhannagar,12.214
PROP-C08D5A53FD83,108,56,92,108,106.3,CPCB_CCU_Bidhannagar,6.015
PROP-901E373C27F5,106,55,90,106,114.3,CPCB_CCU_Bidhannagar,12.214
PROP-4ABBEB8C8EFE,114,62,101,114,75.0,CPCB_CCU_Bidhannagar,17.548
PROP-F20A737A6EA5,118,62,101,118,72.3,CPCB_CCU_Bidhannagar,18.494
PROP-E9151E039BC5,126,68,112,126,76.0,CPCB_CCU_Bidhannagar,13.125
PROP-01E27892082A,111,62,102,111,113.0,CPCB_CCU_Bidhannagar,23.582
PROP-D16D9D685454,46,24,39,46,80.0,CPCB_CCU_Victoria,15.652
PROP-D5A5A6964C98,119,64,104,119,71.3,CPCB_CCU_Victoria,11.994
PROP-AE059C9EFDA8,162,89,145,162,167.3,CPCB_CCU_Bidhannagar,12.214
PROP-017B4C540096,108,56,92,108,106.3,CPCB_CCU_Bidhannagar,14.489
PROP-465881E4B874,46,24,39,46,80.0,CPCB_CCU_Victoria,7.175
PROP-36EDC2206689,169,96,158,169,173.7,CPCB_CCU_Bidhannagar,4.745
PROP-FF44CE499C7D,114,62,101,114,75.0,CPCB_CCU_Bidhannagar,7.312
PROP-20A016CF8804,114,62,101,114,75.0,CPCB_CCU_Bidhannagar,13.968
PROP-26E1F142EA93,118,62,101,118,72.3,CPCB_CCU_Bidhannagar,12.602
PROP-4EF1B8C93D5D,53,27,45,53,84.0,CPCB_CCU_Bidhannagar,22.788
PROP-E478C760D685,46,24,39,46,80.3,CPCB_CCU_Victoria,24.446
PROP-4A8FE062D0CA,158,83,136,158,157.3,CPCB_CCU_Victoria,9.161
PROP-20B0134DEE3B,99,51,84,99,97.3,CPCB_CCU_Victoria,10.834
PROP-5D717E16A413,48,25,42,48,90.3,CPCB_CCU_Bidhannagar,3.429
PROP-B380986495BF,111,62,102,111,113.0,CPCB_CCU_Bidhannagar,7.312
PROP-2539288F6218,46,24,39,46,80.0,CPCB_CCU_Victoria,4.429
PROP-4500CC462AB1,53,27,45,53,84.0,CPCB_CCU_Bidhannagar,6.812
PROP-018A0652B35A,47,25,42,47,80.0,CPCB_CCU_Victoria,20.708
PROP-3406A325F0BD,48,25,42,48,90.3,CPCB_CCU_Bidhannagar,4.745
PROP-D1C9187B98AF,114,62,101,114,75.0,CPCB_CCU_Bidhannagar,25.186
PROP-E1BF124B0B68,169,96,158,169,173.7,CPCB_CCU_Bidhannagar,3.429
PROP-0E323EAE8451,111,62,102,111,113.0,CPCB_CCU_Bidhannagar,5.913
PROP-62A075D37AE6,145,82,135,145,145.3,CPCB_CCU_Victoria,19.38
PROP-B48E7CD96E9B,111,62,102,111,113.0,CPCB_CCU_Bidhannagar,8.157
PROP-41C4EAC2E41A,46,24,39,46,80.0,CPCB_CCU_Victoria,20.956
PROP-BC2449F4C07D,94,50,82,94,104.7,CPCB_CCU_Victoria,8.796
PROP-613050A4BE14,119,68,111,119,69.7,CPCB_CCU_Victoria,10.834
PROP-175986DAA73D,104,57,94,104,100.3,CPCB_CCU_Victoria,19.02
PROP-017F60BA53B4,115,63,103,115,70.7,CPCB_CCU_Bidhannagar,3.429
PROP-8A8505709A6E,100,56,91,100,111.7,CPCB_CCU_Bidhannagar,26.759
PROP-EBDDE72A7928,145,82,135,145,145.3,CPCB_CCU_Victoria,8.144
PROP-ECBC04F9EEDC,169,96,158,169,173.7,CPCB_CCU_Bidhannagar,13.968
PROP-CD7F112A1F19,114,62,101,114,75.0,CPCB_CCU_Bidhannagar,18.348
PROP-97D67E500648,51,27,45,51,81.3,CPCB_CCU_Bidhannagar,26.759
PROP-3E77D40DDAAD,46,24,39,46,80.3,CPCB_CCU_Victoria,13.553
PROP-0F3F077605E0,53,27,45,53,87.0,CPCB_CCU_Bidhannagar,13.376
PROP-9A15C2E37E68,47,25,42,47,80.0,CPCB_CCU_Victoria,10.834
PROP-3369265EEB4E,106,58,95,106,105.7,CPCB_CCU_Bidhannagar,4.72
PROP-9DE91BFA2CB4,100,56,91,100,111.7,CPCB_CCU_Bidhannagar,10.781
PROP-9578CD04A0F7,108,56,92,108,106.3,CPCB_CCU_Bidhannagar,17.548
PROP-496E18BF3449,118,62,101,118,72.3,CPCB_CCU_Bidhannagar,4.72
PROP-67E010CBF82E,119,68,111,119,69.7,CPCB_CCU_Victoria,18.647
PROP-CB9AA7347242,104,57,94,104,100.3,CPCB_CCU_Victoria,18.643
PROP-5754DFE87A5A,166,88,144,166,159.7,CPCB_CCU_Bidhannagar,18.362
PROP-0531C1014EA7,53,27,45,53,87.0,CPCB_CCU_Bidhannagar,10.781
PROP-ED894EF05DC0,114,62,101,114,75.0,CPCB_CCU_Bidhannagar,13.376
PROP-9644BAD13717,162,89,145,162,167.3,CPCB_CCU_Bidhannagar,4.72
PROP-C27827C13EFE,118,62,101,118,72.3,CPCB_CCU_Bidhannagar,2.563
PROP-557139DE533D,57,32,53,57,91.0,CPCB_CCU_Bidhannagar,13.376
PROP-FD365DB77760,47,24,40,47,76.3,CPCB_CCU_Victoria,10.834
PROP-F73C51824DEC,116,66,109,116,68.7,CPCB_CCU_Victoria,11.22
PROP-3917DAD20872,115,63,103,115,70.7,CPCB_CCU_Bidhannagar,21.852
PROP-A85B8A30BD0E,53,27,45,53,87.0,CPCB_CCU_Bidhannagar,25.186
PROP-996C65662CD4,57,32,53,57,91.0,CPCB_CCU_Bidhannagar,7.312
PROP-CF858C63DE59,106,55,90,106,114.3,CPCB_CCU_Bidhannagar,6.812
PROP-72693FD3DEE9,100,56,91,100,111.7,CPCB_CCU_Bidhannagar,23.582
PROP-7613CED37659,106,58,95,106,105.7,CPCB_CCU_Bidhannagar,13.125
PROP-F2A682214E5D,152,80,131,152,150.0,CPCB_CCU_Victoria,12.292
PROP-822EDA72DCC6,46,24,39,46,80.3,CPCB_CCU_Victoria,11.994
PROP-573076A0C574,47,24,40,47,76.3,CPCB_CCU_Victoria,7.259
PROP-D01A8C19A613,119,68,111,119,69.7,CPCB_CCU_Victoria,13.553
PROP-EDD195AB9964,166,88,144,166,159.7,CPCB_CCU_Bidhannagar,3.181
PROP-6E84587F9F99,152,80,131,152,150.0,CPCB_CCU_Victoria,18.643
PROP-F5B758E3AB84,53,27,45,53,84.0,CPCB_CCU_Bidhannagar,8.409
PROP-F75FFFA066C1,154,81,133,154,171.3,CPCB_CCU_Bidhannagar,15.391
PROP-010C87DF1C82,53,27,45,53,87.0,CPCB_CCU_Bidhannagar,4.883
PROP-5D1827F25EE4,114,65,107,114,69.7,CPCB_CCU_Victoria,12.433
PROP-379525864704,57,32,53,57,91.0,CPCB_CCU_Bidhannagar,13.125
PROP-C20D0A8F12C4,118,62,101,118,72.3,CPCB_CCU_Bidhannagar,13.125
PROP-04FB665A65BF,93,51,84,93,98.0,CPCB_CCU_Victoria,9.161
PROP-C399DC66E0C5,106,58,95,106,105.7,CPCB_CCU_Bidhannagar,3.429
PROP-18B754B101F4,114,65,107,114,69.7,CPCB_CCU_Victoria,5.552
PROP-3C932079BBAB,106,55,90,106,114.3,CPCB_CCU_Bidhannagar,4.72
PROP-5226106142C4,51,27,45,51,81.3,CPCB_CCU_Bidhannagar,5.913
PROP-94A12E5EE1AA,169,96,158,169,173.7,CPCB_CCU_Bidhannagar,12.214
PROP-FF55B7648588,51,27,45,51,81.3,CPCB_CCU_Bidhannagar,2.563
PROP-FD131C3AB10D,166,88,144,166,159.7,CPCB_CCU_Bidhannagar,7.312
PROP-BF6983112316,111,62,102,111,113.0,CPCB_CCU_Bidhannagar,13.125
PROP-36A83FF1ABBF,104,57,94,104,100.3,CPCB_CCU_Victoria,19.38
PROP-5F15A3C2707B,166,88,144,166,159.7,CPCB_CCU_Bidhannagar,19.507
PROP-29E8098A6751,116,66,109,116,68.7,CPCB_CCU_Victoria,6.926
PROP-569A37ADA2C3,169,96,158,169,173.7,CPCB_CCU_Bidhannagar,7.312
PROP-ED65CC6CF872,119,64,104,119,71.3,CPCB_CCU_Victoria,4.582
PROP-4E45D2A3987A,53,27,45,53,87.0,CPCB_CCU_Bidhannagar,6.015
PROP-D155A52CEA6E,47,24,40,47,76.3,CPCB_CCU_Victoria,7.222
PROP-52424E54F5E3,116,66,109,116,68.7,CPCB_CCU_Victoria,10.957
PROP-726F44F17E5A,111,62,102,111,113.0,CPCB_CCU_Bidhannagar,4.72
PROP-1C928C34B1A3,106,55,90,106,114.3,CPCB_CCU_Bidhannagar,24.309
PROP-479764EAE945,106,55,90,106,114.3,CPCB_CCU_Bidhannagar,3.429
PROP-2BDF8D921D38,46,24,39,46,80.3,CPCB_CCU_Victoria,13.291
PROP-22491C01BD6B,158,83,136,158,157.3,CPCB_CCU_Victoria,6.926
PROP-51A49AD231D2,126,68,112,126,76.0,CPCB_CCU_Bidhannagar,2.247
PROP-73AD0F516D1D,114,62,101,114,75.0,CPCB_CCU_Bidhannagar,2.247
PROP-921B1CAA7AB4,53,27,45,53,84.0,CPCB_CCU_Bidhannagar,3.429
PROP-EEC6AEF7BCD6,119,68,111,119,69.7,CPCB_CCU_Victoria,8.196
PROP-8C6E6BE04977,85,49,80,85,94.3,CPCB_CCU_Victoria,10.834
PROP-0AE1954572A3,53,27,45,53,87.0,CPCB_CCU_Bidhannagar,12.214
PROP-6310B5ABC32E,53,27,45,53,87.0,CPCB_CCU_Bidhannagar,2.563
PROP-ECBD49F127A4,53,27,45,53,87.0,CPCB_CCU_Bidhannagar,1.52
PROP-84B74FE4F909,42,23,38,42,80.0,CPCB_CCU_Victoria,20.378
PROP-677B3A7C2D9F,118,62,101,118,72.3,CPCB_CCU_Bidhannagar,4.72
PROP-185F2C1C26F2,126,68,112,126,76.0,CPCB_CCU_Bidhannagar,5.913
PROP-FA196D3E6144,93,51,84,93,98.0,CPCB_CCU_Victoria,15.561
PROP-FC18DCC7A968,166,88,144,166,159.7,CPCB_CCU_Bidhannagar,10.781
PROP-600CED5D2A6B,111,62,102,111,113.0,CPCB_CCU_Bidhannagar,6.015
PROP-1ACD8906CC4B,154,81,133,154,171.3,CPCB_CCU_Bidhannagar,4.72
PROP-EF439CD343C8,85,49,80,85,94.3,CPCB_CCU_Victoria,11.729
PROP-98FC4368AAFE,48,25,42,48,90.3,CPCB_CCU_Bidhannagar,12.214
PROP-9E2612B51244,111,62,102,111,113.0,CPCB_CCU_Bidhannagar,7.312
PROP-4B9317F317CC,53,27,45,53,84.0,CPCB_CCU_Bidhannagar,18.362
PROP-80F7F9DABC91,42,23,38,42,80.0,CPCB_CCU_Victoria,19.02
PROP-31C335EAA49F,114,62,101,114,75.0,CPCB_CCU_Bidhannagar,17.11
PROP-61FF2F93A3CD,100,56,91,100,111.7,CPCB_CCU_Bidhannagar,23.582
PROP-6E5AF3C3EB18,154,81,133,154,171.3,CPCB_CCU_Bidhannagar,23.582
PROP-04C5E764EC4F,51,27,45,51,81.3,CPCB_CCU_Bidhannagar,5.065
PROP-7471A6779ED1,115,63,103,115,70.7,CPCB_CCU_Bidhannagar,5.065
PROP-17CCFB9EB441,115,63,103,115,70.7,CPCB_CCU_Bidhannagar,10.15
PROP-283C9510A6DA,119,68,111,119,69.7,CPCB_CCU_Victoria,21.7
PROP-2BECFA88A0BD,162,89,145,162,167.3,CPCB_CCU_Bidhannagar,14.489
PROP-A4FD29C9DE8B,108,56,92,108,106.3,CPCB_CCU_Bidhannagar,12.602
PROP-6F2E1D655213,46,24,39,46,80.3,CPCB_CCU_Victoria,11.22
PROP-5D1755571047,162,89,145,162,167.3,CPCB_CCU_Bidhannagar,15.547
PROP-1E50B84C5986,85,49,80,85,94.3,CPCB_CCU_Victoria,4.138
PROP-A8D2EB847388,108,56,92,108,106.3,CPCB_CCU_Bidhannagar,1.52
PROP-10C8C277B422,94,50,82,94,104.7,CPCB_CCU_Victoria,4.138
PROP-866082789154,162,89,145,162,167.3,CPCB_CCU_Bidhannagar,4.72
PROP-6271B5488588,93,51,84,93,98.0,CPCB_CCU_Victoria,19.02
PROP-28F5B24D0E3D,46,24,39,46,80.3,CPCB_CCU_Victoria,18.776
PROP-7DB25303D54D,111,62,102,111,113.0,CPCB_CCU_Bidhannagar,17.905
PROP-EC60233BBF5C,114,62,101,114,75.0,CPCB_CCU_Bidhannagar,8.409
PROP-0838C5506629,145,82,135,145,145.3,CPCB_CCU_Victoria,4.138
PROP-22B5CAA9CC48,42,23,38,42,80.0,CPCB_CCU_Victoria,7.222
PROP-E8A38E70F342,118,62,101,118,72.3,CPCB_CCU_Bidhannagar,1.52
PROP-9AF14BFC3FD7,118,62,101,118,72.3,CPCB_CCU_Bidhannagar,14.489
PROP-E0605B88F140,169,96,158,169,173.7,CPCB_CCU_Bidhannagar,4.72
PROP-C372888D8EE9,94,50,82,94,104.7,CPCB_CCU_Victoria,13.043
PROP-730DC06A9CCE,100,56,91,100,111.7,CPCB_CCU_Bidhannagar,12.214
PROP-AFA257101EFB,93,51,84,93,98.0,CPCB_CCU_Victoria,21.929
PROP-1D1E6EC23F00,99,51,84,99,97.3,CPCB_CCU_Victoria,12.412
PROP-1B35FE735B34,94,50,82,94,104.7,CPCB_CCU_Victoria,6.952
PROP-8386F83F7B8D,51,27,45,51,81.3,CPCB_CCU_Bidhannagar,3.429
PROP-AE82A2A94002,111,62,102,111,113.0,CPCB_CCU_Bidhannagar,12.214
PROP-AEE82E00F874,94,50,82,94,104.7,CPCB_CCU_Victoria,7.175
PROP-13CEBE2A0740,116,66,109,116,68.7,CPCB_CCU_Victoria,11.729
PROP-C063475D2A15,108,56,92,108,106.3,CPCB_CCU_Bidhannagar,4.72
PROP-47C5803E0547,57,32,53,57,91.0,CPCB_CCU_Bidhannagar,3.181
PROP-9874EA93FB3E,117,61,101,117,71.7,CPCB_CCU_Victoria,30.514
PROP-0B325F2674A3,94,50,82,94,104.7,CPCB_CCU_Victoria,5.552
PROP-234687B1D794,118,62,101,118,72.3,CPCB_CCU_Bidhannagar,6.015
PROP-B774C1A6C06F,106,58,95,106,105.7,CPCB_CCU_Bidhannagar,10.781
PROP-D35BDA093917,46,24,39,46,80.3,CPCB_CCU_Victoria,10.834
PROP-84088BF54F79,119,64,104,119,71.3,CPCB_CCU_Victoria,19.38
PROP-855C7545D2C1,106,58,95,106,105.7,CPCB_CCU_Bidhannagar,13.614
PROP-1573A09AF49E,47,24,40,47,76.3,CPCB_CCU_Victoria,10.834
PROP-A3E47D81DB47,128,71,117,128,75.3,CPCB_CCU_Bidhannagar,2.394
PROP-D07A88266219,114,62,101,114,75.0,CPCB_CCU_Bidhannagar,7.312
PROP-3AA1551CB28D,169,96,158,169,173.7,CPCB_CCU_Bidhannagar,7.312
PROP-D460FC4D4C16,166,88,144,166,159.7,CPCB_CCU_Bidhannagar,15.406
PROP-492CBFFE59DE,118,62,101,118,72.3,CPCB_CCU_Bidhannagar,4.076
PROP-A1044221108A,53,27,45,53,87.0,CPCB_CCU_Bidhannagar,4.883
PROP-A7942BECBE8A,128,71,117,128,75.3,CPCB_CCU_Bidhannagar,13.125
PROP-6F0E4CFD22DB,114,62,101,114,75.0,CPCB_CCU_Bidhannagar,7.312
PROP-B9A934115A3C,154,81,133,154,171.3,CPCB_CCU_Bidhannagar,6.658
PROP-19A0628A7076,169,96,158,169,173.7,CPCB_CCU_Bidhannagar,6.015
PROP-E37BC4374CB1,158,83,136,158,157.3,CPCB_CCU_Victoria,10.957
PROP-EB89327F8A2C,51,27,45,51,81.3,CPCB_CCU_Bidhannagar,10.405
PROP-A8C1CC999953,166,88,144,166,159.7,CPCB_CCU_Bidhannagar,6.015
PROP-539860805667,166,88,144,166,159.7,CPCB_CCU_Bidhannagar,1.52
PROP-DE5731F139BF,57,32,53,57,91.0,CPCB_CCU_Bidhannagar,12.214
PROP-5AE1BC125B15,158,83,136,158,157.3,CPCB_CCU_Victoria,16.785
PROP-FDC2A7118B60,118,62,101,118,72.3,CPCB_CCU_Bidhannagar,15.547
PROP-4D247DF72902,162,89,145,162,167.3,CPCB_CCU_Bidhannagar,13.614
PROP-6A50E592E906,128,71,117,128,75.3,CPCB_CCU_Bidhannagar,18.362
PROP-47A28DBD64A3,115,63,103,115,70.7,CPCB_CCU_Bidhannagar,1.52
PROP-E28DF73E05CE,46,24,39,46,80.3,CPCB_CCU_Victoria,18.447
PROP-6251750D8068,117,61,101,117,71.7,CPCB_CCU_Victoria,18.647
PROP-574D172C64A5,47,25,42,47,80.0,CPCB_CCU_Victoria,18.647
PROP-AC2302554A6A,57,32,53,57,91.0,CPCB_CCU_Bidhannagar,7.312
PROP-AA4544D1CB59,42,23,38,42,80.0,CPCB_CCU_Victoria,11.452
PROP-026FB9A49322,106,55,90,106,114.3,CPCB_CCU_Bidhannagar,6.658
PROP-56617C34D204,128,71,117,128,75.3,CPCB_CCU_Bidhannagar,22.562
PROP-8D5788B3B49D,158,83,136,158,157.3,CPCB_CCU_Victoria,15.313
PROP-5B6B422C7150,166,88,144,166,159.7,CPCB_CCU_Bidhannagar,20.72
PROP-0F29E6FA99BC,104,57,94,104,100.3,CPCB_CCU_Victoria,13.676
PROP-1CB44C5890AA,48,25,42,48,90.3,CPCB_CCU_Bidhannagar,11.223
PROP-EF02DCBAB9F1,99,51,84,99,97.3,CPCB_CCU_Victoria,10.957
PROP-F53474B4026D,42,23,38,42,80.0,CPCB_CCU_Victoria,18.447
PROP-4B2CA0F67F6D,46,24,39,46,80.0,CPCB_CCU_Victoria,7.259
PROP-2AC175C3B47C,46,24,39,46,80.3,CPCB_CCU_Victoria,15.188
PROP-129D64E92676,46,24,39,46,80.0,CPCB_CCU_Victoria,18.447
PROP-3DFDAE8680CA,119,68,111,119,69.7,CPCB_CCU_Victoria,10.957
PROP-D6CBE478AAE0,117,61,101,117,71.7,CPCB_CCU_Victoria,30.514
PROP-0461B2D043A6,119,64,104,119,71.3,CPCB_CCU_Victoria,30.514
PROP-3A6D0376B390,114,65,107,114,69.7,CPCB_CCU_Victoria,11.729
PROP-5D4EAA4FD75A,47,25,42,47,80.0,CPCB_CCU_Victoria,15.561
PROP-AAF61270EA07,117,61,101,117,71.7,CPCB_CCU_Victoria,11.237
PROP-6518FEB6F1A7,106,58,95,106,105.7,CPCB_CCU_Bidhannagar,15.391
PROP-CF11F47D84E0,126,68,112,126,76.0,CPCB_CCU_Bidhannagar,23.036
PROP-213D63713C56,119,64,104,119,71.3,CPCB_CCU_Victoria,10.834
PROP-8FC5543A96E3,119,64,104,119,71.3,CPCB_CCU_Victoria,4.811
PROP-84AC432AD610,51,27,45,51,81.3,CPCB_CCU_Bidhannagar,10.551
PROP-326F45DBC99C,93,51,84,93,98.0,CPCB_CCU_Victoria,7.175
PROP-96E019F5CBAE,169,96,158,169,173.7,CPCB_CCU_Bidhannagar,19.308
PROP-5936E04205C5,100,56,91,100,111.7,CPCB_CCU_Bidhannagar,13.968
PROP-589503049540,57,32,53,57,91.0,CPCB_CCU_Bidhannagar,12.214
PROP-F81E9C4EF252,100,56,91,100,111.7,CPCB_CCU_Bidhannagar,10.781
PROP-B110CDEDE589,57,32,53,57,91.0,CPCB_CCU_Bidhannagar,2.394
PROP-AE40AF615133,126,68,112,126,76.0,CPCB_CCU_Bidhannagar,5.065
PROP-F627DC5AE7DA,126,68,112,126,76.0,CPCB_CCU_Bidhannagar,4.72
PROP-8FEE84FF2372,47,24,40,47,76.3,CPCB_CCU_Victoria,12.292
PROP-EA8811A894F8,118,62,101,118,72.3,CPCB_CCU_Bidhannagar,10.781
PROP-E9D356433740,116,66,109,116,68.7,CPCB_CCU_Victoria,12.292
PROP-F262CC41FA39,93,51,84,93,98.0,CPCB_CCU_Victoria,7.259
PROP-5B47394DDAFB,48,25,42,48,90.3,CPCB_CCU_Bidhannagar,24.706
PROP-7EE159206DCD,128,71,117,128,75.3,CPCB_CCU_Bidhannagar,3.597
PROP-C069C0E0CC1F,145,82,135,145,145.3,CPCB_CCU_Victoria,19.02
PROP-DE0C3874B195,51,27,45,51,81.3,CPCB_CCU_Bidhannagar,3.429
PROP-750F50F259A6,53,27,45,53,84.0,CPCB_CCU_Bidhannagar,18.494
PROP-EAB8060E518A,46,24,39,46,80.0,CPCB_CCU_Victoria,13.676
PROP-939812CA716B,106,58,95,106,105.7,CPCB_CCU_Bidhannagar,3.705
PROP-1F226D11D43F,152,80,131,152,150.0,CPCB_CCU_Victoria,15.561
PROP-C3806B638112,48,25,42,48,90.3,CPCB_CCU_Bidhannagar,8.239
PROP-360CD6D331E1,161,90,147,161,161.0,CPCB_CCU_Victoria,15.652
PROP-64136EA6D27A,47,25,42,47,80.0,CPCB_CCU_Victoria,11.729
PROP-14CBADCD4370,128,71,117,128,75.3,CPCB_CCU_Bidhannagar,4.72
PROP-7CD92C18355F,106,58,95,106,105.7,CPCB_CCU_Bidhannagar,17.548
PROP-FA254A04D794,53,27,45,53,87.0,CPCB_CCU_Bidhannagar,12.214
PROP-7B8FC487EFCB,154,81,133,154,171.3,CPCB_CCU_Bidhannagar,12.214
PROP-C0443FC34DEB,169,96,158,169,173.7,CPCB_CCU_Bidhannagar,13.614
PROP-0C5BE453F698,119,64,104,119,71.3,CPCB_CCU_Victoria,12.433
PROP-31D90E7BF593,100,56,91,100,111.7,CPCB_CCU_Bidhannagar,23.036
PROP-D3CE0C07B785,154,81,133,154,171.3,CPCB_CCU_Bidhannagar,5.065
PROP-7171972A241C,48,25,42,48,90.3,CPCB_CCU_Bidhannagar,17.323
PROP-CBE29C6C9AF3,100,56,91,100,111.7,CPCB_CCU_Bidhannagar,17.079
PROP-C215BE0EC5E6,152,80,131,152,150.0,CPCB_CCU_Victoria,9.678
PROP-55F0DB5DDE5E,48,25,42,48,90.3,CPCB_CCU_Bidhannagar,6.015
PROP-5CDCED19F77E,117,61,101,117,71.7,CPCB_CCU_Victoria,18.647
PROP-A41CEBC7E2BC,114,62,101,114,75.0,CPCB_CCU_Bidhannagar,22.788
PROP-779D8EA2182F,114,65,107,114,69.7,CPCB_CCU_Victoria,12.399
PROP-508CE26CD317,152,80,131,152,150.0,CPCB_CCU_Victoria,12.399
PROP-0C98316F02A1,111,62,102,111,113.0,CPCB_CCU_Bidhannagar,13.125
PROP-9D5914B2FDCE,85,49,80,85,94.3,CPCB_CCU_Victoria,13.605
PROP-E95BD1F9DB91,128,71,117,128,75.3,CPCB_CCU_Bidhannagar,4.72
PROP-E6D9C6C5E840,106,55,90,106,114.3,CPCB_CCU_Bidhannagar,2.563
PROP-92202DA221BB,114,65,107,114,69.7,CPCB_CCU_Victoria,11.237
PROP-DF0C1CBE1A63,161,90,147,161,161.0,CPCB_CCU_Victoria,18.643
PROP-43C6015B65DE,99,51,84,99,97.3,CPCB_CCU_Victoria,11.22
PROP-FC214BE04357,53,27,45,53,87.0,CPCB_CCU_Bidhannagar,4.72
PROP-E403F296391B,93,51,84,93,98.0,CPCB_CCU_Victoria,19.38
PROP-CCBD059654A6,118,62,101,118,72.3,CPCB_CCU_Bidhannagar,27.172
PROP-1225888C958D,57,32,53,57,91.0,CPCB_CCU_Bidhannagar,17.323
PROP-F212EC8692FE,94,50,82,94,104.7,CPCB_CCU_Victoria,15.561
PROP-734131851919,46,24,39,46,80.3,CPCB_CCU_Victoria,4.429
PROP-1A088AB13DFA,104,57,94,104,100.3,CPCB_CCU_Victoria,17.63
PROP-64B4BC871400,111,62,102,111,113.0,CPCB_CCU_Bidhannagar,17.079
PROP-1D30DD2F7BD4,161,90,147,161,161.0,CPCB_CCU_Victoria,7.259
PROP-67BB9ACCC57F,128,71,117,128,75.3,CPCB_CCU_Bidhannagar,25.186
PROP-7333F24AF932,114,62,101,114,75.0,CPCB_CCU_Bidhannagar,10.405
PROP-03719D687E72,108,56,92,108,106.3,CPCB_CCU_Bidhannagar,14.355
PROP-8369A2251A8B,51,27,45,51,81.3,CPCB_CCU_Bidhannagar,6.658
PROP-A11208759B2B,108,56,92,108,106.3,CPCB_CCU_Bidhannagar,3.181
PROP-E9674CEE8F9A,93,51,84,93,98.0,CPCB_CCU_Victoria,28.725
PROP-10CC17A6A3AA,53,27,45,53,87.0,CPCB_CCU_Bidhannagar,4.72
PROP-56A8D6FF6980,115,63,103,115,70.7,CPCB_CCU_Bidhannagar,3.429
PROP-C066CD21C44C,158,83,136,158,157.3,CPCB_CCU_Victoria,24.752
PROP-1EDC1DBC2ABC,46,24,39,46,80.0,CPCB_CCU_Victoria,10.957
PROP-F5C596FD1106,118,62,101,118,72.3,CPCB_CCU_Bidhannagar,1.52
PROP-361C15004664,166,88,144,166,159.7,CPCB_CCU_Bidhannagar,27.172
PROP-EF8EE19759ED,162,89,145,162,167.3,CPCB_CCU_Bidhannagar,4.72
PROP-F6B17BC9E971,47,25,42,47,80.0,CPCB_CCU_Victoria,11.237
PROP-4551C0E89061,152,80,131,152,150.0,CPCB_CCU_Victoria,20.708
PROP-487B76347674,116,66,109,116,68.7,CPCB_CCU_Victoria,10.834
PROP-F047CA8A888E,162,89,145,162,167.3,CPCB_CCU_Bidhannagar,3.429
PROP-032B6A187CBB,115,63,103,115,70.7,CPCB_CCU_Bidhannagar,3.429
PROP-E25BB19A1AED,104,57,94,104,100.3,CPCB_CCU_Victoria,4.138
PROP-33CD1A49D8E0,100,56,91,100,111.7,CPCB_CCU_Bidhannagar,12.214
PROP-ABCE6A1F8B35,104,57,94,104,100.3,CPCB_CCU_Victoria,13.291
PROP-94FAB9D65EF0,53,27,45,53,84.0,CPCB_CCU_Bidhannagar,17.323
PROP-DF8D71ADA81B,46,24,39,46,80.0,CPCB_CCU_Victoria,11.22
PROP-D0A1A8288A1B,126,68,112,126,76.0,CPCB_CCU_Bidhannagar,3.429
PROP-07975B50E2F0,161,90,147,161,161.0,CPCB_CCU_Victoria,10.834
PROP-89504B5B5703,46,24,39,46,80.0,CPCB_CCU_Victoria,10.834
PROP-004A24EF5765,106,55,90,106,114.3,CPCB_CCU_Bidhannagar,24.309
PROP-AA6B43C92801,42,23,38,42,80.0,CPCB_CCU_Victoria,11.994
PROP-CD67682FFB4A,48,25,42,48,90.3,CPCB_CCU_Bidhannagar,24.309
PROP-0519A772C4DE,53,27,45,53,84.0,CPCB_CCU_Bidhannagar,8.157
PROP-E460FE53C280,51,27,45,51,81.3,CPCB_CCU_Bidhannagar,12.214
PROP-EBD10F2B52E1,118,62,101,118,72.3,CPCB_CCU_Bidhannagar,5.065
PROP-F8D5D0EAC731,51,27,45,51,81.3,CPCB_CCU_Bidhannagar,4.72
PROP-869AA2813CC3,46,24,39,46,80.0,CPCB_CCU_Victoria,9.161
PROP-03ADB728CCBD,93,51,84,93,98.0,CPCB_CCU_Victoria,5.552
PROP-19965264C4BE,106,58,95,106,105.7,CPCB_CCU_Bidhannagar,22.788
PROP-55969928F1E4,117,61,101,117,71.7,CPCB_CCU_Victoria,11.729
PROP-715E9AF6FE4E,94,50,82,94,104.7,CPCB_CCU_Victoria,11.237
PROP-D5AB0A3A99DC,161,90,147,161,161.0,CPCB_CCU_Victoria,15.561
PROP-4CCF306D7507,166,88,144,166,159.7,CPCB_CCU_Bidhannagar,0.837
PROP-96B53177926F,118,62,101,118,72.3,CPCB_CCU_Bidhannagar,3.429
PROP-04B69CA95DAD,158,83,136,158,157.3,CPCB_CCU_Victoria,19.02
PROP-823A9A465609,94,50,82,94,104.7,CPCB_CCU_Victoria,11.994
PROP-20A3D6DAA47D,128,71,117,128,75.3,CPCB_CCU_Bidhannagar,12.08
PROP-12F866BB884B,116,66,109,116,68.7,CPCB_CCU_Victoria,11.994
PROP-E8E138989700,85,49,80,85,94.3,CPCB_CCU_Victoria,15.313
PROP-213500F31B9E,118,62,101,118,72.3,CPCB_CCU_Bidhannagar,4.076
PROP-EC3016304151,114,62,101,114,75.0,CPCB_CCU_Bidhannagar,4.72
PROP-A70CE23355F4,117,61,101,117,71.7,CPCB_CCU_Victoria,5.552
PROP-9DE25E84AB37,99,51,84,99,97.3,CPCB_CCU_Victoria,17.864
PROP-317ABDEA00A2,42,23,38,42,80.0,CPCB_CCU_Victoria,11.237
PROP-C2FD52E06B3A,117,61,101,117,71.7,CPCB_CCU_Victoria,8.796
PROP-1D18D16D9D71,152,80,131,152,150.0,CPCB_CCU_Victoria,15.188
PROP-F836FE1B7A46,126,68,112,126,76.0,CPCB_CCU_Bidhannagar,4.72
PROP-C429AA817111,47,24,40,47,76.3,CPCB_CCU_Victoria,13.043
PROP-35518DAF4FC4,47,24,40,47,76.3,CPCB_CCU_Victoria,12.412
PROP-DF2A84C53B98,115,63,103,115,70.7,CPCB_CCU_Bidhannagar,15.416
PROP-A6EED4D1333B,99,51,84,99,97.3,CPCB_CCU_Victoria,17.866
PROP-208F23A35D7F,111,62,102,111,113.0,CPCB_CCU_Bidhannagar,6.015
PROP-10F1A53FF661,111,62,102,111,113.0,CPCB_CCU_Bidhannagar,27.121
PROP-B7313915DF2F,154,81,133,154,171.3,CPCB_CCU_Bidhannagar,4.076
PROP-90FDA1C6F76D,106,55,90,106,114.3,CPCB_CCU_Bidhannagar,1.52
PROP-5609D59D7F2E,99,51,84,99,97.3,CPCB_CCU_Victoria,17.866
PROP-0CE5C9388BE6,48,25,42,48,90.3,CPCB_CCU_Bidhannagar,27.172
PROP-EE658D339931,57,32,53,57,91.0,CPCB_CCU_Bidhannagar,0.837
PROP-466C6BEF301F,158,83,136,158,157.3,CPCB_CCU_Victoria,4.429
PROP-88B102150B5E,154,81,133,154,171.3,CPCB_CCU_Bidhannagar,2.394
PROP-56BE3928E5BA,118,62,101,118,72.3,CPCB_CCU_Bidhannagar,12.08
PROP-682F8E407332,119,64,104,119,71.3,CPCB_CCU_Victoria,19.02
PROP-A5C19466FC77,99,51,84,99,97.3,CPCB_CCU_Victoria,18.776
PROP-4D8AAFAF4DD6,116,66,109,116,68.7,CPCB_CCU_Victoria,15.63
PROP-1C67A5850C33,111,62,102,111,113.0,CPCB_CCU_Bidhannagar,12.214
PROP-0829EF621E8B,53,27,45,53,87.0,CPCB_CCU_Bidhannagar,3.429
PROP-ED2A96EE81CC,46,24,39,46,80.3,CPCB_CCU_Victoria,8.144
PROP-7B0BB392FB77,93,51,84,93,98.0,CPCB_CCU_Victoria,15.561
PROP-70682C1CB4E8,169,96,158,169,173.7,CPCB_CCU_Bidhannagar,3.429
PROP-D342A9C9288C,117,61,101,117,71.7,CPCB_CCU_Victoria,11.729
PROP-2876D8275CF8,117,61,101,117,71.7,CPCB_CCU_Victoria,9.678
PROP-8D56DA5E9345,118,62,101,118,72.3,CPCB_CCU_Bidhannagar,6.92
PROP-B62E1A096172,51,27,45,51,81.3,CPCB_CCU_Bidhannagar,25.186
PROP-D106B29893BC,162,89,145,162,167.3,CPCB_CCU_Bidhannagar,3.429
PROP-79282DB2860A,162,89,145,162,167.3,CPCB_CCU_Bidhannagar,4.72
PROP-D7FB928F5036,108,56,92,108,106.3,CPCB_CCU_Bidhannagar,23.24
PROP-6862AA36F37F,106,55,90,106,114.3,CPCB_CCU_Bidhannagar,12.214
PROP-E818EE74734E,47,25,42,47,80.0,CPCB_CCU_Victoria,10.834
PROP-0305D32366B2,47,25,42,47,80.0,CPCB_CCU_Victoria,12.433
PROP-B64824F564F4,106,55,90,106,114.3,CPCB_CCU_Bidhannagar,24.309
PROP-7100839F9773,154,81,133,154,171.3,CPCB_CCU_Bidhannagar,15.406
PROP-C575E824AB0E,108,56,92,108,106.3,CPCB_CCU_Bidhannagar,13.125
PROP-06D0DAA0EFE2,48,25,42,48,90.3,CPCB_CCU_Bidhannagar,13.336
PROP-39EB7F771781,166,88,144,166,159.7,CPCB_CCU_Bidhannagar,24.309
PROP-81EF362EBECE,114,62,101,114,75.0,CPCB_CCU_Bidhannagar,12.08
PROP-A3AF58BA6E3D,118,62,101,118,72.3,CPCB_CCU_Bidhannagar,4.72
PROP-6907678B6015,100,56,91,100,111.7,CPCB_CCU_Bidhannagar,13.63
PROP-946F8B273210,128,71,117,128,75.3,CPCB_CCU_Bidhannagar,3.429
PROP-90FD603946D7,53,27,45,53,87.0,CPCB_CCU_Bidhannagar,22.562
PROP-91743DD9B5F2,119,64,104,119,71.3,CPCB_CCU_Victoria,6.952
PROP-80916DAA8395,115,63,103,115,70.7,CPCB_CCU_Bidhannagar,1.52
PROP-641D725540B6,115,63,103,115,70.7,CPCB_CCU_Bidhannagar,4.72
PROP-387B92C9041D,100,56,91,100,111.7,CPCB_CCU_Bidhannagar,1.52
PROP-0C1CCC1B621E,115,63,103,115,70.7,CPCB_CCU_Bidhannagar,6.015
PROP-C9A2C940885C,118,62,101,118,72.3,CPCB_CCU_Bidhannagar,13.376
PROP-4E9E082C8957,161,90,147,161,161.0,CPCB_CCU_Victoria,4.429
PROP-13622B23DAF2,115,63,103,115,70.7,CPCB_CCU_Bidhannagar,5.913
PROP-9AF5AE6096F0,106,55,90,106,114.3,CPCB_CCU_Bidhannagar,18.348
PROP-8B94E02DE71B,161,90,147,161,161.0,CPCB_CCU_Victoria,9.161
PROP-043C0A690401,99,51,84,99,97.3,CPCB_CCU_Victoria,15.652
PROP-E60D397E3128,117,61,101,117,71.7,CPCB_CCU_Victoria,4.429
PROP-60381980B1B3,85,49,80,85,94.3,CPCB_CCU_Victoria,20.708
PROP-D08A5EDEFD32,57,32,53,57,91.0,CPCB_CCU_Bidhannagar,2.394
PROP-3FB114EA811B,117,61,101,117,71.7,CPCB_CCU_Victoria,8.796
PROP-F7D39D692225,46,24,39,46,80.0,CPCB_CCU_Victoria,11.729
PROP-5B83C9868B63,114,62,101,114,75.0,CPCB_CCU_Bidhannagar,4.745
PROP-82E152F7236F,47,25,42,47,80.0,CPCB_CCU_Victoria,11.729
PROP-C367A712CEE6,117,61,101,117,71.7,CPCB_CCU_Victoria,15.313
PROP-7793157358EA,161,90,147,161,161.0,CPCB_CCU_Victoria,5.552
PROP-BDA2A15E4E49,111,62,102,111,113.0,CPCB_CCU_Bidhannagar,10.551
PROP-13F72F2ABBF5,108,56,92,108,106.3,CPCB_CCU_Bidhannagar,18.809
PROP-7ACDA5E233BE,47,24,40,47,76.3,CPCB_CCU_Victoria,19.416
PROP-2360BD445897,106,58,95,106,105.7,CPCB_CCU_Bidhannagar,10.551
PROP-514DA52875B9,126,68,112,126,76.0,CPCB_CCU_Bidhannagar,1.52
PROP-6AE9BC303703,169,96,158,169,173.7,CPCB_CCU_Bidhannagar,10.551
PROP-A32186A71B02,94,50,82,94,104.7,CPCB_CCU_Victoria,19.416
PROP-296A5EDDFEF1,46,24,39,46,80.3,CPCB_CCU_Victoria,11.22
PROP-496AC6060362,162,89,145,162,167.3,CPCB_CCU_Bidhannagar,2.394
PROP-287FF60116AB,145,82,135,145,145.3,CPCB_CCU_Victoria,5.552
PROP-E0B412DBFC18,53,27,45,53,87.0,CPCB_CCU_Bidhannagar,12.214
PROP-08CB57B0C697,53,27,45,53,87.0,CPCB_CCU_Bidhannagar,12.214
PROP-DB7894658BEF,158,83,136,158,157.3,CPCB_CCU_Victoria,4.138
PROP-F04A334BD729,154,81,133,154,171.3,CPCB_CCU_Bidhannagar,10.781
PROP-866DCF251E8B,115,63,103,115,70.7,CPCB_CCU_Bidhannagar,12.214
PROP-F0F80401FD42,128,71,117,128,75.3,CPCB_CCU_Bidhannagar,6.658
PROP-858150077A50,117,61,101,117,71.7,CPCB_CCU_Victoria,12.292
PROP-134947AA9BFF,51,27,45,51,81.3,CPCB_CCU_Bidhannagar,6.015
PROP-84649CF2EAE2,106,58,95,106,105.7,CPCB_CCU_Bidhannagar,12.08
PROP-8209B4F66285,158,83,136,158,157.3,CPCB_CCU_Victoria,16.785
PROP-AED26BC1EF00,47,25,42,47,80.0,CPCB_CCU_Victoria,11.237
PROP-44494B8B4349,47,25,42,47,80.0,CPCB_CCU_Victoria,4.138
PROP-B6912F70E569,126,68,112,126,76.0,CPCB_CCU_Bidhannagar,3.429
PROP-444BCC09B996,106,55,90,106,114.3,CPCB_CCU_Bidhannagar,18.362
PROP-0E8C043CFEF5,99,51,84,99,97.3,CPCB_CCU_Victoria,30.514
PROP-4131D283AF10,108,56,92,108,106.3,CPCB_CCU_Bidhannagar,12.214
PROP-7CFBF28FD1DF,85,49,80,85,94.3,CPCB_CCU_Victoria,18.447
PROP-861323E5DAF8,106,55,90,106,114.3,CPCB_CCU_Bidhannagar,0.837
PROP-D95FAFCCB4D8,111,62,102,111,113.0,CPCB_CCU_Bidhannagar,10.781
PROP-62D01FCFF93E,48,25,42,48,90.3,CPCB_CCU_Bidhannagar,22.562
PROP-6EC06EA6494A,114,65,107,114,69.7,CPCB_CCU_Victoria,8.796
PROP-9198C404EE5E,117,61,101,117,71.7,CPCB_CCU_Victoria,8.796
PROP-027D4A1D5B9F,104,57,94,104,100.3,CPCB_CCU_Victoria,13.291
PROP-3E351217DCA4,46,24,39,46,80.3,CPCB_CCU_Victoria,13.291
PROP-BFA6204FA84D,94,50,82,94,104.7,CPCB_CCU_Victoria,11.729
PROP-A9DC951C2E36,47,25,42,47,80.0,CPCB_CCU_Victoria,11.994
PROP-41716324E5F2,169,96,158,169,173.7,CPCB_CCU_Bidhannagar,10.551
PROP-94C5932EB2C3,169,96,158,169,173.7,CPCB_CCU_Bidhannagar,4.883
PROP-BF07EE23FA5C,53,27,45,53,84.0,CPCB_CCU_Bidhannagar,17.323
PROP-E052C36DF149,114,65,107,114,69.7,CPCB_CCU_Victoria,17.864
PROP-FE7C351FC38D,46,24,39,46,80.3,CPCB_CCU_Victoria,8.796
PROP-0F8F1277BCAE,53,27,45,53,84.0,CPCB_CCU_Bidhannagar,10.551
PROP-1AEE0D9D61CD,128,71,117,128,75.3,CPCB_CCU_Bidhannagar,10.551
PROP-FD3E8CFEA67C,53,27,45,53,87.0,CPCB_CCU_Bidhannagar,10.551
PROP-67DF1432EBC9,154,81,133,154,171.3,CPCB_CCU_Bidhannagar,18.362
PROP-A5B17D9D25B5,106,58,95,106,105.7,CPCB_CCU_Bidhannagar,12.08
PROP-1E1E7036816A,100,56,91,100,111.7,CPCB_CCU_Bidhannagar,12.08
PROP-8AF8FE15F102,53,27,45,53,84.0,CPCB_CCU_Bidhannagar,10.405
PROP-1EA346B858E2,104,57,94,104,100.3,CPCB_CCU_Victoria,11.729
PROP-46D40E5A99E6,111,62,102,111,113.0,CPCB_CCU_Bidhannagar,14.509
PROP-C8BCC652FF67,119,68,111,119,69.7,CPCB_CCU_Victoria,7.222
PROP-9215D5757F2C,94,50,82,94,104.7,CPCB_CCU_Victoria,11.237
PROP-12EABA5FA362,161,90,147,161,161.0,CPCB_CCU_Victoria,12.412
PROP-DC52033E8B09,111,62,102,111,113.0,CPCB_CCU_Bidhannagar,10.551
PROP-BF054C979F3D,46,24,39,46,80.0,CPCB_CCU_Victoria,15.313
PROP-95DEF2676027,100,56,91,100,111.7,CPCB_CCU_Bidhannagar,19.308
PROP-B8DC299ED665,169,96,158,169,173.7,CPCB_CCU_Bidhannagar,24.706
PROP-1037812F5549,47,25,42,47,80.0,CPCB_CCU_Victoria,9.678
PROP-68008C46DB72,162,89,145,162,167.3,CPCB_CCU_Bidhannagar,16.204
PROP-0839A69A25E7,57,32,53,57,91.0,CPCB_CCU_Bidhannagar,21.852
PROP-05A0599313EE,116,66,109,116,68.7,CPCB_CCU_Victoria,12.399
PROP-330B44BAE1A8,119,64,104,119,71.3,CPCB_CCU_Victoria,10.834
PROP-B1ED30DCB9C9,145,82,135,145,145.3,CPCB_CCU_Victoria,15.652
PROP-C5085E4E23EC,104,57,94,104,100.3,CPCB_CCU_Victoria,15.313
PROP-3E2507834883,100,56,91,100,111.7,CPCB_CCU_Bidhannagar,15.425
PROP-816047DA4CA7,161,90,147,161,161.0,CPCB_CCU_Victoria,23.975
PROP-BD0E74381B2B,166,88,144,166,159.7,CPCB_CCU_Bidhannagar,24.706
PROP-A74394D953FE,99,51,84,99,97.3,CPCB_CCU_Victoria,6.952
PROP-306322985930,42,23,38,42,80.0,CPCB_CCU_Victoria,11.994
PROP-04EEA0E2FB57,100,56,91,100,111.7,CPCB_CCU_Bidhannagar,22.7
PROP-E45EFF56102C,114,62,101,114,75.0,CPCB_CCU_Bidhannagar,8.157
PROP-6100B7C5311D,100,56,91,100,111.7,CPCB_CCU_Bidhannagar,1.52
PROP-F0FB9C7DB72A,94,50,82,94,104.7,CPCB_CCU_Victoria,19.38
PROP-25B00CB2B241,118,62,101,118,72.3,CPCB_CCU_Bidhannagar,4.674
PROP-9532399E6432,145,82,135,145,145.3,CPCB_CCU_Victoria,4.138
PROP-98A84FC0F2EA,51,27,45,51,81.3,CPCB_CCU_Bidhannagar,18.348
PROP-E6985FD200BD,106,58,95,106,105.7,CPCB_CCU_Bidhannagar,2.394
PROP-ECDE2C47360A,119,64,104,119,71.3,CPCB_CCU_Victoria,15.313
PROP-23EA9D1A65C3,104,57,94,104,100.3,CPCB_CCU_Victoria,10.834
PROP-FD34712DECDF,106,58,95,106,105.7,CPCB_CCU_Bidhannagar,14.509
PROP-84FDBC6BFD68,118,62,101,118,72.3,CPCB_CCU_Bidhannagar,13.376
PROP-4D88D33D99D4,126,68,112,126,76.0,CPCB_CCU_Bidhannagar,12.08
PROP-45A1923FED7E,51,27,45,51,81.3,CPCB_CCU_Bidhannagar,12.08
PROP-AA61BFAB996B,145,82,135,145,145.3,CPCB_CCU_Victoria,13.884
PROP-240A5ED43FF2,126,68,112,126,76.0,CPCB_CCU_Bidhannagar,12.08
PROP-E1400AEBC247,57,32,53,57,91.0,CPCB_CCU_Bidhannagar,18.348
PROP-9C34FF43D250,114,62,101,114,75.0,CPCB_CCU_Bidhannagar,22.562
PROP-4E35796D71CA,115,63,103,115,70.7,CPCB_CCU_Bidhannagar,12.08
PROP-613214026DEC,57,32,53,57,91.0,CPCB_CCU_Bidhannagar,23.582
PROP-43F235A850B8,115,63,103,115,70.7,CPCB_CCU_Bidhannagar,13.968
PROP-B2A1B4C6C6EC,100,56,91,100,111.7,CPCB_CCU_Bidhannagar,2.563
PROP-D9AB17827EE2,48,25,42,48,90.3,CPCB_CCU_Bidhannagar,10.405
PROP-04DF4A1A83D2,128,71,117,128,75.3,CPCB_CCU_Bidhannagar,2.563
PROP-28DCB6DEA183,154,81,133,154,171.3,CPCB_CCU_Bidhannagar,5.913
PROP-79A0F1672B4E,47,24,40,47,76.3,CPCB_CCU_Victoria,5.798
PROP-BF823BA039FD,162,89,145,162,167.3,CPCB_CCU_Bidhannagar,7.312
PROP-F05C6E8A0DBE,100,56,91,100,111.7,CPCB_CCU_Bidhannagar,6.063
PROP-56BDE9B49EA7,106,58,95,106,105.7,CPCB_CCU_Bidhannagar,10.781
PROP-782BD3820A56,166,88,144,166,159.7,CPCB_CCU_Bidhannagar,3.429
PROP-6F6EF9900AC2,94,50,82,94,104.7,CPCB_CCU_Victoria,18.643
PROP-3F79833482E4,47,24,40,47,76.3,CPCB_CCU_Victoria,11.237
PROP-64DEA4F39B04,166,88,144,166,159.7,CPCB_CCU_Bidhannagar,22.7
PROP-A5405688FEF0,47,25,42,47,80.0,CPCB_CCU_Victoria,18.643
PROP-461074289D00,85,49,80,85,94.3,CPCB_CCU_Victoria,18.643
PROP-AB4915D67815,145,82,135,145,145.3,CPCB_CCU_Victoria,5.552
PROP-1ABF579D4BF3,126,68,112,126,76.0,CPCB_CCU_Bidhannagar,13.614
PROP-52876DCB1DCE,145,82,135,145,145.3,CPCB_CCU_Victoria,18.643
PROP-FC8EEB5BF799,114,62,101,114,75.0,CPCB_CCU_Bidhannagar,17.323
PROP-0594701827BA,85,49,80,85,94.3,CPCB_CCU_Victoria,17.63
PROP-F15549A718FE,100,56,91,100,111.7,CPCB_CCU_Bidhannagar,18.148
PROP-33534A71FD3A,106,55,90,106,114.3,CPCB_CCU_Bidhannagar,18.348
PROP-70FA6D51646B,99,51,84,99,97.3,CPCB_CCU_Victoria,11.237
PROP-77281B3AAB24,47,25,42,47,80.0,CPCB_CCU_Victoria,7.769
PROP-D803019AEA6C,53,27,45,53,84.0,CPCB_CCU_Bidhannagar,2.009
PROP-515DB0408A80,128,71,117,128,75.3,CPCB_CCU_Bidhannagar,4.076
PROP-036E70B3D838,126,68,112,126,76.0,CPCB_CCU_Bidhannagar,13.711
PROP-8C2092D62E75,154,81,133,154,171.3,CPCB_CCU_Bidhannagar,4.883
PROP-9659CFDF61AC,152,80,131,152,150.0,CPCB_CCU_Victoria,19.02
PROP-9DA3F99F0C36,116,66,109,116,68.7,CPCB_CCU_Victoria,12.292
PROP-01BF3FFF557F,169,96,158,169,173.7,CPCB_CCU_Bidhannagar,4.076
PROP-A2280BE86468,158,83,136,158,157.3,CPCB_CCU_Victoria,18.643
PROP-584946860006,53,27,45,53,87.0,CPCB_CCU_Bidhannagar,6.812
PROP-F0D54074FBBC,117,61,101,117,71.7,CPCB_CCU_Victoria,11.237
PROP-3E8951FDA735,47,25,42,47,80.0,CPCB_CCU_Victoria,11.237
PROP-4776467A6E02,116,66,109,116,68.7,CPCB_CCU_Victoria,18.643
PROP-876CAC1AB17A,118,62,101,118,72.3,CPCB_CCU_Bidhannagar,4.72
PROP-C5B1A78CB3A8,162,89,145,162,167.3,CPCB_CCU_Bidhannagar,21.415
PROP-C52F4D39B865,46,24,39,46,80.3,CPCB_CCU_Victoria,19.02
PROP-36DB0AAA8703,48,25,42,48,90.3,CPCB_CCU_Bidhannagar,3.429
PROP-13278B9FB63B,53,27,45,53,84.0,CPCB_CCU_Bidhannagar,13.968
PROP-803B2E7AC409,169,96,158,169,173.7,CPCB_CCU_Bidhannagar,4.72
PROP-3278CF95A2C9,152,80,131,152,150.0,CPCB_CCU_Victoria,21.747
PROP-72C4959F420B,126,68,112,126,76.0,CPCB_CCU_Bidhannagar,8.157
PROP-10A36B0CDF58,53,27,45,53,84.0,CPCB_CCU_Bidhannagar,18.348
PROP-856CC5444A7F,115,63,103,115,70.7,CPCB_CCU_Bidhannagar,12.214
PROP-E90DA06490F1,106,58,95,106,105.7,CPCB_CCU_Bidhannagar,23.036
PROP-B82F1CAF98A5,100,56,91,100,111.7,CPCB_CCU_Bidhannagar,21.181
PROP-DFFC24057330,145,82,135,145,145.3,CPCB_CCU_Victoria,22.901
PROP-6F186047F1E6,99,51,84,99,97.3,CPCB_CCU_Victoria,18.643
PROP-A283D0D4DBFA,42,23,38,42,80.0,CPCB_CCU_Victoria,11.237
PROP-BEA8C3115ADC,115,63,103,115,70.7,CPCB_CCU_Bidhannagar,17.11
PROP-B51C2C8DFC3E,42,23,38,42,80.0,CPCB_CCU_Victoria,10.834
PROP-0199D6D70F9F,154,81,133,154,171.3,CPCB_CCU_Bidhannagar,15.425
PROP-9864402A8364,154,81,133,154,171.3,CPCB_CCU_Bidhannagar,15.425
PROP-4E51300A6062,114,65,107,114,69.7,CPCB_CCU_Victoria,17.265
PROP-7CDF376AB586,114,62,101,114,75.0,CPCB_CCU_Bidhannagar,4.72
PROP-546A56F05C80,145,82,135,145,145.3,CPCB_CCU_Victoria,18.643
PROP-46F4596A5C19,108,56,92,108,106.3,CPCB_CCU_Bidhannagar,4.72
PROP-7048225A5B32,94,50,82,94,104.7,CPCB_CCU_Victoria,15.652
PROP-79142883924B,114,62,101,114,75.0,CPCB_CCU_Bidhannagar,15.425
PROP-9CF47C0F1B86,48,25,42,48,90.3,CPCB_CCU_Bidhannagar,22.861
PROP-3004E4162713,42,23,38,42,80.0,CPCB_CCU_Victoria,19.02
PROP-9C5C0313BD11,114,65,107,114,69.7,CPCB_CCU_Victoria,16.949
PROP-3F09795EB2B8,114,65,107,114,69.7,CPCB_CCU_Victoria,30.514
PROP-64E52DFB09B1,158,83,136,158,157.3,CPCB_CCU_Victoria,15.652
PROP-A412139EF885,94,50,82,94,104.7,CPCB_CCU_Victoria,19.693
PROP-91B6496F7981,111,62,102,111,113.0,CPCB_CCU_Bidhannagar,13.968
PROP-39EC83EEADAB,166,88,144,166,159.7,CPCB_CCU_Bidhannagar,15.391
PROP-E7104E6734F4,57,32,53,57,91.0,CPCB_CCU_Bidhannagar,13.968
PROP-8A768B15D13A,57,32,53,57,91.0,CPCB_CCU_Bidhannagar,23.036
PROP-9E400251BAD6,119,64,104,119,71.3,CPCB_CCU_Victoria,8.196
PROP-502C690C434F,100,56,91,100,111.7,CPCB_CCU_Bidhannagar,17.323
PROP-6711B3E3C78A,114,65,107,114,69.7,CPCB_CCU_Victoria,11.237
PROP-CAD968DA010A,111,62,102,111,113.0,CPCB_CCU_Bidhannagar,17.323
PROP-E50E6A24D421,100,56,91,100,111.7,CPCB_CCU_Bidhannagar,7.855
PROP-1D05086FEECD,162,89,145,162,167.3,CPCB_CCU_Bidhannagar,2.563
PROP-793B2AF0FE27,93,51,84,93,98.0,CPCB_CCU_Victoria,18.643
PROP-737CE3D1E7D2,111,62,102,111,113.0,CPCB_CCU_Bidhannagar,2.563
PROP-3AAFD97DC83F,47,24,40,47,76.3,CPCB_CCU_Victoria,10.81
PROP-8DE0D9BEEBDB,119,64,104,119,71.3,CPCB_CCU_Victoria,18.643
PROP-3E7C45FE56D7,104,57,94,104,100.3,CPCB_CCU_Victoria,6.952
PROP-EB28F14B6394,53,27,45,53,84.0,CPCB_CCU_Bidhannagar,24.706
PROP-D8550D6C368A,94,50,82,94,104.7,CPCB_CCU_Victoria,7.259
PROP-93089255A20E,128,71,117,128,75.3,CPCB_CCU_Bidhannagar,18.148
PROP-9B2AF39BF9B8,161,90,147,161,161.0,CPCB_CCU_Victoria,18.643
PROP-C3EF890C5CC2,118,62,101,118,72.3,CPCB_CCU_Bidhannagar,21.181
PROP-D68542AFE17B,126,68,112,126,76.0,CPCB_CCU_Bidhannagar,5.065
PROP-D042D08FB89F,104,57,94,104,100.3,CPCB_CCU_Victoria,5.798
PROP-54B393B1A215,108,56,92,108,106.3,CPCB_CCU_Bidhannagar,2.394
PROP-BECC6BCDAB9F,126,68,112,126,76.0,CPCB_CCU_Bidhannagar,8.711
PROP-8B1252F72A9A,126,68,112,126,76.0,CPCB_CCU_Bidhannagar,2.563
PROP-62CC09ED9346,169,96,158,169,173.7,CPCB_CCU_Bidhannagar,3.429
PROP-FC169902A1E2,119,68,111,119,69.7,CPCB_CCU_Victoria,21.747
PROP-3868179D3B69,85,49,80,85,94.3,CPCB_CCU_Victoria,21.747
PROP-688AA9075937,51,27,45,51,81.3,CPCB_CCU_Bidhannagar,3.429
PROP-B54999287D5A,161,90,147,161,161.0,CPCB_CCU_Victoria,15.652
PROP-6C223B580192,48,25,42,48,90.3,CPCB_CCU_Bidhannagar,7.312
PROP-F791550CE838,154,81,133,154,171.3,CPCB_CCU_Bidhannagar,3.429
PROP-BBFEB0024346,114,65,107,114,69.7,CPCB_CCU_Victoria,18.643
PROP-3332782CB5A3,53,27,45,53,84.0,CPCB_CCU_Bidhannagar,23.582
PROP-DF407EBE3FF5,108,56,92,108,106.3,CPCB_CCU_Bidhannagar,6.92
PROP-46447B52139E,145,82,135,145,145.3,CPCB_CCU_Victoria,18.643
PROP-60A8992057EF,116,66,109,116,68.7,CPCB_CCU_Victoria,18.643
PROP-CC3311C67EBB,94,50,82,94,104.7,CPCB_CCU_Victoria,18.643
PROP-D6B9634E045C,53,27,45,53,84.0,CPCB_CCU_Bidhannagar,2.563
PROP-4764A08E1DBE,48,25,42,48,90.3,CPCB_CCU_Bidhannagar,13.376
PROP-5FBE4C659191,108,56,92,108,106.3,CPCB_CCU_Bidhannagar,3.429
PROP-1D7EC68A8A59,42,23,38,42,80.0,CPCB_CCU_Victoria,19.111
PROP-3A74B50B46BC,119,68,111,119,69.7,CPCB_CCU_Victoria,13.553
PROP-F38D2CBB252D,158,83,136,158,157.3,CPCB_CCU_Victoria,11.237
PROP-618DC1EB52A4,104,57,94,104,100.3,CPCB_CCU_Victoria,11.237
PROP-E97CC8C50BCE,53,27,45,53,84.0,CPCB_CCU_Bidhannagar,5.065
PROP-EF09CA4355A3,46,24,39,46,80.3,CPCB_CCU_Victoria,19.111
PROP-71CC7CE2690F,106,55,90,106,114.3,CPCB_CCU_Bidhannagar,19.308
PROP-8D360869E6C3,152,80,131,152,150.0,CPCB_CCU_Victoria,26.162
PROP-446B718653AA,42,23,38,42,80.0,CPCB_CCU_Victoria,5.798
PROP-66846DF385D2,93,51,84,93,98.0,CPCB_CCU_Victoria,7.259
PROP-28B28BB8998F,115,63,103,115,70.7,CPCB_CCU_Bidhannagar,13.614
PROP-EEC03A85BA75,106,58,95,106,105.7,CPCB_CCU_Bidhannagar,23.036
PROP-34C4D64DF385,154,81,133,154,171.3,CPCB_CCU_Bidhannagar,22.7
PROP-3CD331F3F276,53,27,45,53,84.0,CPCB_CCU_Bidhannagar,18.362
PROP-0EA32E92F64D,115,63,103,115,70.7,CPCB_CCU_Bidhannagar,19.507
PROP-1EB5FE7A6117,145,82,135,145,145.3,CPCB_CCU_Victoria,8.144
PROP-D058B8353129,42,23,38,42,80.0,CPCB_CCU_Victoria,21.747
PROP-603DAD64B6B3,128,71,117,128,75.3,CPCB_CCU_Bidhannagar,5.913
PROP-F2E79903ADD6,154,81,133,154,171.3,CPCB_CCU_Bidhannagar,8.157
PROP-80741C9FB4E0,99,51,84,99,97.3,CPCB_CCU_Victoria,23.175
PROP-875F8AD8216F,106,55,90,106,114.3,CPCB_CCU_Bidhannagar,27.121
PROP-E14B981ADE67,128,71,117,128,75.3,CPCB_CCU_Bidhannagar,13.336
PROP-4955AE8E77E1,100,56,91,100,111.7,CPCB_CCU_Bidhannagar,13.968
PROP-5AAF9AA62D01,118,62,101,118,72.3,CPCB_CCU_Bidhannagar,15.425
PROP-35DF6D440BE9,118,62,101,118,72.3,CPCB_CCU_Bidhannagar,12.214
PROP-A18F2ABADD39,154,81,133,154,171.3,CPCB_CCU_Bidhannagar,4.72
PROP-993A8827A3EE,166,88,144,166,159.7,CPCB_CCU_Bidhannagar,2.394
PROP-109263109BED,128,71,117,128,75.3,CPCB_CCU_Bidhannagar,12.602
PROP-EF39E08A9BB0,116,66,109,116,68.7,CPCB_CCU_Victoria,19.38
PROP-2CEA46066DA3,57,32,53,57,91.0,CPCB_CCU_Bidhannagar,17.548
PROP-A27B476CBAD5,166,88,144,166,159.7,CPCB_CCU_Bidhannagar,14.489
PROP-4E8D70D84643,115,63,103,115,70.7,CPCB_CCU_Bidhannagar,12.602
PROP-BC4FED086AB6,99,51,84,99,97.3,CPCB_CCU_Victoria,4.429
PROP-0B39006D8ABE,48,25,42,48,90.3,CPCB_CCU_Bidhannagar,7.312
PROP-5E00BAEE3698,169,96,158,169,173.7,CPCB_CCU_Bidhannagar,3.127
PROP-A88BC527D33A,145,82,135,145,145.3,CPCB_CCU_Victoria,11.994
PROP-23C717C8A4E6,106,58,95,106,105.7,CPCB_CCU_Bidhannagar,2.394
PROP-4811FF29FE2D,162,89,145,162,167.3,CPCB_CCU_Bidhannagar,18.348
PROP-40C2ED8D4858,47,25,42,47,80.0,CPCB_CCU_Victoria,6.641
PROP-EB1D5FC16EB4,128,71,117,128,75.3,CPCB_CCU_Bidhannagar,15.425
PROP-8F67DD805AD3,114,65,107,114,69.7,CPCB_CCU_Victoria,19.416
PROP-F6374C8B0A70,57,32,53,57,91.0,CPCB_CCU_Bidhannagar,21.181
PROP-441E1534B0B5,169,96,158,169,173.7,CPCB_CCU_Bidhannagar,12.214
PROP-134FD67B2953,154,81,133,154,171.3,CPCB_CCU_Bidhannagar,15.547
PROP-9BF02151019A,99,51,84,99,97.3,CPCB_CCU_Victoria,11.22
PROP-50AE5262C875,85,49,80,85,94.3,CPCB_CCU_Victoria,10.834
PROP-847E6F96F715,46,24,39,46,80.3,CPCB_CCU_Victoria,18.643
PROP-1BCEA45AC9A8,57,32,53,57,91.0,CPCB_CCU_Bidhannagar,23.036
PROP-7F84B15A40CE,104,57,94,104,100.3,CPCB_CCU_Victoria,7.259
PROP-D25DF13BE0D6,104,57,94,104,100.3,CPCB_CCU_Victoria,20.708
PROP-B84F23FE3DDE,53,27,45,53,87.0,CPCB_CCU_Bidhannagar,2.247
PROP-2D37566EC6CA,119,68,111,119,69.7,CPCB_CCU_Victoria,6.894
PROP-BB76A5EDD8CA,94,50,82,94,104.7,CPCB_CCU_Victoria,19.38
PROP-F0CBEC709D9A,169,96,158,169,173.7,CPCB_CCU_Bidhannagar,13.968
PROP-35BD069CCB35,117,61,101,117,71.7,CPCB_CCU_Victoria,4.429
PROP-9AABDC748366,119,64,104,119,71.3,CPCB_CCU_Victoria,11.994
PROP-AFB43365D147,106,55,90,106,114.3,CPCB_CCU_Bidhannagar,12.214
PROP-8EA1805DD68B,114,65,107,114,69.7,CPCB_CCU_Victoria,18.643
PROP-6FE54B81B5AF,152,80,131,152,150.0,CPCB_CCU_Victoria,2.903
PROP-A5F49A56E79B,152,80,131,152,150.0,CPCB_CCU_Victoria,19.266
PROP-AD47B9451A04,158,83,136,158,157.3,CPCB_CCU_Victoria,17.097
PROP-A25837FE2A48,114,62,101,114,75.0,CPCB_CCU_Bidhannagar,17.323
PROP-4904CEB67BDD,53,27,45,53,84.0,CPCB_CCU_Bidhannagar,18.148
PROP-8A296C85B7B4,42,23,38,42,80.0,CPCB_CCU_Victoria,12.093
PROP-C594FD695CB3,48,25,42,48,90.3,CPCB_CCU_Bidhannagar,13.968
PROP-68B318F31785,85,49,80,85,94.3,CPCB_CCU_Victoria,10.834
PROP-B30ADDBF92DC,158,83,136,158,157.3,CPCB_CCU_Victoria,9.161
PROP-CCC1FC060BA0,158,83,136,158,157.3,CPCB_CCU_Victoria,18.643
PROP-8C4BABEF613E,108,56,92,108,106.3,CPCB_CCU_Bidhannagar,15.861
PROP-FF8CE513D4ED,51,27,45,51,81.3,CPCB_CCU_Bidhannagar,2.009
PROP-5230C44FAD99,162,89,145,162,167.3,CPCB_CCU_Bidhannagar,3.429
PROP-E633244CA11D,47,24,40,47,76.3,CPCB_CCU_Victoria,5.798
PROP-98B4E298F8E4,169,96,158,169,173.7,CPCB_CCU_Bidhannagar,24.706
PROP-FA0C5D4DDCD4,47,24,40,47,76.3,CPCB_CCU_Victoria,15.63
PROP-24D2DC2A8857,47,25,42,47,80.0,CPCB_CCU_Victoria,19.38
PROP-D1F3BE6617A7,114,65,107,114,69.7,CPCB_CCU_Victoria,26.162
PROP-0DC4C6AF622B,126,68,112,126,76.0,CPCB_CCU_Bidhannagar,23.036
PROP-9BBD27CEFE61,114,62,101,114,75.0,CPCB_CCU_Bidhannagar,18.148
PROP-4B75315D6B3E,47,25,42,47,80.0,CPCB_CCU_Victoria,5.552
PROP-2336884FBA10,166,88,144,166,159.7,CPCB_CCU_Bidhannagar,24.706
PROP-49BF80BC1131,118,62,101,118,72.3,CPCB_CCU_Bidhannagar,7.312
PROP-D10678876C50,169,96,158,169,173.7,CPCB_CCU_Bidhannagar,4.674
PROP-75C72ACB1848,47,24,40,47,76.3,CPCB_CCU_Victoria,18.643
PROP-479883273D6D,126,68,112,126,76.0,CPCB_CCU_Bidhannagar,0.837
PROP-3F8497F68D6C,111,62,102,111,113.0,CPCB_CCU_Bidhannagar,1.52
PROP-D31E38855EE0,126,68,112,126,76.0,CPCB_CCU_Bidhannagar,13.376
PROP-FB4B2818558B,128,71,117,128,75.3,CPCB_CCU_Bidhannagar,10.405
PROP-D794FE0B72E7,119,64,104,119,71.3,CPCB_CCU_Victoria,9.621
PROP-E9F1FDFE752D,94,50,82,94,104.7,CPCB_CCU_Victoria,2.903
PROP-B135FA2574F3,42,23,38,42,80.0,CPCB_CCU_Victoria,22.901
PROP-C6BCDFF8ACB0,46,24,39,46,80.0,CPCB_CCU_Victoria,19.38
PROP-F5F6ECEB68A3,47,24,40,47,76.3,CPCB_CCU_Victoria,9.621
PROP-205B0C3A873A,115,63,103,115,70.7,CPCB_CCU_Bidhannagar,3.429
PROP-28BDB93AB05C,46,24,39,46,80.3,CPCB_CCU_Victoria,18.643
PROP-B1B9153B540D,46,24,39,46,80.3,CPCB_CCU_Victoria,6.825
PROP-5F58BCEB803D,114,65,107,114,69.7,CPCB_CCU_Victoria,17.097
PROP-26AB4EF80225,48,25,42,48,90.3,CPCB_CCU_Bidhannagar,25.186
PROP-23B2B2D15A89,53,27,45,53,84.0,CPCB_CCU_Bidhannagar,4.883
PROP-351AC2693E47,106,55,90,106,114.3,CPCB_CCU_Bidhannagar,17.323
PROP-7B8A106A72F9,47,24,40,47,76.3,CPCB_CCU_Victoria,19.02
PROP-112DB67EAB66,108,56,92,108,106.3,CPCB_CCU_Bidhannagar,19.308
PROP-FC3715904A86,114,65,107,114,69.7,CPCB_CCU_Victoria,16.785
PROP-B1B54C57E926,152,80,131,152,150.0,CPCB_CCU_Victoria,10.957
PROP-8E8B33778AD0,46,24,39,46,80.3,CPCB_CCU_Victoria,7.259
PROP-A1B5911D637B,166,88,144,166,159.7,CPCB_CCU_Bidhannagar,7.312
PROP-AA0F0DFCBD68,114,62,101,114,75.0,CPCB_CCU_Bidhannagar,23.036
PROP-A8E700D2DB00,47,25,42,47,80.0,CPCB_CCU_Victoria,18.643
PROP-A932A321E81E,117,61,101,117,71.7,CPCB_CCU_Victoria,19.416
PROP-C661DBDEC1B4,119,68,111,119,69.7,CPCB_CCU_Victoria,18.643
PROP-F0FA532195C3,42,23,38,42,80.0,CPCB_CCU_Victoria,15.652
PROP-A391943544CD,145,82,135,145,145.3,CPCB_CCU_Victoria,12.399
PROP-876C9F81AFB0,94,50,82,94,104.7,CPCB_CCU_Victoria,9.621
PROP-D94297C9E081,53,27,45,53,87.0,CPCB_CCU_Bidhannagar,4.883
PROP-17B025C576DB,53,27,45,53,87.0,CPCB_CCU_Bidhannagar,3.429
PROP-AF6DFD39DE24,57,32,53,57,91.0,CPCB_CCU_Bidhannagar,7.645
PROP-42C2CA4C06DC,53,27,45,53,84.0,CPCB_CCU_Bidhannagar,8.157
PROP-8942E6D331DD,51,27,45,51,81.3,CPCB_CCU_Bidhannagar,15.818
PROP-43A48104BC8C,169,96,158,169,173.7,CPCB_CCU_Bidhannagar,24.706
PROP-AA3E34D38534,161,90,147,161,161.0,CPCB_CCU_Victoria,30.514
PROP-4448AAF1C673,161,90,147,161,161.0,CPCB_CCU_Victoria,15.652
PROP-F30C894B0934,145,82,135,145,145.3,CPCB_CCU_Victoria,6.641
PROP-DBE9C5041997,158,83,136,158,157.3,CPCB_CCU_Victoria,18.643
PROP-D6E7C3EDDCB0,46,24,39,46,80.0,CPCB_CCU_Victoria,15.741
PROP-BFB6F71B0C7C,99,51,84,99,97.3,CPCB_CCU_Victoria,10.834
PROP-9D11BD57D32D,106,55,90,106,114.3,CPCB_CCU_Bidhannagar,13.125
PROP-8D6C84EEC373,166,88,144,166,159.7,CPCB_CCU_Bidhannagar,3.429
PROP-7F29EF3265F1,145,82,135,145,145.3,CPCB_CCU_Victoria,11.237
PROP-DCAF01927C72,169,96,158,169,173.7,CPCB_CCU_Bidhannagar,18.494
PROP-39F78DFC7E46,154,81,133,154,171.3,CPCB_CCU_Bidhannagar,24.706
PROP-A86E68497042,154,81,133,154,171.3,CPCB_CCU_Bidhannagar,13.501
PROP-E8062D233DCC,162,89,145,162,167.3,CPCB_CCU_Bidhannagar,2.394
PROP-F675330A6DAA,154,81,133,154,171.3,CPCB_CCU_Bidhannagar,18.348
PROP-0A19937F8406,114,62,101,114,75.0,CPCB_CCU_Bidhannagar,13.501
PROP-0472AA5A0EDA,42,23,38,42,80.0,CPCB_CCU_Victoria,10.81
PROP-F8611C276663,51,27,45,51,81.3,CPCB_CCU_Bidhannagar,19.507
PROP-56BC781E9685,145,82,135,145,145.3,CPCB_CCU_Victoria,15.652
PROP-FB1B4186740F,53,27,45,53,87.0,CPCB_CCU_Bidhannagar,23.582
PROP-9822EEF82ABC,57,32,53,57,91.0,CPCB_CCU_Bidhannagar,3.429
PROP-4A832DAD4E6A,53,27,45,53,84.0,CPCB_CCU_Bidhannagar,8.979
PROP-0F528F0338D6,108,56,92,108,106.3,CPCB_CCU_Bidhannagar,12.08
PROP-593883E7F25E,85,49,80,85,94.3,CPCB_CCU_Victoria,16.785
PROP-AC8864CDEA5B,154,81,133,154,171.3,CPCB_CCU_Bidhannagar,25.186
PROP-DBB48D5422C1,162,89,145,162,167.3,CPCB_CCU_Bidhannagar,6.015
PROP-26E49056EB39,162,89,145,162,167.3,CPCB_CCU_Bidhannagar,7.312
PROP-838DFF53AA5B,126,68,112,126,76.0,CPCB_CCU_Bidhannagar,25.186
PROP-138E0EC862FD,104,57,94,104,100.3,CPCB_CCU_Victoria,19.02
PROP-E84BEEA47BC3,126,68,112,126,76.0,CPCB_CCU_Bidhannagar,1.52
PROP-148BB89A7939,114,62,101,114,75.0,CPCB_CCU_Bidhannagar,19.507
PROP-9F47CE0786E7,145,82,135,145,145.3,CPCB_CCU_Victoria,18.643
PROP-106BC321EBEB,57,32,53,57,91.0,CPCB_CCU_Bidhannagar,2.563
PROP-EE9919856925,46,24,39,46,80.3,CPCB_CCU_Victoria,19.111
PROP-A92615D46C2C,85,49,80,85,94.3,CPCB_CCU_Victoria,11.237
PROP-325E1F69B5E9,106,58,95,106,105.7,CPCB_CCU_Bidhannagar,2.247
PROP-F628F5153BD4,169,96,158,169,173.7,CPCB_CCU_Bidhannagar,2.957
PROP-16021330F472,93,51,84,93,98.0,CPCB_CCU_Victoria,12.093
PROP-743E59D7357A,162,89,145,162,167.3,CPCB_CCU_Bidhannagar,2.009
PROP-9A88E671894F,106,58,95,106,105.7,CPCB_CCU_Bidhannagar,13.336
PROP-3EDB03C9B0F2,106,55,90,106,114.3,CPCB_CCU_Bidhannagar,5.176
PROP-8DD0CFB79C30,161,90,147,161,161.0,CPCB_CCU_Victoria,18.643
PROP-BE2CB37A12F0,162,89,145,162,167.3,CPCB_CCU_Bidhannagar,14.509
PROP-E9AA40D73839,116,66,109,116,68.7,CPCB_CCU_Victoria,23.062
PROP-C9949DC0A262,116,66,109,116,68.7,CPCB_CCU_Victoria,19.111
PROP-AA2741A50344,119,64,104,119,71.3,CPCB_CCU_Victoria,17.097
PROP-8F4FCFAC4949,162,89,145,162,167.3,CPCB_CCU_Bidhannagar,16.382
PROP-12B14AD4F4A2,53,27,45,53,87.0,CPCB_CCU_Bidhannagar,23.036
PROP-A3B6B64973DC,111,62,102,111,113.0,CPCB_CCU_Bidhannagar,24.706
PROP-90A578D67367,46,24,39,46,80.0,CPCB_CCU_Victoria,18.643
PROP-D255D8E5A688,118,62,101,118,72.3,CPCB_CCU_Bidhannagar,8.887
PROP-0138AA87560F,114,65,107,114,69.7,CPCB_CCU_Victoria,17.265
PROP-96E056482E02,116,66,109,116,68.7,CPCB_CCU_Victoria,23.175
PROP-E26BF1864AC2,158,83,136,158,157.3,CPCB_CCU_Victoria,17.866
PROP-0DC18E07C3FE,47,24,40,47,76.3,CPCB_CCU_Victoria,17.265
PROP-7B3BA08D3550,94,50,82,94,104.7,CPCB_CCU_Victoria,20.09
PROP-A78DD05D28AC,47,24,40,47,76.3,CPCB_CCU_Victoria,13.291
PROP-DC6FE8B2ECFF,42,23,38,42,80.0,CPCB_CCU_Victoria,15.025
PROP-E6557E0A32EC,47,25,42,47,80.0,CPCB_CCU_Victoria,7.175
PROP-41B7DD7707F0,48,25,42,48,90.3,CPCB_CCU_Bidhannagar,13.968
PROP-9A31F2DB7B59,42,23,38,42,80.0,CPCB_CCU_Victoria,17.866
PROP-95F5F8A5DECD,46,24,39,46,80.3,CPCB_CCU_Victoria,20.708
PROP-845AFB3474FA,93,51,84,93,98.0,CPCB_CCU_Victoria,29.664
PROP-01D3B9D9377F,154,81,133,154,171.3,CPCB_CCU_Bidhannagar,2.563
PROP-8E85F82DF4B7,47,24,40,47,76.3,CPCB_CCU_Victoria,11.237
PROP-095D9D56D407,53,27,45,53,87.0,CPCB_CCU_Bidhannagar,4.883
PROP-1CBBDB11BA3D,152,80,131,152,150.0,CPCB_CCU_Victoria,9.621
PROP-3EF5D59E22EA,118,62,101,118,72.3,CPCB_CCU_Bidhannagar,4.883
PROP-333C23E77FA3,47,24,40,47,76.3,CPCB_CCU_Victoria,12.093
PROP-96279773FAC3,94,50,82,94,104.7,CPCB_CCU_Victoria,7.175
PROP-E9080267F231,158,83,136,158,157.3,CPCB_CCU_Victoria,18.643
PROP-854A420F597A,126,68,112,126,76.0,CPCB_CCU_Bidhannagar,1.52
PROP-D31E055D3ECC,154,81,133,154,171.3,CPCB_CCU_Bidhannagar,19.308
PROP-6EC4675C1FDE,117,61,101,117,71.7,CPCB_CCU_Victoria,12.093
PROP-8AF3B2A9DC19,53,27,45,53,84.0,CPCB_CCU_Bidhannagar,8.711
PROP-407C8860EB19,104,57,94,104,100.3,CPCB_CCU_Victoria,17.539
PROP-47BA97FD77AF,94,50,82,94,104.7,CPCB_CCU_Victoria,12.433
PROP-C63273F13D88,47,25,42,47,80.0,CPCB_CCU_Victoria,19.111
PROP-A443175B5D49,48,25,42,48,90.3,CPCB_CCU_Bidhannagar,17.548
PROP-9C3701503380,106,58,95,106,105.7,CPCB_CCU_Bidhannagar,24.706
PROP-4010988E783E,99,51,84,99,97.3,CPCB_CCU_Victoria,5.552
PROP-D65173D92F61,85,49,80,85,94.3,CPCB_CCU_Victoria,17.866
PROP-807D8A2831AE,42,23,38,42,80.0,CPCB_CCU_Victoria,17.386
PROP-AF4A80740D13,100,56,91,100,111.7,CPCB_CCU_Bidhannagar,13.125
PROP-FA8C0436DBDA,57,32,53,57,91.0,CPCB_CCU_Bidhannagar,19.662
PROP-6164FAE622DF,85,49,80,85,94.3,CPCB_CCU_Victoria,5.552
PROP-ABB06370F93A,106,55,90,106,114.3,CPCB_CCU_Bidhannagar,1.52
PROP-97157472ADBE,99,51,84,99,97.3,CPCB_CCU_Victoria,10.834
PROP-F790731992E8,42,23,38,42,80.0,CPCB_CCU_Victoria,15.652
PROP-38DFBBC56413,117,61,101,117,71.7,CPCB_CCU_Victoria,30.514
PROP-5FE3596633C7,152,80,131,152,150.0,CPCB_CCU_Victoria,16.852
PROP-E5CB7201C47D,126,68,112,126,76.0,CPCB_CCU_Bidhannagar,1.52
PROP-D88DA75AD149,47,25,42,47,80.0,CPCB_CCU_Victoria,11.237
PROP-8E71E99F0AF5,126,68,112,126,76.0,CPCB_CCU_Bidhannagar,6.902
PROP-2C0439C32019,47,24,40,47,76.3,CPCB_CCU_Victoria,19.02
PROP-C09ABFE6575A,108,56,92,108,106.3,CPCB_CCU_Bidhannagar,19.507
PROP-7CF1253EFBEE,46,24,39,46,80.3,CPCB_CCU_Victoria,11.237
PROP-9F23D9BB8722,46,24,39,46,80.0,CPCB_CCU_Victoria,10.81
PROP-F73942A97515,53,27,45,53,87.0,CPCB_CCU_Bidhannagar,27.172
PROP-47668C4234C3,85,49,80,85,94.3,CPCB_CCU_Victoria,23.139
PROP-FD2EB90C2818,158,83,136,158,157.3,CPCB_CCU_Victoria,11.237
PROP-E8E86B079FDA,46,24,39,46,80.3,CPCB_CCU_Victoria,17.265
PROP-9E2FB4D154F2,104,57,94,104,100.3,CPCB_CCU_Victoria,6.894
PROP-0BCA0499A5B3,145,82,135,145,145.3,CPCB_CCU_Victoria,9.621
PROP-DD6275E21730,162,89,145,162,167.3,CPCB_CCU_Bidhannagar,15.391
PROP-7F188849F1C9,158,83,136,158,157.3,CPCB_CCU_Victoria,7.259
PROP-3DC428064925,119,68,111,119,69.7,CPCB_CCU_Victoria,18.643
PROP-6AE5936E06B0,47,25,42,47,80.0,CPCB_CCU_Victoria,9.678
PROP-1EFDFD8C61EA,47,25,42,47,80.0,CPCB_CCU_Victoria,6.894
PROP-03978FEEE744,158,83,136,158,157.3,CPCB_CCU_Victoria,5.798
PROP-43E198BD7F07,126,68,112,126,76.0,CPCB_CCU_Bidhannagar,12.08
PROP-3D778C336018,108,56,92,108,106.3,CPCB_CCU_Bidhannagar,10.418
PROP-60C7B219568E,47,24,40,47,76.3,CPCB_CCU_Victoria,5.798
PROP-529374667B36,106,55,90,106,114.3,CPCB_CCU_Bidhannagar,1.52
PROP-80012361ED25,119,68,111,119,69.7,CPCB_CCU_Victoria,11.237
PROP-3D4EC677E291,94,50,82,94,104.7,CPCB_CCU_Victoria,6.894
PROP-F9C3173DDAB8,47,24,40,47,76.3,CPCB_CCU_Victoria,11.22
PROP-B9DC0BF4D417,145,82,135,145,145.3,CPCB_CCU_Victoria,14.72
PROP-FFA9DD62FF15,111,62,102,111,113.0,CPCB_CCU_Bidhannagar,18.148
PROP-22FCFA4F06D9,47,24,40,47,76.3,CPCB_CCU_Victoria,8.196
PROP-7E1B4E230F7B,162,89,145,162,167.3,CPCB_CCU_Bidhannagar,0.837
PROP-F7996C67C809,100,56,91,100,111.7,CPCB_CCU_Bidhannagar,17.323
PROP-71F79046C30F,169,96,158,169,173.7,CPCB_CCU_Bidhannagar,2.009
PROP-C8F0B0020069,166,88,144,166,159.7,CPCB_CCU_Bidhannagar,6.015
PROP-3B74DC8CBB6B,166,88,144,166,159.7,CPCB_CCU_Bidhannagar,25.186
PROP-3EEDDC56699C,119,68,111,119,69.7,CPCB_CCU_Victoria,15.652
PROP-C3ED228683E2,152,80,131,152,150.0,CPCB_CCU_Victoria,3.095
PROP-C9D7AFD5A42F,94,50,82,94,104.7,CPCB_CCU_Victoria,3.095
PROP-0892667AE84C,115,63,103,115,70.7,CPCB_CCU_Bidhannagar,22.562
PROP-BA443155CFB6,46,24,39,46,80.3,CPCB_CCU_Victoria,2.903
PROP-1E57CD943833,119,68,111,119,69.7,CPCB_CCU_Victoria,3.095
PROP-F75EDB53DE61,169,96,158,169,173.7,CPCB_CCU_Bidhannagar,16.382
PROP-B5C5275AB9C6,116,66,109,116,68.7,CPCB_CCU_Victoria,15.741
PROP-5069640185B1,118,62,101,118,72.3,CPCB_CCU_Bidhannagar,6.92
PROP-98D3F5130E55,108,56,92,108,106.3,CPCB_CCU_Bidhannagar,15.547
PROP-CD9E44BF51F3,152,80,131,152,150.0,CPCB_CCU_Victoria,11.22
PROP-C43582DA5CDF,47,24,40,47,76.3,CPCB_CCU_Victoria,7.79
PROP-06955C15C29C,158,83,136,158,157.3,CPCB_CCU_Victoria,18.643
PROP-9EBE35AB0CEE,99,51,84,99,97.3,CPCB_CCU_Victoria,3.095
PROP-0E28E91CEB26,104,57,94,104,100.3,CPCB_CCU_Victoria,6.926
PROP-FE305EAADF69,128,71,117,128,75.3,CPCB_CCU_Bidhannagar,17.323
PROP-50CAE0F1FDF0,119,68,111,119,69.7,CPCB_CCU_Victoria,3.095
PROP-5F83B933CE5E,169,96,158,169,173.7,CPCB_CCU_Bidhannagar,8.157
PROP-3D2539F1780C,161,90,147,161,161.0,CPCB_CCU_Victoria,7.175
PROP-375C52BC021C,51,27,45,51,81.3,CPCB_CCU_Bidhannagar,2.247
PROP-5906B8C624C1,114,65,107,114,69.7,CPCB_CCU_Victoria,17.097
PROP-1757F11BCD10,166,88,144,166,159.7,CPCB_CCU_Bidhannagar,15.425
PROP-94DDE8111A37,169,96,158,169,173.7,CPCB_CCU_Bidhannagar,2.247
PROP-ED4D95B048F0,128,71,117,128,75.3,CPCB_CCU_Bidhannagar,14.509
PROP-DB9DA102F34C,53,27,45,53,84.0,CPCB_CCU_Bidhannagar,1.52
PROP-9D0CF91D0629,106,58,95,106,105.7,CPCB_CCU_Bidhannagar,15.547
PROP-02A35F3BF71F,85,49,80,85,94.3,CPCB_CCU_Victoria,6.641
PROP-B355C98429A1,57,32,53,57,91.0,CPCB_CCU_Bidhannagar,21.181
PROP-E9DB0881822D,126,68,112,126,76.0,CPCB_CCU_Bidhannagar,13.968
PROP-736D56D14674,106,55,90,106,114.3,CPCB_CCU_Bidhannagar,2.563
PROP-84DA88BBEE31,48,25,42,48,90.3,CPCB_CCU_Bidhannagar,13.376
PROP-905D6D2D2CDF,40,23,37,40,71.0,CPCB_PNQ_Shivajinagar,13.506
PROP-7331EC441CD7,96,50,82,96,60.7,CPCB_PNQ_Hadapsar,7.735
PROP-0DDF7E695194,75,41,68,75,84.7,CPCB_PNQ_Shivajinagar,25.375
PROP-4EEF50E87B50,120,69,113,120,123.0,CPCB_PNQ_Shivajinagar,18.979
PROP-C279F0441449,120,69,113,120,123.0,CPCB_PNQ_Shivajinagar,16.65
PROP-37132C8EC6B5,136,72,118,136,128.0,CPCB_PNQ_Hadapsar,15.993
PROP-4A9CF07A6040,82,45,74,82,85.0,CPCB_PNQ_Shivajinagar,22.265
PROP-D9ABC57BD4ED,91,50,82,91,57.7,CPCB_PNQ_Shivajinagar,13.506
PROP-FD22ACE9A225,98,51,84,98,62.0,CPCB_PNQ_Hadapsar,9.557
PROP-F69B6B7555D5,38,21,34,38,70.7,CPCB_PNQ_Hadapsar,17.835
PROP-CB8D60E2332F,76,42,69,76,88.0,CPCB_PNQ_Hadapsar,16.022
PROP-9393906B5934,41,21,35,41,70.7,CPCB_PNQ_Hadapsar,15.217
PROP-1E491B7063A2,102,56,92,102,62.7,CPCB_PNQ_Hadapsar,16.254
PROP-38DC8496A098,91,50,82,91,57.7,CPCB_PNQ_Shivajinagar,24.931
PROP-C55578CA2FCB,91,48,78,91,55.0,CPCB_PNQ_Shivajinagar,20.16
PROP-78842D2E8B1D,40,22,36,40,69.7,CPCB_PNQ_Hadapsar,13.151
PROP-EDD8ACC61F96,36,19,32,36,65.3,CPCB_PNQ_Shivajinagar,18.65
PROP-1810B603FE98,36,19,32,36,65.3,CPCB_PNQ_Shivajinagar,25.375
PROP-416DE648ECB0,125,67,110,125,130.0,CPCB_PNQ_Shivajinagar,15.509
PROP-79C82CF2D92C,74,41,67,74,84.0,CPCB_PNQ_Shivajinagar,9.982
PROP-ED0F0C749FE5,96,53,88,96,62.0,CPCB_PNQ_Hadapsar,11.77
PROP-2EB410824DA6,122,66,108,122,127.0,CPCB_PNQ_Shivajinagar,17.875
PROP-1B93814AC333,120,69,113,120,123.0,CPCB_PNQ_Shivajinagar,23.554
PROP-6BFB4074FB8D,88,50,83,88,93.7,CPCB_PNQ_Hadapsar,14.081
PROP-BC775DC72D96,102,56,92,102,62.7,CPCB_PNQ_Hadapsar,9.267
PROP-EF8621FDC4F1,40,23,37,40,71.0,CPCB_PNQ_Shivajinagar,18.979
PROP-94FB9881E333,36,19,32,36,65.3,CPCB_PNQ_Shivajinagar,15.251
PROP-BCF66CCC482E,122,66,108,122,127.0,CPCB_PNQ_Shivajinagar,1.514
PROP-A63407650B34,88,46,76,88,88.7,CPCB_PNQ_Shivajinagar,23.486
PROP-60521D71F2A7,88,46,76,88,88.7,CPCB_PNQ_Shivajinagar,17.875
PROP-F084F1A91EE5,93,49,81,93,60.7,CPCB_PNQ_Hadapsar,5.694
PROP-F69A8AF58CCE,40,23,37,40,71.0,CPCB_PNQ_Shivajinagar,23.554
PROP-8C381DB35A4A,138,78,127,138,132.7,CPCB_PNQ_Shivajinagar,18.979
PROP-50742D86B4C6,39,21,35,39,67.0,CPCB_PNQ_Shivajinagar,5.158
PROP-47AF4F9458EE,91,48,79,91,93.0,CPCB_PNQ_Hadapsar,9.267
PROP-86F9FA383481,79,41,68,79,87.7,CPCB_PNQ_Hadapsar,12.016
PROP-45A805E96752,75,41,68,75,84.7,CPCB_PNQ_Shivajinagar,23.486
PROP-FA32005E1037,41,21,35,41,70.7,CPCB_PNQ_Hadapsar,12.371
PROP-52E52F035B97,42,22,37,42,71.7,CPCB_PNQ_Hadapsar,14.951
PROP-7464C68FEDCA,138,78,127,138,132.7,CPCB_PNQ_Shivajinagar,2.181
PROP-01BF57DC37CC,120,69,113,120,123.0,CPCB_PNQ_Shivajinagar,17.875
PROP-C096DDFA0B4B,98,51,84,98,62.0,CPCB_PNQ_Hadapsar,6.14
PROP-F9CCEFF4E4A1,40,22,36,40,69.7,CPCB_PNQ_Hadapsar,14.743
PROP-906C4D9BF500,89,50,82,89,55.0,CPCB_PNQ_Shivajinagar,13.44
PROP-DE93B035A606,89,50,82,89,55.0,CPCB_PNQ_Shivajinagar,20.079
PROP-3B935FB140F7,84,48,78,84,85.3,CPCB_PNQ_Shivajinagar,17.875
PROP-2B9F2F03B344,95,50,82,95,56.7,CPCB_PNQ_Shivajinagar,22.265
PROP-46393C703E6B,88,46,76,88,88.7,CPCB_PNQ_Shivajinagar,17.113
PROP-6901F1400A4F,42,23,38,42,70.0,CPCB_PNQ_Shivajinagar,9.982
PROP-6FA8E0FF3F74,38,21,34,38,70.7,CPCB_PNQ_Hadapsar,12.016
PROP-291F2BD7BFDA,88,50,83,88,93.7,CPCB_PNQ_Hadapsar,5.694
PROP-F9DEED3CDEBA,41,21,35,41,70.7,CPCB_PNQ_Hadapsar,6.828
PROP-BC05B08055EF,84,48,78,84,85.3,CPCB_PNQ_Shivajinagar,3.2
PROP-28E4BEFDF5E3,91,50,82,91,57.7,CPCB_PNQ_Shivajinagar,25.212
PROP-8C1CA6438655,40,23,37,40,71.0,CPCB_PNQ_Shivajinagar,25.212
PROP-60A423C25668,98,51,84,98,62.0,CPCB_PNQ_Hadapsar,19.15
PROP-36781586427B,76,42,69,76,88.0,CPCB_PNQ_Hadapsar,6.391
PROP-79C5F46E0121,89,50,82,89,55.0,CPCB_PNQ_Shivajinagar,22.265
PROP-EAB169842763,96,55,90,96,58.3,CPCB_PNQ_Shivajinagar,2.117
PROP-F2FF25D374B1,40,23,37,40,71.0,CPCB_PNQ_Shivajinagar,13.506
PROP-39695C604ABC,88,50,83,88,93.7,CPCB_PNQ_Hadapsar,12.371
PROP-FB6156207A5B,125,67,110,125,130.0,CPCB_PNQ_Shivajinagar,23.554
PROP-A6DEE08F539C,87,48,79,87,92.3,CPCB_PNQ_Hadapsar,6.876
PROP-A5A61FF5D36B,39,21,35,39,67.0,CPCB_PNQ_Shivajinagar,1.514
PROP-96246147059C,93,49,81,93,60.7,CPCB_PNQ_Hadapsar,9.267
PROP-407185FFD75D,141,75,124,141,132.3,CPCB_PNQ_Hadapsar,14.189
PROP-9E290867001F,88,46,76,88,88.7,CPCB_PNQ_Shivajinagar,18.65
PROP-797D98722493,91,48,78,91,55.0,CPCB_PNQ_Shivajinagar,23.33
PROP-297F55A484FF,36,19,32,36,65.3,CPCB_PNQ_Shivajinagar,15.251
PROP-07121D137D70,36,19,32,36,65.3,CPCB_PNQ_Shivajinagar,23.33
PROP-642BB9757EF2,39,21,35,39,67.0,CPCB_PNQ_Shivajinagar,17.804
PROP-A2402D94B622,96,55,90,96,58.3,CPCB_PNQ_Shivajinagar,23.486
PROP-70607435AC51,39,21,35,39,67.0,CPCB_PNQ_Shivajinagar,18.65
PROP-AD32951ED85B,42,23,38,42,70.0,CPCB_PNQ_Shivajinagar,17.804
PROP-64B734341CB3,84,48,78,84,85.3,CPCB_PNQ_Shivajinagar,23.486
PROP-C31FE07DE410,39,21,35,39,67.0,CPCB_PNQ_Shivajinagar,20.079
PROP-388F1785A2FB,87,48,79,87,92.3,CPCB_PNQ_Hadapsar,7.735
PROP-37DBD8F43E24,95,50,82,95,56.7,CPCB_PNQ_Shivajinagar,23.554
PROP-E12060B5FCF0,44,22,37,44,67.7,CPCB_PNQ_Shivajinagar,22.708
PROP-83F435AD3FA0,75,41,68,75,84.7,CPCB_PNQ_Shivajinagar,13.432
PROP-0F626108ABFA,82,45,74,82,85.0,CPCB_PNQ_Shivajinagar,23.336
PROP-8C62DC6C70F3,84,48,78,84,85.3,CPCB_PNQ_Shivajinagar,23.33
PROP-EA860C2B4F3A,40,23,37,40,71.0,CPCB_PNQ_Shivajinagar,19.442
PROP-B82A3CD53324,148,77,126,148,144.7,CPCB_PNQ_Hadapsar,12.016
PROP-273FCE269CBC,75,41,68,75,84.7,CPCB_PNQ_Shivajinagar,18.979
PROP-E029C24AC9D6,41,21,35,41,70.7,CPCB_PNQ_Hadapsar,4.328
PROP-4442232F537D,76,42,69,76,88.0,CPCB_PNQ_Hadapsar,13.383
PROP-CBDD9BFBC924,44,22,37,44,67.7,CPCB_PNQ_Shivajinagar,2.181
PROP-8774CB8D5957,87,48,79,87,92.3,CPCB_PNQ_Hadapsar,5.694
PROP-1C0872352F2C,91,50,82,91,57.7,CPCB_PNQ_Shivajinagar,22.125
PROP-8D87E92AF3E5,96,55,90,96,58.3,CPCB_PNQ_Shivajinagar,25.375
PROP-5511F23BB930,91,50,82,91,57.7,CPCB_PNQ_Shivajinagar,25.212
PROP-C478F2F33020,44,22,37,44,67.7,CPCB_PNQ_Shivajinagar,15.251
PROP-67F9C3A6F426,125,67,110,125,130.0,CPCB_PNQ_Shivajinagar,19.834
PROP-D365A7B2C57D,44,22,37,44,67.7,CPCB_PNQ_Shivajinagar,18.441
PROP-4FA0B724AB7E,39,21,35,39,67.0,CPCB_PNQ_Shivajinagar,17.57
PROP-264FD2328F44,39,21,35,39,67.0,CPCB_PNQ_Shivajinagar,9.982
PROP-51DFA6EBBD7E,41,21,35,41,70.7,CPCB_PNQ_Hadapsar,13.794
PROP-645AF32E8632,96,50,82,96,60.7,CPCB_PNQ_Hadapsar,19.15
PROP-D28FA2BECF8B,88,46,76,88,88.7,CPCB_PNQ_Shivajinagar,22.125
PROP-E2D30AE9A7C4,120,69,113,120,123.0,CPCB_PNQ_Shivajinagar,3.468
PROP-198A4414CF17,44,22,37,44,67.7,CPCB_PNQ_Shivajinagar,23.33
PROP-E51783745F25,125,67,110,125,130.0,CPCB_PNQ_Shivajinagar,10.198
PROP-67F0E3A92727,42,22,37,42,71.7,CPCB_PNQ_Hadapsar,15.217
PROP-665D802F0169,91,50,82,91,57.7,CPCB_PNQ_Shivajinagar,11.38
PROP-823079CAD719,74,41,67,74,84.0,CPCB_PNQ_Shivajinagar,21.521
PROP-8E3FB41B1969,40,22,36,40,69.7,CPCB_PNQ_Hadapsar,9.229
PROP-5CFE9A04B1E4,84,48,78,84,85.3,CPCB_PNQ_Shivajinagar,18.65
PROP-3FF46C38BF99,88,46,76,88,88.7,CPCB_PNQ_Shivajinagar,23.554
PROP-710A7AD53365,42,23,38,42,70.0,CPCB_PNQ_Shivajinagar,13.506
PROP-2B35F16461E5,125,67,110,125,130.0,CPCB_PNQ_Shivajinagar,23.554
PROP-AD421BD5654A,44,22,37,44,67.7,CPCB_PNQ_Shivajinagar,13.506
PROP-2499B6B962B9,91,50,82,91,57.7,CPCB_PNQ_Shivajinagar,18.979
PROP-E9C292CAC076,95,50,82,95,56.7,CPCB_PNQ_Shivajinagar,5.58
PROP-6411562B27BE,120,69,113,120,123.0,CPCB_PNQ_Shivajinagar,18.979
PROP-56E0E054E485,141,75,124,141,132.3,CPCB_PNQ_Hadapsar,3.49
PROP-047393173888,96,53,88,96,62.0,CPCB_PNQ_Hadapsar,11.599
PROP-DFC217AC51EA,40,22,36,40,69.7,CPCB_PNQ_Hadapsar,12.653
PROP-D8CBCE1A045D,74,41,67,74,84.0,CPCB_PNQ_Shivajinagar,2.943
PROP-B35DFC75A5FE,91,48,78,91,55.0,CPCB_PNQ_Shivajinagar,15.251
PROP-6F87C6949E2F,136,72,118,136,128.0,CPCB_PNQ_Hadapsar,11.77
PROP-3E61B0569702,91,48,78,91,55.0,CPCB_PNQ_Shivajinagar,8.815
PROP-5BF7390BA415,138,78,127,138,132.7,CPCB_PNQ_Shivajinagar,2.309
PROP-DB8D30BDF1A5,40,23,37,40,71.0,CPCB_PNQ_Shivajinagar,18.979
PROP-937E09E564E6,141,75,124,141,132.3,CPCB_PNQ_Hadapsar,14.189
PROP-57C133EE9A3B,96,55,90,96,58.3,CPCB_PNQ_Shivajinagar,18.65
PROP-14ECABC8797D,141,75,124,141,132.3,CPCB_PNQ_Hadapsar,14.081
PROP-63ED74E3C718,91,48,78,91,55.0,CPCB_PNQ_Shivajinagar,10.587
PROP-B969D5972835,91,50,82,91,57.7,CPCB_PNQ_Shivajinagar,22.708
PROP-DA65E2F7E61E,75,41,68,75,84.7,CPCB_PNQ_Shivajinagar,3.468
PROP-7A7FCD008DE6,122,66,108,122,127.0,CPCB_PNQ_Shivajinagar,16.65
PROP-50C67EA09DDF,89,50,82,89,55.0,CPCB_PNQ_Shivajinagar,7.765
PROP-39824A75C93B,141,75,124,141,132.3,CPCB_PNQ_Hadapsar,5.694
PROP-1532965BA1D6,120,69,113,120,123.0,CPCB_PNQ_Shivajinagar,15.251
PROP-7AE878A48D04,38,21,34,38,70.7,CPCB_PNQ_Hadapsar,9.267
PROP-29F88F6C6B44,91,50,82,91,57.7,CPCB_PNQ_Shivajinagar,18.979
PROP-A89DEC4D47BB,41,21,35,41,70.7,CPCB_PNQ_Hadapsar,5.694
PROP-BD59812CAEA1,75,41,68,75,84.7,CPCB_PNQ_Shivajinagar,3.119
PROP-A34E2BB95BEA,84,48,78,84,85.3,CPCB_PNQ_Shivajinagar,20.563
PROP-9E0138AA52AA,91,48,78,91,55.0,CPCB_PNQ_Shivajinagar,23.554
PROP-1438DD0FFDE8,39,21,35,39,67.0,CPCB_PNQ_Shivajinagar,2.943
PROP-11C1A941365D,40,23,37,40,71.0,CPCB_PNQ_Shivajinagar,15.509
PROP-1267116ECD04,39,21,35,39,67.0,CPCB_PNQ_Shivajinagar,23.33
PROP-1CC0A8FE515A,42,23,38,42,70.0,CPCB_PNQ_Shivajinagar,1.787
PROP-0B5474B60C82,120,69,113,120,123.0,CPCB_PNQ_Shivajinagar,9.982
PROP-DC71D530A9A8,74,41,67,74,84.0,CPCB_PNQ_Shivajinagar,10.587
PROP-5A625B3F343A,96,55,90,96,58.3,CPCB_PNQ_Shivajinagar,3.119
PROP-E854D280AFD7,39,21,35,39,67.0,CPCB_PNQ_Shivajinagar,20.079
PROP-83972844F88F,36,19,32,36,65.3,CPCB_PNQ_Shivajinagar,23.33
PROP-5810F23C024B,39,21,35,39,67.0,CPCB_PNQ_Shivajinagar,9.982
PROP-8FA1D2F1669C,42,23,38,42,70.0,CPCB_PNQ_Shivajinagar,15.509
PROP-BB14256C4AAA,40,23,37,40,71.0,CPCB_PNQ_Shivajinagar,17.113
PROP-5049B14ABD88,138,78,127,138,132.7,CPCB_PNQ_Shivajinagar,17.875
PROP-72E62ED3630A,39,21,35,39,67.0,CPCB_PNQ_Shivajinagar,18.979
PROP-253D51BD96B1,82,45,74,82,85.0,CPCB_PNQ_Shivajinagar,18.979
PROP-D526001C2890,39,21,35,39,67.0,CPCB_PNQ_Shivajinagar,15.251
PROP-3598322BDB96,74,41,67,74,84.0,CPCB_PNQ_Shivajinagar,26.826
PROP-3F31D9A6FB6E,42,23,38,42,70.0,CPCB_PNQ_Shivajinagar,18.441
PROP-2F8BDA241ED9,95,50,82,95,56.7,CPCB_PNQ_Shivajinagar,18.441
PROP-683C29FA8F2A,96,50,82,96,60.7,CPCB_PNQ_Hadapsar,7.735
PROP-122BD5E3E7F5,74,41,67,74,84.0,CPCB_PNQ_Shivajinagar,18.979
PROP-FDEA4D5A4072,40,23,37,40,71.0,CPCB_PNQ_Shivajinagar,23.554
PROP-A064E07831EE,93,49,81,93,60.7,CPCB_PNQ_Hadapsar,15.217
PROP-56DF1657DCFC,125,67,110,125,130.0,CPCB_PNQ_Shivajinagar,11.447
PROP-06905B228E82,42,23,38,42,70.0,CPCB_PNQ_Shivajinagar,4.704
PROP-32977CCFD9E1,36,19,32,36,65.3,CPCB_PNQ_Shivajinagar,2.943
PROP-828BD8F8C394,120,69,113,120,123.0,CPCB_PNQ_Shivajinagar,22.265
PROP-EDB14523B641,125,67,110,125,130.0,CPCB_PNQ_Shivajinagar,11.447
PROP-CA5D94687CE5,102,56,92,102,62.7,CPCB_PNQ_Hadapsar,15.217
PROP-5D0D2776197A,120,69,113,120,123.0,CPCB_PNQ_Shivajinagar,2.181
PROP-D47A58EA54B9,89,50,82,89,55.0,CPCB_PNQ_Shivajinagar,4.704
PROP-AE1BEB81751C,138,78,127,138,132.7,CPCB_PNQ_Shivajinagar,20.079
PROP-D53FF51A19B7,82,45,74,82,85.0,CPCB_PNQ_Shivajinagar,11.447
PROP-5A9592DB1F1D,44,22,37,44,67.7,CPCB_PNQ_Shivajinagar,18.979
PROP-43AF163981C9,44,22,37,44,67.7,CPCB_PNQ_Shivajinagar,15.509
PROP-BD9DCED9F2E3,125,67,110,125,130.0,CPCB_PNQ_Shivajinagar,3.119
PROP-4ADB2F3FB31D,40,22,36,40,69.7,CPCB_PNQ_Hadapsar,16.022
PROP-F9DCDB747D11,38,20,33,38,66.0,CPCB_PNQ_Hadapsar,7.735
PROP-ECE45B3B674E,74,41,67,74,84.0,CPCB_PNQ_Shivajinagar,10.198
PROP-604BE6291861,95,50,82,95,56.7,CPCB_PNQ_Shivajinagar,21.398
PROP-B2EB85AF0C22,88,46,76,88,88.7,CPCB_PNQ_Shivajinagar,2.943
PROP-D61B05DBE3C8,120,69,113,120,123.0,CPCB_PNQ_Shivajinagar,2.181
PROP-1A64980AA894,96,50,82,96,60.7,CPCB_PNQ_Hadapsar,14.951
PROP-3C00CDAE3560,84,48,78,84,85.3,CPCB_PNQ_Shivajinagar,15.342
PROP-1F9A947187E4,95,50,82,95,56.7,CPCB_PNQ_Shivajinagar,23.554
PROP-7171986C6A37,44,22,37,44,67.7,CPCB_PNQ_Shivajinagar,17.804
PROP-EF3024EDB6E5,88,50,83,88,93.7,CPCB_PNQ_Hadapsar,15.217
PROP-3D5136DA2799,95,50,82,95,56.7,CPCB_PNQ_Shivajinagar,10.587
PROP-4703C9CFC424,137,74,122,137,141.0,CPCB_PNQ_Hadapsar,19.15
PROP-CD469FF62FA5,82,45,74,82,85.0,CPCB_PNQ_Shivajinagar,11.38
PROP-DC208C38D2A2,122,66,108,122,127.0,CPCB_PNQ_Shivajinagar,27.786
PROP-FC08BED7CA6B,88,46,76,88,88.7,CPCB_PNQ_Shivajinagar,18.65
PROP-4E0D23223BAC,96,55,90,96,58.3,CPCB_PNQ_Shivajinagar,16.449
PROP-257E6D153A2E,138,78,127,138,132.7,CPCB_PNQ_Shivajinagar,2.181
PROP-70FAABBCD5DD,40,23,37,40,71.0,CPCB_PNQ_Shivajinagar,23.486
PROP-B443BD3DA77D,40,22,36,40,69.7,CPCB_PNQ_Hadapsar,14.951
PROP-CDC86D229780,125,67,110,125,130.0,CPCB_PNQ_Shivajinagar,22.265
PROP-C02EF49D4B6C,91,48,78,91,55.0,CPCB_PNQ_Shivajinagar,18.979
PROP-B75810757E0C,120,69,113,120,123.0,CPCB_PNQ_Shivajinagar,1.787
PROP-76B2C7803F78,38,20,33,38,66.0,CPCB_PNQ_Hadapsar,6.391
PROP-EAD5E77797C9,91,50,82,91,57.7,CPCB_PNQ_Shivajinagar,22.125
PROP-957E3AE33B34,91,48,78,91,55.0,CPCB_PNQ_Shivajinagar,19.072
PROP-623FAF40F12A,88,46,76,88,88.7,CPCB_PNQ_Shivajinagar,18.979
PROP-E0586EB2234A,138,78,127,138,132.7,CPCB_PNQ_Shivajinagar,11.447
PROP-0E523077EC6B,40,23,37,40,71.0,CPCB_PNQ_Shivajinagar,14.004
PROP-34DB63DEEBC4,40,22,36,40,69.7,CPCB_PNQ_Hadapsar,5.694
PROP-7F94948843C9,40,23,37,40,71.0,CPCB_PNQ_Shivajinagar,22.265
PROP-218BB9049506,44,22,37,44,67.7,CPCB_PNQ_Shivajinagar,23.486
PROP-A7645A4CF350,38,20,33,38,66.0,CPCB_PNQ_Hadapsar,11.701
PROP-9E24B80BAFA7,98,51,84,98,62.0,CPCB_PNQ_Hadapsar,11.701
PROP-07164F7C1583,125,67,110,125,130.0,CPCB_PNQ_Shivajinagar,18.979
PROP-E5F20847331B,95,50,82,95,56.7,CPCB_PNQ_Shivajinagar,22.265
PROP-101DBF905E03,125,67,110,125,130.0,CPCB_PNQ_Shivajinagar,18.441
PROP-F41C49950190,40,23,37,40,71.0,CPCB_PNQ_Shivajinagar,20.006
PROP-4F42AA6791A4,91,48,78,91,55.0,CPCB_PNQ_Shivajinagar,10.587
PROP-3B88EDCC967A,79,41,68,79,87.7,CPCB_PNQ_Hadapsar,9.557
PROP-3F2063FC71A1,95,50,82,95,56.7,CPCB_PNQ_Shivajinagar,22.265
PROP-2594F0F48643,125,67,110,125,130.0,CPCB_PNQ_Shivajinagar,18.979
PROP-AF04F0B84455,38,21,34,38,70.7,CPCB_PNQ_Hadapsar,7.735
PROP-025630893E35,96,50,82,96,60.7,CPCB_PNQ_Hadapsar,5.694
PROP-86528BEEFC4D,138,78,127,138,132.7,CPCB_PNQ_Shivajinagar,1.787
PROP-697A9FAE7AE7,148,77,126,148,144.7,CPCB_PNQ_Hadapsar,12.371
PROP-927E49BCA872,122,66,108,122,127.0,CPCB_PNQ_Shivajinagar,10.587
PROP-6AF2F6954CAC,91,50,82,91,57.7,CPCB_PNQ_Shivajinagar,25.212
PROP-FECD40DF8B0C,88,50,83,88,93.7,CPCB_PNQ_Hadapsar,7.735
PROP-54A15FBD6E90,137,74,122,137,141.0,CPCB_PNQ_Hadapsar,4.328
PROP-A5211183BA03,91,50,82,91,57.7,CPCB_PNQ_Shivajinagar,3.119
PROP-E13F0F1D86B8,38,21,34,38,70.7,CPCB_PNQ_Hadapsar,11.968
PROP-C340E611695D,95,50,82,95,56.7,CPCB_PNQ_Shivajinagar,13.506
PROP-1C8A100CECE4,88,50,83,88,93.7,CPCB_PNQ_Hadapsar,23.897
PROP-266267160D85,42,23,38,42,70.0,CPCB_PNQ_Shivajinagar,22.265
PROP-7BF31E4BDEAF,120,69,113,120,123.0,CPCB_PNQ_Shivajinagar,1.787
PROP-91F01E5814F8,40,23,37,40,71.0,CPCB_PNQ_Shivajinagar,20.006
PROP-E82C2D8EEFC3,39,21,35,39,67.0,CPCB_PNQ_Shivajinagar,21.543
PROP-C90729F59C56,91,50,82,91,57.7,CPCB_PNQ_Shivajinagar,22.265
PROP-8214C9D23465,76,42,69,76,88.0,CPCB_PNQ_Hadapsar,19.369
PROP-F3B56E0C838E,74,41,67,74,84.0,CPCB_PNQ_Shivajinagar,21.005
PROP-8DA06DF560C0,136,72,118,136,128.0,CPCB_PNQ_Hadapsar,14.189
PROP-4B9D35DA459B,42,23,38,42,70.0,CPCB_PNQ_Shivajinagar,2.943
PROP-14871A1B0C1F,95,50,82,95,56.7,CPCB_PNQ_Shivajinagar,15.251
PROP-AAE16CAC1828,88,46,76,88,88.7,CPCB_PNQ_Shivajinagar,18.979
PROP-B8B94387843F,38,20,33,38,66.0,CPCB_PNQ_Hadapsar,4.328
PROP-27C570B83E22,41,21,35,41,70.7,CPCB_PNQ_Hadapsar,9.267
PROP-6A9D72A482AC,91,48,78,91,55.0,CPCB_PNQ_Shivajinagar,8.815
PROP-98477347E44B,76,42,69,76,88.0,CPCB_PNQ_Hadapsar,14.951
PROP-0D996F9A4B4F,93,49,81,93,60.7,CPCB_PNQ_Hadapsar,8.256
PROP-ADE4B502F4B6,138,78,127,138,132.7,CPCB_PNQ_Shivajinagar,3.119
PROP-88AB40499984,91,50,82,91,57.7,CPCB_PNQ_Shivajinagar,20.079
PROP-9F26D3A22AA0,74,41,67,74,84.0,CPCB_PNQ_Shivajinagar,25.375
PROP-1E40B5CCA256,44,22,37,44,67.7,CPCB_PNQ_Shivajinagar,3.422
PROP-368E6C65AB81,125,67,110,125,130.0,CPCB_PNQ_Shivajinagar,2.181
PROP-B93BD295DAFC,79,41,68,79,87.7,CPCB_PNQ_Hadapsar,8.206
PROP-C3FA968DA45B,75,41,68,75,84.7,CPCB_PNQ_Shivajinagar,11.38
PROP-9378D7A8A632,82,45,74,82,85.0,CPCB_PNQ_Shivajinagar,23.299
PROP-4200F3F35484,93,49,81,93,60.7,CPCB_PNQ_Hadapsar,13.794
PROP-546B42AECBFF,148,77,126,148,144.7,CPCB_PNQ_Hadapsar,8.256
PROP-D179801CB015,38,21,34,38,70.7,CPCB_PNQ_Hadapsar,9.557
PROP-AFB53419B792,40,23,37,40,71.0,CPCB_PNQ_Shivajinagar,2.181
PROP-50394F774E73,44,22,37,44,67.7,CPCB_PNQ_Shivajinagar,22.125
PROP-97A900EA3419,91,50,82,91,57.7,CPCB_PNQ_Shivajinagar,23.486
PROP-24C039B3DA44,84,48,78,84,85.3,CPCB_PNQ_Shivajinagar,23.486
PROP-994D051CA797,88,50,83,88,93.7,CPCB_PNQ_Hadapsar,15.217
PROP-17A95A2BA66C,84,48,78,84,85.3,CPCB_PNQ_Shivajinagar,23.486
PROP-B1F34E306175,88,46,76,88,88.7,CPCB_PNQ_Shivajinagar,18.979
PROP-F90DDB11F733,82,45,74,82,85.0,CPCB_PNQ_Shivajinagar,10.587
PROP-3BA055D85EF0,44,22,37,44,67.7,CPCB_PNQ_Shivajinagar,2.181
PROP-EA73E34E0DDE,125,67,110,125,130.0,CPCB_PNQ_Shivajinagar,22.125
PROP-F80F9B23CBEA,75,41,68,75,84.7,CPCB_PNQ_Shivajinagar,18.979
PROP-4BDB6F78EF89,40,23,37,40,71.0,CPCB_PNQ_Shivajinagar,2.309
PROP-9D419686A518,138,78,127,138,132.7,CPCB_PNQ_Shivajinagar,10.587
PROP-63F91EC2E2E3,96,55,90,96,58.3,CPCB_PNQ_Shivajinagar,22.265
PROP-37A233690DBC,79,41,68,79,87.7,CPCB_PNQ_Hadapsar,15.217
PROP-CB9D59162A02,91,50,82,91,57.7,CPCB_PNQ_Shivajinagar,22.265
PROP-AE2E29BA40BB,87,48,79,87,92.3,CPCB_PNQ_Hadapsar,14.951
PROP-986F3A4C359D,148,77,126,148,144.7,CPCB_PNQ_Hadapsar,12.371
PROP-5F8837AF7A65,88,46,76,88,88.7,CPCB_PNQ_Shivajinagar,18.441
PROP-4AB45A978118,74,41,67,74,84.0,CPCB_PNQ_Shivajinagar,22.265
PROP-0BF5794C6B75,89,50,82,89,55.0,CPCB_PNQ_Shivajinagar,21.543
PROP-EBF2F6F7634C,89,50,82,89,55.0,CPCB_PNQ_Shivajinagar,4.704
PROP-6DE125CC17FB,95,50,82,95,56.7,CPCB_PNQ_Shivajinagar,20.079
PROP-6C0936C8F0AD,38,20,33,38,66.0,CPCB_PNQ_Hadapsar,23.897
PROP-E84062E49D3B,138,78,127,138,132.7,CPCB_PNQ_Shivajinagar,22.708
PROP-05343ACD6AC2,122,66,108,122,127.0,CPCB_PNQ_Shivajinagar,15.251
PROP-2DD529FC4D78,148,77,126,148,144.7,CPCB_PNQ_Hadapsar,12.016
PROP-C43D12F892CD,125,67,110,125,130.0,CPCB_PNQ_Shivajinagar,1.787
PROP-D086A5805E7B,44,22,37,44,67.7,CPCB_PNQ_Shivajinagar,20.006
PROP-040F1E5CC2A2,96,50,82,96,60.7,CPCB_PNQ_Hadapsar,12.371
PROP-39C830289104,88,50,83,88,93.7,CPCB_PNQ_Hadapsar,15.217
PROP-95BCDCDC5F07,40,22,36,40,69.7,CPCB_PNQ_Hadapsar,12.371
PROP-EE9116EB576C,84,48,78,84,85.3,CPCB_PNQ_Shivajinagar,13.506
PROP-CB3A66AA610B,136,72,118,136,128.0,CPCB_PNQ_Hadapsar,11.968
PROP-3A3751D72232,136,72,118,136,128.0,CPCB_PNQ_Hadapsar,14.951
PROP-2A606241B684,36,19,32,36,65.3,CPCB_PNQ_Shivajinagar,23.486
PROP-262427AAB00B,125,67,110,125,130.0,CPCB_PNQ_Shivajinagar,2.181
PROP-C25466D11B57,88,46,76,88,88.7,CPCB_PNQ_Shivajinagar,2.181
PROP-D021C122927C,96,53,88,96,62.0,CPCB_PNQ_Hadapsar,13.383
PROP-44B6D9FD64AD,102,56,92,102,62.7,CPCB_PNQ_Hadapsar,14.951
PROP-7F38A41FC25A,76,42,69,76,88.0,CPCB_PNQ_Hadapsar,3.49
PROP-2E43DB9F0A2B,96,50,82,96,60.7,CPCB_PNQ_Hadapsar,19.15
PROP-E376E8926EE8,74,41,67,74,84.0,CPCB_PNQ_Shivajinagar,18.441
PROP-119760DFF23C,39,21,35,39,67.0,CPCB_PNQ_Shivajinagar,22.125
PROP-C84EAA21C808,91,48,78,91,55.0,CPCB_PNQ_Shivajinagar,2.181
PROP-C368C1A0B213,138,78,127,138,132.7,CPCB_PNQ_Shivajinagar,1.787
PROP-2AF76F5D0D90,125,67,110,125,130.0,CPCB_PNQ_Shivajinagar,19.515
PROP-F4896266A45B,44,22,37,44,67.7,CPCB_PNQ_Shivajinagar,2.181
PROP-92B6683EBEB8,125,67,110,125,130.0,CPCB_PNQ_Shivajinagar,23.486
PROP-75B7AD39545D,96,55,90,96,58.3,CPCB_PNQ_Shivajinagar,18.65
PROP-A6DAC02C3257,39,21,35,39,67.0,CPCB_PNQ_Shivajinagar,20.006
PROP-185AA95C95FB,89,50,82,89,55.0,CPCB_PNQ_Shivajinagar,18.979
PROP-D4F6D2A0C196,96,50,82,96,60.7,CPCB_PNQ_Hadapsar,16.254
PROP-E4B37C87DB3D,39,21,35,39,67.0,CPCB_PNQ_Shivajinagar,16.449
PROP-3BD1E3597D0F,141,75,124,141,132.3,CPCB_PNQ_Hadapsar,7.735
PROP-40B16621AF57,41,21,35,41,70.7,CPCB_PNQ_Hadapsar,14.951
PROP-D38D0DDA5D09,87,48,79,87,92.3,CPCB_PNQ_Hadapsar,12.016
PROP-3E94EB89CEB0,76,42,69,76,88.0,CPCB_PNQ_Hadapsar,23.897
PROP-CE5C1FCECCA3,137,74,122,137,141.0,CPCB_PNQ_Hadapsar,14.951
PROP-2094893B68E3,98,51,84,98,62.0,CPCB_PNQ_Hadapsar,12.371
PROP-03966C8819FC,96,55,90,96,58.3,CPCB_PNQ_Shivajinagar,3.119
PROP-BF0CA5B0165B,96,55,90,96,58.3,CPCB_PNQ_Shivajinagar,23.486
PROP-725929C3CF9A,125,67,110,125,130.0,CPCB_PNQ_Shivajinagar,22.265
PROP-A074CFD66DBA,125,67,110,125,130.0,CPCB_PNQ_Shivajinagar,1.787
PROP-B44E7AB3F133,40,23,37,40,71.0,CPCB_PNQ_Shivajinagar,1.787
PROP-7B652EDE98B9,96,53,88,96,62.0,CPCB_PNQ_Hadapsar,3.398
PROP-E49537B7EDB2,125,67,110,125,130.0,CPCB_PNQ_Shivajinagar,10.07
PROP-43D6125C70E3,91,50,82,91,57.7,CPCB_PNQ_Shivajinagar,11.38
PROP-9062BDA183C8,141,75,124,141,132.3,CPCB_PNQ_Hadapsar,15.217
PROP-FCE914283C26,39,21,35,39,67.0,CPCB_PNQ_Shivajinagar,21.521
PROP-DDE931B71D32,40,23,37,40,71.0,CPCB_PNQ_Shivajinagar,1.514
PROP-3FC81BB9A8E9,44,22,37,44,67.7,CPCB_PNQ_Shivajinagar,23.33
PROP-7DC55992A5F7,44,22,37,44,67.7,CPCB_PNQ_Shivajinagar,20.006
PROP-F98C157B29CE,44,22,37,44,67.7,CPCB_PNQ_Shivajinagar,26.826
PROP-11F0D7C2DA9A,82,45,74,82,85.0,CPCB_PNQ_Shivajinagar,15.082
PROP-59F83696E4A0,75,41,68,75,84.7,CPCB_PNQ_Shivajinagar,22.265
PROP-B209253029B9,91,50,82,91,57.7,CPCB_PNQ_Shivajinagar,22.708
PROP-0A0D1025BB10,125,67,110,125,130.0,CPCB_PNQ_Shivajinagar,1.787
PROP-91162DD9C16B,84,48,78,84,85.3,CPCB_PNQ_Shivajinagar,17.113
PROP-B284EF840828,125,67,110,125,130.0,CPCB_PNQ_Shivajinagar,18.441
PROP-17F231EF9613,74,41,67,74,84.0,CPCB_PNQ_Shivajinagar,23.486
PROP-D414BF9C4C6D,96,53,88,96,62.0,CPCB_PNQ_Hadapsar,3.469
PROP-87251F22D1A6,102,56,92,102,62.7,CPCB_PNQ_Hadapsar,13.383
PROP-33C5D522ABD8,75,41,68,75,84.7,CPCB_PNQ_Shivajinagar,20.079
PROP-38952937802A,91,48,78,91,55.0,CPCB_PNQ_Shivajinagar,10.07
PROP-9C92728DDCDF,91,50,82,91,57.7,CPCB_PNQ_Shivajinagar,13.506
PROP-33583EDEE6CC,84,48,78,84,85.3,CPCB_PNQ_Shivajinagar,10.587
PROP-D19B866B1C1B,91,50,82,91,57.7,CPCB_PNQ_Shivajinagar,18.979
PROP-B811F10BA765,88,46,76,88,88.7,CPCB_PNQ_Shivajinagar,13.506
PROP-13C20CD8D767,82,45,74,82,85.0,CPCB_PNQ_Shivajinagar,2.943
PROP-8E42F2D1DD13,82,45,74,82,85.0,CPCB_PNQ_Shivajinagar,9.982
PROP-61630110E0EB,39,21,35,39,67.0,CPCB_PNQ_Shivajinagar,18.979
PROP-6A33D3F4B770,36,19,32,36,65.3,CPCB_PNQ_Shivajinagar,17.113
PROP-99467CDFD547,40,23,37,40,71.0,CPCB_PNQ_Shivajinagar,9.814
PROP-214A5EBBDBBC,102,56,92,102,62.7,CPCB_PNQ_Hadapsar,12.653
PROP-EB6104A92CE3,82,45,74,82,85.0,CPCB_PNQ_Shivajinagar,1.514
PROP-BBF3CE8EB234,36,19,32,36,65.3,CPCB_PNQ_Shivajinagar,13.506
PROP-4D163C1AFE0C,89,50,82,89,55.0,CPCB_PNQ_Shivajinagar,19.515
PROP-BF55F729966F,40,22,36,40,69.7,CPCB_PNQ_Hadapsar,6.391
PROP-9356B731715C,91,50,82,91,57.7,CPCB_PNQ_Shivajinagar,8.815
PROP-87ABCA4FA53C,82,45,74,82,85.0,CPCB_PNQ_Shivajinagar,18.979
PROP-FA34FACA555B,41,21,35,41,70.7,CPCB_PNQ_Hadapsar,11.661
PROP-17A3E5877C77,96,53,88,96,62.0,CPCB_PNQ_Hadapsar,5.694
PROP-40106E96A209,79,41,68,79,87.7,CPCB_PNQ_Hadapsar,12.016
PROP-AEFB9ED07562,36,19,32,36,65.3,CPCB_PNQ_Shivajinagar,23.554
PROP-2DB08686B1B4,40,22,36,40,69.7,CPCB_PNQ_Hadapsar,14.951
PROP-073FAB5574D8,79,41,68,79,87.7,CPCB_PNQ_Hadapsar,14.951
PROP-7934D5DB473C,91,48,78,91,55.0,CPCB_PNQ_Shivajinagar,22.125
PROP-7410C553135C,89,50,82,89,55.0,CPCB_PNQ_Shivajinagar,23.486
PROP-BC795488B7B6,136,72,118,136,128.0,CPCB_PNQ_Hadapsar,14.951
PROP-C1A08A7B9AA1,138,78,127,138,132.7,CPCB_PNQ_Shivajinagar,15.082
PROP-5CAF3A94019E,91,48,78,91,55.0,CPCB_PNQ_Shivajinagar,2.309
PROP-243C01918ABA,122,66,108,122,127.0,CPCB_PNQ_Shivajinagar,22.265
PROP-19A189A5DDAE,136,72,118,136,128.0,CPCB_PNQ_Hadapsar,13.383
PROP-D9987F862292,137,74,122,137,141.0,CPCB_PNQ_Hadapsar,12.016
PROP-75984F3987B9,41,21,35,41,70.7,CPCB_PNQ_Hadapsar,12.371
PROP-CCBAE2E7428A,136,72,118,136,128.0,CPCB_PNQ_Hadapsar,5.694
PROP-ABEFC9C98BD5,36,19,32,36,65.3,CPCB_PNQ_Shivajinagar,2.181
PROP-9704F39B10BC,88,46,76,88,88.7,CPCB_PNQ_Shivajinagar,15.531
PROP-EB1699214F37,74,41,67,74,84.0,CPCB_PNQ_Shivajinagar,23.486
PROP-81F9F1B93FBC,98,51,84,98,62.0,CPCB_PNQ_Hadapsar,8.256
PROP-A9538D6FB9D5,120,69,113,120,123.0,CPCB_PNQ_Shivajinagar,2.181
PROP-C50F3D2E75CA,89,50,82,89,55.0,CPCB_PNQ_Shivajinagar,9.982
PROP-8E1F66BF2263,96,55,90,96,58.3,CPCB_PNQ_Shivajinagar,18.979
PROP-BFCA3F29A480,88,46,76,88,88.7,CPCB_PNQ_Shivajinagar,2.181
PROP-DAC34762C723,91,50,82,91,57.7,CPCB_PNQ_Shivajinagar,2.117
PROP-4A0CC81836EA,122,66,108,122,127.0,CPCB_PNQ_Shivajinagar,18.979
PROP-DE4AEB21239F,93,49,81,93,60.7,CPCB_PNQ_Hadapsar,23.897
PROP-E7910EFD91D4,87,48,79,87,92.3,CPCB_PNQ_Hadapsar,11.968
PROP-84BD5E17FC8A,91,50,82,91,57.7,CPCB_PNQ_Shivajinagar,26.826
PROP-F8532605AA76,88,46,76,88,88.7,CPCB_PNQ_Shivajinagar,6.338
PROP-D3D068DA7155,74,41,67,74,84.0,CPCB_PNQ_Shivajinagar,23.554
PROP-AC7B0CFC77BF,39,21,35,39,67.0,CPCB_PNQ_Shivajinagar,18.979
PROP-380B13CADE94,84,48,78,84,85.3,CPCB_PNQ_Shivajinagar,1.514
PROP-28DFBC8DCE0A,44,22,37,44,67.7,CPCB_PNQ_Shivajinagar,18.979
PROP-BE86905CFF2E,38,20,33,38,66.0,CPCB_PNQ_Hadapsar,5.694
PROP-2330079CA17F,44,22,37,44,67.7,CPCB_PNQ_Shivajinagar,22.125
PROP-B13AA9A7FC87,89,50,82,89,55.0,CPCB_PNQ_Shivajinagar,2.181
PROP-6B99B41229E4,91,48,78,91,55.0,CPCB_PNQ_Shivajinagar,22.265
PROP-3680D46228B8,120,69,113,120,123.0,CPCB_PNQ_Shivajinagar,2.181
PROP-C92FCA7FAE99,91,48,78,91,55.0,CPCB_PNQ_Shivajinagar,18.979
PROP-A52F11910E62,138,78,127,138,132.7,CPCB_PNQ_Shivajinagar,23.33
PROP-8FC449089728,91,48,78,91,55.0,CPCB_PNQ_Shivajinagar,13.44
PROP-1E1C66314A0B,125,67,110,125,130.0,CPCB_PNQ_Shivajinagar,25.375
PROP-0871D498BB60,87,48,79,87,92.3,CPCB_PNQ_Hadapsar,5.694
PROP-D878E8E75EB1,42,23,38,42,70.0,CPCB_PNQ_Shivajinagar,22.265
PROP-62F5A4B8A1A5,38,21,34,38,70.7,CPCB_PNQ_Hadapsar,14.951
PROP-3394EA0AC455,44,22,37,44,67.7,CPCB_PNQ_Shivajinagar,20.079
PROP-8BC5BCE9E947,137,74,122,137,141.0,CPCB_PNQ_Hadapsar,23.897
PROP-F2331A9D4498,40,23,37,40,71.0,CPCB_PNQ_Shivajinagar,17.875
PROP-947EAE578195,40,23,37,40,71.0,CPCB_PNQ_Shivajinagar,25.375
PROP-E4E50BD39773,40,23,37,40,71.0,CPCB_PNQ_Shivajinagar,22.125
PROP-B8DD9A06B33B,82,45,74,82,85.0,CPCB_PNQ_Shivajinagar,10.07
PROP-A079DB74EE3D,95,50,82,95,56.7,CPCB_PNQ_Shivajinagar,23.486
PROP-EC62912FBF43,44,22,37,44,67.7,CPCB_PNQ_Shivajinagar,2.943
PROP-58A1E901B623,76,42,69,76,88.0,CPCB_PNQ_Hadapsar,23.897
PROP-8F7D590F4342,39,21,35,39,67.0,CPCB_PNQ_Shivajinagar,18.441
PROP-E71E516A2661,84,48,78,84,85.3,CPCB_PNQ_Shivajinagar,22.125
PROP-6E687CF596C9,38,20,33,38,66.0,CPCB_PNQ_Hadapsar,9.267
PROP-6A6AF79D9592,120,69,113,120,123.0,CPCB_PNQ_Shivajinagar,23.33
PROP-E80E6A400321,76,42,69,76,88.0,CPCB_PNQ_Hadapsar,9.267
PROP-03CA9D8D8CF0,96,55,90,96,58.3,CPCB_PNQ_Shivajinagar,18.979
PROP-E4D32FF2875D,87,48,79,87,92.3,CPCB_PNQ_Hadapsar,19.15
PROP-06DEE0E7B7E0,91,48,78,91,55.0,CPCB_PNQ_Shivajinagar,17.804
PROP-D1CD56EA9492,120,69,113,120,123.0,CPCB_PNQ_Shivajinagar,18.979
PROP-54886A093889,96,55,90,96,58.3,CPCB_PNQ_Shivajinagar,17.113
PROP-8574E1CB9EBC,120,69,113,120,123.0,CPCB_PNQ_Shivajinagar,22.265
PROP-7DD90EA43461,96,55,90,96,58.3,CPCB_PNQ_Shivajinagar,18.979
PROP-C8A6FA4D9403,148,77,126,148,144.7,CPCB_PNQ_Hadapsar,14.951
PROP-60303D26BD60,76,42,69,76,88.0,CPCB_PNQ_Hadapsar,15.217
PROP-C1712DEFF1F8,91,48,78,91,55.0,CPCB_PNQ_Shivajinagar,2.181
PROP-A6A322503CBB,82,45,74,82,85.0,CPCB_PNQ_Shivajinagar,18.979
PROP-3DE126242BBE,39,21,35,39,67.0,CPCB_PNQ_Shivajinagar,18.979
PROP-9AAC411C21F9,44,22,37,44,67.7,CPCB_PNQ_Shivajinagar,10.07
PROP-3D36877DEC81,74,41,67,74,84.0,CPCB_PNQ_Shivajinagar,17.804
PROP-330517991164,122,66,108,122,127.0,CPCB_PNQ_Shivajinagar,22.125
PROP-91C733ACFD92,96,53,88,96,62.0,CPCB_PNQ_Hadapsar,23.897
PROP-1D6A69D5960E,44,22,37,44,67.7,CPCB_PNQ_Shivajinagar,22.265
PROP-2AFD53165886,82,45,74,82,85.0,CPCB_PNQ_Shivajinagar,2.181
PROP-D1FD0E113897,141,75,124,141,132.3,CPCB_PNQ_Hadapsar,6.876
PROP-6BD055D9DA6F,125,67,110,125,130.0,CPCB_PNQ_Shivajinagar,10.587
PROP-D66F683C90EA,74,41,67,74,84.0,CPCB_PNQ_Shivajinagar,25.212
PROP-18CA4F803B0C,138,78,127,138,132.7,CPCB_PNQ_Shivajinagar,2.181
PROP-2AD42497514D,102,56,92,102,62.7,CPCB_PNQ_Hadapsar,6.876
PROP-44CE88B6D774,74,41,67,74,84.0,CPCB_PNQ_Shivajinagar,23.486
PROP-F2845957C272,42,22,37,42,71.7,CPCB_PNQ_Hadapsar,14.189
PROP-7C339447B5C5,89,50,82,89,55.0,CPCB_PNQ_Shivajinagar,18.979
PROP-A9854E5EC544,38,21,34,38,70.7,CPCB_PNQ_Hadapsar,4.328
PROP-6A481F6FEA84,141,75,124,141,132.3,CPCB_PNQ_Hadapsar,23.897
PROP-51F3BB79D81D,39,21,35,39,67.0,CPCB_PNQ_Shivajinagar,2.309
PROP-618AEE8DA9B3,96,53,88,96,62.0,CPCB_PNQ_Hadapsar,7.735
PROP-1E658F1B20EA,125,67,110,125,130.0,CPCB_PNQ_Shivajinagar,20.541
PROP-6B1DC8E61D9E,44,22,37,44,67.7,CPCB_PNQ_Shivajinagar,23.299
PROP-B28630628F9B,44,22,37,44,67.7,CPCB_PNQ_Shivajinagar,13.432
PROP-8BCC8087497F,88,46,76,88,88.7,CPCB_PNQ_Shivajinagar,10.07
PROP-C8422AF2D7D3,79,41,68,79,87.7,CPCB_PNQ_Hadapsar,3.469
PROP-5770910CA137,96,55,90,96,58.3,CPCB_PNQ_Shivajinagar,16.65
PROP-155E7CEC7EC3,75,41,68,75,84.7,CPCB_PNQ_Shivajinagar,15.531
PROP-49EF7E41B5CA,39,21,35,39,67.0,CPCB_PNQ_Shivajinagar,12.292
PROP-BB5ABA8D3286,75,41,68,75,84.7,CPCB_PNQ_Shivajinagar,3.119
PROP-00F429D1F8D3,91,48,78,91,55.0,CPCB_PNQ_Shivajinagar,5.58
PROP-2B59F1137CDE,120,69,113,120,123.0,CPCB_PNQ_Shivajinagar,22.265
PROP-5C880A74D61E,76,42,69,76,88.0,CPCB_PNQ_Hadapsar,12.371
PROP-84F957516F6C,79,41,68,79,87.7,CPCB_PNQ_Hadapsar,8.704
PROP-A36C182FF3F1,91,50,82,91,57.7,CPCB_PNQ_Shivajinagar,15.251
PROP-6EE3885ED9E0,36,19,32,36,65.3,CPCB_PNQ_Shivajinagar,10.198
PROP-A918B769D6B9,44,22,37,44,67.7,CPCB_PNQ_Shivajinagar,18.441
PROP-111015E85653,74,41,67,74,84.0,CPCB_PNQ_Shivajinagar,2.117
PROP-4B61FF7DE3C0,40,22,36,40,69.7,CPCB_PNQ_Hadapsar,6.391
PROP-1BD3F3E1D482,95,50,82,95,56.7,CPCB_PNQ_Shivajinagar,25.212
PROP-E9C28500D2E3,84,48,78,84,85.3,CPCB_PNQ_Shivajinagar,3.422
PROP-A2178EB46E3C,96,53,88,96,62.0,CPCB_PNQ_Hadapsar,5.694
PROP-994883A76291,42,23,38,42,70.0,CPCB_PNQ_Shivajinagar,16.65
PROP-EBA3620AACAA,96,55,90,96,58.3,CPCB_PNQ_Shivajinagar,2.943
PROP-2BB1857AAE58,42,22,37,42,71.7,CPCB_PNQ_Hadapsar,5.694
PROP-555C18A348FA,41,21,35,41,70.7,CPCB_PNQ_Hadapsar,5.694
PROP-7DE5BBD75F83,76,42,69,76,88.0,CPCB_PNQ_Hadapsar,12.016
PROP-3C9E112258A2,40,22,36,40,69.7,CPCB_PNQ_Hadapsar,5.694
PROP-72ADB86C4D75,41,21,35,41,70.7,CPCB_PNQ_Hadapsar,16.022
PROP-943D79E5C449,148,77,126,148,144.7,CPCB_PNQ_Hadapsar,12.016
PROP-544747A3C8A3,96,55,90,96,58.3,CPCB_PNQ_Shivajinagar,15.082
PROP-8B9211EAC362,76,42,69,76,88.0,CPCB_PNQ_Hadapsar,9.267
PROP-10E307D9B614,40,23,37,40,71.0,CPCB_PNQ_Shivajinagar,19.072
PROP-7E0482048BD4,93,49,81,93,60.7,CPCB_PNQ_Hadapsar,12.016
PROP-95F0D8E0D772,84,48,78,84,85.3,CPCB_PNQ_Shivajinagar,21.543
PROP-A47CB629C5D9,93,49,81,93,60.7,CPCB_PNQ_Hadapsar,14.189
PROP-CB17F668A09B,95,50,82,95,56.7,CPCB_PNQ_Shivajinagar,2.117
PROP-2EF709C363D8,76,42,69,76,88.0,CPCB_PNQ_Hadapsar,9.267
PROP-CE56A30AF6BB,82,45,74,82,85.0,CPCB_PNQ_Shivajinagar,4.704
PROP-CF4926A2EC3F,120,69,113,120,123.0,CPCB_PNQ_Shivajinagar,22.125
PROP-A432F470C81C,91,50,82,91,57.7,CPCB_PNQ_Shivajinagar,14.004
PROP-D734DBD14F7F,75,41,68,75,84.7,CPCB_PNQ_Shivajinagar,2.181
PROP-EBB17DF79F02,88,46,76,88,88.7,CPCB_PNQ_Shivajinagar,15.251
PROP-BDE7DC2AF985,87,48,79,87,92.3,CPCB_PNQ_Hadapsar,15.217
PROP-51EEEC01B814,137,74,122,137,141.0,CPCB_PNQ_Hadapsar,6.391
PROP-AD43680CE130,120,69,113,120,123.0,CPCB_PNQ_Shivajinagar,16.449
PROP-9B714ED6E53F,74,41,67,74,84.0,CPCB_PNQ_Shivajinagar,14.004
PROP-AD9621E05AE6,122,66,108,122,127.0,CPCB_PNQ_Shivajinagar,1.041
PROP-EC3CFFB7BDFD,39,21,35,39,67.0,CPCB_PNQ_Shivajinagar,22.265
PROP-A96012C0C2ED,74,41,67,74,84.0,CPCB_PNQ_Shivajinagar,25.375
PROP-95046668863D,82,45,74,82,85.0,CPCB_PNQ_Shivajinagar,25.375
PROP-A6BE480BBEAA,38,21,34,38,70.7,CPCB_PNQ_Hadapsar,16.254
PROP-A6A717BDD93E,137,74,122,137,141.0,CPCB_PNQ_Hadapsar,7.735
PROP-A19F086A222C,75,41,68,75,84.7,CPCB_PNQ_Shivajinagar,1.514
PROP-6F7ACA7131C2,91,48,78,91,55.0,CPCB_PNQ_Shivajinagar,20.079
PROP-E57E70E677B5,120,69,113,120,123.0,CPCB_PNQ_Shivajinagar,16.449
PROP-5F3BB08656C0,40,22,36,40,69.7,CPCB_PNQ_Hadapsar,9.557
PROP-D3BB0D19A84D,39,21,35,39,67.0,CPCB_PNQ_Shivajinagar,17.875
PROP-DF5320B7E15B,74,41,67,74,84.0,CPCB_PNQ_Shivajinagar,17.875
PROP-9B66051D7253,122,66,108,122,127.0,CPCB_PNQ_Shivajinagar,10.587
PROP-F106027A5135,120,69,113,120,123.0,CPCB_PNQ_Shivajinagar,14.287
PROP-124E81240F38,91,50,82,91,57.7,CPCB_PNQ_Shivajinagar,12.292
PROP-B00B471DEE06,40,23,37,40,71.0,CPCB_PNQ_Shivajinagar,1.514
PROP-6868513E4B32,40,22,36,40,69.7,CPCB_PNQ_Hadapsar,9.557
PROP-584C76B7466C,84,48,78,84,85.3,CPCB_PNQ_Shivajinagar,17.875
PROP-5F4918B2029D,91,48,78,91,55.0,CPCB_PNQ_Shivajinagar,17.875
PROP-D0D771C6846E,88,46,76,88,88.7,CPCB_PNQ_Shivajinagar,19.515
PROP-7777D4DED88A,40,23,37,40,71.0,CPCB_PNQ_Shivajinagar,14.701
PROP-AB79A648775B,44,22,37,44,67.7,CPCB_PNQ_Shivajinagar,18.979
PROP-8F8817A2EC45,148,77,126,148,144.7,CPCB_PNQ_Hadapsar,14.189
PROP-E838D562DA1E,82,45,74,82,85.0,CPCB_PNQ_Shivajinagar,12.292
PROP-FF8A468A444E,42,22,37,42,71.7,CPCB_PNQ_Hadapsar,14.189
PROP-BCE4AF2CDA6A,93,49,81,93,60.7,CPCB_PNQ_Hadapsar,9.267
PROP-BC901849AB9D,141,75,124,141,132.3,CPCB_PNQ_Hadapsar,12.016
PROP-4883B556F095,88,50,83,88,93.7,CPCB_PNQ_Hadapsar,6.391
PROP-E2118EAB7832,96,55,90,96,58.3,CPCB_PNQ_Shivajinagar,2.181
PROP-83B8862952C6,36,19,32,36,65.3,CPCB_PNQ_Shivajinagar,2.181
PROP-DD92DF9F73D2,93,49,81,93,60.7,CPCB_PNQ_Hadapsar,9.557
PROP-1FBA26C17E55,40,23,37,40,71.0,CPCB_PNQ_Shivajinagar,15.251
PROP-58517A043C19,125,67,110,125,130.0,CPCB_PNQ_Shivajinagar,18.979
PROP-0DAFCB94CFC3,141,75,124,141,132.3,CPCB_PNQ_Hadapsar,9.267
PROP-BFDF862FA208,120,69,113,120,123.0,CPCB_PNQ_Shivajinagar,17.875
PROP-D2B2BD52A74C,120,69,113,120,123.0,CPCB_PNQ_Shivajinagar,14.004
PROP-32D171395365,88,50,83,88,93.7,CPCB_PNQ_Hadapsar,8.256
PROP-EF251670A8F0,95,50,82,95,56.7,CPCB_PNQ_Shivajinagar,8.265
PROP-AD6A4F82E114,42,23,38,42,70.0,CPCB_PNQ_Shivajinagar,15.531
PROP-ED5BBEF1BE79,91,48,79,91,93.0,CPCB_PNQ_Hadapsar,14.951
PROP-B7C8C7ABE5D4,82,45,74,82,85.0,CPCB_PNQ_Shivajinagar,8.093
PROP-598BED2D0CD3,42,22,37,42,71.7,CPCB_PNQ_Hadapsar,16.022
PROP-A163783BBA0F,96,55,90,96,58.3,CPCB_PNQ_Shivajinagar,2.181
PROP-E2A2BD92E463,36,19,32,36,65.3,CPCB_PNQ_Shivajinagar,22.265
PROP-361471C17E01,91,50,82,91,57.7,CPCB_PNQ_Shivajinagar,21.005
PROP-18724C7ED95F,79,41,68,79,87.7,CPCB_PNQ_Hadapsar,14.951
PROP-32D4F5D16E83,91,50,82,91,57.7,CPCB_PNQ_Shivajinagar,18.979
PROP-41BDA118A4DF,75,41,68,75,84.7,CPCB_PNQ_Shivajinagar,15.251
PROP-D39149E3F16B,84,48,78,84,85.3,CPCB_PNQ_Shivajinagar,15.251
PROP-013886BB603F,120,69,113,120,123.0,CPCB_PNQ_Shivajinagar,23.554
PROP-CF3671B20BC0,41,21,35,41,70.7,CPCB_PNQ_Hadapsar,9.267
PROP-A004094A3657,39,21,35,39,67.0,CPCB_PNQ_Shivajinagar,18.979
PROP-F390E43B2289,40,22,36,40,69.7,CPCB_PNQ_Hadapsar,14.189
PROP-D1EAFA4C700A,36,19,32,36,65.3,CPCB_PNQ_Shivajinagar,18.979
PROP-D5A46B2534DD,39,21,35,39,67.0,CPCB_PNQ_Shivajinagar,25.375
PROP-52823CC4A2F7,122,66,108,122,127.0,CPCB_PNQ_Shivajinagar,15.251
PROP-A7D3E6BBDF7F,138,78,127,138,132.7,CPCB_PNQ_Shivajinagar,1.514
PROP-A76B595AE2D2,40,23,37,40,71.0,CPCB_PNQ_Shivajinagar,1.787
PROP-DC129E6DD967,84,48,78,84,85.3,CPCB_PNQ_Shivajinagar,18.979
PROP-EFB03CA1C311,88,50,83,88,93.7,CPCB_PNQ_Hadapsar,18.883
PROP-88821DBD00B8,102,56,92,102,62.7,CPCB_PNQ_Hadapsar,9.267
PROP-07B6EBCAD028,39,21,35,39,67.0,CPCB_PNQ_Shivajinagar,25.375
PROP-65FE18570B4B,102,56,92,102,62.7,CPCB_PNQ_Hadapsar,12.371
PROP-50E606087A7C,44,22,37,44,67.7,CPCB_PNQ_Shivajinagar,20.079
PROP-07B53BB1999A,88,50,83,88,93.7,CPCB_PNQ_Hadapsar,12.016
PROP-C34D08D752A4,91,50,82,91,57.7,CPCB_PNQ_Shivajinagar,2.181
PROP-6F336AE4E8AB,82,45,74,82,85.0,CPCB_PNQ_Shivajinagar,15.251
PROP-101BD48E231C,38,21,34,38,70.7,CPCB_PNQ_Hadapsar,9.557
PROP-ECDF479102E1,95,50,82,95,56.7,CPCB_PNQ_Shivajinagar,15.082
PROP-7E4EE4CDE22D,74,41,67,74,84.0,CPCB_PNQ_Shivajinagar,15.251
PROP-1D7F64F4A28C,120,69,113,120,123.0,CPCB_PNQ_Shivajinagar,15.251
PROP-008552FBDAC6,39,21,35,39,67.0,CPCB_PNQ_Shivajinagar,17.875
PROP-EC7FA926DCA4,87,48,79,87,92.3,CPCB_PNQ_Hadapsar,12.371
PROP-5E79C3A1F69D,91,48,78,91,55.0,CPCB_PNQ_Shivajinagar,11.38
PROP-CB0DDE945B7A,38,20,33,38,66.0,CPCB_PNQ_Hadapsar,7.0
PROP-15BDC4258A0F,39,21,35,39,67.0,CPCB_PNQ_Shivajinagar,9.982
PROP-009873E62EE4,98,51,84,98,62.0,CPCB_PNQ_Hadapsar,23.897
PROP-38D7DEFBEA58,91,48,79,91,93.0,CPCB_PNQ_Hadapsar,5.694
PROP-51A0D1EC71FA,76,42,69,76,88.0,CPCB_PNQ_Hadapsar,14.189
PROP-DB0B64885491,137,74,122,137,141.0,CPCB_PNQ_Hadapsar,9.267
PROP-926B6AA2232E,88,50,83,88,93.7,CPCB_PNQ_Hadapsar,17.351
PROP-537C959650AC,138,78,127,138,132.7,CPCB_PNQ_Shivajinagar,2.181
PROP-1F2FADCBA335,74,41,67,74,84.0,CPCB_PNQ_Shivajinagar,22.125
PROP-2FC6BA14F71B,96,55,90,96,58.3,CPCB_PNQ_Shivajinagar,9.814
PROP-C3A1AF56CD8F,136,72,118,136,128.0,CPCB_PNQ_Hadapsar,23.881
PROP-EACFDE9CEEC5,125,67,110,125,130.0,CPCB_PNQ_Shivajinagar,17.804
PROP-B76D7EF31E80,122,66,108,122,127.0,CPCB_PNQ_Shivajinagar,25.375
PROP-851DD48B0B11,120,69,113,120,123.0,CPCB_PNQ_Shivajinagar,8.265
PROP-E40E24D712B0,96,53,88,96,62.0,CPCB_PNQ_Hadapsar,12.371
PROP-F3F9D17B98AF,91,48,78,91,55.0,CPCB_PNQ_Shivajinagar,18.979
PROP-5AF04D212AE3,91,48,78,91,55.0,CPCB_PNQ_Shivajinagar,18.65
PROP-2A66DF1AB036,42,23,38,42,70.0,CPCB_PNQ_Shivajinagar,4.704
PROP-3B3918CC002C,102,56,92,102,62.7,CPCB_PNQ_Hadapsar,12.016
PROP-066E605A1612,82,45,74,82,85.0,CPCB_PNQ_Shivajinagar,15.251
PROP-E63B77537969,148,77,126,148,144.7,CPCB_PNQ_Hadapsar,4.328
PROP-4A86ABD25AAB,91,48,78,91,55.0,CPCB_PNQ_Shivajinagar,15.251
PROP-04225BDF52C1,44,22,37,44,67.7,CPCB_PNQ_Shivajinagar,10.587
PROP-89BBF70DC133,84,48,78,84,85.3,CPCB_PNQ_Shivajinagar,18.979
PROP-4D78B3BC75A2,42,23,38,42,70.0,CPCB_PNQ_Shivajinagar,21.681
PROP-FE5699397C72,96,53,88,96,62.0,CPCB_PNQ_Hadapsar,9.267
PROP-5D8F4237EA95,91,48,79,91,93.0,CPCB_PNQ_Hadapsar,7.735
PROP-9E1B90A3328F,39,21,35,39,67.0,CPCB_PNQ_Shivajinagar,14.287
PROP-E3394682F5EB,96,53,88,96,62.0,CPCB_PNQ_Hadapsar,6.391
PROP-E23FBA276A36,41,21,35,41,70.7,CPCB_PNQ_Hadapsar,6.391
PROP-89F656AA02AC,89,50,82,89,55.0,CPCB_PNQ_Shivajinagar,15.251
PROP-A1B09368029E,82,45,74,82,85.0,CPCB_PNQ_Shivajinagar,5.58
PROP-920BB356D310,141,75,124,141,132.3,CPCB_PNQ_Hadapsar,12.016
PROP-FF87D54233E6,137,74,122,137,141.0,CPCB_PNQ_Hadapsar,9.267
PROP-903292E4F860,79,41,68,79,87.7,CPCB_PNQ_Hadapsar,9.267
PROP-40FAAAD86042,84,48,78,84,85.3,CPCB_PNQ_Shivajinagar,13.393
PROP-7A191442AD18,36,19,32,36,65.3,CPCB_PNQ_Shivajinagar,14.287
PROP-629B6B6F9EF6,79,41,68,79,87.7,CPCB_PNQ_Hadapsar,14.951
PROP-6520B958CA0A,125,67,110,125,130.0,CPCB_PNQ_Shivajinagar,19.515
PROP-9B8D65CA7D28,41,21,35,41,70.7,CPCB_PNQ_Hadapsar,3.49
PROP-F8997291862C,122,66,108,122,127.0,CPCB_PNQ_Shivajinagar,15.251
PROP-AA9F79C5E533,42,23,38,42,70.0,CPCB_PNQ_Shivajinagar,19.515
PROP-1CA3E28E9F53,96,50,82,96,60.7,CPCB_PNQ_Hadapsar,7.735
PROP-285719CFA573,82,45,74,82,85.0,CPCB_PNQ_Shivajinagar,21.543
PROP-CBCFC1E18ED9,74,41,67,74,84.0,CPCB_PNQ_Shivajinagar,2.181
PROP-C74C945C2A26,84,48,78,84,85.3,CPCB_PNQ_Shivajinagar,15.251
PROP-921F8E5BBB16,82,45,74,82,85.0,CPCB_PNQ_Shivajinagar,1.514
PROP-80ABC31EFF28,102,56,92,102,62.7,CPCB_PNQ_Hadapsar,12.016
PROP-76039D31B119,44,22,37,44,67.7,CPCB_PNQ_Shivajinagar,9.814
PROP-337AB3271094,36,19,32,36,65.3,CPCB_PNQ_Shivajinagar,17.875
PROP-AF1227CAA778,89,50,82,89,55.0,CPCB_PNQ_Shivajinagar,20.006
PROP-F927B5A6F1BF,88,46,76,88,88.7,CPCB_PNQ_Shivajinagar,22.265
PROP-0ADF086C0698,95,50,82,95,56.7,CPCB_PNQ_Shivajinagar,17.875
PROP-666AD1405F8E,125,67,110,125,130.0,CPCB_PNQ_Shivajinagar,15.251
PROP-41E989F79805,96,53,88,96,62.0,CPCB_PNQ_Hadapsar,12.016
PROP-780710815F2E,87,48,79,87,92.3,CPCB_PNQ_Hadapsar,18.196
PROP-7EDBCB6EBBC9,96,55,90,96,58.3,CPCB_PNQ_Shivajinagar,21.681
PROP-7037F5BC9E65,96,55,90,96,58.3,CPCB_PNQ_Shivajinagar,23.486
PROP-BFC338518A95,125,67,110,125,130.0,CPCB_PNQ_Shivajinagar,15.251
PROP-6CDB203A8696,93,49,81,93,60.7,CPCB_PNQ_Hadapsar,15.217
PROP-FF12DC411AD0,87,48,79,87,92.3,CPCB_PNQ_Hadapsar,14.951
PROP-620D8A8D8E2C,76,42,69,76,88.0,CPCB_PNQ_Hadapsar,9.557
PROP-8FB5ABC53165,98,51,84,98,62.0,CPCB_PNQ_Hadapsar,12.371
PROP-A9B65E77D536,136,72,118,136,128.0,CPCB_PNQ_Hadapsar,23.897
PROP-4B02CC150265,39,21,35,39,67.0,CPCB_PNQ_Shivajinagar,17.57
PROP-46CC85DFD7B2,125,67,110,125,130.0,CPCB_PNQ_Shivajinagar,23.33
PROP-7C467060016F,88,46,76,88,88.7,CPCB_PNQ_Shivajinagar,7.884
PROP-B766E5993D9C,96,53,88,96,62.0,CPCB_PNQ_Hadapsar,12.371
PROP-1DEA3AB71CED,42,23,38,42,70.0,CPCB_PNQ_Shivajinagar,2.181
PROP-6EC7E32B48E8,96,50,82,96,60.7,CPCB_PNQ_Hadapsar,14.951
PROP-ADD3D7A14A18,84,48,78,84,85.3,CPCB_PNQ_Shivajinagar,9.814
PROP-A5E0AAA22105,84,48,78,84,85.3,CPCB_PNQ_Shivajinagar,3.119
PROP-1D3C40919EB1,39,21,35,39,67.0,CPCB_PNQ_Shivajinagar,16.449
PROP-C14C5364DF49,44,22,37,44,67.7,CPCB_PNQ_Shivajinagar,18.441
PROP-5019A0D32D29,91,50,82,91,57.7,CPCB_PNQ_Shivajinagar,19.849
PROP-8F1C28AEFD2D,122,66,108,122,127.0,CPCB_PNQ_Shivajinagar,2.181
PROP-0A844E13DC69,148,77,126,148,144.7,CPCB_PNQ_Hadapsar,9.229
PROP-4981348830B6,88,50,83,88,93.7,CPCB_PNQ_Hadapsar,14.189
PROP-193F4EF309DA,38,20,33,38,66.0,CPCB_PNQ_Hadapsar,6.391
PROP-C2219B49A16C,96,55,90,96,58.3,CPCB_PNQ_Shivajinagar,13.506
PROP-1CF5242B0C30,148,77,126,148,144.7,CPCB_PNQ_Hadapsar,9.267
PROP-FE73164F12FA,87,48,79,87,92.3,CPCB_PNQ_Hadapsar,9.557
PROP-10CD48DC926B,84,48,78,84,85.3,CPCB_PNQ_Shivajinagar,17.875
PROP-693DFE9091F8,91,50,82,91,57.7,CPCB_PNQ_Shivajinagar,2.117
PROP-1128AEDF9D45,91,48,78,91,55.0,CPCB_PNQ_Shivajinagar,17.134
PROP-7FFBC8193FFA,39,21,35,39,67.0,CPCB_PNQ_Shivajinagar,25.375
PROP-86DABB9547C7,39,21,35,39,67.0,CPCB_PNQ_Shivajinagar,5.58
PROP-05161F834158,89,50,82,89,55.0,CPCB_PNQ_Shivajinagar,25.212
PROP-E78F190C600D,39,21,35,39,67.0,CPCB_PNQ_Shivajinagar,18.688
PROP-E7AC2BC7DFCC,74,41,67,74,84.0,CPCB_PNQ_Shivajinagar,17.57
PROP-57204B6AD4C4,38,21,34,38,70.7,CPCB_PNQ_Hadapsar,11.701
PROP-93DC496A91A9,136,72,118,136,128.0,CPCB_PNQ_Hadapsar,13.237
PROP-FF9D9AD453C2,148,77,126,148,144.7,CPCB_PNQ_Hadapsar,16.254
PROP-0F09905B8469,84,48,78,84,85.3,CPCB_PNQ_Shivajinagar,13.506
PROP-F51C77676228,38,21,34,38,70.7,CPCB_PNQ_Hadapsar,6.391
PROP-86F3FA390768,102,56,92,102,62.7,CPCB_PNQ_Hadapsar,23.897
PROP-F27D420D8FFB,84,48,78,84,85.3,CPCB_PNQ_Shivajinagar,15.251
PROP-7256647D3CB9,136,72,118,136,128.0,CPCB_PNQ_Hadapsar,6.391
PROP-D03FACFB2D6A,40,22,36,40,69.7,CPCB_PNQ_Hadapsar,9.267
PROP-DFEE06420DCB,89,50,82,89,55.0,CPCB_PNQ_Shivajinagar,15.251
PROP-0E6A11D6C4DF,102,56,92,102,62.7,CPCB_PNQ_Hadapsar,3.49
PROP-F81A9F971B57,44,22,37,44,67.7,CPCB_PNQ_Shivajinagar,2.943
PROP-064D1CC37483,122,66,108,122,127.0,CPCB_PNQ_Shivajinagar,23.299
PROP-6E84E88CC649,141,75,124,141,132.3,CPCB_PNQ_Hadapsar,5.694
PROP-786FB09FBD2F,39,21,35,39,67.0,CPCB_PNQ_Shivajinagar,13.506
PROP-7B5751B58F01,138,78,127,138,132.7,CPCB_PNQ_Shivajinagar,10.587
PROP-2643372C0BE6,42,23,38,42,70.0,CPCB_PNQ_Shivajinagar,19.515
PROP-788137F6AC7F,96,53,88,96,62.0,CPCB_PNQ_Hadapsar,12.016
PROP-9494CFF4AA57,41,21,35,41,70.7,CPCB_PNQ_Hadapsar,12.016
PROP-271439694061,82,45,74,82,85.0,CPCB_PNQ_Shivajinagar,14.287
PROP-295123DCC734,122,66,108,122,127.0,CPCB_PNQ_Shivajinagar,8.093
PROP-FAA73A514DB4,40,23,37,40,71.0,CPCB_PNQ_Shivajinagar,2.943
PROP-DA735A9450BF,91,48,78,91,55.0,CPCB_PNQ_Shivajinagar,9.982
PROP-566EE7A10F14,82,45,74,82,85.0,CPCB_PNQ_Shivajinagar,2.117
PROP-E7D2C6798FED,40,23,37,40,71.0,CPCB_PNQ_Shivajinagar,9.814
PROP-DA26163100F0,122,66,108,122,127.0,CPCB_PNQ_Shivajinagar,22.125
PROP-F207E8BE365E,102,56,92,102,62.7,CPCB_PNQ_Hadapsar,14.081
PROP-060B89326CAC,89,50,82,89,55.0,CPCB_PNQ_Shivajinagar,14.004
PROP-34677AF68D3D,42,23,38,42,70.0,CPCB_PNQ_Shivajinagar,15.251
PROP-0685C5BAA567,122,66,108,122,127.0,CPCB_PNQ_Shivajinagar,1.514
PROP-FC048C452959,98,51,84,98,62.0,CPCB_PNQ_Hadapsar,16.254
PROP-C7DB120F3EA5,91,48,78,91,55.0,CPCB_PNQ_Shivajinagar,15.082
PROP-9B5BFD6C2262,120,69,113,120,123.0,CPCB_PNQ_Shivajinagar,15.251
PROP-049D5958CCD0,42,23,38,42,70.0,CPCB_PNQ_Shivajinagar,20.081
PROP-3BDB8335B3CD,125,67,110,125,130.0,CPCB_PNQ_Shivajinagar,14.701
PROP-1E8D9974F252,74,41,67,74,84.0,CPCB_PNQ_Shivajinagar,22.265
PROP-43485BB6417E,91,48,79,91,93.0,CPCB_PNQ_Hadapsar,8.256
PROP-B3D795CD13B5,125,67,110,125,130.0,CPCB_PNQ_Shivajinagar,2.181
PROP-066793FA89D3,79,41,68,79,87.7,CPCB_PNQ_Hadapsar,9.267
PROP-919C73CF2CBB,39,21,35,39,67.0,CPCB_PNQ_Shivajinagar,15.251
PROP-1A9999FFD6FA,42,23,38,42,70.0,CPCB_PNQ_Shivajinagar,15.251
PROP-001318BFAAF9,95,50,82,95,56.7,CPCB_PNQ_Shivajinagar,15.082
PROP-86F8CDE057FE,75,41,68,75,84.7,CPCB_PNQ_Shivajinagar,15.251
PROP-78F9EC20D7E3,125,67,110,125,130.0,CPCB_PNQ_Shivajinagar,15.251
PROP-10AC8C5BD261,148,77,126,148,144.7,CPCB_PNQ_Hadapsar,11.701
PROP-B8C56FCADE08,44,22,37,44,67.7,CPCB_PNQ_Shivajinagar,25.212
PROP-DDFDD9E790B0,84,48,78,84,85.3,CPCB_PNQ_Shivajinagar,2.943
PROP-6D9830E4F606,40,23,37,40,71.0,CPCB_PNQ_Shivajinagar,10.07
PROP-7C593879A806,138,78,127,138,132.7,CPCB_PNQ_Shivajinagar,21.521
PROP-6D46BB98A74C,40,23,37,40,71.0,CPCB_PNQ_Shivajinagar,21.521
PROP-DFA6B7277E06,138,78,127,138,132.7,CPCB_PNQ_Shivajinagar,1.041
PROP-0666FF688D38,76,42,69,76,88.0,CPCB_PNQ_Hadapsar,16.022
PROP-94FF28D6435B,88,46,76,88,88.7,CPCB_PNQ_Shivajinagar,3.119
PROP-3CA68C85783A,93,49,81,93,60.7,CPCB_PNQ_Hadapsar,15.217
PROP-F79B47AA84F5,122,66,108,122,127.0,CPCB_PNQ_Shivajinagar,23.33
PROP-CD2465AC36B4,120,69,113,120,123.0,CPCB_PNQ_Shivajinagar,15.251
PROP-A88B483AA26B,98,51,84,98,62.0,CPCB_PNQ_Hadapsar,3.49
PROP-5BFD322A5D41,95,50,82,95,56.7,CPCB_PNQ_Shivajinagar,18.979
PROP-4796F5B96470,40,23,37,40,71.0,CPCB_PNQ_Shivajinagar,23.486
PROP-B50CF7C60AA8,74,41,67,74,84.0,CPCB_PNQ_Shivajinagar,2.117
PROP-33BFF3E81CB2,95,50,82,95,56.7,CPCB_PNQ_Shivajinagar,22.265
PROP-F950302AB7E9,82,45,74,82,85.0,CPCB_PNQ_Shivajinagar,15.251
PROP-3771CE6B87E4,102,56,92,102,62.7,CPCB_PNQ_Hadapsar,6.391
PROP-29630EDA1034,75,41,68,75,84.7,CPCB_PNQ_Shivajinagar,21.543
PROP-F0A15FB127E7,87,48,79,87,92.3,CPCB_PNQ_Hadapsar,6.391
PROP-8D398E998DCD,96,50,82,96,60.7,CPCB_PNQ_Hadapsar,9.557
PROP-87225A886FCD,84,48,78,84,85.3,CPCB_PNQ_Shivajinagar,1.787
PROP-4F279F5B1ED4,74,41,67,74,84.0,CPCB_PNQ_Shivajinagar,7.765
PROP-B3C97AEE700F,91,48,78,91,55.0,CPCB_PNQ_Shivajinagar,15.251
PROP-548F815BC971,88,46,76,88,88.7,CPCB_PNQ_Shivajinagar,22.125
PROP-3FE3BA248FEA,87,48,79,87,92.3,CPCB_PNQ_Hadapsar,6.391
PROP-FE190507DDF3,122,66,108,122,127.0,CPCB_PNQ_Shivajinagar,23.554
PROP-85467E9869F8,95,50,82,95,56.7,CPCB_PNQ_Shivajinagar,9.814
PROP-40D9E1B931B6,91,50,82,91,57.7,CPCB_PNQ_Shivajinagar,15.251
PROP-F1D4960F04D5,42,22,37,42,71.7,CPCB_PNQ_Hadapsar,14.951
PROP-8009A05A5182,75,41,68,75,84.7,CPCB_PNQ_Shivajinagar,23.486
PROP-CBA6D10FFCEF,74,41,67,74,84.0,CPCB_PNQ_Shivajinagar,3.422
PROP-0BF7D84452A1,93,49,81,93,60.7,CPCB_PNQ_Hadapsar,23.897
PROP-17323089F8DE,87,48,79,87,92.3,CPCB_PNQ_Hadapsar,9.557
PROP-06FFF63EFBB0,98,51,84,98,62.0,CPCB_PNQ_Hadapsar,6.391
PROP-ABCE28B8312E,141,75,124,141,132.3,CPCB_PNQ_Hadapsar,17.835
PROP-3C88F71F43AC,84,48,78,84,85.3,CPCB_PNQ_Shivajinagar,18.688
PROP-D06FF5398939,125,67,110,125,130.0,CPCB_PNQ_Shivajinagar,18.979
PROP-8CE39BA668AB,39,21,35,39,67.0,CPCB_PNQ_Shivajinagar,22.265
PROP-FDC8E906723F,87,48,79,87,92.3,CPCB_PNQ_Hadapsar,18.196
PROP-A34E6F804358,137,74,122,137,141.0,CPCB_PNQ_Hadapsar,11.661
PROP-111BFDEBDB56,102,56,92,102,62.7,CPCB_PNQ_Hadapsar,13.813
PROP-DBA4AF9BCBF0,84,48,78,84,85.3,CPCB_PNQ_Shivajinagar,18.65
PROP-1A51BED9C1A2,91,48,78,91,55.0,CPCB_PNQ_Shivajinagar,2.117
PROP-3FC1E3A4FFD2,40,22,36,40,69.7,CPCB_PNQ_Hadapsar,13.237
PROP-B1AF502A92DA,138,78,127,138,132.7,CPCB_PNQ_Shivajinagar,1.787
PROP-3D2578C475E4,84,48,78,84,85.3,CPCB_PNQ_Shivajinagar,17.875
PROP-82458EDEE159,96,55,90,96,58.3,CPCB_PNQ_Shivajinagar,7.765
PROP-4D9525C680B5,122,66,108,122,127.0,CPCB_PNQ_Shivajinagar,2.943
PROP-9BDB0C6AA3F9,91,50,82,91,57.7,CPCB_PNQ_Shivajinagar,2.181
PROP-6611BBE30AFD,76,42,69,76,88.0,CPCB_PNQ_Hadapsar,14.189
PROP-79B6707831F2,36,19,32,36,65.3,CPCB_PNQ_Shivajinagar,14.004
PROP-10531B3140B0,75,41,68,75,84.7,CPCB_PNQ_Shivajinagar,15.082
PROP-E6AE71E06122,84,48,78,84,85.3,CPCB_PNQ_Shivajinagar,19.6
PROP-5EAE2B2AECEC,91,48,78,91,55.0,CPCB_PNQ_Shivajinagar,2.181
PROP-8A71D7DCF74C,91,48,79,91,93.0,CPCB_PNQ_Hadapsar,19.15
PROP-46B5BEA1755E,74,41,67,74,84.0,CPCB_PNQ_Shivajinagar,18.979
PROP-98371BC9B6E0,93,49,81,93,60.7,CPCB_PNQ_Hadapsar,9.267
PROP-066916C01906,95,50,82,95,56.7,CPCB_PNQ_Shivajinagar,2.181
PROP-7EBB5087BF51,74,41,67,74,84.0,CPCB_PNQ_Shivajinagar,20.006
PROP-2B25F705D100,84,48,78,84,85.3,CPCB_PNQ_Shivajinagar,18.65
PROP-4895B1F5D299,89,50,82,89,55.0,CPCB_PNQ_Shivajinagar,15.251
PROP-F0899F868C0B,91,48,78,91,55.0,CPCB_PNQ_Shivajinagar,2.181
PROP-9989B466FF80,82,45,74,82,85.0,CPCB_PNQ_Shivajinagar,10.587
PROP-F947E06008ED,91,48,78,91,55.0,CPCB_PNQ_Shivajinagar,2.943
PROP-495A76127945,125,67,110,125,130.0,CPCB_PNQ_Shivajinagar,20.563
PROP-40A11C553B9B,79,41,68,79,87.7,CPCB_PNQ_Hadapsar,6.391
PROP-EA5C1B8F0143,38,20,33,38,66.0,CPCB_PNQ_Hadapsar,14.951
PROP-463F0D23121B,40,23,37,40,71.0,CPCB_PNQ_Shivajinagar,5.58
PROP-F5D7A606F95D,75,41,68,75,84.7,CPCB_PNQ_Shivajinagar,13.432
PROP-7DA1185D0CF2,125,67,110,125,130.0,CPCB_PNQ_Shivajinagar,18.979
PROP-21FDA9DC961F,75,41,68,75,84.7,CPCB_PNQ_Shivajinagar,18.65
PROP-D3FEBEFB6E42,125,67,110,125,130.0,CPCB_PNQ_Shivajinagar,15.251
PROP-D4DFEC881B21,76,42,69,76,88.0,CPCB_PNQ_Hadapsar,14.951
PROP-89399CC1D6C1,91,48,78,91,55.0,CPCB_PNQ_Shivajinagar,13.506
PROP-D77D9222A2C0,82,45,74,82,85.0,CPCB_PNQ_Shivajinagar,11.481
PROP-2044513F4500,40,23,37,40,71.0,CPCB_PNQ_Shivajinagar,15.251
PROP-A8A69C338FBE,75,41,68,75,84.7,CPCB_PNQ_Shivajinagar,18.65
PROP-80ACF106D9F6,75,41,68,75,84.7,CPCB_PNQ_Shivajinagar,19.6
PROP-D108AAA71E70,40,23,37,40,71.0,CPCB_PNQ_Shivajinagar,1.787
PROP-B4FD1A047B82,122,66,108,122,127.0,CPCB_PNQ_Shivajinagar,18.979
PROP-7F016980DCDA,42,23,38,42,70.0,CPCB_PNQ_Shivajinagar,11.447
PROP-D7872544ACF6,38,21,34,38,70.7,CPCB_PNQ_Hadapsar,9.557
PROP-1927F4FAED76,38,21,34,38,70.7,CPCB_PNQ_Hadapsar,12.016
PROP-20118A92E4C9,137,74,122,137,141.0,CPCB_PNQ_Hadapsar,12.016
PROP-BABEA0FA8CBF,136,72,118,136,128.0,CPCB_PNQ_Hadapsar,14.189
PROP-CEC197066BF0,148,77,126,148,144.7,CPCB_PNQ_Hadapsar,12.016
PROP-2619AB4777F1,91,50,82,91,57.7,CPCB_PNQ_Shivajinagar,25.375
PROP-957E1381A560,84,48,78,84,85.3,CPCB_PNQ_Shivajinagar,23.554
PROP-61D3FEC6E5AB,38,20,33,38,66.0,CPCB_PNQ_Hadapsar,6.391
PROP-D4B9206D970E,91,48,78,91,55.0,CPCB_PNQ_Shivajinagar,26.826
PROP-25FF8814FBC2,91,48,78,91,55.0,CPCB_PNQ_Shivajinagar,15.251
PROP-C467DD9DF355,120,69,113,120,123.0,CPCB_PNQ_Shivajinagar,8.815
PROP-6E508BA9B17E,42,23,38,42,70.0,CPCB_PNQ_Shivajinagar,18.979
PROP-F1DA22C08425,98,51,84,98,62.0,CPCB_PNQ_Hadapsar,7.735
PROP-5014DED7A708,120,69,113,120,123.0,CPCB_PNQ_Shivajinagar,18.65
PROP-B3FD96214285,120,69,113,120,123.0,CPCB_PNQ_Shivajinagar,23.33
PROP-0769EA322E77,122,66,108,122,127.0,CPCB_PNQ_Shivajinagar,8.093
PROP-8C642CD8A9A6,138,78,127,138,132.7,CPCB_PNQ_Shivajinagar,8.265
PROP-6FD7BDEA26B9,96,50,82,96,60.7,CPCB_PNQ_Hadapsar,14.189
PROP-6D88DEFC5CF0,93,49,81,93,60.7,CPCB_PNQ_Hadapsar,18.196
PROP-538ABF9DD299,39,21,35,39,67.0,CPCB_PNQ_Shivajinagar,17.875
PROP-5A5C0576486C,41,21,35,41,70.7,CPCB_PNQ_Hadapsar,6.876
PROP-157ED9AE81A5,138,78,127,138,132.7,CPCB_PNQ_Shivajinagar,22.125
PROP-05DB6BF616BA,38,20,33,38,66.0,CPCB_PNQ_Hadapsar,6.391
PROP-D48491EB1F80,137,74,122,137,141.0,CPCB_PNQ_Hadapsar,5.694
PROP-BFB55F415A7A,93,49,81,93,60.7,CPCB_PNQ_Hadapsar,14.951
PROP-E1EE0F912893,148,77,126,148,144.7,CPCB_PNQ_Hadapsar,5.694
PROP-4F2496A1C9A1,36,19,32,36,65.3,CPCB_PNQ_Shivajinagar,20.006
PROP-E2C22847CF85,98,51,84,98,62.0,CPCB_PNQ_Hadapsar,19.15
PROP-4C588D543D3D,141,75,124,141,132.3,CPCB_PNQ_Hadapsar,6.14
PROP-F0FC0728F8B6,136,72,118,136,128.0,CPCB_PNQ_Hadapsar,6.14
PROP-81EE7814DACC,120,69,113,120,123.0,CPCB_PNQ_Shivajinagar,18.979
PROP-65193BACF062,141,75,124,141,132.3,CPCB_PNQ_Hadapsar,19.15
PROP-4A6062BD3BB8,95,50,82,95,56.7,CPCB_PNQ_Shivajinagar,22.265
PROP-34EF9D761D0A,75,41,68,75,84.7,CPCB_PNQ_Shivajinagar,2.117
PROP-8B564A8BDBC4,122,66,108,122,127.0,CPCB_PNQ_Shivajinagar,15.531
PROP-7A8C29F1D87F,39,21,35,39,67.0,CPCB_PNQ_Shivajinagar,10.198
PROP-F4F07277DBCB,120,69,113,120,123.0,CPCB_PNQ_Shivajinagar,14.287
PROP-08FC70C26D6F,89,50,82,89,55.0,CPCB_PNQ_Shivajinagar,19.834
PROP-65CE52EA6B36,42,23,38,42,70.0,CPCB_PNQ_Shivajinagar,18.979
PROP-83511C4DB230,40,23,37,40,71.0,CPCB_PNQ_Shivajinagar,17.113
PROP-D5FD81836788,98,51,84,98,62.0,CPCB_PNQ_Hadapsar,13.465
PROP-5B4C7CA9BE8E,95,50,82,95,56.7,CPCB_PNQ_Shivajinagar,18.979
PROP-DADA56B53A77,125,67,110,125,130.0,CPCB_PNQ_Shivajinagar,15.251
PROP-E7B7701D29C4,41,21,35,41,70.7,CPCB_PNQ_Hadapsar,6.391
PROP-8B985806F72E,136,72,118,136,128.0,CPCB_PNQ_Hadapsar,6.391
PROP-556E9289FDED,41,21,35,41,70.7,CPCB_PNQ_Hadapsar,11.77
PROP-BF758B14EF8B,89,50,82,89,55.0,CPCB_PNQ_Shivajinagar,26.826
PROP-82762D7A6A9C,91,48,78,91,55.0,CPCB_PNQ_Shivajinagar,15.251
PROP-CE6ED29B8392,38,21,34,38,70.7,CPCB_PNQ_Hadapsar,17.418
PROP-E50DBA28A902,91,48,79,91,93.0,CPCB_PNQ_Hadapsar,3.49
PROP-0628DF792B8D,75,41,68,75,84.7,CPCB_PNQ_Shivajinagar,25.375
PROP-37190FBA3A77,88,46,76,88,88.7,CPCB_PNQ_Shivajinagar,25.212
PROP-5F4E7DB62082,96,55,90,96,58.3,CPCB_PNQ_Shivajinagar,22.265
PROP-FF04B8AC10B3,39,21,35,39,67.0,CPCB_PNQ_Shivajinagar,18.979
PROP-18F040AF546D,42,23,38,42,70.0,CPCB_PNQ_Shivajinagar,5.342
PROP-C0930703656C,96,53,88,96,62.0,CPCB_PNQ_Hadapsar,6.391
PROP-67CF758BC228,42,22,37,42,71.7,CPCB_PNQ_Hadapsar,13.151
PROP-7E76D5D9A102,125,67,110,125,130.0,CPCB_PNQ_Shivajinagar,13.393
PROP-C2B58D47AD82,39,21,35,39,67.0,CPCB_PNQ_Shivajinagar,23.486
PROP-754BC171D4DA,91,50,82,91,57.7,CPCB_PNQ_Shivajinagar,13.432
PROP-DFDC74CF6BC5,96,50,82,96,60.7,CPCB_PNQ_Hadapsar,12.016
PROP-12E3BC417E43,93,49,81,93,60.7,CPCB_PNQ_Hadapsar,15.217
PROP-13B112EC5F8E,44,22,37,44,67.7,CPCB_PNQ_Shivajinagar,16.449
PROP-66732118FB1B,102,56,92,102,62.7,CPCB_PNQ_Hadapsar,11.968
PROP-25F35AE6F2D1,42,23,38,42,70.0,CPCB_PNQ_Shivajinagar,17.57
PROP-8BCC463AE3CB,88,46,76,88,88.7,CPCB_PNQ_Shivajinagar,5.158
PROP-7F1C23DC6C41,84,48,78,84,85.3,CPCB_PNQ_Shivajinagar,22.125
PROP-1E75F3ADC566,125,67,110,125,130.0,CPCB_PNQ_Shivajinagar,25.212
PROP-A6D7D99AD922,96,55,90,96,58.3,CPCB_PNQ_Shivajinagar,22.265
PROP-13ECAAE6CF5C,91,50,82,91,57.7,CPCB_PNQ_Shivajinagar,19.515
PROP-21C3571905E5,40,23,37,40,71.0,CPCB_PNQ_Shivajinagar,13.506
PROP-8BB6B4D89DAB,42,23,38,42,70.0,CPCB_PNQ_Shivajinagar,22.265
PROP-4F6223F84975,76,42,69,76,88.0,CPCB_PNQ_Hadapsar,8.426
PROP-A1E332ACB300,42,22,37,42,71.7,CPCB_PNQ_Hadapsar,18.196
PROP-FEA84B75EC88,40,22,36,40,69.7,CPCB_PNQ_Hadapsar,23.897
PROP-C8EA04DAD649,39,21,35,39,67.0,CPCB_PNQ_Shivajinagar,18.979
PROP-EF678C9B85C0,74,41,67,74,84.0,CPCB_PNQ_Shivajinagar,22.265
PROP-1281D0CC8F2D,44,22,37,44,67.7,CPCB_PNQ_Shivajinagar,2.943
PROP-B237BA786C95,39,21,35,39,67.0,CPCB_PNQ_Shivajinagar,9.982
PROP-5703A72A13A7,75,41,68,75,84.7,CPCB_PNQ_Shivajinagar,15.531
PROP-5125A152AFD3,84,48,78,84,85.3,CPCB_PNQ_Shivajinagar,10.587
PROP-F470A218D690,120,69,113,120,123.0,CPCB_PNQ_Shivajinagar,1.787
PROP-40B5A49DB6F2,91,48,79,91,93.0,CPCB_PNQ_Hadapsar,13.465
PROP-F629493F41EF,75,41,68,75,84.7,CPCB_PNQ_Shivajinagar,8.265
PROP-A30A290DA654,96,50,82,96,60.7,CPCB_PNQ_Hadapsar,11.661
PROP-B88AE050D27A,102,56,92,102,62.7,CPCB_PNQ_Hadapsar,8.704
PROP-092D9847A913,87,48,79,87,92.3,CPCB_PNQ_Hadapsar,5.694
PROP-8CCEEDA6A02B,42,23,38,42,70.0,CPCB_PNQ_Shivajinagar,22.265
PROP-DFC59B418382,96,53,88,96,62.0,CPCB_PNQ_Hadapsar,8.426
PROP-75A87272C6C3,82,45,74,82,85.0,CPCB_PNQ_Shivajinagar,18.979
PROP-032940A5E7B1,137,74,122,137,141.0,CPCB_PNQ_Hadapsar,7.735
PROP-6C1BF76EA029,136,72,118,136,128.0,CPCB_PNQ_Hadapsar,17.418
PROP-E8806904E749,137,74,122,137,141.0,CPCB_PNQ_Hadapsar,5.694
PROP-C1EC5C3B51E6,136,72,118,136,128.0,CPCB_PNQ_Hadapsar,4.328
PROP-82352E74F13A,91,50,82,91,57.7,CPCB_PNQ_Shivajinagar,8.265
PROP-8CE170936004,44,22,37,44,67.7,CPCB_PNQ_Shivajinagar,25.212
PROP-662C0C252373,40,23,37,40,71.0,CPCB_PNQ_Shivajinagar,17.113
PROP-4E59815F38F6,96,53,88,96,62.0,CPCB_PNQ_Hadapsar,19.15
PROP-56BEFCD9061F,93,49,81,93,60.7,CPCB_PNQ_Hadapsar,11.968
PROP-639C8CE9E311,75,41,68,75,84.7,CPCB_PNQ_Shivajinagar,13.44
PROP-C9BEEBEDAC3F,42,23,38,42,70.0,CPCB_PNQ_Shivajinagar,21.543
PROP-5DEF78DEA618,40,23,37,40,71.0,CPCB_PNQ_Shivajinagar,8.815
PROP-386A201A1DD9,40,23,37,40,71.0,CPCB_PNQ_Shivajinagar,1.787
PROP-5CAB90191280,36,19,32,36,65.3,CPCB_PNQ_Shivajinagar,21.005
PROP-327684CC7F84,93,49,81,93,60.7,CPCB_PNQ_Hadapsar,11.968
PROP-DD2768D7343D,75,41,68,75,84.7,CPCB_PNQ_Shivajinagar,7.884
PROP-C387907939FA,122,66,108,122,127.0,CPCB_PNQ_Shivajinagar,24.263
PROP-E61270EC5272,91,48,79,91,93.0,CPCB_PNQ_Hadapsar,11.701
PROP-623733528207,96,53,88,96,62.0,CPCB_PNQ_Hadapsar,18.934
PROP-04C161AE2CCE,88,50,83,88,93.7,CPCB_PNQ_Hadapsar,23.881
PROP-F9FBE78D8FFE,42,22,37,42,71.7,CPCB_PNQ_Hadapsar,19.369
PROP-6CD85AE4EDE4,76,42,69,76,88.0,CPCB_PNQ_Hadapsar,13.237
PROP-C50197315C5B,38,20,33,38,66.0,CPCB_PNQ_Hadapsar,8.206
PROP-258A7B3289E8,75,41,68,75,84.7,CPCB_PNQ_Shivajinagar,21.681
PROP-4C13FCD627EA,42,22,37,42,71.7,CPCB_PNQ_Hadapsar,14.189
PROP-AB5A295B5293,44,22,37,44,67.7,CPCB_PNQ_Shivajinagar,10.587
PROP-F4EA993DEABF,39,21,35,39,67.0,CPCB_PNQ_Shivajinagar,17.57
PROP-AD54BB215A54,96,55,90,96,58.3,CPCB_PNQ_Shivajinagar,13.44
PROP-216A3970FF18,89,50,82,89,55.0,CPCB_PNQ_Shivajinagar,22.125
PROP-42823F195F14,102,56,92,102,62.7,CPCB_PNQ_Hadapsar,12.371
PROP-A347BF67ECD7,96,53,88,96,62.0,CPCB_PNQ_Hadapsar,9.785
PROP-C9B6A738DB92,122,66,108,122,127.0,CPCB_PNQ_Shivajinagar,1.514
PROP-936538311055,137,74,122,137,141.0,CPCB_PNQ_Hadapsar,15.993
PROP-3604A149C639,125,67,110,125,130.0,CPCB_PNQ_Shivajinagar,2.309
PROP-BE239DD674F3,122,66,108,122,127.0,CPCB_PNQ_Shivajinagar,2.943
PROP-51E6A11F9F12,95,50,82,95,56.7,CPCB_PNQ_Shivajinagar,2.181
PROP-F50B848797C0,74,41,67,74,84.0,CPCB_PNQ_Shivajinagar,25.716
PROP-626E8083D7D8,91,48,79,91,93.0,CPCB_PNQ_Hadapsar,11.701
PROP-4739520183B5,93,49,81,93,60.7,CPCB_PNQ_Hadapsar,14.951
PROP-FFB3588CEFE0,42,22,37,42,71.7,CPCB_PNQ_Hadapsar,3.398
PROP-684C8885B654,88,50,83,88,93.7,CPCB_PNQ_Hadapsar,13.465
PROP-8C198171E8E5,125,67,110,125,130.0,CPCB_PNQ_Shivajinagar,18.979
PROP-9667B003D1BE,125,67,110,125,130.0,CPCB_PNQ_Shivajinagar,15.251
PROP-8E5E873C46A7,44,22,37,44,67.7,CPCB_PNQ_Shivajinagar,25.212
PROP-0FA60BF8C7B6,38,20,33,38,66.0,CPCB_PNQ_Hadapsar,12.371
PROP-C64E74AC76E8,122,66,108,122,127.0,CPCB_PNQ_Shivajinagar,17.875
PROP-51A5A2ECA102,91,50,82,91,57.7,CPCB_PNQ_Shivajinagar,25.212
PROP-52D8EDAAADF1,136,72,118,136,128.0,CPCB_PNQ_Hadapsar,10.383
PROP-241169F74BD5,39,21,35,39,67.0,CPCB_PNQ_Shivajinagar,23.33
PROP-E360FF53B36D,91,48,79,91,93.0,CPCB_PNQ_Hadapsar,6.391
PROP-60780B1C3D0A,120,69,113,120,123.0,CPCB_PNQ_Shivajinagar,23.486
PROP-B99E0AED39E8,148,77,126,148,144.7,CPCB_PNQ_Hadapsar,7.0
PROP-CB4E80D5A74D,96,50,82,96,60.7,CPCB_PNQ_Hadapsar,13.383
PROP-CEF4502E36A3,42,23,38,42,70.0,CPCB_PNQ_Shivajinagar,2.309
PROP-0BC37CD107BC,42,22,37,42,71.7,CPCB_PNQ_Hadapsar,17.835
PROP-044831D23A87,40,23,37,40,71.0,CPCB_PNQ_Shivajinagar,10.587
PROP-D9B9D7AED0A7,91,50,82,91,57.7,CPCB_PNQ_Shivajinagar,22.708
PROP-C4DBA2A1ED42,96,55,90,96,58.3,CPCB_PNQ_Shivajinagar,5.58
PROP-5AFE12F0A193,82,45,74,82,85.0,CPCB_PNQ_Shivajinagar,22.125
PROP-89B77AC0EE3E,91,50,82,91,57.7,CPCB_PNQ_Shivajinagar,22.708
PROP-07EEE83E2835,122,66,108,122,127.0,CPCB_PNQ_Shivajinagar,1.514
PROP-A4E86BEAD90F,141,75,124,141,132.3,CPCB_PNQ_Hadapsar,9.557
PROP-0CDB9B891411,40,22,36,40,69.7,CPCB_PNQ_Hadapsar,13.465
PROP-AD8CA20AED10,75,41,68,75,84.7,CPCB_PNQ_Shivajinagar,25.212
PROP-E183B36DBF9C,44,22,37,44,67.7,CPCB_PNQ_Shivajinagar,22.125
PROP-564182A3E8B8,91,48,79,91,93.0,CPCB_PNQ_Hadapsar,11.968
PROP-CFA52F3979C0,75,41,68,75,84.7,CPCB_PNQ_Shivajinagar,14.701
PROP-5DB57BA1A7CB,76,42,69,76,88.0,CPCB_PNQ_Hadapsar,14.951
PROP-AC7D64B14B65,40,22,36,40,69.7,CPCB_PNQ_Hadapsar,14.951
PROP-3BB3566365F3,88,46,76,88,88.7,CPCB_PNQ_Shivajinagar,13.506
PROP-9C41AA9B9845,89,50,82,89,55.0,CPCB_PNQ_Shivajinagar,10.587
PROP-927CF93EB351,137,74,122,137,141.0,CPCB_PNQ_Hadapsar,23.897
PROP-93D6541C53EF,96,50,82,96,60.7,CPCB_PNQ_Hadapsar,19.369
PROP-5CDF7CDCFC90,82,45,74,82,85.0,CPCB_PNQ_Shivajinagar,4.704
PROP-612330DF8800,96,53,88,96,62.0,CPCB_PNQ_Hadapsar,12.653
PROP-A806A3D62046,88,46,76,88,88.7,CPCB_PNQ_Shivajinagar,15.251
PROP-AEE7B3201B77,95,50,82,95,56.7,CPCB_PNQ_Shivajinagar,23.33
PROP-6C332B2D239F,84,48,78,84,85.3,CPCB_PNQ_Shivajinagar,21.543
PROP-13F27197B8B3,120,69,113,120,123.0,CPCB_PNQ_Shivajinagar,1.514
PROP-B99373CE6620,122,66,108,122,127.0,CPCB_PNQ_Shivajinagar,13.432
PROP-43456579DF5C,138,78,127,138,132.7,CPCB_PNQ_Shivajinagar,22.265
PROP-013706B19C75,148,77,126,148,144.7,CPCB_PNQ_Hadapsar,5.694
PROP-9E6DD4D6C72D,91,48,78,91,55.0,CPCB_PNQ_Shivajinagar,22.265
PROP-D1FD6B1E6E59,96,55,90,96,58.3,CPCB_PNQ_Shivajinagar,18.979
PROP-801D8A9A9CFB,137,74,122,137,141.0,CPCB_PNQ_Hadapsar,6.391
PROP-A008F580FC00,74,41,67,74,84.0,CPCB_PNQ_Shivajinagar,21.521
PROP-BEE66263B988,42,23,38,42,70.0,CPCB_PNQ_Shivajinagar,23.33
PROP-DA5DCCD50564,141,75,124,141,132.3,CPCB_PNQ_Hadapsar,6.876
PROP-26E5909FF552,89,50,82,89,55.0,CPCB_PNQ_Shivajinagar,18.979
PROP-6FB28E504072,91,48,78,91,55.0,CPCB_PNQ_Shivajinagar,9.982
PROP-B5A5D7FF923D,98,51,84,98,62.0,CPCB_PNQ_Hadapsar,9.557
PROP-B9006429FAA0,41,21,35,41,70.7,CPCB_PNQ_Hadapsar,11.77
PROP-E17B82CBA0DD,138,78,127,138,132.7,CPCB_PNQ_Shivajinagar,7.884
PROP-62B08F952DD4,39,21,35,39,67.0,CPCB_PNQ_Shivajinagar,8.815
PROP-F495729889C7,138,78,127,138,132.7,CPCB_PNQ_Shivajinagar,22.125
PROP-374618C483C5,91,50,82,91,57.7,CPCB_PNQ_Shivajinagar,3.422
PROP-3C15F26CE943,75,41,68,75,84.7,CPCB_PNQ_Shivajinagar,27.786
PROP-38BEE47EFC65,84,48,78,84,85.3,CPCB_PNQ_Shivajinagar,23.554
PROP-1099F5BD6C81,41,21,35,41,70.7,CPCB_PNQ_Hadapsar,7.01
PROP-1779D7AD70C3,96,53,88,96,62.0,CPCB_PNQ_Hadapsar,7.735
PROP-9B452B50C0C9,40,22,36,40,69.7,CPCB_PNQ_Hadapsar,9.557
PROP-508FB2274A5A,38,20,33,38,66.0,CPCB_PNQ_Hadapsar,9.267
PROP-EA77DC88011E,138,78,127,138,132.7,CPCB_PNQ_Shivajinagar,18.979
PROP-80AFC880BD16,40,23,37,40,71.0,CPCB_PNQ_Shivajinagar,20.079
PROP-FCBB889AC8DB,91,48,78,91,55.0,CPCB_PNQ_Shivajinagar,13.432
PROP-12E3ACA23BD5,82,45,74,82,85.0,CPCB_PNQ_Shivajinagar,11.38
PROP-F499B805F45A,148,77,126,148,144.7,CPCB_PNQ_Hadapsar,11.661
PROP-65350B3917F3,75,41,68,75,84.7,CPCB_PNQ_Shivajinagar,18.979
PROP-9269F5EDABE3,89,50,82,89,55.0,CPCB_PNQ_Shivajinagar,4.704
PROP-3EE3D6B2FE17,42,23,38,42,70.0,CPCB_PNQ_Shivajinagar,7.765
PROP-F25B1BA0C5F1,91,50,82,91,57.7,CPCB_PNQ_Shivajinagar,24.263
PROP-AFC8153AFC9D,148,77,126,148,144.7,CPCB_PNQ_Hadapsar,8.256
PROP-2F60C283B311,141,75,124,141,132.3,CPCB_PNQ_Hadapsar,9.557
PROP-C24219733A36,38,20,33,38,66.0,CPCB_PNQ_Hadapsar,18.196
PROP-881E12E4FFFC,102,56,92,102,62.7,CPCB_PNQ_Hadapsar,10.383
PROP-8874BF2107E9,93,49,81,93,60.7,CPCB_PNQ_Hadapsar,9.557
PROP-727FE5F2E782,79,41,68,79,87.7,CPCB_PNQ_Hadapsar,25.224
PROP-AF77E05E8B73,138,78,127,138,132.7,CPCB_PNQ_Shivajinagar,15.251
PROP-6CE21426A791,84,48,78,84,85.3,CPCB_PNQ_Shivajinagar,13.432
PROP-A4533E45FD3F,125,67,110,125,130.0,CPCB_PNQ_Shivajinagar,3.119
PROP-9B239F57D201,82,45,74,82,85.0,CPCB_PNQ_Shivajinagar,2.181
PROP-C09982527D26,89,50,82,89,55.0,CPCB_PNQ_Shivajinagar,11.38
PROP-48CB268852CA,96,53,88,96,62.0,CPCB_PNQ_Hadapsar,6.391
PROP-CB78544E03CE,91,48,78,91,55.0,CPCB_PNQ_Shivajinagar,13.432
PROP-2DFC406BB91A,136,72,118,136,128.0,CPCB_PNQ_Hadapsar,9.267
PROP-C599196D9B68,75,41,68,75,84.7,CPCB_PNQ_Shivajinagar,5.58
PROP-07AF743954FD,40,23,37,40,71.0,CPCB_PNQ_Shivajinagar,2.943
PROP-555DE32B3741,89,50,82,89,55.0,CPCB_PNQ_Shivajinagar,20.006
PROP-F466BD78E78E,38,20,33,38,66.0,CPCB_PNQ_Hadapsar,9.267
PROP-8D1661BF0AFD,36,19,32,36,65.3,CPCB_PNQ_Shivajinagar,18.979
PROP-2BF2662B6B17,125,67,110,125,130.0,CPCB_PNQ_Shivajinagar,18.688
PROP-2766DFA3E26A,42,22,37,42,71.7,CPCB_PNQ_Hadapsar,6.391
PROP-F3DDAEDE37E9,95,50,82,95,56.7,CPCB_PNQ_Shivajinagar,4.704
PROP-77A24BFAE794,75,41,68,75,84.7,CPCB_PNQ_Shivajinagar,5.58
PROP-D209C7554DE3,41,21,35,41,70.7,CPCB_PNQ_Hadapsar,14.743
PROP-35A4B3731368,88,46,76,88,88.7,CPCB_PNQ_Shivajinagar,23.486
PROP-6F8D76B8396F,91,48,78,91,55.0,CPCB_PNQ_Shivajinagar,18.979
PROP-A7F33E11CFCA,88,46,76,88,88.7,CPCB_PNQ_Shivajinagar,13.393
PROP-85650C254843,91,48,78,91,55.0,CPCB_PNQ_Shivajinagar,1.514
PROP-F893D9DC4CE5,102,56,92,102,62.7,CPCB_PNQ_Hadapsar,16.254
PROP-BEFE2662E499,75,41,68,75,84.7,CPCB_PNQ_Shivajinagar,1.787
PROP-1BC341943B09,75,41,68,75,84.7,CPCB_PNQ_Shivajinagar,23.486
PROP-481599F19DDA,91,50,82,91,57.7,CPCB_PNQ_Shivajinagar,16.65
PROP-EE337B8241A9,87,48,79,87,92.3,CPCB_PNQ_Hadapsar,17.351
PROP-9DC3EB4D0928,36,19,32,36,65.3,CPCB_PNQ_Shivajinagar,3.119
PROP-CA184101B74D,39,21,35,39,67.0,CPCB_PNQ_Shivajinagar,2.943
PROP-6E632B8E7AFD,122,66,108,122,127.0,CPCB_PNQ_Shivajinagar,10.07
PROP-D76597982D99,89,50,82,89,55.0,CPCB_PNQ_Shivajinagar,14.287
PROP-FBD56AE32791,138,78,127,138,132.7,CPCB_PNQ_Shivajinagar,24.263
PROP-2B61A4E688EB,36,19,32,36,65.3,CPCB_PNQ_Shivajinagar,25.375
PROP-AF6169902B19,96,53,88,96,62.0,CPCB_PNQ_Hadapsar,3.398
PROP-24856E68EB59,137,74,122,137,141.0,CPCB_PNQ_Hadapsar,7.735
PROP-AD5CCE3144D6,84,48,78,84,85.3,CPCB_PNQ_Shivajinagar,5.342
PROP-7669A089B755,125,67,110,125,130.0,CPCB_PNQ_Shivajinagar,23.486
PROP-2FDBAFF019E1,41,21,35,41,70.7,CPCB_PNQ_Hadapsar,11.661
PROP-7CC6C5D1FB5B,39,21,35,39,67.0,CPCB_PNQ_Shivajinagar,9.814
PROP-F32113CCACBB,39,21,35,39,67.0,CPCB_PNQ_Shivajinagar,20.081
PROP-709A8816E033,91,48,79,91,93.0,CPCB_PNQ_Hadapsar,15.217
PROP-1496F0B5A51B,120,69,113,120,123.0,CPCB_PNQ_Shivajinagar,19.849
PROP-E41D3A98B47F,40,23,37,40,71.0,CPCB_PNQ_Shivajinagar,23.486
PROP-6C43A68BFCCB,39,21,35,39,67.0,CPCB_PNQ_Shivajinagar,17.57
PROP-CD391BCBBBD2,95,50,82,95,56.7,CPCB_PNQ_Shivajinagar,22.125
PROP-9FCE3E9E3B91,40,22,36,40,69.7,CPCB_PNQ_Hadapsar,6.391
PROP-0EA1686B4892,79,41,68,79,87.7,CPCB_PNQ_Hadapsar,18.196
PROP-CB7C66C2ECDB,75,41,68,75,84.7,CPCB_PNQ_Shivajinagar,23.486
PROP-B89AA763D3F9,96,55,90,96,58.3,CPCB_PNQ_Shivajinagar,22.125
PROP-4F7E04D32961,89,50,82,89,55.0,CPCB_PNQ_Shivajinagar,18.688
PROP-193BE0C5DCEE,125,67,110,125,130.0,CPCB_PNQ_Shivajinagar,18.65
PROP-1BA137FCFEB8,44,22,37,44,67.7,CPCB_PNQ_Shivajinagar,12.649
PROP-DA3F8F584DCD,36,19,32,36,65.3,CPCB_PNQ_Shivajinagar,23.33
PROP-EAABBAF02A7C,84,48,78,84,85.3,CPCB_PNQ_Shivajinagar,25.212
PROP-AAF6C5F29F96,91,48,78,91,55.0,CPCB_PNQ_Shivajinagar,5.342
PROP-E3C894336044,122,66,108,122,127.0,CPCB_PNQ_Shivajinagar,5.342
PROP-A4AEBF37C5FB,88,46,76,88,88.7,CPCB_PNQ_Shivajinagar,5.158
PROP-694D92F52C64,88,50,83,88,93.7,CPCB_PNQ_Hadapsar,13.519
PROP-8A84311D4E79,44,22,37,44,67.7,CPCB_PNQ_Shivajinagar,20.081
PROP-C25FEB16AEB2,91,50,82,91,57.7,CPCB_PNQ_Shivajinagar,14.287
PROP-D1995B4553C1,84,48,78,84,85.3,CPCB_PNQ_Shivajinagar,14.701
PROP-CE92ABFFB9EC,96,53,88,96,62.0,CPCB_PNQ_Hadapsar,23.881
PROP-B5062375AB07,91,48,79,91,93.0,CPCB_PNQ_Hadapsar,6.876
PROP-D696887D2205,79,41,68,79,87.7,CPCB_PNQ_Hadapsar,7.01
PROP-62EBB1290315,84,48,78,84,85.3,CPCB_PNQ_Shivajinagar,13.432
PROP-D13CBBD0E596,91,48,78,91,55.0,CPCB_PNQ_Shivajinagar,26.826
PROP-2EE81640DF4A,125,67,110,125,130.0,CPCB_PNQ_Shivajinagar,14.701
PROP-CB5580689434,38,21,34,38,70.7,CPCB_PNQ_Hadapsar,11.77
PROP-FD2537AB7D4A,102,56,92,102,62.7,CPCB_PNQ_Hadapsar,13.813
PROP-1FCABA50DCDC,88,46,76,88,88.7,CPCB_PNQ_Shivajinagar,24.263
PROP-342060DDC643,39,21,35,39,67.0,CPCB_PNQ_Shivajinagar,20.16
PROP-F15F89F367BB,122,66,108,122,127.0,CPCB_PNQ_Shivajinagar,8.265
PROP-FAEE374ECE3C,96,55,90,96,58.3,CPCB_PNQ_Shivajinagar,2.309
PROP-D447BF11DC89,36,19,32,36,65.3,CPCB_PNQ_Shivajinagar,18.979
PROP-E399DA9C45C1,91,50,82,91,57.7,CPCB_PNQ_Shivajinagar,13.432
PROP-35B3FD2B9BC4,89,50,82,89,55.0,CPCB_PNQ_Shivajinagar,19.849
PROP-2B2F431A70C5,96,55,90,96,58.3,CPCB_PNQ_Shivajinagar,17.57
PROP-7DDF5AE731A8,79,41,68,79,87.7,CPCB_PNQ_Hadapsar,4.747
PROP-6B15FA5E360D,74,41,67,74,84.0,CPCB_PNQ_Shivajinagar,23.33
PROP-B7CFF0B405B6,96,53,88,96,62.0,CPCB_PNQ_Hadapsar,6.876
PROP-57D0D7ED3076,42,22,37,42,71.7,CPCB_PNQ_Hadapsar,6.504
PROP-38DBCB1ED603,39,21,35,39,67.0,CPCB_PNQ_Shivajinagar,20.079
PROP-EF4DF3A0DFD1,39,21,35,39,67.0,CPCB_PNQ_Shivajinagar,24.263
PROP-25B38AAEB3AD,40,22,36,40,69.7,CPCB_PNQ_Hadapsar,12.371
PROP-2323583E1E69,91,48,79,91,93.0,CPCB_PNQ_Hadapsar,8.704
PROP-1564DBA664BF,87,48,79,87,92.3,CPCB_PNQ_Hadapsar,16.022
PROP-030005A8B1A6,36,19,32,36,65.3,CPCB_PNQ_Shivajinagar,21.005
PROP-DA8F1BBCE7D0,82,45,74,82,85.0,CPCB_PNQ_Shivajinagar,8.592
PROP-CDE5915D91A0,91,48,79,91,93.0,CPCB_PNQ_Hadapsar,11.661
PROP-4E71920B5F47,42,22,37,42,71.7,CPCB_PNQ_Hadapsar,14.189
PROP-FE5D067F9356,88,46,76,88,88.7,CPCB_PNQ_Shivajinagar,19.515
PROP-531840654D4E,40,22,36,40,69.7,CPCB_PNQ_Hadapsar,6.876
PROP-B0A1E0CB287D,120,69,113,120,123.0,CPCB_PNQ_Shivajinagar,25.716
PROP-929F154C0F01,96,53,88,96,62.0,CPCB_PNQ_Hadapsar,6.391
PROP-DF0683A91B88,102,56,92,102,62.7,CPCB_PNQ_Hadapsar,13.519
PROP-DBFE6CBE74DA,39,21,35,39,67.0,CPCB_PNQ_Shivajinagar,13.432
PROP-990DC6A6EBEE,141,75,124,141,132.3,CPCB_PNQ_Hadapsar,9.267
PROP-C861BD6AC177,84,48,78,84,85.3,CPCB_PNQ_Shivajinagar,12.292
PROP-60FB87D3D987,138,78,127,138,132.7,CPCB_PNQ_Shivajinagar,18.65
PROP-73995817A101,120,69,113,120,123.0,CPCB_PNQ_Shivajinagar,14.701
PROP-BE8110CA5D43,38,21,34,38,70.7,CPCB_PNQ_Hadapsar,8.778
PROP-F95D5F0487CD,42,23,38,42,70.0,CPCB_PNQ_Shivajinagar,17.57
PROP-E4DA24964A18,40,23,37,40,71.0,CPCB_PNQ_Shivajinagar,8.093
PROP-966366430254,102,56,92,102,62.7,CPCB_PNQ_Hadapsar,13.465
PROP-91A1240A791A,136,72,118,136,128.0,CPCB_PNQ_Hadapsar,14.743
PROP-723462B2A34B,40,23,37,40,71.0,CPCB_PNQ_Shivajinagar,17.875
PROP-73EF98B55AC1,125,67,110,125,130.0,CPCB_PNQ_Shivajinagar,16.65
PROP-459481581893,88,50,83,88,93.7,CPCB_PNQ_Hadapsar,17.351
PROP-CBD8F1B08CAE,79,41,68,79,87.7,CPCB_PNQ_Hadapsar,13.465
PROP-C6A4DE4B5543,84,48,78,84,85.3,CPCB_PNQ_Shivajinagar,20.006
PROP-4685003231E8,122,66,108,122,127.0,CPCB_PNQ_Shivajinagar,8.233
PROP-CEB8C55149F0,96,55,90,96,58.3,CPCB_PNQ_Shivajinagar,14.701
PROP-F91EA8250E9C,75,41,68,75,84.7,CPCB_PNQ_Shivajinagar,11.333
PROP-E67B73148734,137,74,122,137,141.0,CPCB_PNQ_Hadapsar,11.599
PROP-6CE3F07E457C,102,56,92,102,62.7,CPCB_PNQ_Hadapsar,18.934
PROP-B2EABD1DB446,96,55,90,96,58.3,CPCB_PNQ_Shivajinagar,14.701
PROP-6824B68EC6FA,120,69,113,120,123.0,CPCB_PNQ_Shivajinagar,17.57
PROP-6AD984627706,136,72,118,136,128.0,CPCB_PNQ_Hadapsar,11.968
PROP-9BF64BD76842,38,21,34,38,70.7,CPCB_PNQ_Hadapsar,7.01
PROP-4CFC2C6B6C18,88,46,76,88,88.7,CPCB_PNQ_Shivajinagar,17.57
PROP-13E0CDAACB95,88,46,76,88,88.7,CPCB_PNQ_Shivajinagar,20.081
PROP-FAF17E199584,122,66,108,122,127.0,CPCB_PNQ_Shivajinagar,13.432
PROP-4DBD0330A125,88,46,76,88,88.7,CPCB_PNQ_Shivajinagar,14.701
PROP-645001E18F1A,40,22,36,40,69.7,CPCB_PNQ_Hadapsar,13.519
PROP-256F88BA8D8C,41,21,35,41,70.7,CPCB_PNQ_Hadapsar,19.15
PROP-527028F77856,84,48,78,84,85.3,CPCB_PNQ_Shivajinagar,11.481
PROP-B243EA7803B1,148,77,126,148,144.7,CPCB_PNQ_Hadapsar,8.778
PROP-14CED0D83F5B,39,21,35,39,67.0,CPCB_PNQ_Shivajinagar,16.498
PROP-1618B95B2B1A,137,74,122,137,141.0,CPCB_PNQ_Hadapsar,8.778
PROP-5A38E41633FC,148,77,126,148,144.7,CPCB_PNQ_Hadapsar,17.351
PROP-50A722E62717,42,22,37,42,71.7,CPCB_PNQ_Hadapsar,18.883
PROP-33F2C69AC04B,42,23,38,42,70.0,CPCB_PNQ_Shivajinagar,20.563
PROP-8B4AB8C33149,79,41,68,79,87.7,CPCB_PNQ_Hadapsar,17.351
PROP-E277087C8E9C,137,74,122,137,141.0,CPCB_PNQ_Hadapsar,23.881
PROP-D423FA9335D4,75,41,68,75,84.7,CPCB_PNQ_Shivajinagar,7.765
PROP-139A6F760DD2,76,42,69,76,88.0,CPCB_PNQ_Hadapsar,5.694
PROP-F546062541DD,87,48,79,87,92.3,CPCB_PNQ_Hadapsar,12.016
PROP-DFDCEA1CF2D0,36,19,32,36,65.3,CPCB_PNQ_Shivajinagar,14.287
PROP-C63DE5A371D4,87,48,79,87,92.3,CPCB_PNQ_Hadapsar,16.254
PROP-6C9F3E380CE9,91,50,82,91,57.7,CPCB_PNQ_Shivajinagar,5.58
PROP-6D5238F843B1,82,45,74,82,85.0,CPCB_PNQ_Shivajinagar,24.931
PROP-E6F1771E30F8,82,45,74,82,85.0,CPCB_PNQ_Shivajinagar,18.979
PROP-4D48508B7131,82,45,74,82,85.0,CPCB_PNQ_Shivajinagar,12.06
PROP-82984F0F7E0F,38,21,34,38,70.7,CPCB_PNQ_Hadapsar,19.369
PROP-5F9B885F04BC,125,67,110,125,130.0,CPCB_PNQ_Shivajinagar,13.393
PROP-54ECD3EB0E39,98,51,84,98,62.0,CPCB_PNQ_Hadapsar,9.267
PROP-2BBD26D03EBE,88,50,83,88,93.7,CPCB_PNQ_Hadapsar,16.254
PROP-A33D4062C822,44,22,37,44,67.7,CPCB_PNQ_Shivajinagar,25.375
PROP-7C8C51A872EA,95,50,82,95,56.7,CPCB_PNQ_Shivajinagar,15.251
PROP-9B42EF6E9290,88,46,76,88,88.7,CPCB_PNQ_Shivajinagar,18.979
PROP-20EE12CCE551,122,66,108,122,127.0,CPCB_PNQ_Shivajinagar,15.342
PROP-50AC64B21A0D,98,51,84,98,62.0,CPCB_PNQ_Hadapsar,3.398
PROP-247562234782,39,21,35,39,67.0,CPCB_PNQ_Shivajinagar,22.265
PROP-BF6D7AD2C229,136,72,118,136,128.0,CPCB_PNQ_Hadapsar,8.256
PROP-A8A879D39694,91,48,79,91,93.0,CPCB_PNQ_Hadapsar,15.217
PROP-C40F6342A791,41,21,35,41,70.7,CPCB_PNQ_Hadapsar,5.694
PROP-DE6FEFC559A7,88,50,83,88,93.7,CPCB_PNQ_Hadapsar,10.383
PROP-33E1446547DD,44,22,37,44,67.7,CPCB_PNQ_Shivajinagar,8.815
PROP-4BFA952225F9,96,53,88,96,62.0,CPCB_PNQ_Hadapsar,23.881
PROP-06F8F5972F88,74,41,67,74,84.0,CPCB_PNQ_Shivajinagar,27.786
PROP-E4E23CB4BE10,93,49,81,93,60.7,CPCB_PNQ_Hadapsar,11.701
PROP-47FD282C1428,89,50,82,89,55.0,CPCB_PNQ_Shivajinagar,25.375
PROP-E87F28722055,98,51,84,98,62.0,CPCB_PNQ_Hadapsar,5.694
PROP-A6618196324F,44,22,37,44,67.7,CPCB_PNQ_Shivajinagar,14.287
PROP-67EC1DE5C1EC,36,19,32,36,65.3,CPCB_PNQ_Shivajinagar,13.432
PROP-C9DD96FA9B69,40,23,37,40,71.0,CPCB_PNQ_Shivajinagar,8.093
PROP-B9AE8EC5527D,102,56,92,102,62.7,CPCB_PNQ_Hadapsar,5.694
PROP-9AF0B418E3E5,98,51,84,98,62.0,CPCB_PNQ_Hadapsar,12.859
PROP-A88038FB0E78,40,23,37,40,71.0,CPCB_PNQ_Shivajinagar,15.251
PROP-80F7D51DCA91,122,66,108,122,127.0,CPCB_PNQ_Shivajinagar,23.554
PROP-436026B56429,40,22,36,40,69.7,CPCB_PNQ_Hadapsar,23.897
PROP-BC5186FE42B1,88,46,76,88,88.7,CPCB_PNQ_Shivajinagar,13.506
PROP-A5210F341046,42,23,38,42,70.0,CPCB_PNQ_Shivajinagar,15.251
PROP-4BBDC21D1BB8,75,41,68,75,84.7,CPCB_PNQ_Shivajinagar,18.979
PROP-A0AAF10F3101,42,23,38,42,70.0,CPCB_PNQ_Shivajinagar,15.342
PROP-32C787E31866,39,21,35,39,67.0,CPCB_PNQ_Shivajinagar,13.393
PROP-00CB62F9CA48,82,45,74,82,85.0,CPCB_PNQ_Shivajinagar,3.468
PROP-1DF5CA035298,89,50,82,89,55.0,CPCB_PNQ_Shivajinagar,14.287
PROP-440F13982022,89,50,82,89,55.0,CPCB_PNQ_Shivajinagar,25.375
PROP-C56F9DA01B8C,93,49,81,93,60.7,CPCB_PNQ_Hadapsar,7.45
PROP-D17D18C7AA11,36,19,32,36,65.3,CPCB_PNQ_Shivajinagar,20.079
PROP-3B7BEC217425,88,46,76,88,88.7,CPCB_PNQ_Shivajinagar,7.765
PROP-A119D0C80EC0,41,21,35,41,70.7,CPCB_PNQ_Hadapsar,9.267
PROP-B9D428715410,88,46,76,88,88.7,CPCB_PNQ_Shivajinagar,12.292
PROP-C0036B113F01,76,42,69,76,88.0,CPCB_PNQ_Hadapsar,23.897
PROP-2F687389F6BC,40,23,37,40,71.0,CPCB_PNQ_Shivajinagar,22.265
PROP-82FD212EBFF4,93,49,81,93,60.7,CPCB_PNQ_Hadapsar,5.694
PROP-1CBC1B777716,91,50,82,91,57.7,CPCB_PNQ_Shivajinagar,14.965
PROP-3136A96776C9,42,23,38,42,70.0,CPCB_PNQ_Shivajinagar,7.765
PROP-7E017C100BAE,36,19,32,36,65.3,CPCB_PNQ_Shivajinagar,21.521
PROP-DBBF09587D01,40,23,37,40,71.0,CPCB_PNQ_Shivajinagar,22.265
PROP-40D9BBE463C8,88,46,76,88,88.7,CPCB_PNQ_Shivajinagar,8.815
PROP-BF294F41A15B,39,21,35,39,67.0,CPCB_PNQ_Shivajinagar,16.449
PROP-F1352772F264,40,23,37,40,71.0,CPCB_PNQ_Shivajinagar,12.292
PROP-75DD34BAC904,120,69,113,120,123.0,CPCB_PNQ_Shivajinagar,14.701
PROP-2E247E8FBF01,89,50,82,89,55.0,CPCB_PNQ_Shivajinagar,18.65
PROP-2C9C821FB1EF,39,21,35,39,67.0,CPCB_PNQ_Shivajinagar,3.2
PROP-C3B381AF53F8,41,21,35,41,70.7,CPCB_PNQ_Hadapsar,6.876
PROP-8DF8EB302098,98,51,84,98,62.0,CPCB_PNQ_Hadapsar,18.934
PROP-34A9F88023CD,125,67,110,125,130.0,CPCB_PNQ_Shivajinagar,11.38
PROP-7BA6A399609D,82,45,74,82,85.0,CPCB_PNQ_Shivajinagar,1.514
PROP-CE56746F97D6,93,49,81,93,60.7,CPCB_PNQ_Hadapsar,9.229
PROP-DF67D4B0DCFA,88,50,83,88,93.7,CPCB_PNQ_Hadapsar,5.694
PROP-47B52D7CDD7F,96,55,90,96,58.3,CPCB_PNQ_Shivajinagar,16.449
PROP-FE08C2834F62,95,50,82,95,56.7,CPCB_PNQ_Shivajinagar,13.506
PROP-7F7086C1E3AD,41,21,35,41,70.7,CPCB_PNQ_Hadapsar,14.189
PROP-78A223DB1702,84,48,78,84,85.3,CPCB_PNQ_Shivajinagar,23.33
PROP-C7A847937C8F,91,50,82,91,57.7,CPCB_PNQ_Shivajinagar,18.65
PROP-925CD5328B61,93,49,81,93,60.7,CPCB_PNQ_Hadapsar,9.267
PROP-E1DD9D73239F,36,19,32,36,65.3,CPCB_PNQ_Shivajinagar,14.287
PROP-6CF36AA484DE,91,48,78,91,55.0,CPCB_PNQ_Shivajinagar,11.345
PROP-774E70E090B2,84,48,78,84,85.3,CPCB_PNQ_Shivajinagar,2.943
PROP-B996C87F57E8,40,22,36,40,69.7,CPCB_PNQ_Hadapsar,3.49
PROP-8AD2C3413978,75,41,68,75,84.7,CPCB_PNQ_Shivajinagar,11.38
PROP-004E62138B45,40,22,36,40,69.7,CPCB_PNQ_Hadapsar,6.391
PROP-40329495C500,41,21,35,41,70.7,CPCB_PNQ_Hadapsar,5.694
PROP-8A881F2CE491,95,50,82,95,56.7,CPCB_PNQ_Shivajinagar,15.509
PROP-D87656E40395,91,48,78,91,55.0,CPCB_PNQ_Shivajinagar,11.447
PROP-35DD9C513F85,141,75,124,141,132.3,CPCB_PNQ_Hadapsar,23.897
PROP-E53290EF96AB,96,55,90,96,58.3,CPCB_PNQ_Shivajinagar,12.649
PROP-C2512136CBF0,87,48,79,87,92.3,CPCB_PNQ_Hadapsar,12.581
PROP-F470169FEA39,95,50,82,95,56.7,CPCB_PNQ_Shivajinagar,22.265
PROP-1667B1B98147,75,41,68,75,84.7,CPCB_PNQ_Shivajinagar,21.04
PROP-E1DEEFC57AA9,44,22,37,44,67.7,CPCB_PNQ_Shivajinagar,21.681
PROP-29E09B6F82D5,91,48,78,91,55.0,CPCB_PNQ_Shivajinagar,23.486
PROP-CA2B0C991932,91,48,78,91,55.0,CPCB_PNQ_Shivajinagar,25.212
PROP-25906C36F887,96,53,88,96,62.0,CPCB_PNQ_Hadapsar,9.73
PROP-E7334079368C,96,50,82,96,60.7,CPCB_PNQ_Hadapsar,23.897
PROP-5A823CAE668F,136,72,118,136,128.0,CPCB_PNQ_Hadapsar,6.391
PROP-D51FCCB82401,96,53,88,96,62.0,CPCB_PNQ_Hadapsar,19.15
PROP-C0DD7ED34DB4,89,50,82,89,55.0,CPCB_PNQ_Shivajinagar,23.299
PROP-A5C6B62E5D18,125,67,110,125,130.0,CPCB_PNQ_Shivajinagar,18.65
PROP-6B64D4ABAE32,93,49,81,93,60.7,CPCB_PNQ_Hadapsar,21.408
PROP-3FB934612BA9,89,50,82,89,55.0,CPCB_PNQ_Shivajinagar,2.309
PROP-1D93D35FD2F5,75,41,68,75,84.7,CPCB_PNQ_Shivajinagar,20.081
PROP-D936C54AE413,74,41,67,74,84.0,CPCB_PNQ_Shivajinagar,12.292
PROP-3953C8007E69,39,21,35,39,67.0,CPCB_PNQ_Shivajinagar,11.38
PROP-044397ED0DE6,148,77,126,148,144.7,CPCB_PNQ_Hadapsar,14.189
PROP-9A30D22FDD44,36,19,32,36,65.3,CPCB_PNQ_Shivajinagar,9.982
PROP-9F52AB19FBCD,88,46,76,88,88.7,CPCB_PNQ_Shivajinagar,21.521
PROP-7B7243B79981,42,22,37,42,71.7,CPCB_PNQ_Hadapsar,23.781
PROP-44A0AF4C082B,84,48,78,84,85.3,CPCB_PNQ_Shivajinagar,3.422
PROP-CD602FD3B7DA,93,49,81,93,60.7,CPCB_PNQ_Hadapsar,3.49
PROP-8B97294710E9,41,21,35,41,70.7,CPCB_PNQ_Hadapsar,1.925
PROP-20388244EC6B,36,19,32,36,65.3,CPCB_PNQ_Shivajinagar,23.486
PROP-1BA7F3284607,40,22,36,40,69.7,CPCB_PNQ_Hadapsar,16.022
PROP-755D406CD593,75,41,68,75,84.7,CPCB_PNQ_Shivajinagar,3.468
PROP-DED2E4E97448,93,49,81,93,60.7,CPCB_PNQ_Hadapsar,5.694
PROP-E46B014EB815,39,21,35,39,67.0,CPCB_PNQ_Shivajinagar,14.701
PROP-25F49DC1D22F,79,41,68,79,87.7,CPCB_PNQ_Hadapsar,19.15
PROP-D503271FAF7C,44,22,37,44,67.7,CPCB_PNQ_Shivajinagar,17.134
PROP-B422A0CB5980,40,22,36,40,69.7,CPCB_PNQ_Hadapsar,7.735
PROP-EC311E033197,42,23,38,42,70.0,CPCB_PNQ_Shivajinagar,12.649
PROP-2BE121D1E5E9,89,50,82,89,55.0,CPCB_PNQ_Shivajinagar,14.004
PROP-90294CE43547,93,49,81,93,60.7,CPCB_PNQ_Hadapsar,14.189
PROP-9CA58A079A28,74,41,67,74,84.0,CPCB_PNQ_Shivajinagar,5.58
PROP-8A2A0E319C78,138,78,127,138,132.7,CPCB_PNQ_Shivajinagar,15.251
PROP-440904900E21,122,66,108,122,127.0,CPCB_PNQ_Shivajinagar,13.506
PROP-213ECFE3B4BE,95,50,82,95,56.7,CPCB_PNQ_Shivajinagar,19.442
PROP-1F790EFD8125,89,50,82,89,55.0,CPCB_PNQ_Shivajinagar,15.342
PROP-647380B6C56C,82,45,74,82,85.0,CPCB_PNQ_Shivajinagar,3.422
PROP-4F499D9376F9,138,78,127,138,132.7,CPCB_PNQ_Shivajinagar,8.294
PROP-7DB500BD76BA,141,75,124,141,132.3,CPCB_PNQ_Hadapsar,14.081
PROP-57D97B1608A3,40,22,36,40,69.7,CPCB_PNQ_Hadapsar,5.694
PROP-B11E5AB45104,125,67,110,125,130.0,CPCB_PNQ_Shivajinagar,2.117
PROP-A50CE5313CBD,89,50,82,89,55.0,CPCB_PNQ_Shivajinagar,2.117
PROP-62217874631A,88,46,76,88,88.7,CPCB_PNQ_Shivajinagar,23.486
PROP-1D65556AE1CE,141,75,124,141,132.3,CPCB_PNQ_Hadapsar,10.171
PROP-1FBA2ED0E2B0,137,74,122,137,141.0,CPCB_PNQ_Hadapsar,12.671
PROP-D39E15744857,125,67,110,125,130.0,CPCB_PNQ_Shivajinagar,23.486
PROP-E2640A16C3F8,91,50,82,91,57.7,CPCB_PNQ_Shivajinagar,8.815
PROP-E6BCF264F4DD,91,48,79,91,93.0,CPCB_PNQ_Hadapsar,14.189
PROP-40C22F83648C,148,77,126,148,144.7,CPCB_PNQ_Hadapsar,23.897
PROP-F15EE4C069CA,38,21,34,38,70.7,CPCB_PNQ_Hadapsar,19.31
PROP-28709C107BD6,36,19,32,36,65.3,CPCB_PNQ_Shivajinagar,20.16
PROP-3CA1D09745E1,141,75,124,141,132.3,CPCB_PNQ_Hadapsar,5.694
PROP-FAC30A8011C8,137,74,122,137,141.0,CPCB_PNQ_Hadapsar,14.189
PROP-AA67D493E21F,95,50,82,95,56.7,CPCB_PNQ_Shivajinagar,6.939
PROP-E74E0FFFDBF2,91,48,78,91,55.0,CPCB_PNQ_Shivajinagar,20.16
PROP-929CCBA54C0C,82,45,74,82,85.0,CPCB_PNQ_Shivajinagar,23.486
PROP-BA434D8A85DA,95,50,82,95,56.7,CPCB_PNQ_Shivajinagar,23.299
PROP-AF326AC6A2CB,79,41,68,79,87.7,CPCB_PNQ_Hadapsar,17.418
PROP-A58D6A670AD1,95,50,82,95,56.7,CPCB_PNQ_Shivajinagar,20.16
PROP-A4AD5167F2E7,74,41,67,74,84.0,CPCB_PNQ_Shivajinagar,22.029
PROP-C890780AC3A3,96,50,82,96,60.7,CPCB_PNQ_Hadapsar,9.267
PROP-231F406518F2,91,50,82,91,57.7,CPCB_PNQ_Shivajinagar,23.486
PROP-1186DBC63BDE,40,22,36,40,69.7,CPCB_PNQ_Hadapsar,13.237
PROP-2BAC72B9C32C,75,41,68,75,84.7,CPCB_PNQ_Shivajinagar,22.265
PROP-49341EBD44F6,75,41,68,75,84.7,CPCB_PNQ_Shivajinagar,10.587
PROP-7AC8E10B6A19,96,50,82,96,60.7,CPCB_PNQ_Hadapsar,24.608
PROP-ACC3B69ECDC7,44,22,37,44,67.7,CPCB_PNQ_Shivajinagar,17.263
PROP-3B64966E10C9,91,50,82,91,57.7,CPCB_PNQ_Shivajinagar,23.554
PROP-4E8EE8084367,40,23,37,40,71.0,CPCB_PNQ_Shivajinagar,15.251
PROP-49A97EF8D984,91,48,78,91,55.0,CPCB_PNQ_Shivajinagar,12.06
PROP-E0A2E4AAAB44,88,46,76,88,88.7,CPCB_PNQ_Shivajinagar,13.948
PROP-058990FC0C25,125,67,110,125,130.0,CPCB_PNQ_Shivajinagar,25.716
PROP-85F03F3010C8,141,75,124,141,132.3,CPCB_PNQ_Hadapsar,16.022
PROP-635E4915E9C0,39,21,35,39,67.0,CPCB_PNQ_Shivajinagar,13.506
PROP-B7FF306FB6A0,96,55,90,96,58.3,CPCB_PNQ_Shivajinagar,25.212
PROP-075894DBC07F,91,48,79,91,93.0,CPCB_PNQ_Hadapsar,19.15
PROP-2497A3D2E8C4,96,50,82,96,60.7,CPCB_PNQ_Hadapsar,9.267
PROP-2E778D52125B,36,19,32,36,65.3,CPCB_PNQ_Shivajinagar,13.506
PROP-B77FE71BB9A8,75,41,68,75,84.7,CPCB_PNQ_Shivajinagar,15.342
PROP-23281E632448,38,20,33,38,66.0,CPCB_PNQ_Hadapsar,19.15
PROP-BDA60D1822BF,74,41,67,74,84.0,CPCB_PNQ_Shivajinagar,23.33
PROP-339DE0306D87,40,23,37,40,71.0,CPCB_PNQ_Shivajinagar,17.875
PROP-D68BEEB20DFA,39,21,35,39,67.0,CPCB_PNQ_Shivajinagar,3.119
PROP-7CBC5F183A13,125,67,110,125,130.0,CPCB_PNQ_Shivajinagar,15.756
PROP-A38D59622EF3,42,22,37,42,71.7,CPCB_PNQ_Hadapsar,3.49
PROP-28CECFA11B16,41,21,35,41,70.7,CPCB_PNQ_Hadapsar,6.391
PROP-ED6BCA744171,76,42,69,76,88.0,CPCB_PNQ_Hadapsar,7.45
PROP-7093A92D5C30,122,66,108,122,127.0,CPCB_PNQ_Shivajinagar,8.815
PROP-739870D4A0CA,102,56,92,102,62.7,CPCB_PNQ_Hadapsar,12.581
PROP-EF1B670AFF63,42,22,37,42,71.7,CPCB_PNQ_Hadapsar,13.419
PROP-EDCB8E1E7D1F,89,50,82,89,55.0,CPCB_PNQ_Shivajinagar,18.979
PROP-B534D4B81D14,91,50,82,91,57.7,CPCB_PNQ_Shivajinagar,17.346
PROP-85C11484F5B4,82,45,74,82,85.0,CPCB_PNQ_Shivajinagar,23.554
PROP-F1C9247BB920,98,51,84,98,62.0,CPCB_PNQ_Hadapsar,9.73
PROP-D482B3771C8A,89,50,82,89,55.0,CPCB_PNQ_Shivajinagar,2.117
PROP-FA0211E82345,137,74,122,137,141.0,CPCB_PNQ_Hadapsar,22.189
PROP-3FEFD9E7A1C6,42,22,37,42,71.7,CPCB_PNQ_Hadapsar,19.15
PROP-C69B5907EBA1,82,45,74,82,85.0,CPCB_PNQ_Shivajinagar,15.342
PROP-EAB49D3B364D,36,19,32,36,65.3,CPCB_PNQ_Shivajinagar,15.342
PROP-4DD10B4845CA,96,55,90,96,58.3,CPCB_PNQ_Shivajinagar,18.979
PROP-1333A319311A,79,41,68,79,87.7,CPCB_PNQ_Hadapsar,11.599
PROP-66BC2F398FB3,96,53,88,96,62.0,CPCB_PNQ_Hadapsar,13.419
PROP-7DBBC97905B3,75,41,68,75,84.7,CPCB_PNQ_Shivajinagar,3.2
PROP-EEBDDCA0DCD5,148,77,126,148,144.7,CPCB_PNQ_Hadapsar,3.49
PROP-B4C1B6EDF262,98,51,84,98,62.0,CPCB_PNQ_Hadapsar,23.897
PROP-FA34F2CE8B1B,137,74,122,137,141.0,CPCB_PNQ_Hadapsar,9.267
PROP-AF5FB6853E1B,79,41,68,79,87.7,CPCB_PNQ_Hadapsar,18.526
PROP-46B15F168586,88,50,83,88,93.7,CPCB_PNQ_Hadapsar,12.703
PROP-9C536CB1055F,84,48,78,84,85.3,CPCB_PNQ_Shivajinagar,19.834
PROP-F0AAB7D19F67,91,48,79,91,93.0,CPCB_PNQ_Hadapsar,7.377
PROP-62105BBEFDA2,42,23,38,42,70.0,CPCB_PNQ_Shivajinagar,5.158
PROP-93DB6361384B,44,22,37,44,67.7,CPCB_PNQ_Shivajinagar,18.979
PROP-C6260C7FBAB2,137,74,122,137,141.0,CPCB_PNQ_Hadapsar,11.225
PROP-D22065523F7E,137,74,122,137,141.0,CPCB_PNQ_Hadapsar,23.781
PROP-10BC3A1DF5DE,75,41,68,75,84.7,CPCB_PNQ_Shivajinagar,28.167
PROP-C91E0606D6E6,122,66,108,122,127.0,CPCB_PNQ_Shivajinagar,14.287
PROP-D2D11EEA01F9,88,50,83,88,93.7,CPCB_PNQ_Hadapsar,4.78
PROP-35087DADD342,96,55,90,96,58.3,CPCB_PNQ_Shivajinagar,20.563
PROP-21B6F295880F,96,50,82,96,60.7,CPCB_PNQ_Hadapsar,7.0
PROP-02A2CE0C3B8A,95,50,82,95,56.7,CPCB_PNQ_Shivajinagar,13.506
PROP-1C98B5696C35,88,50,83,88,93.7,CPCB_PNQ_Hadapsar,8.778
PROP-A5307A7DDDCF,91,48,78,91,55.0,CPCB_PNQ_Shivajinagar,23.554
PROP-5A377B53D605,138,78,127,138,132.7,CPCB_PNQ_Shivajinagar,15.034
PROP-C365C90D669E,84,48,78,84,85.3,CPCB_PNQ_Shivajinagar,18.979
PROP-D881023C4623,88,50,83,88,93.7,CPCB_PNQ_Hadapsar,13.419
PROP-7DDE330126D2,138,78,127,138,132.7,CPCB_PNQ_Shivajinagar,4.704
PROP-23D7E490B0C8,41,21,35,41,70.7,CPCB_PNQ_Hadapsar,10.171
PROP-3C7BB9A3A76F,89,50,82,89,55.0,CPCB_PNQ_Shivajinagar,12.06
PROP-15F42F3F45D1,44,22,37,44,67.7,CPCB_PNQ_Shivajinagar,4.609
PROP-890703277062,38,21,34,38,70.7,CPCB_PNQ_Hadapsar,5.694
PROP-89ACEFC4F51A,36,19,32,36,65.3,CPCB_PNQ_Shivajinagar,8.815
PROP-37D756708A75,38,21,34,38,70.7,CPCB_PNQ_Hadapsar,3.49
PROP-3B7D7EFA5026,40,22,36,40,69.7,CPCB_PNQ_Hadapsar,9.267
PROP-0E6FE0A0B9A5,82,45,74,82,85.0,CPCB_PNQ_Shivajinagar,4.704
PROP-84A21D6A8040,40,22,36,40,69.7,CPCB_PNQ_Hadapsar,12.974
PROP-2BABD05518F6,42,22,37,42,71.7,CPCB_PNQ_Hadapsar,16.022
PROP-F0839049C306,88,50,83,88,93.7,CPCB_PNQ_Hadapsar,14.189
PROP-D847EC37271C,82,45,74,82,85.0,CPCB_PNQ_Shivajinagar,15.251
PROP-05948D732C72,82,45,74,82,85.0,CPCB_PNQ_Shivajinagar,25.375
PROP-0C56AD14CB18,102,56,92,102,62.7,CPCB_PNQ_Hadapsar,25.224
PROP-D2BDFE7925DA,125,67,110,125,130.0,CPCB_PNQ_Shivajinagar,14.004
PROP-455615E045AA,40,23,37,40,71.0,CPCB_PNQ_Shivajinagar,7.092
PROP-93D5F2EA70D5,96,50,82,96,60.7,CPCB_PNQ_Hadapsar,14.189
PROP-7F528A239CA5,120,69,113,120,123.0,CPCB_PNQ_Shivajinagar,8.093
PROP-CB2D36F05D85,39,21,35,39,67.0,CPCB_PNQ_Shivajinagar,23.486
PROP-65C335E274A6,87,48,79,87,92.3,CPCB_PNQ_Hadapsar,14.951
PROP-720DA87D30D8,91,48,78,91,55.0,CPCB_PNQ_Shivajinagar,11.38
PROP-D42E5341B90C,96,53,88,96,62.0,CPCB_PNQ_Hadapsar,5.694
PROP-DC1B25032235,87,48,79,87,92.3,CPCB_PNQ_Hadapsar,8.256
PROP-DAE97DB35ED5,42,22,37,42,71.7,CPCB_PNQ_Hadapsar,16.022
PROP-77CDB76A9BDA,39,21,35,39,67.0,CPCB_PNQ_Shivajinagar,13.393
PROP-EC63FBA3AA7E,93,49,81,93,60.7,CPCB_PNQ_Hadapsar,13.519
PROP-2877CEFE7651,93,49,81,93,60.7,CPCB_PNQ_Hadapsar,5.694
PROP-37485F7E2916,102,56,92,102,62.7,CPCB_PNQ_Hadapsar,25.224
PROP-979AEA102EA4,82,45,74,82,85.0,CPCB_PNQ_Shivajinagar,12.06
PROP-C52E8140E86B,96,53,88,96,62.0,CPCB_PNQ_Hadapsar,6.939
PROP-6676E8663A08,87,48,79,87,92.3,CPCB_PNQ_Hadapsar,6.939
PROP-B13814862311,93,49,81,93,60.7,CPCB_PNQ_Hadapsar,12.653
PROP-18A0393EBFD1,89,50,82,89,55.0,CPCB_PNQ_Shivajinagar,25.212
PROP-FA6BBB07ABCF,36,19,32,36,65.3,CPCB_PNQ_Shivajinagar,19.442
PROP-C379DC43B420,96,55,90,96,58.3,CPCB_PNQ_Shivajinagar,19.515
PROP-E9CF8628ED04,42,23,38,42,70.0,CPCB_PNQ_Shivajinagar,26.826
PROP-FCE55AABA553,96,55,90,96,58.3,CPCB_PNQ_Shivajinagar,16.78
PROP-C1EA0CD38AC7,89,50,82,89,55.0,CPCB_PNQ_Shivajinagar,15.251
PROP-482DCA850323,42,22,37,42,71.7,CPCB_PNQ_Hadapsar,12.581
PROP-6F13C5763251,39,21,35,39,67.0,CPCB_PNQ_Shivajinagar,25.212
PROP-769DB2905AE9,91,48,78,91,55.0,CPCB_PNQ_Shivajinagar,12.06
PROP-C7EDDE98AC97,38,20,33,38,66.0,CPCB_PNQ_Hadapsar,14.725
PROP-421F952F0F04,42,22,37,42,71.7,CPCB_PNQ_Hadapsar,23.897
PROP-A8556B61F94C,89,50,82,89,55.0,CPCB_PNQ_Shivajinagar,23.486
PROP-84FF42823845,138,78,127,138,132.7,CPCB_PNQ_Shivajinagar,15.251
PROP-6F82CA0C8A11,88,46,76,88,88.7,CPCB_PNQ_Shivajinagar,7.669
PROP-E3020D1AF648,137,74,122,137,141.0,CPCB_PNQ_Hadapsar,9.267
PROP-DC14830AE8B7,82,45,74,82,85.0,CPCB_PNQ_Shivajinagar,20.081
PROP-BDC6D2291E49,38,21,34,38,70.7,CPCB_PNQ_Hadapsar,26.399
PROP-6E85E8DDB8E1,38,20,33,38,66.0,CPCB_PNQ_Hadapsar,15.993
PROP-82481EC85A1D,82,45,74,82,85.0,CPCB_PNQ_Shivajinagar,12.06
PROP-59ED03C2D533,120,69,113,120,123.0,CPCB_PNQ_Shivajinagar,8.815
PROP-A35DD694E290,138,78,127,138,132.7,CPCB_PNQ_Shivajinagar,4.439
PROP-1A4DA22A4DD3,76,42,69,76,88.0,CPCB_PNQ_Hadapsar,16.022
PROP-2481B9205A1B,40,22,36,40,69.7,CPCB_PNQ_Hadapsar,14.951
PROP-3245C71215D9,40,22,36,40,69.7,CPCB_PNQ_Hadapsar,14.057
PROP-798E7123EFB4,136,72,118,136,128.0,CPCB_PNQ_Hadapsar,19.15
PROP-89E222B0D969,148,77,126,148,144.7,CPCB_PNQ_Hadapsar,19.181
PROP-4DECC38BD8CF,96,55,90,96,58.3,CPCB_PNQ_Shivajinagar,26.826
PROP-24F70B7C00D7,136,72,118,136,128.0,CPCB_PNQ_Hadapsar,5.694
PROP-45456EF60E62,41,21,35,41,70.7,CPCB_PNQ_Hadapsar,13.794
PROP-D97C0EAC7EFC,102,56,92,102,62.7,CPCB_PNQ_Hadapsar,13.542
PROP-65F8CC1B47A3,74,41,67,74,84.0,CPCB_PNQ_Shivajinagar,2.181
PROP-C13450A90362,36,19,32,36,65.3,CPCB_PNQ_Shivajinagar,23.299
PROP-29977FC750F9,88,46,76,88,88.7,CPCB_PNQ_Shivajinagar,18.441
PROP-7F913584DC9B,38,20,33,38,66.0,CPCB_PNQ_Hadapsar,13.465
PROP-FB5263AAAB2B,39,21,35,39,67.0,CPCB_PNQ_Shivajinagar,16.65
PROP-A01CB55764AB,91,48,78,91,55.0,CPCB_PNQ_Shivajinagar,11.345
PROP-268D769FFABB,39,21,35,39,67.0,CPCB_PNQ_Shivajinagar,11.345
PROP-B418A821F996,96,50,82,96,60.7,CPCB_PNQ_Hadapsar,12.671
PROP-ACE5E0EEB134,122,66,108,122,127.0,CPCB_PNQ_Shivajinagar,2.181
PROP-1A43D5540869,122,66,108,122,127.0,CPCB_PNQ_Shivajinagar,8.093
PROP-E6DF7296D61D,84,48,78,84,85.3,CPCB_PNQ_Shivajinagar,7.669
PROP-8B7FB49FC660,39,21,35,39,67.0,CPCB_PNQ_Shivajinagar,12.06
PROP-08518C6D7848,88,46,76,88,88.7,CPCB_PNQ_Shivajinagar,14.911
PROP-293505D2AF90,87,48,79,87,92.3,CPCB_PNQ_Hadapsar,5.694
PROP-370ACDCF12C9,39,21,35,39,67.0,CPCB_PNQ_Shivajinagar,15.342
PROP-B679D5E7AF11,88,46,76,88,88.7,CPCB_PNQ_Shivajinagar,4.704
PROP-3C0E1490978E,88,50,83,88,93.7,CPCB_PNQ_Hadapsar,7.45
PROP-E207DA987F01,96,50,82,96,60.7,CPCB_PNQ_Hadapsar,9.115
PROP-DB88480B32C2,148,77,126,148,144.7,CPCB_PNQ_Hadapsar,14.743
PROP-87C1F1174B6E,74,41,67,74,84.0,CPCB_PNQ_Shivajinagar,13.44
PROP-9DA8E5B699B1,42,23,38,42,70.0,CPCB_PNQ_Shivajinagar,16.78
PROP-BC8DFFC19931,91,48,79,91,93.0,CPCB_PNQ_Hadapsar,14.725
PROP-D8D69E46F4CA,141,75,124,141,132.3,CPCB_PNQ_Hadapsar,9.267
PROP-44530E0C4C90,138,78,127,138,132.7,CPCB_PNQ_Shivajinagar,12.06
PROP-EEC3D29E415D,95,50,82,95,56.7,CPCB_PNQ_Shivajinagar,15.342
PROP-38C84727D3FE,98,51,84,98,62.0,CPCB_PNQ_Hadapsar,8.199
PROP-3D08008BF943,91,48,78,91,55.0,CPCB_PNQ_Shivajinagar,12.06
PROP-C04609594190,148,77,126,148,144.7,CPCB_PNQ_Hadapsar,14.189
PROP-104F6B294F1C,93,49,81,93,60.7,CPCB_PNQ_Hadapsar,13.813
PROP-ED46E794471F,40,23,37,40,71.0,CPCB_PNQ_Shivajinagar,22.125
PROP-C2EAD362A1AD,136,72,118,136,128.0,CPCB_PNQ_Hadapsar,18.526
PROP-AB09036233A9,82,45,74,82,85.0,CPCB_PNQ_Shivajinagar,7.669
PROP-E9BAEB955ACF,91,50,82,91,57.7,CPCB_PNQ_Shivajinagar,12.06
PROP-B038ACC64428,120,69,113,120,123.0,CPCB_PNQ_Shivajinagar,2.181
PROP-F6B245772A63,84,48,78,84,85.3,CPCB_PNQ_Shivajinagar,17.57
PROP-7951FF19FD13,88,50,83,88,93.7,CPCB_PNQ_Hadapsar,13.237
PROP-FD4EEE167BC8,36,19,32,36,65.3,CPCB_PNQ_Shivajinagar,17.113
PROP-1E50D01D39F1,96,55,90,96,58.3,CPCB_PNQ_Shivajinagar,14.965
PROP-AEA0B06BF7D6,82,45,74,82,85.0,CPCB_PNQ_Shivajinagar,21.681
PROP-55F59220E177,82,45,74,82,85.0,CPCB_PNQ_Shivajinagar,1.041
PROP-2205EEF25F0D,96,50,82,96,60.7,CPCB_PNQ_Hadapsar,16.022
PROP-E97FC7791CB2,96,53,88,96,62.0,CPCB_PNQ_Hadapsar,11.77
PROP-D7CC0960AC51,95,50,82,95,56.7,CPCB_PNQ_Shivajinagar,23.33
PROP-59FE02786930,122,66,108,122,127.0,CPCB_PNQ_Shivajinagar,15.251
PROP-18C461E69FDE,40,23,37,40,71.0,CPCB_PNQ_Shivajinagar,10.198
PROP-E9B376DEE292,120,69,113,120,123.0,CPCB_PNQ_Shivajinagar,15.251
PROP-D8A3AAC363D4,38,20,33,38,66.0,CPCB_PNQ_Hadapsar,9.115
PROP-90D900BAEF72,136,72,118,136,128.0,CPCB_PNQ_Hadapsar,11.225
PROP-C72C0DECAFDC,91,48,78,91,55.0,CPCB_PNQ_Shivajinagar,21.521
PROP-83C48C70B9D6,40,23,37,40,71.0,CPCB_PNQ_Shivajinagar,2.181
PROP-6E5FEC60EF5B,38,20,33,38,66.0,CPCB_PNQ_Hadapsar,14.081
PROP-91180F723F57,122,66,108,122,127.0,CPCB_PNQ_Shivajinagar,17.875
PROP-53D931FCBD3E,76,42,69,76,88.0,CPCB_PNQ_Hadapsar,14.189
PROP-D470B3751BD4,40,22,36,40,69.7,CPCB_PNQ_Hadapsar,11.968
PROP-21B3C26D5F31,93,49,81,93,60.7,CPCB_PNQ_Hadapsar,8.866
PROP-39F236415EF8,75,41,68,75,84.7,CPCB_PNQ_Shivajinagar,7.742
PROP-284561EDABB5,138,78,127,138,132.7,CPCB_PNQ_Shivajinagar,8.093
PROP-34A08169478C,89,50,82,89,55.0,CPCB_PNQ_Shivajinagar,5.342
PROP-DF148733D1FF,96,55,90,96,58.3,CPCB_PNQ_Shivajinagar,4.704
PROP-13C19FD4247F,38,20,33,38,66.0,CPCB_PNQ_Hadapsar,13.813
PROP-BAE85C00C378,141,75,124,141,132.3,CPCB_PNQ_Hadapsar,9.557
PROP-50887F1103AB,125,67,110,125,130.0,CPCB_PNQ_Shivajinagar,18.65
PROP-C460DB9FF03C,138,78,127,138,132.7,CPCB_PNQ_Shivajinagar,16.78
PROP-30CFFC65A779,88,46,76,88,88.7,CPCB_PNQ_Shivajinagar,5.342
PROP-742AF815A8C8,36,19,32,36,65.3,CPCB_PNQ_Shivajinagar,18.564
PROP-5D88009B0F55,96,50,82,96,60.7,CPCB_PNQ_Hadapsar,6.14
PROP-C3ED8F6EB62D,84,48,78,84,85.3,CPCB_PNQ_Shivajinagar,1.514
PROP-9A0B1930F4F6,125,67,110,125,130.0,CPCB_PNQ_Shivajinagar,23.554
PROP-EFD660109901,88,50,83,88,93.7,CPCB_PNQ_Hadapsar,5.694
PROP-5FB0D926FF99,120,69,113,120,123.0,CPCB_PNQ_Shivajinagar,2.309
PROP-B6E104BC44F5,84,48,78,84,85.3,CPCB_PNQ_Shivajinagar,12.06
PROP-DA2D44114E96,122,66,108,122,127.0,CPCB_PNQ_Shivajinagar,19.6
PROP-06B5F6F28EF5,95,50,82,95,56.7,CPCB_PNQ_Shivajinagar,5.158
PROP-2E4553F5C3B5,40,22,36,40,69.7,CPCB_PNQ_Hadapsar,11.701
PROP-7EC8A99D01C0,91,48,78,91,55.0,CPCB_PNQ_Shivajinagar,17.263
PROP-09DE79DE50FF,84,48,78,84,85.3,CPCB_PNQ_Shivajinagar,22.708
PROP-01D1B9E0B823,136,72,118,136,128.0,CPCB_PNQ_Hadapsar,23.897
PROP-3CCB14A442A1,44,22,37,44,67.7,CPCB_PNQ_Shivajinagar,3.2
PROP-61B82D19EEDF,137,74,122,137,141.0,CPCB_PNQ_Hadapsar,11.77
PROP-6C328706BA56,41,21,35,41,70.7,CPCB_PNQ_Hadapsar,11.77
PROP-076B2553CE63,42,23,38,42,70.0,CPCB_PNQ_Shivajinagar,23.486
PROP-F7793708676E,125,67,110,125,130.0,CPCB_PNQ_Shivajinagar,22.265
PROP-5F2B5884D4CA,75,41,68,75,84.7,CPCB_PNQ_Shivajinagar,2.181
PROP-940507D9459F,148,77,126,148,144.7,CPCB_PNQ_Hadapsar,14.951
PROP-D0973DDA4D8F,89,50,82,89,55.0,CPCB_PNQ_Shivajinagar,2.181
PROP-7D3523823132,141,75,124,141,132.3,CPCB_PNQ_Hadapsar,6.876
PROP-B57E5BD77762,75,41,68,75,84.7,CPCB_PNQ_Shivajinagar,19.6
PROP-0461D7695030,82,45,74,82,85.0,CPCB_PNQ_Shivajinagar,28.658
PROP-B048B38ECA3A,91,50,82,91,57.7,CPCB_PNQ_Shivajinagar,28.658
PROP-20AB8949E398,44,22,37,44,67.7,CPCB_PNQ_Shivajinagar,18.441
PROP-762402F6B87E,88,46,76,88,88.7,CPCB_PNQ_Shivajinagar,10.198
PROP-06CE9E032708,75,41,68,75,84.7,CPCB_PNQ_Shivajinagar,17.134
PROP-F0257BC123E5,84,48,78,84,85.3,CPCB_PNQ_Shivajinagar,25.212
PROP-51DC0C3B710A,41,21,35,41,70.7,CPCB_PNQ_Hadapsar,14.857
PROP-D19DAFBE0ADB,141,75,124,141,132.3,CPCB_PNQ_Hadapsar,14.857
PROP-B005C24FEB55,96,53,88,96,62.0,CPCB_PNQ_Hadapsar,14.857
PROP-B1ABA9C64976,36,19,32,36,65.3,CPCB_PNQ_Shivajinagar,16.78
PROP-DD461E6EEC34,88,50,83,88,93.7,CPCB_PNQ_Hadapsar,23.781
PROP-315509A70EAC,89,50,82,89,55.0,CPCB_PNQ_Shivajinagar,1.787
PROP-3D51C97BBCD5,82,45,74,82,85.0,CPCB_PNQ_Shivajinagar,2.309
PROP-4633318E636E,84,48,78,84,85.3,CPCB_PNQ_Shivajinagar,8.294
PROP-47BB57506711,95,50,82,95,56.7,CPCB_PNQ_Shivajinagar,3.119
PROP-5AED91057C45,120,69,113,120,123.0,CPCB_PNQ_Shivajinagar,1.514
PROP-28C952BB9C68,76,42,69,76,88.0,CPCB_PNQ_Hadapsar,23.781
PROP-9DB9636EF24C,39,21,35,39,67.0,CPCB_PNQ_Shivajinagar,15.251
PROP-E5A8E64DDD77,137,74,122,137,141.0,CPCB_PNQ_Hadapsar,4.78
PROP-470B7B50F924,136,72,118,136,128.0,CPCB_PNQ_Hadapsar,9.591
PROP-999D93EBDA02,93,49,81,93,60.7,CPCB_PNQ_Hadapsar,12.371
PROP-4065703E4820,88,50,83,88,93.7,CPCB_PNQ_Hadapsar,19.15
PROP-ABEF5668AA9D,91,48,78,91,55.0,CPCB_PNQ_Shivajinagar,21.005
PROP-0304BCFF52E5,93,49,81,93,60.7,CPCB_PNQ_Hadapsar,11.236
PROP-944A12D6A91D,74,41,67,74,84.0,CPCB_PNQ_Shivajinagar,14.287
PROP-EEBCD293F799,76,42,69,76,88.0,CPCB_PNQ_Hadapsar,18.526
PROP-63FC137A042A,102,56,92,102,62.7,CPCB_PNQ_Hadapsar,18.526
PROP-C6CB9528BB14,84,48,78,84,85.3,CPCB_PNQ_Shivajinagar,23.554
PROP-1FE7E8FF94AF,122,66,108,122,127.0,CPCB_PNQ_Shivajinagar,2.181
PROP-64753F415CF9,39,21,35,39,67.0,CPCB_PNQ_Shivajinagar,5.58
PROP-B6817D36DD66,120,69,113,120,123.0,CPCB_PNQ_Shivajinagar,1.514
PROP-8FDF18914555,87,48,79,87,92.3,CPCB_PNQ_Hadapsar,7.45
PROP-C02F005AAB13,88,46,76,88,88.7,CPCB_PNQ_Shivajinagar,7.092
PROP-41A2106FA7C7,75,41,68,75,84.7,CPCB_PNQ_Shivajinagar,22.708
PROP-0CB168FFE83F,38,20,33,38,66.0,CPCB_PNQ_Hadapsar,9.115
PROP-54F63D64D9EC,84,48,78,84,85.3,CPCB_PNQ_Shivajinagar,16.65
PROP-4F9A3973B3B6,88,46,76,88,88.7,CPCB_PNQ_Shivajinagar,18.979
PROP-DF4F5C19DD7C,96,50,82,96,60.7,CPCB_PNQ_Hadapsar,11.968
PROP-9C57618CB5F6,40,23,37,40,71.0,CPCB_PNQ_Shivajinagar,13.948
PROP-85FDF703E7E4,96,50,82,96,60.7,CPCB_PNQ_Hadapsar,16.802
PROP-5751984A81CA,74,41,67,74,84.0,CPCB_PNQ_Shivajinagar,20.006
PROP-0F96DB8C5EAE,42,23,38,42,70.0,CPCB_PNQ_Shivajinagar,14.965
PROP-8745A6809553,36,19,32,36,65.3,CPCB_PNQ_Shivajinagar,25.212
PROP-FE3D9CF9644E,95,50,82,95,56.7,CPCB_PNQ_Shivajinagar,25.212
PROP-7705690F2BED,91,50,82,91,57.7,CPCB_PNQ_Shivajinagar,2.943
PROP-5D41029C24D4,79,41,68,79,87.7,CPCB_PNQ_Hadapsar,17.204
PROP-A474AF159C00,44,22,37,44,67.7,CPCB_PNQ_Shivajinagar,2.181
PROP-6136DADB985E,96,55,90,96,58.3,CPCB_PNQ_Shivajinagar,8.815
PROP-BE0F79CA4D21,93,49,81,93,60.7,CPCB_PNQ_Hadapsar,9.557
PROP-D641A353665A,40,22,36,40,69.7,CPCB_PNQ_Hadapsar,9.267
PROP-B36B54E3592B,82,45,74,82,85.0,CPCB_PNQ_Shivajinagar,11.447
PROP-5187158148DE,40,23,37,40,71.0,CPCB_PNQ_Shivajinagar,10.198
PROP-8D4550CF078E,88,50,83,88,93.7,CPCB_PNQ_Hadapsar,13.419
PROP-6C4E3AA22AD0,39,21,35,39,67.0,CPCB_PNQ_Shivajinagar,11.38
PROP-55488DC86954,42,23,38,42,70.0,CPCB_PNQ_Shivajinagar,20.16
PROP-35E698F8C8E1,91,48,78,91,55.0,CPCB_PNQ_Shivajinagar,20.16
PROP-47EC8CAA2D1D,89,50,82,89,55.0,CPCB_PNQ_Shivajinagar,20.006
PROP-1FA3B8F4485C,76,42,69,76,88.0,CPCB_PNQ_Hadapsar,5.694
PROP-435F8E219C76,89,50,82,89,55.0,CPCB_PNQ_Shivajinagar,18.979
PROP-BCC8A2657637,91,48,78,91,55.0,CPCB_PNQ_Shivajinagar,15.251
PROP-29940FFCE6DA,95,50,82,95,56.7,CPCB_PNQ_Shivajinagar,25.212
PROP-06099F7A6044,38,20,33,38,66.0,CPCB_PNQ_Hadapsar,9.267
PROP-11E540A0887F,122,66,108,122,127.0,CPCB_PNQ_Shivajinagar,23.554
PROP-4CFB50A79031,84,48,78,84,85.3,CPCB_PNQ_Shivajinagar,1.514
PROP-10E37C9D254C,136,72,118,136,128.0,CPCB_PNQ_Hadapsar,14.189
PROP-789BAC22EADB,125,67,110,125,130.0,CPCB_PNQ_Shivajinagar,23.33
PROP-8100E6739818,91,48,78,91,55.0,CPCB_PNQ_Shivajinagar,21.543
PROP-51716900FDDC,42,23,38,42,70.0,CPCB_PNQ_Shivajinagar,25.212
PROP-662CB2C157C5,98,51,84,98,62.0,CPCB_PNQ_Hadapsar,5.694
PROP-5D95C95EF1A4,138,78,127,138,132.7,CPCB_PNQ_Shivajinagar,1.514
PROP-90B5D0DE93B2,89,50,82,89,55.0,CPCB_PNQ_Shivajinagar,23.554
PROP-B1299269B048,42,23,38,42,70.0,CPCB_PNQ_Shivajinagar,18.65
PROP-F692AF9D9DBB,44,22,37,44,67.7,CPCB_PNQ_Shivajinagar,9.982
PROP-1DECA9ACDB81,41,21,35,41,70.7,CPCB_PNQ_Hadapsar,6.391
PROP-E5B888F67F5C,75,41,68,75,84.7,CPCB_PNQ_Shivajinagar,8.815
PROP-BB2C3E8DC24E,42,22,37,42,71.7,CPCB_PNQ_Hadapsar,19.15
PROP-DB27CC735F53,122,66,108,122,127.0,CPCB_PNQ_Shivajinagar,14.965
PROP-33687DA126C8,40,23,37,40,71.0,CPCB_PNQ_Shivajinagar,7.669
PROP-EC0EAA89F8A0,93,49,81,93,60.7,CPCB_PNQ_Hadapsar,8.256
PROP-B13EC64B4D8C,38,20,33,38,66.0,CPCB_PNQ_Hadapsar,19.15
PROP-FAC598C84F0E,76,42,69,76,88.0,CPCB_PNQ_Hadapsar,9.267
PROP-9861085A39C1,39,21,35,39,67.0,CPCB_PNQ_Shivajinagar,11.38
PROP-DCA99BED79B6,88,46,76,88,88.7,CPCB_PNQ_Shivajinagar,11.333
PROP-2215523756AD,96,55,90,96,58.3,CPCB_PNQ_Shivajinagar,17.134
PROP-700864776747,41,21,35,41,70.7,CPCB_PNQ_Hadapsar,9.557
PROP-36F1789F8862,96,55,90,96,58.3,CPCB_PNQ_Shivajinagar,19.442
PROP-68A31D5528B2,125,67,110,125,130.0,CPCB_PNQ_Shivajinagar,22.265
PROP-3CD431169E57,122,66,108,122,127.0,CPCB_PNQ_Shivajinagar,15.342
PROP-058E2C2EE6F1,79,41,68,79,87.7,CPCB_PNQ_Hadapsar,9.591
PROP-C9C572C061F8,88,50,83,88,93.7,CPCB_PNQ_Hadapsar,21.609
PROP-3C0DA86FA603,36,19,32,36,65.3,CPCB_PNQ_Shivajinagar,25.212
PROP-D185A9F61D04,136,72,118,136,128.0,CPCB_PNQ_Hadapsar,19.15
PROP-6C8960B60E58,138,78,127,138,132.7,CPCB_PNQ_Shivajinagar,5.158
PROP-8D81DB8D52F2,36,19,32,36,65.3,CPCB_PNQ_Shivajinagar,23.33
PROP-B6850284EB24,76,42,69,76,88.0,CPCB_PNQ_Hadapsar,19.15
PROP-7DB8ADBD44BC,138,78,127,138,132.7,CPCB_PNQ_Shivajinagar,1.514
PROP-38639A51E9BA,148,77,126,148,144.7,CPCB_PNQ_Hadapsar,19.369
PROP-4AE14CA254F0,88,46,76,88,88.7,CPCB_PNQ_Shivajinagar,8.233
PROP-4B34DF2E4826,91,48,78,91,55.0,CPCB_PNQ_Shivajinagar,22.125
PROP-A0E7E5E1C072,89,50,82,89,55.0,CPCB_PNQ_Shivajinagar,19.442
PROP-C5D43F6935CB,138,78,127,138,132.7,CPCB_PNQ_Shivajinagar,8.233
PROP-42FFD58DA91E,137,74,122,137,141.0,CPCB_PNQ_Hadapsar,16.254
PROP-E3B99F7E3211,96,55,90,96,58.3,CPCB_PNQ_Shivajinagar,11.38
PROP-F2350AFC6A34,79,41,68,79,87.7,CPCB_PNQ_Hadapsar,23.897
PROP-F2DAC81E5E8C,98,51,84,98,62.0,CPCB_PNQ_Hadapsar,9.73
PROP-05A7313F49A0,38,21,34,38,70.7,CPCB_PNQ_Hadapsar,6.939
PROP-327551273E86,76,42,69,76,88.0,CPCB_PNQ_Hadapsar,19.15
PROP-E79979BC0E1E,125,67,110,125,130.0,CPCB_PNQ_Shivajinagar,18.65
PROP-73C81C400FC6,120,69,113,120,123.0,CPCB_PNQ_Shivajinagar,5.58
PROP-8E895F2DDEA5,91,50,82,91,57.7,CPCB_PNQ_Shivajinagar,18.979
PROP-950793A6582E,42,22,37,42,71.7,CPCB_PNQ_Hadapsar,6.876
PROP-3F46129C47B2,74,41,67,74,84.0,CPCB_PNQ_Shivajinagar,19.849
PROP-5218EDAAA375,93,49,81,93,60.7,CPCB_PNQ_Hadapsar,9.115
PROP-4109CAA1C340,98,51,84,98,62.0,CPCB_PNQ_Hadapsar,10.383
PROP-EDA26ACA745F,38,20,33,38,66.0,CPCB_PNQ_Hadapsar,23.781
PROP-4826EC184147,91,48,78,91,55.0,CPCB_PNQ_Shivajinagar,27.786
PROP-B949ED31B918,88,50,83,88,93.7,CPCB_PNQ_Hadapsar,6.391
PROP-E33F5D02CC12,42,23,38,42,70.0,CPCB_PNQ_Shivajinagar,15.342
PROP-EA246639395B,148,77,126,148,144.7,CPCB_PNQ_Hadapsar,8.256
PROP-4C16B4B34BCF,40,23,37,40,71.0,CPCB_PNQ_Shivajinagar,5.58
PROP-B8522EF8B903,89,50,82,89,55.0,CPCB_PNQ_Shivajinagar,19.072
PROP-FA833C8312E4,88,46,76,88,88.7,CPCB_PNQ_Shivajinagar,13.432
PROP-52ED767CC21A,138,78,127,138,132.7,CPCB_PNQ_Shivajinagar,11.447
PROP-94212FA15224,102,56,92,102,62.7,CPCB_PNQ_Hadapsar,13.72
PROP-04A0DCCD6104,42,23,38,42,70.0,CPCB_PNQ_Shivajinagar,9.982
PROP-0A87B82184FE,36,19,32,36,65.3,CPCB_PNQ_Shivajinagar,10.587
PROP-FA052F24C986,38,21,34,38,70.7,CPCB_PNQ_Hadapsar,19.369
PROP-FB98B1EFE668,122,66,108,122,127.0,CPCB_PNQ_Shivajinagar,8.093
PROP-B5003EA00232,75,41,68,75,84.7,CPCB_PNQ_Shivajinagar,21.521
PROP-15E5B2810C8D,75,41,68,75,84.7,CPCB_PNQ_Shivajinagar,7.765
PROP-5572E846A5A9,39,21,35,39,67.0,CPCB_PNQ_Shivajinagar,13.393
PROP-04557424651D,96,50,82,96,60.7,CPCB_PNQ_Hadapsar,5.694
PROP-4EB7735D50A8,93,49,81,93,60.7,CPCB_PNQ_Hadapsar,19.15
PROP-066E89E7255F,91,50,82,91,57.7,CPCB_PNQ_Shivajinagar,18.65
PROP-C72758944E41,136,72,118,136,128.0,CPCB_PNQ_Hadapsar,26.399
PROP-F004FCB38957,42,23,38,42,70.0,CPCB_PNQ_Shivajinagar,23.486
PROP-8489BADDBE17,125,67,110,125,130.0,CPCB_PNQ_Shivajinagar,13.432
PROP-840B09AFF58E,87,48,79,87,92.3,CPCB_PNQ_Hadapsar,8.256
PROP-970F020A9D98,148,77,126,148,144.7,CPCB_PNQ_Hadapsar,11.641
PROP-02DB00F21E6E,88,50,83,88,93.7,CPCB_PNQ_Hadapsar,4.328
PROP-2C2E967222B3,148,77,126,148,144.7,CPCB_PNQ_Hadapsar,6.876
PROP-ED9683068995,82,45,74,82,85.0,CPCB_PNQ_Shivajinagar,18.979
PROP-B932E597D70D,91,48,79,91,93.0,CPCB_PNQ_Hadapsar,4.328
PROP-112C2126223C,148,77,126,148,144.7,CPCB_PNQ_Hadapsar,13.151
PROP-135921BFE08E,36,19,32,36,65.3,CPCB_PNQ_Shivajinagar,20.16
PROP-D1F660DD1442,88,50,83,88,93.7,CPCB_PNQ_Hadapsar,6.876
PROP-9223A14BB9CA,36,19,32,36,65.3,CPCB_PNQ_Shivajinagar,15.251
PROP-0C3C607B71D0,87,48,79,87,92.3,CPCB_PNQ_Hadapsar,6.876
PROP-E1726A7F758A,36,19,32,36,65.3,CPCB_PNQ_Shivajinagar,23.486
PROP-BE5E763C94B7,122,66,108,122,127.0,CPCB_PNQ_Shivajinagar,14.004
PROP-500FC0201F61,40,22,36,40,69.7,CPCB_PNQ_Hadapsar,5.694
PROP-B3B39869819A,40,22,36,40,69.7,CPCB_PNQ_Hadapsar,3.398
PROP-310FDB05101F,93,49,81,93,60.7,CPCB_PNQ_Hadapsar,5.694
PROP-40861189FC10,42,23,38,42,70.0,CPCB_PNQ_Shivajinagar,13.44
PROP-0B0113330B85,141,75,124,141,132.3,CPCB_PNQ_Hadapsar,6.391
PROP-2522168C356D,40,23,37,40,71.0,CPCB_PNQ_Shivajinagar,8.815
PROP-FF77CEE8C2BF,36,19,32,36,65.3,CPCB_PNQ_Shivajinagar,13.44
PROP-3CCE7316511C,91,50,82,91,57.7,CPCB_PNQ_Shivajinagar,8.815
PROP-5987EFB50FAA,125,67,110,125,130.0,CPCB_PNQ_Shivajinagar,22.708
PROP-FA7662BEA7F1,137,74,122,137,141.0,CPCB_PNQ_Hadapsar,3.49
PROP-6559C4BC4EEF,38,21,34,38,70.7,CPCB_PNQ_Hadapsar,5.694
PROP-60150818F6DD,75,41,68,75,84.7,CPCB_PNQ_Shivajinagar,16.65
PROP-0A2789408FA0,95,50,82,95,56.7,CPCB_PNQ_Shivajinagar,16.449
PROP-A3F4B3F80695,42,22,37,42,71.7,CPCB_PNQ_Hadapsar,16.254
PROP-AFDD620B6095,89,50,82,89,55.0,CPCB_PNQ_Shivajinagar,2.117
PROP-FA7F37B350E3,87,48,79,87,92.3,CPCB_PNQ_Hadapsar,6.876
PROP-F06DD4966B3E,42,22,37,42,71.7,CPCB_PNQ_Hadapsar,9.229
PROP-C114637323B7,39,21,35,39,67.0,CPCB_PNQ_Shivajinagar,4.704
PROP-33AB6D26683F,138,78,127,138,132.7,CPCB_PNQ_Shivajinagar,9.982
PROP-4A73EE6BB111,84,48,78,84,85.3,CPCB_PNQ_Shivajinagar,8.093
PROP-3033494C6345,102,56,92,102,62.7,CPCB_PNQ_Hadapsar,3.398
PROP-37FE4AEF56C8,88,50,83,88,93.7,CPCB_PNQ_Hadapsar,9.267
PROP-7334F8E148B2,96,50,82,96,60.7,CPCB_PNQ_Hadapsar,18.196
PROP-D7EA82297F6E,96,53,88,96,62.0,CPCB_PNQ_Hadapsar,23.897
PROP-48A2189DEDF5,138,78,127,138,132.7,CPCB_PNQ_Shivajinagar,11.38
PROP-8FE1FAAB504D,75,41,68,75,84.7,CPCB_PNQ_Shivajinagar,11.38
PROP-53B01713B422,122,66,108,122,127.0,CPCB_PNQ_Shivajinagar,25.212
PROP-019DDB234B44,84,48,78,84,85.3,CPCB_PNQ_Shivajinagar,16.449
PROP-5880156ABEB8,125,67,110,125,130.0,CPCB_PNQ_Shivajinagar,23.33
PROP-296503E9CF13,93,49,81,93,60.7,CPCB_PNQ_Hadapsar,7.0
PROP-2268C226B756,76,42,69,76,88.0,CPCB_PNQ_Hadapsar,4.328
PROP-83C1748D320F,102,56,92,102,62.7,CPCB_PNQ_Hadapsar,14.725
PROP-12FC4BB87802,89,50,82,89,55.0,CPCB_PNQ_Shivajinagar,2.309
PROP-036A40B27112,87,48,79,87,92.3,CPCB_PNQ_Hadapsar,3.398
PROP-8EB6ABD1E5F2,98,51,84,98,62.0,CPCB_PNQ_Hadapsar,5.694
PROP-0E8978129783,40,23,37,40,71.0,CPCB_PNQ_Shivajinagar,2.943
PROP-7963A9BB37DF,89,50,82,89,55.0,CPCB_PNQ_Shivajinagar,14.004
PROP-DB8AD833EF0F,38,21,34,38,70.7,CPCB_PNQ_Hadapsar,5.694
PROP-7813EB02EFD0,42,23,38,42,70.0,CPCB_PNQ_Shivajinagar,17.875
PROP-68D4394D50E0,95,50,82,95,56.7,CPCB_PNQ_Shivajinagar,18.979
PROP-8F80444553E0,42,22,37,42,71.7,CPCB_PNQ_Hadapsar,16.254
PROP-E70C76FA2FA3,42,23,38,42,70.0,CPCB_PNQ_Shivajinagar,13.432
PROP-40E4D60ADADF,89,50,82,89,55.0,CPCB_PNQ_Shivajinagar,7.092
PROP-870014E13691,75,41,68,75,84.7,CPCB_PNQ_Shivajinagar,21.999
PROP-61BBDF5BDAFD,91,48,78,91,55.0,CPCB_PNQ_Shivajinagar,17.57
PROP-1D3E1B145217,42,22,37,42,71.7,CPCB_PNQ_Hadapsar,5.694
PROP-49BF184B93EC,91,48,78,91,55.0,CPCB_PNQ_Shivajinagar,13.432
PROP-22B312E08664,42,23,38,42,70.0,CPCB_PNQ_Shivajinagar,23.486
PROP-78DE2137D387,88,46,76,88,88.7,CPCB_PNQ_Shivajinagar,18.65
PROP-F7F08FB28B2A,91,50,82,91,57.7,CPCB_PNQ_Shivajinagar,18.688
PROP-1D98962044A4,79,41,68,79,87.7,CPCB_PNQ_Hadapsar,19.15
PROP-5AF61630F456,39,21,35,39,67.0,CPCB_PNQ_Shivajinagar,9.982
PROP-D76348C943E5,75,41,68,75,84.7,CPCB_PNQ_Shivajinagar,15.034
PROP-ACA5C02C847B,96,55,90,96,58.3,CPCB_PNQ_Shivajinagar,9.814
PROP-B827F9B1FD1E,74,41,67,74,84.0,CPCB_PNQ_Shivajinagar,19.834
PROP-E16B555960F6,84,48,78,84,85.3,CPCB_PNQ_Shivajinagar,23.486
PROP-4C52C6C695ED,95,50,82,95,56.7,CPCB_PNQ_Shivajinagar,22.125
PROP-1DE379F76B98,87,48,79,87,92.3,CPCB_PNQ_Hadapsar,26.399
PROP-20E8514B01C4,88,46,76,88,88.7,CPCB_PNQ_Shivajinagar,22.125
PROP-514D0871D9E2,122,66,108,122,127.0,CPCB_PNQ_Shivajinagar,19.442
PROP-9919941AB576,79,41,68,79,87.7,CPCB_PNQ_Hadapsar,6.876
PROP-9593A2132F88,84,48,78,84,85.3,CPCB_PNQ_Shivajinagar,18.688
PROP-0E4421ED4B20,40,23,37,40,71.0,CPCB_PNQ_Shivajinagar,8.815
PROP-0B67FFF1F22D,79,41,68,79,87.7,CPCB_PNQ_Hadapsar,11.77
PROP-C6BA346AE95E,96,55,90,96,58.3,CPCB_PNQ_Shivajinagar,23.486
PROP-4D8936F356C7,125,67,110,125,130.0,CPCB_PNQ_Shivajinagar,11.447
PROP-A009C2A66413,39,21,35,39,67.0,CPCB_PNQ_Shivajinagar,18.688
PROP-5BF11293E351,79,41,68,79,87.7,CPCB_PNQ_Hadapsar,19.15
PROP-CB8691583EDE,125,67,110,125,130.0,CPCB_PNQ_Shivajinagar,19.442
PROP-6703879E071F,141,75,124,141,132.3,CPCB_PNQ_Hadapsar,9.115
PROP-9777B4A5461C,44,22,37,44,67.7,CPCB_PNQ_Shivajinagar,17.113
PROP-596CD994672F,39,21,35,39,67.0,CPCB_PNQ_Shivajinagar,23.486
PROP-E928040882A8,93,49,81,93,60.7,CPCB_PNQ_Hadapsar,9.267
PROP-270E6B143FB6,82,45,74,82,85.0,CPCB_PNQ_Shivajinagar,19.515
PROP-50ECFF053787,76,42,69,76,88.0,CPCB_PNQ_Hadapsar,19.15
PROP-AF1E0DBC7AF7,88,50,83,88,93.7,CPCB_PNQ_Hadapsar,11.776
PROP-9F7F71E46775,41,21,35,41,70.7,CPCB_PNQ_Hadapsar,10.383
PROP-38930D3E5AD5,96,53,88,96,62.0,CPCB_PNQ_Hadapsar,13.465
PROP-C19744112D87,88,46,76,88,88.7,CPCB_PNQ_Shivajinagar,8.093
PROP-665F77D1607B,88,46,76,88,88.7,CPCB_PNQ_Shivajinagar,12.06
PROP-DC397958987A,40,22,36,40,69.7,CPCB_PNQ_Hadapsar,7.0
PROP-235474DA63CE,76,42,69,76,88.0,CPCB_PNQ_Hadapsar,16.254
PROP-657D3C1E314A,74,41,67,74,84.0,CPCB_PNQ_Shivajinagar,17.263
PROP-7D2B1F50DA38,137,74,122,137,141.0,CPCB_PNQ_Hadapsar,9.115
PROP-283ECF1E9987,148,77,126,148,144.7,CPCB_PNQ_Hadapsar,13.419
PROP-11E4F8B4840D,74,41,67,74,84.0,CPCB_PNQ_Shivajinagar,23.486
PROP-DDAA86DD60E2,91,48,78,91,55.0,CPCB_PNQ_Shivajinagar,19.442
PROP-3910BD364DBD,95,50,82,95,56.7,CPCB_PNQ_Shivajinagar,9.814
PROP-15E5C6B23B43,138,78,127,138,132.7,CPCB_PNQ_Shivajinagar,14.004
PROP-0864CF5C88A3,122,66,108,122,127.0,CPCB_PNQ_Shivajinagar,11.38
PROP-66D43DD1C718,75,41,68,75,84.7,CPCB_PNQ_Shivajinagar,2.309
PROP-32C2217EB51F,138,78,127,138,132.7,CPCB_PNQ_Shivajinagar,25.212
PROP-B5D2587A4084,38,20,33,38,66.0,CPCB_PNQ_Hadapsar,11.701
PROP-FED97B50482C,98,51,84,98,62.0,CPCB_PNQ_Hadapsar,14.189
PROP-E9EFBC4559DA,138,78,127,138,132.7,CPCB_PNQ_Shivajinagar,15.342
PROP-4B270E81F3A1,125,67,110,125,130.0,CPCB_PNQ_Shivajinagar,13.506
PROP-9B5953DA62EB,36,19,32,36,65.3,CPCB_PNQ_Shivajinagar,5.158
PROP-B15E3C15D27C,138,78,127,138,132.7,CPCB_PNQ_Shivajinagar,14.004
PROP-01F45FEC86FD,122,66,108,122,127.0,CPCB_PNQ_Shivajinagar,18.979
PROP-728D6487212B,38,21,34,38,70.7,CPCB_PNQ_Hadapsar,23.781
PROP-586F39E39DD9,96,55,90,96,58.3,CPCB_PNQ_Shivajinagar,3.468
PROP-FAF87833345F,88,46,76,88,88.7,CPCB_PNQ_Shivajinagar,16.804
PROP-D9EA96F771C0,75,41,68,75,84.7,CPCB_PNQ_Shivajinagar,17.134
PROP-038DD18C4306,40,23,37,40,71.0,CPCB_PNQ_Shivajinagar,18.688
PROP-470909E0DC3F,137,74,122,137,141.0,CPCB_PNQ_Hadapsar,11.661
PROP-CE629D62C1E2,89,50,82,89,55.0,CPCB_PNQ_Shivajinagar,10.07
PROP-2055C19CB674,38,20,33,38,66.0,CPCB_PNQ_Hadapsar,14.189
PROP-CADB9418C827,96,53,88,96,62.0,CPCB_PNQ_Hadapsar,14.725
PROP-54221A1FB721,87,48,79,87,92.3,CPCB_PNQ_Hadapsar,13.419
PROP-39EFEA1A324E,89,50,82,89,55.0,CPCB_PNQ_Shivajinagar,8.815
PROP-5BC87B51A4E9,39,21,35,39,67.0,CPCB_PNQ_Shivajinagar,7.765
PROP-F61DCDEEA633,93,49,81,93,60.7,CPCB_PNQ_Hadapsar,14.189
PROP-A0B24C423CFA,120,69,113,120,123.0,CPCB_PNQ_Shivajinagar,8.294
PROP-22FA19F99E64,120,69,113,120,123.0,CPCB_PNQ_Shivajinagar,13.506
PROP-37AA36995442,141,75,124,141,132.3,CPCB_PNQ_Hadapsar,23.781
PROP-F3A128C532B5,44,22,37,44,67.7,CPCB_PNQ_Shivajinagar,22.708
PROP-D9743C70CB37,39,21,35,39,67.0,CPCB_PNQ_Shivajinagar,8.093
PROP-9257FA0F646A,38,21,34,38,70.7,CPCB_PNQ_Hadapsar,23.781
PROP-82C8A1DA5ECD,136,72,118,136,128.0,CPCB_PNQ_Hadapsar,13.519
PROP-B1E271462EE0,36,19,32,36,65.3,CPCB_PNQ_Shivajinagar,13.393
PROP-517FCD9BFB61,122,66,108,122,127.0,CPCB_PNQ_Shivajinagar,5.58
PROP-FAB9736DD2EB,41,21,35,41,70.7,CPCB_PNQ_Hadapsar,14.725
PROP-91E5E9CE072D,136,72,118,136,128.0,CPCB_PNQ_Hadapsar,6.876
PROP-67BEADD38850,95,50,82,95,56.7,CPCB_PNQ_Shivajinagar,22.708
PROP-11C7E45524A5,96,55,90,96,58.3,CPCB_PNQ_Shivajinagar,15.342
PROP-1111C1829407,75,41,68,75,84.7,CPCB_PNQ_Shivajinagar,15.342
PROP-4C94311153E5,38,20,33,38,66.0,CPCB_PNQ_Hadapsar,9.73
PROP-E6B0CCE2542F,88,46,76,88,88.7,CPCB_PNQ_Shivajinagar,18.65
PROP-642FEA70C636,41,21,35,41,70.7,CPCB_PNQ_Hadapsar,13.813
PROP-1A4F41B7FCE7,98,51,84,98,62.0,CPCB_PNQ_Hadapsar,14.857
PROP-9ED697450E69,74,41,67,74,84.0,CPCB_PNQ_Shivajinagar,15.251
PROP-467FA946B3A8,38,21,34,38,70.7,CPCB_PNQ_Hadapsar,9.267
PROP-C9ACCA4772A3,148,77,126,148,144.7,CPCB_PNQ_Hadapsar,14.189
PROP-1ADDABDB7B09,84,48,78,84,85.3,CPCB_PNQ_Shivajinagar,22.708
PROP-C75EF7D0832B,98,51,84,98,62.0,CPCB_PNQ_Hadapsar,18.196
PROP-5F3B2E5E6849,91,50,82,91,57.7,CPCB_PNQ_Shivajinagar,18.688
PROP-D827EBCF7D0C,87,48,79,87,92.3,CPCB_PNQ_Hadapsar,17.351
PROP-529A695AAAE4,98,51,84,98,62.0,CPCB_PNQ_Hadapsar,3.469
PROP-52821F74D662,42,22,37,42,71.7,CPCB_PNQ_Hadapsar,14.189
PROP-FE65A2B32D9D,40,23,37,40,71.0,CPCB_PNQ_Shivajinagar,10.07
PROP-4D8D9BA16C41,38,20,33,38,66.0,CPCB_PNQ_Hadapsar,3.398
PROP-F5447FDE0BD9,84,48,78,84,85.3,CPCB_PNQ_Shivajinagar,20.16
PROP-AB5E011D8379,42,22,37,42,71.7,CPCB_PNQ_Hadapsar,14.189
PROP-44F95501D6A3,96,55,90,96,58.3,CPCB_PNQ_Shivajinagar,15.531
PROP-C78770588BE5,42,22,37,42,71.7,CPCB_PNQ_Hadapsar,23.881
PROP-5A9F086C4B31,40,22,36,40,69.7,CPCB_PNQ_Hadapsar,3.398
PROP-0E0D2C5B8C8A,38,20,33,38,66.0,CPCB_PNQ_Hadapsar,6.798
PROP-6F97E026666B,93,49,81,93,60.7,CPCB_PNQ_Hadapsar,16.254
PROP-028298A1FDB0,40,23,37,40,71.0,CPCB_PNQ_Shivajinagar,19.834
PROP-B2976D206FC2,74,41,67,74,84.0,CPCB_PNQ_Shivajinagar,18.979
PROP-2CF7578F7196,98,51,84,98,62.0,CPCB_PNQ_Hadapsar,14.189
PROP-A4532AB98D48,40,23,37,40,71.0,CPCB_PNQ_Shivajinagar,18.979
PROP-6A11CD27BA64,88,46,76,88,88.7,CPCB_PNQ_Shivajinagar,15.342
PROP-B55D0E75BE2D,125,67,110,125,130.0,CPCB_PNQ_Shivajinagar,6.288
PROP-56DAD5711BC9,95,50,82,95,56.7,CPCB_PNQ_Shivajinagar,17.346
PROP-7F8DB76EE4B0,91,50,82,91,57.7,CPCB_PNQ_Shivajinagar,22.125
PROP-013251B1167D,40,23,37,40,71.0,CPCB_PNQ_Shivajinagar,7.669
PROP-5A99A0F43908,36,19,32,36,65.3,CPCB_PNQ_Shivajinagar,13.432
PROP-519AD477F60C,41,21,35,41,70.7,CPCB_PNQ_Hadapsar,18.196
PROP-79A45AFE3712,42,22,37,42,71.7,CPCB_PNQ_Hadapsar,13.383
PROP-25DD7C694F53,36,19,32,36,65.3,CPCB_PNQ_Shivajinagar,16.498
PROP-8BCC48934BDE,91,50,82,91,57.7,CPCB_PNQ_Shivajinagar,17.134
PROP-A2E135412DEF,91,50,82,91,57.7,CPCB_PNQ_Shivajinagar,18.979
PROP-36FA85B6A013,91,50,82,91,57.7,CPCB_PNQ_Shivajinagar,9.982
PROP-E642C267BE01,102,56,92,102,62.7,CPCB_PNQ_Hadapsar,16.254
PROP-E747D7455794,125,67,110,125,130.0,CPCB_PNQ_Shivajinagar,15.342
PROP-F8CFD12B8C4C,36,19,32,36,65.3,CPCB_PNQ_Shivajinagar,3.468
PROP-E3773AA070DD,148,77,126,148,144.7,CPCB_PNQ_Hadapsar,13.519
PROP-A3297A74B9DC,82,45,74,82,85.0,CPCB_PNQ_Shivajinagar,21.681
PROP-F1EF5074C249,120,69,113,120,123.0,CPCB_PNQ_Shivajinagar,14.004
PROP-BD9446E2B3FF,122,66,108,122,127.0,CPCB_PNQ_Shivajinagar,20.081
PROP-880F6CAE0BAA,98,51,84,98,62.0,CPCB_PNQ_Hadapsar,16.022
PROP-93A24151E761,79,41,68,79,87.7,CPCB_PNQ_Hadapsar,6.14
PROP-1595632F7447,91,48,79,91,93.0,CPCB_PNQ_Hadapsar,14.106
PROP-5C38ECF1B9E5,89,50,82,89,55.0,CPCB_PNQ_Shivajinagar,2.309
PROP-6C5E68C07BBE,44,22,37,44,67.7,CPCB_PNQ_Shivajinagar,25.212
PROP-C3FA1B8B65F9,88,46,76,88,88.7,CPCB_PNQ_Shivajinagar,23.554
PROP-56A7E6F7FE6A,40,22,36,40,69.7,CPCB_PNQ_Hadapsar,9.267
PROP-C13D925DDF7E,136,72,118,136,128.0,CPCB_PNQ_Hadapsar,17.351
PROP-ACF04D9049CB,88,46,76,88,88.7,CPCB_PNQ_Shivajinagar,27.786
PROP-A3923CD0A479,75,41,68,75,84.7,CPCB_PNQ_Shivajinagar,14.004
PROP-3FA6A4F71660,44,22,37,44,67.7,CPCB_PNQ_Shivajinagar,9.814
PROP-81985D57488B,95,50,82,95,56.7,CPCB_PNQ_Shivajinagar,25.375
PROP-6F4D9D49A4B7,36,19,32,36,65.3,CPCB_PNQ_Shivajinagar,21.005
PROP-E238837A8C7E,91,48,79,91,93.0,CPCB_PNQ_Hadapsar,6.14
PROP-35F456BDA572,84,48,78,84,85.3,CPCB_PNQ_Shivajinagar,16.449
PROP-14DFB39A2D22,91,48,78,91,55.0,CPCB_PNQ_Shivajinagar,18.564
PROP-5E7EBC1E6BFC,91,48,78,91,55.0,CPCB_PNQ_Shivajinagar,24.263
PROP-0D48F8D1C447,42,23,38,42,70.0,CPCB_PNQ_Shivajinagar,14.701
PROP-C840B62ADC25,39,21,35,39,67.0,CPCB_PNQ_Shivajinagar,23.383
PROP-EF0FC2ADC232,122,66,108,122,127.0,CPCB_PNQ_Shivajinagar,16.498
PROP-5A8634785F1E,79,41,68,79,87.7,CPCB_PNQ_Hadapsar,6.391
PROP-7CFF038C6D82,42,23,38,42,70.0,CPCB_PNQ_Shivajinagar,15.082
PROP-05EB98F9B79E,74,41,67,74,84.0,CPCB_PNQ_Shivajinagar,12.06
PROP-F8E38FC09FCC,88,46,76,88,88.7,CPCB_PNQ_Shivajinagar,5.58
PROP-3E90936B5408,148,77,126,148,144.7,CPCB_PNQ_Hadapsar,16.365
PROP-97BF80B92FB0,36,19,32,36,65.3,CPCB_PNQ_Shivajinagar,21.543
PROP-E4D39546C414,74,41,67,74,84.0,CPCB_PNQ_Shivajinagar,8.815
PROP-077E6C92FF08,74,41,67,74,84.0,CPCB_PNQ_Shivajinagar,23.486
PROP-8E1BC94036AF,38,21,34,38,70.7,CPCB_PNQ_Hadapsar,13.151
PROP-DE40C0A09AFD,125,67,110,125,130.0,CPCB_PNQ_Shivajinagar,21.521
PROP-EB787D73C7DC,39,21,35,39,67.0,CPCB_PNQ_Shivajinagar,25.212
PROP-2F97D90EBB27,137,74,122,137,141.0,CPCB_PNQ_Hadapsar,19.15
PROP-80679BCCA875,120,69,113,120,123.0,CPCB_PNQ_Shivajinagar,3.119
PROP-427BB62F325C,44,22,37,44,67.7,CPCB_PNQ_Shivajinagar,2.943
PROP-31679F275D75,87,48,79,87,92.3,CPCB_PNQ_Hadapsar,21.609
PROP-5E89EAE1291C,141,75,124,141,132.3,CPCB_PNQ_Hadapsar,5.694
PROP-7ED93828946E,38,20,33,38,66.0,CPCB_PNQ_Hadapsar,4.328
PROP-2C3582A9D384,44,22,37,44,67.7,CPCB_PNQ_Shivajinagar,18.564
PROP-AFAFB7FC358E,122,66,108,122,127.0,CPCB_PNQ_Shivajinagar,18.65
PROP-D5871F31B3FC,122,66,108,122,127.0,CPCB_PNQ_Shivajinagar,25.212
PROP-9E3F60C7588B,82,45,74,82,85.0,CPCB_PNQ_Shivajinagar,12.649
PROP-A9F7835F6887,88,46,76,88,88.7,CPCB_PNQ_Shivajinagar,19.834
PROP-75928C26C846,120,69,113,120,123.0,CPCB_PNQ_Shivajinagar,20.081
PROP-D611C47AAB89,125,67,110,125,130.0,CPCB_PNQ_Shivajinagar,15.342
PROP-24C399D085C4,96,53,88,96,62.0,CPCB_PNQ_Hadapsar,23.897
PROP-6F2B114112D0,36,19,32,36,65.3,CPCB_PNQ_Shivajinagar,16.78
PROP-A4A9ADFE584E,125,67,110,125,130.0,CPCB_PNQ_Shivajinagar,12.649
PROP-80F314955A32,75,41,68,75,84.7,CPCB_PNQ_Shivajinagar,6.939
PROP-02D70E2C301B,96,55,90,96,58.3,CPCB_PNQ_Shivajinagar,14.287
PROP-F43E85CE9F7D,75,41,68,75,84.7,CPCB_PNQ_Shivajinagar,7.669
PROP-6BD911622F07,95,50,82,95,56.7,CPCB_PNQ_Shivajinagar,14.287
PROP-10CE836348F3,120,69,113,120,123.0,CPCB_PNQ_Shivajinagar,15.034
PROP-8B75F2107C1E,120,69,113,120,123.0,CPCB_PNQ_Shivajinagar,23.33
PROP-87BC2A39EC39,136,72,118,136,128.0,CPCB_PNQ_Hadapsar,5.694
PROP-3B51AE728A42,96,53,88,96,62.0,CPCB_PNQ_Hadapsar,8.256
PROP-3A267EF7EE46,91,50,82,91,57.7,CPCB_PNQ_Shivajinagar,25.212
PROP-25B5EF21FD58,41,21,35,41,70.7,CPCB_PNQ_Hadapsar,11.701
PROP-89F30265B2D3,84,48,78,84,85.3,CPCB_PNQ_Shivajinagar,16.78
PROP-721CDEB9B570,125,67,110,125,130.0,CPCB_PNQ_Shivajinagar,12.649
PROP-5FFD9E63CD87,42,23,38,42,70.0,CPCB_PNQ_Shivajinagar,8.815
PROP-BA4CA07F778B,96,53,88,96,62.0,CPCB_PNQ_Hadapsar,11.661
PROP-CBF762B3ABB9,88,50,83,88,93.7,CPCB_PNQ_Hadapsar,9.73
PROP-D41CE6C0C258,36,19,32,36,65.3,CPCB_PNQ_Shivajinagar,25.212
PROP-79558E28EE67,148,77,126,148,144.7,CPCB_PNQ_Hadapsar,9.267
PROP-6ED3D1925DF9,96,55,90,96,58.3,CPCB_PNQ_Shivajinagar,8.093
PROP-0E85C9AE5753,91,48,79,91,93.0,CPCB_PNQ_Hadapsar,13.519
PROP-1EAE5EF39BD4,76,42,69,76,88.0,CPCB_PNQ_Hadapsar,13.519
PROP-68172BD26D64,138,78,127,138,132.7,CPCB_PNQ_Shivajinagar,24.263
PROP-77294DD6BB0C,102,56,92,102,62.7,CPCB_PNQ_Hadapsar,19.15
PROP-3562457C4AA5,91,48,78,91,55.0,CPCB_PNQ_Shivajinagar,14.287
PROP-12D367E5B142,79,41,68,79,87.7,CPCB_PNQ_Hadapsar,16.254
PROP-8803A37018B1,87,48,79,87,92.3,CPCB_PNQ_Hadapsar,14.081
PROP-3805FE794E96,98,51,84,98,62.0,CPCB_PNQ_Hadapsar,19.15
PROP-299EECD690EE,89,50,82,89,55.0,CPCB_PNQ_Shivajinagar,28.167
PROP-E856BA58E297,41,21,35,41,70.7,CPCB_PNQ_Hadapsar,6.391
PROP-9DB4B5C4CD17,87,48,79,87,92.3,CPCB_PNQ_Hadapsar,3.398
PROP-8CF93AF71907,38,21,34,38,70.7,CPCB_PNQ_Hadapsar,11.701
PROP-6063CA8BF4D2,40,22,36,40,69.7,CPCB_PNQ_Hadapsar,9.557
PROP-A24FE160DB0B,41,21,35,41,70.7,CPCB_PNQ_Hadapsar,9.267
PROP-5BB252543157,42,22,37,42,71.7,CPCB_PNQ_Hadapsar,18.196
PROP-E8733EE73AE2,102,56,92,102,62.7,CPCB_PNQ_Hadapsar,23.897
PROP-F635B2C448CD,36,19,32,36,65.3,CPCB_PNQ_Shivajinagar,14.965
PROP-C227B16C5785,74,41,67,74,84.0,CPCB_PNQ_Shivajinagar,10.198
PROP-82E45F1B4040,91,48,78,91,55.0,CPCB_PNQ_Shivajinagar,19.442
PROP-85D0D20D009A,120,69,113,120,123.0,CPCB_PNQ_Shivajinagar,18.979
PROP-5E0E0DAE0DF2,91,50,82,91,57.7,CPCB_PNQ_Shivajinagar,27.786
PROP-8596EFC5A64F,95,50,82,95,56.7,CPCB_PNQ_Shivajinagar,9.982
PROP-D35189812D63,42,23,38,42,70.0,CPCB_PNQ_Shivajinagar,16.65
PROP-D2955698590B,42,23,38,42,70.0,CPCB_PNQ_Shivajinagar,16.65
PROP-B6DF006213E5,75,41,68,75,84.7,CPCB_PNQ_Shivajinagar,10.587
PROP-48C5094EAB3C,96,50,82,96,60.7,CPCB_PNQ_Hadapsar,15.044
PROP-E6CEC9BBB145,137,74,122,137,141.0,CPCB_PNQ_Hadapsar,9.73
PROP-495D2BCE9AAF,74,41,67,74,84.0,CPCB_PNQ_Shivajinagar,7.742
PROP-F0452D2760F8,79,41,68,79,87.7,CPCB_PNQ_Hadapsar,10.383
PROP-188005F60844,141,75,124,141,132.3,CPCB_PNQ_Hadapsar,14.743
PROP-409F0773A23D,42,23,38,42,70.0,CPCB_PNQ_Shivajinagar,18.65
PROP-C28EEAB1CF90,141,75,124,141,132.3,CPCB_PNQ_Hadapsar,3.398
PROP-3646AE63A324,125,67,110,125,130.0,CPCB_PNQ_Shivajinagar,18.564
PROP-BE7766288877,93,49,81,93,60.7,CPCB_PNQ_Hadapsar,23.897
PROP-B01242B46280,91,50,82,91,57.7,CPCB_PNQ_Shivajinagar,18.65
PROP-C91D0D2F6FCC,136,72,118,136,128.0,CPCB_PNQ_Hadapsar,22.984
PROP-DC7D9D13413D,84,48,78,84,85.3,CPCB_PNQ_Shivajinagar,11.345
PROP-CD2460B83308,75,41,68,75,84.7,CPCB_PNQ_Shivajinagar,13.506
PROP-2B717BE67EC4,44,22,37,44,67.7,CPCB_PNQ_Shivajinagar,21.636
PROP-A5B9D1415A4E,141,75,124,141,132.3,CPCB_PNQ_Hadapsar,3.398
PROP-4F3E18350F77,87,48,79,87,92.3,CPCB_PNQ_Hadapsar,14.189
PROP-82F1AB80716E,95,50,82,95,56.7,CPCB_PNQ_Shivajinagar,11.447
PROP-A86A7155FE85,91,50,82,91,57.7,CPCB_PNQ_Shivajinagar,22.125
PROP-49B4FC7944FD,79,41,68,79,87.7,CPCB_PNQ_Hadapsar,14.081
PROP-B3B83C579D7B,148,77,126,148,144.7,CPCB_PNQ_Hadapsar,3.49
PROP-AA0FFEC4D271,91,48,79,91,93.0,CPCB_PNQ_Hadapsar,11.599
PROP-1B468FB2E347,125,67,110,125,130.0,CPCB_PNQ_Shivajinagar,13.393
PROP-4578FCC980AB,40,22,36,40,69.7,CPCB_PNQ_Hadapsar,11.77
PROP-86DB4B28483E,95,50,82,95,56.7,CPCB_PNQ_Shivajinagar,16.78
PROP-D01B19EA5FAE,41,21,35,41,70.7,CPCB_PNQ_Hadapsar,14.951
PROP-BE0630D65353,148,77,126,148,144.7,CPCB_PNQ_Hadapsar,10.171
PROP-9F563109B018,84,48,78,84,85.3,CPCB_PNQ_Shivajinagar,23.486
PROP-E9B36E61B507,96,53,88,96,62.0,CPCB_PNQ_Hadapsar,23.781
PROP-4149FB1168FD,125,67,110,125,130.0,CPCB_PNQ_Shivajinagar,23.656
PROP-4FABC8329903,91,48,79,91,93.0,CPCB_PNQ_Hadapsar,18.196
PROP-9AF0CD1625E1,93,49,81,93,60.7,CPCB_PNQ_Hadapsar,14.189
PROP-91F387589687,42,22,37,42,71.7,CPCB_PNQ_Hadapsar,16.254
PROP-BFE4844C22B9,96,53,88,96,62.0,CPCB_PNQ_Hadapsar,3.49
PROP-029C945DB289,91,48,78,91,55.0,CPCB_PNQ_Shivajinagar,25.212
PROP-80DB941AB84B,87,48,79,87,92.3,CPCB_PNQ_Hadapsar,11.968
PROP-A86663C443E0,79,41,68,79,87.7,CPCB_PNQ_Hadapsar,11.77
PROP-79A644DAC603,76,42,69,76,88.0,CPCB_PNQ_Hadapsar,18.196
PROP-BDD69A5EA45B,38,21,34,38,70.7,CPCB_PNQ_Hadapsar,23.897
PROP-EBD55CDA3366,42,23,38,42,70.0,CPCB_PNQ_Shivajinagar,25.212
PROP-29C1D33D7BC9,125,67,110,125,130.0,CPCB_PNQ_Shivajinagar,8.093
PROP-DB2BDC4AD775,91,48,78,91,55.0,CPCB_PNQ_Shivajinagar,17.134
PROP-38E09D133C42,91,48,78,91,55.0,CPCB_PNQ_Shivajinagar,17.875
PROP-9E1F411F2C63,84,48,78,84,85.3,CPCB_PNQ_Shivajinagar,25.212
PROP-750ECC26561A,87,48,79,87,92.3,CPCB_PNQ_Hadapsar,4.78
PROP-C96A8903D87E,36,19,32,36,65.3,CPCB_PNQ_Shivajinagar,15.082
PROP-9DC609017C28,91,48,79,91,93.0,CPCB_PNQ_Hadapsar,13.813
PROP-32BBB3AB27FA,96,50,82,96,60.7,CPCB_PNQ_Hadapsar,9.267
PROP-82E7EF8EB3F0,75,41,68,75,84.7,CPCB_PNQ_Shivajinagar,22.265
PROP-471765908D14,38,21,34,38,70.7,CPCB_PNQ_Hadapsar,14.725
PROP-6D951E8398AE,141,75,124,141,132.3,CPCB_PNQ_Hadapsar,14.725
PROP-CD3474A91816,96,53,88,96,62.0,CPCB_PNQ_Hadapsar,3.398
PROP-9A48FBBB114F,138,78,127,138,132.7,CPCB_PNQ_Shivajinagar,12.649
PROP-7D64054442CC,75,41,68,75,84.7,CPCB_PNQ_Shivajinagar,21.521
PROP-170E8E55BC70,44,22,37,44,67.7,CPCB_PNQ_Shivajinagar,6.939
PROP-85AD7C219091,44,22,37,44,67.7,CPCB_PNQ_Shivajinagar,8.233
PROP-0EF77E785976,91,48,79,91,93.0,CPCB_PNQ_Hadapsar,18.883
PROP-F23EE3B56739,136,72,118,136,128.0,CPCB_PNQ_Hadapsar,11.661
PROP-9B425F0FA836,95,50,82,95,56.7,CPCB_PNQ_Shivajinagar,16.65
PROP-D6557117D11F,98,51,84,98,62.0,CPCB_PNQ_Hadapsar,13.237
PROP-DFD6E796FB34,38,20,33,38,66.0,CPCB_PNQ_Hadapsar,13.813
PROP-1A28549757EF,148,77,126,148,144.7,CPCB_PNQ_Hadapsar,9.229
PROP-322A3F477194,136,72,118,136,128.0,CPCB_PNQ_Hadapsar,3.49
PROP-C276C177DD60,96,53,88,96,62.0,CPCB_PNQ_Hadapsar,19.15
PROP-DFD5D337F5B4,36,19,32,36,65.3,CPCB_PNQ_Shivajinagar,8.815
PROP-AC550DA8A89F,82,45,74,82,85.0,CPCB_PNQ_Shivajinagar,7.742
PROP-5FDDD3339225,141,75,124,141,132.3,CPCB_PNQ_Hadapsar,7.01
PROP-A7E68362B9E1,38,20,33,38,66.0,CPCB_PNQ_Hadapsar,13.419
PROP-34079E90375F,141,75,124,141,132.3,CPCB_PNQ_Hadapsar,13.419
PROP-404A8D0E85E1,95,50,82,95,56.7,CPCB_PNQ_Shivajinagar,8.592
PROP-5FE0FAB23EE7,82,45,74,82,85.0,CPCB_PNQ_Shivajinagar,12.06
PROP-756DE0B66A27,96,55,90,96,58.3,CPCB_PNQ_Shivajinagar,22.124
PROP-34BE08EE9327,42,23,38,42,70.0,CPCB_PNQ_Shivajinagar,18.979
PROP-1471863660C6,42,23,38,42,70.0,CPCB_PNQ_Shivajinagar,14.004
PROP-B0DC385BC847,39,21,35,39,67.0,CPCB_PNQ_Shivajinagar,10.198
PROP-EFE6961AB1A4,36,19,32,36,65.3,CPCB_PNQ_Shivajinagar,5.58
PROP-6BEFF074BF89,76,42,69,76,88.0,CPCB_PNQ_Hadapsar,15.217
PROP-A72F3CE455E6,42,23,38,42,70.0,CPCB_PNQ_Shivajinagar,12.06
PROP-844FEA368864,148,77,126,148,144.7,CPCB_PNQ_Hadapsar,23.897
PROP-79A3756F6ADC,79,41,68,79,87.7,CPCB_PNQ_Hadapsar,9.557
PROP-14FC5A05D657,138,78,127,138,132.7,CPCB_PNQ_Shivajinagar,14.701
PROP-8D40A7AF8D20,138,78,127,138,132.7,CPCB_PNQ_Shivajinagar,13.393
PROP-609277D71A22,87,48,79,87,92.3,CPCB_PNQ_Hadapsar,14.106
PROP-E5F1CE4B6859,42,23,38,42,70.0,CPCB_PNQ_Shivajinagar,15.082
PROP-B19799A28630,136,72,118,136,128.0,CPCB_PNQ_Hadapsar,13.419
PROP-B6EC395ABFC2,39,21,35,39,67.0,CPCB_PNQ_Shivajinagar,5.342
PROP-23CA3016CA9F,44,22,37,44,67.7,CPCB_PNQ_Shivajinagar,8.294
PROP-1073A7A3F7FF,138,78,127,138,132.7,CPCB_PNQ_Shivajinagar,11.481
PROP-FE0971249CC6,148,77,126,148,144.7,CPCB_PNQ_Hadapsar,6.476
PROP-21D99D1991EF,38,21,34,38,70.7,CPCB_PNQ_Hadapsar,7.0
PROP-8961185A0636,98,51,84,98,62.0,CPCB_PNQ_Hadapsar,4.78
PROP-76C893345A7E,82,45,74,82,85.0,CPCB_PNQ_Shivajinagar,3.468
PROP-0E99709D4C5E,122,66,108,122,127.0,CPCB_PNQ_Shivajinagar,18.979
PROP-F0742D2CDF7F,148,77,126,148,144.7,CPCB_PNQ_Hadapsar,14.081
PROP-CDA2A0AB5F39,89,50,82,89,55.0,CPCB_PNQ_Shivajinagar,16.65
PROP-DD413A5ABA93,91,48,79,91,93.0,CPCB_PNQ_Hadapsar,3.398
PROP-9A7FC4D4058B,122,66,108,122,127.0,CPCB_PNQ_Shivajinagar,18.688
PROP-757EE071097A,120,69,113,120,123.0,CPCB_PNQ_Shivajinagar,15.342
PROP-4DAB8045B547,95,50,82,95,56.7,CPCB_PNQ_Shivajinagar,23.383
PROP-32029C7A84AF,88,50,83,88,93.7,CPCB_PNQ_Hadapsar,15.044
PROP-B96F9893E0A5,125,67,110,125,130.0,CPCB_PNQ_Shivajinagar,4.704
PROP-80E42E6F1ED4,82,45,74,82,85.0,CPCB_PNQ_Shivajinagar,22.708
PROP-26388DAD56A4,75,41,68,75,84.7,CPCB_PNQ_Shivajinagar,11.333
PROP-4E1D7BA11A5B,44,22,37,44,67.7,CPCB_PNQ_Shivajinagar,17.804
PROP-DDA9116DAF7E,125,67,110,125,130.0,CPCB_PNQ_Shivajinagar,13.44
PROP-044842348003,75,41,68,75,84.7,CPCB_PNQ_Shivajinagar,23.486
PROP-1C9FE41A8DB4,102,56,92,102,62.7,CPCB_PNQ_Hadapsar,16.254
PROP-919518ED3A0F,76,42,69,76,88.0,CPCB_PNQ_Hadapsar,6.939
PROP-B7C74F2E1B96,79,41,68,79,87.7,CPCB_PNQ_Hadapsar,19.15
PROP-A1A5BE7EE8C8,82,45,74,82,85.0,CPCB_PNQ_Shivajinagar,20.081
PROP-B9DAFF8D3D76,88,46,76,88,88.7,CPCB_PNQ_Shivajinagar,13.44
PROP-B169FA7E303E,79,41,68,79,87.7,CPCB_PNQ_Hadapsar,23.897
PROP-2A19538BD185,148,77,126,148,144.7,CPCB_PNQ_Hadapsar,6.14
PROP-917395C01FC1,87,48,79,87,92.3,CPCB_PNQ_Hadapsar,23.881
PROP-CCB8C6E19FC8,136,72,118,136,128.0,CPCB_PNQ_Hadapsar,6.939
PROP-3E1F36788B6A,91,50,82,91,57.7,CPCB_PNQ_Shivajinagar,18.688
PROP-169F6CAF7FC3,76,42,69,76,88.0,CPCB_PNQ_Hadapsar,17.351
PROP-A337A4A56B4A,148,77,126,148,144.7,CPCB_PNQ_Hadapsar,19.15
PROP-EAD71130FB6C,42,23,38,42,70.0,CPCB_PNQ_Shivajinagar,16.498
PROP-1847807A5660,87,48,79,87,92.3,CPCB_PNQ_Hadapsar,5.694
PROP-8BFFBB366B41,136,72,118,136,128.0,CPCB_PNQ_Hadapsar,14.725
PROP-81F507A8ABEB,141,75,124,141,132.3,CPCB_PNQ_Hadapsar,6.939
PROP-B0B828688C61,125,67,110,125,130.0,CPCB_PNQ_Shivajinagar,23.486
PROP-5DA266EDC1F8,87,48,79,87,92.3,CPCB_PNQ_Hadapsar,11.968
PROP-179CB8CA3EC9,137,74,122,137,141.0,CPCB_PNQ_Hadapsar,11.599
PROP-95A0F0BC7B11,76,42,69,76,88.0,CPCB_PNQ_Hadapsar,18.526
PROP-994540E03A0B,138,78,127,138,132.7,CPCB_PNQ_Shivajinagar,13.393
PROP-15DD8C665A5D,93,49,81,93,60.7,CPCB_PNQ_Hadapsar,22.984
PROP-BDC7587B7D0F,89,50,82,89,55.0,CPCB_PNQ_Shivajinagar,14.004
PROP-D67677D65F08,98,51,84,98,62.0,CPCB_PNQ_Hadapsar,15.217
PROP-F973F03BF731,36,19,32,36,65.3,CPCB_PNQ_Shivajinagar,14.287
PROP-9A4577B5A758,75,41,68,75,84.7,CPCB_PNQ_Shivajinagar,16.78
PROP-3D5A72A14E06,91,48,79,91,93.0,CPCB_PNQ_Hadapsar,14.857
PROP-4326703C95AA,88,50,83,88,93.7,CPCB_PNQ_Hadapsar,12.671
PROP-66818C09D607,41,21,35,41,70.7,CPCB_PNQ_Hadapsar,14.081
PROP-2F53A8EB4AC0,40,22,36,40,69.7,CPCB_PNQ_Hadapsar,9.73
PROP-D5AB948AD454,122,66,108,122,127.0,CPCB_PNQ_Shivajinagar,17.263
PROP-485FF5B36297,38,20,33,38,66.0,CPCB_PNQ_Hadapsar,13.519
PROP-5134FB7400B9,136,72,118,136,128.0,CPCB_PNQ_Hadapsar,7.735
PROP-16539F5480B3,125,67,110,125,130.0,CPCB_PNQ_Shivajinagar,19.515
PROP-2BF813435AC4,41,21,35,41,70.7,CPCB_PNQ_Hadapsar,19.15
PROP-1FFADD4722C5,38,21,34,38,70.7,CPCB_PNQ_Hadapsar,22.984
PROP-5EBF23E484B7,91,48,78,91,55.0,CPCB_PNQ_Shivajinagar,8.592
PROP-7C4F986DA28A,93,49,81,93,60.7,CPCB_PNQ_Hadapsar,16.254
PROP-89EB3F40E0DC,91,50,82,91,57.7,CPCB_PNQ_Shivajinagar,10.587
PROP-3B746E74FEC5,93,49,81,93,60.7,CPCB_PNQ_Hadapsar,11.77
PROP-A7620979369C,79,41,68,79,87.7,CPCB_PNQ_Hadapsar,19.15
PROP-8A3731312EA8,91,48,78,91,55.0,CPCB_PNQ_Shivajinagar,2.117
PROP-8CD224366BEE,84,48,78,84,85.3,CPCB_PNQ_Shivajinagar,17.134
PROP-0C9C0E19B5B7,96,55,90,96,58.3,CPCB_PNQ_Shivajinagar,5.158
PROP-EE02B767F9D4,148,77,126,148,144.7,CPCB_PNQ_Hadapsar,3.398
PROP-322A9A93734C,74,41,67,74,84.0,CPCB_PNQ_Shivajinagar,15.531
PROP-6101D9D0815E,44,22,37,44,67.7,CPCB_PNQ_Shivajinagar,8.265
PROP-14AD9AE54FDD,88,46,76,88,88.7,CPCB_PNQ_Shivajinagar,17.57
PROP-3ACC31BABDF4,137,74,122,137,141.0,CPCB_PNQ_Hadapsar,8.778
PROP-DE8520E2BD7D,141,75,124,141,132.3,CPCB_PNQ_Hadapsar,12.371
PROP-733086894EEF,84,48,78,84,85.3,CPCB_PNQ_Shivajinagar,14.287
PROP-779D284CACCD,95,50,82,95,56.7,CPCB_PNQ_Shivajinagar,26.826
PROP-56A6059D3D89,120,69,113,120,123.0,CPCB_PNQ_Shivajinagar,19.515
PROP-0C0BA6EE62CF,42,23,38,42,70.0,CPCB_PNQ_Shivajinagar,17.57
PROP-01AEF3EBBBFD,79,41,68,79,87.7,CPCB_PNQ_Hadapsar,10.383
PROP-D9CB1DD0F711,44,22,37,44,67.7,CPCB_PNQ_Shivajinagar,17.57
PROP-8FB38B6B790A,96,55,90,96,58.3,CPCB_PNQ_Shivajinagar,18.979
PROP-FA24825DAA86,40,23,37,40,71.0,CPCB_PNQ_Shivajinagar,8.815
PROP-907A509B10C1,82,45,74,82,85.0,CPCB_PNQ_Shivajinagar,20.16
PROP-683F4A26DDBB,39,21,35,39,67.0,CPCB_PNQ_Shivajinagar,2.117
PROP-589E7C63A76B,82,45,74,82,85.0,CPCB_PNQ_Shivajinagar,19.515
PROP-D2E09CB44576,42,22,37,42,71.7,CPCB_PNQ_Hadapsar,14.743
PROP-15CDF11F6ABC,98,51,84,98,62.0,CPCB_PNQ_Hadapsar,6.876
PROP-AB5D1B36EE46,120,69,113,120,123.0,CPCB_PNQ_Shivajinagar,25.716
PROP-5E63A90E974C,125,67,110,125,130.0,CPCB_PNQ_Shivajinagar,17.57
PROP-7CE767D91309,74,41,67,74,84.0,CPCB_PNQ_Shivajinagar,17.57
PROP-C9C98F275622,40,23,37,40,71.0,CPCB_PNQ_Shivajinagar,20.081
PROP-340DE7C8DCAE,96,50,82,96,60.7,CPCB_PNQ_Hadapsar,13.465
PROP-A8C758D83A0D,91,48,78,91,55.0,CPCB_PNQ_Shivajinagar,20.16
PROP-CD768F6295D7,102,56,92,102,62.7,CPCB_PNQ_Hadapsar,12.371
PROP-CD2916DAC649,75,41,68,75,84.7,CPCB_PNQ_Shivajinagar,24.263
PROP-EEAD8922BA8E,96,55,90,96,58.3,CPCB_PNQ_Shivajinagar,9.982
PROP-A4C983CE34DA,136,72,118,136,128.0,CPCB_PNQ_Hadapsar,9.115
PROP-8A5464BB826A,44,22,37,44,67.7,CPCB_PNQ_Shivajinagar,18.65
PROP-DD153DE52BBC,39,21,35,39,67.0,CPCB_PNQ_Shivajinagar,17.57
PROP-19B12CD4DF4E,79,41,68,79,87.7,CPCB_PNQ_Hadapsar,19.369
PROP-7F3404A31051,137,74,122,137,141.0,CPCB_PNQ_Hadapsar,13.465
PROP-0837F5FEB209,137,74,122,137,141.0,CPCB_PNQ_Hadapsar,6.391
PROP-A999BCE08DF7,91,50,82,91,57.7,CPCB_PNQ_Shivajinagar,16.498
PROP-67555383A521,91,48,78,91,55.0,CPCB_PNQ_Shivajinagar,13.44
PROP-6D3EAB779747,42,23,38,42,70.0,CPCB_PNQ_Shivajinagar,20.081
PROP-0321031F9CA0,89,50,82,89,55.0,CPCB_PNQ_Shivajinagar,17.134
PROP-09576784F08D,38,21,34,38,70.7,CPCB_PNQ_Hadapsar,16.254
PROP-FB94651590C5,84,48,78,84,85.3,CPCB_PNQ_Shivajinagar,10.587
PROP-F7B707A8DFBC,82,45,74,82,85.0,CPCB_PNQ_Shivajinagar,19.515
PROP-41C58F4603DB,122,66,108,122,127.0,CPCB_PNQ_Shivajinagar,17.113
PROP-537ECF5FA56A,75,41,68,75,84.7,CPCB_PNQ_Shivajinagar,9.982
PROP-1D206A4B3AE7,42,23,38,42,70.0,CPCB_PNQ_Shivajinagar,16.65
PROP-9E30481DB293,122,66,108,122,127.0,CPCB_PNQ_Shivajinagar,11.662
PROP-C25ED2F7937C,141,75,124,141,132.3,CPCB_PNQ_Hadapsar,8.778
PROP-9654897846B0,93,49,81,93,60.7,CPCB_PNQ_Hadapsar,11.661
PROP-1487CC1811D4,84,48,78,84,85.3,CPCB_PNQ_Shivajinagar,11.333
PROP-F30ABBC96624,40,22,36,40,69.7,CPCB_PNQ_Hadapsar,18.196
PROP-689C00A30632,122,66,108,122,127.0,CPCB_PNQ_Shivajinagar,20.079
PROP-4803772315A9,40,22,36,40,69.7,CPCB_PNQ_Hadapsar,9.557
PROP-BFD663AE4D5D,136,72,118,136,128.0,CPCB_PNQ_Hadapsar,14.951
PROP-D0C0A19B1B15,91,50,82,91,57.7,CPCB_PNQ_Shivajinagar,10.587
PROP-BAFCA8BA7060,42,22,37,42,71.7,CPCB_PNQ_Hadapsar,14.951
PROP-7E7631D90398,96,53,88,96,62.0,CPCB_PNQ_Hadapsar,13.151
PROP-3139A2B78A7D,74,41,67,74,84.0,CPCB_PNQ_Shivajinagar,10.198
PROP-92C7CA059B8B,148,77,126,148,144.7,CPCB_PNQ_Hadapsar,12.653
PROP-032A66170AF5,138,78,127,138,132.7,CPCB_PNQ_Shivajinagar,18.979
PROP-D7B607B692A4,95,50,82,95,56.7,CPCB_PNQ_Shivajinagar,1.514
PROP-8182E3522144,96,50,82,96,60.7,CPCB_PNQ_Hadapsar,9.267
PROP-A0FFB9A45C51,91,48,78,91,55.0,CPCB_PNQ_Shivajinagar,18.979
PROP-5DE7CAAC6DAA,96,55,90,96,58.3,CPCB_PNQ_Shivajinagar,23.554
PROP-B99A92935ADD,95,50,82,95,56.7,CPCB_PNQ_Shivajinagar,21.543
PROP-8F876ABDB135,96,53,88,96,62.0,CPCB_PNQ_Hadapsar,19.369
PROP-8B92C2A78410,82,45,74,82,85.0,CPCB_PNQ_Shivajinagar,8.265
PROP-FCFE7741EE4A,88,50,83,88,93.7,CPCB_PNQ_Hadapsar,16.254
PROP-333C68C4F662,44,22,37,44,67.7,CPCB_PNQ_Shivajinagar,22.125
PROP-008F80C63D60,88,46,76,88,88.7,CPCB_PNQ_Shivajinagar,15.531
PROP-D3AA218443DE,38,21,34,38,70.7,CPCB_PNQ_Hadapsar,23.897
PROP-DA00226ADDE9,91,48,78,91,55.0,CPCB_PNQ_Shivajinagar,17.113
PROP-C1842098EDBE,39,21,35,39,67.0,CPCB_PNQ_Shivajinagar,13.393
PROP-FB0D36CBD496,44,22,37,44,67.7,CPCB_PNQ_Shivajinagar,23.554
PROP-73FBF94E1A0B,87,48,79,87,92.3,CPCB_PNQ_Hadapsar,14.189
PROP-FC8585E65185,82,45,74,82,85.0,CPCB_PNQ_Shivajinagar,8.592
PROP-2F9E653D4A65,84,48,78,84,85.3,CPCB_PNQ_Shivajinagar,1.514
PROP-F6B703E3FD12,42,22,37,42,71.7,CPCB_PNQ_Hadapsar,5.694
PROP-9AE8B659470E,40,22,36,40,69.7,CPCB_PNQ_Hadapsar,16.254
PROP-DB6E46F069A3,91,48,78,91,55.0,CPCB_PNQ_Shivajinagar,17.113
PROP-33B4023864D8,98,51,84,98,62.0,CPCB_PNQ_Hadapsar,5.694
PROP-5576647D1F92,102,56,92,102,62.7,CPCB_PNQ_Hadapsar,5.694
PROP-CFC3F626DABE,74,41,67,74,84.0,CPCB_PNQ_Shivajinagar,16.449
PROP-7D249CA5335F,88,46,76,88,88.7,CPCB_PNQ_Shivajinagar,10.587
PROP-968E1DAF7711,36,19,32,36,65.3,CPCB_PNQ_Shivajinagar,2.309
PROP-D086CA2A9B7B,42,22,37,42,71.7,CPCB_PNQ_Hadapsar,8.206
PROP-12CC9FC5C913,75,41,68,75,84.7,CPCB_PNQ_Shivajinagar,9.982
PROP-6E3B740F9045,93,49,81,93,60.7,CPCB_PNQ_Hadapsar,15.217
PROP-07CC94CACE49,120,69,113,120,123.0,CPCB_PNQ_Shivajinagar,23.486
PROP-9AC15F4BD82E,84,48,78,84,85.3,CPCB_PNQ_Shivajinagar,22.125
PROP-6F2A8E6AB31A,96,50,82,96,60.7,CPCB_PNQ_Hadapsar,3.49
PROP-1E838D085F6F,87,48,79,87,92.3,CPCB_PNQ_Hadapsar,3.49
PROP-E96332C3BBA3,102,56,92,102,62.7,CPCB_PNQ_Hadapsar,23.897
PROP-42427E9597E2,120,69,113,120,123.0,CPCB_PNQ_Shivajinagar,23.486
PROP-EB7716DF7F59,120,69,113,120,123.0,CPCB_PNQ_Shivajinagar,15.531
PROP-79801CFAA72F,88,50,83,88,93.7,CPCB_PNQ_Hadapsar,12.016
PROP-0CFD3ECD98AC,41,21,35,41,70.7,CPCB_PNQ_Hadapsar,12.371
PROP-DA71424DC034,95,50,82,95,56.7,CPCB_PNQ_Shivajinagar,21.005
PROP-77C49CA879C6,42,22,37,42,71.7,CPCB_PNQ_Hadapsar,7.0
PROP-7B5AF3A45CE2,88,46,76,88,88.7,CPCB_PNQ_Shivajinagar,23.33
PROP-3C92476A526D,42,23,38,42,70.0,CPCB_PNQ_Shivajinagar,23.33
PROP-FDF94DE97E94,96,55,90,96,58.3,CPCB_PNQ_Shivajinagar,18.979
PROP-B63F0A2B79B8,96,53,88,96,62.0,CPCB_PNQ_Hadapsar,19.369
PROP-4FC85CDB89AB,95,50,82,95,56.7,CPCB_PNQ_Shivajinagar,19.849
PROP-865664F24B4E,122,66,108,122,127.0,CPCB_PNQ_Shivajinagar,17.57
PROP-C1B0FC0F914A,44,22,37,44,67.7,CPCB_PNQ_Shivajinagar,1.514
PROP-D908A76EF12B,141,75,124,141,132.3,CPCB_PNQ_Hadapsar,3.469
PROP-E3301DA7D630,96,50,82,96,60.7,CPCB_PNQ_Hadapsar,14.951
PROP-0106C21B749E,87,48,79,87,92.3,CPCB_PNQ_Hadapsar,16.254
PROP-76765FC38F02,82,45,74,82,85.0,CPCB_PNQ_Shivajinagar,22.708
PROP-C21C033575CF,91,50,82,91,57.7,CPCB_PNQ_Shivajinagar,3.422
PROP-EBED92F65A6D,42,22,37,42,71.7,CPCB_PNQ_Hadapsar,6.876
PROP-28CE565AE044,84,48,78,84,85.3,CPCB_PNQ_Shivajinagar,3.119
PROP-4E0FD5E2CE79,38,21,34,38,70.7,CPCB_PNQ_Hadapsar,14.951
PROP-5A15860526AB,88,46,76,88,88.7,CPCB_PNQ_Shivajinagar,3.422
PROP-A014D8541869,40,23,37,40,71.0,CPCB_PNQ_Shivajinagar,25.212
PROP-3DAF717093DA,40,23,37,40,71.0,CPCB_PNQ_Shivajinagar,7.884
PROP-2E410877E412,40,22,36,40,69.7,CPCB_PNQ_Hadapsar,4.747
PROP-ADCC0B973750,141,75,124,141,132.3,CPCB_PNQ_Hadapsar,14.951
PROP-BDCB3D90BFB8,120,69,113,120,123.0,CPCB_PNQ_Shivajinagar,22.125
PROP-425DCDCE91C2,87,48,79,87,92.3,CPCB_PNQ_Hadapsar,4.328
PROP-C4F16029ED13,122,66,108,122,127.0,CPCB_PNQ_Shivajinagar,2.943
PROP-81C6E404161F,125,67,110,125,130.0,CPCB_PNQ_Shivajinagar,3.422
PROP-E610639E2628,95,50,82,95,56.7,CPCB_PNQ_Shivajinagar,3.422
PROP-0ACF87343B54,42,23,38,42,70.0,CPCB_PNQ_Shivajinagar,1.514
PROP-83B677C44E98,96,53,88,96,62.0,CPCB_PNQ_Hadapsar,17.351
PROP-3CCCF7911017,148,77,126,148,144.7,CPCB_PNQ_Hadapsar,13.465
PROP-1339DEDC9554,36,19,32,36,65.3,CPCB_PNQ_Shivajinagar,17.113
PROP-8F93B0B331CD,88,46,76,88,88.7,CPCB_PNQ_Shivajinagar,13.432
PROP-63ABB0812E88,89,50,82,89,55.0,CPCB_PNQ_Shivajinagar,2.943
PROP-3BA7997A45E9,122,66,108,122,127.0,CPCB_PNQ_Shivajinagar,15.531
PROP-4EA0AA3AB741,82,45,74,82,85.0,CPCB_PNQ_Shivajinagar,6.939
PROP-36150A4AA872,88,46,76,88,88.7,CPCB_PNQ_Shivajinagar,8.265
PROP-A81337AC2E9F,40,23,37,40,71.0,CPCB_PNQ_Shivajinagar,2.117
PROP-A2CA99F38D85,38,20,33,38,66.0,CPCB_PNQ_Hadapsar,8.704
PROP-29627045D6DF,36,19,32,36,65.3,CPCB_PNQ_Shivajinagar,22.708
PROP-91949250D9AF,148,77,126,148,144.7,CPCB_PNQ_Hadapsar,11.701
PROP-E361EB02A570,122,66,108,122,127.0,CPCB_PNQ_Shivajinagar,16.498
PROP-1509AB17114D,42,23,38,42,70.0,CPCB_PNQ_Shivajinagar,21.521
PROP-6653EDB96020,89,50,82,89,55.0,CPCB_PNQ_Shivajinagar,14.004
PROP-3945FB693EA4,120,69,113,120,123.0,CPCB_PNQ_Shivajinagar,11.333
PROP-7FF75AC1E790,122,66,108,122,127.0,CPCB_PNQ_Shivajinagar,1.514
PROP-6380F541C2C5,36,19,32,36,65.3,CPCB_PNQ_Shivajinagar,4.704
PROP-A481E7995990,91,50,82,91,57.7,CPCB_PNQ_Shivajinagar,20.16
PROP-63DBE7316DC8,74,41,67,74,84.0,CPCB_PNQ_Shivajinagar,14.004
PROP-DAF443DDF8C5,39,21,35,39,67.0,CPCB_PNQ_Shivajinagar,16.449
PROP-3F25940A3AFF,38,21,34,38,70.7,CPCB_PNQ_Hadapsar,3.398
PROP-100313787E4E,42,22,37,42,71.7,CPCB_PNQ_Hadapsar,3.398
PROP-C8CECE94FAFB,84,48,78,84,85.3,CPCB_PNQ_Shivajinagar,25.212
PROP-6C4C9E4EB93E,98,51,84,98,62.0,CPCB_PNQ_Hadapsar,14.189
PROP-4BF3FCBA94C6,39,21,35,39,67.0,CPCB_PNQ_Shivajinagar,22.708
PROP-2AE4806E8425,84,48,78,84,85.3,CPCB_PNQ_Shivajinagar,1.514
PROP-5BDEEBAF47FC,89,50,82,89,55.0,CPCB_PNQ_Shivajinagar,18.65
PROP-62C217C3E9F8,41,21,35,41,70.7,CPCB_PNQ_Hadapsar,9.557
PROP-8A6CE07C18C6,40,23,37,40,71.0,CPCB_PNQ_Shivajinagar,22.125
PROP-61F0C0548B5A,76,42,69,76,88.0,CPCB_PNQ_Hadapsar,11.968
PROP-5A88A24E7C5F,138,78,127,138,132.7,CPCB_PNQ_Shivajinagar,23.486
PROP-CB49AFF2C003,87,48,79,87,92.3,CPCB_PNQ_Hadapsar,11.701
PROP-BA74C7267857,84,48,78,84,85.3,CPCB_PNQ_Shivajinagar,18.979
PROP-C6EAA09E68BB,75,41,68,75,84.7,CPCB_PNQ_Shivajinagar,25.375
PROP-D3921053EB9D,74,41,67,74,84.0,CPCB_PNQ_Shivajinagar,23.554
PROP-4CD56A7E146B,36,19,32,36,65.3,CPCB_PNQ_Shivajinagar,20.16
PROP-C4F53E375E22,42,22,37,42,71.7,CPCB_PNQ_Hadapsar,12.371
PROP-4ADE6CE9C2F9,138,78,127,138,132.7,CPCB_PNQ_Shivajinagar,22.125
PROP-E22099E55076,87,48,79,87,92.3,CPCB_PNQ_Hadapsar,3.398
PROP-0719AD5A75F8,125,67,110,125,130.0,CPCB_PNQ_Shivajinagar,20.563
PROP-850103FCA927,88,46,76,88,88.7,CPCB_PNQ_Shivajinagar,23.486
PROP-CA28A35A4B0A,141,75,124,141,132.3,CPCB_PNQ_Hadapsar,5.694
PROP-17AE59E36340,40,23,37,40,71.0,CPCB_PNQ_Shivajinagar,7.884
PROP-C601CC62F6FF,40,22,36,40,69.7,CPCB_PNQ_Hadapsar,15.217
PROP-8195E9D2DF41,95,50,82,95,56.7,CPCB_PNQ_Shivajinagar,23.486
PROP-6DE7C97D20F1,76,42,69,76,88.0,CPCB_PNQ_Hadapsar,12.703
PROP-56C081190ECC,38,21,34,38,70.7,CPCB_PNQ_Hadapsar,6.939
PROP-3C2975AB9500,120,69,113,120,123.0,CPCB_PNQ_Shivajinagar,7.765
PROP-AD74D6E24246,36,19,32,36,65.3,CPCB_PNQ_Shivajinagar,18.979
PROP-44D7CFC3F6EB,84,48,78,84,85.3,CPCB_PNQ_Shivajinagar,10.587
PROP-0BD54F0CABA5,38,20,33,38,66.0,CPCB_PNQ_Hadapsar,9.229
PROP-1FB5E0A34624,40,23,37,40,71.0,CPCB_PNQ_Shivajinagar,14.287
PROP-D68F486FF057,88,46,76,88,88.7,CPCB_PNQ_Shivajinagar,13.432
PROP-7C39094D2B48,138,78,127,138,132.7,CPCB_PNQ_Shivajinagar,24.263
PROP-8084040B3A9C,93,49,81,93,60.7,CPCB_PNQ_Hadapsar,16.254
PROP-D2D7F074ACF4,89,50,82,89,55.0,CPCB_PNQ_Shivajinagar,4.704
PROP-3B159030A2DE,120,69,113,120,123.0,CPCB_PNQ_Shivajinagar,14.287
PROP-0A6B581765A0,82,45,74,82,85.0,CPCB_PNQ_Shivajinagar,23.656
PROP-B23AF8F2B614,122,66,108,122,127.0,CPCB_PNQ_Shivajinagar,22.125
PROP-ED23AB65F81A,138,78,127,138,132.7,CPCB_PNQ_Shivajinagar,18.65
PROP-B1EAC56BBBD2,74,41,67,74,84.0,CPCB_PNQ_Shivajinagar,13.44
PROP-B9E9AB10CE13,84,48,78,84,85.3,CPCB_PNQ_Shivajinagar,15.251
PROP-B1634C2CE9D1,96,55,90,96,58.3,CPCB_PNQ_Shivajinagar,15.251
PROP-512F92652207,88,46,76,88,88.7,CPCB_PNQ_Shivajinagar,23.33
PROP-F7BC116B976E,91,50,82,91,57.7,CPCB_PNQ_Shivajinagar,7.765
PROP-266C305ED7E5,75,41,68,75,84.7,CPCB_PNQ_Shivajinagar,13.432
PROP-2483F65494BA,91,50,82,91,57.7,CPCB_PNQ_Shivajinagar,9.814
PROP-FABF05E8AFDA,96,50,82,96,60.7,CPCB_PNQ_Hadapsar,9.267
PROP-79A53966C173,96,55,90,96,58.3,CPCB_PNQ_Shivajinagar,23.554
PROP-8173345CC28B,120,69,113,120,123.0,CPCB_PNQ_Shivajinagar,18.979
PROP-3E1900CEB3C8,41,21,35,41,70.7,CPCB_PNQ_Hadapsar,18.196
PROP-9ED34DD25511,40,22,36,40,69.7,CPCB_PNQ_Hadapsar,6.391
PROP-9091B594E82E,125,67,110,125,130.0,CPCB_PNQ_Shivajinagar,25.212
PROP-5D1FE07A4F83,96,50,82,96,60.7,CPCB_PNQ_Hadapsar,18.196
PROP-4766A1D532CA,96,55,90,96,58.3,CPCB_PNQ_Shivajinagar,2.943
PROP-42A6676878A9,96,50,82,96,60.7,CPCB_PNQ_Hadapsar,6.876
PROP-DE2B66BCB11D,91,48,78,91,55.0,CPCB_PNQ_Shivajinagar,14.965
PROP-3ADD6E8DB7C7,96,50,82,96,60.7,CPCB_PNQ_Hadapsar,22.984
PROP-5F5293A22340,120,69,113,120,123.0,CPCB_PNQ_Shivajinagar,15.251
PROP-19E78418F70B,138,78,127,138,132.7,CPCB_PNQ_Shivajinagar,18.65
PROP-991E932AECFB,44,22,37,44,67.7,CPCB_PNQ_Shivajinagar,13.44
PROP-C61FB9FBC1BC,89,50,82,89,55.0,CPCB_PNQ_Shivajinagar,2.309
PROP-57117EC1BB4B,95,50,82,95,56.7,CPCB_PNQ_Shivajinagar,8.265
PROP-BB51B4C642B2,88,50,83,88,93.7,CPCB_PNQ_Hadapsar,7.01
PROP-2BA770AAC75B,84,48,78,84,85.3,CPCB_PNQ_Shivajinagar,8.265
PROP-21151A7BC1BB,87,48,79,87,92.3,CPCB_PNQ_Hadapsar,5.694
PROP-FBBFAB85220B,120,69,113,120,123.0,CPCB_PNQ_Shivajinagar,13.393
PROP-3145C98E1A7A,88,46,76,88,88.7,CPCB_PNQ_Shivajinagar,15.251
PROP-67062A685D5C,91,50,82,91,57.7,CPCB_PNQ_Shivajinagar,22.708
PROP-201AF96A924C,38,21,34,38,70.7,CPCB_PNQ_Hadapsar,10.171
PROP-E7CA3FEF6EB4,96,55,90,96,58.3,CPCB_PNQ_Shivajinagar,21.521
PROP-D20C4E991E99,38,21,34,38,70.7,CPCB_PNQ_Hadapsar,19.15
PROP-2160C26A8114,120,69,113,120,123.0,CPCB_PNQ_Shivajinagar,9.982
PROP-422E5032F520,138,78,127,138,132.7,CPCB_PNQ_Shivajinagar,8.592
PROP-9F5054651329,125,67,110,125,130.0,CPCB_PNQ_Shivajinagar,18.979
PROP-6AB898367ED1,141,75,124,141,132.3,CPCB_PNQ_Hadapsar,21.609
PROP-1B0292B794AF,88,46,76,88,88.7,CPCB_PNQ_Shivajinagar,22.708
PROP-46D99E06C28A,88,50,83,88,93.7,CPCB_PNQ_Hadapsar,14.189
PROP-FC4A0C9B6D32,91,48,79,91,93.0,CPCB_PNQ_Hadapsar,7.0
PROP-B44F3F1BBFF4,82,45,74,82,85.0,CPCB_PNQ_Shivajinagar,14.287
PROP-6B6059C14A8A,44,22,37,44,67.7,CPCB_PNQ_Shivajinagar,14.287
PROP-B007C986785E,75,41,68,75,84.7,CPCB_PNQ_Shivajinagar,11.38
PROP-D534AC9379FC,96,50,82,96,60.7,CPCB_PNQ_Hadapsar,11.77
PROP-4A3CF9AA8A59,40,22,36,40,69.7,CPCB_PNQ_Hadapsar,5.694
PROP-EDF38E7A1A2B,137,74,122,137,141.0,CPCB_PNQ_Hadapsar,16.254
PROP-0FAAC6B55196,93,49,81,93,60.7,CPCB_PNQ_Hadapsar,13.465
PROP-D2DA3F3C8CBC,74,41,67,74,84.0,CPCB_PNQ_Shivajinagar,18.979
PROP-0D8439AA3207,36,19,32,36,65.3,CPCB_PNQ_Shivajinagar,13.44
PROP-0BF4F42B6850,122,66,108,122,127.0,CPCB_PNQ_Shivajinagar,17.57
PROP-656628BCC9FA,38,21,34,38,70.7,CPCB_PNQ_Hadapsar,7.0
PROP-65189B59188A,148,77,126,148,144.7,CPCB_PNQ_Hadapsar,6.876
PROP-CD467B4D6A14,122,66,108,122,127.0,CPCB_PNQ_Shivajinagar,8.592
PROP-273F94F447D8,84,48,78,84,85.3,CPCB_PNQ_Shivajinagar,23.554
PROP-2E546684B457,39,21,35,39,67.0,CPCB_PNQ_Shivajinagar,1.514
PROP-FE11525C6A88,84,48,78,84,85.3,CPCB_PNQ_Shivajinagar,14.004
PROP-9A8F8A65376E,120,69,113,120,123.0,CPCB_PNQ_Shivajinagar,10.587
PROP-BB3502986EF1,38,20,33,38,66.0,CPCB_PNQ_Hadapsar,3.398
PROP-E08D7EC75CB8,42,22,37,42,71.7,CPCB_PNQ_Hadapsar,23.897
PROP-6BFD31CA7E9B,122,66,108,122,127.0,CPCB_PNQ_Shivajinagar,19.515
PROP-6E09CB37979B,79,41,68,79,87.7,CPCB_PNQ_Hadapsar,19.369
PROP-E9E7B64FF50B,91,50,82,91,57.7,CPCB_PNQ_Shivajinagar,15.034
PROP-443AD859EEE0,44,22,37,44,67.7,CPCB_PNQ_Shivajinagar,23.554
PROP-31CFC4C21E45,41,21,35,41,70.7,CPCB_PNQ_Hadapsar,6.391
PROP-704C315F247F,137,74,122,137,141.0,CPCB_PNQ_Hadapsar,11.701
PROP-AA621F61117A,102,56,92,102,62.7,CPCB_PNQ_Hadapsar,19.15
PROP-C5EB0E938EC5,91,48,79,91,93.0,CPCB_PNQ_Hadapsar,19.15
PROP-40615F3F77DC,39,21,35,39,67.0,CPCB_PNQ_Shivajinagar,23.486
PROP-0EB276E0BEAF,40,23,37,40,71.0,CPCB_PNQ_Shivajinagar,4.704
PROP-544B31D49874,82,45,74,82,85.0,CPCB_PNQ_Shivajinagar,23.486
PROP-B7F928A6C47F,89,50,82,89,55.0,CPCB_PNQ_Shivajinagar,5.342
PROP-A521F261A71C,87,48,79,87,92.3,CPCB_PNQ_Hadapsar,5.694
PROP-8D8A6CD108CE,138,78,127,138,132.7,CPCB_PNQ_Shivajinagar,14.004
PROP-E57C55FE0FCE,40,23,37,40,71.0,CPCB_PNQ_Shivajinagar,17.57
PROP-2DDA13289005,79,41,68,79,87.7,CPCB_PNQ_Hadapsar,21.609
PROP-0FA6B0E12A6A,125,67,110,125,130.0,CPCB_PNQ_Shivajinagar,20.006
PROP-63154C080A35,42,22,37,42,71.7,CPCB_PNQ_Hadapsar,18.196
PROP-66F00B846ADE,84,48,78,84,85.3,CPCB_PNQ_Shivajinagar,13.432
PROP-0D42BA65D940,89,50,82,89,55.0,CPCB_PNQ_Shivajinagar,11.333
PROP-9E49FF7E4D72,87,48,79,87,92.3,CPCB_PNQ_Hadapsar,18.196
PROP-208D8F6F0586,96,50,82,96,60.7,CPCB_PNQ_Hadapsar,16.254
PROP-FE2BB7B17FF2,84,48,78,84,85.3,CPCB_PNQ_Shivajinagar,23.554
PROP-00E0F969C737,136,72,118,136,128.0,CPCB_PNQ_Hadapsar,6.391
PROP-4310CA2F11EA,44,22,37,44,67.7,CPCB_PNQ_Shivajinagar,17.875
PROP-128549EEE8EC,75,41,68,75,84.7,CPCB_PNQ_Shivajinagar,8.815
PROP-EECCAE99E582,40,22,36,40,69.7,CPCB_PNQ_Hadapsar,22.984
PROP-F15C7BFABA6B,36,19,32,36,65.3,CPCB_PNQ_Shivajinagar,19.515
PROP-C54CE3DBCD3A,91,48,78,91,55.0,CPCB_PNQ_Shivajinagar,19.849
PROP-D1B3EF65AEF5,91,48,78,91,55.0,CPCB_PNQ_Shivajinagar,17.875
PROP-03CC8C63050C,44,22,37,44,67.7,CPCB_PNQ_Shivajinagar,17.57
PROP-276B4DDF051D,136,72,118,136,128.0,CPCB_PNQ_Hadapsar,12.371
PROP-E71B4BA6676D,89,50,82,89,55.0,CPCB_PNQ_Shivajinagar,19.442
PROP-498B0714BE38,138,78,127,138,132.7,CPCB_PNQ_Shivajinagar,23.486
PROP-6B84F2090971,40,22,36,40,69.7,CPCB_PNQ_Hadapsar,6.876
PROP-5FE2D2D0F902,102,56,92,102,62.7,CPCB_PNQ_Hadapsar,11.701
PROP-50C25554C1A6,102,56,92,102,62.7,CPCB_PNQ_Hadapsar,3.398
PROP-5074E2780CA2,88,50,83,88,93.7,CPCB_PNQ_Hadapsar,12.371
PROP-29795E9F5E52,136,72,118,136,128.0,CPCB_PNQ_Hadapsar,7.0
PROP-5E56894F11B5,44,22,37,44,67.7,CPCB_PNQ_Shivajinagar,23.33
PROP-123C75EE5635,125,67,110,125,130.0,CPCB_PNQ_Shivajinagar,24.263
PROP-6096132E3EF1,141,75,124,141,132.3,CPCB_PNQ_Hadapsar,9.229
PROP-352D26F9F841,96,53,88,96,62.0,CPCB_PNQ_Hadapsar,9.115
PROP-C54914BCF511,91,48,79,91,93.0,CPCB_PNQ_Hadapsar,3.469
PROP-9F4D1085AE7A,98,51,84,98,62.0,CPCB_PNQ_Hadapsar,3.469
PROP-9D2501217700,96,55,90,96,58.3,CPCB_PNQ_Shivajinagar,23.299
PROP-A0C527B5E34D,93,49,81,93,60.7,CPCB_PNQ_Hadapsar,15.044
PROP-897DE4BE72B2,102,56,92,102,62.7,CPCB_PNQ_Hadapsar,15.044
PROP-5CF8E21F3643,148,77,126,148,144.7,CPCB_PNQ_Hadapsar,18.934
PROP-AB355CC44A4C,122,66,108,122,127.0,CPCB_PNQ_Shivajinagar,22.265
PROP-DF10DA21D5E5,96,50,82,96,60.7,CPCB_PNQ_Hadapsar,5.694
PROP-55F65C378774,40,22,36,40,69.7,CPCB_PNQ_Hadapsar,11.701
PROP-06DC9FDFF72E,96,55,90,96,58.3,CPCB_PNQ_Shivajinagar,21.543
PROP-77451E6F5B2C,88,46,76,88,88.7,CPCB_PNQ_Shivajinagar,22.125
PROP-DB830E440504,138,78,127,138,132.7,CPCB_PNQ_Shivajinagar,10.587
PROP-55C5585D8457,75,41,68,75,84.7,CPCB_PNQ_Shivajinagar,5.158
PROP-179EBE563529,36,19,32,36,65.3,CPCB_PNQ_Shivajinagar,18.979
PROP-0D6D87717885,96,53,88,96,62.0,CPCB_PNQ_Hadapsar,7.01
PROP-DCCD0FEEDDD1,40,23,37,40,71.0,CPCB_PNQ_Shivajinagar,25.212
PROP-2CDF19BDBF88,141,75,124,141,132.3,CPCB_PNQ_Hadapsar,9.73
PROP-D447BD63D263,42,23,38,42,70.0,CPCB_PNQ_Shivajinagar,23.486
PROP-C25F0E1A0074,91,50,82,91,57.7,CPCB_PNQ_Shivajinagar,11.38
PROP-1D22E460C0B7,136,72,118,136,128.0,CPCB_PNQ_Hadapsar,23.881
PROP-49478D18A36C,38,21,34,38,70.7,CPCB_PNQ_Hadapsar,14.189
PROP-E5EE63A3358B,137,74,122,137,141.0,CPCB_PNQ_Hadapsar,14.189
PROP-4603EFF47335,74,41,67,74,84.0,CPCB_PNQ_Shivajinagar,5.158
PROP-39535B2E0AF0,38,21,34,38,70.7,CPCB_PNQ_Hadapsar,7.0
PROP-9F10CA6F4D39,88,50,83,88,93.7,CPCB_PNQ_Hadapsar,6.876
PROP-FD9057526267,40,23,37,40,71.0,CPCB_PNQ_Shivajinagar,5.158
PROP-0214379C903D,138,78,127,138,132.7,CPCB_PNQ_Shivajinagar,16.65
PROP-D8F1F23742BC,84,48,78,84,85.3,CPCB_PNQ_Shivajinagar,21.521
PROP-EA34CB368FA7,82,45,74,82,85.0,CPCB_PNQ_Shivajinagar,16.498
PROP-7796FCDA5A24,82,45,74,82,85.0,CPCB_PNQ_Shivajinagar,14.287
PROP-6D5148E64DB6,75,41,68,75,84.7,CPCB_PNQ_Shivajinagar,6.939
PROP-754C31FD2CA1,41,21,35,41,70.7,CPCB_PNQ_Hadapsar,7.01
PROP-3C0E5A829380,88,50,83,88,93.7,CPCB_PNQ_Hadapsar,6.14
PROP-046B4FE7BC9D,98,51,84,98,62.0,CPCB_PNQ_Hadapsar,3.398
PROP-A4689A2FC81C,95,50,82,95,56.7,CPCB_PNQ_Shivajinagar,20.16
PROP-604E69C1275F,88,46,76,88,88.7,CPCB_PNQ_Shivajinagar,17.263
PROP-B7B502FD4774,96,50,82,96,60.7,CPCB_PNQ_Hadapsar,6.939
PROP-52694F2B6A10,88,46,76,88,88.7,CPCB_PNQ_Shivajinagar,18.564
PROP-7365D6040A42,96,55,90,96,58.3,CPCB_PNQ_Shivajinagar,24.263
PROP-C30B89369350,44,22,37,44,67.7,CPCB_PNQ_Shivajinagar,13.948
PROP-C1670FD3BB50,79,41,68,79,87.7,CPCB_PNQ_Hadapsar,3.398
PROP-3E6349956114,79,41,68,79,87.7,CPCB_PNQ_Hadapsar,11.77
PROP-662413E429A9,138,78,127,138,132.7,CPCB_PNQ_Shivajinagar,11.498
PROP-A09EC8D1B1F9,141,75,124,141,132.3,CPCB_PNQ_Hadapsar,8.199
PROP-B12699C54CE1,75,41,68,75,84.7,CPCB_PNQ_Shivajinagar,17.57
PROP-B5FDB5FCB1D2,122,66,108,122,127.0,CPCB_PNQ_Shivajinagar,14.287
PROP-5BEFFB825247,93,49,81,93,60.7,CPCB_PNQ_Hadapsar,9.229
PROP-3515085E4CB3,122,66,108,122,127.0,CPCB_PNQ_Shivajinagar,3.2
PROP-2F96079C19EE,40,22,36,40,69.7,CPCB_PNQ_Hadapsar,13.237
PROP-2EDA3471AA05,138,78,127,138,132.7,CPCB_PNQ_Shivajinagar,13.393
PROP-5EB0864D2BCF,75,41,68,75,84.7,CPCB_PNQ_Shivajinagar,14.287
PROP-F0AD13B7D9ED,44,22,37,44,67.7,CPCB_PNQ_Shivajinagar,24.263
PROP-9454EBA09317,122,66,108,122,127.0,CPCB_PNQ_Shivajinagar,13.393
PROP-A65021239D1C,74,41,67,74,84.0,CPCB_PNQ_Shivajinagar,23.486
PROP-7F3BBD08D3B9,120,69,113,120,123.0,CPCB_PNQ_Shivajinagar,20.541
PROP-8536950C3B6B,102,56,92,102,62.7,CPCB_PNQ_Hadapsar,3.49
PROP-294F074DAB48,96,55,90,96,58.3,CPCB_PNQ_Shivajinagar,13.44
PROP-B6CC218C1C4C,42,23,38,42,70.0,CPCB_PNQ_Shivajinagar,18.65
PROP-75259561E51F,41,21,35,41,70.7,CPCB_PNQ_Hadapsar,17.418
PROP-F5E568DC9C5F,138,78,127,138,132.7,CPCB_PNQ_Shivajinagar,11.662
PROP-389401E9E3A6,79,41,68,79,87.7,CPCB_PNQ_Hadapsar,3.49
PROP-A713B2E320FB,91,48,78,91,55.0,CPCB_PNQ_Shivajinagar,22.708
PROP-9482B11F2DD8,89,50,82,89,55.0,CPCB_PNQ_Shivajinagar,17.113
PROP-A42037E18BCB,96,53,88,96,62.0,CPCB_PNQ_Hadapsar,23.781
PROP-1AAB5EBA1B99,74,41,67,74,84.0,CPCB_PNQ_Shivajinagar,13.432
PROP-6D210790BA88,36,19,32,36,65.3,CPCB_PNQ_Shivajinagar,17.804
PROP-115B46026AB2,95,50,82,95,56.7,CPCB_PNQ_Shivajinagar,8.294
PROP-8B946A375F97,89,50,82,89,55.0,CPCB_PNQ_Shivajinagar,16.78
PROP-109D9EF6A683,40,22,36,40,69.7,CPCB_PNQ_Hadapsar,19.15
PROP-22E21F1C4F25,98,51,84,98,62.0,CPCB_PNQ_Hadapsar,9.229
PROP-21DA658DC433,125,67,110,125,130.0,CPCB_PNQ_Shivajinagar,23.486
PROP-928A38199549,38,21,34,38,70.7,CPCB_PNQ_Hadapsar,14.725
PROP-B9BD22FD44F3,82,45,74,82,85.0,CPCB_PNQ_Shivajinagar,25.212
PROP-880F2B4C6CEC,96,53,88,96,62.0,CPCB_PNQ_Hadapsar,25.224
PROP-7E484CA2E011,41,21,35,41,70.7,CPCB_PNQ_Hadapsar,13.72
PROP-E2F90CB494A4,44,22,37,44,67.7,CPCB_PNQ_Shivajinagar,19.515
PROP-22C37EA8FF52,38,20,33,38,66.0,CPCB_PNQ_Hadapsar,7.0
PROP-428DAB4BC969,42,22,37,42,71.7,CPCB_PNQ_Hadapsar,19.15
PROP-2930E80D7F63,42,23,38,42,70.0,CPCB_PNQ_Shivajinagar,25.716
PROP-80A8338AE75E,42,23,38,42,70.0,CPCB_PNQ_Shivajinagar,18.979
PROP-F3F4A0D9C202,96,55,90,96,58.3,CPCB_PNQ_Shivajinagar,17.57
PROP-D665C664E4CB,125,67,110,125,130.0,CPCB_PNQ_Shivajinagar,25.212
PROP-6586470C596F,40,22,36,40,69.7,CPCB_PNQ_Hadapsar,6.876
PROP-21BD1D24D768,91,50,82,91,57.7,CPCB_PNQ_Shivajinagar,8.093
PROP-51BE84CE19E9,141,75,124,141,132.3,CPCB_PNQ_Hadapsar,6.876
PROP-C04D1A875878,40,23,37,40,71.0,CPCB_PNQ_Shivajinagar,9.982
PROP-A704BC0317CA,138,78,127,138,132.7,CPCB_PNQ_Shivajinagar,15.082
PROP-2E5973593398,44,22,37,44,67.7,CPCB_PNQ_Shivajinagar,15.034
PROP-2C507A5A2B1E,82,45,74,82,85.0,CPCB_PNQ_Shivajinagar,16.78
PROP-2201DA0BD1C0,96,50,82,96,60.7,CPCB_PNQ_Hadapsar,16.254
PROP-381571FAD2A5,84,48,78,84,85.3,CPCB_PNQ_Shivajinagar,11.38
PROP-A5472FA9AB79,89,50,82,89,55.0,CPCB_PNQ_Shivajinagar,14.287
PROP-E27FE26A20CE,93,49,81,93,60.7,CPCB_PNQ_Hadapsar,7.0
PROP-7CB387790064,74,41,67,74,84.0,CPCB_PNQ_Shivajinagar,24.263
PROP-F1161342FA37,122,66,108,122,127.0,CPCB_PNQ_Shivajinagar,17.57
PROP-F03DE076A16D,91,50,82,91,57.7,CPCB_PNQ_Shivajinagar,2.117
PROP-5870562198B2,88,46,76,88,88.7,CPCB_PNQ_Shivajinagar,13.393
PROP-1744A8617384,96,55,90,96,58.3,CPCB_PNQ_Shivajinagar,19.072
PROP-5ED88D3422A9,141,75,124,141,132.3,CPCB_PNQ_Hadapsar,13.465
PROP-0C7BB1F1CD94,82,45,74,82,85.0,CPCB_PNQ_Shivajinagar,3.2
PROP-9756711B0F5B,82,45,74,82,85.0,CPCB_PNQ_Shivajinagar,14.965
PROP-4848D26357AE,137,74,122,137,141.0,CPCB_PNQ_Hadapsar,9.73
PROP-6B21DF15A945,38,21,34,38,70.7,CPCB_PNQ_Hadapsar,14.725
PROP-C0D5A1ECE97E,44,22,37,44,67.7,CPCB_PNQ_Shivajinagar,19.442
PROP-2643C7C22F06,38,20,33,38,66.0,CPCB_PNQ_Hadapsar,9.73
PROP-7C3415D567B3,98,51,84,98,62.0,CPCB_PNQ_Hadapsar,14.189
PROP-CF70AA500F96,122,66,108,122,127.0,CPCB_PNQ_Shivajinagar,21.543
PROP-F27B38965FE0,74,41,67,74,84.0,CPCB_PNQ_Shivajinagar,7.092
PROP-97A553092263,95,50,82,95,56.7,CPCB_PNQ_Shivajinagar,25.375
PROP-2473212563A6,39,21,35,39,67.0,CPCB_PNQ_Shivajinagar,16.65
PROP-9D62B8EDCC70,87,48,79,87,92.3,CPCB_PNQ_Hadapsar,11.701
PROP-F5680C95C5D5,79,41,68,79,87.7,CPCB_PNQ_Hadapsar,13.151
PROP-F19F1F2CA129,84,48,78,84,85.3,CPCB_PNQ_Shivajinagar,17.263
PROP-7F2C7246C152,95,50,82,95,56.7,CPCB_PNQ_Shivajinagar,9.982
PROP-3099F2D949AC,136,72,118,136,128.0,CPCB_PNQ_Hadapsar,3.398
PROP-537E90F3410A,82,45,74,82,85.0,CPCB_PNQ_Shivajinagar,13.432
PROP-5A6D410DA311,82,45,74,82,85.0,CPCB_PNQ_Shivajinagar,23.486
PROP-E00317A11B28,137,74,122,137,141.0,CPCB_PNQ_Hadapsar,14.743
PROP-95870F273A92,38,20,33,38,66.0,CPCB_PNQ_Hadapsar,6.14
PROP-B999535437ED,44,22,37,44,67.7,CPCB_PNQ_Shivajinagar,16.78
PROP-A48415BFB9F8,138,78,127,138,132.7,CPCB_PNQ_Shivajinagar,14.965
PROP-15D6B48E03E9,125,67,110,125,130.0,CPCB_PNQ_Shivajinagar,21.681
PROP-423786B1B157,91,48,78,91,55.0,CPCB_PNQ_Shivajinagar,15.082
PROP-DEC8BEA29AE3,75,41,68,75,84.7,CPCB_PNQ_Shivajinagar,18.65
PROP-B9AF38A7AC8F,88,50,83,88,93.7,CPCB_PNQ_Hadapsar,10.171
PROP-213469530213,120,69,113,120,123.0,CPCB_PNQ_Shivajinagar,14.004
PROP-4C47E1A46710,38,20,33,38,66.0,CPCB_PNQ_Hadapsar,24.608
PROP-BE2BFF8F01E8,91,50,82,91,57.7,CPCB_PNQ_Shivajinagar,13.432
PROP-650651C4DCAE,39,21,35,39,67.0,CPCB_PNQ_Shivajinagar,16.498
PROP-833284BCB354,39,21,35,39,67.0,CPCB_PNQ_Shivajinagar,21.521
PROP-1C8C72BAE361,122,66,108,122,127.0,CPCB_PNQ_Shivajinagar,7.765
PROP-43514EBC7DE6,44,22,37,44,67.7,CPCB_PNQ_Shivajinagar,12.292
PROP-7F5790FDCD70,42,23,38,42,70.0,CPCB_PNQ_Shivajinagar,15.342
PROP-7194B6E81329,87,48,79,87,92.3,CPCB_PNQ_Hadapsar,8.778
PROP-3C1D69C2AAA5,84,48,78,84,85.3,CPCB_PNQ_Shivajinagar,7.765
PROP-EDA0DC6C7E90,39,21,35,39,67.0,CPCB_PNQ_Shivajinagar,20.16
PROP-F13BD2772448,91,48,78,91,55.0,CPCB_PNQ_Shivajinagar,13.432
PROP-8AAE289D65E9,76,42,69,76,88.0,CPCB_PNQ_Hadapsar,19.369
PROP-E816A6A9C1D6,98,51,84,98,62.0,CPCB_PNQ_Hadapsar,14.725
PROP-40B0BA65CF31,91,50,82,91,57.7,CPCB_PNQ_Shivajinagar,19.515
PROP-87A48FC49972,148,77,126,148,144.7,CPCB_PNQ_Hadapsar,18.934
PROP-56C32952B733,102,56,92,102,62.7,CPCB_PNQ_Hadapsar,5.694
PROP-A9650611906B,96,55,90,96,58.3,CPCB_PNQ_Shivajinagar,1.514
PROP-DD9B4D37F57F,120,69,113,120,123.0,CPCB_PNQ_Shivajinagar,22.125
PROP-64DB99630561,40,23,37,40,71.0,CPCB_PNQ_Shivajinagar,21.521
PROP-448D7A75396D,38,20,33,38,66.0,CPCB_PNQ_Hadapsar,16.254
PROP-5272FBD86BEC,88,46,76,88,88.7,CPCB_PNQ_Shivajinagar,23.33
PROP-76BED24A163D,84,48,78,84,85.3,CPCB_PNQ_Shivajinagar,20.081
PROP-8659C224B645,89,50,82,89,55.0,CPCB_PNQ_Shivajinagar,21.543
PROP-780707846E25,87,48,79,87,92.3,CPCB_PNQ_Hadapsar,25.379
PROP-BB0F4B5CA04F,89,50,82,89,55.0,CPCB_PNQ_Shivajinagar,8.815
PROP-865A25CD2BAE,88,46,76,88,88.7,CPCB_PNQ_Shivajinagar,16.65
PROP-7C36D648AC8F,79,41,68,79,87.7,CPCB_PNQ_Hadapsar,3.398
PROP-FE16FEFD5111,91,48,79,91,93.0,CPCB_PNQ_Hadapsar,7.0
PROP-4425D479E477,40,23,37,40,71.0,CPCB_PNQ_Shivajinagar,15.749
PROP-0CB0703B76DE,40,23,37,40,71.0,CPCB_PNQ_Shivajinagar,6.939
PROP-0FE18B98FCFD,75,41,68,75,84.7,CPCB_PNQ_Shivajinagar,15.342
PROP-E6C4DA760D71,76,42,69,76,88.0,CPCB_PNQ_Hadapsar,13.813
PROP-7BA4771415DA,36,19,32,36,65.3,CPCB_PNQ_Shivajinagar,17.57
PROP-2110474BD272,87,48,79,87,92.3,CPCB_PNQ_Hadapsar,21.408
PROP-AF7A5720D98E,91,50,82,91,57.7,CPCB_PNQ_Shivajinagar,27.786
PROP-DEAFF19DE094,87,48,79,87,92.3,CPCB_PNQ_Hadapsar,14.081
PROP-AD56038EF265,75,41,68,75,84.7,CPCB_PNQ_Shivajinagar,15.342
PROP-9495FF66C610,39,21,35,39,67.0,CPCB_PNQ_Shivajinagar,17.263
PROP-7FABBD3967BF,96,50,82,96,60.7,CPCB_PNQ_Hadapsar,11.701
PROP-A0A71E4CF9FB,93,49,81,93,60.7,CPCB_PNQ_Hadapsar,9.73
PROP-772DD43B5982,39,21,35,39,67.0,CPCB_PNQ_Shivajinagar,23.486
PROP-2AD69104CD2D,40,23,37,40,71.0,CPCB_PNQ_Shivajinagar,16.498
PROP-63DB1A5B60D8,82,45,74,82,85.0,CPCB_PNQ_Shivajinagar,8.592
PROP-DE189B73B7C3,42,22,37,42,71.7,CPCB_PNQ_Hadapsar,11.77
PROP-D6BF2046CBC2,42,23,38,42,70.0,CPCB_PNQ_Shivajinagar,14.701
PROP-B5546A6FC8E7,76,42,69,76,88.0,CPCB_PNQ_Hadapsar,17.351
PROP-721F895B8638,82,45,74,82,85.0,CPCB_PNQ_Shivajinagar,15.342
PROP-EDB1FBB94EA5,38,21,34,38,70.7,CPCB_PNQ_Hadapsar,16.254
PROP-22D8BE20A57C,40,22,36,40,69.7,CPCB_PNQ_Hadapsar,11.701
PROP-65AF371474A2,91,50,82,91,57.7,CPCB_PNQ_Shivajinagar,1.514
PROP-9CB152B35363,79,41,68,79,87.7,CPCB_PNQ_Hadapsar,23.781
PROP-05194C825E6F,42,22,37,42,71.7,CPCB_PNQ_Hadapsar,6.391
PROP-8A64F9D176A8,148,77,126,148,144.7,CPCB_PNQ_Hadapsar,21.484
PROP-52FE3CC775F3,120,69,113,120,123.0,CPCB_PNQ_Shivajinagar,3.468
PROP-29381761D8F2,74,41,67,74,84.0,CPCB_PNQ_Shivajinagar,17.263
PROP-5AD9A732E519,84,48,78,84,85.3,CPCB_PNQ_Shivajinagar,28.167
PROP-8F85799E9C1B,88,46,76,88,88.7,CPCB_PNQ_Shivajinagar,7.151
PROP-FB614926CFFD,87,48,79,87,92.3,CPCB_PNQ_Hadapsar,13.813
PROP-64104539CF11,91,50,82,91,57.7,CPCB_PNQ_Shivajinagar,8.093
PROP-8EBA48CA90FE,41,21,35,41,70.7,CPCB_PNQ_Hadapsar,18.526
PROP-5345462E8F55,40,23,37,40,71.0,CPCB_PNQ_Shivajinagar,19.849
PROP-1011F9890C84,88,50,83,88,93.7,CPCB_PNQ_Hadapsar,7.0
PROP-E24F23952DFA,42,22,37,42,71.7,CPCB_PNQ_Hadapsar,22.984
PROP-1D76ED3D681E,120,69,113,120,123.0,CPCB_PNQ_Shivajinagar,19.442
PROP-B360EE1B493C,84,48,78,84,85.3,CPCB_PNQ_Shivajinagar,11.481
PROP-79B1A052F560,38,20,33,38,66.0,CPCB_PNQ_Hadapsar,12.653
PROP-37551C38E9AA,137,74,122,137,141.0,CPCB_PNQ_Hadapsar,13.419
PROP-7B4AA9895A15,122,66,108,122,127.0,CPCB_PNQ_Shivajinagar,19.072
PROP-BA6042D1C977,96,55,90,96,58.3,CPCB_PNQ_Shivajinagar,14.965
PROP-298DAD00551B,87,48,79,87,92.3,CPCB_PNQ_Hadapsar,11.661
PROP-A04FEA772CC4,44,22,37,44,67.7,CPCB_PNQ_Shivajinagar,6.939
PROP-1310F7F1ADE7,42,23,38,42,70.0,CPCB_PNQ_Shivajinagar,11.38
PROP-AC706A74F4C3,125,67,110,125,130.0,CPCB_PNQ_Shivajinagar,2.117
PROP-28C2C8B920D9,36,19,32,36,65.3,CPCB_PNQ_Shivajinagar,14.965
PROP-D9C45A48E5AD,96,50,82,96,60.7,CPCB_PNQ_Hadapsar,9.267
PROP-7FE894CF58AF,141,75,124,141,132.3,CPCB_PNQ_Hadapsar,3.469
PROP-C89784E31FF8,136,72,118,136,128.0,CPCB_PNQ_Hadapsar,5.387
PROP-24D578A46172,44,22,37,44,67.7,CPCB_PNQ_Shivajinagar,15.342
PROP-9101BB900DF7,75,41,68,75,84.7,CPCB_PNQ_Shivajinagar,20.16
PROP-9A0E0EEC9511,36,19,32,36,65.3,CPCB_PNQ_Shivajinagar,20.16
PROP-DFC61ADB8318,84,48,78,84,85.3,CPCB_PNQ_Shivajinagar,23.33
PROP-A894A22507B9,40,23,37,40,71.0,CPCB_PNQ_Shivajinagar,9.814
PROP-592F5ABD819B,40,23,37,40,71.0,CPCB_PNQ_Shivajinagar,16.78
PROP-0DC2EC49750F,89,50,82,89,55.0,CPCB_PNQ_Shivajinagar,14.965
PROP-5986FBD469E6,82,45,74,82,85.0,CPCB_PNQ_Shivajinagar,16.449
PROP-4FA1F93FC1EF,122,66,108,122,127.0,CPCB_PNQ_Shivajinagar,15.034
PROP-09AAA95AA81F,87,48,79,87,92.3,CPCB_PNQ_Hadapsar,5.694
PROP-49529DAA4D14,88,50,83,88,93.7,CPCB_PNQ_Hadapsar,11.701
PROP-DBD5C09F7BA3,84,48,78,84,85.3,CPCB_PNQ_Shivajinagar,22.708
PROP-4A08F1A449D9,84,48,78,84,85.3,CPCB_PNQ_Shivajinagar,5.158
PROP-E89A87BB3F16,40,23,37,40,71.0,CPCB_PNQ_Shivajinagar,23.554
PROP-43AC010AA1F3,36,19,32,36,65.3,CPCB_PNQ_Shivajinagar,5.58
PROP-EFE96F188101,137,74,122,137,141.0,CPCB_PNQ_Hadapsar,3.398
PROP-3653401DAC8E,75,41,68,75,84.7,CPCB_PNQ_Shivajinagar,14.004
PROP-0DF57F1FD649,122,66,108,122,127.0,CPCB_PNQ_Shivajinagar,8.093
PROP-9542DFE3456B,96,55,90,96,58.3,CPCB_PNQ_Shivajinagar,8.093
PROP-6FBEA673BE06,122,66,108,122,127.0,CPCB_PNQ_Shivajinagar,18.979
PROP-1222415871CF,98,51,84,98,62.0,CPCB_PNQ_Hadapsar,12.371
PROP-0E054B1044DA,95,50,82,95,56.7,CPCB_PNQ_Shivajinagar,18.65
PROP-6EE017024E36,96,50,82,96,60.7,CPCB_PNQ_Hadapsar,11.701
PROP-B954D99F42CE,82,45,74,82,85.0,CPCB_PNQ_Shivajinagar,13.506
PROP-9185016C4BF3,125,67,110,125,130.0,CPCB_PNQ_Shivajinagar,21.521
PROP-507F9D301D82,42,23,38,42,70.0,CPCB_PNQ_Shivajinagar,23.554
PROP-79791EACB4D4,40,23,37,40,71.0,CPCB_PNQ_Shivajinagar,5.58
PROP-26FACE7F2480,141,75,124,141,132.3,CPCB_PNQ_Hadapsar,3.398
PROP-0399F9201EC6,91,48,78,91,55.0,CPCB_PNQ_Shivajinagar,10.07
PROP-7094B173966C,137,74,122,137,141.0,CPCB_PNQ_Hadapsar,9.73
PROP-FB0EC332E6A0,102,56,92,102,62.7,CPCB_PNQ_Hadapsar,5.694
PROP-71D84147617E,88,46,76,88,88.7,CPCB_PNQ_Shivajinagar,25.212
PROP-3DCE7451C532,122,66,108,122,127.0,CPCB_PNQ_Shivajinagar,23.486
PROP-54499C11CCD3,42,23,38,42,70.0,CPCB_PNQ_Shivajinagar,19.442
PROP-C6DE50410754,40,23,37,40,71.0,CPCB_PNQ_Shivajinagar,14.287
PROP-5F8D36A9FDE4,87,48,79,87,92.3,CPCB_PNQ_Hadapsar,3.49
PROP-253688BD2BB1,91,48,79,91,93.0,CPCB_PNQ_Hadapsar,11.77
PROP-5F88C1FDBD2B,89,50,82,89,55.0,CPCB_PNQ_Shivajinagar,14.287
PROP-AD9C6784DFCD,122,66,108,122,127.0,CPCB_PNQ_Shivajinagar,11.38
PROP-D32C4E9C55BC,42,22,37,42,71.7,CPCB_PNQ_Hadapsar,17.351
PROP-71F462FAE2D3,120,69,113,120,123.0,CPCB_PNQ_Shivajinagar,21.521
PROP-E0B08A6CAB10,138,78,127,138,132.7,CPCB_PNQ_Shivajinagar,4.704
PROP-E9B6CABE406B,91,50,82,91,57.7,CPCB_PNQ_Shivajinagar,5.58
PROP-63B6AEF420A1,38,21,34,38,70.7,CPCB_PNQ_Hadapsar,18.934
PROP-1DF54563DF78,42,23,38,42,70.0,CPCB_PNQ_Shivajinagar,21.543
PROP-E556F2C7C7D2,40,22,36,40,69.7,CPCB_PNQ_Hadapsar,18.934
PROP-FFB195820BE2,136,72,118,136,128.0,CPCB_PNQ_Hadapsar,23.781
PROP-CA108537E695,98,51,84,98,62.0,CPCB_PNQ_Hadapsar,23.781
PROP-52126A6050D6,36,19,32,36,65.3,CPCB_PNQ_Shivajinagar,9.814
PROP-5EC6C7C8FF6D,88,46,76,88,88.7,CPCB_PNQ_Shivajinagar,16.498
PROP-448DCAAA9E39,87,48,79,87,92.3,CPCB_PNQ_Hadapsar,16.254
PROP-7A62E3C1C519,40,22,36,40,69.7,CPCB_PNQ_Hadapsar,23.897
PROP-E5A775003A8F,98,51,84,98,62.0,CPCB_PNQ_Hadapsar,6.391
PROP-5CE0B820B272,96,53,88,96,62.0,CPCB_PNQ_Hadapsar,23.781
PROP-2434BABB67FE,141,75,124,141,132.3,CPCB_PNQ_Hadapsar,19.15
PROP-984953EF3C82,125,67,110,125,130.0,CPCB_PNQ_Shivajinagar,13.393
PROP-E7B12EF8B362,40,22,36,40,69.7,CPCB_PNQ_Hadapsar,19.15
PROP-CFE0FD35EEC3,75,41,68,75,84.7,CPCB_PNQ_Shivajinagar,25.375
PROP-AFE6F0DA633F,39,21,35,39,67.0,CPCB_PNQ_Shivajinagar,11.38
PROP-6261F071C536,88,50,83,88,93.7,CPCB_PNQ_Hadapsar,23.781
PROP-CE93EADB53AA,148,77,126,148,144.7,CPCB_PNQ_Hadapsar,8.256
PROP-948BF96A3DCC,136,72,118,136,128.0,CPCB_PNQ_Hadapsar,5.694
PROP-552970E2E279,42,22,37,42,71.7,CPCB_PNQ_Hadapsar,14.081
PROP-8C54E3555C13,40,22,36,40,69.7,CPCB_PNQ_Hadapsar,5.694
PROP-D75431E80D14,138,78,127,138,132.7,CPCB_PNQ_Shivajinagar,19.442
PROP-263B9B4BA316,40,22,36,40,69.7,CPCB_PNQ_Hadapsar,8.778
PROP-CAF935D58B8C,38,20,33,38,66.0,CPCB_PNQ_Hadapsar,16.022
PROP-8DF4F38F2680,75,41,68,75,84.7,CPCB_PNQ_Shivajinagar,23.486
PROP-8359119ED5FD,44,22,37,44,67.7,CPCB_PNQ_Shivajinagar,23.554
PROP-80D297D7DFDF,125,67,110,125,130.0,CPCB_PNQ_Shivajinagar,28.167
PROP-734C66794EA6,138,78,127,138,132.7,CPCB_PNQ_Shivajinagar,18.65
PROP-402482435062,79,41,68,79,87.7,CPCB_PNQ_Hadapsar,23.781
PROP-9543D6BDA97A,74,41,67,74,84.0,CPCB_PNQ_Shivajinagar,25.212
PROP-3CCA3774BCFF,122,66,108,122,127.0,CPCB_PNQ_Shivajinagar,11.38
PROP-FCC7CF72DE3F,91,50,82,91,57.7,CPCB_PNQ_Shivajinagar,2.181
PROP-75A9F1B2686F,91,48,79,91,93.0,CPCB_PNQ_Hadapsar,16.254
PROP-796D2E771605,125,67,110,125,130.0,CPCB_PNQ_Shivajinagar,25.375
PROP-19C1E47746C4,96,53,88,96,62.0,CPCB_PNQ_Hadapsar,16.254
PROP-1F69BDE926A7,96,50,82,96,60.7,CPCB_PNQ_Hadapsar,16.022
PROP-FC787D7FB9FB,89,50,82,89,55.0,CPCB_PNQ_Shivajinagar,2.943
PROP-3EB24FD080E3,38,21,34,38,70.7,CPCB_PNQ_Hadapsar,16.254
PROP-B835FA6CE1F9,42,22,37,42,71.7,CPCB_PNQ_Hadapsar,19.15
PROP-B131C8D8000B,44,22,37,44,67.7,CPCB_PNQ_Shivajinagar,14.287
PROP-D027A9662023,42,22,37,42,71.7,CPCB_PNQ_Hadapsar,11.701
PROP-C08690A4C5D5,137,74,122,137,141.0,CPCB_PNQ_Hadapsar,5.694
PROP-18D6071BF955,89,50,82,89,55.0,CPCB_PNQ_Shivajinagar,23.486
PROP-A7DB57CB9171,91,48,78,91,55.0,CPCB_PNQ_Shivajinagar,21.636
PROP-B6A6346CEC34,88,46,76,88,88.7,CPCB_PNQ_Shivajinagar,2.943
PROP-B985CC793F47,138,78,127,138,132.7,CPCB_PNQ_Shivajinagar,7.765
PROP-EA542D2B564B,41,21,35,41,70.7,CPCB_PNQ_Hadapsar,16.022
PROP-5F63FA8303D3,74,41,67,74,84.0,CPCB_PNQ_Shivajinagar,18.65
PROP-BBB34735E0FF,91,50,82,91,57.7,CPCB_PNQ_Shivajinagar,13.506
PROP-A5EC8C13659D,122,66,108,122,127.0,CPCB_PNQ_Shivajinagar,11.38
PROP-A9B943EC9EA4,82,45,74,82,85.0,CPCB_PNQ_Shivajinagar,23.486
PROP-294BD472A360,91,50,82,91,57.7,CPCB_PNQ_Shivajinagar,14.287
PROP-D8A0C765A8A9,38,21,34,38,70.7,CPCB_PNQ_Hadapsar,5.694
PROP-A05C4429A9FC,44,22,37,44,67.7,CPCB_PNQ_Shivajinagar,13.432
PROP-A9027DFD8360,42,22,37,42,71.7,CPCB_PNQ_Hadapsar,14.081
PROP-0FCE27D240F2,41,21,35,41,70.7,CPCB_PNQ_Hadapsar,9.267
PROP-18AFA701E787,125,67,110,125,130.0,CPCB_PNQ_Shivajinagar,11.333
PROP-1BF4FC14BBE9,136,72,118,136,128.0,CPCB_PNQ_Hadapsar,23.897
PROP-7BA0B224E9CC,96,55,90,96,58.3,CPCB_PNQ_Shivajinagar,15.342
PROP-814BEFEECEEE,84,48,78,84,85.3,CPCB_PNQ_Shivajinagar,15.342
PROP-29788285818B,38,20,33,38,66.0,CPCB_PNQ_Hadapsar,16.022
PROP-CE66F113C65A,137,74,122,137,141.0,CPCB_PNQ_Hadapsar,3.49
PROP-06F40D2EB4E6,38,20,33,38,66.0,CPCB_PNQ_Hadapsar,14.189
PROP-45A55872E970,88,46,76,88,88.7,CPCB_PNQ_Shivajinagar,16.804
PROP-A85BFF7BC828,95,50,82,95,56.7,CPCB_PNQ_Shivajinagar,14.287
PROP-F889110A8FF0,96,55,90,96,58.3,CPCB_PNQ_Shivajinagar,14.287
PROP-752EF36EDE78,125,67,110,125,130.0,CPCB_PNQ_Shivajinagar,25.212
PROP-022E06FBA686,141,75,124,141,132.3,CPCB_PNQ_Hadapsar,11.77
PROP-367C5E64DC48,91,50,82,91,57.7,CPCB_PNQ_Shivajinagar,13.393
PROP-6A817FA83B32,84,48,78,84,85.3,CPCB_PNQ_Shivajinagar,13.432
PROP-90A19D3261E3,91,48,78,91,55.0,CPCB_PNQ_Shivajinagar,13.432
PROP-C73A14E41539,136,72,118,136,128.0,CPCB_PNQ_Hadapsar,18.196
PROP-3455346788A9,40,23,37,40,71.0,CPCB_PNQ_Shivajinagar,14.287
PROP-D7B8B9E975A9,39,21,35,39,67.0,CPCB_PNQ_Shivajinagar,12.06
PROP-2C66343CACED,75,41,68,75,84.7,CPCB_PNQ_Shivajinagar,18.564
PROP-6BBEDEB1CAC9,120,69,113,120,123.0,CPCB_PNQ_Shivajinagar,18.564
PROP-5A0075BB9E74,39,21,35,39,67.0,CPCB_PNQ_Shivajinagar,5.58
PROP-BA7072D00936,39,21,35,39,67.0,CPCB_PNQ_Shivajinagar,13.44
PROP-3CD2C25E0A02,74,41,67,74,84.0,CPCB_PNQ_Shivajinagar,17.57
PROP-F8529564B58D,40,23,37,40,71.0,CPCB_PNQ_Shivajinagar,25.212
PROP-5E7006C6DE42,38,20,33,38,66.0,CPCB_PNQ_Hadapsar,9.267
PROP-1BCD38CFDF68,136,72,118,136,128.0,CPCB_PNQ_Hadapsar,3.49
PROP-88B5AEDD194D,82,45,74,82,85.0,CPCB_PNQ_Shivajinagar,14.287
PROP-A9FC3BDA9ACB,95,50,82,95,56.7,CPCB_PNQ_Shivajinagar,25.212
PROP-4D9284197838,38,21,34,38,70.7,CPCB_PNQ_Hadapsar,18.934
PROP-801D6286F1A6,91,48,78,91,55.0,CPCB_PNQ_Shivajinagar,13.393
PROP-298EF8FC8189,39,21,35,39,67.0,CPCB_PNQ_Shivajinagar,1.041
PROP-DDAD65AAD387,42,23,38,42,70.0,CPCB_PNQ_Shivajinagar,17.57
PROP-F52FE1CFFC3E,96,55,90,96,58.3,CPCB_PNQ_Shivajinagar,25.212
PROP-AFE4909FB450,44,22,37,44,67.7,CPCB_PNQ_Shivajinagar,16.78
PROP-7F6564DCF7E1,36,19,32,36,65.3,CPCB_PNQ_Shivajinagar,11.38
PROP-ED4B5382AB51,89,50,82,89,55.0,CPCB_PNQ_Shivajinagar,14.004
PROP-36C7E03DF186,91,48,79,91,93.0,CPCB_PNQ_Hadapsar,23.781
PROP-BB645E5CDAF5,75,41,68,75,84.7,CPCB_PNQ_Shivajinagar,18.688
PROP-0B30C0C55117,74,41,67,74,84.0,CPCB_PNQ_Shivajinagar,23.486
PROP-1E2B52BF512B,91,48,78,91,55.0,CPCB_PNQ_Shivajinagar,15.342
PROP-460AE8F02AA8,36,19,32,36,65.3,CPCB_PNQ_Shivajinagar,17.134
PROP-6C7613BAC130,42,22,37,42,71.7,CPCB_PNQ_Hadapsar,12.016
PROP-9F1664A21D6B,88,46,76,88,88.7,CPCB_PNQ_Shivajinagar,17.134
PROP-AE70E97245A5,122,66,108,122,127.0,CPCB_PNQ_Shivajinagar,3.468
PROP-1A742C9C4D2F,141,75,124,141,132.3,CPCB_PNQ_Hadapsar,16.254
PROP-E41A69B6403F,137,74,122,137,141.0,CPCB_PNQ_Hadapsar,6.876
PROP-43219C5EA321,98,51,84,98,62.0,CPCB_PNQ_Hadapsar,12.016
PROP-9A3D2CD230F8,96,50,82,96,60.7,CPCB_PNQ_Hadapsar,11.701
PROP-09608FFFACCF,89,50,82,89,55.0,CPCB_PNQ_Shivajinagar,14.287
PROP-BA3EA4B995BB,76,42,69,76,88.0,CPCB_PNQ_Hadapsar,6.391
PROP-E12D7C0458DF,88,50,83,88,93.7,CPCB_PNQ_Hadapsar,6.391
PROP-08CE62CDD3A0,36,19,32,36,65.3,CPCB_PNQ_Shivajinagar,18.979
PROP-654778C330CB,38,20,33,38,66.0,CPCB_PNQ_Hadapsar,6.876
PROP-C1196520C440,138,78,127,138,132.7,CPCB_PNQ_Shivajinagar,23.656
PROP-25F80F30CD39,95,50,82,95,56.7,CPCB_PNQ_Shivajinagar,15.531
PROP-FC70AD4198C3,40,22,36,40,69.7,CPCB_PNQ_Hadapsar,23.881
PROP-1E98DCA691AB,98,51,84,98,62.0,CPCB_PNQ_Hadapsar,9.73
PROP-89D111158D09,138,78,127,138,132.7,CPCB_PNQ_Shivajinagar,4.704
PROP-EFBAF416B11C,74,41,67,74,84.0,CPCB_PNQ_Shivajinagar,2.943
PROP-ED70B03CC96E,91,48,78,91,55.0,CPCB_PNQ_Shivajinagar,4.704
PROP-3E106F3C21C6,91,48,79,91,93.0,CPCB_PNQ_Hadapsar,5.694
PROP-CCD8385963A7,125,67,110,125,130.0,CPCB_PNQ_Shivajinagar,14.965
PROP-6BEB2FEA52D4,120,69,113,120,123.0,CPCB_PNQ_Shivajinagar,24.263
PROP-092906174F59,125,67,110,125,130.0,CPCB_PNQ_Shivajinagar,24.263
PROP-6C52D737B598,95,50,82,95,56.7,CPCB_PNQ_Shivajinagar,2.943
PROP-DF61EA297030,148,77,126,148,144.7,CPCB_PNQ_Hadapsar,14.081
PROP-9EE66F9CA905,148,77,126,148,144.7,CPCB_PNQ_Hadapsar,19.15
PROP-D79E90F6F272,91,50,82,91,57.7,CPCB_PNQ_Shivajinagar,11.38
PROP-EA9FCE60AC03,95,50,82,95,56.7,CPCB_PNQ_Shivajinagar,11.38
PROP-BEEABBD43516,93,49,81,93,60.7,CPCB_PNQ_Hadapsar,19.369
PROP-A96C1FA4E85B,125,67,110,125,130.0,CPCB_PNQ_Shivajinagar,8.093
PROP-0EA451FFFEBA,88,50,83,88,93.7,CPCB_PNQ_Hadapsar,23.881
PROP-D40DABF9D212,87,48,79,87,92.3,CPCB_PNQ_Hadapsar,10.383
PROP-8E4E39DB20DA,148,77,126,148,144.7,CPCB_PNQ_Hadapsar,23.781
PROP-07602FFD24BF,95,50,82,95,56.7,CPCB_PNQ_Shivajinagar,8.093
PROP-22835E5F73B0,40,22,36,40,69.7,CPCB_PNQ_Hadapsar,3.398
PROP-60B747548810,40,23,37,40,71.0,CPCB_PNQ_Shivajinagar,15.342
PROP-6D6EFFF1C6F0,91,48,78,91,55.0,CPCB_PNQ_Shivajinagar,12.292
PROP-42DA57DD9259,40,22,36,40,69.7,CPCB_PNQ_Hadapsar,19.15
PROP-6246550AA87E,38,21,34,38,70.7,CPCB_PNQ_Hadapsar,11.77
PROP-836B6576C389,88,50,83,88,93.7,CPCB_PNQ_Hadapsar,19.369
PROP-EAC6EC9B9D3B,125,67,110,125,130.0,CPCB_PNQ_Shivajinagar,13.44
PROP-FF667FF5CE1B,41,21,35,41,70.7,CPCB_PNQ_Hadapsar,10.171
PROP-6D1B4ECF18F1,122,66,108,122,127.0,CPCB_PNQ_Shivajinagar,6.939
PROP-6820805C12D8,36,19,32,36,65.3,CPCB_PNQ_Shivajinagar,10.198
PROP-5953EE5FEDCD,40,22,36,40,69.7,CPCB_PNQ_Hadapsar,6.391
PROP-216A158C8EA6,91,48,78,91,55.0,CPCB_PNQ_Shivajinagar,2.117
PROP-CB5E401C3432,82,45,74,82,85.0,CPCB_PNQ_Shivajinagar,19.834
PROP-C73C32B4AFFF,141,75,124,141,132.3,CPCB_PNQ_Hadapsar,19.369
PROP-618A7EFB9109,96,55,90,96,58.3,CPCB_PNQ_Shivajinagar,11.498
PROP-F72C149BB211,88,46,76,88,88.7,CPCB_PNQ_Shivajinagar,11.498
PROP-D6F6F704AE6B,89,50,82,89,55.0,CPCB_PNQ_Shivajinagar,11.498
PROP-741E946FF0FD,36,19,32,36,65.3,CPCB_PNQ_Shivajinagar,8.592
PROP-DB7BF80869BC,98,51,84,98,62.0,CPCB_PNQ_Hadapsar,16.254
PROP-6A94EDBBC8CC,74,41,67,74,84.0,CPCB_PNQ_Shivajinagar,24.263
PROP-5FDFE110A079,88,46,76,88,88.7,CPCB_PNQ_Shivajinagar,18.65
PROP-BEBB7848373A,82,45,74,82,85.0,CPCB_PNQ_Shivajinagar,24.263
PROP-D0522726B49B,91,48,79,91,93.0,CPCB_PNQ_Hadapsar,6.391
PROP-C9EF24332933,136,72,118,136,128.0,CPCB_PNQ_Hadapsar,9.267
PROP-0904CA73E6D3,75,41,68,75,84.7,CPCB_PNQ_Shivajinagar,19.849
PROP-0196141BA038,91,48,79,91,93.0,CPCB_PNQ_Hadapsar,3.49
PROP-17AFE0BFDB20,96,53,88,96,62.0,CPCB_PNQ_Hadapsar,13.419
PROP-E2B8F732376F,88,46,76,88,88.7,CPCB_PNQ_Shivajinagar,15.531
PROP-005AEE3C0865,122,66,108,122,127.0,CPCB_PNQ_Shivajinagar,14.965
PROP-950A1847445E,148,77,126,148,144.7,CPCB_PNQ_Hadapsar,3.469
PROP-DF06ED64B99F,89,50,82,89,55.0,CPCB_PNQ_Shivajinagar,3.2
PROP-63C1E3879D1B,96,53,88,96,62.0,CPCB_PNQ_Hadapsar,10.171
PROP-0D3429298765,122,66,108,122,127.0,CPCB_PNQ_Shivajinagar,15.342
PROP-F23A4B0F0828,125,67,110,125,130.0,CPCB_PNQ_Shivajinagar,14.004
PROP-E63981F69ED7,93,49,81,93,60.7,CPCB_PNQ_Hadapsar,25.224
PROP-2268B607C7B6,89,50,82,89,55.0,CPCB_PNQ_Shivajinagar,3.422
PROP-694E59BA790E,44,22,37,44,67.7,CPCB_PNQ_Shivajinagar,3.2
PROP-F26DDE4CDD8E,95,50,82,95,56.7,CPCB_PNQ_Shivajinagar,19.834
PROP-72CB7A610471,41,21,35,41,70.7,CPCB_PNQ_Hadapsar,17.351
PROP-57C6DB6DE479,36,19,32,36,65.3,CPCB_PNQ_Shivajinagar,28.167
PROP-B5CA1506358E,136,72,118,136,128.0,CPCB_PNQ_Hadapsar,18.196
PROP-F530097FF7C0,91,48,79,91,93.0,CPCB_PNQ_Hadapsar,11.77
PROP-8D3F3E26EFF7,87,48,79,87,92.3,CPCB_PNQ_Hadapsar,25.224
PROP-0C0EF84F5D48,42,23,38,42,70.0,CPCB_PNQ_Shivajinagar,17.134
PROP-873FF3124402,42,23,38,42,70.0,CPCB_PNQ_Shivajinagar,22.265
PROP-467701D09BFF,88,46,76,88,88.7,CPCB_PNQ_Shivajinagar,13.506
PROP-BBAB592CD88C,91,48,79,91,93.0,CPCB_PNQ_Hadapsar,3.398
PROP-1F59EE7286C9,84,48,78,84,85.3,CPCB_PNQ_Shivajinagar,8.815
PROP-7359A7DBCECF,91,48,78,91,55.0,CPCB_PNQ_Shivajinagar,18.979
PROP-EA78B25B0124,102,56,92,102,62.7,CPCB_PNQ_Hadapsar,5.694
PROP-6E71AFB1BCDF,84,48,78,84,85.3,CPCB_PNQ_Shivajinagar,16.78
PROP-1892550EBA4A,96,53,88,96,62.0,CPCB_PNQ_Hadapsar,9.115
PROP-D5EE6CA0C03D,95,50,82,95,56.7,CPCB_PNQ_Shivajinagar,9.982
PROP-72786BFF6EAA,89,50,82,89,55.0,CPCB_PNQ_Shivajinagar,5.58
PROP-242A05FE450C,141,75,124,141,132.3,CPCB_PNQ_Hadapsar,19.369
PROP-AA245635FFD7,38,20,33,38,66.0,CPCB_PNQ_Hadapsar,6.391
PROP-EAAE547CF971,74,41,67,74,84.0,CPCB_PNQ_Shivajinagar,23.33
PROP-C9942F3A869F,40,22,36,40,69.7,CPCB_PNQ_Hadapsar,18.196
PROP-183AE0AF5AE6,89,50,82,89,55.0,CPCB_PNQ_Shivajinagar,18.65
PROP-A654F9381EC1,95,50,82,95,56.7,CPCB_PNQ_Shivajinagar,13.393
PROP-8EAF457BA50C,122,66,108,122,127.0,CPCB_PNQ_Shivajinagar,22.265
PROP-156038986F72,122,66,108,122,127.0,CPCB_PNQ_Shivajinagar,19.849
PROP-5DD3B9D44EC0,75,41,68,75,84.7,CPCB_PNQ_Shivajinagar,19.6
PROP-46539ADA8711,74,41,67,74,84.0,CPCB_PNQ_Shivajinagar,11.38
PROP-BCED8FC78BB9,75,41,68,75,84.7,CPCB_PNQ_Shivajinagar,18.564
PROP-C9C866B3A021,102,56,92,102,62.7,CPCB_PNQ_Hadapsar,15.217
PROP-1671EA6A6ECC,38,21,34,38,70.7,CPCB_PNQ_Hadapsar,16.254
PROP-2875E3529529,148,77,126,148,144.7,CPCB_PNQ_Hadapsar,11.701
PROP-871067E9E18A,98,51,84,98,62.0,CPCB_PNQ_Hadapsar,8.763
PROP-E466B369EF35,88,50,83,88,93.7,CPCB_PNQ_Hadapsar,16.254
PROP-01EC622D6A7F,95,50,82,95,56.7,CPCB_PNQ_Shivajinagar,23.486
PROP-0DBB737BB14E,42,22,37,42,71.7,CPCB_PNQ_Hadapsar,8.256
PROP-EB83E670AB5E,79,41,68,79,87.7,CPCB_PNQ_Hadapsar,14.725
PROP-1C4BA5FD4FAB,40,22,36,40,69.7,CPCB_PNQ_Hadapsar,17.351
PROP-39ACB425C257,91,50,82,91,57.7,CPCB_PNQ_Shivajinagar,21.521
PROP-A4A17B5B1455,125,67,110,125,130.0,CPCB_PNQ_Shivajinagar,23.33
PROP-C6F3281B4F7A,44,22,37,44,67.7,CPCB_PNQ_Shivajinagar,21.521
PROP-AC35FED5DA5D,95,50,82,95,56.7,CPCB_PNQ_Shivajinagar,27.786
PROP-3ADD4629DFB1,148,77,126,148,144.7,CPCB_PNQ_Hadapsar,12.87
PROP-2431A9D64117,91,50,82,91,57.7,CPCB_PNQ_Shivajinagar,18.65
PROP-8266F9F4DEEA,148,77,126,148,144.7,CPCB_PNQ_Hadapsar,3.49
PROP-C95A2211CC8D,122,66,108,122,127.0,CPCB_PNQ_Shivajinagar,18.688
PROP-88EC6AC71795,96,50,82,96,60.7,CPCB_PNQ_Hadapsar,13.419
PROP-C869E7283940,74,41,67,74,84.0,CPCB_PNQ_Shivajinagar,15.342
PROP-2D5A27A7D4B6,79,41,68,79,87.7,CPCB_PNQ_Hadapsar,9.73
PROP-7D6476987458,42,22,37,42,71.7,CPCB_PNQ_Hadapsar,19.15
PROP-DF5E711D6ECF,38,20,33,38,66.0,CPCB_PNQ_Hadapsar,11.236
PROP-2B663567C646,96,55,90,96,58.3,CPCB_PNQ_Shivajinagar,15.342
PROP-3F1AF9BAA7F0,41,21,35,41,70.7,CPCB_PNQ_Hadapsar,14.106
PROP-84846AC268DF,42,22,37,42,71.7,CPCB_PNQ_Hadapsar,6.504
PROP-4A0AE1F4DBAC,84,48,78,84,85.3,CPCB_PNQ_Shivajinagar,23.33
PROP-2E5933CB3277,40,23,37,40,71.0,CPCB_PNQ_Shivajinagar,26.826
PROP-824B8741D892,96,50,82,96,60.7,CPCB_PNQ_Hadapsar,18.196
PROP-DB3A38867892,41,21,35,41,70.7,CPCB_PNQ_Hadapsar,11.701
PROP-C47E148B3630,96,55,90,96,58.3,CPCB_PNQ_Shivajinagar,20.16
PROP-0878402916DC,44,22,37,44,67.7,CPCB_PNQ_Shivajinagar,20.16
PROP-E2F06CD03379,125,67,110,125,130.0,CPCB_PNQ_Shivajinagar,17.134
PROP-6DCE913D9237,74,41,67,74,84.0,CPCB_PNQ_Shivajinagar,18.688
PROP-788D3B52CB87,84,48,78,84,85.3,CPCB_PNQ_Shivajinagar,14.287
PROP-3AC85FEB37C1,148,77,126,148,144.7,CPCB_PNQ_Hadapsar,15.044
PROP-4558DC57971B,125,67,110,125,130.0,CPCB_PNQ_Shivajinagar,14.965
PROP-6A45FDFFD989,138,78,127,138,132.7,CPCB_PNQ_Shivajinagar,23.33
PROP-51A86547A05A,40,23,37,40,71.0,CPCB_PNQ_Shivajinagar,14.287
PROP-530BC60C004D,75,41,68,75,84.7,CPCB_PNQ_Shivajinagar,3.2
PROP-2DFA024CF1E7,120,69,113,120,123.0,CPCB_PNQ_Shivajinagar,23.33
PROP-18C92BFE90F7,95,50,82,95,56.7,CPCB_PNQ_Shivajinagar,23.33
PROP-C74862BA88D2,89,50,82,89,55.0,CPCB_PNQ_Shivajinagar,20.16
PROP-7C0F5916B95F,87,48,79,87,92.3,CPCB_PNQ_Hadapsar,18.526
PROP-CB035CF82AC6,138,78,127,138,132.7,CPCB_PNQ_Shivajinagar,13.506
PROP-96DBAC41CB52,87,48,79,87,92.3,CPCB_PNQ_Hadapsar,18.526
PROP-86BA63285679,40,23,37,40,71.0,CPCB_PNQ_Shivajinagar,9.982
PROP-4DE49CBEA63C,42,22,37,42,71.7,CPCB_PNQ_Hadapsar,24.608
PROP-C0A8F994641B,91,48,79,91,93.0,CPCB_PNQ_Hadapsar,9.73
PROP-27EAC7C9F9CC,137,74,122,137,141.0,CPCB_PNQ_Hadapsar,13.419
PROP-C8B102A61901,95,50,82,95,56.7,CPCB_PNQ_Shivajinagar,13.44
PROP-FA37531E554D,88,50,83,88,93.7,CPCB_PNQ_Hadapsar,7.01
PROP-4E108E499901,89,50,82,89,55.0,CPCB_PNQ_Shivajinagar,3.2
PROP-5BEC3589A7B0,148,77,126,148,144.7,CPCB_PNQ_Hadapsar,9.267
PROP-24353AE7FA71,42,22,37,42,71.7,CPCB_PNQ_Hadapsar,19.15
PROP-C9BB910EE8C9,98,51,84,98,62.0,CPCB_PNQ_Hadapsar,19.15
PROP-7B833C59484E,96,55,90,96,58.3,CPCB_PNQ_Shivajinagar,11.38
PROP-42F0DF0F380A,88,46,76,88,88.7,CPCB_PNQ_Shivajinagar,11.38
PROP-9363E443637E,125,67,110,125,130.0,CPCB_PNQ_Shivajinagar,19.849
PROP-54FB8012675F,38,20,33,38,66.0,CPCB_PNQ_Hadapsar,14.081
PROP-0E30808B73C8,138,78,127,138,132.7,CPCB_PNQ_Shivajinagar,16.804
PROP-AFC13BDB7151,75,41,68,75,84.7,CPCB_PNQ_Shivajinagar,2.309
PROP-D657C5A90A07,96,53,88,96,62.0,CPCB_PNQ_Hadapsar,9.267
PROP-931822812275,39,21,35,39,67.0,CPCB_PNQ_Shivajinagar,23.33
PROP-2D9BF2758015,137,74,122,137,141.0,CPCB_PNQ_Hadapsar,19.15
PROP-6FEB2FB77572,39,21,35,39,67.0,CPCB_PNQ_Shivajinagar,8.815
PROP-96E92D9F6E46,120,69,113,120,123.0,CPCB_PNQ_Shivajinagar,22.265
PROP-7546924F80F3,76,42,69,76,88.0,CPCB_PNQ_Hadapsar,6.798
PROP-613C41959D23,42,22,37,42,71.7,CPCB_PNQ_Hadapsar,19.369
PROP-F931D3821ABC,40,23,37,40,71.0,CPCB_PNQ_Shivajinagar,20.16
PROP-2E7685F02D07,95,50,82,95,56.7,CPCB_PNQ_Shivajinagar,18.649
PROP-BF5FA3C716AA,40,23,37,40,71.0,CPCB_PNQ_Shivajinagar,13.393
PROP-56FE1372D3B3,74,41,67,74,84.0,CPCB_PNQ_Shivajinagar,16.358
PROP-C008707789D2,98,51,84,98,62.0,CPCB_PNQ_Hadapsar,15.044
PROP-3DC6FB5810E4,96,55,90,96,58.3,CPCB_PNQ_Shivajinagar,23.554
PROP-0C2DBCA6971A,141,75,124,141,132.3,CPCB_PNQ_Hadapsar,9.73
PROP-537668BE9B9E,102,56,92,102,62.7,CPCB_PNQ_Hadapsar,18.196
PROP-EA404F05B3EB,38,20,33,38,66.0,CPCB_PNQ_Hadapsar,14.202
PROP-3243F35F3206,76,42,69,76,88.0,CPCB_PNQ_Hadapsar,13.519
PROP-D88889856C93,141,75,124,141,132.3,CPCB_PNQ_Hadapsar,14.725
PROP-DCA7C34C0E7F,138,78,127,138,132.7,CPCB_PNQ_Shivajinagar,28.167
PROP-C8E3B4FF281A,138,78,127,138,132.7,CPCB_PNQ_Shivajinagar,22.125
PROP-C0522DF831F1,89,50,82,89,55.0,CPCB_PNQ_Shivajinagar,19.442
PROP-310712061ED0,82,45,74,82,85.0,CPCB_PNQ_Shivajinagar,23.554
PROP-4F693CD6B6D3,82,45,74,82,85.0,CPCB_PNQ_Shivajinagar,28.167
PROP-D1D75D6FC7E3,91,48,78,91,55.0,CPCB_PNQ_Shivajinagar,13.506
PROP-17DDFF1AAD22,96,55,90,96,58.3,CPCB_PNQ_Shivajinagar,13.393
PROP-08778F900B88,40,23,37,40,71.0,CPCB_PNQ_Shivajinagar,14.287
PROP-5CB13E359EE0,36,19,32,36,65.3,CPCB_PNQ_Shivajinagar,13.506
PROP-C57518D6E4F2,122,66,108,122,127.0,CPCB_PNQ_Shivajinagar,7.884
PROP-9EE972D06AA4,84,48,78,84,85.3,CPCB_PNQ_Shivajinagar,22.265
PROP-F96B2F454B2E,136,72,118,136,128.0,CPCB_PNQ_Hadapsar,16.254
PROP-EF8693BA30E5,41,21,35,41,70.7,CPCB_PNQ_Hadapsar,13.419
PROP-ABE3C719914F,137,74,122,137,141.0,CPCB_PNQ_Hadapsar,14.202
PROP-57AAB72237E9,125,67,110,125,130.0,CPCB_PNQ_Shivajinagar,17.263
PROP-BDC06F355845,96,50,82,96,60.7,CPCB_PNQ_Hadapsar,16.254
PROP-970989903928,74,41,67,74,84.0,CPCB_PNQ_Shivajinagar,23.299
PROP-C7B4D553BDA3,44,22,37,44,67.7,CPCB_PNQ_Shivajinagar,13.432
PROP-7057CE56B224,79,41,68,79,87.7,CPCB_PNQ_Hadapsar,18.196
PROP-F51E6544E73F,88,46,76,88,88.7,CPCB_PNQ_Shivajinagar,19.849
PROP-C1BBF9A4DC93,74,41,67,74,84.0,CPCB_PNQ_Shivajinagar,1.787
PROP-C1F3A616BD58,96,55,90,96,58.3,CPCB_PNQ_Shivajinagar,14.287
PROP-D509E56DEEDE,74,41,67,74,84.0,CPCB_PNQ_Shivajinagar,25.212
PROP-4CBC0D280E81,98,56,91,98,166.0,CPCB_DEL_RK_Puram,27.603
PROP-71E1D8A2831E,414,225,368,414,389.7,CPCB_DEL_RK_Puram,23.617
PROP-5E0381B65097,98,56,91,98,166.0,CPCB_DEL_RK_Puram,26.776
PROP-FFFF809035F0,218,117,192,218,256.0,CPCB_DEL_Anand_Vihar,10.582
PROP-F34EE0749394,182,105,171,182,201.7,CPCB_DEL_RK_Puram,9.025
PROP-F18BA0AC20E5,220,122,199,220,227.7,CPCB_DEL_RK_Puram,5.7
PROP-1235A4B62F7F,276,151,248,276,173.7,CPCB_DEL_Anand_Vihar,9.36
PROP-265F6065A62B,225,126,206,225,259.0,CPCB_DEL_Anand_Vihar,20.494
PROP-801B9737ACE8,110,59,97,110,198.7,CPCB_DEL_Anand_Vihar,31.658
PROP-C4A8979F88C8,252,137,224,252,148.3,CPCB_DEL_RK_Puram,4.431
PROP-030D6F17F56F,202,108,178,202,209.0,CPCB_DEL_RK_Puram,26.776
PROP-F6EDD9FBE622,419,237,388,419,443.3,CPCB_DEL_Anand_Vihar,31.658
PROP-6A230ADA3DB1,184,106,173,184,205.7,CPCB_DEL_RK_Puram,23.681
PROP-37A7AF501952,414,225,368,414,389.7,CPCB_DEL_RK_Puram,26.776
PROP-5C476FD9D8CA,103,58,95,103,173.0,CPCB_DEL_RK_Puram,21.339
PROP-DD74D62D3824,376,213,348,376,374.7,CPCB_DEL_RK_Puram,13.292
PROP-B9E79801AC25,103,58,95,103,173.0,CPCB_DEL_RK_Puram,19.282
PROP-EDB850C15F79,288,166,272,288,181.7,CPCB_DEL_Anand_Vihar,20.63
PROP-AFBBFC314645,184,106,173,184,205.7,CPCB_DEL_RK_Puram,5.357
PROP-89D3E2292157,103,58,95,103,173.0,CPCB_DEL_RK_Puram,13.292
PROP-44BB0887A215,110,58,95,110,183.3,CPCB_DEL_Anand_Vihar,12.15
PROP-B77CD21D3A02,129,72,118,129,215.0,CPCB_DEL_Anand_Vihar,28.979
PROP-C93D6852E786,414,225,368,414,389.7,CPCB_DEL_RK_Puram,22.389
PROP-2AD0D5A97BF4,256,137,225,256,252.3,CPCB_DEL_Anand_Vihar,45.072
PROP-A42E29004DCF,121,64,105,121,187.3,CPCB_DEL_Anand_Vihar,28.759
PROP-85243D62F9B7,225,126,206,225,259.0,CPCB_DEL_Anand_Vihar,10.047
PROP-1FD2F0A90C91,225,126,206,225,259.0,CPCB_DEL_Anand_Vihar,4.375
PROP-A37351823C90,218,119,196,218,139.0,CPCB_DEL_RK_Puram,26.314
PROP-B15A20E3DFEC,110,58,95,110,183.3,CPCB_DEL_Anand_Vihar,4.375
PROP-E09B1B1FC27E,110,58,95,110,183.3,CPCB_DEL_Anand_Vihar,37.69
PROP-4E66A3F05B32,290,153,250,290,175.7,CPCB_DEL_Anand_Vihar,10.383
PROP-39317188A697,376,213,348,376,374.7,CPCB_DEL_RK_Puram,9.025
PROP-A79BAE478D1E,228,126,207,228,239.7,CPCB_DEL_Anand_Vihar,11.357
PROP-35177998957E,414,225,368,414,389.7,CPCB_DEL_RK_Puram,14.777
PROP-8E9F7FF26CDF,99,56,92,99,169.0,CPCB_DEL_RK_Puram,35.55
PROP-CB5E81791AE0,414,225,368,414,389.7,CPCB_DEL_RK_Puram,19.872
PROP-55C21CE97CAC,232,126,206,232,143.0,CPCB_DEL_RK_Puram,35.825
PROP-084877D5C645,311,165,271,311,182.7,CPCB_DEL_Anand_Vihar,38.145
PROP-EEDA5567AB9E,110,58,95,110,183.3,CPCB_DEL_Anand_Vihar,20.63
PROP-FCE339E064FB,376,213,348,376,374.7,CPCB_DEL_RK_Puram,13.292
PROP-15C561EC0550,117,64,106,117,193.0,CPCB_DEL_Anand_Vihar,37.69
PROP-67DB637FC72C,184,106,173,184,205.7,CPCB_DEL_RK_Puram,28.15
PROP-F6FD7809D0D8,414,225,368,414,389.7,CPCB_DEL_RK_Puram,22.908
PROP-F00ADA6A3B92,424,221,362,424,434.3,CPCB_DEL_Anand_Vihar,28.979
PROP-D39BFC6250A3,98,56,91,98,166.0,CPCB_DEL_RK_Puram,35.321
PROP-F6F509EEA1FB,433,233,381,433,445.0,CPCB_DEL_Anand_Vihar,28.979
PROP-E8FD47AAC5FD,433,233,381,433,445.0,CPCB_DEL_Anand_Vihar,24.615
PROP-0E0CD9E256FD,433,233,381,433,445.0,CPCB_DEL_Anand_Vihar,18.651
PROP-A9FBDF84D171,428,228,373,428,449.7,CPCB_DEL_Anand_Vihar,4.375
PROP-AC6CE62D11B5,129,72,118,129,215.0,CPCB_DEL_Anand_Vihar,4.375
PROP-2EB6FBDFD110,108,59,97,108,168.0,CPCB_DEL_RK_Puram,21.698
PROP-22C5A3DAC4D0,419,237,388,419,443.3,CPCB_DEL_Anand_Vihar,31.658
PROP-BD722FD72DD6,129,72,118,129,215.0,CPCB_DEL_Anand_Vihar,35.058
PROP-EADFC919555C,256,137,225,256,252.3,CPCB_DEL_Anand_Vihar,30.806
PROP-13F63E60DDB0,103,58,95,103,173.0,CPCB_DEL_RK_Puram,31.797
PROP-550E1BD5115D,311,165,271,311,182.7,CPCB_DEL_Anand_Vihar,29.377
PROP-0E7C227600CD,117,64,106,117,193.0,CPCB_DEL_Anand_Vihar,24.97
PROP-88ACB6B53E2B,98,56,91,98,166.0,CPCB_DEL_RK_Puram,18.337
PROP-6B90FC7061FF,220,122,199,220,227.7,CPCB_DEL_RK_Puram,9.025
PROP-1C622574C260,220,122,199,220,227.7,CPCB_DEL_RK_Puram,27.724
PROP-E068F5574F3C,110,58,95,110,183.3,CPCB_DEL_Anand_Vihar,33.155
PROP-519AD628DFB5,117,64,106,117,193.0,CPCB_DEL_Anand_Vihar,31.658
PROP-64C688A7A6C5,424,221,362,424,434.3,CPCB_DEL_Anand_Vihar,29.796
PROP-C41CB5CFEAC4,218,117,192,218,256.0,CPCB_DEL_Anand_Vihar,30.806
PROP-008EC0BC0666,220,122,199,220,227.7,CPCB_DEL_RK_Puram,9.025
PROP-1531873D1ADD,391,219,358,391,377.0,CPCB_DEL_RK_Puram,9.025
PROP-A3A9F7319866,218,119,196,218,139.0,CPCB_DEL_RK_Puram,5.357
PROP-672EAE8798C4,225,126,206,225,259.0,CPCB_DEL_Anand_Vihar,21.611
PROP-F820496469FA,376,213,348,376,374.7,CPCB_DEL_RK_Puram,22.921
PROP-562A079BAA96,107,61,101,107,172.3,CPCB_DEL_RK_Puram,13.292
PROP-BD439C0A5386,225,126,206,225,259.0,CPCB_DEL_Anand_Vihar,18.651
PROP-86ACBBB2F6AC,308,174,285,308,179.0,CPCB_DEL_Anand_Vihar,11.967
PROP-672A1F3BC17E,218,117,192,218,256.0,CPCB_DEL_Anand_Vihar,28.979
PROP-302599185AAC,252,137,224,252,148.3,CPCB_DEL_RK_Puram,27.172
PROP-D8574AA61360,290,153,250,290,175.7,CPCB_DEL_Anand_Vihar,28.979
PROP-BB9B3BCCAFF6,99,56,92,99,169.0,CPCB_DEL_RK_Puram,27.172
PROP-46281DB8B160,308,174,285,308,179.0,CPCB_DEL_Anand_Vihar,6.365
PROP-4CCB4248EC26,110,58,95,110,183.3,CPCB_DEL_Anand_Vihar,19.685
PROP-3F2E9DFC4B8B,129,72,118,129,215.0,CPCB_DEL_Anand_Vihar,19.685
PROP-12F4CBB64C31,117,64,106,117,193.0,CPCB_DEL_Anand_Vihar,12.984
PROP-D121BBADE671,108,59,97,108,168.0,CPCB_DEL_RK_Puram,11.097
PROP-DBDC36B7366C,220,122,199,220,227.7,CPCB_DEL_RK_Puram,13.292
PROP-B69EDA3E587D,290,153,250,290,175.7,CPCB_DEL_Anand_Vihar,18.651
PROP-6A6661FAF1EB,376,213,348,376,374.7,CPCB_DEL_RK_Puram,26.883
PROP-ABF4EFD55576,110,58,95,110,183.3,CPCB_DEL_Anand_Vihar,28.979
PROP-85B2BE1AFA9C,433,233,381,433,445.0,CPCB_DEL_Anand_Vihar,28.979
PROP-BE988E24ECEC,184,106,173,184,205.7,CPCB_DEL_RK_Puram,3.085
PROP-2F42F3D73BBA,428,228,373,428,449.7,CPCB_DEL_Anand_Vihar,20.63
PROP-8AC73E8EDAF8,376,213,348,376,374.7,CPCB_DEL_RK_Puram,32.959
PROP-B9EF2832A354,419,237,388,419,443.3,CPCB_DEL_Anand_Vihar,20.63
PROP-315FDB33771C,288,166,272,288,181.7,CPCB_DEL_Anand_Vihar,28.979
PROP-158809CFCE3B,98,56,91,98,166.0,CPCB_DEL_RK_Puram,3.085
PROP-39C69B507DAF,121,64,105,121,187.3,CPCB_DEL_Anand_Vihar,17.272
PROP-6E1CEB85EA10,202,108,178,202,209.0,CPCB_DEL_RK_Puram,15.018
PROP-CCBAB0D44868,308,174,285,308,179.0,CPCB_DEL_Anand_Vihar,19.705
PROP-D07DBB411B4C,256,137,225,256,252.3,CPCB_DEL_Anand_Vihar,10.047
PROP-949775F7D76F,419,237,388,419,443.3,CPCB_DEL_Anand_Vihar,19.705
PROP-4D8A8223C5AF,129,72,118,129,215.0,CPCB_DEL_Anand_Vihar,19.705
PROP-5077EB5A4744,220,122,199,220,227.7,CPCB_DEL_RK_Puram,31.939
PROP-A3525A29B082,424,221,362,424,434.3,CPCB_DEL_Anand_Vihar,35.058
PROP-42B6F4146A57,98,56,91,98,166.0,CPCB_DEL_RK_Puram,15.018
PROP-F6AFFB2C1CAF,424,221,362,424,434.3,CPCB_DEL_Anand_Vihar,18.617
PROP-E99896D3AD1C,419,237,388,419,443.3,CPCB_DEL_Anand_Vihar,31.658
PROP-5425F574E202,254,132,217,254,260.0,CPCB_DEL_Anand_Vihar,19.685
PROP-85B295249755,424,221,362,424,434.3,CPCB_DEL_Anand_Vihar,19.705
PROP-30630E02ABBF,110,59,97,110,198.7,CPCB_DEL_Anand_Vihar,24.97
PROP-B6BF9CA6F30E,276,151,248,276,173.7,CPCB_DEL_Anand_Vihar,10.047
PROP-8DA9CBB65E93,110,59,97,110,198.7,CPCB_DEL_Anand_Vihar,28.979
PROP-652F8C12F693,202,108,178,202,209.0,CPCB_DEL_RK_Puram,21.698
PROP-6E2FD2362270,252,137,224,252,148.3,CPCB_DEL_RK_Puram,27.172
PROP-CD65ED955CAE,225,123,202,225,146.3,CPCB_DEL_RK_Puram,9.025
PROP-147F151C4E16,117,64,106,117,193.0,CPCB_DEL_Anand_Vihar,9.36
PROP-A515AA16CC44,419,237,388,419,443.3,CPCB_DEL_Anand_Vihar,28.979
PROP-B0E4FD100E30,129,72,118,129,215.0,CPCB_DEL_Anand_Vihar,31.658
PROP-97E019CE4F63,428,228,373,428,449.7,CPCB_DEL_Anand_Vihar,19.705
PROP-CF5854087866,107,61,101,107,172.3,CPCB_DEL_RK_Puram,11.097
PROP-D6DC5A5DAF34,288,166,272,288,181.7,CPCB_DEL_Anand_Vihar,35.058
PROP-2C2D6F72142B,424,221,362,424,434.3,CPCB_DEL_Anand_Vihar,22.658
PROP-65C218B7914D,225,123,202,225,146.3,CPCB_DEL_RK_Puram,40.63
PROP-94D5EE4F32D5,220,122,199,220,227.7,CPCB_DEL_RK_Puram,35.942
PROP-7D5D7D762AC1,247,139,228,247,147.7,CPCB_DEL_RK_Puram,35.321
PROP-0AE25E60EC37,225,126,206,225,259.0,CPCB_DEL_Anand_Vihar,19.705
PROP-E706123FFC7E,121,64,105,121,187.3,CPCB_DEL_Anand_Vihar,31.658
PROP-9F9735DD1945,276,151,248,276,173.7,CPCB_DEL_Anand_Vihar,21.611
PROP-F31D14F37FDC,308,174,285,308,179.0,CPCB_DEL_Anand_Vihar,27.332
PROP-61668ECF231F,308,174,285,308,179.0,CPCB_DEL_Anand_Vihar,19.705
PROP-750F50618F1C,121,64,105,121,187.3,CPCB_DEL_Anand_Vihar,18.651
PROP-E7338603DF34,428,228,373,428,449.7,CPCB_DEL_Anand_Vihar,24.97
PROP-4566E3F36596,110,58,95,110,183.3,CPCB_DEL_Anand_Vihar,19.705
PROP-C5621C295539,276,151,248,276,173.7,CPCB_DEL_Anand_Vihar,4.375
PROP-EF63C58FA3DF,182,105,171,182,201.7,CPCB_DEL_RK_Puram,31.939
PROP-CA4A037F8554,103,58,95,103,173.0,CPCB_DEL_RK_Puram,21.339
PROP-7ABD81EE685E,276,151,248,276,173.7,CPCB_DEL_Anand_Vihar,12.984
PROP-5601E116DBD2,232,126,206,232,143.0,CPCB_DEL_RK_Puram,6.791
PROP-DBE598F3206D,290,153,250,290,175.7,CPCB_DEL_Anand_Vihar,19.705
PROP-BFF2A6B98742,311,165,271,311,182.7,CPCB_DEL_Anand_Vihar,19.705
PROP-101CE30C996C,182,105,171,182,201.7,CPCB_DEL_RK_Puram,21.339
PROP-2CCA33A58C7F,98,56,91,98,166.0,CPCB_DEL_RK_Puram,9.025
PROP-74CBCD6EAC82,202,108,178,202,209.0,CPCB_DEL_RK_Puram,21.339
PROP-5CC094684A5D,117,64,106,117,193.0,CPCB_DEL_Anand_Vihar,19.705
PROP-450D76B79792,190,99,162,190,203.0,CPCB_DEL_RK_Puram,26.804
PROP-E07C28872715,103,58,95,103,173.0,CPCB_DEL_RK_Puram,14.777
PROP-4C1BCAD817DB,202,108,178,202,209.0,CPCB_DEL_RK_Puram,14.777
PROP-5070F2632016,311,165,271,311,182.7,CPCB_DEL_Anand_Vihar,19.705
PROP-21F8813F33C9,247,139,228,247,147.7,CPCB_DEL_RK_Puram,11.097
PROP-985EC3C35604,218,119,196,218,139.0,CPCB_DEL_RK_Puram,13.292
PROP-107E367F7D54,129,72,118,129,215.0,CPCB_DEL_Anand_Vihar,15.214
PROP-DEE2C3329428,103,58,95,103,173.0,CPCB_DEL_RK_Puram,26.776
PROP-278907261831,414,225,368,414,389.7,CPCB_DEL_RK_Puram,13.292
PROP-F1C12B8B2CF5,311,165,271,311,182.7,CPCB_DEL_Anand_Vihar,19.705
PROP-91117A4B25DB,419,237,388,419,443.3,CPCB_DEL_Anand_Vihar,19.685
PROP-DF15B66EDC2E,220,122,199,220,227.7,CPCB_DEL_RK_Puram,7.238
PROP-F3F1E211012F,184,106,173,184,205.7,CPCB_DEL_RK_Puram,39.486
PROP-C8E8EC644737,117,64,106,117,193.0,CPCB_DEL_Anand_Vihar,28.548
PROP-BF7542ECB9A8,376,213,348,376,374.7,CPCB_DEL_RK_Puram,38.65
PROP-5DD0259F63AA,288,166,272,288,181.7,CPCB_DEL_Anand_Vihar,19.705
PROP-31F0500C626F,288,166,272,288,181.7,CPCB_DEL_Anand_Vihar,35.058
PROP-6D5972D6F99E,433,233,381,433,445.0,CPCB_DEL_Anand_Vihar,28.979
PROP-4290185D5158,202,108,178,202,209.0,CPCB_DEL_RK_Puram,9.025
PROP-572FF7D91B44,202,108,178,202,209.0,CPCB_DEL_RK_Puram,43.505
PROP-0FAB90A61B36,288,166,272,288,181.7,CPCB_DEL_Anand_Vihar,28.979
PROP-0CD0BFA9798D,218,117,192,218,256.0,CPCB_DEL_Anand_Vihar,28.979
PROP-B9781698BE6B,424,221,362,424,434.3,CPCB_DEL_Anand_Vihar,21.524
PROP-F69F1C43F889,218,117,192,218,256.0,CPCB_DEL_Anand_Vihar,6.365
PROP-3C483C7F5E0D,276,151,248,276,173.7,CPCB_DEL_Anand_Vihar,6.365
PROP-490720C49B4A,247,139,228,247,147.7,CPCB_DEL_RK_Puram,21.339
PROP-6E732D01E8F2,225,123,202,225,146.3,CPCB_DEL_RK_Puram,21.339
PROP-A3E68BE43A4F,202,108,178,202,209.0,CPCB_DEL_RK_Puram,40.63
PROP-2E110D2F92DC,218,117,192,218,256.0,CPCB_DEL_Anand_Vihar,19.705
PROP-8BC24A7BA42F,308,174,285,308,179.0,CPCB_DEL_Anand_Vihar,31.658
PROP-6C7CF61A6ADE,110,58,95,110,183.3,CPCB_DEL_Anand_Vihar,23.259
PROP-A31B02AEA6DD,372,198,324,372,385.7,CPCB_DEL_RK_Puram,27.724
PROP-D5C44AF9B556,117,64,106,117,193.0,CPCB_DEL_Anand_Vihar,8.022
PROP-3621E705ACB1,218,117,192,218,256.0,CPCB_DEL_Anand_Vihar,26.123
PROP-1BF300FCF57B,391,219,358,391,377.0,CPCB_DEL_RK_Puram,21.339
PROP-2AEA9790CCFD,190,99,162,190,203.0,CPCB_DEL_RK_Puram,27.073
PROP-1263EACFBBB4,190,99,162,190,203.0,CPCB_DEL_RK_Puram,32.685
PROP-40C869CB34EB,376,213,348,376,374.7,CPCB_DEL_RK_Puram,31.797
PROP-A849C48D7E5A,218,117,192,218,256.0,CPCB_DEL_Anand_Vihar,6.365
PROP-A4953794C080,190,99,162,190,203.0,CPCB_DEL_RK_Puram,31.797
PROP-B50FA0834DE1,311,165,271,311,182.7,CPCB_DEL_Anand_Vihar,21.524
PROP-9C827417E3C3,232,126,206,232,143.0,CPCB_DEL_RK_Puram,11.097
PROP-A3B2D37160CF,220,122,199,220,227.7,CPCB_DEL_RK_Puram,14.777
PROP-A72222C2D20A,107,61,101,107,172.3,CPCB_DEL_RK_Puram,28.113
PROP-7EC31A018F29,202,108,178,202,209.0,CPCB_DEL_RK_Puram,13.292
PROP-4F0BEC9DA444,182,105,171,182,201.7,CPCB_DEL_RK_Puram,26.329
PROP-31793EEA82B9,372,198,324,372,385.7,CPCB_DEL_RK_Puram,33.866
PROP-E51C52BFAEFE,225,123,202,225,146.3,CPCB_DEL_RK_Puram,35.76
PROP-02BF59BCA951,414,225,368,414,389.7,CPCB_DEL_RK_Puram,45.325
PROP-3173D5A3E0EE,428,228,373,428,449.7,CPCB_DEL_Anand_Vihar,33.155
PROP-54B3CBDD5D24,428,228,373,428,449.7,CPCB_DEL_Anand_Vihar,35.058
PROP-237816B20E85,247,139,228,247,147.7,CPCB_DEL_RK_Puram,9.025
PROP-240B89CA1B07,372,198,324,372,385.7,CPCB_DEL_RK_Puram,33.866
PROP-F872C60A1136,288,166,272,288,181.7,CPCB_DEL_Anand_Vihar,15.057
PROP-13599D639320,276,151,248,276,173.7,CPCB_DEL_Anand_Vihar,26.123
PROP-6862CB4AAFCB,254,132,217,254,260.0,CPCB_DEL_Anand_Vihar,26.717
PROP-0355CEC668C1,414,225,368,414,389.7,CPCB_DEL_RK_Puram,35.76
PROP-B7AE263F923D,376,213,348,376,374.7,CPCB_DEL_RK_Puram,32.317
PROP-B96700D95328,110,59,97,110,198.7,CPCB_DEL_Anand_Vihar,47.899
PROP-8AE55DE0D0F6,190,99,162,190,203.0,CPCB_DEL_RK_Puram,5.107
PROP-C0C64C7DF852,121,64,105,121,187.3,CPCB_DEL_Anand_Vihar,26.123
PROP-6F36685F8CCB,220,122,199,220,227.7,CPCB_DEL_RK_Puram,35.55
PROP-039A8B25F4EA,228,126,207,228,239.7,CPCB_DEL_Anand_Vihar,12.984
PROP-A2769CBFEFBC,254,132,217,254,260.0,CPCB_DEL_Anand_Vihar,23.536
PROP-1A4CDD2DDB50,256,137,225,256,252.3,CPCB_DEL_Anand_Vihar,19.685
PROP-9B9083DB7CBF,252,137,224,252,148.3,CPCB_DEL_RK_Puram,19.282
PROP-5A44F7E5462D,308,174,285,308,179.0,CPCB_DEL_Anand_Vihar,6.365
PROP-7E0764BCF2E9,98,56,91,98,166.0,CPCB_DEL_RK_Puram,27.231
PROP-E431893D0ABC,98,56,91,98,166.0,CPCB_DEL_RK_Puram,24.523
PROP-A7AAC2C15413,121,64,105,121,187.3,CPCB_DEL_Anand_Vihar,19.776
PROP-ECC8BBDE1589,232,126,206,232,143.0,CPCB_DEL_RK_Puram,10.447
PROP-367B51021F39,110,59,97,110,198.7,CPCB_DEL_Anand_Vihar,19.776
PROP-266CDD65CB86,110,58,95,110,183.3,CPCB_DEL_Anand_Vihar,19.776
PROP-E81AF0605341,428,228,373,428,449.7,CPCB_DEL_Anand_Vihar,12.984
PROP-34ECF0DEED8B,225,126,206,225,259.0,CPCB_DEL_Anand_Vihar,35.058
PROP-D080D8FA1858,110,58,95,110,183.3,CPCB_DEL_Anand_Vihar,19.705
PROP-7BD3165EF0DB,419,237,388,419,443.3,CPCB_DEL_Anand_Vihar,11.967
PROP-B0FE72A9797D,129,72,118,129,215.0,CPCB_DEL_Anand_Vihar,11.967
PROP-515005E56999,288,166,272,288,181.7,CPCB_DEL_Anand_Vihar,28.979
PROP-CA1E3B26429C,254,132,217,254,260.0,CPCB_DEL_Anand_Vihar,19.776
PROP-A589C49535AF,182,105,171,182,201.7,CPCB_DEL_RK_Puram,35.321
PROP-1CB6B1085252,372,198,324,372,385.7,CPCB_DEL_RK_Puram,25.993
PROP-BFEFB88D9CA7,290,153,250,290,175.7,CPCB_DEL_Anand_Vihar,24.97
PROP-DFAA29CA30E2,428,228,373,428,449.7,CPCB_DEL_Anand_Vihar,21.611
PROP-29550F67D764,247,139,228,247,147.7,CPCB_DEL_RK_Puram,33.866
PROP-BA524F8E263B,276,151,248,276,173.7,CPCB_DEL_Anand_Vihar,34.155
PROP-479BA7B2DF44,391,219,358,391,377.0,CPCB_DEL_RK_Puram,3.085
PROP-105504683235,121,64,105,121,187.3,CPCB_DEL_Anand_Vihar,6.365
PROP-1140570945C8,98,56,91,98,166.0,CPCB_DEL_RK_Puram,11.097
PROP-994EAC3D4F0F,290,153,250,290,175.7,CPCB_DEL_Anand_Vihar,4.375
PROP-AA9BD4BF552D,202,108,178,202,209.0,CPCB_DEL_RK_Puram,7.238
PROP-A41A09764492,99,56,92,99,169.0,CPCB_DEL_RK_Puram,21.339
PROP-FA6E9EAD5B2F,108,59,97,108,168.0,CPCB_DEL_RK_Puram,28.113
PROP-7DD04A3B7F42,99,56,92,99,169.0,CPCB_DEL_RK_Puram,36.811
PROP-44D826A43921,218,117,192,218,256.0,CPCB_DEL_Anand_Vihar,11.967
PROP-0B44127B64F5,218,119,196,218,139.0,CPCB_DEL_RK_Puram,21.188
PROP-ECE19441DA46,107,61,101,107,172.3,CPCB_DEL_RK_Puram,37.711
PROP-1AC77F7B40C2,276,151,248,276,173.7,CPCB_DEL_Anand_Vihar,26.123
PROP-06EA2CE80834,117,64,106,117,193.0,CPCB_DEL_Anand_Vihar,26.178
PROP-CE017AAD7CE4,218,117,192,218,256.0,CPCB_DEL_Anand_Vihar,6.365
PROP-1A24C0E5CB68,256,137,225,256,252.3,CPCB_DEL_Anand_Vihar,19.705
PROP-9B96417993B0,391,219,358,391,377.0,CPCB_DEL_RK_Puram,39.486
PROP-3B582245C17A,202,108,178,202,209.0,CPCB_DEL_RK_Puram,27.603
PROP-B698E95424D6,414,225,368,414,389.7,CPCB_DEL_RK_Puram,35.321
PROP-3F60AE666BFD,220,122,199,220,227.7,CPCB_DEL_RK_Puram,28.113
PROP-23A9AD464CE9,98,56,91,98,166.0,CPCB_DEL_RK_Puram,26.776
PROP-877166A82F6D,419,237,388,419,443.3,CPCB_DEL_Anand_Vihar,29.377
PROP-A8DCEE5F2118,308,174,285,308,179.0,CPCB_DEL_Anand_Vihar,29.529
PROP-5AC58C83FC11,110,59,97,110,198.7,CPCB_DEL_Anand_Vihar,29.377
PROP-37A8B164D4E2,117,64,106,117,193.0,CPCB_DEL_Anand_Vihar,6.831
PROP-5AEAD86D50F0,121,64,105,121,187.3,CPCB_DEL_Anand_Vihar,12.984
PROP-64F31904D823,220,122,199,220,227.7,CPCB_DEL_RK_Puram,11.33
PROP-5C04ACCE8106,414,225,368,414,389.7,CPCB_DEL_RK_Puram,23.651
PROP-E92E0DE2BDCA,290,153,250,290,175.7,CPCB_DEL_Anand_Vihar,21.189
PROP-3DDDE73F3508,252,137,224,252,148.3,CPCB_DEL_RK_Puram,14.777
PROP-F444C790B2ED,110,59,97,110,198.7,CPCB_DEL_Anand_Vihar,10.047
PROP-C9D20255B3E4,288,166,272,288,181.7,CPCB_DEL_Anand_Vihar,6.051
PROP-057C53E12530,220,122,199,220,227.7,CPCB_DEL_RK_Puram,21.339
PROP-FFC247458F23,290,153,250,290,175.7,CPCB_DEL_Anand_Vihar,29.529
PROP-2990654B01A6,247,139,228,247,147.7,CPCB_DEL_RK_Puram,13.292
PROP-EC834C2CEBD3,117,64,106,117,193.0,CPCB_DEL_Anand_Vihar,11.739
PROP-0322C225B890,190,99,162,190,203.0,CPCB_DEL_RK_Puram,2.267
PROP-91343BFBC7A1,372,198,324,372,385.7,CPCB_DEL_RK_Puram,21.339
PROP-65CAA75ED580,220,122,199,220,227.7,CPCB_DEL_RK_Puram,41.315
PROP-F7BD20B9E94B,428,228,373,428,449.7,CPCB_DEL_Anand_Vihar,21.923
PROP-CC0910D5F944,252,137,224,252,148.3,CPCB_DEL_RK_Puram,35.55
PROP-5FEA26E1F8E7,228,126,207,228,239.7,CPCB_DEL_Anand_Vihar,29.22
PROP-E3192A20A0F8,190,99,162,190,203.0,CPCB_DEL_RK_Puram,7.238
PROP-99D79ED4424B,254,132,217,254,260.0,CPCB_DEL_Anand_Vihar,24.97
PROP-710A96DF2414,110,59,97,110,198.7,CPCB_DEL_Anand_Vihar,37.69
PROP-5FA7BF953DE2,121,64,105,121,187.3,CPCB_DEL_Anand_Vihar,21.524
PROP-D17E1E36DF80,311,165,271,311,182.7,CPCB_DEL_Anand_Vihar,29.22
PROP-1AB189587AE8,290,153,250,290,175.7,CPCB_DEL_Anand_Vihar,47.899
PROP-1445B1510222,202,108,178,202,209.0,CPCB_DEL_RK_Puram,20.274
PROP-DF3F4ABCA0F7,414,225,368,414,389.7,CPCB_DEL_RK_Puram,20.274
PROP-305DE33C611B,202,108,178,202,209.0,CPCB_DEL_RK_Puram,35.321
PROP-5523F082ACE1,99,56,92,99,169.0,CPCB_DEL_RK_Puram,31.72
PROP-2599E11222D9,288,166,272,288,181.7,CPCB_DEL_Anand_Vihar,12.984
PROP-6BC609E7170F,220,122,199,220,227.7,CPCB_DEL_RK_Puram,27.231
PROP-0878E585B1A9,252,137,224,252,148.3,CPCB_DEL_RK_Puram,29.235
PROP-EE21C4D1D494,182,105,171,182,201.7,CPCB_DEL_RK_Puram,32.603
PROP-B1E41F40EB7A,225,126,206,225,259.0,CPCB_DEL_Anand_Vihar,21.524
PROP-A0A73146BC83,218,119,196,218,139.0,CPCB_DEL_RK_Puram,3.985
PROP-DCF882B9B9C6,276,151,248,276,173.7,CPCB_DEL_Anand_Vihar,26.178
PROP-7ED359D21A31,202,108,178,202,209.0,CPCB_DEL_RK_Puram,19.872
PROP-268DE93A4E32,419,237,388,419,443.3,CPCB_DEL_Anand_Vihar,12.984
PROP-9DC539863D5D,218,117,192,218,256.0,CPCB_DEL_Anand_Vihar,37.69
PROP-00B4DB525446,218,117,192,218,256.0,CPCB_DEL_Anand_Vihar,18.617
PROP-301379DDF0B9,182,105,171,182,201.7,CPCB_DEL_RK_Puram,10.447
PROP-A4B044ED7892,247,139,228,247,147.7,CPCB_DEL_RK_Puram,21.698
PROP-A22A9677D709,108,59,97,108,168.0,CPCB_DEL_RK_Puram,32.603
PROP-960EBEA13796,419,237,388,419,443.3,CPCB_DEL_Anand_Vihar,29.22
PROP-19F2497D85FC,311,165,271,311,182.7,CPCB_DEL_Anand_Vihar,26.717
PROP-19333CF21BC5,117,64,106,117,193.0,CPCB_DEL_Anand_Vihar,19.705
PROP-604CF2B37A28,247,139,228,247,147.7,CPCB_DEL_RK_Puram,41.209
PROP-2FBE82968F33,254,132,217,254,260.0,CPCB_DEL_Anand_Vihar,22.902
PROP-FD23D29A1312,184,106,173,184,205.7,CPCB_DEL_RK_Puram,10.447
PROP-5FC940C35230,232,126,206,232,143.0,CPCB_DEL_RK_Puram,22.465
PROP-045AC2D368C2,254,132,217,254,260.0,CPCB_DEL_Anand_Vihar,18.651
PROP-7D726F5C01D0,433,233,381,433,445.0,CPCB_DEL_Anand_Vihar,26.178
PROP-1DD629345153,391,219,358,391,377.0,CPCB_DEL_RK_Puram,19.158
PROP-9C5D0CF6F00F,288,166,272,288,181.7,CPCB_DEL_Anand_Vihar,16.344
PROP-ACA59E57A790,419,237,388,419,443.3,CPCB_DEL_Anand_Vihar,21.693
PROP-A3FE6F3CE89B,103,58,95,103,173.0,CPCB_DEL_RK_Puram,5.107
PROP-C0E79EC724C0,107,61,101,107,172.3,CPCB_DEL_RK_Puram,8.551
PROP-E9AAC78AC6E1,256,137,225,256,252.3,CPCB_DEL_Anand_Vihar,12.984
PROP-4EEAF2CC05EA,391,219,358,391,377.0,CPCB_DEL_RK_Puram,27.989
PROP-443CD5B243F3,311,165,271,311,182.7,CPCB_DEL_Anand_Vihar,19.685
PROP-B17F65AB5206,376,213,348,376,374.7,CPCB_DEL_RK_Puram,31.671
PROP-CDECEAB30043,288,166,272,288,181.7,CPCB_DEL_Anand_Vihar,26.294
PROP-2A15AD4E1B8A,99,56,92,99,169.0,CPCB_DEL_RK_Puram,20.233
PROP-EB957F6A6F4B,220,122,199,220,227.7,CPCB_DEL_RK_Puram,14.777
PROP-4D0BD012832F,232,126,206,232,143.0,CPCB_DEL_RK_Puram,38.65
PROP-067A30B5AEB4,107,61,101,107,172.3,CPCB_DEL_RK_Puram,31.939
PROP-AB8077BA565F,428,228,373,428,449.7,CPCB_DEL_Anand_Vihar,7.212
PROP-C2722A1C7AD6,254,132,217,254,260.0,CPCB_DEL_Anand_Vihar,31.658
PROP-5146F09E9289,308,174,285,308,179.0,CPCB_DEL_Anand_Vihar,12.552
PROP-85239FFFB8FB,190,99,162,190,203.0,CPCB_DEL_RK_Puram,37.56
PROP-69C631F7658B,110,59,97,110,198.7,CPCB_DEL_Anand_Vihar,24.615
PROP-5EF4F369C56C,121,64,105,121,187.3,CPCB_DEL_Anand_Vihar,23.536
PROP-3599A478476B,419,237,388,419,443.3,CPCB_DEL_Anand_Vihar,34.973
PROP-172D759DFDFC,247,139,228,247,147.7,CPCB_DEL_RK_Puram,35.321
PROP-9DE292DE328B,225,123,202,225,146.3,CPCB_DEL_RK_Puram,29.235
PROP-F3FAA251AFC1,254,132,217,254,260.0,CPCB_DEL_Anand_Vihar,6.831
PROP-C73C496C9096,232,126,206,232,143.0,CPCB_DEL_RK_Puram,31.939
PROP-1740362CB327,182,105,171,182,201.7,CPCB_DEL_RK_Puram,13.411
PROP-792638196EB0,218,117,192,218,256.0,CPCB_DEL_Anand_Vihar,34.973
PROP-7E6F0A521874,433,233,381,433,445.0,CPCB_DEL_Anand_Vihar,21.923
PROP-8D31F2C1C163,202,108,178,202,209.0,CPCB_DEL_RK_Puram,19.158
PROP-6C5123387DF2,256,137,225,256,252.3,CPCB_DEL_Anand_Vihar,1.697
PROP-55A75DBFA6E0,254,132,217,254,260.0,CPCB_DEL_Anand_Vihar,18.149
PROP-03E134651F84,98,56,91,98,166.0,CPCB_DEL_RK_Puram,21.193
PROP-460BD2EF6CE7,228,126,207,228,239.7,CPCB_DEL_Anand_Vihar,19.685
PROP-2B38961974B3,117,64,106,117,193.0,CPCB_DEL_Anand_Vihar,19.685
PROP-981F49F10623,372,198,324,372,385.7,CPCB_DEL_RK_Puram,27.231
PROP-6A4739EA54F0,190,99,162,190,203.0,CPCB_DEL_RK_Puram,29.235
PROP-C87384CAF7AE,107,61,101,107,172.3,CPCB_DEL_RK_Puram,26.931
PROP-7229DED203AA,220,122,199,220,227.7,CPCB_DEL_RK_Puram,37.711
PROP-EDCF31724A30,372,198,324,372,385.7,CPCB_DEL_RK_Puram,35.321
PROP-8BA0D544D49D,376,213,348,376,374.7,CPCB_DEL_RK_Puram,38.65
PROP-EB70ADED95C3,254,132,217,254,260.0,CPCB_DEL_Anand_Vihar,7.053
PROP-68DC1E0D614A,182,105,171,182,201.7,CPCB_DEL_RK_Puram,38.004
PROP-24202C129204,308,174,285,308,179.0,CPCB_DEL_Anand_Vihar,8.022
PROP-3BCBCA8109BD,225,123,202,225,146.3,CPCB_DEL_RK_Puram,21.339
PROP-4CD39F7589D6,121,64,105,121,187.3,CPCB_DEL_Anand_Vihar,29.796
PROP-5B02BAD0FBAB,225,126,206,225,259.0,CPCB_DEL_Anand_Vihar,21.524
PROP-97A540820529,228,126,207,228,239.7,CPCB_DEL_Anand_Vihar,18.617
PROP-6998C3C1CE18,252,137,224,252,148.3,CPCB_DEL_RK_Puram,25.993
PROP-117CBD2A0D7A,129,72,118,129,215.0,CPCB_DEL_Anand_Vihar,19.685
PROP-960842B906B3,419,237,388,419,443.3,CPCB_DEL_Anand_Vihar,21.923
PROP-799B06DB5A35,391,219,358,391,377.0,CPCB_DEL_RK_Puram,11.33
PROP-B6B3F36ED978,108,59,97,108,168.0,CPCB_DEL_RK_Puram,13.292
PROP-D8253EB4AC8F,184,106,173,184,205.7,CPCB_DEL_RK_Puram,2.784
PROP-3FA2B8C7F0E7,424,221,362,424,434.3,CPCB_DEL_Anand_Vihar,26.178
PROP-DC53B5E472A1,225,126,206,225,259.0,CPCB_DEL_Anand_Vihar,10.582
PROP-B7C9C7CC3779,202,108,178,202,209.0,CPCB_DEL_RK_Puram,15.892
PROP-250622635EFD,110,59,97,110,198.7,CPCB_DEL_Anand_Vihar,35.058
PROP-0250141F812D,103,58,95,103,173.0,CPCB_DEL_RK_Puram,21.188
PROP-FBE3EEC98283,225,123,202,225,146.3,CPCB_DEL_RK_Puram,26.776
PROP-54F192FF7605,311,165,271,311,182.7,CPCB_DEL_Anand_Vihar,28.759
PROP-F2DC6DA78555,228,126,207,228,239.7,CPCB_DEL_Anand_Vihar,10.047
PROP-9B2DA08A0EF3,98,56,91,98,166.0,CPCB_DEL_RK_Puram,14.406
PROP-5DA096198089,184,106,173,184,205.7,CPCB_DEL_RK_Puram,34.511
PROP-971F60B3B92C,202,108,178,202,209.0,CPCB_DEL_RK_Puram,9.025
PROP-38DCE0D49D38,218,119,196,218,139.0,CPCB_DEL_RK_Puram,21.698
PROP-580709C8DBB3,428,228,373,428,449.7,CPCB_DEL_Anand_Vihar,23.259
PROP-451F92303EEA,110,58,95,110,183.3,CPCB_DEL_Anand_Vihar,41.199
PROP-C1FEF6C68486,218,119,196,218,139.0,CPCB_DEL_RK_Puram,19.158
PROP-4777FDD87DFE,202,108,178,202,209.0,CPCB_DEL_RK_Puram,41.857
PROP-F1256A31867E,202,108,178,202,209.0,CPCB_DEL_RK_Puram,41.209
PROP-3DE6C26A0B5F,121,64,105,121,187.3,CPCB_DEL_Anand_Vihar,26.178
PROP-D4348BD02041,107,61,101,107,172.3,CPCB_DEL_RK_Puram,32.685
PROP-0BDB5BB61A8A,218,119,196,218,139.0,CPCB_DEL_RK_Puram,25.993
PROP-2925CED35DF3,428,228,373,428,449.7,CPCB_DEL_Anand_Vihar,10.047
PROP-1BA1C801EAF5,99,56,92,99,169.0,CPCB_DEL_RK_Puram,18.337
PROP-82D4CDFBE7BE,276,151,248,276,173.7,CPCB_DEL_Anand_Vihar,24.97
PROP-0D0F7181809D,256,137,225,256,252.3,CPCB_DEL_Anand_Vihar,26.294
PROP-C064403DEDD7,225,126,206,225,259.0,CPCB_DEL_Anand_Vihar,7.087
PROP-DCD2CFFABB73,276,151,248,276,173.7,CPCB_DEL_Anand_Vihar,21.524
PROP-A9BCCF053E17,252,137,224,252,148.3,CPCB_DEL_RK_Puram,15.018
PROP-3742950FC789,252,137,224,252,148.3,CPCB_DEL_RK_Puram,33.826
PROP-6C61F5B2E4F4,276,151,248,276,173.7,CPCB_DEL_Anand_Vihar,28.979
PROP-C57941DE3209,232,126,206,232,143.0,CPCB_DEL_RK_Puram,35.321
PROP-6F5DBF45CEF7,117,64,106,117,193.0,CPCB_DEL_Anand_Vihar,30.806
PROP-AE86F7CAE2D9,225,126,206,225,259.0,CPCB_DEL_Anand_Vihar,28.979
PROP-C522714F875C,107,61,101,107,172.3,CPCB_DEL_RK_Puram,12.678
PROP-B0F598494545,202,108,178,202,209.0,CPCB_DEL_RK_Puram,35.69
PROP-9369EB4D93C6,121,64,105,121,187.3,CPCB_DEL_Anand_Vihar,25.507
PROP-7664C34E3368,372,198,324,372,385.7,CPCB_DEL_RK_Puram,9.025
PROP-B2EB2B562CC7,108,59,97,108,168.0,CPCB_DEL_RK_Puram,22.921
PROP-C85DBD65B403,225,123,202,225,146.3,CPCB_DEL_RK_Puram,35.321
PROP-5F67C1118161,424,221,362,424,434.3,CPCB_DEL_Anand_Vihar,28.759
PROP-BCBA2FCF0CCD,225,126,206,225,259.0,CPCB_DEL_Anand_Vihar,35.058
PROP-045838DEA504,252,137,224,252,148.3,CPCB_DEL_RK_Puram,33.826
PROP-C59287905A57,252,137,224,252,148.3,CPCB_DEL_RK_Puram,21.698
PROP-187473C41319,108,59,97,108,168.0,CPCB_DEL_RK_Puram,39.758
PROP-55D9EA4F4B3A,107,61,101,107,172.3,CPCB_DEL_RK_Puram,36.811
PROP-878900334E84,433,233,381,433,445.0,CPCB_DEL_Anand_Vihar,4.375
PROP-A36EDB5CAB7D,428,228,373,428,449.7,CPCB_DEL_Anand_Vihar,3.049
PROP-A2BE012E8515,311,165,271,311,182.7,CPCB_DEL_Anand_Vihar,29.988
PROP-DF3DEFE6ED01,218,117,192,218,256.0,CPCB_DEL_Anand_Vihar,21.923
PROP-208A11B73E61,202,108,178,202,209.0,CPCB_DEL_RK_Puram,2.784
PROP-3A3B9B5F681D,276,151,248,276,173.7,CPCB_DEL_Anand_Vihar,31.522
PROP-05D62C0BABC5,129,72,118,129,215.0,CPCB_DEL_Anand_Vihar,28.759
PROP-B3CC69C6B7DF,107,61,101,107,172.3,CPCB_DEL_RK_Puram,26.931
PROP-80F20CEDBC6E,117,64,106,117,193.0,CPCB_DEL_Anand_Vihar,28.979
PROP-CA45D6B14F7E,103,58,95,103,173.0,CPCB_DEL_RK_Puram,36.811
PROP-4E343946F0F4,184,106,173,184,205.7,CPCB_DEL_RK_Puram,28.258
PROP-79EC22542F09,428,228,373,428,449.7,CPCB_DEL_Anand_Vihar,27.332
PROP-AB4C8C0F636D,225,123,202,225,146.3,CPCB_DEL_RK_Puram,9.025
PROP-74DD9DE240CD,232,126,206,232,143.0,CPCB_DEL_RK_Puram,33.866
PROP-395E2BF0974B,414,225,368,414,389.7,CPCB_DEL_RK_Puram,11.639
PROP-DE360E7517B9,228,126,207,228,239.7,CPCB_DEL_Anand_Vihar,11.578
PROP-CDCCB58799C0,256,137,225,256,252.3,CPCB_DEL_Anand_Vihar,16.194
PROP-15D696CFB222,103,58,95,103,173.0,CPCB_DEL_RK_Puram,11.639
PROP-CD1612C7C32D,228,126,207,228,239.7,CPCB_DEL_Anand_Vihar,10.047
PROP-CB5B3DED5327,433,233,381,433,445.0,CPCB_DEL_Anand_Vihar,10.047
PROP-A56978A38B8B,218,119,196,218,139.0,CPCB_DEL_RK_Puram,3.085
PROP-8313F057A6AB,428,228,373,428,449.7,CPCB_DEL_Anand_Vihar,23.845
PROP-CDACA3396B93,433,233,381,433,445.0,CPCB_DEL_Anand_Vihar,26.294
PROP-FDE673A1C901,391,219,358,391,377.0,CPCB_DEL_RK_Puram,25.993
PROP-E339553485E1,391,219,358,391,377.0,CPCB_DEL_RK_Puram,25.993
PROP-FADF7788D583,254,132,217,254,260.0,CPCB_DEL_Anand_Vihar,10.051
PROP-671E61ECCDDC,108,59,97,108,168.0,CPCB_DEL_RK_Puram,15.018
PROP-00EE4AED2070,372,198,324,372,385.7,CPCB_DEL_RK_Puram,15.018
PROP-5ACC5E984C55,110,58,95,110,183.3,CPCB_DEL_Anand_Vihar,32.765
PROP-63B7C3FD0FDD,252,137,224,252,148.3,CPCB_DEL_RK_Puram,9.538
PROP-C07D4FB024D2,376,213,348,376,374.7,CPCB_DEL_RK_Puram,36.811
PROP-C0B3F4FACB13,308,174,285,308,179.0,CPCB_DEL_Anand_Vihar,30.806
PROP-656A522EE0E7,414,225,368,414,389.7,CPCB_DEL_RK_Puram,9.025
PROP-621337FF97D1,108,59,97,108,168.0,CPCB_DEL_RK_Puram,10.488
PROP-D5A48BDFBAFF,414,225,368,414,389.7,CPCB_DEL_RK_Puram,33.723
PROP-492B0398D20E,254,132,217,254,260.0,CPCB_DEL_Anand_Vihar,9.36
PROP-3273328F228B,103,58,95,103,173.0,CPCB_DEL_RK_Puram,16.377
PROP-EFB8AAC9C52A,311,165,271,311,182.7,CPCB_DEL_Anand_Vihar,18.617
PROP-BDCECBD47489,110,58,95,110,183.3,CPCB_DEL_Anand_Vihar,30.806
PROP-781F513F407E,391,219,358,391,377.0,CPCB_DEL_RK_Puram,37.711
PROP-4E911D7BD8D4,99,56,92,99,169.0,CPCB_DEL_RK_Puram,27.989
PROP-F7B01061AB69,225,126,206,225,259.0,CPCB_DEL_Anand_Vihar,32.485
PROP-264C802A4643,121,64,105,121,187.3,CPCB_DEL_Anand_Vihar,8.022
PROP-DD7269A00BD4,225,123,202,225,146.3,CPCB_DEL_RK_Puram,2.267
PROP-1DBF98998BFE,433,233,381,433,445.0,CPCB_DEL_Anand_Vihar,24.97
PROP-F5A2AFD192F9,424,221,362,424,434.3,CPCB_DEL_Anand_Vihar,30.806
PROP-76EA36312D03,184,106,173,184,205.7,CPCB_DEL_RK_Puram,36.862
PROP-C48EC02BFFE4,433,233,381,433,445.0,CPCB_DEL_Anand_Vihar,16.344
PROP-7B10A4934193,308,174,285,308,179.0,CPCB_DEL_Anand_Vihar,26.123
PROP-ED282A90561A,190,99,162,190,203.0,CPCB_DEL_RK_Puram,34.511
PROP-BB32C938B362,218,117,192,218,256.0,CPCB_DEL_Anand_Vihar,4.328
PROP-A4A41593AD47,225,126,206,225,259.0,CPCB_DEL_Anand_Vihar,30.631
PROP-5FD79ABED8E1,99,56,92,99,169.0,CPCB_DEL_RK_Puram,35.321
PROP-818155CA8D80,391,219,358,391,377.0,CPCB_DEL_RK_Puram,21.124
PROP-0FDA2C554D42,256,137,225,256,252.3,CPCB_DEL_Anand_Vihar,15.214
PROP-4C290BE30EDE,98,56,91,98,166.0,CPCB_DEL_RK_Puram,5.107
PROP-F01BE4219C93,376,213,348,376,374.7,CPCB_DEL_RK_Puram,5.107
PROP-28B48F87AB5A,110,59,97,110,198.7,CPCB_DEL_Anand_Vihar,31.199
PROP-378FE9943E3B,218,119,196,218,139.0,CPCB_DEL_RK_Puram,26.776
PROP-6FA82AA99343,414,225,368,414,389.7,CPCB_DEL_RK_Puram,37.711
PROP-076E708EFCE7,103,58,95,103,173.0,CPCB_DEL_RK_Puram,26.078
PROP-508119321EE8,182,105,171,182,201.7,CPCB_DEL_RK_Puram,16.377
PROP-A6DB399ACA17,103,58,95,103,173.0,CPCB_DEL_RK_Puram,37.711
PROP-C96D058A7B02,252,137,224,252,148.3,CPCB_DEL_RK_Puram,21.124
PROP-DA3E9F3AF91B,311,165,271,311,182.7,CPCB_DEL_Anand_Vihar,29.22
PROP-7049AAB10299,107,61,101,107,172.3,CPCB_DEL_RK_Puram,35.55
PROP-D49B057A6B3B,419,237,388,419,443.3,CPCB_DEL_Anand_Vihar,28.979
PROP-BA59AACC42A0,218,119,196,218,139.0,CPCB_DEL_RK_Puram,7.135
PROP-50799A4A6C5E,107,61,101,107,172.3,CPCB_DEL_RK_Puram,21.698
PROP-55AF3B254E3C,376,213,348,376,374.7,CPCB_DEL_RK_Puram,28.861
PROP-C343F246B697,311,165,271,311,182.7,CPCB_DEL_Anand_Vihar,10.047
PROP-1BC46DECDE93,433,233,381,433,445.0,CPCB_DEL_Anand_Vihar,17.803
PROP-253683CEDD18,190,99,162,190,203.0,CPCB_DEL_RK_Puram,25.993
PROP-DC392F35BD24,107,61,101,107,172.3,CPCB_DEL_RK_Puram,35.023
PROP-E10A5446834F,117,64,106,117,193.0,CPCB_DEL_Anand_Vihar,20.381
PROP-BF6F409AEBFA,121,64,105,121,187.3,CPCB_DEL_Anand_Vihar,9.36
PROP-C39554E422B4,232,126,206,232,143.0,CPCB_DEL_RK_Puram,34.644
PROP-42ACF433F33D,98,56,91,98,166.0,CPCB_DEL_RK_Puram,25.993
PROP-A20A42A8625F,424,221,362,424,434.3,CPCB_DEL_Anand_Vihar,29.796
PROP-A1645B8654D0,288,166,272,288,181.7,CPCB_DEL_Anand_Vihar,30.806
PROP-DD8349026BAD,184,106,173,184,205.7,CPCB_DEL_RK_Puram,26.804
PROP-70EB87C3544A,372,198,324,372,385.7,CPCB_DEL_RK_Puram,21.124
PROP-651C190D46FE,103,58,95,103,173.0,CPCB_DEL_RK_Puram,11.097
PROP-49C306D17CF4,98,56,91,98,166.0,CPCB_DEL_RK_Puram,19.282
PROP-FB2CA3DA536F,311,165,271,311,182.7,CPCB_DEL_Anand_Vihar,27.318
PROP-97FBEF2F30C9,311,165,271,311,182.7,CPCB_DEL_Anand_Vihar,23.845
PROP-845A2A7F2486,414,225,368,414,389.7,CPCB_DEL_RK_Puram,21.124
PROP-A595FF517B62,225,123,202,225,146.3,CPCB_DEL_RK_Puram,25.741
PROP-E5565442016D,218,119,196,218,139.0,CPCB_DEL_RK_Puram,2.784
PROP-7515AFE2AD95,107,61,101,107,172.3,CPCB_DEL_RK_Puram,23.39
PROP-2AB9BBCD1BA5,121,64,105,121,187.3,CPCB_DEL_Anand_Vihar,21.524
PROP-4CD3B75EA120,254,132,217,254,260.0,CPCB_DEL_Anand_Vihar,9.36
PROP-E9C129E01479,129,72,118,129,215.0,CPCB_DEL_Anand_Vihar,36.514
PROP-F5875FA71117,424,221,362,424,434.3,CPCB_DEL_Anand_Vihar,7.053
PROP-F77649641B35,182,105,171,182,201.7,CPCB_DEL_RK_Puram,25.993
PROP-5184760301A0,121,64,105,121,187.3,CPCB_DEL_Anand_Vihar,36.08
PROP-CBFF31D0E51A,99,56,92,99,169.0,CPCB_DEL_RK_Puram,26.338
PROP-157DBD0859D8,129,72,118,129,215.0,CPCB_DEL_Anand_Vihar,20.63
PROP-16F919FD0937,225,123,202,225,146.3,CPCB_DEL_RK_Puram,20.395
PROP-B0E9559AB6DB,252,137,224,252,148.3,CPCB_DEL_RK_Puram,21.698
PROP-56B0AE26AFC2,232,126,206,232,143.0,CPCB_DEL_RK_Puram,19.282
PROP-0FCAB3EB039D,290,153,250,290,175.7,CPCB_DEL_Anand_Vihar,24.97
PROP-DF231404F805,228,126,207,228,239.7,CPCB_DEL_Anand_Vihar,9.36
PROP-F6FCBB289559,428,228,373,428,449.7,CPCB_DEL_Anand_Vihar,11.854
PROP-E6FF9E13C5D8,372,198,324,372,385.7,CPCB_DEL_RK_Puram,32.959
PROP-258A497C1F9A,428,228,373,428,449.7,CPCB_DEL_Anand_Vihar,29.988
PROP-CEC5D1DF0021,218,117,192,218,256.0,CPCB_DEL_Anand_Vihar,23.536
PROP-4ECF68C89E49,184,106,173,184,205.7,CPCB_DEL_RK_Puram,33.866
PROP-CD14D54807DB,202,108,178,202,209.0,CPCB_DEL_RK_Puram,46.086
PROP-016FFD1C122B,288,166,272,288,181.7,CPCB_DEL_Anand_Vihar,47.899
PROP-CC410B7E07BD,220,122,199,220,227.7,CPCB_DEL_RK_Puram,19.282
PROP-A69789E00995,190,99,162,190,203.0,CPCB_DEL_RK_Puram,27.989
PROP-D2D36183D9BA,290,153,250,290,175.7,CPCB_DEL_Anand_Vihar,29.796
PROP-2F2084C25F87,182,105,171,182,201.7,CPCB_DEL_RK_Puram,18.456
PROP-63B02E2B6F16,218,119,196,218,139.0,CPCB_DEL_RK_Puram,28.861
PROP-898BF4F04732,225,126,206,225,259.0,CPCB_DEL_Anand_Vihar,22.508
PROP-D41E89B8C0D9,290,153,250,290,175.7,CPCB_DEL_Anand_Vihar,4.328
PROP-B1CE820F8073,424,221,362,424,434.3,CPCB_DEL_Anand_Vihar,35.058
PROP-0E436CC01F75,121,64,105,121,187.3,CPCB_DEL_Anand_Vihar,7.053
PROP-89DB5C955770,99,56,92,99,169.0,CPCB_DEL_RK_Puram,3.085
PROP-CC4A04D94FF0,225,123,202,225,146.3,CPCB_DEL_RK_Puram,25.908
PROP-04FF2270BFF0,220,122,199,220,227.7,CPCB_DEL_RK_Puram,25.993
PROP-4FC936DF52E0,184,106,173,184,205.7,CPCB_DEL_RK_Puram,33.723
PROP-2881C654070A,288,166,272,288,181.7,CPCB_DEL_Anand_Vihar,12.552
PROP-C36AF2A7880F,99,56,92,99,169.0,CPCB_DEL_RK_Puram,33.723
PROP-4BB0E61F5F60,218,119,196,218,139.0,CPCB_DEL_RK_Puram,31.361
PROP-E29D629583AB,232,126,206,232,143.0,CPCB_DEL_RK_Puram,33.723
PROP-A8CED0BBBA64,419,237,388,419,443.3,CPCB_DEL_Anand_Vihar,18.651
PROP-F00AE04E6F23,107,61,101,107,172.3,CPCB_DEL_RK_Puram,24.959
PROP-8ADD8FCC4510,108,59,97,108,168.0,CPCB_DEL_RK_Puram,34.038
PROP-6DF5280D0DDA,428,228,373,428,449.7,CPCB_DEL_Anand_Vihar,22.902
PROP-5C3C3417BFD8,376,213,348,376,374.7,CPCB_DEL_RK_Puram,6.424
PROP-D7BA85E3AF7D,110,58,95,110,183.3,CPCB_DEL_Anand_Vihar,28.979
PROP-85AE75716AFE,433,233,381,433,445.0,CPCB_DEL_Anand_Vihar,27.332
PROP-F5746A1CF282,372,198,324,372,385.7,CPCB_DEL_RK_Puram,16.377
PROP-23EDD4460354,247,139,228,247,147.7,CPCB_DEL_RK_Puram,52.74
PROP-8E2BB7626A55,254,132,217,254,260.0,CPCB_DEL_Anand_Vihar,23.139
PROP-AFB5153F0914,252,137,224,252,148.3,CPCB_DEL_RK_Puram,19.081
PROP-49102F1284E4,108,59,97,108,168.0,CPCB_DEL_RK_Puram,25.993
PROP-4B85EE245DE9,218,117,192,218,256.0,CPCB_DEL_Anand_Vihar,29.796
PROP-140A583DC9E9,372,198,324,372,385.7,CPCB_DEL_RK_Puram,23.39
PROP-72F029F617F1,247,139,228,247,147.7,CPCB_DEL_RK_Puram,36.811
PROP-0A7AA3C4817D,110,59,97,110,198.7,CPCB_DEL_Anand_Vihar,10.222
PROP-01521F78DB4E,311,165,271,311,182.7,CPCB_DEL_Anand_Vihar,22.336
PROP-676C58C2BC0E,99,56,92,99,169.0,CPCB_DEL_RK_Puram,33.723
PROP-B84DB00BA1A2,308,174,285,308,179.0,CPCB_DEL_Anand_Vihar,40.989
PROP-473A6EB7D34C,220,122,199,220,227.7,CPCB_DEL_RK_Puram,21.383
PROP-EC6AD2AC7ED3,311,165,271,311,182.7,CPCB_DEL_Anand_Vihar,7.488
PROP-3B92F6F14B60,428,228,373,428,449.7,CPCB_DEL_Anand_Vihar,16.194
PROP-5D320F7FBB15,98,56,91,98,166.0,CPCB_DEL_RK_Puram,27.231
PROP-48BD97DC15BC,202,108,178,202,209.0,CPCB_DEL_RK_Puram,5.357
PROP-E521E9380B1A,99,56,92,99,169.0,CPCB_DEL_RK_Puram,9.025
PROP-BF3EE91B3685,110,58,95,110,183.3,CPCB_DEL_Anand_Vihar,7.375
PROP-C81C482E8DBA,110,59,97,110,198.7,CPCB_DEL_Anand_Vihar,31.199
PROP-9AFE824D460F,288,166,272,288,181.7,CPCB_DEL_Anand_Vihar,9.36
PROP-DA2CFD19577C,103,58,95,103,173.0,CPCB_DEL_RK_Puram,11.639
PROP-308319A38177,117,64,106,117,193.0,CPCB_DEL_Anand_Vihar,7.488
PROP-7943E12603DE,428,228,373,428,449.7,CPCB_DEL_Anand_Vihar,28.979
PROP-1234DBC5A7DB,414,225,368,414,389.7,CPCB_DEL_RK_Puram,38.004
PROP-C8D4C2511FF7,182,105,171,182,201.7,CPCB_DEL_RK_Puram,14.777
PROP-FAA96398FD90,414,225,368,414,389.7,CPCB_DEL_RK_Puram,14.777
PROP-0F8511993A29,202,108,178,202,209.0,CPCB_DEL_RK_Puram,35.76
PROP-D2AC4DFA1C46,103,58,95,103,173.0,CPCB_DEL_RK_Puram,14.777
PROP-85525BF30BC5,108,59,97,108,168.0,CPCB_DEL_RK_Puram,32.959
PROP-E7AFCFFFF12C,372,198,324,372,385.7,CPCB_DEL_RK_Puram,34.511
PROP-BCCB4AC191B0,220,122,199,220,227.7,CPCB_DEL_RK_Puram,13.292
PROP-248BF857ECDB,121,64,105,121,187.3,CPCB_DEL_Anand_Vihar,40.989
PROP-71485F03A905,288,166,272,288,181.7,CPCB_DEL_Anand_Vihar,11.739
PROP-C1CA172DB56F,256,137,225,256,252.3,CPCB_DEL_Anand_Vihar,47.899
PROP-08142B2DFC66,228,126,207,228,239.7,CPCB_DEL_Anand_Vihar,38.145
PROP-94DF5E9CBD2F,252,137,224,252,148.3,CPCB_DEL_RK_Puram,7.238
PROP-F75828ED24E4,372,198,324,372,385.7,CPCB_DEL_RK_Puram,35.321
PROP-BC23CBA8EB08,108,59,97,108,168.0,CPCB_DEL_RK_Puram,11.639
PROP-3B81AF689DF6,110,58,95,110,183.3,CPCB_DEL_Anand_Vihar,10.447
PROP-3D5DAACB3A3B,190,99,162,190,203.0,CPCB_DEL_RK_Puram,22.908
PROP-0D2DDF75A316,182,105,171,182,201.7,CPCB_DEL_RK_Puram,19.158
PROP-82EF1BB7B08F,220,122,199,220,227.7,CPCB_DEL_RK_Puram,19.158
PROP-A0B5DF2002AF,433,233,381,433,445.0,CPCB_DEL_Anand_Vihar,27.318
PROP-442C169970A5,247,139,228,247,147.7,CPCB_DEL_RK_Puram,15.018
PROP-E0FA33A38AE7,218,119,196,218,139.0,CPCB_DEL_RK_Puram,14.777
PROP-C41684EEAA6A,110,58,95,110,183.3,CPCB_DEL_Anand_Vihar,24.97
PROP-9A8EBA23A698,311,165,271,311,182.7,CPCB_DEL_Anand_Vihar,45.072
PROP-367B62AD49A1,252,137,224,252,148.3,CPCB_DEL_RK_Puram,11.097
PROP-4C22985A6D6D,107,61,101,107,172.3,CPCB_DEL_RK_Puram,38.004
PROP-E030E458A81F,308,174,285,308,179.0,CPCB_DEL_Anand_Vihar,8.812
PROP-4A88A58BFFF4,184,106,173,184,205.7,CPCB_DEL_RK_Puram,10.964
PROP-64A9933E4584,182,105,171,182,201.7,CPCB_DEL_RK_Puram,11.639
PROP-0E7E9F18A0AA,202,108,178,202,209.0,CPCB_DEL_RK_Puram,31.797
PROP-549DBB48BD9C,218,117,192,218,256.0,CPCB_DEL_Anand_Vihar,30.806
PROP-198A5F0ACE25,98,56,91,98,166.0,CPCB_DEL_RK_Puram,37.711
PROP-68C2FD19FC66,220,122,199,220,227.7,CPCB_DEL_RK_Puram,18.456
PROP-2394FD255807,232,126,206,232,143.0,CPCB_DEL_RK_Puram,25.993
PROP-3C646CEF63C9,308,174,285,308,179.0,CPCB_DEL_Anand_Vihar,26.785
PROP-112BB77B34A4,225,126,206,225,259.0,CPCB_DEL_Anand_Vihar,30.544
PROP-D9DF34095063,117,64,106,117,193.0,CPCB_DEL_Anand_Vihar,26.294
PROP-D0961CFF571E,232,126,206,232,143.0,CPCB_DEL_RK_Puram,11.639
PROP-3022E0DC6208,202,108,178,202,209.0,CPCB_DEL_RK_Puram,20.934
PROP-6F7E70BE88AE,108,59,97,108,168.0,CPCB_DEL_RK_Puram,32.959
PROP-8EC3A78EEA23,419,237,388,419,443.3,CPCB_DEL_Anand_Vihar,33.155
PROP-F418742B80B2,117,64,106,117,193.0,CPCB_DEL_Anand_Vihar,28.759
PROP-C3C6AE283AAE,372,198,324,372,385.7,CPCB_DEL_RK_Puram,35.023
PROP-6E7FCEF32621,288,166,272,288,181.7,CPCB_DEL_Anand_Vihar,7.488
PROP-C79274115C10,391,219,358,391,377.0,CPCB_DEL_RK_Puram,32.317
PROP-C9DC557FD3ED,107,61,101,107,172.3,CPCB_DEL_RK_Puram,32.317
PROP-917F7B3E0E10,107,61,101,107,172.3,CPCB_DEL_RK_Puram,19.158
PROP-337F7ACF1863,276,151,248,276,173.7,CPCB_DEL_Anand_Vihar,26.785
PROP-8668B0B45D3A,98,56,91,98,166.0,CPCB_DEL_RK_Puram,38.38
PROP-223223122222,184,106,173,184,205.7,CPCB_DEL_RK_Puram,26.931
PROP-401E53878E7A,202,108,178,202,209.0,CPCB_DEL_RK_Puram,31.361
PROP-03A97BF4BEBB,376,213,348,376,374.7,CPCB_DEL_RK_Puram,21.188
PROP-7F1223BF1316,218,117,192,218,256.0,CPCB_DEL_Anand_Vihar,32.548
PROP-BF35C650C25A,252,137,224,252,148.3,CPCB_DEL_RK_Puram,41.209
PROP-7CDE29DC0CB5,372,198,324,372,385.7,CPCB_DEL_RK_Puram,7.238
PROP-AE14E8110F88,252,137,224,252,148.3,CPCB_DEL_RK_Puram,11.639
PROP-4A347E7DA3DC,98,56,91,98,166.0,CPCB_DEL_RK_Puram,21.193
PROP-DC8F580FB026,110,59,97,110,198.7,CPCB_DEL_Anand_Vihar,45.072
PROP-EB8EC86E0145,290,153,250,290,175.7,CPCB_DEL_Anand_Vihar,7.087
PROP-96B2F6C04D05,117,64,106,117,193.0,CPCB_DEL_Anand_Vihar,18.617
PROP-FFFE87A3E212,190,99,162,190,203.0,CPCB_DEL_RK_Puram,25.993
PROP-9B6BF6A96D23,103,58,95,103,173.0,CPCB_DEL_RK_Puram,33.723
PROP-9C04EDBFD7E1,290,153,250,290,175.7,CPCB_DEL_Anand_Vihar,7.053
PROP-10DE5E387B4F,117,64,106,117,193.0,CPCB_DEL_Anand_Vihar,19.685
PROP-EB90449282A7,428,228,373,428,449.7,CPCB_DEL_Anand_Vihar,26.178
PROP-66AA1CED91A6,103,58,95,103,173.0,CPCB_DEL_RK_Puram,18.456
PROP-AB0BBD0C6D49,110,59,97,110,198.7,CPCB_DEL_Anand_Vihar,30.878
PROP-F8DB9F59EF80,252,137,224,252,148.3,CPCB_DEL_RK_Puram,24.959
PROP-E3D10AF931CD,218,117,192,218,256.0,CPCB_DEL_Anand_Vihar,18.617
PROP-9174EBA2D849,220,122,199,220,227.7,CPCB_DEL_RK_Puram,33.723
PROP-88FA36346BF5,256,137,225,256,252.3,CPCB_DEL_Anand_Vihar,42.619
PROP-258B93367EED,110,59,97,110,198.7,CPCB_DEL_Anand_Vihar,29.377
PROP-A769840801B9,98,56,91,98,166.0,CPCB_DEL_RK_Puram,46.086
PROP-4668552D21AF,108,59,97,108,168.0,CPCB_DEL_RK_Puram,16.776
PROP-2116C7174CE2,288,166,272,288,181.7,CPCB_DEL_Anand_Vihar,11.578
PROP-7226DB39E5D6,419,237,388,419,443.3,CPCB_DEL_Anand_Vihar,11.578
PROP-684CB2DBD872,218,117,192,218,256.0,CPCB_DEL_Anand_Vihar,30.878
PROP-A736DF97F593,247,139,228,247,147.7,CPCB_DEL_RK_Puram,31.72
PROP-7888F755E083,225,123,202,225,146.3,CPCB_DEL_RK_Puram,19.282
PROP-30109E081BB1,254,132,217,254,260.0,CPCB_DEL_Anand_Vihar,47.899
PROP-C53EE29FC18B,98,56,91,98,166.0,CPCB_DEL_RK_Puram,10.908
PROP-AEB5C72998AB,232,126,206,232,143.0,CPCB_DEL_RK_Puram,6.455
PROP-45E74B98F378,98,56,91,98,166.0,CPCB_DEL_RK_Puram,35.321
PROP-42DF070E6054,107,61,101,107,172.3,CPCB_DEL_RK_Puram,19.282
PROP-A9CD64C59637,424,221,362,424,434.3,CPCB_DEL_Anand_Vihar,10.582
PROP-77DD4E044C4F,98,56,91,98,166.0,CPCB_DEL_RK_Puram,15.018
PROP-A84AA2542E81,121,64,105,121,187.3,CPCB_DEL_Anand_Vihar,26.178
PROP-17520DAA4844,288,166,272,288,181.7,CPCB_DEL_Anand_Vihar,9.36
PROP-11988C4F82E9,232,126,206,232,143.0,CPCB_DEL_RK_Puram,6.424
PROP-30D41CFF3687,110,58,95,110,183.3,CPCB_DEL_Anand_Vihar,32.078
PROP-C58BDB4AA746,376,213,348,376,374.7,CPCB_DEL_RK_Puram,23.39
PROP-DC171F7ADEE0,247,139,228,247,147.7,CPCB_DEL_RK_Puram,5.107
PROP-D2643575F9F5,202,108,178,202,209.0,CPCB_DEL_RK_Puram,33.135
PROP-E9F0DBB60F68,117,64,106,117,193.0,CPCB_DEL_Anand_Vihar,28.979
PROP-E579069D97A4,376,213,348,376,374.7,CPCB_DEL_RK_Puram,19.282
PROP-4620EC3E2D4C,220,122,199,220,227.7,CPCB_DEL_RK_Puram,24.916
PROP-E136AFB41AAB,129,72,118,129,215.0,CPCB_DEL_Anand_Vihar,7.087
PROP-694024E2D49F,110,58,95,110,183.3,CPCB_DEL_Anand_Vihar,18.651
PROP-EB8B5CCFFF16,290,153,250,290,175.7,CPCB_DEL_Anand_Vihar,28.979
PROP-D10BC7F2308E,129,72,118,129,215.0,CPCB_DEL_Anand_Vihar,29.377
PROP-8D9E4F1E374E,225,123,202,225,146.3,CPCB_DEL_RK_Puram,27.231
PROP-FE837A4267CD,182,105,171,182,201.7,CPCB_DEL_RK_Puram,6.424
PROP-97A38F091DC9,254,132,217,254,260.0,CPCB_DEL_Anand_Vihar,23.845
PROP-D5B4EF2541BA,110,58,95,110,183.3,CPCB_DEL_Anand_Vihar,21.611
PROP-79D675EE9B48,108,59,97,108,168.0,CPCB_DEL_RK_Puram,28.15
PROP-1ABEABC9B812,311,165,271,311,182.7,CPCB_DEL_Anand_Vihar,9.36
PROP-9B6F5A1B2283,184,106,173,184,205.7,CPCB_DEL_RK_Puram,27.231
PROP-9D31F8432500,220,122,199,220,227.7,CPCB_DEL_RK_Puram,11.639
PROP-07FD9D409C2B,372,198,324,372,385.7,CPCB_DEL_RK_Puram,6.375
PROP-2DAC9C0C3B13,308,174,285,308,179.0,CPCB_DEL_Anand_Vihar,27.332
PROP-34832EC108C6,419,237,388,419,443.3,CPCB_DEL_Anand_Vihar,9.915
PROP-71047BE9001E,311,165,271,311,182.7,CPCB_DEL_Anand_Vihar,10.582
PROP-2D71DE6197E7,376,213,348,376,374.7,CPCB_DEL_RK_Puram,32.155
PROP-CF85484E3B69,107,61,101,107,172.3,CPCB_DEL_RK_Puram,19.282
PROP-70B169A99A09,218,119,196,218,139.0,CPCB_DEL_RK_Puram,38.38
PROP-2829892DA3A4,256,137,225,256,252.3,CPCB_DEL_Anand_Vihar,10.383
PROP-0CAA620973F7,220,122,199,220,227.7,CPCB_DEL_RK_Puram,35.825
PROP-BF1D53745752,184,106,173,184,205.7,CPCB_DEL_RK_Puram,27.172
PROP-F2C0D5600AD6,99,56,92,99,169.0,CPCB_DEL_RK_Puram,23.617
PROP-D1B7D7E4298F,308,174,285,308,179.0,CPCB_DEL_Anand_Vihar,29.988
PROP-0B78C3E796BE,428,228,373,428,449.7,CPCB_DEL_Anand_Vihar,26.178
PROP-F8D574A565FA,376,213,348,376,374.7,CPCB_DEL_RK_Puram,25.63
PROP-C431CBCA17A2,98,56,91,98,166.0,CPCB_DEL_RK_Puram,19.282
PROP-CEEE5A496BBE,256,137,225,256,252.3,CPCB_DEL_Anand_Vihar,42.619
PROP-01A71E860DCF,372,198,324,372,385.7,CPCB_DEL_RK_Puram,37.711
PROP-DFB2A7406E7E,228,126,207,228,239.7,CPCB_DEL_Anand_Vihar,10.447
PROP-2FD047487216,376,213,348,376,374.7,CPCB_DEL_RK_Puram,18.414
PROP-36362E58DE21,276,151,248,276,173.7,CPCB_DEL_Anand_Vihar,9.36
PROP-7D9769ED2EB4,252,137,224,252,148.3,CPCB_DEL_RK_Puram,18.562
PROP-105F48F5EBFA,103,58,95,103,173.0,CPCB_DEL_RK_Puram,12.678
PROP-8DF8BD783FFA,129,72,118,129,215.0,CPCB_DEL_Anand_Vihar,6.831
PROP-5C624AA959C3,232,126,206,232,143.0,CPCB_DEL_RK_Puram,32.685
PROP-4AAC7E81B559,184,106,173,184,205.7,CPCB_DEL_RK_Puram,26.776
PROP-4CE62A4B211E,190,99,162,190,203.0,CPCB_DEL_RK_Puram,28.258
PROP-D1CC3203672B,220,122,199,220,227.7,CPCB_DEL_RK_Puram,18.456
PROP-25E86BB07309,311,165,271,311,182.7,CPCB_DEL_Anand_Vihar,20.395
PROP-4F37C5473479,288,166,272,288,181.7,CPCB_DEL_Anand_Vihar,9.36
PROP-4C2AE5909832,129,72,118,129,215.0,CPCB_DEL_Anand_Vihar,10.582
PROP-422D8FF3805E,108,59,97,108,168.0,CPCB_DEL_RK_Puram,12.678
PROP-33085E47F93C,103,58,95,103,173.0,CPCB_DEL_RK_Puram,10.964
PROP-9DF8C4F6B13B,232,126,206,232,143.0,CPCB_DEL_RK_Puram,23.39
PROP-D229752894DA,220,122,199,220,227.7,CPCB_DEL_RK_Puram,23.621
PROP-29E7D83E9088,376,213,348,376,374.7,CPCB_DEL_RK_Puram,7.278
PROP-4B9ADCB1ADA4,184,106,173,184,205.7,CPCB_DEL_RK_Puram,39.078
PROP-86F48AFB0B6C,202,108,178,202,209.0,CPCB_DEL_RK_Puram,17.985
PROP-678E3BDBC3A5,218,119,196,218,139.0,CPCB_DEL_RK_Puram,3.085
PROP-75D49CA47D8D,419,237,388,419,443.3,CPCB_DEL_Anand_Vihar,4.375
PROP-13742D3BBC03,110,58,95,110,183.3,CPCB_DEL_Anand_Vihar,9.36
PROP-D1A89469E9C1,424,221,362,424,434.3,CPCB_DEL_Anand_Vihar,35.058
PROP-9398CC3312AD,110,59,97,110,198.7,CPCB_DEL_Anand_Vihar,39.667
PROP-69E9DDAFF548,121,64,105,121,187.3,CPCB_DEL_Anand_Vihar,34.973
PROP-ED08C4B7A719,228,126,207,228,239.7,CPCB_DEL_Anand_Vihar,12.511
PROP-47FB4041FB4F,218,117,192,218,256.0,CPCB_DEL_Anand_Vihar,10.383
PROP-4F589D2007F1,290,153,250,290,175.7,CPCB_DEL_Anand_Vihar,23.259
PROP-B4E0A84B609D,218,119,196,218,139.0,CPCB_DEL_RK_Puram,21.048
PROP-309FFB921D96,311,165,271,311,182.7,CPCB_DEL_Anand_Vihar,20.395
PROP-9C3EEB35B420,98,56,91,98,166.0,CPCB_DEL_RK_Puram,12.678
PROP-7540204492AD,424,221,362,424,434.3,CPCB_DEL_Anand_Vihar,9.36
PROP-51650FD0CB30,290,153,250,290,175.7,CPCB_DEL_Anand_Vihar,23.845
PROP-B79F2A09A2F7,424,221,362,424,434.3,CPCB_DEL_Anand_Vihar,28.979
PROP-E8933B9C69DB,117,64,106,117,193.0,CPCB_DEL_Anand_Vihar,4.375
PROP-F6344DD41ED4,290,153,250,290,175.7,CPCB_DEL_Anand_Vihar,9.36
PROP-7CFC51728599,129,72,118,129,215.0,CPCB_DEL_Anand_Vihar,4.375
PROP-32B3CD03B56E,225,123,202,225,146.3,CPCB_DEL_RK_Puram,12.541
PROP-1762246A560D,228,126,207,228,239.7,CPCB_DEL_Anand_Vihar,24.615
PROP-1D9D85DF1A5C,311,165,271,311,182.7,CPCB_DEL_Anand_Vihar,12.984
PROP-696140A14179,311,165,271,311,182.7,CPCB_DEL_Anand_Vihar,37.343
PROP-29118C6DA199,184,106,173,184,205.7,CPCB_DEL_RK_Puram,20.274
PROP-687245DC702D,218,119,196,218,139.0,CPCB_DEL_RK_Puram,13.292
PROP-02E5E0D581BF,182,105,171,182,201.7,CPCB_DEL_RK_Puram,13.292
PROP-20D08C9C2C67,372,198,324,372,385.7,CPCB_DEL_RK_Puram,28.258
PROP-B618C5B888B5,376,213,348,376,374.7,CPCB_DEL_RK_Puram,18.456
PROP-41A7F0C89156,117,64,106,117,193.0,CPCB_DEL_Anand_Vihar,31.658
PROP-981789C25E81,391,219,358,391,377.0,CPCB_DEL_RK_Puram,19.282
PROP-FC25566B0BE4,117,64,106,117,193.0,CPCB_DEL_Anand_Vihar,7.053
PROP-22652DC43D2A,218,117,192,218,256.0,CPCB_DEL_Anand_Vihar,16.968
PROP-424E3589C095,225,126,206,225,259.0,CPCB_DEL_Anand_Vihar,28.979
PROP-DB201B57660D,121,64,105,121,187.3,CPCB_DEL_Anand_Vihar,37.343
PROP-9C756F189D42,103,58,95,103,173.0,CPCB_DEL_RK_Puram,45.325
PROP-7EF2F97973D1,190,99,162,190,203.0,CPCB_DEL_RK_Puram,26.078
PROP-213CAB0ED87E,308,174,285,308,179.0,CPCB_DEL_Anand_Vihar,35.058
PROP-9A58773B866A,182,105,171,182,201.7,CPCB_DEL_RK_Puram,14.777
PROP-F2370F125F82,220,122,199,220,227.7,CPCB_DEL_RK_Puram,28.15
PROP-5AF26D366A0B,225,126,206,225,259.0,CPCB_DEL_Anand_Vihar,21.693
PROP-7C1A441BDE75,391,219,358,391,377.0,CPCB_DEL_RK_Puram,18.456
PROP-8A69495F80D8,419,237,388,419,443.3,CPCB_DEL_Anand_Vihar,28.98
PROP-7D848ADD7EA1,110,58,95,110,183.3,CPCB_DEL_Anand_Vihar,10.383
PROP-1369890BD5E9,311,165,271,311,182.7,CPCB_DEL_Anand_Vihar,31.199
PROP-7B922B4822CC,190,99,162,190,203.0,CPCB_DEL_RK_Puram,12.678
PROP-9A37EA8D0FE1,433,233,381,433,445.0,CPCB_DEL_Anand_Vihar,10.383
PROP-389B102B35F5,254,132,217,254,260.0,CPCB_DEL_Anand_Vihar,12.15
PROP-068B19B3C9A0,290,153,250,290,175.7,CPCB_DEL_Anand_Vihar,10.383
PROP-233088F3C34B,256,137,225,256,252.3,CPCB_DEL_Anand_Vihar,31.199
PROP-DE3A2C21F7E6,225,126,206,225,259.0,CPCB_DEL_Anand_Vihar,31.199
PROP-7E480EDE5B0B,202,108,178,202,209.0,CPCB_DEL_RK_Puram,32.685
PROP-5370EEEDBE29,232,126,206,232,143.0,CPCB_DEL_RK_Puram,26.776
PROP-20F4C14B901D,202,108,178,202,209.0,CPCB_DEL_RK_Puram,28.258
PROP-AC4A9B5668B4,254,132,217,254,260.0,CPCB_DEL_Anand_Vihar,29.796
PROP-11C3DE28806D,256,137,225,256,252.3,CPCB_DEL_Anand_Vihar,33.155
PROP-93E19CE98298,129,72,118,129,215.0,CPCB_DEL_Anand_Vihar,9.915
PROP-57EC3C0CAB0B,190,99,162,190,203.0,CPCB_DEL_RK_Puram,10.964
PROP-B0FE0DD0CB3C,190,99,162,190,203.0,CPCB_DEL_RK_Puram,18.414
PROP-F6B16076EC34,372,198,324,372,385.7,CPCB_DEL_RK_Puram,16.377
PROP-CD8D2DAC7038,117,64,106,117,193.0,CPCB_DEL_Anand_Vihar,42.619
PROP-7948D308FF79,129,72,118,129,215.0,CPCB_DEL_Anand_Vihar,24.615
PROP-33CA6709529B,190,99,162,190,203.0,CPCB_DEL_RK_Puram,3.085
PROP-A510F3C17CED,433,233,381,433,445.0,CPCB_DEL_Anand_Vihar,9.36
PROP-604E5C3FCE25,218,117,192,218,256.0,CPCB_DEL_Anand_Vihar,35.058
PROP-3723387937B4,110,59,97,110,198.7,CPCB_DEL_Anand_Vihar,39.667
PROP-35153479FC97,256,137,225,256,252.3,CPCB_DEL_Anand_Vihar,9.36
PROP-63672F4748C0,218,119,196,218,139.0,CPCB_DEL_RK_Puram,13.411
PROP-3B42B34247C3,254,132,217,254,260.0,CPCB_DEL_Anand_Vihar,9.36
PROP-5EF29670119D,108,59,97,108,168.0,CPCB_DEL_RK_Puram,25.993
PROP-300301509063,252,137,224,252,148.3,CPCB_DEL_RK_Puram,28.258
PROP-A13EB88097CA,433,233,381,433,445.0,CPCB_DEL_Anand_Vihar,20.247
PROP-D744952E141D,121,64,105,121,187.3,CPCB_DEL_Anand_Vihar,26.178
PROP-5DECD0EDFE64,311,165,271,311,182.7,CPCB_DEL_Anand_Vihar,11.854
PROP-D3C02C4B9655,129,72,118,129,215.0,CPCB_DEL_Anand_Vihar,9.915
PROP-4FDEB3C4F39F,372,198,324,372,385.7,CPCB_DEL_RK_Puram,21.698
PROP-BCF42285DAE0,108,59,97,108,168.0,CPCB_DEL_RK_Puram,3.085
PROP-13987A2B20FE,103,58,95,103,173.0,CPCB_DEL_RK_Puram,35.55
PROP-4B935477E757,376,213,348,376,374.7,CPCB_DEL_RK_Puram,34.511
PROP-DA357191F5EE,225,126,206,225,259.0,CPCB_DEL_Anand_Vihar,28.759
PROP-9CF2940EA2A7,290,153,250,290,175.7,CPCB_DEL_Anand_Vihar,31.658
PROP-69FAB1B3CBF8,276,151,248,276,173.7,CPCB_DEL_Anand_Vihar,33.525
PROP-FA3A6FAA374C,419,237,388,419,443.3,CPCB_DEL_Anand_Vihar,19.705
PROP-1B373ED947CE,419,237,388,419,443.3,CPCB_DEL_Anand_Vihar,30.544
PROP-98A488E2F1D0,110,59,97,110,198.7,CPCB_DEL_Anand_Vihar,6.831
PROP-BB9172F543B5,228,126,207,228,239.7,CPCB_DEL_Anand_Vihar,28.979
PROP-CD163290748D,372,198,324,372,385.7,CPCB_DEL_RK_Puram,25.993
PROP-8C4781E87691,247,139,228,247,147.7,CPCB_DEL_RK_Puram,18.337
PROP-38657F1345A3,129,72,118,129,215.0,CPCB_DEL_Anand_Vihar,18.913
PROP-E388BB87E172,103,58,95,103,173.0,CPCB_DEL_RK_Puram,3.085
PROP-67F4B063000E,256,137,225,256,252.3,CPCB_DEL_Anand_Vihar,6.831
PROP-B33272C0944E,228,126,207,228,239.7,CPCB_DEL_Anand_Vihar,10.051
PROP-4179AB23CF1A,220,122,199,220,227.7,CPCB_DEL_RK_Puram,33.723
PROP-F6AF4019EE97,190,99,162,190,203.0,CPCB_DEL_RK_Puram,35.321
PROP-A58A2DD68E92,288,166,272,288,181.7,CPCB_DEL_Anand_Vihar,34.973
PROP-883934ECCE9C,182,105,171,182,201.7,CPCB_DEL_RK_Puram,34.82
PROP-E7B4B067B606,110,58,95,110,183.3,CPCB_DEL_Anand_Vihar,16.344
PROP-C2436D3C3A5E,121,64,105,121,187.3,CPCB_DEL_Anand_Vihar,7.375
PROP-5ACB9B2EC740,121,64,105,121,187.3,CPCB_DEL_Anand_Vihar,10.047
PROP-7F4B27FB2133,424,221,362,424,434.3,CPCB_DEL_Anand_Vihar,7.488
PROP-C170112A3525,424,221,362,424,434.3,CPCB_DEL_Anand_Vihar,36.514
PROP-F19E58267ACE,308,174,285,308,179.0,CPCB_DEL_Anand_Vihar,41.199
PROP-1B8C4027E2BB,290,153,250,290,175.7,CPCB_DEL_Anand_Vihar,7.087
PROP-691E11AF82AA,428,228,373,428,449.7,CPCB_DEL_Anand_Vihar,29.377
PROP-E21237B121F4,288,166,272,288,181.7,CPCB_DEL_Anand_Vihar,17.239
PROP-3A82C1B76111,419,237,388,419,443.3,CPCB_DEL_Anand_Vihar,40.989
PROP-4D7CEB706133,433,233,381,433,445.0,CPCB_DEL_Anand_Vihar,12.984
PROP-C1FAAFE0F9EB,117,64,106,117,193.0,CPCB_DEL_Anand_Vihar,31.199
PROP-0AC2297048E5,225,123,202,225,146.3,CPCB_DEL_RK_Puram,34.82
PROP-B657F9BDB523,103,58,95,103,173.0,CPCB_DEL_RK_Puram,25.993
PROP-14E05A9BFC89,220,122,199,220,227.7,CPCB_DEL_RK_Puram,21.339
PROP-01591876EF0F,182,105,171,182,201.7,CPCB_DEL_RK_Puram,9.025
PROP-AA887FFC9689,424,221,362,424,434.3,CPCB_DEL_Anand_Vihar,23.845
PROP-102F0867298D,220,122,199,220,227.7,CPCB_DEL_RK_Puram,22.389
PROP-4ABF674811FA,290,153,250,290,175.7,CPCB_DEL_Anand_Vihar,4.375
PROP-27CBC63C9A14,254,132,217,254,260.0,CPCB_DEL_Anand_Vihar,4.375
PROP-2ECBEC80534E,252,137,224,252,148.3,CPCB_DEL_RK_Puram,16.377
PROP-4B21685C31C5,424,221,362,424,434.3,CPCB_DEL_Anand_Vihar,12.984
PROP-EEC049CAFADB,414,225,368,414,389.7,CPCB_DEL_RK_Puram,19.158
PROP-FF908741BF94,228,126,207,228,239.7,CPCB_DEL_Anand_Vihar,4.375
PROP-8613A993725C,290,153,250,290,175.7,CPCB_DEL_Anand_Vihar,21.693
PROP-C8F23A889638,254,132,217,254,260.0,CPCB_DEL_Anand_Vihar,26.294
PROP-0EB99C120518,99,56,92,99,169.0,CPCB_DEL_RK_Puram,35.55
PROP-BD121CAE7D03,376,213,348,376,374.7,CPCB_DEL_RK_Puram,21.339
PROP-FE73B221CB5F,391,219,358,391,377.0,CPCB_DEL_RK_Puram,22.389
PROP-9F0BBD6BE33D,220,122,199,220,227.7,CPCB_DEL_RK_Puram,10.488
PROP-6DA81C10D230,98,56,91,98,166.0,CPCB_DEL_RK_Puram,18.337
PROP-B4E990EF175A,424,221,362,424,434.3,CPCB_DEL_Anand_Vihar,37.343
PROP-932CC006071F,311,165,271,311,182.7,CPCB_DEL_Anand_Vihar,21.611
PROP-579AC477C3DE,288,166,272,288,181.7,CPCB_DEL_Anand_Vihar,35.058
PROP-8186C5A1C876,218,119,196,218,139.0,CPCB_DEL_RK_Puram,25.741
PROP-F74DCA280D64,117,64,106,117,193.0,CPCB_DEL_Anand_Vihar,26.962
PROP-461535F8BCC2,228,126,207,228,239.7,CPCB_DEL_Anand_Vihar,42.619
PROP-066F509FBC0F,276,151,248,276,173.7,CPCB_DEL_Anand_Vihar,18.149
PROP-12ED7DC10008,376,213,348,376,374.7,CPCB_DEL_RK_Puram,42.927
PROP-7EC34159BE4A,110,58,95,110,183.3,CPCB_DEL_Anand_Vihar,23.139
PROP-35FECBCC881C,290,153,250,290,175.7,CPCB_DEL_Anand_Vihar,21.189
PROP-12108359EF56,218,117,192,218,256.0,CPCB_DEL_Anand_Vihar,12.511
PROP-B26BCEE9CB3B,107,61,101,107,172.3,CPCB_DEL_RK_Puram,11.639
PROP-DDED363B4E6D,256,137,225,256,252.3,CPCB_DEL_Anand_Vihar,9.36
PROP-82333317AAA8,419,237,388,419,443.3,CPCB_DEL_Anand_Vihar,9.36
PROP-1C3CA3395E87,256,137,225,256,252.3,CPCB_DEL_Anand_Vihar,28.759
PROP-4F9FA2237784,372,198,324,372,385.7,CPCB_DEL_RK_Puram,21.698
PROP-56048A8299ED,311,165,271,311,182.7,CPCB_DEL_Anand_Vihar,4.375
PROP-8A18E58BD143,103,58,95,103,173.0,CPCB_DEL_RK_Puram,7.278
PROP-729866A3420B,225,126,206,225,259.0,CPCB_DEL_Anand_Vihar,9.36
PROP-6DDEC6EB1BFB,276,151,248,276,173.7,CPCB_DEL_Anand_Vihar,4.328
PROP-FCABA022BE2E,372,198,324,372,385.7,CPCB_DEL_RK_Puram,7.238
PROP-D87D46A60A83,117,64,106,117,193.0,CPCB_DEL_Anand_Vihar,26.123
PROP-0CD29D29A2E5,428,228,373,428,449.7,CPCB_DEL_Anand_Vihar,31.199
PROP-19DBEBA635D6,391,219,358,391,377.0,CPCB_DEL_RK_Puram,11.639
PROP-4F655C56AD56,110,59,97,110,198.7,CPCB_DEL_Anand_Vihar,29.377
PROP-10685106515E,428,228,373,428,449.7,CPCB_DEL_Anand_Vihar,27.332
PROP-373215C46E8A,228,126,207,228,239.7,CPCB_DEL_Anand_Vihar,4.375
PROP-479C3D75801A,202,108,178,202,209.0,CPCB_DEL_RK_Puram,21.339
PROP-8891FF878860,182,105,171,182,201.7,CPCB_DEL_RK_Puram,38.004
PROP-771E1DFD65E3,202,108,178,202,209.0,CPCB_DEL_RK_Puram,26.078
PROP-7FEA659C05B5,256,137,225,256,252.3,CPCB_DEL_Anand_Vihar,10.383
PROP-D2167AEF155A,308,174,285,308,179.0,CPCB_DEL_Anand_Vihar,10.383
PROP-4573AD2763E3,225,126,206,225,259.0,CPCB_DEL_Anand_Vihar,36.348
PROP-8795564E0A77,117,64,106,117,193.0,CPCB_DEL_Anand_Vihar,42.619
PROP-623A486EB874,129,72,118,129,215.0,CPCB_DEL_Anand_Vihar,11.739
PROP-ECE1427ED4F9,290,153,250,290,175.7,CPCB_DEL_Anand_Vihar,23.845
PROP-E4E347BF69C7,228,126,207,228,239.7,CPCB_DEL_Anand_Vihar,28.979
PROP-C6E858FF4ACB,311,165,271,311,182.7,CPCB_DEL_Anand_Vihar,12.984
PROP-E5075CFC9B1C,202,108,178,202,209.0,CPCB_DEL_RK_Puram,35.321
PROP-3760C2A4EBCF,228,126,207,228,239.7,CPCB_DEL_Anand_Vihar,19.705
PROP-62EB0659BD90,99,56,92,99,169.0,CPCB_DEL_RK_Puram,7.238
PROP-16CC22C7D05E,308,174,285,308,179.0,CPCB_DEL_Anand_Vihar,40.989
PROP-0BD9F0CB2C1B,308,174,285,308,179.0,CPCB_DEL_Anand_Vihar,9.36
PROP-37B9B0CBF021,228,126,207,228,239.7,CPCB_DEL_Anand_Vihar,7.087
PROP-4D6FA16E4065,288,166,272,288,181.7,CPCB_DEL_Anand_Vihar,10.047
PROP-E23F91CE2337,184,106,173,184,205.7,CPCB_DEL_RK_Puram,41.209
PROP-40000E6C9B17,276,151,248,276,173.7,CPCB_DEL_Anand_Vihar,11.739
PROP-90C4A0CABC87,308,174,285,308,179.0,CPCB_DEL_Anand_Vihar,29.377
PROP-12736A4F0142,247,139,228,247,147.7,CPCB_DEL_RK_Puram,18.456
PROP-5BEAA167BC26,190,99,162,190,203.0,CPCB_DEL_RK_Puram,18.456
PROP-BBC137179655,419,237,388,419,443.3,CPCB_DEL_Anand_Vihar,23.139
PROP-19C54FF5BDBF,129,72,118,129,215.0,CPCB_DEL_Anand_Vihar,10.447
PROP-4072FB0DF54F,247,139,228,247,147.7,CPCB_DEL_RK_Puram,40.63
PROP-E25932038153,117,64,106,117,193.0,CPCB_DEL_Anand_Vihar,10.047
PROP-E48E74C52239,99,56,92,99,169.0,CPCB_DEL_RK_Puram,33.826
PROP-55D3BDB6DA4F,218,117,192,218,256.0,CPCB_DEL_Anand_Vihar,40.989
PROP-9262C8B1BF0E,99,56,92,99,169.0,CPCB_DEL_RK_Puram,21.698
PROP-F9AE26D399E0,98,56,91,98,166.0,CPCB_DEL_RK_Puram,25.993
PROP-6074E5CB7A70,184,106,173,184,205.7,CPCB_DEL_RK_Puram,16.657
PROP-F24437E24820,254,132,217,254,260.0,CPCB_DEL_Anand_Vihar,21.221
PROP-1ECB2C470728,184,106,173,184,205.7,CPCB_DEL_RK_Puram,37.711
PROP-D6BE86E896F9,433,233,381,433,445.0,CPCB_DEL_Anand_Vihar,20.949
PROP-72C0C822BEDA,184,106,173,184,205.7,CPCB_DEL_RK_Puram,27.073
PROP-BCC62E9D8CA7,252,137,224,252,148.3,CPCB_DEL_RK_Puram,11.639
PROP-94F8017B3A20,228,126,207,228,239.7,CPCB_DEL_Anand_Vihar,21.611
PROP-BD7B66211C6C,391,219,358,391,377.0,CPCB_DEL_RK_Puram,34.82
PROP-6E7913EB3D32,290,153,250,290,175.7,CPCB_DEL_Anand_Vihar,5.94
PROP-B2757C589F50,391,219,358,391,377.0,CPCB_DEL_RK_Puram,26.776
PROP-EFD875D73A36,184,106,173,184,205.7,CPCB_DEL_RK_Puram,16.776
PROP-914456EC43ED,232,126,206,232,143.0,CPCB_DEL_RK_Puram,25.993
PROP-2AE47906AB26,225,123,202,225,146.3,CPCB_DEL_RK_Puram,27.139
PROP-BF118ED57912,288,166,272,288,181.7,CPCB_DEL_Anand_Vihar,31.658
PROP-2E6FF74FD8BD,129,72,118,129,215.0,CPCB_DEL_Anand_Vihar,30.806
PROP-97620A160357,372,198,324,372,385.7,CPCB_DEL_RK_Puram,6.424
PROP-F92ECC62D2AA,414,225,368,414,389.7,CPCB_DEL_RK_Puram,25.993
PROP-AA93F3BB9C5D,372,198,324,372,385.7,CPCB_DEL_RK_Puram,29.907
PROP-BDF4B9D4AC18,372,198,324,372,385.7,CPCB_DEL_RK_Puram,29.907
PROP-AAA6D8989B61,254,132,217,254,260.0,CPCB_DEL_Anand_Vihar,31.199
PROP-CAA8D428581E,182,105,171,182,201.7,CPCB_DEL_RK_Puram,25.741
PROP-7C174A3733B8,107,61,101,107,172.3,CPCB_DEL_RK_Puram,10.488
PROP-AC4FE8CFA13F,254,132,217,254,260.0,CPCB_DEL_Anand_Vihar,10.051
PROP-17989003F56A,290,153,250,290,175.7,CPCB_DEL_Anand_Vihar,4.328
PROP-4067C8940872,433,233,381,433,445.0,CPCB_DEL_Anand_Vihar,10.051
PROP-B10BBD600E54,108,59,97,108,168.0,CPCB_DEL_RK_Puram,25.993
PROP-D699F610C92F,110,59,97,110,198.7,CPCB_DEL_Anand_Vihar,6.365
PROP-6B7AD432C313,110,59,97,110,198.7,CPCB_DEL_Anand_Vihar,26.178
PROP-254341295E71,252,137,224,252,148.3,CPCB_DEL_RK_Puram,19.158
PROP-B97C59118B17,428,228,373,428,449.7,CPCB_DEL_Anand_Vihar,9.36
PROP-48E34A31273D,308,174,285,308,179.0,CPCB_DEL_Anand_Vihar,26.123
PROP-042EFD4DC426,99,56,92,99,169.0,CPCB_DEL_RK_Puram,32.685
PROP-29787F484A52,103,58,95,103,173.0,CPCB_DEL_RK_Puram,26.329
PROP-73AC180F6641,220,122,199,220,227.7,CPCB_DEL_RK_Puram,21.193
PROP-A67A494938EA,103,58,95,103,173.0,CPCB_DEL_RK_Puram,12.189
PROP-ECCF8E696E76,218,119,196,218,139.0,CPCB_DEL_RK_Puram,6.424
PROP-BEE8E83EDD44,391,219,358,391,377.0,CPCB_DEL_RK_Puram,22.389
PROP-5521C4787D00,117,64,106,117,193.0,CPCB_DEL_Anand_Vihar,41.199
PROP-F92924B12BF9,311,165,271,311,182.7,CPCB_DEL_Anand_Vihar,29.796
PROP-320E741DFF6C,190,99,162,190,203.0,CPCB_DEL_RK_Puram,26.776
PROP-A3E975C10611,107,61,101,107,172.3,CPCB_DEL_RK_Puram,21.339
PROP-CFFB76DF842B,190,99,162,190,203.0,CPCB_DEL_RK_Puram,25.993
PROP-2699E2C58477,110,58,95,110,183.3,CPCB_DEL_Anand_Vihar,21.221
PROP-028CD4A0810C,232,126,206,232,143.0,CPCB_DEL_RK_Puram,42.927
PROP-05C3C94091AD,419,237,388,419,443.3,CPCB_DEL_Anand_Vihar,31.658
PROP-39E6F6D320CF,220,122,199,220,227.7,CPCB_DEL_RK_Puram,46.086
PROP-25935D655E1C,254,132,217,254,260.0,CPCB_DEL_Anand_Vihar,4.328
PROP-77E612EE5010,433,233,381,433,445.0,CPCB_DEL_Anand_Vihar,6.903
PROP-74C352CDE5C2,182,105,171,182,201.7,CPCB_DEL_RK_Puram,26.329
PROP-D6969C6962EA,376,213,348,376,374.7,CPCB_DEL_RK_Puram,18.562
PROP-7658D2B9A7BF,228,126,207,228,239.7,CPCB_DEL_Anand_Vihar,23.445
PROP-25ACE83DFDCD,232,126,206,232,143.0,CPCB_DEL_RK_Puram,28.258
PROP-E0DC804C0B86,288,166,272,288,181.7,CPCB_DEL_Anand_Vihar,28.759
PROP-DCDF1F96DBBD,110,58,95,110,183.3,CPCB_DEL_Anand_Vihar,32.548
PROP-896B33221EFE,419,237,388,419,443.3,CPCB_DEL_Anand_Vihar,16.194
PROP-81F088C5B06E,247,139,228,247,147.7,CPCB_DEL_RK_Puram,7.135
PROP-8B54A49BA724,184,106,173,184,205.7,CPCB_DEL_RK_Puram,46.086
PROP-F4309AA752BE,372,198,324,372,385.7,CPCB_DEL_RK_Puram,2.784
PROP-5AB3CCC319BB,419,237,388,419,443.3,CPCB_DEL_Anand_Vihar,31.658
PROP-D08739372267,276,151,248,276,173.7,CPCB_DEL_Anand_Vihar,31.199
PROP-9537127B05C0,184,106,173,184,205.7,CPCB_DEL_RK_Puram,21.383
PROP-1212F439B136,232,126,206,232,143.0,CPCB_DEL_RK_Puram,26.776
PROP-D8C23C4EFDE9,110,59,97,110,198.7,CPCB_DEL_Anand_Vihar,10.222
PROP-EE3A2B310FA4,372,198,324,372,385.7,CPCB_DEL_RK_Puram,25.993
PROP-19C422615BAA,424,221,362,424,434.3,CPCB_DEL_Anand_Vihar,24.615
PROP-EC5EC5B938A9,288,166,272,288,181.7,CPCB_DEL_Anand_Vihar,26.785
PROP-83A62A4C903D,232,126,206,232,143.0,CPCB_DEL_RK_Puram,38.65
PROP-B4228A0769D7,110,59,97,110,198.7,CPCB_DEL_Anand_Vihar,29.796
PROP-933EFD859FBC,391,219,358,391,377.0,CPCB_DEL_RK_Puram,15.419
PROP-72794BDD040A,254,132,217,254,260.0,CPCB_DEL_Anand_Vihar,21.693
PROP-979AA9C463D9,121,64,105,121,187.3,CPCB_DEL_Anand_Vihar,24.97
PROP-52A6FDE77DFA,225,123,202,225,146.3,CPCB_DEL_RK_Puram,34.82
PROP-DBACD2C42C44,99,56,92,99,169.0,CPCB_DEL_RK_Puram,18.456
PROP-D2C0908B935D,254,132,217,254,260.0,CPCB_DEL_Anand_Vihar,27.332
PROP-F91BA169CE69,254,132,217,254,260.0,CPCB_DEL_Anand_Vihar,28.98
PROP-1BF4AAED0959,182,105,171,182,201.7,CPCB_DEL_RK_Puram,15.892
PROP-6D4D590C87F4,225,126,206,225,259.0,CPCB_DEL_Anand_Vihar,40.989
PROP-282B80456265,108,59,97,108,168.0,CPCB_DEL_RK_Puram,14.406
PROP-5B3FD2BB0B99,247,139,228,247,147.7,CPCB_DEL_RK_Puram,11.639
PROP-590232BED118,428,228,373,428,449.7,CPCB_DEL_Anand_Vihar,31.199
PROP-C8CDAD5BBBF5,428,228,373,428,449.7,CPCB_DEL_Anand_Vihar,21.189
PROP-20D4AFB81E68,419,237,388,419,443.3,CPCB_DEL_Anand_Vihar,21.853
PROP-1F206B7DB35D,232,126,206,232,143.0,CPCB_DEL_RK_Puram,14.27
PROP-C51DD3CB67F1,433,233,381,433,445.0,CPCB_DEL_Anand_Vihar,20.593
PROP-88A123C6BB36,276,151,248,276,173.7,CPCB_DEL_Anand_Vihar,9.915
PROP-20EEEB7F1E76,433,233,381,433,445.0,CPCB_DEL_Anand_Vihar,47.899
PROP-B33BDA2666D5,308,174,285,308,179.0,CPCB_DEL_Anand_Vihar,9.36
PROP-1C7161734D0A,218,119,196,218,139.0,CPCB_DEL_RK_Puram,7.168
PROP-9D997747750A,391,219,358,391,377.0,CPCB_DEL_RK_Puram,25.993
PROP-0E9F88E7CFD6,225,123,202,225,146.3,CPCB_DEL_RK_Puram,41.209
PROP-7C1C95262DB7,252,137,224,252,148.3,CPCB_DEL_RK_Puram,37.711
PROP-805557F2B17F,228,126,207,228,239.7,CPCB_DEL_Anand_Vihar,7.053
PROP-D25A2305C46B,218,117,192,218,256.0,CPCB_DEL_Anand_Vihar,23.139
PROP-1BA50C88B9CE,376,213,348,376,374.7,CPCB_DEL_RK_Puram,4.6
PROP-1CC959DF0392,428,228,373,428,449.7,CPCB_DEL_Anand_Vihar,4.328
PROP-894D05E81F8C,121,64,105,121,187.3,CPCB_DEL_Anand_Vihar,31.658
PROP-9740A2925460,218,117,192,218,256.0,CPCB_DEL_Anand_Vihar,31.658
PROP-9EA64F24B21A,218,119,196,218,139.0,CPCB_DEL_RK_Puram,22.389
PROP-7FEE8918F746,311,165,271,311,182.7,CPCB_DEL_Anand_Vihar,9.36
PROP-A721EC972FBE,218,119,196,218,139.0,CPCB_DEL_RK_Puram,27.231
PROP-BDDE30E09C3B,220,122,199,220,227.7,CPCB_DEL_RK_Puram,35.321
PROP-20923FA2CB01,414,225,368,414,389.7,CPCB_DEL_RK_Puram,23.681
PROP-450FE548E75E,117,64,106,117,193.0,CPCB_DEL_Anand_Vihar,6.365
PROP-552E27E4E2FE,391,219,358,391,377.0,CPCB_DEL_RK_Puram,21.383
PROP-287689C35754,308,174,285,308,179.0,CPCB_DEL_Anand_Vihar,29.988
PROP-3296E4666488,110,59,97,110,198.7,CPCB_DEL_Anand_Vihar,19.776
PROP-6A1E70AA5CFE,372,198,324,372,385.7,CPCB_DEL_RK_Puram,34.511
PROP-49842AC2DD32,182,105,171,182,201.7,CPCB_DEL_RK_Puram,35.55
PROP-582808500BF1,276,151,248,276,173.7,CPCB_DEL_Anand_Vihar,28.759
PROP-17D5FD1A5980,288,166,272,288,181.7,CPCB_DEL_Anand_Vihar,9.552
PROP-E810F9F8468A,428,228,373,428,449.7,CPCB_DEL_Anand_Vihar,37.69
PROP-3FD2E02D958C,428,228,373,428,449.7,CPCB_DEL_Anand_Vihar,10.383
PROP-1211F8871F29,247,139,228,247,147.7,CPCB_DEL_RK_Puram,14.406
PROP-90B290F6FFDD,218,117,192,218,256.0,CPCB_DEL_Anand_Vihar,23.445
PROP-759B1C709380,110,58,95,110,183.3,CPCB_DEL_Anand_Vihar,4.375
PROP-998FD5811104,391,219,358,391,377.0,CPCB_DEL_RK_Puram,21.339
PROP-ADC319DDB1CF,290,153,250,290,175.7,CPCB_DEL_Anand_Vihar,29.796
PROP-53362A4D6A74,232,126,206,232,143.0,CPCB_DEL_RK_Puram,16.377
PROP-53C442DE41D4,117,64,106,117,193.0,CPCB_DEL_Anand_Vihar,26.178
PROP-2576499F1A11,391,219,358,391,377.0,CPCB_DEL_RK_Puram,35.76
PROP-56B86891A5DA,184,106,173,184,205.7,CPCB_DEL_RK_Puram,23.39
PROP-BB1A42052464,376,213,348,376,374.7,CPCB_DEL_RK_Puram,35.825
PROP-7738C2D066E5,391,219,358,391,377.0,CPCB_DEL_RK_Puram,7.238
PROP-BA00F3582FAC,108,59,97,108,168.0,CPCB_DEL_RK_Puram,11.097
PROP-10B3F7846261,414,225,368,414,389.7,CPCB_DEL_RK_Puram,23.227
PROP-AA441C9659B2,254,132,217,254,260.0,CPCB_DEL_Anand_Vihar,18.913
PROP-1B1FF8F3C3BA,376,213,348,376,374.7,CPCB_DEL_RK_Puram,33.723
PROP-35F055A640FC,288,166,272,288,181.7,CPCB_DEL_Anand_Vihar,28.98
PROP-273866F1255A,98,56,91,98,166.0,CPCB_DEL_RK_Puram,41.209
PROP-CD5F861DFC1E,252,137,224,252,148.3,CPCB_DEL_RK_Puram,23.39
PROP-E6DF6DA88276,182,105,171,182,201.7,CPCB_DEL_RK_Puram,7.174
PROP-293C757721AB,218,119,196,218,139.0,CPCB_DEL_RK_Puram,39.758
PROP-6B48C2D1ECDB,184,106,173,184,205.7,CPCB_DEL_RK_Puram,10.488
PROP-FE0AE8D1769D,372,198,324,372,385.7,CPCB_DEL_RK_Puram,25.908
PROP-502125E8148D,182,105,171,182,201.7,CPCB_DEL_RK_Puram,46.086
PROP-20066B54B861,182,105,171,182,201.7,CPCB_DEL_RK_Puram,11.975
PROP-6E2346C87A35,276,151,248,276,173.7,CPCB_DEL_Anand_Vihar,35.058
PROP-8321C265D6DD,428,228,373,428,449.7,CPCB_DEL_Anand_Vihar,30.806
PROP-6BF8989B7261,184,106,173,184,205.7,CPCB_DEL_RK_Puram,28.15
PROP-48E9CE227720,108,59,97,108,168.0,CPCB_DEL_RK_Puram,4.431
PROP-EDDDEDD9DD42,391,219,358,391,377.0,CPCB_DEL_RK_Puram,32.959
PROP-28DEECE1BF8F,107,61,101,107,172.3,CPCB_DEL_RK_Puram,32.959
PROP-A06E5F18DEC8,182,105,171,182,201.7,CPCB_DEL_RK_Puram,32.959
PROP-3470C6246477,311,165,271,311,182.7,CPCB_DEL_Anand_Vihar,19.705
PROP-CD6EB10A8A9C,290,153,250,290,175.7,CPCB_DEL_Anand_Vihar,40.989
PROP-7467ECA4EF22,107,61,101,107,172.3,CPCB_DEL_RK_Puram,15.892
PROP-4194E6191A3B,218,117,192,218,256.0,CPCB_DEL_Anand_Vihar,7.488
PROP-B7400FA32E14,376,213,348,376,374.7,CPCB_DEL_RK_Puram,14.406
PROP-81337294428B,414,225,368,414,389.7,CPCB_DEL_RK_Puram,34.511
PROP-5E1A8D49AF54,190,99,162,190,203.0,CPCB_DEL_RK_Puram,14.777
PROP-846DB9EEDF9C,225,123,202,225,146.3,CPCB_DEL_RK_Puram,15.419
PROP-CBA92F4A5F80,428,228,373,428,449.7,CPCB_DEL_Anand_Vihar,40.989
PROP-4F4E58F2E6AF,290,153,250,290,175.7,CPCB_DEL_Anand_Vihar,9.36
PROP-000227284A55,256,137,225,256,252.3,CPCB_DEL_Anand_Vihar,40.989
PROP-D266F6BD0ABE,376,213,348,376,374.7,CPCB_DEL_RK_Puram,33.723
PROP-E31B213DA46A,117,64,106,117,193.0,CPCB_DEL_Anand_Vihar,23.445
PROP-68A1E9DDDBEE,129,72,118,129,215.0,CPCB_DEL_Anand_Vihar,9.008
PROP-DD36A602315A,121,64,105,121,187.3,CPCB_DEL_Anand_Vihar,40.989
PROP-1BB2D54C32FB,372,198,324,372,385.7,CPCB_DEL_RK_Puram,17.329
PROP-398D23A73527,290,153,250,290,175.7,CPCB_DEL_Anand_Vihar,21.189
PROP-5FFF972493E8,220,122,199,220,227.7,CPCB_DEL_RK_Puram,15.018
PROP-C1D6CE96163B,276,151,248,276,173.7,CPCB_DEL_Anand_Vihar,18.149
PROP-1728ADFFE3A6,232,126,206,232,143.0,CPCB_DEL_RK_Puram,23.651
PROP-7AEC3D8AF51E,182,105,171,182,201.7,CPCB_DEL_RK_Puram,14.777
PROP-3823DDF935AF,202,108,178,202,209.0,CPCB_DEL_RK_Puram,24.638
PROP-745990587C5B,290,153,250,290,175.7,CPCB_DEL_Anand_Vihar,35.058
PROP-33A32ECC59E8,276,151,248,276,173.7,CPCB_DEL_Anand_Vihar,8.022
PROP-59C0B66AB512,419,237,388,419,443.3,CPCB_DEL_Anand_Vihar,40.989
PROP-9E81EF174828,218,117,192,218,256.0,CPCB_DEL_Anand_Vihar,21.923
PROP-7918A0543BED,288,166,272,288,181.7,CPCB_DEL_Anand_Vihar,24.97
PROP-60EC457D0936,428,228,373,428,449.7,CPCB_DEL_Anand_Vihar,28.98
PROP-6F901CE1707C,414,225,368,414,389.7,CPCB_DEL_RK_Puram,25.993
PROP-B8CCA5B077EC,252,137,224,252,148.3,CPCB_DEL_RK_Puram,28.15
PROP-39E81FB8972D,98,56,91,98,166.0,CPCB_DEL_RK_Puram,22.389
PROP-B225A8C6224E,372,198,324,372,385.7,CPCB_DEL_RK_Puram,40.63
PROP-1B72B6E9EDBF,372,198,324,372,385.7,CPCB_DEL_RK_Puram,35.321
PROP-8E56F9D006D4,225,123,202,225,146.3,CPCB_DEL_RK_Puram,37.384
PROP-B78800F491B9,232,126,206,232,143.0,CPCB_DEL_RK_Puram,19.158
PROP-B03B3B46D32E,220,122,199,220,227.7,CPCB_DEL_RK_Puram,21.124
PROP-3253F7DCACDC,182,105,171,182,201.7,CPCB_DEL_RK_Puram,21.383
PROP-E07545FB994B,184,106,173,184,205.7,CPCB_DEL_RK_Puram,22.389
PROP-5A133BACF6BE,225,126,206,225,259.0,CPCB_DEL_Anand_Vihar,15.057
PROP-D106EFBB1FB7,376,213,348,376,374.7,CPCB_DEL_RK_Puram,34.644
PROP-1355605F38C5,376,213,348,376,374.7,CPCB_DEL_RK_Puram,10.488
PROP-61B8A9AEFA98,428,228,373,428,449.7,CPCB_DEL_Anand_Vihar,9.36
PROP-C42F61D7812F,129,72,118,129,215.0,CPCB_DEL_Anand_Vihar,20.494
PROP-676C42CA4778,202,108,178,202,209.0,CPCB_DEL_RK_Puram,22.389
PROP-A08BC850FD3D,228,126,207,228,239.7,CPCB_DEL_Anand_Vihar,18.913
PROP-372A2F4351B9,117,64,106,117,193.0,CPCB_DEL_Anand_Vihar,20.949
PROP-20BB187570CC,108,59,97,108,168.0,CPCB_DEL_RK_Puram,3.085
PROP-0EBA19EF740C,288,166,272,288,181.7,CPCB_DEL_Anand_Vihar,10.383
PROP-D5C014EAD97E,372,198,324,372,385.7,CPCB_DEL_RK_Puram,25.63
PROP-46EEF5F879C0,254,132,217,254,260.0,CPCB_DEL_Anand_Vihar,24.97
PROP-D51585FA641A,202,108,178,202,209.0,CPCB_DEL_RK_Puram,17.329
PROP-2C60ABC5A4FD,184,106,173,184,205.7,CPCB_DEL_RK_Puram,11.639
PROP-1FE024C16000,99,56,92,99,169.0,CPCB_DEL_RK_Puram,24.977
PROP-E9539E4B5285,414,225,368,414,389.7,CPCB_DEL_RK_Puram,33.866
PROP-3BC470DF3E55,372,198,324,372,385.7,CPCB_DEL_RK_Puram,24.523
PROP-4F05BDF246E9,202,108,178,202,209.0,CPCB_DEL_RK_Puram,21.193
PROP-762D7C1106F9,256,137,225,256,252.3,CPCB_DEL_Anand_Vihar,9.552
PROP-3A525EDA554C,218,119,196,218,139.0,CPCB_DEL_RK_Puram,35.321
PROP-0A6C33856758,433,233,381,433,445.0,CPCB_DEL_Anand_Vihar,19.705
PROP-97C92653EB1E,252,137,224,252,148.3,CPCB_DEL_RK_Puram,23.651
PROP-214CE85D66CF,99,56,92,99,169.0,CPCB_DEL_RK_Puram,5.357
PROP-53D5A88CABF0,202,108,178,202,209.0,CPCB_DEL_RK_Puram,2.784
PROP-E7641CA5BDDE,254,132,217,254,260.0,CPCB_DEL_Anand_Vihar,11.739
PROP-E8BBAB4BD9FD,252,137,224,252,148.3,CPCB_DEL_RK_Puram,40.63
PROP-157700681B80,184,106,173,184,205.7,CPCB_DEL_RK_Puram,11.639
PROP-8C48FB13E61D,202,108,178,202,209.0,CPCB_DEL_RK_Puram,24.533
PROP-2206F339B89A,220,122,199,220,227.7,CPCB_DEL_RK_Puram,26.931
PROP-91050CC73B1E,419,237,388,419,443.3,CPCB_DEL_Anand_Vihar,20.949
PROP-C02F4D4BCC19,290,153,250,290,175.7,CPCB_DEL_Anand_Vihar,12.222
PROP-A4D9A0349176,202,108,178,202,209.0,CPCB_DEL_RK_Puram,26.931
PROP-84641BD5411C,103,58,95,103,173.0,CPCB_DEL_RK_Puram,11.097
PROP-EDFC1FA0B6ED,228,126,207,228,239.7,CPCB_DEL_Anand_Vihar,31.658
PROP-9EEE4BA2F0CF,228,126,207,228,239.7,CPCB_DEL_Anand_Vihar,13.196
PROP-B4EC623C09EA,108,59,97,108,168.0,CPCB_DEL_RK_Puram,5.471
PROP-0535CAF1FAC7,290,153,250,290,175.7,CPCB_DEL_Anand_Vihar,26.123
PROP-B49C49503C99,121,64,105,121,187.3,CPCB_DEL_Anand_Vihar,37.69
PROP-737058C691EB,424,221,362,424,434.3,CPCB_DEL_Anand_Vihar,35.058
PROP-B995BC01E4D5,372,198,324,372,385.7,CPCB_DEL_RK_Puram,35.94
PROP-14D04B065EFF,433,233,381,433,445.0,CPCB_DEL_Anand_Vihar,47.899
PROP-EEB0A10DCBCC,129,72,118,129,215.0,CPCB_DEL_Anand_Vihar,12.984
PROP-7BF33A665DCB,202,108,178,202,209.0,CPCB_DEL_RK_Puram,36.811
PROP-127BFE798BE3,376,213,348,376,374.7,CPCB_DEL_RK_Puram,24.533
PROP-0D33B9F918C9,110,59,97,110,198.7,CPCB_DEL_Anand_Vihar,7.053
PROP-903170F7CB0F,218,119,196,218,139.0,CPCB_DEL_RK_Puram,23.39
PROP-49D4FAFE2404,252,137,224,252,148.3,CPCB_DEL_RK_Puram,46.086
PROP-E19F9BAD3AE8,254,132,217,254,260.0,CPCB_DEL_Anand_Vihar,18.906
PROP-8C1C2089D53A,256,137,225,256,252.3,CPCB_DEL_Anand_Vihar,10.582
PROP-3B84C0E541C7,182,105,171,182,201.7,CPCB_DEL_RK_Puram,34.511
PROP-07B3294DA6EF,98,56,91,98,166.0,CPCB_DEL_RK_Puram,7.238
PROP-64CCFBC62641,228,126,207,228,239.7,CPCB_DEL_Anand_Vihar,23.536
PROP-F8ABF62903AE,372,198,324,372,385.7,CPCB_DEL_RK_Puram,2.267
PROP-94B272C1C697,182,105,171,182,201.7,CPCB_DEL_RK_Puram,7.238
PROP-108E705E689F,117,64,106,117,193.0,CPCB_DEL_Anand_Vihar,21.221
PROP-69C97100740E,129,72,118,129,215.0,CPCB_DEL_Anand_Vihar,4.328
PROP-A547147D32EF,256,137,225,256,252.3,CPCB_DEL_Anand_Vihar,23.536
PROP-958B701E7728,256,137,225,256,252.3,CPCB_DEL_Anand_Vihar,28.759
PROP-8CD5EC64B8C9,110,58,95,110,183.3,CPCB_DEL_Anand_Vihar,23.845
PROP-C8BCFD4FFABE,107,61,101,107,172.3,CPCB_DEL_RK_Puram,16.377
PROP-9F32941833A5,225,126,206,225,259.0,CPCB_DEL_Anand_Vihar,37.69
PROP-4F55453B9ED7,372,198,324,372,385.7,CPCB_DEL_RK_Puram,8.498
PROP-00D21E715BA4,232,126,206,232,143.0,CPCB_DEL_RK_Puram,19.158
PROP-6715FA45A16B,311,165,271,311,182.7,CPCB_DEL_Anand_Vihar,41.199
PROP-DC78E858B7CB,232,126,206,232,143.0,CPCB_DEL_RK_Puram,18.562
PROP-6B359A4000AA,190,99,162,190,203.0,CPCB_DEL_RK_Puram,22.908
PROP-738B04745052,202,108,178,202,209.0,CPCB_DEL_RK_Puram,3.985
PROP-46ED7963FD46,372,198,324,372,385.7,CPCB_DEL_RK_Puram,11.639
PROP-46C816D1054E,121,64,105,121,187.3,CPCB_DEL_Anand_Vihar,21.524
PROP-E2A60BE0FE64,182,105,171,182,201.7,CPCB_DEL_RK_Puram,29.235
PROP-FB7FA2BB14A0,414,225,368,414,389.7,CPCB_DEL_RK_Puram,33.723
PROP-E0385DACF2EC,419,237,388,419,443.3,CPCB_DEL_Anand_Vihar,21.524
PROP-FE13381AD603,190,99,162,190,203.0,CPCB_DEL_RK_Puram,5.012
PROP-EEA0F92BFA07,129,72,118,129,215.0,CPCB_DEL_Anand_Vihar,18.906
PROP-7D135280347A,391,219,358,391,377.0,CPCB_DEL_RK_Puram,11.097
PROP-162B02D693C3,252,137,224,252,148.3,CPCB_DEL_RK_Puram,23.681
PROP-73D74490A550,254,132,217,254,260.0,CPCB_DEL_Anand_Vihar,35.058
PROP-9DD39628BD5C,290,153,250,290,175.7,CPCB_DEL_Anand_Vihar,4.328
PROP-26B0E3183C74,311,165,271,311,182.7,CPCB_DEL_Anand_Vihar,23.139
PROP-75C5EE92194A,218,119,196,218,139.0,CPCB_DEL_RK_Puram,16.657
PROP-11AB556E1B7F,376,213,348,376,374.7,CPCB_DEL_RK_Puram,26.334
PROP-95D54E473276,228,126,207,228,239.7,CPCB_DEL_Anand_Vihar,23.536
PROP-E66E224CEF19,225,126,206,225,259.0,CPCB_DEL_Anand_Vihar,4.328
PROP-262EB7B0D771,103,58,95,103,173.0,CPCB_DEL_RK_Puram,2.784
PROP-D1B2F895F2EB,424,221,362,424,434.3,CPCB_DEL_Anand_Vihar,30.806
PROP-82D45243A444,232,126,206,232,143.0,CPCB_DEL_RK_Puram,37.711
PROP-8F2A49BC74A3,414,225,368,414,389.7,CPCB_DEL_RK_Puram,14.106
PROP-7F39E980C902,98,56,91,98,166.0,CPCB_DEL_RK_Puram,37.711
PROP-D4467222C0F9,391,219,358,391,377.0,CPCB_DEL_RK_Puram,16.377
PROP-0CBC4854F792,99,56,92,99,169.0,CPCB_DEL_RK_Puram,21.698
PROP-59CBC1D6774B,254,132,217,254,260.0,CPCB_DEL_Anand_Vihar,24.97
PROP-B1B675E8142D,424,221,362,424,434.3,CPCB_DEL_Anand_Vihar,18.651
PROP-723AFBB2973C,419,237,388,419,443.3,CPCB_DEL_Anand_Vihar,29.796
PROP-58B6B62941AD,117,64,106,117,193.0,CPCB_DEL_Anand_Vihar,4.328
PROP-44E693DB18FE,290,153,250,290,175.7,CPCB_DEL_Anand_Vihar,30.3
PROP-ED813BF821A6,424,221,362,424,434.3,CPCB_DEL_Anand_Vihar,40.989
PROP-089E4346BF75,225,126,206,225,259.0,CPCB_DEL_Anand_Vihar,29.796
PROP-4AA7684F1488,372,198,324,372,385.7,CPCB_DEL_RK_Puram,38.38
PROP-69C3331D7873,117,64,106,117,193.0,CPCB_DEL_Anand_Vihar,34.155
PROP-3A2F20591B14,256,137,225,256,252.3,CPCB_DEL_Anand_Vihar,28.979
PROP-0FA6DEC053FD,110,59,97,110,198.7,CPCB_DEL_Anand_Vihar,4.328
PROP-943FD95F8EAB,372,198,324,372,385.7,CPCB_DEL_RK_Puram,35.321
PROP-32FC177241AD,218,119,196,218,139.0,CPCB_DEL_RK_Puram,23.39
PROP-AC484A704763,433,233,381,433,445.0,CPCB_DEL_Anand_Vihar,20.494
PROP-C935897EA31C,129,72,118,129,215.0,CPCB_DEL_Anand_Vihar,20.494
PROP-EBB27C120F4D,256,137,225,256,252.3,CPCB_DEL_Anand_Vihar,13.196
PROP-BC27555666D6,110,59,97,110,198.7,CPCB_DEL_Anand_Vihar,11.357
PROP-C9CE9E1BE5F1,121,64,105,121,187.3,CPCB_DEL_Anand_Vihar,37.199
PROP-473A60EABD96,98,56,91,98,166.0,CPCB_DEL_RK_Puram,21.193
PROP-AC35FE2E863B,419,237,388,419,443.3,CPCB_DEL_Anand_Vihar,4.328
PROP-B1D5055D16F0,190,99,162,190,203.0,CPCB_DEL_RK_Puram,42.018
PROP-4A16392BC138,252,137,224,252,148.3,CPCB_DEL_RK_Puram,25.741
PROP-C4EE8887A689,308,174,285,308,179.0,CPCB_DEL_Anand_Vihar,11.739
PROP-536072C845CF,276,151,248,276,173.7,CPCB_DEL_Anand_Vihar,31.658
PROP-D1007B77BD55,428,228,373,428,449.7,CPCB_DEL_Anand_Vihar,27.332
PROP-239E25FDEE2E,311,165,271,311,182.7,CPCB_DEL_Anand_Vihar,18.149
PROP-2AA7FE5DF11E,419,237,388,419,443.3,CPCB_DEL_Anand_Vihar,4.328
PROP-EE42602BC1DA,428,228,373,428,449.7,CPCB_DEL_Anand_Vihar,47.899
PROP-B8D7EF8F1CF6,110,58,95,110,183.3,CPCB_DEL_Anand_Vihar,4.328
PROP-0707ECB00886,414,225,368,414,389.7,CPCB_DEL_RK_Puram,29.235
PROP-40B8AAB716B5,433,233,381,433,445.0,CPCB_DEL_Anand_Vihar,4.328
PROP-9C0494989865,252,137,224,252,148.3,CPCB_DEL_RK_Puram,33.826
PROP-5FBE7C83FD8A,107,61,101,107,172.3,CPCB_DEL_RK_Puram,19.158
PROP-BA401F39E109,276,151,248,276,173.7,CPCB_DEL_Anand_Vihar,10.047
PROP-3771E212EE6C,414,225,368,414,389.7,CPCB_DEL_RK_Puram,16.377
PROP-F9E0FF6B4D86,225,123,202,225,146.3,CPCB_DEL_RK_Puram,14.777
PROP-B6A346B955EC,110,58,95,110,183.3,CPCB_DEL_Anand_Vihar,21.923
PROP-3EB3CBE9E9B3,225,126,206,225,259.0,CPCB_DEL_Anand_Vihar,15.057
PROP-ABC5A3DB50CB,190,99,162,190,203.0,CPCB_DEL_RK_Puram,31.72
PROP-242E8DAFB0D2,99,56,92,99,169.0,CPCB_DEL_RK_Puram,37.059
PROP-6A6FAAAA871F,107,61,101,107,172.3,CPCB_DEL_RK_Puram,19.372
PROP-A67E3AACE831,202,108,178,202,209.0,CPCB_DEL_RK_Puram,29.235
PROP-8C80456151F1,225,123,202,225,146.3,CPCB_DEL_RK_Puram,7.278
PROP-05F21C0AB51B,220,122,199,220,227.7,CPCB_DEL_RK_Puram,31.72
PROP-8D5ECD736CDD,225,123,202,225,146.3,CPCB_DEL_RK_Puram,21.698
PROP-468179C5D1E4,247,139,228,247,147.7,CPCB_DEL_RK_Puram,33.866
PROP-8AB32E3DCFB2,228,126,207,228,239.7,CPCB_DEL_Anand_Vihar,33.155
PROP-BED17B538DE1,391,219,358,391,377.0,CPCB_DEL_RK_Puram,7.238
PROP-DF0C747C508F,107,61,101,107,172.3,CPCB_DEL_RK_Puram,32.155
PROP-8A5AEA8A0508,225,123,202,225,146.3,CPCB_DEL_RK_Puram,25.074
PROP-7B8160A15414,428,228,373,428,449.7,CPCB_DEL_Anand_Vihar,31.658
PROP-A7FA60D674BC,110,58,95,110,183.3,CPCB_DEL_Anand_Vihar,17.803
PROP-4CD25030D02F,218,117,192,218,256.0,CPCB_DEL_Anand_Vihar,10.383
PROP-2C5A2A34CE01,232,126,206,232,143.0,CPCB_DEL_RK_Puram,18.456
PROP-B999F27E41BF,288,166,272,288,181.7,CPCB_DEL_Anand_Vihar,23.445
PROP-455D9123EBA4,376,213,348,376,374.7,CPCB_DEL_RK_Puram,2.784
PROP-635EB13EA470,182,105,171,182,201.7,CPCB_DEL_RK_Puram,7.238
PROP-6A7EA85260A1,254,132,217,254,260.0,CPCB_DEL_Anand_Vihar,16.968
PROP-E3C7480A33D6,129,72,118,129,215.0,CPCB_DEL_Anand_Vihar,21.923
PROP-56E474E660FC,376,213,348,376,374.7,CPCB_DEL_RK_Puram,25.741
PROP-C1BCC9332735,391,219,358,391,377.0,CPCB_DEL_RK_Puram,26.883
PROP-06C7A26820EE,108,59,97,108,168.0,CPCB_DEL_RK_Puram,29.235
PROP-23CCF3ECB318,228,126,207,228,239.7,CPCB_DEL_Anand_Vihar,29.796
PROP-BD0EFDD55941,110,59,97,110,198.7,CPCB_DEL_Anand_Vihar,10.383
PROP-6D810D4607DD,247,139,228,247,147.7,CPCB_DEL_RK_Puram,19.158
PROP-C31DB34FF0D3,288,166,272,288,181.7,CPCB_DEL_Anand_Vihar,35.058
PROP-FE554730CDDA,372,198,324,372,385.7,CPCB_DEL_RK_Puram,11.639
PROP-5977E7E1E977,308,174,285,308,179.0,CPCB_DEL_Anand_Vihar,17.239
PROP-A44AB0F92F57,254,132,217,254,260.0,CPCB_DEL_Anand_Vihar,33.525
PROP-ED6A17A2E494,372,198,324,372,385.7,CPCB_DEL_RK_Puram,40.781
PROP-F510311D1E27,108,59,97,108,168.0,CPCB_DEL_RK_Puram,40.781
PROP-246377AFCB21,129,72,118,129,215.0,CPCB_DEL_Anand_Vihar,14.14
PROP-3AB12F84366F,98,56,91,98,166.0,CPCB_DEL_RK_Puram,36.811
PROP-E6A82357ED3E,433,233,381,433,445.0,CPCB_DEL_Anand_Vihar,10.222
PROP-729166C1D8E1,184,106,173,184,205.7,CPCB_DEL_RK_Puram,6.424
PROP-B5E60FCBFC15,232,126,206,232,143.0,CPCB_DEL_RK_Puram,21.193
PROP-E2E4BD34C84D,247,139,228,247,147.7,CPCB_DEL_RK_Puram,21.339
PROP-B4697143CD46,107,61,101,107,172.3,CPCB_DEL_RK_Puram,3.985
PROP-96ACFA82F1E2,228,126,207,228,239.7,CPCB_DEL_Anand_Vihar,4.328
PROP-ED067BF8B1C3,376,213,348,376,374.7,CPCB_DEL_RK_Puram,26.931
PROP-C25EC1A65564,129,72,118,129,215.0,CPCB_DEL_Anand_Vihar,24.97
PROP-CC63B1AB551F,256,137,225,256,252.3,CPCB_DEL_Anand_Vihar,4.328
PROP-3A813D3650D4,247,139,228,247,147.7,CPCB_DEL_RK_Puram,18.132
PROP-AE3A7FB13428,108,59,97,108,168.0,CPCB_DEL_RK_Puram,42.018
PROP-A4D6700F61A1,256,137,225,256,252.3,CPCB_DEL_Anand_Vihar,16.194
PROP-8997AD0B9FA7,419,237,388,419,443.3,CPCB_DEL_Anand_Vihar,24.97
PROP-12473BF4436D,428,228,373,428,449.7,CPCB_DEL_Anand_Vihar,40.989
PROP-5A6427216B41,232,126,206,232,143.0,CPCB_DEL_RK_Puram,31.72
PROP-19031B804DE8,428,228,373,428,449.7,CPCB_DEL_Anand_Vihar,17.803
PROP-A88BB4379519,225,123,202,225,146.3,CPCB_DEL_RK_Puram,26.314
PROP-D4C15B7AA86E,103,58,95,103,173.0,CPCB_DEL_RK_Puram,35.321
PROP-DE7E09588887,311,165,271,311,182.7,CPCB_DEL_Anand_Vihar,10.047
PROP-975FD8A711E3,256,137,225,256,252.3,CPCB_DEL_Anand_Vihar,13.196
PROP-8DFDEBBCF846,308,174,285,308,179.0,CPCB_DEL_Anand_Vihar,23.259
PROP-B00E74D0F22D,424,221,362,424,434.3,CPCB_DEL_Anand_Vihar,17.803
PROP-8C9CC2A38116,129,72,118,129,215.0,CPCB_DEL_Anand_Vihar,18.617
PROP-B599B1954608,110,59,97,110,198.7,CPCB_DEL_Anand_Vihar,17.803
PROP-EE6C4F80095E,117,64,106,117,193.0,CPCB_DEL_Anand_Vihar,6.903
PROP-19BA84F568AF,182,105,171,182,201.7,CPCB_DEL_RK_Puram,19.872
PROP-6171ED7EF542,218,119,196,218,139.0,CPCB_DEL_RK_Puram,33.826
PROP-BBBD4B496738,103,58,95,103,173.0,CPCB_DEL_RK_Puram,12.541
PROP-B8E54493D89F,247,139,228,247,147.7,CPCB_DEL_RK_Puram,19.158
PROP-F72F006C0A67,252,137,224,252,148.3,CPCB_DEL_RK_Puram,37.384
PROP-B2DC063C2008,308,174,285,308,179.0,CPCB_DEL_Anand_Vihar,40.424
PROP-D935080AFBEE,121,64,105,121,187.3,CPCB_DEL_Anand_Vihar,10.447
PROP-FD67BD00167E,232,126,206,232,143.0,CPCB_DEL_RK_Puram,7.238
PROP-8D0ACAA3B664,218,119,196,218,139.0,CPCB_DEL_RK_Puram,16.776
PROP-BF4C557C8EAD,419,237,388,419,443.3,CPCB_DEL_Anand_Vihar,29.796
PROP-07E92179B7D9,419,237,388,419,443.3,CPCB_DEL_Anand_Vihar,41.034
PROP-1B11353AFBFD,225,126,206,225,259.0,CPCB_DEL_Anand_Vihar,17.239
PROP-65A568F8C6C3,433,233,381,433,445.0,CPCB_DEL_Anand_Vihar,14.14
PROP-35A2BA103625,428,228,373,428,449.7,CPCB_DEL_Anand_Vihar,26.962
PROP-9E416090CD1B,99,56,92,99,169.0,CPCB_DEL_RK_Puram,26.078
PROP-5CF75179CDBB,247,139,228,247,147.7,CPCB_DEL_RK_Puram,18.132
PROP-E6D6484BF620,225,126,206,225,259.0,CPCB_DEL_Anand_Vihar,15.057
PROP-05ADBB061371,184,106,173,184,205.7,CPCB_DEL_RK_Puram,26.078
PROP-0EC53738418F,98,56,91,98,166.0,CPCB_DEL_RK_Puram,33.723
PROP-6FBADABA28E7,225,126,206,225,259.0,CPCB_DEL_Anand_Vihar,18.115
PROP-91A5C082A239,252,137,224,252,148.3,CPCB_DEL_RK_Puram,27.073
PROP-3B37A88FA0F9,98,56,91,98,166.0,CPCB_DEL_RK_Puram,11.975
PROP-74446614F02A,225,123,202,225,146.3,CPCB_DEL_RK_Puram,35.321
PROP-9024E6B59AD1,228,126,207,228,239.7,CPCB_DEL_Anand_Vihar,20.494
PROP-ACFAA860089D,225,123,202,225,146.3,CPCB_DEL_RK_Puram,36.484
PROP-D16FB61DAB5B,107,61,101,107,172.3,CPCB_DEL_RK_Puram,19.158
PROP-278844013E37,99,56,92,99,169.0,CPCB_DEL_RK_Puram,11.639
PROP-28A35C76E09B,228,126,207,228,239.7,CPCB_DEL_Anand_Vihar,21.221
PROP-56CD627D0D22,414,225,368,414,389.7,CPCB_DEL_RK_Puram,46.086
PROP-B4C7B87F975E,232,126,206,232,143.0,CPCB_DEL_RK_Puram,35.023
PROP-FF381DEEA212,391,219,358,391,377.0,CPCB_DEL_RK_Puram,5.012
PROP-CC6285CD59CE,372,198,324,372,385.7,CPCB_DEL_RK_Puram,3.085
PROP-22F97124E57E,129,72,118,129,215.0,CPCB_DEL_Anand_Vihar,10.383
PROP-393FC1BCFA2E,225,123,202,225,146.3,CPCB_DEL_RK_Puram,21.193
PROP-ECBEB890E686,254,132,217,254,260.0,CPCB_DEL_Anand_Vihar,17.803
PROP-FB5D1AADF739,419,237,388,419,443.3,CPCB_DEL_Anand_Vihar,37.69
PROP-E57B6AFA4D1A,225,126,206,225,259.0,CPCB_DEL_Anand_Vihar,12.984
PROP-FA075C3B390B,391,219,358,391,377.0,CPCB_DEL_RK_Puram,26.314
PROP-AFD2A272539B,276,151,248,276,173.7,CPCB_DEL_Anand_Vihar,12.984
PROP-5073518DC4C4,311,165,271,311,182.7,CPCB_DEL_Anand_Vihar,4.328
PROP-7ED9D16B4A84,288,166,272,288,181.7,CPCB_DEL_Anand_Vihar,28.759
PROP-466AF358677D,308,174,285,308,179.0,CPCB_DEL_Anand_Vihar,28.98
PROP-0635841F6D3C,218,119,196,218,139.0,CPCB_DEL_RK_Puram,5.107
PROP-08005E9C2B3E,99,56,92,99,169.0,CPCB_DEL_RK_Puram,33.826
PROP-138EA99B7136,424,221,362,424,434.3,CPCB_DEL_Anand_Vihar,7.087
PROP-FAFAE77F0095,376,213,348,376,374.7,CPCB_DEL_RK_Puram,7.278
PROP-436EE8E1CBE7,290,153,250,290,175.7,CPCB_DEL_Anand_Vihar,10.447
PROP-84F443D9FE7C,103,58,95,103,173.0,CPCB_DEL_RK_Puram,15.892
PROP-D634AA61831A,428,228,373,428,449.7,CPCB_DEL_Anand_Vihar,37.69
PROP-877013BCA83A,117,64,106,117,193.0,CPCB_DEL_Anand_Vihar,17.803
PROP-16A02F189254,424,221,362,424,434.3,CPCB_DEL_Anand_Vihar,40.989
PROP-58E6F72FD497,190,99,162,190,203.0,CPCB_DEL_RK_Puram,9.025
PROP-F5B2923FF5D2,190,99,162,190,203.0,CPCB_DEL_RK_Puram,35.321
PROP-A208C676A6D6,276,151,248,276,173.7,CPCB_DEL_Anand_Vihar,30.3
PROP-195FDAF2FB4E,184,106,173,184,205.7,CPCB_DEL_RK_Puram,35.825
PROP-2BD3DCFC4E20,288,166,272,288,181.7,CPCB_DEL_Anand_Vihar,26.123
PROP-9D58F7F27BEA,311,165,271,311,182.7,CPCB_DEL_Anand_Vihar,23.845
PROP-8650D77D03F2,376,213,348,376,374.7,CPCB_DEL_RK_Puram,20.233
PROP-4DD00D1740F9,218,119,196,218,139.0,CPCB_DEL_RK_Puram,7.174
PROP-958AC097DB24,428,228,373,428,449.7,CPCB_DEL_Anand_Vihar,23.259
PROP-731A2F56E657,254,132,217,254,260.0,CPCB_DEL_Anand_Vihar,22.658
PROP-34A272FE93B7,247,139,228,247,147.7,CPCB_DEL_RK_Puram,9.025
PROP-880CEB87E272,391,219,358,391,377.0,CPCB_DEL_RK_Puram,15.419
PROP-679AC0C9D773,247,139,228,247,147.7,CPCB_DEL_RK_Puram,27.231
PROP-EE1F7B50872B,308,174,285,308,179.0,CPCB_DEL_Anand_Vihar,7.488
PROP-7BC1C7973745,225,123,202,225,146.3,CPCB_DEL_RK_Puram,6.455
PROP-35BB574F9F58,218,117,192,218,256.0,CPCB_DEL_Anand_Vihar,20.395
PROP-17BED5C33315,372,198,324,372,385.7,CPCB_DEL_RK_Puram,32.959
PROP-716C1C3869B8,184,106,173,184,205.7,CPCB_DEL_RK_Puram,3.085
PROP-54B639EB1037,121,64,105,121,187.3,CPCB_DEL_Anand_Vihar,11.967
PROP-241ABE4D826E,190,99,162,190,203.0,CPCB_DEL_RK_Puram,25.908
PROP-C95A79983804,290,153,250,290,175.7,CPCB_DEL_Anand_Vihar,15.372
PROP-D84C06FCBEC6,110,59,97,110,198.7,CPCB_DEL_Anand_Vihar,34.973
PROP-BB84CB2BB38E,108,59,97,108,168.0,CPCB_DEL_RK_Puram,18.562
PROP-4A9B133734C3,121,64,105,121,187.3,CPCB_DEL_Anand_Vihar,23.845
PROP-B89B0E1A51C3,419,237,388,419,443.3,CPCB_DEL_Anand_Vihar,28.98
PROP-37C83F24537E,228,126,207,228,239.7,CPCB_DEL_Anand_Vihar,20.381
PROP-9EC06CDE3FE5,182,105,171,182,201.7,CPCB_DEL_RK_Puram,5.012
PROP-AD44D7750C5C,99,56,92,99,169.0,CPCB_DEL_RK_Puram,21.339
PROP-7E4E30F5CDFA,254,132,217,254,260.0,CPCB_DEL_Anand_Vihar,34.973
PROP-1CD9E0CD67BA,376,213,348,376,374.7,CPCB_DEL_RK_Puram,21.698
PROP-A39B58DD3D8D,288,166,272,288,181.7,CPCB_DEL_Anand_Vihar,30.544
PROP-E536BB4B5B21,99,56,92,99,169.0,CPCB_DEL_RK_Puram,12.678
PROP-68F2A808349D,372,198,324,372,385.7,CPCB_DEL_RK_Puram,39.078
PROP-8F3FDCAF7F39,110,59,97,110,198.7,CPCB_DEL_Anand_Vihar,10.383
PROP-307C6737242B,220,122,199,220,227.7,CPCB_DEL_RK_Puram,14.406
PROP-F65690F2ABD0,290,153,250,290,175.7,CPCB_DEL_Anand_Vihar,34.973
PROP-A7999232B5E4,424,221,362,424,434.3,CPCB_DEL_Anand_Vihar,18.617
PROP-66302A7632CF,218,117,192,218,256.0,CPCB_DEL_Anand_Vihar,33.155
PROP-5D265814543E,117,64,106,117,193.0,CPCB_DEL_Anand_Vihar,23.536
PROP-8D7EF453F020,424,221,362,424,434.3,CPCB_DEL_Anand_Vihar,17.726
PROP-839AF4064A0D,108,59,97,108,168.0,CPCB_DEL_RK_Puram,32.603
PROP-696D6304721C,98,56,91,98,166.0,CPCB_DEL_RK_Puram,23.39
PROP-B68DD5AC1AF2,254,132,217,254,260.0,CPCB_DEL_Anand_Vihar,26.717
PROP-A5742665C7B2,290,153,250,290,175.7,CPCB_DEL_Anand_Vihar,7.053
PROP-02885E29E6E6,220,122,199,220,227.7,CPCB_DEL_RK_Puram,24.426
PROP-6DECCB0C8BA2,182,105,171,182,201.7,CPCB_DEL_RK_Puram,36.484
PROP-D1F20278616A,288,166,272,288,181.7,CPCB_DEL_Anand_Vihar,32.485
PROP-AABFB17B7D65,98,56,91,98,166.0,CPCB_DEL_RK_Puram,21.339
PROP-C4FD0E7AF566,108,59,97,108,168.0,CPCB_DEL_RK_Puram,27.603
PROP-82FB416D268D,202,108,178,202,209.0,CPCB_DEL_RK_Puram,31.671
PROP-1BE7E0CBCE41,428,228,373,428,449.7,CPCB_DEL_Anand_Vihar,28.98
PROP-B69A54FA2B79,247,139,228,247,147.7,CPCB_DEL_RK_Puram,31.96
PROP-A5130E55164A,182,105,171,182,201.7,CPCB_DEL_RK_Puram,11.639
PROP-029C14FB671B,107,61,101,107,172.3,CPCB_DEL_RK_Puram,35.023
PROP-18691DEDBB22,391,219,358,391,377.0,CPCB_DEL_RK_Puram,42.018
PROP-0C83D872A2B6,218,117,192,218,256.0,CPCB_DEL_Anand_Vihar,16.968
PROP-8A7D7FB7C618,225,123,202,225,146.3,CPCB_DEL_RK_Puram,18.562
PROP-3AB4A20C068F,228,126,207,228,239.7,CPCB_DEL_Anand_Vihar,23.139
PROP-A2CE2A190D11,107,61,101,107,172.3,CPCB_DEL_RK_Puram,11.639
PROP-CF35A6139A44,254,132,217,254,260.0,CPCB_DEL_Anand_Vihar,17.239
PROP-044AB85B66BD,190,99,162,190,203.0,CPCB_DEL_RK_Puram,22.908
PROP-7EB237241262,391,219,358,391,377.0,CPCB_DEL_RK_Puram,18.562
PROP-559ADCEFFC03,107,61,101,107,172.3,CPCB_DEL_RK_Puram,18.562
PROP-FF857BF81E6E,190,99,162,190,203.0,CPCB_DEL_RK_Puram,18.562
PROP-31E29FF66B52,276,151,248,276,173.7,CPCB_DEL_Anand_Vihar,33.525
PROP-879269C215CD,254,132,217,254,260.0,CPCB_DEL_Anand_Vihar,26.294
PROP-C86AD0AFD767,218,117,192,218,256.0,CPCB_DEL_Anand_Vihar,21.853
PROP-4CB24B1A7F77,98,56,91,98,166.0,CPCB_DEL_RK_Puram,25.741
PROP-DBBFAE6B0C09,424,221,362,424,434.3,CPCB_DEL_Anand_Vihar,20.949
PROP-E1347252CBE3,121,64,105,121,187.3,CPCB_DEL_Anand_Vihar,9.915
PROP-6C1BA666DB5C,121,64,105,121,187.3,CPCB_DEL_Anand_Vihar,30.878
PROP-7F84A31206E7,290,153,250,290,175.7,CPCB_DEL_Anand_Vihar,16.344
PROP-70DFF3D37A56,256,137,225,256,252.3,CPCB_DEL_Anand_Vihar,11.578
PROP-D1ECAC019D3E,110,59,97,110,198.7,CPCB_DEL_Anand_Vihar,26.962
PROP-7CA7DCEACC90,228,126,207,228,239.7,CPCB_DEL_Anand_Vihar,9.132
PROP-22FE79AFEBE4,117,64,106,117,193.0,CPCB_DEL_Anand_Vihar,34.973
PROP-0B513B85D5FC,414,225,368,414,389.7,CPCB_DEL_RK_Puram,46.086
PROP-F72BAAA45BAD,254,132,217,254,260.0,CPCB_DEL_Anand_Vihar,10.383
PROP-F0513E15F390,252,137,224,252,148.3,CPCB_DEL_RK_Puram,25.993
PROP-D0706C8D1125,288,166,272,288,181.7,CPCB_DEL_Anand_Vihar,23.536
PROP-D121AA0C3AAA,190,99,162,190,203.0,CPCB_DEL_RK_Puram,14.406
PROP-F199A2484588,98,56,91,98,166.0,CPCB_DEL_RK_Puram,16.776
PROP-0B1D55847FE5,108,59,97,108,168.0,CPCB_DEL_RK_Puram,16.184
PROP-B3D026B97011,225,126,206,225,259.0,CPCB_DEL_Anand_Vihar,21.853
PROP-235A8C785338,184,106,173,184,205.7,CPCB_DEL_RK_Puram,15.892
PROP-2E72DA46B322,121,64,105,121,187.3,CPCB_DEL_Anand_Vihar,23.445
PROP-D676E746E42B,419,237,388,419,443.3,CPCB_DEL_Anand_Vihar,30.878
PROP-3CCFB0787684,308,174,285,308,179.0,CPCB_DEL_Anand_Vihar,17.239
PROP-6D255EF087E8,414,225,368,414,389.7,CPCB_DEL_RK_Puram,5.357
PROP-F1F9B7ED7424,202,108,178,202,209.0,CPCB_DEL_RK_Puram,28.258
PROP-D61BBFBF56E2,220,122,199,220,227.7,CPCB_DEL_RK_Puram,18.132
PROP-959624B1253A,108,59,97,108,168.0,CPCB_DEL_RK_Puram,26.078
PROP-F5CB45D8CF6F,108,59,97,108,168.0,CPCB_DEL_RK_Puram,31.96
PROP-E4DFCB86AC04,108,59,97,108,168.0,CPCB_DEL_RK_Puram,26.931
PROP-91B509DD234B,247,139,228,247,147.7,CPCB_DEL_RK_Puram,26.931
PROP-C5C3B4BEAEB1,218,119,196,218,139.0,CPCB_DEL_RK_Puram,16.657
PROP-D55950B2A27C,372,198,324,372,385.7,CPCB_DEL_RK_Puram,41.209
PROP-81C09A6C6EAE,290,153,250,290,175.7,CPCB_DEL_Anand_Vihar,23.845
PROP-6C820DE65EB9,276,151,248,276,173.7,CPCB_DEL_Anand_Vihar,16.238
PROP-5FABD7B9D2A3,99,56,92,99,169.0,CPCB_DEL_RK_Puram,7.238
PROP-0A1D104A6B22,184,106,173,184,205.7,CPCB_DEL_RK_Puram,36.811
PROP-49FDBFDC3CA2,218,117,192,218,256.0,CPCB_DEL_Anand_Vihar,7.375
PROP-5A15969E04AC,182,105,171,182,201.7,CPCB_DEL_RK_Puram,11.097
PROP-6898C5489F27,254,132,217,254,260.0,CPCB_DEL_Anand_Vihar,18.617
PROP-1419EBCC9C10,433,233,381,433,445.0,CPCB_DEL_Anand_Vihar,8.725
PROP-3819EC0ED052,256,137,225,256,252.3,CPCB_DEL_Anand_Vihar,6.051
PROP-14B7E84EC415,252,137,224,252,148.3,CPCB_DEL_RK_Puram,32.959
PROP-C76DC7396011,308,174,285,308,179.0,CPCB_DEL_Anand_Vihar,20.381
PROP-83C8C0F36E1C,391,219,358,391,377.0,CPCB_DEL_RK_Puram,27.231
PROP-F207D5CD808B,225,126,206,225,259.0,CPCB_DEL_Anand_Vihar,23.139
PROP-9F9A77B0B0ED,391,219,358,391,377.0,CPCB_DEL_RK_Puram,43.829
PROP-CF51FA0D5DC0,107,61,101,107,172.3,CPCB_DEL_RK_Puram,24.533
PROP-0E74734C91CC,424,221,362,424,434.3,CPCB_DEL_Anand_Vihar,34.973
PROP-EA0D6158899E,376,213,348,376,374.7,CPCB_DEL_RK_Puram,11.639
PROP-3D21D2F1524A,372,198,324,372,385.7,CPCB_DEL_RK_Puram,31.671
PROP-ED5359BE4667,117,64,106,117,193.0,CPCB_DEL_Anand_Vihar,6.365
PROP-A6E8C948EB02,254,132,217,254,260.0,CPCB_DEL_Anand_Vihar,29.152
PROP-B0A4036F9A05,433,233,381,433,445.0,CPCB_DEL_Anand_Vihar,12.984
PROP-E8F5A4E76F8A,184,106,173,184,205.7,CPCB_DEL_RK_Puram,38.65
PROP-ED3142B78877,228,126,207,228,239.7,CPCB_DEL_Anand_Vihar,10.383
PROP-64F1DC9F7AFF,117,64,106,117,193.0,CPCB_DEL_Anand_Vihar,26.178
PROP-E1EF509F935B,419,237,388,419,443.3,CPCB_DEL_Anand_Vihar,38.145
PROP-0E86F3D01A91,372,198,324,372,385.7,CPCB_DEL_RK_Puram,12.678
PROP-8B2520F534A9,311,165,271,311,182.7,CPCB_DEL_Anand_Vihar,14.476
PROP-F77DF3A87D13,428,228,373,428,449.7,CPCB_DEL_Anand_Vihar,11.739
PROP-45EA70187843,202,108,178,202,209.0,CPCB_DEL_RK_Puram,28.258
PROP-458A6DD8A64D,121,64,105,121,187.3,CPCB_DEL_Anand_Vihar,4.328
PROP-84679F5DEDCD,414,225,368,414,389.7,CPCB_DEL_RK_Puram,21.698
PROP-3E26D485136C,225,123,202,225,146.3,CPCB_DEL_RK_Puram,25.908
PROP-DD9F4263FFD2,190,99,162,190,203.0,CPCB_DEL_RK_Puram,13.292
PROP-52F43E9C6FA3,99,56,92,99,169.0,CPCB_DEL_RK_Puram,7.238
PROP-00135F037FFC,121,64,105,121,187.3,CPCB_DEL_Anand_Vihar,19.685
PROP-EDF2C0704D5E,414,225,368,414,389.7,CPCB_DEL_RK_Puram,9.025
PROP-BCA51229B6B8,190,99,162,190,203.0,CPCB_DEL_RK_Puram,7.278
PROP-EDC3642869B7,254,132,217,254,260.0,CPCB_DEL_Anand_Vihar,26.717
PROP-1F6DC96A3CA7,108,59,97,108,168.0,CPCB_DEL_RK_Puram,29.235
PROP-6B3329DE0E25,424,221,362,424,434.3,CPCB_DEL_Anand_Vihar,31.658
PROP-E040EFD0E5EF,182,105,171,182,201.7,CPCB_DEL_RK_Puram,34.82
PROP-82282004A78B,220,122,199,220,227.7,CPCB_DEL_RK_Puram,22.908
PROP-13CF4411AE81,225,123,202,225,146.3,CPCB_DEL_RK_Puram,31.72
PROP-948A1130F9DD,290,153,250,290,175.7,CPCB_DEL_Anand_Vihar,29.988
PROP-689F4DBFAC80,228,126,207,228,239.7,CPCB_DEL_Anand_Vihar,31.522
PROP-B5B34DCBA259,247,139,228,247,147.7,CPCB_DEL_RK_Puram,27.603
PROP-6B3808B73B4C,129,72,118,129,215.0,CPCB_DEL_Anand_Vihar,10.383
PROP-E8FD32A3916C,308,174,285,308,179.0,CPCB_DEL_Anand_Vihar,11.739
PROP-90839A0E4CBA,372,198,324,372,385.7,CPCB_DEL_RK_Puram,13.292
PROP-267FB5516F5E,376,213,348,376,374.7,CPCB_DEL_RK_Puram,9.025
PROP-C892C0EA0F3C,184,106,173,184,205.7,CPCB_DEL_RK_Puram,22.908
PROP-BAB7782567A1,247,139,228,247,147.7,CPCB_DEL_RK_Puram,9.025
PROP-58C9876B5D7D,424,221,362,424,434.3,CPCB_DEL_Anand_Vihar,11.739
PROP-2B224DBF77F8,129,72,118,129,215.0,CPCB_DEL_Anand_Vihar,23.259
PROP-E8DE25016C12,182,105,171,182,201.7,CPCB_DEL_RK_Puram,9.025
PROP-CFB428FB0363,107,61,101,107,172.3,CPCB_DEL_RK_Puram,24.533
PROP-EA831A60C775,424,221,362,424,434.3,CPCB_DEL_Anand_Vihar,19.685
PROP-7F0AA396C140,225,126,206,225,259.0,CPCB_DEL_Anand_Vihar,26.123
PROP-C260304A1352,220,122,199,220,227.7,CPCB_DEL_RK_Puram,24.533
PROP-82D50D4155E9,290,153,250,290,175.7,CPCB_DEL_Anand_Vihar,27.332
PROP-DE82B62A1A95,121,64,105,121,187.3,CPCB_DEL_Anand_Vihar,19.705
PROP-CEBC73490271,256,137,225,256,252.3,CPCB_DEL_Anand_Vihar,4.375
PROP-D2AFF8E47DAE,129,72,118,129,215.0,CPCB_DEL_Anand_Vihar,19.705
PROP-3B345DE5905E,391,219,358,391,377.0,CPCB_DEL_RK_Puram,21.339
PROP-3C67411A46B3,419,237,388,419,443.3,CPCB_DEL_Anand_Vihar,29.22
PROP-B14B320EBDFC,252,137,224,252,148.3,CPCB_DEL_RK_Puram,21.339
PROP-F4CFA5C0A1F3,225,126,206,225,259.0,CPCB_DEL_Anand_Vihar,21.611
PROP-7C906484B12D,419,237,388,419,443.3,CPCB_DEL_Anand_Vihar,11.739
PROP-4634BE669FE9,428,228,373,428,449.7,CPCB_DEL_Anand_Vihar,11.739
PROP-195C8A240117,288,166,272,288,181.7,CPCB_DEL_Anand_Vihar,23.445
PROP-E594F511AF43,256,137,225,256,252.3,CPCB_DEL_Anand_Vihar,21.189
PROP-0AD9D77DD2DA,424,221,362,424,434.3,CPCB_DEL_Anand_Vihar,40.989
PROP-3FABBABC3977,276,151,248,276,173.7,CPCB_DEL_Anand_Vihar,31.658
PROP-AA1F2E9E4803,98,56,91,98,166.0,CPCB_DEL_RK_Puram,3.085
PROP-E14B49386C83,99,56,92,99,169.0,CPCB_DEL_RK_Puram,19.158
PROP-4344F2300610,129,72,118,129,215.0,CPCB_DEL_Anand_Vihar,24.97
PROP-F609A442B949,218,117,192,218,256.0,CPCB_DEL_Anand_Vihar,31.658
PROP-C17B8BD3A4EF,103,58,95,103,173.0,CPCB_DEL_RK_Puram,26.776
PROP-47BEDED8C92E,232,126,206,232,143.0,CPCB_DEL_RK_Puram,32.685
PROP-614112E6C915,247,139,228,247,147.7,CPCB_DEL_RK_Puram,36.811
PROP-EBBFBEAD8451,419,237,388,419,443.3,CPCB_DEL_Anand_Vihar,11.967
PROP-158B6A2025AB,428,228,373,428,449.7,CPCB_DEL_Anand_Vihar,19.705
PROP-5BD41C6908ED,218,117,192,218,256.0,CPCB_DEL_Anand_Vihar,4.375
PROP-57BCBA109AEF,290,153,250,290,175.7,CPCB_DEL_Anand_Vihar,30.806
PROP-E1D5E0FF19DA,290,153,250,290,175.7,CPCB_DEL_Anand_Vihar,20.949
PROP-64D0AD54CE95,225,126,206,225,259.0,CPCB_DEL_Anand_Vihar,28.979
PROP-464B1C603948,419,237,388,419,443.3,CPCB_DEL_Anand_Vihar,35.058
PROP-C6D0CBEC9F17,107,61,101,107,172.3,CPCB_DEL_RK_Puram,35.55
PROP-A8C7BF3EA9D9,225,123,202,225,146.3,CPCB_DEL_RK_Puram,25.993
PROP-874974318F8A,225,126,206,225,259.0,CPCB_DEL_Anand_Vihar,21.611
PROP-E6BC27C0C4ED,110,59,97,110,198.7,CPCB_DEL_Anand_Vihar,19.705
PROP-D8FBA4497356,103,58,95,103,173.0,CPCB_DEL_RK_Puram,19.158
PROP-C4D5D168314D,108,59,97,108,168.0,CPCB_DEL_RK_Puram,15.018
PROP-DCC11695C733,247,139,228,247,147.7,CPCB_DEL_RK_Puram,22.815
PROP-3E7758FBEA9C,372,198,324,372,385.7,CPCB_DEL_RK_Puram,21.698
PROP-B4E27E8C5540,424,221,362,424,434.3,CPCB_DEL_Anand_Vihar,4.375
PROP-49345AB115D9,428,228,373,428,449.7,CPCB_DEL_Anand_Vihar,31.199
PROP-782A953D5CAC,190,99,162,190,203.0,CPCB_DEL_RK_Puram,17.329
PROP-02EB2A6BB322,225,123,202,225,146.3,CPCB_DEL_RK_Puram,23.681
PROP-F9A4AC85C541,225,126,206,225,259.0,CPCB_DEL_Anand_Vihar,28.979
PROP-302C4BEE3BC0,129,72,118,129,215.0,CPCB_DEL_Anand_Vihar,23.445
PROP-304E27B69521,98,56,91,98,166.0,CPCB_DEL_RK_Puram,5.012
PROP-4FF5E02C31D4,117,64,106,117,193.0,CPCB_DEL_Anand_Vihar,18.617
PROP-E010A1A878EF,117,64,106,117,193.0,CPCB_DEL_Anand_Vihar,35.058
PROP-C9DEB9719E16,182,105,171,182,201.7,CPCB_DEL_RK_Puram,27.603
PROP-BCC94AABCDC0,225,123,202,225,146.3,CPCB_DEL_RK_Puram,14.106
PROP-05CA53500819,391,219,358,391,377.0,CPCB_DEL_RK_Puram,36.811
PROP-383A7D07DC0D,218,119,196,218,139.0,CPCB_DEL_RK_Puram,21.383
PROP-E0E8EE8BB99E,103,58,95,103,173.0,CPCB_DEL_RK_Puram,24.533
PROP-9248574AA7B4,424,221,362,424,434.3,CPCB_DEL_Anand_Vihar,4.328
PROP-5AF4176F7A71,247,139,228,247,147.7,CPCB_DEL_RK_Puram,35.321
PROP-C427B05AAC84,228,126,207,228,239.7,CPCB_DEL_Anand_Vihar,4.375
PROP-8211F8809585,121,64,105,121,187.3,CPCB_DEL_Anand_Vihar,26.123
PROP-AA9458B2E497,376,213,348,376,374.7,CPCB_DEL_RK_Puram,2.784
PROP-DD81E3A351B6,110,58,95,110,183.3,CPCB_DEL_Anand_Vihar,40.989
PROP-53A08B7E09D2,190,99,162,190,203.0,CPCB_DEL_RK_Puram,11.639
PROP-0CD0020BCB7A,218,117,192,218,256.0,CPCB_DEL_Anand_Vihar,21.524
PROP-AB0BF9FE13B3,110,58,95,110,183.3,CPCB_DEL_Anand_Vihar,12.15
PROP-1D500711B9EE,288,166,272,288,181.7,CPCB_DEL_Anand_Vihar,20.949
PROP-2373D0335E39,288,166,272,288,181.7,CPCB_DEL_Anand_Vihar,21.611
PROP-5595AF735EEB,110,59,97,110,198.7,CPCB_DEL_Anand_Vihar,18.149
PROP-6D279CE92D70,220,122,199,220,227.7,CPCB_DEL_RK_Puram,28.258
PROP-A0147C18DA6C,391,219,358,391,377.0,CPCB_DEL_RK_Puram,15.892
PROP-69410EA0FE7B,247,139,228,247,147.7,CPCB_DEL_RK_Puram,35.321
PROP-5323BAC2EAB8,129,72,118,129,215.0,CPCB_DEL_Anand_Vihar,10.051
PROP-90FCBBF9DFC7,121,64,105,121,187.3,CPCB_DEL_Anand_Vihar,33.155
PROP-19DDE35CCD8A,252,137,224,252,148.3,CPCB_DEL_RK_Puram,31.72
PROP-0EEE4BABA2CB,108,59,97,108,168.0,CPCB_DEL_RK_Puram,7.238
PROP-0425234B3E25,376,213,348,376,374.7,CPCB_DEL_RK_Puram,25.993
PROP-24690AD9BC21,232,126,206,232,143.0,CPCB_DEL_RK_Puram,21.698
PROP-B648F5933CA8,98,56,91,98,166.0,CPCB_DEL_RK_Puram,11.097
PROP-FB4663A87622,225,123,202,225,146.3,CPCB_DEL_RK_Puram,11.975
PROP-184757901953,129,72,118,129,215.0,CPCB_DEL_Anand_Vihar,19.705
PROP-2D33FB5133E5,311,165,271,311,182.7,CPCB_DEL_Anand_Vihar,6.831
PROP-65FA9395FADC,202,108,178,202,209.0,CPCB_DEL_RK_Puram,38.004
PROP-8B755816915C,256,137,225,256,252.3,CPCB_DEL_Anand_Vihar,19.685
PROP-8D6BA9ADCE62,121,64,105,121,187.3,CPCB_DEL_Anand_Vihar,19.685
PROP-09A0E39D77CC,428,228,373,428,449.7,CPCB_DEL_Anand_Vihar,9.36
PROP-4571497F0C62,376,213,348,376,374.7,CPCB_DEL_RK_Puram,21.698
PROP-D09CD08DFBC2,391,219,358,391,377.0,CPCB_DEL_RK_Puram,33.866
PROP-96F57B5AEFA0,288,166,272,288,181.7,CPCB_DEL_Anand_Vihar,7.087
PROP-06D88C5A77EF,225,123,202,225,146.3,CPCB_DEL_RK_Puram,21.339
PROP-CAABCB6C3B5B,108,59,97,108,168.0,CPCB_DEL_RK_Puram,25.993
PROP-F42359E769A8,117,64,106,117,193.0,CPCB_DEL_Anand_Vihar,45.072
PROP-F28E486C3DD2,428,228,373,428,449.7,CPCB_DEL_Anand_Vihar,29.796
PROP-6BC1C038B291,290,153,250,290,175.7,CPCB_DEL_Anand_Vihar,9.132
PROP-363847D78ADD,121,64,105,121,187.3,CPCB_DEL_Anand_Vihar,40.989
PROP-27C29707C2C2,225,123,202,225,146.3,CPCB_DEL_RK_Puram,23.651
PROP-34B36EEA068F,107,61,101,107,172.3,CPCB_DEL_RK_Puram,21.339
PROP-A58DD8CE844A,121,64,105,121,187.3,CPCB_DEL_Anand_Vihar,36.514
PROP-2997B246B908,424,221,362,424,434.3,CPCB_DEL_Anand_Vihar,9.36
PROP-2391D93E36CD,184,106,173,184,205.7,CPCB_DEL_RK_Puram,24.533
PROP-95A508500F44,228,126,207,228,239.7,CPCB_DEL_Anand_Vihar,28.759
PROP-DB435621B187,424,221,362,424,434.3,CPCB_DEL_Anand_Vihar,36.514
PROP-D3A72DE8C145,308,174,285,308,179.0,CPCB_DEL_Anand_Vihar,7.375
PROP-DAB68A857284,117,64,106,117,193.0,CPCB_DEL_Anand_Vihar,4.328
PROP-6FC82711E0A3,428,228,373,428,449.7,CPCB_DEL_Anand_Vihar,17.239
PROP-D41A0322D617,308,174,285,308,179.0,CPCB_DEL_Anand_Vihar,28.759
PROP-5D28E57C6D72,290,153,250,290,175.7,CPCB_DEL_Anand_Vihar,10.447
PROP-E86C712106E6,372,198,324,372,385.7,CPCB_DEL_RK_Puram,21.698
PROP-A8A15C6904F3,276,151,248,276,173.7,CPCB_DEL_Anand_Vihar,6.365
PROP-840841FB8368,220,122,199,220,227.7,CPCB_DEL_RK_Puram,33.826
PROP-5DF82316EC4A,184,106,173,184,205.7,CPCB_DEL_RK_Puram,37.711
PROP-65A30323E804,232,126,206,232,143.0,CPCB_DEL_RK_Puram,7.278
PROP-D54BF2F0FBB5,110,59,97,110,198.7,CPCB_DEL_Anand_Vihar,9.552
PROP-B4A17A667CBF,232,126,206,232,143.0,CPCB_DEL_RK_Puram,36.862
PROP-EBCE0D409B63,110,58,95,110,183.3,CPCB_DEL_Anand_Vihar,6.166
PROP-1BCEE9DA403B,182,105,171,182,201.7,CPCB_DEL_RK_Puram,27.713
PROP-236F3716984A,184,106,173,184,205.7,CPCB_DEL_RK_Puram,11.33
PROP-5622A8C388EF,372,198,324,372,385.7,CPCB_DEL_RK_Puram,3.085
PROP-29C5A600E63C,228,126,207,228,239.7,CPCB_DEL_Anand_Vihar,24.615
PROP-751F5EC0DC58,232,126,206,232,143.0,CPCB_DEL_RK_Puram,26.931
PROP-4DEE77BAA129,190,99,162,190,203.0,CPCB_DEL_RK_Puram,40.63
PROP-A43C564E9B34,225,126,206,225,259.0,CPCB_DEL_Anand_Vihar,26.178
PROP-B3BC05EDCF0F,247,139,228,247,147.7,CPCB_DEL_RK_Puram,26.314
PROP-C2BDE8CF5EA3,256,137,225,256,252.3,CPCB_DEL_Anand_Vihar,4.328
PROP-8F904426DF9B,252,137,224,252,148.3,CPCB_DEL_RK_Puram,5.107
PROP-1197E62BBCE2,107,61,101,107,172.3,CPCB_DEL_RK_Puram,5.107
PROP-932E8C3E8828,288,166,272,288,181.7,CPCB_DEL_Anand_Vihar,9.915
PROP-96DAE13CF9D3,276,151,248,276,173.7,CPCB_DEL_Anand_Vihar,47.899
PROP-A182564148DE,218,117,192,218,256.0,CPCB_DEL_Anand_Vihar,40.989
PROP-DDB8CD98F0D4,428,228,373,428,449.7,CPCB_DEL_Anand_Vihar,24.97
PROP-81E436767DB1,184,106,173,184,205.7,CPCB_DEL_RK_Puram,4.431
PROP-2661D02E6BD7,290,153,250,290,175.7,CPCB_DEL_Anand_Vihar,4.328
PROP-DCCE39FB8E08,228,126,207,228,239.7,CPCB_DEL_Anand_Vihar,27.332
PROP-76A477BF7BC7,308,174,285,308,179.0,CPCB_DEL_Anand_Vihar,35.058
PROP-A3201062A755,311,165,271,311,182.7,CPCB_DEL_Anand_Vihar,7.087
PROP-83BB1F781834,218,117,192,218,256.0,CPCB_DEL_Anand_Vihar,35.058
PROP-66679EAB153F,290,153,250,290,175.7,CPCB_DEL_Anand_Vihar,3.049
PROP-8B5ED3957797,428,228,373,428,449.7,CPCB_DEL_Anand_Vihar,24.97
PROP-306ABCB5EAF2,252,137,224,252,148.3,CPCB_DEL_RK_Puram,25.993
PROP-76E0F054D628,252,137,224,252,148.3,CPCB_DEL_RK_Puram,7.168
PROP-F72EAD9CC796,117,64,106,117,193.0,CPCB_DEL_Anand_Vihar,23.845
PROP-B6DCD838F284,108,59,97,108,168.0,CPCB_DEL_RK_Puram,19.158
PROP-44F16A627343,428,228,373,428,449.7,CPCB_DEL_Anand_Vihar,26.178
PROP-2778DA3A4FDD,190,99,162,190,203.0,CPCB_DEL_RK_Puram,25.908
PROP-4AE5BBC199FF,110,59,97,110,198.7,CPCB_DEL_Anand_Vihar,4.328
PROP-DBC324B4177E,190,99,162,190,203.0,CPCB_DEL_RK_Puram,6.455
PROP-031CA706B86B,182,105,171,182,201.7,CPCB_DEL_RK_Puram,19.158
PROP-8D21F6BC05CF,311,165,271,311,182.7,CPCB_DEL_Anand_Vihar,35.058
PROP-66F355A19CA3,190,99,162,190,203.0,CPCB_DEL_RK_Puram,35.825
PROP-08619B667B85,190,99,162,190,203.0,CPCB_DEL_RK_Puram,43.505
PROP-3D7E175E85B9,108,59,97,108,168.0,CPCB_DEL_RK_Puram,33.723
PROP-D1C9AD6C2BCA,254,132,217,254,260.0,CPCB_DEL_Anand_Vihar,21.221
PROP-3E4162EC775F,107,61,101,107,172.3,CPCB_DEL_RK_Puram,14.777
PROP-EADD48A34F1D,372,198,324,372,385.7,CPCB_DEL_RK_Puram,25.908
PROP-02BDAC812197,372,198,324,372,385.7,CPCB_DEL_RK_Puram,35.94
PROP-C8393C795512,117,64,106,117,193.0,CPCB_DEL_Anand_Vihar,21.923
PROP-A1797314C716,372,198,324,372,385.7,CPCB_DEL_RK_Puram,42.018
PROP-8910234229B0,182,105,171,182,201.7,CPCB_DEL_RK_Puram,21.339
PROP-AEE09F7AD71E,99,56,92,99,169.0,CPCB_DEL_RK_Puram,30.385
PROP-5378A3427C06,254,132,217,254,260.0,CPCB_DEL_Anand_Vihar,9.915
PROP-44E2EBE6AAB1,103,58,95,103,173.0,CPCB_DEL_RK_Puram,30.385
PROP-B50F2162E13C,110,58,95,110,183.3,CPCB_DEL_Anand_Vihar,20.381
PROP-170429CBD4F7,107,61,101,107,172.3,CPCB_DEL_RK_Puram,38.65
PROP-019BB7F6FC5A,98,56,91,98,166.0,CPCB_DEL_RK_Puram,29.235
PROP-737B997F6696,308,174,285,308,179.0,CPCB_DEL_Anand_Vihar,33.155
PROP-4E63038A900A,311,165,271,311,182.7,CPCB_DEL_Anand_Vihar,24.615
PROP-937825DA2B1F,98,56,91,98,166.0,CPCB_DEL_RK_Puram,10.908
PROP-37066F4FC163,107,61,101,107,172.3,CPCB_DEL_RK_Puram,19.158
PROP-39ECE8EAD3E8,121,64,105,121,187.3,CPCB_DEL_Anand_Vihar,15.057
PROP-214A1BD38BC3,391,219,358,391,377.0,CPCB_DEL_RK_Puram,22.908
PROP-33CEC28EED1E,288,166,272,288,181.7,CPCB_DEL_Anand_Vihar,32.548
PROP-DE4A56BA29B7,129,72,118,129,215.0,CPCB_DEL_Anand_Vihar,29.377
PROP-F7365B14A995,184,106,173,184,205.7,CPCB_DEL_RK_Puram,23.39
PROP-5B665AC97072,121,64,105,121,187.3,CPCB_DEL_Anand_Vihar,47.899
PROP-D7F33BDBF82D,288,166,272,288,181.7,CPCB_DEL_Anand_Vihar,10.383
PROP-C1DB3CA3C830,247,139,228,247,147.7,CPCB_DEL_RK_Puram,36.862
PROP-D3B3216E3E13,372,198,324,372,385.7,CPCB_DEL_RK_Puram,34.82
PROP-AA9C5648DFC1,107,61,101,107,172.3,CPCB_DEL_RK_Puram,34.511
PROP-E47155B6B604,254,132,217,254,260.0,CPCB_DEL_Anand_Vihar,29.377
PROP-E049FDCBD44A,290,153,250,290,175.7,CPCB_DEL_Anand_Vihar,6.051
PROP-7A7EC8641CCB,218,119,196,218,139.0,CPCB_DEL_RK_Puram,40.63
PROP-ACFF76472331,290,153,250,290,175.7,CPCB_DEL_Anand_Vihar,29.796
PROP-F6BF51826AE8,103,58,95,103,173.0,CPCB_DEL_RK_Puram,16.776
PROP-ABBAAB4A7BB3,98,56,91,98,166.0,CPCB_DEL_RK_Puram,33.866
PROP-C69CBD824771,424,221,362,424,434.3,CPCB_DEL_Anand_Vihar,26.294
PROP-C7081E53DE68,308,174,285,308,179.0,CPCB_DEL_Anand_Vihar,47.899
PROP-510C40DCBC1A,225,123,202,225,146.3,CPCB_DEL_RK_Puram,11.639
PROP-05E36858244F,110,59,97,110,198.7,CPCB_DEL_Anand_Vihar,29.796
PROP-A0E191ED98FC,428,228,373,428,449.7,CPCB_DEL_Anand_Vihar,31.199
PROP-BF94EA6998E2,121,64,105,121,187.3,CPCB_DEL_Anand_Vihar,10.447
PROP-BD146A2638E9,419,237,388,419,443.3,CPCB_DEL_Anand_Vihar,29.377
PROP-41DECBE14642,391,219,358,391,377.0,CPCB_DEL_RK_Puram,7.238
PROP-540887115CA0,247,139,228,247,147.7,CPCB_DEL_RK_Puram,26.078
PROP-9EAA174B89C8,228,126,207,228,239.7,CPCB_DEL_Anand_Vihar,24.615
PROP-A0C23590DE71,121,64,105,121,187.3,CPCB_DEL_Anand_Vihar,11.967
PROP-5991DD373696,232,126,206,232,143.0,CPCB_DEL_RK_Puram,21.193
PROP-8DC6E7A76E8D,117,64,106,117,193.0,CPCB_DEL_Anand_Vihar,28.759
PROP-23C365DC36AF,247,139,228,247,147.7,CPCB_DEL_RK_Puram,20.934
PROP-B973EB8BD1E3,391,219,358,391,377.0,CPCB_DEL_RK_Puram,2.784
PROP-ADF78593B6B3,247,139,228,247,147.7,CPCB_DEL_RK_Puram,26.078
PROP-610FA830667E,218,117,192,218,256.0,CPCB_DEL_Anand_Vihar,7.053
PROP-683E0F20B96A,225,126,206,225,259.0,CPCB_DEL_Anand_Vihar,9.552
PROP-5ED55045C2E9,232,126,206,232,143.0,CPCB_DEL_RK_Puram,23.39
PROP-7926FD6CA01B,103,58,95,103,173.0,CPCB_DEL_RK_Puram,19.872
PROP-1B5140BE74DB,184,106,173,184,205.7,CPCB_DEL_RK_Puram,28.258
PROP-1E7CF47E4D36,110,59,97,110,198.7,CPCB_DEL_Anand_Vihar,7.375
PROP-1F88B5250BC5,428,228,373,428,449.7,CPCB_DEL_Anand_Vihar,20.63
PROP-3414B83ABAA5,129,72,118,129,215.0,CPCB_DEL_Anand_Vihar,33.155
PROP-8F6EA6A77EE6,202,108,178,202,209.0,CPCB_DEL_RK_Puram,28.15
PROP-0039754D816B,225,123,202,225,146.3,CPCB_DEL_RK_Puram,19.282
PROP-1A62D3A8B20C,424,221,362,424,434.3,CPCB_DEL_Anand_Vihar,26.178
PROP-48BF3C417E79,225,126,206,225,259.0,CPCB_DEL_Anand_Vihar,18.651
PROP-BF235E59A908,256,137,225,256,252.3,CPCB_DEL_Anand_Vihar,4.328
PROP-6C7F239325FC,256,137,225,256,252.3,CPCB_DEL_Anand_Vihar,29.988
PROP-AF2784C8C8D8,232,126,206,232,143.0,CPCB_DEL_RK_Puram,3.085
PROP-DBFB07E88FA8,288,166,272,288,181.7,CPCB_DEL_Anand_Vihar,29.796
PROP-C047D2AE9C6E,414,225,368,414,389.7,CPCB_DEL_RK_Puram,32.959
PROP-468A9A5BE3D6,247,139,228,247,147.7,CPCB_DEL_RK_Puram,33.723
PROP-8397B88FCD2F,424,221,362,424,434.3,CPCB_DEL_Anand_Vihar,15.057
PROP-76DAA4321D5B,232,126,206,232,143.0,CPCB_DEL_RK_Puram,6.121
PROP-89566E2AA927,184,106,173,184,205.7,CPCB_DEL_RK_Puram,3.085
PROP-4D40B1A20187,288,166,272,288,181.7,CPCB_DEL_Anand_Vihar,20.381
PROP-9A1F628A10B9,110,59,97,110,198.7,CPCB_DEL_Anand_Vihar,9.36
PROP-75F9A5EE1F92,254,132,217,254,260.0,CPCB_DEL_Anand_Vihar,8.725
PROP-61E38729735D,99,56,92,99,169.0,CPCB_DEL_RK_Puram,13.411
PROP-46E0F6890D9C,252,137,224,252,148.3,CPCB_DEL_RK_Puram,21.188
PROP-136AEBD19947,376,213,348,376,374.7,CPCB_DEL_RK_Puram,35.55
PROP-1B2DE82BA47A,110,58,95,110,183.3,CPCB_DEL_Anand_Vihar,31.658
PROP-80FBD22F25CE,98,56,91,98,166.0,CPCB_DEL_RK_Puram,41.209
PROP-5D924DEEC572,110,59,97,110,198.7,CPCB_DEL_Anand_Vihar,26.178
PROP-1F1BF2A37E33,372,198,324,372,385.7,CPCB_DEL_RK_Puram,38.004
PROP-25E2DBEACDFC,424,221,362,424,434.3,CPCB_DEL_Anand_Vihar,7.375
PROP-C8858C0ED0CB,424,221,362,424,434.3,CPCB_DEL_Anand_Vihar,21.923
PROP-AC2972D4AA7B,433,233,381,433,445.0,CPCB_DEL_Anand_Vihar,18.651
PROP-6C84AFA01288,419,237,388,419,443.3,CPCB_DEL_Anand_Vihar,6.831
PROP-F830FDC28273,202,108,178,202,209.0,CPCB_DEL_RK_Puram,18.414
PROP-7668171B83E1,232,126,206,232,143.0,CPCB_DEL_RK_Puram,31.671
PROP-E9E5C4B7AAC9,98,56,91,98,166.0,CPCB_DEL_RK_Puram,27.231
PROP-2AF2EA93BE88,184,106,173,184,205.7,CPCB_DEL_RK_Puram,31.671
PROP-4C7D106ED966,225,123,202,225,146.3,CPCB_DEL_RK_Puram,35.321
PROP-BBBE22998481,117,64,106,117,193.0,CPCB_DEL_Anand_Vihar,23.259
PROP-885F6DECE8E0,376,213,348,376,374.7,CPCB_DEL_RK_Puram,19.372
PROP-E14EC9F1FE05,225,123,202,225,146.3,CPCB_DEL_RK_Puram,29.934
PROP-9796C9C039FE,252,137,224,252,148.3,CPCB_DEL_RK_Puram,35.321
PROP-2ED784EDB29E,290,153,250,290,175.7,CPCB_DEL_Anand_Vihar,17.286
PROP-0DC62637202C,107,61,101,107,172.3,CPCB_DEL_RK_Puram,19.158
PROP-A2AF85648E4A,372,198,324,372,385.7,CPCB_DEL_RK_Puram,26.314
PROP-C135DC61A42E,218,119,196,218,139.0,CPCB_DEL_RK_Puram,34.038
PROP-CEF1A98698ED,184,106,173,184,205.7,CPCB_DEL_RK_Puram,23.617
PROP-720ECAD8FD37,121,64,105,121,187.3,CPCB_DEL_Anand_Vihar,26.123
PROP-A73A08F3B782,103,58,95,103,173.0,CPCB_DEL_RK_Puram,37.711
PROP-C06190FC7F96,414,225,368,414,389.7,CPCB_DEL_RK_Puram,33.135
PROP-E5C5F0A58D28,256,137,225,256,252.3,CPCB_DEL_Anand_Vihar,23.536
PROP-A3102DD9561F,391,219,358,391,377.0,CPCB_DEL_RK_Puram,33.866
PROP-02F5F6696DEF,372,198,324,372,385.7,CPCB_DEL_RK_Puram,22.908
PROP-A160BA852AF7,218,119,196,218,139.0,CPCB_DEL_RK_Puram,14.406
PROP-388E7F8058BA,414,225,368,414,389.7,CPCB_DEL_RK_Puram,26.338
PROP-CD52096EC38E,424,221,362,424,434.3,CPCB_DEL_Anand_Vihar,4.328
PROP-1A9F03C97134,225,123,202,225,146.3,CPCB_DEL_RK_Puram,41.988
PROP-9FD4997B4B34,419,237,388,419,443.3,CPCB_DEL_Anand_Vihar,26.123
PROP-2282EA4A2005,225,126,206,225,259.0,CPCB_DEL_Anand_Vihar,12.984
PROP-D54E5BD2C299,288,166,272,288,181.7,CPCB_DEL_Anand_Vihar,20.494
PROP-23638DBC549A,276,151,248,276,173.7,CPCB_DEL_Anand_Vihar,30.544
PROP-7D4497834AAB,276,151,248,276,173.7,CPCB_DEL_Anand_Vihar,30.3
PROP-0CF098217A61,433,233,381,433,445.0,CPCB_DEL_Anand_Vihar,10.222
PROP-BFBFB684EC91,419,237,388,419,443.3,CPCB_DEL_Anand_Vihar,15.214
PROP-7F56A19818A4,290,153,250,290,175.7,CPCB_DEL_Anand_Vihar,10.447
PROP-22A4B37FF465,372,198,324,372,385.7,CPCB_DEL_RK_Puram,22.389
PROP-6A0ECB69824A,433,233,381,433,445.0,CPCB_DEL_Anand_Vihar,23.139
PROP-D2FDC2BAC526,182,105,171,182,201.7,CPCB_DEL_RK_Puram,7.238
PROP-33DB6FABD5F6,308,174,285,308,179.0,CPCB_DEL_Anand_Vihar,34.155
PROP-B447FE7A8B03,220,122,199,220,227.7,CPCB_DEL_RK_Puram,33.826
PROP-589D3AFC93D2,428,228,373,428,449.7,CPCB_DEL_Anand_Vihar,23.845
PROP-2CAFC4D0956A,218,119,196,218,139.0,CPCB_DEL_RK_Puram,7.278
PROP-B78CB6FA8318,190,99,162,190,203.0,CPCB_DEL_RK_Puram,27.989
PROP-6ECB7E3E403B,247,139,228,247,147.7,CPCB_DEL_RK_Puram,21.698
PROP-31B3B137A24C,218,119,196,218,139.0,CPCB_DEL_RK_Puram,29.235
PROP-60FB9F40355B,218,117,192,218,256.0,CPCB_DEL_Anand_Vihar,14.476
PROP-BB5B83AE6F90,98,56,91,98,166.0,CPCB_DEL_RK_Puram,31.184
PROP-A3C51BE75ADE,290,153,250,290,175.7,CPCB_DEL_Anand_Vihar,26.123
PROP-62EC600EA96C,108,59,97,108,168.0,CPCB_DEL_RK_Puram,7.135
PROP-021EB4138479,184,106,173,184,205.7,CPCB_DEL_RK_Puram,21.339
PROP-CC0A0C170500,108,59,97,108,168.0,CPCB_DEL_RK_Puram,33.723
PROP-7A8B25AACC18,424,221,362,424,434.3,CPCB_DEL_Anand_Vihar,11.357
PROP-430B0FEF9E3D,225,123,202,225,146.3,CPCB_DEL_RK_Puram,37.711
PROP-6A5127C9C9AA,424,221,362,424,434.3,CPCB_DEL_Anand_Vihar,21.524
PROP-A8FEB63999A3,225,123,202,225,146.3,CPCB_DEL_RK_Puram,26.776
PROP-91E45960E7BE,372,198,324,372,385.7,CPCB_DEL_RK_Puram,26.314
PROP-DF589742C704,202,108,178,202,209.0,CPCB_DEL_RK_Puram,15.892
PROP-80E837EC1ACD,276,151,248,276,173.7,CPCB_DEL_Anand_Vihar,23.139
PROP-A5B6865F6DB2,103,58,95,103,173.0,CPCB_DEL_RK_Puram,35.55
PROP-4B5EC421DAC6,129,72,118,129,215.0,CPCB_DEL_Anand_Vihar,20.247
PROP-A338C344DE29,225,126,206,225,259.0,CPCB_DEL_Anand_Vihar,30.631
PROP-0528464B90F4,288,166,272,288,181.7,CPCB_DEL_Anand_Vihar,15.057
PROP-F9DE4C27B10B,184,106,173,184,205.7,CPCB_DEL_RK_Puram,2.784
PROP-95E901FF31D0,225,123,202,225,146.3,CPCB_DEL_RK_Puram,22.908
PROP-D51CE8FC52B9,184,106,173,184,205.7,CPCB_DEL_RK_Puram,40.63
PROP-52373458E24C,218,119,196,218,139.0,CPCB_DEL_RK_Puram,40.63
PROP-7FE1DF5521DC,110,59,97,110,198.7,CPCB_DEL_Anand_Vihar,31.522
PROP-8D92EB037EDD,117,64,106,117,193.0,CPCB_DEL_Anand_Vihar,26.294
PROP-1C731A3D64BE,252,137,224,252,148.3,CPCB_DEL_RK_Puram,3.085
PROP-9D00F2ED2E0A,107,61,101,107,172.3,CPCB_DEL_RK_Puram,34.511
PROP-FE417A9B5422,433,233,381,433,445.0,CPCB_DEL_Anand_Vihar,38.145
PROP-067C289D6496,419,237,388,419,443.3,CPCB_DEL_Anand_Vihar,21.923
PROP-6AC7F700CB3A,311,165,271,311,182.7,CPCB_DEL_Anand_Vihar,29.796
PROP-F8C1C04890DB,276,151,248,276,173.7,CPCB_DEL_Anand_Vihar,31.199
PROP-DBF477E23C39,110,58,95,110,183.3,CPCB_DEL_Anand_Vihar,18.149
PROP-7A231C2E8DA5,290,153,250,290,175.7,CPCB_DEL_Anand_Vihar,4.375
PROP-A249D6417280,110,58,95,110,183.3,CPCB_DEL_Anand_Vihar,27.332
PROP-C086E31A05F9,276,151,248,276,173.7,CPCB_DEL_Anand_Vihar,7.053
PROP-75946B134AD9,107,61,101,107,172.3,CPCB_DEL_RK_Puram,21.188
PROP-BAAD4C92AB21,202,108,178,202,209.0,CPCB_DEL_RK_Puram,25.993
PROP-15EB978C0E48,372,198,324,372,385.7,CPCB_DEL_RK_Puram,21.698
PROP-8B16F49DE294,110,58,95,110,183.3,CPCB_DEL_Anand_Vihar,47.899
PROP-88F1E25B4D19,190,99,162,190,203.0,CPCB_DEL_RK_Puram,19.158
PROP-F3F1C0E1BB96,218,117,192,218,256.0,CPCB_DEL_Anand_Vihar,18.149
PROP-A1533B65D3E0,108,59,97,108,168.0,CPCB_DEL_RK_Puram,35.825
PROP-CB79FB086663,288,166,272,288,181.7,CPCB_DEL_Anand_Vihar,19.705
PROP-816BD4E6E620,256,137,225,256,252.3,CPCB_DEL_Anand_Vihar,18.913
PROP-FC87BD6423DF,254,132,217,254,260.0,CPCB_DEL_Anand_Vihar,31.658
PROP-D3AEF6A7F453,220,122,199,220,227.7,CPCB_DEL_RK_Puram,25.993
PROP-AA272F275458,311,165,271,311,182.7,CPCB_DEL_Anand_Vihar,10.047
PROP-F8D7D2953DAF,376,213,348,376,374.7,CPCB_DEL_RK_Puram,11.33
PROP-C082C290F850,424,221,362,424,434.3,CPCB_DEL_Anand_Vihar,30.544
PROP-4B71BEA85E23,220,122,199,220,227.7,CPCB_DEL_RK_Puram,16.377
PROP-B1A5CEB4EC11,218,119,196,218,139.0,CPCB_DEL_RK_Puram,7.278
PROP-59D7ED05852A,252,137,224,252,148.3,CPCB_DEL_RK_Puram,26.931
PROP-A844C71C682B,428,228,373,428,449.7,CPCB_DEL_Anand_Vihar,10.447
PROP-572CC45E00A7,254,132,217,254,260.0,CPCB_DEL_Anand_Vihar,7.488
PROP-12316EA1045F,290,153,250,290,175.7,CPCB_DEL_Anand_Vihar,47.899
PROP-20E122E0229E,433,233,381,433,445.0,CPCB_DEL_Anand_Vihar,27.332
PROP-4336DBBFD5D7,308,174,285,308,179.0,CPCB_DEL_Anand_Vihar,26.178
PROP-91964089B0FC,98,56,91,98,166.0,CPCB_DEL_RK_Puram,34.511
PROP-B92A5CFAEFA1,129,72,118,129,215.0,CPCB_DEL_Anand_Vihar,21.611
PROP-0D683E1976E3,372,198,324,372,385.7,CPCB_DEL_RK_Puram,25.993
PROP-1C6A5F604094,232,126,206,232,143.0,CPCB_DEL_RK_Puram,31.671
PROP-07492D517EFA,202,108,178,202,209.0,CPCB_DEL_RK_Puram,35.55
PROP-F4DA318F9727,108,59,97,108,168.0,CPCB_DEL_RK_Puram,34.038
PROP-C92A12D8A660,256,137,225,256,252.3,CPCB_DEL_Anand_Vihar,24.97
PROP-81324ABDC4BB,220,122,199,220,227.7,CPCB_DEL_RK_Puram,26.931
PROP-3CED2FDE8A58,190,99,162,190,203.0,CPCB_DEL_RK_Puram,16.377
PROP-EEC70E716251,98,56,91,98,166.0,CPCB_DEL_RK_Puram,26.776
PROP-2E3EC8E874AE,110,59,97,110,198.7,CPCB_DEL_Anand_Vihar,29.377
PROP-A2C5EC154C13,428,228,373,428,449.7,CPCB_DEL_Anand_Vihar,9.36
PROP-90D0535ED22A,290,153,250,290,175.7,CPCB_DEL_Anand_Vihar,29.988
PROP-70EA8DAA81C0,372,198,324,372,385.7,CPCB_DEL_RK_Puram,11.639
PROP-1AEEF00B8143,419,237,388,419,443.3,CPCB_DEL_Anand_Vihar,10.047
PROP-F50C1BA48ED0,99,56,92,99,169.0,CPCB_DEL_RK_Puram,11.975
PROP-31F885951463,218,117,192,218,256.0,CPCB_DEL_Anand_Vihar,29.988
PROP-C5E532654C36,108,59,97,108,168.0,CPCB_DEL_RK_Puram,35.321
PROP-064E723FCE21,182,105,171,182,201.7,CPCB_DEL_RK_Puram,26.931
PROP-9480C0CD57DC,254,132,217,254,260.0,CPCB_DEL_Anand_Vihar,10.051
PROP-458FD22F102D,220,122,199,220,227.7,CPCB_DEL_RK_Puram,35.321
PROP-1479E68CB9DD,182,105,171,182,201.7,CPCB_DEL_RK_Puram,16.377
PROP-65EDDE56B6E1,391,219,358,391,377.0,CPCB_DEL_RK_Puram,3.985
PROP-A3E677AAF921,107,61,101,107,172.3,CPCB_DEL_RK_Puram,33.826
PROP-7D41A52B615F,232,126,206,232,143.0,CPCB_DEL_RK_Puram,34.511
PROP-C4D26D6D447A,372,198,324,372,385.7,CPCB_DEL_RK_Puram,9.025
PROP-3AB9D03E31A9,256,137,225,256,252.3,CPCB_DEL_Anand_Vihar,21.189
PROP-39000AA69863,182,105,171,182,201.7,CPCB_DEL_RK_Puram,27.989
PROP-7124EB2D94EC,99,56,92,99,169.0,CPCB_DEL_RK_Puram,26.078
PROP-36E2157BF056,225,123,202,225,146.3,CPCB_DEL_RK_Puram,26.314
PROP-F1E5D788240F,256,137,225,256,252.3,CPCB_DEL_Anand_Vihar,18.617
PROP-A42010112C3C,228,126,207,228,239.7,CPCB_DEL_Anand_Vihar,9.132
PROP-501A03286D55,256,137,225,256,252.3,CPCB_DEL_Anand_Vihar,9.132
PROP-CA53E2567983,424,221,362,424,434.3,CPCB_DEL_Anand_Vihar,29.988
PROP-477CB73AD437,247,139,228,247,147.7,CPCB_DEL_RK_Puram,29.235
PROP-680B711B662F,376,213,348,376,374.7,CPCB_DEL_RK_Puram,35.55
PROP-FE4B402BA746,232,126,206,232,143.0,CPCB_DEL_RK_Puram,16.377
PROP-BB37F12EB01B,419,237,388,419,443.3,CPCB_DEL_Anand_Vihar,18.149
PROP-4E0BE3AEC2E9,103,58,95,103,173.0,CPCB_DEL_RK_Puram,16.776
PROP-AFDB4203AF02,98,56,91,98,166.0,CPCB_DEL_RK_Puram,25.993
PROP-AEBFCC3F628A,103,58,95,103,173.0,CPCB_DEL_RK_Puram,14.106
PROP-AAB30FD073E0,254,132,217,254,260.0,CPCB_DEL_Anand_Vihar,21.923
PROP-736F64CAAABC,252,137,224,252,148.3,CPCB_DEL_RK_Puram,18.115
PROP-8A889693F5C0,117,64,106,117,193.0,CPCB_DEL_Anand_Vihar,18.149
PROP-9340CADBE71D,117,64,106,117,193.0,CPCB_DEL_Anand_Vihar,19.705
PROP-FC3020398FAB,428,228,373,428,449.7,CPCB_DEL_Anand_Vihar,7.375
PROP-C0DC3294B139,290,153,250,290,175.7,CPCB_DEL_Anand_Vihar,31.199
PROP-FEFF583236B9,117,64,106,117,193.0,CPCB_DEL_Anand_Vihar,4.328
PROP-033F11EA9ECC,129,72,118,129,215.0,CPCB_DEL_Anand_Vihar,34.155
PROP-BAC586345943,218,119,196,218,139.0,CPCB_DEL_RK_Puram,26.776
PROP-2990ADE7EC2D,103,58,95,103,173.0,CPCB_DEL_RK_Puram,35.55
PROP-F8FE0DABA1B9,372,198,324,372,385.7,CPCB_DEL_RK_Puram,15.018
PROP-5A7F17C61627,247,139,228,247,147.7,CPCB_DEL_RK_Puram,28.258
PROP-6E64FBE594BF,376,213,348,376,374.7,CPCB_DEL_RK_Puram,35.55
PROP-D2C036034981,276,151,248,276,173.7,CPCB_DEL_Anand_Vihar,10.383
PROP-49C366EDD5C1,424,221,362,424,434.3,CPCB_DEL_Anand_Vihar,35.058
PROP-32B92088BF87,372,198,324,372,385.7,CPCB_DEL_RK_Puram,19.158
PROP-2912A352F0C7,311,165,271,311,182.7,CPCB_DEL_Anand_Vihar,40.989
PROP-6C1A4E8DC22F,414,225,368,414,389.7,CPCB_DEL_RK_Puram,29.907
PROP-3E6AAADDF926,110,58,95,110,183.3,CPCB_DEL_Anand_Vihar,16.194
PROP-74AAD40BB95B,372,198,324,372,385.7,CPCB_DEL_RK_Puram,22.921
PROP-CF7BD04E242E,108,59,97,108,168.0,CPCB_DEL_RK_Puram,2.784
PROP-57E24CC20C9C,220,122,199,220,227.7,CPCB_DEL_RK_Puram,27.989
PROP-D943D15B8A66,110,59,97,110,198.7,CPCB_DEL_Anand_Vihar,27.332
PROP-AAD896B1BF0A,311,165,271,311,182.7,CPCB_DEL_Anand_Vihar,28.98
PROP-5B84EDBA0E0B,220,122,199,220,227.7,CPCB_DEL_RK_Puram,7.174
PROP-F5D14B54CAAA,202,108,178,202,209.0,CPCB_DEL_RK_Puram,22.389
PROP-8AC9822EAF6E,202,108,178,202,209.0,CPCB_DEL_RK_Puram,35.55
PROP-50676E9D9F4F,98,56,91,98,166.0,CPCB_DEL_RK_Puram,25.993
PROP-9E5E3A9A2D20,414,225,368,414,389.7,CPCB_DEL_RK_Puram,35.55
PROP-797B1CDB64BB,232,126,206,232,143.0,CPCB_DEL_RK_Puram,26.338
PROP-84CECA19B343,103,58,95,103,173.0,CPCB_DEL_RK_Puram,23.39
PROP-EF727F0D4308,110,59,97,110,198.7,CPCB_DEL_Anand_Vihar,23.536
PROP-035E15FDBD0A,184,106,173,184,205.7,CPCB_DEL_RK_Puram,36.811
PROP-F4EAB854D557,121,64,105,121,187.3,CPCB_DEL_Anand_Vihar,15.057
PROP-65601B0A1D19,247,139,228,247,147.7,CPCB_DEL_RK_Puram,28.15
PROP-91A690CFDFBE,225,126,206,225,259.0,CPCB_DEL_Anand_Vihar,19.705
PROP-14FA0C6C05BC,428,228,373,428,449.7,CPCB_DEL_Anand_Vihar,21.611
PROP-0E3ACE6CE9DA,225,123,202,225,146.3,CPCB_DEL_RK_Puram,10.488
PROP-7229C81C8BF5,107,61,101,107,172.3,CPCB_DEL_RK_Puram,21.339
PROP-E70804556538,228,126,207,228,239.7,CPCB_DEL_Anand_Vihar,31.199
PROP-9B30179C0C1B,218,119,196,218,139.0,CPCB_DEL_RK_Puram,26.931
PROP-3AC0CE737D15,419,237,388,419,443.3,CPCB_DEL_Anand_Vihar,47.899
PROP-A193F948F290,372,198,324,372,385.7,CPCB_DEL_RK_Puram,41.209
PROP-DD05DC29E823,433,233,381,433,445.0,CPCB_DEL_Anand_Vihar,31.199
PROP-804E21F772D9,99,56,92,99,169.0,CPCB_DEL_RK_Puram,36.484
PROP-342BC8D2F3C7,225,126,206,225,259.0,CPCB_DEL_Anand_Vihar,10.447
PROP-960ED2BF9648,428,228,373,428,449.7,CPCB_DEL_Anand_Vihar,40.989
PROP-89A5B5785E8F,424,221,362,424,434.3,CPCB_DEL_Anand_Vihar,38.145
PROP-08020ABAEB5F,110,59,97,110,198.7,CPCB_DEL_Anand_Vihar,36.08
PROP-900EAAC90A3D,256,137,225,256,252.3,CPCB_DEL_Anand_Vihar,40.989
PROP-4B5730EB67C2,372,198,324,372,385.7,CPCB_DEL_RK_Puram,22.389
PROP-D31B7E171AF9,428,228,373,428,449.7,CPCB_DEL_Anand_Vihar,18.149
PROP-4E1A399E870E,218,117,192,218,256.0,CPCB_DEL_Anand_Vihar,10.222
PROP-27B5A2478FC9,108,59,97,108,168.0,CPCB_DEL_RK_Puram,31.671
PROP-04A035346824,256,137,225,256,252.3,CPCB_DEL_Anand_Vihar,47.899
PROP-1637BD590F22,98,56,91,98,166.0,CPCB_DEL_RK_Puram,41.209
PROP-81B98A2ADF41,110,59,97,110,198.7,CPCB_DEL_Anand_Vihar,40.989
PROP-09A0D4732ABB,311,165,271,311,182.7,CPCB_DEL_Anand_Vihar,40.989
PROP-1E4D212E16DB,372,198,324,372,385.7,CPCB_DEL_RK_Puram,41.209
PROP-9C5C46DF103D,225,126,206,225,259.0,CPCB_DEL_Anand_Vihar,30.3
PROP-7C743DE96A47,428,228,373,428,449.7,CPCB_DEL_Anand_Vihar,4.328
PROP-428F5C3D50D3,391,219,358,391,377.0,CPCB_DEL_RK_Puram,26.776
PROP-0E4F30F4E689,182,105,171,182,201.7,CPCB_DEL_RK_Puram,41.209
PROP-FD46C175A248,190,99,162,190,203.0,CPCB_DEL_RK_Puram,31.671
PROP-BB16088D9D1D,232,126,206,232,143.0,CPCB_DEL_RK_Puram,29.235
PROP-E8983914201F,256,137,225,256,252.3,CPCB_DEL_Anand_Vihar,16.968
PROP-CE5B189F4B79,182,105,171,182,201.7,CPCB_DEL_RK_Puram,1.19
PROP-76BE076D06CB,414,225,368,414,389.7,CPCB_DEL_RK_Puram,18.337
PROP-DCECF4C06F43,254,132,217,254,260.0,CPCB_DEL_Anand_Vihar,21.524
PROP-75CB3F9E17F6,182,105,171,182,201.7,CPCB_DEL_RK_Puram,15.018
PROP-D6E3A5B6EB82,184,106,173,184,205.7,CPCB_DEL_RK_Puram,37.711
PROP-82D8CB8A7FEF,225,126,206,225,259.0,CPCB_DEL_Anand_Vihar,28.759
PROP-648DA5A4EDFF,110,59,97,110,198.7,CPCB_DEL_Anand_Vihar,30.544
PROP-5CA4082B285E,110,58,95,110,183.3,CPCB_DEL_Anand_Vihar,29.22
PROP-CF4CB2CC0280,225,126,206,225,259.0,CPCB_DEL_Anand_Vihar,10.047
PROP-FFBF86C060C1,220,122,199,220,227.7,CPCB_DEL_RK_Puram,23.39
PROP-70FFCE041A5D,376,213,348,376,374.7,CPCB_DEL_RK_Puram,11.639
PROP-AD3488489418,247,139,228,247,147.7,CPCB_DEL_RK_Puram,32.603
PROP-0E72D13F605A,117,64,106,117,193.0,CPCB_DEL_Anand_Vihar,30.544
PROP-F2ADE31577F6,311,165,271,311,182.7,CPCB_DEL_Anand_Vihar,10.447
PROP-84CF0AE2CC53,391,219,358,391,377.0,CPCB_DEL_RK_Puram,25.993
PROP-1DCB5946CC9C,433,233,381,433,445.0,CPCB_DEL_Anand_Vihar,34.973
PROP-C8CEF0B463E3,424,221,362,424,434.3,CPCB_DEL_Anand_Vihar,10.047
PROP-A90ED568004B,372,198,324,372,385.7,CPCB_DEL_RK_Puram,34.511
PROP-5B88E522A164,98,56,91,98,166.0,CPCB_DEL_RK_Puram,26.545
PROP-7F042CF295A1,103,58,95,103,173.0,CPCB_DEL_RK_Puram,31.72
PROP-2C5A7E38F07D,202,108,178,202,209.0,CPCB_DEL_RK_Puram,2.267
PROP-CFC7282E4796,433,233,381,433,445.0,CPCB_DEL_Anand_Vihar,40.989
PROP-9A51344C7172,308,174,285,308,179.0,CPCB_DEL_Anand_Vihar,6.365
PROP-DDAEBA7D9C20,218,117,192,218,256.0,CPCB_DEL_Anand_Vihar,16.344
PROP-5EAA49581593,254,132,217,254,260.0,CPCB_DEL_Anand_Vihar,24.97
PROP-FB5344382DBC,232,126,206,232,143.0,CPCB_DEL_RK_Puram,18.337
PROP-8540A8EB7012,228,126,207,228,239.7,CPCB_DEL_Anand_Vihar,21.923
PROP-5B797072038D,276,151,248,276,173.7,CPCB_DEL_Anand_Vihar,16.344
PROP-CA2FEB0A4277,376,213,348,376,374.7,CPCB_DEL_RK_Puram,6.424
PROP-4EBB97B79FAF,433,233,381,433,445.0,CPCB_DEL_Anand_Vihar,16.344
PROP-138B97AC9864,276,151,248,276,173.7,CPCB_DEL_Anand_Vihar,4.328
PROP-EF5EA463FDC9,129,72,118,129,215.0,CPCB_DEL_Anand_Vihar,4.328
PROP-C25510000B39,288,166,272,288,181.7,CPCB_DEL_Anand_Vihar,6.365
PROP-D6F0CBD672E4,99,56,92,99,169.0,CPCB_DEL_RK_Puram,2.784
PROP-BE244155119D,254,132,217,254,260.0,CPCB_DEL_Anand_Vihar,36.514
PROP-168B47549796,218,117,192,218,256.0,CPCB_DEL_Anand_Vihar,23.536
PROP-D5301608193A,276,151,248,276,173.7,CPCB_DEL_Anand_Vihar,31.199
PROP-3950E5D52BFE,117,64,106,117,193.0,CPCB_DEL_Anand_Vihar,28.759
PROP-D2E981E6B817,220,122,199,220,227.7,CPCB_DEL_RK_Puram,33.723
PROP-A5928B78B707,254,132,217,254,260.0,CPCB_DEL_Anand_Vihar,23.536
PROP-3B7C3C4B1436,103,58,95,103,173.0,CPCB_DEL_RK_Puram,33.723
PROP-C62B43F38CCC,98,56,91,98,166.0,CPCB_DEL_RK_Puram,2.784
PROP-4AADFA33BEBC,419,237,388,419,443.3,CPCB_DEL_Anand_Vihar,26.123
PROP-038615FDDE7D,252,137,224,252,148.3,CPCB_DEL_RK_Puram,26.776
PROP-3CA39ECB4CD3,103,58,95,103,173.0,CPCB_DEL_RK_Puram,35.321
PROP-A3E3F2B9BC83,117,64,106,117,193.0,CPCB_DEL_Anand_Vihar,30.878
PROP-4BCA1BD4B49F,107,61,101,107,172.3,CPCB_DEL_RK_Puram,11.097
PROP-D7C33BC0860B,311,165,271,311,182.7,CPCB_DEL_Anand_Vihar,18.651
PROP-FA9E73ABA9B8,225,123,202,225,146.3,CPCB_DEL_RK_Puram,36.484
PROP-FCB574350BF6,218,119,196,218,139.0,CPCB_DEL_RK_Puram,28.15
PROP-C078C11772CD,276,151,248,276,173.7,CPCB_DEL_Anand_Vihar,18.651
PROP-580D0948528A,228,126,207,228,239.7,CPCB_DEL_Anand_Vihar,35.058
PROP-BDBA28B0D324,308,174,285,308,179.0,CPCB_DEL_Anand_Vihar,29.988
PROP-79466CE424BF,391,219,358,391,377.0,CPCB_DEL_RK_Puram,35.321
PROP-6855AC3493CB,225,126,206,225,259.0,CPCB_DEL_Anand_Vihar,26.178
PROP-E3E5EF91A253,228,126,207,228,239.7,CPCB_DEL_Anand_Vihar,47.899
PROP-45D2F051B660,99,56,92,99,169.0,CPCB_DEL_RK_Puram,28.15
PROP-BE4EE668B373,308,174,285,308,179.0,CPCB_DEL_Anand_Vihar,4.328
PROP-BD945D91DDF4,220,122,199,220,227.7,CPCB_DEL_RK_Puram,23.39
PROP-01CEEE62D6BB,424,221,362,424,434.3,CPCB_DEL_Anand_Vihar,23.139
PROP-0CA3E5D65D93,218,119,196,218,139.0,CPCB_DEL_RK_Puram,21.124
PROP-909C64B3F704,98,56,91,98,166.0,CPCB_DEL_RK_Puram,35.321
PROP-5196B0799C1F,419,237,388,419,443.3,CPCB_DEL_Anand_Vihar,32.548
PROP-5D24CD48769C,98,56,91,98,166.0,CPCB_DEL_RK_Puram,16.657
PROP-50A7A3783741,276,151,248,276,173.7,CPCB_DEL_Anand_Vihar,4.328
PROP-98C89B2206BD,288,166,272,288,181.7,CPCB_DEL_Anand_Vihar,30.806
PROP-27D281122E90,103,58,95,103,173.0,CPCB_DEL_RK_Puram,38.004
PROP-723B07FC1828,252,137,224,252,148.3,CPCB_DEL_RK_Puram,7.278
PROP-59377D614B67,190,99,162,190,203.0,CPCB_DEL_RK_Puram,15.892
PROP-111038616616,414,225,368,414,389.7,CPCB_DEL_RK_Puram,27.713
PROP-71628ED6D0EE,424,221,362,424,434.3,CPCB_DEL_Anand_Vihar,23.845
PROP-BADB23D28B0A,108,59,97,108,168.0,CPCB_DEL_RK_Puram,27.231
PROP-7FB58A015C49,225,126,206,225,259.0,CPCB_DEL_Anand_Vihar,38.145
PROP-E3D092B0E9F0,424,221,362,424,434.3,CPCB_DEL_Anand_Vihar,36.514
PROP-322435441A35,228,126,207,228,239.7,CPCB_DEL_Anand_Vihar,21.611
PROP-47BA1AA88BE1,99,56,92,99,169.0,CPCB_DEL_RK_Puram,33.826
PROP-A19C8B44B592,190,99,162,190,203.0,CPCB_DEL_RK_Puram,35.321
PROP-F00207A343C3,218,119,196,218,139.0,CPCB_DEL_RK_Puram,7.238
PROP-59B7558BA319,107,61,101,107,172.3,CPCB_DEL_RK_Puram,20.274
PROP-8595D5A88B55,218,119,196,218,139.0,CPCB_DEL_RK_Puram,3.085
PROP-F97B26905F1C,182,105,171,182,201.7,CPCB_DEL_RK_Puram,33.826
PROP-ACA58E625F57,276,151,248,276,173.7,CPCB_DEL_Anand_Vihar,22.658
PROP-64F5EBE68935,110,59,97,110,198.7,CPCB_DEL_Anand_Vihar,40.989
PROP-196D6AC4B8A4,308,174,285,308,179.0,CPCB_DEL_Anand_Vihar,31.199
PROP-2B8B677736D6,184,106,173,184,205.7,CPCB_DEL_RK_Puram,11.33
PROP-288D22A9A42C,419,237,388,419,443.3,CPCB_DEL_Anand_Vihar,26.962
PROP-9031018CF88F,129,72,118,129,215.0,CPCB_DEL_Anand_Vihar,31.199
PROP-4ABDFF3C6B24,433,233,381,433,445.0,CPCB_DEL_Anand_Vihar,10.047
PROP-234DFEDC3C38,225,123,202,225,146.3,CPCB_DEL_RK_Puram,23.39
PROP-1E1C17353E40,252,137,224,252,148.3,CPCB_DEL_RK_Puram,10.964
PROP-290654392909,228,126,207,228,239.7,CPCB_DEL_Anand_Vihar,4.328
PROP-DFC6FBBF9D1F,428,228,373,428,449.7,CPCB_DEL_Anand_Vihar,18.149
PROP-D6BDA3BAE1E0,225,126,206,225,259.0,CPCB_DEL_Anand_Vihar,24.97
PROP-AFF1688DC6DB,252,137,224,252,148.3,CPCB_DEL_RK_Puram,4.431
PROP-310E52E75A13,228,126,207,228,239.7,CPCB_DEL_Anand_Vihar,29.796
PROP-70698E8FAB23,256,137,225,256,252.3,CPCB_DEL_Anand_Vihar,20.247
PROP-2B952DC1D3AE,290,153,250,290,175.7,CPCB_DEL_Anand_Vihar,18.149
PROP-ECB34FD0133A,225,123,202,225,146.3,CPCB_DEL_RK_Puram,19.372
PROP-871A41D99AB6,428,228,373,428,449.7,CPCB_DEL_Anand_Vihar,18.149
PROP-0BD9D3424BD8,117,64,106,117,193.0,CPCB_DEL_Anand_Vihar,30.806
PROP-7F3F80142AB6,110,59,97,110,198.7,CPCB_DEL_Anand_Vihar,4.328
PROP-B35EB2D7500C,121,64,105,121,187.3,CPCB_DEL_Anand_Vihar,41.199
PROP-B55F03CE0A4C,372,198,324,372,385.7,CPCB_DEL_RK_Puram,35.55
PROP-D7BA3EA5A4B1,372,198,324,372,385.7,CPCB_DEL_RK_Puram,6.455
PROP-F8961792FC7C,99,56,92,99,169.0,CPCB_DEL_RK_Puram,10.488
PROP-488B4089F81E,419,237,388,419,443.3,CPCB_DEL_Anand_Vihar,18.617
PROP-1AD8766EFA1F,288,166,272,288,181.7,CPCB_DEL_Anand_Vihar,29.22
PROP-32D074D4D650,376,213,348,376,374.7,CPCB_DEL_RK_Puram,11.639
PROP-2932D227ECDB,103,58,95,103,173.0,CPCB_DEL_RK_Puram,20.274
PROP-30F348DA4950,372,198,324,372,385.7,CPCB_DEL_RK_Puram,26.931
PROP-65B1C47C1344,99,56,92,99,169.0,CPCB_DEL_RK_Puram,26.931
PROP-3F54F9F1B525,228,126,207,228,239.7,CPCB_DEL_Anand_Vihar,4.328
PROP-11700FC189E0,290,153,250,290,175.7,CPCB_DEL_Anand_Vihar,22.658
PROP-23F197840182,190,99,162,190,203.0,CPCB_DEL_RK_Puram,18.562
PROP-0B63854CA4CC,121,64,105,121,187.3,CPCB_DEL_Anand_Vihar,23.845
PROP-77E8219E84FC,98,56,91,98,166.0,CPCB_DEL_RK_Puram,35.321
PROP-49628F23596A,129,72,118,129,215.0,CPCB_DEL_Anand_Vihar,4.328
PROP-4EBE3E2A5761,391,219,358,391,377.0,CPCB_DEL_RK_Puram,11.639
PROP-01DD813CAEF6,276,151,248,276,173.7,CPCB_DEL_Anand_Vihar,35.058
PROP-9E0B2E74AED2,202,108,178,202,209.0,CPCB_DEL_RK_Puram,23.39
PROP-8E69573011E6,414,225,368,414,389.7,CPCB_DEL_RK_Puram,21.339
PROP-02E3592C9641,108,59,97,108,168.0,CPCB_DEL_RK_Puram,33.866
PROP-AD600AA07603,290,153,250,290,175.7,CPCB_DEL_Anand_Vihar,40.989
PROP-DFF7EBC30C5D,117,64,106,117,193.0,CPCB_DEL_Anand_Vihar,32.548
PROP-B362446D59BA,428,228,373,428,449.7,CPCB_DEL_Anand_Vihar,20.381
PROP-DADF5F5F39C6,428,228,373,428,449.7,CPCB_DEL_Anand_Vihar,29.796
PROP-E8E8A99D8BFA,424,221,362,424,434.3,CPCB_DEL_Anand_Vihar,23.259
PROP-21D7FA48BF38,218,117,192,218,256.0,CPCB_DEL_Anand_Vihar,39.667
PROP-7B3D9D65E007,184,106,173,184,205.7,CPCB_DEL_RK_Puram,18.414
PROP-520066EFD04D,218,117,192,218,256.0,CPCB_DEL_Anand_Vihar,23.139
PROP-57973D2D7260,110,59,97,110,198.7,CPCB_DEL_Anand_Vihar,10.082
PROP-A0195411B832,288,166,272,288,181.7,CPCB_DEL_Anand_Vihar,10.051
PROP-E919AB07064B,190,99,162,190,203.0,CPCB_DEL_RK_Puram,25.993
PROP-4116AC4C8E98,225,123,202,225,146.3,CPCB_DEL_RK_Puram,26.314
PROP-E4E36E95EDAB,252,137,224,252,148.3,CPCB_DEL_RK_Puram,4.431
PROP-EA626B1DE864,288,166,272,288,181.7,CPCB_DEL_Anand_Vihar,32.548
PROP-FE7F99E751EC,428,228,373,428,449.7,CPCB_DEL_Anand_Vihar,18.913
PROP-726897A26070,182,105,171,182,201.7,CPCB_DEL_RK_Puram,7.168
PROP-CEFBF405BB5A,232,126,206,232,143.0,CPCB_DEL_RK_Puram,31.939
PROP-E69F0F915B64,428,228,373,428,449.7,CPCB_DEL_Anand_Vihar,29.796
PROP-1F8FB83D4BD1,232,126,206,232,143.0,CPCB_DEL_RK_Puram,25.63
PROP-E9FF3BECAD7D,424,221,362,424,434.3,CPCB_DEL_Anand_Vihar,20.381
PROP-95A14CE7863E,184,106,173,184,205.7,CPCB_DEL_RK_Puram,40.63
PROP-C3305E18F516,220,122,199,220,227.7,CPCB_DEL_RK_Puram,20.395
PROP-AD7BB5316852,129,72,118,129,215.0,CPCB_DEL_Anand_Vihar,4.328
PROP-A3F122A8FBCA,228,126,207,228,239.7,CPCB_DEL_Anand_Vihar,4.328
PROP-0B3405EEECD2,202,108,178,202,209.0,CPCB_DEL_RK_Puram,31.939
PROP-00ED2D67A92E,428,228,373,428,449.7,CPCB_DEL_Anand_Vihar,17.239
PROP-DB0B5DE2C7E5,376,213,348,376,374.7,CPCB_DEL_RK_Puram,26.931
PROP-87B015D539A3,232,126,206,232,143.0,CPCB_DEL_RK_Puram,19.158
PROP-C314241869F1,218,119,196,218,139.0,CPCB_DEL_RK_Puram,26.776
PROP-3AE740F80D17,225,126,206,225,259.0,CPCB_DEL_Anand_Vihar,9.552
PROP-519030674E5D,98,56,91,98,166.0,CPCB_DEL_RK_Puram,11.33
PROP-3D62D985D050,184,106,173,184,205.7,CPCB_DEL_RK_Puram,7.135
PROP-7D3808B34A10,218,119,196,218,139.0,CPCB_DEL_RK_Puram,26.776
PROP-C53C38D3B7E3,391,219,358,391,377.0,CPCB_DEL_RK_Puram,21.339
PROP-C5709776DC76,110,59,97,110,198.7,CPCB_DEL_Anand_Vihar,29.988
PROP-244AEB1CD08D,103,58,95,103,173.0,CPCB_DEL_RK_Puram,25.838
PROP-47F54A29BB44,311,165,271,311,182.7,CPCB_DEL_Anand_Vihar,16.344
PROP-0000796D181F,110,59,97,110,198.7,CPCB_DEL_Anand_Vihar,28.759
PROP-1EBFAF151F13,372,198,324,372,385.7,CPCB_DEL_RK_Puram,38.004
PROP-4CC42D3AE9AC,290,153,250,290,175.7,CPCB_DEL_Anand_Vihar,21.923
PROP-A024E003FB46,202,108,178,202,209.0,CPCB_DEL_RK_Puram,43.505
PROP-8364CC4AD53B,391,219,358,391,377.0,CPCB_DEL_RK_Puram,40.63
PROP-1CB9F0D9FD79,308,174,285,308,179.0,CPCB_DEL_Anand_Vihar,26.123
PROP-EA0889BF7A07,202,108,178,202,209.0,CPCB_DEL_RK_Puram,7.238
PROP-FE0AC426DE2C,228,126,207,228,239.7,CPCB_DEL_Anand_Vihar,29.988
PROP-5EFC07C45A8B,190,99,162,190,203.0,CPCB_DEL_RK_Puram,24.977
PROP-F9FC5054A0E7,308,174,285,308,179.0,CPCB_DEL_Anand_Vihar,40.989
PROP-2414F55345A8,117,64,106,117,193.0,CPCB_DEL_Anand_Vihar,18.617
PROP-6103D16112B5,220,122,199,220,227.7,CPCB_DEL_RK_Puram,24.977
PROP-E46C343B3C7F,98,56,91,98,166.0,CPCB_DEL_RK_Puram,27.231
PROP-5DD5D7242B18,254,132,217,254,260.0,CPCB_DEL_Anand_Vihar,13.196
PROP-B7FB3FA41CAB,225,123,202,225,146.3,CPCB_DEL_RK_Puram,33.723
PROP-5B0533DBC710,182,105,171,182,201.7,CPCB_DEL_RK_Puram,5.107
PROP-797AC06E14E8,391,219,358,391,377.0,CPCB_DEL_RK_Puram,5.357
PROP-1C48C011D155,232,126,206,232,143.0,CPCB_DEL_RK_Puram,5.107
PROP-202247DAA5D6,424,221,362,424,434.3,CPCB_DEL_Anand_Vihar,31.658
PROP-88C5F369C986,391,219,358,391,377.0,CPCB_DEL_RK_Puram,17.985
PROP-4990F4349A2C,288,166,272,288,181.7,CPCB_DEL_Anand_Vihar,16.344
PROP-353E9245284E,184,106,173,184,205.7,CPCB_DEL_RK_Puram,20.934
PROP-136851647766,108,59,97,108,168.0,CPCB_DEL_RK_Puram,33.723
PROP-4537269F10C1,117,64,106,117,193.0,CPCB_DEL_Anand_Vihar,26.123
PROP-3EDD6B85681C,414,225,368,414,389.7,CPCB_DEL_RK_Puram,2.784
PROP-9D670451CC68,414,225,368,414,389.7,CPCB_DEL_RK_Puram,21.124
PROP-7718A8FE6336,121,64,105,121,187.3,CPCB_DEL_Anand_Vihar,18.617
PROP-0509105302D9,252,137,224,252,148.3,CPCB_DEL_RK_Puram,42.927
PROP-91FA2CDA86D8,110,59,97,110,198.7,CPCB_DEL_Anand_Vihar,17.239
PROP-D794C410BA15,182,105,171,182,201.7,CPCB_DEL_RK_Puram,29.235
PROP-227F386C11AC,428,228,373,428,449.7,CPCB_DEL_Anand_Vihar,24.615
