property_master_id,repo_rate,bank_rate,CRR,SLR,repo_rate_change,repo_rate_3m_change,repo_rate_12m_change
PROP-A67AF6F45D75,4.0,4.25,4.0,18.0,0.0,0.0,0.0
PROP-0CEEF405400A,6.0,6.25,4.0,19.5,0.0,0.0,-0.25
PROP-4B8E10586D59,4.0,4.25,3.0,18.0,0.0,0.0,-1.15
PROP-86A88A187027,4.4,4.65,3.0,18.0,0.0,-0.75,-1.6
PROP-A18A49EE0073,5.15,5.4,4.0,18.25,0.0,0.0,-1.35
PROP-FC082F802744,4.0,4.25,4.0,18.0,0.0,0.0,0.0
PROP-F9C90503CA0E,4.0,4.25,4.0,18.0,0.0,0.0,0.0
PROP-8030B24C5122,6.25,6.5,4.0,19.5,0.0,0.25,0.0
PROP-740BEA1D26C7,4.0,4.25,3.0,18.0,0.0,0.0,-1.15
PROP-57D7E7126783,4.0,4.25,4.0,18.0,0.0,0.0,0.0
PROP-F4ACF6362C46,4.0,4.25,3.0,18.0,0.0,0.0,-1.15
PROP-A7B4990CB17F,6.5,6.75,4.0,19.25,0.0,0.0,0.5
PROP-6A8F2CA5D4A7,6.25,6.5,4.0,19.5,0.0,0.25,0.0
PROP-3EF538C2BB00,4.9,5.15,4.5,18.0,0.0,0.9,0.9
PROP-106DAED671B6,6.5,6.75,4.0,19.25,0.0,0.0,0.5
PROP-D5F1834163A7,5.15,5.4,4.0,18.5,-0.25,-0.6,-1.35
PROP-FDCB07611F18,5.15,5.4,4.0,18.25,0.0,0.0,-1.35
PROP-A74166BFD422,4.0,4.25,4.0,18.0,0.0,0.0,0.0
PROP-48E47A79C626,5.15,5.4,4.0,18.25,0.0,0.0,-1.35
PROP-EEA71AC853AB,5.15,5.4,4.0,18.5,-0.25,-0.6,-1.35
PROP-51F742AC064B,4.0,4.25,3.5,18.0,0.0,0.0,-0.4
PROP-C1CA5D2867CF,6.5,6.75,4.0,19.25,0.0,0.0,0.5
PROP-B129E7EC2D5F,4.0,4.25,4.0,18.0,0.0,0.0,0.0
PROP-B10588A6BCFE,4.0,4.25,4.0,18.0,0.0,0.0,0.0
PROP-562DA83E6F5E,4.9,5.15,4.5,18.0,0.0,0.9,0.9
PROP-C8ABEEADCA06,4.0,4.25,3.0,18.0,0.0,0.0,-1.15
PROP-7AFEE3A48B25,6.5,6.75,4.0,19.5,0.0,0.25,0.5
PROP-163A7FCBF545,6.5,6.75,4.0,19.5,0.0,0.25,0.5
PROP-744E45540410,4.0,4.25,3.5,18.0,0.0,0.0,-0.4
PROP-43FF1FEED483,5.75,6.0,4.0,19.0,0.0,-0.25,-0.5
PROP-61A1E2DA5AD5,6.0,6.25,4.0,19.5,0.0,0.0,-0.25
PROP-5A879DF90FF0,6.0,6.25,4.0,19.25,-0.25,-0.5,0.0
PROP-20F9393C5B79,4.0,4.25,4.0,18.0,0.0,0.0,0.0
PROP-024DCA08FBB4,4.0,4.25,3.0,18.0,0.0,-0.4,-1.75
PROP-C0706AAC1468,5.75,6.0,4.0,19.0,0.0,-0.25,-0.5
PROP-75E290D9B4B1,4.0,4.25,4.0,18.0,0.0,0.0,0.0
PROP-3282AA5F382C,5.15,5.4,4.0,18.5,-0.25,-0.6,-1.35
PROP-4DF17EEDA0FB,5.15,5.4,4.0,18.5,-0.25,-0.6,-1.35
PROP-141C4C451E0C,4.0,4.25,4.0,18.0,0.0,0.0,0.0
PROP-C1E8167421C6,4.0,4.25,4.0,18.0,0.0,0.0,0.0
PROP-008213E4D941,5.75,6.0,4.0,19.0,0.0,-0.25,-0.5
PROP-07542049EDCD,5.9,6.15,4.5,18.0,0.0,1.0,1.9
PROP-113E49F70FEC,6.5,6.75,4.0,19.25,0.0,0.0,0.5
PROP-AD5970B8725C,4.0,4.25,4.0,18.0,0.0,0.0,0.0
PROP-20C1C3775C99,4.0,4.25,4.0,18.0,0.0,0.0,0.0
PROP-B27550B59EF2,6.0,6.25,4.0,19.25,-0.25,-0.5,0.0
PROP-A9AD15AE4F4B,5.9,6.15,4.5,18.0,0.0,1.0,1.9
PROP-968DCB86BB82,6.0,6.25,4.0,19.5,0.0,0.0,-0.25
PROP-7E5D68FEA71F,4.0,4.25,3.0,18.0,0.0,-0.4,-1.75
PROP-44ED17888D48,5.15,5.4,4.0,18.5,-0.25,-0.6,-1.35
PROP-81E153A834E7,4.0,4.25,4.0,18.0,0.0,0.0,0.0
PROP-A88B26A7F5A1,4.0,4.25,4.0,18.0,0.0,0.0,0.0
PROP-EE3AB12955E8,4.0,4.25,4.0,18.0,0.0,0.0,0.0
PROP-67EBEA3AE062,4.0,4.25,4.0,18.0,0.0,0.0,0.0
PROP-BE92DFBC3E9C,6.5,6.75,4.0,19.5,0.0,0.25,0.5
PROP-E8F817173608,5.15,5.4,4.0,18.25,0.0,0.0,-1.35
PROP-6B4235B84BF7,4.9,5.15,4.5,18.0,0.0,0.9,0.9
PROP-A435F5194B94,6.5,6.75,4.0,19.5,0.0,0.25,0.5
PROP-3FBB548884A3,4.0,4.25,4.0,18.0,0.0,0.0,0.0
PROP-74E8BBDB1869,4.4,4.65,3.0,18.0,0.0,-0.75,-1.6
PROP-A28E9A937C8E,4.0,4.25,3.0,18.0,0.0,0.0,-1.15
PROP-7745510EA9DC,6.5,6.75,4.0,19.25,0.0,0.0,0.5
PROP-8F4F97BE042E,6.5,6.75,4.0,19.25,0.0,0.0,0.5
PROP-BF8C21590A2E,5.15,5.4,4.0,18.5,-0.25,-0.6,-1.35
PROP-A21E0E395182,4.0,4.25,4.0,18.0,0.0,0.0,0.0
PROP-D623A5BD3259,5.75,6.0,4.0,19.0,0.0,-0.25,-0.5
PROP-BF8A99D156F1,5.15,5.4,4.0,18.5,-0.25,-0.6,-1.35
PROP-3D8AAD5E73B5,6.5,6.75,4.0,19.25,0.0,0.0,0.5
PROP-0C0BFF42A42C,4.0,4.25,4.0,18.0,0.0,0.0,0.0
PROP-FF9962D2025D,6.5,6.75,4.0,19.5,0.0,0.25,0.5
PROP-74543CBC599C,4.0,4.25,3.0,18.0,0.0,0.0,-1.15
PROP-4BF83DB33530,4.0,4.25,3.0,18.0,0.0,0.0,-1.15
PROP-523A9B07D2A1,6.5,6.75,4.0,19.25,0.0,0.0,0.5
PROP-39540AD67FD6,5.15,5.4,4.0,18.25,0.0,0.0,-1.35
PROP-42C7D4D34A9C,6.5,6.75,4.0,19.5,0.0,0.25,0.5
PROP-275C30FED99F,5.9,6.15,4.5,18.0,0.0,1.0,1.9
PROP-43929E420C2D,4.0,4.25,4.0,18.0,0.0,0.0,0.0
PROP-478099107B8F,4.0,4.25,4.0,18.0,0.0,0.0,0.0
PROP-5C52A446420D,6.5,6.75,4.0,19.25,0.0,0.0,0.5
PROP-01AA6022E0C7,4.0,4.25,4.0,18.0,0.0,0.0,0.0
PROP-D85BF3221525,4.0,4.25,3.5,18.0,0.0,0.0,-0.4
PROP-8E14A48ADCC4,4.0,4.25,4.0,18.0,0.0,0.0,0.0
PROP-9AFAD3B06B47,5.15,5.4,4.0,18.5,-0.25,-0.6,-1.35
PROP-DC7B2A38EA55,4.0,4.25,4.0,18.0,0.0,0.0,0.0
PROP-F04903424860,6.5,6.75,4.0,19.25,0.0,0.0,0.5
PROP-047960A2E5B3,6.25,6.5,4.0,19.5,0.0,0.25,0.0
PROP-1B747B844C95,5.15,5.4,4.0,18.5,-0.25,-0.6,-1.35
PROP-776E72C4DDFE,5.75,6.0,4.0,19.0,0.0,-0.25,-0.5
PROP-59252CDA84BE,5.75,6.0,4.0,19.0,0.0,-0.25,-0.5
PROP-44645DA39395,4.0,4.25,3.5,18.0,0.0,0.0,-0.4
PROP-CC96D0AE4690,4.0,4.25,3.0,18.0,0.0,0.0,-1.15
PROP-F1844B7EE282,4.0,4.25,3.0,18.0,0.0,-0.4,-1.75
PROP-1532E4B7EE5D,4.0,4.25,3.0,18.0,0.0,0.0,-1.15
PROP-B95CC1DB318E,6.5,6.75,4.0,19.5,0.0,0.25,0.5
PROP-E85EE1279880,4.0,4.25,4.0,18.0,0.0,0.0,0.0
PROP-54FB66193060,4.0,4.25,3.0,18.0,0.0,0.0,-1.15
PROP-F4CBA1F89310,4.0,4.25,3.5,18.0,0.0,0.0,-0.4
PROP-AE9FAB73B03E,4.0,4.25,4.0,18.0,0.0,0.0,0.0
PROP-95D9573608EF,6.25,6.5,4.0,19.5,0.0,0.25,0.0
PROP-38611A7D4A8F,4.0,4.25,3.0,18.0,0.0,-0.4,-1.75
PROP-D34256268534,4.0,4.25,3.0,18.0,0.0,-0.4,-1.75
PROP-278D25C5A9CF,4.4,4.65,3.0,18.0,0.0,-0.75,-1.6
PROP-B3F66E6E1218,4.9,5.15,4.5,18.0,0.0,0.9,0.9
PROP-42CCBB206E1D,5.15,5.4,4.0,18.5,-0.25,-0.6,-1.35
PROP-114B555D61E3,6.5,6.75,4.0,19.25,0.0,0.0,0.5
PROP-3081FEFD587E,5.15,5.4,4.0,18.25,0.0,0.0,-1.35
PROP-AC0D7FC22FA5,6.25,6.5,4.0,19.5,0.0,0.25,0.0
PROP-2783ED738E18,4.0,4.25,4.0,18.0,0.0,0.0,0.0
PROP-C63EC5BF7F6E,4.0,4.25,4.0,18.0,0.0,0.0,0.0
PROP-C8E03C400D54,4.0,4.25,3.0,18.0,0.0,-0.4,-1.75
PROP-63F47AE16D9B,4.0,4.25,4.0,18.0,0.0,0.0,0.0
PROP-F8E3ED1C784D,6.0,6.25,4.0,19.5,0.0,0.0,-0.25
PROP-30E17D169E3B,5.9,6.15,4.5,18.0,0.0,1.0,1.9
PROP-902AA2B2D73C,4.0,4.25,4.0,18.0,0.0,0.0,0.0
PROP-6CDB5A05F81B,4.0,4.25,3.0,18.0,0.0,0.0,-1.15
PROP-5121A05CEFD0,4.0,4.25,3.0,18.0,0.0,0.0,-1.15
PROP-5E515C9892F8,6.0,6.25,4.0,19.5,0.0,0.0,-0.25
PROP-C194DFE317D3,4.0,4.25,4.0,18.0,0.0,0.0,0.0
PROP-86893D56053B,4.0,4.25,4.0,18.0,0.0,0.0,0.0
PROP-52B22AC0144C,5.75,6.0,4.0,19.0,0.0,-0.25,-0.5
PROP-DA9B29101D08,4.0,4.25,3.0,18.0,0.0,0.0,-1.15
PROP-6383FF4A790A,5.15,5.4,4.0,18.25,0.0,0.0,-1.35
PROP-D2B34E8F00C1,4.0,4.25,3.0,18.0,0.0,0.0,-1.15
PROP-3A9741912D89,6.5,6.75,4.0,19.25,0.0,0.0,0.5
PROP-2818943A7CED,4.0,4.25,4.0,18.0,0.0,0.0,0.0
PROP-54BB992F2BC1,4.4,4.65,3.0,18.0,0.0,-0.75,-1.6
PROP-7A3F3AEDD544,6.5,6.75,4.0,19.25,0.0,0.0,0.5
PROP-45E581D1E971,4.0,4.25,3.0,18.0,0.0,0.0,-1.15
PROP-888CCB46DED6,4.0,4.25,3.0,18.0,0.0,0.0,-1.15
PROP-0C5AF6DCA391,6.5,6.75,4.0,19.25,0.0,0.0,0.5
PROP-2A83D9D4FC49,6.5,6.75,4.0,19.5,0.0,0.25,0.5
PROP-2E797152908C,4.0,4.25,3.5,18.0,0.0,0.0,-0.4
PROP-B311B7A31695,6.0,6.25,4.0,19.5,0.0,0.0,-0.25
PROP-D8A8E133A537,4.0,4.25,4.0,18.0,0.0,0.0,0.0
PROP-17AE9C55287D,4.0,4.25,4.0,18.0,0.0,0.0,0.0
PROP-C0504EA01382,4.0,4.25,4.0,18.0,0.0,0.0,0.0
PROP-51638FC7E69A,4.0,4.25,3.0,18.0,0.0,-0.4,-1.75
PROP-BFC344387222,4.0,4.25,3.0,18.0,0.0,0.0,-1.15
PROP-44543A5CCDD6,6.5,6.75,4.0,19.25,0.0,0.0,0.5
PROP-FE64C4652902,5.9,6.15,4.5,18.0,0.0,1.0,1.9
PROP-E0527F2E5C79,6.5,6.75,4.0,19.5,0.0,0.25,0.5
PROP-B28B970D1C56,4.0,4.25,4.0,18.0,0.0,0.0,0.0
PROP-1F07B7134CDF,6.25,6.5,4.0,19.5,0.0,0.25,0.0
PROP-5F64D028734D,6.0,6.25,4.0,19.5,0.0,0.0,-0.25
PROP-636AE83EBE9C,6.0,6.25,4.0,19.25,-0.25,-0.5,0.0
PROP-F85AE7CC9AF7,4.0,4.25,3.0,18.0,0.0,0.0,-1.15
PROP-2F0F1F4E92C4,6.5,6.75,4.0,19.5,0.0,0.25,0.5
PROP-82561D58FD53,4.4,4.65,3.0,18.0,0.0,-0.75,-1.6
PROP-A2F6A99CC0CC,4.0,4.25,4.0,18.0,0.0,0.0,0.0
PROP-3E47A053C0FF,5.75,6.0,4.0,19.0,0.0,-0.25,-0.5
PROP-9A7387795A30,4.0,4.25,4.0,18.0,0.0,0.0,0.0
PROP-0C69AE26D913,6.0,6.25,4.0,19.5,0.0,0.0,-0.25
PROP-1E0B226AD1CB,4.9,5.15,4.5,18.0,0.0,0.9,0.9
PROP-A259DD7FE9C8,5.75,6.0,4.0,19.0,0.0,-0.25,-0.5
PROP-0B30A0A0DBBD,5.75,6.0,4.0,19.0,0.0,-0.25,-0.5
PROP-4278AC95E337,4.0,4.25,3.0,18.0,0.0,0.0,-1.15
PROP-294660330DD1,5.15,5.4,4.0,18.25,0.0,0.0,-1.35
PROP-CED436FA687B,5.15,5.4,4.0,18.5,-0.25,-0.6,-1.35
PROP-5E6983336D58,5.9,6.15,4.5,18.0,0.0,1.0,1.9
PROP-149FFB2F26CA,5.15,5.4,4.0,18.5,-0.25,-0.6,-1.35
PROP-484F5023E66A,5.75,6.0,4.0,19.0,0.0,-0.25,-0.5
PROP-2647D77E0F8D,4.0,4.25,3.0,18.0,0.0,0.0,-1.15
PROP-AA9429C07967,4.4,4.65,3.0,18.0,0.0,-0.75,-1.6
PROP-F74B6364D62C,6.0,6.25,4.0,19.5,0.0,0.0,-0.25
PROP-BDDD24EA360A,6.5,6.75,4.0,19.5,0.0,0.25,0.5
PROP-35665EC66C18,4.0,4.25,4.0,18.0,0.0,0.0,0.0
PROP-0D98C2E8D9E1,4.0,4.25,3.0,18.0,0.0,0.0,-1.15
PROP-B6C61BC5B0C3,6.25,6.5,4.0,19.5,0.0,0.25,0.0
PROP-15C164A6E840,5.15,5.4,4.0,18.5,-0.25,-0.6,-1.35
PROP-757C59EC7B31,5.15,5.4,4.0,18.5,-0.25,-0.6,-1.35
PROP-3C25CCD7D2B4,4.0,4.25,3.0,18.0,0.0,0.0,-1.15
PROP-3E587CC9CAB6,5.75,6.0,4.0,19.0,0.0,-0.25,-0.5
PROP-872F313098E2,6.0,6.25,4.0,19.5,0.0,0.0,-0.25
PROP-DB780F7939B4,5.75,6.0,4.0,19.0,0.0,-0.25,-0.5
PROP-83A560ED903F,5.75,6.0,4.0,19.0,0.0,-0.25,-0.5
PROP-FBAE78BF23D2,4.0,4.25,4.0,18.0,0.0,0.0,0.0
PROP-B59553234E86,6.5,6.75,4.0,19.25,0.0,0.0,0.5
PROP-B6CDFCD7A060,4.9,5.15,4.5,18.0,0.0,0.9,0.9
PROP-C163C0D4CB89,4.0,4.25,3.0,18.0,0.0,0.0,-1.15
PROP-1992387BDC35,6.0,6.25,4.0,19.25,-0.25,-0.5,0.0
PROP-5A9449E11655,4.0,4.25,4.0,18.0,0.0,0.0,0.0
PROP-94E563882B43,4.0,4.25,3.0,18.0,0.0,0.0,-1.15
PROP-7943C1E25050,5.75,6.0,4.0,19.0,0.0,-0.25,-0.5
PROP-9FB3F9DA0458,6.0,6.25,4.0,19.25,-0.25,-0.5,0.0
PROP-457AD501CB4F,5.9,6.15,4.5,18.0,0.0,1.0,1.9
PROP-DF0B5484FDE6,4.4,4.65,3.0,18.0,0.0,-0.75,-1.6
PROP-17028BED9959,6.0,6.25,4.0,19.5,0.0,0.0,-0.25
PROP-0922FECA4B33,5.15,5.4,4.0,18.25,0.0,0.0,-1.35
PROP-2921F7C54237,4.0,4.25,3.0,18.0,0.0,0.0,-1.15
PROP-04ACBBC413FF,6.25,6.5,4.0,19.5,0.0,0.25,0.0
PROP-AFDAE87C7154,4.9,5.15,4.5,18.0,0.0,0.9,0.9
PROP-064596C5790A,4.0,4.25,4.0,18.0,0.0,0.0,0.0
PROP-230BB0F69709,4.9,5.15,4.5,18.0,0.0,0.9,0.9
PROP-114A14ECCF64,5.15,5.4,4.0,18.25,0.0,0.0,-1.35
PROP-50558CB1DC5F,4.0,4.25,4.0,18.0,0.0,0.0,0.0
PROP-6FA0CFE85AFF,6.5,6.75,4.0,19.5,0.0,0.25,0.5
PROP-6CB6B102556C,4.0,4.25,4.0,18.0,0.0,0.0,0.0
PROP-96DA711717E2,5.9,6.15,4.5,18.0,0.0,1.0,1.9
PROP-0B4999D2EC4D,4.9,5.15,4.5,18.0,0.0,0.9,0.9
PROP-B890BC9B2271,4.0,4.25,4.0,18.0,0.0,0.0,0.0
PROP-042367585D6E,5.15,5.4,4.0,18.5,-0.25,-0.6,-1.35
PROP-9F53A910A054,5.75,6.0,4.0,19.0,0.0,-0.25,-0.5
PROP-F360C8E6C8CF,6.0,6.25,4.0,19.5,0.0,0.0,-0.25
PROP-DDCFD68B4D1A,6.25,6.5,4.0,19.5,0.0,0.25,0.0
PROP-9CA24DB7A583,4.0,4.25,3.5,18.0,0.0,0.0,-0.4
PROP-1D61D96EF60F,4.9,5.15,4.5,18.0,0.0,0.9,0.9
PROP-DF47A905796B,4.0,4.25,4.0,18.0,0.0,0.0,0.0
PROP-65A514317903,4.0,4.25,4.0,18.0,0.0,0.0,0.0
PROP-A06E792E45F2,4.0,4.25,4.0,18.0,0.0,0.0,0.0
PROP-815CBD9AED4B,4.0,4.25,4.0,18.0,0.0,0.0,0.0
PROP-2BDFAB712760,6.5,6.75,4.0,19.5,0.0,0.25,0.5
PROP-84DFA6EC15D4,6.0,6.25,4.0,19.5,0.0,0.0,-0.25
PROP-FB06D2E59F92,4.9,5.15,4.5,18.0,0.0,0.9,0.9
PROP-87A2F1F1F3E3,6.25,6.5,4.0,19.5,0.0,0.25,0.0
PROP-8BAACECCE52C,4.0,4.25,3.0,18.0,0.0,-0.4,-1.75
PROP-E655FD5552A3,4.0,4.25,4.0,18.0,0.0,0.0,0.0
PROP-09D3A035CD7B,5.15,5.4,4.0,18.5,-0.25,-0.6,-1.35
PROP-D86C1F55C0AC,5.15,5.4,4.0,18.5,-0.25,-0.6,-1.35
PROP-4698EF9D9F8B,5.75,6.0,4.0,19.0,0.0,-0.25,-0.5
PROP-AB7AAC6B0331,4.0,4.25,3.0,18.0,0.0,-0.4,-1.75
PROP-08AEF5A9D481,4.0,4.25,4.0,18.0,0.0,0.0,0.0
PROP-BAB6D9932EF7,5.15,5.4,4.0,18.25,0.0,0.0,-1.35
PROP-3A27D9D78AE5,6.0,6.25,4.0,19.25,-0.25,-0.5,0.0
PROP-FB1D8806ECA6,4.0,4.25,3.0,18.0,0.0,0.0,-1.15
PROP-AEC56B927638,5.9,6.15,4.5,18.0,0.0,1.0,1.9
PROP-7B89777A2523,5.15,5.4,4.0,18.25,0.0,0.0,-1.35
PROP-031EACC72FAC,5.9,6.15,4.5,18.0,0.0,1.0,1.9
PROP-D8DCABCE8AE4,4.9,5.15,4.5,18.0,0.0,0.9,0.9
PROP-BE5D19F0570A,5.75,6.0,4.0,19.0,0.0,-0.25,-0.5
PROP-08200F346794,4.0,4.25,3.0,18.0,0.0,0.0,-1.15
PROP-27FCD293E4E9,6.5,6.75,4.0,19.5,0.0,0.25,0.5
PROP-76C47B6DA21A,4.0,4.25,3.0,18.0,0.0,0.0,-1.15
PROP-ADA46D2531DF,6.0,6.25,4.0,19.5,0.0,0.0,-0.25
PROP-B57AF3710DB2,4.0,4.25,4.0,18.0,0.0,0.0,0.0
PROP-158650B2A986,4.0,4.25,4.0,18.0,0.0,0.0,0.0
PROP-0918BD82CE03,4.4,4.65,3.0,18.0,0.0,-0.75,-1.6
PROP-B75A9F04D7FE,4.0,4.25,3.0,18.0,0.0,0.0,-1.15
PROP-299B104BBB36,4.0,4.25,3.5,18.0,0.0,0.0,-0.4
PROP-A46D4E0EB0B9,5.9,6.15,4.5,18.0,0.0,1.0,1.9
PROP-F4F8FDE8DB7A,6.0,6.25,4.0,19.5,0.0,0.0,-0.25
PROP-CCCF014B0C39,4.0,4.25,4.0,18.0,0.0,0.0,0.0
PROP-2AFDF2EFBB05,6.0,6.25,4.0,19.25,-0.25,-0.5,0.0
PROP-F1B094D776AC,4.0,4.25,4.0,18.0,0.0,0.0,0.0
PROP-4A717AC26215,4.0,4.25,4.0,18.0,0.0,0.0,0.0
PROP-6030BEE2AD7B,4.0,4.25,4.0,18.0,0.0,0.0,0.0
PROP-05DCF1E5D39D,4.0,4.25,3.0,18.0,0.0,0.0,-1.15
PROP-C3F7B5D86C96,4.9,5.15,4.5,18.0,0.0,0.9,0.9
PROP-5D26797CA7AF,6.0,6.25,4.0,19.5,0.0,0.0,-0.25
PROP-0DCC61F3F26A,6.0,6.25,4.0,19.25,-0.25,-0.5,0.0
PROP-A3C056BEF2B8,4.0,4.25,3.0,18.0,0.0,0.0,-1.15
PROP-1BEDC9589A02,6.25,6.5,4.0,19.5,0.0,0.25,0.0
PROP-BF10230A4B7B,4.0,4.25,3.0,18.0,0.0,-0.4,-1.75
PROP-E4DBF903EF97,6.0,6.25,4.0,19.5,0.0,0.0,-0.25
PROP-15A9697D56CD,4.0,4.25,3.5,18.0,0.0,0.0,-0.4
PROP-AE3E52E1B49E,6.5,6.75,4.0,19.25,0.0,0.0,0.5
PROP-3030314EF96C,5.15,5.4,4.0,18.5,-0.25,-0.6,-1.35
PROP-D04249A2F8C6,4.9,5.15,4.5,18.0,0.0,0.9,0.9
PROP-79CCEA7C1BB2,6.25,6.5,4.0,19.5,0.0,0.25,0.0
PROP-11EF6CB78C7B,6.5,6.75,4.0,19.25,0.0,0.0,0.5
PROP-74D96523437F,6.0,6.25,4.0,19.25,-0.25,-0.5,0.0
PROP-925A53CC1421,5.9,6.15,4.5,18.0,0.0,1.0,1.9
PROP-947825266908,4.0,4.25,3.0,18.0,0.0,-0.4,-1.75
PROP-F561D909ECA5,5.15,5.4,4.0,18.25,0.0,0.0,-1.35
PROP-5FD4DDB5BEC6,4.0,4.25,4.0,18.0,0.0,0.0,0.0
PROP-D7B35E263CD6,6.5,6.75,4.0,19.5,0.0,0.25,0.5
PROP-4208A13E74B2,4.0,4.25,3.0,18.0,0.0,-0.4,-1.75
PROP-7A9AC8BC5366,4.0,4.25,3.0,18.0,0.0,-0.4,-1.75
PROP-FB49CD463A83,4.0,4.25,3.0,18.0,0.0,0.0,-1.15
PROP-CE02F17A36DF,6.0,6.25,4.0,19.25,-0.25,-0.5,0.0
PROP-4AD3C193438C,6.0,6.25,4.0,19.25,-0.25,-0.5,0.0
PROP-40E52907DC2C,4.0,4.25,4.0,18.0,0.0,0.0,0.0
PROP-91431ADFE5D2,4.4,4.65,3.0,18.0,0.0,-0.75,-1.6
PROP-1F1504EB20E5,4.4,4.65,3.0,18.0,0.0,-0.75,-1.6
PROP-105312908C3A,4.0,4.25,4.0,18.0,0.0,0.0,0.0
PROP-3370EB76062C,6.5,6.75,4.0,19.5,0.0,0.25,0.5
PROP-A327069852C8,5.9,6.15,4.5,18.0,0.0,1.0,1.9
PROP-8A03660F84A2,6.0,6.25,4.0,19.25,-0.25,-0.5,0.0
PROP-41740A5B3569,4.0,4.25,4.0,18.0,0.0,0.0,0.0
PROP-FB32AA5EB661,4.4,4.65,3.0,18.0,0.0,-0.75,-1.6
PROP-410A4C8E613B,4.0,4.25,4.0,18.0,0.0,0.0,0.0
PROP-FB7CC68BAA3F,5.15,5.4,4.0,18.25,0.0,0.0,-1.35
PROP-6A1A02FBF175,4.4,4.65,3.0,18.0,0.0,-0.75,-1.6
PROP-0AB9190D8A3D,4.0,4.25,3.0,18.0,0.0,0.0,-1.15
PROP-0EBACD081EFB,4.4,4.65,3.0,18.0,0.0,-0.75,-1.6
PROP-A21097418DB7,4.0,4.25,3.0,18.0,0.0,0.0,-1.15
PROP-1BB8DE053D92,6.5,6.75,4.0,19.25,0.0,0.0,0.5
PROP-B76C38B11867,5.75,6.0,4.0,19.0,0.0,-0.25,-0.5
PROP-6BD71451B2F3,4.0,4.25,4.0,18.0,0.0,0.0,0.0
PROP-B452F83417C1,4.0,4.25,4.0,18.0,0.0,0.0,0.0
PROP-7D0FFDDD8D96,4.0,4.25,3.5,18.0,0.0,0.0,-0.4
PROP-37B72CE4F891,5.15,5.4,4.0,18.25,0.0,0.0,-1.35
PROP-7CC824B1D1D3,4.0,4.25,4.0,18.0,0.0,0.0,0.0
PROP-1D3C0C922DE5,4.9,5.15,4.5,18.0,0.0,0.9,0.9
PROP-E2C47E11E7C7,6.0,6.25,4.0,19.25,-0.25,-0.5,0.0
PROP-49214D77DFEC,4.9,5.15,4.5,18.0,0.0,0.9,0.9
PROP-1A162571011D,4.0,4.25,3.5,18.0,0.0,0.0,-0.4
PROP-2A274543B798,4.0,4.25,3.5,18.0,0.0,0.0,-0.4
PROP-1974DF9049EB,4.4,4.65,3.0,18.0,0.0,-0.75,-1.6
PROP-948558C91928,5.75,6.0,4.0,19.0,0.0,-0.25,-0.5
PROP-E821A6FEA8EA,6.0,6.25,4.0,19.5,0.0,0.0,-0.25
PROP-09D18DF08D8C,4.0,4.25,4.0,18.0,0.0,0.0,0.0
PROP-72DD0E6C2E04,4.9,5.15,4.5,18.0,0.0,0.9,0.9
PROP-4001297C5EA5,4.0,4.25,3.0,18.0,0.0,-0.4,-1.75
PROP-49A76193B3D6,6.5,6.75,4.0,19.5,0.0,0.25,0.5
PROP-D85BCCAEB8BF,6.5,6.75,4.0,19.25,0.0,0.0,0.5
PROP-5A009B837A4A,6.25,6.5,4.0,19.5,0.0,0.25,0.0
PROP-246D09705402,6.0,6.25,4.0,19.5,0.0,0.0,-0.25
PROP-022EACFD89A8,4.4,4.65,3.0,18.0,0.0,-0.75,-1.6
PROP-5C925E93D559,4.0,4.25,3.0,18.0,0.0,-0.4,-1.75
PROP-58FB9D1E9130,4.0,4.25,3.0,18.0,0.0,0.0,-1.15
PROP-44D81CA25AB0,6.0,6.25,4.0,19.25,-0.25,-0.5,0.0
PROP-141CB64EBC7F,6.0,6.25,4.0,19.25,-0.25,-0.5,0.0
PROP-ADFAF9B14DBD,4.0,4.25,3.0,18.0,0.0,0.0,-1.15
PROP-F228522B5582,4.0,4.25,4.0,18.0,0.0,0.0,0.0
PROP-5C34C6B5BA9B,4.0,4.25,3.0,18.0,0.0,0.0,-1.15
PROP-C2B718A46C91,6.0,6.25,4.0,19.5,0.0,0.0,-0.25
PROP-41554050619B,5.9,6.15,4.5,18.0,0.0,1.0,1.9
PROP-E31301A0113C,5.15,5.4,4.0,18.25,0.0,0.0,-1.35
PROP-3459DD56CE98,6.5,6.75,4.0,19.25,0.0,0.0,0.5
PROP-E21CED4A39D1,6.5,6.75,4.0,19.5,0.0,0.25,0.5
PROP-BF19C5A68D29,6.25,6.5,4.0,19.5,0.0,0.25,0.0
PROP-B2409FB1AEE8,6.5,6.75,4.0,19.5,0.0,0.25,0.5
PROP-E95676A3CF47,6.5,6.75,4.0,19.25,0.0,0.0,0.5
PROP-BD17F0375E10,5.15,5.4,4.0,18.25,0.0,0.0,-1.35
PROP-2FE02E189AA9,5.75,6.0,4.0,19.0,0.0,-0.25,-0.5
PROP-4FE634D39E57,4.0,4.25,3.0,18.0,0.0,0.0,-1.15
PROP-804AEC182443,6.25,6.5,4.0,19.5,0.0,0.25,0.0
PROP-15848142C958,6.0,6.25,4.0,19.5,0.0,0.0,-0.25
PROP-BD52F5A8E535,4.0,4.25,4.0,18.0,0.0,0.0,0.0
PROP-FD03E7F8A7A6,5.15,5.4,4.0,18.5,-0.25,-0.6,-1.35
PROP-981917DF82BC,6.25,6.5,4.0,19.5,0.0,0.25,0.0
PROP-8D32D5D822B4,4.0,4.25,4.0,18.0,0.0,0.0,0.0
PROP-D90F04EC96BC,5.15,5.4,4.0,18.5,-0.25,-0.6,-1.35
PROP-61B82DD291D3,5.9,6.15,4.5,18.0,0.0,1.0,1.9
PROP-B8D797E8662B,4.0,4.25,3.0,18.0,0.0,-0.4,-1.75
PROP-5B95E2F8BA34,5.15,5.4,4.0,18.5,-0.25,-0.6,-1.35
PROP-54B1C7E89570,4.4,4.65,3.0,18.0,0.0,-0.75,-1.6
PROP-2F6FE436DDCB,6.25,6.5,4.0,19.5,0.0,0.25,0.0
PROP-D34B5F82A2E6,6.5,6.75,4.0,19.5,0.0,0.25,0.5
PROP-2FA25BC719A5,6.0,6.25,4.0,19.25,-0.25,-0.5,0.0
PROP-83307BBF6FEA,6.5,6.75,4.0,19.5,0.0,0.25,0.5
PROP-1DE487B0ACBE,4.0,4.25,4.0,18.0,0.0,0.0,0.0
PROP-47CA71DC6A18,4.0,4.25,3.5,18.0,0.0,0.0,-0.4
PROP-45FEFB44CB15,6.0,6.25,4.0,19.5,0.0,0.0,-0.25
PROP-79EEC812443B,4.0,4.25,4.0,18.0,0.0,0.0,0.0
PROP-7DD59E02BF22,5.9,6.15,4.5,18.0,0.0,1.0,1.9
PROP-CD85CE0CFD79,4.0,4.25,4.0,18.0,0.0,0.0,0.0
PROP-167E27187CF6,6.5,6.75,4.0,19.5,0.0,0.25,0.5
PROP-E15816D91021,4.0,4.25,4.0,18.0,0.0,0.0,0.0
PROP-B7FB7281B7E3,6.5,6.75,4.0,19.25,0.0,0.0,0.5
PROP-8FCF7DC9FBB6,4.0,4.25,3.0,18.0,0.0,0.0,-1.15
PROP-2EEDBA788D80,4.0,4.25,4.0,18.0,0.0,0.0,0.0
PROP-4B300B740306,6.25,6.5,4.0,19.5,0.0,0.25,0.0
PROP-BD21BAFC26BD,4.0,4.25,3.0,18.0,0.0,-0.4,-1.75
PROP-A3A64A436996,5.15,5.4,4.0,18.25,0.0,0.0,-1.35
PROP-22A58F9EA18F,4.0,4.25,4.0,18.0,0.0,0.0,0.0
PROP-921692A28E8B,4.0,4.25,4.0,18.0,0.0,0.0,0.0
PROP-0912041A0312,5.9,6.15,4.5,18.0,0.0,1.0,1.9
PROP-9594AC7A0E1E,4.0,4.25,4.0,18.0,0.0,0.0,0.0
PROP-0455CDFEE47C,5.15,5.4,4.0,18.25,0.0,0.0,-1.35
PROP-1D3AA4EFD99C,5.15,5.4,4.0,18.5,-0.25,-0.6,-1.35
PROP-AF893FFA4C06,4.0,4.25,4.0,18.0,0.0,0.0,0.0
PROP-CA86C7D53C46,6.5,6.75,4.0,19.5,0.0,0.25,0.5
PROP-E85F2B1F184F,4.4,4.65,3.0,18.0,0.0,-0.75,-1.6
PROP-35273B336C8B,6.0,6.25,4.0,19.5,0.0,0.0,-0.25
PROP-3A41C3085ED3,4.9,5.15,4.5,18.0,0.0,0.9,0.9
PROP-8855FD1D117F,5.15,5.4,4.0,18.25,0.0,0.0,-1.35
PROP-157835AB2B46,6.25,6.5,4.0,19.5,0.0,0.25,0.0
PROP-A0C27D9A272F,6.25,6.5,4.0,19.5,0.0,0.25,0.0
PROP-D036945EC7D1,4.4,4.65,3.0,18.0,0.0,-0.75,-1.6
PROP-7C020285DB8B,4.0,4.25,3.0,18.0,0.0,-0.4,-1.75
PROP-4A202B61474B,4.0,4.25,3.5,18.0,0.0,0.0,-0.4
PROP-E50FFCA69358,4.0,4.25,3.0,18.0,0.0,0.0,-1.15
PROP-C6E4729C1403,4.0,4.25,3.0,18.0,0.0,0.0,-1.15
PROP-D31CB45252F9,6.0,6.25,4.0,19.25,-0.25,-0.5,0.0
PROP-E394AD90892A,4.0,4.25,4.0,18.0,0.0,0.0,0.0
PROP-68B8506370C8,6.25,6.5,4.0,19.5,0.0,0.25,0.0
PROP-B20A5D32356D,5.9,6.15,4.5,18.0,0.0,1.0,1.9
PROP-DFEDA14A0BE8,4.9,5.15,4.5,18.0,0.0,0.9,0.9
PROP-FC9D0E12E5EC,5.9,6.15,4.5,18.0,0.0,1.0,1.9
PROP-8359099DC310,4.4,4.65,3.0,18.0,0.0,-0.75,-1.6
PROP-2CFA19FB8D06,4.0,4.25,3.0,18.0,0.0,0.0,-1.15
PROP-374AD4140035,4.0,4.25,3.5,18.0,0.0,0.0,-0.4
PROP-907AFA72C91F,4.0,4.25,3.0,18.0,0.0,0.0,-1.15
PROP-D181E920CE83,6.5,6.75,4.0,19.25,0.0,0.0,0.5
PROP-E421B6575BA6,4.0,4.25,4.0,18.0,0.0,0.0,0.0
PROP-5E6351124A92,4.0,4.25,3.5,18.0,0.0,0.0,-0.4
PROP-F898A535A8B5,4.9,5.15,4.5,18.0,0.0,0.9,0.9
PROP-078EB785709D,5.75,6.0,4.0,19.0,0.0,-0.25,-0.5
PROP-2F8F102BAE0D,6.5,6.75,4.0,19.25,0.0,0.0,0.5
PROP-1CE06D19BE7A,4.0,4.25,4.0,18.0,0.0,0.0,0.0
PROP-E2ACA055A06E,5.15,5.4,4.0,18.5,-0.25,-0.6,-1.35
PROP-853DA18E46F2,4.4,4.65,3.0,18.0,0.0,-0.75,-1.6
PROP-43402555672E,6.5,6.75,4.0,19.5,0.0,0.25,0.5
PROP-A46020F40D9C,6.25,6.5,4.0,19.5,0.0,0.25,0.0
PROP-B1F8E56E7384,4.0,4.25,3.0,18.0,0.0,0.0,-1.15
PROP-B8BA4D5872C0,5.15,5.4,4.0,18.25,0.0,0.0,-1.35
PROP-DD0F43F8AF90,6.5,6.75,4.0,19.5,0.0,0.25,0.5
PROP-2184E74FC302,5.15,5.4,4.0,18.25,0.0,0.0,-1.35
PROP-39CD76FA847D,6.0,6.25,4.0,19.5,0.0,0.0,-0.25
PROP-DBBE826408B6,6.0,6.25,4.0,19.5,0.0,0.0,-0.25
PROP-7E4763F4E311,6.5,6.75,4.0,19.25,0.0,0.0,0.5
PROP-94044F79BBE7,5.75,6.0,4.0,19.0,0.0,-0.25,-0.5
PROP-796B051AF8B5,4.9,5.15,4.5,18.0,0.0,0.9,0.9
PROP-944B59AC40E5,4.0,4.25,4.0,18.0,0.0,0.0,0.0
PROP-573A3430DD29,6.5,6.75,4.0,19.25,0.0,0.0,0.5
PROP-05E494EF43ED,4.0,4.25,3.5,18.0,0.0,0.0,-0.4
PROP-18582F514AEF,4.0,4.25,3.0,18.0,0.0,0.0,-1.15
PROP-CC8B5738C22B,4.0,4.25,3.0,18.0,0.0,0.0,-1.15
PROP-94BB14559F2B,4.0,4.25,3.0,18.0,0.0,0.0,-1.15
PROP-381D79A3EA96,4.0,4.25,4.0,18.0,0.0,0.0,0.0
PROP-A136638701BD,4.0,4.25,4.0,18.0,0.0,0.0,0.0
PROP-1F60BF6998C2,5.75,6.0,4.0,19.0,0.0,-0.25,-0.5
PROP-8C7D3E89F2EF,5.15,5.4,4.0,18.25,0.0,0.0,-1.35
PROP-2D787C5B7475,5.9,6.15,4.5,18.0,0.0,1.0,1.9
PROP-1BE958EEC39E,4.0,4.25,4.0,18.0,0.0,0.0,0.0
PROP-814CF3B5B043,6.0,6.25,4.0,19.25,-0.25,-0.5,0.0
PROP-C69E658E8D2A,6.25,6.5,4.0,19.5,0.0,0.25,0.0
PROP-37F1F0108DB1,4.0,4.25,4.0,18.0,0.0,0.0,0.0
PROP-0EF627186823,5.75,6.0,4.0,19.0,0.0,-0.25,-0.5
PROP-2042B245996E,6.5,6.75,4.0,19.25,0.0,0.0,0.5
PROP-D496ADD94CD0,4.4,4.65,3.0,18.0,0.0,-0.75,-1.6
PROP-709B561C258B,4.0,4.25,4.0,18.0,0.0,0.0,0.0
PROP-E677F5ADF86F,4.0,4.25,4.0,18.0,0.0,0.0,0.0
PROP-05DFF2BD7711,4.9,5.15,4.5,18.0,0.0,0.9,0.9
PROP-0BF84DE55887,4.9,5.15,4.5,18.0,0.0,0.9,0.9
PROP-1B5AA3A15AD3,4.4,4.65,3.0,18.0,0.0,-0.75,-1.6
PROP-54B26FF196B1,6.5,6.75,4.0,19.5,0.0,0.25,0.5
PROP-579D5F435A05,6.25,6.5,4.0,19.5,0.0,0.25,0.0
PROP-80C88437229A,4.0,4.25,4.0,18.0,0.0,0.0,0.0
PROP-1524D2016EC7,6.0,6.25,4.0,19.25,-0.25,-0.5,0.0
PROP-B45FD1830490,5.75,6.0,4.0,19.0,0.0,-0.25,-0.5
PROP-29E4ADBC9DF0,5.15,5.4,4.0,18.5,-0.25,-0.6,-1.35
PROP-5A224758051A,4.4,4.65,3.0,18.0,0.0,-0.75,-1.6
PROP-7116EF40DE1E,6.25,6.5,4.0,19.5,0.0,0.25,0.0
PROP-0BD6B1259BF1,4.0,4.25,3.0,18.0,0.0,0.0,-1.15
PROP-A5E030295F93,4.0,4.25,4.0,18.0,0.0,0.0,0.0
PROP-7CA6482355A6,4.0,4.25,4.0,18.0,0.0,0.0,0.0
PROP-731FA5524C97,6.5,6.75,4.0,19.5,0.0,0.25,0.5
PROP-883C25AC1D83,6.5,6.75,4.0,19.25,0.0,0.0,0.5
PROP-6350B007C187,4.0,4.25,3.5,18.0,0.0,0.0,-0.4
PROP-C71F79FAE54A,5.15,5.4,4.0,18.25,0.0,0.0,-1.35
PROP-C46A0445B3EA,4.0,4.25,4.0,18.0,0.0,0.0,0.0
PROP-34AA51D6DB14,4.9,5.15,4.5,18.0,0.0,0.9,0.9
PROP-85A7C4321F13,4.0,4.25,3.0,18.0,0.0,0.0,-1.15
PROP-1FF54B23E5A8,4.0,4.25,4.0,18.0,0.0,0.0,0.0
PROP-E6DD120C2013,6.25,6.5,4.0,19.5,0.0,0.25,0.0
PROP-4E5F5F8C89E5,4.4,4.65,3.0,18.0,0.0,-0.75,-1.6
PROP-BB895603CA91,5.75,6.0,4.0,19.0,0.0,-0.25,-0.5
PROP-C9F82BF3C623,4.9,5.15,4.5,18.0,0.0,0.9,0.9
PROP-D126F7BAADEB,5.15,5.4,4.0,18.25,0.0,0.0,-1.35
PROP-ECF65B90FA60,6.25,6.5,4.0,19.5,0.0,0.25,0.0
PROP-B1546A04F6CB,6.5,6.75,4.0,19.25,0.0,0.0,0.5
PROP-9A5597E90FB8,4.0,4.25,4.0,18.0,0.0,0.0,0.0
PROP-6BB2E461C9DB,6.5,6.75,4.0,19.5,0.0,0.25,0.5
PROP-376795121424,4.0,4.25,3.0,18.0,0.0,0.0,-1.15
PROP-0544FCD53F6E,6.25,6.5,4.0,19.5,0.0,0.25,0.0
PROP-4446D135AAF8,4.0,4.25,3.0,18.0,0.0,0.0,-1.15
PROP-8251B8023374,4.0,4.25,3.5,18.0,0.0,0.0,-0.4
PROP-DB98A3618A5A,4.0,4.25,3.5,18.0,0.0,0.0,-0.4
PROP-F20C06D0100F,6.5,6.75,4.0,19.25,0.0,0.0,0.5
PROP-6ABEA56E481C,4.0,4.25,4.0,18.0,0.0,0.0,0.0
PROP-1E9EA0875BA2,5.75,6.0,4.0,19.0,0.0,-0.25,-0.5
PROP-D02330732B02,4.0,4.25,4.0,18.0,0.0,0.0,0.0
PROP-7D2E46165F6E,4.0,4.25,4.0,18.0,0.0,0.0,0.0
PROP-1A094AFB3D21,5.15,5.4,4.0,18.25,0.0,0.0,-1.35
PROP-054F1E08932E,5.15,5.4,4.0,18.5,-0.25,-0.6,-1.35
PROP-7D6F43A9D4CE,4.9,5.15,4.5,18.0,0.0,0.9,0.9
PROP-9D80C55BA31F,6.25,6.5,4.0,19.5,0.0,0.25,0.0
PROP-A78E23A451BF,5.9,6.15,4.5,18.0,0.0,1.0,1.9
PROP-0D230B3AC852,4.0,4.25,3.0,18.0,0.0,0.0,-1.15
PROP-6D7F8E5A2DE1,4.0,4.25,4.0,18.0,0.0,0.0,0.0
PROP-D492BABBD318,4.0,4.25,4.0,18.0,0.0,0.0,0.0
PROP-35DF3BA782CF,5.15,5.4,4.0,18.5,-0.25,-0.6,-1.35
PROP-EC1D51D84FCC,4.0,4.25,4.0,18.0,0.0,0.0,0.0
PROP-99069AA54123,4.0,4.25,4.0,18.0,0.0,0.0,0.0
PROP-DA387BA6E04C,5.15,5.4,4.0,18.25,0.0,0.0,-1.35
PROP-BECFE8384E6B,6.0,6.25,4.0,19.5,0.0,0.0,-0.25
PROP-88E36C33860A,5.75,6.0,4.0,19.0,0.0,-0.25,-0.5
PROP-6004129C6DDD,4.0,4.25,3.0,18.0,0.0,0.0,-1.15
PROP-0E75832E4AA0,6.0,6.25,4.0,19.5,0.0,0.0,-0.25
PROP-3313188F61D5,4.0,4.25,3.0,18.0,0.0,0.0,-1.15
PROP-2FA439EE4C93,6.5,6.75,4.0,19.5,0.0,0.25,0.5
PROP-B6ECE80B86E8,4.0,4.25,3.0,18.0,0.0,0.0,-1.15
PROP-F28C9BF045E7,4.0,4.25,4.0,18.0,0.0,0.0,0.0
PROP-36477752DED5,4.0,4.25,4.0,18.0,0.0,0.0,0.0
PROP-7112439953E3,4.4,4.65,3.0,18.0,0.0,-0.75,-1.6
PROP-146D1DB2DCCE,6.5,6.75,4.0,19.5,0.0,0.25,0.5
PROP-384B46371991,5.15,5.4,4.0,18.5,-0.25,-0.6,-1.35
PROP-968709E1BB19,4.0,4.25,3.0,18.0,0.0,0.0,-1.15
PROP-B9254300394C,5.75,6.0,4.0,19.0,0.0,-0.25,-0.5
PROP-9131CEDE8127,4.0,4.25,4.0,18.0,0.0,0.0,0.0
PROP-39EDB7D041E5,5.9,6.15,4.5,18.0,0.0,1.0,1.9
PROP-5513641AFA85,5.75,6.0,4.0,19.0,0.0,-0.25,-0.5
PROP-3A3C18D3CC38,4.0,4.25,3.5,18.0,0.0,0.0,-0.4
PROP-58327ABA6D5F,4.0,4.25,4.0,18.0,0.0,0.0,0.0
PROP-542BBDC4C7F3,6.5,6.75,4.0,19.25,0.0,0.0,0.5
PROP-CE6E108E3E2C,5.75,6.0,4.0,19.0,0.0,-0.25,-0.5
PROP-C87C13D1265B,5.75,6.0,4.0,19.0,0.0,-0.25,-0.5
PROP-3455C7794523,4.0,4.25,4.0,18.0,0.0,0.0,0.0
PROP-281B3E70BCFF,5.15,5.4,4.0,18.25,0.0,0.0,-1.35
PROP-7CF166B41216,6.25,6.5,4.0,19.5,0.0,0.25,0.0
PROP-047D3271BFBD,4.0,4.25,4.0,18.0,0.0,0.0,0.0
PROP-C32AF10052CD,4.0,4.25,4.0,18.0,0.0,0.0,0.0
PROP-D41C3D257693,6.0,6.25,4.0,19.25,-0.25,-0.5,0.0
PROP-EF5E9F586DBE,6.5,6.75,4.0,19.5,0.0,0.25,0.5
PROP-11FB4EE4D594,4.0,4.25,4.0,18.0,0.0,0.0,0.0
PROP-048409EBAB0F,4.0,4.25,4.0,18.0,0.0,0.0,0.0
PROP-9D5B2A37CDFE,6.5,6.75,4.0,19.5,0.0,0.25,0.5
PROP-5D2682D5D5A8,6.25,6.5,4.0,19.5,0.0,0.25,0.0
PROP-8D92ADA87AA0,6.25,6.5,4.0,19.5,0.0,0.25,0.0
PROP-3CC61B14ED9B,4.0,4.25,4.0,18.0,0.0,0.0,0.0
PROP-FA3719D0ED4F,5.15,5.4,4.0,18.25,0.0,0.0,-1.35
PROP-CD5F9F9E7FF7,5.75,6.0,4.0,19.0,0.0,-0.25,-0.5
PROP-EB4A1A9AE20E,5.9,6.15,4.5,18.0,0.0,1.0,1.9
PROP-A2545784B293,6.0,6.25,4.0,19.25,-0.25,-0.5,0.0
PROP-2E033DF8E275,6.5,6.75,4.0,19.5,0.0,0.25,0.5
PROP-1FB8D6BD160D,4.9,5.15,4.5,18.0,0.0,0.9,0.9
PROP-F5A68B7DFC42,4.0,4.25,3.0,18.0,0.0,0.0,-1.15
PROP-F0BD4E311C57,4.4,4.65,3.0,18.0,0.0,-0.75,-1.6
PROP-957633769825,4.0,4.25,3.5,18.0,0.0,0.0,-0.4
PROP-207F9F6C82A1,5.9,6.15,4.5,18.0,0.0,1.0,1.9
PROP-DC55255189BD,5.15,5.4,4.0,18.5,-0.25,-0.6,-1.35
PROP-568A0D0483D1,4.0,4.25,4.0,18.0,0.0,0.0,0.0
PROP-2AD35CBDD10D,4.0,4.25,4.0,18.0,0.0,0.0,0.0
PROP-E9F60B779D0F,4.0,4.25,3.5,18.0,0.0,0.0,-0.4
PROP-523A3FC1860A,4.0,4.25,3.0,18.0,0.0,0.0,-1.15
PROP-D49E710447AD,4.0,4.25,4.0,18.0,0.0,0.0,0.0
PROP-A515A1FEB83F,4.0,4.25,3.5,18.0,0.0,0.0,-0.4
PROP-56B3FBB796CE,6.5,6.75,4.0,19.25,0.0,0.0,0.5
PROP-43F49D4C9A96,4.4,4.65,3.0,18.0,0.0,-0.75,-1.6
PROP-7CEFDA7B46A6,4.0,4.25,3.0,18.0,0.0,-0.4,-1.75
PROP-89A989D5AEC5,4.0,4.25,3.5,18.0,0.0,0.0,-0.4
PROP-F7E1DDE82792,4.4,4.65,3.0,18.0,0.0,-0.75,-1.6
PROP-1D51EEED690A,4.0,4.25,4.0,18.0,0.0,0.0,0.0
PROP-45688A151BEC,4.0,4.25,3.5,18.0,0.0,0.0,-0.4
PROP-24CBB7EFBCEF,4.0,4.25,4.0,18.0,0.0,0.0,0.0
PROP-3A4347158642,4.0,4.25,4.0,18.0,0.0,0.0,0.0
PROP-2A2DCA0CF5BB,4.0,4.25,4.0,18.0,0.0,0.0,0.0
PROP-E293A28491F9,4.0,4.25,3.0,18.0,0.0,0.0,-1.15
PROP-6D87CE160010,5.15,5.4,4.0,18.5,-0.25,-0.6,-1.35
PROP-EC9F1894A0D2,6.5,6.75,4.0,19.25,0.0,0.0,0.5
PROP-D2B8AEFDC4A2,5.9,6.15,4.5,18.0,0.0,1.0,1.9
PROP-6C2B6A425065,4.9,5.15,4.5,18.0,0.0,0.9,0.9
PROP-BC4691A199D2,4.4,4.65,3.0,18.0,0.0,-0.75,-1.6
PROP-2D5F825DE4AF,4.4,4.65,3.0,18.0,0.0,-0.75,-1.6
PROP-EF590F3FA56A,6.0,6.25,4.0,19.5,0.0,0.0,-0.25
PROP-9576F66E3C33,4.4,4.65,3.0,18.0,0.0,-0.75,-1.6
PROP-8BF6B2AFC71C,4.0,4.25,4.0,18.0,0.0,0.0,0.0
PROP-636DDDB1B4E7,6.0,6.25,4.0,19.25,-0.25,-0.5,0.0
PROP-E8882E4C4F1F,4.0,4.25,3.0,18.0,0.0,0.0,-1.15
PROP-A36C94723B05,4.9,5.15,4.5,18.0,0.0,0.9,0.9
PROP-49396E8DABBC,4.0,4.25,3.5,18.0,0.0,0.0,-0.4
PROP-57EA5236DEFB,6.25,6.5,4.0,19.5,0.0,0.25,0.0
PROP-ABA20FC7ECB6,4.0,4.25,3.0,18.0,0.0,0.0,-1.15
PROP-78682429BB22,4.0,4.25,3.5,18.0,0.0,0.0,-0.4
PROP-B3CF8BABB6F2,4.0,4.25,4.0,18.0,0.0,0.0,0.0
PROP-5871CC94B0CC,5.15,5.4,4.0,18.25,0.0,0.0,-1.35
PROP-047C3170CAC9,4.0,4.25,4.0,18.0,0.0,0.0,0.0
PROP-5B361EA28049,4.0,4.25,4.0,18.0,0.0,0.0,0.0
PROP-3BA19A960562,5.15,5.4,4.0,18.25,0.0,0.0,-1.35
PROP-1B5CA76FE1DF,5.15,5.4,4.0,18.5,-0.25,-0.6,-1.35
PROP-B431D9873E4F,5.15,5.4,4.0,18.5,-0.25,-0.6,-1.35
PROP-92CE2E806BB0,6.0,6.25,4.0,19.5,0.0,0.0,-0.25
PROP-1EEF04637056,5.75,6.0,4.0,19.0,0.0,-0.25,-0.5
PROP-80466D17C476,4.0,4.25,3.0,18.0,0.0,-0.4,-1.75
PROP-A5DEBFD65275,5.9,6.15,4.5,18.0,0.0,1.0,1.9
PROP-8E673EBCACFC,4.0,4.25,4.0,18.0,0.0,0.0,0.0
PROP-64453DA207AB,6.5,6.75,4.0,19.5,0.0,0.25,0.5
PROP-6AE9E231A7E8,4.0,4.25,3.5,18.0,0.0,0.0,-0.4
PROP-5D196C38E942,6.0,6.25,4.0,19.25,-0.25,-0.5,0.0
PROP-AFBB585988A1,4.0,4.25,3.5,18.0,0.0,0.0,-0.4
PROP-123BE1112E9D,4.0,4.25,3.0,18.0,0.0,0.0,-1.15
PROP-758E0F776A14,5.9,6.15,4.5,18.0,0.0,1.0,1.9
PROP-EBF1AEE03EE8,4.0,4.25,4.0,18.0,0.0,0.0,0.0
PROP-F1483558F67E,4.0,4.25,3.0,18.0,0.0,0.0,-1.15
PROP-68E4EFB12169,4.0,4.25,3.0,18.0,0.0,-0.4,-1.75
PROP-EFC4C69F4069,4.0,4.25,3.0,18.0,0.0,0.0,-1.15
PROP-370B44AC29BB,4.0,4.25,4.0,18.0,0.0,0.0,0.0
PROP-0AF72CDF3DD7,4.0,4.25,3.0,18.0,0.0,0.0,-1.15
PROP-AE1224CDA183,6.0,6.25,4.0,19.5,0.0,0.0,-0.25
PROP-C545A7EF0886,6.0,6.25,4.0,19.5,0.0,0.0,-0.25
PROP-DC411E13B622,4.9,5.15,4.5,18.0,0.0,0.9,0.9
PROP-935D767505B7,6.25,6.5,4.0,19.5,0.0,0.25,0.0
PROP-50FB177A2F93,5.75,6.0,4.0,19.0,0.0,-0.25,-0.5
PROP-84149ACF4546,4.0,4.25,4.0,18.0,0.0,0.0,0.0
PROP-2C030FB1FD1C,4.4,4.65,3.0,18.0,0.0,-0.75,-1.6
PROP-23EB90E80E6E,4.0,4.25,4.0,18.0,0.0,0.0,0.0
PROP-603219C904DE,4.0,4.25,4.0,18.0,0.0,0.0,0.0
PROP-A05D4B668437,6.0,6.25,4.0,19.25,-0.25,-0.5,0.0
PROP-AB10B3B25C26,4.0,4.25,4.0,18.0,0.0,0.0,0.0
PROP-1FBD46093677,6.0,6.25,4.0,19.25,-0.25,-0.5,0.0
PROP-9C20A2BE172F,4.0,4.25,3.0,18.0,0.0,-0.4,-1.75
PROP-0D29A9A27363,5.15,5.4,4.0,18.25,0.0,0.0,-1.35
PROP-6249728246A4,4.0,4.25,3.0,18.0,0.0,0.0,-1.15
PROP-EC7A49F3E79D,5.15,5.4,4.0,18.5,-0.25,-0.6,-1.35
PROP-5CD1D083370F,4.0,4.25,4.0,18.0,0.0,0.0,0.0
PROP-B612F1E63F8F,4.0,4.25,4.0,18.0,0.0,0.0,0.0
PROP-92604544445A,6.0,6.25,4.0,19.25,-0.25,-0.5,0.0
PROP-E4F786F8A9C5,6.5,6.75,4.0,19.25,0.0,0.0,0.5
PROP-095536C61A49,6.0,6.25,4.0,19.5,0.0,0.0,-0.25
PROP-3AC3ACD3BBEC,5.15,5.4,4.0,18.5,-0.25,-0.6,-1.35
PROP-5DFA2278585D,4.0,4.25,4.0,18.0,0.0,0.0,0.0
PROP-7326B3BB46CC,4.0,4.25,4.0,18.0,0.0,0.0,0.0
PROP-C30393DAFB6B,4.0,4.25,4.0,18.0,0.0,0.0,0.0
PROP-1D1CE5E679C2,6.5,6.75,4.0,19.25,0.0,0.0,0.5
PROP-886E92E38564,6.0,6.25,4.0,19.5,0.0,0.0,-0.25
PROP-F39038E5A4A6,6.5,6.75,4.0,19.5,0.0,0.25,0.5
PROP-8012B832B31B,5.15,5.4,4.0,18.5,-0.25,-0.6,-1.35
PROP-47F60DD942BB,4.4,4.65,3.0,18.0,0.0,-0.75,-1.6
PROP-7F2A6102A08B,4.0,4.25,4.0,18.0,0.0,0.0,0.0
PROP-9C8E6167ED12,4.0,4.25,4.0,18.0,0.0,0.0,0.0
PROP-85311F49F3AD,6.0,6.25,4.0,19.5,0.0,0.0,-0.25
PROP-DE157F628EF5,6.5,6.75,4.0,19.5,0.0,0.25,0.5
PROP-D47CC6D5F8B2,4.0,4.25,3.5,18.0,0.0,0.0,-0.4
PROP-039D14DE8551,4.0,4.25,3.5,18.0,0.0,0.0,-0.4
PROP-3E6B9C87D772,4.0,4.25,3.5,18.0,0.0,0.0,-0.4
PROP-D8E85E5F9387,4.9,5.15,4.5,18.0,0.0,0.9,0.9
PROP-FBD4B9F295AE,6.25,6.5,4.0,19.5,0.0,0.25,0.0
PROP-34E5A70A19A6,5.15,5.4,4.0,18.5,-0.25,-0.6,-1.35
PROP-CE95B2851E05,5.75,6.0,4.0,19.0,0.0,-0.25,-0.5
PROP-105DEF10B62E,6.5,6.75,4.0,19.5,0.0,0.25,0.5
PROP-DFEF5D40CDAC,4.0,4.25,4.0,18.0,0.0,0.0,0.0
PROP-D0125D7F1E3F,4.0,4.25,3.0,18.0,0.0,0.0,-1.15
PROP-C8356D196EB4,5.15,5.4,4.0,18.5,-0.25,-0.6,-1.35
PROP-C11883496832,4.0,4.25,4.0,18.0,0.0,0.0,0.0
PROP-5E0A905726D7,4.0,4.25,3.5,18.0,0.0,0.0,-0.4
PROP-A3466C0423E4,6.5,6.75,4.0,19.25,0.0,0.0,0.5
PROP-2B3933433ECC,5.15,5.4,4.0,18.25,0.0,0.0,-1.35
PROP-9E2B1CC14639,6.5,6.75,4.0,19.5,0.0,0.25,0.5
PROP-B444EDDF5ADE,4.0,4.25,4.0,18.0,0.0,0.0,0.0
PROP-2497DA715EAB,4.0,4.25,4.0,18.0,0.0,0.0,0.0
PROP-313C6CDE9C19,4.9,5.15,4.5,18.0,0.0,0.9,0.9
PROP-038425F790E1,6.0,6.25,4.0,19.5,0.0,0.0,-0.25
PROP-C6866C540833,6.5,6.75,4.0,19.25,0.0,0.0,0.5
PROP-DE375B3B7AB8,4.0,4.25,4.0,18.0,0.0,0.0,0.0
PROP-4621C4F0A31A,5.15,5.4,4.0,18.25,0.0,0.0,-1.35
PROP-D01F227C3630,4.0,4.25,4.0,18.0,0.0,0.0,0.0
PROP-212E826D69F5,6.5,6.75,4.0,19.25,0.0,0.0,0.5
PROP-05D74D41B330,4.0,4.25,4.0,18.0,0.0,0.0,0.0
PROP-B2361C1ABE9B,4.0,4.25,4.0,18.0,0.0,0.0,0.0
PROP-78DC410CE90A,5.15,5.4,4.0,18.5,-0.25,-0.6,-1.35
PROP-5A1F27E158CA,6.5,6.75,4.0,19.25,0.0,0.0,0.5
PROP-02A9785BE6B5,5.15,5.4,4.0,18.5,-0.25,-0.6,-1.35
PROP-87E5683FF62B,4.9,5.15,4.5,18.0,0.0,0.9,0.9
PROP-B75CB8A653E4,4.0,4.25,3.0,18.0,0.0,0.0,-1.15
PROP-4C9EEF70412C,6.0,6.25,4.0,19.5,0.0,0.0,-0.25
PROP-49E894176BB0,6.0,6.25,4.0,19.5,0.0,0.0,-0.25
PROP-FBFAA78656CE,4.4,4.65,3.0,18.0,0.0,-0.75,-1.6
PROP-12CD7FA6D63B,4.4,4.65,3.0,18.0,0.0,-0.75,-1.6
PROP-CFFBA036750C,4.0,4.25,3.0,18.0,0.0,-0.4,-1.75
PROP-2C08F7C73864,6.25,6.5,4.0,19.5,0.0,0.25,0.0
PROP-A61526B76717,4.0,4.25,3.0,18.0,0.0,-0.4,-1.75
PROP-B5BBE2D54501,5.75,6.0,4.0,19.0,0.0,-0.25,-0.5
PROP-C55C71829D0F,4.0,4.25,3.5,18.0,0.0,0.0,-0.4
PROP-9D26E5B94C09,6.0,6.25,4.0,19.25,-0.25,-0.5,0.0
PROP-E4280A60FD9F,4.0,4.25,3.0,18.0,0.0,0.0,-1.15
PROP-F88B6FA80420,6.0,6.25,4.0,19.25,-0.25,-0.5,0.0
PROP-598D860C57F7,4.0,4.25,4.0,18.0,0.0,0.0,0.0
PROP-B86897DAF087,4.0,4.25,3.5,18.0,0.0,0.0,-0.4
PROP-89289F8E1020,4.0,4.25,4.0,18.0,0.0,0.0,0.0
PROP-4D65BEFCFF35,4.0,4.25,3.0,18.0,0.0,0.0,-1.15
PROP-6304C1649CD3,5.15,5.4,4.0,18.25,0.0,0.0,-1.35
PROP-95C30A7FAFE7,5.75,6.0,4.0,19.0,0.0,-0.25,-0.5
PROP-760A66091304,4.0,4.25,3.5,18.0,0.0,0.0,-0.4
PROP-0CC231D6445D,4.4,4.65,3.0,18.0,0.0,-0.75,-1.6
PROP-7F831A852421,5.15,5.4,4.0,18.25,0.0,0.0,-1.35
PROP-461841126FD8,4.0,4.25,4.0,18.0,0.0,0.0,0.0
PROP-EB6490EEF52A,4.9,5.15,4.5,18.0,0.0,0.9,0.9
PROP-D2B8D5E7818B,5.15,5.4,4.0,18.25,0.0,0.0,-1.35
PROP-8505C6D58A2D,4.4,4.65,3.0,18.0,0.0,-0.75,-1.6
PROP-22F9546CB97B,6.5,6.75,4.0,19.5,0.0,0.25,0.5
PROP-5913E9A5D96D,4.0,4.25,3.0,18.0,0.0,-0.4,-1.75
PROP-48582130F801,4.0,4.25,4.0,18.0,0.0,0.0,0.0
PROP-AB189F42AE3A,4.0,4.25,3.0,18.0,0.0,-0.4,-1.75
PROP-69F66ED866EC,4.9,5.15,4.5,18.0,0.0,0.9,0.9
PROP-E5C7FD45EC04,4.9,5.15,4.5,18.0,0.0,0.9,0.9
PROP-13FA24FAFC84,4.0,4.25,3.0,18.0,0.0,-0.4,-1.75
PROP-3E5B52A434E1,6.0,6.25,4.0,19.25,-0.25,-0.5,0.0
PROP-C1FB700C2334,5.9,6.15,4.5,18.0,0.0,1.0,1.9
PROP-99D43A4930DF,5.9,6.15,4.5,18.0,0.0,1.0,1.9
PROP-98CEE4650250,4.4,4.65,3.0,18.0,0.0,-0.75,-1.6
PROP-ECDB08D0A547,5.15,5.4,4.0,18.25,0.0,0.0,-1.35
PROP-0E461529BB38,4.0,4.25,3.0,18.0,0.0,0.0,-1.15
PROP-507784D5BF0B,4.0,4.25,4.0,18.0,0.0,0.0,0.0
PROP-ECC1213DC69B,4.0,4.25,3.0,18.0,0.0,0.0,-1.15
PROP-93A946C0D4CC,6.25,6.5,4.0,19.5,0.0,0.25,0.0
PROP-FB6C524EA7CA,6.0,6.25,4.0,19.25,-0.25,-0.5,0.0
PROP-7DD908F453A9,4.0,4.25,4.0,18.0,0.0,0.0,0.0
PROP-71F7051F77B3,4.0,4.25,4.0,18.0,0.0,0.0,0.0
PROP-DE1E4103B86A,4.0,4.25,3.0,18.0,0.0,-0.4,-1.75
PROP-8650FC964A32,4.0,4.25,3.0,18.0,0.0,0.0,-1.15
PROP-9640F6004261,4.0,4.25,4.0,18.0,0.0,0.0,0.0
PROP-42AE066E1A7A,4.0,4.25,3.0,18.0,0.0,-0.4,-1.75
PROP-2A795495F12F,6.0,6.25,4.0,19.5,0.0,0.0,-0.25
PROP-B7F344B98DCA,4.0,4.25,3.0,18.0,0.0,0.0,-1.15
PROP-B0BF6625DA15,6.25,6.5,4.0,19.5,0.0,0.25,0.0
PROP-625CEE21561C,6.5,6.75,4.0,19.5,0.0,0.25,0.5
PROP-B02DED0F1F8E,6.5,6.75,4.0,19.25,0.0,0.0,0.5
PROP-32B6BF80ADCF,4.0,4.25,4.0,18.0,0.0,0.0,0.0
PROP-6193E6D2E28B,5.75,6.0,4.0,19.0,0.0,-0.25,-0.5
PROP-97834262F186,5.9,6.15,4.5,18.0,0.0,1.0,1.9
PROP-5E1773F61EED,5.15,5.4,4.0,18.25,0.0,0.0,-1.35
PROP-7A565625ECA2,4.4,4.65,3.0,18.0,0.0,-0.75,-1.6
PROP-102A48EA76ED,4.0,4.25,4.0,18.0,0.0,0.0,0.0
PROP-38EA3789666C,6.0,6.25,4.0,19.5,0.0,0.0,-0.25
PROP-75FEBA3A7DDF,4.0,4.25,4.0,18.0,0.0,0.0,0.0
PROP-3E799E9F82BD,4.4,4.65,3.0,18.0,0.0,-0.75,-1.6
PROP-75D668FA86B2,4.0,4.25,4.0,18.0,0.0,0.0,0.0
PROP-FED461A27222,6.0,6.25,4.0,19.5,0.0,0.0,-0.25
PROP-5479AC599AB2,4.0,4.25,4.0,18.0,0.0,0.0,0.0
PROP-92F449C3516F,6.0,6.25,4.0,19.5,0.0,0.0,-0.25
PROP-099F018AC5BC,6.0,6.25,4.0,19.25,-0.25,-0.5,0.0
PROP-50DAE96FD69F,6.5,6.75,4.0,19.5,0.0,0.25,0.5
PROP-14B4356FBFB6,4.0,4.25,3.0,18.0,0.0,0.0,-1.15
PROP-EE3776062233,5.9,6.15,4.5,18.0,0.0,1.0,1.9
PROP-9B690912CCD5,6.0,6.25,4.0,19.25,-0.25,-0.5,0.0
PROP-5556187ED4D0,6.0,6.25,4.0,19.25,-0.25,-0.5,0.0
PROP-730108554819,6.0,6.25,4.0,19.25,-0.25,-0.5,0.0
PROP-C0DFC03283FC,5.15,5.4,4.0,18.5,-0.25,-0.6,-1.35
PROP-5A32062519A6,4.0,4.25,4.0,18.0,0.0,0.0,0.0
PROP-1C3BF06492FD,6.5,6.75,4.0,19.5,0.0,0.25,0.5
PROP-68D49B07F2B9,6.25,6.5,4.0,19.5,0.0,0.25,0.0
PROP-DE9DA28714AF,5.9,6.15,4.5,18.0,0.0,1.0,1.9
PROP-D155733E8EC2,6.0,6.25,4.0,19.25,-0.25,-0.5,0.0
PROP-57BE276EBE13,4.0,4.25,4.0,18.0,0.0,0.0,0.0
PROP-BEDF6EE3E0C3,6.0,6.25,4.0,19.5,0.0,0.0,-0.25
PROP-9CFB94F4D3DF,4.0,4.25,3.0,18.0,0.0,0.0,-1.15
PROP-98A17047105D,6.0,6.25,4.0,19.5,0.0,0.0,-0.25
PROP-20508311F8C6,6.25,6.5,4.0,19.5,0.0,0.25,0.0
PROP-4DC234BD92CE,5.75,6.0,4.0,19.0,0.0,-0.25,-0.5
PROP-29E05F68CDDC,6.0,6.25,4.0,19.5,0.0,0.0,-0.25
PROP-AC93EF4B6D3C,4.0,4.25,3.0,18.0,0.0,0.0,-1.15
PROP-6FCE6FED78AF,4.0,4.25,3.0,18.0,0.0,-0.4,-1.75
PROP-76D8CBDA7DFF,4.0,4.25,3.0,18.0,0.0,-0.4,-1.75
PROP-818420AF923D,5.9,6.15,4.5,18.0,0.0,1.0,1.9
PROP-8BF30EA613B3,4.0,4.25,3.0,18.0,0.0,0.0,-1.15
PROP-17E87CF8A856,4.0,4.25,3.5,18.0,0.0,0.0,-0.4
PROP-3C9F36317EC2,6.0,6.25,4.0,19.25,-0.25,-0.5,0.0
PROP-7C03D493EBE5,4.0,4.25,3.0,18.0,0.0,0.0,-1.15
PROP-A6EA47DC8AE0,4.0,4.25,3.0,18.0,0.0,-0.4,-1.75
PROP-2AE5A7C5C609,5.15,5.4,4.0,18.5,-0.25,-0.6,-1.35
PROP-9264D5AC4CE3,4.0,4.25,3.0,18.0,0.0,-0.4,-1.75
PROP-FE11C3BF1BCF,5.9,6.15,4.5,18.0,0.0,1.0,1.9
PROP-DCEEB7DB5B1D,5.15,5.4,4.0,18.25,0.0,0.0,-1.35
PROP-C2DBDC3420F0,4.9,5.15,4.5,18.0,0.0,0.9,0.9
PROP-B0783D9690D4,6.0,6.25,4.0,19.25,-0.25,-0.5,0.0
PROP-AC5E103DEF8E,5.75,6.0,4.0,19.0,0.0,-0.25,-0.5
PROP-3EC2C03B30A9,4.0,4.25,4.0,18.0,0.0,0.0,0.0
PROP-8AD7E6E843B7,4.0,4.25,4.0,18.0,0.0,0.0,0.0
PROP-B68513FEE3D9,4.0,4.25,3.0,18.0,0.0,0.0,-1.15
PROP-758543E09AF4,5.75,6.0,4.0,19.0,0.0,-0.25,-0.5
PROP-883EAD1BD562,4.0,4.25,3.0,18.0,0.0,0.0,-1.15
PROP-31EF6B37DC72,5.15,5.4,4.0,18.25,0.0,0.0,-1.35
PROP-8A2605F9B087,5.75,6.0,4.0,19.0,0.0,-0.25,-0.5
PROP-4D58E2CC3297,4.0,4.25,4.0,18.0,0.0,0.0,0.0
PROP-70F451C48336,5.9,6.15,4.5,18.0,0.0,1.0,1.9
PROP-EA4E6AE54F50,4.0,4.25,4.0,18.0,0.0,0.0,0.0
PROP-C630C6A76782,4.0,4.25,4.0,18.0,0.0,0.0,0.0
PROP-6B016AD2CD8A,4.0,4.25,4.0,18.0,0.0,0.0,0.0
PROP-FD339ECF86FC,4.0,4.25,3.0,18.0,0.0,0.0,-1.15
PROP-7157850066F1,6.0,6.25,4.0,19.5,0.0,0.0,-0.25
PROP-4F610207525A,5.9,6.15,4.5,18.0,0.0,1.0,1.9
PROP-2540EF3E8199,5.15,5.4,4.0,18.25,0.0,0.0,-1.35
PROP-ABBA164A9C1B,4.0,4.25,4.0,18.0,0.0,0.0,0.0
PROP-31DC090E2289,4.0,4.25,4.0,18.0,0.0,0.0,0.0
PROP-00E7989E006F,5.9,6.15,4.5,18.0,0.0,1.0,1.9
PROP-AC90129CF0DC,5.75,6.0,4.0,19.0,0.0,-0.25,-0.5
PROP-DFEEA937B78F,6.0,6.25,4.0,19.5,0.0,0.0,-0.25
PROP-CAB710BE24E4,4.4,4.65,3.0,18.0,0.0,-0.75,-1.6
PROP-FC9537F5CD9F,4.0,4.25,3.0,18.0,0.0,0.0,-1.15
PROP-1D034CF76D91,4.0,4.25,3.0,18.0,0.0,0.0,-1.15
PROP-AAA2533FD741,6.5,6.75,4.0,19.25,0.0,0.0,0.5
PROP-A76AAEB1588E,6.0,6.25,4.0,19.25,-0.25,-0.5,0.0
PROP-5D18B35844D0,5.9,6.15,4.5,18.0,0.0,1.0,1.9
PROP-E33DBD7AEC61,6.0,6.25,4.0,19.5,0.0,0.0,-0.25
PROP-B24B67FD6BB9,4.0,4.25,3.0,18.0,0.0,0.0,-1.15
PROP-0EE16A6C79B4,6.0,6.25,4.0,19.25,-0.25,-0.5,0.0
PROP-C897AC066CE7,6.25,6.5,4.0,19.5,0.0,0.25,0.0
PROP-A66EED7F4FFB,6.25,6.5,4.0,19.5,0.0,0.25,0.0
PROP-938B35609A83,6.0,6.25,4.0,19.5,0.0,0.0,-0.25
PROP-B30F84ED7C1A,4.0,4.25,3.0,18.0,0.0,0.0,-1.15
PROP-33E8A051C8BB,5.15,5.4,4.0,18.5,-0.25,-0.6,-1.35
PROP-F472C4E6FE5D,4.0,4.25,3.0,18.0,0.0,0.0,-1.15
PROP-BA0F4D79AFF5,4.0,4.25,3.0,18.0,0.0,0.0,-1.15
PROP-176F6043EB16,4.0,4.25,4.0,18.0,0.0,0.0,0.0
PROP-9E29C1686C42,6.5,6.75,4.0,19.25,0.0,0.0,0.5
PROP-B1B71FF687F6,6.5,6.75,4.0,19.5,0.0,0.25,0.5
PROP-053D9143FAA2,4.0,4.25,3.5,18.0,0.0,0.0,-0.4
PROP-4691CA752DE8,4.0,4.25,3.0,18.0,0.0,0.0,-1.15
PROP-6010D55F9972,6.5,6.75,4.0,19.25,0.0,0.0,0.5
PROP-BFE34B6A42A5,4.0,4.25,3.0,18.0,0.0,0.0,-1.15
PROP-CD08A2CAC136,4.0,4.25,4.0,18.0,0.0,0.0,0.0
PROP-A456B97B86B0,5.75,6.0,4.0,19.0,0.0,-0.25,-0.5
PROP-5FB2109BFB0C,6.5,6.75,4.0,19.5,0.0,0.25,0.5
PROP-0BFC1892F6D5,4.0,4.25,4.0,18.0,0.0,0.0,0.0
PROP-38E8B5DF885A,4.4,4.65,3.0,18.0,0.0,-0.75,-1.6
PROP-3E02D030B25B,5.9,6.15,4.5,18.0,0.0,1.0,1.9
PROP-28DD3A269ABF,4.4,4.65,3.0,18.0,0.0,-0.75,-1.6
PROP-CCA630C5A833,6.5,6.75,4.0,19.5,0.0,0.25,0.5
PROP-5BE53FBA4840,5.15,5.4,4.0,18.5,-0.25,-0.6,-1.35
PROP-79FCF61433FF,5.15,5.4,4.0,18.25,0.0,0.0,-1.35
PROP-AAAFF46FCFFA,4.0,4.25,3.0,18.0,0.0,0.0,-1.15
PROP-72FBB7DBF49B,4.0,4.25,4.0,18.0,0.0,0.0,0.0
PROP-BE3344A9183A,4.0,4.25,3.0,18.0,0.0,0.0,-1.15
PROP-6C38EEE84652,4.0,4.25,4.0,18.0,0.0,0.0,0.0
PROP-C8ABBC4B58A5,4.4,4.65,3.0,18.0,0.0,-0.75,-1.6
PROP-A7BDD19BC058,6.0,6.25,4.0,19.5,0.0,0.0,-0.25
PROP-4214690471CC,4.0,4.25,3.5,18.0,0.0,0.0,-0.4
PROP-6FC6D5EF0031,5.15,5.4,4.0,18.25,0.0,0.0,-1.35
PROP-84A2B3360A63,4.0,4.25,4.0,18.0,0.0,0.0,0.0
PROP-433E091DDD32,6.5,6.75,4.0,19.5,0.0,0.25,0.5
PROP-1701476D69A7,4.4,4.65,3.0,18.0,0.0,-0.75,-1.6
PROP-349B9C47C91F,5.15,5.4,4.0,18.5,-0.25,-0.6,-1.35
PROP-159224B80096,6.0,6.25,4.0,19.5,0.0,0.0,-0.25
PROP-4B12C9E4E146,4.0,4.25,3.0,18.0,0.0,0.0,-1.15
PROP-35BE0D77385C,4.0,4.25,3.0,18.0,0.0,-0.4,-1.75
PROP-1F60CB28B0C8,6.5,6.75,4.0,19.5,0.0,0.25,0.5
PROP-A0E0306C5A80,4.0,4.25,3.0,18.0,0.0,0.0,-1.15
PROP-45DAC6E7FF34,4.0,4.25,3.5,18.0,0.0,0.0,-0.4
PROP-483FB7A6647A,6.25,6.5,4.0,19.5,0.0,0.25,0.0
PROP-0C82EE1F2965,6.0,6.25,4.0,19.5,0.0,0.0,-0.25
PROP-258076B12F72,4.0,4.25,3.0,18.0,0.0,0.0,-1.15
PROP-175D59FC260C,4.0,4.25,4.0,18.0,0.0,0.0,0.0
PROP-7508C0D46D48,4.0,4.25,4.0,18.0,0.0,0.0,0.0
PROP-5E1E3BC9AF83,6.5,6.75,4.0,19.25,0.0,0.0,0.5
PROP-40AD669D8229,4.4,4.65,3.0,18.0,0.0,-0.75,-1.6
PROP-7EE61EE8B535,4.0,4.25,4.0,18.0,0.0,0.0,0.0
PROP-138D9E65DB0F,4.0,4.25,3.0,18.0,0.0,0.0,-1.15
PROP-C4253A09A7EB,4.4,4.65,3.0,18.0,0.0,-0.75,-1.6
PROP-0D0898198CD0,6.25,6.5,4.0,19.5,0.0,0.25,0.0
PROP-A9054D286DE6,4.0,4.25,3.0,18.0,0.0,-0.4,-1.75
PROP-0A2508447F60,6.0,6.25,4.0,19.25,-0.25,-0.5,0.0
PROP-ADEB96E35890,4.0,4.25,3.5,18.0,0.0,0.0,-0.4
PROP-6EAD4B8938F8,6.5,6.75,4.0,19.25,0.0,0.0,0.5
PROP-FFE13AE0E4EA,5.9,6.15,4.5,18.0,0.0,1.0,1.9
PROP-32F4198B7563,5.15,5.4,4.0,18.5,-0.25,-0.6,-1.35
PROP-8D9741DEB012,4.0,4.25,3.0,18.0,0.0,0.0,-1.15
PROP-2D7AE14D42D3,4.0,4.25,4.0,18.0,0.0,0.0,0.0
PROP-13375B1A5629,6.0,6.25,4.0,19.25,-0.25,-0.5,0.0
PROP-18E3A0895DF8,4.0,4.25,3.0,18.0,0.0,-0.4,-1.75
PROP-91EE5A4D6034,5.15,5.4,4.0,18.25,0.0,0.0,-1.35
PROP-49900D1DCAB2,5.15,5.4,4.0,18.25,0.0,0.0,-1.35
PROP-B453A7BF7C52,4.0,4.25,3.0,18.0,0.0,-0.4,-1.75
PROP-AF6144C38FE8,4.9,5.15,4.5,18.0,0.0,0.9,0.9
PROP-BAAF6F1DBEBE,5.75,6.0,4.0,19.0,0.0,-0.25,-0.5
PROP-9A7489587C51,4.9,5.15,4.5,18.0,0.0,0.9,0.9
PROP-EEB20130124A,5.15,5.4,4.0,18.5,-0.25,-0.6,-1.35
PROP-8BF50BD8D0FC,6.0,6.25,4.0,19.5,0.0,0.0,-0.25
PROP-60B49F86746B,4.0,4.25,4.0,18.0,0.0,0.0,0.0
PROP-67ACCE60D99D,6.25,6.5,4.0,19.5,0.0,0.25,0.0
PROP-42C95D82CFE7,6.0,6.25,4.0,19.25,-0.25,-0.5,0.0
PROP-86C2F6B488EE,5.15,5.4,4.0,18.25,0.0,0.0,-1.35
PROP-3ECCECA544EA,6.5,6.75,4.0,19.25,0.0,0.0,0.5
PROP-0844234B868E,5.15,5.4,4.0,18.25,0.0,0.0,-1.35
PROP-5B3A98F5FE50,4.0,4.25,3.0,18.0,0.0,0.0,-1.15
PROP-B9AD267C0AD3,5.15,5.4,4.0,18.5,-0.25,-0.6,-1.35
PROP-C6FC9AC61DEF,6.5,6.75,4.0,19.5,0.0,0.25,0.5
PROP-B890368F5D9C,6.25,6.5,4.0,19.5,0.0,0.25,0.0
PROP-77F67A4F5325,4.0,4.25,3.0,18.0,0.0,0.0,-1.15
PROP-8C4182F7B4BB,6.25,6.5,4.0,19.5,0.0,0.25,0.0
PROP-0FB7B1DBD908,4.0,4.25,4.0,18.0,0.0,0.0,0.0
PROP-147B97C6713E,6.5,6.75,4.0,19.25,0.0,0.0,0.5
PROP-732D644F07CA,6.25,6.5,4.0,19.5,0.0,0.25,0.0
PROP-753E5253841E,4.0,4.25,3.0,18.0,0.0,-0.4,-1.75
PROP-2417A35A051F,6.25,6.5,4.0,19.5,0.0,0.25,0.0
PROP-5C30F2594156,4.0,4.25,3.0,18.0,0.0,0.0,-1.15
PROP-92F760ADD168,5.15,5.4,4.0,18.5,-0.25,-0.6,-1.35
PROP-460E0DD4ADD1,5.15,5.4,4.0,18.25,0.0,0.0,-1.35
PROP-92C87905B6B1,5.75,6.0,4.0,19.0,0.0,-0.25,-0.5
PROP-C0EC1709CECF,6.0,6.25,4.0,19.5,0.0,0.0,-0.25
PROP-134EF425F6F7,5.15,5.4,4.0,18.5,-0.25,-0.6,-1.35
PROP-A3CFC7B0F49F,5.9,6.15,4.5,18.0,0.0,1.0,1.9
PROP-A8A36D034C22,4.0,4.25,3.5,18.0,0.0,0.0,-0.4
PROP-3C7531150607,4.4,4.65,3.0,18.0,0.0,-0.75,-1.6
PROP-E41E6487F6ED,4.4,4.65,3.0,18.0,0.0,-0.75,-1.6
PROP-E34DC6CF6FFC,6.5,6.75,4.0,19.5,0.0,0.25,0.5
PROP-86504872B21A,4.0,4.25,3.5,18.0,0.0,0.0,-0.4
PROP-F2881D3B97F4,6.5,6.75,4.0,19.5,0.0,0.25,0.5
PROP-301BB997DEA8,5.9,6.15,4.5,18.0,0.0,1.0,1.9
PROP-A60D07B89A32,4.0,4.25,4.0,18.0,0.0,0.0,0.0
PROP-1E73C28C821B,6.5,6.75,4.0,19.5,0.0,0.25,0.5
PROP-37DB6F0FD6BE,5.9,6.15,4.5,18.0,0.0,1.0,1.9
PROP-F0A80D80C394,5.15,5.4,4.0,18.5,-0.25,-0.6,-1.35
PROP-9BC670156E19,6.0,6.25,4.0,19.25,-0.25,-0.5,0.0
PROP-A96BCA0E11B9,4.0,4.25,3.0,18.0,0.0,-0.4,-1.75
PROP-3BBBBE9F11FE,5.15,5.4,4.0,18.5,-0.25,-0.6,-1.35
PROP-DC8F4B6320EC,4.0,4.25,4.0,18.0,0.0,0.0,0.0
PROP-900B7097FF5B,5.75,6.0,4.0,19.0,0.0,-0.25,-0.5
PROP-E830DA2A83CD,5.15,5.4,4.0,18.25,0.0,0.0,-1.35
PROP-29EBAF80B4CC,4.0,4.25,3.5,18.0,0.0,0.0,-0.4
PROP-815D70FD51FD,6.0,6.25,4.0,19.5,0.0,0.0,-0.25
PROP-F7124BC5510D,4.0,4.25,4.0,18.0,0.0,0.0,0.0
PROP-736FBA1A33BB,6.0,6.25,4.0,19.5,0.0,0.0,-0.25
PROP-2A5F881899A8,4.0,4.25,3.0,18.0,0.0,-0.4,-1.75
PROP-440F5936FE43,5.9,6.15,4.5,18.0,0.0,1.0,1.9
PROP-4F273C5C46E7,4.0,4.25,4.0,18.0,0.0,0.0,0.0
PROP-160386AF2AA3,5.15,5.4,4.0,18.5,-0.25,-0.6,-1.35
PROP-9610819AAC6E,5.15,5.4,4.0,18.5,-0.25,-0.6,-1.35
PROP-61F665798380,4.9,5.15,4.5,18.0,0.0,0.9,0.9
PROP-864886C38A94,4.0,4.25,3.0,18.0,0.0,-0.4,-1.75
PROP-A89D3693457E,4.0,4.25,4.0,18.0,0.0,0.0,0.0
PROP-9482FE5103CD,4.0,4.25,4.0,18.0,0.0,0.0,0.0
PROP-EB74257E5E7F,6.5,6.75,4.0,19.25,0.0,0.0,0.5
PROP-30490A0174C4,4.0,4.25,3.0,18.0,0.0,0.0,-1.15
PROP-F88D5F967D30,4.0,4.25,3.0,18.0,0.0,-0.4,-1.75
PROP-7A95207DD455,4.9,5.15,4.5,18.0,0.0,0.9,0.9
PROP-0EDAB1BD1273,4.9,5.15,4.5,18.0,0.0,0.9,0.9
PROP-1A065E59FDEC,4.0,4.25,4.0,18.0,0.0,0.0,0.0
PROP-475E491DDA12,4.0,4.25,3.0,18.0,0.0,0.0,-1.15
PROP-371E4AC33A92,4.0,4.25,4.0,18.0,0.0,0.0,0.0
PROP-4EFC317391B9,4.0,4.25,3.0,18.0,0.0,0.0,-1.15
PROP-FE2A708E7FDB,4.4,4.65,3.0,18.0,0.0,-0.75,-1.6
PROP-4AB02D12AB85,5.9,6.15,4.5,18.0,0.0,1.0,1.9
PROP-E93FE0FA121E,6.25,6.5,4.0,19.5,0.0,0.25,0.0
PROP-FECF5C4082B6,4.4,4.65,3.0,18.0,0.0,-0.75,-1.6
PROP-107166A5A320,6.0,6.25,4.0,19.25,-0.25,-0.5,0.0
PROP-73E1DEFB4198,6.25,6.5,4.0,19.5,0.0,0.25,0.0
PROP-F23321CFA943,4.0,4.25,3.0,18.0,0.0,0.0,-1.15
PROP-BA1781C555B3,5.15,5.4,4.0,18.5,-0.25,-0.6,-1.35
PROP-B78277B56396,6.5,6.75,4.0,19.5,0.0,0.25,0.5
PROP-A2A387264DFD,4.0,4.25,4.0,18.0,0.0,0.0,0.0
PROP-6962E9490359,5.9,6.15,4.5,18.0,0.0,1.0,1.9
PROP-163D1BD1BC40,6.5,6.75,4.0,19.25,0.0,0.0,0.5
PROP-F68A3A7AB0A0,4.0,4.25,4.0,18.0,0.0,0.0,0.0
PROP-FCC6FF2B5F66,4.0,4.25,3.0,18.0,0.0,0.0,-1.15
PROP-AF543F3F3BFF,6.5,6.75,4.0,19.5,0.0,0.25,0.5
PROP-9A0FBC395F4D,6.5,6.75,4.0,19.5,0.0,0.25,0.5
PROP-A5B729978EB6,4.0,4.25,3.0,18.0,0.0,-0.4,-1.75
PROP-7A21CD6CEB9A,6.25,6.5,4.0,19.5,0.0,0.25,0.0
PROP-097BCCAA044D,5.75,6.0,4.0,19.0,0.0,-0.25,-0.5
PROP-07F19728EC21,4.9,5.15,4.5,18.0,0.0,0.9,0.9
PROP-DC96CEEEDE9C,4.0,4.25,4.0,18.0,0.0,0.0,0.0
PROP-1DC6CEB29BF7,4.0,4.25,3.0,18.0,0.0,-0.4,-1.75
PROP-797F078D0D5E,6.5,6.75,4.0,19.5,0.0,0.25,0.5
PROP-C499DD92DF50,4.0,4.25,4.0,18.0,0.0,0.0,0.0
PROP-2A87ECE2E9E4,6.5,6.75,4.0,19.5,0.0,0.25,0.5
PROP-40DE7FE50EBF,4.4,4.65,3.0,18.0,0.0,-0.75,-1.6
PROP-D9F36A6640B7,6.5,6.75,4.0,19.25,0.0,0.0,0.5
PROP-EE0C3460E825,5.9,6.15,4.5,18.0,0.0,1.0,1.9
PROP-C475178CED60,4.0,4.25,4.0,18.0,0.0,0.0,0.0
PROP-B0FC8841569E,4.9,5.15,4.5,18.0,0.0,0.9,0.9
PROP-A97FDA00071B,4.4,4.65,3.0,18.0,0.0,-0.75,-1.6
PROP-89CD87690784,6.0,6.25,4.0,19.5,0.0,0.0,-0.25
PROP-1902D1D08AC7,4.0,4.25,4.0,18.0,0.0,0.0,0.0
PROP-E6F81B5C0D4B,4.0,4.25,3.0,18.0,0.0,-0.4,-1.75
PROP-34B6076AA50C,4.0,4.25,3.0,18.0,0.0,0.0,-1.15
PROP-EE3F8D73AB40,5.9,6.15,4.5,18.0,0.0,1.0,1.9
PROP-AC51CBAEB979,4.0,4.25,3.0,18.0,0.0,0.0,-1.15
PROP-FB9F12B5D445,5.15,5.4,4.0,18.5,-0.25,-0.6,-1.35
PROP-31DA3A1A7A9E,6.0,6.25,4.0,19.5,0.0,0.0,-0.25
PROP-FAA9BEE4E3E7,4.0,4.25,4.0,18.0,0.0,0.0,0.0
PROP-9272DA0B6A05,5.15,5.4,4.0,18.25,0.0,0.0,-1.35
PROP-EF8691C619D5,4.0,4.25,4.0,18.0,0.0,0.0,0.0
PROP-C9A5A26BC06B,4.0,4.25,4.0,18.0,0.0,0.0,0.0
PROP-8F02B7383931,6.0,6.25,4.0,19.25,-0.25,-0.5,0.0
PROP-608EF4DC87B4,4.9,5.15,4.5,18.0,0.0,0.9,0.9
PROP-C74AB359E4C3,6.0,6.25,4.0,19.25,-0.25,-0.5,0.0
PROP-C19B3C114BEF,4.4,4.65,3.0,18.0,0.0,-0.75,-1.6
PROP-2AFF101E9053,5.15,5.4,4.0,18.25,0.0,0.0,-1.35
PROP-06DF9B881016,4.4,4.65,3.0,18.0,0.0,-0.75,-1.6
PROP-1785E33F2175,4.0,4.25,3.5,18.0,0.0,0.0,-0.4
PROP-586C0926798B,5.75,6.0,4.0,19.0,0.0,-0.25,-0.5
PROP-8024DBB2A78C,4.0,4.25,3.5,18.0,0.0,0.0,-0.4
PROP-DDCE17771788,5.75,6.0,4.0,19.0,0.0,-0.25,-0.5
PROP-244A8ACB4D16,4.0,4.25,4.0,18.0,0.0,0.0,0.0
PROP-3CDF4E3DAA4C,6.0,6.25,4.0,19.25,-0.25,-0.5,0.0
PROP-83C2EAD8C097,6.5,6.75,4.0,19.5,0.0,0.25,0.5
PROP-403FF4F48EDA,4.0,4.25,4.0,18.0,0.0,0.0,0.0
PROP-F6F6095DF249,6.25,6.5,4.0,19.5,0.0,0.25,0.0
PROP-63DE855C85FF,6.25,6.5,4.0,19.5,0.0,0.25,0.0
PROP-8DDF00FE969C,4.0,4.25,4.0,18.0,0.0,0.0,0.0
PROP-73821B3E1E8A,5.9,6.15,4.5,18.0,0.0,1.0,1.9
PROP-7F46003D17A7,5.15,5.4,4.0,18.25,0.0,0.0,-1.35
PROP-D864E5CA3A66,6.5,6.75,4.0,19.5,0.0,0.25,0.5
PROP-C6116216AB36,4.0,4.25,4.0,18.0,0.0,0.0,0.0
PROP-661B8AB6A103,4.9,5.15,4.5,18.0,0.0,0.9,0.9
PROP-49ACBF50F717,4.9,5.15,4.5,18.0,0.0,0.9,0.9
PROP-5602222D797A,4.0,4.25,3.5,18.0,0.0,0.0,-0.4
PROP-ECC59C2F45E7,5.15,5.4,4.0,18.5,-0.25,-0.6,-1.35
PROP-868C3DAEA402,4.0,4.25,4.0,18.0,0.0,0.0,0.0
PROP-15BF7BDC0153,5.15,5.4,4.0,18.25,0.0,0.0,-1.35
PROP-DD6861FA201B,4.9,5.15,4.5,18.0,0.0,0.9,0.9
PROP-9DDC723001B9,4.0,4.25,3.0,18.0,0.0,-0.4,-1.75
PROP-72C19ED1D4FD,5.75,6.0,4.0,19.0,0.0,-0.25,-0.5
PROP-06133E9528B7,4.0,4.25,3.0,18.0,0.0,0.0,-1.15
PROP-B4AC4014005E,5.9,6.15,4.5,18.0,0.0,1.0,1.9
PROP-191F6BD47D18,4.0,4.25,3.0,18.0,0.0,0.0,-1.15
PROP-C101164E895F,6.5,6.75,4.0,19.25,0.0,0.0,0.5
PROP-07CB3E7BD913,5.75,6.0,4.0,19.0,0.0,-0.25,-0.5
PROP-00790E1149D6,6.0,6.25,4.0,19.25,-0.25,-0.5,0.0
PROP-3B5C1F584894,4.0,4.25,3.0,18.0,0.0,0.0,-1.15
PROP-06234FFBB2D7,6.5,6.75,4.0,19.25,0.0,0.0,0.5
PROP-C78895011B40,4.0,4.25,4.0,18.0,0.0,0.0,0.0
PROP-17138AF927EC,4.0,4.25,3.0,18.0,0.0,-0.4,-1.75
PROP-1050E369A3B3,6.25,6.5,4.0,19.5,0.0,0.25,0.0
PROP-252EBA32CA85,6.5,6.75,4.0,19.25,0.0,0.0,0.5
PROP-6B0CC40CF25C,6.0,6.25,4.0,19.5,0.0,0.0,-0.25
PROP-1836B8930451,6.5,6.75,4.0,19.5,0.0,0.25,0.5
PROP-E7EF3226FC65,5.15,5.4,4.0,18.5,-0.25,-0.6,-1.35
PROP-621A39F9A857,4.0,4.25,3.5,18.0,0.0,0.0,-0.4
PROP-1EDD8F448D35,5.15,5.4,4.0,18.5,-0.25,-0.6,-1.35
PROP-4172C423BC27,4.9,5.15,4.5,18.0,0.0,0.9,0.9
PROP-7847378AD0A6,5.75,6.0,4.0,19.0,0.0,-0.25,-0.5
PROP-60DA5BF9F08D,4.0,4.25,3.5,18.0,0.0,0.0,-0.4
PROP-0AEB8FCC20E2,6.0,6.25,4.0,19.25,-0.25,-0.5,0.0
PROP-D95D7A01F40A,5.9,6.15,4.5,18.0,0.0,1.0,1.9
PROP-660AC1DC83E1,6.5,6.75,4.0,19.25,0.0,0.0,0.5
PROP-71F5538F5E20,5.75,6.0,4.0,19.0,0.0,-0.25,-0.5
PROP-1A3B60BCA394,5.9,6.15,4.5,18.0,0.0,1.0,1.9
PROP-A0A21011FCAF,4.0,4.25,4.0,18.0,0.0,0.0,0.0
PROP-FF633467B523,4.0,4.25,3.0,18.0,0.0,0.0,-1.15
PROP-51439F0226AF,6.5,6.75,4.0,19.25,0.0,0.0,0.5
PROP-A8DC88134A7E,6.0,6.25,4.0,19.5,0.0,0.0,-0.25
PROP-27AD69023727,6.25,6.5,4.0,19.5,0.0,0.25,0.0
PROP-118FB2209A1E,4.4,4.65,3.0,18.0,0.0,-0.75,-1.6
PROP-69F481659997,4.9,5.15,4.5,18.0,0.0,0.9,0.9
PROP-9F8B8D21D5ED,6.5,6.75,4.0,19.5,0.0,0.25,0.5
PROP-1764097CDB64,4.0,4.25,4.0,18.0,0.0,0.0,0.0
PROP-AD647885760E,5.15,5.4,4.0,18.5,-0.25,-0.6,-1.35
PROP-E0319DC958DB,4.4,4.65,3.0,18.0,0.0,-0.75,-1.6
PROP-0A30643D97A4,4.0,4.25,3.0,18.0,0.0,0.0,-1.15
PROP-D4C4FC77896D,4.0,4.25,3.5,18.0,0.0,0.0,-0.4
PROP-C6E2AFC25F76,5.9,6.15,4.5,18.0,0.0,1.0,1.9
PROP-94EA01E17C43,4.0,4.25,4.0,18.0,0.0,0.0,0.0
PROP-4C7F054222CA,5.75,6.0,4.0,19.0,0.0,-0.25,-0.5
PROP-AB88189F7163,4.9,5.15,4.5,18.0,0.0,0.9,0.9
PROP-9421173C8F0C,5.15,5.4,4.0,18.5,-0.25,-0.6,-1.35
PROP-00250C3FBEB4,4.0,4.25,3.0,18.0,0.0,-0.4,-1.75
PROP-08E983C47D42,5.15,5.4,4.0,18.5,-0.25,-0.6,-1.35
PROP-D61992BB7DBA,5.15,5.4,4.0,18.5,-0.25,-0.6,-1.35
PROP-BF612AA072EA,4.4,4.65,3.0,18.0,0.0,-0.75,-1.6
PROP-9A1CAE070ECD,4.0,4.25,3.0,18.0,0.0,0.0,-1.15
PROP-8DD34DA24B11,4.4,4.65,3.0,18.0,0.0,-0.75,-1.6
PROP-57DCAF8C17F0,4.0,4.25,3.0,18.0,0.0,-0.4,-1.75
PROP-E0FF791CC712,4.4,4.65,3.0,18.0,0.0,-0.75,-1.6
PROP-89C9DE5D1AD0,4.0,4.25,4.0,18.0,0.0,0.0,0.0
PROP-D5B8FD4479D0,5.15,5.4,4.0,18.25,0.0,0.0,-1.35
PROP-9052200A0569,4.0,4.25,4.0,18.0,0.0,0.0,0.0
PROP-2CB602F7E7DD,6.0,6.25,4.0,19.5,0.0,0.0,-0.25
PROP-FC1BC8418E63,6.5,6.75,4.0,19.5,0.0,0.25,0.5
PROP-C14F2E24AD76,4.4,4.65,3.0,18.0,0.0,-0.75,-1.6
PROP-8BDF28907402,4.0,4.25,4.0,18.0,0.0,0.0,0.0
PROP-DA1BF9432697,6.0,6.25,4.0,19.25,-0.25,-0.5,0.0
PROP-58106DDDBA32,4.0,4.25,3.0,18.0,0.0,0.0,-1.15
PROP-D2899BCB51F3,4.0,4.25,3.5,18.0,0.0,0.0,-0.4
PROP-193297EF8FCB,6.0,6.25,4.0,19.5,0.0,0.0,-0.25
PROP-B43D8EAAC8AC,5.15,5.4,4.0,18.5,-0.25,-0.6,-1.35
PROP-97746C47781D,6.0,6.25,4.0,19.25,-0.25,-0.5,0.0
PROP-EA10C6A9C43C,5.75,6.0,4.0,19.0,0.0,-0.25,-0.5
PROP-4B262F5FC74E,6.0,6.25,4.0,19.5,0.0,0.0,-0.25
PROP-2C408E13DE6B,6.0,6.25,4.0,19.5,0.0,0.0,-0.25
PROP-D9D96454D494,6.25,6.5,4.0,19.5,0.0,0.25,0.0
PROP-A43B3C9015EA,5.9,6.15,4.5,18.0,0.0,1.0,1.9
PROP-84F4EA6FAE23,4.0,4.25,3.0,18.0,0.0,0.0,-1.15
PROP-C84B4364059C,6.5,6.75,4.0,19.5,0.0,0.25,0.5
PROP-26F572924436,5.15,5.4,4.0,18.25,0.0,0.0,-1.35
PROP-53F8A56D8158,6.5,6.75,4.0,19.5,0.0,0.25,0.5
PROP-98942C27BCC3,4.0,4.25,3.5,18.0,0.0,0.0,-0.4
PROP-3D0C3023F13B,4.0,4.25,3.5,18.0,0.0,0.0,-0.4
PROP-04381F299F9A,6.0,6.25,4.0,19.25,-0.25,-0.5,0.0
PROP-04D8ECC5920C,5.9,6.15,4.5,18.0,0.0,1.0,1.9
PROP-95DE545FAE5A,4.0,4.25,3.0,18.0,0.0,0.0,-1.15
PROP-41418ED1F576,6.5,6.75,4.0,19.25,0.0,0.0,0.5
PROP-6F19C6CF5DB8,6.5,6.75,4.0,19.5,0.0,0.25,0.5
PROP-4C83E815CACF,4.9,5.15,4.5,18.0,0.0,0.9,0.9
PROP-2B5B626F5ABE,5.75,6.0,4.0,19.0,0.0,-0.25,-0.5
PROP-2F0B58506689,5.15,5.4,4.0,18.25,0.0,0.0,-1.35
PROP-A2A9798794BD,5.15,5.4,4.0,18.25,0.0,0.0,-1.35
PROP-67FA7613B18B,4.0,4.25,3.0,18.0,0.0,0.0,-1.15
PROP-3A6A24B2DF08,4.4,4.65,3.0,18.0,0.0,-0.75,-1.6
PROP-F985992D0CC9,4.4,4.65,3.0,18.0,0.0,-0.75,-1.6
PROP-9A6A78D16A5D,4.0,4.25,4.0,18.0,0.0,0.0,0.0
PROP-219C0D2BDF12,6.5,6.75,4.0,19.5,0.0,0.25,0.5
PROP-B1410D20C5B8,5.9,6.15,4.5,18.0,0.0,1.0,1.9
PROP-A0EDE086D273,6.0,6.25,4.0,19.5,0.0,0.0,-0.25
PROP-2FAE97138F84,6.5,6.75,4.0,19.25,0.0,0.0,0.5
PROP-D64475B439CB,6.0,6.25,4.0,19.5,0.0,0.0,-0.25
PROP-81599CC63362,4.0,4.25,4.0,18.0,0.0,0.0,0.0
PROP-85028F19EABE,5.15,5.4,4.0,18.25,0.0,0.0,-1.35
PROP-B5F6D51294B4,4.9,5.15,4.5,18.0,0.0,0.9,0.9
PROP-572E3614EA6D,4.0,4.25,4.0,18.0,0.0,0.0,0.0
PROP-94ECB80DC7DF,6.25,6.5,4.0,19.5,0.0,0.25,0.0
PROP-D2B88A504E3A,6.25,6.5,4.0,19.5,0.0,0.25,0.0
PROP-72FF9E807992,4.0,4.25,3.0,18.0,0.0,0.0,-1.15
PROP-A568932FFF2F,6.5,6.75,4.0,19.25,0.0,0.0,0.5
PROP-BA243F7A8CDE,6.5,6.75,4.0,19.25,0.0,0.0,0.5
PROP-8C113EFD27CB,6.0,6.25,4.0,19.25,-0.25,-0.5,0.0
PROP-82A02E64EFCC,6.25,6.5,4.0,19.5,0.0,0.25,0.0
PROP-C5408D1245C2,6.0,6.25,4.0,19.5,0.0,0.0,-0.25
PROP-C6809657F080,4.0,4.25,3.0,18.0,0.0,-0.4,-1.75
PROP-F454C396EC66,6.0,6.25,4.0,19.5,0.0,0.0,-0.25
PROP-B60D96B5C83C,4.0,4.25,3.0,18.0,0.0,0.0,-1.15
PROP-2FFB992AE47B,4.0,4.25,3.0,18.0,0.0,0.0,-1.15
PROP-7C38B161A8F2,6.5,6.75,4.0,19.25,0.0,0.0,0.5
PROP-85C620DDCB44,4.0,4.25,4.0,18.0,0.0,0.0,0.0
PROP-A9F991694065,4.0,4.25,3.5,18.0,0.0,0.0,-0.4
PROP-718CE2A5E52A,4.9,5.15,4.5,18.0,0.0,0.9,0.9
PROP-28EA9E784735,4.0,4.25,3.0,18.0,0.0,0.0,-1.15
PROP-4E105A20BAB6,5.15,5.4,4.0,18.25,0.0,0.0,-1.35
PROP-34CD4BFE66AE,6.5,6.75,4.0,19.25,0.0,0.0,0.5
PROP-1AAED17DF061,6.0,6.25,4.0,19.5,0.0,0.0,-0.25
PROP-C957CB3318D7,4.0,4.25,4.0,18.0,0.0,0.0,0.0
PROP-168673A7E9F6,5.15,5.4,4.0,18.25,0.0,0.0,-1.35
PROP-2411771162E8,5.15,5.4,4.0,18.25,0.0,0.0,-1.35
PROP-B1219DDD10D6,4.0,4.25,4.0,18.0,0.0,0.0,0.0
PROP-0E01EBC615AD,4.0,4.25,3.5,18.0,0.0,0.0,-0.4
PROP-D6A0100686BA,4.0,4.25,4.0,18.0,0.0,0.0,0.0
PROP-798BF8AD8655,4.0,4.25,3.0,18.0,0.0,0.0,-1.15
PROP-88FDB0F7B7F9,5.9,6.15,4.5,18.0,0.0,1.0,1.9
PROP-909298A7D20B,4.4,4.65,3.0,18.0,0.0,-0.75,-1.6
PROP-BD21A3E2618F,5.15,5.4,4.0,18.25,0.0,0.0,-1.35
PROP-0C5AE560D74A,5.15,5.4,4.0,18.25,0.0,0.0,-1.35
PROP-0BC4F34CBD02,4.0,4.25,3.0,18.0,0.0,0.0,-1.15
PROP-004173A49AAE,4.4,4.65,3.0,18.0,0.0,-0.75,-1.6
PROP-AFD27282AB34,5.15,5.4,4.0,18.5,-0.25,-0.6,-1.35
PROP-D62B042E51E7,4.0,4.25,3.0,18.0,0.0,0.0,-1.15
PROP-910CC6A770D1,4.0,4.25,3.5,18.0,0.0,0.0,-0.4
PROP-2FD6D4B79FAA,4.4,4.65,3.0,18.0,0.0,-0.75,-1.6
PROP-5F20A6821AC7,4.9,5.15,4.5,18.0,0.0,0.9,0.9
PROP-C7287412CF20,4.0,4.25,3.0,18.0,0.0,0.0,-1.15
PROP-6BB43C2A8F57,4.0,4.25,4.0,18.0,0.0,0.0,0.0
PROP-1C6B476F977B,4.0,4.25,3.0,18.0,0.0,0.0,-1.15
PROP-3E21E2FFA586,4.0,4.25,3.0,18.0,0.0,0.0,-1.15
PROP-06A353B7CC75,4.0,4.25,4.0,18.0,0.0,0.0,0.0
PROP-9164F821E62A,6.25,6.5,4.0,19.5,0.0,0.25,0.0
PROP-39CBFA5C744D,5.15,5.4,4.0,18.25,0.0,0.0,-1.35
PROP-01BF98578B3C,6.5,6.75,4.0,19.5,0.0,0.25,0.5
PROP-F31DD5B44C05,4.0,4.25,3.5,18.0,0.0,0.0,-0.4
PROP-8AE8091AD904,4.0,4.25,4.0,18.0,0.0,0.0,0.0
PROP-FBD29306E218,4.0,4.25,4.0,18.0,0.0,0.0,0.0
PROP-27A626B11618,6.5,6.75,4.0,19.5,0.0,0.25,0.5
PROP-F31C54043C95,4.0,4.25,4.0,18.0,0.0,0.0,0.0
PROP-A37909249727,4.4,4.65,3.0,18.0,0.0,-0.75,-1.6
PROP-F071047D5E76,5.75,6.0,4.0,19.0,0.0,-0.25,-0.5
PROP-9DD182F2F033,5.9,6.15,4.5,18.0,0.0,1.0,1.9
PROP-498365F1502D,4.0,4.25,3.0,18.0,0.0,0.0,-1.15
PROP-1C590C23A2DF,6.0,6.25,4.0,19.5,0.0,0.0,-0.25
PROP-BB2F1D04B48B,4.0,4.25,3.0,18.0,0.0,0.0,-1.15
PROP-5945656E725F,6.0,6.25,4.0,19.5,0.0,0.0,-0.25
PROP-CF41DA6D274D,4.0,4.25,3.5,18.0,0.0,0.0,-0.4
PROP-51D7ADDCF129,4.0,4.25,4.0,18.0,0.0,0.0,0.0
PROP-0A84EAD4AF2E,4.0,4.25,4.0,18.0,0.0,0.0,0.0
PROP-6E00935FDF00,6.0,6.25,4.0,19.5,0.0,0.0,-0.25
PROP-9738B795BA58,6.25,6.5,4.0,19.5,0.0,0.25,0.0
PROP-41A7A5FB6800,6.5,6.75,4.0,19.5,0.0,0.25,0.5
PROP-927036777EF0,4.0,4.25,4.0,18.0,0.0,0.0,0.0
PROP-717899C8EED8,6.0,6.25,4.0,19.5,0.0,0.0,-0.25
PROP-4F27D4DD433E,4.0,4.25,3.5,18.0,0.0,0.0,-0.4
PROP-C5B9BA19A936,5.75,6.0,4.0,19.0,0.0,-0.25,-0.5
PROP-A7DD481C11AF,4.0,4.25,3.0,18.0,0.0,0.0,-1.15
PROP-C85FDA161860,6.5,6.75,4.0,19.25,0.0,0.0,0.5
PROP-02F4142EF31B,5.75,6.0,4.0,19.0,0.0,-0.25,-0.5
PROP-60A83AA10F5D,4.0,4.25,3.0,18.0,0.0,0.0,-1.15
PROP-029023E5D410,6.25,6.5,4.0,19.5,0.0,0.25,0.0
PROP-CD0DF3FF71DF,4.0,4.25,3.0,18.0,0.0,0.0,-1.15
PROP-DDC5E6926278,4.0,4.25,3.0,18.0,0.0,0.0,-1.15
PROP-F4AE0F5840F6,4.0,4.25,3.5,18.0,0.0,0.0,-0.4
PROP-EAD13D4B3B0D,6.25,6.5,4.0,19.5,0.0,0.25,0.0
PROP-D623C1E18822,6.25,6.5,4.0,19.5,0.0,0.25,0.0
PROP-6692A46B0632,6.5,6.75,4.0,19.25,0.0,0.0,0.5
PROP-BB5C59BC21E5,4.0,4.25,3.0,18.0,0.0,0.0,-1.15
PROP-C80F0AF45725,5.15,5.4,4.0,18.5,-0.25,-0.6,-1.35
PROP-D7BB8A4855F3,6.0,6.25,4.0,19.5,0.0,0.0,-0.25
PROP-1297E93C7B41,4.0,4.25,3.0,18.0,0.0,0.0,-1.15
PROP-A12CAD667662,4.0,4.25,3.0,18.0,0.0,0.0,-1.15
PROP-47C440D84AE5,6.25,6.5,4.0,19.5,0.0,0.25,0.0
PROP-26AB82C2003D,4.0,4.25,4.0,18.0,0.0,0.0,0.0
PROP-6B6BE6C61FEF,4.9,5.15,4.5,18.0,0.0,0.9,0.9
PROP-AFBE0EFE5234,6.25,6.5,4.0,19.5,0.0,0.25,0.0
PROP-EC3F286C8DCC,5.75,6.0,4.0,19.0,0.0,-0.25,-0.5
PROP-A9D85E5826C7,6.5,6.75,4.0,19.5,0.0,0.25,0.5
PROP-EA5F6155555C,4.0,4.25,3.0,18.0,0.0,0.0,-1.15
PROP-5CF35E1B898A,4.9,5.15,4.5,18.0,0.0,0.9,0.9
PROP-FF148D15E577,4.4,4.65,3.0,18.0,0.0,-0.75,-1.6
PROP-888ABC44E52C,4.0,4.25,3.0,18.0,0.0,0.0,-1.15
PROP-2A57BC5784EB,6.0,6.25,4.0,19.5,0.0,0.0,-0.25
PROP-F8A71680C104,4.0,4.25,3.0,18.0,0.0,0.0,-1.15
PROP-42F4E5E27E44,5.15,5.4,4.0,18.5,-0.25,-0.6,-1.35
PROP-61688F5F3A4C,6.5,6.75,4.0,19.5,0.0,0.25,0.5
PROP-8B3A16287E60,4.0,4.25,4.0,18.0,0.0,0.0,0.0
PROP-91E93280EA54,4.4,4.65,3.0,18.0,0.0,-0.75,-1.6
PROP-9AE4245BCC70,4.0,4.25,3.5,18.0,0.0,0.0,-0.4
PROP-11820E1F1991,4.0,4.25,4.0,18.0,0.0,0.0,0.0
PROP-8F6BB750A850,4.4,4.65,3.0,18.0,0.0,-0.75,-1.6
PROP-5A6E92F6CD9B,4.0,4.25,3.5,18.0,0.0,0.0,-0.4
PROP-B44ADED90535,5.9,6.15,4.5,18.0,0.0,1.0,1.9
PROP-059450666106,4.0,4.25,4.0,18.0,0.0,0.0,0.0
PROP-E04DEF9DBAD7,4.0,4.25,3.0,18.0,0.0,0.0,-1.15
PROP-A5CB241C91EB,6.0,6.25,4.0,19.25,-0.25,-0.5,0.0
PROP-A9A9DD79E3F8,4.4,4.65,3.0,18.0,0.0,-0.75,-1.6
PROP-E3B6C07280EE,6.0,6.25,4.0,19.25,-0.25,-0.5,0.0
PROP-F25C8B2AA9A0,4.0,4.25,3.0,18.0,0.0,0.0,-1.15
PROP-F4C07048027A,6.25,6.5,4.0,19.5,0.0,0.25,0.0
PROP-4E0FF332CB5D,5.75,6.0,4.0,19.0,0.0,-0.25,-0.5
PROP-CD8A247B8F04,6.25,6.5,4.0,19.5,0.0,0.25,0.0
PROP-3376590CBD06,4.0,4.25,3.0,18.0,0.0,0.0,-1.15
PROP-09B70A3A4EB5,6.0,6.25,4.0,19.5,0.0,0.0,-0.25
PROP-6A94BF091483,5.9,6.15,4.5,18.0,0.0,1.0,1.9
PROP-06E3BA5F419B,4.0,4.25,3.0,18.0,0.0,-0.4,-1.75
PROP-334657AE77B1,4.9,5.15,4.5,18.0,0.0,0.9,0.9
PROP-B2AFE76ACB4F,4.0,4.25,4.0,18.0,0.0,0.0,0.0
PROP-9E517D13E8D4,4.0,4.25,3.5,18.0,0.0,0.0,-0.4
PROP-A66C599DCA2F,6.5,6.75,4.0,19.5,0.0,0.25,0.5
PROP-F393F18E0572,4.0,4.25,3.0,18.0,0.0,-0.4,-1.75
PROP-E1F2B682DAF2,6.0,6.25,4.0,19.25,-0.25,-0.5,0.0
PROP-15EAE8F93BC8,5.15,5.4,4.0,18.25,0.0,0.0,-1.35
PROP-9DA23E88251B,4.9,5.15,4.5,18.0,0.0,0.9,0.9
PROP-70D3EB756EBC,4.0,4.25,3.0,18.0,0.0,0.0,-1.15
PROP-D95A6E893877,4.0,4.25,4.0,18.0,0.0,0.0,0.0
PROP-B669060907E2,6.0,6.25,4.0,19.25,-0.25,-0.5,0.0
PROP-AFF8408C9368,4.0,4.25,3.0,18.0,0.0,0.0,-1.15
PROP-7E722327B138,5.15,5.4,4.0,18.5,-0.25,-0.6,-1.35
PROP-69C56DAAB05A,5.9,6.15,4.5,18.0,0.0,1.0,1.9
PROP-109383D097A9,4.0,4.25,4.0,18.0,0.0,0.0,0.0
PROP-806C00BFC8C1,6.25,6.5,4.0,19.5,0.0,0.25,0.0
PROP-75A3326C1DB8,4.0,4.25,4.0,18.0,0.0,0.0,0.0
PROP-DC796BE0DC12,6.5,6.75,4.0,19.25,0.0,0.0,0.5
PROP-C19975D7A03E,4.0,4.25,3.0,18.0,0.0,-0.4,-1.75
PROP-71D614BD0028,4.0,4.25,4.0,18.0,0.0,0.0,0.0
PROP-8A1A1AA013AF,5.15,5.4,4.0,18.5,-0.25,-0.6,-1.35
PROP-817D39D65B4A,4.0,4.25,3.0,18.0,0.0,0.0,-1.15
PROP-D71D19C21C43,4.0,4.25,4.0,18.0,0.0,0.0,0.0
PROP-53540A0F8A78,4.0,4.25,4.0,18.0,0.0,0.0,0.0
PROP-C89681F3827D,4.4,4.65,3.0,18.0,0.0,-0.75,-1.6
PROP-5DCC404718D5,5.75,6.0,4.0,19.0,0.0,-0.25,-0.5
PROP-F431A8E911DA,4.0,4.25,4.0,18.0,0.0,0.0,0.0
PROP-2719511ED9DF,5.15,5.4,4.0,18.25,0.0,0.0,-1.35
PROP-A61C865CD43C,6.0,6.25,4.0,19.5,0.0,0.0,-0.25
PROP-C3C134E5BF4F,5.15,5.4,4.0,18.5,-0.25,-0.6,-1.35
PROP-2B96092FB0DB,6.5,6.75,4.0,19.5,0.0,0.25,0.5
PROP-DFC240790013,5.15,5.4,4.0,18.5,-0.25,-0.6,-1.35
PROP-E014001CBEE6,5.15,5.4,4.0,18.25,0.0,0.0,-1.35
PROP-A09A1B62B939,5.15,5.4,4.0,18.5,-0.25,-0.6,-1.35
PROP-21A9190A1D29,4.0,4.25,3.0,18.0,0.0,-0.4,-1.75
PROP-F335302FD4F1,4.0,4.25,3.0,18.0,0.0,0.0,-1.15
PROP-E65FC9D8022F,4.9,5.15,4.5,18.0,0.0,0.9,0.9
PROP-27EF198ACAD9,4.0,4.25,3.0,18.0,0.0,0.0,-1.15
PROP-984E70BA3523,6.5,6.75,4.0,19.25,0.0,0.0,0.5
PROP-D048F218A041,4.0,4.25,3.0,18.0,0.0,0.0,-1.15
PROP-A48D8629C66F,6.25,6.5,4.0,19.5,0.0,0.25,0.0
PROP-844854BE7B8E,4.0,4.25,3.0,18.0,0.0,-0.4,-1.75
PROP-569CD3EFFF60,6.0,6.25,4.0,19.5,0.0,0.0,-0.25
PROP-23E2F778E278,5.15,5.4,4.0,18.5,-0.25,-0.6,-1.35
PROP-5F61400A3C10,4.4,4.65,3.0,18.0,0.0,-0.75,-1.6
PROP-80951BBE3279,5.75,6.0,4.0,19.0,0.0,-0.25,-0.5
PROP-2F345CB5B07B,4.4,4.65,3.0,18.0,0.0,-0.75,-1.6
PROP-4C59E251EFA5,4.4,4.65,3.0,18.0,0.0,-0.75,-1.6
PROP-20E0B72E1186,6.25,6.5,4.0,19.5,0.0,0.25,0.0
PROP-EDDDCDD1404B,5.15,5.4,4.0,18.5,-0.25,-0.6,-1.35
PROP-EA907891F858,6.5,6.75,4.0,19.25,0.0,0.0,0.5
PROP-EF3C4A4D064C,4.0,4.25,4.0,18.0,0.0,0.0,0.0
PROP-0E2D8AF27993,5.9,6.15,4.5,18.0,0.0,1.0,1.9
PROP-848670EB70BC,6.5,6.75,4.0,19.5,0.0,0.25,0.5
PROP-C7FBCC808B6E,4.0,4.25,3.5,18.0,0.0,0.0,-0.4
PROP-CAD881D27239,4.9,5.15,4.5,18.0,0.0,0.9,0.9
PROP-9D482551E341,6.0,6.25,4.0,19.25,-0.25,-0.5,0.0
PROP-4B207A61CA90,5.15,5.4,4.0,18.5,-0.25,-0.6,-1.35
PROP-CA7EC6EBE623,6.0,6.25,4.0,19.5,0.0,0.0,-0.25
PROP-C7FDFAC1070F,6.0,6.25,4.0,19.5,0.0,0.0,-0.25
PROP-CC4DACB736AD,5.9,6.15,4.5,18.0,0.0,1.0,1.9
PROP-FF94467CF8E2,4.0,4.25,3.0,18.0,0.0,0.0,-1.15
PROP-DE41D072EC6B,5.15,5.4,4.0,18.5,-0.25,-0.6,-1.35
PROP-27B7AF92530C,6.0,6.25,4.0,19.5,0.0,0.0,-0.25
PROP-EF7C298E1125,6.5,6.75,4.0,19.25,0.0,0.0,0.5
PROP-58715E3663F8,6.5,6.75,4.0,19.5,0.0,0.25,0.5
PROP-9BDEAA800858,4.0,4.25,3.5,18.0,0.0,0.0,-0.4
PROP-1C67DCF741E2,5.15,5.4,4.0,18.5,-0.25,-0.6,-1.35
PROP-B2A6F458C05E,4.0,4.25,3.5,18.0,0.0,0.0,-0.4
PROP-6C45267C9C3F,4.0,4.25,4.0,18.0,0.0,0.0,0.0
PROP-760F1D16ADEF,5.9,6.15,4.5,18.0,0.0,1.0,1.9
PROP-3BA68CDA7D63,5.75,6.0,4.0,19.0,0.0,-0.25,-0.5
PROP-5D5D933A554C,4.0,4.25,4.0,18.0,0.0,0.0,0.0
PROP-CCEE3831F1D4,6.25,6.5,4.0,19.5,0.0,0.25,0.0
PROP-2463CFFB28A7,5.9,6.15,4.5,18.0,0.0,1.0,1.9
PROP-0CAEF3EB17DF,6.25,6.5,4.0,19.5,0.0,0.25,0.0
PROP-B2041CEE6128,4.0,4.25,3.0,18.0,0.0,0.0,-1.15
PROP-2EC168604693,4.9,5.15,4.5,18.0,0.0,0.9,0.9
PROP-C07559404574,4.0,4.25,4.0,18.0,0.0,0.0,0.0
PROP-CC84FC005F8D,6.0,6.25,4.0,19.5,0.0,0.0,-0.25
PROP-AB00038FF2A7,4.0,4.25,3.0,18.0,0.0,0.0,-1.15
PROP-19BAD66F7DA0,5.15,5.4,4.0,18.25,0.0,0.0,-1.35
PROP-6046D649CDB9,4.0,4.25,3.0,18.0,0.0,-0.4,-1.75
PROP-D8EBB2D3F904,4.0,4.25,4.0,18.0,0.0,0.0,0.0
PROP-1562A0265141,4.9,5.15,4.5,18.0,0.0,0.9,0.9
PROP-DCB7DEA52F4C,4.0,4.25,3.0,18.0,0.0,0.0,-1.15
PROP-62D77A8F9708,4.0,4.25,3.0,18.0,0.0,0.0,-1.15
PROP-B67D54B79A19,4.9,5.15,4.5,18.0,0.0,0.9,0.9
PROP-B4ABF6702FD3,6.5,6.75,4.0,19.5,0.0,0.25,0.5
PROP-B57498B0A961,4.4,4.65,3.0,18.0,0.0,-0.75,-1.6
PROP-E32B26AFC49C,5.15,5.4,4.0,18.25,0.0,0.0,-1.35
PROP-22B629DD2066,5.9,6.15,4.5,18.0,0.0,1.0,1.9
PROP-EE48CBD6C9A8,6.5,6.75,4.0,19.25,0.0,0.0,0.5
PROP-C8788B151FF6,4.0,4.25,3.0,18.0,0.0,0.0,-1.15
PROP-793527053013,5.9,6.15,4.5,18.0,0.0,1.0,1.9
PROP-A758AAA67652,5.9,6.15,4.5,18.0,0.0,1.0,1.9
PROP-403807829A28,4.4,4.65,3.0,18.0,0.0,-0.75,-1.6
PROP-A5A163E93B4C,4.0,4.25,4.0,18.0,0.0,0.0,0.0
PROP-669F76482907,4.0,4.25,4.0,18.0,0.0,0.0,0.0
PROP-F5277ACE0F35,4.0,4.25,4.0,18.0,0.0,0.0,0.0
PROP-4AD412A24D5B,4.0,4.25,3.5,18.0,0.0,0.0,-0.4
PROP-E51508F0466E,5.75,6.0,4.0,19.0,0.0,-0.25,-0.5
PROP-4F8D7FC27293,6.5,6.75,4.0,19.5,0.0,0.25,0.5
PROP-AAE40CCC4DBF,4.0,4.25,4.0,18.0,0.0,0.0,0.0
PROP-4F32EE8407AD,4.9,5.15,4.5,18.0,0.0,0.9,0.9
PROP-CA00B1F9E924,5.15,5.4,4.0,18.5,-0.25,-0.6,-1.35
PROP-8376954AEA95,4.9,5.15,4.5,18.0,0.0,0.9,0.9
PROP-C534A2A016CD,4.0,4.25,3.0,18.0,0.0,0.0,-1.15
PROP-36B6C865D246,4.0,4.25,4.0,18.0,0.0,0.0,0.0
PROP-1EF2EA823861,4.0,4.25,4.0,18.0,0.0,0.0,0.0
PROP-B23F79796954,5.15,5.4,4.0,18.5,-0.25,-0.6,-1.35
PROP-9B072B40121F,6.5,6.75,4.0,19.25,0.0,0.0,0.5
PROP-68A756533750,4.0,4.25,4.0,18.0,0.0,0.0,0.0
PROP-548686AFABA0,4.0,4.25,4.0,18.0,0.0,0.0,0.0
PROP-FA18569C9033,4.0,4.25,3.0,18.0,0.0,0.0,-1.15
PROP-F07E12826C6F,6.0,6.25,4.0,19.5,0.0,0.0,-0.25
PROP-E20D80B0A73E,5.15,5.4,4.0,18.5,-0.25,-0.6,-1.35
PROP-F787F1A24C60,6.25,6.5,4.0,19.5,0.0,0.25,0.0
PROP-0852601D70DA,6.0,6.25,4.0,19.25,-0.25,-0.5,0.0
PROP-A95287F0ADA7,4.0,4.25,4.0,18.0,0.0,0.0,0.0
PROP-6181363620EB,5.15,5.4,4.0,18.5,-0.25,-0.6,-1.35
PROP-6708C829E3CF,4.0,4.25,4.0,18.0,0.0,0.0,0.0
PROP-DF3DACC6FD95,5.15,5.4,4.0,18.5,-0.25,-0.6,-1.35
PROP-7A299D5AF3C0,4.0,4.25,4.0,18.0,0.0,0.0,0.0
PROP-7ADECD15D61C,4.0,4.25,3.0,18.0,0.0,0.0,-1.15
PROP-B4A8ABCA66FF,4.0,4.25,3.5,18.0,0.0,0.0,-0.4
PROP-662B88CEE6B4,4.0,4.25,4.0,18.0,0.0,0.0,0.0
PROP-CBE43E96E247,4.0,4.25,4.0,18.0,0.0,0.0,0.0
PROP-D6E261EAF7FF,5.75,6.0,4.0,19.0,0.0,-0.25,-0.5
PROP-C83294B40933,5.75,6.0,4.0,19.0,0.0,-0.25,-0.5
PROP-4477A5E35F19,4.0,4.25,4.0,18.0,0.0,0.0,0.0
PROP-BA4CDFC56B28,4.0,4.25,3.0,18.0,0.0,0.0,-1.15
PROP-E4AFF5DBC147,5.9,6.15,4.5,18.0,0.0,1.0,1.9
PROP-0C002DFDDBE5,6.0,6.25,4.0,19.5,0.0,0.0,-0.25
PROP-34940D860E3F,6.0,6.25,4.0,19.5,0.0,0.0,-0.25
PROP-F2B610463498,6.25,6.5,4.0,19.5,0.0,0.25,0.0
PROP-FD18529FAF6E,6.5,6.75,4.0,19.5,0.0,0.25,0.5
PROP-2F2906946508,5.15,5.4,4.0,18.5,-0.25,-0.6,-1.35
PROP-076A21A2B1E3,4.0,4.25,4.0,18.0,0.0,0.0,0.0
PROP-60F444904D34,5.15,5.4,4.0,18.25,0.0,0.0,-1.35
PROP-B38D6C121DE4,4.0,4.25,4.0,18.0,0.0,0.0,0.0
PROP-8E145F1112E6,4.0,4.25,3.5,18.0,0.0,0.0,-0.4
PROP-968D73DF66B8,6.25,6.5,4.0,19.5,0.0,0.25,0.0
PROP-7619518B556E,5.15,5.4,4.0,18.5,-0.25,-0.6,-1.35
PROP-D876E25EDE32,4.0,4.25,4.0,18.0,0.0,0.0,0.0
PROP-47687B9BC26E,4.0,4.25,3.0,18.0,0.0,0.0,-1.15
PROP-3546E64D6D21,4.0,4.25,4.0,18.0,0.0,0.0,0.0
PROP-16718D349010,4.0,4.25,4.0,18.0,0.0,0.0,0.0
PROP-9581C7349FD0,4.0,4.25,3.0,18.0,0.0,0.0,-1.15
PROP-5FC3D25EA822,4.0,4.25,3.5,18.0,0.0,0.0,-0.4
PROP-AA643F0F00D7,6.0,6.25,4.0,19.25,-0.25,-0.5,0.0
PROP-F90712164098,4.0,4.25,4.0,18.0,0.0,0.0,0.0
PROP-672BA2B33E36,4.0,4.25,4.0,18.0,0.0,0.0,0.0
PROP-C2420C1003C7,4.0,4.25,4.0,18.0,0.0,0.0,0.0
PROP-F487ED7509EA,6.0,6.25,4.0,19.25,-0.25,-0.5,0.0
PROP-64313A86215A,6.25,6.5,4.0,19.5,0.0,0.25,0.0
PROP-6ADEBB1C4DAC,4.0,4.25,4.0,18.0,0.0,0.0,0.0
PROP-3DF89D11DD8E,4.0,4.25,3.5,18.0,0.0,0.0,-0.4
PROP-FA1767B6C756,6.5,6.75,4.0,19.25,0.0,0.0,0.5
PROP-7836C408E19E,6.0,6.25,4.0,19.5,0.0,0.0,-0.25
PROP-60CCE70BDE56,4.0,4.25,4.0,18.0,0.0,0.0,0.0
PROP-2E82837BDD4E,4.0,4.25,4.0,18.0,0.0,0.0,0.0
PROP-1E9A5D45266A,6.5,6.75,4.0,19.5,0.0,0.25,0.5
PROP-FFFD8FACC8A6,4.0,4.25,3.0,18.0,0.0,0.0,-1.15
PROP-5AEAD9134106,6.0,6.25,4.0,19.5,0.0,0.0,-0.25
PROP-33FFBEA09C54,5.75,6.0,4.0,19.0,0.0,-0.25,-0.5
PROP-6B3DA0FD0BA4,6.25,6.5,4.0,19.5,0.0,0.25,0.0
PROP-BFC00F6CD3F2,6.0,6.25,4.0,19.25,-0.25,-0.5,0.0
PROP-1C3E032A6D77,5.75,6.0,4.0,19.0,0.0,-0.25,-0.5
PROP-162DDF7BDB9E,6.0,6.25,4.0,19.25,-0.25,-0.5,0.0
PROP-AD8EA24437CC,6.0,6.25,4.0,19.5,0.0,0.0,-0.25
PROP-D16DB26D54CE,4.0,4.25,4.0,18.0,0.0,0.0,0.0
PROP-37F1DD44301E,5.9,6.15,4.5,18.0,0.0,1.0,1.9
PROP-F2279325BB75,5.9,6.15,4.5,18.0,0.0,1.0,1.9
PROP-8800867ABFB8,4.0,4.25,3.0,18.0,0.0,0.0,-1.15
PROP-0896EA143B9B,4.0,4.25,3.0,18.0,0.0,-0.4,-1.75
PROP-59D2E9DF7E4B,6.5,6.75,4.0,19.25,0.0,0.0,0.5
PROP-63EE7505FDDC,4.0,4.25,4.0,18.0,0.0,0.0,0.0
PROP-8BEAB30F288D,4.9,5.15,4.5,18.0,0.0,0.9,0.9
PROP-379CE25904B5,6.0,6.25,4.0,19.25,-0.25,-0.5,0.0
PROP-A769E5D55FFF,5.75,6.0,4.0,19.0,0.0,-0.25,-0.5
PROP-A078E444BDBE,4.4,4.65,3.0,18.0,0.0,-0.75,-1.6
PROP-88F44135CEFF,4.0,4.25,4.0,18.0,0.0,0.0,0.0
PROP-564CC256903D,6.5,6.75,4.0,19.25,0.0,0.0,0.5
PROP-00E97702E8EB,6.0,6.25,4.0,19.25,-0.25,-0.5,0.0
PROP-323F8CEFE2E3,4.0,4.25,3.0,18.0,0.0,0.0,-1.15
PROP-ADB622FFCA05,6.25,6.5,4.0,19.5,0.0,0.25,0.0
PROP-1BCAFFF3ABD0,6.0,6.25,4.0,19.5,0.0,0.0,-0.25
PROP-AAAD46D82E58,4.0,4.25,3.0,18.0,0.0,0.0,-1.15
PROP-37CC95D9AF22,6.5,6.75,4.0,19.25,0.0,0.0,0.5
PROP-67866DDAC4D7,6.0,6.25,4.0,19.25,-0.25,-0.5,0.0
PROP-BE6143514C74,4.0,4.25,3.0,18.0,0.0,0.0,-1.15
PROP-95CD22A55674,5.75,6.0,4.0,19.0,0.0,-0.25,-0.5
PROP-3348AB66A06C,4.9,5.15,4.5,18.0,0.0,0.9,0.9
PROP-7D69E76ED1A2,6.0,6.25,4.0,19.25,-0.25,-0.5,0.0
PROP-317DC863F039,4.4,4.65,3.0,18.0,0.0,-0.75,-1.6
PROP-0D30B6FA7693,6.25,6.5,4.0,19.5,0.0,0.25,0.0
PROP-A4A089F44ABB,4.0,4.25,4.0,18.0,0.0,0.0,0.0
PROP-1B43EE292A4E,4.0,4.25,4.0,18.0,0.0,0.0,0.0
PROP-6DE21D2044F3,5.15,5.4,4.0,18.25,0.0,0.0,-1.35
PROP-7B7E68BE3026,4.0,4.25,3.0,18.0,0.0,0.0,-1.15
PROP-704C3471CC89,5.15,5.4,4.0,18.5,-0.25,-0.6,-1.35
PROP-3195E875EC6C,5.15,5.4,4.0,18.5,-0.25,-0.6,-1.35
PROP-91E4F826F9A6,6.0,6.25,4.0,19.5,0.0,0.0,-0.25
PROP-6B89795B6219,4.0,4.25,3.0,18.0,0.0,-0.4,-1.75
PROP-08ED36B0E212,6.0,6.25,4.0,19.25,-0.25,-0.5,0.0
PROP-614809DCB586,6.5,6.75,4.0,19.5,0.0,0.25,0.5
PROP-F9C2A2C4BC47,5.15,5.4,4.0,18.25,0.0,0.0,-1.35
PROP-0A29C2A8F8A1,5.9,6.15,4.5,18.0,0.0,1.0,1.9
PROP-827C7186A57C,4.0,4.25,4.0,18.0,0.0,0.0,0.0
PROP-73AB390E9A64,6.25,6.5,4.0,19.5,0.0,0.25,0.0
PROP-936F8FBB32EE,4.0,4.25,3.5,18.0,0.0,0.0,-0.4
PROP-400A8C53AE1C,4.0,4.25,4.0,18.0,0.0,0.0,0.0
PROP-751A22338514,4.9,5.15,4.5,18.0,0.0,0.9,0.9
PROP-C1588F79F46A,4.0,4.25,3.0,18.0,0.0,0.0,-1.15
PROP-5D2AA9088A41,6.0,6.25,4.0,19.25,-0.25,-0.5,0.0
PROP-C629FE7846BC,4.0,4.25,3.0,18.0,0.0,0.0,-1.15
PROP-204A9AEFD804,6.0,6.25,4.0,19.5,0.0,0.0,-0.25
PROP-9668587B5EA1,6.5,6.75,4.0,19.25,0.0,0.0,0.5
PROP-22B3EE540A69,6.5,6.75,4.0,19.25,0.0,0.0,0.5
PROP-7E2BCDE110EF,6.0,6.25,4.0,19.5,0.0,0.0,-0.25
PROP-680F256FEC73,6.5,6.75,4.0,19.5,0.0,0.25,0.5
PROP-FC3B71A86502,6.0,6.25,4.0,19.25,-0.25,-0.5,0.0
PROP-2B222782CC61,6.5,6.75,4.0,19.5,0.0,0.25,0.5
PROP-4A7DBF959A66,4.0,4.25,3.0,18.0,0.0,0.0,-1.15
PROP-517F73B3039B,4.0,4.25,4.0,18.0,0.0,0.0,0.0
PROP-642C88F21E56,6.5,6.75,4.0,19.25,0.0,0.0,0.5
PROP-D5FCD42BDEEF,5.9,6.15,4.5,18.0,0.0,1.0,1.9
PROP-843B050E2013,6.5,6.75,4.0,19.25,0.0,0.0,0.5
PROP-26A1CEEA25BC,6.5,6.75,4.0,19.5,0.0,0.25,0.5
PROP-1B1CFACD5AEA,6.0,6.25,4.0,19.5,0.0,0.0,-0.25
PROP-25003847CD14,4.0,4.25,4.0,18.0,0.0,0.0,0.0
PROP-3EFB8C480122,6.0,6.25,4.0,19.25,-0.25,-0.5,0.0
PROP-4486EEF8D4D1,4.9,5.15,4.5,18.0,0.0,0.9,0.9
PROP-2C4F086523D1,4.0,4.25,4.0,18.0,0.0,0.0,0.0
PROP-228E34663AD6,5.15,5.4,4.0,18.25,0.0,0.0,-1.35
PROP-A513FDF9B55F,4.0,4.25,3.0,18.0,0.0,0.0,-1.15
PROP-597EB4927522,4.0,4.25,3.0,18.0,0.0,-0.4,-1.75
PROP-74A8AC541861,4.0,4.25,4.0,18.0,0.0,0.0,0.0
PROP-C15F1B3B27A7,6.25,6.5,4.0,19.5,0.0,0.25,0.0
PROP-13CD24308F03,4.0,4.25,4.0,18.0,0.0,0.0,0.0
PROP-70D174661590,4.0,4.25,3.0,18.0,0.0,0.0,-1.15
PROP-70C17EC31250,6.5,6.75,4.0,19.25,0.0,0.0,0.5
PROP-07E24A0489A5,6.5,6.75,4.0,19.25,0.0,0.0,0.5
PROP-E7EA1B90F292,6.5,6.75,4.0,19.25,0.0,0.0,0.5
PROP-4E7FBFA6E1C7,4.0,4.25,4.0,18.0,0.0,0.0,0.0
PROP-3ADD2E463388,5.15,5.4,4.0,18.25,0.0,0.0,-1.35
PROP-36680EDAF8AA,4.0,4.25,4.0,18.0,0.0,0.0,0.0
PROP-2F5F9CB7C703,5.75,6.0,4.0,19.0,0.0,-0.25,-0.5
PROP-B5799720F753,5.15,5.4,4.0,18.5,-0.25,-0.6,-1.35
PROP-45DA504E090F,6.0,6.25,4.0,19.25,-0.25,-0.5,0.0
PROP-E2396F904C54,5.75,6.0,4.0,19.0,0.0,-0.25,-0.5
PROP-D206EAC0281E,4.4,4.65,3.0,18.0,0.0,-0.75,-1.6
PROP-07A4501BE424,6.0,6.25,4.0,19.5,0.0,0.0,-0.25
PROP-F2C1E6EAB0BD,6.0,6.25,4.0,19.5,0.0,0.0,-0.25
PROP-13D8D08CB1BD,4.0,4.25,4.0,18.0,0.0,0.0,0.0
PROP-E77308E8B287,5.9,6.15,4.5,18.0,0.0,1.0,1.9
PROP-712B69E461B2,4.0,4.25,3.0,18.0,0.0,0.0,-1.15
PROP-7E8651D73BEF,6.0,6.25,4.0,19.25,-0.25,-0.5,0.0
PROP-6000AFEBAEF7,4.4,4.65,3.0,18.0,0.0,-0.75,-1.6
PROP-D4DE04EABD6F,4.0,4.25,3.0,18.0,0.0,-0.4,-1.75
PROP-07D57701B960,4.0,4.25,3.5,18.0,0.0,0.0,-0.4
PROP-8F26EAD3F4C2,4.0,4.25,4.0,18.0,0.0,0.0,0.0
PROP-1E1196DA4F60,5.75,6.0,4.0,19.0,0.0,-0.25,-0.5
PROP-30EE77D5B5DF,4.0,4.25,4.0,18.0,0.0,0.0,0.0
PROP-4FF778E98F00,6.0,6.25,4.0,19.5,0.0,0.0,-0.25
PROP-7D4EAF9BC50D,5.9,6.15,4.5,18.0,0.0,1.0,1.9
PROP-E5F5F1C9AB9D,4.0,4.25,4.0,18.0,0.0,0.0,0.0
PROP-A07B6F0076A7,4.0,4.25,4.0,18.0,0.0,0.0,0.0
PROP-53BE522DA1FD,5.15,5.4,4.0,18.5,-0.25,-0.6,-1.35
PROP-FC166552426D,4.0,4.25,3.0,18.0,0.0,-0.4,-1.75
PROP-780B3876A5C3,6.25,6.5,4.0,19.5,0.0,0.25,0.0
PROP-23457EE4EB95,6.0,6.25,4.0,19.5,0.0,0.0,-0.25
PROP-08F5E3F3D15A,6.5,6.75,4.0,19.25,0.0,0.0,0.5
PROP-245ABE57AE8A,6.25,6.5,4.0,19.5,0.0,0.25,0.0
PROP-665972341B7E,4.4,4.65,3.0,18.0,0.0,-0.75,-1.6
PROP-9C0155D64C0C,4.9,5.15,4.5,18.0,0.0,0.9,0.9
PROP-5704FDEED684,5.15,5.4,4.0,18.25,0.0,0.0,-1.35
PROP-96CF291E7412,6.5,6.75,4.0,19.5,0.0,0.25,0.5
PROP-D25A073EA88B,4.0,4.25,4.0,18.0,0.0,0.0,0.0
PROP-EF19FABA0778,5.15,5.4,4.0,18.25,0.0,0.0,-1.35
PROP-1BE93AC46758,4.0,4.25,4.0,18.0,0.0,0.0,0.0
PROP-1974611C2F00,4.4,4.65,3.0,18.0,0.0,-0.75,-1.6
PROP-9CB459E0B13B,4.0,4.25,3.0,18.0,0.0,0.0,-1.15
PROP-5B7F6CBD43E6,6.5,6.75,4.0,19.25,0.0,0.0,0.5
PROP-88D0A39498E0,5.75,6.0,4.0,19.0,0.0,-0.25,-0.5
PROP-DD69F9AD0974,6.25,6.5,4.0,19.5,0.0,0.25,0.0
PROP-D7C2B2F41C4C,4.9,5.15,4.5,18.0,0.0,0.9,0.9
PROP-EB58BBF4BADD,6.0,6.25,4.0,19.5,0.0,0.0,-0.25
PROP-F80017EE1338,4.4,4.65,3.0,18.0,0.0,-0.75,-1.6
PROP-95EDED91622D,4.0,4.25,4.0,18.0,0.0,0.0,0.0
PROP-2F9C6036ED6F,4.0,4.25,4.0,18.0,0.0,0.0,0.0
PROP-AD43DBD8D179,6.5,6.75,4.0,19.5,0.0,0.25,0.5
PROP-B09BC38C8A1A,4.9,5.15,4.5,18.0,0.0,0.9,0.9
PROP-3AC1B4355BA1,6.0,6.25,4.0,19.5,0.0,0.0,-0.25
PROP-53797FACF5D3,5.9,6.15,4.5,18.0,0.0,1.0,1.9
PROP-B4E977993819,4.0,4.25,4.0,18.0,0.0,0.0,0.0
PROP-7C473C0B4667,5.75,6.0,4.0,19.0,0.0,-0.25,-0.5
PROP-6153FB7F2B67,4.9,5.15,4.5,18.0,0.0,0.9,0.9
PROP-AF0DA76E6979,4.0,4.25,4.0,18.0,0.0,0.0,0.0
PROP-D3B2E526FBCC,4.4,4.65,3.0,18.0,0.0,-0.75,-1.6
PROP-C41953D67F61,6.0,6.25,4.0,19.25,-0.25,-0.5,0.0
PROP-B52E57319444,6.5,6.75,4.0,19.5,0.0,0.25,0.5
PROP-6729781563C9,4.0,4.25,4.0,18.0,0.0,0.0,0.0
PROP-5A2831796106,4.0,4.25,4.0,18.0,0.0,0.0,0.0
PROP-E6DEADBB2E2F,5.75,6.0,4.0,19.0,0.0,-0.25,-0.5
PROP-3B7DA3FE390A,4.0,4.25,4.0,18.0,0.0,0.0,0.0
PROP-B5639A3424CC,6.5,6.75,4.0,19.25,0.0,0.0,0.5
PROP-3F0EF15CCD58,4.0,4.25,4.0,18.0,0.0,0.0,0.0
PROP-4A1C6A40BA4B,5.75,6.0,4.0,19.0,0.0,-0.25,-0.5
PROP-F65670DBC16E,6.5,6.75,4.0,19.25,0.0,0.0,0.5
PROP-3F97213CF130,5.15,5.4,4.0,18.5,-0.25,-0.6,-1.35
PROP-C4155B940ABC,4.0,4.25,3.0,18.0,0.0,0.0,-1.15
PROP-1878BF35FCC8,4.0,4.25,3.0,18.0,0.0,-0.4,-1.75
PROP-54716B41066D,5.15,5.4,4.0,18.25,0.0,0.0,-1.35
PROP-04E252D78D20,4.0,4.25,4.0,18.0,0.0,0.0,0.0
PROP-CDAA9A7059A8,4.0,4.25,4.0,18.0,0.0,0.0,0.0
PROP-EF4E844C18DA,6.5,6.75,4.0,19.5,0.0,0.25,0.5
PROP-1C386B040FBC,4.0,4.25,4.0,18.0,0.0,0.0,0.0
PROP-7107B1673EE8,4.0,4.25,4.0,18.0,0.0,0.0,0.0
PROP-A6C46D949DBA,4.0,4.25,3.0,18.0,0.0,-0.4,-1.75
PROP-4FFD848EB31E,6.5,6.75,4.0,19.5,0.0,0.25,0.5
PROP-E188D1A759E5,4.0,4.25,3.0,18.0,0.0,-0.4,-1.75
PROP-AFA0194356E0,4.0,4.25,4.0,18.0,0.0,0.0,0.0
PROP-603DF0DC0148,4.0,4.25,4.0,18.0,0.0,0.0,0.0
PROP-5867B64800D6,4.0,4.25,4.0,18.0,0.0,0.0,0.0
PROP-C3D6F59A3EDE,4.0,4.25,4.0,18.0,0.0,0.0,0.0
PROP-518FD6A2B7C8,5.15,5.4,4.0,18.5,-0.25,-0.6,-1.35
PROP-95BB764550DF,6.25,6.5,4.0,19.5,0.0,0.25,0.0
PROP-7AA41CA4CC6F,5.15,5.4,4.0,18.5,-0.25,-0.6,-1.35
PROP-1BC89038386F,5.9,6.15,4.5,18.0,0.0,1.0,1.9
PROP-F495C97732AB,6.25,6.5,4.0,19.5,0.0,0.25,0.0
PROP-D9FA6E84A016,6.5,6.75,4.0,19.25,0.0,0.0,0.5
PROP-95FEE5E7490F,4.4,4.65,3.0,18.0,0.0,-0.75,-1.6
PROP-0CAA9D0369DB,6.5,6.75,4.0,19.5,0.0,0.25,0.5
PROP-4F0410F8C139,4.0,4.25,3.5,18.0,0.0,0.0,-0.4
PROP-C9929F648956,4.0,4.25,4.0,18.0,0.0,0.0,0.0
PROP-FA9768F6F528,6.5,6.75,4.0,19.25,0.0,0.0,0.5
PROP-0A29101C4238,4.0,4.25,3.5,18.0,0.0,0.0,-0.4
PROP-74C29AC0C2CE,6.25,6.5,4.0,19.5,0.0,0.25,0.0
PROP-4EA611915B20,4.4,4.65,3.0,18.0,0.0,-0.75,-1.6
PROP-0321CB56F8A3,4.0,4.25,3.5,18.0,0.0,0.0,-0.4
PROP-D15088A3CC47,4.0,4.25,3.0,18.0,0.0,-0.4,-1.75
PROP-AA12E85F4006,6.25,6.5,4.0,19.5,0.0,0.25,0.0
PROP-3D1E10AFAEEE,5.9,6.15,4.5,18.0,0.0,1.0,1.9
PROP-EB21F7C47A2D,4.0,4.25,3.0,18.0,0.0,0.0,-1.15
PROP-B4DC2995CB05,5.9,6.15,4.5,18.0,0.0,1.0,1.9
PROP-B8888E831EFC,5.9,6.15,4.5,18.0,0.0,1.0,1.9
PROP-D489B728AB28,4.9,5.15,4.5,18.0,0.0,0.9,0.9
PROP-202FE8E3A4F6,4.0,4.25,4.0,18.0,0.0,0.0,0.0
PROP-A332B7CBBBB0,5.15,5.4,4.0,18.5,-0.25,-0.6,-1.35
PROP-73EC79C346C9,4.9,5.15,4.5,18.0,0.0,0.9,0.9
PROP-F206E84CFE29,5.9,6.15,4.5,18.0,0.0,1.0,1.9
PROP-C180459A59E3,6.25,6.5,4.0,19.5,0.0,0.25,0.0
PROP-F9875B1BB6C1,4.0,4.25,3.5,18.0,0.0,0.0,-0.4
PROP-9A33348B63FA,4.0,4.25,3.0,18.0,0.0,0.0,-1.15
PROP-C6C23F22FE64,5.15,5.4,4.0,18.25,0.0,0.0,-1.35
PROP-A76DA2EA915F,6.25,6.5,4.0,19.5,0.0,0.25,0.0
PROP-CB61FE5C5384,6.25,6.5,4.0,19.5,0.0,0.25,0.0
PROP-CCC45291E099,4.0,4.25,3.5,18.0,0.0,0.0,-0.4
PROP-B93768363638,4.0,4.25,3.0,18.0,0.0,0.0,-1.15
PROP-A618E318015F,4.4,4.65,3.0,18.0,0.0,-0.75,-1.6
PROP-1F3F3DC677A9,4.0,4.25,4.0,18.0,0.0,0.0,0.0
PROP-2B0B7389EAFA,5.15,5.4,4.0,18.25,0.0,0.0,-1.35
PROP-2FB6EB68543F,5.9,6.15,4.5,18.0,0.0,1.0,1.9
PROP-C4F2B340363A,4.0,4.25,3.0,18.0,0.0,0.0,-1.15
PROP-1293D8487BD8,6.0,6.25,4.0,19.25,-0.25,-0.5,0.0
PROP-A365EF65D88C,6.5,6.75,4.0,19.5,0.0,0.25,0.5
PROP-087904787CEE,4.0,4.25,3.0,18.0,0.0,0.0,-1.15
PROP-7EE9CAF04D31,5.9,6.15,4.5,18.0,0.0,1.0,1.9
PROP-871B58ABD784,6.5,6.75,4.0,19.5,0.0,0.25,0.5
PROP-A31103301FD1,5.15,5.4,4.0,18.5,-0.25,-0.6,-1.35
PROP-E1A9A1689D92,4.0,4.25,4.0,18.0,0.0,0.0,0.0
PROP-40F895446EB4,4.0,4.25,4.0,18.0,0.0,0.0,0.0
PROP-006317BD3B69,5.15,5.4,4.0,18.5,-0.25,-0.6,-1.35
PROP-A5B0578B920B,4.0,4.25,4.0,18.0,0.0,0.0,0.0
PROP-8E23C41F9667,5.75,6.0,4.0,19.0,0.0,-0.25,-0.5
PROP-2A2F5CFB8D2B,4.0,4.25,3.5,18.0,0.0,0.0,-0.4
PROP-290D7930681A,4.0,4.25,3.0,18.0,0.0,0.0,-1.15
PROP-CABF269E0EB5,4.0,4.25,3.0,18.0,0.0,0.0,-1.15
PROP-716C5382ED82,4.4,4.65,3.0,18.0,0.0,-0.75,-1.6
PROP-E76B4238E2FB,5.15,5.4,4.0,18.25,0.0,0.0,-1.35
PROP-BA06BA1E0E0D,4.9,5.15,4.5,18.0,0.0,0.9,0.9
PROP-AEBC42256807,6.5,6.75,4.0,19.25,0.0,0.0,0.5
PROP-FDF1CA1F689D,5.15,5.4,4.0,18.25,0.0,0.0,-1.35
PROP-35CDB12883C5,4.0,4.25,3.0,18.0,0.0,0.0,-1.15
PROP-142A20F5360E,4.0,4.25,3.0,18.0,0.0,0.0,-1.15
PROP-9CA160B4C892,4.0,4.25,4.0,18.0,0.0,0.0,0.0
PROP-72CD4E07270A,5.15,5.4,4.0,18.25,0.0,0.0,-1.35
PROP-32721C22990F,5.15,5.4,4.0,18.25,0.0,0.0,-1.35
PROP-F307883F4178,6.5,6.75,4.0,19.25,0.0,0.0,0.5
PROP-5D571FE394AD,6.0,6.25,4.0,19.25,-0.25,-0.5,0.0
PROP-9B9258430208,4.0,4.25,3.0,18.0,0.0,-0.4,-1.75
PROP-B89FCC71E170,6.5,6.75,4.0,19.5,0.0,0.25,0.5
PROP-C57A169FF3C6,4.0,4.25,4.0,18.0,0.0,0.0,0.0
PROP-2EC5E597AA3E,4.0,4.25,4.0,18.0,0.0,0.0,0.0
PROP-12D973E88313,4.0,4.25,4.0,18.0,0.0,0.0,0.0
PROP-37F563C98D62,4.0,4.25,3.5,18.0,0.0,0.0,-0.4
PROP-8F73A3A60282,6.0,6.25,4.0,19.5,0.0,0.0,-0.25
PROP-A11B478CE34A,4.4,4.65,3.0,18.0,0.0,-0.75,-1.6
PROP-FCE181DB5E88,5.9,6.15,4.5,18.0,0.0,1.0,1.9
PROP-96868D158019,4.9,5.15,4.5,18.0,0.0,0.9,0.9
PROP-61365C96F529,5.15,5.4,4.0,18.5,-0.25,-0.6,-1.35
PROP-DDA407E1085B,6.0,6.25,4.0,19.25,-0.25,-0.5,0.0
PROP-22227BA25B01,5.75,6.0,4.0,19.0,0.0,-0.25,-0.5
PROP-DBF34718975E,4.0,4.25,3.0,18.0,0.0,0.0,-1.15
PROP-A1B91AEBBF4B,4.0,4.25,3.0,18.0,0.0,0.0,-1.15
PROP-3E33E696118B,4.4,4.65,3.0,18.0,0.0,-0.75,-1.6
PROP-9739BA86AD77,6.25,6.5,4.0,19.5,0.0,0.25,0.0
PROP-7936896A151B,4.0,4.25,4.0,18.0,0.0,0.0,0.0
PROP-798DF8D0BD87,5.9,6.15,4.5,18.0,0.0,1.0,1.9
PROP-4F57EDE89F03,5.75,6.0,4.0,19.0,0.0,-0.25,-0.5
PROP-631CA1854242,6.5,6.75,4.0,19.25,0.0,0.0,0.5
PROP-7099F36CE814,4.0,4.25,3.5,18.0,0.0,0.0,-0.4
PROP-CDE664E10965,6.25,6.5,4.0,19.5,0.0,0.25,0.0
PROP-7421156566D1,4.9,5.15,4.5,18.0,0.0,0.9,0.9
PROP-0C143383815F,4.0,4.25,3.5,18.0,0.0,0.0,-0.4
PROP-735DB9E45934,6.25,6.5,4.0,19.5,0.0,0.25,0.0
PROP-BCBEB0CC2DC4,5.15,5.4,4.0,18.25,0.0,0.0,-1.35
PROP-E53EFA2D983E,4.0,4.25,4.0,18.0,0.0,0.0,0.0
PROP-793925559498,4.0,4.25,4.0,18.0,0.0,0.0,0.0
PROP-B3E6DD8B3785,4.4,4.65,3.0,18.0,0.0,-0.75,-1.6
PROP-3360DF0EAD7E,6.25,6.5,4.0,19.5,0.0,0.25,0.0
PROP-6674BA9CEC21,6.0,6.25,4.0,19.5,0.0,0.0,-0.25
PROP-24CF32DEB4AE,5.15,5.4,4.0,18.5,-0.25,-0.6,-1.35
PROP-503C8CF03D18,4.0,4.25,4.0,18.0,0.0,0.0,0.0
PROP-07B8746D23A2,4.9,5.15,4.5,18.0,0.0,0.9,0.9
PROP-CC4690D3CF35,4.0,4.25,3.0,18.0,0.0,0.0,-1.15
PROP-950F9D6C7EBC,4.0,4.25,4.0,18.0,0.0,0.0,0.0
PROP-2EC21115DCD3,6.0,6.25,4.0,19.5,0.0,0.0,-0.25
PROP-058ED1AAA8BC,6.25,6.5,4.0,19.5,0.0,0.25,0.0
PROP-919B1B355578,6.25,6.5,4.0,19.5,0.0,0.25,0.0
PROP-9200A389EA96,6.5,6.75,4.0,19.5,0.0,0.25,0.5
PROP-39B3D0271137,6.0,6.25,4.0,19.5,0.0,0.0,-0.25
PROP-7D917C87DE9B,6.0,6.25,4.0,19.5,0.0,0.0,-0.25
PROP-BE94375CCB95,4.0,4.25,3.0,18.0,0.0,0.0,-1.15
PROP-1DB7DD0427A7,6.5,6.75,4.0,19.25,0.0,0.0,0.5
PROP-A26149CE0B17,4.0,4.25,3.0,18.0,0.0,-0.4,-1.75
PROP-49BD33F579CB,5.75,6.0,4.0,19.0,0.0,-0.25,-0.5
PROP-0D0D2526274C,5.9,6.15,4.5,18.0,0.0,1.0,1.9
PROP-51E9A0713C15,4.0,4.25,4.0,18.0,0.0,0.0,0.0
PROP-A8782B94B1FB,5.9,6.15,4.5,18.0,0.0,1.0,1.9
PROP-BAAF6116ED3C,4.4,4.65,3.0,18.0,0.0,-0.75,-1.6
PROP-64006734E074,6.0,6.25,4.0,19.25,-0.25,-0.5,0.0
PROP-68AD2E811648,6.0,6.25,4.0,19.5,0.0,0.0,-0.25
PROP-48A2CAFA4D8E,6.5,6.75,4.0,19.25,0.0,0.0,0.5
PROP-10979CB9A20E,6.0,6.25,4.0,19.5,0.0,0.0,-0.25
PROP-C67FB674FB2F,6.0,6.25,4.0,19.5,0.0,0.0,-0.25
PROP-34BBA7C8236D,5.75,6.0,4.0,19.0,0.0,-0.25,-0.5
PROP-49F75168D35F,4.0,4.25,4.0,18.0,0.0,0.0,0.0
PROP-2EE8C4AD74AC,4.0,4.25,4.0,18.0,0.0,0.0,0.0
PROP-C68DA66F8F89,4.0,4.25,3.0,18.0,0.0,0.0,-1.15
PROP-E85D08D00791,6.0,6.25,4.0,19.5,0.0,0.0,-0.25
PROP-E528079CC2AD,4.9,5.15,4.5,18.0,0.0,0.9,0.9
PROP-0476BE175E80,4.0,4.25,3.0,18.0,0.0,0.0,-1.15
PROP-4F8C420913BF,4.0,4.25,3.0,18.0,0.0,0.0,-1.15
PROP-B8F29184E8C3,4.0,4.25,4.0,18.0,0.0,0.0,0.0
PROP-EC3B8FC7E64D,4.4,4.65,3.0,18.0,0.0,-0.75,-1.6
PROP-B9B0ABA93413,5.15,5.4,4.0,18.5,-0.25,-0.6,-1.35
PROP-542B9E0A0FCB,4.0,4.25,4.0,18.0,0.0,0.0,0.0
PROP-5B671A553DCF,4.0,4.25,3.0,18.0,0.0,-0.4,-1.75
PROP-35743D5914AF,5.15,5.4,4.0,18.25,0.0,0.0,-1.35
PROP-52C124200594,4.4,4.65,3.0,18.0,0.0,-0.75,-1.6
PROP-3B458B19A7E9,4.0,4.25,3.0,18.0,0.0,0.0,-1.15
PROP-781FF2B0467C,4.0,4.25,3.0,18.0,0.0,-0.4,-1.75
PROP-05CF94F16F1A,6.0,6.25,4.0,19.5,0.0,0.0,-0.25
PROP-DE185189C095,6.0,6.25,4.0,19.25,-0.25,-0.5,0.0
PROP-810090572038,4.4,4.65,3.0,18.0,0.0,-0.75,-1.6
PROP-61D5B7A22CF3,4.0,4.25,3.5,18.0,0.0,0.0,-0.4
PROP-800FDCD772A0,6.0,6.25,4.0,19.25,-0.25,-0.5,0.0
PROP-BF423B2D928A,4.0,4.25,3.5,18.0,0.0,0.0,-0.4
PROP-1E4BB4EE7D45,4.0,4.25,4.0,18.0,0.0,0.0,0.0
PROP-F068D1EE3384,4.0,4.25,4.0,18.0,0.0,0.0,0.0
PROP-22E2B8C95B3A,4.0,4.25,3.5,18.0,0.0,0.0,-0.4
PROP-A0E39D1BBB80,6.5,6.75,4.0,19.25,0.0,0.0,0.5
PROP-4008DD617BF1,4.0,4.25,4.0,18.0,0.0,0.0,0.0
PROP-7905092B1300,4.0,4.25,3.0,18.0,0.0,-0.4,-1.75
PROP-A210B98C0F60,4.4,4.65,3.0,18.0,0.0,-0.75,-1.6
PROP-ED53B800D737,4.0,4.25,3.0,18.0,0.0,-0.4,-1.75
PROP-FBC1B0DB962E,4.0,4.25,4.0,18.0,0.0,0.0,0.0
PROP-B9387A1FE63B,6.5,6.75,4.0,19.5,0.0,0.25,0.5
PROP-CBA807F802E2,4.0,4.25,4.0,18.0,0.0,0.0,0.0
PROP-C9756B6B35C2,6.0,6.25,4.0,19.5,0.0,0.0,-0.25
PROP-3E3B6C21254F,4.0,4.25,3.0,18.0,0.0,0.0,-1.15
PROP-0F406B873B88,6.0,6.25,4.0,19.25,-0.25,-0.5,0.0
PROP-7A47E09D4B3D,5.75,6.0,4.0,19.0,0.0,-0.25,-0.5
PROP-680082C85A42,4.0,4.25,4.0,18.0,0.0,0.0,0.0
PROP-4B8A2BBE2AE1,5.75,6.0,4.0,19.0,0.0,-0.25,-0.5
PROP-91CB26D1DF18,4.0,4.25,4.0,18.0,0.0,0.0,0.0
PROP-2D43F1D425FE,5.9,6.15,4.5,18.0,0.0,1.0,1.9
PROP-0BA3456F4A3F,6.0,6.25,4.0,19.25,-0.25,-0.5,0.0
PROP-F619C3C82FE6,6.0,6.25,4.0,19.25,-0.25,-0.5,0.0
PROP-3BC3A08A786B,4.0,4.25,4.0,18.0,0.0,0.0,0.0
PROP-73A82C040C1D,5.75,6.0,4.0,19.0,0.0,-0.25,-0.5
PROP-5FFC56AF0D81,4.0,4.25,3.0,18.0,0.0,0.0,-1.15
PROP-7FB5A33F1D42,6.0,6.25,4.0,19.5,0.0,0.0,-0.25
PROP-0DF2689E8504,4.0,4.25,3.0,18.0,0.0,0.0,-1.15
PROP-4DD4BA38038F,4.0,4.25,4.0,18.0,0.0,0.0,0.0
PROP-4A608895F12D,4.0,4.25,4.0,18.0,0.0,0.0,0.0
PROP-069A19144A8E,4.0,4.25,3.0,18.0,0.0,0.0,-1.15
PROP-B4A8AE3A80B2,6.5,6.75,4.0,19.5,0.0,0.25,0.5
PROP-D7D0F89B13AE,4.9,5.15,4.5,18.0,0.0,0.9,0.9
PROP-A7A97599B6F9,4.0,4.25,3.0,18.0,0.0,-0.4,-1.75
PROP-C76A6B896015,4.0,4.25,3.0,18.0,0.0,0.0,-1.15
PROP-00F04811CAE5,4.0,4.25,4.0,18.0,0.0,0.0,0.0
PROP-82B11312217F,5.9,6.15,4.5,18.0,0.0,1.0,1.9
PROP-3CDDDE71ABFA,5.15,5.4,4.0,18.25,0.0,0.0,-1.35
PROP-48C2457FD8D3,4.0,4.25,4.0,18.0,0.0,0.0,0.0
PROP-56875D73C571,6.5,6.75,4.0,19.5,0.0,0.25,0.5
PROP-C360B586390A,4.0,4.25,4.0,18.0,0.0,0.0,0.0
PROP-A9AF10260692,4.0,4.25,3.5,18.0,0.0,0.0,-0.4
PROP-502861ECED7E,6.0,6.25,4.0,19.25,-0.25,-0.5,0.0
PROP-003F6016AD15,4.0,4.25,4.0,18.0,0.0,0.0,0.0
PROP-01433059BC75,5.9,6.15,4.5,18.0,0.0,1.0,1.9
PROP-FB33D5373927,6.5,6.75,4.0,19.25,0.0,0.0,0.5
PROP-5AB3B76F53DE,4.9,5.15,4.5,18.0,0.0,0.9,0.9
PROP-84A4E88EFF9B,6.0,6.25,4.0,19.25,-0.25,-0.5,0.0
PROP-F63B0ABC2C11,4.9,5.15,4.5,18.0,0.0,0.9,0.9
PROP-2C9B6F818BDC,5.15,5.4,4.0,18.25,0.0,0.0,-1.35
PROP-D93C404AA7A5,6.5,6.75,4.0,19.5,0.0,0.25,0.5
PROP-46EA9CEE922E,6.0,6.25,4.0,19.25,-0.25,-0.5,0.0
PROP-E64408990A61,4.9,5.15,4.5,18.0,0.0,0.9,0.9
PROP-53D6E570E82C,4.0,4.25,4.0,18.0,0.0,0.0,0.0
PROP-1841E40E729D,6.5,6.75,4.0,19.5,0.0,0.25,0.5
PROP-F0F5B81D604A,4.0,4.25,3.0,18.0,0.0,-0.4,-1.75
PROP-4AB8AD707CF8,4.0,4.25,4.0,18.0,0.0,0.0,0.0
PROP-E6CAC276A1DE,4.0,4.25,3.0,18.0,0.0,0.0,-1.15
PROP-7B24B38C5636,6.5,6.75,4.0,19.25,0.0,0.0,0.5
PROP-C1EE1E4543B3,5.15,5.4,4.0,18.5,-0.25,-0.6,-1.35
PROP-5248E691D853,5.9,6.15,4.5,18.0,0.0,1.0,1.9
PROP-8BB5F3862AFA,6.5,6.75,4.0,19.25,0.0,0.0,0.5
PROP-5F2807615F56,6.25,6.5,4.0,19.5,0.0,0.25,0.0
PROP-7F7AAB994968,4.0,4.25,4.0,18.0,0.0,0.0,0.0
PROP-5ECF0A77D56B,5.15,5.4,4.0,18.25,0.0,0.0,-1.35
PROP-8B13E8328010,6.0,6.25,4.0,19.5,0.0,0.0,-0.25
PROP-F0DFEFFBCCB2,4.0,4.25,3.5,18.0,0.0,0.0,-0.4
PROP-FB797273D500,4.9,5.15,4.5,18.0,0.0,0.9,0.9
PROP-B2AC02E6FFF5,4.0,4.25,4.0,18.0,0.0,0.0,0.0
PROP-0860ED725D78,6.5,6.75,4.0,19.25,0.0,0.0,0.5
PROP-0FE93A71BC57,6.5,6.75,4.0,19.25,0.0,0.0,0.5
PROP-3C9BEED99DF2,6.5,6.75,4.0,19.5,0.0,0.25,0.5
PROP-1257BE4E3CE6,4.0,4.25,3.0,18.0,0.0,0.0,-1.15
PROP-EF868122AC40,4.0,4.25,4.0,18.0,0.0,0.0,0.0
PROP-A47DA716A2F2,5.15,5.4,4.0,18.5,-0.25,-0.6,-1.35
PROP-E919A969ED24,4.9,5.15,4.5,18.0,0.0,0.9,0.9
PROP-2DDF494243AD,4.0,4.25,3.0,18.0,0.0,-0.4,-1.75
PROP-C18A52DC1A5F,6.5,6.75,4.0,19.25,0.0,0.0,0.5
PROP-E32664AA4A63,4.0,4.25,4.0,18.0,0.0,0.0,0.0
PROP-AC1ED728A46D,5.15,5.4,4.0,18.5,-0.25,-0.6,-1.35
PROP-9093B0AC4F6A,4.0,4.25,4.0,18.0,0.0,0.0,0.0
PROP-CE7750EC13F4,5.75,6.0,4.0,19.0,0.0,-0.25,-0.5
PROP-DA1F38FEFF04,6.25,6.5,4.0,19.5,0.0,0.25,0.0
PROP-65268A54CB32,6.25,6.5,4.0,19.5,0.0,0.25,0.0
PROP-706F67B2ED93,4.0,4.25,4.0,18.0,0.0,0.0,0.0
PROP-6B710EF3E33D,4.0,4.25,4.0,18.0,0.0,0.0,0.0
PROP-BA5EB97E3748,5.75,6.0,4.0,19.0,0.0,-0.25,-0.5
PROP-F9F1BF8646EF,6.5,6.75,4.0,19.25,0.0,0.0,0.5
PROP-DBFFC5DEC768,4.0,4.25,3.0,18.0,0.0,-0.4,-1.75
PROP-E86E6EB2AD72,5.9,6.15,4.5,18.0,0.0,1.0,1.9
PROP-44FDBB208F5F,5.15,5.4,4.0,18.5,-0.25,-0.6,-1.35
PROP-52A4E5C1930E,6.0,6.25,4.0,19.5,0.0,0.0,-0.25
PROP-5890278D9809,5.15,5.4,4.0,18.5,-0.25,-0.6,-1.35
PROP-FF8E215E77D0,5.15,5.4,4.0,18.5,-0.25,-0.6,-1.35
PROP-A7AACAE46A0D,6.25,6.5,4.0,19.5,0.0,0.25,0.0
PROP-0EA377BF6A54,6.0,6.25,4.0,19.5,0.0,0.0,-0.25
PROP-697927058751,5.15,5.4,4.0,18.5,-0.25,-0.6,-1.35
PROP-4765057EF2F9,6.5,6.75,4.0,19.5,0.0,0.25,0.5
PROP-C1335E511393,4.0,4.25,4.0,18.0,0.0,0.0,0.0
PROP-AA8604D84968,4.9,5.15,4.5,18.0,0.0,0.9,0.9
PROP-85ED57411480,5.9,6.15,4.5,18.0,0.0,1.0,1.9
PROP-31008C689D06,5.9,6.15,4.5,18.0,0.0,1.0,1.9
PROP-B94636A9A773,6.5,6.75,4.0,19.5,0.0,0.25,0.5
PROP-9FF8E134FF77,4.0,4.25,3.0,18.0,0.0,0.0,-1.15
PROP-7DAE05C35B49,4.0,4.25,4.0,18.0,0.0,0.0,0.0
PROP-92D7ADA161BC,6.0,6.25,4.0,19.25,-0.25,-0.5,0.0
PROP-455408954327,4.0,4.25,3.0,18.0,0.0,-0.4,-1.75
PROP-98388DA9E4B3,5.15,5.4,4.0,18.5,-0.25,-0.6,-1.35
PROP-384E1963AFB1,5.15,5.4,4.0,18.5,-0.25,-0.6,-1.35
PROP-0C7348FE202B,4.9,5.15,4.5,18.0,0.0,0.9,0.9
PROP-BA8A2883586F,6.0,6.25,4.0,19.5,0.0,0.0,-0.25
PROP-A11A6981D3A5,4.0,4.25,4.0,18.0,0.0,0.0,0.0
PROP-1EDFBB744D36,4.4,4.65,3.0,18.0,0.0,-0.75,-1.6
PROP-6D1FAB6D3730,4.0,4.25,3.5,18.0,0.0,0.0,-0.4
PROP-CAC9B120EB49,4.4,4.65,3.0,18.0,0.0,-0.75,-1.6
PROP-2A0C4AC155D9,4.0,4.25,3.0,18.0,0.0,0.0,-1.15
PROP-0CAFCDA77290,4.4,4.65,3.0,18.0,0.0,-0.75,-1.6
PROP-4A2923164198,4.0,4.25,4.0,18.0,0.0,0.0,0.0
PROP-99CA77FC3797,4.0,4.25,4.0,18.0,0.0,0.0,0.0
PROP-2733004DFB4F,6.25,6.5,4.0,19.5,0.0,0.25,0.0
PROP-080724F43710,5.75,6.0,4.0,19.0,0.0,-0.25,-0.5
PROP-C6322C8B8045,6.5,6.75,4.0,19.5,0.0,0.25,0.5
PROP-0C2066E9E049,5.75,6.0,4.0,19.0,0.0,-0.25,-0.5
PROP-08917B3C19DB,5.15,5.4,4.0,18.5,-0.25,-0.6,-1.35
PROP-017B72AECABE,5.9,6.15,4.5,18.0,0.0,1.0,1.9
PROP-5A776B4F1FE1,5.9,6.15,4.5,18.0,0.0,1.0,1.9
PROP-839D1A608D10,4.0,4.25,3.5,18.0,0.0,0.0,-0.4
PROP-CEF6F57C94F4,4.4,4.65,3.0,18.0,0.0,-0.75,-1.6
PROP-D1FF360C06B2,5.75,6.0,4.0,19.0,0.0,-0.25,-0.5
PROP-ADA685FC5E27,6.5,6.75,4.0,19.5,0.0,0.25,0.5
PROP-B8611EC4724C,4.0,4.25,3.0,18.0,0.0,0.0,-1.15
PROP-4F697A9257D1,4.0,4.25,4.0,18.0,0.0,0.0,0.0
PROP-36C0B6D54F43,5.15,5.4,4.0,18.5,-0.25,-0.6,-1.35
PROP-F988B92E3135,5.9,6.15,4.5,18.0,0.0,1.0,1.9
PROP-FA04E82CE07B,4.0,4.25,3.0,18.0,0.0,0.0,-1.15
PROP-F166F505A50C,4.0,4.25,4.0,18.0,0.0,0.0,0.0
PROP-65D96FCD59D3,6.5,6.75,4.0,19.25,0.0,0.0,0.5
PROP-C79CA9A7591B,4.0,4.25,3.0,18.0,0.0,0.0,-1.15
PROP-85F10FB9D96A,4.0,4.25,3.0,18.0,0.0,-0.4,-1.75
PROP-ADE270E390A7,4.0,4.25,4.0,18.0,0.0,0.0,0.0
PROP-B9EE66135257,4.0,4.25,4.0,18.0,0.0,0.0,0.0
PROP-B6D4580F387A,6.5,6.75,4.0,19.5,0.0,0.25,0.5
PROP-00C912C40190,4.0,4.25,3.5,18.0,0.0,0.0,-0.4
PROP-7561D714F5B1,4.0,4.25,3.0,18.0,0.0,-0.4,-1.75
PROP-02C371CBCB74,5.15,5.4,4.0,18.25,0.0,0.0,-1.35
PROP-A1A09D0FAD95,4.0,4.25,4.0,18.0,0.0,0.0,0.0
PROP-4EBBB3B7CCDC,4.9,5.15,4.5,18.0,0.0,0.9,0.9
PROP-3CABABF6749D,6.25,6.5,4.0,19.5,0.0,0.25,0.0
PROP-1581D6DD4BCC,6.25,6.5,4.0,19.5,0.0,0.25,0.0
PROP-C2AD93832287,4.0,4.25,3.0,18.0,0.0,0.0,-1.15
PROP-A45DE8E14893,5.9,6.15,4.5,18.0,0.0,1.0,1.9
PROP-F24540D720C0,5.15,5.4,4.0,18.25,0.0,0.0,-1.35
PROP-B16F80A97DF4,4.0,4.25,4.0,18.0,0.0,0.0,0.0
PROP-79ABF40C698F,4.0,4.25,3.5,18.0,0.0,0.0,-0.4
PROP-59701C55D4AE,4.4,4.65,3.0,18.0,0.0,-0.75,-1.6
PROP-D40CAEA2891A,5.15,5.4,4.0,18.5,-0.25,-0.6,-1.35
PROP-2145BED22369,4.9,5.15,4.5,18.0,0.0,0.9,0.9
PROP-8A02A19B2B59,6.0,6.25,4.0,19.25,-0.25,-0.5,0.0
PROP-DC836F594A19,4.0,4.25,4.0,18.0,0.0,0.0,0.0
PROP-BC8119439D1B,4.0,4.25,3.0,18.0,0.0,0.0,-1.15
PROP-1CD06191D58D,5.75,6.0,4.0,19.0,0.0,-0.25,-0.5
PROP-2AD8BFF5F152,4.4,4.65,3.0,18.0,0.0,-0.75,-1.6
PROP-790A6345B13A,4.4,4.65,3.0,18.0,0.0,-0.75,-1.6
PROP-F6F9032C8579,4.0,4.25,4.0,18.0,0.0,0.0,0.0
PROP-46C9341F177D,4.0,4.25,3.5,18.0,0.0,0.0,-0.4
PROP-3BAAF5AB2702,4.0,4.25,4.0,18.0,0.0,0.0,0.0
PROP-F597803D91AA,5.15,5.4,4.0,18.5,-0.25,-0.6,-1.35
PROP-2D78D8DAC6AA,6.0,6.25,4.0,19.5,0.0,0.0,-0.25
PROP-D002694A0A4C,4.0,4.25,4.0,18.0,0.0,0.0,0.0
PROP-5D53E904D9D9,4.0,4.25,3.5,18.0,0.0,0.0,-0.4
PROP-1773B5B0FF7C,4.0,4.25,4.0,18.0,0.0,0.0,0.0
PROP-2C9F5256BF79,4.9,5.15,4.5,18.0,0.0,0.9,0.9
PROP-D16B312759F3,6.5,6.75,4.0,19.25,0.0,0.0,0.5
PROP-1E474AAD9AE0,6.25,6.5,4.0,19.5,0.0,0.25,0.0
PROP-16C4C51928D7,5.75,6.0,4.0,19.0,0.0,-0.25,-0.5
PROP-C670F12382CE,6.0,6.25,4.0,19.5,0.0,0.0,-0.25
PROP-89BCD1B82E45,4.0,4.25,3.0,18.0,0.0,0.0,-1.15
PROP-41171B0E90D1,5.75,6.0,4.0,19.0,0.0,-0.25,-0.5
PROP-A2A3580223E5,4.0,4.25,3.0,18.0,0.0,0.0,-1.15
PROP-395C854E4532,4.0,4.25,3.0,18.0,0.0,0.0,-1.15
PROP-8BC45129128D,6.0,6.25,4.0,19.5,0.0,0.0,-0.25
PROP-1B3CD9AFD6EA,4.0,4.25,4.0,18.0,0.0,0.0,0.0
PROP-46F76C9E0741,5.15,5.4,4.0,18.25,0.0,0.0,-1.35
PROP-9ED958E0E47F,4.9,5.15,4.5,18.0,0.0,0.9,0.9
PROP-8B109DF03D59,6.0,6.25,4.0,19.25,-0.25,-0.5,0.0
PROP-FCBE4C8F2C06,4.0,4.25,4.0,18.0,0.0,0.0,0.0
PROP-E3F96BB1EFFF,4.9,5.15,4.5,18.0,0.0,0.9,0.9
PROP-9CDCB9321CD3,5.75,6.0,4.0,19.0,0.0,-0.25,-0.5
PROP-CC666FFF2E83,6.0,6.25,4.0,19.5,0.0,0.0,-0.25
PROP-25CA46D91FA9,4.0,4.25,3.0,18.0,0.0,-0.4,-1.75
PROP-9E10B436986D,6.5,6.75,4.0,19.25,0.0,0.0,0.5
PROP-4402DAD23391,4.4,4.65,3.0,18.0,0.0,-0.75,-1.6
PROP-1BC3BA69D111,4.0,4.25,4.0,18.0,0.0,0.0,0.0
PROP-6D07632670C1,5.9,6.15,4.5,18.0,0.0,1.0,1.9
PROP-CF07CE26C516,6.25,6.5,4.0,19.5,0.0,0.25,0.0
PROP-6B56F80DB1A0,4.4,4.65,3.0,18.0,0.0,-0.75,-1.6
PROP-5AE4A2894023,5.9,6.15,4.5,18.0,0.0,1.0,1.9
PROP-351A4BE4CC0C,6.5,6.75,4.0,19.5,0.0,0.25,0.5
PROP-FFB46B558DED,5.15,5.4,4.0,18.5,-0.25,-0.6,-1.35
PROP-0B8384F6D6DD,4.0,4.25,3.5,18.0,0.0,0.0,-0.4
PROP-4AF883BA43D7,5.15,5.4,4.0,18.25,0.0,0.0,-1.35
PROP-A7B6ABD37A94,4.0,4.25,3.0,18.0,0.0,0.0,-1.15
PROP-A93A3D142375,5.15,5.4,4.0,18.25,0.0,0.0,-1.35
PROP-51D6942DA605,4.0,4.25,3.0,18.0,0.0,-0.4,-1.75
PROP-AEF1E5F20023,5.15,5.4,4.0,18.25,0.0,0.0,-1.35
PROP-7E3C7AAD0AB4,6.5,6.75,4.0,19.25,0.0,0.0,0.5
PROP-AFCC039A0151,4.0,4.25,3.0,18.0,0.0,0.0,-1.15
PROP-BCD3402A46ED,4.0,4.25,4.0,18.0,0.0,0.0,0.0
PROP-6AE6E36E8191,4.0,4.25,4.0,18.0,0.0,0.0,0.0
PROP-558583B0FFE2,5.15,5.4,4.0,18.5,-0.25,-0.6,-1.35
PROP-ABC2A3B5656A,4.0,4.25,3.0,18.0,0.0,0.0,-1.15
PROP-6BED397EEAB6,4.0,4.25,4.0,18.0,0.0,0.0,0.0
PROP-3FB8BAD6086A,4.0,4.25,4.0,18.0,0.0,0.0,0.0
PROP-1A60FEA935FA,6.5,6.75,4.0,19.5,0.0,0.25,0.5
PROP-D5C57F688A87,6.0,6.25,4.0,19.5,0.0,0.0,-0.25
PROP-17E889979BF1,5.9,6.15,4.5,18.0,0.0,1.0,1.9
PROP-98363735309D,6.5,6.75,4.0,19.25,0.0,0.0,0.5
PROP-19E7561477F7,5.9,6.15,4.5,18.0,0.0,1.0,1.9
PROP-EE42F2C823AC,4.0,4.25,3.0,18.0,0.0,-0.4,-1.75
PROP-B36EAA23BE5F,4.9,5.15,4.5,18.0,0.0,0.9,0.9
PROP-7C4EF1791936,5.75,6.0,4.0,19.0,0.0,-0.25,-0.5
PROP-0133FB040890,5.15,5.4,4.0,18.25,0.0,0.0,-1.35
PROP-664997DC907D,4.9,5.15,4.5,18.0,0.0,0.9,0.9
PROP-CCACD571525C,4.0,4.25,3.0,18.0,0.0,-0.4,-1.75
PROP-CB4420DFFA56,4.0,4.25,4.0,18.0,0.0,0.0,0.0
PROP-198FA6AB72E8,4.9,5.15,4.5,18.0,0.0,0.9,0.9
PROP-738DE6339BE9,4.4,4.65,3.0,18.0,0.0,-0.75,-1.6
PROP-10B4872FF002,5.75,6.0,4.0,19.0,0.0,-0.25,-0.5
PROP-D13F1E999F2A,4.9,5.15,4.5,18.0,0.0,0.9,0.9
PROP-A6B1CAA14E02,6.5,6.75,4.0,19.25,0.0,0.0,0.5
PROP-66B289551FC6,4.4,4.65,3.0,18.0,0.0,-0.75,-1.6
PROP-96A023762EBC,5.9,6.15,4.5,18.0,0.0,1.0,1.9
PROP-1BED1EDF04A6,5.15,5.4,4.0,18.25,0.0,0.0,-1.35
PROP-BB0116691ADF,4.0,4.25,4.0,18.0,0.0,0.0,0.0
PROP-B5463A8362DD,6.5,6.75,4.0,19.5,0.0,0.25,0.5
PROP-2A868B10386A,4.9,5.15,4.5,18.0,0.0,0.9,0.9
PROP-1804D5D80D07,4.0,4.25,4.0,18.0,0.0,0.0,0.0
PROP-A5C41051ABB8,6.5,6.75,4.0,19.5,0.0,0.25,0.5
PROP-354701695CC2,5.75,6.0,4.0,19.0,0.0,-0.25,-0.5
PROP-21833C095DC0,6.0,6.25,4.0,19.25,-0.25,-0.5,0.0
PROP-F3B65786EBC9,4.0,4.25,4.0,18.0,0.0,0.0,0.0
PROP-A7CDC3666107,5.15,5.4,4.0,18.5,-0.25,-0.6,-1.35
PROP-0E5BFAD8C69E,4.0,4.25,3.0,18.0,0.0,0.0,-1.15
PROP-46B8DBE52D17,4.0,4.25,3.0,18.0,0.0,0.0,-1.15
PROP-00989A6282DB,4.0,4.25,4.0,18.0,0.0,0.0,0.0
PROP-3D7AFEF3866D,6.5,6.75,4.0,19.25,0.0,0.0,0.5
PROP-0F7047E2ED7F,6.5,6.75,4.0,19.5,0.0,0.25,0.5
PROP-4A219B9547F6,4.0,4.25,3.0,18.0,0.0,0.0,-1.15
PROP-C590E171352D,4.0,4.25,3.0,18.0,0.0,0.0,-1.15
PROP-0A7CB4045979,6.0,6.25,4.0,19.25,-0.25,-0.5,0.0
PROP-9DBED7EC7517,4.0,4.25,4.0,18.0,0.0,0.0,0.0
PROP-F051A5B0C344,4.0,4.25,4.0,18.0,0.0,0.0,0.0
PROP-392FB1CBB789,6.25,6.5,4.0,19.5,0.0,0.25,0.0
PROP-BB3F6002E7A5,4.0,4.25,3.0,18.0,0.0,0.0,-1.15
PROP-B6D9286B40F2,4.0,4.25,3.0,18.0,0.0,-0.4,-1.75
PROP-426DB8038110,4.4,4.65,3.0,18.0,0.0,-0.75,-1.6
PROP-E5AB90CA6F2D,4.0,4.25,4.0,18.0,0.0,0.0,0.0
PROP-1CE982CF9374,4.9,5.15,4.5,18.0,0.0,0.9,0.9
PROP-FCC4CB5C1EB8,4.0,4.25,4.0,18.0,0.0,0.0,0.0
PROP-11948FCBCF54,4.0,4.25,4.0,18.0,0.0,0.0,0.0
PROP-2A2EC83D5242,4.0,4.25,4.0,18.0,0.0,0.0,0.0
PROP-F65F133CDC44,4.0,4.25,3.5,18.0,0.0,0.0,-0.4
PROP-9C672CAE95B0,5.15,5.4,4.0,18.25,0.0,0.0,-1.35
PROP-40FB96F394F9,4.0,4.25,4.0,18.0,0.0,0.0,0.0
PROP-88BDFB684A8D,6.25,6.5,4.0,19.5,0.0,0.25,0.0
PROP-63D555E550AC,5.15,5.4,4.0,18.5,-0.25,-0.6,-1.35
PROP-F1233A76EAF0,4.0,4.25,4.0,18.0,0.0,0.0,0.0
PROP-A4534227E91F,4.0,4.25,4.0,18.0,0.0,0.0,0.0
PROP-192315F52713,4.0,4.25,3.5,18.0,0.0,0.0,-0.4
PROP-0D049F143D2A,5.15,5.4,4.0,18.25,0.0,0.0,-1.35
PROP-4FE94B45EB6F,4.0,4.25,4.0,18.0,0.0,0.0,0.0
PROP-8125477B66F7,6.5,6.75,4.0,19.5,0.0,0.25,0.5
PROP-A74CB635692D,4.0,4.25,3.0,18.0,0.0,0.0,-1.15
PROP-53236E04FB44,6.5,6.75,4.0,19.5,0.0,0.25,0.5
PROP-85F0F6B022DB,4.0,4.25,4.0,18.0,0.0,0.0,0.0
PROP-B0A1BC33321E,4.4,4.65,3.0,18.0,0.0,-0.75,-1.6
PROP-4B7F50B895A1,4.0,4.25,4.0,18.0,0.0,0.0,0.0
PROP-8EA6055473E8,4.0,4.25,4.0,18.0,0.0,0.0,0.0
PROP-3D775AF605F4,4.0,4.25,3.0,18.0,0.0,0.0,-1.15
PROP-EF207DFEBEE4,6.25,6.5,4.0,19.5,0.0,0.25,0.0
PROP-5B76091F4FAD,4.0,4.25,3.0,18.0,0.0,0.0,-1.15
PROP-4FC7BFD46805,4.0,4.25,3.0,18.0,0.0,0.0,-1.15
PROP-82ADB9FF75F8,6.0,6.25,4.0,19.25,-0.25,-0.5,0.0
PROP-C4FDA0DD03FC,4.0,4.25,3.0,18.0,0.0,-0.4,-1.75
PROP-54B74DFEDAB6,5.15,5.4,4.0,18.25,0.0,0.0,-1.35
PROP-2EC4909BFB4E,4.0,4.25,3.5,18.0,0.0,0.0,-0.4
PROP-17F011DCC9FE,6.25,6.5,4.0,19.5,0.0,0.25,0.0
PROP-2EB25993D9E8,4.0,4.25,3.0,18.0,0.0,0.0,-1.15
PROP-ECC3BEFB674B,6.0,6.25,4.0,19.25,-0.25,-0.5,0.0
PROP-D7067BEE2FFD,6.25,6.5,4.0,19.5,0.0,0.25,0.0
PROP-9318CA6CB4AE,4.4,4.65,3.0,18.0,0.0,-0.75,-1.6
PROP-639E6D69D5AA,4.0,4.25,3.0,18.0,0.0,0.0,-1.15
PROP-C39D2D927F3A,4.0,4.25,3.0,18.0,0.0,0.0,-1.15
PROP-D32CE1339EB1,4.4,4.65,3.0,18.0,0.0,-0.75,-1.6
PROP-282E9B9466CB,4.0,4.25,3.0,18.0,0.0,-0.4,-1.75
PROP-9CAAFF66FB6E,6.0,6.25,4.0,19.25,-0.25,-0.5,0.0
PROP-EDF8432FE4FB,4.9,5.15,4.5,18.0,0.0,0.9,0.9
PROP-469159691155,4.0,4.25,4.0,18.0,0.0,0.0,0.0
PROP-1F06060C5E03,4.0,4.25,4.0,18.0,0.0,0.0,0.0
PROP-C1BCE5118114,4.4,4.65,3.0,18.0,0.0,-0.75,-1.6
PROP-C04725EAD432,5.9,6.15,4.5,18.0,0.0,1.0,1.9
PROP-66EEDE198CCB,5.9,6.15,4.5,18.0,0.0,1.0,1.9
PROP-D2598DCA7AC5,4.0,4.25,3.0,18.0,0.0,-0.4,-1.75
PROP-BA7E08E6CC86,4.0,4.25,4.0,18.0,0.0,0.0,0.0
PROP-7921E5D36894,6.5,6.75,4.0,19.5,0.0,0.25,0.5
PROP-96AE64E0AE51,4.9,5.15,4.5,18.0,0.0,0.9,0.9
PROP-FDBECD1023D5,6.5,6.75,4.0,19.25,0.0,0.0,0.5
PROP-ABB411B9FC44,4.0,4.25,3.0,18.0,0.0,-0.4,-1.75
PROP-8F34916ECF33,4.0,4.25,3.0,18.0,0.0,0.0,-1.15
PROP-410FF3431C74,4.4,4.65,3.0,18.0,0.0,-0.75,-1.6
PROP-61E222FFFFAA,4.0,4.25,4.0,18.0,0.0,0.0,0.0
PROP-6F9315E57409,4.0,4.25,4.0,18.0,0.0,0.0,0.0
PROP-062395C5EF08,4.4,4.65,3.0,18.0,0.0,-0.75,-1.6
PROP-BC69938575CF,4.0,4.25,4.0,18.0,0.0,0.0,0.0
PROP-80BD8116C653,4.0,4.25,4.0,18.0,0.0,0.0,0.0
PROP-7EBBE3039AD6,5.15,5.4,4.0,18.5,-0.25,-0.6,-1.35
PROP-B98C1F1911E6,6.5,6.75,4.0,19.5,0.0,0.25,0.5
PROP-59813ECCB287,5.75,6.0,4.0,19.0,0.0,-0.25,-0.5
PROP-88E9B0B742F2,5.15,5.4,4.0,18.5,-0.25,-0.6,-1.35
PROP-70F9D921B769,4.0,4.25,4.0,18.0,0.0,0.0,0.0
PROP-0BAC9A555163,5.15,5.4,4.0,18.5,-0.25,-0.6,-1.35
PROP-32BB5F44EF93,5.15,5.4,4.0,18.5,-0.25,-0.6,-1.35
PROP-45E128B27CEA,4.0,4.25,3.5,18.0,0.0,0.0,-0.4
PROP-EA850BBABA26,6.0,6.25,4.0,19.5,0.0,0.0,-0.25
PROP-F6D81B2F5910,4.0,4.25,3.5,18.0,0.0,0.0,-0.4
PROP-5765982C487B,6.25,6.5,4.0,19.5,0.0,0.25,0.0
PROP-B9E9E5D0B87A,6.25,6.5,4.0,19.5,0.0,0.25,0.0
PROP-D370A01D32A7,4.4,4.65,3.0,18.0,0.0,-0.75,-1.6
PROP-5306FECA1A77,6.0,6.25,4.0,19.25,-0.25,-0.5,0.0
PROP-5CC4D652FF93,5.9,6.15,4.5,18.0,0.0,1.0,1.9
PROP-5C8689644998,4.0,4.25,4.0,18.0,0.0,0.0,0.0
PROP-F350E6D1EED2,5.9,6.15,4.5,18.0,0.0,1.0,1.9
PROP-516147147170,4.9,5.15,4.5,18.0,0.0,0.9,0.9
PROP-FAF5B514A908,6.5,6.75,4.0,19.5,0.0,0.25,0.5
PROP-4B1832D2ED74,4.0,4.25,3.0,18.0,0.0,0.0,-1.15
PROP-862BB7115783,6.5,6.75,4.0,19.5,0.0,0.25,0.5
PROP-C9818BBCF139,5.9,6.15,4.5,18.0,0.0,1.0,1.9
PROP-6838D317DBD2,4.0,4.25,3.0,18.0,0.0,-0.4,-1.75
PROP-78FFFAC65EA2,4.0,4.25,4.0,18.0,0.0,0.0,0.0
PROP-ABA6DC54BD99,6.5,6.75,4.0,19.25,0.0,0.0,0.5
PROP-D8AFD17768A5,6.5,6.75,4.0,19.25,0.0,0.0,0.5
PROP-8E0E3C02861D,4.0,4.25,3.0,18.0,0.0,0.0,-1.15
PROP-AA66DE4E34BC,5.75,6.0,4.0,19.0,0.0,-0.25,-0.5
PROP-B17DC3753847,4.0,4.25,4.0,18.0,0.0,0.0,0.0
PROP-3C65B13E345B,5.75,6.0,4.0,19.0,0.0,-0.25,-0.5
PROP-750DCBEC8C5E,6.25,6.5,4.0,19.5,0.0,0.25,0.0
PROP-EF35386CFA74,5.15,5.4,4.0,18.25,0.0,0.0,-1.35
PROP-4C0A6F294896,5.15,5.4,4.0,18.5,-0.25,-0.6,-1.35
PROP-C300EDB2194F,4.0,4.25,3.0,18.0,0.0,0.0,-1.15
PROP-6A004EB6096C,6.5,6.75,4.0,19.5,0.0,0.25,0.5
PROP-2343EDFFA880,4.0,4.25,3.0,18.0,0.0,0.0,-1.15
PROP-D4B72F51107F,4.4,4.65,3.0,18.0,0.0,-0.75,-1.6
PROP-45AC659C4EE0,4.0,4.25,4.0,18.0,0.0,0.0,0.0
PROP-6902E0017DAC,6.5,6.75,4.0,19.25,0.0,0.0,0.5
PROP-C8E42F858B13,4.9,5.15,4.5,18.0,0.0,0.9,0.9
PROP-EBC763054C20,5.15,5.4,4.0,18.5,-0.25,-0.6,-1.35
PROP-72163A8EF223,4.0,4.25,3.5,18.0,0.0,0.0,-0.4
PROP-47AC877D03EE,4.0,4.25,4.0,18.0,0.0,0.0,0.0
PROP-538AFEFCD20F,6.0,6.25,4.0,19.25,-0.25,-0.5,0.0
PROP-7EE327B85B5D,5.15,5.4,4.0,18.5,-0.25,-0.6,-1.35
PROP-7F12B29DD2C1,6.0,6.25,4.0,19.25,-0.25,-0.5,0.0
PROP-0CCC81E445EA,4.9,5.15,4.5,18.0,0.0,0.9,0.9
PROP-5D3D324A72D6,4.0,4.25,4.0,18.0,0.0,0.0,0.0
PROP-343273BD9D8E,6.5,6.75,4.0,19.5,0.0,0.25,0.5
PROP-D35CDA013328,5.75,6.0,4.0,19.0,0.0,-0.25,-0.5
PROP-222B732B6787,6.0,6.25,4.0,19.5,0.0,0.0,-0.25
PROP-1BE0A15D6B16,4.0,4.25,4.0,18.0,0.0,0.0,0.0
PROP-3C35DA3B11F7,4.4,4.65,3.0,18.0,0.0,-0.75,-1.6
PROP-07932C035B70,4.0,4.25,3.0,18.0,0.0,0.0,-1.15
PROP-D28C501562CD,6.25,6.5,4.0,19.5,0.0,0.25,0.0
PROP-F57D7E251EC9,4.0,4.25,4.0,18.0,0.0,0.0,0.0
PROP-574A976C3342,5.15,5.4,4.0,18.5,-0.25,-0.6,-1.35
PROP-491AF883BD5C,4.4,4.65,3.0,18.0,0.0,-0.75,-1.6
PROP-0A59FFB25139,4.0,4.25,3.5,18.0,0.0,0.0,-0.4
PROP-80FB0A84DDDF,4.4,4.65,3.0,18.0,0.0,-0.75,-1.6
PROP-1420A295F813,4.0,4.25,4.0,18.0,0.0,0.0,0.0
PROP-B29D422B9C14,6.5,6.75,4.0,19.25,0.0,0.0,0.5
PROP-9CAB7E8EAF88,4.0,4.25,4.0,18.0,0.0,0.0,0.0
PROP-9F0A79D1DF98,6.25,6.5,4.0,19.5,0.0,0.25,0.0
PROP-2139BAF9F32F,4.0,4.25,3.0,18.0,0.0,0.0,-1.15
PROP-08027F525921,6.5,6.75,4.0,19.5,0.0,0.25,0.5
PROP-B510EB3C9811,4.0,4.25,3.0,18.0,0.0,0.0,-1.15
PROP-F5EF92554E2C,6.5,6.75,4.0,19.5,0.0,0.25,0.5
PROP-BF743E6F207C,4.0,4.25,3.0,18.0,0.0,0.0,-1.15
PROP-8620A71C1296,4.4,4.65,3.0,18.0,0.0,-0.75,-1.6
PROP-0E971A1B56D6,4.0,4.25,4.0,18.0,0.0,0.0,0.0
PROP-55105A088843,5.15,5.4,4.0,18.5,-0.25,-0.6,-1.35
PROP-386843F2FDBC,4.9,5.15,4.5,18.0,0.0,0.9,0.9
PROP-FA3720B0AF99,4.0,4.25,3.0,18.0,0.0,-0.4,-1.75
PROP-15FA29254EDE,4.4,4.65,3.0,18.0,0.0,-0.75,-1.6
PROP-3E844A5F08EF,4.4,4.65,3.0,18.0,0.0,-0.75,-1.6
PROP-8B05902385AA,5.9,6.15,4.5,18.0,0.0,1.0,1.9
PROP-62FDB6C33DF6,6.25,6.5,4.0,19.5,0.0,0.25,0.0
PROP-C61DEFC9D980,6.25,6.5,4.0,19.5,0.0,0.25,0.0
PROP-335695A2F904,5.15,5.4,4.0,18.5,-0.25,-0.6,-1.35
PROP-D1C386DA75FC,6.0,6.25,4.0,19.25,-0.25,-0.5,0.0
PROP-CC52A64FE9B2,4.0,4.25,3.5,18.0,0.0,0.0,-0.4
PROP-7418D47C5C3E,5.9,6.15,4.5,18.0,0.0,1.0,1.9
PROP-190F27E62123,6.5,6.75,4.0,19.25,0.0,0.0,0.5
PROP-663CCC8A79FC,5.9,6.15,4.5,18.0,0.0,1.0,1.9
PROP-1D5694A4E89E,4.9,5.15,4.5,18.0,0.0,0.9,0.9
PROP-4953329C3725,5.15,5.4,4.0,18.25,0.0,0.0,-1.35
PROP-96CB58BD2F51,6.0,6.25,4.0,19.25,-0.25,-0.5,0.0
PROP-43CF47FFD1F6,4.0,4.25,4.0,18.0,0.0,0.0,0.0
PROP-7197A6282BD6,6.25,6.5,4.0,19.5,0.0,0.25,0.0
PROP-3143F4C78A5B,4.0,4.25,3.5,18.0,0.0,0.0,-0.4
PROP-9168BEDEC251,4.0,4.25,4.0,18.0,0.0,0.0,0.0
PROP-24DE646CD6CB,4.0,4.25,3.5,18.0,0.0,0.0,-0.4
PROP-9DD6A9B800EF,6.0,6.25,4.0,19.25,-0.25,-0.5,0.0
PROP-B5975F159C2A,4.0,4.25,3.0,18.0,0.0,-0.4,-1.75
PROP-90E513F2632D,5.15,5.4,4.0,18.5,-0.25,-0.6,-1.35
PROP-86368A439073,4.0,4.25,4.0,18.0,0.0,0.0,0.0
PROP-7FDC42678B20,4.0,4.25,3.0,18.0,0.0,0.0,-1.15
PROP-9915A1D72F87,5.15,5.4,4.0,18.5,-0.25,-0.6,-1.35
PROP-6E252FEB9228,4.0,4.25,3.5,18.0,0.0,0.0,-0.4
PROP-C693023D20CE,6.5,6.75,4.0,19.5,0.0,0.25,0.5
PROP-BE43BD9349E7,4.0,4.25,4.0,18.0,0.0,0.0,0.0
PROP-BBB3A01A2F49,4.9,5.15,4.5,18.0,0.0,0.9,0.9
PROP-CDD9F0E81E8B,4.0,4.25,3.0,18.0,0.0,-0.4,-1.75
PROP-EE7785AF3198,4.0,4.25,4.0,18.0,0.0,0.0,0.0
PROP-B45A9DB9A6BE,5.15,5.4,4.0,18.25,0.0,0.0,-1.35
PROP-326C6C985F63,4.9,5.15,4.5,18.0,0.0,0.9,0.9
PROP-6E308A3848DC,4.0,4.25,4.0,18.0,0.0,0.0,0.0
PROP-6AC69DB75285,6.5,6.75,4.0,19.5,0.0,0.25,0.5
PROP-DF62914A1C21,4.0,4.25,4.0,18.0,0.0,0.0,0.0
PROP-FACEF0CDBC40,4.0,4.25,4.0,18.0,0.0,0.0,0.0
PROP-210A86ED5C53,4.0,4.25,3.5,18.0,0.0,0.0,-0.4
PROP-65394814C748,5.9,6.15,4.5,18.0,0.0,1.0,1.9
PROP-9F8B8078E8AB,4.0,4.25,3.0,18.0,0.0,0.0,-1.15
PROP-805CA4E49AF9,6.5,6.75,4.0,19.25,0.0,0.0,0.5
PROP-6F692EA77FD7,6.0,6.25,4.0,19.25,-0.25,-0.5,0.0
PROP-C3C3DD7BAC6D,6.25,6.5,4.0,19.5,0.0,0.25,0.0
PROP-02E8AFD9D03D,5.15,5.4,4.0,18.25,0.0,0.0,-1.35
PROP-FFBA17B38C6B,6.5,6.75,4.0,19.5,0.0,0.25,0.5
PROP-9BD8D7FC0338,4.0,4.25,4.0,18.0,0.0,0.0,0.0
PROP-1A943C351940,6.25,6.5,4.0,19.5,0.0,0.25,0.0
PROP-004DC79AD105,5.9,6.15,4.5,18.0,0.0,1.0,1.9
PROP-C16D341D6EF0,4.0,4.25,3.5,18.0,0.0,0.0,-0.4
PROP-70A7D323941B,4.0,4.25,3.0,18.0,0.0,0.0,-1.15
PROP-33CC39148706,5.75,6.0,4.0,19.0,0.0,-0.25,-0.5
PROP-1BD0280AA7D1,4.0,4.25,4.0,18.0,0.0,0.0,0.0
PROP-4E40A6E12781,4.9,5.15,4.5,18.0,0.0,0.9,0.9
PROP-FC66B510CE3D,4.0,4.25,3.0,18.0,0.0,0.0,-1.15
PROP-F50233AB1AC7,6.0,6.25,4.0,19.25,-0.25,-0.5,0.0
PROP-B068806EA70D,6.0,6.25,4.0,19.5,0.0,0.0,-0.25
PROP-8163A15DD40E,5.75,6.0,4.0,19.0,0.0,-0.25,-0.5
PROP-5905BF0E5C9C,4.0,4.25,4.0,18.0,0.0,0.0,0.0
PROP-5FFA8A0307C4,4.4,4.65,3.0,18.0,0.0,-0.75,-1.6
PROP-AE415AC4EB4C,4.0,4.25,4.0,18.0,0.0,0.0,0.0
PROP-BCD526B10228,6.25,6.5,4.0,19.5,0.0,0.25,0.0
PROP-294D773C14CA,5.15,5.4,4.0,18.25,0.0,0.0,-1.35
PROP-E2CCF02552FC,4.0,4.25,3.0,18.0,0.0,0.0,-1.15
PROP-C4CAE18E1681,5.75,6.0,4.0,19.0,0.0,-0.25,-0.5
PROP-7A35692F509F,4.0,4.25,3.0,18.0,0.0,0.0,-1.15
PROP-BC8330249A03,4.0,4.25,4.0,18.0,0.0,0.0,0.0
PROP-56FEC141B396,5.15,5.4,4.0,18.25,0.0,0.0,-1.35
PROP-41D5CD3E6AB2,4.0,4.25,4.0,18.0,0.0,0.0,0.0
PROP-011B9EA260DF,4.0,4.25,4.0,18.0,0.0,0.0,0.0
PROP-1C1C6DDE60B6,5.15,5.4,4.0,18.5,-0.25,-0.6,-1.35
PROP-34F26F0C994B,6.0,6.25,4.0,19.25,-0.25,-0.5,0.0
PROP-4A67F7047825,5.9,6.15,4.5,18.0,0.0,1.0,1.9
PROP-8AA457591AFA,4.0,4.25,4.0,18.0,0.0,0.0,0.0
PROP-10722B862996,4.0,4.25,3.5,18.0,0.0,0.0,-0.4
PROP-B1637C52AA5D,6.5,6.75,4.0,19.25,0.0,0.0,0.5
PROP-181006B68D16,4.0,4.25,4.0,18.0,0.0,0.0,0.0
PROP-6A2733DC310A,4.0,4.25,4.0,18.0,0.0,0.0,0.0
PROP-71C5785DCEFE,6.0,6.25,4.0,19.5,0.0,0.0,-0.25
PROP-05D5D78C1691,5.15,5.4,4.0,18.5,-0.25,-0.6,-1.35
PROP-CE3A5ED9E3AF,6.25,6.5,4.0,19.5,0.0,0.25,0.0
PROP-0D886C89CD9D,4.0,4.25,4.0,18.0,0.0,0.0,0.0
PROP-A3BF2024CA4E,4.0,4.25,4.0,18.0,0.0,0.0,0.0
PROP-C98E71330F74,4.0,4.25,3.0,18.0,0.0,0.0,-1.15
PROP-CF6B7BF3AEEE,6.0,6.25,4.0,19.5,0.0,0.0,-0.25
PROP-ABDF466F2D18,4.0,4.25,3.0,18.0,0.0,0.0,-1.15
PROP-E39A4EACB3AD,4.0,4.25,4.0,18.0,0.0,0.0,0.0
PROP-E903BD6D9BF3,4.4,4.65,3.0,18.0,0.0,-0.75,-1.6
PROP-05B66A2E033D,5.15,5.4,4.0,18.25,0.0,0.0,-1.35
PROP-A07E55FE7E65,4.0,4.25,3.0,18.0,0.0,0.0,-1.15
PROP-8E3F8F22991B,4.0,4.25,3.0,18.0,0.0,-0.4,-1.75
PROP-3067E8994C5D,4.0,4.25,3.0,18.0,0.0,0.0,-1.15
PROP-5ADC07628DDA,6.0,6.25,4.0,19.5,0.0,0.0,-0.25
PROP-CDFCE58021F3,6.25,6.5,4.0,19.5,0.0,0.25,0.0
PROP-7ED1F20898BC,4.9,5.15,4.5,18.0,0.0,0.9,0.9
PROP-E4C5572B0BA9,4.0,4.25,3.0,18.0,0.0,-0.4,-1.75
PROP-C18D1BC8B18E,4.0,4.25,4.0,18.0,0.0,0.0,0.0
PROP-ABBEB7212498,4.0,4.25,3.0,18.0,0.0,0.0,-1.15
PROP-416C73A9AA74,6.25,6.5,4.0,19.5,0.0,0.25,0.0
PROP-1C683B788FD0,5.15,5.4,4.0,18.25,0.0,0.0,-1.35
PROP-8EEB66E4F8E8,6.5,6.75,4.0,19.25,0.0,0.0,0.5
PROP-D9C5C817D391,6.5,6.75,4.0,19.25,0.0,0.0,0.5
PROP-B12FE0BB2B6D,4.0,4.25,3.0,18.0,0.0,0.0,-1.15
PROP-AEA55AE649F6,4.0,4.25,4.0,18.0,0.0,0.0,0.0
PROP-93543A2B8291,4.9,5.15,4.5,18.0,0.0,0.9,0.9
PROP-744D1E603748,6.5,6.75,4.0,19.25,0.0,0.0,0.5
PROP-B0E1D5A3D00D,4.0,4.25,4.0,18.0,0.0,0.0,0.0
PROP-8646D64D4C66,4.0,4.25,4.0,18.0,0.0,0.0,0.0
PROP-BB2AE78A7387,4.0,4.25,4.0,18.0,0.0,0.0,0.0
PROP-8EBAD37B7F3D,6.0,6.25,4.0,19.5,0.0,0.0,-0.25
PROP-011944EFFB5E,5.15,5.4,4.0,18.5,-0.25,-0.6,-1.35
PROP-501A1D751129,4.0,4.25,4.0,18.0,0.0,0.0,0.0
PROP-BCC0C222E334,4.0,4.25,4.0,18.0,0.0,0.0,0.0
PROP-6EA54BEC92A3,5.15,5.4,4.0,18.25,0.0,0.0,-1.35
PROP-E1F533A9DDAA,5.15,5.4,4.0,18.25,0.0,0.0,-1.35
PROP-4F0E96BC6A10,4.0,4.25,4.0,18.0,0.0,0.0,0.0
PROP-69FED07F87E0,5.75,6.0,4.0,19.0,0.0,-0.25,-0.5
PROP-423F2FE3A365,5.15,5.4,4.0,18.5,-0.25,-0.6,-1.35
PROP-5A8890C42AC0,4.0,4.25,4.0,18.0,0.0,0.0,0.0
PROP-0869FCBFE47C,6.5,6.75,4.0,19.25,0.0,0.0,0.5
PROP-537F15EF00EF,4.0,4.25,4.0,18.0,0.0,0.0,0.0
PROP-93448E80A078,6.25,6.5,4.0,19.5,0.0,0.25,0.0
PROP-0DEB1B43D327,4.0,4.25,3.0,18.0,0.0,0.0,-1.15
PROP-3D873EF4519F,4.0,4.25,4.0,18.0,0.0,0.0,0.0
PROP-B3981928BFCA,6.5,6.75,4.0,19.25,0.0,0.0,0.5
PROP-D8157477C94F,4.0,4.25,3.0,18.0,0.0,-0.4,-1.75
PROP-AF3B2AF2507C,5.15,5.4,4.0,18.25,0.0,0.0,-1.35
PROP-166F31363997,5.15,5.4,4.0,18.25,0.0,0.0,-1.35
PROP-430FED6A40D4,5.15,5.4,4.0,18.5,-0.25,-0.6,-1.35
PROP-FCB8D88EF43B,4.0,4.25,3.0,18.0,0.0,-0.4,-1.75
PROP-EA3FF50F4F5A,4.0,4.25,3.0,18.0,0.0,0.0,-1.15
PROP-30AF4A6DFF3E,6.25,6.5,4.0,19.5,0.0,0.25,0.0
PROP-E225098DBDC4,6.5,6.75,4.0,19.5,0.0,0.25,0.5
PROP-9920FEDD3A27,4.9,5.15,4.5,18.0,0.0,0.9,0.9
PROP-579988082428,5.15,5.4,4.0,18.5,-0.25,-0.6,-1.35
PROP-31C47585D933,4.0,4.25,3.0,18.0,0.0,-0.4,-1.75
PROP-DDCECC3D63E1,5.75,6.0,4.0,19.0,0.0,-0.25,-0.5
PROP-7327C4A1A8FA,6.5,6.75,4.0,19.5,0.0,0.25,0.5
PROP-5B8F6284207D,6.0,6.25,4.0,19.25,-0.25,-0.5,0.0
PROP-2C2AE40FC5C0,6.25,6.5,4.0,19.5,0.0,0.25,0.0
PROP-8CC4148F3404,4.0,4.25,4.0,18.0,0.0,0.0,0.0
PROP-E64F63E8F473,4.4,4.65,3.0,18.0,0.0,-0.75,-1.6
PROP-B5651C43FEBC,4.0,4.25,3.0,18.0,0.0,0.0,-1.15
PROP-0928D776FEB4,5.75,6.0,4.0,19.0,0.0,-0.25,-0.5
PROP-C47AFE135C01,6.0,6.25,4.0,19.25,-0.25,-0.5,0.0
PROP-7F8937FBA807,4.0,4.25,3.5,18.0,0.0,0.0,-0.4
PROP-18DD35CAB17C,4.0,4.25,3.0,18.0,0.0,-0.4,-1.75
PROP-0A5F5FFB79DE,4.0,4.25,4.0,18.0,0.0,0.0,0.0
PROP-A16DD91B16DA,6.25,6.5,4.0,19.5,0.0,0.25,0.0
PROP-4DACDEBF125A,4.0,4.25,3.0,18.0,0.0,0.0,-1.15
PROP-AF3480DDEE4E,6.5,6.75,4.0,19.5,0.0,0.25,0.5
PROP-79906DB07764,5.75,6.0,4.0,19.0,0.0,-0.25,-0.5
PROP-13D40F06DE0D,4.0,4.25,4.0,18.0,0.0,0.0,0.0
PROP-7C1C116AD450,6.0,6.25,4.0,19.5,0.0,0.0,-0.25
PROP-B2F1D05BFBDA,4.0,4.25,3.0,18.0,0.0,0.0,-1.15
PROP-3C9771AF63DF,4.0,4.25,3.0,18.0,0.0,0.0,-1.15
PROP-3DC9EC0EE2DE,4.0,4.25,4.0,18.0,0.0,0.0,0.0
PROP-DCA04A6C3E69,4.0,4.25,3.0,18.0,0.0,0.0,-1.15
PROP-30976752E247,6.0,6.25,4.0,19.5,0.0,0.0,-0.25
PROP-429C134260E2,4.0,4.25,4.0,18.0,0.0,0.0,0.0
PROP-E296F8CAC605,5.15,5.4,4.0,18.5,-0.25,-0.6,-1.35
PROP-A5E5309BC018,4.0,4.25,3.5,18.0,0.0,0.0,-0.4
PROP-60AF2F5E2D6E,4.0,4.25,4.0,18.0,0.0,0.0,0.0
PROP-10A876A896EE,4.0,4.25,4.0,18.0,0.0,0.0,0.0
PROP-7B3ED79A67CC,4.0,4.25,4.0,18.0,0.0,0.0,0.0
PROP-5450DF896F56,4.0,4.25,4.0,18.0,0.0,0.0,0.0
PROP-3A2A5326E226,4.4,4.65,3.0,18.0,0.0,-0.75,-1.6
PROP-A244EF034DAD,4.4,4.65,3.0,18.0,0.0,-0.75,-1.6
PROP-5F21B89EA323,4.0,4.25,4.0,18.0,0.0,0.0,0.0
PROP-F8D2155010E8,6.5,6.75,4.0,19.25,0.0,0.0,0.5
PROP-7B86C0C7D9AC,5.15,5.4,4.0,18.25,0.0,0.0,-1.35
PROP-3D1754DD1E27,6.25,6.5,4.0,19.5,0.0,0.25,0.0
PROP-1B865F32BE69,4.0,4.25,4.0,18.0,0.0,0.0,0.0
PROP-F27830B5FF17,4.0,4.25,3.0,18.0,0.0,0.0,-1.15
PROP-DA8D58168EF1,5.15,5.4,4.0,18.25,0.0,0.0,-1.35
PROP-244D75650DD6,4.0,4.25,4.0,18.0,0.0,0.0,0.0
PROP-275918950F80,5.75,6.0,4.0,19.0,0.0,-0.25,-0.5
PROP-42750B0AC9E7,4.0,4.25,4.0,18.0,0.0,0.0,0.0
PROP-5FC8AF140803,4.0,4.25,4.0,18.0,0.0,0.0,0.0
PROP-765D96CB7524,4.0,4.25,4.0,18.0,0.0,0.0,0.0
PROP-CB7C7A2EC3EC,5.75,6.0,4.0,19.0,0.0,-0.25,-0.5
PROP-53F6F909B357,4.0,4.25,3.0,18.0,0.0,0.0,-1.15
PROP-914F918D19BF,6.5,6.75,4.0,19.5,0.0,0.25,0.5
PROP-373C19B9A8A8,4.0,4.25,3.5,18.0,0.0,0.0,-0.4
PROP-F13002390B25,4.0,4.25,4.0,18.0,0.0,0.0,0.0
PROP-88B20DA3C570,6.0,6.25,4.0,19.5,0.0,0.0,-0.25
PROP-F3B83EC076F5,5.15,5.4,4.0,18.5,-0.25,-0.6,-1.35
PROP-8FAE95FA881C,5.15,5.4,4.0,18.5,-0.25,-0.6,-1.35
PROP-ACAC730B3266,4.4,4.65,3.0,18.0,0.0,-0.75,-1.6
PROP-C804DE26AE01,5.15,5.4,4.0,18.25,0.0,0.0,-1.35
PROP-A7A9E7177451,6.5,6.75,4.0,19.25,0.0,0.0,0.5
PROP-AE86DAE6DFE0,4.9,5.15,4.5,18.0,0.0,0.9,0.9
PROP-938B026ADB25,4.4,4.65,3.0,18.0,0.0,-0.75,-1.6
PROP-CF34031FB8FB,5.75,6.0,4.0,19.0,0.0,-0.25,-0.5
PROP-A9F704DD5240,6.5,6.75,4.0,19.25,0.0,0.0,0.5
PROP-6BD54E2513A6,5.9,6.15,4.5,18.0,0.0,1.0,1.9
PROP-866C5B3A85D3,6.5,6.75,4.0,19.5,0.0,0.25,0.5
PROP-1D55F0B127E1,6.25,6.5,4.0,19.5,0.0,0.25,0.0
PROP-197072BC3BF8,6.0,6.25,4.0,19.25,-0.25,-0.5,0.0
PROP-6EC4DB2D807F,4.4,4.65,3.0,18.0,0.0,-0.75,-1.6
PROP-FC32ACAD00FB,5.15,5.4,4.0,18.25,0.0,0.0,-1.35
PROP-391AB2DFD8D0,4.9,5.15,4.5,18.0,0.0,0.9,0.9
PROP-F319A892B24C,4.9,5.15,4.5,18.0,0.0,0.9,0.9
PROP-F518A8B8D204,6.5,6.75,4.0,19.5,0.0,0.25,0.5
PROP-47C16C35BE75,5.15,5.4,4.0,18.5,-0.25,-0.6,-1.35
PROP-80EE771D3B17,6.0,6.25,4.0,19.25,-0.25,-0.5,0.0
PROP-88306DC02570,4.0,4.25,4.0,18.0,0.0,0.0,0.0
PROP-5160EE9675F0,4.0,4.25,3.0,18.0,0.0,0.0,-1.15
PROP-B08EFDEE7916,4.0,4.25,4.0,18.0,0.0,0.0,0.0
PROP-F33B8F73C561,4.0,4.25,4.0,18.0,0.0,0.0,0.0
PROP-B4DD1B13D459,6.0,6.25,4.0,19.25,-0.25,-0.5,0.0
PROP-F8FED3FC4783,6.5,6.75,4.0,19.25,0.0,0.0,0.5
PROP-FE38ED0DF772,6.0,6.25,4.0,19.25,-0.25,-0.5,0.0
PROP-DA83A996388A,4.0,4.25,4.0,18.0,0.0,0.0,0.0
PROP-1B3123E4021E,4.0,4.25,3.0,18.0,0.0,0.0,-1.15
PROP-56B4CCDEDC86,5.15,5.4,4.0,18.5,-0.25,-0.6,-1.35
PROP-070C5235DD76,4.0,4.25,3.0,18.0,0.0,-0.4,-1.75
PROP-AF626A182D9B,6.5,6.75,4.0,19.25,0.0,0.0,0.5
PROP-886B605EFC26,4.0,4.25,4.0,18.0,0.0,0.0,0.0
PROP-B47934F01E90,4.0,4.25,3.0,18.0,0.0,-0.4,-1.75
PROP-ED01607192D5,6.5,6.75,4.0,19.5,0.0,0.25,0.5
PROP-9EF36EDFF05D,4.0,4.25,4.0,18.0,0.0,0.0,0.0
PROP-054CB396F03A,6.5,6.75,4.0,19.25,0.0,0.0,0.5
PROP-CECE4FF6B272,5.75,6.0,4.0,19.0,0.0,-0.25,-0.5
PROP-109F9D5CA47D,4.0,4.25,3.5,18.0,0.0,0.0,-0.4
PROP-618B9006E23D,6.25,6.5,4.0,19.5,0.0,0.25,0.0
PROP-E891C85EBEF3,4.0,4.25,4.0,18.0,0.0,0.0,0.0
PROP-17234F70D5D2,5.9,6.15,4.5,18.0,0.0,1.0,1.9
PROP-D0A481C2F239,4.4,4.65,3.0,18.0,0.0,-0.75,-1.6
PROP-B3EDE0BA6CCE,5.75,6.0,4.0,19.0,0.0,-0.25,-0.5
PROP-F115A8D5342C,4.0,4.25,3.5,18.0,0.0,0.0,-0.4
PROP-9AB364256979,4.0,4.25,4.0,18.0,0.0,0.0,0.0
PROP-CB90EB7A95DD,4.0,4.25,3.0,18.0,0.0,0.0,-1.15
PROP-E6502BC58654,6.25,6.5,4.0,19.5,0.0,0.25,0.0
PROP-52E80E78B39D,4.0,4.25,4.0,18.0,0.0,0.0,0.0
PROP-B8308072DC3F,4.0,4.25,4.0,18.0,0.0,0.0,0.0
PROP-721F253C8832,6.5,6.75,4.0,19.25,0.0,0.0,0.5
PROP-0F4DB54E495A,6.0,6.25,4.0,19.5,0.0,0.0,-0.25
PROP-5456B6DC1BE7,5.9,6.15,4.5,18.0,0.0,1.0,1.9
PROP-B3BFC85FABCD,6.0,6.25,4.0,19.5,0.0,0.0,-0.25
PROP-6CBF85435B33,4.4,4.65,3.0,18.0,0.0,-0.75,-1.6
PROP-2474EF8FDD5E,6.0,6.25,4.0,19.25,-0.25,-0.5,0.0
PROP-6C88132DD7DA,5.9,6.15,4.5,18.0,0.0,1.0,1.9
PROP-B8EF5FE37873,5.15,5.4,4.0,18.5,-0.25,-0.6,-1.35
PROP-A0926C8687DA,4.0,4.25,3.0,18.0,0.0,0.0,-1.15
PROP-27BF8EE1221C,6.5,6.75,4.0,19.5,0.0,0.25,0.5
PROP-0A6E9B6BFB15,4.0,4.25,3.0,18.0,0.0,0.0,-1.15
PROP-7690C7BCB0A1,4.0,4.25,3.0,18.0,0.0,0.0,-1.15
PROP-9914B33777DB,4.0,4.25,3.0,18.0,0.0,0.0,-1.15
PROP-621B3CA62162,4.0,4.25,4.0,18.0,0.0,0.0,0.0
PROP-C3F2609EEA8C,6.0,6.25,4.0,19.5,0.0,0.0,-0.25
PROP-7615AA818CBE,4.0,4.25,3.0,18.0,0.0,0.0,-1.15
PROP-F8F42C50510B,4.4,4.65,3.0,18.0,0.0,-0.75,-1.6
PROP-DD14DD5C8F4D,5.75,6.0,4.0,19.0,0.0,-0.25,-0.5
PROP-8C324C6FFBD0,4.0,4.25,3.0,18.0,0.0,-0.4,-1.75
PROP-86376275ABDA,4.0,4.25,4.0,18.0,0.0,0.0,0.0
PROP-2137CDA9DC01,6.5,6.75,4.0,19.25,0.0,0.0,0.5
PROP-E93E6CAD9BE4,6.5,6.75,4.0,19.5,0.0,0.25,0.5
PROP-E2CFF8E57B49,4.0,4.25,3.0,18.0,0.0,-0.4,-1.75
PROP-7B0DAF08E5C9,6.5,6.75,4.0,19.5,0.0,0.25,0.5
PROP-EEC215C822E5,6.5,6.75,4.0,19.25,0.0,0.0,0.5
PROP-E666E2BECD97,4.0,4.25,3.0,18.0,0.0,-0.4,-1.75
PROP-A5F4359956E0,4.0,4.25,3.0,18.0,0.0,0.0,-1.15
PROP-C14C31CC37E6,4.0,4.25,3.0,18.0,0.0,0.0,-1.15
PROP-D3B20FC42111,4.0,4.25,3.0,18.0,0.0,-0.4,-1.75
PROP-8E327D93A469,4.0,4.25,3.5,18.0,0.0,0.0,-0.4
PROP-A484BB5D99D2,5.75,6.0,4.0,19.0,0.0,-0.25,-0.5
PROP-46E328F09B33,6.5,6.75,4.0,19.5,0.0,0.25,0.5
PROP-000F83FE9CCB,5.75,6.0,4.0,19.0,0.0,-0.25,-0.5
PROP-0D6826279144,4.0,4.25,3.5,18.0,0.0,0.0,-0.4
PROP-0054BB6461A9,5.75,6.0,4.0,19.0,0.0,-0.25,-0.5
PROP-D99980C0DC28,4.9,5.15,4.5,18.0,0.0,0.9,0.9
PROP-FFE89674B128,4.0,4.25,4.0,18.0,0.0,0.0,0.0
PROP-31D52F4EE288,4.0,4.25,4.0,18.0,0.0,0.0,0.0
PROP-11EB377AB0C7,4.0,4.25,4.0,18.0,0.0,0.0,0.0
PROP-E556AF33ECCF,6.25,6.5,4.0,19.5,0.0,0.25,0.0
PROP-1BEEACB67180,6.0,6.25,4.0,19.5,0.0,0.0,-0.25
PROP-2C62575E7A3B,6.0,6.25,4.0,19.5,0.0,0.0,-0.25
PROP-02F8B06E1EE1,4.0,4.25,3.0,18.0,0.0,0.0,-1.15
PROP-CC4B2F4C453B,6.0,6.25,4.0,19.5,0.0,0.0,-0.25
PROP-C3C79D59C5C7,4.0,4.25,3.0,18.0,0.0,0.0,-1.15
PROP-97AAC4FD2A9E,4.0,4.25,3.0,18.0,0.0,-0.4,-1.75
PROP-AF1D972643F9,6.5,6.75,4.0,19.5,0.0,0.25,0.5
PROP-448562E45FEB,4.9,5.15,4.5,18.0,0.0,0.9,0.9
PROP-D033F5FA4955,4.0,4.25,3.0,18.0,0.0,0.0,-1.15
PROP-D502E331212B,4.0,4.25,4.0,18.0,0.0,0.0,0.0
PROP-AA142916C2D7,5.15,5.4,4.0,18.25,0.0,0.0,-1.35
PROP-E6034D27A18B,4.4,4.65,3.0,18.0,0.0,-0.75,-1.6
PROP-AD41B20B07BE,4.9,5.15,4.5,18.0,0.0,0.9,0.9
PROP-5293DC90EAF3,4.0,4.25,4.0,18.0,0.0,0.0,0.0
PROP-58B6B828653F,5.15,5.4,4.0,18.25,0.0,0.0,-1.35
PROP-46804CCAF206,5.75,6.0,4.0,19.0,0.0,-0.25,-0.5
PROP-7706CEC1D9DB,4.0,4.25,3.0,18.0,0.0,0.0,-1.15
PROP-3F8C8D14694B,4.0,4.25,3.0,18.0,0.0,0.0,-1.15
PROP-349E42B581A3,4.0,4.25,4.0,18.0,0.0,0.0,0.0
PROP-144B4C5089D8,4.9,5.15,4.5,18.0,0.0,0.9,0.9
PROP-7B86E1A52925,5.15,5.4,4.0,18.25,0.0,0.0,-1.35
PROP-E920AD697385,5.75,6.0,4.0,19.0,0.0,-0.25,-0.5
PROP-5D2B0F65E1D2,5.15,5.4,4.0,18.5,-0.25,-0.6,-1.35
PROP-92BD1AA0286B,4.0,4.25,3.5,18.0,0.0,0.0,-0.4
PROP-AE51D0780330,4.4,4.65,3.0,18.0,0.0,-0.75,-1.6
PROP-AD2C1802153B,6.5,6.75,4.0,19.25,0.0,0.0,0.5
PROP-D5EFC95E1D6A,4.4,4.65,3.0,18.0,0.0,-0.75,-1.6
PROP-7A54ADB88C63,4.0,4.25,3.0,18.0,0.0,-0.4,-1.75
PROP-2A5FDA7321D1,4.0,4.25,4.0,18.0,0.0,0.0,0.0
PROP-78CA25D9FF74,4.0,4.25,4.0,18.0,0.0,0.0,0.0
PROP-A0B1332D5966,6.25,6.5,4.0,19.5,0.0,0.25,0.0
PROP-87128FBA73A2,4.0,4.25,4.0,18.0,0.0,0.0,0.0
PROP-B898D6D56A8A,4.0,4.25,3.0,18.0,0.0,0.0,-1.15
PROP-532DD9B45FBC,4.9,5.15,4.5,18.0,0.0,0.9,0.9
PROP-D51A08C8E61A,4.0,4.25,4.0,18.0,0.0,0.0,0.0
PROP-4532F2ED2E16,6.25,6.5,4.0,19.5,0.0,0.25,0.0
PROP-DE9E639EB734,5.75,6.0,4.0,19.0,0.0,-0.25,-0.5
PROP-082998E86F36,4.0,4.25,3.0,18.0,0.0,0.0,-1.15
PROP-353714768E45,5.15,5.4,4.0,18.25,0.0,0.0,-1.35
PROP-43FA7BBC8541,4.0,4.25,4.0,18.0,0.0,0.0,0.0
PROP-865E05E6D4E5,4.4,4.65,3.0,18.0,0.0,-0.75,-1.6
PROP-A0519AC68049,4.4,4.65,3.0,18.0,0.0,-0.75,-1.6
PROP-B2F201FAB826,6.0,6.25,4.0,19.5,0.0,0.0,-0.25
PROP-31A8A9065EFD,6.0,6.25,4.0,19.25,-0.25,-0.5,0.0
PROP-4E59CDB14DFE,5.15,5.4,4.0,18.25,0.0,0.0,-1.35
PROP-5782A7E55974,6.25,6.5,4.0,19.5,0.0,0.25,0.0
PROP-C087C69F08CB,5.15,5.4,4.0,18.25,0.0,0.0,-1.35
PROP-C5360D163D48,5.9,6.15,4.5,18.0,0.0,1.0,1.9
PROP-2E8DE7FA7019,5.75,6.0,4.0,19.0,0.0,-0.25,-0.5
PROP-21C9C49A43AA,4.0,4.25,4.0,18.0,0.0,0.0,0.0
PROP-FD98E4EFA813,6.25,6.5,4.0,19.5,0.0,0.25,0.0
PROP-39D6CB48BB13,5.15,5.4,4.0,18.5,-0.25,-0.6,-1.35
PROP-1B9E6879ED95,4.0,4.25,3.5,18.0,0.0,0.0,-0.4
PROP-8EC04728D5B8,4.0,4.25,4.0,18.0,0.0,0.0,0.0
PROP-215C4196173D,4.0,4.25,4.0,18.0,0.0,0.0,0.0
PROP-BF8849F70395,5.75,6.0,4.0,19.0,0.0,-0.25,-0.5
PROP-C0582A2C5621,4.0,4.25,4.0,18.0,0.0,0.0,0.0
PROP-F56428990AB5,6.5,6.75,4.0,19.5,0.0,0.25,0.5
PROP-E89532ADF70E,4.0,4.25,3.0,18.0,0.0,-0.4,-1.75
PROP-720A43184810,6.25,6.5,4.0,19.5,0.0,0.25,0.0
PROP-31F245BDBE64,4.4,4.65,3.0,18.0,0.0,-0.75,-1.6
PROP-2836C694AE48,4.0,4.25,3.5,18.0,0.0,0.0,-0.4
PROP-54DAFFF3CE29,4.4,4.65,3.0,18.0,0.0,-0.75,-1.6
PROP-E3E4024666E1,6.5,6.75,4.0,19.25,0.0,0.0,0.5
PROP-CF7D6A4DF2E0,4.0,4.25,4.0,18.0,0.0,0.0,0.0
PROP-E6D5108CBE1B,4.0,4.25,3.0,18.0,0.0,-0.4,-1.75
PROP-A1373E45A944,4.9,5.15,4.5,18.0,0.0,0.9,0.9
PROP-E397B2BA7DCD,4.0,4.25,4.0,18.0,0.0,0.0,0.0
PROP-4F859A2C5018,4.0,4.25,3.0,18.0,0.0,0.0,-1.15
PROP-0347AC001861,5.15,5.4,4.0,18.5,-0.25,-0.6,-1.35
PROP-9A4B4D800541,4.9,5.15,4.5,18.0,0.0,0.9,0.9
PROP-04AD50F89D92,4.0,4.25,4.0,18.0,0.0,0.0,0.0
PROP-02D1A7CE0717,6.25,6.5,4.0,19.5,0.0,0.25,0.0
PROP-7530A92995B0,6.5,6.75,4.0,19.5,0.0,0.25,0.5
PROP-BD736C59A703,6.0,6.25,4.0,19.25,-0.25,-0.5,0.0
PROP-79A54751D254,6.0,6.25,4.0,19.25,-0.25,-0.5,0.0
PROP-3F83F1BD7FDA,5.75,6.0,4.0,19.0,0.0,-0.25,-0.5
PROP-87D7BB1BE32C,6.0,6.25,4.0,19.25,-0.25,-0.5,0.0
PROP-A453D5A6A326,4.0,4.25,4.0,18.0,0.0,0.0,0.0
PROP-39D46431CE56,4.0,4.25,4.0,18.0,0.0,0.0,0.0
PROP-17373D0031FC,4.9,5.15,4.5,18.0,0.0,0.9,0.9
PROP-317A578CB85D,4.0,4.25,3.5,18.0,0.0,0.0,-0.4
PROP-34997F2EDB2E,4.0,4.25,4.0,18.0,0.0,0.0,0.0
PROP-CD293341359A,4.0,4.25,3.0,18.0,0.0,-0.4,-1.75
PROP-68C5F287BCEF,6.0,6.25,4.0,19.25,-0.25,-0.5,0.0
PROP-C45F365D03C2,4.0,4.25,3.0,18.0,0.0,0.0,-1.15
PROP-BB3935539634,6.0,6.25,4.0,19.25,-0.25,-0.5,0.0
PROP-BF5FE0FF7E79,6.0,6.25,4.0,19.25,-0.25,-0.5,0.0
PROP-9A0C24340C41,6.25,6.5,4.0,19.5,0.0,0.25,0.0
PROP-AD99D006E3BB,6.5,6.75,4.0,19.5,0.0,0.25,0.5
PROP-11F4A58E85E7,4.9,5.15,4.5,18.0,0.0,0.9,0.9
PROP-492710FE2FE9,5.9,6.15,4.5,18.0,0.0,1.0,1.9
PROP-37CDB807F063,4.0,4.25,4.0,18.0,0.0,0.0,0.0
PROP-8491B478B751,4.0,4.25,4.0,18.0,0.0,0.0,0.0
PROP-186924A2AFC3,6.5,6.75,4.0,19.5,0.0,0.25,0.5
PROP-D5C3AC84D657,4.4,4.65,3.0,18.0,0.0,-0.75,-1.6
PROP-3BBC89A16732,6.0,6.25,4.0,19.25,-0.25,-0.5,0.0
PROP-C12ABCEBD238,5.75,6.0,4.0,19.0,0.0,-0.25,-0.5
PROP-86886CC26900,6.5,6.75,4.0,19.5,0.0,0.25,0.5
PROP-6E849677FE4C,4.0,4.25,3.5,18.0,0.0,0.0,-0.4
PROP-0F7055F7C81D,4.0,4.25,3.0,18.0,0.0,0.0,-1.15
PROP-B81364E9BEE8,4.0,4.25,3.0,18.0,0.0,-0.4,-1.75
PROP-C91F4D58ED01,6.5,6.75,4.0,19.25,0.0,0.0,0.5
PROP-FFFC90643129,4.0,4.25,4.0,18.0,0.0,0.0,0.0
PROP-3558E699B391,4.0,4.25,4.0,18.0,0.0,0.0,0.0
PROP-B5414584AD53,6.5,6.75,4.0,19.5,0.0,0.25,0.5
PROP-876DF016207F,4.0,4.25,4.0,18.0,0.0,0.0,0.0
PROP-94CD1D63845B,6.25,6.5,4.0,19.5,0.0,0.25,0.0
PROP-4AAB40B43C83,5.15,5.4,4.0,18.5,-0.25,-0.6,-1.35
PROP-969A1B4A16FF,6.5,6.75,4.0,19.25,0.0,0.0,0.5
PROP-F207F90088B8,6.5,6.75,4.0,19.5,0.0,0.25,0.5
PROP-E3390D685D49,4.0,4.25,4.0,18.0,0.0,0.0,0.0
PROP-5F39155E6B70,6.0,6.25,4.0,19.5,0.0,0.0,-0.25
PROP-24B2BF83102B,4.0,4.25,4.0,18.0,0.0,0.0,0.0
PROP-502FF76D54EC,6.0,6.25,4.0,19.5,0.0,0.0,-0.25
PROP-F6EFC4780D70,5.75,6.0,4.0,19.0,0.0,-0.25,-0.5
PROP-A1F3B32ED30C,6.0,6.25,4.0,19.5,0.0,0.0,-0.25
PROP-4C708E0B2919,4.4,4.65,3.0,18.0,0.0,-0.75,-1.6
PROP-344EE9D7F3CA,6.0,6.25,4.0,19.25,-0.25,-0.5,0.0
PROP-B57DAD39324C,4.0,4.25,3.5,18.0,0.0,0.0,-0.4
PROP-2995AF65DF58,5.75,6.0,4.0,19.0,0.0,-0.25,-0.5
PROP-CEADB7303C32,5.9,6.15,4.5,18.0,0.0,1.0,1.9
PROP-0BA20142D44B,4.0,4.25,3.0,18.0,0.0,-0.4,-1.75
PROP-522450F0370A,4.9,5.15,4.5,18.0,0.0,0.9,0.9
PROP-276ACFBC7826,4.4,4.65,3.0,18.0,0.0,-0.75,-1.6
PROP-4A01772014C3,6.25,6.5,4.0,19.5,0.0,0.25,0.0
PROP-CEE7DE526021,4.0,4.25,4.0,18.0,0.0,0.0,0.0
PROP-3BEE52688558,6.0,6.25,4.0,19.25,-0.25,-0.5,0.0
PROP-1D910B09F376,4.0,4.25,3.0,18.0,0.0,0.0,-1.15
PROP-B6B912B27F8A,6.5,6.75,4.0,19.5,0.0,0.25,0.5
PROP-1C6C3E1275FA,6.25,6.5,4.0,19.5,0.0,0.25,0.0
PROP-EB69BC3F1018,4.0,4.25,4.0,18.0,0.0,0.0,0.0
PROP-DAF531B11555,5.15,5.4,4.0,18.5,-0.25,-0.6,-1.35
PROP-6DEFE7398833,6.25,6.5,4.0,19.5,0.0,0.25,0.0
PROP-6309224243FF,4.0,4.25,4.0,18.0,0.0,0.0,0.0
PROP-BDA85CF43BCD,5.9,6.15,4.5,18.0,0.0,1.0,1.9
PROP-2AE41E0D5832,6.0,6.25,4.0,19.25,-0.25,-0.5,0.0
PROP-C288E69E424D,4.0,4.25,4.0,18.0,0.0,0.0,0.0
PROP-1E5AC3A07E08,5.9,6.15,4.5,18.0,0.0,1.0,1.9
PROP-3951EECC9F32,6.25,6.5,4.0,19.5,0.0,0.25,0.0
PROP-F26E1561AF68,5.15,5.4,4.0,18.25,0.0,0.0,-1.35
PROP-4718512F7D9D,4.4,4.65,3.0,18.0,0.0,-0.75,-1.6
PROP-89D7AE81A0C7,4.0,4.25,4.0,18.0,0.0,0.0,0.0
PROP-9656004BADE8,4.0,4.25,3.0,18.0,0.0,-0.4,-1.75
PROP-29F183B3A4C1,6.0,6.25,4.0,19.25,-0.25,-0.5,0.0
PROP-8F9EBDE4207B,5.9,6.15,4.5,18.0,0.0,1.0,1.9
PROP-B9545E2E72DE,6.0,6.25,4.0,19.5,0.0,0.0,-0.25
PROP-65CFFEFF148A,5.15,5.4,4.0,18.25,0.0,0.0,-1.35
PROP-2810861E6045,6.0,6.25,4.0,19.25,-0.25,-0.5,0.0
PROP-3B8E9D1E24A9,5.9,6.15,4.5,18.0,0.0,1.0,1.9
PROP-8FB336391049,4.0,4.25,3.0,18.0,0.0,0.0,-1.15
PROP-03A665518206,4.9,5.15,4.5,18.0,0.0,0.9,0.9
PROP-A8AA091D3765,5.9,6.15,4.5,18.0,0.0,1.0,1.9
PROP-2BCCFC6C46C2,4.0,4.25,3.5,18.0,0.0,0.0,-0.4
PROP-942C4D5108E9,4.0,4.25,3.0,18.0,0.0,0.0,-1.15
PROP-58BF8C98924C,5.15,5.4,4.0,18.25,0.0,0.0,-1.35
PROP-C085E6FAFB8D,5.15,5.4,4.0,18.25,0.0,0.0,-1.35
PROP-055D52DB8A40,4.9,5.15,4.5,18.0,0.0,0.9,0.9
PROP-C02A02654E4F,4.0,4.25,4.0,18.0,0.0,0.0,0.0
PROP-AF724A68646E,4.0,4.25,3.0,18.0,0.0,-0.4,-1.75
PROP-9B76E2C4485B,4.9,5.15,4.5,18.0,0.0,0.9,0.9
PROP-CABF5D5E61EA,6.0,6.25,4.0,19.25,-0.25,-0.5,0.0
PROP-670CED41C724,4.9,5.15,4.5,18.0,0.0,0.9,0.9
PROP-248AD4ACADA2,5.75,6.0,4.0,19.0,0.0,-0.25,-0.5
PROP-E393EDF503F7,4.0,4.25,4.0,18.0,0.0,0.0,0.0
PROP-B921D91C4326,4.0,4.25,3.5,18.0,0.0,0.0,-0.4
PROP-74C2B5DCAED1,6.0,6.25,4.0,19.25,-0.25,-0.5,0.0
PROP-490EC9007F50,6.5,6.75,4.0,19.5,0.0,0.25,0.5
PROP-77D222E888A0,5.75,6.0,4.0,19.0,0.0,-0.25,-0.5
PROP-B95CA6F29156,6.25,6.5,4.0,19.5,0.0,0.25,0.0
PROP-FC6EB0851788,4.0,4.25,3.0,18.0,0.0,0.0,-1.15
PROP-5166BEBEAF5D,4.0,4.25,4.0,18.0,0.0,0.0,0.0
PROP-A2BC7757CCE5,4.0,4.25,4.0,18.0,0.0,0.0,0.0
PROP-B7C9B2FD3AE4,4.9,5.15,4.5,18.0,0.0,0.9,0.9
PROP-53910BB2B719,4.0,4.25,3.5,18.0,0.0,0.0,-0.4
PROP-3A2380B0356A,6.5,6.75,4.0,19.5,0.0,0.25,0.5
PROP-C254BA00DC36,6.25,6.5,4.0,19.5,0.0,0.25,0.0
PROP-78A1015958BC,6.0,6.25,4.0,19.25,-0.25,-0.5,0.0
PROP-41AFECC2E8E9,4.4,4.65,3.0,18.0,0.0,-0.75,-1.6
PROP-775199406D45,5.9,6.15,4.5,18.0,0.0,1.0,1.9
PROP-DE993DA312B1,6.5,6.75,4.0,19.5,0.0,0.25,0.5
PROP-64CA032C249C,6.5,6.75,4.0,19.5,0.0,0.25,0.5
PROP-EDE086559E7D,4.0,4.25,4.0,18.0,0.0,0.0,0.0
PROP-FA87404672E6,4.0,4.25,3.0,18.0,0.0,0.0,-1.15
PROP-C82E8386B4C1,4.4,4.65,3.0,18.0,0.0,-0.75,-1.6
PROP-7FBE2EF38C9B,4.9,5.15,4.5,18.0,0.0,0.9,0.9
PROP-8874B9DB5717,5.75,6.0,4.0,19.0,0.0,-0.25,-0.5
PROP-827F6557D270,4.0,4.25,4.0,18.0,0.0,0.0,0.0
PROP-1F9B80A719CA,6.25,6.5,4.0,19.5,0.0,0.25,0.0
PROP-D2C2ED463174,4.0,4.25,4.0,18.0,0.0,0.0,0.0
PROP-3F4B477ADB24,6.25,6.5,4.0,19.5,0.0,0.25,0.0
PROP-30BD78551065,5.75,6.0,4.0,19.0,0.0,-0.25,-0.5
PROP-1DB058445F92,4.0,4.25,3.0,18.0,0.0,0.0,-1.15
PROP-026A71048289,4.4,4.65,3.0,18.0,0.0,-0.75,-1.6
PROP-1097521459E0,4.0,4.25,3.0,18.0,0.0,0.0,-1.15
PROP-DF60A9405CA5,4.0,4.25,4.0,18.0,0.0,0.0,0.0
PROP-EDA16578D837,4.0,4.25,4.0,18.0,0.0,0.0,0.0
PROP-300306230741,5.75,6.0,4.0,19.0,0.0,-0.25,-0.5
PROP-304A1042AD0F,4.0,4.25,4.0,18.0,0.0,0.0,0.0
PROP-84463C1CB1C0,6.25,6.5,4.0,19.5,0.0,0.25,0.0
PROP-DDD63719F0F1,6.5,6.75,4.0,19.5,0.0,0.25,0.5
PROP-6B6A61420914,6.0,6.25,4.0,19.25,-0.25,-0.5,0.0
PROP-2DAC96B3CFAC,4.0,4.25,3.0,18.0,0.0,-0.4,-1.75
PROP-05AA56EC4D8C,5.15,5.4,4.0,18.25,0.0,0.0,-1.35
PROP-EC8684684380,5.75,6.0,4.0,19.0,0.0,-0.25,-0.5
PROP-C90C19E3EB9B,6.5,6.75,4.0,19.25,0.0,0.0,0.5
PROP-138DEDBF7F6C,4.9,5.15,4.5,18.0,0.0,0.9,0.9
PROP-8627EC85F2E3,6.0,6.25,4.0,19.25,-0.25,-0.5,0.0
PROP-22E24A465423,6.25,6.5,4.0,19.5,0.0,0.25,0.0
PROP-5139B7AB7AC6,6.0,6.25,4.0,19.5,0.0,0.0,-0.25
PROP-F6F76866A8FD,5.15,5.4,4.0,18.5,-0.25,-0.6,-1.35
PROP-B089FFF823FC,4.0,4.25,4.0,18.0,0.0,0.0,0.0
PROP-9F32BAD72B66,4.0,4.25,4.0,18.0,0.0,0.0,0.0
PROP-6D4356BDD3B1,4.0,4.25,4.0,18.0,0.0,0.0,0.0
PROP-5DEB68ED3FE3,4.0,4.25,4.0,18.0,0.0,0.0,0.0
PROP-E1B04EAF72FF,4.9,5.15,4.5,18.0,0.0,0.9,0.9
PROP-EFAECB9DC87C,4.9,5.15,4.5,18.0,0.0,0.9,0.9
PROP-371B6EC504E1,5.15,5.4,4.0,18.5,-0.25,-0.6,-1.35
PROP-DFE353FF9498,4.0,4.25,4.0,18.0,0.0,0.0,0.0
PROP-43D3695B69D5,6.0,6.25,4.0,19.5,0.0,0.0,-0.25
PROP-3F9F2A95E6EA,4.4,4.65,3.0,18.0,0.0,-0.75,-1.6
PROP-466BEC3BB073,4.0,4.25,3.0,18.0,0.0,0.0,-1.15
PROP-DB0F25EA142A,4.0,4.25,4.0,18.0,0.0,0.0,0.0
PROP-753E2D64EBBD,4.0,4.25,3.0,18.0,0.0,-0.4,-1.75
PROP-A1A1B7BF6F52,4.0,4.25,4.0,18.0,0.0,0.0,0.0
PROP-8EE7D58507F9,5.15,5.4,4.0,18.25,0.0,0.0,-1.35
PROP-825A71539F5B,4.0,4.25,3.0,18.0,0.0,0.0,-1.15
PROP-417814A90A36,5.75,6.0,4.0,19.0,0.0,-0.25,-0.5
PROP-485906FC0CFF,5.15,5.4,4.0,18.5,-0.25,-0.6,-1.35
PROP-57F6A1B53A2B,6.25,6.5,4.0,19.5,0.0,0.25,0.0
PROP-A1FA0032D0F3,4.0,4.25,4.0,18.0,0.0,0.0,0.0
PROP-BC5673AB9291,6.5,6.75,4.0,19.5,0.0,0.25,0.5
PROP-D6354C3BA88B,5.9,6.15,4.5,18.0,0.0,1.0,1.9
PROP-C730D7DEE520,5.15,5.4,4.0,18.25,0.0,0.0,-1.35
PROP-9172B887D6C6,6.5,6.75,4.0,19.5,0.0,0.25,0.5
PROP-29F1187A4C85,6.0,6.25,4.0,19.5,0.0,0.0,-0.25
PROP-E1DF078F7223,4.0,4.25,4.0,18.0,0.0,0.0,0.0
PROP-18BCEBD362CA,4.4,4.65,3.0,18.0,0.0,-0.75,-1.6
PROP-671CB4740F4C,4.9,5.15,4.5,18.0,0.0,0.9,0.9
PROP-07A6C8DFEB83,4.0,4.25,3.0,18.0,0.0,-0.4,-1.75
PROP-05B0CBFEF2FC,4.0,4.25,4.0,18.0,0.0,0.0,0.0
PROP-B2553FB306D4,6.0,6.25,4.0,19.25,-0.25,-0.5,0.0
PROP-697826FB8CB1,6.25,6.5,4.0,19.5,0.0,0.25,0.0
PROP-339ECFF9C129,6.25,6.5,4.0,19.5,0.0,0.25,0.0
PROP-6A85C1DFF278,4.0,4.25,3.5,18.0,0.0,0.0,-0.4
PROP-80E0D98F4571,5.15,5.4,4.0,18.5,-0.25,-0.6,-1.35
PROP-F1B68A04FB76,5.75,6.0,4.0,19.0,0.0,-0.25,-0.5
PROP-23E3D1FF3595,4.4,4.65,3.0,18.0,0.0,-0.75,-1.6
PROP-F4F3A5B7BDB1,5.75,6.0,4.0,19.0,0.0,-0.25,-0.5
PROP-4948295BA310,4.0,4.25,4.0,18.0,0.0,0.0,0.0
PROP-B32E875090F4,4.0,4.25,4.0,18.0,0.0,0.0,0.0
PROP-CE3CC3FCD100,4.0,4.25,4.0,18.0,0.0,0.0,0.0
PROP-AF658B045BF6,6.0,6.25,4.0,19.25,-0.25,-0.5,0.0
PROP-D898B35E591C,4.0,4.25,3.0,18.0,0.0,-0.4,-1.75
PROP-CA769F6374E5,4.0,4.25,4.0,18.0,0.0,0.0,0.0
PROP-D7E616E98581,4.9,5.15,4.5,18.0,0.0,0.9,0.9
PROP-2545D532FD55,4.0,4.25,3.5,18.0,0.0,0.0,-0.4
PROP-22969ED05159,6.25,6.5,4.0,19.5,0.0,0.25,0.0
PROP-6412B52E3148,6.0,6.25,4.0,19.25,-0.25,-0.5,0.0
PROP-3ECEE77778EE,4.0,4.25,4.0,18.0,0.0,0.0,0.0
PROP-95E9C779A01A,6.0,6.25,4.0,19.25,-0.25,-0.5,0.0
PROP-FFEC30F2ADA3,4.0,4.25,3.0,18.0,0.0,0.0,-1.15
PROP-592E49168369,6.5,6.75,4.0,19.25,0.0,0.0,0.5
PROP-18A696004844,4.0,4.25,3.0,18.0,0.0,0.0,-1.15
PROP-EC0963432BCE,4.0,4.25,3.0,18.0,0.0,0.0,-1.15
PROP-9744590F1E52,6.5,6.75,4.0,19.25,0.0,0.0,0.5
PROP-2F19C007C7F3,4.0,4.25,3.0,18.0,0.0,0.0,-1.15
PROP-F6F914757C16,4.0,4.25,3.0,18.0,0.0,-0.4,-1.75
PROP-F227640628E9,4.0,4.25,3.5,18.0,0.0,0.0,-0.4
PROP-6776C0975A2B,5.75,6.0,4.0,19.0,0.0,-0.25,-0.5
PROP-98A8B2BB53AB,4.0,4.25,3.0,18.0,0.0,0.0,-1.15
PROP-063887EF4EBB,4.0,4.25,4.0,18.0,0.0,0.0,0.0
PROP-5EA803A39B06,6.0,6.25,4.0,19.5,0.0,0.0,-0.25
PROP-AC16C8AF3BAC,5.75,6.0,4.0,19.0,0.0,-0.25,-0.5
PROP-CC06B13CD106,4.0,4.25,4.0,18.0,0.0,0.0,0.0
PROP-491D885B82F7,4.0,4.25,3.0,18.0,0.0,-0.4,-1.75
PROP-67080D8B716F,4.0,4.25,4.0,18.0,0.0,0.0,0.0
PROP-1A574C7FB910,6.25,6.5,4.0,19.5,0.0,0.25,0.0
PROP-337BC26D5D64,5.75,6.0,4.0,19.0,0.0,-0.25,-0.5
PROP-7FC83FB071E5,5.15,5.4,4.0,18.25,0.0,0.0,-1.35
PROP-A5914486DAF1,4.0,4.25,4.0,18.0,0.0,0.0,0.0
PROP-C4771A55FE86,4.4,4.65,3.0,18.0,0.0,-0.75,-1.6
PROP-577F6378425E,4.9,5.15,4.5,18.0,0.0,0.9,0.9
PROP-6F933B8A3FC5,6.25,6.5,4.0,19.5,0.0,0.25,0.0
PROP-E6724D2A60ED,4.0,4.25,3.0,18.0,0.0,0.0,-1.15
PROP-3C32D0A221E9,4.0,4.25,3.0,18.0,0.0,-0.4,-1.75
PROP-6397DEBD05A3,5.15,5.4,4.0,18.25,0.0,0.0,-1.35
PROP-2B7405395DDA,5.75,6.0,4.0,19.0,0.0,-0.25,-0.5
PROP-EA742AF80E7B,6.5,6.75,4.0,19.5,0.0,0.25,0.5
PROP-2B8E154AC143,4.0,4.25,3.0,18.0,0.0,0.0,-1.15
PROP-DE2AEB41BFD8,4.0,4.25,4.0,18.0,0.0,0.0,0.0
PROP-5462E0A213AD,4.0,4.25,4.0,18.0,0.0,0.0,0.0
PROP-BCC365F2F97E,6.5,6.75,4.0,19.5,0.0,0.25,0.5
PROP-D6AE7FCA87DB,5.15,5.4,4.0,18.5,-0.25,-0.6,-1.35
PROP-26C52C663B86,4.0,4.25,3.5,18.0,0.0,0.0,-0.4
PROP-6F36F3D95790,4.0,4.25,4.0,18.0,0.0,0.0,0.0
PROP-71F21EA6AB4F,5.15,5.4,4.0,18.25,0.0,0.0,-1.35
PROP-9D398A4B5039,6.0,6.25,4.0,19.5,0.0,0.0,-0.25
PROP-FDC367C92088,4.0,4.25,3.0,18.0,0.0,0.0,-1.15
PROP-EB26BD8A703E,4.0,4.25,4.0,18.0,0.0,0.0,0.0
PROP-1CC28C7E79D8,6.5,6.75,4.0,19.25,0.0,0.0,0.5
PROP-A2F691E09926,6.0,6.25,4.0,19.25,-0.25,-0.5,0.0
PROP-037D07D23B1F,4.0,4.25,3.0,18.0,0.0,0.0,-1.15
PROP-98A8DEC685FD,5.9,6.15,4.5,18.0,0.0,1.0,1.9
PROP-918C8D3141B3,4.0,4.25,3.5,18.0,0.0,0.0,-0.4
PROP-1FC054B5A2B9,5.9,6.15,4.5,18.0,0.0,1.0,1.9
PROP-B338633F756E,5.75,6.0,4.0,19.0,0.0,-0.25,-0.5
PROP-97B3BF9DCA10,4.9,5.15,4.5,18.0,0.0,0.9,0.9
PROP-09ACCDC24E7E,4.0,4.25,3.5,18.0,0.0,0.0,-0.4
PROP-E571DE6B9D12,4.0,4.25,4.0,18.0,0.0,0.0,0.0
PROP-C892285CF309,6.5,6.75,4.0,19.5,0.0,0.25,0.5
PROP-AF537D1D7432,4.0,4.25,4.0,18.0,0.0,0.0,0.0
PROP-1F428B5DD71D,4.0,4.25,3.0,18.0,0.0,0.0,-1.15
PROP-F7B007E83648,6.0,6.25,4.0,19.25,-0.25,-0.5,0.0
PROP-9D67C53B5FCD,6.5,6.75,4.0,19.25,0.0,0.0,0.5
PROP-90DCDFE1E7FC,5.15,5.4,4.0,18.5,-0.25,-0.6,-1.35
PROP-88AFF6C04B96,4.0,4.25,3.5,18.0,0.0,0.0,-0.4
PROP-87C6C057C876,6.5,6.75,4.0,19.5,0.0,0.25,0.5
PROP-0AAAF2214FBF,4.0,4.25,3.0,18.0,0.0,0.0,-1.15
PROP-021C20117171,4.0,4.25,3.5,18.0,0.0,0.0,-0.4
PROP-A85C29EA0461,5.15,5.4,4.0,18.25,0.0,0.0,-1.35
PROP-AB6CEC64C758,5.15,5.4,4.0,18.5,-0.25,-0.6,-1.35
PROP-E91BC4A16D52,4.0,4.25,3.0,18.0,0.0,-0.4,-1.75
PROP-3ABE9B74CA4A,4.0,4.25,3.5,18.0,0.0,0.0,-0.4
PROP-FD2471243D79,4.0,4.25,3.0,18.0,0.0,0.0,-1.15
PROP-589192F2663F,4.4,4.65,3.0,18.0,0.0,-0.75,-1.6
PROP-AAE9745D884F,4.0,4.25,3.0,18.0,0.0,0.0,-1.15
PROP-919C38CDEB64,4.9,5.15,4.5,18.0,0.0,0.9,0.9
PROP-3079F5CAE693,4.0,4.25,4.0,18.0,0.0,0.0,0.0
PROP-49EDA638686D,5.9,6.15,4.5,18.0,0.0,1.0,1.9
PROP-5EC67FE490B1,4.0,4.25,3.5,18.0,0.0,0.0,-0.4
PROP-8372DD59954B,5.15,5.4,4.0,18.5,-0.25,-0.6,-1.35
PROP-B78EA546136E,4.0,4.25,4.0,18.0,0.0,0.0,0.0
PROP-10EBC1AF3314,6.0,6.25,4.0,19.25,-0.25,-0.5,0.0
PROP-91577F5078AF,4.0,4.25,3.0,18.0,0.0,-0.4,-1.75
PROP-752066893640,4.0,4.25,4.0,18.0,0.0,0.0,0.0
PROP-1A203977B532,5.15,5.4,4.0,18.25,0.0,0.0,-1.35
PROP-423E36414E36,4.0,4.25,3.0,18.0,0.0,-0.4,-1.75
PROP-5BB4D1CA1E74,6.5,6.75,4.0,19.25,0.0,0.0,0.5
PROP-7784AA982EB1,6.5,6.75,4.0,19.5,0.0,0.25,0.5
PROP-87C29BDE37F4,4.0,4.25,3.0,18.0,0.0,-0.4,-1.75
PROP-90A340E314CE,4.0,4.25,4.0,18.0,0.0,0.0,0.0
PROP-4DE255D9874F,4.0,4.25,3.5,18.0,0.0,0.0,-0.4
PROP-66DDEE66EC14,4.0,4.25,4.0,18.0,0.0,0.0,0.0
PROP-A0F3F132ED91,4.0,4.25,4.0,18.0,0.0,0.0,0.0
PROP-2F3AFC26AC5D,4.0,4.25,3.0,18.0,0.0,0.0,-1.15
PROP-95A0856F2CBD,5.9,6.15,4.5,18.0,0.0,1.0,1.9
PROP-581E2CA19152,4.0,4.25,3.0,18.0,0.0,0.0,-1.15
PROP-4AB772F330F2,4.0,4.25,3.0,18.0,0.0,0.0,-1.15
PROP-8458584BFFDE,6.5,6.75,4.0,19.25,0.0,0.0,0.5
PROP-C7D886B2692C,6.5,6.75,4.0,19.25,0.0,0.0,0.5
PROP-166A5C71ABDE,5.9,6.15,4.5,18.0,0.0,1.0,1.9
PROP-B88B557C1EE7,4.0,4.25,4.0,18.0,0.0,0.0,0.0
PROP-D96DCB96FD6C,4.0,4.25,3.0,18.0,0.0,0.0,-1.15
PROP-9DD035420498,4.4,4.65,3.0,18.0,0.0,-0.75,-1.6
PROP-2CE110C764E1,4.0,4.25,3.5,18.0,0.0,0.0,-0.4
PROP-6572469CF4F8,4.0,4.25,4.0,18.0,0.0,0.0,0.0
PROP-1DE2678D7DF3,5.15,5.4,4.0,18.5,-0.25,-0.6,-1.35
PROP-1900A53A5797,5.9,6.15,4.5,18.0,0.0,1.0,1.9
PROP-AF7182B504D7,4.0,4.25,3.5,18.0,0.0,0.0,-0.4
PROP-C786AD732AC5,5.9,6.15,4.5,18.0,0.0,1.0,1.9
PROP-85B544C42D6A,4.0,4.25,3.5,18.0,0.0,0.0,-0.4
PROP-C8320EBC2571,4.0,4.25,4.0,18.0,0.0,0.0,0.0
PROP-2906EBA5F74A,6.0,6.25,4.0,19.25,-0.25,-0.5,0.0
PROP-5C148AD92881,4.0,4.25,3.0,18.0,0.0,0.0,-1.15
PROP-91EA358AEE1D,6.5,6.75,4.0,19.25,0.0,0.0,0.5
PROP-45699144E3F2,4.4,4.65,3.0,18.0,0.0,-0.75,-1.6
PROP-1C6226A9650C,4.0,4.25,3.0,18.0,0.0,0.0,-1.15
PROP-C2668816BCF4,4.0,4.25,3.0,18.0,0.0,-0.4,-1.75
PROP-D254968A23F2,4.0,4.25,4.0,18.0,0.0,0.0,0.0
PROP-55C98188415A,5.15,5.4,4.0,18.5,-0.25,-0.6,-1.35
PROP-5BFCE4FA191D,4.0,4.25,4.0,18.0,0.0,0.0,0.0
PROP-A76744E50E9F,4.9,5.15,4.5,18.0,0.0,0.9,0.9
PROP-501FA7CEF531,4.0,4.25,3.0,18.0,0.0,0.0,-1.15
PROP-2D2947021574,4.9,5.15,4.5,18.0,0.0,0.9,0.9
PROP-171D0AA3A495,6.0,6.25,4.0,19.5,0.0,0.0,-0.25
PROP-2FE51C302F3D,5.15,5.4,4.0,18.5,-0.25,-0.6,-1.35
PROP-79C6269829F8,6.0,6.25,4.0,19.25,-0.25,-0.5,0.0
PROP-FE3ED2ACA687,4.4,4.65,3.0,18.0,0.0,-0.75,-1.6
PROP-93D108CC9162,6.0,6.25,4.0,19.5,0.0,0.0,-0.25
PROP-ED9F58EB3A93,4.0,4.25,4.0,18.0,0.0,0.0,0.0
PROP-40C0BE1FFB73,4.0,4.25,3.0,18.0,0.0,0.0,-1.15
PROP-2E15DA7D7553,4.9,5.15,4.5,18.0,0.0,0.9,0.9
PROP-5CC41943D8F6,4.0,4.25,4.0,18.0,0.0,0.0,0.0
PROP-135A6D3E54DC,4.0,4.25,4.0,18.0,0.0,0.0,0.0
PROP-3C95DF87A297,4.0,4.25,4.0,18.0,0.0,0.0,0.0
PROP-FDBE5D36C0FB,5.15,5.4,4.0,18.5,-0.25,-0.6,-1.35
PROP-9D66E1E7753D,4.0,4.25,3.0,18.0,0.0,0.0,-1.15
PROP-C7604EBC7C71,4.0,4.25,4.0,18.0,0.0,0.0,0.0
PROP-F32D6FCDC0B2,6.0,6.25,4.0,19.25,-0.25,-0.5,0.0
PROP-E51D406F01ED,4.0,4.25,4.0,18.0,0.0,0.0,0.0
PROP-F6A0FCFF19A8,4.0,4.25,3.0,18.0,0.0,-0.4,-1.75
PROP-F532821AF89B,4.9,5.15,4.5,18.0,0.0,0.9,0.9
PROP-CB472A0DEDE7,6.0,6.25,4.0,19.5,0.0,0.0,-0.25
PROP-BDA3D667571A,4.0,4.25,3.5,18.0,0.0,0.0,-0.4
PROP-1AC30FC50CEE,4.0,4.25,4.0,18.0,0.0,0.0,0.0
PROP-064FA285B64A,6.0,6.25,4.0,19.25,-0.25,-0.5,0.0
PROP-ADE77CDDCEB2,6.5,6.75,4.0,19.25,0.0,0.0,0.5
PROP-E15306B330EC,4.0,4.25,4.0,18.0,0.0,0.0,0.0
PROP-38E38E927DA9,4.0,4.25,4.0,18.0,0.0,0.0,0.0
PROP-7938EA75A90A,5.15,5.4,4.0,18.5,-0.25,-0.6,-1.35
PROP-CD5E24F8A91B,6.0,6.25,4.0,19.5,0.0,0.0,-0.25
PROP-9530378D73CC,5.15,5.4,4.0,18.5,-0.25,-0.6,-1.35
PROP-5A7E7D1F8D36,6.5,6.75,4.0,19.5,0.0,0.25,0.5
PROP-01FF8A958C15,5.75,6.0,4.0,19.0,0.0,-0.25,-0.5
PROP-1D241C964D3C,5.9,6.15,4.5,18.0,0.0,1.0,1.9
PROP-D24EA453C26F,4.0,4.25,4.0,18.0,0.0,0.0,0.0
PROP-EE0F5C489510,4.0,4.25,3.0,18.0,0.0,0.0,-1.15
PROP-B1F0AC202FBF,4.0,4.25,4.0,18.0,0.0,0.0,0.0
PROP-57C4B72A2360,4.0,4.25,4.0,18.0,0.0,0.0,0.0
PROP-B44787B2A5AC,6.25,6.5,4.0,19.5,0.0,0.25,0.0
PROP-9F9CD17B3777,4.4,4.65,3.0,18.0,0.0,-0.75,-1.6
PROP-1C8BEE79FD58,5.15,5.4,4.0,18.5,-0.25,-0.6,-1.35
PROP-A3F0CACEB2D6,5.15,5.4,4.0,18.25,0.0,0.0,-1.35
PROP-E7327AC40417,4.0,4.25,3.0,18.0,0.0,-0.4,-1.75
PROP-F20D8AB4BF0B,4.4,4.65,3.0,18.0,0.0,-0.75,-1.6
PROP-59D59B672881,6.25,6.5,4.0,19.5,0.0,0.25,0.0
PROP-0C83897129E6,4.0,4.25,3.5,18.0,0.0,0.0,-0.4
PROP-0839FDE6F72D,4.0,4.25,4.0,18.0,0.0,0.0,0.0
PROP-3C7171809FEC,4.0,4.25,4.0,18.0,0.0,0.0,0.0
PROP-4E34FC58FA1B,4.0,4.25,3.0,18.0,0.0,0.0,-1.15
PROP-8DB720414ECB,4.0,4.25,4.0,18.0,0.0,0.0,0.0
PROP-7FEBAED88B19,4.0,4.25,4.0,18.0,0.0,0.0,0.0
PROP-9846DBD399EA,5.75,6.0,4.0,19.0,0.0,-0.25,-0.5
PROP-0F112E6A5A21,6.25,6.5,4.0,19.5,0.0,0.25,0.0
PROP-74659F76F1E8,4.0,4.25,3.0,18.0,0.0,0.0,-1.15
PROP-E4A634446AF0,4.0,4.25,3.0,18.0,0.0,0.0,-1.15
PROP-9BB2FF54999F,6.0,6.25,4.0,19.5,0.0,0.0,-0.25
PROP-8168456A27DD,4.0,4.25,3.5,18.0,0.0,0.0,-0.4
PROP-45D3624AB043,6.0,6.25,4.0,19.5,0.0,0.0,-0.25
PROP-772CE5F4B001,4.0,4.25,4.0,18.0,0.0,0.0,0.0
PROP-721CB24F52B8,5.15,5.4,4.0,18.5,-0.25,-0.6,-1.35
PROP-5E8B2612A1C7,6.25,6.5,4.0,19.5,0.0,0.25,0.0
PROP-56E18B518F18,4.4,4.65,3.0,18.0,0.0,-0.75,-1.6
PROP-5F2AD249503E,5.9,6.15,4.5,18.0,0.0,1.0,1.9
PROP-33109E46D18F,4.0,4.25,3.5,18.0,0.0,0.0,-0.4
PROP-3879314D82F9,5.9,6.15,4.5,18.0,0.0,1.0,1.9
PROP-ACA53D1062A9,6.0,6.25,4.0,19.5,0.0,0.0,-0.25
PROP-F647B271E4D3,4.0,4.25,4.0,18.0,0.0,0.0,0.0
PROP-F59C21708A05,5.15,5.4,4.0,18.25,0.0,0.0,-1.35
PROP-A5BF3C603337,4.0,4.25,3.0,18.0,0.0,0.0,-1.15
PROP-5B664E732CF2,6.5,6.75,4.0,19.5,0.0,0.25,0.5
PROP-F37A7FC3D42F,4.0,4.25,4.0,18.0,0.0,0.0,0.0
PROP-BA00165BA618,4.0,4.25,4.0,18.0,0.0,0.0,0.0
PROP-57C979AF07B5,6.0,6.25,4.0,19.25,-0.25,-0.5,0.0
PROP-7AB08C389689,4.0,4.25,3.5,18.0,0.0,0.0,-0.4
PROP-0BCE5A63F79F,5.15,5.4,4.0,18.5,-0.25,-0.6,-1.35
PROP-8DFDF60DA2DB,4.4,4.65,3.0,18.0,0.0,-0.75,-1.6
PROP-3FB96DAE3156,6.0,6.25,4.0,19.25,-0.25,-0.5,0.0
PROP-D4598DE9AD0F,5.15,5.4,4.0,18.5,-0.25,-0.6,-1.35
PROP-D7C93697E9ED,6.5,6.75,4.0,19.25,0.0,0.0,0.5
PROP-92ADE24BC13B,4.0,4.25,3.5,18.0,0.0,0.0,-0.4
PROP-8EB239A35BD7,6.0,6.25,4.0,19.25,-0.25,-0.5,0.0
PROP-47E17FB9F068,5.15,5.4,4.0,18.5,-0.25,-0.6,-1.35
PROP-0E82F79CEC91,6.5,6.75,4.0,19.25,0.0,0.0,0.5
PROP-D839EAD6DEA0,6.5,6.75,4.0,19.25,0.0,0.0,0.5
PROP-9C32ECCE86E2,4.0,4.25,4.0,18.0,0.0,0.0,0.0
PROP-0A0676ED7549,6.0,6.25,4.0,19.25,-0.25,-0.5,0.0
PROP-021993314423,4.0,4.25,3.5,18.0,0.0,0.0,-0.4
PROP-3EB1E4B323EC,4.0,4.25,3.0,18.0,0.0,-0.4,-1.75
PROP-4A8DD0976019,4.0,4.25,4.0,18.0,0.0,0.0,0.0
PROP-4B104614C8CE,4.9,5.15,4.5,18.0,0.0,0.9,0.9
PROP-3BEBCDD966CA,4.9,5.15,4.5,18.0,0.0,0.9,0.9
PROP-B92BF5E9F3A0,4.0,4.25,4.0,18.0,0.0,0.0,0.0
PROP-7CA5F460D609,4.0,4.25,3.0,18.0,0.0,0.0,-1.15
PROP-32DF66064FA0,4.0,4.25,4.0,18.0,0.0,0.0,0.0
PROP-6F44CCDF3F9E,6.25,6.5,4.0,19.5,0.0,0.25,0.0
PROP-1A26A301B187,6.0,6.25,4.0,19.5,0.0,0.0,-0.25
PROP-9033BB02E76B,5.15,5.4,4.0,18.25,0.0,0.0,-1.35
PROP-F9A6BAE5DDB9,4.0,4.25,3.5,18.0,0.0,0.0,-0.4
PROP-C94114B710AA,6.25,6.5,4.0,19.5,0.0,0.25,0.0
PROP-D026A6E29EB8,6.5,6.75,4.0,19.5,0.0,0.25,0.5
PROP-EAD72DBD128D,5.75,6.0,4.0,19.0,0.0,-0.25,-0.5
PROP-04A488CD198B,4.0,4.25,3.0,18.0,0.0,0.0,-1.15
PROP-09A2FC1C658C,4.0,4.25,4.0,18.0,0.0,0.0,0.0
PROP-0EB0EEEBA031,4.0,4.25,4.0,18.0,0.0,0.0,0.0
PROP-8A4535AE6B4B,4.0,4.25,4.0,18.0,0.0,0.0,0.0
PROP-85C8DD302354,5.75,6.0,4.0,19.0,0.0,-0.25,-0.5
PROP-40F032D5DAB2,4.0,4.25,4.0,18.0,0.0,0.0,0.0
PROP-E26C3D2F033F,4.0,4.25,4.0,18.0,0.0,0.0,0.0
PROP-62AB68A0D7C2,4.0,4.25,4.0,18.0,0.0,0.0,0.0
PROP-31586FFF4D1D,4.4,4.65,3.0,18.0,0.0,-0.75,-1.6
PROP-AE6ABE2EEA94,4.0,4.25,4.0,18.0,0.0,0.0,0.0
PROP-2479A10B46F7,5.15,5.4,4.0,18.5,-0.25,-0.6,-1.35
PROP-466FADC109DD,6.0,6.25,4.0,19.5,0.0,0.0,-0.25
PROP-37BBC33774B4,4.0,4.25,3.5,18.0,0.0,0.0,-0.4
PROP-546D5DD509E5,4.0,4.25,3.0,18.0,0.0,0.0,-1.15
PROP-0360BCC24774,4.0,4.25,4.0,18.0,0.0,0.0,0.0
PROP-B97428457D11,6.5,6.75,4.0,19.25,0.0,0.0,0.5
PROP-4FF1536B4FD3,4.0,4.25,3.5,18.0,0.0,0.0,-0.4
PROP-D5395F35258F,4.0,4.25,4.0,18.0,0.0,0.0,0.0
PROP-1425ADB49A67,4.0,4.25,4.0,18.0,0.0,0.0,0.0
PROP-578EDCD9BD65,6.0,6.25,4.0,19.25,-0.25,-0.5,0.0
PROP-2B5B8DBD769E,6.5,6.75,4.0,19.25,0.0,0.0,0.5
PROP-55AF5D58549F,4.0,4.25,4.0,18.0,0.0,0.0,0.0
PROP-BAF8243F249D,6.5,6.75,4.0,19.5,0.0,0.25,0.5
PROP-DE18434F6E92,4.0,4.25,3.0,18.0,0.0,-0.4,-1.75
PROP-635463ED3C2B,6.5,6.75,4.0,19.25,0.0,0.0,0.5
PROP-6409F54AAB2B,4.9,5.15,4.5,18.0,0.0,0.9,0.9
PROP-8D57BAF62DD6,4.9,5.15,4.5,18.0,0.0,0.9,0.9
PROP-0E9D0052547F,4.0,4.25,4.0,18.0,0.0,0.0,0.0
PROP-B191D98E76ED,6.5,6.75,4.0,19.5,0.0,0.25,0.5
PROP-13126AC7D05F,4.0,4.25,4.0,18.0,0.0,0.0,0.0
PROP-D2D1C1A3962B,4.0,4.25,4.0,18.0,0.0,0.0,0.0
PROP-530B26BDECA0,4.0,4.25,3.0,18.0,0.0,0.0,-1.15
PROP-31E5DB63CB31,4.0,4.25,4.0,18.0,0.0,0.0,0.0
PROP-E81EB37E18BC,4.4,4.65,3.0,18.0,0.0,-0.75,-1.6
PROP-BBC309D74D48,4.0,4.25,3.0,18.0,0.0,-0.4,-1.75
PROP-A8F5F062F323,6.0,6.25,4.0,19.25,-0.25,-0.5,0.0
PROP-381795E8E25A,4.0,4.25,4.0,18.0,0.0,0.0,0.0
PROP-4EC06FDFCE9F,4.0,4.25,3.0,18.0,0.0,0.0,-1.15
PROP-9C302E09BB5E,4.0,4.25,3.0,18.0,0.0,-0.4,-1.75
PROP-EABB1E833498,4.0,4.25,3.0,18.0,0.0,-0.4,-1.75
PROP-B4C44F440428,4.9,5.15,4.5,18.0,0.0,0.9,0.9
PROP-648E574E128C,4.0,4.25,3.0,18.0,0.0,0.0,-1.15
PROP-1DAE96093D31,4.0,4.25,3.0,18.0,0.0,0.0,-1.15
PROP-34A29FB82E11,5.75,6.0,4.0,19.0,0.0,-0.25,-0.5
PROP-59143076D26D,4.4,4.65,3.0,18.0,0.0,-0.75,-1.6
PROP-A983A289BE38,4.9,5.15,4.5,18.0,0.0,0.9,0.9
PROP-B3A302861C58,4.0,4.25,4.0,18.0,0.0,0.0,0.0
PROP-AFC16C21FDE0,4.4,4.65,3.0,18.0,0.0,-0.75,-1.6
PROP-C7E7A337C3DC,6.5,6.75,4.0,19.25,0.0,0.0,0.5
PROP-17308953B31E,4.0,4.25,4.0,18.0,0.0,0.0,0.0
PROP-461788F56A9D,6.25,6.5,4.0,19.5,0.0,0.25,0.0
PROP-CC44D40084D5,4.0,4.25,4.0,18.0,0.0,0.0,0.0
PROP-D03F5B7DDE76,4.0,4.25,4.0,18.0,0.0,0.0,0.0
PROP-A15660666258,4.0,4.25,4.0,18.0,0.0,0.0,0.0
PROP-E17A2732FEB8,5.15,5.4,4.0,18.5,-0.25,-0.6,-1.35
PROP-341DC807930D,6.5,6.75,4.0,19.25,0.0,0.0,0.5
PROP-6DB85B83CF7E,4.0,4.25,4.0,18.0,0.0,0.0,0.0
PROP-1F260705FFC8,4.0,4.25,3.0,18.0,0.0,0.0,-1.15
PROP-487838313AD9,4.9,5.15,4.5,18.0,0.0,0.9,0.9
PROP-06CDF74DB27A,4.0,4.25,3.0,18.0,0.0,-0.4,-1.75
PROP-C2D038A58D86,4.0,4.25,3.0,18.0,0.0,0.0,-1.15
PROP-693DF0F31A6C,4.0,4.25,4.0,18.0,0.0,0.0,0.0
PROP-FEA0BBA45032,6.0,6.25,4.0,19.5,0.0,0.0,-0.25
PROP-8DEDB7D46C17,4.0,4.25,3.0,18.0,0.0,0.0,-1.15
PROP-C2C41031C75F,6.0,6.25,4.0,19.25,-0.25,-0.5,0.0
PROP-64542674D082,6.5,6.75,4.0,19.25,0.0,0.0,0.5
PROP-299BC9A63381,6.5,6.75,4.0,19.5,0.0,0.25,0.5
PROP-6901F0D7CD63,6.0,6.25,4.0,19.25,-0.25,-0.5,0.0
PROP-2474844863DD,6.0,6.25,4.0,19.25,-0.25,-0.5,0.0
PROP-FA0A1DDACC7A,4.9,5.15,4.5,18.0,0.0,0.9,0.9
PROP-BBC7A6288788,5.15,5.4,4.0,18.5,-0.25,-0.6,-1.35
PROP-2A8DEF7A3A35,4.0,4.25,4.0,18.0,0.0,0.0,0.0
PROP-2CF29FD220BC,6.0,6.25,4.0,19.5,0.0,0.0,-0.25
PROP-7E2790D8E452,4.0,4.25,3.0,18.0,0.0,-0.4,-1.75
PROP-9A0A9FB8C395,4.0,4.25,3.0,18.0,0.0,-0.4,-1.75
PROP-47BE2A821A17,4.0,4.25,3.0,18.0,0.0,0.0,-1.15
PROP-D03284431B92,4.0,4.25,4.0,18.0,0.0,0.0,0.0
PROP-7124AD0F7686,4.9,5.15,4.5,18.0,0.0,0.9,0.9
PROP-777514537905,4.0,4.25,3.0,18.0,0.0,0.0,-1.15
PROP-12DAA63051AC,4.0,4.25,3.5,18.0,0.0,0.0,-0.4
PROP-5B318ABDDC05,5.15,5.4,4.0,18.25,0.0,0.0,-1.35
PROP-BD9356A73BE2,4.0,4.25,3.0,18.0,0.0,0.0,-1.15
PROP-BE72621EF13D,5.15,5.4,4.0,18.5,-0.25,-0.6,-1.35
PROP-FD8D03AD50F4,5.75,6.0,4.0,19.0,0.0,-0.25,-0.5
PROP-D3E038C5D9DF,6.25,6.5,4.0,19.5,0.0,0.25,0.0
PROP-D503A4CAE357,6.0,6.25,4.0,19.25,-0.25,-0.5,0.0
PROP-1DF6AFB37F69,4.0,4.25,3.5,18.0,0.0,0.0,-0.4
PROP-43D64B87DAB3,4.0,4.25,3.5,18.0,0.0,0.0,-0.4
PROP-0D4F5382066D,6.0,6.25,4.0,19.5,0.0,0.0,-0.25
PROP-E7AA566E0036,4.0,4.25,4.0,18.0,0.0,0.0,0.0
PROP-5BC13B6F6240,5.15,5.4,4.0,18.25,0.0,0.0,-1.35
PROP-6521D7002DA4,6.0,6.25,4.0,19.5,0.0,0.0,-0.25
PROP-325E4B6FFFBC,4.0,4.25,4.0,18.0,0.0,0.0,0.0
PROP-490E7E3D0C6A,4.0,4.25,3.0,18.0,0.0,0.0,-1.15
PROP-6E2A09457F6C,5.75,6.0,4.0,19.0,0.0,-0.25,-0.5
PROP-D912889A53AD,6.0,6.25,4.0,19.5,0.0,0.0,-0.25
PROP-DEB0E650ADF6,6.0,6.25,4.0,19.5,0.0,0.0,-0.25
PROP-13402B1F43FA,6.25,6.5,4.0,19.5,0.0,0.25,0.0
PROP-DB46A25A0311,6.25,6.5,4.0,19.5,0.0,0.25,0.0
PROP-D8D37BD8DC6A,4.0,4.25,3.0,18.0,0.0,-0.4,-1.75
PROP-71CAD600CB7C,4.0,4.25,3.0,18.0,0.0,-0.4,-1.75
PROP-1D2D7912ED47,5.15,5.4,4.0,18.25,0.0,0.0,-1.35
PROP-D91D4AE660B2,6.5,6.75,4.0,19.5,0.0,0.25,0.5
PROP-9ACE908C69D6,6.25,6.5,4.0,19.5,0.0,0.25,0.0
PROP-2614E71E9E74,4.4,4.65,3.0,18.0,0.0,-0.75,-1.6
PROP-816F216D1D97,5.15,5.4,4.0,18.25,0.0,0.0,-1.35
PROP-BA379EA29F8A,4.0,4.25,4.0,18.0,0.0,0.0,0.0
PROP-9C9D09E0C3E6,5.75,6.0,4.0,19.0,0.0,-0.25,-0.5
PROP-89D4CD57EDCD,4.0,4.25,4.0,18.0,0.0,0.0,0.0
PROP-111FAEB76CBA,4.0,4.25,4.0,18.0,0.0,0.0,0.0
PROP-C0EC4B1D96FE,5.9,6.15,4.5,18.0,0.0,1.0,1.9
PROP-B33DA9C16BEF,4.0,4.25,3.0,18.0,0.0,-0.4,-1.75
PROP-6BF2D252C2DA,4.0,4.25,4.0,18.0,0.0,0.0,0.0
PROP-80D3A5FF4100,4.0,4.25,4.0,18.0,0.0,0.0,0.0
PROP-61CC50130B08,6.5,6.75,4.0,19.5,0.0,0.25,0.5
PROP-0C901391C25C,6.0,6.25,4.0,19.25,-0.25,-0.5,0.0
PROP-A962FCDD9632,5.75,6.0,4.0,19.0,0.0,-0.25,-0.5
PROP-62DA211A1C1F,4.0,4.25,3.0,18.0,0.0,0.0,-1.15
PROP-5BC55DAA10E5,4.0,4.25,3.5,18.0,0.0,0.0,-0.4
PROP-0121C77F5A4E,4.0,4.25,3.0,18.0,0.0,0.0,-1.15
PROP-314D3977183D,6.5,6.75,4.0,19.25,0.0,0.0,0.5
PROP-9EADCB2B541B,6.5,6.75,4.0,19.5,0.0,0.25,0.5
PROP-A0F16DB6A1BE,6.5,6.75,4.0,19.5,0.0,0.25,0.5
PROP-503C6CF97666,4.0,4.25,3.0,18.0,0.0,-0.4,-1.75
PROP-E38BEB8EC5C0,4.0,4.25,4.0,18.0,0.0,0.0,0.0
PROP-305677A70C55,4.0,4.25,4.0,18.0,0.0,0.0,0.0
PROP-C45DC18B193D,6.0,6.25,4.0,19.5,0.0,0.0,-0.25
PROP-7DBF5321D112,5.15,5.4,4.0,18.25,0.0,0.0,-1.35
PROP-6C745A9D5E98,4.0,4.25,3.0,18.0,0.0,0.0,-1.15
PROP-835EC271AAF7,6.5,6.75,4.0,19.25,0.0,0.0,0.5
PROP-1BDC4918488E,5.75,6.0,4.0,19.0,0.0,-0.25,-0.5
PROP-96E599CAD60A,4.0,4.25,4.0,18.0,0.0,0.0,0.0
PROP-22B0F1A91A93,4.0,4.25,3.0,18.0,0.0,0.0,-1.15
PROP-22128895B0AD,5.75,6.0,4.0,19.0,0.0,-0.25,-0.5
PROP-F84F89CBE06F,4.0,4.25,3.0,18.0,0.0,-0.4,-1.75
PROP-566F75496C08,4.9,5.15,4.5,18.0,0.0,0.9,0.9
PROP-DB22DB29A2E9,4.0,4.25,3.0,18.0,0.0,0.0,-1.15
PROP-BC837FF3F075,4.0,4.25,3.5,18.0,0.0,0.0,-0.4
PROP-8E88D43510BD,4.0,4.25,3.0,18.0,0.0,-0.4,-1.75
PROP-203BC01DEC90,4.0,4.25,3.0,18.0,0.0,-0.4,-1.75
PROP-CC1E67829850,6.25,6.5,4.0,19.5,0.0,0.25,0.0
PROP-436720C770AC,4.0,4.25,4.0,18.0,0.0,0.0,0.0
PROP-E65022117636,6.25,6.5,4.0,19.5,0.0,0.25,0.0
PROP-EB3776934754,4.0,4.25,3.0,18.0,0.0,0.0,-1.15
PROP-07308716FD7E,4.4,4.65,3.0,18.0,0.0,-0.75,-1.6
PROP-8DEFD37CF35A,6.25,6.5,4.0,19.5,0.0,0.25,0.0
PROP-993CB29F18A9,4.0,4.25,4.0,18.0,0.0,0.0,0.0
PROP-1BCF8879F26E,6.5,6.75,4.0,19.25,0.0,0.0,0.5
PROP-DB990F4BB5CC,6.0,6.25,4.0,19.25,-0.25,-0.5,0.0
PROP-4B388C46F83F,4.0,4.25,4.0,18.0,0.0,0.0,0.0
PROP-4C35D8688E03,4.4,4.65,3.0,18.0,0.0,-0.75,-1.6
PROP-3C8D6CD6E2D0,6.25,6.5,4.0,19.5,0.0,0.25,0.0
PROP-B002BF27AF4E,4.0,4.25,3.0,18.0,0.0,0.0,-1.15
PROP-283AFCF45ADA,6.0,6.25,4.0,19.25,-0.25,-0.5,0.0
PROP-A64C2496CB5D,5.75,6.0,4.0,19.0,0.0,-0.25,-0.5
PROP-EC43C80C6226,4.0,4.25,4.0,18.0,0.0,0.0,0.0
PROP-673A879CD2B7,5.15,5.4,4.0,18.5,-0.25,-0.6,-1.35
PROP-540CD18E8896,5.15,5.4,4.0,18.25,0.0,0.0,-1.35
PROP-789CDA94D692,6.0,6.25,4.0,19.5,0.0,0.0,-0.25
PROP-73B08B9A9702,6.5,6.75,4.0,19.25,0.0,0.0,0.5
PROP-B45048629E64,6.25,6.5,4.0,19.5,0.0,0.25,0.0
PROP-64DAB87B740A,4.0,4.25,3.5,18.0,0.0,0.0,-0.4
PROP-5A00403CB579,6.0,6.25,4.0,19.5,0.0,0.0,-0.25
PROP-A3CC9700A8E7,5.75,6.0,4.0,19.0,0.0,-0.25,-0.5
PROP-B4BD41FC9D88,4.0,4.25,4.0,18.0,0.0,0.0,0.0
PROP-E1F09BBE06D9,4.0,4.25,3.5,18.0,0.0,0.0,-0.4
PROP-09DB0D582464,4.0,4.25,3.0,18.0,0.0,-0.4,-1.75
PROP-9E0499A54B31,4.0,4.25,4.0,18.0,0.0,0.0,0.0
PROP-46DD05416648,4.0,4.25,4.0,18.0,0.0,0.0,0.0
PROP-DC1270E2AAAE,4.0,4.25,3.5,18.0,0.0,0.0,-0.4
PROP-E081C68C4308,4.4,4.65,3.0,18.0,0.0,-0.75,-1.6
PROP-493062AD276C,6.25,6.5,4.0,19.5,0.0,0.25,0.0
PROP-26342074A021,6.0,6.25,4.0,19.5,0.0,0.0,-0.25
PROP-998936C74914,4.0,4.25,4.0,18.0,0.0,0.0,0.0
PROP-69139F8D19D3,6.0,6.25,4.0,19.25,-0.25,-0.5,0.0
PROP-56A824516E0E,6.0,6.25,4.0,19.25,-0.25,-0.5,0.0
PROP-5D362742297B,5.9,6.15,4.5,18.0,0.0,1.0,1.9
PROP-BB9D56CBD160,4.4,4.65,3.0,18.0,0.0,-0.75,-1.6
PROP-2C4FC6B32994,5.9,6.15,4.5,18.0,0.0,1.0,1.9
PROP-7C444CF68EF4,4.9,5.15,4.5,18.0,0.0,0.9,0.9
PROP-F65CDB47D006,4.0,4.25,4.0,18.0,0.0,0.0,0.0
PROP-896211F77CB8,6.0,6.25,4.0,19.5,0.0,0.0,-0.25
PROP-1E83425845FB,6.5,6.75,4.0,19.25,0.0,0.0,0.5
PROP-8785216ED220,4.4,4.65,3.0,18.0,0.0,-0.75,-1.6
PROP-D0F118204253,4.0,4.25,3.0,18.0,0.0,0.0,-1.15
PROP-7DE0F80CE62A,5.9,6.15,4.5,18.0,0.0,1.0,1.9
PROP-946CE94986C5,6.5,6.75,4.0,19.5,0.0,0.25,0.5
PROP-1EEEB12BB907,4.0,4.25,3.0,18.0,0.0,0.0,-1.15
PROP-F1B69165C60F,4.0,4.25,3.0,18.0,0.0,0.0,-1.15
PROP-9CC42DF26DD8,4.0,4.25,3.0,18.0,0.0,0.0,-1.15
PROP-D5552C04BB76,6.5,6.75,4.0,19.5,0.0,0.25,0.5
PROP-0C8C10B9A3C1,4.0,4.25,4.0,18.0,0.0,0.0,0.0
PROP-A4DCFE0EAC96,6.5,6.75,4.0,19.25,0.0,0.0,0.5
PROP-1D373E240526,6.5,6.75,4.0,19.5,0.0,0.25,0.5
PROP-F494730E28A9,4.0,4.25,4.0,18.0,0.0,0.0,0.0
PROP-0E5F290C9DEE,6.0,6.25,4.0,19.5,0.0,0.0,-0.25
PROP-2F34A4BBC5AA,4.0,4.25,3.0,18.0,0.0,0.0,-1.15
PROP-ACED94DA07B7,4.4,4.65,3.0,18.0,0.0,-0.75,-1.6
PROP-4DA933FE177D,4.0,4.25,3.0,18.0,0.0,0.0,-1.15
PROP-D80B0F6A35CE,6.0,6.25,4.0,19.25,-0.25,-0.5,0.0
PROP-E083DFB6F12E,4.4,4.65,3.0,18.0,0.0,-0.75,-1.6
PROP-945788C81012,5.15,5.4,4.0,18.25,0.0,0.0,-1.35
PROP-88D1573A22CE,4.0,4.25,4.0,18.0,0.0,0.0,0.0
PROP-5B59C86825F0,4.9,5.15,4.5,18.0,0.0,0.9,0.9
PROP-60CF1F80A886,4.0,4.25,3.0,18.0,0.0,0.0,-1.15
PROP-49736CE66FDE,4.0,4.25,4.0,18.0,0.0,0.0,0.0
PROP-706C8B3FADF9,4.0,4.25,3.0,18.0,0.0,0.0,-1.15
PROP-9CEA864EAA31,6.25,6.5,4.0,19.5,0.0,0.25,0.0
PROP-F27ED39213F1,6.5,6.75,4.0,19.25,0.0,0.0,0.5
PROP-067392995ECB,6.25,6.5,4.0,19.5,0.0,0.25,0.0
PROP-07B9DE6FA8AA,6.5,6.75,4.0,19.5,0.0,0.25,0.5
PROP-E88DD6EC0E6F,5.75,6.0,4.0,19.0,0.0,-0.25,-0.5
PROP-B8CC8BC9B855,5.15,5.4,4.0,18.25,0.0,0.0,-1.35
PROP-3E81796D99BB,6.5,6.75,4.0,19.25,0.0,0.0,0.5
PROP-F97EF23F8DF2,5.15,5.4,4.0,18.5,-0.25,-0.6,-1.35
PROP-66DA886E4554,4.0,4.25,4.0,18.0,0.0,0.0,0.0
PROP-7D7F72506758,5.15,5.4,4.0,18.5,-0.25,-0.6,-1.35
PROP-54AF88406B90,4.0,4.25,3.0,18.0,0.0,-0.4,-1.75
PROP-AE774C5075CA,4.0,4.25,3.0,18.0,0.0,-0.4,-1.75
PROP-95B96521509A,6.5,6.75,4.0,19.5,0.0,0.25,0.5
PROP-737ACAF91D3C,5.9,6.15,4.5,18.0,0.0,1.0,1.9
PROP-17C67EC9DE73,4.0,4.25,4.0,18.0,0.0,0.0,0.0
PROP-027311593C98,4.4,4.65,3.0,18.0,0.0,-0.75,-1.6
PROP-F77F3ABC5A34,4.0,4.25,3.0,18.0,0.0,-0.4,-1.75
PROP-17D557164712,4.9,5.15,4.5,18.0,0.0,0.9,0.9
PROP-C81ADD1F4F86,4.0,4.25,3.5,18.0,0.0,0.0,-0.4
PROP-7B4C05D8D532,6.5,6.75,4.0,19.25,0.0,0.0,0.5
PROP-3E1BA0637E43,4.4,4.65,3.0,18.0,0.0,-0.75,-1.6
PROP-2588D57E3F08,4.0,4.25,4.0,18.0,0.0,0.0,0.0
PROP-84BADB93C853,6.0,6.25,4.0,19.25,-0.25,-0.5,0.0
PROP-E88915063F54,6.0,6.25,4.0,19.5,0.0,0.0,-0.25
PROP-1D2C2C8B9175,4.0,4.25,4.0,18.0,0.0,0.0,0.0
PROP-BC5A56D9FC6F,6.0,6.25,4.0,19.5,0.0,0.0,-0.25
PROP-085BCCEBECA4,4.0,4.25,4.0,18.0,0.0,0.0,0.0
PROP-E71CA268B3AF,6.25,6.5,4.0,19.5,0.0,0.25,0.0
PROP-96CE49B1C063,4.0,4.25,4.0,18.0,0.0,0.0,0.0
PROP-27C577E56D7C,5.9,6.15,4.5,18.0,0.0,1.0,1.9
PROP-DFA6BD8FCE49,4.0,4.25,3.0,18.0,0.0,-0.4,-1.75
PROP-7BC9FA2C6167,4.0,4.25,3.0,18.0,0.0,-0.4,-1.75
PROP-AE6296236410,5.15,5.4,4.0,18.5,-0.25,-0.6,-1.35
PROP-505C92B6E9B5,6.0,6.25,4.0,19.25,-0.25,-0.5,0.0
PROP-0ED3C3CDE540,6.5,6.75,4.0,19.25,0.0,0.0,0.5
PROP-6B0936BAB5AC,4.0,4.25,4.0,18.0,0.0,0.0,0.0
PROP-3F3E5A96C82A,5.75,6.0,4.0,19.0,0.0,-0.25,-0.5
PROP-4B132EEC6D13,5.9,6.15,4.5,18.0,0.0,1.0,1.9
PROP-15C5B800C578,6.0,6.25,4.0,19.5,0.0,0.0,-0.25
PROP-93C6AB98D198,4.9,5.15,4.5,18.0,0.0,0.9,0.9
PROP-5981BB81131B,6.25,6.5,4.0,19.5,0.0,0.25,0.0
PROP-6A6E18C98DDF,4.0,4.25,4.0,18.0,0.0,0.0,0.0
PROP-6DEA0788527A,6.25,6.5,4.0,19.5,0.0,0.25,0.0
PROP-5F40E236B52E,6.0,6.25,4.0,19.5,0.0,0.0,-0.25
PROP-EEB0E54037A8,6.25,6.5,4.0,19.5,0.0,0.25,0.0
PROP-6B66572B1AE7,6.0,6.25,4.0,19.25,-0.25,-0.5,0.0
PROP-18469450D903,6.0,6.25,4.0,19.5,0.0,0.0,-0.25
PROP-B490AB5C5B96,5.75,6.0,4.0,19.0,0.0,-0.25,-0.5
PROP-A1FA9A964144,4.4,4.65,3.0,18.0,0.0,-0.75,-1.6
PROP-A22CD6853327,5.75,6.0,4.0,19.0,0.0,-0.25,-0.5
PROP-977A02166A93,5.15,5.4,4.0,18.25,0.0,0.0,-1.35
PROP-F60507C8E72C,5.9,6.15,4.5,18.0,0.0,1.0,1.9
PROP-4516867759D2,4.0,4.25,4.0,18.0,0.0,0.0,0.0
PROP-0027D67BB0EE,6.0,6.25,4.0,19.25,-0.25,-0.5,0.0
PROP-E066AC78869E,5.15,5.4,4.0,18.25,0.0,0.0,-1.35
PROP-0CF405B80BB2,4.0,4.25,4.0,18.0,0.0,0.0,0.0
PROP-4EC41625DF5F,5.75,6.0,4.0,19.0,0.0,-0.25,-0.5
PROP-460755B1A442,4.4,4.65,3.0,18.0,0.0,-0.75,-1.6
PROP-6EBBCC38F4DA,4.4,4.65,3.0,18.0,0.0,-0.75,-1.6
PROP-B4D4286FD96C,4.0,4.25,3.0,18.0,0.0,-0.4,-1.75
PROP-F629F1259F4E,4.0,4.25,3.0,18.0,0.0,0.0,-1.15
PROP-E1B2A6122820,4.4,4.65,3.0,18.0,0.0,-0.75,-1.6
PROP-3AF565194F3F,4.0,4.25,3.5,18.0,0.0,0.0,-0.4
PROP-A8EA0197F157,4.0,4.25,3.0,18.0,0.0,0.0,-1.15
PROP-203BF7DBB39B,4.9,5.15,4.5,18.0,0.0,0.9,0.9
PROP-5D96A57E2A7C,4.0,4.25,4.0,18.0,0.0,0.0,0.0
PROP-FBFA5496B77F,4.0,4.25,4.0,18.0,0.0,0.0,0.0
PROP-F9C713750E26,5.15,5.4,4.0,18.5,-0.25,-0.6,-1.35
PROP-2287226AD709,5.15,5.4,4.0,18.5,-0.25,-0.6,-1.35
PROP-45A7D957EEEA,4.0,4.25,4.0,18.0,0.0,0.0,0.0
PROP-29AD9339357A,6.5,6.75,4.0,19.25,0.0,0.0,0.5
PROP-B02879EE23B0,6.5,6.75,4.0,19.25,0.0,0.0,0.5
PROP-98EDDDB8D98C,4.9,5.15,4.5,18.0,0.0,0.9,0.9
PROP-AA15042C7219,4.0,4.25,4.0,18.0,0.0,0.0,0.0
PROP-111932B52EC3,4.0,4.25,4.0,18.0,0.0,0.0,0.0
PROP-B1A09ADA28DF,6.25,6.5,4.0,19.5,0.0,0.25,0.0
PROP-E41BE26A5D3A,4.0,4.25,4.0,18.0,0.0,0.0,0.0
PROP-677933159E12,4.9,5.15,4.5,18.0,0.0,0.9,0.9
PROP-736F0F7ECE66,4.9,5.15,4.5,18.0,0.0,0.9,0.9
PROP-2E15CD005812,4.0,4.25,3.0,18.0,0.0,0.0,-1.15
PROP-35CE78BDB4B1,6.5,6.75,4.0,19.5,0.0,0.25,0.5
PROP-1DA65EA503C4,4.0,4.25,4.0,18.0,0.0,0.0,0.0
PROP-F2469D92EC15,4.0,4.25,4.0,18.0,0.0,0.0,0.0
PROP-C100792A8F9E,6.5,6.75,4.0,19.5,0.0,0.25,0.5
PROP-7F513831E928,4.0,4.25,4.0,18.0,0.0,0.0,0.0
PROP-F08529A6CED0,6.5,6.75,4.0,19.25,0.0,0.0,0.5
PROP-4BCCFD683CCA,4.0,4.25,3.5,18.0,0.0,0.0,-0.4
PROP-E88076D970F7,4.0,4.25,4.0,18.0,0.0,0.0,0.0
PROP-99C8DF98B74A,4.4,4.65,3.0,18.0,0.0,-0.75,-1.6
PROP-941B220C35BC,4.0,4.25,4.0,18.0,0.0,0.0,0.0
PROP-368C39C1D14E,4.0,4.25,4.0,18.0,0.0,0.0,0.0
PROP-D6C74FA93A75,6.5,6.75,4.0,19.25,0.0,0.0,0.5
PROP-F4A2C42EED61,4.0,4.25,4.0,18.0,0.0,0.0,0.0
PROP-98AAC4EB8BEF,4.0,4.25,3.0,18.0,0.0,-0.4,-1.75
PROP-365AF8E25D5E,5.75,6.0,4.0,19.0,0.0,-0.25,-0.5
PROP-4B65F4ECF3DA,5.9,6.15,4.5,18.0,0.0,1.0,1.9
PROP-AD2C3BA6B8AF,5.15,5.4,4.0,18.25,0.0,0.0,-1.35
PROP-DA52E8FA5683,4.0,4.25,4.0,18.0,0.0,0.0,0.0
PROP-AA715377617F,4.4,4.65,3.0,18.0,0.0,-0.75,-1.6
PROP-D05385B1A1BB,6.5,6.75,4.0,19.5,0.0,0.25,0.5
PROP-080C27F30D8B,5.9,6.15,4.5,18.0,0.0,1.0,1.9
PROP-3885FD20B73F,4.0,4.25,3.0,18.0,0.0,0.0,-1.15
PROP-FA732F59DB76,6.5,6.75,4.0,19.5,0.0,0.25,0.5
PROP-22C37FAAEEA0,4.0,4.25,3.0,18.0,0.0,-0.4,-1.75
PROP-A86B36358206,4.0,4.25,4.0,18.0,0.0,0.0,0.0
PROP-952C8A3AC769,5.75,6.0,4.0,19.0,0.0,-0.25,-0.5
PROP-04592CC1A786,4.0,4.25,4.0,18.0,0.0,0.0,0.0
PROP-32F8CCF20A89,6.0,6.25,4.0,19.25,-0.25,-0.5,0.0
PROP-1D068F142138,4.9,5.15,4.5,18.0,0.0,0.9,0.9
PROP-A20DB2C68C03,4.0,4.25,4.0,18.0,0.0,0.0,0.0
PROP-CE30F3B7EC54,6.5,6.75,4.0,19.5,0.0,0.25,0.5
PROP-EF60C8984AC5,6.5,6.75,4.0,19.5,0.0,0.25,0.5
PROP-D2FA16981CDA,5.75,6.0,4.0,19.0,0.0,-0.25,-0.5
PROP-A36A2656F40A,5.9,6.15,4.5,18.0,0.0,1.0,1.9
PROP-804A1F482204,4.0,4.25,4.0,18.0,0.0,0.0,0.0
PROP-8E55490792A9,6.25,6.5,4.0,19.5,0.0,0.25,0.0
PROP-5D6281E98FD4,5.15,5.4,4.0,18.25,0.0,0.0,-1.35
PROP-9ED48146E34C,4.0,4.25,4.0,18.0,0.0,0.0,0.0
PROP-D5B17C400F07,4.0,4.25,3.0,18.0,0.0,0.0,-1.15
PROP-7ECC2C869158,5.75,6.0,4.0,19.0,0.0,-0.25,-0.5
PROP-D2BEFF90081A,4.0,4.25,4.0,18.0,0.0,0.0,0.0
PROP-63BABEAAFB6D,6.25,6.5,4.0,19.5,0.0,0.25,0.0
PROP-74CC628FFD41,4.0,4.25,3.5,18.0,0.0,0.0,-0.4
PROP-D8C96099397F,4.0,4.25,4.0,18.0,0.0,0.0,0.0
PROP-E7368E0625D6,4.0,4.25,4.0,18.0,0.0,0.0,0.0
PROP-59E1590973CA,4.9,5.15,4.5,18.0,0.0,0.9,0.9
PROP-0CA1A1D3EF19,4.0,4.25,3.0,18.0,0.0,-0.4,-1.75
PROP-FFC65310856D,5.15,5.4,4.0,18.5,-0.25,-0.6,-1.35
PROP-B18F0A366BEC,4.0,4.25,4.0,18.0,0.0,0.0,0.0
PROP-A1A4F3F1A81C,4.0,4.25,3.0,18.0,0.0,0.0,-1.15
PROP-107448B5A7F5,4.0,4.25,4.0,18.0,0.0,0.0,0.0
PROP-516E12AF4DC1,6.25,6.5,4.0,19.5,0.0,0.25,0.0
PROP-62487C50DE9F,6.0,6.25,4.0,19.25,-0.25,-0.5,0.0
PROP-FB96CE784518,4.0,4.25,3.0,18.0,0.0,-0.4,-1.75
PROP-7756027E5DFD,4.0,4.25,4.0,18.0,0.0,0.0,0.0
PROP-E26DC4AC4AFE,4.9,5.15,4.5,18.0,0.0,0.9,0.9
PROP-F7AE73D7226F,5.9,6.15,4.5,18.0,0.0,1.0,1.9
PROP-A6B882B8A335,4.4,4.65,3.0,18.0,0.0,-0.75,-1.6
PROP-7233ADCA8D29,4.9,5.15,4.5,18.0,0.0,0.9,0.9
PROP-6EF67EE7C45D,4.0,4.25,3.0,18.0,0.0,-0.4,-1.75
PROP-E9FB481E43C2,4.0,4.25,4.0,18.0,0.0,0.0,0.0
PROP-BC55CB85C1E6,5.75,6.0,4.0,19.0,0.0,-0.25,-0.5
PROP-DA762AE69C22,6.25,6.5,4.0,19.5,0.0,0.25,0.0
PROP-16F41D634EB2,4.0,4.25,3.0,18.0,0.0,0.0,-1.15
PROP-193BAFA1ED97,4.4,4.65,3.0,18.0,0.0,-0.75,-1.6
PROP-388ECA168347,6.25,6.5,4.0,19.5,0.0,0.25,0.0
PROP-5D29BB782C49,4.9,5.15,4.5,18.0,0.0,0.9,0.9
PROP-47D2C877F3E5,4.0,4.25,4.0,18.0,0.0,0.0,0.0
PROP-7B279786F156,4.0,4.25,4.0,18.0,0.0,0.0,0.0
PROP-F16CD9CDFE37,5.75,6.0,4.0,19.0,0.0,-0.25,-0.5
PROP-E2546FA81F77,6.0,6.25,4.0,19.5,0.0,0.0,-0.25
PROP-8A898B0B1934,6.0,6.25,4.0,19.25,-0.25,-0.5,0.0
PROP-C4939E58D573,6.0,6.25,4.0,19.5,0.0,0.0,-0.25
PROP-F2AA264B8D16,5.9,6.15,4.5,18.0,0.0,1.0,1.9
PROP-FFB526F9366C,6.5,6.75,4.0,19.25,0.0,0.0,0.5
PROP-14BEF7143535,6.5,6.75,4.0,19.5,0.0,0.25,0.5
PROP-EA741C18FAA7,6.5,6.75,4.0,19.25,0.0,0.0,0.5
PROP-AC0BC70E61FF,6.5,6.75,4.0,19.25,0.0,0.0,0.5
PROP-6E62B28DE348,5.15,5.4,4.0,18.25,0.0,0.0,-1.35
PROP-27513331589D,4.9,5.15,4.5,18.0,0.0,0.9,0.9
PROP-B0080B54D31B,4.4,4.65,3.0,18.0,0.0,-0.75,-1.6
PROP-D0E846C7EF0A,6.5,6.75,4.0,19.5,0.0,0.25,0.5
PROP-713B37134582,6.5,6.75,4.0,19.25,0.0,0.0,0.5
PROP-8BF37DA5F676,4.4,4.65,3.0,18.0,0.0,-0.75,-1.6
PROP-19C7E955FE53,4.0,4.25,3.0,18.0,0.0,0.0,-1.15
PROP-09B71B11C580,5.15,5.4,4.0,18.5,-0.25,-0.6,-1.35
PROP-696891001472,6.5,6.75,4.0,19.5,0.0,0.25,0.5
PROP-964C3102FAEB,4.0,4.25,3.0,18.0,0.0,0.0,-1.15
PROP-C9A0FADFB8E8,6.5,6.75,4.0,19.25,0.0,0.0,0.5
PROP-942A1983749A,4.0,4.25,4.0,18.0,0.0,0.0,0.0
PROP-66D2A6B1C158,4.9,5.15,4.5,18.0,0.0,0.9,0.9
PROP-FF33430AF69C,4.4,4.65,3.0,18.0,0.0,-0.75,-1.6
PROP-875CA5DC339E,5.75,6.0,4.0,19.0,0.0,-0.25,-0.5
PROP-79033E001380,4.0,4.25,3.0,18.0,0.0,-0.4,-1.75
PROP-76C6EC2BC2BB,4.0,4.25,3.0,18.0,0.0,0.0,-1.15
PROP-BF34EF7DEECC,5.15,5.4,4.0,18.25,0.0,0.0,-1.35
PROP-730D0BAAA164,4.0,4.25,3.0,18.0,0.0,-0.4,-1.75
PROP-DB3DE001C15E,4.4,4.65,3.0,18.0,0.0,-0.75,-1.6
PROP-A2F87FB52CA3,4.0,4.25,4.0,18.0,0.0,0.0,0.0
PROP-5BF94237CA66,4.0,4.25,4.0,18.0,0.0,0.0,0.0
PROP-3B2BD0A90DB6,6.25,6.5,4.0,19.5,0.0,0.25,0.0
PROP-31C050DFCC1A,4.0,4.25,4.0,18.0,0.0,0.0,0.0
PROP-B4F6CEC7D9A3,4.0,4.25,3.0,18.0,0.0,0.0,-1.15
PROP-43E277CC801A,5.9,6.15,4.5,18.0,0.0,1.0,1.9
PROP-BADA10E731A6,4.0,4.25,3.0,18.0,0.0,0.0,-1.15
PROP-A1065DAB0208,5.75,6.0,4.0,19.0,0.0,-0.25,-0.5
PROP-5BA79494D60C,4.0,4.25,4.0,18.0,0.0,0.0,0.0
PROP-B5A1E1497BDC,4.0,4.25,4.0,18.0,0.0,0.0,0.0
PROP-B262AF5EA3F3,6.5,6.75,4.0,19.25,0.0,0.0,0.5
PROP-7CB3F00378EF,4.0,4.25,3.0,18.0,0.0,0.0,-1.15
PROP-F94AF2B07610,4.0,4.25,3.0,18.0,0.0,-0.4,-1.75
PROP-A820DE9D45C0,5.15,5.4,4.0,18.5,-0.25,-0.6,-1.35
PROP-DAA6439CD80C,4.0,4.25,3.0,18.0,0.0,0.0,-1.15
PROP-DCA5142ABC8A,4.0,4.25,3.0,18.0,0.0,0.0,-1.15
PROP-E76FF6C195A0,4.0,4.25,3.0,18.0,0.0,-0.4,-1.75
PROP-C24B9B7C938B,4.0,4.25,3.5,18.0,0.0,0.0,-0.4
PROP-25B7107E9963,5.75,6.0,4.0,19.0,0.0,-0.25,-0.5
PROP-2F785AACB870,5.9,6.15,4.5,18.0,0.0,1.0,1.9
PROP-3B0A6799747C,4.0,4.25,3.0,18.0,0.0,0.0,-1.15
PROP-A51D9E49FAE0,5.15,5.4,4.0,18.5,-0.25,-0.6,-1.35
PROP-B81C30CDC0B0,6.25,6.5,4.0,19.5,0.0,0.25,0.0
PROP-EB0F7795E93A,6.5,6.75,4.0,19.5,0.0,0.25,0.5
PROP-EC584D497F22,6.25,6.5,4.0,19.5,0.0,0.25,0.0
PROP-9D54C2D7578A,6.5,6.75,4.0,19.5,0.0,0.25,0.5
PROP-75502E246F3C,5.75,6.0,4.0,19.0,0.0,-0.25,-0.5
PROP-329431C8833C,6.5,6.75,4.0,19.5,0.0,0.25,0.5
PROP-F4BFAA10D3BF,5.9,6.15,4.5,18.0,0.0,1.0,1.9
PROP-910A86B354EA,6.0,6.25,4.0,19.5,0.0,0.0,-0.25
PROP-142316BC7658,4.0,4.25,3.0,18.0,0.0,0.0,-1.15
PROP-B1A3E26A31A5,4.0,4.25,3.0,18.0,0.0,0.0,-1.15
PROP-4DBF34AC52AB,4.0,4.25,4.0,18.0,0.0,0.0,0.0
PROP-8A3B92880ECF,6.25,6.5,4.0,19.5,0.0,0.25,0.0
PROP-CEEB57C8F217,5.9,6.15,4.5,18.0,0.0,1.0,1.9
PROP-C655596094E0,4.0,4.25,3.5,18.0,0.0,0.0,-0.4
PROP-18BD6CBA7319,6.0,6.25,4.0,19.5,0.0,0.0,-0.25
PROP-F3F0AF36CEB5,5.9,6.15,4.5,18.0,0.0,1.0,1.9
PROP-060EB0CE5E5D,5.15,5.4,4.0,18.25,0.0,0.0,-1.35
PROP-BBC294B4BB89,4.0,4.25,4.0,18.0,0.0,0.0,0.0
PROP-CDCB01BF45A9,6.5,6.75,4.0,19.25,0.0,0.0,0.5
PROP-CC908701004C,4.0,4.25,3.0,18.0,0.0,-0.4,-1.75
PROP-D60EB6C19181,5.15,5.4,4.0,18.25,0.0,0.0,-1.35
PROP-AA7DD4CA214A,6.0,6.25,4.0,19.5,0.0,0.0,-0.25
PROP-0D651ACE432F,4.9,5.15,4.5,18.0,0.0,0.9,0.9
PROP-C6218E2C7473,4.0,4.25,3.0,18.0,0.0,-0.4,-1.75
PROP-CEAAA6218846,5.9,6.15,4.5,18.0,0.0,1.0,1.9
PROP-F75F987391FF,6.0,6.25,4.0,19.25,-0.25,-0.5,0.0
PROP-9554FC39552B,6.25,6.5,4.0,19.5,0.0,0.25,0.0
PROP-7FEB6B5FB126,5.9,6.15,4.5,18.0,0.0,1.0,1.9
PROP-E0EEB75AB730,6.5,6.75,4.0,19.25,0.0,0.0,0.5
PROP-0D0AFF49BDA7,5.15,5.4,4.0,18.5,-0.25,-0.6,-1.35
PROP-422BB53367F7,6.5,6.75,4.0,19.5,0.0,0.25,0.5
PROP-BB35C118BF09,4.0,4.25,3.0,18.0,0.0,-0.4,-1.75
PROP-C31A25C746A6,4.9,5.15,4.5,18.0,0.0,0.9,0.9
PROP-8DD5FA1F7134,6.5,6.75,4.0,19.5,0.0,0.25,0.5
PROP-6B61EBC66B43,6.0,6.25,4.0,19.25,-0.25,-0.5,0.0
PROP-A0935BA79B98,6.5,6.75,4.0,19.5,0.0,0.25,0.5
PROP-7AF106BFC991,5.9,6.15,4.5,18.0,0.0,1.0,1.9
PROP-58AD1D4F3744,4.4,4.65,3.0,18.0,0.0,-0.75,-1.6
PROP-2B4958354D57,4.9,5.15,4.5,18.0,0.0,0.9,0.9
PROP-6EEE17A3961A,4.0,4.25,4.0,18.0,0.0,0.0,0.0
PROP-B4E3CB234C10,6.5,6.75,4.0,19.25,0.0,0.0,0.5
PROP-4FF8B12D06B2,4.0,4.25,3.0,18.0,0.0,0.0,-1.15
PROP-02CBB636AF5A,5.15,5.4,4.0,18.25,0.0,0.0,-1.35
PROP-E30D985EB363,4.0,4.25,4.0,18.0,0.0,0.0,0.0
PROP-7E1318C81954,4.0,4.25,4.0,18.0,0.0,0.0,0.0
PROP-641E643FE294,4.0,4.25,4.0,18.0,0.0,0.0,0.0
PROP-1C43D42360F5,6.5,6.75,4.0,19.5,0.0,0.25,0.5
PROP-942335B7E613,5.15,5.4,4.0,18.25,0.0,0.0,-1.35
PROP-69D748702D95,5.9,6.15,4.5,18.0,0.0,1.0,1.9
PROP-83728736BCEA,6.0,6.25,4.0,19.5,0.0,0.0,-0.25
PROP-783EA2990971,5.15,5.4,4.0,18.5,-0.25,-0.6,-1.35
PROP-32227F559805,5.15,5.4,4.0,18.5,-0.25,-0.6,-1.35
PROP-60C3EA0DC451,4.0,4.25,4.0,18.0,0.0,0.0,0.0
PROP-E97B6286DF61,6.0,6.25,4.0,19.25,-0.25,-0.5,0.0
PROP-8C435D551FD6,6.5,6.75,4.0,19.5,0.0,0.25,0.5
PROP-1D2E67A0CCB1,5.75,6.0,4.0,19.0,0.0,-0.25,-0.5
PROP-E415015A7013,4.0,4.25,4.0,18.0,0.0,0.0,0.0
PROP-C498969447F5,4.0,4.25,3.0,18.0,0.0,-0.4,-1.75
PROP-15712A4F0FB2,4.0,4.25,4.0,18.0,0.0,0.0,0.0
PROP-2880C3EF387A,5.75,6.0,4.0,19.0,0.0,-0.25,-0.5
PROP-63F830F9953B,4.0,4.25,4.0,18.0,0.0,0.0,0.0
PROP-D9ECC9A4371A,5.9,6.15,4.5,18.0,0.0,1.0,1.9
PROP-B2BE70A659C0,4.9,5.15,4.5,18.0,0.0,0.9,0.9
PROP-453880192B70,4.0,4.25,4.0,18.0,0.0,0.0,0.0
PROP-F07D3BE3DC33,4.4,4.65,3.0,18.0,0.0,-0.75,-1.6
PROP-B206DA88B844,4.0,4.25,3.0,18.0,0.0,-0.4,-1.75
PROP-6095B7102970,6.25,6.5,4.0,19.5,0.0,0.25,0.0
PROP-15BD4DD3855A,5.75,6.0,4.0,19.0,0.0,-0.25,-0.5
PROP-E4B1020E038F,6.0,6.25,4.0,19.25,-0.25,-0.5,0.0
PROP-9697CD0E473F,6.0,6.25,4.0,19.25,-0.25,-0.5,0.0
PROP-8C164DE8F4BC,6.5,6.75,4.0,19.5,0.0,0.25,0.5
PROP-DC4869CD2106,4.9,5.15,4.5,18.0,0.0,0.9,0.9
PROP-B654FA7A51FE,4.0,4.25,3.0,18.0,0.0,-0.4,-1.75
PROP-48A3BB461381,4.0,4.25,4.0,18.0,0.0,0.0,0.0
PROP-9FE99381E5D0,5.15,5.4,4.0,18.25,0.0,0.0,-1.35
PROP-600E5DF84307,4.0,4.25,4.0,18.0,0.0,0.0,0.0
PROP-19CCE9888FE7,5.75,6.0,4.0,19.0,0.0,-0.25,-0.5
PROP-1059468461A7,6.25,6.5,4.0,19.5,0.0,0.25,0.0
PROP-4E1BD6472933,4.0,4.25,4.0,18.0,0.0,0.0,0.0
PROP-CCFC6F176B99,6.25,6.5,4.0,19.5,0.0,0.25,0.0
PROP-837B82DE4BB0,4.4,4.65,3.0,18.0,0.0,-0.75,-1.6
PROP-4A2FF94B1A45,5.75,6.0,4.0,19.0,0.0,-0.25,-0.5
PROP-ECBE29724133,6.0,6.25,4.0,19.5,0.0,0.0,-0.25
PROP-84086977249E,5.15,5.4,4.0,18.5,-0.25,-0.6,-1.35
PROP-FE5C89D83284,4.0,4.25,4.0,18.0,0.0,0.0,0.0
PROP-79562456DF30,6.5,6.75,4.0,19.5,0.0,0.25,0.5
PROP-2F7223736C53,4.0,4.25,3.0,18.0,0.0,-0.4,-1.75
PROP-FDCF1BA5D4F2,6.0,6.25,4.0,19.25,-0.25,-0.5,0.0
PROP-184AB25EC4D9,4.0,4.25,4.0,18.0,0.0,0.0,0.0
PROP-49CD4C5A78C6,4.4,4.65,3.0,18.0,0.0,-0.75,-1.6
PROP-74F17D6890C6,6.5,6.75,4.0,19.25,0.0,0.0,0.5
PROP-0D02B5A8BB5C,4.0,4.25,4.0,18.0,0.0,0.0,0.0
PROP-105B6C63709E,6.5,6.75,4.0,19.5,0.0,0.25,0.5
PROP-9093ACEF37A4,6.25,6.5,4.0,19.5,0.0,0.25,0.0
PROP-AD589E2464E7,4.4,4.65,3.0,18.0,0.0,-0.75,-1.6
PROP-694B095BB6B3,4.9,5.15,4.5,18.0,0.0,0.9,0.9
PROP-28E712FDB87D,4.0,4.25,3.5,18.0,0.0,0.0,-0.4
PROP-12E866EBAC26,6.0,6.25,4.0,19.5,0.0,0.0,-0.25
PROP-44B0CD306317,5.15,5.4,4.0,18.5,-0.25,-0.6,-1.35
PROP-55492C01F01C,4.0,4.25,3.0,18.0,0.0,0.0,-1.15
PROP-49AC6DC0C75D,4.4,4.65,3.0,18.0,0.0,-0.75,-1.6
PROP-35EA3FB6AEB8,4.0,4.25,3.5,18.0,0.0,0.0,-0.4
PROP-1D56B861B7B8,4.0,4.25,4.0,18.0,0.0,0.0,0.0
PROP-9E18F727081B,6.25,6.5,4.0,19.5,0.0,0.25,0.0
PROP-460EE83DE135,4.0,4.25,3.0,18.0,0.0,0.0,-1.15
PROP-BA8CE195C406,4.0,4.25,4.0,18.0,0.0,0.0,0.0
PROP-08FDDD23D115,6.5,6.75,4.0,19.5,0.0,0.25,0.5
PROP-33BBBB5FDD68,4.9,5.15,4.5,18.0,0.0,0.9,0.9
PROP-093767D893F3,4.0,4.25,4.0,18.0,0.0,0.0,0.0
PROP-05D15D803737,5.9,6.15,4.5,18.0,0.0,1.0,1.9
PROP-5334F18D413C,4.0,4.25,3.0,18.0,0.0,-0.4,-1.75
PROP-6F343EA892F8,4.0,4.25,3.0,18.0,0.0,0.0,-1.15
PROP-9538B771B9C6,4.9,5.15,4.5,18.0,0.0,0.9,0.9
PROP-0E71D297A66D,6.0,6.25,4.0,19.25,-0.25,-0.5,0.0
PROP-B02A3835F65E,4.9,5.15,4.5,18.0,0.0,0.9,0.9
PROP-A44197EE1A5B,4.0,4.25,3.5,18.0,0.0,0.0,-0.4
PROP-26DA7C72A014,5.15,5.4,4.0,18.25,0.0,0.0,-1.35
PROP-7C1549CB335B,4.0,4.25,3.0,18.0,0.0,0.0,-1.15
PROP-1A1B507FC8D9,6.25,6.5,4.0,19.5,0.0,0.25,0.0
PROP-086D3A1CE165,5.15,5.4,4.0,18.5,-0.25,-0.6,-1.35
PROP-8649EAB9D16B,4.0,4.25,3.0,18.0,0.0,0.0,-1.15
PROP-B1AD6862F5BE,4.0,4.25,3.5,18.0,0.0,0.0,-0.4
PROP-B4568C81DA88,4.0,4.25,3.0,18.0,0.0,0.0,-1.15
PROP-0BAF60D0D3C9,6.5,6.75,4.0,19.25,0.0,0.0,0.5
PROP-FDB5031427CD,6.5,6.75,4.0,19.5,0.0,0.25,0.5
PROP-26F995DC70F2,4.0,4.25,4.0,18.0,0.0,0.0,0.0
PROP-D757D045DA66,4.0,4.25,4.0,18.0,0.0,0.0,0.0
PROP-FD83AC90621A,4.0,4.25,4.0,18.0,0.0,0.0,0.0
PROP-9ACCBA3C5350,6.25,6.5,4.0,19.5,0.0,0.25,0.0
PROP-6BAA91D820C2,4.0,4.25,4.0,18.0,0.0,0.0,0.0
PROP-DABDBDD10041,5.75,6.0,4.0,19.0,0.0,-0.25,-0.5
PROP-58BA6FA56B72,6.0,6.25,4.0,19.5,0.0,0.0,-0.25
PROP-10188B41B17E,4.4,4.65,3.0,18.0,0.0,-0.75,-1.6
PROP-72F3B398E171,5.15,5.4,4.0,18.25,0.0,0.0,-1.35
PROP-016204A03EFD,5.9,6.15,4.5,18.0,0.0,1.0,1.9
PROP-4C80D133C4A8,6.5,6.75,4.0,19.5,0.0,0.25,0.5
PROP-0E743E51814F,4.0,4.25,4.0,18.0,0.0,0.0,0.0
PROP-DBBA0D7159FF,5.9,6.15,4.5,18.0,0.0,1.0,1.9
PROP-15363A73416A,4.4,4.65,3.0,18.0,0.0,-0.75,-1.6
PROP-A62BB08B602E,4.0,4.25,3.0,18.0,0.0,-0.4,-1.75
PROP-5D300A072FC7,4.0,4.25,3.0,18.0,0.0,0.0,-1.15
PROP-C78BE0EB4CD7,4.0,4.25,4.0,18.0,0.0,0.0,0.0
PROP-BDE3A1E398CC,4.0,4.25,3.5,18.0,0.0,0.0,-0.4
PROP-20C9EDDDA6FE,4.9,5.15,4.5,18.0,0.0,0.9,0.9
PROP-9649B91738DF,4.0,4.25,3.0,18.0,0.0,-0.4,-1.75
PROP-E134FCB5971E,4.0,4.25,3.0,18.0,0.0,-0.4,-1.75
PROP-32003935ECCA,5.9,6.15,4.5,18.0,0.0,1.0,1.9
PROP-A16B41F4CAA9,6.25,6.5,4.0,19.5,0.0,0.25,0.0
PROP-7229C9721405,4.0,4.25,4.0,18.0,0.0,0.0,0.0
PROP-C06482F4BDDE,4.0,4.25,3.5,18.0,0.0,0.0,-0.4
PROP-3197360E5F70,4.0,4.25,3.0,18.0,0.0,0.0,-1.15
PROP-001C37DABEA0,5.15,5.4,4.0,18.5,-0.25,-0.6,-1.35
PROP-0DDB8CB10EEE,4.0,4.25,4.0,18.0,0.0,0.0,0.0
PROP-B3E1A50AC035,4.0,4.25,3.5,18.0,0.0,0.0,-0.4
PROP-EA18CC9C8897,6.0,6.25,4.0,19.25,-0.25,-0.5,0.0
PROP-C3B784423DF3,4.0,4.25,4.0,18.0,0.0,0.0,0.0
PROP-7BFC510B8415,6.25,6.5,4.0,19.5,0.0,0.25,0.0
PROP-5C04EBD3B552,4.0,4.25,3.5,18.0,0.0,0.0,-0.4
PROP-A3FDBC9E7614,4.4,4.65,3.0,18.0,0.0,-0.75,-1.6
PROP-FD2CF5B8432B,6.5,6.75,4.0,19.25,0.0,0.0,0.5
PROP-DBC818669C58,4.0,4.25,3.0,18.0,0.0,0.0,-1.15
PROP-D855E89B86D0,4.0,4.25,4.0,18.0,0.0,0.0,0.0
PROP-68CB308933C4,5.75,6.0,4.0,19.0,0.0,-0.25,-0.5
PROP-F7420A470E82,4.4,4.65,3.0,18.0,0.0,-0.75,-1.6
PROP-7BD18926BB47,6.25,6.5,4.0,19.5,0.0,0.25,0.0
PROP-5D19E4737B26,4.0,4.25,4.0,18.0,0.0,0.0,0.0
PROP-8648B3E01CE3,4.4,4.65,3.0,18.0,0.0,-0.75,-1.6
PROP-FAB5F970CBDC,4.0,4.25,3.0,18.0,0.0,0.0,-1.15
PROP-98174DB95C40,6.0,6.25,4.0,19.25,-0.25,-0.5,0.0
PROP-B13C8C53B9B1,4.0,4.25,4.0,18.0,0.0,0.0,0.0
PROP-93B4A0F89DA2,4.0,4.25,4.0,18.0,0.0,0.0,0.0
PROP-51907B578C3C,5.15,5.4,4.0,18.25,0.0,0.0,-1.35
PROP-4ADC5C804C74,6.5,6.75,4.0,19.5,0.0,0.25,0.5
PROP-115119618578,6.5,6.75,4.0,19.5,0.0,0.25,0.5
PROP-4EF6787D61C5,4.0,4.25,3.5,18.0,0.0,0.0,-0.4
PROP-F3A56338634E,4.0,4.25,3.0,18.0,0.0,0.0,-1.15
PROP-5F1D115FACE3,5.15,5.4,4.0,18.5,-0.25,-0.6,-1.35
PROP-EE54A164097B,4.0,4.25,4.0,18.0,0.0,0.0,0.0
PROP-8CDBB9F8A6B0,5.15,5.4,4.0,18.5,-0.25,-0.6,-1.35
PROP-853DDE55853D,4.0,4.25,4.0,18.0,0.0,0.0,0.0
PROP-C07FC4C080EA,4.0,4.25,3.5,18.0,0.0,0.0,-0.4
PROP-745A3E3A526F,4.0,4.25,4.0,18.0,0.0,0.0,0.0
PROP-3D6D49D663C9,4.0,4.25,3.0,18.0,0.0,-0.4,-1.75
PROP-054979F4F19E,4.0,4.25,3.0,18.0,0.0,-0.4,-1.75
PROP-22F1FCDA0F6E,5.75,6.0,4.0,19.0,0.0,-0.25,-0.5
PROP-A59BC0691D06,4.0,4.25,4.0,18.0,0.0,0.0,0.0
PROP-F4002116CB09,4.0,4.25,3.0,18.0,0.0,0.0,-1.15
PROP-E4DAE8B3B1C6,6.25,6.5,4.0,19.5,0.0,0.25,0.0
PROP-0510C5DDFA54,4.0,4.25,3.5,18.0,0.0,0.0,-0.4
PROP-54889BB8040B,6.5,6.75,4.0,19.5,0.0,0.25,0.5
PROP-03C20950815B,6.0,6.25,4.0,19.5,0.0,0.0,-0.25
PROP-B3C51EA72327,5.15,5.4,4.0,18.5,-0.25,-0.6,-1.35
PROP-2B264EDBF567,5.75,6.0,4.0,19.0,0.0,-0.25,-0.5
PROP-0155458DB515,4.0,4.25,3.5,18.0,0.0,0.0,-0.4
PROP-8D59033389F8,4.0,4.25,3.0,18.0,0.0,-0.4,-1.75
PROP-A1D5ADCDCF91,5.9,6.15,4.5,18.0,0.0,1.0,1.9
PROP-7FE9E767A83E,6.5,6.75,4.0,19.25,0.0,0.0,0.5
PROP-5B035D933926,4.0,4.25,4.0,18.0,0.0,0.0,0.0
PROP-58D795E62FDD,6.25,6.5,4.0,19.5,0.0,0.25,0.0
PROP-6500EB4A567B,4.0,4.25,3.5,18.0,0.0,0.0,-0.4
PROP-B2B14B08C666,6.5,6.75,4.0,19.25,0.0,0.0,0.5
PROP-FDC65DFBEA58,5.9,6.15,4.5,18.0,0.0,1.0,1.9
PROP-696F74125977,4.0,4.25,3.0,18.0,0.0,0.0,-1.15
PROP-FC3961DA65DF,4.0,4.25,3.0,18.0,0.0,0.0,-1.15
PROP-A393A083E36C,4.0,4.25,3.0,18.0,0.0,0.0,-1.15
PROP-FCD1856D229E,4.4,4.65,3.0,18.0,0.0,-0.75,-1.6
PROP-8A67892BFA04,4.4,4.65,3.0,18.0,0.0,-0.75,-1.6
PROP-620CA9D6CF15,5.75,6.0,4.0,19.0,0.0,-0.25,-0.5
PROP-7E1ABC8C0EE0,6.25,6.5,4.0,19.5,0.0,0.25,0.0
PROP-A134B90F0272,4.0,4.25,4.0,18.0,0.0,0.0,0.0
PROP-7AB4256654ED,6.5,6.75,4.0,19.5,0.0,0.25,0.5
PROP-CF9E188B2337,6.25,6.5,4.0,19.5,0.0,0.25,0.0
PROP-90F5159B5D01,4.0,4.25,4.0,18.0,0.0,0.0,0.0
PROP-57D1A0FAAF44,4.9,5.15,4.5,18.0,0.0,0.9,0.9
PROP-ECBDF559A09C,4.0,4.25,4.0,18.0,0.0,0.0,0.0
PROP-FEE561A0CBBC,4.0,4.25,4.0,18.0,0.0,0.0,0.0
PROP-C2CCC54FB287,4.0,4.25,3.0,18.0,0.0,0.0,-1.15
PROP-FED2A3A53AE2,5.15,5.4,4.0,18.5,-0.25,-0.6,-1.35
PROP-0BCA027C2A24,4.0,4.25,3.5,18.0,0.0,0.0,-0.4
PROP-F7F34ECD5605,6.0,6.25,4.0,19.25,-0.25,-0.5,0.0
PROP-5613C2910B99,5.75,6.0,4.0,19.0,0.0,-0.25,-0.5
PROP-225FBA0498AB,4.0,4.25,3.0,18.0,0.0,0.0,-1.15
PROP-CDC831F94FFA,6.5,6.75,4.0,19.25,0.0,0.0,0.5
PROP-BB8A081A62DF,6.5,6.75,4.0,19.5,0.0,0.25,0.5
PROP-15A16CD2DFC5,4.0,4.25,3.0,18.0,0.0,0.0,-1.15
PROP-4B83EA545699,4.0,4.25,3.0,18.0,0.0,-0.4,-1.75
PROP-B39E7CE75F60,4.0,4.25,4.0,18.0,0.0,0.0,0.0
PROP-0C3EF8787896,5.15,5.4,4.0,18.5,-0.25,-0.6,-1.35
PROP-DF1040529B1E,4.0,4.25,3.0,18.0,0.0,0.0,-1.15
PROP-80CDB98C1289,6.0,6.25,4.0,19.5,0.0,0.0,-0.25
PROP-EFCB59B31824,5.15,5.4,4.0,18.25,0.0,0.0,-1.35
PROP-97D3CD1A6372,4.0,4.25,3.5,18.0,0.0,0.0,-0.4
PROP-71E2C1E4500E,6.5,6.75,4.0,19.25,0.0,0.0,0.5
PROP-BEC215B033B5,4.0,4.25,4.0,18.0,0.0,0.0,0.0
PROP-9A392D1BCC37,4.0,4.25,3.5,18.0,0.0,0.0,-0.4
PROP-0F16ECD02A30,4.4,4.65,3.0,18.0,0.0,-0.75,-1.6
PROP-F076D8204850,4.0,4.25,3.0,18.0,0.0,0.0,-1.15
PROP-23C19CF6EDEE,4.0,4.25,3.0,18.0,0.0,-0.4,-1.75
PROP-0E20A2822453,6.5,6.75,4.0,19.5,0.0,0.25,0.5
PROP-D2325D491495,5.9,6.15,4.5,18.0,0.0,1.0,1.9
PROP-0A474D872749,4.0,4.25,3.0,18.0,0.0,0.0,-1.15
PROP-3357AC7D7419,6.0,6.25,4.0,19.25,-0.25,-0.5,0.0
PROP-3973021C5F78,6.0,6.25,4.0,19.25,-0.25,-0.5,0.0
PROP-17C57AA91DA6,4.0,4.25,3.0,18.0,0.0,-0.4,-1.75
PROP-EB618D5062FA,4.0,4.25,3.5,18.0,0.0,0.0,-0.4
PROP-D0A1D42BF3E1,4.0,4.25,3.0,18.0,0.0,-0.4,-1.75
PROP-A313D0C798E6,4.9,5.15,4.5,18.0,0.0,0.9,0.9
PROP-15FCC57397AA,4.0,4.25,3.5,18.0,0.0,0.0,-0.4
PROP-7ECCA553A43D,4.4,4.65,3.0,18.0,0.0,-0.75,-1.6
PROP-CC5FCD3CFB5E,4.9,5.15,4.5,18.0,0.0,0.9,0.9
PROP-F261181B1A0D,4.0,4.25,4.0,18.0,0.0,0.0,0.0
PROP-92620E6BA14A,5.15,5.4,4.0,18.25,0.0,0.0,-1.35
PROP-45EC2CC08E17,6.5,6.75,4.0,19.25,0.0,0.0,0.5
PROP-8AE9D012163C,6.5,6.75,4.0,19.5,0.0,0.25,0.5
PROP-E47B9AFD60AF,6.0,6.25,4.0,19.5,0.0,0.0,-0.25
PROP-0341BD2CE043,6.0,6.25,4.0,19.5,0.0,0.0,-0.25
PROP-339A29CF7BC6,6.0,6.25,4.0,19.25,-0.25,-0.5,0.0
PROP-C0FD8AD07FD5,4.0,4.25,4.0,18.0,0.0,0.0,0.0
PROP-C0A638E9292C,4.9,5.15,4.5,18.0,0.0,0.9,0.9
PROP-1F7D5ED580CF,4.0,4.25,4.0,18.0,0.0,0.0,0.0
PROP-263F2E567E01,4.0,4.25,4.0,18.0,0.0,0.0,0.0
PROP-EEC287159DA7,4.0,4.25,4.0,18.0,0.0,0.0,0.0
PROP-FF8812431EC1,4.0,4.25,4.0,18.0,0.0,0.0,0.0
PROP-C43D83D6CD6D,6.0,6.25,4.0,19.25,-0.25,-0.5,0.0
PROP-10B0F1EAFA44,5.9,6.15,4.5,18.0,0.0,1.0,1.9
PROP-16F526F363B0,6.0,6.25,4.0,19.5,0.0,0.0,-0.25
PROP-06CBCF0708D6,4.4,4.65,3.0,18.0,0.0,-0.75,-1.6
PROP-04F5E66A57D2,4.0,4.25,4.0,18.0,0.0,0.0,0.0
PROP-49D4AA27222E,4.9,5.15,4.5,18.0,0.0,0.9,0.9
PROP-05BA241020E1,6.25,6.5,4.0,19.5,0.0,0.25,0.0
PROP-15DEF6A18CE1,4.0,4.25,4.0,18.0,0.0,0.0,0.0
PROP-F49E28005FB2,5.75,6.0,4.0,19.0,0.0,-0.25,-0.5
PROP-22D43C6298B7,6.25,6.5,4.0,19.5,0.0,0.25,0.0
PROP-E3C846CCCA8A,6.5,6.75,4.0,19.5,0.0,0.25,0.5
PROP-1F3E1C0C00E2,4.9,5.15,4.5,18.0,0.0,0.9,0.9
PROP-0C1FC6D41250,5.9,6.15,4.5,18.0,0.0,1.0,1.9
PROP-0A29386CB761,6.25,6.5,4.0,19.5,0.0,0.25,0.0
PROP-EA49E83C84F2,6.0,6.25,4.0,19.5,0.0,0.0,-0.25
PROP-57140A2D12F7,6.5,6.75,4.0,19.25,0.0,0.0,0.5
PROP-130D9900C163,4.0,4.25,3.0,18.0,0.0,-0.4,-1.75
PROP-FC9C697D3032,4.4,4.65,3.0,18.0,0.0,-0.75,-1.6
PROP-A6142B71D421,4.0,4.25,3.0,18.0,0.0,-0.4,-1.75
PROP-8D44D58FF6C4,5.9,6.15,4.5,18.0,0.0,1.0,1.9
PROP-C7A0E5B76E07,4.0,4.25,4.0,18.0,0.0,0.0,0.0
PROP-AF37A4D22BF1,6.0,6.25,4.0,19.25,-0.25,-0.5,0.0
PROP-0541E582C149,4.9,5.15,4.5,18.0,0.0,0.9,0.9
PROP-68CE38E84140,4.0,4.25,4.0,18.0,0.0,0.0,0.0
PROP-000ED25612B2,6.0,6.25,4.0,19.5,0.0,0.0,-0.25
PROP-814BDA6D5B91,5.15,5.4,4.0,18.5,-0.25,-0.6,-1.35
PROP-BE30581D4180,4.9,5.15,4.5,18.0,0.0,0.9,0.9
PROP-3178FF53B18D,4.9,5.15,4.5,18.0,0.0,0.9,0.9
PROP-E99D3173CD2E,6.25,6.5,4.0,19.5,0.0,0.25,0.0
PROP-7E25822013F0,6.0,6.25,4.0,19.5,0.0,0.0,-0.25
PROP-F784AA0F6DD1,4.0,4.25,3.0,18.0,0.0,0.0,-1.15
PROP-8F404C6358A0,4.0,4.25,4.0,18.0,0.0,0.0,0.0
PROP-240CD3A55659,5.9,6.15,4.5,18.0,0.0,1.0,1.9
PROP-A0851D5BA6F5,4.0,4.25,4.0,18.0,0.0,0.0,0.0
PROP-F32E2226DFF7,5.75,6.0,4.0,19.0,0.0,-0.25,-0.5
PROP-6F7F87736659,4.0,4.25,3.5,18.0,0.0,0.0,-0.4
PROP-499BFC8A2429,4.0,4.25,4.0,18.0,0.0,0.0,0.0
PROP-47040745CD36,6.0,6.25,4.0,19.25,-0.25,-0.5,0.0
PROP-C6F54EA3EC43,4.0,4.25,3.5,18.0,0.0,0.0,-0.4
PROP-B8D5D5BB9C5E,6.0,6.25,4.0,19.25,-0.25,-0.5,0.0
PROP-80DED29C31AA,5.15,5.4,4.0,18.5,-0.25,-0.6,-1.35
PROP-C01AD4302FC3,4.0,4.25,3.5,18.0,0.0,0.0,-0.4
PROP-523906CF5765,5.15,5.4,4.0,18.25,0.0,0.0,-1.35
PROP-60AFF85F593F,4.0,4.25,4.0,18.0,0.0,0.0,0.0
PROP-9490BF440714,6.0,6.25,4.0,19.5,0.0,0.0,-0.25
PROP-B4150723000C,4.0,4.25,4.0,18.0,0.0,0.0,0.0
PROP-965288DAA074,4.0,4.25,4.0,18.0,0.0,0.0,0.0
PROP-C1EFFC79C205,4.9,5.15,4.5,18.0,0.0,0.9,0.9
PROP-5BA844F7A381,4.0,4.25,3.5,18.0,0.0,0.0,-0.4
PROP-F62104D7595F,4.0,4.25,3.0,18.0,0.0,0.0,-1.15
PROP-C04CC8A1393D,6.0,6.25,4.0,19.5,0.0,0.0,-0.25
PROP-4DC21AFF6DE4,4.4,4.65,3.0,18.0,0.0,-0.75,-1.6
PROP-C88DFE50F2E1,5.9,6.15,4.5,18.0,0.0,1.0,1.9
PROP-DB4E8862E19E,4.0,4.25,4.0,18.0,0.0,0.0,0.0
PROP-59ABAA0A3C6D,5.15,5.4,4.0,18.5,-0.25,-0.6,-1.35
PROP-CE308D7A96D3,4.0,4.25,3.0,18.0,0.0,0.0,-1.15
PROP-3334554E172C,4.0,4.25,4.0,18.0,0.0,0.0,0.0
PROP-19678756FAFF,5.15,5.4,4.0,18.5,-0.25,-0.6,-1.35
PROP-AC26C9092055,6.0,6.25,4.0,19.5,0.0,0.0,-0.25
PROP-E1B1FC0B3B28,6.25,6.5,4.0,19.5,0.0,0.25,0.0
PROP-0A2A9DF0B51A,4.4,4.65,3.0,18.0,0.0,-0.75,-1.6
PROP-AA18FBB96184,4.0,4.25,4.0,18.0,0.0,0.0,0.0
PROP-52D35D1D3344,6.5,6.75,4.0,19.5,0.0,0.25,0.5
PROP-1AF1EDCEA33C,4.0,4.25,4.0,18.0,0.0,0.0,0.0
PROP-137C2C005E7D,5.9,6.15,4.5,18.0,0.0,1.0,1.9
PROP-EC3E05F3E34E,5.15,5.4,4.0,18.25,0.0,0.0,-1.35
PROP-AC99655B6102,4.0,4.25,4.0,18.0,0.0,0.0,0.0
PROP-CBBC5431AF7D,6.5,6.75,4.0,19.5,0.0,0.25,0.5
PROP-59AC81A7A0AB,4.0,4.25,4.0,18.0,0.0,0.0,0.0
PROP-288440656AFA,4.4,4.65,3.0,18.0,0.0,-0.75,-1.6
PROP-F064E463F0D9,4.0,4.25,3.5,18.0,0.0,0.0,-0.4
PROP-032A58DD7806,5.9,6.15,4.5,18.0,0.0,1.0,1.9
PROP-0BDE70C1EBFA,4.0,4.25,3.5,18.0,0.0,0.0,-0.4
PROP-73A5EB70A413,6.5,6.75,4.0,19.5,0.0,0.25,0.5
PROP-38A30F05CB7C,5.15,5.4,4.0,18.5,-0.25,-0.6,-1.35
PROP-A7F987DF0F23,4.0,4.25,3.0,18.0,0.0,0.0,-1.15
PROP-EB67719370B1,4.0,4.25,3.0,18.0,0.0,0.0,-1.15
PROP-4FE43E3F22F6,5.15,5.4,4.0,18.5,-0.25,-0.6,-1.35
PROP-56EF2D9028A8,4.0,4.25,3.0,18.0,0.0,0.0,-1.15
PROP-ECDD80F8CD07,5.75,6.0,4.0,19.0,0.0,-0.25,-0.5
PROP-E5659A1AE63A,4.0,4.25,3.5,18.0,0.0,0.0,-0.4
PROP-9086213DDF37,6.5,6.75,4.0,19.25,0.0,0.0,0.5
PROP-189E47AF2A43,6.25,6.5,4.0,19.5,0.0,0.25,0.0
PROP-D26AF9037BF9,6.5,6.75,4.0,19.25,0.0,0.0,0.5
PROP-1FD13F6AFBE5,5.75,6.0,4.0,19.0,0.0,-0.25,-0.5
PROP-0B00810A6033,4.0,4.25,4.0,18.0,0.0,0.0,0.0
PROP-E33ADC34FC57,6.0,6.25,4.0,19.25,-0.25,-0.5,0.0
PROP-F64025C0D98A,4.0,4.25,4.0,18.0,0.0,0.0,0.0
PROP-9BF2E6D016B8,4.9,5.15,4.5,18.0,0.0,0.9,0.9
PROP-BB0E45253E1F,5.15,5.4,4.0,18.25,0.0,0.0,-1.35
PROP-4A46646C1E3C,4.0,4.25,4.0,18.0,0.0,0.0,0.0
PROP-CE8D2F682E48,4.0,4.25,3.5,18.0,0.0,0.0,-0.4
PROP-1DF5B5832D90,5.15,5.4,4.0,18.5,-0.25,-0.6,-1.35
PROP-3F39132C6BD5,4.0,4.25,3.0,18.0,0.0,-0.4,-1.75
PROP-23C9F8A42406,6.25,6.5,4.0,19.5,0.0,0.25,0.0
PROP-AF67F205F837,4.0,4.25,4.0,18.0,0.0,0.0,0.0
PROP-8FBB34A4498F,4.0,4.25,4.0,18.0,0.0,0.0,0.0
PROP-323BB34E2E3D,4.0,4.25,4.0,18.0,0.0,0.0,0.0
PROP-B2FE6459E402,4.0,4.25,4.0,18.0,0.0,0.0,0.0
PROP-75CCDB91A9E5,4.0,4.25,3.5,18.0,0.0,0.0,-0.4
PROP-B28EDFE12B58,5.9,6.15,4.5,18.0,0.0,1.0,1.9
PROP-DBEE29CD9235,6.0,6.25,4.0,19.5,0.0,0.0,-0.25
PROP-0CFC21EB2047,5.9,6.15,4.5,18.0,0.0,1.0,1.9
PROP-778A43948E4D,5.15,5.4,4.0,18.25,0.0,0.0,-1.35
PROP-B23FB7F46234,4.0,4.25,4.0,18.0,0.0,0.0,0.0
PROP-4619D51139E5,4.0,4.25,4.0,18.0,0.0,0.0,0.0
PROP-8CFD4FBBED6F,5.15,5.4,4.0,18.25,0.0,0.0,-1.35
PROP-0CB2D2F633B0,5.9,6.15,4.5,18.0,0.0,1.0,1.9
PROP-F6F51A48AA7C,4.0,4.25,3.0,18.0,0.0,0.0,-1.15
PROP-EDF63CB83482,4.0,4.25,4.0,18.0,0.0,0.0,0.0
PROP-1DDE576F3606,5.15,5.4,4.0,18.5,-0.25,-0.6,-1.35
PROP-AA3A9D5B6B6B,4.0,4.25,3.0,18.0,0.0,0.0,-1.15
PROP-E5F16BB0D4F8,4.0,4.25,4.0,18.0,0.0,0.0,0.0
PROP-8F9A151DB3AA,4.9,5.15,4.5,18.0,0.0,0.9,0.9
PROP-18BD85E16EB4,6.5,6.75,4.0,19.5,0.0,0.25,0.5
PROP-4852EC492172,4.0,4.25,4.0,18.0,0.0,0.0,0.0
PROP-092A66D2AF15,6.0,6.25,4.0,19.5,0.0,0.0,-0.25
PROP-9FD616856EEB,4.4,4.65,3.0,18.0,0.0,-0.75,-1.6
PROP-3337560DB7B0,4.0,4.25,3.0,18.0,0.0,-0.4,-1.75
PROP-4F8F4B91C623,4.0,4.25,3.0,18.0,0.0,-0.4,-1.75
PROP-2EADB8FDE073,6.0,6.25,4.0,19.25,-0.25,-0.5,0.0
PROP-133371EBED09,4.0,4.25,4.0,18.0,0.0,0.0,0.0
PROP-E905984C6E7F,4.0,4.25,4.0,18.0,0.0,0.0,0.0
PROP-FC50C7414FF7,5.15,5.4,4.0,18.5,-0.25,-0.6,-1.35
PROP-815E0DE77A6F,6.5,6.75,4.0,19.25,0.0,0.0,0.5
PROP-5AB9791CFD43,6.0,6.25,4.0,19.25,-0.25,-0.5,0.0
PROP-2141474E1066,5.75,6.0,4.0,19.0,0.0,-0.25,-0.5
PROP-7F74A677D89C,4.0,4.25,3.0,18.0,0.0,-0.4,-1.75
PROP-0C70CF2AEF18,4.0,4.25,3.5,18.0,0.0,0.0,-0.4
PROP-07DE3D5D8A51,6.0,6.25,4.0,19.25,-0.25,-0.5,0.0
PROP-D5E71FCB5A8C,6.0,6.25,4.0,19.5,0.0,0.0,-0.25
PROP-D973B69633CF,5.15,5.4,4.0,18.5,-0.25,-0.6,-1.35
PROP-938C245DF67A,5.15,5.4,4.0,18.25,0.0,0.0,-1.35
PROP-CDB0CCEFD8D7,4.9,5.15,4.5,18.0,0.0,0.9,0.9
PROP-C107BBCA89C9,4.0,4.25,3.0,18.0,0.0,0.0,-1.15
PROP-AA78B87DB0D8,4.0,4.25,3.0,18.0,0.0,-0.4,-1.75
PROP-B2BD4E3603E1,5.9,6.15,4.5,18.0,0.0,1.0,1.9
PROP-EEE02F4FDB5A,4.0,4.25,4.0,18.0,0.0,0.0,0.0
PROP-D4FCE0EFA686,4.0,4.25,3.0,18.0,0.0,0.0,-1.15
PROP-7662E1D4ED05,4.0,4.25,3.0,18.0,0.0,-0.4,-1.75
PROP-6AB9751D0451,5.75,6.0,4.0,19.0,0.0,-0.25,-0.5
PROP-0597AD994E52,5.75,6.0,4.0,19.0,0.0,-0.25,-0.5
PROP-CEEDE1E53F4B,4.4,4.65,3.0,18.0,0.0,-0.75,-1.6
PROP-E1C449587EA4,4.0,4.25,4.0,18.0,0.0,0.0,0.0
PROP-5816D44FE2DB,6.25,6.5,4.0,19.5,0.0,0.25,0.0
PROP-5D19270D8563,6.5,6.75,4.0,19.25,0.0,0.0,0.5
PROP-4A4C2AFF1963,6.5,6.75,4.0,19.25,0.0,0.0,0.5
PROP-3C992F2F9AA5,4.0,4.25,4.0,18.0,0.0,0.0,0.0
PROP-D4D4E2F3EB0C,6.0,6.25,4.0,19.5,0.0,0.0,-0.25
PROP-FF536C1F780F,5.15,5.4,4.0,18.25,0.0,0.0,-1.35
PROP-594EE691AEC8,4.0,4.25,3.5,18.0,0.0,0.0,-0.4
PROP-4171F82AE391,4.0,4.25,4.0,18.0,0.0,0.0,0.0
PROP-98BB6B346D7A,4.0,4.25,3.0,18.0,0.0,0.0,-1.15
PROP-0CA335DACF6B,5.15,5.4,4.0,18.25,0.0,0.0,-1.35
PROP-4756A66B841A,4.0,4.25,3.0,18.0,0.0,0.0,-1.15
PROP-A3A1858E753A,6.25,6.5,4.0,19.5,0.0,0.25,0.0
PROP-37BBDF819BC3,4.0,4.25,4.0,18.0,0.0,0.0,0.0
PROP-7177F8BF160A,4.0,4.25,4.0,18.0,0.0,0.0,0.0
PROP-1EF26093DE56,4.0,4.25,4.0,18.0,0.0,0.0,0.0
PROP-575A3EC3FF95,6.0,6.25,4.0,19.5,0.0,0.0,-0.25
PROP-513B18CCF3E6,6.0,6.25,4.0,19.25,-0.25,-0.5,0.0
PROP-342AE20BB502,4.0,4.25,4.0,18.0,0.0,0.0,0.0
PROP-6D8332997D68,6.0,6.25,4.0,19.25,-0.25,-0.5,0.0
PROP-C01B4B736A4B,5.9,6.15,4.5,18.0,0.0,1.0,1.9
PROP-06B25D617F21,4.0,4.25,3.0,18.0,0.0,0.0,-1.15
PROP-7BCAC73F30F9,6.0,6.25,4.0,19.5,0.0,0.0,-0.25
PROP-187FFC381A62,5.9,6.15,4.5,18.0,0.0,1.0,1.9
PROP-80FC44194586,5.15,5.4,4.0,18.25,0.0,0.0,-1.35
PROP-EB4D4DDC0679,6.25,6.5,4.0,19.5,0.0,0.25,0.0
PROP-5B6AAD1852D4,5.75,6.0,4.0,19.0,0.0,-0.25,-0.5
PROP-A79A6858CB20,4.4,4.65,3.0,18.0,0.0,-0.75,-1.6
PROP-81AB880D8B22,6.0,6.25,4.0,19.5,0.0,0.0,-0.25
PROP-30D0CF26DD05,4.0,4.25,4.0,18.0,0.0,0.0,0.0
PROP-122606CEF397,5.75,6.0,4.0,19.0,0.0,-0.25,-0.5
PROP-BFDA62968ACF,4.0,4.25,3.0,18.0,0.0,-0.4,-1.75
PROP-56723840669E,5.75,6.0,4.0,19.0,0.0,-0.25,-0.5
PROP-CCEC3D806AFD,4.0,4.25,3.0,18.0,0.0,-0.4,-1.75
PROP-2DC5E5F1DCF0,6.0,6.25,4.0,19.5,0.0,0.0,-0.25
PROP-23629863AED7,5.9,6.15,4.5,18.0,0.0,1.0,1.9
PROP-8FDB97EEA141,4.0,4.25,3.5,18.0,0.0,0.0,-0.4
PROP-B9C8173BFD17,5.75,6.0,4.0,19.0,0.0,-0.25,-0.5
PROP-0E161ABE058B,4.0,4.25,3.0,18.0,0.0,0.0,-1.15
PROP-40F9A99B2A62,4.0,4.25,3.0,18.0,0.0,0.0,-1.15
PROP-6A9055291F39,4.0,4.25,3.0,18.0,0.0,0.0,-1.15
PROP-3FDB0B60065A,6.5,6.75,4.0,19.5,0.0,0.25,0.5
PROP-6DCD26073E85,6.25,6.5,4.0,19.5,0.0,0.25,0.0
PROP-0AF5E39915FD,4.0,4.25,4.0,18.0,0.0,0.0,0.0
PROP-DC69AF04A33F,6.25,6.5,4.0,19.5,0.0,0.25,0.0
PROP-1034DF295B92,4.0,4.25,3.0,18.0,0.0,-0.4,-1.75
PROP-856B6A511CF9,4.0,4.25,3.0,18.0,0.0,0.0,-1.15
PROP-2A877C7E1101,6.0,6.25,4.0,19.5,0.0,0.0,-0.25
PROP-BB595184A07D,4.0,4.25,3.0,18.0,0.0,0.0,-1.15
PROP-1CEA186FC8F7,4.0,4.25,4.0,18.0,0.0,0.0,0.0
PROP-15391CA6BA8D,5.15,5.4,4.0,18.5,-0.25,-0.6,-1.35
PROP-2EDFFACCDF72,4.0,4.25,3.5,18.0,0.0,0.0,-0.4
PROP-5D752089E17C,6.0,6.25,4.0,19.25,-0.25,-0.5,0.0
PROP-D4520EA66910,4.0,4.25,3.0,18.0,0.0,0.0,-1.15
PROP-8545A04FA862,4.0,4.25,3.0,18.0,0.0,0.0,-1.15
PROP-14DB21AD6AC9,4.0,4.25,3.0,18.0,0.0,0.0,-1.15
PROP-3C05DF96E64E,6.5,6.75,4.0,19.5,0.0,0.25,0.5
PROP-97E03B22378B,4.9,5.15,4.5,18.0,0.0,0.9,0.9
PROP-2B47359F223D,4.0,4.25,4.0,18.0,0.0,0.0,0.0
PROP-45F692517CCC,4.0,4.25,3.0,18.0,0.0,0.0,-1.15
PROP-2575E406E6ED,5.9,6.15,4.5,18.0,0.0,1.0,1.9
PROP-8172B7F0E4B3,5.15,5.4,4.0,18.5,-0.25,-0.6,-1.35
PROP-BD59154C1C02,4.4,4.65,3.0,18.0,0.0,-0.75,-1.6
PROP-059DB4006AC0,6.5,6.75,4.0,19.25,0.0,0.0,0.5
PROP-84754AF80244,4.0,4.25,4.0,18.0,0.0,0.0,0.0
PROP-7FB6E1E9AB27,6.0,6.25,4.0,19.25,-0.25,-0.5,0.0
PROP-BB2F61E74463,4.0,4.25,3.0,18.0,0.0,0.0,-1.15
PROP-323338C16857,5.75,6.0,4.0,19.0,0.0,-0.25,-0.5
PROP-D5267CD95B5E,4.0,4.25,3.0,18.0,0.0,-0.4,-1.75
PROP-7AB70D90D766,4.0,4.25,3.5,18.0,0.0,0.0,-0.4
PROP-88A858863D08,6.5,6.75,4.0,19.5,0.0,0.25,0.5
PROP-CE6A3427554C,4.0,4.25,4.0,18.0,0.0,0.0,0.0
PROP-1A63C13254E9,5.9,6.15,4.5,18.0,0.0,1.0,1.9
PROP-50F45721AD61,4.0,4.25,3.0,18.0,0.0,0.0,-1.15
PROP-76C80522386B,4.9,5.15,4.5,18.0,0.0,0.9,0.9
PROP-D8ADC46AAB94,4.0,4.25,4.0,18.0,0.0,0.0,0.0
PROP-45C7DB90ED8E,6.0,6.25,4.0,19.25,-0.25,-0.5,0.0
PROP-3D613D55AFB2,6.0,6.25,4.0,19.25,-0.25,-0.5,0.0
PROP-94660FD8BECA,4.0,4.25,3.5,18.0,0.0,0.0,-0.4
PROP-637E06D9C680,5.75,6.0,4.0,19.0,0.0,-0.25,-0.5
PROP-FE3587544E90,6.0,6.25,4.0,19.5,0.0,0.0,-0.25
PROP-EFC306AA75F2,4.0,4.25,3.0,18.0,0.0,0.0,-1.15
PROP-872753E3D4E0,6.5,6.75,4.0,19.5,0.0,0.25,0.5
PROP-EB179A1538DE,6.5,6.75,4.0,19.25,0.0,0.0,0.5
PROP-E85B35A14AD7,6.5,6.75,4.0,19.25,0.0,0.0,0.5
PROP-788A8C4642E4,4.0,4.25,4.0,18.0,0.0,0.0,0.0
PROP-886A8452EFE8,4.0,4.25,4.0,18.0,0.0,0.0,0.0
PROP-F44A47B3ECBB,4.9,5.15,4.5,18.0,0.0,0.9,0.9
PROP-3F896EE744D8,4.0,4.25,3.0,18.0,0.0,0.0,-1.15
PROP-16FE421CD359,4.0,4.25,3.5,18.0,0.0,0.0,-0.4
PROP-7AB7CE884A3F,5.75,6.0,4.0,19.0,0.0,-0.25,-0.5
PROP-EDC28E0756EB,6.5,6.75,4.0,19.5,0.0,0.25,0.5
PROP-5C6155D2F1B7,6.0,6.25,4.0,19.25,-0.25,-0.5,0.0
PROP-CBF1CA05BA23,4.0,4.25,3.0,18.0,0.0,0.0,-1.15
PROP-8F23576DE15A,5.9,6.15,4.5,18.0,0.0,1.0,1.9
PROP-5A10B3C5F85B,4.0,4.25,4.0,18.0,0.0,0.0,0.0
PROP-C830CB139CB2,6.5,6.75,4.0,19.5,0.0,0.25,0.5
PROP-C758BCBFC706,6.0,6.25,4.0,19.25,-0.25,-0.5,0.0
PROP-B87D2EC8B069,5.15,5.4,4.0,18.25,0.0,0.0,-1.35
PROP-25DC8F4C8877,4.9,5.15,4.5,18.0,0.0,0.9,0.9
PROP-7D828527BF65,5.75,6.0,4.0,19.0,0.0,-0.25,-0.5
PROP-F98B6D58BE23,6.0,6.25,4.0,19.25,-0.25,-0.5,0.0
PROP-DBA66185510A,6.25,6.5,4.0,19.5,0.0,0.25,0.0
PROP-2FFAAB46D3F2,6.5,6.75,4.0,19.5,0.0,0.25,0.5
PROP-8856A3E303D8,4.0,4.25,3.5,18.0,0.0,0.0,-0.4
PROP-AB8FB173D510,4.4,4.65,3.0,18.0,0.0,-0.75,-1.6
PROP-5B85BF0D493D,4.4,4.65,3.0,18.0,0.0,-0.75,-1.6
PROP-AD1C2496FA78,4.0,4.25,3.0,18.0,0.0,0.0,-1.15
PROP-3D3460D6B89E,6.0,6.25,4.0,19.5,0.0,0.0,-0.25
PROP-4F7C9DE1C762,4.0,4.25,3.0,18.0,0.0,0.0,-1.15
PROP-2792A52029ED,4.0,4.25,3.0,18.0,0.0,-0.4,-1.75
PROP-7035F18B1E70,6.0,6.25,4.0,19.25,-0.25,-0.5,0.0
PROP-8E634BC67AAD,4.0,4.25,3.5,18.0,0.0,0.0,-0.4
PROP-CD1776FEF357,6.5,6.75,4.0,19.25,0.0,0.0,0.5
PROP-0FDB3B6F821B,5.9,6.15,4.5,18.0,0.0,1.0,1.9
PROP-D6614DC6D78D,5.15,5.4,4.0,18.5,-0.25,-0.6,-1.35
PROP-2F729142682A,4.0,4.25,3.5,18.0,0.0,0.0,-0.4
PROP-702747152B1F,4.9,5.15,4.5,18.0,0.0,0.9,0.9
PROP-1C1698312C8D,4.9,5.15,4.5,18.0,0.0,0.9,0.9
PROP-0FD4DF4E3852,4.0,4.25,4.0,18.0,0.0,0.0,0.0
PROP-F89F10DED77B,6.5,6.75,4.0,19.25,0.0,0.0,0.5
PROP-C31CB5E92286,4.0,4.25,3.0,18.0,0.0,-0.4,-1.75
PROP-3C3E3A1482E3,4.0,4.25,4.0,18.0,0.0,0.0,0.0
PROP-BDCB6BD9C9F6,6.25,6.5,4.0,19.5,0.0,0.25,0.0
PROP-509E8D64ED20,6.5,6.75,4.0,19.5,0.0,0.25,0.5
PROP-6B1B4B888525,5.9,6.15,4.5,18.0,0.0,1.0,1.9
PROP-2AB67264A1F0,6.0,6.25,4.0,19.5,0.0,0.0,-0.25
PROP-507D30A0CC70,4.0,4.25,4.0,18.0,0.0,0.0,0.0
PROP-9B3CC7C1BCB5,5.15,5.4,4.0,18.5,-0.25,-0.6,-1.35
PROP-ABE3924F01B7,5.15,5.4,4.0,18.25,0.0,0.0,-1.35
PROP-57DA355A2692,4.0,4.25,4.0,18.0,0.0,0.0,0.0
PROP-56D575EC93AD,6.5,6.75,4.0,19.25,0.0,0.0,0.5
PROP-C55A0D7ECD53,6.0,6.25,4.0,19.5,0.0,0.0,-0.25
PROP-02822F4AA50A,4.0,4.25,4.0,18.0,0.0,0.0,0.0
PROP-70BB33920137,4.0,4.25,4.0,18.0,0.0,0.0,0.0
PROP-A1C71071FC3E,5.15,5.4,4.0,18.5,-0.25,-0.6,-1.35
PROP-7F2DD413A38C,6.5,6.75,4.0,19.5,0.0,0.25,0.5
PROP-B75905358CEE,6.0,6.25,4.0,19.25,-0.25,-0.5,0.0
PROP-5C5DF248FA35,4.0,4.25,3.5,18.0,0.0,0.0,-0.4
PROP-BD0F4A1C22B0,6.5,6.75,4.0,19.5,0.0,0.25,0.5
PROP-2CAD8E842F4D,6.5,6.75,4.0,19.5,0.0,0.25,0.5
PROP-6AF9BB765EC5,5.15,5.4,4.0,18.5,-0.25,-0.6,-1.35
PROP-4B4A25E223FC,5.75,6.0,4.0,19.0,0.0,-0.25,-0.5
PROP-2953E133E896,4.0,4.25,4.0,18.0,0.0,0.0,0.0
PROP-EB165B2603B3,4.0,4.25,4.0,18.0,0.0,0.0,0.0
PROP-6D5B5A15D220,4.0,4.25,4.0,18.0,0.0,0.0,0.0
PROP-992DBB7D707E,6.25,6.5,4.0,19.5,0.0,0.25,0.0
PROP-E1FA2623BAD7,5.15,5.4,4.0,18.5,-0.25,-0.6,-1.35
PROP-92505560622E,4.0,4.25,4.0,18.0,0.0,0.0,0.0
PROP-63506EB3794C,6.25,6.5,4.0,19.5,0.0,0.25,0.0
PROP-345DE124DBB5,5.15,5.4,4.0,18.5,-0.25,-0.6,-1.35
PROP-7D8D065FA8EF,4.0,4.25,4.0,18.0,0.0,0.0,0.0
PROP-92FC0200E39D,6.5,6.75,4.0,19.5,0.0,0.25,0.5
PROP-1386E0282A51,6.0,6.25,4.0,19.5,0.0,0.0,-0.25
PROP-51C0F9C9DD02,4.0,4.25,4.0,18.0,0.0,0.0,0.0
PROP-DEB94CB75BE4,4.9,5.15,4.5,18.0,0.0,0.9,0.9
PROP-C8E208F6009A,4.0,4.25,4.0,18.0,0.0,0.0,0.0
PROP-057D8E3FC5BA,5.15,5.4,4.0,18.5,-0.25,-0.6,-1.35
PROP-246C706C4265,6.5,6.75,4.0,19.5,0.0,0.25,0.5
PROP-F164903FB494,6.25,6.5,4.0,19.5,0.0,0.25,0.0
PROP-55719E10D12B,4.9,5.15,4.5,18.0,0.0,0.9,0.9
PROP-D18B6DE9CE0D,4.0,4.25,3.0,18.0,0.0,-0.4,-1.75
PROP-7B2B8342FC86,4.0,4.25,3.0,18.0,0.0,0.0,-1.15
PROP-2CB43682478C,5.15,5.4,4.0,18.25,0.0,0.0,-1.35
PROP-16D78D022184,6.0,6.25,4.0,19.5,0.0,0.0,-0.25
PROP-4FF6D38EF728,6.0,6.25,4.0,19.5,0.0,0.0,-0.25
PROP-346C569C13C8,6.5,6.75,4.0,19.5,0.0,0.25,0.5
PROP-9728D2DB9FB3,6.5,6.75,4.0,19.25,0.0,0.0,0.5
PROP-265C17B93C25,5.75,6.0,4.0,19.0,0.0,-0.25,-0.5
PROP-CFE1BA6871EA,5.15,5.4,4.0,18.5,-0.25,-0.6,-1.35
PROP-F72CA8EEF67D,4.0,4.25,4.0,18.0,0.0,0.0,0.0
PROP-FEE70FE515D5,4.0,4.25,3.0,18.0,0.0,0.0,-1.15
PROP-2E8B2C5107D0,5.15,5.4,4.0,18.25,0.0,0.0,-1.35
PROP-01311BC1A16F,6.25,6.5,4.0,19.5,0.0,0.25,0.0
PROP-FAB7AF2D93BB,4.9,5.15,4.5,18.0,0.0,0.9,0.9
PROP-E83797C444F3,6.0,6.25,4.0,19.5,0.0,0.0,-0.25
PROP-E175A56E8BF1,4.0,4.25,3.0,18.0,0.0,0.0,-1.15
PROP-1B75C9C2E829,4.0,4.25,4.0,18.0,0.0,0.0,0.0
PROP-763F6C6E0520,4.0,4.25,3.0,18.0,0.0,-0.4,-1.75
PROP-CE22265D659C,5.9,6.15,4.5,18.0,0.0,1.0,1.9
PROP-0A9663B87B9F,4.0,4.25,3.5,18.0,0.0,0.0,-0.4
PROP-02FEAC0596D3,4.9,5.15,4.5,18.0,0.0,0.9,0.9
PROP-C84F060AFA00,4.9,5.15,4.5,18.0,0.0,0.9,0.9
PROP-3E36F05B7D50,4.0,4.25,3.5,18.0,0.0,0.0,-0.4
PROP-032D67A9FB9C,6.5,6.75,4.0,19.25,0.0,0.0,0.5
PROP-C1464B155C1B,5.15,5.4,4.0,18.5,-0.25,-0.6,-1.35
PROP-BE164A376CB6,5.15,5.4,4.0,18.5,-0.25,-0.6,-1.35
PROP-C7C0D748CD3A,5.75,6.0,4.0,19.0,0.0,-0.25,-0.5
PROP-54990128B7F3,5.75,6.0,4.0,19.0,0.0,-0.25,-0.5
PROP-D3DE585BE9BE,5.9,6.15,4.5,18.0,0.0,1.0,1.9
PROP-723051AA7C5C,5.75,6.0,4.0,19.0,0.0,-0.25,-0.5
PROP-63288B83AFED,4.0,4.25,3.0,18.0,0.0,-0.4,-1.75
PROP-4DA670E7004C,4.0,4.25,4.0,18.0,0.0,0.0,0.0
PROP-4B9C8164D185,4.0,4.25,3.0,18.0,0.0,0.0,-1.15
PROP-E151B304F88E,6.5,6.75,4.0,19.25,0.0,0.0,0.5
PROP-577DB5BC6FF7,4.0,4.25,4.0,18.0,0.0,0.0,0.0
PROP-95101F1462F8,6.5,6.75,4.0,19.25,0.0,0.0,0.5
PROP-BBA61AD88959,6.0,6.25,4.0,19.25,-0.25,-0.5,0.0
PROP-B8B688DC9464,4.0,4.25,3.0,18.0,0.0,-0.4,-1.75
PROP-6849FA00EDB7,4.0,4.25,4.0,18.0,0.0,0.0,0.0
PROP-E7AA6DAF8211,5.75,6.0,4.0,19.0,0.0,-0.25,-0.5
PROP-1EB400C6DF22,4.0,4.25,3.0,18.0,0.0,-0.4,-1.75
PROP-8F1B19DC0C93,6.25,6.5,4.0,19.5,0.0,0.25,0.0
PROP-8684E7F7CF57,6.25,6.5,4.0,19.5,0.0,0.25,0.0
PROP-ACA686B519FF,4.4,4.65,3.0,18.0,0.0,-0.75,-1.6
PROP-F04FDD52F160,4.9,5.15,4.5,18.0,0.0,0.9,0.9
PROP-DB4C20852C26,5.15,5.4,4.0,18.25,0.0,0.0,-1.35
PROP-78B1E48E26E1,4.0,4.25,3.5,18.0,0.0,0.0,-0.4
PROP-FAB52FCADBB0,4.9,5.15,4.5,18.0,0.0,0.9,0.9
PROP-B29C1215EF95,4.0,4.25,4.0,18.0,0.0,0.0,0.0
PROP-2F883D206272,4.4,4.65,3.0,18.0,0.0,-0.75,-1.6
PROP-F6EF4CBFA712,4.0,4.25,4.0,18.0,0.0,0.0,0.0
PROP-0BBE63F1E20D,4.9,5.15,4.5,18.0,0.0,0.9,0.9
PROP-E462D063CC11,6.0,6.25,4.0,19.5,0.0,0.0,-0.25
PROP-1F16A2CAE54F,6.5,6.75,4.0,19.25,0.0,0.0,0.5
PROP-B904BEEAFB82,6.25,6.5,4.0,19.5,0.0,0.25,0.0
PROP-C568A8878805,6.25,6.5,4.0,19.5,0.0,0.25,0.0
PROP-B199E96CA7D3,4.0,4.25,4.0,18.0,0.0,0.0,0.0
PROP-A5D7CF4D7FFA,4.0,4.25,3.5,18.0,0.0,0.0,-0.4
PROP-DD3A60895E19,6.5,6.75,4.0,19.5,0.0,0.25,0.5
PROP-814ED93E045A,4.0,4.25,4.0,18.0,0.0,0.0,0.0
PROP-3A2F3003A313,4.0,4.25,3.5,18.0,0.0,0.0,-0.4
PROP-763E59C71F80,6.0,6.25,4.0,19.5,0.0,0.0,-0.25
PROP-EA828AA7375B,4.0,4.25,3.5,18.0,0.0,0.0,-0.4
PROP-3C130E55B63F,4.0,4.25,4.0,18.0,0.0,0.0,0.0
PROP-D0DCC2AC0632,6.0,6.25,4.0,19.25,-0.25,-0.5,0.0
PROP-AA4ED95C459C,6.0,6.25,4.0,19.25,-0.25,-0.5,0.0
PROP-87DEE707F016,6.0,6.25,4.0,19.25,-0.25,-0.5,0.0
PROP-A341219EC509,4.0,4.25,4.0,18.0,0.0,0.0,0.0
PROP-26F4E8087C87,4.0,4.25,4.0,18.0,0.0,0.0,0.0
PROP-9BB942BBC8E8,6.5,6.75,4.0,19.25,0.0,0.0,0.5
PROP-0162F239FFC4,6.0,6.25,4.0,19.5,0.0,0.0,-0.25
PROP-3624DCD21358,6.5,6.75,4.0,19.5,0.0,0.25,0.5
PROP-97788D722F8C,4.0,4.25,4.0,18.0,0.0,0.0,0.0
PROP-628BE38A18C9,6.5,6.75,4.0,19.5,0.0,0.25,0.5
PROP-7F883F7BAC22,5.75,6.0,4.0,19.0,0.0,-0.25,-0.5
PROP-391C390B81B7,4.0,4.25,3.0,18.0,0.0,-0.4,-1.75
PROP-845367058A89,6.5,6.75,4.0,19.5,0.0,0.25,0.5
PROP-F614FC69FEC1,5.15,5.4,4.0,18.5,-0.25,-0.6,-1.35
PROP-CD2638E10A69,4.0,4.25,3.0,18.0,0.0,0.0,-1.15
PROP-C77A021373DB,4.0,4.25,4.0,18.0,0.0,0.0,0.0
PROP-9FE95E9529F3,6.25,6.5,4.0,19.5,0.0,0.25,0.0
PROP-08BB15872EE8,4.0,4.25,4.0,18.0,0.0,0.0,0.0
PROP-E104678FD2CA,6.25,6.5,4.0,19.5,0.0,0.25,0.0
PROP-89CB67E4123B,4.0,4.25,4.0,18.0,0.0,0.0,0.0
PROP-5CC9FEE69D28,6.5,6.75,4.0,19.25,0.0,0.0,0.5
PROP-50582E426C67,4.0,4.25,3.0,18.0,0.0,0.0,-1.15
PROP-92CC9483CB8E,4.0,4.25,4.0,18.0,0.0,0.0,0.0
PROP-0824828339C3,4.0,4.25,3.0,18.0,0.0,0.0,-1.15
PROP-EAD6C1387455,6.0,6.25,4.0,19.5,0.0,0.0,-0.25
PROP-5BAE29C2B600,5.15,5.4,4.0,18.25,0.0,0.0,-1.35
PROP-5DC1D7E71BC2,4.0,4.25,4.0,18.0,0.0,0.0,0.0
PROP-D35F5E323882,6.25,6.5,4.0,19.5,0.0,0.25,0.0
PROP-5733CFBDF24B,4.9,5.15,4.5,18.0,0.0,0.9,0.9
PROP-B0A323A9EE34,6.5,6.75,4.0,19.5,0.0,0.25,0.5
PROP-99ACB118B6F4,4.9,5.15,4.5,18.0,0.0,0.9,0.9
PROP-74F4502D2F3A,6.5,6.75,4.0,19.25,0.0,0.0,0.5
PROP-D29EFF8F9345,6.25,6.5,4.0,19.5,0.0,0.25,0.0
PROP-15D5773E152E,5.75,6.0,4.0,19.0,0.0,-0.25,-0.5
PROP-AA8AB6E3F9A0,4.0,4.25,3.0,18.0,0.0,0.0,-1.15
PROP-50D9DDE09E2C,4.0,4.25,3.0,18.0,0.0,0.0,-1.15
PROP-EB1C3288084E,4.0,4.25,3.0,18.0,0.0,-0.4,-1.75
PROP-8DEBD069C656,4.0,4.25,3.0,18.0,0.0,-0.4,-1.75
PROP-5520533EFB2F,4.9,5.15,4.5,18.0,0.0,0.9,0.9
PROP-4BAE7EC1B22D,6.25,6.5,4.0,19.5,0.0,0.25,0.0
PROP-1E53DC439A52,4.0,4.25,3.0,18.0,0.0,0.0,-1.15
PROP-538189D7DEDF,6.0,6.25,4.0,19.25,-0.25,-0.5,0.0
PROP-74C78BE6679D,6.25,6.5,4.0,19.5,0.0,0.25,0.0
PROP-4B05988E13DD,4.0,4.25,4.0,18.0,0.0,0.0,0.0
PROP-E18AE8DBF20E,4.0,4.25,4.0,18.0,0.0,0.0,0.0
PROP-488FD6219E83,6.25,6.5,4.0,19.5,0.0,0.25,0.0
PROP-1A415F7B3BCC,4.0,4.25,4.0,18.0,0.0,0.0,0.0
PROP-FB989EFF8A2A,6.0,6.25,4.0,19.5,0.0,0.0,-0.25
PROP-6EF70B099AF5,4.0,4.25,4.0,18.0,0.0,0.0,0.0
PROP-78F2B5D11D4E,4.0,4.25,4.0,18.0,0.0,0.0,0.0
PROP-DF7C726B28A7,4.0,4.25,4.0,18.0,0.0,0.0,0.0
PROP-68A5B63E7CDB,4.0,4.25,3.0,18.0,0.0,0.0,-1.15
PROP-75232C97B74E,5.15,5.4,4.0,18.5,-0.25,-0.6,-1.35
PROP-BAD79AE16310,4.0,4.25,4.0,18.0,0.0,0.0,0.0
PROP-8690C6DE22F9,4.0,4.25,3.0,18.0,0.0,-0.4,-1.75
PROP-43FB870147E7,4.0,4.25,4.0,18.0,0.0,0.0,0.0
PROP-9064E8DBEB03,6.0,6.25,4.0,19.5,0.0,0.0,-0.25
PROP-A7144DFEC773,4.0,4.25,4.0,18.0,0.0,0.0,0.0
PROP-2015298C022A,4.0,4.25,4.0,18.0,0.0,0.0,0.0
PROP-3E38DD1DCF08,4.0,4.25,3.0,18.0,0.0,0.0,-1.15
PROP-3FED19C4F3BE,6.25,6.5,4.0,19.5,0.0,0.25,0.0
PROP-CF0439C39D26,4.0,4.25,3.5,18.0,0.0,0.0,-0.4
PROP-53B59500B16F,6.0,6.25,4.0,19.5,0.0,0.0,-0.25
PROP-F2547132B8F4,6.0,6.25,4.0,19.5,0.0,0.0,-0.25
PROP-6D5669F39600,4.0,4.25,4.0,18.0,0.0,0.0,0.0
PROP-F942AE5FFB9C,4.0,4.25,3.0,18.0,0.0,-0.4,-1.75
PROP-370D7AC1EDBF,4.0,4.25,3.5,18.0,0.0,0.0,-0.4
PROP-8A24287D4589,4.0,4.25,3.5,18.0,0.0,0.0,-0.4
PROP-DB5B840B5CCF,6.25,6.5,4.0,19.5,0.0,0.25,0.0
PROP-EAF92F8DDDD9,5.9,6.15,4.5,18.0,0.0,1.0,1.9
PROP-594EFEA42978,6.5,6.75,4.0,19.25,0.0,0.0,0.5
PROP-FFEEFF5EAB46,4.0,4.25,3.0,18.0,0.0,0.0,-1.15
PROP-A1BA15A56A8B,4.0,4.25,4.0,18.0,0.0,0.0,0.0
PROP-AAC348E1FD9B,4.0,4.25,3.5,18.0,0.0,0.0,-0.4
PROP-A2F79BB61510,4.0,4.25,3.0,18.0,0.0,-0.4,-1.75
PROP-EC1C69A67D20,4.0,4.25,4.0,18.0,0.0,0.0,0.0
PROP-5A56AA8A08FA,4.9,5.15,4.5,18.0,0.0,0.9,0.9
PROP-CF6E08880751,4.0,4.25,3.5,18.0,0.0,0.0,-0.4
PROP-193E0E64EB42,4.0,4.25,3.0,18.0,0.0,0.0,-1.15
PROP-777EB36E045C,4.9,5.15,4.5,18.0,0.0,0.9,0.9
PROP-F3B639439B82,4.4,4.65,3.0,18.0,0.0,-0.75,-1.6
PROP-EC9B12D74B6B,6.0,6.25,4.0,19.25,-0.25,-0.5,0.0
PROP-10D1B4E79715,4.4,4.65,3.0,18.0,0.0,-0.75,-1.6
PROP-F7742274CFC8,4.0,4.25,3.0,18.0,0.0,-0.4,-1.75
PROP-26FF5CF58D12,4.0,4.25,3.0,18.0,0.0,-0.4,-1.75
PROP-E3137E71556A,5.15,5.4,4.0,18.25,0.0,0.0,-1.35
PROP-9282D64E9246,4.4,4.65,3.0,18.0,0.0,-0.75,-1.6
PROP-B852DFF1488A,5.75,6.0,4.0,19.0,0.0,-0.25,-0.5
PROP-FD71C5E89A02,6.0,6.25,4.0,19.25,-0.25,-0.5,0.0
PROP-A5CBA68C576A,5.15,5.4,4.0,18.5,-0.25,-0.6,-1.35
PROP-386EA96C9E9F,5.15,5.4,4.0,18.5,-0.25,-0.6,-1.35
PROP-182774BBF2E3,4.0,4.25,3.0,18.0,0.0,0.0,-1.15
PROP-102430E41ADF,5.15,5.4,4.0,18.5,-0.25,-0.6,-1.35
PROP-56553FC4E790,4.0,4.25,3.0,18.0,0.0,0.0,-1.15
PROP-D4303FB11F8F,4.0,4.25,3.0,18.0,0.0,0.0,-1.15
PROP-AE00F118FF88,6.25,6.5,4.0,19.5,0.0,0.25,0.0
PROP-A2C076F14CB1,6.5,6.75,4.0,19.5,0.0,0.25,0.5
PROP-E36A5586570B,6.5,6.75,4.0,19.25,0.0,0.0,0.5
PROP-6905D3FA5400,4.0,4.25,4.0,18.0,0.0,0.0,0.0
PROP-ADCD7114DD3E,6.25,6.5,4.0,19.5,0.0,0.25,0.0
PROP-7A46654D7F84,4.9,5.15,4.5,18.0,0.0,0.9,0.9
PROP-6F2660E1E5ED,4.0,4.25,4.0,18.0,0.0,0.0,0.0
PROP-5B5B7DC6A194,5.15,5.4,4.0,18.5,-0.25,-0.6,-1.35
PROP-18F7A2458638,5.9,6.15,4.5,18.0,0.0,1.0,1.9
PROP-00F914711B82,5.75,6.0,4.0,19.0,0.0,-0.25,-0.5
PROP-6460CA73C442,6.5,6.75,4.0,19.25,0.0,0.0,0.5
PROP-91E9434C285A,6.0,6.25,4.0,19.5,0.0,0.0,-0.25
PROP-81A35C3ED7AE,6.5,6.75,4.0,19.25,0.0,0.0,0.5
PROP-201A6DB77303,6.0,6.25,4.0,19.25,-0.25,-0.5,0.0
PROP-5A55B38F8349,4.0,4.25,3.0,18.0,0.0,0.0,-1.15
PROP-907251C425CA,5.75,6.0,4.0,19.0,0.0,-0.25,-0.5
PROP-CFE4B922DAAF,6.5,6.75,4.0,19.25,0.0,0.0,0.5
PROP-3D3525F11893,4.0,4.25,4.0,18.0,0.0,0.0,0.0
PROP-6E535C2D891F,4.0,4.25,3.0,18.0,0.0,-0.4,-1.75
PROP-43C691997CD5,4.0,4.25,4.0,18.0,0.0,0.0,0.0
PROP-F24A817B0BB3,5.9,6.15,4.5,18.0,0.0,1.0,1.9
PROP-4A18C298D825,6.0,6.25,4.0,19.25,-0.25,-0.5,0.0
PROP-33BC4D1137B5,4.0,4.25,3.5,18.0,0.0,0.0,-0.4
PROP-87659B04CC59,4.0,4.25,4.0,18.0,0.0,0.0,0.0
PROP-ADA6EA3E0B0E,4.0,4.25,4.0,18.0,0.0,0.0,0.0
PROP-84414600A189,4.0,4.25,3.5,18.0,0.0,0.0,-0.4
PROP-BDF4BCCD0BEE,4.4,4.65,3.0,18.0,0.0,-0.75,-1.6
PROP-0F24070CF2D8,6.5,6.75,4.0,19.25,0.0,0.0,0.5
PROP-15C6CB9EFBC4,6.5,6.75,4.0,19.25,0.0,0.0,0.5
PROP-DD7664BC160C,4.0,4.25,3.0,18.0,0.0,0.0,-1.15
PROP-2AFBE2785865,4.0,4.25,4.0,18.0,0.0,0.0,0.0
PROP-2F02A76D25BA,4.4,4.65,3.0,18.0,0.0,-0.75,-1.6
PROP-84A565DDA699,4.4,4.65,3.0,18.0,0.0,-0.75,-1.6
PROP-5B1D193B8BEF,5.9,6.15,4.5,18.0,0.0,1.0,1.9
PROP-3990A80B7E88,4.0,4.25,3.0,18.0,0.0,0.0,-1.15
PROP-1325352143E7,6.5,6.75,4.0,19.5,0.0,0.25,0.5
PROP-5232983C0EA6,5.15,5.4,4.0,18.5,-0.25,-0.6,-1.35
PROP-F6766D1B8C97,4.9,5.15,4.5,18.0,0.0,0.9,0.9
PROP-5C68A376A804,5.15,5.4,4.0,18.5,-0.25,-0.6,-1.35
PROP-DA8DA6DA099E,4.0,4.25,4.0,18.0,0.0,0.0,0.0
PROP-E3D40FE4E669,6.5,6.75,4.0,19.25,0.0,0.0,0.5
PROP-352AFA866112,6.5,6.75,4.0,19.25,0.0,0.0,0.5
PROP-4B451A88ECFF,5.15,5.4,4.0,18.25,0.0,0.0,-1.35
PROP-B87ABF60E715,5.15,5.4,4.0,18.25,0.0,0.0,-1.35
PROP-AD156EE899F4,4.0,4.25,3.0,18.0,0.0,-0.4,-1.75
PROP-974325224E0B,5.15,5.4,4.0,18.5,-0.25,-0.6,-1.35
PROP-74731FF22A2E,5.9,6.15,4.5,18.0,0.0,1.0,1.9
PROP-C4D0D206A303,4.0,4.25,3.0,18.0,0.0,0.0,-1.15
PROP-96577465F0DC,4.0,4.25,4.0,18.0,0.0,0.0,0.0
PROP-28ED7BF56A39,6.5,6.75,4.0,19.25,0.0,0.0,0.5
PROP-97FF862E203A,4.0,4.25,4.0,18.0,0.0,0.0,0.0
PROP-8BA09DE89F0C,4.0,4.25,4.0,18.0,0.0,0.0,0.0
PROP-C280EFC6A29A,4.0,4.25,4.0,18.0,0.0,0.0,0.0
PROP-CAF7694EC367,4.0,4.25,3.0,18.0,0.0,-0.4,-1.75
PROP-C400BCD7680E,5.15,5.4,4.0,18.5,-0.25,-0.6,-1.35
PROP-9F688DC0F2F6,6.0,6.25,4.0,19.5,0.0,0.0,-0.25
PROP-DD827CF00BF7,4.0,4.25,3.0,18.0,0.0,0.0,-1.15
PROP-9812020C0B67,5.9,6.15,4.5,18.0,0.0,1.0,1.9
PROP-B88395FFC573,4.4,4.65,3.0,18.0,0.0,-0.75,-1.6
PROP-5D861391E50B,4.0,4.25,4.0,18.0,0.0,0.0,0.0
PROP-09386789E29D,6.5,6.75,4.0,19.25,0.0,0.0,0.5
PROP-C0CD75FD2E08,5.9,6.15,4.5,18.0,0.0,1.0,1.9
PROP-0B4A2A353F12,5.15,5.4,4.0,18.5,-0.25,-0.6,-1.35
PROP-B92C2336EB93,4.0,4.25,3.5,18.0,0.0,0.0,-0.4
PROP-DEC084B63D73,4.0,4.25,4.0,18.0,0.0,0.0,0.0
PROP-2B2D243FDB15,4.0,4.25,4.0,18.0,0.0,0.0,0.0
PROP-3BBBFCA0D39A,6.5,6.75,4.0,19.5,0.0,0.25,0.5
PROP-76C7370CE58E,5.15,5.4,4.0,18.25,0.0,0.0,-1.35
PROP-BF20F05F9192,4.0,4.25,4.0,18.0,0.0,0.0,0.0
PROP-5935D11D0E71,4.0,4.25,4.0,18.0,0.0,0.0,0.0
PROP-756DE4A8386D,4.0,4.25,4.0,18.0,0.0,0.0,0.0
PROP-BE616713FF94,4.4,4.65,3.0,18.0,0.0,-0.75,-1.6
PROP-1A2CACBB894E,4.0,4.25,3.0,18.0,0.0,0.0,-1.15
PROP-6E4F46F4CADE,4.0,4.25,3.0,18.0,0.0,0.0,-1.15
PROP-24E9CE7CF1AB,6.5,6.75,4.0,19.25,0.0,0.0,0.5
PROP-460994351B37,5.15,5.4,4.0,18.25,0.0,0.0,-1.35
PROP-280EF543390C,4.0,4.25,4.0,18.0,0.0,0.0,0.0
PROP-86DB97ED3620,4.0,4.25,4.0,18.0,0.0,0.0,0.0
PROP-A88EF899E623,6.0,6.25,4.0,19.5,0.0,0.0,-0.25
PROP-F8870211EF88,5.15,5.4,4.0,18.25,0.0,0.0,-1.35
PROP-53D0CC774AD8,5.15,5.4,4.0,18.5,-0.25,-0.6,-1.35
PROP-2F3ADF00A234,6.5,6.75,4.0,19.5,0.0,0.25,0.5
PROP-972A7EFC52C7,4.0,4.25,4.0,18.0,0.0,0.0,0.0
PROP-386CC3E645FB,6.0,6.25,4.0,19.5,0.0,0.0,-0.25
PROP-3FBBF69F29D1,5.15,5.4,4.0,18.25,0.0,0.0,-1.35
PROP-5B927135242D,6.0,6.25,4.0,19.5,0.0,0.0,-0.25
PROP-73DBC563B5CD,5.15,5.4,4.0,18.25,0.0,0.0,-1.35
PROP-9E837B3F9DD0,4.0,4.25,3.5,18.0,0.0,0.0,-0.4
PROP-6BB76AAC1CFC,5.15,5.4,4.0,18.5,-0.25,-0.6,-1.35
PROP-43ADBF72FC14,4.0,4.25,4.0,18.0,0.0,0.0,0.0
PROP-4D1E089DB966,4.0,4.25,4.0,18.0,0.0,0.0,0.0
PROP-2EA0E2DBA39E,5.9,6.15,4.5,18.0,0.0,1.0,1.9
PROP-7DB1A8426B9C,5.9,6.15,4.5,18.0,0.0,1.0,1.9
PROP-C95EFF5543AE,6.5,6.75,4.0,19.5,0.0,0.25,0.5
PROP-9A56D438B143,4.0,4.25,3.0,18.0,0.0,0.0,-1.15
PROP-8BB6B9DA313A,5.15,5.4,4.0,18.25,0.0,0.0,-1.35
PROP-8690CD0E8CEB,4.0,4.25,3.0,18.0,0.0,0.0,-1.15
PROP-7AA8D05E0C2C,5.15,5.4,4.0,18.25,0.0,0.0,-1.35
PROP-0038EDBB36D2,4.4,4.65,3.0,18.0,0.0,-0.75,-1.6
PROP-64FBDF730C8D,4.0,4.25,4.0,18.0,0.0,0.0,0.0
PROP-0BC915E3D6EA,4.0,4.25,3.5,18.0,0.0,0.0,-0.4
PROP-A230480D240B,6.25,6.5,4.0,19.5,0.0,0.25,0.0
PROP-1A4D986F8144,5.9,6.15,4.5,18.0,0.0,1.0,1.9
PROP-047616FD2187,5.75,6.0,4.0,19.0,0.0,-0.25,-0.5
PROP-FF50308DDCCF,4.0,4.25,3.5,18.0,0.0,0.0,-0.4
PROP-B80A49D77B11,4.0,4.25,4.0,18.0,0.0,0.0,0.0
PROP-7E2576135ECA,4.0,4.25,4.0,18.0,0.0,0.0,0.0
PROP-BEDA27D6C498,5.9,6.15,4.5,18.0,0.0,1.0,1.9
PROP-31010E50F074,4.0,4.25,3.0,18.0,0.0,0.0,-1.15
PROP-AB9E6AB0B9CF,6.25,6.5,4.0,19.5,0.0,0.25,0.0
PROP-52CD4081A7C4,4.0,4.25,3.5,18.0,0.0,0.0,-0.4
PROP-6EB64883962B,4.0,4.25,3.5,18.0,0.0,0.0,-0.4
PROP-7F4DD2E6FD69,6.5,6.75,4.0,19.5,0.0,0.25,0.5
PROP-A7910C008A88,5.9,6.15,4.5,18.0,0.0,1.0,1.9
PROP-C33C5E6DF5CC,5.15,5.4,4.0,18.5,-0.25,-0.6,-1.35
PROP-2747D138A311,6.0,6.25,4.0,19.5,0.0,0.0,-0.25
PROP-5383E11A86C7,4.0,4.25,3.0,18.0,0.0,0.0,-1.15
PROP-428539D296AF,5.75,6.0,4.0,19.0,0.0,-0.25,-0.5
PROP-EC190C515144,4.0,4.25,3.0,18.0,0.0,0.0,-1.15
PROP-9F6337D3A1E8,4.4,4.65,3.0,18.0,0.0,-0.75,-1.6
PROP-A672225578D6,6.5,6.75,4.0,19.5,0.0,0.25,0.5
PROP-CD5B9ED06BF2,4.0,4.25,3.0,18.0,0.0,0.0,-1.15
PROP-7B6F7930318A,5.9,6.15,4.5,18.0,0.0,1.0,1.9
PROP-A992170E42F8,4.0,4.25,3.0,18.0,0.0,0.0,-1.15
PROP-A08DF08F5A4C,4.0,4.25,4.0,18.0,0.0,0.0,0.0
PROP-3BD62F6DAD98,6.0,6.25,4.0,19.25,-0.25,-0.5,0.0
PROP-B48414324034,5.75,6.0,4.0,19.0,0.0,-0.25,-0.5
PROP-F9A280CB0DD2,4.0,4.25,3.5,18.0,0.0,0.0,-0.4
PROP-CC097E3CEBA8,6.0,6.25,4.0,19.25,-0.25,-0.5,0.0
PROP-D077286584E6,4.0,4.25,3.5,18.0,0.0,0.0,-0.4
PROP-6112D1781924,4.9,5.15,4.5,18.0,0.0,0.9,0.9
PROP-F308D602217E,5.15,5.4,4.0,18.5,-0.25,-0.6,-1.35
PROP-42DC35D6525D,6.0,6.25,4.0,19.5,0.0,0.0,-0.25
PROP-2ED9A34FA044,4.0,4.25,4.0,18.0,0.0,0.0,0.0
PROP-34DBD024A8F8,5.9,6.15,4.5,18.0,0.0,1.0,1.9
PROP-06F20729360C,4.4,4.65,3.0,18.0,0.0,-0.75,-1.6
PROP-B2A91561C83B,6.0,6.25,4.0,19.25,-0.25,-0.5,0.0
PROP-1538AE991581,5.9,6.15,4.5,18.0,0.0,1.0,1.9
PROP-97AA51718D52,4.0,4.25,3.0,18.0,0.0,0.0,-1.15
PROP-2EE4B39C76F5,4.0,4.25,4.0,18.0,0.0,0.0,0.0
PROP-07F79D860AC8,4.4,4.65,3.0,18.0,0.0,-0.75,-1.6
PROP-880C6F34B0DF,4.9,5.15,4.5,18.0,0.0,0.9,0.9
PROP-4223427364F3,4.0,4.25,3.5,18.0,0.0,0.0,-0.4
PROP-29480A70EEC8,4.0,4.25,4.0,18.0,0.0,0.0,0.0
PROP-BE64F35F6F2F,6.0,6.25,4.0,19.5,0.0,0.0,-0.25
PROP-E590D740A56E,4.0,4.25,3.0,18.0,0.0,-0.4,-1.75
PROP-F32B04A67FC8,4.4,4.65,3.0,18.0,0.0,-0.75,-1.6
PROP-9FB42CBFFC3B,4.0,4.25,4.0,18.0,0.0,0.0,0.0
PROP-6EC3FCE1C646,6.5,6.75,4.0,19.5,0.0,0.25,0.5
PROP-1CC792339EFC,4.0,4.25,3.0,18.0,0.0,-0.4,-1.75
PROP-317EC3D1F996,4.0,4.25,4.0,18.0,0.0,0.0,0.0
PROP-D61371830CE8,4.0,4.25,4.0,18.0,0.0,0.0,0.0
PROP-70957463230C,4.0,4.25,3.5,18.0,0.0,0.0,-0.4
PROP-C69B87F734A0,6.0,6.25,4.0,19.25,-0.25,-0.5,0.0
PROP-AD966C293520,5.15,5.4,4.0,18.25,0.0,0.0,-1.35
PROP-7216FD8BA614,6.5,6.75,4.0,19.25,0.0,0.0,0.5
PROP-AA24CA655007,4.4,4.65,3.0,18.0,0.0,-0.75,-1.6
PROP-DC7C8FA06932,4.0,4.25,3.0,18.0,0.0,-0.4,-1.75
PROP-168F003D26E2,6.25,6.5,4.0,19.5,0.0,0.25,0.0
PROP-CAB419827C19,6.25,6.5,4.0,19.5,0.0,0.25,0.0
PROP-CE671C8F2745,6.5,6.75,4.0,19.5,0.0,0.25,0.5
PROP-BCBAF295B00C,4.0,4.25,4.0,18.0,0.0,0.0,0.0
PROP-1A6DD4E251E5,4.0,4.25,4.0,18.0,0.0,0.0,0.0
PROP-89D93F1C6E33,4.0,4.25,4.0,18.0,0.0,0.0,0.0
PROP-1DAD0C6EF765,6.5,6.75,4.0,19.25,0.0,0.0,0.5
PROP-E77EA7B10035,4.0,4.25,4.0,18.0,0.0,0.0,0.0
PROP-6F2ECE75D556,4.0,4.25,4.0,18.0,0.0,0.0,0.0
PROP-44BEF81DB4A9,6.0,6.25,4.0,19.25,-0.25,-0.5,0.0
PROP-0C86F60921AB,4.0,4.25,4.0,18.0,0.0,0.0,0.0
PROP-1EADA684CAAA,6.0,6.25,4.0,19.5,0.0,0.0,-0.25
PROP-C4AEA973B2D5,4.0,4.25,3.0,18.0,0.0,0.0,-1.15
PROP-A1A0AD2FD01B,6.0,6.25,4.0,19.5,0.0,0.0,-0.25
PROP-EF77BC885362,5.15,5.4,4.0,18.5,-0.25,-0.6,-1.35
PROP-6B6B7816E643,5.9,6.15,4.5,18.0,0.0,1.0,1.9
PROP-65AD313F3805,5.15,5.4,4.0,18.5,-0.25,-0.6,-1.35
PROP-3A511FF02179,4.0,4.25,4.0,18.0,0.0,0.0,0.0
PROP-8BAF2BEE0263,4.0,4.25,4.0,18.0,0.0,0.0,0.0
PROP-6CB376B42E54,5.9,6.15,4.5,18.0,0.0,1.0,1.9
PROP-140370EDF182,4.0,4.25,4.0,18.0,0.0,0.0,0.0
PROP-426D2AAA7CEB,5.9,6.15,4.5,18.0,0.0,1.0,1.9
PROP-0191E9B0FD19,4.0,4.25,3.0,18.0,0.0,0.0,-1.15
PROP-40CD9AD9F0D9,5.15,5.4,4.0,18.25,0.0,0.0,-1.35
PROP-D21AB9FF38AE,5.15,5.4,4.0,18.25,0.0,0.0,-1.35
PROP-BD90C11DB865,4.9,5.15,4.5,18.0,0.0,0.9,0.9
PROP-B5554F1BD902,5.15,5.4,4.0,18.5,-0.25,-0.6,-1.35
PROP-84E101BF62B3,6.0,6.25,4.0,19.5,0.0,0.0,-0.25
PROP-9E773DE4BE09,6.5,6.75,4.0,19.5,0.0,0.25,0.5
PROP-A973377AC66F,4.4,4.65,3.0,18.0,0.0,-0.75,-1.6
PROP-542C4186E7F7,4.9,5.15,4.5,18.0,0.0,0.9,0.9
PROP-F433A55E67A1,4.0,4.25,3.0,18.0,0.0,0.0,-1.15
PROP-DC8AA9597B11,5.15,5.4,4.0,18.25,0.0,0.0,-1.35
PROP-CDE294D1EBDA,4.0,4.25,4.0,18.0,0.0,0.0,0.0
PROP-59F7E56866C9,4.0,4.25,4.0,18.0,0.0,0.0,0.0
PROP-E6D1A76723E7,4.0,4.25,3.0,18.0,0.0,-0.4,-1.75
PROP-B143485A5DFA,6.0,6.25,4.0,19.5,0.0,0.0,-0.25
PROP-84221EEE5998,4.4,4.65,3.0,18.0,0.0,-0.75,-1.6
PROP-23A5729B17A3,6.5,6.75,4.0,19.5,0.0,0.25,0.5
PROP-219CD0EAF5FA,4.0,4.25,3.0,18.0,0.0,-0.4,-1.75
PROP-7F2DB77FA662,4.0,4.25,3.0,18.0,0.0,0.0,-1.15
PROP-B6F2AC50EC4B,4.0,4.25,4.0,18.0,0.0,0.0,0.0
PROP-527F88B6C143,6.5,6.75,4.0,19.5,0.0,0.25,0.5
PROP-069190E5B763,6.5,6.75,4.0,19.5,0.0,0.25,0.5
PROP-0F4222AC21A2,5.75,6.0,4.0,19.0,0.0,-0.25,-0.5
PROP-CE29313C1CC2,6.5,6.75,4.0,19.25,0.0,0.0,0.5
PROP-1B62644E2513,6.25,6.5,4.0,19.5,0.0,0.25,0.0
PROP-B68A85ED81D1,4.0,4.25,3.5,18.0,0.0,0.0,-0.4
PROP-CFFF3032E4E0,4.9,5.15,4.5,18.0,0.0,0.9,0.9
PROP-5587E60F1ACF,6.5,6.75,4.0,19.25,0.0,0.0,0.5
PROP-B8FD5F36E41C,4.0,4.25,3.0,18.0,0.0,0.0,-1.15
PROP-389AD560221A,4.0,4.25,4.0,18.0,0.0,0.0,0.0
PROP-B10686C004C9,4.0,4.25,3.5,18.0,0.0,0.0,-0.4
PROP-8A0AB7499D59,4.0,4.25,4.0,18.0,0.0,0.0,0.0
PROP-B43E8124C9CC,4.0,4.25,3.5,18.0,0.0,0.0,-0.4
PROP-A266440291CA,6.5,6.75,4.0,19.25,0.0,0.0,0.5
PROP-8D44E6E7836F,4.0,4.25,3.0,18.0,0.0,0.0,-1.15
PROP-94B7658F5231,4.0,4.25,3.0,18.0,0.0,0.0,-1.15
PROP-5612A6C02DB8,4.0,4.25,3.5,18.0,0.0,0.0,-0.4
PROP-8F803B421912,6.0,6.25,4.0,19.25,-0.25,-0.5,0.0
PROP-41DD8F087807,5.15,5.4,4.0,18.25,0.0,0.0,-1.35
PROP-DB309806F876,4.0,4.25,3.0,18.0,0.0,0.0,-1.15
PROP-9ABD2E06F22E,4.0,4.25,4.0,18.0,0.0,0.0,0.0
PROP-9D43E28ACE01,6.25,6.5,4.0,19.5,0.0,0.25,0.0
PROP-9F1CB5B2C6C4,5.15,5.4,4.0,18.25,0.0,0.0,-1.35
PROP-2CB701DEE46D,5.15,5.4,4.0,18.5,-0.25,-0.6,-1.35
PROP-E28D599D5A25,5.15,5.4,4.0,18.25,0.0,0.0,-1.35
PROP-D62DA5612049,6.0,6.25,4.0,19.25,-0.25,-0.5,0.0
PROP-D8D227ECC4D3,5.75,6.0,4.0,19.0,0.0,-0.25,-0.5
PROP-C13CAD221719,5.15,5.4,4.0,18.5,-0.25,-0.6,-1.35
PROP-1FD7F59A7F99,4.0,4.25,3.0,18.0,0.0,0.0,-1.15
PROP-454ADECEDD11,5.15,5.4,4.0,18.25,0.0,0.0,-1.35
PROP-053BF0F6231F,5.75,6.0,4.0,19.0,0.0,-0.25,-0.5
PROP-F6169483DC18,4.0,4.25,3.5,18.0,0.0,0.0,-0.4
PROP-61116E36D88E,4.0,4.25,3.0,18.0,0.0,0.0,-1.15
PROP-5F159D609565,4.0,4.25,4.0,18.0,0.0,0.0,0.0
PROP-43232A2796DD,5.9,6.15,4.5,18.0,0.0,1.0,1.9
PROP-DD30D103F266,4.9,5.15,4.5,18.0,0.0,0.9,0.9
PROP-B566AB1B28D7,4.0,4.25,3.0,18.0,0.0,-0.4,-1.75
PROP-CFCCA804B092,6.25,6.5,4.0,19.5,0.0,0.25,0.0
PROP-AA0CC1E67A59,5.9,6.15,4.5,18.0,0.0,1.0,1.9
PROP-6FCD48EFF415,5.15,5.4,4.0,18.25,0.0,0.0,-1.35
PROP-77DF8D622DBA,4.0,4.25,3.5,18.0,0.0,0.0,-0.4
PROP-66441F6436B0,4.9,5.15,4.5,18.0,0.0,0.9,0.9
PROP-34877C767717,6.0,6.25,4.0,19.25,-0.25,-0.5,0.0
PROP-87AF0222A566,4.0,4.25,3.0,18.0,0.0,0.0,-1.15
PROP-81451D2EC9FC,5.9,6.15,4.5,18.0,0.0,1.0,1.9
PROP-426304652951,4.0,4.25,4.0,18.0,0.0,0.0,0.0
PROP-42085D0FD131,6.5,6.75,4.0,19.5,0.0,0.25,0.5
PROP-C43A5DD549D6,4.0,4.25,4.0,18.0,0.0,0.0,0.0
PROP-3E0A7FFC8F44,4.0,4.25,3.0,18.0,0.0,0.0,-1.15
PROP-D545824FCE12,6.0,6.25,4.0,19.25,-0.25,-0.5,0.0
PROP-49F8427BA530,6.0,6.25,4.0,19.5,0.0,0.0,-0.25
PROP-AD0763871A2B,6.5,6.75,4.0,19.5,0.0,0.25,0.5
PROP-78D9F3BC28E1,4.0,4.25,4.0,18.0,0.0,0.0,0.0
PROP-3924AB89A8F8,6.5,6.75,4.0,19.25,0.0,0.0,0.5
PROP-32EBC66B781B,6.0,6.25,4.0,19.25,-0.25,-0.5,0.0
PROP-81B31D507B6B,4.0,4.25,4.0,18.0,0.0,0.0,0.0
PROP-069ED981CF7B,6.5,6.75,4.0,19.25,0.0,0.0,0.5
PROP-2840CE13C4CA,6.0,6.25,4.0,19.25,-0.25,-0.5,0.0
PROP-898243F14116,4.0,4.25,3.0,18.0,0.0,-0.4,-1.75
PROP-59425D6B90B5,6.0,6.25,4.0,19.5,0.0,0.0,-0.25
PROP-32A4C065F055,4.0,4.25,4.0,18.0,0.0,0.0,0.0
PROP-C4EF9DF1AFEE,4.0,4.25,3.5,18.0,0.0,0.0,-0.4
PROP-B7FEAC547CA7,4.9,5.15,4.5,18.0,0.0,0.9,0.9
PROP-0481F45A3284,6.25,6.5,4.0,19.5,0.0,0.25,0.0
PROP-F58AC1074B9B,6.0,6.25,4.0,19.5,0.0,0.0,-0.25
PROP-2E315B85AA19,5.9,6.15,4.5,18.0,0.0,1.0,1.9
PROP-7EB8B1FF2E3F,4.9,5.15,4.5,18.0,0.0,0.9,0.9
PROP-2838E40C6EE5,5.75,6.0,4.0,19.0,0.0,-0.25,-0.5
PROP-5CFE43A40A59,6.0,6.25,4.0,19.5,0.0,0.0,-0.25
PROP-5011E8DFAA04,5.15,5.4,4.0,18.5,-0.25,-0.6,-1.35
PROP-32B1B4C9B69C,4.0,4.25,3.0,18.0,0.0,0.0,-1.15
PROP-FC2008100E33,4.0,4.25,4.0,18.0,0.0,0.0,0.0
PROP-8C3CEA495C26,4.0,4.25,4.0,18.0,0.0,0.0,0.0
PROP-677A0F1DBB5D,4.0,4.25,3.0,18.0,0.0,0.0,-1.15
PROP-19243DBED78A,6.25,6.5,4.0,19.5,0.0,0.25,0.0
PROP-0E1ED18B2F72,4.0,4.25,3.0,18.0,0.0,0.0,-1.15
PROP-EEBA1F0EB3CE,4.0,4.25,3.0,18.0,0.0,-0.4,-1.75
PROP-677A46584977,6.0,6.25,4.0,19.5,0.0,0.0,-0.25
PROP-76A544A9FE2A,6.0,6.25,4.0,19.25,-0.25,-0.5,0.0
PROP-4282396C3F81,4.0,4.25,4.0,18.0,0.0,0.0,0.0
PROP-13350942A2F6,4.0,4.25,4.0,18.0,0.0,0.0,0.0
PROP-008625DA3424,4.4,4.65,3.0,18.0,0.0,-0.75,-1.6
PROP-CAF5F1DC0EE0,5.15,5.4,4.0,18.5,-0.25,-0.6,-1.35
PROP-EB43842CD396,4.0,4.25,3.5,18.0,0.0,0.0,-0.4
PROP-06E01DE1DAB4,4.9,5.15,4.5,18.0,0.0,0.9,0.9
PROP-F5D6F171D085,4.0,4.25,3.0,18.0,0.0,0.0,-1.15
PROP-C1C229391045,5.75,6.0,4.0,19.0,0.0,-0.25,-0.5
PROP-8990F49A2BB5,4.0,4.25,4.0,18.0,0.0,0.0,0.0
PROP-376FE777C681,4.0,4.25,3.0,18.0,0.0,0.0,-1.15
PROP-4E119C9A393B,5.9,6.15,4.5,18.0,0.0,1.0,1.9
PROP-EDC70323BFBE,4.0,4.25,4.0,18.0,0.0,0.0,0.0
PROP-5AF46D1968DD,6.0,6.25,4.0,19.25,-0.25,-0.5,0.0
PROP-199217E76EA5,4.0,4.25,4.0,18.0,0.0,0.0,0.0
PROP-8B5C0BABB32E,5.15,5.4,4.0,18.5,-0.25,-0.6,-1.35
PROP-DFEE17F469EB,4.0,4.25,3.0,18.0,0.0,-0.4,-1.75
PROP-17AD810F2E44,4.0,4.25,4.0,18.0,0.0,0.0,0.0
PROP-63FDA6BCBB19,6.0,6.25,4.0,19.25,-0.25,-0.5,0.0
PROP-317DAA9555F8,4.0,4.25,4.0,18.0,0.0,0.0,0.0
PROP-2F2AA7ADB5EC,4.0,4.25,4.0,18.0,0.0,0.0,0.0
PROP-3CEE656CF538,4.4,4.65,3.0,18.0,0.0,-0.75,-1.6
PROP-2A25157860A3,4.4,4.65,3.0,18.0,0.0,-0.75,-1.6
PROP-30F29209C14E,5.9,6.15,4.5,18.0,0.0,1.0,1.9
PROP-E7FEC0F9F14E,6.5,6.75,4.0,19.5,0.0,0.25,0.5
PROP-B9D66A7E9013,4.0,4.25,3.0,18.0,0.0,0.0,-1.15
PROP-0E2DBE7372A4,5.15,5.4,4.0,18.5,-0.25,-0.6,-1.35
PROP-DA1C2531C1EE,4.0,4.25,4.0,18.0,0.0,0.0,0.0
PROP-02759B0F7FA6,5.15,5.4,4.0,18.25,0.0,0.0,-1.35
PROP-BB6E2289799E,5.15,5.4,4.0,18.25,0.0,0.0,-1.35
PROP-A874F692FDB3,4.0,4.25,4.0,18.0,0.0,0.0,0.0
PROP-E40CCBBEBFF9,4.0,4.25,3.0,18.0,0.0,0.0,-1.15
PROP-8F65E5996E86,4.4,4.65,3.0,18.0,0.0,-0.75,-1.6
PROP-492625BAD932,4.9,5.15,4.5,18.0,0.0,0.9,0.9
PROP-360CCBB3F462,6.25,6.5,4.0,19.5,0.0,0.25,0.0
PROP-2C989CD001DD,4.4,4.65,3.0,18.0,0.0,-0.75,-1.6
PROP-BDA369CBAE67,4.0,4.25,4.0,18.0,0.0,0.0,0.0
PROP-FD60D060D0F2,5.75,6.0,4.0,19.0,0.0,-0.25,-0.5
PROP-1D5CF6DD2C38,4.9,5.15,4.5,18.0,0.0,0.9,0.9
PROP-F08DE70114CF,4.0,4.25,4.0,18.0,0.0,0.0,0.0
PROP-8FBCA026953D,4.0,4.25,3.0,18.0,0.0,0.0,-1.15
PROP-458DEF5FE251,4.9,5.15,4.5,18.0,0.0,0.9,0.9
PROP-542BE0C4E8C7,4.4,4.65,3.0,18.0,0.0,-0.75,-1.6
PROP-B04B4B568E69,4.0,4.25,4.0,18.0,0.0,0.0,0.0
PROP-75D8FA66D4D5,6.0,6.25,4.0,19.25,-0.25,-0.5,0.0
PROP-C9366A78D70D,4.9,5.15,4.5,18.0,0.0,0.9,0.9
PROP-86A466C1422A,6.0,6.25,4.0,19.25,-0.25,-0.5,0.0
PROP-578B44709F4B,4.0,4.25,4.0,18.0,0.0,0.0,0.0
PROP-8226A3C4BDFB,4.0,4.25,4.0,18.0,0.0,0.0,0.0
PROP-7289071CC362,5.15,5.4,4.0,18.25,0.0,0.0,-1.35
PROP-046DBBA740E7,5.75,6.0,4.0,19.0,0.0,-0.25,-0.5
PROP-632C124B793F,4.9,5.15,4.5,18.0,0.0,0.9,0.9
PROP-23D1C46A6E09,6.0,6.25,4.0,19.5,0.0,0.0,-0.25
PROP-396FAF52697A,6.5,6.75,4.0,19.5,0.0,0.25,0.5
PROP-75035B6EE2A1,4.0,4.25,3.0,18.0,0.0,0.0,-1.15
PROP-F49FC2BE563A,4.0,4.25,4.0,18.0,0.0,0.0,0.0
PROP-F5465006329D,4.0,4.25,3.0,18.0,0.0,0.0,-1.15
PROP-4D7964E143EF,4.0,4.25,3.0,18.0,0.0,0.0,-1.15
PROP-D9CFC5E00426,6.25,6.5,4.0,19.5,0.0,0.25,0.0
PROP-AE3618DD1EF7,6.25,6.5,4.0,19.5,0.0,0.25,0.0
PROP-37FA4D358BA0,6.5,6.75,4.0,19.25,0.0,0.0,0.5
PROP-E4E5D9AD326C,6.0,6.25,4.0,19.5,0.0,0.0,-0.25
PROP-B6BB616D8810,6.0,6.25,4.0,19.25,-0.25,-0.5,0.0
PROP-BB7E6C12AC01,5.9,6.15,4.5,18.0,0.0,1.0,1.9
PROP-C787D641A765,4.4,4.65,3.0,18.0,0.0,-0.75,-1.6
PROP-859A90C0E48E,6.0,6.25,4.0,19.25,-0.25,-0.5,0.0
PROP-34A9F12E7619,4.0,4.25,3.5,18.0,0.0,0.0,-0.4
PROP-8186D4F7C797,6.25,6.5,4.0,19.5,0.0,0.25,0.0
PROP-D0C6BDB466CA,4.0,4.25,3.5,18.0,0.0,0.0,-0.4
PROP-741C96EF583F,6.5,6.75,4.0,19.25,0.0,0.0,0.5
PROP-F0CD7D7B91C7,5.15,5.4,4.0,18.5,-0.25,-0.6,-1.35
PROP-CFB66B79AB8A,4.0,4.25,3.0,18.0,0.0,-0.4,-1.75
PROP-F0C9F50450AB,6.25,6.5,4.0,19.5,0.0,0.25,0.0
PROP-4C77F19FF4FE,4.4,4.65,3.0,18.0,0.0,-0.75,-1.6
PROP-96323E18006D,5.15,5.4,4.0,18.25,0.0,0.0,-1.35
PROP-62B3C025A799,4.0,4.25,4.0,18.0,0.0,0.0,0.0
PROP-97CD4339F338,5.15,5.4,4.0,18.5,-0.25,-0.6,-1.35
PROP-02B5BBAB40F3,4.0,4.25,3.0,18.0,0.0,0.0,-1.15
PROP-311EA53670F4,4.0,4.25,3.5,18.0,0.0,0.0,-0.4
PROP-663084170394,6.0,6.25,4.0,19.5,0.0,0.0,-0.25
PROP-17CEA411974C,5.15,5.4,4.0,18.25,0.0,0.0,-1.35
PROP-D27FE8ED9C9F,4.9,5.15,4.5,18.0,0.0,0.9,0.9
PROP-221699B617C6,5.15,5.4,4.0,18.5,-0.25,-0.6,-1.35
PROP-BE577A29B7DC,6.25,6.5,4.0,19.5,0.0,0.25,0.0
PROP-4A541EAB5E3B,5.15,5.4,4.0,18.25,0.0,0.0,-1.35
PROP-8598FF5B0D9F,6.5,6.75,4.0,19.5,0.0,0.25,0.5
PROP-819403449005,4.0,4.25,3.5,18.0,0.0,0.0,-0.4
PROP-BA61B976B4F6,5.9,6.15,4.5,18.0,0.0,1.0,1.9
PROP-1028B4EEB58E,5.15,5.4,4.0,18.25,0.0,0.0,-1.35
PROP-ACA4D9272625,6.5,6.75,4.0,19.25,0.0,0.0,0.5
PROP-07142F281307,5.15,5.4,4.0,18.5,-0.25,-0.6,-1.35
PROP-2CE536CC8739,5.9,6.15,4.5,18.0,0.0,1.0,1.9
PROP-64BCC534DEE6,5.9,6.15,4.5,18.0,0.0,1.0,1.9
PROP-A7E58EBC8111,6.5,6.75,4.0,19.5,0.0,0.25,0.5
PROP-8DFCFB61B985,4.4,4.65,3.0,18.0,0.0,-0.75,-1.6
PROP-5AA6F43284B1,5.9,6.15,4.5,18.0,0.0,1.0,1.9
PROP-A15F6E3F3EE0,4.4,4.65,3.0,18.0,0.0,-0.75,-1.6
PROP-38EAFC18E2E0,4.0,4.25,4.0,18.0,0.0,0.0,0.0
PROP-FC5B51563F62,4.4,4.65,3.0,18.0,0.0,-0.75,-1.6
PROP-4F52AFBE4481,5.9,6.15,4.5,18.0,0.0,1.0,1.9
PROP-C31D335D562B,6.25,6.5,4.0,19.5,0.0,0.25,0.0
PROP-DAE8D3047038,5.15,5.4,4.0,18.5,-0.25,-0.6,-1.35
PROP-F51837D84A18,5.9,6.15,4.5,18.0,0.0,1.0,1.9
PROP-174011838F9E,5.75,6.0,4.0,19.0,0.0,-0.25,-0.5
PROP-A3B108569EF6,4.0,4.25,4.0,18.0,0.0,0.0,0.0
PROP-62D1921BA313,5.15,5.4,4.0,18.5,-0.25,-0.6,-1.35
PROP-FD808EDF26D6,5.75,6.0,4.0,19.0,0.0,-0.25,-0.5
PROP-1F155BCE877B,6.25,6.5,4.0,19.5,0.0,0.25,0.0
PROP-38C44B534F9E,4.0,4.25,3.0,18.0,0.0,-0.4,-1.75
PROP-AF4D2F125A68,6.0,6.25,4.0,19.5,0.0,0.0,-0.25
PROP-B88345C39282,6.25,6.5,4.0,19.5,0.0,0.25,0.0
PROP-11F6896D35AA,4.4,4.65,3.0,18.0,0.0,-0.75,-1.6
PROP-8770EB708E27,4.0,4.25,3.0,18.0,0.0,0.0,-1.15
PROP-F74E2E3DDDF5,4.0,4.25,4.0,18.0,0.0,0.0,0.0
PROP-B3E432D1FDB4,4.0,4.25,3.0,18.0,0.0,0.0,-1.15
PROP-4D448921E6A6,4.0,4.25,3.0,18.0,0.0,0.0,-1.15
PROP-541C3B96AD8A,4.0,4.25,4.0,18.0,0.0,0.0,0.0
PROP-B628391A23DC,4.0,4.25,4.0,18.0,0.0,0.0,0.0
PROP-BFBB36B68811,5.15,5.4,4.0,18.5,-0.25,-0.6,-1.35
PROP-D5FDCA073DCC,4.0,4.25,4.0,18.0,0.0,0.0,0.0
PROP-CBE4BDD50E49,6.25,6.5,4.0,19.5,0.0,0.25,0.0
PROP-79A803258FC1,4.0,4.25,3.0,18.0,0.0,-0.4,-1.75
PROP-6AFD1A14CAC8,4.9,5.15,4.5,18.0,0.0,0.9,0.9
PROP-EDF3E9E9EEA6,4.0,4.25,4.0,18.0,0.0,0.0,0.0
PROP-68AA96CE2AAB,6.0,6.25,4.0,19.25,-0.25,-0.5,0.0
PROP-B553DF515F0A,4.4,4.65,3.0,18.0,0.0,-0.75,-1.6
PROP-A25299A351DA,6.5,6.75,4.0,19.25,0.0,0.0,0.5
PROP-A4D421E11265,4.0,4.25,4.0,18.0,0.0,0.0,0.0
PROP-9900E0547800,4.0,4.25,3.0,18.0,0.0,0.0,-1.15
PROP-6200C9A9ECAA,6.0,6.25,4.0,19.25,-0.25,-0.5,0.0
PROP-96358EF80DE7,4.0,4.25,4.0,18.0,0.0,0.0,0.0
PROP-A745F5E64EA9,6.5,6.75,4.0,19.25,0.0,0.0,0.5
PROP-A5561AA6A795,5.15,5.4,4.0,18.25,0.0,0.0,-1.35
PROP-92F43CDD0D1D,4.0,4.25,4.0,18.0,0.0,0.0,0.0
PROP-6EC83144CC45,6.5,6.75,4.0,19.5,0.0,0.25,0.5
PROP-C7F8063207C1,6.5,6.75,4.0,19.25,0.0,0.0,0.5
PROP-50D58314C956,5.9,6.15,4.5,18.0,0.0,1.0,1.9
PROP-F514ED5202EC,4.0,4.25,4.0,18.0,0.0,0.0,0.0
PROP-A926F1E12C10,4.0,4.25,3.0,18.0,0.0,0.0,-1.15
PROP-2298E6E78A4A,4.0,4.25,3.0,18.0,0.0,-0.4,-1.75
PROP-E3F1CABBFEC8,6.0,6.25,4.0,19.25,-0.25,-0.5,0.0
PROP-EF50F94507A9,6.5,6.75,4.0,19.25,0.0,0.0,0.5
PROP-69E42AFDB07F,4.0,4.25,3.0,18.0,0.0,0.0,-1.15
PROP-8A786F10EA58,4.0,4.25,4.0,18.0,0.0,0.0,0.0
PROP-5D93958C156B,4.0,4.25,3.0,18.0,0.0,-0.4,-1.75
PROP-494FAC879D5B,6.0,6.25,4.0,19.5,0.0,0.0,-0.25
PROP-EF590A9EA9DB,6.25,6.5,4.0,19.5,0.0,0.25,0.0
PROP-6198AC7EC0DF,4.9,5.15,4.5,18.0,0.0,0.9,0.9
PROP-5137A3304A8D,4.0,4.25,4.0,18.0,0.0,0.0,0.0
PROP-034D7A0B20C3,4.0,4.25,4.0,18.0,0.0,0.0,0.0
PROP-05CE80B8C1AA,4.0,4.25,3.0,18.0,0.0,0.0,-1.15
PROP-AD67C3A9A291,5.75,6.0,4.0,19.0,0.0,-0.25,-0.5
PROP-0E17C65A21D4,4.0,4.25,3.0,18.0,0.0,-0.4,-1.75
PROP-E7031A20A926,6.0,6.25,4.0,19.5,0.0,0.0,-0.25
PROP-3246C3FC5C55,6.0,6.25,4.0,19.25,-0.25,-0.5,0.0
PROP-50AAA88D9120,4.4,4.65,3.0,18.0,0.0,-0.75,-1.6
PROP-8B6269F4BD28,5.15,5.4,4.0,18.25,0.0,0.0,-1.35
PROP-1546EEBB457A,4.0,4.25,4.0,18.0,0.0,0.0,0.0
PROP-25D885A113E6,5.9,6.15,4.5,18.0,0.0,1.0,1.9
PROP-849A281CFF54,4.0,4.25,4.0,18.0,0.0,0.0,0.0
PROP-190395B99E9D,4.0,4.25,4.0,18.0,0.0,0.0,0.0
PROP-2DB34F9A522C,6.5,6.75,4.0,19.5,0.0,0.25,0.5
PROP-1383C31E32FC,4.0,4.25,3.0,18.0,0.0,-0.4,-1.75
PROP-479CDA774E4C,5.15,5.4,4.0,18.5,-0.25,-0.6,-1.35
PROP-528575F62F88,4.0,4.25,3.5,18.0,0.0,0.0,-0.4
PROP-9AD002FE4B18,4.4,4.65,3.0,18.0,0.0,-0.75,-1.6
PROP-B2BD17D40BBC,4.0,4.25,3.0,18.0,0.0,0.0,-1.15
PROP-77329B5BA900,4.9,5.15,4.5,18.0,0.0,0.9,0.9
PROP-9FE0F32F9537,5.15,5.4,4.0,18.5,-0.25,-0.6,-1.35
PROP-A2B75A8354E3,4.0,4.25,4.0,18.0,0.0,0.0,0.0
PROP-D20C0401F105,4.0,4.25,4.0,18.0,0.0,0.0,0.0
PROP-3255D6EDE50A,4.0,4.25,3.0,18.0,0.0,-0.4,-1.75
PROP-47F9EAE7F7BA,5.75,6.0,4.0,19.0,0.0,-0.25,-0.5
PROP-E85CE5C8A614,4.0,4.25,4.0,18.0,0.0,0.0,0.0
PROP-E4EFEBFC49E1,5.15,5.4,4.0,18.25,0.0,0.0,-1.35
PROP-88402CD84987,4.0,4.25,3.0,18.0,0.0,0.0,-1.15
PROP-3297C9B633C4,6.0,6.25,4.0,19.25,-0.25,-0.5,0.0
PROP-72279B967FA7,4.0,4.25,3.0,18.0,0.0,0.0,-1.15
PROP-B394821D8C67,4.0,4.25,4.0,18.0,0.0,0.0,0.0
PROP-AACC25CFD687,6.0,6.25,4.0,19.25,-0.25,-0.5,0.0
PROP-5BA76159644E,5.15,5.4,4.0,18.5,-0.25,-0.6,-1.35
PROP-25FAB7A392D5,5.9,6.15,4.5,18.0,0.0,1.0,1.9
PROP-F945A4CA718D,4.0,4.25,3.0,18.0,0.0,0.0,-1.15
PROP-98EF4F84F1CD,6.5,6.75,4.0,19.5,0.0,0.25,0.5
PROP-E05D72378253,4.0,4.25,4.0,18.0,0.0,0.0,0.0
PROP-1C45CF8E8EFE,4.0,4.25,4.0,18.0,0.0,0.0,0.0
PROP-C4B6AAE54184,6.5,6.75,4.0,19.25,0.0,0.0,0.5
PROP-6B00C7777701,5.75,6.0,4.0,19.0,0.0,-0.25,-0.5
PROP-9B98EB9561E1,4.0,4.25,3.0,18.0,0.0,-0.4,-1.75
PROP-5C8299FC38FE,4.9,5.15,4.5,18.0,0.0,0.9,0.9
PROP-D714263105B9,6.0,6.25,4.0,19.5,0.0,0.0,-0.25
PROP-3560C9E73D99,4.0,4.25,4.0,18.0,0.0,0.0,0.0
PROP-8CC13F552260,6.0,6.25,4.0,19.5,0.0,0.0,-0.25
PROP-6E826236E8DA,6.5,6.75,4.0,19.25,0.0,0.0,0.5
PROP-80A2584D86AF,4.0,4.25,4.0,18.0,0.0,0.0,0.0
PROP-261009938B73,4.0,4.25,4.0,18.0,0.0,0.0,0.0
PROP-6FF2889DDF2E,4.0,4.25,3.0,18.0,0.0,0.0,-1.15
PROP-38073AED3070,6.5,6.75,4.0,19.25,0.0,0.0,0.5
PROP-AA04003561ED,5.15,5.4,4.0,18.5,-0.25,-0.6,-1.35
PROP-8E729CE866D2,6.25,6.5,4.0,19.5,0.0,0.25,0.0
PROP-A86CA12B8FE7,6.0,6.25,4.0,19.5,0.0,0.0,-0.25
PROP-35A62E77D2F7,5.9,6.15,4.5,18.0,0.0,1.0,1.9
PROP-4ACFC8053CB6,4.4,4.65,3.0,18.0,0.0,-0.75,-1.6
PROP-2785A6B52241,4.0,4.25,4.0,18.0,0.0,0.0,0.0
PROP-F09FDFD24D6A,6.5,6.75,4.0,19.5,0.0,0.25,0.5
PROP-A643398A5BF2,5.9,6.15,4.5,18.0,0.0,1.0,1.9
PROP-48C5CFCE8705,4.0,4.25,3.0,18.0,0.0,0.0,-1.15
PROP-FEF5852F288E,6.5,6.75,4.0,19.25,0.0,0.0,0.5
PROP-9CC7436E82B6,4.4,4.65,3.0,18.0,0.0,-0.75,-1.6
PROP-4291897BA1A2,4.0,4.25,4.0,18.0,0.0,0.0,0.0
PROP-744F1A906390,6.0,6.25,4.0,19.25,-0.25,-0.5,0.0
PROP-0D1D8D68BC20,4.0,4.25,4.0,18.0,0.0,0.0,0.0
PROP-BF4B025F4EA1,4.9,5.15,4.5,18.0,0.0,0.9,0.9
PROP-FE34C1E01122,6.0,6.25,4.0,19.5,0.0,0.0,-0.25
PROP-0917290A9905,4.0,4.25,3.5,18.0,0.0,0.0,-0.4
PROP-B2FB5B77084B,4.0,4.25,4.0,18.0,0.0,0.0,0.0
PROP-5D24D6B45D56,4.0,4.25,3.0,18.0,0.0,0.0,-1.15
PROP-B49B13AE575B,4.0,4.25,3.0,18.0,0.0,-0.4,-1.75
PROP-FF83AC48ED5C,4.0,4.25,3.0,18.0,0.0,0.0,-1.15
PROP-13856C4CE5B4,6.25,6.5,4.0,19.5,0.0,0.25,0.0
PROP-3CBFD4283E7D,4.9,5.15,4.5,18.0,0.0,0.9,0.9
PROP-AF5D64FB7B10,5.75,6.0,4.0,19.0,0.0,-0.25,-0.5
PROP-5820EFA5552E,4.0,4.25,3.0,18.0,0.0,-0.4,-1.75
PROP-43E2AB6143AF,5.9,6.15,4.5,18.0,0.0,1.0,1.9
PROP-383465045FA8,6.0,6.25,4.0,19.25,-0.25,-0.5,0.0
PROP-C337EF56DCBC,4.0,4.25,4.0,18.0,0.0,0.0,0.0
PROP-E86B3C0D5034,4.0,4.25,3.0,18.0,0.0,-0.4,-1.75
PROP-E4F13B70ECB6,6.5,6.75,4.0,19.25,0.0,0.0,0.5
PROP-9928ECD72DCE,4.0,4.25,3.5,18.0,0.0,0.0,-0.4
PROP-6F3EE65A4300,4.0,4.25,3.0,18.0,0.0,0.0,-1.15
PROP-500C4E5EAE1F,4.0,4.25,3.0,18.0,0.0,-0.4,-1.75
PROP-0AFFAFDFB914,6.5,6.75,4.0,19.25,0.0,0.0,0.5
PROP-1910389B0492,4.0,4.25,3.0,18.0,0.0,0.0,-1.15
PROP-436A7F43FB2F,5.9,6.15,4.5,18.0,0.0,1.0,1.9
PROP-1882F56DC76C,4.0,4.25,4.0,18.0,0.0,0.0,0.0
PROP-5BBFF6FC8AD7,5.15,5.4,4.0,18.5,-0.25,-0.6,-1.35
PROP-F5A5E7E3DC4B,5.15,5.4,4.0,18.25,0.0,0.0,-1.35
PROP-9B0452D3DE3D,4.0,4.25,4.0,18.0,0.0,0.0,0.0
PROP-4DF94B02E4F3,5.15,5.4,4.0,18.5,-0.25,-0.6,-1.35
PROP-C04ACA197A93,6.5,6.75,4.0,19.25,0.0,0.0,0.5
PROP-A133CD3ED372,4.0,4.25,3.5,18.0,0.0,0.0,-0.4
PROP-6C2B039E313E,4.9,5.15,4.5,18.0,0.0,0.9,0.9
PROP-CDA0D9C57C23,4.0,4.25,4.0,18.0,0.0,0.0,0.0
PROP-E154E3205E2A,5.9,6.15,4.5,18.0,0.0,1.0,1.9
PROP-7FE66CBB7598,5.75,6.0,4.0,19.0,0.0,-0.25,-0.5
PROP-E798164E84DB,6.0,6.25,4.0,19.5,0.0,0.0,-0.25
PROP-31571DD790B5,5.15,5.4,4.0,18.25,0.0,0.0,-1.35
PROP-4BE0F3494E62,6.5,6.75,4.0,19.25,0.0,0.0,0.5
PROP-81BF26B84C75,4.0,4.25,3.0,18.0,0.0,0.0,-1.15
PROP-33C8470B9C6A,4.0,4.25,3.0,18.0,0.0,0.0,-1.15
PROP-FCECC360EFF1,4.0,4.25,3.0,18.0,0.0,0.0,-1.15
PROP-D272310E6ED1,4.0,4.25,3.5,18.0,0.0,0.0,-0.4
PROP-2C5523484217,6.5,6.75,4.0,19.25,0.0,0.0,0.5
PROP-2C022F058F8F,5.75,6.0,4.0,19.0,0.0,-0.25,-0.5
PROP-CDCD6724B6CB,6.25,6.5,4.0,19.5,0.0,0.25,0.0
PROP-1B225361FAFC,4.4,4.65,3.0,18.0,0.0,-0.75,-1.6
PROP-83B90592C204,6.0,6.25,4.0,19.5,0.0,0.0,-0.25
PROP-9F79E14B98AF,4.0,4.25,4.0,18.0,0.0,0.0,0.0
PROP-109E0D72A5AE,4.0,4.25,3.0,18.0,0.0,0.0,-1.15
PROP-C4778F47672A,4.0,4.25,3.0,18.0,0.0,0.0,-1.15
PROP-1C5A27B26AB5,5.15,5.4,4.0,18.5,-0.25,-0.6,-1.35
PROP-1AF0D410E576,6.5,6.75,4.0,19.25,0.0,0.0,0.5
PROP-F75CDD01A1AA,4.0,4.25,3.0,18.0,0.0,0.0,-1.15
PROP-17CA3E53E305,6.0,6.25,4.0,19.25,-0.25,-0.5,0.0
PROP-7F7924D91B2A,4.0,4.25,3.5,18.0,0.0,0.0,-0.4
PROP-5C5AFBD86242,4.9,5.15,4.5,18.0,0.0,0.9,0.9
PROP-1B7C7F7BB4F0,6.0,6.25,4.0,19.5,0.0,0.0,-0.25
PROP-398D30C11F47,4.4,4.65,3.0,18.0,0.0,-0.75,-1.6
PROP-C2036F9AF9B0,4.0,4.25,3.0,18.0,0.0,-0.4,-1.75
PROP-E9FF8D1DE7C1,6.5,6.75,4.0,19.5,0.0,0.25,0.5
PROP-3C87B168FAFF,4.0,4.25,3.0,18.0,0.0,-0.4,-1.75
PROP-F7FA9F287617,5.9,6.15,4.5,18.0,0.0,1.0,1.9
PROP-A6AB8397456D,4.9,5.15,4.5,18.0,0.0,0.9,0.9
PROP-65D3AC0A919D,6.0,6.25,4.0,19.25,-0.25,-0.5,0.0
PROP-B847A3A44DE7,6.0,6.25,4.0,19.5,0.0,0.0,-0.25
PROP-D62E1A033A1D,4.0,4.25,4.0,18.0,0.0,0.0,0.0
PROP-B5F87E6F1C72,6.5,6.75,4.0,19.5,0.0,0.25,0.5
PROP-36628C10D007,4.9,5.15,4.5,18.0,0.0,0.9,0.9
PROP-0B5033FAD1F8,6.25,6.5,4.0,19.5,0.0,0.25,0.0
PROP-86508AB54F25,4.9,5.15,4.5,18.0,0.0,0.9,0.9
PROP-22AB263B99F0,4.0,4.25,4.0,18.0,0.0,0.0,0.0
PROP-A7EC45B2B1D0,4.9,5.15,4.5,18.0,0.0,0.9,0.9
PROP-C855599ABCA3,6.5,6.75,4.0,19.25,0.0,0.0,0.5
PROP-FF3363401EE2,4.0,4.25,4.0,18.0,0.0,0.0,0.0
PROP-36927D4639BB,4.0,4.25,3.0,18.0,0.0,0.0,-1.15
PROP-501FBF38126A,6.0,6.25,4.0,19.25,-0.25,-0.5,0.0
PROP-D1A3920B32AC,6.0,6.25,4.0,19.5,0.0,0.0,-0.25
PROP-C899AF137BF6,6.0,6.25,4.0,19.5,0.0,0.0,-0.25
PROP-6D569185C082,4.0,4.25,3.5,18.0,0.0,0.0,-0.4
PROP-AE9F2482CDCF,4.0,4.25,3.0,18.0,0.0,0.0,-1.15
PROP-C17CC032C274,4.4,4.65,3.0,18.0,0.0,-0.75,-1.6
PROP-D802EBB438F8,4.0,4.25,3.5,18.0,0.0,0.0,-0.4
PROP-9356696B099A,4.0,4.25,4.0,18.0,0.0,0.0,0.0
PROP-BFE1DCB57FE7,6.5,6.75,4.0,19.25,0.0,0.0,0.5
PROP-9A0C24AE1BA3,4.0,4.25,3.0,18.0,0.0,0.0,-1.15
PROP-EC759795DDE2,4.0,4.25,4.0,18.0,0.0,0.0,0.0
PROP-1A14BB6BEB72,4.0,4.25,4.0,18.0,0.0,0.0,0.0
PROP-2E3F5E44C37E,4.4,4.65,3.0,18.0,0.0,-0.75,-1.6
PROP-CA46EF464BEE,6.0,6.25,4.0,19.5,0.0,0.0,-0.25
PROP-695FFFC8F620,4.0,4.25,3.5,18.0,0.0,0.0,-0.4
PROP-94502A9B88D6,4.4,4.65,3.0,18.0,0.0,-0.75,-1.6
PROP-E8B7A38B21A8,4.0,4.25,3.0,18.0,0.0,-0.4,-1.75
PROP-FFC250B6318B,4.0,4.25,4.0,18.0,0.0,0.0,0.0
PROP-D0B6BC7DEEBD,4.0,4.25,3.0,18.0,0.0,-0.4,-1.75
PROP-90FB2529C61D,4.0,4.25,4.0,18.0,0.0,0.0,0.0
PROP-F3B05B74B0FD,4.9,5.15,4.5,18.0,0.0,0.9,0.9
PROP-A26F263B787C,6.0,6.25,4.0,19.25,-0.25,-0.5,0.0
PROP-CFB9AE36EF50,4.9,5.15,4.5,18.0,0.0,0.9,0.9
PROP-12B9FEAB62C9,6.0,6.25,4.0,19.5,0.0,0.0,-0.25
PROP-5668F0EABFE5,4.0,4.25,4.0,18.0,0.0,0.0,0.0
PROP-298C042448D0,4.0,4.25,4.0,18.0,0.0,0.0,0.0
PROP-44463DE76407,6.25,6.5,4.0,19.5,0.0,0.25,0.0
PROP-6327C73AD39E,4.0,4.25,4.0,18.0,0.0,0.0,0.0
PROP-8896C70EE6B6,4.4,4.65,3.0,18.0,0.0,-0.75,-1.6
PROP-F5782092C861,4.0,4.25,4.0,18.0,0.0,0.0,0.0
PROP-524C9DCEB439,4.0,4.25,4.0,18.0,0.0,0.0,0.0
PROP-51C862209656,6.5,6.75,4.0,19.5,0.0,0.25,0.5
PROP-2457E0A2323B,4.4,4.65,3.0,18.0,0.0,-0.75,-1.6
PROP-A0B1099BB414,6.0,6.25,4.0,19.25,-0.25,-0.5,0.0
PROP-DB90FB7423D8,4.0,4.25,4.0,18.0,0.0,0.0,0.0
PROP-D58A8E4DD67F,4.0,4.25,4.0,18.0,0.0,0.0,0.0
PROP-D74F6CAF6589,6.5,6.75,4.0,19.25,0.0,0.0,0.5
PROP-92069E9F5BD8,4.0,4.25,4.0,18.0,0.0,0.0,0.0
PROP-C3DB6800AAE3,6.0,6.25,4.0,19.25,-0.25,-0.5,0.0
PROP-2B5262BF098D,5.15,5.4,4.0,18.25,0.0,0.0,-1.35
PROP-ABC63D073804,4.0,4.25,3.0,18.0,0.0,0.0,-1.15
PROP-40C08E07FCFB,4.0,4.25,4.0,18.0,0.0,0.0,0.0
PROP-7795861A2C71,5.9,6.15,4.5,18.0,0.0,1.0,1.9
PROP-668F5318DE39,4.0,4.25,4.0,18.0,0.0,0.0,0.0
PROP-6234FCED6F2E,5.75,6.0,4.0,19.0,0.0,-0.25,-0.5
PROP-41896C040BC6,4.0,4.25,3.0,18.0,0.0,0.0,-1.15
PROP-724B3B5F2A4C,6.0,6.25,4.0,19.5,0.0,0.0,-0.25
PROP-23D383215367,4.0,4.25,3.0,18.0,0.0,0.0,-1.15
PROP-1706414A2C2D,4.0,4.25,4.0,18.0,0.0,0.0,0.0
PROP-BF57C2BAF0C7,6.5,6.75,4.0,19.5,0.0,0.25,0.5
PROP-6570F57CDF30,6.5,6.75,4.0,19.25,0.0,0.0,0.5
PROP-855B2608AFA2,5.9,6.15,4.5,18.0,0.0,1.0,1.9
PROP-40F2B3066401,4.0,4.25,3.5,18.0,0.0,0.0,-0.4
PROP-01EFD0A5E5CC,6.25,6.5,4.0,19.5,0.0,0.25,0.0
PROP-9E16F988E753,6.5,6.75,4.0,19.25,0.0,0.0,0.5
PROP-EDBBA52C94B2,6.5,6.75,4.0,19.25,0.0,0.0,0.5
PROP-1D16DAD57337,5.9,6.15,4.5,18.0,0.0,1.0,1.9
PROP-946D0D8C1D6E,4.0,4.25,3.0,18.0,0.0,0.0,-1.15
PROP-F3482FB5E361,5.9,6.15,4.5,18.0,0.0,1.0,1.9
PROP-71619B55A783,4.0,4.25,3.0,18.0,0.0,0.0,-1.15
PROP-F188FC4066BA,4.4,4.65,3.0,18.0,0.0,-0.75,-1.6
PROP-B179D788D0EB,6.25,6.5,4.0,19.5,0.0,0.25,0.0
PROP-3CB2DACE4698,5.75,6.0,4.0,19.0,0.0,-0.25,-0.5
PROP-5025E3576295,6.5,6.75,4.0,19.25,0.0,0.0,0.5
PROP-42FCC04645B4,6.0,6.25,4.0,19.25,-0.25,-0.5,0.0
PROP-280698F9A0CC,4.0,4.25,3.0,18.0,0.0,0.0,-1.15
PROP-576ED713159D,5.15,5.4,4.0,18.5,-0.25,-0.6,-1.35
PROP-28B32E4A68E1,6.5,6.75,4.0,19.25,0.0,0.0,0.5
PROP-9DC269111975,4.4,4.65,3.0,18.0,0.0,-0.75,-1.6
PROP-407A85BA0A62,5.15,5.4,4.0,18.5,-0.25,-0.6,-1.35
PROP-63962C10AAE2,4.0,4.25,4.0,18.0,0.0,0.0,0.0
PROP-503E47F851EE,4.0,4.25,3.0,18.0,0.0,0.0,-1.15
PROP-7483DA559F93,6.25,6.5,4.0,19.5,0.0,0.25,0.0
PROP-2816D44FEB72,6.25,6.5,4.0,19.5,0.0,0.25,0.0
PROP-C09FBBDBD0D0,5.15,5.4,4.0,18.25,0.0,0.0,-1.35
PROP-A5E59E30BEE4,5.15,5.4,4.0,18.25,0.0,0.0,-1.35
PROP-26B91F90301C,6.5,6.75,4.0,19.5,0.0,0.25,0.5
PROP-968CA2C3D630,4.0,4.25,4.0,18.0,0.0,0.0,0.0
PROP-FAB432D71476,4.0,4.25,3.0,18.0,0.0,0.0,-1.15
PROP-0C49B2268FE5,4.0,4.25,4.0,18.0,0.0,0.0,0.0
PROP-62C455191707,5.15,5.4,4.0,18.25,0.0,0.0,-1.35
PROP-2A7024014AE1,5.9,6.15,4.5,18.0,0.0,1.0,1.9
PROP-79342A715AF9,4.0,4.25,4.0,18.0,0.0,0.0,0.0
PROP-D2BE10C0D3EC,6.25,6.5,4.0,19.5,0.0,0.25,0.0
PROP-5C6AD1D6B392,4.0,4.25,4.0,18.0,0.0,0.0,0.0
PROP-BF6737D3E369,4.0,4.25,4.0,18.0,0.0,0.0,0.0
PROP-860C13A7B292,4.0,4.25,4.0,18.0,0.0,0.0,0.0
PROP-E47EB842485D,5.75,6.0,4.0,19.0,0.0,-0.25,-0.5
PROP-F17DE4A459F7,6.25,6.5,4.0,19.5,0.0,0.25,0.0
PROP-327A215971A1,4.0,4.25,4.0,18.0,0.0,0.0,0.0
PROP-64E30F7BF08B,4.0,4.25,4.0,18.0,0.0,0.0,0.0
PROP-AA7B0CC323C7,6.0,6.25,4.0,19.25,-0.25,-0.5,0.0
PROP-3226B113EE60,6.0,6.25,4.0,19.5,0.0,0.0,-0.25
PROP-885EC1E50789,4.0,4.25,4.0,18.0,0.0,0.0,0.0
PROP-923179EFA3FA,5.15,5.4,4.0,18.25,0.0,0.0,-1.35
PROP-A0A4C6D15B69,4.9,5.15,4.5,18.0,0.0,0.9,0.9
PROP-48239E9554E9,4.9,5.15,4.5,18.0,0.0,0.9,0.9
PROP-2275D32103F7,4.9,5.15,4.5,18.0,0.0,0.9,0.9
PROP-ECA6A5CAE50E,6.5,6.75,4.0,19.5,0.0,0.25,0.5
PROP-D18EFFAB8E47,4.0,4.25,3.0,18.0,0.0,0.0,-1.15
PROP-1052873B086D,5.15,5.4,4.0,18.25,0.0,0.0,-1.35
PROP-E03ABBE6E4B2,4.0,4.25,3.0,18.0,0.0,-0.4,-1.75
PROP-DDDF35ED284C,4.0,4.25,3.0,18.0,0.0,0.0,-1.15
PROP-D145557DD901,4.0,4.25,3.5,18.0,0.0,0.0,-0.4
PROP-617F72D4ECAD,4.0,4.25,4.0,18.0,0.0,0.0,0.0
PROP-04BA9A07FA9B,6.0,6.25,4.0,19.5,0.0,0.0,-0.25
PROP-9F41424DB965,4.0,4.25,3.0,18.0,0.0,-0.4,-1.75
PROP-3C3EF71E2F5D,4.0,4.25,4.0,18.0,0.0,0.0,0.0
PROP-9D74DFA1B1DA,4.0,4.25,3.5,18.0,0.0,0.0,-0.4
PROP-BE1D27B60190,4.4,4.65,3.0,18.0,0.0,-0.75,-1.6
PROP-D2FEABDC2F40,6.25,6.5,4.0,19.5,0.0,0.25,0.0
PROP-A0F3511BC46F,5.15,5.4,4.0,18.25,0.0,0.0,-1.35
PROP-C220C20B5024,4.4,4.65,3.0,18.0,0.0,-0.75,-1.6
PROP-BC60C305F504,4.0,4.25,3.0,18.0,0.0,-0.4,-1.75
PROP-237239F4B635,6.0,6.25,4.0,19.5,0.0,0.0,-0.25
PROP-7AF330C90784,6.5,6.75,4.0,19.5,0.0,0.25,0.5
PROP-50509048024E,5.15,5.4,4.0,18.25,0.0,0.0,-1.35
PROP-076F69BAFC49,6.0,6.25,4.0,19.25,-0.25,-0.5,0.0
PROP-F03C994A4997,6.5,6.75,4.0,19.25,0.0,0.0,0.5
PROP-60FB726C3D49,4.0,4.25,4.0,18.0,0.0,0.0,0.0
PROP-8D66B4533306,4.0,4.25,3.0,18.0,0.0,0.0,-1.15
PROP-F3C9D73A6084,5.15,5.4,4.0,18.25,0.0,0.0,-1.35
PROP-3ED0980040CD,4.0,4.25,4.0,18.0,0.0,0.0,0.0
PROP-CBD2E9F9DA57,4.0,4.25,4.0,18.0,0.0,0.0,0.0
PROP-384D426B6CDF,4.0,4.25,3.0,18.0,0.0,0.0,-1.15
PROP-4636FB1CCEB1,4.9,5.15,4.5,18.0,0.0,0.9,0.9
PROP-5D4692562610,4.0,4.25,4.0,18.0,0.0,0.0,0.0
PROP-F63AD71DC992,5.15,5.4,4.0,18.5,-0.25,-0.6,-1.35
PROP-7B666AE8CE34,5.15,5.4,4.0,18.25,0.0,0.0,-1.35
PROP-2CA492C72962,4.0,4.25,4.0,18.0,0.0,0.0,0.0
PROP-FD821F92CE1D,4.0,4.25,4.0,18.0,0.0,0.0,0.0
PROP-872993F18DD7,6.5,6.75,4.0,19.5,0.0,0.25,0.5
PROP-0AE62F100962,4.4,4.65,3.0,18.0,0.0,-0.75,-1.6
PROP-BD6861075C2E,4.0,4.25,3.0,18.0,0.0,0.0,-1.15
PROP-5DC9CF618BC0,5.15,5.4,4.0,18.5,-0.25,-0.6,-1.35
PROP-5D81A54B19E4,6.5,6.75,4.0,19.25,0.0,0.0,0.5
PROP-BB26A943FCFF,6.0,6.25,4.0,19.25,-0.25,-0.5,0.0
PROP-92B9BCB92FD1,4.0,4.25,3.5,18.0,0.0,0.0,-0.4
PROP-BAFA09222680,4.0,4.25,4.0,18.0,0.0,0.0,0.0
PROP-D575957A299B,4.0,4.25,4.0,18.0,0.0,0.0,0.0
PROP-795F2B417990,6.0,6.25,4.0,19.5,0.0,0.0,-0.25
PROP-FC61A3F9B3FE,6.0,6.25,4.0,19.25,-0.25,-0.5,0.0
PROP-829D51DDD9AE,4.9,5.15,4.5,18.0,0.0,0.9,0.9
PROP-3745FC8C2AA5,6.0,6.25,4.0,19.5,0.0,0.0,-0.25
PROP-2D99415F5BD2,4.0,4.25,3.0,18.0,0.0,0.0,-1.15
PROP-70216B417590,4.0,4.25,4.0,18.0,0.0,0.0,0.0
PROP-E17C44745397,5.15,5.4,4.0,18.5,-0.25,-0.6,-1.35
PROP-3C6B5D8E665A,4.0,4.25,3.0,18.0,0.0,0.0,-1.15
PROP-52C82292BA6D,4.0,4.25,3.5,18.0,0.0,0.0,-0.4
PROP-BCBDED325AE7,4.4,4.65,3.0,18.0,0.0,-0.75,-1.6
PROP-50F8EEDE8E36,4.4,4.65,3.0,18.0,0.0,-0.75,-1.6
PROP-91B6C9EC4DF6,6.5,6.75,4.0,19.25,0.0,0.0,0.5
PROP-585EBE40BDA9,4.0,4.25,3.5,18.0,0.0,0.0,-0.4
PROP-AA1DD105AF68,4.0,4.25,4.0,18.0,0.0,0.0,0.0
PROP-ACE042C2B2C8,4.4,4.65,3.0,18.0,0.0,-0.75,-1.6
PROP-11443D156335,5.75,6.0,4.0,19.0,0.0,-0.25,-0.5
PROP-4D1653AB930C,4.4,4.65,3.0,18.0,0.0,-0.75,-1.6
PROP-505A99553DB2,5.75,6.0,4.0,19.0,0.0,-0.25,-0.5
PROP-B3D66271F189,4.4,4.65,3.0,18.0,0.0,-0.75,-1.6
PROP-BAE993C96E14,5.15,5.4,4.0,18.25,0.0,0.0,-1.35
PROP-AA87264EFA5F,5.9,6.15,4.5,18.0,0.0,1.0,1.9
PROP-4470E8247205,4.4,4.65,3.0,18.0,0.0,-0.75,-1.6
PROP-E90EAF10FFDA,6.0,6.25,4.0,19.25,-0.25,-0.5,0.0
PROP-F7A91A41F5F1,4.0,4.25,4.0,18.0,0.0,0.0,0.0
PROP-8CFBB8B78C84,4.0,4.25,4.0,18.0,0.0,0.0,0.0
PROP-06E22B7E2FE4,4.0,4.25,4.0,18.0,0.0,0.0,0.0
PROP-23D153C63A78,4.0,4.25,3.0,18.0,0.0,0.0,-1.15
PROP-A71E15110D21,6.5,6.75,4.0,19.5,0.0,0.25,0.5
PROP-4005C1F3DE73,4.0,4.25,3.0,18.0,0.0,-0.4,-1.75
PROP-63CEB1524FCC,6.5,6.75,4.0,19.5,0.0,0.25,0.5
PROP-CDEC2C504020,6.5,6.75,4.0,19.5,0.0,0.25,0.5
PROP-6BD93C4AFF0E,5.75,6.0,4.0,19.0,0.0,-0.25,-0.5
PROP-08DC4E344AAB,5.15,5.4,4.0,18.25,0.0,0.0,-1.35
PROP-E0330B711376,4.0,4.25,4.0,18.0,0.0,0.0,0.0
PROP-63DE3419523F,6.0,6.25,4.0,19.25,-0.25,-0.5,0.0
PROP-1C443FE93BFF,5.75,6.0,4.0,19.0,0.0,-0.25,-0.5
PROP-E841445690F7,4.4,4.65,3.0,18.0,0.0,-0.75,-1.6
PROP-7797F62C3C8F,5.15,5.4,4.0,18.25,0.0,0.0,-1.35
PROP-D8C2C31E4DEE,5.15,5.4,4.0,18.25,0.0,0.0,-1.35
PROP-D188B7920CA9,4.0,4.25,4.0,18.0,0.0,0.0,0.0
PROP-31F04B77DBEF,4.0,4.25,3.0,18.0,0.0,-0.4,-1.75
PROP-465E71B8F129,4.0,4.25,4.0,18.0,0.0,0.0,0.0
PROP-879B046D6BDB,5.9,6.15,4.5,18.0,0.0,1.0,1.9
PROP-A0EA08225DFF,4.0,4.25,3.5,18.0,0.0,0.0,-0.4
PROP-EF1D581601E1,4.0,4.25,3.0,18.0,0.0,0.0,-1.15
PROP-06076BEB6DD3,5.75,6.0,4.0,19.0,0.0,-0.25,-0.5
PROP-2ABD8AB23A00,6.0,6.25,4.0,19.5,0.0,0.0,-0.25
PROP-398D47FDFDBD,5.15,5.4,4.0,18.5,-0.25,-0.6,-1.35
PROP-02AA863FECCF,5.9,6.15,4.5,18.0,0.0,1.0,1.9
PROP-C17CCC6D8E5F,4.9,5.15,4.5,18.0,0.0,0.9,0.9
PROP-6D082C457A30,5.9,6.15,4.5,18.0,0.0,1.0,1.9
PROP-2BE8B454F117,6.5,6.75,4.0,19.25,0.0,0.0,0.5
PROP-6C2A322CC5C3,4.0,4.25,3.5,18.0,0.0,0.0,-0.4
PROP-7307DB4462A5,4.0,4.25,4.0,18.0,0.0,0.0,0.0
PROP-8175B23BB6C5,5.9,6.15,4.5,18.0,0.0,1.0,1.9
PROP-17EDF1A6EF45,6.0,6.25,4.0,19.25,-0.25,-0.5,0.0
PROP-F846570C0EB0,4.0,4.25,4.0,18.0,0.0,0.0,0.0
PROP-6F4D7A30D39F,4.0,4.25,3.0,18.0,0.0,-0.4,-1.75
PROP-BF1DBCF07F2B,4.0,4.25,3.0,18.0,0.0,-0.4,-1.75
PROP-538AC79A4DA1,6.5,6.75,4.0,19.25,0.0,0.0,0.5
PROP-1F2DB800A526,4.0,4.25,3.5,18.0,0.0,0.0,-0.4
PROP-214A5735A717,6.5,6.75,4.0,19.25,0.0,0.0,0.5
PROP-9BC94253216A,4.4,4.65,3.0,18.0,0.0,-0.75,-1.6
PROP-E389FDDBF12C,4.0,4.25,4.0,18.0,0.0,0.0,0.0
PROP-B483966D62DA,5.15,5.4,4.0,18.25,0.0,0.0,-1.35
PROP-80C3F2A9BEBF,5.9,6.15,4.5,18.0,0.0,1.0,1.9
PROP-CD77A0E36207,4.0,4.25,4.0,18.0,0.0,0.0,0.0
PROP-D493AF2C705E,6.5,6.75,4.0,19.5,0.0,0.25,0.5
PROP-57F0708D759E,6.25,6.5,4.0,19.5,0.0,0.25,0.0
PROP-F5F3C0648ECD,4.0,4.25,3.0,18.0,0.0,0.0,-1.15
PROP-53EA1E073943,5.9,6.15,4.5,18.0,0.0,1.0,1.9
PROP-72C92A30B4CD,4.0,4.25,3.5,18.0,0.0,0.0,-0.4
PROP-AAACB73BA1A1,6.5,6.75,4.0,19.25,0.0,0.0,0.5
PROP-33F4AC06EA44,6.25,6.5,4.0,19.5,0.0,0.25,0.0
PROP-A4962675C658,4.4,4.65,3.0,18.0,0.0,-0.75,-1.6
PROP-77B70737CCEE,5.15,5.4,4.0,18.25,0.0,0.0,-1.35
PROP-FD0FD9E8ADEA,4.0,4.25,3.5,18.0,0.0,0.0,-0.4
PROP-5709B713C4AE,5.75,6.0,4.0,19.0,0.0,-0.25,-0.5
PROP-DCD80137386C,5.15,5.4,4.0,18.5,-0.25,-0.6,-1.35
PROP-F7536B1F23E1,4.0,4.25,3.0,18.0,0.0,-0.4,-1.75
PROP-B8421FE6772E,4.0,4.25,4.0,18.0,0.0,0.0,0.0
PROP-C45641AA789B,6.0,6.25,4.0,19.5,0.0,0.0,-0.25
PROP-9F1C62C0B21A,4.0,4.25,4.0,18.0,0.0,0.0,0.0
PROP-5F3153BD5853,6.0,6.25,4.0,19.5,0.0,0.0,-0.25
PROP-C7B354DAE7D3,4.0,4.25,4.0,18.0,0.0,0.0,0.0
PROP-C4659361083A,4.0,4.25,4.0,18.0,0.0,0.0,0.0
PROP-75912FA63043,5.75,6.0,4.0,19.0,0.0,-0.25,-0.5
PROP-58CFD920F3C4,5.75,6.0,4.0,19.0,0.0,-0.25,-0.5
PROP-7220408E9361,6.0,6.25,4.0,19.25,-0.25,-0.5,0.0
PROP-C5B6591960BE,4.9,5.15,4.5,18.0,0.0,0.9,0.9
PROP-638B664BD17D,5.75,6.0,4.0,19.0,0.0,-0.25,-0.5
PROP-67D2312018CF,6.5,6.75,4.0,19.5,0.0,0.25,0.5
PROP-D28DA693B336,6.5,6.75,4.0,19.5,0.0,0.25,0.5
PROP-5D72D298B695,4.4,4.65,3.0,18.0,0.0,-0.75,-1.6
PROP-A85525D6133D,6.0,6.25,4.0,19.5,0.0,0.0,-0.25
PROP-4A86F269A0E3,4.0,4.25,4.0,18.0,0.0,0.0,0.0
PROP-01AD7F83AFFB,5.15,5.4,4.0,18.25,0.0,0.0,-1.35
PROP-843638BA1FCD,5.75,6.0,4.0,19.0,0.0,-0.25,-0.5
PROP-6F46D1C72810,4.0,4.25,3.0,18.0,0.0,0.0,-1.15
PROP-0A3A4948FB7A,4.0,4.25,3.0,18.0,0.0,0.0,-1.15
PROP-B4244CEC07A1,4.0,4.25,3.5,18.0,0.0,0.0,-0.4
PROP-98F2AC69F016,6.5,6.75,4.0,19.5,0.0,0.25,0.5
PROP-1C92193D699B,4.0,4.25,4.0,18.0,0.0,0.0,0.0
PROP-2CEADC40C816,4.9,5.15,4.5,18.0,0.0,0.9,0.9
PROP-51CD6F42C917,4.0,4.25,3.0,18.0,0.0,0.0,-1.15
PROP-B358AA3DD844,4.0,4.25,4.0,18.0,0.0,0.0,0.0
PROP-0E9DA33E3DF4,4.4,4.65,3.0,18.0,0.0,-0.75,-1.6
PROP-25BA1D886C3A,4.0,4.25,3.0,18.0,0.0,-0.4,-1.75
PROP-82FCFD32A3CF,5.75,6.0,4.0,19.0,0.0,-0.25,-0.5
PROP-79E1275CDD26,5.15,5.4,4.0,18.5,-0.25,-0.6,-1.35
PROP-D9D5A4C9C076,4.0,4.25,4.0,18.0,0.0,0.0,0.0
PROP-5514AFF20F84,4.9,5.15,4.5,18.0,0.0,0.9,0.9
PROP-C9ECF17B949C,6.25,6.5,4.0,19.5,0.0,0.25,0.0
PROP-77F0B7A6F763,4.0,4.25,4.0,18.0,0.0,0.0,0.0
PROP-E7C2E49BFCA9,4.9,5.15,4.5,18.0,0.0,0.9,0.9
PROP-BE658B48D25F,4.0,4.25,4.0,18.0,0.0,0.0,0.0
PROP-0530BE24490C,5.15,5.4,4.0,18.25,0.0,0.0,-1.35
PROP-6B995F9BA84B,5.75,6.0,4.0,19.0,0.0,-0.25,-0.5
PROP-FA69DE21B708,6.0,6.25,4.0,19.25,-0.25,-0.5,0.0
PROP-6F3E16BB04C8,6.25,6.5,4.0,19.5,0.0,0.25,0.0
PROP-D635C17FCB73,4.0,4.25,3.0,18.0,0.0,-0.4,-1.75
PROP-5972DB140E70,4.0,4.25,3.0,18.0,0.0,0.0,-1.15
PROP-BA4B74C65640,4.0,4.25,3.0,18.0,0.0,-0.4,-1.75
PROP-9A3F36CCFAEE,4.4,4.65,3.0,18.0,0.0,-0.75,-1.6
PROP-9EB49BACBA68,5.75,6.0,4.0,19.0,0.0,-0.25,-0.5
PROP-4E0E957A1F9B,4.0,4.25,3.0,18.0,0.0,0.0,-1.15
PROP-B6D0D4410215,5.9,6.15,4.5,18.0,0.0,1.0,1.9
PROP-6E062BD129DF,5.15,5.4,4.0,18.25,0.0,0.0,-1.35
PROP-E423291FED8E,6.5,6.75,4.0,19.5,0.0,0.25,0.5
PROP-99E40CE8658A,5.15,5.4,4.0,18.5,-0.25,-0.6,-1.35
PROP-AEACB3BC83DF,4.0,4.25,3.0,18.0,0.0,0.0,-1.15
PROP-3F1DEB5F1127,4.0,4.25,3.0,18.0,0.0,0.0,-1.15
PROP-92CAED17B68C,4.9,5.15,4.5,18.0,0.0,0.9,0.9
PROP-069B08308E58,5.15,5.4,4.0,18.25,0.0,0.0,-1.35
PROP-5815C2243250,6.0,6.25,4.0,19.25,-0.25,-0.5,0.0
PROP-1FC5DB53B2F6,4.0,4.25,4.0,18.0,0.0,0.0,0.0
PROP-1F98AB95F69A,6.0,6.25,4.0,19.25,-0.25,-0.5,0.0
PROP-F04C6219040D,4.0,4.25,3.0,18.0,0.0,-0.4,-1.75
PROP-3110F589BA2D,6.0,6.25,4.0,19.5,0.0,0.0,-0.25
PROP-F20F61B28770,4.9,5.15,4.5,18.0,0.0,0.9,0.9
PROP-A3473590907D,5.9,6.15,4.5,18.0,0.0,1.0,1.9
PROP-56BD47573E92,6.0,6.25,4.0,19.25,-0.25,-0.5,0.0
PROP-51F5EABB2F61,4.0,4.25,3.0,18.0,0.0,-0.4,-1.75
PROP-80747E7CD65D,4.0,4.25,4.0,18.0,0.0,0.0,0.0
PROP-17A782AFB533,4.0,4.25,3.0,18.0,0.0,0.0,-1.15
PROP-89ABBD394EC5,4.0,4.25,4.0,18.0,0.0,0.0,0.0
PROP-B9B2AAC7A639,4.0,4.25,4.0,18.0,0.0,0.0,0.0
PROP-6F83A6D3852B,4.0,4.25,4.0,18.0,0.0,0.0,0.0
PROP-1B05BDBB085B,4.0,4.25,4.0,18.0,0.0,0.0,0.0
PROP-1B522F7E5485,4.9,5.15,4.5,18.0,0.0,0.9,0.9
PROP-74376609C775,6.25,6.5,4.0,19.5,0.0,0.25,0.0
PROP-B9945CF42A39,6.25,6.5,4.0,19.5,0.0,0.25,0.0
PROP-80CF2D62D63E,4.9,5.15,4.5,18.0,0.0,0.9,0.9
PROP-34E9B4D262A5,4.0,4.25,4.0,18.0,0.0,0.0,0.0
PROP-1A191E863B26,4.0,4.25,4.0,18.0,0.0,0.0,0.0
PROP-B183A6ECA433,4.0,4.25,3.0,18.0,0.0,0.0,-1.15
PROP-BF421BA4E522,4.9,5.15,4.5,18.0,0.0,0.9,0.9
PROP-29BBEE08AD6A,4.0,4.25,3.5,18.0,0.0,0.0,-0.4
PROP-4936D3D76392,6.25,6.5,4.0,19.5,0.0,0.25,0.0
PROP-2958A28B1BF2,4.0,4.25,4.0,18.0,0.0,0.0,0.0
PROP-FA206BD13CF8,4.0,4.25,3.0,18.0,0.0,0.0,-1.15
PROP-AB7855922473,4.0,4.25,4.0,18.0,0.0,0.0,0.0
PROP-F7BD9D22747D,4.9,5.15,4.5,18.0,0.0,0.9,0.9
PROP-77F1D54F3A83,5.9,6.15,4.5,18.0,0.0,1.0,1.9
PROP-F1ED358B82A9,6.0,6.25,4.0,19.5,0.0,0.0,-0.25
PROP-0251A5574962,4.0,4.25,4.0,18.0,0.0,0.0,0.0
PROP-01FEF977AF2F,4.0,4.25,3.0,18.0,0.0,0.0,-1.15
PROP-B7F81F0112BF,4.0,4.25,3.0,18.0,0.0,0.0,-1.15
PROP-A31D4F91FDA1,4.0,4.25,3.0,18.0,0.0,0.0,-1.15
PROP-38DF7ACDB881,5.75,6.0,4.0,19.0,0.0,-0.25,-0.5
PROP-D652136E415C,4.0,4.25,3.0,18.0,0.0,0.0,-1.15
PROP-063912162F60,5.75,6.0,4.0,19.0,0.0,-0.25,-0.5
PROP-5A12E1DEB7BB,6.5,6.75,4.0,19.5,0.0,0.25,0.5
PROP-B2A436AFA30B,4.0,4.25,4.0,18.0,0.0,0.0,0.0
PROP-FA9BF2EA2AD3,4.0,4.25,4.0,18.0,0.0,0.0,0.0
PROP-A0F31EFEC8DF,4.0,4.25,4.0,18.0,0.0,0.0,0.0
PROP-BE2A58E55014,4.0,4.25,4.0,18.0,0.0,0.0,0.0
PROP-21A4CEA38FC7,4.0,4.25,4.0,18.0,0.0,0.0,0.0
PROP-84680D4605EF,4.0,4.25,3.0,18.0,0.0,-0.4,-1.75
PROP-77307A7460E6,6.5,6.75,4.0,19.25,0.0,0.0,0.5
PROP-4406879C04B8,5.15,5.4,4.0,18.25,0.0,0.0,-1.35
PROP-F1C6F8EAEF70,4.0,4.25,3.5,18.0,0.0,0.0,-0.4
PROP-7E43CED63487,5.75,6.0,4.0,19.0,0.0,-0.25,-0.5
PROP-D4F3E216F4A6,4.4,4.65,3.0,18.0,0.0,-0.75,-1.6
PROP-1CD4344A6E0F,5.15,5.4,4.0,18.25,0.0,0.0,-1.35
PROP-5D44A9CB0264,5.15,5.4,4.0,18.25,0.0,0.0,-1.35
PROP-37382CBB3A23,6.0,6.25,4.0,19.5,0.0,0.0,-0.25
PROP-CCC9097E109D,5.15,5.4,4.0,18.25,0.0,0.0,-1.35
PROP-A36F0478D992,4.4,4.65,3.0,18.0,0.0,-0.75,-1.6
PROP-31774D75A02E,6.0,6.25,4.0,19.25,-0.25,-0.5,0.0
PROP-B68F6CB38ABE,5.9,6.15,4.5,18.0,0.0,1.0,1.9
PROP-15F778346255,6.0,6.25,4.0,19.25,-0.25,-0.5,0.0
PROP-7DB68EE331F7,5.9,6.15,4.5,18.0,0.0,1.0,1.9
PROP-097A4556D6A1,4.0,4.25,4.0,18.0,0.0,0.0,0.0
PROP-860918630288,6.5,6.75,4.0,19.25,0.0,0.0,0.5
PROP-DB72C049BBB7,4.0,4.25,3.0,18.0,0.0,0.0,-1.15
PROP-C3677CA22876,4.9,5.15,4.5,18.0,0.0,0.9,0.9
PROP-DD52D94B45F6,4.4,4.65,3.0,18.0,0.0,-0.75,-1.6
PROP-0DFBCB6E1771,4.0,4.25,4.0,18.0,0.0,0.0,0.0
PROP-64908790C2DC,6.0,6.25,4.0,19.5,0.0,0.0,-0.25
PROP-2CDC8E50EB9F,4.0,4.25,4.0,18.0,0.0,0.0,0.0
PROP-A7A3FD332C22,6.5,6.75,4.0,19.25,0.0,0.0,0.5
PROP-24BEBE7D0051,4.0,4.25,4.0,18.0,0.0,0.0,0.0
PROP-362C055DF818,4.9,5.15,4.5,18.0,0.0,0.9,0.9
PROP-8977D20A5151,5.15,5.4,4.0,18.5,-0.25,-0.6,-1.35
PROP-C44315AEA91A,4.4,4.65,3.0,18.0,0.0,-0.75,-1.6
PROP-B72F24FF7102,4.0,4.25,3.0,18.0,0.0,0.0,-1.15
PROP-D5A2500283AE,4.4,4.65,3.0,18.0,0.0,-0.75,-1.6
PROP-CB8B145AA1A0,4.0,4.25,4.0,18.0,0.0,0.0,0.0
PROP-DEB25D8A0824,4.0,4.25,4.0,18.0,0.0,0.0,0.0
PROP-36F4C2E2F8C2,4.4,4.65,3.0,18.0,0.0,-0.75,-1.6
PROP-96BC79D9D190,4.0,4.25,3.0,18.0,0.0,-0.4,-1.75
PROP-23765AECBE7F,4.9,5.15,4.5,18.0,0.0,0.9,0.9
PROP-1F1AEB8FCFA9,4.0,4.25,3.0,18.0,0.0,-0.4,-1.75
PROP-DA31F830F91F,5.9,6.15,4.5,18.0,0.0,1.0,1.9
PROP-5FAE88B44F6A,6.0,6.25,4.0,19.25,-0.25,-0.5,0.0
PROP-AC4F9449866A,6.5,6.75,4.0,19.25,0.0,0.0,0.5
PROP-719C462D87B0,4.0,4.25,4.0,18.0,0.0,0.0,0.0
PROP-09B1D971CB51,4.0,4.25,3.0,18.0,0.0,-0.4,-1.75
PROP-6226851F74F4,6.5,6.75,4.0,19.25,0.0,0.0,0.5
PROP-911EB5971519,4.0,4.25,4.0,18.0,0.0,0.0,0.0
PROP-5A1AF60180B6,6.0,6.25,4.0,19.5,0.0,0.0,-0.25
PROP-698BDDD9687B,6.0,6.25,4.0,19.25,-0.25,-0.5,0.0
PROP-4533C32A538C,5.9,6.15,4.5,18.0,0.0,1.0,1.9
PROP-109EF9290525,6.5,6.75,4.0,19.25,0.0,0.0,0.5
PROP-110D323C240A,6.25,6.5,4.0,19.5,0.0,0.25,0.0
PROP-B1E5ADAFB65D,4.0,4.25,4.0,18.0,0.0,0.0,0.0
PROP-84C4C490F45D,6.5,6.75,4.0,19.5,0.0,0.25,0.5
PROP-CB53845BE6CA,4.0,4.25,3.0,18.0,0.0,0.0,-1.15
PROP-84093EF02E9F,4.0,4.25,4.0,18.0,0.0,0.0,0.0
PROP-70992F35B99D,4.9,5.15,4.5,18.0,0.0,0.9,0.9
PROP-44B3AD62F10C,6.0,6.25,4.0,19.5,0.0,0.0,-0.25
PROP-4DFD2089D443,4.0,4.25,4.0,18.0,0.0,0.0,0.0
PROP-D3C78F2A1B70,6.0,6.25,4.0,19.25,-0.25,-0.5,0.0
PROP-0AB340C7F0EC,4.0,4.25,3.5,18.0,0.0,0.0,-0.4
PROP-15F7FFAEAF3F,5.9,6.15,4.5,18.0,0.0,1.0,1.9
PROP-91715EBD8BA0,4.0,4.25,3.5,18.0,0.0,0.0,-0.4
PROP-5B80DB340927,6.0,6.25,4.0,19.5,0.0,0.0,-0.25
PROP-E88674DE1DEE,4.9,5.15,4.5,18.0,0.0,0.9,0.9
PROP-7C7E9D936B0F,4.0,4.25,4.0,18.0,0.0,0.0,0.0
PROP-526250366E2E,4.4,4.65,3.0,18.0,0.0,-0.75,-1.6
PROP-27264B2B0EEA,4.4,4.65,3.0,18.0,0.0,-0.75,-1.6
PROP-2F7A0FB9F380,4.9,5.15,4.5,18.0,0.0,0.9,0.9
PROP-B371F2DE5E4A,5.9,6.15,4.5,18.0,0.0,1.0,1.9
PROP-A6A0CF4E500D,6.5,6.75,4.0,19.25,0.0,0.0,0.5
PROP-586FBEE9CB32,5.9,6.15,4.5,18.0,0.0,1.0,1.9
PROP-8CEE5B3B918D,5.75,6.0,4.0,19.0,0.0,-0.25,-0.5
PROP-137796FC5ACE,5.75,6.0,4.0,19.0,0.0,-0.25,-0.5
PROP-6B08C4587CC2,5.15,5.4,4.0,18.25,0.0,0.0,-1.35
PROP-7A15AACA1AA6,6.0,6.25,4.0,19.5,0.0,0.0,-0.25
PROP-AD93BA17BF0A,5.15,5.4,4.0,18.5,-0.25,-0.6,-1.35
PROP-B6CFCD8AB39F,6.0,6.25,4.0,19.25,-0.25,-0.5,0.0
PROP-CDEB30B79377,5.15,5.4,4.0,18.5,-0.25,-0.6,-1.35
PROP-59655E9A4928,4.0,4.25,3.0,18.0,0.0,-0.4,-1.75
PROP-5E620E3A3ACC,5.75,6.0,4.0,19.0,0.0,-0.25,-0.5
PROP-1F170054874C,6.0,6.25,4.0,19.5,0.0,0.0,-0.25
PROP-1ACD5755A340,4.4,4.65,3.0,18.0,0.0,-0.75,-1.6
PROP-7B518A7380BA,6.0,6.25,4.0,19.5,0.0,0.0,-0.25
PROP-B9566D9FB165,4.4,4.65,3.0,18.0,0.0,-0.75,-1.6
PROP-E4CE65741551,5.75,6.0,4.0,19.0,0.0,-0.25,-0.5
PROP-6457C8001006,6.0,6.25,4.0,19.25,-0.25,-0.5,0.0
PROP-7A954D76BA2B,6.0,6.25,4.0,19.5,0.0,0.0,-0.25
PROP-68BAD9FBF459,6.25,6.5,4.0,19.5,0.0,0.25,0.0
PROP-59AE24D1FA8D,4.0,4.25,3.5,18.0,0.0,0.0,-0.4
PROP-264564D93BA7,4.0,4.25,4.0,18.0,0.0,0.0,0.0
PROP-391A6480EEC2,5.15,5.4,4.0,18.5,-0.25,-0.6,-1.35
PROP-D7A37A260811,4.4,4.65,3.0,18.0,0.0,-0.75,-1.6
PROP-5A0D55A60A7C,5.75,6.0,4.0,19.0,0.0,-0.25,-0.5
PROP-527333F3F3A7,6.0,6.25,4.0,19.25,-0.25,-0.5,0.0
PROP-B33814EAF7E2,5.9,6.15,4.5,18.0,0.0,1.0,1.9
PROP-50E73A3C7ED4,4.0,4.25,3.0,18.0,0.0,-0.4,-1.75
PROP-D763CDDADC51,5.15,5.4,4.0,18.5,-0.25,-0.6,-1.35
PROP-EAAD3F11A03D,6.25,6.5,4.0,19.5,0.0,0.25,0.0
PROP-14FBC523597F,4.0,4.25,4.0,18.0,0.0,0.0,0.0
PROP-24E12EE6AA8F,4.0,4.25,3.0,18.0,0.0,0.0,-1.15
PROP-25DF2A6FDC38,4.9,5.15,4.5,18.0,0.0,0.9,0.9
PROP-7F4E18125D11,5.9,6.15,4.5,18.0,0.0,1.0,1.9
PROP-BBC7E2CA7D35,5.15,5.4,4.0,18.25,0.0,0.0,-1.35
PROP-FB39A66F31A7,4.0,4.25,3.0,18.0,0.0,-0.4,-1.75
PROP-DDAF24A1DE0B,4.0,4.25,3.0,18.0,0.0,-0.4,-1.75
PROP-EF16911EEA61,5.15,5.4,4.0,18.25,0.0,0.0,-1.35
PROP-BEF7365E788F,6.5,6.75,4.0,19.25,0.0,0.0,0.5
PROP-613E7B16B78C,4.0,4.25,3.0,18.0,0.0,-0.4,-1.75
PROP-11AF8E156BD9,4.9,5.15,4.5,18.0,0.0,0.9,0.9
PROP-DB0335CD4E73,5.15,5.4,4.0,18.5,-0.25,-0.6,-1.35
PROP-2B1471560720,4.0,4.25,3.0,18.0,0.0,0.0,-1.15
PROP-0430957DE626,4.0,4.25,4.0,18.0,0.0,0.0,0.0
PROP-8E2F998170B1,4.0,4.25,3.5,18.0,0.0,0.0,-0.4
PROP-8233A0726CA4,4.0,4.25,4.0,18.0,0.0,0.0,0.0
PROP-41834639F45A,6.25,6.5,4.0,19.5,0.0,0.25,0.0
PROP-6F327DCF7209,6.5,6.75,4.0,19.25,0.0,0.0,0.5
PROP-58FC2FB34F2A,4.9,5.15,4.5,18.0,0.0,0.9,0.9
PROP-36439114999A,6.5,6.75,4.0,19.25,0.0,0.0,0.5
PROP-E8FF98787CA6,6.0,6.25,4.0,19.25,-0.25,-0.5,0.0
PROP-FA69A69649CF,4.4,4.65,3.0,18.0,0.0,-0.75,-1.6
PROP-564BA06B07C7,4.0,4.25,3.0,18.0,0.0,0.0,-1.15
PROP-11A4AC0E22D8,6.0,6.25,4.0,19.25,-0.25,-0.5,0.0
PROP-1B316545C9B6,4.0,4.25,4.0,18.0,0.0,0.0,0.0
PROP-4BD18EBCB1E9,4.0,4.25,4.0,18.0,0.0,0.0,0.0
PROP-3ED9BAC50DA3,4.0,4.25,4.0,18.0,0.0,0.0,0.0
PROP-C096A3FD97BE,4.0,4.25,4.0,18.0,0.0,0.0,0.0
PROP-1DDD5555EE0A,4.0,4.25,3.0,18.0,0.0,0.0,-1.15
PROP-4863483DEF2D,6.5,6.75,4.0,19.25,0.0,0.0,0.5
PROP-A9BAD544DE67,4.0,4.25,3.5,18.0,0.0,0.0,-0.4
PROP-A4FD27DA5E12,6.5,6.75,4.0,19.5,0.0,0.25,0.5
PROP-89D703B24F43,6.25,6.5,4.0,19.5,0.0,0.25,0.0
PROP-53444714087E,5.75,6.0,4.0,19.0,0.0,-0.25,-0.5
PROP-AE44C58BC467,4.0,4.25,4.0,18.0,0.0,0.0,0.0
PROP-088653F04D27,4.0,4.25,4.0,18.0,0.0,0.0,0.0
PROP-A23BCB4F58D5,4.0,4.25,4.0,18.0,0.0,0.0,0.0
PROP-C6EB20A53AA4,4.4,4.65,3.0,18.0,0.0,-0.75,-1.6
PROP-9BED3884EF74,4.4,4.65,3.0,18.0,0.0,-0.75,-1.6
PROP-B4CAE80DF47C,5.9,6.15,4.5,18.0,0.0,1.0,1.9
PROP-5B17B30F0568,6.5,6.75,4.0,19.5,0.0,0.25,0.5
PROP-994C7CC607DE,4.0,4.25,3.0,18.0,0.0,0.0,-1.15
PROP-141074B61B34,4.0,4.25,3.0,18.0,0.0,-0.4,-1.75
PROP-569200A71A84,6.5,6.75,4.0,19.5,0.0,0.25,0.5
PROP-7B3E3436CA4F,6.5,6.75,4.0,19.5,0.0,0.25,0.5
PROP-5B0A0FC228F3,5.15,5.4,4.0,18.5,-0.25,-0.6,-1.35
PROP-898FFBD3321D,4.0,4.25,3.0,18.0,0.0,-0.4,-1.75
PROP-9688C3DE9763,5.15,5.4,4.0,18.5,-0.25,-0.6,-1.35
PROP-09F45B7A86A2,6.5,6.75,4.0,19.5,0.0,0.25,0.5
PROP-436E516D343E,6.5,6.75,4.0,19.25,0.0,0.0,0.5
PROP-E20CF0FF383B,4.0,4.25,4.0,18.0,0.0,0.0,0.0
PROP-5F4B827E9F1C,5.15,5.4,4.0,18.5,-0.25,-0.6,-1.35
PROP-CA3FD794B257,4.4,4.65,3.0,18.0,0.0,-0.75,-1.6
PROP-51AFB0F34538,4.0,4.25,4.0,18.0,0.0,0.0,0.0
PROP-C0106BE2CFFF,6.0,6.25,4.0,19.25,-0.25,-0.5,0.0
PROP-FBA52FF69B4E,4.0,4.25,3.0,18.0,0.0,0.0,-1.15
PROP-6232D5D5BAA8,4.0,4.25,3.0,18.0,0.0,0.0,-1.15
PROP-4356857C9E48,4.0,4.25,4.0,18.0,0.0,0.0,0.0
PROP-441B387065E7,4.9,5.15,4.5,18.0,0.0,0.9,0.9
PROP-17D53ECF8E87,4.0,4.25,3.0,18.0,0.0,-0.4,-1.75
PROP-9F2CB12EE522,6.0,6.25,4.0,19.25,-0.25,-0.5,0.0
PROP-615446696A3B,4.0,4.25,3.0,18.0,0.0,-0.4,-1.75
PROP-8B26726BFAD8,4.0,4.25,4.0,18.0,0.0,0.0,0.0
PROP-1D9EA750BF8C,6.0,6.25,4.0,19.5,0.0,0.0,-0.25
PROP-89383D799AC3,6.5,6.75,4.0,19.25,0.0,0.0,0.5
PROP-29FDD0C92E96,5.75,6.0,4.0,19.0,0.0,-0.25,-0.5
PROP-F65F00240235,4.0,4.25,3.0,18.0,0.0,0.0,-1.15
PROP-43E225FD6139,4.0,4.25,3.0,18.0,0.0,0.0,-1.15
PROP-8D5552EA40FC,4.0,4.25,4.0,18.0,0.0,0.0,0.0
PROP-DF0E68C39717,4.4,4.65,3.0,18.0,0.0,-0.75,-1.6
PROP-1CC0B86B5B84,6.25,6.5,4.0,19.5,0.0,0.25,0.0
PROP-C157E4411C18,4.0,4.25,3.0,18.0,0.0,0.0,-1.15
PROP-5688212C8031,6.0,6.25,4.0,19.5,0.0,0.0,-0.25
PROP-04E7DF9F81BD,4.4,4.65,3.0,18.0,0.0,-0.75,-1.6
PROP-F765AB932409,4.9,5.15,4.5,18.0,0.0,0.9,0.9
PROP-65F03C753DF1,4.4,4.65,3.0,18.0,0.0,-0.75,-1.6
PROP-FC7DF5049E71,5.9,6.15,4.5,18.0,0.0,1.0,1.9
PROP-05E19E6D880A,4.4,4.65,3.0,18.0,0.0,-0.75,-1.6
PROP-EDF27A5B0463,5.15,5.4,4.0,18.5,-0.25,-0.6,-1.35
PROP-48C71F6E713B,4.0,4.25,4.0,18.0,0.0,0.0,0.0
PROP-5D9395FBBE02,4.0,4.25,4.0,18.0,0.0,0.0,0.0
PROP-8042ADE277F0,6.5,6.75,4.0,19.5,0.0,0.25,0.5
PROP-8EFE2CDEA153,4.0,4.25,4.0,18.0,0.0,0.0,0.0
PROP-C545C93B49E5,4.4,4.65,3.0,18.0,0.0,-0.75,-1.6
PROP-3FDA346C4B94,6.0,6.25,4.0,19.25,-0.25,-0.5,0.0
PROP-94461D7DCCD5,4.0,4.25,3.0,18.0,0.0,0.0,-1.15
PROP-672B55DB8441,4.0,4.25,4.0,18.0,0.0,0.0,0.0
PROP-5BA1E60B70E3,4.0,4.25,3.5,18.0,0.0,0.0,-0.4
PROP-CAF5E16961C7,5.15,5.4,4.0,18.25,0.0,0.0,-1.35
PROP-1FD1E1BC1A1C,4.0,4.25,3.5,18.0,0.0,0.0,-0.4
PROP-234DF79E7111,6.0,6.25,4.0,19.25,-0.25,-0.5,0.0
PROP-C078142C4E0B,5.15,5.4,4.0,18.25,0.0,0.0,-1.35
PROP-B7F82B9FB7AD,4.9,5.15,4.5,18.0,0.0,0.9,0.9
PROP-4A6B28127168,4.0,4.25,4.0,18.0,0.0,0.0,0.0
PROP-A6D38A648C27,5.15,5.4,4.0,18.5,-0.25,-0.6,-1.35
PROP-030B710C67DE,5.15,5.4,4.0,18.25,0.0,0.0,-1.35
PROP-FC169B85B3DA,4.4,4.65,3.0,18.0,0.0,-0.75,-1.6
PROP-59A39B0158C8,4.0,4.25,3.5,18.0,0.0,0.0,-0.4
PROP-0DB3DDFD9FBC,4.0,4.25,4.0,18.0,0.0,0.0,0.0
PROP-656E756559BF,4.0,4.25,3.0,18.0,0.0,0.0,-1.15
PROP-5952F2C2B499,6.5,6.75,4.0,19.25,0.0,0.0,0.5
PROP-1E8E13B0E034,4.0,4.25,3.0,18.0,0.0,0.0,-1.15
PROP-D2006457DB11,6.0,6.25,4.0,19.5,0.0,0.0,-0.25
PROP-DAFCA1D8C159,4.0,4.25,3.0,18.0,0.0,0.0,-1.15
PROP-638E6F08A192,5.75,6.0,4.0,19.0,0.0,-0.25,-0.5
PROP-5673C99CED1C,4.4,4.65,3.0,18.0,0.0,-0.75,-1.6
PROP-7948C7BE7FC2,4.4,4.65,3.0,18.0,0.0,-0.75,-1.6
PROP-769C05211808,5.9,6.15,4.5,18.0,0.0,1.0,1.9
PROP-E7F42158E430,4.9,5.15,4.5,18.0,0.0,0.9,0.9
PROP-ADF6646AF1B8,5.75,6.0,4.0,19.0,0.0,-0.25,-0.5
PROP-8CDBE9267BFF,4.0,4.25,4.0,18.0,0.0,0.0,0.0
PROP-8AAC9FC3E8DB,4.0,4.25,3.5,18.0,0.0,0.0,-0.4
PROP-337A9019956E,4.0,4.25,4.0,18.0,0.0,0.0,0.0
PROP-65CBC9022368,4.0,4.25,4.0,18.0,0.0,0.0,0.0
PROP-9C982E01DABE,6.5,6.75,4.0,19.5,0.0,0.25,0.5
PROP-B36C1025214C,4.0,4.25,4.0,18.0,0.0,0.0,0.0
PROP-6DAC94B95AE5,4.0,4.25,4.0,18.0,0.0,0.0,0.0
PROP-6FA23D1D8967,4.0,4.25,4.0,18.0,0.0,0.0,0.0
PROP-51B8FAC99538,6.5,6.75,4.0,19.5,0.0,0.25,0.5
PROP-139DE4C64567,5.15,5.4,4.0,18.5,-0.25,-0.6,-1.35
PROP-D4468A9DE869,4.0,4.25,4.0,18.0,0.0,0.0,0.0
PROP-2B450D40DFE8,4.0,4.25,3.0,18.0,0.0,-0.4,-1.75
PROP-FB70FBC52EE3,5.75,6.0,4.0,19.0,0.0,-0.25,-0.5
PROP-1E3FC4E10F55,5.75,6.0,4.0,19.0,0.0,-0.25,-0.5
PROP-970EEEE66188,6.0,6.25,4.0,19.5,0.0,0.0,-0.25
PROP-23FF162BF658,5.75,6.0,4.0,19.0,0.0,-0.25,-0.5
PROP-DC748BB75CB3,4.0,4.25,3.0,18.0,0.0,-0.4,-1.75
PROP-D2FED454D725,6.5,6.75,4.0,19.5,0.0,0.25,0.5
PROP-A8D06C1E19BF,5.15,5.4,4.0,18.25,0.0,0.0,-1.35
PROP-22CAE4B207BE,4.0,4.25,3.0,18.0,0.0,-0.4,-1.75
PROP-22637C226517,4.0,4.25,3.0,18.0,0.0,0.0,-1.15
PROP-FCE5C1C77469,4.4,4.65,3.0,18.0,0.0,-0.75,-1.6
PROP-C8CC7D055133,5.9,6.15,4.5,18.0,0.0,1.0,1.9
PROP-E5295EEC7C09,5.15,5.4,4.0,18.25,0.0,0.0,-1.35
PROP-C97FC2024AC8,4.0,4.25,3.0,18.0,0.0,-0.4,-1.75
PROP-0AF9A13AC90B,4.4,4.65,3.0,18.0,0.0,-0.75,-1.6
PROP-18A8C65F07A8,6.5,6.75,4.0,19.5,0.0,0.25,0.5
PROP-6C9915A423D4,4.0,4.25,4.0,18.0,0.0,0.0,0.0
PROP-17A3C4585249,4.0,4.25,3.0,18.0,0.0,0.0,-1.15
PROP-D9503AD35176,4.0,4.25,4.0,18.0,0.0,0.0,0.0
PROP-30F657453D92,6.5,6.75,4.0,19.5,0.0,0.25,0.5
PROP-7450BCF81C04,4.0,4.25,4.0,18.0,0.0,0.0,0.0
PROP-00E39A89C0BE,6.25,6.5,4.0,19.5,0.0,0.25,0.0
PROP-4123F9A4B8D7,6.5,6.75,4.0,19.5,0.0,0.25,0.5
PROP-A9C4EA94BB2F,6.25,6.5,4.0,19.5,0.0,0.25,0.0
PROP-22E7292BD92F,4.0,4.25,3.0,18.0,0.0,0.0,-1.15
PROP-CE078E54C26C,4.0,4.25,4.0,18.0,0.0,0.0,0.0
PROP-BB715B7CF235,4.9,5.15,4.5,18.0,0.0,0.9,0.9
PROP-E933A628E495,6.0,6.25,4.0,19.5,0.0,0.0,-0.25
PROP-455C99655B72,4.0,4.25,3.5,18.0,0.0,0.0,-0.4
PROP-710054420A04,5.75,6.0,4.0,19.0,0.0,-0.25,-0.5
PROP-E133CE3A9C70,4.0,4.25,4.0,18.0,0.0,0.0,0.0
PROP-3B970AE8774D,4.4,4.65,3.0,18.0,0.0,-0.75,-1.6
PROP-D151B2A08AEF,4.4,4.65,3.0,18.0,0.0,-0.75,-1.6
PROP-C115B99019DD,4.9,5.15,4.5,18.0,0.0,0.9,0.9
PROP-302C5583132E,6.0,6.25,4.0,19.25,-0.25,-0.5,0.0
PROP-CA5FF355FD04,4.0,4.25,3.5,18.0,0.0,0.0,-0.4
PROP-489DC8CA2ED4,6.0,6.25,4.0,19.5,0.0,0.0,-0.25
PROP-EE86EA7E6498,6.5,6.75,4.0,19.25,0.0,0.0,0.5
PROP-FD47528B13E5,6.0,6.25,4.0,19.25,-0.25,-0.5,0.0
PROP-90AE97CEFC9F,4.0,4.25,3.0,18.0,0.0,-0.4,-1.75
PROP-B63FADCB1C55,4.9,5.15,4.5,18.0,0.0,0.9,0.9
PROP-3C24C79B3B94,5.9,6.15,4.5,18.0,0.0,1.0,1.9
PROP-F91AB94A0782,4.0,4.25,4.0,18.0,0.0,0.0,0.0
PROP-FB2E8010ECBE,4.0,4.25,4.0,18.0,0.0,0.0,0.0
PROP-EFD9CC2503C0,4.0,4.25,4.0,18.0,0.0,0.0,0.0
PROP-63615192A17F,6.5,6.75,4.0,19.25,0.0,0.0,0.5
PROP-BDD2652B2A20,6.25,6.5,4.0,19.5,0.0,0.25,0.0
PROP-DA8F1D6CF7B2,4.0,4.25,4.0,18.0,0.0,0.0,0.0
PROP-FE35AE340B1D,6.5,6.75,4.0,19.25,0.0,0.0,0.5
PROP-B8987EC7DB24,6.5,6.75,4.0,19.25,0.0,0.0,0.5
PROP-CA1C025BD43C,6.0,6.25,4.0,19.25,-0.25,-0.5,0.0
PROP-D09E0AF4405F,6.0,6.25,4.0,19.5,0.0,0.0,-0.25
PROP-94E57D60DC6D,6.0,6.25,4.0,19.25,-0.25,-0.5,0.0
PROP-05ED8AE55E8D,5.15,5.4,4.0,18.5,-0.25,-0.6,-1.35
PROP-FD5A77B97262,4.0,4.25,4.0,18.0,0.0,0.0,0.0
PROP-16C1B7E6FDEC,6.0,6.25,4.0,19.25,-0.25,-0.5,0.0
PROP-ECCDFA70D232,4.0,4.25,4.0,18.0,0.0,0.0,0.0
PROP-D1D66FE57352,4.0,4.25,3.0,18.0,0.0,-0.4,-1.75
PROP-273A16A98588,4.9,5.15,4.5,18.0,0.0,0.9,0.9
PROP-FCE8E6A05323,4.0,4.25,3.5,18.0,0.0,0.0,-0.4
PROP-35CAFEB4013D,4.0,4.25,4.0,18.0,0.0,0.0,0.0
PROP-4FA9CF0B3B2B,4.0,4.25,4.0,18.0,0.0,0.0,0.0
PROP-EAC0AF92FD29,4.0,4.25,3.5,18.0,0.0,0.0,-0.4
PROP-19A7504837CA,4.0,4.25,3.0,18.0,0.0,0.0,-1.15
PROP-531DC53FD472,4.0,4.25,4.0,18.0,0.0,0.0,0.0
PROP-DDD7F00588CD,4.4,4.65,3.0,18.0,0.0,-0.75,-1.6
PROP-9ACE0C70FC82,4.0,4.25,4.0,18.0,0.0,0.0,0.0
PROP-6A03EC5C28F0,4.0,4.25,4.0,18.0,0.0,0.0,0.0
PROP-B7AA84552A30,6.5,6.75,4.0,19.5,0.0,0.25,0.5
PROP-84AC450134EA,6.5,6.75,4.0,19.5,0.0,0.25,0.5
PROP-FCB456DF8B22,6.5,6.75,4.0,19.25,0.0,0.0,0.5
PROP-6FD322F521D2,6.5,6.75,4.0,19.25,0.0,0.0,0.5
PROP-7F2F559BEDA6,5.15,5.4,4.0,18.25,0.0,0.0,-1.35
PROP-3A70F201A755,5.15,5.4,4.0,18.25,0.0,0.0,-1.35
PROP-4BCDB0A8A2DC,6.5,6.75,4.0,19.5,0.0,0.25,0.5
PROP-E07C42453C05,4.0,4.25,4.0,18.0,0.0,0.0,0.0
PROP-0FF36F4AE33C,4.0,4.25,3.0,18.0,0.0,0.0,-1.15
PROP-41483297384B,4.0,4.25,3.0,18.0,0.0,0.0,-1.15
PROP-1533FB0EABFB,6.25,6.5,4.0,19.5,0.0,0.25,0.0
PROP-09D6658B37E3,4.0,4.25,3.0,18.0,0.0,-0.4,-1.75
PROP-FE6E526EB43A,4.0,4.25,4.0,18.0,0.0,0.0,0.0
PROP-006906BDFA04,6.25,6.5,4.0,19.5,0.0,0.25,0.0
PROP-81CF8A2FC480,6.0,6.25,4.0,19.5,0.0,0.0,-0.25
PROP-DD0B1BA944B2,6.25,6.5,4.0,19.5,0.0,0.25,0.0
PROP-134C16FD10F4,6.0,6.25,4.0,19.5,0.0,0.0,-0.25
PROP-04A8AA3F6F56,4.0,4.25,3.0,18.0,0.0,0.0,-1.15
PROP-9558451EEE08,6.25,6.5,4.0,19.5,0.0,0.25,0.0
PROP-7C544CFC1295,4.4,4.65,3.0,18.0,0.0,-0.75,-1.6
PROP-F4D099DFF4D0,4.0,4.25,4.0,18.0,0.0,0.0,0.0
PROP-CA8A6C75EFF4,4.0,4.25,4.0,18.0,0.0,0.0,0.0
PROP-9AB6BE0C8621,6.5,6.75,4.0,19.25,0.0,0.0,0.5
PROP-0BED9FC3FDF4,4.0,4.25,4.0,18.0,0.0,0.0,0.0
PROP-CE39DDB4B4F6,6.5,6.75,4.0,19.5,0.0,0.25,0.5
PROP-2DF691579925,6.5,6.75,4.0,19.5,0.0,0.25,0.5
PROP-69B2E5888551,6.5,6.75,4.0,19.25,0.0,0.0,0.5
PROP-D8DE566208F6,4.0,4.25,4.0,18.0,0.0,0.0,0.0
PROP-AF3A64AEBB34,5.75,6.0,4.0,19.0,0.0,-0.25,-0.5
PROP-6F1E482853A4,4.0,4.25,4.0,18.0,0.0,0.0,0.0
PROP-6C0D0C2FF874,6.25,6.5,4.0,19.5,0.0,0.25,0.0
PROP-C38FC95EC7E4,4.0,4.25,3.0,18.0,0.0,0.0,-1.15
PROP-A1A792EC2210,4.4,4.65,3.0,18.0,0.0,-0.75,-1.6
PROP-547809AC17F6,6.0,6.25,4.0,19.5,0.0,0.0,-0.25
PROP-53943F68709B,6.25,6.5,4.0,19.5,0.0,0.25,0.0
PROP-BA8349B653D6,5.15,5.4,4.0,18.25,0.0,0.0,-1.35
PROP-1459BDD59C64,4.0,4.25,4.0,18.0,0.0,0.0,0.0
PROP-910705B8F1B0,4.0,4.25,4.0,18.0,0.0,0.0,0.0
PROP-CC2EAF5A0726,5.15,5.4,4.0,18.25,0.0,0.0,-1.35
PROP-2D172635D5C8,4.4,4.65,3.0,18.0,0.0,-0.75,-1.6
PROP-52EC341F6A3B,4.0,4.25,4.0,18.0,0.0,0.0,0.0
PROP-67B0612B741F,4.0,4.25,4.0,18.0,0.0,0.0,0.0
PROP-50DB4623519E,4.4,4.65,3.0,18.0,0.0,-0.75,-1.6
PROP-51B288880963,4.0,4.25,4.0,18.0,0.0,0.0,0.0
PROP-7663B03419D0,4.0,4.25,4.0,18.0,0.0,0.0,0.0
PROP-E54E4EE4D3DD,4.0,4.25,4.0,18.0,0.0,0.0,0.0
PROP-F352A8E5C241,6.0,6.25,4.0,19.5,0.0,0.0,-0.25
PROP-A9FE4307FAC7,6.0,6.25,4.0,19.25,-0.25,-0.5,0.0
PROP-9C40001B9710,6.0,6.25,4.0,19.25,-0.25,-0.5,0.0
PROP-1D3D0DB43C61,5.15,5.4,4.0,18.25,0.0,0.0,-1.35
PROP-A8B1644DB850,4.0,4.25,3.0,18.0,0.0,0.0,-1.15
PROP-F8BEA0A83468,4.0,4.25,4.0,18.0,0.0,0.0,0.0
PROP-4DE526F6FE67,4.4,4.65,3.0,18.0,0.0,-0.75,-1.6
PROP-B72D1A837F23,6.0,6.25,4.0,19.25,-0.25,-0.5,0.0
PROP-A8211BC89FFB,4.9,5.15,4.5,18.0,0.0,0.9,0.9
PROP-6C946AD1E889,4.0,4.25,3.0,18.0,0.0,0.0,-1.15
PROP-878B2114BD12,4.0,4.25,3.0,18.0,0.0,0.0,-1.15
PROP-5104A445D10A,5.15,5.4,4.0,18.5,-0.25,-0.6,-1.35
PROP-B252EB0A0A31,5.15,5.4,4.0,18.25,0.0,0.0,-1.35
PROP-91DA4A2FBDE8,4.0,4.25,4.0,18.0,0.0,0.0,0.0
PROP-BA483D7BC283,6.5,6.75,4.0,19.25,0.0,0.0,0.5
PROP-402E14974A94,4.0,4.25,3.5,18.0,0.0,0.0,-0.4
PROP-DA39FCBC823F,4.4,4.65,3.0,18.0,0.0,-0.75,-1.6
PROP-5441124E887B,6.5,6.75,4.0,19.5,0.0,0.25,0.5
PROP-96743F54A94E,4.0,4.25,4.0,18.0,0.0,0.0,0.0
PROP-9EEE9E753F95,6.5,6.75,4.0,19.5,0.0,0.25,0.5
PROP-BAEEF8A677CE,4.0,4.25,4.0,18.0,0.0,0.0,0.0
PROP-534E0EB32C78,4.0,4.25,3.0,18.0,0.0,-0.4,-1.75
PROP-28CE5E23424C,4.0,4.25,3.0,18.0,0.0,-0.4,-1.75
PROP-87F017FEFD55,4.0,4.25,3.0,18.0,0.0,0.0,-1.15
PROP-3818CAD50DC5,6.25,6.5,4.0,19.5,0.0,0.25,0.0
PROP-8395B640EEC3,6.25,6.5,4.0,19.5,0.0,0.25,0.0
PROP-4CB7F28C0B2A,6.25,6.5,4.0,19.5,0.0,0.25,0.0
PROP-5BC79A05EBF7,5.9,6.15,4.5,18.0,0.0,1.0,1.9
PROP-708251EF58B0,4.0,4.25,3.0,18.0,0.0,-0.4,-1.75
PROP-A725D913D51B,6.5,6.75,4.0,19.5,0.0,0.25,0.5
PROP-62C848E36F39,5.9,6.15,4.5,18.0,0.0,1.0,1.9
PROP-3F74084CD647,6.25,6.5,4.0,19.5,0.0,0.25,0.0
PROP-1C6BF270EEBE,4.0,4.25,3.0,18.0,0.0,0.0,-1.15
PROP-3F043F1A86AD,6.25,6.5,4.0,19.5,0.0,0.25,0.0
PROP-1873B0B346B1,4.0,4.25,4.0,18.0,0.0,0.0,0.0
PROP-6242964C4AAA,5.15,5.4,4.0,18.5,-0.25,-0.6,-1.35
PROP-27DE9C56D44E,5.9,6.15,4.5,18.0,0.0,1.0,1.9
PROP-784F1DEC6CE0,6.25,6.5,4.0,19.5,0.0,0.25,0.0
PROP-1CFC4F0D2D89,4.0,4.25,4.0,18.0,0.0,0.0,0.0
PROP-4222E92F97E4,4.0,4.25,4.0,18.0,0.0,0.0,0.0
PROP-48756337CBEB,4.0,4.25,3.0,18.0,0.0,0.0,-1.15
PROP-2DCEC4E30A72,4.0,4.25,3.0,18.0,0.0,0.0,-1.15
PROP-B74400C94F81,4.0,4.25,4.0,18.0,0.0,0.0,0.0
PROP-AD318104196B,5.9,6.15,4.5,18.0,0.0,1.0,1.9
PROP-CA5B585ECF74,4.0,4.25,3.0,18.0,0.0,0.0,-1.15
PROP-505B7131981D,4.9,5.15,4.5,18.0,0.0,0.9,0.9
PROP-E07AEAA4637A,4.0,4.25,4.0,18.0,0.0,0.0,0.0
PROP-1A284204AA9F,6.0,6.25,4.0,19.25,-0.25,-0.5,0.0
PROP-777B583B2B01,5.15,5.4,4.0,18.5,-0.25,-0.6,-1.35
PROP-7A86CC179B0B,4.0,4.25,4.0,18.0,0.0,0.0,0.0
PROP-E51186C9B9A3,4.0,4.25,3.5,18.0,0.0,0.0,-0.4
PROP-685757EC48EB,4.0,4.25,3.0,18.0,0.0,0.0,-1.15
PROP-0E2C22F5B6FE,4.0,4.25,3.0,18.0,0.0,0.0,-1.15
PROP-C99EB3C8F7E2,6.5,6.75,4.0,19.5,0.0,0.25,0.5
PROP-597CBC46429A,4.0,4.25,3.0,18.0,0.0,0.0,-1.15
PROP-0F7C65499099,6.0,6.25,4.0,19.25,-0.25,-0.5,0.0
PROP-5A7A17C9B7A9,6.0,6.25,4.0,19.5,0.0,0.0,-0.25
PROP-C5A6A8FD4C35,5.15,5.4,4.0,18.25,0.0,0.0,-1.35
PROP-DFB814A742C6,4.0,4.25,4.0,18.0,0.0,0.0,0.0
PROP-C99EBAB823F6,5.15,5.4,4.0,18.5,-0.25,-0.6,-1.35
PROP-F9EA74574C36,4.0,4.25,4.0,18.0,0.0,0.0,0.0
PROP-2960C566D6FE,5.9,6.15,4.5,18.0,0.0,1.0,1.9
PROP-CA14623BA12C,4.0,4.25,4.0,18.0,0.0,0.0,0.0
PROP-B096E29BDDF6,4.0,4.25,4.0,18.0,0.0,0.0,0.0
PROP-84CCD93FD849,4.0,4.25,3.0,18.0,0.0,0.0,-1.15
PROP-7C1FB71B450A,6.0,6.25,4.0,19.5,0.0,0.0,-0.25
PROP-98014FD76B58,6.5,6.75,4.0,19.5,0.0,0.25,0.5
PROP-50F1DD890BFD,4.4,4.65,3.0,18.0,0.0,-0.75,-1.6
PROP-425C02DF16C4,4.0,4.25,4.0,18.0,0.0,0.0,0.0
PROP-1FF39EFE8F1C,5.9,6.15,4.5,18.0,0.0,1.0,1.9
PROP-71B147EE9B28,6.25,6.5,4.0,19.5,0.0,0.25,0.0
PROP-B60221A05C54,6.5,6.75,4.0,19.25,0.0,0.0,0.5
PROP-B2F7FC10982E,6.25,6.5,4.0,19.5,0.0,0.25,0.0
PROP-F579CC4B31EF,4.0,4.25,4.0,18.0,0.0,0.0,0.0
PROP-DA6EB4D3E9F3,5.15,5.4,4.0,18.5,-0.25,-0.6,-1.35
PROP-9312A829835D,4.0,4.25,3.0,18.0,0.0,-0.4,-1.75
PROP-0EFE8E5F7063,4.0,4.25,3.0,18.0,0.0,0.0,-1.15
PROP-0562C64BB52D,4.0,4.25,4.0,18.0,0.0,0.0,0.0
PROP-74999E8A0637,5.15,5.4,4.0,18.25,0.0,0.0,-1.35
PROP-D5FA0456E5CC,4.0,4.25,4.0,18.0,0.0,0.0,0.0
PROP-334EEC6BA046,4.0,4.25,4.0,18.0,0.0,0.0,0.0
PROP-3840139B7228,4.0,4.25,3.0,18.0,0.0,0.0,-1.15
PROP-663203CA3B26,4.0,4.25,3.0,18.0,0.0,0.0,-1.15
PROP-BB95E39FF154,5.15,5.4,4.0,18.25,0.0,0.0,-1.35
PROP-CD2428843018,4.0,4.25,4.0,18.0,0.0,0.0,0.0
PROP-A8AD1F9CA00F,4.0,4.25,4.0,18.0,0.0,0.0,0.0
PROP-AA87E5075DC3,6.5,6.75,4.0,19.5,0.0,0.25,0.5
PROP-3D0C9B84472C,6.0,6.25,4.0,19.5,0.0,0.0,-0.25
PROP-755A99CFE0D3,6.0,6.25,4.0,19.5,0.0,0.0,-0.25
PROP-885DE6F1103B,4.9,5.15,4.5,18.0,0.0,0.9,0.9
PROP-8B3DAFCCCF56,4.9,5.15,4.5,18.0,0.0,0.9,0.9
PROP-D171855D43CC,4.0,4.25,3.5,18.0,0.0,0.0,-0.4
PROP-B412C25172BE,6.5,6.75,4.0,19.5,0.0,0.25,0.5
PROP-E5CF1C0F1BFD,4.0,4.25,4.0,18.0,0.0,0.0,0.0
PROP-3B1CF5C49485,4.0,4.25,4.0,18.0,0.0,0.0,0.0
PROP-9BC585C0C315,4.4,4.65,3.0,18.0,0.0,-0.75,-1.6
PROP-97953971FFEA,4.0,4.25,4.0,18.0,0.0,0.0,0.0
PROP-CF0F2AEA3CB7,4.0,4.25,3.5,18.0,0.0,0.0,-0.4
PROP-46AD518130D3,4.0,4.25,3.0,18.0,0.0,-0.4,-1.75
PROP-8D367DA56F6F,4.0,4.25,4.0,18.0,0.0,0.0,0.0
PROP-3190973D0D6A,5.9,6.15,4.5,18.0,0.0,1.0,1.9
PROP-8FED43B6EF53,6.5,6.75,4.0,19.5,0.0,0.25,0.5
PROP-D59585BF2C5A,4.0,4.25,3.0,18.0,0.0,-0.4,-1.75
PROP-4D29EB61DFBC,4.9,5.15,4.5,18.0,0.0,0.9,0.9
PROP-9C92360633F9,4.0,4.25,4.0,18.0,0.0,0.0,0.0
PROP-3B1748FE4657,6.0,6.25,4.0,19.5,0.0,0.0,-0.25
PROP-DE89921739C6,4.0,4.25,3.5,18.0,0.0,0.0,-0.4
PROP-D58DA173A1C6,6.0,6.25,4.0,19.5,0.0,0.0,-0.25
PROP-AB1A60C228FE,4.0,4.25,4.0,18.0,0.0,0.0,0.0
PROP-D5CEEF03423D,4.4,4.65,3.0,18.0,0.0,-0.75,-1.6
PROP-97B463D7BFB6,6.25,6.5,4.0,19.5,0.0,0.25,0.0
PROP-B59984BD59B0,6.5,6.75,4.0,19.5,0.0,0.25,0.5
PROP-564E584FDAFD,4.0,4.25,4.0,18.0,0.0,0.0,0.0
PROP-C2ECBD6FC62C,4.0,4.25,4.0,18.0,0.0,0.0,0.0
PROP-5475F265A998,4.0,4.25,4.0,18.0,0.0,0.0,0.0
PROP-68A5F8A17F83,6.25,6.5,4.0,19.5,0.0,0.25,0.0
PROP-59AB71B479D7,5.15,5.4,4.0,18.25,0.0,0.0,-1.35
PROP-47716774F63D,6.5,6.75,4.0,19.5,0.0,0.25,0.5
PROP-F0D6AE118872,4.0,4.25,3.5,18.0,0.0,0.0,-0.4
PROP-78F5B36A2DEA,5.15,5.4,4.0,18.25,0.0,0.0,-1.35
PROP-CF4E60E830EE,4.0,4.25,3.5,18.0,0.0,0.0,-0.4
PROP-0F1ADDA1EACE,4.0,4.25,4.0,18.0,0.0,0.0,0.0
PROP-DC1152DADC28,4.0,4.25,4.0,18.0,0.0,0.0,0.0
PROP-FE76E707B99E,5.9,6.15,4.5,18.0,0.0,1.0,1.9
PROP-C66EC96E3153,6.5,6.75,4.0,19.5,0.0,0.25,0.5
PROP-AED06F2C349F,4.9,5.15,4.5,18.0,0.0,0.9,0.9
PROP-412A9BE22F61,4.0,4.25,4.0,18.0,0.0,0.0,0.0
PROP-A25211DD421C,4.0,4.25,4.0,18.0,0.0,0.0,0.0
PROP-5D5B85CA8F83,5.75,6.0,4.0,19.0,0.0,-0.25,-0.5
PROP-1D2312610EB6,4.0,4.25,4.0,18.0,0.0,0.0,0.0
PROP-59674F3EE6A7,4.9,5.15,4.5,18.0,0.0,0.9,0.9
PROP-31920B6CF1C5,6.5,6.75,4.0,19.5,0.0,0.25,0.5
PROP-868F61F39BA0,6.5,6.75,4.0,19.5,0.0,0.25,0.5
PROP-A8D69CCED24A,6.0,6.25,4.0,19.25,-0.25,-0.5,0.0
PROP-908B4AB3D75A,4.0,4.25,3.0,18.0,0.0,0.0,-1.15
PROP-9A49CCD18625,6.5,6.75,4.0,19.5,0.0,0.25,0.5
PROP-3C33E06CE1CE,6.5,6.75,4.0,19.25,0.0,0.0,0.5
PROP-C745DF9CEFD8,5.9,6.15,4.5,18.0,0.0,1.0,1.9
PROP-AD0E13096FAC,4.4,4.65,3.0,18.0,0.0,-0.75,-1.6
PROP-2B923AFC9958,6.0,6.25,4.0,19.5,0.0,0.0,-0.25
PROP-5789D61359AE,4.0,4.25,3.0,18.0,0.0,0.0,-1.15
PROP-EF3CA07B84D1,5.75,6.0,4.0,19.0,0.0,-0.25,-0.5
PROP-5E6F4EFFA083,6.5,6.75,4.0,19.5,0.0,0.25,0.5
PROP-E1C2B41D0E17,5.15,5.4,4.0,18.5,-0.25,-0.6,-1.35
PROP-BC11B25A7122,4.0,4.25,3.0,18.0,0.0,0.0,-1.15
PROP-7D0655AE3EF6,4.0,4.25,4.0,18.0,0.0,0.0,0.0
PROP-1A2D6E10EE4D,4.0,4.25,4.0,18.0,0.0,0.0,0.0
PROP-BD77D2B0DC96,5.15,5.4,4.0,18.5,-0.25,-0.6,-1.35
PROP-29ED375D00F4,4.0,4.25,3.0,18.0,0.0,0.0,-1.15
PROP-AFA76C13B75E,5.9,6.15,4.5,18.0,0.0,1.0,1.9
PROP-3725CF308586,6.0,6.25,4.0,19.25,-0.25,-0.5,0.0
PROP-D121E0C4EBF7,5.9,6.15,4.5,18.0,0.0,1.0,1.9
PROP-C374EA2CB88D,5.15,5.4,4.0,18.5,-0.25,-0.6,-1.35
PROP-C85ABB307E45,6.5,6.75,4.0,19.25,0.0,0.0,0.5
PROP-DDA0841841AF,4.0,4.25,4.0,18.0,0.0,0.0,0.0
PROP-3DFC239A4C27,4.0,4.25,3.0,18.0,0.0,0.0,-1.15
PROP-4626008534D7,4.0,4.25,3.0,18.0,0.0,-0.4,-1.75
PROP-4248F33EF05E,6.5,6.75,4.0,19.25,0.0,0.0,0.5
PROP-B71492196A4E,6.5,6.75,4.0,19.25,0.0,0.0,0.5
PROP-028FF31178F0,4.0,4.25,3.5,18.0,0.0,0.0,-0.4
PROP-333F0E98F9E5,5.15,5.4,4.0,18.25,0.0,0.0,-1.35
PROP-F7D55264C3AE,4.0,4.25,3.0,18.0,0.0,-0.4,-1.75
PROP-D6687863770C,4.9,5.15,4.5,18.0,0.0,0.9,0.9
PROP-D33D693946CC,5.15,5.4,4.0,18.5,-0.25,-0.6,-1.35
PROP-5A66CF3D3CF3,6.0,6.25,4.0,19.5,0.0,0.0,-0.25
PROP-0B5C67D74FC5,6.0,6.25,4.0,19.5,0.0,0.0,-0.25
PROP-12D7BBB9D0C2,5.75,6.0,4.0,19.0,0.0,-0.25,-0.5
PROP-128C84FAF0D5,4.0,4.25,3.0,18.0,0.0,0.0,-1.15
PROP-499DFFC230BA,6.0,6.25,4.0,19.5,0.0,0.0,-0.25
PROP-74E342445F9F,4.0,4.25,3.0,18.0,0.0,0.0,-1.15
PROP-8981BD3C3AC3,4.9,5.15,4.5,18.0,0.0,0.9,0.9
PROP-4AA35CA76AD5,5.15,5.4,4.0,18.5,-0.25,-0.6,-1.35
PROP-8D4BBD454138,6.25,6.5,4.0,19.5,0.0,0.25,0.0
PROP-18F67B9F3E6C,5.15,5.4,4.0,18.25,0.0,0.0,-1.35
PROP-14D6FB627F07,6.25,6.5,4.0,19.5,0.0,0.25,0.0
PROP-8D94977A6E67,4.9,5.15,4.5,18.0,0.0,0.9,0.9
PROP-F07DDE96822A,5.9,6.15,4.5,18.0,0.0,1.0,1.9
PROP-A6BAFE7C6BD9,5.15,5.4,4.0,18.5,-0.25,-0.6,-1.35
PROP-9982829D9825,4.0,4.25,3.0,18.0,0.0,0.0,-1.15
PROP-B8E3BACB5623,4.9,5.15,4.5,18.0,0.0,0.9,0.9
PROP-D76668327DFB,5.75,6.0,4.0,19.0,0.0,-0.25,-0.5
PROP-0EC529B6E156,4.0,4.25,3.0,18.0,0.0,0.0,-1.15
PROP-3E9A5CDC18B2,4.0,4.25,3.0,18.0,0.0,-0.4,-1.75
PROP-51A6432F409F,4.0,4.25,4.0,18.0,0.0,0.0,0.0
PROP-15D12FC93C34,4.0,4.25,4.0,18.0,0.0,0.0,0.0
PROP-A504C9CDBB80,5.75,6.0,4.0,19.0,0.0,-0.25,-0.5
PROP-2124185913BE,6.0,6.25,4.0,19.25,-0.25,-0.5,0.0
PROP-33241E2977B8,5.15,5.4,4.0,18.25,0.0,0.0,-1.35
PROP-E9B1CF658193,6.0,6.25,4.0,19.25,-0.25,-0.5,0.0
PROP-80E49D57D131,4.0,4.25,4.0,18.0,0.0,0.0,0.0
PROP-4BA81165CDEF,4.0,4.25,3.5,18.0,0.0,0.0,-0.4
PROP-78D843A10905,4.0,4.25,3.0,18.0,0.0,0.0,-1.15
PROP-F3B2891D6816,4.0,4.25,3.0,18.0,0.0,-0.4,-1.75
PROP-B98D133D531E,5.15,5.4,4.0,18.5,-0.25,-0.6,-1.35
PROP-2112BACE729A,6.25,6.5,4.0,19.5,0.0,0.25,0.0
PROP-C06355C90E42,5.15,5.4,4.0,18.5,-0.25,-0.6,-1.35
PROP-B267510D4F37,4.0,4.25,3.0,18.0,0.0,0.0,-1.15
PROP-6C265ECC52EE,5.9,6.15,4.5,18.0,0.0,1.0,1.9
PROP-EB456A3DA1DA,6.0,6.25,4.0,19.5,0.0,0.0,-0.25
PROP-2AC702F8C69D,4.0,4.25,3.0,18.0,0.0,0.0,-1.15
PROP-65F887088827,4.9,5.15,4.5,18.0,0.0,0.9,0.9
PROP-6C2C250DF6BB,4.0,4.25,4.0,18.0,0.0,0.0,0.0
PROP-155F66D14CB6,6.5,6.75,4.0,19.5,0.0,0.25,0.5
PROP-7720992658C3,4.9,5.15,4.5,18.0,0.0,0.9,0.9
PROP-4E95AACD76EB,4.0,4.25,4.0,18.0,0.0,0.0,0.0
PROP-A2F572FD2AB3,4.4,4.65,3.0,18.0,0.0,-0.75,-1.6
PROP-020F88EAD73C,4.0,4.25,3.0,18.0,0.0,-0.4,-1.75
PROP-44439E757EB4,6.0,6.25,4.0,19.25,-0.25,-0.5,0.0
PROP-48B87A01E645,4.0,4.25,4.0,18.0,0.0,0.0,0.0
PROP-0E76E932DA87,6.5,6.75,4.0,19.25,0.0,0.0,0.5
PROP-E3B8F563793C,4.0,4.25,4.0,18.0,0.0,0.0,0.0
PROP-B8C72B15CC37,4.0,4.25,3.5,18.0,0.0,0.0,-0.4
PROP-53EF370D8A20,4.0,4.25,3.0,18.0,0.0,0.0,-1.15
PROP-3E5A44D00835,4.0,4.25,4.0,18.0,0.0,0.0,0.0
PROP-B94889EB5DAC,5.9,6.15,4.5,18.0,0.0,1.0,1.9
PROP-6C052F04680A,6.25,6.5,4.0,19.5,0.0,0.25,0.0
PROP-4B36DDB12298,6.0,6.25,4.0,19.5,0.0,0.0,-0.25
PROP-CE5C36FF22D6,4.0,4.25,4.0,18.0,0.0,0.0,0.0
PROP-FD4A576DCEA1,4.0,4.25,3.0,18.0,0.0,-0.4,-1.75
PROP-06D11EE15129,6.0,6.25,4.0,19.25,-0.25,-0.5,0.0
PROP-3B1407D0F38E,6.5,6.75,4.0,19.25,0.0,0.0,0.5
PROP-9C52303C9A84,4.0,4.25,3.0,18.0,0.0,-0.4,-1.75
PROP-A6D458E69668,4.9,5.15,4.5,18.0,0.0,0.9,0.9
PROP-9C4437EC6F29,4.9,5.15,4.5,18.0,0.0,0.9,0.9
PROP-1D304FA2F1D1,5.15,5.4,4.0,18.25,0.0,0.0,-1.35
PROP-02F6C914B723,6.25,6.5,4.0,19.5,0.0,0.25,0.0
PROP-6D428176B459,6.25,6.5,4.0,19.5,0.0,0.25,0.0
PROP-D7BF1CBBF597,4.0,4.25,3.5,18.0,0.0,0.0,-0.4
PROP-B5162723F499,4.0,4.25,4.0,18.0,0.0,0.0,0.0
PROP-60597F756F3F,4.9,5.15,4.5,18.0,0.0,0.9,0.9
PROP-306B14B29E7F,4.0,4.25,3.0,18.0,0.0,-0.4,-1.75
PROP-74A7E7E793BE,4.0,4.25,3.5,18.0,0.0,0.0,-0.4
PROP-1C043AEA92BA,5.75,6.0,4.0,19.0,0.0,-0.25,-0.5
PROP-CB6AA9F10D47,4.0,4.25,3.0,18.0,0.0,0.0,-1.15
PROP-686A0AE323AF,6.5,6.75,4.0,19.25,0.0,0.0,0.5
PROP-1154DFEF5233,4.9,5.15,4.5,18.0,0.0,0.9,0.9
PROP-1DECC6492133,6.0,6.25,4.0,19.25,-0.25,-0.5,0.0
PROP-C5001E0D723F,6.5,6.75,4.0,19.5,0.0,0.25,0.5
PROP-21E65B666CAB,6.5,6.75,4.0,19.25,0.0,0.0,0.5
PROP-85BD8779A415,4.9,5.15,4.5,18.0,0.0,0.9,0.9
PROP-4C38A878E43C,6.5,6.75,4.0,19.25,0.0,0.0,0.5
PROP-9BD1FBD1F039,4.4,4.65,3.0,18.0,0.0,-0.75,-1.6
PROP-55D2D141D132,6.25,6.5,4.0,19.5,0.0,0.25,0.0
PROP-C1C9F161E27C,5.15,5.4,4.0,18.25,0.0,0.0,-1.35
PROP-93571C2BF6FE,6.0,6.25,4.0,19.5,0.0,0.0,-0.25
PROP-F70A6155FCCE,4.4,4.65,3.0,18.0,0.0,-0.75,-1.6
PROP-322ACCA028B0,4.0,4.25,4.0,18.0,0.0,0.0,0.0
PROP-E1174F6E1C57,6.5,6.75,4.0,19.25,0.0,0.0,0.5
PROP-6DA15662CFB3,6.5,6.75,4.0,19.25,0.0,0.0,0.5
PROP-3B4E25C712E8,4.0,4.25,3.0,18.0,0.0,0.0,-1.15
PROP-DFDAB3044F62,4.0,4.25,3.0,18.0,0.0,-0.4,-1.75
PROP-E6DBE6FBD786,4.0,4.25,4.0,18.0,0.0,0.0,0.0
PROP-7BC4E38BD8F8,4.0,4.25,3.0,18.0,0.0,-0.4,-1.75
PROP-1D94B991C82D,4.9,5.15,4.5,18.0,0.0,0.9,0.9
PROP-EB9CA72140CA,5.9,6.15,4.5,18.0,0.0,1.0,1.9
PROP-4E39A8E02A83,6.5,6.75,4.0,19.25,0.0,0.0,0.5
PROP-3D29044CC5C4,5.75,6.0,4.0,19.0,0.0,-0.25,-0.5
PROP-4AA395486662,6.5,6.75,4.0,19.5,0.0,0.25,0.5
PROP-2B45475D5C85,4.4,4.65,3.0,18.0,0.0,-0.75,-1.6
PROP-0D0CC86E6670,5.9,6.15,4.5,18.0,0.0,1.0,1.9
PROP-507C6026B5F5,5.75,6.0,4.0,19.0,0.0,-0.25,-0.5
PROP-4EA6E3A6D59E,4.0,4.25,3.0,18.0,0.0,0.0,-1.15
PROP-21F035F58539,4.0,4.25,3.5,18.0,0.0,0.0,-0.4
PROP-487A40F32CE2,4.0,4.25,4.0,18.0,0.0,0.0,0.0
PROP-382E0555DA05,4.4,4.65,3.0,18.0,0.0,-0.75,-1.6
PROP-9FA8A866F430,4.0,4.25,4.0,18.0,0.0,0.0,0.0
PROP-37C28A077D3C,4.4,4.65,3.0,18.0,0.0,-0.75,-1.6
PROP-6E4F7ED5E527,4.0,4.25,3.0,18.0,0.0,0.0,-1.15
PROP-2E2013369E5C,4.0,4.25,3.0,18.0,0.0,-0.4,-1.75
PROP-7B3E99B6F49B,4.0,4.25,4.0,18.0,0.0,0.0,0.0
PROP-D65BB3FB3321,4.0,4.25,4.0,18.0,0.0,0.0,0.0
PROP-5EDA0B2C2049,6.0,6.25,4.0,19.25,-0.25,-0.5,0.0
PROP-A9A51A6D812C,4.0,4.25,4.0,18.0,0.0,0.0,0.0
PROP-11FAFC3F65D8,4.0,4.25,4.0,18.0,0.0,0.0,0.0
PROP-90B02A1B85ED,4.9,5.15,4.5,18.0,0.0,0.9,0.9
PROP-A0729899548C,6.0,6.25,4.0,19.25,-0.25,-0.5,0.0
PROP-3E44C5D49F3C,4.0,4.25,3.0,18.0,0.0,0.0,-1.15
PROP-5BC71C0D67BC,4.0,4.25,3.0,18.0,0.0,-0.4,-1.75
PROP-B720392F5AEA,5.75,6.0,4.0,19.0,0.0,-0.25,-0.5
PROP-9E9B07D92F8D,6.25,6.5,4.0,19.5,0.0,0.25,0.0
PROP-6878795CC437,5.9,6.15,4.5,18.0,0.0,1.0,1.9
PROP-4B9AD677A8CC,4.0,4.25,4.0,18.0,0.0,0.0,0.0
PROP-E5A457065D2A,4.0,4.25,4.0,18.0,0.0,0.0,0.0
PROP-EBB0F92AAFDC,6.25,6.5,4.0,19.5,0.0,0.25,0.0
PROP-9D18701B8734,5.9,6.15,4.5,18.0,0.0,1.0,1.9
PROP-608ECB50CCDC,4.0,4.25,4.0,18.0,0.0,0.0,0.0
PROP-1E6E74EA246F,4.0,4.25,3.0,18.0,0.0,-0.4,-1.75
PROP-494FFB49BD02,4.0,4.25,4.0,18.0,0.0,0.0,0.0
PROP-1C41DDA32F02,6.5,6.75,4.0,19.5,0.0,0.25,0.5
PROP-2D59BA01D306,4.4,4.65,3.0,18.0,0.0,-0.75,-1.6
PROP-9A79418F02BB,4.4,4.65,3.0,18.0,0.0,-0.75,-1.6
PROP-DE4770DD532A,4.0,4.25,3.5,18.0,0.0,0.0,-0.4
PROP-BE904FD9ECAD,5.9,6.15,4.5,18.0,0.0,1.0,1.9
PROP-8A989A72A388,4.0,4.25,3.0,18.0,0.0,-0.4,-1.75
PROP-5130B7448AF9,6.0,6.25,4.0,19.5,0.0,0.0,-0.25
PROP-AB5A51158BC6,4.4,4.65,3.0,18.0,0.0,-0.75,-1.6
PROP-E1F298941518,4.0,4.25,3.0,18.0,0.0,-0.4,-1.75
PROP-A17023DDEB11,4.9,5.15,4.5,18.0,0.0,0.9,0.9
PROP-300FE53137C8,5.9,6.15,4.5,18.0,0.0,1.0,1.9
PROP-04408C3B0FE8,5.15,5.4,4.0,18.25,0.0,0.0,-1.35
PROP-F89852E17BBF,4.0,4.25,3.5,18.0,0.0,0.0,-0.4
PROP-0232DF1E3122,4.0,4.25,4.0,18.0,0.0,0.0,0.0
PROP-A047D09B0088,4.0,4.25,3.0,18.0,0.0,-0.4,-1.75
PROP-6059FA9320CF,4.9,5.15,4.5,18.0,0.0,0.9,0.9
PROP-F7C13E002D5A,6.0,6.25,4.0,19.5,0.0,0.0,-0.25
PROP-BABED21275E8,6.0,6.25,4.0,19.25,-0.25,-0.5,0.0
PROP-ADD1683096D2,6.25,6.5,4.0,19.5,0.0,0.25,0.0
PROP-85C27B3F455C,4.0,4.25,4.0,18.0,0.0,0.0,0.0
PROP-64388C5569CD,4.0,4.25,4.0,18.0,0.0,0.0,0.0
PROP-8B35D7E369A5,6.25,6.5,4.0,19.5,0.0,0.25,0.0
PROP-919F7D262957,4.0,4.25,3.0,18.0,0.0,-0.4,-1.75
PROP-6B767F5AD862,4.0,4.25,4.0,18.0,0.0,0.0,0.0
PROP-01CBE057DDE0,5.75,6.0,4.0,19.0,0.0,-0.25,-0.5
PROP-3BC45615E83D,4.9,5.15,4.5,18.0,0.0,0.9,0.9
PROP-F6D35BFA6818,4.0,4.25,3.5,18.0,0.0,0.0,-0.4
PROP-D51E41BB2E15,4.0,4.25,3.0,18.0,0.0,-0.4,-1.75
PROP-9A93EC4F5997,4.0,4.25,3.0,18.0,0.0,0.0,-1.15
PROP-E495D05F7890,4.0,4.25,3.0,18.0,0.0,0.0,-1.15
PROP-224F39EB71BF,6.5,6.75,4.0,19.25,0.0,0.0,0.5
PROP-20486AE557BE,4.0,4.25,3.0,18.0,0.0,-0.4,-1.75
PROP-C34C80FE5C36,4.0,4.25,4.0,18.0,0.0,0.0,0.0
PROP-F615E00701ED,4.0,4.25,4.0,18.0,0.0,0.0,0.0
PROP-06E487FBB6E4,4.4,4.65,3.0,18.0,0.0,-0.75,-1.6
PROP-E13A55075E5A,6.25,6.5,4.0,19.5,0.0,0.25,0.0
PROP-1BB790FC7414,6.25,6.5,4.0,19.5,0.0,0.25,0.0
PROP-7B400A0BDF75,6.0,6.25,4.0,19.25,-0.25,-0.5,0.0
PROP-3EE0C187E7BE,4.0,4.25,3.0,18.0,0.0,0.0,-1.15
PROP-FA9BD6E01DEF,4.0,4.25,3.0,18.0,0.0,-0.4,-1.75
PROP-511DEB6D690C,6.25,6.5,4.0,19.5,0.0,0.25,0.0
PROP-5FA457A99A67,4.0,4.25,3.0,18.0,0.0,-0.4,-1.75
PROP-9FDD906E861E,4.0,4.25,4.0,18.0,0.0,0.0,0.0
PROP-46CDEB43B6B3,4.9,5.15,4.5,18.0,0.0,0.9,0.9
PROP-B7C070479EAE,4.0,4.25,3.0,18.0,0.0,0.0,-1.15
PROP-E51B39B44FF0,4.4,4.65,3.0,18.0,0.0,-0.75,-1.6
PROP-D520D57B4310,4.0,4.25,3.0,18.0,0.0,0.0,-1.15
PROP-D3B73CEFF96E,4.0,4.25,3.0,18.0,0.0,-0.4,-1.75
PROP-38292E418CB4,5.9,6.15,4.5,18.0,0.0,1.0,1.9
PROP-BFAD2CB26970,4.0,4.25,3.0,18.0,0.0,-0.4,-1.75
PROP-FFBB736305FD,4.0,4.25,3.5,18.0,0.0,0.0,-0.4
PROP-F9F70BB44F1A,6.0,6.25,4.0,19.5,0.0,0.0,-0.25
PROP-D6A8208E5BE0,4.0,4.25,4.0,18.0,0.0,0.0,0.0
PROP-DED1F16B455B,6.5,6.75,4.0,19.5,0.0,0.25,0.5
PROP-4E7C269C23E6,6.5,6.75,4.0,19.5,0.0,0.25,0.5
PROP-3C891A383435,4.9,5.15,4.5,18.0,0.0,0.9,0.9
PROP-1874E6AA231C,4.4,4.65,3.0,18.0,0.0,-0.75,-1.6
PROP-C281B3BB7773,4.0,4.25,3.0,18.0,0.0,0.0,-1.15
PROP-F709A21DA40A,5.15,5.4,4.0,18.5,-0.25,-0.6,-1.35
PROP-9840B36CD036,5.9,6.15,4.5,18.0,0.0,1.0,1.9
PROP-978CAB899153,6.5,6.75,4.0,19.5,0.0,0.25,0.5
PROP-77F49FC7A2C1,4.0,4.25,3.0,18.0,0.0,0.0,-1.15
PROP-89C8DEC2A97A,5.15,5.4,4.0,18.25,0.0,0.0,-1.35
PROP-D30282DEF7E8,5.9,6.15,4.5,18.0,0.0,1.0,1.9
PROP-1FBD60B5DE14,6.5,6.75,4.0,19.25,0.0,0.0,0.5
PROP-50A5C545123C,6.5,6.75,4.0,19.25,0.0,0.0,0.5
PROP-E5DB4EC56BFD,5.9,6.15,4.5,18.0,0.0,1.0,1.9
PROP-54A4D163E163,4.4,4.65,3.0,18.0,0.0,-0.75,-1.6
PROP-38BC69FDE5E1,4.4,4.65,3.0,18.0,0.0,-0.75,-1.6
PROP-2297214A6D5F,4.0,4.25,3.0,18.0,0.0,0.0,-1.15
PROP-DF336F10211D,6.5,6.75,4.0,19.25,0.0,0.0,0.5
PROP-6BC4EFC1CFCC,4.9,5.15,4.5,18.0,0.0,0.9,0.9
PROP-D0D3B33C8E29,4.0,4.25,3.0,18.0,0.0,-0.4,-1.75
PROP-D0CC0229AC50,6.5,6.75,4.0,19.5,0.0,0.25,0.5
PROP-CCB3A5117A4D,4.0,4.25,3.0,18.0,0.0,-0.4,-1.75
PROP-062039E0D27B,6.0,6.25,4.0,19.5,0.0,0.0,-0.25
PROP-858E632EE640,6.25,6.5,4.0,19.5,0.0,0.25,0.0
PROP-FF2EA9ED1084,6.5,6.75,4.0,19.5,0.0,0.25,0.5
PROP-320B8A5AAC4B,6.0,6.25,4.0,19.25,-0.25,-0.5,0.0
PROP-271799439634,4.9,5.15,4.5,18.0,0.0,0.9,0.9
PROP-EC40FB7BBF3C,6.0,6.25,4.0,19.25,-0.25,-0.5,0.0
PROP-DAAC4E0280B9,4.0,4.25,3.0,18.0,0.0,0.0,-1.15
PROP-19880B20356C,5.15,5.4,4.0,18.25,0.0,0.0,-1.35
PROP-22FDC9731C4C,4.0,4.25,4.0,18.0,0.0,0.0,0.0
PROP-B759F80C2A19,6.5,6.75,4.0,19.25,0.0,0.0,0.5
PROP-BACCABD51BA0,6.0,6.25,4.0,19.5,0.0,0.0,-0.25
PROP-0E5CFA11673F,4.0,4.25,3.5,18.0,0.0,0.0,-0.4
PROP-F4A8C0C76F4B,5.15,5.4,4.0,18.5,-0.25,-0.6,-1.35
PROP-095674ACE4B0,5.15,5.4,4.0,18.25,0.0,0.0,-1.35
PROP-3E23094523E7,4.0,4.25,3.5,18.0,0.0,0.0,-0.4
PROP-33A6897B1723,6.25,6.5,4.0,19.5,0.0,0.25,0.0
PROP-37FCAE4B38EB,6.5,6.75,4.0,19.25,0.0,0.0,0.5
PROP-2114F24E3F0B,6.5,6.75,4.0,19.5,0.0,0.25,0.5
PROP-B2A2B716046D,5.9,6.15,4.5,18.0,0.0,1.0,1.9
PROP-227BE3B8D652,6.5,6.75,4.0,19.25,0.0,0.0,0.5
PROP-5ACB6740F8CA,4.0,4.25,3.5,18.0,0.0,0.0,-0.4
PROP-E5576D4CAB25,6.25,6.5,4.0,19.5,0.0,0.25,0.0
PROP-DC845110E176,6.0,6.25,4.0,19.25,-0.25,-0.5,0.0
PROP-62157A5DB863,6.0,6.25,4.0,19.5,0.0,0.0,-0.25
PROP-11757F5FF43C,4.0,4.25,3.0,18.0,0.0,-0.4,-1.75
PROP-C9CE17A43EF6,4.0,4.25,4.0,18.0,0.0,0.0,0.0
PROP-DA034220CC71,4.0,4.25,4.0,18.0,0.0,0.0,0.0
PROP-C67F180AC4EC,6.5,6.75,4.0,19.5,0.0,0.25,0.5
PROP-011CF39424F9,5.15,5.4,4.0,18.5,-0.25,-0.6,-1.35
PROP-92A15F88152C,4.0,4.25,4.0,18.0,0.0,0.0,0.0
PROP-72F2432E4B53,6.5,6.75,4.0,19.25,0.0,0.0,0.5
PROP-C1608F411831,6.25,6.5,4.0,19.5,0.0,0.25,0.0
PROP-E11CDD3D4392,4.4,4.65,3.0,18.0,0.0,-0.75,-1.6
PROP-53B891B3AB98,6.5,6.75,4.0,19.5,0.0,0.25,0.5
PROP-9FB8D0F1AC27,4.4,4.65,3.0,18.0,0.0,-0.75,-1.6
PROP-2C566D90F422,5.15,5.4,4.0,18.25,0.0,0.0,-1.35
PROP-8699739B62BC,4.0,4.25,3.0,18.0,0.0,0.0,-1.15
PROP-C29F413FA8E5,4.0,4.25,4.0,18.0,0.0,0.0,0.0
PROP-02EE7258E2C5,4.0,4.25,4.0,18.0,0.0,0.0,0.0
PROP-01D06FC46C03,5.15,5.4,4.0,18.25,0.0,0.0,-1.35
PROP-CDFB68B1F2BD,6.0,6.25,4.0,19.25,-0.25,-0.5,0.0
PROP-F52B13C19DB2,4.0,4.25,4.0,18.0,0.0,0.0,0.0
PROP-C71273C87AD8,4.0,4.25,3.5,18.0,0.0,0.0,-0.4
PROP-CF470A202859,6.0,6.25,4.0,19.25,-0.25,-0.5,0.0
PROP-A677A875F4ED,6.5,6.75,4.0,19.25,0.0,0.0,0.5
PROP-806D15DEE855,4.4,4.65,3.0,18.0,0.0,-0.75,-1.6
PROP-A36D050D4AF9,6.5,6.75,4.0,19.25,0.0,0.0,0.5
PROP-5987400148EB,4.4,4.65,3.0,18.0,0.0,-0.75,-1.6
PROP-8DE013BFECA5,6.5,6.75,4.0,19.25,0.0,0.0,0.5
PROP-857E3B85687C,5.15,5.4,4.0,18.5,-0.25,-0.6,-1.35
PROP-4AA78A633340,4.9,5.15,4.5,18.0,0.0,0.9,0.9
PROP-492B9A0EB735,6.5,6.75,4.0,19.5,0.0,0.25,0.5
PROP-B9B30C368E06,4.0,4.25,4.0,18.0,0.0,0.0,0.0
PROP-CD50F30D1832,4.4,4.65,3.0,18.0,0.0,-0.75,-1.6
PROP-452399C4625D,4.9,5.15,4.5,18.0,0.0,0.9,0.9
PROP-6BD74555B6F6,4.0,4.25,4.0,18.0,0.0,0.0,0.0
PROP-75A82EA10DF0,4.0,4.25,4.0,18.0,0.0,0.0,0.0
PROP-536EF4DB4EE6,4.0,4.25,3.0,18.0,0.0,-0.4,-1.75
PROP-7024A5C1CDC5,5.9,6.15,4.5,18.0,0.0,1.0,1.9
PROP-99AAA93BAC68,4.9,5.15,4.5,18.0,0.0,0.9,0.9
PROP-AD9A604DC388,5.75,6.0,4.0,19.0,0.0,-0.25,-0.5
PROP-675F3A63FF7B,5.15,5.4,4.0,18.5,-0.25,-0.6,-1.35
PROP-0FCBDB85439A,4.9,5.15,4.5,18.0,0.0,0.9,0.9
PROP-57A3E58F0ECE,4.0,4.25,4.0,18.0,0.0,0.0,0.0
PROP-D22503FCBDE6,4.0,4.25,4.0,18.0,0.0,0.0,0.0
PROP-4CACABB26DD9,6.25,6.5,4.0,19.5,0.0,0.25,0.0
PROP-F9D2E4D470DA,6.0,6.25,4.0,19.25,-0.25,-0.5,0.0
PROP-564680D9FB1C,4.0,4.25,4.0,18.0,0.0,0.0,0.0
PROP-5A86A7209ECD,6.5,6.75,4.0,19.5,0.0,0.25,0.5
PROP-D76CEDD15FD2,4.4,4.65,3.0,18.0,0.0,-0.75,-1.6
PROP-C7930D52B5A1,4.4,4.65,3.0,18.0,0.0,-0.75,-1.6
PROP-526F48E1E900,6.0,6.25,4.0,19.5,0.0,0.0,-0.25
PROP-7FDE755C0382,6.25,6.5,4.0,19.5,0.0,0.25,0.0
PROP-021F335D0215,4.0,4.25,4.0,18.0,0.0,0.0,0.0
PROP-7EE9C3784A47,5.9,6.15,4.5,18.0,0.0,1.0,1.9
PROP-A6EC2A68F551,5.15,5.4,4.0,18.5,-0.25,-0.6,-1.35
PROP-42C7CCAA4DA8,5.15,5.4,4.0,18.5,-0.25,-0.6,-1.35
PROP-3F101B31EFC2,4.0,4.25,3.0,18.0,0.0,0.0,-1.15
PROP-FF3BC092A693,5.15,5.4,4.0,18.5,-0.25,-0.6,-1.35
PROP-22ADCFDCC4E6,5.9,6.15,4.5,18.0,0.0,1.0,1.9
PROP-D7B9FF3423CF,5.15,5.4,4.0,18.5,-0.25,-0.6,-1.35
PROP-9403FA13261F,4.0,4.25,3.0,18.0,0.0,-0.4,-1.75
PROP-509DAF3B8F83,5.15,5.4,4.0,18.25,0.0,0.0,-1.35
PROP-537DF28A4766,6.5,6.75,4.0,19.5,0.0,0.25,0.5
PROP-B29736B298A5,6.5,6.75,4.0,19.25,0.0,0.0,0.5
PROP-2598404F5915,4.0,4.25,4.0,18.0,0.0,0.0,0.0
PROP-F91842C46C73,4.0,4.25,3.5,18.0,0.0,0.0,-0.4
PROP-27E1D3BE2A46,6.0,6.25,4.0,19.25,-0.25,-0.5,0.0
PROP-72741E850629,4.0,4.25,4.0,18.0,0.0,0.0,0.0
PROP-A2E125A608EB,6.0,6.25,4.0,19.5,0.0,0.0,-0.25
PROP-27053D3CBD75,4.0,4.25,4.0,18.0,0.0,0.0,0.0
PROP-56D5EC85E87C,4.4,4.65,3.0,18.0,0.0,-0.75,-1.6
PROP-4841AF3DBA63,6.5,6.75,4.0,19.5,0.0,0.25,0.5
PROP-30C513D288D6,4.0,4.25,3.0,18.0,0.0,0.0,-1.15
PROP-ADDDC5ECAFBA,6.0,6.25,4.0,19.5,0.0,0.0,-0.25
PROP-6F731D2CBD4F,4.0,4.25,3.0,18.0,0.0,0.0,-1.15
PROP-A0F0433A0B55,6.25,6.5,4.0,19.5,0.0,0.25,0.0
PROP-457CBDA60BA7,5.75,6.0,4.0,19.0,0.0,-0.25,-0.5
PROP-3C19838B2F53,4.0,4.25,3.0,18.0,0.0,0.0,-1.15
PROP-E0FD65059227,5.9,6.15,4.5,18.0,0.0,1.0,1.9
PROP-BAD8020CF068,6.5,6.75,4.0,19.5,0.0,0.25,0.5
PROP-641E8BBFBD42,4.0,4.25,4.0,18.0,0.0,0.0,0.0
PROP-F35B9C797CA5,4.0,4.25,3.0,18.0,0.0,0.0,-1.15
PROP-8623C6CD5794,4.4,4.65,3.0,18.0,0.0,-0.75,-1.6
PROP-D9A68E362F23,4.0,4.25,3.0,18.0,0.0,0.0,-1.15
PROP-914CB9A69095,6.25,6.5,4.0,19.5,0.0,0.25,0.0
PROP-AEC70668EC40,6.25,6.5,4.0,19.5,0.0,0.25,0.0
PROP-F43F97CD7394,4.0,4.25,4.0,18.0,0.0,0.0,0.0
PROP-5217630A448A,5.75,6.0,4.0,19.0,0.0,-0.25,-0.5
PROP-F02127F4FDC7,4.0,4.25,3.0,18.0,0.0,0.0,-1.15
PROP-2D65E7F31B23,6.0,6.25,4.0,19.5,0.0,0.0,-0.25
PROP-9C8BC2FCA527,6.25,6.5,4.0,19.5,0.0,0.25,0.0
PROP-056C2322A153,4.0,4.25,3.5,18.0,0.0,0.0,-0.4
PROP-B5103759CC1C,5.15,5.4,4.0,18.25,0.0,0.0,-1.35
PROP-A0F50A70E8F6,4.0,4.25,3.0,18.0,0.0,0.0,-1.15
PROP-5BB0027CC722,6.25,6.5,4.0,19.5,0.0,0.25,0.0
PROP-FE67A2683B9C,6.5,6.75,4.0,19.25,0.0,0.0,0.5
PROP-2D12AF224E15,4.0,4.25,3.5,18.0,0.0,0.0,-0.4
PROP-3837D54D5A94,4.0,4.25,4.0,18.0,0.0,0.0,0.0
PROP-073963435836,4.0,4.25,3.0,18.0,0.0,0.0,-1.15
PROP-FC7988576320,4.4,4.65,3.0,18.0,0.0,-0.75,-1.6
PROP-AD3244A77558,5.75,6.0,4.0,19.0,0.0,-0.25,-0.5
PROP-D81CE928AE7F,5.15,5.4,4.0,18.5,-0.25,-0.6,-1.35
PROP-19CEE7A678C0,6.0,6.25,4.0,19.5,0.0,0.0,-0.25
PROP-BA30581CB61A,4.0,4.25,4.0,18.0,0.0,0.0,0.0
PROP-B21C313BADAC,6.0,6.25,4.0,19.25,-0.25,-0.5,0.0
PROP-5364E9848963,5.9,6.15,4.5,18.0,0.0,1.0,1.9
PROP-F82BF09FA4D4,5.15,5.4,4.0,18.25,0.0,0.0,-1.35
PROP-1D79F311AF1B,6.5,6.75,4.0,19.25,0.0,0.0,0.5
PROP-FD6297455B6F,6.5,6.75,4.0,19.25,0.0,0.0,0.5
PROP-F78697F63644,5.75,6.0,4.0,19.0,0.0,-0.25,-0.5
PROP-9C5226730386,4.9,5.15,4.5,18.0,0.0,0.9,0.9
PROP-D8BB0CAA2680,4.0,4.25,4.0,18.0,0.0,0.0,0.0
PROP-F0AC25F6007D,5.15,5.4,4.0,18.25,0.0,0.0,-1.35
PROP-34C40685EEA9,4.0,4.25,4.0,18.0,0.0,0.0,0.0
PROP-A9A2277A47DA,5.9,6.15,4.5,18.0,0.0,1.0,1.9
PROP-BCC807D4C125,6.25,6.5,4.0,19.5,0.0,0.25,0.0
PROP-2AD3966BF0E0,4.0,4.25,3.0,18.0,0.0,0.0,-1.15
PROP-03BBD8710CC7,6.5,6.75,4.0,19.5,0.0,0.25,0.5
PROP-128CF898AB75,6.0,6.25,4.0,19.25,-0.25,-0.5,0.0
PROP-5B01D9D5A68B,6.0,6.25,4.0,19.25,-0.25,-0.5,0.0
PROP-FF6D664A2E87,4.0,4.25,3.0,18.0,0.0,0.0,-1.15
PROP-4E7F5CBC3460,6.25,6.5,4.0,19.5,0.0,0.25,0.0
PROP-D8BBB69DB07C,5.15,5.4,4.0,18.5,-0.25,-0.6,-1.35
PROP-24E9262F8344,4.0,4.25,4.0,18.0,0.0,0.0,0.0
PROP-C8B7C30B7875,5.15,5.4,4.0,18.25,0.0,0.0,-1.35
PROP-CB0239BBD85A,4.0,4.25,4.0,18.0,0.0,0.0,0.0
PROP-FD5D56218C91,4.0,4.25,4.0,18.0,0.0,0.0,0.0
PROP-6298CB4B2583,4.4,4.65,3.0,18.0,0.0,-0.75,-1.6
PROP-1B5936BAA71C,4.4,4.65,3.0,18.0,0.0,-0.75,-1.6
PROP-35E5C2B73213,5.75,6.0,4.0,19.0,0.0,-0.25,-0.5
PROP-8E225AE068FF,6.0,6.25,4.0,19.5,0.0,0.0,-0.25
PROP-1A3BCA43EBA4,5.75,6.0,4.0,19.0,0.0,-0.25,-0.5
PROP-012F1D67DDA4,6.5,6.75,4.0,19.25,0.0,0.0,0.5
PROP-33050D6A9F3E,4.0,4.25,3.0,18.0,0.0,0.0,-1.15
PROP-0A50D549233B,6.5,6.75,4.0,19.5,0.0,0.25,0.5
PROP-C6D557C4C75F,4.0,4.25,4.0,18.0,0.0,0.0,0.0
PROP-9707DA06B717,5.75,6.0,4.0,19.0,0.0,-0.25,-0.5
PROP-8784958CE17B,5.15,5.4,4.0,18.25,0.0,0.0,-1.35
PROP-9401DC6E62F4,4.0,4.25,4.0,18.0,0.0,0.0,0.0
PROP-E4B15467D101,6.25,6.5,4.0,19.5,0.0,0.25,0.0
PROP-3281947A12AB,6.5,6.75,4.0,19.5,0.0,0.25,0.5
PROP-992B0D775B65,6.5,6.75,4.0,19.25,0.0,0.0,0.5
PROP-081DE3F3917C,4.9,5.15,4.5,18.0,0.0,0.9,0.9
PROP-E6C7A459EA10,5.15,5.4,4.0,18.5,-0.25,-0.6,-1.35
PROP-EEBD76E6E150,4.4,4.65,3.0,18.0,0.0,-0.75,-1.6
PROP-62B2164668E1,4.0,4.25,4.0,18.0,0.0,0.0,0.0
PROP-D5DEF2A019FA,6.5,6.75,4.0,19.5,0.0,0.25,0.5
PROP-2D3594EF8801,4.9,5.15,4.5,18.0,0.0,0.9,0.9
PROP-AF0E704FBD08,4.0,4.25,4.0,18.0,0.0,0.0,0.0
PROP-C14082988FDE,6.5,6.75,4.0,19.5,0.0,0.25,0.5
PROP-9126F4E033F2,6.0,6.25,4.0,19.5,0.0,0.0,-0.25
PROP-5DD65F2EBDFF,5.15,5.4,4.0,18.25,0.0,0.0,-1.35
PROP-382F7292A355,4.0,4.25,3.0,18.0,0.0,0.0,-1.15
PROP-EF0E6BE26F39,4.0,4.25,3.0,18.0,0.0,0.0,-1.15
PROP-B087FADFCCED,4.0,4.25,3.0,18.0,0.0,-0.4,-1.75
PROP-4114CA9A0691,4.9,5.15,4.5,18.0,0.0,0.9,0.9
PROP-5D01C04E65E6,4.0,4.25,3.0,18.0,0.0,0.0,-1.15
PROP-E33EFE69B80C,5.9,6.15,4.5,18.0,0.0,1.0,1.9
PROP-5F23528B572F,6.5,6.75,4.0,19.25,0.0,0.0,0.5
PROP-991C725344B1,5.15,5.4,4.0,18.25,0.0,0.0,-1.35
PROP-8EA56C09D698,4.0,4.25,3.5,18.0,0.0,0.0,-0.4
PROP-5095A76E3756,5.15,5.4,4.0,18.5,-0.25,-0.6,-1.35
PROP-13FA5F7D5910,5.15,5.4,4.0,18.5,-0.25,-0.6,-1.35
PROP-BB42B83023C6,4.0,4.25,3.0,18.0,0.0,0.0,-1.15
PROP-A6803DA467E6,5.75,6.0,4.0,19.0,0.0,-0.25,-0.5
PROP-00D9C71B1500,4.0,4.25,3.5,18.0,0.0,0.0,-0.4
PROP-C30F517B1BF8,4.0,4.25,4.0,18.0,0.0,0.0,0.0
PROP-34ACBE650F65,4.9,5.15,4.5,18.0,0.0,0.9,0.9
PROP-4A290B303A56,4.0,4.25,3.5,18.0,0.0,0.0,-0.4
PROP-1E954FB4B829,5.75,6.0,4.0,19.0,0.0,-0.25,-0.5
PROP-916DC281E4FC,4.4,4.65,3.0,18.0,0.0,-0.75,-1.6
PROP-CA8542D90961,4.0,4.25,3.5,18.0,0.0,0.0,-0.4
PROP-7879F1316D64,5.9,6.15,4.5,18.0,0.0,1.0,1.9
PROP-770667EF3038,5.75,6.0,4.0,19.0,0.0,-0.25,-0.5
PROP-D10D4E5A648C,4.0,4.25,3.0,18.0,0.0,0.0,-1.15
PROP-515974FCDF40,4.0,4.25,3.0,18.0,0.0,0.0,-1.15
PROP-0EF4C5EE428A,4.0,4.25,4.0,18.0,0.0,0.0,0.0
PROP-BD5911133970,6.0,6.25,4.0,19.25,-0.25,-0.5,0.0
PROP-8B2A712FC0B7,4.0,4.25,4.0,18.0,0.0,0.0,0.0
PROP-4CA00017BC52,6.5,6.75,4.0,19.5,0.0,0.25,0.5
PROP-4D3D47728F0D,4.0,4.25,3.0,18.0,0.0,-0.4,-1.75
PROP-4A2DCA0D91EF,6.0,6.25,4.0,19.5,0.0,0.0,-0.25
PROP-42DB48E0C21E,6.25,6.5,4.0,19.5,0.0,0.25,0.0
PROP-25A47C5422A8,4.0,4.25,4.0,18.0,0.0,0.0,0.0
PROP-AB1122BD5DCF,4.0,4.25,4.0,18.0,0.0,0.0,0.0
PROP-AD759A65B6C6,4.0,4.25,3.0,18.0,0.0,0.0,-1.15
PROP-BA31BA880538,4.0,4.25,4.0,18.0,0.0,0.0,0.0
PROP-670405141DD6,6.0,6.25,4.0,19.5,0.0,0.0,-0.25
PROP-A0AA62836698,5.9,6.15,4.5,18.0,0.0,1.0,1.9
PROP-009D2FB6208C,5.9,6.15,4.5,18.0,0.0,1.0,1.9
PROP-3E69DA71E7F8,5.75,6.0,4.0,19.0,0.0,-0.25,-0.5
PROP-AEEF4274B3F6,4.0,4.25,4.0,18.0,0.0,0.0,0.0
PROP-A780113A1D2A,5.15,5.4,4.0,18.25,0.0,0.0,-1.35
PROP-190B7101B2E9,4.0,4.25,4.0,18.0,0.0,0.0,0.0
PROP-095A749A85E9,4.0,4.25,3.5,18.0,0.0,0.0,-0.4
PROP-C42A1815C2F3,4.0,4.25,4.0,18.0,0.0,0.0,0.0
PROP-6463FF798073,4.0,4.25,3.0,18.0,0.0,0.0,-1.15
PROP-6F4798040571,4.0,4.25,4.0,18.0,0.0,0.0,0.0
PROP-40599E7B27DA,5.15,5.4,4.0,18.25,0.0,0.0,-1.35
PROP-C8482B6CCA65,4.9,5.15,4.5,18.0,0.0,0.9,0.9
PROP-FF8D4D44562E,6.5,6.75,4.0,19.5,0.0,0.25,0.5
PROP-82D339F35B32,5.15,5.4,4.0,18.5,-0.25,-0.6,-1.35
PROP-6414999AC87B,5.15,5.4,4.0,18.25,0.0,0.0,-1.35
PROP-FC296FDBB9EF,6.25,6.5,4.0,19.5,0.0,0.25,0.0
PROP-A9133D365DC3,6.5,6.75,4.0,19.25,0.0,0.0,0.5
PROP-140E8ADFD1D7,4.0,4.25,3.0,18.0,0.0,0.0,-1.15
PROP-23684F4F5D77,4.0,4.25,4.0,18.0,0.0,0.0,0.0
PROP-753C9C3162A6,6.0,6.25,4.0,19.25,-0.25,-0.5,0.0
PROP-C7F3A971014E,6.0,6.25,4.0,19.5,0.0,0.0,-0.25
PROP-CAC36D3ED1FB,5.75,6.0,4.0,19.0,0.0,-0.25,-0.5
PROP-6BC81DE84C2F,6.0,6.25,4.0,19.25,-0.25,-0.5,0.0
PROP-28D371BE6F01,4.0,4.25,3.5,18.0,0.0,0.0,-0.4
PROP-36E67E14E286,5.9,6.15,4.5,18.0,0.0,1.0,1.9
PROP-411AD91BD6C4,4.4,4.65,3.0,18.0,0.0,-0.75,-1.6
PROP-333A897BB062,4.4,4.65,3.0,18.0,0.0,-0.75,-1.6
PROP-3437C1374BEF,5.15,5.4,4.0,18.25,0.0,0.0,-1.35
PROP-531A18AFA92B,4.9,5.15,4.5,18.0,0.0,0.9,0.9
PROP-7E2E3D1D7E61,6.0,6.25,4.0,19.5,0.0,0.0,-0.25
PROP-D98BDE5F0DC9,4.0,4.25,4.0,18.0,0.0,0.0,0.0
PROP-7DF4725C162D,5.15,5.4,4.0,18.5,-0.25,-0.6,-1.35
PROP-B001D3063D76,4.0,4.25,3.5,18.0,0.0,0.0,-0.4
PROP-381BF184A48F,4.0,4.25,3.0,18.0,0.0,-0.4,-1.75
PROP-1A946D6A65C0,4.0,4.25,3.0,18.0,0.0,-0.4,-1.75
PROP-0DF502D07DAD,4.0,4.25,3.0,18.0,0.0,-0.4,-1.75
PROP-50D8F9AAEA1A,4.0,4.25,3.5,18.0,0.0,0.0,-0.4
PROP-26E24636D271,5.9,6.15,4.5,18.0,0.0,1.0,1.9
PROP-BBF6D8DAE20D,5.15,5.4,4.0,18.5,-0.25,-0.6,-1.35
PROP-B818F0D9592E,5.9,6.15,4.5,18.0,0.0,1.0,1.9
PROP-D1DCD8A50747,5.15,5.4,4.0,18.5,-0.25,-0.6,-1.35
PROP-CF3A7A042C95,4.0,4.25,4.0,18.0,0.0,0.0,0.0
PROP-709715ED2847,4.0,4.25,3.0,18.0,0.0,0.0,-1.15
PROP-DE16AF8C4DE7,5.75,6.0,4.0,19.0,0.0,-0.25,-0.5
PROP-84DFB4549166,6.5,6.75,4.0,19.5,0.0,0.25,0.5
PROP-D207B9378760,4.0,4.25,3.0,18.0,0.0,-0.4,-1.75
PROP-B7937FCBF583,4.0,4.25,3.0,18.0,0.0,-0.4,-1.75
PROP-4BBB24859AF9,5.15,5.4,4.0,18.5,-0.25,-0.6,-1.35
PROP-D51D66CF6B36,4.4,4.65,3.0,18.0,0.0,-0.75,-1.6
PROP-B75D4C6DF44D,4.9,5.15,4.5,18.0,0.0,0.9,0.9
PROP-1B7F285B3227,6.25,6.5,4.0,19.5,0.0,0.25,0.0
PROP-1829A0C24D2E,5.15,5.4,4.0,18.5,-0.25,-0.6,-1.35
PROP-68FFFBEC8103,4.0,4.25,4.0,18.0,0.0,0.0,0.0
PROP-DDF44AAC2D3A,6.5,6.75,4.0,19.25,0.0,0.0,0.5
PROP-BA6C5ADAD9D0,4.0,4.25,4.0,18.0,0.0,0.0,0.0
PROP-C9B26E190493,6.5,6.75,4.0,19.5,0.0,0.25,0.5
PROP-813CC74EF5F0,6.5,6.75,4.0,19.5,0.0,0.25,0.5
PROP-DF9AC5D9BD5D,4.0,4.25,4.0,18.0,0.0,0.0,0.0
PROP-8D737976FF13,4.0,4.25,3.0,18.0,0.0,0.0,-1.15
PROP-E597E61FA2BA,4.0,4.25,4.0,18.0,0.0,0.0,0.0
PROP-BFBEEFBF39A9,5.15,5.4,4.0,18.25,0.0,0.0,-1.35
PROP-04EB49338F82,4.9,5.15,4.5,18.0,0.0,0.9,0.9
PROP-856054B8E681,4.0,4.25,4.0,18.0,0.0,0.0,0.0
PROP-64121B519FBB,4.9,5.15,4.5,18.0,0.0,0.9,0.9
PROP-B170626911FD,4.0,4.25,4.0,18.0,0.0,0.0,0.0
PROP-831D3396DB03,6.0,6.25,4.0,19.25,-0.25,-0.5,0.0
PROP-E6FBB4AFC8E3,4.0,4.25,3.0,18.0,0.0,0.0,-1.15
PROP-E36D5DEB24BA,4.0,4.25,4.0,18.0,0.0,0.0,0.0
PROP-060446473967,6.0,6.25,4.0,19.25,-0.25,-0.5,0.0
PROP-4E70E9C11F67,4.0,4.25,3.0,18.0,0.0,0.0,-1.15
PROP-87724D4B91BD,5.9,6.15,4.5,18.0,0.0,1.0,1.9
PROP-3E5459400354,4.0,4.25,4.0,18.0,0.0,0.0,0.0
PROP-4ED736EAB511,4.0,4.25,4.0,18.0,0.0,0.0,0.0
PROP-7B0A7FE95A08,4.0,4.25,4.0,18.0,0.0,0.0,0.0
PROP-0CE96737A0D0,4.0,4.25,4.0,18.0,0.0,0.0,0.0
PROP-5675C6F5CB48,4.9,5.15,4.5,18.0,0.0,0.9,0.9
PROP-71E49CAD66E9,4.0,4.25,4.0,18.0,0.0,0.0,0.0
PROP-0E11AAEE96FD,4.0,4.25,3.0,18.0,0.0,-0.4,-1.75
PROP-D77648E92E81,6.0,6.25,4.0,19.5,0.0,0.0,-0.25
PROP-B8F6CBAF24F2,4.0,4.25,3.0,18.0,0.0,0.0,-1.15
PROP-F52030A302BA,5.15,5.4,4.0,18.25,0.0,0.0,-1.35
PROP-A2D2DB876E7E,4.0,4.25,4.0,18.0,0.0,0.0,0.0
PROP-8B51F7D52A00,6.0,6.25,4.0,19.5,0.0,0.0,-0.25
PROP-EC919E79045E,4.0,4.25,4.0,18.0,0.0,0.0,0.0
PROP-18EC0DBB243E,4.0,4.25,4.0,18.0,0.0,0.0,0.0
PROP-469FB1202442,4.0,4.25,3.0,18.0,0.0,0.0,-1.15
PROP-D24F073C10BE,4.0,4.25,4.0,18.0,0.0,0.0,0.0
PROP-A5CE2E409243,4.0,4.25,3.0,18.0,0.0,-0.4,-1.75
PROP-DFEFA5007C7D,4.4,4.65,3.0,18.0,0.0,-0.75,-1.6
PROP-155E49672BFB,4.0,4.25,3.5,18.0,0.0,0.0,-0.4
PROP-F275498E506C,6.5,6.75,4.0,19.5,0.0,0.25,0.5
PROP-CC07481A60D4,6.25,6.5,4.0,19.5,0.0,0.25,0.0
PROP-178F49C291CD,6.0,6.25,4.0,19.5,0.0,0.0,-0.25
PROP-01D72CAC5BB2,4.0,4.25,4.0,18.0,0.0,0.0,0.0
PROP-B10973076763,6.5,6.75,4.0,19.25,0.0,0.0,0.5
PROP-3A9596436B83,6.25,6.5,4.0,19.5,0.0,0.25,0.0
PROP-D73B8BF33EF8,5.15,5.4,4.0,18.5,-0.25,-0.6,-1.35
PROP-6E38FAFACE6B,4.0,4.25,3.0,18.0,0.0,0.0,-1.15
PROP-EEFC117E7F9F,4.0,4.25,3.0,18.0,0.0,0.0,-1.15
PROP-0A817AFEF4B0,6.5,6.75,4.0,19.5,0.0,0.25,0.5
PROP-781ADE341A17,4.4,4.65,3.0,18.0,0.0,-0.75,-1.6
PROP-BEAA3E503B61,6.5,6.75,4.0,19.25,0.0,0.0,0.5
PROP-C50ED408D753,5.75,6.0,4.0,19.0,0.0,-0.25,-0.5
PROP-BEC5C056FE55,6.5,6.75,4.0,19.5,0.0,0.25,0.5
PROP-2D9D67B6DF4E,6.5,6.75,4.0,19.25,0.0,0.0,0.5
PROP-4BC98CE96981,4.0,4.25,4.0,18.0,0.0,0.0,0.0
PROP-4C19982A06DE,6.5,6.75,4.0,19.5,0.0,0.25,0.5
PROP-733DAB877EB5,4.4,4.65,3.0,18.0,0.0,-0.75,-1.6
PROP-8F9A0A25A7AA,4.0,4.25,3.0,18.0,0.0,-0.4,-1.75
PROP-5A5FED5D2264,4.0,4.25,3.5,18.0,0.0,0.0,-0.4
PROP-362F24924F35,5.9,6.15,4.5,18.0,0.0,1.0,1.9
PROP-FC8203967652,6.0,6.25,4.0,19.25,-0.25,-0.5,0.0
PROP-A3DF48FAE92C,4.0,4.25,4.0,18.0,0.0,0.0,0.0
PROP-70833FEC2777,6.5,6.75,4.0,19.25,0.0,0.0,0.5
PROP-F631F6B18734,4.0,4.25,4.0,18.0,0.0,0.0,0.0
PROP-B055CA2A1A26,4.0,4.25,3.0,18.0,0.0,0.0,-1.15
PROP-A67D50B168B5,4.0,4.25,3.0,18.0,0.0,0.0,-1.15
PROP-A9588AFEF79A,6.5,6.75,4.0,19.25,0.0,0.0,0.5
PROP-FFF28A341052,4.0,4.25,4.0,18.0,0.0,0.0,0.0
PROP-1FC89B63769E,5.15,5.4,4.0,18.5,-0.25,-0.6,-1.35
PROP-D075DBBDDC02,6.0,6.25,4.0,19.25,-0.25,-0.5,0.0
PROP-E4C5A9897F95,4.4,4.65,3.0,18.0,0.0,-0.75,-1.6
PROP-2E6D45D8EDB0,4.0,4.25,3.0,18.0,0.0,0.0,-1.15
PROP-60CD88936753,4.0,4.25,4.0,18.0,0.0,0.0,0.0
PROP-4D65F4F5D184,6.25,6.5,4.0,19.5,0.0,0.25,0.0
PROP-A849E4057728,4.0,4.25,3.0,18.0,0.0,-0.4,-1.75
PROP-7C347C5A02BA,4.0,4.25,4.0,18.0,0.0,0.0,0.0
PROP-4C8196AD55F6,6.0,6.25,4.0,19.5,0.0,0.0,-0.25
PROP-2ADEB8E4FA4D,4.0,4.25,3.0,18.0,0.0,0.0,-1.15
PROP-2F5760BE0D5A,4.0,4.25,4.0,18.0,0.0,0.0,0.0
PROP-1D28ADD72F9B,4.9,5.15,4.5,18.0,0.0,0.9,0.9
PROP-928332B797A7,4.0,4.25,4.0,18.0,0.0,0.0,0.0
PROP-B9F561E6B781,6.0,6.25,4.0,19.25,-0.25,-0.5,0.0
PROP-6DBE55E063CA,6.0,6.25,4.0,19.5,0.0,0.0,-0.25
PROP-0DF2F085613C,5.15,5.4,4.0,18.25,0.0,0.0,-1.35
PROP-965D673D8215,6.5,6.75,4.0,19.25,0.0,0.0,0.5
PROP-F37D96F21C1A,4.4,4.65,3.0,18.0,0.0,-0.75,-1.6
PROP-A309D01348BA,5.75,6.0,4.0,19.0,0.0,-0.25,-0.5
PROP-007C04949A8C,4.4,4.65,3.0,18.0,0.0,-0.75,-1.6
PROP-260A4EEE1841,6.5,6.75,4.0,19.25,0.0,0.0,0.5
PROP-CD5E8F3B6E0B,4.0,4.25,4.0,18.0,0.0,0.0,0.0
PROP-1C6F70D820E4,5.75,6.0,4.0,19.0,0.0,-0.25,-0.5
PROP-7D3D5B875066,5.15,5.4,4.0,18.5,-0.25,-0.6,-1.35
PROP-BC7DC907F3C0,4.0,4.25,4.0,18.0,0.0,0.0,0.0
PROP-71D33633B538,4.0,4.25,4.0,18.0,0.0,0.0,0.0
PROP-2EA8346C579E,6.5,6.75,4.0,19.5,0.0,0.25,0.5
PROP-216C72BC89B7,6.25,6.5,4.0,19.5,0.0,0.25,0.0
PROP-6037F97E910C,4.0,4.25,4.0,18.0,0.0,0.0,0.0
PROP-E48325756F79,5.15,5.4,4.0,18.25,0.0,0.0,-1.35
PROP-0C50B0B3C868,5.15,5.4,4.0,18.5,-0.25,-0.6,-1.35
PROP-A32F0825BACD,5.9,6.15,4.5,18.0,0.0,1.0,1.9
PROP-251D35544C98,6.25,6.5,4.0,19.5,0.0,0.25,0.0
PROP-82DDC962DEC8,6.5,6.75,4.0,19.5,0.0,0.25,0.5
PROP-1D1625BFC7F5,5.15,5.4,4.0,18.5,-0.25,-0.6,-1.35
PROP-F1D599EE3044,5.15,5.4,4.0,18.5,-0.25,-0.6,-1.35
PROP-3C1FA3F19936,4.0,4.25,4.0,18.0,0.0,0.0,0.0
PROP-22A803201F2E,4.0,4.25,3.0,18.0,0.0,-0.4,-1.75
PROP-C570AA3D31EB,4.0,4.25,4.0,18.0,0.0,0.0,0.0
PROP-4B6386E34ED8,5.75,6.0,4.0,19.0,0.0,-0.25,-0.5
PROP-DB1DB1AC5793,4.0,4.25,3.0,18.0,0.0,-0.4,-1.75
PROP-8AEB4540F53E,6.5,6.75,4.0,19.25,0.0,0.0,0.5
PROP-FC6EA354BDBC,6.5,6.75,4.0,19.5,0.0,0.25,0.5
PROP-D7514C8B13D0,6.25,6.5,4.0,19.5,0.0,0.25,0.0
PROP-DBDD8253C412,4.0,4.25,3.0,18.0,0.0,-0.4,-1.75
PROP-AEF043FC5887,5.15,5.4,4.0,18.5,-0.25,-0.6,-1.35
PROP-F77DCB462EDA,4.0,4.25,3.5,18.0,0.0,0.0,-0.4
PROP-D4AB12E7E511,6.25,6.5,4.0,19.5,0.0,0.25,0.0
PROP-56CC95AAF82A,6.5,6.75,4.0,19.25,0.0,0.0,0.5
PROP-35F65A0B1111,4.0,4.25,4.0,18.0,0.0,0.0,0.0
PROP-24F795E7FCA0,4.0,4.25,4.0,18.0,0.0,0.0,0.0
PROP-BA25AFD12727,4.0,4.25,3.0,18.0,0.0,-0.4,-1.75
PROP-1B1158C38175,5.15,5.4,4.0,18.25,0.0,0.0,-1.35
PROP-39886A754F9F,4.4,4.65,3.0,18.0,0.0,-0.75,-1.6
PROP-FB3F6A212ECF,4.0,4.25,4.0,18.0,0.0,0.0,0.0
PROP-4223C76E275C,6.0,6.25,4.0,19.25,-0.25,-0.5,0.0
PROP-38316996BE4E,4.0,4.25,3.0,18.0,0.0,0.0,-1.15
PROP-683F04B9B226,5.15,5.4,4.0,18.5,-0.25,-0.6,-1.35
PROP-110BAFC5A34B,6.0,6.25,4.0,19.5,0.0,0.0,-0.25
PROP-061FC258725B,4.0,4.25,3.0,18.0,0.0,-0.4,-1.75
PROP-DEF59A526864,4.4,4.65,3.0,18.0,0.0,-0.75,-1.6
PROP-0BA73D7B5663,6.5,6.75,4.0,19.5,0.0,0.25,0.5
PROP-20B3A0E5F36A,4.0,4.25,4.0,18.0,0.0,0.0,0.0
PROP-74A1ADA0FE96,4.0,4.25,3.0,18.0,0.0,-0.4,-1.75
PROP-FD1A4101495E,4.0,4.25,3.0,18.0,0.0,-0.4,-1.75
PROP-A3265095AD0A,6.5,6.75,4.0,19.25,0.0,0.0,0.5
PROP-BDE45EC74888,6.0,6.25,4.0,19.25,-0.25,-0.5,0.0
PROP-FE1FB57E09F8,5.9,6.15,4.5,18.0,0.0,1.0,1.9
PROP-C3B0FFC8B716,6.25,6.5,4.0,19.5,0.0,0.25,0.0
PROP-9D4737C60B1B,4.4,4.65,3.0,18.0,0.0,-0.75,-1.6
PROP-7A4C391665D7,6.0,6.25,4.0,19.25,-0.25,-0.5,0.0
PROP-8F6A07E69F42,4.0,4.25,4.0,18.0,0.0,0.0,0.0
PROP-E1A262FAE715,6.0,6.25,4.0,19.5,0.0,0.0,-0.25
PROP-308497C5C8A9,4.0,4.25,4.0,18.0,0.0,0.0,0.0
PROP-500B9766C555,4.0,4.25,4.0,18.0,0.0,0.0,0.0
PROP-B8A0C7677B18,4.0,4.25,3.0,18.0,0.0,0.0,-1.15
PROP-98B4239BBA52,4.0,4.25,3.0,18.0,0.0,0.0,-1.15
PROP-69EE3E4168F2,4.0,4.25,4.0,18.0,0.0,0.0,0.0
PROP-81F1345CACD4,6.5,6.75,4.0,19.25,0.0,0.0,0.5
PROP-AC1570DD5D16,4.0,4.25,3.5,18.0,0.0,0.0,-0.4
PROP-ABAFB0DAB37B,5.9,6.15,4.5,18.0,0.0,1.0,1.9
PROP-96003EA511C4,4.0,4.25,4.0,18.0,0.0,0.0,0.0
PROP-DEBF324D5004,4.0,4.25,4.0,18.0,0.0,0.0,0.0
PROP-17212BD99590,4.0,4.25,3.0,18.0,0.0,0.0,-1.15
PROP-E83876FACE07,5.75,6.0,4.0,19.0,0.0,-0.25,-0.5
PROP-A415D94B0280,4.0,4.25,3.0,18.0,0.0,-0.4,-1.75
PROP-A93E81A22F3F,5.15,5.4,4.0,18.5,-0.25,-0.6,-1.35
PROP-9E51EA50AFF7,4.0,4.25,3.0,18.0,0.0,0.0,-1.15
PROP-2742FDA13CF5,6.25,6.5,4.0,19.5,0.0,0.25,0.0
PROP-6401AE87242B,4.0,4.25,4.0,18.0,0.0,0.0,0.0
PROP-CE742894FBAD,4.0,4.25,4.0,18.0,0.0,0.0,0.0
PROP-429E0E1CA712,5.9,6.15,4.5,18.0,0.0,1.0,1.9
PROP-7D4B9DBE2F0E,4.0,4.25,3.5,18.0,0.0,0.0,-0.4
PROP-7A0CEF758086,6.0,6.25,4.0,19.5,0.0,0.0,-0.25
PROP-696B87DB77A9,6.5,6.75,4.0,19.25,0.0,0.0,0.5
PROP-ADC63251681D,4.9,5.15,4.5,18.0,0.0,0.9,0.9
PROP-DB456D384346,6.0,6.25,4.0,19.25,-0.25,-0.5,0.0
PROP-05BBF34C46B4,4.0,4.25,4.0,18.0,0.0,0.0,0.0
PROP-D499EE82F919,5.75,6.0,4.0,19.0,0.0,-0.25,-0.5
PROP-E82D1CBCC437,5.75,6.0,4.0,19.0,0.0,-0.25,-0.5
PROP-9A3E743330D0,4.0,4.25,4.0,18.0,0.0,0.0,0.0
PROP-AECC17F7BF1F,4.0,4.25,3.0,18.0,0.0,0.0,-1.15
PROP-1DFA7235E953,4.0,4.25,3.0,18.0,0.0,-0.4,-1.75
PROP-ABE764E2A86B,5.15,5.4,4.0,18.5,-0.25,-0.6,-1.35
PROP-1D26ABE300A1,4.0,4.25,4.0,18.0,0.0,0.0,0.0
PROP-E1C62097EFB4,6.5,6.75,4.0,19.5,0.0,0.25,0.5
PROP-20DEA8999614,4.0,4.25,3.5,18.0,0.0,0.0,-0.4
PROP-DBEF305603BD,4.4,4.65,3.0,18.0,0.0,-0.75,-1.6
PROP-E04D96318703,5.75,6.0,4.0,19.0,0.0,-0.25,-0.5
PROP-96EF07E4399D,5.15,5.4,4.0,18.25,0.0,0.0,-1.35
PROP-F2EB7AE19A80,5.75,6.0,4.0,19.0,0.0,-0.25,-0.5
PROP-D754CFEED374,6.25,6.5,4.0,19.5,0.0,0.25,0.0
PROP-72D69EEF4D88,4.9,5.15,4.5,18.0,0.0,0.9,0.9
PROP-F7EE11CF7DDB,6.25,6.5,4.0,19.5,0.0,0.25,0.0
PROP-0FB43E406695,4.0,4.25,3.0,18.0,0.0,0.0,-1.15
PROP-4668918F4BAC,5.15,5.4,4.0,18.25,0.0,0.0,-1.35
PROP-B85D0686B82A,4.0,4.25,3.0,18.0,0.0,-0.4,-1.75
PROP-C9C5E6BB2979,6.5,6.75,4.0,19.5,0.0,0.25,0.5
PROP-08AA218C34C7,4.0,4.25,3.5,18.0,0.0,0.0,-0.4
PROP-D505AFE78ADF,4.0,4.25,4.0,18.0,0.0,0.0,0.0
PROP-B8F86C214941,5.9,6.15,4.5,18.0,0.0,1.0,1.9
PROP-B75BB7D1590F,6.0,6.25,4.0,19.25,-0.25,-0.5,0.0
PROP-7C6DC523137D,6.0,6.25,4.0,19.25,-0.25,-0.5,0.0
PROP-093F4219EDE0,4.0,4.25,3.0,18.0,0.0,0.0,-1.15
PROP-B5D73EC0BC1B,4.4,4.65,3.0,18.0,0.0,-0.75,-1.6
PROP-8E9EBB0559EE,4.0,4.25,4.0,18.0,0.0,0.0,0.0
PROP-5B39B22135D0,4.0,4.25,4.0,18.0,0.0,0.0,0.0
PROP-53D0BF0EE96C,4.0,4.25,4.0,18.0,0.0,0.0,0.0
PROP-C74CB7B847AE,5.15,5.4,4.0,18.25,0.0,0.0,-1.35
PROP-F65399718878,5.75,6.0,4.0,19.0,0.0,-0.25,-0.5
PROP-CB3EE0B858FA,4.0,4.25,4.0,18.0,0.0,0.0,0.0
PROP-0EF5FB7E10B5,5.75,6.0,4.0,19.0,0.0,-0.25,-0.5
PROP-863ABC75BC33,6.5,6.75,4.0,19.25,0.0,0.0,0.5
PROP-56D1D2D6CAD8,4.0,4.25,4.0,18.0,0.0,0.0,0.0
PROP-C31BBEA76072,4.0,4.25,4.0,18.0,0.0,0.0,0.0
PROP-E33F1153F028,4.0,4.25,4.0,18.0,0.0,0.0,0.0
PROP-453492DAF743,4.0,4.25,4.0,18.0,0.0,0.0,0.0
PROP-A5BC7745CF06,6.5,6.75,4.0,19.5,0.0,0.25,0.5
PROP-7C9BF4511119,4.0,4.25,3.0,18.0,0.0,0.0,-1.15
PROP-E9649009E689,4.0,4.25,3.0,18.0,0.0,0.0,-1.15
PROP-943C731771B5,4.4,4.65,3.0,18.0,0.0,-0.75,-1.6
PROP-A037E50292E8,4.0,4.25,3.0,18.0,0.0,-0.4,-1.75
PROP-356D7AB573FC,5.15,5.4,4.0,18.25,0.0,0.0,-1.35
PROP-50AC31C1EC07,6.0,6.25,4.0,19.5,0.0,0.0,-0.25
PROP-E5108EAD29D3,4.0,4.25,3.0,18.0,0.0,-0.4,-1.75
PROP-2ECAA12813F6,4.0,4.25,3.5,18.0,0.0,0.0,-0.4
PROP-13CD5EF589D6,4.0,4.25,4.0,18.0,0.0,0.0,0.0
PROP-DA47E60C4694,4.0,4.25,4.0,18.0,0.0,0.0,0.0
PROP-D14B1E88C608,5.75,6.0,4.0,19.0,0.0,-0.25,-0.5
PROP-0DB2C1960593,4.0,4.25,3.0,18.0,0.0,0.0,-1.15
PROP-0374AB99AB49,6.5,6.75,4.0,19.25,0.0,0.0,0.5
PROP-ACD074109D66,6.0,6.25,4.0,19.5,0.0,0.0,-0.25
PROP-FFA0DBFF82F3,6.5,6.75,4.0,19.25,0.0,0.0,0.5
PROP-F31C0318E658,5.15,5.4,4.0,18.5,-0.25,-0.6,-1.35
PROP-34F52AB03B85,6.0,6.25,4.0,19.5,0.0,0.0,-0.25
PROP-C1B513CD7A91,4.0,4.25,4.0,18.0,0.0,0.0,0.0
PROP-A3514434CF79,4.0,4.25,3.0,18.0,0.0,-0.4,-1.75
PROP-980FAA0211CD,5.75,6.0,4.0,19.0,0.0,-0.25,-0.5
PROP-F45A5B5B0D88,5.15,5.4,4.0,18.5,-0.25,-0.6,-1.35
PROP-69ADEC56ACEB,4.0,4.25,4.0,18.0,0.0,0.0,0.0
PROP-DFD260424C64,4.0,4.25,3.0,18.0,0.0,0.0,-1.15
PROP-94595F6B7BDE,6.0,6.25,4.0,19.25,-0.25,-0.5,0.0
PROP-5A1C402A47F3,5.15,5.4,4.0,18.5,-0.25,-0.6,-1.35
PROP-09CE9ADDEE5D,4.0,4.25,4.0,18.0,0.0,0.0,0.0
PROP-656B990A04BE,4.0,4.25,4.0,18.0,0.0,0.0,0.0
PROP-3D592908ADA9,4.0,4.25,4.0,18.0,0.0,0.0,0.0
PROP-8631DB9B9BDB,5.75,6.0,4.0,19.0,0.0,-0.25,-0.5
PROP-E848274486FD,4.0,4.25,4.0,18.0,0.0,0.0,0.0
PROP-035F1DF77480,5.9,6.15,4.5,18.0,0.0,1.0,1.9
PROP-B38269E87A5C,6.0,6.25,4.0,19.25,-0.25,-0.5,0.0
PROP-040F2CAA3C2F,4.9,5.15,4.5,18.0,0.0,0.9,0.9
PROP-9FFE8B132D2A,6.25,6.5,4.0,19.5,0.0,0.25,0.0
PROP-CC0F0A77AD6E,4.9,5.15,4.5,18.0,0.0,0.9,0.9
PROP-EED632AF54E9,6.5,6.75,4.0,19.25,0.0,0.0,0.5
PROP-D408E7C356DF,5.15,5.4,4.0,18.25,0.0,0.0,-1.35
PROP-B8E59D936A01,6.25,6.5,4.0,19.5,0.0,0.25,0.0
PROP-ED2F4B843E2B,4.0,4.25,4.0,18.0,0.0,0.0,0.0
PROP-AB26505CB09A,4.0,4.25,4.0,18.0,0.0,0.0,0.0
PROP-0CCDD134F32F,4.0,4.25,4.0,18.0,0.0,0.0,0.0
PROP-2D93814678C7,4.0,4.25,3.0,18.0,0.0,0.0,-1.15
PROP-F1DCDE0EA2C5,6.25,6.5,4.0,19.5,0.0,0.25,0.0
PROP-919A3897DB29,5.75,6.0,4.0,19.0,0.0,-0.25,-0.5
PROP-0A952C551127,4.4,4.65,3.0,18.0,0.0,-0.75,-1.6
PROP-A62E594361AA,6.0,6.25,4.0,19.5,0.0,0.0,-0.25
PROP-8F2195DE60CB,4.9,5.15,4.5,18.0,0.0,0.9,0.9
PROP-31BAD2617194,4.0,4.25,3.0,18.0,0.0,0.0,-1.15
PROP-C5DEF7340238,4.0,4.25,4.0,18.0,0.0,0.0,0.0
PROP-CBEE292773B9,4.0,4.25,3.0,18.0,0.0,0.0,-1.15
PROP-480F74069725,6.5,6.75,4.0,19.25,0.0,0.0,0.5
PROP-2E871C3F27A6,4.0,4.25,4.0,18.0,0.0,0.0,0.0
PROP-35D80106280A,4.0,4.25,3.5,18.0,0.0,0.0,-0.4
PROP-0F37AA3F0AE5,6.5,6.75,4.0,19.25,0.0,0.0,0.5
PROP-A9416774F6D4,5.15,5.4,4.0,18.25,0.0,0.0,-1.35
PROP-F4D6453E52D6,4.0,4.25,3.0,18.0,0.0,0.0,-1.15
PROP-3BD1E962C7D9,4.0,4.25,4.0,18.0,0.0,0.0,0.0
PROP-7829BAF8BA68,4.0,4.25,4.0,18.0,0.0,0.0,0.0
PROP-1BDE68B7A86D,6.25,6.5,4.0,19.5,0.0,0.25,0.0
PROP-02B495C1EC94,5.15,5.4,4.0,18.25,0.0,0.0,-1.35
PROP-32A650A8BCF0,4.0,4.25,4.0,18.0,0.0,0.0,0.0
PROP-EB27B01390A4,4.0,4.25,3.0,18.0,0.0,0.0,-1.15
PROP-FA48D6011F79,4.0,4.25,4.0,18.0,0.0,0.0,0.0
PROP-BD7E82788E41,4.0,4.25,3.5,18.0,0.0,0.0,-0.4
PROP-E41E0FA10AF8,5.9,6.15,4.5,18.0,0.0,1.0,1.9
PROP-FBFF507E1D0D,4.0,4.25,4.0,18.0,0.0,0.0,0.0
PROP-5C4FBB981A2D,4.4,4.65,3.0,18.0,0.0,-0.75,-1.6
PROP-9ED0D5D9E157,5.15,5.4,4.0,18.5,-0.25,-0.6,-1.35
PROP-B2F3F6773ABB,5.15,5.4,4.0,18.5,-0.25,-0.6,-1.35
PROP-911673600C88,4.0,4.25,3.0,18.0,0.0,0.0,-1.15
PROP-07F8FAA87931,6.5,6.75,4.0,19.25,0.0,0.0,0.5
PROP-2B3D4B4FCDB0,5.75,6.0,4.0,19.0,0.0,-0.25,-0.5
PROP-581EA2B80E38,4.0,4.25,3.0,18.0,0.0,0.0,-1.15
PROP-B520B9A3BF00,4.0,4.25,4.0,18.0,0.0,0.0,0.0
PROP-7E1CD895B29A,5.9,6.15,4.5,18.0,0.0,1.0,1.9
PROP-625CD0D1235F,4.0,4.25,4.0,18.0,0.0,0.0,0.0
PROP-5191B5E6C1FC,5.9,6.15,4.5,18.0,0.0,1.0,1.9
PROP-8F10A6104D6C,6.25,6.5,4.0,19.5,0.0,0.25,0.0
PROP-7B308373CB2F,4.0,4.25,4.0,18.0,0.0,0.0,0.0
PROP-B41DF046488C,6.5,6.75,4.0,19.5,0.0,0.25,0.5
PROP-B6008725FA0C,4.0,4.25,3.0,18.0,0.0,0.0,-1.15
PROP-4AFE14D76540,5.15,5.4,4.0,18.25,0.0,0.0,-1.35
PROP-0099544FD492,4.9,5.15,4.5,18.0,0.0,0.9,0.9
PROP-35AA38E89CF9,6.0,6.25,4.0,19.5,0.0,0.0,-0.25
PROP-BFBD28B12DDA,6.0,6.25,4.0,19.25,-0.25,-0.5,0.0
PROP-2F30488BA8AD,6.25,6.5,4.0,19.5,0.0,0.25,0.0
PROP-B6BAFBCAB655,5.75,6.0,4.0,19.0,0.0,-0.25,-0.5
PROP-3F186CC4735A,4.0,4.25,4.0,18.0,0.0,0.0,0.0
PROP-CE161626314E,4.0,4.25,4.0,18.0,0.0,0.0,0.0
PROP-28796FC5D409,6.5,6.75,4.0,19.25,0.0,0.0,0.5
PROP-5D0423C5428E,6.25,6.5,4.0,19.5,0.0,0.25,0.0
PROP-35CC202F3AC1,4.0,4.25,3.0,18.0,0.0,0.0,-1.15
PROP-2F3EC39ED35B,6.0,6.25,4.0,19.5,0.0,0.0,-0.25
PROP-0672A6A0EF62,6.5,6.75,4.0,19.5,0.0,0.25,0.5
PROP-002BB8A01CEA,6.0,6.25,4.0,19.25,-0.25,-0.5,0.0
PROP-2E90D6CFF0B5,4.0,4.25,4.0,18.0,0.0,0.0,0.0
PROP-45C322CB7BE8,6.25,6.5,4.0,19.5,0.0,0.25,0.0
PROP-228CCDDE58E4,6.0,6.25,4.0,19.5,0.0,0.0,-0.25
PROP-812FFD488A1F,5.15,5.4,4.0,18.5,-0.25,-0.6,-1.35
PROP-CD6F5ED1D262,4.0,4.25,4.0,18.0,0.0,0.0,0.0
PROP-BED1D266C941,5.15,5.4,4.0,18.25,0.0,0.0,-1.35
PROP-F565980FA2D4,5.15,5.4,4.0,18.5,-0.25,-0.6,-1.35
PROP-ED994D4402A7,4.0,4.25,4.0,18.0,0.0,0.0,0.0
PROP-F34946D37CB3,6.0,6.25,4.0,19.5,0.0,0.0,-0.25
PROP-D55875EEFC0A,4.0,4.25,4.0,18.0,0.0,0.0,0.0
PROP-E8BB9F4BFB77,6.25,6.5,4.0,19.5,0.0,0.25,0.0
PROP-31C59493CE95,4.0,4.25,4.0,18.0,0.0,0.0,0.0
PROP-E8050487D05C,4.0,4.25,3.0,18.0,0.0,-0.4,-1.75
PROP-D45D8911FDAA,4.4,4.65,3.0,18.0,0.0,-0.75,-1.6
PROP-8E7090840C1D,6.0,6.25,4.0,19.5,0.0,0.0,-0.25
PROP-DE4581618FF7,6.5,6.75,4.0,19.25,0.0,0.0,0.5
PROP-6DF8150098C2,6.0,6.25,4.0,19.25,-0.25,-0.5,0.0
PROP-55D8B080E737,5.15,5.4,4.0,18.25,0.0,0.0,-1.35
PROP-8082DB40E60F,6.25,6.5,4.0,19.5,0.0,0.25,0.0
PROP-C8B63B89B0EC,4.0,4.25,4.0,18.0,0.0,0.0,0.0
PROP-CE19058E108B,4.4,4.65,3.0,18.0,0.0,-0.75,-1.6
PROP-95EF2BB97F7B,4.0,4.25,3.0,18.0,0.0,0.0,-1.15
PROP-7896941911A0,4.0,4.25,4.0,18.0,0.0,0.0,0.0
PROP-FBBA6E0A6C87,4.0,4.25,4.0,18.0,0.0,0.0,0.0
PROP-CFA68EAE1F17,5.15,5.4,4.0,18.5,-0.25,-0.6,-1.35
PROP-C08399438D0C,4.0,4.25,4.0,18.0,0.0,0.0,0.0
PROP-649B09DF67F3,4.0,4.25,3.0,18.0,0.0,0.0,-1.15
PROP-35EF90537632,6.0,6.25,4.0,19.25,-0.25,-0.5,0.0
PROP-209D8734B3C3,4.0,4.25,4.0,18.0,0.0,0.0,0.0
PROP-C4954646E9F2,4.9,5.15,4.5,18.0,0.0,0.9,0.9
PROP-91B4890AB30C,4.0,4.25,3.0,18.0,0.0,0.0,-1.15
PROP-040BA2ECAB23,5.9,6.15,4.5,18.0,0.0,1.0,1.9
PROP-D1BCB7A6C695,4.9,5.15,4.5,18.0,0.0,0.9,0.9
PROP-5BCE35227C19,6.5,6.75,4.0,19.25,0.0,0.0,0.5
PROP-5310A5B82E4B,5.15,5.4,4.0,18.25,0.0,0.0,-1.35
PROP-FCD9B9137814,4.0,4.25,3.0,18.0,0.0,0.0,-1.15
PROP-2DFD3111DA19,4.0,4.25,4.0,18.0,0.0,0.0,0.0
PROP-DCA723EFD316,4.0,4.25,3.0,18.0,0.0,-0.4,-1.75
PROP-9CAFF9971B06,6.0,6.25,4.0,19.5,0.0,0.0,-0.25
PROP-4B9A249BE6FA,4.9,5.15,4.5,18.0,0.0,0.9,0.9
PROP-E9E1087E51DC,4.0,4.25,4.0,18.0,0.0,0.0,0.0
PROP-64A81EDDB81B,6.0,6.25,4.0,19.5,0.0,0.0,-0.25
PROP-97EEE540C245,4.4,4.65,3.0,18.0,0.0,-0.75,-1.6
PROP-7651A50B62AC,6.0,6.25,4.0,19.5,0.0,0.0,-0.25
PROP-757BCCC648BA,6.0,6.25,4.0,19.25,-0.25,-0.5,0.0
PROP-16D5FFEAD07D,6.0,6.25,4.0,19.25,-0.25,-0.5,0.0
PROP-672D2C411426,4.9,5.15,4.5,18.0,0.0,0.9,0.9
PROP-D415B9EED88E,4.9,5.15,4.5,18.0,0.0,0.9,0.9
PROP-042A18D447FF,6.5,6.75,4.0,19.5,0.0,0.25,0.5
PROP-F32C50F4A213,5.15,5.4,4.0,18.25,0.0,0.0,-1.35
PROP-DF84F81DDF70,4.0,4.25,4.0,18.0,0.0,0.0,0.0
PROP-E1974056206F,4.0,4.25,4.0,18.0,0.0,0.0,0.0
PROP-2CE85ED154FE,5.15,5.4,4.0,18.5,-0.25,-0.6,-1.35
PROP-00B0DAAD18C8,5.15,5.4,4.0,18.5,-0.25,-0.6,-1.35
PROP-7193FDC03808,4.0,4.25,3.0,18.0,0.0,0.0,-1.15
PROP-DBE13E0A834E,6.25,6.5,4.0,19.5,0.0,0.25,0.0
PROP-A4B48ABE72C7,4.4,4.65,3.0,18.0,0.0,-0.75,-1.6
PROP-4DD4BAA8486F,5.9,6.15,4.5,18.0,0.0,1.0,1.9
PROP-46CF13FC01CF,4.0,4.25,4.0,18.0,0.0,0.0,0.0
PROP-866FE4CA02EE,4.4,4.65,3.0,18.0,0.0,-0.75,-1.6
PROP-42636804E44B,4.0,4.25,4.0,18.0,0.0,0.0,0.0
PROP-839F34EDCFF3,4.0,4.25,4.0,18.0,0.0,0.0,0.0
PROP-27B9284010CE,6.0,6.25,4.0,19.5,0.0,0.0,-0.25
PROP-00C747214BC5,4.0,4.25,4.0,18.0,0.0,0.0,0.0
PROP-A02198998441,4.0,4.25,4.0,18.0,0.0,0.0,0.0
PROP-0E63BE761DEA,6.25,6.5,4.0,19.5,0.0,0.25,0.0
PROP-BB0553CF92B1,4.0,4.25,3.0,18.0,0.0,0.0,-1.15
PROP-9A749A95B72E,5.75,6.0,4.0,19.0,0.0,-0.25,-0.5
PROP-F06651A44340,4.0,4.25,4.0,18.0,0.0,0.0,0.0
PROP-6B5F8DF64353,4.0,4.25,4.0,18.0,0.0,0.0,0.0
PROP-7A616AB0CB11,4.0,4.25,3.5,18.0,0.0,0.0,-0.4
PROP-98EE98FFFC75,6.5,6.75,4.0,19.5,0.0,0.25,0.5
PROP-B9AEE3105431,6.0,6.25,4.0,19.5,0.0,0.0,-0.25
PROP-3B83A138AAF8,6.0,6.25,4.0,19.25,-0.25,-0.5,0.0
PROP-C33524FA20FF,4.0,4.25,4.0,18.0,0.0,0.0,0.0
PROP-5FDEB5C799A2,5.15,5.4,4.0,18.25,0.0,0.0,-1.35
PROP-BE10A4594A2B,4.9,5.15,4.5,18.0,0.0,0.9,0.9
PROP-29B9C4B46264,5.15,5.4,4.0,18.25,0.0,0.0,-1.35
PROP-42AAB6639B0C,6.0,6.25,4.0,19.25,-0.25,-0.5,0.0
PROP-5755D88A3990,4.0,4.25,3.5,18.0,0.0,0.0,-0.4
PROP-5E16348E0C02,4.0,4.25,3.5,18.0,0.0,0.0,-0.4
PROP-4C1E163CA7A7,6.5,6.75,4.0,19.5,0.0,0.25,0.5
PROP-D75D4A7B5DC7,4.0,4.25,3.0,18.0,0.0,0.0,-1.15
PROP-63289A398F65,6.0,6.25,4.0,19.5,0.0,0.0,-0.25
PROP-7030485D2554,6.0,6.25,4.0,19.25,-0.25,-0.5,0.0
PROP-DBB80D842E7D,4.0,4.25,4.0,18.0,0.0,0.0,0.0
PROP-CDEBF0EB9B3E,4.0,4.25,4.0,18.0,0.0,0.0,0.0
PROP-4F2F461467EB,4.0,4.25,3.0,18.0,0.0,0.0,-1.15
PROP-EFBAD9C7DF8B,5.75,6.0,4.0,19.0,0.0,-0.25,-0.5
PROP-27F3E7B2B41A,4.9,5.15,4.5,18.0,0.0,0.9,0.9
PROP-085B0B3785DB,6.0,6.25,4.0,19.25,-0.25,-0.5,0.0
PROP-BAC43107AAB8,4.0,4.25,3.0,18.0,0.0,0.0,-1.15
PROP-8550CE2342E4,6.0,6.25,4.0,19.5,0.0,0.0,-0.25
PROP-EFC28452E658,5.15,5.4,4.0,18.5,-0.25,-0.6,-1.35
PROP-FCF58EC43A48,4.0,4.25,3.0,18.0,0.0,0.0,-1.15
PROP-4A08D7314B19,5.15,5.4,4.0,18.5,-0.25,-0.6,-1.35
PROP-F83200A143B3,6.25,6.5,4.0,19.5,0.0,0.25,0.0
PROP-0C3A6EE98732,5.15,5.4,4.0,18.25,0.0,0.0,-1.35
PROP-0496BC9DBE3C,6.0,6.25,4.0,19.5,0.0,0.0,-0.25
PROP-1C89A9B2255D,5.15,5.4,4.0,18.25,0.0,0.0,-1.35
PROP-EE7C8B7F0CFC,4.0,4.25,3.0,18.0,0.0,-0.4,-1.75
PROP-04026C47C0A9,4.0,4.25,4.0,18.0,0.0,0.0,0.0
PROP-F2A94EFA44BD,5.15,5.4,4.0,18.25,0.0,0.0,-1.35
PROP-A925A0C32310,5.15,5.4,4.0,18.5,-0.25,-0.6,-1.35
PROP-84D2C6E84C23,4.9,5.15,4.5,18.0,0.0,0.9,0.9
PROP-B96559BFC2F3,5.15,5.4,4.0,18.5,-0.25,-0.6,-1.35
PROP-A70B6AF20806,6.25,6.5,4.0,19.5,0.0,0.25,0.0
PROP-88DC05B42C1C,4.0,4.25,4.0,18.0,0.0,0.0,0.0
PROP-5F6A08DA9A71,4.0,4.25,3.0,18.0,0.0,-0.4,-1.75
PROP-E904F8E38EF5,4.0,4.25,3.0,18.0,0.0,-0.4,-1.75
PROP-6063D909F230,6.5,6.75,4.0,19.5,0.0,0.25,0.5
PROP-28671CD8823D,4.0,4.25,3.5,18.0,0.0,0.0,-0.4
PROP-F1BF21DA36C2,4.0,4.25,4.0,18.0,0.0,0.0,0.0
PROP-27BDA3D88935,4.0,4.25,3.0,18.0,0.0,-0.4,-1.75
PROP-C7ACF84AAB46,5.15,5.4,4.0,18.25,0.0,0.0,-1.35
PROP-B8D462A2DF0C,6.5,6.75,4.0,19.25,0.0,0.0,0.5
PROP-23D240E005F2,6.5,6.75,4.0,19.5,0.0,0.25,0.5
PROP-69083C575595,6.0,6.25,4.0,19.5,0.0,0.0,-0.25
PROP-1B870913B673,4.0,4.25,4.0,18.0,0.0,0.0,0.0
PROP-7F86CC7DCD3E,6.25,6.5,4.0,19.5,0.0,0.25,0.0
PROP-B6A11DE3B3CC,5.15,5.4,4.0,18.25,0.0,0.0,-1.35
PROP-2D1779BDD5F3,5.9,6.15,4.5,18.0,0.0,1.0,1.9
PROP-0A1C110616DD,4.4,4.65,3.0,18.0,0.0,-0.75,-1.6
PROP-73A0DDEC4737,4.4,4.65,3.0,18.0,0.0,-0.75,-1.6
PROP-08C28CCEC3C9,5.15,5.4,4.0,18.25,0.0,0.0,-1.35
PROP-34E54DB26755,4.0,4.25,3.0,18.0,0.0,0.0,-1.15
PROP-FA8D1F3E96E4,6.0,6.25,4.0,19.25,-0.25,-0.5,0.0
PROP-FB258B73F66D,6.5,6.75,4.0,19.5,0.0,0.25,0.5
PROP-137C35ADBDB8,6.5,6.75,4.0,19.5,0.0,0.25,0.5
PROP-74F763732676,6.5,6.75,4.0,19.5,0.0,0.25,0.5
PROP-350E213FE6E0,4.0,4.25,3.0,18.0,0.0,0.0,-1.15
PROP-38E8ACDDA20C,6.5,6.75,4.0,19.25,0.0,0.0,0.5
PROP-60CD463A58C0,6.0,6.25,4.0,19.5,0.0,0.0,-0.25
PROP-412680C10449,6.25,6.5,4.0,19.5,0.0,0.25,0.0
PROP-AABCD8B2FE4F,4.0,4.25,4.0,18.0,0.0,0.0,0.0
PROP-D6B46557AE5D,4.9,5.15,4.5,18.0,0.0,0.9,0.9
PROP-F16E366247E6,5.75,6.0,4.0,19.0,0.0,-0.25,-0.5
PROP-A61A28C277F3,4.0,4.25,4.0,18.0,0.0,0.0,0.0
PROP-CCDBCCEF4411,6.5,6.75,4.0,19.5,0.0,0.25,0.5
PROP-E7DD68900C48,4.0,4.25,4.0,18.0,0.0,0.0,0.0
PROP-E17A41D91144,4.9,5.15,4.5,18.0,0.0,0.9,0.9
PROP-5DA698499EBB,5.9,6.15,4.5,18.0,0.0,1.0,1.9
PROP-6B9EE1A5C0C2,5.9,6.15,4.5,18.0,0.0,1.0,1.9
PROP-CABCF59B4D2E,4.0,4.25,4.0,18.0,0.0,0.0,0.0
PROP-E940BD1859F3,5.15,5.4,4.0,18.5,-0.25,-0.6,-1.35
PROP-88F46A855F97,6.0,6.25,4.0,19.5,0.0,0.0,-0.25
PROP-EC7C5FFB5B10,4.0,4.25,4.0,18.0,0.0,0.0,0.0
PROP-4B48009115F2,4.0,4.25,4.0,18.0,0.0,0.0,0.0
PROP-E8939A19445E,4.0,4.25,3.0,18.0,0.0,-0.4,-1.75
PROP-191739425E8B,4.0,4.25,4.0,18.0,0.0,0.0,0.0
PROP-D1C4246934A9,4.0,4.25,4.0,18.0,0.0,0.0,0.0
PROP-5D2ADCE712AC,6.0,6.25,4.0,19.5,0.0,0.0,-0.25
PROP-F7E3FF1C01E3,4.0,4.25,4.0,18.0,0.0,0.0,0.0
PROP-DF470A53E18D,4.0,4.25,3.0,18.0,0.0,0.0,-1.15
PROP-B322CA0F2F56,4.9,5.15,4.5,18.0,0.0,0.9,0.9
PROP-2BEED94D876B,4.0,4.25,3.0,18.0,0.0,-0.4,-1.75
PROP-D1248BFC02BF,4.0,4.25,3.0,18.0,0.0,0.0,-1.15
PROP-24154292A436,4.0,4.25,4.0,18.0,0.0,0.0,0.0
PROP-57452ECF0F62,4.0,4.25,4.0,18.0,0.0,0.0,0.0
PROP-FFEFE0787466,4.0,4.25,4.0,18.0,0.0,0.0,0.0
PROP-84D7599902B4,4.0,4.25,3.5,18.0,0.0,0.0,-0.4
PROP-A8C14D9EB520,4.0,4.25,4.0,18.0,0.0,0.0,0.0
PROP-92CC5FCC0984,4.9,5.15,4.5,18.0,0.0,0.9,0.9
PROP-57B08CFE88BF,4.9,5.15,4.5,18.0,0.0,0.9,0.9
PROP-8A49E0672652,6.0,6.25,4.0,19.25,-0.25,-0.5,0.0
PROP-A552D3B92FDE,4.0,4.25,4.0,18.0,0.0,0.0,0.0
PROP-A4554CD4EA11,5.15,5.4,4.0,18.5,-0.25,-0.6,-1.35
PROP-8E87C2F71D48,4.9,5.15,4.5,18.0,0.0,0.9,0.9
PROP-40C4B6226DC7,4.0,4.25,3.0,18.0,0.0,0.0,-1.15
PROP-2CF16027C624,4.0,4.25,4.0,18.0,0.0,0.0,0.0
PROP-1037B9ED0782,4.0,4.25,4.0,18.0,0.0,0.0,0.0
PROP-D8BA302A8FC5,5.75,6.0,4.0,19.0,0.0,-0.25,-0.5
PROP-2E8EED5D805B,4.0,4.25,3.0,18.0,0.0,0.0,-1.15
PROP-10DA99B2C2D4,4.0,4.25,3.5,18.0,0.0,0.0,-0.4
PROP-718FE67E2594,6.25,6.5,4.0,19.5,0.0,0.25,0.0
PROP-FF527CB4BAC7,4.0,4.25,3.0,18.0,0.0,-0.4,-1.75
PROP-C7624F0F7B43,5.15,5.4,4.0,18.25,0.0,0.0,-1.35
PROP-18502A7488C5,5.9,6.15,4.5,18.0,0.0,1.0,1.9
PROP-8B7EA326E510,4.9,5.15,4.5,18.0,0.0,0.9,0.9
PROP-7E568CF43565,4.0,4.25,4.0,18.0,0.0,0.0,0.0
PROP-5158293C886B,5.75,6.0,4.0,19.0,0.0,-0.25,-0.5
PROP-639A2572325C,4.0,4.25,4.0,18.0,0.0,0.0,0.0
PROP-20BE653DBACB,4.0,4.25,3.0,18.0,0.0,0.0,-1.15
PROP-E6354CB5C66F,6.25,6.5,4.0,19.5,0.0,0.25,0.0
PROP-5D03C388F594,6.0,6.25,4.0,19.25,-0.25,-0.5,0.0
PROP-65C414540ADA,5.75,6.0,4.0,19.0,0.0,-0.25,-0.5
PROP-3C8A1176A0A5,4.0,4.25,3.0,18.0,0.0,0.0,-1.15
PROP-5741A3F5146F,4.9,5.15,4.5,18.0,0.0,0.9,0.9
PROP-A5170B64DDC8,4.0,4.25,3.0,18.0,0.0,0.0,-1.15
PROP-B5A0CEED682C,6.0,6.25,4.0,19.5,0.0,0.0,-0.25
PROP-C87B5AC627F5,4.0,4.25,4.0,18.0,0.0,0.0,0.0
PROP-E350D28F5F97,6.0,6.25,4.0,19.25,-0.25,-0.5,0.0
PROP-FD652FFB4F9C,4.0,4.25,4.0,18.0,0.0,0.0,0.0
PROP-57B346A38F6C,5.15,5.4,4.0,18.5,-0.25,-0.6,-1.35
PROP-A990EAC71B34,4.0,4.25,3.0,18.0,0.0,0.0,-1.15
PROP-BD83B0D4BE9A,4.9,5.15,4.5,18.0,0.0,0.9,0.9
PROP-1E407215FBA1,5.9,6.15,4.5,18.0,0.0,1.0,1.9
PROP-9FF2C5F05F14,6.0,6.25,4.0,19.5,0.0,0.0,-0.25
PROP-A48661B98700,6.5,6.75,4.0,19.25,0.0,0.0,0.5
PROP-52847602F1D0,5.9,6.15,4.5,18.0,0.0,1.0,1.9
PROP-62F82DCBCB25,4.0,4.25,3.0,18.0,0.0,0.0,-1.15
PROP-52E1C694A74F,4.0,4.25,3.0,18.0,0.0,0.0,-1.15
PROP-32AFBDC58406,4.9,5.15,4.5,18.0,0.0,0.9,0.9
PROP-A80FB995A83C,6.25,6.5,4.0,19.5,0.0,0.25,0.0
PROP-6917BBFDBE3D,4.0,4.25,3.5,18.0,0.0,0.0,-0.4
PROP-293923DEF999,5.15,5.4,4.0,18.25,0.0,0.0,-1.35
PROP-5B4D5EE8A111,6.25,6.5,4.0,19.5,0.0,0.25,0.0
PROP-668E4D8175B5,4.0,4.25,3.0,18.0,0.0,-0.4,-1.75
PROP-A099729894CA,5.75,6.0,4.0,19.0,0.0,-0.25,-0.5
PROP-1C6609E8B542,4.0,4.25,3.0,18.0,0.0,0.0,-1.15
PROP-C52D2F036131,4.0,4.25,4.0,18.0,0.0,0.0,0.0
PROP-F25320DA9F98,6.25,6.5,4.0,19.5,0.0,0.25,0.0
PROP-CCC36D1A9238,4.0,4.25,3.0,18.0,0.0,0.0,-1.15
PROP-20B626D0F2EA,5.15,5.4,4.0,18.25,0.0,0.0,-1.35
PROP-B88BD1389DDA,4.0,4.25,3.5,18.0,0.0,0.0,-0.4
PROP-D72B4D2887EB,5.15,5.4,4.0,18.25,0.0,0.0,-1.35
PROP-BBA6EBC53C91,4.0,4.25,4.0,18.0,0.0,0.0,0.0
PROP-06653760EAB7,6.5,6.75,4.0,19.5,0.0,0.25,0.5
PROP-D7FA7C53760C,6.25,6.5,4.0,19.5,0.0,0.25,0.0
PROP-F6C69791252D,5.15,5.4,4.0,18.5,-0.25,-0.6,-1.35
PROP-F02C2A35A0CE,6.5,6.75,4.0,19.25,0.0,0.0,0.5
PROP-20AA8B170055,4.0,4.25,4.0,18.0,0.0,0.0,0.0
PROP-FB2F55B6BDE7,5.15,5.4,4.0,18.5,-0.25,-0.6,-1.35
PROP-8F7C8EBD5588,4.9,5.15,4.5,18.0,0.0,0.9,0.9
PROP-4A2CCE9FF953,4.0,4.25,3.0,18.0,0.0,0.0,-1.15
PROP-B25F1EE876ED,6.0,6.25,4.0,19.25,-0.25,-0.5,0.0
PROP-423AC111986E,5.15,5.4,4.0,18.25,0.0,0.0,-1.35
PROP-E884B4869477,4.0,4.25,3.0,18.0,0.0,0.0,-1.15
PROP-196B8CA5F817,4.0,4.25,3.0,18.0,0.0,0.0,-1.15
PROP-C6132A4E1294,6.0,6.25,4.0,19.25,-0.25,-0.5,0.0
PROP-8A0B08B9115B,5.15,5.4,4.0,18.25,0.0,0.0,-1.35
PROP-B6B072279040,4.4,4.65,3.0,18.0,0.0,-0.75,-1.6
PROP-6D515EEC031E,4.0,4.25,3.0,18.0,0.0,0.0,-1.15
PROP-357AE65DE2E2,6.5,6.75,4.0,19.5,0.0,0.25,0.5
PROP-C5E838EAC018,4.0,4.25,3.0,18.0,0.0,-0.4,-1.75
PROP-5AB840AED209,4.0,4.25,3.0,18.0,0.0,-0.4,-1.75
PROP-8A0B2941FE8D,5.15,5.4,4.0,18.25,0.0,0.0,-1.35
PROP-535412824887,4.0,4.25,4.0,18.0,0.0,0.0,0.0
PROP-48F225346956,4.0,4.25,4.0,18.0,0.0,0.0,0.0
PROP-889EF17714F3,5.9,6.15,4.5,18.0,0.0,1.0,1.9
PROP-7530E7CD300A,4.0,4.25,3.0,18.0,0.0,-0.4,-1.75
PROP-F52F9D91055B,4.4,4.65,3.0,18.0,0.0,-0.75,-1.6
PROP-B5B8575308D0,4.0,4.25,3.0,18.0,0.0,0.0,-1.15
PROP-077A939BFEE8,6.25,6.5,4.0,19.5,0.0,0.25,0.0
PROP-8C737BAFA747,4.0,4.25,3.0,18.0,0.0,-0.4,-1.75
PROP-8010D37C32C0,5.15,5.4,4.0,18.25,0.0,0.0,-1.35
PROP-31151B4B9A58,4.0,4.25,4.0,18.0,0.0,0.0,0.0
PROP-434DBB289A5A,5.15,5.4,4.0,18.25,0.0,0.0,-1.35
PROP-4DF35769ADFB,6.5,6.75,4.0,19.5,0.0,0.25,0.5
PROP-E3A248B4600C,6.0,6.25,4.0,19.25,-0.25,-0.5,0.0
PROP-BE274D340BE2,6.0,6.25,4.0,19.5,0.0,0.0,-0.25
PROP-F4919EF70EC2,4.0,4.25,4.0,18.0,0.0,0.0,0.0
PROP-1224A837102F,4.0,4.25,4.0,18.0,0.0,0.0,0.0
PROP-B024A23E5B23,5.15,5.4,4.0,18.5,-0.25,-0.6,-1.35
PROP-89D5F212B4AD,4.4,4.65,3.0,18.0,0.0,-0.75,-1.6
PROP-FA7CB90CB817,5.15,5.4,4.0,18.5,-0.25,-0.6,-1.35
PROP-EB006A681793,5.15,5.4,4.0,18.25,0.0,0.0,-1.35
PROP-542F7EC71F1C,6.5,6.75,4.0,19.25,0.0,0.0,0.5
PROP-3769D2D9412A,6.25,6.5,4.0,19.5,0.0,0.25,0.0
PROP-E6617D08335A,4.0,4.25,4.0,18.0,0.0,0.0,0.0
PROP-838CA3E9700D,4.0,4.25,3.5,18.0,0.0,0.0,-0.4
PROP-56B3F1F2509F,4.0,4.25,4.0,18.0,0.0,0.0,0.0
PROP-18E6C8F6DD2A,6.0,6.25,4.0,19.25,-0.25,-0.5,0.0
PROP-D1B8CF49DE5E,4.0,4.25,4.0,18.0,0.0,0.0,0.0
PROP-E035FF99FA84,4.0,4.25,4.0,18.0,0.0,0.0,0.0
PROP-8E9CD438FAAF,4.0,4.25,4.0,18.0,0.0,0.0,0.0
PROP-90C4DEFE07AE,4.4,4.65,3.0,18.0,0.0,-0.75,-1.6
PROP-C6B03F338B5E,4.0,4.25,4.0,18.0,0.0,0.0,0.0
PROP-4FA26FA9B6BF,6.5,6.75,4.0,19.5,0.0,0.25,0.5
PROP-40ABE0A5BA9E,6.0,6.25,4.0,19.5,0.0,0.0,-0.25
PROP-541C9CDEF397,6.25,6.5,4.0,19.5,0.0,0.25,0.0
PROP-8E13C5D7545C,4.9,5.15,4.5,18.0,0.0,0.9,0.9
PROP-7CDB27CCC56B,5.9,6.15,4.5,18.0,0.0,1.0,1.9
PROP-BE17005A9A15,6.25,6.5,4.0,19.5,0.0,0.25,0.0
PROP-90B315A513D6,5.15,5.4,4.0,18.25,0.0,0.0,-1.35
PROP-A6E0D427219E,4.0,4.25,4.0,18.0,0.0,0.0,0.0
PROP-3D548FDC0144,5.15,5.4,4.0,18.25,0.0,0.0,-1.35
PROP-55B8C2C99F09,5.9,6.15,4.5,18.0,0.0,1.0,1.9
PROP-0F6035EF3201,6.25,6.5,4.0,19.5,0.0,0.25,0.0
PROP-D9D4ABFD4D32,5.9,6.15,4.5,18.0,0.0,1.0,1.9
PROP-AC39FFFD2C4D,4.0,4.25,3.0,18.0,0.0,0.0,-1.15
PROP-DB6AF703BAB7,4.0,4.25,4.0,18.0,0.0,0.0,0.0
PROP-E8F503B5CE48,4.9,5.15,4.5,18.0,0.0,0.9,0.9
PROP-68999F45BB7D,4.0,4.25,3.0,18.0,0.0,-0.4,-1.75
PROP-96D14D57735E,4.0,4.25,4.0,18.0,0.0,0.0,0.0
PROP-7C5DABD0826B,4.0,4.25,4.0,18.0,0.0,0.0,0.0
PROP-CF37E21D04F0,4.0,4.25,4.0,18.0,0.0,0.0,0.0
PROP-5A93ECCCA934,5.9,6.15,4.5,18.0,0.0,1.0,1.9
PROP-BFC4BA69B1FD,5.15,5.4,4.0,18.5,-0.25,-0.6,-1.35
PROP-033786CD55DF,4.0,4.25,3.5,18.0,0.0,0.0,-0.4
PROP-07FD97265E08,4.0,4.25,3.0,18.0,0.0,-0.4,-1.75
PROP-E87988C7452C,6.0,6.25,4.0,19.5,0.0,0.0,-0.25
PROP-DA2083113828,6.5,6.75,4.0,19.5,0.0,0.25,0.5
PROP-E3304A56CA33,6.25,6.5,4.0,19.5,0.0,0.25,0.0
PROP-BDDA9BE2A725,4.4,4.65,3.0,18.0,0.0,-0.75,-1.6
PROP-92AC7D5C7E18,4.0,4.25,4.0,18.0,0.0,0.0,0.0
PROP-89CDAD51D2E3,4.0,4.25,4.0,18.0,0.0,0.0,0.0
PROP-A952D42BE5C1,4.0,4.25,3.0,18.0,0.0,0.0,-1.15
PROP-58A66BCF9BC4,4.0,4.25,4.0,18.0,0.0,0.0,0.0
PROP-83A74B308D02,6.0,6.25,4.0,19.25,-0.25,-0.5,0.0
PROP-A24C1A2A436D,4.0,4.25,4.0,18.0,0.0,0.0,0.0
PROP-5AC744D2811D,4.0,4.25,3.0,18.0,0.0,0.0,-1.15
PROP-35112A2D7B2F,4.0,4.25,4.0,18.0,0.0,0.0,0.0
PROP-64FB0E91411A,5.75,6.0,4.0,19.0,0.0,-0.25,-0.5
PROP-459B7695BE7B,5.15,5.4,4.0,18.5,-0.25,-0.6,-1.35
PROP-E68C72AA97E5,4.0,4.25,3.0,18.0,0.0,-0.4,-1.75
PROP-3D84680B3250,4.0,4.25,4.0,18.0,0.0,0.0,0.0
PROP-FAC4C69AB051,4.0,4.25,4.0,18.0,0.0,0.0,0.0
PROP-11BFD5EF8BD3,4.4,4.65,3.0,18.0,0.0,-0.75,-1.6
PROP-0C78CA7B7E7C,4.0,4.25,4.0,18.0,0.0,0.0,0.0
PROP-06C99F496015,5.15,5.4,4.0,18.5,-0.25,-0.6,-1.35
PROP-EB51D49ABCFF,4.0,4.25,4.0,18.0,0.0,0.0,0.0
PROP-804670C66D51,4.0,4.25,3.5,18.0,0.0,0.0,-0.4
PROP-65F6262609ED,6.5,6.75,4.0,19.5,0.0,0.25,0.5
PROP-410C9393C969,4.0,4.25,3.0,18.0,0.0,-0.4,-1.75
PROP-FDECEAA546D1,4.9,5.15,4.5,18.0,0.0,0.9,0.9
PROP-E4C87C68E8B6,5.15,5.4,4.0,18.5,-0.25,-0.6,-1.35
PROP-9DF18B6C1B1F,4.0,4.25,3.0,18.0,0.0,0.0,-1.15
PROP-19434463DFB3,4.0,4.25,4.0,18.0,0.0,0.0,0.0
PROP-50CFA42E23E9,5.15,5.4,4.0,18.25,0.0,0.0,-1.35
PROP-D746AAE1783A,6.25,6.5,4.0,19.5,0.0,0.25,0.0
PROP-0325D6C6211A,6.0,6.25,4.0,19.5,0.0,0.0,-0.25
PROP-A623EC9C1FD9,6.25,6.5,4.0,19.5,0.0,0.25,0.0
PROP-BA7B7F0C15B8,5.15,5.4,4.0,18.25,0.0,0.0,-1.35
PROP-4D0FBECB9B11,6.0,6.25,4.0,19.25,-0.25,-0.5,0.0
PROP-DFFE7AF6B819,4.0,4.25,3.0,18.0,0.0,-0.4,-1.75
PROP-3DDB0F55D369,4.9,5.15,4.5,18.0,0.0,0.9,0.9
PROP-C7BBC04ED996,4.0,4.25,4.0,18.0,0.0,0.0,0.0
PROP-435F0CDB069E,4.9,5.15,4.5,18.0,0.0,0.9,0.9
PROP-9532B0CCF0FE,5.15,5.4,4.0,18.5,-0.25,-0.6,-1.35
PROP-42E06638378B,6.0,6.25,4.0,19.25,-0.25,-0.5,0.0
PROP-3464E411BE9D,4.0,4.25,3.0,18.0,0.0,-0.4,-1.75
PROP-59204782637C,6.5,6.75,4.0,19.5,0.0,0.25,0.5
PROP-EB4514BFA1ED,4.0,4.25,4.0,18.0,0.0,0.0,0.0
PROP-1DCC2F844CDE,4.0,4.25,4.0,18.0,0.0,0.0,0.0
PROP-63CEAAB317BC,4.9,5.15,4.5,18.0,0.0,0.9,0.9
PROP-0749D20672E1,4.0,4.25,4.0,18.0,0.0,0.0,0.0
PROP-917CC2CC1FC5,4.0,4.25,3.0,18.0,0.0,-0.4,-1.75
PROP-E6B78CFFEC28,6.0,6.25,4.0,19.25,-0.25,-0.5,0.0
PROP-D31A53E98564,5.9,6.15,4.5,18.0,0.0,1.0,1.9
PROP-4FD4122CB71C,4.9,5.15,4.5,18.0,0.0,0.9,0.9
PROP-6B82E697D8B4,4.0,4.25,4.0,18.0,0.0,0.0,0.0
PROP-1C8BB5DA92AD,6.0,6.25,4.0,19.5,0.0,0.0,-0.25
PROP-2F7D90EC1D26,6.5,6.75,4.0,19.5,0.0,0.25,0.5
PROP-22BC9FEDD8DF,6.0,6.25,4.0,19.25,-0.25,-0.5,0.0
PROP-A5C368BFA404,6.0,6.25,4.0,19.25,-0.25,-0.5,0.0
PROP-2109AB057B1C,4.0,4.25,4.0,18.0,0.0,0.0,0.0
PROP-5C1C04E5479F,4.0,4.25,3.0,18.0,0.0,0.0,-1.15
PROP-09F9EF98EFDE,5.15,5.4,4.0,18.5,-0.25,-0.6,-1.35
PROP-D62A394EADCC,4.0,4.25,3.0,18.0,0.0,0.0,-1.15
PROP-D1AFC4410D56,4.0,4.25,3.0,18.0,0.0,0.0,-1.15
PROP-AF68F36384B0,6.25,6.5,4.0,19.5,0.0,0.25,0.0
PROP-C9DEEF9F6FD0,5.9,6.15,4.5,18.0,0.0,1.0,1.9
PROP-B400F04E0E24,5.75,6.0,4.0,19.0,0.0,-0.25,-0.5
PROP-9889138F8920,6.0,6.25,4.0,19.25,-0.25,-0.5,0.0
PROP-4194CFF38CFB,4.0,4.25,4.0,18.0,0.0,0.0,0.0
PROP-2E90E7123022,4.0,4.25,4.0,18.0,0.0,0.0,0.0
PROP-44B10BC9C192,6.5,6.75,4.0,19.25,0.0,0.0,0.5
PROP-5B0E4391CBD0,4.0,4.25,3.0,18.0,0.0,-0.4,-1.75
PROP-A1F681CE3261,6.5,6.75,4.0,19.5,0.0,0.25,0.5
PROP-6993B8D02E65,4.0,4.25,3.0,18.0,0.0,0.0,-1.15
PROP-337865F58DA8,6.25,6.5,4.0,19.5,0.0,0.25,0.0
PROP-1DAC5D1661C9,6.25,6.5,4.0,19.5,0.0,0.25,0.0
PROP-CD391AA021AF,4.0,4.25,3.0,18.0,0.0,-0.4,-1.75
PROP-79970B67223E,6.5,6.75,4.0,19.25,0.0,0.0,0.5
PROP-24B4B4BF9927,5.9,6.15,4.5,18.0,0.0,1.0,1.9
PROP-05CBC5643D66,4.9,5.15,4.5,18.0,0.0,0.9,0.9
PROP-D729A78C52B0,4.0,4.25,4.0,18.0,0.0,0.0,0.0
PROP-EC2D3805900F,4.0,4.25,4.0,18.0,0.0,0.0,0.0
PROP-AB1EA9AE170E,5.15,5.4,4.0,18.25,0.0,0.0,-1.35
PROP-D7AD1C6A7D3A,4.0,4.25,4.0,18.0,0.0,0.0,0.0
PROP-F864CBDBA75D,4.0,4.25,4.0,18.0,0.0,0.0,0.0
PROP-F0F81B0BC1C8,6.0,6.25,4.0,19.5,0.0,0.0,-0.25
PROP-6ECA2D14049B,6.5,6.75,4.0,19.25,0.0,0.0,0.5
PROP-4051473C3A5B,4.0,4.25,3.0,18.0,0.0,0.0,-1.15
PROP-A98841921BA6,4.0,4.25,3.0,18.0,0.0,0.0,-1.15
PROP-32657488B9E8,4.0,4.25,4.0,18.0,0.0,0.0,0.0
PROP-31C798C91564,5.9,6.15,4.5,18.0,0.0,1.0,1.9
PROP-1C7147461B42,5.75,6.0,4.0,19.0,0.0,-0.25,-0.5
PROP-857ABC7EBE6D,4.0,4.25,3.0,18.0,0.0,-0.4,-1.75
PROP-AB4C07B9BC30,4.0,4.25,3.5,18.0,0.0,0.0,-0.4
PROP-C2C410B4F241,4.0,4.25,4.0,18.0,0.0,0.0,0.0
PROP-5DB14DD84E54,4.0,4.25,3.0,18.0,0.0,0.0,-1.15
PROP-84F6421EDE4E,6.25,6.5,4.0,19.5,0.0,0.25,0.0
PROP-3F4454965A48,4.0,4.25,3.0,18.0,0.0,-0.4,-1.75
PROP-F22AF2C9CF80,6.5,6.75,4.0,19.5,0.0,0.25,0.5
PROP-39EC31393F7D,6.5,6.75,4.0,19.5,0.0,0.25,0.5
PROP-5943EA2A5D22,5.9,6.15,4.5,18.0,0.0,1.0,1.9
PROP-FC3176B032E9,4.0,4.25,4.0,18.0,0.0,0.0,0.0
PROP-C5043E7B12DB,6.5,6.75,4.0,19.25,0.0,0.0,0.5
PROP-A16F9ADC7001,4.0,4.25,3.5,18.0,0.0,0.0,-0.4
PROP-9731DD766F55,4.0,4.25,4.0,18.0,0.0,0.0,0.0
PROP-A58ABE59D1C0,4.0,4.25,3.0,18.0,0.0,0.0,-1.15
PROP-00315A001814,4.9,5.15,4.5,18.0,0.0,0.9,0.9
PROP-DC3C2145E1AC,4.9,5.15,4.5,18.0,0.0,0.9,0.9
PROP-20279FF20606,4.0,4.25,3.0,18.0,0.0,0.0,-1.15
PROP-9680CBC7A7A6,5.15,5.4,4.0,18.5,-0.25,-0.6,-1.35
PROP-8136F83D7170,6.5,6.75,4.0,19.5,0.0,0.25,0.5
PROP-7A4D86018A7F,4.0,4.25,4.0,18.0,0.0,0.0,0.0
PROP-847C3C0603B5,4.0,4.25,4.0,18.0,0.0,0.0,0.0
PROP-A2BF7AD5FD14,4.4,4.65,3.0,18.0,0.0,-0.75,-1.6
PROP-83A0CE638481,5.15,5.4,4.0,18.5,-0.25,-0.6,-1.35
PROP-AACB0EDB3CAD,4.0,4.25,4.0,18.0,0.0,0.0,0.0
PROP-47606276CAAE,5.15,5.4,4.0,18.5,-0.25,-0.6,-1.35
PROP-6684001AD233,5.15,5.4,4.0,18.5,-0.25,-0.6,-1.35
PROP-390D907F7A22,4.0,4.25,3.0,18.0,0.0,0.0,-1.15
PROP-3DA1017957EC,5.15,5.4,4.0,18.5,-0.25,-0.6,-1.35
PROP-4E118A59B503,4.4,4.65,3.0,18.0,0.0,-0.75,-1.6
PROP-C667A737D7EA,6.5,6.75,4.0,19.5,0.0,0.25,0.5
PROP-214061A9C533,6.5,6.75,4.0,19.25,0.0,0.0,0.5
PROP-244F7E8BC79C,4.0,4.25,4.0,18.0,0.0,0.0,0.0
PROP-ED878CB19279,4.0,4.25,3.5,18.0,0.0,0.0,-0.4
PROP-5F749377C704,4.0,4.25,4.0,18.0,0.0,0.0,0.0
PROP-E452AD5A4404,5.9,6.15,4.5,18.0,0.0,1.0,1.9
PROP-29354BFCA92E,5.9,6.15,4.5,18.0,0.0,1.0,1.9
PROP-3DE22E2FAEFB,6.0,6.25,4.0,19.25,-0.25,-0.5,0.0
PROP-0A1560B47D8E,6.0,6.25,4.0,19.5,0.0,0.0,-0.25
PROP-94916EFDF710,6.0,6.25,4.0,19.25,-0.25,-0.5,0.0
PROP-08DBBE71230F,5.75,6.0,4.0,19.0,0.0,-0.25,-0.5
PROP-CF3FB24BB8F2,5.15,5.4,4.0,18.5,-0.25,-0.6,-1.35
PROP-4611EF24FF83,4.0,4.25,4.0,18.0,0.0,0.0,0.0
PROP-FC41E076AEEC,4.0,4.25,4.0,18.0,0.0,0.0,0.0
PROP-BD07EDEEFD63,4.9,5.15,4.5,18.0,0.0,0.9,0.9
PROP-D4AB82AAEDF3,4.9,5.15,4.5,18.0,0.0,0.9,0.9
PROP-37403A1EBF78,4.0,4.25,4.0,18.0,0.0,0.0,0.0
PROP-2697837484DD,4.0,4.25,4.0,18.0,0.0,0.0,0.0
PROP-B5E2BBC31EBB,4.0,4.25,4.0,18.0,0.0,0.0,0.0
PROP-9038318484A5,4.0,4.25,3.0,18.0,0.0,0.0,-1.15
PROP-0C1C785B029D,6.5,6.75,4.0,19.5,0.0,0.25,0.5
PROP-831D0B45FF07,4.0,4.25,4.0,18.0,0.0,0.0,0.0
PROP-B213C1A8E9E0,6.5,6.75,4.0,19.25,0.0,0.0,0.5
PROP-0BB7151DF54D,6.5,6.75,4.0,19.25,0.0,0.0,0.5
PROP-E714F442AC5D,5.15,5.4,4.0,18.25,0.0,0.0,-1.35
PROP-8344B7189CB6,4.0,4.25,3.5,18.0,0.0,0.0,-0.4
PROP-D83A653D5CBD,5.75,6.0,4.0,19.0,0.0,-0.25,-0.5
PROP-6C7CB462CBA6,4.0,4.25,4.0,18.0,0.0,0.0,0.0
PROP-6F8ADE2DA9CB,4.9,5.15,4.5,18.0,0.0,0.9,0.9
PROP-880AF5FA1E9C,4.0,4.25,3.0,18.0,0.0,0.0,-1.15
PROP-1A6056801C5B,6.0,6.25,4.0,19.5,0.0,0.0,-0.25
PROP-4CED068E4811,5.15,5.4,4.0,18.25,0.0,0.0,-1.35
PROP-5E34837B01A0,4.0,4.25,3.0,18.0,0.0,0.0,-1.15
PROP-F84B60F447BC,6.0,6.25,4.0,19.5,0.0,0.0,-0.25
PROP-33AAF0F0A443,6.0,6.25,4.0,19.25,-0.25,-0.5,0.0
PROP-3D155579B3EB,6.0,6.25,4.0,19.25,-0.25,-0.5,0.0
PROP-D7B7F8CB47B9,4.0,4.25,3.0,18.0,0.0,0.0,-1.15
PROP-7AD56FD2714E,4.0,4.25,4.0,18.0,0.0,0.0,0.0
PROP-A9C7A3E046AF,4.4,4.65,3.0,18.0,0.0,-0.75,-1.6
PROP-EFAE46B5DEB4,5.15,5.4,4.0,18.5,-0.25,-0.6,-1.35
PROP-C8F49114F394,6.0,6.25,4.0,19.5,0.0,0.0,-0.25
PROP-5672465254C1,6.0,6.25,4.0,19.25,-0.25,-0.5,0.0
PROP-7EEE386448A5,4.0,4.25,3.0,18.0,0.0,-0.4,-1.75
PROP-4B6F43CD82AD,6.25,6.5,4.0,19.5,0.0,0.25,0.0
PROP-2FB6AD94BDC2,5.15,5.4,4.0,18.25,0.0,0.0,-1.35
PROP-32DAD2974AB6,5.15,5.4,4.0,18.5,-0.25,-0.6,-1.35
PROP-25C3E2C103A7,4.0,4.25,3.0,18.0,0.0,-0.4,-1.75
PROP-20624740FCE0,4.0,4.25,4.0,18.0,0.0,0.0,0.0
PROP-9C919ECBC53F,6.0,6.25,4.0,19.25,-0.25,-0.5,0.0
PROP-490E94B57E13,4.0,4.25,3.0,18.0,0.0,-0.4,-1.75
PROP-655183B17567,4.0,4.25,4.0,18.0,0.0,0.0,0.0
PROP-5AC016816982,4.0,4.25,3.0,18.0,0.0,0.0,-1.15
PROP-B01AAF1FFAE3,6.25,6.5,4.0,19.5,0.0,0.25,0.0
PROP-326E2B7C1DC9,6.25,6.5,4.0,19.5,0.0,0.25,0.0
PROP-C1177CD3700D,5.9,6.15,4.5,18.0,0.0,1.0,1.9
PROP-028C309C4073,4.0,4.25,3.0,18.0,0.0,0.0,-1.15
PROP-FF7F92C6F0F5,4.0,4.25,4.0,18.0,0.0,0.0,0.0
PROP-FE5D6B81B35A,4.0,4.25,3.5,18.0,0.0,0.0,-0.4
PROP-7D35CF0857A3,4.0,4.25,4.0,18.0,0.0,0.0,0.0
PROP-4BB2A5544384,4.0,4.25,4.0,18.0,0.0,0.0,0.0
PROP-CD728F9A3235,4.0,4.25,3.5,18.0,0.0,0.0,-0.4
PROP-91A4C0FA36E4,4.4,4.65,3.0,18.0,0.0,-0.75,-1.6
PROP-26D060DB9149,6.25,6.5,4.0,19.5,0.0,0.25,0.0
PROP-9389EAB94135,6.25,6.5,4.0,19.5,0.0,0.25,0.0
PROP-63CC4394F5E4,4.0,4.25,3.0,18.0,0.0,0.0,-1.15
PROP-30A508CF4B77,4.0,4.25,3.0,18.0,0.0,0.0,-1.15
PROP-4DD3B3D3C1DF,4.4,4.65,3.0,18.0,0.0,-0.75,-1.6
PROP-C176453B3341,5.15,5.4,4.0,18.5,-0.25,-0.6,-1.35
PROP-464467AF55E2,4.0,4.25,3.0,18.0,0.0,0.0,-1.15
PROP-52AD767BFA40,4.0,4.25,3.0,18.0,0.0,0.0,-1.15
PROP-1FEF065BC139,6.25,6.5,4.0,19.5,0.0,0.25,0.0
PROP-01CDCF101CC0,5.75,6.0,4.0,19.0,0.0,-0.25,-0.5
PROP-CA9CD8865399,4.0,4.25,3.5,18.0,0.0,0.0,-0.4
PROP-96D616A2A639,6.0,6.25,4.0,19.5,0.0,0.0,-0.25
PROP-B380FA6FAE17,6.0,6.25,4.0,19.5,0.0,0.0,-0.25
PROP-1CAB0F1AD2C8,4.0,4.25,3.0,18.0,0.0,-0.4,-1.75
PROP-54825C9967C9,4.4,4.65,3.0,18.0,0.0,-0.75,-1.6
PROP-8A5280BE3040,5.9,6.15,4.5,18.0,0.0,1.0,1.9
PROP-46022B7A1D8C,4.0,4.25,4.0,18.0,0.0,0.0,0.0
PROP-97EA4FF40F77,5.15,5.4,4.0,18.25,0.0,0.0,-1.35
PROP-DC99147FBB02,4.0,4.25,3.0,18.0,0.0,0.0,-1.15
PROP-EA1738BE4410,4.0,4.25,4.0,18.0,0.0,0.0,0.0
PROP-50A996DB83E5,5.15,5.4,4.0,18.25,0.0,0.0,-1.35
PROP-4A3BB2880E30,4.0,4.25,4.0,18.0,0.0,0.0,0.0
PROP-AD9F34D767B7,6.25,6.5,4.0,19.5,0.0,0.25,0.0
PROP-BF7075D3C2DB,4.0,4.25,4.0,18.0,0.0,0.0,0.0
PROP-78D915862311,4.0,4.25,3.5,18.0,0.0,0.0,-0.4
PROP-CC915AD77372,4.9,5.15,4.5,18.0,0.0,0.9,0.9
PROP-92169C293603,4.0,4.25,3.0,18.0,0.0,0.0,-1.15
PROP-DB14FD3B08DF,4.0,4.25,4.0,18.0,0.0,0.0,0.0
PROP-24E94FE4128F,6.5,6.75,4.0,19.5,0.0,0.25,0.5
PROP-92AEAF1C2C12,6.5,6.75,4.0,19.5,0.0,0.25,0.5
PROP-6E54A2F2551A,4.0,4.25,4.0,18.0,0.0,0.0,0.0
PROP-B3CCDA231613,4.0,4.25,4.0,18.0,0.0,0.0,0.0
PROP-56C2EBEE270B,4.0,4.25,4.0,18.0,0.0,0.0,0.0
PROP-9BD450E907D7,6.25,6.5,4.0,19.5,0.0,0.25,0.0
PROP-8E3575E928DD,4.0,4.25,4.0,18.0,0.0,0.0,0.0
PROP-C1C6C430A7A7,5.15,5.4,4.0,18.25,0.0,0.0,-1.35
PROP-6E6A723B4A89,4.4,4.65,3.0,18.0,0.0,-0.75,-1.6
PROP-7A48B23A0219,4.0,4.25,3.0,18.0,0.0,0.0,-1.15
PROP-E42451C52F6E,4.0,4.25,4.0,18.0,0.0,0.0,0.0
PROP-FDAB31AC036F,5.15,5.4,4.0,18.5,-0.25,-0.6,-1.35
PROP-18E2EB75F309,6.5,6.75,4.0,19.25,0.0,0.0,0.5
PROP-3BA4FAD1034E,6.25,6.5,4.0,19.5,0.0,0.25,0.0
PROP-D8B796CF17A0,4.0,4.25,3.0,18.0,0.0,0.0,-1.15
PROP-7B97F42299D4,4.0,4.25,4.0,18.0,0.0,0.0,0.0
PROP-F9DB8A32FEB4,5.9,6.15,4.5,18.0,0.0,1.0,1.9
PROP-4717E3F2097F,4.0,4.25,3.0,18.0,0.0,0.0,-1.15
PROP-2C327FE41DDF,4.0,4.25,4.0,18.0,0.0,0.0,0.0
PROP-CDB4B5377EA0,4.0,4.25,3.5,18.0,0.0,0.0,-0.4
PROP-E54C4CC4143D,4.9,5.15,4.5,18.0,0.0,0.9,0.9
PROP-E29C63AD5DA8,6.5,6.75,4.0,19.5,0.0,0.25,0.5
PROP-D5311679AE9D,5.15,5.4,4.0,18.25,0.0,0.0,-1.35
PROP-CE7614DF255F,5.15,5.4,4.0,18.5,-0.25,-0.6,-1.35
PROP-9FD3F637B94E,4.0,4.25,4.0,18.0,0.0,0.0,0.0
PROP-B3D44366C3F3,4.0,4.25,3.5,18.0,0.0,0.0,-0.4
PROP-315C8B76C4BC,4.0,4.25,4.0,18.0,0.0,0.0,0.0
PROP-50F217F39435,4.0,4.25,3.5,18.0,0.0,0.0,-0.4
PROP-4A43651FB0AF,5.15,5.4,4.0,18.5,-0.25,-0.6,-1.35
PROP-DA52A83AFCA8,5.75,6.0,4.0,19.0,0.0,-0.25,-0.5
PROP-E74260B3B33A,5.15,5.4,4.0,18.5,-0.25,-0.6,-1.35
PROP-359EEE86227E,4.9,5.15,4.5,18.0,0.0,0.9,0.9
PROP-E6964200CB59,4.0,4.25,3.0,18.0,0.0,0.0,-1.15
PROP-2E1CE1747278,4.0,4.25,4.0,18.0,0.0,0.0,0.0
PROP-FE820987190F,4.4,4.65,3.0,18.0,0.0,-0.75,-1.6
PROP-5DE3DEA3BE05,6.5,6.75,4.0,19.25,0.0,0.0,0.5
PROP-3E43F8CF38FD,5.75,6.0,4.0,19.0,0.0,-0.25,-0.5
PROP-EBAA024FD979,4.0,4.25,3.0,18.0,0.0,0.0,-1.15
PROP-E4876A9CAC1C,4.9,5.15,4.5,18.0,0.0,0.9,0.9
PROP-69FEFB65AD95,4.0,4.25,3.0,18.0,0.0,0.0,-1.15
PROP-D985CC723D0F,5.75,6.0,4.0,19.0,0.0,-0.25,-0.5
PROP-20FBF349FE05,6.25,6.5,4.0,19.5,0.0,0.25,0.0
PROP-7B0C8E3B9F2F,4.0,4.25,4.0,18.0,0.0,0.0,0.0
PROP-A33813256EF4,5.9,6.15,4.5,18.0,0.0,1.0,1.9
PROP-3F887D3D3C68,6.25,6.5,4.0,19.5,0.0,0.25,0.0
PROP-E773723ADE06,6.5,6.75,4.0,19.25,0.0,0.0,0.5
PROP-B375E861CEC9,5.15,5.4,4.0,18.5,-0.25,-0.6,-1.35
PROP-DD320D8AA42A,5.9,6.15,4.5,18.0,0.0,1.0,1.9
PROP-B5535347FB8B,6.0,6.25,4.0,19.25,-0.25,-0.5,0.0
PROP-83BCD1EF01F4,4.0,4.25,3.0,18.0,0.0,-0.4,-1.75
PROP-6656DD7777AE,6.5,6.75,4.0,19.25,0.0,0.0,0.5
PROP-2E2C23055288,4.0,4.25,3.5,18.0,0.0,0.0,-0.4
PROP-8DD2C54E796C,6.5,6.75,4.0,19.5,0.0,0.25,0.5
PROP-891A6B20ACB8,5.15,5.4,4.0,18.25,0.0,0.0,-1.35
PROP-660764886262,4.0,4.25,4.0,18.0,0.0,0.0,0.0
PROP-B138AC5017CC,4.0,4.25,3.0,18.0,0.0,-0.4,-1.75
PROP-F8117BE0D442,6.0,6.25,4.0,19.5,0.0,0.0,-0.25
PROP-3D3EC1625601,4.9,5.15,4.5,18.0,0.0,0.9,0.9
PROP-F08007D6613C,4.0,4.25,3.0,18.0,0.0,0.0,-1.15
PROP-117DDBFDD586,6.25,6.5,4.0,19.5,0.0,0.25,0.0
PROP-B2DC9B22A96B,5.75,6.0,4.0,19.0,0.0,-0.25,-0.5
PROP-99031BFB4ECC,4.0,4.25,4.0,18.0,0.0,0.0,0.0
PROP-41829DBEA606,4.9,5.15,4.5,18.0,0.0,0.9,0.9
PROP-5B1A52EAB459,6.5,6.75,4.0,19.5,0.0,0.25,0.5
PROP-48657BACA46E,4.0,4.25,3.0,18.0,0.0,0.0,-1.15
PROP-DF5B66744274,6.0,6.25,4.0,19.25,-0.25,-0.5,0.0
PROP-9698B1FD63CB,4.0,4.25,4.0,18.0,0.0,0.0,0.0
PROP-6ACF63DF6103,4.0,4.25,3.0,18.0,0.0,0.0,-1.15
PROP-53D84ADB72F7,4.9,5.15,4.5,18.0,0.0,0.9,0.9
PROP-3AC5013587D8,5.75,6.0,4.0,19.0,0.0,-0.25,-0.5
PROP-76E182AF040E,6.0,6.25,4.0,19.25,-0.25,-0.5,0.0
PROP-CE4828430917,6.25,6.5,4.0,19.5,0.0,0.25,0.0
PROP-D7CC421350A1,4.0,4.25,3.0,18.0,0.0,0.0,-1.15
PROP-F2179414A132,5.15,5.4,4.0,18.5,-0.25,-0.6,-1.35
PROP-3C67DB68DF15,4.0,4.25,4.0,18.0,0.0,0.0,0.0
PROP-3DB4AC2481FA,4.0,4.25,4.0,18.0,0.0,0.0,0.0
PROP-9E7BCF04EDE8,4.9,5.15,4.5,18.0,0.0,0.9,0.9
PROP-F7091F6C9009,6.25,6.5,4.0,19.5,0.0,0.25,0.0
PROP-9556A698C038,6.25,6.5,4.0,19.5,0.0,0.25,0.0
PROP-F3D1D603A062,4.9,5.15,4.5,18.0,0.0,0.9,0.9
PROP-8A62CC23BE71,4.0,4.25,3.0,18.0,0.0,0.0,-1.15
PROP-C606CE4261EB,6.0,6.25,4.0,19.25,-0.25,-0.5,0.0
PROP-7F755EFBEA4E,4.0,4.25,3.0,18.0,0.0,-0.4,-1.75
PROP-C9A9AE8D102C,4.0,4.25,4.0,18.0,0.0,0.0,0.0
PROP-388726FF7ECA,6.25,6.5,4.0,19.5,0.0,0.25,0.0
PROP-E9AC2DD0D6EC,4.0,4.25,4.0,18.0,0.0,0.0,0.0
PROP-3E41C1F36E18,4.0,4.25,4.0,18.0,0.0,0.0,0.0
PROP-CD50065CD0A6,6.0,6.25,4.0,19.25,-0.25,-0.5,0.0
PROP-9CEB83EDD5D2,4.0,4.25,3.5,18.0,0.0,0.0,-0.4
PROP-C89C11D63D80,4.9,5.15,4.5,18.0,0.0,0.9,0.9
PROP-E97AA89638C9,4.0,4.25,4.0,18.0,0.0,0.0,0.0
PROP-B9F84526912F,4.9,5.15,4.5,18.0,0.0,0.9,0.9
PROP-8B1BA2AF1576,5.15,5.4,4.0,18.25,0.0,0.0,-1.35
PROP-DA0B4BE791FB,4.0,4.25,3.0,18.0,0.0,0.0,-1.15
PROP-6DDC21A442B5,5.15,5.4,4.0,18.25,0.0,0.0,-1.35
PROP-7CAB40A5C406,6.25,6.5,4.0,19.5,0.0,0.25,0.0
PROP-594F5123B2D9,4.0,4.25,4.0,18.0,0.0,0.0,0.0
PROP-884CD36973A8,4.0,4.25,3.0,18.0,0.0,-0.4,-1.75
PROP-63D88FC601B1,4.4,4.65,3.0,18.0,0.0,-0.75,-1.6
PROP-453DD7158713,4.0,4.25,4.0,18.0,0.0,0.0,0.0
PROP-03F345644AA8,6.5,6.75,4.0,19.25,0.0,0.0,0.5
PROP-9A6D39C81AE8,6.5,6.75,4.0,19.5,0.0,0.25,0.5
PROP-7B74CA1B1B54,5.15,5.4,4.0,18.25,0.0,0.0,-1.35
PROP-FCB5A0D069E4,5.15,5.4,4.0,18.25,0.0,0.0,-1.35
PROP-D73F2DA32533,4.0,4.25,3.5,18.0,0.0,0.0,-0.4
PROP-FFE06218FF47,6.0,6.25,4.0,19.5,0.0,0.0,-0.25
PROP-BD182B55FCE4,5.15,5.4,4.0,18.5,-0.25,-0.6,-1.35
PROP-E9EE1C547697,5.75,6.0,4.0,19.0,0.0,-0.25,-0.5
PROP-1FE8DC797D36,6.5,6.75,4.0,19.25,0.0,0.0,0.5
PROP-F971D8728009,5.75,6.0,4.0,19.0,0.0,-0.25,-0.5
PROP-5215FFD550FF,4.9,5.15,4.5,18.0,0.0,0.9,0.9
PROP-223521FE13D0,5.75,6.0,4.0,19.0,0.0,-0.25,-0.5
PROP-23BA900F5EFA,6.5,6.75,4.0,19.5,0.0,0.25,0.5
PROP-CB420390021B,4.9,5.15,4.5,18.0,0.0,0.9,0.9
PROP-4C2D08C9AF29,4.0,4.25,4.0,18.0,0.0,0.0,0.0
PROP-7EDD60F485BC,4.0,4.25,4.0,18.0,0.0,0.0,0.0
PROP-3766FB7A0814,4.0,4.25,4.0,18.0,0.0,0.0,0.0
PROP-406A8AEE7781,6.5,6.75,4.0,19.25,0.0,0.0,0.5
PROP-717488FEDBE8,4.0,4.25,3.0,18.0,0.0,0.0,-1.15
PROP-5C6C8747B23F,4.0,4.25,3.5,18.0,0.0,0.0,-0.4
PROP-7256B8C59562,4.4,4.65,3.0,18.0,0.0,-0.75,-1.6
PROP-76D7B1D079E1,4.0,4.25,3.0,18.0,0.0,0.0,-1.15
PROP-9A419FAC0AA9,5.75,6.0,4.0,19.0,0.0,-0.25,-0.5
PROP-C4A8AB084009,4.0,4.25,3.5,18.0,0.0,0.0,-0.4
PROP-3F96DA5D31FB,4.0,4.25,3.5,18.0,0.0,0.0,-0.4
PROP-E93A6A044324,4.0,4.25,4.0,18.0,0.0,0.0,0.0
PROP-031F58899CBC,4.9,5.15,4.5,18.0,0.0,0.9,0.9
PROP-C98468EBBDAB,4.0,4.25,3.5,18.0,0.0,0.0,-0.4
PROP-652B285D9FAE,6.25,6.5,4.0,19.5,0.0,0.25,0.0
PROP-733CD55028E2,4.0,4.25,4.0,18.0,0.0,0.0,0.0
PROP-366D2905A795,6.5,6.75,4.0,19.5,0.0,0.25,0.5
PROP-54656E0D0768,4.9,5.15,4.5,18.0,0.0,0.9,0.9
PROP-4C19F5E71DF3,4.0,4.25,4.0,18.0,0.0,0.0,0.0
PROP-B4963467BBA1,6.0,6.25,4.0,19.25,-0.25,-0.5,0.0
PROP-37A7DC06C609,4.0,4.25,3.0,18.0,0.0,-0.4,-1.75
PROP-7E36A5388F5C,4.0,4.25,3.0,18.0,0.0,0.0,-1.15
PROP-48C9867E0846,4.0,4.25,4.0,18.0,0.0,0.0,0.0
PROP-7CF72BB9C099,4.0,4.25,3.0,18.0,0.0,0.0,-1.15
PROP-BA8237B0B1DA,6.5,6.75,4.0,19.5,0.0,0.25,0.5
PROP-8BDD363B8FA6,4.0,4.25,3.0,18.0,0.0,0.0,-1.15
PROP-A873554425C9,6.0,6.25,4.0,19.25,-0.25,-0.5,0.0
PROP-1143B11F2B28,5.9,6.15,4.5,18.0,0.0,1.0,1.9
PROP-DE77DDEF494D,4.9,5.15,4.5,18.0,0.0,0.9,0.9
PROP-99057E91A0AA,5.15,5.4,4.0,18.25,0.0,0.0,-1.35
PROP-88199DEE609A,5.15,5.4,4.0,18.25,0.0,0.0,-1.35
PROP-070CB024B24A,6.25,6.5,4.0,19.5,0.0,0.25,0.0
PROP-E0E21D432AD2,6.5,6.75,4.0,19.25,0.0,0.0,0.5
PROP-D9CA5FD92504,4.0,4.25,3.0,18.0,0.0,0.0,-1.15
PROP-63B106EF4AC8,4.0,4.25,4.0,18.0,0.0,0.0,0.0
PROP-EE56668F3D22,4.0,4.25,4.0,18.0,0.0,0.0,0.0
PROP-687E7446D8BA,5.9,6.15,4.5,18.0,0.0,1.0,1.9
PROP-FD00201B5434,6.0,6.25,4.0,19.25,-0.25,-0.5,0.0
PROP-D6AB0EB9E36F,6.25,6.5,4.0,19.5,0.0,0.25,0.0
PROP-79495035BD7D,4.0,4.25,3.5,18.0,0.0,0.0,-0.4
PROP-EA73065CF578,4.0,4.25,3.0,18.0,0.0,-0.4,-1.75
PROP-6A9396BD793C,5.15,5.4,4.0,18.25,0.0,0.0,-1.35
PROP-B62D30795A4A,4.0,4.25,4.0,18.0,0.0,0.0,0.0
PROP-BC551C6A038B,6.5,6.75,4.0,19.5,0.0,0.25,0.5
PROP-7089E05D1051,6.5,6.75,4.0,19.25,0.0,0.0,0.5
PROP-74667B199E16,4.0,4.25,3.0,18.0,0.0,-0.4,-1.75
PROP-308CC54EA4A4,4.0,4.25,4.0,18.0,0.0,0.0,0.0
PROP-FB2E90B4F031,4.0,4.25,3.5,18.0,0.0,0.0,-0.4
PROP-DFDEEAF8C619,4.0,4.25,4.0,18.0,0.0,0.0,0.0
PROP-54800CB497F5,4.0,4.25,4.0,18.0,0.0,0.0,0.0
PROP-C0453D58362E,4.0,4.25,4.0,18.0,0.0,0.0,0.0
PROP-2A52A723AECE,4.0,4.25,4.0,18.0,0.0,0.0,0.0
PROP-53FD3EBBA31C,4.0,4.25,4.0,18.0,0.0,0.0,0.0
PROP-0681907F9E9F,5.9,6.15,4.5,18.0,0.0,1.0,1.9
PROP-6258854078C5,5.75,6.0,4.0,19.0,0.0,-0.25,-0.5
PROP-AAC590888725,4.0,4.25,3.0,18.0,0.0,-0.4,-1.75
PROP-EF834510ADEF,6.0,6.25,4.0,19.5,0.0,0.0,-0.25
PROP-F68899854818,6.0,6.25,4.0,19.5,0.0,0.0,-0.25
PROP-CF150E9F97AC,5.15,5.4,4.0,18.25,0.0,0.0,-1.35
PROP-922696DDD07C,5.15,5.4,4.0,18.5,-0.25,-0.6,-1.35
PROP-D2B8D2A54CF7,5.15,5.4,4.0,18.5,-0.25,-0.6,-1.35
PROP-B18EC98533BC,4.9,5.15,4.5,18.0,0.0,0.9,0.9
PROP-3F5B02B0863A,6.25,6.5,4.0,19.5,0.0,0.25,0.0
PROP-FA8638119A2C,4.0,4.25,3.0,18.0,0.0,0.0,-1.15
PROP-E870E755C0C6,4.4,4.65,3.0,18.0,0.0,-0.75,-1.6
PROP-CEE6E85DD994,4.0,4.25,4.0,18.0,0.0,0.0,0.0
PROP-8BACC67EA2FE,5.15,5.4,4.0,18.25,0.0,0.0,-1.35
PROP-691501B39CC9,4.0,4.25,3.0,18.0,0.0,0.0,-1.15
PROP-B520C844201E,5.75,6.0,4.0,19.0,0.0,-0.25,-0.5
PROP-8185CC7A850D,5.9,6.15,4.5,18.0,0.0,1.0,1.9
PROP-AE68C4EA747A,4.0,4.25,3.5,18.0,0.0,0.0,-0.4
PROP-D43A982F68B9,5.75,6.0,4.0,19.0,0.0,-0.25,-0.5
PROP-388FF1073B25,6.5,6.75,4.0,19.5,0.0,0.25,0.5
PROP-63EED50571BD,6.0,6.25,4.0,19.25,-0.25,-0.5,0.0
PROP-6937A7CE2A39,6.5,6.75,4.0,19.5,0.0,0.25,0.5
PROP-89E7BE488372,6.5,6.75,4.0,19.5,0.0,0.25,0.5
PROP-CF520D76573B,4.0,4.25,4.0,18.0,0.0,0.0,0.0
PROP-6126383DCCDC,6.5,6.75,4.0,19.5,0.0,0.25,0.5
PROP-B05BFDA117EE,5.75,6.0,4.0,19.0,0.0,-0.25,-0.5
PROP-F681010FF84F,4.0,4.25,4.0,18.0,0.0,0.0,0.0
PROP-35CF67EA9B27,4.0,4.25,4.0,18.0,0.0,0.0,0.0
PROP-C71399928E72,6.0,6.25,4.0,19.5,0.0,0.0,-0.25
PROP-10C7FCEC4DA2,4.4,4.65,3.0,18.0,0.0,-0.75,-1.6
PROP-146D25D4D3DB,4.0,4.25,3.0,18.0,0.0,0.0,-1.15
PROP-BEA4DE3D85FC,5.15,5.4,4.0,18.25,0.0,0.0,-1.35
PROP-567C896574CD,4.0,4.25,3.0,18.0,0.0,-0.4,-1.75
PROP-C540FF322FEE,5.15,5.4,4.0,18.25,0.0,0.0,-1.35
PROP-19775ADE39A1,4.9,5.15,4.5,18.0,0.0,0.9,0.9
PROP-C11A209BA739,4.0,4.25,4.0,18.0,0.0,0.0,0.0
PROP-B77E72E72087,5.9,6.15,4.5,18.0,0.0,1.0,1.9
PROP-AC9A0F3F33C5,6.0,6.25,4.0,19.5,0.0,0.0,-0.25
PROP-16C54FF55DD3,6.5,6.75,4.0,19.25,0.0,0.0,0.5
PROP-8B88BC5D48E5,4.0,4.25,3.5,18.0,0.0,0.0,-0.4
PROP-FD93959B185D,6.0,6.25,4.0,19.5,0.0,0.0,-0.25
PROP-43BC8D20B7B7,4.9,5.15,4.5,18.0,0.0,0.9,0.9
PROP-F561B36C3D50,4.0,4.25,4.0,18.0,0.0,0.0,0.0
PROP-EAE91D7708E5,4.0,4.25,3.0,18.0,0.0,0.0,-1.15
PROP-5FC94EC20B16,4.0,4.25,3.0,18.0,0.0,0.0,-1.15
PROP-FFAE46A73578,4.0,4.25,4.0,18.0,0.0,0.0,0.0
PROP-626E1532639A,4.0,4.25,4.0,18.0,0.0,0.0,0.0
PROP-CE0D2E06E64E,4.0,4.25,3.0,18.0,0.0,-0.4,-1.75
PROP-1A42649BC6DD,6.0,6.25,4.0,19.5,0.0,0.0,-0.25
PROP-4FF2E5A50854,6.5,6.75,4.0,19.25,0.0,0.0,0.5
PROP-ACB301C913EF,6.0,6.25,4.0,19.5,0.0,0.0,-0.25
PROP-A5F755339690,6.0,6.25,4.0,19.5,0.0,0.0,-0.25
PROP-314E78A6CCF7,4.0,4.25,3.0,18.0,0.0,-0.4,-1.75
PROP-60C88E4A0FE5,6.0,6.25,4.0,19.25,-0.25,-0.5,0.0
PROP-62AEFA85EA9C,6.0,6.25,4.0,19.25,-0.25,-0.5,0.0
PROP-DCD0BD798209,4.0,4.25,3.0,18.0,0.0,0.0,-1.15
PROP-C1E74449BF95,6.0,6.25,4.0,19.5,0.0,0.0,-0.25
PROP-5D9C76E502CC,6.0,6.25,4.0,19.25,-0.25,-0.5,0.0
PROP-571B1679AD38,5.15,5.4,4.0,18.5,-0.25,-0.6,-1.35
PROP-1F6296BDC512,4.0,4.25,4.0,18.0,0.0,0.0,0.0
PROP-5B1924ECC365,4.0,4.25,4.0,18.0,0.0,0.0,0.0
PROP-701675CF7291,6.0,6.25,4.0,19.25,-0.25,-0.5,0.0
PROP-9FF8CDEF8D2F,4.0,4.25,4.0,18.0,0.0,0.0,0.0
PROP-A8F4A8993B1A,4.4,4.65,3.0,18.0,0.0,-0.75,-1.6
PROP-48455A86821A,6.0,6.25,4.0,19.25,-0.25,-0.5,0.0
PROP-E31604AA2D93,4.0,4.25,3.0,18.0,0.0,-0.4,-1.75
PROP-D02446824CFE,6.5,6.75,4.0,19.25,0.0,0.0,0.5
PROP-458938D8CA1F,5.15,5.4,4.0,18.5,-0.25,-0.6,-1.35
PROP-71A1816C2B24,4.0,4.25,4.0,18.0,0.0,0.0,0.0
PROP-AFEABCDF5CBE,4.4,4.65,3.0,18.0,0.0,-0.75,-1.6
PROP-45BB3F559ED0,4.0,4.25,3.0,18.0,0.0,0.0,-1.15
PROP-C9D6A2061C0A,5.15,5.4,4.0,18.5,-0.25,-0.6,-1.35
PROP-2061695E8478,4.0,4.25,3.0,18.0,0.0,-0.4,-1.75
PROP-A5328FBFC753,4.9,5.15,4.5,18.0,0.0,0.9,0.9
PROP-60D8D6FE15F0,4.0,4.25,3.0,18.0,0.0,0.0,-1.15
PROP-D7A58609C60C,4.0,4.25,4.0,18.0,0.0,0.0,0.0
PROP-9F764405C846,4.0,4.25,4.0,18.0,0.0,0.0,0.0
PROP-4AA728E166E1,4.9,5.15,4.5,18.0,0.0,0.9,0.9
PROP-40DF29201F6E,6.5,6.75,4.0,19.25,0.0,0.0,0.5
PROP-3B2BA9B92CA4,4.0,4.25,4.0,18.0,0.0,0.0,0.0
PROP-CEBE4013AEDE,6.5,6.75,4.0,19.25,0.0,0.0,0.5
PROP-B8DB214B1F71,4.0,4.25,4.0,18.0,0.0,0.0,0.0
PROP-5A8896B07225,6.25,6.5,4.0,19.5,0.0,0.25,0.0
PROP-D29996906B13,4.0,4.25,3.0,18.0,0.0,0.0,-1.15
PROP-8B3556D20BC0,4.0,4.25,4.0,18.0,0.0,0.0,0.0
PROP-CBEB4FBF9859,4.0,4.25,3.5,18.0,0.0,0.0,-0.4
PROP-BDFC32EA89F7,4.0,4.25,3.5,18.0,0.0,0.0,-0.4
PROP-34C1032B0700,4.4,4.65,3.0,18.0,0.0,-0.75,-1.6
PROP-000A21CCBACA,4.9,5.15,4.5,18.0,0.0,0.9,0.9
PROP-594C46207388,4.0,4.25,4.0,18.0,0.0,0.0,0.0
PROP-5FE612E59959,6.25,6.5,4.0,19.5,0.0,0.25,0.0
PROP-0C2F959D4D5F,5.9,6.15,4.5,18.0,0.0,1.0,1.9
PROP-99F4C7402A15,4.0,4.25,4.0,18.0,0.0,0.0,0.0
PROP-4938AE2758F4,4.0,4.25,4.0,18.0,0.0,0.0,0.0
PROP-AC056E30B064,5.75,6.0,4.0,19.0,0.0,-0.25,-0.5
PROP-48BF80E88D33,4.0,4.25,3.0,18.0,0.0,-0.4,-1.75
PROP-28C0E3D769E0,6.5,6.75,4.0,19.25,0.0,0.0,0.5
PROP-EF8C76CAE4A7,5.75,6.0,4.0,19.0,0.0,-0.25,-0.5
PROP-FD296A6D3E81,4.0,4.25,4.0,18.0,0.0,0.0,0.0
PROP-67E9527D7E83,6.25,6.5,4.0,19.5,0.0,0.25,0.0
PROP-97B7CDC7C114,6.0,6.25,4.0,19.5,0.0,0.0,-0.25
PROP-22F658C7FE8A,4.0,4.25,3.0,18.0,0.0,0.0,-1.15
PROP-B7D9B5B8747C,6.5,6.75,4.0,19.5,0.0,0.25,0.5
PROP-BDE739E2EF61,4.0,4.25,4.0,18.0,0.0,0.0,0.0
PROP-A1B27C0E52A9,6.5,6.75,4.0,19.25,0.0,0.0,0.5
PROP-5A53F91C2244,4.0,4.25,3.0,18.0,0.0,0.0,-1.15
PROP-F54747946BAC,4.4,4.65,3.0,18.0,0.0,-0.75,-1.6
PROP-0C7671208AB3,4.0,4.25,3.5,18.0,0.0,0.0,-0.4
PROP-F8E3A4C37544,4.0,4.25,4.0,18.0,0.0,0.0,0.0
PROP-10EAFC92A953,6.5,6.75,4.0,19.5,0.0,0.25,0.5
PROP-1764DE938CB2,4.9,5.15,4.5,18.0,0.0,0.9,0.9
PROP-82D2E6663F98,4.0,4.25,4.0,18.0,0.0,0.0,0.0
PROP-F10384ECB249,4.0,4.25,4.0,18.0,0.0,0.0,0.0
PROP-1E6809F1844E,4.0,4.25,3.0,18.0,0.0,0.0,-1.15
PROP-1ABE53C9A5D8,4.0,4.25,3.0,18.0,0.0,-0.4,-1.75
PROP-7DEC4DF9310A,5.75,6.0,4.0,19.0,0.0,-0.25,-0.5
PROP-846DE714004B,4.0,4.25,3.0,18.0,0.0,0.0,-1.15
PROP-EB9CF48DFA41,5.15,5.4,4.0,18.5,-0.25,-0.6,-1.35
PROP-10AB511682F3,4.0,4.25,4.0,18.0,0.0,0.0,0.0
PROP-1A4F5CC59144,6.0,6.25,4.0,19.5,0.0,0.0,-0.25
PROP-BF290300F68E,6.25,6.5,4.0,19.5,0.0,0.25,0.0
PROP-0D1E07D33811,5.75,6.0,4.0,19.0,0.0,-0.25,-0.5
PROP-D7585D2BB0F0,4.0,4.25,4.0,18.0,0.0,0.0,0.0
PROP-93D29C8E22B3,4.0,4.25,4.0,18.0,0.0,0.0,0.0
PROP-C15A98F59592,6.0,6.25,4.0,19.5,0.0,0.0,-0.25
PROP-62C8DA52828E,6.0,6.25,4.0,19.5,0.0,0.0,-0.25
PROP-B72687A2527D,5.15,5.4,4.0,18.25,0.0,0.0,-1.35
PROP-332C6A82A744,5.75,6.0,4.0,19.0,0.0,-0.25,-0.5
PROP-1F2571C25664,6.5,6.75,4.0,19.25,0.0,0.0,0.5
PROP-AE72333A5A05,4.0,4.25,3.0,18.0,0.0,-0.4,-1.75
PROP-AF1EE08E4193,4.0,4.25,3.5,18.0,0.0,0.0,-0.4
PROP-D76AFCB1EAC0,6.5,6.75,4.0,19.25,0.0,0.0,0.5
PROP-37155BF56FED,4.0,4.25,4.0,18.0,0.0,0.0,0.0
PROP-7CC5127F69BD,4.9,5.15,4.5,18.0,0.0,0.9,0.9
PROP-2180E23917BE,4.0,4.25,3.0,18.0,0.0,0.0,-1.15
PROP-E0F1735ACADC,5.75,6.0,4.0,19.0,0.0,-0.25,-0.5
PROP-498731AD4429,6.25,6.5,4.0,19.5,0.0,0.25,0.0
PROP-B8452C8DCB16,6.0,6.25,4.0,19.25,-0.25,-0.5,0.0
PROP-4E51D09B299C,4.0,4.25,3.0,18.0,0.0,-0.4,-1.75
PROP-1DEB8FE989A4,4.0,4.25,3.0,18.0,0.0,0.0,-1.15
PROP-F8B16DBA4627,5.9,6.15,4.5,18.0,0.0,1.0,1.9
PROP-FAA8F2CB568B,4.0,4.25,4.0,18.0,0.0,0.0,0.0
PROP-2A3FB34A6645,6.5,6.75,4.0,19.5,0.0,0.25,0.5
PROP-7D37AEF99654,4.0,4.25,4.0,18.0,0.0,0.0,0.0
PROP-654C9A33FD8B,5.15,5.4,4.0,18.5,-0.25,-0.6,-1.35
PROP-8D0CCB0E1F03,4.4,4.65,3.0,18.0,0.0,-0.75,-1.6
PROP-359D441B8065,4.4,4.65,3.0,18.0,0.0,-0.75,-1.6
PROP-42821E39A628,4.0,4.25,4.0,18.0,0.0,0.0,0.0
PROP-53E3DA55DB5D,4.4,4.65,3.0,18.0,0.0,-0.75,-1.6
PROP-E2C2574AB659,4.4,4.65,3.0,18.0,0.0,-0.75,-1.6
PROP-7096BA47B201,6.25,6.5,4.0,19.5,0.0,0.25,0.0
PROP-BF23A1C4D5EB,6.25,6.5,4.0,19.5,0.0,0.25,0.0
PROP-FE7E798B6A2E,4.0,4.25,4.0,18.0,0.0,0.0,0.0
PROP-85AB6F86A30A,5.75,6.0,4.0,19.0,0.0,-0.25,-0.5
PROP-22DF014E475F,6.0,6.25,4.0,19.5,0.0,0.0,-0.25
PROP-83491AC2B0DD,4.0,4.25,4.0,18.0,0.0,0.0,0.0
PROP-43CEB8C48945,4.0,4.25,4.0,18.0,0.0,0.0,0.0
PROP-21014AA04796,4.0,4.25,3.0,18.0,0.0,-0.4,-1.75
PROP-67EAB82FDF43,4.0,4.25,3.5,18.0,0.0,0.0,-0.4
PROP-9D727CC98C01,4.0,4.25,3.0,18.0,0.0,0.0,-1.15
PROP-929CAFA76717,6.0,6.25,4.0,19.25,-0.25,-0.5,0.0
PROP-7A3D3836B55F,6.0,6.25,4.0,19.25,-0.25,-0.5,0.0
PROP-BA108ACECA5B,4.0,4.25,4.0,18.0,0.0,0.0,0.0
PROP-C1865E01A85F,4.0,4.25,4.0,18.0,0.0,0.0,0.0
PROP-8019381B2D7D,5.9,6.15,4.5,18.0,0.0,1.0,1.9
PROP-C57D075230A2,4.0,4.25,4.0,18.0,0.0,0.0,0.0
PROP-680D8FFA5CD9,6.0,6.25,4.0,19.25,-0.25,-0.5,0.0
PROP-B4E2F0C6F3EC,4.0,4.25,3.0,18.0,0.0,0.0,-1.15
PROP-D87A0198868C,4.9,5.15,4.5,18.0,0.0,0.9,0.9
PROP-F64E19EB0B8D,4.4,4.65,3.0,18.0,0.0,-0.75,-1.6
PROP-53AE34E93629,6.0,6.25,4.0,19.5,0.0,0.0,-0.25
PROP-24EB77EC12AF,4.4,4.65,3.0,18.0,0.0,-0.75,-1.6
PROP-B42B725BF28A,4.0,4.25,4.0,18.0,0.0,0.0,0.0
PROP-31228546D8E5,5.9,6.15,4.5,18.0,0.0,1.0,1.9
PROP-8EF2CF379427,4.4,4.65,3.0,18.0,0.0,-0.75,-1.6
PROP-E1476CF6D7C7,4.0,4.25,4.0,18.0,0.0,0.0,0.0
PROP-31651554FAAF,6.0,6.25,4.0,19.25,-0.25,-0.5,0.0
PROP-816F45C228AB,5.9,6.15,4.5,18.0,0.0,1.0,1.9
PROP-46EC5E0504C2,6.5,6.75,4.0,19.25,0.0,0.0,0.5
PROP-D53E81A25983,5.15,5.4,4.0,18.5,-0.25,-0.6,-1.35
PROP-9B45064F712D,4.0,4.25,4.0,18.0,0.0,0.0,0.0
PROP-8C4C7F4E9C31,4.0,4.25,3.5,18.0,0.0,0.0,-0.4
PROP-BC01C0672EC9,4.0,4.25,3.0,18.0,0.0,0.0,-1.15
PROP-ACC5E248CC78,6.0,6.25,4.0,19.25,-0.25,-0.5,0.0
PROP-73D59FD0E1B0,6.0,6.25,4.0,19.25,-0.25,-0.5,0.0
PROP-3F92EB7FFC48,6.5,6.75,4.0,19.25,0.0,0.0,0.5
PROP-E04407917C7F,4.4,4.65,3.0,18.0,0.0,-0.75,-1.6
PROP-D19601FA2569,4.0,4.25,4.0,18.0,0.0,0.0,0.0
PROP-86F124E2FFBE,6.5,6.75,4.0,19.5,0.0,0.25,0.5
PROP-55172BF0F63D,4.0,4.25,4.0,18.0,0.0,0.0,0.0
PROP-5D75D464D96B,5.75,6.0,4.0,19.0,0.0,-0.25,-0.5
PROP-9CD59A145607,4.0,4.25,3.0,18.0,0.0,-0.4,-1.75
PROP-BB185D4F93F7,4.0,4.25,4.0,18.0,0.0,0.0,0.0
PROP-989B94C5A3FA,4.4,4.65,3.0,18.0,0.0,-0.75,-1.6
PROP-AA13A981381E,6.25,6.5,4.0,19.5,0.0,0.25,0.0
PROP-BC2065B9C81A,6.0,6.25,4.0,19.25,-0.25,-0.5,0.0
PROP-D6800AA46D32,4.0,4.25,4.0,18.0,0.0,0.0,0.0
PROP-BC4BD0CC2EB0,4.4,4.65,3.0,18.0,0.0,-0.75,-1.6
PROP-9F8E1D5B5D68,6.5,6.75,4.0,19.5,0.0,0.25,0.5
PROP-3DBD5034DE55,4.0,4.25,3.0,18.0,0.0,-0.4,-1.75
PROP-29DFFFA96873,4.0,4.25,4.0,18.0,0.0,0.0,0.0
PROP-C36BE2BB9034,4.4,4.65,3.0,18.0,0.0,-0.75,-1.6
PROP-BE07D617A1A4,5.15,5.4,4.0,18.25,0.0,0.0,-1.35
PROP-B895386F58D6,4.0,4.25,3.5,18.0,0.0,0.0,-0.4
PROP-641AE1E4F831,5.75,6.0,4.0,19.0,0.0,-0.25,-0.5
PROP-79C048CC5D81,5.9,6.15,4.5,18.0,0.0,1.0,1.9
PROP-8E21D06E044B,4.4,4.65,3.0,18.0,0.0,-0.75,-1.6
PROP-ACE2376BE68A,5.75,6.0,4.0,19.0,0.0,-0.25,-0.5
PROP-3055A7ED8FEB,4.0,4.25,3.5,18.0,0.0,0.0,-0.4
PROP-C6D0785F9203,4.0,4.25,4.0,18.0,0.0,0.0,0.0
PROP-2C404B5FB213,6.0,6.25,4.0,19.5,0.0,0.0,-0.25
PROP-AE585EF4EC81,6.5,6.75,4.0,19.5,0.0,0.25,0.5
PROP-DC5C1C0E3B5F,6.25,6.5,4.0,19.5,0.0,0.25,0.0
PROP-D6B58BE3DF0B,4.0,4.25,4.0,18.0,0.0,0.0,0.0
PROP-E75A28BC213C,6.0,6.25,4.0,19.5,0.0,0.0,-0.25
PROP-C34557563C3A,6.5,6.75,4.0,19.25,0.0,0.0,0.5
PROP-29733AB2B703,6.5,6.75,4.0,19.5,0.0,0.25,0.5
PROP-70797AFAF0CA,6.0,6.25,4.0,19.25,-0.25,-0.5,0.0
PROP-13CE8C5FE748,5.15,5.4,4.0,18.25,0.0,0.0,-1.35
PROP-555491FD3FCD,4.0,4.25,4.0,18.0,0.0,0.0,0.0
PROP-9EA6E6849C1C,4.0,4.25,4.0,18.0,0.0,0.0,0.0
PROP-DBF5532E5A12,5.15,5.4,4.0,18.25,0.0,0.0,-1.35
PROP-6E5ACB2FEF4F,4.0,4.25,3.0,18.0,0.0,0.0,-1.15
PROP-B063C747C253,4.0,4.25,4.0,18.0,0.0,0.0,0.0
PROP-CEAB7897D726,5.9,6.15,4.5,18.0,0.0,1.0,1.9
PROP-86D2089C9EE4,4.0,4.25,3.0,18.0,0.0,0.0,-1.15
PROP-DD96F911A6F7,5.9,6.15,4.5,18.0,0.0,1.0,1.9
PROP-B4A5D251B554,4.4,4.65,3.0,18.0,0.0,-0.75,-1.6
PROP-9A6D2E316A55,6.5,6.75,4.0,19.5,0.0,0.25,0.5
PROP-2290133B99C3,4.0,4.25,3.5,18.0,0.0,0.0,-0.4
PROP-06964AE01C1E,6.25,6.5,4.0,19.5,0.0,0.25,0.0
PROP-9BF845F6D56F,5.75,6.0,4.0,19.0,0.0,-0.25,-0.5
PROP-AD34157F8E2F,4.0,4.25,4.0,18.0,0.0,0.0,0.0
PROP-A7F8C5CEB35F,4.0,4.25,3.0,18.0,0.0,0.0,-1.15
PROP-CBAFBE087613,4.0,4.25,4.0,18.0,0.0,0.0,0.0
PROP-5E72845D8614,5.15,5.4,4.0,18.5,-0.25,-0.6,-1.35
PROP-A73D5A4BE346,4.0,4.25,3.5,18.0,0.0,0.0,-0.4
PROP-C1327463EF55,4.9,5.15,4.5,18.0,0.0,0.9,0.9
PROP-BF51C4958232,4.0,4.25,3.0,18.0,0.0,-0.4,-1.75
PROP-80BA6A6CE1BB,4.0,4.25,3.0,18.0,0.0,0.0,-1.15
PROP-82B9233B4329,5.75,6.0,4.0,19.0,0.0,-0.25,-0.5
PROP-537FACC4D81C,4.0,4.25,4.0,18.0,0.0,0.0,0.0
PROP-DE1061870C0F,4.0,4.25,3.0,18.0,0.0,-0.4,-1.75
PROP-81EE7B700ADD,5.15,5.4,4.0,18.25,0.0,0.0,-1.35
PROP-EDB1EF0119E2,6.0,6.25,4.0,19.5,0.0,0.0,-0.25
PROP-E2B9955CAB2D,4.0,4.25,3.0,18.0,0.0,0.0,-1.15
PROP-7968DAFD3FFC,4.0,4.25,4.0,18.0,0.0,0.0,0.0
PROP-B60CD7FF25F8,6.0,6.25,4.0,19.5,0.0,0.0,-0.25
PROP-375F43C11F62,4.4,4.65,3.0,18.0,0.0,-0.75,-1.6
PROP-3953CC74D9E5,4.0,4.25,3.5,18.0,0.0,0.0,-0.4
PROP-AEADBE944979,4.0,4.25,3.0,18.0,0.0,-0.4,-1.75
PROP-5A29DCA00809,6.5,6.75,4.0,19.5,0.0,0.25,0.5
PROP-77A6E0449FAC,4.0,4.25,3.0,18.0,0.0,-0.4,-1.75
PROP-DE2B44D82B55,4.0,4.25,4.0,18.0,0.0,0.0,0.0
PROP-B3738EA4D836,4.0,4.25,4.0,18.0,0.0,0.0,0.0
PROP-6B517F7F52A9,6.25,6.5,4.0,19.5,0.0,0.25,0.0
PROP-F1FF3F398DB9,6.25,6.5,4.0,19.5,0.0,0.25,0.0
PROP-11BFAAC08E4B,4.0,4.25,4.0,18.0,0.0,0.0,0.0
PROP-C1D324E54428,4.0,4.25,4.0,18.0,0.0,0.0,0.0
PROP-6E3EA8418117,4.0,4.25,3.0,18.0,0.0,-0.4,-1.75
PROP-89B93D4B41CC,4.0,4.25,4.0,18.0,0.0,0.0,0.0
PROP-27B31D025699,6.0,6.25,4.0,19.5,0.0,0.0,-0.25
PROP-60206F9496F1,4.0,4.25,3.0,18.0,0.0,0.0,-1.15
PROP-AF48679DCEF7,5.75,6.0,4.0,19.0,0.0,-0.25,-0.5
PROP-D47A3E4DF56E,4.0,4.25,3.5,18.0,0.0,0.0,-0.4
PROP-4BB1D7B4A18A,6.5,6.75,4.0,19.5,0.0,0.25,0.5
PROP-7806FDB9DFEB,5.15,5.4,4.0,18.25,0.0,0.0,-1.35
PROP-04DEB36D2D12,6.0,6.25,4.0,19.25,-0.25,-0.5,0.0
PROP-0D5ED96E5341,4.9,5.15,4.5,18.0,0.0,0.9,0.9
PROP-1AFF711E86BC,5.9,6.15,4.5,18.0,0.0,1.0,1.9
PROP-8DD8F6784A7C,6.25,6.5,4.0,19.5,0.0,0.25,0.0
PROP-53B79C840F99,4.4,4.65,3.0,18.0,0.0,-0.75,-1.6
PROP-B48010D991B5,6.25,6.5,4.0,19.5,0.0,0.25,0.0
PROP-AB9147EA488B,6.5,6.75,4.0,19.25,0.0,0.0,0.5
PROP-1D577093950E,5.15,5.4,4.0,18.5,-0.25,-0.6,-1.35
PROP-846B9B2320EA,4.0,4.25,3.0,18.0,0.0,0.0,-1.15
PROP-258BADBC6F91,6.25,6.5,4.0,19.5,0.0,0.25,0.0
PROP-595B39A77033,6.5,6.75,4.0,19.5,0.0,0.25,0.5
PROP-2221B16F7464,4.4,4.65,3.0,18.0,0.0,-0.75,-1.6
PROP-7EBEAFD1E396,4.0,4.25,4.0,18.0,0.0,0.0,0.0
PROP-CF586B63FD4E,4.0,4.25,4.0,18.0,0.0,0.0,0.0
PROP-8E2AD636132F,4.0,4.25,3.0,18.0,0.0,-0.4,-1.75
PROP-59A160B0F0A1,4.0,4.25,4.0,18.0,0.0,0.0,0.0
PROP-E06BF298F8F1,4.0,4.25,4.0,18.0,0.0,0.0,0.0
PROP-22CD5738FB0E,4.9,5.15,4.5,18.0,0.0,0.9,0.9
PROP-F6076A6B9E5A,5.15,5.4,4.0,18.5,-0.25,-0.6,-1.35
PROP-8F83DAA1F399,6.0,6.25,4.0,19.25,-0.25,-0.5,0.0
PROP-1A7C8EB3CB5B,5.15,5.4,4.0,18.25,0.0,0.0,-1.35
PROP-309FEC192A95,4.4,4.65,3.0,18.0,0.0,-0.75,-1.6
PROP-70D3E173047E,4.0,4.25,3.0,18.0,0.0,0.0,-1.15
PROP-CFAD9BEA97E7,5.15,5.4,4.0,18.5,-0.25,-0.6,-1.35
PROP-215F9FFFF3F0,6.0,6.25,4.0,19.25,-0.25,-0.5,0.0
PROP-578D46E2FDC3,4.0,4.25,4.0,18.0,0.0,0.0,0.0
PROP-17AC082C8B4A,4.0,4.25,3.5,18.0,0.0,0.0,-0.4
PROP-8C1E2D40FE96,4.4,4.65,3.0,18.0,0.0,-0.75,-1.6
PROP-5DE878BF9AF8,5.75,6.0,4.0,19.0,0.0,-0.25,-0.5
PROP-F394BEE72895,6.0,6.25,4.0,19.5,0.0,0.0,-0.25
PROP-F5AFD4D63F8C,4.9,5.15,4.5,18.0,0.0,0.9,0.9
PROP-DB42FFDD415B,6.0,6.25,4.0,19.25,-0.25,-0.5,0.0
PROP-64EBE0D11F87,4.9,5.15,4.5,18.0,0.0,0.9,0.9
PROP-CDC735397EDB,6.5,6.75,4.0,19.5,0.0,0.25,0.5
PROP-1684904D779A,4.4,4.65,3.0,18.0,0.0,-0.75,-1.6
PROP-DFE9CF752894,6.5,6.75,4.0,19.25,0.0,0.0,0.5
PROP-570F8901C102,4.0,4.25,4.0,18.0,0.0,0.0,0.0
PROP-51C2146946FF,4.4,4.65,3.0,18.0,0.0,-0.75,-1.6
PROP-9708426545FE,4.0,4.25,4.0,18.0,0.0,0.0,0.0
PROP-EC06200F9573,5.15,5.4,4.0,18.5,-0.25,-0.6,-1.35
PROP-8AA1B32DE8F9,4.9,5.15,4.5,18.0,0.0,0.9,0.9
PROP-10E0D279B0CE,6.25,6.5,4.0,19.5,0.0,0.25,0.0
PROP-791645C6FD03,6.5,6.75,4.0,19.25,0.0,0.0,0.5
PROP-A407B23FFD03,5.15,5.4,4.0,18.5,-0.25,-0.6,-1.35
PROP-3205D5117BDA,4.9,5.15,4.5,18.0,0.0,0.9,0.9
PROP-CD682F0CCFA2,6.0,6.25,4.0,19.25,-0.25,-0.5,0.0
PROP-89E16BE9354D,4.9,5.15,4.5,18.0,0.0,0.9,0.9
PROP-41FAE9B9626D,4.0,4.25,4.0,18.0,0.0,0.0,0.0
PROP-E3597E085247,5.15,5.4,4.0,18.5,-0.25,-0.6,-1.35
PROP-8F81704F34F5,4.4,4.65,3.0,18.0,0.0,-0.75,-1.6
PROP-13E2244B57E3,4.9,5.15,4.5,18.0,0.0,0.9,0.9
PROP-87988AEB6503,6.0,6.25,4.0,19.5,0.0,0.0,-0.25
PROP-E9A87A15A0EA,5.9,6.15,4.5,18.0,0.0,1.0,1.9
PROP-8EBB583BFF78,4.0,4.25,3.0,18.0,0.0,0.0,-1.15
PROP-782A69068285,6.0,6.25,4.0,19.5,0.0,0.0,-0.25
PROP-CA115E616C97,4.4,4.65,3.0,18.0,0.0,-0.75,-1.6
PROP-50092C15F737,4.0,4.25,3.0,18.0,0.0,-0.4,-1.75
PROP-DFAD8498F4E2,4.0,4.25,4.0,18.0,0.0,0.0,0.0
PROP-10A96A7358CE,4.0,4.25,4.0,18.0,0.0,0.0,0.0
PROP-FBE7EC200BBD,4.0,4.25,4.0,18.0,0.0,0.0,0.0
PROP-273FC454F368,4.0,4.25,4.0,18.0,0.0,0.0,0.0
PROP-E0B53443577A,4.0,4.25,3.0,18.0,0.0,-0.4,-1.75
PROP-C198DDFBA7C9,4.4,4.65,3.0,18.0,0.0,-0.75,-1.6
PROP-CA343789E9F7,5.15,5.4,4.0,18.5,-0.25,-0.6,-1.35
PROP-FEAA87935CD5,6.0,6.25,4.0,19.25,-0.25,-0.5,0.0
PROP-2BD5A76DCD03,6.25,6.5,4.0,19.5,0.0,0.25,0.0
PROP-FDB7C01E397A,6.5,6.75,4.0,19.25,0.0,0.0,0.5
PROP-4D06EBF55699,4.0,4.25,3.0,18.0,0.0,-0.4,-1.75
PROP-7168908E54AA,4.0,4.25,4.0,18.0,0.0,0.0,0.0
PROP-9A10BB688932,6.0,6.25,4.0,19.25,-0.25,-0.5,0.0
PROP-9D2195924369,4.0,4.25,3.0,18.0,0.0,-0.4,-1.75
PROP-F5FFF1EB6E99,4.0,4.25,3.0,18.0,0.0,-0.4,-1.75
PROP-E020D72A73C9,6.5,6.75,4.0,19.25,0.0,0.0,0.5
PROP-590B303E449E,5.15,5.4,4.0,18.25,0.0,0.0,-1.35
PROP-9BB8DC3C4BC7,4.0,4.25,4.0,18.0,0.0,0.0,0.0
PROP-85A4E08B2A4A,4.0,4.25,3.0,18.0,0.0,0.0,-1.15
PROP-F5C693B630C8,5.15,5.4,4.0,18.5,-0.25,-0.6,-1.35
PROP-28394AF87A1C,4.0,4.25,4.0,18.0,0.0,0.0,0.0
PROP-B404B21398BE,4.4,4.65,3.0,18.0,0.0,-0.75,-1.6
PROP-ED08CCD44B8E,4.0,4.25,3.0,18.0,0.0,-0.4,-1.75
PROP-C3F6C9C06157,5.9,6.15,4.5,18.0,0.0,1.0,1.9
PROP-F23E95DB6A33,4.4,4.65,3.0,18.0,0.0,-0.75,-1.6
PROP-7A56B7910E89,5.75,6.0,4.0,19.0,0.0,-0.25,-0.5
PROP-044164B0859D,6.5,6.75,4.0,19.25,0.0,0.0,0.5
PROP-06439C5FA385,4.0,4.25,3.0,18.0,0.0,0.0,-1.15
PROP-1AF6CE1A6B82,4.0,4.25,3.0,18.0,0.0,0.0,-1.15
PROP-F831E33D8CE1,5.9,6.15,4.5,18.0,0.0,1.0,1.9
PROP-148FD1CA3A87,4.0,4.25,3.0,18.0,0.0,0.0,-1.15
PROP-DA747E4BC28A,5.15,5.4,4.0,18.5,-0.25,-0.6,-1.35
PROP-475474C549DB,5.9,6.15,4.5,18.0,0.0,1.0,1.9
PROP-BD6518FB0BF1,4.0,4.25,4.0,18.0,0.0,0.0,0.0
PROP-FE212A563B5B,4.0,4.25,3.0,18.0,0.0,-0.4,-1.75
PROP-CCBCC022FCB7,4.0,4.25,3.0,18.0,0.0,-0.4,-1.75
PROP-EB5EA9664A32,4.9,5.15,4.5,18.0,0.0,0.9,0.9
PROP-A88F1D458042,4.0,4.25,4.0,18.0,0.0,0.0,0.0
PROP-7F1ED78707DF,4.0,4.25,4.0,18.0,0.0,0.0,0.0
PROP-A145416CC063,4.0,4.25,4.0,18.0,0.0,0.0,0.0
PROP-FF0FEE382E36,4.9,5.15,4.5,18.0,0.0,0.9,0.9
PROP-90B5EF51D165,6.5,6.75,4.0,19.25,0.0,0.0,0.5
PROP-A49404C30599,5.9,6.15,4.5,18.0,0.0,1.0,1.9
PROP-1EDAFCF6FB66,4.0,4.25,3.0,18.0,0.0,0.0,-1.15
PROP-2DA76B035B90,6.5,6.75,4.0,19.5,0.0,0.25,0.5
PROP-FDD20686AE2C,4.0,4.25,3.5,18.0,0.0,0.0,-0.4
PROP-C4D79FF53ADE,6.5,6.75,4.0,19.5,0.0,0.25,0.5
PROP-CC1E9F83C67E,4.0,4.25,3.5,18.0,0.0,0.0,-0.4
PROP-E69713FBAD2F,4.0,4.25,3.0,18.0,0.0,0.0,-1.15
PROP-D2F3093BA685,4.4,4.65,3.0,18.0,0.0,-0.75,-1.6
PROP-C9F3ADA6F57A,4.0,4.25,3.0,18.0,0.0,0.0,-1.15
PROP-0FC2BD3A26C1,6.5,6.75,4.0,19.5,0.0,0.25,0.5
PROP-B655C40C41EA,5.9,6.15,4.5,18.0,0.0,1.0,1.9
PROP-D143BBEFCE7A,6.25,6.5,4.0,19.5,0.0,0.25,0.0
PROP-E4517556838A,6.5,6.75,4.0,19.25,0.0,0.0,0.5
PROP-8AC176066E61,5.15,5.4,4.0,18.25,0.0,0.0,-1.35
PROP-191E901CD888,4.0,4.25,3.0,18.0,0.0,0.0,-1.15
PROP-25B4531D161F,6.0,6.25,4.0,19.5,0.0,0.0,-0.25
PROP-1FE3CF76897B,5.9,6.15,4.5,18.0,0.0,1.0,1.9
PROP-B54658C50A6A,6.0,6.25,4.0,19.5,0.0,0.0,-0.25
PROP-16DC19D7A347,4.9,5.15,4.5,18.0,0.0,0.9,0.9
PROP-A7EF66D365FD,5.15,5.4,4.0,18.5,-0.25,-0.6,-1.35
PROP-E2959B5F72AB,4.4,4.65,3.0,18.0,0.0,-0.75,-1.6
PROP-E2EA87207DBA,5.15,5.4,4.0,18.5,-0.25,-0.6,-1.35
PROP-B63242C6161D,4.0,4.25,4.0,18.0,0.0,0.0,0.0
PROP-821C50F2587D,4.0,4.25,4.0,18.0,0.0,0.0,0.0
PROP-4C1C85CA2F02,4.0,4.25,4.0,18.0,0.0,0.0,0.0
PROP-2B96BD23E148,5.15,5.4,4.0,18.25,0.0,0.0,-1.35
PROP-3CB001639E84,6.0,6.25,4.0,19.25,-0.25,-0.5,0.0
PROP-CE5801F8BD00,4.0,4.25,4.0,18.0,0.0,0.0,0.0
PROP-E77C161084C2,4.0,4.25,4.0,18.0,0.0,0.0,0.0
PROP-ED676B4CD727,6.0,6.25,4.0,19.25,-0.25,-0.5,0.0
PROP-1FEE6F5F1E3E,4.0,4.25,3.0,18.0,0.0,-0.4,-1.75
PROP-01C4FDF37767,4.9,5.15,4.5,18.0,0.0,0.9,0.9
PROP-F0AE73742839,4.0,4.25,3.0,18.0,0.0,0.0,-1.15
PROP-19C5FCADB8CA,4.0,4.25,4.0,18.0,0.0,0.0,0.0
PROP-3A858C150400,4.0,4.25,4.0,18.0,0.0,0.0,0.0
PROP-336F45DA6985,6.5,6.75,4.0,19.5,0.0,0.25,0.5
PROP-D5E2BAFC5A8B,5.75,6.0,4.0,19.0,0.0,-0.25,-0.5
PROP-055AB3F1D2B9,5.15,5.4,4.0,18.25,0.0,0.0,-1.35
PROP-A9F84DEE3C47,4.0,4.25,4.0,18.0,0.0,0.0,0.0
PROP-83CF317F40C1,5.75,6.0,4.0,19.0,0.0,-0.25,-0.5
PROP-D1DCB1518C62,4.9,5.15,4.5,18.0,0.0,0.9,0.9
PROP-241BDD1F7115,6.25,6.5,4.0,19.5,0.0,0.25,0.0
PROP-C064B826940D,6.25,6.5,4.0,19.5,0.0,0.25,0.0
PROP-7EAD1E640C70,4.4,4.65,3.0,18.0,0.0,-0.75,-1.6
PROP-35CEFFA365E5,6.0,6.25,4.0,19.5,0.0,0.0,-0.25
PROP-D6F32A68E305,5.15,5.4,4.0,18.5,-0.25,-0.6,-1.35
PROP-23E7440BC87A,6.0,6.25,4.0,19.5,0.0,0.0,-0.25
PROP-11BE42196D8E,4.9,5.15,4.5,18.0,0.0,0.9,0.9
PROP-F4ADFDAA866B,5.75,6.0,4.0,19.0,0.0,-0.25,-0.5
PROP-A33622E96107,5.9,6.15,4.5,18.0,0.0,1.0,1.9
PROP-ADA5D1A78EF8,5.15,5.4,4.0,18.5,-0.25,-0.6,-1.35
PROP-DABDEFD084D9,4.0,4.25,3.0,18.0,0.0,0.0,-1.15
PROP-C28083C050E7,4.0,4.25,3.0,18.0,0.0,0.0,-1.15
PROP-B445A5B2AD1D,6.0,6.25,4.0,19.25,-0.25,-0.5,0.0
PROP-0A077102E1E3,4.0,4.25,3.0,18.0,0.0,-0.4,-1.75
PROP-74BA6184360A,4.0,4.25,3.5,18.0,0.0,0.0,-0.4
PROP-D47E33C9F6D9,4.0,4.25,4.0,18.0,0.0,0.0,0.0
PROP-D59F1927DCA5,6.0,6.25,4.0,19.5,0.0,0.0,-0.25
PROP-0C0B16F53725,4.0,4.25,3.0,18.0,0.0,0.0,-1.15
PROP-1E989C16AEEF,6.25,6.5,4.0,19.5,0.0,0.25,0.0
PROP-C6B98A71C32C,4.0,4.25,3.5,18.0,0.0,0.0,-0.4
PROP-4F97EA0DF2CE,4.0,4.25,3.5,18.0,0.0,0.0,-0.4
PROP-CC1555A8BD02,6.0,6.25,4.0,19.25,-0.25,-0.5,0.0
PROP-05B8A8B787CF,6.5,6.75,4.0,19.5,0.0,0.25,0.5
PROP-D7200DFF39BD,5.15,5.4,4.0,18.25,0.0,0.0,-1.35
PROP-C797A8F9CD64,4.0,4.25,4.0,18.0,0.0,0.0,0.0
PROP-C835BC4F5770,4.0,4.25,3.5,18.0,0.0,0.0,-0.4
PROP-1C0E13E29769,6.0,6.25,4.0,19.25,-0.25,-0.5,0.0
PROP-1D7AE35FCFE3,4.0,4.25,4.0,18.0,0.0,0.0,0.0
PROP-88D26DFB3F74,4.0,4.25,4.0,18.0,0.0,0.0,0.0
PROP-0D3BD9308E88,4.0,4.25,3.5,18.0,0.0,0.0,-0.4
PROP-5379E9BB2BA6,4.0,4.25,4.0,18.0,0.0,0.0,0.0
PROP-EC24409EBC2F,5.15,5.4,4.0,18.25,0.0,0.0,-1.35
PROP-7041E8A30C20,5.75,6.0,4.0,19.0,0.0,-0.25,-0.5
PROP-5FB75BA68ABB,6.5,6.75,4.0,19.25,0.0,0.0,0.5
PROP-F9E5BC2B5E4D,5.9,6.15,4.5,18.0,0.0,1.0,1.9
PROP-7808C844D6D2,6.0,6.25,4.0,19.25,-0.25,-0.5,0.0
PROP-A86F5A57F345,4.0,4.25,4.0,18.0,0.0,0.0,0.0
PROP-C57EA4BEF750,4.4,4.65,3.0,18.0,0.0,-0.75,-1.6
PROP-FD87D8F4AF56,6.5,6.75,4.0,19.5,0.0,0.25,0.5
PROP-2EFB857381BD,6.5,6.75,4.0,19.25,0.0,0.0,0.5
PROP-81285EF4CE23,4.0,4.25,3.0,18.0,0.0,0.0,-1.15
PROP-260B35950A7F,6.0,6.25,4.0,19.5,0.0,0.0,-0.25
PROP-84ACE71447DB,6.5,6.75,4.0,19.5,0.0,0.25,0.5
PROP-AD3F80D4D15C,4.0,4.25,3.0,18.0,0.0,0.0,-1.15
PROP-286C4F25648C,4.0,4.25,4.0,18.0,0.0,0.0,0.0
PROP-848B74BDCF77,4.4,4.65,3.0,18.0,0.0,-0.75,-1.6
PROP-58744DFFE08C,4.0,4.25,4.0,18.0,0.0,0.0,0.0
PROP-D8B46C7581E8,4.0,4.25,3.0,18.0,0.0,-0.4,-1.75
PROP-AC1F6DDFE990,4.0,4.25,3.0,18.0,0.0,-0.4,-1.75
PROP-D39CFC472BA4,6.0,6.25,4.0,19.25,-0.25,-0.5,0.0
PROP-C6B3FD9F35D1,5.9,6.15,4.5,18.0,0.0,1.0,1.9
PROP-5977CC4F39F8,6.5,6.75,4.0,19.5,0.0,0.25,0.5
PROP-B3DE0F9B2486,4.0,4.25,4.0,18.0,0.0,0.0,0.0
PROP-55364EA960DC,6.5,6.75,4.0,19.5,0.0,0.25,0.5
PROP-F6450C959B31,4.0,4.25,4.0,18.0,0.0,0.0,0.0
PROP-F675B01C5A44,4.0,4.25,4.0,18.0,0.0,0.0,0.0
PROP-C4FF9812BB5F,4.0,4.25,4.0,18.0,0.0,0.0,0.0
PROP-3B9FFE595046,5.15,5.4,4.0,18.25,0.0,0.0,-1.35
PROP-CA30440DF9D9,4.9,5.15,4.5,18.0,0.0,0.9,0.9
PROP-3EDBCDCAB5F0,5.15,5.4,4.0,18.5,-0.25,-0.6,-1.35
PROP-AD43850E6B92,6.5,6.75,4.0,19.25,0.0,0.0,0.5
PROP-77E56AA473FA,6.5,6.75,4.0,19.5,0.0,0.25,0.5
PROP-EAD84044A1DC,4.0,4.25,3.0,18.0,0.0,-0.4,-1.75
PROP-26F6DD5961D1,6.0,6.25,4.0,19.25,-0.25,-0.5,0.0
PROP-6F6725DDED88,5.15,5.4,4.0,18.25,0.0,0.0,-1.35
PROP-3B1AD8BB4659,6.0,6.25,4.0,19.25,-0.25,-0.5,0.0
PROP-672300D1C8C4,4.0,4.25,3.0,18.0,0.0,0.0,-1.15
PROP-F7E8E1ADAF49,4.0,4.25,3.0,18.0,0.0,0.0,-1.15
PROP-C19E29F98C4D,4.4,4.65,3.0,18.0,0.0,-0.75,-1.6
PROP-3BC506F23D23,4.0,4.25,3.5,18.0,0.0,0.0,-0.4
PROP-89BCCEC696EC,5.75,6.0,4.0,19.0,0.0,-0.25,-0.5
PROP-394CF4E82945,4.0,4.25,3.5,18.0,0.0,0.0,-0.4
PROP-96F775C3C338,4.9,5.15,4.5,18.0,0.0,0.9,0.9
PROP-ED6BCD88AEF8,4.0,4.25,4.0,18.0,0.0,0.0,0.0
PROP-8B8DCED163C6,4.4,4.65,3.0,18.0,0.0,-0.75,-1.6
PROP-D2D977DB9C89,6.5,6.75,4.0,19.5,0.0,0.25,0.5
PROP-673702674C52,6.5,6.75,4.0,19.25,0.0,0.0,0.5
PROP-3CA11082E5AF,6.5,6.75,4.0,19.5,0.0,0.25,0.5
PROP-F8A0437C56F9,4.0,4.25,3.0,18.0,0.0,0.0,-1.15
PROP-AF61F6BFC27A,4.0,4.25,4.0,18.0,0.0,0.0,0.0
PROP-86CAB8901327,6.5,6.75,4.0,19.25,0.0,0.0,0.5
PROP-8EFC80F6B76F,4.0,4.25,3.0,18.0,0.0,-0.4,-1.75
PROP-3723B5FD3A36,4.0,4.25,3.0,18.0,0.0,-0.4,-1.75
PROP-B5DEC2D21F1E,4.0,4.25,4.0,18.0,0.0,0.0,0.0
PROP-8F9CB749B309,6.0,6.25,4.0,19.5,0.0,0.0,-0.25
PROP-38AA6DEA703F,4.0,4.25,3.0,18.0,0.0,0.0,-1.15
PROP-79B73DB43C95,5.15,5.4,4.0,18.25,0.0,0.0,-1.35
PROP-CDBFC212F53F,5.9,6.15,4.5,18.0,0.0,1.0,1.9
PROP-E69D9E6C54B2,6.25,6.5,4.0,19.5,0.0,0.25,0.0
PROP-99F64FE80A22,4.0,4.25,4.0,18.0,0.0,0.0,0.0
PROP-A7450D55AD4D,4.0,4.25,4.0,18.0,0.0,0.0,0.0
PROP-6FAA2C38D44C,4.0,4.25,4.0,18.0,0.0,0.0,0.0
PROP-4F24245780C1,4.0,4.25,3.0,18.0,0.0,-0.4,-1.75
PROP-6D3C4547262F,5.15,5.4,4.0,18.25,0.0,0.0,-1.35
PROP-204BD559D9FA,6.25,6.5,4.0,19.5,0.0,0.25,0.0
PROP-62975BD8B3BB,4.9,5.15,4.5,18.0,0.0,0.9,0.9
PROP-118237D9D08E,4.0,4.25,4.0,18.0,0.0,0.0,0.0
PROP-662AE6BBCBAD,6.0,6.25,4.0,19.5,0.0,0.0,-0.25
PROP-CCD3A2072833,6.5,6.75,4.0,19.25,0.0,0.0,0.5
PROP-528E0669ECA5,5.75,6.0,4.0,19.0,0.0,-0.25,-0.5
PROP-A6AAE9936BDE,4.0,4.25,3.0,18.0,0.0,-0.4,-1.75
PROP-E2E2A84414C5,4.0,4.25,3.0,18.0,0.0,-0.4,-1.75
PROP-A94964D2600C,4.0,4.25,3.5,18.0,0.0,0.0,-0.4
PROP-9280EEEF3674,5.75,6.0,4.0,19.0,0.0,-0.25,-0.5
PROP-4EBDE3A43ADC,6.5,6.75,4.0,19.25,0.0,0.0,0.5
PROP-DC5DC66EA873,5.15,5.4,4.0,18.25,0.0,0.0,-1.35
PROP-1AA18A0113C7,6.0,6.25,4.0,19.25,-0.25,-0.5,0.0
PROP-9D111CED81B6,5.9,6.15,4.5,18.0,0.0,1.0,1.9
PROP-6EA98CDC8BB0,6.5,6.75,4.0,19.5,0.0,0.25,0.5
PROP-F5DD3710D3B9,4.0,4.25,3.0,18.0,0.0,-0.4,-1.75
PROP-A539047CCF2E,5.15,5.4,4.0,18.5,-0.25,-0.6,-1.35
PROP-DFA70EE881B8,4.0,4.25,3.0,18.0,0.0,-0.4,-1.75
PROP-AA5750FB25F2,4.0,4.25,4.0,18.0,0.0,0.0,0.0
PROP-CC09145B9DA9,6.5,6.75,4.0,19.5,0.0,0.25,0.5
PROP-19EB258DA46C,5.75,6.0,4.0,19.0,0.0,-0.25,-0.5
PROP-E6C9C4A2A747,4.0,4.25,4.0,18.0,0.0,0.0,0.0
PROP-68A332AAD4B7,4.4,4.65,3.0,18.0,0.0,-0.75,-1.6
PROP-2E43A06FB34A,6.0,6.25,4.0,19.25,-0.25,-0.5,0.0
PROP-806AEBE270F4,4.0,4.25,4.0,18.0,0.0,0.0,0.0
PROP-47CC9E8741BF,4.0,4.25,4.0,18.0,0.0,0.0,0.0
PROP-2659578A4F58,6.5,6.75,4.0,19.5,0.0,0.25,0.5
PROP-7D2CD8B7524C,4.0,4.25,4.0,18.0,0.0,0.0,0.0
PROP-DA7830B93FAA,4.4,4.65,3.0,18.0,0.0,-0.75,-1.6
PROP-CB90929DA96F,4.0,4.25,3.0,18.0,0.0,-0.4,-1.75
PROP-D2378150A63A,4.0,4.25,4.0,18.0,0.0,0.0,0.0
PROP-19276CBFEB14,6.5,6.75,4.0,19.5,0.0,0.25,0.5
PROP-15F170175AC0,4.0,4.25,4.0,18.0,0.0,0.0,0.0
PROP-4030232238EB,4.4,4.65,3.0,18.0,0.0,-0.75,-1.6
PROP-3DF6DF775924,4.0,4.25,4.0,18.0,0.0,0.0,0.0
PROP-1FCFCCAB8EEB,4.0,4.25,4.0,18.0,0.0,0.0,0.0
PROP-B25BB63231E4,4.0,4.25,3.0,18.0,0.0,0.0,-1.15
PROP-C940D14FCE4A,5.15,5.4,4.0,18.5,-0.25,-0.6,-1.35
PROP-77BD326CC1CD,5.15,5.4,4.0,18.25,0.0,0.0,-1.35
PROP-ECA99D42AF70,6.25,6.5,4.0,19.5,0.0,0.25,0.0
PROP-AFBDBA075D4E,6.5,6.75,4.0,19.5,0.0,0.25,0.5
PROP-752B1032436A,4.9,5.15,4.5,18.0,0.0,0.9,0.9
PROP-12A37F0B2433,4.0,4.25,4.0,18.0,0.0,0.0,0.0
PROP-0BBA441CEA2F,4.9,5.15,4.5,18.0,0.0,0.9,0.9
PROP-4A5C5EA234BF,6.5,6.75,4.0,19.5,0.0,0.25,0.5
PROP-9A23941AA12A,4.0,4.25,4.0,18.0,0.0,0.0,0.0
PROP-6340C9D37EDA,4.0,4.25,3.0,18.0,0.0,-0.4,-1.75
PROP-24A224FB22DD,6.5,6.75,4.0,19.5,0.0,0.25,0.5
PROP-279BEB9B7BDA,6.0,6.25,4.0,19.5,0.0,0.0,-0.25
PROP-2A944853E005,6.0,6.25,4.0,19.25,-0.25,-0.5,0.0
PROP-543ABBAC7EB5,4.0,4.25,3.0,18.0,0.0,0.0,-1.15
PROP-285CC6F6BE1F,5.15,5.4,4.0,18.25,0.0,0.0,-1.35
PROP-B80E6BA86268,6.25,6.5,4.0,19.5,0.0,0.25,0.0
PROP-E311667B9996,4.4,4.65,3.0,18.0,0.0,-0.75,-1.6
PROP-3B0AFAB554DB,4.0,4.25,3.0,18.0,0.0,0.0,-1.15
PROP-281C12C5762B,4.0,4.25,3.0,18.0,0.0,-0.4,-1.75
PROP-4B2549EF722A,4.0,4.25,4.0,18.0,0.0,0.0,0.0
PROP-88BAD221A8AD,6.5,6.75,4.0,19.25,0.0,0.0,0.5
PROP-E5D83316290F,4.4,4.65,3.0,18.0,0.0,-0.75,-1.6
PROP-83038FBB8DC2,6.5,6.75,4.0,19.25,0.0,0.0,0.5
PROP-87D8F9617640,4.9,5.15,4.5,18.0,0.0,0.9,0.9
PROP-9503C722713F,5.15,5.4,4.0,18.25,0.0,0.0,-1.35
PROP-356FB6BAFCBE,4.0,4.25,3.0,18.0,0.0,0.0,-1.15
PROP-0742443934EF,4.0,4.25,4.0,18.0,0.0,0.0,0.0
PROP-EE8D3F827552,4.0,4.25,3.0,18.0,0.0,0.0,-1.15
PROP-4690CB8808CD,4.9,5.15,4.5,18.0,0.0,0.9,0.9
PROP-BE6312E6BD66,4.0,4.25,4.0,18.0,0.0,0.0,0.0
PROP-1339F354B1AF,5.15,5.4,4.0,18.25,0.0,0.0,-1.35
PROP-E0641EEE5B45,6.0,6.25,4.0,19.25,-0.25,-0.5,0.0
PROP-7C7AF926F6C1,4.0,4.25,4.0,18.0,0.0,0.0,0.0
PROP-A9BCC5E4BF94,5.75,6.0,4.0,19.0,0.0,-0.25,-0.5
PROP-A04B71776678,6.25,6.5,4.0,19.5,0.0,0.25,0.0
PROP-C482F0C0138C,6.25,6.5,4.0,19.5,0.0,0.25,0.0
PROP-73B0EE584383,4.9,5.15,4.5,18.0,0.0,0.9,0.9
PROP-6BC55AE9E00B,4.0,4.25,3.0,18.0,0.0,-0.4,-1.75
PROP-E2E010224116,6.5,6.75,4.0,19.5,0.0,0.25,0.5
PROP-162928B59E85,6.25,6.5,4.0,19.5,0.0,0.25,0.0
PROP-149E61D879A1,6.25,6.5,4.0,19.5,0.0,0.25,0.0
PROP-1BCEAED95EF1,4.0,4.25,3.0,18.0,0.0,-0.4,-1.75
PROP-83B0D688FCB6,5.15,5.4,4.0,18.5,-0.25,-0.6,-1.35
PROP-3D89713DED69,6.5,6.75,4.0,19.5,0.0,0.25,0.5
PROP-7FC5588EC66C,4.0,4.25,4.0,18.0,0.0,0.0,0.0
PROP-6260D90FA220,4.0,4.25,3.0,18.0,0.0,-0.4,-1.75
PROP-CAC8EE55D7D0,4.9,5.15,4.5,18.0,0.0,0.9,0.9
PROP-8EE9ED02626D,6.25,6.5,4.0,19.5,0.0,0.25,0.0
PROP-BAE9AFA9D428,6.0,6.25,4.0,19.25,-0.25,-0.5,0.0
PROP-91854D9CDCFF,4.0,4.25,3.0,18.0,0.0,0.0,-1.15
PROP-61DD281C3C02,5.15,5.4,4.0,18.5,-0.25,-0.6,-1.35
PROP-12FDBB03E59C,4.0,4.25,4.0,18.0,0.0,0.0,0.0
PROP-C0771089CB98,4.0,4.25,3.0,18.0,0.0,-0.4,-1.75
PROP-0A930D4B354D,5.15,5.4,4.0,18.5,-0.25,-0.6,-1.35
PROP-FB79FF41B652,5.9,6.15,4.5,18.0,0.0,1.0,1.9
PROP-8F532A2CFE26,5.15,5.4,4.0,18.5,-0.25,-0.6,-1.35
PROP-AC20B4133F0E,6.5,6.75,4.0,19.25,0.0,0.0,0.5
PROP-44ADCE3DC10E,5.15,5.4,4.0,18.5,-0.25,-0.6,-1.35
PROP-72952F57BFFE,4.0,4.25,4.0,18.0,0.0,0.0,0.0
PROP-E4E7E7BF351C,5.15,5.4,4.0,18.25,0.0,0.0,-1.35
PROP-607972EC812B,4.0,4.25,3.0,18.0,0.0,0.0,-1.15
PROP-0C63733F9348,4.9,5.15,4.5,18.0,0.0,0.9,0.9
PROP-7F727D08589D,4.4,4.65,3.0,18.0,0.0,-0.75,-1.6
PROP-1D9181D21035,6.0,6.25,4.0,19.5,0.0,0.0,-0.25
PROP-97E53FC091B7,4.0,4.25,3.0,18.0,0.0,0.0,-1.15
PROP-72FE921D8962,5.9,6.15,4.5,18.0,0.0,1.0,1.9
PROP-67DB6EB57F35,4.0,4.25,4.0,18.0,0.0,0.0,0.0
PROP-1099A5AF42E4,6.5,6.75,4.0,19.25,0.0,0.0,0.5
PROP-9F55938BC3D1,4.0,4.25,4.0,18.0,0.0,0.0,0.0
PROP-AEE9C67326B9,6.5,6.75,4.0,19.5,0.0,0.25,0.5
PROP-A3ECEAB89847,4.4,4.65,3.0,18.0,0.0,-0.75,-1.6
PROP-2BE8DF9818B4,4.0,4.25,4.0,18.0,0.0,0.0,0.0
PROP-D79EBCD647BE,5.15,5.4,4.0,18.25,0.0,0.0,-1.35
PROP-9E31BDD3BE78,5.15,5.4,4.0,18.25,0.0,0.0,-1.35
PROP-01258CD888CC,4.9,5.15,4.5,18.0,0.0,0.9,0.9
PROP-D08BE2FD17EC,5.15,5.4,4.0,18.5,-0.25,-0.6,-1.35
PROP-BBEA5368ECC7,4.0,4.25,4.0,18.0,0.0,0.0,0.0
PROP-553C1F9E4CF9,4.0,4.25,3.0,18.0,0.0,0.0,-1.15
PROP-1B81B21BC57D,4.0,4.25,4.0,18.0,0.0,0.0,0.0
PROP-E01973B6F415,5.15,5.4,4.0,18.5,-0.25,-0.6,-1.35
PROP-8A4633ADC1B2,4.0,4.25,3.5,18.0,0.0,0.0,-0.4
PROP-542BA591D839,4.0,4.25,3.0,18.0,0.0,-0.4,-1.75
PROP-5C078D87A83E,5.75,6.0,4.0,19.0,0.0,-0.25,-0.5
PROP-2A769A307CE7,4.0,4.25,4.0,18.0,0.0,0.0,0.0
PROP-CBCE74771232,4.0,4.25,4.0,18.0,0.0,0.0,0.0
PROP-FA1B297E82AD,6.5,6.75,4.0,19.25,0.0,0.0,0.5
PROP-CE7756D4EFF3,6.0,6.25,4.0,19.25,-0.25,-0.5,0.0
PROP-77D9BC9AE78E,6.0,6.25,4.0,19.25,-0.25,-0.5,0.0
PROP-D0CEE156D92B,4.0,4.25,4.0,18.0,0.0,0.0,0.0
PROP-245995EFBD96,4.9,5.15,4.5,18.0,0.0,0.9,0.9
PROP-ED6F9CE98BC5,6.0,6.25,4.0,19.5,0.0,0.0,-0.25
PROP-3D97A0EC7E78,5.15,5.4,4.0,18.5,-0.25,-0.6,-1.35
PROP-FD79C9BA40DA,6.25,6.5,4.0,19.5,0.0,0.25,0.0
PROP-D13F0A36E8E7,5.15,5.4,4.0,18.5,-0.25,-0.6,-1.35
PROP-C5EC0EB424D6,5.15,5.4,4.0,18.5,-0.25,-0.6,-1.35
PROP-A96EBD09271C,4.0,4.25,4.0,18.0,0.0,0.0,0.0
PROP-27FA5E04CEF3,4.0,4.25,4.0,18.0,0.0,0.0,0.0
PROP-6811ADFE30BE,5.75,6.0,4.0,19.0,0.0,-0.25,-0.5
PROP-5127D43643C2,6.0,6.25,4.0,19.25,-0.25,-0.5,0.0
PROP-013061E0BB36,4.4,4.65,3.0,18.0,0.0,-0.75,-1.6
PROP-3A16D4BDE975,4.4,4.65,3.0,18.0,0.0,-0.75,-1.6
PROP-25D16C828562,5.9,6.15,4.5,18.0,0.0,1.0,1.9
PROP-90BE8D7810AB,4.0,4.25,3.0,18.0,0.0,0.0,-1.15
PROP-3EBE0C919F8C,5.75,6.0,4.0,19.0,0.0,-0.25,-0.5
PROP-7F02FB844401,4.9,5.15,4.5,18.0,0.0,0.9,0.9
PROP-C9B59F3CC024,6.5,6.75,4.0,19.25,0.0,0.0,0.5
PROP-CE9DBBB2B8B3,6.0,6.25,4.0,19.5,0.0,0.0,-0.25
PROP-471D81F48705,6.25,6.5,4.0,19.5,0.0,0.25,0.0
PROP-6ECDB07B3D50,5.15,5.4,4.0,18.5,-0.25,-0.6,-1.35
PROP-CA5A987CC7B7,4.0,4.25,3.0,18.0,0.0,0.0,-1.15
PROP-1407A5E7E5E9,4.0,4.25,3.0,18.0,0.0,-0.4,-1.75
PROP-9FBA8CE18656,4.0,4.25,3.0,18.0,0.0,0.0,-1.15
PROP-1209BC2B4606,4.0,4.25,4.0,18.0,0.0,0.0,0.0
PROP-B7C5B203B054,4.4,4.65,3.0,18.0,0.0,-0.75,-1.6
PROP-1F0A04DC6A38,4.0,4.25,3.0,18.0,0.0,-0.4,-1.75
PROP-15F1206DC466,4.4,4.65,3.0,18.0,0.0,-0.75,-1.6
PROP-BA2A9EAE78C5,4.0,4.25,3.5,18.0,0.0,0.0,-0.4
PROP-366F9DBC2FF7,4.0,4.25,4.0,18.0,0.0,0.0,0.0
PROP-D893827C1300,4.4,4.65,3.0,18.0,0.0,-0.75,-1.6
PROP-EB13C294EEA3,4.0,4.25,4.0,18.0,0.0,0.0,0.0
PROP-FF620FFE1D6E,6.0,6.25,4.0,19.5,0.0,0.0,-0.25
PROP-1F1E8DEFC8CF,4.4,4.65,3.0,18.0,0.0,-0.75,-1.6
PROP-BA6EE9AAAE81,6.0,6.25,4.0,19.5,0.0,0.0,-0.25
PROP-941ED0D49123,6.0,6.25,4.0,19.5,0.0,0.0,-0.25
PROP-CED7920EB1D2,5.15,5.4,4.0,18.5,-0.25,-0.6,-1.35
PROP-0FE92B2AECAA,6.5,6.75,4.0,19.25,0.0,0.0,0.5
PROP-43353548EC49,4.0,4.25,4.0,18.0,0.0,0.0,0.0
PROP-1F4B6989268C,6.5,6.75,4.0,19.5,0.0,0.25,0.5
PROP-79A744443B16,5.15,5.4,4.0,18.5,-0.25,-0.6,-1.35
PROP-04FCD9EE4097,4.4,4.65,3.0,18.0,0.0,-0.75,-1.6
PROP-FC8B46190307,5.15,5.4,4.0,18.5,-0.25,-0.6,-1.35
PROP-CB65A0129994,6.25,6.5,4.0,19.5,0.0,0.25,0.0
PROP-D1CFACF30BD4,4.4,4.65,3.0,18.0,0.0,-0.75,-1.6
PROP-6490DE9E6464,4.4,4.65,3.0,18.0,0.0,-0.75,-1.6
PROP-9A6EA230CA14,4.0,4.25,4.0,18.0,0.0,0.0,0.0
PROP-7BFA51A422B0,6.25,6.5,4.0,19.5,0.0,0.25,0.0
PROP-0F432E842175,4.0,4.25,4.0,18.0,0.0,0.0,0.0
PROP-D4977CFD05A1,4.0,4.25,4.0,18.0,0.0,0.0,0.0
PROP-DAF2BCF7EB14,4.0,4.25,3.5,18.0,0.0,0.0,-0.4
PROP-0BC7279CC057,4.9,5.15,4.5,18.0,0.0,0.9,0.9
PROP-DDE1118BA43F,5.15,5.4,4.0,18.5,-0.25,-0.6,-1.35
PROP-E55772E42796,5.15,5.4,4.0,18.25,0.0,0.0,-1.35
PROP-21626AB95D4C,4.0,4.25,3.0,18.0,0.0,0.0,-1.15
PROP-74067F20DFEA,6.5,6.75,4.0,19.25,0.0,0.0,0.5
PROP-6C290DF720FF,4.0,4.25,4.0,18.0,0.0,0.0,0.0
PROP-4617F9ADE719,4.0,4.25,4.0,18.0,0.0,0.0,0.0
PROP-E1054D39380F,4.0,4.25,3.5,18.0,0.0,0.0,-0.4
PROP-D42257042F9B,5.15,5.4,4.0,18.25,0.0,0.0,-1.35
PROP-6D917817D804,6.0,6.25,4.0,19.5,0.0,0.0,-0.25
PROP-6BD0FCF95D48,5.15,5.4,4.0,18.25,0.0,0.0,-1.35
PROP-C7E7CCC0BCC8,4.9,5.15,4.5,18.0,0.0,0.9,0.9
PROP-CA03EEF166DC,4.0,4.25,3.5,18.0,0.0,0.0,-0.4
PROP-1128B1CDE4CD,4.0,4.25,3.0,18.0,0.0,0.0,-1.15
PROP-25D33CB39962,6.5,6.75,4.0,19.5,0.0,0.25,0.5
PROP-FBE4CD09B6D9,4.0,4.25,4.0,18.0,0.0,0.0,0.0
PROP-3E031471AF46,6.0,6.25,4.0,19.5,0.0,0.0,-0.25
PROP-946358F6A04B,4.9,5.15,4.5,18.0,0.0,0.9,0.9
PROP-24E57BC43404,5.75,6.0,4.0,19.0,0.0,-0.25,-0.5
PROP-10FF97BD96EC,4.0,4.25,3.0,18.0,0.0,-0.4,-1.75
PROP-3DD8EAD62FF1,6.25,6.5,4.0,19.5,0.0,0.25,0.0
PROP-0ADF59DF270A,4.0,4.25,3.5,18.0,0.0,0.0,-0.4
PROP-B9E7851424C5,4.0,4.25,4.0,18.0,0.0,0.0,0.0
PROP-25A18B6CCB35,5.15,5.4,4.0,18.25,0.0,0.0,-1.35
PROP-34C578F26CD3,4.0,4.25,3.5,18.0,0.0,0.0,-0.4
PROP-358C615749A0,5.15,5.4,4.0,18.25,0.0,0.0,-1.35
PROP-63505DE2FE11,4.0,4.25,4.0,18.0,0.0,0.0,0.0
PROP-5BCBEC3D6FE3,6.0,6.25,4.0,19.5,0.0,0.0,-0.25
PROP-52E8921D87C9,4.9,5.15,4.5,18.0,0.0,0.9,0.9
PROP-FA67C68A2211,4.9,5.15,4.5,18.0,0.0,0.9,0.9
PROP-96B4BA7FF48C,5.75,6.0,4.0,19.0,0.0,-0.25,-0.5
PROP-1E41F69F882D,4.0,4.25,3.5,18.0,0.0,0.0,-0.4
PROP-1FF64B81A29C,4.0,4.25,4.0,18.0,0.0,0.0,0.0
PROP-B8A27873157B,6.0,6.25,4.0,19.5,0.0,0.0,-0.25
PROP-60DDF5E52837,4.0,4.25,4.0,18.0,0.0,0.0,0.0
PROP-0478D30E29DB,6.5,6.75,4.0,19.25,0.0,0.0,0.5
PROP-77A7CDAF1775,4.0,4.25,3.0,18.0,0.0,0.0,-1.15
PROP-2EE59078B7AB,5.15,5.4,4.0,18.5,-0.25,-0.6,-1.35
PROP-EDD43EEEE096,5.15,5.4,4.0,18.5,-0.25,-0.6,-1.35
PROP-CA875D670019,4.0,4.25,3.0,18.0,0.0,-0.4,-1.75
PROP-963BD9F8B9DA,6.5,6.75,4.0,19.5,0.0,0.25,0.5
PROP-3745200C549A,5.9,6.15,4.5,18.0,0.0,1.0,1.9
PROP-8EB70C8D93B1,4.4,4.65,3.0,18.0,0.0,-0.75,-1.6
PROP-FAA8FAA8D75E,4.0,4.25,3.5,18.0,0.0,0.0,-0.4
PROP-0C2D8348F5F4,4.0,4.25,3.0,18.0,0.0,0.0,-1.15
PROP-AB277A2F6760,4.0,4.25,3.0,18.0,0.0,-0.4,-1.75
PROP-A8C8F1A3E704,4.9,5.15,4.5,18.0,0.0,0.9,0.9
PROP-697F52CC0CD8,4.0,4.25,3.0,18.0,0.0,0.0,-1.15
PROP-5AF47DFD9607,6.25,6.5,4.0,19.5,0.0,0.25,0.0
PROP-0CACA712A6C0,6.5,6.75,4.0,19.25,0.0,0.0,0.5
PROP-BC66A060CCEC,5.9,6.15,4.5,18.0,0.0,1.0,1.9
PROP-D96FBBE7B59D,4.0,4.25,4.0,18.0,0.0,0.0,0.0
PROP-D27635A55529,5.9,6.15,4.5,18.0,0.0,1.0,1.9
PROP-2F533F915410,4.0,4.25,4.0,18.0,0.0,0.0,0.0
PROP-D3FD8952F946,6.0,6.25,4.0,19.5,0.0,0.0,-0.25
PROP-AA91C92545C6,4.0,4.25,4.0,18.0,0.0,0.0,0.0
PROP-64AC21BD8528,5.75,6.0,4.0,19.0,0.0,-0.25,-0.5
PROP-CDAC09CFB29D,5.75,6.0,4.0,19.0,0.0,-0.25,-0.5
PROP-B070430A7166,4.0,4.25,3.0,18.0,0.0,0.0,-1.15
PROP-C3C94C847E99,4.0,4.25,3.0,18.0,0.0,-0.4,-1.75
PROP-DE0577CA5310,5.9,6.15,4.5,18.0,0.0,1.0,1.9
PROP-FE4FE3C0A389,4.0,4.25,3.0,18.0,0.0,-0.4,-1.75
PROP-9D4754C85C1E,4.0,4.25,4.0,18.0,0.0,0.0,0.0
PROP-B6C2100B7DC5,4.0,4.25,3.0,18.0,0.0,0.0,-1.15
PROP-6579F4C61D72,6.0,6.25,4.0,19.25,-0.25,-0.5,0.0
PROP-DC4572E06EA7,4.0,4.25,3.0,18.0,0.0,-0.4,-1.75
PROP-385318EBC959,6.0,6.25,4.0,19.5,0.0,0.0,-0.25
PROP-F38FC6EC3F44,4.0,4.25,3.0,18.0,0.0,0.0,-1.15
PROP-657AF83E5071,4.0,4.25,3.0,18.0,0.0,0.0,-1.15
PROP-FEE395CEC9E8,6.0,6.25,4.0,19.25,-0.25,-0.5,0.0
PROP-B563E6E2F6AC,4.0,4.25,4.0,18.0,0.0,0.0,0.0
PROP-F1FE569E706A,4.4,4.65,3.0,18.0,0.0,-0.75,-1.6
PROP-F5A92DD12B75,4.4,4.65,3.0,18.0,0.0,-0.75,-1.6
PROP-4017B6DAB7F7,4.0,4.25,4.0,18.0,0.0,0.0,0.0
PROP-2DD6995D634E,6.5,6.75,4.0,19.5,0.0,0.25,0.5
PROP-BF048C0F6001,4.0,4.25,3.0,18.0,0.0,0.0,-1.15
PROP-DF05C5D386FD,5.15,5.4,4.0,18.5,-0.25,-0.6,-1.35
PROP-FAE928DC4E30,4.4,4.65,3.0,18.0,0.0,-0.75,-1.6
PROP-8615B34841A2,6.25,6.5,4.0,19.5,0.0,0.25,0.0
PROP-DE7A02A7E88E,6.5,6.75,4.0,19.5,0.0,0.25,0.5
PROP-355F5A9700EF,6.25,6.5,4.0,19.5,0.0,0.25,0.0
PROP-8080247CDD6E,4.0,4.25,3.5,18.0,0.0,0.0,-0.4
PROP-8C6D6C01EDFA,5.15,5.4,4.0,18.5,-0.25,-0.6,-1.35
PROP-603D325B5D47,5.15,5.4,4.0,18.5,-0.25,-0.6,-1.35
PROP-576FA19068DD,4.4,4.65,3.0,18.0,0.0,-0.75,-1.6
PROP-5C31BAC504A7,5.15,5.4,4.0,18.25,0.0,0.0,-1.35
PROP-ECAD9FC6670C,6.0,6.25,4.0,19.25,-0.25,-0.5,0.0
PROP-4616B1634E76,6.5,6.75,4.0,19.5,0.0,0.25,0.5
PROP-D4E571845A26,4.0,4.25,4.0,18.0,0.0,0.0,0.0
PROP-9F2379A49E29,4.0,4.25,4.0,18.0,0.0,0.0,0.0
PROP-12DF62562474,6.5,6.75,4.0,19.25,0.0,0.0,0.5
PROP-4EFBB80BE9AD,4.0,4.25,3.0,18.0,0.0,0.0,-1.15
PROP-0B4557326C2F,6.0,6.25,4.0,19.5,0.0,0.0,-0.25
PROP-5D81F260DB67,5.75,6.0,4.0,19.0,0.0,-0.25,-0.5
PROP-3BDA70E6083A,6.0,6.25,4.0,19.25,-0.25,-0.5,0.0
PROP-FB27563A3F1D,4.0,4.25,3.0,18.0,0.0,0.0,-1.15
PROP-8D73224CA9EC,4.0,4.25,3.0,18.0,0.0,0.0,-1.15
PROP-0E433BF520B9,4.0,4.25,3.0,18.0,0.0,-0.4,-1.75
PROP-978ED732319E,5.15,5.4,4.0,18.5,-0.25,-0.6,-1.35
PROP-7FA23BE20721,4.0,4.25,4.0,18.0,0.0,0.0,0.0
PROP-445180817403,6.0,6.25,4.0,19.25,-0.25,-0.5,0.0
PROP-FA997F655BC0,4.0,4.25,3.0,18.0,0.0,0.0,-1.15
PROP-653ACD2A7B93,4.9,5.15,4.5,18.0,0.0,0.9,0.9
PROP-9241600EE711,4.0,4.25,3.0,18.0,0.0,0.0,-1.15
PROP-2BE5418288AF,6.0,6.25,4.0,19.25,-0.25,-0.5,0.0
PROP-C85DA3A4E545,4.9,5.15,4.5,18.0,0.0,0.9,0.9
PROP-585093BA4F92,5.15,5.4,4.0,18.5,-0.25,-0.6,-1.35
PROP-CD35A675C82A,4.9,5.15,4.5,18.0,0.0,0.9,0.9
PROP-D907C3DC758A,6.0,6.25,4.0,19.5,0.0,0.0,-0.25
PROP-CFF0EA0EB53F,6.0,6.25,4.0,19.5,0.0,0.0,-0.25
PROP-1A7459447223,4.0,4.25,4.0,18.0,0.0,0.0,0.0
PROP-ED994EBD7749,4.0,4.25,3.0,18.0,0.0,0.0,-1.15
PROP-1746E94BFE34,4.0,4.25,3.0,18.0,0.0,0.0,-1.15
PROP-4F2F4998F8D1,4.9,5.15,4.5,18.0,0.0,0.9,0.9
PROP-28C2F600E44A,5.15,5.4,4.0,18.25,0.0,0.0,-1.35
PROP-70388FDB47DB,4.0,4.25,3.0,18.0,0.0,0.0,-1.15
PROP-FB3773D300D5,4.0,4.25,3.0,18.0,0.0,-0.4,-1.75
PROP-4265812D2CC5,4.9,5.15,4.5,18.0,0.0,0.9,0.9
PROP-730F495814D2,4.0,4.25,4.0,18.0,0.0,0.0,0.0
PROP-2EB5D03BFE48,5.75,6.0,4.0,19.0,0.0,-0.25,-0.5
PROP-7F48D057DBB2,5.15,5.4,4.0,18.25,0.0,0.0,-1.35
PROP-266F88574844,4.0,4.25,4.0,18.0,0.0,0.0,0.0
PROP-2DBC56647DC2,5.9,6.15,4.5,18.0,0.0,1.0,1.9
PROP-ADD6FD5212FC,4.4,4.65,3.0,18.0,0.0,-0.75,-1.6
PROP-4B2819CCDC38,5.9,6.15,4.5,18.0,0.0,1.0,1.9
PROP-1E29DDE8FF88,5.15,5.4,4.0,18.25,0.0,0.0,-1.35
PROP-F1B03E003A8A,4.0,4.25,4.0,18.0,0.0,0.0,0.0
PROP-47A453966843,4.0,4.25,4.0,18.0,0.0,0.0,0.0
PROP-D5B9DAA273EE,4.0,4.25,4.0,18.0,0.0,0.0,0.0
PROP-0E718A685505,6.5,6.75,4.0,19.25,0.0,0.0,0.5
PROP-D5DCF66C2DBD,4.0,4.25,3.0,18.0,0.0,0.0,-1.15
PROP-C88DDC79562C,6.0,6.25,4.0,19.25,-0.25,-0.5,0.0
PROP-419D2EFB1A58,4.0,4.25,3.0,18.0,0.0,0.0,-1.15
PROP-059014B5B61D,6.5,6.75,4.0,19.25,0.0,0.0,0.5
PROP-2B34FB8E876E,4.0,4.25,3.5,18.0,0.0,0.0,-0.4
PROP-85D69DD65918,6.25,6.5,4.0,19.5,0.0,0.25,0.0
PROP-4446E4932B58,5.15,5.4,4.0,18.5,-0.25,-0.6,-1.35
PROP-A2B02D48EF3E,4.4,4.65,3.0,18.0,0.0,-0.75,-1.6
PROP-D0890BC8397C,4.0,4.25,4.0,18.0,0.0,0.0,0.0
PROP-4F74446A2623,5.75,6.0,4.0,19.0,0.0,-0.25,-0.5
PROP-A864C74B41FE,6.25,6.5,4.0,19.5,0.0,0.25,0.0
PROP-56C0328671E4,6.25,6.5,4.0,19.5,0.0,0.25,0.0
PROP-D6496F234E61,4.0,4.25,4.0,18.0,0.0,0.0,0.0
PROP-0D1188F2BC55,6.5,6.75,4.0,19.5,0.0,0.25,0.5
PROP-CC97F3D0A12A,6.25,6.5,4.0,19.5,0.0,0.25,0.0
PROP-82909E36EF61,6.0,6.25,4.0,19.5,0.0,0.0,-0.25
PROP-B186551EC717,6.0,6.25,4.0,19.5,0.0,0.0,-0.25
PROP-5588C2AA4277,6.25,6.5,4.0,19.5,0.0,0.25,0.0
PROP-C70CCBEF9655,4.0,4.25,3.0,18.0,0.0,0.0,-1.15
PROP-BCA17130396E,5.15,5.4,4.0,18.25,0.0,0.0,-1.35
PROP-02FEB7AD4A96,6.0,6.25,4.0,19.25,-0.25,-0.5,0.0
PROP-96DA12BDDF27,6.0,6.25,4.0,19.5,0.0,0.0,-0.25
PROP-016AF95DA081,4.0,4.25,4.0,18.0,0.0,0.0,0.0
PROP-153E4569EF6D,6.25,6.5,4.0,19.5,0.0,0.25,0.0
PROP-D0385303D714,4.0,4.25,4.0,18.0,0.0,0.0,0.0
PROP-C2D4853E6618,4.4,4.65,3.0,18.0,0.0,-0.75,-1.6
PROP-0E5379DB2A25,6.0,6.25,4.0,19.25,-0.25,-0.5,0.0
PROP-6BDC067FEE09,4.0,4.25,3.0,18.0,0.0,-0.4,-1.75
PROP-A95DBEC17D22,5.15,5.4,4.0,18.5,-0.25,-0.6,-1.35
PROP-605C9D2BC20E,5.15,5.4,4.0,18.25,0.0,0.0,-1.35
PROP-E45AA5402C95,6.0,6.25,4.0,19.5,0.0,0.0,-0.25
PROP-09FFDA5CB7E5,5.15,5.4,4.0,18.25,0.0,0.0,-1.35
PROP-EF83DF91592F,6.5,6.75,4.0,19.5,0.0,0.25,0.5
PROP-4467E558FDD8,5.15,5.4,4.0,18.5,-0.25,-0.6,-1.35
PROP-0FF0C84AD871,6.0,6.25,4.0,19.25,-0.25,-0.5,0.0
PROP-B9A2B6E5A541,6.5,6.75,4.0,19.25,0.0,0.0,0.5
PROP-6E403C9D78F9,4.4,4.65,3.0,18.0,0.0,-0.75,-1.6
PROP-6099596917EE,4.0,4.25,4.0,18.0,0.0,0.0,0.0
PROP-8CD1E8C62C2C,6.5,6.75,4.0,19.5,0.0,0.25,0.5
PROP-23AF6966A1A5,5.9,6.15,4.5,18.0,0.0,1.0,1.9
PROP-7B206A4DC723,4.0,4.25,4.0,18.0,0.0,0.0,0.0
PROP-59E48F615D4C,5.15,5.4,4.0,18.5,-0.25,-0.6,-1.35
PROP-4E9416B8A878,4.4,4.65,3.0,18.0,0.0,-0.75,-1.6
PROP-313D69609EFE,4.0,4.25,3.0,18.0,0.0,0.0,-1.15
PROP-9935D03458D0,4.0,4.25,3.0,18.0,0.0,-0.4,-1.75
PROP-8C2E1F60497E,5.15,5.4,4.0,18.5,-0.25,-0.6,-1.35
PROP-18F501F7179B,5.15,5.4,4.0,18.5,-0.25,-0.6,-1.35
PROP-0D078C38E20A,5.15,5.4,4.0,18.25,0.0,0.0,-1.35
PROP-66D9EA036B9D,4.4,4.65,3.0,18.0,0.0,-0.75,-1.6
PROP-68D2382FA0E8,6.5,6.75,4.0,19.5,0.0,0.25,0.5
PROP-485FD6CF5995,4.0,4.25,4.0,18.0,0.0,0.0,0.0
PROP-A8813CC81ABF,4.0,4.25,4.0,18.0,0.0,0.0,0.0
PROP-D179B76351D0,4.4,4.65,3.0,18.0,0.0,-0.75,-1.6
PROP-3B78ACCE1966,4.0,4.25,3.0,18.0,0.0,0.0,-1.15
PROP-013ECE20BD3B,4.0,4.25,3.0,18.0,0.0,-0.4,-1.75
PROP-BD78AAC1453F,4.4,4.65,3.0,18.0,0.0,-0.75,-1.6
PROP-530F297245D2,6.5,6.75,4.0,19.5,0.0,0.25,0.5
PROP-8DA5B3866248,5.15,5.4,4.0,18.5,-0.25,-0.6,-1.35
PROP-F0189C11D504,4.0,4.25,4.0,18.0,0.0,0.0,0.0
PROP-4CBA87BD7ADC,5.9,6.15,4.5,18.0,0.0,1.0,1.9
PROP-32EDFD6F235C,6.0,6.25,4.0,19.5,0.0,0.0,-0.25
PROP-7B15A2DB20DA,4.0,4.25,3.0,18.0,0.0,0.0,-1.15
PROP-9AA0E563C198,4.0,4.25,3.0,18.0,0.0,0.0,-1.15
PROP-DED556BBB03E,6.5,6.75,4.0,19.25,0.0,0.0,0.5
PROP-07F9F767512E,6.0,6.25,4.0,19.5,0.0,0.0,-0.25
PROP-BF205F31167D,5.75,6.0,4.0,19.0,0.0,-0.25,-0.5
PROP-FBC09BC163C6,4.9,5.15,4.5,18.0,0.0,0.9,0.9
PROP-691F8215D05B,4.4,4.65,3.0,18.0,0.0,-0.75,-1.6
PROP-2BFF44473EB5,4.0,4.25,3.0,18.0,0.0,-0.4,-1.75
PROP-0A6D232A3059,4.0,4.25,4.0,18.0,0.0,0.0,0.0
PROP-F624054B1AFB,5.75,6.0,4.0,19.0,0.0,-0.25,-0.5
PROP-3C594FB48F50,4.0,4.25,4.0,18.0,0.0,0.0,0.0
PROP-93B14E31125B,6.0,6.25,4.0,19.5,0.0,0.0,-0.25
PROP-5EFB180BDD4C,6.5,6.75,4.0,19.5,0.0,0.25,0.5
PROP-67B13629AB3E,6.0,6.25,4.0,19.25,-0.25,-0.5,0.0
PROP-0429C055526A,5.75,6.0,4.0,19.0,0.0,-0.25,-0.5
PROP-72415857F3B1,4.9,5.15,4.5,18.0,0.0,0.9,0.9
PROP-920C6467D20F,4.0,4.25,4.0,18.0,0.0,0.0,0.0
PROP-F473F43F4D2F,4.0,4.25,3.0,18.0,0.0,-0.4,-1.75
PROP-241286BC0776,6.25,6.5,4.0,19.5,0.0,0.25,0.0
PROP-773F1D388265,6.0,6.25,4.0,19.5,0.0,0.0,-0.25
PROP-B64F8C1AC39E,4.0,4.25,4.0,18.0,0.0,0.0,0.0
PROP-16E31BE5C7CD,6.5,6.75,4.0,19.25,0.0,0.0,0.5
PROP-CF44ACD96F92,4.0,4.25,4.0,18.0,0.0,0.0,0.0
PROP-910D61A7B3EA,5.75,6.0,4.0,19.0,0.0,-0.25,-0.5
PROP-7AB850E3384A,5.15,5.4,4.0,18.25,0.0,0.0,-1.35
PROP-D7694BA0985D,4.0,4.25,4.0,18.0,0.0,0.0,0.0
PROP-3977AC71D1B3,4.0,4.25,4.0,18.0,0.0,0.0,0.0
PROP-5E6EF1C19DB0,6.5,6.75,4.0,19.25,0.0,0.0,0.5
PROP-A512FA6E41E8,4.0,4.25,4.0,18.0,0.0,0.0,0.0
PROP-EEDA4FBFA1FE,4.9,5.15,4.5,18.0,0.0,0.9,0.9
PROP-7B1BB69EE0AD,4.0,4.25,3.0,18.0,0.0,-0.4,-1.75
PROP-4E594875DD59,6.5,6.75,4.0,19.5,0.0,0.25,0.5
PROP-B93E5E4EE11F,4.0,4.25,3.0,18.0,0.0,0.0,-1.15
PROP-5996095DEFCF,5.15,5.4,4.0,18.25,0.0,0.0,-1.35
PROP-C708F56196B5,6.5,6.75,4.0,19.25,0.0,0.0,0.5
PROP-482F6DC30430,4.0,4.25,3.0,18.0,0.0,0.0,-1.15
PROP-7D23E9E4A773,6.5,6.75,4.0,19.5,0.0,0.25,0.5
PROP-E4828B452023,6.5,6.75,4.0,19.25,0.0,0.0,0.5
PROP-04A53F1FAA6E,4.0,4.25,3.0,18.0,0.0,0.0,-1.15
PROP-D6CB9021E0AA,4.0,4.25,3.5,18.0,0.0,0.0,-0.4
PROP-0E0DC047702C,6.5,6.75,4.0,19.5,0.0,0.25,0.5
PROP-B75B4EE13A9B,5.15,5.4,4.0,18.25,0.0,0.0,-1.35
PROP-6891D0BC5DA2,4.0,4.25,4.0,18.0,0.0,0.0,0.0
PROP-236C4C902FE3,5.15,5.4,4.0,18.5,-0.25,-0.6,-1.35
PROP-6F9BC3E11E38,4.0,4.25,3.0,18.0,0.0,0.0,-1.15
PROP-547170BF5ABC,4.4,4.65,3.0,18.0,0.0,-0.75,-1.6
PROP-0990AC2066F0,5.9,6.15,4.5,18.0,0.0,1.0,1.9
PROP-B326491D52F2,5.15,5.4,4.0,18.25,0.0,0.0,-1.35
PROP-CBA5C4B40708,4.0,4.25,3.0,18.0,0.0,-0.4,-1.75
PROP-4B9033E54CCD,5.75,6.0,4.0,19.0,0.0,-0.25,-0.5
PROP-49D7D2219B66,4.9,5.15,4.5,18.0,0.0,0.9,0.9
PROP-AB59F6CAC990,6.25,6.5,4.0,19.5,0.0,0.25,0.0
PROP-90B9FBC4D8BB,6.0,6.25,4.0,19.5,0.0,0.0,-0.25
PROP-AD11BE30C725,6.25,6.5,4.0,19.5,0.0,0.25,0.0
PROP-CD7618607C6C,4.0,4.25,3.0,18.0,0.0,0.0,-1.15
PROP-DB676A101350,6.25,6.5,4.0,19.5,0.0,0.25,0.0
PROP-713228560DE9,5.75,6.0,4.0,19.0,0.0,-0.25,-0.5
PROP-42F89BCF7CD3,4.0,4.25,4.0,18.0,0.0,0.0,0.0
PROP-0439761DB2A6,4.0,4.25,4.0,18.0,0.0,0.0,0.0
PROP-C025F361CDD8,4.0,4.25,3.5,18.0,0.0,0.0,-0.4
PROP-02E4E703737D,5.75,6.0,4.0,19.0,0.0,-0.25,-0.5
PROP-8C5EE2DFA40C,4.9,5.15,4.5,18.0,0.0,0.9,0.9
PROP-6A5E6F1022AF,4.0,4.25,4.0,18.0,0.0,0.0,0.0
PROP-2FE1F61819E4,4.0,4.25,4.0,18.0,0.0,0.0,0.0
PROP-50C63185E08A,6.0,6.25,4.0,19.25,-0.25,-0.5,0.0
PROP-9500E4C50713,6.0,6.25,4.0,19.25,-0.25,-0.5,0.0
PROP-47F46EE66611,4.0,4.25,3.0,18.0,0.0,-0.4,-1.75
PROP-B1F70EA0D713,5.15,5.4,4.0,18.5,-0.25,-0.6,-1.35
PROP-1DA43B0AC4F2,6.25,6.5,4.0,19.5,0.0,0.25,0.0
PROP-15A874A0ACEB,6.5,6.75,4.0,19.25,0.0,0.0,0.5
PROP-AFE9F8DD2815,4.0,4.25,3.0,18.0,0.0,0.0,-1.15
PROP-F89FB57BDD69,5.75,6.0,4.0,19.0,0.0,-0.25,-0.5
PROP-F41DDF27AAE0,6.5,6.75,4.0,19.25,0.0,0.0,0.5
PROP-FBC7652F8063,4.4,4.65,3.0,18.0,0.0,-0.75,-1.6
PROP-EE9A4DA8C048,4.0,4.25,4.0,18.0,0.0,0.0,0.0
PROP-2B613F65D2BB,4.0,4.25,3.5,18.0,0.0,0.0,-0.4
PROP-C43290AADE00,6.5,6.75,4.0,19.25,0.0,0.0,0.5
PROP-83677B40E538,6.5,6.75,4.0,19.25,0.0,0.0,0.5
PROP-84F4094D3BC3,4.4,4.65,3.0,18.0,0.0,-0.75,-1.6
PROP-416A3CB02077,5.9,6.15,4.5,18.0,0.0,1.0,1.9
PROP-02AAB3DF968A,6.5,6.75,4.0,19.25,0.0,0.0,0.5
PROP-C580C512F231,5.15,5.4,4.0,18.5,-0.25,-0.6,-1.35
PROP-94598A0A6FAF,6.25,6.5,4.0,19.5,0.0,0.25,0.0
PROP-2A9F8298C55A,5.15,5.4,4.0,18.25,0.0,0.0,-1.35
PROP-5E7E8970D6A6,6.0,6.25,4.0,19.5,0.0,0.0,-0.25
PROP-0AE7ADF42C0E,4.0,4.25,4.0,18.0,0.0,0.0,0.0
PROP-E9FC6AAC2937,6.5,6.75,4.0,19.5,0.0,0.25,0.5
PROP-1033507BFDEF,5.75,6.0,4.0,19.0,0.0,-0.25,-0.5
PROP-1851639C2FFF,6.25,6.5,4.0,19.5,0.0,0.25,0.0
PROP-9FF0AD022079,5.15,5.4,4.0,18.25,0.0,0.0,-1.35
PROP-553D584E0F27,5.15,5.4,4.0,18.25,0.0,0.0,-1.35
PROP-AA759B17F4D9,4.0,4.25,3.0,18.0,0.0,0.0,-1.15
PROP-B3DB3E97A2AB,4.0,4.25,3.0,18.0,0.0,0.0,-1.15
PROP-7CDB8D9895ED,4.0,4.25,4.0,18.0,0.0,0.0,0.0
PROP-E6678945C195,6.25,6.5,4.0,19.5,0.0,0.25,0.0
PROP-08E7410F6F56,5.9,6.15,4.5,18.0,0.0,1.0,1.9
PROP-24299B2921B9,4.0,4.25,3.0,18.0,0.0,0.0,-1.15
PROP-15C39A1AF935,4.0,4.25,4.0,18.0,0.0,0.0,0.0
PROP-4C949159CC3F,6.5,6.75,4.0,19.25,0.0,0.0,0.5
PROP-FF8B166821F6,4.0,4.25,3.0,18.0,0.0,0.0,-1.15
PROP-F60F3E2D176E,4.0,4.25,4.0,18.0,0.0,0.0,0.0
PROP-BA9E56614218,4.9,5.15,4.5,18.0,0.0,0.9,0.9
PROP-5E22F115F280,6.5,6.75,4.0,19.5,0.0,0.25,0.5
PROP-F1F6A1ED4753,6.0,6.25,4.0,19.25,-0.25,-0.5,0.0
PROP-76CEA6DE30E9,4.0,4.25,4.0,18.0,0.0,0.0,0.0
PROP-36F18A0592F4,4.0,4.25,3.5,18.0,0.0,0.0,-0.4
PROP-49626E80478B,5.75,6.0,4.0,19.0,0.0,-0.25,-0.5
PROP-7336E54EF2B4,4.4,4.65,3.0,18.0,0.0,-0.75,-1.6
PROP-3AE722BB2CDF,4.0,4.25,4.0,18.0,0.0,0.0,0.0
PROP-13BAC6FC637F,6.0,6.25,4.0,19.25,-0.25,-0.5,0.0
PROP-4F4EDDE838F5,5.15,5.4,4.0,18.5,-0.25,-0.6,-1.35
PROP-CDBA4E6F9905,6.0,6.25,4.0,19.25,-0.25,-0.5,0.0
PROP-5FC8AE404441,6.5,6.75,4.0,19.25,0.0,0.0,0.5
PROP-9AD2EA5E771F,6.25,6.5,4.0,19.5,0.0,0.25,0.0
PROP-CD3C9C50AB03,6.5,6.75,4.0,19.5,0.0,0.25,0.5
PROP-B784F75484D8,5.75,6.0,4.0,19.0,0.0,-0.25,-0.5
PROP-C316A15BDC66,5.75,6.0,4.0,19.0,0.0,-0.25,-0.5
PROP-CB2E79DA9387,4.0,4.25,4.0,18.0,0.0,0.0,0.0
PROP-9F7679A5D170,4.4,4.65,3.0,18.0,0.0,-0.75,-1.6
PROP-F440D7179CF3,4.0,4.25,4.0,18.0,0.0,0.0,0.0
PROP-8B0A281F6F67,5.9,6.15,4.5,18.0,0.0,1.0,1.9
PROP-CEE426E3F810,5.15,5.4,4.0,18.5,-0.25,-0.6,-1.35
PROP-0E387843AA56,5.75,6.0,4.0,19.0,0.0,-0.25,-0.5
PROP-019F3655CAD4,4.0,4.25,3.0,18.0,0.0,0.0,-1.15
PROP-624B54066F73,4.0,4.25,4.0,18.0,0.0,0.0,0.0
PROP-C325827617D3,6.5,6.75,4.0,19.5,0.0,0.25,0.5
PROP-9FA3DC6C1BDE,6.5,6.75,4.0,19.5,0.0,0.25,0.5
PROP-35167E7F7B55,6.0,6.25,4.0,19.25,-0.25,-0.5,0.0
PROP-62F4E3613B3C,5.15,5.4,4.0,18.5,-0.25,-0.6,-1.35
PROP-1BF79E1A13C3,4.0,4.25,3.0,18.0,0.0,0.0,-1.15
PROP-4A17E09386D3,6.0,6.25,4.0,19.5,0.0,0.0,-0.25
PROP-6E48515068CD,5.9,6.15,4.5,18.0,0.0,1.0,1.9
PROP-E796F9A9C029,4.9,5.15,4.5,18.0,0.0,0.9,0.9
PROP-202AF54D5DFD,5.75,6.0,4.0,19.0,0.0,-0.25,-0.5
PROP-9B66A02D0630,4.9,5.15,4.5,18.0,0.0,0.9,0.9
PROP-24E95C502029,6.0,6.25,4.0,19.5,0.0,0.0,-0.25
PROP-A65D4022BCB0,6.25,6.5,4.0,19.5,0.0,0.25,0.0
PROP-B03B0CA4817E,4.0,4.25,3.0,18.0,0.0,0.0,-1.15
PROP-58B7AE50D315,4.9,5.15,4.5,18.0,0.0,0.9,0.9
PROP-3E1764E34127,4.9,5.15,4.5,18.0,0.0,0.9,0.9
PROP-30E5D38DD361,5.15,5.4,4.0,18.25,0.0,0.0,-1.35
PROP-5813DB9C761A,4.0,4.25,3.0,18.0,0.0,0.0,-1.15
PROP-DC01DEE1AC33,5.75,6.0,4.0,19.0,0.0,-0.25,-0.5
PROP-F57AB92907EF,4.0,4.25,4.0,18.0,0.0,0.0,0.0
PROP-AEC989B18861,4.0,4.25,4.0,18.0,0.0,0.0,0.0
PROP-7C42082F905C,5.9,6.15,4.5,18.0,0.0,1.0,1.9
PROP-56AF0594D7A6,4.0,4.25,3.5,18.0,0.0,0.0,-0.4
PROP-9F3B18B83DDB,4.0,4.25,4.0,18.0,0.0,0.0,0.0
PROP-2F688BDC3ED3,4.0,4.25,4.0,18.0,0.0,0.0,0.0
PROP-4873F205FC38,5.75,6.0,4.0,19.0,0.0,-0.25,-0.5
PROP-2375C3E7756E,4.0,4.25,3.5,18.0,0.0,0.0,-0.4
PROP-C7B62A24327E,4.4,4.65,3.0,18.0,0.0,-0.75,-1.6
PROP-85C9417C071B,5.15,5.4,4.0,18.25,0.0,0.0,-1.35
PROP-3379FC13E4D8,4.0,4.25,4.0,18.0,0.0,0.0,0.0
PROP-BD39A4AD9F75,4.4,4.65,3.0,18.0,0.0,-0.75,-1.6
PROP-4EC8AB1155EF,5.15,5.4,4.0,18.25,0.0,0.0,-1.35
PROP-F6E7B55FCFAE,6.5,6.75,4.0,19.5,0.0,0.25,0.5
PROP-FD153BE03388,5.15,5.4,4.0,18.25,0.0,0.0,-1.35
PROP-0CD99260AC4A,5.9,6.15,4.5,18.0,0.0,1.0,1.9
PROP-A10851D26DBC,5.75,6.0,4.0,19.0,0.0,-0.25,-0.5
PROP-9ADE24823600,6.25,6.5,4.0,19.5,0.0,0.25,0.0
PROP-47C446F8EA16,4.9,5.15,4.5,18.0,0.0,0.9,0.9
PROP-4E82DD1E924C,4.0,4.25,4.0,18.0,0.0,0.0,0.0
PROP-8231D2B5FCB4,6.25,6.5,4.0,19.5,0.0,0.25,0.0
PROP-83EE92FF8502,4.0,4.25,4.0,18.0,0.0,0.0,0.0
PROP-92150372A3EC,5.15,5.4,4.0,18.5,-0.25,-0.6,-1.35
PROP-6016E7B67306,4.0,4.25,4.0,18.0,0.0,0.0,0.0
PROP-2E6FB4A9D3AE,5.75,6.0,4.0,19.0,0.0,-0.25,-0.5
PROP-D7149F5ACCC3,5.15,5.4,4.0,18.25,0.0,0.0,-1.35
PROP-24AF12571C0A,4.0,4.25,3.0,18.0,0.0,-0.4,-1.75
PROP-C30F74F8215D,4.4,4.65,3.0,18.0,0.0,-0.75,-1.6
PROP-BCE9552F6DC2,6.5,6.75,4.0,19.5,0.0,0.25,0.5
PROP-9DECA5C597F4,5.15,5.4,4.0,18.5,-0.25,-0.6,-1.35
PROP-12559D27A1AA,4.0,4.25,3.0,18.0,0.0,0.0,-1.15
PROP-E39591DB49A6,4.0,4.25,3.0,18.0,0.0,0.0,-1.15
PROP-3469C7523B2C,4.0,4.25,3.0,18.0,0.0,0.0,-1.15
PROP-ED8FBD604D30,4.4,4.65,3.0,18.0,0.0,-0.75,-1.6
PROP-44B3E75AF8EE,5.75,6.0,4.0,19.0,0.0,-0.25,-0.5
PROP-F1E0B4DF171D,5.9,6.15,4.5,18.0,0.0,1.0,1.9
PROP-710C345E87A3,4.0,4.25,4.0,18.0,0.0,0.0,0.0
PROP-209599AF8803,5.15,5.4,4.0,18.25,0.0,0.0,-1.35
PROP-14EA2D0D4F1A,6.0,6.25,4.0,19.5,0.0,0.0,-0.25
PROP-10A1A286AF58,5.9,6.15,4.5,18.0,0.0,1.0,1.9
PROP-97161B865FA1,4.9,5.15,4.5,18.0,0.0,0.9,0.9
PROP-91AD8B00D735,4.9,5.15,4.5,18.0,0.0,0.9,0.9
PROP-CC1B211EAA4D,5.75,6.0,4.0,19.0,0.0,-0.25,-0.5
PROP-75C16A76EB68,4.0,4.25,3.0,18.0,0.0,-0.4,-1.75
PROP-756995A4DB5E,4.0,4.25,3.0,18.0,0.0,-0.4,-1.75
PROP-746D24328ED4,4.0,4.25,4.0,18.0,0.0,0.0,0.0
PROP-958AD368D7B0,5.9,6.15,4.5,18.0,0.0,1.0,1.9
PROP-DD2E0676A4DF,5.9,6.15,4.5,18.0,0.0,1.0,1.9
PROP-553F926BF1AF,4.0,4.25,3.0,18.0,0.0,0.0,-1.15
PROP-824EFD6D0A7A,6.5,6.75,4.0,19.5,0.0,0.25,0.5
PROP-4FDDD422AB26,4.4,4.65,3.0,18.0,0.0,-0.75,-1.6
PROP-1971A228467D,4.0,4.25,4.0,18.0,0.0,0.0,0.0
PROP-01DEAD99037B,4.9,5.15,4.5,18.0,0.0,0.9,0.9
PROP-D6EDFDC0FBD2,4.9,5.15,4.5,18.0,0.0,0.9,0.9
PROP-5E82A59CB247,5.15,5.4,4.0,18.5,-0.25,-0.6,-1.35
PROP-8016D1DA55B4,5.75,6.0,4.0,19.0,0.0,-0.25,-0.5
PROP-89F54F900D90,4.0,4.25,4.0,18.0,0.0,0.0,0.0
PROP-38BB3060ABC8,4.0,4.25,4.0,18.0,0.0,0.0,0.0
PROP-E48C7031881B,6.0,6.25,4.0,19.5,0.0,0.0,-0.25
PROP-C0337393EF98,4.0,4.25,3.5,18.0,0.0,0.0,-0.4
PROP-58D90B8CF302,6.5,6.75,4.0,19.25,0.0,0.0,0.5
PROP-C883AD0F6A4D,4.9,5.15,4.5,18.0,0.0,0.9,0.9
PROP-C80401DB7D03,4.0,4.25,3.0,18.0,0.0,0.0,-1.15
PROP-47CC6BA1CA37,6.5,6.75,4.0,19.5,0.0,0.25,0.5
PROP-0DAF453A990D,6.0,6.25,4.0,19.5,0.0,0.0,-0.25
PROP-FED8CF498E3B,4.0,4.25,3.5,18.0,0.0,0.0,-0.4
PROP-B34EA83BC01A,4.0,4.25,4.0,18.0,0.0,0.0,0.0
PROP-B28495C13265,5.75,6.0,4.0,19.0,0.0,-0.25,-0.5
PROP-6F80415BF9F0,4.0,4.25,3.0,18.0,0.0,-0.4,-1.75
PROP-3C8FDE4D0A3B,6.25,6.5,4.0,19.5,0.0,0.25,0.0
PROP-7987860BD545,6.0,6.25,4.0,19.5,0.0,0.0,-0.25
PROP-6131EDA7F152,4.0,4.25,3.0,18.0,0.0,0.0,-1.15
PROP-D368031AEF69,6.25,6.5,4.0,19.5,0.0,0.25,0.0
PROP-D33FD2EDB1FC,6.5,6.75,4.0,19.25,0.0,0.0,0.5
PROP-3E5D567DF124,6.5,6.75,4.0,19.5,0.0,0.25,0.5
PROP-99D564CF9B8F,5.15,5.4,4.0,18.25,0.0,0.0,-1.35
PROP-85DD373187DF,6.0,6.25,4.0,19.5,0.0,0.0,-0.25
PROP-D3FED8A342FA,6.0,6.25,4.0,19.5,0.0,0.0,-0.25
PROP-6481E2019A70,4.0,4.25,3.0,18.0,0.0,0.0,-1.15
PROP-3696C85820B5,4.4,4.65,3.0,18.0,0.0,-0.75,-1.6
PROP-1EA836881D95,6.5,6.75,4.0,19.5,0.0,0.25,0.5
PROP-FA2ACB815F45,6.5,6.75,4.0,19.25,0.0,0.0,0.5
PROP-6C74BADB5D36,4.0,4.25,4.0,18.0,0.0,0.0,0.0
PROP-058A687B2D6E,4.0,4.25,4.0,18.0,0.0,0.0,0.0
PROP-4349CDA86867,6.25,6.5,4.0,19.5,0.0,0.25,0.0
PROP-5C6E77BC2028,4.0,4.25,4.0,18.0,0.0,0.0,0.0
PROP-CDD5DC057BCA,6.0,6.25,4.0,19.5,0.0,0.0,-0.25
PROP-F326A92B9398,5.15,5.4,4.0,18.25,0.0,0.0,-1.35
PROP-B8489D624F0D,4.0,4.25,4.0,18.0,0.0,0.0,0.0
PROP-2CB651685F9E,6.25,6.5,4.0,19.5,0.0,0.25,0.0
PROP-B6CA68A3CC88,5.75,6.0,4.0,19.0,0.0,-0.25,-0.5
PROP-1A5733C0C2C6,6.5,6.75,4.0,19.5,0.0,0.25,0.5
PROP-28EBF50BF140,5.9,6.15,4.5,18.0,0.0,1.0,1.9
PROP-93689ACF45BD,5.9,6.15,4.5,18.0,0.0,1.0,1.9
PROP-3CFAAD40BBC9,4.9,5.15,4.5,18.0,0.0,0.9,0.9
PROP-97086DFC770E,5.75,6.0,4.0,19.0,0.0,-0.25,-0.5
PROP-285CA125F656,6.5,6.75,4.0,19.25,0.0,0.0,0.5
PROP-02EB40657E2B,6.5,6.75,4.0,19.5,0.0,0.25,0.5
PROP-8D1E6A4CC69A,5.75,6.0,4.0,19.0,0.0,-0.25,-0.5
PROP-55F63502BDB8,4.4,4.65,3.0,18.0,0.0,-0.75,-1.6
PROP-8F1533EAF1E8,4.0,4.25,4.0,18.0,0.0,0.0,0.0
PROP-139C8DFD0D70,5.15,5.4,4.0,18.25,0.0,0.0,-1.35
PROP-6A5786720BCD,5.15,5.4,4.0,18.25,0.0,0.0,-1.35
PROP-6F7F0A7B6ACB,6.0,6.25,4.0,19.5,0.0,0.0,-0.25
PROP-FF1A9E746497,4.0,4.25,4.0,18.0,0.0,0.0,0.0
PROP-973C51DE7566,4.0,4.25,4.0,18.0,0.0,0.0,0.0
PROP-6121B8A3C7F7,5.15,5.4,4.0,18.25,0.0,0.0,-1.35
PROP-A1E5ED6769DD,6.0,6.25,4.0,19.5,0.0,0.0,-0.25
PROP-A80ACD01FC70,4.0,4.25,4.0,18.0,0.0,0.0,0.0
PROP-EE762650664D,4.4,4.65,3.0,18.0,0.0,-0.75,-1.6
PROP-65FB2F240684,4.0,4.25,3.0,18.0,0.0,0.0,-1.15
PROP-C7D1D086BFB7,4.0,4.25,3.5,18.0,0.0,0.0,-0.4
PROP-052301008C97,6.25,6.5,4.0,19.5,0.0,0.25,0.0
PROP-D0D832658684,4.9,5.15,4.5,18.0,0.0,0.9,0.9
PROP-8532E4422370,4.0,4.25,4.0,18.0,0.0,0.0,0.0
PROP-173B603D2C5C,6.5,6.75,4.0,19.5,0.0,0.25,0.5
PROP-A693CCC6FF35,4.0,4.25,4.0,18.0,0.0,0.0,0.0
PROP-34B2068FD18D,6.25,6.5,4.0,19.5,0.0,0.25,0.0
PROP-C84D430491CB,6.0,6.25,4.0,19.25,-0.25,-0.5,0.0
PROP-8A7E6478980C,6.0,6.25,4.0,19.5,0.0,0.0,-0.25
PROP-DC398143EF49,5.15,5.4,4.0,18.5,-0.25,-0.6,-1.35
PROP-83FF60D8DAA7,6.0,6.25,4.0,19.25,-0.25,-0.5,0.0
PROP-9F5A1272C537,4.0,4.25,3.5,18.0,0.0,0.0,-0.4
PROP-5F5A056547CB,6.0,6.25,4.0,19.25,-0.25,-0.5,0.0
PROP-163A573F39D1,5.15,5.4,4.0,18.25,0.0,0.0,-1.35
PROP-63FC8D0B51D4,5.15,5.4,4.0,18.25,0.0,0.0,-1.35
PROP-3D22DCD6666E,4.0,4.25,3.0,18.0,0.0,0.0,-1.15
PROP-BA46996A0C4C,4.0,4.25,3.5,18.0,0.0,0.0,-0.4
PROP-A642AD9C55F3,4.0,4.25,3.5,18.0,0.0,0.0,-0.4
PROP-7F01B92C9812,4.0,4.25,4.0,18.0,0.0,0.0,0.0
PROP-7F2EBE29B8C3,6.0,6.25,4.0,19.5,0.0,0.0,-0.25
PROP-BBA65C2F0289,4.0,4.25,3.5,18.0,0.0,0.0,-0.4
PROP-B603B933892C,4.0,4.25,3.0,18.0,0.0,0.0,-1.15
PROP-B941B0CEF824,4.0,4.25,3.0,18.0,0.0,0.0,-1.15
PROP-72CF1FEAD2BE,6.5,6.75,4.0,19.25,0.0,0.0,0.5
PROP-BCB8C1ABFD99,4.0,4.25,4.0,18.0,0.0,0.0,0.0
PROP-09DC54E4DC1A,6.0,6.25,4.0,19.5,0.0,0.0,-0.25
PROP-B0DC6907681B,6.5,6.75,4.0,19.5,0.0,0.25,0.5
PROP-FDD0710C19A4,5.15,5.4,4.0,18.5,-0.25,-0.6,-1.35
PROP-E9111B28CA27,6.5,6.75,4.0,19.25,0.0,0.0,0.5
PROP-08F1A7925EC2,6.25,6.5,4.0,19.5,0.0,0.25,0.0
PROP-11FC3BADC2FD,5.15,5.4,4.0,18.25,0.0,0.0,-1.35
PROP-717B75445808,6.5,6.75,4.0,19.25,0.0,0.0,0.5
PROP-CFEBC8FF5FEE,4.9,5.15,4.5,18.0,0.0,0.9,0.9
PROP-C0AB0F037EDA,4.0,4.25,3.0,18.0,0.0,-0.4,-1.75
PROP-7BAEE35653E3,6.0,6.25,4.0,19.5,0.0,0.0,-0.25
PROP-C6E5D8BEE7FD,4.0,4.25,3.0,18.0,0.0,-0.4,-1.75
PROP-C7AFB6F70158,4.0,4.25,4.0,18.0,0.0,0.0,0.0
PROP-39DABEF9C89F,6.25,6.5,4.0,19.5,0.0,0.25,0.0
PROP-B61D662ACF16,4.4,4.65,3.0,18.0,0.0,-0.75,-1.6
PROP-44F00B2A8408,4.0,4.25,3.5,18.0,0.0,0.0,-0.4
PROP-1A8A55A8342C,5.75,6.0,4.0,19.0,0.0,-0.25,-0.5
PROP-65EAA9316AAF,6.0,6.25,4.0,19.5,0.0,0.0,-0.25
PROP-A0B9B10C27EA,4.0,4.25,3.0,18.0,0.0,-0.4,-1.75
PROP-7DA8D44CCAE4,6.0,6.25,4.0,19.5,0.0,0.0,-0.25
PROP-23AE34F44E09,4.0,4.25,3.0,18.0,0.0,-0.4,-1.75
PROP-310D94CC513A,4.0,4.25,4.0,18.0,0.0,0.0,0.0
PROP-CEA72DA6CB0F,6.5,6.75,4.0,19.25,0.0,0.0,0.5
PROP-BFAED4FD87E6,5.75,6.0,4.0,19.0,0.0,-0.25,-0.5
PROP-2A780DBBAED3,6.5,6.75,4.0,19.5,0.0,0.25,0.5
PROP-3BF55226E9AA,4.0,4.25,3.0,18.0,0.0,-0.4,-1.75
PROP-F0BB9F485F26,6.0,6.25,4.0,19.5,0.0,0.0,-0.25
PROP-6A8E5327CE9C,4.0,4.25,4.0,18.0,0.0,0.0,0.0
PROP-A581345ECB12,4.0,4.25,3.0,18.0,0.0,0.0,-1.15
PROP-D3D82032179E,4.0,4.25,3.0,18.0,0.0,0.0,-1.15
PROP-C8430A3AAD4B,4.9,5.15,4.5,18.0,0.0,0.9,0.9
PROP-8B1F6CF6B90D,6.5,6.75,4.0,19.25,0.0,0.0,0.5
PROP-F2593A89607B,4.0,4.25,3.0,18.0,0.0,0.0,-1.15
PROP-AB8A39674532,4.0,4.25,4.0,18.0,0.0,0.0,0.0
PROP-245CFFFF7379,5.75,6.0,4.0,19.0,0.0,-0.25,-0.5
PROP-D6ABE38C039D,5.75,6.0,4.0,19.0,0.0,-0.25,-0.5
PROP-6918BFBF91E2,6.5,6.75,4.0,19.25,0.0,0.0,0.5
PROP-CCFF0472A05E,6.0,6.25,4.0,19.5,0.0,0.0,-0.25
PROP-115445D45DF4,6.5,6.75,4.0,19.25,0.0,0.0,0.5
PROP-331B8B4FC38D,5.15,5.4,4.0,18.25,0.0,0.0,-1.35
PROP-49BA8145DDAD,4.4,4.65,3.0,18.0,0.0,-0.75,-1.6
PROP-ED6C438664B2,6.5,6.75,4.0,19.25,0.0,0.0,0.5
PROP-F2BF8C11A7EF,4.0,4.25,3.0,18.0,0.0,-0.4,-1.75
PROP-7A682F6B298F,5.9,6.15,4.5,18.0,0.0,1.0,1.9
PROP-C0EACF98B88D,4.0,4.25,4.0,18.0,0.0,0.0,0.0
PROP-B6B9CEE33049,6.25,6.5,4.0,19.5,0.0,0.25,0.0
PROP-2ED7A356117B,4.0,4.25,4.0,18.0,0.0,0.0,0.0
PROP-3B00F1A922BF,4.0,4.25,3.0,18.0,0.0,-0.4,-1.75
PROP-9C960929506D,4.9,5.15,4.5,18.0,0.0,0.9,0.9
PROP-F20778F6FFA7,5.9,6.15,4.5,18.0,0.0,1.0,1.9
PROP-63A4C647D1E7,6.0,6.25,4.0,19.25,-0.25,-0.5,0.0
PROP-B9B8EF509771,6.0,6.25,4.0,19.5,0.0,0.0,-0.25
PROP-A647DDA7E754,6.5,6.75,4.0,19.5,0.0,0.25,0.5
PROP-5883DDB271CD,5.9,6.15,4.5,18.0,0.0,1.0,1.9
PROP-3505BB0416A9,4.0,4.25,3.0,18.0,0.0,0.0,-1.15
PROP-6741AF8F9998,5.9,6.15,4.5,18.0,0.0,1.0,1.9
PROP-2DBC586B6B1A,4.0,4.25,4.0,18.0,0.0,0.0,0.0
PROP-F291071CE413,6.5,6.75,4.0,19.5,0.0,0.25,0.5
PROP-6F150466157F,4.0,4.25,4.0,18.0,0.0,0.0,0.0
PROP-338155A04C45,5.75,6.0,4.0,19.0,0.0,-0.25,-0.5
PROP-C3C4176C8C19,5.15,5.4,4.0,18.5,-0.25,-0.6,-1.35
PROP-5DD230556105,5.75,6.0,4.0,19.0,0.0,-0.25,-0.5
PROP-01B05663286A,4.0,4.25,4.0,18.0,0.0,0.0,0.0
PROP-FEAA13AEC306,4.0,4.25,4.0,18.0,0.0,0.0,0.0
PROP-801F64B36585,4.0,4.25,3.5,18.0,0.0,0.0,-0.4
PROP-B1090F62B421,5.9,6.15,4.5,18.0,0.0,1.0,1.9
PROP-FAB3F5735E6F,6.0,6.25,4.0,19.25,-0.25,-0.5,0.0
PROP-32068D7C7692,4.0,4.25,3.0,18.0,0.0,-0.4,-1.75
PROP-B205CCC81517,5.75,6.0,4.0,19.0,0.0,-0.25,-0.5
PROP-3AADA84EA5A1,6.25,6.5,4.0,19.5,0.0,0.25,0.0
PROP-30FE9334C04F,6.5,6.75,4.0,19.25,0.0,0.0,0.5
PROP-E66AFF7361C5,5.15,5.4,4.0,18.5,-0.25,-0.6,-1.35
PROP-02883F8FC7F5,6.0,6.25,4.0,19.5,0.0,0.0,-0.25
PROP-C9479D13BD55,4.0,4.25,4.0,18.0,0.0,0.0,0.0
PROP-C4A35B8DB64E,6.25,6.5,4.0,19.5,0.0,0.25,0.0
PROP-9DFC10B4F52C,4.0,4.25,3.0,18.0,0.0,-0.4,-1.75
PROP-9AA4B8269594,4.0,4.25,3.5,18.0,0.0,0.0,-0.4
PROP-3E6878099C98,4.0,4.25,4.0,18.0,0.0,0.0,0.0
PROP-2C0F2A4C92AB,5.9,6.15,4.5,18.0,0.0,1.0,1.9
PROP-79B036ADC851,5.75,6.0,4.0,19.0,0.0,-0.25,-0.5
PROP-23E5A9AB5C44,5.15,5.4,4.0,18.5,-0.25,-0.6,-1.35
PROP-9B05F2B63553,4.4,4.65,3.0,18.0,0.0,-0.75,-1.6
PROP-7BE9CAFEBA1C,5.9,6.15,4.5,18.0,0.0,1.0,1.9
PROP-B8EBCAD5B8F2,5.15,5.4,4.0,18.25,0.0,0.0,-1.35
PROP-9ECEEB06EA30,5.75,6.0,4.0,19.0,0.0,-0.25,-0.5
PROP-D44CFEC304B2,4.9,5.15,4.5,18.0,0.0,0.9,0.9
PROP-E4262F33DABE,6.25,6.5,4.0,19.5,0.0,0.25,0.0
PROP-6D0CF763E867,5.15,5.4,4.0,18.25,0.0,0.0,-1.35
PROP-3D827F881BF7,6.5,6.75,4.0,19.25,0.0,0.0,0.5
PROP-385EFC8227B0,4.4,4.65,3.0,18.0,0.0,-0.75,-1.6
PROP-A58980314822,4.0,4.25,3.0,18.0,0.0,-0.4,-1.75
PROP-213FF8CB01A1,5.15,5.4,4.0,18.5,-0.25,-0.6,-1.35
PROP-4ED6D6D8D47E,6.25,6.5,4.0,19.5,0.0,0.25,0.0
PROP-3D2DD063FE2A,4.0,4.25,4.0,18.0,0.0,0.0,0.0
PROP-4233AA7EA058,4.9,5.15,4.5,18.0,0.0,0.9,0.9
PROP-51EF1E48B2AC,6.25,6.5,4.0,19.5,0.0,0.25,0.0
PROP-4C94B6C261A0,4.0,4.25,4.0,18.0,0.0,0.0,0.0
PROP-2966980B2F6E,4.0,4.25,3.0,18.0,0.0,0.0,-1.15
PROP-2BF0D4111914,6.0,6.25,4.0,19.25,-0.25,-0.5,0.0
PROP-E6EE3EB81D93,6.25,6.5,4.0,19.5,0.0,0.25,0.0
PROP-7AF8B4F3D168,4.0,4.25,3.0,18.0,0.0,0.0,-1.15
PROP-2D1ACDC241F2,4.0,4.25,4.0,18.0,0.0,0.0,0.0
PROP-66B236468D67,4.0,4.25,3.5,18.0,0.0,0.0,-0.4
PROP-0B80DBE1D7AF,6.25,6.5,4.0,19.5,0.0,0.25,0.0
PROP-A252F83E2395,5.15,5.4,4.0,18.5,-0.25,-0.6,-1.35
PROP-9884272B8A9E,4.0,4.25,3.5,18.0,0.0,0.0,-0.4
PROP-01E9C7F31AB5,6.0,6.25,4.0,19.5,0.0,0.0,-0.25
PROP-D2BBBEF3D9CA,6.5,6.75,4.0,19.5,0.0,0.25,0.5
PROP-1A47077D7C06,4.0,4.25,3.0,18.0,0.0,0.0,-1.15
PROP-9C1DE3D0CA46,4.9,5.15,4.5,18.0,0.0,0.9,0.9
PROP-B0A55473D62B,5.75,6.0,4.0,19.0,0.0,-0.25,-0.5
PROP-62AEF4CF34A4,5.75,6.0,4.0,19.0,0.0,-0.25,-0.5
PROP-0969523CB09B,5.15,5.4,4.0,18.5,-0.25,-0.6,-1.35
PROP-DE3589A02F26,4.0,4.25,4.0,18.0,0.0,0.0,0.0
PROP-C71150E7BA14,4.0,4.25,3.0,18.0,0.0,-0.4,-1.75
PROP-A18C43CB6136,5.15,5.4,4.0,18.25,0.0,0.0,-1.35
PROP-D80F53290C0E,6.5,6.75,4.0,19.25,0.0,0.0,0.5
PROP-8E144954A363,5.15,5.4,4.0,18.25,0.0,0.0,-1.35
PROP-9C6BF7B90F11,4.9,5.15,4.5,18.0,0.0,0.9,0.9
PROP-76D419B18CCB,4.0,4.25,3.0,18.0,0.0,-0.4,-1.75
PROP-E1ACD38526EE,4.9,5.15,4.5,18.0,0.0,0.9,0.9
PROP-F1F8A32E0B0F,4.0,4.25,4.0,18.0,0.0,0.0,0.0
PROP-8529E6DBF56D,4.0,4.25,3.5,18.0,0.0,0.0,-0.4
PROP-67D39C4BDA92,4.0,4.25,3.0,18.0,0.0,0.0,-1.15
PROP-33EEC71D46D3,6.5,6.75,4.0,19.25,0.0,0.0,0.5
PROP-711F9720FF31,4.0,4.25,3.5,18.0,0.0,0.0,-0.4
PROP-19A6E70A8A41,5.15,5.4,4.0,18.25,0.0,0.0,-1.35
PROP-81D0D1BEA818,6.25,6.5,4.0,19.5,0.0,0.25,0.0
PROP-676D38702A48,6.25,6.5,4.0,19.5,0.0,0.25,0.0
PROP-88D3BB5BDEBB,4.0,4.25,4.0,18.0,0.0,0.0,0.0
PROP-D10196DEBC00,4.9,5.15,4.5,18.0,0.0,0.9,0.9
PROP-2E11031A7992,6.5,6.75,4.0,19.25,0.0,0.0,0.5
PROP-0F3AD462FBFF,4.0,4.25,4.0,18.0,0.0,0.0,0.0
PROP-42AAE903FF08,4.9,5.15,4.5,18.0,0.0,0.9,0.9
PROP-7D7D95DEF2F2,4.0,4.25,3.5,18.0,0.0,0.0,-0.4
PROP-56A6A8F5FCCD,5.15,5.4,4.0,18.5,-0.25,-0.6,-1.35
PROP-F6F8EE61E3B1,4.0,4.25,3.0,18.0,0.0,-0.4,-1.75
PROP-2CC21EBF6F75,4.0,4.25,3.0,18.0,0.0,0.0,-1.15
PROP-1E7BB7F19D6C,4.0,4.25,4.0,18.0,0.0,0.0,0.0
PROP-0C54089230CC,4.0,4.25,3.0,18.0,0.0,-0.4,-1.75
PROP-278D6490D8E5,4.0,4.25,4.0,18.0,0.0,0.0,0.0
PROP-2CCD88BAEC00,4.0,4.25,3.0,18.0,0.0,0.0,-1.15
PROP-2B242F56F959,6.0,6.25,4.0,19.25,-0.25,-0.5,0.0
PROP-C1F9EB831B63,5.9,6.15,4.5,18.0,0.0,1.0,1.9
PROP-384E87093FF6,4.0,4.25,3.0,18.0,0.0,-0.4,-1.75
PROP-7CA6E0A93091,6.0,6.25,4.0,19.5,0.0,0.0,-0.25
PROP-0249992CF13F,4.0,4.25,3.0,18.0,0.0,0.0,-1.15
PROP-1160433D093D,4.0,4.25,4.0,18.0,0.0,0.0,0.0
PROP-C03E67003C98,6.5,6.75,4.0,19.5,0.0,0.25,0.5
PROP-FCD2EC9B3ED8,4.9,5.15,4.5,18.0,0.0,0.9,0.9
PROP-D6EE66096683,5.15,5.4,4.0,18.5,-0.25,-0.6,-1.35
PROP-CA707D0E865E,6.5,6.75,4.0,19.25,0.0,0.0,0.5
PROP-0BC78040DEB6,4.0,4.25,4.0,18.0,0.0,0.0,0.0
PROP-A1CF944BDB95,6.0,6.25,4.0,19.25,-0.25,-0.5,0.0
PROP-96594A664D1F,5.75,6.0,4.0,19.0,0.0,-0.25,-0.5
PROP-6467F315C837,5.75,6.0,4.0,19.0,0.0,-0.25,-0.5
PROP-8139CFDBDEB2,6.0,6.25,4.0,19.5,0.0,0.0,-0.25
PROP-5116444533B7,4.0,4.25,4.0,18.0,0.0,0.0,0.0
PROP-E6B26AAB85FC,6.5,6.75,4.0,19.25,0.0,0.0,0.5
PROP-DB00D50ABD0B,4.4,4.65,3.0,18.0,0.0,-0.75,-1.6
PROP-0C412BD96F74,4.0,4.25,4.0,18.0,0.0,0.0,0.0
PROP-E1D57DC21428,4.0,4.25,3.0,18.0,0.0,-0.4,-1.75
PROP-091D4A015A48,4.9,5.15,4.5,18.0,0.0,0.9,0.9
PROP-760BA0DDF386,6.5,6.75,4.0,19.5,0.0,0.25,0.5
PROP-4300F12C3950,4.0,4.25,3.0,18.0,0.0,0.0,-1.15
PROP-AA4174665F3A,4.0,4.25,4.0,18.0,0.0,0.0,0.0
PROP-ACC85859D4D0,4.0,4.25,4.0,18.0,0.0,0.0,0.0
PROP-67DA8FD2B232,4.9,5.15,4.5,18.0,0.0,0.9,0.9
PROP-C25FC49093EC,4.0,4.25,3.0,18.0,0.0,0.0,-1.15
PROP-CC77F8B997A2,4.0,4.25,3.0,18.0,0.0,-0.4,-1.75
PROP-A3EE1681F4F1,4.0,4.25,3.0,18.0,0.0,0.0,-1.15
PROP-FEA8DC892B64,5.15,5.4,4.0,18.5,-0.25,-0.6,-1.35
PROP-613722215E2B,4.0,4.25,4.0,18.0,0.0,0.0,0.0
PROP-AA93717735AA,6.5,6.75,4.0,19.25,0.0,0.0,0.5
PROP-568EAA7B6D06,6.5,6.75,4.0,19.25,0.0,0.0,0.5
PROP-940D11E93747,5.15,5.4,4.0,18.25,0.0,0.0,-1.35
PROP-C45C3A004E10,5.15,5.4,4.0,18.5,-0.25,-0.6,-1.35
PROP-F376C46FDBD0,5.75,6.0,4.0,19.0,0.0,-0.25,-0.5
PROP-C7E1FB0D7BC6,6.5,6.75,4.0,19.25,0.0,0.0,0.5
PROP-83001A7C36FF,4.0,4.25,4.0,18.0,0.0,0.0,0.0
PROP-3B969DA53316,5.75,6.0,4.0,19.0,0.0,-0.25,-0.5
PROP-094BF9E95C29,5.15,5.4,4.0,18.25,0.0,0.0,-1.35
PROP-D04B9317EC69,4.0,4.25,3.0,18.0,0.0,-0.4,-1.75
PROP-77D79649E9B0,5.15,5.4,4.0,18.5,-0.25,-0.6,-1.35
PROP-FF3B1A6CD2B7,5.9,6.15,4.5,18.0,0.0,1.0,1.9
PROP-896E8998397A,4.9,5.15,4.5,18.0,0.0,0.9,0.9
PROP-75722758C510,4.0,4.25,4.0,18.0,0.0,0.0,0.0
PROP-F0BE01974C67,6.25,6.5,4.0,19.5,0.0,0.25,0.0
PROP-C40541DC8BD1,4.0,4.25,4.0,18.0,0.0,0.0,0.0
PROP-C83508BEF083,4.0,4.25,3.5,18.0,0.0,0.0,-0.4
PROP-F765DBC87A49,4.0,4.25,3.0,18.0,0.0,-0.4,-1.75
PROP-4AFA736A60DB,4.4,4.65,3.0,18.0,0.0,-0.75,-1.6
PROP-180CDD94E837,4.0,4.25,3.0,18.0,0.0,0.0,-1.15
PROP-B6BCC6971C59,4.0,4.25,4.0,18.0,0.0,0.0,0.0
PROP-8125F70BD88F,4.0,4.25,3.5,18.0,0.0,0.0,-0.4
PROP-ACA40F1E7BF7,4.0,4.25,4.0,18.0,0.0,0.0,0.0
PROP-5EF7FBB62FEC,5.15,5.4,4.0,18.25,0.0,0.0,-1.35
PROP-C3BC25FF43B2,5.75,6.0,4.0,19.0,0.0,-0.25,-0.5
PROP-FA3CBE6EB4AF,6.25,6.5,4.0,19.5,0.0,0.25,0.0
PROP-6DFFAB8122EF,4.0,4.25,4.0,18.0,0.0,0.0,0.0
PROP-8479270EB7D1,4.0,4.25,4.0,18.0,0.0,0.0,0.0
PROP-A5E92BA98A08,5.15,5.4,4.0,18.25,0.0,0.0,-1.35
PROP-854B237C34A2,4.0,4.25,3.0,18.0,0.0,-0.4,-1.75
PROP-88263A0917D7,4.9,5.15,4.5,18.0,0.0,0.9,0.9
PROP-07BD92D81073,4.0,4.25,3.0,18.0,0.0,0.0,-1.15
PROP-F265FAA21543,4.4,4.65,3.0,18.0,0.0,-0.75,-1.6
PROP-ED4DB1169AFB,4.9,5.15,4.5,18.0,0.0,0.9,0.9
PROP-19AFDC06952A,5.15,5.4,4.0,18.5,-0.25,-0.6,-1.35
PROP-42674F91CE2C,6.25,6.5,4.0,19.5,0.0,0.25,0.0
PROP-4A0042291F15,6.5,6.75,4.0,19.5,0.0,0.25,0.5
PROP-55F1382F4E81,6.0,6.25,4.0,19.25,-0.25,-0.5,0.0
PROP-26E953645942,6.25,6.5,4.0,19.5,0.0,0.25,0.0
PROP-24E1DEBA3CA7,5.15,5.4,4.0,18.5,-0.25,-0.6,-1.35
PROP-D500B4A219BE,5.9,6.15,4.5,18.0,0.0,1.0,1.9
PROP-AA8DD1B61DD3,5.15,5.4,4.0,18.5,-0.25,-0.6,-1.35
PROP-98A01EFA3405,5.75,6.0,4.0,19.0,0.0,-0.25,-0.5
PROP-AAAE434A61C7,5.9,6.15,4.5,18.0,0.0,1.0,1.9
PROP-63023C8EB115,5.75,6.0,4.0,19.0,0.0,-0.25,-0.5
PROP-51E40AE841B9,4.0,4.25,4.0,18.0,0.0,0.0,0.0
PROP-4DB6AB717F42,4.4,4.65,3.0,18.0,0.0,-0.75,-1.6
PROP-CEAC8EAB9DA8,4.0,4.25,4.0,18.0,0.0,0.0,0.0
PROP-07BF37062BF8,4.0,4.25,4.0,18.0,0.0,0.0,0.0
PROP-06949B2269DA,4.0,4.25,4.0,18.0,0.0,0.0,0.0
PROP-EF3604D9189F,5.75,6.0,4.0,19.0,0.0,-0.25,-0.5
PROP-2F6975A27159,4.4,4.65,3.0,18.0,0.0,-0.75,-1.6
PROP-F7AA2614115B,5.75,6.0,4.0,19.0,0.0,-0.25,-0.5
PROP-C89268A73288,6.0,6.25,4.0,19.25,-0.25,-0.5,0.0
PROP-EE3CB4EFCD1F,4.0,4.25,3.0,18.0,0.0,-0.4,-1.75
PROP-B80A3EFFA976,6.5,6.75,4.0,19.5,0.0,0.25,0.5
PROP-644D268CD417,4.9,5.15,4.5,18.0,0.0,0.9,0.9
PROP-495093C0133A,4.0,4.25,3.5,18.0,0.0,0.0,-0.4
PROP-1D3740F9687C,6.5,6.75,4.0,19.5,0.0,0.25,0.5
PROP-0CAA424BBEBB,4.0,4.25,3.0,18.0,0.0,0.0,-1.15
PROP-512B142A453D,6.25,6.5,4.0,19.5,0.0,0.25,0.0
PROP-03531CEBC5CA,4.9,5.15,4.5,18.0,0.0,0.9,0.9
PROP-EAB99D55B3C4,4.4,4.65,3.0,18.0,0.0,-0.75,-1.6
PROP-D790BBCC044B,5.15,5.4,4.0,18.5,-0.25,-0.6,-1.35
PROP-3F6AEE676712,5.75,6.0,4.0,19.0,0.0,-0.25,-0.5
PROP-8674AFDD7453,5.9,6.15,4.5,18.0,0.0,1.0,1.9
PROP-DFB667D03745,6.5,6.75,4.0,19.25,0.0,0.0,0.5
PROP-047E95DEE7C8,4.0,4.25,3.0,18.0,0.0,0.0,-1.15
PROP-2C44522F1A74,6.0,6.25,4.0,19.5,0.0,0.0,-0.25
PROP-E4A2D967E7FA,5.15,5.4,4.0,18.25,0.0,0.0,-1.35
PROP-52BBB8022FFC,6.5,6.75,4.0,19.25,0.0,0.0,0.5
PROP-701C80F2018E,6.5,6.75,4.0,19.25,0.0,0.0,0.5
PROP-553BBFF675E1,6.25,6.5,4.0,19.5,0.0,0.25,0.0
PROP-A4AF253BEE26,4.0,4.25,3.0,18.0,0.0,-0.4,-1.75
PROP-983532FAE8A3,4.4,4.65,3.0,18.0,0.0,-0.75,-1.6
PROP-07462D6C8C7A,6.0,6.25,4.0,19.5,0.0,0.0,-0.25
PROP-05F1E0BA42EF,4.0,4.25,4.0,18.0,0.0,0.0,0.0
PROP-7EE2E46DC5A3,4.0,4.25,4.0,18.0,0.0,0.0,0.0
PROP-EB5E466A1241,6.0,6.25,4.0,19.25,-0.25,-0.5,0.0
PROP-5D81268902FC,4.0,4.25,4.0,18.0,0.0,0.0,0.0
PROP-9A477495F2CA,5.15,5.4,4.0,18.5,-0.25,-0.6,-1.35
PROP-CC1A3CD1AEAE,4.9,5.15,4.5,18.0,0.0,0.9,0.9
PROP-4CE82AB46907,6.0,6.25,4.0,19.25,-0.25,-0.5,0.0
PROP-BE8B5CCE6309,5.75,6.0,4.0,19.0,0.0,-0.25,-0.5
PROP-D111B018C185,6.0,6.25,4.0,19.25,-0.25,-0.5,0.0
PROP-1A276C1D7559,4.4,4.65,3.0,18.0,0.0,-0.75,-1.6
PROP-536B22C04615,6.5,6.75,4.0,19.25,0.0,0.0,0.5
PROP-EE49C098F2A5,6.0,6.25,4.0,19.5,0.0,0.0,-0.25
PROP-7A9A42130E33,4.0,4.25,3.0,18.0,0.0,0.0,-1.15
PROP-9D1515AB876E,4.0,4.25,4.0,18.0,0.0,0.0,0.0
PROP-26F6F60CE515,5.9,6.15,4.5,18.0,0.0,1.0,1.9
PROP-80AE0D35D32E,4.0,4.25,4.0,18.0,0.0,0.0,0.0
PROP-0FCD6A7E37DF,5.15,5.4,4.0,18.5,-0.25,-0.6,-1.35
PROP-1BD263B4D59C,6.0,6.25,4.0,19.25,-0.25,-0.5,0.0
PROP-FCC8D7E35D53,4.4,4.65,3.0,18.0,0.0,-0.75,-1.6
PROP-9535937080E8,4.0,4.25,3.0,18.0,0.0,0.0,-1.15
PROP-2B2BD378CAEC,4.9,5.15,4.5,18.0,0.0,0.9,0.9
PROP-D3D597574BF2,5.15,5.4,4.0,18.25,0.0,0.0,-1.35
PROP-BD41BC9F48D5,4.0,4.25,3.5,18.0,0.0,0.0,-0.4
PROP-29E8CB101368,6.0,6.25,4.0,19.25,-0.25,-0.5,0.0
PROP-028B93450DC7,5.15,5.4,4.0,18.25,0.0,0.0,-1.35
PROP-A3E21F233FE8,4.0,4.25,4.0,18.0,0.0,0.0,0.0
PROP-D5A978A28FD4,6.25,6.5,4.0,19.5,0.0,0.25,0.0
PROP-F68204388524,5.15,5.4,4.0,18.25,0.0,0.0,-1.35
PROP-F5994CC74EAF,6.25,6.5,4.0,19.5,0.0,0.25,0.0
PROP-4F4E5027B87F,4.0,4.25,3.0,18.0,0.0,0.0,-1.15
PROP-B3CB4C5F6087,4.0,4.25,4.0,18.0,0.0,0.0,0.0
PROP-71FFA49892BE,6.5,6.75,4.0,19.5,0.0,0.25,0.5
PROP-7BC1F225166A,4.9,5.15,4.5,18.0,0.0,0.9,0.9
PROP-F42D893771A7,4.0,4.25,3.0,18.0,0.0,0.0,-1.15
PROP-929741C64C3E,6.0,6.25,4.0,19.25,-0.25,-0.5,0.0
PROP-B3180B97F460,4.0,4.25,3.0,18.0,0.0,0.0,-1.15
PROP-632D9F970083,6.5,6.75,4.0,19.5,0.0,0.25,0.5
PROP-6A23CD209558,5.15,5.4,4.0,18.5,-0.25,-0.6,-1.35
PROP-E963C0880622,6.25,6.5,4.0,19.5,0.0,0.25,0.0
PROP-D561EE9D47F8,4.0,4.25,3.0,18.0,0.0,0.0,-1.15
PROP-FCAE860070BC,6.0,6.25,4.0,19.25,-0.25,-0.5,0.0
PROP-A3856808C7FA,4.0,4.25,4.0,18.0,0.0,0.0,0.0
PROP-F2AFCFDB7F0B,4.0,4.25,4.0,18.0,0.0,0.0,0.0
PROP-45D5273941F0,4.0,4.25,3.0,18.0,0.0,0.0,-1.15
PROP-49CEA6ACAB6B,4.0,4.25,4.0,18.0,0.0,0.0,0.0
PROP-76DCD99525D5,6.0,6.25,4.0,19.5,0.0,0.0,-0.25
PROP-C91A30EEA6D6,4.0,4.25,4.0,18.0,0.0,0.0,0.0
PROP-F79FC0B77010,6.5,6.75,4.0,19.25,0.0,0.0,0.5
PROP-93A71C04586A,6.25,6.5,4.0,19.5,0.0,0.25,0.0
PROP-ED9A9C2A9FFB,5.15,5.4,4.0,18.5,-0.25,-0.6,-1.35
PROP-CB8AB53C5ED3,4.0,4.25,3.5,18.0,0.0,0.0,-0.4
PROP-F2195BC4ACCD,4.0,4.25,4.0,18.0,0.0,0.0,0.0
PROP-A02D1D9F3763,4.9,5.15,4.5,18.0,0.0,0.9,0.9
PROP-7FBF06642CBF,5.15,5.4,4.0,18.5,-0.25,-0.6,-1.35
PROP-24C25F235AA2,6.0,6.25,4.0,19.25,-0.25,-0.5,0.0
PROP-AFCDDC110415,4.0,4.25,3.0,18.0,0.0,-0.4,-1.75
PROP-8675524FC736,4.4,4.65,3.0,18.0,0.0,-0.75,-1.6
PROP-A5FE3457F799,6.25,6.5,4.0,19.5,0.0,0.25,0.0
PROP-8DAA52C4EB91,6.0,6.25,4.0,19.25,-0.25,-0.5,0.0
PROP-0FC7A99586C0,6.0,6.25,4.0,19.5,0.0,0.0,-0.25
PROP-C763DCF5D42B,6.0,6.25,4.0,19.5,0.0,0.0,-0.25
PROP-2371B6173A7F,4.4,4.65,3.0,18.0,0.0,-0.75,-1.6
PROP-0391AC41F39A,4.0,4.25,3.0,18.0,0.0,0.0,-1.15
PROP-011B7649732A,4.4,4.65,3.0,18.0,0.0,-0.75,-1.6
PROP-A87A8D74790D,4.9,5.15,4.5,18.0,0.0,0.9,0.9
PROP-FD8307310423,5.9,6.15,4.5,18.0,0.0,1.0,1.9
PROP-6398BE76A429,5.75,6.0,4.0,19.0,0.0,-0.25,-0.5
PROP-76004D64B147,5.75,6.0,4.0,19.0,0.0,-0.25,-0.5
PROP-FF67DF4FD4E3,6.25,6.5,4.0,19.5,0.0,0.25,0.0
PROP-48FF77CF86EA,5.9,6.15,4.5,18.0,0.0,1.0,1.9
PROP-C810B5D003A8,4.0,4.25,4.0,18.0,0.0,0.0,0.0
PROP-C7EB6FBC2737,6.0,6.25,4.0,19.5,0.0,0.0,-0.25
PROP-472DC7D7B8C7,4.0,4.25,3.5,18.0,0.0,0.0,-0.4
PROP-DB8EEB99DA27,5.9,6.15,4.5,18.0,0.0,1.0,1.9
PROP-F3E24227604A,4.0,4.25,4.0,18.0,0.0,0.0,0.0
PROP-9421ADEFCFCF,4.0,4.25,3.0,18.0,0.0,-0.4,-1.75
PROP-C175AF25A404,4.0,4.25,3.0,18.0,0.0,0.0,-1.15
PROP-90D5BC2CB05A,5.75,6.0,4.0,19.0,0.0,-0.25,-0.5
PROP-C08D5A53FD83,6.0,6.25,4.0,19.5,0.0,0.0,-0.25
PROP-901E373C27F5,6.0,6.25,4.0,19.25,-0.25,-0.5,0.0
PROP-4ABBEB8C8EFE,5.9,6.15,4.5,18.0,0.0,1.0,1.9
PROP-F20A737A6EA5,4.0,4.25,4.0,18.0,0.0,0.0,0.0
PROP-E9151E039BC5,6.5,6.75,4.0,19.5,0.0,0.25,0.5
PROP-01E27892082A,4.0,4.25,3.5,18.0,0.0,0.0,-0.4
PROP-D16D9D685454,6.25,6.5,4.0,19.5,0.0,0.25,0.0
PROP-D5A5A6964C98,4.0,4.25,3.0,18.0,0.0,0.0,-1.15
PROP-AE059C9EFDA8,6.5,6.75,4.0,19.25,0.0,0.0,0.5
PROP-017B4C540096,6.0,6.25,4.0,19.5,0.0,0.0,-0.25
PROP-465881E4B874,6.25,6.5,4.0,19.5,0.0,0.25,0.0
PROP-36EDC2206689,4.0,4.25,4.0,18.0,0.0,0.0,0.0
PROP-FF44CE499C7D,5.9,6.15,4.5,18.0,0.0,1.0,1.9
PROP-20A016CF8804,5.9,6.15,4.5,18.0,0.0,1.0,1.9
PROP-26E1F142EA93,4.0,4.25,4.0,18.0,0.0,0.0,0.0
PROP-4EF1B8C93D5D,4.0,4.25,3.0,18.0,0.0,-0.4,-1.75
PROP-E478C760D685,4.9,5.15,4.5,18.0,0.0,0.9,0.9
PROP-4A8FE062D0CA,4.0,4.25,3.0,18.0,0.0,0.0,-1.15
PROP-20B0134DEE3B,4.4,4.65,3.0,18.0,0.0,-0.75,-1.6
PROP-5D717E16A413,4.0,4.25,4.0,18.0,0.0,0.0,0.0
PROP-B380986495BF,4.0,4.25,3.5,18.0,0.0,0.0,-0.4
PROP-2539288F6218,6.25,6.5,4.0,19.5,0.0,0.25,0.0
PROP-4500CC462AB1,4.0,4.25,3.0,18.0,0.0,-0.4,-1.75
PROP-018A0652B35A,4.0,4.25,3.0,18.0,0.0,-0.4,-1.75
PROP-3406A325F0BD,4.0,4.25,4.0,18.0,0.0,0.0,0.0
PROP-D1C9187B98AF,5.9,6.15,4.5,18.0,0.0,1.0,1.9
PROP-E1BF124B0B68,4.0,4.25,4.0,18.0,0.0,0.0,0.0
PROP-0E323EAE8451,4.0,4.25,3.5,18.0,0.0,0.0,-0.4
PROP-62A075D37AE6,4.0,4.25,4.0,18.0,0.0,0.0,0.0
PROP-B48E7CD96E9B,4.0,4.25,3.5,18.0,0.0,0.0,-0.4
PROP-41C4EAC2E41A,6.25,6.5,4.0,19.5,0.0,0.25,0.0
PROP-BC2449F4C07D,4.0,4.25,3.5,18.0,0.0,0.0,-0.4
PROP-613050A4BE14,5.15,5.4,4.0,18.5,-0.25,-0.6,-1.35
PROP-175986DAA73D,6.0,6.25,4.0,19.5,0.0,0.0,-0.25
PROP-017F60BA53B4,4.0,4.25,3.0,18.0,0.0,0.0,-1.15
PROP-8A8505709A6E,4.0,4.25,4.0,18.0,0.0,0.0,0.0
PROP-EBDDE72A7928,4.0,4.25,4.0,18.0,0.0,0.0,0.0
PROP-ECBC04F9EEDC,4.0,4.25,4.0,18.0,0.0,0.0,0.0
PROP-CD7F112A1F19,5.9,6.15,4.5,18.0,0.0,1.0,1.9
PROP-97D67E500648,6.25,6.5,4.0,19.5,0.0,0.25,0.0
PROP-3E77D40DDAAD,4.9,5.15,4.5,18.0,0.0,0.9,0.9
PROP-0F3F077605E0,5.75,6.0,4.0,19.0,0.0,-0.25,-0.5
PROP-9A15C2E37E68,4.0,4.25,3.0,18.0,0.0,-0.4,-1.75
PROP-3369265EEB4E,4.4,4.65,3.0,18.0,0.0,-0.75,-1.6
PROP-9DE91BFA2CB4,4.0,4.25,4.0,18.0,0.0,0.0,0.0
PROP-9578CD04A0F7,6.0,6.25,4.0,19.5,0.0,0.0,-0.25
PROP-496E18BF3449,4.0,4.25,4.0,18.0,0.0,0.0,0.0
PROP-67E010CBF82E,5.15,5.4,4.0,18.5,-0.25,-0.6,-1.35
PROP-CB9AA7347242,6.0,6.25,4.0,19.5,0.0,0.0,-0.25
PROP-5754DFE87A5A,5.15,5.4,4.0,18.25,0.0,0.0,-1.35
PROP-0531C1014EA7,5.75,6.0,4.0,19.0,0.0,-0.25,-0.5
PROP-ED894EF05DC0,5.9,6.15,4.5,18.0,0.0,1.0,1.9
PROP-9644BAD13717,6.5,6.75,4.0,19.25,0.0,0.0,0.5
PROP-C27827C13EFE,4.0,4.25,4.0,18.0,0.0,0.0,0.0
PROP-557139DE533D,4.9,5.15,4.5,18.0,0.0,0.9,0.9
PROP-FD365DB77760,4.0,4.25,4.0,18.0,0.0,0.0,0.0
PROP-F73C51824DEC,5.9,6.15,4.5,18.0,0.0,1.0,1.9
PROP-3917DAD20872,4.0,4.25,3.0,18.0,0.0,0.0,-1.15
PROP-A85B8A30BD0E,5.75,6.0,4.0,19.0,0.0,-0.25,-0.5
PROP-996C65662CD4,4.9,5.15,4.5,18.0,0.0,0.9,0.9
PROP-CF858C63DE59,6.0,6.25,4.0,19.25,-0.25,-0.5,0.0
PROP-72693FD3DEE9,4.0,4.25,4.0,18.0,0.0,0.0,0.0
PROP-7613CED37659,4.4,4.65,3.0,18.0,0.0,-0.75,-1.6
PROP-F2A682214E5D,6.5,6.75,4.0,19.25,0.0,0.0,0.5
PROP-822EDA72DCC6,4.9,5.15,4.5,18.0,0.0,0.9,0.9
PROP-573076A0C574,4.0,4.25,4.0,18.0,0.0,0.0,0.0
PROP-D01A8C19A613,5.15,5.4,4.0,18.5,-0.25,-0.6,-1.35
PROP-EDD195AB9964,5.15,5.4,4.0,18.25,0.0,0.0,-1.35
PROP-6E84587F9F99,6.5,6.75,4.0,19.25,0.0,0.0,0.5
PROP-F5B758E3AB84,4.0,4.25,3.0,18.0,0.0,-0.4,-1.75
PROP-F75FFFA066C1,4.0,4.25,3.0,18.0,0.0,0.0,-1.15
PROP-010C87DF1C82,5.75,6.0,4.0,19.0,0.0,-0.25,-0.5
PROP-5D1827F25EE4,6.5,6.75,4.0,19.5,0.0,0.25,0.5
PROP-379525864704,4.9,5.15,4.5,18.0,0.0,0.9,0.9
PROP-C20D0A8F12C4,4.0,4.25,4.0,18.0,0.0,0.0,0.0
PROP-04FB665A65BF,4.0,4.25,4.0,18.0,0.0,0.0,0.0
PROP-C399DC66E0C5,4.4,4.65,3.0,18.0,0.0,-0.75,-1.6
PROP-18B754B101F4,6.5,6.75,4.0,19.5,0.0,0.25,0.5
PROP-3C932079BBAB,6.0,6.25,4.0,19.25,-0.25,-0.5,0.0
PROP-5226106142C4,6.25,6.5,4.0,19.5,0.0,0.25,0.0
PROP-94A12E5EE1AA,4.0,4.25,4.0,18.0,0.0,0.0,0.0
PROP-FF55B7648588,6.25,6.5,4.0,19.5,0.0,0.25,0.0
PROP-FD131C3AB10D,5.15,5.4,4.0,18.25,0.0,0.0,-1.35
PROP-BF6983112316,4.0,4.25,3.5,18.0,0.0,0.0,-0.4
PROP-36A83FF1ABBF,6.0,6.25,4.0,19.5,0.0,0.0,-0.25
PROP-5F15A3C2707B,5.15,5.4,4.0,18.25,0.0,0.0,-1.35
PROP-29E8098A6751,5.9,6.15,4.5,18.0,0.0,1.0,1.9
PROP-569A37ADA2C3,4.0,4.25,4.0,18.0,0.0,0.0,0.0
PROP-ED65CC6CF872,4.0,4.25,3.0,18.0,0.0,0.0,-1.15
PROP-4E45D2A3987A,5.75,6.0,4.0,19.0,0.0,-0.25,-0.5
PROP-D155A52CEA6E,4.0,4.25,4.0,18.0,0.0,0.0,0.0
PROP-52424E54F5E3,5.9,6.15,4.5,18.0,0.0,1.0,1.9
PROP-726F44F17E5A,4.0,4.25,3.5,18.0,0.0,0.0,-0.4
PROP-1C928C34B1A3,6.0,6.25,4.0,19.25,-0.25,-0.5,0.0
PROP-479764EAE945,6.0,6.25,4.0,19.25,-0.25,-0.5,0.0
PROP-2BDF8D921D38,4.9,5.15,4.5,18.0,0.0,0.9,0.9
PROP-22491C01BD6B,4.0,4.25,3.0,18.0,0.0,0.0,-1.15
PROP-51A49AD231D2,6.5,6.75,4.0,19.5,0.0,0.25,0.5
PROP-73AD0F516D1D,5.9,6.15,4.5,18.0,0.0,1.0,1.9
PROP-921B1CAA7AB4,4.0,4.25,3.0,18.0,0.0,-0.4,-1.75
PROP-EEC6AEF7BCD6,5.15,5.4,4.0,18.5,-0.25,-0.6,-1.35
PROP-8C6E6BE04977,6.0,6.25,4.0,19.25,-0.25,-0.5,0.0
PROP-0AE1954572A3,5.75,6.0,4.0,19.0,0.0,-0.25,-0.5
PROP-6310B5ABC32E,5.75,6.0,4.0,19.0,0.0,-0.25,-0.5
PROP-ECBD49F127A4,5.75,6.0,4.0,19.0,0.0,-0.25,-0.5
PROP-84B74FE4F909,5.75,6.0,4.0,19.0,0.0,-0.25,-0.5
PROP-677B3A7C2D9F,4.0,4.25,4.0,18.0,0.0,0.0,0.0
PROP-185F2C1C26F2,6.5,6.75,4.0,19.5,0.0,0.25,0.5
PROP-FA196D3E6144,4.0,4.25,4.0,18.0,0.0,0.0,0.0
PROP-FC18DCC7A968,5.15,5.4,4.0,18.25,0.0,0.0,-1.35
PROP-600CED5D2A6B,4.0,4.25,3.5,18.0,0.0,0.0,-0.4
PROP-1ACD8906CC4B,4.0,4.25,3.0,18.0,0.0,0.0,-1.15
PROP-EF439CD343C8,6.0,6.25,4.0,19.25,-0.25,-0.5,0.0
PROP-98FC4368AAFE,4.0,4.25,4.0,18.0,0.0,0.0,0.0
PROP-9E2612B51244,4.0,4.25,3.5,18.0,0.0,0.0,-0.4
PROP-4B9317F317CC,4.0,4.25,3.0,18.0,0.0,-0.4,-1.75
PROP-80F7F9DABC91,5.75,6.0,4.0,19.0,0.0,-0.25,-0.5
PROP-31C335EAA49F,5.9,6.15,4.5,18.0,0.0,1.0,1.9
PROP-61FF2F93A3CD,4.0,4.25,4.0,18.0,0.0,0.0,0.0
PROP-6E5AF3C3EB18,4.0,4.25,3.0,18.0,0.0,0.0,-1.15
PROP-04C5E764EC4F,6.25,6.5,4.0,19.5,0.0,0.25,0.0
PROP-7471A6779ED1,4.0,4.25,3.0,18.0,0.0,0.0,-1.15
PROP-17CCFB9EB441,4.0,4.25,3.0,18.0,0.0,0.0,-1.15
PROP-283C9510A6DA,5.15,5.4,4.0,18.5,-0.25,-0.6,-1.35
PROP-2BECFA88A0BD,6.5,6.75,4.0,19.25,0.0,0.0,0.5
PROP-A4FD29C9DE8B,6.0,6.25,4.0,19.5,0.0,0.0,-0.25
PROP-6F2E1D655213,4.9,5.15,4.5,18.0,0.0,0.9,0.9
PROP-5D1755571047,6.5,6.75,4.0,19.25,0.0,0.0,0.5
PROP-1E50B84C5986,6.0,6.25,4.0,19.25,-0.25,-0.5,0.0
PROP-A8D2EB847388,6.0,6.25,4.0,19.5,0.0,0.0,-0.25
PROP-10C8C277B422,4.0,4.25,3.5,18.0,0.0,0.0,-0.4
PROP-866082789154,6.5,6.75,4.0,19.25,0.0,0.0,0.5
PROP-6271B5488588,4.0,4.25,4.0,18.0,0.0,0.0,0.0
PROP-28F5B24D0E3D,4.9,5.15,4.5,18.0,0.0,0.9,0.9
PROP-7DB25303D54D,4.0,4.25,3.5,18.0,0.0,0.0,-0.4
PROP-EC60233BBF5C,5.9,6.15,4.5,18.0,0.0,1.0,1.9
PROP-0838C5506629,4.0,4.25,4.0,18.0,0.0,0.0,0.0
PROP-22B5CAA9CC48,5.75,6.0,4.0,19.0,0.0,-0.25,-0.5
PROP-E8A38E70F342,4.0,4.25,4.0,18.0,0.0,0.0,0.0
PROP-9AF14BFC3FD7,4.0,4.25,4.0,18.0,0.0,0.0,0.0
PROP-E0605B88F140,4.0,4.25,4.0,18.0,0.0,0.0,0.0
PROP-C372888D8EE9,4.0,4.25,3.5,18.0,0.0,0.0,-0.4
PROP-730DC06A9CCE,4.0,4.25,4.0,18.0,0.0,0.0,0.0
PROP-AFA257101EFB,4.0,4.25,4.0,18.0,0.0,0.0,0.0
PROP-1D1E6EC23F00,4.4,4.65,3.0,18.0,0.0,-0.75,-1.6
PROP-1B35FE735B34,4.0,4.25,3.5,18.0,0.0,0.0,-0.4
PROP-8386F83F7B8D,6.25,6.5,4.0,19.5,0.0,0.25,0.0
PROP-AE82A2A94002,4.0,4.25,3.5,18.0,0.0,0.0,-0.4
PROP-AEE82E00F874,4.0,4.25,3.5,18.0,0.0,0.0,-0.4
PROP-13CEBE2A0740,5.9,6.15,4.5,18.0,0.0,1.0,1.9
PROP-C063475D2A15,6.0,6.25,4.0,19.5,0.0,0.0,-0.25
PROP-47C5803E0547,4.9,5.15,4.5,18.0,0.0,0.9,0.9
PROP-9874EA93FB3E,4.0,4.25,4.0,18.0,0.0,0.0,0.0
PROP-0B325F2674A3,4.0,4.25,3.5,18.0,0.0,0.0,-0.4
PROP-234687B1D794,4.0,4.25,4.0,18.0,0.0,0.0,0.0
PROP-B774C1A6C06F,4.4,4.65,3.0,18.0,0.0,-0.75,-1.6
PROP-D35BDA093917,4.9,5.15,4.5,18.0,0.0,0.9,0.9
PROP-84088BF54F79,4.0,4.25,3.0,18.0,0.0,0.0,-1.15
PROP-855C7545D2C1,4.4,4.65,3.0,18.0,0.0,-0.75,-1.6
PROP-1573A09AF49E,4.0,4.25,4.0,18.0,0.0,0.0,0.0
PROP-A3E47D81DB47,5.15,5.4,4.0,18.5,-0.25,-0.6,-1.35
PROP-D07A88266219,5.9,6.15,4.5,18.0,0.0,1.0,1.9
PROP-3AA1551CB28D,4.0,4.25,4.0,18.0,0.0,0.0,0.0
PROP-D460FC4D4C16,5.15,5.4,4.0,18.25,0.0,0.0,-1.35
PROP-492CBFFE59DE,4.0,4.25,4.0,18.0,0.0,0.0,0.0
PROP-A1044221108A,5.75,6.0,4.0,19.0,0.0,-0.25,-0.5
PROP-A7942BECBE8A,5.15,5.4,4.0,18.5,-0.25,-0.6,-1.35
PROP-6F0E4CFD22DB,5.9,6.15,4.5,18.0,0.0,1.0,1.9
PROP-B9A934115A3C,4.0,4.25,3.0,18.0,0.0,0.0,-1.15
PROP-19A0628A7076,4.0,4.25,4.0,18.0,0.0,0.0,0.0
PROP-E37BC4374CB1,4.0,4.25,3.0,18.0,0.0,0.0,-1.15
PROP-EB89327F8A2C,6.25,6.5,4.0,19.5,0.0,0.25,0.0
PROP-A8C1CC999953,5.15,5.4,4.0,18.25,0.0,0.0,-1.35
PROP-539860805667,5.15,5.4,4.0,18.25,0.0,0.0,-1.35
PROP-DE5731F139BF,4.9,5.15,4.5,18.0,0.0,0.9,0.9
PROP-5AE1BC125B15,4.0,4.25,3.0,18.0,0.0,0.0,-1.15
PROP-FDC2A7118B60,4.0,4.25,4.0,18.0,0.0,0.0,0.0
PROP-4D247DF72902,6.5,6.75,4.0,19.25,0.0,0.0,0.5
PROP-6A50E592E906,5.15,5.4,4.0,18.5,-0.25,-0.6,-1.35
PROP-47A28DBD64A3,4.0,4.25,3.0,18.0,0.0,0.0,-1.15
PROP-E28DF73E05CE,4.9,5.15,4.5,18.0,0.0,0.9,0.9
PROP-6251750D8068,4.0,4.25,4.0,18.0,0.0,0.0,0.0
PROP-574D172C64A5,4.0,4.25,3.0,18.0,0.0,-0.4,-1.75
PROP-AC2302554A6A,4.9,5.15,4.5,18.0,0.0,0.9,0.9
PROP-AA4544D1CB59,5.75,6.0,4.0,19.0,0.0,-0.25,-0.5
PROP-026FB9A49322,6.0,6.25,4.0,19.25,-0.25,-0.5,0.0
PROP-56617C34D204,5.15,5.4,4.0,18.5,-0.25,-0.6,-1.35
PROP-8D5788B3B49D,4.0,4.25,3.0,18.0,0.0,0.0,-1.15
PROP-5B6B422C7150,5.15,5.4,4.0,18.25,0.0,0.0,-1.35
PROP-0F29E6FA99BC,6.0,6.25,4.0,19.5,0.0,0.0,-0.25
PROP-1CB44C5890AA,4.0,4.25,4.0,18.0,0.0,0.0,0.0
PROP-EF02DCBAB9F1,4.4,4.65,3.0,18.0,0.0,-0.75,-1.6
PROP-F53474B4026D,5.75,6.0,4.0,19.0,0.0,-0.25,-0.5
PROP-4B2CA0F67F6D,6.25,6.5,4.0,19.5,0.0,0.25,0.0
PROP-2AC175C3B47C,4.9,5.15,4.5,18.0,0.0,0.9,0.9
PROP-129D64E92676,6.25,6.5,4.0,19.5,0.0,0.25,0.0
PROP-3DFDAE8680CA,5.15,5.4,4.0,18.5,-0.25,-0.6,-1.35
PROP-D6CBE478AAE0,4.0,4.25,4.0,18.0,0.0,0.0,0.0
PROP-0461B2D043A6,4.0,4.25,3.0,18.0,0.0,0.0,-1.15
PROP-3A6D0376B390,6.5,6.75,4.0,19.5,0.0,0.25,0.5
PROP-5D4EAA4FD75A,4.0,4.25,3.0,18.0,0.0,-0.4,-1.75
PROP-AAF61270EA07,4.0,4.25,4.0,18.0,0.0,0.0,0.0
PROP-6518FEB6F1A7,4.4,4.65,3.0,18.0,0.0,-0.75,-1.6
PROP-CF11F47D84E0,6.5,6.75,4.0,19.5,0.0,0.25,0.5
PROP-213D63713C56,4.0,4.25,3.0,18.0,0.0,0.0,-1.15
PROP-8FC5543A96E3,4.0,4.25,3.0,18.0,0.0,0.0,-1.15
PROP-84AC432AD610,6.25,6.5,4.0,19.5,0.0,0.25,0.0
PROP-326F45DBC99C,4.0,4.25,4.0,18.0,0.0,0.0,0.0
PROP-96E019F5CBAE,4.0,4.25,4.0,18.0,0.0,0.0,0.0
PROP-5936E04205C5,4.0,4.25,4.0,18.0,0.0,0.0,0.0
PROP-589503049540,4.9,5.15,4.5,18.0,0.0,0.9,0.9
PROP-F81E9C4EF252,4.0,4.25,4.0,18.0,0.0,0.0,0.0
PROP-B110CDEDE589,4.9,5.15,4.5,18.0,0.0,0.9,0.9
PROP-AE40AF615133,6.5,6.75,4.0,19.5,0.0,0.25,0.5
PROP-F627DC5AE7DA,6.5,6.75,4.0,19.5,0.0,0.25,0.5
PROP-8FEE84FF2372,4.0,4.25,4.0,18.0,0.0,0.0,0.0
PROP-EA8811A894F8,4.0,4.25,4.0,18.0,0.0,0.0,0.0
PROP-E9D356433740,5.9,6.15,4.5,18.0,0.0,1.0,1.9
PROP-F262CC41FA39,4.0,4.25,4.0,18.0,0.0,0.0,0.0
PROP-5B47394DDAFB,4.0,4.25,4.0,18.0,0.0,0.0,0.0
PROP-7EE159206DCD,5.15,5.4,4.0,18.5,-0.25,-0.6,-1.35
PROP-C069C0E0CC1F,4.0,4.25,4.0,18.0,0.0,0.0,0.0
PROP-DE0C3874B195,6.25,6.5,4.0,19.5,0.0,0.25,0.0
PROP-750F50F259A6,4.0,4.25,3.0,18.0,0.0,-0.4,-1.75
PROP-EAB8060E518A,6.25,6.5,4.0,19.5,0.0,0.25,0.0
PROP-939812CA716B,4.4,4.65,3.0,18.0,0.0,-0.75,-1.6
PROP-1F226D11D43F,6.5,6.75,4.0,19.25,0.0,0.0,0.5
PROP-C3806B638112,4.0,4.25,4.0,18.0,0.0,0.0,0.0
PROP-360CD6D331E1,5.15,5.4,4.0,18.25,0.0,0.0,-1.35
PROP-64136EA6D27A,4.0,4.25,3.0,18.0,0.0,-0.4,-1.75
PROP-14CBADCD4370,5.15,5.4,4.0,18.5,-0.25,-0.6,-1.35
PROP-7CD92C18355F,4.4,4.65,3.0,18.0,0.0,-0.75,-1.6
PROP-FA254A04D794,5.75,6.0,4.0,19.0,0.0,-0.25,-0.5
PROP-7B8FC487EFCB,4.0,4.25,3.0,18.0,0.0,0.0,-1.15
PROP-C0443FC34DEB,4.0,4.25,4.0,18.0,0.0,0.0,0.0
PROP-0C5BE453F698,4.0,4.25,3.0,18.0,0.0,0.0,-1.15
PROP-31D90E7BF593,4.0,4.25,4.0,18.0,0.0,0.0,0.0
PROP-D3CE0C07B785,4.0,4.25,3.0,18.0,0.0,0.0,-1.15
PROP-7171972A241C,4.0,4.25,4.0,18.0,0.0,0.0,0.0
PROP-CBE29C6C9AF3,4.0,4.25,4.0,18.0,0.0,0.0,0.0
PROP-C215BE0EC5E6,6.5,6.75,4.0,19.25,0.0,0.0,0.5
PROP-55F0DB5DDE5E,4.0,4.25,4.0,18.0,0.0,0.0,0.0
PROP-5CDCED19F77E,4.0,4.25,4.0,18.0,0.0,0.0,0.0
PROP-A41CEBC7E2BC,5.9,6.15,4.5,18.0,0.0,1.0,1.9
PROP-779D8EA2182F,6.5,6.75,4.0,19.5,0.0,0.25,0.5
PROP-508CE26CD317,6.5,6.75,4.0,19.25,0.0,0.0,0.5
PROP-0C98316F02A1,4.0,4.25,3.5,18.0,0.0,0.0,-0.4
PROP-9D5914B2FDCE,6.0,6.25,4.0,19.25,-0.25,-0.5,0.0
PROP-E95BD1F9DB91,5.15,5.4,4.0,18.5,-0.25,-0.6,-1.35
PROP-E6D9C6C5E840,6.0,6.25,4.0,19.25,-0.25,-0.5,0.0
PROP-92202DA221BB,6.5,6.75,4.0,19.5,0.0,0.25,0.5
PROP-DF0C1CBE1A63,5.15,5.4,4.0,18.25,0.0,0.0,-1.35
PROP-43C6015B65DE,4.4,4.65,3.0,18.0,0.0,-0.75,-1.6
PROP-FC214BE04357,5.75,6.0,4.0,19.0,0.0,-0.25,-0.5
PROP-E403F296391B,4.0,4.25,4.0,18.0,0.0,0.0,0.0
PROP-CCBD059654A6,4.0,4.25,4.0,18.0,0.0,0.0,0.0
PROP-1225888C958D,4.9,5.15,4.5,18.0,0.0,0.9,0.9
PROP-F212EC8692FE,4.0,4.25,3.5,18.0,0.0,0.0,-0.4
PROP-734131851919,4.9,5.15,4.5,18.0,0.0,0.9,0.9
PROP-1A088AB13DFA,6.0,6.25,4.0,19.5,0.0,0.0,-0.25
PROP-64B4BC871400,4.0,4.25,3.5,18.0,0.0,0.0,-0.4
PROP-1D30DD2F7BD4,5.15,5.4,4.0,18.25,0.0,0.0,-1.35
PROP-67BB9ACCC57F,5.15,5.4,4.0,18.5,-0.25,-0.6,-1.35
PROP-7333F24AF932,5.9,6.15,4.5,18.0,0.0,1.0,1.9
PROP-03719D687E72,6.0,6.25,4.0,19.5,0.0,0.0,-0.25
PROP-8369A2251A8B,6.25,6.5,4.0,19.5,0.0,0.25,0.0
PROP-A11208759B2B,6.0,6.25,4.0,19.5,0.0,0.0,-0.25
PROP-E9674CEE8F9A,4.0,4.25,4.0,18.0,0.0,0.0,0.0
PROP-10CC17A6A3AA,5.75,6.0,4.0,19.0,0.0,-0.25,-0.5
PROP-56A8D6FF6980,4.0,4.25,3.0,18.0,0.0,0.0,-1.15
PROP-C066CD21C44C,4.0,4.25,3.0,18.0,0.0,0.0,-1.15
PROP-1EDC1DBC2ABC,6.25,6.5,4.0,19.5,0.0,0.25,0.0
PROP-F5C596FD1106,4.0,4.25,4.0,18.0,0.0,0.0,0.0
PROP-361C15004664,5.15,5.4,4.0,18.25,0.0,0.0,-1.35
PROP-EF8EE19759ED,6.5,6.75,4.0,19.25,0.0,0.0,0.5
PROP-F6B17BC9E971,4.0,4.25,3.0,18.0,0.0,-0.4,-1.75
PROP-4551C0E89061,6.5,6.75,4.0,19.25,0.0,0.0,0.5
PROP-487B76347674,5.9,6.15,4.5,18.0,0.0,1.0,1.9
PROP-F047CA8A888E,6.5,6.75,4.0,19.25,0.0,0.0,0.5
PROP-032B6A187CBB,4.0,4.25,3.0,18.0,0.0,0.0,-1.15
PROP-E25BB19A1AED,6.0,6.25,4.0,19.5,0.0,0.0,-0.25
PROP-33CD1A49D8E0,4.0,4.25,4.0,18.0,0.0,0.0,0.0
PROP-ABCE6A1F8B35,6.0,6.25,4.0,19.5,0.0,0.0,-0.25
PROP-94FAB9D65EF0,4.0,4.25,3.0,18.0,0.0,-0.4,-1.75
PROP-DF8D71ADA81B,6.25,6.5,4.0,19.5,0.0,0.25,0.0
PROP-D0A1A8288A1B,6.5,6.75,4.0,19.5,0.0,0.25,0.5
PROP-07975B50E2F0,5.15,5.4,4.0,18.25,0.0,0.0,-1.35
PROP-89504B5B5703,6.25,6.5,4.0,19.5,0.0,0.25,0.0
PROP-004A24EF5765,6.0,6.25,4.0,19.25,-0.25,-0.5,0.0
PROP-AA6B43C92801,5.75,6.0,4.0,19.0,0.0,-0.25,-0.5
PROP-CD67682FFB4A,4.0,4.25,4.0,18.0,0.0,0.0,0.0
PROP-0519A772C4DE,4.0,4.25,3.0,18.0,0.0,-0.4,-1.75
PROP-E460FE53C280,6.25,6.5,4.0,19.5,0.0,0.25,0.0
PROP-EBD10F2B52E1,4.0,4.25,4.0,18.0,0.0,0.0,0.0
PROP-F8D5D0EAC731,6.25,6.5,4.0,19.5,0.0,0.25,0.0
PROP-869AA2813CC3,6.25,6.5,4.0,19.5,0.0,0.25,0.0
PROP-03ADB728CCBD,4.0,4.25,4.0,18.0,0.0,0.0,0.0
PROP-19965264C4BE,4.4,4.65,3.0,18.0,0.0,-0.75,-1.6
PROP-55969928F1E4,4.0,4.25,4.0,18.0,0.0,0.0,0.0
PROP-715E9AF6FE4E,4.0,4.25,3.5,18.0,0.0,0.0,-0.4
PROP-D5AB0A3A99DC,5.15,5.4,4.0,18.25,0.0,0.0,-1.35
PROP-4CCF306D7507,5.15,5.4,4.0,18.25,0.0,0.0,-1.35
PROP-96B53177926F,4.0,4.25,4.0,18.0,0.0,0.0,0.0
PROP-04B69CA95DAD,4.0,4.25,3.0,18.0,0.0,0.0,-1.15
PROP-823A9A465609,4.0,4.25,3.5,18.0,0.0,0.0,-0.4
PROP-20A3D6DAA47D,5.15,5.4,4.0,18.5,-0.25,-0.6,-1.35
PROP-12F866BB884B,5.9,6.15,4.5,18.0,0.0,1.0,1.9
PROP-E8E138989700,6.0,6.25,4.0,19.25,-0.25,-0.5,0.0
PROP-213500F31B9E,4.0,4.25,4.0,18.0,0.0,0.0,0.0
PROP-EC3016304151,5.9,6.15,4.5,18.0,0.0,1.0,1.9
PROP-A70CE23355F4,4.0,4.25,4.0,18.0,0.0,0.0,0.0
PROP-9DE25E84AB37,4.4,4.65,3.0,18.0,0.0,-0.75,-1.6
PROP-317ABDEA00A2,5.75,6.0,4.0,19.0,0.0,-0.25,-0.5
PROP-C2FD52E06B3A,4.0,4.25,4.0,18.0,0.0,0.0,0.0
PROP-1D18D16D9D71,6.5,6.75,4.0,19.25,0.0,0.0,0.5
PROP-F836FE1B7A46,6.5,6.75,4.0,19.5,0.0,0.25,0.5
PROP-C429AA817111,4.0,4.25,4.0,18.0,0.0,0.0,0.0
PROP-35518DAF4FC4,4.0,4.25,4.0,18.0,0.0,0.0,0.0
PROP-DF2A84C53B98,4.0,4.25,3.0,18.0,0.0,0.0,-1.15
PROP-A6EED4D1333B,4.4,4.65,3.0,18.0,0.0,-0.75,-1.6
PROP-208F23A35D7F,4.0,4.25,3.5,18.0,0.0,0.0,-0.4
PROP-10F1A53FF661,4.0,4.25,3.5,18.0,0.0,0.0,-0.4
PROP-B7313915DF2F,4.0,4.25,3.0,18.0,0.0,0.0,-1.15
PROP-90FDA1C6F76D,6.0,6.25,4.0,19.25,-0.25,-0.5,0.0
PROP-5609D59D7F2E,4.4,4.65,3.0,18.0,0.0,-0.75,-1.6
PROP-0CE5C9388BE6,4.0,4.25,4.0,18.0,0.0,0.0,0.0
PROP-EE658D339931,4.9,5.15,4.5,18.0,0.0,0.9,0.9
PROP-466C6BEF301F,4.0,4.25,3.0,18.0,0.0,0.0,-1.15
PROP-88B102150B5E,4.0,4.25,3.0,18.0,0.0,0.0,-1.15
PROP-56BE3928E5BA,4.0,4.25,4.0,18.0,0.0,0.0,0.0
PROP-682F8E407332,4.0,4.25,3.0,18.0,0.0,0.0,-1.15
PROP-A5C19466FC77,4.4,4.65,3.0,18.0,0.0,-0.75,-1.6
PROP-4D8AAFAF4DD6,5.9,6.15,4.5,18.0,0.0,1.0,1.9
PROP-1C67A5850C33,4.0,4.25,3.5,18.0,0.0,0.0,-0.4
PROP-0829EF621E8B,5.75,6.0,4.0,19.0,0.0,-0.25,-0.5
PROP-ED2A96EE81CC,4.9,5.15,4.5,18.0,0.0,0.9,0.9
PROP-7B0BB392FB77,4.0,4.25,4.0,18.0,0.0,0.0,0.0
PROP-70682C1CB4E8,4.0,4.25,4.0,18.0,0.0,0.0,0.0
PROP-D342A9C9288C,4.0,4.25,4.0,18.0,0.0,0.0,0.0
PROP-2876D8275CF8,4.0,4.25,4.0,18.0,0.0,0.0,0.0
PROP-8D56DA5E9345,4.0,4.25,4.0,18.0,0.0,0.0,0.0
PROP-B62E1A096172,6.25,6.5,4.0,19.5,0.0,0.25,0.0
PROP-D106B29893BC,6.5,6.75,4.0,19.25,0.0,0.0,0.5
PROP-79282DB2860A,6.5,6.75,4.0,19.25,0.0,0.0,0.5
PROP-D7FB928F5036,6.0,6.25,4.0,19.5,0.0,0.0,-0.25
PROP-6862AA36F37F,6.0,6.25,4.0,19.25,-0.25,-0.5,0.0
PROP-E818EE74734E,4.0,4.25,3.0,18.0,0.0,-0.4,-1.75
PROP-0305D32366B2,4.0,4.25,3.0,18.0,0.0,-0.4,-1.75
PROP-B64824F564F4,6.0,6.25,4.0,19.25,-0.25,-0.5,0.0
PROP-7100839F9773,4.0,4.25,3.0,18.0,0.0,0.0,-1.15
PROP-C575E824AB0E,6.0,6.25,4.0,19.5,0.0,0.0,-0.25
PROP-06D0DAA0EFE2,4.0,4.25,4.0,18.0,0.0,0.0,0.0
PROP-39EB7F771781,5.15,5.4,4.0,18.25,0.0,0.0,-1.35
PROP-81EF362EBECE,5.9,6.15,4.5,18.0,0.0,1.0,1.9
PROP-A3AF58BA6E3D,4.0,4.25,4.0,18.0,0.0,0.0,0.0
PROP-6907678B6015,4.0,4.25,4.0,18.0,0.0,0.0,0.0
PROP-946F8B273210,5.15,5.4,4.0,18.5,-0.25,-0.6,-1.35
PROP-90FD603946D7,5.75,6.0,4.0,19.0,0.0,-0.25,-0.5
PROP-91743DD9B5F2,4.0,4.25,3.0,18.0,0.0,0.0,-1.15
PROP-80916DAA8395,4.0,4.25,3.0,18.0,0.0,0.0,-1.15
PROP-641D725540B6,4.0,4.25,3.0,18.0,0.0,0.0,-1.15
PROP-387B92C9041D,4.0,4.25,4.0,18.0,0.0,0.0,0.0
PROP-0C1CCC1B621E,4.0,4.25,3.0,18.0,0.0,0.0,-1.15
PROP-C9A2C940885C,4.0,4.25,4.0,18.0,0.0,0.0,0.0
PROP-4E9E082C8957,5.15,5.4,4.0,18.25,0.0,0.0,-1.35
PROP-13622B23DAF2,4.0,4.25,3.0,18.0,0.0,0.0,-1.15
PROP-9AF5AE6096F0,6.0,6.25,4.0,19.25,-0.25,-0.5,0.0
PROP-8B94E02DE71B,5.15,5.4,4.0,18.25,0.0,0.0,-1.35
PROP-043C0A690401,4.4,4.65,3.0,18.0,0.0,-0.75,-1.6
PROP-E60D397E3128,4.0,4.25,4.0,18.0,0.0,0.0,0.0
PROP-60381980B1B3,6.0,6.25,4.0,19.25,-0.25,-0.5,0.0
PROP-D08A5EDEFD32,4.9,5.15,4.5,18.0,0.0,0.9,0.9
PROP-3FB114EA811B,4.0,4.25,4.0,18.0,0.0,0.0,0.0
PROP-F7D39D692225,6.25,6.5,4.0,19.5,0.0,0.25,0.0
PROP-5B83C9868B63,5.9,6.15,4.5,18.0,0.0,1.0,1.9
PROP-82E152F7236F,4.0,4.25,3.0,18.0,0.0,-0.4,-1.75
PROP-C367A712CEE6,4.0,4.25,4.0,18.0,0.0,0.0,0.0
PROP-7793157358EA,5.15,5.4,4.0,18.25,0.0,0.0,-1.35
PROP-BDA2A15E4E49,4.0,4.25,3.5,18.0,0.0,0.0,-0.4
PROP-13F72F2ABBF5,6.0,6.25,4.0,19.5,0.0,0.0,-0.25
PROP-7ACDA5E233BE,4.0,4.25,4.0,18.0,0.0,0.0,0.0
PROP-2360BD445897,4.4,4.65,3.0,18.0,0.0,-0.75,-1.6
PROP-514DA52875B9,6.5,6.75,4.0,19.5,0.0,0.25,0.5
PROP-6AE9BC303703,4.0,4.25,4.0,18.0,0.0,0.0,0.0
PROP-A32186A71B02,4.0,4.25,3.5,18.0,0.0,0.0,-0.4
PROP-296A5EDDFEF1,4.9,5.15,4.5,18.0,0.0,0.9,0.9
PROP-496AC6060362,6.5,6.75,4.0,19.25,0.0,0.0,0.5
PROP-287FF60116AB,4.0,4.25,4.0,18.0,0.0,0.0,0.0
PROP-E0B412DBFC18,5.75,6.0,4.0,19.0,0.0,-0.25,-0.5
PROP-08CB57B0C697,5.75,6.0,4.0,19.0,0.0,-0.25,-0.5
PROP-DB7894658BEF,4.0,4.25,3.0,18.0,0.0,0.0,-1.15
PROP-F04A334BD729,4.0,4.25,3.0,18.0,0.0,0.0,-1.15
PROP-866DCF251E8B,4.0,4.25,3.0,18.0,0.0,0.0,-1.15
PROP-F0F80401FD42,5.15,5.4,4.0,18.5,-0.25,-0.6,-1.35
PROP-858150077A50,4.0,4.25,4.0,18.0,0.0,0.0,0.0
PROP-134947AA9BFF,6.25,6.5,4.0,19.5,0.0,0.25,0.0
PROP-84649CF2EAE2,4.4,4.65,3.0,18.0,0.0,-0.75,-1.6
PROP-8209B4F66285,4.0,4.25,3.0,18.0,0.0,0.0,-1.15
PROP-AED26BC1EF00,4.0,4.25,3.0,18.0,0.0,-0.4,-1.75
PROP-44494B8B4349,4.0,4.25,3.0,18.0,0.0,-0.4,-1.75
PROP-B6912F70E569,6.5,6.75,4.0,19.5,0.0,0.25,0.5
PROP-444BCC09B996,6.0,6.25,4.0,19.25,-0.25,-0.5,0.0
PROP-0E8C043CFEF5,4.4,4.65,3.0,18.0,0.0,-0.75,-1.6
PROP-4131D283AF10,6.0,6.25,4.0,19.5,0.0,0.0,-0.25
PROP-7CFBF28FD1DF,6.0,6.25,4.0,19.25,-0.25,-0.5,0.0
PROP-861323E5DAF8,6.0,6.25,4.0,19.25,-0.25,-0.5,0.0
PROP-D95FAFCCB4D8,4.0,4.25,3.5,18.0,0.0,0.0,-0.4
PROP-62D01FCFF93E,4.0,4.25,4.0,18.0,0.0,0.0,0.0
PROP-6EC06EA6494A,6.5,6.75,4.0,19.5,0.0,0.25,0.5
PROP-9198C404EE5E,4.0,4.25,4.0,18.0,0.0,0.0,0.0
PROP-027D4A1D5B9F,6.0,6.25,4.0,19.5,0.0,0.0,-0.25
PROP-3E351217DCA4,4.9,5.15,4.5,18.0,0.0,0.9,0.9
PROP-BFA6204FA84D,4.0,4.25,3.5,18.0,0.0,0.0,-0.4
PROP-A9DC951C2E36,4.0,4.25,3.0,18.0,0.0,-0.4,-1.75
PROP-41716324E5F2,4.0,4.25,4.0,18.0,0.0,0.0,0.0
PROP-94C5932EB2C3,4.0,4.25,4.0,18.0,0.0,0.0,0.0
PROP-BF07EE23FA5C,4.0,4.25,3.0,18.0,0.0,-0.4,-1.75
PROP-E052C36DF149,6.5,6.75,4.0,19.5,0.0,0.25,0.5
PROP-FE7C351FC38D,4.9,5.15,4.5,18.0,0.0,0.9,0.9
PROP-0F8F1277BCAE,4.0,4.25,3.0,18.0,0.0,-0.4,-1.75
PROP-1AEE0D9D61CD,5.15,5.4,4.0,18.5,-0.25,-0.6,-1.35
PROP-FD3E8CFEA67C,5.75,6.0,4.0,19.0,0.0,-0.25,-0.5
PROP-67DF1432EBC9,4.0,4.25,3.0,18.0,0.0,0.0,-1.15
PROP-A5B17D9D25B5,4.4,4.65,3.0,18.0,0.0,-0.75,-1.6
PROP-1E1E7036816A,4.0,4.25,4.0,18.0,0.0,0.0,0.0
PROP-8AF8FE15F102,4.0,4.25,3.0,18.0,0.0,-0.4,-1.75
PROP-1EA346B858E2,6.0,6.25,4.0,19.5,0.0,0.0,-0.25
PROP-46D40E5A99E6,4.0,4.25,3.5,18.0,0.0,0.0,-0.4
PROP-C8BCC652FF67,5.15,5.4,4.0,18.5,-0.25,-0.6,-1.35
PROP-9215D5757F2C,4.0,4.25,3.5,18.0,0.0,0.0,-0.4
PROP-12EABA5FA362,5.15,5.4,4.0,18.25,0.0,0.0,-1.35
PROP-DC52033E8B09,4.0,4.25,3.5,18.0,0.0,0.0,-0.4
PROP-BF054C979F3D,6.25,6.5,4.0,19.5,0.0,0.25,0.0
PROP-95DEF2676027,4.0,4.25,4.0,18.0,0.0,0.0,0.0
PROP-B8DC299ED665,4.0,4.25,4.0,18.0,0.0,0.0,0.0
PROP-1037812F5549,4.0,4.25,3.0,18.0,0.0,-0.4,-1.75
PROP-68008C46DB72,6.5,6.75,4.0,19.25,0.0,0.0,0.5
PROP-0839A69A25E7,4.9,5.15,4.5,18.0,0.0,0.9,0.9
PROP-05A0599313EE,5.9,6.15,4.5,18.0,0.0,1.0,1.9
PROP-330B44BAE1A8,4.0,4.25,3.0,18.0,0.0,0.0,-1.15
PROP-B1ED30DCB9C9,4.0,4.25,4.0,18.0,0.0,0.0,0.0
PROP-C5085E4E23EC,6.0,6.25,4.0,19.5,0.0,0.0,-0.25
PROP-3E2507834883,4.0,4.25,4.0,18.0,0.0,0.0,0.0
PROP-816047DA4CA7,5.15,5.4,4.0,18.25,0.0,0.0,-1.35
PROP-BD0E74381B2B,5.15,5.4,4.0,18.25,0.0,0.0,-1.35
PROP-A74394D953FE,4.4,4.65,3.0,18.0,0.0,-0.75,-1.6
PROP-306322985930,5.75,6.0,4.0,19.0,0.0,-0.25,-0.5
PROP-04EEA0E2FB57,4.0,4.25,4.0,18.0,0.0,0.0,0.0
PROP-E45EFF56102C,5.9,6.15,4.5,18.0,0.0,1.0,1.9
PROP-6100B7C5311D,4.0,4.25,4.0,18.0,0.0,0.0,0.0
PROP-F0FB9C7DB72A,4.0,4.25,3.5,18.0,0.0,0.0,-0.4
PROP-25B00CB2B241,4.0,4.25,4.0,18.0,0.0,0.0,0.0
PROP-9532399E6432,4.0,4.25,4.0,18.0,0.0,0.0,0.0
PROP-98A84FC0F2EA,6.25,6.5,4.0,19.5,0.0,0.25,0.0
PROP-E6985FD200BD,4.4,4.65,3.0,18.0,0.0,-0.75,-1.6
PROP-ECDE2C47360A,4.0,4.25,3.0,18.0,0.0,0.0,-1.15
PROP-23EA9D1A65C3,6.0,6.25,4.0,19.5,0.0,0.0,-0.25
PROP-FD34712DECDF,4.4,4.65,3.0,18.0,0.0,-0.75,-1.6
PROP-84FDBC6BFD68,4.0,4.25,4.0,18.0,0.0,0.0,0.0
PROP-4D88D33D99D4,6.5,6.75,4.0,19.5,0.0,0.25,0.5
PROP-45A1923FED7E,6.25,6.5,4.0,19.5,0.0,0.25,0.0
PROP-AA61BFAB996B,4.0,4.25,4.0,18.0,0.0,0.0,0.0
PROP-240A5ED43FF2,6.5,6.75,4.0,19.5,0.0,0.25,0.5
PROP-E1400AEBC247,4.9,5.15,4.5,18.0,0.0,0.9,0.9
PROP-9C34FF43D250,5.9,6.15,4.5,18.0,0.0,1.0,1.9
PROP-4E35796D71CA,4.0,4.25,3.0,18.0,0.0,0.0,-1.15
PROP-613214026DEC,4.9,5.15,4.5,18.0,0.0,0.9,0.9
PROP-43F235A850B8,4.0,4.25,3.0,18.0,0.0,0.0,-1.15
PROP-B2A1B4C6C6EC,4.0,4.25,4.0,18.0,0.0,0.0,0.0
PROP-D9AB17827EE2,4.0,4.25,4.0,18.0,0.0,0.0,0.0
PROP-04DF4A1A83D2,5.15,5.4,4.0,18.5,-0.25,-0.6,-1.35
PROP-28DCB6DEA183,4.0,4.25,3.0,18.0,0.0,0.0,-1.15
PROP-79A0F1672B4E,4.0,4.25,4.0,18.0,0.0,0.0,0.0
PROP-BF823BA039FD,6.5,6.75,4.0,19.25,0.0,0.0,0.5
PROP-F05C6E8A0DBE,4.0,4.25,4.0,18.0,0.0,0.0,0.0
PROP-56BDE9B49EA7,4.4,4.65,3.0,18.0,0.0,-0.75,-1.6
PROP-782BD3820A56,5.15,5.4,4.0,18.25,0.0,0.0,-1.35
PROP-6F6EF9900AC2,4.0,4.25,3.5,18.0,0.0,0.0,-0.4
PROP-3F79833482E4,4.0,4.25,4.0,18.0,0.0,0.0,0.0
PROP-64DEA4F39B04,5.15,5.4,4.0,18.25,0.0,0.0,-1.35
PROP-A5405688FEF0,4.0,4.25,3.0,18.0,0.0,-0.4,-1.75
PROP-461074289D00,6.0,6.25,4.0,19.25,-0.25,-0.5,0.0
PROP-AB4915D67815,4.0,4.25,4.0,18.0,0.0,0.0,0.0
PROP-1ABF579D4BF3,6.5,6.75,4.0,19.5,0.0,0.25,0.5
PROP-52876DCB1DCE,4.0,4.25,4.0,18.0,0.0,0.0,0.0
PROP-FC8EEB5BF799,5.9,6.15,4.5,18.0,0.0,1.0,1.9
PROP-0594701827BA,6.0,6.25,4.0,19.25,-0.25,-0.5,0.0
PROP-F15549A718FE,4.0,4.25,4.0,18.0,0.0,0.0,0.0
PROP-33534A71FD3A,6.0,6.25,4.0,19.25,-0.25,-0.5,0.0
PROP-70FA6D51646B,4.4,4.65,3.0,18.0,0.0,-0.75,-1.6
PROP-77281B3AAB24,4.0,4.25,3.0,18.0,0.0,-0.4,-1.75
PROP-D803019AEA6C,4.0,4.25,3.0,18.0,0.0,-0.4,-1.75
PROP-515DB0408A80,5.15,5.4,4.0,18.5,-0.25,-0.6,-1.35
PROP-036E70B3D838,6.5,6.75,4.0,19.5,0.0,0.25,0.5
PROP-8C2092D62E75,4.0,4.25,3.0,18.0,0.0,0.0,-1.15
PROP-9659CFDF61AC,6.5,6.75,4.0,19.25,0.0,0.0,0.5
PROP-9DA3F99F0C36,5.9,6.15,4.5,18.0,0.0,1.0,1.9
PROP-01BF3FFF557F,4.0,4.25,4.0,18.0,0.0,0.0,0.0
PROP-A2280BE86468,4.0,4.25,3.0,18.0,0.0,0.0,-1.15
PROP-584946860006,5.75,6.0,4.0,19.0,0.0,-0.25,-0.5
PROP-F0D54074FBBC,4.0,4.25,4.0,18.0,0.0,0.0,0.0
PROP-3E8951FDA735,4.0,4.25,3.0,18.0,0.0,-0.4,-1.75
PROP-4776467A6E02,5.9,6.15,4.5,18.0,0.0,1.0,1.9
PROP-876CAC1AB17A,4.0,4.25,4.0,18.0,0.0,0.0,0.0
PROP-C5B1A78CB3A8,6.5,6.75,4.0,19.25,0.0,0.0,0.5
PROP-C52F4D39B865,4.9,5.15,4.5,18.0,0.0,0.9,0.9
PROP-36DB0AAA8703,4.0,4.25,4.0,18.0,0.0,0.0,0.0
PROP-13278B9FB63B,4.0,4.25,3.0,18.0,0.0,-0.4,-1.75
PROP-803B2E7AC409,4.0,4.25,4.0,18.0,0.0,0.0,0.0
PROP-3278CF95A2C9,6.5,6.75,4.0,19.25,0.0,0.0,0.5
PROP-72C4959F420B,6.5,6.75,4.0,19.5,0.0,0.25,0.5
PROP-10A36B0CDF58,4.0,4.25,3.0,18.0,0.0,-0.4,-1.75
PROP-856CC5444A7F,4.0,4.25,3.0,18.0,0.0,0.0,-1.15
PROP-E90DA06490F1,4.4,4.65,3.0,18.0,0.0,-0.75,-1.6
PROP-B82F1CAF98A5,4.0,4.25,4.0,18.0,0.0,0.0,0.0
PROP-DFFC24057330,4.0,4.25,4.0,18.0,0.0,0.0,0.0
PROP-6F186047F1E6,4.4,4.65,3.0,18.0,0.0,-0.75,-1.6
PROP-A283D0D4DBFA,5.75,6.0,4.0,19.0,0.0,-0.25,-0.5
PROP-BEA8C3115ADC,4.0,4.25,3.0,18.0,0.0,0.0,-1.15
PROP-B51C2C8DFC3E,5.75,6.0,4.0,19.0,0.0,-0.25,-0.5
PROP-0199D6D70F9F,4.0,4.25,3.0,18.0,0.0,0.0,-1.15
PROP-9864402A8364,4.0,4.25,3.0,18.0,0.0,0.0,-1.15
PROP-4E51300A6062,6.5,6.75,4.0,19.5,0.0,0.25,0.5
PROP-7CDF376AB586,5.9,6.15,4.5,18.0,0.0,1.0,1.9
PROP-546A56F05C80,4.0,4.25,4.0,18.0,0.0,0.0,0.0
PROP-46F4596A5C19,6.0,6.25,4.0,19.5,0.0,0.0,-0.25
PROP-7048225A5B32,4.0,4.25,3.5,18.0,0.0,0.0,-0.4
PROP-79142883924B,5.9,6.15,4.5,18.0,0.0,1.0,1.9
PROP-9CF47C0F1B86,4.0,4.25,4.0,18.0,0.0,0.0,0.0
PROP-3004E4162713,5.75,6.0,4.0,19.0,0.0,-0.25,-0.5
PROP-9C5C0313BD11,6.5,6.75,4.0,19.5,0.0,0.25,0.5
PROP-3F09795EB2B8,6.5,6.75,4.0,19.5,0.0,0.25,0.5
PROP-64E52DFB09B1,4.0,4.25,3.0,18.0,0.0,0.0,-1.15
PROP-A412139EF885,4.0,4.25,3.5,18.0,0.0,0.0,-0.4
PROP-91B6496F7981,4.0,4.25,3.5,18.0,0.0,0.0,-0.4
PROP-39EC83EEADAB,5.15,5.4,4.0,18.25,0.0,0.0,-1.35
PROP-E7104E6734F4,4.9,5.15,4.5,18.0,0.0,0.9,0.9
PROP-8A768B15D13A,4.9,5.15,4.5,18.0,0.0,0.9,0.9
PROP-9E400251BAD6,4.0,4.25,3.0,18.0,0.0,0.0,-1.15
PROP-502C690C434F,4.0,4.25,4.0,18.0,0.0,0.0,0.0
PROP-6711B3E3C78A,6.5,6.75,4.0,19.5,0.0,0.25,0.5
PROP-CAD968DA010A,4.0,4.25,3.5,18.0,0.0,0.0,-0.4
PROP-E50E6A24D421,4.0,4.25,4.0,18.0,0.0,0.0,0.0
PROP-1D05086FEECD,6.5,6.75,4.0,19.25,0.0,0.0,0.5
PROP-793B2AF0FE27,4.0,4.25,4.0,18.0,0.0,0.0,0.0
PROP-737CE3D1E7D2,4.0,4.25,3.5,18.0,0.0,0.0,-0.4
PROP-3AAFD97DC83F,4.0,4.25,4.0,18.0,0.0,0.0,0.0
PROP-8DE0D9BEEBDB,4.0,4.25,3.0,18.0,0.0,0.0,-1.15
PROP-3E7C45FE56D7,6.0,6.25,4.0,19.5,0.0,0.0,-0.25
PROP-EB28F14B6394,4.0,4.25,3.0,18.0,0.0,-0.4,-1.75
PROP-D8550D6C368A,4.0,4.25,3.5,18.0,0.0,0.0,-0.4
PROP-93089255A20E,5.15,5.4,4.0,18.5,-0.25,-0.6,-1.35
PROP-9B2AF39BF9B8,5.15,5.4,4.0,18.25,0.0,0.0,-1.35
PROP-C3EF890C5CC2,4.0,4.25,4.0,18.0,0.0,0.0,0.0
PROP-D68542AFE17B,6.5,6.75,4.0,19.5,0.0,0.25,0.5
PROP-D042D08FB89F,6.0,6.25,4.0,19.5,0.0,0.0,-0.25
PROP-54B393B1A215,6.0,6.25,4.0,19.5,0.0,0.0,-0.25
PROP-BECC6BCDAB9F,6.5,6.75,4.0,19.5,0.0,0.25,0.5
PROP-8B1252F72A9A,6.5,6.75,4.0,19.5,0.0,0.25,0.5
PROP-62CC09ED9346,4.0,4.25,4.0,18.0,0.0,0.0,0.0
PROP-FC169902A1E2,5.15,5.4,4.0,18.5,-0.25,-0.6,-1.35
PROP-3868179D3B69,6.0,6.25,4.0,19.25,-0.25,-0.5,0.0
PROP-688AA9075937,6.25,6.5,4.0,19.5,0.0,0.25,0.0
PROP-B54999287D5A,5.15,5.4,4.0,18.25,0.0,0.0,-1.35
PROP-6C223B580192,4.0,4.25,4.0,18.0,0.0,0.0,0.0
PROP-F791550CE838,4.0,4.25,3.0,18.0,0.0,0.0,-1.15
PROP-BBFEB0024346,6.5,6.75,4.0,19.5,0.0,0.25,0.5
PROP-3332782CB5A3,4.0,4.25,3.0,18.0,0.0,-0.4,-1.75
PROP-DF407EBE3FF5,6.0,6.25,4.0,19.5,0.0,0.0,-0.25
PROP-46447B52139E,4.0,4.25,4.0,18.0,0.0,0.0,0.0
PROP-60A8992057EF,5.9,6.15,4.5,18.0,0.0,1.0,1.9
PROP-CC3311C67EBB,4.0,4.25,3.5,18.0,0.0,0.0,-0.4
PROP-D6B9634E045C,4.0,4.25,3.0,18.0,0.0,-0.4,-1.75
PROP-4764A08E1DBE,4.0,4.25,4.0,18.0,0.0,0.0,0.0
PROP-5FBE4C659191,6.0,6.25,4.0,19.5,0.0,0.0,-0.25
PROP-1D7EC68A8A59,5.75,6.0,4.0,19.0,0.0,-0.25,-0.5
PROP-3A74B50B46BC,5.15,5.4,4.0,18.5,-0.25,-0.6,-1.35
PROP-F38D2CBB252D,4.0,4.25,3.0,18.0,0.0,0.0,-1.15
PROP-618DC1EB52A4,6.0,6.25,4.0,19.5,0.0,0.0,-0.25
PROP-E97CC8C50BCE,4.0,4.25,3.0,18.0,0.0,-0.4,-1.75
PROP-EF09CA4355A3,4.9,5.15,4.5,18.0,0.0,0.9,0.9
PROP-71CC7CE2690F,6.0,6.25,4.0,19.25,-0.25,-0.5,0.0
PROP-8D360869E6C3,6.5,6.75,4.0,19.25,0.0,0.0,0.5
PROP-446B718653AA,5.75,6.0,4.0,19.0,0.0,-0.25,-0.5
PROP-66846DF385D2,4.0,4.25,4.0,18.0,0.0,0.0,0.0
PROP-28B28BB8998F,4.0,4.25,3.0,18.0,0.0,0.0,-1.15
PROP-EEC03A85BA75,4.4,4.65,3.0,18.0,0.0,-0.75,-1.6
PROP-34C4D64DF385,4.0,4.25,3.0,18.0,0.0,0.0,-1.15
PROP-3CD331F3F276,4.0,4.25,3.0,18.0,0.0,-0.4,-1.75
PROP-0EA32E92F64D,4.0,4.25,3.0,18.0,0.0,0.0,-1.15
PROP-1EB5FE7A6117,4.0,4.25,4.0,18.0,0.0,0.0,0.0
PROP-D058B8353129,5.75,6.0,4.0,19.0,0.0,-0.25,-0.5
PROP-603DAD64B6B3,5.15,5.4,4.0,18.5,-0.25,-0.6,-1.35
PROP-F2E79903ADD6,4.0,4.25,3.0,18.0,0.0,0.0,-1.15
PROP-80741C9FB4E0,4.4,4.65,3.0,18.0,0.0,-0.75,-1.6
PROP-875F8AD8216F,6.0,6.25,4.0,19.25,-0.25,-0.5,0.0
PROP-E14B981ADE67,5.15,5.4,4.0,18.5,-0.25,-0.6,-1.35
PROP-4955AE8E77E1,4.0,4.25,4.0,18.0,0.0,0.0,0.0
PROP-5AAF9AA62D01,4.0,4.25,4.0,18.0,0.0,0.0,0.0
PROP-35DF6D440BE9,4.0,4.25,4.0,18.0,0.0,0.0,0.0
PROP-A18F2ABADD39,4.0,4.25,3.0,18.0,0.0,0.0,-1.15
PROP-993A8827A3EE,5.15,5.4,4.0,18.25,0.0,0.0,-1.35
PROP-109263109BED,5.15,5.4,4.0,18.5,-0.25,-0.6,-1.35
PROP-EF39E08A9BB0,5.9,6.15,4.5,18.0,0.0,1.0,1.9
PROP-2CEA46066DA3,4.9,5.15,4.5,18.0,0.0,0.9,0.9
PROP-A27B476CBAD5,5.15,5.4,4.0,18.25,0.0,0.0,-1.35
PROP-4E8D70D84643,4.0,4.25,3.0,18.0,0.0,0.0,-1.15
PROP-BC4FED086AB6,4.4,4.65,3.0,18.0,0.0,-0.75,-1.6
PROP-0B39006D8ABE,4.0,4.25,4.0,18.0,0.0,0.0,0.0
PROP-5E00BAEE3698,4.0,4.25,4.0,18.0,0.0,0.0,0.0
PROP-A88BC527D33A,4.0,4.25,4.0,18.0,0.0,0.0,0.0
PROP-23C717C8A4E6,4.4,4.65,3.0,18.0,0.0,-0.75,-1.6
PROP-4811FF29FE2D,6.5,6.75,4.0,19.25,0.0,0.0,0.5
PROP-40C2ED8D4858,4.0,4.25,3.0,18.0,0.0,-0.4,-1.75
PROP-EB1D5FC16EB4,5.15,5.4,4.0,18.5,-0.25,-0.6,-1.35
PROP-8F67DD805AD3,6.5,6.75,4.0,19.5,0.0,0.25,0.5
PROP-F6374C8B0A70,4.9,5.15,4.5,18.0,0.0,0.9,0.9
PROP-441E1534B0B5,4.0,4.25,4.0,18.0,0.0,0.0,0.0
PROP-134FD67B2953,4.0,4.25,3.0,18.0,0.0,0.0,-1.15
PROP-9BF02151019A,4.4,4.65,3.0,18.0,0.0,-0.75,-1.6
PROP-50AE5262C875,6.0,6.25,4.0,19.25,-0.25,-0.5,0.0
PROP-847E6F96F715,4.9,5.15,4.5,18.0,0.0,0.9,0.9
PROP-1BCEA45AC9A8,4.9,5.15,4.5,18.0,0.0,0.9,0.9
PROP-7F84B15A40CE,6.0,6.25,4.0,19.5,0.0,0.0,-0.25
PROP-D25DF13BE0D6,6.0,6.25,4.0,19.5,0.0,0.0,-0.25
PROP-B84F23FE3DDE,5.75,6.0,4.0,19.0,0.0,-0.25,-0.5
PROP-2D37566EC6CA,5.15,5.4,4.0,18.5,-0.25,-0.6,-1.35
PROP-BB76A5EDD8CA,4.0,4.25,3.5,18.0,0.0,0.0,-0.4
PROP-F0CBEC709D9A,4.0,4.25,4.0,18.0,0.0,0.0,0.0
PROP-35BD069CCB35,4.0,4.25,4.0,18.0,0.0,0.0,0.0
PROP-9AABDC748366,4.0,4.25,3.0,18.0,0.0,0.0,-1.15
PROP-AFB43365D147,6.0,6.25,4.0,19.25,-0.25,-0.5,0.0
PROP-8EA1805DD68B,6.5,6.75,4.0,19.5,0.0,0.25,0.5
PROP-6FE54B81B5AF,6.5,6.75,4.0,19.25,0.0,0.0,0.5
PROP-A5F49A56E79B,6.5,6.75,4.0,19.25,0.0,0.0,0.5
PROP-AD47B9451A04,4.0,4.25,3.0,18.0,0.0,0.0,-1.15
PROP-A25837FE2A48,5.9,6.15,4.5,18.0,0.0,1.0,1.9
PROP-4904CEB67BDD,4.0,4.25,3.0,18.0,0.0,-0.4,-1.75
PROP-8A296C85B7B4,5.75,6.0,4.0,19.0,0.0,-0.25,-0.5
PROP-C594FD695CB3,4.0,4.25,4.0,18.0,0.0,0.0,0.0
PROP-68B318F31785,6.0,6.25,4.0,19.25,-0.25,-0.5,0.0
PROP-B30ADDBF92DC,4.0,4.25,3.0,18.0,0.0,0.0,-1.15
PROP-CCC1FC060BA0,4.0,4.25,3.0,18.0,0.0,0.0,-1.15
PROP-8C4BABEF613E,6.0,6.25,4.0,19.5,0.0,0.0,-0.25
PROP-FF8CE513D4ED,6.25,6.5,4.0,19.5,0.0,0.25,0.0
PROP-5230C44FAD99,6.5,6.75,4.0,19.25,0.0,0.0,0.5
PROP-E633244CA11D,4.0,4.25,4.0,18.0,0.0,0.0,0.0
PROP-98B4E298F8E4,4.0,4.25,4.0,18.0,0.0,0.0,0.0
PROP-FA0C5D4DDCD4,4.0,4.25,4.0,18.0,0.0,0.0,0.0
PROP-24D2DC2A8857,4.0,4.25,3.0,18.0,0.0,-0.4,-1.75
PROP-D1F3BE6617A7,6.5,6.75,4.0,19.5,0.0,0.25,0.5
PROP-0DC4C6AF622B,6.5,6.75,4.0,19.5,0.0,0.25,0.5
PROP-9BBD27CEFE61,5.9,6.15,4.5,18.0,0.0,1.0,1.9
PROP-4B75315D6B3E,4.0,4.25,3.0,18.0,0.0,-0.4,-1.75
PROP-2336884FBA10,5.15,5.4,4.0,18.25,0.0,0.0,-1.35
PROP-49BF80BC1131,4.0,4.25,4.0,18.0,0.0,0.0,0.0
PROP-D10678876C50,4.0,4.25,4.0,18.0,0.0,0.0,0.0
PROP-75C72ACB1848,4.0,4.25,4.0,18.0,0.0,0.0,0.0
PROP-479883273D6D,6.5,6.75,4.0,19.5,0.0,0.25,0.5
PROP-3F8497F68D6C,4.0,4.25,3.5,18.0,0.0,0.0,-0.4
PROP-D31E38855EE0,6.5,6.75,4.0,19.5,0.0,0.25,0.5
PROP-FB4B2818558B,5.15,5.4,4.0,18.5,-0.25,-0.6,-1.35
PROP-D794FE0B72E7,4.0,4.25,3.0,18.0,0.0,0.0,-1.15
PROP-E9F1FDFE752D,4.0,4.25,3.5,18.0,0.0,0.0,-0.4
PROP-B135FA2574F3,5.75,6.0,4.0,19.0,0.0,-0.25,-0.5
PROP-C6BCDFF8ACB0,6.25,6.5,4.0,19.5,0.0,0.25,0.0
PROP-F5F6ECEB68A3,4.0,4.25,4.0,18.0,0.0,0.0,0.0
PROP-205B0C3A873A,4.0,4.25,3.0,18.0,0.0,0.0,-1.15
PROP-28BDB93AB05C,4.9,5.15,4.5,18.0,0.0,0.9,0.9
PROP-B1B9153B540D,4.9,5.15,4.5,18.0,0.0,0.9,0.9
PROP-5F58BCEB803D,6.5,6.75,4.0,19.5,0.0,0.25,0.5
PROP-26AB4EF80225,4.0,4.25,4.0,18.0,0.0,0.0,0.0
PROP-23B2B2D15A89,4.0,4.25,3.0,18.0,0.0,-0.4,-1.75
PROP-351AC2693E47,6.0,6.25,4.0,19.25,-0.25,-0.5,0.0
PROP-7B8A106A72F9,4.0,4.25,4.0,18.0,0.0,0.0,0.0
PROP-112DB67EAB66,6.0,6.25,4.0,19.5,0.0,0.0,-0.25
PROP-FC3715904A86,6.5,6.75,4.0,19.5,0.0,0.25,0.5
PROP-B1B54C57E926,6.5,6.75,4.0,19.25,0.0,0.0,0.5
PROP-8E8B33778AD0,4.9,5.15,4.5,18.0,0.0,0.9,0.9
PROP-A1B5911D637B,5.15,5.4,4.0,18.25,0.0,0.0,-1.35
PROP-AA0F0DFCBD68,5.9,6.15,4.5,18.0,0.0,1.0,1.9
PROP-A8E700D2DB00,4.0,4.25,3.0,18.0,0.0,-0.4,-1.75
PROP-A932A321E81E,4.0,4.25,4.0,18.0,0.0,0.0,0.0
PROP-C661DBDEC1B4,5.15,5.4,4.0,18.5,-0.25,-0.6,-1.35
PROP-F0FA532195C3,5.75,6.0,4.0,19.0,0.0,-0.25,-0.5
PROP-A391943544CD,4.0,4.25,4.0,18.0,0.0,0.0,0.0
PROP-876C9F81AFB0,4.0,4.25,3.5,18.0,0.0,0.0,-0.4
PROP-D94297C9E081,5.75,6.0,4.0,19.0,0.0,-0.25,-0.5
PROP-17B025C576DB,5.75,6.0,4.0,19.0,0.0,-0.25,-0.5
PROP-AF6DFD39DE24,4.9,5.15,4.5,18.0,0.0,0.9,0.9
PROP-42C2CA4C06DC,4.0,4.25,3.0,18.0,0.0,-0.4,-1.75
PROP-8942E6D331DD,6.25,6.5,4.0,19.5,0.0,0.25,0.0
PROP-43A48104BC8C,4.0,4.25,4.0,18.0,0.0,0.0,0.0
PROP-AA3E34D38534,5.15,5.4,4.0,18.25,0.0,0.0,-1.35
PROP-4448AAF1C673,5.15,5.4,4.0,18.25,0.0,0.0,-1.35
PROP-F30C894B0934,4.0,4.25,4.0,18.0,0.0,0.0,0.0
PROP-DBE9C5041997,4.0,4.25,3.0,18.0,0.0,0.0,-1.15
PROP-D6E7C3EDDCB0,6.25,6.5,4.0,19.5,0.0,0.25,0.0
PROP-BFB6F71B0C7C,4.4,4.65,3.0,18.0,0.0,-0.75,-1.6
PROP-9D11BD57D32D,6.0,6.25,4.0,19.25,-0.25,-0.5,0.0
PROP-8D6C84EEC373,5.15,5.4,4.0,18.25,0.0,0.0,-1.35
PROP-7F29EF3265F1,4.0,4.25,4.0,18.0,0.0,0.0,0.0
PROP-DCAF01927C72,4.0,4.25,4.0,18.0,0.0,0.0,0.0
PROP-39F78DFC7E46,4.0,4.25,3.0,18.0,0.0,0.0,-1.15
PROP-A86E68497042,4.0,4.25,3.0,18.0,0.0,0.0,-1.15
PROP-E8062D233DCC,6.5,6.75,4.0,19.25,0.0,0.0,0.5
PROP-F675330A6DAA,4.0,4.25,3.0,18.0,0.0,0.0,-1.15
PROP-0A19937F8406,5.9,6.15,4.5,18.0,0.0,1.0,1.9
PROP-0472AA5A0EDA,5.75,6.0,4.0,19.0,0.0,-0.25,-0.5
PROP-F8611C276663,6.25,6.5,4.0,19.5,0.0,0.25,0.0
PROP-56BC781E9685,4.0,4.25,4.0,18.0,0.0,0.0,0.0
PROP-FB1B4186740F,5.75,6.0,4.0,19.0,0.0,-0.25,-0.5
PROP-9822EEF82ABC,4.9,5.15,4.5,18.0,0.0,0.9,0.9
PROP-4A832DAD4E6A,4.0,4.25,3.0,18.0,0.0,-0.4,-1.75
PROP-0F528F0338D6,6.0,6.25,4.0,19.5,0.0,0.0,-0.25
PROP-593883E7F25E,6.0,6.25,4.0,19.25,-0.25,-0.5,0.0
PROP-AC8864CDEA5B,4.0,4.25,3.0,18.0,0.0,0.0,-1.15
PROP-DBB48D5422C1,6.5,6.75,4.0,19.25,0.0,0.0,0.5
PROP-26E49056EB39,6.5,6.75,4.0,19.25,0.0,0.0,0.5
PROP-838DFF53AA5B,6.5,6.75,4.0,19.5,0.0,0.25,0.5
PROP-138E0EC862FD,6.0,6.25,4.0,19.5,0.0,0.0,-0.25
PROP-E84BEEA47BC3,6.5,6.75,4.0,19.5,0.0,0.25,0.5
PROP-148BB89A7939,5.9,6.15,4.5,18.0,0.0,1.0,1.9
PROP-9F47CE0786E7,4.0,4.25,4.0,18.0,0.0,0.0,0.0
PROP-106BC321EBEB,4.9,5.15,4.5,18.0,0.0,0.9,0.9
PROP-EE9919856925,4.9,5.15,4.5,18.0,0.0,0.9,0.9
PROP-A92615D46C2C,6.0,6.25,4.0,19.25,-0.25,-0.5,0.0
PROP-325E1F69B5E9,4.4,4.65,3.0,18.0,0.0,-0.75,-1.6
PROP-F628F5153BD4,4.0,4.25,4.0,18.0,0.0,0.0,0.0
PROP-16021330F472,4.0,4.25,4.0,18.0,0.0,0.0,0.0
PROP-743E59D7357A,6.5,6.75,4.0,19.25,0.0,0.0,0.5
PROP-9A88E671894F,4.4,4.65,3.0,18.0,0.0,-0.75,-1.6
PROP-3EDB03C9B0F2,6.0,6.25,4.0,19.25,-0.25,-0.5,0.0
PROP-8DD0CFB79C30,5.15,5.4,4.0,18.25,0.0,0.0,-1.35
PROP-BE2CB37A12F0,6.5,6.75,4.0,19.25,0.0,0.0,0.5
PROP-E9AA40D73839,5.9,6.15,4.5,18.0,0.0,1.0,1.9
PROP-C9949DC0A262,5.9,6.15,4.5,18.0,0.0,1.0,1.9
PROP-AA2741A50344,4.0,4.25,3.0,18.0,0.0,0.0,-1.15
PROP-8F4FCFAC4949,6.5,6.75,4.0,19.25,0.0,0.0,0.5
PROP-12B14AD4F4A2,5.75,6.0,4.0,19.0,0.0,-0.25,-0.5
PROP-A3B6B64973DC,4.0,4.25,3.5,18.0,0.0,0.0,-0.4
PROP-90A578D67367,6.25,6.5,4.0,19.5,0.0,0.25,0.0
PROP-D255D8E5A688,4.0,4.25,4.0,18.0,0.0,0.0,0.0
PROP-0138AA87560F,6.5,6.75,4.0,19.5,0.0,0.25,0.5
PROP-96E056482E02,5.9,6.15,4.5,18.0,0.0,1.0,1.9
PROP-E26BF1864AC2,4.0,4.25,3.0,18.0,0.0,0.0,-1.15
PROP-0DC18E07C3FE,4.0,4.25,4.0,18.0,0.0,0.0,0.0
PROP-7B3BA08D3550,4.0,4.25,3.5,18.0,0.0,0.0,-0.4
PROP-A78DD05D28AC,4.0,4.25,4.0,18.0,0.0,0.0,0.0
PROP-DC6FE8B2ECFF,5.75,6.0,4.0,19.0,0.0,-0.25,-0.5
PROP-E6557E0A32EC,4.0,4.25,3.0,18.0,0.0,-0.4,-1.75
PROP-41B7DD7707F0,4.0,4.25,4.0,18.0,0.0,0.0,0.0
PROP-9A31F2DB7B59,5.75,6.0,4.0,19.0,0.0,-0.25,-0.5
PROP-95F5F8A5DECD,4.9,5.15,4.5,18.0,0.0,0.9,0.9
PROP-845AFB3474FA,4.0,4.25,4.0,18.0,0.0,0.0,0.0
PROP-01D3B9D9377F,4.0,4.25,3.0,18.0,0.0,0.0,-1.15
PROP-8E85F82DF4B7,4.0,4.25,4.0,18.0,0.0,0.0,0.0
PROP-095D9D56D407,5.75,6.0,4.0,19.0,0.0,-0.25,-0.5
PROP-1CBBDB11BA3D,6.5,6.75,4.0,19.25,0.0,0.0,0.5
PROP-3EF5D59E22EA,4.0,4.25,4.0,18.0,0.0,0.0,0.0
PROP-333C23E77FA3,4.0,4.25,4.0,18.0,0.0,0.0,0.0
PROP-96279773FAC3,4.0,4.25,3.5,18.0,0.0,0.0,-0.4
PROP-E9080267F231,4.0,4.25,3.0,18.0,0.0,0.0,-1.15
PROP-854A420F597A,6.5,6.75,4.0,19.5,0.0,0.25,0.5
PROP-D31E055D3ECC,4.0,4.25,3.0,18.0,0.0,0.0,-1.15
PROP-6EC4675C1FDE,4.0,4.25,4.0,18.0,0.0,0.0,0.0
PROP-8AF3B2A9DC19,4.0,4.25,3.0,18.0,0.0,-0.4,-1.75
PROP-407C8860EB19,6.0,6.25,4.0,19.5,0.0,0.0,-0.25
PROP-47BA97FD77AF,4.0,4.25,3.5,18.0,0.0,0.0,-0.4
PROP-C63273F13D88,4.0,4.25,3.0,18.0,0.0,-0.4,-1.75
PROP-A443175B5D49,4.0,4.25,4.0,18.0,0.0,0.0,0.0
PROP-9C3701503380,4.4,4.65,3.0,18.0,0.0,-0.75,-1.6
PROP-4010988E783E,4.4,4.65,3.0,18.0,0.0,-0.75,-1.6
PROP-D65173D92F61,6.0,6.25,4.0,19.25,-0.25,-0.5,0.0
PROP-807D8A2831AE,5.75,6.0,4.0,19.0,0.0,-0.25,-0.5
PROP-AF4A80740D13,4.0,4.25,4.0,18.0,0.0,0.0,0.0
PROP-FA8C0436DBDA,4.9,5.15,4.5,18.0,0.0,0.9,0.9
PROP-6164FAE622DF,6.0,6.25,4.0,19.25,-0.25,-0.5,0.0
PROP-ABB06370F93A,6.0,6.25,4.0,19.25,-0.25,-0.5,0.0
PROP-97157472ADBE,4.4,4.65,3.0,18.0,0.0,-0.75,-1.6
PROP-F790731992E8,5.75,6.0,4.0,19.0,0.0,-0.25,-0.5
PROP-38DFBBC56413,4.0,4.25,4.0,18.0,0.0,0.0,0.0
PROP-5FE3596633C7,6.5,6.75,4.0,19.25,0.0,0.0,0.5
PROP-E5CB7201C47D,6.5,6.75,4.0,19.5,0.0,0.25,0.5
PROP-D88DA75AD149,4.0,4.25,3.0,18.0,0.0,-0.4,-1.75
PROP-8E71E99F0AF5,6.5,6.75,4.0,19.5,0.0,0.25,0.5
PROP-2C0439C32019,4.0,4.25,4.0,18.0,0.0,0.0,0.0
PROP-C09ABFE6575A,6.0,6.25,4.0,19.5,0.0,0.0,-0.25
PROP-7CF1253EFBEE,4.9,5.15,4.5,18.0,0.0,0.9,0.9
PROP-9F23D9BB8722,6.25,6.5,4.0,19.5,0.0,0.25,0.0
PROP-F73942A97515,5.75,6.0,4.0,19.0,0.0,-0.25,-0.5
PROP-47668C4234C3,6.0,6.25,4.0,19.25,-0.25,-0.5,0.0
PROP-FD2EB90C2818,4.0,4.25,3.0,18.0,0.0,0.0,-1.15
PROP-E8E86B079FDA,4.9,5.15,4.5,18.0,0.0,0.9,0.9
PROP-9E2FB4D154F2,6.0,6.25,4.0,19.5,0.0,0.0,-0.25
PROP-0BCA0499A5B3,4.0,4.25,4.0,18.0,0.0,0.0,0.0
PROP-DD6275E21730,6.5,6.75,4.0,19.25,0.0,0.0,0.5
PROP-7F188849F1C9,4.0,4.25,3.0,18.0,0.0,0.0,-1.15
PROP-3DC428064925,5.15,5.4,4.0,18.5,-0.25,-0.6,-1.35
PROP-6AE5936E06B0,4.0,4.25,3.0,18.0,0.0,-0.4,-1.75
PROP-1EFDFD8C61EA,4.0,4.25,3.0,18.0,0.0,-0.4,-1.75
PROP-03978FEEE744,4.0,4.25,3.0,18.0,0.0,0.0,-1.15
PROP-43E198BD7F07,6.5,6.75,4.0,19.5,0.0,0.25,0.5
PROP-3D778C336018,6.0,6.25,4.0,19.5,0.0,0.0,-0.25
PROP-60C7B219568E,4.0,4.25,4.0,18.0,0.0,0.0,0.0
PROP-529374667B36,6.0,6.25,4.0,19.25,-0.25,-0.5,0.0
PROP-80012361ED25,5.15,5.4,4.0,18.5,-0.25,-0.6,-1.35
PROP-3D4EC677E291,4.0,4.25,3.5,18.0,0.0,0.0,-0.4
PROP-F9C3173DDAB8,4.0,4.25,4.0,18.0,0.0,0.0,0.0
PROP-B9DC0BF4D417,4.0,4.25,4.0,18.0,0.0,0.0,0.0
PROP-FFA9DD62FF15,4.0,4.25,3.5,18.0,0.0,0.0,-0.4
PROP-22FCFA4F06D9,4.0,4.25,4.0,18.0,0.0,0.0,0.0
PROP-7E1B4E230F7B,6.5,6.75,4.0,19.25,0.0,0.0,0.5
PROP-F7996C67C809,4.0,4.25,4.0,18.0,0.0,0.0,0.0
PROP-71F79046C30F,4.0,4.25,4.0,18.0,0.0,0.0,0.0
PROP-C8F0B0020069,5.15,5.4,4.0,18.25,0.0,0.0,-1.35
PROP-3B74DC8CBB6B,5.15,5.4,4.0,18.25,0.0,0.0,-1.35
PROP-3EEDDC56699C,5.15,5.4,4.0,18.5,-0.25,-0.6,-1.35
PROP-C3ED228683E2,6.5,6.75,4.0,19.25,0.0,0.0,0.5
PROP-C9D7AFD5A42F,4.0,4.25,3.5,18.0,0.0,0.0,-0.4
PROP-0892667AE84C,4.0,4.25,3.0,18.0,0.0,0.0,-1.15
PROP-BA443155CFB6,4.9,5.15,4.5,18.0,0.0,0.9,0.9
PROP-1E57CD943833,5.15,5.4,4.0,18.5,-0.25,-0.6,-1.35
PROP-F75EDB53DE61,4.0,4.25,4.0,18.0,0.0,0.0,0.0
PROP-B5C5275AB9C6,5.9,6.15,4.5,18.0,0.0,1.0,1.9
PROP-5069640185B1,4.0,4.25,4.0,18.0,0.0,0.0,0.0
PROP-98D3F5130E55,6.0,6.25,4.0,19.5,0.0,0.0,-0.25
PROP-CD9E44BF51F3,6.5,6.75,4.0,19.25,0.0,0.0,0.5
PROP-C43582DA5CDF,4.0,4.25,4.0,18.0,0.0,0.0,0.0
PROP-06955C15C29C,4.0,4.25,3.0,18.0,0.0,0.0,-1.15
PROP-9EBE35AB0CEE,4.4,4.65,3.0,18.0,0.0,-0.75,-1.6
PROP-0E28E91CEB26,6.0,6.25,4.0,19.5,0.0,0.0,-0.25
PROP-FE305EAADF69,5.15,5.4,4.0,18.5,-0.25,-0.6,-1.35
PROP-50CAE0F1FDF0,5.15,5.4,4.0,18.5,-0.25,-0.6,-1.35
PROP-5F83B933CE5E,4.0,4.25,4.0,18.0,0.0,0.0,0.0
PROP-3D2539F1780C,5.15,5.4,4.0,18.25,0.0,0.0,-1.35
PROP-375C52BC021C,6.25,6.5,4.0,19.5,0.0,0.25,0.0
PROP-5906B8C624C1,6.5,6.75,4.0,19.5,0.0,0.25,0.5
PROP-1757F11BCD10,5.15,5.4,4.0,18.25,0.0,0.0,-1.35
PROP-94DDE8111A37,4.0,4.25,4.0,18.0,0.0,0.0,0.0
PROP-ED4D95B048F0,5.15,5.4,4.0,18.5,-0.25,-0.6,-1.35
PROP-DB9DA102F34C,4.0,4.25,3.0,18.0,0.0,-0.4,-1.75
PROP-9D0CF91D0629,4.4,4.65,3.0,18.0,0.0,-0.75,-1.6
PROP-02A35F3BF71F,6.0,6.25,4.0,19.25,-0.25,-0.5,0.0
PROP-B355C98429A1,4.9,5.15,4.5,18.0,0.0,0.9,0.9
PROP-E9DB0881822D,6.5,6.75,4.0,19.5,0.0,0.25,0.5
PROP-736D56D14674,6.0,6.25,4.0,19.25,-0.25,-0.5,0.0
PROP-84DA88BBEE31,4.0,4.25,4.0,18.0,0.0,0.0,0.0
PROP-905D6D2D2CDF,4.0,4.25,3.0,18.0,0.0,-0.4,-1.75
PROP-7331EC441CD7,6.5,6.75,4.0,19.5,0.0,0.25,0.5
PROP-0DDF7E695194,4.0,4.25,3.5,18.0,0.0,0.0,-0.4
PROP-4EEF50E87B50,5.15,5.4,4.0,18.25,0.0,0.0,-1.35
PROP-C279F0441449,5.15,5.4,4.0,18.25,0.0,0.0,-1.35
PROP-37132C8EC6B5,6.5,6.75,4.0,19.25,0.0,0.0,0.5
PROP-4A9CF07A6040,4.0,4.25,4.0,18.0,0.0,0.0,0.0
PROP-D9ABC57BD4ED,4.0,4.25,4.0,18.0,0.0,0.0,0.0
PROP-FD22ACE9A225,5.15,5.4,4.0,18.5,-0.25,-0.6,-1.35
PROP-F69B6B7555D5,4.0,4.25,4.0,18.0,0.0,0.0,0.0
PROP-CB8D60E2332F,4.4,4.65,3.0,18.0,0.0,-0.75,-1.6
PROP-9393906B5934,5.75,6.0,4.0,19.0,0.0,-0.25,-0.5
PROP-1E491B7063A2,4.0,4.25,4.0,18.0,0.0,0.0,0.0
PROP-38DC8496A098,4.0,4.25,4.0,18.0,0.0,0.0,0.0
PROP-C55578CA2FCB,5.15,5.4,4.0,18.5,-0.25,-0.6,-1.35
PROP-78842D2E8B1D,4.0,4.25,3.0,18.0,0.0,-0.4,-1.75
PROP-EDD8ACC61F96,4.0,4.25,4.0,18.0,0.0,0.0,0.0
PROP-1810B603FE98,4.0,4.25,4.0,18.0,0.0,0.0,0.0
PROP-416DE648ECB0,4.0,4.25,4.0,18.0,0.0,0.0,0.0
PROP-79C82CF2D92C,6.0,6.25,4.0,19.5,0.0,0.0,-0.25
PROP-ED0F0C749FE5,5.9,6.15,4.5,18.0,0.0,1.0,1.9
PROP-2EB410824DA6,6.5,6.75,4.0,19.25,0.0,0.0,0.5
PROP-1B93814AC333,5.15,5.4,4.0,18.25,0.0,0.0,-1.35
PROP-6BFB4074FB8D,6.0,6.25,4.0,19.5,0.0,0.0,-0.25
PROP-BC775DC72D96,4.0,4.25,4.0,18.0,0.0,0.0,0.0
PROP-EF8621FDC4F1,4.0,4.25,3.0,18.0,0.0,-0.4,-1.75
PROP-94FB9881E333,4.0,4.25,4.0,18.0,0.0,0.0,0.0
PROP-BCF66CCC482E,6.5,6.75,4.0,19.25,0.0,0.0,0.5
PROP-A63407650B34,4.4,4.65,3.0,18.0,0.0,-0.75,-1.6
PROP-60521D71F2A7,4.4,4.65,3.0,18.0,0.0,-0.75,-1.6
PROP-F084F1A91EE5,4.0,4.25,3.0,18.0,0.0,0.0,-1.15
PROP-F69A8AF58CCE,4.0,4.25,3.0,18.0,0.0,-0.4,-1.75
PROP-8C381DB35A4A,4.0,4.25,3.0,18.0,0.0,0.0,-1.15
PROP-50742D86B4C6,5.75,6.0,4.0,19.0,0.0,-0.25,-0.5
PROP-47AF4F9458EE,4.0,4.25,3.5,18.0,0.0,0.0,-0.4
PROP-86F9FA383481,6.0,6.25,4.0,19.25,-0.25,-0.5,0.0
PROP-45A805E96752,4.0,4.25,3.5,18.0,0.0,0.0,-0.4
PROP-FA32005E1037,5.75,6.0,4.0,19.0,0.0,-0.25,-0.5
PROP-52E52F035B97,6.25,6.5,4.0,19.5,0.0,0.25,0.0
PROP-7464C68FEDCA,4.0,4.25,3.0,18.0,0.0,0.0,-1.15
PROP-01BF57DC37CC,5.15,5.4,4.0,18.25,0.0,0.0,-1.35
PROP-C096DDFA0B4B,5.15,5.4,4.0,18.5,-0.25,-0.6,-1.35
PROP-F9CCEFF4E4A1,4.0,4.25,3.0,18.0,0.0,-0.4,-1.75
PROP-906C4D9BF500,5.9,6.15,4.5,18.0,0.0,1.0,1.9
PROP-DE93B035A606,5.9,6.15,4.5,18.0,0.0,1.0,1.9
PROP-3B935FB140F7,6.0,6.25,4.0,19.25,-0.25,-0.5,0.0
PROP-2B9F2F03B344,4.0,4.25,3.0,18.0,0.0,0.0,-1.15
PROP-46393C703E6B,4.4,4.65,3.0,18.0,0.0,-0.75,-1.6
PROP-6901F1400A4F,6.25,6.5,4.0,19.5,0.0,0.25,0.0
PROP-6FA8E0FF3F74,4.0,4.25,4.0,18.0,0.0,0.0,0.0
PROP-291F2BD7BFDA,6.0,6.25,4.0,19.5,0.0,0.0,-0.25
PROP-F9DEED3CDEBA,5.75,6.0,4.0,19.0,0.0,-0.25,-0.5
PROP-BC05B08055EF,6.0,6.25,4.0,19.25,-0.25,-0.5,0.0
PROP-28E4BEFDF5E3,4.0,4.25,4.0,18.0,0.0,0.0,0.0
PROP-8C1CA6438655,4.0,4.25,3.0,18.0,0.0,-0.4,-1.75
PROP-60A423C25668,5.15,5.4,4.0,18.5,-0.25,-0.6,-1.35
PROP-36781586427B,4.4,4.65,3.0,18.0,0.0,-0.75,-1.6
PROP-79C5F46E0121,5.9,6.15,4.5,18.0,0.0,1.0,1.9
PROP-EAB169842763,6.5,6.75,4.0,19.5,0.0,0.25,0.5
PROP-F2FF25D374B1,4.0,4.25,3.0,18.0,0.0,-0.4,-1.75
PROP-39695C604ABC,6.0,6.25,4.0,19.5,0.0,0.0,-0.25
PROP-FB6156207A5B,4.0,4.25,4.0,18.0,0.0,0.0,0.0
PROP-A6DEE08F539C,4.0,4.25,4.0,18.0,0.0,0.0,0.0
PROP-A5A61FF5D36B,5.75,6.0,4.0,19.0,0.0,-0.25,-0.5
PROP-96246147059C,4.0,4.25,3.0,18.0,0.0,0.0,-1.15
PROP-407185FFD75D,4.0,4.25,3.0,18.0,0.0,0.0,-1.15
PROP-9E290867001F,4.4,4.65,3.0,18.0,0.0,-0.75,-1.6
PROP-797D98722493,5.15,5.4,4.0,18.5,-0.25,-0.6,-1.35
PROP-297F55A484FF,4.0,4.25,4.0,18.0,0.0,0.0,0.0
PROP-07121D137D70,4.0,4.25,4.0,18.0,0.0,0.0,0.0
PROP-642BB9757EF2,5.75,6.0,4.0,19.0,0.0,-0.25,-0.5
PROP-A2402D94B622,6.5,6.75,4.0,19.5,0.0,0.25,0.5
PROP-70607435AC51,5.75,6.0,4.0,19.0,0.0,-0.25,-0.5
PROP-AD32951ED85B,6.25,6.5,4.0,19.5,0.0,0.25,0.0
PROP-64B734341CB3,6.0,6.25,4.0,19.25,-0.25,-0.5,0.0
PROP-C31FE07DE410,5.75,6.0,4.0,19.0,0.0,-0.25,-0.5
PROP-388F1785A2FB,4.0,4.25,4.0,18.0,0.0,0.0,0.0
PROP-37DBD8F43E24,4.0,4.25,3.0,18.0,0.0,0.0,-1.15
PROP-E12060B5FCF0,4.9,5.15,4.5,18.0,0.0,0.9,0.9
PROP-83F435AD3FA0,4.0,4.25,3.5,18.0,0.0,0.0,-0.4
PROP-0F626108ABFA,4.0,4.25,4.0,18.0,0.0,0.0,0.0
PROP-8C62DC6C70F3,6.0,6.25,4.0,19.25,-0.25,-0.5,0.0
PROP-EA860C2B4F3A,4.0,4.25,3.0,18.0,0.0,-0.4,-1.75
PROP-B82A3CD53324,5.15,5.4,4.0,18.25,0.0,0.0,-1.35
PROP-273FCE269CBC,4.0,4.25,3.5,18.0,0.0,0.0,-0.4
PROP-E029C24AC9D6,5.75,6.0,4.0,19.0,0.0,-0.25,-0.5
PROP-4442232F537D,4.4,4.65,3.0,18.0,0.0,-0.75,-1.6
PROP-CBDD9BFBC924,4.9,5.15,4.5,18.0,0.0,0.9,0.9
PROP-8774CB8D5957,4.0,4.25,4.0,18.0,0.0,0.0,0.0
PROP-1C0872352F2C,4.0,4.25,4.0,18.0,0.0,0.0,0.0
PROP-8D87E92AF3E5,6.5,6.75,4.0,19.5,0.0,0.25,0.5
PROP-5511F23BB930,4.0,4.25,4.0,18.0,0.0,0.0,0.0
PROP-C478F2F33020,4.9,5.15,4.5,18.0,0.0,0.9,0.9
PROP-67F9C3A6F426,4.0,4.25,4.0,18.0,0.0,0.0,0.0
PROP-D365A7B2C57D,4.9,5.15,4.5,18.0,0.0,0.9,0.9
PROP-4FA0B724AB7E,5.75,6.0,4.0,19.0,0.0,-0.25,-0.5
PROP-264FD2328F44,5.75,6.0,4.0,19.0,0.0,-0.25,-0.5
PROP-51DFA6EBBD7E,5.75,6.0,4.0,19.0,0.0,-0.25,-0.5
PROP-645AF32E8632,6.5,6.75,4.0,19.5,0.0,0.25,0.5
PROP-D28FA2BECF8B,4.4,4.65,3.0,18.0,0.0,-0.75,-1.6
PROP-E2D30AE9A7C4,5.15,5.4,4.0,18.25,0.0,0.0,-1.35
PROP-198A4414CF17,4.9,5.15,4.5,18.0,0.0,0.9,0.9
PROP-E51783745F25,4.0,4.25,4.0,18.0,0.0,0.0,0.0
PROP-67F0E3A92727,6.25,6.5,4.0,19.5,0.0,0.25,0.0
PROP-665D802F0169,4.0,4.25,4.0,18.0,0.0,0.0,0.0
PROP-823079CAD719,6.0,6.25,4.0,19.5,0.0,0.0,-0.25
PROP-8E3FB41B1969,4.0,4.25,3.0,18.0,0.0,-0.4,-1.75
PROP-5CFE9A04B1E4,6.0,6.25,4.0,19.25,-0.25,-0.5,0.0
PROP-3FF46C38BF99,4.4,4.65,3.0,18.0,0.0,-0.75,-1.6
PROP-710A7AD53365,6.25,6.5,4.0,19.5,0.0,0.25,0.0
PROP-2B35F16461E5,4.0,4.25,4.0,18.0,0.0,0.0,0.0
PROP-AD421BD5654A,4.9,5.15,4.5,18.0,0.0,0.9,0.9
PROP-2499B6B962B9,4.0,4.25,4.0,18.0,0.0,0.0,0.0
PROP-E9C292CAC076,4.0,4.25,3.0,18.0,0.0,0.0,-1.15
PROP-6411562B27BE,5.15,5.4,4.0,18.25,0.0,0.0,-1.35
PROP-56E0E054E485,4.0,4.25,3.0,18.0,0.0,0.0,-1.15
PROP-047393173888,5.9,6.15,4.5,18.0,0.0,1.0,1.9
PROP-DFC217AC51EA,4.0,4.25,3.0,18.0,0.0,-0.4,-1.75
PROP-D8CBCE1A045D,6.0,6.25,4.0,19.5,0.0,0.0,-0.25
PROP-B35DFC75A5FE,5.15,5.4,4.0,18.5,-0.25,-0.6,-1.35
PROP-6F87C6949E2F,6.5,6.75,4.0,19.25,0.0,0.0,0.5
PROP-3E61B0569702,5.15,5.4,4.0,18.5,-0.25,-0.6,-1.35
PROP-5BF7390BA415,4.0,4.25,3.0,18.0,0.0,0.0,-1.15
PROP-DB8D30BDF1A5,4.0,4.25,3.0,18.0,0.0,-0.4,-1.75
PROP-937E09E564E6,4.0,4.25,3.0,18.0,0.0,0.0,-1.15
PROP-57C133EE9A3B,6.5,6.75,4.0,19.5,0.0,0.25,0.5
PROP-14ECABC8797D,4.0,4.25,3.0,18.0,0.0,0.0,-1.15
PROP-63ED74E3C718,5.15,5.4,4.0,18.5,-0.25,-0.6,-1.35
PROP-B969D5972835,4.0,4.25,4.0,18.0,0.0,0.0,0.0
PROP-DA65E2F7E61E,4.0,4.25,3.5,18.0,0.0,0.0,-0.4
PROP-7A7FCD008DE6,6.5,6.75,4.0,19.25,0.0,0.0,0.5
PROP-50C67EA09DDF,5.9,6.15,4.5,18.0,0.0,1.0,1.9
PROP-39824A75C93B,4.0,4.25,3.0,18.0,0.0,0.0,-1.15
PROP-1532965BA1D6,5.15,5.4,4.0,18.25,0.0,0.0,-1.35
PROP-7AE878A48D04,4.0,4.25,4.0,18.0,0.0,0.0,0.0
PROP-29F88F6C6B44,4.0,4.25,4.0,18.0,0.0,0.0,0.0
PROP-A89DEC4D47BB,5.75,6.0,4.0,19.0,0.0,-0.25,-0.5
PROP-BD59812CAEA1,4.0,4.25,3.5,18.0,0.0,0.0,-0.4
PROP-A34E2BB95BEA,6.0,6.25,4.0,19.25,-0.25,-0.5,0.0
PROP-9E0138AA52AA,5.15,5.4,4.0,18.5,-0.25,-0.6,-1.35
PROP-1438DD0FFDE8,5.75,6.0,4.0,19.0,0.0,-0.25,-0.5
PROP-11C1A941365D,4.0,4.25,3.0,18.0,0.0,-0.4,-1.75
PROP-1267116ECD04,5.75,6.0,4.0,19.0,0.0,-0.25,-0.5
PROP-1CC0A8FE515A,6.25,6.5,4.0,19.5,0.0,0.25,0.0
PROP-0B5474B60C82,5.15,5.4,4.0,18.25,0.0,0.0,-1.35
PROP-DC71D530A9A8,6.0,6.25,4.0,19.5,0.0,0.0,-0.25
PROP-5A625B3F343A,6.5,6.75,4.0,19.5,0.0,0.25,0.5
PROP-E854D280AFD7,5.75,6.0,4.0,19.0,0.0,-0.25,-0.5
PROP-83972844F88F,4.0,4.25,4.0,18.0,0.0,0.0,0.0
PROP-5810F23C024B,5.75,6.0,4.0,19.0,0.0,-0.25,-0.5
PROP-8FA1D2F1669C,6.25,6.5,4.0,19.5,0.0,0.25,0.0
PROP-BB14256C4AAA,4.0,4.25,3.0,18.0,0.0,-0.4,-1.75
PROP-5049B14ABD88,4.0,4.25,3.0,18.0,0.0,0.0,-1.15
PROP-72E62ED3630A,5.75,6.0,4.0,19.0,0.0,-0.25,-0.5
PROP-253D51BD96B1,4.0,4.25,4.0,18.0,0.0,0.0,0.0
PROP-D526001C2890,5.75,6.0,4.0,19.0,0.0,-0.25,-0.5
PROP-3598322BDB96,6.0,6.25,4.0,19.5,0.0,0.0,-0.25
PROP-3F31D9A6FB6E,6.25,6.5,4.0,19.5,0.0,0.25,0.0
PROP-2F8BDA241ED9,4.0,4.25,3.0,18.0,0.0,0.0,-1.15
PROP-683C29FA8F2A,6.5,6.75,4.0,19.5,0.0,0.25,0.5
PROP-122BD5E3E7F5,6.0,6.25,4.0,19.5,0.0,0.0,-0.25
PROP-FDEA4D5A4072,4.0,4.25,3.0,18.0,0.0,-0.4,-1.75
PROP-A064E07831EE,4.0,4.25,3.0,18.0,0.0,0.0,-1.15
PROP-56DF1657DCFC,4.0,4.25,4.0,18.0,0.0,0.0,0.0
PROP-06905B228E82,6.25,6.5,4.0,19.5,0.0,0.25,0.0
PROP-32977CCFD9E1,4.0,4.25,4.0,18.0,0.0,0.0,0.0
PROP-828BD8F8C394,5.15,5.4,4.0,18.25,0.0,0.0,-1.35
PROP-EDB14523B641,4.0,4.25,4.0,18.0,0.0,0.0,0.0
PROP-CA5D94687CE5,4.0,4.25,4.0,18.0,0.0,0.0,0.0
PROP-5D0D2776197A,5.15,5.4,4.0,18.25,0.0,0.0,-1.35
PROP-D47A58EA54B9,5.9,6.15,4.5,18.0,0.0,1.0,1.9
PROP-AE1BEB81751C,4.0,4.25,3.0,18.0,0.0,0.0,-1.15
PROP-D53FF51A19B7,4.0,4.25,4.0,18.0,0.0,0.0,0.0
PROP-5A9592DB1F1D,4.9,5.15,4.5,18.0,0.0,0.9,0.9
PROP-43AF163981C9,4.9,5.15,4.5,18.0,0.0,0.9,0.9
PROP-BD9DCED9F2E3,4.0,4.25,4.0,18.0,0.0,0.0,0.0
PROP-4ADB2F3FB31D,4.0,4.25,3.0,18.0,0.0,-0.4,-1.75
PROP-F9DCDB747D11,4.9,5.15,4.5,18.0,0.0,0.9,0.9
PROP-ECE45B3B674E,6.0,6.25,4.0,19.5,0.0,0.0,-0.25
PROP-604BE6291861,4.0,4.25,3.0,18.0,0.0,0.0,-1.15
PROP-B2EB85AF0C22,4.4,4.65,3.0,18.0,0.0,-0.75,-1.6
PROP-D61B05DBE3C8,5.15,5.4,4.0,18.25,0.0,0.0,-1.35
PROP-1A64980AA894,6.5,6.75,4.0,19.5,0.0,0.25,0.5
PROP-3C00CDAE3560,6.0,6.25,4.0,19.25,-0.25,-0.5,0.0
PROP-1F9A947187E4,4.0,4.25,3.0,18.0,0.0,0.0,-1.15
PROP-7171986C6A37,4.9,5.15,4.5,18.0,0.0,0.9,0.9
PROP-EF3024EDB6E5,6.0,6.25,4.0,19.5,0.0,0.0,-0.25
PROP-3D5136DA2799,4.0,4.25,3.0,18.0,0.0,0.0,-1.15
PROP-4703C9CFC424,4.0,4.25,4.0,18.0,0.0,0.0,0.0
PROP-CD469FF62FA5,4.0,4.25,4.0,18.0,0.0,0.0,0.0
PROP-DC208C38D2A2,6.5,6.75,4.0,19.25,0.0,0.0,0.5
PROP-FC08BED7CA6B,4.4,4.65,3.0,18.0,0.0,-0.75,-1.6
PROP-4E0D23223BAC,6.5,6.75,4.0,19.5,0.0,0.25,0.5
PROP-257E6D153A2E,4.0,4.25,3.0,18.0,0.0,0.0,-1.15
PROP-70FAABBCD5DD,4.0,4.25,3.0,18.0,0.0,-0.4,-1.75
PROP-B443BD3DA77D,4.0,4.25,3.0,18.0,0.0,-0.4,-1.75
PROP-CDC86D229780,4.0,4.25,4.0,18.0,0.0,0.0,0.0
PROP-C02EF49D4B6C,5.15,5.4,4.0,18.5,-0.25,-0.6,-1.35
PROP-B75810757E0C,5.15,5.4,4.0,18.25,0.0,0.0,-1.35
PROP-76B2C7803F78,4.9,5.15,4.5,18.0,0.0,0.9,0.9
PROP-EAD5E77797C9,4.0,4.25,4.0,18.0,0.0,0.0,0.0
PROP-957E3AE33B34,5.15,5.4,4.0,18.5,-0.25,-0.6,-1.35
PROP-623FAF40F12A,4.4,4.65,3.0,18.0,0.0,-0.75,-1.6
PROP-E0586EB2234A,4.0,4.25,3.0,18.0,0.0,0.0,-1.15
PROP-0E523077EC6B,4.0,4.25,3.0,18.0,0.0,-0.4,-1.75
PROP-34DB63DEEBC4,4.0,4.25,3.0,18.0,0.0,-0.4,-1.75
PROP-7F94948843C9,4.0,4.25,3.0,18.0,0.0,-0.4,-1.75
PROP-218BB9049506,4.9,5.15,4.5,18.0,0.0,0.9,0.9
PROP-A7645A4CF350,4.9,5.15,4.5,18.0,0.0,0.9,0.9
PROP-9E24B80BAFA7,5.15,5.4,4.0,18.5,-0.25,-0.6,-1.35
PROP-07164F7C1583,4.0,4.25,4.0,18.0,0.0,0.0,0.0
PROP-E5F20847331B,4.0,4.25,3.0,18.0,0.0,0.0,-1.15
PROP-101DBF905E03,4.0,4.25,4.0,18.0,0.0,0.0,0.0
PROP-F41C49950190,4.0,4.25,3.0,18.0,0.0,-0.4,-1.75
PROP-4F42AA6791A4,5.15,5.4,4.0,18.5,-0.25,-0.6,-1.35
PROP-3B88EDCC967A,6.0,6.25,4.0,19.25,-0.25,-0.5,0.0
PROP-3F2063FC71A1,4.0,4.25,3.0,18.0,0.0,0.0,-1.15
PROP-2594F0F48643,4.0,4.25,4.0,18.0,0.0,0.0,0.0
PROP-AF04F0B84455,4.0,4.25,4.0,18.0,0.0,0.0,0.0
PROP-025630893E35,6.5,6.75,4.0,19.5,0.0,0.25,0.5
PROP-86528BEEFC4D,4.0,4.25,3.0,18.0,0.0,0.0,-1.15
PROP-697A9FAE7AE7,5.15,5.4,4.0,18.25,0.0,0.0,-1.35
PROP-927E49BCA872,6.5,6.75,4.0,19.25,0.0,0.0,0.5
PROP-6AF2F6954CAC,4.0,4.25,4.0,18.0,0.0,0.0,0.0
PROP-FECD40DF8B0C,6.0,6.25,4.0,19.5,0.0,0.0,-0.25
PROP-54A15FBD6E90,4.0,4.25,4.0,18.0,0.0,0.0,0.0
PROP-A5211183BA03,4.0,4.25,4.0,18.0,0.0,0.0,0.0
PROP-E13F0F1D86B8,4.0,4.25,4.0,18.0,0.0,0.0,0.0
PROP-C340E611695D,4.0,4.25,3.0,18.0,0.0,0.0,-1.15
PROP-1C8A100CECE4,6.0,6.25,4.0,19.5,0.0,0.0,-0.25
PROP-266267160D85,6.25,6.5,4.0,19.5,0.0,0.25,0.0
PROP-7BF31E4BDEAF,5.15,5.4,4.0,18.25,0.0,0.0,-1.35
PROP-91F01E5814F8,4.0,4.25,3.0,18.0,0.0,-0.4,-1.75
PROP-E82C2D8EEFC3,5.75,6.0,4.0,19.0,0.0,-0.25,-0.5
PROP-C90729F59C56,4.0,4.25,4.0,18.0,0.0,0.0,0.0
PROP-8214C9D23465,4.4,4.65,3.0,18.0,0.0,-0.75,-1.6
PROP-F3B56E0C838E,6.0,6.25,4.0,19.5,0.0,0.0,-0.25
PROP-8DA06DF560C0,6.5,6.75,4.0,19.25,0.0,0.0,0.5
PROP-4B9D35DA459B,6.25,6.5,4.0,19.5,0.0,0.25,0.0
PROP-14871A1B0C1F,4.0,4.25,3.0,18.0,0.0,0.0,-1.15
PROP-AAE16CAC1828,4.4,4.65,3.0,18.0,0.0,-0.75,-1.6
PROP-B8B94387843F,4.9,5.15,4.5,18.0,0.0,0.9,0.9
PROP-27C570B83E22,5.75,6.0,4.0,19.0,0.0,-0.25,-0.5
PROP-6A9D72A482AC,5.15,5.4,4.0,18.5,-0.25,-0.6,-1.35
PROP-98477347E44B,4.4,4.65,3.0,18.0,0.0,-0.75,-1.6
PROP-0D996F9A4B4F,4.0,4.25,3.0,18.0,0.0,0.0,-1.15
PROP-ADE4B502F4B6,4.0,4.25,3.0,18.0,0.0,0.0,-1.15
PROP-88AB40499984,4.0,4.25,4.0,18.0,0.0,0.0,0.0
PROP-9F26D3A22AA0,6.0,6.25,4.0,19.5,0.0,0.0,-0.25
PROP-1E40B5CCA256,4.9,5.15,4.5,18.0,0.0,0.9,0.9
PROP-368E6C65AB81,4.0,4.25,4.0,18.0,0.0,0.0,0.0
PROP-B93BD295DAFC,6.0,6.25,4.0,19.25,-0.25,-0.5,0.0
PROP-C3FA968DA45B,4.0,4.25,3.5,18.0,0.0,0.0,-0.4
PROP-9378D7A8A632,4.0,4.25,4.0,18.0,0.0,0.0,0.0
PROP-4200F3F35484,4.0,4.25,3.0,18.0,0.0,0.0,-1.15
PROP-546B42AECBFF,5.15,5.4,4.0,18.25,0.0,0.0,-1.35
PROP-D179801CB015,4.0,4.25,4.0,18.0,0.0,0.0,0.0
PROP-AFB53419B792,4.0,4.25,3.0,18.0,0.0,-0.4,-1.75
PROP-50394F774E73,4.9,5.15,4.5,18.0,0.0,0.9,0.9
PROP-97A900EA3419,4.0,4.25,4.0,18.0,0.0,0.0,0.0
PROP-24C039B3DA44,6.0,6.25,4.0,19.25,-0.25,-0.5,0.0
PROP-994D051CA797,6.0,6.25,4.0,19.5,0.0,0.0,-0.25
PROP-17A95A2BA66C,6.0,6.25,4.0,19.25,-0.25,-0.5,0.0
PROP-B1F34E306175,4.4,4.65,3.0,18.0,0.0,-0.75,-1.6
PROP-F90DDB11F733,4.0,4.25,4.0,18.0,0.0,0.0,0.0
PROP-3BA055D85EF0,4.9,5.15,4.5,18.0,0.0,0.9,0.9
PROP-EA73E34E0DDE,4.0,4.25,4.0,18.0,0.0,0.0,0.0
PROP-F80F9B23CBEA,4.0,4.25,3.5,18.0,0.0,0.0,-0.4
PROP-4BDB6F78EF89,4.0,4.25,3.0,18.0,0.0,-0.4,-1.75
PROP-9D419686A518,4.0,4.25,3.0,18.0,0.0,0.0,-1.15
PROP-63F91EC2E2E3,6.5,6.75,4.0,19.5,0.0,0.25,0.5
PROP-37A233690DBC,6.0,6.25,4.0,19.25,-0.25,-0.5,0.0
PROP-CB9D59162A02,4.0,4.25,4.0,18.0,0.0,0.0,0.0
PROP-AE2E29BA40BB,4.0,4.25,4.0,18.0,0.0,0.0,0.0
PROP-986F3A4C359D,5.15,5.4,4.0,18.25,0.0,0.0,-1.35
PROP-5F8837AF7A65,4.4,4.65,3.0,18.0,0.0,-0.75,-1.6
PROP-4AB45A978118,6.0,6.25,4.0,19.5,0.0,0.0,-0.25
PROP-0BF5794C6B75,5.9,6.15,4.5,18.0,0.0,1.0,1.9
PROP-EBF2F6F7634C,5.9,6.15,4.5,18.0,0.0,1.0,1.9
PROP-6DE125CC17FB,4.0,4.25,3.0,18.0,0.0,0.0,-1.15
PROP-6C0936C8F0AD,4.9,5.15,4.5,18.0,0.0,0.9,0.9
PROP-E84062E49D3B,4.0,4.25,3.0,18.0,0.0,0.0,-1.15
PROP-05343ACD6AC2,6.5,6.75,4.0,19.25,0.0,0.0,0.5
PROP-2DD529FC4D78,5.15,5.4,4.0,18.25,0.0,0.0,-1.35
PROP-C43D12F892CD,4.0,4.25,4.0,18.0,0.0,0.0,0.0
PROP-D086A5805E7B,4.9,5.15,4.5,18.0,0.0,0.9,0.9
PROP-040F1E5CC2A2,6.5,6.75,4.0,19.5,0.0,0.25,0.5
PROP-39C830289104,6.0,6.25,4.0,19.5,0.0,0.0,-0.25
PROP-95BCDCDC5F07,4.0,4.25,3.0,18.0,0.0,-0.4,-1.75
PROP-EE9116EB576C,6.0,6.25,4.0,19.25,-0.25,-0.5,0.0
PROP-CB3A66AA610B,6.5,6.75,4.0,19.25,0.0,0.0,0.5
PROP-3A3751D72232,6.5,6.75,4.0,19.25,0.0,0.0,0.5
PROP-2A606241B684,4.0,4.25,4.0,18.0,0.0,0.0,0.0
PROP-262427AAB00B,4.0,4.25,4.0,18.0,0.0,0.0,0.0
PROP-C25466D11B57,4.4,4.65,3.0,18.0,0.0,-0.75,-1.6
PROP-D021C122927C,5.9,6.15,4.5,18.0,0.0,1.0,1.9
PROP-44B6D9FD64AD,4.0,4.25,4.0,18.0,0.0,0.0,0.0
PROP-7F38A41FC25A,4.4,4.65,3.0,18.0,0.0,-0.75,-1.6
PROP-2E43DB9F0A2B,6.5,6.75,4.0,19.5,0.0,0.25,0.5
PROP-E376E8926EE8,6.0,6.25,4.0,19.5,0.0,0.0,-0.25
PROP-119760DFF23C,5.75,6.0,4.0,19.0,0.0,-0.25,-0.5
PROP-C84EAA21C808,5.15,5.4,4.0,18.5,-0.25,-0.6,-1.35
PROP-C368C1A0B213,4.0,4.25,3.0,18.0,0.0,0.0,-1.15
PROP-2AF76F5D0D90,4.0,4.25,4.0,18.0,0.0,0.0,0.0
PROP-F4896266A45B,4.9,5.15,4.5,18.0,0.0,0.9,0.9
PROP-92B6683EBEB8,4.0,4.25,4.0,18.0,0.0,0.0,0.0
PROP-75B7AD39545D,6.5,6.75,4.0,19.5,0.0,0.25,0.5
PROP-A6DAC02C3257,5.75,6.0,4.0,19.0,0.0,-0.25,-0.5
PROP-185AA95C95FB,5.9,6.15,4.5,18.0,0.0,1.0,1.9
PROP-D4F6D2A0C196,6.5,6.75,4.0,19.5,0.0,0.25,0.5
PROP-E4B37C87DB3D,5.75,6.0,4.0,19.0,0.0,-0.25,-0.5
PROP-3BD1E3597D0F,4.0,4.25,3.0,18.0,0.0,0.0,-1.15
PROP-40B16621AF57,5.75,6.0,4.0,19.0,0.0,-0.25,-0.5
PROP-D38D0DDA5D09,4.0,4.25,4.0,18.0,0.0,0.0,0.0
PROP-3E94EB89CEB0,4.4,4.65,3.0,18.0,0.0,-0.75,-1.6
PROP-CE5C1FCECCA3,4.0,4.25,4.0,18.0,0.0,0.0,0.0
PROP-2094893B68E3,5.15,5.4,4.0,18.5,-0.25,-0.6,-1.35
PROP-03966C8819FC,6.5,6.75,4.0,19.5,0.0,0.25,0.5
PROP-BF0CA5B0165B,6.5,6.75,4.0,19.5,0.0,0.25,0.5
PROP-725929C3CF9A,4.0,4.25,4.0,18.0,0.0,0.0,0.0
PROP-A074CFD66DBA,4.0,4.25,4.0,18.0,0.0,0.0,0.0
PROP-B44E7AB3F133,4.0,4.25,3.0,18.0,0.0,-0.4,-1.75
PROP-7B652EDE98B9,5.9,6.15,4.5,18.0,0.0,1.0,1.9
PROP-E49537B7EDB2,4.0,4.25,4.0,18.0,0.0,0.0,0.0
PROP-43D6125C70E3,4.0,4.25,4.0,18.0,0.0,0.0,0.0
PROP-9062BDA183C8,4.0,4.25,3.0,18.0,0.0,0.0,-1.15
PROP-FCE914283C26,5.75,6.0,4.0,19.0,0.0,-0.25,-0.5
PROP-DDE931B71D32,4.0,4.25,3.0,18.0,0.0,-0.4,-1.75
PROP-3FC81BB9A8E9,4.9,5.15,4.5,18.0,0.0,0.9,0.9
PROP-7DC55992A5F7,4.9,5.15,4.5,18.0,0.0,0.9,0.9
PROP-F98C157B29CE,4.9,5.15,4.5,18.0,0.0,0.9,0.9
PROP-11F0D7C2DA9A,4.0,4.25,4.0,18.0,0.0,0.0,0.0
PROP-59F83696E4A0,4.0,4.25,3.5,18.0,0.0,0.0,-0.4
PROP-B209253029B9,4.0,4.25,4.0,18.0,0.0,0.0,0.0
PROP-0A0D1025BB10,4.0,4.25,4.0,18.0,0.0,0.0,0.0
PROP-91162DD9C16B,6.0,6.25,4.0,19.25,-0.25,-0.5,0.0
PROP-B284EF840828,4.0,4.25,4.0,18.0,0.0,0.0,0.0
PROP-17F231EF9613,6.0,6.25,4.0,19.5,0.0,0.0,-0.25
PROP-D414BF9C4C6D,5.9,6.15,4.5,18.0,0.0,1.0,1.9
PROP-87251F22D1A6,4.0,4.25,4.0,18.0,0.0,0.0,0.0
PROP-33C5D522ABD8,4.0,4.25,3.5,18.0,0.0,0.0,-0.4
PROP-38952937802A,5.15,5.4,4.0,18.5,-0.25,-0.6,-1.35
PROP-9C92728DDCDF,4.0,4.25,4.0,18.0,0.0,0.0,0.0
PROP-33583EDEE6CC,6.0,6.25,4.0,19.25,-0.25,-0.5,0.0
PROP-D19B866B1C1B,4.0,4.25,4.0,18.0,0.0,0.0,0.0
PROP-B811F10BA765,4.4,4.65,3.0,18.0,0.0,-0.75,-1.6
PROP-13C20CD8D767,4.0,4.25,4.0,18.0,0.0,0.0,0.0
PROP-8E42F2D1DD13,4.0,4.25,4.0,18.0,0.0,0.0,0.0
PROP-61630110E0EB,5.75,6.0,4.0,19.0,0.0,-0.25,-0.5
PROP-6A33D3F4B770,4.0,4.25,4.0,18.0,0.0,0.0,0.0
PROP-99467CDFD547,4.0,4.25,3.0,18.0,0.0,-0.4,-1.75
PROP-214A5EBBDBBC,4.0,4.25,4.0,18.0,0.0,0.0,0.0
PROP-EB6104A92CE3,4.0,4.25,4.0,18.0,0.0,0.0,0.0
PROP-BBF3CE8EB234,4.0,4.25,4.0,18.0,0.0,0.0,0.0
PROP-4D163C1AFE0C,5.9,6.15,4.5,18.0,0.0,1.0,1.9
PROP-BF55F729966F,4.0,4.25,3.0,18.0,0.0,-0.4,-1.75
PROP-9356B731715C,4.0,4.25,4.0,18.0,0.0,0.0,0.0
PROP-87ABCA4FA53C,4.0,4.25,4.0,18.0,0.0,0.0,0.0
PROP-FA34FACA555B,5.75,6.0,4.0,19.0,0.0,-0.25,-0.5
PROP-17A3E5877C77,5.9,6.15,4.5,18.0,0.0,1.0,1.9
PROP-40106E96A209,6.0,6.25,4.0,19.25,-0.25,-0.5,0.0
PROP-AEFB9ED07562,4.0,4.25,4.0,18.0,0.0,0.0,0.0
PROP-2DB08686B1B4,4.0,4.25,3.0,18.0,0.0,-0.4,-1.75
PROP-073FAB5574D8,6.0,6.25,4.0,19.25,-0.25,-0.5,0.0
PROP-7934D5DB473C,5.15,5.4,4.0,18.5,-0.25,-0.6,-1.35
PROP-7410C553135C,5.9,6.15,4.5,18.0,0.0,1.0,1.9
PROP-BC795488B7B6,6.5,6.75,4.0,19.25,0.0,0.0,0.5
PROP-C1A08A7B9AA1,4.0,4.25,3.0,18.0,0.0,0.0,-1.15
PROP-5CAF3A94019E,5.15,5.4,4.0,18.5,-0.25,-0.6,-1.35
PROP-243C01918ABA,6.5,6.75,4.0,19.25,0.0,0.0,0.5
PROP-19A189A5DDAE,6.5,6.75,4.0,19.25,0.0,0.0,0.5
PROP-D9987F862292,4.0,4.25,4.0,18.0,0.0,0.0,0.0
PROP-75984F3987B9,5.75,6.0,4.0,19.0,0.0,-0.25,-0.5
PROP-CCBAE2E7428A,6.5,6.75,4.0,19.25,0.0,0.0,0.5
PROP-ABEFC9C98BD5,4.0,4.25,4.0,18.0,0.0,0.0,0.0
PROP-9704F39B10BC,4.4,4.65,3.0,18.0,0.0,-0.75,-1.6
PROP-EB1699214F37,6.0,6.25,4.0,19.5,0.0,0.0,-0.25
PROP-81F9F1B93FBC,5.15,5.4,4.0,18.5,-0.25,-0.6,-1.35
PROP-A9538D6FB9D5,5.15,5.4,4.0,18.25,0.0,0.0,-1.35
PROP-C50F3D2E75CA,5.9,6.15,4.5,18.0,0.0,1.0,1.9
PROP-8E1F66BF2263,6.5,6.75,4.0,19.5,0.0,0.25,0.5
PROP-BFCA3F29A480,4.4,4.65,3.0,18.0,0.0,-0.75,-1.6
PROP-DAC34762C723,4.0,4.25,4.0,18.0,0.0,0.0,0.0
PROP-4A0CC81836EA,6.5,6.75,4.0,19.25,0.0,0.0,0.5
PROP-DE4AEB21239F,4.0,4.25,3.0,18.0,0.0,0.0,-1.15
PROP-E7910EFD91D4,4.0,4.25,4.0,18.0,0.0,0.0,0.0
PROP-84BD5E17FC8A,4.0,4.25,4.0,18.0,0.0,0.0,0.0
PROP-F8532605AA76,4.4,4.65,3.0,18.0,0.0,-0.75,-1.6
PROP-D3D068DA7155,6.0,6.25,4.0,19.5,0.0,0.0,-0.25
PROP-AC7B0CFC77BF,5.75,6.0,4.0,19.0,0.0,-0.25,-0.5
PROP-380B13CADE94,6.0,6.25,4.0,19.25,-0.25,-0.5,0.0
PROP-28DFBC8DCE0A,4.9,5.15,4.5,18.0,0.0,0.9,0.9
PROP-BE86905CFF2E,4.9,5.15,4.5,18.0,0.0,0.9,0.9
PROP-2330079CA17F,4.9,5.15,4.5,18.0,0.0,0.9,0.9
PROP-B13AA9A7FC87,5.9,6.15,4.5,18.0,0.0,1.0,1.9
PROP-6B99B41229E4,5.15,5.4,4.0,18.5,-0.25,-0.6,-1.35
PROP-3680D46228B8,5.15,5.4,4.0,18.25,0.0,0.0,-1.35
PROP-C92FCA7FAE99,5.15,5.4,4.0,18.5,-0.25,-0.6,-1.35
PROP-A52F11910E62,4.0,4.25,3.0,18.0,0.0,0.0,-1.15
PROP-8FC449089728,5.15,5.4,4.0,18.5,-0.25,-0.6,-1.35
PROP-1E1C66314A0B,4.0,4.25,4.0,18.0,0.0,0.0,0.0
PROP-0871D498BB60,4.0,4.25,4.0,18.0,0.0,0.0,0.0
PROP-D878E8E75EB1,6.25,6.5,4.0,19.5,0.0,0.25,0.0
PROP-62F5A4B8A1A5,4.0,4.25,4.0,18.0,0.0,0.0,0.0
PROP-3394EA0AC455,4.9,5.15,4.5,18.0,0.0,0.9,0.9
PROP-8BC5BCE9E947,4.0,4.25,4.0,18.0,0.0,0.0,0.0
PROP-F2331A9D4498,4.0,4.25,3.0,18.0,0.0,-0.4,-1.75
PROP-947EAE578195,4.0,4.25,3.0,18.0,0.0,-0.4,-1.75
PROP-E4E50BD39773,4.0,4.25,3.0,18.0,0.0,-0.4,-1.75
PROP-B8DD9A06B33B,4.0,4.25,4.0,18.0,0.0,0.0,0.0
PROP-A079DB74EE3D,4.0,4.25,3.0,18.0,0.0,0.0,-1.15
PROP-EC62912FBF43,4.9,5.15,4.5,18.0,0.0,0.9,0.9
PROP-58A1E901B623,4.4,4.65,3.0,18.0,0.0,-0.75,-1.6
PROP-8F7D590F4342,5.75,6.0,4.0,19.0,0.0,-0.25,-0.5
PROP-E71E516A2661,6.0,6.25,4.0,19.25,-0.25,-0.5,0.0
PROP-6E687CF596C9,4.9,5.15,4.5,18.0,0.0,0.9,0.9
PROP-6A6AF79D9592,5.15,5.4,4.0,18.25,0.0,0.0,-1.35
PROP-E80E6A400321,4.4,4.65,3.0,18.0,0.0,-0.75,-1.6
PROP-03CA9D8D8CF0,6.5,6.75,4.0,19.5,0.0,0.25,0.5
PROP-E4D32FF2875D,4.0,4.25,4.0,18.0,0.0,0.0,0.0
PROP-06DEE0E7B7E0,5.15,5.4,4.0,18.5,-0.25,-0.6,-1.35
PROP-D1CD56EA9492,5.15,5.4,4.0,18.25,0.0,0.0,-1.35
PROP-54886A093889,6.5,6.75,4.0,19.5,0.0,0.25,0.5
PROP-8574E1CB9EBC,5.15,5.4,4.0,18.25,0.0,0.0,-1.35
PROP-7DD90EA43461,6.5,6.75,4.0,19.5,0.0,0.25,0.5
PROP-C8A6FA4D9403,5.15,5.4,4.0,18.25,0.0,0.0,-1.35
PROP-60303D26BD60,4.4,4.65,3.0,18.0,0.0,-0.75,-1.6
PROP-C1712DEFF1F8,5.15,5.4,4.0,18.5,-0.25,-0.6,-1.35
PROP-A6A322503CBB,4.0,4.25,4.0,18.0,0.0,0.0,0.0
PROP-3DE126242BBE,5.75,6.0,4.0,19.0,0.0,-0.25,-0.5
PROP-9AAC411C21F9,4.9,5.15,4.5,18.0,0.0,0.9,0.9
PROP-3D36877DEC81,6.0,6.25,4.0,19.5,0.0,0.0,-0.25
PROP-330517991164,6.5,6.75,4.0,19.25,0.0,0.0,0.5
PROP-91C733ACFD92,5.9,6.15,4.5,18.0,0.0,1.0,1.9
PROP-1D6A69D5960E,4.9,5.15,4.5,18.0,0.0,0.9,0.9
PROP-2AFD53165886,4.0,4.25,4.0,18.0,0.0,0.0,0.0
PROP-D1FD0E113897,4.0,4.25,3.0,18.0,0.0,0.0,-1.15
PROP-6BD055D9DA6F,4.0,4.25,4.0,18.0,0.0,0.0,0.0
PROP-D66F683C90EA,6.0,6.25,4.0,19.5,0.0,0.0,-0.25
PROP-18CA4F803B0C,4.0,4.25,3.0,18.0,0.0,0.0,-1.15
PROP-2AD42497514D,4.0,4.25,4.0,18.0,0.0,0.0,0.0
PROP-44CE88B6D774,6.0,6.25,4.0,19.5,0.0,0.0,-0.25
PROP-F2845957C272,6.25,6.5,4.0,19.5,0.0,0.25,0.0
PROP-7C339447B5C5,5.9,6.15,4.5,18.0,0.0,1.0,1.9
PROP-A9854E5EC544,4.0,4.25,4.0,18.0,0.0,0.0,0.0
PROP-6A481F6FEA84,4.0,4.25,3.0,18.0,0.0,0.0,-1.15
PROP-51F3BB79D81D,5.75,6.0,4.0,19.0,0.0,-0.25,-0.5
PROP-618AEE8DA9B3,5.9,6.15,4.5,18.0,0.0,1.0,1.9
PROP-1E658F1B20EA,4.0,4.25,4.0,18.0,0.0,0.0,0.0
PROP-6B1DC8E61D9E,4.9,5.15,4.5,18.0,0.0,0.9,0.9
PROP-B28630628F9B,4.9,5.15,4.5,18.0,0.0,0.9,0.9
PROP-8BCC8087497F,4.4,4.65,3.0,18.0,0.0,-0.75,-1.6
PROP-C8422AF2D7D3,6.0,6.25,4.0,19.25,-0.25,-0.5,0.0
PROP-5770910CA137,6.5,6.75,4.0,19.5,0.0,0.25,0.5
PROP-155E7CEC7EC3,4.0,4.25,3.5,18.0,0.0,0.0,-0.4
PROP-49EF7E41B5CA,5.75,6.0,4.0,19.0,0.0,-0.25,-0.5
PROP-BB5ABA8D3286,4.0,4.25,3.5,18.0,0.0,0.0,-0.4
PROP-00F429D1F8D3,5.15,5.4,4.0,18.5,-0.25,-0.6,-1.35
PROP-2B59F1137CDE,5.15,5.4,4.0,18.25,0.0,0.0,-1.35
PROP-5C880A74D61E,4.4,4.65,3.0,18.0,0.0,-0.75,-1.6
PROP-84F957516F6C,6.0,6.25,4.0,19.25,-0.25,-0.5,0.0
PROP-A36C182FF3F1,4.0,4.25,4.0,18.0,0.0,0.0,0.0
PROP-6EE3885ED9E0,4.0,4.25,4.0,18.0,0.0,0.0,0.0
PROP-A918B769D6B9,4.9,5.15,4.5,18.0,0.0,0.9,0.9
PROP-111015E85653,6.0,6.25,4.0,19.5,0.0,0.0,-0.25
PROP-4B61FF7DE3C0,4.0,4.25,3.0,18.0,0.0,-0.4,-1.75
PROP-1BD3F3E1D482,4.0,4.25,3.0,18.0,0.0,0.0,-1.15
PROP-E9C28500D2E3,6.0,6.25,4.0,19.25,-0.25,-0.5,0.0
PROP-A2178EB46E3C,5.9,6.15,4.5,18.0,0.0,1.0,1.9
PROP-994883A76291,6.25,6.5,4.0,19.5,0.0,0.25,0.0
PROP-EBA3620AACAA,6.5,6.75,4.0,19.5,0.0,0.25,0.5
PROP-2BB1857AAE58,6.25,6.5,4.0,19.5,0.0,0.25,0.0
PROP-555C18A348FA,5.75,6.0,4.0,19.0,0.0,-0.25,-0.5
PROP-7DE5BBD75F83,4.4,4.65,3.0,18.0,0.0,-0.75,-1.6
PROP-3C9E112258A2,4.0,4.25,3.0,18.0,0.0,-0.4,-1.75
PROP-72ADB86C4D75,5.75,6.0,4.0,19.0,0.0,-0.25,-0.5
PROP-943D79E5C449,5.15,5.4,4.0,18.25,0.0,0.0,-1.35
PROP-544747A3C8A3,6.5,6.75,4.0,19.5,0.0,0.25,0.5
PROP-8B9211EAC362,4.4,4.65,3.0,18.0,0.0,-0.75,-1.6
PROP-10E307D9B614,4.0,4.25,3.0,18.0,0.0,-0.4,-1.75
PROP-7E0482048BD4,4.0,4.25,3.0,18.0,0.0,0.0,-1.15
PROP-95F0D8E0D772,6.0,6.25,4.0,19.25,-0.25,-0.5,0.0
PROP-A47CB629C5D9,4.0,4.25,3.0,18.0,0.0,0.0,-1.15
PROP-CB17F668A09B,4.0,4.25,3.0,18.0,0.0,0.0,-1.15
PROP-2EF709C363D8,4.4,4.65,3.0,18.0,0.0,-0.75,-1.6
PROP-CE56A30AF6BB,4.0,4.25,4.0,18.0,0.0,0.0,0.0
PROP-CF4926A2EC3F,5.15,5.4,4.0,18.25,0.0,0.0,-1.35
PROP-A432F470C81C,4.0,4.25,4.0,18.0,0.0,0.0,0.0
PROP-D734DBD14F7F,4.0,4.25,3.5,18.0,0.0,0.0,-0.4
PROP-EBB17DF79F02,4.4,4.65,3.0,18.0,0.0,-0.75,-1.6
PROP-BDE7DC2AF985,4.0,4.25,4.0,18.0,0.0,0.0,0.0
PROP-51EEEC01B814,4.0,4.25,4.0,18.0,0.0,0.0,0.0
PROP-AD43680CE130,5.15,5.4,4.0,18.25,0.0,0.0,-1.35
PROP-9B714ED6E53F,6.0,6.25,4.0,19.5,0.0,0.0,-0.25
PROP-AD9621E05AE6,6.5,6.75,4.0,19.25,0.0,0.0,0.5
PROP-EC3CFFB7BDFD,5.75,6.0,4.0,19.0,0.0,-0.25,-0.5
PROP-A96012C0C2ED,6.0,6.25,4.0,19.5,0.0,0.0,-0.25
PROP-95046668863D,4.0,4.25,4.0,18.0,0.0,0.0,0.0
PROP-A6BE480BBEAA,4.0,4.25,4.0,18.0,0.0,0.0,0.0
PROP-A6A717BDD93E,4.0,4.25,4.0,18.0,0.0,0.0,0.0
PROP-A19F086A222C,4.0,4.25,3.5,18.0,0.0,0.0,-0.4
PROP-6F7ACA7131C2,5.15,5.4,4.0,18.5,-0.25,-0.6,-1.35
PROP-E57E70E677B5,5.15,5.4,4.0,18.25,0.0,0.0,-1.35
PROP-5F3BB08656C0,4.0,4.25,3.0,18.0,0.0,-0.4,-1.75
PROP-D3BB0D19A84D,5.75,6.0,4.0,19.0,0.0,-0.25,-0.5
PROP-DF5320B7E15B,6.0,6.25,4.0,19.5,0.0,0.0,-0.25
PROP-9B66051D7253,6.5,6.75,4.0,19.25,0.0,0.0,0.5
PROP-F106027A5135,5.15,5.4,4.0,18.25,0.0,0.0,-1.35
PROP-124E81240F38,4.0,4.25,4.0,18.0,0.0,0.0,0.0
PROP-B00B471DEE06,4.0,4.25,3.0,18.0,0.0,-0.4,-1.75
PROP-6868513E4B32,4.0,4.25,3.0,18.0,0.0,-0.4,-1.75
PROP-584C76B7466C,6.0,6.25,4.0,19.25,-0.25,-0.5,0.0
PROP-5F4918B2029D,5.15,5.4,4.0,18.5,-0.25,-0.6,-1.35
PROP-D0D771C6846E,4.4,4.65,3.0,18.0,0.0,-0.75,-1.6
PROP-7777D4DED88A,4.0,4.25,3.0,18.0,0.0,-0.4,-1.75
PROP-AB79A648775B,4.9,5.15,4.5,18.0,0.0,0.9,0.9
PROP-8F8817A2EC45,5.15,5.4,4.0,18.25,0.0,0.0,-1.35
PROP-E838D562DA1E,4.0,4.25,4.0,18.0,0.0,0.0,0.0
PROP-FF8A468A444E,6.25,6.5,4.0,19.5,0.0,0.25,0.0
PROP-BCE4AF2CDA6A,4.0,4.25,3.0,18.0,0.0,0.0,-1.15
PROP-BC901849AB9D,4.0,4.25,3.0,18.0,0.0,0.0,-1.15
PROP-4883B556F095,6.0,6.25,4.0,19.5,0.0,0.0,-0.25
PROP-E2118EAB7832,6.5,6.75,4.0,19.5,0.0,0.25,0.5
PROP-83B8862952C6,4.0,4.25,4.0,18.0,0.0,0.0,0.0
PROP-DD92DF9F73D2,4.0,4.25,3.0,18.0,0.0,0.0,-1.15
PROP-1FBA26C17E55,4.0,4.25,3.0,18.0,0.0,-0.4,-1.75
PROP-58517A043C19,4.0,4.25,4.0,18.0,0.0,0.0,0.0
PROP-0DAFCB94CFC3,4.0,4.25,3.0,18.0,0.0,0.0,-1.15
PROP-BFDF862FA208,5.15,5.4,4.0,18.25,0.0,0.0,-1.35
PROP-D2B2BD52A74C,5.15,5.4,4.0,18.25,0.0,0.0,-1.35
PROP-32D171395365,6.0,6.25,4.0,19.5,0.0,0.0,-0.25
PROP-EF251670A8F0,4.0,4.25,3.0,18.0,0.0,0.0,-1.15
PROP-AD6A4F82E114,6.25,6.5,4.0,19.5,0.0,0.25,0.0
PROP-ED5BBEF1BE79,4.0,4.25,3.5,18.0,0.0,0.0,-0.4
PROP-B7C8C7ABE5D4,4.0,4.25,4.0,18.0,0.0,0.0,0.0
PROP-598BED2D0CD3,6.25,6.5,4.0,19.5,0.0,0.25,0.0
PROP-A163783BBA0F,6.5,6.75,4.0,19.5,0.0,0.25,0.5
PROP-E2A2BD92E463,4.0,4.25,4.0,18.0,0.0,0.0,0.0
PROP-361471C17E01,4.0,4.25,4.0,18.0,0.0,0.0,0.0
PROP-18724C7ED95F,6.0,6.25,4.0,19.25,-0.25,-0.5,0.0
PROP-32D4F5D16E83,4.0,4.25,4.0,18.0,0.0,0.0,0.0
PROP-41BDA118A4DF,4.0,4.25,3.5,18.0,0.0,0.0,-0.4
PROP-D39149E3F16B,6.0,6.25,4.0,19.25,-0.25,-0.5,0.0
PROP-013886BB603F,5.15,5.4,4.0,18.25,0.0,0.0,-1.35
PROP-CF3671B20BC0,5.75,6.0,4.0,19.0,0.0,-0.25,-0.5
PROP-A004094A3657,5.75,6.0,4.0,19.0,0.0,-0.25,-0.5
PROP-F390E43B2289,4.0,4.25,3.0,18.0,0.0,-0.4,-1.75
PROP-D1EAFA4C700A,4.0,4.25,4.0,18.0,0.0,0.0,0.0
PROP-D5A46B2534DD,5.75,6.0,4.0,19.0,0.0,-0.25,-0.5
PROP-52823CC4A2F7,6.5,6.75,4.0,19.25,0.0,0.0,0.5
PROP-A7D3E6BBDF7F,4.0,4.25,3.0,18.0,0.0,0.0,-1.15
PROP-A76B595AE2D2,4.0,4.25,3.0,18.0,0.0,-0.4,-1.75
PROP-DC129E6DD967,6.0,6.25,4.0,19.25,-0.25,-0.5,0.0
PROP-EFB03CA1C311,6.0,6.25,4.0,19.5,0.0,0.0,-0.25
PROP-88821DBD00B8,4.0,4.25,4.0,18.0,0.0,0.0,0.0
PROP-07B6EBCAD028,5.75,6.0,4.0,19.0,0.0,-0.25,-0.5
PROP-65FE18570B4B,4.0,4.25,4.0,18.0,0.0,0.0,0.0
PROP-50E606087A7C,4.9,5.15,4.5,18.0,0.0,0.9,0.9
PROP-07B53BB1999A,6.0,6.25,4.0,19.5,0.0,0.0,-0.25
PROP-C34D08D752A4,4.0,4.25,4.0,18.0,0.0,0.0,0.0
PROP-6F336AE4E8AB,4.0,4.25,4.0,18.0,0.0,0.0,0.0
PROP-101BD48E231C,4.0,4.25,4.0,18.0,0.0,0.0,0.0
PROP-ECDF479102E1,4.0,4.25,3.0,18.0,0.0,0.0,-1.15
PROP-7E4EE4CDE22D,6.0,6.25,4.0,19.5,0.0,0.0,-0.25
PROP-1D7F64F4A28C,5.15,5.4,4.0,18.25,0.0,0.0,-1.35
PROP-008552FBDAC6,5.75,6.0,4.0,19.0,0.0,-0.25,-0.5
PROP-EC7FA926DCA4,4.0,4.25,4.0,18.0,0.0,0.0,0.0
PROP-5E79C3A1F69D,5.15,5.4,4.0,18.5,-0.25,-0.6,-1.35
PROP-CB0DDE945B7A,4.9,5.15,4.5,18.0,0.0,0.9,0.9
PROP-15BDC4258A0F,5.75,6.0,4.0,19.0,0.0,-0.25,-0.5
PROP-009873E62EE4,5.15,5.4,4.0,18.5,-0.25,-0.6,-1.35
PROP-38D7DEFBEA58,4.0,4.25,3.5,18.0,0.0,0.0,-0.4
PROP-51A0D1EC71FA,4.4,4.65,3.0,18.0,0.0,-0.75,-1.6
PROP-DB0B64885491,4.0,4.25,4.0,18.0,0.0,0.0,0.0
PROP-926B6AA2232E,6.0,6.25,4.0,19.5,0.0,0.0,-0.25
PROP-537C959650AC,4.0,4.25,3.0,18.0,0.0,0.0,-1.15
PROP-1F2FADCBA335,6.0,6.25,4.0,19.5,0.0,0.0,-0.25
PROP-2FC6BA14F71B,6.5,6.75,4.0,19.5,0.0,0.25,0.5
PROP-C3A1AF56CD8F,6.5,6.75,4.0,19.25,0.0,0.0,0.5
PROP-EACFDE9CEEC5,4.0,4.25,4.0,18.0,0.0,0.0,0.0
PROP-B76D7EF31E80,6.5,6.75,4.0,19.25,0.0,0.0,0.5
PROP-851DD48B0B11,5.15,5.4,4.0,18.25,0.0,0.0,-1.35
PROP-E40E24D712B0,5.9,6.15,4.5,18.0,0.0,1.0,1.9
PROP-F3F9D17B98AF,5.15,5.4,4.0,18.5,-0.25,-0.6,-1.35
PROP-5AF04D212AE3,5.15,5.4,4.0,18.5,-0.25,-0.6,-1.35
PROP-2A66DF1AB036,6.25,6.5,4.0,19.5,0.0,0.25,0.0
PROP-3B3918CC002C,4.0,4.25,4.0,18.0,0.0,0.0,0.0
PROP-066E605A1612,4.0,4.25,4.0,18.0,0.0,0.0,0.0
PROP-E63B77537969,5.15,5.4,4.0,18.25,0.0,0.0,-1.35
PROP-4A86ABD25AAB,5.15,5.4,4.0,18.5,-0.25,-0.6,-1.35
PROP-04225BDF52C1,4.9,5.15,4.5,18.0,0.0,0.9,0.9
PROP-89BBF70DC133,6.0,6.25,4.0,19.25,-0.25,-0.5,0.0
PROP-4D78B3BC75A2,6.25,6.5,4.0,19.5,0.0,0.25,0.0
PROP-FE5699397C72,5.9,6.15,4.5,18.0,0.0,1.0,1.9
PROP-5D8F4237EA95,4.0,4.25,3.5,18.0,0.0,0.0,-0.4
PROP-9E1B90A3328F,5.75,6.0,4.0,19.0,0.0,-0.25,-0.5
PROP-E3394682F5EB,5.9,6.15,4.5,18.0,0.0,1.0,1.9
PROP-E23FBA276A36,5.75,6.0,4.0,19.0,0.0,-0.25,-0.5
PROP-89F656AA02AC,5.9,6.15,4.5,18.0,0.0,1.0,1.9
PROP-A1B09368029E,4.0,4.25,4.0,18.0,0.0,0.0,0.0
PROP-920BB356D310,4.0,4.25,3.0,18.0,0.0,0.0,-1.15
PROP-FF87D54233E6,4.0,4.25,4.0,18.0,0.0,0.0,0.0
PROP-903292E4F860,6.0,6.25,4.0,19.25,-0.25,-0.5,0.0
PROP-40FAAAD86042,6.0,6.25,4.0,19.25,-0.25,-0.5,0.0
PROP-7A191442AD18,4.0,4.25,4.0,18.0,0.0,0.0,0.0
PROP-629B6B6F9EF6,6.0,6.25,4.0,19.25,-0.25,-0.5,0.0
PROP-6520B958CA0A,4.0,4.25,4.0,18.0,0.0,0.0,0.0
PROP-9B8D65CA7D28,5.75,6.0,4.0,19.0,0.0,-0.25,-0.5
PROP-F8997291862C,6.5,6.75,4.0,19.25,0.0,0.0,0.5
PROP-AA9F79C5E533,6.25,6.5,4.0,19.5,0.0,0.25,0.0
PROP-1CA3E28E9F53,6.5,6.75,4.0,19.5,0.0,0.25,0.5
PROP-285719CFA573,4.0,4.25,4.0,18.0,0.0,0.0,0.0
PROP-CBCFC1E18ED9,6.0,6.25,4.0,19.5,0.0,0.0,-0.25
PROP-C74C945C2A26,6.0,6.25,4.0,19.25,-0.25,-0.5,0.0
PROP-921F8E5BBB16,4.0,4.25,4.0,18.0,0.0,0.0,0.0
PROP-80ABC31EFF28,4.0,4.25,4.0,18.0,0.0,0.0,0.0
PROP-76039D31B119,4.9,5.15,4.5,18.0,0.0,0.9,0.9
PROP-337AB3271094,4.0,4.25,4.0,18.0,0.0,0.0,0.0
PROP-AF1227CAA778,5.9,6.15,4.5,18.0,0.0,1.0,1.9
PROP-F927B5A6F1BF,4.4,4.65,3.0,18.0,0.0,-0.75,-1.6
PROP-0ADF086C0698,4.0,4.25,3.0,18.0,0.0,0.0,-1.15
PROP-666AD1405F8E,4.0,4.25,4.0,18.0,0.0,0.0,0.0
PROP-41E989F79805,5.9,6.15,4.5,18.0,0.0,1.0,1.9
PROP-780710815F2E,4.0,4.25,4.0,18.0,0.0,0.0,0.0
PROP-7EDBCB6EBBC9,6.5,6.75,4.0,19.5,0.0,0.25,0.5
PROP-7037F5BC9E65,6.5,6.75,4.0,19.5,0.0,0.25,0.5
PROP-BFC338518A95,4.0,4.25,4.0,18.0,0.0,0.0,0.0
PROP-6CDB203A8696,4.0,4.25,3.0,18.0,0.0,0.0,-1.15
PROP-FF12DC411AD0,4.0,4.25,4.0,18.0,0.0,0.0,0.0
PROP-620D8A8D8E2C,4.4,4.65,3.0,18.0,0.0,-0.75,-1.6
PROP-8FB5ABC53165,5.15,5.4,4.0,18.5,-0.25,-0.6,-1.35
PROP-A9B65E77D536,6.5,6.75,4.0,19.25,0.0,0.0,0.5
PROP-4B02CC150265,5.75,6.0,4.0,19.0,0.0,-0.25,-0.5
PROP-46CC85DFD7B2,4.0,4.25,4.0,18.0,0.0,0.0,0.0
PROP-7C467060016F,4.4,4.65,3.0,18.0,0.0,-0.75,-1.6
PROP-B766E5993D9C,5.9,6.15,4.5,18.0,0.0,1.0,1.9
PROP-1DEA3AB71CED,6.25,6.5,4.0,19.5,0.0,0.25,0.0
PROP-6EC7E32B48E8,6.5,6.75,4.0,19.5,0.0,0.25,0.5
PROP-ADD3D7A14A18,6.0,6.25,4.0,19.25,-0.25,-0.5,0.0
PROP-A5E0AAA22105,6.0,6.25,4.0,19.25,-0.25,-0.5,0.0
PROP-1D3C40919EB1,5.75,6.0,4.0,19.0,0.0,-0.25,-0.5
PROP-C14C5364DF49,4.9,5.15,4.5,18.0,0.0,0.9,0.9
PROP-5019A0D32D29,4.0,4.25,4.0,18.0,0.0,0.0,0.0
PROP-8F1C28AEFD2D,6.5,6.75,4.0,19.25,0.0,0.0,0.5
PROP-0A844E13DC69,5.15,5.4,4.0,18.25,0.0,0.0,-1.35
PROP-4981348830B6,6.0,6.25,4.0,19.5,0.0,0.0,-0.25
PROP-193F4EF309DA,4.9,5.15,4.5,18.0,0.0,0.9,0.9
PROP-C2219B49A16C,6.5,6.75,4.0,19.5,0.0,0.25,0.5
PROP-1CF5242B0C30,5.15,5.4,4.0,18.25,0.0,0.0,-1.35
PROP-FE73164F12FA,4.0,4.25,4.0,18.0,0.0,0.0,0.0
PROP-10CD48DC926B,6.0,6.25,4.0,19.25,-0.25,-0.5,0.0
PROP-693DFE9091F8,4.0,4.25,4.0,18.0,0.0,0.0,0.0
PROP-1128AEDF9D45,5.15,5.4,4.0,18.5,-0.25,-0.6,-1.35
PROP-7FFBC8193FFA,5.75,6.0,4.0,19.0,0.0,-0.25,-0.5
PROP-86DABB9547C7,5.75,6.0,4.0,19.0,0.0,-0.25,-0.5
PROP-05161F834158,5.9,6.15,4.5,18.0,0.0,1.0,1.9
PROP-E78F190C600D,5.75,6.0,4.0,19.0,0.0,-0.25,-0.5
PROP-E7AC2BC7DFCC,6.0,6.25,4.0,19.5,0.0,0.0,-0.25
PROP-57204B6AD4C4,4.0,4.25,4.0,18.0,0.0,0.0,0.0
PROP-93DC496A91A9,6.5,6.75,4.0,19.25,0.0,0.0,0.5
PROP-FF9D9AD453C2,5.15,5.4,4.0,18.25,0.0,0.0,-1.35
PROP-0F09905B8469,6.0,6.25,4.0,19.25,-0.25,-0.5,0.0
PROP-F51C77676228,4.0,4.25,4.0,18.0,0.0,0.0,0.0
PROP-86F3FA390768,4.0,4.25,4.0,18.0,0.0,0.0,0.0
PROP-F27D420D8FFB,6.0,6.25,4.0,19.25,-0.25,-0.5,0.0
PROP-7256647D3CB9,6.5,6.75,4.0,19.25,0.0,0.0,0.5
PROP-D03FACFB2D6A,4.0,4.25,3.0,18.0,0.0,-0.4,-1.75
PROP-DFEE06420DCB,5.9,6.15,4.5,18.0,0.0,1.0,1.9
PROP-0E6A11D6C4DF,4.0,4.25,4.0,18.0,0.0,0.0,0.0
PROP-F81A9F971B57,4.9,5.15,4.5,18.0,0.0,0.9,0.9
PROP-064D1CC37483,6.5,6.75,4.0,19.25,0.0,0.0,0.5
PROP-6E84E88CC649,4.0,4.25,3.0,18.0,0.0,0.0,-1.15
PROP-786FB09FBD2F,5.75,6.0,4.0,19.0,0.0,-0.25,-0.5
PROP-7B5751B58F01,4.0,4.25,3.0,18.0,0.0,0.0,-1.15
PROP-2643372C0BE6,6.25,6.5,4.0,19.5,0.0,0.25,0.0
PROP-788137F6AC7F,5.9,6.15,4.5,18.0,0.0,1.0,1.9
PROP-9494CFF4AA57,5.75,6.0,4.0,19.0,0.0,-0.25,-0.5
PROP-271439694061,4.0,4.25,4.0,18.0,0.0,0.0,0.0
PROP-295123DCC734,6.5,6.75,4.0,19.25,0.0,0.0,0.5
PROP-FAA73A514DB4,4.0,4.25,3.0,18.0,0.0,-0.4,-1.75
PROP-DA735A9450BF,5.15,5.4,4.0,18.5,-0.25,-0.6,-1.35
PROP-566EE7A10F14,4.0,4.25,4.0,18.0,0.0,0.0,0.0
PROP-E7D2C6798FED,4.0,4.25,3.0,18.0,0.0,-0.4,-1.75
PROP-DA26163100F0,6.5,6.75,4.0,19.25,0.0,0.0,0.5
PROP-F207E8BE365E,4.0,4.25,4.0,18.0,0.0,0.0,0.0
PROP-060B89326CAC,5.9,6.15,4.5,18.0,0.0,1.0,1.9
PROP-34677AF68D3D,6.25,6.5,4.0,19.5,0.0,0.25,0.0
PROP-0685C5BAA567,6.5,6.75,4.0,19.25,0.0,0.0,0.5
PROP-FC048C452959,5.15,5.4,4.0,18.5,-0.25,-0.6,-1.35
PROP-C7DB120F3EA5,5.15,5.4,4.0,18.5,-0.25,-0.6,-1.35
PROP-9B5BFD6C2262,5.15,5.4,4.0,18.25,0.0,0.0,-1.35
PROP-049D5958CCD0,6.25,6.5,4.0,19.5,0.0,0.25,0.0
PROP-3BDB8335B3CD,4.0,4.25,4.0,18.0,0.0,0.0,0.0
PROP-1E8D9974F252,6.0,6.25,4.0,19.5,0.0,0.0,-0.25
PROP-43485BB6417E,4.0,4.25,3.5,18.0,0.0,0.0,-0.4
PROP-B3D795CD13B5,4.0,4.25,4.0,18.0,0.0,0.0,0.0
PROP-066793FA89D3,6.0,6.25,4.0,19.25,-0.25,-0.5,0.0
PROP-919C73CF2CBB,5.75,6.0,4.0,19.0,0.0,-0.25,-0.5
PROP-1A9999FFD6FA,6.25,6.5,4.0,19.5,0.0,0.25,0.0
PROP-001318BFAAF9,4.0,4.25,3.0,18.0,0.0,0.0,-1.15
PROP-86F8CDE057FE,4.0,4.25,3.5,18.0,0.0,0.0,-0.4
PROP-78F9EC20D7E3,4.0,4.25,4.0,18.0,0.0,0.0,0.0
PROP-10AC8C5BD261,5.15,5.4,4.0,18.25,0.0,0.0,-1.35
PROP-B8C56FCADE08,4.9,5.15,4.5,18.0,0.0,0.9,0.9
PROP-DDFDD9E790B0,6.0,6.25,4.0,19.25,-0.25,-0.5,0.0
PROP-6D9830E4F606,4.0,4.25,3.0,18.0,0.0,-0.4,-1.75
PROP-7C593879A806,4.0,4.25,3.0,18.0,0.0,0.0,-1.15
PROP-6D46BB98A74C,4.0,4.25,3.0,18.0,0.0,-0.4,-1.75
PROP-DFA6B7277E06,4.0,4.25,3.0,18.0,0.0,0.0,-1.15
PROP-0666FF688D38,4.4,4.65,3.0,18.0,0.0,-0.75,-1.6
PROP-94FF28D6435B,4.4,4.65,3.0,18.0,0.0,-0.75,-1.6
PROP-3CA68C85783A,4.0,4.25,3.0,18.0,0.0,0.0,-1.15
PROP-F79B47AA84F5,6.5,6.75,4.0,19.25,0.0,0.0,0.5
PROP-CD2465AC36B4,5.15,5.4,4.0,18.25,0.0,0.0,-1.35
PROP-A88B483AA26B,5.15,5.4,4.0,18.5,-0.25,-0.6,-1.35
PROP-5BFD322A5D41,4.0,4.25,3.0,18.0,0.0,0.0,-1.15
PROP-4796F5B96470,4.0,4.25,3.0,18.0,0.0,-0.4,-1.75
PROP-B50CF7C60AA8,6.0,6.25,4.0,19.5,0.0,0.0,-0.25
PROP-33BFF3E81CB2,4.0,4.25,3.0,18.0,0.0,0.0,-1.15
PROP-F950302AB7E9,4.0,4.25,4.0,18.0,0.0,0.0,0.0
PROP-3771CE6B87E4,4.0,4.25,4.0,18.0,0.0,0.0,0.0
PROP-29630EDA1034,4.0,4.25,3.5,18.0,0.0,0.0,-0.4
PROP-F0A15FB127E7,4.0,4.25,4.0,18.0,0.0,0.0,0.0
PROP-8D398E998DCD,6.5,6.75,4.0,19.5,0.0,0.25,0.5
PROP-87225A886FCD,6.0,6.25,4.0,19.25,-0.25,-0.5,0.0
PROP-4F279F5B1ED4,6.0,6.25,4.0,19.5,0.0,0.0,-0.25
PROP-B3C97AEE700F,5.15,5.4,4.0,18.5,-0.25,-0.6,-1.35
PROP-548F815BC971,4.4,4.65,3.0,18.0,0.0,-0.75,-1.6
PROP-3FE3BA248FEA,4.0,4.25,4.0,18.0,0.0,0.0,0.0
PROP-FE190507DDF3,6.5,6.75,4.0,19.25,0.0,0.0,0.5
PROP-85467E9869F8,4.0,4.25,3.0,18.0,0.0,0.0,-1.15
PROP-40D9E1B931B6,4.0,4.25,4.0,18.0,0.0,0.0,0.0
PROP-F1D4960F04D5,6.25,6.5,4.0,19.5,0.0,0.25,0.0
PROP-8009A05A5182,4.0,4.25,3.5,18.0,0.0,0.0,-0.4
PROP-CBA6D10FFCEF,6.0,6.25,4.0,19.5,0.0,0.0,-0.25
PROP-0BF7D84452A1,4.0,4.25,3.0,18.0,0.0,0.0,-1.15
PROP-17323089F8DE,4.0,4.25,4.0,18.0,0.0,0.0,0.0
PROP-06FFF63EFBB0,5.15,5.4,4.0,18.5,-0.25,-0.6,-1.35
PROP-ABCE28B8312E,4.0,4.25,3.0,18.0,0.0,0.0,-1.15
PROP-3C88F71F43AC,6.0,6.25,4.0,19.25,-0.25,-0.5,0.0
PROP-D06FF5398939,4.0,4.25,4.0,18.0,0.0,0.0,0.0
PROP-8CE39BA668AB,5.75,6.0,4.0,19.0,0.0,-0.25,-0.5
PROP-FDC8E906723F,4.0,4.25,4.0,18.0,0.0,0.0,0.0
PROP-A34E6F804358,4.0,4.25,4.0,18.0,0.0,0.0,0.0
PROP-111BFDEBDB56,4.0,4.25,4.0,18.0,0.0,0.0,0.0
PROP-DBA4AF9BCBF0,6.0,6.25,4.0,19.25,-0.25,-0.5,0.0
PROP-1A51BED9C1A2,5.15,5.4,4.0,18.5,-0.25,-0.6,-1.35
PROP-3FC1E3A4FFD2,4.0,4.25,3.0,18.0,0.0,-0.4,-1.75
PROP-B1AF502A92DA,4.0,4.25,3.0,18.0,0.0,0.0,-1.15
PROP-3D2578C475E4,6.0,6.25,4.0,19.25,-0.25,-0.5,0.0
PROP-82458EDEE159,6.5,6.75,4.0,19.5,0.0,0.25,0.5
PROP-4D9525C680B5,6.5,6.75,4.0,19.25,0.0,0.0,0.5
PROP-9BDB0C6AA3F9,4.0,4.25,4.0,18.0,0.0,0.0,0.0
PROP-6611BBE30AFD,4.4,4.65,3.0,18.0,0.0,-0.75,-1.6
PROP-79B6707831F2,4.0,4.25,4.0,18.0,0.0,0.0,0.0
PROP-10531B3140B0,4.0,4.25,3.5,18.0,0.0,0.0,-0.4
PROP-E6AE71E06122,6.0,6.25,4.0,19.25,-0.25,-0.5,0.0
PROP-5EAE2B2AECEC,5.15,5.4,4.0,18.5,-0.25,-0.6,-1.35
PROP-8A71D7DCF74C,4.0,4.25,3.5,18.0,0.0,0.0,-0.4
PROP-46B5BEA1755E,6.0,6.25,4.0,19.5,0.0,0.0,-0.25
PROP-98371BC9B6E0,4.0,4.25,3.0,18.0,0.0,0.0,-1.15
PROP-066916C01906,4.0,4.25,3.0,18.0,0.0,0.0,-1.15
PROP-7EBB5087BF51,6.0,6.25,4.0,19.5,0.0,0.0,-0.25
PROP-2B25F705D100,6.0,6.25,4.0,19.25,-0.25,-0.5,0.0
PROP-4895B1F5D299,5.9,6.15,4.5,18.0,0.0,1.0,1.9
PROP-F0899F868C0B,5.15,5.4,4.0,18.5,-0.25,-0.6,-1.35
PROP-9989B466FF80,4.0,4.25,4.0,18.0,0.0,0.0,0.0
PROP-F947E06008ED,5.15,5.4,4.0,18.5,-0.25,-0.6,-1.35
PROP-495A76127945,4.0,4.25,4.0,18.0,0.0,0.0,0.0
PROP-40A11C553B9B,6.0,6.25,4.0,19.25,-0.25,-0.5,0.0
PROP-EA5C1B8F0143,4.9,5.15,4.5,18.0,0.0,0.9,0.9
PROP-463F0D23121B,4.0,4.25,3.0,18.0,0.0,-0.4,-1.75
PROP-F5D7A606F95D,4.0,4.25,3.5,18.0,0.0,0.0,-0.4
PROP-7DA1185D0CF2,4.0,4.25,4.0,18.0,0.0,0.0,0.0
PROP-21FDA9DC961F,4.0,4.25,3.5,18.0,0.0,0.0,-0.4
PROP-D3FEBEFB6E42,4.0,4.25,4.0,18.0,0.0,0.0,0.0
PROP-D4DFEC881B21,4.4,4.65,3.0,18.0,0.0,-0.75,-1.6
PROP-89399CC1D6C1,5.15,5.4,4.0,18.5,-0.25,-0.6,-1.35
PROP-D77D9222A2C0,4.0,4.25,4.0,18.0,0.0,0.0,0.0
PROP-2044513F4500,4.0,4.25,3.0,18.0,0.0,-0.4,-1.75
PROP-A8A69C338FBE,4.0,4.25,3.5,18.0,0.0,0.0,-0.4
PROP-80ACF106D9F6,4.0,4.25,3.5,18.0,0.0,0.0,-0.4
PROP-D108AAA71E70,4.0,4.25,3.0,18.0,0.0,-0.4,-1.75
PROP-B4FD1A047B82,6.5,6.75,4.0,19.25,0.0,0.0,0.5
PROP-7F016980DCDA,6.25,6.5,4.0,19.5,0.0,0.25,0.0
PROP-D7872544ACF6,4.0,4.25,4.0,18.0,0.0,0.0,0.0
PROP-1927F4FAED76,4.0,4.25,4.0,18.0,0.0,0.0,0.0
PROP-20118A92E4C9,4.0,4.25,4.0,18.0,0.0,0.0,0.0
PROP-BABEA0FA8CBF,6.5,6.75,4.0,19.25,0.0,0.0,0.5
PROP-CEC197066BF0,5.15,5.4,4.0,18.25,0.0,0.0,-1.35
PROP-2619AB4777F1,4.0,4.25,4.0,18.0,0.0,0.0,0.0
PROP-957E1381A560,6.0,6.25,4.0,19.25,-0.25,-0.5,0.0
PROP-61D3FEC6E5AB,4.9,5.15,4.5,18.0,0.0,0.9,0.9
PROP-D4B9206D970E,5.15,5.4,4.0,18.5,-0.25,-0.6,-1.35
PROP-25FF8814FBC2,5.15,5.4,4.0,18.5,-0.25,-0.6,-1.35
PROP-C467DD9DF355,5.15,5.4,4.0,18.25,0.0,0.0,-1.35
PROP-6E508BA9B17E,6.25,6.5,4.0,19.5,0.0,0.25,0.0
PROP-F1DA22C08425,5.15,5.4,4.0,18.5,-0.25,-0.6,-1.35
PROP-5014DED7A708,5.15,5.4,4.0,18.25,0.0,0.0,-1.35
PROP-B3FD96214285,5.15,5.4,4.0,18.25,0.0,0.0,-1.35
PROP-0769EA322E77,6.5,6.75,4.0,19.25,0.0,0.0,0.5
PROP-8C642CD8A9A6,4.0,4.25,3.0,18.0,0.0,0.0,-1.15
PROP-6FD7BDEA26B9,6.5,6.75,4.0,19.5,0.0,0.25,0.5
PROP-6D88DEFC5CF0,4.0,4.25,3.0,18.0,0.0,0.0,-1.15
PROP-538ABF9DD299,5.75,6.0,4.0,19.0,0.0,-0.25,-0.5
PROP-5A5C0576486C,5.75,6.0,4.0,19.0,0.0,-0.25,-0.5
PROP-157ED9AE81A5,4.0,4.25,3.0,18.0,0.0,0.0,-1.15
PROP-05DB6BF616BA,4.9,5.15,4.5,18.0,0.0,0.9,0.9
PROP-D48491EB1F80,4.0,4.25,4.0,18.0,0.0,0.0,0.0
PROP-BFB55F415A7A,4.0,4.25,3.0,18.0,0.0,0.0,-1.15
PROP-E1EE0F912893,5.15,5.4,4.0,18.25,0.0,0.0,-1.35
PROP-4F2496A1C9A1,4.0,4.25,4.0,18.0,0.0,0.0,0.0
PROP-E2C22847CF85,5.15,5.4,4.0,18.5,-0.25,-0.6,-1.35
PROP-4C588D543D3D,4.0,4.25,3.0,18.0,0.0,0.0,-1.15
PROP-F0FC0728F8B6,6.5,6.75,4.0,19.25,0.0,0.0,0.5
PROP-81EE7814DACC,5.15,5.4,4.0,18.25,0.0,0.0,-1.35
PROP-65193BACF062,4.0,4.25,3.0,18.0,0.0,0.0,-1.15
PROP-4A6062BD3BB8,4.0,4.25,3.0,18.0,0.0,0.0,-1.15
PROP-34EF9D761D0A,4.0,4.25,3.5,18.0,0.0,0.0,-0.4
PROP-8B564A8BDBC4,6.5,6.75,4.0,19.25,0.0,0.0,0.5
PROP-7A8C29F1D87F,5.75,6.0,4.0,19.0,0.0,-0.25,-0.5
PROP-F4F07277DBCB,5.15,5.4,4.0,18.25,0.0,0.0,-1.35
PROP-08FC70C26D6F,5.9,6.15,4.5,18.0,0.0,1.0,1.9
PROP-65CE52EA6B36,6.25,6.5,4.0,19.5,0.0,0.25,0.0
PROP-83511C4DB230,4.0,4.25,3.0,18.0,0.0,-0.4,-1.75
PROP-D5FD81836788,5.15,5.4,4.0,18.5,-0.25,-0.6,-1.35
PROP-5B4C7CA9BE8E,4.0,4.25,3.0,18.0,0.0,0.0,-1.15
PROP-DADA56B53A77,4.0,4.25,4.0,18.0,0.0,0.0,0.0
PROP-E7B7701D29C4,5.75,6.0,4.0,19.0,0.0,-0.25,-0.5
PROP-8B985806F72E,6.5,6.75,4.0,19.25,0.0,0.0,0.5
PROP-556E9289FDED,5.75,6.0,4.0,19.0,0.0,-0.25,-0.5
PROP-BF758B14EF8B,5.9,6.15,4.5,18.0,0.0,1.0,1.9
PROP-82762D7A6A9C,5.15,5.4,4.0,18.5,-0.25,-0.6,-1.35
PROP-CE6ED29B8392,4.0,4.25,4.0,18.0,0.0,0.0,0.0
PROP-E50DBA28A902,4.0,4.25,3.5,18.0,0.0,0.0,-0.4
PROP-0628DF792B8D,4.0,4.25,3.5,18.0,0.0,0.0,-0.4
PROP-37190FBA3A77,4.4,4.65,3.0,18.0,0.0,-0.75,-1.6
PROP-5F4E7DB62082,6.5,6.75,4.0,19.5,0.0,0.25,0.5
PROP-FF04B8AC10B3,5.75,6.0,4.0,19.0,0.0,-0.25,-0.5
PROP-18F040AF546D,6.25,6.5,4.0,19.5,0.0,0.25,0.0
PROP-C0930703656C,5.9,6.15,4.5,18.0,0.0,1.0,1.9
PROP-67CF758BC228,6.25,6.5,4.0,19.5,0.0,0.25,0.0
PROP-7E76D5D9A102,4.0,4.25,4.0,18.0,0.0,0.0,0.0
PROP-C2B58D47AD82,5.75,6.0,4.0,19.0,0.0,-0.25,-0.5
PROP-754BC171D4DA,4.0,4.25,4.0,18.0,0.0,0.0,0.0
PROP-DFDC74CF6BC5,6.5,6.75,4.0,19.5,0.0,0.25,0.5
PROP-12E3BC417E43,4.0,4.25,3.0,18.0,0.0,0.0,-1.15
PROP-13B112EC5F8E,4.9,5.15,4.5,18.0,0.0,0.9,0.9
PROP-66732118FB1B,4.0,4.25,4.0,18.0,0.0,0.0,0.0
PROP-25F35AE6F2D1,6.25,6.5,4.0,19.5,0.0,0.25,0.0
PROP-8BCC463AE3CB,4.4,4.65,3.0,18.0,0.0,-0.75,-1.6
PROP-7F1C23DC6C41,6.0,6.25,4.0,19.25,-0.25,-0.5,0.0
PROP-1E75F3ADC566,4.0,4.25,4.0,18.0,0.0,0.0,0.0
PROP-A6D7D99AD922,6.5,6.75,4.0,19.5,0.0,0.25,0.5
PROP-13ECAAE6CF5C,4.0,4.25,4.0,18.0,0.0,0.0,0.0
PROP-21C3571905E5,4.0,4.25,3.0,18.0,0.0,-0.4,-1.75
PROP-8BB6B4D89DAB,6.25,6.5,4.0,19.5,0.0,0.25,0.0
PROP-4F6223F84975,4.4,4.65,3.0,18.0,0.0,-0.75,-1.6
PROP-A1E332ACB300,6.25,6.5,4.0,19.5,0.0,0.25,0.0
PROP-FEA84B75EC88,4.0,4.25,3.0,18.0,0.0,-0.4,-1.75
PROP-C8EA04DAD649,5.75,6.0,4.0,19.0,0.0,-0.25,-0.5
PROP-EF678C9B85C0,6.0,6.25,4.0,19.5,0.0,0.0,-0.25
PROP-1281D0CC8F2D,4.9,5.15,4.5,18.0,0.0,0.9,0.9
PROP-B237BA786C95,5.75,6.0,4.0,19.0,0.0,-0.25,-0.5
PROP-5703A72A13A7,4.0,4.25,3.5,18.0,0.0,0.0,-0.4
PROP-5125A152AFD3,6.0,6.25,4.0,19.25,-0.25,-0.5,0.0
PROP-F470A218D690,5.15,5.4,4.0,18.25,0.0,0.0,-1.35
PROP-40B5A49DB6F2,4.0,4.25,3.5,18.0,0.0,0.0,-0.4
PROP-F629493F41EF,4.0,4.25,3.5,18.0,0.0,0.0,-0.4
PROP-A30A290DA654,6.5,6.75,4.0,19.5,0.0,0.25,0.5
PROP-B88AE050D27A,4.0,4.25,4.0,18.0,0.0,0.0,0.0
PROP-092D9847A913,4.0,4.25,4.0,18.0,0.0,0.0,0.0
PROP-8CCEEDA6A02B,6.25,6.5,4.0,19.5,0.0,0.25,0.0
PROP-DFC59B418382,5.9,6.15,4.5,18.0,0.0,1.0,1.9
PROP-75A87272C6C3,4.0,4.25,4.0,18.0,0.0,0.0,0.0
PROP-032940A5E7B1,4.0,4.25,4.0,18.0,0.0,0.0,0.0
PROP-6C1BF76EA029,6.5,6.75,4.0,19.25,0.0,0.0,0.5
PROP-E8806904E749,4.0,4.25,4.0,18.0,0.0,0.0,0.0
PROP-C1EC5C3B51E6,6.5,6.75,4.0,19.25,0.0,0.0,0.5
PROP-82352E74F13A,4.0,4.25,4.0,18.0,0.0,0.0,0.0
PROP-8CE170936004,4.9,5.15,4.5,18.0,0.0,0.9,0.9
PROP-662C0C252373,4.0,4.25,3.0,18.0,0.0,-0.4,-1.75
PROP-4E59815F38F6,5.9,6.15,4.5,18.0,0.0,1.0,1.9
PROP-56BEFCD9061F,4.0,4.25,3.0,18.0,0.0,0.0,-1.15
PROP-639C8CE9E311,4.0,4.25,3.5,18.0,0.0,0.0,-0.4
PROP-C9BEEBEDAC3F,6.25,6.5,4.0,19.5,0.0,0.25,0.0
PROP-5DEF78DEA618,4.0,4.25,3.0,18.0,0.0,-0.4,-1.75
PROP-386A201A1DD9,4.0,4.25,3.0,18.0,0.0,-0.4,-1.75
PROP-5CAB90191280,4.0,4.25,4.0,18.0,0.0,0.0,0.0
PROP-327684CC7F84,4.0,4.25,3.0,18.0,0.0,0.0,-1.15
PROP-DD2768D7343D,4.0,4.25,3.5,18.0,0.0,0.0,-0.4
PROP-C387907939FA,6.5,6.75,4.0,19.25,0.0,0.0,0.5
PROP-E61270EC5272,4.0,4.25,3.5,18.0,0.0,0.0,-0.4
PROP-623733528207,5.9,6.15,4.5,18.0,0.0,1.0,1.9
PROP-04C161AE2CCE,6.0,6.25,4.0,19.5,0.0,0.0,-0.25
PROP-F9FBE78D8FFE,6.25,6.5,4.0,19.5,0.0,0.25,0.0
PROP-6CD85AE4EDE4,4.4,4.65,3.0,18.0,0.0,-0.75,-1.6
PROP-C50197315C5B,4.9,5.15,4.5,18.0,0.0,0.9,0.9
PROP-258A7B3289E8,4.0,4.25,3.5,18.0,0.0,0.0,-0.4
PROP-4C13FCD627EA,6.25,6.5,4.0,19.5,0.0,0.25,0.0
PROP-AB5A295B5293,4.9,5.15,4.5,18.0,0.0,0.9,0.9
PROP-F4EA993DEABF,5.75,6.0,4.0,19.0,0.0,-0.25,-0.5
PROP-AD54BB215A54,6.5,6.75,4.0,19.5,0.0,0.25,0.5
PROP-216A3970FF18,5.9,6.15,4.5,18.0,0.0,1.0,1.9
PROP-42823F195F14,4.0,4.25,4.0,18.0,0.0,0.0,0.0
PROP-A347BF67ECD7,5.9,6.15,4.5,18.0,0.0,1.0,1.9
PROP-C9B6A738DB92,6.5,6.75,4.0,19.25,0.0,0.0,0.5
PROP-936538311055,4.0,4.25,4.0,18.0,0.0,0.0,0.0
PROP-3604A149C639,4.0,4.25,4.0,18.0,0.0,0.0,0.0
PROP-BE239DD674F3,6.5,6.75,4.0,19.25,0.0,0.0,0.5
PROP-51E6A11F9F12,4.0,4.25,3.0,18.0,0.0,0.0,-1.15
PROP-F50B848797C0,6.0,6.25,4.0,19.5,0.0,0.0,-0.25
PROP-626E8083D7D8,4.0,4.25,3.5,18.0,0.0,0.0,-0.4
PROP-4739520183B5,4.0,4.25,3.0,18.0,0.0,0.0,-1.15
PROP-FFB3588CEFE0,6.25,6.5,4.0,19.5,0.0,0.25,0.0
PROP-684C8885B654,6.0,6.25,4.0,19.5,0.0,0.0,-0.25
PROP-8C198171E8E5,4.0,4.25,4.0,18.0,0.0,0.0,0.0
PROP-9667B003D1BE,4.0,4.25,4.0,18.0,0.0,0.0,0.0
PROP-8E5E873C46A7,4.9,5.15,4.5,18.0,0.0,0.9,0.9
PROP-0FA60BF8C7B6,4.9,5.15,4.5,18.0,0.0,0.9,0.9
PROP-C64E74AC76E8,6.5,6.75,4.0,19.25,0.0,0.0,0.5
PROP-51A5A2ECA102,4.0,4.25,4.0,18.0,0.0,0.0,0.0
PROP-52D8EDAAADF1,6.5,6.75,4.0,19.25,0.0,0.0,0.5
PROP-241169F74BD5,5.75,6.0,4.0,19.0,0.0,-0.25,-0.5
PROP-E360FF53B36D,4.0,4.25,3.5,18.0,0.0,0.0,-0.4
PROP-60780B1C3D0A,5.15,5.4,4.0,18.25,0.0,0.0,-1.35
PROP-B99E0AED39E8,5.15,5.4,4.0,18.25,0.0,0.0,-1.35
PROP-CB4E80D5A74D,6.5,6.75,4.0,19.5,0.0,0.25,0.5
PROP-CEF4502E36A3,6.25,6.5,4.0,19.5,0.0,0.25,0.0
PROP-0BC37CD107BC,6.25,6.5,4.0,19.5,0.0,0.25,0.0
PROP-044831D23A87,4.0,4.25,3.0,18.0,0.0,-0.4,-1.75
PROP-D9B9D7AED0A7,4.0,4.25,4.0,18.0,0.0,0.0,0.0
PROP-C4DBA2A1ED42,6.5,6.75,4.0,19.5,0.0,0.25,0.5
PROP-5AFE12F0A193,4.0,4.25,4.0,18.0,0.0,0.0,0.0
PROP-89B77AC0EE3E,4.0,4.25,4.0,18.0,0.0,0.0,0.0
PROP-07EEE83E2835,6.5,6.75,4.0,19.25,0.0,0.0,0.5
PROP-A4E86BEAD90F,4.0,4.25,3.0,18.0,0.0,0.0,-1.15
PROP-0CDB9B891411,4.0,4.25,3.0,18.0,0.0,-0.4,-1.75
PROP-AD8CA20AED10,4.0,4.25,3.5,18.0,0.0,0.0,-0.4
PROP-E183B36DBF9C,4.9,5.15,4.5,18.0,0.0,0.9,0.9
PROP-564182A3E8B8,4.0,4.25,3.5,18.0,0.0,0.0,-0.4
PROP-CFA52F3979C0,4.0,4.25,3.5,18.0,0.0,0.0,-0.4
PROP-5DB57BA1A7CB,4.4,4.65,3.0,18.0,0.0,-0.75,-1.6
PROP-AC7D64B14B65,4.0,4.25,3.0,18.0,0.0,-0.4,-1.75
PROP-3BB3566365F3,4.4,4.65,3.0,18.0,0.0,-0.75,-1.6
PROP-9C41AA9B9845,5.9,6.15,4.5,18.0,0.0,1.0,1.9
PROP-927CF93EB351,4.0,4.25,4.0,18.0,0.0,0.0,0.0
PROP-93D6541C53EF,6.5,6.75,4.0,19.5,0.0,0.25,0.5
PROP-5CDF7CDCFC90,4.0,4.25,4.0,18.0,0.0,0.0,0.0
PROP-612330DF8800,5.9,6.15,4.5,18.0,0.0,1.0,1.9
PROP-A806A3D62046,4.4,4.65,3.0,18.0,0.0,-0.75,-1.6
PROP-AEE7B3201B77,4.0,4.25,3.0,18.0,0.0,0.0,-1.15
PROP-6C332B2D239F,6.0,6.25,4.0,19.25,-0.25,-0.5,0.0
PROP-13F27197B8B3,5.15,5.4,4.0,18.25,0.0,0.0,-1.35
PROP-B99373CE6620,6.5,6.75,4.0,19.25,0.0,0.0,0.5
PROP-43456579DF5C,4.0,4.25,3.0,18.0,0.0,0.0,-1.15
PROP-013706B19C75,5.15,5.4,4.0,18.25,0.0,0.0,-1.35
PROP-9E6DD4D6C72D,5.15,5.4,4.0,18.5,-0.25,-0.6,-1.35
PROP-D1FD6B1E6E59,6.5,6.75,4.0,19.5,0.0,0.25,0.5
PROP-801D8A9A9CFB,4.0,4.25,4.0,18.0,0.0,0.0,0.0
PROP-A008F580FC00,6.0,6.25,4.0,19.5,0.0,0.0,-0.25
PROP-BEE66263B988,6.25,6.5,4.0,19.5,0.0,0.25,0.0
PROP-DA5DCCD50564,4.0,4.25,3.0,18.0,0.0,0.0,-1.15
PROP-26E5909FF552,5.9,6.15,4.5,18.0,0.0,1.0,1.9
PROP-6FB28E504072,5.15,5.4,4.0,18.5,-0.25,-0.6,-1.35
PROP-B5A5D7FF923D,5.15,5.4,4.0,18.5,-0.25,-0.6,-1.35
PROP-B9006429FAA0,5.75,6.0,4.0,19.0,0.0,-0.25,-0.5
PROP-E17B82CBA0DD,4.0,4.25,3.0,18.0,0.0,0.0,-1.15
PROP-62B08F952DD4,5.75,6.0,4.0,19.0,0.0,-0.25,-0.5
PROP-F495729889C7,4.0,4.25,3.0,18.0,0.0,0.0,-1.15
PROP-374618C483C5,4.0,4.25,4.0,18.0,0.0,0.0,0.0
PROP-3C15F26CE943,4.0,4.25,3.5,18.0,0.0,0.0,-0.4
PROP-38BEE47EFC65,6.0,6.25,4.0,19.25,-0.25,-0.5,0.0
PROP-1099F5BD6C81,5.75,6.0,4.0,19.0,0.0,-0.25,-0.5
PROP-1779D7AD70C3,5.9,6.15,4.5,18.0,0.0,1.0,1.9
PROP-9B452B50C0C9,4.0,4.25,3.0,18.0,0.0,-0.4,-1.75
PROP-508FB2274A5A,4.9,5.15,4.5,18.0,0.0,0.9,0.9
PROP-EA77DC88011E,4.0,4.25,3.0,18.0,0.0,0.0,-1.15
PROP-80AFC880BD16,4.0,4.25,3.0,18.0,0.0,-0.4,-1.75
PROP-FCBB889AC8DB,5.15,5.4,4.0,18.5,-0.25,-0.6,-1.35
PROP-12E3ACA23BD5,4.0,4.25,4.0,18.0,0.0,0.0,0.0
PROP-F499B805F45A,5.15,5.4,4.0,18.25,0.0,0.0,-1.35
PROP-65350B3917F3,4.0,4.25,3.5,18.0,0.0,0.0,-0.4
PROP-9269F5EDABE3,5.9,6.15,4.5,18.0,0.0,1.0,1.9
PROP-3EE3D6B2FE17,6.25,6.5,4.0,19.5,0.0,0.25,0.0
PROP-F25B1BA0C5F1,4.0,4.25,4.0,18.0,0.0,0.0,0.0
PROP-AFC8153AFC9D,5.15,5.4,4.0,18.25,0.0,0.0,-1.35
PROP-2F60C283B311,4.0,4.25,3.0,18.0,0.0,0.0,-1.15
PROP-C24219733A36,4.9,5.15,4.5,18.0,0.0,0.9,0.9
PROP-881E12E4FFFC,4.0,4.25,4.0,18.0,0.0,0.0,0.0
PROP-8874BF2107E9,4.0,4.25,3.0,18.0,0.0,0.0,-1.15
PROP-727FE5F2E782,6.0,6.25,4.0,19.25,-0.25,-0.5,0.0
PROP-AF77E05E8B73,4.0,4.25,3.0,18.0,0.0,0.0,-1.15
PROP-6CE21426A791,6.0,6.25,4.0,19.25,-0.25,-0.5,0.0
PROP-A4533E45FD3F,4.0,4.25,4.0,18.0,0.0,0.0,0.0
PROP-9B239F57D201,4.0,4.25,4.0,18.0,0.0,0.0,0.0
PROP-C09982527D26,5.9,6.15,4.5,18.0,0.0,1.0,1.9
PROP-48CB268852CA,5.9,6.15,4.5,18.0,0.0,1.0,1.9
PROP-CB78544E03CE,5.15,5.4,4.0,18.5,-0.25,-0.6,-1.35
PROP-2DFC406BB91A,6.5,6.75,4.0,19.25,0.0,0.0,0.5
PROP-C599196D9B68,4.0,4.25,3.5,18.0,0.0,0.0,-0.4
PROP-07AF743954FD,4.0,4.25,3.0,18.0,0.0,-0.4,-1.75
PROP-555DE32B3741,5.9,6.15,4.5,18.0,0.0,1.0,1.9
PROP-F466BD78E78E,4.9,5.15,4.5,18.0,0.0,0.9,0.9
PROP-8D1661BF0AFD,4.0,4.25,4.0,18.0,0.0,0.0,0.0
PROP-2BF2662B6B17,4.0,4.25,4.0,18.0,0.0,0.0,0.0
PROP-2766DFA3E26A,6.25,6.5,4.0,19.5,0.0,0.25,0.0
PROP-F3DDAEDE37E9,4.0,4.25,3.0,18.0,0.0,0.0,-1.15
PROP-77A24BFAE794,4.0,4.25,3.5,18.0,0.0,0.0,-0.4
PROP-D209C7554DE3,5.75,6.0,4.0,19.0,0.0,-0.25,-0.5
PROP-35A4B3731368,4.4,4.65,3.0,18.0,0.0,-0.75,-1.6
PROP-6F8D76B8396F,5.15,5.4,4.0,18.5,-0.25,-0.6,-1.35
PROP-A7F33E11CFCA,4.4,4.65,3.0,18.0,0.0,-0.75,-1.6
PROP-85650C254843,5.15,5.4,4.0,18.5,-0.25,-0.6,-1.35
PROP-F893D9DC4CE5,4.0,4.25,4.0,18.0,0.0,0.0,0.0
PROP-BEFE2662E499,4.0,4.25,3.5,18.0,0.0,0.0,-0.4
PROP-1BC341943B09,4.0,4.25,3.5,18.0,0.0,0.0,-0.4
PROP-481599F19DDA,4.0,4.25,4.0,18.0,0.0,0.0,0.0
PROP-EE337B8241A9,4.0,4.25,4.0,18.0,0.0,0.0,0.0
PROP-9DC3EB4D0928,4.0,4.25,4.0,18.0,0.0,0.0,0.0
PROP-CA184101B74D,5.75,6.0,4.0,19.0,0.0,-0.25,-0.5
PROP-6E632B8E7AFD,6.5,6.75,4.0,19.25,0.0,0.0,0.5
PROP-D76597982D99,5.9,6.15,4.5,18.0,0.0,1.0,1.9
PROP-FBD56AE32791,4.0,4.25,3.0,18.0,0.0,0.0,-1.15
PROP-2B61A4E688EB,4.0,4.25,4.0,18.0,0.0,0.0,0.0
PROP-AF6169902B19,5.9,6.15,4.5,18.0,0.0,1.0,1.9
PROP-24856E68EB59,4.0,4.25,4.0,18.0,0.0,0.0,0.0
PROP-AD5CCE3144D6,6.0,6.25,4.0,19.25,-0.25,-0.5,0.0
PROP-7669A089B755,4.0,4.25,4.0,18.0,0.0,0.0,0.0
PROP-2FDBAFF019E1,5.75,6.0,4.0,19.0,0.0,-0.25,-0.5
PROP-7CC6C5D1FB5B,5.75,6.0,4.0,19.0,0.0,-0.25,-0.5
PROP-F32113CCACBB,5.75,6.0,4.0,19.0,0.0,-0.25,-0.5
PROP-709A8816E033,4.0,4.25,3.5,18.0,0.0,0.0,-0.4
PROP-1496F0B5A51B,5.15,5.4,4.0,18.25,0.0,0.0,-1.35
PROP-E41D3A98B47F,4.0,4.25,3.0,18.0,0.0,-0.4,-1.75
PROP-6C43A68BFCCB,5.75,6.0,4.0,19.0,0.0,-0.25,-0.5
PROP-CD391BCBBBD2,4.0,4.25,3.0,18.0,0.0,0.0,-1.15
PROP-9FCE3E9E3B91,4.0,4.25,3.0,18.0,0.0,-0.4,-1.75
PROP-0EA1686B4892,6.0,6.25,4.0,19.25,-0.25,-0.5,0.0
PROP-CB7C66C2ECDB,4.0,4.25,3.5,18.0,0.0,0.0,-0.4
PROP-B89AA763D3F9,6.5,6.75,4.0,19.5,0.0,0.25,0.5
PROP-4F7E04D32961,5.9,6.15,4.5,18.0,0.0,1.0,1.9
PROP-193BE0C5DCEE,4.0,4.25,4.0,18.0,0.0,0.0,0.0
PROP-1BA137FCFEB8,4.9,5.15,4.5,18.0,0.0,0.9,0.9
PROP-DA3F8F584DCD,4.0,4.25,4.0,18.0,0.0,0.0,0.0
PROP-EAABBAF02A7C,6.0,6.25,4.0,19.25,-0.25,-0.5,0.0
PROP-AAF6C5F29F96,5.15,5.4,4.0,18.5,-0.25,-0.6,-1.35
PROP-E3C894336044,6.5,6.75,4.0,19.25,0.0,0.0,0.5
PROP-A4AEBF37C5FB,4.4,4.65,3.0,18.0,0.0,-0.75,-1.6
PROP-694D92F52C64,6.0,6.25,4.0,19.5,0.0,0.0,-0.25
PROP-8A84311D4E79,4.9,5.15,4.5,18.0,0.0,0.9,0.9
PROP-C25FEB16AEB2,4.0,4.25,4.0,18.0,0.0,0.0,0.0
PROP-D1995B4553C1,6.0,6.25,4.0,19.25,-0.25,-0.5,0.0
PROP-CE92ABFFB9EC,5.9,6.15,4.5,18.0,0.0,1.0,1.9
PROP-B5062375AB07,4.0,4.25,3.5,18.0,0.0,0.0,-0.4
PROP-D696887D2205,6.0,6.25,4.0,19.25,-0.25,-0.5,0.0
PROP-62EBB1290315,6.0,6.25,4.0,19.25,-0.25,-0.5,0.0
PROP-D13CBBD0E596,5.15,5.4,4.0,18.5,-0.25,-0.6,-1.35
PROP-2EE81640DF4A,4.0,4.25,4.0,18.0,0.0,0.0,0.0
PROP-CB5580689434,4.0,4.25,4.0,18.0,0.0,0.0,0.0
PROP-FD2537AB7D4A,4.0,4.25,4.0,18.0,0.0,0.0,0.0
PROP-1FCABA50DCDC,4.4,4.65,3.0,18.0,0.0,-0.75,-1.6
PROP-342060DDC643,5.75,6.0,4.0,19.0,0.0,-0.25,-0.5
PROP-F15F89F367BB,6.5,6.75,4.0,19.25,0.0,0.0,0.5
PROP-FAEE374ECE3C,6.5,6.75,4.0,19.5,0.0,0.25,0.5
PROP-D447BF11DC89,4.0,4.25,4.0,18.0,0.0,0.0,0.0
PROP-E399DA9C45C1,4.0,4.25,4.0,18.0,0.0,0.0,0.0
PROP-35B3FD2B9BC4,5.9,6.15,4.5,18.0,0.0,1.0,1.9
PROP-2B2F431A70C5,6.5,6.75,4.0,19.5,0.0,0.25,0.5
PROP-7DDF5AE731A8,6.0,6.25,4.0,19.25,-0.25,-0.5,0.0
PROP-6B15FA5E360D,6.0,6.25,4.0,19.5,0.0,0.0,-0.25
PROP-B7CFF0B405B6,5.9,6.15,4.5,18.0,0.0,1.0,1.9
PROP-57D0D7ED3076,6.25,6.5,4.0,19.5,0.0,0.25,0.0
PROP-38DBCB1ED603,5.75,6.0,4.0,19.0,0.0,-0.25,-0.5
PROP-EF4DF3A0DFD1,5.75,6.0,4.0,19.0,0.0,-0.25,-0.5
PROP-25B38AAEB3AD,4.0,4.25,3.0,18.0,0.0,-0.4,-1.75
PROP-2323583E1E69,4.0,4.25,3.5,18.0,0.0,0.0,-0.4
PROP-1564DBA664BF,4.0,4.25,4.0,18.0,0.0,0.0,0.0
PROP-030005A8B1A6,4.0,4.25,4.0,18.0,0.0,0.0,0.0
PROP-DA8F1BBCE7D0,4.0,4.25,4.0,18.0,0.0,0.0,0.0
PROP-CDE5915D91A0,4.0,4.25,3.5,18.0,0.0,0.0,-0.4
PROP-4E71920B5F47,6.25,6.5,4.0,19.5,0.0,0.25,0.0
PROP-FE5D067F9356,4.4,4.65,3.0,18.0,0.0,-0.75,-1.6
PROP-531840654D4E,4.0,4.25,3.0,18.0,0.0,-0.4,-1.75
PROP-B0A1E0CB287D,5.15,5.4,4.0,18.25,0.0,0.0,-1.35
PROP-929F154C0F01,5.9,6.15,4.5,18.0,0.0,1.0,1.9
PROP-DF0683A91B88,4.0,4.25,4.0,18.0,0.0,0.0,0.0
PROP-DBFE6CBE74DA,5.75,6.0,4.0,19.0,0.0,-0.25,-0.5
PROP-990DC6A6EBEE,4.0,4.25,3.0,18.0,0.0,0.0,-1.15
PROP-C861BD6AC177,6.0,6.25,4.0,19.25,-0.25,-0.5,0.0
PROP-60FB87D3D987,4.0,4.25,3.0,18.0,0.0,0.0,-1.15
PROP-73995817A101,5.15,5.4,4.0,18.25,0.0,0.0,-1.35
PROP-BE8110CA5D43,4.0,4.25,4.0,18.0,0.0,0.0,0.0
PROP-F95D5F0487CD,6.25,6.5,4.0,19.5,0.0,0.25,0.0
PROP-E4DA24964A18,4.0,4.25,3.0,18.0,0.0,-0.4,-1.75
PROP-966366430254,4.0,4.25,4.0,18.0,0.0,0.0,0.0
PROP-91A1240A791A,6.5,6.75,4.0,19.25,0.0,0.0,0.5
PROP-723462B2A34B,4.0,4.25,3.0,18.0,0.0,-0.4,-1.75
PROP-73EF98B55AC1,4.0,4.25,4.0,18.0,0.0,0.0,0.0
PROP-459481581893,6.0,6.25,4.0,19.5,0.0,0.0,-0.25
PROP-CBD8F1B08CAE,6.0,6.25,4.0,19.25,-0.25,-0.5,0.0
PROP-C6A4DE4B5543,6.0,6.25,4.0,19.25,-0.25,-0.5,0.0
PROP-4685003231E8,6.5,6.75,4.0,19.25,0.0,0.0,0.5
PROP-CEB8C55149F0,6.5,6.75,4.0,19.5,0.0,0.25,0.5
PROP-F91EA8250E9C,4.0,4.25,3.5,18.0,0.0,0.0,-0.4
PROP-E67B73148734,4.0,4.25,4.0,18.0,0.0,0.0,0.0
PROP-6CE3F07E457C,4.0,4.25,4.0,18.0,0.0,0.0,0.0
PROP-B2EABD1DB446,6.5,6.75,4.0,19.5,0.0,0.25,0.5
PROP-6824B68EC6FA,5.15,5.4,4.0,18.25,0.0,0.0,-1.35
PROP-6AD984627706,6.5,6.75,4.0,19.25,0.0,0.0,0.5
PROP-9BF64BD76842,4.0,4.25,4.0,18.0,0.0,0.0,0.0
PROP-4CFC2C6B6C18,4.4,4.65,3.0,18.0,0.0,-0.75,-1.6
PROP-13E0CDAACB95,4.4,4.65,3.0,18.0,0.0,-0.75,-1.6
PROP-FAF17E199584,6.5,6.75,4.0,19.25,0.0,0.0,0.5
PROP-4DBD0330A125,4.4,4.65,3.0,18.0,0.0,-0.75,-1.6
PROP-645001E18F1A,4.0,4.25,3.0,18.0,0.0,-0.4,-1.75
PROP-256F88BA8D8C,5.75,6.0,4.0,19.0,0.0,-0.25,-0.5
PROP-527028F77856,6.0,6.25,4.0,19.25,-0.25,-0.5,0.0
PROP-B243EA7803B1,5.15,5.4,4.0,18.25,0.0,0.0,-1.35
PROP-14CED0D83F5B,5.75,6.0,4.0,19.0,0.0,-0.25,-0.5
PROP-1618B95B2B1A,4.0,4.25,4.0,18.0,0.0,0.0,0.0
PROP-5A38E41633FC,5.15,5.4,4.0,18.25,0.0,0.0,-1.35
PROP-50A722E62717,6.25,6.5,4.0,19.5,0.0,0.25,0.0
PROP-33F2C69AC04B,6.25,6.5,4.0,19.5,0.0,0.25,0.0
PROP-8B4AB8C33149,6.0,6.25,4.0,19.25,-0.25,-0.5,0.0
PROP-E277087C8E9C,4.0,4.25,4.0,18.0,0.0,0.0,0.0
PROP-D423FA9335D4,4.0,4.25,3.5,18.0,0.0,0.0,-0.4
PROP-139A6F760DD2,4.4,4.65,3.0,18.0,0.0,-0.75,-1.6
PROP-F546062541DD,4.0,4.25,4.0,18.0,0.0,0.0,0.0
PROP-DFDCEA1CF2D0,4.0,4.25,4.0,18.0,0.0,0.0,0.0
PROP-C63DE5A371D4,4.0,4.25,4.0,18.0,0.0,0.0,0.0
PROP-6C9F3E380CE9,4.0,4.25,4.0,18.0,0.0,0.0,0.0
PROP-6D5238F843B1,4.0,4.25,4.0,18.0,0.0,0.0,0.0
PROP-E6F1771E30F8,4.0,4.25,4.0,18.0,0.0,0.0,0.0
PROP-4D48508B7131,4.0,4.25,4.0,18.0,0.0,0.0,0.0
PROP-82984F0F7E0F,4.0,4.25,4.0,18.0,0.0,0.0,0.0
PROP-5F9B885F04BC,4.0,4.25,4.0,18.0,0.0,0.0,0.0
PROP-54ECD3EB0E39,5.15,5.4,4.0,18.5,-0.25,-0.6,-1.35
PROP-2BBD26D03EBE,6.0,6.25,4.0,19.5,0.0,0.0,-0.25
PROP-A33D4062C822,4.9,5.15,4.5,18.0,0.0,0.9,0.9
PROP-7C8C51A872EA,4.0,4.25,3.0,18.0,0.0,0.0,-1.15
PROP-9B42EF6E9290,4.4,4.65,3.0,18.0,0.0,-0.75,-1.6
PROP-20EE12CCE551,6.5,6.75,4.0,19.25,0.0,0.0,0.5
PROP-50AC64B21A0D,5.15,5.4,4.0,18.5,-0.25,-0.6,-1.35
PROP-247562234782,5.75,6.0,4.0,19.0,0.0,-0.25,-0.5
PROP-BF6D7AD2C229,6.5,6.75,4.0,19.25,0.0,0.0,0.5
PROP-A8A879D39694,4.0,4.25,3.5,18.0,0.0,0.0,-0.4
PROP-C40F6342A791,5.75,6.0,4.0,19.0,0.0,-0.25,-0.5
PROP-DE6FEFC559A7,6.0,6.25,4.0,19.5,0.0,0.0,-0.25
PROP-33E1446547DD,4.9,5.15,4.5,18.0,0.0,0.9,0.9
PROP-4BFA952225F9,5.9,6.15,4.5,18.0,0.0,1.0,1.9
PROP-06F8F5972F88,6.0,6.25,4.0,19.5,0.0,0.0,-0.25
PROP-E4E23CB4BE10,4.0,4.25,3.0,18.0,0.0,0.0,-1.15
PROP-47FD282C1428,5.9,6.15,4.5,18.0,0.0,1.0,1.9
PROP-E87F28722055,5.15,5.4,4.0,18.5,-0.25,-0.6,-1.35
PROP-A6618196324F,4.9,5.15,4.5,18.0,0.0,0.9,0.9
PROP-67EC1DE5C1EC,4.0,4.25,4.0,18.0,0.0,0.0,0.0
PROP-C9DD96FA9B69,4.0,4.25,3.0,18.0,0.0,-0.4,-1.75
PROP-B9AE8EC5527D,4.0,4.25,4.0,18.0,0.0,0.0,0.0
PROP-9AF0B418E3E5,5.15,5.4,4.0,18.5,-0.25,-0.6,-1.35
PROP-A88038FB0E78,4.0,4.25,3.0,18.0,0.0,-0.4,-1.75
PROP-80F7D51DCA91,6.5,6.75,4.0,19.25,0.0,0.0,0.5
PROP-436026B56429,4.0,4.25,3.0,18.0,0.0,-0.4,-1.75
PROP-BC5186FE42B1,4.4,4.65,3.0,18.0,0.0,-0.75,-1.6
PROP-A5210F341046,6.25,6.5,4.0,19.5,0.0,0.25,0.0
PROP-4BBDC21D1BB8,4.0,4.25,3.5,18.0,0.0,0.0,-0.4
PROP-A0AAF10F3101,6.25,6.5,4.0,19.5,0.0,0.25,0.0
PROP-32C787E31866,5.75,6.0,4.0,19.0,0.0,-0.25,-0.5
PROP-00CB62F9CA48,4.0,4.25,4.0,18.0,0.0,0.0,0.0
PROP-1DF5CA035298,5.9,6.15,4.5,18.0,0.0,1.0,1.9
PROP-440F13982022,5.9,6.15,4.5,18.0,0.0,1.0,1.9
PROP-C56F9DA01B8C,4.0,4.25,3.0,18.0,0.0,0.0,-1.15
PROP-D17D18C7AA11,4.0,4.25,4.0,18.0,0.0,0.0,0.0
PROP-3B7BEC217425,4.4,4.65,3.0,18.0,0.0,-0.75,-1.6
PROP-A119D0C80EC0,5.75,6.0,4.0,19.0,0.0,-0.25,-0.5
PROP-B9D428715410,4.4,4.65,3.0,18.0,0.0,-0.75,-1.6
PROP-C0036B113F01,4.4,4.65,3.0,18.0,0.0,-0.75,-1.6
PROP-2F687389F6BC,4.0,4.25,3.0,18.0,0.0,-0.4,-1.75
PROP-82FD212EBFF4,4.0,4.25,3.0,18.0,0.0,0.0,-1.15
PROP-1CBC1B777716,4.0,4.25,4.0,18.0,0.0,0.0,0.0
PROP-3136A96776C9,6.25,6.5,4.0,19.5,0.0,0.25,0.0
PROP-7E017C100BAE,4.0,4.25,4.0,18.0,0.0,0.0,0.0
PROP-DBBF09587D01,4.0,4.25,3.0,18.0,0.0,-0.4,-1.75
PROP-40D9BBE463C8,4.4,4.65,3.0,18.0,0.0,-0.75,-1.6
PROP-BF294F41A15B,5.75,6.0,4.0,19.0,0.0,-0.25,-0.5
PROP-F1352772F264,4.0,4.25,3.0,18.0,0.0,-0.4,-1.75
PROP-75DD34BAC904,5.15,5.4,4.0,18.25,0.0,0.0,-1.35
PROP-2E247E8FBF01,5.9,6.15,4.5,18.0,0.0,1.0,1.9
PROP-2C9C821FB1EF,5.75,6.0,4.0,19.0,0.0,-0.25,-0.5
PROP-C3B381AF53F8,5.75,6.0,4.0,19.0,0.0,-0.25,-0.5
PROP-8DF8EB302098,5.15,5.4,4.0,18.5,-0.25,-0.6,-1.35
PROP-34A9F88023CD,4.0,4.25,4.0,18.0,0.0,0.0,0.0
PROP-7BA6A399609D,4.0,4.25,4.0,18.0,0.0,0.0,0.0
PROP-CE56746F97D6,4.0,4.25,3.0,18.0,0.0,0.0,-1.15
PROP-DF67D4B0DCFA,6.0,6.25,4.0,19.5,0.0,0.0,-0.25
PROP-47B52D7CDD7F,6.5,6.75,4.0,19.5,0.0,0.25,0.5
PROP-FE08C2834F62,4.0,4.25,3.0,18.0,0.0,0.0,-1.15
PROP-7F7086C1E3AD,5.75,6.0,4.0,19.0,0.0,-0.25,-0.5
PROP-78A223DB1702,6.0,6.25,4.0,19.25,-0.25,-0.5,0.0
PROP-C7A847937C8F,4.0,4.25,4.0,18.0,0.0,0.0,0.0
PROP-925CD5328B61,4.0,4.25,3.0,18.0,0.0,0.0,-1.15
PROP-E1DD9D73239F,4.0,4.25,4.0,18.0,0.0,0.0,0.0
PROP-6CF36AA484DE,5.15,5.4,4.0,18.5,-0.25,-0.6,-1.35
PROP-774E70E090B2,6.0,6.25,4.0,19.25,-0.25,-0.5,0.0
PROP-B996C87F57E8,4.0,4.25,3.0,18.0,0.0,-0.4,-1.75
PROP-8AD2C3413978,4.0,4.25,3.5,18.0,0.0,0.0,-0.4
PROP-004E62138B45,4.0,4.25,3.0,18.0,0.0,-0.4,-1.75
PROP-40329495C500,5.75,6.0,4.0,19.0,0.0,-0.25,-0.5
PROP-8A881F2CE491,4.0,4.25,3.0,18.0,0.0,0.0,-1.15
PROP-D87656E40395,5.15,5.4,4.0,18.5,-0.25,-0.6,-1.35
PROP-35DD9C513F85,4.0,4.25,3.0,18.0,0.0,0.0,-1.15
PROP-E53290EF96AB,6.5,6.75,4.0,19.5,0.0,0.25,0.5
PROP-C2512136CBF0,4.0,4.25,4.0,18.0,0.0,0.0,0.0
PROP-F470169FEA39,4.0,4.25,3.0,18.0,0.0,0.0,-1.15
PROP-1667B1B98147,4.0,4.25,3.5,18.0,0.0,0.0,-0.4
PROP-E1DEEFC57AA9,4.9,5.15,4.5,18.0,0.0,0.9,0.9
PROP-29E09B6F82D5,5.15,5.4,4.0,18.5,-0.25,-0.6,-1.35
PROP-CA2B0C991932,5.15,5.4,4.0,18.5,-0.25,-0.6,-1.35
PROP-25906C36F887,5.9,6.15,4.5,18.0,0.0,1.0,1.9
PROP-E7334079368C,6.5,6.75,4.0,19.5,0.0,0.25,0.5
PROP-5A823CAE668F,6.5,6.75,4.0,19.25,0.0,0.0,0.5
PROP-D51FCCB82401,5.9,6.15,4.5,18.0,0.0,1.0,1.9
PROP-C0DD7ED34DB4,5.9,6.15,4.5,18.0,0.0,1.0,1.9
PROP-A5C6B62E5D18,4.0,4.25,4.0,18.0,0.0,0.0,0.0
PROP-6B64D4ABAE32,4.0,4.25,3.0,18.0,0.0,0.0,-1.15
PROP-3FB934612BA9,5.9,6.15,4.5,18.0,0.0,1.0,1.9
PROP-1D93D35FD2F5,4.0,4.25,3.5,18.0,0.0,0.0,-0.4
PROP-D936C54AE413,6.0,6.25,4.0,19.5,0.0,0.0,-0.25
PROP-3953C8007E69,5.75,6.0,4.0,19.0,0.0,-0.25,-0.5
PROP-044397ED0DE6,5.15,5.4,4.0,18.25,0.0,0.0,-1.35
PROP-9A30D22FDD44,4.0,4.25,4.0,18.0,0.0,0.0,0.0
PROP-9F52AB19FBCD,4.4,4.65,3.0,18.0,0.0,-0.75,-1.6
PROP-7B7243B79981,6.25,6.5,4.0,19.5,0.0,0.25,0.0
PROP-44A0AF4C082B,6.0,6.25,4.0,19.25,-0.25,-0.5,0.0
PROP-CD602FD3B7DA,4.0,4.25,3.0,18.0,0.0,0.0,-1.15
PROP-8B97294710E9,5.75,6.0,4.0,19.0,0.0,-0.25,-0.5
PROP-20388244EC6B,4.0,4.25,4.0,18.0,0.0,0.0,0.0
PROP-1BA7F3284607,4.0,4.25,3.0,18.0,0.0,-0.4,-1.75
PROP-755D406CD593,4.0,4.25,3.5,18.0,0.0,0.0,-0.4
PROP-DED2E4E97448,4.0,4.25,3.0,18.0,0.0,0.0,-1.15
PROP-E46B014EB815,5.75,6.0,4.0,19.0,0.0,-0.25,-0.5
PROP-25F49DC1D22F,6.0,6.25,4.0,19.25,-0.25,-0.5,0.0
PROP-D503271FAF7C,4.9,5.15,4.5,18.0,0.0,0.9,0.9
PROP-B422A0CB5980,4.0,4.25,3.0,18.0,0.0,-0.4,-1.75
PROP-EC311E033197,6.25,6.5,4.0,19.5,0.0,0.25,0.0
PROP-2BE121D1E5E9,5.9,6.15,4.5,18.0,0.0,1.0,1.9
PROP-90294CE43547,4.0,4.25,3.0,18.0,0.0,0.0,-1.15
PROP-9CA58A079A28,6.0,6.25,4.0,19.5,0.0,0.0,-0.25
PROP-8A2A0E319C78,4.0,4.25,3.0,18.0,0.0,0.0,-1.15
PROP-440904900E21,6.5,6.75,4.0,19.25,0.0,0.0,0.5
PROP-213ECFE3B4BE,4.0,4.25,3.0,18.0,0.0,0.0,-1.15
PROP-1F790EFD8125,5.9,6.15,4.5,18.0,0.0,1.0,1.9
PROP-647380B6C56C,4.0,4.25,4.0,18.0,0.0,0.0,0.0
PROP-4F499D9376F9,4.0,4.25,3.0,18.0,0.0,0.0,-1.15
PROP-7DB500BD76BA,4.0,4.25,3.0,18.0,0.0,0.0,-1.15
PROP-57D97B1608A3,4.0,4.25,3.0,18.0,0.0,-0.4,-1.75
PROP-B11E5AB45104,4.0,4.25,4.0,18.0,0.0,0.0,0.0
PROP-A50CE5313CBD,5.9,6.15,4.5,18.0,0.0,1.0,1.9
PROP-62217874631A,4.4,4.65,3.0,18.0,0.0,-0.75,-1.6
PROP-1D65556AE1CE,4.0,4.25,3.0,18.0,0.0,0.0,-1.15
PROP-1FBA2ED0E2B0,4.0,4.25,4.0,18.0,0.0,0.0,0.0
PROP-D39E15744857,4.0,4.25,4.0,18.0,0.0,0.0,0.0
PROP-E2640A16C3F8,4.0,4.25,4.0,18.0,0.0,0.0,0.0
PROP-E6BCF264F4DD,4.0,4.25,3.5,18.0,0.0,0.0,-0.4
PROP-40C22F83648C,5.15,5.4,4.0,18.25,0.0,0.0,-1.35
PROP-F15EE4C069CA,4.0,4.25,4.0,18.0,0.0,0.0,0.0
PROP-28709C107BD6,4.0,4.25,4.0,18.0,0.0,0.0,0.0
PROP-3CA1D09745E1,4.0,4.25,3.0,18.0,0.0,0.0,-1.15
PROP-FAC30A8011C8,4.0,4.25,4.0,18.0,0.0,0.0,0.0
PROP-AA67D493E21F,4.0,4.25,3.0,18.0,0.0,0.0,-1.15
PROP-E74E0FFFDBF2,5.15,5.4,4.0,18.5,-0.25,-0.6,-1.35
PROP-929CCBA54C0C,4.0,4.25,4.0,18.0,0.0,0.0,0.0
PROP-BA434D8A85DA,4.0,4.25,3.0,18.0,0.0,0.0,-1.15
PROP-AF326AC6A2CB,6.0,6.25,4.0,19.25,-0.25,-0.5,0.0
PROP-A58D6A670AD1,4.0,4.25,3.0,18.0,0.0,0.0,-1.15
PROP-A4AD5167F2E7,6.0,6.25,4.0,19.5,0.0,0.0,-0.25
PROP-C890780AC3A3,6.5,6.75,4.0,19.5,0.0,0.25,0.5
PROP-231F406518F2,4.0,4.25,4.0,18.0,0.0,0.0,0.0
PROP-1186DBC63BDE,4.0,4.25,3.0,18.0,0.0,-0.4,-1.75
PROP-2BAC72B9C32C,4.0,4.25,3.5,18.0,0.0,0.0,-0.4
PROP-49341EBD44F6,4.0,4.25,3.5,18.0,0.0,0.0,-0.4
PROP-7AC8E10B6A19,6.5,6.75,4.0,19.5,0.0,0.25,0.5
PROP-ACC3B69ECDC7,4.9,5.15,4.5,18.0,0.0,0.9,0.9
PROP-3B64966E10C9,4.0,4.25,4.0,18.0,0.0,0.0,0.0
PROP-4E8EE8084367,4.0,4.25,3.0,18.0,0.0,-0.4,-1.75
PROP-49A97EF8D984,5.15,5.4,4.0,18.5,-0.25,-0.6,-1.35
PROP-E0A2E4AAAB44,4.4,4.65,3.0,18.0,0.0,-0.75,-1.6
PROP-058990FC0C25,4.0,4.25,4.0,18.0,0.0,0.0,0.0
PROP-85F03F3010C8,4.0,4.25,3.0,18.0,0.0,0.0,-1.15
PROP-635E4915E9C0,5.75,6.0,4.0,19.0,0.0,-0.25,-0.5
PROP-B7FF306FB6A0,6.5,6.75,4.0,19.5,0.0,0.25,0.5
PROP-075894DBC07F,4.0,4.25,3.5,18.0,0.0,0.0,-0.4
PROP-2497A3D2E8C4,6.5,6.75,4.0,19.5,0.0,0.25,0.5
PROP-2E778D52125B,4.0,4.25,4.0,18.0,0.0,0.0,0.0
PROP-B77FE71BB9A8,4.0,4.25,3.5,18.0,0.0,0.0,-0.4
PROP-23281E632448,4.9,5.15,4.5,18.0,0.0,0.9,0.9
PROP-BDA60D1822BF,6.0,6.25,4.0,19.5,0.0,0.0,-0.25
PROP-339DE0306D87,4.0,4.25,3.0,18.0,0.0,-0.4,-1.75
PROP-D68BEEB20DFA,5.75,6.0,4.0,19.0,0.0,-0.25,-0.5
PROP-7CBC5F183A13,4.0,4.25,4.0,18.0,0.0,0.0,0.0
PROP-A38D59622EF3,6.25,6.5,4.0,19.5,0.0,0.25,0.0
PROP-28CECFA11B16,5.75,6.0,4.0,19.0,0.0,-0.25,-0.5
PROP-ED6BCA744171,4.4,4.65,3.0,18.0,0.0,-0.75,-1.6
PROP-7093A92D5C30,6.5,6.75,4.0,19.25,0.0,0.0,0.5
PROP-739870D4A0CA,4.0,4.25,4.0,18.0,0.0,0.0,0.0
PROP-EF1B670AFF63,6.25,6.5,4.0,19.5,0.0,0.25,0.0
PROP-EDCB8E1E7D1F,5.9,6.15,4.5,18.0,0.0,1.0,1.9
PROP-B534D4B81D14,4.0,4.25,4.0,18.0,0.0,0.0,0.0
PROP-85C11484F5B4,4.0,4.25,4.0,18.0,0.0,0.0,0.0
PROP-F1C9247BB920,5.15,5.4,4.0,18.5,-0.25,-0.6,-1.35
PROP-D482B3771C8A,5.9,6.15,4.5,18.0,0.0,1.0,1.9
PROP-FA0211E82345,4.0,4.25,4.0,18.0,0.0,0.0,0.0
PROP-3FEFD9E7A1C6,6.25,6.5,4.0,19.5,0.0,0.25,0.0
PROP-C69B5907EBA1,4.0,4.25,4.0,18.0,0.0,0.0,0.0
PROP-EAB49D3B364D,4.0,4.25,4.0,18.0,0.0,0.0,0.0
PROP-4DD10B4845CA,6.5,6.75,4.0,19.5,0.0,0.25,0.5
PROP-1333A319311A,6.0,6.25,4.0,19.25,-0.25,-0.5,0.0
PROP-66BC2F398FB3,5.9,6.15,4.5,18.0,0.0,1.0,1.9
PROP-7DBBC97905B3,4.0,4.25,3.5,18.0,0.0,0.0,-0.4
PROP-EEBDDCA0DCD5,5.15,5.4,4.0,18.25,0.0,0.0,-1.35
PROP-B4C1B6EDF262,5.15,5.4,4.0,18.5,-0.25,-0.6,-1.35
PROP-FA34F2CE8B1B,4.0,4.25,4.0,18.0,0.0,0.0,0.0
PROP-AF5FB6853E1B,6.0,6.25,4.0,19.25,-0.25,-0.5,0.0
PROP-46B15F168586,6.0,6.25,4.0,19.5,0.0,0.0,-0.25
PROP-9C536CB1055F,6.0,6.25,4.0,19.25,-0.25,-0.5,0.0
PROP-F0AAB7D19F67,4.0,4.25,3.5,18.0,0.0,0.0,-0.4
PROP-62105BBEFDA2,6.25,6.5,4.0,19.5,0.0,0.25,0.0
PROP-93DB6361384B,4.9,5.15,4.5,18.0,0.0,0.9,0.9
PROP-C6260C7FBAB2,4.0,4.25,4.0,18.0,0.0,0.0,0.0
PROP-D22065523F7E,4.0,4.25,4.0,18.0,0.0,0.0,0.0
PROP-10BC3A1DF5DE,4.0,4.25,3.5,18.0,0.0,0.0,-0.4
PROP-C91E0606D6E6,6.5,6.75,4.0,19.25,0.0,0.0,0.5
PROP-D2D11EEA01F9,6.0,6.25,4.0,19.5,0.0,0.0,-0.25
PROP-35087DADD342,6.5,6.75,4.0,19.5,0.0,0.25,0.5
PROP-21B6F295880F,6.5,6.75,4.0,19.5,0.0,0.25,0.5
PROP-02A2CE0C3B8A,4.0,4.25,3.0,18.0,0.0,0.0,-1.15
PROP-1C98B5696C35,6.0,6.25,4.0,19.5,0.0,0.0,-0.25
PROP-A5307A7DDDCF,5.15,5.4,4.0,18.5,-0.25,-0.6,-1.35
PROP-5A377B53D605,4.0,4.25,3.0,18.0,0.0,0.0,-1.15
PROP-C365C90D669E,6.0,6.25,4.0,19.25,-0.25,-0.5,0.0
PROP-D881023C4623,6.0,6.25,4.0,19.5,0.0,0.0,-0.25
PROP-7DDE330126D2,4.0,4.25,3.0,18.0,0.0,0.0,-1.15
PROP-23D7E490B0C8,5.75,6.0,4.0,19.0,0.0,-0.25,-0.5
PROP-3C7BB9A3A76F,5.9,6.15,4.5,18.0,0.0,1.0,1.9
PROP-15F42F3F45D1,4.9,5.15,4.5,18.0,0.0,0.9,0.9
PROP-890703277062,4.0,4.25,4.0,18.0,0.0,0.0,0.0
PROP-89ACEFC4F51A,4.0,4.25,4.0,18.0,0.0,0.0,0.0
PROP-37D756708A75,4.0,4.25,4.0,18.0,0.0,0.0,0.0
PROP-3B7D7EFA5026,4.0,4.25,3.0,18.0,0.0,-0.4,-1.75
PROP-0E6FE0A0B9A5,4.0,4.25,4.0,18.0,0.0,0.0,0.0
PROP-84A21D6A8040,4.0,4.25,3.0,18.0,0.0,-0.4,-1.75
PROP-2BABD05518F6,6.25,6.5,4.0,19.5,0.0,0.25,0.0
PROP-F0839049C306,6.0,6.25,4.0,19.5,0.0,0.0,-0.25
PROP-D847EC37271C,4.0,4.25,4.0,18.0,0.0,0.0,0.0
PROP-05948D732C72,4.0,4.25,4.0,18.0,0.0,0.0,0.0
PROP-0C56AD14CB18,4.0,4.25,4.0,18.0,0.0,0.0,0.0
PROP-D2BDFE7925DA,4.0,4.25,4.0,18.0,0.0,0.0,0.0
PROP-455615E045AA,4.0,4.25,3.0,18.0,0.0,-0.4,-1.75
PROP-93D5F2EA70D5,6.5,6.75,4.0,19.5,0.0,0.25,0.5
PROP-7F528A239CA5,5.15,5.4,4.0,18.25,0.0,0.0,-1.35
PROP-CB2D36F05D85,5.75,6.0,4.0,19.0,0.0,-0.25,-0.5
PROP-65C335E274A6,4.0,4.25,4.0,18.0,0.0,0.0,0.0
PROP-720DA87D30D8,5.15,5.4,4.0,18.5,-0.25,-0.6,-1.35
PROP-D42E5341B90C,5.9,6.15,4.5,18.0,0.0,1.0,1.9
PROP-DC1B25032235,4.0,4.25,4.0,18.0,0.0,0.0,0.0
PROP-DAE97DB35ED5,6.25,6.5,4.0,19.5,0.0,0.25,0.0
PROP-77CDB76A9BDA,5.75,6.0,4.0,19.0,0.0,-0.25,-0.5
PROP-EC63FBA3AA7E,4.0,4.25,3.0,18.0,0.0,0.0,-1.15
PROP-2877CEFE7651,4.0,4.25,3.0,18.0,0.0,0.0,-1.15
PROP-37485F7E2916,4.0,4.25,4.0,18.0,0.0,0.0,0.0
PROP-979AEA102EA4,4.0,4.25,4.0,18.0,0.0,0.0,0.0
PROP-C52E8140E86B,5.9,6.15,4.5,18.0,0.0,1.0,1.9
PROP-6676E8663A08,4.0,4.25,4.0,18.0,0.0,0.0,0.0
PROP-B13814862311,4.0,4.25,3.0,18.0,0.0,0.0,-1.15
PROP-18A0393EBFD1,5.9,6.15,4.5,18.0,0.0,1.0,1.9
PROP-FA6BBB07ABCF,4.0,4.25,4.0,18.0,0.0,0.0,0.0
PROP-C379DC43B420,6.5,6.75,4.0,19.5,0.0,0.25,0.5
PROP-E9CF8628ED04,6.25,6.5,4.0,19.5,0.0,0.25,0.0
PROP-FCE55AABA553,6.5,6.75,4.0,19.5,0.0,0.25,0.5
PROP-C1EA0CD38AC7,5.9,6.15,4.5,18.0,0.0,1.0,1.9
PROP-482DCA850323,6.25,6.5,4.0,19.5,0.0,0.25,0.0
PROP-6F13C5763251,5.75,6.0,4.0,19.0,0.0,-0.25,-0.5
PROP-769DB2905AE9,5.15,5.4,4.0,18.5,-0.25,-0.6,-1.35
PROP-C7EDDE98AC97,4.9,5.15,4.5,18.0,0.0,0.9,0.9
PROP-421F952F0F04,6.25,6.5,4.0,19.5,0.0,0.25,0.0
PROP-A8556B61F94C,5.9,6.15,4.5,18.0,0.0,1.0,1.9
PROP-84FF42823845,4.0,4.25,3.0,18.0,0.0,0.0,-1.15
PROP-6F82CA0C8A11,4.4,4.65,3.0,18.0,0.0,-0.75,-1.6
PROP-E3020D1AF648,4.0,4.25,4.0,18.0,0.0,0.0,0.0
PROP-DC14830AE8B7,4.0,4.25,4.0,18.0,0.0,0.0,0.0
PROP-BDC6D2291E49,4.0,4.25,4.0,18.0,0.0,0.0,0.0
PROP-6E85E8DDB8E1,4.9,5.15,4.5,18.0,0.0,0.9,0.9
PROP-82481EC85A1D,4.0,4.25,4.0,18.0,0.0,0.0,0.0
PROP-59ED03C2D533,5.15,5.4,4.0,18.25,0.0,0.0,-1.35
PROP-A35DD694E290,4.0,4.25,3.0,18.0,0.0,0.0,-1.15
PROP-1A4DA22A4DD3,4.4,4.65,3.0,18.0,0.0,-0.75,-1.6
PROP-2481B9205A1B,4.0,4.25,3.0,18.0,0.0,-0.4,-1.75
PROP-3245C71215D9,4.0,4.25,3.0,18.0,0.0,-0.4,-1.75
PROP-798E7123EFB4,6.5,6.75,4.0,19.25,0.0,0.0,0.5
PROP-89E222B0D969,5.15,5.4,4.0,18.25,0.0,0.0,-1.35
PROP-4DECC38BD8CF,6.5,6.75,4.0,19.5,0.0,0.25,0.5
PROP-24F70B7C00D7,6.5,6.75,4.0,19.25,0.0,0.0,0.5
PROP-45456EF60E62,5.75,6.0,4.0,19.0,0.0,-0.25,-0.5
PROP-D97C0EAC7EFC,4.0,4.25,4.0,18.0,0.0,0.0,0.0
PROP-65F8CC1B47A3,6.0,6.25,4.0,19.5,0.0,0.0,-0.25
PROP-C13450A90362,4.0,4.25,4.0,18.0,0.0,0.0,0.0
PROP-29977FC750F9,4.4,4.65,3.0,18.0,0.0,-0.75,-1.6
PROP-7F913584DC9B,4.9,5.15,4.5,18.0,0.0,0.9,0.9
PROP-FB5263AAAB2B,5.75,6.0,4.0,19.0,0.0,-0.25,-0.5
PROP-A01CB55764AB,5.15,5.4,4.0,18.5,-0.25,-0.6,-1.35
PROP-268D769FFABB,5.75,6.0,4.0,19.0,0.0,-0.25,-0.5
PROP-B418A821F996,6.5,6.75,4.0,19.5,0.0,0.25,0.5
PROP-ACE5E0EEB134,6.5,6.75,4.0,19.25,0.0,0.0,0.5
PROP-1A43D5540869,6.5,6.75,4.0,19.25,0.0,0.0,0.5
PROP-E6DF7296D61D,6.0,6.25,4.0,19.25,-0.25,-0.5,0.0
PROP-8B7FB49FC660,5.75,6.0,4.0,19.0,0.0,-0.25,-0.5
PROP-08518C6D7848,4.4,4.65,3.0,18.0,0.0,-0.75,-1.6
PROP-293505D2AF90,4.0,4.25,4.0,18.0,0.0,0.0,0.0
PROP-370ACDCF12C9,5.75,6.0,4.0,19.0,0.0,-0.25,-0.5
PROP-B679D5E7AF11,4.4,4.65,3.0,18.0,0.0,-0.75,-1.6
PROP-3C0E1490978E,6.0,6.25,4.0,19.5,0.0,0.0,-0.25
PROP-E207DA987F01,6.5,6.75,4.0,19.5,0.0,0.25,0.5
PROP-DB88480B32C2,5.15,5.4,4.0,18.25,0.0,0.0,-1.35
PROP-87C1F1174B6E,6.0,6.25,4.0,19.5,0.0,0.0,-0.25
PROP-9DA8E5B699B1,6.25,6.5,4.0,19.5,0.0,0.25,0.0
PROP-BC8DFFC19931,4.0,4.25,3.5,18.0,0.0,0.0,-0.4
PROP-D8D69E46F4CA,4.0,4.25,3.0,18.0,0.0,0.0,-1.15
PROP-44530E0C4C90,4.0,4.25,3.0,18.0,0.0,0.0,-1.15
PROP-EEC3D29E415D,4.0,4.25,3.0,18.0,0.0,0.0,-1.15
PROP-38C84727D3FE,5.15,5.4,4.0,18.5,-0.25,-0.6,-1.35
PROP-3D08008BF943,5.15,5.4,4.0,18.5,-0.25,-0.6,-1.35
PROP-C04609594190,5.15,5.4,4.0,18.25,0.0,0.0,-1.35
PROP-104F6B294F1C,4.0,4.25,3.0,18.0,0.0,0.0,-1.15
PROP-ED46E794471F,4.0,4.25,3.0,18.0,0.0,-0.4,-1.75
PROP-C2EAD362A1AD,6.5,6.75,4.0,19.25,0.0,0.0,0.5
PROP-AB09036233A9,4.0,4.25,4.0,18.0,0.0,0.0,0.0
PROP-E9BAEB955ACF,4.0,4.25,4.0,18.0,0.0,0.0,0.0
PROP-B038ACC64428,5.15,5.4,4.0,18.25,0.0,0.0,-1.35
PROP-F6B245772A63,6.0,6.25,4.0,19.25,-0.25,-0.5,0.0
PROP-7951FF19FD13,6.0,6.25,4.0,19.5,0.0,0.0,-0.25
PROP-FD4EEE167BC8,4.0,4.25,4.0,18.0,0.0,0.0,0.0
PROP-1E50D01D39F1,6.5,6.75,4.0,19.5,0.0,0.25,0.5
PROP-AEA0B06BF7D6,4.0,4.25,4.0,18.0,0.0,0.0,0.0
PROP-55F59220E177,4.0,4.25,4.0,18.0,0.0,0.0,0.0
PROP-2205EEF25F0D,6.5,6.75,4.0,19.5,0.0,0.25,0.5
PROP-E97FC7791CB2,5.9,6.15,4.5,18.0,0.0,1.0,1.9
PROP-D7CC0960AC51,4.0,4.25,3.0,18.0,0.0,0.0,-1.15
PROP-59FE02786930,6.5,6.75,4.0,19.25,0.0,0.0,0.5
PROP-18C461E69FDE,4.0,4.25,3.0,18.0,0.0,-0.4,-1.75
PROP-E9B376DEE292,5.15,5.4,4.0,18.25,0.0,0.0,-1.35
PROP-D8A3AAC363D4,4.9,5.15,4.5,18.0,0.0,0.9,0.9
PROP-90D900BAEF72,6.5,6.75,4.0,19.25,0.0,0.0,0.5
PROP-C72C0DECAFDC,5.15,5.4,4.0,18.5,-0.25,-0.6,-1.35
PROP-83C48C70B9D6,4.0,4.25,3.0,18.0,0.0,-0.4,-1.75
PROP-6E5FEC60EF5B,4.9,5.15,4.5,18.0,0.0,0.9,0.9
PROP-91180F723F57,6.5,6.75,4.0,19.25,0.0,0.0,0.5
PROP-53D931FCBD3E,4.4,4.65,3.0,18.0,0.0,-0.75,-1.6
PROP-D470B3751BD4,4.0,4.25,3.0,18.0,0.0,-0.4,-1.75
PROP-21B3C26D5F31,4.0,4.25,3.0,18.0,0.0,0.0,-1.15
PROP-39F236415EF8,4.0,4.25,3.5,18.0,0.0,0.0,-0.4
PROP-284561EDABB5,4.0,4.25,3.0,18.0,0.0,0.0,-1.15
PROP-34A08169478C,5.9,6.15,4.5,18.0,0.0,1.0,1.9
PROP-DF148733D1FF,6.5,6.75,4.0,19.5,0.0,0.25,0.5
PROP-13C19FD4247F,4.9,5.15,4.5,18.0,0.0,0.9,0.9
PROP-BAE85C00C378,4.0,4.25,3.0,18.0,0.0,0.0,-1.15
PROP-50887F1103AB,4.0,4.25,4.0,18.0,0.0,0.0,0.0
PROP-C460DB9FF03C,4.0,4.25,3.0,18.0,0.0,0.0,-1.15
PROP-30CFFC65A779,4.4,4.65,3.0,18.0,0.0,-0.75,-1.6
PROP-742AF815A8C8,4.0,4.25,4.0,18.0,0.0,0.0,0.0
PROP-5D88009B0F55,6.5,6.75,4.0,19.5,0.0,0.25,0.5
PROP-C3ED8F6EB62D,6.0,6.25,4.0,19.25,-0.25,-0.5,0.0
PROP-9A0B1930F4F6,4.0,4.25,4.0,18.0,0.0,0.0,0.0
PROP-EFD660109901,6.0,6.25,4.0,19.5,0.0,0.0,-0.25
PROP-5FB0D926FF99,5.15,5.4,4.0,18.25,0.0,0.0,-1.35
PROP-B6E104BC44F5,6.0,6.25,4.0,19.25,-0.25,-0.5,0.0
PROP-DA2D44114E96,6.5,6.75,4.0,19.25,0.0,0.0,0.5
PROP-06B5F6F28EF5,4.0,4.25,3.0,18.0,0.0,0.0,-1.15
PROP-2E4553F5C3B5,4.0,4.25,3.0,18.0,0.0,-0.4,-1.75
PROP-7EC8A99D01C0,5.15,5.4,4.0,18.5,-0.25,-0.6,-1.35
PROP-09DE79DE50FF,6.0,6.25,4.0,19.25,-0.25,-0.5,0.0
PROP-01D1B9E0B823,6.5,6.75,4.0,19.25,0.0,0.0,0.5
PROP-3CCB14A442A1,4.9,5.15,4.5,18.0,0.0,0.9,0.9
PROP-61B82D19EEDF,4.0,4.25,4.0,18.0,0.0,0.0,0.0
PROP-6C328706BA56,5.75,6.0,4.0,19.0,0.0,-0.25,-0.5
PROP-076B2553CE63,6.25,6.5,4.0,19.5,0.0,0.25,0.0
PROP-F7793708676E,4.0,4.25,4.0,18.0,0.0,0.0,0.0
PROP-5F2B5884D4CA,4.0,4.25,3.5,18.0,0.0,0.0,-0.4
PROP-940507D9459F,5.15,5.4,4.0,18.25,0.0,0.0,-1.35
PROP-D0973DDA4D8F,5.9,6.15,4.5,18.0,0.0,1.0,1.9
PROP-7D3523823132,4.0,4.25,3.0,18.0,0.0,0.0,-1.15
PROP-B57E5BD77762,4.0,4.25,3.5,18.0,0.0,0.0,-0.4
PROP-0461D7695030,4.0,4.25,4.0,18.0,0.0,0.0,0.0
PROP-B048B38ECA3A,4.0,4.25,4.0,18.0,0.0,0.0,0.0
PROP-20AB8949E398,4.9,5.15,4.5,18.0,0.0,0.9,0.9
PROP-762402F6B87E,4.4,4.65,3.0,18.0,0.0,-0.75,-1.6
PROP-06CE9E032708,4.0,4.25,3.5,18.0,0.0,0.0,-0.4
PROP-F0257BC123E5,6.0,6.25,4.0,19.25,-0.25,-0.5,0.0
PROP-51DC0C3B710A,5.75,6.0,4.0,19.0,0.0,-0.25,-0.5
PROP-D19DAFBE0ADB,4.0,4.25,3.0,18.0,0.0,0.0,-1.15
PROP-B005C24FEB55,5.9,6.15,4.5,18.0,0.0,1.0,1.9
PROP-B1ABA9C64976,4.0,4.25,4.0,18.0,0.0,0.0,0.0
PROP-DD461E6EEC34,6.0,6.25,4.0,19.5,0.0,0.0,-0.25
PROP-315509A70EAC,5.9,6.15,4.5,18.0,0.0,1.0,1.9
PROP-3D51C97BBCD5,4.0,4.25,4.0,18.0,0.0,0.0,0.0
PROP-4633318E636E,6.0,6.25,4.0,19.25,-0.25,-0.5,0.0
PROP-47BB57506711,4.0,4.25,3.0,18.0,0.0,0.0,-1.15
PROP-5AED91057C45,5.15,5.4,4.0,18.25,0.0,0.0,-1.35
PROP-28C952BB9C68,4.4,4.65,3.0,18.0,0.0,-0.75,-1.6
PROP-9DB9636EF24C,5.75,6.0,4.0,19.0,0.0,-0.25,-0.5
PROP-E5A8E64DDD77,4.0,4.25,4.0,18.0,0.0,0.0,0.0
PROP-470B7B50F924,6.5,6.75,4.0,19.25,0.0,0.0,0.5
PROP-999D93EBDA02,4.0,4.25,3.0,18.0,0.0,0.0,-1.15
PROP-4065703E4820,6.0,6.25,4.0,19.5,0.0,0.0,-0.25
PROP-ABEF5668AA9D,5.15,5.4,4.0,18.5,-0.25,-0.6,-1.35
PROP-0304BCFF52E5,4.0,4.25,3.0,18.0,0.0,0.0,-1.15
PROP-944A12D6A91D,6.0,6.25,4.0,19.5,0.0,0.0,-0.25
PROP-EEBCD293F799,4.4,4.65,3.0,18.0,0.0,-0.75,-1.6
PROP-63FC137A042A,4.0,4.25,4.0,18.0,0.0,0.0,0.0
PROP-C6CB9528BB14,6.0,6.25,4.0,19.25,-0.25,-0.5,0.0
PROP-1FE7E8FF94AF,6.5,6.75,4.0,19.25,0.0,0.0,0.5
PROP-64753F415CF9,5.75,6.0,4.0,19.0,0.0,-0.25,-0.5
PROP-B6817D36DD66,5.15,5.4,4.0,18.25,0.0,0.0,-1.35
PROP-8FDF18914555,4.0,4.25,4.0,18.0,0.0,0.0,0.0
PROP-C02F005AAB13,4.4,4.65,3.0,18.0,0.0,-0.75,-1.6
PROP-41A2106FA7C7,4.0,4.25,3.5,18.0,0.0,0.0,-0.4
PROP-0CB168FFE83F,4.9,5.15,4.5,18.0,0.0,0.9,0.9
PROP-54F63D64D9EC,6.0,6.25,4.0,19.25,-0.25,-0.5,0.0
PROP-4F9A3973B3B6,4.4,4.65,3.0,18.0,0.0,-0.75,-1.6
PROP-DF4F5C19DD7C,6.5,6.75,4.0,19.5,0.0,0.25,0.5
PROP-9C57618CB5F6,4.0,4.25,3.0,18.0,0.0,-0.4,-1.75
PROP-85FDF703E7E4,6.5,6.75,4.0,19.5,0.0,0.25,0.5
PROP-5751984A81CA,6.0,6.25,4.0,19.5,0.0,0.0,-0.25
PROP-0F96DB8C5EAE,6.25,6.5,4.0,19.5,0.0,0.25,0.0
PROP-8745A6809553,4.0,4.25,4.0,18.0,0.0,0.0,0.0
PROP-FE3D9CF9644E,4.0,4.25,3.0,18.0,0.0,0.0,-1.15
PROP-7705690F2BED,4.0,4.25,4.0,18.0,0.0,0.0,0.0
PROP-5D41029C24D4,6.0,6.25,4.0,19.25,-0.25,-0.5,0.0
PROP-A474AF159C00,4.9,5.15,4.5,18.0,0.0,0.9,0.9
PROP-6136DADB985E,6.5,6.75,4.0,19.5,0.0,0.25,0.5
PROP-BE0F79CA4D21,4.0,4.25,3.0,18.0,0.0,0.0,-1.15
PROP-D641A353665A,4.0,4.25,3.0,18.0,0.0,-0.4,-1.75
PROP-B36B54E3592B,4.0,4.25,4.0,18.0,0.0,0.0,0.0
PROP-5187158148DE,4.0,4.25,3.0,18.0,0.0,-0.4,-1.75
PROP-8D4550CF078E,6.0,6.25,4.0,19.5,0.0,0.0,-0.25
PROP-6C4E3AA22AD0,5.75,6.0,4.0,19.0,0.0,-0.25,-0.5
PROP-55488DC86954,6.25,6.5,4.0,19.5,0.0,0.25,0.0
PROP-35E698F8C8E1,5.15,5.4,4.0,18.5,-0.25,-0.6,-1.35
PROP-47EC8CAA2D1D,5.9,6.15,4.5,18.0,0.0,1.0,1.9
PROP-1FA3B8F4485C,4.4,4.65,3.0,18.0,0.0,-0.75,-1.6
PROP-435F8E219C76,5.9,6.15,4.5,18.0,0.0,1.0,1.9
PROP-BCC8A2657637,5.15,5.4,4.0,18.5,-0.25,-0.6,-1.35
PROP-29940FFCE6DA,4.0,4.25,3.0,18.0,0.0,0.0,-1.15
PROP-06099F7A6044,4.9,5.15,4.5,18.0,0.0,0.9,0.9
PROP-11E540A0887F,6.5,6.75,4.0,19.25,0.0,0.0,0.5
PROP-4CFB50A79031,6.0,6.25,4.0,19.25,-0.25,-0.5,0.0
PROP-10E37C9D254C,6.5,6.75,4.0,19.25,0.0,0.0,0.5
PROP-789BAC22EADB,4.0,4.25,4.0,18.0,0.0,0.0,0.0
PROP-8100E6739818,5.15,5.4,4.0,18.5,-0.25,-0.6,-1.35
PROP-51716900FDDC,6.25,6.5,4.0,19.5,0.0,0.25,0.0
PROP-662CB2C157C5,5.15,5.4,4.0,18.5,-0.25,-0.6,-1.35
PROP-5D95C95EF1A4,4.0,4.25,3.0,18.0,0.0,0.0,-1.15
PROP-90B5D0DE93B2,5.9,6.15,4.5,18.0,0.0,1.0,1.9
PROP-B1299269B048,6.25,6.5,4.0,19.5,0.0,0.25,0.0
PROP-F692AF9D9DBB,4.9,5.15,4.5,18.0,0.0,0.9,0.9
PROP-1DECA9ACDB81,5.75,6.0,4.0,19.0,0.0,-0.25,-0.5
PROP-E5B888F67F5C,4.0,4.25,3.5,18.0,0.0,0.0,-0.4
PROP-BB2C3E8DC24E,6.25,6.5,4.0,19.5,0.0,0.25,0.0
PROP-DB27CC735F53,6.5,6.75,4.0,19.25,0.0,0.0,0.5
PROP-33687DA126C8,4.0,4.25,3.0,18.0,0.0,-0.4,-1.75
PROP-EC0EAA89F8A0,4.0,4.25,3.0,18.0,0.0,0.0,-1.15
PROP-B13EC64B4D8C,4.9,5.15,4.5,18.0,0.0,0.9,0.9
PROP-FAC598C84F0E,4.4,4.65,3.0,18.0,0.0,-0.75,-1.6
PROP-9861085A39C1,5.75,6.0,4.0,19.0,0.0,-0.25,-0.5
PROP-DCA99BED79B6,4.4,4.65,3.0,18.0,0.0,-0.75,-1.6
PROP-2215523756AD,6.5,6.75,4.0,19.5,0.0,0.25,0.5
PROP-700864776747,5.75,6.0,4.0,19.0,0.0,-0.25,-0.5
PROP-36F1789F8862,6.5,6.75,4.0,19.5,0.0,0.25,0.5
PROP-68A31D5528B2,4.0,4.25,4.0,18.0,0.0,0.0,0.0
PROP-3CD431169E57,6.5,6.75,4.0,19.25,0.0,0.0,0.5
PROP-058E2C2EE6F1,6.0,6.25,4.0,19.25,-0.25,-0.5,0.0
PROP-C9C572C061F8,6.0,6.25,4.0,19.5,0.0,0.0,-0.25
PROP-3C0DA86FA603,4.0,4.25,4.0,18.0,0.0,0.0,0.0
PROP-D185A9F61D04,6.5,6.75,4.0,19.25,0.0,0.0,0.5
PROP-6C8960B60E58,4.0,4.25,3.0,18.0,0.0,0.0,-1.15
PROP-8D81DB8D52F2,4.0,4.25,4.0,18.0,0.0,0.0,0.0
PROP-B6850284EB24,4.4,4.65,3.0,18.0,0.0,-0.75,-1.6
PROP-7DB8ADBD44BC,4.0,4.25,3.0,18.0,0.0,0.0,-1.15
PROP-38639A51E9BA,5.15,5.4,4.0,18.25,0.0,0.0,-1.35
PROP-4AE14CA254F0,4.4,4.65,3.0,18.0,0.0,-0.75,-1.6
PROP-4B34DF2E4826,5.15,5.4,4.0,18.5,-0.25,-0.6,-1.35
PROP-A0E7E5E1C072,5.9,6.15,4.5,18.0,0.0,1.0,1.9
PROP-C5D43F6935CB,4.0,4.25,3.0,18.0,0.0,0.0,-1.15
PROP-42FFD58DA91E,4.0,4.25,4.0,18.0,0.0,0.0,0.0
PROP-E3B99F7E3211,6.5,6.75,4.0,19.5,0.0,0.25,0.5
PROP-F2350AFC6A34,6.0,6.25,4.0,19.25,-0.25,-0.5,0.0
PROP-F2DAC81E5E8C,5.15,5.4,4.0,18.5,-0.25,-0.6,-1.35
PROP-05A7313F49A0,4.0,4.25,4.0,18.0,0.0,0.0,0.0
PROP-327551273E86,4.4,4.65,3.0,18.0,0.0,-0.75,-1.6
PROP-E79979BC0E1E,4.0,4.25,4.0,18.0,0.0,0.0,0.0
PROP-73C81C400FC6,5.15,5.4,4.0,18.25,0.0,0.0,-1.35
PROP-8E895F2DDEA5,4.0,4.25,4.0,18.0,0.0,0.0,0.0
PROP-950793A6582E,6.25,6.5,4.0,19.5,0.0,0.25,0.0
PROP-3F46129C47B2,6.0,6.25,4.0,19.5,0.0,0.0,-0.25
PROP-5218EDAAA375,4.0,4.25,3.0,18.0,0.0,0.0,-1.15
PROP-4109CAA1C340,5.15,5.4,4.0,18.5,-0.25,-0.6,-1.35
PROP-EDA26ACA745F,4.9,5.15,4.5,18.0,0.0,0.9,0.9
PROP-4826EC184147,5.15,5.4,4.0,18.5,-0.25,-0.6,-1.35
PROP-B949ED31B918,6.0,6.25,4.0,19.5,0.0,0.0,-0.25
PROP-E33F5D02CC12,6.25,6.5,4.0,19.5,0.0,0.25,0.0
PROP-EA246639395B,5.15,5.4,4.0,18.25,0.0,0.0,-1.35
PROP-4C16B4B34BCF,4.0,4.25,3.0,18.0,0.0,-0.4,-1.75
PROP-B8522EF8B903,5.9,6.15,4.5,18.0,0.0,1.0,1.9
PROP-FA833C8312E4,4.4,4.65,3.0,18.0,0.0,-0.75,-1.6
PROP-52ED767CC21A,4.0,4.25,3.0,18.0,0.0,0.0,-1.15
PROP-94212FA15224,4.0,4.25,4.0,18.0,0.0,0.0,0.0
PROP-04A0DCCD6104,6.25,6.5,4.0,19.5,0.0,0.25,0.0
PROP-0A87B82184FE,4.0,4.25,4.0,18.0,0.0,0.0,0.0
PROP-FA052F24C986,4.0,4.25,4.0,18.0,0.0,0.0,0.0
PROP-FB98B1EFE668,6.5,6.75,4.0,19.25,0.0,0.0,0.5
PROP-B5003EA00232,4.0,4.25,3.5,18.0,0.0,0.0,-0.4
PROP-15E5B2810C8D,4.0,4.25,3.5,18.0,0.0,0.0,-0.4
PROP-5572E846A5A9,5.75,6.0,4.0,19.0,0.0,-0.25,-0.5
PROP-04557424651D,6.5,6.75,4.0,19.5,0.0,0.25,0.5
PROP-4EB7735D50A8,4.0,4.25,3.0,18.0,0.0,0.0,-1.15
PROP-066E89E7255F,4.0,4.25,4.0,18.0,0.0,0.0,0.0
PROP-C72758944E41,6.5,6.75,4.0,19.25,0.0,0.0,0.5
PROP-F004FCB38957,6.25,6.5,4.0,19.5,0.0,0.25,0.0
PROP-8489BADDBE17,4.0,4.25,4.0,18.0,0.0,0.0,0.0
PROP-840B09AFF58E,4.0,4.25,4.0,18.0,0.0,0.0,0.0
PROP-970F020A9D98,5.15,5.4,4.0,18.25,0.0,0.0,-1.35
PROP-02DB00F21E6E,6.0,6.25,4.0,19.5,0.0,0.0,-0.25
PROP-2C2E967222B3,5.15,5.4,4.0,18.25,0.0,0.0,-1.35
PROP-ED9683068995,4.0,4.25,4.0,18.0,0.0,0.0,0.0
PROP-B932E597D70D,4.0,4.25,3.5,18.0,0.0,0.0,-0.4
PROP-112C2126223C,5.15,5.4,4.0,18.25,0.0,0.0,-1.35
PROP-135921BFE08E,4.0,4.25,4.0,18.0,0.0,0.0,0.0
PROP-D1F660DD1442,6.0,6.25,4.0,19.5,0.0,0.0,-0.25
PROP-9223A14BB9CA,4.0,4.25,4.0,18.0,0.0,0.0,0.0
PROP-0C3C607B71D0,4.0,4.25,4.0,18.0,0.0,0.0,0.0
PROP-E1726A7F758A,4.0,4.25,4.0,18.0,0.0,0.0,0.0
PROP-BE5E763C94B7,6.5,6.75,4.0,19.25,0.0,0.0,0.5
PROP-500FC0201F61,4.0,4.25,3.0,18.0,0.0,-0.4,-1.75
PROP-B3B39869819A,4.0,4.25,3.0,18.0,0.0,-0.4,-1.75
PROP-310FDB05101F,4.0,4.25,3.0,18.0,0.0,0.0,-1.15
PROP-40861189FC10,6.25,6.5,4.0,19.5,0.0,0.25,0.0
PROP-0B0113330B85,4.0,4.25,3.0,18.0,0.0,0.0,-1.15
PROP-2522168C356D,4.0,4.25,3.0,18.0,0.0,-0.4,-1.75
PROP-FF77CEE8C2BF,4.0,4.25,4.0,18.0,0.0,0.0,0.0
PROP-3CCE7316511C,4.0,4.25,4.0,18.0,0.0,0.0,0.0
PROP-5987EFB50FAA,4.0,4.25,4.0,18.0,0.0,0.0,0.0
PROP-FA7662BEA7F1,4.0,4.25,4.0,18.0,0.0,0.0,0.0
PROP-6559C4BC4EEF,4.0,4.25,4.0,18.0,0.0,0.0,0.0
PROP-60150818F6DD,4.0,4.25,3.5,18.0,0.0,0.0,-0.4
PROP-0A2789408FA0,4.0,4.25,3.0,18.0,0.0,0.0,-1.15
PROP-A3F4B3F80695,6.25,6.5,4.0,19.5,0.0,0.25,0.0
PROP-AFDD620B6095,5.9,6.15,4.5,18.0,0.0,1.0,1.9
PROP-FA7F37B350E3,4.0,4.25,4.0,18.0,0.0,0.0,0.0
PROP-F06DD4966B3E,6.25,6.5,4.0,19.5,0.0,0.25,0.0
PROP-C114637323B7,5.75,6.0,4.0,19.0,0.0,-0.25,-0.5
PROP-33AB6D26683F,4.0,4.25,3.0,18.0,0.0,0.0,-1.15
PROP-4A73EE6BB111,6.0,6.25,4.0,19.25,-0.25,-0.5,0.0
PROP-3033494C6345,4.0,4.25,4.0,18.0,0.0,0.0,0.0
PROP-37FE4AEF56C8,6.0,6.25,4.0,19.5,0.0,0.0,-0.25
PROP-7334F8E148B2,6.5,6.75,4.0,19.5,0.0,0.25,0.5
PROP-D7EA82297F6E,5.9,6.15,4.5,18.0,0.0,1.0,1.9
PROP-48A2189DEDF5,4.0,4.25,3.0,18.0,0.0,0.0,-1.15
PROP-8FE1FAAB504D,4.0,4.25,3.5,18.0,0.0,0.0,-0.4
PROP-53B01713B422,6.5,6.75,4.0,19.25,0.0,0.0,0.5
PROP-019DDB234B44,6.0,6.25,4.0,19.25,-0.25,-0.5,0.0
PROP-5880156ABEB8,4.0,4.25,4.0,18.0,0.0,0.0,0.0
PROP-296503E9CF13,4.0,4.25,3.0,18.0,0.0,0.0,-1.15
PROP-2268C226B756,4.4,4.65,3.0,18.0,0.0,-0.75,-1.6
PROP-83C1748D320F,4.0,4.25,4.0,18.0,0.0,0.0,0.0
PROP-12FC4BB87802,5.9,6.15,4.5,18.0,0.0,1.0,1.9
PROP-036A40B27112,4.0,4.25,4.0,18.0,0.0,0.0,0.0
PROP-8EB6ABD1E5F2,5.15,5.4,4.0,18.5,-0.25,-0.6,-1.35
PROP-0E8978129783,4.0,4.25,3.0,18.0,0.0,-0.4,-1.75
PROP-7963A9BB37DF,5.9,6.15,4.5,18.0,0.0,1.0,1.9
PROP-DB8AD833EF0F,4.0,4.25,4.0,18.0,0.0,0.0,0.0
PROP-7813EB02EFD0,6.25,6.5,4.0,19.5,0.0,0.25,0.0
PROP-68D4394D50E0,4.0,4.25,3.0,18.0,0.0,0.0,-1.15
PROP-8F80444553E0,6.25,6.5,4.0,19.5,0.0,0.25,0.0
PROP-E70C76FA2FA3,6.25,6.5,4.0,19.5,0.0,0.25,0.0
PROP-40E4D60ADADF,5.9,6.15,4.5,18.0,0.0,1.0,1.9
PROP-870014E13691,4.0,4.25,3.5,18.0,0.0,0.0,-0.4
PROP-61BBDF5BDAFD,5.15,5.4,4.0,18.5,-0.25,-0.6,-1.35
PROP-1D3E1B145217,6.25,6.5,4.0,19.5,0.0,0.25,0.0
PROP-49BF184B93EC,5.15,5.4,4.0,18.5,-0.25,-0.6,-1.35
PROP-22B312E08664,6.25,6.5,4.0,19.5,0.0,0.25,0.0
PROP-78DE2137D387,4.4,4.65,3.0,18.0,0.0,-0.75,-1.6
PROP-F7F08FB28B2A,4.0,4.25,4.0,18.0,0.0,0.0,0.0
PROP-1D98962044A4,6.0,6.25,4.0,19.25,-0.25,-0.5,0.0
PROP-5AF61630F456,5.75,6.0,4.0,19.0,0.0,-0.25,-0.5
PROP-D76348C943E5,4.0,4.25,3.5,18.0,0.0,0.0,-0.4
PROP-ACA5C02C847B,6.5,6.75,4.0,19.5,0.0,0.25,0.5
PROP-B827F9B1FD1E,6.0,6.25,4.0,19.5,0.0,0.0,-0.25
PROP-E16B555960F6,6.0,6.25,4.0,19.25,-0.25,-0.5,0.0
PROP-4C52C6C695ED,4.0,4.25,3.0,18.0,0.0,0.0,-1.15
PROP-1DE379F76B98,4.0,4.25,4.0,18.0,0.0,0.0,0.0
PROP-20E8514B01C4,4.4,4.65,3.0,18.0,0.0,-0.75,-1.6
PROP-514D0871D9E2,6.5,6.75,4.0,19.25,0.0,0.0,0.5
PROP-9919941AB576,6.0,6.25,4.0,19.25,-0.25,-0.5,0.0
PROP-9593A2132F88,6.0,6.25,4.0,19.25,-0.25,-0.5,0.0
PROP-0E4421ED4B20,4.0,4.25,3.0,18.0,0.0,-0.4,-1.75
PROP-0B67FFF1F22D,6.0,6.25,4.0,19.25,-0.25,-0.5,0.0
PROP-C6BA346AE95E,6.5,6.75,4.0,19.5,0.0,0.25,0.5
PROP-4D8936F356C7,4.0,4.25,4.0,18.0,0.0,0.0,0.0
PROP-A009C2A66413,5.75,6.0,4.0,19.0,0.0,-0.25,-0.5
PROP-5BF11293E351,6.0,6.25,4.0,19.25,-0.25,-0.5,0.0
PROP-CB8691583EDE,4.0,4.25,4.0,18.0,0.0,0.0,0.0
PROP-6703879E071F,4.0,4.25,3.0,18.0,0.0,0.0,-1.15
PROP-9777B4A5461C,4.9,5.15,4.5,18.0,0.0,0.9,0.9
PROP-596CD994672F,5.75,6.0,4.0,19.0,0.0,-0.25,-0.5
PROP-E928040882A8,4.0,4.25,3.0,18.0,0.0,0.0,-1.15
PROP-270E6B143FB6,4.0,4.25,4.0,18.0,0.0,0.0,0.0
PROP-50ECFF053787,4.4,4.65,3.0,18.0,0.0,-0.75,-1.6
PROP-AF1E0DBC7AF7,6.0,6.25,4.0,19.5,0.0,0.0,-0.25
PROP-9F7F71E46775,5.75,6.0,4.0,19.0,0.0,-0.25,-0.5
PROP-38930D3E5AD5,5.9,6.15,4.5,18.0,0.0,1.0,1.9
PROP-C19744112D87,4.4,4.65,3.0,18.0,0.0,-0.75,-1.6
PROP-665F77D1607B,4.4,4.65,3.0,18.0,0.0,-0.75,-1.6
PROP-DC397958987A,4.0,4.25,3.0,18.0,0.0,-0.4,-1.75
PROP-235474DA63CE,4.4,4.65,3.0,18.0,0.0,-0.75,-1.6
PROP-657D3C1E314A,6.0,6.25,4.0,19.5,0.0,0.0,-0.25
PROP-7D2B1F50DA38,4.0,4.25,4.0,18.0,0.0,0.0,0.0
PROP-283ECF1E9987,5.15,5.4,4.0,18.25,0.0,0.0,-1.35
PROP-11E4F8B4840D,6.0,6.25,4.0,19.5,0.0,0.0,-0.25
PROP-DDAA86DD60E2,5.15,5.4,4.0,18.5,-0.25,-0.6,-1.35
PROP-3910BD364DBD,4.0,4.25,3.0,18.0,0.0,0.0,-1.15
PROP-15E5C6B23B43,4.0,4.25,3.0,18.0,0.0,0.0,-1.15
PROP-0864CF5C88A3,6.5,6.75,4.0,19.25,0.0,0.0,0.5
PROP-66D43DD1C718,4.0,4.25,3.5,18.0,0.0,0.0,-0.4
PROP-32C2217EB51F,4.0,4.25,3.0,18.0,0.0,0.0,-1.15
PROP-B5D2587A4084,4.9,5.15,4.5,18.0,0.0,0.9,0.9
PROP-FED97B50482C,5.15,5.4,4.0,18.5,-0.25,-0.6,-1.35
PROP-E9EFBC4559DA,4.0,4.25,3.0,18.0,0.0,0.0,-1.15
PROP-4B270E81F3A1,4.0,4.25,4.0,18.0,0.0,0.0,0.0
PROP-9B5953DA62EB,4.0,4.25,4.0,18.0,0.0,0.0,0.0
PROP-B15E3C15D27C,4.0,4.25,3.0,18.0,0.0,0.0,-1.15
PROP-01F45FEC86FD,6.5,6.75,4.0,19.25,0.0,0.0,0.5
PROP-728D6487212B,4.0,4.25,4.0,18.0,0.0,0.0,0.0
PROP-586F39E39DD9,6.5,6.75,4.0,19.5,0.0,0.25,0.5
PROP-FAF87833345F,4.4,4.65,3.0,18.0,0.0,-0.75,-1.6
PROP-D9EA96F771C0,4.0,4.25,3.5,18.0,0.0,0.0,-0.4
PROP-038DD18C4306,4.0,4.25,3.0,18.0,0.0,-0.4,-1.75
PROP-470909E0DC3F,4.0,4.25,4.0,18.0,0.0,0.0,0.0
PROP-CE629D62C1E2,5.9,6.15,4.5,18.0,0.0,1.0,1.9
PROP-2055C19CB674,4.9,5.15,4.5,18.0,0.0,0.9,0.9
PROP-CADB9418C827,5.9,6.15,4.5,18.0,0.0,1.0,1.9
PROP-54221A1FB721,4.0,4.25,4.0,18.0,0.0,0.0,0.0
PROP-39EFEA1A324E,5.9,6.15,4.5,18.0,0.0,1.0,1.9
PROP-5BC87B51A4E9,5.75,6.0,4.0,19.0,0.0,-0.25,-0.5
PROP-F61DCDEEA633,4.0,4.25,3.0,18.0,0.0,0.0,-1.15
PROP-A0B24C423CFA,5.15,5.4,4.0,18.25,0.0,0.0,-1.35
PROP-22FA19F99E64,5.15,5.4,4.0,18.25,0.0,0.0,-1.35
PROP-37AA36995442,4.0,4.25,3.0,18.0,0.0,0.0,-1.15
PROP-F3A128C532B5,4.9,5.15,4.5,18.0,0.0,0.9,0.9
PROP-D9743C70CB37,5.75,6.0,4.0,19.0,0.0,-0.25,-0.5
PROP-9257FA0F646A,4.0,4.25,4.0,18.0,0.0,0.0,0.0
PROP-82C8A1DA5ECD,6.5,6.75,4.0,19.25,0.0,0.0,0.5
PROP-B1E271462EE0,4.0,4.25,4.0,18.0,0.0,0.0,0.0
PROP-517FCD9BFB61,6.5,6.75,4.0,19.25,0.0,0.0,0.5
PROP-FAB9736DD2EB,5.75,6.0,4.0,19.0,0.0,-0.25,-0.5
PROP-91E5E9CE072D,6.5,6.75,4.0,19.25,0.0,0.0,0.5
PROP-67BEADD38850,4.0,4.25,3.0,18.0,0.0,0.0,-1.15
PROP-11C7E45524A5,6.5,6.75,4.0,19.5,0.0,0.25,0.5
PROP-1111C1829407,4.0,4.25,3.5,18.0,0.0,0.0,-0.4
PROP-4C94311153E5,4.9,5.15,4.5,18.0,0.0,0.9,0.9
PROP-E6B0CCE2542F,4.4,4.65,3.0,18.0,0.0,-0.75,-1.6
PROP-642FEA70C636,5.75,6.0,4.0,19.0,0.0,-0.25,-0.5
PROP-1A4F41B7FCE7,5.15,5.4,4.0,18.5,-0.25,-0.6,-1.35
PROP-9ED697450E69,6.0,6.25,4.0,19.5,0.0,0.0,-0.25
PROP-467FA946B3A8,4.0,4.25,4.0,18.0,0.0,0.0,0.0
PROP-C9ACCA4772A3,5.15,5.4,4.0,18.25,0.0,0.0,-1.35
PROP-1ADDABDB7B09,6.0,6.25,4.0,19.25,-0.25,-0.5,0.0
PROP-C75EF7D0832B,5.15,5.4,4.0,18.5,-0.25,-0.6,-1.35
PROP-5F3B2E5E6849,4.0,4.25,4.0,18.0,0.0,0.0,0.0
PROP-D827EBCF7D0C,4.0,4.25,4.0,18.0,0.0,0.0,0.0
PROP-529A695AAAE4,5.15,5.4,4.0,18.5,-0.25,-0.6,-1.35
PROP-52821F74D662,6.25,6.5,4.0,19.5,0.0,0.25,0.0
PROP-FE65A2B32D9D,4.0,4.25,3.0,18.0,0.0,-0.4,-1.75
PROP-4D8D9BA16C41,4.9,5.15,4.5,18.0,0.0,0.9,0.9
PROP-F5447FDE0BD9,6.0,6.25,4.0,19.25,-0.25,-0.5,0.0
PROP-AB5E011D8379,6.25,6.5,4.0,19.5,0.0,0.25,0.0
PROP-44F95501D6A3,6.5,6.75,4.0,19.5,0.0,0.25,0.5
PROP-C78770588BE5,6.25,6.5,4.0,19.5,0.0,0.25,0.0
PROP-5A9F086C4B31,4.0,4.25,3.0,18.0,0.0,-0.4,-1.75
PROP-0E0D2C5B8C8A,4.9,5.15,4.5,18.0,0.0,0.9,0.9
PROP-6F97E026666B,4.0,4.25,3.0,18.0,0.0,0.0,-1.15
PROP-028298A1FDB0,4.0,4.25,3.0,18.0,0.0,-0.4,-1.75
PROP-B2976D206FC2,6.0,6.25,4.0,19.5,0.0,0.0,-0.25
PROP-2CF7578F7196,5.15,5.4,4.0,18.5,-0.25,-0.6,-1.35
PROP-A4532AB98D48,4.0,4.25,3.0,18.0,0.0,-0.4,-1.75
PROP-6A11CD27BA64,4.4,4.65,3.0,18.0,0.0,-0.75,-1.6
PROP-B55D0E75BE2D,4.0,4.25,4.0,18.0,0.0,0.0,0.0
PROP-56DAD5711BC9,4.0,4.25,3.0,18.0,0.0,0.0,-1.15
PROP-7F8DB76EE4B0,4.0,4.25,4.0,18.0,0.0,0.0,0.0
PROP-013251B1167D,4.0,4.25,3.0,18.0,0.0,-0.4,-1.75
PROP-5A99A0F43908,4.0,4.25,4.0,18.0,0.0,0.0,0.0
PROP-519AD477F60C,5.75,6.0,4.0,19.0,0.0,-0.25,-0.5
PROP-79A45AFE3712,6.25,6.5,4.0,19.5,0.0,0.25,0.0
PROP-25DD7C694F53,4.0,4.25,4.0,18.0,0.0,0.0,0.0
PROP-8BCC48934BDE,4.0,4.25,4.0,18.0,0.0,0.0,0.0
PROP-A2E135412DEF,4.0,4.25,4.0,18.0,0.0,0.0,0.0
PROP-36FA85B6A013,4.0,4.25,4.0,18.0,0.0,0.0,0.0
PROP-E642C267BE01,4.0,4.25,4.0,18.0,0.0,0.0,0.0
PROP-E747D7455794,4.0,4.25,4.0,18.0,0.0,0.0,0.0
PROP-F8CFD12B8C4C,4.0,4.25,4.0,18.0,0.0,0.0,0.0
PROP-E3773AA070DD,5.15,5.4,4.0,18.25,0.0,0.0,-1.35
PROP-A3297A74B9DC,4.0,4.25,4.0,18.0,0.0,0.0,0.0
PROP-F1EF5074C249,5.15,5.4,4.0,18.25,0.0,0.0,-1.35
PROP-BD9446E2B3FF,6.5,6.75,4.0,19.25,0.0,0.0,0.5
PROP-880F6CAE0BAA,5.15,5.4,4.0,18.5,-0.25,-0.6,-1.35
PROP-93A24151E761,6.0,6.25,4.0,19.25,-0.25,-0.5,0.0
PROP-1595632F7447,4.0,4.25,3.5,18.0,0.0,0.0,-0.4
PROP-5C38ECF1B9E5,5.9,6.15,4.5,18.0,0.0,1.0,1.9
PROP-6C5E68C07BBE,4.9,5.15,4.5,18.0,0.0,0.9,0.9
PROP-C3FA1B8B65F9,4.4,4.65,3.0,18.0,0.0,-0.75,-1.6
PROP-56A7E6F7FE6A,4.0,4.25,3.0,18.0,0.0,-0.4,-1.75
PROP-C13D925DDF7E,6.5,6.75,4.0,19.25,0.0,0.0,0.5
PROP-ACF04D9049CB,4.4,4.65,3.0,18.0,0.0,-0.75,-1.6
PROP-A3923CD0A479,4.0,4.25,3.5,18.0,0.0,0.0,-0.4
PROP-3FA6A4F71660,4.9,5.15,4.5,18.0,0.0,0.9,0.9
PROP-81985D57488B,4.0,4.25,3.0,18.0,0.0,0.0,-1.15
PROP-6F4D9D49A4B7,4.0,4.25,4.0,18.0,0.0,0.0,0.0
PROP-E238837A8C7E,4.0,4.25,3.5,18.0,0.0,0.0,-0.4
PROP-35F456BDA572,6.0,6.25,4.0,19.25,-0.25,-0.5,0.0
PROP-14DFB39A2D22,5.15,5.4,4.0,18.5,-0.25,-0.6,-1.35
PROP-5E7EBC1E6BFC,5.15,5.4,4.0,18.5,-0.25,-0.6,-1.35
PROP-0D48F8D1C447,6.25,6.5,4.0,19.5,0.0,0.25,0.0
PROP-C840B62ADC25,5.75,6.0,4.0,19.0,0.0,-0.25,-0.5
PROP-EF0FC2ADC232,6.5,6.75,4.0,19.25,0.0,0.0,0.5
PROP-5A8634785F1E,6.0,6.25,4.0,19.25,-0.25,-0.5,0.0
PROP-7CFF038C6D82,6.25,6.5,4.0,19.5,0.0,0.25,0.0
PROP-05EB98F9B79E,6.0,6.25,4.0,19.5,0.0,0.0,-0.25
PROP-F8E38FC09FCC,4.4,4.65,3.0,18.0,0.0,-0.75,-1.6
PROP-3E90936B5408,5.15,5.4,4.0,18.25,0.0,0.0,-1.35
PROP-97BF80B92FB0,4.0,4.25,4.0,18.0,0.0,0.0,0.0
PROP-E4D39546C414,6.0,6.25,4.0,19.5,0.0,0.0,-0.25
PROP-077E6C92FF08,6.0,6.25,4.0,19.5,0.0,0.0,-0.25
PROP-8E1BC94036AF,4.0,4.25,4.0,18.0,0.0,0.0,0.0
PROP-DE40C0A09AFD,4.0,4.25,4.0,18.0,0.0,0.0,0.0
PROP-EB787D73C7DC,5.75,6.0,4.0,19.0,0.0,-0.25,-0.5
PROP-2F97D90EBB27,4.0,4.25,4.0,18.0,0.0,0.0,0.0
PROP-80679BCCA875,5.15,5.4,4.0,18.25,0.0,0.0,-1.35
PROP-427BB62F325C,4.9,5.15,4.5,18.0,0.0,0.9,0.9
PROP-31679F275D75,4.0,4.25,4.0,18.0,0.0,0.0,0.0
PROP-5E89EAE1291C,4.0,4.25,3.0,18.0,0.0,0.0,-1.15
PROP-7ED93828946E,4.9,5.15,4.5,18.0,0.0,0.9,0.9
PROP-2C3582A9D384,4.9,5.15,4.5,18.0,0.0,0.9,0.9
PROP-AFAFB7FC358E,6.5,6.75,4.0,19.25,0.0,0.0,0.5
PROP-D5871F31B3FC,6.5,6.75,4.0,19.25,0.0,0.0,0.5
PROP-9E3F60C7588B,4.0,4.25,4.0,18.0,0.0,0.0,0.0
PROP-A9F7835F6887,4.4,4.65,3.0,18.0,0.0,-0.75,-1.6
PROP-75928C26C846,5.15,5.4,4.0,18.25,0.0,0.0,-1.35
PROP-D611C47AAB89,4.0,4.25,4.0,18.0,0.0,0.0,0.0
PROP-24C399D085C4,5.9,6.15,4.5,18.0,0.0,1.0,1.9
PROP-6F2B114112D0,4.0,4.25,4.0,18.0,0.0,0.0,0.0
PROP-A4A9ADFE584E,4.0,4.25,4.0,18.0,0.0,0.0,0.0
PROP-80F314955A32,4.0,4.25,3.5,18.0,0.0,0.0,-0.4
PROP-02D70E2C301B,6.5,6.75,4.0,19.5,0.0,0.25,0.5
PROP-F43E85CE9F7D,4.0,4.25,3.5,18.0,0.0,0.0,-0.4
PROP-6BD911622F07,4.0,4.25,3.0,18.0,0.0,0.0,-1.15
PROP-10CE836348F3,5.15,5.4,4.0,18.25,0.0,0.0,-1.35
PROP-8B75F2107C1E,5.15,5.4,4.0,18.25,0.0,0.0,-1.35
PROP-87BC2A39EC39,6.5,6.75,4.0,19.25,0.0,0.0,0.5
PROP-3B51AE728A42,5.9,6.15,4.5,18.0,0.0,1.0,1.9
PROP-3A267EF7EE46,4.0,4.25,4.0,18.0,0.0,0.0,0.0
PROP-25B5EF21FD58,5.75,6.0,4.0,19.0,0.0,-0.25,-0.5
PROP-89F30265B2D3,6.0,6.25,4.0,19.25,-0.25,-0.5,0.0
PROP-721CDEB9B570,4.0,4.25,4.0,18.0,0.0,0.0,0.0
PROP-5FFD9E63CD87,6.25,6.5,4.0,19.5,0.0,0.25,0.0
PROP-BA4CA07F778B,5.9,6.15,4.5,18.0,0.0,1.0,1.9
PROP-CBF762B3ABB9,6.0,6.25,4.0,19.5,0.0,0.0,-0.25
PROP-D41CE6C0C258,4.0,4.25,4.0,18.0,0.0,0.0,0.0
PROP-79558E28EE67,5.15,5.4,4.0,18.25,0.0,0.0,-1.35
PROP-6ED3D1925DF9,6.5,6.75,4.0,19.5,0.0,0.25,0.5
PROP-0E85C9AE5753,4.0,4.25,3.5,18.0,0.0,0.0,-0.4
PROP-1EAE5EF39BD4,4.4,4.65,3.0,18.0,0.0,-0.75,-1.6
PROP-68172BD26D64,4.0,4.25,3.0,18.0,0.0,0.0,-1.15
PROP-77294DD6BB0C,4.0,4.25,4.0,18.0,0.0,0.0,0.0
PROP-3562457C4AA5,5.15,5.4,4.0,18.5,-0.25,-0.6,-1.35
PROP-12D367E5B142,6.0,6.25,4.0,19.25,-0.25,-0.5,0.0
PROP-8803A37018B1,4.0,4.25,4.0,18.0,0.0,0.0,0.0
PROP-3805FE794E96,5.15,5.4,4.0,18.5,-0.25,-0.6,-1.35
PROP-299EECD690EE,5.9,6.15,4.5,18.0,0.0,1.0,1.9
PROP-E856BA58E297,5.75,6.0,4.0,19.0,0.0,-0.25,-0.5
PROP-9DB4B5C4CD17,4.0,4.25,4.0,18.0,0.0,0.0,0.0
PROP-8CF93AF71907,4.0,4.25,4.0,18.0,0.0,0.0,0.0
PROP-6063CA8BF4D2,4.0,4.25,3.0,18.0,0.0,-0.4,-1.75
PROP-A24FE160DB0B,5.75,6.0,4.0,19.0,0.0,-0.25,-0.5
PROP-5BB252543157,6.25,6.5,4.0,19.5,0.0,0.25,0.0
PROP-E8733EE73AE2,4.0,4.25,4.0,18.0,0.0,0.0,0.0
PROP-F635B2C448CD,4.0,4.25,4.0,18.0,0.0,0.0,0.0
PROP-C227B16C5785,6.0,6.25,4.0,19.5,0.0,0.0,-0.25
PROP-82E45F1B4040,5.15,5.4,4.0,18.5,-0.25,-0.6,-1.35
PROP-85D0D20D009A,5.15,5.4,4.0,18.25,0.0,0.0,-1.35
PROP-5E0E0DAE0DF2,4.0,4.25,4.0,18.0,0.0,0.0,0.0
PROP-8596EFC5A64F,4.0,4.25,3.0,18.0,0.0,0.0,-1.15
PROP-D35189812D63,6.25,6.5,4.0,19.5,0.0,0.25,0.0
PROP-D2955698590B,6.25,6.5,4.0,19.5,0.0,0.25,0.0
PROP-B6DF006213E5,4.0,4.25,3.5,18.0,0.0,0.0,-0.4
PROP-48C5094EAB3C,6.5,6.75,4.0,19.5,0.0,0.25,0.5
PROP-E6CEC9BBB145,4.0,4.25,4.0,18.0,0.0,0.0,0.0
PROP-495D2BCE9AAF,6.0,6.25,4.0,19.5,0.0,0.0,-0.25
PROP-F0452D2760F8,6.0,6.25,4.0,19.25,-0.25,-0.5,0.0
PROP-188005F60844,4.0,4.25,3.0,18.0,0.0,0.0,-1.15
PROP-409F0773A23D,6.25,6.5,4.0,19.5,0.0,0.25,0.0
PROP-C28EEAB1CF90,4.0,4.25,3.0,18.0,0.0,0.0,-1.15
PROP-3646AE63A324,4.0,4.25,4.0,18.0,0.0,0.0,0.0
PROP-BE7766288877,4.0,4.25,3.0,18.0,0.0,0.0,-1.15
PROP-B01242B46280,4.0,4.25,4.0,18.0,0.0,0.0,0.0
PROP-C91D0D2F6FCC,6.5,6.75,4.0,19.25,0.0,0.0,0.5
PROP-DC7D9D13413D,6.0,6.25,4.0,19.25,-0.25,-0.5,0.0
PROP-CD2460B83308,4.0,4.25,3.5,18.0,0.0,0.0,-0.4
PROP-2B717BE67EC4,4.9,5.15,4.5,18.0,0.0,0.9,0.9
PROP-A5B9D1415A4E,4.0,4.25,3.0,18.0,0.0,0.0,-1.15
PROP-4F3E18350F77,4.0,4.25,4.0,18.0,0.0,0.0,0.0
PROP-82F1AB80716E,4.0,4.25,3.0,18.0,0.0,0.0,-1.15
PROP-A86A7155FE85,4.0,4.25,4.0,18.0,0.0,0.0,0.0
PROP-49B4FC7944FD,6.0,6.25,4.0,19.25,-0.25,-0.5,0.0
PROP-B3B83C579D7B,5.15,5.4,4.0,18.25,0.0,0.0,-1.35
PROP-AA0FFEC4D271,4.0,4.25,3.5,18.0,0.0,0.0,-0.4
PROP-1B468FB2E347,4.0,4.25,4.0,18.0,0.0,0.0,0.0
PROP-4578FCC980AB,4.0,4.25,3.0,18.0,0.0,-0.4,-1.75
PROP-86DB4B28483E,4.0,4.25,3.0,18.0,0.0,0.0,-1.15
PROP-D01B19EA5FAE,5.75,6.0,4.0,19.0,0.0,-0.25,-0.5
PROP-BE0630D65353,5.15,5.4,4.0,18.25,0.0,0.0,-1.35
PROP-9F563109B018,6.0,6.25,4.0,19.25,-0.25,-0.5,0.0
PROP-E9B36E61B507,5.9,6.15,4.5,18.0,0.0,1.0,1.9
PROP-4149FB1168FD,4.0,4.25,4.0,18.0,0.0,0.0,0.0
PROP-4FABC8329903,4.0,4.25,3.5,18.0,0.0,0.0,-0.4
PROP-9AF0CD1625E1,4.0,4.25,3.0,18.0,0.0,0.0,-1.15
PROP-91F387589687,6.25,6.5,4.0,19.5,0.0,0.25,0.0
PROP-BFE4844C22B9,5.9,6.15,4.5,18.0,0.0,1.0,1.9
PROP-029C945DB289,5.15,5.4,4.0,18.5,-0.25,-0.6,-1.35
PROP-80DB941AB84B,4.0,4.25,4.0,18.0,0.0,0.0,0.0
PROP-A86663C443E0,6.0,6.25,4.0,19.25,-0.25,-0.5,0.0
PROP-79A644DAC603,4.4,4.65,3.0,18.0,0.0,-0.75,-1.6
PROP-BDD69A5EA45B,4.0,4.25,4.0,18.0,0.0,0.0,0.0
PROP-EBD55CDA3366,6.25,6.5,4.0,19.5,0.0,0.25,0.0
PROP-29C1D33D7BC9,4.0,4.25,4.0,18.0,0.0,0.0,0.0
PROP-DB2BDC4AD775,5.15,5.4,4.0,18.5,-0.25,-0.6,-1.35
PROP-38E09D133C42,5.15,5.4,4.0,18.5,-0.25,-0.6,-1.35
PROP-9E1F411F2C63,6.0,6.25,4.0,19.25,-0.25,-0.5,0.0
PROP-750ECC26561A,4.0,4.25,4.0,18.0,0.0,0.0,0.0
PROP-C96A8903D87E,4.0,4.25,4.0,18.0,0.0,0.0,0.0
PROP-9DC609017C28,4.0,4.25,3.5,18.0,0.0,0.0,-0.4
PROP-32BBB3AB27FA,6.5,6.75,4.0,19.5,0.0,0.25,0.5
PROP-82E7EF8EB3F0,4.0,4.25,3.5,18.0,0.0,0.0,-0.4
PROP-471765908D14,4.0,4.25,4.0,18.0,0.0,0.0,0.0
PROP-6D951E8398AE,4.0,4.25,3.0,18.0,0.0,0.0,-1.15
PROP-CD3474A91816,5.9,6.15,4.5,18.0,0.0,1.0,1.9
PROP-9A48FBBB114F,4.0,4.25,3.0,18.0,0.0,0.0,-1.15
PROP-7D64054442CC,4.0,4.25,3.5,18.0,0.0,0.0,-0.4
PROP-170E8E55BC70,4.9,5.15,4.5,18.0,0.0,0.9,0.9
PROP-85AD7C219091,4.9,5.15,4.5,18.0,0.0,0.9,0.9
PROP-0EF77E785976,4.0,4.25,3.5,18.0,0.0,0.0,-0.4
PROP-F23EE3B56739,6.5,6.75,4.0,19.25,0.0,0.0,0.5
PROP-9B425F0FA836,4.0,4.25,3.0,18.0,0.0,0.0,-1.15
PROP-D6557117D11F,5.15,5.4,4.0,18.5,-0.25,-0.6,-1.35
PROP-DFD6E796FB34,4.9,5.15,4.5,18.0,0.0,0.9,0.9
PROP-1A28549757EF,5.15,5.4,4.0,18.25,0.0,0.0,-1.35
PROP-322A3F477194,6.5,6.75,4.0,19.25,0.0,0.0,0.5
PROP-C276C177DD60,5.9,6.15,4.5,18.0,0.0,1.0,1.9
PROP-DFD5D337F5B4,4.0,4.25,4.0,18.0,0.0,0.0,0.0
PROP-AC550DA8A89F,4.0,4.25,4.0,18.0,0.0,0.0,0.0
PROP-5FDDD3339225,4.0,4.25,3.0,18.0,0.0,0.0,-1.15
PROP-A7E68362B9E1,4.9,5.15,4.5,18.0,0.0,0.9,0.9
PROP-34079E90375F,4.0,4.25,3.0,18.0,0.0,0.0,-1.15
PROP-404A8D0E85E1,4.0,4.25,3.0,18.0,0.0,0.0,-1.15
PROP-5FE0FAB23EE7,4.0,4.25,4.0,18.0,0.0,0.0,0.0
PROP-756DE0B66A27,6.5,6.75,4.0,19.5,0.0,0.25,0.5
PROP-34BE08EE9327,6.25,6.5,4.0,19.5,0.0,0.25,0.0
PROP-1471863660C6,6.25,6.5,4.0,19.5,0.0,0.25,0.0
PROP-B0DC385BC847,5.75,6.0,4.0,19.0,0.0,-0.25,-0.5
PROP-EFE6961AB1A4,4.0,4.25,4.0,18.0,0.0,0.0,0.0
PROP-6BEFF074BF89,4.4,4.65,3.0,18.0,0.0,-0.75,-1.6
PROP-A72F3CE455E6,6.25,6.5,4.0,19.5,0.0,0.25,0.0
PROP-844FEA368864,5.15,5.4,4.0,18.25,0.0,0.0,-1.35
PROP-79A3756F6ADC,6.0,6.25,4.0,19.25,-0.25,-0.5,0.0
PROP-14FC5A05D657,4.0,4.25,3.0,18.0,0.0,0.0,-1.15
PROP-8D40A7AF8D20,4.0,4.25,3.0,18.0,0.0,0.0,-1.15
PROP-609277D71A22,4.0,4.25,4.0,18.0,0.0,0.0,0.0
PROP-E5F1CE4B6859,6.25,6.5,4.0,19.5,0.0,0.25,0.0
PROP-B19799A28630,6.5,6.75,4.0,19.25,0.0,0.0,0.5
PROP-B6EC395ABFC2,5.75,6.0,4.0,19.0,0.0,-0.25,-0.5
PROP-23CA3016CA9F,4.9,5.15,4.5,18.0,0.0,0.9,0.9
PROP-1073A7A3F7FF,4.0,4.25,3.0,18.0,0.0,0.0,-1.15
PROP-FE0971249CC6,5.15,5.4,4.0,18.25,0.0,0.0,-1.35
PROP-21D99D1991EF,4.0,4.25,4.0,18.0,0.0,0.0,0.0
PROP-8961185A0636,5.15,5.4,4.0,18.5,-0.25,-0.6,-1.35
PROP-76C893345A7E,4.0,4.25,4.0,18.0,0.0,0.0,0.0
PROP-0E99709D4C5E,6.5,6.75,4.0,19.25,0.0,0.0,0.5
PROP-F0742D2CDF7F,5.15,5.4,4.0,18.25,0.0,0.0,-1.35
PROP-CDA2A0AB5F39,5.9,6.15,4.5,18.0,0.0,1.0,1.9
PROP-DD413A5ABA93,4.0,4.25,3.5,18.0,0.0,0.0,-0.4
PROP-9A7FC4D4058B,6.5,6.75,4.0,19.25,0.0,0.0,0.5
PROP-757EE071097A,5.15,5.4,4.0,18.25,0.0,0.0,-1.35
PROP-4DAB8045B547,4.0,4.25,3.0,18.0,0.0,0.0,-1.15
PROP-32029C7A84AF,6.0,6.25,4.0,19.5,0.0,0.0,-0.25
PROP-B96F9893E0A5,4.0,4.25,4.0,18.0,0.0,0.0,0.0
PROP-80E42E6F1ED4,4.0,4.25,4.0,18.0,0.0,0.0,0.0
PROP-26388DAD56A4,4.0,4.25,3.5,18.0,0.0,0.0,-0.4
PROP-4E1D7BA11A5B,4.9,5.15,4.5,18.0,0.0,0.9,0.9
PROP-DDA9116DAF7E,4.0,4.25,4.0,18.0,0.0,0.0,0.0
PROP-044842348003,4.0,4.25,3.5,18.0,0.0,0.0,-0.4
PROP-1C9FE41A8DB4,4.0,4.25,4.0,18.0,0.0,0.0,0.0
PROP-919518ED3A0F,4.4,4.65,3.0,18.0,0.0,-0.75,-1.6
PROP-B7C74F2E1B96,6.0,6.25,4.0,19.25,-0.25,-0.5,0.0
PROP-A1A5BE7EE8C8,4.0,4.25,4.0,18.0,0.0,0.0,0.0
PROP-B9DAFF8D3D76,4.4,4.65,3.0,18.0,0.0,-0.75,-1.6
PROP-B169FA7E303E,6.0,6.25,4.0,19.25,-0.25,-0.5,0.0
PROP-2A19538BD185,5.15,5.4,4.0,18.25,0.0,0.0,-1.35
PROP-917395C01FC1,4.0,4.25,4.0,18.0,0.0,0.0,0.0
PROP-CCB8C6E19FC8,6.5,6.75,4.0,19.25,0.0,0.0,0.5
PROP-3E1F36788B6A,4.0,4.25,4.0,18.0,0.0,0.0,0.0
PROP-169F6CAF7FC3,4.4,4.65,3.0,18.0,0.0,-0.75,-1.6
PROP-A337A4A56B4A,5.15,5.4,4.0,18.25,0.0,0.0,-1.35
PROP-EAD71130FB6C,6.25,6.5,4.0,19.5,0.0,0.25,0.0
PROP-1847807A5660,4.0,4.25,4.0,18.0,0.0,0.0,0.0
PROP-8BFFBB366B41,6.5,6.75,4.0,19.25,0.0,0.0,0.5
PROP-81F507A8ABEB,4.0,4.25,3.0,18.0,0.0,0.0,-1.15
PROP-B0B828688C61,4.0,4.25,4.0,18.0,0.0,0.0,0.0
PROP-5DA266EDC1F8,4.0,4.25,4.0,18.0,0.0,0.0,0.0
PROP-179CB8CA3EC9,4.0,4.25,4.0,18.0,0.0,0.0,0.0
PROP-95A0F0BC7B11,4.4,4.65,3.0,18.0,0.0,-0.75,-1.6
PROP-994540E03A0B,4.0,4.25,3.0,18.0,0.0,0.0,-1.15
PROP-15DD8C665A5D,4.0,4.25,3.0,18.0,0.0,0.0,-1.15
PROP-BDC7587B7D0F,5.9,6.15,4.5,18.0,0.0,1.0,1.9
PROP-D67677D65F08,5.15,5.4,4.0,18.5,-0.25,-0.6,-1.35
PROP-F973F03BF731,4.0,4.25,4.0,18.0,0.0,0.0,0.0
PROP-9A4577B5A758,4.0,4.25,3.5,18.0,0.0,0.0,-0.4
PROP-3D5A72A14E06,4.0,4.25,3.5,18.0,0.0,0.0,-0.4
PROP-4326703C95AA,6.0,6.25,4.0,19.5,0.0,0.0,-0.25
PROP-66818C09D607,5.75,6.0,4.0,19.0,0.0,-0.25,-0.5
PROP-2F53A8EB4AC0,4.0,4.25,3.0,18.0,0.0,-0.4,-1.75
PROP-D5AB948AD454,6.5,6.75,4.0,19.25,0.0,0.0,0.5
PROP-485FF5B36297,4.9,5.15,4.5,18.0,0.0,0.9,0.9
PROP-5134FB7400B9,6.5,6.75,4.0,19.25,0.0,0.0,0.5
PROP-16539F5480B3,4.0,4.25,4.0,18.0,0.0,0.0,0.0
PROP-2BF813435AC4,5.75,6.0,4.0,19.0,0.0,-0.25,-0.5
PROP-1FFADD4722C5,4.0,4.25,4.0,18.0,0.0,0.0,0.0
PROP-5EBF23E484B7,5.15,5.4,4.0,18.5,-0.25,-0.6,-1.35
PROP-7C4F986DA28A,4.0,4.25,3.0,18.0,0.0,0.0,-1.15
PROP-89EB3F40E0DC,4.0,4.25,4.0,18.0,0.0,0.0,0.0
PROP-3B746E74FEC5,4.0,4.25,3.0,18.0,0.0,0.0,-1.15
PROP-A7620979369C,6.0,6.25,4.0,19.25,-0.25,-0.5,0.0
PROP-8A3731312EA8,5.15,5.4,4.0,18.5,-0.25,-0.6,-1.35
PROP-8CD224366BEE,6.0,6.25,4.0,19.25,-0.25,-0.5,0.0
PROP-0C9C0E19B5B7,6.5,6.75,4.0,19.5,0.0,0.25,0.5
PROP-EE02B767F9D4,5.15,5.4,4.0,18.25,0.0,0.0,-1.35
PROP-322A9A93734C,6.0,6.25,4.0,19.5,0.0,0.0,-0.25
PROP-6101D9D0815E,4.9,5.15,4.5,18.0,0.0,0.9,0.9
PROP-14AD9AE54FDD,4.4,4.65,3.0,18.0,0.0,-0.75,-1.6
PROP-3ACC31BABDF4,4.0,4.25,4.0,18.0,0.0,0.0,0.0
PROP-DE8520E2BD7D,4.0,4.25,3.0,18.0,0.0,0.0,-1.15
PROP-733086894EEF,6.0,6.25,4.0,19.25,-0.25,-0.5,0.0
PROP-779D284CACCD,4.0,4.25,3.0,18.0,0.0,0.0,-1.15
PROP-56A6059D3D89,5.15,5.4,4.0,18.25,0.0,0.0,-1.35
PROP-0C0BA6EE62CF,6.25,6.5,4.0,19.5,0.0,0.25,0.0
PROP-01AEF3EBBBFD,6.0,6.25,4.0,19.25,-0.25,-0.5,0.0
PROP-D9CB1DD0F711,4.9,5.15,4.5,18.0,0.0,0.9,0.9
PROP-8FB38B6B790A,6.5,6.75,4.0,19.5,0.0,0.25,0.5
PROP-FA24825DAA86,4.0,4.25,3.0,18.0,0.0,-0.4,-1.75
PROP-907A509B10C1,4.0,4.25,4.0,18.0,0.0,0.0,0.0
PROP-683F4A26DDBB,5.75,6.0,4.0,19.0,0.0,-0.25,-0.5
PROP-589E7C63A76B,4.0,4.25,4.0,18.0,0.0,0.0,0.0
PROP-D2E09CB44576,6.25,6.5,4.0,19.5,0.0,0.25,0.0
PROP-15CDF11F6ABC,5.15,5.4,4.0,18.5,-0.25,-0.6,-1.35
PROP-AB5D1B36EE46,5.15,5.4,4.0,18.25,0.0,0.0,-1.35
PROP-5E63A90E974C,4.0,4.25,4.0,18.0,0.0,0.0,0.0
PROP-7CE767D91309,6.0,6.25,4.0,19.5,0.0,0.0,-0.25
PROP-C9C98F275622,4.0,4.25,3.0,18.0,0.0,-0.4,-1.75
PROP-340DE7C8DCAE,6.5,6.75,4.0,19.5,0.0,0.25,0.5
PROP-A8C758D83A0D,5.15,5.4,4.0,18.5,-0.25,-0.6,-1.35
PROP-CD768F6295D7,4.0,4.25,4.0,18.0,0.0,0.0,0.0
PROP-CD2916DAC649,4.0,4.25,3.5,18.0,0.0,0.0,-0.4
PROP-EEAD8922BA8E,6.5,6.75,4.0,19.5,0.0,0.25,0.5
PROP-A4C983CE34DA,6.5,6.75,4.0,19.25,0.0,0.0,0.5
PROP-8A5464BB826A,4.9,5.15,4.5,18.0,0.0,0.9,0.9
PROP-DD153DE52BBC,5.75,6.0,4.0,19.0,0.0,-0.25,-0.5
PROP-19B12CD4DF4E,6.0,6.25,4.0,19.25,-0.25,-0.5,0.0
PROP-7F3404A31051,4.0,4.25,4.0,18.0,0.0,0.0,0.0
PROP-0837F5FEB209,4.0,4.25,4.0,18.0,0.0,0.0,0.0
PROP-A999BCE08DF7,4.0,4.25,4.0,18.0,0.0,0.0,0.0
PROP-67555383A521,5.15,5.4,4.0,18.5,-0.25,-0.6,-1.35
PROP-6D3EAB779747,6.25,6.5,4.0,19.5,0.0,0.25,0.0
PROP-0321031F9CA0,5.9,6.15,4.5,18.0,0.0,1.0,1.9
PROP-09576784F08D,4.0,4.25,4.0,18.0,0.0,0.0,0.0
PROP-FB94651590C5,6.0,6.25,4.0,19.25,-0.25,-0.5,0.0
PROP-F7B707A8DFBC,4.0,4.25,4.0,18.0,0.0,0.0,0.0
PROP-41C58F4603DB,6.5,6.75,4.0,19.25,0.0,0.0,0.5
PROP-537ECF5FA56A,4.0,4.25,3.5,18.0,0.0,0.0,-0.4
PROP-1D206A4B3AE7,6.25,6.5,4.0,19.5,0.0,0.25,0.0
PROP-9E30481DB293,6.5,6.75,4.0,19.25,0.0,0.0,0.5
PROP-C25ED2F7937C,4.0,4.25,3.0,18.0,0.0,0.0,-1.15
PROP-9654897846B0,4.0,4.25,3.0,18.0,0.0,0.0,-1.15
PROP-1487CC1811D4,6.0,6.25,4.0,19.25,-0.25,-0.5,0.0
PROP-F30ABBC96624,4.0,4.25,3.0,18.0,0.0,-0.4,-1.75
PROP-689C00A30632,6.5,6.75,4.0,19.25,0.0,0.0,0.5
PROP-4803772315A9,4.0,4.25,3.0,18.0,0.0,-0.4,-1.75
PROP-BFD663AE4D5D,6.5,6.75,4.0,19.25,0.0,0.0,0.5
PROP-D0C0A19B1B15,4.0,4.25,4.0,18.0,0.0,0.0,0.0
PROP-BAFCA8BA7060,6.25,6.5,4.0,19.5,0.0,0.25,0.0
PROP-7E7631D90398,5.9,6.15,4.5,18.0,0.0,1.0,1.9
PROP-3139A2B78A7D,6.0,6.25,4.0,19.5,0.0,0.0,-0.25
PROP-92C7CA059B8B,5.15,5.4,4.0,18.25,0.0,0.0,-1.35
PROP-032A66170AF5,4.0,4.25,3.0,18.0,0.0,0.0,-1.15
PROP-D7B607B692A4,4.0,4.25,3.0,18.0,0.0,0.0,-1.15
PROP-8182E3522144,6.5,6.75,4.0,19.5,0.0,0.25,0.5
PROP-A0FFB9A45C51,5.15,5.4,4.0,18.5,-0.25,-0.6,-1.35
PROP-5DE7CAAC6DAA,6.5,6.75,4.0,19.5,0.0,0.25,0.5
PROP-B99A92935ADD,4.0,4.25,3.0,18.0,0.0,0.0,-1.15
PROP-8F876ABDB135,5.9,6.15,4.5,18.0,0.0,1.0,1.9
PROP-8B92C2A78410,4.0,4.25,4.0,18.0,0.0,0.0,0.0
PROP-FCFE7741EE4A,6.0,6.25,4.0,19.5,0.0,0.0,-0.25
PROP-333C68C4F662,4.9,5.15,4.5,18.0,0.0,0.9,0.9
PROP-008F80C63D60,4.4,4.65,3.0,18.0,0.0,-0.75,-1.6
PROP-D3AA218443DE,4.0,4.25,4.0,18.0,0.0,0.0,0.0
PROP-DA00226ADDE9,5.15,5.4,4.0,18.5,-0.25,-0.6,-1.35
PROP-C1842098EDBE,5.75,6.0,4.0,19.0,0.0,-0.25,-0.5
PROP-FB0D36CBD496,4.9,5.15,4.5,18.0,0.0,0.9,0.9
PROP-73FBF94E1A0B,4.0,4.25,4.0,18.0,0.0,0.0,0.0
PROP-FC8585E65185,4.0,4.25,4.0,18.0,0.0,0.0,0.0
PROP-2F9E653D4A65,6.0,6.25,4.0,19.25,-0.25,-0.5,0.0
PROP-F6B703E3FD12,6.25,6.5,4.0,19.5,0.0,0.25,0.0
PROP-9AE8B659470E,4.0,4.25,3.0,18.0,0.0,-0.4,-1.75
PROP-DB6E46F069A3,5.15,5.4,4.0,18.5,-0.25,-0.6,-1.35
PROP-33B4023864D8,5.15,5.4,4.0,18.5,-0.25,-0.6,-1.35
PROP-5576647D1F92,4.0,4.25,4.0,18.0,0.0,0.0,0.0
PROP-CFC3F626DABE,6.0,6.25,4.0,19.5,0.0,0.0,-0.25
PROP-7D249CA5335F,4.4,4.65,3.0,18.0,0.0,-0.75,-1.6
PROP-968E1DAF7711,4.0,4.25,4.0,18.0,0.0,0.0,0.0
PROP-D086CA2A9B7B,6.25,6.5,4.0,19.5,0.0,0.25,0.0
PROP-12CC9FC5C913,4.0,4.25,3.5,18.0,0.0,0.0,-0.4
PROP-6E3B740F9045,4.0,4.25,3.0,18.0,0.0,0.0,-1.15
PROP-07CC94CACE49,5.15,5.4,4.0,18.25,0.0,0.0,-1.35
PROP-9AC15F4BD82E,6.0,6.25,4.0,19.25,-0.25,-0.5,0.0
PROP-6F2A8E6AB31A,6.5,6.75,4.0,19.5,0.0,0.25,0.5
PROP-1E838D085F6F,4.0,4.25,4.0,18.0,0.0,0.0,0.0
PROP-E96332C3BBA3,4.0,4.25,4.0,18.0,0.0,0.0,0.0
PROP-42427E9597E2,5.15,5.4,4.0,18.25,0.0,0.0,-1.35
PROP-EB7716DF7F59,5.15,5.4,4.0,18.25,0.0,0.0,-1.35
PROP-79801CFAA72F,6.0,6.25,4.0,19.5,0.0,0.0,-0.25
PROP-0CFD3ECD98AC,5.75,6.0,4.0,19.0,0.0,-0.25,-0.5
PROP-DA71424DC034,4.0,4.25,3.0,18.0,0.0,0.0,-1.15
PROP-77C49CA879C6,6.25,6.5,4.0,19.5,0.0,0.25,0.0
PROP-7B5AF3A45CE2,4.4,4.65,3.0,18.0,0.0,-0.75,-1.6
PROP-3C92476A526D,6.25,6.5,4.0,19.5,0.0,0.25,0.0
PROP-FDF94DE97E94,6.5,6.75,4.0,19.5,0.0,0.25,0.5
PROP-B63F0A2B79B8,5.9,6.15,4.5,18.0,0.0,1.0,1.9
PROP-4FC85CDB89AB,4.0,4.25,3.0,18.0,0.0,0.0,-1.15
PROP-865664F24B4E,6.5,6.75,4.0,19.25,0.0,0.0,0.5
PROP-C1B0FC0F914A,4.9,5.15,4.5,18.0,0.0,0.9,0.9
PROP-D908A76EF12B,4.0,4.25,3.0,18.0,0.0,0.0,-1.15
PROP-E3301DA7D630,6.5,6.75,4.0,19.5,0.0,0.25,0.5
PROP-0106C21B749E,4.0,4.25,4.0,18.0,0.0,0.0,0.0
PROP-76765FC38F02,4.0,4.25,4.0,18.0,0.0,0.0,0.0
PROP-C21C033575CF,4.0,4.25,4.0,18.0,0.0,0.0,0.0
PROP-EBED92F65A6D,6.25,6.5,4.0,19.5,0.0,0.25,0.0
PROP-28CE565AE044,6.0,6.25,4.0,19.25,-0.25,-0.5,0.0
PROP-4E0FD5E2CE79,4.0,4.25,4.0,18.0,0.0,0.0,0.0
PROP-5A15860526AB,4.4,4.65,3.0,18.0,0.0,-0.75,-1.6
PROP-A014D8541869,4.0,4.25,3.0,18.0,0.0,-0.4,-1.75
PROP-3DAF717093DA,4.0,4.25,3.0,18.0,0.0,-0.4,-1.75
PROP-2E410877E412,4.0,4.25,3.0,18.0,0.0,-0.4,-1.75
PROP-ADCC0B973750,4.0,4.25,3.0,18.0,0.0,0.0,-1.15
PROP-BDCB3D90BFB8,5.15,5.4,4.0,18.25,0.0,0.0,-1.35
PROP-425DCDCE91C2,4.0,4.25,4.0,18.0,0.0,0.0,0.0
PROP-C4F16029ED13,6.5,6.75,4.0,19.25,0.0,0.0,0.5
PROP-81C6E404161F,4.0,4.25,4.0,18.0,0.0,0.0,0.0
PROP-E610639E2628,4.0,4.25,3.0,18.0,0.0,0.0,-1.15
PROP-0ACF87343B54,6.25,6.5,4.0,19.5,0.0,0.25,0.0
PROP-83B677C44E98,5.9,6.15,4.5,18.0,0.0,1.0,1.9
PROP-3CCCF7911017,5.15,5.4,4.0,18.25,0.0,0.0,-1.35
PROP-1339DEDC9554,4.0,4.25,4.0,18.0,0.0,0.0,0.0
PROP-8F93B0B331CD,4.4,4.65,3.0,18.0,0.0,-0.75,-1.6
PROP-63ABB0812E88,5.9,6.15,4.5,18.0,0.0,1.0,1.9
PROP-3BA7997A45E9,6.5,6.75,4.0,19.25,0.0,0.0,0.5
PROP-4EA0AA3AB741,4.0,4.25,4.0,18.0,0.0,0.0,0.0
PROP-36150A4AA872,4.4,4.65,3.0,18.0,0.0,-0.75,-1.6
PROP-A81337AC2E9F,4.0,4.25,3.0,18.0,0.0,-0.4,-1.75
PROP-A2CA99F38D85,4.9,5.15,4.5,18.0,0.0,0.9,0.9
PROP-29627045D6DF,4.0,4.25,4.0,18.0,0.0,0.0,0.0
PROP-91949250D9AF,5.15,5.4,4.0,18.25,0.0,0.0,-1.35
PROP-E361EB02A570,6.5,6.75,4.0,19.25,0.0,0.0,0.5
PROP-1509AB17114D,6.25,6.5,4.0,19.5,0.0,0.25,0.0
PROP-6653EDB96020,5.9,6.15,4.5,18.0,0.0,1.0,1.9
PROP-3945FB693EA4,5.15,5.4,4.0,18.25,0.0,0.0,-1.35
PROP-7FF75AC1E790,6.5,6.75,4.0,19.25,0.0,0.0,0.5
PROP-6380F541C2C5,4.0,4.25,4.0,18.0,0.0,0.0,0.0
PROP-A481E7995990,4.0,4.25,4.0,18.0,0.0,0.0,0.0
PROP-63DBE7316DC8,6.0,6.25,4.0,19.5,0.0,0.0,-0.25
PROP-DAF443DDF8C5,5.75,6.0,4.0,19.0,0.0,-0.25,-0.5
PROP-3F25940A3AFF,4.0,4.25,4.0,18.0,0.0,0.0,0.0
PROP-100313787E4E,6.25,6.5,4.0,19.5,0.0,0.25,0.0
PROP-C8CECE94FAFB,6.0,6.25,4.0,19.25,-0.25,-0.5,0.0
PROP-6C4C9E4EB93E,5.15,5.4,4.0,18.5,-0.25,-0.6,-1.35
PROP-4BF3FCBA94C6,5.75,6.0,4.0,19.0,0.0,-0.25,-0.5
PROP-2AE4806E8425,6.0,6.25,4.0,19.25,-0.25,-0.5,0.0
PROP-5BDEEBAF47FC,5.9,6.15,4.5,18.0,0.0,1.0,1.9
PROP-62C217C3E9F8,5.75,6.0,4.0,19.0,0.0,-0.25,-0.5
PROP-8A6CE07C18C6,4.0,4.25,3.0,18.0,0.0,-0.4,-1.75
PROP-61F0C0548B5A,4.4,4.65,3.0,18.0,0.0,-0.75,-1.6
PROP-5A88A24E7C5F,4.0,4.25,3.0,18.0,0.0,0.0,-1.15
PROP-CB49AFF2C003,4.0,4.25,4.0,18.0,0.0,0.0,0.0
PROP-BA74C7267857,6.0,6.25,4.0,19.25,-0.25,-0.5,0.0
PROP-C6EAA09E68BB,4.0,4.25,3.5,18.0,0.0,0.0,-0.4
PROP-D3921053EB9D,6.0,6.25,4.0,19.5,0.0,0.0,-0.25
PROP-4CD56A7E146B,4.0,4.25,4.0,18.0,0.0,0.0,0.0
PROP-C4F53E375E22,6.25,6.5,4.0,19.5,0.0,0.25,0.0
PROP-4ADE6CE9C2F9,4.0,4.25,3.0,18.0,0.0,0.0,-1.15
PROP-E22099E55076,4.0,4.25,4.0,18.0,0.0,0.0,0.0
PROP-0719AD5A75F8,4.0,4.25,4.0,18.0,0.0,0.0,0.0
PROP-850103FCA927,4.4,4.65,3.0,18.0,0.0,-0.75,-1.6
PROP-CA28A35A4B0A,4.0,4.25,3.0,18.0,0.0,0.0,-1.15
PROP-17AE59E36340,4.0,4.25,3.0,18.0,0.0,-0.4,-1.75
PROP-C601CC62F6FF,4.0,4.25,3.0,18.0,0.0,-0.4,-1.75
PROP-8195E9D2DF41,4.0,4.25,3.0,18.0,0.0,0.0,-1.15
PROP-6DE7C97D20F1,4.4,4.65,3.0,18.0,0.0,-0.75,-1.6
PROP-56C081190ECC,4.0,4.25,4.0,18.0,0.0,0.0,0.0
PROP-3C2975AB9500,5.15,5.4,4.0,18.25,0.0,0.0,-1.35
PROP-AD74D6E24246,4.0,4.25,4.0,18.0,0.0,0.0,0.0
PROP-44D7CFC3F6EB,6.0,6.25,4.0,19.25,-0.25,-0.5,0.0
PROP-0BD54F0CABA5,4.9,5.15,4.5,18.0,0.0,0.9,0.9
PROP-1FB5E0A34624,4.0,4.25,3.0,18.0,0.0,-0.4,-1.75
PROP-D68F486FF057,4.4,4.65,3.0,18.0,0.0,-0.75,-1.6
PROP-7C39094D2B48,4.0,4.25,3.0,18.0,0.0,0.0,-1.15
PROP-8084040B3A9C,4.0,4.25,3.0,18.0,0.0,0.0,-1.15
PROP-D2D7F074ACF4,5.9,6.15,4.5,18.0,0.0,1.0,1.9
PROP-3B159030A2DE,5.15,5.4,4.0,18.25,0.0,0.0,-1.35
PROP-0A6B581765A0,4.0,4.25,4.0,18.0,0.0,0.0,0.0
PROP-B23AF8F2B614,6.5,6.75,4.0,19.25,0.0,0.0,0.5
PROP-ED23AB65F81A,4.0,4.25,3.0,18.0,0.0,0.0,-1.15
PROP-B1EAC56BBBD2,6.0,6.25,4.0,19.5,0.0,0.0,-0.25
PROP-B9E9AB10CE13,6.0,6.25,4.0,19.25,-0.25,-0.5,0.0
PROP-B1634C2CE9D1,6.5,6.75,4.0,19.5,0.0,0.25,0.5
PROP-512F92652207,4.4,4.65,3.0,18.0,0.0,-0.75,-1.6
PROP-F7BC116B976E,4.0,4.25,4.0,18.0,0.0,0.0,0.0
PROP-266C305ED7E5,4.0,4.25,3.5,18.0,0.0,0.0,-0.4
PROP-2483F65494BA,4.0,4.25,4.0,18.0,0.0,0.0,0.0
PROP-FABF05E8AFDA,6.5,6.75,4.0,19.5,0.0,0.25,0.5
PROP-79A53966C173,6.5,6.75,4.0,19.5,0.0,0.25,0.5
PROP-8173345CC28B,5.15,5.4,4.0,18.25,0.0,0.0,-1.35
PROP-3E1900CEB3C8,5.75,6.0,4.0,19.0,0.0,-0.25,-0.5
PROP-9ED34DD25511,4.0,4.25,3.0,18.0,0.0,-0.4,-1.75
PROP-9091B594E82E,4.0,4.25,4.0,18.0,0.0,0.0,0.0
PROP-5D1FE07A4F83,6.5,6.75,4.0,19.5,0.0,0.25,0.5
PROP-4766A1D532CA,6.5,6.75,4.0,19.5,0.0,0.25,0.5
PROP-42A6676878A9,6.5,6.75,4.0,19.5,0.0,0.25,0.5
PROP-DE2B66BCB11D,5.15,5.4,4.0,18.5,-0.25,-0.6,-1.35
PROP-3ADD6E8DB7C7,6.5,6.75,4.0,19.5,0.0,0.25,0.5
PROP-5F5293A22340,5.15,5.4,4.0,18.25,0.0,0.0,-1.35
PROP-19E78418F70B,4.0,4.25,3.0,18.0,0.0,0.0,-1.15
PROP-991E932AECFB,4.9,5.15,4.5,18.0,0.0,0.9,0.9
PROP-C61FB9FBC1BC,5.9,6.15,4.5,18.0,0.0,1.0,1.9
PROP-57117EC1BB4B,4.0,4.25,3.0,18.0,0.0,0.0,-1.15
PROP-BB51B4C642B2,6.0,6.25,4.0,19.5,0.0,0.0,-0.25
PROP-2BA770AAC75B,6.0,6.25,4.0,19.25,-0.25,-0.5,0.0
PROP-21151A7BC1BB,4.0,4.25,4.0,18.0,0.0,0.0,0.0
PROP-FBBFAB85220B,5.15,5.4,4.0,18.25,0.0,0.0,-1.35
PROP-3145C98E1A7A,4.4,4.65,3.0,18.0,0.0,-0.75,-1.6
PROP-67062A685D5C,4.0,4.25,4.0,18.0,0.0,0.0,0.0
PROP-201AF96A924C,4.0,4.25,4.0,18.0,0.0,0.0,0.0
PROP-E7CA3FEF6EB4,6.5,6.75,4.0,19.5,0.0,0.25,0.5
PROP-D20C4E991E99,4.0,4.25,4.0,18.0,0.0,0.0,0.0
PROP-2160C26A8114,5.15,5.4,4.0,18.25,0.0,0.0,-1.35
PROP-422E5032F520,4.0,4.25,3.0,18.0,0.0,0.0,-1.15
PROP-9F5054651329,4.0,4.25,4.0,18.0,0.0,0.0,0.0
PROP-6AB898367ED1,4.0,4.25,3.0,18.0,0.0,0.0,-1.15
PROP-1B0292B794AF,4.4,4.65,3.0,18.0,0.0,-0.75,-1.6
PROP-46D99E06C28A,6.0,6.25,4.0,19.5,0.0,0.0,-0.25
PROP-FC4A0C9B6D32,4.0,4.25,3.5,18.0,0.0,0.0,-0.4
PROP-B44F3F1BBFF4,4.0,4.25,4.0,18.0,0.0,0.0,0.0
PROP-6B6059C14A8A,4.9,5.15,4.5,18.0,0.0,0.9,0.9
PROP-B007C986785E,4.0,4.25,3.5,18.0,0.0,0.0,-0.4
PROP-D534AC9379FC,6.5,6.75,4.0,19.5,0.0,0.25,0.5
PROP-4A3CF9AA8A59,4.0,4.25,3.0,18.0,0.0,-0.4,-1.75
PROP-EDF38E7A1A2B,4.0,4.25,4.0,18.0,0.0,0.0,0.0
PROP-0FAAC6B55196,4.0,4.25,3.0,18.0,0.0,0.0,-1.15
PROP-D2DA3F3C8CBC,6.0,6.25,4.0,19.5,0.0,0.0,-0.25
PROP-0D8439AA3207,4.0,4.25,4.0,18.0,0.0,0.0,0.0
PROP-0BF4F42B6850,6.5,6.75,4.0,19.25,0.0,0.0,0.5
PROP-656628BCC9FA,4.0,4.25,4.0,18.0,0.0,0.0,0.0
PROP-65189B59188A,5.15,5.4,4.0,18.25,0.0,0.0,-1.35
PROP-CD467B4D6A14,6.5,6.75,4.0,19.25,0.0,0.0,0.5
PROP-273F94F447D8,6.0,6.25,4.0,19.25,-0.25,-0.5,0.0
PROP-2E546684B457,5.75,6.0,4.0,19.0,0.0,-0.25,-0.5
PROP-FE11525C6A88,6.0,6.25,4.0,19.25,-0.25,-0.5,0.0
PROP-9A8F8A65376E,5.15,5.4,4.0,18.25,0.0,0.0,-1.35
PROP-BB3502986EF1,4.9,5.15,4.5,18.0,0.0,0.9,0.9
PROP-E08D7EC75CB8,6.25,6.5,4.0,19.5,0.0,0.25,0.0
PROP-6BFD31CA7E9B,6.5,6.75,4.0,19.25,0.0,0.0,0.5
PROP-6E09CB37979B,6.0,6.25,4.0,19.25,-0.25,-0.5,0.0
PROP-E9E7B64FF50B,4.0,4.25,4.0,18.0,0.0,0.0,0.0
PROP-443AD859EEE0,4.9,5.15,4.5,18.0,0.0,0.9,0.9
PROP-31CFC4C21E45,5.75,6.0,4.0,19.0,0.0,-0.25,-0.5
PROP-704C315F247F,4.0,4.25,4.0,18.0,0.0,0.0,0.0
PROP-AA621F61117A,4.0,4.25,4.0,18.0,0.0,0.0,0.0
PROP-C5EB0E938EC5,4.0,4.25,3.5,18.0,0.0,0.0,-0.4
PROP-40615F3F77DC,5.75,6.0,4.0,19.0,0.0,-0.25,-0.5
PROP-0EB276E0BEAF,4.0,4.25,3.0,18.0,0.0,-0.4,-1.75
PROP-544B31D49874,4.0,4.25,4.0,18.0,0.0,0.0,0.0
PROP-B7F928A6C47F,5.9,6.15,4.5,18.0,0.0,1.0,1.9
PROP-A521F261A71C,4.0,4.25,4.0,18.0,0.0,0.0,0.0
PROP-8D8A6CD108CE,4.0,4.25,3.0,18.0,0.0,0.0,-1.15
PROP-E57C55FE0FCE,4.0,4.25,3.0,18.0,0.0,-0.4,-1.75
PROP-2DDA13289005,6.0,6.25,4.0,19.25,-0.25,-0.5,0.0
PROP-0FA6B0E12A6A,4.0,4.25,4.0,18.0,0.0,0.0,0.0
PROP-63154C080A35,6.25,6.5,4.0,19.5,0.0,0.25,0.0
PROP-66F00B846ADE,6.0,6.25,4.0,19.25,-0.25,-0.5,0.0
PROP-0D42BA65D940,5.9,6.15,4.5,18.0,0.0,1.0,1.9
PROP-9E49FF7E4D72,4.0,4.25,4.0,18.0,0.0,0.0,0.0
PROP-208D8F6F0586,6.5,6.75,4.0,19.5,0.0,0.25,0.5
PROP-FE2BB7B17FF2,6.0,6.25,4.0,19.25,-0.25,-0.5,0.0
PROP-00E0F969C737,6.5,6.75,4.0,19.25,0.0,0.0,0.5
PROP-4310CA2F11EA,4.9,5.15,4.5,18.0,0.0,0.9,0.9
PROP-128549EEE8EC,4.0,4.25,3.5,18.0,0.0,0.0,-0.4
PROP-EECCAE99E582,4.0,4.25,3.0,18.0,0.0,-0.4,-1.75
PROP-F15C7BFABA6B,4.0,4.25,4.0,18.0,0.0,0.0,0.0
PROP-C54CE3DBCD3A,5.15,5.4,4.0,18.5,-0.25,-0.6,-1.35
PROP-D1B3EF65AEF5,5.15,5.4,4.0,18.5,-0.25,-0.6,-1.35
PROP-03CC8C63050C,4.9,5.15,4.5,18.0,0.0,0.9,0.9
PROP-276B4DDF051D,6.5,6.75,4.0,19.25,0.0,0.0,0.5
PROP-E71B4BA6676D,5.9,6.15,4.5,18.0,0.0,1.0,1.9
PROP-498B0714BE38,4.0,4.25,3.0,18.0,0.0,0.0,-1.15
PROP-6B84F2090971,4.0,4.25,3.0,18.0,0.0,-0.4,-1.75
PROP-5FE2D2D0F902,4.0,4.25,4.0,18.0,0.0,0.0,0.0
PROP-50C25554C1A6,4.0,4.25,4.0,18.0,0.0,0.0,0.0
PROP-5074E2780CA2,6.0,6.25,4.0,19.5,0.0,0.0,-0.25
PROP-29795E9F5E52,6.5,6.75,4.0,19.25,0.0,0.0,0.5
PROP-5E56894F11B5,4.9,5.15,4.5,18.0,0.0,0.9,0.9
PROP-123C75EE5635,4.0,4.25,4.0,18.0,0.0,0.0,0.0
PROP-6096132E3EF1,4.0,4.25,3.0,18.0,0.0,0.0,-1.15
PROP-352D26F9F841,5.9,6.15,4.5,18.0,0.0,1.0,1.9
PROP-C54914BCF511,4.0,4.25,3.5,18.0,0.0,0.0,-0.4
PROP-9F4D1085AE7A,5.15,5.4,4.0,18.5,-0.25,-0.6,-1.35
PROP-9D2501217700,6.5,6.75,4.0,19.5,0.0,0.25,0.5
PROP-A0C527B5E34D,4.0,4.25,3.0,18.0,0.0,0.0,-1.15
PROP-897DE4BE72B2,4.0,4.25,4.0,18.0,0.0,0.0,0.0
PROP-5CF8E21F3643,5.15,5.4,4.0,18.25,0.0,0.0,-1.35
PROP-AB355CC44A4C,6.5,6.75,4.0,19.25,0.0,0.0,0.5
PROP-DF10DA21D5E5,6.5,6.75,4.0,19.5,0.0,0.25,0.5
PROP-55F65C378774,4.0,4.25,3.0,18.0,0.0,-0.4,-1.75
PROP-06DC9FDFF72E,6.5,6.75,4.0,19.5,0.0,0.25,0.5
PROP-77451E6F5B2C,4.4,4.65,3.0,18.0,0.0,-0.75,-1.6
PROP-DB830E440504,4.0,4.25,3.0,18.0,0.0,0.0,-1.15
PROP-55C5585D8457,4.0,4.25,3.5,18.0,0.0,0.0,-0.4
PROP-179EBE563529,4.0,4.25,4.0,18.0,0.0,0.0,0.0
PROP-0D6D87717885,5.9,6.15,4.5,18.0,0.0,1.0,1.9
PROP-DCCD0FEEDDD1,4.0,4.25,3.0,18.0,0.0,-0.4,-1.75
PROP-2CDF19BDBF88,4.0,4.25,3.0,18.0,0.0,0.0,-1.15
PROP-D447BD63D263,6.25,6.5,4.0,19.5,0.0,0.25,0.0
PROP-C25F0E1A0074,4.0,4.25,4.0,18.0,0.0,0.0,0.0
PROP-1D22E460C0B7,6.5,6.75,4.0,19.25,0.0,0.0,0.5
PROP-49478D18A36C,4.0,4.25,4.0,18.0,0.0,0.0,0.0
PROP-E5EE63A3358B,4.0,4.25,4.0,18.0,0.0,0.0,0.0
PROP-4603EFF47335,6.0,6.25,4.0,19.5,0.0,0.0,-0.25
PROP-39535B2E0AF0,4.0,4.25,4.0,18.0,0.0,0.0,0.0
PROP-9F10CA6F4D39,6.0,6.25,4.0,19.5,0.0,0.0,-0.25
PROP-FD9057526267,4.0,4.25,3.0,18.0,0.0,-0.4,-1.75
PROP-0214379C903D,4.0,4.25,3.0,18.0,0.0,0.0,-1.15
PROP-D8F1F23742BC,6.0,6.25,4.0,19.25,-0.25,-0.5,0.0
PROP-EA34CB368FA7,4.0,4.25,4.0,18.0,0.0,0.0,0.0
PROP-7796FCDA5A24,4.0,4.25,4.0,18.0,0.0,0.0,0.0
PROP-6D5148E64DB6,4.0,4.25,3.5,18.0,0.0,0.0,-0.4
PROP-754C31FD2CA1,5.75,6.0,4.0,19.0,0.0,-0.25,-0.5
PROP-3C0E5A829380,6.0,6.25,4.0,19.5,0.0,0.0,-0.25
PROP-046B4FE7BC9D,5.15,5.4,4.0,18.5,-0.25,-0.6,-1.35
PROP-A4689A2FC81C,4.0,4.25,3.0,18.0,0.0,0.0,-1.15
PROP-604E69C1275F,4.4,4.65,3.0,18.0,0.0,-0.75,-1.6
PROP-B7B502FD4774,6.5,6.75,4.0,19.5,0.0,0.25,0.5
PROP-52694F2B6A10,4.4,4.65,3.0,18.0,0.0,-0.75,-1.6
PROP-7365D6040A42,6.5,6.75,4.0,19.5,0.0,0.25,0.5
PROP-C30B89369350,4.9,5.15,4.5,18.0,0.0,0.9,0.9
PROP-C1670FD3BB50,6.0,6.25,4.0,19.25,-0.25,-0.5,0.0
PROP-3E6349956114,6.0,6.25,4.0,19.25,-0.25,-0.5,0.0
PROP-662413E429A9,4.0,4.25,3.0,18.0,0.0,0.0,-1.15
PROP-A09EC8D1B1F9,4.0,4.25,3.0,18.0,0.0,0.0,-1.15
PROP-B12699C54CE1,4.0,4.25,3.5,18.0,0.0,0.0,-0.4
PROP-B5FDB5FCB1D2,6.5,6.75,4.0,19.25,0.0,0.0,0.5
PROP-5BEFFB825247,4.0,4.25,3.0,18.0,0.0,0.0,-1.15
PROP-3515085E4CB3,6.5,6.75,4.0,19.25,0.0,0.0,0.5
PROP-2F96079C19EE,4.0,4.25,3.0,18.0,0.0,-0.4,-1.75
PROP-2EDA3471AA05,4.0,4.25,3.0,18.0,0.0,0.0,-1.15
PROP-5EB0864D2BCF,4.0,4.25,3.5,18.0,0.0,0.0,-0.4
PROP-F0AD13B7D9ED,4.9,5.15,4.5,18.0,0.0,0.9,0.9
PROP-9454EBA09317,6.5,6.75,4.0,19.25,0.0,0.0,0.5
PROP-A65021239D1C,6.0,6.25,4.0,19.5,0.0,0.0,-0.25
PROP-7F3BBD08D3B9,5.15,5.4,4.0,18.25,0.0,0.0,-1.35
PROP-8536950C3B6B,4.0,4.25,4.0,18.0,0.0,0.0,0.0
PROP-294F074DAB48,6.5,6.75,4.0,19.5,0.0,0.25,0.5
PROP-B6CC218C1C4C,6.25,6.5,4.0,19.5,0.0,0.25,0.0
PROP-75259561E51F,5.75,6.0,4.0,19.0,0.0,-0.25,-0.5
PROP-F5E568DC9C5F,4.0,4.25,3.0,18.0,0.0,0.0,-1.15
PROP-389401E9E3A6,6.0,6.25,4.0,19.25,-0.25,-0.5,0.0
PROP-A713B2E320FB,5.15,5.4,4.0,18.5,-0.25,-0.6,-1.35
PROP-9482B11F2DD8,5.9,6.15,4.5,18.0,0.0,1.0,1.9
PROP-A42037E18BCB,5.9,6.15,4.5,18.0,0.0,1.0,1.9
PROP-1AAB5EBA1B99,6.0,6.25,4.0,19.5,0.0,0.0,-0.25
PROP-6D210790BA88,4.0,4.25,4.0,18.0,0.0,0.0,0.0
PROP-115B46026AB2,4.0,4.25,3.0,18.0,0.0,0.0,-1.15
PROP-8B946A375F97,5.9,6.15,4.5,18.0,0.0,1.0,1.9
PROP-109D9EF6A683,4.0,4.25,3.0,18.0,0.0,-0.4,-1.75
PROP-22E21F1C4F25,5.15,5.4,4.0,18.5,-0.25,-0.6,-1.35
PROP-21DA658DC433,4.0,4.25,4.0,18.0,0.0,0.0,0.0
PROP-928A38199549,4.0,4.25,4.0,18.0,0.0,0.0,0.0
PROP-B9BD22FD44F3,4.0,4.25,4.0,18.0,0.0,0.0,0.0
PROP-880F2B4C6CEC,5.9,6.15,4.5,18.0,0.0,1.0,1.9
PROP-7E484CA2E011,5.75,6.0,4.0,19.0,0.0,-0.25,-0.5
PROP-E2F90CB494A4,4.9,5.15,4.5,18.0,0.0,0.9,0.9
PROP-22C37EA8FF52,4.9,5.15,4.5,18.0,0.0,0.9,0.9
PROP-428DAB4BC969,6.25,6.5,4.0,19.5,0.0,0.25,0.0
PROP-2930E80D7F63,6.25,6.5,4.0,19.5,0.0,0.25,0.0
PROP-80A8338AE75E,6.25,6.5,4.0,19.5,0.0,0.25,0.0
PROP-F3F4A0D9C202,6.5,6.75,4.0,19.5,0.0,0.25,0.5
PROP-D665C664E4CB,4.0,4.25,4.0,18.0,0.0,0.0,0.0
PROP-6586470C596F,4.0,4.25,3.0,18.0,0.0,-0.4,-1.75
PROP-21BD1D24D768,4.0,4.25,4.0,18.0,0.0,0.0,0.0
PROP-51BE84CE19E9,4.0,4.25,3.0,18.0,0.0,0.0,-1.15
PROP-C04D1A875878,4.0,4.25,3.0,18.0,0.0,-0.4,-1.75
PROP-A704BC0317CA,4.0,4.25,3.0,18.0,0.0,0.0,-1.15
PROP-2E5973593398,4.9,5.15,4.5,18.0,0.0,0.9,0.9
PROP-2C507A5A2B1E,4.0,4.25,4.0,18.0,0.0,0.0,0.0
PROP-2201DA0BD1C0,6.5,6.75,4.0,19.5,0.0,0.25,0.5
PROP-381571FAD2A5,6.0,6.25,4.0,19.25,-0.25,-0.5,0.0
PROP-A5472FA9AB79,5.9,6.15,4.5,18.0,0.0,1.0,1.9
PROP-E27FE26A20CE,4.0,4.25,3.0,18.0,0.0,0.0,-1.15
PROP-7CB387790064,6.0,6.25,4.0,19.5,0.0,0.0,-0.25
PROP-F1161342FA37,6.5,6.75,4.0,19.25,0.0,0.0,0.5
PROP-F03DE076A16D,4.0,4.25,4.0,18.0,0.0,0.0,0.0
PROP-5870562198B2,4.4,4.65,3.0,18.0,0.0,-0.75,-1.6
PROP-1744A8617384,6.5,6.75,4.0,19.5,0.0,0.25,0.5
PROP-5ED88D3422A9,4.0,4.25,3.0,18.0,0.0,0.0,-1.15
PROP-0C7BB1F1CD94,4.0,4.25,4.0,18.0,0.0,0.0,0.0
PROP-9756711B0F5B,4.0,4.25,4.0,18.0,0.0,0.0,0.0
PROP-4848D26357AE,4.0,4.25,4.0,18.0,0.0,0.0,0.0
PROP-6B21DF15A945,4.0,4.25,4.0,18.0,0.0,0.0,0.0
PROP-C0D5A1ECE97E,4.9,5.15,4.5,18.0,0.0,0.9,0.9
PROP-2643C7C22F06,4.9,5.15,4.5,18.0,0.0,0.9,0.9
PROP-7C3415D567B3,5.15,5.4,4.0,18.5,-0.25,-0.6,-1.35
PROP-CF70AA500F96,6.5,6.75,4.0,19.25,0.0,0.0,0.5
PROP-F27B38965FE0,6.0,6.25,4.0,19.5,0.0,0.0,-0.25
PROP-97A553092263,4.0,4.25,3.0,18.0,0.0,0.0,-1.15
PROP-2473212563A6,5.75,6.0,4.0,19.0,0.0,-0.25,-0.5
PROP-9D62B8EDCC70,4.0,4.25,4.0,18.0,0.0,0.0,0.0
PROP-F5680C95C5D5,6.0,6.25,4.0,19.25,-0.25,-0.5,0.0
PROP-F19F1F2CA129,6.0,6.25,4.0,19.25,-0.25,-0.5,0.0
PROP-7F2C7246C152,4.0,4.25,3.0,18.0,0.0,0.0,-1.15
PROP-3099F2D949AC,6.5,6.75,4.0,19.25,0.0,0.0,0.5
PROP-537E90F3410A,4.0,4.25,4.0,18.0,0.0,0.0,0.0
PROP-5A6D410DA311,4.0,4.25,4.0,18.0,0.0,0.0,0.0
PROP-E00317A11B28,4.0,4.25,4.0,18.0,0.0,0.0,0.0
PROP-95870F273A92,4.9,5.15,4.5,18.0,0.0,0.9,0.9
PROP-B999535437ED,4.9,5.15,4.5,18.0,0.0,0.9,0.9
PROP-A48415BFB9F8,4.0,4.25,3.0,18.0,0.0,0.0,-1.15
PROP-15D6B48E03E9,4.0,4.25,4.0,18.0,0.0,0.0,0.0
PROP-423786B1B157,5.15,5.4,4.0,18.5,-0.25,-0.6,-1.35
PROP-DEC8BEA29AE3,4.0,4.25,3.5,18.0,0.0,0.0,-0.4
PROP-B9AF38A7AC8F,6.0,6.25,4.0,19.5,0.0,0.0,-0.25
PROP-213469530213,5.15,5.4,4.0,18.25,0.0,0.0,-1.35
PROP-4C47E1A46710,4.9,5.15,4.5,18.0,0.0,0.9,0.9
PROP-BE2BFF8F01E8,4.0,4.25,4.0,18.0,0.0,0.0,0.0
PROP-650651C4DCAE,5.75,6.0,4.0,19.0,0.0,-0.25,-0.5
PROP-833284BCB354,5.75,6.0,4.0,19.0,0.0,-0.25,-0.5
PROP-1C8C72BAE361,6.5,6.75,4.0,19.25,0.0,0.0,0.5
PROP-43514EBC7DE6,4.9,5.15,4.5,18.0,0.0,0.9,0.9
PROP-7F5790FDCD70,6.25,6.5,4.0,19.5,0.0,0.25,0.0
PROP-7194B6E81329,4.0,4.25,4.0,18.0,0.0,0.0,0.0
PROP-3C1D69C2AAA5,6.0,6.25,4.0,19.25,-0.25,-0.5,0.0
PROP-EDA0DC6C7E90,5.75,6.0,4.0,19.0,0.0,-0.25,-0.5
PROP-F13BD2772448,5.15,5.4,4.0,18.5,-0.25,-0.6,-1.35
PROP-8AAE289D65E9,4.4,4.65,3.0,18.0,0.0,-0.75,-1.6
PROP-E816A6A9C1D6,5.15,5.4,4.0,18.5,-0.25,-0.6,-1.35
PROP-40B0BA65CF31,4.0,4.25,4.0,18.0,0.0,0.0,0.0
PROP-87A48FC49972,5.15,5.4,4.0,18.25,0.0,0.0,-1.35
PROP-56C32952B733,4.0,4.25,4.0,18.0,0.0,0.0,0.0
PROP-A9650611906B,6.5,6.75,4.0,19.5,0.0,0.25,0.5
PROP-DD9B4D37F57F,5.15,5.4,4.0,18.25,0.0,0.0,-1.35
PROP-64DB99630561,4.0,4.25,3.0,18.0,0.0,-0.4,-1.75
PROP-448D7A75396D,4.9,5.15,4.5,18.0,0.0,0.9,0.9
PROP-5272FBD86BEC,4.4,4.65,3.0,18.0,0.0,-0.75,-1.6
PROP-76BED24A163D,6.0,6.25,4.0,19.25,-0.25,-0.5,0.0
PROP-8659C224B645,5.9,6.15,4.5,18.0,0.0,1.0,1.9
PROP-780707846E25,4.0,4.25,4.0,18.0,0.0,0.0,0.0
PROP-BB0F4B5CA04F,5.9,6.15,4.5,18.0,0.0,1.0,1.9
PROP-865A25CD2BAE,4.4,4.65,3.0,18.0,0.0,-0.75,-1.6
PROP-7C36D648AC8F,6.0,6.25,4.0,19.25,-0.25,-0.5,0.0
PROP-FE16FEFD5111,4.0,4.25,3.5,18.0,0.0,0.0,-0.4
PROP-4425D479E477,4.0,4.25,3.0,18.0,0.0,-0.4,-1.75
PROP-0CB0703B76DE,4.0,4.25,3.0,18.0,0.0,-0.4,-1.75
PROP-0FE18B98FCFD,4.0,4.25,3.5,18.0,0.0,0.0,-0.4
PROP-E6C4DA760D71,4.4,4.65,3.0,18.0,0.0,-0.75,-1.6
PROP-7BA4771415DA,4.0,4.25,4.0,18.0,0.0,0.0,0.0
PROP-2110474BD272,4.0,4.25,4.0,18.0,0.0,0.0,0.0
PROP-AF7A5720D98E,4.0,4.25,4.0,18.0,0.0,0.0,0.0
PROP-DEAFF19DE094,4.0,4.25,4.0,18.0,0.0,0.0,0.0
PROP-AD56038EF265,4.0,4.25,3.5,18.0,0.0,0.0,-0.4
PROP-9495FF66C610,5.75,6.0,4.0,19.0,0.0,-0.25,-0.5
PROP-7FABBD3967BF,6.5,6.75,4.0,19.5,0.0,0.25,0.5
PROP-A0A71E4CF9FB,4.0,4.25,3.0,18.0,0.0,0.0,-1.15
PROP-772DD43B5982,5.75,6.0,4.0,19.0,0.0,-0.25,-0.5
PROP-2AD69104CD2D,4.0,4.25,3.0,18.0,0.0,-0.4,-1.75
PROP-63DB1A5B60D8,4.0,4.25,4.0,18.0,0.0,0.0,0.0
PROP-DE189B73B7C3,6.25,6.5,4.0,19.5,0.0,0.25,0.0
PROP-D6BF2046CBC2,6.25,6.5,4.0,19.5,0.0,0.25,0.0
PROP-B5546A6FC8E7,4.4,4.65,3.0,18.0,0.0,-0.75,-1.6
PROP-721F895B8638,4.0,4.25,4.0,18.0,0.0,0.0,0.0
PROP-EDB1FBB94EA5,4.0,4.25,4.0,18.0,0.0,0.0,0.0
PROP-22D8BE20A57C,4.0,4.25,3.0,18.0,0.0,-0.4,-1.75
PROP-65AF371474A2,4.0,4.25,4.0,18.0,0.0,0.0,0.0
PROP-9CB152B35363,6.0,6.25,4.0,19.25,-0.25,-0.5,0.0
PROP-05194C825E6F,6.25,6.5,4.0,19.5,0.0,0.25,0.0
PROP-8A64F9D176A8,5.15,5.4,4.0,18.25,0.0,0.0,-1.35
PROP-52FE3CC775F3,5.15,5.4,4.0,18.25,0.0,0.0,-1.35
PROP-29381761D8F2,6.0,6.25,4.0,19.5,0.0,0.0,-0.25
PROP-5AD9A732E519,6.0,6.25,4.0,19.25,-0.25,-0.5,0.0
PROP-8F85799E9C1B,4.4,4.65,3.0,18.0,0.0,-0.75,-1.6
PROP-FB614926CFFD,4.0,4.25,4.0,18.0,0.0,0.0,0.0
PROP-64104539CF11,4.0,4.25,4.0,18.0,0.0,0.0,0.0
PROP-8EBA48CA90FE,5.75,6.0,4.0,19.0,0.0,-0.25,-0.5
PROP-5345462E8F55,4.0,4.25,3.0,18.0,0.0,-0.4,-1.75
PROP-1011F9890C84,6.0,6.25,4.0,19.5,0.0,0.0,-0.25
PROP-E24F23952DFA,6.25,6.5,4.0,19.5,0.0,0.25,0.0
PROP-1D76ED3D681E,5.15,5.4,4.0,18.25,0.0,0.0,-1.35
PROP-B360EE1B493C,6.0,6.25,4.0,19.25,-0.25,-0.5,0.0
PROP-79B1A052F560,4.9,5.15,4.5,18.0,0.0,0.9,0.9
PROP-37551C38E9AA,4.0,4.25,4.0,18.0,0.0,0.0,0.0
PROP-7B4AA9895A15,6.5,6.75,4.0,19.25,0.0,0.0,0.5
PROP-BA6042D1C977,6.5,6.75,4.0,19.5,0.0,0.25,0.5
PROP-298DAD00551B,4.0,4.25,4.0,18.0,0.0,0.0,0.0
PROP-A04FEA772CC4,4.9,5.15,4.5,18.0,0.0,0.9,0.9
PROP-1310F7F1ADE7,6.25,6.5,4.0,19.5,0.0,0.25,0.0
PROP-AC706A74F4C3,4.0,4.25,4.0,18.0,0.0,0.0,0.0
PROP-28C2C8B920D9,4.0,4.25,4.0,18.0,0.0,0.0,0.0
PROP-D9C45A48E5AD,6.5,6.75,4.0,19.5,0.0,0.25,0.5
PROP-7FE894CF58AF,4.0,4.25,3.0,18.0,0.0,0.0,-1.15
PROP-C89784E31FF8,6.5,6.75,4.0,19.25,0.0,0.0,0.5
PROP-24D578A46172,4.9,5.15,4.5,18.0,0.0,0.9,0.9
PROP-9101BB900DF7,4.0,4.25,3.5,18.0,0.0,0.0,-0.4
PROP-9A0E0EEC9511,4.0,4.25,4.0,18.0,0.0,0.0,0.0
PROP-DFC61ADB8318,6.0,6.25,4.0,19.25,-0.25,-0.5,0.0
PROP-A894A22507B9,4.0,4.25,3.0,18.0,0.0,-0.4,-1.75
PROP-592F5ABD819B,4.0,4.25,3.0,18.0,0.0,-0.4,-1.75
PROP-0DC2EC49750F,5.9,6.15,4.5,18.0,0.0,1.0,1.9
PROP-5986FBD469E6,4.0,4.25,4.0,18.0,0.0,0.0,0.0
PROP-4FA1F93FC1EF,6.5,6.75,4.0,19.25,0.0,0.0,0.5
PROP-09AAA95AA81F,4.0,4.25,4.0,18.0,0.0,0.0,0.0
PROP-49529DAA4D14,6.0,6.25,4.0,19.5,0.0,0.0,-0.25
PROP-DBD5C09F7BA3,6.0,6.25,4.0,19.25,-0.25,-0.5,0.0
PROP-4A08F1A449D9,6.0,6.25,4.0,19.25,-0.25,-0.5,0.0
PROP-E89A87BB3F16,4.0,4.25,3.0,18.0,0.0,-0.4,-1.75
PROP-43AC010AA1F3,4.0,4.25,4.0,18.0,0.0,0.0,0.0
PROP-EFE96F188101,4.0,4.25,4.0,18.0,0.0,0.0,0.0
PROP-3653401DAC8E,4.0,4.25,3.5,18.0,0.0,0.0,-0.4
PROP-0DF57F1FD649,6.5,6.75,4.0,19.25,0.0,0.0,0.5
PROP-9542DFE3456B,6.5,6.75,4.0,19.5,0.0,0.25,0.5
PROP-6FBEA673BE06,6.5,6.75,4.0,19.25,0.0,0.0,0.5
PROP-1222415871CF,5.15,5.4,4.0,18.5,-0.25,-0.6,-1.35
PROP-0E054B1044DA,4.0,4.25,3.0,18.0,0.0,0.0,-1.15
PROP-6EE017024E36,6.5,6.75,4.0,19.5,0.0,0.25,0.5
PROP-B954D99F42CE,4.0,4.25,4.0,18.0,0.0,0.0,0.0
PROP-9185016C4BF3,4.0,4.25,4.0,18.0,0.0,0.0,0.0
PROP-507F9D301D82,6.25,6.5,4.0,19.5,0.0,0.25,0.0
PROP-79791EACB4D4,4.0,4.25,3.0,18.0,0.0,-0.4,-1.75
PROP-26FACE7F2480,4.0,4.25,3.0,18.0,0.0,0.0,-1.15
PROP-0399F9201EC6,5.15,5.4,4.0,18.5,-0.25,-0.6,-1.35
PROP-7094B173966C,4.0,4.25,4.0,18.0,0.0,0.0,0.0
PROP-FB0EC332E6A0,4.0,4.25,4.0,18.0,0.0,0.0,0.0
PROP-71D84147617E,4.4,4.65,3.0,18.0,0.0,-0.75,-1.6
PROP-3DCE7451C532,6.5,6.75,4.0,19.25,0.0,0.0,0.5
PROP-54499C11CCD3,6.25,6.5,4.0,19.5,0.0,0.25,0.0
PROP-C6DE50410754,4.0,4.25,3.0,18.0,0.0,-0.4,-1.75
PROP-5F8D36A9FDE4,4.0,4.25,4.0,18.0,0.0,0.0,0.0
PROP-253688BD2BB1,4.0,4.25,3.5,18.0,0.0,0.0,-0.4
PROP-5F88C1FDBD2B,5.9,6.15,4.5,18.0,0.0,1.0,1.9
PROP-AD9C6784DFCD,6.5,6.75,4.0,19.25,0.0,0.0,0.5
PROP-D32C4E9C55BC,6.25,6.5,4.0,19.5,0.0,0.25,0.0
PROP-71F462FAE2D3,5.15,5.4,4.0,18.25,0.0,0.0,-1.35
PROP-E0B08A6CAB10,4.0,4.25,3.0,18.0,0.0,0.0,-1.15
PROP-E9B6CABE406B,4.0,4.25,4.0,18.0,0.0,0.0,0.0
PROP-63B6AEF420A1,4.0,4.25,4.0,18.0,0.0,0.0,0.0
PROP-1DF54563DF78,6.25,6.5,4.0,19.5,0.0,0.25,0.0
PROP-E556F2C7C7D2,4.0,4.25,3.0,18.0,0.0,-0.4,-1.75
PROP-FFB195820BE2,6.5,6.75,4.0,19.25,0.0,0.0,0.5
PROP-CA108537E695,5.15,5.4,4.0,18.5,-0.25,-0.6,-1.35
PROP-52126A6050D6,4.0,4.25,4.0,18.0,0.0,0.0,0.0
PROP-5EC6C7C8FF6D,4.4,4.65,3.0,18.0,0.0,-0.75,-1.6
PROP-448DCAAA9E39,4.0,4.25,4.0,18.0,0.0,0.0,0.0
PROP-7A62E3C1C519,4.0,4.25,3.0,18.0,0.0,-0.4,-1.75
PROP-E5A775003A8F,5.15,5.4,4.0,18.5,-0.25,-0.6,-1.35
PROP-5CE0B820B272,5.9,6.15,4.5,18.0,0.0,1.0,1.9
PROP-2434BABB67FE,4.0,4.25,3.0,18.0,0.0,0.0,-1.15
PROP-984953EF3C82,4.0,4.25,4.0,18.0,0.0,0.0,0.0
PROP-E7B12EF8B362,4.0,4.25,3.0,18.0,0.0,-0.4,-1.75
PROP-CFE0FD35EEC3,4.0,4.25,3.5,18.0,0.0,0.0,-0.4
PROP-AFE6F0DA633F,5.75,6.0,4.0,19.0,0.0,-0.25,-0.5
PROP-6261F071C536,6.0,6.25,4.0,19.5,0.0,0.0,-0.25
PROP-CE93EADB53AA,5.15,5.4,4.0,18.25,0.0,0.0,-1.35
PROP-948BF96A3DCC,6.5,6.75,4.0,19.25,0.0,0.0,0.5
PROP-552970E2E279,6.25,6.5,4.0,19.5,0.0,0.25,0.0
PROP-8C54E3555C13,4.0,4.25,3.0,18.0,0.0,-0.4,-1.75
PROP-D75431E80D14,4.0,4.25,3.0,18.0,0.0,0.0,-1.15
PROP-263B9B4BA316,4.0,4.25,3.0,18.0,0.0,-0.4,-1.75
PROP-CAF935D58B8C,4.9,5.15,4.5,18.0,0.0,0.9,0.9
PROP-8DF4F38F2680,4.0,4.25,3.5,18.0,0.0,0.0,-0.4
PROP-8359119ED5FD,4.9,5.15,4.5,18.0,0.0,0.9,0.9
PROP-80D297D7DFDF,4.0,4.25,4.0,18.0,0.0,0.0,0.0
PROP-734C66794EA6,4.0,4.25,3.0,18.0,0.0,0.0,-1.15
PROP-402482435062,6.0,6.25,4.0,19.25,-0.25,-0.5,0.0
PROP-9543D6BDA97A,6.0,6.25,4.0,19.5,0.0,0.0,-0.25
PROP-3CCA3774BCFF,6.5,6.75,4.0,19.25,0.0,0.0,0.5
PROP-FCC7CF72DE3F,4.0,4.25,4.0,18.0,0.0,0.0,0.0
PROP-75A9F1B2686F,4.0,4.25,3.5,18.0,0.0,0.0,-0.4
PROP-796D2E771605,4.0,4.25,4.0,18.0,0.0,0.0,0.0
PROP-19C1E47746C4,5.9,6.15,4.5,18.0,0.0,1.0,1.9
PROP-1F69BDE926A7,6.5,6.75,4.0,19.5,0.0,0.25,0.5
PROP-FC787D7FB9FB,5.9,6.15,4.5,18.0,0.0,1.0,1.9
PROP-3EB24FD080E3,4.0,4.25,4.0,18.0,0.0,0.0,0.0
PROP-B835FA6CE1F9,6.25,6.5,4.0,19.5,0.0,0.25,0.0
PROP-B131C8D8000B,4.9,5.15,4.5,18.0,0.0,0.9,0.9
PROP-D027A9662023,6.25,6.5,4.0,19.5,0.0,0.25,0.0
PROP-C08690A4C5D5,4.0,4.25,4.0,18.0,0.0,0.0,0.0
PROP-18D6071BF955,5.9,6.15,4.5,18.0,0.0,1.0,1.9
PROP-A7DB57CB9171,5.15,5.4,4.0,18.5,-0.25,-0.6,-1.35
PROP-B6A6346CEC34,4.4,4.65,3.0,18.0,0.0,-0.75,-1.6
PROP-B985CC793F47,4.0,4.25,3.0,18.0,0.0,0.0,-1.15
PROP-EA542D2B564B,5.75,6.0,4.0,19.0,0.0,-0.25,-0.5
PROP-5F63FA8303D3,6.0,6.25,4.0,19.5,0.0,0.0,-0.25
PROP-BBB34735E0FF,4.0,4.25,4.0,18.0,0.0,0.0,0.0
PROP-A5EC8C13659D,6.5,6.75,4.0,19.25,0.0,0.0,0.5
PROP-A9B943EC9EA4,4.0,4.25,4.0,18.0,0.0,0.0,0.0
PROP-294BD472A360,4.0,4.25,4.0,18.0,0.0,0.0,0.0
PROP-D8A0C765A8A9,4.0,4.25,4.0,18.0,0.0,0.0,0.0
PROP-A05C4429A9FC,4.9,5.15,4.5,18.0,0.0,0.9,0.9
PROP-A9027DFD8360,6.25,6.5,4.0,19.5,0.0,0.25,0.0
PROP-0FCE27D240F2,5.75,6.0,4.0,19.0,0.0,-0.25,-0.5
PROP-18AFA701E787,4.0,4.25,4.0,18.0,0.0,0.0,0.0
PROP-1BF4FC14BBE9,6.5,6.75,4.0,19.25,0.0,0.0,0.5
PROP-7BA0B224E9CC,6.5,6.75,4.0,19.5,0.0,0.25,0.5
PROP-814BEFEECEEE,6.0,6.25,4.0,19.25,-0.25,-0.5,0.0
PROP-29788285818B,4.9,5.15,4.5,18.0,0.0,0.9,0.9
PROP-CE66F113C65A,4.0,4.25,4.0,18.0,0.0,0.0,0.0
PROP-06F40D2EB4E6,4.9,5.15,4.5,18.0,0.0,0.9,0.9
PROP-45A55872E970,4.4,4.65,3.0,18.0,0.0,-0.75,-1.6
PROP-A85BFF7BC828,4.0,4.25,3.0,18.0,0.0,0.0,-1.15
PROP-F889110A8FF0,6.5,6.75,4.0,19.5,0.0,0.25,0.5
PROP-752EF36EDE78,4.0,4.25,4.0,18.0,0.0,0.0,0.0
PROP-022E06FBA686,4.0,4.25,3.0,18.0,0.0,0.0,-1.15
PROP-367C5E64DC48,4.0,4.25,4.0,18.0,0.0,0.0,0.0
PROP-6A817FA83B32,6.0,6.25,4.0,19.25,-0.25,-0.5,0.0
PROP-90A19D3261E3,5.15,5.4,4.0,18.5,-0.25,-0.6,-1.35
PROP-C73A14E41539,6.5,6.75,4.0,19.25,0.0,0.0,0.5
PROP-3455346788A9,4.0,4.25,3.0,18.0,0.0,-0.4,-1.75
PROP-D7B8B9E975A9,5.75,6.0,4.0,19.0,0.0,-0.25,-0.5
PROP-2C66343CACED,4.0,4.25,3.5,18.0,0.0,0.0,-0.4
PROP-6BBEDEB1CAC9,5.15,5.4,4.0,18.25,0.0,0.0,-1.35
PROP-5A0075BB9E74,5.75,6.0,4.0,19.0,0.0,-0.25,-0.5
PROP-BA7072D00936,5.75,6.0,4.0,19.0,0.0,-0.25,-0.5
PROP-3CD2C25E0A02,6.0,6.25,4.0,19.5,0.0,0.0,-0.25
PROP-F8529564B58D,4.0,4.25,3.0,18.0,0.0,-0.4,-1.75
PROP-5E7006C6DE42,4.9,5.15,4.5,18.0,0.0,0.9,0.9
PROP-1BCD38CFDF68,6.5,6.75,4.0,19.25,0.0,0.0,0.5
PROP-88B5AEDD194D,4.0,4.25,4.0,18.0,0.0,0.0,0.0
PROP-A9FC3BDA9ACB,4.0,4.25,3.0,18.0,0.0,0.0,-1.15
PROP-4D9284197838,4.0,4.25,4.0,18.0,0.0,0.0,0.0
PROP-801D6286F1A6,5.15,5.4,4.0,18.5,-0.25,-0.6,-1.35
PROP-298EF8FC8189,5.75,6.0,4.0,19.0,0.0,-0.25,-0.5
PROP-DDAD65AAD387,6.25,6.5,4.0,19.5,0.0,0.25,0.0
PROP-F52FE1CFFC3E,6.5,6.75,4.0,19.5,0.0,0.25,0.5
PROP-AFE4909FB450,4.9,5.15,4.5,18.0,0.0,0.9,0.9
PROP-7F6564DCF7E1,4.0,4.25,4.0,18.0,0.0,0.0,0.0
PROP-ED4B5382AB51,5.9,6.15,4.5,18.0,0.0,1.0,1.9
PROP-36C7E03DF186,4.0,4.25,3.5,18.0,0.0,0.0,-0.4
PROP-BB645E5CDAF5,4.0,4.25,3.5,18.0,0.0,0.0,-0.4
PROP-0B30C0C55117,6.0,6.25,4.0,19.5,0.0,0.0,-0.25
PROP-1E2B52BF512B,5.15,5.4,4.0,18.5,-0.25,-0.6,-1.35
PROP-460AE8F02AA8,4.0,4.25,4.0,18.0,0.0,0.0,0.0
PROP-6C7613BAC130,6.25,6.5,4.0,19.5,0.0,0.25,0.0
PROP-9F1664A21D6B,4.4,4.65,3.0,18.0,0.0,-0.75,-1.6
PROP-AE70E97245A5,6.5,6.75,4.0,19.25,0.0,0.0,0.5
PROP-1A742C9C4D2F,4.0,4.25,3.0,18.0,0.0,0.0,-1.15
PROP-E41A69B6403F,4.0,4.25,4.0,18.0,0.0,0.0,0.0
PROP-43219C5EA321,5.15,5.4,4.0,18.5,-0.25,-0.6,-1.35
PROP-9A3D2CD230F8,6.5,6.75,4.0,19.5,0.0,0.25,0.5
PROP-09608FFFACCF,5.9,6.15,4.5,18.0,0.0,1.0,1.9
PROP-BA3EA4B995BB,4.4,4.65,3.0,18.0,0.0,-0.75,-1.6
PROP-E12D7C0458DF,6.0,6.25,4.0,19.5,0.0,0.0,-0.25
PROP-08CE62CDD3A0,4.0,4.25,4.0,18.0,0.0,0.0,0.0
PROP-654778C330CB,4.9,5.15,4.5,18.0,0.0,0.9,0.9
PROP-C1196520C440,4.0,4.25,3.0,18.0,0.0,0.0,-1.15
PROP-25F80F30CD39,4.0,4.25,3.0,18.0,0.0,0.0,-1.15
PROP-FC70AD4198C3,4.0,4.25,3.0,18.0,0.0,-0.4,-1.75
PROP-1E98DCA691AB,5.15,5.4,4.0,18.5,-0.25,-0.6,-1.35
PROP-89D111158D09,4.0,4.25,3.0,18.0,0.0,0.0,-1.15
PROP-EFBAF416B11C,6.0,6.25,4.0,19.5,0.0,0.0,-0.25
PROP-ED70B03CC96E,5.15,5.4,4.0,18.5,-0.25,-0.6,-1.35
PROP-3E106F3C21C6,4.0,4.25,3.5,18.0,0.0,0.0,-0.4
PROP-CCD8385963A7,4.0,4.25,4.0,18.0,0.0,0.0,0.0
PROP-6BEB2FEA52D4,5.15,5.4,4.0,18.25,0.0,0.0,-1.35
PROP-092906174F59,4.0,4.25,4.0,18.0,0.0,0.0,0.0
PROP-6C52D737B598,4.0,4.25,3.0,18.0,0.0,0.0,-1.15
PROP-DF61EA297030,5.15,5.4,4.0,18.25,0.0,0.0,-1.35
PROP-9EE66F9CA905,5.15,5.4,4.0,18.25,0.0,0.0,-1.35
PROP-D79E90F6F272,4.0,4.25,4.0,18.0,0.0,0.0,0.0
PROP-EA9FCE60AC03,4.0,4.25,3.0,18.0,0.0,0.0,-1.15
PROP-BEEABBD43516,4.0,4.25,3.0,18.0,0.0,0.0,-1.15
PROP-A96C1FA4E85B,4.0,4.25,4.0,18.0,0.0,0.0,0.0
PROP-0EA451FFFEBA,6.0,6.25,4.0,19.5,0.0,0.0,-0.25
PROP-D40DABF9D212,4.0,4.25,4.0,18.0,0.0,0.0,0.0
PROP-8E4E39DB20DA,5.15,5.4,4.0,18.25,0.0,0.0,-1.35
PROP-07602FFD24BF,4.0,4.25,3.0,18.0,0.0,0.0,-1.15
PROP-22835E5F73B0,4.0,4.25,3.0,18.0,0.0,-0.4,-1.75
PROP-60B747548810,4.0,4.25,3.0,18.0,0.0,-0.4,-1.75
PROP-6D6EFFF1C6F0,5.15,5.4,4.0,18.5,-0.25,-0.6,-1.35
PROP-42DA57DD9259,4.0,4.25,3.0,18.0,0.0,-0.4,-1.75
PROP-6246550AA87E,4.0,4.25,4.0,18.0,0.0,0.0,0.0
PROP-836B6576C389,6.0,6.25,4.0,19.5,0.0,0.0,-0.25
PROP-EAC6EC9B9D3B,4.0,4.25,4.0,18.0,0.0,0.0,0.0
PROP-FF667FF5CE1B,5.75,6.0,4.0,19.0,0.0,-0.25,-0.5
PROP-6D1B4ECF18F1,6.5,6.75,4.0,19.25,0.0,0.0,0.5
PROP-6820805C12D8,4.0,4.25,4.0,18.0,0.0,0.0,0.0
PROP-5953EE5FEDCD,4.0,4.25,3.0,18.0,0.0,-0.4,-1.75
PROP-216A158C8EA6,5.15,5.4,4.0,18.5,-0.25,-0.6,-1.35
PROP-CB5E401C3432,4.0,4.25,4.0,18.0,0.0,0.0,0.0
PROP-C73C32B4AFFF,4.0,4.25,3.0,18.0,0.0,0.0,-1.15
PROP-618A7EFB9109,6.5,6.75,4.0,19.5,0.0,0.25,0.5
PROP-F72C149BB211,4.4,4.65,3.0,18.0,0.0,-0.75,-1.6
PROP-D6F6F704AE6B,5.9,6.15,4.5,18.0,0.0,1.0,1.9
PROP-741E946FF0FD,4.0,4.25,4.0,18.0,0.0,0.0,0.0
PROP-DB7BF80869BC,5.15,5.4,4.0,18.5,-0.25,-0.6,-1.35
PROP-6A94EDBBC8CC,6.0,6.25,4.0,19.5,0.0,0.0,-0.25
PROP-5FDFE110A079,4.4,4.65,3.0,18.0,0.0,-0.75,-1.6
PROP-BEBB7848373A,4.0,4.25,4.0,18.0,0.0,0.0,0.0
PROP-D0522726B49B,4.0,4.25,3.5,18.0,0.0,0.0,-0.4
PROP-C9EF24332933,6.5,6.75,4.0,19.25,0.0,0.0,0.5
PROP-0904CA73E6D3,4.0,4.25,3.5,18.0,0.0,0.0,-0.4
PROP-0196141BA038,4.0,4.25,3.5,18.0,0.0,0.0,-0.4
PROP-17AFE0BFDB20,5.9,6.15,4.5,18.0,0.0,1.0,1.9
PROP-E2B8F732376F,4.4,4.65,3.0,18.0,0.0,-0.75,-1.6
PROP-005AEE3C0865,6.5,6.75,4.0,19.25,0.0,0.0,0.5
PROP-950A1847445E,5.15,5.4,4.0,18.25,0.0,0.0,-1.35
PROP-DF06ED64B99F,5.9,6.15,4.5,18.0,0.0,1.0,1.9
PROP-63C1E3879D1B,5.9,6.15,4.5,18.0,0.0,1.0,1.9
PROP-0D3429298765,6.5,6.75,4.0,19.25,0.0,0.0,0.5
PROP-F23A4B0F0828,4.0,4.25,4.0,18.0,0.0,0.0,0.0
PROP-E63981F69ED7,4.0,4.25,3.0,18.0,0.0,0.0,-1.15
PROP-2268B607C7B6,5.9,6.15,4.5,18.0,0.0,1.0,1.9
PROP-694E59BA790E,4.9,5.15,4.5,18.0,0.0,0.9,0.9
PROP-F26DDE4CDD8E,4.0,4.25,3.0,18.0,0.0,0.0,-1.15
PROP-72CB7A610471,5.75,6.0,4.0,19.0,0.0,-0.25,-0.5
PROP-57C6DB6DE479,4.0,4.25,4.0,18.0,0.0,0.0,0.0
PROP-B5CA1506358E,6.5,6.75,4.0,19.25,0.0,0.0,0.5
PROP-F530097FF7C0,4.0,4.25,3.5,18.0,0.0,0.0,-0.4
PROP-8D3F3E26EFF7,4.0,4.25,4.0,18.0,0.0,0.0,0.0
PROP-0C0EF84F5D48,6.25,6.5,4.0,19.5,0.0,0.25,0.0
PROP-873FF3124402,6.25,6.5,4.0,19.5,0.0,0.25,0.0
PROP-467701D09BFF,4.4,4.65,3.0,18.0,0.0,-0.75,-1.6
PROP-BBAB592CD88C,4.0,4.25,3.5,18.0,0.0,0.0,-0.4
PROP-1F59EE7286C9,6.0,6.25,4.0,19.25,-0.25,-0.5,0.0
PROP-7359A7DBCECF,5.15,5.4,4.0,18.5,-0.25,-0.6,-1.35
PROP-EA78B25B0124,4.0,4.25,4.0,18.0,0.0,0.0,0.0
PROP-6E71AFB1BCDF,6.0,6.25,4.0,19.25,-0.25,-0.5,0.0
PROP-1892550EBA4A,5.9,6.15,4.5,18.0,0.0,1.0,1.9
PROP-D5EE6CA0C03D,4.0,4.25,3.0,18.0,0.0,0.0,-1.15
PROP-72786BFF6EAA,5.9,6.15,4.5,18.0,0.0,1.0,1.9
PROP-242A05FE450C,4.0,4.25,3.0,18.0,0.0,0.0,-1.15
PROP-AA245635FFD7,4.9,5.15,4.5,18.0,0.0,0.9,0.9
PROP-EAAE547CF971,6.0,6.25,4.0,19.5,0.0,0.0,-0.25
PROP-C9942F3A869F,4.0,4.25,3.0,18.0,0.0,-0.4,-1.75
PROP-183AE0AF5AE6,5.9,6.15,4.5,18.0,0.0,1.0,1.9
PROP-A654F9381EC1,4.0,4.25,3.0,18.0,0.0,0.0,-1.15
PROP-8EAF457BA50C,6.5,6.75,4.0,19.25,0.0,0.0,0.5
PROP-156038986F72,6.5,6.75,4.0,19.25,0.0,0.0,0.5
PROP-5DD3B9D44EC0,4.0,4.25,3.5,18.0,0.0,0.0,-0.4
PROP-46539ADA8711,6.0,6.25,4.0,19.5,0.0,0.0,-0.25
PROP-BCED8FC78BB9,4.0,4.25,3.5,18.0,0.0,0.0,-0.4
PROP-C9C866B3A021,4.0,4.25,4.0,18.0,0.0,0.0,0.0
PROP-1671EA6A6ECC,4.0,4.25,4.0,18.0,0.0,0.0,0.0
PROP-2875E3529529,5.15,5.4,4.0,18.25,0.0,0.0,-1.35
PROP-871067E9E18A,5.15,5.4,4.0,18.5,-0.25,-0.6,-1.35
PROP-E466B369EF35,6.0,6.25,4.0,19.5,0.0,0.0,-0.25
PROP-01EC622D6A7F,4.0,4.25,3.0,18.0,0.0,0.0,-1.15
PROP-0DBB737BB14E,6.25,6.5,4.0,19.5,0.0,0.25,0.0
PROP-EB83E670AB5E,6.0,6.25,4.0,19.25,-0.25,-0.5,0.0
PROP-1C4BA5FD4FAB,4.0,4.25,3.0,18.0,0.0,-0.4,-1.75
PROP-39ACB425C257,4.0,4.25,4.0,18.0,0.0,0.0,0.0
PROP-A4A17B5B1455,4.0,4.25,4.0,18.0,0.0,0.0,0.0
PROP-C6F3281B4F7A,4.9,5.15,4.5,18.0,0.0,0.9,0.9
PROP-AC35FED5DA5D,4.0,4.25,3.0,18.0,0.0,0.0,-1.15
PROP-3ADD4629DFB1,5.15,5.4,4.0,18.25,0.0,0.0,-1.35
PROP-2431A9D64117,4.0,4.25,4.0,18.0,0.0,0.0,0.0
PROP-8266F9F4DEEA,5.15,5.4,4.0,18.25,0.0,0.0,-1.35
PROP-C95A2211CC8D,6.5,6.75,4.0,19.25,0.0,0.0,0.5
PROP-88EC6AC71795,6.5,6.75,4.0,19.5,0.0,0.25,0.5
PROP-C869E7283940,6.0,6.25,4.0,19.5,0.0,0.0,-0.25
PROP-2D5A27A7D4B6,6.0,6.25,4.0,19.25,-0.25,-0.5,0.0
PROP-7D6476987458,6.25,6.5,4.0,19.5,0.0,0.25,0.0
PROP-DF5E711D6ECF,4.9,5.15,4.5,18.0,0.0,0.9,0.9
PROP-2B663567C646,6.5,6.75,4.0,19.5,0.0,0.25,0.5
PROP-3F1AF9BAA7F0,5.75,6.0,4.0,19.0,0.0,-0.25,-0.5
PROP-84846AC268DF,6.25,6.5,4.0,19.5,0.0,0.25,0.0
PROP-4A0AE1F4DBAC,6.0,6.25,4.0,19.25,-0.25,-0.5,0.0
PROP-2E5933CB3277,4.0,4.25,3.0,18.0,0.0,-0.4,-1.75
PROP-824B8741D892,6.5,6.75,4.0,19.5,0.0,0.25,0.5
PROP-DB3A38867892,5.75,6.0,4.0,19.0,0.0,-0.25,-0.5
PROP-C47E148B3630,6.5,6.75,4.0,19.5,0.0,0.25,0.5
PROP-0878402916DC,4.9,5.15,4.5,18.0,0.0,0.9,0.9
PROP-E2F06CD03379,4.0,4.25,4.0,18.0,0.0,0.0,0.0
PROP-6DCE913D9237,6.0,6.25,4.0,19.5,0.0,0.0,-0.25
PROP-788D3B52CB87,6.0,6.25,4.0,19.25,-0.25,-0.5,0.0
PROP-3AC85FEB37C1,5.15,5.4,4.0,18.25,0.0,0.0,-1.35
PROP-4558DC57971B,4.0,4.25,4.0,18.0,0.0,0.0,0.0
PROP-6A45FDFFD989,4.0,4.25,3.0,18.0,0.0,0.0,-1.15
PROP-51A86547A05A,4.0,4.25,3.0,18.0,0.0,-0.4,-1.75
PROP-530BC60C004D,4.0,4.25,3.5,18.0,0.0,0.0,-0.4
PROP-2DFA024CF1E7,5.15,5.4,4.0,18.25,0.0,0.0,-1.35
PROP-18C92BFE90F7,4.0,4.25,3.0,18.0,0.0,0.0,-1.15
PROP-C74862BA88D2,5.9,6.15,4.5,18.0,0.0,1.0,1.9
PROP-7C0F5916B95F,4.0,4.25,4.0,18.0,0.0,0.0,0.0
PROP-CB035CF82AC6,4.0,4.25,3.0,18.0,0.0,0.0,-1.15
PROP-96DBAC41CB52,4.0,4.25,4.0,18.0,0.0,0.0,0.0
PROP-86BA63285679,4.0,4.25,3.0,18.0,0.0,-0.4,-1.75
PROP-4DE49CBEA63C,6.25,6.5,4.0,19.5,0.0,0.25,0.0
PROP-C0A8F994641B,4.0,4.25,3.5,18.0,0.0,0.0,-0.4
PROP-27EAC7C9F9CC,4.0,4.25,4.0,18.0,0.0,0.0,0.0
PROP-C8B102A61901,4.0,4.25,3.0,18.0,0.0,0.0,-1.15
PROP-FA37531E554D,6.0,6.25,4.0,19.5,0.0,0.0,-0.25
PROP-4E108E499901,5.9,6.15,4.5,18.0,0.0,1.0,1.9
PROP-5BEC3589A7B0,5.15,5.4,4.0,18.25,0.0,0.0,-1.35
PROP-24353AE7FA71,6.25,6.5,4.0,19.5,0.0,0.25,0.0
PROP-C9BB910EE8C9,5.15,5.4,4.0,18.5,-0.25,-0.6,-1.35
PROP-7B833C59484E,6.5,6.75,4.0,19.5,0.0,0.25,0.5
PROP-42F0DF0F380A,4.4,4.65,3.0,18.0,0.0,-0.75,-1.6
PROP-9363E443637E,4.0,4.25,4.0,18.0,0.0,0.0,0.0
PROP-54FB8012675F,4.9,5.15,4.5,18.0,0.0,0.9,0.9
PROP-0E30808B73C8,4.0,4.25,3.0,18.0,0.0,0.0,-1.15
PROP-AFC13BDB7151,4.0,4.25,3.5,18.0,0.0,0.0,-0.4
PROP-D657C5A90A07,5.9,6.15,4.5,18.0,0.0,1.0,1.9
PROP-931822812275,5.75,6.0,4.0,19.0,0.0,-0.25,-0.5
PROP-2D9BF2758015,4.0,4.25,4.0,18.0,0.0,0.0,0.0
PROP-6FEB2FB77572,5.75,6.0,4.0,19.0,0.0,-0.25,-0.5
PROP-96E92D9F6E46,5.15,5.4,4.0,18.25,0.0,0.0,-1.35
PROP-7546924F80F3,4.4,4.65,3.0,18.0,0.0,-0.75,-1.6
PROP-613C41959D23,6.25,6.5,4.0,19.5,0.0,0.25,0.0
PROP-F931D3821ABC,4.0,4.25,3.0,18.0,0.0,-0.4,-1.75
PROP-2E7685F02D07,4.0,4.25,3.0,18.0,0.0,0.0,-1.15
PROP-BF5FA3C716AA,4.0,4.25,3.0,18.0,0.0,-0.4,-1.75
PROP-56FE1372D3B3,6.0,6.25,4.0,19.5,0.0,0.0,-0.25
PROP-C008707789D2,5.15,5.4,4.0,18.5,-0.25,-0.6,-1.35
PROP-3DC6FB5810E4,6.5,6.75,4.0,19.5,0.0,0.25,0.5
PROP-0C2DBCA6971A,4.0,4.25,3.0,18.0,0.0,0.0,-1.15
PROP-537668BE9B9E,4.0,4.25,4.0,18.0,0.0,0.0,0.0
PROP-EA404F05B3EB,4.9,5.15,4.5,18.0,0.0,0.9,0.9
PROP-3243F35F3206,4.4,4.65,3.0,18.0,0.0,-0.75,-1.6
PROP-D88889856C93,4.0,4.25,3.0,18.0,0.0,0.0,-1.15
PROP-DCA7C34C0E7F,4.0,4.25,3.0,18.0,0.0,0.0,-1.15
PROP-C8E3B4FF281A,4.0,4.25,3.0,18.0,0.0,0.0,-1.15
PROP-C0522DF831F1,5.9,6.15,4.5,18.0,0.0,1.0,1.9
PROP-310712061ED0,4.0,4.25,4.0,18.0,0.0,0.0,0.0
PROP-4F693CD6B6D3,4.0,4.25,4.0,18.0,0.0,0.0,0.0
PROP-D1D75D6FC7E3,5.15,5.4,4.0,18.5,-0.25,-0.6,-1.35
PROP-17DDFF1AAD22,6.5,6.75,4.0,19.5,0.0,0.25,0.5
PROP-08778F900B88,4.0,4.25,3.0,18.0,0.0,-0.4,-1.75
PROP-5CB13E359EE0,4.0,4.25,4.0,18.0,0.0,0.0,0.0
PROP-C57518D6E4F2,6.5,6.75,4.0,19.25,0.0,0.0,0.5
PROP-9EE972D06AA4,6.0,6.25,4.0,19.25,-0.25,-0.5,0.0
PROP-F96B2F454B2E,6.5,6.75,4.0,19.25,0.0,0.0,0.5
PROP-EF8693BA30E5,5.75,6.0,4.0,19.0,0.0,-0.25,-0.5
PROP-ABE3C719914F,4.0,4.25,4.0,18.0,0.0,0.0,0.0
PROP-57AAB72237E9,4.0,4.25,4.0,18.0,0.0,0.0,0.0
PROP-BDC06F355845,6.5,6.75,4.0,19.5,0.0,0.25,0.5
PROP-970989903928,6.0,6.25,4.0,19.5,0.0,0.0,-0.25
PROP-C7B4D553BDA3,4.9,5.15,4.5,18.0,0.0,0.9,0.9
PROP-7057CE56B224,6.0,6.25,4.0,19.25,-0.25,-0.5,0.0
PROP-F51E6544E73F,4.4,4.65,3.0,18.0,0.0,-0.75,-1.6
PROP-C1BBF9A4DC93,6.0,6.25,4.0,19.5,0.0,0.0,-0.25
PROP-C1F3A616BD58,6.5,6.75,4.0,19.5,0.0,0.25,0.5
PROP-D509E56DEEDE,6.0,6.25,4.0,19.5,0.0,0.0,-0.25
PROP-4CBC0D280E81,4.9,5.15,4.5,18.0,0.0,0.9,0.9
PROP-71E1D8A2831E,6.5,6.75,4.0,19.25,0.0,0.0,0.5
PROP-5E0381B65097,4.9,5.15,4.5,18.0,0.0,0.9,0.9
PROP-FFFF809035F0,4.0,4.25,3.5,18.0,0.0,0.0,-0.4
PROP-F34EE0749394,6.0,6.25,4.0,19.5,0.0,0.0,-0.25
PROP-F18BA0AC20E5,4.4,4.65,3.0,18.0,0.0,-0.75,-1.6
PROP-1235A4B62F7F,4.0,4.25,4.0,18.0,0.0,0.0,0.0
PROP-265F6065A62B,4.4,4.65,3.0,18.0,0.0,-0.75,-1.6
PROP-801B9737ACE8,4.9,5.15,4.5,18.0,0.0,0.9,0.9
PROP-C4A8979F88C8,5.9,6.15,4.5,18.0,0.0,1.0,1.9
PROP-030D6F17F56F,6.0,6.25,4.0,19.25,-0.25,-0.5,0.0
PROP-F6EDD9FBE622,6.5,6.75,4.0,19.25,0.0,0.0,0.5
PROP-6A230ADA3DB1,4.0,4.25,3.5,18.0,0.0,0.0,-0.4
PROP-37A7AF501952,6.5,6.75,4.0,19.25,0.0,0.0,0.5
PROP-5C476FD9D8CA,5.75,6.0,4.0,19.0,0.0,-0.25,-0.5
PROP-DD74D62D3824,5.15,5.4,4.0,18.25,0.0,0.0,-1.35
PROP-B9E79801AC25,5.75,6.0,4.0,19.0,0.0,-0.25,-0.5
PROP-EDB850C15F79,5.9,6.15,4.5,18.0,0.0,1.0,1.9
PROP-AFBBFC314645,4.0,4.25,3.5,18.0,0.0,0.0,-0.4
PROP-89D3E2292157,5.75,6.0,4.0,19.0,0.0,-0.25,-0.5
PROP-44BB0887A215,6.25,6.5,4.0,19.5,0.0,0.25,0.0
PROP-B77CD21D3A02,4.0,4.25,3.0,18.0,0.0,-0.4,-1.75
PROP-C93D6852E786,6.5,6.75,4.0,19.25,0.0,0.0,0.5
PROP-2AD0D5A97BF4,6.0,6.25,4.0,19.25,-0.25,-0.5,0.0
PROP-A42E29004DCF,5.75,6.0,4.0,19.0,0.0,-0.25,-0.5
PROP-85243D62F9B7,4.4,4.65,3.0,18.0,0.0,-0.75,-1.6
PROP-1FD2F0A90C91,4.4,4.65,3.0,18.0,0.0,-0.75,-1.6
PROP-A37351823C90,5.15,5.4,4.0,18.5,-0.25,-0.6,-1.35
PROP-B15A20E3DFEC,6.25,6.5,4.0,19.5,0.0,0.25,0.0
PROP-E09B1B1FC27E,6.25,6.5,4.0,19.5,0.0,0.25,0.0
PROP-4E66A3F05B32,4.0,4.25,3.0,18.0,0.0,0.0,-1.15
PROP-39317188A697,5.15,5.4,4.0,18.25,0.0,0.0,-1.35
PROP-A79BAE478D1E,6.0,6.25,4.0,19.5,0.0,0.0,-0.25
PROP-35177998957E,6.5,6.75,4.0,19.25,0.0,0.0,0.5
PROP-8E9F7FF26CDF,4.0,4.25,4.0,18.0,0.0,0.0,0.0
PROP-CB5E81791AE0,6.5,6.75,4.0,19.25,0.0,0.0,0.5
PROP-55C21CE97CAC,4.0,4.25,4.0,18.0,0.0,0.0,0.0
PROP-084877D5C645,5.15,5.4,4.0,18.5,-0.25,-0.6,-1.35
PROP-EEDA5567AB9E,6.25,6.5,4.0,19.5,0.0,0.25,0.0
PROP-FCE339E064FB,5.15,5.4,4.0,18.25,0.0,0.0,-1.35
PROP-15C561EC0550,4.0,4.25,4.0,18.0,0.0,0.0,0.0
PROP-67DB637FC72C,4.0,4.25,3.5,18.0,0.0,0.0,-0.4
PROP-F6FD7809D0D8,6.5,6.75,4.0,19.25,0.0,0.0,0.5
PROP-F00ADA6A3B92,5.15,5.4,4.0,18.25,0.0,0.0,-1.35
PROP-D39BFC6250A3,4.9,5.15,4.5,18.0,0.0,0.9,0.9
PROP-F6F509EEA1FB,4.0,4.25,3.0,18.0,0.0,0.0,-1.15
PROP-E8FD47AAC5FD,4.0,4.25,3.0,18.0,0.0,0.0,-1.15
PROP-0E0CD9E256FD,4.0,4.25,3.0,18.0,0.0,0.0,-1.15
PROP-A9FBDF84D171,4.0,4.25,4.0,18.0,0.0,0.0,0.0
PROP-AC6CE62D11B5,4.0,4.25,3.0,18.0,0.0,-0.4,-1.75
PROP-2EB6FBDFD110,6.25,6.5,4.0,19.5,0.0,0.25,0.0
PROP-22C5A3DAC4D0,6.5,6.75,4.0,19.25,0.0,0.0,0.5
PROP-BD722FD72DD6,4.0,4.25,3.0,18.0,0.0,-0.4,-1.75
PROP-EADFC919555C,6.0,6.25,4.0,19.25,-0.25,-0.5,0.0
PROP-13F63E60DDB0,5.75,6.0,4.0,19.0,0.0,-0.25,-0.5
PROP-550E1BD5115D,5.15,5.4,4.0,18.5,-0.25,-0.6,-1.35
PROP-0E7C227600CD,4.0,4.25,4.0,18.0,0.0,0.0,0.0
PROP-88ACB6B53E2B,4.9,5.15,4.5,18.0,0.0,0.9,0.9
PROP-6B90FC7061FF,4.4,4.65,3.0,18.0,0.0,-0.75,-1.6
PROP-1C622574C260,4.4,4.65,3.0,18.0,0.0,-0.75,-1.6
PROP-E068F5574F3C,6.25,6.5,4.0,19.5,0.0,0.25,0.0
PROP-519AD628DFB5,4.0,4.25,4.0,18.0,0.0,0.0,0.0
PROP-64C688A7A6C5,5.15,5.4,4.0,18.25,0.0,0.0,-1.35
PROP-C41CB5CFEAC4,4.0,4.25,3.5,18.0,0.0,0.0,-0.4
PROP-008EC0BC0666,4.4,4.65,3.0,18.0,0.0,-0.75,-1.6
PROP-1531873D1ADD,4.0,4.25,4.0,18.0,0.0,0.0,0.0
PROP-A3A9F7319866,5.15,5.4,4.0,18.5,-0.25,-0.6,-1.35
PROP-672EAE8798C4,4.4,4.65,3.0,18.0,0.0,-0.75,-1.6
PROP-F820496469FA,5.15,5.4,4.0,18.25,0.0,0.0,-1.35
PROP-562A079BAA96,4.0,4.25,3.0,18.0,0.0,-0.4,-1.75
PROP-BD439C0A5386,4.4,4.65,3.0,18.0,0.0,-0.75,-1.6
PROP-86ACBBB2F6AC,6.5,6.75,4.0,19.5,0.0,0.25,0.5
PROP-672A1F3BC17E,4.0,4.25,3.5,18.0,0.0,0.0,-0.4
PROP-302599185AAC,5.9,6.15,4.5,18.0,0.0,1.0,1.9
PROP-D8574AA61360,4.0,4.25,3.0,18.0,0.0,0.0,-1.15
PROP-BB9B3BCCAFF6,4.0,4.25,4.0,18.0,0.0,0.0,0.0
PROP-46281DB8B160,6.5,6.75,4.0,19.5,0.0,0.25,0.5
PROP-4CCB4248EC26,6.25,6.5,4.0,19.5,0.0,0.25,0.0
PROP-3F2E9DFC4B8B,4.0,4.25,3.0,18.0,0.0,-0.4,-1.75
PROP-12F4CBB64C31,4.0,4.25,4.0,18.0,0.0,0.0,0.0
PROP-D121BBADE671,6.25,6.5,4.0,19.5,0.0,0.25,0.0
PROP-DBDC36B7366C,4.4,4.65,3.0,18.0,0.0,-0.75,-1.6
PROP-B69EDA3E587D,4.0,4.25,3.0,18.0,0.0,0.0,-1.15
PROP-6A6661FAF1EB,5.15,5.4,4.0,18.25,0.0,0.0,-1.35
PROP-ABF4EFD55576,6.25,6.5,4.0,19.5,0.0,0.25,0.0
PROP-85B2BE1AFA9C,4.0,4.25,3.0,18.0,0.0,0.0,-1.15
PROP-BE988E24ECEC,4.0,4.25,3.5,18.0,0.0,0.0,-0.4
PROP-2F42F3D73BBA,4.0,4.25,4.0,18.0,0.0,0.0,0.0
PROP-8AC73E8EDAF8,5.15,5.4,4.0,18.25,0.0,0.0,-1.35
PROP-B9EF2832A354,6.5,6.75,4.0,19.25,0.0,0.0,0.5
PROP-315FDB33771C,5.9,6.15,4.5,18.0,0.0,1.0,1.9
PROP-158809CFCE3B,4.9,5.15,4.5,18.0,0.0,0.9,0.9
PROP-39C69B507DAF,5.75,6.0,4.0,19.0,0.0,-0.25,-0.5
PROP-6E1CEB85EA10,6.0,6.25,4.0,19.25,-0.25,-0.5,0.0
PROP-CCBAB0D44868,6.5,6.75,4.0,19.5,0.0,0.25,0.5
PROP-D07DBB411B4C,6.0,6.25,4.0,19.25,-0.25,-0.5,0.0
PROP-949775F7D76F,6.5,6.75,4.0,19.25,0.0,0.0,0.5
PROP-4D8A8223C5AF,4.0,4.25,3.0,18.0,0.0,-0.4,-1.75
PROP-5077EB5A4744,4.4,4.65,3.0,18.0,0.0,-0.75,-1.6
PROP-A3525A29B082,5.15,5.4,4.0,18.25,0.0,0.0,-1.35
PROP-42B6F4146A57,4.9,5.15,4.5,18.0,0.0,0.9,0.9
PROP-F6AFFB2C1CAF,5.15,5.4,4.0,18.25,0.0,0.0,-1.35
PROP-E99896D3AD1C,6.5,6.75,4.0,19.25,0.0,0.0,0.5
PROP-5425F574E202,4.0,4.25,4.0,18.0,0.0,0.0,0.0
PROP-85B295249755,5.15,5.4,4.0,18.25,0.0,0.0,-1.35
PROP-30630E02ABBF,4.9,5.15,4.5,18.0,0.0,0.9,0.9
PROP-B6BF9CA6F30E,4.0,4.25,4.0,18.0,0.0,0.0,0.0
PROP-8DA9CBB65E93,4.9,5.15,4.5,18.0,0.0,0.9,0.9
PROP-652F8C12F693,6.0,6.25,4.0,19.25,-0.25,-0.5,0.0
PROP-6E2FD2362270,5.9,6.15,4.5,18.0,0.0,1.0,1.9
PROP-CD65ED955CAE,4.0,4.25,3.0,18.0,0.0,0.0,-1.15
PROP-147F151C4E16,4.0,4.25,4.0,18.0,0.0,0.0,0.0
PROP-A515AA16CC44,6.5,6.75,4.0,19.25,0.0,0.0,0.5
PROP-B0E4FD100E30,4.0,4.25,3.0,18.0,0.0,-0.4,-1.75
PROP-97E019CE4F63,4.0,4.25,4.0,18.0,0.0,0.0,0.0
PROP-CF5854087866,4.0,4.25,3.0,18.0,0.0,-0.4,-1.75
PROP-D6DC5A5DAF34,5.9,6.15,4.5,18.0,0.0,1.0,1.9
PROP-2C2D6F72142B,5.15,5.4,4.0,18.25,0.0,0.0,-1.35
PROP-65C218B7914D,4.0,4.25,3.0,18.0,0.0,0.0,-1.15
PROP-94D5EE4F32D5,4.4,4.65,3.0,18.0,0.0,-0.75,-1.6
PROP-7D5D7D762AC1,6.5,6.75,4.0,19.5,0.0,0.25,0.5
PROP-0AE25E60EC37,4.4,4.65,3.0,18.0,0.0,-0.75,-1.6
PROP-E706123FFC7E,5.75,6.0,4.0,19.0,0.0,-0.25,-0.5
PROP-9F9735DD1945,4.0,4.25,4.0,18.0,0.0,0.0,0.0
PROP-F31D14F37FDC,6.5,6.75,4.0,19.5,0.0,0.25,0.5
PROP-61668ECF231F,6.5,6.75,4.0,19.5,0.0,0.25,0.5
PROP-750F50618F1C,5.75,6.0,4.0,19.0,0.0,-0.25,-0.5
PROP-E7338603DF34,4.0,4.25,4.0,18.0,0.0,0.0,0.0
PROP-4566E3F36596,6.25,6.5,4.0,19.5,0.0,0.25,0.0
PROP-C5621C295539,4.0,4.25,4.0,18.0,0.0,0.0,0.0
PROP-EF63C58FA3DF,6.0,6.25,4.0,19.5,0.0,0.0,-0.25
PROP-CA4A037F8554,5.75,6.0,4.0,19.0,0.0,-0.25,-0.5
PROP-7ABD81EE685E,4.0,4.25,4.0,18.0,0.0,0.0,0.0
PROP-5601E116DBD2,4.0,4.25,4.0,18.0,0.0,0.0,0.0
PROP-DBE598F3206D,4.0,4.25,3.0,18.0,0.0,0.0,-1.15
PROP-BFF2A6B98742,5.15,5.4,4.0,18.5,-0.25,-0.6,-1.35
PROP-101CE30C996C,6.0,6.25,4.0,19.5,0.0,0.0,-0.25
PROP-2CCA33A58C7F,4.9,5.15,4.5,18.0,0.0,0.9,0.9
PROP-74CBCD6EAC82,6.0,6.25,4.0,19.25,-0.25,-0.5,0.0
PROP-5CC094684A5D,4.0,4.25,4.0,18.0,0.0,0.0,0.0
PROP-450D76B79792,4.0,4.25,4.0,18.0,0.0,0.0,0.0
PROP-E07C28872715,5.75,6.0,4.0,19.0,0.0,-0.25,-0.5
PROP-4C1BCAD817DB,6.0,6.25,4.0,19.25,-0.25,-0.5,0.0
PROP-5070F2632016,5.15,5.4,4.0,18.5,-0.25,-0.6,-1.35
PROP-21F8813F33C9,6.5,6.75,4.0,19.5,0.0,0.25,0.5
PROP-985EC3C35604,5.15,5.4,4.0,18.5,-0.25,-0.6,-1.35
PROP-107E367F7D54,4.0,4.25,3.0,18.0,0.0,-0.4,-1.75
PROP-DEE2C3329428,5.75,6.0,4.0,19.0,0.0,-0.25,-0.5
PROP-278907261831,6.5,6.75,4.0,19.25,0.0,0.0,0.5
PROP-F1C12B8B2CF5,5.15,5.4,4.0,18.5,-0.25,-0.6,-1.35
PROP-91117A4B25DB,6.5,6.75,4.0,19.25,0.0,0.0,0.5
PROP-DF15B66EDC2E,4.4,4.65,3.0,18.0,0.0,-0.75,-1.6
PROP-F3F1E211012F,4.0,4.25,3.5,18.0,0.0,0.0,-0.4
PROP-C8E8EC644737,4.0,4.25,4.0,18.0,0.0,0.0,0.0
PROP-BF7542ECB9A8,5.15,5.4,4.0,18.25,0.0,0.0,-1.35
PROP-5DD0259F63AA,5.9,6.15,4.5,18.0,0.0,1.0,1.9
PROP-31F0500C626F,5.9,6.15,4.5,18.0,0.0,1.0,1.9
PROP-6D5972D6F99E,4.0,4.25,3.0,18.0,0.0,0.0,-1.15
PROP-4290185D5158,6.0,6.25,4.0,19.25,-0.25,-0.5,0.0
PROP-572FF7D91B44,6.0,6.25,4.0,19.25,-0.25,-0.5,0.0
PROP-0FAB90A61B36,5.9,6.15,4.5,18.0,0.0,1.0,1.9
PROP-0CD0BFA9798D,4.0,4.25,3.5,18.0,0.0,0.0,-0.4
PROP-B9781698BE6B,5.15,5.4,4.0,18.25,0.0,0.0,-1.35
PROP-F69F1C43F889,4.0,4.25,3.5,18.0,0.0,0.0,-0.4
PROP-3C483C7F5E0D,4.0,4.25,4.0,18.0,0.0,0.0,0.0
PROP-490720C49B4A,6.5,6.75,4.0,19.5,0.0,0.25,0.5
PROP-6E732D01E8F2,4.0,4.25,3.0,18.0,0.0,0.0,-1.15
PROP-A3E68BE43A4F,6.0,6.25,4.0,19.25,-0.25,-0.5,0.0
PROP-2E110D2F92DC,4.0,4.25,3.5,18.0,0.0,0.0,-0.4
PROP-8BC24A7BA42F,6.5,6.75,4.0,19.5,0.0,0.25,0.5
PROP-6C7CF61A6ADE,6.25,6.5,4.0,19.5,0.0,0.25,0.0
PROP-A31B02AEA6DD,4.0,4.25,3.0,18.0,0.0,0.0,-1.15
PROP-D5C44AF9B556,4.0,4.25,4.0,18.0,0.0,0.0,0.0
PROP-3621E705ACB1,4.0,4.25,3.5,18.0,0.0,0.0,-0.4
PROP-1BF300FCF57B,4.0,4.25,4.0,18.0,0.0,0.0,0.0
PROP-2AEA9790CCFD,4.0,4.25,4.0,18.0,0.0,0.0,0.0
PROP-1263EACFBBB4,4.0,4.25,4.0,18.0,0.0,0.0,0.0
PROP-40C869CB34EB,5.15,5.4,4.0,18.25,0.0,0.0,-1.35
PROP-A849C48D7E5A,4.0,4.25,3.5,18.0,0.0,0.0,-0.4
PROP-A4953794C080,4.0,4.25,4.0,18.0,0.0,0.0,0.0
PROP-B50FA0834DE1,5.15,5.4,4.0,18.5,-0.25,-0.6,-1.35
PROP-9C827417E3C3,4.0,4.25,4.0,18.0,0.0,0.0,0.0
PROP-A3B2D37160CF,4.4,4.65,3.0,18.0,0.0,-0.75,-1.6
PROP-A72222C2D20A,4.0,4.25,3.0,18.0,0.0,-0.4,-1.75
PROP-7EC31A018F29,6.0,6.25,4.0,19.25,-0.25,-0.5,0.0
PROP-4F0BEC9DA444,6.0,6.25,4.0,19.5,0.0,0.0,-0.25
PROP-31793EEA82B9,4.0,4.25,3.0,18.0,0.0,0.0,-1.15
PROP-E51C52BFAEFE,4.0,4.25,3.0,18.0,0.0,0.0,-1.15
PROP-02BF59BCA951,6.5,6.75,4.0,19.25,0.0,0.0,0.5
PROP-3173D5A3E0EE,4.0,4.25,4.0,18.0,0.0,0.0,0.0
PROP-54B3CBDD5D24,4.0,4.25,4.0,18.0,0.0,0.0,0.0
PROP-237816B20E85,6.5,6.75,4.0,19.5,0.0,0.25,0.5
PROP-240B89CA1B07,4.0,4.25,3.0,18.0,0.0,0.0,-1.15
PROP-F872C60A1136,5.9,6.15,4.5,18.0,0.0,1.0,1.9
PROP-13599D639320,4.0,4.25,4.0,18.0,0.0,0.0,0.0
PROP-6862CB4AAFCB,4.0,4.25,4.0,18.0,0.0,0.0,0.0
PROP-0355CEC668C1,6.5,6.75,4.0,19.25,0.0,0.0,0.5
PROP-B7AE263F923D,5.15,5.4,4.0,18.25,0.0,0.0,-1.35
PROP-B96700D95328,4.9,5.15,4.5,18.0,0.0,0.9,0.9
PROP-8AE55DE0D0F6,4.0,4.25,4.0,18.0,0.0,0.0,0.0
PROP-C0C64C7DF852,5.75,6.0,4.0,19.0,0.0,-0.25,-0.5
PROP-6F36685F8CCB,4.4,4.65,3.0,18.0,0.0,-0.75,-1.6
PROP-039A8B25F4EA,6.0,6.25,4.0,19.5,0.0,0.0,-0.25
PROP-A2769CBFEFBC,4.0,4.25,4.0,18.0,0.0,0.0,0.0
PROP-1A4CDD2DDB50,6.0,6.25,4.0,19.25,-0.25,-0.5,0.0
PROP-9B9083DB7CBF,5.9,6.15,4.5,18.0,0.0,1.0,1.9
PROP-5A44F7E5462D,6.5,6.75,4.0,19.5,0.0,0.25,0.5
PROP-7E0764BCF2E9,4.9,5.15,4.5,18.0,0.0,0.9,0.9
PROP-E431893D0ABC,4.9,5.15,4.5,18.0,0.0,0.9,0.9
PROP-A7AAC2C15413,5.75,6.0,4.0,19.0,0.0,-0.25,-0.5
PROP-ECC8BBDE1589,4.0,4.25,4.0,18.0,0.0,0.0,0.0
PROP-367B51021F39,4.9,5.15,4.5,18.0,0.0,0.9,0.9
PROP-266CDD65CB86,6.25,6.5,4.0,19.5,0.0,0.25,0.0
PROP-E81AF0605341,4.0,4.25,4.0,18.0,0.0,0.0,0.0
PROP-34ECF0DEED8B,4.4,4.65,3.0,18.0,0.0,-0.75,-1.6
PROP-D080D8FA1858,6.25,6.5,4.0,19.5,0.0,0.25,0.0
PROP-7BD3165EF0DB,6.5,6.75,4.0,19.25,0.0,0.0,0.5
PROP-B0FE72A9797D,4.0,4.25,3.0,18.0,0.0,-0.4,-1.75
PROP-515005E56999,5.9,6.15,4.5,18.0,0.0,1.0,1.9
PROP-CA1E3B26429C,4.0,4.25,4.0,18.0,0.0,0.0,0.0
PROP-A589C49535AF,6.0,6.25,4.0,19.5,0.0,0.0,-0.25
PROP-1CB6B1085252,4.0,4.25,3.0,18.0,0.0,0.0,-1.15
PROP-BFEFB88D9CA7,4.0,4.25,3.0,18.0,0.0,0.0,-1.15
PROP-DFAA29CA30E2,4.0,4.25,4.0,18.0,0.0,0.0,0.0
PROP-29550F67D764,6.5,6.75,4.0,19.5,0.0,0.25,0.5
PROP-BA524F8E263B,4.0,4.25,4.0,18.0,0.0,0.0,0.0
PROP-479BA7B2DF44,4.0,4.25,4.0,18.0,0.0,0.0,0.0
PROP-105504683235,5.75,6.0,4.0,19.0,0.0,-0.25,-0.5
PROP-1140570945C8,4.9,5.15,4.5,18.0,0.0,0.9,0.9
PROP-994EAC3D4F0F,4.0,4.25,3.0,18.0,0.0,0.0,-1.15
PROP-AA9BD4BF552D,6.0,6.25,4.0,19.25,-0.25,-0.5,0.0
PROP-A41A09764492,4.0,4.25,4.0,18.0,0.0,0.0,0.0
PROP-FA6E9EAD5B2F,6.25,6.5,4.0,19.5,0.0,0.25,0.0
PROP-7DD04A3B7F42,4.0,4.25,4.0,18.0,0.0,0.0,0.0
PROP-44D826A43921,4.0,4.25,3.5,18.0,0.0,0.0,-0.4
PROP-0B44127B64F5,5.15,5.4,4.0,18.5,-0.25,-0.6,-1.35
PROP-ECE19441DA46,4.0,4.25,3.0,18.0,0.0,-0.4,-1.75
PROP-1AC77F7B40C2,4.0,4.25,4.0,18.0,0.0,0.0,0.0
PROP-06EA2CE80834,4.0,4.25,4.0,18.0,0.0,0.0,0.0
PROP-CE017AAD7CE4,4.0,4.25,3.5,18.0,0.0,0.0,-0.4
PROP-1A24C0E5CB68,6.0,6.25,4.0,19.25,-0.25,-0.5,0.0
PROP-9B96417993B0,4.0,4.25,4.0,18.0,0.0,0.0,0.0
PROP-3B582245C17A,6.0,6.25,4.0,19.25,-0.25,-0.5,0.0
PROP-B698E95424D6,6.5,6.75,4.0,19.25,0.0,0.0,0.5
PROP-3F60AE666BFD,4.4,4.65,3.0,18.0,0.0,-0.75,-1.6
PROP-23A9AD464CE9,4.9,5.15,4.5,18.0,0.0,0.9,0.9
PROP-877166A82F6D,6.5,6.75,4.0,19.25,0.0,0.0,0.5
PROP-A8DCEE5F2118,6.5,6.75,4.0,19.5,0.0,0.25,0.5
PROP-5AC58C83FC11,4.9,5.15,4.5,18.0,0.0,0.9,0.9
PROP-37A8B164D4E2,4.0,4.25,4.0,18.0,0.0,0.0,0.0
PROP-5AEAD86D50F0,5.75,6.0,4.0,19.0,0.0,-0.25,-0.5
PROP-64F31904D823,4.4,4.65,3.0,18.0,0.0,-0.75,-1.6
PROP-5C04ACCE8106,6.5,6.75,4.0,19.25,0.0,0.0,0.5
PROP-E92E0DE2BDCA,4.0,4.25,3.0,18.0,0.0,0.0,-1.15
PROP-3DDDE73F3508,5.9,6.15,4.5,18.0,0.0,1.0,1.9
PROP-F444C790B2ED,4.9,5.15,4.5,18.0,0.0,0.9,0.9
PROP-C9D20255B3E4,5.9,6.15,4.5,18.0,0.0,1.0,1.9
PROP-057C53E12530,4.4,4.65,3.0,18.0,0.0,-0.75,-1.6
PROP-FFC247458F23,4.0,4.25,3.0,18.0,0.0,0.0,-1.15
PROP-2990654B01A6,6.5,6.75,4.0,19.5,0.0,0.25,0.5
PROP-EC834C2CEBD3,4.0,4.25,4.0,18.0,0.0,0.0,0.0
PROP-0322C225B890,4.0,4.25,4.0,18.0,0.0,0.0,0.0
PROP-91343BFBC7A1,4.0,4.25,3.0,18.0,0.0,0.0,-1.15
PROP-65CAA75ED580,4.4,4.65,3.0,18.0,0.0,-0.75,-1.6
PROP-F7BD20B9E94B,4.0,4.25,4.0,18.0,0.0,0.0,0.0
PROP-CC0910D5F944,5.9,6.15,4.5,18.0,0.0,1.0,1.9
PROP-5FEA26E1F8E7,6.0,6.25,4.0,19.5,0.0,0.0,-0.25
PROP-E3192A20A0F8,4.0,4.25,4.0,18.0,0.0,0.0,0.0
PROP-99D79ED4424B,4.0,4.25,4.0,18.0,0.0,0.0,0.0
PROP-710A96DF2414,4.9,5.15,4.5,18.0,0.0,0.9,0.9
PROP-5FA7BF953DE2,5.75,6.0,4.0,19.0,0.0,-0.25,-0.5
PROP-D17E1E36DF80,5.15,5.4,4.0,18.5,-0.25,-0.6,-1.35
PROP-1AB189587AE8,4.0,4.25,3.0,18.0,0.0,0.0,-1.15
PROP-1445B1510222,6.0,6.25,4.0,19.25,-0.25,-0.5,0.0
PROP-DF3F4ABCA0F7,6.5,6.75,4.0,19.25,0.0,0.0,0.5
PROP-305DE33C611B,6.0,6.25,4.0,19.25,-0.25,-0.5,0.0
PROP-5523F082ACE1,4.0,4.25,4.0,18.0,0.0,0.0,0.0
PROP-2599E11222D9,5.9,6.15,4.5,18.0,0.0,1.0,1.9
PROP-6BC609E7170F,4.4,4.65,3.0,18.0,0.0,-0.75,-1.6
PROP-0878E585B1A9,5.9,6.15,4.5,18.0,0.0,1.0,1.9
PROP-EE21C4D1D494,6.0,6.25,4.0,19.5,0.0,0.0,-0.25
PROP-B1E41F40EB7A,4.4,4.65,3.0,18.0,0.0,-0.75,-1.6
PROP-A0A73146BC83,5.15,5.4,4.0,18.5,-0.25,-0.6,-1.35
PROP-DCF882B9B9C6,4.0,4.25,4.0,18.0,0.0,0.0,0.0
PROP-7ED359D21A31,6.0,6.25,4.0,19.25,-0.25,-0.5,0.0
PROP-268DE93A4E32,6.5,6.75,4.0,19.25,0.0,0.0,0.5
PROP-9DC539863D5D,4.0,4.25,3.5,18.0,0.0,0.0,-0.4
PROP-00B4DB525446,4.0,4.25,3.5,18.0,0.0,0.0,-0.4
PROP-301379DDF0B9,6.0,6.25,4.0,19.5,0.0,0.0,-0.25
PROP-A4B044ED7892,6.5,6.75,4.0,19.5,0.0,0.25,0.5
PROP-A22A9677D709,6.25,6.5,4.0,19.5,0.0,0.25,0.0
PROP-960EBEA13796,6.5,6.75,4.0,19.25,0.0,0.0,0.5
PROP-19F2497D85FC,5.15,5.4,4.0,18.5,-0.25,-0.6,-1.35
PROP-19333CF21BC5,4.0,4.25,4.0,18.0,0.0,0.0,0.0
PROP-604CF2B37A28,6.5,6.75,4.0,19.5,0.0,0.25,0.5
PROP-2FBE82968F33,4.0,4.25,4.0,18.0,0.0,0.0,0.0
PROP-FD23D29A1312,4.0,4.25,3.5,18.0,0.0,0.0,-0.4
PROP-5FC940C35230,4.0,4.25,4.0,18.0,0.0,0.0,0.0
PROP-045AC2D368C2,4.0,4.25,4.0,18.0,0.0,0.0,0.0
PROP-7D726F5C01D0,4.0,4.25,3.0,18.0,0.0,0.0,-1.15
PROP-1DD629345153,4.0,4.25,4.0,18.0,0.0,0.0,0.0
PROP-9C5D0CF6F00F,5.9,6.15,4.5,18.0,0.0,1.0,1.9
PROP-ACA59E57A790,6.5,6.75,4.0,19.25,0.0,0.0,0.5
PROP-A3FE6F3CE89B,5.75,6.0,4.0,19.0,0.0,-0.25,-0.5
PROP-C0E79EC724C0,4.0,4.25,3.0,18.0,0.0,-0.4,-1.75
PROP-E9AAC78AC6E1,6.0,6.25,4.0,19.25,-0.25,-0.5,0.0
PROP-4EEAF2CC05EA,4.0,4.25,4.0,18.0,0.0,0.0,0.0
PROP-443CD5B243F3,5.15,5.4,4.0,18.5,-0.25,-0.6,-1.35
PROP-B17F65AB5206,5.15,5.4,4.0,18.25,0.0,0.0,-1.35
PROP-CDECEAB30043,5.9,6.15,4.5,18.0,0.0,1.0,1.9
PROP-2A15AD4E1B8A,4.0,4.25,4.0,18.0,0.0,0.0,0.0
PROP-EB957F6A6F4B,4.4,4.65,3.0,18.0,0.0,-0.75,-1.6
PROP-4D0BD012832F,4.0,4.25,4.0,18.0,0.0,0.0,0.0
PROP-067A30B5AEB4,4.0,4.25,3.0,18.0,0.0,-0.4,-1.75
PROP-AB8077BA565F,4.0,4.25,4.0,18.0,0.0,0.0,0.0
PROP-C2722A1C7AD6,4.0,4.25,4.0,18.0,0.0,0.0,0.0
PROP-5146F09E9289,6.5,6.75,4.0,19.5,0.0,0.25,0.5
PROP-85239FFFB8FB,4.0,4.25,4.0,18.0,0.0,0.0,0.0
PROP-69C631F7658B,4.9,5.15,4.5,18.0,0.0,0.9,0.9
PROP-5EF4F369C56C,5.75,6.0,4.0,19.0,0.0,-0.25,-0.5
PROP-3599A478476B,6.5,6.75,4.0,19.25,0.0,0.0,0.5
PROP-172D759DFDFC,6.5,6.75,4.0,19.5,0.0,0.25,0.5
PROP-9DE292DE328B,4.0,4.25,3.0,18.0,0.0,0.0,-1.15
PROP-F3FAA251AFC1,4.0,4.25,4.0,18.0,0.0,0.0,0.0
PROP-C73C496C9096,4.0,4.25,4.0,18.0,0.0,0.0,0.0
PROP-1740362CB327,6.0,6.25,4.0,19.5,0.0,0.0,-0.25
PROP-792638196EB0,4.0,4.25,3.5,18.0,0.0,0.0,-0.4
PROP-7E6F0A521874,4.0,4.25,3.0,18.0,0.0,0.0,-1.15
PROP-8D31F2C1C163,6.0,6.25,4.0,19.25,-0.25,-0.5,0.0
PROP-6C5123387DF2,6.0,6.25,4.0,19.25,-0.25,-0.5,0.0
PROP-55A75DBFA6E0,4.0,4.25,4.0,18.0,0.0,0.0,0.0
PROP-03E134651F84,4.9,5.15,4.5,18.0,0.0,0.9,0.9
PROP-460BD2EF6CE7,6.0,6.25,4.0,19.5,0.0,0.0,-0.25
PROP-2B38961974B3,4.0,4.25,4.0,18.0,0.0,0.0,0.0
PROP-981F49F10623,4.0,4.25,3.0,18.0,0.0,0.0,-1.15
PROP-6A4739EA54F0,4.0,4.25,4.0,18.0,0.0,0.0,0.0
PROP-C87384CAF7AE,4.0,4.25,3.0,18.0,0.0,-0.4,-1.75
PROP-7229DED203AA,4.4,4.65,3.0,18.0,0.0,-0.75,-1.6
PROP-EDCF31724A30,4.0,4.25,3.0,18.0,0.0,0.0,-1.15
PROP-8BA0D544D49D,5.15,5.4,4.0,18.25,0.0,0.0,-1.35
PROP-EB70ADED95C3,4.0,4.25,4.0,18.0,0.0,0.0,0.0
PROP-68DC1E0D614A,6.0,6.25,4.0,19.5,0.0,0.0,-0.25
PROP-24202C129204,6.5,6.75,4.0,19.5,0.0,0.25,0.5
PROP-3BCBCA8109BD,4.0,4.25,3.0,18.0,0.0,0.0,-1.15
PROP-4CD39F7589D6,5.75,6.0,4.0,19.0,0.0,-0.25,-0.5
PROP-5B02BAD0FBAB,4.4,4.65,3.0,18.0,0.0,-0.75,-1.6
PROP-97A540820529,6.0,6.25,4.0,19.5,0.0,0.0,-0.25
PROP-6998C3C1CE18,5.9,6.15,4.5,18.0,0.0,1.0,1.9
PROP-117CBD2A0D7A,4.0,4.25,3.0,18.0,0.0,-0.4,-1.75
PROP-960842B906B3,6.5,6.75,4.0,19.25,0.0,0.0,0.5
PROP-799B06DB5A35,4.0,4.25,4.0,18.0,0.0,0.0,0.0
PROP-B6B3F36ED978,6.25,6.5,4.0,19.5,0.0,0.25,0.0
PROP-D8253EB4AC8F,4.0,4.25,3.5,18.0,0.0,0.0,-0.4
PROP-3FA2B8C7F0E7,5.15,5.4,4.0,18.25,0.0,0.0,-1.35
PROP-DC53B5E472A1,4.4,4.65,3.0,18.0,0.0,-0.75,-1.6
PROP-B7C9C7CC3779,6.0,6.25,4.0,19.25,-0.25,-0.5,0.0
PROP-250622635EFD,4.9,5.15,4.5,18.0,0.0,0.9,0.9
PROP-0250141F812D,5.75,6.0,4.0,19.0,0.0,-0.25,-0.5
PROP-FBE3EEC98283,4.0,4.25,3.0,18.0,0.0,0.0,-1.15
PROP-54F192FF7605,5.15,5.4,4.0,18.5,-0.25,-0.6,-1.35
PROP-F2DC6DA78555,6.0,6.25,4.0,19.5,0.0,0.0,-0.25
PROP-9B2DA08A0EF3,4.9,5.15,4.5,18.0,0.0,0.9,0.9
PROP-5DA096198089,4.0,4.25,3.5,18.0,0.0,0.0,-0.4
PROP-971F60B3B92C,6.0,6.25,4.0,19.25,-0.25,-0.5,0.0
PROP-38DCE0D49D38,5.15,5.4,4.0,18.5,-0.25,-0.6,-1.35
PROP-580709C8DBB3,4.0,4.25,4.0,18.0,0.0,0.0,0.0
PROP-451F92303EEA,6.25,6.5,4.0,19.5,0.0,0.25,0.0
PROP-C1FEF6C68486,5.15,5.4,4.0,18.5,-0.25,-0.6,-1.35
PROP-4777FDD87DFE,6.0,6.25,4.0,19.25,-0.25,-0.5,0.0
PROP-F1256A31867E,6.0,6.25,4.0,19.25,-0.25,-0.5,0.0
PROP-3DE6C26A0B5F,5.75,6.0,4.0,19.0,0.0,-0.25,-0.5
PROP-D4348BD02041,4.0,4.25,3.0,18.0,0.0,-0.4,-1.75
PROP-0BDB5BB61A8A,5.15,5.4,4.0,18.5,-0.25,-0.6,-1.35
PROP-2925CED35DF3,4.0,4.25,4.0,18.0,0.0,0.0,0.0
PROP-1BA1C801EAF5,4.0,4.25,4.0,18.0,0.0,0.0,0.0
PROP-82D4CDFBE7BE,4.0,4.25,4.0,18.0,0.0,0.0,0.0
PROP-0D0F7181809D,6.0,6.25,4.0,19.25,-0.25,-0.5,0.0
PROP-C064403DEDD7,4.4,4.65,3.0,18.0,0.0,-0.75,-1.6
PROP-DCD2CFFABB73,4.0,4.25,4.0,18.0,0.0,0.0,0.0
PROP-A9BCCF053E17,5.9,6.15,4.5,18.0,0.0,1.0,1.9
PROP-3742950FC789,5.9,6.15,4.5,18.0,0.0,1.0,1.9
PROP-6C61F5B2E4F4,4.0,4.25,4.0,18.0,0.0,0.0,0.0
PROP-C57941DE3209,4.0,4.25,4.0,18.0,0.0,0.0,0.0
PROP-6F5DBF45CEF7,4.0,4.25,4.0,18.0,0.0,0.0,0.0
PROP-AE86F7CAE2D9,4.4,4.65,3.0,18.0,0.0,-0.75,-1.6
PROP-C522714F875C,4.0,4.25,3.0,18.0,0.0,-0.4,-1.75
PROP-B0F598494545,6.0,6.25,4.0,19.25,-0.25,-0.5,0.0
PROP-9369EB4D93C6,5.75,6.0,4.0,19.0,0.0,-0.25,-0.5
PROP-7664C34E3368,4.0,4.25,3.0,18.0,0.0,0.0,-1.15
PROP-B2EB2B562CC7,6.25,6.5,4.0,19.5,0.0,0.25,0.0
PROP-C85DBD65B403,4.0,4.25,3.0,18.0,0.0,0.0,-1.15
PROP-5F67C1118161,5.15,5.4,4.0,18.25,0.0,0.0,-1.35
PROP-BCBA2FCF0CCD,4.4,4.65,3.0,18.0,0.0,-0.75,-1.6
PROP-045838DEA504,5.9,6.15,4.5,18.0,0.0,1.0,1.9
PROP-C59287905A57,5.9,6.15,4.5,18.0,0.0,1.0,1.9
PROP-187473C41319,6.25,6.5,4.0,19.5,0.0,0.25,0.0
PROP-55D9EA4F4B3A,4.0,4.25,3.0,18.0,0.0,-0.4,-1.75
PROP-878900334E84,4.0,4.25,3.0,18.0,0.0,0.0,-1.15
PROP-A36EDB5CAB7D,4.0,4.25,4.0,18.0,0.0,0.0,0.0
PROP-A2BE012E8515,5.15,5.4,4.0,18.5,-0.25,-0.6,-1.35
PROP-DF3DEFE6ED01,4.0,4.25,3.5,18.0,0.0,0.0,-0.4
PROP-208A11B73E61,6.0,6.25,4.0,19.25,-0.25,-0.5,0.0
PROP-3A3B9B5F681D,4.0,4.25,4.0,18.0,0.0,0.0,0.0
PROP-05D62C0BABC5,4.0,4.25,3.0,18.0,0.0,-0.4,-1.75
PROP-B3CC69C6B7DF,4.0,4.25,3.0,18.0,0.0,-0.4,-1.75
PROP-80F20CEDBC6E,4.0,4.25,4.0,18.0,0.0,0.0,0.0
PROP-CA45D6B14F7E,5.75,6.0,4.0,19.0,0.0,-0.25,-0.5
PROP-4E343946F0F4,4.0,4.25,3.5,18.0,0.0,0.0,-0.4
PROP-79EC22542F09,4.0,4.25,4.0,18.0,0.0,0.0,0.0
PROP-AB4C8C0F636D,4.0,4.25,3.0,18.0,0.0,0.0,-1.15
PROP-74DD9DE240CD,4.0,4.25,4.0,18.0,0.0,0.0,0.0
PROP-395E2BF0974B,6.5,6.75,4.0,19.25,0.0,0.0,0.5
PROP-DE360E7517B9,6.0,6.25,4.0,19.5,0.0,0.0,-0.25
PROP-CDCCB58799C0,6.0,6.25,4.0,19.25,-0.25,-0.5,0.0
PROP-15D696CFB222,5.75,6.0,4.0,19.0,0.0,-0.25,-0.5
PROP-CD1612C7C32D,6.0,6.25,4.0,19.5,0.0,0.0,-0.25
PROP-CB5B3DED5327,4.0,4.25,3.0,18.0,0.0,0.0,-1.15
PROP-A56978A38B8B,5.15,5.4,4.0,18.5,-0.25,-0.6,-1.35
PROP-8313F057A6AB,4.0,4.25,4.0,18.0,0.0,0.0,0.0
PROP-CDACA3396B93,4.0,4.25,3.0,18.0,0.0,0.0,-1.15
PROP-FDE673A1C901,4.0,4.25,4.0,18.0,0.0,0.0,0.0
PROP-E339553485E1,4.0,4.25,4.0,18.0,0.0,0.0,0.0
PROP-FADF7788D583,4.0,4.25,4.0,18.0,0.0,0.0,0.0
PROP-671E61ECCDDC,6.25,6.5,4.0,19.5,0.0,0.25,0.0
PROP-00EE4AED2070,4.0,4.25,3.0,18.0,0.0,0.0,-1.15
PROP-5ACC5E984C55,6.25,6.5,4.0,19.5,0.0,0.25,0.0
PROP-63B7C3FD0FDD,5.9,6.15,4.5,18.0,0.0,1.0,1.9
PROP-C07D4FB024D2,5.15,5.4,4.0,18.25,0.0,0.0,-1.35
PROP-C0B3F4FACB13,6.5,6.75,4.0,19.5,0.0,0.25,0.5
PROP-656A522EE0E7,6.5,6.75,4.0,19.25,0.0,0.0,0.5
PROP-621337FF97D1,6.25,6.5,4.0,19.5,0.0,0.25,0.0
PROP-D5A48BDFBAFF,6.5,6.75,4.0,19.25,0.0,0.0,0.5
PROP-492B0398D20E,4.0,4.25,4.0,18.0,0.0,0.0,0.0
PROP-3273328F228B,5.75,6.0,4.0,19.0,0.0,-0.25,-0.5
PROP-EFB8AAC9C52A,5.15,5.4,4.0,18.5,-0.25,-0.6,-1.35
PROP-BDCECBD47489,6.25,6.5,4.0,19.5,0.0,0.25,0.0
PROP-781F513F407E,4.0,4.25,4.0,18.0,0.0,0.0,0.0
PROP-4E911D7BD8D4,4.0,4.25,4.0,18.0,0.0,0.0,0.0
PROP-F7B01061AB69,4.4,4.65,3.0,18.0,0.0,-0.75,-1.6
PROP-264C802A4643,5.75,6.0,4.0,19.0,0.0,-0.25,-0.5
PROP-DD7269A00BD4,4.0,4.25,3.0,18.0,0.0,0.0,-1.15
PROP-1DBF98998BFE,4.0,4.25,3.0,18.0,0.0,0.0,-1.15
PROP-F5A2AFD192F9,5.15,5.4,4.0,18.25,0.0,0.0,-1.35
PROP-76EA36312D03,4.0,4.25,3.5,18.0,0.0,0.0,-0.4
PROP-C48EC02BFFE4,4.0,4.25,3.0,18.0,0.0,0.0,-1.15
PROP-7B10A4934193,6.5,6.75,4.0,19.5,0.0,0.25,0.5
PROP-ED282A90561A,4.0,4.25,4.0,18.0,0.0,0.0,0.0
PROP-BB32C938B362,4.0,4.25,3.5,18.0,0.0,0.0,-0.4
PROP-A4A41593AD47,4.4,4.65,3.0,18.0,0.0,-0.75,-1.6
PROP-5FD79ABED8E1,4.0,4.25,4.0,18.0,0.0,0.0,0.0
PROP-818155CA8D80,4.0,4.25,4.0,18.0,0.0,0.0,0.0
PROP-0FDA2C554D42,6.0,6.25,4.0,19.25,-0.25,-0.5,0.0
PROP-4C290BE30EDE,4.9,5.15,4.5,18.0,0.0,0.9,0.9
PROP-F01BE4219C93,5.15,5.4,4.0,18.25,0.0,0.0,-1.35
PROP-28B48F87AB5A,4.9,5.15,4.5,18.0,0.0,0.9,0.9
PROP-378FE9943E3B,5.15,5.4,4.0,18.5,-0.25,-0.6,-1.35
PROP-6FA82AA99343,6.5,6.75,4.0,19.25,0.0,0.0,0.5
PROP-076E708EFCE7,5.75,6.0,4.0,19.0,0.0,-0.25,-0.5
PROP-508119321EE8,6.0,6.25,4.0,19.5,0.0,0.0,-0.25
PROP-A6DB399ACA17,5.75,6.0,4.0,19.0,0.0,-0.25,-0.5
PROP-C96D058A7B02,5.9,6.15,4.5,18.0,0.0,1.0,1.9
PROP-DA3E9F3AF91B,5.15,5.4,4.0,18.5,-0.25,-0.6,-1.35
PROP-7049AAB10299,4.0,4.25,3.0,18.0,0.0,-0.4,-1.75
PROP-D49B057A6B3B,6.5,6.75,4.0,19.25,0.0,0.0,0.5
PROP-BA59AACC42A0,5.15,5.4,4.0,18.5,-0.25,-0.6,-1.35
PROP-50799A4A6C5E,4.0,4.25,3.0,18.0,0.0,-0.4,-1.75
PROP-55AF3B254E3C,5.15,5.4,4.0,18.25,0.0,0.0,-1.35
PROP-C343F246B697,5.15,5.4,4.0,18.5,-0.25,-0.6,-1.35
PROP-1BC46DECDE93,4.0,4.25,3.0,18.0,0.0,0.0,-1.15
PROP-253683CEDD18,4.0,4.25,4.0,18.0,0.0,0.0,0.0
PROP-DC392F35BD24,4.0,4.25,3.0,18.0,0.0,-0.4,-1.75
PROP-E10A5446834F,4.0,4.25,4.0,18.0,0.0,0.0,0.0
PROP-BF6F409AEBFA,5.75,6.0,4.0,19.0,0.0,-0.25,-0.5
PROP-C39554E422B4,4.0,4.25,4.0,18.0,0.0,0.0,0.0
PROP-42ACF433F33D,4.9,5.15,4.5,18.0,0.0,0.9,0.9
PROP-A20A42A8625F,5.15,5.4,4.0,18.25,0.0,0.0,-1.35
PROP-A1645B8654D0,5.9,6.15,4.5,18.0,0.0,1.0,1.9
PROP-DD8349026BAD,4.0,4.25,3.5,18.0,0.0,0.0,-0.4
PROP-70EB87C3544A,4.0,4.25,3.0,18.0,0.0,0.0,-1.15
PROP-651C190D46FE,5.75,6.0,4.0,19.0,0.0,-0.25,-0.5
PROP-49C306D17CF4,4.9,5.15,4.5,18.0,0.0,0.9,0.9
PROP-FB2CA3DA536F,5.15,5.4,4.0,18.5,-0.25,-0.6,-1.35
PROP-97FBEF2F30C9,5.15,5.4,4.0,18.5,-0.25,-0.6,-1.35
PROP-845A2A7F2486,6.5,6.75,4.0,19.25,0.0,0.0,0.5
PROP-A595FF517B62,4.0,4.25,3.0,18.0,0.0,0.0,-1.15
PROP-E5565442016D,5.15,5.4,4.0,18.5,-0.25,-0.6,-1.35
PROP-7515AFE2AD95,4.0,4.25,3.0,18.0,0.0,-0.4,-1.75
PROP-2AB9BBCD1BA5,5.75,6.0,4.0,19.0,0.0,-0.25,-0.5
PROP-4CD3B75EA120,4.0,4.25,4.0,18.0,0.0,0.0,0.0
PROP-E9C129E01479,4.0,4.25,3.0,18.0,0.0,-0.4,-1.75
PROP-F5875FA71117,5.15,5.4,4.0,18.25,0.0,0.0,-1.35
PROP-F77649641B35,6.0,6.25,4.0,19.5,0.0,0.0,-0.25
PROP-5184760301A0,5.75,6.0,4.0,19.0,0.0,-0.25,-0.5
PROP-CBFF31D0E51A,4.0,4.25,4.0,18.0,0.0,0.0,0.0
PROP-157DBD0859D8,4.0,4.25,3.0,18.0,0.0,-0.4,-1.75
PROP-16F919FD0937,4.0,4.25,3.0,18.0,0.0,0.0,-1.15
PROP-B0E9559AB6DB,5.9,6.15,4.5,18.0,0.0,1.0,1.9
PROP-56B0AE26AFC2,4.0,4.25,4.0,18.0,0.0,0.0,0.0
PROP-0FCAB3EB039D,4.0,4.25,3.0,18.0,0.0,0.0,-1.15
PROP-DF231404F805,6.0,6.25,4.0,19.5,0.0,0.0,-0.25
PROP-F6FCBB289559,4.0,4.25,4.0,18.0,0.0,0.0,0.0
PROP-E6FF9E13C5D8,4.0,4.25,3.0,18.0,0.0,0.0,-1.15
PROP-258A497C1F9A,4.0,4.25,4.0,18.0,0.0,0.0,0.0
PROP-CEC5D1DF0021,4.0,4.25,3.5,18.0,0.0,0.0,-0.4
PROP-4ECF68C89E49,4.0,4.25,3.5,18.0,0.0,0.0,-0.4
PROP-CD14D54807DB,6.0,6.25,4.0,19.25,-0.25,-0.5,0.0
PROP-016FFD1C122B,5.9,6.15,4.5,18.0,0.0,1.0,1.9
PROP-CC410B7E07BD,4.4,4.65,3.0,18.0,0.0,-0.75,-1.6
PROP-A69789E00995,4.0,4.25,4.0,18.0,0.0,0.0,0.0
PROP-D2D36183D9BA,4.0,4.25,3.0,18.0,0.0,0.0,-1.15
PROP-2F2084C25F87,6.0,6.25,4.0,19.5,0.0,0.0,-0.25
PROP-63B02E2B6F16,5.15,5.4,4.0,18.5,-0.25,-0.6,-1.35
PROP-898BF4F04732,4.4,4.65,3.0,18.0,0.0,-0.75,-1.6
PROP-D41E89B8C0D9,4.0,4.25,3.0,18.0,0.0,0.0,-1.15
PROP-B1CE820F8073,5.15,5.4,4.0,18.25,0.0,0.0,-1.35
PROP-0E436CC01F75,5.75,6.0,4.0,19.0,0.0,-0.25,-0.5
PROP-89DB5C955770,4.0,4.25,4.0,18.0,0.0,0.0,0.0
PROP-CC4A04D94FF0,4.0,4.25,3.0,18.0,0.0,0.0,-1.15
PROP-04FF2270BFF0,4.4,4.65,3.0,18.0,0.0,-0.75,-1.6
PROP-4FC936DF52E0,4.0,4.25,3.5,18.0,0.0,0.0,-0.4
PROP-2881C654070A,5.9,6.15,4.5,18.0,0.0,1.0,1.9
PROP-C36AF2A7880F,4.0,4.25,4.0,18.0,0.0,0.0,0.0
PROP-4BB0E61F5F60,5.15,5.4,4.0,18.5,-0.25,-0.6,-1.35
PROP-E29D629583AB,4.0,4.25,4.0,18.0,0.0,0.0,0.0
PROP-A8CED0BBBA64,6.5,6.75,4.0,19.25,0.0,0.0,0.5
PROP-F00AE04E6F23,4.0,4.25,3.0,18.0,0.0,-0.4,-1.75
PROP-8ADD8FCC4510,6.25,6.5,4.0,19.5,0.0,0.25,0.0
PROP-6DF5280D0DDA,4.0,4.25,4.0,18.0,0.0,0.0,0.0
PROP-5C3C3417BFD8,5.15,5.4,4.0,18.25,0.0,0.0,-1.35
PROP-D7BA85E3AF7D,6.25,6.5,4.0,19.5,0.0,0.25,0.0
PROP-85AE75716AFE,4.0,4.25,3.0,18.0,0.0,0.0,-1.15
PROP-F5746A1CF282,4.0,4.25,3.0,18.0,0.0,0.0,-1.15
PROP-23EDD4460354,6.5,6.75,4.0,19.5,0.0,0.25,0.5
PROP-8E2BB7626A55,4.0,4.25,4.0,18.0,0.0,0.0,0.0
PROP-AFB5153F0914,5.9,6.15,4.5,18.0,0.0,1.0,1.9
PROP-49102F1284E4,6.25,6.5,4.0,19.5,0.0,0.25,0.0
PROP-4B85EE245DE9,4.0,4.25,3.5,18.0,0.0,0.0,-0.4
PROP-140A583DC9E9,4.0,4.25,3.0,18.0,0.0,0.0,-1.15
PROP-72F029F617F1,6.5,6.75,4.0,19.5,0.0,0.25,0.5
PROP-0A7AA3C4817D,4.9,5.15,4.5,18.0,0.0,0.9,0.9
PROP-01521F78DB4E,5.15,5.4,4.0,18.5,-0.25,-0.6,-1.35
PROP-676C58C2BC0E,4.0,4.25,4.0,18.0,0.0,0.0,0.0
PROP-B84DB00BA1A2,6.5,6.75,4.0,19.5,0.0,0.25,0.5
PROP-473A6EB7D34C,4.4,4.65,3.0,18.0,0.0,-0.75,-1.6
PROP-EC6AD2AC7ED3,5.15,5.4,4.0,18.5,-0.25,-0.6,-1.35
PROP-3B92F6F14B60,4.0,4.25,4.0,18.0,0.0,0.0,0.0
PROP-5D320F7FBB15,4.9,5.15,4.5,18.0,0.0,0.9,0.9
PROP-48BD97DC15BC,6.0,6.25,4.0,19.25,-0.25,-0.5,0.0
PROP-E521E9380B1A,4.0,4.25,4.0,18.0,0.0,0.0,0.0
PROP-BF3EE91B3685,6.25,6.5,4.0,19.5,0.0,0.25,0.0
PROP-C81C482E8DBA,4.9,5.15,4.5,18.0,0.0,0.9,0.9
PROP-9AFE824D460F,5.9,6.15,4.5,18.0,0.0,1.0,1.9
PROP-DA2CFD19577C,5.75,6.0,4.0,19.0,0.0,-0.25,-0.5
PROP-308319A38177,4.0,4.25,4.0,18.0,0.0,0.0,0.0
PROP-7943E12603DE,4.0,4.25,4.0,18.0,0.0,0.0,0.0
PROP-1234DBC5A7DB,6.5,6.75,4.0,19.25,0.0,0.0,0.5
PROP-C8D4C2511FF7,6.0,6.25,4.0,19.5,0.0,0.0,-0.25
PROP-FAA96398FD90,6.5,6.75,4.0,19.25,0.0,0.0,0.5
PROP-0F8511993A29,6.0,6.25,4.0,19.25,-0.25,-0.5,0.0
PROP-D2AC4DFA1C46,5.75,6.0,4.0,19.0,0.0,-0.25,-0.5
PROP-85525BF30BC5,6.25,6.5,4.0,19.5,0.0,0.25,0.0
PROP-E7AFCFFFF12C,4.0,4.25,3.0,18.0,0.0,0.0,-1.15
PROP-BCCB4AC191B0,4.4,4.65,3.0,18.0,0.0,-0.75,-1.6
PROP-248BF857ECDB,5.75,6.0,4.0,19.0,0.0,-0.25,-0.5
PROP-71485F03A905,5.9,6.15,4.5,18.0,0.0,1.0,1.9
PROP-C1CA172DB56F,6.0,6.25,4.0,19.25,-0.25,-0.5,0.0
PROP-08142B2DFC66,6.0,6.25,4.0,19.5,0.0,0.0,-0.25
PROP-94DF5E9CBD2F,5.9,6.15,4.5,18.0,0.0,1.0,1.9
PROP-F75828ED24E4,4.0,4.25,3.0,18.0,0.0,0.0,-1.15
PROP-BC23CBA8EB08,6.25,6.5,4.0,19.5,0.0,0.25,0.0
PROP-3B81AF689DF6,6.25,6.5,4.0,19.5,0.0,0.25,0.0
PROP-3D5DAACB3A3B,4.0,4.25,4.0,18.0,0.0,0.0,0.0
PROP-0D2DDF75A316,6.0,6.25,4.0,19.5,0.0,0.0,-0.25
PROP-82EF1BB7B08F,4.4,4.65,3.0,18.0,0.0,-0.75,-1.6
PROP-A0B5DF2002AF,4.0,4.25,3.0,18.0,0.0,0.0,-1.15
PROP-442C169970A5,6.5,6.75,4.0,19.5,0.0,0.25,0.5
PROP-E0FA33A38AE7,5.15,5.4,4.0,18.5,-0.25,-0.6,-1.35
PROP-C41684EEAA6A,6.25,6.5,4.0,19.5,0.0,0.25,0.0
PROP-9A8EBA23A698,5.15,5.4,4.0,18.5,-0.25,-0.6,-1.35
PROP-367B62AD49A1,5.9,6.15,4.5,18.0,0.0,1.0,1.9
PROP-4C22985A6D6D,4.0,4.25,3.0,18.0,0.0,-0.4,-1.75
PROP-E030E458A81F,6.5,6.75,4.0,19.5,0.0,0.25,0.5
PROP-4A88A58BFFF4,4.0,4.25,3.5,18.0,0.0,0.0,-0.4
PROP-64A9933E4584,6.0,6.25,4.0,19.5,0.0,0.0,-0.25
PROP-0E7E9F18A0AA,6.0,6.25,4.0,19.25,-0.25,-0.5,0.0
PROP-549DBB48BD9C,4.0,4.25,3.5,18.0,0.0,0.0,-0.4
PROP-198A5F0ACE25,4.9,5.15,4.5,18.0,0.0,0.9,0.9
PROP-68C2FD19FC66,4.4,4.65,3.0,18.0,0.0,-0.75,-1.6
PROP-2394FD255807,4.0,4.25,4.0,18.0,0.0,0.0,0.0
PROP-3C646CEF63C9,6.5,6.75,4.0,19.5,0.0,0.25,0.5
PROP-112BB77B34A4,4.4,4.65,3.0,18.0,0.0,-0.75,-1.6
PROP-D9DF34095063,4.0,4.25,4.0,18.0,0.0,0.0,0.0
PROP-D0961CFF571E,4.0,4.25,4.0,18.0,0.0,0.0,0.0
PROP-3022E0DC6208,6.0,6.25,4.0,19.25,-0.25,-0.5,0.0
PROP-6F7E70BE88AE,6.25,6.5,4.0,19.5,0.0,0.25,0.0
PROP-8EC3A78EEA23,6.5,6.75,4.0,19.25,0.0,0.0,0.5
PROP-F418742B80B2,4.0,4.25,4.0,18.0,0.0,0.0,0.0
PROP-C3C6AE283AAE,4.0,4.25,3.0,18.0,0.0,0.0,-1.15
PROP-6E7FCEF32621,5.9,6.15,4.5,18.0,0.0,1.0,1.9
PROP-C79274115C10,4.0,4.25,4.0,18.0,0.0,0.0,0.0
PROP-C9DC557FD3ED,4.0,4.25,3.0,18.0,0.0,-0.4,-1.75
PROP-917F7B3E0E10,4.0,4.25,3.0,18.0,0.0,-0.4,-1.75
PROP-337F7ACF1863,4.0,4.25,4.0,18.0,0.0,0.0,0.0
PROP-8668B0B45D3A,4.9,5.15,4.5,18.0,0.0,0.9,0.9
PROP-223223122222,4.0,4.25,3.5,18.0,0.0,0.0,-0.4
PROP-401E53878E7A,6.0,6.25,4.0,19.25,-0.25,-0.5,0.0
PROP-03A97BF4BEBB,5.15,5.4,4.0,18.25,0.0,0.0,-1.35
PROP-7F1223BF1316,4.0,4.25,3.5,18.0,0.0,0.0,-0.4
PROP-BF35C650C25A,5.9,6.15,4.5,18.0,0.0,1.0,1.9
PROP-7CDE29DC0CB5,4.0,4.25,3.0,18.0,0.0,0.0,-1.15
PROP-AE14E8110F88,5.9,6.15,4.5,18.0,0.0,1.0,1.9
PROP-4A347E7DA3DC,4.9,5.15,4.5,18.0,0.0,0.9,0.9
PROP-DC8F580FB026,4.9,5.15,4.5,18.0,0.0,0.9,0.9
PROP-EB8EC86E0145,4.0,4.25,3.0,18.0,0.0,0.0,-1.15
PROP-96B2F6C04D05,4.0,4.25,4.0,18.0,0.0,0.0,0.0
PROP-FFFE87A3E212,4.0,4.25,4.0,18.0,0.0,0.0,0.0
PROP-9B6BF6A96D23,5.75,6.0,4.0,19.0,0.0,-0.25,-0.5
PROP-9C04EDBFD7E1,4.0,4.25,3.0,18.0,0.0,0.0,-1.15
PROP-10DE5E387B4F,4.0,4.25,4.0,18.0,0.0,0.0,0.0
PROP-EB90449282A7,4.0,4.25,4.0,18.0,0.0,0.0,0.0
PROP-66AA1CED91A6,5.75,6.0,4.0,19.0,0.0,-0.25,-0.5
PROP-AB0BBD0C6D49,4.9,5.15,4.5,18.0,0.0,0.9,0.9
PROP-F8DB9F59EF80,5.9,6.15,4.5,18.0,0.0,1.0,1.9
PROP-E3D10AF931CD,4.0,4.25,3.5,18.0,0.0,0.0,-0.4
PROP-9174EBA2D849,4.4,4.65,3.0,18.0,0.0,-0.75,-1.6
PROP-88FA36346BF5,6.0,6.25,4.0,19.25,-0.25,-0.5,0.0
PROP-258B93367EED,4.9,5.15,4.5,18.0,0.0,0.9,0.9
PROP-A769840801B9,4.9,5.15,4.5,18.0,0.0,0.9,0.9
PROP-4668552D21AF,6.25,6.5,4.0,19.5,0.0,0.25,0.0
PROP-2116C7174CE2,5.9,6.15,4.5,18.0,0.0,1.0,1.9
PROP-7226DB39E5D6,6.5,6.75,4.0,19.25,0.0,0.0,0.5
PROP-684CB2DBD872,4.0,4.25,3.5,18.0,0.0,0.0,-0.4
PROP-A736DF97F593,6.5,6.75,4.0,19.5,0.0,0.25,0.5
PROP-7888F755E083,4.0,4.25,3.0,18.0,0.0,0.0,-1.15
PROP-30109E081BB1,4.0,4.25,4.0,18.0,0.0,0.0,0.0
PROP-C53EE29FC18B,4.9,5.15,4.5,18.0,0.0,0.9,0.9
PROP-AEB5C72998AB,4.0,4.25,4.0,18.0,0.0,0.0,0.0
PROP-45E74B98F378,4.9,5.15,4.5,18.0,0.0,0.9,0.9
PROP-42DF070E6054,4.0,4.25,3.0,18.0,0.0,-0.4,-1.75
PROP-A9CD64C59637,5.15,5.4,4.0,18.25,0.0,0.0,-1.35
PROP-77DD4E044C4F,4.9,5.15,4.5,18.0,0.0,0.9,0.9
PROP-A84AA2542E81,5.75,6.0,4.0,19.0,0.0,-0.25,-0.5
PROP-17520DAA4844,5.9,6.15,4.5,18.0,0.0,1.0,1.9
PROP-11988C4F82E9,4.0,4.25,4.0,18.0,0.0,0.0,0.0
PROP-30D41CFF3687,6.25,6.5,4.0,19.5,0.0,0.25,0.0
PROP-C58BDB4AA746,5.15,5.4,4.0,18.25,0.0,0.0,-1.35
PROP-DC171F7ADEE0,6.5,6.75,4.0,19.5,0.0,0.25,0.5
PROP-D2643575F9F5,6.0,6.25,4.0,19.25,-0.25,-0.5,0.0
PROP-E9F0DBB60F68,4.0,4.25,4.0,18.0,0.0,0.0,0.0
PROP-E579069D97A4,5.15,5.4,4.0,18.25,0.0,0.0,-1.35
PROP-4620EC3E2D4C,4.4,4.65,3.0,18.0,0.0,-0.75,-1.6
PROP-E136AFB41AAB,4.0,4.25,3.0,18.0,0.0,-0.4,-1.75
PROP-694024E2D49F,6.25,6.5,4.0,19.5,0.0,0.25,0.0
PROP-EB8B5CCFFF16,4.0,4.25,3.0,18.0,0.0,0.0,-1.15
PROP-D10BC7F2308E,4.0,4.25,3.0,18.0,0.0,-0.4,-1.75
PROP-8D9E4F1E374E,4.0,4.25,3.0,18.0,0.0,0.0,-1.15
PROP-FE837A4267CD,6.0,6.25,4.0,19.5,0.0,0.0,-0.25
PROP-97A38F091DC9,4.0,4.25,4.0,18.0,0.0,0.0,0.0
PROP-D5B4EF2541BA,6.25,6.5,4.0,19.5,0.0,0.25,0.0
PROP-79D675EE9B48,6.25,6.5,4.0,19.5,0.0,0.25,0.0
PROP-1ABEABC9B812,5.15,5.4,4.0,18.5,-0.25,-0.6,-1.35
PROP-9B6F5A1B2283,4.0,4.25,3.5,18.0,0.0,0.0,-0.4
PROP-9D31F8432500,4.4,4.65,3.0,18.0,0.0,-0.75,-1.6
PROP-07FD9D409C2B,4.0,4.25,3.0,18.0,0.0,0.0,-1.15
PROP-2DAC9C0C3B13,6.5,6.75,4.0,19.5,0.0,0.25,0.5
PROP-34832EC108C6,6.5,6.75,4.0,19.25,0.0,0.0,0.5
PROP-71047BE9001E,5.15,5.4,4.0,18.5,-0.25,-0.6,-1.35
PROP-2D71DE6197E7,5.15,5.4,4.0,18.25,0.0,0.0,-1.35
PROP-CF85484E3B69,4.0,4.25,3.0,18.0,0.0,-0.4,-1.75
PROP-70B169A99A09,5.15,5.4,4.0,18.5,-0.25,-0.6,-1.35
PROP-2829892DA3A4,6.0,6.25,4.0,19.25,-0.25,-0.5,0.0
PROP-0CAA620973F7,4.4,4.65,3.0,18.0,0.0,-0.75,-1.6
PROP-BF1D53745752,4.0,4.25,3.5,18.0,0.0,0.0,-0.4
PROP-F2C0D5600AD6,4.0,4.25,4.0,18.0,0.0,0.0,0.0
PROP-D1B7D7E4298F,6.5,6.75,4.0,19.5,0.0,0.25,0.5
PROP-0B78C3E796BE,4.0,4.25,4.0,18.0,0.0,0.0,0.0
PROP-F8D574A565FA,5.15,5.4,4.0,18.25,0.0,0.0,-1.35
PROP-C431CBCA17A2,4.9,5.15,4.5,18.0,0.0,0.9,0.9
PROP-CEEE5A496BBE,6.0,6.25,4.0,19.25,-0.25,-0.5,0.0
PROP-01A71E860DCF,4.0,4.25,3.0,18.0,0.0,0.0,-1.15
PROP-DFB2A7406E7E,6.0,6.25,4.0,19.5,0.0,0.0,-0.25
PROP-2FD047487216,5.15,5.4,4.0,18.25,0.0,0.0,-1.35
PROP-36362E58DE21,4.0,4.25,4.0,18.0,0.0,0.0,0.0
PROP-7D9769ED2EB4,5.9,6.15,4.5,18.0,0.0,1.0,1.9
PROP-105F48F5EBFA,5.75,6.0,4.0,19.0,0.0,-0.25,-0.5
PROP-8DF8BD783FFA,4.0,4.25,3.0,18.0,0.0,-0.4,-1.75
PROP-5C624AA959C3,4.0,4.25,4.0,18.0,0.0,0.0,0.0
PROP-4AAC7E81B559,4.0,4.25,3.5,18.0,0.0,0.0,-0.4
PROP-4CE62A4B211E,4.0,4.25,4.0,18.0,0.0,0.0,0.0
PROP-D1CC3203672B,4.4,4.65,3.0,18.0,0.0,-0.75,-1.6
PROP-25E86BB07309,5.15,5.4,4.0,18.5,-0.25,-0.6,-1.35
PROP-4F37C5473479,5.9,6.15,4.5,18.0,0.0,1.0,1.9
PROP-4C2AE5909832,4.0,4.25,3.0,18.0,0.0,-0.4,-1.75
PROP-422D8FF3805E,6.25,6.5,4.0,19.5,0.0,0.25,0.0
PROP-33085E47F93C,5.75,6.0,4.0,19.0,0.0,-0.25,-0.5
PROP-9DF8C4F6B13B,4.0,4.25,4.0,18.0,0.0,0.0,0.0
PROP-D229752894DA,4.4,4.65,3.0,18.0,0.0,-0.75,-1.6
PROP-29E7D83E9088,5.15,5.4,4.0,18.25,0.0,0.0,-1.35
PROP-4B9ADCB1ADA4,4.0,4.25,3.5,18.0,0.0,0.0,-0.4
PROP-86F48AFB0B6C,6.0,6.25,4.0,19.25,-0.25,-0.5,0.0
PROP-678E3BDBC3A5,5.15,5.4,4.0,18.5,-0.25,-0.6,-1.35
PROP-75D49CA47D8D,6.5,6.75,4.0,19.25,0.0,0.0,0.5
PROP-13742D3BBC03,6.25,6.5,4.0,19.5,0.0,0.25,0.0
PROP-D1A89469E9C1,5.15,5.4,4.0,18.25,0.0,0.0,-1.35
PROP-9398CC3312AD,4.9,5.15,4.5,18.0,0.0,0.9,0.9
PROP-69E9DDAFF548,5.75,6.0,4.0,19.0,0.0,-0.25,-0.5
PROP-ED08C4B7A719,6.0,6.25,4.0,19.5,0.0,0.0,-0.25
PROP-47FB4041FB4F,4.0,4.25,3.5,18.0,0.0,0.0,-0.4
PROP-4F589D2007F1,4.0,4.25,3.0,18.0,0.0,0.0,-1.15
PROP-B4E0A84B609D,5.15,5.4,4.0,18.5,-0.25,-0.6,-1.35
PROP-309FFB921D96,5.15,5.4,4.0,18.5,-0.25,-0.6,-1.35
PROP-9C3EEB35B420,4.9,5.15,4.5,18.0,0.0,0.9,0.9
PROP-7540204492AD,5.15,5.4,4.0,18.25,0.0,0.0,-1.35
PROP-51650FD0CB30,4.0,4.25,3.0,18.0,0.0,0.0,-1.15
PROP-B79F2A09A2F7,5.15,5.4,4.0,18.25,0.0,0.0,-1.35
PROP-E8933B9C69DB,4.0,4.25,4.0,18.0,0.0,0.0,0.0
PROP-F6344DD41ED4,4.0,4.25,3.0,18.0,0.0,0.0,-1.15
PROP-7CFC51728599,4.0,4.25,3.0,18.0,0.0,-0.4,-1.75
PROP-32B3CD03B56E,4.0,4.25,3.0,18.0,0.0,0.0,-1.15
PROP-1762246A560D,6.0,6.25,4.0,19.5,0.0,0.0,-0.25
PROP-1D9D85DF1A5C,5.15,5.4,4.0,18.5,-0.25,-0.6,-1.35
PROP-696140A14179,5.15,5.4,4.0,18.5,-0.25,-0.6,-1.35
PROP-29118C6DA199,4.0,4.25,3.5,18.0,0.0,0.0,-0.4
PROP-687245DC702D,5.15,5.4,4.0,18.5,-0.25,-0.6,-1.35
PROP-02E5E0D581BF,6.0,6.25,4.0,19.5,0.0,0.0,-0.25
PROP-20D08C9C2C67,4.0,4.25,3.0,18.0,0.0,0.0,-1.15
PROP-B618C5B888B5,5.15,5.4,4.0,18.25,0.0,0.0,-1.35
PROP-41A7F0C89156,4.0,4.25,4.0,18.0,0.0,0.0,0.0
PROP-981789C25E81,4.0,4.25,4.0,18.0,0.0,0.0,0.0
PROP-FC25566B0BE4,4.0,4.25,4.0,18.0,0.0,0.0,0.0
PROP-22652DC43D2A,4.0,4.25,3.5,18.0,0.0,0.0,-0.4
PROP-424E3589C095,4.4,4.65,3.0,18.0,0.0,-0.75,-1.6
PROP-DB201B57660D,5.75,6.0,4.0,19.0,0.0,-0.25,-0.5
PROP-9C756F189D42,5.75,6.0,4.0,19.0,0.0,-0.25,-0.5
PROP-7EF2F97973D1,4.0,4.25,4.0,18.0,0.0,0.0,0.0
PROP-213CAB0ED87E,6.5,6.75,4.0,19.5,0.0,0.25,0.5
PROP-9A58773B866A,6.0,6.25,4.0,19.5,0.0,0.0,-0.25
PROP-F2370F125F82,4.4,4.65,3.0,18.0,0.0,-0.75,-1.6
PROP-5AF26D366A0B,4.4,4.65,3.0,18.0,0.0,-0.75,-1.6
PROP-7C1A441BDE75,4.0,4.25,4.0,18.0,0.0,0.0,0.0
PROP-8A69495F80D8,6.5,6.75,4.0,19.25,0.0,0.0,0.5
PROP-7D848ADD7EA1,6.25,6.5,4.0,19.5,0.0,0.25,0.0
PROP-1369890BD5E9,5.15,5.4,4.0,18.5,-0.25,-0.6,-1.35
PROP-7B922B4822CC,4.0,4.25,4.0,18.0,0.0,0.0,0.0
PROP-9A37EA8D0FE1,4.0,4.25,3.0,18.0,0.0,0.0,-1.15
PROP-389B102B35F5,4.0,4.25,4.0,18.0,0.0,0.0,0.0
PROP-068B19B3C9A0,4.0,4.25,3.0,18.0,0.0,0.0,-1.15
PROP-233088F3C34B,6.0,6.25,4.0,19.25,-0.25,-0.5,0.0
PROP-DE3A2C21F7E6,4.4,4.65,3.0,18.0,0.0,-0.75,-1.6
PROP-7E480EDE5B0B,6.0,6.25,4.0,19.25,-0.25,-0.5,0.0
PROP-5370EEEDBE29,4.0,4.25,4.0,18.0,0.0,0.0,0.0
PROP-20F4C14B901D,6.0,6.25,4.0,19.25,-0.25,-0.5,0.0
PROP-AC4A9B5668B4,4.0,4.25,4.0,18.0,0.0,0.0,0.0
PROP-11C3DE28806D,6.0,6.25,4.0,19.25,-0.25,-0.5,0.0
PROP-93E19CE98298,4.0,4.25,3.0,18.0,0.0,-0.4,-1.75
PROP-57EC3C0CAB0B,4.0,4.25,4.0,18.0,0.0,0.0,0.0
PROP-B0FE0DD0CB3C,4.0,4.25,4.0,18.0,0.0,0.0,0.0
PROP-F6B16076EC34,4.0,4.25,3.0,18.0,0.0,0.0,-1.15
PROP-CD8D2DAC7038,4.0,4.25,4.0,18.0,0.0,0.0,0.0
PROP-7948D308FF79,4.0,4.25,3.0,18.0,0.0,-0.4,-1.75
PROP-33CA6709529B,4.0,4.25,4.0,18.0,0.0,0.0,0.0
PROP-A510F3C17CED,4.0,4.25,3.0,18.0,0.0,0.0,-1.15
PROP-604E5C3FCE25,4.0,4.25,3.5,18.0,0.0,0.0,-0.4
PROP-3723387937B4,4.9,5.15,4.5,18.0,0.0,0.9,0.9
PROP-35153479FC97,6.0,6.25,4.0,19.25,-0.25,-0.5,0.0
PROP-63672F4748C0,5.15,5.4,4.0,18.5,-0.25,-0.6,-1.35
PROP-3B42B34247C3,4.0,4.25,4.0,18.0,0.0,0.0,0.0
PROP-5EF29670119D,6.25,6.5,4.0,19.5,0.0,0.25,0.0
PROP-300301509063,5.9,6.15,4.5,18.0,0.0,1.0,1.9
PROP-A13EB88097CA,4.0,4.25,3.0,18.0,0.0,0.0,-1.15
PROP-D744952E141D,5.75,6.0,4.0,19.0,0.0,-0.25,-0.5
PROP-5DECD0EDFE64,5.15,5.4,4.0,18.5,-0.25,-0.6,-1.35
PROP-D3C02C4B9655,4.0,4.25,3.0,18.0,0.0,-0.4,-1.75
PROP-4FDEB3C4F39F,4.0,4.25,3.0,18.0,0.0,0.0,-1.15
PROP-BCF42285DAE0,6.25,6.5,4.0,19.5,0.0,0.25,0.0
PROP-13987A2B20FE,5.75,6.0,4.0,19.0,0.0,-0.25,-0.5
PROP-4B935477E757,5.15,5.4,4.0,18.25,0.0,0.0,-1.35
PROP-DA357191F5EE,4.4,4.65,3.0,18.0,0.0,-0.75,-1.6
PROP-9CF2940EA2A7,4.0,4.25,3.0,18.0,0.0,0.0,-1.15
PROP-69FAB1B3CBF8,4.0,4.25,4.0,18.0,0.0,0.0,0.0
PROP-FA3A6FAA374C,6.5,6.75,4.0,19.25,0.0,0.0,0.5
PROP-1B373ED947CE,6.5,6.75,4.0,19.25,0.0,0.0,0.5
PROP-98A488E2F1D0,4.9,5.15,4.5,18.0,0.0,0.9,0.9
PROP-BB9172F543B5,6.0,6.25,4.0,19.5,0.0,0.0,-0.25
PROP-CD163290748D,4.0,4.25,3.0,18.0,0.0,0.0,-1.15
PROP-8C4781E87691,6.5,6.75,4.0,19.5,0.0,0.25,0.5
PROP-38657F1345A3,4.0,4.25,3.0,18.0,0.0,-0.4,-1.75
PROP-E388BB87E172,5.75,6.0,4.0,19.0,0.0,-0.25,-0.5
PROP-67F4B063000E,6.0,6.25,4.0,19.25,-0.25,-0.5,0.0
PROP-B33272C0944E,6.0,6.25,4.0,19.5,0.0,0.0,-0.25
PROP-4179AB23CF1A,4.4,4.65,3.0,18.0,0.0,-0.75,-1.6
PROP-F6AF4019EE97,4.0,4.25,4.0,18.0,0.0,0.0,0.0
PROP-A58A2DD68E92,5.9,6.15,4.5,18.0,0.0,1.0,1.9
PROP-883934ECCE9C,6.0,6.25,4.0,19.5,0.0,0.0,-0.25
PROP-E7B4B067B606,6.25,6.5,4.0,19.5,0.0,0.25,0.0
PROP-C2436D3C3A5E,5.75,6.0,4.0,19.0,0.0,-0.25,-0.5
PROP-5ACB9B2EC740,5.75,6.0,4.0,19.0,0.0,-0.25,-0.5
PROP-7F4B27FB2133,5.15,5.4,4.0,18.25,0.0,0.0,-1.35
PROP-C170112A3525,5.15,5.4,4.0,18.25,0.0,0.0,-1.35
PROP-F19E58267ACE,6.5,6.75,4.0,19.5,0.0,0.25,0.5
PROP-1B8C4027E2BB,4.0,4.25,3.0,18.0,0.0,0.0,-1.15
PROP-691E11AF82AA,4.0,4.25,4.0,18.0,0.0,0.0,0.0
PROP-E21237B121F4,5.9,6.15,4.5,18.0,0.0,1.0,1.9
PROP-3A82C1B76111,6.5,6.75,4.0,19.25,0.0,0.0,0.5
PROP-4D7CEB706133,4.0,4.25,3.0,18.0,0.0,0.0,-1.15
PROP-C1FAAFE0F9EB,4.0,4.25,4.0,18.0,0.0,0.0,0.0
PROP-0AC2297048E5,4.0,4.25,3.0,18.0,0.0,0.0,-1.15
PROP-B657F9BDB523,5.75,6.0,4.0,19.0,0.0,-0.25,-0.5
PROP-14E05A9BFC89,4.4,4.65,3.0,18.0,0.0,-0.75,-1.6
PROP-01591876EF0F,6.0,6.25,4.0,19.5,0.0,0.0,-0.25
PROP-AA887FFC9689,5.15,5.4,4.0,18.25,0.0,0.0,-1.35
PROP-102F0867298D,4.4,4.65,3.0,18.0,0.0,-0.75,-1.6
PROP-4ABF674811FA,4.0,4.25,3.0,18.0,0.0,0.0,-1.15
PROP-27CBC63C9A14,4.0,4.25,4.0,18.0,0.0,0.0,0.0
PROP-2ECBEC80534E,5.9,6.15,4.5,18.0,0.0,1.0,1.9
PROP-4B21685C31C5,5.15,5.4,4.0,18.25,0.0,0.0,-1.35
PROP-EEC049CAFADB,6.5,6.75,4.0,19.25,0.0,0.0,0.5
PROP-FF908741BF94,6.0,6.25,4.0,19.5,0.0,0.0,-0.25
PROP-8613A993725C,4.0,4.25,3.0,18.0,0.0,0.0,-1.15
PROP-C8F23A889638,4.0,4.25,4.0,18.0,0.0,0.0,0.0
PROP-0EB99C120518,4.0,4.25,4.0,18.0,0.0,0.0,0.0
PROP-BD121CAE7D03,5.15,5.4,4.0,18.25,0.0,0.0,-1.35
PROP-FE73B221CB5F,4.0,4.25,4.0,18.0,0.0,0.0,0.0
PROP-9F0BBD6BE33D,4.4,4.65,3.0,18.0,0.0,-0.75,-1.6
PROP-6DA81C10D230,4.9,5.15,4.5,18.0,0.0,0.9,0.9
PROP-B4E990EF175A,5.15,5.4,4.0,18.25,0.0,0.0,-1.35
PROP-932CC006071F,5.15,5.4,4.0,18.5,-0.25,-0.6,-1.35
PROP-579AC477C3DE,5.9,6.15,4.5,18.0,0.0,1.0,1.9
PROP-8186C5A1C876,5.15,5.4,4.0,18.5,-0.25,-0.6,-1.35
PROP-F74DCA280D64,4.0,4.25,4.0,18.0,0.0,0.0,0.0
PROP-461535F8BCC2,6.0,6.25,4.0,19.5,0.0,0.0,-0.25
PROP-066F509FBC0F,4.0,4.25,4.0,18.0,0.0,0.0,0.0
PROP-12ED7DC10008,5.15,5.4,4.0,18.25,0.0,0.0,-1.35
PROP-7EC34159BE4A,6.25,6.5,4.0,19.5,0.0,0.25,0.0
PROP-35FECBCC881C,4.0,4.25,3.0,18.0,0.0,0.0,-1.15
PROP-12108359EF56,4.0,4.25,3.5,18.0,0.0,0.0,-0.4
PROP-B26BCEE9CB3B,4.0,4.25,3.0,18.0,0.0,-0.4,-1.75
PROP-DDED363B4E6D,6.0,6.25,4.0,19.25,-0.25,-0.5,0.0
PROP-82333317AAA8,6.5,6.75,4.0,19.25,0.0,0.0,0.5
PROP-1C3CA3395E87,6.0,6.25,4.0,19.25,-0.25,-0.5,0.0
PROP-4F9FA2237784,4.0,4.25,3.0,18.0,0.0,0.0,-1.15
PROP-56048A8299ED,5.15,5.4,4.0,18.5,-0.25,-0.6,-1.35
PROP-8A18E58BD143,5.75,6.0,4.0,19.0,0.0,-0.25,-0.5
PROP-729866A3420B,4.4,4.65,3.0,18.0,0.0,-0.75,-1.6
PROP-6DDEC6EB1BFB,4.0,4.25,4.0,18.0,0.0,0.0,0.0
PROP-FCABA022BE2E,4.0,4.25,3.0,18.0,0.0,0.0,-1.15
PROP-D87D46A60A83,4.0,4.25,4.0,18.0,0.0,0.0,0.0
PROP-0CD29D29A2E5,4.0,4.25,4.0,18.0,0.0,0.0,0.0
PROP-19DBEBA635D6,4.0,4.25,4.0,18.0,0.0,0.0,0.0
PROP-4F655C56AD56,4.9,5.15,4.5,18.0,0.0,0.9,0.9
PROP-10685106515E,4.0,4.25,4.0,18.0,0.0,0.0,0.0
PROP-373215C46E8A,6.0,6.25,4.0,19.5,0.0,0.0,-0.25
PROP-479C3D75801A,6.0,6.25,4.0,19.25,-0.25,-0.5,0.0
PROP-8891FF878860,6.0,6.25,4.0,19.5,0.0,0.0,-0.25
PROP-771E1DFD65E3,6.0,6.25,4.0,19.25,-0.25,-0.5,0.0
PROP-7FEA659C05B5,6.0,6.25,4.0,19.25,-0.25,-0.5,0.0
PROP-D2167AEF155A,6.5,6.75,4.0,19.5,0.0,0.25,0.5
PROP-4573AD2763E3,4.4,4.65,3.0,18.0,0.0,-0.75,-1.6
PROP-8795564E0A77,4.0,4.25,4.0,18.0,0.0,0.0,0.0
PROP-623A486EB874,4.0,4.25,3.0,18.0,0.0,-0.4,-1.75
PROP-ECE1427ED4F9,4.0,4.25,3.0,18.0,0.0,0.0,-1.15
PROP-E4E347BF69C7,6.0,6.25,4.0,19.5,0.0,0.0,-0.25
PROP-C6E858FF4ACB,5.15,5.4,4.0,18.5,-0.25,-0.6,-1.35
PROP-E5075CFC9B1C,6.0,6.25,4.0,19.25,-0.25,-0.5,0.0
PROP-3760C2A4EBCF,6.0,6.25,4.0,19.5,0.0,0.0,-0.25
PROP-62EB0659BD90,4.0,4.25,4.0,18.0,0.0,0.0,0.0
PROP-16CC22C7D05E,6.5,6.75,4.0,19.5,0.0,0.25,0.5
PROP-0BD9F0CB2C1B,6.5,6.75,4.0,19.5,0.0,0.25,0.5
PROP-37B9B0CBF021,6.0,6.25,4.0,19.5,0.0,0.0,-0.25
PROP-4D6FA16E4065,5.9,6.15,4.5,18.0,0.0,1.0,1.9
PROP-E23F91CE2337,4.0,4.25,3.5,18.0,0.0,0.0,-0.4
PROP-40000E6C9B17,4.0,4.25,4.0,18.0,0.0,0.0,0.0
PROP-90C4A0CABC87,6.5,6.75,4.0,19.5,0.0,0.25,0.5
PROP-12736A4F0142,6.5,6.75,4.0,19.5,0.0,0.25,0.5
PROP-5BEAA167BC26,4.0,4.25,4.0,18.0,0.0,0.0,0.0
PROP-BBC137179655,6.5,6.75,4.0,19.25,0.0,0.0,0.5
PROP-19C54FF5BDBF,4.0,4.25,3.0,18.0,0.0,-0.4,-1.75
PROP-4072FB0DF54F,6.5,6.75,4.0,19.5,0.0,0.25,0.5
PROP-E25932038153,4.0,4.25,4.0,18.0,0.0,0.0,0.0
PROP-E48E74C52239,4.0,4.25,4.0,18.0,0.0,0.0,0.0
PROP-55D3BDB6DA4F,4.0,4.25,3.5,18.0,0.0,0.0,-0.4
PROP-9262C8B1BF0E,4.0,4.25,4.0,18.0,0.0,0.0,0.0
PROP-F9AE26D399E0,4.9,5.15,4.5,18.0,0.0,0.9,0.9
PROP-6074E5CB7A70,4.0,4.25,3.5,18.0,0.0,0.0,-0.4
PROP-F24437E24820,4.0,4.25,4.0,18.0,0.0,0.0,0.0
PROP-1ECB2C470728,4.0,4.25,3.5,18.0,0.0,0.0,-0.4
PROP-D6BE86E896F9,4.0,4.25,3.0,18.0,0.0,0.0,-1.15
PROP-72C0C822BEDA,4.0,4.25,3.5,18.0,0.0,0.0,-0.4
PROP-BCC62E9D8CA7,5.9,6.15,4.5,18.0,0.0,1.0,1.9
PROP-94F8017B3A20,6.0,6.25,4.0,19.5,0.0,0.0,-0.25
PROP-BD7B66211C6C,4.0,4.25,4.0,18.0,0.0,0.0,0.0
PROP-6E7913EB3D32,4.0,4.25,3.0,18.0,0.0,0.0,-1.15
PROP-B2757C589F50,4.0,4.25,4.0,18.0,0.0,0.0,0.0
PROP-EFD875D73A36,4.0,4.25,3.5,18.0,0.0,0.0,-0.4
PROP-914456EC43ED,4.0,4.25,4.0,18.0,0.0,0.0,0.0
PROP-2AE47906AB26,4.0,4.25,3.0,18.0,0.0,0.0,-1.15
PROP-BF118ED57912,5.9,6.15,4.5,18.0,0.0,1.0,1.9
PROP-2E6FF74FD8BD,4.0,4.25,3.0,18.0,0.0,-0.4,-1.75
PROP-97620A160357,4.0,4.25,3.0,18.0,0.0,0.0,-1.15
PROP-F92ECC62D2AA,6.5,6.75,4.0,19.25,0.0,0.0,0.5
PROP-AA93F3BB9C5D,4.0,4.25,3.0,18.0,0.0,0.0,-1.15
PROP-BDF4B9D4AC18,4.0,4.25,3.0,18.0,0.0,0.0,-1.15
PROP-AAA6D8989B61,4.0,4.25,4.0,18.0,0.0,0.0,0.0
PROP-CAA8D428581E,6.0,6.25,4.0,19.5,0.0,0.0,-0.25
PROP-7C174A3733B8,4.0,4.25,3.0,18.0,0.0,-0.4,-1.75
PROP-AC4FE8CFA13F,4.0,4.25,4.0,18.0,0.0,0.0,0.0
PROP-17989003F56A,4.0,4.25,3.0,18.0,0.0,0.0,-1.15
PROP-4067C8940872,4.0,4.25,3.0,18.0,0.0,0.0,-1.15
PROP-B10BBD600E54,6.25,6.5,4.0,19.5,0.0,0.25,0.0
PROP-D699F610C92F,4.9,5.15,4.5,18.0,0.0,0.9,0.9
PROP-6B7AD432C313,4.9,5.15,4.5,18.0,0.0,0.9,0.9
PROP-254341295E71,5.9,6.15,4.5,18.0,0.0,1.0,1.9
PROP-B97C59118B17,4.0,4.25,4.0,18.0,0.0,0.0,0.0
PROP-48E34A31273D,6.5,6.75,4.0,19.5,0.0,0.25,0.5
PROP-042EFD4DC426,4.0,4.25,4.0,18.0,0.0,0.0,0.0
PROP-29787F484A52,5.75,6.0,4.0,19.0,0.0,-0.25,-0.5
PROP-73AC180F6641,4.4,4.65,3.0,18.0,0.0,-0.75,-1.6
PROP-A67A494938EA,5.75,6.0,4.0,19.0,0.0,-0.25,-0.5
PROP-ECCF8E696E76,5.15,5.4,4.0,18.5,-0.25,-0.6,-1.35
PROP-BEE8E83EDD44,4.0,4.25,4.0,18.0,0.0,0.0,0.0
PROP-5521C4787D00,4.0,4.25,4.0,18.0,0.0,0.0,0.0
PROP-F92924B12BF9,5.15,5.4,4.0,18.5,-0.25,-0.6,-1.35
PROP-320E741DFF6C,4.0,4.25,4.0,18.0,0.0,0.0,0.0
PROP-A3E975C10611,4.0,4.25,3.0,18.0,0.0,-0.4,-1.75
PROP-CFFB76DF842B,4.0,4.25,4.0,18.0,0.0,0.0,0.0
PROP-2699E2C58477,6.25,6.5,4.0,19.5,0.0,0.25,0.0
PROP-028CD4A0810C,4.0,4.25,4.0,18.0,0.0,0.0,0.0
PROP-05C3C94091AD,6.5,6.75,4.0,19.25,0.0,0.0,0.5
PROP-39E6F6D320CF,4.4,4.65,3.0,18.0,0.0,-0.75,-1.6
PROP-25935D655E1C,4.0,4.25,4.0,18.0,0.0,0.0,0.0
PROP-77E612EE5010,4.0,4.25,3.0,18.0,0.0,0.0,-1.15
PROP-74C352CDE5C2,6.0,6.25,4.0,19.5,0.0,0.0,-0.25
PROP-D6969C6962EA,5.15,5.4,4.0,18.25,0.0,0.0,-1.35
PROP-7658D2B9A7BF,6.0,6.25,4.0,19.5,0.0,0.0,-0.25
PROP-25ACE83DFDCD,4.0,4.25,4.0,18.0,0.0,0.0,0.0
PROP-E0DC804C0B86,5.9,6.15,4.5,18.0,0.0,1.0,1.9
PROP-DCDF1F96DBBD,6.25,6.5,4.0,19.5,0.0,0.25,0.0
PROP-896B33221EFE,6.5,6.75,4.0,19.25,0.0,0.0,0.5
PROP-81F088C5B06E,6.5,6.75,4.0,19.5,0.0,0.25,0.5
PROP-8B54A49BA724,4.0,4.25,3.5,18.0,0.0,0.0,-0.4
PROP-F4309AA752BE,4.0,4.25,3.0,18.0,0.0,0.0,-1.15
PROP-5AB3CCC319BB,6.5,6.75,4.0,19.25,0.0,0.0,0.5
PROP-D08739372267,4.0,4.25,4.0,18.0,0.0,0.0,0.0
PROP-9537127B05C0,4.0,4.25,3.5,18.0,0.0,0.0,-0.4
PROP-1212F439B136,4.0,4.25,4.0,18.0,0.0,0.0,0.0
PROP-D8C23C4EFDE9,4.9,5.15,4.5,18.0,0.0,0.9,0.9
PROP-EE3A2B310FA4,4.0,4.25,3.0,18.0,0.0,0.0,-1.15
PROP-19C422615BAA,5.15,5.4,4.0,18.25,0.0,0.0,-1.35
PROP-EC5EC5B938A9,5.9,6.15,4.5,18.0,0.0,1.0,1.9
PROP-83A62A4C903D,4.0,4.25,4.0,18.0,0.0,0.0,0.0
PROP-B4228A0769D7,4.9,5.15,4.5,18.0,0.0,0.9,0.9
PROP-933EFD859FBC,4.0,4.25,4.0,18.0,0.0,0.0,0.0
PROP-72794BDD040A,4.0,4.25,4.0,18.0,0.0,0.0,0.0
PROP-979AA9C463D9,5.75,6.0,4.0,19.0,0.0,-0.25,-0.5
PROP-52A6FDE77DFA,4.0,4.25,3.0,18.0,0.0,0.0,-1.15
PROP-DBACD2C42C44,4.0,4.25,4.0,18.0,0.0,0.0,0.0
PROP-D2C0908B935D,4.0,4.25,4.0,18.0,0.0,0.0,0.0
PROP-F91BA169CE69,4.0,4.25,4.0,18.0,0.0,0.0,0.0
PROP-1BF4AAED0959,6.0,6.25,4.0,19.5,0.0,0.0,-0.25
PROP-6D4D590C87F4,4.4,4.65,3.0,18.0,0.0,-0.75,-1.6
PROP-282B80456265,6.25,6.5,4.0,19.5,0.0,0.25,0.0
PROP-5B3FD2BB0B99,6.5,6.75,4.0,19.5,0.0,0.25,0.5
PROP-590232BED118,4.0,4.25,4.0,18.0,0.0,0.0,0.0
PROP-C8CDAD5BBBF5,4.0,4.25,4.0,18.0,0.0,0.0,0.0
PROP-20D4AFB81E68,6.5,6.75,4.0,19.25,0.0,0.0,0.5
PROP-1F206B7DB35D,4.0,4.25,4.0,18.0,0.0,0.0,0.0
PROP-C51DD3CB67F1,4.0,4.25,3.0,18.0,0.0,0.0,-1.15
PROP-88A123C6BB36,4.0,4.25,4.0,18.0,0.0,0.0,0.0
PROP-20EEEB7F1E76,4.0,4.25,3.0,18.0,0.0,0.0,-1.15
PROP-B33BDA2666D5,6.5,6.75,4.0,19.5,0.0,0.25,0.5
PROP-1C7161734D0A,5.15,5.4,4.0,18.5,-0.25,-0.6,-1.35
PROP-9D997747750A,4.0,4.25,4.0,18.0,0.0,0.0,0.0
PROP-0E9F88E7CFD6,4.0,4.25,3.0,18.0,0.0,0.0,-1.15
PROP-7C1C95262DB7,5.9,6.15,4.5,18.0,0.0,1.0,1.9
PROP-805557F2B17F,6.0,6.25,4.0,19.5,0.0,0.0,-0.25
PROP-D25A2305C46B,4.0,4.25,3.5,18.0,0.0,0.0,-0.4
PROP-1BA50C88B9CE,5.15,5.4,4.0,18.25,0.0,0.0,-1.35
PROP-1CC959DF0392,4.0,4.25,4.0,18.0,0.0,0.0,0.0
PROP-894D05E81F8C,5.75,6.0,4.0,19.0,0.0,-0.25,-0.5
PROP-9740A2925460,4.0,4.25,3.5,18.0,0.0,0.0,-0.4
PROP-9EA64F24B21A,5.15,5.4,4.0,18.5,-0.25,-0.6,-1.35
PROP-7FEE8918F746,5.15,5.4,4.0,18.5,-0.25,-0.6,-1.35
PROP-A721EC972FBE,5.15,5.4,4.0,18.5,-0.25,-0.6,-1.35
PROP-BDDE30E09C3B,4.4,4.65,3.0,18.0,0.0,-0.75,-1.6
PROP-20923FA2CB01,6.5,6.75,4.0,19.25,0.0,0.0,0.5
PROP-450FE548E75E,4.0,4.25,4.0,18.0,0.0,0.0,0.0
PROP-552E27E4E2FE,4.0,4.25,4.0,18.0,0.0,0.0,0.0
PROP-287689C35754,6.5,6.75,4.0,19.5,0.0,0.25,0.5
PROP-3296E4666488,4.9,5.15,4.5,18.0,0.0,0.9,0.9
PROP-6A1E70AA5CFE,4.0,4.25,3.0,18.0,0.0,0.0,-1.15
PROP-49842AC2DD32,6.0,6.25,4.0,19.5,0.0,0.0,-0.25
PROP-582808500BF1,4.0,4.25,4.0,18.0,0.0,0.0,0.0
PROP-17D5FD1A5980,5.9,6.15,4.5,18.0,0.0,1.0,1.9
PROP-E810F9F8468A,4.0,4.25,4.0,18.0,0.0,0.0,0.0
PROP-3FD2E02D958C,4.0,4.25,4.0,18.0,0.0,0.0,0.0
PROP-1211F8871F29,6.5,6.75,4.0,19.5,0.0,0.25,0.5
PROP-90B290F6FFDD,4.0,4.25,3.5,18.0,0.0,0.0,-0.4
PROP-759B1C709380,6.25,6.5,4.0,19.5,0.0,0.25,0.0
PROP-998FD5811104,4.0,4.25,4.0,18.0,0.0,0.0,0.0
PROP-ADC319DDB1CF,4.0,4.25,3.0,18.0,0.0,0.0,-1.15
PROP-53362A4D6A74,4.0,4.25,4.0,18.0,0.0,0.0,0.0
PROP-53C442DE41D4,4.0,4.25,4.0,18.0,0.0,0.0,0.0
PROP-2576499F1A11,4.0,4.25,4.0,18.0,0.0,0.0,0.0
PROP-56B86891A5DA,4.0,4.25,3.5,18.0,0.0,0.0,-0.4
PROP-BB1A42052464,5.15,5.4,4.0,18.25,0.0,0.0,-1.35
PROP-7738C2D066E5,4.0,4.25,4.0,18.0,0.0,0.0,0.0
PROP-BA00F3582FAC,6.25,6.5,4.0,19.5,0.0,0.25,0.0
PROP-10B3F7846261,6.5,6.75,4.0,19.25,0.0,0.0,0.5
PROP-AA441C9659B2,4.0,4.25,4.0,18.0,0.0,0.0,0.0
PROP-1B1FF8F3C3BA,5.15,5.4,4.0,18.25,0.0,0.0,-1.35
PROP-35F055A640FC,5.9,6.15,4.5,18.0,0.0,1.0,1.9
PROP-273866F1255A,4.9,5.15,4.5,18.0,0.0,0.9,0.9
PROP-CD5F861DFC1E,5.9,6.15,4.5,18.0,0.0,1.0,1.9
PROP-E6DF6DA88276,6.0,6.25,4.0,19.5,0.0,0.0,-0.25
PROP-293C757721AB,5.15,5.4,4.0,18.5,-0.25,-0.6,-1.35
PROP-6B48C2D1ECDB,4.0,4.25,3.5,18.0,0.0,0.0,-0.4
PROP-FE0AE8D1769D,4.0,4.25,3.0,18.0,0.0,0.0,-1.15
PROP-502125E8148D,6.0,6.25,4.0,19.5,0.0,0.0,-0.25
PROP-20066B54B861,6.0,6.25,4.0,19.5,0.0,0.0,-0.25
PROP-6E2346C87A35,4.0,4.25,4.0,18.0,0.0,0.0,0.0
PROP-8321C265D6DD,4.0,4.25,4.0,18.0,0.0,0.0,0.0
PROP-6BF8989B7261,4.0,4.25,3.5,18.0,0.0,0.0,-0.4
PROP-48E9CE227720,6.25,6.5,4.0,19.5,0.0,0.25,0.0
PROP-EDDDEDD9DD42,4.0,4.25,4.0,18.0,0.0,0.0,0.0
PROP-28DEECE1BF8F,4.0,4.25,3.0,18.0,0.0,-0.4,-1.75
PROP-A06E5F18DEC8,6.0,6.25,4.0,19.5,0.0,0.0,-0.25
PROP-3470C6246477,5.15,5.4,4.0,18.5,-0.25,-0.6,-1.35
PROP-CD6EB10A8A9C,4.0,4.25,3.0,18.0,0.0,0.0,-1.15
PROP-7467ECA4EF22,4.0,4.25,3.0,18.0,0.0,-0.4,-1.75
PROP-4194E6191A3B,4.0,4.25,3.5,18.0,0.0,0.0,-0.4
PROP-B7400FA32E14,5.15,5.4,4.0,18.25,0.0,0.0,-1.35
PROP-81337294428B,6.5,6.75,4.0,19.25,0.0,0.0,0.5
PROP-5E1A8D49AF54,4.0,4.25,4.0,18.0,0.0,0.0,0.0
PROP-846DB9EEDF9C,4.0,4.25,3.0,18.0,0.0,0.0,-1.15
PROP-CBA92F4A5F80,4.0,4.25,4.0,18.0,0.0,0.0,0.0
PROP-4F4E58F2E6AF,4.0,4.25,3.0,18.0,0.0,0.0,-1.15
PROP-000227284A55,6.0,6.25,4.0,19.25,-0.25,-0.5,0.0
PROP-D266F6BD0ABE,5.15,5.4,4.0,18.25,0.0,0.0,-1.35
PROP-E31B213DA46A,4.0,4.25,4.0,18.0,0.0,0.0,0.0
PROP-68A1E9DDDBEE,4.0,4.25,3.0,18.0,0.0,-0.4,-1.75
PROP-DD36A602315A,5.75,6.0,4.0,19.0,0.0,-0.25,-0.5
PROP-1BB2D54C32FB,4.0,4.25,3.0,18.0,0.0,0.0,-1.15
PROP-398D23A73527,4.0,4.25,3.0,18.0,0.0,0.0,-1.15
PROP-5FFF972493E8,4.4,4.65,3.0,18.0,0.0,-0.75,-1.6
PROP-C1D6CE96163B,4.0,4.25,4.0,18.0,0.0,0.0,0.0
PROP-1728ADFFE3A6,4.0,4.25,4.0,18.0,0.0,0.0,0.0
PROP-7AEC3D8AF51E,6.0,6.25,4.0,19.5,0.0,0.0,-0.25
PROP-3823DDF935AF,6.0,6.25,4.0,19.25,-0.25,-0.5,0.0
PROP-745990587C5B,4.0,4.25,3.0,18.0,0.0,0.0,-1.15
PROP-33A32ECC59E8,4.0,4.25,4.0,18.0,0.0,0.0,0.0
PROP-59C0B66AB512,6.5,6.75,4.0,19.25,0.0,0.0,0.5
PROP-9E81EF174828,4.0,4.25,3.5,18.0,0.0,0.0,-0.4
PROP-7918A0543BED,5.9,6.15,4.5,18.0,0.0,1.0,1.9
PROP-60EC457D0936,4.0,4.25,4.0,18.0,0.0,0.0,0.0
PROP-6F901CE1707C,6.5,6.75,4.0,19.25,0.0,0.0,0.5
PROP-B8CCA5B077EC,5.9,6.15,4.5,18.0,0.0,1.0,1.9
PROP-39E81FB8972D,4.9,5.15,4.5,18.0,0.0,0.9,0.9
PROP-B225A8C6224E,4.0,4.25,3.0,18.0,0.0,0.0,-1.15
PROP-1B72B6E9EDBF,4.0,4.25,3.0,18.0,0.0,0.0,-1.15
PROP-8E56F9D006D4,4.0,4.25,3.0,18.0,0.0,0.0,-1.15
PROP-B78800F491B9,4.0,4.25,4.0,18.0,0.0,0.0,0.0
PROP-B03B3B46D32E,4.4,4.65,3.0,18.0,0.0,-0.75,-1.6
PROP-3253F7DCACDC,6.0,6.25,4.0,19.5,0.0,0.0,-0.25
PROP-E07545FB994B,4.0,4.25,3.5,18.0,0.0,0.0,-0.4
PROP-5A133BACF6BE,4.4,4.65,3.0,18.0,0.0,-0.75,-1.6
PROP-D106EFBB1FB7,5.15,5.4,4.0,18.25,0.0,0.0,-1.35
PROP-1355605F38C5,5.15,5.4,4.0,18.25,0.0,0.0,-1.35
PROP-61B8A9AEFA98,4.0,4.25,4.0,18.0,0.0,0.0,0.0
PROP-C42F61D7812F,4.0,4.25,3.0,18.0,0.0,-0.4,-1.75
PROP-676C42CA4778,6.0,6.25,4.0,19.25,-0.25,-0.5,0.0
PROP-A08BC850FD3D,6.0,6.25,4.0,19.5,0.0,0.0,-0.25
PROP-372A2F4351B9,4.0,4.25,4.0,18.0,0.0,0.0,0.0
PROP-20BB187570CC,6.25,6.5,4.0,19.5,0.0,0.25,0.0
PROP-0EBA19EF740C,5.9,6.15,4.5,18.0,0.0,1.0,1.9
PROP-D5C014EAD97E,4.0,4.25,3.0,18.0,0.0,0.0,-1.15
PROP-46EEF5F879C0,4.0,4.25,4.0,18.0,0.0,0.0,0.0
PROP-D51585FA641A,6.0,6.25,4.0,19.25,-0.25,-0.5,0.0
PROP-2C60ABC5A4FD,4.0,4.25,3.5,18.0,0.0,0.0,-0.4
PROP-1FE024C16000,4.0,4.25,4.0,18.0,0.0,0.0,0.0
PROP-E9539E4B5285,6.5,6.75,4.0,19.25,0.0,0.0,0.5
PROP-3BC470DF3E55,4.0,4.25,3.0,18.0,0.0,0.0,-1.15
PROP-4F05BDF246E9,6.0,6.25,4.0,19.25,-0.25,-0.5,0.0
PROP-762D7C1106F9,6.0,6.25,4.0,19.25,-0.25,-0.5,0.0
PROP-3A525EDA554C,5.15,5.4,4.0,18.5,-0.25,-0.6,-1.35
PROP-0A6C33856758,4.0,4.25,3.0,18.0,0.0,0.0,-1.15
PROP-97C92653EB1E,5.9,6.15,4.5,18.0,0.0,1.0,1.9
PROP-214CE85D66CF,4.0,4.25,4.0,18.0,0.0,0.0,0.0
PROP-53D5A88CABF0,6.0,6.25,4.0,19.25,-0.25,-0.5,0.0
PROP-E7641CA5BDDE,4.0,4.25,4.0,18.0,0.0,0.0,0.0
PROP-E8BBAB4BD9FD,5.9,6.15,4.5,18.0,0.0,1.0,1.9
PROP-157700681B80,4.0,4.25,3.5,18.0,0.0,0.0,-0.4
PROP-8C48FB13E61D,6.0,6.25,4.0,19.25,-0.25,-0.5,0.0
PROP-2206F339B89A,4.4,4.65,3.0,18.0,0.0,-0.75,-1.6
PROP-91050CC73B1E,6.5,6.75,4.0,19.25,0.0,0.0,0.5
PROP-C02F4D4BCC19,4.0,4.25,3.0,18.0,0.0,0.0,-1.15
PROP-A4D9A0349176,6.0,6.25,4.0,19.25,-0.25,-0.5,0.0
PROP-84641BD5411C,5.75,6.0,4.0,19.0,0.0,-0.25,-0.5
PROP-EDFC1FA0B6ED,6.0,6.25,4.0,19.5,0.0,0.0,-0.25
PROP-9EEE4BA2F0CF,6.0,6.25,4.0,19.5,0.0,0.0,-0.25
PROP-B4EC623C09EA,6.25,6.5,4.0,19.5,0.0,0.25,0.0
PROP-0535CAF1FAC7,4.0,4.25,3.0,18.0,0.0,0.0,-1.15
PROP-B49C49503C99,5.75,6.0,4.0,19.0,0.0,-0.25,-0.5
PROP-737058C691EB,5.15,5.4,4.0,18.25,0.0,0.0,-1.35
PROP-B995BC01E4D5,4.0,4.25,3.0,18.0,0.0,0.0,-1.15
PROP-14D04B065EFF,4.0,4.25,3.0,18.0,0.0,0.0,-1.15
PROP-EEB0A10DCBCC,4.0,4.25,3.0,18.0,0.0,-0.4,-1.75
PROP-7BF33A665DCB,6.0,6.25,4.0,19.25,-0.25,-0.5,0.0
PROP-127BFE798BE3,5.15,5.4,4.0,18.25,0.0,0.0,-1.35
PROP-0D33B9F918C9,4.9,5.15,4.5,18.0,0.0,0.9,0.9
PROP-903170F7CB0F,5.15,5.4,4.0,18.5,-0.25,-0.6,-1.35
PROP-49D4FAFE2404,5.9,6.15,4.5,18.0,0.0,1.0,1.9
PROP-E19F9BAD3AE8,4.0,4.25,4.0,18.0,0.0,0.0,0.0
PROP-8C1C2089D53A,6.0,6.25,4.0,19.25,-0.25,-0.5,0.0
PROP-3B84C0E541C7,6.0,6.25,4.0,19.5,0.0,0.0,-0.25
PROP-07B3294DA6EF,4.9,5.15,4.5,18.0,0.0,0.9,0.9
PROP-64CCFBC62641,6.0,6.25,4.0,19.5,0.0,0.0,-0.25
PROP-F8ABF62903AE,4.0,4.25,3.0,18.0,0.0,0.0,-1.15
PROP-94B272C1C697,6.0,6.25,4.0,19.5,0.0,0.0,-0.25
PROP-108E705E689F,4.0,4.25,4.0,18.0,0.0,0.0,0.0
PROP-69C97100740E,4.0,4.25,3.0,18.0,0.0,-0.4,-1.75
PROP-A547147D32EF,6.0,6.25,4.0,19.25,-0.25,-0.5,0.0
PROP-958B701E7728,6.0,6.25,4.0,19.25,-0.25,-0.5,0.0
PROP-8CD5EC64B8C9,6.25,6.5,4.0,19.5,0.0,0.25,0.0
PROP-C8BCFD4FFABE,4.0,4.25,3.0,18.0,0.0,-0.4,-1.75
PROP-9F32941833A5,4.4,4.65,3.0,18.0,0.0,-0.75,-1.6
PROP-4F55453B9ED7,4.0,4.25,3.0,18.0,0.0,0.0,-1.15
PROP-00D21E715BA4,4.0,4.25,4.0,18.0,0.0,0.0,0.0
PROP-6715FA45A16B,5.15,5.4,4.0,18.5,-0.25,-0.6,-1.35
PROP-DC78E858B7CB,4.0,4.25,4.0,18.0,0.0,0.0,0.0
PROP-6B359A4000AA,4.0,4.25,4.0,18.0,0.0,0.0,0.0
PROP-738B04745052,6.0,6.25,4.0,19.25,-0.25,-0.5,0.0
PROP-46ED7963FD46,4.0,4.25,3.0,18.0,0.0,0.0,-1.15
PROP-46C816D1054E,5.75,6.0,4.0,19.0,0.0,-0.25,-0.5
PROP-E2A60BE0FE64,6.0,6.25,4.0,19.5,0.0,0.0,-0.25
PROP-FB7FA2BB14A0,6.5,6.75,4.0,19.25,0.0,0.0,0.5
PROP-E0385DACF2EC,6.5,6.75,4.0,19.25,0.0,0.0,0.5
PROP-FE13381AD603,4.0,4.25,4.0,18.0,0.0,0.0,0.0
PROP-EEA0F92BFA07,4.0,4.25,3.0,18.0,0.0,-0.4,-1.75
PROP-7D135280347A,4.0,4.25,4.0,18.0,0.0,0.0,0.0
PROP-162B02D693C3,5.9,6.15,4.5,18.0,0.0,1.0,1.9
PROP-73D74490A550,4.0,4.25,4.0,18.0,0.0,0.0,0.0
PROP-9DD39628BD5C,4.0,4.25,3.0,18.0,0.0,0.0,-1.15
PROP-26B0E3183C74,5.15,5.4,4.0,18.5,-0.25,-0.6,-1.35
PROP-75C5EE92194A,5.15,5.4,4.0,18.5,-0.25,-0.6,-1.35
PROP-11AB556E1B7F,5.15,5.4,4.0,18.25,0.0,0.0,-1.35
PROP-95D54E473276,6.0,6.25,4.0,19.5,0.0,0.0,-0.25
PROP-E66E224CEF19,4.4,4.65,3.0,18.0,0.0,-0.75,-1.6
PROP-262EB7B0D771,5.75,6.0,4.0,19.0,0.0,-0.25,-0.5
PROP-D1B2F895F2EB,5.15,5.4,4.0,18.25,0.0,0.0,-1.35
PROP-82D45243A444,4.0,4.25,4.0,18.0,0.0,0.0,0.0
PROP-8F2A49BC74A3,6.5,6.75,4.0,19.25,0.0,0.0,0.5
PROP-7F39E980C902,4.9,5.15,4.5,18.0,0.0,0.9,0.9
PROP-D4467222C0F9,4.0,4.25,4.0,18.0,0.0,0.0,0.0
PROP-0CBC4854F792,4.0,4.25,4.0,18.0,0.0,0.0,0.0
PROP-59CBC1D6774B,4.0,4.25,4.0,18.0,0.0,0.0,0.0
PROP-B1B675E8142D,5.15,5.4,4.0,18.25,0.0,0.0,-1.35
PROP-723AFBB2973C,6.5,6.75,4.0,19.25,0.0,0.0,0.5
PROP-58B6B62941AD,4.0,4.25,4.0,18.0,0.0,0.0,0.0
PROP-44E693DB18FE,4.0,4.25,3.0,18.0,0.0,0.0,-1.15
PROP-ED813BF821A6,5.15,5.4,4.0,18.25,0.0,0.0,-1.35
PROP-089E4346BF75,4.4,4.65,3.0,18.0,0.0,-0.75,-1.6
PROP-4AA7684F1488,4.0,4.25,3.0,18.0,0.0,0.0,-1.15
PROP-69C3331D7873,4.0,4.25,4.0,18.0,0.0,0.0,0.0
PROP-3A2F20591B14,6.0,6.25,4.0,19.25,-0.25,-0.5,0.0
PROP-0FA6DEC053FD,4.9,5.15,4.5,18.0,0.0,0.9,0.9
PROP-943FD95F8EAB,4.0,4.25,3.0,18.0,0.0,0.0,-1.15
PROP-32FC177241AD,5.15,5.4,4.0,18.5,-0.25,-0.6,-1.35
PROP-AC484A704763,4.0,4.25,3.0,18.0,0.0,0.0,-1.15
PROP-C935897EA31C,4.0,4.25,3.0,18.0,0.0,-0.4,-1.75
PROP-EBB27C120F4D,6.0,6.25,4.0,19.25,-0.25,-0.5,0.0
PROP-BC27555666D6,4.9,5.15,4.5,18.0,0.0,0.9,0.9
PROP-C9CE9E1BE5F1,5.75,6.0,4.0,19.0,0.0,-0.25,-0.5
PROP-473A60EABD96,4.9,5.15,4.5,18.0,0.0,0.9,0.9
PROP-AC35FE2E863B,6.5,6.75,4.0,19.25,0.0,0.0,0.5
PROP-B1D5055D16F0,4.0,4.25,4.0,18.0,0.0,0.0,0.0
PROP-4A16392BC138,5.9,6.15,4.5,18.0,0.0,1.0,1.9
PROP-C4EE8887A689,6.5,6.75,4.0,19.5,0.0,0.25,0.5
PROP-536072C845CF,4.0,4.25,4.0,18.0,0.0,0.0,0.0
PROP-D1007B77BD55,4.0,4.25,4.0,18.0,0.0,0.0,0.0
PROP-239E25FDEE2E,5.15,5.4,4.0,18.5,-0.25,-0.6,-1.35
PROP-2AA7FE5DF11E,6.5,6.75,4.0,19.25,0.0,0.0,0.5
PROP-EE42602BC1DA,4.0,4.25,4.0,18.0,0.0,0.0,0.0
PROP-B8D7EF8F1CF6,6.25,6.5,4.0,19.5,0.0,0.25,0.0
PROP-0707ECB00886,6.5,6.75,4.0,19.25,0.0,0.0,0.5
PROP-40B8AAB716B5,4.0,4.25,3.0,18.0,0.0,0.0,-1.15
PROP-9C0494989865,5.9,6.15,4.5,18.0,0.0,1.0,1.9
PROP-5FBE7C83FD8A,4.0,4.25,3.0,18.0,0.0,-0.4,-1.75
PROP-BA401F39E109,4.0,4.25,4.0,18.0,0.0,0.0,0.0
PROP-3771E212EE6C,6.5,6.75,4.0,19.25,0.0,0.0,0.5
PROP-F9E0FF6B4D86,4.0,4.25,3.0,18.0,0.0,0.0,-1.15
PROP-B6A346B955EC,6.25,6.5,4.0,19.5,0.0,0.25,0.0
PROP-3EB3CBE9E9B3,4.4,4.65,3.0,18.0,0.0,-0.75,-1.6
PROP-ABC5A3DB50CB,4.0,4.25,4.0,18.0,0.0,0.0,0.0
PROP-242E8DAFB0D2,4.0,4.25,4.0,18.0,0.0,0.0,0.0
PROP-6A6FAAAA871F,4.0,4.25,3.0,18.0,0.0,-0.4,-1.75
PROP-A67E3AACE831,6.0,6.25,4.0,19.25,-0.25,-0.5,0.0
PROP-8C80456151F1,4.0,4.25,3.0,18.0,0.0,0.0,-1.15
PROP-05F21C0AB51B,4.4,4.65,3.0,18.0,0.0,-0.75,-1.6
PROP-8D5ECD736CDD,4.0,4.25,3.0,18.0,0.0,0.0,-1.15
PROP-468179C5D1E4,6.5,6.75,4.0,19.5,0.0,0.25,0.5
PROP-8AB32E3DCFB2,6.0,6.25,4.0,19.5,0.0,0.0,-0.25
PROP-BED17B538DE1,4.0,4.25,4.0,18.0,0.0,0.0,0.0
PROP-DF0C747C508F,4.0,4.25,3.0,18.0,0.0,-0.4,-1.75
PROP-8A5AEA8A0508,4.0,4.25,3.0,18.0,0.0,0.0,-1.15
PROP-7B8160A15414,4.0,4.25,4.0,18.0,0.0,0.0,0.0
PROP-A7FA60D674BC,6.25,6.5,4.0,19.5,0.0,0.25,0.0
PROP-4CD25030D02F,4.0,4.25,3.5,18.0,0.0,0.0,-0.4
PROP-2C5A2A34CE01,4.0,4.25,4.0,18.0,0.0,0.0,0.0
PROP-B999F27E41BF,5.9,6.15,4.5,18.0,0.0,1.0,1.9
PROP-455D9123EBA4,5.15,5.4,4.0,18.25,0.0,0.0,-1.35
PROP-635EB13EA470,6.0,6.25,4.0,19.5,0.0,0.0,-0.25
PROP-6A7EA85260A1,4.0,4.25,4.0,18.0,0.0,0.0,0.0
PROP-E3C7480A33D6,4.0,4.25,3.0,18.0,0.0,-0.4,-1.75
PROP-56E474E660FC,5.15,5.4,4.0,18.25,0.0,0.0,-1.35
PROP-C1BCC9332735,4.0,4.25,4.0,18.0,0.0,0.0,0.0
PROP-06C7A26820EE,6.25,6.5,4.0,19.5,0.0,0.25,0.0
PROP-23CCF3ECB318,6.0,6.25,4.0,19.5,0.0,0.0,-0.25
PROP-BD0EFDD55941,4.9,5.15,4.5,18.0,0.0,0.9,0.9
PROP-6D810D4607DD,6.5,6.75,4.0,19.5,0.0,0.25,0.5
PROP-C31DB34FF0D3,5.9,6.15,4.5,18.0,0.0,1.0,1.9
PROP-FE554730CDDA,4.0,4.25,3.0,18.0,0.0,0.0,-1.15
PROP-5977E7E1E977,6.5,6.75,4.0,19.5,0.0,0.25,0.5
PROP-A44AB0F92F57,4.0,4.25,4.0,18.0,0.0,0.0,0.0
PROP-ED6A17A2E494,4.0,4.25,3.0,18.0,0.0,0.0,-1.15
PROP-F510311D1E27,6.25,6.5,4.0,19.5,0.0,0.25,0.0
PROP-246377AFCB21,4.0,4.25,3.0,18.0,0.0,-0.4,-1.75
PROP-3AB12F84366F,4.9,5.15,4.5,18.0,0.0,0.9,0.9
PROP-E6A82357ED3E,4.0,4.25,3.0,18.0,0.0,0.0,-1.15
PROP-729166C1D8E1,4.0,4.25,3.5,18.0,0.0,0.0,-0.4
PROP-B5E60FCBFC15,4.0,4.25,4.0,18.0,0.0,0.0,0.0
PROP-E2E4BD34C84D,6.5,6.75,4.0,19.5,0.0,0.25,0.5
PROP-B4697143CD46,4.0,4.25,3.0,18.0,0.0,-0.4,-1.75
PROP-96ACFA82F1E2,6.0,6.25,4.0,19.5,0.0,0.0,-0.25
PROP-ED067BF8B1C3,5.15,5.4,4.0,18.25,0.0,0.0,-1.35
PROP-C25EC1A65564,4.0,4.25,3.0,18.0,0.0,-0.4,-1.75
PROP-CC63B1AB551F,6.0,6.25,4.0,19.25,-0.25,-0.5,0.0
PROP-3A813D3650D4,6.5,6.75,4.0,19.5,0.0,0.25,0.5
PROP-AE3A7FB13428,6.25,6.5,4.0,19.5,0.0,0.25,0.0
PROP-A4D6700F61A1,6.0,6.25,4.0,19.25,-0.25,-0.5,0.0
PROP-8997AD0B9FA7,6.5,6.75,4.0,19.25,0.0,0.0,0.5
PROP-12473BF4436D,4.0,4.25,4.0,18.0,0.0,0.0,0.0
PROP-5A6427216B41,4.0,4.25,4.0,18.0,0.0,0.0,0.0
PROP-19031B804DE8,4.0,4.25,4.0,18.0,0.0,0.0,0.0
PROP-A88BB4379519,4.0,4.25,3.0,18.0,0.0,0.0,-1.15
PROP-D4C15B7AA86E,5.75,6.0,4.0,19.0,0.0,-0.25,-0.5
PROP-DE7E09588887,5.15,5.4,4.0,18.5,-0.25,-0.6,-1.35
PROP-975FD8A711E3,6.0,6.25,4.0,19.25,-0.25,-0.5,0.0
PROP-8DFDEBBCF846,6.5,6.75,4.0,19.5,0.0,0.25,0.5
PROP-B00E74D0F22D,5.15,5.4,4.0,18.25,0.0,0.0,-1.35
PROP-8C9CC2A38116,4.0,4.25,3.0,18.0,0.0,-0.4,-1.75
PROP-B599B1954608,4.9,5.15,4.5,18.0,0.0,0.9,0.9
PROP-EE6C4F80095E,4.0,4.25,4.0,18.0,0.0,0.0,0.0
PROP-19BA84F568AF,6.0,6.25,4.0,19.5,0.0,0.0,-0.25
PROP-6171ED7EF542,5.15,5.4,4.0,18.5,-0.25,-0.6,-1.35
PROP-BBBD4B496738,5.75,6.0,4.0,19.0,0.0,-0.25,-0.5
PROP-B8E54493D89F,6.5,6.75,4.0,19.5,0.0,0.25,0.5
PROP-F72F006C0A67,5.9,6.15,4.5,18.0,0.0,1.0,1.9
PROP-B2DC063C2008,6.5,6.75,4.0,19.5,0.0,0.25,0.5
PROP-D935080AFBEE,5.75,6.0,4.0,19.0,0.0,-0.25,-0.5
PROP-FD67BD00167E,4.0,4.25,4.0,18.0,0.0,0.0,0.0
PROP-8D0ACAA3B664,5.15,5.4,4.0,18.5,-0.25,-0.6,-1.35
PROP-BF4C557C8EAD,6.5,6.75,4.0,19.25,0.0,0.0,0.5
PROP-07E92179B7D9,6.5,6.75,4.0,19.25,0.0,0.0,0.5
PROP-1B11353AFBFD,4.4,4.65,3.0,18.0,0.0,-0.75,-1.6
PROP-65A568F8C6C3,4.0,4.25,3.0,18.0,0.0,0.0,-1.15
PROP-35A2BA103625,4.0,4.25,4.0,18.0,0.0,0.0,0.0
PROP-9E416090CD1B,4.0,4.25,4.0,18.0,0.0,0.0,0.0
PROP-5CF75179CDBB,6.5,6.75,4.0,19.5,0.0,0.25,0.5
PROP-E6D6484BF620,4.4,4.65,3.0,18.0,0.0,-0.75,-1.6
PROP-05ADBB061371,4.0,4.25,3.5,18.0,0.0,0.0,-0.4
PROP-0EC53738418F,4.9,5.15,4.5,18.0,0.0,0.9,0.9
PROP-6FBADABA28E7,4.4,4.65,3.0,18.0,0.0,-0.75,-1.6
PROP-91A5C082A239,5.9,6.15,4.5,18.0,0.0,1.0,1.9
PROP-3B37A88FA0F9,4.9,5.15,4.5,18.0,0.0,0.9,0.9
PROP-74446614F02A,4.0,4.25,3.0,18.0,0.0,0.0,-1.15
PROP-9024E6B59AD1,6.0,6.25,4.0,19.5,0.0,0.0,-0.25
PROP-ACFAA860089D,4.0,4.25,3.0,18.0,0.0,0.0,-1.15
PROP-D16FB61DAB5B,4.0,4.25,3.0,18.0,0.0,-0.4,-1.75
PROP-278844013E37,4.0,4.25,4.0,18.0,0.0,0.0,0.0
PROP-28A35C76E09B,6.0,6.25,4.0,19.5,0.0,0.0,-0.25
PROP-56CD627D0D22,6.5,6.75,4.0,19.25,0.0,0.0,0.5
PROP-B4C7B87F975E,4.0,4.25,4.0,18.0,0.0,0.0,0.0
PROP-FF381DEEA212,4.0,4.25,4.0,18.0,0.0,0.0,0.0
PROP-CC6285CD59CE,4.0,4.25,3.0,18.0,0.0,0.0,-1.15
PROP-22F97124E57E,4.0,4.25,3.0,18.0,0.0,-0.4,-1.75
PROP-393FC1BCFA2E,4.0,4.25,3.0,18.0,0.0,0.0,-1.15
PROP-ECBEB890E686,4.0,4.25,4.0,18.0,0.0,0.0,0.0
PROP-FB5D1AADF739,6.5,6.75,4.0,19.25,0.0,0.0,0.5
PROP-E57B6AFA4D1A,4.4,4.65,3.0,18.0,0.0,-0.75,-1.6
PROP-FA075C3B390B,4.0,4.25,4.0,18.0,0.0,0.0,0.0
PROP-AFD2A272539B,4.0,4.25,4.0,18.0,0.0,0.0,0.0
PROP-5073518DC4C4,5.15,5.4,4.0,18.5,-0.25,-0.6,-1.35
PROP-7ED9D16B4A84,5.9,6.15,4.5,18.0,0.0,1.0,1.9
PROP-466AF358677D,6.5,6.75,4.0,19.5,0.0,0.25,0.5
PROP-0635841F6D3C,5.15,5.4,4.0,18.5,-0.25,-0.6,-1.35
PROP-08005E9C2B3E,4.0,4.25,4.0,18.0,0.0,0.0,0.0
PROP-138EA99B7136,5.15,5.4,4.0,18.25,0.0,0.0,-1.35
PROP-FAFAE77F0095,5.15,5.4,4.0,18.25,0.0,0.0,-1.35
PROP-436EE8E1CBE7,4.0,4.25,3.0,18.0,0.0,0.0,-1.15
PROP-84F443D9FE7C,5.75,6.0,4.0,19.0,0.0,-0.25,-0.5
PROP-D634AA61831A,4.0,4.25,4.0,18.0,0.0,0.0,0.0
PROP-877013BCA83A,4.0,4.25,4.0,18.0,0.0,0.0,0.0
PROP-16A02F189254,5.15,5.4,4.0,18.25,0.0,0.0,-1.35
PROP-58E6F72FD497,4.0,4.25,4.0,18.0,0.0,0.0,0.0
PROP-F5B2923FF5D2,4.0,4.25,4.0,18.0,0.0,0.0,0.0
PROP-A208C676A6D6,4.0,4.25,4.0,18.0,0.0,0.0,0.0
PROP-195FDAF2FB4E,4.0,4.25,3.5,18.0,0.0,0.0,-0.4
PROP-2BD3DCFC4E20,5.9,6.15,4.5,18.0,0.0,1.0,1.9
PROP-9D58F7F27BEA,5.15,5.4,4.0,18.5,-0.25,-0.6,-1.35
PROP-8650D77D03F2,5.15,5.4,4.0,18.25,0.0,0.0,-1.35
PROP-4DD00D1740F9,5.15,5.4,4.0,18.5,-0.25,-0.6,-1.35
PROP-958AC097DB24,4.0,4.25,4.0,18.0,0.0,0.0,0.0
PROP-731A2F56E657,4.0,4.25,4.0,18.0,0.0,0.0,0.0
PROP-34A272FE93B7,6.5,6.75,4.0,19.5,0.0,0.25,0.5
PROP-880CEB87E272,4.0,4.25,4.0,18.0,0.0,0.0,0.0
PROP-679AC0C9D773,6.5,6.75,4.0,19.5,0.0,0.25,0.5
PROP-EE1F7B50872B,6.5,6.75,4.0,19.5,0.0,0.25,0.5
PROP-7BC1C7973745,4.0,4.25,3.0,18.0,0.0,0.0,-1.15
PROP-35BB574F9F58,4.0,4.25,3.5,18.0,0.0,0.0,-0.4
PROP-17BED5C33315,4.0,4.25,3.0,18.0,0.0,0.0,-1.15
PROP-716C1C3869B8,4.0,4.25,3.5,18.0,0.0,0.0,-0.4
PROP-54B639EB1037,5.75,6.0,4.0,19.0,0.0,-0.25,-0.5
PROP-241ABE4D826E,4.0,4.25,4.0,18.0,0.0,0.0,0.0
PROP-C95A79983804,4.0,4.25,3.0,18.0,0.0,0.0,-1.15
PROP-D84C06FCBEC6,4.9,5.15,4.5,18.0,0.0,0.9,0.9
PROP-BB84CB2BB38E,6.25,6.5,4.0,19.5,0.0,0.25,0.0
PROP-4A9B133734C3,5.75,6.0,4.0,19.0,0.0,-0.25,-0.5
PROP-B89B0E1A51C3,6.5,6.75,4.0,19.25,0.0,0.0,0.5
PROP-37C83F24537E,6.0,6.25,4.0,19.5,0.0,0.0,-0.25
PROP-9EC06CDE3FE5,6.0,6.25,4.0,19.5,0.0,0.0,-0.25
PROP-AD44D7750C5C,4.0,4.25,4.0,18.0,0.0,0.0,0.0
PROP-7E4E30F5CDFA,4.0,4.25,4.0,18.0,0.0,0.0,0.0
PROP-1CD9E0CD67BA,5.15,5.4,4.0,18.25,0.0,0.0,-1.35
PROP-A39B58DD3D8D,5.9,6.15,4.5,18.0,0.0,1.0,1.9
PROP-E536BB4B5B21,4.0,4.25,4.0,18.0,0.0,0.0,0.0
PROP-68F2A808349D,4.0,4.25,3.0,18.0,0.0,0.0,-1.15
PROP-8F3FDCAF7F39,4.9,5.15,4.5,18.0,0.0,0.9,0.9
PROP-307C6737242B,4.4,4.65,3.0,18.0,0.0,-0.75,-1.6
PROP-F65690F2ABD0,4.0,4.25,3.0,18.0,0.0,0.0,-1.15
PROP-A7999232B5E4,5.15,5.4,4.0,18.25,0.0,0.0,-1.35
PROP-66302A7632CF,4.0,4.25,3.5,18.0,0.0,0.0,-0.4
PROP-5D265814543E,4.0,4.25,4.0,18.0,0.0,0.0,0.0
PROP-8D7EF453F020,5.15,5.4,4.0,18.25,0.0,0.0,-1.35
PROP-839AF4064A0D,6.25,6.5,4.0,19.5,0.0,0.25,0.0
PROP-696D6304721C,4.9,5.15,4.5,18.0,0.0,0.9,0.9
PROP-B68DD5AC1AF2,4.0,4.25,4.0,18.0,0.0,0.0,0.0
PROP-A5742665C7B2,4.0,4.25,3.0,18.0,0.0,0.0,-1.15
PROP-02885E29E6E6,4.4,4.65,3.0,18.0,0.0,-0.75,-1.6
PROP-6DECCB0C8BA2,6.0,6.25,4.0,19.5,0.0,0.0,-0.25
PROP-D1F20278616A,5.9,6.15,4.5,18.0,0.0,1.0,1.9
PROP-AABFB17B7D65,4.9,5.15,4.5,18.0,0.0,0.9,0.9
PROP-C4FD0E7AF566,6.25,6.5,4.0,19.5,0.0,0.25,0.0
PROP-82FB416D268D,6.0,6.25,4.0,19.25,-0.25,-0.5,0.0
PROP-1BE7E0CBCE41,4.0,4.25,4.0,18.0,0.0,0.0,0.0
PROP-B69A54FA2B79,6.5,6.75,4.0,19.5,0.0,0.25,0.5
PROP-A5130E55164A,6.0,6.25,4.0,19.5,0.0,0.0,-0.25
PROP-029C14FB671B,4.0,4.25,3.0,18.0,0.0,-0.4,-1.75
PROP-18691DEDBB22,4.0,4.25,4.0,18.0,0.0,0.0,0.0
PROP-0C83D872A2B6,4.0,4.25,3.5,18.0,0.0,0.0,-0.4
PROP-8A7D7FB7C618,4.0,4.25,3.0,18.0,0.0,0.0,-1.15
PROP-3AB4A20C068F,6.0,6.25,4.0,19.5,0.0,0.0,-0.25
PROP-A2CE2A190D11,4.0,4.25,3.0,18.0,0.0,-0.4,-1.75
PROP-CF35A6139A44,4.0,4.25,4.0,18.0,0.0,0.0,0.0
PROP-044AB85B66BD,4.0,4.25,4.0,18.0,0.0,0.0,0.0
PROP-7EB237241262,4.0,4.25,4.0,18.0,0.0,0.0,0.0
PROP-559ADCEFFC03,4.0,4.25,3.0,18.0,0.0,-0.4,-1.75
PROP-FF857BF81E6E,4.0,4.25,4.0,18.0,0.0,0.0,0.0
PROP-31E29FF66B52,4.0,4.25,4.0,18.0,0.0,0.0,0.0
PROP-879269C215CD,4.0,4.25,4.0,18.0,0.0,0.0,0.0
PROP-C86AD0AFD767,4.0,4.25,3.5,18.0,0.0,0.0,-0.4
PROP-4CB24B1A7F77,4.9,5.15,4.5,18.0,0.0,0.9,0.9
PROP-DBBFAE6B0C09,5.15,5.4,4.0,18.25,0.0,0.0,-1.35
PROP-E1347252CBE3,5.75,6.0,4.0,19.0,0.0,-0.25,-0.5
PROP-6C1BA666DB5C,5.75,6.0,4.0,19.0,0.0,-0.25,-0.5
PROP-7F84A31206E7,4.0,4.25,3.0,18.0,0.0,0.0,-1.15
PROP-70DFF3D37A56,6.0,6.25,4.0,19.25,-0.25,-0.5,0.0
PROP-D1ECAC019D3E,4.9,5.15,4.5,18.0,0.0,0.9,0.9
PROP-7CA7DCEACC90,6.0,6.25,4.0,19.5,0.0,0.0,-0.25
PROP-22FE79AFEBE4,4.0,4.25,4.0,18.0,0.0,0.0,0.0
PROP-0B513B85D5FC,6.5,6.75,4.0,19.25,0.0,0.0,0.5
PROP-F72BAAA45BAD,4.0,4.25,4.0,18.0,0.0,0.0,0.0
PROP-F0513E15F390,5.9,6.15,4.5,18.0,0.0,1.0,1.9
PROP-D0706C8D1125,5.9,6.15,4.5,18.0,0.0,1.0,1.9
PROP-D121AA0C3AAA,4.0,4.25,4.0,18.0,0.0,0.0,0.0
PROP-F199A2484588,4.9,5.15,4.5,18.0,0.0,0.9,0.9
PROP-0B1D55847FE5,6.25,6.5,4.0,19.5,0.0,0.25,0.0
PROP-B3D026B97011,4.4,4.65,3.0,18.0,0.0,-0.75,-1.6
PROP-235A8C785338,4.0,4.25,3.5,18.0,0.0,0.0,-0.4
PROP-2E72DA46B322,5.75,6.0,4.0,19.0,0.0,-0.25,-0.5
PROP-D676E746E42B,6.5,6.75,4.0,19.25,0.0,0.0,0.5
PROP-3CCFB0787684,6.5,6.75,4.0,19.5,0.0,0.25,0.5
PROP-6D255EF087E8,6.5,6.75,4.0,19.25,0.0,0.0,0.5
PROP-F1F9B7ED7424,6.0,6.25,4.0,19.25,-0.25,-0.5,0.0
PROP-D61BBFBF56E2,4.4,4.65,3.0,18.0,0.0,-0.75,-1.6
PROP-959624B1253A,6.25,6.5,4.0,19.5,0.0,0.25,0.0
PROP-F5CB45D8CF6F,6.25,6.5,4.0,19.5,0.0,0.25,0.0
PROP-E4DFCB86AC04,6.25,6.5,4.0,19.5,0.0,0.25,0.0
PROP-91B509DD234B,6.5,6.75,4.0,19.5,0.0,0.25,0.5
PROP-C5C3B4BEAEB1,5.15,5.4,4.0,18.5,-0.25,-0.6,-1.35
PROP-D55950B2A27C,4.0,4.25,3.0,18.0,0.0,0.0,-1.15
PROP-81C09A6C6EAE,4.0,4.25,3.0,18.0,0.0,0.0,-1.15
PROP-6C820DE65EB9,4.0,4.25,4.0,18.0,0.0,0.0,0.0
PROP-5FABD7B9D2A3,4.0,4.25,4.0,18.0,0.0,0.0,0.0
PROP-0A1D104A6B22,4.0,4.25,3.5,18.0,0.0,0.0,-0.4
PROP-49FDBFDC3CA2,4.0,4.25,3.5,18.0,0.0,0.0,-0.4
PROP-5A15969E04AC,6.0,6.25,4.0,19.5,0.0,0.0,-0.25
PROP-6898C5489F27,4.0,4.25,4.0,18.0,0.0,0.0,0.0
PROP-1419EBCC9C10,4.0,4.25,3.0,18.0,0.0,0.0,-1.15
PROP-3819EC0ED052,6.0,6.25,4.0,19.25,-0.25,-0.5,0.0
PROP-14B7E84EC415,5.9,6.15,4.5,18.0,0.0,1.0,1.9
PROP-C76DC7396011,6.5,6.75,4.0,19.5,0.0,0.25,0.5
PROP-83C8C0F36E1C,4.0,4.25,4.0,18.0,0.0,0.0,0.0
PROP-F207D5CD808B,4.4,4.65,3.0,18.0,0.0,-0.75,-1.6
PROP-9F9A77B0B0ED,4.0,4.25,4.0,18.0,0.0,0.0,0.0
PROP-CF51FA0D5DC0,4.0,4.25,3.0,18.0,0.0,-0.4,-1.75
PROP-0E74734C91CC,5.15,5.4,4.0,18.25,0.0,0.0,-1.35
PROP-EA0D6158899E,5.15,5.4,4.0,18.25,0.0,0.0,-1.35
PROP-3D21D2F1524A,4.0,4.25,3.0,18.0,0.0,0.0,-1.15
PROP-ED5359BE4667,4.0,4.25,4.0,18.0,0.0,0.0,0.0
PROP-A6E8C948EB02,4.0,4.25,4.0,18.0,0.0,0.0,0.0
PROP-B0A4036F9A05,4.0,4.25,3.0,18.0,0.0,0.0,-1.15
PROP-E8F5A4E76F8A,4.0,4.25,3.5,18.0,0.0,0.0,-0.4
PROP-ED3142B78877,6.0,6.25,4.0,19.5,0.0,0.0,-0.25
PROP-64F1DC9F7AFF,4.0,4.25,4.0,18.0,0.0,0.0,0.0
PROP-E1EF509F935B,6.5,6.75,4.0,19.25,0.0,0.0,0.5
PROP-0E86F3D01A91,4.0,4.25,3.0,18.0,0.0,0.0,-1.15
PROP-8B2520F534A9,5.15,5.4,4.0,18.5,-0.25,-0.6,-1.35
PROP-F77DF3A87D13,4.0,4.25,4.0,18.0,0.0,0.0,0.0
PROP-45EA70187843,6.0,6.25,4.0,19.25,-0.25,-0.5,0.0
PROP-458A6DD8A64D,5.75,6.0,4.0,19.0,0.0,-0.25,-0.5
PROP-84679F5DEDCD,6.5,6.75,4.0,19.25,0.0,0.0,0.5
PROP-3E26D485136C,4.0,4.25,3.0,18.0,0.0,0.0,-1.15
PROP-DD9F4263FFD2,4.0,4.25,4.0,18.0,0.0,0.0,0.0
PROP-52F43E9C6FA3,4.0,4.25,4.0,18.0,0.0,0.0,0.0
PROP-00135F037FFC,5.75,6.0,4.0,19.0,0.0,-0.25,-0.5
PROP-EDF2C0704D5E,6.5,6.75,4.0,19.25,0.0,0.0,0.5
PROP-BCA51229B6B8,4.0,4.25,4.0,18.0,0.0,0.0,0.0
PROP-EDC3642869B7,4.0,4.25,4.0,18.0,0.0,0.0,0.0
PROP-1F6DC96A3CA7,6.25,6.5,4.0,19.5,0.0,0.25,0.0
PROP-6B3329DE0E25,5.15,5.4,4.0,18.25,0.0,0.0,-1.35
PROP-E040EFD0E5EF,6.0,6.25,4.0,19.5,0.0,0.0,-0.25
PROP-82282004A78B,4.4,4.65,3.0,18.0,0.0,-0.75,-1.6
PROP-13CF4411AE81,4.0,4.25,3.0,18.0,0.0,0.0,-1.15
PROP-948A1130F9DD,4.0,4.25,3.0,18.0,0.0,0.0,-1.15
PROP-689F4DBFAC80,6.0,6.25,4.0,19.5,0.0,0.0,-0.25
PROP-B5B34DCBA259,6.5,6.75,4.0,19.5,0.0,0.25,0.5
PROP-6B3808B73B4C,4.0,4.25,3.0,18.0,0.0,-0.4,-1.75
PROP-E8FD32A3916C,6.5,6.75,4.0,19.5,0.0,0.25,0.5
PROP-90839A0E4CBA,4.0,4.25,3.0,18.0,0.0,0.0,-1.15
PROP-267FB5516F5E,5.15,5.4,4.0,18.25,0.0,0.0,-1.35
PROP-C892C0EA0F3C,4.0,4.25,3.5,18.0,0.0,0.0,-0.4
PROP-BAB7782567A1,6.5,6.75,4.0,19.5,0.0,0.25,0.5
PROP-58C9876B5D7D,5.15,5.4,4.0,18.25,0.0,0.0,-1.35
PROP-2B224DBF77F8,4.0,4.25,3.0,18.0,0.0,-0.4,-1.75
PROP-E8DE25016C12,6.0,6.25,4.0,19.5,0.0,0.0,-0.25
PROP-CFB428FB0363,4.0,4.25,3.0,18.0,0.0,-0.4,-1.75
PROP-EA831A60C775,5.15,5.4,4.0,18.25,0.0,0.0,-1.35
PROP-7F0AA396C140,4.4,4.65,3.0,18.0,0.0,-0.75,-1.6
PROP-C260304A1352,4.4,4.65,3.0,18.0,0.0,-0.75,-1.6
PROP-82D50D4155E9,4.0,4.25,3.0,18.0,0.0,0.0,-1.15
PROP-DE82B62A1A95,5.75,6.0,4.0,19.0,0.0,-0.25,-0.5
PROP-CEBC73490271,6.0,6.25,4.0,19.25,-0.25,-0.5,0.0
PROP-D2AFF8E47DAE,4.0,4.25,3.0,18.0,0.0,-0.4,-1.75
PROP-3B345DE5905E,4.0,4.25,4.0,18.0,0.0,0.0,0.0
PROP-3C67411A46B3,6.5,6.75,4.0,19.25,0.0,0.0,0.5
PROP-B14B320EBDFC,5.9,6.15,4.5,18.0,0.0,1.0,1.9
PROP-F4CFA5C0A1F3,4.4,4.65,3.0,18.0,0.0,-0.75,-1.6
PROP-7C906484B12D,6.5,6.75,4.0,19.25,0.0,0.0,0.5
PROP-4634BE669FE9,4.0,4.25,4.0,18.0,0.0,0.0,0.0
PROP-195C8A240117,5.9,6.15,4.5,18.0,0.0,1.0,1.9
PROP-E594F511AF43,6.0,6.25,4.0,19.25,-0.25,-0.5,0.0
PROP-0AD9D77DD2DA,5.15,5.4,4.0,18.25,0.0,0.0,-1.35
PROP-3FABBABC3977,4.0,4.25,4.0,18.0,0.0,0.0,0.0
PROP-AA1F2E9E4803,4.9,5.15,4.5,18.0,0.0,0.9,0.9
PROP-E14B49386C83,4.0,4.25,4.0,18.0,0.0,0.0,0.0
PROP-4344F2300610,4.0,4.25,3.0,18.0,0.0,-0.4,-1.75
PROP-F609A442B949,4.0,4.25,3.5,18.0,0.0,0.0,-0.4
PROP-C17B8BD3A4EF,5.75,6.0,4.0,19.0,0.0,-0.25,-0.5
PROP-47BEDED8C92E,4.0,4.25,4.0,18.0,0.0,0.0,0.0
PROP-614112E6C915,6.5,6.75,4.0,19.5,0.0,0.25,0.5
PROP-EBBFBEAD8451,6.5,6.75,4.0,19.25,0.0,0.0,0.5
PROP-158B6A2025AB,4.0,4.25,4.0,18.0,0.0,0.0,0.0
PROP-5BD41C6908ED,4.0,4.25,3.5,18.0,0.0,0.0,-0.4
PROP-57BCBA109AEF,4.0,4.25,3.0,18.0,0.0,0.0,-1.15
PROP-E1D5E0FF19DA,4.0,4.25,3.0,18.0,0.0,0.0,-1.15
PROP-64D0AD54CE95,4.4,4.65,3.0,18.0,0.0,-0.75,-1.6
PROP-464B1C603948,6.5,6.75,4.0,19.25,0.0,0.0,0.5
PROP-C6D0CBEC9F17,4.0,4.25,3.0,18.0,0.0,-0.4,-1.75
PROP-A8C7BF3EA9D9,4.0,4.25,3.0,18.0,0.0,0.0,-1.15
PROP-874974318F8A,4.4,4.65,3.0,18.0,0.0,-0.75,-1.6
PROP-E6BC27C0C4ED,4.9,5.15,4.5,18.0,0.0,0.9,0.9
PROP-D8FBA4497356,5.75,6.0,4.0,19.0,0.0,-0.25,-0.5
PROP-C4D5D168314D,6.25,6.5,4.0,19.5,0.0,0.25,0.0
PROP-DCC11695C733,6.5,6.75,4.0,19.5,0.0,0.25,0.5
PROP-3E7758FBEA9C,4.0,4.25,3.0,18.0,0.0,0.0,-1.15
PROP-B4E27E8C5540,5.15,5.4,4.0,18.25,0.0,0.0,-1.35
PROP-49345AB115D9,4.0,4.25,4.0,18.0,0.0,0.0,0.0
PROP-782A953D5CAC,4.0,4.25,4.0,18.0,0.0,0.0,0.0
PROP-02EB2A6BB322,4.0,4.25,3.0,18.0,0.0,0.0,-1.15
PROP-F9A4AC85C541,4.4,4.65,3.0,18.0,0.0,-0.75,-1.6
PROP-302C4BEE3BC0,4.0,4.25,3.0,18.0,0.0,-0.4,-1.75
PROP-304E27B69521,4.9,5.15,4.5,18.0,0.0,0.9,0.9
PROP-4FF5E02C31D4,4.0,4.25,4.0,18.0,0.0,0.0,0.0
PROP-E010A1A878EF,4.0,4.25,4.0,18.0,0.0,0.0,0.0
PROP-C9DEB9719E16,6.0,6.25,4.0,19.5,0.0,0.0,-0.25
PROP-BCC94AABCDC0,4.0,4.25,3.0,18.0,0.0,0.0,-1.15
PROP-05CA53500819,4.0,4.25,4.0,18.0,0.0,0.0,0.0
PROP-383A7D07DC0D,5.15,5.4,4.0,18.5,-0.25,-0.6,-1.35
PROP-E0E8EE8BB99E,5.75,6.0,4.0,19.0,0.0,-0.25,-0.5
PROP-9248574AA7B4,5.15,5.4,4.0,18.25,0.0,0.0,-1.35
PROP-5AF4176F7A71,6.5,6.75,4.0,19.5,0.0,0.25,0.5
PROP-C427B05AAC84,6.0,6.25,4.0,19.5,0.0,0.0,-0.25
PROP-8211F8809585,5.75,6.0,4.0,19.0,0.0,-0.25,-0.5
PROP-AA9458B2E497,5.15,5.4,4.0,18.25,0.0,0.0,-1.35
PROP-DD81E3A351B6,6.25,6.5,4.0,19.5,0.0,0.25,0.0
PROP-53A08B7E09D2,4.0,4.25,4.0,18.0,0.0,0.0,0.0
PROP-0CD0020BCB7A,4.0,4.25,3.5,18.0,0.0,0.0,-0.4
PROP-AB0BF9FE13B3,6.25,6.5,4.0,19.5,0.0,0.25,0.0
PROP-1D500711B9EE,5.9,6.15,4.5,18.0,0.0,1.0,1.9
PROP-2373D0335E39,5.9,6.15,4.5,18.0,0.0,1.0,1.9
PROP-5595AF735EEB,4.9,5.15,4.5,18.0,0.0,0.9,0.9
PROP-6D279CE92D70,4.4,4.65,3.0,18.0,0.0,-0.75,-1.6
PROP-A0147C18DA6C,4.0,4.25,4.0,18.0,0.0,0.0,0.0
PROP-69410EA0FE7B,6.5,6.75,4.0,19.5,0.0,0.25,0.5
PROP-5323BAC2EAB8,4.0,4.25,3.0,18.0,0.0,-0.4,-1.75
PROP-90FCBBF9DFC7,5.75,6.0,4.0,19.0,0.0,-0.25,-0.5
PROP-19DDE35CCD8A,5.9,6.15,4.5,18.0,0.0,1.0,1.9
PROP-0EEE4BABA2CB,6.25,6.5,4.0,19.5,0.0,0.25,0.0
PROP-0425234B3E25,5.15,5.4,4.0,18.25,0.0,0.0,-1.35
PROP-24690AD9BC21,4.0,4.25,4.0,18.0,0.0,0.0,0.0
PROP-B648F5933CA8,4.9,5.15,4.5,18.0,0.0,0.9,0.9
PROP-FB4663A87622,4.0,4.25,3.0,18.0,0.0,0.0,-1.15
PROP-184757901953,4.0,4.25,3.0,18.0,0.0,-0.4,-1.75
PROP-2D33FB5133E5,5.15,5.4,4.0,18.5,-0.25,-0.6,-1.35
PROP-65FA9395FADC,6.0,6.25,4.0,19.25,-0.25,-0.5,0.0
PROP-8B755816915C,6.0,6.25,4.0,19.25,-0.25,-0.5,0.0
PROP-8D6BA9ADCE62,5.75,6.0,4.0,19.0,0.0,-0.25,-0.5
PROP-09A0E39D77CC,4.0,4.25,4.0,18.0,0.0,0.0,0.0
PROP-4571497F0C62,5.15,5.4,4.0,18.25,0.0,0.0,-1.35
PROP-D09CD08DFBC2,4.0,4.25,4.0,18.0,0.0,0.0,0.0
PROP-96F57B5AEFA0,5.9,6.15,4.5,18.0,0.0,1.0,1.9
PROP-06D88C5A77EF,4.0,4.25,3.0,18.0,0.0,0.0,-1.15
PROP-CAABCB6C3B5B,6.25,6.5,4.0,19.5,0.0,0.25,0.0
PROP-F42359E769A8,4.0,4.25,4.0,18.0,0.0,0.0,0.0
PROP-F28E486C3DD2,4.0,4.25,4.0,18.0,0.0,0.0,0.0
PROP-6BC1C038B291,4.0,4.25,3.0,18.0,0.0,0.0,-1.15
PROP-363847D78ADD,5.75,6.0,4.0,19.0,0.0,-0.25,-0.5
PROP-27C29707C2C2,4.0,4.25,3.0,18.0,0.0,0.0,-1.15
PROP-34B36EEA068F,4.0,4.25,3.0,18.0,0.0,-0.4,-1.75
PROP-A58DD8CE844A,5.75,6.0,4.0,19.0,0.0,-0.25,-0.5
PROP-2997B246B908,5.15,5.4,4.0,18.25,0.0,0.0,-1.35
PROP-2391D93E36CD,4.0,4.25,3.5,18.0,0.0,0.0,-0.4
PROP-95A508500F44,6.0,6.25,4.0,19.5,0.0,0.0,-0.25
PROP-DB435621B187,5.15,5.4,4.0,18.25,0.0,0.0,-1.35
PROP-D3A72DE8C145,6.5,6.75,4.0,19.5,0.0,0.25,0.5
PROP-DAB68A857284,4.0,4.25,4.0,18.0,0.0,0.0,0.0
PROP-6FC82711E0A3,4.0,4.25,4.0,18.0,0.0,0.0,0.0
PROP-D41A0322D617,6.5,6.75,4.0,19.5,0.0,0.25,0.5
PROP-5D28E57C6D72,4.0,4.25,3.0,18.0,0.0,0.0,-1.15
PROP-E86C712106E6,4.0,4.25,3.0,18.0,0.0,0.0,-1.15
PROP-A8A15C6904F3,4.0,4.25,4.0,18.0,0.0,0.0,0.0
PROP-840841FB8368,4.4,4.65,3.0,18.0,0.0,-0.75,-1.6
PROP-5DF82316EC4A,4.0,4.25,3.5,18.0,0.0,0.0,-0.4
PROP-65A30323E804,4.0,4.25,4.0,18.0,0.0,0.0,0.0
PROP-D54BF2F0FBB5,4.9,5.15,4.5,18.0,0.0,0.9,0.9
PROP-B4A17A667CBF,4.0,4.25,4.0,18.0,0.0,0.0,0.0
PROP-EBCE0D409B63,6.25,6.5,4.0,19.5,0.0,0.25,0.0
PROP-1BCEE9DA403B,6.0,6.25,4.0,19.5,0.0,0.0,-0.25
PROP-236F3716984A,4.0,4.25,3.5,18.0,0.0,0.0,-0.4
PROP-5622A8C388EF,4.0,4.25,3.0,18.0,0.0,0.0,-1.15
PROP-29C5A600E63C,6.0,6.25,4.0,19.5,0.0,0.0,-0.25
PROP-751F5EC0DC58,4.0,4.25,4.0,18.0,0.0,0.0,0.0
PROP-4DEE77BAA129,4.0,4.25,4.0,18.0,0.0,0.0,0.0
PROP-A43C564E9B34,4.4,4.65,3.0,18.0,0.0,-0.75,-1.6
PROP-B3BC05EDCF0F,6.5,6.75,4.0,19.5,0.0,0.25,0.5
PROP-C2BDE8CF5EA3,6.0,6.25,4.0,19.25,-0.25,-0.5,0.0
PROP-8F904426DF9B,5.9,6.15,4.5,18.0,0.0,1.0,1.9
PROP-1197E62BBCE2,4.0,4.25,3.0,18.0,0.0,-0.4,-1.75
PROP-932E8C3E8828,5.9,6.15,4.5,18.0,0.0,1.0,1.9
PROP-96DAE13CF9D3,4.0,4.25,4.0,18.0,0.0,0.0,0.0
PROP-A182564148DE,4.0,4.25,3.5,18.0,0.0,0.0,-0.4
PROP-DDB8CD98F0D4,4.0,4.25,4.0,18.0,0.0,0.0,0.0
PROP-81E436767DB1,4.0,4.25,3.5,18.0,0.0,0.0,-0.4
PROP-2661D02E6BD7,4.0,4.25,3.0,18.0,0.0,0.0,-1.15
PROP-DCCE39FB8E08,6.0,6.25,4.0,19.5,0.0,0.0,-0.25
PROP-76A477BF7BC7,6.5,6.75,4.0,19.5,0.0,0.25,0.5
PROP-A3201062A755,5.15,5.4,4.0,18.5,-0.25,-0.6,-1.35
PROP-83BB1F781834,4.0,4.25,3.5,18.0,0.0,0.0,-0.4
PROP-66679EAB153F,4.0,4.25,3.0,18.0,0.0,0.0,-1.15
PROP-8B5ED3957797,4.0,4.25,4.0,18.0,0.0,0.0,0.0
PROP-306ABCB5EAF2,5.9,6.15,4.5,18.0,0.0,1.0,1.9
PROP-76E0F054D628,5.9,6.15,4.5,18.0,0.0,1.0,1.9
PROP-F72EAD9CC796,4.0,4.25,4.0,18.0,0.0,0.0,0.0
PROP-B6DCD838F284,6.25,6.5,4.0,19.5,0.0,0.25,0.0
PROP-44F16A627343,4.0,4.25,4.0,18.0,0.0,0.0,0.0
PROP-2778DA3A4FDD,4.0,4.25,4.0,18.0,0.0,0.0,0.0
PROP-4AE5BBC199FF,4.9,5.15,4.5,18.0,0.0,0.9,0.9
PROP-DBC324B4177E,4.0,4.25,4.0,18.0,0.0,0.0,0.0
PROP-031CA706B86B,6.0,6.25,4.0,19.5,0.0,0.0,-0.25
PROP-8D21F6BC05CF,5.15,5.4,4.0,18.5,-0.25,-0.6,-1.35
PROP-66F355A19CA3,4.0,4.25,4.0,18.0,0.0,0.0,0.0
PROP-08619B667B85,4.0,4.25,4.0,18.0,0.0,0.0,0.0
PROP-3D7E175E85B9,6.25,6.5,4.0,19.5,0.0,0.25,0.0
PROP-D1C9AD6C2BCA,4.0,4.25,4.0,18.0,0.0,0.0,0.0
PROP-3E4162EC775F,4.0,4.25,3.0,18.0,0.0,-0.4,-1.75
PROP-EADD48A34F1D,4.0,4.25,3.0,18.0,0.0,0.0,-1.15
PROP-02BDAC812197,4.0,4.25,3.0,18.0,0.0,0.0,-1.15
PROP-C8393C795512,4.0,4.25,4.0,18.0,0.0,0.0,0.0
PROP-A1797314C716,4.0,4.25,3.0,18.0,0.0,0.0,-1.15
PROP-8910234229B0,6.0,6.25,4.0,19.5,0.0,0.0,-0.25
PROP-AEE09F7AD71E,4.0,4.25,4.0,18.0,0.0,0.0,0.0
PROP-5378A3427C06,4.0,4.25,4.0,18.0,0.0,0.0,0.0
PROP-44E2EBE6AAB1,5.75,6.0,4.0,19.0,0.0,-0.25,-0.5
PROP-B50F2162E13C,6.25,6.5,4.0,19.5,0.0,0.25,0.0
PROP-170429CBD4F7,4.0,4.25,3.0,18.0,0.0,-0.4,-1.75
PROP-019BB7F6FC5A,4.9,5.15,4.5,18.0,0.0,0.9,0.9
PROP-737B997F6696,6.5,6.75,4.0,19.5,0.0,0.25,0.5
PROP-4E63038A900A,5.15,5.4,4.0,18.5,-0.25,-0.6,-1.35
PROP-937825DA2B1F,4.9,5.15,4.5,18.0,0.0,0.9,0.9
PROP-37066F4FC163,4.0,4.25,3.0,18.0,0.0,-0.4,-1.75
PROP-39ECE8EAD3E8,5.75,6.0,4.0,19.0,0.0,-0.25,-0.5
PROP-214A1BD38BC3,4.0,4.25,4.0,18.0,0.0,0.0,0.0
PROP-33CEC28EED1E,5.9,6.15,4.5,18.0,0.0,1.0,1.9
PROP-DE4A56BA29B7,4.0,4.25,3.0,18.0,0.0,-0.4,-1.75
PROP-F7365B14A995,4.0,4.25,3.5,18.0,0.0,0.0,-0.4
PROP-5B665AC97072,5.75,6.0,4.0,19.0,0.0,-0.25,-0.5
PROP-D7F33BDBF82D,5.9,6.15,4.5,18.0,0.0,1.0,1.9
PROP-C1DB3CA3C830,6.5,6.75,4.0,19.5,0.0,0.25,0.5
PROP-D3B3216E3E13,4.0,4.25,3.0,18.0,0.0,0.0,-1.15
PROP-AA9C5648DFC1,4.0,4.25,3.0,18.0,0.0,-0.4,-1.75
PROP-E47155B6B604,4.0,4.25,4.0,18.0,0.0,0.0,0.0
PROP-E049FDCBD44A,4.0,4.25,3.0,18.0,0.0,0.0,-1.15
PROP-7A7EC8641CCB,5.15,5.4,4.0,18.5,-0.25,-0.6,-1.35
PROP-ACFF76472331,4.0,4.25,3.0,18.0,0.0,0.0,-1.15
PROP-F6BF51826AE8,5.75,6.0,4.0,19.0,0.0,-0.25,-0.5
PROP-ABBAAB4A7BB3,4.9,5.15,4.5,18.0,0.0,0.9,0.9
PROP-C69CBD824771,5.15,5.4,4.0,18.25,0.0,0.0,-1.35
PROP-C7081E53DE68,6.5,6.75,4.0,19.5,0.0,0.25,0.5
PROP-510C40DCBC1A,4.0,4.25,3.0,18.0,0.0,0.0,-1.15
PROP-05E36858244F,4.9,5.15,4.5,18.0,0.0,0.9,0.9
PROP-A0E191ED98FC,4.0,4.25,4.0,18.0,0.0,0.0,0.0
PROP-BF94EA6998E2,5.75,6.0,4.0,19.0,0.0,-0.25,-0.5
PROP-BD146A2638E9,6.5,6.75,4.0,19.25,0.0,0.0,0.5
PROP-41DECBE14642,4.0,4.25,4.0,18.0,0.0,0.0,0.0
PROP-540887115CA0,6.5,6.75,4.0,19.5,0.0,0.25,0.5
PROP-9EAA174B89C8,6.0,6.25,4.0,19.5,0.0,0.0,-0.25
PROP-A0C23590DE71,5.75,6.0,4.0,19.0,0.0,-0.25,-0.5
PROP-5991DD373696,4.0,4.25,4.0,18.0,0.0,0.0,0.0
PROP-8DC6E7A76E8D,4.0,4.25,4.0,18.0,0.0,0.0,0.0
PROP-23C365DC36AF,6.5,6.75,4.0,19.5,0.0,0.25,0.5
PROP-B973EB8BD1E3,4.0,4.25,4.0,18.0,0.0,0.0,0.0
PROP-ADF78593B6B3,6.5,6.75,4.0,19.5,0.0,0.25,0.5
PROP-610FA830667E,4.0,4.25,3.5,18.0,0.0,0.0,-0.4
PROP-683E0F20B96A,4.4,4.65,3.0,18.0,0.0,-0.75,-1.6
PROP-5ED55045C2E9,4.0,4.25,4.0,18.0,0.0,0.0,0.0
PROP-7926FD6CA01B,5.75,6.0,4.0,19.0,0.0,-0.25,-0.5
PROP-1B5140BE74DB,4.0,4.25,3.5,18.0,0.0,0.0,-0.4
PROP-1E7CF47E4D36,4.9,5.15,4.5,18.0,0.0,0.9,0.9
PROP-1F88B5250BC5,4.0,4.25,4.0,18.0,0.0,0.0,0.0
PROP-3414B83ABAA5,4.0,4.25,3.0,18.0,0.0,-0.4,-1.75
PROP-8F6EA6A77EE6,6.0,6.25,4.0,19.25,-0.25,-0.5,0.0
PROP-0039754D816B,4.0,4.25,3.0,18.0,0.0,0.0,-1.15
PROP-1A62D3A8B20C,5.15,5.4,4.0,18.25,0.0,0.0,-1.35
PROP-48BF3C417E79,4.4,4.65,3.0,18.0,0.0,-0.75,-1.6
PROP-BF235E59A908,6.0,6.25,4.0,19.25,-0.25,-0.5,0.0
PROP-6C7F239325FC,6.0,6.25,4.0,19.25,-0.25,-0.5,0.0
PROP-AF2784C8C8D8,4.0,4.25,4.0,18.0,0.0,0.0,0.0
PROP-DBFB07E88FA8,5.9,6.15,4.5,18.0,0.0,1.0,1.9
PROP-C047D2AE9C6E,6.5,6.75,4.0,19.25,0.0,0.0,0.5
PROP-468A9A5BE3D6,6.5,6.75,4.0,19.5,0.0,0.25,0.5
PROP-8397B88FCD2F,5.15,5.4,4.0,18.25,0.0,0.0,-1.35
PROP-76DAA4321D5B,4.0,4.25,4.0,18.0,0.0,0.0,0.0
PROP-89566E2AA927,4.0,4.25,3.5,18.0,0.0,0.0,-0.4
PROP-4D40B1A20187,5.9,6.15,4.5,18.0,0.0,1.0,1.9
PROP-9A1F628A10B9,4.9,5.15,4.5,18.0,0.0,0.9,0.9
PROP-75F9A5EE1F92,4.0,4.25,4.0,18.0,0.0,0.0,0.0
PROP-61E38729735D,4.0,4.25,4.0,18.0,0.0,0.0,0.0
PROP-46E0F6890D9C,5.9,6.15,4.5,18.0,0.0,1.0,1.9
PROP-136AEBD19947,5.15,5.4,4.0,18.25,0.0,0.0,-1.35
PROP-1B2DE82BA47A,6.25,6.5,4.0,19.5,0.0,0.25,0.0
PROP-80FBD22F25CE,4.9,5.15,4.5,18.0,0.0,0.9,0.9
PROP-5D924DEEC572,4.9,5.15,4.5,18.0,0.0,0.9,0.9
PROP-1F1BF2A37E33,4.0,4.25,3.0,18.0,0.0,0.0,-1.15
PROP-25E2DBEACDFC,5.15,5.4,4.0,18.25,0.0,0.0,-1.35
PROP-C8858C0ED0CB,5.15,5.4,4.0,18.25,0.0,0.0,-1.35
PROP-AC2972D4AA7B,4.0,4.25,3.0,18.0,0.0,0.0,-1.15
PROP-6C84AFA01288,6.5,6.75,4.0,19.25,0.0,0.0,0.5
PROP-F830FDC28273,6.0,6.25,4.0,19.25,-0.25,-0.5,0.0
PROP-7668171B83E1,4.0,4.25,4.0,18.0,0.0,0.0,0.0
PROP-E9E5C4B7AAC9,4.9,5.15,4.5,18.0,0.0,0.9,0.9
PROP-2AF2EA93BE88,4.0,4.25,3.5,18.0,0.0,0.0,-0.4
PROP-4C7D106ED966,4.0,4.25,3.0,18.0,0.0,0.0,-1.15
PROP-BBBE22998481,4.0,4.25,4.0,18.0,0.0,0.0,0.0
PROP-885F6DECE8E0,5.15,5.4,4.0,18.25,0.0,0.0,-1.35
PROP-E14EC9F1FE05,4.0,4.25,3.0,18.0,0.0,0.0,-1.15
PROP-9796C9C039FE,5.9,6.15,4.5,18.0,0.0,1.0,1.9
PROP-2ED784EDB29E,4.0,4.25,3.0,18.0,0.0,0.0,-1.15
PROP-0DC62637202C,4.0,4.25,3.0,18.0,0.0,-0.4,-1.75
PROP-A2AF85648E4A,4.0,4.25,3.0,18.0,0.0,0.0,-1.15
PROP-C135DC61A42E,5.15,5.4,4.0,18.5,-0.25,-0.6,-1.35
PROP-CEF1A98698ED,4.0,4.25,3.5,18.0,0.0,0.0,-0.4
PROP-720ECAD8FD37,5.75,6.0,4.0,19.0,0.0,-0.25,-0.5
PROP-A73A08F3B782,5.75,6.0,4.0,19.0,0.0,-0.25,-0.5
PROP-C06190FC7F96,6.5,6.75,4.0,19.25,0.0,0.0,0.5
PROP-E5C5F0A58D28,6.0,6.25,4.0,19.25,-0.25,-0.5,0.0
PROP-A3102DD9561F,4.0,4.25,4.0,18.0,0.0,0.0,0.0
PROP-02F5F6696DEF,4.0,4.25,3.0,18.0,0.0,0.0,-1.15
PROP-A160BA852AF7,5.15,5.4,4.0,18.5,-0.25,-0.6,-1.35
PROP-388E7F8058BA,6.5,6.75,4.0,19.25,0.0,0.0,0.5
PROP-CD52096EC38E,5.15,5.4,4.0,18.25,0.0,0.0,-1.35
PROP-1A9F03C97134,4.0,4.25,3.0,18.0,0.0,0.0,-1.15
PROP-9FD4997B4B34,6.5,6.75,4.0,19.25,0.0,0.0,0.5
PROP-2282EA4A2005,4.4,4.65,3.0,18.0,0.0,-0.75,-1.6
PROP-D54E5BD2C299,5.9,6.15,4.5,18.0,0.0,1.0,1.9
PROP-23638DBC549A,4.0,4.25,4.0,18.0,0.0,0.0,0.0
PROP-7D4497834AAB,4.0,4.25,4.0,18.0,0.0,0.0,0.0
PROP-0CF098217A61,4.0,4.25,3.0,18.0,0.0,0.0,-1.15
PROP-BFBFB684EC91,6.5,6.75,4.0,19.25,0.0,0.0,0.5
PROP-7F56A19818A4,4.0,4.25,3.0,18.0,0.0,0.0,-1.15
PROP-22A4B37FF465,4.0,4.25,3.0,18.0,0.0,0.0,-1.15
PROP-6A0ECB69824A,4.0,4.25,3.0,18.0,0.0,0.0,-1.15
PROP-D2FDC2BAC526,6.0,6.25,4.0,19.5,0.0,0.0,-0.25
PROP-33DB6FABD5F6,6.5,6.75,4.0,19.5,0.0,0.25,0.5
PROP-B447FE7A8B03,4.4,4.65,3.0,18.0,0.0,-0.75,-1.6
PROP-589D3AFC93D2,4.0,4.25,4.0,18.0,0.0,0.0,0.0
PROP-2CAFC4D0956A,5.15,5.4,4.0,18.5,-0.25,-0.6,-1.35
PROP-B78CB6FA8318,4.0,4.25,4.0,18.0,0.0,0.0,0.0
PROP-6ECB7E3E403B,6.5,6.75,4.0,19.5,0.0,0.25,0.5
PROP-31B3B137A24C,5.15,5.4,4.0,18.5,-0.25,-0.6,-1.35
PROP-60FB9F40355B,4.0,4.25,3.5,18.0,0.0,0.0,-0.4
PROP-BB5B83AE6F90,4.9,5.15,4.5,18.0,0.0,0.9,0.9
PROP-A3C51BE75ADE,4.0,4.25,3.0,18.0,0.0,0.0,-1.15
PROP-62EC600EA96C,6.25,6.5,4.0,19.5,0.0,0.25,0.0
PROP-021EB4138479,4.0,4.25,3.5,18.0,0.0,0.0,-0.4
PROP-CC0A0C170500,6.25,6.5,4.0,19.5,0.0,0.25,0.0
PROP-7A8B25AACC18,5.15,5.4,4.0,18.25,0.0,0.0,-1.35
PROP-430B0FEF9E3D,4.0,4.25,3.0,18.0,0.0,0.0,-1.15
PROP-6A5127C9C9AA,5.15,5.4,4.0,18.25,0.0,0.0,-1.35
PROP-A8FEB63999A3,4.0,4.25,3.0,18.0,0.0,0.0,-1.15
PROP-91E45960E7BE,4.0,4.25,3.0,18.0,0.0,0.0,-1.15
PROP-DF589742C704,6.0,6.25,4.0,19.25,-0.25,-0.5,0.0
PROP-80E837EC1ACD,4.0,4.25,4.0,18.0,0.0,0.0,0.0
PROP-A5B6865F6DB2,5.75,6.0,4.0,19.0,0.0,-0.25,-0.5
PROP-4B5EC421DAC6,4.0,4.25,3.0,18.0,0.0,-0.4,-1.75
PROP-A338C344DE29,4.4,4.65,3.0,18.0,0.0,-0.75,-1.6
PROP-0528464B90F4,5.9,6.15,4.5,18.0,0.0,1.0,1.9
PROP-F9DE4C27B10B,4.0,4.25,3.5,18.0,0.0,0.0,-0.4
PROP-95E901FF31D0,4.0,4.25,3.0,18.0,0.0,0.0,-1.15
PROP-D51CE8FC52B9,4.0,4.25,3.5,18.0,0.0,0.0,-0.4
PROP-52373458E24C,5.15,5.4,4.0,18.5,-0.25,-0.6,-1.35
PROP-7FE1DF5521DC,4.9,5.15,4.5,18.0,0.0,0.9,0.9
PROP-8D92EB037EDD,4.0,4.25,4.0,18.0,0.0,0.0,0.0
PROP-1C731A3D64BE,5.9,6.15,4.5,18.0,0.0,1.0,1.9
PROP-9D00F2ED2E0A,4.0,4.25,3.0,18.0,0.0,-0.4,-1.75
PROP-FE417A9B5422,4.0,4.25,3.0,18.0,0.0,0.0,-1.15
PROP-067C289D6496,6.5,6.75,4.0,19.25,0.0,0.0,0.5
PROP-6AC7F700CB3A,5.15,5.4,4.0,18.5,-0.25,-0.6,-1.35
PROP-F8C1C04890DB,4.0,4.25,4.0,18.0,0.0,0.0,0.0
PROP-DBF477E23C39,6.25,6.5,4.0,19.5,0.0,0.25,0.0
PROP-7A231C2E8DA5,4.0,4.25,3.0,18.0,0.0,0.0,-1.15
PROP-A249D6417280,6.25,6.5,4.0,19.5,0.0,0.25,0.0
PROP-C086E31A05F9,4.0,4.25,4.0,18.0,0.0,0.0,0.0
PROP-75946B134AD9,4.0,4.25,3.0,18.0,0.0,-0.4,-1.75
PROP-BAAD4C92AB21,6.0,6.25,4.0,19.25,-0.25,-0.5,0.0
PROP-15EB978C0E48,4.0,4.25,3.0,18.0,0.0,0.0,-1.15
PROP-8B16F49DE294,6.25,6.5,4.0,19.5,0.0,0.25,0.0
PROP-88F1E25B4D19,4.0,4.25,4.0,18.0,0.0,0.0,0.0
PROP-F3F1C0E1BB96,4.0,4.25,3.5,18.0,0.0,0.0,-0.4
PROP-A1533B65D3E0,6.25,6.5,4.0,19.5,0.0,0.25,0.0
PROP-CB79FB086663,5.9,6.15,4.5,18.0,0.0,1.0,1.9
PROP-816BD4E6E620,6.0,6.25,4.0,19.25,-0.25,-0.5,0.0
PROP-FC87BD6423DF,4.0,4.25,4.0,18.0,0.0,0.0,0.0
PROP-D3AEF6A7F453,4.4,4.65,3.0,18.0,0.0,-0.75,-1.6
PROP-AA272F275458,5.15,5.4,4.0,18.5,-0.25,-0.6,-1.35
PROP-F8D7D2953DAF,5.15,5.4,4.0,18.25,0.0,0.0,-1.35
PROP-C082C290F850,5.15,5.4,4.0,18.25,0.0,0.0,-1.35
PROP-4B71BEA85E23,4.4,4.65,3.0,18.0,0.0,-0.75,-1.6
PROP-B1A5CEB4EC11,5.15,5.4,4.0,18.5,-0.25,-0.6,-1.35
PROP-59D7ED05852A,5.9,6.15,4.5,18.0,0.0,1.0,1.9
PROP-A844C71C682B,4.0,4.25,4.0,18.0,0.0,0.0,0.0
PROP-572CC45E00A7,4.0,4.25,4.0,18.0,0.0,0.0,0.0
PROP-12316EA1045F,4.0,4.25,3.0,18.0,0.0,0.0,-1.15
PROP-20E122E0229E,4.0,4.25,3.0,18.0,0.0,0.0,-1.15
PROP-4336DBBFD5D7,6.5,6.75,4.0,19.5,0.0,0.25,0.5
PROP-91964089B0FC,4.9,5.15,4.5,18.0,0.0,0.9,0.9
PROP-B92A5CFAEFA1,4.0,4.25,3.0,18.0,0.0,-0.4,-1.75
PROP-0D683E1976E3,4.0,4.25,3.0,18.0,0.0,0.0,-1.15
PROP-1C6A5F604094,4.0,4.25,4.0,18.0,0.0,0.0,0.0
PROP-07492D517EFA,6.0,6.25,4.0,19.25,-0.25,-0.5,0.0
PROP-F4DA318F9727,6.25,6.5,4.0,19.5,0.0,0.25,0.0
PROP-C92A12D8A660,6.0,6.25,4.0,19.25,-0.25,-0.5,0.0
PROP-81324ABDC4BB,4.4,4.65,3.0,18.0,0.0,-0.75,-1.6
PROP-3CED2FDE8A58,4.0,4.25,4.0,18.0,0.0,0.0,0.0
PROP-EEC70E716251,4.9,5.15,4.5,18.0,0.0,0.9,0.9
PROP-2E3EC8E874AE,4.9,5.15,4.5,18.0,0.0,0.9,0.9
PROP-A2C5EC154C13,4.0,4.25,4.0,18.0,0.0,0.0,0.0
PROP-90D0535ED22A,4.0,4.25,3.0,18.0,0.0,0.0,-1.15
PROP-70EA8DAA81C0,4.0,4.25,3.0,18.0,0.0,0.0,-1.15
PROP-1AEEF00B8143,6.5,6.75,4.0,19.25,0.0,0.0,0.5
PROP-F50C1BA48ED0,4.0,4.25,4.0,18.0,0.0,0.0,0.0
PROP-31F885951463,4.0,4.25,3.5,18.0,0.0,0.0,-0.4
PROP-C5E532654C36,6.25,6.5,4.0,19.5,0.0,0.25,0.0
PROP-064E723FCE21,6.0,6.25,4.0,19.5,0.0,0.0,-0.25
PROP-9480C0CD57DC,4.0,4.25,4.0,18.0,0.0,0.0,0.0
PROP-458FD22F102D,4.4,4.65,3.0,18.0,0.0,-0.75,-1.6
PROP-1479E68CB9DD,6.0,6.25,4.0,19.5,0.0,0.0,-0.25
PROP-65EDDE56B6E1,4.0,4.25,4.0,18.0,0.0,0.0,0.0
PROP-A3E677AAF921,4.0,4.25,3.0,18.0,0.0,-0.4,-1.75
PROP-7D41A52B615F,4.0,4.25,4.0,18.0,0.0,0.0,0.0
PROP-C4D26D6D447A,4.0,4.25,3.0,18.0,0.0,0.0,-1.15
PROP-3AB9D03E31A9,6.0,6.25,4.0,19.25,-0.25,-0.5,0.0
PROP-39000AA69863,6.0,6.25,4.0,19.5,0.0,0.0,-0.25
PROP-7124EB2D94EC,4.0,4.25,4.0,18.0,0.0,0.0,0.0
PROP-36E2157BF056,4.0,4.25,3.0,18.0,0.0,0.0,-1.15
PROP-F1E5D788240F,6.0,6.25,4.0,19.25,-0.25,-0.5,0.0
PROP-A42010112C3C,6.0,6.25,4.0,19.5,0.0,0.0,-0.25
PROP-501A03286D55,6.0,6.25,4.0,19.25,-0.25,-0.5,0.0
PROP-CA53E2567983,5.15,5.4,4.0,18.25,0.0,0.0,-1.35
PROP-477CB73AD437,6.5,6.75,4.0,19.5,0.0,0.25,0.5
PROP-680B711B662F,5.15,5.4,4.0,18.25,0.0,0.0,-1.35
PROP-FE4B402BA746,4.0,4.25,4.0,18.0,0.0,0.0,0.0
PROP-BB37F12EB01B,6.5,6.75,4.0,19.25,0.0,0.0,0.5
PROP-4E0BE3AEC2E9,5.75,6.0,4.0,19.0,0.0,-0.25,-0.5
PROP-AFDB4203AF02,4.9,5.15,4.5,18.0,0.0,0.9,0.9
PROP-AEBFCC3F628A,5.75,6.0,4.0,19.0,0.0,-0.25,-0.5
PROP-AAB30FD073E0,4.0,4.25,4.0,18.0,0.0,0.0,0.0
PROP-736F64CAAABC,5.9,6.15,4.5,18.0,0.0,1.0,1.9
PROP-8A889693F5C0,4.0,4.25,4.0,18.0,0.0,0.0,0.0
PROP-9340CADBE71D,4.0,4.25,4.0,18.0,0.0,0.0,0.0
PROP-FC3020398FAB,4.0,4.25,4.0,18.0,0.0,0.0,0.0
PROP-C0DC3294B139,4.0,4.25,3.0,18.0,0.0,0.0,-1.15
PROP-FEFF583236B9,4.0,4.25,4.0,18.0,0.0,0.0,0.0
PROP-033F11EA9ECC,4.0,4.25,3.0,18.0,0.0,-0.4,-1.75
PROP-BAC586345943,5.15,5.4,4.0,18.5,-0.25,-0.6,-1.35
PROP-2990ADE7EC2D,5.75,6.0,4.0,19.0,0.0,-0.25,-0.5
PROP-F8FE0DABA1B9,4.0,4.25,3.0,18.0,0.0,0.0,-1.15
PROP-5A7F17C61627,6.5,6.75,4.0,19.5,0.0,0.25,0.5
PROP-6E64FBE594BF,5.15,5.4,4.0,18.25,0.0,0.0,-1.35
PROP-D2C036034981,4.0,4.25,4.0,18.0,0.0,0.0,0.0
PROP-49C366EDD5C1,5.15,5.4,4.0,18.25,0.0,0.0,-1.35
PROP-32B92088BF87,4.0,4.25,3.0,18.0,0.0,0.0,-1.15
PROP-2912A352F0C7,5.15,5.4,4.0,18.5,-0.25,-0.6,-1.35
PROP-6C1A4E8DC22F,6.5,6.75,4.0,19.25,0.0,0.0,0.5
PROP-3E6AAADDF926,6.25,6.5,4.0,19.5,0.0,0.25,0.0
PROP-74AAD40BB95B,4.0,4.25,3.0,18.0,0.0,0.0,-1.15
PROP-CF7BD04E242E,6.25,6.5,4.0,19.5,0.0,0.25,0.0
PROP-57E24CC20C9C,4.4,4.65,3.0,18.0,0.0,-0.75,-1.6
PROP-D943D15B8A66,4.9,5.15,4.5,18.0,0.0,0.9,0.9
PROP-AAD896B1BF0A,5.15,5.4,4.0,18.5,-0.25,-0.6,-1.35
PROP-5B84EDBA0E0B,4.4,4.65,3.0,18.0,0.0,-0.75,-1.6
PROP-F5D14B54CAAA,6.0,6.25,4.0,19.25,-0.25,-0.5,0.0
PROP-8AC9822EAF6E,6.0,6.25,4.0,19.25,-0.25,-0.5,0.0
PROP-50676E9D9F4F,4.9,5.15,4.5,18.0,0.0,0.9,0.9
PROP-9E5E3A9A2D20,6.5,6.75,4.0,19.25,0.0,0.0,0.5
PROP-797B1CDB64BB,4.0,4.25,4.0,18.0,0.0,0.0,0.0
PROP-84CECA19B343,5.75,6.0,4.0,19.0,0.0,-0.25,-0.5
PROP-EF727F0D4308,4.9,5.15,4.5,18.0,0.0,0.9,0.9
PROP-035E15FDBD0A,4.0,4.25,3.5,18.0,0.0,0.0,-0.4
PROP-F4EAB854D557,5.75,6.0,4.0,19.0,0.0,-0.25,-0.5
PROP-65601B0A1D19,6.5,6.75,4.0,19.5,0.0,0.25,0.5
PROP-91A690CFDFBE,4.4,4.65,3.0,18.0,0.0,-0.75,-1.6
PROP-14FA0C6C05BC,4.0,4.25,4.0,18.0,0.0,0.0,0.0
PROP-0E3ACE6CE9DA,4.0,4.25,3.0,18.0,0.0,0.0,-1.15
PROP-7229C81C8BF5,4.0,4.25,3.0,18.0,0.0,-0.4,-1.75
PROP-E70804556538,6.0,6.25,4.0,19.5,0.0,0.0,-0.25
PROP-9B30179C0C1B,5.15,5.4,4.0,18.5,-0.25,-0.6,-1.35
PROP-3AC0CE737D15,6.5,6.75,4.0,19.25,0.0,0.0,0.5
PROP-A193F948F290,4.0,4.25,3.0,18.0,0.0,0.0,-1.15
PROP-DD05DC29E823,4.0,4.25,3.0,18.0,0.0,0.0,-1.15
PROP-804E21F772D9,4.0,4.25,4.0,18.0,0.0,0.0,0.0
PROP-342BC8D2F3C7,4.4,4.65,3.0,18.0,0.0,-0.75,-1.6
PROP-960ED2BF9648,4.0,4.25,4.0,18.0,0.0,0.0,0.0
PROP-89A5B5785E8F,5.15,5.4,4.0,18.25,0.0,0.0,-1.35
PROP-08020ABAEB5F,4.9,5.15,4.5,18.0,0.0,0.9,0.9
PROP-900EAAC90A3D,6.0,6.25,4.0,19.25,-0.25,-0.5,0.0
PROP-4B5730EB67C2,4.0,4.25,3.0,18.0,0.0,0.0,-1.15
PROP-D31B7E171AF9,4.0,4.25,4.0,18.0,0.0,0.0,0.0
PROP-4E1A399E870E,4.0,4.25,3.5,18.0,0.0,0.0,-0.4
PROP-27B5A2478FC9,6.25,6.5,4.0,19.5,0.0,0.25,0.0
PROP-04A035346824,6.0,6.25,4.0,19.25,-0.25,-0.5,0.0
PROP-1637BD590F22,4.9,5.15,4.5,18.0,0.0,0.9,0.9
PROP-81B98A2ADF41,4.9,5.15,4.5,18.0,0.0,0.9,0.9
PROP-09A0D4732ABB,5.15,5.4,4.0,18.5,-0.25,-0.6,-1.35
PROP-1E4D212E16DB,4.0,4.25,3.0,18.0,0.0,0.0,-1.15
PROP-9C5C46DF103D,4.4,4.65,3.0,18.0,0.0,-0.75,-1.6
PROP-7C743DE96A47,4.0,4.25,4.0,18.0,0.0,0.0,0.0
PROP-428F5C3D50D3,4.0,4.25,4.0,18.0,0.0,0.0,0.0
PROP-0E4F30F4E689,6.0,6.25,4.0,19.5,0.0,0.0,-0.25
PROP-FD46C175A248,4.0,4.25,4.0,18.0,0.0,0.0,0.0
PROP-BB16088D9D1D,4.0,4.25,4.0,18.0,0.0,0.0,0.0
PROP-E8983914201F,6.0,6.25,4.0,19.25,-0.25,-0.5,0.0
PROP-CE5B189F4B79,6.0,6.25,4.0,19.5,0.0,0.0,-0.25
PROP-76BE076D06CB,6.5,6.75,4.0,19.25,0.0,0.0,0.5
PROP-DCECF4C06F43,4.0,4.25,4.0,18.0,0.0,0.0,0.0
PROP-75CB3F9E17F6,6.0,6.25,4.0,19.5,0.0,0.0,-0.25
PROP-D6E3A5B6EB82,4.0,4.25,3.5,18.0,0.0,0.0,-0.4
PROP-82D8CB8A7FEF,4.4,4.65,3.0,18.0,0.0,-0.75,-1.6
PROP-648DA5A4EDFF,4.9,5.15,4.5,18.0,0.0,0.9,0.9
PROP-5CA4082B285E,6.25,6.5,4.0,19.5,0.0,0.25,0.0
PROP-CF4CB2CC0280,4.4,4.65,3.0,18.0,0.0,-0.75,-1.6
PROP-FFBF86C060C1,4.4,4.65,3.0,18.0,0.0,-0.75,-1.6
PROP-70FFCE041A5D,5.15,5.4,4.0,18.25,0.0,0.0,-1.35
PROP-AD3488489418,6.5,6.75,4.0,19.5,0.0,0.25,0.5
PROP-0E72D13F605A,4.0,4.25,4.0,18.0,0.0,0.0,0.0
PROP-F2ADE31577F6,5.15,5.4,4.0,18.5,-0.25,-0.6,-1.35
PROP-84CF0AE2CC53,4.0,4.25,4.0,18.0,0.0,0.0,0.0
PROP-1DCB5946CC9C,4.0,4.25,3.0,18.0,0.0,0.0,-1.15
PROP-C8CEF0B463E3,5.15,5.4,4.0,18.25,0.0,0.0,-1.35
PROP-A90ED568004B,4.0,4.25,3.0,18.0,0.0,0.0,-1.15
PROP-5B88E522A164,4.9,5.15,4.5,18.0,0.0,0.9,0.9
PROP-7F042CF295A1,5.75,6.0,4.0,19.0,0.0,-0.25,-0.5
PROP-2C5A7E38F07D,6.0,6.25,4.0,19.25,-0.25,-0.5,0.0
PROP-CFC7282E4796,4.0,4.25,3.0,18.0,0.0,0.0,-1.15
PROP-9A51344C7172,6.5,6.75,4.0,19.5,0.0,0.25,0.5
PROP-DDAEBA7D9C20,4.0,4.25,3.5,18.0,0.0,0.0,-0.4
PROP-5EAA49581593,4.0,4.25,4.0,18.0,0.0,0.0,0.0
PROP-FB5344382DBC,4.0,4.25,4.0,18.0,0.0,0.0,0.0
PROP-8540A8EB7012,6.0,6.25,4.0,19.5,0.0,0.0,-0.25
PROP-5B797072038D,4.0,4.25,4.0,18.0,0.0,0.0,0.0
PROP-CA2FEB0A4277,5.15,5.4,4.0,18.25,0.0,0.0,-1.35
PROP-4EBB97B79FAF,4.0,4.25,3.0,18.0,0.0,0.0,-1.15
PROP-138B97AC9864,4.0,4.25,4.0,18.0,0.0,0.0,0.0
PROP-EF5EA463FDC9,4.0,4.25,3.0,18.0,0.0,-0.4,-1.75
PROP-C25510000B39,5.9,6.15,4.5,18.0,0.0,1.0,1.9
PROP-D6F0CBD672E4,4.0,4.25,4.0,18.0,0.0,0.0,0.0
PROP-BE244155119D,4.0,4.25,4.0,18.0,0.0,0.0,0.0
PROP-168B47549796,4.0,4.25,3.5,18.0,0.0,0.0,-0.4
PROP-D5301608193A,4.0,4.25,4.0,18.0,0.0,0.0,0.0
PROP-3950E5D52BFE,4.0,4.25,4.0,18.0,0.0,0.0,0.0
PROP-D2E981E6B817,4.4,4.65,3.0,18.0,0.0,-0.75,-1.6
PROP-A5928B78B707,4.0,4.25,4.0,18.0,0.0,0.0,0.0
PROP-3B7C3C4B1436,5.75,6.0,4.0,19.0,0.0,-0.25,-0.5
PROP-C62B43F38CCC,4.9,5.15,4.5,18.0,0.0,0.9,0.9
PROP-4AADFA33BEBC,6.5,6.75,4.0,19.25,0.0,0.0,0.5
PROP-038615FDDE7D,5.9,6.15,4.5,18.0,0.0,1.0,1.9
PROP-3CA39ECB4CD3,5.75,6.0,4.0,19.0,0.0,-0.25,-0.5
PROP-A3E3F2B9BC83,4.0,4.25,4.0,18.0,0.0,0.0,0.0
PROP-4BCA1BD4B49F,4.0,4.25,3.0,18.0,0.0,-0.4,-1.75
PROP-D7C33BC0860B,5.15,5.4,4.0,18.5,-0.25,-0.6,-1.35
PROP-FA9E73ABA9B8,4.0,4.25,3.0,18.0,0.0,0.0,-1.15
PROP-FCB574350BF6,5.15,5.4,4.0,18.5,-0.25,-0.6,-1.35
PROP-C078C11772CD,4.0,4.25,4.0,18.0,0.0,0.0,0.0
PROP-580D0948528A,6.0,6.25,4.0,19.5,0.0,0.0,-0.25
PROP-BDBA28B0D324,6.5,6.75,4.0,19.5,0.0,0.25,0.5
PROP-79466CE424BF,4.0,4.25,4.0,18.0,0.0,0.0,0.0
PROP-6855AC3493CB,4.4,4.65,3.0,18.0,0.0,-0.75,-1.6
PROP-E3E5EF91A253,6.0,6.25,4.0,19.5,0.0,0.0,-0.25
PROP-45D2F051B660,4.0,4.25,4.0,18.0,0.0,0.0,0.0
PROP-BE4EE668B373,6.5,6.75,4.0,19.5,0.0,0.25,0.5
PROP-BD945D91DDF4,4.4,4.65,3.0,18.0,0.0,-0.75,-1.6
PROP-01CEEE62D6BB,5.15,5.4,4.0,18.25,0.0,0.0,-1.35
PROP-0CA3E5D65D93,5.15,5.4,4.0,18.5,-0.25,-0.6,-1.35
PROP-909C64B3F704,4.9,5.15,4.5,18.0,0.0,0.9,0.9
PROP-5196B0799C1F,6.5,6.75,4.0,19.25,0.0,0.0,0.5
PROP-5D24CD48769C,4.9,5.15,4.5,18.0,0.0,0.9,0.9
PROP-50A7A3783741,4.0,4.25,4.0,18.0,0.0,0.0,0.0
PROP-98C89B2206BD,5.9,6.15,4.5,18.0,0.0,1.0,1.9
PROP-27D281122E90,5.75,6.0,4.0,19.0,0.0,-0.25,-0.5
PROP-723B07FC1828,5.9,6.15,4.5,18.0,0.0,1.0,1.9
PROP-59377D614B67,4.0,4.25,4.0,18.0,0.0,0.0,0.0
PROP-111038616616,6.5,6.75,4.0,19.25,0.0,0.0,0.5
PROP-71628ED6D0EE,5.15,5.4,4.0,18.25,0.0,0.0,-1.35
PROP-BADB23D28B0A,6.25,6.5,4.0,19.5,0.0,0.25,0.0
PROP-7FB58A015C49,4.4,4.65,3.0,18.0,0.0,-0.75,-1.6
PROP-E3D092B0E9F0,5.15,5.4,4.0,18.25,0.0,0.0,-1.35
PROP-322435441A35,6.0,6.25,4.0,19.5,0.0,0.0,-0.25
PROP-47BA1AA88BE1,4.0,4.25,4.0,18.0,0.0,0.0,0.0
PROP-A19C8B44B592,4.0,4.25,4.0,18.0,0.0,0.0,0.0
PROP-F00207A343C3,5.15,5.4,4.0,18.5,-0.25,-0.6,-1.35
PROP-59B7558BA319,4.0,4.25,3.0,18.0,0.0,-0.4,-1.75
PROP-8595D5A88B55,5.15,5.4,4.0,18.5,-0.25,-0.6,-1.35
PROP-F97B26905F1C,6.0,6.25,4.0,19.5,0.0,0.0,-0.25
PROP-ACA58E625F57,4.0,4.25,4.0,18.0,0.0,0.0,0.0
PROP-64F5EBE68935,4.9,5.15,4.5,18.0,0.0,0.9,0.9
PROP-196D6AC4B8A4,6.5,6.75,4.0,19.5,0.0,0.25,0.5
PROP-2B8B677736D6,4.0,4.25,3.5,18.0,0.0,0.0,-0.4
PROP-288D22A9A42C,6.5,6.75,4.0,19.25,0.0,0.0,0.5
PROP-9031018CF88F,4.0,4.25,3.0,18.0,0.0,-0.4,-1.75
PROP-4ABDFF3C6B24,4.0,4.25,3.0,18.0,0.0,0.0,-1.15
PROP-234DFEDC3C38,4.0,4.25,3.0,18.0,0.0,0.0,-1.15
PROP-1E1C17353E40,5.9,6.15,4.5,18.0,0.0,1.0,1.9
PROP-290654392909,6.0,6.25,4.0,19.5,0.0,0.0,-0.25
PROP-DFC6FBBF9D1F,4.0,4.25,4.0,18.0,0.0,0.0,0.0
PROP-D6BDA3BAE1E0,4.4,4.65,3.0,18.0,0.0,-0.75,-1.6
PROP-AFF1688DC6DB,5.9,6.15,4.5,18.0,0.0,1.0,1.9
PROP-310E52E75A13,6.0,6.25,4.0,19.5,0.0,0.0,-0.25
PROP-70698E8FAB23,6.0,6.25,4.0,19.25,-0.25,-0.5,0.0
PROP-2B952DC1D3AE,4.0,4.25,3.0,18.0,0.0,0.0,-1.15
PROP-ECB34FD0133A,4.0,4.25,3.0,18.0,0.0,0.0,-1.15
PROP-871A41D99AB6,4.0,4.25,4.0,18.0,0.0,0.0,0.0
PROP-0BD9D3424BD8,4.0,4.25,4.0,18.0,0.0,0.0,0.0
PROP-7F3F80142AB6,4.9,5.15,4.5,18.0,0.0,0.9,0.9
PROP-B35EB2D7500C,5.75,6.0,4.0,19.0,0.0,-0.25,-0.5
PROP-B55F03CE0A4C,4.0,4.25,3.0,18.0,0.0,0.0,-1.15
PROP-D7BA3EA5A4B1,4.0,4.25,3.0,18.0,0.0,0.0,-1.15
PROP-F8961792FC7C,4.0,4.25,4.0,18.0,0.0,0.0,0.0
PROP-488B4089F81E,6.5,6.75,4.0,19.25,0.0,0.0,0.5
PROP-1AD8766EFA1F,5.9,6.15,4.5,18.0,0.0,1.0,1.9
PROP-32D074D4D650,5.15,5.4,4.0,18.25,0.0,0.0,-1.35
PROP-2932D227ECDB,5.75,6.0,4.0,19.0,0.0,-0.25,-0.5
PROP-30F348DA4950,4.0,4.25,3.0,18.0,0.0,0.0,-1.15
PROP-65B1C47C1344,4.0,4.25,4.0,18.0,0.0,0.0,0.0
PROP-3F54F9F1B525,6.0,6.25,4.0,19.5,0.0,0.0,-0.25
PROP-11700FC189E0,4.0,4.25,3.0,18.0,0.0,0.0,-1.15
PROP-23F197840182,4.0,4.25,4.0,18.0,0.0,0.0,0.0
PROP-0B63854CA4CC,5.75,6.0,4.0,19.0,0.0,-0.25,-0.5
PROP-77E8219E84FC,4.9,5.15,4.5,18.0,0.0,0.9,0.9
PROP-49628F23596A,4.0,4.25,3.0,18.0,0.0,-0.4,-1.75
PROP-4EBE3E2A5761,4.0,4.25,4.0,18.0,0.0,0.0,0.0
PROP-01DD813CAEF6,4.0,4.25,4.0,18.0,0.0,0.0,0.0
PROP-9E0B2E74AED2,6.0,6.25,4.0,19.25,-0.25,-0.5,0.0
PROP-8E69573011E6,6.5,6.75,4.0,19.25,0.0,0.0,0.5
PROP-02E3592C9641,6.25,6.5,4.0,19.5,0.0,0.25,0.0
PROP-AD600AA07603,4.0,4.25,3.0,18.0,0.0,0.0,-1.15
PROP-DFF7EBC30C5D,4.0,4.25,4.0,18.0,0.0,0.0,0.0
PROP-B362446D59BA,4.0,4.25,4.0,18.0,0.0,0.0,0.0
PROP-DADF5F5F39C6,4.0,4.25,4.0,18.0,0.0,0.0,0.0
PROP-E8E8A99D8BFA,5.15,5.4,4.0,18.25,0.0,0.0,-1.35
PROP-21D7FA48BF38,4.0,4.25,3.5,18.0,0.0,0.0,-0.4
PROP-7B3D9D65E007,4.0,4.25,3.5,18.0,0.0,0.0,-0.4
PROP-520066EFD04D,4.0,4.25,3.5,18.0,0.0,0.0,-0.4
PROP-57973D2D7260,4.9,5.15,4.5,18.0,0.0,0.9,0.9
PROP-A0195411B832,5.9,6.15,4.5,18.0,0.0,1.0,1.9
PROP-E919AB07064B,4.0,4.25,4.0,18.0,0.0,0.0,0.0
PROP-4116AC4C8E98,4.0,4.25,3.0,18.0,0.0,0.0,-1.15
PROP-E4E36E95EDAB,5.9,6.15,4.5,18.0,0.0,1.0,1.9
PROP-EA626B1DE864,5.9,6.15,4.5,18.0,0.0,1.0,1.9
PROP-FE7F99E751EC,4.0,4.25,4.0,18.0,0.0,0.0,0.0
PROP-726897A26070,6.0,6.25,4.0,19.5,0.0,0.0,-0.25
PROP-CEFBF405BB5A,4.0,4.25,4.0,18.0,0.0,0.0,0.0
PROP-E69F0F915B64,4.0,4.25,4.0,18.0,0.0,0.0,0.0
PROP-1F8FB83D4BD1,4.0,4.25,4.0,18.0,0.0,0.0,0.0
PROP-E9FF3BECAD7D,5.15,5.4,4.0,18.25,0.0,0.0,-1.35
PROP-95A14CE7863E,4.0,4.25,3.5,18.0,0.0,0.0,-0.4
PROP-C3305E18F516,4.4,4.65,3.0,18.0,0.0,-0.75,-1.6
PROP-AD7BB5316852,4.0,4.25,3.0,18.0,0.0,-0.4,-1.75
PROP-A3F122A8FBCA,6.0,6.25,4.0,19.5,0.0,0.0,-0.25
PROP-0B3405EEECD2,6.0,6.25,4.0,19.25,-0.25,-0.5,0.0
PROP-00ED2D67A92E,4.0,4.25,4.0,18.0,0.0,0.0,0.0
PROP-DB0B5DE2C7E5,5.15,5.4,4.0,18.25,0.0,0.0,-1.35
PROP-87B015D539A3,4.0,4.25,4.0,18.0,0.0,0.0,0.0
PROP-C314241869F1,5.15,5.4,4.0,18.5,-0.25,-0.6,-1.35
PROP-3AE740F80D17,4.4,4.65,3.0,18.0,0.0,-0.75,-1.6
PROP-519030674E5D,4.9,5.15,4.5,18.0,0.0,0.9,0.9
PROP-3D62D985D050,4.0,4.25,3.5,18.0,0.0,0.0,-0.4
PROP-7D3808B34A10,5.15,5.4,4.0,18.5,-0.25,-0.6,-1.35
PROP-C53C38D3B7E3,4.0,4.25,4.0,18.0,0.0,0.0,0.0
PROP-C5709776DC76,4.9,5.15,4.5,18.0,0.0,0.9,0.9
PROP-244AEB1CD08D,5.75,6.0,4.0,19.0,0.0,-0.25,-0.5
PROP-47F54A29BB44,5.15,5.4,4.0,18.5,-0.25,-0.6,-1.35
PROP-0000796D181F,4.9,5.15,4.5,18.0,0.0,0.9,0.9
PROP-1EBFAF151F13,4.0,4.25,3.0,18.0,0.0,0.0,-1.15
PROP-4CC42D3AE9AC,4.0,4.25,3.0,18.0,0.0,0.0,-1.15
PROP-A024E003FB46,6.0,6.25,4.0,19.25,-0.25,-0.5,0.0
PROP-8364CC4AD53B,4.0,4.25,4.0,18.0,0.0,0.0,0.0
PROP-1CB9F0D9FD79,6.5,6.75,4.0,19.5,0.0,0.25,0.5
PROP-EA0889BF7A07,6.0,6.25,4.0,19.25,-0.25,-0.5,0.0
PROP-FE0AC426DE2C,6.0,6.25,4.0,19.5,0.0,0.0,-0.25
PROP-5EFC07C45A8B,4.0,4.25,4.0,18.0,0.0,0.0,0.0
PROP-F9FC5054A0E7,6.5,6.75,4.0,19.5,0.0,0.25,0.5
PROP-2414F55345A8,4.0,4.25,4.0,18.0,0.0,0.0,0.0
PROP-6103D16112B5,4.4,4.65,3.0,18.0,0.0,-0.75,-1.6
PROP-E46C343B3C7F,4.9,5.15,4.5,18.0,0.0,0.9,0.9
PROP-5DD5D7242B18,4.0,4.25,4.0,18.0,0.0,0.0,0.0
PROP-B7FB3FA41CAB,4.0,4.25,3.0,18.0,0.0,0.0,-1.15
PROP-5B0533DBC710,6.0,6.25,4.0,19.5,0.0,0.0,-0.25
PROP-797AC06E14E8,4.0,4.25,4.0,18.0,0.0,0.0,0.0
PROP-1C48C011D155,4.0,4.25,4.0,18.0,0.0,0.0,0.0
PROP-202247DAA5D6,5.15,5.4,4.0,18.25,0.0,0.0,-1.35
PROP-88C5F369C986,4.0,4.25,4.0,18.0,0.0,0.0,0.0
PROP-4990F4349A2C,5.9,6.15,4.5,18.0,0.0,1.0,1.9
PROP-353E9245284E,4.0,4.25,3.5,18.0,0.0,0.0,-0.4
PROP-136851647766,6.25,6.5,4.0,19.5,0.0,0.25,0.0
PROP-4537269F10C1,4.0,4.25,4.0,18.0,0.0,0.0,0.0
PROP-3EDD6B85681C,6.5,6.75,4.0,19.25,0.0,0.0,0.5
PROP-9D670451CC68,6.5,6.75,4.0,19.25,0.0,0.0,0.5
PROP-7718A8FE6336,5.75,6.0,4.0,19.0,0.0,-0.25,-0.5
PROP-0509105302D9,5.9,6.15,4.5,18.0,0.0,1.0,1.9
PROP-91FA2CDA86D8,4.9,5.15,4.5,18.0,0.0,0.9,0.9
PROP-D794C410BA15,6.0,6.25,4.0,19.5,0.0,0.0,-0.25
PROP-227F386C11AC,4.0,4.25,4.0,18.0,0.0,0.0,0.0
