city,locality,rental_listing_count,avg_monthly_rent,median_monthly_rent,p25_monthly_rent,p75_monthly_rent,avg_rent_per_sqft,median_rent_per_sqft,avg_rental_area_sqft,rent_stddev,pct_furnished,pct_semi_furnished,dominant_bhk
Bengaluru,1A Block Koramangala,1,180000.0,180000.0,180000.0,180000.0,85.71,85.71,2100.0,,0.0,100.0,4
Bengaluru,1St Block East,1,36000.0,36000.0,36000.0,36000.0,32.73,32.73,1100.0,,0.0,0.0,3
Bengaluru,A Narayanapura,1,70000.0,70000.0,70000.0,70000.0,70.71,70.71,990.0,,0.0,100.0,3
Bengaluru,Abbaiah Reddy Layout,1,25000.0,25000.0,25000.0,25000.0,17.86,17.86,1400.0,,0.0,100.0,3
Bengaluru,Abbigere,7,18714.29,20000.0,8500.0,27000.0,18.16,18.18,944.57,11796.39,28.57,14.29,2
Bengaluru,Adarsh Palm Retreat,1,240000.0,240000.0,240000.0,240000.0,66.67,66.67,3600.0,,0.0,100.0,4
Bengaluru,Aditya Nagar,1,35000.0,35000.0,35000.0,35000.0,16.67,16.67,2100.0,,0.0,100.0,1
Bengaluru,Adugodi,3,10066.67,10000.0,9500.0,10600.0,20.33,22.22,500.0,1101.51,0.0,100.0,1
Bengaluru,Aecs Layout Block A,1,24000.0,24000.0,24000.0,24000.0,24.0,24.0,1000.0,,0.0,100.0,1
Bengaluru,Aecs Layout Block D,1,20000.0,20000.0,20000.0,20000.0,40.0,40.0,500.0,,0.0,100.0,1
Bengaluru,Aecs Layout-Singasandra,2,42500.0,42500.0,26250.0,58750.0,50.0,50.0,750.0,45961.94,0.0,100.0,1
Bengaluru,Agrahara Layout,1,65000.0,65000.0,65000.0,65000.0,22.41,22.41,2900.0,,0.0,100.0,4
Bengaluru,Ak Colony Domlur,1,90000.0,90000.0,90000.0,90000.0,64.29,64.29,1400.0,,100.0,0.0,2
Bengaluru,Akshya Nagar,3,26833.33,22000.0,20250.0,31000.0,17.86,18.5,1583.33,11536.17,33.33,0.0,2
Bengaluru,Amarjyoti Layout-Domlur,1,48000.0,48000.0,48000.0,48000.0,43.64,43.64,1100.0,,100.0,0.0,2
Bengaluru,Ambalipura,1,60000.0,60000.0,60000.0,60000.0,33.9,33.9,1770.0,,100.0,0.0,3
Bengaluru,Ambalipura Sarjapur Road,2,71500.0,71500.0,68250.0,74750.0,38.04,38.04,1900.0,9192.39,50.0,50.0,3
Bengaluru,Amrutahalli,1,30000.0,30000.0,30000.0,30000.0,25.75,25.75,1165.0,,0.0,100.0,2
Bengaluru,Amruthnagar,2,23000.0,23000.0,22500.0,23500.0,19.17,19.17,1200.0,1414.21,0.0,100.0,2
Bengaluru,Ams Layout,1,22000.0,22000.0,22000.0,22000.0,18.33,18.33,1200.0,,0.0,100.0,3
Bengaluru,Anand Nagar- Hebbal,1,100000.0,100000.0,100000.0,100000.0,45.45,45.45,2200.0,,0.0,100.0,4
Bengaluru,Anantapura,1,70000.0,70000.0,70000.0,70000.0,22.58,22.58,3100.0,,0.0,100.0,4
Bengaluru,Anchepalya,2,44750.0,44750.0,24625.0,64875.0,25.2,25.2,1285.5,56922.1,50.0,0.0,1
Bengaluru,Andrahalli,1,5500.0,5500.0,5500.0,5500.0,11.0,11.0,500.0,,0.0,0.0,1
Bengaluru,Anjana Nagar,1,5000.0,5000.0,5000.0,5000.0,10.0,10.0,500.0,,0.0,0.0,1
Bengaluru,Anjanadri Layout,1,10000.0,10000.0,10000.0,10000.0,28.57,28.57,350.0,,0.0,100.0,1
Bengaluru,Anjanapura,2,19750.0,19750.0,14875.0,24625.0,26.12,26.12,798.0,13788.58,0.0,100.0,2
Bengaluru,Anjanapura Township,1,30000.0,30000.0,30000.0,30000.0,18.75,18.75,1600.0,,0.0,100.0,3
Bengaluru,Annapurneshwari Nagar,1,12000.0,12000.0,12000.0,12000.0,17.14,17.14,700.0,,0.0,0.0,2
Bengaluru,Annasandrapalya Extension,2,11000.0,11000.0,10000.0,12000.0,17.12,17.12,650.0,2828.43,0.0,50.0,1
Bengaluru,Arekere,3,11666.67,11000.0,10000.0,13000.0,20.83,20.0,583.33,3055.05,33.33,66.67,1
Bengaluru,Ashok Nagar,1,200000.0,200000.0,200000.0,200000.0,86.96,86.96,2300.0,,0.0,100.0,3
Bengaluru,Ashwini Layout,1,13000.0,13000.0,13000.0,13000.0,28.89,28.89,450.0,,0.0,100.0,1
Bengaluru,Atmananda Colony,1,30000.0,30000.0,30000.0,30000.0,20.55,20.55,1460.0,,0.0,0.0,3
Bengaluru,Attibele,5,22400.0,22000.0,18000.0,30000.0,21.31,22.86,1103.2,8988.88,40.0,20.0,2
Bengaluru,Attibele Anekal Road,1,25000.0,25000.0,25000.0,25000.0,20.83,20.83,1200.0,,0.0,100.0,3
Bengaluru,Attur Layout,1,16500.0,16500.0,16500.0,16500.0,20.62,20.62,800.0,,0.0,100.0,2
Bengaluru,Avalahalli,3,54000.0,70000.0,40000.0,76000.0,21.68,19.44,2333.33,38574.6,0.0,100.0,3
Bengaluru,Ayappa Nagar Kr Puram,1,13500.0,13500.0,13500.0,13500.0,19.29,19.29,700.0,,0.0,0.0,1
Bengaluru,B Narayanapura,2,27000.0,27000.0,26000.0,28000.0,26.31,26.31,1050.0,2828.43,0.0,100.0,2
Bengaluru,Babusahib Palya,3,31333.33,38000.0,24500.0,41500.0,29.26,36.54,1013.33,17953.64,0.0,66.67,2
Bengaluru,Bagalur Main Road,13,31692.31,30000.0,26000.0,36000.0,30.35,29.87,1065.15,7509.82,15.38,61.54,2
Bengaluru,Bagalur Sarjapur Road,1,26000.0,26000.0,26000.0,26000.0,9.29,9.29,2800.0,,0.0,100.0,4
Bengaluru,Bagaluru,3,25000.0,25000.0,21000.0,29000.0,26.49,25.84,1010.67,8000.0,0.0,66.67,2
Bengaluru,Balagere,6,44000.0,46000.0,28750.0,60250.0,39.58,42.06,1133.33,19328.74,33.33,66.67,2
Bengaluru,Balaji Layout,1,55000.0,55000.0,55000.0,55000.0,23.91,23.91,2300.0,,0.0,100.0,3
Bengaluru,Balaji Layout Cooke Town,1,150000.0,150000.0,150000.0,150000.0,60.0,60.0,2500.0,,0.0,100.0,4
Bengaluru,Banashankari,11,58690.91,66300.0,21900.0,80000.0,27.4,27.88,1995.09,44203.54,0.0,54.55,3
Bengaluru,Banashankari 6Th Stage-11Th Block,1,70000.0,70000.0,70000.0,70000.0,17.5,17.5,4000.0,,0.0,100.0,6
Bengaluru,Banashankari Stage 1,1,5300.0,5300.0,5300.0,5300.0,26.5,26.5,200.0,,0.0,0.0,1
Bengaluru,Banashankari Stage 2,2,7750.0,7750.0,6375.0,9125.0,22.31,22.31,410.0,3889.09,0.0,50.0,1
Bengaluru,Banashankari Stage 3,2,31500.0,31500.0,30750.0,32250.0,24.29,24.29,1300.0,2121.32,0.0,50.0,2
Bengaluru,Banashankari Stage 6,7,26357.14,25000.0,22500.0,33500.0,42.77,43.71,703.57,8566.96,0.0,85.71,2
Bengaluru,Banaswadi,3,29500.0,35000.0,22250.0,39500.0,22.42,27.5,1225.0,17895.53,0.0,100.0,1
Bengaluru,Bangalore Shivamogga Road,1,6250.0,6250.0,6250.0,6250.0,9.62,9.62,650.0,,0.0,0.0,1
Bengaluru,Bank Colony Konanakunte,1,25000.0,25000.0,25000.0,25000.0,20.0,20.0,1250.0,,0.0,100.0,3
Bengaluru,Bannerghatta,6,42833.33,39500.0,21500.0,64250.0,37.48,37.51,1185.33,24318.03,0.0,100.0,3
Bengaluru,Bannerghatta Road,20,49050.0,46500.0,34250.0,65000.0,31.21,31.62,1583.85,19760.34,5.0,70.0,3
Bengaluru,Bapuji Nagar,2,6250.0,6250.0,5625.0,6875.0,15.83,15.83,400.0,1767.77,0.0,0.0,1
Bengaluru,Basapura,3,13166.67,14000.0,9750.0,17000.0,26.64,25.45,503.33,7285.83,0.0,66.67,1
Bengaluru,Basapura Main Road,1,30000.0,30000.0,30000.0,30000.0,22.22,22.22,1350.0,,0.0,0.0,3
Bengaluru,Basavanagar Main Road,1,40000.0,40000.0,40000.0,40000.0,22.6,22.6,1770.0,,0.0,100.0,3
Bengaluru,Basavanagara,2,16500.0,16500.0,14750.0,18250.0,17.14,17.14,1025.0,4949.75,0.0,50.0,1
Bengaluru,Basavanagudi,2,14500.0,14500.0,12750.0,16250.0,17.86,17.86,800.0,4949.75,0.0,50.0,1
Bengaluru,Basavanapura,1,21000.0,21000.0,21000.0,21000.0,13.12,13.12,1600.0,,0.0,100.0,3
Bengaluru,Basavanna Nagar,1,110000.0,110000.0,110000.0,110000.0,40.74,40.74,2700.0,,0.0,100.0,3
Bengaluru,Basaveshwar Nagar,6,33500.0,30500.0,20000.0,46250.0,22.99,22.09,1375.83,18630.62,16.67,50.0,3
Bengaluru,Basaveshwara Hbcs Layout,1,36000.0,36000.0,36000.0,36000.0,15.0,15.0,2400.0,,0.0,100.0,3
Bengaluru,Battarahalli,3,55000.0,55000.0,52500.0,57500.0,33.17,32.19,1679.67,5000.0,33.33,66.67,3
Bengaluru,Bcc Layout,1,20000.0,20000.0,20000.0,20000.0,33.33,33.33,600.0,,0.0,0.0,2
Bengaluru,Bda Lay Out Chandra Layout,1,15000.0,15000.0,15000.0,15000.0,20.0,20.0,750.0,,0.0,100.0,2
Bengaluru,Bda Layout-Hsr Layout,1,35000.0,35000.0,35000.0,35000.0,29.17,29.17,1200.0,,0.0,100.0,2
Bengaluru,Begur,4,31000.0,36000.0,25000.0,42000.0,44.41,45.79,688.75,15099.67,0.0,100.0,1
Bengaluru,Begur Hulimavu Road,1,32000.0,32000.0,32000.0,32000.0,22.07,22.07,1450.0,,100.0,0.0,3
Bengaluru,Begur Road,5,50400.0,55000.0,42000.0,56000.0,39.51,39.2,1337.0,8203.66,0.0,40.0,3
Bengaluru,Bellandur,13,81153.85,50000.0,44000.0,78000.0,41.27,38.46,1853.08,68043.91,0.0,76.92,3
Bengaluru,Bellandur Lake Road,1,58000.0,58000.0,58000.0,58000.0,29.0,29.0,2000.0,,100.0,0.0,3
Bengaluru,Bellandur-Marathahalli,1,25000.0,25000.0,25000.0,25000.0,31.25,31.25,800.0,,0.0,100.0,2
Bengaluru,Bellary Road,2,39000.0,39000.0,33500.0,44500.0,19.85,19.85,1993.0,15556.35,0.0,50.0,3
Bengaluru,Beml Layout-Brookefield,3,45000.0,50000.0,42500.0,50000.0,29.13,31.15,1535.0,8660.25,33.33,66.67,3
Bengaluru,Bengaluru Kanakapura Road,1,18000.0,18000.0,18000.0,18000.0,22.5,22.5,800.0,,0.0,0.0,1
Bengaluru,Bengaluru Main Road,1,40000.0,40000.0,40000.0,40000.0,16.67,16.67,2400.0,,0.0,100.0,4
Bengaluru,Benson Town,3,129333.33,100000.0,79000.0,165000.0,50.47,45.45,2366.67,89673.48,33.33,66.67,3
Bengaluru,Bettadasanapura,2,6250.0,6250.0,4625.0,7875.0,12.92,12.92,450.0,4596.19,0.0,50.0,1
Bengaluru,Bhavani Nagar,1,26999.0,26999.0,26999.0,26999.0,45.0,45.0,600.0,,100.0,0.0,1
Bengaluru,Bhavani Nagar Shakti Farm,1,15000.0,15000.0,15000.0,15000.0,13.64,13.64,1100.0,,0.0,0.0,2
Bengaluru,Bhoganhalli,4,60000.0,68500.0,51250.0,77250.0,48.11,51.39,1321.5,24752.1,0.0,75.0,2
Bengaluru,Bhuvaneshwari Nagar,1,100000.0,100000.0,100000.0,100000.0,41.67,41.67,2400.0,,100.0,0.0,4
Bengaluru,Bhyraveshwara Nagar,1,35000.0,35000.0,35000.0,35000.0,36.84,36.84,950.0,,0.0,0.0,4
Bengaluru,Bidarahalli,1,38000.0,38000.0,38000.0,38000.0,34.55,34.55,1100.0,,0.0,100.0,3
Bengaluru,Bidare Agrahara,5,14300.0,17500.0,8000.0,18500.0,21.67,26.43,640.0,6047.73,20.0,80.0,2
Bengaluru,Bikasipura,1,25000.0,25000.0,25000.0,25000.0,31.25,31.25,800.0,,0.0,100.0,2
Bengaluru,Bilekahalli,4,76000.0,39000.0,27500.0,87500.0,66.0,37.46,1102.5,83378.65,0.0,100.0,2
Bengaluru,Bileshivale,2,144250.0,144250.0,76375.0,212125.0,113.36,113.36,1025.0,191979.49,0.0,50.0,1
Bengaluru,Binnamangala Stage 1 Indiranagar,2,102500.0,102500.0,93750.0,111250.0,51.04,51.04,2100.0,24748.74,0.0,100.0,3
Bengaluru,Binny Pete,1,50000.0,50000.0,50000.0,50000.0,51.28,51.28,975.0,,100.0,0.0,2
Bengaluru,Block 1St Jayanagar,1,100000.0,100000.0,100000.0,100000.0,50.0,50.0,2000.0,,0.0,100.0,3
Bengaluru,Block 1St Koramangala,4,68750.0,50000.0,28750.0,90000.0,47.17,43.01,1282.5,57789.13,50.0,25.0,2
Bengaluru,Block 2Nd Jayanagar East,2,60000.0,60000.0,57500.0,62500.0,30.27,30.27,2125.0,7071.07,0.0,100.0,3
Bengaluru,Block 2Nd Koramangala,1,50000.0,50000.0,50000.0,50000.0,33.33,33.33,1500.0,,0.0,100.0,2
Bengaluru,Block 3Rd Jayanagar East,2,26250.0,26250.0,18375.0,34125.0,34.12,34.12,700.0,22273.86,0.0,50.0,1
Bengaluru,Block 3Rd Koramangala,1,300000.0,300000.0,300000.0,300000.0,62.5,62.5,4800.0,,0.0,100.0,4
Bengaluru,Block 3Rd Narayana Nagar,1,22000.0,22000.0,22000.0,22000.0,20.0,20.0,1100.0,,0.0,100.0,2
Bengaluru,Block 4Th Jayanagar,4,41750.0,42500.0,33000.0,51250.0,30.12,30.56,1337.5,23782.0,25.0,50.0,3
Bengaluru,Block 5Th Jayanagar,2,130000.0,130000.0,95000.0,165000.0,58.33,58.33,2100.0,98994.95,0.0,100.0,2
Bengaluru,Block 5Th Koramangala,1,50000.0,50000.0,50000.0,50000.0,30.86,30.86,1620.0,,0.0,100.0,3
Bengaluru,Block 6Th Koramangala,2,26500.0,26500.0,23750.0,29250.0,37.0,37.0,750.0,7778.17,0.0,100.0,1
Bengaluru,Block 7Th Jayanagar,2,115000.0,115000.0,82500.0,147500.0,38.84,38.84,2725.0,91923.88,50.0,0.0,3
Bengaluru,Bommanahalli,5,45900.0,35000.0,12000.0,85000.0,35.87,34.29,1130.0,39421.44,40.0,40.0,3
Bengaluru,Bommasandra,6,36083.33,37500.0,23750.0,40000.0,20.51,18.61,1808.33,23152.57,16.67,83.33,3
Bengaluru,Bommasandra Jigani Link Road,3,27000.0,30000.0,25500.0,30000.0,29.0,28.74,941.33,5196.15,0.0,100.0,2
Bengaluru,Borewell Road,1,19000.0,19000.0,19000.0,19000.0,47.5,47.5,400.0,,100.0,0.0,1
Bengaluru,Brigade Metropolis,2,97500.0,97500.0,81250.0,113750.0,47.38,47.38,2000.0,45961.94,0.0,100.0,3
Bengaluru,Brindavan Nagar Mathikere,1,30000.0,30000.0,30000.0,30000.0,25.0,25.0,1200.0,,0.0,100.0,2
Bengaluru,Brookefield,3,39000.0,30000.0,23500.0,50000.0,71.56,41.18,875.0,27622.45,33.33,66.67,1
Bengaluru,Btm Layout,6,81416.67,25500.0,17500.0,156500.0,33.82,27.5,1893.33,95927.27,16.67,50.0,1
Bengaluru,Btm Layout Stage 1,4,40250.0,24000.0,18000.0,46250.0,32.77,28.24,1370.0,36935.76,50.0,50.0,1
Bengaluru,Btm Layout Stage 2,6,36350.0,27500.0,17250.0,34000.0,32.7,28.11,1091.67,32399.61,16.67,50.0,2
Bengaluru,Budigere,10,39500.0,32000.0,30000.0,43250.0,28.01,28.16,1475.1,16008.68,0.0,100.0,2
Bengaluru,Budigere Road,1,12000.0,12000.0,12000.0,12000.0,15.0,15.0,800.0,,0.0,100.0,1
Bengaluru,Byatarayanapura New Extension,1,10000.0,10000.0,10000.0,10000.0,13.33,13.33,750.0,,0.0,100.0,1
Bengaluru,Byrappa Layout Rmv 2Nd Stage,1,20000.0,20000.0,20000.0,20000.0,16.67,16.67,1200.0,,0.0,100.0,2
Bengaluru,Byrathi,7,22714.29,21000.0,12000.0,30000.0,14.34,12.94,2684.29,13474.84,0.0,71.43,2
Bengaluru,C V Raman Nagar,12,39250.0,38000.0,27500.0,45500.0,31.49,30.94,1186.75,20984.3,16.67,75.0,2
Bengaluru,Cambridge Layout,2,215000.0,215000.0,172500.0,257500.0,157.5,157.5,1600.0,120208.15,0.0,0.0,3
Bengaluru,Canara Bank Layout,1,20500.0,20500.0,20500.0,20500.0,22.78,22.78,900.0,,0.0,100.0,2
Bengaluru,Chamrajpet,1,4500.0,4500.0,4500.0,4500.0,30.0,30.0,150.0,,0.0,0.0,1
Bengaluru,Chamundeshwari Layout,1,150000.0,150000.0,150000.0,150000.0,157.89,157.89,950.0,,0.0,100.0,2
Bengaluru,Chandapura,8,19125.0,20500.0,13125.0,22750.0,21.31,21.25,864.38,9144.67,50.0,25.0,2
Bengaluru,Channasandra,2,72500.0,72500.0,68750.0,76250.0,34.31,34.31,2352.0,10606.6,0.0,100.0,3
Bengaluru,Channasandra Main Road,1,10000.0,10000.0,10000.0,10000.0,23.26,23.26,430.0,,0.0,100.0,1
Bengaluru,Chennammana Kere,1,25000.0,25000.0,25000.0,25000.0,10.42,10.42,2400.0,,0.0,100.0,2
Bengaluru,Chikkabanavara,3,17500.0,20000.0,13750.0,22500.0,20.54,18.75,846.33,9013.88,0.0,0.0,2
Bengaluru,Chikkabellandur,1,50000.0,50000.0,50000.0,50000.0,20.83,20.83,2400.0,,0.0,100.0,4
Bengaluru,Chikkabidarakallu,1,8000.0,8000.0,8000.0,8000.0,10.81,10.81,740.0,,0.0,0.0,2
Bengaluru,Chikkagubbi Village,1,190000.0,190000.0,190000.0,190000.0,51.42,51.42,3695.0,,0.0,100.0,4
Bengaluru,Chikkajala,1,15000.0,15000.0,15000.0,15000.0,25.0,25.0,600.0,,0.0,100.0,1
Bengaluru,Chikkakannalli,1,60000.0,60000.0,60000.0,60000.0,54.55,54.55,1100.0,,100.0,0.0,2
Bengaluru,Chikkalasandra,1,22000.0,22000.0,22000.0,22000.0,20.18,20.18,1090.0,,0.0,0.0,2
Bengaluru,Chikkanna Layout,1,47000.0,47000.0,47000.0,47000.0,34.58,34.58,1359.0,,0.0,100.0,2
Bengaluru,Chikku Lakshmaiah Layout,1,20000.0,20000.0,20000.0,20000.0,28.57,28.57,700.0,,0.0,100.0,2
Bengaluru,Chinnapanna Halli,2,13500.0,13500.0,12250.0,14750.0,38.0,38.0,375.0,3535.53,0.0,100.0,1
Bengaluru,Chokkanahalli,1,20000.0,20000.0,20000.0,20000.0,13.61,13.61,1470.0,,0.0,100.0,3
Bengaluru,Choodasandra,4,24750.0,25500.0,14500.0,35750.0,26.55,27.08,907.5,13841.36,0.0,75.0,2
Bengaluru,Chowdeshwari Layout Marathahalli Village,1,26895.0,26895.0,26895.0,26895.0,26.63,26.63,1010.0,,0.0,100.0,2
Bengaluru,Chunchanakuppe,1,35000.0,35000.0,35000.0,35000.0,10.97,10.97,3190.0,,0.0,0.0,5
Bengaluru,Cleveland Town,2,130000.0,130000.0,130000.0,130000.0,46.32,46.32,2807.5,0.0,0.0,100.0,3
Bengaluru,Coffee Board Layout,1,14000.0,14000.0,14000.0,14000.0,12.73,12.73,1100.0,,0.0,100.0,2
Bengaluru,Cooke Town,2,52750.0,52750.0,47625.0,57875.0,39.25,39.25,1375.0,14495.69,0.0,100.0,2
Bengaluru,Cox Town,3,54666.67,47000.0,44500.0,61000.0,37.86,40.58,1445.0,17785.76,66.67,33.33,3
Bengaluru,Cqal Layout,1,40000.0,40000.0,40000.0,40000.0,32.1,32.1,1246.0,,0.0,100.0,3
Bengaluru,Cunningham Road,1,220000.0,220000.0,220000.0,220000.0,72.73,72.73,3025.0,,0.0,0.0,3
Bengaluru,D Group Layout,2,42500.0,42500.0,33750.0,51250.0,19.94,19.94,2300.0,24748.74,0.0,50.0,2
Bengaluru,Dasarahalli,2,54500.0,54500.0,44250.0,64750.0,37.64,37.64,1450.0,28991.38,0.0,100.0,2
Bengaluru,Dasarahalli Main Road,3,30500.0,30000.0,22750.0,38000.0,27.62,21.43,1098.0,15256.15,0.0,100.0,3
Bengaluru,Deepanjali Nagar,1,8000.0,8000.0,8000.0,8000.0,16.0,16.0,500.0,,0.0,0.0,1
Bengaluru,Defence Enclave,2,43000.0,43000.0,43000.0,43000.0,27.22,27.22,1580.0,0.0,0.0,100.0,3
Bengaluru,Devanahalli,17,83058.82,30000.0,26000.0,40000.0,30.51,26.67,2030.71,162844.82,23.53,64.71,2
Bengaluru,Devappa Layout,1,15000.0,15000.0,15000.0,15000.0,21.43,21.43,700.0,,0.0,100.0,2
Bengaluru,Devarabisanahalli,2,35500.0,35500.0,28750.0,42250.0,35.51,35.51,964.5,19091.88,50.0,50.0,1
Bengaluru,Devarachikkana Halli,2,23400.0,23400.0,15100.0,31700.0,19.05,19.05,1095.0,23475.95,0.0,100.0,1
Bengaluru,Devasthanagalu,1,54000.0,54000.0,54000.0,54000.0,32.61,32.61,1656.0,,0.0,100.0,3
Bengaluru,Devinagar,1,10000.0,10000.0,10000.0,10000.0,20.0,20.0,500.0,,0.0,0.0,1
Bengaluru,Doddaballapur Main Road,10,24450.0,20000.0,14250.0,36500.0,22.56,20.09,1026.5,14810.75,20.0,60.0,3
Bengaluru,Doddakallasandra,3,49266.67,49000.0,46400.0,52000.0,32.92,33.11,1503.33,5604.76,0.0,100.0,3
Bengaluru,Doddakannelli,7,57285.71,45000.0,36500.0,67500.0,37.19,36.36,1524.29,32484.43,14.29,71.43,2
Bengaluru,Doddanagamangala,2,12000.0,12000.0,10500.0,13500.0,16.34,16.34,750.0,4242.64,0.0,100.0,1
Bengaluru,Doddanekundi,4,36500.0,28500.0,24500.0,40500.0,33.63,31.83,1035.0,26564.39,0.0,100.0,3
Bengaluru,Doddanekundi Main Road,1,100000.0,100000.0,100000.0,100000.0,43.48,43.48,2300.0,,0.0,100.0,3
Bengaluru,Doddathoguru,1,20000.0,20000.0,20000.0,20000.0,21.93,21.93,912.0,,0.0,100.0,2
Bengaluru,Dollar Scheme,1,43000.0,43000.0,43000.0,43000.0,24.57,24.57,1750.0,,100.0,0.0,3
Bengaluru,Dollars Colony,4,122500.0,125000.0,112500.0,135000.0,67.89,53.55,1981.5,25000.0,0.0,75.0,3
Bengaluru,Domlur,4,58750.0,58500.0,43500.0,73750.0,35.59,35.1,1568.75,33895.67,25.0,50.0,2
Bengaluru,Doopanahalli,1,43000.0,43000.0,43000.0,43000.0,37.39,37.39,1150.0,,0.0,100.0,2
Bengaluru,Dooravani Nagar,2,12500.0,12500.0,11250.0,13750.0,13.33,13.33,950.0,3535.53,0.0,0.0,2
Bengaluru,Ecc Road,6,95666.67,85000.0,46250.0,127500.0,40.3,41.49,2262.17,65959.58,0.0,100.0,4
Bengaluru,Ejipura,4,23125.0,25000.0,19125.0,29000.0,24.18,25.55,925.0,9366.38,25.0,50.0,2
Bengaluru,Electronic City,25,36560.0,30000.0,14000.0,42000.0,26.36,23.64,1426.24,28527.88,20.0,72.0,2
Bengaluru,Electronic City Phase 2,9,30333.33,28000.0,18000.0,35000.0,30.02,25.0,1075.89,17537.46,33.33,66.67,2
Bengaluru,Electronics City Phase 1,10,32200.0,32000.0,26250.0,39500.0,31.16,31.38,1043.3,12934.02,20.0,60.0,2
Bengaluru,Elus Road,1,58000.0,58000.0,58000.0,58000.0,39.06,39.06,1485.0,,0.0,100.0,3
Bengaluru,Epip Zone,2,166000.0,166000.0,99000.0,233000.0,55.8,55.8,2400.0,189504.62,50.0,0.0,2
Bengaluru,Ex Service Men Colony,1,39000.0,39000.0,39000.0,39000.0,10.54,10.54,3700.0,,0.0,0.0,4
Bengaluru,F Block Sahakar Nagar,1,43000.0,43000.0,43000.0,43000.0,27.22,27.22,1580.0,,0.0,100.0,3
Bengaluru,Frazer Town,5,66400.0,40000.0,36000.0,90000.0,29.5,23.53,2094.0,42270.56,20.0,80.0,3
Bengaluru,G Block Sahakar Nagar,1,75000.0,75000.0,75000.0,75000.0,63.56,63.56,1180.0,,100.0,0.0,3
Bengaluru,Gandhi Bazar,1,63000.0,63000.0,63000.0,63000.0,35.0,35.0,1800.0,,0.0,0.0,3
Bengaluru,Ganga Nagar Layout,1,260000.0,260000.0,260000.0,260000.0,163.32,163.32,1592.0,,100.0,0.0,1
Bengaluru,Ganganagar,1,15000.0,15000.0,15000.0,15000.0,15.0,15.0,1000.0,,0.0,100.0,3
Bengaluru,Gattahalli,2,26750.0,26750.0,24125.0,29375.0,24.9,24.9,1067.5,7424.62,50.0,50.0,2
Bengaluru,Gm Palya,1,25000.0,25000.0,25000.0,25000.0,25.0,25.0,1000.0,,0.0,0.0,2
Bengaluru,Gollarahatti,1,7500.0,7500.0,7500.0,7500.0,6.25,6.25,1200.0,,0.0,0.0,2
Bengaluru,Gopasandra Sarjapura Road,1,600000.0,600000.0,600000.0,600000.0,80.0,80.0,7500.0,,100.0,0.0,3
Bengaluru,Gottigere,9,23000.0,16000.0,13500.0,28000.0,20.51,14.55,1092.89,15254.1,11.11,55.56,2
Bengaluru,Govindpura,1,10000.0,10000.0,10000.0,10000.0,22.22,22.22,450.0,,0.0,0.0,2
Bengaluru,Green Woods Layout,1,15000.0,15000.0,15000.0,15000.0,14.71,14.71,1020.0,,0.0,100.0,2
Bengaluru,Gruha Lakshmi Layout,1,17000.0,17000.0,17000.0,17000.0,17.71,17.71,960.0,,100.0,0.0,2
Bengaluru,Gubbalala,1,40000.0,40000.0,40000.0,40000.0,28.78,28.78,1390.0,,0.0,100.0,3
Bengaluru,Gummanahalli,4,30000.0,29000.0,25750.0,33250.0,31.86,30.84,950.75,5597.62,0.0,75.0,2
Bengaluru,Gunjur,6,114333.33,53500.0,39750.0,203000.0,37.93,34.24,2726.67,118238.18,0.0,66.67,3
Bengaluru,Gunjur Balagere Road,2,37500.0,37500.0,36250.0,38750.0,30.19,30.19,1250.0,3535.53,0.0,100.0,2
Bengaluru,Hadosiddapura,2,63500.0,63500.0,63250.0,63750.0,38.93,38.93,1643.5,707.11,0.0,50.0,3
Bengaluru,Hal 3Rd Stage,1,20000.0,20000.0,20000.0,20000.0,33.33,33.33,600.0,,0.0,100.0,2
Bengaluru,Hal Old Airport Road,3,117333.33,100000.0,76000.0,150000.0,56.37,57.64,2050.33,75507.17,33.33,33.33,2
Bengaluru,Halanayakanahalli,1,70000.0,70000.0,70000.0,70000.0,35.0,35.0,2000.0,,0.0,0.0,3
Bengaluru,Halasuru,7,71714.29,26000.0,16500.0,115000.0,53.06,58.82,1207.86,73386.45,14.29,71.43,1
Bengaluru,Hanumanthappa Layout Sivanchetti Gardens,1,150000.0,150000.0,150000.0,150000.0,76.92,76.92,1950.0,,0.0,100.0,3
Bengaluru,Haralur,5,65000.0,65000.0,65000.0,65000.0,44.09,38.46,1616.4,10606.6,40.0,60.0,3
Bengaluru,Haralur Main Road,7,63571.43,67000.0,46000.0,73000.0,39.47,34.7,1645.57,27385.26,28.57,57.14,2
Bengaluru,Harlur,2,28000.0,28000.0,19500.0,36500.0,34.48,34.48,772.5,24041.63,0.0,100.0,1
Bengaluru,Harsha Layout,1,9000.0,9000.0,9000.0,9000.0,10.59,10.59,850.0,,0.0,100.0,1
Bengaluru,Hbr Layout,6,28083.33,30000.0,16500.0,36000.0,28.58,29.79,958.33,15672.96,16.67,33.33,1
Bengaluru,Hbr Layout Block 2,1,20000.0,20000.0,20000.0,20000.0,16.67,16.67,1200.0,,0.0,100.0,2
Bengaluru,Hbr Layout Block 3,1,60000.0,60000.0,60000.0,60000.0,24.0,24.0,2500.0,,0.0,100.0,4
Bengaluru,Hebbal,35,119857.14,75000.0,62000.0,165000.0,48.5,43.75,2265.43,85202.92,20.0,65.71,3
Bengaluru,Hebbal Kempapura,5,55600.0,29000.0,28000.0,45000.0,23.12,23.33,2180.0,53313.23,20.0,80.0,2
Bengaluru,Hegde Nagar,2,37250.0,37250.0,25875.0,48625.0,28.42,28.42,1175.0,32173.36,0.0,50.0,2
Bengaluru,Hennur,12,81166.67,42000.0,25500.0,127500.0,41.85,32.38,1750.58,71546.34,25.0,66.67,2
Bengaluru,Hennur Bagalur Main Road,1,50000.0,50000.0,50000.0,50000.0,41.67,41.67,1200.0,,0.0,100.0,3
Bengaluru,Hennur Bande Road,1,13500.0,13500.0,13500.0,13500.0,19.29,19.29,700.0,,0.0,100.0,1
Bengaluru,Hennur Main Road,15,54633.33,50000.0,41500.0,65000.0,32.55,33.82,1716.0,31272.12,13.33,60.0,2
Bengaluru,Hesarghatta Road,1,12000.0,12000.0,12000.0,12000.0,12.0,12.0,1000.0,,0.0,100.0,2
Bengaluru,Hmt Layout Vidyaranyapura,1,27000.0,27000.0,27000.0,27000.0,30.0,30.0,900.0,,0.0,100.0,2
Bengaluru,Holiday Village Road,1,28900.0,28900.0,28900.0,28900.0,25.13,25.13,1150.0,,0.0,100.0,2
Bengaluru,Hongasandra,3,7833.33,8000.0,6750.0,9000.0,16.85,14.55,483.33,2254.62,0.0,33.33,1
Bengaluru,Hoodi,7,41714.29,45000.0,27000.0,54000.0,30.53,30.3,1340.14,20080.79,14.29,57.14,2
Bengaluru,Horamavu,12,60583.33,35500.0,18750.0,100000.0,23.93,23.62,2182.17,55245.66,8.33,83.33,2
Bengaluru,Horamavu Main Road,1,28500.0,28500.0,28500.0,28500.0,30.0,30.0,950.0,,0.0,0.0,2
Bengaluru,Hosa Road,6,42389.33,38918.0,35250.0,51709.0,32.14,32.62,1274.5,18370.45,33.33,50.0,2
Bengaluru,Hosakerehalli,1,4500.0,4500.0,4500.0,4500.0,45.0,45.0,100.0,,0.0,0.0,1
Bengaluru,Hoskote,3,46666.67,35000.0,27500.0,60000.0,16.25,16.67,2783.33,34034.3,0.0,66.67,2
Bengaluru,Hoskote Road,1,7000.0,7000.0,7000.0,7000.0,17.5,17.5,400.0,,0.0,0.0,1
Bengaluru,Hosur Road,6,66666.67,72000.0,55000.0,86000.0,44.11,44.76,1445.17,30110.91,16.67,66.67,3
Bengaluru,Hoysalanagar,1,12000.0,12000.0,12000.0,12000.0,30.0,30.0,400.0,,100.0,0.0,1
Bengaluru,Hrbr Layout,1,79000.0,79000.0,79000.0,79000.0,33.62,33.62,2350.0,,0.0,100.0,3
Bengaluru,Hrbr Layout Block 1,2,33500.0,33500.0,32750.0,34250.0,29.82,29.82,1125.0,2121.32,0.0,100.0,2
Bengaluru,Hsr Layout,15,57300.0,50000.0,36250.0,70000.0,36.12,38.24,1637.27,35026.42,26.67,66.67,3
Bengaluru,Hulimavu,9,45222.22,30000.0,17000.0,42000.0,23.87,27.23,1697.67,43916.9,22.22,66.67,2
Bengaluru,Hunasamaranahalli,2,293000.0,293000.0,164500.0,421500.0,52.59,52.59,4129.5,363452.89,50.0,50.0,3
Bengaluru,Huskur,1,25000.0,25000.0,25000.0,25000.0,22.73,22.73,1100.0,,0.0,100.0,2
Bengaluru,Hutchins Road,1,56000.0,56000.0,56000.0,56000.0,35.0,35.0,1600.0,,0.0,0.0,3
Bengaluru,Huvinayakanahalli,1,25000.0,25000.0,25000.0,25000.0,23.97,23.97,1043.0,,0.0,100.0,3
Bengaluru,Iblur Village,1,43000.0,43000.0,43000.0,43000.0,43.0,43.0,1000.0,,0.0,100.0,2
Bengaluru,Immadihalli,1,13000.0,13000.0,13000.0,13000.0,20.0,20.0,650.0,,0.0,100.0,1
Bengaluru,Indira Nagar,10,129500.0,107500.0,53750.0,170000.0,47.06,46.47,2553.0,98206.42,20.0,60.0,4
Bengaluru,Indira Nagar Stage 1,2,120000.0,120000.0,120000.0,120000.0,59.56,59.56,2015.0,0.0,0.0,100.0,3
Bengaluru,Indira Nagar Stage 2,3,105000.0,100000.0,87500.0,120000.0,56.56,55.56,1833.33,32787.19,33.33,33.33,3
Bengaluru,Infantry Road,1,60000.0,60000.0,60000.0,60000.0,30.0,30.0,2000.0,,0.0,100.0,5
Bengaluru,Isro Layout,1,25000.0,25000.0,25000.0,25000.0,20.83,20.83,1200.0,,0.0,100.0,2
Bengaluru,Iti Layout,1,26666.0,26666.0,26666.0,26666.0,48.48,48.48,550.0,,0.0,0.0,1
Bengaluru,Itpl,5,88000.0,100000.0,72000.0,110000.0,43.99,40.0,2175.0,46065.17,40.0,60.0,4
Bengaluru,Itpl Main Road,1,15000.0,15000.0,15000.0,15000.0,25.0,25.0,600.0,,0.0,100.0,1
Bengaluru,Ittamadu Main Road,1,9500.0,9500.0,9500.0,9500.0,15.83,15.83,600.0,,0.0,100.0,1
Bengaluru,Ivc Road,1,320000.0,320000.0,320000.0,320000.0,51.2,51.2,6250.0,,100.0,0.0,4
Bengaluru,Jakkasandra Extension,1,15000.0,15000.0,15000.0,15000.0,17.65,17.65,850.0,,0.0,100.0,2
Bengaluru,Jakkur,12,43708.33,32000.0,24625.0,66000.0,35.72,37.23,1183.33,25715.63,16.67,58.33,2
Bengaluru,Jakkur Plantation,1,40000.0,40000.0,40000.0,40000.0,23.3,23.3,1717.0,,0.0,100.0,3
Bengaluru,Jakkuru Main Road,1,35000.0,35000.0,35000.0,35000.0,33.11,33.11,1057.0,,0.0,100.0,2
Bengaluru,Jalahalli,2,34500.0,34500.0,34250.0,34750.0,25.88,25.88,1337.5,707.11,0.0,100.0,2
Bengaluru,Jalahalli East,1,20000.0,20000.0,20000.0,20000.0,23.53,23.53,850.0,,0.0,100.0,2
Bengaluru,Jalahalli West,1,24000.0,24000.0,24000.0,24000.0,30.0,30.0,800.0,,100.0,0.0,2
Bengaluru,Jayamahal Main Road,1,80000.0,80000.0,80000.0,80000.0,47.06,47.06,1700.0,,0.0,100.0,3
Bengaluru,Jayanagar,2,148500.0,148500.0,97750.0,199250.0,41.3,41.3,3250.0,143542.68,50.0,0.0,2
Bengaluru,Jayanagar Housing Society Layout,1,38000.0,38000.0,38000.0,38000.0,29.23,29.23,1300.0,,100.0,0.0,3
Bengaluru,Jc Nagar-Kurubarahalli,1,7500.0,7500.0,7500.0,7500.0,21.43,21.43,350.0,,0.0,100.0,1
Bengaluru,Jeevan Bima Nagar,1,35000.0,35000.0,35000.0,35000.0,41.18,41.18,850.0,,0.0,100.0,2
Bengaluru,Jigani,8,13218.75,11250.0,10312.5,17625.0,15.5,15.5,838.25,5746.8,0.0,87.5,2
Bengaluru,Jivanahalli,1,18000.0,18000.0,18000.0,18000.0,20.0,20.0,900.0,,0.0,100.0,2
Bengaluru,Jp Nagar,15,50566.67,38000.0,19000.0,50500.0,34.23,26.82,1345.47,48868.95,13.33,66.67,3
Bengaluru,Judicial Layout,4,131000.0,72000.0,41250.0,161750.0,34.89,38.19,3880.0,148976.51,50.0,50.0,2
Bengaluru,Junnasandra,1,35000.0,35000.0,35000.0,35000.0,35.0,35.0,1000.0,,0.0,100.0,2
Bengaluru,K Channasandra,1,18000.0,18000.0,18000.0,18000.0,24.0,24.0,750.0,,0.0,100.0,2
Bengaluru,Kada Agrahara,1,20000.0,20000.0,20000.0,20000.0,21.03,21.03,951.0,,0.0,100.0,3
Bengaluru,Kadabagere,1,6000.0,6000.0,6000.0,6000.0,9.23,9.23,650.0,,100.0,0.0,1
Bengaluru,Kadubeesanahalli,5,57400.0,25000.0,23000.0,37000.0,33.78,33.64,1470.0,68798.98,40.0,20.0,2
Bengaluru,Kadugodi,11,29272.73,25000.0,20000.0,35500.0,25.09,27.5,1120.0,15291.11,18.18,63.64,2
Bengaluru,Kadugondanahalli,2,70000.0,70000.0,40000.0,100000.0,31.55,31.55,1700.0,84852.81,50.0,0.0,2
Bengaluru,Kaggadasapura,8,26062.5,22500.0,14375.0,33500.0,25.8,24.12,1027.5,16506.36,0.0,75.0,1
Bengaluru,Kaikondrahalli,1,45000.0,45000.0,45000.0,45000.0,36.0,36.0,1250.0,,0.0,100.0,2
Bengaluru,Kalappa Layout,1,5500.0,5500.0,5500.0,5500.0,18.33,18.33,300.0,,0.0,0.0,1
Bengaluru,Kalena Agrahara,2,55000.0,55000.0,52500.0,57500.0,30.83,30.83,1782.0,7071.07,0.0,100.0,3
Bengaluru,Kalidasa Layout,1,6500.0,6500.0,6500.0,6500.0,18.57,18.57,350.0,,0.0,0.0,1
Bengaluru,Kalyan Nagar,3,25666.67,25000.0,23500.0,27500.0,25.64,26.2,1043.33,4041.45,33.33,66.67,2
Bengaluru,Kamakshipalya,2,6750.0,6750.0,5875.0,7625.0,11.25,11.25,600.0,2474.87,0.0,50.0,1
Bengaluru,Kammagondahalli,1,4500.0,4500.0,4500.0,4500.0,11.25,11.25,400.0,,0.0,0.0,1
Bengaluru,Kammanahalli,6,50000.0,58500.0,28000.0,68750.0,35.27,34.4,1383.33,30059.94,16.67,83.33,3
Bengaluru,Kammasandra,1,8000.0,8000.0,8000.0,8000.0,13.33,13.33,600.0,,0.0,100.0,2
Bengaluru,Kanaka Nagar,1,60000.0,60000.0,60000.0,60000.0,50.0,50.0,1200.0,,0.0,100.0,2
Bengaluru,Kanakapura,1,50000.0,50000.0,50000.0,50000.0,26.32,26.32,1900.0,,0.0,100.0,3
Bengaluru,Kanakapura Road,17,51764.71,48000.0,40000.0,56000.0,32.53,31.75,1596.82,18430.71,11.76,70.59,3
Bengaluru,Kannamangala,3,77666.67,70000.0,41500.0,110000.0,31.95,31.4,2043.0,68821.02,33.33,33.33,2
Bengaluru,Kannuru,3,47666.67,35000.0,21500.0,67500.0,28.11,30.3,1586.67,47289.89,0.0,66.67,2
Bengaluru,Kariobanahalli,1,16000.0,16000.0,16000.0,16000.0,16.84,16.84,950.0,,0.0,100.0,2
Bengaluru,Kariyammana Agrahara,2,190000.0,190000.0,170000.0,210000.0,37.98,37.98,4987.5,56568.54,0.0,100.0,4
Bengaluru,Karthik Nagar,1,25000.0,25000.0,25000.0,25000.0,50.0,50.0,500.0,,100.0,0.0,1
Bengaluru,Kasavanahalli,17,49258.82,40000.0,22000.0,77900.0,34.01,33.09,1401.82,28841.51,11.76,64.71,3
Bengaluru,Kasturi Nagar,4,74000.0,62500.0,42750.0,93750.0,31.07,29.26,2491.5,55263.01,25.0,75.0,2
Bengaluru,Kattigenahalli,1,60000.0,60000.0,60000.0,60000.0,20.98,20.98,2860.0,,0.0,100.0,5
Bengaluru,Kaval Byrasandra,4,25000.0,21500.0,18000.0,28500.0,21.82,22.16,1157.5,14118.55,0.0,75.0,3
Bengaluru,Kaveri Nagar,1,24000.0,24000.0,24000.0,24000.0,22.04,22.04,1089.0,,0.0,0.0,2
Bengaluru,Kempapura,2,184000.0,184000.0,101000.0,267000.0,48.89,48.89,2700.0,234759.45,0.0,100.0,3
Bengaluru,Kempapura Agrahara,1,10500.0,10500.0,10500.0,10500.0,13.12,13.12,800.0,,0.0,100.0,1
Bengaluru,Kenchenhalli,1,30000.0,30000.0,30000.0,30000.0,20.0,20.0,1500.0,,0.0,100.0,3
Bengaluru,Kengeri,1,23000.0,23000.0,23000.0,23000.0,23.0,23.0,1000.0,,100.0,0.0,3
Bengaluru,Kengeri Main Road,1,25000.0,25000.0,25000.0,25000.0,20.0,20.0,1250.0,,100.0,0.0,3
Bengaluru,Kengeri Satellite Town,3,11166.67,8000.0,6750.0,14000.0,13.79,15.38,783.33,7751.34,0.0,66.67,2
Bengaluru,Kithaganur Main Road,2,24500.0,24500.0,19250.0,29750.0,15.75,15.75,1500.0,14849.24,100.0,0.0,2
Bengaluru,Kodathi,3,21666.67,23000.0,19500.0,24500.0,25.56,22.86,883.33,5131.6,0.0,100.0,2
Bengaluru,Kodichikknahalli,1,80000.0,80000.0,80000.0,80000.0,25.81,25.81,3100.0,,100.0,0.0,4
Bengaluru,Kodigehalli,2,36000.0,36000.0,34000.0,38000.0,26.48,26.48,1365.0,5656.85,0.0,100.0,2
Bengaluru,Kodigenahalli,1,20000.0,20000.0,20000.0,20000.0,20.0,20.0,1000.0,,0.0,100.0,2
Bengaluru,Kodihalli,2,50500.0,50500.0,33250.0,67750.0,49.42,49.42,975.0,48790.37,0.0,0.0,1
Bengaluru,Kodipalya,1,75000.0,75000.0,75000.0,75000.0,50.0,50.0,1500.0,,0.0,100.0,3
Bengaluru,Kogilu,4,48250.0,51500.0,43500.0,56250.0,29.89,29.91,1602.5,13124.4,0.0,100.0,3
Bengaluru,Kogilu Main Road,3,42666.67,45000.0,39000.0,47500.0,30.93,32.29,1404.0,8736.89,0.0,100.0,3
Bengaluru,Konanakunte,4,46250.0,40000.0,22500.0,63750.0,31.39,29.87,1345.75,33757.72,0.0,100.0,1
Bengaluru,Konena Agrahara Murgesh Pallya,3,27666.67,30000.0,20000.0,36500.0,37.88,45.26,683.33,16623.28,0.0,100.0,2
Bengaluru,Koppa,1,10000.0,10000.0,10000.0,10000.0,8.33,8.33,1200.0,,0.0,100.0,2
Bengaluru,Koramangala,17,83941.18,80000.0,40000.0,110000.0,55.36,50.0,1484.41,57668.74,35.29,58.82,3
Bengaluru,Koramangala 80 Feet Road,1,130000.0,130000.0,130000.0,130000.0,54.17,54.17,2400.0,,0.0,100.0,3
Bengaluru,Koramangala Block 4,4,76000.0,71000.0,49500.0,97500.0,49.55,46.67,1475.0,35888.72,0.0,100.0,3
Bengaluru,Kothnoor Dinne,1,35000.0,35000.0,35000.0,35000.0,29.17,29.17,1200.0,,0.0,100.0,3
Bengaluru,Kothnur,2,16000.0,16000.0,12000.0,20000.0,19.8,19.8,775.0,11313.71,50.0,0.0,1
Bengaluru,Kr Puram,14,33821.36,24000.0,17125.0,42500.0,26.92,27.36,1203.0,24186.38,0.0,71.43,2
Bengaluru,Kudlu,1,100000.0,100000.0,100000.0,100000.0,31.25,31.25,3200.0,,100.0,0.0,4
Bengaluru,Kudlu Gate,5,50600.0,55000.0,50000.0,60000.0,38.64,38.46,1301.0,19667.23,0.0,100.0,3
Bengaluru,Kumara Park West,1,140000.0,140000.0,140000.0,140000.0,31.11,31.11,4500.0,,0.0,100.0,5
Bengaluru,Kumaraswamy Layout,2,12000.0,12000.0,12000.0,12000.0,20.0,20.0,600.0,0.0,0.0,100.0,1
Bengaluru,Kumbalgodu,1,23000.0,23000.0,23000.0,23000.0,23.28,23.28,988.0,,0.0,100.0,2
Bengaluru,Kundalahalli,6,96416.67,95000.0,49500.0,130000.0,38.51,38.28,2461.17,69130.61,16.67,83.33,3
Bengaluru,Kundalahalli Colony,1,21000.0,21000.0,21000.0,21000.0,26.25,26.25,800.0,,0.0,0.0,1
Bengaluru,Laggere,1,5500.0,5500.0,5500.0,5500.0,18.33,18.33,300.0,,0.0,0.0,1
Bengaluru,Lakkasandra Extension,1,180000.0,180000.0,180000.0,180000.0,36.0,36.0,5000.0,,100.0,0.0,10
Bengaluru,Lakshminarayana Pura,1,18000.0,18000.0,18000.0,18000.0,60.0,60.0,300.0,,100.0,0.0,1
Bengaluru,Lakshmipura,1,26000.0,26000.0,26000.0,26000.0,15.29,15.29,1700.0,,0.0,100.0,3
Bengaluru,Lavakusha Nagar,1,36000.0,36000.0,36000.0,36000.0,32.85,32.85,1096.0,,100.0,0.0,3
Bengaluru,Lavelle Road,1,350000.0,350000.0,350000.0,350000.0,134.62,134.62,2600.0,,100.0,0.0,4
Bengaluru,Laxmi Sagar Layout,2,63500.0,63500.0,55250.0,71750.0,40.56,40.56,1577.0,23334.52,0.0,100.0,2
Bengaluru,Lbs Nagar,3,31000.0,25000.0,24000.0,35000.0,22.47,20.45,1433.33,12165.53,0.0,66.67,2
Bengaluru,Lingarajapuram,4,17750.0,16500.0,12250.0,22000.0,19.76,20.2,875.0,8015.61,0.0,100.0,1
Bengaluru,Madavara,1,6000.0,6000.0,6000.0,6000.0,10.71,10.71,560.0,,0.0,100.0,1
Bengaluru,Madhuranagara,1,19000.0,19000.0,19000.0,19000.0,20.0,20.0,950.0,,0.0,100.0,2
Bengaluru,Mahadevapura,10,36950.0,31000.0,20125.0,46500.0,41.76,39.04,925.2,23730.49,10.0,80.0,1
Bengaluru,Mahadevapura Layout,1,16500.0,16500.0,16500.0,16500.0,27.5,27.5,600.0,,0.0,100.0,1
Bengaluru,Mahalakshmipuram Layout,2,57500.0,57500.0,56250.0,58750.0,32.74,32.74,1775.0,3535.53,0.0,100.0,3
Bengaluru,Mahatma Gandhi Nagar,2,87500.0,87500.0,86250.0,88750.0,59.65,59.65,1472.5,3535.53,50.0,50.0,3
Bengaluru,Mahatma Gandhi Road,1,60000.0,60000.0,60000.0,60000.0,60.0,60.0,1000.0,,0.0,100.0,2
Bengaluru,Maithri Layout,1,30000.0,30000.0,30000.0,30000.0,27.27,27.27,1100.0,,0.0,100.0,3
Bengaluru,Mallasandra Village,1,50000.0,50000.0,50000.0,50000.0,37.85,37.85,1321.0,,100.0,0.0,3
Bengaluru,Mallathahalli,1,19500.0,19500.0,19500.0,19500.0,24.38,24.38,800.0,,0.0,100.0,2
Bengaluru,Malleshpalya,2,17000.0,17000.0,15000.0,19000.0,14.17,14.17,1200.0,5656.85,0.0,100.0,2
Bengaluru,Malleshpalya Main Road,2,23500.0,23500.0,18250.0,28750.0,19.82,19.82,1190.0,14849.24,0.0,100.0,1
Bengaluru,Malleshwaram,5,67400.0,50000.0,25000.0,70000.0,34.71,31.25,1683.0,66811.68,20.0,60.0,3
Bengaluru,Mangammanapalya,1,10000.0,10000.0,10000.0,10000.0,20.0,20.0,500.0,,0.0,100.0,1
Bengaluru,Manganahalli,1,14500.0,14500.0,14500.0,14500.0,23.24,23.24,624.0,,0.0,100.0,2
Bengaluru,Manjunatha Layout Munnekollal,1,13000.0,13000.0,13000.0,13000.0,21.67,21.67,600.0,,0.0,100.0,1
Bengaluru,Manjunatha Nagar Kalkere,1,30000.0,30000.0,30000.0,30000.0,25.0,25.0,1200.0,,0.0,100.0,2
Bengaluru,Manorayana Palya,1,22000.0,22000.0,22000.0,22000.0,16.06,16.06,1370.0,,100.0,0.0,3
Bengaluru,Manyata Residency,1,110000.0,110000.0,110000.0,110000.0,35.48,35.48,3100.0,,0.0,100.0,4
Bengaluru,Manyata Tech Park,6,32416.67,35000.0,26250.0,41500.0,38.8,39.96,842.67,10846.27,16.67,50.0,2
Bengaluru,Manyata Tech Park Road,1,22000.0,22000.0,22000.0,22000.0,20.95,20.95,1050.0,,0.0,100.0,2
Bengaluru,Marathahalli,26,54884.62,41000.0,27000.0,65000.0,40.01,36.41,1384.23,40025.32,7.69,69.23,2
Bengaluru,Marathahalli Sarjapur Outer Ring Road,1,100000.0,100000.0,100000.0,100000.0,49.63,49.63,2015.0,,0.0,100.0,3
Bengaluru,Marathahalli Village,2,115000.0,115000.0,62500.0,167500.0,32.92,32.92,2650.0,148492.42,0.0,100.0,1
Bengaluru,Marenahalli - Vijaynagar,2,15250.0,15250.0,11375.0,19125.0,15.45,15.45,925.0,10960.16,0.0,50.0,1
Bengaluru,Margondanahalli,6,11666.67,11250.0,8125.0,14750.0,13.8,14.46,833.33,4622.41,0.0,83.33,2
Bengaluru,Maruthi Nagar Attiguppe,1,24000.0,24000.0,24000.0,24000.0,30.0,30.0,800.0,,0.0,100.0,2
Bengaluru,Maruthi Nagar Dasarahalli,1,75000.0,75000.0,75000.0,75000.0,34.72,34.72,2160.0,,100.0,0.0,4
Bengaluru,Maruthi Nagar Yelahanka,2,220000.0,220000.0,210000.0,230000.0,77.59,77.59,3175.0,28284.27,0.0,50.0,3
Bengaluru,Maruti Nagar,1,6500.0,6500.0,6500.0,6500.0,9.29,9.29,700.0,,0.0,100.0,1
Bengaluru,Matadahalli,1,6500.0,6500.0,6500.0,6500.0,21.67,21.67,300.0,,0.0,100.0,1
Bengaluru,Mathikere,1,25000.0,25000.0,25000.0,25000.0,29.41,29.41,850.0,,100.0,0.0,2
Bengaluru,Mathikere Extension,1,36000.0,36000.0,36000.0,36000.0,16.36,16.36,2200.0,,0.0,100.0,3
Bengaluru,Mathrushree Layout Doddamuniswamy Reddy Layout,1,15000.0,15000.0,15000.0,15000.0,25.0,25.0,600.0,,0.0,100.0,2
Bengaluru,Mavalli,1,14000.0,14000.0,14000.0,14000.0,25.45,25.45,550.0,,0.0,100.0,1
Bengaluru,Mc Layout,1,24000.0,24000.0,24000.0,24000.0,24.0,24.0,1000.0,,0.0,100.0,2
Bengaluru,Mcechs Layout,1,35000.0,35000.0,35000.0,35000.0,38.89,38.89,900.0,,0.0,100.0,2
Bengaluru,Medahalli,4,15625.0,15500.0,11375.0,19750.0,32.2,18.67,687.5,7824.91,0.0,25.0,2
Bengaluru,Medi Agrahara,1,10000.0,10000.0,10000.0,10000.0,11.11,11.11,900.0,,0.0,100.0,2
Bengaluru,Meenakshi Layout Choodasandra,2,30900.0,30900.0,23450.0,38350.0,27.62,27.62,1050.0,21071.78,0.0,50.0,2
Bengaluru,Michael Palya,1,8500.0,8500.0,8500.0,8500.0,24.29,24.29,350.0,,0.0,100.0,1
Bengaluru,Mico Layout,2,17000.0,17000.0,16500.0,17500.0,31.91,31.91,625.0,1414.21,50.0,0.0,1
Bengaluru,Mitganahalli,1,28000.0,28000.0,28000.0,28000.0,29.47,29.47,950.0,,0.0,100.0,3
Bengaluru,Mks Layout,1,25000.0,25000.0,25000.0,25000.0,25.0,25.0,1000.0,,0.0,100.0,2
Bengaluru,Moodalapalya,1,14000.0,14000.0,14000.0,14000.0,15.56,15.56,900.0,,0.0,100.0,2
Bengaluru,Ms Palya,1,12500.0,12500.0,12500.0,12500.0,15.62,15.62,800.0,,0.0,100.0,2
Bengaluru,Ms Ramaiah City Layout,1,18000.0,18000.0,18000.0,18000.0,21.18,21.18,850.0,,0.0,100.0,2
Bengaluru,Mullur,3,22000.0,25000.0,19000.0,26500.0,25.55,25.0,850.0,7937.25,0.0,100.0,2
Bengaluru,Munikalappa Layout,1,24000.0,24000.0,24000.0,24000.0,26.67,26.67,900.0,,0.0,100.0,2
Bengaluru,Munireddy Layout,1,9000.0,9000.0,9000.0,9000.0,12.86,12.86,700.0,,0.0,0.0,1
Bengaluru,Munnekollal,10,20750.0,17500.0,14000.0,27250.0,29.46,29.16,755.0,10266.59,10.0,60.0,1
Bengaluru,Murugeshpalya,5,41000.0,33000.0,22000.0,48000.0,33.92,34.73,1110.4,30479.5,20.0,20.0,1
Bengaluru,Muthanallur,1,130000.0,130000.0,130000.0,130000.0,37.14,37.14,3500.0,,0.0,100.0,5
Bengaluru,Mylappanahalli,1,1000000.0,1000000.0,1000000.0,1000000.0,133.33,133.33,7500.0,,100.0,0.0,4
Bengaluru,Mysore Road,3,19333.33,15000.0,10500.0,26000.0,15.88,16.67,1175.0,15947.83,0.0,33.33,3
Bengaluru,Naganathapura,5,24780.0,33000.0,15000.0,33000.0,22.61,22.0,1050.0,12451.59,0.0,80.0,2
Bengaluru,Nagapura,1,80000.0,80000.0,80000.0,80000.0,32.0,32.0,2500.0,,0.0,0.0,5
Bengaluru,Nagarbhavi,2,8000.0,8000.0,8000.0,8000.0,11.05,11.05,725.0,0.0,0.0,100.0,2
Bengaluru,Nagasandra,2,38500.0,38500.0,36750.0,40250.0,37.85,37.85,1027.5,4949.75,0.0,50.0,2
Bengaluru,Nagasandra Main Road,1,71000.0,71000.0,71000.0,71000.0,33.02,33.02,2150.0,,0.0,100.0,4
Bengaluru,Nagavara,7,51642.86,60000.0,26500.0,75000.0,27.0,25.0,1864.29,31891.37,14.29,85.71,3
Bengaluru,Nagdevanahalli,2,20000.0,20000.0,17500.0,22500.0,18.9,18.9,1045.0,7071.07,0.0,50.0,2
Bengaluru,Nagegowdanapalya,2,35000.0,35000.0,30000.0,40000.0,42.28,42.28,1295.0,14142.14,50.0,50.0,1
Bengaluru,Nagondanahalli,1,15000.0,15000.0,15000.0,15000.0,27.27,27.27,550.0,,100.0,0.0,1
Bengaluru,Naidu Layout Electronic City,1,55000.0,55000.0,55000.0,55000.0,46.03,46.03,1195.0,,0.0,100.0,3
Bengaluru,Nallurhalli,2,27750.0,27750.0,24125.0,31375.0,32.53,32.53,905.0,10253.05,0.0,100.0,1
Bengaluru,Nandi Hills,1,480000.0,480000.0,480000.0,480000.0,60.76,60.76,7900.0,,100.0,0.0,4
Bengaluru,Nandini Layout,1,28000.0,28000.0,28000.0,28000.0,18.67,18.67,1500.0,,0.0,0.0,3
Bengaluru,Nanjappa Layout Adugodi,1,13000.0,13000.0,13000.0,13000.0,26.0,26.0,500.0,,0.0,0.0,1
Bengaluru,Narayanaghatta,1,55000.0,55000.0,55000.0,55000.0,29.18,29.18,1885.0,,0.0,100.0,3
Bengaluru,Nayandahalli,1,6000.0,6000.0,6000.0,6000.0,7.5,7.5,800.0,,0.0,100.0,1
Bengaluru,Neeladri Nagar,7,25357.14,24000.0,18750.0,29500.0,25.59,23.15,1011.43,11175.55,28.57,71.43,2
Bengaluru,Neelasandra,1,8000.0,8000.0,8000.0,8000.0,13.33,13.33,600.0,,0.0,100.0,1
Bengaluru,Nehru Nagar,2,45000.0,45000.0,42500.0,47500.0,30.49,30.49,1471.5,7071.07,50.0,50.0,2
Bengaluru,Nelamangala,2,7500.0,7500.0,7250.0,7750.0,10.77,10.77,705.0,707.11,0.0,50.0,2
Bengaluru,New International Airport Road,6,36166.67,37500.0,27000.0,47250.0,28.61,30.0,1234.0,13272.78,16.67,83.33,2
Bengaluru,Nisarga Nandana Layout,1,22000.0,22000.0,22000.0,22000.0,14.1,14.1,1560.0,,0.0,100.0,3
Bengaluru,Nr Colony,1,30000.0,30000.0,30000.0,30000.0,17.65,17.65,1700.0,,0.0,100.0,3
Bengaluru,Nyanapanahalli,1,23000.0,23000.0,23000.0,23000.0,17.04,17.04,1350.0,,0.0,100.0,3
Bengaluru,Old Guddadahalli,1,6000.0,6000.0,6000.0,6000.0,7.5,7.5,800.0,,0.0,0.0,2
Bengaluru,Old Madras Road,8,49112.5,40000.0,29925.0,47500.0,31.54,32.34,1472.88,42997.86,25.0,50.0,2
Bengaluru,Ombr Layout,2,89000.0,89000.0,68500.0,109500.0,29.32,29.32,2995.0,57982.76,0.0,100.0,3
Bengaluru,Pai Layout Hulimavu,1,23000.0,23000.0,23000.0,23000.0,20.91,20.91,1100.0,,0.0,100.0,2
Bengaluru,Pai Layout Mahadevapura,4,47750.0,37500.0,24500.0,60750.0,31.18,30.88,1473.75,32571.72,0.0,50.0,2
Bengaluru,Palace Cross Road,1,150000.0,150000.0,150000.0,150000.0,37.5,37.5,4000.0,,0.0,100.0,6
Bengaluru,Palanahalli Road,1,22000.0,22000.0,22000.0,22000.0,24.44,24.44,900.0,,100.0,0.0,2
Bengaluru,Panathur,5,44800.0,40000.0,40000.0,45000.0,46.42,49.18,1007.2,11945.71,60.0,0.0,2
Bengaluru,Papareddipalya,2,9250.0,9250.0,8375.0,10125.0,14.71,14.71,625.0,2474.87,0.0,0.0,1
Bengaluru,Parappana Agrahara,1,14000.0,14000.0,14000.0,14000.0,23.33,23.33,600.0,,100.0,0.0,1
Bengaluru,Patteghar Palya Main Road,1,5000.0,5000.0,5000.0,5000.0,16.67,16.67,300.0,,0.0,0.0,1
Bengaluru,Peace Layout,1,32000.0,32000.0,32000.0,32000.0,20.0,20.0,1600.0,,0.0,100.0,3
Bengaluru,Phase 1 Sivagiri Township,1,12000.0,12000.0,12000.0,12000.0,20.0,20.0,600.0,,0.0,100.0,1
Bengaluru,Phase 1St Jp Nagar,3,103333.33,80000.0,55000.0,140000.0,52.55,40.0,1791.33,87368.95,33.33,66.67,2
Bengaluru,Phase 1St Mcechs Layout,1,28000.0,28000.0,28000.0,28000.0,23.33,23.33,1200.0,,0.0,100.0,2
Bengaluru,Phase 2Nd Jp Nagar,1,32000.0,32000.0,32000.0,32000.0,32.0,32.0,1000.0,,0.0,100.0,2
Bengaluru,Phase 3 Reliable Residency Layout,1,60000.0,60000.0,60000.0,60000.0,20.0,20.0,3000.0,,0.0,100.0,3
Bengaluru,Phase 5 Jp Nagar,3,51111.33,40000.0,35000.0,61667.0,38.62,25.0,1400.0,28350.05,0.0,100.0,2
Bengaluru,Phase 7 Jp Nagar,11,22954.55,25000.0,15250.0,29000.0,21.84,22.58,1079.55,9788.91,27.27,54.55,2
Bengaluru,Phase 8Th Jp Nagar,1,14000.0,14000.0,14000.0,14000.0,23.33,23.33,600.0,,0.0,100.0,1
Bengaluru,Pillaganahalli,1,8000.0,8000.0,8000.0,8000.0,13.33,13.33,600.0,,0.0,0.0,1
Bengaluru,Pns Layout,1,20000.0,20000.0,20000.0,20000.0,30.77,30.77,650.0,,0.0,100.0,2
Bengaluru,Pragathi Nagar,1,22000.0,22000.0,22000.0,22000.0,19.13,19.13,1150.0,,0.0,100.0,3
Bengaluru,Prithvi Layout,2,42500.0,42500.0,35750.0,49250.0,32.36,32.36,1340.0,19091.88,0.0,50.0,2
Bengaluru,Pulkeshi Nagar,1,90000.0,90000.0,90000.0,90000.0,50.0,50.0,1800.0,,100.0,0.0,3
Bengaluru,Puttanahalli,1,38000.0,38000.0,38000.0,38000.0,28.15,28.15,1350.0,,0.0,100.0,3
Bengaluru,Rachenahalli,2,46000.0,46000.0,36500.0,55500.0,24.24,24.24,1851.0,26870.06,0.0,100.0,2
Bengaluru,Rachenahalli Main Road,1,45000.0,45000.0,45000.0,45000.0,26.47,26.47,1700.0,,0.0,100.0,3
Bengaluru,Raghuvanahalli Bcmc Layout,1,23000.0,23000.0,23000.0,23000.0,19.17,19.17,1200.0,,0.0,100.0,2
Bengaluru,Rainbow Drive,1,85000.0,85000.0,85000.0,85000.0,45.95,45.95,1850.0,,0.0,100.0,3
Bengaluru,Rajaji Nagar,11,95818.18,95000.0,11750.0,160000.0,59.07,47.5,1311.82,87643.1,27.27,36.36,3
Bengaluru,Rajaji Nagar Block 1,2,191000.0,191000.0,131500.0,250500.0,100.46,100.46,1827.5,168291.41,0.0,100.0,3
Bengaluru,Rajaji Nagar Block 2,1,15000.0,15000.0,15000.0,15000.0,23.08,23.08,650.0,,0.0,100.0,1
Bengaluru,Rajaji Nagar Industrial Town,1,250000.0,250000.0,250000.0,250000.0,101.34,101.34,2467.0,,0.0,100.0,4
Bengaluru,Rajajinagar Stage 2,4,92500.0,56500.0,27750.0,121250.0,45.82,28.75,2050.0,95591.14,0.0,50.0,2
Bengaluru,Rajanukunte,1,300000.0,300000.0,300000.0,300000.0,67.72,67.72,4430.0,,0.0,0.0,4
Bengaluru,Rajarajeshwari Nagar,4,28000.0,20000.0,19250.0,28750.0,23.6,17.78,1186.25,18055.47,0.0,50.0,2
Bengaluru,Rajarajeshwari Nagar Stage 5,2,75000.0,75000.0,47500.0,102500.0,45.0,45.0,1400.0,77781.75,0.0,50.0,2
Bengaluru,Ramagondanahalli-Whitefield,1,26000.0,26000.0,26000.0,26000.0,61.9,61.9,420.0,,0.0,0.0,1
Bengaluru,Ramamurthy Nagar,13,18576.92,18000.0,11000.0,23000.0,23.05,23.53,782.38,12051.7,23.08,76.92,2
Bengaluru,Ramanjaneyanagar,1,20000.0,20000.0,20000.0,20000.0,17.7,17.7,1130.0,,0.0,100.0,2
Bengaluru,Ramchandrapura,1,8000.0,8000.0,8000.0,8000.0,11.43,11.43,700.0,,0.0,100.0,2
Bengaluru,Rayasandra,2,19150.0,19150.0,12225.0,26075.0,23.55,23.55,687.5,19586.86,50.0,0.0,1
Bengaluru,Rayasandra Main Road,2,41500.0,41500.0,40750.0,42250.0,30.74,30.74,1350.0,2121.32,0.0,100.0,3
Bengaluru,Rbi Layout,1,20000.0,20000.0,20000.0,20000.0,17.39,17.39,1150.0,,0.0,0.0,2
Bengaluru,Rhcs Layout,1,8000.0,8000.0,8000.0,8000.0,13.33,13.33,600.0,,0.0,100.0,2
Bengaluru,Richards Town,1,110000.0,110000.0,110000.0,110000.0,57.89,57.89,1900.0,,0.0,0.0,3
Bengaluru,Richmond Road,1,150000.0,150000.0,150000.0,150000.0,78.95,78.95,1900.0,,0.0,100.0,3
Bengaluru,Richmond Town,5,153000.0,110000.0,75000.0,120000.0,68.09,62.5,2000.0,140249.78,40.0,40.0,2
Bengaluru,Ring Road,2,80000.0,80000.0,70000.0,90000.0,51.25,51.25,1550.0,28284.27,0.0,50.0,3
Bengaluru,Rmv Extension,2,37500.0,37500.0,28750.0,46250.0,27.19,27.19,1300.0,24748.74,50.0,50.0,1
Bengaluru,Rmv Extension Stage 2,5,121000.0,75000.0,60000.0,190000.0,57.16,37.5,2102.0,82945.77,40.0,60.0,3
Bengaluru,Royal Shelters,1,150000.0,150000.0,150000.0,150000.0,25.0,25.0,6000.0,,100.0,0.0,5
Bengaluru,Rpc Layout,1,22500.0,22500.0,22500.0,22500.0,22.5,22.5,1000.0,,0.0,0.0,2
Bengaluru,Rs Palya,1,8000.0,8000.0,8000.0,8000.0,13.33,13.33,600.0,,0.0,100.0,1
Bengaluru,Rt Nagar,10,35700.0,23000.0,17250.0,32500.0,33.96,28.58,958.0,35087.35,30.0,70.0,1
Bengaluru,Rustam Bagh Layout,1,25000.0,25000.0,25000.0,25000.0,50.0,50.0,500.0,,100.0,0.0,1
Bengaluru,Sadahalli Main Road,1,430000.0,430000.0,430000.0,430000.0,86.0,86.0,5000.0,,100.0,0.0,8
Bengaluru,Sadashiva Nagar,1,130000.0,130000.0,130000.0,130000.0,59.09,59.09,2200.0,,0.0,100.0,4
Bengaluru,Sahakara Nagar,7,45357.14,40000.0,34250.0,55000.0,27.44,26.92,1628.71,18245.35,0.0,71.43,2
Bengaluru,Samethanahalli,1,95000.0,95000.0,95000.0,95000.0,47.5,47.5,2000.0,,0.0,100.0,3
Bengaluru,Sampigehalli,2,34500.0,34500.0,33250.0,35750.0,57.8,57.8,1031.0,3535.53,0.0,100.0,2
Bengaluru,Sanjayanagara,7,117857.14,60000.0,35000.0,87500.0,58.64,48.39,1970.71,170730.22,0.0,71.43,2
Bengaluru,Sannatammanahalli,1,29950.0,29950.0,29950.0,29950.0,21.39,21.39,1400.0,,0.0,100.0,2
Bengaluru,Sarjapur,9,43888.89,38000.0,32000.0,65000.0,26.36,21.71,1903.56,21791.31,22.22,55.56,3
Bengaluru,Sarjapur Road,49,61279.57,60000.0,44000.0,70000.0,38.1,37.42,1683.18,35008.81,22.45,55.1,3
Bengaluru,Sarjapura Attibele Road,3,37666.67,27000.0,25000.0,45000.0,18.07,17.16,2153.33,22030.28,0.0,33.33,2
Bengaluru,Sathanur,2,32000.0,32000.0,24000.0,40000.0,24.77,24.77,1215.5,22627.42,50.0,50.0,2
Bengaluru,Sathya Sai Layout,1,46000.0,46000.0,46000.0,46000.0,27.06,27.06,1700.0,,0.0,100.0,4
Bengaluru,Sector 1 Hsr Layout,2,41000.0,41000.0,36500.0,45500.0,49.63,49.63,895.0,12727.92,0.0,100.0,1
Bengaluru,Sector 11 New Thippasandra,1,35000.0,35000.0,35000.0,35000.0,30.43,30.43,1150.0,,0.0,100.0,2
Bengaluru,Sector 2 Hsr Layout,11,56318.18,26000.0,21500.0,60000.0,43.21,40.91,1104.55,64356.92,0.0,72.73,1
Bengaluru,Sector 3 Hsr Layout,3,30000.0,28000.0,27000.0,32000.0,38.5,34.67,833.33,5291.5,33.33,66.67,2
Bengaluru,Sector 4 Hsr Layout,2,41500.0,41500.0,39750.0,43250.0,37.66,37.66,1100.0,4949.75,0.0,50.0,2
Bengaluru,Sector 5 Hsr Layout,3,47000.0,36000.0,33000.0,55500.0,32.44,32.73,1466.67,24433.58,0.0,100.0,2
Bengaluru,Sector 6 Hsr Layout,1,60000.0,60000.0,60000.0,60000.0,46.15,46.15,1300.0,,0.0,100.0,3
Bengaluru,Seegehalli,6,64833.33,63500.0,46750.0,75000.0,65.28,37.32,1626.67,22462.56,33.33,66.67,3
Bengaluru,Seegehalli Kannamangala Road,1,22000.0,22000.0,22000.0,22000.0,17.32,17.32,1270.0,,0.0,0.0,2
Bengaluru,Seegehalli Kr Puram,3,14666.67,14000.0,13000.0,16000.0,14.33,14.12,1023.33,3055.05,33.33,66.67,2
Bengaluru,Seegehalli Road,1,30000.0,30000.0,30000.0,30000.0,20.98,20.98,1430.0,,0.0,0.0,2
Bengaluru,Sg Palya,1,21000.0,21000.0,21000.0,21000.0,28.0,28.0,750.0,,0.0,0.0,2
Bengaluru,Shanthala Nagar,1,32000.0,32000.0,32000.0,32000.0,37.65,37.65,850.0,,100.0,0.0,1
Bengaluru,Shanti Nagar,2,12500.0,12500.0,12250.0,12750.0,36.25,36.25,350.0,707.11,0.0,0.0,1
Bengaluru,Siddapur,1,14500.0,14500.0,14500.0,14500.0,19.33,19.33,750.0,,0.0,0.0,2
Bengaluru,Silicon Town,1,11500.0,11500.0,11500.0,11500.0,19.17,19.17,600.0,,0.0,0.0,1
Bengaluru,Silver County Road,1,15000.0,15000.0,15000.0,15000.0,16.67,16.67,900.0,,0.0,100.0,2
Bengaluru,Silver Oak Layout,1,33000.0,33000.0,33000.0,33000.0,27.5,27.5,1200.0,,0.0,100.0,2
Bengaluru,Sindhi Colony,1,240000.0,240000.0,240000.0,240000.0,99.38,99.38,2415.0,,0.0,100.0,3
Bengaluru,Singapura,1,7000.0,7000.0,7000.0,7000.0,11.67,11.67,600.0,,0.0,0.0,1
Bengaluru,Singasandra,4,49500.0,51500.0,38750.0,62250.0,23.39,24.06,2175.0,23187.64,75.0,25.0,3
Bengaluru,Sir M Visvesvaraya Inst Road,1,190000.0,190000.0,190000.0,190000.0,57.4,57.4,3310.0,,0.0,100.0,4
Bengaluru,Soladevanahalli,1,7000.0,7000.0,7000.0,7000.0,8.75,8.75,800.0,,0.0,100.0,2
Bengaluru,Somasundarapalya,1,19000.0,19000.0,19000.0,19000.0,29.23,29.23,650.0,,0.0,100.0,1
Bengaluru,Someshwara Layout,1,23000.0,23000.0,23000.0,23000.0,35.38,35.38,650.0,,100.0,0.0,1
Bengaluru,Sompura,1,140000.0,140000.0,140000.0,140000.0,76.92,76.92,1820.0,,0.0,100.0,4
Bengaluru,Spencer Road,1,16000.0,16000.0,16000.0,16000.0,20.0,20.0,800.0,,0.0,100.0,1
Bengaluru,Spice Garden Layout,1,16500.0,16500.0,16500.0,16500.0,20.62,20.62,800.0,,0.0,100.0,1
Bengaluru,Sri Balaji Layout,1,30000.0,30000.0,30000.0,30000.0,20.95,20.95,1432.0,,0.0,100.0,3
Bengaluru,Sri Sai Layout,1,15000.0,15000.0,15000.0,15000.0,20.83,20.83,720.0,,0.0,100.0,2
Bengaluru,Srigandha Nagar,1,15000.0,15000.0,15000.0,15000.0,20.0,20.0,750.0,,0.0,100.0,2
Bengaluru,Srinagar,1,6500.0,6500.0,6500.0,6500.0,5.91,5.91,1100.0,,0.0,100.0,1
Bengaluru,Srirampuram,1,13000.0,13000.0,13000.0,13000.0,32.5,32.5,400.0,,0.0,100.0,1
Bengaluru,Stage 1St Kumaraswamy Layout,1,25000.0,25000.0,25000.0,25000.0,16.67,16.67,1500.0,,0.0,100.0,3
Bengaluru,State Highway 104,1,160000.0,160000.0,160000.0,160000.0,32.65,32.65,4900.0,,100.0,0.0,4
Bengaluru,Subbaiahnapalya,1,16000.0,16000.0,16000.0,16000.0,17.78,17.78,900.0,,0.0,0.0,2
Bengaluru,Subs Nagar,1,30000.0,30000.0,30000.0,30000.0,37.41,37.41,802.0,,0.0,100.0,2
Bengaluru,Sudhama Nagar,1,38000.0,38000.0,38000.0,38000.0,37.62,37.62,1010.0,,0.0,100.0,2
Bengaluru,Sultanpalya,1,18000.0,18000.0,18000.0,18000.0,22.96,22.96,784.0,,0.0,100.0,2
Bengaluru,Sunkadakatte,4,24000.0,13000.0,8000.0,29000.0,15.3,14.72,1600.0,27784.89,0.0,75.0,2
Bengaluru,Suryanagar,1,21500.0,21500.0,21500.0,21500.0,14.33,14.33,1500.0,,0.0,100.0,3
Bengaluru,Syndicate Bank Colony,1,50000.0,50000.0,50000.0,50000.0,26.32,26.32,1900.0,,0.0,100.0,3
Bengaluru,T Dasarahalli,3,69000.0,65000.0,53500.0,82500.0,48.9,35.81,1841.0,29206.16,33.33,66.67,2
Bengaluru,Talacauvery Layout,1,30000.0,30000.0,30000.0,30000.0,27.27,27.27,1100.0,,0.0,100.0,3
Bengaluru,Talaghattapura,2,24500.0,24500.0,22250.0,26750.0,24.09,24.09,1060.0,6363.96,0.0,100.0,2
Bengaluru,Tata Nagar,3,25333.33,22000.0,20500.0,28500.0,23.58,23.75,1066.67,8504.9,33.33,66.67,3
Bengaluru,Tavarekere,1,12000.0,12000.0,12000.0,12000.0,30.0,30.0,400.0,,0.0,0.0,1
Bengaluru,Tavarekere Btm Layout,1,16000.0,16000.0,16000.0,16000.0,21.33,21.33,750.0,,0.0,100.0,2
Bengaluru,Teachers Colony -Hsr Layout,1,10000.0,10000.0,10000.0,10000.0,40.0,40.0,250.0,,100.0,0.0,1
Bengaluru,Tejaswini Nagar Phase 1,1,32000.0,32000.0,32000.0,32000.0,21.33,21.33,1500.0,,0.0,100.0,3
Bengaluru,Thambu Chetty Palya,3,19800.0,18000.0,13200.0,25500.0,14.45,16.36,1300.0,12398.39,0.0,100.0,1
Bengaluru,Thanisandra,21,90519.05,37000.0,33000.0,120000.0,51.18,40.0,1488.9,102662.69,19.05,57.14,2
Bengaluru,Thanisandra Main Road,9,127444.44,58000.0,38000.0,130000.0,70.45,39.29,2082.67,133117.53,0.0,88.89,4
Bengaluru,Thigalarapalya,2,24000.0,24000.0,16000.0,32000.0,23.94,23.94,1220.0,22627.42,0.0,50.0,1
Bengaluru,Thindlu,1,15000.0,15000.0,15000.0,15000.0,22.06,22.06,680.0,,0.0,100.0,2
Bengaluru,Thirumenahalli,3,34666.33,30000.0,27000.0,39999.5,22.74,20.99,1709.67,13613.16,33.33,33.33,2
Bengaluru,Thubarahalli,1,46000.0,46000.0,46000.0,46000.0,35.38,35.38,1300.0,,0.0,100.0,2
Bengaluru,Thurahalli,1,25000.0,25000.0,25000.0,25000.0,14.29,14.29,1750.0,,0.0,100.0,2
Bengaluru,Thyagaraja Nagar,1,7000.0,7000.0,7000.0,7000.0,35.0,35.0,200.0,,0.0,100.0,1
Bengaluru,Trinity Church Road,1,85000.0,85000.0,85000.0,85000.0,47.22,47.22,1800.0,,0.0,0.0,3
Bengaluru,Tulasi Layout,1,10500.0,10500.0,10500.0,10500.0,23.33,23.33,450.0,,0.0,100.0,1
Bengaluru,Tumkur Road,10,37600.0,33000.0,16000.0,51500.0,34.8,32.6,1067.7,26789.09,20.0,60.0,2
Bengaluru,Udaya Nagar,1,22000.0,22000.0,22000.0,22000.0,20.0,20.0,1100.0,,0.0,100.0,2
Bengaluru,Upkar Layout Whitefield,1,120000.0,120000.0,120000.0,120000.0,24.0,24.0,5000.0,,0.0,100.0,5
Bengaluru,Uttarahalli,4,29875.0,33000.0,27250.0,35625.0,25.64,26.69,1141.25,9629.6,25.0,50.0,2
Bengaluru,Uttarahalli Main Road,2,22000.0,22000.0,22000.0,22000.0,25.4,25.4,867.5,0.0,0.0,100.0,2
Bengaluru,V Kallahalli,1,45000.0,45000.0,45000.0,45000.0,27.08,27.08,1662.0,,100.0,0.0,3
Bengaluru,Vagdevi Layout,1,18000.0,18000.0,18000.0,18000.0,42.86,42.86,420.0,,0.0,100.0,1
Bengaluru,Valepura,2,31500.0,31500.0,20750.0,42250.0,17.05,17.05,1600.0,30405.59,0.0,50.0,1
Bengaluru,Varanasi,1,22000.0,22000.0,22000.0,22000.0,22.0,22.0,1000.0,,100.0,0.0,2
Bengaluru,Varthur,15,36600.0,35000.0,16500.0,45000.0,30.66,32.46,1177.2,23844.89,13.33,66.67,2
Bengaluru,Varthur Kodi,1,85000.0,85000.0,85000.0,85000.0,19.77,19.77,4300.0,,100.0,0.0,4
Bengaluru,Vasanth Nagar,4,168875.0,155000.0,48875.0,275000.0,69.99,70.45,1959.75,157866.17,25.0,25.0,1
Bengaluru,Vasanth Vihar Awho,1,30000.0,30000.0,30000.0,30000.0,23.08,23.08,1300.0,,0.0,100.0,2
Bengaluru,Veerannapalya,1,6000.0,6000.0,6000.0,6000.0,40.0,40.0,150.0,,100.0,0.0,1
Bengaluru,Veerasandra,2,17500.0,17500.0,16250.0,18750.0,22.65,22.65,830.0,3535.53,0.0,50.0,1
Bengaluru,Vibhutipura,1,8000.0,8000.0,8000.0,8000.0,8.0,8.0,1000.0,,0.0,100.0,2
Bengaluru,Victoria Layout,2,65000.0,65000.0,47500.0,82500.0,50.4,50.4,1213.0,49497.47,50.0,50.0,1
Bengaluru,Vidhana Soudha Layout,1,13000.0,13000.0,13000.0,13000.0,13.0,13.0,1000.0,,100.0,0.0,1
Bengaluru,Vidyaranyapura,4,20750.0,18500.0,14500.0,24750.0,18.01,19.12,1165.0,9032.35,0.0,100.0,2
Bengaluru,Vignan Nagar,2,60000.0,60000.0,55000.0,65000.0,29.4,29.4,2050.0,14142.14,100.0,0.0,3
Bengaluru,Vigneshwara Layout Hoysala Nagar,1,28000.0,28000.0,28000.0,28000.0,28.0,28.0,1000.0,,0.0,100.0,3
Bengaluru,Vijaya Bank Layout Bommanahalli,2,100000.0,100000.0,90000.0,110000.0,27.64,27.64,3850.0,28284.27,0.0,100.0,3
Bengaluru,Vijayanagar,5,22700.0,25000.0,20000.0,30000.0,19.84,21.88,1180.0,12101.65,0.0,40.0,2
Bengaluru,Vijayapura Town,1,13000.0,13000.0,13000.0,13000.0,13.0,13.0,1000.0,,0.0,100.0,2
Bengaluru,Vimanapura,1,17000.0,17000.0,17000.0,17000.0,17.0,17.0,1000.0,,0.0,100.0,2
Bengaluru,Vinayak Nagar,2,20000.0,20000.0,17500.0,22500.0,22.81,22.81,985.0,7071.07,0.0,100.0,2
Bengaluru,Virgonagar Industrial Estate,1,25000.0,25000.0,25000.0,25000.0,41.81,41.81,598.0,,0.0,100.0,1
Bengaluru,Virupakshapura,2,11500.0,11500.0,10750.0,12250.0,13.9,13.9,825.0,2121.32,0.0,100.0,2
Bengaluru,Vittal Mallya Road,1,300000.0,300000.0,300000.0,300000.0,93.75,93.75,3200.0,,0.0,100.0,3
Bengaluru,Vittasandra Main Road,1,40000.0,40000.0,40000.0,40000.0,33.33,33.33,1200.0,,0.0,100.0,4
Bengaluru,Viveka Nagar,2,41000.0,41000.0,31500.0,50500.0,30.33,30.33,1550.0,26870.06,0.0,0.0,1
Bengaluru,Vyalikaval,1,12000.0,12000.0,12000.0,12000.0,36.36,36.36,330.0,,0.0,0.0,1
Bengaluru,Vyalikaval Hbcs Layout,1,20000.0,20000.0,20000.0,20000.0,30.77,30.77,650.0,,0.0,100.0,1
Bengaluru,Whitefield,86,90523.26,63500.0,42250.0,99500.0,50.54,40.76,1944.85,90714.51,26.74,59.3,3
Bengaluru,Wilson Garden,1,49000.0,49000.0,49000.0,49000.0,40.83,40.83,1200.0,,0.0,0.0,2
Bengaluru,Yelachenahalli,1,11000.0,11000.0,11000.0,11000.0,14.67,14.67,750.0,,0.0,100.0,1
Bengaluru,Yelahanka,30,111916.67,45000.0,31250.0,70000.0,39.98,30.86,2082.17,160936.27,20.0,43.33,3
Bengaluru,Yelahanka Air Force Base,4,36250.0,35000.0,28750.0,42500.0,31.77,32.86,1168.5,11086.78,50.0,50.0,2
Bengaluru,Yelahanka New Town,7,22428.57,22000.0,18000.0,24000.0,21.97,24.44,1047.71,9071.15,14.29,71.43,2
Bengaluru,Yelenahalli,1,63900.0,63900.0,63900.0,63900.0,45.64,45.64,1400.0,,0.0,100.0,3
Bengaluru,Yellappa Chetty Layout,1,850000.0,850000.0,850000.0,850000.0,170.0,170.0,5000.0,,0.0,100.0,5
Bengaluru,Yemalur,2,51000.0,51000.0,46500.0,55500.0,83.3,83.3,678.0,12727.92,0.0,50.0,1
Bengaluru,Yeswanthpur,6,43000.0,49000.0,33000.0,50000.0,32.16,30.0,1338.0,20189.11,0.0,83.33,3
Delhi,Aali Village,1,7800.0,7800.0,7800.0,7800.0,13.68,13.68,570.0,,0.0,0.0,2
Delhi,Abul Fazal Enclave Part 1,1,15000.0,15000.0,15000.0,15000.0,27.78,27.78,540.0,,0.0,0.0,2
Delhi,Acharya Niketan,2,25000.0,25000.0,22500.0,27500.0,30.56,30.56,810.0,7071.07,0.0,100.0,2
Delhi,Adarsh Nagar,3,8166.67,8500.0,7750.0,8750.0,43.39,25.71,270.0,1040.83,33.33,33.33,1
Delhi,Adarsh Nagar Bindapur Extension,1,18000.0,18000.0,18000.0,18000.0,21.18,21.18,850.0,,0.0,0.0,3
Delhi,Adchini,1,9000.0,9000.0,9000.0,9000.0,45.0,45.0,200.0,,0.0,100.0,1
Delhi,Adhyapak Nagar,1,12000.0,12000.0,12000.0,12000.0,17.14,17.14,700.0,,0.0,0.0,2
Delhi,Alaknanda,5,69400.0,50000.0,42000.0,55000.0,43.13,37.5,1460.0,57024.56,0.0,60.0,3
Delhi,Aliganj,1,16000.0,16000.0,16000.0,16000.0,32.0,32.0,500.0,,0.0,100.0,2
Delhi,Amar Colony,1,35000.0,35000.0,35000.0,35000.0,38.89,38.89,900.0,,0.0,100.0,2
Delhi,Ambedkar Colony Ambedkar Nagar,1,60000.0,60000.0,60000.0,60000.0,50.0,50.0,1200.0,,0.0,100.0,3
Delhi,Amrit Nagar,1,22000.0,22000.0,22000.0,22000.0,27.5,27.5,800.0,,0.0,100.0,2
Delhi,Anand Gram,1,13000.0,13000.0,13000.0,13000.0,14.44,14.44,900.0,,0.0,100.0,1
Delhi,Anand Niketan,4,290000.0,300000.0,282500.0,307500.0,133.08,130.56,2225.0,42426.41,25.0,50.0,4
Delhi,Anand Parbat,1,50000.0,50000.0,50000.0,50000.0,41.67,41.67,1200.0,,0.0,0.0,6
Delhi,Anand Vihar,5,76400.0,47000.0,45000.0,100000.0,31.79,29.01,2264.0,47825.73,20.0,60.0,3
Delhi,Anand Vihar Nangli Sakrawati,1,20000.0,20000.0,20000.0,20000.0,9.52,9.52,2100.0,,100.0,0.0,3
Delhi,Ansari Nagar West,1,18000.0,18000.0,18000.0,18000.0,30.77,30.77,585.0,,100.0,0.0,2
Delhi,Arjan Garh,4,11250.0,12000.0,11250.0,12000.0,11.29,11.22,1037.5,1500.0,0.0,75.0,2
Delhi,Arjun Park,1,7500.0,7500.0,7500.0,7500.0,14.04,14.04,534.0,,100.0,0.0,2
Delhi,Ashok Nagar,4,21000.0,21000.0,18750.0,23250.0,76.56,32.02,601.25,4966.55,0.0,50.0,2
Delhi,Ashok Niketan,1,52000.0,52000.0,52000.0,52000.0,38.52,38.52,1350.0,,0.0,0.0,3
Delhi,Ashok Vihar,3,35666.67,35000.0,23500.0,47500.0,21.77,22.22,1608.0,24006.94,0.0,33.33,2
Delhi,Ashok Vihar Phase 1,2,23750.0,23750.0,18125.0,29375.0,81.94,81.94,500.0,15909.9,0.0,50.0,2
Delhi,Ashok Vihar Phase 2,2,24000.0,24000.0,21000.0,27000.0,23.92,23.92,987.5,8485.28,0.0,100.0,2
Delhi,Ashok Vihar Phase 3,1,15000.0,15000.0,15000.0,15000.0,42.86,42.86,350.0,,100.0,0.0,1
Delhi,Ashram,4,15500.0,15500.0,12750.0,18250.0,63.75,36.51,352.5,7767.45,50.0,25.0,1
Delhi,Asola,1,7500.0,7500.0,7500.0,7500.0,13.89,13.89,540.0,,0.0,100.0,2
Delhi,Aya Nagar,14,14214.29,9250.0,7500.0,18000.0,19.2,17.1,698.79,12087.37,0.0,21.43,2
Delhi,Aya Nagar Phase 1,1,16500.0,16500.0,16500.0,16500.0,18.33,18.33,900.0,,100.0,0.0,2
Delhi,Azad Market,1,16000.0,16000.0,16000.0,16000.0,50.79,50.79,315.0,,100.0,0.0,2
Delhi,Azadpur,4,13250.0,13000.0,11500.0,14750.0,23.38,18.29,675.0,5315.07,25.0,50.0,1
Delhi,Baba Colony,1,18000.0,18000.0,18000.0,18000.0,132.35,132.35,136.0,,0.0,100.0,3
Delhi,Badarpur,4,11250.0,7500.0,5000.0,13750.0,16.97,11.81,699.0,9464.85,25.0,25.0,1
Delhi,Baljit Nagar,1,8000.0,8000.0,8000.0,8000.0,17.78,17.78,450.0,,0.0,100.0,1
Delhi,Banarsi Das Estate,1,130000.0,130000.0,130000.0,130000.0,40.62,40.62,3200.0,,0.0,100.0,4
Delhi,Baprola,2,5250.0,5250.0,4875.0,5625.0,10.56,10.56,502.5,1060.66,0.0,100.0,1
Delhi,Basai Darapur,2,16500.0,16500.0,13750.0,19250.0,31.37,31.37,635.0,7778.17,0.0,100.0,1
Delhi,Bawana,2,4000.0,4000.0,4000.0,4000.0,13.33,13.33,337.5,0.0,0.0,0.0,1
Delhi,Beadon Pura,1,20000.0,20000.0,20000.0,20000.0,36.04,36.04,555.0,,0.0,100.0,1
Delhi,Ber Sarai,1,32000.0,32000.0,32000.0,32000.0,16.0,16.0,2000.0,,0.0,0.0,3
Delhi,Bhagat Vihar,1,4000.0,4000.0,4000.0,4000.0,7.27,7.27,550.0,,0.0,100.0,1
Delhi,Bhagwan Das Nagar,1,33000.0,33000.0,33000.0,33000.0,47.14,47.14,700.0,,0.0,100.0,2
Delhi,Bhagwati Garden Extension,1,10000.0,10000.0,10000.0,10000.0,22.47,22.47,445.0,,0.0,100.0,2
Delhi,Bhajanpura,5,7200.0,7000.0,6500.0,7000.0,13.82,14.14,531.0,1680.77,0.0,40.0,2
Delhi,Bhalswa,1,15000.0,15000.0,15000.0,15000.0,18.75,18.75,800.0,,100.0,0.0,2
Delhi,Bharat Nagar New Friends Colony,1,16000.0,16000.0,16000.0,16000.0,61.54,61.54,260.0,,0.0,100.0,1
Delhi,Bharat Vihar,3,11666.67,11000.0,10500.0,12500.0,16.89,18.03,720.0,2081.67,0.0,66.67,2
Delhi,Bhola Nath Nagar,1,20000.0,20000.0,20000.0,20000.0,25.0,25.0,800.0,,0.0,100.0,2
Delhi,Bijwasan,1,5500.0,5500.0,5500.0,5500.0,11.0,11.0,500.0,,0.0,0.0,2
Delhi,Bindapur,6,10666.67,11000.0,7750.0,13500.0,18.79,17.08,643.33,3669.7,33.33,33.33,1
Delhi,Bk Dutt Colony,1,25000.0,25000.0,25000.0,25000.0,25.0,25.0,1000.0,,100.0,0.0,2
Delhi,Block 3 Ramesh Nagar,1,20000.0,20000.0,20000.0,20000.0,333.33,333.33,60.0,,0.0,100.0,1
Delhi,Block 32 East Patel Nagar,1,55000.0,55000.0,55000.0,55000.0,27.5,27.5,2000.0,,100.0,0.0,2
Delhi,Block 4 Subhash Nagar,1,22000.0,22000.0,22000.0,22000.0,26.83,26.83,820.0,,0.0,100.0,2
Delhi,Block A Mohan Garden,1,16000.0,16000.0,16000.0,16000.0,16.16,16.16,990.0,,0.0,100.0,3
Delhi,Block B Rajouri Garden,1,85000.0,85000.0,85000.0,85000.0,34.0,34.0,2500.0,,0.0,100.0,4
Delhi,Block B Sewak Park,1,13500.0,13500.0,13500.0,13500.0,270.0,270.0,50.0,,100.0,0.0,1
Delhi,Block B Surajmal Vihar,1,80000.0,80000.0,80000.0,80000.0,42.11,42.11,1900.0,,0.0,0.0,4
Delhi,Block B West Patel Nagar,1,23000.0,23000.0,23000.0,23000.0,33.82,33.82,680.0,,100.0,0.0,2
Delhi,Block B4 Safdarjung Enclave,1,35000.0,35000.0,35000.0,35000.0,70.0,70.0,500.0,,0.0,100.0,1
Delhi,Block Bh Shalimar Bagh,1,19000.0,19000.0,19000.0,19000.0,27.14,27.14,700.0,,0.0,0.0,2
Delhi,Block Bj Shalimar Bagh,1,35000.0,35000.0,35000.0,35000.0,48.61,48.61,720.0,,100.0,0.0,2
Delhi,Block Bp Shalimar Bagh,1,55000.0,55000.0,55000.0,55000.0,22.92,22.92,2400.0,,0.0,100.0,3
Delhi,Block C Bhajanpura,1,10000.0,10000.0,10000.0,10000.0,12.5,12.5,800.0,,0.0,100.0,2
Delhi,Block C Dashrath Puri,1,20000.0,20000.0,20000.0,20000.0,22.22,22.22,900.0,,0.0,100.0,3
Delhi,Block F Karam Pura,1,15000.0,15000.0,15000.0,15000.0,50.0,50.0,300.0,,0.0,0.0,1
Delhi,Block F Palam Extension,1,7000.0,7000.0,7000.0,7000.0,31.82,31.82,220.0,,0.0,0.0,1
Delhi,Block Nd Dakshini Pitampura,1,100000.0,100000.0,100000.0,100000.0,37.04,37.04,2700.0,,0.0,0.0,4
Delhi,Block R Mohan Garden Razapur Khurd,1,6000.0,6000.0,6000.0,6000.0,29.27,29.27,205.0,,0.0,100.0,1
Delhi,Block T West Patel Nagar,1,22000.0,22000.0,22000.0,22000.0,55.0,55.0,400.0,,100.0,0.0,2
Delhi,Block Wz Uttam Nagar,1,17000.0,17000.0,17000.0,17000.0,30.91,30.91,550.0,,100.0,0.0,2
Delhi,Budh Vihar,1,8000.0,8000.0,8000.0,8000.0,8.89,8.89,900.0,,0.0,100.0,2
Delhi,Budh Vihar Phase 2,1,7200.0,7200.0,7200.0,7200.0,14.4,14.4,500.0,,0.0,0.0,1
Delhi,Burari,12,10166.67,10000.0,7750.0,11375.0,29.6,12.5,676.25,3235.69,16.67,50.0,2
Delhi,C2 Block Janakpuri,2,41000.0,41000.0,34000.0,48000.0,24.34,24.34,2375.0,19798.99,0.0,100.0,3
Delhi,Chanakya Place,1,10000.0,10000.0,10000.0,10000.0,11.11,11.11,900.0,,0.0,100.0,3
Delhi,Chandan Hola,5,19400.0,20000.0,13000.0,25000.0,21.87,22.12,886.0,6804.41,40.0,40.0,2
Delhi,Chander Vihar,1,6000.0,6000.0,6000.0,6000.0,13.19,13.19,455.0,,0.0,0.0,2
Delhi,Chandra Nagar,1,15000.0,15000.0,15000.0,15000.0,27.27,27.27,550.0,,0.0,100.0,2
Delhi,Chawri Bazar,1,15000.0,15000.0,15000.0,15000.0,187.5,187.5,80.0,,0.0,100.0,2
Delhi,Chhatarpur Extension,6,17833.33,15500.0,9875.0,26000.0,28.71,26.91,725.0,9584.71,16.67,16.67,1
Delhi,Chhattarpur,26,19692.31,18000.0,16625.0,21750.0,24.6,23.33,852.27,7766.69,15.38,65.38,2
Delhi,Chhattarpur Enclave Phase 1,1,10000.0,10000.0,10000.0,10000.0,12.5,12.5,800.0,,0.0,0.0,1
Delhi,Chhattarpur Enclave Phase 2,3,35000.0,35000.0,35000.0,35000.0,29.91,29.17,1171.67,0.0,66.67,33.33,3
Delhi,Chhawla,1,3500.0,3500.0,3500.0,3500.0,29.17,29.17,120.0,,0.0,0.0,1
Delhi,Chirag Delhi,2,12500.0,12500.0,11250.0,13750.0,25.15,25.15,497.5,3535.53,0.0,0.0,2
Delhi,Chittaranjan Park,17,77088.24,70000.0,40000.0,80500.0,50.13,48.61,1460.59,49418.25,5.88,29.41,3
Delhi,Chittaranjan Park Block A,2,92500.0,92500.0,68750.0,116250.0,43.31,43.31,2025.0,67175.14,50.0,50.0,2
Delhi,Chittaranjan Park Block C,1,50000.0,50000.0,50000.0,50000.0,43.48,43.48,1150.0,,100.0,0.0,2
Delhi,Chokhandi,1,55000.0,55000.0,55000.0,55000.0,275.0,275.0,200.0,,100.0,0.0,2
Delhi,Co Operative Group Housing Societies Pitampura,1,50000.0,50000.0,50000.0,50000.0,30.3,30.3,1650.0,,100.0,0.0,3
Delhi,Commonwealth Games Village,3,99666.67,95000.0,89500.0,107500.0,48.35,50.0,2054.0,18448.13,33.33,66.67,3
Delhi,Connaught Place,1,150000.0,150000.0,150000.0,150000.0,83.33,83.33,1800.0,,100.0,0.0,4
Delhi,D Block Saket,1,150000.0,150000.0,150000.0,150000.0,69.77,69.77,2150.0,,0.0,100.0,4
Delhi,Dabri,3,10666.67,10000.0,10000.0,11000.0,21.85,26.67,570.0,1154.7,0.0,100.0,1
Delhi,Dabri Extension,1,19000.0,19000.0,19000.0,19000.0,21.11,21.11,900.0,,0.0,100.0,3
Delhi,Dakshini Pitampura,1,28500.0,28500.0,28500.0,28500.0,31.67,31.67,900.0,,0.0,100.0,2
Delhi,Dakshinpuri,3,8666.67,10000.0,7500.0,10500.0,21.3,22.22,396.67,3214.55,0.0,66.67,2
Delhi,Daryaganj,1,40000.0,40000.0,40000.0,40000.0,26.67,26.67,1500.0,,100.0,0.0,3
Delhi,Dasghara,1,6500.0,6500.0,6500.0,6500.0,21.67,21.67,300.0,,0.0,100.0,1
Delhi,Dashrath Puri,1,33000.0,33000.0,33000.0,33000.0,22.0,22.0,1500.0,,100.0,0.0,4
Delhi,Daya Basti,1,10000.0,10000.0,10000.0,10000.0,20.0,20.0,500.0,,0.0,0.0,1
Delhi,Dayanand Colony,2,35000.0,35000.0,35000.0,35000.0,36.91,36.91,951.0,0.0,50.0,0.0,2
Delhi,Dda,2,35000.0,35000.0,35000.0,35000.0,27.08,27.08,1300.0,0.0,0.0,100.0,2
Delhi,Defence Colony,19,201421.05,190000.0,115000.0,290000.0,98.35,84.21,1970.37,106711.09,36.84,21.05,3
Delhi,Dera Mandi,1,16000.0,16000.0,16000.0,16000.0,17.39,17.39,920.0,,0.0,0.0,2
Delhi,Devli,2,8500.0,8500.0,7750.0,9250.0,13.6,13.6,632.5,2121.32,0.0,0.0,1
Delhi,Dhaka Village,1,7000.0,7000.0,7000.0,7000.0,28.0,28.0,250.0,,0.0,0.0,1
Delhi,Dhirpur Village,1,40000.0,40000.0,40000.0,40000.0,13.33,13.33,3000.0,,0.0,0.0,3
Delhi,Dilshad Garden,7,15285.71,15000.0,12500.0,17000.0,21.95,24.44,750.0,3817.25,28.57,42.86,1
Delhi,Dlf Farms,1,500000.0,500000.0,500000.0,500000.0,142.86,142.86,3500.0,,0.0,100.0,4
Delhi,Durga Vihar,2,11750.0,11750.0,11375.0,12125.0,17.12,17.12,862.5,1060.66,0.0,100.0,1
Delhi,Dwarka,18,34027.78,25000.0,17625.0,40000.0,48.81,28.83,973.0,28538.14,11.11,50.0,2
Delhi,Dwarka Mor,21,14947.57,11999.0,9000.0,16500.0,20.32,20.0,732.0,11132.29,4.76,57.14,2
Delhi,Dwarka Sector 19B,1,26000.0,26000.0,26000.0,26000.0,36.11,36.11,720.0,,100.0,0.0,2
Delhi,East Of Kailash,13,56423.08,52000.0,20000.0,80000.0,43.78,44.0,1175.77,43300.23,23.08,23.08,3
Delhi,East Of Kailash Block B,1,55000.0,55000.0,55000.0,55000.0,50.0,50.0,1100.0,,0.0,100.0,3
Delhi,East Of Kailash Block F,2,140000.0,140000.0,135000.0,145000.0,54.1,54.1,2670.0,14142.14,0.0,100.0,3
Delhi,Freedom Fighter Colony,1,35000.0,35000.0,35000.0,35000.0,25.93,25.93,1350.0,,0.0,100.0,3
Delhi,Freedom Fighters Enclave,7,36214.29,35000.0,31500.0,35000.0,58.74,28.0,1085.71,10953.91,57.14,42.86,2
Delhi,Friends Colony,2,85000.0,85000.0,67500.0,102500.0,47.22,47.22,1800.0,49497.47,50.0,50.0,2
Delhi,Friends Colony West,2,190000.0,190000.0,120000.0,260000.0,48.03,48.03,3350.0,197989.9,100.0,0.0,3
Delhi,Gandhi Vihar,1,9000.0,9000.0,9000.0,9000.0,18.0,18.0,500.0,,0.0,0.0,2
Delhi,Ganesh Nagar,4,20125.0,21500.0,17625.0,24000.0,23.03,22.15,928.75,5006.25,25.0,25.0,2
Delhi,Ganga Vihar,2,8000.0,8000.0,8000.0,8000.0,16.89,16.89,475.0,0.0,0.0,50.0,1
Delhi,Garhi,1,13500.0,13500.0,13500.0,13500.0,19.29,19.29,700.0,,0.0,0.0,1
Delhi,Gautam Nagar,4,22875.0,20250.0,16375.0,26750.0,44.38,49.31,537.5,10880.98,50.0,50.0,1
Delhi,Geeta Colony,1,37000.0,37000.0,37000.0,37000.0,36.89,36.89,1003.0,,0.0,0.0,4
Delhi,Geetanjali Enclave,2,66000.0,66000.0,54000.0,78000.0,48.75,48.75,1400.0,33941.13,0.0,100.0,1
Delhi,Ghazipur,1,6000.0,6000.0,6000.0,6000.0,16.67,16.67,360.0,,0.0,0.0,1
Delhi,Ghitorni,5,7600.0,8000.0,7500.0,8000.0,16.96,17.98,459.0,1981.16,0.0,0.0,1
Delhi,Giri Nagar,1,13000.0,13000.0,13000.0,13000.0,28.89,28.89,450.0,,0.0,100.0,1
Delhi,Gk I,12,129416.67,100000.0,54000.0,125000.0,66.48,63.28,2071.83,123288.62,33.33,41.67,3
Delhi,Gk Ii,11,154090.91,160000.0,97500.0,190000.0,68.19,66.67,2240.91,76935.63,9.09,45.45,3
Delhi,Gokalpur East,1,4500.0,4500.0,4500.0,4500.0,15.0,15.0,300.0,,0.0,0.0,1
Delhi,Golf Course Road,1,50000.0,50000.0,50000.0,50000.0,45.45,45.45,1100.0,,0.0,100.0,2
Delhi,Golf Links,1,1210000.0,1210000.0,1210000.0,1210000.0,333.79,333.79,3625.0,,0.0,100.0,5
Delhi,Gopal Nagar Extension,1,40000.0,40000.0,40000.0,40000.0,24.24,24.24,1650.0,,100.0,0.0,3
Delhi,Govindpuri,7,18428.57,22000.0,13500.0,22500.0,38.34,35.56,514.29,6078.85,28.57,42.86,1
Delhi,Goyla Dairy,1,6000.0,6000.0,6000.0,6000.0,120.0,120.0,50.0,,0.0,100.0,2
Delhi,Goyla Village,1,6500.0,6500.0,6500.0,6500.0,98.48,98.48,66.0,,0.0,0.0,1
Delhi,Greater Kailash,8,96000.0,75000.0,37500.0,132500.0,62.14,47.22,1868.75,77548.14,25.0,37.5,1
Delhi,Greater Kailash 2 E Block,2,220000.0,220000.0,180000.0,260000.0,101.67,101.67,2125.0,113137.08,0.0,100.0,3
Delhi,Greater Kailash 4 Nri Colony,1,170000.0,170000.0,170000.0,170000.0,59.36,59.36,2864.0,,0.0,100.0,4
Delhi,Greater Kailash Enclave 1,2,470000.0,470000.0,280000.0,660000.0,129.94,129.94,2925.0,537401.15,100.0,0.0,3
Delhi,Greater Kailash Enclave 2,1,160000.0,160000.0,160000.0,160000.0,45.71,45.71,3500.0,,0.0,0.0,4
Delhi,Green Park,7,76285.71,55000.0,44500.0,110000.0,46.93,50.0,1521.29,47716.92,28.57,42.86,1
Delhi,Green Park Extension,2,112500.0,112500.0,88750.0,136250.0,51.8,51.8,2099.5,67175.14,50.0,50.0,2
Delhi,Gtb Enclave,1,21000.0,21000.0,21000.0,21000.0,233.33,233.33,90.0,,0.0,100.0,2
Delhi,Gtb Nagar,2,12500.0,12500.0,10750.0,14250.0,28.06,28.06,820.0,4949.75,100.0,0.0,1
Delhi,Gujarat Vihar,2,75000.0,75000.0,75000.0,75000.0,23.53,23.53,3212.5,0.0,0.0,100.0,4
Delhi,Gujranwala Town,2,45000.0,45000.0,45000.0,45000.0,20.8,20.8,2164.0,0.0,0.0,50.0,3
Delhi,Gulmohar Park,2,175000.0,175000.0,147500.0,202500.0,80.29,80.29,2125.0,77781.75,50.0,50.0,2
Delhi,Guru Arjun Nagar,1,20000.0,20000.0,20000.0,20000.0,34.19,34.19,585.0,,0.0,0.0,2
Delhi,Guru Harikishan Nagar,1,40000.0,40000.0,40000.0,40000.0,35.84,35.84,1116.0,,100.0,0.0,3
Delhi,Haiderpur,2,16000.0,16000.0,11500.0,20500.0,22.37,22.37,687.5,12727.92,50.0,0.0,1
Delhi,Haji Colony,1,12000.0,12000.0,12000.0,12000.0,13.33,13.33,900.0,,0.0,0.0,2
Delhi,Hardev Nagar,3,12833.33,16000.0,11000.0,16250.0,19.53,20.0,663.33,5923.12,0.0,33.33,3
Delhi,Hari Enclave,1,11000.0,11000.0,11000.0,11000.0,24.44,24.44,450.0,,0.0,0.0,2
Delhi,Hari Nagar,11,19590.91,15000.0,12500.0,23500.0,23.43,25.25,852.36,11547.33,18.18,54.55,1
Delhi,Harsh Vihar Pitampura,1,53500.0,53500.0,53500.0,53500.0,29.72,29.72,1800.0,,0.0,100.0,3
Delhi,Hastsal,2,7500.0,7500.0,5750.0,9250.0,13.2,13.2,610.0,4949.75,0.0,50.0,1
Delhi,Hauz Khas,4,52000.0,35000.0,23250.0,63750.0,65.51,43.16,987.5,46754.68,25.0,25.0,1
Delhi,Hauz Khas Enclave,2,200000.0,200000.0,160000.0,240000.0,71.83,71.83,2675.0,113137.08,0.0,50.0,3
Delhi,Hauz Rani,1,12000.0,12000.0,12000.0,12000.0,30.0,30.0,400.0,,0.0,0.0,1
Delhi,Hemkunt Colony,1,110000.0,110000.0,110000.0,110000.0,100.0,100.0,1100.0,,100.0,0.0,3
Delhi,Ignou Main Road,2,26000.0,26000.0,22000.0,30000.0,22.0,22.0,1225.0,11313.71,0.0,100.0,2
Delhi,Inderpuri,2,59000.0,59000.0,33500.0,84500.0,43.91,43.91,1250.0,72124.89,50.0,50.0,1
Delhi,Indira Vihar,3,21833.33,21000.0,18500.0,24750.0,34.38,35.56,640.0,6291.53,33.33,66.67,2
Delhi,Indra Enclave,1,26000.0,26000.0,26000.0,26000.0,32.5,32.5,800.0,,0.0,100.0,2
Delhi,Indra Park Extension,1,30000.0,30000.0,30000.0,30000.0,60.61,60.61,495.0,,100.0,0.0,2
Delhi,Indraprastha,2,43000.0,43000.0,34500.0,51500.0,38.33,38.33,1078.5,24041.63,50.0,0.0,2
Delhi,Ip Extension,14,31857.14,32500.0,28500.0,35000.0,26.97,27.39,1180.36,8356.09,0.0,64.29,2
Delhi,J Block Saket,4,75000.0,70000.0,61250.0,83750.0,54.08,52.17,1430.0,25495.1,25.0,75.0,3
Delhi,Jagat Puri Krishna Nagar,1,22000.0,22000.0,22000.0,22000.0,24.44,24.44,900.0,,0.0,0.0,3
Delhi,Jagatpuri,2,9750.0,9750.0,7125.0,12375.0,29.26,29.26,447.0,7424.62,0.0,0.0,1
Delhi,Jagriti Enclave,1,35000.0,35000.0,35000.0,35000.0,26.92,26.92,1300.0,,0.0,100.0,3
Delhi,Jahangirpuri,1,6500.0,6500.0,6500.0,6500.0,13.0,13.0,500.0,,0.0,100.0,1
Delhi,Jaitpur Extension Part 2,1,8000.0,8000.0,8000.0,8000.0,106.67,106.67,75.0,,0.0,0.0,3
Delhi,Janak Park,2,13000.0,13000.0,11500.0,14500.0,25.33,25.33,511.0,4242.64,0.0,100.0,1
Delhi,Janakpuri,19,30157.89,22000.0,16500.0,37500.0,40.6,33.33,919.58,22179.23,26.32,42.11,1
Delhi,Janakpuri Block A2,2,30000.0,30000.0,22000.0,38000.0,31.88,31.88,1000.0,22627.42,0.0,50.0,1
Delhi,Janakpuri Block B1,1,85000.0,85000.0,85000.0,85000.0,29.31,29.31,2900.0,,0.0,0.0,4
Delhi,Janakpuri Block C2A,1,27000.0,27000.0,27000.0,27000.0,33.75,33.75,800.0,,0.0,100.0,2
Delhi,Jangpura,3,36166.67,27000.0,16750.0,51000.0,30.5,30.0,985.0,35157.98,33.33,33.33,1
Delhi,Jangpura A,1,43000.0,43000.0,43000.0,43000.0,43.0,43.0,1000.0,,0.0,0.0,2
Delhi,Jangpura Extension,2,107500.0,107500.0,91250.0,123750.0,58.6,58.6,1800.0,45961.94,0.0,100.0,3
Delhi,Jasola,2,62500.0,62500.0,61250.0,63750.0,30.54,30.54,2050.0,3535.53,0.0,100.0,3
Delhi,Jasola Vihar,2,45000.0,45000.0,30000.0,60000.0,24.8,24.8,1805.0,42426.41,0.0,50.0,1
Delhi,Jaunapur,1,25000.0,25000.0,25000.0,25000.0,18.52,18.52,1350.0,,0.0,100.0,3
Delhi,Jawahar Nagar,3,98333.33,32000.0,22500.0,141000.0,874.44,80.0,266.67,131690.29,0.0,33.33,2
Delhi,Jeevan Niketan,1,45000.0,45000.0,45000.0,45000.0,25.0,25.0,1800.0,,0.0,0.0,4
Delhi,Jhandewalan,1,50000.0,50000.0,50000.0,50000.0,45.45,45.45,1100.0,,0.0,0.0,3
Delhi,Jharoda Majra,1,7000.0,7000.0,7000.0,7000.0,15.56,15.56,450.0,,0.0,100.0,1
Delhi,Jhilmil Colony,5,13000.0,10000.0,7000.0,12000.0,20.7,24.0,645.2,9797.96,20.0,40.0,1
Delhi,Jivan Park Rani Bagh,3,12166.67,12000.0,11250.0,13000.0,20.54,18.3,615.0,1755.94,0.0,0.0,2
Delhi,Johripur,2,5250.0,5250.0,4125.0,6375.0,10.34,10.34,492.5,3181.98,0.0,0.0,1
Delhi,Jonapur,1,10000.0,10000.0,10000.0,10000.0,12.5,12.5,800.0,,0.0,100.0,2
Delhi,Jorbagh Tri Nagar,1,250000.0,250000.0,250000.0,250000.0,104.17,104.17,2400.0,,0.0,100.0,3
Delhi,Jyoti Nagar East,1,25000.0,25000.0,25000.0,25000.0,23.15,23.15,1080.0,,0.0,100.0,3
Delhi,Kabir Nagar Vijay Park,1,10000.0,10000.0,10000.0,10000.0,22.22,22.22,450.0,,0.0,100.0,1
Delhi,Kabool Nagar,1,10000.0,10000.0,10000.0,10000.0,17.7,17.7,565.0,,0.0,0.0,2
Delhi,Kailash Colony,3,143333.33,150000.0,115000.0,175000.0,54.21,50.0,2766.67,60277.14,0.0,100.0,3
Delhi,Kailashpuri,1,8000.0,8000.0,8000.0,8000.0,20.0,20.0,400.0,,0.0,100.0,1
Delhi,Kakrola,5,10300.0,11000.0,9000.0,12500.0,16.1,16.25,650.0,2863.56,0.0,40.0,1
Delhi,Kalkaji,18,53611.11,50000.0,35250.0,72750.0,47.49,45.3,1188.89,28502.09,38.89,27.78,3
Delhi,Kalu Sarai,2,19250.0,19250.0,13375.0,25125.0,25.56,25.56,675.0,16617.01,0.0,50.0,1
Delhi,Kalyan Vihar,1,51000.0,51000.0,51000.0,51000.0,34.34,34.34,1485.0,,0.0,0.0,3
Delhi,Kamla Nagar,5,30600.0,25000.0,24000.0,28000.0,48.07,26.67,1052.0,17023.51,40.0,60.0,3
Delhi,Kapashera,2,23000.0,23000.0,17000.0,29000.0,20.83,20.83,1050.0,16970.56,50.0,50.0,2
Delhi,Kapashera Samalkha Road,1,12000.0,12000.0,12000.0,12000.0,48.0,48.0,250.0,,0.0,100.0,1
Delhi,Karala,1,8000.0,8000.0,8000.0,8000.0,11.43,11.43,700.0,,0.0,100.0,1
Delhi,Karawal Nagar,2,12000.0,12000.0,9500.0,14500.0,9.2,9.2,1245.0,7071.07,50.0,50.0,1
Delhi,Karol Bagh,9,36000.0,27000.0,15000.0,40000.0,42.05,44.44,873.33,28315.19,33.33,33.33,2
Delhi,Keshav Puram,3,17000.0,17000.0,13000.0,21000.0,28.09,27.78,600.0,8000.0,0.0,100.0,2
Delhi,Khajuri Khas,1,40000.0,40000.0,40000.0,40000.0,57.14,57.14,700.0,,0.0,0.0,1
Delhi,Khanpur,9,11555.56,12000.0,8000.0,14500.0,20.27,16.88,650.0,3728.64,0.0,33.33,1
Delhi,Khichripur,1,5000.0,5000.0,5000.0,5000.0,22.22,22.22,225.0,,0.0,0.0,1
Delhi,Khirki Extension,1,10000.0,10000.0,10000.0,10000.0,22.22,22.22,450.0,,0.0,0.0,1
Delhi,Kiran Garden,1,17000.0,17000.0,17000.0,17000.0,18.89,18.89,900.0,,0.0,100.0,2
Delhi,Kiran Vihar,1,70000.0,70000.0,70000.0,70000.0,35.0,35.0,2000.0,,100.0,0.0,3
Delhi,Kirari Suleman Nagar,2,7499.5,7499.5,7249.75,7749.25,13.63,13.63,551.5,706.4,0.0,0.0,2
Delhi,Kirti Nagar,6,68400.0,62500.0,45000.0,65000.0,37.32,35.02,1795.67,42433.01,16.67,0.0,3
Delhi,Kishan Ganj,1,35000.0,35000.0,35000.0,35000.0,29.17,29.17,1200.0,,100.0,0.0,3
Delhi,Kishangarh,1,35000.0,35000.0,35000.0,35000.0,30.43,30.43,1150.0,,0.0,100.0,3
Delhi,Kishangarh Village,1,40000.0,40000.0,40000.0,40000.0,14.81,14.81,2700.0,,100.0,0.0,2
Delhi,Kohat Enclave,1,7000.0,7000.0,7000.0,7000.0,11.67,11.67,600.0,,100.0,0.0,1
Delhi,Kondli,1,2900.0,2900.0,2900.0,2900.0,24.17,24.17,120.0,,0.0,0.0,1
Delhi,Kotla Mubarakpur,2,19000.0,19000.0,15000.0,23000.0,27.39,27.39,695.0,11313.71,0.0,50.0,2
Delhi,Krishna Nagar,8,22875.0,22500.0,15000.0,27000.0,24.48,25.0,957.5,11419.75,25.0,12.5,2
Delhi,Krishna Nagar Karol Bagh,1,16000.0,16000.0,16000.0,16000.0,29.09,29.09,550.0,,100.0,0.0,1
Delhi,Krishna Nagar-Safdarjung Enclave,3,34000.0,25000.0,21000.0,42500.0,47.1,38.46,673.33,22869.19,0.0,33.33,2
Delhi,Kucha Pati Ram,1,15000.0,15000.0,15000.0,15000.0,12.5,12.5,1200.0,,0.0,0.0,3
Delhi,Kundan Nagar,1,5000.0,5000.0,5000.0,5000.0,11.11,11.11,450.0,,0.0,100.0,1
Delhi,Lado Sarai,1,7000.0,7000.0,7000.0,7000.0,14.0,14.0,500.0,,0.0,100.0,1
Delhi,Lajpat Nagar,3,63333.33,50000.0,47500.0,72500.0,55.95,56.25,1150.0,27537.85,33.33,66.67,2
Delhi,Lajpat Nagar 1,6,36166.67,39000.0,25750.0,47750.0,51.58,48.56,694.17,13963.05,66.67,16.67,2
Delhi,Lajpat Nagar 2,5,46200.0,35000.0,32000.0,52000.0,51.03,53.33,940.0,20644.61,40.0,20.0,2
Delhi,Lajpat Nagar 3,2,100000.0,100000.0,100000.0,100000.0,59.03,59.03,1700.0,0.0,0.0,50.0,3
Delhi,Lajpat Nagar 4,4,23000.0,23000.0,17500.0,28500.0,39.86,40.93,576.0,7023.77,50.0,0.0,1
Delhi,Lajwanti Garden,1,14000.0,14000.0,14000.0,14000.0,22.22,22.22,630.0,,100.0,0.0,2
Delhi,Laxmi Bai Nagar,1,20000.0,20000.0,20000.0,20000.0,56.18,56.18,356.0,,0.0,100.0,1
Delhi,Laxmi Nagar,20,18325.0,15000.0,9625.0,22000.0,25.62,21.71,825.35,11556.81,20.0,60.0,2
Delhi,Laxmi Vihar,1,6500.0,6500.0,6500.0,6500.0,12.04,12.04,540.0,,0.0,0.0,2
Delhi,Laxmi Vihar Nawada,1,12000.0,12000.0,12000.0,12000.0,29.63,29.63,405.0,,0.0,100.0,1
Delhi,Lok Nayak Puram,2,9625.0,9625.0,8437.5,10812.5,16.48,16.48,575.0,3358.76,0.0,50.0,2
Delhi,Lok Vihar,1,50000.0,50000.0,50000.0,50000.0,69.44,69.44,720.0,,100.0,0.0,2
Delhi,Madan Park,2,32000.0,32000.0,31000.0,33000.0,23.61,23.61,1365.0,2828.43,0.0,100.0,3
Delhi,Madanpur Khadar Village,1,13000.0,13000.0,13000.0,13000.0,18.57,18.57,700.0,,0.0,100.0,1
Delhi,Madhu Vihar,2,19250.0,19250.0,13875.0,24625.0,22.9,22.9,782.5,15202.8,50.0,50.0,1
Delhi,Madhu Vihar Patparganj,2,23250.0,23250.0,17375.0,29125.0,27.95,27.95,775.0,16617.01,0.0,50.0,1
Delhi,Maharani Bagh,2,127500.0,127500.0,86250.0,168750.0,53.68,53.68,2225.0,116672.62,0.0,50.0,3
Delhi,Mahaveer Nagar,1,10000.0,10000.0,10000.0,10000.0,10.58,10.58,945.0,,0.0,0.0,1
Delhi,Mahavir Enclave,5,18000.0,19000.0,16000.0,20000.0,22.32,21.33,834.0,6892.02,20.0,20.0,2
Delhi,Mahavir Enclave Part 1,8,15937.5,15000.0,10000.0,21250.0,22.52,22.22,707.75,7747.98,25.0,25.0,1
Delhi,Mahavir Enclave Part 2,1,24000.0,24000.0,24000.0,24000.0,21.33,21.33,1125.0,,0.0,0.0,3
Delhi,Mahendra Park,1,26000.0,26000.0,26000.0,26000.0,130.0,130.0,200.0,,0.0,0.0,3
Delhi,Mahendru Enclave,1,23000.0,23000.0,23000.0,23000.0,25.56,25.56,900.0,,0.0,0.0,2
Delhi,Mahindra Park,1,10000.0,10000.0,10000.0,10000.0,12.5,12.5,800.0,,0.0,0.0,2
Delhi,Mahipalpur,9,10777.78,10000.0,8000.0,15000.0,31.26,24.0,475.56,5214.83,33.33,33.33,1
Delhi,Mahipalpur Village,1,20000.0,20000.0,20000.0,20000.0,44.44,44.44,450.0,,100.0,0.0,1
Delhi,Maidan Garhi,2,11500.0,11500.0,10750.0,12250.0,23.89,23.89,600.0,2121.32,0.0,50.0,1
Delhi,Malka Ganj,4,28000.0,29500.0,25500.0,32000.0,34.44,33.89,810.0,7257.18,50.0,50.0,2
Delhi,Mall Road,1,15000.0,15000.0,15000.0,15000.0,104.17,104.17,144.0,,0.0,0.0,1
Delhi,Malviya Nagar,5,28820.0,32000.0,30000.0,35100.0,38.26,37.65,730.0,12767.62,20.0,60.0,2
Delhi,Mandakini Enclave,2,70000.0,70000.0,65000.0,75000.0,135.71,135.71,875.0,14142.14,0.0,0.0,3
Delhi,Mandawali,4,10500.0,8500.0,7750.0,11250.0,22.12,16.75,487.5,5066.23,25.0,25.0,2
Delhi,Mangolpur Kalan,3,8500.0,9500.0,7750.0,9750.0,54.44,22.22,316.67,2179.45,0.0,66.67,2
Delhi,Mangolpuri,2,6000.0,6000.0,5000.0,7000.0,15.56,15.56,375.0,2828.43,0.0,100.0,1
Delhi,Manohar Park,1,30000.0,30000.0,30000.0,30000.0,28.57,28.57,1050.0,,0.0,0.0,3
Delhi,Mansa Ram Park,2,10750.0,10750.0,10625.0,10875.0,15.24,15.24,707.5,353.55,0.0,100.0,2
Delhi,Mansarovar Garden,2,22000.0,22000.0,19500.0,24500.0,33.89,33.89,675.0,7071.07,50.0,0.0,1
Delhi,Masjid Moth,1,110000.0,110000.0,110000.0,110000.0,61.11,61.11,1800.0,,100.0,0.0,3
Delhi,Masoodpur,1,11000.0,11000.0,11000.0,11000.0,76.39,76.39,144.0,,100.0,0.0,1
Delhi,Matiala,4,11750.0,12000.0,9500.0,14250.0,19.77,20.37,593.75,3304.04,25.0,25.0,2
Delhi,Mayur Kunj,1,21000.0,21000.0,21000.0,21000.0,32.31,32.31,650.0,,0.0,100.0,1
Delhi,Mayur Vihar,3,23333.33,19000.0,17500.0,27000.0,33.36,35.0,716.67,10214.37,33.33,33.33,2
Delhi,Mayur Vihar 1,15,32033.33,28000.0,21000.0,37500.0,32.82,28.42,966.67,16358.12,13.33,66.67,2
Delhi,Mayur Vihar Phase 1 Extension,2,31250.0,31250.0,19375.0,43125.0,36.31,36.31,812.5,33587.57,0.0,50.0,1
Delhi,Mayur Vihar Phase 2,1,45000.0,45000.0,45000.0,45000.0,56.25,56.25,800.0,,100.0,0.0,2
Delhi,Mayur Vihar Phase 3,3,12000.0,15000.0,10500.0,15000.0,16.67,15.0,716.67,5196.15,0.0,100.0,1
Delhi,Mehrauli,13,20653.85,20000.0,14000.0,25000.0,39.9,27.78,700.62,11271.99,15.38,38.46,2
Delhi,Mianwali Nagar,1,60000.0,60000.0,60000.0,60000.0,33.33,33.33,1800.0,,0.0,100.0,4
Delhi,Mithapur,1,4000.0,4000.0,4000.0,4000.0,8.0,8.0,500.0,,0.0,0.0,1
Delhi,Mithapur Extension,1,7000.0,7000.0,7000.0,7000.0,9.72,9.72,720.0,,0.0,100.0,2
Delhi,Model Town,1,48000.0,48000.0,48000.0,48000.0,20.0,20.0,2400.0,,0.0,100.0,3
Delhi,Model Town Phase 3,2,22000.0,22000.0,21000.0,23000.0,24.2,24.2,910.0,2828.43,50.0,50.0,2
Delhi,Mohammadpur Majri,1,6000.0,6000.0,6000.0,6000.0,6.0,6.0,1000.0,,0.0,0.0,1
Delhi,Mohan Garden,7,10857.14,9500.0,7750.0,12750.0,17.61,17.59,620.71,5030.86,14.29,42.86,1
Delhi,Mohan Garden Uttam Nagar,1,11000.0,11000.0,11000.0,11000.0,16.92,16.92,650.0,,0.0,100.0,2
Delhi,Mohit Nagar,1,38000.0,38000.0,38000.0,38000.0,38.0,38.0,1000.0,,0.0,100.0,3
Delhi,Molarband,2,7250.0,7250.0,5875.0,8625.0,9.17,9.17,770.0,3889.09,0.0,0.0,2
Delhi,Molarband Extension,2,4350.0,4350.0,4275.0,4425.0,11.1,11.1,400.0,212.13,0.0,50.0,1
Delhi,Moti Bagh,1,10000.0,10000.0,10000.0,10000.0,9.09,9.09,1100.0,,0.0,0.0,2
Delhi,Moti Nagar,11,55181.82,55000.0,34000.0,61000.0,45.26,40.0,1224.18,39786.48,45.45,54.55,3
Delhi,Mukherjee Nagar,6,187750.0,19500.0,15000.0,50250.0,163.89,36.39,925.0,398307.14,16.67,50.0,1
Delhi,Mukherjee Nagar Burari,1,20000.0,20000.0,20000.0,20000.0,27.78,27.78,720.0,,0.0,0.0,1
Delhi,Mundka,6,12500.0,7500.0,7000.0,11000.0,14.21,14.5,994.17,11220.52,0.0,33.33,2
Delhi,Munirka,8,41062.5,42500.0,38750.0,46125.0,38.12,37.14,1090.0,7673.88,0.0,50.0,2
Delhi,Munirka Enclave,1,80000.0,80000.0,80000.0,80000.0,44.44,44.44,1800.0,,100.0,0.0,3
Delhi,Najafgarh,16,8406.25,8000.0,5750.0,9625.0,13.52,11.88,660.25,3684.29,0.0,37.5,2
Delhi,Nangli Vihar,1,10000.0,10000.0,10000.0,10000.0,11.22,11.22,891.0,,0.0,100.0,2
Delhi,Nangloi,8,8812.5,8500.0,6375.0,12000.0,14.01,13.41,636.25,2939.11,25.0,12.5,2
Delhi,Nangloi Jat,1,12000.0,12000.0,12000.0,12000.0,10.91,10.91,1100.0,,0.0,100.0,2
Delhi,Naraina,2,30000.0,30000.0,30000.0,30000.0,26.67,26.67,1200.0,0.0,0.0,50.0,3
Delhi,Naraina Village,1,15000.0,15000.0,15000.0,15000.0,20.83,20.83,720.0,,0.0,100.0,3
Delhi,Narela,5,8000.0,6000.0,5000.0,10000.0,14.74,11.43,585.0,4527.69,0.0,20.0,2
Delhi,Nathu Colony,1,7000.0,7000.0,7000.0,7000.0,11.67,11.67,600.0,,0.0,0.0,1
Delhi,Nawada,3,14333.33,14000.0,11500.0,17000.0,20.65,20.59,680.67,5507.57,0.0,66.67,2
Delhi,Neb Sarai,7,20428.57,20000.0,18000.0,22500.0,37.84,25.25,848.29,5740.42,28.57,28.57,2
Delhi,Neb Sarai Saket,1,15000.0,15000.0,15000.0,15000.0,23.08,23.08,650.0,,100.0,0.0,1
Delhi,Nehru Enclave,1,40000.0,40000.0,40000.0,40000.0,21.62,21.62,1850.0,,0.0,0.0,3
Delhi,Nehru Nagar,1,13000.0,13000.0,13000.0,13000.0,22.41,22.41,580.0,,100.0,0.0,1
Delhi,Nehru Vihar,1,17000.0,17000.0,17000.0,17000.0,85.0,85.0,200.0,,0.0,100.0,1
Delhi,New Ashok Nagar,8,15312.5,15250.0,13750.0,16500.0,26.07,26.67,613.75,2814.98,25.0,62.5,2
Delhi,New Friends Colony,6,109166.67,97500.0,87500.0,130000.0,46.45,39.35,2586.67,33379.14,16.67,33.33,3
Delhi,New Kondli,2,10750.0,10750.0,10125.0,11375.0,30.65,30.65,352.5,1767.77,0.0,50.0,1
Delhi,New Mahavir Nagar,1,14000.0,14000.0,14000.0,14000.0,17.5,17.5,800.0,,0.0,100.0,2
Delhi,New Modern Shahdara,1,8500.0,8500.0,8500.0,8500.0,17.0,17.0,500.0,,0.0,100.0,1
Delhi,New Moti Nagar,2,41000.0,41000.0,27500.0,54500.0,29.67,29.67,1250.0,38183.77,0.0,50.0,1
Delhi,New Multan Nagar,2,22500.0,22500.0,21250.0,23750.0,29.17,29.17,800.0,3535.53,0.0,50.0,2
Delhi,New Patel Nagar,3,20000.0,20000.0,17750.0,22250.0,39.35,48.78,558.33,4500.0,33.33,66.67,2
Delhi,New Rajendra Nagar,7,74857.14,65000.0,60000.0,74500.0,60.52,54.17,1200.0,35380.92,28.57,57.14,3
Delhi,New Ranjeet Nagar,1,9500.0,9500.0,9500.0,9500.0,13.57,13.57,700.0,,0.0,0.0,1
Delhi,New Rohtak Road,1,12000.0,12000.0,12000.0,12000.0,53.33,53.33,225.0,,100.0,0.0,1
Delhi,Nilothi,1,4800.0,4800.0,4800.0,4800.0,10.67,10.67,450.0,,0.0,0.0,1
Delhi,Nilothi Village,1,4000.0,4000.0,4000.0,4000.0,16.0,16.0,250.0,,0.0,0.0,1
Delhi,Nirankari Colony,2,23000.0,23000.0,18500.0,27500.0,60.67,60.67,820.0,12727.92,50.0,50.0,1
Delhi,Nirman Vihar,1,13000.0,13000.0,13000.0,13000.0,22.22,22.22,585.0,,0.0,100.0,2
Delhi,Nizamuddin East,2,180000.0,180000.0,165000.0,195000.0,71.67,71.67,2650.0,42426.41,0.0,100.0,3
Delhi,Nizamuddin West,3,51666.67,40000.0,37500.0,60000.0,42.59,44.44,1200.0,24664.41,100.0,0.0,2
Delhi,Old Govindpura,2,11500.0,11500.0,9750.0,13250.0,28.63,28.63,402.5,4949.75,50.0,0.0,1
Delhi,Old Gupta Colony,1,53000.0,53000.0,53000.0,53000.0,58.89,58.89,900.0,,100.0,0.0,3
Delhi,Old Mahavir Nagar,2,19000.0,19000.0,16000.0,22000.0,27.11,27.11,722.5,8485.28,50.0,0.0,1
Delhi,Old Nangal,1,15000.0,15000.0,15000.0,15000.0,27.78,27.78,540.0,,0.0,100.0,1
Delhi,Old Palam Road,2,16000.0,16000.0,14000.0,18000.0,106.67,106.67,150.0,5656.85,50.0,50.0,1
Delhi,Old Rajendra Nagar,12,46416.67,45000.0,37500.0,56250.0,66.44,67.53,713.33,17541.94,41.67,25.0,3
Delhi,Old Shahabad Muhammad Pur,1,15000.0,15000.0,15000.0,15000.0,16.67,16.67,900.0,,0.0,100.0,1
Delhi,Outram Lines,2,43000.0,43000.0,34500.0,51500.0,53.12,53.12,927.5,24041.63,50.0,0.0,2
Delhi,Padam Nagar,2,15750.0,15750.0,15625.0,15875.0,20.48,20.48,775.0,353.55,0.0,0.0,2
Delhi,Palam,3,13166.67,12500.0,11750.0,14250.0,17.95,18.33,800.0,2565.8,33.33,66.67,2
Delhi,Palam Colony,5,11100.0,14000.0,5000.0,15000.0,19.08,19.44,574.0,6168.47,0.0,60.0,1
Delhi,Palam Extension,3,14333.33,17000.0,12250.0,17750.0,14.76,18.75,2503.33,5965.18,0.0,0.0,2
Delhi,Pamposh Enclave,2,67500.0,67500.0,63750.0,71250.0,40.71,40.71,2025.0,10606.6,0.0,50.0,2
Delhi,Panchsheel Enclave,6,159500.0,130000.0,96250.0,167500.0,164.87,78.9,1845.0,100007.5,33.33,33.33,3
Delhi,Panchsheel Park,4,152750.0,170000.0,122750.0,200000.0,61.13,61.96,2171.0,103908.21,50.0,50.0,4
Delhi,Panchshil Enclave,1,130000.0,130000.0,130000.0,130000.0,41.87,41.87,3105.0,,0.0,100.0,4
Delhi,Pandav Nagar,5,14000.0,15000.0,11000.0,18000.0,20.6,22.5,668.0,5612.49,0.0,60.0,2
Delhi,Pankha Road,1,14000.0,14000.0,14000.0,14000.0,17.5,17.5,800.0,,0.0,100.0,2
Delhi,Paryavaran Complex,1,22000.0,22000.0,22000.0,22000.0,24.44,24.44,900.0,,0.0,100.0,2
Delhi,Paschim Puri,1,23000.0,23000.0,23000.0,23000.0,28.4,28.4,810.0,,100.0,0.0,2
Delhi,Paschim Vihar,19,29105.26,25000.0,20500.0,31000.0,49.18,30.56,897.26,15558.65,26.32,31.58,2
Delhi,Paschim Vihar Block A3,1,23000.0,23000.0,23000.0,23000.0,30.42,30.42,756.0,,0.0,100.0,2
Delhi,Paschim Vihar Block B2,1,38000.0,38000.0,38000.0,38000.0,28.15,28.15,1350.0,,0.0,100.0,3
Delhi,Patel Garden,1,22000.0,22000.0,22000.0,22000.0,25.88,25.88,850.0,,0.0,100.0,2
Delhi,Patel Nagar,6,26833.33,22000.0,22000.0,28000.0,32.49,32.17,871.33,12303.12,50.0,33.33,2
Delhi,Patel Nagar East,5,48000.0,51000.0,45000.0,55000.0,39.08,46.88,1240.0,22090.72,40.0,20.0,3
Delhi,Patel Nagar South,2,27500.0,27500.0,22750.0,32250.0,38.43,38.43,695.0,13435.03,0.0,100.0,2
Delhi,Patel Nagar West,15,19560.0,19900.0,13250.0,23000.0,44.89,36.36,586.33,7916.33,53.33,40.0,1
Delhi,Patparganj,10,31400.0,31000.0,25000.0,40000.0,29.88,28.84,1041.5,12807.98,10.0,70.0,3
Delhi,Phase 5 Aya Nagar,1,7000.0,7000.0,7000.0,7000.0,15.56,15.56,450.0,,0.0,0.0,1
Delhi,Pitampura,19,28947.37,30000.0,18500.0,35000.0,39.64,29.17,975.26,13146.5,31.58,42.11,3
Delhi,Pochanpur Colony,1,15500.0,15500.0,15500.0,15500.0,16.81,16.81,922.0,,100.0,0.0,2
Delhi,Pocket 10 Sector B Vasant Kunj,1,42000.0,42000.0,42000.0,42000.0,30.0,30.0,1400.0,,0.0,0.0,2
Delhi,Pocket 5 Sector 22 Rohini,1,5000.0,5000.0,5000.0,5000.0,34.72,34.72,144.0,,100.0,0.0,2
Delhi,Poorvi Pitampura,1,18000.0,18000.0,18000.0,18000.0,27.69,27.69,650.0,,0.0,100.0,2
Delhi,Prahlad Pur Banger,1,6800.0,6800.0,6800.0,6800.0,7.56,7.56,900.0,,0.0,100.0,3
Delhi,Prashant Vihar,1,26000.0,26000.0,26000.0,26000.0,26.0,26.0,1000.0,,0.0,0.0,2
Delhi,Preet Vihar,3,29500.0,15000.0,14250.0,37500.0,49.17,50.0,833.33,26424.42,66.67,33.33,1
Delhi,Prem Nagar 3,1,8000.0,8000.0,8000.0,8000.0,22.86,22.86,350.0,,0.0,0.0,1
Delhi,Prem Nagar Janakpuri,1,14000.0,14000.0,14000.0,14000.0,31.11,31.11,450.0,,0.0,0.0,1
Delhi,Prem Nagar Najafgarh,1,7000.0,7000.0,7000.0,7000.0,18.42,18.42,380.0,,0.0,0.0,1
Delhi,Pul Prahlad Pur,1,30000.0,30000.0,30000.0,30000.0,34.09,34.09,880.0,,0.0,0.0,3
Delhi,Punjabi Bagh,4,30500.0,30000.0,22750.0,37750.0,24.63,25.22,1146.25,19672.32,0.0,75.0,3
Delhi,Punjabi Bagh East,1,60000.0,60000.0,60000.0,60000.0,22.22,22.22,2700.0,,0.0,100.0,3
Delhi,Punjabi Bagh West,2,66000.0,66000.0,39000.0,93000.0,41.9,41.9,1250.0,76367.53,50.0,0.0,1
Delhi,Pushpanjali Enclave,1,30000.0,30000.0,30000.0,30000.0,18.07,18.07,1660.0,,0.0,100.0,3
Delhi,Qutub Vihar,2,12000.0,12000.0,12000.0,12000.0,14.89,14.89,837.5,0.0,50.0,0.0,2
Delhi,Qutub Vihar Phase 1,1,6500.0,6500.0,6500.0,6500.0,13.0,13.0,500.0,,0.0,100.0,2
Delhi,Qutub Vihar Phase 2,1,50000.0,50000.0,50000.0,50000.0,55.56,55.56,900.0,,0.0,0.0,4
Delhi,Raghu Nagar,1,24000.0,24000.0,24000.0,24000.0,24.24,24.24,990.0,,0.0,100.0,2
Delhi,Raj Nagar 2,1,20000.0,20000.0,20000.0,20000.0,33.33,33.33,600.0,,100.0,0.0,2
Delhi,Rajdhani Park,1,7000.0,7000.0,7000.0,7000.0,8.75,8.75,800.0,,0.0,0.0,2
Delhi,Rajendra Nagar,1,75000.0,75000.0,75000.0,75000.0,41.67,41.67,1800.0,,0.0,100.0,3
Delhi,Rajouri Garden,12,33916.67,25000.0,19500.0,47500.0,30.67,32.29,1140.0,20052.02,25.0,50.0,3
Delhi,Rajpur Khurd,2,13250.0,13250.0,12625.0,13875.0,20.73,20.73,715.0,1767.77,0.0,50.0,1
Delhi,Rajpur Khurd Extension,4,19250.0,19000.0,15500.0,22750.0,49.93,20.07,818.25,5123.48,0.0,100.0,2
Delhi,Ram Nagar,1,25000.0,25000.0,25000.0,25000.0,41.67,41.67,600.0,,0.0,100.0,3
Delhi,Rama Park,3,6966.67,7000.0,6500.0,7450.0,30.8,31.11,348.33,950.44,33.33,66.67,1
Delhi,Ramesh Nagar,8,28625.0,27000.0,20750.0,32500.0,72.37,32.78,813.75,11173.15,25.0,37.5,2
Delhi,Rana Pratap Bagh,2,42500.0,42500.0,41250.0,43750.0,32.57,32.57,1306.0,3535.53,0.0,50.0,3
Delhi,Rani Bagh Pitam Pura,1,15000.0,15000.0,15000.0,15000.0,12.5,12.5,1200.0,,0.0,0.0,3
Delhi,Ravi Nagar,1,14000.0,14000.0,14000.0,14000.0,18.67,18.67,750.0,,0.0,0.0,2
Delhi,Razapur Khurd,1,7500.0,7500.0,7500.0,7500.0,15.31,15.31,490.0,,0.0,100.0,1
Delhi,Rohini,7,19142.86,20000.0,14250.0,26000.0,24.57,29.33,828.57,9551.24,57.14,14.29,1
Delhi,Rohtak Road,1,60000.0,60000.0,60000.0,60000.0,39.97,39.97,1501.0,,0.0,100.0,3
Delhi,Roop Nagar,1,13000.0,13000.0,13000.0,13000.0,7.22,7.22,1800.0,,100.0,0.0,5
Delhi,Roshanpura,1,22500.0,22500.0,22500.0,22500.0,10.0,10.0,2250.0,,0.0,0.0,4
Delhi,Sadh Nagar,1,6500.0,6500.0,6500.0,6500.0,16.05,16.05,405.0,,0.0,0.0,1
Delhi,Sadhna Enclave,1,130000.0,130000.0,130000.0,130000.0,72.22,72.22,1800.0,,0.0,100.0,3
Delhi,Safdarjung Development Area,6,100666.67,115000.0,77500.0,137500.0,78.19,83.21,1295.0,46418.39,16.67,66.67,3
Delhi,Safdarjung Enclave,15,164000.0,100000.0,62500.0,185000.0,69.16,59.38,2147.67,188520.56,20.0,73.33,3
Delhi,Sagarpur,2,9500.0,9500.0,8750.0,10250.0,16.22,16.22,600.0,2121.32,0.0,0.0,2
Delhi,Sagarpur West,3,9166.67,8000.0,7750.0,10000.0,15.87,15.0,573.33,2466.44,0.0,33.33,2
Delhi,Sai Baba Mandir Road,1,15000.0,15000.0,15000.0,15000.0,7.89,7.89,1900.0,,0.0,100.0,3
Delhi,Saini Enclave,1,25000.0,25000.0,25000.0,25000.0,15.43,15.43,1620.0,,0.0,0.0,2
Delhi,Sainik Farm,4,24250.0,27500.0,21250.0,30500.0,31.59,27.93,798.5,9945.69,75.0,0.0,2
Delhi,Sainik Nagar,1,9500.0,9500.0,9500.0,9500.0,17.59,17.59,540.0,,0.0,0.0,2
Delhi,Saket,34,38441.18,27000.0,20000.0,46500.0,37.08,30.73,1330.29,31415.05,41.18,38.24,2
Delhi,Samalkha,1,25000.0,25000.0,25000.0,25000.0,35.71,35.71,700.0,,0.0,0.0,2
Delhi,Samaspur Village,1,10500.0,10500.0,10500.0,10500.0,23.33,23.33,450.0,,0.0,0.0,1
Delhi,Sandesh Vihar,1,45000.0,45000.0,45000.0,45000.0,27.27,27.27,1650.0,,0.0,100.0,3
Delhi,Sangam Vihar,4,10625.0,9000.0,4875.0,14750.0,23.05,25.04,450.0,7364.05,0.0,75.0,2
Delhi,Sangam Vihar Wazirabad,1,8000.0,8000.0,8000.0,8000.0,11.85,11.85,675.0,,0.0,100.0,2
Delhi,Sanjay Colony Narela,1,12000.0,12000.0,12000.0,12000.0,8.89,8.89,1350.0,,0.0,100.0,3
Delhi,Sant Nagar East Of Kailash,3,18333.33,15000.0,15000.0,20000.0,54.32,37.5,548.67,5773.5,0.0,33.33,1
Delhi,Sarai Rohilla,1,15000.0,15000.0,15000.0,15000.0,20.83,20.83,720.0,,0.0,100.0,2
Delhi,Sarita Vihar,16,34950.0,35500.0,18500.0,45625.0,30.97,28.23,1193.75,21137.64,18.75,50.0,3
Delhi,Sarita Vihar Pocket H,1,65000.0,65000.0,65000.0,65000.0,40.62,40.62,1600.0,,100.0,0.0,3
Delhi,Sarita Vihar Pocket L,1,42000.0,42000.0,42000.0,42000.0,28.0,28.0,1500.0,,0.0,0.0,3
Delhi,Sarvapriya Vihar,3,125000.0,90000.0,72500.0,160000.0,69.6,62.5,1680.0,92601.3,0.0,66.67,1
Delhi,Sat Bari,1,1000000.0,1000000.0,1000000.0,1000000.0,222.22,222.22,4500.0,,100.0,0.0,5
Delhi,Satya Niketan,2,42000.0,42000.0,41500.0,42500.0,37.77,37.77,1212.5,1414.21,100.0,0.0,2
Delhi,Savitri Nagar Village,1,20000.0,20000.0,20000.0,20000.0,31.75,31.75,630.0,,0.0,0.0,2
Delhi,Sector 1 Dwarka,1,25000.0,25000.0,25000.0,25000.0,26.32,26.32,950.0,,100.0,0.0,2
Delhi,Sector 1 Rohini,2,7250.0,7250.0,6875.0,7625.0,17.92,17.92,405.0,1060.66,100.0,0.0,1
Delhi,Sector 10 Dwarka,6,43500.0,42500.0,38500.0,45000.0,25.55,25.45,1710.0,6473.02,16.67,83.33,3
Delhi,Sector 11 Dwarka,2,32000.0,32000.0,28000.0,36000.0,35.81,35.81,1165.0,11313.71,50.0,50.0,1
Delhi,Sector 11 Rohini,2,32000.0,32000.0,28000.0,36000.0,29.33,29.33,1125.0,11313.71,50.0,0.0,2
Delhi,Sector 12 Dwarka,5,46600.0,35000.0,33000.0,63000.0,28.34,27.5,1620.0,18365.73,0.0,60.0,3
Delhi,Sector 13 Dwarka,6,33833.33,31000.0,19000.0,47500.0,35.13,26.03,1188.67,21581.63,16.67,33.33,2
Delhi,Sector 13 Rohini,8,39875.0,34500.0,30750.0,44250.0,32.21,31.01,1225.62,15851.43,12.5,75.0,3
Delhi,Sector 14 Dwarka,5,16600.0,11000.0,10000.0,13000.0,18.05,12.82,886.4,13164.35,0.0,80.0,2
Delhi,Sector 14 Rohini,2,22500.0,22500.0,15250.0,29750.0,34.23,34.23,750.0,20506.1,100.0,0.0,1
Delhi,Sector 15 Dwarka,3,15666.67,15000.0,13500.0,17500.0,21.09,17.14,791.33,4041.45,33.33,33.33,2
Delhi,Sector 15 Rohini,1,9000.0,9000.0,9000.0,9000.0,16.36,16.36,550.0,,0.0,100.0,2
Delhi,Sector 16 Rohini,2,28500.0,28500.0,20250.0,36750.0,30.0,30.0,900.0,23334.52,0.0,50.0,2
Delhi,Sector 16B Dwarka,1,25000.0,25000.0,25000.0,25000.0,27.78,27.78,900.0,,0.0,100.0,2
Delhi,Sector 17 Dwarka,1,45000.0,45000.0,45000.0,45000.0,37.5,37.5,1200.0,,0.0,100.0,3
Delhi,Sector 17 Rohini,3,16000.0,18000.0,14000.0,19000.0,28.89,34.19,553.33,5291.5,66.67,0.0,1
Delhi,Sector 18 Dwarka,5,50000.0,50000.0,35000.0,50000.0,26.4,27.78,1890.0,18371.17,40.0,60.0,3
Delhi,Sector 18 Rohini,1,20000.0,20000.0,20000.0,20000.0,19.05,19.05,1050.0,,0.0,0.0,2
Delhi,Sector 19 Dwarka,12,37416.67,38000.0,17500.0,51250.0,29.99,28.79,1243.75,21189.44,33.33,33.33,3
Delhi,Sector 19 Rohini,1,25000.0,25000.0,25000.0,25000.0,27.78,27.78,900.0,,0.0,100.0,2
Delhi,Sector 2 Dwarka,1,12000.0,12000.0,12000.0,12000.0,26.67,26.67,450.0,,0.0,0.0,1
Delhi,Sector 2 Rohini,1,12000.0,12000.0,12000.0,12000.0,20.0,20.0,600.0,,0.0,100.0,2
Delhi,Sector 20 Rohini,1,18000.0,18000.0,18000.0,18000.0,12.0,12.0,1500.0,,0.0,100.0,3
Delhi,Sector 21 Rohini,1,22000.0,22000.0,22000.0,22000.0,24.44,24.44,900.0,,100.0,0.0,3
Delhi,Sector 22 Dwarka,7,45000.0,45000.0,40000.0,46000.0,28.09,27.59,1635.71,9983.32,28.57,42.86,3
Delhi,Sector 22 Rohini,4,15000.0,14250.0,7250.0,22000.0,16.6,15.97,850.0,9389.71,0.0,50.0,1
Delhi,Sector 23 Dwarka,6,24416.67,22250.0,7375.0,41250.0,22.58,22.42,1150.0,18778.76,0.0,66.67,1
Delhi,Sector 23 Rohini,6,28500.0,27500.0,22000.0,30000.0,51.69,31.67,970.5,11979.15,50.0,50.0,2
Delhi,Sector 23B Dwarka,2,14750.0,14750.0,14125.0,15375.0,36.88,36.88,400.0,1767.77,100.0,0.0,1
Delhi,Sector 24 Rohini,4,21750.0,21500.0,16250.0,27000.0,28.06,25.0,800.0,7500.0,0.0,50.0,2
Delhi,Sector 25 Dwarka,1,10000.0,10000.0,10000.0,10000.0,11.11,11.11,900.0,,0.0,0.0,2
Delhi,Sector 25 Rohini,1,6000.0,6000.0,6000.0,6000.0,15.0,15.0,400.0,,0.0,0.0,1
Delhi,Sector 26 Dwarka,1,24500.0,24500.0,24500.0,24500.0,27.22,27.22,900.0,,100.0,0.0,2
Delhi,Sector 28 Dwarka,2,12500.0,12500.0,11250.0,13750.0,22.22,22.22,570.0,3535.53,0.0,50.0,1
Delhi,Sector 28 Rohini,1,9000.0,9000.0,9000.0,9000.0,18.0,18.0,500.0,,0.0,100.0,1
Delhi,Sector 3 Dwarka,4,27500.0,32000.0,25500.0,34000.0,20.15,21.03,1287.5,14821.16,0.0,50.0,3
Delhi,Sector 3 Rohini,4,13250.0,11500.0,8750.0,16000.0,26.18,22.36,535.0,6396.61,25.0,50.0,1
Delhi,Sector 34 Rohini,2,4250.0,4250.0,3875.0,4625.0,12.79,12.79,348.5,1060.66,50.0,50.0,1
Delhi,Sector 35 Rohini,2,5000.0,5000.0,5000.0,5000.0,12.7,12.7,400.0,0.0,0.0,0.0,1
Delhi,Sector 4 Dwarka,5,41200.0,42000.0,40000.0,42000.0,23.42,23.33,1750.0,7823.04,0.0,60.0,3
Delhi,Sector 4 Rohini,1,18000.0,18000.0,18000.0,18000.0,20.0,20.0,900.0,,0.0,100.0,2
Delhi,Sector 5 Dwarka,4,41000.0,41500.0,37500.0,45000.0,30.17,28.64,1437.5,4690.42,50.0,25.0,2
Delhi,Sector 5 Rohini,5,21800.0,22000.0,18000.0,25000.0,125.21,32.73,470.4,6180.61,80.0,20.0,1
Delhi,Sector 6 Dwarka,5,37600.0,36000.0,36000.0,38000.0,29.87,25.33,1470.0,11414.9,40.0,40.0,3
Delhi,Sector 6 Pocket 2 Dwarka,1,40000.0,40000.0,40000.0,40000.0,26.67,26.67,1500.0,,0.0,0.0,3
Delhi,Sector 6 Rohini,2,16000.0,16000.0,15000.0,17000.0,99.72,99.72,410.0,2828.43,0.0,0.0,2
Delhi,Sector 7 Dwarka,13,26653.85,25000.0,19000.0,35000.0,35.21,30.0,945.77,9800.9,30.77,53.85,1
Delhi,Sector 7 Rohini,5,14500.0,13000.0,11000.0,18500.0,42.66,44.0,390.0,4500.0,40.0,40.0,1
Delhi,Sector 8 Dwarka,7,23000.0,20000.0,12500.0,28000.0,29.85,28.0,762.57,14583.1,14.29,85.71,2
Delhi,Sector 8 Rohini,1,25000.0,25000.0,25000.0,25000.0,50.0,50.0,500.0,,100.0,0.0,1
Delhi,Sector 9 Dwarka,5,38600.0,40000.0,35000.0,55000.0,24.07,21.62,1560.0,19295.08,20.0,60.0,3
Delhi,Sector 9 Rohini,9,32944.44,28000.0,23000.0,42000.0,35.39,32.94,983.33,12748.64,22.22,77.78,2
Delhi,Sector A6 Narela,1,12000.0,12000.0,12000.0,12000.0,40.0,40.0,300.0,,100.0,0.0,2
Delhi,Sector B Vasant Kunj,3,83333.33,90000.0,80000.0,90000.0,37.83,31.82,5633.33,11547.01,33.33,33.33,3
Delhi,Sector C Vasant Kunj,4,77500.0,70000.0,58750.0,88750.0,43.62,44.05,1712.5,37969.29,0.0,75.0,4
Delhi,Sector D Vasant Kunj,4,78000.0,60000.0,44250.0,93750.0,54.75,48.33,1342.0,50259.33,50.0,50.0,2
Delhi,Seelampur,1,18000.0,18000.0,18000.0,18000.0,30.0,30.0,600.0,,100.0,0.0,1
Delhi,Shadipur,4,22750.0,24000.0,21000.0,25750.0,41.05,42.81,550.0,5560.28,50.0,50.0,2
Delhi,Shahbad Daulatpur Village,2,14000.0,14000.0,11000.0,17000.0,63.33,63.33,250.0,8485.28,0.0,50.0,2
Delhi,Shahdara,6,19219.0,18000.0,15250.0,23750.0,29.97,24.69,730.33,8570.59,16.67,50.0,2
Delhi,Shahpur Jat,1,14999.0,14999.0,14999.0,14999.0,299.98,299.98,50.0,,0.0,0.0,1
Delhi,Shakarpur,4,11624.75,11249.5,10375.0,12499.25,19.62,21.69,631.25,1796.92,0.0,25.0,2
Delhi,Shakarpur Khas,2,19250.0,19250.0,14875.0,23625.0,28.68,28.68,650.0,12374.37,0.0,50.0,1
Delhi,Shakti Nagar,2,25000.0,25000.0,21500.0,28500.0,26.84,26.84,925.0,9899.49,0.0,0.0,2
Delhi,Shalimar Bagh,11,22318.18,22000.0,16250.0,27500.0,29.26,28.75,839.09,7704.78,18.18,54.55,2
Delhi,Shalimar Bagh Ag Block,1,18000.0,18000.0,18000.0,18000.0,57.14,57.14,315.0,,100.0,0.0,1
Delhi,Shalimar Bagh Ah Block,1,35000.0,35000.0,35000.0,35000.0,43.64,43.64,802.0,,0.0,0.0,2
Delhi,Shalimar Bagh Poorvi,1,35000.0,35000.0,35000.0,35000.0,18.09,18.09,1935.0,,0.0,100.0,2
Delhi,Shanti Kunj,1,20000.0,20000.0,20000.0,20000.0,307.69,307.69,65.0,,0.0,100.0,2
Delhi,Shanti Niketan,4,525000.0,475000.0,350000.0,650000.0,107.06,121.53,5275.0,317542.65,25.0,75.0,4
Delhi,Shanti Vihar,1,130000.0,130000.0,130000.0,130000.0,52.0,52.0,2500.0,,0.0,100.0,4
Delhi,Shastri Nagar,4,14125.0,12750.0,9375.0,17500.0,26.41,24.83,569.0,6142.41,0.0,25.0,1
Delhi,Sheikh Sarai,1,65000.0,65000.0,65000.0,65000.0,32.5,32.5,2000.0,,0.0,100.0,3
Delhi,Sheikh Sarai Phase 1,1,50000.0,50000.0,50000.0,50000.0,71.43,71.43,700.0,,0.0,0.0,1
Delhi,Sheikh Sarai Phase 2,1,22000.0,22000.0,22000.0,22000.0,44.0,44.0,500.0,,100.0,0.0,1
Delhi,Shiv Nagar,2,18000.0,18000.0,16000.0,20000.0,27.58,27.58,655.0,5656.85,50.0,0.0,1
Delhi,Shiv Nagar Extension,1,27000.0,27000.0,27000.0,27000.0,270.0,270.0,100.0,,0.0,100.0,2
Delhi,Shiv Park Kakrola,1,20000.0,20000.0,20000.0,20000.0,31.75,31.75,630.0,,0.0,100.0,2
Delhi,Shiv Vihar,4,15500.0,9500.0,8375.0,16625.0,18.57,15.44,752.25,13044.79,0.0,75.0,1
Delhi,Shivaji Nagar,1,5000.0,5000.0,5000.0,5000.0,6.94,6.94,720.0,,0.0,100.0,2
Delhi,Shivaji Park,1,15000.0,15000.0,15000.0,15000.0,100.0,100.0,150.0,,0.0,100.0,1
Delhi,Shivalik Road,1,110000.0,110000.0,110000.0,110000.0,66.67,66.67,1650.0,,0.0,0.0,3
Delhi,Shreshtha Vihar,1,40000.0,40000.0,40000.0,40000.0,23.39,23.39,1710.0,,0.0,0.0,3
Delhi,Shubham Enclave,1,45000.0,45000.0,45000.0,45000.0,21.43,21.43,2100.0,,0.0,0.0,3
Delhi,Shyam Enclave,1,32000.0,32000.0,32000.0,32000.0,18.91,18.91,1692.0,,0.0,0.0,2
Delhi,Shyam Nagar,1,14000.0,14000.0,14000.0,14000.0,15.56,15.56,900.0,,0.0,100.0,2
Delhi,Shyam Nagar Okhla,1,10000.0,10000.0,10000.0,10000.0,20.0,20.0,500.0,,0.0,100.0,1
Delhi,Shyam Vihar 2,1,6000.0,6000.0,6000.0,6000.0,13.33,13.33,450.0,,0.0,0.0,1
Delhi,Shyam Vihar Phase 1,1,20000.0,20000.0,20000.0,20000.0,20.0,20.0,1000.0,,0.0,100.0,3
Delhi,Siddhartha Enclave,2,45000.0,45000.0,40000.0,50000.0,34.72,34.72,1350.0,14142.14,0.0,100.0,2
Delhi,Sitapuri,2,14500.0,14500.0,14250.0,14750.0,16.11,16.11,900.0,707.11,0.0,50.0,2
Delhi,Sitapuri Extension 2,1,10000.0,10000.0,10000.0,10000.0,12.5,12.5,800.0,,0.0,0.0,2
Delhi,Soami Nagar South,1,200000.0,200000.0,200000.0,200000.0,74.07,74.07,2700.0,,0.0,100.0,3
Delhi,South Extension,4,25875.0,24250.0,11875.0,38250.0,46.75,45.0,575.0,17312.69,75.0,25.0,1
Delhi,South Extension 1,4,44625.0,31500.0,12625.0,63500.0,85.31,42.7,715.0,47235.89,25.0,25.0,1
Delhi,South Extension 2,3,57333.33,72000.0,46000.0,76000.0,33.64,32.73,1633.33,32578.11,0.0,33.33,3
Delhi,Sri Niwaspuri,1,11000.0,11000.0,11000.0,11000.0,16.3,16.3,675.0,,0.0,0.0,1
Delhi,St Nagar Burari,16,13500.0,9250.0,6000.0,12750.0,21.59,19.47,580.62,15631.17,25.0,18.75,2
Delhi,Subhash Nagar,6,20916.67,19250.0,15125.0,26000.0,28.92,27.25,708.33,9189.21,16.67,33.33,2
Delhi,Sukhdev Vihar,3,196666.67,170000.0,120000.0,260000.0,91.68,77.27,2183.33,141891.98,33.33,33.33,3
Delhi,Sultanpur,2,12500.0,12500.0,10750.0,14250.0,21.43,21.43,575.0,4949.75,0.0,50.0,1
Delhi,Sunder Nagar,1,200000.0,200000.0,200000.0,200000.0,117.65,117.65,1700.0,,0.0,0.0,2
Delhi,Surajmal Vihar,1,55000.0,55000.0,55000.0,55000.0,35.95,35.95,1530.0,,0.0,100.0,3
Delhi,Surya Enclave,1,55000.0,55000.0,55000.0,55000.0,32.35,32.35,1700.0,,0.0,100.0,3
Delhi,Swasthya Vihar,1,80000.0,80000.0,80000.0,80000.0,26.94,26.94,2970.0,,0.0,100.0,4
Delhi,Tagore Garden,5,30200.0,24000.0,20000.0,30000.0,26.01,22.22,1134.0,17355.11,20.0,60.0,2
Delhi,Tagore Garden Extension,2,26500.0,26500.0,24750.0,28250.0,31.04,31.04,850.0,4949.75,100.0,0.0,2
Delhi,Tigri,2,6250.0,6250.0,6125.0,6375.0,15.06,15.06,415.0,353.55,0.0,50.0,1
Delhi,Tihar Village,2,16500.0,16500.0,15750.0,17250.0,38.85,38.85,475.0,2121.32,50.0,50.0,1
Delhi,Tilak Nagar,13,19884.62,16000.0,14000.0,22000.0,24.87,24.0,813.62,9122.21,30.77,53.85,2
Delhi,Transit Camp,1,12000.0,12000.0,12000.0,12000.0,19.61,19.61,612.0,,0.0,100.0,2
Delhi,Tri Nagar,4,12250.0,10000.0,9000.0,13250.0,24.72,19.71,525.0,5251.98,25.0,25.0,1
Delhi,Trilokpuri,1,4500.0,4500.0,4500.0,4500.0,20.0,20.0,225.0,,0.0,0.0,1
Delhi,Tughlakabad Extension,5,10500.0,10000.0,9000.0,12500.0,55.38,20.0,469.2,2179.45,0.0,80.0,1
Delhi,Tyagi Colony Nangloi Extension,1,25000.0,25000.0,25000.0,25000.0,26.6,26.6,940.0,,0.0,100.0,3
Delhi,Uday Park,2,200000.0,200000.0,180000.0,220000.0,123.92,123.92,1600.0,56568.54,0.0,100.0,3
Delhi,Uttam Nagar,28,12625.0,12000.0,8500.0,15000.0,21.28,18.78,669.82,5332.68,14.29,39.29,2
Delhi,Uttam Nagar East,6,12666.67,14000.0,12500.0,14750.0,31.68,23.5,496.67,3444.8,50.0,33.33,2
Delhi,Uttam Nagar Nawada,2,16000.0,16000.0,15500.0,16500.0,19.44,19.44,832.5,1414.21,0.0,50.0,2
Delhi,Uttam Nagar West,6,10833.33,9750.0,7125.0,15000.0,23.19,22.42,455.0,4676.18,33.33,16.67,1
Delhi,Uttari Pitampura,2,16250.0,16250.0,11875.0,20625.0,26.24,26.24,587.5,12374.37,50.0,50.0,1
Delhi,Vasant Kunj,17,57117.65,60000.0,40000.0,75000.0,48.38,43.64,1321.18,26042.95,41.18,35.29,3
Delhi,Vasant Kunj Enclave,2,55000.0,55000.0,55000.0,55000.0,34.92,34.92,1600.0,0.0,0.0,50.0,3
Delhi,Vasant Vihar,6,219166.67,200000.0,82500.0,310000.0,82.14,56.25,2433.33,178841.18,0.0,66.67,4
Delhi,Vasundhara Enclave,6,28500.0,25500.0,23000.0,33250.0,26.53,27.28,1075.0,7449.83,0.0,66.67,2
Delhi,Vigyan Vihar,2,42500.0,42500.0,36250.0,48750.0,27.85,27.85,1495.5,17677.67,0.0,100.0,3
Delhi,Vijay Colony Vijay Nagar,1,11000.0,11000.0,11000.0,11000.0,16.92,16.92,650.0,,0.0,0.0,1
Delhi,Vijay Nagar,4,24250.0,22500.0,19250.0,27500.0,34.92,36.75,700.0,7889.87,50.0,25.0,2
Delhi,Vijay Vihar,1,8500.0,8500.0,8500.0,8500.0,14.17,14.17,600.0,,0.0,0.0,2
Delhi,Vikas Puri Extension Part 1,1,15000.0,15000.0,15000.0,15000.0,16.67,16.67,900.0,,0.0,0.0,2
Delhi,Vikaspuri,17,29647.0,24000.0,12000.0,32000.0,26.81,21.9,1010.59,32844.7,17.65,41.18,2
Delhi,Vikaspuri Block F,2,79500.0,79500.0,74750.0,84250.0,27.52,27.52,3050.0,13435.03,50.0,50.0,4
Delhi,Vikaspuri Block H,3,41000.0,36000.0,30500.0,49000.0,29.86,27.69,1326.67,19000.0,0.0,100.0,3
Delhi,Vikaspuri Block J,1,17000.0,17000.0,17000.0,17000.0,21.25,21.25,800.0,,0.0,100.0,2
Delhi,Vinoba Puri,1,8000.0,8000.0,8000.0,8000.0,8.98,8.98,891.0,,100.0,0.0,3
Delhi,Vipin Garden,3,10166.67,10000.0,8750.0,11500.0,20.89,20.0,483.33,2753.79,0.0,66.67,1
Delhi,Vipin Garden Extension North Block,1,14000.0,14000.0,14000.0,14000.0,17.5,17.5,800.0,,0.0,100.0,2
Delhi,Virender Nagar,1,22000.0,22000.0,22000.0,22000.0,24.44,24.44,900.0,,0.0,0.0,2
Delhi,Vishnu Garden,2,17500.0,17500.0,17250.0,17750.0,20.0,20.0,940.0,707.11,0.0,0.0,2
Delhi,Vishwakarma Colony,3,15333.33,18000.0,14000.0,18000.0,15.09,18.0,1050.0,4618.8,0.0,33.33,1
Delhi,Vishwas Nagar,2,18000.0,18000.0,14500.0,21500.0,18.54,18.54,935.0,9899.49,0.0,50.0,2
Delhi,Vishwas Park,1,13000.0,13000.0,13000.0,13000.0,20.0,20.0,650.0,,0.0,100.0,2
Delhi,Vivek Vihar,1,6000.0,6000.0,6000.0,6000.0,13.33,13.33,450.0,,0.0,100.0,1
Delhi,Vivek Vihar Phase 1,2,24500.0,24500.0,15750.0,33250.0,23.33,23.33,1900.0,24748.74,0.0,100.0,1
Delhi,Wazir Nagar,1,16500.0,16500.0,16500.0,16500.0,23.57,23.57,700.0,,100.0,0.0,2
Delhi,Wazirabad,4,6625.0,5750.0,5375.0,7000.0,18.12,16.67,481.25,2286.74,25.0,25.0,1
Delhi,Yadav Park Extension,1,7300.0,7300.0,7300.0,7300.0,16.22,16.22,450.0,,0.0,100.0,1
Delhi,Yamuna Vihar,6,15816.67,14750.0,14125.0,15000.0,21.25,18.43,771.83,7696.86,16.67,33.33,2
Delhi,Yojna Vihar,1,50000.0,50000.0,50000.0,50000.0,30.86,30.86,1620.0,,0.0,0.0,3
Mumbai,90 Feet Road,2,51000.0,51000.0,44000.0,58000.0,60.72,60.72,875.0,19798.99,0.0,50.0,2
Mumbai,Aarey Colony,1,30000.0,30000.0,30000.0,30000.0,54.55,54.55,550.0,,100.0,0.0,1
Mumbai,Abhyudaya Nagar,2,94000.0,94000.0,56000.0,132000.0,117.27,117.27,662.5,107480.23,100.0,0.0,1
Mumbai,Adarsh Nagar Jogeshwari West,1,65000.0,65000.0,65000.0,65000.0,81.25,81.25,800.0,,0.0,0.0,2
Mumbai,Agar Bazar,1,240000.0,240000.0,240000.0,240000.0,133.33,133.33,1800.0,,100.0,0.0,4
Mumbai,Agripada,1,80000.0,80000.0,80000.0,80000.0,106.67,106.67,750.0,,0.0,0.0,2
Mumbai,Ajit Nagar,1,65000.0,65000.0,65000.0,65000.0,54.17,54.17,1200.0,,0.0,0.0,1
Mumbai,Amar Nagar Mulund West,1,25000.0,25000.0,25000.0,25000.0,51.02,51.02,490.0,,100.0,0.0,1
Mumbai,Ambewadi Malad East,1,65000.0,65000.0,65000.0,65000.0,68.42,68.42,950.0,,100.0,0.0,2
Mumbai,Amboli,3,34333.33,30000.0,28000.0,38500.0,66.13,73.44,540.0,11150.49,0.0,33.33,2
Mumbai,Amrut Nagar Ghatkopar West,1,35000.0,35000.0,35000.0,35000.0,100.0,100.0,350.0,,0.0,0.0,1
Mumbai,Anand Nagar Dahisar East,4,27250.0,25000.0,23500.0,28750.0,55.74,56.97,493.75,8958.24,0.0,25.0,1
Mumbai,Andheri,1,12000.0,12000.0,12000.0,12000.0,60.0,60.0,200.0,,100.0,0.0,1
Mumbai,Andheri East,59,71837.29,65000.0,40000.0,80000.0,78.43,78.65,859.49,68098.39,35.59,30.51,2
Mumbai,Andheri West,72,116791.67,80000.0,58750.0,142500.0,102.75,100.6,1073.94,98885.04,40.28,25.0,3
Mumbai,Ashok Nagar Kandivali East,1,17000.0,17000.0,17000.0,17000.0,42.5,42.5,400.0,,0.0,0.0,1
Mumbai,Atur Park,1,150000.0,150000.0,150000.0,150000.0,83.33,83.33,1800.0,,0.0,100.0,3
Mumbai,Azad Nagar Andheri East,1,90000.0,90000.0,90000.0,90000.0,91.84,91.84,980.0,,0.0,0.0,3
Mumbai,Azad Nagar Andheri West,1,85000.0,85000.0,85000.0,85000.0,94.44,94.44,900.0,,0.0,100.0,3
Mumbai,Babhai Naka - Borivali West,1,30000.0,30000.0,30000.0,30000.0,71.26,71.26,421.0,,0.0,100.0,1
Mumbai,Bachani Nagar,1,26000.0,26000.0,26000.0,26000.0,59.09,59.09,440.0,,0.0,100.0,1
Mumbai,Bandra,2,130000.0,130000.0,125000.0,135000.0,162.35,162.35,800.0,14142.14,50.0,0.0,2
Mumbai,Bandra East,12,201666.67,180000.0,107500.0,300000.0,149.49,146.56,1305.5,116137.33,16.67,75.0,3
Mumbai,Bandra Kurla Complex,6,678333.33,410000.0,132500.0,1295000.0,189.97,181.25,2916.67,671190.48,33.33,66.67,3
Mumbai,Bandra West,25,280984.0,190000.0,110000.0,430000.0,187.0,189.47,1345.88,251988.8,44.0,48.0,3
Mumbai,Bangur Nagar,2,84000.0,84000.0,66000.0,102000.0,73.45,73.45,1184.5,50911.69,50.0,50.0,2
Mumbai,Barve Nagar,1,39000.0,39000.0,39000.0,39000.0,37.14,37.14,1050.0,,0.0,100.0,3
Mumbai,Battipada,1,26000.0,26000.0,26000.0,26000.0,52.0,52.0,500.0,,100.0,0.0,1
Mumbai,Best Colony Chembur East,1,75000.0,75000.0,75000.0,75000.0,93.75,93.75,800.0,,0.0,0.0,2
Mumbai,Best Colony Parel,1,100000.0,100000.0,100000.0,100000.0,134.77,134.77,742.0,,100.0,0.0,2
Mumbai,Best Nagar - Goregaon West,1,150000.0,150000.0,150000.0,150000.0,100.0,100.0,1500.0,,100.0,0.0,4
Mumbai,Bhakti Park,3,160000.0,80000.0,75000.0,205000.0,124.68,100.0,1130.33,147309.2,33.33,33.33,2
Mumbai,Bhandup,1,15000.0,15000.0,15000.0,15000.0,60.0,60.0,250.0,,100.0,0.0,1
Mumbai,Bhandup East,7,25142.86,25000.0,24000.0,30000.0,53.1,53.57,476.71,6568.32,28.57,28.57,1
Mumbai,Bhandup Village Road,1,38000.0,38000.0,38000.0,38000.0,63.33,63.33,600.0,,0.0,0.0,2
Mumbai,Bhandup West,22,37136.36,38500.0,28750.0,45000.0,58.58,61.88,651.45,16768.15,18.18,40.91,2
Mumbai,Bhatwadi Ghatkopar West,1,8000.0,8000.0,8000.0,8000.0,32.0,32.0,250.0,,0.0,0.0,1
Mumbai,Bhayandar East,4,16750.0,17750.0,16000.0,18500.0,23.7,23.68,781.25,2598.08,0.0,25.0,1
Mumbai,Bhayandar West,1,10500.0,10500.0,10500.0,10500.0,26.25,26.25,400.0,,0.0,100.0,1
Mumbai,Bhoiwada - Parel,1,110000.0,110000.0,110000.0,110000.0,140.13,140.13,785.0,,100.0,0.0,2
Mumbai,Bolinj,2,255000.0,255000.0,132500.0,377500.0,333.95,333.95,880.0,346482.32,0.0,0.0,2
Mumbai,Borivali,1,55000.0,55000.0,55000.0,55000.0,80.88,80.88,680.0,,100.0,0.0,2
Mumbai,Borivali East,39,86333.33,95000.0,52500.0,115000.0,82.26,83.96,1022.18,40547.78,0.0,61.54,3
Mumbai,Borivali West,30,42866.67,40000.0,26750.0,54250.0,66.98,69.09,617.9,21592.6,23.33,46.67,1
Mumbai,Breach Candy,1,230000.0,230000.0,230000.0,230000.0,158.62,158.62,1450.0,,100.0,0.0,3
Mumbai,Brhmanwada,1,160000.0,160000.0,160000.0,160000.0,125.0,125.0,1280.0,,100.0,0.0,3
Mumbai,Byculla,7,146428.57,150000.0,95000.0,180000.0,145.0,138.89,930.71,92858.06,0.0,57.14,3
Mumbai,Central Area,3,56333.33,60000.0,49500.0,65000.0,84.3,80.0,686.67,15821.93,33.33,0.0,2
Mumbai,Central Avenue Road,1,130000.0,130000.0,130000.0,130000.0,118.18,118.18,1100.0,,0.0,100.0,3
Mumbai,Central Ordanance Depot,1,42000.0,42000.0,42000.0,42000.0,48.84,48.84,860.0,,0.0,0.0,2
Mumbai,Chakala,3,25333.33,22000.0,17000.0,32000.0,70.01,76.36,350.0,15275.25,33.33,33.33,1
Mumbai,Chakala Midc,1,16000.0,16000.0,16000.0,16000.0,71.11,71.11,225.0,,100.0,0.0,1
Mumbai,Chandan Nagar,1,12500.0,12500.0,12500.0,12500.0,11.06,11.06,1130.0,,0.0,100.0,2
Mumbai,Chandivali,17,67352.94,78000.0,38000.0,90000.0,87.0,92.91,791.76,28137.92,47.06,23.53,2
Mumbai,Charkop,1,35000.0,35000.0,35000.0,35000.0,77.95,77.95,449.0,,100.0,0.0,1
Mumbai,Charni Road,1,50000.0,50000.0,50000.0,50000.0,100.0,100.0,500.0,,0.0,0.0,1
Mumbai,Chedda Nagar,1,40000.0,40000.0,40000.0,40000.0,42.11,42.11,950.0,,0.0,0.0,1
Mumbai,Chembur,50,90900.0,69000.0,52750.0,127500.0,83.1,84.26,1051.7,67804.72,22.0,42.0,2
Mumbai,Chimaji Nagar,1,20000.0,20000.0,20000.0,20000.0,55.4,55.4,361.0,,0.0,0.0,1
Mumbai,Chincholi Phatak,1,100000.0,100000.0,100000.0,100000.0,88.73,88.73,1127.0,,100.0,0.0,3
Mumbai,Chinchpokli,2,28500.0,28500.0,26750.0,30250.0,79.76,79.76,360.0,4949.75,50.0,0.0,1
Mumbai,Chunabhatti,4,67250.0,72000.0,29250.0,110000.0,79.88,92.5,812.5,49969.16,25.0,25.0,1
Mumbai,Churchgate,1,330000.0,330000.0,330000.0,330000.0,212.9,212.9,1550.0,,100.0,0.0,3
Mumbai,Citizen Colony,1,11000.0,11000.0,11000.0,11000.0,26.19,26.19,420.0,,0.0,100.0,1
Mumbai,Colaba,4,60500.0,51000.0,25000.0,86500.0,98.11,93.44,943.75,53050.29,50.0,25.0,1
Mumbai,Cuffe Parade,2,415000.0,415000.0,322500.0,507500.0,208.75,208.75,2100.0,261629.51,0.0,50.0,2
Mumbai,Dadar,3,141666.67,130000.0,112500.0,165000.0,117.27,108.33,1183.33,53463.38,0.0,66.67,3
Mumbai,Dadar East,5,121000.0,53000.0,18000.0,140000.0,120.14,120.45,831.0,153398.17,20.0,20.0,1
Mumbai,Dadar West,10,120100.0,97500.0,66500.0,127500.0,139.02,131.61,838.5,89474.33,10.0,40.0,1
Mumbai,Dahanukar Wadi,2,31000.0,31000.0,25500.0,36500.0,68.54,68.54,463.0,15556.35,0.0,0.0,1
Mumbai,Dahisar,3,30000.0,20000.0,17500.0,37500.0,40.19,28.57,715.0,21794.49,0.0,0.0,1
Mumbai,Dahisar East,19,24700.0,24000.0,15000.0,29500.0,50.15,50.88,485.63,11949.85,10.53,36.84,1
Mumbai,Dahisar West,4,26000.0,25000.0,24250.0,26750.0,55.88,56.25,486.5,4242.64,0.0,25.0,1
Mumbai,Danda,1,16000.0,16000.0,16000.0,16000.0,35.56,35.56,450.0,,0.0,0.0,1
Mumbai,Dattapada,6,118833.33,102500.0,95000.0,117500.0,93.64,85.5,1184.83,81548.55,16.67,50.0,3
Mumbai,Deonar,1,80000.0,80000.0,80000.0,80000.0,100.0,100.0,800.0,,100.0,0.0,2
Mumbai,Deonar Chembur,7,105285.71,97000.0,87500.0,130000.0,110.84,106.67,938.0,33074.23,42.86,14.29,3
Mumbai,Deonar Farm Road,1,98000.0,98000.0,98000.0,98000.0,81.67,81.67,1200.0,,100.0,0.0,3
Mumbai,Deonar Village Road,1,60000.0,60000.0,60000.0,60000.0,54.55,54.55,1100.0,,0.0,100.0,3
Mumbai,Devidas Road,1,52000.0,52000.0,52000.0,52000.0,86.67,86.67,600.0,,100.0,0.0,2
Mumbai,Devipada,2,55000.0,55000.0,36500.0,73500.0,83.33,83.33,700.0,52325.9,50.0,0.0,1
Mumbai,Dindoshi - Malad East,2,65000.0,65000.0,65000.0,65000.0,66.71,66.71,975.0,0.0,50.0,50.0,2
Mumbai,Eden Gardens,1,35000.0,35000.0,35000.0,35000.0,17.95,17.95,1950.0,,100.0,0.0,3
Mumbai,Eksar Road,1,37000.0,37000.0,37000.0,37000.0,56.92,56.92,650.0,,0.0,100.0,2
Mumbai,Ekta Nagar Kandivali West,1,37500.0,37500.0,37500.0,37500.0,78.95,78.95,475.0,,100.0,0.0,1
Mumbai,Evershine Millennium Paradise,1,60000.0,60000.0,60000.0,60000.0,80.0,80.0,750.0,,0.0,100.0,2
Mumbai,Evershine Nagar,3,85666.67,90000.0,80000.0,93500.0,82.15,87.83,1060.67,14011.9,0.0,33.33,3
Mumbai,Film City Road,3,46000.0,45000.0,44000.0,47500.0,79.57,72.46,618.67,3605.55,100.0,0.0,1
Mumbai,Fish Market Area,1,15000.0,15000.0,15000.0,15000.0,45.45,45.45,330.0,,100.0,0.0,1
Mumbai,Fort,3,80000.0,100000.0,70000.0,100000.0,102.02,125.0,777.67,34641.02,0.0,66.67,2
Mumbai,Four Bungalows,6,174166.67,68500.0,41000.0,168000.0,111.7,92.1,1157.83,241503.14,50.0,50.0,2
Mumbai,Gaikwad Nagar Malad West,1,21000.0,21000.0,21000.0,21000.0,57.53,57.53,365.0,,0.0,100.0,1
Mumbai,Gandhi Nagar Bandra East,1,58000.0,58000.0,58000.0,58000.0,136.47,136.47,425.0,,100.0,0.0,1
Mumbai,Gandhi Nagar Upper Worli,2,120000.0,120000.0,110000.0,130000.0,140.32,140.32,887.5,28284.27,0.0,100.0,2
Mumbai,Ganesh Nagar Kalaram Nagar,1,23000.0,23000.0,23000.0,23000.0,43.4,43.4,530.0,,100.0,0.0,1
Mumbai,Garodia Nagar,1,50000.0,50000.0,50000.0,50000.0,69.93,69.93,715.0,,0.0,100.0,3
Mumbai,Gavane Pada,1,60000.0,60000.0,60000.0,60000.0,104.35,104.35,575.0,,100.0,0.0,2
Mumbai,Gavanpada,1,28000.0,28000.0,28000.0,28000.0,62.92,62.92,445.0,,0.0,0.0,1
Mumbai,Geeta Nagar Mira Road East,1,13500.0,13500.0,13500.0,13500.0,26.47,26.47,510.0,,0.0,0.0,1
Mumbai,Ghatkopar,2,50000.0,50000.0,37500.0,62500.0,48.44,48.44,1050.0,35355.34,50.0,50.0,1
Mumbai,Ghatkopar East,16,49562.5,40500.0,28500.0,76250.0,69.85,79.14,668.44,30556.98,25.0,43.75,1
Mumbai,Ghatkopar West,8,141250.0,99000.0,51750.0,172500.0,85.21,91.88,1614.75,137032.58,62.5,12.5,3
Mumbai,Ghodapdeo,2,24000.0,24000.0,23500.0,24500.0,76.0,76.0,317.5,1414.21,0.0,50.0,1
Mumbai,Ghodbunder Road,2,21750.0,21750.0,19125.0,24375.0,31.6,31.6,685.0,7424.62,0.0,100.0,1
Mumbai,Gilbert Hill,1,9000.0,9000.0,9000.0,9000.0,10.98,10.98,820.0,,100.0,0.0,2
Mumbai,Girgaon,5,84000.0,85000.0,45000.0,90000.0,105.03,106.67,820.0,48140.42,80.0,0.0,1
Mumbai,Godrej Colony,1,130000.0,130000.0,130000.0,130000.0,164.56,164.56,790.0,,100.0,0.0,2
Mumbai,Gokuldham,3,111666.67,130000.0,92500.0,140000.0,105.98,108.33,1016.67,50083.26,66.67,0.0,3
Mumbai,Gorai,1,45000.0,45000.0,45000.0,45000.0,30.0,30.0,1500.0,,0.0,100.0,2
Mumbai,Gorai 1,2,27500.0,27500.0,26250.0,28750.0,33.05,33.05,872.0,3535.53,0.0,50.0,2
Mumbai,Gorai 2,1,130000.0,130000.0,130000.0,130000.0,52.0,52.0,2500.0,,0.0,0.0,5
Mumbai,Goregaon,1,90000.0,90000.0,90000.0,90000.0,72.0,72.0,1250.0,,0.0,100.0,3
Mumbai,Goregaon East,55,82100.0,60000.0,38500.0,110000.0,85.9,78.12,909.0,64503.98,36.36,40.0,2
Mumbai,Goregaon Mulund Link Road,2,53500.0,53500.0,42750.0,64250.0,72.31,72.31,758.0,30405.59,0.0,0.0,1
Mumbai,Goregaon West,37,95675.65,95000.0,75000.0,110000.0,91.26,93.61,1047.84,35452.73,16.22,37.84,3
Mumbai,Govandi,3,30000.0,20000.0,12500.0,42500.0,51.33,50.0,540.0,31224.99,33.33,0.0,2
Mumbai,Govind Nagar Bhandup West,1,55000.0,55000.0,55000.0,55000.0,68.75,68.75,800.0,,0.0,0.0,2
Mumbai,Govind Nagar Borivali West,1,32000.0,32000.0,32000.0,32000.0,74.42,74.42,430.0,,100.0,0.0,1
Mumbai,Gowalia Tank,1,450000.0,450000.0,450000.0,450000.0,178.78,178.78,2517.0,,0.0,0.0,4
Mumbai,Grant Road East,1,69000.0,69000.0,69000.0,69000.0,102.22,102.22,675.0,,100.0,0.0,1
Mumbai,Green Hills,1,30000.0,30000.0,30000.0,30000.0,93.75,93.75,320.0,,100.0,0.0,1
Mumbai,Gtb Nagar,1,7500.0,7500.0,7500.0,7500.0,13.64,13.64,550.0,,100.0,0.0,2
Mumbai,Gulshan Nagar,1,50000.0,50000.0,50000.0,50000.0,88.34,88.34,566.0,,0.0,0.0,2
Mumbai,Hatkesh Udhog Nagar,1,12500.0,12500.0,12500.0,12500.0,27.78,27.78,450.0,,0.0,0.0,1
Mumbai,Hindu Colony,2,140000.0,140000.0,135000.0,145000.0,154.85,154.85,925.0,14142.14,100.0,0.0,2
Mumbai,Ic Colony,4,40250.0,42000.0,39000.0,43250.0,71.56,69.88,561.75,7228.42,0.0,50.0,2
Mumbai,Inlaks Nagar,1,38000.0,38000.0,38000.0,38000.0,104.11,104.11,365.0,,100.0,0.0,1
Mumbai,Irani Wadi,1,35000.0,35000.0,35000.0,35000.0,33.02,33.02,1060.0,,0.0,0.0,2
Mumbai,Jacob Circle,1,80000.0,80000.0,80000.0,80000.0,125.0,125.0,640.0,,100.0,0.0,2
Mumbai,Jankalyan Nagar,3,39333.33,35000.0,34000.0,42500.0,75.87,73.83,524.0,9291.57,33.33,33.33,1
Mumbai,Janki Kutir,1,150000.0,150000.0,150000.0,150000.0,150.0,150.0,1000.0,,0.0,100.0,2
Mumbai,Jawahar Nagar,1,110000.0,110000.0,110000.0,110000.0,110.0,110.0,1000.0,,100.0,0.0,3
Mumbai,Jayprakash Nagar,2,58500.0,58500.0,50250.0,66750.0,108.89,108.89,542.0,23334.52,0.0,0.0,1
Mumbai,Jb Nagar,3,59333.33,58000.0,51500.0,66500.0,84.29,87.88,720.0,15044.38,66.67,0.0,2
Mumbai,Jijamata Road,1,45000.0,45000.0,45000.0,45000.0,75.0,75.0,600.0,,0.0,100.0,1
Mumbai,Jogeshwari East,7,288785.71,35000.0,18500.0,220000.0,441.05,79.55,729.57,546092.78,42.86,28.57,1
Mumbai,Jogeshwari Vikhroli Link Road,3,127500.0,87500.0,71250.0,163750.0,100.83,102.34,1321.67,98773.73,0.0,66.67,2
Mumbai,Jogeshwari West,5,57900.0,40000.0,31500.0,85000.0,81.94,88.89,655.0,43658.33,0.0,80.0,1
Mumbai,Juhu,15,181333.33,130000.0,42500.0,265000.0,142.35,140.0,1152.67,163973.72,46.67,26.67,1
Mumbai,Juhu Scheme,3,760000.0,450000.0,415000.0,950000.0,172.78,166.67,4200.0,598581.66,33.33,33.33,4
Mumbai,Juhu Versova Link Road,3,100000.0,120000.0,85000.0,125000.0,98.39,88.5,1021.67,43588.99,66.67,33.33,3
Mumbai,Jvpd Scheme,4,162500.0,145000.0,137500.0,170000.0,150.45,143.15,1066.5,45734.74,0.0,50.0,3
Mumbai,Kala Nagar,1,220000.0,220000.0,220000.0,220000.0,219.12,219.12,1004.0,,0.0,100.0,3
Mumbai,Kalachauki,1,13000.0,13000.0,13000.0,13000.0,54.17,54.17,240.0,,0.0,100.0,1
Mumbai,Kalachowki,1,17000.0,17000.0,17000.0,17000.0,75.56,75.56,225.0,,0.0,0.0,1
Mumbai,Kalbadevi,1,45000.0,45000.0,45000.0,45000.0,142.86,142.86,315.0,,100.0,0.0,1
Mumbai,Kalina,9,75777.67,65000.0,61000.0,75000.0,95.95,98.43,769.11,37275.25,22.22,66.67,2
Mumbai,Kamgar Nagar Prabhadevi,1,180000.0,180000.0,180000.0,180000.0,138.46,138.46,1300.0,,0.0,100.0,3
Mumbai,Kanakiya,1,30000.0,30000.0,30000.0,30000.0,107.14,107.14,280.0,,100.0,0.0,1
Mumbai,Kanchpada,1,160000.0,160000.0,160000.0,160000.0,97.09,97.09,1648.0,,0.0,100.0,4
Mumbai,Kandivali,1,55000.0,55000.0,55000.0,55000.0,73.33,73.33,750.0,,0.0,0.0,2
Mumbai,Kandivali East,30,63323.37,62500.0,40750.0,73750.0,68.37,62.26,907.53,39863.39,26.67,40.0,2
Mumbai,Kandivali West,28,53571.43,49000.0,36750.0,57000.0,63.19,59.23,866.0,24571.03,21.43,32.14,2
Mumbai,Kanjurmarg,1,40000.0,40000.0,40000.0,40000.0,33.33,33.33,1200.0,,0.0,100.0,2
Mumbai,Kanjurmarg East,5,63600.0,75000.0,65000.0,80000.0,80.7,89.9,728.0,32362.01,20.0,40.0,2
Mumbai,Kanjurmarg West,9,60222.22,65000.0,51000.0,78000.0,69.92,71.89,842.0,21718.53,11.11,66.67,2
Mumbai,Kannamwar Nagar 1,1,22000.0,22000.0,22000.0,22000.0,52.51,52.51,419.0,,100.0,0.0,2
Mumbai,Kemps Corner,2,205000.0,205000.0,192500.0,217500.0,188.58,188.58,1084.0,35355.34,50.0,50.0,2
Mumbai,Ketkipada,1,25000.0,25000.0,25000.0,25000.0,28.67,28.67,872.0,,0.0,0.0,2
Mumbai,Khar Danda,2,190000.0,190000.0,175000.0,205000.0,187.5,187.5,1200.0,42426.41,50.0,0.0,3
Mumbai,Khar West,18,343666.67,305000.0,157500.0,487500.0,192.0,176.62,1656.94,255580.54,33.33,33.33,3
Mumbai,Kharodi,1,30000.0,30000.0,30000.0,30000.0,28.71,28.71,1045.0,,100.0,0.0,1
Mumbai,Khatau Estate,2,46000.0,46000.0,44000.0,48000.0,74.36,74.36,617.5,5656.85,100.0,0.0,2
Mumbai,Kirol Village,1,18000.0,18000.0,18000.0,18000.0,54.55,54.55,330.0,,0.0,0.0,1
Mumbai,Kokanipada,1,90000.0,90000.0,90000.0,90000.0,72.0,72.0,1250.0,,0.0,100.0,3
Mumbai,Kolivery Village,1,85000.0,85000.0,85000.0,85000.0,84.33,84.33,1008.0,,0.0,0.0,3
Mumbai,Kondivita Village Andheri East,1,18000.0,18000.0,18000.0,18000.0,82.19,82.19,219.0,,0.0,0.0,1
Mumbai,Korba Mithagar,1,300000.0,300000.0,300000.0,300000.0,2000.0,2000.0,150.0,,0.0,0.0,1
Mumbai,Kurar Village,1,20000.0,20000.0,20000.0,20000.0,64.52,64.52,310.0,,0.0,100.0,1
Mumbai,Kurla,3,33333.33,30000.0,25000.0,40000.0,63.87,62.5,515.0,15275.25,0.0,0.0,1
Mumbai,Kurla East,8,44750.0,42500.0,31500.0,51250.0,65.62,64.29,678.75,16568.04,25.0,37.5,2
Mumbai,Kurla West,19,58973.68,60000.0,42500.0,72500.0,72.25,66.67,879.26,27315.28,10.53,36.84,2
Mumbai,Lal Bahadur Shastri Nagar Dahisar West,1,50000.0,50000.0,50000.0,50000.0,66.67,66.67,750.0,,0.0,0.0,3
Mumbai,Lal Bahadur Shastri Road,4,46750.0,51500.0,43250.0,55000.0,63.22,65.57,763.75,12284.81,25.0,0.0,2
Mumbai,Lal Baug,1,18000.0,18000.0,18000.0,18000.0,60.0,60.0,300.0,,100.0,0.0,1
Mumbai,Lalbaug Sion,1,50000.0,50000.0,50000.0,50000.0,129.87,129.87,385.0,,100.0,0.0,1
Mumbai,Lbs Road,1,42000.0,42000.0,42000.0,42000.0,56.15,56.15,748.0,,0.0,100.0,2
Mumbai,Liberty Garden,1,50000.0,50000.0,50000.0,50000.0,72.46,72.46,690.0,,0.0,0.0,2
Mumbai,Lic Colony Borivali West,1,60000.0,60000.0,60000.0,60000.0,60.0,60.0,1000.0,,0.0,100.0,3
Mumbai,Lic Colony Vile Parle West,1,120000.0,120000.0,120000.0,120000.0,114.29,114.29,1050.0,,0.0,100.0,2
Mumbai,Linking Road,1,130000.0,130000.0,130000.0,130000.0,162.5,162.5,800.0,,0.0,0.0,2
Mumbai,Lokhandwala Complex Andheri West,11,122845.45,120000.0,63500.0,140000.0,120.4,109.09,950.27,96536.22,45.45,27.27,2
Mumbai,Lokhandwala Township Kandivali East,5,32900.0,35000.0,34000.0,35000.0,60.48,63.75,593.4,4159.33,0.0,80.0,1
Mumbai,Lower Parel,12,170333.33,127500.0,49750.0,270000.0,132.05,139.88,1176.08,146038.19,25.0,33.33,1
Mumbai,Madh,1,35000.0,35000.0,35000.0,35000.0,70.71,70.71,495.0,,100.0,0.0,1
Mumbai,Magathane,5,83400.0,75000.0,65000.0,82000.0,77.11,72.22,1087.2,27024.06,0.0,60.0,3
Mumbai,Mahalakshmi,10,209200.0,195000.0,45000.0,347500.0,133.87,126.67,1280.7,181930.27,20.0,60.0,3
Mumbai,Mahavir Nagar Kandivali West,5,53800.0,52000.0,45000.0,60000.0,76.64,78.08,708.0,17894.13,40.0,20.0,2
Mumbai,Mahim,5,92300.0,54000.0,50000.0,90000.0,103.3,100.0,831.0,79413.16,20.0,40.0,1
Mumbai,Mahim United Industrial Estate,1,75000.0,75000.0,75000.0,75000.0,127.77,127.77,587.0,,100.0,0.0,2
Mumbai,Mahim West,4,45500.0,50000.0,40000.0,55500.0,114.03,114.32,412.5,14640.13,25.0,25.0,1
Mumbai,Malabar Hill,2,165000.0,165000.0,147500.0,182500.0,149.73,149.73,1107.5,49497.47,50.0,50.0,3
Mumbai,Malad East,31,61193.55,45000.0,32500.0,81500.0,79.44,76.0,834.61,40539.22,22.58,58.06,1
Mumbai,Malad West,39,54833.33,47000.0,31000.0,69500.0,70.78,68.49,751.9,33569.32,17.95,28.21,2
Mumbai,Mandvi,2,20000.0,20000.0,17500.0,22500.0,72.73,72.73,350.0,7071.07,0.0,50.0,1
Mumbai,Manish Nagar,2,35000.0,35000.0,22500.0,47500.0,66.59,66.59,482.5,35355.34,50.0,0.0,1
Mumbai,Mankhurd,2,47000.0,47000.0,30500.0,63500.0,62.56,62.56,1472.5,46669.05,50.0,0.0,1
Mumbai,Marol,6,104499.83,67499.5,61250.0,107499.75,98.33,94.92,990.67,85167.56,33.33,33.33,2
Mumbai,Marve Road,1,30000.0,30000.0,30000.0,30000.0,63.97,63.97,469.0,,0.0,0.0,1
Mumbai,Masjid Bandar,1,45000.0,45000.0,45000.0,45000.0,40.91,40.91,1100.0,,0.0,0.0,3
Mumbai,Masjid Bandar West,1,40000.0,40000.0,40000.0,40000.0,108.11,108.11,370.0,,0.0,100.0,1
Mumbai,Matunga,5,75400.0,65000.0,25000.0,90000.0,110.25,105.88,592.2,71890.89,0.0,60.0,1
Mumbai,Matunga East,4,82500.0,82500.0,68750.0,96250.0,180.92,143.66,496.75,17559.42,25.0,50.0,1
Mumbai,Matunga West,8,88750.0,92500.0,60000.0,115000.0,120.26,129.96,735.62,46502.69,62.5,0.0,1
Mumbai,Mazgaon,1,40000.0,40000.0,40000.0,40000.0,102.56,102.56,390.0,,0.0,100.0,1
Mumbai,Mbh Colony,1,63000.0,63000.0,63000.0,63000.0,64.29,64.29,980.0,,100.0,0.0,2
Mumbai,Mhada Colony Mulund East,1,25000.0,25000.0,25000.0,25000.0,59.52,59.52,420.0,,0.0,100.0,1
Mumbai,Mindspace,1,100000.0,100000.0,100000.0,100000.0,119.9,119.9,834.0,,100.0,0.0,2
Mumbai,Mira Bhayandar,1,16000.0,16000.0,16000.0,16000.0,24.62,24.62,650.0,,0.0,100.0,2
Mumbai,Mira Road,44,28277.27,21500.0,16875.0,27250.0,39.49,34.17,676.09,35819.92,15.91,40.91,1
Mumbai,Model Town Andheri West,1,55000.0,55000.0,55000.0,55000.0,91.67,91.67,600.0,,0.0,0.0,2
Mumbai,Mr Society,1,22000.0,22000.0,22000.0,22000.0,29.33,29.33,750.0,,0.0,100.0,3
Mumbai,Mulund,4,43375.0,44250.0,36250.0,51375.0,53.72,52.66,861.5,14738.7,50.0,25.0,2
Mumbai,Mulund East,10,37100.0,45000.0,32000.0,46500.0,58.67,62.26,606.5,14654.92,0.0,40.0,2
Mumbai,Mulund West,48,69260.42,56500.0,31500.0,84625.0,70.54,67.45,915.77,46417.28,20.83,41.67,3
Mumbai,Mumbai Central,2,86500.0,86500.0,54750.0,118250.0,85.2,85.2,859.0,89802.56,50.0,0.0,1
Mumbai,Mumbai Cst Area,1,150000.0,150000.0,150000.0,150000.0,150.0,150.0,1000.0,,0.0,100.0,4
Mumbai,Muranjan Wadi,1,25000.0,25000.0,25000.0,25000.0,45.45,45.45,550.0,,0.0,100.0,1
Mumbai,Mysore Colony,1,25000.0,25000.0,25000.0,25000.0,53.19,53.19,470.0,,0.0,100.0,1
Mumbai,Nagpada,2,50000.0,50000.0,47500.0,52500.0,99.49,99.49,524.0,7071.07,0.0,0.0,1
Mumbai,Nahar Nagar,1,57000.0,57000.0,57000.0,57000.0,85.71,85.71,665.0,,0.0,0.0,2
Mumbai,Nahur East,1,20000.0,20000.0,20000.0,20000.0,34.48,34.48,580.0,,0.0,100.0,1
Mumbai,Naidu Colony,1,40000.0,40000.0,40000.0,40000.0,78.28,78.28,511.0,,0.0,0.0,2
Mumbai,Naigaon East,20,14955.0,13750.0,11750.0,16250.0,25.83,26.91,646.55,7458.2,15.0,20.0,1
Mumbai,Naigaon East Vasai Link Road,1,15000.0,15000.0,15000.0,15000.0,25.0,25.0,600.0,,0.0,100.0,2
Mumbai,Naigaon Palghar,3,7000.0,7000.0,6000.0,8000.0,14.72,14.75,476.67,2000.0,0.0,0.0,1
Mumbai,Naigaon West,1,12000.0,12000.0,12000.0,12000.0,10.91,10.91,1100.0,,0.0,0.0,2
Mumbai,Nala Sopara,5,7900.0,8000.0,4000.0,10000.0,13.58,12.68,642.6,4068.17,20.0,0.0,1
Mumbai,Nalasopara East,3,14333.33,16000.0,12500.0,17000.0,19.92,16.0,773.67,4725.82,33.33,33.33,2
Mumbai,Nalasopara West,2,6750.0,6750.0,5875.0,7625.0,11.39,11.39,585.5,2474.87,0.0,0.0,1
Mumbai,Napean Sea Road,1,700000.0,700000.0,700000.0,700000.0,200.0,200.0,3500.0,,0.0,100.0,4
Mumbai,Navagaon,1,17000.0,17000.0,17000.0,17000.0,50.0,50.0,340.0,,0.0,100.0,1
Mumbai,Navghar Mulund East,1,80000.0,80000.0,80000.0,80000.0,72.73,72.73,1100.0,,0.0,0.0,3
Mumbai,Neelam Nagar,1,65000.0,65000.0,65000.0,65000.0,52.0,52.0,1250.0,,100.0,0.0,3
Mumbai,Nehru Nagar Airport Area,1,40000.0,40000.0,40000.0,40000.0,84.21,84.21,475.0,,0.0,100.0,1
Mumbai,Nerul,1,55000.0,55000.0,55000.0,55000.0,40.74,40.74,1350.0,,0.0,100.0,3
Mumbai,New Golden Nest Road,1,24000.0,24000.0,24000.0,24000.0,32.0,32.0,750.0,,0.0,0.0,2
Mumbai,Nityanand Nagar Ghatkopar West,1,110000.0,110000.0,110000.0,110000.0,129.41,129.41,850.0,,100.0,0.0,3
Mumbai,Old Ferry Road,1,7000.0,7000.0,7000.0,7000.0,28.0,28.0,250.0,,0.0,0.0,1
Mumbai,Orlem,1,43000.0,43000.0,43000.0,43000.0,66.67,66.67,645.0,,0.0,0.0,2
Mumbai,Oshiwara,5,61000.0,55000.0,10000.0,60000.0,71.01,78.57,690.0,65421.71,40.0,20.0,1
Mumbai,Padmavati Nagar Bhayandar West,1,25000.0,25000.0,25000.0,25000.0,35.51,35.51,704.0,,0.0,100.0,2
Mumbai,Pali Hill,3,155000.0,140000.0,107500.0,195000.0,147.86,140.0,1000.0,88459.03,33.33,33.33,2
Mumbai,Pali Naka,2,240000.0,240000.0,160000.0,320000.0,178.33,178.33,1175.0,226274.17,50.0,50.0,2
Mumbai,Pant Nagar,5,42200.0,40000.0,36000.0,45000.0,79.34,87.15,607.6,10059.82,0.0,60.0,1
Mumbai,Parekh Nagar Kandivali West,1,55000.0,55000.0,55000.0,55000.0,73.33,73.33,750.0,,100.0,0.0,2
Mumbai,Parel,24,114791.67,120000.0,57500.0,160000.0,133.13,126.33,847.42,66162.5,33.33,37.5,2
Mumbai,Parel Village,1,52000.0,52000.0,52000.0,52000.0,115.56,115.56,450.0,,0.0,100.0,1
Mumbai,Park Road,1,130000.0,130000.0,130000.0,130000.0,157.19,157.19,827.0,,0.0,0.0,3
Mumbai,Parshiwada,1,160000.0,160000.0,160000.0,160000.0,79.01,79.01,2025.0,,0.0,0.0,1
Mumbai,Pathanwadi,1,100000.0,100000.0,100000.0,100000.0,118.2,118.2,846.0,,0.0,100.0,3
Mumbai,Pedder Road,2,147500.0,147500.0,106250.0,188750.0,150.0,150.0,900.0,116672.62,100.0,0.0,1
Mumbai,Perry Road,2,160000.0,160000.0,160000.0,160000.0,164.0,164.0,1025.0,0.0,0.0,100.0,2
Mumbai,Pirojshanagar,1,200000.0,200000.0,200000.0,200000.0,143.16,143.16,1397.0,,100.0,0.0,4
Mumbai,Poonam Nagar Jogeshwari East,6,25000.0,23000.0,17250.0,28750.0,76.13,80.86,358.5,10601.89,50.0,33.33,1
Mumbai,Powai,46,85433.7,71000.0,45500.0,93750.0,104.09,100.0,835.15,61873.33,30.43,45.65,2
Mumbai,Prabhadevi,26,443961.54,280000.0,142500.0,550000.0,191.04,191.79,2009.46,531283.61,23.08,42.31,4
Mumbai,Premier Residencies,1,70000.0,70000.0,70000.0,70000.0,80.09,80.09,874.0,,0.0,0.0,2
Mumbai,Raheja Township,1,35000.0,35000.0,35000.0,35000.0,72.16,72.16,485.0,,100.0,0.0,1
Mumbai,Raheja Vihar,1,82000.0,82000.0,82000.0,82000.0,99.03,99.03,828.0,,100.0,0.0,2
Mumbai,Raje Sambhaji Nagar,1,20000.0,20000.0,20000.0,20000.0,80.0,80.0,250.0,,0.0,100.0,1
Mumbai,Rajendra Nagar,5,105000.0,95000.0,85000.0,110000.0,97.58,88.54,1074.8,27156.95,20.0,20.0,3
Mumbai,Rajiv Gandhi Nagar Bhandup West,1,54000.0,54000.0,54000.0,54000.0,51.43,51.43,1050.0,,0.0,100.0,3
Mumbai,Rambaug Powai,1,150000.0,150000.0,150000.0,150000.0,144.23,144.23,1040.0,,0.0,0.0,3
Mumbai,Ramgad Nagar Mulund West,1,19000.0,19000.0,19000.0,19000.0,47.5,47.5,400.0,,0.0,0.0,1
Mumbai,Riddhi Gardens,1,90000.0,90000.0,90000.0,90000.0,104.65,104.65,860.0,,0.0,100.0,3
Mumbai,Royal Palms Estate,2,25500.0,25500.0,21750.0,29250.0,34.29,34.29,785.0,10606.6,100.0,0.0,1
Mumbai,Saibaba Nagar Borivali West,1,45000.0,45000.0,45000.0,45000.0,53.96,53.96,834.0,,0.0,100.0,2
Mumbai,Saint Thomas Church Road,1,5500.0,5500.0,5500.0,5500.0,12.22,12.22,450.0,,0.0,0.0,1
Mumbai,Saki Naka,5,49200.0,46000.0,45000.0,65000.0,73.84,77.59,649.4,24953.96,20.0,0.0,2
Mumbai,Samata Nagar Thakur Village,2,38500.0,38500.0,37750.0,39250.0,70.62,70.62,545.0,2121.32,100.0,0.0,2
Mumbai,Sambhaji Nagar Mulund West,1,95000.0,95000.0,95000.0,95000.0,84.29,84.29,1127.0,,0.0,0.0,3
Mumbai,Sangharsh Nagar,1,11000.0,11000.0,11000.0,11000.0,36.67,36.67,300.0,,0.0,0.0,1
Mumbai,Santacruz,2,184000.0,184000.0,136000.0,232000.0,181.2,181.2,945.0,135764.5,0.0,100.0,2
Mumbai,Santacruz East,9,75611.11,85000.0,36000.0,100000.0,82.33,80.95,828.44,60122.68,11.11,33.33,1
Mumbai,Santacruz West,20,147750.0,77500.0,60000.0,152500.0,123.79,119.7,1056.95,175708.45,35.0,40.0,2
Mumbai,Sayani Road,1,150000.0,150000.0,150000.0,150000.0,178.57,178.57,840.0,,100.0,0.0,3
Mumbai,Sector 1 Charkop,1,19000.0,19000.0,19000.0,19000.0,27.14,27.14,700.0,,0.0,100.0,1
Mumbai,Sector 2 Charkop,1,26000.0,26000.0,26000.0,26000.0,48.15,48.15,540.0,,0.0,100.0,1
Mumbai,Sector 8 Charkop,2,25000.0,25000.0,25000.0,25000.0,41.67,41.67,800.0,0.0,0.0,50.0,1
Mumbai,Sector 9 Charkop,1,26000.0,26000.0,26000.0,26000.0,61.18,61.18,425.0,,0.0,100.0,1
Mumbai,Seven Bungalows,3,85000.0,70000.0,62500.0,100000.0,123.48,103.77,676.67,39686.27,33.33,0.0,2
Mumbai,Sewri,6,132833.33,135000.0,97500.0,172500.0,124.64,121.31,1085.17,44409.08,16.67,66.67,2
Mumbai,Shanti Park,1,12000.0,12000.0,12000.0,12000.0,24.0,24.0,500.0,,0.0,0.0,1
Mumbai,Shantivan,1,18000.0,18000.0,18000.0,18000.0,32.73,32.73,550.0,,0.0,0.0,1
Mumbai,Shastri Nagar Andheri West,2,81000.0,81000.0,79000.0,83000.0,105.13,105.13,770.0,5656.85,100.0,0.0,2
Mumbai,Shastri Nagar Mitha Nagar,1,35000.0,35000.0,35000.0,35000.0,83.33,83.33,420.0,,0.0,0.0,1
Mumbai,Shell Colony,1,70000.0,70000.0,70000.0,70000.0,70.0,70.0,1000.0,,0.0,100.0,2
Mumbai,Shitladevi Chawl,1,120000.0,120000.0,120000.0,120000.0,114.29,114.29,1050.0,,0.0,100.0,3
Mumbai,Shiv Kutir,1,180000.0,180000.0,180000.0,180000.0,211.76,211.76,850.0,,0.0,100.0,2
Mumbai,Shivaji Nagar - Aarey Milk Colony,1,4000.0,4000.0,4000.0,4000.0,40.0,40.0,100.0,,0.0,0.0,1
Mumbai,Shivaji Park,3,151666.67,180000.0,137500.0,180000.0,143.59,144.0,1060.0,49074.77,66.67,33.33,2
Mumbai,Siddharth Nagar Goregaon West,3,89054.67,90164.0,86082.0,92582.0,83.52,83.95,1076.33,6570.61,33.33,33.33,3
Mumbai,Sindhi Colony Sion,1,160000.0,160000.0,160000.0,160000.0,80.0,80.0,2000.0,,100.0,0.0,5
Mumbai,Sion,7,72929.57,42000.0,35753.5,97500.0,80.88,92.86,851.71,59350.14,42.86,28.57,1
Mumbai,Sion Chunabhatti,1,45000.0,45000.0,45000.0,45000.0,64.29,64.29,700.0,,0.0,100.0,2
Mumbai,Sion Hospital Colony,2,44000.0,44000.0,42000.0,46000.0,62.69,62.69,705.0,5656.85,0.0,50.0,1
Mumbai,Subhash Nagar Bhandup West,1,28000.0,28000.0,28000.0,28000.0,67.47,67.47,415.0,,0.0,100.0,1
Mumbai,Subhash Road,1,25000.0,25000.0,25000.0,25000.0,38.46,38.46,650.0,,0.0,100.0,1
Mumbai,Sunder Nagar Malad West,1,70000.0,70000.0,70000.0,70000.0,73.68,73.68,950.0,,0.0,0.0,3
Mumbai,Swastik Park,1,35000.0,35000.0,35000.0,35000.0,48.61,48.61,720.0,,0.0,0.0,2
Mumbai,Tagore Nagar,3,38333.33,40000.0,32500.0,45000.0,62.81,56.34,631.33,12583.06,0.0,33.33,2
Mumbai,Tardeo,3,61666.67,75000.0,47500.0,82500.0,75.13,70.48,809.0,36855.57,0.0,0.0,2
Mumbai,Tarun Bharat Society,1,36000.0,36000.0,36000.0,36000.0,49.66,49.66,725.0,,0.0,0.0,2
Mumbai,Teachers Colony,1,90000.0,90000.0,90000.0,90000.0,110.43,110.43,815.0,,0.0,0.0,2
Mumbai,Teen Batti,1,130000.0,130000.0,130000.0,130000.0,173.33,173.33,750.0,,0.0,100.0,2
Mumbai,Thakur Complex,7,40571.43,42000.0,32500.0,45000.0,60.51,60.0,728.57,11148.35,14.29,28.57,2
Mumbai,Thakur Village,14,79285.71,70000.0,65000.0,79750.0,80.34,78.02,964.43,45275.95,28.57,42.86,2
Mumbai,Tilak Nagar Chembur,4,57500.0,62500.0,48750.0,71250.0,76.91,82.21,760.0,20207.26,25.0,0.0,3
Mumbai,Tilak Nagar Goregaon West,1,52000.0,52000.0,52000.0,52000.0,66.67,66.67,780.0,,0.0,100.0,2
Mumbai,Tilak Nagar Sewri,1,29000.0,29000.0,29000.0,29000.0,67.44,67.44,430.0,,100.0,0.0,1
Mumbai,Tivri,1,17000.0,17000.0,17000.0,17000.0,29.82,29.82,570.0,,0.0,0.0,2
Mumbai,Ulhasnagar,3,4333.33,4000.0,3750.0,4750.0,18.19,18.33,292.67,1040.83,0.0,0.0,1
Mumbai,Union Park,5,176000.0,200000.0,140000.0,200000.0,103.18,100.0,1685.0,75033.33,0.0,60.0,4
Mumbai,Unnat Nagar Goregaon West,1,34000.0,34000.0,34000.0,34000.0,70.83,70.83,480.0,,0.0,100.0,1
Mumbai,Upper Worli,1,530000.0,530000.0,530000.0,530000.0,311.03,311.03,1704.0,,100.0,0.0,3
Mumbai,Utkarsh Nagar,1,26000.0,26000.0,26000.0,26000.0,80.5,80.5,323.0,,0.0,100.0,1
Mumbai,Vardhman Nagar,1,65000.0,65000.0,65000.0,65000.0,75.14,75.14,865.0,,0.0,100.0,3
Mumbai,Vasai,2,27500.0,27500.0,26250.0,28750.0,42.65,42.65,675.0,3535.53,50.0,50.0,1
Mumbai,Vasai East,3,11000.0,10000.0,9000.0,12500.0,28.12,33.33,447.0,3605.55,33.33,66.67,1
Mumbai,Vasai West,4,12250.0,11500.0,10750.0,13000.0,21.73,20.84,577.25,2629.96,25.0,50.0,1
Mumbai,Vazira Naka Borivali West,1,32000.0,32000.0,32000.0,32000.0,33.68,33.68,950.0,,0.0,0.0,2
Mumbai,Veera Desai Industrial Estate,2,115000.0,115000.0,102500.0,127500.0,101.22,101.22,1150.0,35355.34,100.0,0.0,3
Mumbai,Versova,3,308666.67,160000.0,113000.0,430000.0,189.12,123.08,1333.33,342148.12,33.33,66.67,2
Mumbai,Vikhroli East,15,85100.0,45000.0,33000.0,125000.0,96.78,94.74,760.2,80273.24,26.67,26.67,1
Mumbai,Vikhroli Village,1,15000.0,15000.0,15000.0,15000.0,57.69,57.69,260.0,,0.0,0.0,1
Mumbai,Vikhroli West,6,48700.0,56100.0,37000.0,57800.0,66.96,71.25,767.5,15130.76,16.67,50.0,2
Mumbai,Vile Parle,1,55000.0,55000.0,55000.0,55000.0,183.33,183.33,300.0,,100.0,0.0,1
Mumbai,Vile Parle East,15,101400.0,96000.0,72500.0,130000.0,108.45,106.67,928.4,37332.1,6.67,20.0,2
Mumbai,Vile Parle West,13,118846.15,90000.0,60000.0,130000.0,113.82,114.58,966.92,97021.34,38.46,46.15,2
Mumbai,Virar,13,12730.77,9000.0,8000.0,13000.0,18.82,14.47,670.54,8179.28,7.69,23.08,1
Mumbai,Virar East,3,11000.0,10000.0,9000.0,12500.0,20.1,18.52,538.33,3605.55,0.0,66.67,1
Mumbai,Virar West,16,11531.25,11500.0,8250.0,15000.0,23.19,22.53,530.12,3960.09,0.0,50.0,1
Mumbai,Wadala,21,135238.1,82000.0,65000.0,180000.0,122.47,136.13,1007.86,106421.29,14.29,38.1,2
Mumbai,Wadala East,15,95133.33,80000.0,72500.0,135000.0,121.52,115.9,822.07,45254.62,20.0,60.0,2
Mumbai,Wadala West,3,123333.33,160000.0,100000.0,165000.0,102.9,100.59,1190.0,72341.78,0.0,66.67,3
Mumbai,Walkeshwar,2,75000.0,75000.0,75000.0,75000.0,141.96,141.96,530.0,0.0,100.0,0.0,1
Mumbai,Western Express Highway,1,220000.0,220000.0,220000.0,220000.0,265.06,265.06,830.0,,0.0,0.0,3
Mumbai,Worli,39,409410.26,300000.0,170000.0,490000.0,226.45,213.0,1560.15,382190.89,23.08,46.15,4
Mumbai,Worli Hill Road,1,80000.0,80000.0,80000.0,80000.0,123.08,123.08,650.0,,0.0,100.0,1
Mumbai,Worli Naka,2,240000.0,240000.0,210000.0,270000.0,162.46,162.46,1480.0,84852.81,50.0,50.0,3
Mumbai,Worli Sea Face,1,350000.0,350000.0,350000.0,350000.0,194.44,194.44,1800.0,,100.0,0.0,3
Mumbai,Yamuna Nagar Andheri West,1,55000.0,55000.0,55000.0,55000.0,122.22,122.22,450.0,,100.0,0.0,1
Mumbai,Yari Road,1,85000.0,85000.0,85000.0,85000.0,100.0,100.0,850.0,,0.0,0.0,3
Mumbai,Yogi Nagar,2,57500.0,57500.0,46250.0,68750.0,58.57,58.57,962.5,31819.81,50.0,50.0,2
Pune,Adarsh Colony Tingre Nagar,1,30000.0,30000.0,30000.0,30000.0,26.09,26.09,1150.0,,0.0,0.0,3
Pune,Adarsh Nagar Lohegaon,1,4500.0,4500.0,4500.0,4500.0,15.0,15.0,300.0,,0.0,0.0,1
Pune,Aga Nagar,1,5000.0,5000.0,5000.0,5000.0,12.5,12.5,400.0,,100.0,0.0,1
Pune,Agarkar Nagar,1,5500.0,5500.0,5500.0,5500.0,7.75,7.75,710.0,,100.0,0.0,2
Pune,Air Force Area,1,32000.0,32000.0,32000.0,32000.0,23.56,23.56,1358.0,,100.0,0.0,2
Pune,Airport Road,1,10000.0,10000.0,10000.0,10000.0,25.0,25.0,400.0,,0.0,0.0,1
Pune,Akurdi Chikhali Road,1,21000.0,21000.0,21000.0,21000.0,30.0,30.0,700.0,,100.0,0.0,2
Pune,Alandi,5,8300.0,7500.0,7000.0,8000.0,13.64,13.02,587.2,4055.86,0.0,0.0,1
Pune,Ambedkar Nagar Kondhwa,2,32500.0,32500.0,31250.0,33750.0,15.0,15.0,2195.0,3535.53,0.0,0.0,3
Pune,Ambegaon Pathar Road,3,7666.67,7000.0,6500.0,8500.0,11.67,10.77,690.33,2081.67,0.0,0.0,1
Pune,Anand Nagar,2,18000.0,18000.0,14000.0,22000.0,25.44,25.44,680.0,11313.71,0.0,0.0,1
Pune,Anand Nagar Chinchwad,2,46500.0,46500.0,45750.0,47250.0,44.29,44.29,1065.0,2121.32,50.0,50.0,2
Pune,Anand Park,1,12000.0,12000.0,12000.0,12000.0,28.24,28.24,425.0,,0.0,0.0,1
Pune,Aundh,20,89350.0,43000.0,22000.0,155000.0,44.53,40.0,1703.1,90599.33,25.0,35.0,3
Pune,Aundh Gaon,1,51000.0,51000.0,51000.0,51000.0,34.39,34.39,1483.0,,100.0,0.0,3
Pune,Awhalwadi Road,1,9500.0,9500.0,9500.0,9500.0,12.67,12.67,750.0,,0.0,0.0,1
Pune,Azad Nagar Wanowrie,1,8000.0,8000.0,8000.0,8000.0,16.0,16.0,500.0,,0.0,0.0,1
Pune,Balewadi,23,46473.91,35000.0,30000.0,46500.0,42.66,39.11,1048.43,30867.86,21.74,21.74,2
Pune,Balewadi Gaon,2,39000.0,39000.0,36000.0,42000.0,32.58,32.58,1209.0,8485.28,50.0,50.0,3
Pune,Balewadi Gaon Road,1,35000.0,35000.0,35000.0,35000.0,45.45,45.45,770.0,,0.0,100.0,2
Pune,Balkrishna Sakharam Dhole Patil Road,1,22000.0,22000.0,22000.0,22000.0,37.29,37.29,590.0,,0.0,0.0,1
Pune,Baner,43,78827.56,45000.0,35000.0,110000.0,48.45,43.8,1478.72,68790.41,30.23,48.84,3
Pune,Baner Aundh Road,1,35000.0,35000.0,35000.0,35000.0,35.0,35.0,1000.0,,100.0,0.0,2
Pune,Baner Gaon,1,30000.0,30000.0,30000.0,30000.0,32.43,32.43,925.0,,0.0,100.0,2
Pune,Baner Mahalunge Road,1,230000.0,230000.0,230000.0,230000.0,60.53,60.53,3800.0,,0.0,0.0,5
Pune,Baner Road,3,29000.0,32000.0,23500.0,36000.0,39.65,34.04,721.67,12767.15,0.0,100.0,2
Pune,Bavdhan,16,50656.25,36000.0,28375.0,45250.0,31.87,30.61,1498.25,45780.9,18.75,37.5,3
Pune,Bhageerath,2,33500.0,33500.0,29250.0,37750.0,31.0,31.0,1110.0,12020.82,50.0,50.0,2
Pune,Bhagwan Nagar,1,21000.0,21000.0,21000.0,21000.0,52.5,52.5,400.0,,0.0,0.0,1
Pune,Bhagwan Tatyasaheb Kawade Road,6,33166.67,31500.0,27000.0,34500.0,30.02,30.93,1137.5,9108.6,33.33,50.0,2
Pune,Bhaji Market Chandan Nagar,1,12000.0,12000.0,12000.0,12000.0,12.0,12.0,1000.0,,0.0,0.0,1
Pune,Bhandarkar Road,1,25000.0,25000.0,25000.0,25000.0,50.0,50.0,500.0,,100.0,0.0,1
Pune,Bhapkar Mala,1,7500.0,7500.0,7500.0,7500.0,18.75,18.75,400.0,,0.0,0.0,1
Pune,Bharati Vidyapeeth Campus,1,13000.0,13000.0,13000.0,13000.0,26.0,26.0,500.0,,0.0,0.0,1
Pune,Bhau Patil Road,1,25000.0,25000.0,25000.0,25000.0,33.97,33.97,736.0,,100.0,0.0,2
Pune,Bhavani Peth,1,16000.0,16000.0,16000.0,16000.0,29.09,29.09,550.0,,0.0,0.0,1
Pune,Bhosale Nagar,2,166000.0,166000.0,124000.0,208000.0,59.85,59.85,2627.5,118793.94,50.0,50.0,3
Pune,Bhosari,3,17666.67,17500.0,11500.0,23750.0,21.3,18.33,785.33,12250.85,0.0,0.0,2
Pune,Bhoslenagar Ashok Naga,3,54000.0,45000.0,43500.0,60000.0,39.25,37.75,1395.67,18248.29,66.67,0.0,3
Pune,Bhugaon,4,27000.0,27500.0,22000.0,32500.0,21.87,19.62,1251.25,11224.97,25.0,25.0,3
Pune,Bhujbal Vasti,1,35000.0,35000.0,35000.0,35000.0,29.17,29.17,1200.0,,100.0,0.0,2
Pune,Bhukum,4,15000.0,15000.0,10000.0,20000.0,24.47,22.5,611.0,5773.5,0.0,25.0,1
Pune,Bhumkar Nagar,1,30000.0,30000.0,30000.0,30000.0,36.54,36.54,821.0,,0.0,0.0,2
Pune,Bhusari Colony,2,28250.0,28250.0,25125.0,31375.0,31.27,31.27,893.0,8838.83,0.0,0.0,2
Pune,Bibvewadi Road,2,15500.0,15500.0,12250.0,18750.0,20.26,20.26,730.0,9192.39,0.0,0.0,1
Pune,Bibwewadi,13,24407.69,20000.0,12000.0,25000.0,27.92,24.14,791.15,24045.32,38.46,23.08,1
Pune,Blue Ridge Town Pune,1,25000.0,25000.0,25000.0,25000.0,55.56,55.56,450.0,,0.0,100.0,1
Pune,Boat Club Road,1,160000.0,160000.0,160000.0,160000.0,35.56,35.56,4500.0,,0.0,0.0,4
Pune,Bopodi,1,45000.0,45000.0,45000.0,45000.0,33.33,33.33,1350.0,,100.0,0.0,3
Pune,Bund Garden,2,250000.0,250000.0,200000.0,300000.0,76.41,76.41,3200.0,141421.36,100.0,0.0,4
Pune,Camp,2,21500.0,21500.0,20750.0,22250.0,38.72,38.72,555.0,2121.32,50.0,50.0,1
Pune,Chakan,12,13958.33,11500.0,8875.0,15125.0,16.88,14.96,884.42,9008.73,25.0,33.33,2
Pune,Chakan Nanekarwadi Pune Highway,1,14000.0,14000.0,14000.0,14000.0,9.33,9.33,1500.0,,0.0,0.0,2
Pune,Chandan Nagar,1,10000.0,10000.0,10000.0,10000.0,18.18,18.18,550.0,,0.0,0.0,1
Pune,Charholi Budruk,14,21178.57,21000.0,15250.0,27250.0,25.45,24.54,841.14,6809.52,7.14,42.86,2
Pune,Chaudhari Wasti,1,100000.0,100000.0,100000.0,100000.0,62.5,62.5,1600.0,,100.0,0.0,3
Pune,Chikhali,5,18800.0,18000.0,17000.0,21000.0,20.33,20.2,969.4,2588.44,40.0,40.0,2
Pune,Chikhali Road,1,13000.0,13000.0,13000.0,13000.0,28.89,28.89,450.0,,0.0,0.0,1
Pune,Chikhalwadi,1,18000.0,18000.0,18000.0,18000.0,20.69,20.69,870.0,,0.0,0.0,2
Pune,Chinchwad,8,21062.5,15250.0,14750.0,24500.0,25.89,24.92,796.25,10503.19,12.5,50.0,1
Pune,Chinchwad Gaon,1,16500.0,16500.0,16500.0,16500.0,23.57,23.57,700.0,,100.0,0.0,2
Pune,Chintamani Society Manjari Budruk,1,7000.0,7000.0,7000.0,7000.0,12.5,12.5,560.0,,0.0,100.0,1
Pune,Choudhary Park,2,28500.0,28500.0,25250.0,31750.0,34.17,34.17,830.0,9192.39,50.0,0.0,2
Pune,Clover Park,2,39500.0,39500.0,31750.0,47250.0,43.39,43.39,912.5,21920.31,50.0,50.0,1
Pune,Commerzone It Park,1,15000.0,15000.0,15000.0,15000.0,23.81,23.81,630.0,,0.0,0.0,1
Pune,Dahanukar A,1,28000.0,28000.0,28000.0,28000.0,29.47,29.47,950.0,,0.0,0.0,2
Pune,Dahanukar Colony,2,47500.0,47500.0,43750.0,51250.0,50.13,50.13,995.0,10606.6,0.0,50.0,2
Pune,Dange Chowk,5,15100.0,14500.0,9000.0,21000.0,22.76,18.12,737.2,6804.41,0.0,20.0,2
Pune,Dapodi,2,21000.0,21000.0,18000.0,24000.0,24.85,24.85,832.0,8485.28,0.0,50.0,2
Pune,Datta Mandir Road,1,15000.0,15000.0,15000.0,15000.0,25.86,25.86,580.0,,0.0,0.0,1
Pune,Datta Nagar,1,12000.0,12000.0,12000.0,12000.0,13.04,13.04,920.0,,0.0,0.0,1
Pune,Datta Nagar Thergaon,1,25000.0,25000.0,25000.0,25000.0,32.47,32.47,770.0,,0.0,100.0,2
Pune,Dattawadi,1,20000.0,20000.0,20000.0,20000.0,36.36,36.36,550.0,,0.0,100.0,1
Pune,Dattwadi,1,7000.0,7000.0,7000.0,7000.0,11.48,11.48,610.0,,0.0,0.0,1
Pune,Deccan Gymkhana,1,100000.0,100000.0,100000.0,100000.0,50.0,50.0,2000.0,,100.0,0.0,3
Pune,Dehu,1,5000.0,5000.0,5000.0,5000.0,14.29,14.29,350.0,,0.0,0.0,1
Pune,Dehu Phata,1,11000.0,11000.0,11000.0,11000.0,16.92,16.92,650.0,,0.0,100.0,1
Pune,Dehu Road,4,15125.0,15500.0,13625.0,17000.0,20.41,18.93,775.0,2250.0,50.0,25.0,1
Pune,Dhankawadi,4,9750.0,10000.0,9250.0,10500.0,21.39,21.11,462.5,2061.55,0.0,25.0,1
Pune,Dhanori,25,21660.0,23000.0,20000.0,26000.0,27.67,29.11,779.72,7898.73,16.0,44.0,2
Pune,Dhanori Lohegaon Road,5,13100.0,8000.0,7500.0,20000.0,18.29,17.5,702.2,7749.19,0.0,60.0,1
Pune,Dhanori Road,1,26500.0,26500.0,26500.0,26500.0,35.33,35.33,750.0,,0.0,100.0,2
Pune,Dhayari,11,10763.64,9900.0,7000.0,13500.0,18.28,17.5,599.09,5859.57,36.36,9.09,1
Pune,Dhayari Phata,1,26000.0,26000.0,26000.0,26000.0,30.59,30.59,850.0,,0.0,100.0,3
Pune,Dhayari Phata Road,2,16500.0,16500.0,15750.0,17250.0,17.53,17.53,943.0,2121.32,0.0,0.0,2
Pune,Dighi,8,13750.0,10000.0,8250.0,20500.0,18.31,17.14,757.75,8430.39,25.0,0.0,1
Pune,Dudulgaon,5,19100.0,20000.0,18000.0,20000.0,25.32,24.42,755.6,2459.67,0.0,0.0,3
Pune,Dutta Nagar,1,7000.0,7000.0,7000.0,7000.0,11.67,11.67,600.0,,0.0,100.0,1
Pune,Eklavya Colony,1,30000.0,30000.0,30000.0,30000.0,35.29,35.29,850.0,,0.0,100.0,2
Pune,Eon Free Zone,20,60850.0,51500.0,42000.0,80000.0,43.37,42.0,1399.85,25641.81,40.0,25.0,3
Pune,Erandwane,2,16000.0,16000.0,12500.0,19500.0,32.38,32.38,525.0,9899.49,50.0,50.0,1
Pune,Fatima Nagar,3,33333.33,36000.0,25000.0,43000.0,30.54,27.69,1050.0,18147.54,33.33,33.33,3
Pune,Gahunje,4,192500.0,140000.0,112500.0,220000.0,62.47,65.16,2825.0,162967.28,25.0,25.0,4
Pune,Gaikwad Vasti,1,15000.0,15000.0,15000.0,15000.0,20.0,20.0,750.0,,0.0,0.0,2
Pune,Ganesh Nagar,2,14500.0,14500.0,14250.0,14750.0,26.36,26.36,550.0,707.11,0.0,0.0,1
Pune,Ganesh Peth,1,25000.0,25000.0,25000.0,25000.0,20.83,20.83,1200.0,,0.0,100.0,2
Pune,Gangadham,1,18000.0,18000.0,18000.0,18000.0,21.18,21.18,850.0,,0.0,100.0,2
Pune,Garmal,1,16000.0,16000.0,16000.0,16000.0,23.53,23.53,680.0,,0.0,100.0,2
Pune,Ghorpadi,1,37000.0,37000.0,37000.0,37000.0,45.68,45.68,810.0,,100.0,0.0,2
Pune,Ghorpadi Road,1,35000.0,35000.0,35000.0,35000.0,46.05,46.05,760.0,,100.0,0.0,2
Pune,Godbole Vasti,1,5500.0,5500.0,5500.0,5500.0,12.79,12.79,430.0,,0.0,0.0,1
Pune,Gokhale Nagar,7,19571.43,17000.0,12500.0,23000.0,47.8,35.0,535.71,9589.18,28.57,28.57,1
Pune,Gokul Nagar Dhanori,1,18000.0,18000.0,18000.0,18000.0,17.14,17.14,1050.0,,0.0,0.0,2
Pune,Gokul Nagar Katraj,1,28000.0,28000.0,28000.0,28000.0,26.92,26.92,1040.0,,0.0,0.0,2
Pune,Grant Road,1,110000.0,110000.0,110000.0,110000.0,31.43,31.43,3500.0,,100.0,0.0,4
Pune,Guru Nanak Nagar,1,33000.0,33000.0,33000.0,33000.0,36.67,36.67,900.0,,100.0,0.0,2
Pune,Guruwar Peth,2,14500.0,14500.0,14000.0,15000.0,28.7,28.7,505.0,1414.21,0.0,100.0,1
Pune,Hadapsar,104,25679.16,20500.0,12000.0,34000.0,28.13,27.76,862.26,20466.34,20.19,36.54,1
Pune,Hadapsar Gaon,1,42000.0,42000.0,42000.0,42000.0,32.31,32.31,1300.0,,100.0,0.0,3
Pune,Hadapsar Industrial Estate,1,8500.0,8500.0,8500.0,8500.0,5.67,5.67,1500.0,,100.0,0.0,3
Pune,Hadapsar Road,1,11000.0,11000.0,11000.0,11000.0,18.64,18.64,590.0,,0.0,0.0,1
Pune,Handewadi,7,15357.14,15000.0,13000.0,17250.0,21.4,16.47,740.29,5528.07,0.0,57.14,2
Pune,Handewadi Road,5,18400.0,18000.0,16000.0,25000.0,25.37,28.57,706.0,8961.03,40.0,20.0,2
Pune,Hill  Dales,1,130000.0,130000.0,130000.0,130000.0,45.61,45.61,2850.0,,100.0,0.0,4
Pune,Hingane Mala,1,11000.0,11000.0,11000.0,11000.0,31.43,31.43,350.0,,0.0,0.0,1
Pune,Hingne Khurd,1,35000.0,35000.0,35000.0,35000.0,41.03,41.03,853.0,,0.0,100.0,2
Pune,Hinjawadi Wakad Road,3,25000.0,24000.0,23500.0,26000.0,36.98,37.14,684.67,2645.75,66.67,0.0,2
Pune,Hinjewadi,76,27546.05,25000.0,22000.0,30500.0,34.59,33.64,843.05,11007.63,26.32,34.21,2
Pune,Hinjewadi Phase 1,4,40000.0,38500.0,31000.0,47500.0,40.34,42.28,1066.0,12355.84,75.0,25.0,2
Pune,Hinjewadi Phase 2,2,28250.0,28250.0,26375.0,30125.0,42.85,42.85,678.5,5303.3,50.0,50.0,2
Pune,Hinjewadi Phase 3,11,29545.45,25000.0,25000.0,31000.0,35.16,33.33,853.82,7753.88,45.45,45.45,2
Pune,Hinjewadi Rajiv Gandhi Infotech Park,8,25250.0,23500.0,21000.0,28500.0,31.26,28.53,852.88,5284.75,37.5,12.5,2
Pune,Hinjewadi Village,2,22000.0,22000.0,18500.0,25500.0,25.39,25.39,875.0,9899.49,50.0,50.0,2
Pune,Jadhavwadi,1,15000.0,15000.0,15000.0,15000.0,15.0,15.0,1000.0,,0.0,100.0,2
Pune,Jai Prakash Nagar,1,15000.0,15000.0,15000.0,15000.0,15.0,15.0,1000.0,,0.0,100.0,1
Pune,Jasminium Society,1,45000.0,45000.0,45000.0,45000.0,36.0,36.0,1250.0,,0.0,0.0,3
Pune,Jhadavwadi Road,1,14500.0,14500.0,14500.0,14500.0,18.12,18.12,800.0,,0.0,100.0,2
Pune,Joggers Park,4,65000.0,72500.0,62500.0,75000.0,45.14,44.97,1493.75,16832.51,50.0,50.0,2
Pune,Kad Nagar,3,43833.33,32500.0,28250.0,53750.0,30.46,30.0,1450.0,27323.68,33.33,33.33,2
Pune,Kale Padal,1,5000.0,5000.0,5000.0,5000.0,5.0,5.0,1000.0,,0.0,100.0,1
Pune,Kalewadi,5,14800.0,14000.0,12000.0,15000.0,13.98,15.0,1066.0,6300.79,20.0,0.0,1
Pune,Kalewadi Phata,1,7500.0,7500.0,7500.0,7500.0,21.43,21.43,350.0,,0.0,0.0,1
Pune,Kalewadi Road,1,15000.0,15000.0,15000.0,15000.0,37.5,37.5,400.0,,0.0,0.0,1
Pune,Kalpataru Estate Road,1,20000.0,20000.0,20000.0,20000.0,40.0,40.0,500.0,,0.0,0.0,1
Pune,Kalubai Nagar,2,14000.0,14000.0,12000.0,16000.0,18.67,18.67,750.0,5656.85,0.0,0.0,2
Pune,Kalwad Wasti,1,12000.0,12000.0,12000.0,12000.0,9.23,9.23,1300.0,,0.0,0.0,2
Pune,Kalyani Nagar,21,117285.71,66000.0,55000.0,100000.0,57.6,48.21,1821.67,122011.94,33.33,33.33,3
Pune,Kamshet,1,16000.0,16000.0,16000.0,16000.0,33.33,33.33,480.0,,100.0,0.0,1
Pune,Kanhe,1,4000.0,4000.0,4000.0,4000.0,8.33,8.33,480.0,,0.0,0.0,1
Pune,Karve Nagar,12,23666.67,18500.0,15000.0,30500.0,33.27,29.17,726.25,11834.72,16.67,33.33,1
Pune,Kasba Peth,2,14000.0,14000.0,13500.0,14500.0,26.61,26.61,530.0,1414.21,0.0,0.0,1
Pune,Kaspate Vasti,4,26125.0,26000.0,24000.0,28125.0,35.31,32.5,775.0,2462.21,25.0,50.0,2
Pune,Katraj,16,16713.56,13500.0,10000.0,20729.25,18.43,17.5,930.69,8844.77,12.5,43.75,1
Pune,Katraj Kondhwa Road,8,11937.5,11250.0,7875.0,13500.0,19.58,16.67,606.0,6253.21,12.5,37.5,1
Pune,Kavde Nagar,1,20000.0,20000.0,20000.0,20000.0,20.0,20.0,1000.0,,0.0,100.0,2
Pune,Kendriya Vihar Road,1,22000.0,22000.0,22000.0,22000.0,22.0,22.0,1000.0,,0.0,0.0,3
Pune,Keshav Nagar,31,28000.0,28000.0,25000.0,35500.0,33.55,35.0,830.68,8933.08,16.13,41.94,2
Pune,Khadakwasla,2,9500.0,9500.0,8250.0,10750.0,12.0,12.0,850.0,3535.53,0.0,50.0,1
Pune,Khadki,2,20900.0,20900.0,19350.0,22450.0,17.95,17.95,1167.5,4384.06,50.0,0.0,2
Pune,Kharadi,96,44400.0,37000.0,24000.0,50500.0,38.5,37.47,1152.82,30596.3,27.08,36.46,2
Pune,Kharadi Gaon,1,40000.0,40000.0,40000.0,40000.0,49.44,49.44,809.0,,0.0,0.0,2
Pune,Kharadi South Main Road,1,40000.0,40000.0,40000.0,40000.0,45.98,45.98,870.0,,0.0,100.0,2
Pune,Kirkatwadi,3,9000.0,8000.0,7500.0,10000.0,13.19,14.58,693.33,2645.75,0.0,0.0,2
Pune,Kirti Nagar New Sanghavi,1,14000.0,14000.0,14000.0,14000.0,18.67,18.67,750.0,,0.0,0.0,1
Pune,Kiwale,8,25625.0,19000.0,17000.0,25000.0,22.08,24.68,1386.12,16115.1,12.5,25.0,2
Pune,Kondhwa,20,23175.0,19750.0,11125.0,32750.0,20.93,21.63,1077.95,15461.56,5.0,25.0,1
Pune,Kondhwa Budruk,4,15875.0,16500.0,11125.0,21250.0,17.47,17.5,917.5,8488.96,0.0,25.0,2
Pune,Koregaon Park,18,110583.33,58500.0,39750.0,80000.0,56.66,50.0,1788.06,128432.43,55.56,5.56,3
Pune,Koregaon Park Annexe,2,46500.0,46500.0,45750.0,47250.0,50.79,50.79,920.0,2121.32,50.0,50.0,2
Pune,Kothrud,11,22681.82,15000.0,7750.0,26000.0,32.06,33.85,672.73,21879.53,9.09,36.36,1
Pune,Kothrud Bus Stand Road,1,55000.0,55000.0,55000.0,55000.0,45.83,45.83,1200.0,,0.0,100.0,3
Pune,Krishna Nagar More Vasti,1,20000.0,20000.0,20000.0,20000.0,14.6,14.6,1370.0,,0.0,0.0,2
Pune,Krushna Nagar Chinchwad,1,12000.0,12000.0,12000.0,12000.0,19.35,19.35,620.0,,0.0,0.0,2
Pune,Kudje Khadakwasla Link Road,1,50000.0,50000.0,50000.0,50000.0,20.0,20.0,2500.0,,0.0,0.0,4
Pune,Kutwal Colony,1,30000.0,30000.0,30000.0,30000.0,35.38,35.38,848.0,,0.0,0.0,3
Pune,Landewadi,1,17800.0,17800.0,17800.0,17800.0,24.72,24.72,720.0,,100.0,0.0,2
Pune,Laxman Nagar Baner,3,76000.0,45000.0,39000.0,97500.0,46.51,34.54,1467.67,64366.14,0.0,66.67,3
Pune,Laxmi Colony Hadapsar,1,16000.0,16000.0,16000.0,16000.0,38.1,38.1,420.0,,0.0,100.0,1
Pune,Laxmi Nagar Balewadi,1,35000.0,35000.0,35000.0,35000.0,42.07,42.07,832.0,,0.0,0.0,2
Pune,Laxmi Nagar Dhanori,1,27000.0,27000.0,27000.0,27000.0,34.39,34.39,785.0,,100.0,0.0,2
Pune,Laxmi Road,1,12000.0,12000.0,12000.0,12000.0,34.29,34.29,350.0,,0.0,0.0,1
Pune,Lohegaon,35,16742.86,16500.0,8000.0,22500.0,21.99,18.18,802.43,9065.43,11.43,28.57,2
Pune,Lohegaon Wagholi Road,2,15500.0,15500.0,14250.0,16750.0,15.5,15.5,1000.0,3535.53,0.0,100.0,2
Pune,Lonavala,1,40000.0,40000.0,40000.0,40000.0,23.53,23.53,1700.0,,100.0,0.0,2
Pune,Loni Kalbhor,13,11307.69,8500.0,5500.0,14500.0,19.16,12.86,691.38,7880.72,23.08,15.38,2
Pune,Lonikand,2,23000.0,23000.0,14500.0,31500.0,13.33,13.33,1500.0,24041.63,0.0,50.0,1
Pune,Lulla Nagar,4,34750.0,40000.0,29750.0,45000.0,31.41,29.97,1095.0,14614.49,0.0,50.0,3
Pune,Madhav Nagar,1,30000.0,30000.0,30000.0,30000.0,32.26,32.26,930.0,,100.0,0.0,2
Pune,Madhuban Colony Old Sangvi,1,18000.0,18000.0,18000.0,18000.0,13.85,13.85,1300.0,,0.0,0.0,2
Pune,Magarpatta City,22,67761.59,46750.0,28000.0,78750.0,40.91,35.95,1582.5,54748.18,40.91,31.82,2
Pune,Mahadev Nagar Dhayari,1,21000.0,21000.0,21000.0,21000.0,10.5,10.5,2000.0,,100.0,0.0,3
Pune,Mahadev Wadi,1,22000.0,22000.0,22000.0,22000.0,34.92,34.92,630.0,,0.0,0.0,2
Pune,Mahalunge,15,27833.27,26000.0,24000.0,30000.0,36.34,35.99,777.73,9039.05,13.33,33.33,2
Pune,Malwadi,2,30000.0,30000.0,27500.0,32500.0,28.45,28.45,1047.5,7071.07,0.0,50.0,2
Pune,Mangaldas Road,1,36000.0,36000.0,36000.0,36000.0,34.29,34.29,1050.0,,0.0,100.0,2
Pune,Mangdewadi,2,5000.0,5000.0,5000.0,5000.0,11.81,11.81,425.0,0.0,0.0,0.0,1
Pune,Manik Baug,2,14000.0,14000.0,12000.0,16000.0,19.47,19.47,725.0,5656.85,50.0,50.0,1
Pune,Manjari Road,3,16500.0,18000.0,12750.0,21000.0,18.5,13.85,902.33,8351.65,33.33,33.33,2
Pune,Manjri,25,19636.0,19900.0,13000.0,23000.0,26.05,27.5,788.8,8179.49,20.0,20.0,2
Pune,Manjri Bk,4,11625.0,9000.0,7625.0,13000.0,15.23,13.91,737.5,7063.7,0.0,50.0,1
Pune,Manjri Budruk,10,11250.0,7500.0,6125.0,10875.0,15.84,13.32,644.0,8985.33,0.0,40.0,1
Pune,Market Yard,2,19250.0,19250.0,17125.0,21375.0,27.96,27.96,682.5,6010.41,0.0,50.0,1
Pune,Marunji,13,21923.08,23000.0,13000.0,29000.0,27.01,27.81,820.46,9277.76,7.69,15.38,1
Pune,Marunji Road,3,22833.33,17000.0,16750.0,26000.0,29.69,31.73,776.67,10539.61,0.0,33.33,1
Pune,Mate Nagar,1,20000.0,20000.0,20000.0,20000.0,25.0,25.0,800.0,,0.0,0.0,2
Pune,Mawal,1,16000.0,16000.0,16000.0,16000.0,32.0,32.0,500.0,,0.0,0.0,1
Pune,Meenakshipuram,1,16000.0,16000.0,16000.0,16000.0,13.33,13.33,1200.0,,0.0,0.0,3
Pune,Meeta Nagar,1,8700.0,8700.0,8700.0,8700.0,17.4,17.4,500.0,,0.0,0.0,1
Pune,Mls Colony,1,16000.0,16000.0,16000.0,16000.0,20.0,20.0,800.0,,0.0,100.0,2
Pune,Model Colony,7,46714.29,50000.0,37500.0,53500.0,47.43,50.0,1061.43,16449.06,0.0,71.43,1
Pune,Mohamadwadi Settlement,2,80000.0,80000.0,55000.0,105000.0,32.04,32.04,2475.0,70710.68,0.0,100.0,2
Pune,Mohammed Wadi,5,19200.0,18000.0,17000.0,22000.0,24.36,23.15,843.2,4324.35,20.0,60.0,2
Pune,Mohan Nagar,1,30000.0,30000.0,30000.0,30000.0,53.57,53.57,560.0,,0.0,100.0,1
Pune,Mohan Nagar Co Operative Society,1,32000.0,32000.0,32000.0,32000.0,35.56,35.56,900.0,,0.0,0.0,2
Pune,Morevasti,1,6000.0,6000.0,6000.0,6000.0,12.0,12.0,500.0,,0.0,0.0,1
Pune,Moshi,16,18625.0,14750.0,12750.0,25000.0,20.18,19.82,939.62,7625.61,0.0,43.75,3
Pune,Moshi High Street,1,15000.0,15000.0,15000.0,15000.0,37.5,37.5,400.0,,0.0,0.0,1
Pune,Mundhwa,13,24153.85,20000.0,14000.0,30000.0,64.25,29.07,818.69,15279.87,30.77,38.46,2
Pune,Mundhwa Manjari Road,1,7500.0,7500.0,7500.0,7500.0,12.4,12.4,605.0,,0.0,0.0,1
Pune,Nana Peth,1,20000.0,20000.0,20000.0,20000.0,26.67,26.67,750.0,,0.0,100.0,2
Pune,Nanded,2,21500.0,21500.0,17250.0,25750.0,29.2,29.2,723.0,12020.82,50.0,0.0,1
Pune,Narhe,12,11958.33,8250.0,6750.0,15000.0,16.59,16.25,699.17,8768.38,16.67,8.33,1
Pune,Near Optima Heights,1,20000.0,20000.0,20000.0,20000.0,22.73,22.73,880.0,,0.0,0.0,2
Pune,New Sangvi,2,9000.0,9000.0,8500.0,9500.0,19.91,19.91,470.0,1414.21,0.0,0.0,1
Pune,Nibm Annexe,5,28550.0,29000.0,26750.0,29500.0,30.48,29.72,946.0,2852.63,0.0,40.0,2
Pune,Nibm Road,18,43638.83,39500.0,23375.0,58000.0,29.88,27.23,1439.39,24739.69,38.89,27.78,3
Pune,Nigdi,3,18333.33,15000.0,15000.0,20000.0,27.42,27.27,683.33,5773.5,0.0,66.67,1
Pune,Nimbalkar Nagar Lohegaon,2,18000.0,18000.0,13000.0,23000.0,20.0,20.0,840.0,14142.14,0.0,50.0,1
Pune,Nirgudi Road,1,8000.0,8000.0,8000.0,8000.0,10.0,10.0,800.0,,0.0,100.0,2
Pune,North Hadapsar,1,28000.0,28000.0,28000.0,28000.0,40.0,40.0,700.0,,0.0,100.0,2
Pune,Old Baner Balewadi Road,1,26000.0,26000.0,26000.0,26000.0,30.59,30.59,850.0,,0.0,0.0,2
Pune,Old Sangvi,2,10500.0,10500.0,9250.0,11750.0,20.27,20.27,525.0,3535.53,0.0,0.0,1
Pune,One North,2,140000.0,140000.0,140000.0,140000.0,46.42,46.42,3075.0,0.0,50.0,50.0,4
Pune,Pan Card Club Road,3,48333.33,55000.0,41500.0,58500.0,48.0,46.67,1027.67,17953.64,33.33,33.33,3
Pune,Parande Nagar,2,19500.0,19500.0,18250.0,20750.0,35.07,35.07,577.5,3535.53,0.0,0.0,1
Pune,Pashan,6,61166.67,41500.0,35750.0,67500.0,35.26,30.07,1664.17,41537.53,16.67,33.33,3
Pune,Pashan Sus Road,2,56000.0,56000.0,39000.0,73000.0,37.22,37.22,1350.0,48083.26,0.0,100.0,2
Pune,Pathare Wasti Road,1,8500.0,8500.0,8500.0,8500.0,13.08,13.08,650.0,,0.0,100.0,1
Pune,Patil Nagar,1,26500.0,26500.0,26500.0,26500.0,40.77,40.77,650.0,,0.0,0.0,2
Pune,Patil Nagar Balewadi,1,30000.0,30000.0,30000.0,30000.0,39.95,39.95,751.0,,0.0,0.0,2
Pune,Patilnagar Chikhali,1,13000.0,13000.0,13000.0,13000.0,15.82,15.82,822.0,,0.0,100.0,2
Pune,Patrakar Nagar,1,20000.0,20000.0,20000.0,20000.0,36.36,36.36,550.0,,0.0,0.0,1
Pune,Phadke Haud,1,25000.0,25000.0,25000.0,25000.0,33.33,33.33,750.0,,100.0,0.0,1
Pune,Phase 2 Hinjawadi,1,17000.0,17000.0,17000.0,17000.0,37.28,37.28,456.0,,0.0,100.0,1
Pune,Phase 2 Magarpatta,1,250000.0,250000.0,250000.0,250000.0,100.0,100.0,2500.0,,0.0,100.0,4
Pune,Phursungi,7,20285.71,22000.0,13250.0,27750.0,25.33,26.67,731.71,11246.69,28.57,14.29,2
Pune,Phursungi It Park,1,15000.0,15000.0,15000.0,15000.0,15.0,15.0,1000.0,,0.0,100.0,2
Pune,Pimple Gurav,7,20285.71,20000.0,12000.0,26500.0,22.87,22.86,871.43,10467.64,14.29,42.86,1
Pune,Pimple Nilakh,8,80750.0,34000.0,19000.0,97500.0,36.24,36.95,1888.75,97722.27,12.5,50.0,1
Pune,Pimple Saudagar,13,28884.62,27000.0,25000.0,35000.0,33.42,32.5,899.69,9314.31,23.08,46.15,2
Pune,Pimpri,3,24166.67,20000.0,17750.0,28500.0,24.53,26.67,983.33,11339.46,66.67,0.0,2
Pune,Pimpri Chinchwad,20,16965.0,15000.0,12375.0,21875.0,23.15,22.41,731.7,7030.48,10.0,50.0,2
Pune,Pirangut,9,11611.11,12000.0,10000.0,14000.0,15.33,14.12,786.44,2955.69,11.11,22.22,2
Pune,Pisoli,9,12333.33,13000.0,8500.0,15000.0,16.77,15.31,746.67,4789.31,11.11,22.22,2
Pune,Prabhat Road,2,60000.0,60000.0,52500.0,67500.0,58.12,58.12,1025.0,21213.2,50.0,0.0,2
Pune,Pratik Nagar Mohanwadi,1,17000.0,17000.0,17000.0,17000.0,16.19,16.19,1050.0,,0.0,0.0,1
Pune,Punawale,20,24000.0,23000.0,22000.0,25250.0,30.14,30.13,850.0,3324.55,25.0,30.0,2
Pune,Pune Solapur Highway,1,6500.0,6500.0,6500.0,6500.0,8.39,8.39,775.0,,0.0,0.0,1
Pune,Punvale Bazar,1,23000.0,23000.0,23000.0,23000.0,29.49,29.49,780.0,,0.0,100.0,2
Pune,Rahatani Gaon,1,45000.0,45000.0,45000.0,45000.0,30.0,30.0,1500.0,,100.0,0.0,3
Pune,Rahatni,12,28250.0,24250.0,16500.0,31500.0,28.19,28.25,959.75,21107.41,25.0,16.67,2
Pune,Rajas Society,1,18000.0,18000.0,18000.0,18000.0,21.18,21.18,850.0,,100.0,0.0,2
Pune,Rakshak Nagar,2,19000.0,19000.0,15500.0,22500.0,26.2,26.2,700.0,9899.49,0.0,0.0,1
Pune,Ram Nagar Baner,1,65000.0,65000.0,65000.0,65000.0,59.09,59.09,1100.0,,0.0,100.0,3
Pune,Ram Nagar Tathawade,1,19000.0,19000.0,19000.0,19000.0,38.0,38.0,500.0,,0.0,100.0,1
Pune,Raut Wadi Lavale,1,5000.0,5000.0,5000.0,5000.0,11.11,11.11,450.0,,0.0,0.0,1
Pune,Ravet,10,20050.0,19250.0,16000.0,22750.0,29.27,30.38,730.0,6849.37,30.0,30.0,2
Pune,Ravet Road,1,17000.0,17000.0,17000.0,17000.0,22.67,22.67,750.0,,0.0,0.0,1
Pune,Sadashiv Peth,1,15000.0,15000.0,15000.0,15000.0,26.32,26.32,570.0,,0.0,0.0,1
Pune,Sade Satra Nali,1,38000.0,38000.0,38000.0,38000.0,44.71,44.71,850.0,,100.0,0.0,2
Pune,Sainath Nagar Wadgaon Sheri,2,37500.0,37500.0,26250.0,48750.0,30.96,30.96,1235.0,31819.81,0.0,0.0,1
Pune,Sakal Nagar,3,38000.0,20000.0,17000.0,50000.0,30.75,39.02,1186.67,36496.58,0.0,66.67,1
Pune,Sakore Nagar,1,35000.0,35000.0,35000.0,35000.0,36.84,36.84,950.0,,0.0,100.0,2
Pune,Salisbury Park,1,14000.0,14000.0,14000.0,14000.0,25.93,25.93,540.0,,0.0,100.0,1
Pune,Salunkhe Vihar,2,18750.0,18750.0,16875.0,20625.0,23.78,23.78,787.5,5303.3,0.0,0.0,1
Pune,Sambhaji Nagar,1,9000.0,9000.0,9000.0,9000.0,16.36,16.36,550.0,,0.0,0.0,1
Pune,Sanaswadi,1,5000.0,5000.0,5000.0,5000.0,16.67,16.67,300.0,,0.0,0.0,2
Pune,Sanewadi,1,48000.0,48000.0,48000.0,48000.0,27.43,27.43,1750.0,,0.0,100.0,3
Pune,Sangvi,2,17000.0,17000.0,15500.0,18500.0,21.03,21.03,812.5,4242.64,0.0,50.0,1
Pune,Sanjay Park,1,14000.0,14000.0,14000.0,14000.0,23.33,23.33,600.0,,0.0,0.0,1
Pune,Sant Nagar,1,21000.0,21000.0,21000.0,21000.0,30.0,30.0,700.0,,100.0,0.0,1
Pune,Sant Nagar Lohegaon,1,13000.0,13000.0,13000.0,13000.0,23.38,23.38,556.0,,0.0,0.0,1
Pune,Santhosh Nagar,1,28000.0,28000.0,28000.0,28000.0,38.36,38.36,730.0,,0.0,100.0,2
Pune,Sarole,1,12500.0,12500.0,12500.0,12500.0,16.67,16.67,750.0,,0.0,0.0,2
Pune,Sasane Colony,1,25000.0,25000.0,25000.0,25000.0,30.19,30.19,828.0,,0.0,100.0,2
Pune,Sasane Nagar,1,20000.0,20000.0,20000.0,20000.0,28.57,28.57,700.0,,100.0,0.0,2
Pune,Saswad,2,16500.0,16500.0,12250.0,20750.0,21.98,21.98,700.0,12020.82,0.0,0.0,1
Pune,Saswad Road,1,13000.0,13000.0,13000.0,13000.0,10.83,10.83,1200.0,,0.0,100.0,2
Pune,Satara Road,1,55000.0,55000.0,55000.0,55000.0,24.44,24.44,2250.0,,0.0,100.0,3
Pune,Sector R3 Amanora Park Town,1,25000.0,25000.0,25000.0,25000.0,45.45,45.45,550.0,,0.0,0.0,1
Pune,Shankar Nagar,1,5000.0,5000.0,5000.0,5000.0,50.0,50.0,100.0,,0.0,0.0,1
Pune,Shankar Sheth Road,1,85000.0,85000.0,85000.0,85000.0,48.02,48.02,1770.0,,0.0,100.0,4
Pune,Shastrinagar,3,39000.0,40000.0,36000.0,42500.0,43.74,44.55,936.67,6557.44,66.67,33.33,1
Pune,Shikrapur,5,5300.0,6500.0,4000.0,6500.0,8.77,8.67,594.0,1955.76,0.0,40.0,1
Pune,Shinde Nagar Mulanagar,1,16000.0,16000.0,16000.0,16000.0,27.59,27.59,580.0,,0.0,0.0,1
Pune,Shirgaon,3,17000.0,14000.0,13000.0,19500.0,23.7,23.33,700.0,7000.0,0.0,0.0,2
Pune,Shirwal,2,18500.0,18500.0,15250.0,21750.0,20.76,20.76,882.5,9192.39,50.0,0.0,2
Pune,Shiva Nagar,1,45000.0,45000.0,45000.0,45000.0,45.0,45.0,1000.0,,0.0,0.0,2
Pune,Shivajinagar,4,76750.0,46000.0,38750.0,84000.0,53.38,51.0,1289.5,69202.0,0.0,25.0,2
Pune,Shivane,4,12000.0,9750.0,7250.0,14500.0,16.84,16.1,712.5,7082.84,25.0,25.0,1
Pune,Shree Siddhivinayak Meera,2,13750.0,13750.0,12125.0,15375.0,18.3,18.3,792.5,4596.19,0.0,100.0,2
Pune,Siddheshwar Nagar,2,30000.0,30000.0,27500.0,32500.0,36.88,36.88,830.5,7071.07,0.0,50.0,2
Pune,Sinhgad Road,14,18107.14,20000.0,12375.0,24250.0,21.54,18.5,850.5,8218.6,14.29,21.43,2
Pune,Somatne Phata,3,11666.67,10000.0,10000.0,12500.0,20.0,25.0,666.67,2886.75,0.0,33.33,1
Pune,Somnath Nagar,2,16000.0,16000.0,15500.0,16500.0,18.82,18.82,850.0,1414.21,0.0,50.0,2
Pune,Somwar Peth,2,23500.0,23500.0,18250.0,28750.0,30.0,30.0,750.0,14849.24,0.0,50.0,1
Pune,Sopan Baug Society,2,67500.0,67500.0,66250.0,68750.0,34.77,34.77,1997.5,3535.53,100.0,0.0,3
Pune,Spine Road,2,41500.0,41500.0,32250.0,50750.0,23.49,23.49,1850.0,26162.95,0.0,50.0,2
Pune,Sugaon,1,10000.0,10000.0,10000.0,10000.0,18.18,18.18,550.0,,0.0,0.0,1
Pune,Sukhsagar Nagar,3,9166.67,8500.0,7250.0,10750.0,14.57,15.45,616.67,3547.3,0.0,33.33,1
Pune,Sun City,1,35000.0,35000.0,35000.0,35000.0,23.33,23.33,1500.0,,0.0,0.0,3
Pune,Suryalok Nagari,1,12500.0,12500.0,12500.0,12500.0,16.89,16.89,740.0,,0.0,100.0,2
Pune,Sus,9,28111.11,21000.0,20000.0,25000.0,30.68,30.0,888.33,17744.33,22.22,44.44,2
Pune,Sutarwadi,1,20000.0,20000.0,20000.0,20000.0,28.57,28.57,700.0,,0.0,0.0,2
Pune,Swargate,1,5000.0,5000.0,5000.0,5000.0,12.5,12.5,400.0,,0.0,100.0,2
Pune,Talawade Road,1,14000.0,14000.0,14000.0,14000.0,14.46,14.46,968.0,,0.0,0.0,2
Pune,Talegaon Chakan Road,1,15000.0,15000.0,15000.0,15000.0,13.17,13.17,1139.0,,0.0,0.0,3
Pune,Talegaon Dabhade,5,13600.0,12000.0,8000.0,12000.0,18.58,17.14,730.0,9528.9,20.0,20.0,1
Pune,Talegaon Dabhade R,1,10000.0,10000.0,10000.0,10000.0,7.14,7.14,1400.0,,0.0,100.0,2
Pune,Tathawade,7,25785.71,25000.0,21500.0,31500.0,30.22,32.86,900.57,7347.66,0.0,42.86,2
Pune,Tathawade Road,1,28000.0,28000.0,28000.0,28000.0,28.0,28.0,1000.0,,0.0,100.0,2
Pune,Thergaon,8,21500.0,16500.0,12000.0,18500.0,29.86,31.0,675.62,19153.52,25.0,12.5,1
Pune,Thite Nagar,2,21000.0,21000.0,16500.0,25500.0,56.19,56.19,400.0,12727.92,50.0,0.0,1
Pune,Tilekar Nagar,5,15800.0,15000.0,6500.0,26000.0,18.65,20.0,773.0,10016.24,20.0,0.0,2
Pune,Tingre Nagar,6,17083.33,18250.0,10625.0,21000.0,24.17,20.97,683.33,8811.45,0.0,50.0,2
Pune,Triveni Nagar Hadapsar,1,15000.0,15000.0,15000.0,15000.0,20.55,20.55,730.0,,0.0,0.0,2
Pune,Tukai Nagar Vadgaon Budruk,1,13000.0,13000.0,13000.0,13000.0,28.26,28.26,460.0,,0.0,0.0,1
Pune,Tukaram Nagar,1,45000.0,45000.0,45000.0,45000.0,43.95,43.95,1024.0,,0.0,0.0,3
Pune,Tulaja Bhawani Nagar,1,36000.0,36000.0,36000.0,36000.0,42.35,42.35,850.0,,0.0,0.0,2
Pune,Uday Baug,1,50000.0,50000.0,50000.0,50000.0,38.46,38.46,1300.0,,0.0,0.0,3
Pune,Undri,34,26167.59,22749.5,16000.0,29250.0,29.35,22.55,1105.94,15387.19,11.76,32.35,2
Pune,Uruli Devachi,3,9000.0,10000.0,7500.0,11000.0,10.91,11.11,827.33,3605.55,0.0,66.67,2
Pune,Uruli Kanchan,1,8000.0,8000.0,8000.0,8000.0,9.79,9.79,817.0,,0.0,0.0,2
Pune,Vadgaon,1,50000.0,50000.0,50000.0,50000.0,29.9,29.9,1672.0,,0.0,0.0,3
Pune,Vadgaon Budruk,3,23500.0,10500.0,10250.0,30250.0,17.62,18.58,1255.0,22951.03,0.0,100.0,1
Pune,Vaiduwadi,1,17000.0,17000.0,17000.0,17000.0,26.15,26.15,650.0,,100.0,0.0,2
Pune,Vaiduwadi Hadapsar,1,11000.0,11000.0,11000.0,11000.0,16.92,16.92,650.0,,0.0,100.0,1
Pune,Vasant Vihar,1,140000.0,140000.0,140000.0,140000.0,53.8,53.8,2602.0,,0.0,100.0,4
Pune,Viman Nagar Central,24,45041.67,40000.0,27750.0,52000.0,46.76,43.54,970.58,28602.95,50.0,29.17,1
Pune,Vishal Nagar,2,29500.0,29500.0,23250.0,35750.0,29.18,29.18,999.5,17677.67,0.0,50.0,1
Pune,Vishrantwadi,12,22166.67,18000.0,12750.0,30500.0,28.02,27.43,753.17,11668.4,16.67,41.67,1
Pune,Wadachi Wadi,1,20000.0,20000.0,20000.0,20000.0,27.4,27.4,730.0,,0.0,0.0,2
Pune,Wadgaon Budruk,1,13000.0,13000.0,13000.0,13000.0,10.83,10.83,1200.0,,0.0,0.0,2
Pune,Wadgaon Sheri,20,18750.0,15500.0,12000.0,19375.0,27.06,27.39,721.3,11379.23,5.0,20.0,1
Pune,Wadki,3,4500.0,5000.0,4250.0,5000.0,9.59,10.64,481.67,866.03,0.0,33.33,1
Pune,Wagholi,92,20502.17,19250.0,14750.0,25250.0,24.07,23.71,882.17,9477.82,23.91,38.04,2
Pune,Wagholi Keshnand Road,1,3500.0,3500.0,3500.0,3500.0,11.67,11.67,300.0,,0.0,0.0,1
Pune,Wagholi Road,5,9700.0,9000.0,7500.0,10000.0,14.32,14.12,670.0,3834.06,0.0,20.0,1
Pune,Wakad,52,33144.23,30000.0,26750.0,36500.0,34.1,33.86,982.08,12002.59,26.92,34.62,2
Pune,Wakad Road,2,17000.0,17000.0,13000.0,21000.0,22.89,22.89,700.0,11313.71,0.0,50.0,1
Pune,Wakadewadi,1,23000.0,23000.0,23000.0,23000.0,31.94,31.94,720.0,,0.0,0.0,2
Pune,Wanawari,3,25666.67,27000.0,23500.0,28500.0,21.36,22.22,1216.67,5131.6,33.33,33.33,2
Pune,Warje,9,25455.44,22000.0,12000.0,25000.0,24.04,25.26,1113.33,19249.95,0.0,100.0,1
Pune,Yashwant Nagar Kharadi,1,18000.0,18000.0,18000.0,18000.0,22.5,22.5,800.0,,0.0,0.0,1
Pune,Yerawada,4,33125.0,17250.0,7875.0,42500.0,35.11,36.67,730.5,42269.72,0.0,25.0,1
Pune,Yerwada Village,2,17000.0,17000.0,15500.0,18500.0,21.69,21.69,900.0,4242.64,0.0,100.0,1
Pune,Yewalewadi,4,12375.0,14000.0,11375.0,15000.0,17.79,18.63,690.75,4028.54,25.0,25.0,1
