property_master_id,rera_id,rera_registered,project_status,project_age,construction_duration_months,completion_percent,unsold_inventory,developer_project_count,developer_completion_rate,developer_lapsed_project_count
PROP-A67AF6F45D75,RERA-TNR-11062267,1,Ongoing,21.0,30.0,70.0,236.0,22,0.727,0
PROP-0CEEF405400A,,0,Unregistered,,,,,0,1.0,0
PROP-4B8E10586D59,RERA-TNR-54283488,1,Ongoing,18.0,30.0,60.0,27.0,9,0.667,0
PROP-86A88A187027,,0,Unregistered,,,,,0,1.0,0
PROP-A18A49EE0073,RERA-TNR-47105449,1,Ongoing,31.0,50.0,62.0,106.0,16,0.438,0
PROP-FC082F802744,RERA-TNR-84636067,1,Ongoing,36.0,56.0,64.3,288.0,16,0.812,1
PROP-F9C90503CA0E,,0,Unregistered,,,,,0,1.0,0
PROP-8030B24C5122,RERA-TNR-60277224,1,Ongoing,18.0,53.0,34.0,12.0,4,0.5,0
PROP-740BEA1D26C7,,0,Unregistered,,,,,0,1.0,0
PROP-57D7E7126783,RERA-TNR-59894421,1,Ongoing,15.0,35.0,42.9,142.0,17,0.765,1
PROP-F4ACF6362C46,RERA-TNR-15300287,1,Ongoing,20.0,43.0,46.5,44.0,12,0.667,0
PROP-A7B4990CB17F,RERA-TNR-01896562,1,Ongoing,24.0,45.0,53.3,77.0,10,0.5,0
PROP-6A8F2CA5D4A7,,0,Unregistered,,,,,0,1.0,0
PROP-3EF538C2BB00,,0,Unregistered,,,,,0,1.0,0
PROP-106DAED671B6,,0,Unregistered,,,,,0,1.0,0
PROP-D5F1834163A7,RERA-TNR-67324170,1,Ongoing,8.0,31.0,25.8,124.0,5,0.4,0
PROP-FDCB07611F18,,0,Unregistered,,,,,0,1.0,0
PROP-A74166BFD422,RERA-TNR-48964070,1,Ongoing,12.0,51.0,23.5,75.0,7,0.714,1
PROP-48E47A79C626,RERA-TNR-06675421,1,Ongoing,35.0,40.0,87.5,48.0,16,0.438,0
PROP-EEA71AC853AB,,0,Unregistered,,,,,0,1.0,0
PROP-51F742AC064B,RERA-TNR-92113145,1,Completed,39.0,30.0,100.0,174.0,22,0.682,0
PROP-C1CA5D2867CF,,0,Unregistered,,,,,0,1.0,0
PROP-B129E7EC2D5F,RERA-TNR-73650272,1,Completed,71.0,31.0,100.0,114.0,20,0.55,0
PROP-B10588A6BCFE,,0,Unregistered,,,,,0,1.0,0
PROP-562DA83E6F5E,,0,Unregistered,,,,,0,1.0,0
PROP-C8ABEEADCA06,RERA-TNR-87158354,1,Ongoing,8.0,38.0,21.1,154.0,18,0.444,1
PROP-7AFEE3A48B25,RERA-TNR-01794133,1,Ongoing,35.0,53.0,66.0,12.0,6,0.5,0
PROP-163A7FCBF545,,0,Unregistered,,,,,0,1.0,0
PROP-744E45540410,,0,Unregistered,,,,,0,1.0,0
PROP-43FF1FEED483,RERA-TNR-47520573,1,Ongoing,27.0,53.0,50.9,53.0,7,0.429,0
PROP-61A1E2DA5AD5,RERA-TNR-56417847,1,Ongoing,29.0,34.0,85.3,117.0,8,0.0,0
PROP-5A879DF90FF0,RERA-TNR-67620251,1,Ongoing,21.0,51.0,41.2,41.0,14,0.5,0
PROP-20F9393C5B79,,0,Unregistered,,,,,0,1.0,0
PROP-024DCA08FBB4,,0,Unregistered,,,,,0,1.0,0
PROP-C0706AAC1468,,0,Unregistered,,,,,0,1.0,0
PROP-75E290D9B4B1,RERA-TNR-72214979,1,Ongoing,9.0,58.0,15.5,47.0,14,0.786,2
PROP-3282AA5F382C,,0,Unregistered,,,,,0,1.0,0
PROP-4DF17EEDA0FB,,0,Unregistered,,,,,0,1.0,0
PROP-141C4C451E0C,RERA-TNR-16654839,1,Ongoing,13.0,35.0,37.1,32.0,12,0.833,1
PROP-C1E8167421C6,,0,Unregistered,,,,,0,1.0,0
PROP-008213E4D941,RERA-TNR-43649557,1,Ongoing,19.0,29.0,65.5,61.0,15,0.467,0
PROP-07542049EDCD,,0,Unregistered,,,,,0,1.0,0
PROP-113E49F70FEC,,0,Unregistered,,,,,0,1.0,0
PROP-AD5970B8725C,RERA-TNR-57075515,1,Ongoing,52.0,59.0,88.1,239.0,18,0.833,2
PROP-20C1C3775C99,,0,Unregistered,,,,,0,1.0,0
PROP-B27550B59EF2,,0,Unregistered,,,,,0,1.0,0
PROP-A9AD15AE4F4B,,0,Unregistered,,,,,0,1.0,0
PROP-968DCB86BB82,,0,Unregistered,,,,,0,1.0,0
PROP-7E5D68FEA71F,RERA-TNR-20715085,1,Ongoing,11.0,45.0,24.4,82.0,16,0.375,0
PROP-44ED17888D48,RERA-TNR-48831346,1,Ongoing,12.0,44.0,27.3,246.0,9,0.667,0
PROP-81E153A834E7,,0,Unregistered,,,,,0,1.0,0
PROP-A88B26A7F5A1,,0,Unregistered,,,,,0,1.0,0
PROP-EE3AB12955E8,,0,Unregistered,,,,,0,1.0,0
PROP-67EBEA3AE062,,0,Unregistered,,,,,0,1.0,0
PROP-BE92DFBC3E9C,RERA-TNR-34149088,1,Ongoing,6.0,47.0,12.8,128.0,7,0.429,0
PROP-E8F817173608,,0,Unregistered,,,,,0,1.0,0
PROP-6B4235B84BF7,,0,Unregistered,,,,,0,1.0,0
PROP-A435F5194B94,,0,Unregistered,,,,,0,1.0,0
PROP-3FBB548884A3,,0,Unregistered,,,,,0,1.0,0
PROP-74E8BBDB1869,,0,Unregistered,,,,,0,1.0,0
PROP-A28E9A937C8E,,0,Unregistered,,,,,0,1.0,0
PROP-7745510EA9DC,,0,Unregistered,,,,,0,1.0,0
PROP-8F4F97BE042E,,0,Unregistered,,,,,0,1.0,0
PROP-BF8C21590A2E,RERA-TNR-01994971,1,Ongoing,37.0,57.0,64.9,54.0,5,0.6,0
PROP-A21E0E395182,,0,Unregistered,,,,,0,1.0,0
PROP-D623A5BD3259,,0,Unregistered,,,,,0,1.0,0
PROP-BF8A99D156F1,,0,Unregistered,,,,,0,1.0,0
PROP-3D8AAD5E73B5,,0,Unregistered,,,,,0,1.0,0
PROP-0C0BFF42A42C,,0,Unregistered,,,,,0,1.0,0
PROP-FF9962D2025D,RERA-TNR-96590870,1,Ongoing,8.0,38.0,21.1,98.0,4,0.5,0
PROP-74543CBC599C,RERA-TNR-66700054,1,Ongoing,20.0,45.0,44.4,191.0,9,0.556,0
PROP-4BF83DB33530,,0,Unregistered,,,,,0,1.0,0
PROP-523A9B07D2A1,RERA-TNR-75317459,1,Ongoing,13.0,60.0,21.7,76.0,6,0.667,0
PROP-39540AD67FD6,,0,Unregistered,,,,,0,1.0,0
PROP-42C7D4D34A9C,RERA-TNR-05055958,1,Ongoing,32.0,53.0,60.4,202.0,9,0.667,0
PROP-275C30FED99F,,0,Unregistered,,,,,0,1.0,0
PROP-43929E420C2D,,0,Unregistered,,,,,0,1.0,0
PROP-478099107B8F,RERA-TNR-48605930,1,Completed,49.0,40.0,100.0,108.0,6,0.333,0
PROP-5C52A446420D,,0,Unregistered,,,,,0,1.0,0
PROP-01AA6022E0C7,RERA-TNR-32282619,1,Ongoing,33.0,51.0,64.7,83.0,13,0.923,1
PROP-D85BF3221525,RERA-TNR-77948920,1,Ongoing,26.0,57.0,45.6,63.0,18,0.722,0
PROP-8E14A48ADCC4,,0,Unregistered,,,,,0,1.0,0
PROP-9AFAD3B06B47,RERA-TNR-06369403,1,Ongoing,9.0,55.0,16.4,118.0,15,0.667,0
PROP-DC7B2A38EA55,RERA-TNR-82614474,1,Completed,36.0,28.0,100.0,28.0,13,0.846,1
PROP-F04903424860,,0,Unregistered,,,,,0,1.0,0
PROP-047960A2E5B3,RERA-TNR-90624411,1,Ongoing,21.0,50.0,42.0,129.0,5,0.2,0
PROP-1B747B844C95,,0,Unregistered,,,,,0,1.0,0
PROP-776E72C4DDFE,RERA-TNR-40847400,1,Completed,38.0,26.0,100.0,78.0,12,0.583,0
PROP-59252CDA84BE,RERA-TNR-24210278,1,Ongoing,16.0,52.0,30.8,153.0,17,0.471,0
PROP-44645DA39395,,0,Unregistered,,,,,0,1.0,0
PROP-CC96D0AE4690,,0,Unregistered,,,,,0,1.0,0
PROP-F1844B7EE282,,0,Unregistered,,,,,0,1.0,0
PROP-1532E4B7EE5D,,0,Unregistered,,,,,0,1.0,0
PROP-B95CC1DB318E,RERA-TNR-61092387,1,Ongoing,29.0,54.0,53.7,245.0,16,0.125,0
PROP-E85EE1279880,RERA-TNR-73103982,1,Ongoing,12.0,25.0,48.0,197.0,18,0.611,0
PROP-54FB66193060,RERA-TNR-18761240,1,Ongoing,18.0,26.0,69.2,150.0,16,0.625,0
PROP-F4CBA1F89310,,0,Unregistered,,,,,0,1.0,0
PROP-AE9FAB73B03E,,0,Unregistered,,,,,0,1.0,0
PROP-95D9573608EF,,0,Unregistered,,,,,0,1.0,0
PROP-38611A7D4A8F,RERA-TNR-74105017,1,Ongoing,15.0,57.0,26.3,36.0,19,0.526,0
PROP-D34256268534,,0,Unregistered,,,,,0,1.0,0
PROP-278D25C5A9CF,,0,Unregistered,,,,,0,1.0,0
PROP-B3F66E6E1218,RERA-TNR-25526543,1,Ongoing,25.0,57.0,43.9,52.0,14,0.786,2
PROP-42CCBB206E1D,RERA-TNR-99504191,1,Ongoing,33.0,34.0,97.1,13.0,13,0.692,0
PROP-114B555D61E3,,0,Unregistered,,,,,0,1.0,0
PROP-3081FEFD587E,,0,Unregistered,,,,,0,1.0,0
PROP-AC0D7FC22FA5,,0,Unregistered,,,,,0,1.0,0
PROP-2783ED738E18,RERA-TNR-70220842,1,Ongoing,12.0,50.0,24.0,74.0,7,0.571,2
PROP-C63EC5BF7F6E,,0,Unregistered,,,,,0,1.0,0
PROP-C8E03C400D54,,0,Unregistered,,,,,0,1.0,0
PROP-63F47AE16D9B,RERA-TNR-95788935,1,Ongoing,13.0,47.0,27.7,40.0,8,0.875,1
PROP-F8E3ED1C784D,,0,Unregistered,,,,,0,1.0,0
PROP-30E17D169E3B,RERA-TNR-48337709,1,Ongoing,19.0,40.0,47.5,97.0,11,0.818,0
PROP-902AA2B2D73C,,0,Unregistered,,,,,0,1.0,0
PROP-6CDB5A05F81B,,0,Unregistered,,,,,0,1.0,0
PROP-5121A05CEFD0,,0,Unregistered,,,,,0,1.0,0
PROP-5E515C9892F8,RERA-TNR-21355340,1,Ongoing,6.0,57.0,10.5,109.0,3,0.667,0
PROP-C194DFE317D3,,0,Unregistered,,,,,0,1.0,0
PROP-86893D56053B,,0,Unregistered,,,,,0,1.0,0
PROP-52B22AC0144C,,0,Unregistered,,,,,0,1.0,0
PROP-DA9B29101D08,,0,Unregistered,,,,,0,1.0,0
PROP-6383FF4A790A,RERA-TNR-23257397,1,Ongoing,27.0,34.0,79.4,155.0,18,0.333,0
PROP-D2B34E8F00C1,RERA-TNR-23084444,1,Ongoing,30.0,53.0,56.6,51.0,20,0.6,0
PROP-3A9741912D89,,0,Unregistered,,,,,0,1.0,0
PROP-2818943A7CED,RERA-TNR-92608062,1,Ongoing,12.0,42.0,28.6,264.0,11,0.636,1
PROP-54BB992F2BC1,,0,Unregistered,,,,,0,1.0,0
PROP-7A3F3AEDD544,RERA-TNR-92748073,1,Ongoing,23.0,47.0,48.9,43.0,11,0.545,0
PROP-45E581D1E971,,0,Unregistered,,,,,0,1.0,0
PROP-888CCB46DED6,,0,Unregistered,,,,,0,1.0,0
PROP-0C5AF6DCA391,RERA-TNR-63575806,1,Ongoing,29.0,49.0,59.2,72.0,5,0.2,0
PROP-2A83D9D4FC49,RERA-TNR-22809029,1,Ongoing,27.0,53.0,50.9,161.0,11,0.545,0
PROP-2E797152908C,,0,Unregistered,,,,,0,1.0,0
PROP-B311B7A31695,,0,Unregistered,,,,,0,1.0,0
PROP-D8A8E133A537,RERA-TNR-05779198,1,Ongoing,40.0,50.0,80.0,51.0,13,0.846,1
PROP-17AE9C55287D,RERA-TNR-60277224,1,Completed,57.0,53.0,100.0,12.0,5,0.8,0
PROP-C0504EA01382,,0,Unregistered,,,,,0,1.0,0
PROP-51638FC7E69A,RERA-TNR-64880445,1,Ongoing,27.0,54.0,50.0,102.0,7,0.714,0
PROP-BFC344387222,RERA-TNR-58247490,1,Completed,24.0,24.0,100.0,106.0,20,0.75,0
PROP-44543A5CCDD6,RERA-TNR-33885842,1,Ongoing,12.0,45.0,26.7,90.0,12,0.583,0
PROP-FE64C4652902,RERA-TNR-29473366,1,Ongoing,8.0,37.0,21.6,200.0,18,0.944,6
PROP-E0527F2E5C79,RERA-TNR-94714042,1,Ongoing,24.0,32.0,75.0,156.0,30,0.333,0
PROP-B28B970D1C56,RERA-TNR-17458889,1,Completed,39.0,25.0,100.0,24.0,12,0.75,1
PROP-1F07B7134CDF,RERA-TNR-49988432,1,Ongoing,38.0,59.0,64.4,22.0,11,0.455,0
PROP-5F64D028734D,,0,Unregistered,,,,,0,1.0,0
PROP-636AE83EBE9C,RERA-TNR-43913777,1,Ongoing,39.0,60.0,65.0,82.0,5,0.2,0
PROP-F85AE7CC9AF7,RERA-TNR-42778189,1,Ongoing,46.0,53.0,86.8,67.0,12,0.667,0
PROP-2F0F1F4E92C4,RERA-TNR-07795089,1,Ongoing,35.0,39.0,89.7,130.0,16,0.25,0
PROP-82561D58FD53,RERA-TNR-60053431,1,Ongoing,21.0,55.0,38.2,175.0,6,0.5,0
PROP-A2F6A99CC0CC,RERA-TNR-21772466,1,Completed,70.0,58.0,100.0,28.0,22,0.727,0
PROP-3E47A053C0FF,RERA-TNR-85316882,1,Ongoing,24.0,29.0,82.8,20.0,19,0.474,0
PROP-9A7387795A30,RERA-TNR-67324170,1,Completed,35.0,31.0,100.0,124.0,5,0.6,0
PROP-0C69AE26D913,RERA-TNR-57075515,1,Ongoing,13.0,59.0,22.0,239.0,17,0.412,0
PROP-1E0B226AD1CB,RERA-TNR-81630477,1,Ongoing,7.0,56.0,12.5,27.0,19,0.895,1
PROP-A259DD7FE9C8,RERA-TNR-52725408,1,Ongoing,10.0,32.0,31.2,46.0,15,0.533,0
PROP-0B30A0A0DBBD,RERA-TNR-55699219,1,Ongoing,49.0,53.0,92.5,97.0,18,0.5,0
PROP-4278AC95E337,,0,Unregistered,,,,,0,1.0,0
PROP-294660330DD1,RERA-TNR-28239342,1,Ongoing,40.0,50.0,80.0,128.0,10,0.5,0
PROP-CED436FA687B,RERA-TNR-41833522,1,Ongoing,24.0,33.0,72.7,197.0,18,0.556,0
PROP-5E6983336D58,RERA-TNR-60096569,1,Completed,39.0,39.0,100.0,54.0,21,0.952,3
PROP-149FFB2F26CA,RERA-TNR-02533471,1,Completed,52.0,24.0,100.0,65.0,18,0.556,0
PROP-484F5023E66A,RERA-TNR-89089162,1,Ongoing,12.0,58.0,20.7,93.0,4,0.25,0
PROP-2647D77E0F8D,RERA-TNR-02533471,1,Completed,64.0,24.0,100.0,65.0,20,0.75,0
PROP-AA9429C07967,RERA-TNR-23041627,1,Ongoing,13.0,30.0,43.3,70.0,63,0.254,0
PROP-F74B6364D62C,RERA-TNR-63575806,1,Ongoing,20.0,49.0,40.8,72.0,5,0.2,0
PROP-BDDD24EA360A,RERA-TNR-22978651,1,Completed,37.0,24.0,100.0,29.0,15,0.467,0
PROP-35665EC66C18,RERA-TNR-96261529,1,Completed,35.0,34.0,100.0,245.0,18,0.889,5
PROP-0D98C2E8D9E1,RERA-TNR-26837608,1,Ongoing,10.0,35.0,28.6,60.0,6,0.5,0
PROP-B6C61BC5B0C3,RERA-TNR-77250873,1,Ongoing,19.0,46.0,41.3,85.0,12,0.333,0
PROP-15C164A6E840,RERA-TNR-65834738,1,Ongoing,20.0,39.0,51.3,65.0,14,0.571,0
PROP-757C59EC7B31,RERA-TNR-84636067,1,Ongoing,9.0,56.0,16.1,288.0,14,0.571,0
PROP-3C25CCD7D2B4,RERA-TNR-31513972,1,Ongoing,38.0,43.0,88.4,63.0,21,0.619,1
PROP-3E587CC9CAB6,RERA-TNR-02533471,1,Completed,37.0,24.0,100.0,65.0,17,0.588,0
PROP-872F313098E2,RERA-TNR-94724405,1,Ongoing,23.0,41.0,56.1,74.0,6,0.333,0
PROP-DB780F7939B4,RERA-TNR-05530725,1,Ongoing,35.0,40.0,87.5,68.0,8,0.75,0
PROP-83A560ED903F,RERA-TNR-94724405,1,Ongoing,38.0,41.0,92.7,74.0,8,0.375,0
PROP-FBAE78BF23D2,RERA-TNR-55699219,1,Completed,73.0,53.0,100.0,97.0,21,0.667,2
PROP-B59553234E86,,0,Unregistered,,,,,0,1.0,0
PROP-B6CDFCD7A060,,0,Unregistered,,,,,0,1.0,0
PROP-C163C0D4CB89,,0,Unregistered,,,,,0,1.0,0
PROP-1992387BDC35,RERA-TNR-04902062,1,Ongoing,28.0,45.0,62.2,65.0,6,0.667,0
PROP-5A9449E11655,,0,Unregistered,,,,,0,1.0,0
PROP-94E563882B43,RERA-TNR-77532733,1,Ongoing,19.0,24.0,79.2,168.0,12,0.583,0
PROP-7943C1E25050,,0,Unregistered,,,,,0,1.0,0
PROP-9FB3F9DA0458,,0,Unregistered,,,,,0,1.0,0
PROP-457AD501CB4F,,0,Unregistered,,,,,0,1.0,0
PROP-DF0B5484FDE6,,0,Unregistered,,,,,0,1.0,0
PROP-17028BED9959,,0,Unregistered,,,,,0,1.0,0
PROP-0922FECA4B33,,0,Unregistered,,,,,0,1.0,0
PROP-2921F7C54237,,0,Unregistered,,,,,0,1.0,0
PROP-04ACBBC413FF,,0,Unregistered,,,,,0,1.0,0
PROP-AFDAE87C7154,RERA-TNR-23084444,1,Ongoing,51.0,53.0,96.2,51.0,21,0.762,3
PROP-064596C5790A,RERA-TNR-53876448,1,Ongoing,27.0,29.0,93.1,69.0,22,0.727,0
PROP-230BB0F69709,RERA-TNR-53274323,1,Ongoing,21.0,32.0,65.6,29.0,20,0.75,1
PROP-114A14ECCF64,,0,Unregistered,,,,,0,1.0,0
PROP-50558CB1DC5F,,0,Unregistered,,,,,0,1.0,0
PROP-6FA0CFE85AFF,RERA-TNR-16455060,1,Ongoing,14.0,53.0,26.4,57.0,12,0.5,0
PROP-6CB6B102556C,RERA-TNR-77948920,1,Ongoing,38.0,57.0,66.7,63.0,18,0.944,2
PROP-96DA711717E2,,0,Unregistered,,,,,0,1.0,0
PROP-0B4999D2EC4D,RERA-TNR-35579935,1,Ongoing,13.0,42.0,31.0,206.0,5,0.8,0
PROP-B890BC9B2271,,0,Unregistered,,,,,0,1.0,0
PROP-042367585D6E,,0,Unregistered,,,,,0,1.0,0
PROP-9F53A910A054,,0,Unregistered,,,,,0,1.0,0
PROP-F360C8E6C8CF,RERA-TNR-03275759,1,Ongoing,29.0,49.0,59.2,66.0,4,0.25,0
PROP-DDCFD68B4D1A,RERA-TNR-04614226,1,Ongoing,12.0,24.0,50.0,38.0,11,0.0,0
PROP-9CA24DB7A583,RERA-TNR-07816173,1,Ongoing,39.0,45.0,86.7,106.0,10,0.7,0
PROP-1D61D96EF60F,RERA-TNR-87207091,1,Ongoing,13.0,57.0,22.8,215.0,10,0.8,1
PROP-DF47A905796B,RERA-TNR-46252788,1,Completed,54.0,46.0,100.0,69.0,8,0.625,0
PROP-65A514317903,,0,Unregistered,,,,,0,1.0,0
PROP-A06E792E45F2,,0,Unregistered,,,,,0,1.0,0
PROP-815CBD9AED4B,RERA-TNR-06976604,1,Ongoing,22.0,59.0,37.3,23.0,20,0.75,1
PROP-2BDFAB712760,RERA-TNR-05779198,1,Ongoing,40.0,50.0,80.0,51.0,12,0.417,0
PROP-84DFA6EC15D4,,0,Unregistered,,,,,0,1.0,0
PROP-FB06D2E59F92,RERA-TNR-66512934,1,Ongoing,24.0,57.0,42.1,37.0,9,0.889,2
PROP-87A2F1F1F3E3,RERA-TNR-42885301,1,Ongoing,27.0,41.0,65.9,29.0,7,0.429,0
PROP-8BAACECCE52C,RERA-TNR-56743215,1,Ongoing,37.0,40.0,92.5,111.0,21,0.524,0
PROP-E655FD5552A3,,0,Unregistered,,,,,0,1.0,0
PROP-09D3A035CD7B,,0,Unregistered,,,,,0,1.0,0
PROP-D86C1F55C0AC,,0,Unregistered,,,,,0,1.0,0
PROP-4698EF9D9F8B,RERA-TNR-11200937,1,Ongoing,11.0,46.0,23.9,45.0,5,0.2,0
PROP-AB7AAC6B0331,,0,Unregistered,,,,,0,1.0,0
PROP-08AEF5A9D481,RERA-TNR-29269550,1,Ongoing,32.0,52.0,61.5,150.0,4,0.75,1
PROP-BAB6D9932EF7,,0,Unregistered,,,,,0,1.0,0
PROP-3A27D9D78AE5,RERA-TNR-21336382,1,Ongoing,8.0,57.0,14.0,65.0,28,0.321,0
PROP-FB1D8806ECA6,RERA-TNR-20715085,1,Ongoing,11.0,45.0,24.4,82.0,18,0.389,0
PROP-AEC56B927638,,0,Unregistered,,,,,0,1.0,0
PROP-7B89777A2523,RERA-TNR-07992451,1,Completed,33.0,25.0,100.0,178.0,13,0.385,0
PROP-031EACC72FAC,RERA-TNR-74117619,1,Ongoing,9.0,53.0,17.0,195.0,17,0.765,3
PROP-D8DCABCE8AE4,,0,Unregistered,,,,,0,1.0,0
PROP-BE5D19F0570A,,0,Unregistered,,,,,0,1.0,0
PROP-08200F346794,RERA-TNR-10870615,1,Ongoing,9.0,37.0,24.3,73.0,12,0.5,0
PROP-27FCD293E4E9,,0,Unregistered,,,,,0,1.0,0
PROP-76C47B6DA21A,RERA-TNR-62515183,1,Completed,67.0,53.0,100.0,70.0,10,0.7,0
PROP-ADA46D2531DF,RERA-TNR-44276513,1,Completed,39.0,35.0,100.0,191.0,15,0.267,0
PROP-B57AF3710DB2,RERA-TNR-71166606,1,Ongoing,24.0,29.0,82.8,182.0,21,0.667,2
PROP-158650B2A986,,0,Unregistered,,,,,0,1.0,0
PROP-0918BD82CE03,RERA-TNR-46678474,1,Ongoing,28.0,39.0,71.8,245.0,5,0.6,0
PROP-B75A9F04D7FE,RERA-TNR-77669653,1,Ongoing,35.0,41.0,85.4,48.0,19,0.526,0
PROP-299B104BBB36,,0,Unregistered,,,,,0,1.0,0
PROP-A46D4E0EB0B9,,0,Unregistered,,,,,0,1.0,0
PROP-F4F8FDE8DB7A,RERA-TNR-11714972,1,Ongoing,6.0,39.0,15.4,11.0,11,0.636,0
PROP-CCCF014B0C39,,0,Unregistered,,,,,0,1.0,0
PROP-2AFDF2EFBB05,RERA-TNR-35145558,1,Completed,28.0,27.0,100.0,186.0,4,1.0,0
PROP-F1B094D776AC,RERA-TNR-80667457,1,Ongoing,27.0,58.0,46.6,12.0,12,0.75,2
PROP-4A717AC26215,,0,Unregistered,,,,,0,1.0,0
PROP-6030BEE2AD7B,RERA-TNR-84781540,1,Completed,34.0,33.0,100.0,219.0,14,0.929,1
PROP-05DCF1E5D39D,RERA-TNR-62515183,1,Completed,64.0,53.0,100.0,70.0,10,0.7,0
PROP-C3F7B5D86C96,,0,Unregistered,,,,,0,1.0,0
PROP-5D26797CA7AF,RERA-TNR-34371070,1,Ongoing,8.0,33.0,24.2,117.0,12,0.333,0
PROP-0DCC61F3F26A,,0,Unregistered,,,,,0,1.0,0
PROP-A3C056BEF2B8,RERA-TNR-62515183,1,Completed,64.0,53.0,100.0,70.0,10,0.7,0
PROP-1BEDC9589A02,RERA-TNR-62515183,1,Ongoing,37.0,53.0,69.8,70.0,7,0.714,0
PROP-BF10230A4B7B,RERA-TNR-28654290,1,Ongoing,16.0,41.0,39.0,83.0,16,0.375,0
PROP-E4DBF903EF97,,0,Unregistered,,,,,0,1.0,0
PROP-15A9697D56CD,RERA-TNR-35292165,1,Ongoing,31.0,54.0,57.4,159.0,15,0.8,0
PROP-AE3E52E1B49E,,0,Unregistered,,,,,0,1.0,0
PROP-3030314EF96C,,0,Unregistered,,,,,0,1.0,0
PROP-D04249A2F8C6,,0,Unregistered,,,,,0,1.0,0
PROP-79CCEA7C1BB2,RERA-TNR-13458429,1,Ongoing,23.0,60.0,38.3,51.0,11,0.182,0
PROP-11EF6CB78C7B,,0,Unregistered,,,,,0,1.0,0
PROP-74D96523437F,,0,Unregistered,,,,,0,1.0,0
PROP-925A53CC1421,RERA-TNR-12636944,1,Ongoing,14.0,47.0,29.8,36.0,5,0.8,1
PROP-947825266908,,0,Unregistered,,,,,0,1.0,0
PROP-F561D909ECA5,,0,Unregistered,,,,,0,1.0,0
PROP-5FD4DDB5BEC6,RERA-TNR-40847400,1,Completed,71.0,26.0,100.0,78.0,12,0.917,1
PROP-D7B35E263CD6,,0,Unregistered,,,,,0,1.0,0
PROP-4208A13E74B2,RERA-TNR-74717661,1,Completed,55.0,46.0,100.0,241.0,66,0.258,0
PROP-7A9AC8BC5366,,0,Unregistered,,,,,0,1.0,0
PROP-FB49CD463A83,RERA-TNR-22809029,1,Completed,54.0,53.0,100.0,161.0,12,0.667,0
PROP-CE02F17A36DF,,0,Unregistered,,,,,0,1.0,0
PROP-4AD3C193438C,RERA-TNR-41754265,1,Ongoing,19.0,55.0,34.5,42.0,10,0.6,0
PROP-40E52907DC2C,RERA-TNR-20993984,1,Ongoing,30.0,52.0,57.7,134.0,11,0.727,2
PROP-91431ADFE5D2,,0,Unregistered,,,,,0,1.0,0
PROP-1F1504EB20E5,RERA-TNR-46565661,1,Ongoing,39.0,43.0,90.7,21.0,14,0.786,0
PROP-105312908C3A,,0,Unregistered,,,,,0,1.0,0
PROP-3370EB76062C,RERA-TNR-11314000,1,Ongoing,38.0,43.0,88.4,45.0,8,0.375,0
PROP-A327069852C8,RERA-TNR-88682329,1,Completed,35.0,29.0,100.0,64.0,23,0.826,0
PROP-8A03660F84A2,,0,Unregistered,,,,,0,1.0,0
PROP-41740A5B3569,,0,Unregistered,,,,,0,1.0,0
PROP-FB32AA5EB661,RERA-TNR-85841502,1,Ongoing,24.0,31.0,77.4,84.0,17,0.412,0
PROP-410A4C8E613B,RERA-TNR-60267813,1,Ongoing,27.0,31.0,87.1,80.0,13,0.692,1
PROP-FB7CC68BAA3F,,0,Unregistered,,,,,0,1.0,0
PROP-6A1A02FBF175,,0,Unregistered,,,,,0,1.0,0
PROP-0AB9190D8A3D,RERA-TNR-61895750,1,Completed,47.0,30.0,100.0,92.0,17,0.471,0
PROP-0EBACD081EFB,RERA-TNR-06675421,1,Ongoing,38.0,40.0,95.0,48.0,17,0.529,0
PROP-A21097418DB7,,0,Unregistered,,,,,0,1.0,0
PROP-1BB8DE053D92,,0,Unregistered,,,,,0,1.0,0
PROP-B76C38B11867,,0,Unregistered,,,,,0,1.0,0
PROP-6BD71451B2F3,RERA-TNR-76575297,1,Completed,51.0,43.0,100.0,102.0,10,1.0,3
PROP-B452F83417C1,RERA-TNR-45229647,1,Ongoing,13.0,43.0,30.2,67.0,10,0.6,0
PROP-7D0FFDDD8D96,,0,Unregistered,,,,,0,1.0,0
PROP-37B72CE4F891,RERA-TNR-48708670,1,Ongoing,40.0,52.0,76.9,183.0,11,0.455,0
PROP-7CC824B1D1D3,RERA-TNR-09718672,1,Ongoing,26.0,37.0,70.3,65.0,7,0.571,2
PROP-1D3C0C922DE5,RERA-TNR-73650272,1,Completed,83.0,31.0,100.0,114.0,20,0.75,1
PROP-E2C47E11E7C7,,0,Unregistered,,,,,0,1.0,0
PROP-49214D77DFEC,RERA-TNR-37657975,1,Completed,44.0,38.0,100.0,15.0,6,0.833,0
PROP-1A162571011D,,0,Unregistered,,,,,0,1.0,0
PROP-2A274543B798,RERA-TNR-76575297,1,Ongoing,39.0,43.0,90.7,102.0,10,0.7,1
PROP-1974DF9049EB,RERA-TNR-25320168,1,Ongoing,18.0,48.0,37.5,143.0,12,0.583,0
PROP-948558C91928,,0,Unregistered,,,,,0,1.0,0
PROP-E821A6FEA8EA,,0,Unregistered,,,,,0,1.0,0
PROP-09D18DF08D8C,,0,Unregistered,,,,,0,1.0,0
PROP-72DD0E6C2E04,RERA-TNR-40847400,1,Completed,74.0,26.0,100.0,78.0,12,1.0,2
PROP-4001297C5EA5,,0,Unregistered,,,,,0,1.0,0
PROP-49A76193B3D6,,0,Unregistered,,,,,0,1.0,0
PROP-D85BCCAEB8BF,,0,Unregistered,,,,,0,1.0,0
PROP-5A009B837A4A,,0,Unregistered,,,,,0,1.0,0
PROP-246D09705402,,0,Unregistered,,,,,0,1.0,0
PROP-022EACFD89A8,RERA-TNR-84515151,1,Ongoing,25.0,42.0,59.5,23.0,17,0.529,0
PROP-5C925E93D559,,0,Unregistered,,,,,0,1.0,0
PROP-58FB9D1E9130,RERA-TNR-36217441,1,Ongoing,49.0,56.0,87.5,79.0,15,0.6,0
PROP-44D81CA25AB0,,0,Unregistered,,,,,0,1.0,0
PROP-141CB64EBC7F,RERA-TNR-36217441,1,Ongoing,28.0,56.0,50.0,79.0,13,0.615,0
PROP-ADFAF9B14DBD,RERA-TNR-19079769,1,Ongoing,15.0,40.0,37.5,119.0,12,0.583,2
PROP-F228522B5582,,0,Unregistered,,,,,0,1.0,0
PROP-5C34C6B5BA9B,RERA-TNR-99410106,1,Ongoing,46.0,49.0,93.9,84.0,4,0.75,0
PROP-C2B718A46C91,,0,Unregistered,,,,,0,1.0,0
PROP-41554050619B,RERA-TNR-50301105,1,Ongoing,31.0,33.0,93.9,128.0,12,0.75,0
PROP-E31301A0113C,,0,Unregistered,,,,,0,1.0,0
PROP-3459DD56CE98,,0,Unregistered,,,,,0,1.0,0
PROP-E21CED4A39D1,,0,Unregistered,,,,,0,1.0,0
PROP-BF19C5A68D29,RERA-TNR-23600840,1,Ongoing,10.0,50.0,20.0,245.0,9,0.333,0
PROP-B2409FB1AEE8,RERA-TNR-44069119,1,Completed,29.0,28.0,100.0,68.0,4,0.25,0
PROP-E95676A3CF47,,0,Unregistered,,,,,0,1.0,0
PROP-BD17F0375E10,RERA-TNR-57496771,1,Ongoing,17.0,35.0,48.6,43.0,15,0.6,0
PROP-2FE02E189AA9,,0,Unregistered,,,,,0,1.0,0
PROP-4FE634D39E57,RERA-TNR-70702973,1,Ongoing,23.0,59.0,39.0,14.0,13,0.846,0
PROP-804AEC182443,RERA-TNR-14896594,1,Ongoing,20.0,34.0,58.8,36.0,8,0.625,0
PROP-15848142C958,RERA-TNR-58195837,1,Ongoing,7.0,31.0,22.6,173.0,9,0.111,0
PROP-BD52F5A8E535,RERA-TNR-51880227,1,Ongoing,37.0,42.0,88.1,88.0,9,0.667,2
PROP-FD03E7F8A7A6,RERA-TNR-40300812,1,Ongoing,6.0,57.0,10.5,47.0,16,0.438,0
PROP-981917DF82BC,,0,Unregistered,,,,,0,1.0,0
PROP-8D32D5D822B4,,0,Unregistered,,,,,0,1.0,0
PROP-D90F04EC96BC,RERA-TNR-59657129,1,Ongoing,39.0,58.0,67.2,63.0,18,0.556,0
PROP-61B82DD291D3,,0,Unregistered,,,,,0,1.0,0
PROP-B8D797E8662B,RERA-TNR-91099185,1,Ongoing,19.0,29.0,65.5,88.0,7,0.714,0
PROP-5B95E2F8BA34,,0,Unregistered,,,,,0,1.0,0
PROP-54B1C7E89570,,0,Unregistered,,,,,0,1.0,0
PROP-2F6FE436DDCB,RERA-TNR-68942131,1,Ongoing,37.0,56.0,66.1,31.0,13,0.462,0
PROP-D34B5F82A2E6,,0,Unregistered,,,,,0,1.0,0
PROP-2FA25BC719A5,,0,Unregistered,,,,,0,1.0,0
PROP-83307BBF6FEA,,0,Unregistered,,,,,0,1.0,0
PROP-1DE487B0ACBE,RERA-TNR-36217441,1,Completed,61.0,56.0,100.0,79.0,15,0.733,0
PROP-47CA71DC6A18,,0,Unregistered,,,,,0,1.0,0
PROP-45FEFB44CB15,RERA-TNR-24857534,1,Ongoing,20.0,48.0,41.7,13.0,7,0.571,0
PROP-79EEC812443B,RERA-TNR-08573099,1,Ongoing,17.0,42.0,40.5,73.0,10,0.6,0
PROP-7DD59E02BF22,,0,Unregistered,,,,,0,1.0,0
PROP-CD85CE0CFD79,,0,Unregistered,,,,,0,1.0,0
PROP-167E27187CF6,,0,Unregistered,,,,,0,1.0,0
PROP-E15816D91021,,0,Unregistered,,,,,0,1.0,0
PROP-B7FB7281B7E3,RERA-TNR-90461539,1,Ongoing,22.0,46.0,47.8,73.0,5,0.4,0
PROP-8FCF7DC9FBB6,,0,Unregistered,,,,,0,1.0,0
PROP-2EEDBA788D80,,0,Unregistered,,,,,0,1.0,0
PROP-4B300B740306,RERA-TNR-93337199,1,Ongoing,33.0,55.0,60.0,88.0,6,0.333,0
PROP-BD21BAFC26BD,,0,Unregistered,,,,,0,1.0,0
PROP-A3A64A436996,,0,Unregistered,,,,,0,1.0,0
PROP-22A58F9EA18F,RERA-TNR-89051334,1,Completed,36.0,28.0,100.0,75.0,11,0.909,1
PROP-921692A28E8B,RERA-TNR-27032949,1,Ongoing,35.0,40.0,87.5,174.0,42,0.595,1
PROP-0912041A0312,,0,Unregistered,,,,,0,1.0,0
PROP-9594AC7A0E1E,RERA-TNR-17819846,1,Ongoing,20.0,28.0,71.4,36.0,11,0.455,0
PROP-0455CDFEE47C,RERA-TNR-36217441,1,Ongoing,37.0,56.0,66.1,79.0,15,0.533,0
PROP-1D3AA4EFD99C,,0,Unregistered,,,,,0,1.0,0
PROP-AF893FFA4C06,RERA-TNR-36217441,1,Completed,64.0,56.0,100.0,79.0,15,0.8,0
PROP-CA86C7D53C46,,0,Unregistered,,,,,0,1.0,0
PROP-E85F2B1F184F,,0,Unregistered,,,,,0,1.0,0
PROP-35273B336C8B,RERA-TNR-65108965,1,Ongoing,31.0,46.0,67.4,39.0,11,0.455,0
PROP-3A41C3085ED3,,0,Unregistered,,,,,0,1.0,0
PROP-8855FD1D117F,,0,Unregistered,,,,,0,1.0,0
PROP-157835AB2B46,,0,Unregistered,,,,,0,1.0,0
PROP-A0C27D9A272F,RERA-TNR-36217441,1,Ongoing,19.0,56.0,33.9,79.0,10,0.6,0
PROP-D036945EC7D1,RERA-TNR-59748581,1,Ongoing,11.0,46.0,23.9,104.0,7,0.714,0
PROP-7C020285DB8B,RERA-TNR-24193774,1,Ongoing,8.0,47.0,17.0,117.0,4,0.5,0
PROP-4A202B61474B,,0,Unregistered,,,,,0,1.0,0
PROP-E50FFCA69358,,0,Unregistered,,,,,0,1.0,0
PROP-C6E4729C1403,,0,Unregistered,,,,,0,1.0,0
PROP-D31CB45252F9,RERA-TNR-36217441,1,Ongoing,28.0,56.0,50.0,79.0,13,0.615,0
PROP-E394AD90892A,,0,Unregistered,,,,,0,1.0,0
PROP-68B8506370C8,RERA-TNR-53948257,1,Ongoing,31.0,39.0,79.5,128.0,10,0.3,0
PROP-B20A5D32356D,,0,Unregistered,,,,,0,1.0,0
PROP-DFEDA14A0BE8,,0,Unregistered,,,,,0,1.0,0
PROP-FC9D0E12E5EC,,0,Unregistered,,,,,0,1.0,0
PROP-8359099DC310,,0,Unregistered,,,,,0,1.0,0
PROP-2CFA19FB8D06,RERA-TNR-85801007,1,Ongoing,13.0,47.0,27.7,140.0,11,0.818,0
PROP-374AD4140035,,0,Unregistered,,,,,0,1.0,0
PROP-907AFA72C91F,,0,Unregistered,,,,,0,1.0,0
PROP-D181E920CE83,,0,Unregistered,,,,,0,1.0,0
PROP-E421B6575BA6,,0,Unregistered,,,,,0,1.0,0
PROP-5E6351124A92,RERA-TNR-31452794,1,Ongoing,40.0,47.0,85.1,175.0,15,0.733,1
PROP-F898A535A8B5,,0,Unregistered,,,,,0,1.0,0
PROP-078EB785709D,,0,Unregistered,,,,,0,1.0,0
PROP-2F8F102BAE0D,RERA-TNR-88985380,1,Ongoing,10.0,40.0,25.0,57.0,5,0.6,0
PROP-1CE06D19BE7A,,0,Unregistered,,,,,0,1.0,0
PROP-E2ACA055A06E,RERA-TNR-09304923,1,Completed,29.0,25.0,100.0,188.0,10,0.5,0
PROP-853DA18E46F2,,0,Unregistered,,,,,0,1.0,0
PROP-43402555672E,,0,Unregistered,,,,,0,1.0,0
PROP-A46020F40D9C,,0,Unregistered,,,,,0,1.0,0
PROP-B1F8E56E7384,,0,Unregistered,,,,,0,1.0,0
PROP-B8BA4D5872C0,,0,Unregistered,,,,,0,1.0,0
PROP-DD0F43F8AF90,,0,Unregistered,,,,,0,1.0,0
PROP-2184E74FC302,,0,Unregistered,,,,,0,1.0,0
PROP-39CD76FA847D,,0,Unregistered,,,,,0,1.0,0
PROP-DBBE826408B6,RERA-TNR-46695497,1,Ongoing,7.0,42.0,16.7,152.0,6,0.833,0
PROP-7E4763F4E311,,0,Unregistered,,,,,0,1.0,0
PROP-94044F79BBE7,,0,Unregistered,,,,,0,1.0,0
PROP-796B051AF8B5,,0,Unregistered,,,,,0,1.0,0
PROP-944B59AC40E5,,0,Unregistered,,,,,0,1.0,0
PROP-573A3430DD29,RERA-TNR-48176349,1,Ongoing,19.0,33.0,57.6,112.0,8,0.375,0
PROP-05E494EF43ED,RERA-TNR-12300682,1,Ongoing,24.0,32.0,75.0,74.0,7,0.714,1
PROP-18582F514AEF,,0,Unregistered,,,,,0,1.0,0
PROP-CC8B5738C22B,,0,Unregistered,,,,,0,1.0,0
PROP-94BB14559F2B,,0,Unregistered,,,,,0,1.0,0
PROP-381D79A3EA96,RERA-TNR-81271381,1,Completed,39.0,27.0,100.0,105.0,12,0.917,4
PROP-A136638701BD,,0,Unregistered,,,,,0,1.0,0
PROP-1F60BF6998C2,,0,Unregistered,,,,,0,1.0,0
PROP-8C7D3E89F2EF,,0,Unregistered,,,,,0,1.0,0
PROP-2D787C5B7475,,0,Unregistered,,,,,0,1.0,0
PROP-1BE958EEC39E,RERA-TNR-03946069,1,Ongoing,27.0,47.0,57.4,133.0,13,0.846,2
PROP-814CF3B5B043,,0,Unregistered,,,,,0,1.0,0
PROP-C69E658E8D2A,RERA-TNR-74717661,1,Ongoing,31.0,46.0,67.4,241.0,33,0.091,0
PROP-37F1F0108DB1,,0,Unregistered,,,,,0,1.0,0
PROP-0EF627186823,,0,Unregistered,,,,,0,1.0,0
PROP-2042B245996E,,0,Unregistered,,,,,0,1.0,0
PROP-D496ADD94CD0,,0,Unregistered,,,,,0,1.0,0
PROP-709B561C258B,RERA-TNR-83414122,1,Ongoing,20.0,47.0,42.6,51.0,11,0.727,2
PROP-E677F5ADF86F,,0,Unregistered,,,,,0,1.0,0
PROP-05DFF2BD7711,,0,Unregistered,,,,,0,1.0,0
PROP-0BF84DE55887,,0,Unregistered,,,,,0,1.0,0
PROP-1B5AA3A15AD3,,0,Unregistered,,,,,0,1.0,0
PROP-54B26FF196B1,,0,Unregistered,,,,,0,1.0,0
PROP-579D5F435A05,,0,Unregistered,,,,,0,1.0,0
PROP-80C88437229A,,0,Unregistered,,,,,0,1.0,0
PROP-1524D2016EC7,,0,Unregistered,,,,,0,1.0,0
PROP-B45FD1830490,RERA-TNR-72378829,1,Completed,31.0,28.0,100.0,119.0,17,0.471,0
PROP-29E4ADBC9DF0,,0,Unregistered,,,,,0,1.0,0
PROP-5A224758051A,RERA-TNR-40847400,1,Completed,47.0,26.0,100.0,78.0,12,0.75,0
PROP-7116EF40DE1E,,0,Unregistered,,,,,0,1.0,0
PROP-0BD6B1259BF1,RERA-TNR-99410106,1,Ongoing,46.0,49.0,93.9,84.0,4,0.75,0
PROP-A5E030295F93,,0,Unregistered,,,,,0,1.0,0
PROP-7CA6482355A6,RERA-TNR-01657531,1,Completed,33.0,27.0,100.0,193.0,4,0.75,0
PROP-731FA5524C97,,0,Unregistered,,,,,0,1.0,0
PROP-883C25AC1D83,RERA-TNR-15555822,1,Ongoing,12.0,31.0,38.7,105.0,8,0.625,0
PROP-6350B007C187,,0,Unregistered,,,,,0,1.0,0
PROP-C71F79FAE54A,,0,Unregistered,,,,,0,1.0,0
PROP-C46A0445B3EA,,0,Unregistered,,,,,0,1.0,0
PROP-34AA51D6DB14,,0,Unregistered,,,,,0,1.0,0
PROP-85A7C4321F13,,0,Unregistered,,,,,0,1.0,0
PROP-1FF54B23E5A8,,0,Unregistered,,,,,0,1.0,0
PROP-E6DD120C2013,,0,Unregistered,,,,,0,1.0,0
PROP-4E5F5F8C89E5,,0,Unregistered,,,,,0,1.0,0
PROP-BB895603CA91,RERA-TNR-16599864,1,Completed,34.0,32.0,100.0,131.0,17,0.588,0
PROP-C9F82BF3C623,,0,Unregistered,,,,,0,1.0,0
PROP-D126F7BAADEB,RERA-TNR-31615323,1,Ongoing,9.0,24.0,37.5,60.0,14,0.571,0
PROP-ECF65B90FA60,RERA-TNR-61990014,1,Ongoing,8.0,31.0,25.8,25.0,10,0.3,0
PROP-B1546A04F6CB,,0,Unregistered,,,,,0,1.0,0
PROP-9A5597E90FB8,RERA-TNR-33454577,1,Ongoing,27.0,48.0,56.2,138.0,71,0.592,5
PROP-6BB2E461C9DB,,0,Unregistered,,,,,0,1.0,0
PROP-376795121424,,0,Unregistered,,,,,0,1.0,0
PROP-0544FCD53F6E,,0,Unregistered,,,,,0,1.0,0
PROP-4446D135AAF8,,0,Unregistered,,,,,0,1.0,0
PROP-8251B8023374,RERA-TNR-63296932,1,Completed,26.0,24.0,100.0,78.0,69,0.42,3
PROP-DB98A3618A5A,,0,Unregistered,,,,,0,1.0,0
PROP-F20C06D0100F,RERA-TNR-61559671,1,Ongoing,21.0,48.0,43.8,116.0,11,0.455,0
PROP-6ABEA56E481C,,0,Unregistered,,,,,0,1.0,0
PROP-1E9EA0875BA2,,0,Unregistered,,,,,0,1.0,0
PROP-D02330732B02,,0,Unregistered,,,,,0,1.0,0
PROP-7D2E46165F6E,,0,Unregistered,,,,,0,1.0,0
PROP-1A094AFB3D21,RERA-TNR-57454860,1,Completed,38.0,27.0,100.0,59.0,4,1.0,0
PROP-054F1E08932E,,0,Unregistered,,,,,0,1.0,0
PROP-7D6F43A9D4CE,RERA-TNR-73650272,1,Completed,83.0,31.0,100.0,114.0,20,0.75,1
PROP-9D80C55BA31F,RERA-TNR-91324554,1,Ongoing,28.0,34.0,82.4,264.0,7,0.571,0
PROP-A78E23A451BF,RERA-TNR-52924888,1,Ongoing,34.0,51.0,66.7,198.0,4,0.75,0
PROP-0D230B3AC852,RERA-TNR-79205875,1,Ongoing,41.0,50.0,82.0,69.0,10,0.7,0
PROP-6D7F8E5A2DE1,RERA-TNR-60334298,1,Ongoing,20.0,27.0,74.1,80.0,9,0.778,1
PROP-D492BABBD318,RERA-TNR-78137580,1,Ongoing,18.0,26.0,69.2,66.0,20,0.55,0
PROP-35DF3BA782CF,,0,Unregistered,,,,,0,1.0,0
PROP-EC1D51D84FCC,,0,Unregistered,,,,,0,1.0,0
PROP-99069AA54123,RERA-TNR-42755877,1,Ongoing,19.0,52.0,36.5,241.0,11,0.273,1
PROP-DA387BA6E04C,RERA-TNR-88906865,1,Ongoing,15.0,53.0,28.3,71.0,5,0.6,0
PROP-BECFE8384E6B,,0,Unregistered,,,,,0,1.0,0
PROP-88E36C33860A,RERA-TNR-12383138,1,Ongoing,16.0,31.0,51.6,66.0,9,0.556,0
PROP-6004129C6DDD,RERA-TNR-06121383,1,Ongoing,21.0,48.0,43.8,19.0,10,0.7,0
PROP-0E75832E4AA0,,0,Unregistered,,,,,0,1.0,0
PROP-3313188F61D5,RERA-TNR-15451198,1,Ongoing,12.0,57.0,21.1,80.0,37,0.432,0
PROP-2FA439EE4C93,,0,Unregistered,,,,,0,1.0,0
PROP-B6ECE80B86E8,,0,Unregistered,,,,,0,1.0,0
PROP-F28C9BF045E7,RERA-TNR-80721126,1,Ongoing,20.0,45.0,44.4,176.0,16,0.812,1
PROP-36477752DED5,,0,Unregistered,,,,,0,1.0,0
PROP-7112439953E3,RERA-TNR-57222609,1,Ongoing,39.0,56.0,69.6,177.0,6,0.333,0
PROP-146D1DB2DCCE,RERA-TNR-65818904,1,Ongoing,34.0,40.0,85.0,50.0,10,0.5,0
PROP-384B46371991,,0,Unregistered,,,,,0,1.0,0
PROP-968709E1BB19,,0,Unregistered,,,,,0,1.0,0
PROP-B9254300394C,RERA-TNR-19323416,1,Ongoing,22.0,59.0,37.3,36.0,8,0.625,0
PROP-9131CEDE8127,,0,Unregistered,,,,,0,1.0,0
PROP-39EDB7D041E5,RERA-TNR-50045614,1,Ongoing,16.0,32.0,50.0,22.0,20,0.75,1
PROP-5513641AFA85,RERA-TNR-36411392,1,Ongoing,26.0,42.0,61.9,32.0,25,0.36,0
PROP-3A3C18D3CC38,RERA-TNR-40785462,1,Completed,28.0,27.0,100.0,63.0,7,0.714,0
PROP-58327ABA6D5F,,0,Unregistered,,,,,0,1.0,0
PROP-542BBDC4C7F3,,0,Unregistered,,,,,0,1.0,0
PROP-CE6E108E3E2C,,0,Unregistered,,,,,0,1.0,0
PROP-C87C13D1265B,,0,Unregistered,,,,,0,1.0,0
PROP-3455C7794523,,0,Unregistered,,,,,0,1.0,0
PROP-281B3E70BCFF,,0,Unregistered,,,,,0,1.0,0
PROP-7CF166B41216,,0,Unregistered,,,,,0,1.0,0
PROP-047D3271BFBD,RERA-TNR-33885842,1,Completed,48.0,45.0,100.0,90.0,17,0.706,2
PROP-C32AF10052CD,,0,Unregistered,,,,,0,1.0,0
PROP-D41C3D257693,,0,Unregistered,,,,,0,1.0,0
PROP-EF5E9F586DBE,,0,Unregistered,,,,,0,1.0,0
PROP-11FB4EE4D594,,0,Unregistered,,,,,0,1.0,0
PROP-048409EBAB0F,,0,Unregistered,,,,,0,1.0,0
PROP-9D5B2A37CDFE,RERA-TNR-94020406,1,Ongoing,8.0,53.0,15.1,72.0,6,0.333,0
PROP-5D2682D5D5A8,RERA-TNR-55699219,1,Ongoing,37.0,53.0,69.8,97.0,16,0.438,0
PROP-8D92ADA87AA0,RERA-TNR-95331297,1,Ongoing,31.0,40.0,77.5,59.0,5,0.4,0
PROP-3CC61B14ED9B,,0,Unregistered,,,,,0,1.0,0
PROP-FA3719D0ED4F,,0,Unregistered,,,,,0,1.0,0
PROP-CD5F9F9E7FF7,,0,Unregistered,,,,,0,1.0,0
PROP-EB4A1A9AE20E,,0,Unregistered,,,,,0,1.0,0
PROP-A2545784B293,,0,Unregistered,,,,,0,1.0,0
PROP-2E033DF8E275,RERA-TNR-21930192,1,Ongoing,22.0,39.0,56.4,76.0,24,0.25,0
PROP-1FB8D6BD160D,,0,Unregistered,,,,,0,1.0,0
PROP-F5A68B7DFC42,,0,Unregistered,,,,,0,1.0,0
PROP-F0BD4E311C57,RERA-TNR-17049233,1,Completed,27.0,27.0,100.0,183.0,13,0.462,0
PROP-957633769825,,0,Unregistered,,,,,0,1.0,0
PROP-207F9F6C82A1,RERA-TNR-97892014,1,Completed,28.0,28.0,100.0,39.0,16,0.875,1
PROP-DC55255189BD,RERA-TNR-95660334,1,Ongoing,16.0,43.0,37.2,229.0,7,0.571,0
PROP-568A0D0483D1,,0,Unregistered,,,,,0,1.0,0
PROP-2AD35CBDD10D,RERA-TNR-58546270,1,Ongoing,40.0,46.0,87.0,138.0,13,0.923,2
PROP-E9F60B779D0F,RERA-TNR-47859928,1,Ongoing,22.0,42.0,52.4,58.0,22,0.682,0
PROP-523A3FC1860A,,0,Unregistered,,,,,0,1.0,0
PROP-D49E710447AD,,0,Unregistered,,,,,0,1.0,0
PROP-A515A1FEB83F,RERA-TNR-21236111,1,Completed,45.0,29.0,100.0,118.0,20,0.7,2
PROP-56B3FBB796CE,RERA-TNR-56011428,1,Completed,34.0,26.0,100.0,106.0,14,0.643,0
PROP-43F49D4C9A96,,0,Unregistered,,,,,0,1.0,0
PROP-7CEFDA7B46A6,RERA-TNR-15725930,1,Completed,40.0,40.0,100.0,53.0,6,0.833,0
PROP-89A989D5AEC5,,0,Unregistered,,,,,0,1.0,0
PROP-F7E1DDE82792,,0,Unregistered,,,,,0,1.0,0
PROP-1D51EEED690A,,0,Unregistered,,,,,0,1.0,0
PROP-45688A151BEC,RERA-TNR-91123728,1,Ongoing,30.0,35.0,85.7,67.0,12,0.667,0
PROP-24CBB7EFBCEF,,0,Unregistered,,,,,0,1.0,0
PROP-3A4347158642,,0,Unregistered,,,,,0,1.0,0
PROP-2A2DCA0CF5BB,,0,Unregistered,,,,,0,1.0,0
PROP-E293A28491F9,,0,Unregistered,,,,,0,1.0,0
PROP-6D87CE160010,,0,Unregistered,,,,,0,1.0,0
PROP-EC9F1894A0D2,,0,Unregistered,,,,,0,1.0,0
PROP-D2B8AEFDC4A2,,0,Unregistered,,,,,0,1.0,0
PROP-6C2B6A425065,RERA-TNR-19220745,1,Ongoing,7.0,40.0,17.5,60.0,12,0.917,1
PROP-BC4691A199D2,,0,Unregistered,,,,,0,1.0,0
PROP-2D5F825DE4AF,,0,Unregistered,,,,,0,1.0,0
PROP-EF590F3FA56A,,0,Unregistered,,,,,0,1.0,0
PROP-9576F66E3C33,,0,Unregistered,,,,,0,1.0,0
PROP-8BF6B2AFC71C,,0,Unregistered,,,,,0,1.0,0
PROP-636DDDB1B4E7,RERA-TNR-61145041,1,Ongoing,15.0,58.0,25.9,248.0,10,0.6,0
PROP-E8882E4C4F1F,,0,Unregistered,,,,,0,1.0,0
PROP-A36C94723B05,,0,Unregistered,,,,,0,1.0,0
PROP-49396E8DABBC,,0,Unregistered,,,,,0,1.0,0
PROP-57EA5236DEFB,RERA-TNR-11084574,1,Ongoing,32.0,47.0,68.1,122.0,10,0.6,0
PROP-ABA20FC7ECB6,RERA-TNR-94977547,1,Ongoing,37.0,59.0,62.7,115.0,19,0.526,0
PROP-78682429BB22,RERA-TNR-77408311,1,Completed,73.0,25.0,100.0,36.0,15,0.8,0
PROP-B3CF8BABB6F2,RERA-TNR-96356171,1,Ongoing,25.0,26.0,96.2,91.0,9,0.667,1
PROP-5871CC94B0CC,,0,Unregistered,,,,,0,1.0,0
PROP-047C3170CAC9,RERA-TNR-72265417,1,Ongoing,23.0,60.0,38.3,162.0,5,0.6,0
PROP-5B361EA28049,,0,Unregistered,,,,,0,1.0,0
PROP-3BA19A960562,RERA-TNR-79908451,1,Ongoing,37.0,41.0,90.2,176.0,8,0.5,0
PROP-1B5CA76FE1DF,RERA-TNR-42778189,1,Ongoing,31.0,53.0,58.5,67.0,11,0.727,0
PROP-B431D9873E4F,,0,Unregistered,,,,,0,1.0,0
PROP-92CE2E806BB0,,0,Unregistered,,,,,0,1.0,0
PROP-1EEF04637056,,0,Unregistered,,,,,0,1.0,0
PROP-80466D17C476,RERA-TNR-07933596,1,Ongoing,26.0,60.0,43.3,18.0,10,0.7,0
PROP-A5DEBFD65275,,0,Unregistered,,,,,0,1.0,0
PROP-8E673EBCACFC,RERA-TNR-69380574,1,Ongoing,24.0,26.0,92.3,141.0,17,0.765,2
PROP-64453DA207AB,RERA-TNR-59189554,1,Ongoing,31.0,43.0,72.1,85.0,4,0.5,0
PROP-6AE9E231A7E8,,0,Unregistered,,,,,0,1.0,0
PROP-5D196C38E942,RERA-TNR-56486142,1,Ongoing,40.0,42.0,95.2,38.0,7,0.571,0
PROP-AFBB585988A1,RERA-TNR-75580324,1,Ongoing,34.0,52.0,65.4,220.0,6,0.333,0
PROP-123BE1112E9D,RERA-TNR-07908477,1,Ongoing,23.0,54.0,42.6,21.0,10,0.8,1
PROP-758E0F776A14,RERA-TNR-12364825,1,Ongoing,7.0,33.0,21.2,40.0,11,0.818,1
PROP-EBF1AEE03EE8,,0,Unregistered,,,,,0,1.0,0
PROP-F1483558F67E,RERA-TNR-36878108,1,Completed,34.0,33.0,100.0,15.0,39,0.462,1
PROP-68E4EFB12169,,0,Unregistered,,,,,0,1.0,0
PROP-EFC4C69F4069,,0,Unregistered,,,,,0,1.0,0
PROP-370B44AC29BB,,0,Unregistered,,,,,0,1.0,0
PROP-0AF72CDF3DD7,,0,Unregistered,,,,,0,1.0,0
PROP-AE1224CDA183,RERA-TNR-94265227,1,Ongoing,33.0,49.0,67.3,141.0,12,0.333,0
PROP-C545A7EF0886,RERA-TNR-23291817,1,Ongoing,7.0,43.0,16.3,31.0,7,0.286,0
PROP-DC411E13B622,,0,Unregistered,,,,,0,1.0,0
PROP-935D767505B7,,0,Unregistered,,,,,0,1.0,0
PROP-50FB177A2F93,RERA-TNR-34338869,1,Completed,27.0,25.0,100.0,152.0,17,0.588,0
PROP-84149ACF4546,,0,Unregistered,,,,,0,1.0,0
PROP-2C030FB1FD1C,RERA-TNR-82622056,1,Ongoing,14.0,33.0,42.4,48.0,15,0.6,0
PROP-23EB90E80E6E,,0,Unregistered,,,,,0,1.0,0
PROP-603219C904DE,RERA-TNR-51729058,1,Ongoing,40.0,48.0,83.3,33.0,12,0.75,2
PROP-A05D4B668437,RERA-TNR-75818039,1,Ongoing,21.0,31.0,67.7,81.0,11,0.545,0
PROP-AB10B3B25C26,RERA-TNR-66275482,1,Ongoing,24.0,55.0,43.6,191.0,5,0.8,1
PROP-1FBD46093677,,0,Unregistered,,,,,0,1.0,0
PROP-9C20A2BE172F,,0,Unregistered,,,,,0,1.0,0
PROP-0D29A9A27363,,0,Unregistered,,,,,0,1.0,0
PROP-6249728246A4,,0,Unregistered,,,,,0,1.0,0
PROP-EC7A49F3E79D,,0,Unregistered,,,,,0,1.0,0
PROP-5CD1D083370F,,0,Unregistered,,,,,0,1.0,0
PROP-B612F1E63F8F,RERA-TNR-62107240,1,Ongoing,18.0,39.0,46.2,210.0,22,0.818,0
PROP-92604544445A,RERA-TNR-08781023,1,Completed,29.0,25.0,100.0,34.0,16,0.5,0
PROP-E4F786F8A9C5,RERA-TNR-77408311,1,Completed,46.0,25.0,100.0,36.0,14,0.643,0
PROP-095536C61A49,,0,Unregistered,,,,,0,1.0,0
PROP-3AC3ACD3BBEC,RERA-TNR-65129005,1,Ongoing,35.0,51.0,68.6,65.0,7,0.429,0
PROP-5DFA2278585D,,0,Unregistered,,,,,0,1.0,0
PROP-7326B3BB46CC,,0,Unregistered,,,,,0,1.0,0
PROP-C30393DAFB6B,,0,Unregistered,,,,,0,1.0,0
PROP-1D1CE5E679C2,,0,Unregistered,,,,,0,1.0,0
PROP-886E92E38564,RERA-TNR-48233181,1,Ongoing,31.0,51.0,60.8,201.0,8,0.75,0
PROP-F39038E5A4A6,RERA-TNR-57261913,1,Ongoing,27.0,55.0,49.1,103.0,5,0.8,0
PROP-8012B832B31B,,0,Unregistered,,,,,0,1.0,0
PROP-47F60DD942BB,RERA-TNR-01794133,1,Completed,53.0,53.0,100.0,12.0,8,0.75,0
PROP-7F2A6102A08B,,0,Unregistered,,,,,0,1.0,0
PROP-9C8E6167ED12,RERA-TNR-64800076,1,Completed,63.0,25.0,100.0,79.0,10,0.6,0
PROP-85311F49F3AD,,0,Unregistered,,,,,0,1.0,0
PROP-DE157F628EF5,RERA-TNR-63144669,1,Completed,35.0,29.0,100.0,179.0,13,0.538,0
PROP-D47CC6D5F8B2,,0,Unregistered,,,,,0,1.0,0
PROP-039D14DE8551,RERA-TNR-34700254,1,Ongoing,28.0,46.0,60.9,50.0,4,0.5,0
PROP-3E6B9C87D772,RERA-TNR-57074996,1,Ongoing,14.0,34.0,41.2,76.0,12,0.5,0
PROP-D8E85E5F9387,RERA-TNR-25737188,1,Ongoing,30.0,58.0,51.7,35.0,14,0.929,3
PROP-FBD4B9F295AE,,0,Unregistered,,,,,0,1.0,0
PROP-34E5A70A19A6,RERA-TNR-22399530,1,Ongoing,32.0,52.0,61.5,220.0,9,0.556,0
PROP-CE95B2851E05,,0,Unregistered,,,,,0,1.0,0
PROP-105DEF10B62E,,0,Unregistered,,,,,0,1.0,0
PROP-DFEF5D40CDAC,,0,Unregistered,,,,,0,1.0,0
PROP-D0125D7F1E3F,,0,Unregistered,,,,,0,1.0,0
PROP-C8356D196EB4,,0,Unregistered,,,,,0,1.0,0
PROP-C11883496832,RERA-TNR-36217441,1,Completed,58.0,56.0,100.0,79.0,15,0.667,0
PROP-5E0A905726D7,RERA-TNR-65948409,1,Ongoing,35.0,45.0,77.8,25.0,16,0.688,1
PROP-A3466C0423E4,,0,Unregistered,,,,,0,1.0,0
PROP-2B3933433ECC,,0,Unregistered,,,,,0,1.0,0
PROP-9E2B1CC14639,,0,Unregistered,,,,,0,1.0,0
PROP-B444EDDF5ADE,,0,Unregistered,,,,,0,1.0,0
PROP-2497DA715EAB,,0,Unregistered,,,,,0,1.0,0
PROP-313C6CDE9C19,,0,Unregistered,,,,,0,1.0,0
PROP-038425F790E1,RERA-TNR-66382485,1,Ongoing,39.0,42.0,92.9,95.0,22,0.136,0
PROP-C6866C540833,,0,Unregistered,,,,,0,1.0,0
PROP-DE375B3B7AB8,RERA-TNR-37657975,1,Completed,41.0,38.0,100.0,15.0,6,0.833,0
PROP-4621C4F0A31A,,0,Unregistered,,,,,0,1.0,0
PROP-D01F227C3630,,0,Unregistered,,,,,0,1.0,0
PROP-212E826D69F5,,0,Unregistered,,,,,0,1.0,0
PROP-05D74D41B330,,0,Unregistered,,,,,0,1.0,0
PROP-B2361C1ABE9B,,0,Unregistered,,,,,0,1.0,0
PROP-78DC410CE90A,RERA-TNR-33885842,1,Ongoing,21.0,45.0,46.7,90.0,17,0.412,0
PROP-5A1F27E158CA,,0,Unregistered,,,,,0,1.0,0
PROP-02A9785BE6B5,,0,Unregistered,,,,,0,1.0,0
PROP-87E5683FF62B,,0,Unregistered,,,,,0,1.0,0
PROP-B75CB8A653E4,,0,Unregistered,,,,,0,1.0,0
PROP-4C9EEF70412C,,0,Unregistered,,,,,0,1.0,0
PROP-49E894176BB0,RERA-TNR-37049064,1,Ongoing,30.0,57.0,52.6,181.0,10,0.2,0
PROP-FBFAA78656CE,,0,Unregistered,,,,,0,1.0,0
PROP-12CD7FA6D63B,,0,Unregistered,,,,,0,1.0,0
PROP-CFFBA036750C,RERA-TNR-14333139,1,Ongoing,13.0,32.0,40.6,37.0,14,0.643,0
PROP-2C08F7C73864,RERA-TNR-94815081,1,Ongoing,23.0,27.0,85.2,143.0,12,0.5,0
PROP-A61526B76717,,0,Unregistered,,,,,0,1.0,0
PROP-B5BBE2D54501,,0,Unregistered,,,,,0,1.0,0
PROP-C55C71829D0F,,0,Unregistered,,,,,0,1.0,0
PROP-9D26E5B94C09,RERA-TNR-66205513,1,Ongoing,35.0,48.0,72.9,29.0,7,0.571,0
PROP-E4280A60FD9F,,0,Unregistered,,,,,0,1.0,0
PROP-F88B6FA80420,,0,Unregistered,,,,,0,1.0,0
PROP-598D860C57F7,,0,Unregistered,,,,,0,1.0,0
PROP-B86897DAF087,RERA-TNR-67864835,1,Ongoing,33.0,37.0,89.2,114.0,5,0.4,0
PROP-89289F8E1020,,0,Unregistered,,,,,0,1.0,0
PROP-4D65BEFCFF35,,0,Unregistered,,,,,0,1.0,0
PROP-6304C1649CD3,,0,Unregistered,,,,,0,1.0,0
PROP-95C30A7FAFE7,,0,Unregistered,,,,,0,1.0,0
PROP-760A66091304,RERA-TNR-40950826,1,Ongoing,24.0,40.0,60.0,26.0,12,0.667,1
PROP-0CC231D6445D,RERA-TNR-40950826,1,Ongoing,12.0,40.0,30.0,26.0,12,0.583,0
PROP-7F831A852421,,0,Unregistered,,,,,0,1.0,0
PROP-461841126FD8,,0,Unregistered,,,,,0,1.0,0
PROP-EB6490EEF52A,,0,Unregistered,,,,,0,1.0,0
PROP-D2B8D5E7818B,,0,Unregistered,,,,,0,1.0,0
PROP-8505C6D58A2D,RERA-TNR-41309009,1,Completed,35.0,26.0,100.0,130.0,16,0.75,0
PROP-22F9546CB97B,,0,Unregistered,,,,,0,1.0,0
PROP-5913E9A5D96D,,0,Unregistered,,,,,0,1.0,0
PROP-48582130F801,RERA-TNR-12083668,1,Ongoing,34.0,38.0,89.5,36.0,6,0.667,0
PROP-AB189F42AE3A,RERA-TNR-36217441,1,Ongoing,43.0,56.0,76.8,79.0,15,0.6,0
PROP-69F66ED866EC,,0,Unregistered,,,,,0,1.0,0
PROP-E5C7FD45EC04,,0,Unregistered,,,,,0,1.0,0
PROP-13FA24FAFC84,RERA-TNR-64800076,1,Completed,45.0,25.0,100.0,79.0,9,0.556,0
PROP-3E5B52A434E1,,0,Unregistered,,,,,0,1.0,0
PROP-C1FB700C2334,RERA-TNR-11062267,1,Completed,33.0,30.0,100.0,236.0,23,0.826,0
PROP-99D43A4930DF,,0,Unregistered,,,,,0,1.0,0
PROP-98CEE4650250,,0,Unregistered,,,,,0,1.0,0
PROP-ECDB08D0A547,,0,Unregistered,,,,,0,1.0,0
PROP-0E461529BB38,RERA-TNR-43531186,1,Ongoing,16.0,24.0,66.7,127.0,11,0.818,1
PROP-507784D5BF0B,,0,Unregistered,,,,,0,1.0,0
PROP-ECC1213DC69B,RERA-TNR-85468263,1,Ongoing,25.0,54.0,46.3,103.0,6,0.667,1
PROP-93A946C0D4CC,,0,Unregistered,,,,,0,1.0,0
PROP-FB6C524EA7CA,,0,Unregistered,,,,,0,1.0,0
PROP-7DD908F453A9,,0,Unregistered,,,,,0,1.0,0
PROP-71F7051F77B3,RERA-TNR-93267965,1,Ongoing,27.0,50.0,54.0,35.0,11,0.727,1
PROP-DE1E4103B86A,RERA-TNR-71272818,1,Ongoing,12.0,25.0,48.0,44.0,9,0.667,0
PROP-8650FC964A32,RERA-TNR-47943814,1,Ongoing,24.0,49.0,49.0,269.0,16,0.625,0
PROP-9640F6004261,,0,Unregistered,,,,,0,1.0,0
PROP-42AE066E1A7A,,0,Unregistered,,,,,0,1.0,0
PROP-2A795495F12F,RERA-TNR-95800161,1,Ongoing,35.0,41.0,85.4,103.0,4,0.5,0
PROP-B7F344B98DCA,,0,Unregistered,,,,,0,1.0,0
PROP-B0BF6625DA15,RERA-TNR-09596479,1,Ongoing,41.0,57.0,71.9,82.0,6,0.667,0
PROP-625CEE21561C,,0,Unregistered,,,,,0,1.0,0
PROP-B02DED0F1F8E,,0,Unregistered,,,,,0,1.0,0
PROP-32B6BF80ADCF,RERA-TNR-93267965,1,Ongoing,27.0,50.0,54.0,35.0,11,0.727,1
PROP-6193E6D2E28B,RERA-TNR-31286226,1,Ongoing,32.0,44.0,72.7,50.0,11,0.545,0
PROP-97834262F186,RERA-TNR-28379225,1,Ongoing,49.0,58.0,84.5,25.0,17,0.824,2
PROP-5E1773F61EED,,0,Unregistered,,,,,0,1.0,0
PROP-7A565625ECA2,,0,Unregistered,,,,,0,1.0,0
PROP-102A48EA76ED,,0,Unregistered,,,,,0,1.0,0
PROP-38EA3789666C,,0,Unregistered,,,,,0,1.0,0
PROP-75FEBA3A7DDF,,0,Unregistered,,,,,0,1.0,0
PROP-3E799E9F82BD,,0,Unregistered,,,,,0,1.0,0
PROP-75D668FA86B2,RERA-TNR-53891478,1,Completed,32.0,30.0,100.0,107.0,19,0.842,1
PROP-FED461A27222,RERA-TNR-06021773,1,Ongoing,27.0,60.0,45.0,94.0,7,0.571,0
PROP-5479AC599AB2,,0,Unregistered,,,,,0,1.0,0
PROP-92F449C3516F,,0,Unregistered,,,,,0,1.0,0
PROP-099F018AC5BC,,0,Unregistered,,,,,0,1.0,0
PROP-50DAE96FD69F,,0,Unregistered,,,,,0,1.0,0
PROP-14B4356FBFB6,RERA-TNR-84563427,1,Ongoing,41.0,59.0,69.5,58.0,14,0.857,0
PROP-EE3776062233,,0,Unregistered,,,,,0,1.0,0
PROP-9B690912CCD5,RERA-TNR-21772466,1,Ongoing,40.0,58.0,69.0,28.0,16,0.5,0
PROP-5556187ED4D0,,0,Unregistered,,,,,0,1.0,0
PROP-730108554819,,0,Unregistered,,,,,0,1.0,0
PROP-C0DFC03283FC,RERA-TNR-31448368,1,Ongoing,14.0,30.0,46.7,195.0,7,0.429,0
PROP-5A32062519A6,,0,Unregistered,,,,,0,1.0,0
PROP-1C3BF06492FD,,0,Unregistered,,,,,0,1.0,0
PROP-68D49B07F2B9,,0,Unregistered,,,,,0,1.0,0
PROP-DE9DA28714AF,RERA-TNR-25158748,1,Ongoing,26.0,39.0,66.7,27.0,9,0.889,5
PROP-D155733E8EC2,RERA-TNR-51540990,1,Ongoing,8.0,34.0,23.5,72.0,10,0.5,0
PROP-57BE276EBE13,RERA-TNR-79957078,1,Ongoing,40.0,43.0,93.0,213.0,11,0.455,0
PROP-BEDF6EE3E0C3,RERA-TNR-77408311,1,Completed,37.0,25.0,100.0,36.0,12,0.583,0
PROP-9CFB94F4D3DF,RERA-TNR-96436424,1,Completed,38.0,25.0,100.0,44.0,6,0.833,0
PROP-98A17047105D,,0,Unregistered,,,,,0,1.0,0
PROP-20508311F8C6,,0,Unregistered,,,,,0,1.0,0
PROP-4DC234BD92CE,RERA-TNR-63575806,1,Ongoing,35.0,49.0,71.4,72.0,6,0.167,0
PROP-29E05F68CDDC,,0,Unregistered,,,,,0,1.0,0
PROP-AC93EF4B6D3C,RERA-TNR-95660334,1,Ongoing,28.0,43.0,65.1,229.0,9,0.556,0
PROP-6FCE6FED78AF,RERA-TNR-75455830,1,Completed,40.0,30.0,100.0,50.0,7,0.714,0
PROP-76D8CBDA7DFF,,0,Unregistered,,,,,0,1.0,0
PROP-818420AF923D,,0,Unregistered,,,,,0,1.0,0
PROP-8BF30EA613B3,,0,Unregistered,,,,,0,1.0,0
PROP-17E87CF8A856,,0,Unregistered,,,,,0,1.0,0
PROP-3C9F36317EC2,,0,Unregistered,,,,,0,1.0,0
PROP-7C03D493EBE5,RERA-TNR-57501910,1,Ongoing,8.0,28.0,28.6,271.0,12,0.667,0
PROP-A6EA47DC8AE0,,0,Unregistered,,,,,0,1.0,0
PROP-2AE5A7C5C609,RERA-TNR-18334597,1,Ongoing,11.0,25.0,44.0,43.0,7,0.571,0
PROP-9264D5AC4CE3,,0,Unregistered,,,,,0,1.0,0
PROP-FE11C3BF1BCF,,0,Unregistered,,,,,0,1.0,0
PROP-DCEEB7DB5B1D,,0,Unregistered,,,,,0,1.0,0
PROP-C2DBDC3420F0,,0,Unregistered,,,,,0,1.0,0
PROP-B0783D9690D4,,0,Unregistered,,,,,0,1.0,0
PROP-AC5E103DEF8E,RERA-TNR-26849105,1,Completed,35.0,32.0,100.0,223.0,11,0.727,0
PROP-3EC2C03B30A9,,0,Unregistered,,,,,0,1.0,0
PROP-8AD7E6E843B7,,0,Unregistered,,,,,0,1.0,0
PROP-B68513FEE3D9,,0,Unregistered,,,,,0,1.0,0
PROP-758543E09AF4,RERA-TNR-19201386,1,Ongoing,24.0,33.0,72.7,140.0,11,0.455,0
PROP-883EAD1BD562,,0,Unregistered,,,,,0,1.0,0
PROP-31EF6B37DC72,,0,Unregistered,,,,,0,1.0,0
PROP-8A2605F9B087,,0,Unregistered,,,,,0,1.0,0
PROP-4D58E2CC3297,,0,Unregistered,,,,,0,1.0,0
PROP-70F451C48336,RERA-TNR-76315543,1,Completed,64.0,33.0,100.0,85.0,5,1.0,1
PROP-EA4E6AE54F50,RERA-TNR-21236111,1,Completed,57.0,29.0,100.0,118.0,21,0.762,3
PROP-C630C6A76782,,0,Unregistered,,,,,0,1.0,0
PROP-6B016AD2CD8A,,0,Unregistered,,,,,0,1.0,0
PROP-FD339ECF86FC,RERA-TNR-95585637,1,Completed,39.0,34.0,100.0,164.0,22,0.591,0
PROP-7157850066F1,,0,Unregistered,,,,,0,1.0,0
PROP-4F610207525A,RERA-TNR-88339704,1,Ongoing,6.0,48.0,12.5,230.0,23,0.826,0
PROP-2540EF3E8199,,0,Unregistered,,,,,0,1.0,0
PROP-ABBA164A9C1B,,0,Unregistered,,,,,0,1.0,0
PROP-31DC090E2289,RERA-TNR-54340748,1,Completed,58.0,34.0,100.0,72.0,15,0.733,1
PROP-00E7989E006F,,0,Unregistered,,,,,0,1.0,0
PROP-AC90129CF0DC,,0,Unregistered,,,,,0,1.0,0
PROP-DFEEA937B78F,,0,Unregistered,,,,,0,1.0,0
PROP-CAB710BE24E4,,0,Unregistered,,,,,0,1.0,0
PROP-FC9537F5CD9F,,0,Unregistered,,,,,0,1.0,0
PROP-1D034CF76D91,,0,Unregistered,,,,,0,1.0,0
PROP-AAA2533FD741,RERA-TNR-88943473,1,Ongoing,27.0,45.0,60.0,50.0,12,0.583,0
PROP-A76AAEB1588E,,0,Unregistered,,,,,0,1.0,0
PROP-5D18B35844D0,,0,Unregistered,,,,,0,1.0,0
PROP-E33DBD7AEC61,,0,Unregistered,,,,,0,1.0,0
PROP-B24B67FD6BB9,RERA-TNR-60975528,1,Ongoing,18.0,40.0,45.0,45.0,19,0.737,0
PROP-0EE16A6C79B4,,0,Unregistered,,,,,0,1.0,0
PROP-C897AC066CE7,RERA-TNR-59189554,1,Ongoing,28.0,43.0,65.1,85.0,4,0.5,0
PROP-A66EED7F4FFB,,0,Unregistered,,,,,0,1.0,0
PROP-938B35609A83,RERA-TNR-64800076,1,Ongoing,18.0,25.0,72.0,79.0,5,0.6,0
PROP-B30F84ED7C1A,,0,Unregistered,,,,,0,1.0,0
PROP-33E8A051C8BB,RERA-TNR-21617416,1,Ongoing,26.0,33.0,78.8,75.0,10,0.5,0
PROP-F472C4E6FE5D,,0,Unregistered,,,,,0,1.0,0
PROP-BA0F4D79AFF5,RERA-TNR-60277224,1,Ongoing,45.0,53.0,84.9,12.0,5,0.6,0
PROP-176F6043EB16,,0,Unregistered,,,,,0,1.0,0
PROP-9E29C1686C42,,0,Unregistered,,,,,0,1.0,0
PROP-B1B71FF687F6,,0,Unregistered,,,,,0,1.0,0
PROP-053D9143FAA2,RERA-TNR-78997726,1,Ongoing,20.0,42.0,47.6,190.0,12,0.667,0
PROP-4691CA752DE8,,0,Unregistered,,,,,0,1.0,0
PROP-6010D55F9972,,0,Unregistered,,,,,0,1.0,0
PROP-BFE34B6A42A5,,0,Unregistered,,,,,0,1.0,0
PROP-CD08A2CAC136,,0,Unregistered,,,,,0,1.0,0
PROP-A456B97B86B0,,0,Unregistered,,,,,0,1.0,0
PROP-5FB2109BFB0C,,0,Unregistered,,,,,0,1.0,0
PROP-0BFC1892F6D5,,0,Unregistered,,,,,0,1.0,0
PROP-38E8B5DF885A,,0,Unregistered,,,,,0,1.0,0
PROP-3E02D030B25B,RERA-TNR-98743118,1,Ongoing,16.0,46.0,34.8,28.0,14,0.786,2
PROP-28DD3A269ABF,,0,Unregistered,,,,,0,1.0,0
PROP-CCA630C5A833,RERA-TNR-02578487,1,Ongoing,41.0,43.0,95.3,73.0,10,0.1,0
PROP-5BE53FBA4840,RERA-TNR-06163562,1,Ongoing,8.0,53.0,15.1,92.0,15,0.8,0
PROP-79FCF61433FF,RERA-TNR-29694900,1,Ongoing,18.0,33.0,54.5,10.0,14,0.286,0
PROP-AAAFF46FCFFA,,0,Unregistered,,,,,0,1.0,0
PROP-72FBB7DBF49B,,0,Unregistered,,,,,0,1.0,0
PROP-BE3344A9183A,,0,Unregistered,,,,,0,1.0,0
PROP-6C38EEE84652,,0,Unregistered,,,,,0,1.0,0
PROP-C8ABBC4B58A5,,0,Unregistered,,,,,0,1.0,0
PROP-A7BDD19BC058,,0,Unregistered,,,,,0,1.0,0
PROP-4214690471CC,,0,Unregistered,,,,,0,1.0,0
PROP-6FC6D5EF0031,RERA-TNR-51140928,1,Ongoing,10.0,37.0,27.0,161.0,8,0.125,0
PROP-84A2B3360A63,,0,Unregistered,,,,,0,1.0,0
PROP-433E091DDD32,,0,Unregistered,,,,,0,1.0,0
PROP-1701476D69A7,,0,Unregistered,,,,,0,1.0,0
PROP-349B9C47C91F,,0,Unregistered,,,,,0,1.0,0
PROP-159224B80096,,0,Unregistered,,,,,0,1.0,0
PROP-4B12C9E4E146,,0,Unregistered,,,,,0,1.0,0
PROP-35BE0D77385C,RERA-TNR-82709383,1,Ongoing,13.0,40.0,32.5,210.0,15,0.667,0
PROP-1F60CB28B0C8,,0,Unregistered,,,,,0,1.0,0
PROP-A0E0306C5A80,,0,Unregistered,,,,,0,1.0,0
PROP-45DAC6E7FF34,,0,Unregistered,,,,,0,1.0,0
PROP-483FB7A6647A,RERA-TNR-95340343,1,Ongoing,25.0,55.0,45.5,53.0,12,0.167,0
PROP-0C82EE1F2965,RERA-TNR-90461539,1,Ongoing,13.0,46.0,28.3,73.0,4,0.5,0
PROP-258076B12F72,,0,Unregistered,,,,,0,1.0,0
PROP-175D59FC260C,,0,Unregistered,,,,,0,1.0,0
PROP-7508C0D46D48,,0,Unregistered,,,,,0,1.0,0
PROP-5E1E3BC9AF83,,0,Unregistered,,,,,0,1.0,0
PROP-40AD669D8229,,0,Unregistered,,,,,0,1.0,0
PROP-7EE61EE8B535,,0,Unregistered,,,,,0,1.0,0
PROP-138D9E65DB0F,,0,Unregistered,,,,,0,1.0,0
PROP-C4253A09A7EB,RERA-TNR-66293546,1,Ongoing,24.0,55.0,43.6,163.0,17,0.471,0
PROP-0D0898198CD0,,0,Unregistered,,,,,0,1.0,0
PROP-A9054D286DE6,,0,Unregistered,,,,,0,1.0,0
PROP-0A2508447F60,,0,Unregistered,,,,,0,1.0,0
PROP-ADEB96E35890,,0,Unregistered,,,,,0,1.0,0
PROP-6EAD4B8938F8,,0,Unregistered,,,,,0,1.0,0
PROP-FFE13AE0E4EA,,0,Unregistered,,,,,0,1.0,0
PROP-32F4198B7563,RERA-TNR-71372182,1,Ongoing,24.0,50.0,48.0,221.0,14,0.643,0
PROP-8D9741DEB012,,0,Unregistered,,,,,0,1.0,0
PROP-2D7AE14D42D3,,0,Unregistered,,,,,0,1.0,0
PROP-13375B1A5629,,0,Unregistered,,,,,0,1.0,0
PROP-18E3A0895DF8,,0,Unregistered,,,,,0,1.0,0
PROP-91EE5A4D6034,,0,Unregistered,,,,,0,1.0,0
PROP-49900D1DCAB2,,0,Unregistered,,,,,0,1.0,0
PROP-B453A7BF7C52,,0,Unregistered,,,,,0,1.0,0
PROP-AF6144C38FE8,,0,Unregistered,,,,,0,1.0,0
PROP-BAAF6F1DBEBE,,0,Unregistered,,,,,0,1.0,0
PROP-9A7489587C51,,0,Unregistered,,,,,0,1.0,0
PROP-EEB20130124A,,0,Unregistered,,,,,0,1.0,0
PROP-8BF50BD8D0FC,,0,Unregistered,,,,,0,1.0,0
PROP-60B49F86746B,RERA-TNR-04407261,1,Ongoing,31.0,38.0,81.6,173.0,6,0.667,1
PROP-67ACCE60D99D,,0,Unregistered,,,,,0,1.0,0
PROP-42C95D82CFE7,,0,Unregistered,,,,,0,1.0,0
PROP-86C2F6B488EE,,0,Unregistered,,,,,0,1.0,0
PROP-3ECCECA544EA,,0,Unregistered,,,,,0,1.0,0
PROP-0844234B868E,,0,Unregistered,,,,,0,1.0,0
PROP-5B3A98F5FE50,RERA-TNR-99719515,1,Ongoing,25.0,53.0,47.2,29.0,11,0.727,0
PROP-B9AD267C0AD3,,0,Unregistered,,,,,0,1.0,0
PROP-C6FC9AC61DEF,,0,Unregistered,,,,,0,1.0,0
PROP-B890368F5D9C,,0,Unregistered,,,,,0,1.0,0
PROP-77F67A4F5325,,0,Unregistered,,,,,0,1.0,0
PROP-8C4182F7B4BB,,0,Unregistered,,,,,0,1.0,0
PROP-0FB7B1DBD908,,0,Unregistered,,,,,0,1.0,0
PROP-147B97C6713E,,0,Unregistered,,,,,0,1.0,0
PROP-732D644F07CA,,0,Unregistered,,,,,0,1.0,0
PROP-753E5253841E,RERA-TNR-32661253,1,Ongoing,11.0,40.0,27.5,36.0,11,0.455,0
PROP-2417A35A051F,,0,Unregistered,,,,,0,1.0,0
PROP-5C30F2594156,,0,Unregistered,,,,,0,1.0,0
PROP-92F760ADD168,,0,Unregistered,,,,,0,1.0,0
PROP-460E0DD4ADD1,,0,Unregistered,,,,,0,1.0,0
PROP-92C87905B6B1,,0,Unregistered,,,,,0,1.0,0
PROP-C0EC1709CECF,RERA-TNR-51188637,1,Ongoing,27.0,36.0,75.0,171.0,3,0.333,0
PROP-134EF425F6F7,,0,Unregistered,,,,,0,1.0,0
PROP-A3CFC7B0F49F,RERA-TNR-80283579,1,Completed,41.0,41.0,100.0,251.0,5,0.8,0
PROP-A8A36D034C22,,0,Unregistered,,,,,0,1.0,0
PROP-3C7531150607,,0,Unregistered,,,,,0,1.0,0
PROP-E41E6487F6ED,RERA-TNR-26613776,1,Ongoing,22.0,29.0,75.9,122.0,13,0.462,0
PROP-E34DC6CF6FFC,,0,Unregistered,,,,,0,1.0,0
PROP-86504872B21A,,0,Unregistered,,,,,0,1.0,0
PROP-F2881D3B97F4,,0,Unregistered,,,,,0,1.0,0
PROP-301BB997DEA8,RERA-TNR-76595071,1,Ongoing,17.0,31.0,54.8,154.0,15,0.867,1
PROP-A60D07B89A32,,0,Unregistered,,,,,0,1.0,0
PROP-1E73C28C821B,RERA-TNR-95060094,1,Ongoing,36.0,43.0,83.7,49.0,13,0.538,0
PROP-37DB6F0FD6BE,,0,Unregistered,,,,,0,1.0,0
PROP-F0A80D80C394,,0,Unregistered,,,,,0,1.0,0
PROP-9BC670156E19,,0,Unregistered,,,,,0,1.0,0
PROP-A96BCA0E11B9,,0,Unregistered,,,,,0,1.0,0
PROP-3BBBBE9F11FE,,0,Unregistered,,,,,0,1.0,0
PROP-DC8F4B6320EC,,0,Unregistered,,,,,0,1.0,0
PROP-900B7097FF5B,,0,Unregistered,,,,,0,1.0,0
PROP-E830DA2A83CD,,0,Unregistered,,,,,0,1.0,0
PROP-29EBAF80B4CC,,0,Unregistered,,,,,0,1.0,0
PROP-815D70FD51FD,,0,Unregistered,,,,,0,1.0,0
PROP-F7124BC5510D,,0,Unregistered,,,,,0,1.0,0
PROP-736FBA1A33BB,,0,Unregistered,,,,,0,1.0,0
PROP-2A5F881899A8,,0,Unregistered,,,,,0,1.0,0
PROP-440F5936FE43,,0,Unregistered,,,,,0,1.0,0
PROP-4F273C5C46E7,,0,Unregistered,,,,,0,1.0,0
PROP-160386AF2AA3,,0,Unregistered,,,,,0,1.0,0
PROP-9610819AAC6E,,0,Unregistered,,,,,0,1.0,0
PROP-61F665798380,,0,Unregistered,,,,,0,1.0,0
PROP-864886C38A94,,0,Unregistered,,,,,0,1.0,0
PROP-A89D3693457E,RERA-TNR-66700054,1,Ongoing,20.0,45.0,44.4,191.0,9,0.667,1
PROP-9482FE5103CD,RERA-TNR-40300812,1,Ongoing,36.0,57.0,63.2,47.0,20,0.75,1
PROP-EB74257E5E7F,,0,Unregistered,,,,,0,1.0,0
PROP-30490A0174C4,RERA-TNR-53876448,1,Ongoing,18.0,29.0,62.1,69.0,22,0.682,0
PROP-F88D5F967D30,RERA-TNR-91994709,1,Ongoing,19.0,48.0,39.6,30.0,13,0.692,0
PROP-7A95207DD455,,0,Unregistered,,,,,0,1.0,0
PROP-0EDAB1BD1273,,0,Unregistered,,,,,0,1.0,0
PROP-1A065E59FDEC,RERA-TNR-93554941,1,Completed,35.0,24.0,100.0,36.0,4,0.75,0
PROP-475E491DDA12,,0,Unregistered,,,,,0,1.0,0
PROP-371E4AC33A92,,0,Unregistered,,,,,0,1.0,0
PROP-4EFC317391B9,,0,Unregistered,,,,,0,1.0,0
PROP-FE2A708E7FDB,,0,Unregistered,,,,,0,1.0,0
PROP-4AB02D12AB85,,0,Unregistered,,,,,0,1.0,0
PROP-E93FE0FA121E,,0,Unregistered,,,,,0,1.0,0
PROP-FECF5C4082B6,,0,Unregistered,,,,,0,1.0,0
PROP-107166A5A320,,0,Unregistered,,,,,0,1.0,0
PROP-73E1DEFB4198,,0,Unregistered,,,,,0,1.0,0
PROP-F23321CFA943,,0,Unregistered,,,,,0,1.0,0
PROP-BA1781C555B3,,0,Unregistered,,,,,0,1.0,0
PROP-B78277B56396,RERA-TNR-32275832,1,Ongoing,6.0,30.0,20.0,181.0,4,0.5,0
PROP-A2A387264DFD,,0,Unregistered,,,,,0,1.0,0
PROP-6962E9490359,,0,Unregistered,,,,,0,1.0,0
PROP-163D1BD1BC40,,0,Unregistered,,,,,0,1.0,0
PROP-F68A3A7AB0A0,,0,Unregistered,,,,,0,1.0,0
PROP-FCC6FF2B5F66,RERA-TNR-15300287,1,Ongoing,17.0,43.0,39.5,44.0,12,0.667,0
PROP-AF543F3F3BFF,RERA-TNR-25360600,1,Completed,38.0,38.0,100.0,79.0,12,0.5,0
PROP-9A0FBC395F4D,,0,Unregistered,,,,,0,1.0,0
PROP-A5B729978EB6,RERA-TNR-30444939,1,Ongoing,25.0,50.0,50.0,140.0,17,0.471,0
PROP-7A21CD6CEB9A,,0,Unregistered,,,,,0,1.0,0
PROP-097BCCAA044D,,0,Unregistered,,,,,0,1.0,0
PROP-07F19728EC21,,0,Unregistered,,,,,0,1.0,0
PROP-DC96CEEEDE9C,,0,Unregistered,,,,,0,1.0,0
PROP-1DC6CEB29BF7,,0,Unregistered,,,,,0,1.0,0
PROP-797F078D0D5E,,0,Unregistered,,,,,0,1.0,0
PROP-C499DD92DF50,RERA-TNR-23084444,1,Ongoing,42.0,53.0,79.2,51.0,21,0.667,2
PROP-2A87ECE2E9E4,,0,Unregistered,,,,,0,1.0,0
PROP-40DE7FE50EBF,,0,Unregistered,,,,,0,1.0,0
PROP-D9F36A6640B7,,0,Unregistered,,,,,0,1.0,0
PROP-EE0C3460E825,RERA-TNR-27672280,1,Completed,68.0,48.0,100.0,12.0,6,1.0,1
PROP-C475178CED60,,0,Unregistered,,,,,0,1.0,0
PROP-B0FC8841569E,,0,Unregistered,,,,,0,1.0,0
PROP-A97FDA00071B,RERA-TNR-99410106,1,Ongoing,40.0,49.0,81.6,84.0,4,0.75,0
PROP-89CD87690784,RERA-TNR-27672280,1,Ongoing,14.0,48.0,29.2,12.0,6,0.5,0
PROP-1902D1D08AC7,,0,Unregistered,,,,,0,1.0,0
PROP-E6F81B5C0D4B,,0,Unregistered,,,,,0,1.0,0
PROP-34B6076AA50C,RERA-TNR-25360600,1,Completed,38.0,38.0,100.0,79.0,14,0.786,0
PROP-EE3F8D73AB40,RERA-TNR-59657129,1,Completed,75.0,58.0,100.0,63.0,23,0.826,0
PROP-AC51CBAEB979,,0,Unregistered,,,,,0,1.0,0
PROP-FB9F12B5D445,,0,Unregistered,,,,,0,1.0,0
PROP-31DA3A1A7A9E,,0,Unregistered,,,,,0,1.0,0
PROP-FAA9BEE4E3E7,RERA-TNR-31440509,1,Completed,81.0,27.0,100.0,151.0,14,0.643,0
PROP-9272DA0B6A05,RERA-TNR-56844128,1,Ongoing,38.0,48.0,79.2,101.0,13,0.615,0
PROP-EF8691C619D5,,0,Unregistered,,,,,0,1.0,0
PROP-C9A5A26BC06B,,0,Unregistered,,,,,0,1.0,0
PROP-8F02B7383931,RERA-TNR-42295014,1,Ongoing,8.0,33.0,24.2,22.0,3,0.667,0
PROP-608EF4DC87B4,,0,Unregistered,,,,,0,1.0,0
PROP-C74AB359E4C3,,0,Unregistered,,,,,0,1.0,0
PROP-C19B3C114BEF,RERA-TNR-69418197,1,Ongoing,7.0,41.0,17.1,264.0,17,0.529,0
PROP-2AFF101E9053,,0,Unregistered,,,,,0,1.0,0
PROP-06DF9B881016,,0,Unregistered,,,,,0,1.0,0
PROP-1785E33F2175,,0,Unregistered,,,,,0,1.0,0
PROP-586C0926798B,,0,Unregistered,,,,,0,1.0,0
PROP-8024DBB2A78C,RERA-TNR-79717324,1,Ongoing,18.0,45.0,40.0,23.0,16,0.75,2
PROP-DDCE17771788,,0,Unregistered,,,,,0,1.0,0
PROP-244A8ACB4D16,,0,Unregistered,,,,,0,1.0,0
PROP-3CDF4E3DAA4C,,0,Unregistered,,,,,0,1.0,0
PROP-83C2EAD8C097,RERA-TNR-68170784,1,Ongoing,22.0,31.0,71.0,33.0,13,0.692,0
PROP-403FF4F48EDA,,0,Unregistered,,,,,0,1.0,0
PROP-F6F6095DF249,,0,Unregistered,,,,,0,1.0,0
PROP-63DE855C85FF,,0,Unregistered,,,,,0,1.0,0
PROP-8DDF00FE969C,,0,Unregistered,,,,,0,1.0,0
PROP-73821B3E1E8A,,0,Unregistered,,,,,0,1.0,0
PROP-7F46003D17A7,,0,Unregistered,,,,,0,1.0,0
PROP-D864E5CA3A66,,0,Unregistered,,,,,0,1.0,0
PROP-C6116216AB36,,0,Unregistered,,,,,0,1.0,0
PROP-661B8AB6A103,,0,Unregistered,,,,,0,1.0,0
PROP-49ACBF50F717,,0,Unregistered,,,,,0,1.0,0
PROP-5602222D797A,RERA-TNR-28379225,1,Ongoing,31.0,58.0,53.4,25.0,17,0.706,0
PROP-ECC59C2F45E7,,0,Unregistered,,,,,0,1.0,0
PROP-868C3DAEA402,,0,Unregistered,,,,,0,1.0,0
PROP-15BF7BDC0153,,0,Unregistered,,,,,0,1.0,0
PROP-DD6861FA201B,RERA-TNR-75644149,1,Ongoing,7.0,33.0,21.2,111.0,13,0.846,1
PROP-9DDC723001B9,,0,Unregistered,,,,,0,1.0,0
PROP-72C19ED1D4FD,,0,Unregistered,,,,,0,1.0,0
PROP-06133E9528B7,,0,Unregistered,,,,,0,1.0,0
PROP-B4AC4014005E,,0,Unregistered,,,,,0,1.0,0
PROP-191F6BD47D18,,0,Unregistered,,,,,0,1.0,0
PROP-C101164E895F,,0,Unregistered,,,,,0,1.0,0
PROP-07CB3E7BD913,,0,Unregistered,,,,,0,1.0,0
PROP-00790E1149D6,RERA-TNR-23648825,1,Ongoing,35.0,43.0,81.4,35.0,5,0.8,0
PROP-3B5C1F584894,,0,Unregistered,,,,,0,1.0,0
PROP-06234FFBB2D7,,0,Unregistered,,,,,0,1.0,0
PROP-C78895011B40,,0,Unregistered,,,,,0,1.0,0
PROP-17138AF927EC,,0,Unregistered,,,,,0,1.0,0
PROP-1050E369A3B3,RERA-TNR-61895750,1,Ongoing,20.0,30.0,66.7,92.0,12,0.167,0
PROP-252EBA32CA85,RERA-TNR-29910921,1,Ongoing,35.0,50.0,70.0,86.0,13,0.846,0
PROP-6B0CC40CF25C,,0,Unregistered,,,,,0,1.0,0
PROP-1836B8930451,,0,Unregistered,,,,,0,1.0,0
PROP-E7EF3226FC65,RERA-TNR-74990228,1,Ongoing,30.0,46.0,65.2,34.0,9,0.667,0
PROP-621A39F9A857,,0,Unregistered,,,,,0,1.0,0
PROP-1EDD8F448D35,RERA-TNR-13070835,1,Completed,40.0,34.0,100.0,26.0,7,0.571,0
PROP-4172C423BC27,,0,Unregistered,,,,,0,1.0,0
PROP-7847378AD0A6,,0,Unregistered,,,,,0,1.0,0
PROP-60DA5BF9F08D,,0,Unregistered,,,,,0,1.0,0
PROP-0AEB8FCC20E2,,0,Unregistered,,,,,0,1.0,0
PROP-D95D7A01F40A,,0,Unregistered,,,,,0,1.0,0
PROP-660AC1DC83E1,,0,Unregistered,,,,,0,1.0,0
PROP-71F5538F5E20,,0,Unregistered,,,,,0,1.0,0
PROP-1A3B60BCA394,,0,Unregistered,,,,,0,1.0,0
PROP-A0A21011FCAF,,0,Unregistered,,,,,0,1.0,0
PROP-FF633467B523,,0,Unregistered,,,,,0,1.0,0
PROP-51439F0226AF,,0,Unregistered,,,,,0,1.0,0
PROP-A8DC88134A7E,,0,Unregistered,,,,,0,1.0,0
PROP-27AD69023727,,0,Unregistered,,,,,0,1.0,0
PROP-118FB2209A1E,,0,Unregistered,,,,,0,1.0,0
PROP-69F481659997,RERA-TNR-40847400,1,Completed,38.0,26.0,100.0,78.0,12,1.0,2
PROP-9F8B8D21D5ED,,0,Unregistered,,,,,0,1.0,0
PROP-1764097CDB64,,0,Unregistered,,,,,0,1.0,0
PROP-AD647885760E,,0,Unregistered,,,,,0,1.0,0
PROP-E0319DC958DB,,0,Unregistered,,,,,0,1.0,0
PROP-0A30643D97A4,RERA-TNR-39299742,1,Ongoing,32.0,33.0,97.0,91.0,14,0.643,0
PROP-D4C4FC77896D,,0,Unregistered,,,,,0,1.0,0
PROP-C6E2AFC25F76,,0,Unregistered,,,,,0,1.0,0
PROP-94EA01E17C43,,0,Unregistered,,,,,0,1.0,0
PROP-4C7F054222CA,,0,Unregistered,,,,,0,1.0,0
PROP-AB88189F7163,,0,Unregistered,,,,,0,1.0,0
PROP-9421173C8F0C,RERA-TNR-18828776,1,Ongoing,34.0,40.0,85.0,165.0,11,0.364,0
PROP-00250C3FBEB4,,0,Unregistered,,,,,0,1.0,0
PROP-08E983C47D42,,0,Unregistered,,,,,0,1.0,0
PROP-D61992BB7DBA,,0,Unregistered,,,,,0,1.0,0
PROP-BF612AA072EA,,0,Unregistered,,,,,0,1.0,0
PROP-9A1CAE070ECD,,0,Unregistered,,,,,0,1.0,0
PROP-8DD34DA24B11,RERA-TNR-36938084,1,Ongoing,6.0,50.0,12.0,61.0,4,0.5,0
PROP-57DCAF8C17F0,,0,Unregistered,,,,,0,1.0,0
PROP-E0FF791CC712,,0,Unregistered,,,,,0,1.0,0
PROP-89C9DE5D1AD0,,0,Unregistered,,,,,0,1.0,0
PROP-D5B8FD4479D0,,0,Unregistered,,,,,0,1.0,0
PROP-9052200A0569,,0,Unregistered,,,,,0,1.0,0
PROP-2CB602F7E7DD,,0,Unregistered,,,,,0,1.0,0
PROP-FC1BC8418E63,RERA-TNR-88374496,1,Ongoing,34.0,48.0,70.8,86.0,9,0.778,0
PROP-C14F2E24AD76,,0,Unregistered,,,,,0,1.0,0
PROP-8BDF28907402,,0,Unregistered,,,,,0,1.0,0
PROP-DA1BF9432697,,0,Unregistered,,,,,0,1.0,0
PROP-58106DDDBA32,RERA-TNR-07380160,1,Ongoing,34.0,36.0,94.4,64.0,5,0.6,1
PROP-D2899BCB51F3,,0,Unregistered,,,,,0,1.0,0
PROP-193297EF8FCB,RERA-TNR-21236111,1,Ongoing,9.0,29.0,31.0,118.0,14,0.5,0
PROP-B43D8EAAC8AC,,0,Unregistered,,,,,0,1.0,0
PROP-97746C47781D,,0,Unregistered,,,,,0,1.0,0
PROP-EA10C6A9C43C,,0,Unregistered,,,,,0,1.0,0
PROP-4B262F5FC74E,,0,Unregistered,,,,,0,1.0,0
PROP-2C408E13DE6B,,0,Unregistered,,,,,0,1.0,0
PROP-D9D96454D494,,0,Unregistered,,,,,0,1.0,0
PROP-A43B3C9015EA,,0,Unregistered,,,,,0,1.0,0
PROP-84F4EA6FAE23,,0,Unregistered,,,,,0,1.0,0
PROP-C84B4364059C,,0,Unregistered,,,,,0,1.0,0
PROP-26F572924436,RERA-TNR-94714042,1,Completed,39.0,32.0,100.0,156.0,34,0.441,0
PROP-53F8A56D8158,RERA-TNR-02552545,1,Ongoing,19.0,36.0,52.8,34.0,11,0.455,0
PROP-98942C27BCC3,,0,Unregistered,,,,,0,1.0,0
PROP-3D0C3023F13B,,0,Unregistered,,,,,0,1.0,0
PROP-04381F299F9A,RERA-TNR-02552545,1,Ongoing,25.0,36.0,69.4,34.0,11,0.545,0
PROP-04D8ECC5920C,RERA-TNR-02552545,1,Completed,67.0,36.0,100.0,34.0,13,0.923,1
PROP-95DE545FAE5A,,0,Unregistered,,,,,0,1.0,0
PROP-41418ED1F576,,0,Unregistered,,,,,0,1.0,0
PROP-6F19C6CF5DB8,RERA-TNR-73650272,1,Completed,38.0,31.0,100.0,114.0,13,0.308,0
PROP-4C83E815CACF,,0,Unregistered,,,,,0,1.0,0
PROP-2B5B626F5ABE,,0,Unregistered,,,,,0,1.0,0
PROP-2F0B58506689,,0,Unregistered,,,,,0,1.0,0
PROP-A2A9798794BD,,0,Unregistered,,,,,0,1.0,0
PROP-67FA7613B18B,,0,Unregistered,,,,,0,1.0,0
PROP-3A6A24B2DF08,,0,Unregistered,,,,,0,1.0,0
PROP-F985992D0CC9,,0,Unregistered,,,,,0,1.0,0
PROP-9A6A78D16A5D,,0,Unregistered,,,,,0,1.0,0
PROP-219C0D2BDF12,RERA-TNR-76483589,1,Ongoing,7.0,58.0,12.1,97.0,14,0.571,0
PROP-B1410D20C5B8,,0,Unregistered,,,,,0,1.0,0
PROP-A0EDE086D273,,0,Unregistered,,,,,0,1.0,0
PROP-2FAE97138F84,,0,Unregistered,,,,,0,1.0,0
PROP-D64475B439CB,RERA-TNR-18747931,1,Ongoing,17.0,53.0,32.1,27.0,10,0.2,0
PROP-81599CC63362,,0,Unregistered,,,,,0,1.0,0
PROP-85028F19EABE,RERA-TNR-74823699,1,Ongoing,21.0,48.0,43.8,106.0,17,0.588,0
PROP-B5F6D51294B4,,0,Unregistered,,,,,0,1.0,0
PROP-572E3614EA6D,,0,Unregistered,,,,,0,1.0,0
PROP-94ECB80DC7DF,RERA-TNR-14890533,1,Ongoing,23.0,57.0,40.4,184.0,9,0.222,0
PROP-D2B88A504E3A,,0,Unregistered,,,,,0,1.0,0
PROP-72FF9E807992,,0,Unregistered,,,,,0,1.0,0
PROP-A568932FFF2F,RERA-TNR-48681005,1,Completed,31.0,28.0,100.0,30.0,13,0.769,0
PROP-BA243F7A8CDE,,0,Unregistered,,,,,0,1.0,0
PROP-8C113EFD27CB,,0,Unregistered,,,,,0,1.0,0
PROP-82A02E64EFCC,,0,Unregistered,,,,,0,1.0,0
PROP-C5408D1245C2,,0,Unregistered,,,,,0,1.0,0
PROP-C6809657F080,,0,Unregistered,,,,,0,1.0,0
PROP-F454C396EC66,,0,Unregistered,,,,,0,1.0,0
PROP-B60D96B5C83C,RERA-TNR-56572383,1,Ongoing,37.0,53.0,69.8,107.0,11,0.727,1
PROP-2FFB992AE47B,,0,Unregistered,,,,,0,1.0,0
PROP-7C38B161A8F2,,0,Unregistered,,,,,0,1.0,0
PROP-85C620DDCB44,,0,Unregistered,,,,,0,1.0,0
PROP-A9F991694065,RERA-TNR-46252788,1,Ongoing,42.0,46.0,91.3,69.0,8,0.5,0
PROP-718CE2A5E52A,,0,Unregistered,,,,,0,1.0,0
PROP-28EA9E784735,,0,Unregistered,,,,,0,1.0,0
PROP-4E105A20BAB6,RERA-TNR-07250256,1,Ongoing,26.0,48.0,54.2,53.0,7,0.143,0
PROP-34CD4BFE66AE,,0,Unregistered,,,,,0,1.0,0
PROP-1AAED17DF061,,0,Unregistered,,,,,0,1.0,0
PROP-C957CB3318D7,RERA-TNR-47631208,1,Ongoing,34.0,53.0,64.2,42.0,18,0.667,0
PROP-168673A7E9F6,,0,Unregistered,,,,,0,1.0,0
PROP-2411771162E8,,0,Unregistered,,,,,0,1.0,0
PROP-B1219DDD10D6,,0,Unregistered,,,,,0,1.0,0
PROP-0E01EBC615AD,,0,Unregistered,,,,,0,1.0,0
PROP-D6A0100686BA,,0,Unregistered,,,,,0,1.0,0
PROP-798BF8AD8655,,0,Unregistered,,,,,0,1.0,0
PROP-88FDB0F7B7F9,,0,Unregistered,,,,,0,1.0,0
PROP-909298A7D20B,,0,Unregistered,,,,,0,1.0,0
PROP-BD21A3E2618F,,0,Unregistered,,,,,0,1.0,0
PROP-0C5AE560D74A,RERA-TNR-48605930,1,Ongoing,31.0,40.0,77.5,108.0,6,0.167,0
PROP-0BC4F34CBD02,RERA-TNR-33760586,1,Ongoing,20.0,25.0,80.0,22.0,19,0.368,0
PROP-004173A49AAE,,0,Unregistered,,,,,0,1.0,0
PROP-AFD27282AB34,RERA-TNR-40383602,1,Ongoing,20.0,52.0,38.5,212.0,14,0.286,0
PROP-D62B042E51E7,,0,Unregistered,,,,,0,1.0,0
PROP-910CC6A770D1,RERA-TNR-87165558,1,Ongoing,12.0,54.0,22.2,135.0,24,0.542,0
PROP-2FD6D4B79FAA,,0,Unregistered,,,,,0,1.0,0
PROP-5F20A6821AC7,,0,Unregistered,,,,,0,1.0,0
PROP-C7287412CF20,,0,Unregistered,,,,,0,1.0,0
PROP-6BB43C2A8F57,RERA-TNR-12917053,1,Ongoing,39.0,54.0,72.2,120.0,15,0.8,2
PROP-1C6B476F977B,RERA-TNR-18222555,1,Ongoing,13.0,60.0,21.7,143.0,12,0.833,0
PROP-3E21E2FFA586,,0,Unregistered,,,,,0,1.0,0
PROP-06A353B7CC75,RERA-TNR-32282619,1,Ongoing,36.0,51.0,70.6,83.0,13,0.923,1
PROP-9164F821E62A,,0,Unregistered,,,,,0,1.0,0
PROP-39CBFA5C744D,,0,Unregistered,,,,,0,1.0,0
PROP-01BF98578B3C,RERA-TNR-54340748,1,Ongoing,22.0,34.0,64.7,72.0,10,0.1,0
PROP-F31DD5B44C05,,0,Unregistered,,,,,0,1.0,0
PROP-8AE8091AD904,,0,Unregistered,,,,,0,1.0,0
PROP-FBD29306E218,,0,Unregistered,,,,,0,1.0,0
PROP-27A626B11618,,0,Unregistered,,,,,0,1.0,0
PROP-F31C54043C95,,0,Unregistered,,,,,0,1.0,0
PROP-A37909249727,,0,Unregistered,,,,,0,1.0,0
PROP-F071047D5E76,,0,Unregistered,,,,,0,1.0,0
PROP-9DD182F2F033,,0,Unregistered,,,,,0,1.0,0
PROP-498365F1502D,,0,Unregistered,,,,,0,1.0,0
PROP-1C590C23A2DF,RERA-TNR-52795269,1,Ongoing,39.0,51.0,76.5,71.0,9,0.333,0
PROP-BB2F1D04B48B,RERA-TNR-18747931,1,Ongoing,50.0,53.0,94.3,27.0,18,0.5,0
PROP-5945656E725F,,0,Unregistered,,,,,0,1.0,0
PROP-CF41DA6D274D,,0,Unregistered,,,,,0,1.0,0
PROP-51D7ADDCF129,,0,Unregistered,,,,,0,1.0,0
PROP-0A84EAD4AF2E,,0,Unregistered,,,,,0,1.0,0
PROP-6E00935FDF00,,0,Unregistered,,,,,0,1.0,0
PROP-9738B795BA58,,0,Unregistered,,,,,0,1.0,0
PROP-41A7A5FB6800,,0,Unregistered,,,,,0,1.0,0
PROP-927036777EF0,,0,Unregistered,,,,,0,1.0,0
PROP-717899C8EED8,,0,Unregistered,,,,,0,1.0,0
PROP-4F27D4DD433E,,0,Unregistered,,,,,0,1.0,0
PROP-C5B9BA19A936,,0,Unregistered,,,,,0,1.0,0
PROP-A7DD481C11AF,,0,Unregistered,,,,,0,1.0,0
PROP-C85FDA161860,,0,Unregistered,,,,,0,1.0,0
PROP-02F4142EF31B,,0,Unregistered,,,,,0,1.0,0
PROP-60A83AA10F5D,,0,Unregistered,,,,,0,1.0,0
PROP-029023E5D410,RERA-TNR-38963045,1,Completed,27.0,27.0,100.0,123.0,6,0.333,0
PROP-CD0DF3FF71DF,,0,Unregistered,,,,,0,1.0,0
PROP-DDC5E6926278,RERA-TNR-66992860,1,Ongoing,14.0,48.0,29.2,176.0,17,0.647,0
PROP-F4AE0F5840F6,,0,Unregistered,,,,,0,1.0,0
PROP-EAD13D4B3B0D,,0,Unregistered,,,,,0,1.0,0
PROP-D623C1E18822,,0,Unregistered,,,,,0,1.0,0
PROP-6692A46B0632,,0,Unregistered,,,,,0,1.0,0
PROP-BB5C59BC21E5,RERA-TNR-53652841,1,Ongoing,31.0,60.0,51.7,24.0,21,0.619,1
PROP-C80F0AF45725,RERA-TNR-01609900,1,Ongoing,14.0,50.0,28.0,47.0,17,0.412,0
PROP-D7BB8A4855F3,,0,Unregistered,,,,,0,1.0,0
PROP-1297E93C7B41,,0,Unregistered,,,,,0,1.0,0
PROP-A12CAD667662,RERA-TNR-23084444,1,Ongoing,30.0,53.0,56.6,51.0,20,0.6,0
PROP-47C440D84AE5,,0,Unregistered,,,,,0,1.0,0
PROP-26AB82C2003D,,0,Unregistered,,,,,0,1.0,0
PROP-6B6BE6C61FEF,RERA-TNR-06369403,1,Ongoing,42.0,55.0,76.4,118.0,17,0.765,3
PROP-AFBE0EFE5234,,0,Unregistered,,,,,0,1.0,0
PROP-EC3F286C8DCC,,0,Unregistered,,,,,0,1.0,0
PROP-A9D85E5826C7,RERA-TNR-48605930,1,Ongoing,16.0,40.0,40.0,108.0,4,0.25,0
PROP-EA5F6155555C,,0,Unregistered,,,,,0,1.0,0
PROP-5CF35E1B898A,,0,Unregistered,,,,,0,1.0,0
PROP-FF148D15E577,,0,Unregistered,,,,,0,1.0,0
PROP-888ABC44E52C,RERA-TNR-71952468,1,Ongoing,22.0,51.0,43.1,57.0,11,0.455,0
PROP-2A57BC5784EB,,0,Unregistered,,,,,0,1.0,0
PROP-F8A71680C104,RERA-TNR-24118505,1,Ongoing,23.0,60.0,38.3,102.0,17,0.765,0
PROP-42F4E5E27E44,,0,Unregistered,,,,,0,1.0,0
PROP-61688F5F3A4C,,0,Unregistered,,,,,0,1.0,0
PROP-8B3A16287E60,,0,Unregistered,,,,,0,1.0,0
PROP-91E93280EA54,RERA-TNR-71757524,1,Ongoing,6.0,40.0,15.0,80.0,10,0.7,0
PROP-9AE4245BCC70,RERA-TNR-14949389,1,Ongoing,11.0,59.0,18.6,98.0,13,0.692,1
PROP-11820E1F1991,,0,Unregistered,,,,,0,1.0,0
PROP-8F6BB750A850,,0,Unregistered,,,,,0,1.0,0
PROP-5A6E92F6CD9B,,0,Unregistered,,,,,0,1.0,0
PROP-B44ADED90535,RERA-TNR-14949389,1,Ongoing,29.0,59.0,49.2,98.0,13,0.923,4
PROP-059450666106,,0,Unregistered,,,,,0,1.0,0
PROP-E04DEF9DBAD7,,0,Unregistered,,,,,0,1.0,0
PROP-A5CB241C91EB,,0,Unregistered,,,,,0,1.0,0
PROP-A9A9DD79E3F8,RERA-TNR-53848730,1,Ongoing,16.0,50.0,32.0,158.0,17,0.647,0
PROP-E3B6C07280EE,,0,Unregistered,,,,,0,1.0,0
PROP-F25C8B2AA9A0,,0,Unregistered,,,,,0,1.0,0
PROP-F4C07048027A,,0,Unregistered,,,,,0,1.0,0
PROP-4E0FF332CB5D,RERA-TNR-89378262,1,Ongoing,12.0,47.0,25.5,59.0,19,0.474,0
PROP-CD8A247B8F04,RERA-TNR-56969356,1,Ongoing,14.0,53.0,26.4,40.0,3,0.667,0
PROP-3376590CBD06,RERA-TNR-81375488,1,Ongoing,10.0,60.0,16.7,90.0,39,0.462,1
PROP-09B70A3A4EB5,,0,Unregistered,,,,,0,1.0,0
PROP-6A94BF091483,,0,Unregistered,,,,,0,1.0,0
PROP-06E3BA5F419B,,0,Unregistered,,,,,0,1.0,0
PROP-334657AE77B1,RERA-TNR-06675421,1,Completed,65.0,40.0,100.0,48.0,20,0.75,1
PROP-B2AFE76ACB4F,,0,Unregistered,,,,,0,1.0,0
PROP-9E517D13E8D4,,0,Unregistered,,,,,0,1.0,0
PROP-A66C599DCA2F,,0,Unregistered,,,,,0,1.0,0
PROP-F393F18E0572,,0,Unregistered,,,,,0,1.0,0
PROP-E1F2B682DAF2,,0,Unregistered,,,,,0,1.0,0
PROP-15EAE8F93BC8,,0,Unregistered,,,,,0,1.0,0
PROP-9DA23E88251B,,0,Unregistered,,,,,0,1.0,0
PROP-70D3EB756EBC,,0,Unregistered,,,,,0,1.0,0
PROP-D95A6E893877,,0,Unregistered,,,,,0,1.0,0
PROP-B669060907E2,,0,Unregistered,,,,,0,1.0,0
PROP-AFF8408C9368,,0,Unregistered,,,,,0,1.0,0
PROP-7E722327B138,RERA-TNR-23084444,1,Ongoing,18.0,53.0,34.0,51.0,18,0.5,0
PROP-69C56DAAB05A,RERA-TNR-73272152,1,Ongoing,34.0,44.0,77.3,211.0,15,0.933,5
PROP-109383D097A9,,0,Unregistered,,,,,0,1.0,0
PROP-806C00BFC8C1,,0,Unregistered,,,,,0,1.0,0
PROP-75A3326C1DB8,,0,Unregistered,,,,,0,1.0,0
PROP-DC796BE0DC12,,0,Unregistered,,,,,0,1.0,0
PROP-C19975D7A03E,,0,Unregistered,,,,,0,1.0,0
PROP-71D614BD0028,RERA-TNR-94334979,1,Ongoing,37.0,43.0,86.0,52.0,11,0.818,2
PROP-8A1A1AA013AF,,0,Unregistered,,,,,0,1.0,0
PROP-817D39D65B4A,RERA-TNR-32282619,1,Ongoing,21.0,51.0,41.2,83.0,13,0.692,0
PROP-D71D19C21C43,RERA-TNR-38622900,1,Ongoing,22.0,42.0,52.4,76.0,11,0.818,2
PROP-53540A0F8A78,,0,Unregistered,,,,,0,1.0,0
PROP-C89681F3827D,,0,Unregistered,,,,,0,1.0,0
PROP-5DCC404718D5,,0,Unregistered,,,,,0,1.0,0
PROP-F431A8E911DA,,0,Unregistered,,,,,0,1.0,0
PROP-2719511ED9DF,,0,Unregistered,,,,,0,1.0,0
PROP-A61C865CD43C,,0,Unregistered,,,,,0,1.0,0
PROP-C3C134E5BF4F,,0,Unregistered,,,,,0,1.0,0
PROP-2B96092FB0DB,RERA-TNR-13490849,1,Ongoing,23.0,28.0,82.1,81.0,12,0.583,0
PROP-DFC240790013,,0,Unregistered,,,,,0,1.0,0
PROP-E014001CBEE6,,0,Unregistered,,,,,0,1.0,0
PROP-A09A1B62B939,,0,Unregistered,,,,,0,1.0,0
PROP-21A9190A1D29,,0,Unregistered,,,,,0,1.0,0
PROP-F335302FD4F1,,0,Unregistered,,,,,0,1.0,0
PROP-E65FC9D8022F,,0,Unregistered,,,,,0,1.0,0
PROP-27EF198ACAD9,,0,Unregistered,,,,,0,1.0,0
PROP-984E70BA3523,,0,Unregistered,,,,,0,1.0,0
PROP-D048F218A041,,0,Unregistered,,,,,0,1.0,0
PROP-A48D8629C66F,,0,Unregistered,,,,,0,1.0,0
PROP-844854BE7B8E,,0,Unregistered,,,,,0,1.0,0
PROP-569CD3EFFF60,,0,Unregistered,,,,,0,1.0,0
PROP-23E2F778E278,,0,Unregistered,,,,,0,1.0,0
PROP-5F61400A3C10,,0,Unregistered,,,,,0,1.0,0
PROP-80951BBE3279,,0,Unregistered,,,,,0,1.0,0
PROP-2F345CB5B07B,,0,Unregistered,,,,,0,1.0,0
PROP-4C59E251EFA5,,0,Unregistered,,,,,0,1.0,0
PROP-20E0B72E1186,,0,Unregistered,,,,,0,1.0,0
PROP-EDDDCDD1404B,RERA-TNR-79835142,1,Ongoing,40.0,59.0,67.8,165.0,19,0.211,0
PROP-EA907891F858,RERA-TNR-83439107,1,Ongoing,17.0,32.0,53.1,148.0,13,0.308,0
PROP-EF3C4A4D064C,,0,Unregistered,,,,,0,1.0,0
PROP-0E2D8AF27993,,0,Unregistered,,,,,0,1.0,0
PROP-848670EB70BC,,0,Unregistered,,,,,0,1.0,0
PROP-C7FBCC808B6E,,0,Unregistered,,,,,0,1.0,0
PROP-CAD881D27239,,0,Unregistered,,,,,0,1.0,0
PROP-9D482551E341,RERA-TNR-52319060,1,Ongoing,18.0,49.0,36.7,81.0,11,0.455,0
PROP-4B207A61CA90,RERA-TNR-97798828,1,Ongoing,48.0,57.0,84.2,126.0,18,0.5,0
PROP-CA7EC6EBE623,RERA-TNR-97798828,1,Ongoing,30.0,57.0,52.6,126.0,14,0.5,0
PROP-C7FDFAC1070F,RERA-TNR-32390316,1,Ongoing,14.0,51.0,27.5,52.0,4,0.5,0
PROP-CC4DACB736AD,,0,Unregistered,,,,,0,1.0,0
PROP-FF94467CF8E2,,0,Unregistered,,,,,0,1.0,0
PROP-DE41D072EC6B,,0,Unregistered,,,,,0,1.0,0
PROP-27B7AF92530C,,0,Unregistered,,,,,0,1.0,0
PROP-EF7C298E1125,,0,Unregistered,,,,,0,1.0,0
PROP-58715E3663F8,,0,Unregistered,,,,,0,1.0,0
PROP-9BDEAA800858,RERA-TNR-04782296,1,Ongoing,22.0,45.0,48.9,112.0,16,0.625,0
PROP-1C67DCF741E2,,0,Unregistered,,,,,0,1.0,0
PROP-B2A6F458C05E,RERA-TNR-10173475,1,Ongoing,33.0,56.0,58.9,173.0,9,0.667,0
PROP-6C45267C9C3F,,0,Unregistered,,,,,0,1.0,0
PROP-760F1D16ADEF,,0,Unregistered,,,,,0,1.0,0
PROP-3BA68CDA7D63,,0,Unregistered,,,,,0,1.0,0
PROP-5D5D933A554C,RERA-TNR-64796896,1,Ongoing,6.0,50.0,12.0,165.0,12,0.583,1
PROP-CCEE3831F1D4,RERA-TNR-13070835,1,Ongoing,25.0,34.0,73.5,26.0,6,0.333,0
PROP-2463CFFB28A7,,0,Unregistered,,,,,0,1.0,0
PROP-0CAEF3EB17DF,RERA-TNR-81129013,1,Ongoing,11.0,52.0,21.2,30.0,4,0.25,0
PROP-B2041CEE6128,,0,Unregistered,,,,,0,1.0,0
PROP-2EC168604693,,0,Unregistered,,,,,0,1.0,0
PROP-C07559404574,,0,Unregistered,,,,,0,1.0,0
PROP-CC84FC005F8D,,0,Unregistered,,,,,0,1.0,0
PROP-AB00038FF2A7,,0,Unregistered,,,,,0,1.0,0
PROP-19BAD66F7DA0,,0,Unregistered,,,,,0,1.0,0
PROP-6046D649CDB9,,0,Unregistered,,,,,0,1.0,0
PROP-D8EBB2D3F904,,0,Unregistered,,,,,0,1.0,0
PROP-1562A0265141,,0,Unregistered,,,,,0,1.0,0
PROP-DCB7DEA52F4C,,0,Unregistered,,,,,0,1.0,0
PROP-62D77A8F9708,,0,Unregistered,,,,,0,1.0,0
PROP-B67D54B79A19,,0,Unregistered,,,,,0,1.0,0
PROP-B4ABF6702FD3,,0,Unregistered,,,,,0,1.0,0
PROP-B57498B0A961,,0,Unregistered,,,,,0,1.0,0
PROP-E32B26AFC49C,RERA-TNR-05064103,1,Completed,33.0,24.0,100.0,129.0,13,0.692,0
PROP-22B629DD2066,,0,Unregistered,,,,,0,1.0,0
PROP-EE48CBD6C9A8,,0,Unregistered,,,,,0,1.0,0
PROP-C8788B151FF6,,0,Unregistered,,,,,0,1.0,0
PROP-793527053013,,0,Unregistered,,,,,0,1.0,0
PROP-A758AAA67652,,0,Unregistered,,,,,0,1.0,0
PROP-403807829A28,,0,Unregistered,,,,,0,1.0,0
PROP-A5A163E93B4C,,0,Unregistered,,,,,0,1.0,0
PROP-669F76482907,RERA-TNR-97951309,1,Ongoing,11.0,44.0,25.0,85.0,22,0.727,0
PROP-F5277ACE0F35,,0,Unregistered,,,,,0,1.0,0
PROP-4AD412A24D5B,RERA-TNR-80180224,1,Completed,38.0,26.0,100.0,82.0,11,0.818,0
PROP-E51508F0466E,,0,Unregistered,,,,,0,1.0,0
PROP-4F8D7FC27293,RERA-TNR-98743118,1,Ongoing,16.0,46.0,34.8,28.0,9,0.556,0
PROP-AAE40CCC4DBF,,0,Unregistered,,,,,0,1.0,0
PROP-4F32EE8407AD,,0,Unregistered,,,,,0,1.0,0
PROP-CA00B1F9E924,RERA-TNR-13070835,1,Completed,40.0,34.0,100.0,26.0,7,0.571,0
PROP-8376954AEA95,,0,Unregistered,,,,,0,1.0,0
PROP-C534A2A016CD,RERA-TNR-04012143,1,Ongoing,25.0,49.0,51.0,105.0,10,0.7,0
PROP-36B6C865D246,RERA-TNR-64465713,1,Ongoing,15.0,45.0,33.3,99.0,9,0.667,0
PROP-1EF2EA823861,,0,Unregistered,,,,,0,1.0,0
PROP-B23F79796954,,0,Unregistered,,,,,0,1.0,0
PROP-9B072B40121F,,0,Unregistered,,,,,0,1.0,0
PROP-68A756533750,,0,Unregistered,,,,,0,1.0,0
PROP-548686AFABA0,RERA-TNR-63575806,1,Completed,59.0,49.0,100.0,72.0,7,0.714,1
PROP-FA18569C9033,,0,Unregistered,,,,,0,1.0,0
PROP-F07E12826C6F,,0,Unregistered,,,,,0,1.0,0
PROP-E20D80B0A73E,RERA-TNR-35301606,1,Ongoing,28.0,33.0,84.8,40.0,8,0.5,0
PROP-F787F1A24C60,RERA-TNR-31440509,1,Completed,39.0,27.0,100.0,151.0,9,0.556,0
PROP-0852601D70DA,,0,Unregistered,,,,,0,1.0,0
PROP-A95287F0ADA7,,0,Unregistered,,,,,0,1.0,0
PROP-6181363620EB,,0,Unregistered,,,,,0,1.0,0
PROP-6708C829E3CF,,0,Unregistered,,,,,0,1.0,0
PROP-DF3DACC6FD95,,0,Unregistered,,,,,0,1.0,0
PROP-7A299D5AF3C0,,0,Unregistered,,,,,0,1.0,0
PROP-7ADECD15D61C,,0,Unregistered,,,,,0,1.0,0
PROP-B4A8ABCA66FF,,0,Unregistered,,,,,0,1.0,0
PROP-662B88CEE6B4,,0,Unregistered,,,,,0,1.0,0
PROP-CBE43E96E247,,0,Unregistered,,,,,0,1.0,0
PROP-D6E261EAF7FF,RERA-TNR-76315543,1,Ongoing,25.0,33.0,75.8,85.0,5,0.4,0
PROP-C83294B40933,,0,Unregistered,,,,,0,1.0,0
PROP-4477A5E35F19,,0,Unregistered,,,,,0,1.0,0
PROP-BA4CDFC56B28,,0,Unregistered,,,,,0,1.0,0
PROP-E4AFF5DBC147,RERA-TNR-25526543,1,Ongoing,28.0,57.0,49.1,52.0,14,0.786,2
PROP-0C002DFDDBE5,,0,Unregistered,,,,,0,1.0,0
PROP-34940D860E3F,,0,Unregistered,,,,,0,1.0,0
PROP-F2B610463498,RERA-TNR-22884845,1,Ongoing,31.0,34.0,91.2,60.0,12,0.25,0
PROP-FD18529FAF6E,,0,Unregistered,,,,,0,1.0,0
PROP-2F2906946508,RERA-TNR-64664442,1,Ongoing,20.0,52.0,38.5,225.0,14,0.571,0
PROP-076A21A2B1E3,,0,Unregistered,,,,,0,1.0,0
PROP-60F444904D34,,0,Unregistered,,,,,0,1.0,0
PROP-B38D6C121DE4,,0,Unregistered,,,,,0,1.0,0
PROP-8E145F1112E6,RERA-TNR-31232391,1,Ongoing,21.0,26.0,80.8,113.0,18,0.556,0
PROP-968D73DF66B8,,0,Unregistered,,,,,0,1.0,0
PROP-7619518B556E,,0,Unregistered,,,,,0,1.0,0
PROP-D876E25EDE32,,0,Unregistered,,,,,0,1.0,0
PROP-47687B9BC26E,,0,Unregistered,,,,,0,1.0,0
PROP-3546E64D6D21,,0,Unregistered,,,,,0,1.0,0
PROP-16718D349010,,0,Unregistered,,,,,0,1.0,0
PROP-9581C7349FD0,,0,Unregistered,,,,,0,1.0,0
PROP-5FC3D25EA822,,0,Unregistered,,,,,0,1.0,0
PROP-AA643F0F00D7,,0,Unregistered,,,,,0,1.0,0
PROP-F90712164098,,0,Unregistered,,,,,0,1.0,0
PROP-672BA2B33E36,,0,Unregistered,,,,,0,1.0,0
PROP-C2420C1003C7,,0,Unregistered,,,,,0,1.0,0
PROP-F487ED7509EA,,0,Unregistered,,,,,0,1.0,0
PROP-64313A86215A,,0,Unregistered,,,,,0,1.0,0
PROP-6ADEBB1C4DAC,,0,Unregistered,,,,,0,1.0,0
PROP-3DF89D11DD8E,,0,Unregistered,,,,,0,1.0,0
PROP-FA1767B6C756,,0,Unregistered,,,,,0,1.0,0
PROP-7836C408E19E,RERA-TNR-89298107,1,Completed,29.0,24.0,100.0,34.0,11,0.545,0
PROP-60CCE70BDE56,,0,Unregistered,,,,,0,1.0,0
PROP-2E82837BDD4E,,0,Unregistered,,,,,0,1.0,0
PROP-1E9A5D45266A,RERA-TNR-57621841,1,Ongoing,23.0,49.0,46.9,29.0,12,0.417,0
PROP-FFFD8FACC8A6,,0,Unregistered,,,,,0,1.0,0
PROP-5AEAD9134106,,0,Unregistered,,,,,0,1.0,0
PROP-33FFBEA09C54,,0,Unregistered,,,,,0,1.0,0
PROP-6B3DA0FD0BA4,,0,Unregistered,,,,,0,1.0,0
PROP-BFC00F6CD3F2,RERA-TNR-86206069,1,Ongoing,7.0,57.0,12.3,92.0,10,0.5,0
PROP-1C3E032A6D77,RERA-TNR-73410137,1,Ongoing,39.0,59.0,66.1,138.0,13,0.231,0
PROP-162DDF7BDB9E,,0,Unregistered,,,,,0,1.0,0
PROP-AD8EA24437CC,,0,Unregistered,,,,,0,1.0,0
PROP-D16DB26D54CE,,0,Unregistered,,,,,0,1.0,0
PROP-37F1DD44301E,,0,Unregistered,,,,,0,1.0,0
PROP-F2279325BB75,,0,Unregistered,,,,,0,1.0,0
PROP-8800867ABFB8,RERA-TNR-91635532,1,Ongoing,6.0,36.0,16.7,16.0,6,0.5,0
PROP-0896EA143B9B,,0,Unregistered,,,,,0,1.0,0
PROP-59D2E9DF7E4B,,0,Unregistered,,,,,0,1.0,0
PROP-63EE7505FDDC,RERA-TNR-29028041,1,Ongoing,35.0,55.0,63.6,40.0,20,0.65,0
PROP-8BEAB30F288D,,0,Unregistered,,,,,0,1.0,0
PROP-379CE25904B5,,0,Unregistered,,,,,0,1.0,0
PROP-A769E5D55FFF,,0,Unregistered,,,,,0,1.0,0
PROP-A078E444BDBE,,0,Unregistered,,,,,0,1.0,0
PROP-88F44135CEFF,,0,Unregistered,,,,,0,1.0,0
PROP-564CC256903D,,0,Unregistered,,,,,0,1.0,0
PROP-00E97702E8EB,,0,Unregistered,,,,,0,1.0,0
PROP-323F8CEFE2E3,RERA-TNR-87955315,1,Ongoing,29.0,55.0,52.7,156.0,14,0.643,0
PROP-ADB622FFCA05,,0,Unregistered,,,,,0,1.0,0
PROP-1BCAFFF3ABD0,RERA-TNR-46252788,1,Ongoing,6.0,46.0,13.0,69.0,5,0.6,0
PROP-AAAD46D82E58,,0,Unregistered,,,,,0,1.0,0
PROP-37CC95D9AF22,,0,Unregistered,,,,,0,1.0,0
PROP-67866DDAC4D7,,0,Unregistered,,,,,0,1.0,0
PROP-BE6143514C74,,0,Unregistered,,,,,0,1.0,0
PROP-95CD22A55674,,0,Unregistered,,,,,0,1.0,0
PROP-3348AB66A06C,RERA-TNR-28379225,1,Ongoing,46.0,58.0,79.3,25.0,17,0.824,2
PROP-7D69E76ED1A2,,0,Unregistered,,,,,0,1.0,0
PROP-317DC863F039,,0,Unregistered,,,,,0,1.0,0
PROP-0D30B6FA7693,RERA-TNR-40831694,1,Ongoing,16.0,58.0,27.6,228.0,16,0.438,0
PROP-A4A089F44ABB,RERA-TNR-59657129,1,Completed,60.0,58.0,100.0,63.0,22,0.727,0
PROP-1B43EE292A4E,,0,Unregistered,,,,,0,1.0,0
PROP-6DE21D2044F3,,0,Unregistered,,,,,0,1.0,0
PROP-7B7E68BE3026,,0,Unregistered,,,,,0,1.0,0
PROP-704C3471CC89,,0,Unregistered,,,,,0,1.0,0
PROP-3195E875EC6C,,0,Unregistered,,,,,0,1.0,0
PROP-91E4F826F9A6,,0,Unregistered,,,,,0,1.0,0
PROP-6B89795B6219,,0,Unregistered,,,,,0,1.0,0
PROP-08ED36B0E212,,0,Unregistered,,,,,0,1.0,0
PROP-614809DCB586,,0,Unregistered,,,,,0,1.0,0
PROP-F9C2A2C4BC47,,0,Unregistered,,,,,0,1.0,0
PROP-0A29C2A8F8A1,,0,Unregistered,,,,,0,1.0,0
PROP-827C7186A57C,,0,Unregistered,,,,,0,1.0,0
PROP-73AB390E9A64,RERA-TNR-02533471,1,Completed,37.0,24.0,100.0,65.0,15,0.467,0
PROP-936F8FBB32EE,,0,Unregistered,,,,,0,1.0,0
PROP-400A8C53AE1C,,0,Unregistered,,,,,0,1.0,0
PROP-751A22338514,,0,Unregistered,,,,,0,1.0,0
PROP-C1588F79F46A,,0,Unregistered,,,,,0,1.0,0
PROP-5D2AA9088A41,,0,Unregistered,,,,,0,1.0,0
PROP-C629FE7846BC,,0,Unregistered,,,,,0,1.0,0
PROP-204A9AEFD804,,0,Unregistered,,,,,0,1.0,0
PROP-9668587B5EA1,,0,Unregistered,,,,,0,1.0,0
PROP-22B3EE540A69,,0,Unregistered,,,,,0,1.0,0
PROP-7E2BCDE110EF,,0,Unregistered,,,,,0,1.0,0
PROP-680F256FEC73,RERA-TNR-59404801,1,Ongoing,23.0,30.0,76.7,119.0,8,0.375,0
PROP-FC3B71A86502,,0,Unregistered,,,,,0,1.0,0
PROP-2B222782CC61,,0,Unregistered,,,,,0,1.0,0
PROP-4A7DBF959A66,RERA-TNR-93729359,1,Ongoing,9.0,46.0,19.6,111.0,10,0.5,0
PROP-517F73B3039B,,0,Unregistered,,,,,0,1.0,0
PROP-642C88F21E56,,0,Unregistered,,,,,0,1.0,0
PROP-D5FCD42BDEEF,,0,Unregistered,,,,,0,1.0,0
PROP-843B050E2013,,0,Unregistered,,,,,0,1.0,0
PROP-26A1CEEA25BC,,0,Unregistered,,,,,0,1.0,0
PROP-1B1CFACD5AEA,RERA-TNR-10930314,1,Ongoing,12.0,57.0,21.1,212.0,12,0.5,0
PROP-25003847CD14,RERA-TNR-71847744,1,Ongoing,10.0,43.0,23.3,250.0,15,0.8,5
PROP-3EFB8C480122,,0,Unregistered,,,,,0,1.0,0
PROP-4486EEF8D4D1,,0,Unregistered,,,,,0,1.0,0
PROP-2C4F086523D1,,0,Unregistered,,,,,0,1.0,0
PROP-228E34663AD6,,0,Unregistered,,,,,0,1.0,0
PROP-A513FDF9B55F,,0,Unregistered,,,,,0,1.0,0
PROP-597EB4927522,,0,Unregistered,,,,,0,1.0,0
PROP-74A8AC541861,RERA-TNR-15300287,1,Ongoing,35.0,43.0,81.4,44.0,12,0.75,1
PROP-C15F1B3B27A7,,0,Unregistered,,,,,0,1.0,0
PROP-13CD24308F03,,0,Unregistered,,,,,0,1.0,0
PROP-70D174661590,,0,Unregistered,,,,,0,1.0,0
PROP-70C17EC31250,RERA-TNR-74227348,1,Ongoing,30.0,39.0,76.9,160.0,11,0.545,0
PROP-07E24A0489A5,,0,Unregistered,,,,,0,1.0,0
PROP-E7EA1B90F292,,0,Unregistered,,,,,0,1.0,0
PROP-4E7FBFA6E1C7,,0,Unregistered,,,,,0,1.0,0
PROP-3ADD2E463388,RERA-TNR-56882465,1,Ongoing,23.0,26.0,88.5,67.0,5,0.6,0
PROP-36680EDAF8AA,,0,Unregistered,,,,,0,1.0,0
PROP-2F5F9CB7C703,RERA-TNR-97116428,1,Ongoing,6.0,28.0,21.4,48.0,13,0.308,0
PROP-B5799720F753,,0,Unregistered,,,,,0,1.0,0
PROP-45DA504E090F,,0,Unregistered,,,,,0,1.0,0
PROP-E2396F904C54,,0,Unregistered,,,,,0,1.0,0
PROP-D206EAC0281E,,0,Unregistered,,,,,0,1.0,0
PROP-07A4501BE424,,0,Unregistered,,,,,0,1.0,0
PROP-F2C1E6EAB0BD,,0,Unregistered,,,,,0,1.0,0
PROP-13D8D08CB1BD,,0,Unregistered,,,,,0,1.0,0
PROP-E77308E8B287,,0,Unregistered,,,,,0,1.0,0
PROP-712B69E461B2,,0,Unregistered,,,,,0,1.0,0
PROP-7E8651D73BEF,,0,Unregistered,,,,,0,1.0,0
PROP-6000AFEBAEF7,RERA-TNR-83981976,1,Completed,26.0,24.0,100.0,125.0,4,0.5,0
PROP-D4DE04EABD6F,,0,Unregistered,,,,,0,1.0,0
PROP-07D57701B960,,0,Unregistered,,,,,0,1.0,0
PROP-8F26EAD3F4C2,,0,Unregistered,,,,,0,1.0,0
PROP-1E1196DA4F60,,0,Unregistered,,,,,0,1.0,0
PROP-30EE77D5B5DF,,0,Unregistered,,,,,0,1.0,0
PROP-4FF778E98F00,RERA-TNR-24436419,1,Completed,33.0,29.0,100.0,82.0,10,0.6,0
PROP-7D4EAF9BC50D,RERA-TNR-80917643,1,Completed,37.0,26.0,100.0,42.0,18,0.833,1
PROP-E5F5F1C9AB9D,RERA-TNR-64661591,1,Completed,41.0,30.0,100.0,29.0,71,0.507,4
PROP-A07B6F0076A7,,0,Unregistered,,,,,0,1.0,0
PROP-53BE522DA1FD,,0,Unregistered,,,,,0,1.0,0
PROP-FC166552426D,,0,Unregistered,,,,,0,1.0,0
PROP-780B3876A5C3,,0,Unregistered,,,,,0,1.0,0
PROP-23457EE4EB95,,0,Unregistered,,,,,0,1.0,0
PROP-08F5E3F3D15A,,0,Unregistered,,,,,0,1.0,0
PROP-245ABE57AE8A,,0,Unregistered,,,,,0,1.0,0
PROP-665972341B7E,,0,Unregistered,,,,,0,1.0,0
PROP-9C0155D64C0C,,0,Unregistered,,,,,0,1.0,0
PROP-5704FDEED684,,0,Unregistered,,,,,0,1.0,0
PROP-96CF291E7412,,0,Unregistered,,,,,0,1.0,0
PROP-D25A073EA88B,,0,Unregistered,,,,,0,1.0,0
PROP-EF19FABA0778,,0,Unregistered,,,,,0,1.0,0
PROP-1BE93AC46758,,0,Unregistered,,,,,0,1.0,0
PROP-1974611C2F00,,0,Unregistered,,,,,0,1.0,0
PROP-9CB459E0B13B,RERA-TNR-91288293,1,Completed,39.0,39.0,100.0,30.0,22,0.364,0
PROP-5B7F6CBD43E6,,0,Unregistered,,,,,0,1.0,0
PROP-88D0A39498E0,,0,Unregistered,,,,,0,1.0,0
PROP-DD69F9AD0974,,0,Unregistered,,,,,0,1.0,0
PROP-D7C2B2F41C4C,,0,Unregistered,,,,,0,1.0,0
PROP-EB58BBF4BADD,,0,Unregistered,,,,,0,1.0,0
PROP-F80017EE1338,RERA-TNR-56297629,1,Ongoing,7.0,27.0,25.9,55.0,14,0.857,0
PROP-95EDED91622D,RERA-TNR-56297629,1,Completed,31.0,27.0,100.0,55.0,14,1.0,1
PROP-2F9C6036ED6F,,0,Unregistered,,,,,0,1.0,0
PROP-AD43DBD8D179,,0,Unregistered,,,,,0,1.0,0
PROP-B09BC38C8A1A,,0,Unregistered,,,,,0,1.0,0
PROP-3AC1B4355BA1,,0,Unregistered,,,,,0,1.0,0
PROP-53797FACF5D3,RERA-TNR-16455060,1,Completed,62.0,53.0,100.0,57.0,13,0.923,3
PROP-B4E977993819,,0,Unregistered,,,,,0,1.0,0
PROP-7C473C0B4667,,0,Unregistered,,,,,0,1.0,0
PROP-6153FB7F2B67,,0,Unregistered,,,,,0,1.0,0
PROP-AF0DA76E6979,,0,Unregistered,,,,,0,1.0,0
PROP-D3B2E526FBCC,RERA-TNR-48605930,1,Ongoing,34.0,40.0,85.0,108.0,6,0.167,0
PROP-C41953D67F61,,0,Unregistered,,,,,0,1.0,0
PROP-B52E57319444,RERA-TNR-95628415,1,Ongoing,41.0,53.0,77.4,52.0,7,0.429,0
PROP-6729781563C9,,0,Unregistered,,,,,0,1.0,0
PROP-5A2831796106,RERA-TNR-16455060,1,Ongoing,50.0,53.0,94.3,57.0,13,0.846,3
PROP-E6DEADBB2E2F,,0,Unregistered,,,,,0,1.0,0
PROP-3B7DA3FE390A,RERA-TNR-40387577,1,Ongoing,19.0,40.0,47.5,102.0,11,0.727,3
PROP-B5639A3424CC,,0,Unregistered,,,,,0,1.0,0
PROP-3F0EF15CCD58,,0,Unregistered,,,,,0,1.0,0
PROP-4A1C6A40BA4B,,0,Unregistered,,,,,0,1.0,0
PROP-F65670DBC16E,,0,Unregistered,,,,,0,1.0,0
PROP-3F97213CF130,,0,Unregistered,,,,,0,1.0,0
PROP-C4155B940ABC,,0,Unregistered,,,,,0,1.0,0
PROP-1878BF35FCC8,,0,Unregistered,,,,,0,1.0,0
PROP-54716B41066D,,0,Unregistered,,,,,0,1.0,0
PROP-04E252D78D20,RERA-TNR-88005981,1,Ongoing,19.0,52.0,36.5,41.0,5,0.8,0
PROP-CDAA9A7059A8,,0,Unregistered,,,,,0,1.0,0
PROP-EF4E844C18DA,RERA-TNR-94714042,1,Ongoing,24.0,32.0,75.0,156.0,30,0.333,0
PROP-1C386B040FBC,,0,Unregistered,,,,,0,1.0,0
PROP-7107B1673EE8,,0,Unregistered,,,,,0,1.0,0
PROP-A6C46D949DBA,,0,Unregistered,,,,,0,1.0,0
PROP-4FFD848EB31E,,0,Unregistered,,,,,0,1.0,0
PROP-E188D1A759E5,,0,Unregistered,,,,,0,1.0,0
PROP-AFA0194356E0,,0,Unregistered,,,,,0,1.0,0
PROP-603DF0DC0148,,0,Unregistered,,,,,0,1.0,0
PROP-5867B64800D6,,0,Unregistered,,,,,0,1.0,0
PROP-C3D6F59A3EDE,,0,Unregistered,,,,,0,1.0,0
PROP-518FD6A2B7C8,,0,Unregistered,,,,,0,1.0,0
PROP-95BB764550DF,,0,Unregistered,,,,,0,1.0,0
PROP-7AA41CA4CC6F,RERA-TNR-98238379,1,Ongoing,17.0,25.0,68.0,168.0,7,0.571,0
PROP-1BC89038386F,RERA-TNR-05822747,1,Ongoing,21.0,42.0,50.0,83.0,9,0.889,1
PROP-F495C97732AB,RERA-TNR-25063921,1,Ongoing,23.0,55.0,41.8,31.0,15,0.533,0
PROP-D9FA6E84A016,,0,Unregistered,,,,,0,1.0,0
PROP-95FEE5E7490F,,0,Unregistered,,,,,0,1.0,0
PROP-0CAA9D0369DB,,0,Unregistered,,,,,0,1.0,0
PROP-4F0410F8C139,,0,Unregistered,,,,,0,1.0,0
PROP-C9929F648956,,0,Unregistered,,,,,0,1.0,0
PROP-FA9768F6F528,RERA-TNR-42708851,1,Ongoing,37.0,43.0,86.0,52.0,4,0.5,0
PROP-0A29101C4238,,0,Unregistered,,,,,0,1.0,0
PROP-74C29AC0C2CE,,0,Unregistered,,,,,0,1.0,0
PROP-4EA611915B20,RERA-KAR-52882133,1,Completed,39.0,39.0,100.0,40.0,25,0.52,0
PROP-0321CB56F8A3,,0,Unregistered,,,,,0,1.0,0
PROP-D15088A3CC47,,0,Unregistered,,,,,0,1.0,0
PROP-AA12E85F4006,RERA-KAR-37929383,1,Ongoing,13.0,52.0,25.0,154.0,6,0.333,0
PROP-3D1E10AFAEEE,,0,Unregistered,,,,,0,1.0,0
PROP-EB21F7C47A2D,,0,Unregistered,,,,,0,1.0,0
PROP-B4DC2995CB05,RERA-KAR-48738905,1,Ongoing,15.0,58.0,25.9,244.0,13,0.615,0
PROP-B8888E831EFC,RERA-KAR-59891782,1,Ongoing,20.0,28.0,71.4,130.0,24,0.708,0
PROP-D489B728AB28,,0,Unregistered,,,,,0,1.0,0
PROP-202FE8E3A4F6,RERA-KAR-04600907,1,Ongoing,25.0,47.0,53.2,37.0,6,0.5,0
PROP-A332B7CBBBB0,,0,Unregistered,,,,,0,1.0,0
PROP-73EC79C346C9,RERA-KAR-02011167,1,Ongoing,21.0,49.0,42.9,180.0,11,0.545,1
PROP-F206E84CFE29,,0,Unregistered,,,,,0,1.0,0
PROP-C180459A59E3,,0,Unregistered,,,,,0,1.0,0
PROP-F9875B1BB6C1,,0,Unregistered,,,,,0,1.0,0
PROP-9A33348B63FA,RERA-KAR-88793019,1,Ongoing,37.0,47.0,78.7,25.0,7,0.571,0
PROP-C6C23F22FE64,,0,Unregistered,,,,,0,1.0,0
PROP-A76DA2EA915F,RERA-KAR-92029773,1,Ongoing,27.0,49.0,55.1,41.0,10,0.3,0
PROP-CB61FE5C5384,RERA-KAR-92396393,1,Ongoing,19.0,30.0,63.3,56.0,15,0.0,0
PROP-CCC45291E099,RERA-KAR-16067976,1,Ongoing,18.0,36.0,50.0,64.0,6,0.333,0
PROP-B93768363638,RERA-KAR-92507919,1,Ongoing,37.0,58.0,63.8,217.0,15,0.733,0
PROP-A618E318015F,,0,Unregistered,,,,,0,1.0,0
PROP-1F3F3DC677A9,,0,Unregistered,,,,,0,1.0,0
PROP-2B0B7389EAFA,RERA-KAR-09581092,1,Ongoing,38.0,54.0,70.4,127.0,5,0.4,0
PROP-2FB6EB68543F,,0,Unregistered,,,,,0,1.0,0
PROP-C4F2B340363A,RERA-KAR-86280188,1,Completed,30.0,25.0,100.0,149.0,14,0.714,0
PROP-1293D8487BD8,RERA-KAR-32904052,1,Ongoing,34.0,42.0,81.0,12.0,11,0.364,0
PROP-A365EF65D88C,,0,Unregistered,,,,,0,1.0,0
PROP-087904787CEE,,0,Unregistered,,,,,0,1.0,0
PROP-7EE9CAF04D31,RERA-KAR-06844182,1,Ongoing,24.0,38.0,63.2,123.0,27,0.741,1
PROP-871B58ABD784,RERA-KAR-55755336,1,Ongoing,10.0,51.0,19.6,60.0,12,0.583,0
PROP-A31103301FD1,RERA-KAR-78104338,1,Ongoing,24.0,51.0,47.1,92.0,16,0.625,0
PROP-E1A9A1689D92,,0,Unregistered,,,,,0,1.0,0
PROP-40F895446EB4,RERA-KAR-83074949,1,Ongoing,18.0,43.0,41.9,50.0,24,0.583,0
PROP-006317BD3B69,,0,Unregistered,,,,,0,1.0,0
PROP-A5B0578B920B,RERA-KAR-69223740,1,Ongoing,30.0,49.0,61.2,17.0,19,0.684,2
PROP-8E23C41F9667,,0,Unregistered,,,,,0,1.0,0
PROP-2A2F5CFB8D2B,RERA-KAR-07165498,1,Ongoing,25.0,53.0,47.2,135.0,14,0.5,0
PROP-290D7930681A,RERA-KAR-46773130,1,Completed,28.0,26.0,100.0,64.0,8,0.375,0
PROP-CABF269E0EB5,RERA-KAR-99451877,1,Ongoing,27.0,60.0,45.0,40.0,6,0.833,0
PROP-716C5382ED82,RERA-KAR-42774700,1,Ongoing,38.0,60.0,63.3,73.0,6,0.667,0
PROP-E76B4238E2FB,RERA-KAR-80369083,1,Ongoing,17.0,56.0,30.4,165.0,5,0.6,0
PROP-BA06BA1E0E0D,,0,Unregistered,,,,,0,1.0,0
PROP-AEBC42256807,RERA-KAR-44631550,1,Ongoing,36.0,38.0,94.7,53.0,12,0.167,0
PROP-FDF1CA1F689D,RERA-KAR-61506646,1,Ongoing,8.0,25.0,32.0,64.0,35,0.343,0
PROP-35CDB12883C5,RERA-KAR-00883520,1,Completed,34.0,26.0,100.0,159.0,12,0.75,0
PROP-142A20F5360E,RERA-KAR-02713252,1,Completed,38.0,38.0,100.0,111.0,8,0.875,0
PROP-9CA160B4C892,,0,Unregistered,,,,,0,1.0,0
PROP-72CD4E07270A,RERA-KAR-28563129,1,Ongoing,32.0,56.0,57.1,244.0,13,0.308,0
PROP-32721C22990F,RERA-KAR-31524151,1,Completed,39.0,38.0,100.0,143.0,25,0.36,0
PROP-F307883F4178,,0,Unregistered,,,,,0,1.0,0
PROP-5D571FE394AD,,0,Unregistered,,,,,0,1.0,0
PROP-9B9258430208,RERA-KAR-43336758,1,Ongoing,12.0,26.0,46.2,11.0,17,0.353,0
PROP-B89FCC71E170,RERA-KAR-57801566,1,Ongoing,20.0,59.0,33.9,66.0,8,0.25,0
PROP-C57A169FF3C6,,0,Unregistered,,,,,0,1.0,0
PROP-2EC5E597AA3E,RERA-KAR-05939734,1,Completed,28.0,25.0,100.0,46.0,12,0.833,0
PROP-12D973E88313,RERA-KAR-43872656,1,Ongoing,18.0,33.0,54.5,65.0,4,0.5,0
PROP-37F563C98D62,RERA-KAR-03998886,1,Ongoing,32.0,59.0,54.2,42.0,5,0.6,1
PROP-8F73A3A60282,,0,Unregistered,,,,,0,1.0,0
PROP-A11B478CE34A,RERA-KAR-44796123,1,Ongoing,13.0,25.0,52.0,132.0,7,0.571,0
PROP-FCE181DB5E88,RERA-KAR-00828586,1,Completed,59.0,43.0,100.0,123.0,27,0.741,1
PROP-96868D158019,,0,Unregistered,,,,,0,1.0,0
PROP-61365C96F529,RERA-KAR-22787941,1,Ongoing,15.0,37.0,40.5,215.0,26,0.538,0
PROP-DDA407E1085B,,0,Unregistered,,,,,0,1.0,0
PROP-22227BA25B01,,0,Unregistered,,,,,0,1.0,0
PROP-DBF34718975E,RERA-KAR-98481482,1,Ongoing,28.0,37.0,75.7,156.0,16,0.688,1
PROP-A1B91AEBBF4B,,0,Unregistered,,,,,0,1.0,0
PROP-3E33E696118B,RERA-KAR-89179808,1,Ongoing,10.0,29.0,34.5,245.0,13,0.692,0
PROP-9739BA86AD77,,0,Unregistered,,,,,0,1.0,0
PROP-7936896A151B,,0,Unregistered,,,,,0,1.0,0
PROP-798DF8D0BD87,RERA-KAR-45386853,1,Ongoing,48.0,54.0,88.9,167.0,14,0.929,2
PROP-4F57EDE89F03,RERA-KAR-85678516,1,Ongoing,26.0,50.0,52.0,123.0,11,0.727,0
PROP-631CA1854242,,0,Unregistered,,,,,0,1.0,0
PROP-7099F36CE814,RERA-KAR-54413260,1,Completed,52.0,41.0,100.0,27.0,26,0.615,0
PROP-CDE664E10965,RERA-KAR-54800790,1,Ongoing,36.0,53.0,67.9,60.0,15,0.0,0
PROP-7421156566D1,,0,Unregistered,,,,,0,1.0,0
PROP-0C143383815F,,0,Unregistered,,,,,0,1.0,0
PROP-735DB9E45934,RERA-KAR-74555214,1,Ongoing,40.0,60.0,66.7,47.0,15,0.533,0
PROP-BCBEB0CC2DC4,RERA-KAR-69453236,1,Ongoing,23.0,46.0,50.0,143.0,15,0.533,0
PROP-E53EFA2D983E,,0,Unregistered,,,,,0,1.0,0
PROP-793925559498,RERA-KAR-03749562,1,Ongoing,8.0,58.0,13.8,123.0,8,0.875,2
PROP-B3E6DD8B3785,,0,Unregistered,,,,,0,1.0,0
PROP-3360DF0EAD7E,,0,Unregistered,,,,,0,1.0,0
PROP-6674BA9CEC21,,0,Unregistered,,,,,0,1.0,0
PROP-24CF32DEB4AE,RERA-KAR-46695991,1,Completed,37.0,24.0,100.0,101.0,9,0.667,0
PROP-503C8CF03D18,,0,Unregistered,,,,,0,1.0,0
PROP-07B8746D23A2,RERA-KAR-54204792,1,Ongoing,10.0,48.0,20.8,217.0,27,0.778,1
PROP-CC4690D3CF35,,0,Unregistered,,,,,0,1.0,0
PROP-950F9D6C7EBC,RERA-KAR-04159786,1,Completed,49.0,24.0,100.0,31.0,6,1.0,1
PROP-2EC21115DCD3,RERA-KAR-79181984,1,Ongoing,22.0,56.0,39.3,81.0,7,0.429,0
PROP-058ED1AAA8BC,RERA-KAR-27582583,1,Completed,37.0,34.0,100.0,30.0,20,0.2,0
PROP-919B1B355578,RERA-KAR-72238492,1,Ongoing,22.0,48.0,45.8,57.0,5,0.4,0
PROP-9200A389EA96,,0,Unregistered,,,,,0,1.0,0
PROP-39B3D0271137,RERA-KAR-30257769,1,Ongoing,15.0,30.0,50.0,48.0,4,0.25,0
PROP-7D917C87DE9B,RERA-KAR-92056498,1,Completed,40.0,33.0,100.0,30.0,7,0.429,0
PROP-BE94375CCB95,,0,Unregistered,,,,,0,1.0,0
PROP-1DB7DD0427A7,,0,Unregistered,,,,,0,1.0,0
PROP-A26149CE0B17,RERA-KAR-77486251,1,Ongoing,41.0,45.0,91.1,53.0,17,0.588,0
PROP-49BD33F579CB,RERA-KAR-58714501,1,Ongoing,23.0,55.0,41.8,86.0,18,0.389,0
PROP-0D0D2526274C,,0,Unregistered,,,,,0,1.0,0
PROP-51E9A0713C15,,0,Unregistered,,,,,0,1.0,0
PROP-A8782B94B1FB,RERA-KAR-93348563,1,Completed,73.0,33.0,100.0,43.0,10,1.0,1
PROP-BAAF6116ED3C,,0,Unregistered,,,,,0,1.0,0
PROP-64006734E074,,0,Unregistered,,,,,0,1.0,0
PROP-68AD2E811648,,0,Unregistered,,,,,0,1.0,0
PROP-48A2CAFA4D8E,,0,Unregistered,,,,,0,1.0,0
PROP-10979CB9A20E,,0,Unregistered,,,,,0,1.0,0
PROP-C67FB674FB2F,,0,Unregistered,,,,,0,1.0,0
PROP-34BBA7C8236D,,0,Unregistered,,,,,0,1.0,0
PROP-49F75168D35F,,0,Unregistered,,,,,0,1.0,0
PROP-2EE8C4AD74AC,,0,Unregistered,,,,,0,1.0,0
PROP-C68DA66F8F89,,0,Unregistered,,,,,0,1.0,0
PROP-E85D08D00791,,0,Unregistered,,,,,0,1.0,0
PROP-E528079CC2AD,,0,Unregistered,,,,,0,1.0,0
PROP-0476BE175E80,,0,Unregistered,,,,,0,1.0,0
PROP-4F8C420913BF,,0,Unregistered,,,,,0,1.0,0
PROP-B8F29184E8C3,RERA-KAR-56478919,1,Ongoing,17.0,28.0,60.7,138.0,13,0.692,2
PROP-EC3B8FC7E64D,,0,Unregistered,,,,,0,1.0,0
PROP-B9B0ABA93413,,0,Unregistered,,,,,0,1.0,0
PROP-542B9E0A0FCB,,0,Unregistered,,,,,0,1.0,0
PROP-5B671A553DCF,,0,Unregistered,,,,,0,1.0,0
PROP-35743D5914AF,,0,Unregistered,,,,,0,1.0,0
PROP-52C124200594,,0,Unregistered,,,,,0,1.0,0
PROP-3B458B19A7E9,RERA-KAR-97844678,1,Ongoing,32.0,50.0,64.0,120.0,34,0.5,0
PROP-781FF2B0467C,,0,Unregistered,,,,,0,1.0,0
PROP-05CF94F16F1A,,0,Unregistered,,,,,0,1.0,0
PROP-DE185189C095,,0,Unregistered,,,,,0,1.0,0
PROP-810090572038,,0,Unregistered,,,,,0,1.0,0
PROP-61D5B7A22CF3,,0,Unregistered,,,,,0,1.0,0
PROP-800FDCD772A0,,0,Unregistered,,,,,0,1.0,0
PROP-BF423B2D928A,,0,Unregistered,,,,,0,1.0,0
PROP-1E4BB4EE7D45,,0,Unregistered,,,,,0,1.0,0
PROP-F068D1EE3384,,0,Unregistered,,,,,0,1.0,0
PROP-22E2B8C95B3A,,0,Unregistered,,,,,0,1.0,0
PROP-A0E39D1BBB80,,0,Unregistered,,,,,0,1.0,0
PROP-4008DD617BF1,,0,Unregistered,,,,,0,1.0,0
PROP-7905092B1300,RERA-KAR-09012998,1,Ongoing,40.0,60.0,66.7,152.0,19,0.474,0
PROP-A210B98C0F60,RERA-KAR-76175780,1,Ongoing,22.0,57.0,38.6,216.0,9,0.778,0
PROP-ED53B800D737,,0,Unregistered,,,,,0,1.0,0
PROP-FBC1B0DB962E,,0,Unregistered,,,,,0,1.0,0
PROP-B9387A1FE63B,,0,Unregistered,,,,,0,1.0,0
PROP-CBA807F802E2,,0,Unregistered,,,,,0,1.0,0
PROP-C9756B6B35C2,,0,Unregistered,,,,,0,1.0,0
PROP-3E3B6C21254F,RERA-KAR-25777873,1,Ongoing,35.0,45.0,77.8,197.0,11,0.636,1
PROP-0F406B873B88,,0,Unregistered,,,,,0,1.0,0
PROP-7A47E09D4B3D,,0,Unregistered,,,,,0,1.0,0
PROP-680082C85A42,RERA-KAR-12138490,1,Ongoing,24.0,28.0,85.7,200.0,9,0.444,0
PROP-4B8A2BBE2AE1,,0,Unregistered,,,,,0,1.0,0
PROP-91CB26D1DF18,,0,Unregistered,,,,,0,1.0,0
PROP-2D43F1D425FE,,0,Unregistered,,,,,0,1.0,0
PROP-0BA3456F4A3F,RERA-KAR-00011285,1,Ongoing,23.0,34.0,67.6,46.0,15,0.467,0
PROP-F619C3C82FE6,,0,Unregistered,,,,,0,1.0,0
PROP-3BC3A08A786B,,0,Unregistered,,,,,0,1.0,0
PROP-73A82C040C1D,,0,Unregistered,,,,,0,1.0,0
PROP-5FFC56AF0D81,RERA-KAR-60036090,1,Ongoing,40.0,60.0,66.7,80.0,39,0.385,0
PROP-7FB5A33F1D42,RERA-KAR-92719291,1,Ongoing,9.0,27.0,33.3,87.0,12,0.583,0
PROP-0DF2689E8504,,0,Unregistered,,,,,0,1.0,0
PROP-4DD4BA38038F,,0,Unregistered,,,,,0,1.0,0
PROP-4A608895F12D,,0,Unregistered,,,,,0,1.0,0
PROP-069A19144A8E,,0,Unregistered,,,,,0,1.0,0
PROP-B4A8AE3A80B2,,0,Unregistered,,,,,0,1.0,0
PROP-D7D0F89B13AE,,0,Unregistered,,,,,0,1.0,0
PROP-A7A97599B6F9,,0,Unregistered,,,,,0,1.0,0
PROP-C76A6B896015,RERA-KAR-88327208,1,Ongoing,34.0,45.0,75.6,104.0,24,0.25,0
PROP-00F04811CAE5,,0,Unregistered,,,,,0,1.0,0
PROP-82B11312217F,,0,Unregistered,,,,,0,1.0,0
PROP-3CDDDE71ABFA,,0,Unregistered,,,,,0,1.0,0
PROP-48C2457FD8D3,RERA-KAR-28563129,1,Completed,56.0,56.0,100.0,244.0,13,0.846,1
PROP-56875D73C571,,0,Unregistered,,,,,0,1.0,0
PROP-C360B586390A,,0,Unregistered,,,,,0,1.0,0
PROP-A9AF10260692,RERA-KAR-77185932,1,Completed,47.0,45.0,100.0,246.0,13,0.846,0
PROP-502861ECED7E,RERA-KAR-56979235,1,Ongoing,21.0,27.0,77.8,123.0,6,0.5,0
PROP-003F6016AD15,,0,Unregistered,,,,,0,1.0,0
PROP-01433059BC75,,0,Unregistered,,,,,0,1.0,0
PROP-FB33D5373927,RERA-KAR-30257769,1,Ongoing,24.0,30.0,80.0,48.0,4,0.25,0
PROP-5AB3B76F53DE,RERA-KAR-54413260,1,Completed,67.0,41.0,100.0,27.0,27,0.852,2
PROP-84A4E88EFF9B,,0,Unregistered,,,,,0,1.0,0
PROP-F63B0ABC2C11,,0,Unregistered,,,,,0,1.0,0
PROP-2C9B6F818BDC,,0,Unregistered,,,,,0,1.0,0
PROP-D93C404AA7A5,,0,Unregistered,,,,,0,1.0,0
PROP-46EA9CEE922E,,0,Unregistered,,,,,0,1.0,0
PROP-E64408990A61,RERA-KAR-53639918,1,Ongoing,31.0,32.0,96.9,162.0,8,0.875,1
PROP-53D6E570E82C,RERA-KAR-48214778,1,Completed,73.0,34.0,100.0,101.0,15,0.8,2
PROP-1841E40E729D,RERA-KAR-43806910,1,Ongoing,16.0,49.0,32.7,156.0,23,0.391,0
PROP-F0F5B81D604A,RERA-KAR-48946942,1,Ongoing,16.0,33.0,48.5,58.0,15,0.867,0
PROP-4AB8AD707CF8,RERA-KAR-25131230,1,Completed,59.0,37.0,100.0,103.0,21,0.714,2
PROP-E6CAC276A1DE,RERA-KAR-00349393,1,Ongoing,23.0,58.0,39.7,10.0,8,0.625,0
PROP-7B24B38C5636,RERA-KAR-69405478,1,Ongoing,32.0,36.0,88.9,115.0,6,0.5,0
PROP-C1EE1E4543B3,,0,Unregistered,,,,,0,1.0,0
PROP-5248E691D853,,0,Unregistered,,,,,0,1.0,0
PROP-8BB5F3862AFA,RERA-KAR-92056498,1,Completed,49.0,33.0,100.0,30.0,7,0.429,0
PROP-5F2807615F56,RERA-KAR-71528610,1,Ongoing,24.0,44.0,54.5,80.0,5,0.2,0
PROP-7F7AAB994968,RERA-KAR-76737234,1,Ongoing,32.0,34.0,94.1,78.0,9,0.778,1
PROP-5ECF0A77D56B,,0,Unregistered,,,,,0,1.0,0
PROP-8B13E8328010,RERA-KAR-04511836,1,Ongoing,30.0,35.0,85.7,51.0,30,0.1,0
PROP-F0DFEFFBCCB2,,0,Unregistered,,,,,0,1.0,0
PROP-FB797273D500,RERA-KAR-40792460,1,Ongoing,14.0,52.0,26.9,77.0,27,0.778,1
PROP-B2AC02E6FFF5,RERA-KAR-51687324,1,Ongoing,10.0,46.0,21.7,97.0,15,0.733,1
PROP-0860ED725D78,RERA-KAR-63798987,1,Ongoing,25.0,35.0,71.4,97.0,16,0.188,0
PROP-0FE93A71BC57,,0,Unregistered,,,,,0,1.0,0
PROP-3C9BEED99DF2,,0,Unregistered,,,,,0,1.0,0
PROP-1257BE4E3CE6,,0,Unregistered,,,,,0,1.0,0
PROP-EF868122AC40,,0,Unregistered,,,,,0,1.0,0
PROP-A47DA716A2F2,RERA-KAR-81083742,1,Ongoing,32.0,34.0,94.1,100.0,15,0.333,0
PROP-E919A969ED24,RERA-KAR-15342159,1,Ongoing,9.0,54.0,16.7,217.0,11,0.818,2
PROP-2DDF494243AD,,0,Unregistered,,,,,0,1.0,0
PROP-C18A52DC1A5F,RERA-KAR-10622788,1,Ongoing,34.0,51.0,66.7,43.0,6,0.667,0
PROP-E32664AA4A63,RERA-KAR-70432077,1,Completed,35.0,35.0,100.0,74.0,9,0.889,0
PROP-AC1ED728A46D,,0,Unregistered,,,,,0,1.0,0
PROP-9093B0AC4F6A,RERA-KAR-38278090,1,Ongoing,36.0,53.0,67.9,208.0,5,0.6,0
PROP-CE7750EC13F4,,0,Unregistered,,,,,0,1.0,0
PROP-DA1F38FEFF04,,0,Unregistered,,,,,0,1.0,0
PROP-65268A54CB32,,0,Unregistered,,,,,0,1.0,0
PROP-706F67B2ED93,RERA-KAR-86015509,1,Completed,55.0,42.0,100.0,68.0,21,0.714,2
PROP-6B710EF3E33D,RERA-KAR-41046609,1,Ongoing,19.0,58.0,32.8,63.0,12,0.833,3
PROP-BA5EB97E3748,RERA-KAR-94331319,1,Completed,41.0,35.0,100.0,122.0,8,0.875,0
PROP-F9F1BF8646EF,,0,Unregistered,,,,,0,1.0,0
PROP-DBFFC5DEC768,RERA-KAR-27378576,1,Completed,61.0,57.0,100.0,84.0,32,0.5,0
PROP-E86E6EB2AD72,,0,Unregistered,,,,,0,1.0,0
PROP-44FDBB208F5F,RERA-KAR-21319572,1,Ongoing,38.0,58.0,65.5,57.0,20,0.1,0
PROP-52A4E5C1930E,RERA-KAR-19779431,1,Ongoing,29.0,33.0,87.9,224.0,4,0.5,0
PROP-5890278D9809,RERA-KAR-40261907,1,Ongoing,41.0,59.0,69.5,61.0,15,0.6,0
PROP-FF8E215E77D0,,0,Unregistered,,,,,0,1.0,0
PROP-A7AACAE46A0D,RERA-KAR-89833257,1,Ongoing,30.0,36.0,83.3,84.0,13,0.385,0
PROP-0EA377BF6A54,,0,Unregistered,,,,,0,1.0,0
PROP-697927058751,,0,Unregistered,,,,,0,1.0,0
PROP-4765057EF2F9,RERA-KAR-76869837,1,Ongoing,7.0,51.0,13.7,120.0,15,0.333,0
PROP-C1335E511393,,0,Unregistered,,,,,0,1.0,0
PROP-AA8604D84968,RERA-KAR-49478063,1,Completed,61.0,49.0,100.0,27.0,10,1.0,1
PROP-85ED57411480,RERA-KAR-28563129,1,Completed,65.0,56.0,100.0,244.0,13,1.0,3
PROP-31008C689D06,RERA-KAR-24130785,1,Ongoing,35.0,42.0,83.3,113.0,27,0.741,1
PROP-B94636A9A773,,0,Unregistered,,,,,0,1.0,0
PROP-9FF8E134FF77,RERA-KAR-77338697,1,Ongoing,15.0,42.0,35.7,190.0,8,0.5,1
PROP-7DAE05C35B49,,0,Unregistered,,,,,0,1.0,0
PROP-92D7ADA161BC,,0,Unregistered,,,,,0,1.0,0
PROP-455408954327,,0,Unregistered,,,,,0,1.0,0
PROP-98388DA9E4B3,,0,Unregistered,,,,,0,1.0,0
PROP-384E1963AFB1,RERA-KAR-93348563,1,Completed,37.0,33.0,100.0,43.0,10,0.8,0
PROP-0C7348FE202B,,0,Unregistered,,,,,0,1.0,0
PROP-BA8A2883586F,,0,Unregistered,,,,,0,1.0,0
PROP-A11A6981D3A5,RERA-KAR-45564456,1,Ongoing,18.0,38.0,47.4,200.0,6,0.667,0
PROP-1EDFBB744D36,,0,Unregistered,,,,,0,1.0,0
PROP-6D1FAB6D3730,,0,Unregistered,,,,,0,1.0,0
PROP-CAC9B120EB49,,0,Unregistered,,,,,0,1.0,0
PROP-2A0C4AC155D9,,0,Unregistered,,,,,0,1.0,0
PROP-0CAFCDA77290,,0,Unregistered,,,,,0,1.0,0
PROP-4A2923164198,,0,Unregistered,,,,,0,1.0,0
PROP-99CA77FC3797,RERA-KAR-54287394,1,Ongoing,36.0,51.0,70.6,26.0,7,0.714,0
PROP-2733004DFB4F,,0,Unregistered,,,,,0,1.0,0
PROP-080724F43710,,0,Unregistered,,,,,0,1.0,0
PROP-C6322C8B8045,,0,Unregistered,,,,,0,1.0,0
PROP-0C2066E9E049,RERA-KAR-54681321,1,Ongoing,23.0,52.0,44.2,124.0,8,0.5,0
PROP-08917B3C19DB,RERA-KAR-91759583,1,Ongoing,25.0,34.0,73.5,43.0,12,0.75,0
PROP-017B72AECABE,,0,Unregistered,,,,,0,1.0,0
PROP-5A776B4F1FE1,,0,Unregistered,,,,,0,1.0,0
PROP-839D1A608D10,,0,Unregistered,,,,,0,1.0,0
PROP-CEF6F57C94F4,,0,Unregistered,,,,,0,1.0,0
PROP-D1FF360C06B2,,0,Unregistered,,,,,0,1.0,0
PROP-ADA685FC5E27,,0,Unregistered,,,,,0,1.0,0
PROP-B8611EC4724C,RERA-KAR-97495945,1,Ongoing,15.0,33.0,45.5,164.0,6,0.833,0
PROP-4F697A9257D1,,0,Unregistered,,,,,0,1.0,0
PROP-36C0B6D54F43,,0,Unregistered,,,,,0,1.0,0
PROP-F988B92E3135,RERA-KAR-25777873,1,Completed,56.0,45.0,100.0,197.0,11,0.909,3
PROP-FA04E82CE07B,,0,Unregistered,,,,,0,1.0,0
PROP-F166F505A50C,,0,Unregistered,,,,,0,1.0,0
PROP-65D96FCD59D3,,0,Unregistered,,,,,0,1.0,0
PROP-C79CA9A7591B,,0,Unregistered,,,,,0,1.0,0
PROP-85F10FB9D96A,,0,Unregistered,,,,,0,1.0,0
PROP-ADE270E390A7,,0,Unregistered,,,,,0,1.0,0
PROP-B9EE66135257,RERA-KAR-31453456,1,Ongoing,34.0,53.0,64.2,49.0,8,0.75,0
PROP-B6D4580F387A,RERA-KAR-91112789,1,Ongoing,15.0,24.0,62.5,53.0,9,0.556,0
PROP-00C912C40190,RERA-KAR-73715021,1,Ongoing,27.0,49.0,55.1,17.0,11,0.727,2
PROP-7561D714F5B1,RERA-KAR-58001453,1,Ongoing,23.0,31.0,74.2,123.0,6,0.5,0
PROP-02C371CBCB74,RERA-KAR-20228366,1,Ongoing,12.0,40.0,30.0,99.0,7,0.714,0
PROP-A1A09D0FAD95,RERA-KAR-03893719,1,Ongoing,9.0,27.0,33.3,88.0,12,0.75,1
PROP-4EBBB3B7CCDC,RERA-KAR-17215841,1,Ongoing,11.0,30.0,36.7,68.0,13,0.846,1
PROP-3CABABF6749D,RERA-KAR-36227982,1,Ongoing,16.0,53.0,30.2,28.0,16,0.125,0
PROP-1581D6DD4BCC,,0,Unregistered,,,,,0,1.0,0
PROP-C2AD93832287,,0,Unregistered,,,,,0,1.0,0
PROP-A45DE8E14893,RERA-KAR-53236047,1,Ongoing,21.0,60.0,35.0,210.0,12,0.833,3
PROP-F24540D720C0,RERA-KAR-54413260,1,Ongoing,34.0,41.0,82.9,27.0,25,0.36,0
PROP-B16F80A97DF4,,0,Unregistered,,,,,0,1.0,0
PROP-79ABF40C698F,RERA-KAR-42319887,1,Ongoing,17.0,31.0,54.8,70.0,16,0.875,1
PROP-59701C55D4AE,,0,Unregistered,,,,,0,1.0,0
PROP-D40CAEA2891A,,0,Unregistered,,,,,0,1.0,0
PROP-2145BED22369,RERA-KAR-11258949,1,Ongoing,19.0,37.0,51.4,131.0,14,0.929,3
PROP-8A02A19B2B59,RERA-KAR-28563129,1,Ongoing,23.0,56.0,41.1,244.0,11,0.364,0
PROP-DC836F594A19,RERA-KAR-89665360,1,Ongoing,38.0,57.0,66.7,129.0,35,0.629,1
PROP-BC8119439D1B,,0,Unregistered,,,,,0,1.0,0
PROP-1CD06191D58D,RERA-KAR-97544001,1,Ongoing,23.0,40.0,57.5,59.0,14,0.714,0
PROP-2AD8BFF5F152,RERA-KAR-46932637,1,Ongoing,27.0,47.0,57.4,55.0,13,0.923,0
PROP-790A6345B13A,RERA-KAR-46932637,1,Ongoing,27.0,47.0,57.4,55.0,13,0.923,0
PROP-F6F9032C8579,RERA-KAR-89488512,1,Ongoing,10.0,41.0,24.4,49.0,12,0.75,1
PROP-46C9341F177D,,0,Unregistered,,,,,0,1.0,0
PROP-3BAAF5AB2702,RERA-KAR-73858809,1,Completed,35.0,27.0,100.0,31.0,5,0.8,0
PROP-F597803D91AA,RERA-KAR-93348563,1,Completed,37.0,33.0,100.0,43.0,10,0.8,0
PROP-2D78D8DAC6AA,,0,Unregistered,,,,,0,1.0,0
PROP-D002694A0A4C,,0,Unregistered,,,,,0,1.0,0
PROP-5D53E904D9D9,,0,Unregistered,,,,,0,1.0,0
PROP-1773B5B0FF7C,,0,Unregistered,,,,,0,1.0,0
PROP-2C9F5256BF79,,0,Unregistered,,,,,0,1.0,0
PROP-D16B312759F3,RERA-KAR-64917954,1,Ongoing,36.0,58.0,62.1,120.0,39,0.154,0
PROP-1E474AAD9AE0,,0,Unregistered,,,,,0,1.0,0
PROP-16C4C51928D7,,0,Unregistered,,,,,0,1.0,0
PROP-C670F12382CE,,0,Unregistered,,,,,0,1.0,0
PROP-89BCD1B82E45,RERA-KAR-54413260,1,Completed,46.0,41.0,100.0,27.0,25,0.64,0
PROP-41171B0E90D1,RERA-KAR-87728758,1,Ongoing,28.0,51.0,54.9,104.0,20,0.1,0
PROP-A2A3580223E5,,0,Unregistered,,,,,0,1.0,0
PROP-395C854E4532,,0,Unregistered,,,,,0,1.0,0
PROP-8BC45129128D,RERA-KAR-36486756,1,Ongoing,30.0,56.0,53.6,26.0,21,0.286,0
PROP-1B3CD9AFD6EA,RERA-KAR-54413260,1,Completed,61.0,41.0,100.0,27.0,27,0.741,0
PROP-46F76C9E0741,RERA-KAR-54123710,1,Ongoing,20.0,43.0,46.5,97.0,25,0.36,0
PROP-9ED958E0E47F,,0,Unregistered,,,,,0,1.0,0
PROP-8B109DF03D59,RERA-KAR-28563129,1,Ongoing,23.0,56.0,41.1,244.0,11,0.364,0
PROP-FCBE4C8F2C06,RERA-KAR-13106979,1,Ongoing,41.0,56.0,73.2,134.0,9,0.667,2
PROP-E3F96BB1EFFF,RERA-KAR-32219181,1,Ongoing,15.0,26.0,57.7,91.0,27,0.63,0
PROP-9CDCB9321CD3,,0,Unregistered,,,,,0,1.0,0
PROP-CC666FFF2E83,RERA-KAR-27378576,1,Ongoing,34.0,57.0,59.6,84.0,20,0.2,0
PROP-25CA46D91FA9,RERA-KAR-72309261,1,Ongoing,39.0,55.0,70.9,290.0,20,0.4,0
PROP-9E10B436986D,,0,Unregistered,,,,,0,1.0,0
PROP-4402DAD23391,RERA-KAR-28563129,1,Ongoing,35.0,56.0,62.5,244.0,13,0.538,0
PROP-1BC3BA69D111,RERA-KAR-52844219,1,Ongoing,29.0,34.0,85.3,53.0,42,0.5,1
PROP-6D07632670C1,RERA-KAR-48513853,1,Completed,49.0,43.0,100.0,201.0,27,0.852,2
PROP-CF07CE26C516,RERA-KAR-03698954,1,Ongoing,28.0,33.0,84.8,56.0,15,0.533,0
PROP-6B56F80DB1A0,RERA-KAR-81840185,1,Ongoing,7.0,40.0,17.5,156.0,11,0.636,0
PROP-5AE4A2894023,RERA-KAR-54413260,1,Ongoing,34.0,41.0,82.9,27.0,27,0.852,2
PROP-351A4BE4CC0C,RERA-KAR-26698559,1,Ongoing,13.0,44.0,29.5,199.0,16,0.375,0
PROP-FFB46B558DED,RERA-KAR-54413260,1,Ongoing,34.0,41.0,82.9,27.0,23,0.348,0
PROP-0B8384F6D6DD,RERA-KAR-48513853,1,Ongoing,31.0,43.0,72.1,201.0,26,0.615,0
PROP-4AF883BA43D7,RERA-KAR-35312953,1,Completed,39.0,31.0,100.0,105.0,15,0.667,0
PROP-A7B6ABD37A94,,0,Unregistered,,,,,0,1.0,0
PROP-A93A3D142375,,0,Unregistered,,,,,0,1.0,0
PROP-51D6942DA605,RERA-KAR-48513853,1,Ongoing,31.0,43.0,72.1,201.0,25,0.56,0
PROP-AEF1E5F20023,RERA-KAR-57083391,1,Ongoing,25.0,44.0,56.8,94.0,34,0.441,0
PROP-7E3C7AAD0AB4,RERA-KAR-67831539,1,Ongoing,37.0,49.0,75.5,263.0,24,0.333,0
PROP-AFCC039A0151,RERA-KAR-81678813,1,Ongoing,39.0,47.0,83.0,87.0,15,0.733,0
PROP-BCD3402A46ED,RERA-KAR-81678813,1,Completed,51.0,47.0,100.0,87.0,15,0.867,1
PROP-6AE6E36E8191,RERA-KAR-56179529,1,Ongoing,23.0,38.0,60.5,25.0,5,0.8,1
PROP-558583B0FFE2,RERA-KAR-00054734,1,Ongoing,31.0,32.0,96.9,162.0,20,0.2,0
PROP-ABC2A3B5656A,RERA-KAR-03698954,1,Completed,55.0,33.0,100.0,56.0,18,0.833,0
PROP-6BED397EEAB6,RERA-KAR-89492176,1,Completed,70.0,29.0,100.0,148.0,10,0.7,1
PROP-3FB8BAD6086A,RERA-KAR-68394271,1,Ongoing,13.0,44.0,29.5,205.0,36,0.528,0
PROP-1A60FEA935FA,RERA-KAR-14531005,1,Ongoing,15.0,24.0,62.5,247.0,12,0.5,0
PROP-D5C57F688A87,RERA-KAR-77539856,1,Ongoing,6.0,46.0,13.0,43.0,27,0.333,0
PROP-17E889979BF1,RERA-KAR-56678723,1,Ongoing,29.0,34.0,85.3,31.0,17,0.765,1
PROP-98363735309D,RERA-KAR-88609919,1,Ongoing,25.0,35.0,71.4,33.0,24,0.333,0
PROP-19E7561477F7,RERA-KAR-77114310,1,Ongoing,40.0,58.0,69.0,43.0,36,0.667,0
PROP-EE42F2C823AC,RERA-KAR-77114310,1,Ongoing,40.0,58.0,69.0,43.0,29,0.448,0
PROP-B36EAA23BE5F,RERA-KAR-46760889,1,Ongoing,7.0,44.0,15.9,95.0,6,0.833,0
PROP-7C4EF1791936,,0,Unregistered,,,,,0,1.0,0
PROP-0133FB040890,RERA-KAR-67965774,1,Ongoing,40.0,48.0,83.3,46.0,20,0.2,0
PROP-664997DC907D,,0,Unregistered,,,,,0,1.0,0
PROP-CCACD571525C,,0,Unregistered,,,,,0,1.0,0
PROP-CB4420DFFA56,RERA-KAR-97329191,1,Completed,37.0,37.0,100.0,32.0,35,0.886,2
PROP-198FA6AB72E8,RERA-KAR-48214778,1,Completed,49.0,34.0,100.0,101.0,15,1.0,5
PROP-738DE6339BE9,RERA-KAR-00828586,1,Ongoing,29.0,43.0,67.4,123.0,24,0.375,0
PROP-10B4872FF002,RERA-KAR-29374411,1,Ongoing,17.0,33.0,51.5,85.0,10,0.7,0
PROP-D13F1E999F2A,RERA-KAR-54413260,1,Completed,67.0,41.0,100.0,27.0,27,0.852,2
PROP-A6B1CAA14E02,RERA-KAR-89492176,1,Completed,34.0,29.0,100.0,148.0,9,0.444,0
PROP-66B289551FC6,,0,Unregistered,,,,,0,1.0,0
PROP-96A023762EBC,,0,Unregistered,,,,,0,1.0,0
PROP-1BED1EDF04A6,RERA-KAR-21948518,1,Ongoing,24.0,29.0,82.8,33.0,20,0.2,0
PROP-BB0116691ADF,RERA-KAR-69639350,1,Ongoing,40.0,53.0,75.5,122.0,9,0.778,1
PROP-B5463A8362DD,RERA-KAR-27298266,1,Ongoing,28.0,37.0,75.7,110.0,30,0.333,0
PROP-2A868B10386A,RERA-KAR-00828586,1,Completed,56.0,43.0,100.0,123.0,27,0.667,1
PROP-1804D5D80D07,RERA-KAR-27298266,1,Completed,61.0,37.0,100.0,110.0,35,0.714,2
PROP-A5C41051ABB8,RERA-KAR-80348708,1,Ongoing,10.0,53.0,18.9,13.0,24,0.292,0
PROP-354701695CC2,RERA-KAR-89492176,1,Completed,40.0,29.0,100.0,148.0,9,0.444,0
PROP-21833C095DC0,,0,Unregistered,,,,,0,1.0,0
PROP-F3B65786EBC9,,0,Unregistered,,,,,0,1.0,0
PROP-A7CDC3666107,RERA-KAR-59891782,1,Ongoing,20.0,28.0,71.4,130.0,18,0.5,0
PROP-0E5BFAD8C69E,,0,Unregistered,,,,,0,1.0,0
PROP-46B8DBE52D17,RERA-KAR-95961845,1,Completed,42.0,31.0,100.0,71.0,8,0.625,0
PROP-00989A6282DB,RERA-KAR-57083391,1,Completed,49.0,44.0,100.0,94.0,35,0.886,2
PROP-3D7AFEF3866D,RERA-KAR-07923511,1,Completed,37.0,33.0,100.0,65.0,11,0.636,0
PROP-0F7047E2ED7F,,0,Unregistered,,,,,0,1.0,0
PROP-4A219B9547F6,RERA-KAR-54413260,1,Completed,46.0,41.0,100.0,27.0,25,0.64,0
PROP-C590E171352D,RERA-KAR-59416975,1,Ongoing,25.0,30.0,83.3,36.0,15,0.667,1
PROP-0A7CB4045979,RERA-KAR-20579011,1,Ongoing,17.0,58.0,29.3,17.0,9,0.444,0
PROP-9DBED7EC7517,RERA-KAR-27582583,1,Completed,82.0,34.0,100.0,30.0,35,0.686,2
PROP-F051A5B0C344,RERA-KAR-54413260,1,Completed,64.0,41.0,100.0,27.0,27,0.778,0
PROP-392FB1CBB789,RERA-KAR-59950880,1,Ongoing,22.0,48.0,45.8,76.0,13,0.385,0
PROP-BB3F6002E7A5,RERA-KAR-34329396,1,Ongoing,30.0,33.0,90.9,53.0,20,0.4,0
PROP-B6D9286B40F2,,0,Unregistered,,,,,0,1.0,0
PROP-426DB8038110,RERA-KAR-92719291,1,Completed,33.0,27.0,100.0,87.0,14,0.714,0
PROP-E5AB90CA6F2D,RERA-KAR-27582583,1,Completed,73.0,34.0,100.0,30.0,35,0.571,1
PROP-1CE982CF9374,RERA-KAR-15275287,1,Completed,37.0,24.0,100.0,46.0,7,1.0,1
PROP-FCC4CB5C1EB8,RERA-KAR-25360717,1,Ongoing,23.0,60.0,38.3,147.0,14,0.714,1
PROP-11948FCBCF54,RERA-KAR-48214778,1,Completed,40.0,34.0,100.0,101.0,15,0.8,2
PROP-2A2EC83D5242,,0,Unregistered,,,,,0,1.0,0
PROP-F65F133CDC44,RERA-KAR-82964073,1,Ongoing,11.0,45.0,24.4,72.0,17,0.765,1
PROP-9C672CAE95B0,RERA-KAR-63786783,1,Ongoing,9.0,47.0,19.1,51.0,6,0.833,0
PROP-40FB96F394F9,,0,Unregistered,,,,,0,1.0,0
PROP-88BDFB684A8D,RERA-KAR-00828586,1,Ongoing,8.0,43.0,18.6,123.0,15,0.0,0
PROP-63D555E550AC,,0,Unregistered,,,,,0,1.0,0
PROP-F1233A76EAF0,RERA-KAR-19466064,1,Ongoing,38.0,60.0,63.3,37.0,12,0.667,1
PROP-A4534227E91F,RERA-KAR-29601184,1,Ongoing,6.0,45.0,13.3,42.0,12,0.667,1
PROP-192315F52713,RERA-KAR-54413260,1,Completed,49.0,41.0,100.0,27.0,26,0.615,0
PROP-0D049F143D2A,RERA-KAR-44494723,1,Ongoing,33.0,36.0,91.7,109.0,11,0.273,0
PROP-4FE94B45EB6F,RERA-KAR-27582583,1,Completed,37.0,34.0,100.0,30.0,35,0.686,2
PROP-8125477B66F7,RERA-KAR-80731931,1,Completed,37.0,27.0,100.0,128.0,21,0.333,0
PROP-A74CB635692D,RERA-KAR-29107185,1,Ongoing,7.0,41.0,17.1,153.0,8,0.625,1
PROP-53236E04FB44,RERA-KAR-00054734,1,Ongoing,19.0,32.0,59.4,162.0,16,0.125,0
PROP-85F0F6B022DB,RERA-KAR-00054734,1,Completed,58.0,32.0,100.0,162.0,26,0.538,0
PROP-B0A1BC33321E,,0,Unregistered,,,,,0,1.0,0
PROP-4B7F50B895A1,RERA-KAR-59991724,1,Ongoing,14.0,56.0,25.0,117.0,15,0.8,0
PROP-8EA6055473E8,RERA-KAR-03255571,1,Ongoing,28.0,43.0,65.1,220.0,26,0.538,0
PROP-3D775AF605F4,,0,Unregistered,,,,,0,1.0,0
PROP-EF207DFEBEE4,RERA-KAR-30257769,1,Ongoing,18.0,30.0,60.0,48.0,4,0.25,0
PROP-5B76091F4FAD,,0,Unregistered,,,,,0,1.0,0
PROP-4FC7BFD46805,RERA-KAR-79113198,1,Ongoing,16.0,26.0,61.5,61.0,4,0.5,0
PROP-82ADB9FF75F8,RERA-KAR-01623807,1,Completed,31.0,28.0,100.0,52.0,11,0.545,0
PROP-C4FDA0DD03FC,RERA-KAR-07165498,1,Ongoing,16.0,53.0,30.2,135.0,14,0.5,0
PROP-54B74DFEDAB6,,0,Unregistered,,,,,0,1.0,0
PROP-2EC4909BFB4E,RERA-KAR-96881441,1,Completed,53.0,40.0,100.0,163.0,35,0.686,1
PROP-17F011DCC9FE,RERA-KAR-54413260,1,Ongoing,34.0,41.0,82.9,27.0,20,0.3,0
PROP-2EB25993D9E8,RERA-KAR-44906378,1,Completed,42.0,33.0,100.0,58.0,10,0.7,0
PROP-ECC3BEFB674B,RERA-KAR-48214778,1,Completed,40.0,34.0,100.0,101.0,15,0.6,0
PROP-D7067BEE2FFD,RERA-KAR-31524151,1,Ongoing,21.0,38.0,55.3,143.0,20,0.3,0
PROP-9318CA6CB4AE,RERA-KAR-20228366,1,Ongoing,15.0,40.0,37.5,99.0,7,0.714,0
PROP-639E6D69D5AA,RERA-KAR-54413260,1,Completed,46.0,41.0,100.0,27.0,26,0.615,0
PROP-C39D2D927F3A,RERA-KAR-15213630,1,Ongoing,16.0,37.0,43.2,79.0,8,0.75,0
PROP-D32CE1339EB1,RERA-KAR-89833257,1,Completed,51.0,36.0,100.0,84.0,14,0.786,0
PROP-282E9B9466CB,RERA-KAR-36486756,1,Ongoing,30.0,56.0,53.6,26.0,29,0.448,0
PROP-9CAAFF66FB6E,RERA-KAR-54635523,1,Completed,33.0,26.0,100.0,119.0,26,0.462,0
PROP-EDF8432FE4FB,RERA-KAR-54413260,1,Completed,64.0,41.0,100.0,27.0,27,0.852,2
PROP-469159691155,RERA-KAR-00828586,1,Ongoing,8.0,43.0,18.6,123.0,26,0.538,0
PROP-1F06060C5E03,,0,Unregistered,,,,,0,1.0,0
PROP-C1BCE5118114,RERA-KAR-55892817,1,Ongoing,19.0,48.0,39.6,87.0,6,0.667,0
PROP-C04725EAD432,,0,Unregistered,,,,,0,1.0,0
PROP-66EEDE198CCB,RERA-KAR-16712325,1,Ongoing,27.0,38.0,71.1,67.0,15,0.933,4
PROP-D2598DCA7AC5,,0,Unregistered,,,,,0,1.0,0
PROP-BA7E08E6CC86,,0,Unregistered,,,,,0,1.0,0
PROP-7921E5D36894,,0,Unregistered,,,,,0,1.0,0
PROP-96AE64E0AE51,,0,Unregistered,,,,,0,1.0,0
PROP-FDBECD1023D5,,0,Unregistered,,,,,0,1.0,0
PROP-ABB411B9FC44,RERA-KAR-34038399,1,Completed,25.0,24.0,100.0,206.0,4,0.5,0
PROP-8F34916ECF33,RERA-KAR-61788028,1,Ongoing,30.0,32.0,93.8,76.0,30,0.433,0
PROP-410FF3431C74,RERA-KAR-88045500,1,Ongoing,10.0,42.0,23.8,15.0,31,0.484,0
PROP-61E222FFFFAA,RERA-KAR-90710945,1,Ongoing,21.0,34.0,61.8,31.0,17,0.706,1
PROP-6F9315E57409,,0,Unregistered,,,,,0,1.0,0
PROP-062395C5EF08,,0,Unregistered,,,,,0,1.0,0
PROP-BC69938575CF,,0,Unregistered,,,,,0,1.0,0
PROP-80BD8116C653,RERA-KAR-99566020,1,Ongoing,38.0,50.0,76.0,160.0,36,0.5,0
PROP-7EBBE3039AD6,RERA-KAR-83619953,1,Ongoing,19.0,37.0,51.4,148.0,6,0.5,0
PROP-B98C1F1911E6,,0,Unregistered,,,,,0,1.0,0
PROP-59813ECCB287,RERA-KAR-91625790,1,Completed,32.0,29.0,100.0,55.0,32,0.312,0
PROP-88E9B0B742F2,RERA-KAR-83074949,1,Ongoing,15.0,43.0,34.9,50.0,18,0.5,0
PROP-70F9D921B769,,0,Unregistered,,,,,0,1.0,0
PROP-0BAC9A555163,RERA-KAR-66303583,1,Ongoing,29.0,45.0,64.4,122.0,6,0.333,0
PROP-32BB5F44EF93,RERA-KAR-66303583,1,Ongoing,29.0,45.0,64.4,122.0,6,0.333,0
PROP-45E128B27CEA,RERA-KAR-60087377,1,Ongoing,7.0,28.0,25.0,83.0,21,0.571,1
PROP-EA850BBABA26,,0,Unregistered,,,,,0,1.0,0
PROP-F6D81B2F5910,,0,Unregistered,,,,,0,1.0,0
PROP-5765982C487B,,0,Unregistered,,,,,0,1.0,0
PROP-B9E9E5D0B87A,RERA-KAR-37008247,1,Ongoing,17.0,50.0,34.0,28.0,12,0.417,0
PROP-D370A01D32A7,RERA-KAR-97981205,1,Ongoing,31.0,52.0,59.6,60.0,9,0.778,0
PROP-5306FECA1A77,RERA-KAR-72805309,1,Ongoing,39.0,41.0,95.1,126.0,18,0.278,0
PROP-5CC4D652FF93,RERA-KAR-18900113,1,Ongoing,31.0,58.0,53.4,93.0,11,0.727,2
PROP-5C8689644998,,0,Unregistered,,,,,0,1.0,0
PROP-F350E6D1EED2,RERA-KAR-00918496,1,Ongoing,30.0,38.0,78.9,189.0,6,0.833,1
PROP-516147147170,RERA-KAR-00772782,1,Completed,28.0,25.0,100.0,266.0,11,0.909,3
PROP-FAF5B514A908,RERA-KAR-32659021,1,Ongoing,35.0,56.0,62.5,115.0,7,0.286,0
PROP-4B1832D2ED74,,0,Unregistered,,,,,0,1.0,0
PROP-862BB7115783,RERA-KAR-62854937,1,Ongoing,15.0,40.0,37.5,23.0,12,0.75,0
PROP-C9818BBCF139,RERA-KAR-37967598,1,Ongoing,12.0,31.0,38.7,13.0,10,0.7,1
PROP-6838D317DBD2,,0,Unregistered,,,,,0,1.0,0
PROP-78FFFAC65EA2,RERA-KAR-36267749,1,Ongoing,35.0,39.0,89.7,59.0,16,0.812,2
PROP-ABA6DC54BD99,RERA-KAR-89833257,1,Completed,36.0,36.0,100.0,84.0,13,0.846,0
PROP-D8AFD17768A5,RERA-KAR-07198740,1,Ongoing,18.0,51.0,35.3,177.0,13,0.462,0
PROP-8E0E3C02861D,,0,Unregistered,,,,,0,1.0,0
PROP-AA66DE4E34BC,,0,Unregistered,,,,,0,1.0,0
PROP-B17DC3753847,RERA-KAR-40820486,1,Ongoing,12.0,37.0,32.4,88.0,15,0.667,0
PROP-3C65B13E345B,RERA-KAR-39902735,1,Ongoing,33.0,51.0,64.7,27.0,15,0.267,0
PROP-750DCBEC8C5E,RERA-KAR-64005314,1,Ongoing,28.0,48.0,58.3,32.0,5,0.6,0
PROP-EF35386CFA74,,0,Unregistered,,,,,0,1.0,0
PROP-4C0A6F294896,RERA-KAR-30569969,1,Ongoing,23.0,51.0,45.1,74.0,5,0.4,0
PROP-C300EDB2194F,RERA-KAR-50203383,1,Ongoing,13.0,45.0,28.9,189.0,20,0.6,1
PROP-6A004EB6096C,RERA-KAR-11130473,1,Ongoing,23.0,29.0,79.3,93.0,22,0.227,0
PROP-2343EDFFA880,,0,Unregistered,,,,,0,1.0,0
PROP-D4B72F51107F,,0,Unregistered,,,,,0,1.0,0
PROP-45AC659C4EE0,RERA-KAR-72337785,1,Ongoing,27.0,49.0,55.1,19.0,11,0.818,2
PROP-6902E0017DAC,RERA-KAR-06516306,1,Ongoing,24.0,60.0,40.0,39.0,9,0.556,0
PROP-C8E42F858B13,,0,Unregistered,,,,,0,1.0,0
PROP-EBC763054C20,,0,Unregistered,,,,,0,1.0,0
PROP-72163A8EF223,RERA-KAR-85948242,1,Ongoing,8.0,48.0,16.7,170.0,7,0.429,0
PROP-47AC877D03EE,,0,Unregistered,,,,,0,1.0,0
PROP-538AFEFCD20F,,0,Unregistered,,,,,0,1.0,0
PROP-7EE327B85B5D,,0,Unregistered,,,,,0,1.0,0
PROP-7F12B29DD2C1,,0,Unregistered,,,,,0,1.0,0
PROP-0CCC81E445EA,RERA-KAR-85948242,1,Ongoing,23.0,48.0,47.9,170.0,7,0.429,0
PROP-5D3D324A72D6,,0,Unregistered,,,,,0,1.0,0
PROP-343273BD9D8E,,0,Unregistered,,,,,0,1.0,0
PROP-D35CDA013328,,0,Unregistered,,,,,0,1.0,0
PROP-222B732B6787,RERA-KAR-05496077,1,Ongoing,15.0,35.0,42.9,155.0,12,0.333,0
PROP-1BE0A15D6B16,,0,Unregistered,,,,,0,1.0,0
PROP-3C35DA3B11F7,,0,Unregistered,,,,,0,1.0,0
PROP-07932C035B70,RERA-KAR-01100196,1,Ongoing,26.0,44.0,59.1,248.0,4,0.5,0
PROP-D28C501562CD,RERA-KAR-89386616,1,Ongoing,30.0,43.0,69.8,119.0,7,0.571,0
PROP-F57D7E251EC9,RERA-KAR-72805309,1,Ongoing,39.0,41.0,95.1,126.0,20,0.65,2
PROP-574A976C3342,RERA-KAR-87844907,1,Ongoing,17.0,28.0,60.7,179.0,8,0.375,0
PROP-491AF883BD5C,,0,Unregistered,,,,,0,1.0,0
PROP-0A59FFB25139,RERA-KAR-26552871,1,Ongoing,17.0,46.0,37.0,56.0,8,0.5,1
PROP-80FB0A84DDDF,RERA-KAR-57927141,1,Ongoing,11.0,30.0,36.7,41.0,14,0.786,0
PROP-1420A295F813,,0,Unregistered,,,,,0,1.0,0
PROP-B29D422B9C14,,0,Unregistered,,,,,0,1.0,0
PROP-9CAB7E8EAF88,,0,Unregistered,,,,,0,1.0,0
PROP-9F0A79D1DF98,RERA-KAR-59220336,1,Ongoing,14.0,34.0,41.2,123.0,10,0.3,0
PROP-2139BAF9F32F,RERA-KAR-54231198,1,Ongoing,24.0,39.0,61.5,64.0,5,0.8,1
PROP-08027F525921,RERA-KAR-02735152,1,Ongoing,6.0,48.0,12.5,56.0,10,0.2,0
PROP-B510EB3C9811,RERA-KAR-99194530,1,Ongoing,8.0,46.0,17.4,157.0,13,0.615,0
PROP-F5EF92554E2C,,0,Unregistered,,,,,0,1.0,0
PROP-BF743E6F207C,RERA-KAR-29130000,1,Completed,38.0,30.0,100.0,42.0,24,0.25,0
PROP-8620A71C1296,RERA-KAR-84489034,1,Completed,61.0,35.0,100.0,68.0,34,0.5,0
PROP-0E971A1B56D6,,0,Unregistered,,,,,0,1.0,0
PROP-55105A088843,RERA-KAR-58428018,1,Ongoing,28.0,39.0,71.8,86.0,15,0.533,0
PROP-386843F2FDBC,RERA-KAR-33683914,1,Ongoing,16.0,45.0,35.6,33.0,10,0.7,0
PROP-FA3720B0AF99,,0,Unregistered,,,,,0,1.0,0
PROP-15FA29254EDE,,0,Unregistered,,,,,0,1.0,0
PROP-3E844A5F08EF,,0,Unregistered,,,,,0,1.0,0
PROP-8B05902385AA,RERA-KAR-05039925,1,Ongoing,23.0,49.0,46.9,88.0,16,0.875,4
PROP-62FDB6C33DF6,,0,Unregistered,,,,,0,1.0,0
PROP-C61DEFC9D980,RERA-KAR-84489034,1,Completed,40.0,35.0,100.0,68.0,30,0.3,0
PROP-335695A2F904,RERA-KAR-21785046,1,Ongoing,32.0,51.0,62.7,105.0,15,0.667,0
PROP-D1C386DA75FC,,0,Unregistered,,,,,0,1.0,0
PROP-CC52A64FE9B2,,0,Unregistered,,,,,0,1.0,0
PROP-7418D47C5C3E,,0,Unregistered,,,,,0,1.0,0
PROP-190F27E62123,RERA-KAR-81750938,1,Ongoing,36.0,53.0,67.9,132.0,11,0.182,0
PROP-663CCC8A79FC,RERA-KAR-72187190,1,Completed,50.0,37.0,100.0,80.0,9,1.0,1
PROP-1D5694A4E89E,RERA-KAR-33820586,1,Ongoing,16.0,28.0,57.1,80.0,36,0.639,0
PROP-4953329C3725,,0,Unregistered,,,,,0,1.0,0
PROP-96CB58BD2F51,RERA-KAR-40989605,1,Ongoing,35.0,37.0,94.6,72.0,13,0.538,0
PROP-43CF47FFD1F6,RERA-KAR-40989605,1,Completed,65.0,37.0,100.0,72.0,15,0.867,3
PROP-7197A6282BD6,RERA-KAR-16448943,1,Ongoing,13.0,59.0,22.0,28.0,12,0.25,0
PROP-3143F4C78A5B,RERA-KAR-80732554,1,Ongoing,20.0,57.0,35.1,22.0,12,0.667,0
PROP-9168BEDEC251,RERA-KAR-80254036,1,Ongoing,14.0,58.0,24.1,71.0,13,0.615,0
PROP-24DE646CD6CB,,0,Unregistered,,,,,0,1.0,0
PROP-9DD6A9B800EF,,0,Unregistered,,,,,0,1.0,0
PROP-B5975F159C2A,RERA-KAR-51586156,1,Ongoing,26.0,32.0,81.2,173.0,23,0.609,0
PROP-90E513F2632D,,0,Unregistered,,,,,0,1.0,0
PROP-86368A439073,,0,Unregistered,,,,,0,1.0,0
PROP-7FDC42678B20,,0,Unregistered,,,,,0,1.0,0
PROP-9915A1D72F87,RERA-KAR-73665636,1,Ongoing,26.0,47.0,55.3,89.0,14,0.429,0
PROP-6E252FEB9228,,0,Unregistered,,,,,0,1.0,0
PROP-C693023D20CE,RERA-KAR-48629002,1,Ongoing,32.0,54.0,59.3,45.0,16,0.438,0
PROP-BE43BD9349E7,RERA-KAR-71874512,1,Completed,53.0,50.0,100.0,24.0,15,0.733,0
PROP-BBB3A01A2F49,RERA-KAR-04928193,1,Ongoing,31.0,48.0,64.6,105.0,71,0.634,5
PROP-CDD9F0E81E8B,RERA-KAR-71874512,1,Ongoing,38.0,50.0,76.0,24.0,15,0.667,0
PROP-EE7785AF3198,RERA-KAR-49375738,1,Ongoing,20.0,32.0,62.5,67.0,5,0.8,0
PROP-B45A9DB9A6BE,,0,Unregistered,,,,,0,1.0,0
PROP-326C6C985F63,RERA-KAR-63403193,1,Ongoing,11.0,52.0,21.2,72.0,8,0.875,1
PROP-6E308A3848DC,,0,Unregistered,,,,,0,1.0,0
PROP-6AC69DB75285,,0,Unregistered,,,,,0,1.0,0
PROP-DF62914A1C21,,0,Unregistered,,,,,0,1.0,0
PROP-FACEF0CDBC40,RERA-KAR-53639918,1,Ongoing,28.0,32.0,87.5,162.0,8,0.875,1
PROP-210A86ED5C53,RERA-KAR-83074949,1,Ongoing,15.0,43.0,34.9,50.0,24,0.542,0
PROP-65394814C748,,0,Unregistered,,,,,0,1.0,0
PROP-9F8B8078E8AB,RERA-KAR-69618391,1,Ongoing,25.0,53.0,47.2,21.0,10,0.5,0
PROP-805CA4E49AF9,RERA-KAR-45564456,1,Ongoing,24.0,38.0,63.2,200.0,4,0.75,0
PROP-6F692EA77FD7,RERA-KAR-72187190,1,Ongoing,8.0,37.0,21.6,80.0,8,0.875,0
PROP-C3C3DD7BAC6D,RERA-KAR-78325712,1,Completed,38.0,34.0,100.0,32.0,22,0.227,0
PROP-02E8AFD9D03D,RERA-KAR-96818529,1,Ongoing,35.0,37.0,94.6,54.0,13,0.538,0
PROP-FFBA17B38C6B,RERA-KAR-33876538,1,Ongoing,8.0,37.0,21.6,141.0,13,0.385,0
PROP-9BD8D7FC0338,RERA-KAR-08384707,1,Ongoing,21.0,27.0,77.8,17.0,9,0.556,0
PROP-1A943C351940,RERA-KAR-96638433,1,Ongoing,15.0,38.0,39.5,117.0,13,0.462,0
PROP-004DC79AD105,,0,Unregistered,,,,,0,1.0,0
PROP-C16D341D6EF0,,0,Unregistered,,,,,0,1.0,0
PROP-70A7D323941B,RERA-KAR-51469049,1,Ongoing,11.0,50.0,22.0,17.0,17,0.353,0
PROP-33CC39148706,,0,Unregistered,,,,,0,1.0,0
PROP-1BD0280AA7D1,RERA-KAR-06933635,1,Ongoing,33.0,53.0,62.3,44.0,19,0.684,2
PROP-4E40A6E12781,,0,Unregistered,,,,,0,1.0,0
PROP-FC66B510CE3D,,0,Unregistered,,,,,0,1.0,0
PROP-F50233AB1AC7,RERA-KAR-84736926,1,Ongoing,12.0,49.0,24.5,48.0,13,0.538,0
PROP-B068806EA70D,,0,Unregistered,,,,,0,1.0,0
PROP-8163A15DD40E,RERA-KAR-00063082,1,Ongoing,32.0,57.0,56.1,131.0,6,0.333,0
PROP-5905BF0E5C9C,RERA-KAR-62717168,1,Completed,51.0,49.0,100.0,191.0,17,0.706,2
PROP-5FFA8A0307C4,RERA-KAR-16658546,1,Ongoing,28.0,42.0,66.7,37.0,12,0.417,0
PROP-AE415AC4EB4C,RERA-KAR-72309261,1,Ongoing,39.0,55.0,70.9,290.0,20,0.55,2
PROP-BCD526B10228,RERA-KAR-60751838,1,Ongoing,39.0,50.0,78.0,91.0,33,0.091,0
PROP-294D773C14CA,RERA-KAR-05970936,1,Ongoing,6.0,58.0,10.3,56.0,10,0.5,0
PROP-E2CCF02552FC,RERA-KAR-27629431,1,Ongoing,37.0,48.0,77.1,17.0,18,0.611,0
PROP-C4CAE18E1681,,0,Unregistered,,,,,0,1.0,0
PROP-7A35692F509F,RERA-KAR-36846625,1,Ongoing,15.0,55.0,27.3,169.0,6,0.5,0
PROP-BC8330249A03,RERA-KAR-39198820,1,Ongoing,6.0,24.0,25.0,81.0,21,0.762,2
PROP-56FEC141B396,RERA-KAR-81942622,1,Completed,40.0,25.0,100.0,58.0,26,0.5,0
PROP-41D5CD3E6AB2,RERA-KAR-12982562,1,Ongoing,28.0,47.0,59.6,112.0,8,0.625,0
PROP-011B9EA260DF,RERA-KAR-95000827,1,Completed,33.0,28.0,100.0,43.0,38,0.526,1
PROP-1C1C6DDE60B6,RERA-KAR-57093917,1,Ongoing,31.0,46.0,67.4,96.0,18,0.611,0
PROP-34F26F0C994B,RERA-KAR-12786419,1,Completed,33.0,30.0,100.0,45.0,28,0.321,0
PROP-4A67F7047825,RERA-KAR-44728193,1,Completed,39.0,31.0,100.0,26.0,36,0.667,0
PROP-8AA457591AFA,,0,Unregistered,,,,,0,1.0,0
PROP-10722B862996,RERA-KAR-81750938,1,Ongoing,36.0,53.0,67.9,132.0,11,0.545,0
PROP-B1637C52AA5D,RERA-KAR-28328490,1,Ongoing,36.0,45.0,80.0,106.0,4,0.75,0
PROP-181006B68D16,RERA-KAR-25424926,1,Ongoing,12.0,44.0,27.3,73.0,18,0.611,0
PROP-6A2733DC310A,RERA-KAR-65496988,1,Ongoing,22.0,38.0,57.9,246.0,18,0.667,1
PROP-71C5785DCEFE,RERA-KAR-73310466,1,Ongoing,32.0,53.0,60.4,71.0,15,0.067,0
PROP-05D5D78C1691,,0,Unregistered,,,,,0,1.0,0
PROP-CE3A5ED9E3AF,,0,Unregistered,,,,,0,1.0,0
PROP-0D886C89CD9D,,0,Unregistered,,,,,0,1.0,0
PROP-A3BF2024CA4E,RERA-KAR-90710945,1,Ongoing,18.0,34.0,52.9,31.0,17,0.706,1
PROP-C98E71330F74,RERA-KAR-12561308,1,Ongoing,30.0,51.0,58.8,147.0,21,0.571,0
PROP-CF6B7BF3AEEE,,0,Unregistered,,,,,0,1.0,0
PROP-ABDF466F2D18,,0,Unregistered,,,,,0,1.0,0
PROP-E39A4EACB3AD,,0,Unregistered,,,,,0,1.0,0
PROP-E903BD6D9BF3,RERA-KAR-75550004,1,Completed,34.0,24.0,100.0,36.0,10,0.7,0
PROP-05B66A2E033D,,0,Unregistered,,,,,0,1.0,0
PROP-A07E55FE7E65,RERA-KAR-23223605,1,Ongoing,39.0,59.0,66.1,45.0,15,0.8,1
PROP-8E3F8F22991B,RERA-KAR-12673550,1,Completed,40.0,25.0,100.0,86.0,5,0.4,0
PROP-3067E8994C5D,RERA-KAR-04616341,1,Ongoing,31.0,37.0,83.8,58.0,21,0.571,0
PROP-5ADC07628DDA,RERA-KAR-14004323,1,Ongoing,21.0,29.0,72.4,48.0,10,0.6,0
PROP-CDFCE58021F3,RERA-KAR-17907289,1,Ongoing,19.0,43.0,44.2,30.0,30,0.3,0
PROP-7ED1F20898BC,RERA-KAR-35590258,1,Completed,32.0,30.0,100.0,68.0,12,0.75,1
PROP-E4C5572B0BA9,,0,Unregistered,,,,,0,1.0,0
PROP-C18D1BC8B18E,RERA-KAR-14299134,1,Ongoing,16.0,34.0,47.1,9.0,14,0.786,2
PROP-ABBEB7212498,RERA-KAR-72664153,1,Ongoing,19.0,24.0,79.2,39.0,4,0.5,0
PROP-416C73A9AA74,,0,Unregistered,,,,,0,1.0,0
PROP-1C683B788FD0,RERA-KAR-83168860,1,Ongoing,18.0,36.0,50.0,221.0,27,0.444,0
PROP-8EEB66E4F8E8,RERA-KAR-37094156,1,Ongoing,22.0,48.0,45.8,29.0,15,0.467,0
PROP-D9C5C817D391,RERA-KAR-63082937,1,Completed,31.0,25.0,100.0,28.0,6,0.833,0
PROP-B12FE0BB2B6D,RERA-KAR-61530913,1,Ongoing,39.0,50.0,78.0,115.0,13,0.692,0
PROP-AEA55AE649F6,RERA-KAR-93156520,1,Ongoing,6.0,29.0,20.7,122.0,7,0.857,1
PROP-93543A2B8291,RERA-KAR-82084108,1,Ongoing,6.0,60.0,10.0,254.0,7,0.714,0
PROP-744D1E603748,,0,Unregistered,,,,,0,1.0,0
PROP-B0E1D5A3D00D,,0,Unregistered,,,,,0,1.0,0
PROP-8646D64D4C66,,0,Unregistered,,,,,0,1.0,0
PROP-BB2AE78A7387,,0,Unregistered,,,,,0,1.0,0
PROP-8EBAD37B7F3D,RERA-KAR-70829770,1,Ongoing,28.0,43.0,65.1,53.0,15,0.267,0
PROP-011944EFFB5E,,0,Unregistered,,,,,0,1.0,0
PROP-501A1D751129,RERA-KAR-94916492,1,Ongoing,22.0,53.0,41.5,19.0,5,0.6,0
PROP-BCC0C222E334,RERA-KAR-45036912,1,Ongoing,34.0,59.0,57.6,77.0,10,0.7,1
PROP-6EA54BEC92A3,RERA-KAR-43350974,1,Ongoing,20.0,27.0,74.1,93.0,15,0.6,0
PROP-E1F533A9DDAA,,0,Unregistered,,,,,0,1.0,0
PROP-4F0E96BC6A10,,0,Unregistered,,,,,0,1.0,0
PROP-69FED07F87E0,RERA-KAR-88609919,1,Ongoing,31.0,35.0,88.6,33.0,25,0.36,0
PROP-423F2FE3A365,,0,Unregistered,,,,,0,1.0,0
PROP-5A8890C42AC0,RERA-KAR-49746195,1,Ongoing,17.0,30.0,56.7,111.0,12,0.917,0
PROP-0869FCBFE47C,,0,Unregistered,,,,,0,1.0,0
PROP-537F15EF00EF,,0,Unregistered,,,,,0,1.0,0
PROP-93448E80A078,RERA-KAR-26233289,1,Ongoing,27.0,29.0,93.1,129.0,14,0.429,0
PROP-0DEB1B43D327,RERA-KAR-88396655,1,Ongoing,29.0,41.0,70.7,91.0,6,0.667,1
PROP-3D873EF4519F,,0,Unregistered,,,,,0,1.0,0
PROP-B3981928BFCA,RERA-KAR-50526786,1,Ongoing,28.0,39.0,71.8,125.0,5,0.6,0
PROP-D8157477C94F,,0,Unregistered,,,,,0,1.0,0
PROP-AF3B2AF2507C,RERA-KAR-41683862,1,Ongoing,24.0,45.0,53.3,101.0,16,0.562,0
PROP-166F31363997,,0,Unregistered,,,,,0,1.0,0
PROP-430FED6A40D4,RERA-KAR-36882365,1,Ongoing,31.0,35.0,88.6,53.0,13,0.538,0
PROP-FCB8D88EF43B,RERA-KAR-89671885,1,Completed,50.0,33.0,100.0,20.0,13,0.692,0
PROP-EA3FF50F4F5A,RERA-KAR-60751838,1,Completed,66.0,50.0,100.0,91.0,67,0.284,0
PROP-30AF4A6DFF3E,,0,Unregistered,,,,,0,1.0,0
PROP-E225098DBDC4,,0,Unregistered,,,,,0,1.0,0
PROP-9920FEDD3A27,,0,Unregistered,,,,,0,1.0,0
PROP-579988082428,,0,Unregistered,,,,,0,1.0,0
PROP-31C47585D933,RERA-KAR-54420020,1,Completed,34.0,24.0,100.0,39.0,8,0.75,0
PROP-DDCECC3D63E1,,0,Unregistered,,,,,0,1.0,0
PROP-7327C4A1A8FA,RERA-KAR-76436563,1,Ongoing,33.0,34.0,97.1,178.0,14,0.143,0
PROP-5B8F6284207D,RERA-KAR-96303934,1,Ongoing,8.0,37.0,21.6,65.0,6,0.5,0
PROP-2C2AE40FC5C0,,0,Unregistered,,,,,0,1.0,0
PROP-8CC4148F3404,RERA-KAR-87832534,1,Completed,52.0,28.0,100.0,29.0,11,0.636,1
PROP-E64F63E8F473,RERA-KAR-96818529,1,Completed,38.0,37.0,100.0,54.0,13,0.692,0
PROP-B5651C43FEBC,,0,Unregistered,,,,,0,1.0,0
PROP-0928D776FEB4,,0,Unregistered,,,,,0,1.0,0
PROP-C47AFE135C01,RERA-KAR-90453903,1,Ongoing,13.0,53.0,24.5,68.0,5,0.4,0
PROP-7F8937FBA807,RERA-KAR-68473701,1,Ongoing,11.0,32.0,34.4,46.0,11,0.818,1
PROP-18DD35CAB17C,,0,Unregistered,,,,,0,1.0,0
PROP-0A5F5FFB79DE,,0,Unregistered,,,,,0,1.0,0
PROP-A16DD91B16DA,,0,Unregistered,,,,,0,1.0,0
PROP-4DACDEBF125A,RERA-KAR-27983452,1,Ongoing,26.0,49.0,53.1,47.0,16,0.688,0
PROP-AF3480DDEE4E,RERA-KAR-31154472,1,Completed,38.0,37.0,100.0,73.0,13,0.769,0
PROP-79906DB07764,RERA-KAR-31076384,1,Ongoing,30.0,33.0,90.9,15.0,12,0.583,0
PROP-13D40F06DE0D,,0,Unregistered,,,,,0,1.0,0
PROP-7C1C116AD450,,0,Unregistered,,,,,0,1.0,0
PROP-B2F1D05BFBDA,,0,Unregistered,,,,,0,1.0,0
PROP-3C9771AF63DF,RERA-KAR-89913203,1,Ongoing,21.0,58.0,36.2,99.0,10,0.4,0
PROP-3DC9EC0EE2DE,,0,Unregistered,,,,,0,1.0,0
PROP-DCA04A6C3E69,,0,Unregistered,,,,,0,1.0,0
PROP-30976752E247,,0,Unregistered,,,,,0,1.0,0
PROP-429C134260E2,RERA-KAR-72198354,1,Ongoing,16.0,60.0,26.7,251.0,7,0.571,1
PROP-E296F8CAC605,,0,Unregistered,,,,,0,1.0,0
PROP-A5E5309BC018,,0,Unregistered,,,,,0,1.0,0
PROP-60AF2F5E2D6E,,0,Unregistered,,,,,0,1.0,0
PROP-10A876A896EE,,0,Unregistered,,,,,0,1.0,0
PROP-7B3ED79A67CC,,0,Unregistered,,,,,0,1.0,0
PROP-5450DF896F56,,0,Unregistered,,,,,0,1.0,0
PROP-3A2A5326E226,RERA-KAR-90921285,1,Ongoing,19.0,54.0,35.2,111.0,15,0.667,0
PROP-A244EF034DAD,RERA-KAR-64307582,1,Ongoing,28.0,35.0,80.0,241.0,26,0.577,0
PROP-5F21B89EA323,,0,Unregistered,,,,,0,1.0,0
PROP-F8D2155010E8,RERA-KAR-32551253,1,Completed,35.0,25.0,100.0,110.0,9,0.778,0
PROP-7B86C0C7D9AC,RERA-KAR-25776164,1,Ongoing,26.0,59.0,44.1,124.0,13,0.615,0
PROP-3D1754DD1E27,,0,Unregistered,,,,,0,1.0,0
PROP-1B865F32BE69,RERA-KAR-17210524,1,Ongoing,22.0,27.0,81.5,151.0,26,0.538,0
PROP-F27830B5FF17,RERA-KAR-74026968,1,Ongoing,15.0,43.0,34.9,251.0,6,0.667,1
PROP-DA8D58168EF1,RERA-KAR-57498740,1,Ongoing,18.0,59.0,30.5,186.0,15,0.533,0
PROP-244D75650DD6,,0,Unregistered,,,,,0,1.0,0
PROP-275918950F80,RERA-KAR-84420467,1,Completed,37.0,32.0,100.0,45.0,8,0.625,0
PROP-42750B0AC9E7,,0,Unregistered,,,,,0,1.0,0
PROP-5FC8AF140803,RERA-KAR-30007490,1,Ongoing,16.0,37.0,43.2,163.0,25,0.56,2
PROP-765D96CB7524,RERA-KAR-44852158,1,Completed,77.0,58.0,100.0,212.0,11,0.909,3
PROP-CB7C7A2EC3EC,RERA-KAR-49478063,1,Ongoing,25.0,49.0,51.0,27.0,10,0.8,0
PROP-53F6F909B357,RERA-KAR-53292445,1,Ongoing,7.0,59.0,11.9,84.0,15,0.6,0
PROP-914F918D19BF,RERA-KAR-33336267,1,Ongoing,29.0,52.0,55.8,10.0,23,0.391,0
PROP-373C19B9A8A8,,0,Unregistered,,,,,0,1.0,0
PROP-F13002390B25,RERA-KAR-20945638,1,Ongoing,28.0,51.0,54.9,140.0,16,0.75,3
PROP-88B20DA3C570,,0,Unregistered,,,,,0,1.0,0
PROP-F3B83EC076F5,,0,Unregistered,,,,,0,1.0,0
PROP-8FAE95FA881C,RERA-KAR-90566318,1,Ongoing,8.0,35.0,22.9,50.0,12,0.583,0
PROP-ACAC730B3266,,0,Unregistered,,,,,0,1.0,0
PROP-C804DE26AE01,RERA-KAR-80574660,1,Ongoing,18.0,34.0,52.9,52.0,9,0.667,0
PROP-A7A9E7177451,RERA-KAR-19752218,1,Ongoing,28.0,43.0,65.1,100.0,17,0.353,0
PROP-AE86DAE6DFE0,RERA-KAR-33731786,1,Ongoing,20.0,37.0,54.1,40.0,12,0.833,2
PROP-938B026ADB25,,0,Unregistered,,,,,0,1.0,0
PROP-CF34031FB8FB,,0,Unregistered,,,,,0,1.0,0
PROP-A9F704DD5240,,0,Unregistered,,,,,0,1.0,0
PROP-6BD54E2513A6,RERA-KAR-09665991,1,Ongoing,25.0,58.0,43.1,199.0,14,0.786,1
PROP-866C5B3A85D3,,0,Unregistered,,,,,0,1.0,0
PROP-1D55F0B127E1,RERA-KAR-77185932,1,Ongoing,14.0,45.0,31.1,246.0,12,0.417,0
PROP-197072BC3BF8,RERA-KAR-51611098,1,Completed,32.0,26.0,100.0,203.0,12,0.833,0
PROP-6EC4DB2D807F,,0,Unregistered,,,,,0,1.0,0
PROP-FC32ACAD00FB,,0,Unregistered,,,,,0,1.0,0
PROP-391AB2DFD8D0,,0,Unregistered,,,,,0,1.0,0
PROP-F319A892B24C,,0,Unregistered,,,,,0,1.0,0
PROP-F518A8B8D204,RERA-KAR-37008247,1,Ongoing,20.0,50.0,40.0,28.0,13,0.462,0
PROP-47C16C35BE75,,0,Unregistered,,,,,0,1.0,0
PROP-80EE771D3B17,,0,Unregistered,,,,,0,1.0,0
PROP-88306DC02570,,0,Unregistered,,,,,0,1.0,0
PROP-5160EE9675F0,,0,Unregistered,,,,,0,1.0,0
PROP-B08EFDEE7916,,0,Unregistered,,,,,0,1.0,0
PROP-F33B8F73C561,,0,Unregistered,,,,,0,1.0,0
PROP-B4DD1B13D459,RERA-KAR-14893802,1,Ongoing,20.0,30.0,66.7,75.0,10,0.5,0
PROP-F8FED3FC4783,RERA-KAR-65859568,1,Ongoing,34.0,52.0,65.4,68.0,13,0.538,0
PROP-FE38ED0DF772,,0,Unregistered,,,,,0,1.0,0
PROP-DA83A996388A,RERA-KAR-84719654,1,Ongoing,24.0,60.0,40.0,135.0,9,0.667,1
PROP-1B3123E4021E,,0,Unregistered,,,,,0,1.0,0
PROP-56B4CCDEDC86,RERA-KAR-96391733,1,Completed,39.0,24.0,100.0,19.0,14,0.286,0
PROP-070C5235DD76,,0,Unregistered,,,,,0,1.0,0
PROP-AF626A182D9B,RERA-KAR-04394862,1,Completed,36.0,25.0,100.0,92.0,9,0.889,0
PROP-886B605EFC26,RERA-KAR-51149724,1,Ongoing,22.0,41.0,53.7,45.0,6,0.833,0
PROP-B47934F01E90,RERA-KAR-75035682,1,Ongoing,12.0,26.0,46.2,54.0,6,0.667,0
PROP-ED01607192D5,RERA-KAR-42027834,1,Ongoing,12.0,24.0,50.0,149.0,7,0.429,0
PROP-9EF36EDFF05D,RERA-KAR-18084916,1,Ongoing,22.0,57.0,38.6,71.0,10,0.7,1
PROP-054CB396F03A,,0,Unregistered,,,,,0,1.0,0
PROP-CECE4FF6B272,,0,Unregistered,,,,,0,1.0,0
PROP-109F9D5CA47D,,0,Unregistered,,,,,0,1.0,0
PROP-618B9006E23D,RERA-KAR-75661247,1,Ongoing,9.0,35.0,25.7,60.0,15,0.533,0
PROP-E891C85EBEF3,,0,Unregistered,,,,,0,1.0,0
PROP-17234F70D5D2,,0,Unregistered,,,,,0,1.0,0
PROP-D0A481C2F239,RERA-KAR-29069174,1,Ongoing,17.0,58.0,29.3,152.0,10,0.7,0
PROP-B3EDE0BA6CCE,RERA-KAR-94614145,1,Ongoing,19.0,54.0,35.2,58.0,17,0.588,0
PROP-F115A8D5342C,,0,Unregistered,,,,,0,1.0,0
PROP-9AB364256979,,0,Unregistered,,,,,0,1.0,0
PROP-CB90EB7A95DD,RERA-KAR-32659021,1,Completed,62.0,56.0,100.0,115.0,9,0.667,0
PROP-E6502BC58654,RERA-KAR-24374429,1,Ongoing,7.0,36.0,19.4,152.0,11,0.364,0
PROP-52E80E78B39D,RERA-KAR-02682512,1,Ongoing,18.0,57.0,31.6,170.0,71,0.507,4
PROP-B8308072DC3F,RERA-KAR-48417268,1,Ongoing,26.0,59.0,44.1,150.0,17,0.706,2
PROP-721F253C8832,,0,Unregistered,,,,,0,1.0,0
PROP-0F4DB54E495A,,0,Unregistered,,,,,0,1.0,0
PROP-5456B6DC1BE7,,0,Unregistered,,,,,0,1.0,0
PROP-B3BFC85FABCD,RERA-KAR-51203047,1,Ongoing,29.0,60.0,48.3,45.0,30,0.1,0
PROP-6CBF85435B33,,0,Unregistered,,,,,0,1.0,0
PROP-2474EF8FDD5E,RERA-KAR-18826081,1,Ongoing,31.0,39.0,79.5,74.0,13,0.538,0
PROP-6C88132DD7DA,RERA-KAR-21139889,1,Ongoing,11.0,35.0,31.4,107.0,12,0.833,4
PROP-B8EF5FE37873,RERA-KAR-87445052,1,Ongoing,22.0,27.0,81.5,71.0,6,0.5,0
PROP-A0926C8687DA,RERA-KAR-01825348,1,Ongoing,38.0,56.0,67.9,160.0,39,0.385,0
PROP-27BF8EE1221C,RERA-KAR-61861752,1,Ongoing,18.0,60.0,30.0,67.0,24,0.292,0
PROP-0A6E9B6BFB15,RERA-KAR-46560107,1,Ongoing,37.0,58.0,63.8,76.0,12,0.75,0
PROP-7690C7BCB0A1,RERA-KAR-91349247,1,Ongoing,27.0,60.0,45.0,37.0,19,0.526,0
PROP-9914B33777DB,RERA-KAR-08163152,1,Ongoing,38.0,59.0,64.4,54.0,9,0.667,0
PROP-621B3CA62162,RERA-KAR-36853239,1,Ongoing,13.0,42.0,31.0,41.0,9,0.778,1
PROP-C3F2609EEA8C,,0,Unregistered,,,,,0,1.0,0
PROP-7615AA818CBE,RERA-KAR-81723026,1,Completed,36.0,28.0,100.0,63.0,24,0.25,0
PROP-F8F42C50510B,,0,Unregistered,,,,,0,1.0,0
PROP-DD14DD5C8F4D,,0,Unregistered,,,,,0,1.0,0
PROP-8C324C6FFBD0,,0,Unregistered,,,,,0,1.0,0
PROP-86376275ABDA,RERA-KAR-04745485,1,Completed,35.0,25.0,100.0,203.0,14,0.786,1
PROP-2137CDA9DC01,RERA-KAR-62979598,1,Ongoing,8.0,36.0,22.2,125.0,6,0.5,0
PROP-E93E6CAD9BE4,,0,Unregistered,,,,,0,1.0,0
PROP-E2CFF8E57B49,,0,Unregistered,,,,,0,1.0,0
PROP-7B0DAF08E5C9,RERA-KAR-65442459,1,Ongoing,9.0,59.0,15.3,222.0,13,0.385,0
PROP-EEC215C822E5,RERA-KAR-51181957,1,Ongoing,35.0,44.0,79.5,95.0,16,0.125,0
PROP-E666E2BECD97,RERA-KAR-72522821,1,Completed,35.0,25.0,100.0,29.0,32,0.5,0
PROP-A5F4359956E0,RERA-KAR-17929283,1,Ongoing,21.0,39.0,53.8,75.0,9,0.444,0
PROP-C14C31CC37E6,,0,Unregistered,,,,,0,1.0,0
PROP-D3B20FC42111,RERA-KAR-29473710,1,Ongoing,28.0,40.0,70.0,81.0,15,0.733,0
PROP-8E327D93A469,,0,Unregistered,,,,,0,1.0,0
PROP-A484BB5D99D2,,0,Unregistered,,,,,0,1.0,0
PROP-46E328F09B33,,0,Unregistered,,,,,0,1.0,0
PROP-000F83FE9CCB,RERA-KAR-72309261,1,Ongoing,39.0,55.0,70.9,290.0,20,0.3,0
PROP-0D6826279144,RERA-KAR-68953155,1,Completed,42.0,42.0,100.0,77.0,13,1.0,1
PROP-0054BB6461A9,,0,Unregistered,,,,,0,1.0,0
PROP-D99980C0DC28,,0,Unregistered,,,,,0,1.0,0
PROP-FFE89674B128,,0,Unregistered,,,,,0,1.0,0
PROP-31D52F4EE288,RERA-KAR-43358528,1,Ongoing,6.0,45.0,13.3,60.0,19,0.789,0
PROP-11EB377AB0C7,,0,Unregistered,,,,,0,1.0,0
PROP-E556AF33ECCF,,0,Unregistered,,,,,0,1.0,0
PROP-1BEEACB67180,,0,Unregistered,,,,,0,1.0,0
PROP-2C62575E7A3B,,0,Unregistered,,,,,0,1.0,0
PROP-02F8B06E1EE1,,0,Unregistered,,,,,0,1.0,0
PROP-CC4B2F4C453B,RERA-KAR-34050449,1,Ongoing,11.0,51.0,21.6,259.0,12,0.417,0
PROP-C3C79D59C5C7,,0,Unregistered,,,,,0,1.0,0
PROP-97AAC4FD2A9E,,0,Unregistered,,,,,0,1.0,0
PROP-AF1D972643F9,RERA-KAR-01001163,1,Ongoing,37.0,42.0,88.1,235.0,23,0.391,0
PROP-448562E45FEB,RERA-KAR-30015488,1,Ongoing,10.0,47.0,21.3,197.0,8,0.75,2
PROP-D033F5FA4955,RERA-KAR-32551253,1,Completed,56.0,25.0,100.0,110.0,10,0.7,0
PROP-D502E331212B,,0,Unregistered,,,,,0,1.0,0
PROP-AA142916C2D7,,0,Unregistered,,,,,0,1.0,0
PROP-E6034D27A18B,RERA-KAR-90721917,1,Ongoing,35.0,46.0,76.1,37.0,12,0.75,0
PROP-AD41B20B07BE,RERA-KAR-28744713,1,Ongoing,27.0,44.0,61.4,89.0,14,0.786,1
PROP-5293DC90EAF3,RERA-KAR-30143380,1,Ongoing,38.0,59.0,64.4,73.0,4,0.75,0
PROP-58B6B828653F,,0,Unregistered,,,,,0,1.0,0
PROP-46804CCAF206,RERA-KAR-01729821,1,Ongoing,11.0,45.0,24.4,279.0,17,0.176,0
PROP-7706CEC1D9DB,RERA-KAR-75621391,1,Ongoing,25.0,39.0,64.1,141.0,4,0.25,0
PROP-3F8C8D14694B,RERA-KAR-24570736,1,Ongoing,6.0,54.0,11.1,148.0,14,0.571,0
PROP-349E42B581A3,RERA-KAR-13955959,1,Ongoing,17.0,36.0,47.2,44.0,8,0.625,1
PROP-144B4C5089D8,RERA-KAR-97690905,1,Ongoing,19.0,27.0,70.4,158.0,15,0.933,1
PROP-7B86E1A52925,RERA-KAR-95777363,1,Ongoing,37.0,40.0,92.5,71.0,17,0.588,0
PROP-E920AD697385,RERA-KAR-42207095,1,Ongoing,9.0,24.0,37.5,174.0,13,0.615,0
PROP-5D2B0F65E1D2,RERA-KAR-89634712,1,Ongoing,14.0,31.0,45.2,129.0,13,0.615,0
PROP-92BD1AA0286B,RERA-KAR-52550949,1,Ongoing,23.0,29.0,79.3,7.0,8,0.75,0
PROP-AE51D0780330,,0,Unregistered,,,,,0,1.0,0
PROP-AD2C1802153B,RERA-KAR-00255739,1,Completed,37.0,37.0,100.0,161.0,7,0.714,0
PROP-D5EFC95E1D6A,,0,Unregistered,,,,,0,1.0,0
PROP-7A54ADB88C63,RERA-KAR-85682094,1,Completed,40.0,36.0,100.0,193.0,17,0.529,0
PROP-2A5FDA7321D1,RERA-KAR-47558038,1,Ongoing,36.0,56.0,64.3,218.0,19,0.632,0
PROP-78CA25D9FF74,RERA-KAR-07755262,1,Ongoing,12.0,32.0,37.5,139.0,36,0.528,0
PROP-A0B1332D5966,RERA-KAR-52034075,1,Ongoing,29.0,41.0,70.7,37.0,7,0.429,0
PROP-87128FBA73A2,,0,Unregistered,,,,,0,1.0,0
PROP-B898D6D56A8A,,0,Unregistered,,,,,0,1.0,0
PROP-532DD9B45FBC,RERA-KAR-02291176,1,Ongoing,14.0,27.0,51.9,214.0,14,0.714,1
PROP-D51A08C8E61A,RERA-KAR-63053663,1,Ongoing,9.0,30.0,30.0,188.0,17,0.706,4
PROP-4532F2ED2E16,,0,Unregistered,,,,,0,1.0,0
PROP-DE9E639EB734,RERA-KAR-63498510,1,Ongoing,12.0,32.0,37.5,81.0,16,0.312,0
PROP-082998E86F36,,0,Unregistered,,,,,0,1.0,0
PROP-353714768E45,,0,Unregistered,,,,,0,1.0,0
PROP-43FA7BBC8541,,0,Unregistered,,,,,0,1.0,0
PROP-865E05E6D4E5,,0,Unregistered,,,,,0,1.0,0
PROP-A0519AC68049,,0,Unregistered,,,,,0,1.0,0
PROP-B2F201FAB826,RERA-KAR-77753581,1,Completed,39.0,24.0,100.0,34.0,9,0.222,0
PROP-31A8A9065EFD,RERA-KAR-32752952,1,Ongoing,34.0,36.0,94.4,114.0,12,0.417,0
PROP-4E59CDB14DFE,RERA-KAR-15360861,1,Ongoing,15.0,42.0,35.7,68.0,14,0.571,0
PROP-5782A7E55974,RERA-KAR-14047652,1,Ongoing,26.0,59.0,44.1,85.0,14,0.286,0
PROP-C087C69F08CB,RERA-KAR-04945087,1,Completed,37.0,32.0,100.0,71.0,17,0.529,0
PROP-C5360D163D48,,0,Unregistered,,,,,0,1.0,0
PROP-2E8DE7FA7019,,0,Unregistered,,,,,0,1.0,0
PROP-21C9C49A43AA,,0,Unregistered,,,,,0,1.0,0
PROP-FD98E4EFA813,RERA-KAR-17349385,1,Ongoing,27.0,60.0,45.0,85.0,14,0.214,0
PROP-39D6CB48BB13,,0,Unregistered,,,,,0,1.0,0
PROP-1B9E6879ED95,,0,Unregistered,,,,,0,1.0,0
PROP-8EC04728D5B8,,0,Unregistered,,,,,0,1.0,0
PROP-215C4196173D,,0,Unregistered,,,,,0,1.0,0
PROP-BF8849F70395,,0,Unregistered,,,,,0,1.0,0
PROP-C0582A2C5621,RERA-KAR-98856106,1,Ongoing,16.0,52.0,30.8,138.0,29,0.759,1
PROP-F56428990AB5,RERA-KAR-09036960,1,Ongoing,6.0,42.0,14.3,92.0,13,0.692,0
PROP-E89532ADF70E,,0,Unregistered,,,,,0,1.0,0
PROP-720A43184810,,0,Unregistered,,,,,0,1.0,0
PROP-31F245BDBE64,,0,Unregistered,,,,,0,1.0,0
PROP-2836C694AE48,,0,Unregistered,,,,,0,1.0,0
PROP-54DAFFF3CE29,RERA-KAR-07320369,1,Ongoing,15.0,34.0,44.1,100.0,13,0.231,0
PROP-E3E4024666E1,,0,Unregistered,,,,,0,1.0,0
PROP-CF7D6A4DF2E0,,0,Unregistered,,,,,0,1.0,0
PROP-E6D5108CBE1B,,0,Unregistered,,,,,0,1.0,0
PROP-A1373E45A944,RERA-KAR-62821909,1,Ongoing,23.0,33.0,69.7,180.0,27,0.778,1
PROP-E397B2BA7DCD,,0,Unregistered,,,,,0,1.0,0
PROP-4F859A2C5018,,0,Unregistered,,,,,0,1.0,0
PROP-0347AC001861,RERA-KAR-63058929,1,Ongoing,31.0,34.0,91.2,57.0,4,0.5,0
PROP-9A4B4D800541,RERA-KAR-64179082,1,Ongoing,40.0,47.0,85.1,34.0,5,0.8,0
PROP-04AD50F89D92,RERA-KAR-33537610,1,Completed,50.0,36.0,100.0,112.0,11,0.818,0
PROP-02D1A7CE0717,,0,Unregistered,,,,,0,1.0,0
PROP-7530A92995B0,RERA-KAR-07774083,1,Ongoing,33.0,50.0,66.0,82.0,12,0.167,0
PROP-BD736C59A703,,0,Unregistered,,,,,0,1.0,0
PROP-79A54751D254,,0,Unregistered,,,,,0,1.0,0
PROP-3F83F1BD7FDA,RERA-KAR-04272750,1,Ongoing,24.0,41.0,58.5,117.0,4,0.5,0
PROP-87D7BB1BE32C,,0,Unregistered,,,,,0,1.0,0
PROP-A453D5A6A326,RERA-KAR-64008021,1,Ongoing,11.0,33.0,33.3,112.0,17,0.588,2
PROP-39D46431CE56,,0,Unregistered,,,,,0,1.0,0
PROP-17373D0031FC,RERA-KAR-02547961,1,Ongoing,31.0,51.0,60.8,42.0,14,0.714,4
PROP-317A578CB85D,RERA-KAR-55316070,1,Ongoing,32.0,34.0,94.1,202.0,14,0.786,0
PROP-34997F2EDB2E,RERA-KAR-36687229,1,Completed,52.0,27.0,100.0,279.0,9,1.0,2
PROP-CD293341359A,,0,Unregistered,,,,,0,1.0,0
PROP-68C5F287BCEF,RERA-KAR-90865886,1,Ongoing,12.0,43.0,27.9,63.0,17,0.471,0
PROP-C45F365D03C2,RERA-KAR-48316245,1,Ongoing,11.0,48.0,22.9,73.0,16,0.688,0
PROP-BB3935539634,,0,Unregistered,,,,,0,1.0,0
PROP-BF5FE0FF7E79,RERA-KAR-46199208,1,Ongoing,38.0,45.0,84.4,239.0,10,0.5,0
PROP-9A0C24340C41,RERA-KAR-98745451,1,Completed,37.0,25.0,100.0,108.0,13,0.308,0
PROP-AD99D006E3BB,,0,Unregistered,,,,,0,1.0,0
PROP-11F4A58E85E7,,0,Unregistered,,,,,0,1.0,0
PROP-492710FE2FE9,RERA-KAR-91538605,1,Completed,31.0,28.0,100.0,47.0,5,1.0,1
PROP-37CDB807F063,,0,Unregistered,,,,,0,1.0,0
PROP-8491B478B751,RERA-KAR-14954154,1,Ongoing,28.0,30.0,93.3,37.0,11,0.545,1
PROP-186924A2AFC3,RERA-KAR-66982101,1,Completed,31.0,24.0,100.0,105.0,15,0.533,0
PROP-D5C3AC84D657,RERA-KAR-19273574,1,Ongoing,8.0,55.0,14.5,52.0,10,0.6,0
PROP-3BBC89A16732,,0,Unregistered,,,,,0,1.0,0
PROP-C12ABCEBD238,RERA-KAR-51572631,1,Ongoing,17.0,42.0,40.5,8.0,11,0.636,0
PROP-86886CC26900,,0,Unregistered,,,,,0,1.0,0
PROP-6E849677FE4C,RERA-KAR-78258685,1,Ongoing,27.0,45.0,60.0,90.0,11,0.636,2
PROP-0F7055F7C81D,,0,Unregistered,,,,,0,1.0,0
PROP-B81364E9BEE8,RERA-KAR-80093465,1,Ongoing,7.0,29.0,24.1,184.0,9,0.556,0
PROP-C91F4D58ED01,RERA-KAR-04516513,1,Ongoing,31.0,58.0,53.4,111.0,7,0.286,0
PROP-FFFC90643129,,0,Unregistered,,,,,0,1.0,0
PROP-3558E699B391,,0,Unregistered,,,,,0,1.0,0
PROP-B5414584AD53,,0,Unregistered,,,,,0,1.0,0
PROP-876DF016207F,RERA-KAR-14193518,1,Ongoing,20.0,31.0,64.5,44.0,19,0.684,3
PROP-94CD1D63845B,,0,Unregistered,,,,,0,1.0,0
PROP-4AAB40B43C83,RERA-KAR-84420467,1,Completed,40.0,32.0,100.0,45.0,8,0.625,0
PROP-969A1B4A16FF,RERA-KAR-06678188,1,Ongoing,26.0,41.0,63.4,27.0,9,0.778,0
PROP-F207F90088B8,RERA-KAR-78872194,1,Ongoing,32.0,50.0,64.0,27.0,10,0.6,0
PROP-E3390D685D49,RERA-KAR-06398161,1,Completed,60.0,28.0,100.0,95.0,4,0.5,1
PROP-5F39155E6B70,RERA-KAR-06162720,1,Ongoing,26.0,40.0,65.0,221.0,6,0.333,0
PROP-24B2BF83102B,RERA-KAR-89392956,1,Ongoing,18.0,26.0,69.2,41.0,21,0.667,3
PROP-502FF76D54EC,RERA-KAR-09418243,1,Ongoing,33.0,36.0,91.7,85.0,9,0.222,0
PROP-F6EFC4780D70,RERA-KAR-28296450,1,Ongoing,40.0,56.0,71.4,220.0,18,0.556,0
PROP-A1F3B32ED30C,,0,Unregistered,,,,,0,1.0,0
PROP-4C708E0B2919,,0,Unregistered,,,,,0,1.0,0
PROP-344EE9D7F3CA,RERA-KAR-72120053,1,Ongoing,39.0,42.0,92.9,64.0,4,0.25,0
PROP-B57DAD39324C,RERA-KAR-16630504,1,Ongoing,10.0,35.0,28.6,64.0,16,0.562,0
PROP-2995AF65DF58,,0,Unregistered,,,,,0,1.0,0
PROP-CEADB7303C32,RERA-KAR-71420675,1,Completed,25.0,25.0,100.0,29.0,43,0.698,2
PROP-0BA20142D44B,,0,Unregistered,,,,,0,1.0,0
PROP-522450F0370A,,0,Unregistered,,,,,0,1.0,0
PROP-276ACFBC7826,RERA-KAR-26027270,1,Ongoing,8.0,45.0,17.8,22.0,16,0.625,0
PROP-4A01772014C3,,0,Unregistered,,,,,0,1.0,0
PROP-CEE7DE526021,,0,Unregistered,,,,,0,1.0,0
PROP-3BEE52688558,,0,Unregistered,,,,,0,1.0,0
PROP-1D910B09F376,RERA-KAR-75035682,1,Ongoing,18.0,26.0,69.2,54.0,6,0.667,0
PROP-B6B912B27F8A,,0,Unregistered,,,,,0,1.0,0
PROP-1C6C3E1275FA,RERA-KAR-08896714,1,Completed,36.0,36.0,100.0,220.0,5,0.6,0
PROP-EB69BC3F1018,RERA-KAR-18273570,1,Ongoing,20.0,25.0,80.0,240.0,4,0.5,0
PROP-DAF531B11555,,0,Unregistered,,,,,0,1.0,0
PROP-6DEFE7398833,RERA-KAR-80417506,1,Completed,40.0,40.0,100.0,134.0,4,0.75,0
PROP-6309224243FF,RERA-KAR-64193392,1,Ongoing,18.0,32.0,56.2,159.0,4,0.75,1
PROP-BDA85CF43BCD,RERA-KAR-59948696,1,Completed,38.0,37.0,100.0,130.0,16,0.938,5
PROP-2AE41E0D5832,,0,Unregistered,,,,,0,1.0,0
PROP-C288E69E424D,RERA-KAR-95205061,1,Ongoing,11.0,35.0,31.4,80.0,22,0.727,2
PROP-1E5AC3A07E08,,0,Unregistered,,,,,0,1.0,0
PROP-3951EECC9F32,,0,Unregistered,,,,,0,1.0,0
PROP-F26E1561AF68,,0,Unregistered,,,,,0,1.0,0
PROP-4718512F7D9D,RERA-KAR-07389063,1,Ongoing,13.0,29.0,44.8,37.0,9,0.556,0
PROP-89D7AE81A0C7,,0,Unregistered,,,,,0,1.0,0
PROP-9656004BADE8,RERA-KAR-52673998,1,Ongoing,53.0,56.0,94.6,67.0,9,0.667,0
PROP-29F183B3A4C1,,0,Unregistered,,,,,0,1.0,0
PROP-8F9EBDE4207B,,0,Unregistered,,,,,0,1.0,0
PROP-B9545E2E72DE,,0,Unregistered,,,,,0,1.0,0
PROP-65CFFEFF148A,RERA-KAR-60751838,1,Completed,57.0,50.0,100.0,91.0,59,0.22,0
PROP-2810861E6045,,0,Unregistered,,,,,0,1.0,0
PROP-3B8E9D1E24A9,,0,Unregistered,,,,,0,1.0,0
PROP-8FB336391049,RERA-KAR-66697007,1,Ongoing,17.0,46.0,37.0,38.0,17,0.471,0
PROP-03A665518206,RERA-KAR-83879392,1,Ongoing,18.0,50.0,36.0,65.0,5,0.6,0
PROP-A8AA091D3765,,0,Unregistered,,,,,0,1.0,0
PROP-2BCCFC6C46C2,RERA-KAR-48684539,1,Ongoing,41.0,50.0,82.0,69.0,14,0.714,1
PROP-942C4D5108E9,,0,Unregistered,,,,,0,1.0,0
PROP-58BF8C98924C,,0,Unregistered,,,,,0,1.0,0
PROP-C085E6FAFB8D,RERA-KAR-97750627,1,Ongoing,17.0,41.0,41.5,15.0,10,0.6,0
PROP-055D52DB8A40,RERA-KAR-53337458,1,Ongoing,24.0,38.0,63.2,141.0,43,0.651,2
PROP-C02A02654E4F,RERA-KAR-13974106,1,Ongoing,16.0,57.0,28.1,131.0,36,0.5,0
PROP-AF724A68646E,RERA-KAR-06865167,1,Ongoing,9.0,55.0,16.4,84.0,10,0.6,0
PROP-9B76E2C4485B,,0,Unregistered,,,,,0,1.0,0
PROP-CABF5D5E61EA,RERA-KAR-69453236,1,Ongoing,14.0,46.0,30.4,143.0,13,0.538,0
PROP-670CED41C724,,0,Unregistered,,,,,0,1.0,0
PROP-248AD4ACADA2,,0,Unregistered,,,,,0,1.0,0
PROP-E393EDF503F7,,0,Unregistered,,,,,0,1.0,0
PROP-B921D91C4326,RERA-KAR-16075415,1,Ongoing,9.0,29.0,31.0,200.0,9,0.778,1
PROP-74C2B5DCAED1,,0,Unregistered,,,,,0,1.0,0
PROP-490EC9007F50,,0,Unregistered,,,,,0,1.0,0
PROP-77D222E888A0,RERA-KAR-56719142,1,Ongoing,20.0,24.0,83.3,20.0,15,0.467,0
PROP-B95CA6F29156,RERA-KAR-44631392,1,Completed,34.0,26.0,100.0,160.0,17,0.412,0
PROP-FC6EB0851788,,0,Unregistered,,,,,0,1.0,0
PROP-5166BEBEAF5D,RERA-KAR-44412010,1,Ongoing,16.0,57.0,28.1,98.0,15,0.867,3
PROP-A2BC7757CCE5,RERA-KAR-81719495,1,Ongoing,13.0,52.0,25.0,47.0,5,0.8,0
PROP-B7C9B2FD3AE4,RERA-KAR-17215841,1,Ongoing,11.0,30.0,36.7,68.0,13,0.846,1
PROP-53910BB2B719,,0,Unregistered,,,,,0,1.0,0
PROP-3A2380B0356A,,0,Unregistered,,,,,0,1.0,0
PROP-C254BA00DC36,,0,Unregistered,,,,,0,1.0,0
PROP-78A1015958BC,,0,Unregistered,,,,,0,1.0,0
PROP-41AFECC2E8E9,RERA-KAR-80503742,1,Ongoing,20.0,28.0,71.4,145.0,5,0.6,0
PROP-775199406D45,RERA-KAR-79290969,1,Completed,39.0,25.0,100.0,29.0,35,0.771,5
PROP-DE993DA312B1,RERA-KAR-56400885,1,Ongoing,15.0,29.0,51.7,203.0,12,0.667,0
PROP-64CA032C249C,RERA-KAR-32718165,1,Ongoing,11.0,35.0,31.4,214.0,7,0.429,0
PROP-EDE086559E7D,,0,Unregistered,,,,,0,1.0,0
PROP-FA87404672E6,RERA-KAR-21975064,1,Ongoing,14.0,53.0,26.4,15.0,25,0.6,0
PROP-C82E8386B4C1,,0,Unregistered,,,,,0,1.0,0
PROP-7FBE2EF38C9B,,0,Unregistered,,,,,0,1.0,0
PROP-8874B9DB5717,RERA-KAR-42913378,1,Ongoing,12.0,53.0,22.6,103.0,14,0.429,0
PROP-827F6557D270,,0,Unregistered,,,,,0,1.0,0
PROP-1F9B80A719CA,RERA-KAR-27673298,1,Ongoing,20.0,56.0,35.7,180.0,15,0.267,0
PROP-D2C2ED463174,,0,Unregistered,,,,,0,1.0,0
PROP-3F4B477ADB24,,0,Unregistered,,,,,0,1.0,0
PROP-30BD78551065,RERA-KAR-22513759,1,Completed,33.0,25.0,100.0,39.0,13,0.538,0
PROP-1DB058445F92,,0,Unregistered,,,,,0,1.0,0
PROP-026A71048289,RERA-KAR-74026968,1,Ongoing,6.0,43.0,14.0,251.0,6,0.5,0
PROP-1097521459E0,,0,Unregistered,,,,,0,1.0,0
PROP-DF60A9405CA5,RERA-KAR-53249229,1,Completed,35.0,34.0,100.0,156.0,12,0.833,3
PROP-EDA16578D837,RERA-KAR-34355371,1,Ongoing,21.0,47.0,44.7,77.0,6,0.167,0
PROP-300306230741,,0,Unregistered,,,,,0,1.0,0
PROP-304A1042AD0F,,0,Unregistered,,,,,0,1.0,0
PROP-84463C1CB1C0,RERA-KAR-81372782,1,Completed,40.0,26.0,100.0,32.0,6,1.0,0
PROP-DDD63719F0F1,RERA-KAR-81372782,1,Completed,43.0,26.0,100.0,32.0,6,1.0,0
PROP-6B6A61420914,RERA-KAR-02062839,1,Ongoing,21.0,47.0,44.7,30.0,11,0.727,0
PROP-2DAC96B3CFAC,RERA-KAR-81372782,1,Completed,64.0,26.0,100.0,32.0,8,0.75,0
PROP-05AA56EC4D8C,RERA-KAR-57428783,1,Ongoing,25.0,50.0,50.0,145.0,9,0.333,0
PROP-EC8684684380,RERA-KAR-00063082,1,Ongoing,32.0,57.0,56.1,131.0,6,0.333,0
PROP-C90C19E3EB9B,RERA-KAR-84918420,1,Ongoing,14.0,59.0,23.7,28.0,14,0.286,0
PROP-138DEDBF7F6C,RERA-KAR-72309261,1,Ongoing,39.0,55.0,70.9,290.0,20,0.8,3
PROP-8627EC85F2E3,,0,Unregistered,,,,,0,1.0,0
PROP-22E24A465423,RERA-KAR-50267136,1,Ongoing,18.0,39.0,46.2,70.0,11,0.455,0
PROP-5139B7AB7AC6,RERA-KAR-05840638,1,Ongoing,32.0,54.0,59.3,32.0,7,0.714,0
PROP-F6F76866A8FD,,0,Unregistered,,,,,0,1.0,0
PROP-B089FFF823FC,,0,Unregistered,,,,,0,1.0,0
PROP-9F32BAD72B66,RERA-KAR-76877642,1,Ongoing,12.0,27.0,44.4,43.0,26,0.538,2
PROP-6D4356BDD3B1,RERA-KAR-27003809,1,Ongoing,11.0,45.0,24.4,35.0,5,0.6,0
PROP-5DEB68ED3FE3,,0,Unregistered,,,,,0,1.0,0
PROP-E1B04EAF72FF,,0,Unregistered,,,,,0,1.0,0
PROP-EFAECB9DC87C,,0,Unregistered,,,,,0,1.0,0
PROP-371B6EC504E1,,0,Unregistered,,,,,0,1.0,0
PROP-DFE353FF9498,RERA-KAR-14527865,1,Ongoing,27.0,56.0,48.2,163.0,9,0.778,1
PROP-43D3695B69D5,RERA-KAR-93496228,1,Ongoing,22.0,26.0,84.6,41.0,13,0.385,0
PROP-3F9F2A95E6EA,,0,Unregistered,,,,,0,1.0,0
PROP-466BEC3BB073,,0,Unregistered,,,,,0,1.0,0
PROP-DB0F25EA142A,RERA-KAR-32448453,1,Ongoing,23.0,52.0,44.2,52.0,8,0.875,1
PROP-753E2D64EBBD,,0,Unregistered,,,,,0,1.0,0
PROP-A1A1B7BF6F52,RERA-KAR-72805309,1,Completed,72.0,41.0,100.0,126.0,20,0.65,2
PROP-8EE7D58507F9,,0,Unregistered,,,,,0,1.0,0
PROP-825A71539F5B,RERA-KAR-63540865,1,Ongoing,39.0,46.0,84.8,165.0,16,0.562,0
PROP-417814A90A36,,0,Unregistered,,,,,0,1.0,0
PROP-485906FC0CFF,RERA-KAR-75951782,1,Ongoing,24.0,54.0,44.4,206.0,12,0.667,0
PROP-57F6A1B53A2B,RERA-KAR-35469669,1,Ongoing,35.0,43.0,81.4,39.0,10,0.4,0
PROP-A1FA0032D0F3,,0,Unregistered,,,,,0,1.0,0
PROP-BC5673AB9291,,0,Unregistered,,,,,0,1.0,0
PROP-D6354C3BA88B,,0,Unregistered,,,,,0,1.0,0
PROP-C730D7DEE520,,0,Unregistered,,,,,0,1.0,0
PROP-9172B887D6C6,,0,Unregistered,,,,,0,1.0,0
PROP-29F1187A4C85,,0,Unregistered,,,,,0,1.0,0
PROP-E1DF078F7223,,0,Unregistered,,,,,0,1.0,0
PROP-18BCEBD362CA,RERA-KAR-05496077,1,Completed,39.0,35.0,100.0,155.0,19,0.526,0
PROP-671CB4740F4C,,0,Unregistered,,,,,0,1.0,0
PROP-07A6C8DFEB83,RERA-KAR-40768846,1,Completed,32.0,32.0,100.0,35.0,13,0.769,0
PROP-05B0CBFEF2FC,RERA-KAR-05367592,1,Ongoing,18.0,28.0,64.3,27.0,6,0.5,1
PROP-B2553FB306D4,,0,Unregistered,,,,,0,1.0,0
PROP-697826FB8CB1,RERA-KAR-52885751,1,Ongoing,13.0,27.0,48.1,32.0,5,0.6,0
PROP-339ECFF9C129,RERA-KAR-43384420,1,Ongoing,30.0,45.0,66.7,60.0,14,0.286,0
PROP-6A85C1DFF278,,0,Unregistered,,,,,0,1.0,0
PROP-80E0D98F4571,,0,Unregistered,,,,,0,1.0,0
PROP-F1B68A04FB76,,0,Unregistered,,,,,0,1.0,0
PROP-23E3D1FF3595,RERA-KAR-54656829,1,Ongoing,19.0,53.0,35.8,33.0,13,0.692,0
PROP-F4F3A5B7BDB1,RERA-KAR-47880653,1,Ongoing,23.0,53.0,43.4,14.0,13,0.538,0
PROP-4948295BA310,RERA-KAR-10130293,1,Ongoing,7.0,50.0,14.0,85.0,8,0.5,0
PROP-B32E875090F4,,0,Unregistered,,,,,0,1.0,0
PROP-CE3CC3FCD100,RERA-KAR-00063082,1,Completed,59.0,57.0,100.0,131.0,7,0.714,0
PROP-AF658B045BF6,,0,Unregistered,,,,,0,1.0,0
PROP-D898B35E591C,RERA-KAR-41563054,1,Ongoing,36.0,46.0,78.3,53.0,17,0.647,0
PROP-CA769F6374E5,RERA-KAR-18919301,1,Completed,35.0,32.0,100.0,26.0,13,0.692,1
PROP-D7E616E98581,RERA-KAR-05010822,1,Completed,75.0,47.0,100.0,38.0,19,0.842,2
PROP-2545D532FD55,,0,Unregistered,,,,,0,1.0,0
PROP-22969ED05159,,0,Unregistered,,,,,0,1.0,0
PROP-6412B52E3148,,0,Unregistered,,,,,0,1.0,0
PROP-3ECEE77778EE,RERA-KAR-53746752,1,Ongoing,26.0,47.0,55.3,40.0,8,0.75,0
PROP-95E9C779A01A,RERA-KAR-95585544,1,Ongoing,19.0,29.0,65.5,114.0,13,0.462,0
PROP-FFEC30F2ADA3,RERA-KAR-34534557,1,Ongoing,11.0,24.0,45.8,57.0,15,0.667,0
PROP-592E49168369,RERA-KAR-03891125,1,Ongoing,23.0,55.0,41.8,47.0,10,0.5,0
PROP-18A696004844,,0,Unregistered,,,,,0,1.0,0
PROP-EC0963432BCE,RERA-KAR-72522821,1,Completed,41.0,25.0,100.0,29.0,35,0.514,0
PROP-9744590F1E52,,0,Unregistered,,,,,0,1.0,0
PROP-2F19C007C7F3,RERA-KAR-91303645,1,Ongoing,27.0,43.0,62.8,14.0,5,0.6,0
PROP-F6F914757C16,,0,Unregistered,,,,,0,1.0,0
PROP-F227640628E9,,0,Unregistered,,,,,0,1.0,0
PROP-6776C0975A2B,,0,Unregistered,,,,,0,1.0,0
PROP-98A8B2BB53AB,RERA-KAR-59401363,1,Ongoing,37.0,45.0,82.2,167.0,12,0.583,0
PROP-063887EF4EBB,,0,Unregistered,,,,,0,1.0,0
PROP-5EA803A39B06,,0,Unregistered,,,,,0,1.0,0
PROP-AC16C8AF3BAC,,0,Unregistered,,,,,0,1.0,0
PROP-CC06B13CD106,RERA-KAR-82863816,1,Completed,42.0,36.0,100.0,61.0,8,0.875,1
PROP-491D885B82F7,RERA-KAR-10622788,1,Completed,52.0,51.0,100.0,43.0,7,0.714,0
PROP-67080D8B716F,RERA-KAR-03435114,1,Ongoing,12.0,35.0,34.3,111.0,5,0.6,0
PROP-1A574C7FB910,RERA-KAR-22821629,1,Ongoing,31.0,33.0,93.9,62.0,7,0.429,0
PROP-337BC26D5D64,RERA-KAR-10847460,1,Ongoing,6.0,29.0,20.7,126.0,10,0.2,0
PROP-7FC83FB071E5,RERA-KAR-25127207,1,Ongoing,51.0,57.0,89.5,20.0,7,0.714,0
PROP-A5914486DAF1,,0,Unregistered,,,,,0,1.0,0
PROP-C4771A55FE86,,0,Unregistered,,,,,0,1.0,0
PROP-577F6378425E,RERA-KAR-24651287,1,Ongoing,17.0,31.0,54.8,81.0,11,0.818,1
PROP-6F933B8A3FC5,RERA-KAR-31396590,1,Ongoing,36.0,43.0,83.7,94.0,15,0.0,0
PROP-E6724D2A60ED,RERA-KAR-32865441,1,Ongoing,11.0,47.0,23.4,164.0,5,0.4,0
PROP-3C32D0A221E9,,0,Unregistered,,,,,0,1.0,0
PROP-6397DEBD05A3,,0,Unregistered,,,,,0,1.0,0
PROP-2B7405395DDA,,0,Unregistered,,,,,0,1.0,0
PROP-EA742AF80E7B,RERA-KAR-95133489,1,Ongoing,11.0,41.0,26.8,198.0,8,0.5,0
PROP-2B8E154AC143,RERA-KAR-51770607,1,Ongoing,41.0,48.0,85.4,223.0,19,0.368,0
PROP-DE2AEB41BFD8,,0,Unregistered,,,,,0,1.0,0
PROP-5462E0A213AD,,0,Unregistered,,,,,0,1.0,0
PROP-BCC365F2F97E,,0,Unregistered,,,,,0,1.0,0
PROP-D6AE7FCA87DB,RERA-KAR-38353028,1,Ongoing,18.0,46.0,39.1,129.0,7,0.571,0
PROP-26C52C663B86,,0,Unregistered,,,,,0,1.0,0
PROP-6F36F3D95790,RERA-KAR-31071743,1,Ongoing,17.0,41.0,41.5,103.0,5,0.8,0
PROP-71F21EA6AB4F,,0,Unregistered,,,,,0,1.0,0
PROP-9D398A4B5039,,0,Unregistered,,,,,0,1.0,0
PROP-FDC367C92088,RERA-KAR-91069939,1,Ongoing,13.0,59.0,22.0,92.0,16,0.625,0
PROP-EB26BD8A703E,RERA-KAR-25402131,1,Completed,37.0,35.0,100.0,49.0,15,0.733,0
PROP-1CC28C7E79D8,,0,Unregistered,,,,,0,1.0,0
PROP-A2F691E09926,RERA-KAR-76436563,1,Completed,39.0,34.0,100.0,178.0,15,0.333,0
PROP-037D07D23B1F,RERA-KAR-57719433,1,Completed,63.0,47.0,100.0,63.0,17,0.706,1
PROP-98A8DEC685FD,,0,Unregistered,,,,,0,1.0,0
PROP-918C8D3141B3,RERA-KAR-90710945,1,Ongoing,15.0,34.0,44.1,31.0,17,0.647,0
PROP-1FC054B5A2B9,RERA-KAR-13948484,1,Ongoing,18.0,25.0,72.0,110.0,24,0.75,4
PROP-B338633F756E,,0,Unregistered,,,,,0,1.0,0
PROP-97B3BF9DCA10,,0,Unregistered,,,,,0,1.0,0
PROP-09ACCDC24E7E,RERA-KAR-23774859,1,Completed,33.0,24.0,100.0,234.0,10,0.8,1
PROP-E571DE6B9D12,RERA-KAR-64717644,1,Ongoing,26.0,53.0,49.1,67.0,7,0.429,0
PROP-C892285CF309,,0,Unregistered,,,,,0,1.0,0
PROP-AF537D1D7432,RERA-KAR-35499190,1,Ongoing,24.0,33.0,72.7,88.0,11,0.909,1
PROP-1F428B5DD71D,RERA-KAR-43380960,1,Ongoing,10.0,25.0,40.0,106.0,17,0.706,1
PROP-F7B007E83648,RERA-KAR-41992149,1,Ongoing,31.0,33.0,93.9,41.0,14,0.429,0
PROP-9D67C53B5FCD,RERA-KAR-31111540,1,Ongoing,43.0,44.0,97.7,54.0,11,0.727,0
PROP-90DCDFE1E7FC,RERA-KAR-34329396,1,Ongoing,18.0,33.0,54.5,53.0,19,0.211,0
PROP-88AFF6C04B96,,0,Unregistered,,,,,0,1.0,0
PROP-87C6C057C876,,0,Unregistered,,,,,0,1.0,0
PROP-0AAAF2214FBF,,0,Unregistered,,,,,0,1.0,0
PROP-021C20117171,,0,Unregistered,,,,,0,1.0,0
PROP-A85C29EA0461,RERA-KAR-39157385,1,Ongoing,7.0,57.0,12.3,32.0,6,0.667,0
PROP-AB6CEC64C758,,0,Unregistered,,,,,0,1.0,0
PROP-E91BC4A16D52,RERA-KAR-00557377,1,Ongoing,23.0,25.0,92.0,97.0,15,0.6,0
PROP-3ABE9B74CA4A,,0,Unregistered,,,,,0,1.0,0
PROP-FD2471243D79,RERA-KAR-66944512,1,Ongoing,22.0,33.0,66.7,23.0,8,0.625,0
PROP-589192F2663F,,0,Unregistered,,,,,0,1.0,0
PROP-AAE9745D884F,,0,Unregistered,,,,,0,1.0,0
PROP-919C38CDEB64,,0,Unregistered,,,,,0,1.0,0
PROP-3079F5CAE693,RERA-KAR-02404698,1,Completed,51.0,50.0,100.0,52.0,15,0.933,3
PROP-49EDA638686D,,0,Unregistered,,,,,0,1.0,0
PROP-5EC67FE490B1,,0,Unregistered,,,,,0,1.0,0
PROP-8372DD59954B,RERA-KAR-93496228,1,Completed,40.0,26.0,100.0,41.0,14,0.714,0
PROP-B78EA546136E,RERA-KAR-60751838,1,Completed,81.0,50.0,100.0,91.0,71,0.507,4
PROP-10EBC1AF3314,RERA-KAR-23774859,1,Ongoing,9.0,24.0,37.5,234.0,9,0.556,0
PROP-91577F5078AF,,0,Unregistered,,,,,0,1.0,0
PROP-752066893640,RERA-KAR-19395779,1,Ongoing,47.0,53.0,88.7,108.0,5,0.6,1
PROP-1A203977B532,RERA-KAR-90653251,1,Ongoing,28.0,57.0,49.1,37.0,20,0.2,0
PROP-423E36414E36,,0,Unregistered,,,,,0,1.0,0
PROP-5BB4D1CA1E74,RERA-KAR-86015509,1,Ongoing,16.0,42.0,38.1,68.0,16,0.438,0
PROP-7784AA982EB1,,0,Unregistered,,,,,0,1.0,0
PROP-87C29BDE37F4,,0,Unregistered,,,,,0,1.0,0
PROP-90A340E314CE,RERA-KAR-03255571,1,Ongoing,25.0,43.0,58.1,220.0,26,0.538,0
PROP-4DE255D9874F,RERA-KAR-18961890,1,Ongoing,28.0,41.0,68.3,44.0,16,0.75,1
PROP-66DDEE66EC14,RERA-KAR-89833257,1,Completed,66.0,36.0,100.0,84.0,17,0.765,1
PROP-A0F3F132ED91,RERA-KAR-81678813,1,Completed,54.0,47.0,100.0,87.0,15,0.867,1
PROP-2F3AFC26AC5D,RERA-KAR-40900283,1,Ongoing,21.0,45.0,46.7,253.0,7,0.571,0
PROP-95A0856F2CBD,,0,Unregistered,,,,,0,1.0,0
PROP-581E2CA19152,RERA-KAR-87832534,1,Completed,40.0,28.0,100.0,29.0,11,0.545,0
PROP-4AB772F330F2,,0,Unregistered,,,,,0,1.0,0
PROP-8458584BFFDE,,0,Unregistered,,,,,0,1.0,0
PROP-C7D886B2692C,RERA-KAR-77249232,1,Ongoing,22.0,47.0,46.8,57.0,17,0.118,0
PROP-166A5C71ABDE,RERA-KAR-86448830,1,Ongoing,16.0,42.0,38.1,62.0,36,0.667,0
PROP-B88B557C1EE7,,0,Unregistered,,,,,0,1.0,0
PROP-D96DCB96FD6C,RERA-KAR-62717168,1,Ongoing,33.0,49.0,67.3,191.0,17,0.353,0
PROP-9DD035420498,,0,Unregistered,,,,,0,1.0,0
PROP-2CE110C764E1,RERA-KAR-54311743,1,Completed,61.0,35.0,100.0,13.0,5,1.0,1
PROP-6572469CF4F8,RERA-KAR-53292445,1,Ongoing,16.0,59.0,27.1,84.0,15,0.733,2
PROP-1DE2678D7DF3,RERA-KAR-11130473,1,Completed,35.0,29.0,100.0,93.0,30,0.4,0
PROP-1900A53A5797,RERA-KAR-66829350,1,Ongoing,12.0,41.0,29.3,47.0,12,0.75,3
PROP-AF7182B504D7,,0,Unregistered,,,,,0,1.0,0
PROP-C786AD732AC5,,0,Unregistered,,,,,0,1.0,0
PROP-85B544C42D6A,RERA-KAR-03101067,1,Ongoing,17.0,37.0,45.9,62.0,5,0.8,1
PROP-C8320EBC2571,RERA-KAR-03101067,1,Ongoing,20.0,37.0,54.1,62.0,5,0.8,1
PROP-2906EBA5F74A,,0,Unregistered,,,,,0,1.0,0
PROP-5C148AD92881,,0,Unregistered,,,,,0,1.0,0
PROP-91EA358AEE1D,RERA-KAR-95426996,1,Ongoing,26.0,46.0,56.5,6.0,10,0.6,0
PROP-45699144E3F2,RERA-KAR-17712498,1,Ongoing,32.0,53.0,60.4,147.0,22,0.273,0
PROP-1C6226A9650C,RERA-KAR-89834368,1,Completed,38.0,38.0,100.0,72.0,16,0.938,1
PROP-C2668816BCF4,RERA-KAR-91014653,1,Ongoing,11.0,40.0,27.5,220.0,16,0.625,0
PROP-D254968A23F2,RERA-KAR-72931627,1,Ongoing,41.0,54.0,75.9,112.0,4,0.75,0
PROP-55C98188415A,,0,Unregistered,,,,,0,1.0,0
PROP-5BFCE4FA191D,,0,Unregistered,,,,,0,1.0,0
PROP-A76744E50E9F,RERA-KAR-44149727,1,Ongoing,38.0,39.0,97.4,47.0,8,0.75,1
PROP-501FA7CEF531,RERA-KAR-44149727,1,Ongoing,17.0,39.0,43.6,47.0,8,0.625,0
PROP-2D2947021574,RERA-KAR-11912286,1,Ongoing,12.0,42.0,28.6,75.0,18,0.778,3
PROP-171D0AA3A495,RERA-KAR-18992676,1,Ongoing,6.0,33.0,18.2,78.0,4,0.25,0
PROP-2FE51C302F3D,RERA-KAR-36687229,1,Ongoing,7.0,27.0,25.9,279.0,9,0.444,0
PROP-79C6269829F8,,0,Unregistered,,,,,0,1.0,0
PROP-FE3ED2ACA687,RERA-KAR-94614145,1,Ongoing,28.0,54.0,51.9,58.0,18,0.556,0
PROP-93D108CC9162,RERA-KAR-54311743,1,Ongoing,25.0,35.0,71.4,13.0,5,0.4,0
PROP-ED9F58EB3A93,RERA-KAR-93515123,1,Completed,29.0,28.0,100.0,39.0,10,0.7,0
PROP-40C0BE1FFB73,RERA-KAR-86015509,1,Ongoing,40.0,42.0,95.2,68.0,20,0.55,0
PROP-2E15DA7D7553,RERA-KAR-44852158,1,Completed,83.0,58.0,100.0,212.0,11,1.0,4
PROP-5CC41943D8F6,,0,Unregistered,,,,,0,1.0,0
PROP-135A6D3E54DC,RERA-KAR-80716751,1,Ongoing,17.0,27.0,63.0,205.0,17,0.765,2
PROP-3C95DF87A297,RERA-KAR-29065169,1,Ongoing,27.0,50.0,54.0,21.0,15,0.8,3
PROP-FDBE5D36C0FB,RERA-KAR-45710092,1,Completed,38.0,37.0,100.0,188.0,26,0.5,0
PROP-9D66E1E7753D,RERA-KAR-53292445,1,Ongoing,7.0,59.0,11.9,84.0,15,0.6,0
PROP-C7604EBC7C71,RERA-KAR-75574222,1,Completed,36.0,24.0,100.0,27.0,14,0.714,1
PROP-F32D6FCDC0B2,,0,Unregistered,,,,,0,1.0,0
PROP-E51D406F01ED,,0,Unregistered,,,,,0,1.0,0
PROP-F6A0FCFF19A8,,0,Unregistered,,,,,0,1.0,0
PROP-F532821AF89B,RERA-KAR-24058633,1,Ongoing,15.0,35.0,42.9,40.0,36,0.639,0
PROP-CB472A0DEDE7,RERA-KAR-97238671,1,Ongoing,13.0,29.0,44.8,11.0,5,0.8,0
PROP-BDA3D667571A,,0,Unregistered,,,,,0,1.0,0
PROP-1AC30FC50CEE,,0,Unregistered,,,,,0,1.0,0
PROP-064FA285B64A,,0,Unregistered,,,,,0,1.0,0
PROP-ADE77CDDCEB2,RERA-KAR-36467770,1,Ongoing,20.0,37.0,54.1,30.0,8,0.5,0
PROP-E15306B330EC,,0,Unregistered,,,,,0,1.0,0
PROP-38E38E927DA9,,0,Unregistered,,,,,0,1.0,0
PROP-7938EA75A90A,RERA-KAR-07443531,1,Ongoing,25.0,30.0,83.3,44.0,11,0.636,0
PROP-CD5E24F8A91B,,0,Unregistered,,,,,0,1.0,0
PROP-9530378D73CC,RERA-KAR-90653251,1,Ongoing,25.0,57.0,43.9,37.0,19,0.211,0
PROP-5A7E7D1F8D36,RERA-KAR-45717997,1,Ongoing,19.0,46.0,41.3,173.0,11,0.545,0
PROP-01FF8A958C15,RERA-KAR-22806158,1,Ongoing,40.0,51.0,78.4,269.0,6,0.833,0
PROP-1D241C964D3C,RERA-KAR-87768678,1,Ongoing,20.0,49.0,40.8,186.0,8,0.625,0
PROP-D24EA453C26F,RERA-KAR-97617376,1,Ongoing,38.0,47.0,80.9,116.0,8,0.875,2
PROP-EE0F5C489510,RERA-KAR-22240247,1,Ongoing,21.0,55.0,38.2,120.0,4,0.75,0
PROP-B1F0AC202FBF,,0,Unregistered,,,,,0,1.0,0
PROP-57C4B72A2360,RERA-KAR-41450161,1,Ongoing,11.0,33.0,33.3,153.0,4,0.75,0
PROP-B44787B2A5AC,,0,Unregistered,,,,,0,1.0,0
PROP-9F9CD17B3777,,0,Unregistered,,,,,0,1.0,0
PROP-1C8BEE79FD58,RERA-KAR-85333117,1,Ongoing,19.0,32.0,59.4,81.0,13,0.308,0
PROP-A3F0CACEB2D6,RERA-KAR-63565716,1,Ongoing,38.0,48.0,79.2,72.0,12,0.333,0
PROP-E7327AC40417,RERA-KAR-01915026,1,Ongoing,20.0,48.0,41.7,77.0,19,0.526,0
PROP-F20D8AB4BF0B,,0,Unregistered,,,,,0,1.0,0
PROP-59D59B672881,,0,Unregistered,,,,,0,1.0,0
PROP-0C83897129E6,,0,Unregistered,,,,,0,1.0,0
PROP-0839FDE6F72D,,0,Unregistered,,,,,0,1.0,0
PROP-3C7171809FEC,,0,Unregistered,,,,,0,1.0,0
PROP-4E34FC58FA1B,RERA-KAR-04159786,1,Completed,40.0,24.0,100.0,31.0,6,0.833,0
PROP-8DB720414ECB,RERA-KAR-29119059,1,Ongoing,17.0,56.0,30.4,187.0,11,0.818,1
PROP-7FEBAED88B19,,0,Unregistered,,,,,0,1.0,0
PROP-9846DBD399EA,RERA-KAR-58714501,1,Ongoing,23.0,55.0,41.8,86.0,18,0.389,0
PROP-0F112E6A5A21,RERA-KAR-62717168,1,Ongoing,6.0,49.0,12.2,191.0,10,0.2,0
PROP-74659F76F1E8,,0,Unregistered,,,,,0,1.0,0
PROP-E4A634446AF0,,0,Unregistered,,,,,0,1.0,0
PROP-9BB2FF54999F,RERA-KAR-44852158,1,Ongoing,32.0,58.0,55.2,212.0,10,0.5,0
PROP-8168456A27DD,,0,Unregistered,,,,,0,1.0,0
PROP-45D3624AB043,,0,Unregistered,,,,,0,1.0,0
PROP-772CE5F4B001,,0,Unregistered,,,,,0,1.0,0
PROP-721CB24F52B8,,0,Unregistered,,,,,0,1.0,0
PROP-5E8B2612A1C7,RERA-KAR-00054734,1,Ongoing,16.0,32.0,50.0,162.0,15,0.0,0
PROP-56E18B518F18,,0,Unregistered,,,,,0,1.0,0
PROP-5F2AD249503E,,0,Unregistered,,,,,0,1.0,0
PROP-33109E46D18F,RERA-KAR-22042655,1,Ongoing,37.0,57.0,64.9,35.0,11,0.545,1
PROP-3879314D82F9,RERA-KAR-00054734,1,Completed,67.0,32.0,100.0,162.0,27,0.741,1
PROP-ACA53D1062A9,,0,Unregistered,,,,,0,1.0,0
PROP-F647B271E4D3,RERA-KAR-31464814,1,Ongoing,36.0,38.0,94.7,166.0,9,0.667,1
PROP-F59C21708A05,,0,Unregistered,,,,,0,1.0,0
PROP-A5BF3C603337,RERA-KAR-55275252,1,Completed,40.0,28.0,100.0,84.0,34,0.5,0
PROP-5B664E732CF2,RERA-KAR-78168257,1,Ongoing,15.0,26.0,57.7,49.0,15,0.333,0
PROP-F37A7FC3D42F,,0,Unregistered,,,,,0,1.0,0
PROP-BA00165BA618,,0,Unregistered,,,,,0,1.0,0
PROP-57C979AF07B5,RERA-KAR-19483566,1,Ongoing,8.0,33.0,24.2,45.0,10,0.5,0
PROP-7AB08C389689,RERA-KAR-78168257,1,Ongoing,15.0,26.0,57.7,49.0,24,0.542,0
PROP-0BCE5A63F79F,,0,Unregistered,,,,,0,1.0,0
PROP-8DFDF60DA2DB,RERA-KAR-80477076,1,Ongoing,34.0,44.0,77.3,147.0,15,0.6,0
PROP-3FB96DAE3156,RERA-KAR-33336267,1,Ongoing,35.0,52.0,67.3,10.0,26,0.462,0
PROP-D4598DE9AD0F,,0,Unregistered,,,,,0,1.0,0
PROP-D7C93697E9ED,RERA-KAR-12430751,1,Completed,33.0,25.0,100.0,29.0,8,0.625,0
PROP-92ADE24BC13B,,0,Unregistered,,,,,0,1.0,0
PROP-8EB239A35BD7,,0,Unregistered,,,,,0,1.0,0
PROP-47E17FB9F068,,0,Unregistered,,,,,0,1.0,0
PROP-0E82F79CEC91,,0,Unregistered,,,,,0,1.0,0
PROP-D839EAD6DEA0,RERA-KAR-65742967,1,Ongoing,17.0,52.0,32.7,125.0,13,0.769,0
PROP-9C32ECCE86E2,RERA-KAR-88045500,1,Ongoing,25.0,42.0,59.5,15.0,35,0.571,1
PROP-0A0676ED7549,,0,Unregistered,,,,,0,1.0,0
PROP-021993314423,RERA-KAR-65110461,1,Ongoing,27.0,32.0,84.4,91.0,15,0.8,1
PROP-3EB1E4B323EC,RERA-KAR-90870382,1,Ongoing,8.0,44.0,18.2,33.0,37,0.378,0
PROP-4A8DD0976019,RERA-KAR-10573549,1,Ongoing,39.0,49.0,79.6,21.0,10,0.6,0
PROP-4B104614C8CE,RERA-KAR-67985040,1,Ongoing,10.0,60.0,16.7,10.0,9,0.667,0
PROP-3BEBCDD966CA,,0,Unregistered,,,,,0,1.0,0
PROP-B92BF5E9F3A0,RERA-KAR-52376187,1,Ongoing,33.0,60.0,55.0,189.0,24,0.583,0
PROP-7CA5F460D609,,0,Unregistered,,,,,0,1.0,0
PROP-32DF66064FA0,,0,Unregistered,,,,,0,1.0,0
PROP-6F44CCDF3F9E,RERA-KAR-38375305,1,Ongoing,23.0,31.0,74.2,36.0,11,0.455,0
PROP-1A26A301B187,RERA-KAR-42850106,1,Ongoing,16.0,41.0,39.0,61.0,7,0.571,0
PROP-9033BB02E76B,,0,Unregistered,,,,,0,1.0,0
PROP-F9A6BAE5DDB9,RERA-KAR-10753932,1,Ongoing,10.0,47.0,21.3,69.0,35,0.543,0
PROP-C94114B710AA,RERA-KAR-68953155,1,Ongoing,9.0,42.0,21.4,77.0,13,0.615,0
PROP-D026A6E29EB8,RERA-KAR-97869345,1,Ongoing,7.0,43.0,16.3,135.0,9,0.444,0
PROP-EAD72DBD128D,RERA-KAR-50364333,1,Ongoing,31.0,59.0,52.5,136.0,17,0.471,0
PROP-04A488CD198B,,0,Unregistered,,,,,0,1.0,0
PROP-09A2FC1C658C,,0,Unregistered,,,,,0,1.0,0
PROP-0EB0EEEBA031,,0,Unregistered,,,,,0,1.0,0
PROP-8A4535AE6B4B,RERA-KAR-53203148,1,Ongoing,30.0,33.0,90.9,84.0,18,0.611,0
PROP-85C8DD302354,,0,Unregistered,,,,,0,1.0,0
PROP-40F032D5DAB2,,0,Unregistered,,,,,0,1.0,0
PROP-E26C3D2F033F,RERA-KAR-01474213,1,Ongoing,7.0,28.0,25.0,45.0,7,0.571,1
PROP-62AB68A0D7C2,,0,Unregistered,,,,,0,1.0,0
PROP-31586FFF4D1D,,0,Unregistered,,,,,0,1.0,0
PROP-AE6ABE2EEA94,,0,Unregistered,,,,,0,1.0,0
PROP-2479A10B46F7,RERA-KAR-79029932,1,Ongoing,18.0,26.0,69.2,51.0,26,0.5,0
PROP-466FADC109DD,,0,Unregistered,,,,,0,1.0,0
PROP-37BBC33774B4,,0,Unregistered,,,,,0,1.0,0
PROP-546D5DD509E5,RERA-KAR-49275497,1,Ongoing,31.0,42.0,73.8,100.0,11,0.455,1
PROP-0360BCC24774,RERA-KAR-63540865,1,Ongoing,39.0,46.0,84.8,165.0,16,0.688,1
PROP-B97428457D11,RERA-KAR-28539353,1,Completed,39.0,28.0,100.0,191.0,9,0.556,0
PROP-4FF1536B4FD3,RERA-KAR-42754507,1,Ongoing,41.0,43.0,95.3,59.0,12,0.833,1
PROP-D5395F35258F,RERA-KAR-87292272,1,Completed,38.0,33.0,100.0,30.0,14,0.857,2
PROP-1425ADB49A67,,0,Unregistered,,,,,0,1.0,0
PROP-578EDCD9BD65,,0,Unregistered,,,,,0,1.0,0
PROP-2B5B8DBD769E,,0,Unregistered,,,,,0,1.0,0
PROP-55AF5D58549F,RERA-KAR-83376624,1,Ongoing,6.0,25.0,24.0,96.0,29,0.759,1
PROP-BAF8243F249D,RERA-KAR-56194889,1,Ongoing,35.0,47.0,74.5,128.0,24,0.292,0
PROP-DE18434F6E92,RERA-KAR-48302057,1,Completed,31.0,28.0,100.0,116.0,16,0.812,0
PROP-635463ED3C2B,,0,Unregistered,,,,,0,1.0,0
PROP-6409F54AAB2B,,0,Unregistered,,,,,0,1.0,0
PROP-8D57BAF62DD6,RERA-KAR-77349483,1,Completed,33.0,24.0,100.0,69.0,14,0.857,1
PROP-0E9D0052547F,RERA-KAR-68634328,1,Completed,58.0,49.0,100.0,29.0,12,0.75,0
PROP-B191D98E76ED,RERA-KAR-83562492,1,Completed,30.0,30.0,100.0,66.0,9,0.889,0
PROP-13126AC7D05F,,0,Unregistered,,,,,0,1.0,0
PROP-D2D1C1A3962B,RERA-KAR-91104533,1,Ongoing,11.0,57.0,19.3,77.0,10,0.8,3
PROP-530B26BDECA0,RERA-KAR-85219322,1,Ongoing,36.0,46.0,78.3,119.0,19,0.474,0
PROP-31E5DB63CB31,,0,Unregistered,,,,,0,1.0,0
PROP-E81EB37E18BC,RERA-KAR-68634328,1,Ongoing,34.0,49.0,69.4,29.0,12,0.667,0
PROP-BBC309D74D48,,0,Unregistered,,,,,0,1.0,0
PROP-A8F5F062F323,RERA-KAR-14746647,1,Completed,29.0,26.0,100.0,15.0,17,0.588,0
PROP-381795E8E25A,RERA-KAR-17907289,1,Completed,64.0,43.0,100.0,30.0,35,0.886,2
PROP-4EC06FDFCE9F,RERA-KAR-67786951,1,Ongoing,21.0,59.0,35.6,19.0,25,0.6,0
PROP-9C302E09BB5E,,0,Unregistered,,,,,0,1.0,0
PROP-EABB1E833498,RERA-KAR-43232275,1,Ongoing,29.0,34.0,85.3,34.0,18,0.667,0
PROP-B4C44F440428,RERA-KAR-42869387,1,Completed,33.0,24.0,100.0,154.0,15,0.733,3
PROP-648E574E128C,RERA-KAR-27721150,1,Ongoing,20.0,37.0,54.1,151.0,67,0.358,2
PROP-1DAE96093D31,,0,Unregistered,,,,,0,1.0,0
PROP-34A29FB82E11,RERA-KAR-18628308,1,Ongoing,26.0,30.0,86.7,26.0,10,0.6,0
PROP-59143076D26D,RERA-KAR-24432489,1,Ongoing,39.0,54.0,72.2,44.0,14,0.571,0
PROP-A983A289BE38,RERA-KAR-64780874,1,Ongoing,12.0,27.0,44.4,84.0,6,0.833,0
PROP-B3A302861C58,,0,Unregistered,,,,,0,1.0,0
PROP-AFC16C21FDE0,,0,Unregistered,,,,,0,1.0,0
PROP-C7E7A337C3DC,RERA-KAR-32860981,1,Ongoing,35.0,46.0,76.1,74.0,8,0.375,0
PROP-17308953B31E,RERA-KAR-70709707,1,Ongoing,21.0,53.0,39.6,110.0,14,0.786,0
PROP-461788F56A9D,,0,Unregistered,,,,,0,1.0,0
PROP-CC44D40084D5,,0,Unregistered,,,,,0,1.0,0
PROP-D03F5B7DDE76,,0,Unregistered,,,,,0,1.0,0
PROP-A15660666258,,0,Unregistered,,,,,0,1.0,0
PROP-E17A2732FEB8,,0,Unregistered,,,,,0,1.0,0
PROP-341DC807930D,RERA-KAR-84489034,1,Completed,46.0,35.0,100.0,68.0,33,0.364,0
PROP-6DB85B83CF7E,,0,Unregistered,,,,,0,1.0,0
PROP-1F260705FFC8,,0,Unregistered,,,,,0,1.0,0
PROP-487838313AD9,RERA-KAR-70441263,1,Ongoing,17.0,58.0,29.3,231.0,12,0.917,3
PROP-06CDF74DB27A,,0,Unregistered,,,,,0,1.0,0
PROP-C2D038A58D86,RERA-KAR-25103039,1,Completed,62.0,27.0,100.0,151.0,8,0.875,1
PROP-693DF0F31A6C,,0,Unregistered,,,,,0,1.0,0
PROP-FEA0BBA45032,,0,Unregistered,,,,,0,1.0,0
PROP-8DEDB7D46C17,,0,Unregistered,,,,,0,1.0,0
PROP-C2C41031C75F,RERA-KAR-11922950,1,Ongoing,12.0,39.0,30.8,158.0,4,0.75,0
PROP-64542674D082,RERA-KAR-87838090,1,Ongoing,20.0,37.0,54.1,106.0,6,0.333,0
PROP-299BC9A63381,RERA-KAR-94142173,1,Ongoing,23.0,45.0,51.1,89.0,8,0.375,0
PROP-6901F0D7CD63,RERA-KAR-66898224,1,Ongoing,26.0,56.0,46.4,115.0,12,0.75,0
PROP-2474844863DD,RERA-KAR-21085111,1,Ongoing,21.0,46.0,45.7,166.0,4,0.75,0
PROP-FA0A1DDACC7A,RERA-KAR-77573515,1,Ongoing,33.0,55.0,60.0,37.0,5,0.8,1
PROP-BBC7A6288788,RERA-KAR-13282834,1,Ongoing,8.0,43.0,18.6,39.0,13,0.538,0
PROP-2A8DEF7A3A35,RERA-KAR-96881441,1,Completed,65.0,40.0,100.0,163.0,35,0.886,2
PROP-2CF29FD220BC,,0,Unregistered,,,,,0,1.0,0
PROP-7E2790D8E452,,0,Unregistered,,,,,0,1.0,0
PROP-9A0A9FB8C395,,0,Unregistered,,,,,0,1.0,0
PROP-47BE2A821A17,RERA-KAR-09001517,1,Ongoing,35.0,50.0,70.0,223.0,24,0.25,0
PROP-D03284431B92,RERA-KAR-04044475,1,Ongoing,13.0,32.0,40.6,31.0,9,0.667,1
PROP-7124AD0F7686,RERA-KAR-71586689,1,Completed,45.0,29.0,100.0,119.0,27,0.778,1
PROP-777514537905,RERA-KAR-71586689,1,Ongoing,27.0,29.0,93.1,119.0,25,0.6,0
PROP-12DAA63051AC,,0,Unregistered,,,,,0,1.0,0
PROP-5B318ABDDC05,,0,Unregistered,,,,,0,1.0,0
PROP-BD9356A73BE2,,0,Unregistered,,,,,0,1.0,0
PROP-BE72621EF13D,RERA-KAR-96881441,1,Ongoing,35.0,40.0,87.5,163.0,34,0.441,0
PROP-FD8D03AD50F4,RERA-KAR-38396026,1,Ongoing,36.0,40.0,90.0,100.0,15,0.6,0
PROP-D3E038C5D9DF,RERA-KAR-47763984,1,Ongoing,22.0,37.0,59.5,148.0,14,0.286,0
PROP-D503A4CAE357,RERA-KAR-77886571,1,Ongoing,17.0,51.0,33.3,62.0,11,0.455,0
PROP-1DF6AFB37F69,RERA-KAR-53781917,1,Ongoing,31.0,41.0,75.6,22.0,13,0.462,0
PROP-43D64B87DAB3,,0,Unregistered,,,,,0,1.0,0
PROP-0D4F5382066D,RERA-KAR-39438532,1,Ongoing,30.0,41.0,73.2,97.0,9,0.667,0
PROP-E7AA566E0036,,0,Unregistered,,,,,0,1.0,0
PROP-5BC13B6F6240,,0,Unregistered,,,,,0,1.0,0
PROP-6521D7002DA4,,0,Unregistered,,,,,0,1.0,0
PROP-325E4B6FFFBC,RERA-KAR-80462951,1,Ongoing,25.0,51.0,49.0,97.0,10,0.7,0
PROP-490E7E3D0C6A,,0,Unregistered,,,,,0,1.0,0
PROP-6E2A09457F6C,,0,Unregistered,,,,,0,1.0,0
PROP-D912889A53AD,RERA-KAR-60751838,1,Ongoing,36.0,50.0,72.0,91.0,30,0.1,0
PROP-DEB0E650ADF6,RERA-KAR-31111540,1,Ongoing,34.0,44.0,77.3,54.0,10,0.6,0
PROP-13402B1F43FA,,0,Unregistered,,,,,0,1.0,0
PROP-DB46A25A0311,RERA-KAR-46194332,1,Ongoing,26.0,41.0,63.4,64.0,12,0.25,0
PROP-D8D37BD8DC6A,RERA-KAR-46194332,1,Completed,50.0,41.0,100.0,64.0,16,0.562,0
PROP-71CAD600CB7C,,0,Unregistered,,,,,0,1.0,0
PROP-1D2D7912ED47,,0,Unregistered,,,,,0,1.0,0
PROP-D91D4AE660B2,,0,Unregistered,,,,,0,1.0,0
PROP-9ACE908C69D6,RERA-KAR-30414473,1,Ongoing,7.0,26.0,26.9,193.0,4,0.75,0
PROP-2614E71E9E74,RERA-KAR-72663746,1,Ongoing,24.0,59.0,40.7,41.0,11,0.818,0
PROP-816F216D1D97,RERA-KAR-41173287,1,Ongoing,9.0,29.0,31.0,93.0,4,0.0,0
PROP-BA379EA29F8A,,0,Unregistered,,,,,0,1.0,0
PROP-9C9D09E0C3E6,,0,Unregistered,,,,,0,1.0,0
PROP-89D4CD57EDCD,RERA-KAR-62854813,1,Ongoing,23.0,26.0,88.5,186.0,14,0.857,1
PROP-111FAEB76CBA,,0,Unregistered,,,,,0,1.0,0
PROP-C0EC4B1D96FE,,0,Unregistered,,,,,0,1.0,0
PROP-B33DA9C16BEF,RERA-KAR-66697007,1,Ongoing,17.0,46.0,37.0,38.0,17,0.471,0
PROP-6BF2D252C2DA,,0,Unregistered,,,,,0,1.0,0
PROP-80D3A5FF4100,RERA-KAR-19395779,1,Ongoing,47.0,53.0,88.7,108.0,5,0.6,1
PROP-61CC50130B08,RERA-KAR-66021402,1,Ongoing,24.0,46.0,52.2,117.0,16,0.125,0
PROP-0C901391C25C,,0,Unregistered,,,,,0,1.0,0
PROP-A962FCDD9632,RERA-KAR-95920118,1,Completed,40.0,33.0,100.0,214.0,11,0.727,0
PROP-62DA211A1C1F,,0,Unregistered,,,,,0,1.0,0
PROP-5BC55DAA10E5,,0,Unregistered,,,,,0,1.0,0
PROP-0121C77F5A4E,,0,Unregistered,,,,,0,1.0,0
PROP-314D3977183D,RERA-KAR-57719433,1,Ongoing,39.0,47.0,83.0,63.0,14,0.286,0
PROP-9EADCB2B541B,,0,Unregistered,,,,,0,1.0,0
PROP-A0F16DB6A1BE,RERA-KAR-99489509,1,Completed,39.0,31.0,100.0,113.0,8,0.5,0
PROP-503C6CF97666,,0,Unregistered,,,,,0,1.0,0
PROP-E38BEB8EC5C0,RERA-KAR-95520224,1,Ongoing,26.0,55.0,47.3,73.0,27,0.519,0
PROP-305677A70C55,,0,Unregistered,,,,,0,1.0,0
PROP-C45DC18B193D,,0,Unregistered,,,,,0,1.0,0
PROP-7DBF5321D112,,0,Unregistered,,,,,0,1.0,0
PROP-6C745A9D5E98,,0,Unregistered,,,,,0,1.0,0
PROP-835EC271AAF7,,0,Unregistered,,,,,0,1.0,0
PROP-1BDC4918488E,RERA-KAR-19395779,1,Ongoing,17.0,53.0,32.1,108.0,4,0.25,0
PROP-96E599CAD60A,,0,Unregistered,,,,,0,1.0,0
PROP-22B0F1A91A93,RERA-KAR-88234937,1,Ongoing,31.0,45.0,68.9,24.0,9,0.222,0
PROP-22128895B0AD,RERA-KAR-77283634,1,Completed,43.0,43.0,100.0,125.0,13,0.308,0
PROP-F84F89CBE06F,RERA-KAR-77283634,1,Completed,55.0,43.0,100.0,125.0,17,0.353,0
PROP-566F75496C08,RERA-KAR-52211161,1,Ongoing,15.0,52.0,28.8,89.0,10,0.7,3
PROP-DB22DB29A2E9,,0,Unregistered,,,,,0,1.0,0
PROP-BC837FF3F075,,0,Unregistered,,,,,0,1.0,0
PROP-8E88D43510BD,,0,Unregistered,,,,,0,1.0,0
PROP-203BC01DEC90,,0,Unregistered,,,,,0,1.0,0
PROP-CC1E67829850,RERA-KAR-36687229,1,Ongoing,7.0,27.0,25.9,279.0,7,0.286,0
PROP-436720C770AC,RERA-KAR-50882574,1,Ongoing,36.0,42.0,85.7,15.0,19,0.632,2
PROP-E65022117636,,0,Unregistered,,,,,0,1.0,0
PROP-EB3776934754,,0,Unregistered,,,,,0,1.0,0
PROP-07308716FD7E,RERA-KAR-61732237,1,Ongoing,27.0,50.0,54.0,61.0,10,0.7,0
PROP-8DEFD37CF35A,RERA-KAR-22454210,1,Ongoing,24.0,53.0,45.3,157.0,10,0.3,0
PROP-993CB29F18A9,,0,Unregistered,,,,,0,1.0,0
PROP-1BCF8879F26E,,0,Unregistered,,,,,0,1.0,0
PROP-DB990F4BB5CC,,0,Unregistered,,,,,0,1.0,0
PROP-4B388C46F83F,RERA-KAR-96620904,1,Ongoing,38.0,51.0,74.5,22.0,14,0.714,0
PROP-4C35D8688E03,,0,Unregistered,,,,,0,1.0,0
PROP-3C8D6CD6E2D0,,0,Unregistered,,,,,0,1.0,0
PROP-B002BF27AF4E,RERA-KAR-85435503,1,Ongoing,25.0,32.0,78.1,62.0,10,0.6,0
PROP-283AFCF45ADA,,0,Unregistered,,,,,0,1.0,0
PROP-A64C2496CB5D,,0,Unregistered,,,,,0,1.0,0
PROP-EC43C80C6226,,0,Unregistered,,,,,0,1.0,0
PROP-673A879CD2B7,,0,Unregistered,,,,,0,1.0,0
PROP-540CD18E8896,,0,Unregistered,,,,,0,1.0,0
PROP-789CDA94D692,RERA-KAR-77283634,1,Ongoing,28.0,43.0,65.1,125.0,9,0.222,0
PROP-73B08B9A9702,RERA-KAR-76359364,1,Ongoing,38.0,53.0,71.7,124.0,12,0.333,0
PROP-B45048629E64,,0,Unregistered,,,,,0,1.0,0
PROP-64DAB87B740A,,0,Unregistered,,,,,0,1.0,0
PROP-5A00403CB579,RERA-KAR-87643673,1,Ongoing,19.0,51.0,37.3,87.0,22,0.136,0
PROP-A3CC9700A8E7,,0,Unregistered,,,,,0,1.0,0
PROP-B4BD41FC9D88,,0,Unregistered,,,,,0,1.0,0
PROP-E1F09BBE06D9,,0,Unregistered,,,,,0,1.0,0
PROP-09DB0D582464,,0,Unregistered,,,,,0,1.0,0
PROP-9E0499A54B31,,0,Unregistered,,,,,0,1.0,0
PROP-46DD05416648,,0,Unregistered,,,,,0,1.0,0
PROP-DC1270E2AAAE,,0,Unregistered,,,,,0,1.0,0
PROP-E081C68C4308,,0,Unregistered,,,,,0,1.0,0
PROP-493062AD276C,,0,Unregistered,,,,,0,1.0,0
PROP-26342074A021,,0,Unregistered,,,,,0,1.0,0
PROP-998936C74914,RERA-KAR-55832030,1,Ongoing,32.0,39.0,82.1,142.0,17,0.647,2
PROP-69139F8D19D3,,0,Unregistered,,,,,0,1.0,0
PROP-56A824516E0E,,0,Unregistered,,,,,0,1.0,0
PROP-5D362742297B,,0,Unregistered,,,,,0,1.0,0
PROP-BB9D56CBD160,RERA-KAR-63758042,1,Ongoing,8.0,42.0,19.0,84.0,5,0.6,0
PROP-2C4FC6B32994,,0,Unregistered,,,,,0,1.0,0
PROP-7C444CF68EF4,,0,Unregistered,,,,,0,1.0,0
PROP-F65CDB47D006,RERA-KAR-40246209,1,Ongoing,19.0,30.0,63.3,26.0,12,0.667,0
PROP-896211F77CB8,,0,Unregistered,,,,,0,1.0,0
PROP-1E83425845FB,,0,Unregistered,,,,,0,1.0,0
PROP-8785216ED220,RERA-KAR-22042655,1,Ongoing,25.0,57.0,43.9,35.0,10,0.4,0
PROP-D0F118204253,,0,Unregistered,,,,,0,1.0,0
PROP-7DE0F80CE62A,,0,Unregistered,,,,,0,1.0,0
PROP-946CE94986C5,RERA-KAR-41744384,1,Ongoing,22.0,58.0,37.9,146.0,6,0.333,0
PROP-1EEEB12BB907,,0,Unregistered,,,,,0,1.0,0
PROP-F1B69165C60F,RERA-KAR-59410913,1,Ongoing,35.0,42.0,83.3,230.0,10,0.6,0
PROP-9CC42DF26DD8,,0,Unregistered,,,,,0,1.0,0
PROP-D5552C04BB76,,0,Unregistered,,,,,0,1.0,0
PROP-0C8C10B9A3C1,RERA-KAR-45386853,1,Ongoing,39.0,54.0,72.2,167.0,14,0.786,0
PROP-A4DCFE0EAC96,,0,Unregistered,,,,,0,1.0,0
PROP-1D373E240526,RERA-KAR-73173546,1,Ongoing,24.0,25.0,96.0,69.0,16,0.25,0
PROP-F494730E28A9,RERA-KAR-77527347,1,Ongoing,17.0,51.0,33.3,192.0,13,0.615,1
PROP-0E5F290C9DEE,RERA-KAR-20421670,1,Ongoing,8.0,55.0,14.5,55.0,15,0.267,0
PROP-2F34A4BBC5AA,,0,Unregistered,,,,,0,1.0,0
PROP-ACED94DA07B7,,0,Unregistered,,,,,0,1.0,0
PROP-4DA933FE177D,RERA-KAR-00925673,1,Ongoing,15.0,54.0,27.8,177.0,8,0.625,0
PROP-D80B0F6A35CE,RERA-KAR-51308866,1,Ongoing,20.0,44.0,45.5,51.0,10,0.6,0
PROP-E083DFB6F12E,RERA-KAR-69739822,1,Ongoing,24.0,50.0,48.0,71.0,10,0.8,0
PROP-945788C81012,,0,Unregistered,,,,,0,1.0,0
PROP-88D1573A22CE,RERA-KAR-59410913,1,Completed,47.0,42.0,100.0,230.0,10,0.9,2
PROP-5B59C86825F0,RERA-KAR-86529688,1,Ongoing,30.0,50.0,60.0,73.0,7,0.571,1
PROP-60CF1F80A886,RERA-KAR-01566401,1,Ongoing,23.0,40.0,57.5,81.0,21,0.619,0
PROP-49736CE66FDE,,0,Unregistered,,,,,0,1.0,0
PROP-706C8B3FADF9,,0,Unregistered,,,,,0,1.0,0
PROP-9CEA864EAA31,RERA-KAR-91427126,1,Ongoing,20.0,33.0,60.6,103.0,6,0.333,0
PROP-F27ED39213F1,,0,Unregistered,,,,,0,1.0,0
PROP-067392995ECB,,0,Unregistered,,,,,0,1.0,0
PROP-07B9DE6FA8AA,RERA-KAR-52673998,1,Ongoing,32.0,56.0,57.1,67.0,8,0.375,0
PROP-E88DD6EC0E6F,RERA-KAR-63496963,1,Ongoing,17.0,50.0,34.0,8.0,8,0.625,0
PROP-B8CC8BC9B855,,0,Unregistered,,,,,0,1.0,0
PROP-3E81796D99BB,,0,Unregistered,,,,,0,1.0,0
PROP-F97EF23F8DF2,RERA-KAR-07910305,1,Ongoing,19.0,52.0,36.5,145.0,9,0.667,0
PROP-66DA886E4554,,0,Unregistered,,,,,0,1.0,0
PROP-7D7F72506758,,0,Unregistered,,,,,0,1.0,0
PROP-54AF88406B90,,0,Unregistered,,,,,0,1.0,0
PROP-AE774C5075CA,,0,Unregistered,,,,,0,1.0,0
PROP-95B96521509A,,0,Unregistered,,,,,0,1.0,0
PROP-737ACAF91D3C,,0,Unregistered,,,,,0,1.0,0
PROP-17C67EC9DE73,,0,Unregistered,,,,,0,1.0,0
PROP-027311593C98,,0,Unregistered,,,,,0,1.0,0
PROP-F77F3ABC5A34,,0,Unregistered,,,,,0,1.0,0
PROP-17D557164712,RERA-KAR-50505629,1,Completed,39.0,36.0,100.0,15.0,8,0.875,1
PROP-C81ADD1F4F86,,0,Unregistered,,,,,0,1.0,0
PROP-7B4C05D8D532,,0,Unregistered,,,,,0,1.0,0
PROP-3E1BA0637E43,,0,Unregistered,,,,,0,1.0,0
PROP-2588D57E3F08,,0,Unregistered,,,,,0,1.0,0
PROP-84BADB93C853,,0,Unregistered,,,,,0,1.0,0
PROP-E88915063F54,,0,Unregistered,,,,,0,1.0,0
PROP-1D2C2C8B9175,,0,Unregistered,,,,,0,1.0,0
PROP-BC5A56D9FC6F,,0,Unregistered,,,,,0,1.0,0
PROP-085BCCEBECA4,,0,Unregistered,,,,,0,1.0,0
PROP-E71CA268B3AF,RERA-KAR-68019803,1,Ongoing,13.0,42.0,31.0,19.0,20,0.2,0
PROP-96CE49B1C063,,0,Unregistered,,,,,0,1.0,0
PROP-27C577E56D7C,,0,Unregistered,,,,,0,1.0,0
PROP-DFA6BD8FCE49,,0,Unregistered,,,,,0,1.0,0
PROP-7BC9FA2C6167,,0,Unregistered,,,,,0,1.0,0
PROP-AE6296236410,,0,Unregistered,,,,,0,1.0,0
PROP-505C92B6E9B5,,0,Unregistered,,,,,0,1.0,0
PROP-0ED3C3CDE540,,0,Unregistered,,,,,0,1.0,0
PROP-6B0936BAB5AC,,0,Unregistered,,,,,0,1.0,0
PROP-3F3E5A96C82A,,0,Unregistered,,,,,0,1.0,0
PROP-4B132EEC6D13,RERA-KAR-96601124,1,Ongoing,18.0,42.0,42.9,85.0,15,0.933,3
PROP-15C5B800C578,,0,Unregistered,,,,,0,1.0,0
PROP-93C6AB98D198,RERA-KAR-22592939,1,Ongoing,29.0,30.0,96.7,85.0,9,0.889,3
PROP-5981BB81131B,RERA-KAR-15438068,1,Completed,38.0,37.0,100.0,199.0,3,1.0,0
PROP-6A6E18C98DDF,,0,Unregistered,,,,,0,1.0,0
PROP-6DEA0788527A,,0,Unregistered,,,,,0,1.0,0
PROP-5F40E236B52E,,0,Unregistered,,,,,0,1.0,0
PROP-EEB0E54037A8,RERA-KAR-86142787,1,Ongoing,37.0,58.0,63.8,48.0,4,0.5,0
PROP-6B66572B1AE7,RERA-KAR-14723581,1,Ongoing,31.0,48.0,64.6,64.0,17,0.471,0
PROP-18469450D903,RERA-KAR-22017417,1,Ongoing,39.0,59.0,66.1,110.0,20,0.2,0
PROP-B490AB5C5B96,,0,Unregistered,,,,,0,1.0,0
PROP-A1FA9A964144,,0,Unregistered,,,,,0,1.0,0
PROP-A22CD6853327,,0,Unregistered,,,,,0,1.0,0
PROP-977A02166A93,RERA-KAR-18229212,1,Completed,38.0,28.0,100.0,256.0,12,0.333,0
PROP-F60507C8E72C,RERA-KAR-83545035,1,Ongoing,33.0,45.0,73.3,10.0,13,0.923,1
PROP-4516867759D2,,0,Unregistered,,,,,0,1.0,0
PROP-0027D67BB0EE,,0,Unregistered,,,,,0,1.0,0
PROP-E066AC78869E,,0,Unregistered,,,,,0,1.0,0
PROP-0CF405B80BB2,,0,Unregistered,,,,,0,1.0,0
PROP-4EC41625DF5F,,0,Unregistered,,,,,0,1.0,0
PROP-460755B1A442,,0,Unregistered,,,,,0,1.0,0
PROP-6EBBCC38F4DA,,0,Unregistered,,,,,0,1.0,0
PROP-B4D4286FD96C,,0,Unregistered,,,,,0,1.0,0
PROP-F629F1259F4E,,0,Unregistered,,,,,0,1.0,0
PROP-E1B2A6122820,,0,Unregistered,,,,,0,1.0,0
PROP-3AF565194F3F,,0,Unregistered,,,,,0,1.0,0
PROP-A8EA0197F157,,0,Unregistered,,,,,0,1.0,0
PROP-203BF7DBB39B,,0,Unregistered,,,,,0,1.0,0
PROP-5D96A57E2A7C,,0,Unregistered,,,,,0,1.0,0
PROP-FBFA5496B77F,,0,Unregistered,,,,,0,1.0,0
PROP-F9C713750E26,,0,Unregistered,,,,,0,1.0,0
PROP-2287226AD709,,0,Unregistered,,,,,0,1.0,0
PROP-45A7D957EEEA,,0,Unregistered,,,,,0,1.0,0
PROP-29AD9339357A,,0,Unregistered,,,,,0,1.0,0
PROP-B02879EE23B0,,0,Unregistered,,,,,0,1.0,0
PROP-98EDDDB8D98C,RERA-KAR-84456413,1,Ongoing,31.0,32.0,96.9,46.0,27,0.63,0
PROP-AA15042C7219,,0,Unregistered,,,,,0,1.0,0
PROP-111932B52EC3,RERA-KAR-10588843,1,Ongoing,37.0,45.0,82.2,49.0,4,0.5,0
PROP-B1A09ADA28DF,,0,Unregistered,,,,,0,1.0,0
PROP-E41BE26A5D3A,,0,Unregistered,,,,,0,1.0,0
PROP-677933159E12,,0,Unregistered,,,,,0,1.0,0
PROP-736F0F7ECE66,RERA-KAR-62407256,1,Ongoing,22.0,26.0,84.6,50.0,35,0.743,4
PROP-2E15CD005812,,0,Unregistered,,,,,0,1.0,0
PROP-35CE78BDB4B1,,0,Unregistered,,,,,0,1.0,0
PROP-1DA65EA503C4,,0,Unregistered,,,,,0,1.0,0
PROP-F2469D92EC15,,0,Unregistered,,,,,0,1.0,0
PROP-C100792A8F9E,,0,Unregistered,,,,,0,1.0,0
PROP-7F513831E928,,0,Unregistered,,,,,0,1.0,0
PROP-F08529A6CED0,,0,Unregistered,,,,,0,1.0,0
PROP-4BCCFD683CCA,RERA-KAR-53656046,1,Ongoing,32.0,58.0,55.2,192.0,11,0.545,0
PROP-E88076D970F7,,0,Unregistered,,,,,0,1.0,0
PROP-99C8DF98B74A,,0,Unregistered,,,,,0,1.0,0
PROP-941B220C35BC,,0,Unregistered,,,,,0,1.0,0
PROP-368C39C1D14E,,0,Unregistered,,,,,0,1.0,0
PROP-D6C74FA93A75,,0,Unregistered,,,,,0,1.0,0
PROP-F4A2C42EED61,,0,Unregistered,,,,,0,1.0,0
PROP-98AAC4EB8BEF,,0,Unregistered,,,,,0,1.0,0
PROP-365AF8E25D5E,,0,Unregistered,,,,,0,1.0,0
PROP-4B65F4ECF3DA,,0,Unregistered,,,,,0,1.0,0
PROP-AD2C3BA6B8AF,,0,Unregistered,,,,,0,1.0,0
PROP-DA52E8FA5683,,0,Unregistered,,,,,0,1.0,0
PROP-AA715377617F,,0,Unregistered,,,,,0,1.0,0
PROP-D05385B1A1BB,RERA-KAR-83549194,1,Ongoing,8.0,29.0,27.6,72.0,10,0.5,0
PROP-080C27F30D8B,,0,Unregistered,,,,,0,1.0,0
PROP-3885FD20B73F,RERA-KAR-38501392,1,Ongoing,26.0,55.0,47.3,36.0,15,0.533,0
PROP-FA732F59DB76,,0,Unregistered,,,,,0,1.0,0
PROP-22C37FAAEEA0,,0,Unregistered,,,,,0,1.0,0
PROP-A86B36358206,,0,Unregistered,,,,,0,1.0,0
PROP-952C8A3AC769,RERA-KAR-22663132,1,Ongoing,34.0,57.0,59.6,31.0,11,0.636,0
PROP-04592CC1A786,,0,Unregistered,,,,,0,1.0,0
PROP-32F8CCF20A89,RERA-KAR-06165275,1,Ongoing,9.0,36.0,25.0,88.0,12,0.583,0
PROP-1D068F142138,,0,Unregistered,,,,,0,1.0,0
PROP-A20DB2C68C03,,0,Unregistered,,,,,0,1.0,0
PROP-CE30F3B7EC54,,0,Unregistered,,,,,0,1.0,0
PROP-EF60C8984AC5,RERA-KAR-62158040,1,Ongoing,34.0,56.0,60.7,84.0,14,0.214,0
PROP-D2FA16981CDA,,0,Unregistered,,,,,0,1.0,0
PROP-A36A2656F40A,,0,Unregistered,,,,,0,1.0,0
PROP-804A1F482204,,0,Unregistered,,,,,0,1.0,0
PROP-8E55490792A9,,0,Unregistered,,,,,0,1.0,0
PROP-5D6281E98FD4,,0,Unregistered,,,,,0,1.0,0
PROP-9ED48146E34C,,0,Unregistered,,,,,0,1.0,0
PROP-D5B17C400F07,RERA-KAR-07171723,1,Ongoing,13.0,30.0,43.3,93.0,25,0.56,0
PROP-7ECC2C869158,,0,Unregistered,,,,,0,1.0,0
PROP-D2BEFF90081A,RERA-KAR-45470960,1,Completed,80.0,37.0,100.0,67.0,27,0.519,0
PROP-63BABEAAFB6D,,0,Unregistered,,,,,0,1.0,0
PROP-74CC628FFD41,,0,Unregistered,,,,,0,1.0,0
PROP-D8C96099397F,,0,Unregistered,,,,,0,1.0,0
PROP-E7368E0625D6,,0,Unregistered,,,,,0,1.0,0
PROP-59E1590973CA,RERA-KAR-41621946,1,Ongoing,12.0,51.0,23.5,212.0,7,0.714,0
PROP-0CA1A1D3EF19,,0,Unregistered,,,,,0,1.0,0
PROP-FFC65310856D,RERA-KAR-73274521,1,Ongoing,15.0,50.0,30.0,175.0,13,0.846,0
PROP-B18F0A366BEC,,0,Unregistered,,,,,0,1.0,0
PROP-A1A4F3F1A81C,,0,Unregistered,,,,,0,1.0,0
PROP-107448B5A7F5,,0,Unregistered,,,,,0,1.0,0
PROP-516E12AF4DC1,,0,Unregistered,,,,,0,1.0,0
PROP-62487C50DE9F,,0,Unregistered,,,,,0,1.0,0
PROP-FB96CE784518,,0,Unregistered,,,,,0,1.0,0
PROP-7756027E5DFD,RERA-KAR-20942412,1,Ongoing,34.0,44.0,77.3,143.0,28,0.786,1
PROP-E26DC4AC4AFE,RERA-KAR-54607779,1,Ongoing,25.0,58.0,43.1,127.0,16,0.812,3
PROP-F7AE73D7226F,RERA-KAR-12188582,1,Ongoing,16.0,30.0,53.3,49.0,9,0.889,3
PROP-A6B882B8A335,,0,Unregistered,,,,,0,1.0,0
PROP-7233ADCA8D29,RERA-KAR-96951058,1,Ongoing,36.0,44.0,81.8,48.0,43,0.651,2
PROP-6EF67EE7C45D,,0,Unregistered,,,,,0,1.0,0
PROP-E9FB481E43C2,,0,Unregistered,,,,,0,1.0,0
PROP-BC55CB85C1E6,,0,Unregistered,,,,,0,1.0,0
PROP-DA762AE69C22,,0,Unregistered,,,,,0,1.0,0
PROP-16F41D634EB2,,0,Unregistered,,,,,0,1.0,0
PROP-193BAFA1ED97,,0,Unregistered,,,,,0,1.0,0
PROP-388ECA168347,RERA-KAR-63203805,1,Ongoing,27.0,47.0,57.4,126.0,16,0.312,0
PROP-5D29BB782C49,,0,Unregistered,,,,,0,1.0,0
PROP-47D2C877F3E5,,0,Unregistered,,,,,0,1.0,0
PROP-7B279786F156,RERA-KAR-29890847,1,Ongoing,21.0,46.0,45.7,166.0,8,0.75,0
PROP-F16CD9CDFE37,RERA-KAR-05010822,1,Ongoing,39.0,47.0,83.0,38.0,18,0.389,0
PROP-E2546FA81F77,,0,Unregistered,,,,,0,1.0,0
PROP-8A898B0B1934,,0,Unregistered,,,,,0,1.0,0
PROP-C4939E58D573,,0,Unregistered,,,,,0,1.0,0
PROP-F2AA264B8D16,,0,Unregistered,,,,,0,1.0,0
PROP-FFB526F9366C,,0,Unregistered,,,,,0,1.0,0
PROP-14BEF7143535,,0,Unregistered,,,,,0,1.0,0
PROP-EA741C18FAA7,,0,Unregistered,,,,,0,1.0,0
PROP-AC0BC70E61FF,,0,Unregistered,,,,,0,1.0,0
PROP-6E62B28DE348,,0,Unregistered,,,,,0,1.0,0
PROP-27513331589D,,0,Unregistered,,,,,0,1.0,0
PROP-B0080B54D31B,,0,Unregistered,,,,,0,1.0,0
PROP-D0E846C7EF0A,RERA-KAR-66215350,1,Ongoing,16.0,34.0,47.1,190.0,5,0.8,0
PROP-713B37134582,,0,Unregistered,,,,,0,1.0,0
PROP-8BF37DA5F676,,0,Unregistered,,,,,0,1.0,0
PROP-19C7E955FE53,,0,Unregistered,,,,,0,1.0,0
PROP-09B71B11C580,,0,Unregistered,,,,,0,1.0,0
PROP-696891001472,,0,Unregistered,,,,,0,1.0,0
PROP-964C3102FAEB,,0,Unregistered,,,,,0,1.0,0
PROP-C9A0FADFB8E8,,0,Unregistered,,,,,0,1.0,0
PROP-942A1983749A,,0,Unregistered,,,,,0,1.0,0
PROP-66D2A6B1C158,,0,Unregistered,,,,,0,1.0,0
PROP-FF33430AF69C,,0,Unregistered,,,,,0,1.0,0
PROP-875CA5DC339E,,0,Unregistered,,,,,0,1.0,0
PROP-79033E001380,,0,Unregistered,,,,,0,1.0,0
PROP-76C6EC2BC2BB,,0,Unregistered,,,,,0,1.0,0
PROP-BF34EF7DEECC,RERA-KAR-01127447,1,Ongoing,9.0,47.0,19.1,13.0,20,0.35,0
PROP-730D0BAAA164,,0,Unregistered,,,,,0,1.0,0
PROP-DB3DE001C15E,,0,Unregistered,,,,,0,1.0,0
PROP-A2F87FB52CA3,,0,Unregistered,,,,,0,1.0,0
PROP-5BF94237CA66,,0,Unregistered,,,,,0,1.0,0
PROP-3B2BD0A90DB6,,0,Unregistered,,,,,0,1.0,0
PROP-31C050DFCC1A,,0,Unregistered,,,,,0,1.0,0
PROP-B4F6CEC7D9A3,,0,Unregistered,,,,,0,1.0,0
PROP-43E277CC801A,RERA-KAR-31168111,1,Ongoing,25.0,37.0,67.6,206.0,6,0.833,3
PROP-BADA10E731A6,RERA-KAR-24152784,1,Ongoing,18.0,49.0,36.7,228.0,18,0.722,0
PROP-A1065DAB0208,,0,Unregistered,,,,,0,1.0,0
PROP-5BA79494D60C,,0,Unregistered,,,,,0,1.0,0
PROP-B5A1E1497BDC,,0,Unregistered,,,,,0,1.0,0
PROP-B262AF5EA3F3,RERA-KAR-56489832,1,Ongoing,22.0,35.0,62.9,80.0,11,0.545,0
PROP-7CB3F00378EF,,0,Unregistered,,,,,0,1.0,0
PROP-F94AF2B07610,RERA-KAR-93107535,1,Ongoing,25.0,49.0,51.0,39.0,12,0.5,0
PROP-A820DE9D45C0,RERA-KAR-03788375,1,Ongoing,9.0,26.0,34.6,23.0,18,0.444,0
PROP-DAA6439CD80C,,0,Unregistered,,,,,0,1.0,0
PROP-DCA5142ABC8A,,0,Unregistered,,,,,0,1.0,0
PROP-E76FF6C195A0,,0,Unregistered,,,,,0,1.0,0
PROP-C24B9B7C938B,,0,Unregistered,,,,,0,1.0,0
PROP-25B7107E9963,,0,Unregistered,,,,,0,1.0,0
PROP-2F785AACB870,,0,Unregistered,,,,,0,1.0,0
PROP-3B0A6799747C,RERA-KAR-22175164,1,Ongoing,6.0,46.0,13.0,49.0,15,0.667,2
PROP-A51D9E49FAE0,RERA-KAR-99327009,1,Ongoing,15.0,25.0,60.0,85.0,30,0.4,0
PROP-B81C30CDC0B0,,0,Unregistered,,,,,0,1.0,0
PROP-EB0F7795E93A,,0,Unregistered,,,,,0,1.0,0
PROP-EC584D497F22,RERA-KAR-75473345,1,Ongoing,39.0,56.0,69.6,35.0,4,0.5,0
PROP-9D54C2D7578A,,0,Unregistered,,,,,0,1.0,0
PROP-75502E246F3C,,0,Unregistered,,,,,0,1.0,0
PROP-329431C8833C,,0,Unregistered,,,,,0,1.0,0
PROP-F4BFAA10D3BF,,0,Unregistered,,,,,0,1.0,0
PROP-910A86B354EA,RERA-KAR-27050508,1,Ongoing,22.0,26.0,84.6,88.0,22,0.136,0
PROP-142316BC7658,,0,Unregistered,,,,,0,1.0,0
PROP-B1A3E26A31A5,,0,Unregistered,,,,,0,1.0,0
PROP-4DBF34AC52AB,,0,Unregistered,,,,,0,1.0,0
PROP-8A3B92880ECF,,0,Unregistered,,,,,0,1.0,0
PROP-CEEB57C8F217,RERA-KAR-35303109,1,Ongoing,35.0,42.0,83.3,25.0,43,0.698,2
PROP-C655596094E0,RERA-KAR-72309261,1,Ongoing,39.0,55.0,70.9,290.0,20,0.55,2
PROP-18BD6CBA7319,,0,Unregistered,,,,,0,1.0,0
PROP-F3F0AF36CEB5,,0,Unregistered,,,,,0,1.0,0
PROP-060EB0CE5E5D,,0,Unregistered,,,,,0,1.0,0
PROP-BBC294B4BB89,,0,Unregistered,,,,,0,1.0,0
PROP-CDCB01BF45A9,,0,Unregistered,,,,,0,1.0,0
PROP-CC908701004C,,0,Unregistered,,,,,0,1.0,0
PROP-D60EB6C19181,,0,Unregistered,,,,,0,1.0,0
PROP-AA7DD4CA214A,,0,Unregistered,,,,,0,1.0,0
PROP-0D651ACE432F,,0,Unregistered,,,,,0,1.0,0
PROP-C6218E2C7473,,0,Unregistered,,,,,0,1.0,0
PROP-CEAAA6218846,,0,Unregistered,,,,,0,1.0,0
PROP-F75F987391FF,,0,Unregistered,,,,,0,1.0,0
PROP-9554FC39552B,RERA-KAR-37642850,1,Ongoing,36.0,54.0,66.7,118.0,23,0.174,0
PROP-7FEB6B5FB126,,0,Unregistered,,,,,0,1.0,0
PROP-E0EEB75AB730,,0,Unregistered,,,,,0,1.0,0
PROP-0D0AFF49BDA7,,0,Unregistered,,,,,0,1.0,0
PROP-422BB53367F7,RERA-KAR-90611690,1,Ongoing,20.0,52.0,38.5,96.0,24,0.292,0
PROP-BB35C118BF09,,0,Unregistered,,,,,0,1.0,0
PROP-C31A25C746A6,,0,Unregistered,,,,,0,1.0,0
PROP-8DD5FA1F7134,,0,Unregistered,,,,,0,1.0,0
PROP-6B61EBC66B43,,0,Unregistered,,,,,0,1.0,0
PROP-A0935BA79B98,,0,Unregistered,,,,,0,1.0,0
PROP-7AF106BFC991,,0,Unregistered,,,,,0,1.0,0
PROP-58AD1D4F3744,RERA-KAR-40989605,1,Completed,47.0,37.0,100.0,72.0,15,0.667,0
PROP-2B4958354D57,RERA-KAR-35269847,1,Completed,41.0,29.0,100.0,210.0,8,0.875,3
PROP-6EEE17A3961A,,0,Unregistered,,,,,0,1.0,0
PROP-B4E3CB234C10,,0,Unregistered,,,,,0,1.0,0
PROP-4FF8B12D06B2,,0,Unregistered,,,,,0,1.0,0
PROP-02CBB636AF5A,,0,Unregistered,,,,,0,1.0,0
PROP-E30D985EB363,,0,Unregistered,,,,,0,1.0,0
PROP-7E1318C81954,,0,Unregistered,,,,,0,1.0,0
PROP-641E643FE294,,0,Unregistered,,,,,0,1.0,0
PROP-1C43D42360F5,,0,Unregistered,,,,,0,1.0,0
PROP-942335B7E613,,0,Unregistered,,,,,0,1.0,0
PROP-69D748702D95,,0,Unregistered,,,,,0,1.0,0
PROP-83728736BCEA,,0,Unregistered,,,,,0,1.0,0
PROP-783EA2990971,,0,Unregistered,,,,,0,1.0,0
PROP-32227F559805,RERA-KAR-92650510,1,Completed,40.0,24.0,100.0,53.0,8,0.625,0
PROP-60C3EA0DC451,,0,Unregistered,,,,,0,1.0,0
PROP-E97B6286DF61,,0,Unregistered,,,,,0,1.0,0
PROP-8C435D551FD6,,0,Unregistered,,,,,0,1.0,0
PROP-1D2E67A0CCB1,,0,Unregistered,,,,,0,1.0,0
PROP-E415015A7013,RERA-KAR-49669090,1,Ongoing,28.0,53.0,52.8,254.0,18,0.556,2
PROP-C498969447F5,,0,Unregistered,,,,,0,1.0,0
PROP-15712A4F0FB2,,0,Unregistered,,,,,0,1.0,0
PROP-2880C3EF387A,,0,Unregistered,,,,,0,1.0,0
PROP-63F830F9953B,,0,Unregistered,,,,,0,1.0,0
PROP-D9ECC9A4371A,,0,Unregistered,,,,,0,1.0,0
PROP-B2BE70A659C0,,0,Unregistered,,,,,0,1.0,0
PROP-453880192B70,,0,Unregistered,,,,,0,1.0,0
PROP-F07D3BE3DC33,,0,Unregistered,,,,,0,1.0,0
PROP-B206DA88B844,RERA-KAR-80330410,1,Ongoing,16.0,49.0,32.7,60.0,9,0.667,0
PROP-6095B7102970,RERA-KAR-35510741,1,Ongoing,27.0,36.0,75.0,117.0,12,0.75,0
PROP-15BD4DD3855A,,0,Unregistered,,,,,0,1.0,0
PROP-E4B1020E038F,,0,Unregistered,,,,,0,1.0,0
PROP-9697CD0E473F,,0,Unregistered,,,,,0,1.0,0
PROP-8C164DE8F4BC,,0,Unregistered,,,,,0,1.0,0
PROP-DC4869CD2106,,0,Unregistered,,,,,0,1.0,0
PROP-B654FA7A51FE,,0,Unregistered,,,,,0,1.0,0
PROP-48A3BB461381,,0,Unregistered,,,,,0,1.0,0
PROP-9FE99381E5D0,,0,Unregistered,,,,,0,1.0,0
PROP-600E5DF84307,,0,Unregistered,,,,,0,1.0,0
PROP-19CCE9888FE7,,0,Unregistered,,,,,0,1.0,0
PROP-1059468461A7,,0,Unregistered,,,,,0,1.0,0
PROP-4E1BD6472933,,0,Unregistered,,,,,0,1.0,0
PROP-CCFC6F176B99,,0,Unregistered,,,,,0,1.0,0
PROP-837B82DE4BB0,RERA-KAR-84771466,1,Ongoing,36.0,38.0,94.7,43.0,12,0.5,0
PROP-4A2FF94B1A45,,0,Unregistered,,,,,0,1.0,0
PROP-ECBE29724133,,0,Unregistered,,,,,0,1.0,0
PROP-84086977249E,RERA-KAR-57921471,1,Completed,37.0,35.0,100.0,223.0,15,0.533,0
PROP-FE5C89D83284,RERA-KAR-05202364,1,Completed,38.0,27.0,100.0,40.0,17,0.765,2
PROP-79562456DF30,,0,Unregistered,,,,,0,1.0,0
PROP-2F7223736C53,,0,Unregistered,,,,,0,1.0,0
PROP-FDCF1BA5D4F2,,0,Unregistered,,,,,0,1.0,0
PROP-184AB25EC4D9,,0,Unregistered,,,,,0,1.0,0
PROP-49CD4C5A78C6,,0,Unregistered,,,,,0,1.0,0
PROP-74F17D6890C6,,0,Unregistered,,,,,0,1.0,0
PROP-0D02B5A8BB5C,,0,Unregistered,,,,,0,1.0,0
PROP-105B6C63709E,,0,Unregistered,,,,,0,1.0,0
PROP-9093ACEF37A4,,0,Unregistered,,,,,0,1.0,0
PROP-AD589E2464E7,RERA-KAR-36486540,1,Completed,34.0,25.0,100.0,134.0,11,0.818,0
PROP-694B095BB6B3,RERA-KAR-54308374,1,Ongoing,24.0,33.0,72.7,210.0,5,0.6,0
PROP-28E712FDB87D,,0,Unregistered,,,,,0,1.0,0
PROP-12E866EBAC26,,0,Unregistered,,,,,0,1.0,0
PROP-44B0CD306317,,0,Unregistered,,,,,0,1.0,0
PROP-55492C01F01C,,0,Unregistered,,,,,0,1.0,0
PROP-49AC6DC0C75D,,0,Unregistered,,,,,0,1.0,0
PROP-35EA3FB6AEB8,,0,Unregistered,,,,,0,1.0,0
PROP-1D56B861B7B8,RERA-KAR-15325557,1,Ongoing,7.0,52.0,13.5,13.0,8,0.75,4
PROP-9E18F727081B,,0,Unregistered,,,,,0,1.0,0
PROP-460EE83DE135,,0,Unregistered,,,,,0,1.0,0
PROP-BA8CE195C406,,0,Unregistered,,,,,0,1.0,0
PROP-08FDDD23D115,,0,Unregistered,,,,,0,1.0,0
PROP-33BBBB5FDD68,,0,Unregistered,,,,,0,1.0,0
PROP-093767D893F3,RERA-KAR-05010822,1,Completed,72.0,47.0,100.0,38.0,19,0.842,2
PROP-05D15D803737,,0,Unregistered,,,,,0,1.0,0
PROP-5334F18D413C,,0,Unregistered,,,,,0,1.0,0
PROP-6F343EA892F8,,0,Unregistered,,,,,0,1.0,0
PROP-9538B771B9C6,,0,Unregistered,,,,,0,1.0,0
PROP-0E71D297A66D,,0,Unregistered,,,,,0,1.0,0
PROP-B02A3835F65E,,0,Unregistered,,,,,0,1.0,0
PROP-A44197EE1A5B,,0,Unregistered,,,,,0,1.0,0
PROP-26DA7C72A014,,0,Unregistered,,,,,0,1.0,0
PROP-7C1549CB335B,,0,Unregistered,,,,,0,1.0,0
PROP-1A1B507FC8D9,,0,Unregistered,,,,,0,1.0,0
PROP-086D3A1CE165,,0,Unregistered,,,,,0,1.0,0
PROP-8649EAB9D16B,,0,Unregistered,,,,,0,1.0,0
PROP-B1AD6862F5BE,,0,Unregistered,,,,,0,1.0,0
PROP-B4568C81DA88,,0,Unregistered,,,,,0,1.0,0
PROP-0BAF60D0D3C9,RERA-KAR-20119191,1,Ongoing,21.0,39.0,53.8,167.0,39,0.154,0
PROP-FDB5031427CD,RERA-KAR-52882133,1,Ongoing,21.0,39.0,53.8,40.0,21,0.333,0
PROP-26F995DC70F2,,0,Unregistered,,,,,0,1.0,0
PROP-D757D045DA66,RERA-KAR-50623889,1,Ongoing,35.0,47.0,74.5,24.0,7,0.714,1
PROP-FD83AC90621A,RERA-KAR-03171254,1,Ongoing,16.0,38.0,42.1,33.0,35,0.686,2
PROP-9ACCBA3C5350,,0,Unregistered,,,,,0,1.0,0
PROP-6BAA91D820C2,RERA-KAR-57160934,1,Ongoing,40.0,48.0,83.3,59.0,22,0.591,1
PROP-DABDBDD10041,,0,Unregistered,,,,,0,1.0,0
PROP-58BA6FA56B72,RERA-KAR-41149160,1,Completed,26.0,25.0,100.0,249.0,10,0.6,0
PROP-10188B41B17E,,0,Unregistered,,,,,0,1.0,0
PROP-72F3B398E171,RERA-KAR-95206976,1,Ongoing,30.0,48.0,62.5,29.0,5,0.2,0
PROP-016204A03EFD,RERA-KAR-51148065,1,Ongoing,11.0,47.0,23.4,76.0,71,0.676,6
PROP-4C80D133C4A8,,0,Unregistered,,,,,0,1.0,0
PROP-0E743E51814F,,0,Unregistered,,,,,0,1.0,0
PROP-DBBA0D7159FF,,0,Unregistered,,,,,0,1.0,0
PROP-15363A73416A,RERA-KAR-75707785,1,Ongoing,7.0,47.0,14.9,29.0,16,0.625,0
PROP-A62BB08B602E,,0,Unregistered,,,,,0,1.0,0
PROP-5D300A072FC7,RERA-KAR-51523089,1,Ongoing,23.0,53.0,43.4,130.0,67,0.358,2
PROP-C78BE0EB4CD7,,0,Unregistered,,,,,0,1.0,0
PROP-BDE3A1E398CC,,0,Unregistered,,,,,0,1.0,0
PROP-20C9EDDDA6FE,RERA-KAR-85912519,1,Ongoing,25.0,54.0,46.3,73.0,21,0.81,3
PROP-9649B91738DF,,0,Unregistered,,,,,0,1.0,0
PROP-E134FCB5971E,RERA-KAR-96225818,1,Ongoing,28.0,43.0,65.1,97.0,15,0.6,0
PROP-32003935ECCA,,0,Unregistered,,,,,0,1.0,0
PROP-A16B41F4CAA9,,0,Unregistered,,,,,0,1.0,0
PROP-7229C9721405,RERA-KAR-65522421,1,Ongoing,7.0,39.0,17.9,237.0,12,0.917,1
PROP-C06482F4BDDE,RERA-KAR-34256535,1,Completed,41.0,38.0,100.0,40.0,4,0.75,0
PROP-3197360E5F70,RERA-KAR-57921471,1,Completed,52.0,35.0,100.0,223.0,16,0.688,1
PROP-001C37DABEA0,,0,Unregistered,,,,,0,1.0,0
PROP-0DDB8CB10EEE,,0,Unregistered,,,,,0,1.0,0
PROP-B3E1A50AC035,,0,Unregistered,,,,,0,1.0,0
PROP-EA18CC9C8897,,0,Unregistered,,,,,0,1.0,0
PROP-C3B784423DF3,,0,Unregistered,,,,,0,1.0,0
PROP-7BFC510B8415,,0,Unregistered,,,,,0,1.0,0
PROP-5C04EBD3B552,,0,Unregistered,,,,,0,1.0,0
PROP-A3FDBC9E7614,,0,Unregistered,,,,,0,1.0,0
PROP-FD2CF5B8432B,RERA-KAR-22947731,1,Completed,41.0,38.0,100.0,175.0,12,0.583,0
PROP-DBC818669C58,RERA-KAR-72893916,1,Ongoing,26.0,45.0,57.8,102.0,16,0.562,0
PROP-D855E89B86D0,,0,Unregistered,,,,,0,1.0,0
PROP-68CB308933C4,RERA-KAR-37165854,1,Ongoing,12.0,55.0,21.8,42.0,10,0.7,0
PROP-F7420A470E82,,0,Unregistered,,,,,0,1.0,0
PROP-7BD18926BB47,,0,Unregistered,,,,,0,1.0,0
PROP-5D19E4737B26,,0,Unregistered,,,,,0,1.0,0
PROP-8648B3E01CE3,,0,Unregistered,,,,,0,1.0,0
PROP-FAB5F970CBDC,,0,Unregistered,,,,,0,1.0,0
PROP-98174DB95C40,,0,Unregistered,,,,,0,1.0,0
PROP-B13C8C53B9B1,RERA-KAR-19086545,1,Completed,44.0,25.0,100.0,37.0,12,0.75,1
PROP-93B4A0F89DA2,,0,Unregistered,,,,,0,1.0,0
PROP-51907B578C3C,,0,Unregistered,,,,,0,1.0,0
PROP-4ADC5C804C74,,0,Unregistered,,,,,0,1.0,0
PROP-115119618578,,0,Unregistered,,,,,0,1.0,0
PROP-4EF6787D61C5,,0,Unregistered,,,,,0,1.0,0
PROP-F3A56338634E,RERA-KAR-51829194,1,Ongoing,8.0,46.0,17.4,87.0,15,0.8,0
PROP-5F1D115FACE3,,0,Unregistered,,,,,0,1.0,0
PROP-EE54A164097B,,0,Unregistered,,,,,0,1.0,0
PROP-8CDBB9F8A6B0,,0,Unregistered,,,,,0,1.0,0
PROP-853DDE55853D,,0,Unregistered,,,,,0,1.0,0
PROP-C07FC4C080EA,,0,Unregistered,,,,,0,1.0,0
PROP-745A3E3A526F,RERA-KAR-46597309,1,Completed,41.0,25.0,100.0,97.0,14,1.0,1
PROP-3D6D49D663C9,RERA-KAR-46597309,1,Ongoing,23.0,25.0,92.0,97.0,14,0.857,0
PROP-054979F4F19E,RERA-KAR-46597309,1,Ongoing,23.0,25.0,92.0,97.0,14,0.857,0
PROP-22F1FCDA0F6E,,0,Unregistered,,,,,0,1.0,0
PROP-A59BC0691D06,,0,Unregistered,,,,,0,1.0,0
PROP-F4002116CB09,RERA-KAR-19543872,1,Ongoing,26.0,43.0,60.5,185.0,12,0.667,0
PROP-E4DAE8B3B1C6,RERA-KAR-08040956,1,Ongoing,38.0,43.0,88.4,190.0,12,0.25,0
PROP-0510C5DDFA54,RERA-KAR-85630906,1,Ongoing,36.0,57.0,63.2,36.0,8,0.625,1
PROP-54889BB8040B,,0,Unregistered,,,,,0,1.0,0
PROP-03C20950815B,RERA-KAR-52293407,1,Ongoing,13.0,27.0,48.1,92.0,11,0.545,0
PROP-B3C51EA72327,RERA-KAR-43649042,1,Ongoing,24.0,53.0,45.3,188.0,3,0.333,0
PROP-2B264EDBF567,,0,Unregistered,,,,,0,1.0,0
PROP-0155458DB515,,0,Unregistered,,,,,0,1.0,0
PROP-8D59033389F8,,0,Unregistered,,,,,0,1.0,0
PROP-A1D5ADCDCF91,,0,Unregistered,,,,,0,1.0,0
PROP-7FE9E767A83E,RERA-KAR-77347509,1,Ongoing,27.0,54.0,50.0,77.0,5,0.6,0
PROP-5B035D933926,,0,Unregistered,,,,,0,1.0,0
PROP-58D795E62FDD,RERA-KAR-04869570,1,Ongoing,36.0,60.0,60.0,120.0,20,0.2,0
PROP-6500EB4A567B,,0,Unregistered,,,,,0,1.0,0
PROP-B2B14B08C666,,0,Unregistered,,,,,0,1.0,0
PROP-FDC65DFBEA58,,0,Unregistered,,,,,0,1.0,0
PROP-696F74125977,RERA-KAR-85689897,1,Ongoing,19.0,33.0,57.6,183.0,10,0.3,0
PROP-FC3961DA65DF,,0,Unregistered,,,,,0,1.0,0
PROP-A393A083E36C,,0,Unregistered,,,,,0,1.0,0
PROP-FCD1856D229E,,0,Unregistered,,,,,0,1.0,0
PROP-8A67892BFA04,,0,Unregistered,,,,,0,1.0,0
PROP-620CA9D6CF15,RERA-KAR-63798987,1,Ongoing,31.0,35.0,88.6,97.0,17,0.176,0
PROP-7E1ABC8C0EE0,,0,Unregistered,,,,,0,1.0,0
PROP-A134B90F0272,,0,Unregistered,,,,,0,1.0,0
PROP-7AB4256654ED,,0,Unregistered,,,,,0,1.0,0
PROP-CF9E188B2337,RERA-KAR-93491217,1,Ongoing,11.0,56.0,19.6,19.0,11,0.455,0
PROP-90F5159B5D01,,0,Unregistered,,,,,0,1.0,0
PROP-57D1A0FAAF44,RERA-KAR-41009734,1,Ongoing,16.0,32.0,50.0,67.0,12,0.833,1
PROP-ECBDF559A09C,,0,Unregistered,,,,,0,1.0,0
PROP-FEE561A0CBBC,,0,Unregistered,,,,,0,1.0,0
PROP-C2CCC54FB287,,0,Unregistered,,,,,0,1.0,0
PROP-FED2A3A53AE2,,0,Unregistered,,,,,0,1.0,0
PROP-0BCA027C2A24,,0,Unregistered,,,,,0,1.0,0
PROP-F7F34ECD5605,,0,Unregistered,,,,,0,1.0,0
PROP-5613C2910B99,RERA-KAR-22947731,1,Completed,41.0,38.0,100.0,175.0,14,0.571,0
PROP-225FBA0498AB,,0,Unregistered,,,,,0,1.0,0
PROP-CDC831F94FFA,,0,Unregistered,,,,,0,1.0,0
PROP-BB8A081A62DF,,0,Unregistered,,,,,0,1.0,0
PROP-15A16CD2DFC5,,0,Unregistered,,,,,0,1.0,0
PROP-4B83EA545699,,0,Unregistered,,,,,0,1.0,0
PROP-B39E7CE75F60,,0,Unregistered,,,,,0,1.0,0
PROP-0C3EF8787896,,0,Unregistered,,,,,0,1.0,0
PROP-DF1040529B1E,RERA-KAR-78108680,1,Ongoing,26.0,29.0,89.7,36.0,7,0.857,1
PROP-80CDB98C1289,,0,Unregistered,,,,,0,1.0,0
PROP-EFCB59B31824,,0,Unregistered,,,,,0,1.0,0
PROP-97D3CD1A6372,,0,Unregistered,,,,,0,1.0,0
PROP-71E2C1E4500E,,0,Unregistered,,,,,0,1.0,0
PROP-BEC215B033B5,,0,Unregistered,,,,,0,1.0,0
PROP-9A392D1BCC37,RERA-KAR-41509065,1,Ongoing,35.0,59.0,59.3,106.0,13,0.538,0
PROP-0F16ECD02A30,,0,Unregistered,,,,,0,1.0,0
PROP-F076D8204850,RERA-KAR-43926304,1,Ongoing,6.0,24.0,25.0,67.0,17,0.824,0
PROP-23C19CF6EDEE,,0,Unregistered,,,,,0,1.0,0
PROP-0E20A2822453,,0,Unregistered,,,,,0,1.0,0
PROP-D2325D491495,RERA-KAR-01381440,1,Ongoing,10.0,37.0,27.0,26.0,12,0.917,2
PROP-0A474D872749,,0,Unregistered,,,,,0,1.0,0
PROP-3357AC7D7419,,0,Unregistered,,,,,0,1.0,0
PROP-3973021C5F78,,0,Unregistered,,,,,0,1.0,0
PROP-17C57AA91DA6,RERA-KAR-51063470,1,Ongoing,28.0,44.0,63.6,181.0,14,0.571,0
PROP-EB618D5062FA,RERA-KAR-63798987,1,Completed,52.0,35.0,100.0,97.0,21,0.619,3
PROP-D0A1D42BF3E1,,0,Unregistered,,,,,0,1.0,0
PROP-A313D0C798E6,,0,Unregistered,,,,,0,1.0,0
PROP-15FCC57397AA,RERA-KAR-04595734,1,Ongoing,24.0,27.0,88.9,177.0,18,0.833,1
PROP-7ECCA553A43D,,0,Unregistered,,,,,0,1.0,0
PROP-CC5FCD3CFB5E,,0,Unregistered,,,,,0,1.0,0
PROP-F261181B1A0D,,0,Unregistered,,,,,0,1.0,0
PROP-92620E6BA14A,,0,Unregistered,,,,,0,1.0,0
PROP-45EC2CC08E17,,0,Unregistered,,,,,0,1.0,0
PROP-8AE9D012163C,,0,Unregistered,,,,,0,1.0,0
PROP-E47B9AFD60AF,,0,Unregistered,,,,,0,1.0,0
PROP-0341BD2CE043,RERA-KAR-06060157,1,Ongoing,35.0,39.0,89.7,161.0,11,0.545,0
PROP-339A29CF7BC6,RERA-KAR-19612758,1,Ongoing,12.0,43.0,27.9,158.0,17,0.176,0
PROP-C0FD8AD07FD5,,0,Unregistered,,,,,0,1.0,0
PROP-C0A638E9292C,,0,Unregistered,,,,,0,1.0,0
PROP-1F7D5ED580CF,,0,Unregistered,,,,,0,1.0,0
PROP-263F2E567E01,RERA-KAR-52882133,1,Ongoing,15.0,39.0,38.5,40.0,27,0.741,0
PROP-EEC287159DA7,,0,Unregistered,,,,,0,1.0,0
PROP-FF8812431EC1,RERA-KAR-41009734,1,Ongoing,16.0,32.0,50.0,67.0,12,0.833,1
PROP-C43D83D6CD6D,,0,Unregistered,,,,,0,1.0,0
PROP-10B0F1EAFA44,RERA-KAR-15193392,1,Ongoing,26.0,56.0,46.4,67.0,13,0.923,3
PROP-16F526F363B0,,0,Unregistered,,,,,0,1.0,0
PROP-06CBCF0708D6,RERA-KAR-40820486,1,Ongoing,12.0,37.0,32.4,88.0,14,0.714,0
PROP-04F5E66A57D2,,0,Unregistered,,,,,0,1.0,0
PROP-49D4AA27222E,,0,Unregistered,,,,,0,1.0,0
PROP-05BA241020E1,,0,Unregistered,,,,,0,1.0,0
PROP-15DEF6A18CE1,,0,Unregistered,,,,,0,1.0,0
PROP-F49E28005FB2,,0,Unregistered,,,,,0,1.0,0
PROP-22D43C6298B7,,0,Unregistered,,,,,0,1.0,0
PROP-E3C846CCCA8A,RERA-KAR-12656731,1,Ongoing,29.0,52.0,55.8,77.0,5,0.6,0
PROP-1F3E1C0C00E2,,0,Unregistered,,,,,0,1.0,0
PROP-0C1FC6D41250,,0,Unregistered,,,,,0,1.0,0
PROP-0A29386CB761,,0,Unregistered,,,,,0,1.0,0
PROP-EA49E83C84F2,,0,Unregistered,,,,,0,1.0,0
PROP-57140A2D12F7,,0,Unregistered,,,,,0,1.0,0
PROP-130D9900C163,RERA-KAR-27298266,1,Ongoing,28.0,37.0,75.7,110.0,34,0.559,0
PROP-FC9C697D3032,,0,Unregistered,,,,,0,1.0,0
PROP-A6142B71D421,,0,Unregistered,,,,,0,1.0,0
PROP-8D44D58FF6C4,RERA-KAR-13523939,1,Ongoing,21.0,47.0,44.7,123.0,27,0.704,0
PROP-C7A0E5B76E07,RERA-KAR-45130164,1,Ongoing,26.0,55.0,47.3,51.0,27,0.741,0
PROP-AF37A4D22BF1,,0,Unregistered,,,,,0,1.0,0
PROP-0541E582C149,,0,Unregistered,,,,,0,1.0,0
PROP-68CE38E84140,,0,Unregistered,,,,,0,1.0,0
PROP-000ED25612B2,RERA-KAR-66220988,1,Completed,34.0,30.0,100.0,34.0,6,0.5,0
PROP-814BDA6D5B91,,0,Unregistered,,,,,0,1.0,0
PROP-BE30581D4180,,0,Unregistered,,,,,0,1.0,0
PROP-3178FF53B18D,,0,Unregistered,,,,,0,1.0,0
PROP-E99D3173CD2E,RERA-KAR-31532722,1,Ongoing,24.0,41.0,58.5,49.0,15,0.267,0
PROP-7E25822013F0,RERA-KAR-89833257,1,Ongoing,27.0,36.0,75.0,84.0,13,0.385,0
PROP-F784AA0F6DD1,RERA-KAR-04616341,1,Ongoing,31.0,37.0,83.8,58.0,21,0.571,0
PROP-8F404C6358A0,RERA-KAR-10417859,1,Ongoing,41.0,60.0,68.3,152.0,15,0.533,2
PROP-240CD3A55659,,0,Unregistered,,,,,0,1.0,0
PROP-A0851D5BA6F5,RERA-KAR-62407256,1,Completed,58.0,26.0,100.0,50.0,35,0.6,1
PROP-F32E2226DFF7,,0,Unregistered,,,,,0,1.0,0
PROP-6F7F87736659,,0,Unregistered,,,,,0,1.0,0
PROP-499BFC8A2429,,0,Unregistered,,,,,0,1.0,0
PROP-47040745CD36,RERA-KAR-02657381,1,Ongoing,23.0,53.0,43.4,81.0,10,0.2,0
PROP-C6F54EA3EC43,,0,Unregistered,,,,,0,1.0,0
PROP-B8D5D5BB9C5E,RERA-KAR-30765770,1,Ongoing,24.0,30.0,80.0,46.0,20,0.45,0
PROP-80DED29C31AA,,0,Unregistered,,,,,0,1.0,0
PROP-C01AD4302FC3,RERA-KAR-57592737,1,Ongoing,15.0,50.0,30.0,225.0,6,0.5,0
PROP-523906CF5765,,0,Unregistered,,,,,0,1.0,0
PROP-60AFF85F593F,,0,Unregistered,,,,,0,1.0,0
PROP-9490BF440714,,0,Unregistered,,,,,0,1.0,0
PROP-B4150723000C,RERA-KAR-48629002,1,Completed,68.0,54.0,100.0,45.0,18,0.833,1
PROP-965288DAA074,RERA-KAR-03819819,1,Ongoing,29.0,55.0,52.7,181.0,15,0.6,0
PROP-C1EFFC79C205,RERA-KAR-03819819,1,Ongoing,41.0,55.0,74.5,181.0,15,0.867,1
PROP-5BA844F7A381,,0,Unregistered,,,,,0,1.0,0
PROP-F62104D7595F,,0,Unregistered,,,,,0,1.0,0
PROP-C04CC8A1393D,RERA-KAR-52882133,1,Ongoing,15.0,39.0,38.5,40.0,19,0.316,0
PROP-4DC21AFF6DE4,,0,Unregistered,,,,,0,1.0,0
PROP-C88DFE50F2E1,,0,Unregistered,,,,,0,1.0,0
PROP-DB4E8862E19E,,0,Unregistered,,,,,0,1.0,0
PROP-59ABAA0A3C6D,RERA-KAR-94701740,1,Ongoing,10.0,56.0,17.9,196.0,18,0.389,0
PROP-CE308D7A96D3,,0,Unregistered,,,,,0,1.0,0
PROP-3334554E172C,,0,Unregistered,,,,,0,1.0,0
PROP-19678756FAFF,,0,Unregistered,,,,,0,1.0,0
PROP-AC26C9092055,RERA-KAR-65833663,1,Ongoing,9.0,60.0,15.0,37.0,11,0.545,0
PROP-E1B1FC0B3B28,,0,Unregistered,,,,,0,1.0,0
PROP-0A2A9DF0B51A,,0,Unregistered,,,,,0,1.0,0
PROP-AA18FBB96184,RERA-KAR-91512704,1,Ongoing,26.0,38.0,68.4,106.0,12,0.833,2
PROP-52D35D1D3344,,0,Unregistered,,,,,0,1.0,0
PROP-1AF1EDCEA33C,,0,Unregistered,,,,,0,1.0,0
PROP-137C2C005E7D,,0,Unregistered,,,,,0,1.0,0
PROP-EC3E05F3E34E,RERA-KAR-81599289,1,Ongoing,7.0,54.0,13.0,70.0,5,0.4,0
PROP-AC99655B6102,,0,Unregistered,,,,,0,1.0,0
PROP-CBBC5431AF7D,,0,Unregistered,,,,,0,1.0,0
PROP-59AC81A7A0AB,RERA-KAR-16542471,1,Completed,33.0,27.0,100.0,95.0,28,0.786,1
PROP-288440656AFA,,0,Unregistered,,,,,0,1.0,0
PROP-F064E463F0D9,,0,Unregistered,,,,,0,1.0,0
PROP-032A58DD7806,,0,Unregistered,,,,,0,1.0,0
PROP-0BDE70C1EBFA,RERA-KAR-43750090,1,Ongoing,16.0,52.0,30.8,90.0,8,0.625,0
PROP-73A5EB70A413,,0,Unregistered,,,,,0,1.0,0
PROP-38A30F05CB7C,RERA-KAR-89859759,1,Ongoing,17.0,49.0,34.7,219.0,16,0.375,0
PROP-A7F987DF0F23,RERA-KAR-48138492,1,Completed,38.0,34.0,100.0,118.0,13,0.769,0
PROP-EB67719370B1,RERA-KAR-52882133,1,Completed,45.0,39.0,100.0,40.0,25,0.64,0
PROP-4FE43E3F22F6,,0,Unregistered,,,,,0,1.0,0
PROP-56EF2D9028A8,,0,Unregistered,,,,,0,1.0,0
PROP-ECDD80F8CD07,,0,Unregistered,,,,,0,1.0,0
PROP-E5659A1AE63A,,0,Unregistered,,,,,0,1.0,0
PROP-9086213DDF37,RERA-KAR-84386448,1,Completed,44.0,44.0,100.0,145.0,14,0.571,0
PROP-189E47AF2A43,,0,Unregistered,,,,,0,1.0,0
PROP-D26AF9037BF9,,0,Unregistered,,,,,0,1.0,0
PROP-1FD13F6AFBE5,,0,Unregistered,,,,,0,1.0,0
PROP-0B00810A6033,,0,Unregistered,,,,,0,1.0,0
PROP-E33ADC34FC57,,0,Unregistered,,,,,0,1.0,0
PROP-F64025C0D98A,RERA-KAR-63786783,1,Ongoing,9.0,47.0,19.1,51.0,7,0.714,0
PROP-9BF2E6D016B8,RERA-KAR-00991954,1,Ongoing,32.0,60.0,53.3,60.0,14,0.786,2
PROP-BB0E45253E1F,,0,Unregistered,,,,,0,1.0,0
PROP-4A46646C1E3C,RERA-KAR-20059140,1,Ongoing,10.0,59.0,16.9,65.0,21,0.714,2
PROP-CE8D2F682E48,,0,Unregistered,,,,,0,1.0,0
PROP-1DF5B5832D90,,0,Unregistered,,,,,0,1.0,0
PROP-3F39132C6BD5,RERA-KAR-52377011,1,Completed,52.0,41.0,100.0,216.0,5,0.4,0
PROP-23C9F8A42406,,0,Unregistered,,,,,0,1.0,0
PROP-AF67F205F837,RERA-KAR-37165854,1,Ongoing,12.0,55.0,21.8,42.0,11,0.818,0
PROP-8FBB34A4498F,,0,Unregistered,,,,,0,1.0,0
PROP-323BB34E2E3D,,0,Unregistered,,,,,0,1.0,0
PROP-B2FE6459E402,,0,Unregistered,,,,,0,1.0,0
PROP-75CCDB91A9E5,,0,Unregistered,,,,,0,1.0,0
PROP-B28EDFE12B58,,0,Unregistered,,,,,0,1.0,0
PROP-DBEE29CD9235,RERA-KAR-90653251,1,Ongoing,25.0,57.0,43.9,37.0,13,0.154,0
PROP-0CFC21EB2047,RERA-KAR-52882133,1,Completed,69.0,39.0,100.0,40.0,27,0.852,2
PROP-778A43948E4D,,0,Unregistered,,,,,0,1.0,0
PROP-B23FB7F46234,RERA-KAR-36486756,1,Ongoing,48.0,56.0,85.7,26.0,36,0.528,0
PROP-4619D51139E5,,0,Unregistered,,,,,0,1.0,0
PROP-8CFD4FBBED6F,,0,Unregistered,,,,,0,1.0,0
PROP-0CB2D2F633B0,,0,Unregistered,,,,,0,1.0,0
PROP-F6F51A48AA7C,RERA-KAR-30841297,1,Ongoing,7.0,40.0,17.5,40.0,24,0.25,0
PROP-EDF63CB83482,RERA-KAR-19646180,1,Ongoing,21.0,34.0,61.8,15.0,12,0.833,0
PROP-1DDE576F3606,,0,Unregistered,,,,,0,1.0,0
PROP-AA3A9D5B6B6B,,0,Unregistered,,,,,0,1.0,0
PROP-E5F16BB0D4F8,,0,Unregistered,,,,,0,1.0,0
PROP-8F9A151DB3AA,,0,Unregistered,,,,,0,1.0,0
PROP-18BD85E16EB4,,0,Unregistered,,,,,0,1.0,0
PROP-4852EC492172,,0,Unregistered,,,,,0,1.0,0
PROP-092A66D2AF15,RERA-KAR-65522421,1,Ongoing,7.0,39.0,17.9,237.0,11,0.273,0
PROP-9FD616856EEB,,0,Unregistered,,,,,0,1.0,0
PROP-3337560DB7B0,,0,Unregistered,,,,,0,1.0,0
PROP-4F8F4B91C623,,0,Unregistered,,,,,0,1.0,0
PROP-2EADB8FDE073,,0,Unregistered,,,,,0,1.0,0
PROP-133371EBED09,RERA-KAR-08278578,1,Ongoing,16.0,41.0,39.0,34.0,6,0.667,1
PROP-E905984C6E7F,RERA-KAR-19031519,1,Ongoing,29.0,34.0,85.3,58.0,6,0.667,1
PROP-FC50C7414FF7,,0,Unregistered,,,,,0,1.0,0
PROP-815E0DE77A6F,,0,Unregistered,,,,,0,1.0,0
PROP-5AB9791CFD43,RERA-KAR-55275252,1,Ongoing,22.0,28.0,78.6,84.0,26,0.308,0
PROP-2141474E1066,,0,Unregistered,,,,,0,1.0,0
PROP-7F74A677D89C,RERA-KAR-49478063,1,Ongoing,37.0,49.0,75.5,27.0,10,0.8,0
PROP-0C70CF2AEF18,,0,Unregistered,,,,,0,1.0,0
PROP-07DE3D5D8A51,,0,Unregistered,,,,,0,1.0,0
PROP-D5E71FCB5A8C,RERA-KAR-89671885,1,Ongoing,23.0,33.0,69.7,20.0,11,0.364,0
PROP-D973B69633CF,RERA-KAR-91004732,1,Ongoing,10.0,43.0,23.3,27.0,22,0.545,0
PROP-938C245DF67A,,0,Unregistered,,,,,0,1.0,0
PROP-CDB0CCEFD8D7,,0,Unregistered,,,,,0,1.0,0
PROP-C107BBCA89C9,RERA-KAR-11100623,1,Ongoing,17.0,37.0,45.9,30.0,11,0.636,0
PROP-AA78B87DB0D8,,0,Unregistered,,,,,0,1.0,0
PROP-B2BD4E3603E1,,0,Unregistered,,,,,0,1.0,0
PROP-EEE02F4FDB5A,RERA-KAR-71334021,1,Ongoing,19.0,24.0,79.2,44.0,18,0.833,1
PROP-D4FCE0EFA686,RERA-KAR-11100623,1,Ongoing,17.0,37.0,45.9,30.0,11,0.636,0
PROP-7662E1D4ED05,RERA-KAR-29069174,1,Ongoing,20.0,58.0,34.5,152.0,10,0.7,0
PROP-6AB9751D0451,RERA-KAR-29069174,1,Ongoing,8.0,58.0,13.8,152.0,9,0.778,0
PROP-0597AD994E52,RERA-KAR-04686104,1,Ongoing,18.0,59.0,30.5,69.0,20,0.1,0
PROP-CEEDE1E53F4B,,0,Unregistered,,,,,0,1.0,0
PROP-E1C449587EA4,RERA-KAR-74027822,1,Ongoing,28.0,40.0,70.0,48.0,7,0.571,0
PROP-5816D44FE2DB,RERA-KAR-25131230,1,Ongoing,20.0,37.0,54.1,103.0,16,0.312,0
PROP-5D19270D8563,,0,Unregistered,,,,,0,1.0,0
PROP-4A4C2AFF1963,,0,Unregistered,,,,,0,1.0,0
PROP-3C992F2F9AA5,RERA-KAR-36318384,1,Ongoing,30.0,57.0,52.6,48.0,9,0.778,2
PROP-D4D4E2F3EB0C,,0,Unregistered,,,,,0,1.0,0
PROP-FF536C1F780F,RERA-KAR-21948518,1,Ongoing,24.0,29.0,82.8,33.0,20,0.2,0
PROP-594EE691AEC8,RERA-KAR-45341330,1,Completed,36.0,30.0,100.0,189.0,15,0.6,0
PROP-4171F82AE391,,0,Unregistered,,,,,0,1.0,0
PROP-98BB6B346D7A,RERA-KAR-15215068,1,Completed,38.0,27.0,100.0,104.0,16,0.75,1
PROP-0CA335DACF6B,RERA-KAR-25656446,1,Ongoing,20.0,48.0,41.7,44.0,8,0.625,0
PROP-4756A66B841A,,0,Unregistered,,,,,0,1.0,0
PROP-A3A1858E753A,,0,Unregistered,,,,,0,1.0,0
PROP-37BBDF819BC3,RERA-KAR-77539856,1,Ongoing,45.0,46.0,97.8,43.0,35,0.714,2
PROP-7177F8BF160A,RERA-KAR-00828586,1,Completed,53.0,43.0,100.0,123.0,27,0.519,0
PROP-1EF26093DE56,,0,Unregistered,,,,,0,1.0,0
PROP-575A3EC3FF95,,0,Unregistered,,,,,0,1.0,0
PROP-513B18CCF3E6,,0,Unregistered,,,,,0,1.0,0
PROP-342AE20BB502,RERA-KAR-31583916,1,Ongoing,10.0,28.0,35.7,111.0,8,0.75,1
PROP-6D8332997D68,,0,Unregistered,,,,,0,1.0,0
PROP-C01B4B736A4B,,0,Unregistered,,,,,0,1.0,0
PROP-06B25D617F21,,0,Unregistered,,,,,0,1.0,0
PROP-7BCAC73F30F9,,0,Unregistered,,,,,0,1.0,0
PROP-187FFC381A62,,0,Unregistered,,,,,0,1.0,0
PROP-80FC44194586,,0,Unregistered,,,,,0,1.0,0
PROP-EB4D4DDC0679,,0,Unregistered,,,,,0,1.0,0
PROP-5B6AAD1852D4,,0,Unregistered,,,,,0,1.0,0
PROP-A79A6858CB20,,0,Unregistered,,,,,0,1.0,0
PROP-81AB880D8B22,,0,Unregistered,,,,,0,1.0,0
PROP-30D0CF26DD05,,0,Unregistered,,,,,0,1.0,0
PROP-122606CEF397,,0,Unregistered,,,,,0,1.0,0
PROP-BFDA62968ACF,RERA-KAR-44691250,1,Ongoing,40.0,51.0,78.4,51.0,22,0.273,0
PROP-56723840669E,,0,Unregistered,,,,,0,1.0,0
PROP-CCEC3D806AFD,,0,Unregistered,,,,,0,1.0,0
PROP-2DC5E5F1DCF0,,0,Unregistered,,,,,0,1.0,0
PROP-23629863AED7,,0,Unregistered,,,,,0,1.0,0
PROP-8FDB97EEA141,,0,Unregistered,,,,,0,1.0,0
PROP-B9C8173BFD17,,0,Unregistered,,,,,0,1.0,0
PROP-0E161ABE058B,RERA-KAR-89662932,1,Ongoing,10.0,37.0,27.0,87.0,5,0.2,0
PROP-40F9A99B2A62,,0,Unregistered,,,,,0,1.0,0
PROP-6A9055291F39,,0,Unregistered,,,,,0,1.0,0
PROP-3FDB0B60065A,,0,Unregistered,,,,,0,1.0,0
PROP-6DCD26073E85,,0,Unregistered,,,,,0,1.0,0
PROP-0AF5E39915FD,RERA-KAR-33537610,1,Completed,41.0,36.0,100.0,112.0,11,0.818,0
PROP-DC69AF04A33F,,0,Unregistered,,,,,0,1.0,0
PROP-1034DF295B92,,0,Unregistered,,,,,0,1.0,0
PROP-856B6A511CF9,,0,Unregistered,,,,,0,1.0,0
PROP-2A877C7E1101,,0,Unregistered,,,,,0,1.0,0
PROP-BB595184A07D,,0,Unregistered,,,,,0,1.0,0
PROP-1CEA186FC8F7,,0,Unregistered,,,,,0,1.0,0
PROP-15391CA6BA8D,RERA-KAR-00828586,1,Ongoing,23.0,43.0,53.5,123.0,20,0.2,0
PROP-2EDFFACCDF72,,0,Unregistered,,,,,0,1.0,0
PROP-5D752089E17C,RERA-KAR-52377011,1,Ongoing,37.0,41.0,90.2,216.0,5,0.2,0
PROP-D4520EA66910,,0,Unregistered,,,,,0,1.0,0
PROP-8545A04FA862,,0,Unregistered,,,,,0,1.0,0
PROP-14DB21AD6AC9,,0,Unregistered,,,,,0,1.0,0
PROP-3C05DF96E64E,RERA-KAR-47640286,1,Ongoing,40.0,49.0,81.6,39.0,7,0.286,0
PROP-97E03B22378B,RERA-KAR-62407256,1,Ongoing,22.0,26.0,84.6,50.0,35,0.743,4
PROP-2B47359F223D,,0,Unregistered,,,,,0,1.0,0
PROP-45F692517CCC,RERA-KAR-28365499,1,Completed,41.0,35.0,100.0,228.0,13,0.692,0
PROP-2575E406E6ED,,0,Unregistered,,,,,0,1.0,0
PROP-8172B7F0E4B3,RERA-KAR-90688690,1,Ongoing,8.0,27.0,29.6,34.0,33,0.303,0
PROP-BD59154C1C02,RERA-KAR-90688690,1,Ongoing,14.0,27.0,51.9,34.0,36,0.389,0
PROP-059DB4006AC0,RERA-KAR-92122974,1,Ongoing,32.0,54.0,59.3,85.0,12,0.917,0
PROP-84754AF80244,RERA-KAR-07412645,1,Ongoing,39.0,43.0,90.7,95.0,8,0.875,0
PROP-7FB6E1E9AB27,,0,Unregistered,,,,,0,1.0,0
PROP-BB2F61E74463,,0,Unregistered,,,,,0,1.0,0
PROP-323338C16857,,0,Unregistered,,,,,0,1.0,0
PROP-D5267CD95B5E,,0,Unregistered,,,,,0,1.0,0
PROP-7AB70D90D766,RERA-KAR-80843277,1,Ongoing,19.0,28.0,67.9,96.0,10,0.7,0
PROP-88A858863D08,RERA-KAR-16776816,1,Ongoing,10.0,40.0,25.0,71.0,7,0.571,0
PROP-CE6A3427554C,,0,Unregistered,,,,,0,1.0,0
PROP-1A63C13254E9,,0,Unregistered,,,,,0,1.0,0
PROP-50F45721AD61,,0,Unregistered,,,,,0,1.0,0
PROP-76C80522386B,RERA-KAR-13974106,1,Ongoing,16.0,57.0,28.1,131.0,36,0.639,0
PROP-D8ADC46AAB94,,0,Unregistered,,,,,0,1.0,0
PROP-45C7DB90ED8E,,0,Unregistered,,,,,0,1.0,0
PROP-3D613D55AFB2,,0,Unregistered,,,,,0,1.0,0
PROP-94660FD8BECA,,0,Unregistered,,,,,0,1.0,0
PROP-637E06D9C680,,0,Unregistered,,,,,0,1.0,0
PROP-FE3587544E90,,0,Unregistered,,,,,0,1.0,0
PROP-EFC306AA75F2,,0,Unregistered,,,,,0,1.0,0
PROP-872753E3D4E0,RERA-KAR-62407256,1,Ongoing,22.0,26.0,84.6,50.0,22,0.227,0
PROP-EB179A1538DE,,0,Unregistered,,,,,0,1.0,0
PROP-E85B35A14AD7,,0,Unregistered,,,,,0,1.0,0
PROP-788A8C4642E4,,0,Unregistered,,,,,0,1.0,0
PROP-886A8452EFE8,RERA-KAR-77838778,1,Ongoing,24.0,57.0,42.1,182.0,10,0.8,0
PROP-F44A47B3ECBB,,0,Unregistered,,,,,0,1.0,0
PROP-3F896EE744D8,,0,Unregistered,,,,,0,1.0,0
PROP-16FE421CD359,,0,Unregistered,,,,,0,1.0,0
PROP-7AB7CE884A3F,,0,Unregistered,,,,,0,1.0,0
PROP-EDC28E0756EB,,0,Unregistered,,,,,0,1.0,0
PROP-5C6155D2F1B7,,0,Unregistered,,,,,0,1.0,0
PROP-CBF1CA05BA23,,0,Unregistered,,,,,0,1.0,0
PROP-8F23576DE15A,,0,Unregistered,,,,,0,1.0,0
PROP-5A10B3C5F85B,RERA-KAR-45470960,1,Completed,74.0,37.0,100.0,67.0,26,0.538,0
PROP-C830CB139CB2,,0,Unregistered,,,,,0,1.0,0
PROP-C758BCBFC706,,0,Unregistered,,,,,0,1.0,0
PROP-B87D2EC8B069,,0,Unregistered,,,,,0,1.0,0
PROP-25DC8F4C8877,,0,Unregistered,,,,,0,1.0,0
PROP-7D828527BF65,,0,Unregistered,,,,,0,1.0,0
PROP-F98B6D58BE23,RERA-KAR-88959052,1,Ongoing,14.0,34.0,41.2,242.0,17,0.118,0
PROP-DBA66185510A,,0,Unregistered,,,,,0,1.0,0
PROP-2FFAAB46D3F2,,0,Unregistered,,,,,0,1.0,0
PROP-8856A3E303D8,RERA-KAR-45499049,1,Ongoing,19.0,33.0,57.6,231.0,8,0.75,1
PROP-AB8FB173D510,RERA-KAR-24170350,1,Ongoing,8.0,50.0,16.0,36.0,63,0.254,0
PROP-5B85BF0D493D,,0,Unregistered,,,,,0,1.0,0
PROP-AD1C2496FA78,,0,Unregistered,,,,,0,1.0,0
PROP-3D3460D6B89E,,0,Unregistered,,,,,0,1.0,0
PROP-4F7C9DE1C762,,0,Unregistered,,,,,0,1.0,0
PROP-2792A52029ED,,0,Unregistered,,,,,0,1.0,0
PROP-7035F18B1E70,RERA-KAR-20006975,1,Ongoing,41.0,47.0,87.2,192.0,17,0.353,0
PROP-8E634BC67AAD,RERA-KAR-04272750,1,Completed,45.0,41.0,100.0,117.0,4,0.75,0
PROP-CD1776FEF357,RERA-KAR-05427821,1,Ongoing,39.0,51.0,76.5,44.0,16,0.312,0
PROP-0FDB3B6F821B,,0,Unregistered,,,,,0,1.0,0
PROP-D6614DC6D78D,RERA-KAR-47051855,1,Ongoing,29.0,51.0,56.9,146.0,12,0.917,0
PROP-2F729142682A,RERA-KAR-04217871,1,Ongoing,37.0,59.0,62.7,114.0,8,0.75,1
PROP-702747152B1F,,0,Unregistered,,,,,0,1.0,0
PROP-1C1698312C8D,RERA-KAR-62266842,1,Ongoing,24.0,45.0,53.3,171.0,17,0.765,1
PROP-0FD4DF4E3852,,0,Unregistered,,,,,0,1.0,0
PROP-F89F10DED77B,,0,Unregistered,,,,,0,1.0,0
PROP-C31CB5E92286,RERA-KAR-57765891,1,Ongoing,13.0,27.0,48.1,113.0,16,0.562,0
PROP-3C3E3A1482E3,,0,Unregistered,,,,,0,1.0,0
PROP-BDCB6BD9C9F6,,0,Unregistered,,,,,0,1.0,0
PROP-509E8D64ED20,RERA-KAR-22872594,1,Completed,36.0,33.0,100.0,108.0,11,0.273,0
PROP-6B1B4B888525,RERA-KAR-49669090,1,Ongoing,28.0,53.0,52.8,254.0,18,0.778,6
PROP-2AB67264A1F0,,0,Unregistered,,,,,0,1.0,0
PROP-507D30A0CC70,RERA-KAR-39619153,1,Ongoing,35.0,52.0,67.3,74.0,15,0.667,0
PROP-9B3CC7C1BCB5,,0,Unregistered,,,,,0,1.0,0
PROP-ABE3924F01B7,,0,Unregistered,,,,,0,1.0,0
PROP-57DA355A2692,,0,Unregistered,,,,,0,1.0,0
PROP-56D575EC93AD,RERA-KAR-69748172,1,Completed,38.0,27.0,100.0,180.0,9,0.778,0
PROP-C55A0D7ECD53,,0,Unregistered,,,,,0,1.0,0
PROP-02822F4AA50A,RERA-KAR-31151784,1,Ongoing,6.0,45.0,13.3,50.0,12,0.667,0
PROP-70BB33920137,,0,Unregistered,,,,,0,1.0,0
PROP-A1C71071FC3E,,0,Unregistered,,,,,0,1.0,0
PROP-7F2DD413A38C,RERA-KAR-11130473,1,Ongoing,23.0,29.0,79.3,93.0,22,0.227,0
PROP-B75905358CEE,RERA-KAR-31524151,1,Ongoing,30.0,38.0,78.9,143.0,23,0.348,0
PROP-5C5DF248FA35,,0,Unregistered,,,,,0,1.0,0
PROP-BD0F4A1C22B0,,0,Unregistered,,,,,0,1.0,0
PROP-2CAD8E842F4D,,0,Unregistered,,,,,0,1.0,0
PROP-6AF9BB765EC5,,0,Unregistered,,,,,0,1.0,0
PROP-4B4A25E223FC,,0,Unregistered,,,,,0,1.0,0
PROP-2953E133E896,,0,Unregistered,,,,,0,1.0,0
PROP-EB165B2603B3,RERA-KAR-25494369,1,Ongoing,11.0,40.0,27.5,60.0,29,0.759,1
PROP-6D5B5A15D220,RERA-KAR-96332740,1,Ongoing,6.0,57.0,10.5,35.0,12,0.667,1
PROP-992DBB7D707E,RERA-KAR-33126468,1,Completed,26.0,25.0,100.0,241.0,7,0.714,0
PROP-E1FA2623BAD7,,0,Unregistered,,,,,0,1.0,0
PROP-92505560622E,,0,Unregistered,,,,,0,1.0,0
PROP-63506EB3794C,,0,Unregistered,,,,,0,1.0,0
PROP-345DE124DBB5,,0,Unregistered,,,,,0,1.0,0
PROP-7D8D065FA8EF,,0,Unregistered,,,,,0,1.0,0
PROP-92FC0200E39D,RERA-KAR-53078156,1,Ongoing,18.0,44.0,40.9,146.0,12,0.25,0
PROP-1386E0282A51,,0,Unregistered,,,,,0,1.0,0
PROP-51C0F9C9DD02,,0,Unregistered,,,,,0,1.0,0
PROP-DEB94CB75BE4,RERA-KAR-62259296,1,Ongoing,6.0,37.0,16.2,68.0,6,0.667,0
PROP-C8E208F6009A,,0,Unregistered,,,,,0,1.0,0
PROP-057D8E3FC5BA,,0,Unregistered,,,,,0,1.0,0
PROP-246C706C4265,RERA-KAR-01623807,1,Ongoing,25.0,28.0,89.3,52.0,11,0.455,0
PROP-F164903FB494,RERA-KAR-95585544,1,Ongoing,10.0,29.0,34.5,114.0,11,0.545,0
PROP-55719E10D12B,,0,Unregistered,,,,,0,1.0,0
PROP-D18B6DE9CE0D,,0,Unregistered,,,,,0,1.0,0
PROP-7B2B8342FC86,,0,Unregistered,,,,,0,1.0,0
PROP-2CB43682478C,,0,Unregistered,,,,,0,1.0,0
PROP-16D78D022184,,0,Unregistered,,,,,0,1.0,0
PROP-4FF6D38EF728,,0,Unregistered,,,,,0,1.0,0
PROP-346C569C13C8,,0,Unregistered,,,,,0,1.0,0
PROP-9728D2DB9FB3,,0,Unregistered,,,,,0,1.0,0
PROP-265C17B93C25,,0,Unregistered,,,,,0,1.0,0
PROP-CFE1BA6871EA,,0,Unregistered,,,,,0,1.0,0
PROP-F72CA8EEF67D,,0,Unregistered,,,,,0,1.0,0
PROP-FEE70FE515D5,,0,Unregistered,,,,,0,1.0,0
PROP-2E8B2C5107D0,,0,Unregistered,,,,,0,1.0,0
PROP-01311BC1A16F,,0,Unregistered,,,,,0,1.0,0
PROP-FAB7AF2D93BB,,0,Unregistered,,,,,0,1.0,0
PROP-E83797C444F3,,0,Unregistered,,,,,0,1.0,0
PROP-E175A56E8BF1,,0,Unregistered,,,,,0,1.0,0
PROP-1B75C9C2E829,RERA-KAR-31625875,1,Ongoing,21.0,27.0,77.8,203.0,13,0.769,2
PROP-763F6C6E0520,,0,Unregistered,,,,,0,1.0,0
PROP-CE22265D659C,,0,Unregistered,,,,,0,1.0,0
PROP-0A9663B87B9F,,0,Unregistered,,,,,0,1.0,0
PROP-02FEAC0596D3,RERA-KAR-46194332,1,Completed,74.0,41.0,100.0,64.0,16,0.875,3
PROP-C84F060AFA00,RERA-KAR-93070478,1,Ongoing,20.0,31.0,64.5,55.0,15,0.8,2
PROP-3E36F05B7D50,,0,Unregistered,,,,,0,1.0,0
PROP-032D67A9FB9C,RERA-KAR-19086545,1,Ongoing,11.0,25.0,44.0,37.0,9,0.667,0
PROP-C1464B155C1B,,0,Unregistered,,,,,0,1.0,0
PROP-BE164A376CB6,,0,Unregistered,,,,,0,1.0,0
PROP-C7C0D748CD3A,,0,Unregistered,,,,,0,1.0,0
PROP-54990128B7F3,,0,Unregistered,,,,,0,1.0,0
PROP-D3DE585BE9BE,,0,Unregistered,,,,,0,1.0,0
PROP-723051AA7C5C,,0,Unregistered,,,,,0,1.0,0
PROP-63288B83AFED,,0,Unregistered,,,,,0,1.0,0
PROP-4DA670E7004C,,0,Unregistered,,,,,0,1.0,0
PROP-4B9C8164D185,,0,Unregistered,,,,,0,1.0,0
PROP-E151B304F88E,RERA-KAR-33056542,1,Ongoing,8.0,53.0,15.1,16.0,8,0.375,0
PROP-577DB5BC6FF7,,0,Unregistered,,,,,0,1.0,0
PROP-95101F1462F8,,0,Unregistered,,,,,0,1.0,0
PROP-BBA61AD88959,,0,Unregistered,,,,,0,1.0,0
PROP-B8B688DC9464,RERA-KAR-11162302,1,Ongoing,20.0,29.0,69.0,196.0,34,0.559,0
PROP-6849FA00EDB7,RERA-KAR-18990122,1,Ongoing,16.0,45.0,35.6,51.0,15,0.733,0
PROP-E7AA6DAF8211,RERA-KAR-18990122,1,Ongoing,16.0,45.0,35.6,51.0,13,0.538,0
PROP-1EB400C6DF22,RERA-KAR-47514536,1,Ongoing,22.0,36.0,61.1,90.0,11,0.818,0
PROP-8F1B19DC0C93,RERA-KAR-37037933,1,Ongoing,7.0,47.0,14.9,197.0,12,0.333,0
PROP-8684E7F7CF57,,0,Unregistered,,,,,0,1.0,0
PROP-ACA686B519FF,,0,Unregistered,,,,,0,1.0,0
PROP-F04FDD52F160,,0,Unregistered,,,,,0,1.0,0
PROP-DB4C20852C26,RERA-KAR-36964641,1,Ongoing,35.0,52.0,67.3,48.0,11,0.455,0
PROP-78B1E48E26E1,,0,Unregistered,,,,,0,1.0,0
PROP-FAB52FCADBB0,RERA-KAR-13570518,1,Ongoing,36.0,37.0,97.3,279.0,18,0.889,4
PROP-B29C1215EF95,,0,Unregistered,,,,,0,1.0,0
PROP-2F883D206272,,0,Unregistered,,,,,0,1.0,0
PROP-F6EF4CBFA712,,0,Unregistered,,,,,0,1.0,0
PROP-0BBE63F1E20D,,0,Unregistered,,,,,0,1.0,0
PROP-E462D063CC11,,0,Unregistered,,,,,0,1.0,0
PROP-1F16A2CAE54F,,0,Unregistered,,,,,0,1.0,0
PROP-B904BEEAFB82,RERA-KAR-60751838,1,Ongoing,36.0,50.0,72.0,91.0,33,0.091,0
PROP-C568A8878805,,0,Unregistered,,,,,0,1.0,0
PROP-B199E96CA7D3,RERA-KAR-00828586,1,Completed,47.0,43.0,100.0,123.0,26,0.538,0
PROP-A5D7CF4D7FFA,,0,Unregistered,,,,,0,1.0,0
PROP-DD3A60895E19,,0,Unregistered,,,,,0,1.0,0
PROP-814ED93E045A,,0,Unregistered,,,,,0,1.0,0
PROP-3A2F3003A313,,0,Unregistered,,,,,0,1.0,0
PROP-763E59C71F80,,0,Unregistered,,,,,0,1.0,0
PROP-EA828AA7375B,,0,Unregistered,,,,,0,1.0,0
PROP-3C130E55B63F,,0,Unregistered,,,,,0,1.0,0
PROP-D0DCC2AC0632,,0,Unregistered,,,,,0,1.0,0
PROP-AA4ED95C459C,,0,Unregistered,,,,,0,1.0,0
PROP-87DEE707F016,,0,Unregistered,,,,,0,1.0,0
PROP-A341219EC509,RERA-KAR-86871036,1,Ongoing,10.0,48.0,20.8,80.0,11,0.727,2
PROP-26F4E8087C87,,0,Unregistered,,,,,0,1.0,0
PROP-9BB942BBC8E8,,0,Unregistered,,,,,0,1.0,0
PROP-0162F239FFC4,RERA-KAR-04816430,1,Ongoing,28.0,32.0,87.5,35.0,21,0.238,0
PROP-3624DCD21358,,0,Unregistered,,,,,0,1.0,0
PROP-97788D722F8C,RERA-KAR-66248934,1,Ongoing,8.0,46.0,17.4,26.0,5,0.8,0
PROP-628BE38A18C9,,0,Unregistered,,,,,0,1.0,0
PROP-7F883F7BAC22,,0,Unregistered,,,,,0,1.0,0
PROP-391C390B81B7,,0,Unregistered,,,,,0,1.0,0
PROP-845367058A89,,0,Unregistered,,,,,0,1.0,0
PROP-F614FC69FEC1,RERA-KAR-61843456,1,Ongoing,18.0,42.0,42.9,220.0,5,0.4,0
PROP-CD2638E10A69,RERA-KAR-96645230,1,Ongoing,16.0,54.0,29.6,34.0,15,0.533,0
PROP-C77A021373DB,,0,Unregistered,,,,,0,1.0,0
PROP-9FE95E9529F3,,0,Unregistered,,,,,0,1.0,0
PROP-08BB15872EE8,,0,Unregistered,,,,,0,1.0,0
PROP-E104678FD2CA,,0,Unregistered,,,,,0,1.0,0
PROP-89CB67E4123B,,0,Unregistered,,,,,0,1.0,0
PROP-5CC9FEE69D28,,0,Unregistered,,,,,0,1.0,0
PROP-50582E426C67,,0,Unregistered,,,,,0,1.0,0
PROP-92CC9483CB8E,,0,Unregistered,,,,,0,1.0,0
PROP-0824828339C3,,0,Unregistered,,,,,0,1.0,0
PROP-EAD6C1387455,,0,Unregistered,,,,,0,1.0,0
PROP-5BAE29C2B600,,0,Unregistered,,,,,0,1.0,0
PROP-5DC1D7E71BC2,,0,Unregistered,,,,,0,1.0,0
PROP-D35F5E323882,,0,Unregistered,,,,,0,1.0,0
PROP-5733CFBDF24B,,0,Unregistered,,,,,0,1.0,0
PROP-B0A323A9EE34,,0,Unregistered,,,,,0,1.0,0
PROP-99ACB118B6F4,RERA-KAR-70310042,1,Ongoing,36.0,43.0,83.7,44.0,71,0.634,5
PROP-74F4502D2F3A,RERA-KAR-17349385,1,Ongoing,33.0,60.0,55.0,85.0,16,0.188,0
PROP-D29EFF8F9345,,0,Unregistered,,,,,0,1.0,0
PROP-15D5773E152E,,0,Unregistered,,,,,0,1.0,0
PROP-AA8AB6E3F9A0,,0,Unregistered,,,,,0,1.0,0
PROP-50D9DDE09E2C,,0,Unregistered,,,,,0,1.0,0
PROP-EB1C3288084E,,0,Unregistered,,,,,0,1.0,0
PROP-8DEBD069C656,,0,Unregistered,,,,,0,1.0,0
PROP-5520533EFB2F,,0,Unregistered,,,,,0,1.0,0
PROP-4BAE7EC1B22D,RERA-KAR-08546436,1,Ongoing,10.0,47.0,21.3,212.0,4,0.5,0
PROP-1E53DC439A52,,0,Unregistered,,,,,0,1.0,0
PROP-538189D7DEDF,RERA-KAR-31599643,1,Completed,33.0,28.0,100.0,39.0,10,0.4,0
PROP-74C78BE6679D,,0,Unregistered,,,,,0,1.0,0
PROP-4B05988E13DD,RERA-KAR-11692414,1,Ongoing,40.0,53.0,75.5,192.0,13,0.846,0
PROP-E18AE8DBF20E,,0,Unregistered,,,,,0,1.0,0
PROP-488FD6219E83,,0,Unregistered,,,,,0,1.0,0
PROP-1A415F7B3BCC,RERA-KAR-25948483,1,Ongoing,25.0,47.0,53.2,16.0,21,0.619,3
PROP-FB989EFF8A2A,,0,Unregistered,,,,,0,1.0,0
PROP-6EF70B099AF5,,0,Unregistered,,,,,0,1.0,0
PROP-78F2B5D11D4E,,0,Unregistered,,,,,0,1.0,0
PROP-DF7C726B28A7,,0,Unregistered,,,,,0,1.0,0
PROP-68A5B63E7CDB,,0,Unregistered,,,,,0,1.0,0
PROP-75232C97B74E,,0,Unregistered,,,,,0,1.0,0
PROP-BAD79AE16310,,0,Unregistered,,,,,0,1.0,0
PROP-8690C6DE22F9,,0,Unregistered,,,,,0,1.0,0
PROP-43FB870147E7,,0,Unregistered,,,,,0,1.0,0
PROP-9064E8DBEB03,,0,Unregistered,,,,,0,1.0,0
PROP-A7144DFEC773,,0,Unregistered,,,,,0,1.0,0
PROP-2015298C022A,,0,Unregistered,,,,,0,1.0,0
PROP-3E38DD1DCF08,,0,Unregistered,,,,,0,1.0,0
PROP-3FED19C4F3BE,,0,Unregistered,,,,,0,1.0,0
PROP-CF0439C39D26,RERA-KAR-05010822,1,Completed,60.0,47.0,100.0,38.0,19,0.737,2
PROP-53B59500B16F,,0,Unregistered,,,,,0,1.0,0
PROP-F2547132B8F4,,0,Unregistered,,,,,0,1.0,0
PROP-6D5669F39600,,0,Unregistered,,,,,0,1.0,0
PROP-F942AE5FFB9C,RERA-KAR-50101649,1,Ongoing,7.0,49.0,14.3,128.0,13,0.615,0
PROP-370D7AC1EDBF,RERA-KAR-20950191,1,Ongoing,33.0,46.0,71.7,204.0,14,0.857,1
PROP-8A24287D4589,,0,Unregistered,,,,,0,1.0,0
PROP-DB5B840B5CCF,,0,Unregistered,,,,,0,1.0,0
PROP-EAF92F8DDDD9,,0,Unregistered,,,,,0,1.0,0
PROP-594EFEA42978,,0,Unregistered,,,,,0,1.0,0
PROP-FFEEFF5EAB46,RERA-KAR-03301739,1,Ongoing,33.0,53.0,62.3,68.0,19,0.474,0
PROP-A1BA15A56A8B,,0,Unregistered,,,,,0,1.0,0
PROP-AAC348E1FD9B,,0,Unregistered,,,,,0,1.0,0
PROP-A2F79BB61510,,0,Unregistered,,,,,0,1.0,0
PROP-EC1C69A67D20,,0,Unregistered,,,,,0,1.0,0
PROP-5A56AA8A08FA,,0,Unregistered,,,,,0,1.0,0
PROP-CF6E08880751,,0,Unregistered,,,,,0,1.0,0
PROP-193E0E64EB42,,0,Unregistered,,,,,0,1.0,0
PROP-777EB36E045C,,0,Unregistered,,,,,0,1.0,0
PROP-F3B639439B82,,0,Unregistered,,,,,0,1.0,0
PROP-EC9B12D74B6B,,0,Unregistered,,,,,0,1.0,0
PROP-10D1B4E79715,,0,Unregistered,,,,,0,1.0,0
PROP-F7742274CFC8,,0,Unregistered,,,,,0,1.0,0
PROP-26FF5CF58D12,,0,Unregistered,,,,,0,1.0,0
PROP-E3137E71556A,,0,Unregistered,,,,,0,1.0,0
PROP-9282D64E9246,,0,Unregistered,,,,,0,1.0,0
PROP-B852DFF1488A,,0,Unregistered,,,,,0,1.0,0
PROP-FD71C5E89A02,,0,Unregistered,,,,,0,1.0,0
PROP-A5CBA68C576A,RERA-KAR-33056542,1,Ongoing,8.0,53.0,15.1,16.0,10,0.3,0
PROP-386EA96C9E9F,,0,Unregistered,,,,,0,1.0,0
PROP-182774BBF2E3,,0,Unregistered,,,,,0,1.0,0
PROP-102430E41ADF,,0,Unregistered,,,,,0,1.0,0
PROP-56553FC4E790,,0,Unregistered,,,,,0,1.0,0
PROP-D4303FB11F8F,,0,Unregistered,,,,,0,1.0,0
PROP-AE00F118FF88,,0,Unregistered,,,,,0,1.0,0
PROP-A2C076F14CB1,,0,Unregistered,,,,,0,1.0,0
PROP-E36A5586570B,,0,Unregistered,,,,,0,1.0,0
PROP-6905D3FA5400,RERA-KAR-10022155,1,Ongoing,43.0,44.0,97.7,291.0,19,0.737,2
PROP-ADCD7114DD3E,,0,Unregistered,,,,,0,1.0,0
PROP-7A46654D7F84,,0,Unregistered,,,,,0,1.0,0
PROP-6F2660E1E5ED,,0,Unregistered,,,,,0,1.0,0
PROP-5B5B7DC6A194,,0,Unregistered,,,,,0,1.0,0
PROP-18F7A2458638,,0,Unregistered,,,,,0,1.0,0
PROP-00F914711B82,RERA-KAR-95961845,1,Ongoing,27.0,31.0,87.1,71.0,8,0.5,0
PROP-6460CA73C442,,0,Unregistered,,,,,0,1.0,0
PROP-91E9434C285A,RERA-KAR-86505212,1,Ongoing,22.0,45.0,48.9,57.0,8,0.625,0
PROP-81A35C3ED7AE,,0,Unregistered,,,,,0,1.0,0
PROP-201A6DB77303,,0,Unregistered,,,,,0,1.0,0
PROP-5A55B38F8349,,0,Unregistered,,,,,0,1.0,0
PROP-907251C425CA,,0,Unregistered,,,,,0,1.0,0
PROP-CFE4B922DAAF,,0,Unregistered,,,,,0,1.0,0
PROP-3D3525F11893,,0,Unregistered,,,,,0,1.0,0
PROP-6E535C2D891F,,0,Unregistered,,,,,0,1.0,0
PROP-43C691997CD5,,0,Unregistered,,,,,0,1.0,0
PROP-F24A817B0BB3,RERA-KAR-45470960,1,Completed,38.0,37.0,100.0,67.0,27,0.741,1
PROP-4A18C298D825,,0,Unregistered,,,,,0,1.0,0
PROP-33BC4D1137B5,,0,Unregistered,,,,,0,1.0,0
PROP-87659B04CC59,,0,Unregistered,,,,,0,1.0,0
PROP-ADA6EA3E0B0E,RERA-KAR-15763307,1,Ongoing,37.0,52.0,71.2,76.0,10,0.9,0
PROP-84414600A189,,0,Unregistered,,,,,0,1.0,0
PROP-BDF4BCCD0BEE,,0,Unregistered,,,,,0,1.0,0
PROP-0F24070CF2D8,RERA-KAR-38581059,1,Completed,29.0,26.0,100.0,98.0,9,0.667,0
PROP-15C6CB9EFBC4,,0,Unregistered,,,,,0,1.0,0
PROP-DD7664BC160C,,0,Unregistered,,,,,0,1.0,0
PROP-2AFBE2785865,RERA-KAR-06678577,1,Ongoing,31.0,54.0,57.4,208.0,4,0.75,0
PROP-2F02A76D25BA,,0,Unregistered,,,,,0,1.0,0
PROP-84A565DDA699,,0,Unregistered,,,,,0,1.0,0
PROP-5B1D193B8BEF,,0,Unregistered,,,,,0,1.0,0
PROP-3990A80B7E88,,0,Unregistered,,,,,0,1.0,0
PROP-1325352143E7,RERA-KAR-39198820,1,Ongoing,6.0,24.0,25.0,81.0,17,0.118,0
PROP-5232983C0EA6,,0,Unregistered,,,,,0,1.0,0
PROP-F6766D1B8C97,,0,Unregistered,,,,,0,1.0,0
PROP-5C68A376A804,,0,Unregistered,,,,,0,1.0,0
PROP-DA8DA6DA099E,RERA-KAR-00828586,1,Completed,44.0,43.0,100.0,123.0,26,0.538,0
PROP-E3D40FE4E669,,0,Unregistered,,,,,0,1.0,0
PROP-352AFA866112,,0,Unregistered,,,,,0,1.0,0
PROP-4B451A88ECFF,,0,Unregistered,,,,,0,1.0,0
PROP-B87ABF60E715,,0,Unregistered,,,,,0,1.0,0
PROP-AD156EE899F4,,0,Unregistered,,,,,0,1.0,0
PROP-974325224E0B,,0,Unregistered,,,,,0,1.0,0
PROP-74731FF22A2E,,0,Unregistered,,,,,0,1.0,0
PROP-C4D0D206A303,,0,Unregistered,,,,,0,1.0,0
PROP-96577465F0DC,RERA-KAR-04220864,1,Ongoing,30.0,39.0,76.9,20.0,5,0.6,1
PROP-28ED7BF56A39,,0,Unregistered,,,,,0,1.0,0
PROP-97FF862E203A,,0,Unregistered,,,,,0,1.0,0
PROP-8BA09DE89F0C,,0,Unregistered,,,,,0,1.0,0
PROP-C280EFC6A29A,RERA-KAR-46331890,1,Ongoing,12.0,28.0,42.9,198.0,16,0.75,2
PROP-CAF7694EC367,RERA-KAR-59798251,1,Ongoing,29.0,44.0,65.9,126.0,17,0.529,0
PROP-C400BCD7680E,,0,Unregistered,,,,,0,1.0,0
PROP-9F688DC0F2F6,,0,Unregistered,,,,,0,1.0,0
PROP-DD827CF00BF7,,0,Unregistered,,,,,0,1.0,0
PROP-9812020C0B67,RERA-KAR-20119191,1,Ongoing,21.0,39.0,53.8,167.0,71,0.676,6
PROP-B88395FFC573,,0,Unregistered,,,,,0,1.0,0
PROP-5D861391E50B,RERA-KAR-52882133,1,Completed,63.0,39.0,100.0,40.0,27,0.778,0
PROP-09386789E29D,RERA-KAR-92355429,1,Ongoing,19.0,27.0,70.4,121.0,9,0.556,0
PROP-C0CD75FD2E08,,0,Unregistered,,,,,0,1.0,0
PROP-0B4A2A353F12,,0,Unregistered,,,,,0,1.0,0
PROP-B92C2336EB93,,0,Unregistered,,,,,0,1.0,0
PROP-DEC084B63D73,RERA-KAR-52689137,1,Completed,27.0,24.0,100.0,69.0,26,0.769,4
PROP-2B2D243FDB15,RERA-KAR-84833777,1,Ongoing,7.0,44.0,15.9,185.0,10,0.8,1
PROP-3BBBFCA0D39A,RERA-KAR-66140103,1,Ongoing,41.0,52.0,78.8,63.0,14,0.214,0
PROP-76C7370CE58E,,0,Unregistered,,,,,0,1.0,0
PROP-BF20F05F9192,,0,Unregistered,,,,,0,1.0,0
PROP-5935D11D0E71,,0,Unregistered,,,,,0,1.0,0
PROP-756DE4A8386D,RERA-KAR-84917542,1,Ongoing,24.0,26.0,92.3,163.0,15,0.733,3
PROP-BE616713FF94,,0,Unregistered,,,,,0,1.0,0
PROP-1A2CACBB894E,,0,Unregistered,,,,,0,1.0,0
PROP-6E4F46F4CADE,,0,Unregistered,,,,,0,1.0,0
PROP-24E9CE7CF1AB,,0,Unregistered,,,,,0,1.0,0
PROP-460994351B37,RERA-KAR-97562315,1,Ongoing,21.0,35.0,60.0,119.0,17,0.353,0
PROP-280EF543390C,,0,Unregistered,,,,,0,1.0,0
PROP-86DB97ED3620,,0,Unregistered,,,,,0,1.0,0
PROP-A88EF899E623,,0,Unregistered,,,,,0,1.0,0
PROP-F8870211EF88,,0,Unregistered,,,,,0,1.0,0
PROP-53D0CC774AD8,,0,Unregistered,,,,,0,1.0,0
PROP-2F3ADF00A234,,0,Unregistered,,,,,0,1.0,0
PROP-972A7EFC52C7,,0,Unregistered,,,,,0,1.0,0
PROP-386CC3E645FB,,0,Unregistered,,,,,0,1.0,0
PROP-3FBBF69F29D1,,0,Unregistered,,,,,0,1.0,0
PROP-5B927135242D,,0,Unregistered,,,,,0,1.0,0
PROP-73DBC563B5CD,,0,Unregistered,,,,,0,1.0,0
PROP-9E837B3F9DD0,,0,Unregistered,,,,,0,1.0,0
PROP-6BB76AAC1CFC,,0,Unregistered,,,,,0,1.0,0
PROP-43ADBF72FC14,,0,Unregistered,,,,,0,1.0,0
PROP-4D1E089DB966,,0,Unregistered,,,,,0,1.0,0
PROP-2EA0E2DBA39E,,0,Unregistered,,,,,0,1.0,0
PROP-7DB1A8426B9C,RERA-KAR-79104647,1,Ongoing,29.0,33.0,87.9,54.0,15,0.933,2
PROP-C95EFF5543AE,,0,Unregistered,,,,,0,1.0,0
PROP-9A56D438B143,,0,Unregistered,,,,,0,1.0,0
PROP-8BB6B9DA313A,,0,Unregistered,,,,,0,1.0,0
PROP-8690CD0E8CEB,,0,Unregistered,,,,,0,1.0,0
PROP-7AA8D05E0C2C,,0,Unregistered,,,,,0,1.0,0
PROP-0038EDBB36D2,,0,Unregistered,,,,,0,1.0,0
PROP-64FBDF730C8D,,0,Unregistered,,,,,0,1.0,0
PROP-0BC915E3D6EA,,0,Unregistered,,,,,0,1.0,0
PROP-A230480D240B,RERA-KAR-10861534,1,Ongoing,36.0,48.0,75.0,36.0,12,0.5,0
PROP-1A4D986F8144,,0,Unregistered,,,,,0,1.0,0
PROP-047616FD2187,,0,Unregistered,,,,,0,1.0,0
PROP-FF50308DDCCF,,0,Unregistered,,,,,0,1.0,0
PROP-B80A49D77B11,,0,Unregistered,,,,,0,1.0,0
PROP-7E2576135ECA,,0,Unregistered,,,,,0,1.0,0
PROP-BEDA27D6C498,RERA-KAR-49125648,1,Ongoing,30.0,45.0,66.7,86.0,16,0.875,0
PROP-31010E50F074,RERA-KAR-33126468,1,Completed,53.0,25.0,100.0,241.0,10,0.7,0
PROP-AB9E6AB0B9CF,RERA-KAR-45564456,1,Ongoing,18.0,38.0,47.4,200.0,4,0.5,0
PROP-52CD4081A7C4,,0,Unregistered,,,,,0,1.0,0
PROP-6EB64883962B,,0,Unregistered,,,,,0,1.0,0
PROP-7F4DD2E6FD69,,0,Unregistered,,,,,0,1.0,0
PROP-A7910C008A88,,0,Unregistered,,,,,0,1.0,0
PROP-C33C5E6DF5CC,,0,Unregistered,,,,,0,1.0,0
PROP-2747D138A311,,0,Unregistered,,,,,0,1.0,0
PROP-5383E11A86C7,,0,Unregistered,,,,,0,1.0,0
PROP-428539D296AF,RERA-KAR-63616037,1,Ongoing,35.0,56.0,62.5,89.0,8,0.375,0
PROP-EC190C515144,,0,Unregistered,,,,,0,1.0,0
PROP-9F6337D3A1E8,,0,Unregistered,,,,,0,1.0,0
PROP-A672225578D6,,0,Unregistered,,,,,0,1.0,0
PROP-CD5B9ED06BF2,RERA-KAR-80265384,1,Completed,62.0,48.0,100.0,149.0,6,0.667,0
PROP-7B6F7930318A,,0,Unregistered,,,,,0,1.0,0
PROP-A992170E42F8,,0,Unregistered,,,,,0,1.0,0
PROP-A08DF08F5A4C,RERA-KAR-10177093,1,Ongoing,19.0,26.0,73.1,71.0,7,0.714,0
PROP-3BD62F6DAD98,,0,Unregistered,,,,,0,1.0,0
PROP-B48414324034,,0,Unregistered,,,,,0,1.0,0
PROP-F9A280CB0DD2,,0,Unregistered,,,,,0,1.0,0
PROP-CC097E3CEBA8,,0,Unregistered,,,,,0,1.0,0
PROP-D077286584E6,,0,Unregistered,,,,,0,1.0,0
PROP-6112D1781924,RERA-KAR-27509663,1,Ongoing,9.0,54.0,16.7,193.0,13,0.769,1
PROP-F308D602217E,,0,Unregistered,,,,,0,1.0,0
PROP-42DC35D6525D,,0,Unregistered,,,,,0,1.0,0
PROP-2ED9A34FA044,,0,Unregistered,,,,,0,1.0,0
PROP-34DBD024A8F8,,0,Unregistered,,,,,0,1.0,0
PROP-06F20729360C,,0,Unregistered,,,,,0,1.0,0
PROP-B2A91561C83B,RERA-KAR-17712498,1,Ongoing,20.0,53.0,37.7,147.0,20,0.1,0
PROP-1538AE991581,,0,Unregistered,,,,,0,1.0,0
PROP-97AA51718D52,,0,Unregistered,,,,,0,1.0,0
PROP-2EE4B39C76F5,,0,Unregistered,,,,,0,1.0,0
PROP-07F79D860AC8,,0,Unregistered,,,,,0,1.0,0
PROP-880C6F34B0DF,,0,Unregistered,,,,,0,1.0,0
PROP-4223427364F3,,0,Unregistered,,,,,0,1.0,0
PROP-29480A70EEC8,,0,Unregistered,,,,,0,1.0,0
PROP-BE64F35F6F2F,,0,Unregistered,,,,,0,1.0,0
PROP-E590D740A56E,,0,Unregistered,,,,,0,1.0,0
PROP-F32B04A67FC8,,0,Unregistered,,,,,0,1.0,0
PROP-9FB42CBFFC3B,,0,Unregistered,,,,,0,1.0,0
PROP-6EC3FCE1C646,,0,Unregistered,,,,,0,1.0,0
PROP-1CC792339EFC,RERA-KAR-77347509,1,Ongoing,45.0,54.0,83.3,77.0,6,0.5,0
PROP-317EC3D1F996,,0,Unregistered,,,,,0,1.0,0
PROP-D61371830CE8,,0,Unregistered,,,,,0,1.0,0
PROP-70957463230C,,0,Unregistered,,,,,0,1.0,0
PROP-C69B87F734A0,RERA-KAR-92256705,1,Ongoing,19.0,45.0,42.2,181.0,18,0.556,0
PROP-AD966C293520,,0,Unregistered,,,,,0,1.0,0
PROP-7216FD8BA614,RERA-KAR-67077046,1,Ongoing,24.0,57.0,42.1,32.0,19,0.105,0
PROP-AA24CA655007,RERA-KAR-05010822,1,Completed,48.0,47.0,100.0,38.0,19,0.579,0
PROP-DC7C8FA06932,,0,Unregistered,,,,,0,1.0,0
PROP-168F003D26E2,,0,Unregistered,,,,,0,1.0,0
PROP-CAB419827C19,,0,Unregistered,,,,,0,1.0,0
PROP-CE671C8F2745,,0,Unregistered,,,,,0,1.0,0
PROP-BCBAF295B00C,RERA-KAR-07202218,1,Completed,40.0,25.0,100.0,49.0,14,0.929,3
PROP-1A6DD4E251E5,RERA-KAR-79501054,1,Ongoing,36.0,48.0,75.0,162.0,26,0.538,0
PROP-89D93F1C6E33,,0,Unregistered,,,,,0,1.0,0
PROP-1DAD0C6EF765,,0,Unregistered,,,,,0,1.0,0
PROP-E77EA7B10035,RERA-KAR-52885751,1,Completed,55.0,27.0,100.0,32.0,6,0.833,0
PROP-6F2ECE75D556,,0,Unregistered,,,,,0,1.0,0
PROP-44BEF81DB4A9,,0,Unregistered,,,,,0,1.0,0
PROP-0C86F60921AB,,0,Unregistered,,,,,0,1.0,0
PROP-1EADA684CAAA,,0,Unregistered,,,,,0,1.0,0
PROP-C4AEA973B2D5,,0,Unregistered,,,,,0,1.0,0
PROP-A1A0AD2FD01B,,0,Unregistered,,,,,0,1.0,0
PROP-EF77BC885362,,0,Unregistered,,,,,0,1.0,0
PROP-6B6B7816E643,,0,Unregistered,,,,,0,1.0,0
PROP-65AD313F3805,,0,Unregistered,,,,,0,1.0,0
PROP-3A511FF02179,RERA-KAR-97114486,1,Ongoing,20.0,44.0,45.5,108.0,7,0.714,0
PROP-8BAF2BEE0263,,0,Unregistered,,,,,0,1.0,0
PROP-6CB376B42E54,,0,Unregistered,,,,,0,1.0,0
PROP-140370EDF182,,0,Unregistered,,,,,0,1.0,0
PROP-426D2AAA7CEB,,0,Unregistered,,,,,0,1.0,0
PROP-0191E9B0FD19,RERA-KAR-55466543,1,Completed,33.0,32.0,100.0,190.0,13,0.692,0
PROP-40CD9AD9F0D9,,0,Unregistered,,,,,0,1.0,0
PROP-D21AB9FF38AE,,0,Unregistered,,,,,0,1.0,0
PROP-BD90C11DB865,RERA-KAR-44874661,1,Completed,35.0,26.0,100.0,10.0,13,0.923,2
PROP-B5554F1BD902,,0,Unregistered,,,,,0,1.0,0
PROP-84E101BF62B3,,0,Unregistered,,,,,0,1.0,0
PROP-9E773DE4BE09,,0,Unregistered,,,,,0,1.0,0
PROP-A973377AC66F,,0,Unregistered,,,,,0,1.0,0
PROP-542C4186E7F7,,0,Unregistered,,,,,0,1.0,0
PROP-F433A55E67A1,,0,Unregistered,,,,,0,1.0,0
PROP-DC8AA9597B11,,0,Unregistered,,,,,0,1.0,0
PROP-CDE294D1EBDA,RERA-KAR-75396679,1,Ongoing,17.0,29.0,58.6,61.0,16,0.812,2
PROP-59F7E56866C9,,0,Unregistered,,,,,0,1.0,0
PROP-E6D1A76723E7,,0,Unregistered,,,,,0,1.0,0
PROP-B143485A5DFA,,0,Unregistered,,,,,0,1.0,0
PROP-84221EEE5998,,0,Unregistered,,,,,0,1.0,0
PROP-23A5729B17A3,,0,Unregistered,,,,,0,1.0,0
PROP-219CD0EAF5FA,RERA-KAR-76223099,1,Ongoing,21.0,47.0,44.7,13.0,19,0.579,0
PROP-7F2DB77FA662,,0,Unregistered,,,,,0,1.0,0
PROP-B6F2AC50EC4B,RERA-KAR-05010822,1,Completed,69.0,47.0,100.0,38.0,19,0.789,2
PROP-527F88B6C143,,0,Unregistered,,,,,0,1.0,0
PROP-069190E5B763,,0,Unregistered,,,,,0,1.0,0
PROP-0F4222AC21A2,,0,Unregistered,,,,,0,1.0,0
PROP-CE29313C1CC2,RERA-KAR-34966848,1,Ongoing,26.0,36.0,72.2,48.0,12,0.583,0
PROP-1B62644E2513,,0,Unregistered,,,,,0,1.0,0
PROP-B68A85ED81D1,,0,Unregistered,,,,,0,1.0,0
PROP-CFFF3032E4E0,RERA-KAR-38233488,1,Ongoing,34.0,51.0,66.7,159.0,19,0.842,5
PROP-5587E60F1ACF,,0,Unregistered,,,,,0,1.0,0
PROP-B8FD5F36E41C,,0,Unregistered,,,,,0,1.0,0
PROP-389AD560221A,,0,Unregistered,,,,,0,1.0,0
PROP-B10686C004C9,,0,Unregistered,,,,,0,1.0,0
PROP-8A0AB7499D59,,0,Unregistered,,,,,0,1.0,0
PROP-B43E8124C9CC,,0,Unregistered,,,,,0,1.0,0
PROP-A266440291CA,,0,Unregistered,,,,,0,1.0,0
PROP-8D44E6E7836F,,0,Unregistered,,,,,0,1.0,0
PROP-94B7658F5231,,0,Unregistered,,,,,0,1.0,0
PROP-5612A6C02DB8,,0,Unregistered,,,,,0,1.0,0
PROP-8F803B421912,RERA-KAR-38778763,1,Ongoing,9.0,43.0,20.9,228.0,20,0.45,0
PROP-41DD8F087807,,0,Unregistered,,,,,0,1.0,0
PROP-DB309806F876,,0,Unregistered,,,,,0,1.0,0
PROP-9ABD2E06F22E,RERA-KAR-20119191,1,Ongoing,21.0,39.0,53.8,167.0,70,0.471,4
PROP-9D43E28ACE01,,0,Unregistered,,,,,0,1.0,0
PROP-9F1CB5B2C6C4,,0,Unregistered,,,,,0,1.0,0
PROP-2CB701DEE46D,,0,Unregistered,,,,,0,1.0,0
PROP-E28D599D5A25,,0,Unregistered,,,,,0,1.0,0
PROP-D62DA5612049,,0,Unregistered,,,,,0,1.0,0
PROP-D8D227ECC4D3,RERA-KAR-98752794,1,Ongoing,32.0,45.0,71.1,55.0,6,0.5,0
PROP-C13CAD221719,RERA-KAR-07512337,1,Ongoing,27.0,51.0,52.9,30.0,18,0.278,0
PROP-1FD7F59A7F99,RERA-KAR-43434073,1,Ongoing,35.0,44.0,79.5,32.0,4,0.25,0
PROP-454ADECEDD11,RERA-KAR-25721604,1,Ongoing,6.0,27.0,22.2,238.0,26,0.538,0
PROP-053BF0F6231F,,0,Unregistered,,,,,0,1.0,0
PROP-F6169483DC18,,0,Unregistered,,,,,0,1.0,0
PROP-61116E36D88E,RERA-KAR-57058191,1,Ongoing,33.0,51.0,64.7,129.0,11,0.545,0
PROP-5F159D609565,,0,Unregistered,,,,,0,1.0,0
PROP-43232A2796DD,,0,Unregistered,,,,,0,1.0,0
PROP-DD30D103F266,,0,Unregistered,,,,,0,1.0,0
PROP-B566AB1B28D7,RERA-KAR-86896636,1,Completed,26.0,26.0,100.0,225.0,9,0.444,0
PROP-CFCCA804B092,,0,Unregistered,,,,,0,1.0,0
PROP-AA0CC1E67A59,,0,Unregistered,,,,,0,1.0,0
PROP-6FCD48EFF415,,0,Unregistered,,,,,0,1.0,0
PROP-77DF8D622DBA,,0,Unregistered,,,,,0,1.0,0
PROP-66441F6436B0,RERA-KAR-06060157,1,Completed,86.0,39.0,100.0,161.0,17,0.941,5
PROP-34877C767717,,0,Unregistered,,,,,0,1.0,0
PROP-87AF0222A566,RERA-KAR-19749994,1,Ongoing,28.0,59.0,47.5,100.0,19,0.579,2
PROP-81451D2EC9FC,,0,Unregistered,,,,,0,1.0,0
PROP-426304652951,,0,Unregistered,,,,,0,1.0,0
PROP-42085D0FD131,,0,Unregistered,,,,,0,1.0,0
PROP-C43A5DD549D6,,0,Unregistered,,,,,0,1.0,0
PROP-3E0A7FFC8F44,,0,Unregistered,,,,,0,1.0,0
PROP-D545824FCE12,RERA-KAR-77249232,1,Ongoing,25.0,47.0,53.2,57.0,18,0.167,0
PROP-49F8427BA530,RERA-KAR-54161670,1,Ongoing,8.0,54.0,14.8,15.0,6,0.667,0
PROP-AD0763871A2B,,0,Unregistered,,,,,0,1.0,0
PROP-78D9F3BC28E1,,0,Unregistered,,,,,0,1.0,0
PROP-3924AB89A8F8,,0,Unregistered,,,,,0,1.0,0
PROP-32EBC66B781B,,0,Unregistered,,,,,0,1.0,0
PROP-81B31D507B6B,,0,Unregistered,,,,,0,1.0,0
PROP-069ED981CF7B,,0,Unregistered,,,,,0,1.0,0
PROP-2840CE13C4CA,,0,Unregistered,,,,,0,1.0,0
PROP-898243F14116,,0,Unregistered,,,,,0,1.0,0
PROP-59425D6B90B5,,0,Unregistered,,,,,0,1.0,0
PROP-32A4C065F055,,0,Unregistered,,,,,0,1.0,0
PROP-C4EF9DF1AFEE,,0,Unregistered,,,,,0,1.0,0
PROP-B7FEAC547CA7,RERA-KAR-04616341,1,Completed,49.0,37.0,100.0,58.0,22,0.773,1
PROP-0481F45A3284,,0,Unregistered,,,,,0,1.0,0
PROP-F58AC1074B9B,RERA-KAR-65566625,1,Ongoing,39.0,60.0,65.0,125.0,5,0.4,0
PROP-2E315B85AA19,RERA-KAR-74194950,1,Ongoing,36.0,40.0,90.0,37.0,8,0.875,3
PROP-7EB8B1FF2E3F,,0,Unregistered,,,,,0,1.0,0
PROP-2838E40C6EE5,,0,Unregistered,,,,,0,1.0,0
PROP-5CFE43A40A59,,0,Unregistered,,,,,0,1.0,0
PROP-5011E8DFAA04,,0,Unregistered,,,,,0,1.0,0
PROP-32B1B4C9B69C,,0,Unregistered,,,,,0,1.0,0
PROP-FC2008100E33,,0,Unregistered,,,,,0,1.0,0
PROP-8C3CEA495C26,,0,Unregistered,,,,,0,1.0,0
PROP-677A0F1DBB5D,,0,Unregistered,,,,,0,1.0,0
PROP-19243DBED78A,,0,Unregistered,,,,,0,1.0,0
PROP-0E1ED18B2F72,,0,Unregistered,,,,,0,1.0,0
PROP-EEBA1F0EB3CE,,0,Unregistered,,,,,0,1.0,0
PROP-677A46584977,,0,Unregistered,,,,,0,1.0,0
PROP-76A544A9FE2A,RERA-KAR-28907584,1,Ongoing,30.0,51.0,58.8,50.0,7,0.571,0
PROP-4282396C3F81,,0,Unregistered,,,,,0,1.0,0
PROP-13350942A2F6,,0,Unregistered,,,,,0,1.0,0
PROP-008625DA3424,,0,Unregistered,,,,,0,1.0,0
PROP-CAF5F1DC0EE0,RERA-KAR-73410528,1,Ongoing,26.0,46.0,56.5,212.0,15,0.533,0
PROP-EB43842CD396,,0,Unregistered,,,,,0,1.0,0
PROP-06E01DE1DAB4,,0,Unregistered,,,,,0,1.0,0
PROP-F5D6F171D085,,0,Unregistered,,,,,0,1.0,0
PROP-C1C229391045,,0,Unregistered,,,,,0,1.0,0
PROP-8990F49A2BB5,,0,Unregistered,,,,,0,1.0,0
PROP-376FE777C681,,0,Unregistered,,,,,0,1.0,0
PROP-4E119C9A393B,,0,Unregistered,,,,,0,1.0,0
PROP-EDC70323BFBE,,0,Unregistered,,,,,0,1.0,0
PROP-5AF46D1968DD,,0,Unregistered,,,,,0,1.0,0
PROP-199217E76EA5,,0,Unregistered,,,,,0,1.0,0
PROP-8B5C0BABB32E,,0,Unregistered,,,,,0,1.0,0
PROP-DFEE17F469EB,,0,Unregistered,,,,,0,1.0,0
PROP-17AD810F2E44,RERA-KAR-05010822,1,Completed,72.0,47.0,100.0,38.0,19,0.842,2
PROP-63FDA6BCBB19,RERA-KAR-62717168,1,Ongoing,15.0,49.0,30.6,191.0,12,0.25,0
PROP-317DAA9555F8,RERA-KAR-07198740,1,Ongoing,48.0,51.0,94.1,177.0,16,0.625,2
PROP-2F2AA7ADB5EC,RERA-KAR-73410528,1,Completed,53.0,46.0,100.0,212.0,16,0.875,3
PROP-3CEE656CF538,,0,Unregistered,,,,,0,1.0,0
PROP-2A25157860A3,,0,Unregistered,,,,,0,1.0,0
PROP-30F29209C14E,,0,Unregistered,,,,,0,1.0,0
PROP-E7FEC0F9F14E,RERA-KAR-03351548,1,Ongoing,18.0,46.0,39.1,84.0,15,0.333,0
PROP-B9D66A7E9013,RERA-KAR-19646180,1,Ongoing,6.0,34.0,17.6,15.0,12,0.583,0
PROP-0E2DBE7372A4,,0,Unregistered,,,,,0,1.0,0
PROP-DA1C2531C1EE,RERA-KAR-03351548,1,Completed,51.0,46.0,100.0,84.0,23,0.609,1
PROP-02759B0F7FA6,,0,Unregistered,,,,,0,1.0,0
PROP-BB6E2289799E,,0,Unregistered,,,,,0,1.0,0
PROP-A874F692FDB3,,0,Unregistered,,,,,0,1.0,0
PROP-E40CCBBEBFF9,RERA-KAR-19395779,1,Ongoing,32.0,53.0,60.4,108.0,5,0.2,0
PROP-8F65E5996E86,,0,Unregistered,,,,,0,1.0,0
PROP-492625BAD932,RERA-KAR-01073914,1,Ongoing,11.0,32.0,34.4,75.0,7,0.714,1
PROP-360CCBB3F462,,0,Unregistered,,,,,0,1.0,0
PROP-2C989CD001DD,,0,Unregistered,,,,,0,1.0,0
PROP-BDA369CBAE67,,0,Unregistered,,,,,0,1.0,0
PROP-FD60D060D0F2,,0,Unregistered,,,,,0,1.0,0
PROP-1D5CF6DD2C38,,0,Unregistered,,,,,0,1.0,0
PROP-F08DE70114CF,,0,Unregistered,,,,,0,1.0,0
PROP-8FBCA026953D,,0,Unregistered,,,,,0,1.0,0
PROP-458DEF5FE251,,0,Unregistered,,,,,0,1.0,0
PROP-542BE0C4E8C7,,0,Unregistered,,,,,0,1.0,0
PROP-B04B4B568E69,,0,Unregistered,,,,,0,1.0,0
PROP-75D8FA66D4D5,,0,Unregistered,,,,,0,1.0,0
PROP-C9366A78D70D,,0,Unregistered,,,,,0,1.0,0
PROP-86A466C1422A,RERA-KAR-52882133,1,Ongoing,27.0,39.0,69.2,40.0,23,0.348,0
PROP-578B44709F4B,,0,Unregistered,,,,,0,1.0,0
PROP-8226A3C4BDFB,,0,Unregistered,,,,,0,1.0,0
PROP-7289071CC362,RERA-KAR-17072343,1,Completed,33.0,32.0,100.0,57.0,13,0.385,0
PROP-046DBBA740E7,,0,Unregistered,,,,,0,1.0,0
PROP-632C124B793F,,0,Unregistered,,,,,0,1.0,0
PROP-23D1C46A6E09,,0,Unregistered,,,,,0,1.0,0
PROP-396FAF52697A,,0,Unregistered,,,,,0,1.0,0
PROP-75035B6EE2A1,,0,Unregistered,,,,,0,1.0,0
PROP-F49FC2BE563A,,0,Unregistered,,,,,0,1.0,0
PROP-F5465006329D,,0,Unregistered,,,,,0,1.0,0
PROP-4D7964E143EF,,0,Unregistered,,,,,0,1.0,0
PROP-D9CFC5E00426,,0,Unregistered,,,,,0,1.0,0
PROP-AE3618DD1EF7,,0,Unregistered,,,,,0,1.0,0
PROP-37FA4D358BA0,,0,Unregistered,,,,,0,1.0,0
PROP-E4E5D9AD326C,,0,Unregistered,,,,,0,1.0,0
PROP-B6BB616D8810,,0,Unregistered,,,,,0,1.0,0
PROP-BB7E6C12AC01,,0,Unregistered,,,,,0,1.0,0
PROP-C787D641A765,,0,Unregistered,,,,,0,1.0,0
PROP-859A90C0E48E,,0,Unregistered,,,,,0,1.0,0
PROP-34A9F12E7619,,0,Unregistered,,,,,0,1.0,0
PROP-8186D4F7C797,,0,Unregistered,,,,,0,1.0,0
PROP-D0C6BDB466CA,RERA-KAR-87908963,1,Completed,37.0,32.0,100.0,82.0,12,1.0,2
PROP-741C96EF583F,RERA-KAR-10677473,1,Ongoing,23.0,47.0,48.9,27.0,5,0.2,0
PROP-F0CD7D7B91C7,,0,Unregistered,,,,,0,1.0,0
PROP-CFB66B79AB8A,,0,Unregistered,,,,,0,1.0,0
PROP-F0C9F50450AB,RERA-KAR-80137496,1,Ongoing,26.0,34.0,76.5,55.0,23,0.261,0
PROP-4C77F19FF4FE,RERA-KAR-45315827,1,Ongoing,17.0,58.0,29.3,121.0,34,0.5,0
PROP-96323E18006D,RERA-KAR-79433669,1,Ongoing,23.0,52.0,44.2,105.0,15,0.467,0
PROP-62B3C025A799,,0,Unregistered,,,,,0,1.0,0
PROP-97CD4339F338,RERA-KAR-50074595,1,Ongoing,41.0,53.0,77.4,42.0,7,0.286,0
PROP-02B5BBAB40F3,,0,Unregistered,,,,,0,1.0,0
PROP-311EA53670F4,,0,Unregistered,,,,,0,1.0,0
PROP-663084170394,,0,Unregistered,,,,,0,1.0,0
PROP-17CEA411974C,,0,Unregistered,,,,,0,1.0,0
PROP-D27FE8ED9C9F,,0,Unregistered,,,,,0,1.0,0
PROP-221699B617C6,,0,Unregistered,,,,,0,1.0,0
PROP-BE577A29B7DC,,0,Unregistered,,,,,0,1.0,0
PROP-4A541EAB5E3B,RERA-KAR-73504952,1,Ongoing,26.0,30.0,86.7,51.0,14,0.571,0
PROP-8598FF5B0D9F,,0,Unregistered,,,,,0,1.0,0
PROP-819403449005,,0,Unregistered,,,,,0,1.0,0
PROP-BA61B976B4F6,,0,Unregistered,,,,,0,1.0,0
PROP-1028B4EEB58E,RERA-KAR-80298832,1,Completed,30.0,25.0,100.0,65.0,17,0.588,0
PROP-ACA4D9272625,,0,Unregistered,,,,,0,1.0,0
PROP-07142F281307,,0,Unregistered,,,,,0,1.0,0
PROP-2CE536CC8739,RERA-KAR-44162145,1,Ongoing,19.0,25.0,76.0,82.0,7,0.429,0
PROP-64BCC534DEE6,,0,Unregistered,,,,,0,1.0,0
PROP-A7E58EBC8111,,0,Unregistered,,,,,0,1.0,0
PROP-8DFCFB61B985,RERA-KAR-37898509,1,Ongoing,51.0,52.0,98.1,49.0,12,0.667,0
PROP-5AA6F43284B1,,0,Unregistered,,,,,0,1.0,0
PROP-A15F6E3F3EE0,,0,Unregistered,,,,,0,1.0,0
PROP-38EAFC18E2E0,,0,Unregistered,,,,,0,1.0,0
PROP-FC5B51563F62,,0,Unregistered,,,,,0,1.0,0
PROP-4F52AFBE4481,,0,Unregistered,,,,,0,1.0,0
PROP-C31D335D562B,,0,Unregistered,,,,,0,1.0,0
PROP-DAE8D3047038,,0,Unregistered,,,,,0,1.0,0
PROP-F51837D84A18,RERA-KAR-99813392,1,Ongoing,6.0,57.0,10.5,170.0,22,0.864,3
PROP-174011838F9E,,0,Unregistered,,,,,0,1.0,0
PROP-A3B108569EF6,,0,Unregistered,,,,,0,1.0,0
PROP-62D1921BA313,,0,Unregistered,,,,,0,1.0,0
PROP-FD808EDF26D6,,0,Unregistered,,,,,0,1.0,0
PROP-1F155BCE877B,,0,Unregistered,,,,,0,1.0,0
PROP-38C44B534F9E,,0,Unregistered,,,,,0,1.0,0
PROP-AF4D2F125A68,,0,Unregistered,,,,,0,1.0,0
PROP-B88345C39282,,0,Unregistered,,,,,0,1.0,0
PROP-11F6896D35AA,,0,Unregistered,,,,,0,1.0,0
PROP-8770EB708E27,,0,Unregistered,,,,,0,1.0,0
PROP-F74E2E3DDDF5,RERA-KAR-99489509,1,Completed,39.0,31.0,100.0,113.0,11,1.0,2
PROP-B3E432D1FDB4,,0,Unregistered,,,,,0,1.0,0
PROP-4D448921E6A6,,0,Unregistered,,,,,0,1.0,0
PROP-541C3B96AD8A,,0,Unregistered,,,,,0,1.0,0
PROP-B628391A23DC,,0,Unregistered,,,,,0,1.0,0
PROP-BFBB36B68811,,0,Unregistered,,,,,0,1.0,0
PROP-D5FDCA073DCC,,0,Unregistered,,,,,0,1.0,0
PROP-CBE4BDD50E49,,0,Unregistered,,,,,0,1.0,0
PROP-79A803258FC1,,0,Unregistered,,,,,0,1.0,0
PROP-6AFD1A14CAC8,,0,Unregistered,,,,,0,1.0,0
PROP-EDF3E9E9EEA6,RERA-KAR-34572041,1,Ongoing,7.0,40.0,17.5,110.0,13,0.692,0
PROP-68AA96CE2AAB,RERA-KAR-37898509,1,Ongoing,39.0,52.0,75.0,49.0,11,0.727,0
PROP-B553DF515F0A,,0,Unregistered,,,,,0,1.0,0
PROP-A25299A351DA,,0,Unregistered,,,,,0,1.0,0
PROP-A4D421E11265,,0,Unregistered,,,,,0,1.0,0
PROP-9900E0547800,,0,Unregistered,,,,,0,1.0,0
PROP-6200C9A9ECAA,,0,Unregistered,,,,,0,1.0,0
PROP-96358EF80DE7,,0,Unregistered,,,,,0,1.0,0
PROP-A745F5E64EA9,,0,Unregistered,,,,,0,1.0,0
PROP-A5561AA6A795,,0,Unregistered,,,,,0,1.0,0
PROP-92F43CDD0D1D,,0,Unregistered,,,,,0,1.0,0
PROP-6EC83144CC45,,0,Unregistered,,,,,0,1.0,0
PROP-C7F8063207C1,RERA-KAR-85570307,1,Ongoing,41.0,52.0,78.8,103.0,9,0.556,0
PROP-50D58314C956,,0,Unregistered,,,,,0,1.0,0
PROP-F514ED5202EC,,0,Unregistered,,,,,0,1.0,0
PROP-A926F1E12C10,,0,Unregistered,,,,,0,1.0,0
PROP-2298E6E78A4A,,0,Unregistered,,,,,0,1.0,0
PROP-E3F1CABBFEC8,,0,Unregistered,,,,,0,1.0,0
PROP-EF50F94507A9,,0,Unregistered,,,,,0,1.0,0
PROP-69E42AFDB07F,,0,Unregistered,,,,,0,1.0,0
PROP-8A786F10EA58,RERA-KAR-59163500,1,Ongoing,38.0,42.0,90.5,48.0,21,0.667,3
PROP-5D93958C156B,RERA-KAR-93619690,1,Ongoing,16.0,44.0,36.4,291.0,10,0.4,0
PROP-494FAC879D5B,,0,Unregistered,,,,,0,1.0,0
PROP-EF590A9EA9DB,,0,Unregistered,,,,,0,1.0,0
PROP-6198AC7EC0DF,RERA-KAR-71052427,1,Ongoing,41.0,59.0,69.5,33.0,15,0.933,4
PROP-5137A3304A8D,,0,Unregistered,,,,,0,1.0,0
PROP-034D7A0B20C3,,0,Unregistered,,,,,0,1.0,0
PROP-05CE80B8C1AA,,0,Unregistered,,,,,0,1.0,0
PROP-AD67C3A9A291,RERA-KAR-04561577,1,Ongoing,15.0,46.0,32.6,141.0,16,0.438,0
PROP-0E17C65A21D4,RERA-KAR-04561577,1,Ongoing,15.0,46.0,32.6,141.0,17,0.471,0
PROP-E7031A20A926,,0,Unregistered,,,,,0,1.0,0
PROP-3246C3FC5C55,RERA-KAR-43026543,1,Ongoing,9.0,34.0,26.5,41.0,9,0.333,0
PROP-50AAA88D9120,,0,Unregistered,,,,,0,1.0,0
PROP-8B6269F4BD28,RERA-KAR-70510487,1,Ongoing,9.0,47.0,19.1,64.0,9,0.667,0
PROP-1546EEBB457A,,0,Unregistered,,,,,0,1.0,0
PROP-25D885A113E6,,0,Unregistered,,,,,0,1.0,0
PROP-849A281CFF54,,0,Unregistered,,,,,0,1.0,0
PROP-190395B99E9D,,0,Unregistered,,,,,0,1.0,0
PROP-2DB34F9A522C,,0,Unregistered,,,,,0,1.0,0
PROP-1383C31E32FC,,0,Unregistered,,,,,0,1.0,0
PROP-479CDA774E4C,,0,Unregistered,,,,,0,1.0,0
PROP-528575F62F88,,0,Unregistered,,,,,0,1.0,0
PROP-9AD002FE4B18,RERA-KAR-79095608,1,Ongoing,14.0,29.0,48.3,140.0,20,0.6,0
PROP-B2BD17D40BBC,RERA-KAR-71452231,1,Ongoing,41.0,53.0,77.4,104.0,12,0.583,0
PROP-77329B5BA900,,0,Unregistered,,,,,0,1.0,0
PROP-9FE0F32F9537,,0,Unregistered,,,,,0,1.0,0
PROP-A2B75A8354E3,RERA-KAR-69223740,1,Ongoing,30.0,49.0,61.2,17.0,19,0.684,2
PROP-D20C0401F105,,0,Unregistered,,,,,0,1.0,0
PROP-3255D6EDE50A,,0,Unregistered,,,,,0,1.0,0
PROP-47F9EAE7F7BA,,0,Unregistered,,,,,0,1.0,0
PROP-E85CE5C8A614,,0,Unregistered,,,,,0,1.0,0
PROP-E4EFEBFC49E1,,0,Unregistered,,,,,0,1.0,0
PROP-88402CD84987,,0,Unregistered,,,,,0,1.0,0
PROP-3297C9B633C4,,0,Unregistered,,,,,0,1.0,0
PROP-72279B967FA7,,0,Unregistered,,,,,0,1.0,0
PROP-B394821D8C67,,0,Unregistered,,,,,0,1.0,0
PROP-AACC25CFD687,RERA-KAR-87364964,1,Ongoing,34.0,37.0,91.9,18.0,9,0.444,0
PROP-5BA76159644E,RERA-KAR-12844618,1,Ongoing,36.0,50.0,72.0,19.0,11,0.818,0
PROP-25FAB7A392D5,,0,Unregistered,,,,,0,1.0,0
PROP-F945A4CA718D,,0,Unregistered,,,,,0,1.0,0
PROP-98EF4F84F1CD,RERA-KAR-76117560,1,Ongoing,26.0,51.0,51.0,72.0,5,0.6,0
PROP-E05D72378253,,0,Unregistered,,,,,0,1.0,0
PROP-1C45CF8E8EFE,,0,Unregistered,,,,,0,1.0,0
PROP-C4B6AAE54184,,0,Unregistered,,,,,0,1.0,0
PROP-6B00C7777701,RERA-KAR-23669452,1,Ongoing,10.0,24.0,41.7,21.0,15,0.8,0
PROP-9B98EB9561E1,RERA-KAR-20023230,1,Ongoing,32.0,54.0,59.3,54.0,9,0.444,0
PROP-5C8299FC38FE,,0,Unregistered,,,,,0,1.0,0
PROP-D714263105B9,,0,Unregistered,,,,,0,1.0,0
PROP-3560C9E73D99,,0,Unregistered,,,,,0,1.0,0
PROP-8CC13F552260,,0,Unregistered,,,,,0,1.0,0
PROP-6E826236E8DA,,0,Unregistered,,,,,0,1.0,0
PROP-80A2584D86AF,,0,Unregistered,,,,,0,1.0,0
PROP-261009938B73,,0,Unregistered,,,,,0,1.0,0
PROP-6FF2889DDF2E,,0,Unregistered,,,,,0,1.0,0
PROP-38073AED3070,RERA-KAR-68244799,1,Completed,33.0,26.0,100.0,106.0,13,0.462,0
PROP-AA04003561ED,,0,Unregistered,,,,,0,1.0,0
PROP-8E729CE866D2,,0,Unregistered,,,,,0,1.0,0
PROP-A86CA12B8FE7,RERA-KAR-30641287,1,Ongoing,9.0,35.0,25.7,43.0,12,0.25,0
PROP-35A62E77D2F7,,0,Unregistered,,,,,0,1.0,0
PROP-4ACFC8053CB6,,0,Unregistered,,,,,0,1.0,0
PROP-2785A6B52241,,0,Unregistered,,,,,0,1.0,0
PROP-F09FDFD24D6A,,0,Unregistered,,,,,0,1.0,0
PROP-A643398A5BF2,,0,Unregistered,,,,,0,1.0,0
PROP-48C5CFCE8705,,0,Unregistered,,,,,0,1.0,0
PROP-FEF5852F288E,,0,Unregistered,,,,,0,1.0,0
PROP-9CC7436E82B6,,0,Unregistered,,,,,0,1.0,0
PROP-4291897BA1A2,RERA-KAR-55997000,1,Ongoing,26.0,58.0,44.8,154.0,14,0.714,1
PROP-744F1A906390,RERA-KAR-26333140,1,Ongoing,14.0,45.0,31.1,157.0,14,0.357,0
PROP-0D1D8D68BC20,RERA-KAR-69909594,1,Ongoing,20.0,26.0,76.9,79.0,35,0.886,2
PROP-BF4B025F4EA1,,0,Unregistered,,,,,0,1.0,0
PROP-FE34C1E01122,,0,Unregistered,,,,,0,1.0,0
PROP-0917290A9905,,0,Unregistered,,,,,0,1.0,0
PROP-B2FB5B77084B,,0,Unregistered,,,,,0,1.0,0
PROP-5D24D6B45D56,RERA-KAR-51308866,1,Ongoing,38.0,44.0,86.4,51.0,12,0.583,0
PROP-B49B13AE575B,,0,Unregistered,,,,,0,1.0,0
PROP-FF83AC48ED5C,,0,Unregistered,,,,,0,1.0,0
PROP-13856C4CE5B4,RERA-KAR-03218770,1,Ongoing,28.0,29.0,96.6,146.0,11,0.455,0
PROP-3CBFD4283E7D,RERA-KAR-26220080,1,Ongoing,10.0,52.0,19.2,87.0,9,0.889,3
PROP-AF5D64FB7B10,,0,Unregistered,,,,,0,1.0,0
PROP-5820EFA5552E,,0,Unregistered,,,,,0,1.0,0
PROP-43E2AB6143AF,,0,Unregistered,,,,,0,1.0,0
PROP-383465045FA8,,0,Unregistered,,,,,0,1.0,0
PROP-C337EF56DCBC,,0,Unregistered,,,,,0,1.0,0
PROP-E86B3C0D5034,,0,Unregistered,,,,,0,1.0,0
PROP-E4F13B70ECB6,,0,Unregistered,,,,,0,1.0,0
PROP-9928ECD72DCE,,0,Unregistered,,,,,0,1.0,0
PROP-6F3EE65A4300,,0,Unregistered,,,,,0,1.0,0
PROP-500C4E5EAE1F,,0,Unregistered,,,,,0,1.0,0
PROP-0AFFAFDFB914,RERA-KAR-02657381,1,Ongoing,23.0,53.0,43.4,81.0,9,0.222,0
PROP-1910389B0492,,0,Unregistered,,,,,0,1.0,0
PROP-436A7F43FB2F,RERA-KAR-02864385,1,Ongoing,39.0,44.0,88.6,124.0,9,0.778,1
PROP-1882F56DC76C,,0,Unregistered,,,,,0,1.0,0
PROP-5BBFF6FC8AD7,,0,Unregistered,,,,,0,1.0,0
PROP-F5A5E7E3DC4B,,0,Unregistered,,,,,0,1.0,0
PROP-9B0452D3DE3D,,0,Unregistered,,,,,0,1.0,0
PROP-4DF94B02E4F3,,0,Unregistered,,,,,0,1.0,0
PROP-C04ACA197A93,,0,Unregistered,,,,,0,1.0,0
PROP-A133CD3ED372,,0,Unregistered,,,,,0,1.0,0
PROP-6C2B039E313E,,0,Unregistered,,,,,0,1.0,0
PROP-CDA0D9C57C23,,0,Unregistered,,,,,0,1.0,0
PROP-E154E3205E2A,,0,Unregistered,,,,,0,1.0,0
PROP-7FE66CBB7598,,0,Unregistered,,,,,0,1.0,0
PROP-E798164E84DB,RERA-KAR-12013145,1,Ongoing,39.0,52.0,75.0,62.0,13,0.231,0
PROP-31571DD790B5,,0,Unregistered,,,,,0,1.0,0
PROP-4BE0F3494E62,,0,Unregistered,,,,,0,1.0,0
PROP-81BF26B84C75,,0,Unregistered,,,,,0,1.0,0
PROP-33C8470B9C6A,RERA-KAR-19612758,1,Ongoing,30.0,43.0,69.8,158.0,20,0.4,0
PROP-FCECC360EFF1,,0,Unregistered,,,,,0,1.0,0
PROP-D272310E6ED1,RERA-KAR-89321585,1,Ongoing,15.0,45.0,33.3,40.0,10,0.9,2
PROP-2C5523484217,,0,Unregistered,,,,,0,1.0,0
PROP-2C022F058F8F,RERA-KAR-44906378,1,Ongoing,24.0,33.0,72.7,58.0,9,0.667,0
PROP-CDCD6724B6CB,,0,Unregistered,,,,,0,1.0,0
PROP-1B225361FAFC,,0,Unregistered,,,,,0,1.0,0
PROP-83B90592C204,,0,Unregistered,,,,,0,1.0,0
PROP-9F79E14B98AF,,0,Unregistered,,,,,0,1.0,0
PROP-109E0D72A5AE,RERA-KAR-72474780,1,Completed,34.0,30.0,100.0,278.0,14,0.643,0
PROP-C4778F47672A,RERA-KAR-74222106,1,Ongoing,12.0,38.0,31.6,271.0,17,0.765,0
PROP-1C5A27B26AB5,,0,Unregistered,,,,,0,1.0,0
PROP-1AF0D410E576,,0,Unregistered,,,,,0,1.0,0
PROP-F75CDD01A1AA,,0,Unregistered,,,,,0,1.0,0
PROP-17CA3E53E305,RERA-KAR-02404698,1,Ongoing,24.0,50.0,48.0,52.0,15,0.467,0
PROP-7F7924D91B2A,RERA-KAR-92718991,1,Ongoing,37.0,44.0,84.1,120.0,19,0.632,3
PROP-5C5AFBD86242,,0,Unregistered,,,,,0,1.0,0
PROP-1B7C7F7BB4F0,,0,Unregistered,,,,,0,1.0,0
PROP-398D30C11F47,,0,Unregistered,,,,,0,1.0,0
PROP-C2036F9AF9B0,,0,Unregistered,,,,,0,1.0,0
PROP-E9FF8D1DE7C1,,0,Unregistered,,,,,0,1.0,0
PROP-3C87B168FAFF,,0,Unregistered,,,,,0,1.0,0
PROP-F7FA9F287617,,0,Unregistered,,,,,0,1.0,0
PROP-A6AB8397456D,,0,Unregistered,,,,,0,1.0,0
PROP-65D3AC0A919D,,0,Unregistered,,,,,0,1.0,0
PROP-B847A3A44DE7,,0,Unregistered,,,,,0,1.0,0
PROP-D62E1A033A1D,,0,Unregistered,,,,,0,1.0,0
PROP-B5F87E6F1C72,RERA-KAR-64219840,1,Ongoing,10.0,40.0,25.0,110.0,13,0.462,0
PROP-36628C10D007,,0,Unregistered,,,,,0,1.0,0
PROP-0B5033FAD1F8,RERA-KAR-74635613,1,Completed,39.0,34.0,100.0,32.0,12,0.583,0
PROP-86508AB54F25,,0,Unregistered,,,,,0,1.0,0
PROP-22AB263B99F0,,0,Unregistered,,,,,0,1.0,0
PROP-A7EC45B2B1D0,,0,Unregistered,,,,,0,1.0,0
PROP-C855599ABCA3,RERA-KAR-20421670,1,Ongoing,17.0,55.0,30.9,55.0,16,0.312,0
PROP-FF3363401EE2,RERA-KAR-00063082,1,Completed,65.0,57.0,100.0,131.0,7,0.857,1
PROP-36927D4639BB,RERA-KAR-00063082,1,Ongoing,50.0,57.0,87.7,131.0,7,0.429,0
PROP-501FBF38126A,,0,Unregistered,,,,,0,1.0,0
PROP-D1A3920B32AC,,0,Unregistered,,,,,0,1.0,0
PROP-C899AF137BF6,,0,Unregistered,,,,,0,1.0,0
PROP-6D569185C082,,0,Unregistered,,,,,0,1.0,0
PROP-AE9F2482CDCF,,0,Unregistered,,,,,0,1.0,0
PROP-C17CC032C274,,0,Unregistered,,,,,0,1.0,0
PROP-D802EBB438F8,,0,Unregistered,,,,,0,1.0,0
PROP-9356696B099A,,0,Unregistered,,,,,0,1.0,0
PROP-BFE1DCB57FE7,,0,Unregistered,,,,,0,1.0,0
PROP-9A0C24AE1BA3,,0,Unregistered,,,,,0,1.0,0
PROP-EC759795DDE2,RERA-KAR-49477027,1,Ongoing,17.0,58.0,29.3,192.0,21,0.714,2
PROP-1A14BB6BEB72,RERA-KAR-97447668,1,Ongoing,18.0,26.0,69.2,200.0,7,0.714,0
PROP-2E3F5E44C37E,,0,Unregistered,,,,,0,1.0,0
PROP-CA46EF464BEE,,0,Unregistered,,,,,0,1.0,0
PROP-695FFFC8F620,RERA-KAR-89280283,1,Ongoing,33.0,43.0,76.7,112.0,12,0.75,0
PROP-94502A9B88D6,RERA-KAR-81942622,1,Completed,40.0,25.0,100.0,58.0,26,0.577,0
PROP-E8B7A38B21A8,,0,Unregistered,,,,,0,1.0,0
PROP-FFC250B6318B,,0,Unregistered,,,,,0,1.0,0
PROP-D0B6BC7DEEBD,RERA-KAR-03636783,1,Ongoing,21.0,45.0,46.7,85.0,9,0.556,0
PROP-90FB2529C61D,,0,Unregistered,,,,,0,1.0,0
PROP-F3B05B74B0FD,,0,Unregistered,,,,,0,1.0,0
PROP-A26F263B787C,RERA-KAR-66600526,1,Ongoing,32.0,46.0,69.6,143.0,13,0.538,0
PROP-CFB9AE36EF50,RERA-KAR-95252946,1,Ongoing,40.0,55.0,72.7,50.0,17,0.765,3
PROP-12B9FEAB62C9,RERA-KAR-83879392,1,Ongoing,18.0,50.0,36.0,65.0,3,0.333,0
PROP-5668F0EABFE5,,0,Unregistered,,,,,0,1.0,0
PROP-298C042448D0,,0,Unregistered,,,,,0,1.0,0
PROP-44463DE76407,,0,Unregistered,,,,,0,1.0,0
PROP-6327C73AD39E,RERA-KAR-40900283,1,Ongoing,39.0,45.0,86.7,253.0,7,0.571,0
PROP-8896C70EE6B6,,0,Unregistered,,,,,0,1.0,0
PROP-F5782092C861,,0,Unregistered,,,,,0,1.0,0
PROP-524C9DCEB439,RERA-KAR-76428416,1,Ongoing,22.0,52.0,42.3,121.0,13,0.923,2
PROP-51C862209656,,0,Unregistered,,,,,0,1.0,0
PROP-2457E0A2323B,,0,Unregistered,,,,,0,1.0,0
PROP-A0B1099BB414,,0,Unregistered,,,,,0,1.0,0
PROP-DB90FB7423D8,RERA-KAR-96109981,1,Ongoing,7.0,43.0,16.3,11.0,10,0.9,1
PROP-D58A8E4DD67F,RERA-KAR-78629966,1,Ongoing,16.0,41.0,39.0,16.0,8,0.625,1
PROP-D74F6CAF6589,,0,Unregistered,,,,,0,1.0,0
PROP-92069E9F5BD8,,0,Unregistered,,,,,0,1.0,0
PROP-C3DB6800AAE3,,0,Unregistered,,,,,0,1.0,0
PROP-2B5262BF098D,RERA-KAR-73232127,1,Ongoing,21.0,28.0,75.0,73.0,17,0.529,0
PROP-ABC63D073804,,0,Unregistered,,,,,0,1.0,0
PROP-40C08E07FCFB,,0,Unregistered,,,,,0,1.0,0
PROP-7795861A2C71,,0,Unregistered,,,,,0,1.0,0
PROP-668F5318DE39,,0,Unregistered,,,,,0,1.0,0
PROP-6234FCED6F2E,RERA-KAR-58484325,1,Ongoing,19.0,41.0,46.3,127.0,4,0.25,0
PROP-41896C040BC6,,0,Unregistered,,,,,0,1.0,0
PROP-724B3B5F2A4C,RERA-KAR-25103039,1,Completed,29.0,27.0,100.0,151.0,6,0.833,0
PROP-23D383215367,,0,Unregistered,,,,,0,1.0,0
PROP-1706414A2C2D,,0,Unregistered,,,,,0,1.0,0
PROP-BF57C2BAF0C7,RERA-KAR-58001453,1,Ongoing,23.0,31.0,74.2,123.0,5,0.4,0
PROP-6570F57CDF30,,0,Unregistered,,,,,0,1.0,0
PROP-855B2608AFA2,,0,Unregistered,,,,,0,1.0,0
PROP-40F2B3066401,,0,Unregistered,,,,,0,1.0,0
PROP-01EFD0A5E5CC,,0,Unregistered,,,,,0,1.0,0
PROP-9E16F988E753,,0,Unregistered,,,,,0,1.0,0
PROP-EDBBA52C94B2,,0,Unregistered,,,,,0,1.0,0
PROP-1D16DAD57337,,0,Unregistered,,,,,0,1.0,0
PROP-946D0D8C1D6E,RERA-KAR-34526496,1,Completed,34.0,24.0,100.0,49.0,15,0.6,0
PROP-F3482FB5E361,RERA-KAR-95207751,1,Ongoing,9.0,45.0,20.0,53.0,27,0.741,1
PROP-71619B55A783,,0,Unregistered,,,,,0,1.0,0
PROP-F188FC4066BA,,0,Unregistered,,,,,0,1.0,0
PROP-B179D788D0EB,,0,Unregistered,,,,,0,1.0,0
PROP-3CB2DACE4698,,0,Unregistered,,,,,0,1.0,0
PROP-5025E3576295,RERA-KAR-40533325,1,Ongoing,23.0,59.0,39.0,37.0,4,0.5,0
PROP-42FCC04645B4,,0,Unregistered,,,,,0,1.0,0
PROP-280698F9A0CC,,0,Unregistered,,,,,0,1.0,0
PROP-576ED713159D,,0,Unregistered,,,,,0,1.0,0
PROP-28B32E4A68E1,RERA-KAR-68472249,1,Ongoing,15.0,33.0,45.5,32.0,9,0.333,0
PROP-9DC269111975,RERA-KAR-89047333,1,Ongoing,27.0,47.0,57.4,42.0,22,0.273,0
PROP-407A85BA0A62,,0,Unregistered,,,,,0,1.0,0
PROP-63962C10AAE2,RERA-KAR-37882932,1,Completed,50.0,26.0,100.0,93.0,27,0.519,0
PROP-503E47F851EE,,0,Unregistered,,,,,0,1.0,0
PROP-7483DA559F93,,0,Unregistered,,,,,0,1.0,0
PROP-2816D44FEB72,RERA-KAR-25127207,1,Ongoing,33.0,57.0,57.9,20.0,7,0.286,0
PROP-C09FBBDBD0D0,RERA-KAR-44372297,1,Ongoing,15.0,39.0,38.5,55.0,10,0.6,0
PROP-A5E59E30BEE4,,0,Unregistered,,,,,0,1.0,0
PROP-26B91F90301C,,0,Unregistered,,,,,0,1.0,0
PROP-968CA2C3D630,,0,Unregistered,,,,,0,1.0,0
PROP-FAB432D71476,,0,Unregistered,,,,,0,1.0,0
PROP-0C49B2268FE5,,0,Unregistered,,,,,0,1.0,0
PROP-62C455191707,,0,Unregistered,,,,,0,1.0,0
PROP-2A7024014AE1,,0,Unregistered,,,,,0,1.0,0
PROP-79342A715AF9,RERA-KAR-61113518,1,Ongoing,12.0,50.0,24.0,235.0,6,0.5,0
PROP-D2BE10C0D3EC,RERA-KAR-84386448,1,Ongoing,38.0,44.0,86.4,145.0,13,0.538,0
PROP-5C6AD1D6B392,RERA-KAR-50680710,1,Completed,40.0,33.0,100.0,76.0,6,0.833,0
PROP-BF6737D3E369,,0,Unregistered,,,,,0,1.0,0
PROP-860C13A7B292,,0,Unregistered,,,,,0,1.0,0
PROP-E47EB842485D,,0,Unregistered,,,,,0,1.0,0
PROP-F17DE4A459F7,,0,Unregistered,,,,,0,1.0,0
PROP-327A215971A1,,0,Unregistered,,,,,0,1.0,0
PROP-64E30F7BF08B,RERA-KAR-76117560,1,Completed,65.0,51.0,100.0,72.0,7,0.714,0
PROP-AA7B0CC323C7,RERA-KAR-45233633,1,Ongoing,23.0,27.0,85.2,77.0,42,0.143,0
PROP-3226B113EE60,,0,Unregistered,,,,,0,1.0,0
PROP-885EC1E50789,RERA-KAR-73504952,1,Completed,53.0,30.0,100.0,51.0,14,0.929,1
PROP-923179EFA3FA,,0,Unregistered,,,,,0,1.0,0
PROP-A0A4C6D15B69,RERA-KAR-24720481,1,Ongoing,15.0,29.0,51.7,208.0,27,0.63,0
PROP-48239E9554E9,RERA-KAR-10071392,1,Ongoing,18.0,26.0,69.2,117.0,11,0.636,0
PROP-2275D32103F7,,0,Unregistered,,,,,0,1.0,0
PROP-ECA6A5CAE50E,RERA-KAR-82863816,1,Ongoing,6.0,36.0,16.7,61.0,7,0.286,0
PROP-D18EFFAB8E47,,0,Unregistered,,,,,0,1.0,0
PROP-1052873B086D,RERA-KAR-66029413,1,Ongoing,23.0,57.0,40.4,11.0,27,0.444,0
PROP-E03ABBE6E4B2,RERA-KAR-78177477,1,Ongoing,19.0,37.0,51.4,49.0,15,0.533,0
PROP-DDDF35ED284C,RERA-KAR-82863816,1,Ongoing,30.0,36.0,83.3,61.0,8,0.625,0
PROP-D145557DD901,RERA-KAR-65074884,1,Ongoing,38.0,48.0,79.2,45.0,11,0.545,1
PROP-617F72D4ECAD,RERA-KAR-20406338,1,Ongoing,28.0,57.0,49.1,181.0,13,0.615,3
PROP-04BA9A07FA9B,RERA-KAR-37065102,1,Ongoing,12.0,53.0,22.6,46.0,9,0.222,0
PROP-9F41424DB965,RERA-KAR-10753932,1,Ongoing,10.0,47.0,21.3,69.0,32,0.5,0
PROP-3C3EF71E2F5D,RERA-KAR-27533152,1,Ongoing,18.0,52.0,34.6,69.0,26,0.538,0
PROP-9D74DFA1B1DA,RERA-KAR-79461855,1,Ongoing,21.0,36.0,58.3,41.0,4,0.5,0
PROP-BE1D27B60190,,0,Unregistered,,,,,0,1.0,0
PROP-D2FEABDC2F40,RERA-KAR-76348835,1,Ongoing,17.0,32.0,53.1,131.0,15,0.533,0
PROP-A0F3511BC46F,RERA-KAR-48718403,1,Completed,41.0,32.0,100.0,143.0,6,0.667,0
PROP-C220C20B5024,RERA-KAR-39591095,1,Ongoing,29.0,40.0,72.5,28.0,7,0.714,0
PROP-BC60C305F504,RERA-KAR-66488651,1,Ongoing,25.0,29.0,86.2,45.0,13,0.692,0
PROP-237239F4B635,,0,Unregistered,,,,,0,1.0,0
PROP-7AF330C90784,,0,Unregistered,,,,,0,1.0,0
PROP-50509048024E,,0,Unregistered,,,,,0,1.0,0
PROP-076F69BAFC49,RERA-KAR-90819500,1,Ongoing,26.0,57.0,45.6,122.0,4,0.75,0
PROP-F03C994A4997,RERA-KAR-37360869,1,Ongoing,11.0,24.0,45.8,139.0,14,0.429,0
PROP-60FB726C3D49,RERA-KAR-71125054,1,Ongoing,36.0,45.0,80.0,101.0,27,0.333,0
PROP-8D66B4533306,,0,Unregistered,,,,,0,1.0,0
PROP-F3C9D73A6084,RERA-KAR-40017312,1,Ongoing,26.0,41.0,63.4,38.0,59,0.22,0
PROP-3ED0980040CD,RERA-KAR-10600241,1,Ongoing,15.0,51.0,29.4,111.0,27,0.63,0
PROP-CBD2E9F9DA57,RERA-KAR-41992149,1,Completed,64.0,33.0,100.0,41.0,16,0.75,0
PROP-384D426B6CDF,RERA-KAR-77280254,1,Ongoing,36.0,45.0,80.0,172.0,19,0.526,0
PROP-4636FB1CCEB1,,0,Unregistered,,,,,0,1.0,0
PROP-5D4692562610,RERA-KAR-75189247,1,Ongoing,41.0,56.0,73.2,31.0,15,0.667,0
PROP-F63AD71DC992,RERA-KAR-10699962,1,Ongoing,28.0,46.0,60.9,52.0,12,0.667,0
PROP-7B666AE8CE34,RERA-KAR-54942305,1,Ongoing,7.0,36.0,19.4,279.0,19,0.526,0
PROP-2CA492C72962,RERA-KAR-35500273,1,Completed,75.0,25.0,100.0,34.0,8,1.0,1
PROP-FD821F92CE1D,RERA-KAR-14527865,1,Ongoing,27.0,56.0,48.2,163.0,9,0.778,1
PROP-872993F18DD7,RERA-KAR-62717168,1,Ongoing,9.0,49.0,18.4,191.0,10,0.3,0
PROP-0AE62F100962,,0,Unregistered,,,,,0,1.0,0
PROP-BD6861075C2E,RERA-KAR-81725903,1,Ongoing,9.0,59.0,15.3,50.0,5,0.2,0
PROP-5DC9CF618BC0,RERA-KAR-29130000,1,Ongoing,26.0,30.0,86.7,42.0,20,0.1,0
PROP-5D81A54B19E4,RERA-KAR-45984539,1,Ongoing,29.0,41.0,70.7,113.0,5,0.6,0
PROP-BB26A943FCFF,RERA-KAR-10022155,1,Ongoing,13.0,44.0,29.5,291.0,18,0.389,0
PROP-92B9BCB92FD1,,0,Unregistered,,,,,0,1.0,0
PROP-BAFA09222680,,0,Unregistered,,,,,0,1.0,0
PROP-D575957A299B,,0,Unregistered,,,,,0,1.0,0
PROP-795F2B417990,,0,Unregistered,,,,,0,1.0,0
PROP-FC61A3F9B3FE,,0,Unregistered,,,,,0,1.0,0
PROP-829D51DDD9AE,,0,Unregistered,,,,,0,1.0,0
PROP-3745FC8C2AA5,RERA-KAR-65886389,1,Completed,31.0,30.0,100.0,92.0,7,0.429,0
PROP-2D99415F5BD2,RERA-KAR-32859103,1,Ongoing,21.0,40.0,52.5,74.0,20,0.4,0
PROP-70216B417590,,0,Unregistered,,,,,0,1.0,0
PROP-E17C44745397,RERA-KAR-55786114,1,Ongoing,36.0,47.0,76.6,103.0,16,0.562,0
PROP-3C6B5D8E665A,,0,Unregistered,,,,,0,1.0,0
PROP-52C82292BA6D,,0,Unregistered,,,,,0,1.0,0
PROP-BCBDED325AE7,,0,Unregistered,,,,,0,1.0,0
PROP-50F8EEDE8E36,,0,Unregistered,,,,,0,1.0,0
PROP-91B6C9EC4DF6,RERA-KAR-60421482,1,Ongoing,28.0,40.0,70.0,34.0,14,0.429,0
PROP-585EBE40BDA9,RERA-KAR-96555916,1,Ongoing,6.0,50.0,12.0,92.0,11,0.636,1
PROP-AA1DD105AF68,,0,Unregistered,,,,,0,1.0,0
PROP-ACE042C2B2C8,,0,Unregistered,,,,,0,1.0,0
PROP-11443D156335,,0,Unregistered,,,,,0,1.0,0
PROP-4D1653AB930C,RERA-KAR-88816210,1,Ongoing,40.0,50.0,80.0,44.0,5,0.4,0
PROP-505A99553DB2,RERA-KAR-82139655,1,Ongoing,41.0,54.0,75.9,95.0,17,0.353,0
PROP-B3D66271F189,RERA-KAR-72805309,1,Completed,51.0,41.0,100.0,126.0,20,0.4,0
PROP-BAE993C96E14,RERA-KAR-45192492,1,Ongoing,10.0,38.0,26.3,138.0,4,0.75,0
PROP-AA87264EFA5F,,0,Unregistered,,,,,0,1.0,0
PROP-4470E8247205,RERA-KAR-72805309,1,Completed,51.0,41.0,100.0,126.0,20,0.4,0
PROP-E90EAF10FFDA,,0,Unregistered,,,,,0,1.0,0
PROP-F7A91A41F5F1,,0,Unregistered,,,,,0,1.0,0
PROP-8CFBB8B78C84,,0,Unregistered,,,,,0,1.0,0
PROP-06E22B7E2FE4,RERA-KAR-63852380,1,Ongoing,22.0,47.0,46.8,139.0,7,0.857,1
PROP-23D153C63A78,,0,Unregistered,,,,,0,1.0,0
PROP-A71E15110D21,RERA-KAR-25884936,1,Ongoing,26.0,44.0,59.1,43.0,13,0.692,0
PROP-4005C1F3DE73,,0,Unregistered,,,,,0,1.0,0
PROP-63CEB1524FCC,RERA-KAR-35469669,1,Ongoing,38.0,43.0,88.4,39.0,10,0.6,0
PROP-CDEC2C504020,,0,Unregistered,,,,,0,1.0,0
PROP-6BD93C4AFF0E,,0,Unregistered,,,,,0,1.0,0
PROP-08DC4E344AAB,,0,Unregistered,,,,,0,1.0,0
PROP-E0330B711376,RERA-KAR-60751838,1,Ongoing,36.0,50.0,72.0,91.0,71,0.592,5
PROP-63DE3419523F,,0,Unregistered,,,,,0,1.0,0
PROP-1C443FE93BFF,RERA-KAR-57504617,1,Ongoing,19.0,43.0,44.2,114.0,13,0.385,0
PROP-E841445690F7,RERA-KAR-40531014,1,Ongoing,24.0,48.0,50.0,142.0,10,0.7,0
PROP-7797F62C3C8F,,0,Unregistered,,,,,0,1.0,0
PROP-D8C2C31E4DEE,RERA-KAR-60751838,1,Completed,54.0,50.0,100.0,91.0,59,0.22,0
PROP-D188B7920CA9,,0,Unregistered,,,,,0,1.0,0
PROP-31F04B77DBEF,RERA-KAR-78103746,1,Ongoing,16.0,35.0,45.7,111.0,16,0.562,0
PROP-465E71B8F129,,0,Unregistered,,,,,0,1.0,0
PROP-879B046D6BDB,,0,Unregistered,,,,,0,1.0,0
PROP-A0EA08225DFF,,0,Unregistered,,,,,0,1.0,0
PROP-EF1D581601E1,,0,Unregistered,,,,,0,1.0,0
PROP-06076BEB6DD3,RERA-KAR-30414473,1,Ongoing,19.0,26.0,73.1,193.0,6,0.5,0
PROP-2ABD8AB23A00,RERA-KAR-86015509,1,Ongoing,7.0,42.0,16.7,68.0,13,0.462,0
PROP-398D47FDFDBD,RERA-KAR-00063082,1,Ongoing,35.0,57.0,61.4,131.0,6,0.333,0
PROP-02AA863FECCF,RERA-KAR-97378577,1,Completed,35.0,29.0,100.0,47.0,5,1.0,1
PROP-C17CCC6D8E5F,RERA-KAR-62056074,1,Ongoing,24.0,52.0,46.2,209.0,21,0.714,2
PROP-6D082C457A30,RERA-KAR-62056074,1,Ongoing,27.0,52.0,51.9,209.0,21,0.81,3
PROP-2BE8B454F117,,0,Unregistered,,,,,0,1.0,0
PROP-6C2A322CC5C3,RERA-KAR-64259688,1,Ongoing,30.0,52.0,57.7,60.0,9,0.667,1
PROP-7307DB4462A5,RERA-KAR-89170850,1,Ongoing,28.0,36.0,77.8,119.0,12,0.833,2
PROP-8175B23BB6C5,,0,Unregistered,,,,,0,1.0,0
PROP-17EDF1A6EF45,,0,Unregistered,,,,,0,1.0,0
PROP-F846570C0EB0,RERA-KAR-28576423,1,Ongoing,39.0,55.0,70.9,197.0,11,0.636,1
PROP-6F4D7A30D39F,RERA-KAR-73410528,1,Ongoing,35.0,46.0,76.1,212.0,16,0.5,0
PROP-BF1DBCF07F2B,RERA-KAR-73232127,1,Ongoing,27.0,28.0,96.4,73.0,17,0.529,0
PROP-538AC79A4DA1,RERA-KAR-55165795,1,Completed,37.0,37.0,100.0,82.0,24,0.333,0
PROP-1F2DB800A526,RERA-KAR-02522198,1,Ongoing,8.0,41.0,19.5,27.0,8,0.75,0
PROP-214A5735A717,,0,Unregistered,,,,,0,1.0,0
PROP-9BC94253216A,RERA-KAR-29698877,1,Ongoing,23.0,37.0,62.2,145.0,22,0.273,0
PROP-E389FDDBF12C,RERA-KAR-19395779,1,Ongoing,47.0,53.0,88.7,108.0,5,0.6,1
PROP-B483966D62DA,RERA-KAR-49086380,1,Ongoing,18.0,36.0,50.0,149.0,7,0.571,0
PROP-80C3F2A9BEBF,,0,Unregistered,,,,,0,1.0,0
PROP-CD77A0E36207,,0,Unregistered,,,,,0,1.0,0
PROP-D493AF2C705E,RERA-KAR-40270041,1,Ongoing,11.0,57.0,19.3,92.0,12,0.5,0
PROP-57F0708D759E,,0,Unregistered,,,,,0,1.0,0
PROP-F5F3C0648ECD,,0,Unregistered,,,,,0,1.0,0
PROP-53EA1E073943,RERA-KAR-54792649,1,Completed,39.0,37.0,100.0,98.0,9,1.0,2
PROP-72C92A30B4CD,,0,Unregistered,,,,,0,1.0,0
PROP-AAACB73BA1A1,,0,Unregistered,,,,,0,1.0,0
PROP-33F4AC06EA44,,0,Unregistered,,,,,0,1.0,0
PROP-A4962675C658,,0,Unregistered,,,,,0,1.0,0
PROP-77B70737CCEE,,0,Unregistered,,,,,0,1.0,0
PROP-FD0FD9E8ADEA,RERA-KAR-45556482,1,Completed,61.0,39.0,100.0,29.0,24,0.542,0
PROP-5709B713C4AE,,0,Unregistered,,,,,0,1.0,0
PROP-DCD80137386C,,0,Unregistered,,,,,0,1.0,0
PROP-F7536B1F23E1,RERA-KAR-07473999,1,Ongoing,29.0,57.0,50.9,49.0,26,0.615,0
PROP-B8421FE6772E,,0,Unregistered,,,,,0,1.0,0
PROP-C45641AA789B,RERA-KAR-38172896,1,Ongoing,18.0,32.0,56.2,25.0,7,0.429,0
PROP-9F1C62C0B21A,RERA-KAR-80574660,1,Completed,36.0,34.0,100.0,52.0,9,0.889,1
PROP-5F3153BD5853,,0,Unregistered,,,,,0,1.0,0
PROP-C7B354DAE7D3,,0,Unregistered,,,,,0,1.0,0
PROP-C4659361083A,RERA-KAR-47766512,1,Completed,34.0,31.0,100.0,166.0,13,0.923,4
PROP-75912FA63043,RERA-KAR-36518057,1,Ongoing,27.0,55.0,49.1,12.0,12,0.333,0
PROP-58CFD920F3C4,RERA-KAR-58987658,1,Completed,36.0,24.0,100.0,112.0,10,0.8,0
PROP-7220408E9361,,0,Unregistered,,,,,0,1.0,0
PROP-C5B6591960BE,,0,Unregistered,,,,,0,1.0,0
PROP-638B664BD17D,,0,Unregistered,,,,,0,1.0,0
PROP-67D2312018CF,RERA-KAR-05275854,1,Ongoing,40.0,41.0,97.6,42.0,15,0.333,0
PROP-D28DA693B336,RERA-KAR-50042463,1,Ongoing,25.0,57.0,43.9,19.0,8,0.5,0
PROP-5D72D298B695,,0,Unregistered,,,,,0,1.0,0
PROP-A85525D6133D,RERA-KAR-69533106,1,Ongoing,16.0,24.0,66.7,51.0,12,0.583,0
PROP-4A86F269A0E3,,0,Unregistered,,,,,0,1.0,0
PROP-01AD7F83AFFB,,0,Unregistered,,,,,0,1.0,0
PROP-843638BA1FCD,,0,Unregistered,,,,,0,1.0,0
PROP-6F46D1C72810,,0,Unregistered,,,,,0,1.0,0
PROP-0A3A4948FB7A,RERA-KAR-81211483,1,Ongoing,9.0,48.0,18.8,177.0,31,0.516,0
PROP-B4244CEC07A1,RERA-KAR-90921285,1,Ongoing,19.0,54.0,35.2,111.0,15,0.667,0
PROP-98F2AC69F016,RERA-KAR-52882133,1,Ongoing,15.0,39.0,38.5,40.0,21,0.333,0
PROP-1C92193D699B,RERA-KAR-59805484,1,Ongoing,18.0,31.0,58.1,74.0,17,0.706,3
PROP-2CEADC40C816,,0,Unregistered,,,,,0,1.0,0
PROP-51CD6F42C917,,0,Unregistered,,,,,0,1.0,0
PROP-B358AA3DD844,,0,Unregistered,,,,,0,1.0,0
PROP-0E9DA33E3DF4,,0,Unregistered,,,,,0,1.0,0
PROP-25BA1D886C3A,RERA-KAR-45984869,1,Ongoing,19.0,49.0,38.8,20.0,8,0.625,0
PROP-82FCFD32A3CF,RERA-KAR-46194332,1,Ongoing,26.0,41.0,63.4,64.0,15,0.333,0
PROP-79E1275CDD26,,0,Unregistered,,,,,0,1.0,0
PROP-D9D5A4C9C076,,0,Unregistered,,,,,0,1.0,0
PROP-5514AFF20F84,,0,Unregistered,,,,,0,1.0,0
PROP-C9ECF17B949C,,0,Unregistered,,,,,0,1.0,0
PROP-77F0B7A6F763,,0,Unregistered,,,,,0,1.0,0
PROP-E7C2E49BFCA9,RERA-KAR-10640629,1,Ongoing,11.0,39.0,28.2,35.0,14,0.929,2
PROP-BE658B48D25F,,0,Unregistered,,,,,0,1.0,0
PROP-0530BE24490C,,0,Unregistered,,,,,0,1.0,0
PROP-6B995F9BA84B,RERA-KAR-63411639,1,Ongoing,29.0,45.0,64.4,104.0,47,0.149,0
PROP-FA69DE21B708,,0,Unregistered,,,,,0,1.0,0
PROP-6F3E16BB04C8,,0,Unregistered,,,,,0,1.0,0
PROP-D635C17FCB73,,0,Unregistered,,,,,0,1.0,0
PROP-5972DB140E70,RERA-KAR-05554368,1,Ongoing,34.0,57.0,59.6,27.0,11,0.545,0
PROP-BA4B74C65640,RERA-KAR-53295603,1,Ongoing,41.0,48.0,85.4,56.0,32,0.5,0
PROP-9A3F36CCFAEE,RERA-KAR-54949844,1,Ongoing,26.0,59.0,44.1,88.0,11,0.455,0
PROP-9EB49BACBA68,RERA-KAR-45556482,1,Completed,40.0,39.0,100.0,29.0,17,0.353,0
PROP-4E0E957A1F9B,RERA-KAR-62154354,1,Ongoing,8.0,25.0,32.0,88.0,10,0.5,0
PROP-B6D0D4410215,,0,Unregistered,,,,,0,1.0,0
PROP-6E062BD129DF,,0,Unregistered,,,,,0,1.0,0
PROP-E423291FED8E,RERA-KAR-62678503,1,Ongoing,9.0,24.0,37.5,91.0,12,0.5,0
PROP-99E40CE8658A,,0,Unregistered,,,,,0,1.0,0
PROP-AEACB3BC83DF,RERA-KAR-29462642,1,Ongoing,40.0,48.0,83.3,96.0,9,0.778,0
PROP-3F1DEB5F1127,,0,Unregistered,,,,,0,1.0,0
PROP-92CAED17B68C,RERA-KAR-36361554,1,Ongoing,8.0,32.0,25.0,148.0,9,0.667,0
PROP-069B08308E58,RERA-KAR-51469049,1,Ongoing,11.0,50.0,22.0,17.0,16,0.375,0
PROP-5815C2243250,RERA-KAR-35500273,1,Completed,39.0,25.0,100.0,34.0,8,0.75,0
PROP-1FC5DB53B2F6,RERA-KAR-12322132,1,Ongoing,38.0,42.0,90.5,25.0,18,0.5,2
PROP-1F98AB95F69A,,0,Unregistered,,,,,0,1.0,0
PROP-F04C6219040D,RERA-KAR-99294056,1,Completed,61.0,47.0,100.0,48.0,17,0.471,0
PROP-3110F589BA2D,RERA-KAR-99294056,1,Ongoing,34.0,47.0,72.3,48.0,12,0.417,0
PROP-F20F61B28770,RERA-KAR-09438529,1,Completed,47.0,36.0,100.0,16.0,18,0.944,0
PROP-A3473590907D,,0,Unregistered,,,,,0,1.0,0
PROP-56BD47573E92,,0,Unregistered,,,,,0,1.0,0
PROP-51F5EABB2F61,,0,Unregistered,,,,,0,1.0,0
PROP-80747E7CD65D,RERA-KAR-58072638,1,Ongoing,20.0,29.0,69.0,54.0,27,0.63,0
PROP-17A782AFB533,,0,Unregistered,,,,,0,1.0,0
PROP-89ABBD394EC5,,0,Unregistered,,,,,0,1.0,0
PROP-B9B2AAC7A639,RERA-KAR-30894450,1,Completed,40.0,29.0,100.0,103.0,19,0.737,3
PROP-6F83A6D3852B,,0,Unregistered,,,,,0,1.0,0
PROP-1B05BDBB085B,RERA-KAR-49477027,1,Ongoing,17.0,58.0,29.3,192.0,21,0.714,2
PROP-1B522F7E5485,RERA-KAR-04616341,1,Completed,49.0,37.0,100.0,58.0,22,0.773,1
PROP-74376609C775,RERA-KAR-56050853,1,Ongoing,19.0,41.0,46.3,28.0,14,0.571,0
PROP-B9945CF42A39,,0,Unregistered,,,,,0,1.0,0
PROP-80CF2D62D63E,,0,Unregistered,,,,,0,1.0,0
PROP-34E9B4D262A5,RERA-KAR-28576423,1,Ongoing,33.0,55.0,60.0,197.0,11,0.636,1
PROP-1A191E863B26,,0,Unregistered,,,,,0,1.0,0
PROP-B183A6ECA433,,0,Unregistered,,,,,0,1.0,0
PROP-BF421BA4E522,RERA-KAR-90246943,1,Completed,58.0,56.0,100.0,77.0,27,0.667,1
PROP-29BBEE08AD6A,,0,Unregistered,,,,,0,1.0,0
PROP-4936D3D76392,RERA-KAR-57175285,1,Completed,31.0,27.0,100.0,121.0,14,0.571,0
PROP-2958A28B1BF2,RERA-KAR-69164215,1,Ongoing,33.0,56.0,58.9,168.0,11,0.636,0
PROP-FA206BD13CF8,,0,Unregistered,,,,,0,1.0,0
PROP-AB7855922473,RERA-KAR-06398161,1,Completed,60.0,28.0,100.0,95.0,4,0.5,1
PROP-F7BD9D22747D,,0,Unregistered,,,,,0,1.0,0
PROP-77F1D54F3A83,,0,Unregistered,,,,,0,1.0,0
PROP-F1ED358B82A9,,0,Unregistered,,,,,0,1.0,0
PROP-0251A5574962,RERA-KAR-94526547,1,Ongoing,41.0,49.0,83.7,42.0,9,0.778,0
PROP-01FEF977AF2F,,0,Unregistered,,,,,0,1.0,0
PROP-B7F81F0112BF,,0,Unregistered,,,,,0,1.0,0
PROP-A31D4F91FDA1,,0,Unregistered,,,,,0,1.0,0
PROP-38DF7ACDB881,,0,Unregistered,,,,,0,1.0,0
PROP-D652136E415C,RERA-KAR-21296097,1,Ongoing,15.0,50.0,30.0,126.0,8,0.625,0
PROP-063912162F60,,0,Unregistered,,,,,0,1.0,0
PROP-5A12E1DEB7BB,RERA-KAR-08440398,1,Ongoing,32.0,36.0,88.9,114.0,24,0.25,0
PROP-B2A436AFA30B,RERA-KAR-32904052,1,Completed,64.0,42.0,100.0,12.0,12,0.667,0
PROP-FA9BF2EA2AD3,,0,Unregistered,,,,,0,1.0,0
PROP-A0F31EFEC8DF,RERA-KAR-41487855,1,Ongoing,41.0,44.0,93.2,82.0,8,0.875,1
PROP-BE2A58E55014,RERA-KAR-14959026,1,Ongoing,12.0,30.0,40.0,104.0,8,0.75,2
PROP-21A4CEA38FC7,,0,Unregistered,,,,,0,1.0,0
PROP-84680D4605EF,,0,Unregistered,,,,,0,1.0,0
PROP-77307A7460E6,RERA-KAR-65860457,1,Ongoing,15.0,56.0,26.8,39.0,24,0.292,0
PROP-4406879C04B8,,0,Unregistered,,,,,0,1.0,0
PROP-F1C6F8EAEF70,,0,Unregistered,,,,,0,1.0,0
PROP-7E43CED63487,,0,Unregistered,,,,,0,1.0,0
PROP-D4F3E216F4A6,,0,Unregistered,,,,,0,1.0,0
PROP-1CD4344A6E0F,RERA-KAR-94356383,1,Ongoing,17.0,48.0,35.4,68.0,18,0.444,0
PROP-5D44A9CB0264,,0,Unregistered,,,,,0,1.0,0
PROP-37382CBB3A23,,0,Unregistered,,,,,0,1.0,0
PROP-CCC9097E109D,,0,Unregistered,,,,,0,1.0,0
PROP-A36F0478D992,,0,Unregistered,,,,,0,1.0,0
PROP-31774D75A02E,,0,Unregistered,,,,,0,1.0,0
PROP-B68F6CB38ABE,,0,Unregistered,,,,,0,1.0,0
PROP-15F778346255,,0,Unregistered,,,,,0,1.0,0
PROP-7DB68EE331F7,,0,Unregistered,,,,,0,1.0,0
PROP-097A4556D6A1,,0,Unregistered,,,,,0,1.0,0
PROP-860918630288,,0,Unregistered,,,,,0,1.0,0
PROP-DB72C049BBB7,RERA-KAR-37926564,1,Ongoing,38.0,54.0,70.4,179.0,14,0.643,0
PROP-C3677CA22876,RERA-KAR-54271977,1,Ongoing,27.0,43.0,62.8,74.0,15,0.867,2
PROP-DD52D94B45F6,RERA-KAR-27673298,1,Ongoing,41.0,56.0,73.2,180.0,17,0.529,0
PROP-0DFBCB6E1771,,0,Unregistered,,,,,0,1.0,0
PROP-64908790C2DC,,0,Unregistered,,,,,0,1.0,0
PROP-2CDC8E50EB9F,,0,Unregistered,,,,,0,1.0,0
PROP-A7A3FD332C22,,0,Unregistered,,,,,0,1.0,0
PROP-24BEBE7D0051,,0,Unregistered,,,,,0,1.0,0
PROP-362C055DF818,RERA-KAR-07503596,1,Ongoing,30.0,59.0,50.8,69.0,9,0.778,2
PROP-8977D20A5151,,0,Unregistered,,,,,0,1.0,0
PROP-C44315AEA91A,,0,Unregistered,,,,,0,1.0,0
PROP-B72F24FF7102,RERA-KAR-65860457,1,Ongoing,39.0,56.0,69.6,39.0,39,0.462,1
PROP-D5A2500283AE,RERA-KAR-09543555,1,Ongoing,17.0,47.0,36.2,142.0,14,0.714,0
PROP-CB8B145AA1A0,,0,Unregistered,,,,,0,1.0,0
PROP-DEB25D8A0824,RERA-KAR-78546425,1,Ongoing,11.0,44.0,25.0,150.0,24,0.583,0
PROP-36F4C2E2F8C2,,0,Unregistered,,,,,0,1.0,0
PROP-96BC79D9D190,,0,Unregistered,,,,,0,1.0,0
PROP-23765AECBE7F,,0,Unregistered,,,,,0,1.0,0
PROP-1F1AEB8FCFA9,,0,Unregistered,,,,,0,1.0,0
PROP-DA31F830F91F,,0,Unregistered,,,,,0,1.0,0
PROP-5FAE88B44F6A,,0,Unregistered,,,,,0,1.0,0
PROP-AC4F9449866A,,0,Unregistered,,,,,0,1.0,0
PROP-719C462D87B0,,0,Unregistered,,,,,0,1.0,0
PROP-09B1D971CB51,RERA-KAR-07124149,1,Ongoing,15.0,50.0,30.0,21.0,19,0.474,0
PROP-6226851F74F4,,0,Unregistered,,,,,0,1.0,0
PROP-911EB5971519,RERA-KAR-92446872,1,Ongoing,18.0,27.0,66.7,58.0,9,0.778,2
PROP-5A1AF60180B6,RERA-KAR-49252642,1,Ongoing,32.0,47.0,68.1,25.0,20,0.2,0
PROP-698BDDD9687B,,0,Unregistered,,,,,0,1.0,0
PROP-4533C32A538C,,0,Unregistered,,,,,0,1.0,0
PROP-109EF9290525,,0,Unregistered,,,,,0,1.0,0
PROP-110D323C240A,RERA-KAR-06743234,1,Ongoing,12.0,30.0,40.0,180.0,7,0.571,0
PROP-B1E5ADAFB65D,,0,Unregistered,,,,,0,1.0,0
PROP-84C4C490F45D,,0,Unregistered,,,,,0,1.0,0
PROP-CB53845BE6CA,,0,Unregistered,,,,,0,1.0,0
PROP-84093EF02E9F,RERA-KAR-34050449,1,Completed,59.0,51.0,100.0,259.0,20,0.65,2
PROP-70992F35B99D,,0,Unregistered,,,,,0,1.0,0
PROP-44B3AD62F10C,,0,Unregistered,,,,,0,1.0,0
PROP-4DFD2089D443,,0,Unregistered,,,,,0,1.0,0
PROP-D3C78F2A1B70,,0,Unregistered,,,,,0,1.0,0
PROP-0AB340C7F0EC,,0,Unregistered,,,,,0,1.0,0
PROP-15F7FFAEAF3F,,0,Unregistered,,,,,0,1.0,0
PROP-91715EBD8BA0,,0,Unregistered,,,,,0,1.0,0
PROP-5B80DB340927,,0,Unregistered,,,,,0,1.0,0
PROP-E88674DE1DEE,RERA-KAR-78108680,1,Completed,44.0,29.0,100.0,36.0,7,1.0,1
PROP-7C7E9D936B0F,,0,Unregistered,,,,,0,1.0,0
PROP-526250366E2E,,0,Unregistered,,,,,0,1.0,0
PROP-27264B2B0EEA,RERA-KAR-19675344,1,Ongoing,26.0,31.0,83.9,97.0,16,0.5,0
PROP-2F7A0FB9F380,,0,Unregistered,,,,,0,1.0,0
PROP-B371F2DE5E4A,,0,Unregistered,,,,,0,1.0,0
PROP-A6A0CF4E500D,RERA-KAR-84603725,1,Ongoing,19.0,33.0,57.6,113.0,7,0.286,0
PROP-586FBEE9CB32,,0,Unregistered,,,,,0,1.0,0
PROP-8CEE5B3B918D,,0,Unregistered,,,,,0,1.0,0
PROP-137796FC5ACE,,0,Unregistered,,,,,0,1.0,0
PROP-6B08C4587CC2,,0,Unregistered,,,,,0,1.0,0
PROP-7A15AACA1AA6,RERA-KAR-33856890,1,Ongoing,20.0,32.0,62.5,156.0,12,0.417,0
PROP-AD93BA17BF0A,,0,Unregistered,,,,,0,1.0,0
PROP-B6CFCD8AB39F,RERA-KAR-91349247,1,Ongoing,9.0,60.0,15.0,37.0,16,0.562,0
PROP-CDEB30B79377,RERA-KAR-91675523,1,Ongoing,17.0,53.0,32.1,15.0,11,0.727,0
PROP-59655E9A4928,,0,Unregistered,,,,,0,1.0,0
PROP-5E620E3A3ACC,,0,Unregistered,,,,,0,1.0,0
PROP-1F170054874C,,0,Unregistered,,,,,0,1.0,0
PROP-1ACD5755A340,,0,Unregistered,,,,,0,1.0,0
PROP-7B518A7380BA,,0,Unregistered,,,,,0,1.0,0
PROP-B9566D9FB165,,0,Unregistered,,,,,0,1.0,0
PROP-E4CE65741551,RERA-KAR-61149872,1,Ongoing,18.0,35.0,51.4,205.0,17,0.529,0
PROP-6457C8001006,,0,Unregistered,,,,,0,1.0,0
PROP-7A954D76BA2B,,0,Unregistered,,,,,0,1.0,0
PROP-68BAD9FBF459,RERA-KAR-77978838,1,Ongoing,8.0,35.0,22.9,179.0,16,0.125,0
PROP-59AE24D1FA8D,,0,Unregistered,,,,,0,1.0,0
PROP-264564D93BA7,,0,Unregistered,,,,,0,1.0,0
PROP-391A6480EEC2,,0,Unregistered,,,,,0,1.0,0
PROP-D7A37A260811,,0,Unregistered,,,,,0,1.0,0
PROP-5A0D55A60A7C,,0,Unregistered,,,,,0,1.0,0
PROP-527333F3F3A7,,0,Unregistered,,,,,0,1.0,0
PROP-B33814EAF7E2,,0,Unregistered,,,,,0,1.0,0
PROP-50E73A3C7ED4,RERA-KAR-09438529,1,Ongoing,23.0,36.0,63.9,16.0,18,0.778,0
PROP-D763CDDADC51,,0,Unregistered,,,,,0,1.0,0
PROP-EAAD3F11A03D,,0,Unregistered,,,,,0,1.0,0
PROP-14FBC523597F,,0,Unregistered,,,,,0,1.0,0
PROP-24E12EE6AA8F,,0,Unregistered,,,,,0,1.0,0
PROP-25DF2A6FDC38,,0,Unregistered,,,,,0,1.0,0
PROP-7F4E18125D11,,0,Unregistered,,,,,0,1.0,0
PROP-BBC7E2CA7D35,,0,Unregistered,,,,,0,1.0,0
PROP-FB39A66F31A7,RERA-KAR-47895593,1,Ongoing,27.0,37.0,73.0,60.0,7,0.857,0
PROP-DDAF24A1DE0B,RERA-KAR-47895593,1,Ongoing,27.0,37.0,73.0,60.0,7,0.857,0
PROP-EF16911EEA61,RERA-KAR-47444117,1,Ongoing,35.0,59.0,59.3,145.0,14,0.786,0
PROP-BEF7365E788F,,0,Unregistered,,,,,0,1.0,0
PROP-613E7B16B78C,,0,Unregistered,,,,,0,1.0,0
PROP-11AF8E156BD9,RERA-KAR-51203047,1,Completed,80.0,60.0,100.0,45.0,71,0.634,5
PROP-DB0335CD4E73,,0,Unregistered,,,,,0,1.0,0
PROP-2B1471560720,,0,Unregistered,,,,,0,1.0,0
PROP-0430957DE626,,0,Unregistered,,,,,0,1.0,0
PROP-8E2F998170B1,,0,Unregistered,,,,,0,1.0,0
PROP-8233A0726CA4,,0,Unregistered,,,,,0,1.0,0
PROP-41834639F45A,,0,Unregistered,,,,,0,1.0,0
PROP-6F327DCF7209,RERA-KAR-61420150,1,Ongoing,12.0,24.0,50.0,122.0,5,0.0,0
PROP-58FC2FB34F2A,,0,Unregistered,,,,,0,1.0,0
PROP-36439114999A,,0,Unregistered,,,,,0,1.0,0
PROP-E8FF98787CA6,RERA-KAR-57158879,1,Ongoing,13.0,37.0,35.1,194.0,11,0.364,0
PROP-FA69A69649CF,,0,Unregistered,,,,,0,1.0,0
PROP-564BA06B07C7,,0,Unregistered,,,,,0,1.0,0
PROP-11A4AC0E22D8,,0,Unregistered,,,,,0,1.0,0
PROP-1B316545C9B6,RERA-KAR-55892817,1,Ongoing,43.0,48.0,89.6,87.0,7,0.714,0
PROP-4BD18EBCB1E9,,0,Unregistered,,,,,0,1.0,0
PROP-3ED9BAC50DA3,,0,Unregistered,,,,,0,1.0,0
PROP-C096A3FD97BE,,0,Unregistered,,,,,0,1.0,0
PROP-1DDD5555EE0A,,0,Unregistered,,,,,0,1.0,0
PROP-4863483DEF2D,RERA-KAR-07743923,1,Ongoing,25.0,45.0,55.6,68.0,13,0.692,0
PROP-A9BAD544DE67,,0,Unregistered,,,,,0,1.0,0
PROP-A4FD27DA5E12,,0,Unregistered,,,,,0,1.0,0
PROP-89D703B24F43,,0,Unregistered,,,,,0,1.0,0
PROP-53444714087E,,0,Unregistered,,,,,0,1.0,0
PROP-AE44C58BC467,,0,Unregistered,,,,,0,1.0,0
PROP-088653F04D27,RERA-KAR-06279896,1,Ongoing,34.0,52.0,65.4,160.0,12,0.833,1
PROP-A23BCB4F58D5,,0,Unregistered,,,,,0,1.0,0
PROP-C6EB20A53AA4,RERA-KAR-84660582,1,Ongoing,12.0,55.0,21.8,149.0,22,0.273,0
PROP-9BED3884EF74,,0,Unregistered,,,,,0,1.0,0
PROP-B4CAE80DF47C,RERA-KAR-23448607,1,Ongoing,21.0,30.0,70.0,185.0,15,0.867,2
PROP-5B17B30F0568,,0,Unregistered,,,,,0,1.0,0
PROP-994C7CC607DE,RERA-KAR-63758042,1,Ongoing,17.0,42.0,40.5,84.0,5,0.6,0
PROP-141074B61B34,,0,Unregistered,,,,,0,1.0,0
PROP-569200A71A84,,0,Unregistered,,,,,0,1.0,0
PROP-7B3E3436CA4F,,0,Unregistered,,,,,0,1.0,0
PROP-5B0A0FC228F3,,0,Unregistered,,,,,0,1.0,0
PROP-898FFBD3321D,,0,Unregistered,,,,,0,1.0,0
PROP-9688C3DE9763,,0,Unregistered,,,,,0,1.0,0
PROP-09F45B7A86A2,,0,Unregistered,,,,,0,1.0,0
PROP-436E516D343E,,0,Unregistered,,,,,0,1.0,0
PROP-E20CF0FF383B,,0,Unregistered,,,,,0,1.0,0
PROP-5F4B827E9F1C,RERA-KAR-34986177,1,Ongoing,23.0,55.0,41.8,61.0,20,0.2,0
PROP-CA3FD794B257,,0,Unregistered,,,,,0,1.0,0
PROP-51AFB0F34538,RERA-KAR-41117838,1,Ongoing,41.0,59.0,69.5,56.0,14,0.714,0
PROP-C0106BE2CFFF,,0,Unregistered,,,,,0,1.0,0
PROP-FBA52FF69B4E,,0,Unregistered,,,,,0,1.0,0
PROP-6232D5D5BAA8,RERA-KAR-77368793,1,Ongoing,23.0,60.0,38.3,157.0,24,0.25,0
PROP-4356857C9E48,,0,Unregistered,,,,,0,1.0,0
PROP-441B387065E7,RERA-KAR-04945087,1,Completed,67.0,32.0,100.0,71.0,17,0.941,3
PROP-17D53ECF8E87,,0,Unregistered,,,,,0,1.0,0
PROP-9F2CB12EE522,RERA-KAR-80197074,1,Completed,40.0,35.0,100.0,70.0,6,0.667,0
PROP-615446696A3B,RERA-KAR-96971525,1,Ongoing,7.0,47.0,14.9,75.0,4,0.5,0
PROP-8B26726BFAD8,,0,Unregistered,,,,,0,1.0,0
PROP-1D9EA750BF8C,,0,Unregistered,,,,,0,1.0,0
PROP-89383D799AC3,,0,Unregistered,,,,,0,1.0,0
PROP-29FDD0C92E96,,0,Unregistered,,,,,0,1.0,0
PROP-F65F00240235,,0,Unregistered,,,,,0,1.0,0
PROP-43E225FD6139,,0,Unregistered,,,,,0,1.0,0
PROP-8D5552EA40FC,,0,Unregistered,,,,,0,1.0,0
PROP-DF0E68C39717,,0,Unregistered,,,,,0,1.0,0
PROP-1CC0B86B5B84,,0,Unregistered,,,,,0,1.0,0
PROP-C157E4411C18,RERA-KAR-98403524,1,Ongoing,26.0,56.0,46.4,177.0,14,0.643,0
PROP-5688212C8031,RERA-KAR-92046834,1,Ongoing,28.0,49.0,57.1,35.0,7,0.571,0
PROP-04E7DF9F81BD,,0,Unregistered,,,,,0,1.0,0
PROP-F765AB932409,RERA-KAR-02522198,1,Ongoing,8.0,41.0,19.5,27.0,9,0.778,1
PROP-65F03C753DF1,RERA-KAR-65833663,1,Ongoing,33.0,60.0,55.0,37.0,17,0.471,0
PROP-FC7DF5049E71,RERA-KAR-78402092,1,Ongoing,22.0,33.0,66.7,53.0,24,0.708,0
PROP-05E19E6D880A,,0,Unregistered,,,,,0,1.0,0
PROP-EDF27A5B0463,RERA-KAR-73718737,1,Ongoing,23.0,52.0,44.2,82.0,20,0.1,0
PROP-48C71F6E713B,,0,Unregistered,,,,,0,1.0,0
PROP-5D9395FBBE02,,0,Unregistered,,,,,0,1.0,0
PROP-8042ADE277F0,,0,Unregistered,,,,,0,1.0,0
PROP-8EFE2CDEA153,,0,Unregistered,,,,,0,1.0,0
PROP-C545C93B49E5,,0,Unregistered,,,,,0,1.0,0
PROP-3FDA346C4B94,,0,Unregistered,,,,,0,1.0,0
PROP-94461D7DCCD5,,0,Unregistered,,,,,0,1.0,0
PROP-672B55DB8441,,0,Unregistered,,,,,0,1.0,0
PROP-5BA1E60B70E3,,0,Unregistered,,,,,0,1.0,0
PROP-CAF5E16961C7,RERA-KAR-81797852,1,Ongoing,34.0,55.0,61.8,77.0,12,0.333,0
PROP-1FD1E1BC1A1C,RERA-KAR-72921464,1,Ongoing,18.0,49.0,36.7,15.0,35,0.543,0
PROP-234DF79E7111,,0,Unregistered,,,,,0,1.0,0
PROP-C078142C4E0B,,0,Unregistered,,,,,0,1.0,0
PROP-B7F82B9FB7AD,,0,Unregistered,,,,,0,1.0,0
PROP-4A6B28127168,,0,Unregistered,,,,,0,1.0,0
PROP-A6D38A648C27,RERA-KAR-56920766,1,Ongoing,32.0,55.0,58.2,29.0,18,0.389,0
PROP-030B710C67DE,RERA-KAR-26195334,1,Ongoing,20.0,58.0,34.5,69.0,11,0.727,0
PROP-FC169B85B3DA,,0,Unregistered,,,,,0,1.0,0
PROP-59A39B0158C8,RERA-KAR-34516094,1,Completed,28.0,28.0,100.0,64.0,8,0.875,0
PROP-0DB3DDFD9FBC,,0,Unregistered,,,,,0,1.0,0
PROP-656E756559BF,,0,Unregistered,,,,,0,1.0,0
PROP-5952F2C2B499,,0,Unregistered,,,,,0,1.0,0
PROP-1E8E13B0E034,,0,Unregistered,,,,,0,1.0,0
PROP-D2006457DB11,,0,Unregistered,,,,,0,1.0,0
PROP-DAFCA1D8C159,,0,Unregistered,,,,,0,1.0,0
PROP-638E6F08A192,RERA-KAR-72547039,1,Ongoing,25.0,48.0,52.1,154.0,17,0.353,0
PROP-5673C99CED1C,,0,Unregistered,,,,,0,1.0,0
PROP-7948C7BE7FC2,,0,Unregistered,,,,,0,1.0,0
PROP-769C05211808,,0,Unregistered,,,,,0,1.0,0
PROP-E7F42158E430,,0,Unregistered,,,,,0,1.0,0
PROP-ADF6646AF1B8,,0,Unregistered,,,,,0,1.0,0
PROP-8CDBE9267BFF,,0,Unregistered,,,,,0,1.0,0
PROP-8AAC9FC3E8DB,RERA-KAR-16248668,1,Completed,38.0,29.0,100.0,147.0,7,0.714,0
PROP-337A9019956E,,0,Unregistered,,,,,0,1.0,0
PROP-65CBC9022368,,0,Unregistered,,,,,0,1.0,0
PROP-9C982E01DABE,,0,Unregistered,,,,,0,1.0,0
PROP-B36C1025214C,RERA-KAR-06420567,1,Ongoing,17.0,26.0,65.4,121.0,22,0.773,1
PROP-6DAC94B95AE5,,0,Unregistered,,,,,0,1.0,0
PROP-6FA23D1D8967,,0,Unregistered,,,,,0,1.0,0
PROP-51B8FAC99538,,0,Unregistered,,,,,0,1.0,0
PROP-139DE4C64567,,0,Unregistered,,,,,0,1.0,0
PROP-D4468A9DE869,,0,Unregistered,,,,,0,1.0,0
PROP-2B450D40DFE8,,0,Unregistered,,,,,0,1.0,0
PROP-FB70FBC52EE3,,0,Unregistered,,,,,0,1.0,0
PROP-1E3FC4E10F55,,0,Unregistered,,,,,0,1.0,0
PROP-970EEEE66188,,0,Unregistered,,,,,0,1.0,0
PROP-23FF162BF658,,0,Unregistered,,,,,0,1.0,0
PROP-DC748BB75CB3,,0,Unregistered,,,,,0,1.0,0
PROP-D2FED454D725,,0,Unregistered,,,,,0,1.0,0
PROP-A8D06C1E19BF,,0,Unregistered,,,,,0,1.0,0
PROP-22CAE4B207BE,,0,Unregistered,,,,,0,1.0,0
PROP-22637C226517,,0,Unregistered,,,,,0,1.0,0
PROP-FCE5C1C77469,RERA-KAR-87618305,1,Ongoing,15.0,49.0,30.6,125.0,26,0.577,0
PROP-C8CC7D055133,,0,Unregistered,,,,,0,1.0,0
PROP-E5295EEC7C09,,0,Unregistered,,,,,0,1.0,0
PROP-C97FC2024AC8,,0,Unregistered,,,,,0,1.0,0
PROP-0AF9A13AC90B,,0,Unregistered,,,,,0,1.0,0
PROP-18A8C65F07A8,RERA-KAR-80265384,1,Ongoing,38.0,48.0,79.2,149.0,5,0.4,0
PROP-6C9915A423D4,,0,Unregistered,,,,,0,1.0,0
PROP-17A3C4585249,,0,Unregistered,,,,,0,1.0,0
PROP-D9503AD35176,,0,Unregistered,,,,,0,1.0,0
PROP-30F657453D92,,0,Unregistered,,,,,0,1.0,0
PROP-7450BCF81C04,,0,Unregistered,,,,,0,1.0,0
PROP-00E39A89C0BE,,0,Unregistered,,,,,0,1.0,0
PROP-4123F9A4B8D7,,0,Unregistered,,,,,0,1.0,0
PROP-A9C4EA94BB2F,,0,Unregistered,,,,,0,1.0,0
PROP-22E7292BD92F,,0,Unregistered,,,,,0,1.0,0
PROP-CE078E54C26C,,0,Unregistered,,,,,0,1.0,0
PROP-BB715B7CF235,RERA-KAR-16344964,1,Ongoing,34.0,47.0,72.3,45.0,24,0.708,0
PROP-E933A628E495,,0,Unregistered,,,,,0,1.0,0
PROP-455C99655B72,RERA-KAR-02522198,1,Ongoing,8.0,41.0,19.5,27.0,8,0.75,0
PROP-710054420A04,,0,Unregistered,,,,,0,1.0,0
PROP-E133CE3A9C70,,0,Unregistered,,,,,0,1.0,0
PROP-3B970AE8774D,,0,Unregistered,,,,,0,1.0,0
PROP-D151B2A08AEF,,0,Unregistered,,,,,0,1.0,0
PROP-C115B99019DD,,0,Unregistered,,,,,0,1.0,0
PROP-302C5583132E,,0,Unregistered,,,,,0,1.0,0
PROP-CA5FF355FD04,,0,Unregistered,,,,,0,1.0,0
PROP-489DC8CA2ED4,RERA-KAR-02404698,1,Ongoing,12.0,50.0,24.0,52.0,14,0.357,0
PROP-EE86EA7E6498,RERA-KAR-36082866,1,Ongoing,20.0,46.0,43.5,102.0,8,0.625,0
PROP-FD47528B13E5,,0,Unregistered,,,,,0,1.0,0
PROP-90AE97CEFC9F,,0,Unregistered,,,,,0,1.0,0
PROP-B63FADCB1C55,,0,Unregistered,,,,,0,1.0,0
PROP-3C24C79B3B94,,0,Unregistered,,,,,0,1.0,0
PROP-F91AB94A0782,,0,Unregistered,,,,,0,1.0,0
PROP-FB2E8010ECBE,,0,Unregistered,,,,,0,1.0,0
PROP-EFD9CC2503C0,,0,Unregistered,,,,,0,1.0,0
PROP-63615192A17F,RERA-KAR-71742056,1,Ongoing,34.0,57.0,59.6,217.0,13,0.308,0
PROP-BDD2652B2A20,,0,Unregistered,,,,,0,1.0,0
PROP-DA8F1D6CF7B2,,0,Unregistered,,,,,0,1.0,0
PROP-FE35AE340B1D,RERA-KAR-86779242,1,Ongoing,28.0,32.0,87.5,243.0,10,0.5,0
PROP-B8987EC7DB24,RERA-KAR-12013145,1,Ongoing,48.0,52.0,92.3,62.0,14,0.214,0
PROP-CA1C025BD43C,,0,Unregistered,,,,,0,1.0,0
PROP-D09E0AF4405F,RERA-KAR-89671885,1,Ongoing,23.0,33.0,69.7,20.0,11,0.364,0
PROP-94E57D60DC6D,RERA-KAR-72960293,1,Ongoing,11.0,31.0,35.5,130.0,10,0.7,0
PROP-05ED8AE55E8D,,0,Unregistered,,,,,0,1.0,0
PROP-FD5A77B97262,,0,Unregistered,,,,,0,1.0,0
PROP-16C1B7E6FDEC,,0,Unregistered,,,,,0,1.0,0
PROP-ECCDFA70D232,,0,Unregistered,,,,,0,1.0,0
PROP-D1D66FE57352,,0,Unregistered,,,,,0,1.0,0
PROP-273A16A98588,RERA-KAR-11198006,1,Completed,28.0,24.0,100.0,15.0,13,0.923,4
PROP-FCE8E6A05323,,0,Unregistered,,,,,0,1.0,0
PROP-35CAFEB4013D,,0,Unregistered,,,,,0,1.0,0
PROP-4FA9CF0B3B2B,,0,Unregistered,,,,,0,1.0,0
PROP-EAC0AF92FD29,,0,Unregistered,,,,,0,1.0,0
PROP-19A7504837CA,,0,Unregistered,,,,,0,1.0,0
PROP-531DC53FD472,,0,Unregistered,,,,,0,1.0,0
PROP-DDD7F00588CD,RERA-KAR-37882932,1,Completed,26.0,26.0,100.0,93.0,24,0.375,0
PROP-9ACE0C70FC82,,0,Unregistered,,,,,0,1.0,0
PROP-6A03EC5C28F0,,0,Unregistered,,,,,0,1.0,0
PROP-B7AA84552A30,,0,Unregistered,,,,,0,1.0,0
PROP-84AC450134EA,,0,Unregistered,,,,,0,1.0,0
PROP-FCB456DF8B22,,0,Unregistered,,,,,0,1.0,0
PROP-6FD322F521D2,,0,Unregistered,,,,,0,1.0,0
PROP-7F2F559BEDA6,,0,Unregistered,,,,,0,1.0,0
PROP-3A70F201A755,,0,Unregistered,,,,,0,1.0,0
PROP-4BCDB0A8A2DC,RERA-KAR-33590941,1,Completed,39.0,34.0,100.0,83.0,13,0.462,0
PROP-E07C42453C05,RERA-KAR-66898224,1,Completed,59.0,56.0,100.0,115.0,14,0.786,0
PROP-0FF36F4AE33C,,0,Unregistered,,,,,0,1.0,0
PROP-41483297384B,,0,Unregistered,,,,,0,1.0,0
PROP-1533FB0EABFB,,0,Unregistered,,,,,0,1.0,0
PROP-09D6658B37E3,,0,Unregistered,,,,,0,1.0,0
PROP-FE6E526EB43A,,0,Unregistered,,,,,0,1.0,0
PROP-006906BDFA04,RERA-KAR-22782414,1,Ongoing,16.0,60.0,26.7,82.0,13,0.615,0
PROP-81CF8A2FC480,,0,Unregistered,,,,,0,1.0,0
PROP-DD0B1BA944B2,,0,Unregistered,,,,,0,1.0,0
PROP-134C16FD10F4,,0,Unregistered,,,,,0,1.0,0
PROP-04A8AA3F6F56,,0,Unregistered,,,,,0,1.0,0
PROP-9558451EEE08,,0,Unregistered,,,,,0,1.0,0
PROP-7C544CFC1295,,0,Unregistered,,,,,0,1.0,0
PROP-F4D099DFF4D0,RERA-KAR-90453903,1,Ongoing,49.0,53.0,92.5,68.0,5,0.8,2
PROP-CA8A6C75EFF4,,0,Unregistered,,,,,0,1.0,0
PROP-9AB6BE0C8621,,0,Unregistered,,,,,0,1.0,0
PROP-0BED9FC3FDF4,,0,Unregistered,,,,,0,1.0,0
PROP-CE39DDB4B4F6,,0,Unregistered,,,,,0,1.0,0
PROP-2DF691579925,,0,Unregistered,,,,,0,1.0,0
PROP-69B2E5888551,,0,Unregistered,,,,,0,1.0,0
PROP-D8DE566208F6,RERA-KAR-60767181,1,Ongoing,19.0,48.0,39.6,44.0,4,0.75,0
PROP-AF3A64AEBB34,,0,Unregistered,,,,,0,1.0,0
PROP-6F1E482853A4,,0,Unregistered,,,,,0,1.0,0
PROP-6C0D0C2FF874,,0,Unregistered,,,,,0,1.0,0
PROP-C38FC95EC7E4,,0,Unregistered,,,,,0,1.0,0
PROP-A1A792EC2210,,0,Unregistered,,,,,0,1.0,0
PROP-547809AC17F6,,0,Unregistered,,,,,0,1.0,0
PROP-53943F68709B,,0,Unregistered,,,,,0,1.0,0
PROP-BA8349B653D6,RERA-KAR-68124341,1,Ongoing,7.0,26.0,26.9,115.0,6,0.5,0
PROP-1459BDD59C64,RERA-KAR-62266615,1,Ongoing,9.0,47.0,19.1,156.0,21,0.762,3
PROP-910705B8F1B0,RERA-KAR-12436931,1,Ongoing,21.0,58.0,36.2,52.0,13,0.615,3
PROP-CC2EAF5A0726,,0,Unregistered,,,,,0,1.0,0
PROP-2D172635D5C8,,0,Unregistered,,,,,0,1.0,0
PROP-52EC341F6A3B,RERA-KAR-17349385,1,Completed,72.0,60.0,100.0,85.0,21,0.667,3
PROP-67B0612B741F,,0,Unregistered,,,,,0,1.0,0
PROP-50DB4623519E,,0,Unregistered,,,,,0,1.0,0
PROP-51B288880963,RERA-KAR-77489800,1,Ongoing,38.0,56.0,67.9,29.0,6,0.833,3
PROP-7663B03419D0,,0,Unregistered,,,,,0,1.0,0
PROP-E54E4EE4D3DD,,0,Unregistered,,,,,0,1.0,0
PROP-F352A8E5C241,,0,Unregistered,,,,,0,1.0,0
PROP-A9FE4307FAC7,,0,Unregistered,,,,,0,1.0,0
PROP-9C40001B9710,,0,Unregistered,,,,,0,1.0,0
PROP-1D3D0DB43C61,,0,Unregistered,,,,,0,1.0,0
PROP-A8B1644DB850,,0,Unregistered,,,,,0,1.0,0
PROP-F8BEA0A83468,,0,Unregistered,,,,,0,1.0,0
PROP-4DE526F6FE67,RERA-KAR-17349385,1,Ongoing,27.0,60.0,45.0,85.0,19,0.368,0
PROP-B72D1A837F23,,0,Unregistered,,,,,0,1.0,0
PROP-A8211BC89FFB,,0,Unregistered,,,,,0,1.0,0
PROP-6C946AD1E889,,0,Unregistered,,,,,0,1.0,0
PROP-878B2114BD12,,0,Unregistered,,,,,0,1.0,0
PROP-5104A445D10A,,0,Unregistered,,,,,0,1.0,0
PROP-B252EB0A0A31,,0,Unregistered,,,,,0,1.0,0
PROP-91DA4A2FBDE8,,0,Unregistered,,,,,0,1.0,0
PROP-BA483D7BC283,,0,Unregistered,,,,,0,1.0,0
PROP-402E14974A94,,0,Unregistered,,,,,0,1.0,0
PROP-DA39FCBC823F,,0,Unregistered,,,,,0,1.0,0
PROP-5441124E887B,,0,Unregistered,,,,,0,1.0,0
PROP-96743F54A94E,,0,Unregistered,,,,,0,1.0,0
PROP-9EEE9E753F95,,0,Unregistered,,,,,0,1.0,0
PROP-BAEEF8A677CE,,0,Unregistered,,,,,0,1.0,0
PROP-534E0EB32C78,,0,Unregistered,,,,,0,1.0,0
PROP-28CE5E23424C,,0,Unregistered,,,,,0,1.0,0
PROP-87F017FEFD55,,0,Unregistered,,,,,0,1.0,0
PROP-3818CAD50DC5,,0,Unregistered,,,,,0,1.0,0
PROP-8395B640EEC3,,0,Unregistered,,,,,0,1.0,0
PROP-4CB7F28C0B2A,RERA-KAR-91427126,1,Ongoing,20.0,33.0,60.6,103.0,6,0.333,0
PROP-5BC79A05EBF7,RERA-KAR-07618027,1,Ongoing,29.0,35.0,82.9,87.0,20,0.85,5
PROP-708251EF58B0,RERA-KAR-54749452,1,Ongoing,6.0,47.0,12.8,11.0,7,0.429,0
PROP-A725D913D51B,,0,Unregistered,,,,,0,1.0,0
PROP-62C848E36F39,,0,Unregistered,,,,,0,1.0,0
PROP-3F74084CD647,RERA-KAR-93347977,1,Completed,35.0,32.0,100.0,75.0,6,0.833,0
PROP-1C6BF270EEBE,,0,Unregistered,,,,,0,1.0,0
PROP-3F043F1A86AD,,0,Unregistered,,,,,0,1.0,0
PROP-1873B0B346B1,,0,Unregistered,,,,,0,1.0,0
PROP-6242964C4AAA,,0,Unregistered,,,,,0,1.0,0
PROP-27DE9C56D44E,,0,Unregistered,,,,,0,1.0,0
PROP-784F1DEC6CE0,,0,Unregistered,,,,,0,1.0,0
PROP-1CFC4F0D2D89,,0,Unregistered,,,,,0,1.0,0
PROP-4222E92F97E4,,0,Unregistered,,,,,0,1.0,0
PROP-48756337CBEB,,0,Unregistered,,,,,0,1.0,0
PROP-2DCEC4E30A72,RERA-KAR-95623074,1,Ongoing,32.0,44.0,72.7,151.0,39,0.385,0
PROP-B74400C94F81,,0,Unregistered,,,,,0,1.0,0
PROP-AD318104196B,,0,Unregistered,,,,,0,1.0,0
PROP-CA5B585ECF74,,0,Unregistered,,,,,0,1.0,0
PROP-505B7131981D,,0,Unregistered,,,,,0,1.0,0
PROP-E07AEAA4637A,,0,Unregistered,,,,,0,1.0,0
PROP-1A284204AA9F,,0,Unregistered,,,,,0,1.0,0
PROP-777B583B2B01,,0,Unregistered,,,,,0,1.0,0
PROP-7A86CC179B0B,RERA-KAR-64738501,1,Ongoing,27.0,40.0,67.5,179.0,16,0.688,1
PROP-E51186C9B9A3,,0,Unregistered,,,,,0,1.0,0
PROP-685757EC48EB,,0,Unregistered,,,,,0,1.0,0
PROP-0E2C22F5B6FE,,0,Unregistered,,,,,0,1.0,0
PROP-C99EB3C8F7E2,RERA-KAR-98131035,1,Ongoing,9.0,41.0,22.0,29.0,39,0.103,0
PROP-597CBC46429A,,0,Unregistered,,,,,0,1.0,0
PROP-0F7C65499099,RERA-KAR-41117838,1,Ongoing,8.0,59.0,13.6,56.0,12,0.667,0
PROP-5A7A17C9B7A9,RERA-KAR-62232226,1,Completed,40.0,26.0,100.0,74.0,11,0.545,0
PROP-C5A6A8FD4C35,,0,Unregistered,,,,,0,1.0,0
PROP-DFB814A742C6,,0,Unregistered,,,,,0,1.0,0
PROP-C99EBAB823F6,,0,Unregistered,,,,,0,1.0,0
PROP-F9EA74574C36,,0,Unregistered,,,,,0,1.0,0
PROP-2960C566D6FE,,0,Unregistered,,,,,0,1.0,0
PROP-CA14623BA12C,,0,Unregistered,,,,,0,1.0,0
PROP-B096E29BDDF6,RERA-KAR-84771466,1,Completed,57.0,38.0,100.0,43.0,14,0.714,0
PROP-84CCD93FD849,,0,Unregistered,,,,,0,1.0,0
PROP-7C1FB71B450A,RERA-KAR-01642907,1,Ongoing,13.0,48.0,27.1,33.0,12,0.083,0
PROP-98014FD76B58,,0,Unregistered,,,,,0,1.0,0
PROP-50F1DD890BFD,,0,Unregistered,,,,,0,1.0,0
PROP-425C02DF16C4,,0,Unregistered,,,,,0,1.0,0
PROP-1FF39EFE8F1C,,0,Unregistered,,,,,0,1.0,0
PROP-71B147EE9B28,,0,Unregistered,,,,,0,1.0,0
PROP-B60221A05C54,RERA-KAR-31029933,1,Ongoing,23.0,45.0,51.1,218.0,15,0.4,0
PROP-B2F7FC10982E,,0,Unregistered,,,,,0,1.0,0
PROP-F579CC4B31EF,,0,Unregistered,,,,,0,1.0,0
PROP-DA6EB4D3E9F3,,0,Unregistered,,,,,0,1.0,0
PROP-9312A829835D,,0,Unregistered,,,,,0,1.0,0
PROP-0EFE8E5F7063,,0,Unregistered,,,,,0,1.0,0
PROP-0562C64BB52D,,0,Unregistered,,,,,0,1.0,0
PROP-74999E8A0637,,0,Unregistered,,,,,0,1.0,0
PROP-D5FA0456E5CC,,0,Unregistered,,,,,0,1.0,0
PROP-334EEC6BA046,,0,Unregistered,,,,,0,1.0,0
PROP-3840139B7228,,0,Unregistered,,,,,0,1.0,0
PROP-663203CA3B26,,0,Unregistered,,,,,0,1.0,0
PROP-BB95E39FF154,,0,Unregistered,,,,,0,1.0,0
PROP-CD2428843018,,0,Unregistered,,,,,0,1.0,0
PROP-A8AD1F9CA00F,,0,Unregistered,,,,,0,1.0,0
PROP-AA87E5075DC3,,0,Unregistered,,,,,0,1.0,0
PROP-3D0C9B84472C,RERA-KAR-53704866,1,Ongoing,36.0,55.0,65.5,126.0,7,0.286,0
PROP-755A99CFE0D3,,0,Unregistered,,,,,0,1.0,0
PROP-885DE6F1103B,,0,Unregistered,,,,,0,1.0,0
PROP-8B3DAFCCCF56,,0,Unregistered,,,,,0,1.0,0
PROP-D171855D43CC,RERA-KAR-21854053,1,Ongoing,31.0,37.0,83.8,6.0,25,0.64,0
PROP-B412C25172BE,,0,Unregistered,,,,,0,1.0,0
PROP-E5CF1C0F1BFD,,0,Unregistered,,,,,0,1.0,0
PROP-3B1CF5C49485,,0,Unregistered,,,,,0,1.0,0
PROP-9BC585C0C315,,0,Unregistered,,,,,0,1.0,0
PROP-97953971FFEA,,0,Unregistered,,,,,0,1.0,0
PROP-CF0F2AEA3CB7,,0,Unregistered,,,,,0,1.0,0
PROP-46AD518130D3,,0,Unregistered,,,,,0,1.0,0
PROP-8D367DA56F6F,RERA-KAR-09777478,1,Ongoing,20.0,54.0,37.0,142.0,11,0.909,1
PROP-3190973D0D6A,,0,Unregistered,,,,,0,1.0,0
PROP-8FED43B6EF53,,0,Unregistered,,,,,0,1.0,0
PROP-D59585BF2C5A,,0,Unregistered,,,,,0,1.0,0
PROP-4D29EB61DFBC,RERA-KAR-42319887,1,Completed,32.0,31.0,100.0,70.0,16,0.938,1
PROP-9C92360633F9,,0,Unregistered,,,,,0,1.0,0
PROP-3B1748FE4657,,0,Unregistered,,,,,0,1.0,0
PROP-DE89921739C6,,0,Unregistered,,,,,0,1.0,0
PROP-D58DA173A1C6,RERA-KAR-72132776,1,Ongoing,26.0,54.0,48.1,26.0,8,0.5,0
PROP-AB1A60C228FE,,0,Unregistered,,,,,0,1.0,0
PROP-D5CEEF03423D,,0,Unregistered,,,,,0,1.0,0
PROP-97B463D7BFB6,,0,Unregistered,,,,,0,1.0,0
PROP-B59984BD59B0,,0,Unregistered,,,,,0,1.0,0
PROP-564E584FDAFD,,0,Unregistered,,,,,0,1.0,0
PROP-C2ECBD6FC62C,,0,Unregistered,,,,,0,1.0,0
PROP-5475F265A998,,0,Unregistered,,,,,0,1.0,0
PROP-68A5F8A17F83,,0,Unregistered,,,,,0,1.0,0
PROP-59AB71B479D7,,0,Unregistered,,,,,0,1.0,0
PROP-47716774F63D,RERA-KAR-19648946,1,Ongoing,28.0,48.0,58.3,95.0,10,0.5,0
PROP-F0D6AE118872,,0,Unregistered,,,,,0,1.0,0
PROP-78F5B36A2DEA,,0,Unregistered,,,,,0,1.0,0
PROP-CF4E60E830EE,,0,Unregistered,,,,,0,1.0,0
PROP-0F1ADDA1EACE,,0,Unregistered,,,,,0,1.0,0
PROP-DC1152DADC28,RERA-KAR-00003688,1,Ongoing,14.0,48.0,29.2,38.0,12,0.833,1
PROP-FE76E707B99E,,0,Unregistered,,,,,0,1.0,0
PROP-C66EC96E3153,RERA-KAR-33537610,1,Ongoing,8.0,36.0,22.2,112.0,9,0.889,0
PROP-AED06F2C349F,RERA-KAR-93434547,1,Ongoing,24.0,30.0,80.0,179.0,4,0.75,1
PROP-412A9BE22F61,,0,Unregistered,,,,,0,1.0,0
PROP-A25211DD421C,,0,Unregistered,,,,,0,1.0,0
PROP-5D5B85CA8F83,,0,Unregistered,,,,,0,1.0,0
PROP-1D2312610EB6,,0,Unregistered,,,,,0,1.0,0
PROP-59674F3EE6A7,,0,Unregistered,,,,,0,1.0,0
PROP-31920B6CF1C5,RERA-KAR-47106108,1,Ongoing,6.0,25.0,24.0,22.0,7,0.286,0
PROP-868F61F39BA0,,0,Unregistered,,,,,0,1.0,0
PROP-A8D69CCED24A,,0,Unregistered,,,,,0,1.0,0
PROP-908B4AB3D75A,,0,Unregistered,,,,,0,1.0,0
PROP-9A49CCD18625,,0,Unregistered,,,,,0,1.0,0
PROP-3C33E06CE1CE,,0,Unregistered,,,,,0,1.0,0
PROP-C745DF9CEFD8,,0,Unregistered,,,,,0,1.0,0
PROP-AD0E13096FAC,,0,Unregistered,,,,,0,1.0,0
PROP-2B923AFC9958,,0,Unregistered,,,,,0,1.0,0
PROP-5789D61359AE,,0,Unregistered,,,,,0,1.0,0
PROP-EF3CA07B84D1,,0,Unregistered,,,,,0,1.0,0
PROP-5E6F4EFFA083,,0,Unregistered,,,,,0,1.0,0
PROP-E1C2B41D0E17,,0,Unregistered,,,,,0,1.0,0
PROP-BC11B25A7122,,0,Unregistered,,,,,0,1.0,0
PROP-7D0655AE3EF6,,0,Unregistered,,,,,0,1.0,0
PROP-1A2D6E10EE4D,,0,Unregistered,,,,,0,1.0,0
PROP-BD77D2B0DC96,,0,Unregistered,,,,,0,1.0,0
PROP-29ED375D00F4,,0,Unregistered,,,,,0,1.0,0
PROP-AFA76C13B75E,,0,Unregistered,,,,,0,1.0,0
PROP-3725CF308586,,0,Unregistered,,,,,0,1.0,0
PROP-D121E0C4EBF7,,0,Unregistered,,,,,0,1.0,0
PROP-C374EA2CB88D,,0,Unregistered,,,,,0,1.0,0
PROP-C85ABB307E45,,0,Unregistered,,,,,0,1.0,0
PROP-DDA0841841AF,,0,Unregistered,,,,,0,1.0,0
PROP-3DFC239A4C27,,0,Unregistered,,,,,0,1.0,0
PROP-4626008534D7,,0,Unregistered,,,,,0,1.0,0
PROP-4248F33EF05E,,0,Unregistered,,,,,0,1.0,0
PROP-B71492196A4E,,0,Unregistered,,,,,0,1.0,0
PROP-028FF31178F0,,0,Unregistered,,,,,0,1.0,0
PROP-333F0E98F9E5,,0,Unregistered,,,,,0,1.0,0
PROP-F7D55264C3AE,,0,Unregistered,,,,,0,1.0,0
PROP-D6687863770C,,0,Unregistered,,,,,0,1.0,0
PROP-D33D693946CC,,0,Unregistered,,,,,0,1.0,0
PROP-5A66CF3D3CF3,,0,Unregistered,,,,,0,1.0,0
PROP-0B5C67D74FC5,,0,Unregistered,,,,,0,1.0,0
PROP-12D7BBB9D0C2,,0,Unregistered,,,,,0,1.0,0
PROP-128C84FAF0D5,,0,Unregistered,,,,,0,1.0,0
PROP-499DFFC230BA,RERA-KAR-05010822,1,Ongoing,24.0,47.0,51.1,38.0,14,0.357,0
PROP-74E342445F9F,,0,Unregistered,,,,,0,1.0,0
PROP-8981BD3C3AC3,,0,Unregistered,,,,,0,1.0,0
PROP-4AA35CA76AD5,,0,Unregistered,,,,,0,1.0,0
PROP-8D4BBD454138,,0,Unregistered,,,,,0,1.0,0
PROP-18F67B9F3E6C,,0,Unregistered,,,,,0,1.0,0
PROP-14D6FB627F07,,0,Unregistered,,,,,0,1.0,0
PROP-8D94977A6E67,,0,Unregistered,,,,,0,1.0,0
PROP-F07DDE96822A,,0,Unregistered,,,,,0,1.0,0
PROP-A6BAFE7C6BD9,,0,Unregistered,,,,,0,1.0,0
PROP-9982829D9825,,0,Unregistered,,,,,0,1.0,0
PROP-B8E3BACB5623,,0,Unregistered,,,,,0,1.0,0
PROP-D76668327DFB,,0,Unregistered,,,,,0,1.0,0
PROP-0EC529B6E156,,0,Unregistered,,,,,0,1.0,0
PROP-3E9A5CDC18B2,,0,Unregistered,,,,,0,1.0,0
PROP-51A6432F409F,,0,Unregistered,,,,,0,1.0,0
PROP-15D12FC93C34,,0,Unregistered,,,,,0,1.0,0
PROP-A504C9CDBB80,,0,Unregistered,,,,,0,1.0,0
PROP-2124185913BE,,0,Unregistered,,,,,0,1.0,0
PROP-33241E2977B8,,0,Unregistered,,,,,0,1.0,0
PROP-E9B1CF658193,,0,Unregistered,,,,,0,1.0,0
PROP-80E49D57D131,,0,Unregistered,,,,,0,1.0,0
PROP-4BA81165CDEF,,0,Unregistered,,,,,0,1.0,0
PROP-78D843A10905,,0,Unregistered,,,,,0,1.0,0
PROP-F3B2891D6816,,0,Unregistered,,,,,0,1.0,0
PROP-B98D133D531E,RERA-KAR-46194332,1,Ongoing,29.0,41.0,70.7,64.0,16,0.438,0
PROP-2112BACE729A,,0,Unregistered,,,,,0,1.0,0
PROP-C06355C90E42,,0,Unregistered,,,,,0,1.0,0
PROP-B267510D4F37,,0,Unregistered,,,,,0,1.0,0
PROP-6C265ECC52EE,,0,Unregistered,,,,,0,1.0,0
PROP-EB456A3DA1DA,RERA-KAR-18563701,1,Ongoing,27.0,38.0,71.1,159.0,6,0.333,0
PROP-2AC702F8C69D,,0,Unregistered,,,,,0,1.0,0
PROP-65F887088827,,0,Unregistered,,,,,0,1.0,0
PROP-6C2C250DF6BB,,0,Unregistered,,,,,0,1.0,0
PROP-155F66D14CB6,,0,Unregistered,,,,,0,1.0,0
PROP-7720992658C3,,0,Unregistered,,,,,0,1.0,0
PROP-4E95AACD76EB,,0,Unregistered,,,,,0,1.0,0
PROP-A2F572FD2AB3,,0,Unregistered,,,,,0,1.0,0
PROP-020F88EAD73C,,0,Unregistered,,,,,0,1.0,0
PROP-44439E757EB4,,0,Unregistered,,,,,0,1.0,0
PROP-48B87A01E645,,0,Unregistered,,,,,0,1.0,0
PROP-0E76E932DA87,,0,Unregistered,,,,,0,1.0,0
PROP-E3B8F563793C,,0,Unregistered,,,,,0,1.0,0
PROP-B8C72B15CC37,,0,Unregistered,,,,,0,1.0,0
PROP-53EF370D8A20,,0,Unregistered,,,,,0,1.0,0
PROP-3E5A44D00835,,0,Unregistered,,,,,0,1.0,0
PROP-B94889EB5DAC,RERA-KAR-85137033,1,Completed,35.0,31.0,100.0,17.0,9,0.889,1
PROP-6C052F04680A,,0,Unregistered,,,,,0,1.0,0
PROP-4B36DDB12298,RERA-KAR-97179309,1,Ongoing,7.0,51.0,13.7,27.0,11,0.364,0
PROP-CE5C36FF22D6,RERA-KAR-67251797,1,Completed,54.0,32.0,100.0,75.0,22,0.591,1
PROP-FD4A576DCEA1,RERA-KAR-67251797,1,Completed,39.0,32.0,100.0,75.0,17,0.412,0
PROP-06D11EE15129,,0,Unregistered,,,,,0,1.0,0
PROP-3B1407D0F38E,,0,Unregistered,,,,,0,1.0,0
PROP-9C52303C9A84,,0,Unregistered,,,,,0,1.0,0
PROP-A6D458E69668,,0,Unregistered,,,,,0,1.0,0
PROP-9C4437EC6F29,,0,Unregistered,,,,,0,1.0,0
PROP-1D304FA2F1D1,RERA-KAR-29745925,1,Ongoing,27.0,43.0,62.8,44.0,14,0.571,0
PROP-02F6C914B723,,0,Unregistered,,,,,0,1.0,0
PROP-6D428176B459,,0,Unregistered,,,,,0,1.0,0
PROP-D7BF1CBBF597,,0,Unregistered,,,,,0,1.0,0
PROP-B5162723F499,,0,Unregistered,,,,,0,1.0,0
PROP-60597F756F3F,,0,Unregistered,,,,,0,1.0,0
PROP-306B14B29E7F,,0,Unregistered,,,,,0,1.0,0
PROP-74A7E7E793BE,,0,Unregistered,,,,,0,1.0,0
PROP-1C043AEA92BA,,0,Unregistered,,,,,0,1.0,0
PROP-CB6AA9F10D47,,0,Unregistered,,,,,0,1.0,0
PROP-686A0AE323AF,,0,Unregistered,,,,,0,1.0,0
PROP-1154DFEF5233,,0,Unregistered,,,,,0,1.0,0
PROP-1DECC6492133,RERA-KAR-72482010,1,Ongoing,12.0,46.0,26.1,51.0,10,0.3,0
PROP-C5001E0D723F,,0,Unregistered,,,,,0,1.0,0
PROP-21E65B666CAB,,0,Unregistered,,,,,0,1.0,0
PROP-85BD8779A415,RERA-KAR-23220029,1,Ongoing,35.0,43.0,81.4,113.0,6,0.5,0
PROP-4C38A878E43C,,0,Unregistered,,,,,0,1.0,0
PROP-9BD1FBD1F039,,0,Unregistered,,,,,0,1.0,0
PROP-55D2D141D132,,0,Unregistered,,,,,0,1.0,0
PROP-C1C9F161E27C,RERA-KAR-69663493,1,Ongoing,19.0,50.0,38.0,82.0,11,0.545,0
PROP-93571C2BF6FE,,0,Unregistered,,,,,0,1.0,0
PROP-F70A6155FCCE,,0,Unregistered,,,,,0,1.0,0
PROP-322ACCA028B0,,0,Unregistered,,,,,0,1.0,0
PROP-E1174F6E1C57,,0,Unregistered,,,,,0,1.0,0
PROP-6DA15662CFB3,RERA-KAR-72486635,1,Completed,37.0,29.0,100.0,68.0,12,0.583,0
PROP-3B4E25C712E8,RERA-KAR-41046954,1,Ongoing,8.0,40.0,20.0,95.0,7,0.429,0
PROP-DFDAB3044F62,,0,Unregistered,,,,,0,1.0,0
PROP-E6DBE6FBD786,,0,Unregistered,,,,,0,1.0,0
PROP-7BC4E38BD8F8,,0,Unregistered,,,,,0,1.0,0
PROP-1D94B991C82D,RERA-KAR-08579681,1,Ongoing,15.0,60.0,25.0,48.0,20,0.75,0
PROP-EB9CA72140CA,RERA-KAR-67825722,1,Ongoing,20.0,46.0,43.5,183.0,7,0.571,1
PROP-4E39A8E02A83,,0,Unregistered,,,,,0,1.0,0
PROP-3D29044CC5C4,,0,Unregistered,,,,,0,1.0,0
PROP-4AA395486662,,0,Unregistered,,,,,0,1.0,0
PROP-2B45475D5C85,RERA-KAR-09336486,1,Ongoing,40.0,49.0,81.6,47.0,14,0.643,0
PROP-0D0CC86E6670,RERA-KAR-00124343,1,Ongoing,29.0,52.0,55.8,100.0,15,0.8,6
PROP-507C6026B5F5,,0,Unregistered,,,,,0,1.0,0
PROP-4EA6E3A6D59E,RERA-KAR-72482010,1,Ongoing,30.0,46.0,65.2,51.0,10,0.4,0
PROP-21F035F58539,RERA-KAR-99294056,1,Completed,70.0,47.0,100.0,48.0,17,0.647,0
PROP-487A40F32CE2,,0,Unregistered,,,,,0,1.0,0
PROP-382E0555DA05,,0,Unregistered,,,,,0,1.0,0
PROP-9FA8A866F430,,0,Unregistered,,,,,0,1.0,0
PROP-37C28A077D3C,,0,Unregistered,,,,,0,1.0,0
PROP-6E4F7ED5E527,,0,Unregistered,,,,,0,1.0,0
PROP-2E2013369E5C,,0,Unregistered,,,,,0,1.0,0
PROP-7B3E99B6F49B,,0,Unregistered,,,,,0,1.0,0
PROP-D65BB3FB3321,,0,Unregistered,,,,,0,1.0,0
PROP-5EDA0B2C2049,RERA-KAR-78808209,1,Ongoing,27.0,38.0,71.1,100.0,9,0.333,0
PROP-A9A51A6D812C,,0,Unregistered,,,,,0,1.0,0
PROP-11FAFC3F65D8,,0,Unregistered,,,,,0,1.0,0
PROP-90B02A1B85ED,,0,Unregistered,,,,,0,1.0,0
PROP-A0729899548C,RERA-KAR-06398161,1,Ongoing,27.0,28.0,96.4,95.0,4,0.0,0
PROP-3E44C5D49F3C,,0,Unregistered,,,,,0,1.0,0
PROP-5BC71C0D67BC,,0,Unregistered,,,,,0,1.0,0
PROP-B720392F5AEA,,0,Unregistered,,,,,0,1.0,0
PROP-9E9B07D92F8D,,0,Unregistered,,,,,0,1.0,0
PROP-6878795CC437,,0,Unregistered,,,,,0,1.0,0
PROP-4B9AD677A8CC,,0,Unregistered,,,,,0,1.0,0
PROP-E5A457065D2A,,0,Unregistered,,,,,0,1.0,0
PROP-EBB0F92AAFDC,,0,Unregistered,,,,,0,1.0,0
PROP-9D18701B8734,,0,Unregistered,,,,,0,1.0,0
PROP-608ECB50CCDC,,0,Unregistered,,,,,0,1.0,0
PROP-1E6E74EA246F,,0,Unregistered,,,,,0,1.0,0
PROP-494FFB49BD02,,0,Unregistered,,,,,0,1.0,0
PROP-1C41DDA32F02,,0,Unregistered,,,,,0,1.0,0
PROP-2D59BA01D306,,0,Unregistered,,,,,0,1.0,0
PROP-9A79418F02BB,,0,Unregistered,,,,,0,1.0,0
PROP-DE4770DD532A,,0,Unregistered,,,,,0,1.0,0
PROP-BE904FD9ECAD,,0,Unregistered,,,,,0,1.0,0
PROP-8A989A72A388,,0,Unregistered,,,,,0,1.0,0
PROP-5130B7448AF9,,0,Unregistered,,,,,0,1.0,0
PROP-AB5A51158BC6,,0,Unregistered,,,,,0,1.0,0
PROP-E1F298941518,,0,Unregistered,,,,,0,1.0,0
PROP-A17023DDEB11,,0,Unregistered,,,,,0,1.0,0
PROP-300FE53137C8,,0,Unregistered,,,,,0,1.0,0
PROP-04408C3B0FE8,,0,Unregistered,,,,,0,1.0,0
PROP-F89852E17BBF,,0,Unregistered,,,,,0,1.0,0
PROP-0232DF1E3122,RERA-KAR-96391733,1,Completed,39.0,24.0,100.0,19.0,15,0.867,3
PROP-A047D09B0088,,0,Unregistered,,,,,0,1.0,0
PROP-6059FA9320CF,,0,Unregistered,,,,,0,1.0,0
PROP-F7C13E002D5A,,0,Unregistered,,,,,0,1.0,0
PROP-BABED21275E8,,0,Unregistered,,,,,0,1.0,0
PROP-ADD1683096D2,,0,Unregistered,,,,,0,1.0,0
PROP-85C27B3F455C,,0,Unregistered,,,,,0,1.0,0
PROP-64388C5569CD,RERA-KAR-44468141,1,Ongoing,35.0,57.0,61.4,186.0,11,0.545,1
PROP-8B35D7E369A5,,0,Unregistered,,,,,0,1.0,0
PROP-919F7D262957,,0,Unregistered,,,,,0,1.0,0
PROP-6B767F5AD862,,0,Unregistered,,,,,0,1.0,0
PROP-01CBE057DDE0,,0,Unregistered,,,,,0,1.0,0
PROP-3BC45615E83D,RERA-KAR-05367592,1,Ongoing,21.0,28.0,75.0,27.0,6,0.5,1
PROP-F6D35BFA6818,,0,Unregistered,,,,,0,1.0,0
PROP-D51E41BB2E15,,0,Unregistered,,,,,0,1.0,0
PROP-9A93EC4F5997,,0,Unregistered,,,,,0,1.0,0
PROP-E495D05F7890,,0,Unregistered,,,,,0,1.0,0
PROP-224F39EB71BF,,0,Unregistered,,,,,0,1.0,0
PROP-20486AE557BE,,0,Unregistered,,,,,0,1.0,0
PROP-C34C80FE5C36,,0,Unregistered,,,,,0,1.0,0
PROP-F615E00701ED,,0,Unregistered,,,,,0,1.0,0
PROP-06E487FBB6E4,,0,Unregistered,,,,,0,1.0,0
PROP-E13A55075E5A,,0,Unregistered,,,,,0,1.0,0
PROP-1BB790FC7414,,0,Unregistered,,,,,0,1.0,0
PROP-7B400A0BDF75,,0,Unregistered,,,,,0,1.0,0
PROP-3EE0C187E7BE,,0,Unregistered,,,,,0,1.0,0
PROP-FA9BD6E01DEF,,0,Unregistered,,,,,0,1.0,0
PROP-511DEB6D690C,,0,Unregistered,,,,,0,1.0,0
PROP-5FA457A99A67,,0,Unregistered,,,,,0,1.0,0
PROP-9FDD906E861E,RERA-KAR-41009734,1,Ongoing,19.0,32.0,59.4,67.0,12,0.833,1
PROP-46CDEB43B6B3,,0,Unregistered,,,,,0,1.0,0
PROP-B7C070479EAE,,0,Unregistered,,,,,0,1.0,0
PROP-E51B39B44FF0,,0,Unregistered,,,,,0,1.0,0
PROP-D520D57B4310,,0,Unregistered,,,,,0,1.0,0
PROP-D3B73CEFF96E,,0,Unregistered,,,,,0,1.0,0
PROP-38292E418CB4,,0,Unregistered,,,,,0,1.0,0
PROP-BFAD2CB26970,RERA-KAR-16183767,1,Ongoing,41.0,49.0,83.7,124.0,5,0.4,0
PROP-FFBB736305FD,,0,Unregistered,,,,,0,1.0,0
PROP-F9F70BB44F1A,,0,Unregistered,,,,,0,1.0,0
PROP-D6A8208E5BE0,,0,Unregistered,,,,,0,1.0,0
PROP-DED1F16B455B,,0,Unregistered,,,,,0,1.0,0
PROP-4E7C269C23E6,,0,Unregistered,,,,,0,1.0,0
PROP-3C891A383435,,0,Unregistered,,,,,0,1.0,0
PROP-1874E6AA231C,,0,Unregistered,,,,,0,1.0,0
PROP-C281B3BB7773,,0,Unregistered,,,,,0,1.0,0
PROP-F709A21DA40A,,0,Unregistered,,,,,0,1.0,0
PROP-9840B36CD036,,0,Unregistered,,,,,0,1.0,0
PROP-978CAB899153,,0,Unregistered,,,,,0,1.0,0
PROP-77F49FC7A2C1,,0,Unregistered,,,,,0,1.0,0
PROP-89C8DEC2A97A,,0,Unregistered,,,,,0,1.0,0
PROP-D30282DEF7E8,,0,Unregistered,,,,,0,1.0,0
PROP-1FBD60B5DE14,,0,Unregistered,,,,,0,1.0,0
PROP-50A5C545123C,,0,Unregistered,,,,,0,1.0,0
PROP-E5DB4EC56BFD,,0,Unregistered,,,,,0,1.0,0
PROP-54A4D163E163,RERA-KAR-16067976,1,Ongoing,6.0,36.0,16.7,64.0,6,0.333,0
PROP-38BC69FDE5E1,,0,Unregistered,,,,,0,1.0,0
PROP-2297214A6D5F,,0,Unregistered,,,,,0,1.0,0
PROP-DF336F10211D,,0,Unregistered,,,,,0,1.0,0
PROP-6BC4EFC1CFCC,,0,Unregistered,,,,,0,1.0,0
PROP-D0D3B33C8E29,,0,Unregistered,,,,,0,1.0,0
PROP-D0CC0229AC50,,0,Unregistered,,,,,0,1.0,0
PROP-CCB3A5117A4D,,0,Unregistered,,,,,0,1.0,0
PROP-062039E0D27B,,0,Unregistered,,,,,0,1.0,0
PROP-858E632EE640,RERA-KAR-85391273,1,Ongoing,15.0,43.0,34.9,57.0,5,0.4,0
PROP-FF2EA9ED1084,,0,Unregistered,,,,,0,1.0,0
PROP-320B8A5AAC4B,,0,Unregistered,,,,,0,1.0,0
PROP-271799439634,,0,Unregistered,,,,,0,1.0,0
PROP-EC40FB7BBF3C,RERA-KAR-36235630,1,Ongoing,12.0,39.0,30.8,20.0,4,0.25,0
PROP-DAAC4E0280B9,,0,Unregistered,,,,,0,1.0,0
PROP-19880B20356C,,0,Unregistered,,,,,0,1.0,0
PROP-22FDC9731C4C,,0,Unregistered,,,,,0,1.0,0
PROP-B759F80C2A19,,0,Unregistered,,,,,0,1.0,0
PROP-BACCABD51BA0,RERA-KAR-27266339,1,Ongoing,37.0,55.0,67.3,179.0,15,0.133,0
PROP-0E5CFA11673F,,0,Unregistered,,,,,0,1.0,0
PROP-F4A8C0C76F4B,,0,Unregistered,,,,,0,1.0,0
PROP-095674ACE4B0,,0,Unregistered,,,,,0,1.0,0
PROP-3E23094523E7,,0,Unregistered,,,,,0,1.0,0
PROP-33A6897B1723,,0,Unregistered,,,,,0,1.0,0
PROP-37FCAE4B38EB,,0,Unregistered,,,,,0,1.0,0
PROP-2114F24E3F0B,RERA-KAR-45470960,1,Completed,38.0,37.0,100.0,67.0,16,0.125,0
PROP-B2A2B716046D,,0,Unregistered,,,,,0,1.0,0
PROP-227BE3B8D652,,0,Unregistered,,,,,0,1.0,0
PROP-5ACB6740F8CA,,0,Unregistered,,,,,0,1.0,0
PROP-E5576D4CAB25,,0,Unregistered,,,,,0,1.0,0
PROP-DC845110E176,RERA-KAR-52882133,1,Ongoing,27.0,39.0,69.2,40.0,23,0.348,0
PROP-62157A5DB863,,0,Unregistered,,,,,0,1.0,0
PROP-11757F5FF43C,,0,Unregistered,,,,,0,1.0,0
PROP-C9CE17A43EF6,,0,Unregistered,,,,,0,1.0,0
PROP-DA034220CC71,,0,Unregistered,,,,,0,1.0,0
PROP-C67F180AC4EC,,0,Unregistered,,,,,0,1.0,0
PROP-011CF39424F9,,0,Unregistered,,,,,0,1.0,0
PROP-92A15F88152C,,0,Unregistered,,,,,0,1.0,0
PROP-72F2432E4B53,,0,Unregistered,,,,,0,1.0,0
PROP-C1608F411831,,0,Unregistered,,,,,0,1.0,0
PROP-E11CDD3D4392,,0,Unregistered,,,,,0,1.0,0
PROP-53B891B3AB98,RERA-KAR-90246943,1,Ongoing,13.0,56.0,23.2,77.0,16,0.125,0
PROP-9FB8D0F1AC27,,0,Unregistered,,,,,0,1.0,0
PROP-2C566D90F422,,0,Unregistered,,,,,0,1.0,0
PROP-8699739B62BC,,0,Unregistered,,,,,0,1.0,0
PROP-C29F413FA8E5,,0,Unregistered,,,,,0,1.0,0
PROP-02EE7258E2C5,RERA-KAR-76436563,1,Completed,72.0,34.0,100.0,178.0,22,0.591,1
PROP-01D06FC46C03,RERA-KAR-16128963,1,Ongoing,25.0,45.0,55.6,188.0,16,0.375,0
PROP-CDFB68B1F2BD,,0,Unregistered,,,,,0,1.0,0
PROP-F52B13C19DB2,,0,Unregistered,,,,,0,1.0,0
PROP-C71273C87AD8,,0,Unregistered,,,,,0,1.0,0
PROP-CF470A202859,,0,Unregistered,,,,,0,1.0,0
PROP-A677A875F4ED,RERA-KAR-19376201,1,Completed,35.0,34.0,100.0,138.0,23,0.478,0
PROP-806D15DEE855,,0,Unregistered,,,,,0,1.0,0
PROP-A36D050D4AF9,RERA-KAR-90246943,1,Ongoing,16.0,56.0,28.6,77.0,17,0.118,0
PROP-5987400148EB,,0,Unregistered,,,,,0,1.0,0
PROP-8DE013BFECA5,,0,Unregistered,,,,,0,1.0,0
PROP-857E3B85687C,,0,Unregistered,,,,,0,1.0,0
PROP-4AA78A633340,,0,Unregistered,,,,,0,1.0,0
PROP-492B9A0EB735,,0,Unregistered,,,,,0,1.0,0
PROP-B9B30C368E06,,0,Unregistered,,,,,0,1.0,0
PROP-CD50F30D1832,,0,Unregistered,,,,,0,1.0,0
PROP-452399C4625D,,0,Unregistered,,,,,0,1.0,0
PROP-6BD74555B6F6,,0,Unregistered,,,,,0,1.0,0
PROP-75A82EA10DF0,,0,Unregistered,,,,,0,1.0,0
PROP-536EF4DB4EE6,,0,Unregistered,,,,,0,1.0,0
PROP-7024A5C1CDC5,,0,Unregistered,,,,,0,1.0,0
PROP-99AAA93BAC68,,0,Unregistered,,,,,0,1.0,0
PROP-AD9A604DC388,,0,Unregistered,,,,,0,1.0,0
PROP-675F3A63FF7B,RERA-KAR-75561129,1,Ongoing,31.0,56.0,55.4,180.0,16,0.438,0
PROP-0FCBDB85439A,,0,Unregistered,,,,,0,1.0,0
PROP-57A3E58F0ECE,,0,Unregistered,,,,,0,1.0,0
PROP-D22503FCBDE6,,0,Unregistered,,,,,0,1.0,0
PROP-4CACABB26DD9,,0,Unregistered,,,,,0,1.0,0
PROP-F9D2E4D470DA,,0,Unregistered,,,,,0,1.0,0
PROP-564680D9FB1C,RERA-KAR-14797905,1,Ongoing,31.0,36.0,86.1,78.0,13,0.923,3
PROP-5A86A7209ECD,,0,Unregistered,,,,,0,1.0,0
PROP-D76CEDD15FD2,,0,Unregistered,,,,,0,1.0,0
PROP-C7930D52B5A1,,0,Unregistered,,,,,0,1.0,0
PROP-526F48E1E900,,0,Unregistered,,,,,0,1.0,0
PROP-7FDE755C0382,,0,Unregistered,,,,,0,1.0,0
PROP-021F335D0215,,0,Unregistered,,,,,0,1.0,0
PROP-7EE9C3784A47,,0,Unregistered,,,,,0,1.0,0
PROP-A6EC2A68F551,,0,Unregistered,,,,,0,1.0,0
PROP-42C7CCAA4DA8,,0,Unregistered,,,,,0,1.0,0
PROP-3F101B31EFC2,,0,Unregistered,,,,,0,1.0,0
PROP-FF3BC092A693,RERA-KAR-71052427,1,Ongoing,41.0,59.0,69.5,33.0,15,0.6,0
PROP-22ADCFDCC4E6,,0,Unregistered,,,,,0,1.0,0
PROP-D7B9FF3423CF,,0,Unregistered,,,,,0,1.0,0
PROP-9403FA13261F,,0,Unregistered,,,,,0,1.0,0
PROP-509DAF3B8F83,,0,Unregistered,,,,,0,1.0,0
PROP-537DF28A4766,,0,Unregistered,,,,,0,1.0,0
PROP-B29736B298A5,,0,Unregistered,,,,,0,1.0,0
PROP-2598404F5915,,0,Unregistered,,,,,0,1.0,0
PROP-F91842C46C73,,0,Unregistered,,,,,0,1.0,0
PROP-27E1D3BE2A46,RERA-KAR-86088797,1,Ongoing,19.0,46.0,41.3,214.0,10,0.4,0
PROP-72741E850629,RERA-KAR-84139047,1,Ongoing,13.0,48.0,27.1,63.0,22,0.636,1
PROP-A2E125A608EB,,0,Unregistered,,,,,0,1.0,0
PROP-27053D3CBD75,,0,Unregistered,,,,,0,1.0,0
PROP-56D5EC85E87C,,0,Unregistered,,,,,0,1.0,0
PROP-4841AF3DBA63,,0,Unregistered,,,,,0,1.0,0
PROP-30C513D288D6,,0,Unregistered,,,,,0,1.0,0
PROP-ADDDC5ECAFBA,,0,Unregistered,,,,,0,1.0,0
PROP-6F731D2CBD4F,RERA-KAR-33263592,1,Ongoing,6.0,43.0,14.0,275.0,10,0.7,0
PROP-A0F0433A0B55,,0,Unregistered,,,,,0,1.0,0
PROP-457CBDA60BA7,,0,Unregistered,,,,,0,1.0,0
PROP-3C19838B2F53,,0,Unregistered,,,,,0,1.0,0
PROP-E0FD65059227,,0,Unregistered,,,,,0,1.0,0
PROP-BAD8020CF068,,0,Unregistered,,,,,0,1.0,0
PROP-641E8BBFBD42,RERA-KAR-89076949,1,Ongoing,23.0,31.0,74.2,41.0,26,0.692,4
PROP-F35B9C797CA5,,0,Unregistered,,,,,0,1.0,0
PROP-8623C6CD5794,,0,Unregistered,,,,,0,1.0,0
PROP-D9A68E362F23,,0,Unregistered,,,,,0,1.0,0
PROP-914CB9A69095,,0,Unregistered,,,,,0,1.0,0
PROP-AEC70668EC40,,0,Unregistered,,,,,0,1.0,0
PROP-F43F97CD7394,,0,Unregistered,,,,,0,1.0,0
PROP-5217630A448A,,0,Unregistered,,,,,0,1.0,0
PROP-F02127F4FDC7,,0,Unregistered,,,,,0,1.0,0
PROP-2D65E7F31B23,,0,Unregistered,,,,,0,1.0,0
PROP-9C8BC2FCA527,,0,Unregistered,,,,,0,1.0,0
PROP-056C2322A153,,0,Unregistered,,,,,0,1.0,0
PROP-B5103759CC1C,,0,Unregistered,,,,,0,1.0,0
PROP-A0F50A70E8F6,,0,Unregistered,,,,,0,1.0,0
PROP-5BB0027CC722,,0,Unregistered,,,,,0,1.0,0
PROP-FE67A2683B9C,RERA-KAR-76600466,1,Ongoing,32.0,35.0,91.4,172.0,10,0.8,0
PROP-2D12AF224E15,,0,Unregistered,,,,,0,1.0,0
PROP-3837D54D5A94,,0,Unregistered,,,,,0,1.0,0
PROP-073963435836,,0,Unregistered,,,,,0,1.0,0
PROP-FC7988576320,,0,Unregistered,,,,,0,1.0,0
PROP-AD3244A77558,,0,Unregistered,,,,,0,1.0,0
PROP-D81CE928AE7F,,0,Unregistered,,,,,0,1.0,0
PROP-19CEE7A678C0,,0,Unregistered,,,,,0,1.0,0
PROP-BA30581CB61A,RERA-KAR-65833663,1,Ongoing,48.0,60.0,80.0,37.0,18,0.556,2
PROP-B21C313BADAC,,0,Unregistered,,,,,0,1.0,0
PROP-5364E9848963,,0,Unregistered,,,,,0,1.0,0
PROP-F82BF09FA4D4,,0,Unregistered,,,,,0,1.0,0
PROP-1D79F311AF1B,,0,Unregistered,,,,,0,1.0,0
PROP-FD6297455B6F,,0,Unregistered,,,,,0,1.0,0
PROP-F78697F63644,,0,Unregistered,,,,,0,1.0,0
PROP-9C5226730386,,0,Unregistered,,,,,0,1.0,0
PROP-D8BB0CAA2680,RERA-KAR-01073914,1,Ongoing,8.0,32.0,25.0,75.0,7,0.714,1
PROP-F0AC25F6007D,,0,Unregistered,,,,,0,1.0,0
PROP-34C40685EEA9,,0,Unregistered,,,,,0,1.0,0
PROP-A9A2277A47DA,,0,Unregistered,,,,,0,1.0,0
PROP-BCC807D4C125,,0,Unregistered,,,,,0,1.0,0
PROP-2AD3966BF0E0,,0,Unregistered,,,,,0,1.0,0
PROP-03BBD8710CC7,,0,Unregistered,,,,,0,1.0,0
PROP-128CF898AB75,,0,Unregistered,,,,,0,1.0,0
PROP-5B01D9D5A68B,RERA-KAR-52821838,1,Ongoing,36.0,40.0,90.0,204.0,11,0.545,0
PROP-FF6D664A2E87,,0,Unregistered,,,,,0,1.0,0
PROP-4E7F5CBC3460,,0,Unregistered,,,,,0,1.0,0
PROP-D8BBB69DB07C,,0,Unregistered,,,,,0,1.0,0
PROP-24E9262F8344,,0,Unregistered,,,,,0,1.0,0
PROP-C8B7C30B7875,,0,Unregistered,,,,,0,1.0,0
PROP-CB0239BBD85A,,0,Unregistered,,,,,0,1.0,0
PROP-FD5D56218C91,RERA-KAR-74877710,1,Ongoing,24.0,39.0,61.5,64.0,6,0.5,0
PROP-6298CB4B2583,,0,Unregistered,,,,,0,1.0,0
PROP-1B5936BAA71C,RERA-KAR-90947946,1,Ongoing,8.0,47.0,17.0,93.0,14,0.714,0
PROP-35E5C2B73213,,0,Unregistered,,,,,0,1.0,0
PROP-8E225AE068FF,,0,Unregistered,,,,,0,1.0,0
PROP-1A3BCA43EBA4,RERA-KAR-90254326,1,Ongoing,28.0,29.0,96.6,188.0,8,0.625,0
PROP-012F1D67DDA4,,0,Unregistered,,,,,0,1.0,0
PROP-33050D6A9F3E,,0,Unregistered,,,,,0,1.0,0
PROP-0A50D549233B,,0,Unregistered,,,,,0,1.0,0
PROP-C6D557C4C75F,,0,Unregistered,,,,,0,1.0,0
PROP-9707DA06B717,,0,Unregistered,,,,,0,1.0,0
PROP-8784958CE17B,,0,Unregistered,,,,,0,1.0,0
PROP-9401DC6E62F4,,0,Unregistered,,,,,0,1.0,0
PROP-E4B15467D101,,0,Unregistered,,,,,0,1.0,0
PROP-3281947A12AB,,0,Unregistered,,,,,0,1.0,0
PROP-992B0D775B65,,0,Unregistered,,,,,0,1.0,0
PROP-081DE3F3917C,RERA-KAR-46391705,1,Ongoing,19.0,59.0,32.2,231.0,14,0.929,4
PROP-E6C7A459EA10,,0,Unregistered,,,,,0,1.0,0
PROP-EEBD76E6E150,,0,Unregistered,,,,,0,1.0,0
PROP-62B2164668E1,,0,Unregistered,,,,,0,1.0,0
PROP-D5DEF2A019FA,,0,Unregistered,,,,,0,1.0,0
PROP-2D3594EF8801,,0,Unregistered,,,,,0,1.0,0
PROP-AF0E704FBD08,,0,Unregistered,,,,,0,1.0,0
PROP-C14082988FDE,,0,Unregistered,,,,,0,1.0,0
PROP-9126F4E033F2,,0,Unregistered,,,,,0,1.0,0
PROP-5DD65F2EBDFF,RERA-KAR-90453903,1,Ongoing,22.0,53.0,41.5,68.0,5,0.4,0
PROP-382F7292A355,,0,Unregistered,,,,,0,1.0,0
PROP-EF0E6BE26F39,RERA-KAR-82533188,1,Ongoing,26.0,56.0,46.4,89.0,17,0.647,0
PROP-B087FADFCCED,,0,Unregistered,,,,,0,1.0,0
PROP-4114CA9A0691,,0,Unregistered,,,,,0,1.0,0
PROP-5D01C04E65E6,RERA-KAR-52882133,1,Completed,45.0,39.0,100.0,40.0,25,0.64,0
PROP-E33EFE69B80C,,0,Unregistered,,,,,0,1.0,0
PROP-5F23528B572F,RERA-KAR-28129152,1,Ongoing,6.0,49.0,12.2,178.0,19,0.105,0
PROP-991C725344B1,,0,Unregistered,,,,,0,1.0,0
PROP-8EA56C09D698,,0,Unregistered,,,,,0,1.0,0
PROP-5095A76E3756,,0,Unregistered,,,,,0,1.0,0
PROP-13FA5F7D5910,,0,Unregistered,,,,,0,1.0,0
PROP-BB42B83023C6,,0,Unregistered,,,,,0,1.0,0
PROP-A6803DA467E6,,0,Unregistered,,,,,0,1.0,0
PROP-00D9C71B1500,,0,Unregistered,,,,,0,1.0,0
PROP-C30F517B1BF8,,0,Unregistered,,,,,0,1.0,0
PROP-34ACBE650F65,,0,Unregistered,,,,,0,1.0,0
PROP-4A290B303A56,,0,Unregistered,,,,,0,1.0,0
PROP-1E954FB4B829,RERA-KAR-19701217,1,Ongoing,7.0,39.0,17.9,117.0,4,0.5,0
PROP-916DC281E4FC,,0,Unregistered,,,,,0,1.0,0
PROP-CA8542D90961,RERA-KAR-92355429,1,Completed,46.0,27.0,100.0,121.0,9,1.0,1
PROP-7879F1316D64,RERA-KAR-52882133,1,Completed,69.0,39.0,100.0,40.0,27,0.852,2
PROP-770667EF3038,,0,Unregistered,,,,,0,1.0,0
PROP-D10D4E5A648C,,0,Unregistered,,,,,0,1.0,0
PROP-515974FCDF40,RERA-KAR-62986446,1,Ongoing,24.0,42.0,57.1,100.0,11,0.818,0
PROP-0EF4C5EE428A,RERA-KAR-16498208,1,Ongoing,6.0,51.0,11.8,59.0,12,0.75,0
PROP-BD5911133970,,0,Unregistered,,,,,0,1.0,0
PROP-8B2A712FC0B7,,0,Unregistered,,,,,0,1.0,0
PROP-4CA00017BC52,,0,Unregistered,,,,,0,1.0,0
PROP-4D3D47728F0D,RERA-KAR-49127112,1,Ongoing,6.0,59.0,10.2,285.0,10,0.7,0
PROP-4A2DCA0D91EF,,0,Unregistered,,,,,0,1.0,0
PROP-42DB48E0C21E,,0,Unregistered,,,,,0,1.0,0
PROP-25A47C5422A8,,0,Unregistered,,,,,0,1.0,0
PROP-AB1122BD5DCF,,0,Unregistered,,,,,0,1.0,0
PROP-AD759A65B6C6,RERA-KAR-40997308,1,Ongoing,14.0,47.0,29.8,44.0,12,0.417,0
PROP-BA31BA880538,,0,Unregistered,,,,,0,1.0,0
PROP-670405141DD6,RERA-KAR-45568116,1,Ongoing,10.0,32.0,31.2,143.0,15,0.133,0
PROP-A0AA62836698,,0,Unregistered,,,,,0,1.0,0
PROP-009D2FB6208C,,0,Unregistered,,,,,0,1.0,0
PROP-3E69DA71E7F8,RERA-KAR-52882133,1,Ongoing,30.0,39.0,76.9,40.0,23,0.348,0
PROP-AEEF4274B3F6,,0,Unregistered,,,,,0,1.0,0
PROP-A780113A1D2A,,0,Unregistered,,,,,0,1.0,0
PROP-190B7101B2E9,,0,Unregistered,,,,,0,1.0,0
PROP-095A749A85E9,,0,Unregistered,,,,,0,1.0,0
PROP-C42A1815C2F3,,0,Unregistered,,,,,0,1.0,0
PROP-6463FF798073,,0,Unregistered,,,,,0,1.0,0
PROP-6F4798040571,RERA-KAR-58547316,1,Ongoing,14.0,58.0,24.1,146.0,8,0.625,0
PROP-40599E7B27DA,,0,Unregistered,,,,,0,1.0,0
PROP-C8482B6CCA65,,0,Unregistered,,,,,0,1.0,0
PROP-FF8D4D44562E,,0,Unregistered,,,,,0,1.0,0
PROP-82D339F35B32,,0,Unregistered,,,,,0,1.0,0
PROP-6414999AC87B,,0,Unregistered,,,,,0,1.0,0
PROP-FC296FDBB9EF,,0,Unregistered,,,,,0,1.0,0
PROP-A9133D365DC3,,0,Unregistered,,,,,0,1.0,0
PROP-140E8ADFD1D7,,0,Unregistered,,,,,0,1.0,0
PROP-23684F4F5D77,,0,Unregistered,,,,,0,1.0,0
PROP-753C9C3162A6,RERA-KAR-39560026,1,Ongoing,20.0,25.0,80.0,24.0,7,0.571,0
PROP-C7F3A971014E,,0,Unregistered,,,,,0,1.0,0
PROP-CAC36D3ED1FB,RERA-KAR-67077046,1,Ongoing,30.0,57.0,52.6,32.0,20,0.1,0
PROP-6BC81DE84C2F,,0,Unregistered,,,,,0,1.0,0
PROP-28D371BE6F01,,0,Unregistered,,,,,0,1.0,0
PROP-36E67E14E286,,0,Unregistered,,,,,0,1.0,0
PROP-411AD91BD6C4,,0,Unregistered,,,,,0,1.0,0
PROP-333A897BB062,,0,Unregistered,,,,,0,1.0,0
PROP-3437C1374BEF,,0,Unregistered,,,,,0,1.0,0
PROP-531A18AFA92B,,0,Unregistered,,,,,0,1.0,0
PROP-7E2E3D1D7E61,,0,Unregistered,,,,,0,1.0,0
PROP-D98BDE5F0DC9,RERA-KAR-40169274,1,Ongoing,40.0,47.0,85.1,49.0,8,0.625,0
PROP-7DF4725C162D,,0,Unregistered,,,,,0,1.0,0
PROP-B001D3063D76,,0,Unregistered,,,,,0,1.0,0
PROP-381BF184A48F,,0,Unregistered,,,,,0,1.0,0
PROP-1A946D6A65C0,,0,Unregistered,,,,,0,1.0,0
PROP-0DF502D07DAD,,0,Unregistered,,,,,0,1.0,0
PROP-50D8F9AAEA1A,RERA-KAR-02522198,1,Ongoing,8.0,41.0,19.5,27.0,8,0.75,0
PROP-26E24636D271,,0,Unregistered,,,,,0,1.0,0
PROP-BBF6D8DAE20D,,0,Unregistered,,,,,0,1.0,0
PROP-B818F0D9592E,,0,Unregistered,,,,,0,1.0,0
PROP-D1DCD8A50747,,0,Unregistered,,,,,0,1.0,0
PROP-CF3A7A042C95,RERA-KAR-60220674,1,Completed,32.0,24.0,100.0,208.0,11,1.0,2
PROP-709715ED2847,,0,Unregistered,,,,,0,1.0,0
PROP-DE16AF8C4DE7,,0,Unregistered,,,,,0,1.0,0
PROP-84DFB4549166,,0,Unregistered,,,,,0,1.0,0
PROP-D207B9378760,,0,Unregistered,,,,,0,1.0,0
PROP-B7937FCBF583,,0,Unregistered,,,,,0,1.0,0
PROP-4BBB24859AF9,,0,Unregistered,,,,,0,1.0,0
PROP-D51D66CF6B36,,0,Unregistered,,,,,0,1.0,0
PROP-B75D4C6DF44D,RERA-KAR-90134612,1,Ongoing,14.0,42.0,33.3,43.0,11,0.636,2
PROP-1B7F285B3227,,0,Unregistered,,,,,0,1.0,0
PROP-1829A0C24D2E,,0,Unregistered,,,,,0,1.0,0
PROP-68FFFBEC8103,,0,Unregistered,,,,,0,1.0,0
PROP-DDF44AAC2D3A,RERA-KAR-99209962,1,Ongoing,12.0,52.0,23.1,94.0,3,0.667,0
PROP-BA6C5ADAD9D0,,0,Unregistered,,,,,0,1.0,0
PROP-C9B26E190493,,0,Unregistered,,,,,0,1.0,0
PROP-813CC74EF5F0,,0,Unregistered,,,,,0,1.0,0
PROP-DF9AC5D9BD5D,,0,Unregistered,,,,,0,1.0,0
PROP-8D737976FF13,,0,Unregistered,,,,,0,1.0,0
PROP-E597E61FA2BA,,0,Unregistered,,,,,0,1.0,0
PROP-BFBEEFBF39A9,,0,Unregistered,,,,,0,1.0,0
PROP-04EB49338F82,,0,Unregistered,,,,,0,1.0,0
PROP-856054B8E681,,0,Unregistered,,,,,0,1.0,0
PROP-64121B519FBB,,0,Unregistered,,,,,0,1.0,0
PROP-B170626911FD,,0,Unregistered,,,,,0,1.0,0
PROP-831D3396DB03,,0,Unregistered,,,,,0,1.0,0
PROP-E6FBB4AFC8E3,,0,Unregistered,,,,,0,1.0,0
PROP-E36D5DEB24BA,,0,Unregistered,,,,,0,1.0,0
PROP-060446473967,,0,Unregistered,,,,,0,1.0,0
PROP-4E70E9C11F67,,0,Unregistered,,,,,0,1.0,0
PROP-87724D4B91BD,RERA-KAR-52882133,1,Ongoing,15.0,39.0,38.5,40.0,27,0.852,2
PROP-3E5459400354,RERA-KAR-20421670,1,Ongoing,47.0,55.0,85.5,55.0,18,0.611,0
PROP-4ED736EAB511,,0,Unregistered,,,,,0,1.0,0
PROP-7B0A7FE95A08,,0,Unregistered,,,,,0,1.0,0
PROP-0CE96737A0D0,RERA-KAR-39157385,1,Ongoing,34.0,57.0,59.6,32.0,7,0.714,0
PROP-5675C6F5CB48,RERA-KAR-83639149,1,Completed,31.0,30.0,100.0,122.0,13,1.0,2
PROP-71E49CAD66E9,,0,Unregistered,,,,,0,1.0,0
PROP-0E11AAEE96FD,,0,Unregistered,,,,,0,1.0,0
PROP-D77648E92E81,RERA-KAR-90384007,1,Ongoing,13.0,33.0,39.4,230.0,30,0.1,0
PROP-B8F6CBAF24F2,,0,Unregistered,,,,,0,1.0,0
PROP-F52030A302BA,,0,Unregistered,,,,,0,1.0,0
PROP-A2D2DB876E7E,,0,Unregistered,,,,,0,1.0,0
PROP-8B51F7D52A00,,0,Unregistered,,,,,0,1.0,0
PROP-EC919E79045E,,0,Unregistered,,,,,0,1.0,0
PROP-18EC0DBB243E,,0,Unregistered,,,,,0,1.0,0
PROP-469FB1202442,,0,Unregistered,,,,,0,1.0,0
PROP-D24F073C10BE,,0,Unregistered,,,,,0,1.0,0
PROP-A5CE2E409243,,0,Unregistered,,,,,0,1.0,0
PROP-DFEFA5007C7D,,0,Unregistered,,,,,0,1.0,0
PROP-155E49672BFB,,0,Unregistered,,,,,0,1.0,0
PROP-F275498E506C,,0,Unregistered,,,,,0,1.0,0
PROP-CC07481A60D4,,0,Unregistered,,,,,0,1.0,0
PROP-178F49C291CD,,0,Unregistered,,,,,0,1.0,0
PROP-01D72CAC5BB2,,0,Unregistered,,,,,0,1.0,0
PROP-B10973076763,,0,Unregistered,,,,,0,1.0,0
PROP-3A9596436B83,,0,Unregistered,,,,,0,1.0,0
PROP-D73B8BF33EF8,,0,Unregistered,,,,,0,1.0,0
PROP-6E38FAFACE6B,,0,Unregistered,,,,,0,1.0,0
PROP-EEFC117E7F9F,,0,Unregistered,,,,,0,1.0,0
PROP-0A817AFEF4B0,,0,Unregistered,,,,,0,1.0,0
PROP-781ADE341A17,,0,Unregistered,,,,,0,1.0,0
PROP-BEAA3E503B61,,0,Unregistered,,,,,0,1.0,0
PROP-C50ED408D753,,0,Unregistered,,,,,0,1.0,0
PROP-BEC5C056FE55,,0,Unregistered,,,,,0,1.0,0
PROP-2D9D67B6DF4E,,0,Unregistered,,,,,0,1.0,0
PROP-4BC98CE96981,,0,Unregistered,,,,,0,1.0,0
PROP-4C19982A06DE,,0,Unregistered,,,,,0,1.0,0
PROP-733DAB877EB5,,0,Unregistered,,,,,0,1.0,0
PROP-8F9A0A25A7AA,,0,Unregistered,,,,,0,1.0,0
PROP-5A5FED5D2264,RERA-KAR-93434547,1,Ongoing,9.0,30.0,30.0,179.0,4,0.5,0
PROP-362F24924F35,,0,Unregistered,,,,,0,1.0,0
PROP-FC8203967652,RERA-KAR-34787257,1,Completed,35.0,26.0,100.0,38.0,13,0.769,0
PROP-A3DF48FAE92C,RERA-TEL-23560516,1,Ongoing,6.0,42.0,14.3,56.0,7,0.571,0
PROP-70833FEC2777,RERA-TEL-57798130,1,Ongoing,24.0,36.0,66.7,171.0,10,0.3,0
PROP-F631F6B18734,,0,Unregistered,,,,,0,1.0,0
PROP-B055CA2A1A26,,0,Unregistered,,,,,0,1.0,0
PROP-A67D50B168B5,RERA-TEL-10557227,1,Completed,39.0,35.0,100.0,45.0,14,0.857,0
PROP-A9588AFEF79A,,0,Unregistered,,,,,0,1.0,0
PROP-FFF28A341052,,0,Unregistered,,,,,0,1.0,0
PROP-1FC89B63769E,,0,Unregistered,,,,,0,1.0,0
PROP-D075DBBDDC02,RERA-TEL-98334434,1,Ongoing,44.0,52.0,84.6,96.0,6,0.167,0
PROP-E4C5A9897F95,RERA-TEL-29140782,1,Completed,32.0,30.0,100.0,126.0,12,0.75,0
PROP-2E6D45D8EDB0,RERA-TEL-41649183,1,Ongoing,9.0,42.0,21.4,28.0,6,0.5,0
PROP-60CD88936753,RERA-TEL-66817257,1,Ongoing,27.0,50.0,54.0,166.0,15,0.8,2
PROP-4D65F4F5D184,RERA-TEL-10557227,1,Ongoing,9.0,35.0,25.7,45.0,14,0.429,0
PROP-A849E4057728,,0,Unregistered,,,,,0,1.0,0
PROP-7C347C5A02BA,,0,Unregistered,,,,,0,1.0,0
PROP-4C8196AD55F6,,0,Unregistered,,,,,0,1.0,0
PROP-2ADEB8E4FA4D,,0,Unregistered,,,,,0,1.0,0
PROP-2F5760BE0D5A,,0,Unregistered,,,,,0,1.0,0
PROP-1D28ADD72F9B,RERA-TEL-33668762,1,Ongoing,24.0,29.0,82.8,42.0,32,0.75,2
PROP-928332B797A7,RERA-TEL-87713200,1,Ongoing,18.0,44.0,40.9,142.0,12,0.75,0
PROP-B9F561E6B781,,0,Unregistered,,,,,0,1.0,0
PROP-6DBE55E063CA,,0,Unregistered,,,,,0,1.0,0
PROP-0DF2F085613C,RERA-TEL-72894540,1,Ongoing,10.0,28.0,35.7,113.0,17,0.412,0
PROP-965D673D8215,RERA-TEL-55343998,1,Ongoing,36.0,59.0,61.0,191.0,11,0.727,0
PROP-F37D96F21C1A,,0,Unregistered,,,,,0,1.0,0
PROP-A309D01348BA,,0,Unregistered,,,,,0,1.0,0
PROP-007C04949A8C,,0,Unregistered,,,,,0,1.0,0
PROP-260A4EEE1841,RERA-TEL-93218285,1,Ongoing,15.0,44.0,34.1,205.0,3,0.333,0
PROP-CD5E8F3B6E0B,RERA-TEL-51438780,1,Ongoing,34.0,57.0,59.6,79.0,16,0.625,1
PROP-1C6F70D820E4,RERA-TEL-90374261,1,Completed,35.0,31.0,100.0,37.0,11,0.727,0
PROP-7D3D5B875066,,0,Unregistered,,,,,0,1.0,0
PROP-BC7DC907F3C0,RERA-TEL-81134403,1,Ongoing,17.0,44.0,38.6,42.0,5,0.8,0
PROP-71D33633B538,,0,Unregistered,,,,,0,1.0,0
PROP-2EA8346C579E,RERA-TEL-55252936,1,Ongoing,10.0,34.0,29.4,70.0,15,0.4,0
PROP-216C72BC89B7,,0,Unregistered,,,,,0,1.0,0
PROP-6037F97E910C,,0,Unregistered,,,,,0,1.0,0
PROP-E48325756F79,RERA-TEL-62550107,1,Ongoing,37.0,46.0,80.4,33.0,5,0.4,0
PROP-0C50B0B3C868,RERA-TEL-38788469,1,Ongoing,23.0,25.0,92.0,92.0,9,0.667,0
PROP-A32F0825BACD,,0,Unregistered,,,,,0,1.0,0
PROP-251D35544C98,,0,Unregistered,,,,,0,1.0,0
PROP-82DDC962DEC8,RERA-TEL-66801641,1,Ongoing,15.0,59.0,25.4,27.0,23,0.522,0
PROP-1D1625BFC7F5,,0,Unregistered,,,,,0,1.0,0
PROP-F1D599EE3044,RERA-TEL-49327816,1,Ongoing,6.0,37.0,16.2,96.0,7,0.857,0
PROP-3C1FA3F19936,,0,Unregistered,,,,,0,1.0,0
PROP-22A803201F2E,,0,Unregistered,,,,,0,1.0,0
PROP-C570AA3D31EB,,0,Unregistered,,,,,0,1.0,0
PROP-4B6386E34ED8,,0,Unregistered,,,,,0,1.0,0
PROP-DB1DB1AC5793,RERA-TEL-97316092,1,Completed,38.0,37.0,100.0,56.0,9,0.778,0
PROP-8AEB4540F53E,RERA-TEL-96726943,1,Ongoing,33.0,45.0,73.3,119.0,6,0.667,0
PROP-FC6EA354BDBC,RERA-TEL-33991290,1,Ongoing,16.0,48.0,33.3,214.0,7,0.571,0
PROP-D7514C8B13D0,,0,Unregistered,,,,,0,1.0,0
PROP-DBDD8253C412,,0,Unregistered,,,,,0,1.0,0
PROP-AEF043FC5887,RERA-TEL-70203492,1,Ongoing,29.0,53.0,54.7,94.0,23,0.348,0
PROP-F77DCB462EDA,RERA-TEL-89429638,1,Ongoing,28.0,45.0,62.2,175.0,15,0.733,0
PROP-D4AB12E7E511,RERA-TEL-20151067,1,Ongoing,9.0,31.0,29.0,134.0,11,0.273,0
PROP-56CC95AAF82A,RERA-TEL-86151820,1,Completed,34.0,27.0,100.0,141.0,4,0.25,0
PROP-35F65A0B1111,RERA-TEL-89351537,1,Ongoing,7.0,33.0,21.2,159.0,14,0.786,0
PROP-24F795E7FCA0,RERA-TEL-88276088,1,Ongoing,22.0,24.0,91.7,55.0,20,0.6,0
PROP-BA25AFD12727,RERA-TEL-50367368,1,Ongoing,30.0,43.0,69.8,52.0,11,0.455,0
PROP-1B1158C38175,,0,Unregistered,,,,,0,1.0,0
PROP-39886A754F9F,,0,Unregistered,,,,,0,1.0,0
PROP-FB3F6A212ECF,,0,Unregistered,,,,,0,1.0,0
PROP-4223C76E275C,,0,Unregistered,,,,,0,1.0,0
PROP-38316996BE4E,,0,Unregistered,,,,,0,1.0,0
PROP-683F04B9B226,,0,Unregistered,,,,,0,1.0,0
PROP-110BAFC5A34B,RERA-TEL-41602828,1,Ongoing,10.0,30.0,33.3,79.0,7,0.571,0
PROP-061FC258725B,,0,Unregistered,,,,,0,1.0,0
PROP-DEF59A526864,,0,Unregistered,,,,,0,1.0,0
PROP-0BA73D7B5663,,0,Unregistered,,,,,0,1.0,0
PROP-20B3A0E5F36A,,0,Unregistered,,,,,0,1.0,0
PROP-74A1ADA0FE96,,0,Unregistered,,,,,0,1.0,0
PROP-FD1A4101495E,RERA-TEL-86834674,1,Ongoing,24.0,58.0,41.4,248.0,9,0.778,0
PROP-A3265095AD0A,,0,Unregistered,,,,,0,1.0,0
PROP-BDE45EC74888,RERA-TEL-34067367,1,Ongoing,9.0,34.0,26.5,50.0,10,0.9,0
PROP-FE1FB57E09F8,,0,Unregistered,,,,,0,1.0,0
PROP-C3B0FFC8B716,,0,Unregistered,,,,,0,1.0,0
PROP-9D4737C60B1B,,0,Unregistered,,,,,0,1.0,0
PROP-7A4C391665D7,,0,Unregistered,,,,,0,1.0,0
PROP-8F6A07E69F42,RERA-TEL-44709378,1,Ongoing,28.0,59.0,47.5,113.0,14,0.857,3
PROP-E1A262FAE715,RERA-TEL-04988742,1,Ongoing,12.0,60.0,20.0,135.0,7,0.429,0
PROP-308497C5C8A9,,0,Unregistered,,,,,0,1.0,0
PROP-500B9766C555,,0,Unregistered,,,,,0,1.0,0
PROP-B8A0C7677B18,,0,Unregistered,,,,,0,1.0,0
PROP-98B4239BBA52,RERA-TEL-01113475,1,Ongoing,37.0,53.0,69.8,156.0,11,0.636,0
PROP-69EE3E4168F2,RERA-TEL-65105012,1,Ongoing,34.0,38.0,89.5,122.0,11,0.909,0
PROP-81F1345CACD4,,0,Unregistered,,,,,0,1.0,0
PROP-AC1570DD5D16,RERA-TEL-00038798,1,Ongoing,28.0,32.0,87.5,51.0,8,0.75,0
PROP-ABAFB0DAB37B,,0,Unregistered,,,,,0,1.0,0
PROP-96003EA511C4,RERA-TEL-00092103,1,Ongoing,21.0,28.0,75.0,42.0,70,0.471,4
PROP-DEBF324D5004,RERA-TEL-40439697,1,Ongoing,15.0,58.0,25.9,81.0,9,0.778,1
PROP-17212BD99590,,0,Unregistered,,,,,0,1.0,0
PROP-E83876FACE07,,0,Unregistered,,,,,0,1.0,0
PROP-A415D94B0280,,0,Unregistered,,,,,0,1.0,0
PROP-A93E81A22F3F,RERA-TEL-97510209,1,Ongoing,27.0,50.0,54.0,33.0,11,0.727,0
PROP-9E51EA50AFF7,,0,Unregistered,,,,,0,1.0,0
PROP-2742FDA13CF5,,0,Unregistered,,,,,0,1.0,0
PROP-6401AE87242B,,0,Unregistered,,,,,0,1.0,0
PROP-CE742894FBAD,RERA-TEL-36134696,1,Ongoing,18.0,45.0,40.0,222.0,14,0.857,0
PROP-429E0E1CA712,,0,Unregistered,,,,,0,1.0,0
PROP-7D4B9DBE2F0E,,0,Unregistered,,,,,0,1.0,0
PROP-7A0CEF758086,,0,Unregistered,,,,,0,1.0,0
PROP-696B87DB77A9,RERA-TEL-44524652,1,Ongoing,22.0,46.0,47.8,64.0,14,0.429,0
PROP-ADC63251681D,RERA-TEL-10557227,1,Completed,57.0,35.0,100.0,45.0,14,1.0,2
PROP-DB456D384346,,0,Unregistered,,,,,0,1.0,0
PROP-05BBF34C46B4,,0,Unregistered,,,,,0,1.0,0
PROP-D499EE82F919,RERA-TEL-39264214,1,Ongoing,36.0,45.0,80.0,145.0,14,0.286,0
PROP-E82D1CBCC437,RERA-TEL-13736180,1,Ongoing,37.0,57.0,64.9,85.0,11,0.727,0
PROP-9A3E743330D0,RERA-TEL-14794450,1,Ongoing,32.0,35.0,91.4,131.0,71,0.507,4
PROP-AECC17F7BF1F,,0,Unregistered,,,,,0,1.0,0
PROP-1DFA7235E953,,0,Unregistered,,,,,0,1.0,0
PROP-ABE764E2A86B,RERA-TEL-06339740,1,Ongoing,20.0,30.0,66.7,111.0,18,0.278,0
PROP-1D26ABE300A1,,0,Unregistered,,,,,0,1.0,0
PROP-E1C62097EFB4,RERA-TEL-59413778,1,Ongoing,28.0,43.0,65.1,189.0,24,0.25,0
PROP-20DEA8999614,RERA-TEL-06248128,1,Ongoing,22.0,33.0,66.7,162.0,11,0.545,1
PROP-DBEF305603BD,,0,Unregistered,,,,,0,1.0,0
PROP-E04D96318703,,0,Unregistered,,,,,0,1.0,0
PROP-96EF07E4399D,RERA-TEL-45620539,1,Ongoing,33.0,40.0,82.5,90.0,9,0.556,0
PROP-F2EB7AE19A80,,0,Unregistered,,,,,0,1.0,0
PROP-D754CFEED374,,0,Unregistered,,,,,0,1.0,0
PROP-72D69EEF4D88,,0,Unregistered,,,,,0,1.0,0
PROP-F7EE11CF7DDB,,0,Unregistered,,,,,0,1.0,0
PROP-0FB43E406695,,0,Unregistered,,,,,0,1.0,0
PROP-4668918F4BAC,,0,Unregistered,,,,,0,1.0,0
PROP-B85D0686B82A,RERA-TEL-30394427,1,Ongoing,29.0,33.0,87.9,133.0,29,0.448,0
PROP-C9C5E6BB2979,,0,Unregistered,,,,,0,1.0,0
PROP-08AA218C34C7,RERA-TEL-33191032,1,Ongoing,6.0,38.0,15.8,92.0,21,0.619,3
PROP-D505AFE78ADF,RERA-TEL-97333513,1,Ongoing,11.0,34.0,32.4,23.0,20,0.75,3
PROP-B8F86C214941,RERA-TEL-10519853,1,Ongoing,11.0,31.0,35.5,145.0,19,0.789,2
PROP-B75BB7D1590F,,0,Unregistered,,,,,0,1.0,0
PROP-7C6DC523137D,RERA-TEL-52369747,1,Ongoing,29.0,37.0,78.4,72.0,5,0.2,0
PROP-093F4219EDE0,,0,Unregistered,,,,,0,1.0,0
PROP-B5D73EC0BC1B,,0,Unregistered,,,,,0,1.0,0
PROP-8E9EBB0559EE,,0,Unregistered,,,,,0,1.0,0
PROP-5B39B22135D0,RERA-TEL-34477833,1,Ongoing,39.0,58.0,67.2,105.0,13,0.769,1
PROP-53D0BF0EE96C,,0,Unregistered,,,,,0,1.0,0
PROP-C74CB7B847AE,,0,Unregistered,,,,,0,1.0,0
PROP-F65399718878,RERA-TEL-06589565,1,Ongoing,19.0,29.0,65.5,145.0,4,0.0,0
PROP-CB3EE0B858FA,,0,Unregistered,,,,,0,1.0,0
PROP-0EF5FB7E10B5,,0,Unregistered,,,,,0,1.0,0
PROP-863ABC75BC33,,0,Unregistered,,,,,0,1.0,0
PROP-56D1D2D6CAD8,,0,Unregistered,,,,,0,1.0,0
PROP-C31BBEA76072,,0,Unregistered,,,,,0,1.0,0
PROP-E33F1153F028,RERA-TEL-23560516,1,Ongoing,15.0,42.0,35.7,56.0,7,0.714,0
PROP-453492DAF743,,0,Unregistered,,,,,0,1.0,0
PROP-A5BC7745CF06,,0,Unregistered,,,,,0,1.0,0
PROP-7C9BF4511119,RERA-TEL-65548281,1,Ongoing,19.0,25.0,76.0,89.0,39,0.385,0
PROP-E9649009E689,RERA-TEL-66481800,1,Ongoing,10.0,58.0,17.2,118.0,67,0.284,0
PROP-943C731771B5,,0,Unregistered,,,,,0,1.0,0
PROP-A037E50292E8,RERA-TEL-85235022,1,Ongoing,20.0,35.0,57.1,163.0,9,0.667,0
PROP-356D7AB573FC,,0,Unregistered,,,,,0,1.0,0
PROP-50AC31C1EC07,,0,Unregistered,,,,,0,1.0,0
PROP-E5108EAD29D3,,0,Unregistered,,,,,0,1.0,0
PROP-2ECAA12813F6,,0,Unregistered,,,,,0,1.0,0
PROP-13CD5EF589D6,,0,Unregistered,,,,,0,1.0,0
PROP-DA47E60C4694,RERA-TEL-63452539,1,Completed,41.0,31.0,100.0,74.0,9,0.889,1
PROP-D14B1E88C608,,0,Unregistered,,,,,0,1.0,0
PROP-0DB2C1960593,RERA-TEL-69696298,1,Ongoing,16.0,32.0,50.0,71.0,6,0.667,0
PROP-0374AB99AB49,RERA-TEL-55375893,1,Ongoing,7.0,26.0,26.9,80.0,7,0.571,0
PROP-ACD074109D66,,0,Unregistered,,,,,0,1.0,0
PROP-FFA0DBFF82F3,,0,Unregistered,,,,,0,1.0,0
PROP-F31C0318E658,,0,Unregistered,,,,,0,1.0,0
PROP-34F52AB03B85,RERA-TEL-32635204,1,Ongoing,22.0,53.0,41.5,90.0,4,0.0,0
PROP-C1B513CD7A91,,0,Unregistered,,,,,0,1.0,0
PROP-A3514434CF79,,0,Unregistered,,,,,0,1.0,0
PROP-980FAA0211CD,,0,Unregistered,,,,,0,1.0,0
PROP-F45A5B5B0D88,RERA-TEL-03815500,1,Ongoing,18.0,45.0,40.0,99.0,12,0.583,0
PROP-69ADEC56ACEB,,0,Unregistered,,,,,0,1.0,0
PROP-DFD260424C64,,0,Unregistered,,,,,0,1.0,0
PROP-94595F6B7BDE,RERA-TEL-83053169,1,Ongoing,11.0,46.0,23.9,116.0,12,0.75,0
PROP-5A1C402A47F3,RERA-TEL-76384195,1,Ongoing,17.0,46.0,37.0,90.0,14,0.643,0
PROP-09CE9ADDEE5D,RERA-TEL-57659747,1,Ongoing,29.0,37.0,78.4,26.0,9,0.667,1
PROP-656B990A04BE,RERA-TEL-36582889,1,Ongoing,31.0,48.0,64.6,193.0,6,0.667,0
PROP-3D592908ADA9,RERA-TEL-10557227,1,Completed,48.0,35.0,100.0,45.0,14,1.0,2
PROP-8631DB9B9BDB,,0,Unregistered,,,,,0,1.0,0
PROP-E848274486FD,,0,Unregistered,,,,,0,1.0,0
PROP-035F1DF77480,RERA-TEL-74963409,1,Ongoing,15.0,28.0,53.6,184.0,32,0.781,2
PROP-B38269E87A5C,,0,Unregistered,,,,,0,1.0,0
PROP-040F2CAA3C2F,,0,Unregistered,,,,,0,1.0,0
PROP-9FFE8B132D2A,,0,Unregistered,,,,,0,1.0,0
PROP-CC0F0A77AD6E,RERA-TEL-55044377,1,Ongoing,31.0,56.0,55.4,236.0,5,0.8,1
PROP-EED632AF54E9,RERA-TEL-36387140,1,Ongoing,18.0,40.0,45.0,121.0,4,0.25,0
PROP-D408E7C356DF,,0,Unregistered,,,,,0,1.0,0
PROP-B8E59D936A01,RERA-TEL-83151163,1,Ongoing,17.0,58.0,29.3,43.0,7,0.286,0
PROP-ED2F4B843E2B,,0,Unregistered,,,,,0,1.0,0
PROP-AB26505CB09A,,0,Unregistered,,,,,0,1.0,0
PROP-0CCDD134F32F,RERA-TEL-50660818,1,Ongoing,42.0,53.0,79.2,73.0,9,0.889,0
PROP-2D93814678C7,,0,Unregistered,,,,,0,1.0,0
PROP-F1DCDE0EA2C5,RERA-TEL-72035224,1,Ongoing,26.0,36.0,72.2,85.0,8,0.5,0
PROP-919A3897DB29,,0,Unregistered,,,,,0,1.0,0
PROP-0A952C551127,,0,Unregistered,,,,,0,1.0,0
PROP-A62E594361AA,RERA-TEL-44645166,1,Ongoing,12.0,49.0,24.5,79.0,13,0.462,0
PROP-8F2195DE60CB,,0,Unregistered,,,,,0,1.0,0
PROP-31BAD2617194,,0,Unregistered,,,,,0,1.0,0
PROP-C5DEF7340238,,0,Unregistered,,,,,0,1.0,0
PROP-CBEE292773B9,RERA-TEL-22760665,1,Ongoing,23.0,33.0,69.7,117.0,16,0.562,0
PROP-480F74069725,RERA-TEL-79289308,1,Ongoing,30.0,42.0,71.4,54.0,11,0.545,0
PROP-2E871C3F27A6,,0,Unregistered,,,,,0,1.0,0
PROP-35D80106280A,,0,Unregistered,,,,,0,1.0,0
PROP-0F37AA3F0AE5,,0,Unregistered,,,,,0,1.0,0
PROP-A9416774F6D4,,0,Unregistered,,,,,0,1.0,0
PROP-F4D6453E52D6,,0,Unregistered,,,,,0,1.0,0
PROP-3BD1E962C7D9,RERA-TEL-77021334,1,Completed,55.0,31.0,100.0,89.0,8,0.5,1
PROP-7829BAF8BA68,RERA-TEL-29617818,1,Ongoing,36.0,46.0,78.3,68.0,10,0.8,0
PROP-1BDE68B7A86D,RERA-TEL-05180139,1,Ongoing,29.0,52.0,55.8,12.0,8,0.375,0
PROP-02B495C1EC94,RERA-TEL-47275737,1,Ongoing,27.0,33.0,81.8,182.0,7,0.571,0
PROP-32A650A8BCF0,RERA-TEL-59132040,1,Ongoing,26.0,57.0,45.6,17.0,42,0.5,1
PROP-EB27B01390A4,RERA-TEL-36129775,1,Ongoing,29.0,34.0,85.3,67.0,15,0.667,0
PROP-FA48D6011F79,RERA-TEL-90933091,1,Completed,39.0,32.0,100.0,45.0,12,0.75,1
PROP-BD7E82788E41,,0,Unregistered,,,,,0,1.0,0
PROP-E41E0FA10AF8,RERA-TEL-31986313,1,Completed,42.0,36.0,100.0,88.0,5,1.0,2
PROP-FBFF507E1D0D,,0,Unregistered,,,,,0,1.0,0
PROP-5C4FBB981A2D,RERA-TEL-33239381,1,Ongoing,15.0,31.0,48.4,149.0,7,0.714,0
PROP-9ED0D5D9E157,,0,Unregistered,,,,,0,1.0,0
PROP-B2F3F6773ABB,,0,Unregistered,,,,,0,1.0,0
PROP-911673600C88,,0,Unregistered,,,,,0,1.0,0
PROP-07F8FAA87931,,0,Unregistered,,,,,0,1.0,0
PROP-2B3D4B4FCDB0,,0,Unregistered,,,,,0,1.0,0
PROP-581EA2B80E38,,0,Unregistered,,,,,0,1.0,0
PROP-B520B9A3BF00,,0,Unregistered,,,,,0,1.0,0
PROP-7E1CD895B29A,,0,Unregistered,,,,,0,1.0,0
PROP-625CD0D1235F,RERA-TEL-79245546,1,Ongoing,12.0,45.0,26.7,217.0,42,0.571,1
PROP-5191B5E6C1FC,,0,Unregistered,,,,,0,1.0,0
PROP-8F10A6104D6C,RERA-TEL-99565115,1,Ongoing,41.0,46.0,89.1,62.0,2,0.5,0
PROP-7B308373CB2F,,0,Unregistered,,,,,0,1.0,0
PROP-B41DF046488C,,0,Unregistered,,,,,0,1.0,0
PROP-B6008725FA0C,,0,Unregistered,,,,,0,1.0,0
PROP-4AFE14D76540,,0,Unregistered,,,,,0,1.0,0
PROP-0099544FD492,,0,Unregistered,,,,,0,1.0,0
PROP-35AA38E89CF9,RERA-TEL-73622662,1,Ongoing,16.0,38.0,42.1,111.0,22,0.136,0
PROP-BFBD28B12DDA,,0,Unregistered,,,,,0,1.0,0
PROP-2F30488BA8AD,,0,Unregistered,,,,,0,1.0,0
PROP-B6BAFBCAB655,,0,Unregistered,,,,,0,1.0,0
PROP-3F186CC4735A,,0,Unregistered,,,,,0,1.0,0
PROP-CE161626314E,RERA-TEL-26383421,1,Ongoing,19.0,29.0,65.5,157.0,42,0.571,1
PROP-28796FC5D409,RERA-TEL-02997135,1,Ongoing,9.0,56.0,16.1,44.0,8,0.375,0
PROP-5D0423C5428E,,0,Unregistered,,,,,0,1.0,0
PROP-35CC202F3AC1,RERA-TEL-58368484,1,Ongoing,14.0,59.0,23.7,79.0,16,0.625,0
PROP-2F3EC39ED35B,,0,Unregistered,,,,,0,1.0,0
PROP-0672A6A0EF62,RERA-TEL-95635551,1,Completed,41.0,34.0,100.0,24.0,6,0.5,0
PROP-002BB8A01CEA,,0,Unregistered,,,,,0,1.0,0
PROP-2E90D6CFF0B5,,0,Unregistered,,,,,0,1.0,0
PROP-45C322CB7BE8,RERA-TEL-61831141,1,Ongoing,19.0,46.0,41.3,152.0,12,0.417,0
PROP-228CCDDE58E4,RERA-TEL-80810670,1,Ongoing,16.0,56.0,28.6,107.0,5,0.6,0
PROP-812FFD488A1F,,0,Unregistered,,,,,0,1.0,0
PROP-CD6F5ED1D262,RERA-TEL-24297174,1,Ongoing,32.0,60.0,53.3,85.0,11,0.818,4
PROP-BED1D266C941,,0,Unregistered,,,,,0,1.0,0
PROP-F565980FA2D4,RERA-TEL-98334434,1,Ongoing,50.0,52.0,96.2,96.0,6,0.333,0
PROP-ED994D4402A7,RERA-TEL-71116160,1,Ongoing,38.0,46.0,82.6,66.0,15,0.933,2
PROP-F34946D37CB3,RERA-TEL-95224646,1,Ongoing,12.0,44.0,27.3,60.0,12,0.417,0
PROP-D55875EEFC0A,,0,Unregistered,,,,,0,1.0,0
PROP-E8BB9F4BFB77,,0,Unregistered,,,,,0,1.0,0
PROP-31C59493CE95,RERA-TEL-21283859,1,Ongoing,33.0,48.0,68.8,171.0,15,0.533,2
PROP-E8050487D05C,,0,Unregistered,,,,,0,1.0,0
PROP-D45D8911FDAA,,0,Unregistered,,,,,0,1.0,0
PROP-8E7090840C1D,,0,Unregistered,,,,,0,1.0,0
PROP-DE4581618FF7,,0,Unregistered,,,,,0,1.0,0
PROP-6DF8150098C2,,0,Unregistered,,,,,0,1.0,0
PROP-55D8B080E737,,0,Unregistered,,,,,0,1.0,0
PROP-8082DB40E60F,RERA-TEL-18836728,1,Ongoing,22.0,48.0,45.8,74.0,23,0.174,0
PROP-C8B63B89B0EC,,0,Unregistered,,,,,0,1.0,0
PROP-CE19058E108B,RERA-TEL-87677093,1,Ongoing,15.0,34.0,44.1,145.0,17,0.765,0
PROP-95EF2BB97F7B,,0,Unregistered,,,,,0,1.0,0
PROP-7896941911A0,,0,Unregistered,,,,,0,1.0,0
PROP-FBBA6E0A6C87,,0,Unregistered,,,,,0,1.0,0
PROP-CFA68EAE1F17,,0,Unregistered,,,,,0,1.0,0
PROP-C08399438D0C,RERA-TEL-01958172,1,Ongoing,34.0,60.0,56.7,84.0,8,0.75,0
PROP-649B09DF67F3,RERA-TEL-58285130,1,Completed,36.0,32.0,100.0,65.0,8,0.625,0
PROP-35EF90537632,,0,Unregistered,,,,,0,1.0,0
PROP-209D8734B3C3,,0,Unregistered,,,,,0,1.0,0
PROP-C4954646E9F2,,0,Unregistered,,,,,0,1.0,0
PROP-91B4890AB30C,RERA-TEL-16839399,1,Completed,33.0,30.0,100.0,103.0,12,0.917,1
PROP-040BA2ECAB23,RERA-TEL-12796880,1,Ongoing,34.0,48.0,70.8,126.0,9,0.778,1
PROP-D1BCB7A6C695,,0,Unregistered,,,,,0,1.0,0
PROP-5BCE35227C19,RERA-TEL-82946872,1,Ongoing,14.0,50.0,28.0,178.0,16,0.688,0
PROP-5310A5B82E4B,,0,Unregistered,,,,,0,1.0,0
PROP-FCD9B9137814,,0,Unregistered,,,,,0,1.0,0
PROP-2DFD3111DA19,RERA-TEL-51965047,1,Ongoing,41.0,53.0,77.4,32.0,13,0.538,2
PROP-DCA723EFD316,,0,Unregistered,,,,,0,1.0,0
PROP-9CAFF9971B06,RERA-TEL-43481548,1,Ongoing,38.0,48.0,79.2,39.0,13,0.615,0
PROP-4B9A249BE6FA,RERA-TEL-90933091,1,Completed,42.0,32.0,100.0,45.0,12,0.833,2
PROP-E9E1087E51DC,RERA-TEL-89639304,1,Ongoing,34.0,48.0,70.8,131.0,15,0.867,1
PROP-64A81EDDB81B,RERA-TEL-06629636,1,Ongoing,30.0,50.0,60.0,36.0,7,0.571,0
PROP-97EEE540C245,RERA-TEL-23560516,1,Ongoing,6.0,42.0,14.3,56.0,6,0.667,0
PROP-7651A50B62AC,RERA-TEL-29386829,1,Ongoing,19.0,50.0,38.0,37.0,10,0.5,0
PROP-757BCCC648BA,RERA-TEL-13997288,1,Completed,30.0,24.0,100.0,194.0,7,0.429,0
PROP-16D5FFEAD07D,RERA-TEL-73872477,1,Ongoing,31.0,45.0,68.9,50.0,16,0.375,0
PROP-672D2C411426,RERA-TEL-26972970,1,Ongoing,40.0,47.0,85.1,35.0,13,0.923,1
PROP-D415B9EED88E,RERA-TEL-56459403,1,Ongoing,9.0,30.0,30.0,119.0,13,0.923,2
PROP-042A18D447FF,RERA-TEL-63661426,1,Ongoing,28.0,39.0,71.8,68.0,14,0.571,0
PROP-F32C50F4A213,RERA-TEL-90933091,1,Ongoing,12.0,32.0,37.5,45.0,10,0.6,0
PROP-DF84F81DDF70,RERA-TEL-73872477,1,Completed,67.0,45.0,100.0,50.0,17,0.941,3
PROP-E1974056206F,RERA-TEL-77021334,1,Completed,61.0,31.0,100.0,89.0,8,0.625,1
PROP-2CE85ED154FE,RERA-TEL-90933091,1,Ongoing,9.0,32.0,28.1,45.0,10,0.6,0
PROP-00B0DAAD18C8,RERA-TEL-64206015,1,Ongoing,21.0,32.0,65.6,200.0,5,0.4,0
PROP-7193FDC03808,RERA-TEL-64206015,1,Completed,36.0,32.0,100.0,200.0,5,0.8,0
PROP-DBE13E0A834E,RERA-TEL-24302342,1,Completed,36.0,29.0,100.0,204.0,7,0.429,0
PROP-A4B48ABE72C7,RERA-TEL-46154706,1,Ongoing,40.0,46.0,87.0,47.0,11,0.455,0
PROP-4DD4BAA8486F,RERA-TEL-87556055,1,Ongoing,13.0,53.0,24.5,90.0,6,0.833,1
PROP-46CF13FC01CF,RERA-TEL-99992512,1,Ongoing,10.0,37.0,27.0,27.0,16,0.75,4
PROP-866FE4CA02EE,RERA-TEL-77021334,1,Completed,40.0,31.0,100.0,89.0,8,0.375,0
PROP-42636804E44B,RERA-TEL-93802229,1,Completed,39.0,29.0,100.0,61.0,17,0.706,2
PROP-839F34EDCFF3,RERA-TEL-07762550,1,Completed,32.0,27.0,100.0,62.0,12,0.667,0
PROP-27B9284010CE,RERA-TEL-98334434,1,Ongoing,32.0,52.0,61.5,96.0,4,0.25,0
PROP-00C747214BC5,RERA-TEL-70203492,1,Completed,56.0,53.0,100.0,94.0,27,0.778,0
PROP-A02198998441,RERA-TEL-24669956,1,Ongoing,18.0,45.0,40.0,125.0,8,0.625,2
PROP-0E63BE761DEA,RERA-TEL-70203492,1,Ongoing,14.0,53.0,26.4,94.0,20,0.3,0
PROP-BB0553CF92B1,RERA-TEL-63700238,1,Ongoing,16.0,48.0,33.3,237.0,20,0.6,0
PROP-9A749A95B72E,RERA-TEL-22066825,1,Ongoing,15.0,39.0,38.5,36.0,7,0.857,0
PROP-F06651A44340,RERA-TEL-50660818,1,Ongoing,39.0,53.0,73.6,73.0,9,0.889,0
PROP-6B5F8DF64353,RERA-TEL-23560516,1,Ongoing,9.0,42.0,21.4,56.0,7,0.571,0
PROP-7A616AB0CB11,RERA-TEL-70203492,1,Ongoing,44.0,53.0,83.0,94.0,26,0.615,0
PROP-98EE98FFFC75,RERA-TEL-70203492,1,Ongoing,14.0,53.0,26.4,94.0,21,0.333,0
PROP-B9AEE3105431,,0,Unregistered,,,,,0,1.0,0
PROP-3B83A138AAF8,RERA-TEL-23560516,1,Ongoing,6.0,42.0,14.3,56.0,5,0.8,0
PROP-C33524FA20FF,RERA-TEL-70203492,1,Completed,59.0,53.0,100.0,94.0,27,0.778,0
PROP-5FDEB5C799A2,RERA-TEL-84398490,1,Ongoing,12.0,45.0,26.7,48.0,10,0.3,0
PROP-BE10A4594A2B,RERA-TEL-77021334,1,Completed,40.0,31.0,100.0,89.0,8,0.75,2
PROP-29B9C4B46264,RERA-TEL-57509425,1,Ongoing,7.0,36.0,19.4,110.0,16,0.375,0
PROP-42AAB6639B0C,RERA-TEL-50660818,1,Ongoing,12.0,53.0,22.6,73.0,9,0.667,0
PROP-5755D88A3990,RERA-TEL-50660818,1,Ongoing,36.0,53.0,67.9,73.0,9,0.889,0
PROP-5E16348E0C02,,0,Unregistered,,,,,0,1.0,0
PROP-4C1E163CA7A7,,0,Unregistered,,,,,0,1.0,0
PROP-D75D4A7B5DC7,RERA-TEL-98320027,1,Ongoing,33.0,41.0,80.5,22.0,9,0.556,0
PROP-63289A398F65,RERA-TEL-13736180,1,Ongoing,22.0,57.0,38.6,85.0,11,0.545,0
PROP-7030485D2554,,0,Unregistered,,,,,0,1.0,0
PROP-DBB80D842E7D,,0,Unregistered,,,,,0,1.0,0
PROP-CDEBF0EB9B3E,,0,Unregistered,,,,,0,1.0,0
PROP-4F2F461467EB,,0,Unregistered,,,,,0,1.0,0
PROP-EFBAD9C7DF8B,,0,Unregistered,,,,,0,1.0,0
PROP-27F3E7B2B41A,RERA-TEL-16475240,1,Completed,38.0,36.0,100.0,21.0,22,0.818,2
PROP-085B0B3785DB,,0,Unregistered,,,,,0,1.0,0
PROP-BAC43107AAB8,,0,Unregistered,,,,,0,1.0,0
PROP-8550CE2342E4,,0,Unregistered,,,,,0,1.0,0
PROP-EFC28452E658,RERA-TEL-41602828,1,Ongoing,28.0,30.0,93.3,79.0,9,0.667,0
PROP-FCF58EC43A48,RERA-TEL-48552446,1,Ongoing,28.0,54.0,51.9,31.0,12,0.5,0
PROP-4A08D7314B19,,0,Unregistered,,,,,0,1.0,0
PROP-F83200A143B3,RERA-TEL-88673652,1,Ongoing,22.0,31.0,71.0,121.0,8,0.625,0
PROP-0C3A6EE98732,RERA-TEL-88673652,1,Completed,40.0,31.0,100.0,121.0,11,0.545,0
PROP-0496BC9DBE3C,RERA-TEL-08470525,1,Ongoing,35.0,41.0,85.4,130.0,22,0.136,0
PROP-1C89A9B2255D,RERA-TEL-26315503,1,Ongoing,37.0,57.0,64.9,111.0,59,0.22,0
PROP-EE7C8B7F0CFC,,0,Unregistered,,,,,0,1.0,0
PROP-04026C47C0A9,RERA-TEL-32424014,1,Ongoing,16.0,50.0,32.0,95.0,16,0.688,3
PROP-F2A94EFA44BD,RERA-TEL-80067288,1,Ongoing,18.0,35.0,51.4,45.0,21,0.286,0
PROP-A925A0C32310,,0,Unregistered,,,,,0,1.0,0
PROP-84D2C6E84C23,,0,Unregistered,,,,,0,1.0,0
PROP-B96559BFC2F3,RERA-TEL-76375486,1,Ongoing,24.0,56.0,42.9,109.0,7,0.571,0
PROP-A70B6AF20806,RERA-TEL-73161796,1,Ongoing,10.0,58.0,17.2,63.0,12,0.583,0
PROP-88DC05B42C1C,RERA-TEL-87428015,1,Ongoing,13.0,52.0,25.0,29.0,9,0.889,2
PROP-5F6A08DA9A71,RERA-TEL-01745256,1,Ongoing,14.0,35.0,40.0,55.0,13,0.385,0
PROP-E904F8E38EF5,,0,Unregistered,,,,,0,1.0,0
PROP-6063D909F230,,0,Unregistered,,,,,0,1.0,0
PROP-28671CD8823D,,0,Unregistered,,,,,0,1.0,0
PROP-F1BF21DA36C2,,0,Unregistered,,,,,0,1.0,0
PROP-27BDA3D88935,RERA-TEL-11076106,1,Ongoing,24.0,34.0,70.6,121.0,14,0.429,0
PROP-C7ACF84AAB46,,0,Unregistered,,,,,0,1.0,0
PROP-B8D462A2DF0C,RERA-TEL-18453449,1,Ongoing,19.0,27.0,70.4,109.0,8,0.25,0
PROP-23D240E005F2,RERA-TEL-96652221,1,Ongoing,7.0,47.0,14.9,158.0,11,0.364,0
PROP-69083C575595,,0,Unregistered,,,,,0,1.0,0
PROP-1B870913B673,RERA-TEL-16120287,1,Ongoing,13.0,55.0,23.6,28.0,15,0.533,2
PROP-7F86CC7DCD3E,RERA-TEL-78469479,1,Ongoing,17.0,58.0,29.3,264.0,6,0.5,0
PROP-B6A11DE3B3CC,RERA-TEL-35531337,1,Ongoing,11.0,27.0,40.7,70.0,14,0.357,0
PROP-2D1779BDD5F3,RERA-TEL-68232104,1,Ongoing,6.0,37.0,16.2,108.0,43,0.698,2
PROP-0A1C110616DD,,0,Unregistered,,,,,0,1.0,0
PROP-73A0DDEC4737,,0,Unregistered,,,,,0,1.0,0
PROP-08C28CCEC3C9,,0,Unregistered,,,,,0,1.0,0
PROP-34E54DB26755,RERA-TEL-18048427,1,Ongoing,29.0,44.0,65.9,120.0,19,0.368,0
PROP-FA8D1F3E96E4,,0,Unregistered,,,,,0,1.0,0
PROP-FB258B73F66D,RERA-TEL-57375227,1,Ongoing,33.0,48.0,68.8,71.0,5,0.4,0
PROP-137C35ADBDB8,,0,Unregistered,,,,,0,1.0,0
PROP-74F763732676,,0,Unregistered,,,,,0,1.0,0
PROP-350E213FE6E0,,0,Unregistered,,,,,0,1.0,0
PROP-38E8ACDDA20C,,0,Unregistered,,,,,0,1.0,0
PROP-60CD463A58C0,RERA-TEL-61689670,1,Ongoing,36.0,45.0,80.0,168.0,3,0.333,0
PROP-412680C10449,,0,Unregistered,,,,,0,1.0,0
PROP-AABCD8B2FE4F,RERA-TEL-05187622,1,Ongoing,20.0,27.0,74.1,45.0,12,0.75,0
PROP-D6B46557AE5D,RERA-TEL-86363029,1,Ongoing,15.0,57.0,26.3,181.0,14,0.857,2
PROP-F16E366247E6,RERA-TEL-98086144,1,Completed,38.0,26.0,100.0,70.0,4,0.75,0
PROP-A61A28C277F3,RERA-TEL-28740972,1,Ongoing,26.0,32.0,81.2,32.0,15,0.867,3
PROP-CCDBCCEF4411,,0,Unregistered,,,,,0,1.0,0
PROP-E7DD68900C48,,0,Unregistered,,,,,0,1.0,0
PROP-E17A41D91144,RERA-TEL-68980534,1,Ongoing,40.0,57.0,70.2,54.0,14,0.786,0
PROP-5DA698499EBB,,0,Unregistered,,,,,0,1.0,0
PROP-6B9EE1A5C0C2,RERA-TEL-40978878,1,Ongoing,28.0,56.0,50.0,101.0,8,0.875,0
PROP-CABCF59B4D2E,,0,Unregistered,,,,,0,1.0,0
PROP-E940BD1859F3,,0,Unregistered,,,,,0,1.0,0
PROP-88F46A855F97,RERA-TEL-23816502,1,Ongoing,36.0,43.0,83.7,65.0,7,0.286,0
PROP-EC7C5FFB5B10,,0,Unregistered,,,,,0,1.0,0
PROP-4B48009115F2,,0,Unregistered,,,,,0,1.0,0
PROP-E8939A19445E,RERA-TEL-31986313,1,Ongoing,15.0,36.0,41.7,88.0,5,0.4,0
PROP-191739425E8B,,0,Unregistered,,,,,0,1.0,0
PROP-D1C4246934A9,RERA-TEL-25949703,1,Ongoing,13.0,34.0,38.2,197.0,12,0.667,0
PROP-5D2ADCE712AC,RERA-TEL-54555015,1,Ongoing,33.0,35.0,94.3,23.0,11,0.091,0
PROP-F7E3FF1C01E3,,0,Unregistered,,,,,0,1.0,0
PROP-DF470A53E18D,RERA-TEL-81795932,1,Ongoing,18.0,49.0,36.7,205.0,39,0.385,0
PROP-B322CA0F2F56,RERA-TEL-04893578,1,Ongoing,28.0,41.0,68.3,96.0,10,0.8,1
PROP-2BEED94D876B,RERA-TEL-68980534,1,Ongoing,16.0,57.0,28.1,54.0,13,0.769,0
PROP-D1248BFC02BF,,0,Unregistered,,,,,0,1.0,0
PROP-24154292A436,RERA-TEL-22432962,1,Ongoing,20.0,24.0,83.3,30.0,8,0.625,1
PROP-57452ECF0F62,RERA-TEL-66353154,1,Ongoing,16.0,53.0,30.2,137.0,12,0.75,0
PROP-FFEFE0787466,RERA-TEL-99569006,1,Completed,32.0,29.0,100.0,197.0,12,0.75,0
PROP-84D7599902B4,,0,Unregistered,,,,,0,1.0,0
PROP-A8C14D9EB520,,0,Unregistered,,,,,0,1.0,0
PROP-92CC5FCC0984,,0,Unregistered,,,,,0,1.0,0
PROP-57B08CFE88BF,,0,Unregistered,,,,,0,1.0,0
PROP-8A49E0672652,,0,Unregistered,,,,,0,1.0,0
PROP-A552D3B92FDE,,0,Unregistered,,,,,0,1.0,0
PROP-A4554CD4EA11,RERA-TEL-81416781,1,Ongoing,11.0,58.0,19.0,67.0,6,0.667,0
PROP-8E87C2F71D48,RERA-TEL-67058714,1,Ongoing,20.0,59.0,33.9,103.0,15,0.667,5
PROP-40C4B6226DC7,,0,Unregistered,,,,,0,1.0,0
PROP-2CF16027C624,,0,Unregistered,,,,,0,1.0,0
PROP-1037B9ED0782,RERA-TEL-53235521,1,Completed,31.0,24.0,100.0,153.0,12,0.917,2
PROP-D8BA302A8FC5,,0,Unregistered,,,,,0,1.0,0
PROP-2E8EED5D805B,,0,Unregistered,,,,,0,1.0,0
PROP-10DA99B2C2D4,,0,Unregistered,,,,,0,1.0,0
PROP-718FE67E2594,,0,Unregistered,,,,,0,1.0,0
PROP-FF527CB4BAC7,RERA-TEL-34067367,1,Ongoing,24.0,34.0,70.6,50.0,11,0.818,0
PROP-C7624F0F7B43,,0,Unregistered,,,,,0,1.0,0
PROP-18502A7488C5,,0,Unregistered,,,,,0,1.0,0
PROP-8B7EA326E510,,0,Unregistered,,,,,0,1.0,0
PROP-7E568CF43565,RERA-TEL-73161796,1,Ongoing,49.0,58.0,84.5,63.0,13,0.846,2
PROP-5158293C886B,RERA-TEL-12136466,1,Ongoing,24.0,56.0,42.9,83.0,13,0.692,0
PROP-639A2572325C,RERA-TEL-13441320,1,Ongoing,14.0,40.0,35.0,65.0,9,0.778,0
PROP-20BE653DBACB,RERA-TEL-13245190,1,Ongoing,8.0,53.0,15.1,241.0,19,0.526,0
PROP-E6354CB5C66F,RERA-TEL-20834152,1,Ongoing,38.0,53.0,71.7,141.0,11,0.364,0
PROP-5D03C388F594,RERA-TEL-15407665,1,Ongoing,35.0,54.0,64.8,86.0,4,0.5,0
PROP-65C414540ADA,,0,Unregistered,,,,,0,1.0,0
PROP-3C8A1176A0A5,RERA-TEL-34892996,1,Ongoing,18.0,50.0,36.0,14.0,12,0.75,2
PROP-5741A3F5146F,RERA-TEL-07762550,1,Completed,41.0,27.0,100.0,62.0,12,0.833,2
PROP-A5170B64DDC8,RERA-TEL-44872647,1,Ongoing,25.0,29.0,86.2,187.0,12,0.917,1
PROP-B5A0CEED682C,,0,Unregistered,,,,,0,1.0,0
PROP-C87B5AC627F5,,0,Unregistered,,,,,0,1.0,0
PROP-E350D28F5F97,,0,Unregistered,,,,,0,1.0,0
PROP-FD652FFB4F9C,,0,Unregistered,,,,,0,1.0,0
PROP-57B346A38F6C,RERA-TEL-14594941,1,Ongoing,7.0,26.0,26.9,145.0,7,0.571,0
PROP-A990EAC71B34,,0,Unregistered,,,,,0,1.0,0
PROP-BD83B0D4BE9A,RERA-TEL-90374261,1,Completed,71.0,31.0,100.0,37.0,12,0.917,2
PROP-1E407215FBA1,RERA-TEL-06339740,1,Completed,56.0,30.0,100.0,111.0,21,0.81,3
PROP-9FF2C5F05F14,,0,Unregistered,,,,,0,1.0,0
PROP-A48661B98700,RERA-TEL-62417375,1,Completed,37.0,31.0,100.0,66.0,13,0.308,0
PROP-52847602F1D0,RERA-TEL-04988742,1,Ongoing,12.0,60.0,20.0,135.0,14,0.857,6
PROP-62F82DCBCB25,RERA-TEL-90374261,1,Completed,53.0,31.0,100.0,37.0,12,0.75,0
PROP-52E1C694A74F,,0,Unregistered,,,,,0,1.0,0
PROP-32AFBDC58406,RERA-TEL-13181895,1,Ongoing,17.0,58.0,29.3,24.0,12,0.917,1
PROP-A80FB995A83C,RERA-TEL-57641172,1,Ongoing,34.0,46.0,73.9,87.0,23,0.174,0
PROP-6917BBFDBE3D,,0,Unregistered,,,,,0,1.0,0
PROP-293923DEF999,RERA-TEL-67056559,1,Ongoing,13.0,39.0,33.3,118.0,10,0.6,0
PROP-5B4D5EE8A111,RERA-TEL-02726125,1,Ongoing,7.0,49.0,14.3,113.0,3,0.333,0
PROP-668E4D8175B5,,0,Unregistered,,,,,0,1.0,0
PROP-A099729894CA,RERA-TEL-67560762,1,Ongoing,28.0,29.0,96.6,38.0,8,0.5,0
PROP-1C6609E8B542,RERA-TEL-74401893,1,Ongoing,27.0,33.0,81.8,118.0,20,0.4,0
PROP-C52D2F036131,,0,Unregistered,,,,,0,1.0,0
PROP-F25320DA9F98,,0,Unregistered,,,,,0,1.0,0
PROP-CCC36D1A9238,,0,Unregistered,,,,,0,1.0,0
PROP-20B626D0F2EA,RERA-TEL-01465882,1,Ongoing,20.0,47.0,42.6,35.0,6,0.333,0
PROP-B88BD1389DDA,RERA-TEL-35823248,1,Ongoing,14.0,40.0,35.0,41.0,17,0.824,2
PROP-D72B4D2887EB,RERA-TEL-33438609,1,Ongoing,11.0,29.0,37.9,24.0,14,0.286,0
PROP-BBA6EBC53C91,RERA-TEL-91421952,1,Ongoing,10.0,31.0,32.3,126.0,20,0.75,4
PROP-06653760EAB7,,0,Unregistered,,,,,0,1.0,0
PROP-D7FA7C53760C,,0,Unregistered,,,,,0,1.0,0
PROP-F6C69791252D,,0,Unregistered,,,,,0,1.0,0
PROP-F02C2A35A0CE,RERA-TEL-17374230,1,Ongoing,12.0,47.0,25.5,160.0,12,0.75,0
PROP-20AA8B170055,RERA-TEL-60755892,1,Ongoing,18.0,36.0,50.0,172.0,4,0.75,0
PROP-FB2F55B6BDE7,,0,Unregistered,,,,,0,1.0,0
PROP-8F7C8EBD5588,,0,Unregistered,,,,,0,1.0,0
PROP-4A2CCE9FF953,RERA-TEL-78998287,1,Completed,37.0,24.0,100.0,10.0,8,0.625,0
PROP-B25F1EE876ED,,0,Unregistered,,,,,0,1.0,0
PROP-423AC111986E,RERA-TEL-27587772,1,Ongoing,26.0,38.0,68.4,28.0,9,0.556,0
PROP-E884B4869477,RERA-TEL-91901571,1,Ongoing,9.0,25.0,36.0,40.0,67,0.284,0
PROP-196B8CA5F817,,0,Unregistered,,,,,0,1.0,0
PROP-C6132A4E1294,RERA-TEL-06339740,1,Ongoing,14.0,30.0,46.7,111.0,17,0.176,0
PROP-8A0B08B9115B,RERA-TEL-27167496,1,Ongoing,26.0,51.0,51.0,33.0,13,0.385,0
PROP-B6B072279040,RERA-TEL-98116065,1,Ongoing,11.0,48.0,22.9,73.0,14,0.5,0
PROP-6D515EEC031E,RERA-TEL-76200169,1,Completed,39.0,36.0,100.0,32.0,16,0.75,1
PROP-357AE65DE2E2,RERA-TEL-40211564,1,Ongoing,17.0,43.0,39.5,157.0,23,0.522,0
PROP-C5E838EAC018,,0,Unregistered,,,,,0,1.0,0
PROP-5AB840AED209,RERA-TEL-85878422,1,Ongoing,28.0,47.0,59.6,80.0,13,0.538,0
PROP-8A0B2941FE8D,,0,Unregistered,,,,,0,1.0,0
PROP-535412824887,RERA-TEL-39541773,1,Ongoing,7.0,28.0,25.0,50.0,5,0.6,1
PROP-48F225346956,,0,Unregistered,,,,,0,1.0,0
PROP-889EF17714F3,RERA-TEL-52579584,1,Ongoing,22.0,51.0,43.1,101.0,12,0.917,2
PROP-7530E7CD300A,RERA-TEL-52275144,1,Ongoing,10.0,52.0,19.2,16.0,12,0.667,0
PROP-F52F9D91055B,,0,Unregistered,,,,,0,1.0,0
PROP-B5B8575308D0,RERA-TEL-48349058,1,Ongoing,28.0,48.0,58.3,136.0,11,0.545,0
PROP-077A939BFEE8,RERA-TEL-09025011,1,Ongoing,41.0,46.0,89.1,39.0,18,0.278,0
PROP-8C737BAFA747,RERA-TEL-52275144,1,Ongoing,10.0,52.0,19.2,16.0,12,0.667,0
PROP-8010D37C32C0,,0,Unregistered,,,,,0,1.0,0
PROP-31151B4B9A58,,0,Unregistered,,,,,0,1.0,0
PROP-434DBB289A5A,,0,Unregistered,,,,,0,1.0,0
PROP-4DF35769ADFB,,0,Unregistered,,,,,0,1.0,0
PROP-E3A248B4600C,RERA-TEL-78708796,1,Ongoing,10.0,31.0,32.3,141.0,8,0.375,0
PROP-BE274D340BE2,,0,Unregistered,,,,,0,1.0,0
PROP-F4919EF70EC2,RERA-TEL-35918261,1,Ongoing,15.0,26.0,57.7,90.0,13,0.538,1
PROP-1224A837102F,RERA-TEL-11334186,1,Ongoing,24.0,45.0,53.3,192.0,4,0.75,0
PROP-B024A23E5B23,,0,Unregistered,,,,,0,1.0,0
PROP-89D5F212B4AD,RERA-TEL-26360581,1,Completed,39.0,29.0,100.0,67.0,11,0.455,0
PROP-FA7CB90CB817,,0,Unregistered,,,,,0,1.0,0
PROP-EB006A681793,,0,Unregistered,,,,,0,1.0,0
PROP-542F7EC71F1C,RERA-TEL-74549125,1,Ongoing,27.0,42.0,64.3,100.0,8,0.5,0
PROP-3769D2D9412A,,0,Unregistered,,,,,0,1.0,0
PROP-E6617D08335A,,0,Unregistered,,,,,0,1.0,0
PROP-838CA3E9700D,RERA-TEL-51634020,1,Ongoing,14.0,43.0,32.6,49.0,14,0.857,3
PROP-56B3F1F2509F,RERA-TEL-65695790,1,Ongoing,12.0,27.0,44.4,115.0,16,0.688,3
PROP-18E6C8F6DD2A,RERA-TEL-31712447,1,Ongoing,13.0,52.0,25.0,216.0,7,0.714,0
PROP-D1B8CF49DE5E,,0,Unregistered,,,,,0,1.0,0
PROP-E035FF99FA84,,0,Unregistered,,,,,0,1.0,0
PROP-8E9CD438FAAF,,0,Unregistered,,,,,0,1.0,0
PROP-90C4DEFE07AE,RERA-TEL-53928733,1,Ongoing,11.0,54.0,20.4,189.0,5,0.6,0
PROP-C6B03F338B5E,RERA-TEL-89729354,1,Ongoing,12.0,31.0,38.7,159.0,10,0.5,2
PROP-4FA26FA9B6BF,,0,Unregistered,,,,,0,1.0,0
PROP-40ABE0A5BA9E,,0,Unregistered,,,,,0,1.0,0
PROP-541C9CDEF397,RERA-TEL-41575921,1,Ongoing,39.0,41.0,95.1,81.0,22,0.364,0
PROP-8E13C5D7545C,RERA-TEL-64694716,1,Ongoing,10.0,24.0,41.7,232.0,9,0.889,2
PROP-7CDB27CCC56B,,0,Unregistered,,,,,0,1.0,0
PROP-BE17005A9A15,RERA-TEL-40211564,1,Ongoing,14.0,43.0,32.6,157.0,22,0.364,0
PROP-90B315A513D6,,0,Unregistered,,,,,0,1.0,0
PROP-A6E0D427219E,,0,Unregistered,,,,,0,1.0,0
PROP-3D548FDC0144,,0,Unregistered,,,,,0,1.0,0
PROP-55B8C2C99F09,,0,Unregistered,,,,,0,1.0,0
PROP-0F6035EF3201,,0,Unregistered,,,,,0,1.0,0
PROP-D9D4ABFD4D32,,0,Unregistered,,,,,0,1.0,0
PROP-AC39FFFD2C4D,,0,Unregistered,,,,,0,1.0,0
PROP-DB6AF703BAB7,RERA-TEL-48938464,1,Ongoing,6.0,39.0,15.4,83.0,8,0.75,2
PROP-E8F503B5CE48,,0,Unregistered,,,,,0,1.0,0
PROP-68999F45BB7D,,0,Unregistered,,,,,0,1.0,0
PROP-96D14D57735E,,0,Unregistered,,,,,0,1.0,0
PROP-7C5DABD0826B,,0,Unregistered,,,,,0,1.0,0
PROP-CF37E21D04F0,,0,Unregistered,,,,,0,1.0,0
PROP-5A93ECCCA934,RERA-TEL-44684034,1,Ongoing,36.0,49.0,73.5,43.0,11,0.818,4
PROP-BFC4BA69B1FD,RERA-MHA-34118198,1,Completed,24.0,24.0,100.0,109.0,6,0.667,0
PROP-033786CD55DF,RERA-MHA-05508474,1,Ongoing,24.0,37.0,64.9,93.0,10,0.8,1
PROP-07FD97265E08,,0,Unregistered,,,,,0,1.0,0
PROP-E87988C7452C,RERA-MHA-58732430,1,Completed,36.0,27.0,100.0,45.0,11,0.455,0
PROP-DA2083113828,RERA-MHA-80516935,1,Ongoing,37.0,50.0,74.0,120.0,22,0.136,0
PROP-E3304A56CA33,RERA-MHA-96436707,1,Ongoing,9.0,58.0,15.5,18.0,9,0.333,0
PROP-BDDA9BE2A725,,0,Unregistered,,,,,0,1.0,0
PROP-92AC7D5C7E18,RERA-MHA-23829705,1,Ongoing,39.0,54.0,72.2,101.0,14,0.714,3
PROP-89CDAD51D2E3,RERA-MHA-02294256,1,Ongoing,6.0,32.0,18.8,64.0,7,0.714,2
PROP-A952D42BE5C1,,0,Unregistered,,,,,0,1.0,0
PROP-58A66BCF9BC4,,0,Unregistered,,,,,0,1.0,0
PROP-83A74B308D02,RERA-MHA-68224450,1,Ongoing,8.0,38.0,21.1,55.0,10,0.4,0
PROP-A24C1A2A436D,RERA-MHA-83683352,1,Ongoing,38.0,48.0,79.2,137.0,14,0.857,0
PROP-5AC744D2811D,,0,Unregistered,,,,,0,1.0,0
PROP-35112A2D7B2F,RERA-MHA-79948099,1,Completed,41.0,31.0,100.0,37.0,11,0.636,0
PROP-64FB0E91411A,,0,Unregistered,,,,,0,1.0,0
PROP-459B7695BE7B,RERA-MHA-60806956,1,Ongoing,38.0,60.0,63.3,229.0,13,0.692,0
PROP-E68C72AA97E5,,0,Unregistered,,,,,0,1.0,0
PROP-3D84680B3250,RERA-MHA-80308652,1,Ongoing,6.0,41.0,14.6,43.0,11,0.818,2
PROP-FAC4C69AB051,,0,Unregistered,,,,,0,1.0,0
PROP-11BFD5EF8BD3,,0,Unregistered,,,,,0,1.0,0
PROP-0C78CA7B7E7C,RERA-MHA-97409675,1,Ongoing,25.0,50.0,50.0,65.0,22,0.591,1
PROP-06C99F496015,,0,Unregistered,,,,,0,1.0,0
PROP-EB51D49ABCFF,RERA-MHA-16674054,1,Ongoing,40.0,44.0,90.9,111.0,7,0.571,1
PROP-804670C66D51,RERA-MHA-76973878,1,Completed,40.0,27.0,100.0,149.0,7,0.857,1
PROP-65F6262609ED,RERA-MHA-25630786,1,Ongoing,8.0,37.0,21.6,167.0,4,0.5,0
PROP-410C9393C969,RERA-MHA-19306567,1,Ongoing,17.0,37.0,45.9,52.0,14,0.5,0
PROP-FDECEAA546D1,RERA-MHA-64488932,1,Ongoing,34.0,53.0,64.2,243.0,5,0.8,0
PROP-E4C87C68E8B6,RERA-MHA-30979912,1,Ongoing,34.0,49.0,69.4,101.0,14,0.643,0
PROP-9DF18B6C1B1F,RERA-MHA-85946224,1,Completed,26.0,25.0,100.0,10.0,11,0.818,0
PROP-19434463DFB3,RERA-MHA-63954120,1,Ongoing,26.0,42.0,61.9,139.0,16,0.875,3
PROP-50CFA42E23E9,RERA-MHA-25999289,1,Ongoing,19.0,43.0,44.2,103.0,13,0.692,0
PROP-D746AAE1783A,RERA-MHA-72431338,1,Ongoing,8.0,33.0,24.2,127.0,4,0.5,0
PROP-0325D6C6211A,,0,Unregistered,,,,,0,1.0,0
PROP-A623EC9C1FD9,,0,Unregistered,,,,,0,1.0,0
PROP-BA7B7F0C15B8,,0,Unregistered,,,,,0,1.0,0
PROP-4D0FBECB9B11,RERA-MHA-76480774,1,Ongoing,32.0,38.0,84.2,50.0,13,0.154,0
PROP-DFFE7AF6B819,,0,Unregistered,,,,,0,1.0,0
PROP-3DDB0F55D369,RERA-MHA-56493344,1,Ongoing,38.0,48.0,79.2,214.0,14,0.714,3
PROP-C7BBC04ED996,,0,Unregistered,,,,,0,1.0,0
PROP-435F0CDB069E,RERA-MHA-71485843,1,Completed,41.0,34.0,100.0,210.0,6,0.833,0
PROP-9532B0CCF0FE,RERA-MHA-91027891,1,Ongoing,41.0,58.0,70.7,11.0,13,0.615,0
PROP-42E06638378B,RERA-MHA-90593194,1,Ongoing,8.0,51.0,15.7,114.0,17,0.529,0
PROP-3464E411BE9D,,0,Unregistered,,,,,0,1.0,0
PROP-59204782637C,,0,Unregistered,,,,,0,1.0,0
PROP-EB4514BFA1ED,RERA-MHA-14355034,1,Ongoing,8.0,36.0,22.2,75.0,11,0.909,1
PROP-1DCC2F844CDE,,0,Unregistered,,,,,0,1.0,0
PROP-63CEAAB317BC,,0,Unregistered,,,,,0,1.0,0
PROP-0749D20672E1,RERA-MHA-29778564,1,Ongoing,34.0,58.0,58.6,49.0,25,0.56,2
PROP-917CC2CC1FC5,,0,Unregistered,,,,,0,1.0,0
PROP-E6B78CFFEC28,,0,Unregistered,,,,,0,1.0,0
PROP-D31A53E98564,RERA-MHA-46976343,1,Ongoing,29.0,32.0,90.6,38.0,20,0.8,1
PROP-4FD4122CB71C,RERA-MHA-55983871,1,Ongoing,37.0,46.0,80.4,63.0,14,0.857,2
PROP-6B82E697D8B4,,0,Unregistered,,,,,0,1.0,0
PROP-1C8BB5DA92AD,RERA-MHA-31231548,1,Ongoing,30.0,38.0,78.9,37.0,8,0.25,0
PROP-2F7D90EC1D26,RERA-MHA-10709277,1,Ongoing,39.0,50.0,78.0,28.0,10,0.3,0
PROP-22BC9FEDD8DF,RERA-MHA-68129323,1,Ongoing,13.0,59.0,22.0,121.0,4,0.5,0
PROP-A5C368BFA404,,0,Unregistered,,,,,0,1.0,0
PROP-2109AB057B1C,RERA-MHA-23119830,1,Ongoing,8.0,48.0,16.7,81.0,22,0.591,1
PROP-5C1C04E5479F,RERA-MHA-39647683,1,Ongoing,13.0,52.0,25.0,35.0,67,0.358,2
PROP-09F9EF98EFDE,,0,Unregistered,,,,,0,1.0,0
PROP-D62A394EADCC,RERA-MHA-30985020,1,Completed,38.0,24.0,100.0,24.0,11,0.727,0
PROP-D1AFC4410D56,RERA-MHA-56212397,1,Ongoing,15.0,51.0,29.4,108.0,7,0.286,0
PROP-AF68F36384B0,RERA-MHA-42776440,1,Ongoing,10.0,39.0,25.6,32.0,5,0.8,0
PROP-C9DEEF9F6FD0,RERA-MHA-65998436,1,Ongoing,22.0,28.0,78.6,165.0,13,0.923,2
PROP-B400F04E0E24,,0,Unregistered,,,,,0,1.0,0
PROP-9889138F8920,,0,Unregistered,,,,,0,1.0,0
PROP-4194CFF38CFB,RERA-MHA-85471397,1,Ongoing,7.0,45.0,15.6,78.0,12,0.917,3
PROP-2E90E7123022,,0,Unregistered,,,,,0,1.0,0
PROP-44B10BC9C192,RERA-MHA-79445742,1,Ongoing,8.0,33.0,24.2,104.0,23,0.13,0
PROP-5B0E4391CBD0,RERA-MHA-27276625,1,Ongoing,31.0,33.0,93.9,140.0,14,0.857,0
PROP-A1F681CE3261,,0,Unregistered,,,,,0,1.0,0
PROP-6993B8D02E65,,0,Unregistered,,,,,0,1.0,0
PROP-337865F58DA8,RERA-MHA-05825533,1,Ongoing,19.0,44.0,43.2,143.0,15,0.533,0
PROP-1DAC5D1661C9,,0,Unregistered,,,,,0,1.0,0
PROP-CD391AA021AF,,0,Unregistered,,,,,0,1.0,0
PROP-79970B67223E,,0,Unregistered,,,,,0,1.0,0
PROP-24B4B4BF9927,RERA-MHA-78399771,1,Ongoing,25.0,45.0,55.6,129.0,6,0.667,2
PROP-05CBC5643D66,RERA-MHA-11364095,1,Ongoing,35.0,59.0,59.3,35.0,17,0.824,4
PROP-D729A78C52B0,,0,Unregistered,,,,,0,1.0,0
PROP-EC2D3805900F,,0,Unregistered,,,,,0,1.0,0
PROP-AB1EA9AE170E,,0,Unregistered,,,,,0,1.0,0
PROP-D7AD1C6A7D3A,RERA-MHA-63244979,1,Ongoing,25.0,40.0,62.5,169.0,14,0.857,1
PROP-F864CBDBA75D,RERA-MHA-81650103,1,Completed,29.0,26.0,100.0,30.0,17,0.824,2
PROP-F0F81B0BC1C8,,0,Unregistered,,,,,0,1.0,0
PROP-6ECA2D14049B,,0,Unregistered,,,,,0,1.0,0
PROP-4051473C3A5B,RERA-MHA-05199995,1,Ongoing,29.0,48.0,60.4,96.0,20,0.55,0
PROP-A98841921BA6,RERA-MHA-75889904,1,Completed,38.0,25.0,100.0,60.0,7,0.714,0
PROP-32657488B9E8,,0,Unregistered,,,,,0,1.0,0
PROP-31C798C91564,,0,Unregistered,,,,,0,1.0,0
PROP-1C7147461B42,,0,Unregistered,,,,,0,1.0,0
PROP-857ABC7EBE6D,RERA-MHA-08430466,1,Ongoing,28.0,53.0,52.8,16.0,9,0.667,0
PROP-AB4C07B9BC30,RERA-MHA-06066086,1,Ongoing,36.0,49.0,73.5,48.0,35,0.686,1
PROP-C2C410B4F241,RERA-MHA-23430265,1,Ongoing,11.0,26.0,42.3,66.0,12,0.917,2
PROP-5DB14DD84E54,RERA-MHA-56505944,1,Ongoing,10.0,39.0,25.6,46.0,20,0.6,0
PROP-84F6421EDE4E,,0,Unregistered,,,,,0,1.0,0
PROP-3F4454965A48,RERA-MHA-27274553,1,Ongoing,7.0,27.0,25.9,31.0,10,0.6,0
PROP-F22AF2C9CF80,RERA-MHA-86523936,1,Ongoing,22.0,24.0,91.7,131.0,30,0.333,0
PROP-39EC31393F7D,,0,Unregistered,,,,,0,1.0,0
PROP-5943EA2A5D22,RERA-MHA-31073539,1,Ongoing,21.0,52.0,40.4,133.0,16,0.938,1
PROP-FC3176B032E9,,0,Unregistered,,,,,0,1.0,0
PROP-C5043E7B12DB,RERA-MHA-76693240,1,Completed,38.0,28.0,100.0,47.0,12,0.333,0
PROP-A16F9ADC7001,RERA-MHA-35713272,1,Ongoing,38.0,59.0,64.4,27.0,7,0.571,0
PROP-9731DD766F55,RERA-MHA-41306194,1,Ongoing,8.0,29.0,27.6,170.0,7,0.286,0
PROP-A58ABE59D1C0,RERA-MHA-48822780,1,Ongoing,6.0,27.0,22.2,53.0,20,0.5,1
PROP-00315A001814,RERA-MHA-93714744,1,Ongoing,22.0,46.0,47.8,43.0,15,0.667,0
PROP-DC3C2145E1AC,RERA-MHA-11691448,1,Ongoing,14.0,43.0,32.6,141.0,11,0.818,1
PROP-20279FF20606,RERA-MHA-59891828,1,Ongoing,26.0,58.0,44.8,134.0,24,0.458,1
PROP-9680CBC7A7A6,RERA-MHA-56493243,1,Ongoing,13.0,46.0,28.3,201.0,17,0.529,0
PROP-8136F83D7170,,0,Unregistered,,,,,0,1.0,0
PROP-7A4D86018A7F,RERA-MHA-53215457,1,Ongoing,19.0,58.0,32.8,102.0,26,0.462,0
PROP-847C3C0603B5,RERA-MHA-51893582,1,Ongoing,8.0,53.0,15.1,28.0,5,0.8,1
PROP-A2BF7AD5FD14,RERA-MHA-99844695,1,Completed,41.0,25.0,100.0,34.0,9,0.444,0
PROP-83A0CE638481,,0,Unregistered,,,,,0,1.0,0
PROP-AACB0EDB3CAD,,0,Unregistered,,,,,0,1.0,0
PROP-47606276CAAE,,0,Unregistered,,,,,0,1.0,0
PROP-6684001AD233,,0,Unregistered,,,,,0,1.0,0
PROP-390D907F7A22,RERA-MHA-58440762,1,Ongoing,32.0,46.0,69.6,6.0,21,0.571,0
PROP-3DA1017957EC,,0,Unregistered,,,,,0,1.0,0
PROP-4E118A59B503,,0,Unregistered,,,,,0,1.0,0
PROP-C667A737D7EA,,0,Unregistered,,,,,0,1.0,0
PROP-214061A9C533,,0,Unregistered,,,,,0,1.0,0
PROP-244F7E8BC79C,,0,Unregistered,,,,,0,1.0,0
PROP-ED878CB19279,RERA-MHA-70571286,1,Completed,36.0,35.0,100.0,117.0,12,0.75,1
PROP-5F749377C704,,0,Unregistered,,,,,0,1.0,0
PROP-E452AD5A4404,RERA-MHA-76012372,1,Ongoing,22.0,47.0,46.8,34.0,15,0.933,6
PROP-29354BFCA92E,RERA-MHA-91708046,1,Ongoing,28.0,51.0,54.9,16.0,16,0.812,2
PROP-3DE22E2FAEFB,RERA-MHA-09680527,1,Ongoing,13.0,38.0,34.2,52.0,11,0.545,0
PROP-0A1560B47D8E,RERA-MHA-20658276,1,Ongoing,18.0,56.0,32.1,267.0,13,0.538,0
PROP-94916EFDF710,,0,Unregistered,,,,,0,1.0,0
PROP-08DBBE71230F,,0,Unregistered,,,,,0,1.0,0
PROP-CF3FB24BB8F2,,0,Unregistered,,,,,0,1.0,0
PROP-4611EF24FF83,RERA-MHA-72739227,1,Ongoing,9.0,47.0,19.1,12.0,4,0.5,0
PROP-FC41E076AEEC,,0,Unregistered,,,,,0,1.0,0
PROP-BD07EDEEFD63,RERA-MHA-98060304,1,Ongoing,10.0,26.0,38.5,75.0,12,0.75,0
PROP-D4AB82AAEDF3,RERA-MHA-00796123,1,Ongoing,25.0,54.0,46.3,160.0,9,0.889,0
PROP-37403A1EBF78,,0,Unregistered,,,,,0,1.0,0
PROP-2697837484DD,RERA-MHA-85137732,1,Completed,51.0,34.0,100.0,170.0,4,1.0,0
PROP-B5E2BBC31EBB,RERA-MHA-87383020,1,Ongoing,26.0,29.0,89.7,102.0,23,0.696,2
PROP-9038318484A5,,0,Unregistered,,,,,0,1.0,0
PROP-0C1C785B029D,,0,Unregistered,,,,,0,1.0,0
PROP-831D0B45FF07,RERA-MHA-06151194,1,Ongoing,20.0,32.0,62.5,257.0,8,0.75,1
PROP-B213C1A8E9E0,,0,Unregistered,,,,,0,1.0,0
PROP-0BB7151DF54D,RERA-MHA-56057220,1,Ongoing,30.0,31.0,96.8,8.0,8,0.625,0
PROP-E714F442AC5D,RERA-MHA-08362860,1,Ongoing,6.0,58.0,10.3,98.0,7,0.571,0
PROP-8344B7189CB6,RERA-MHA-16596809,1,Completed,64.0,36.0,100.0,48.0,5,1.0,0
PROP-D83A653D5CBD,RERA-MHA-71063160,1,Ongoing,14.0,60.0,23.3,31.0,5,0.2,0
PROP-6C7CB462CBA6,RERA-MHA-88368389,1,Ongoing,27.0,50.0,54.0,179.0,13,0.692,3
PROP-6F8ADE2DA9CB,RERA-MHA-22583731,1,Ongoing,41.0,53.0,77.4,109.0,8,0.875,0
PROP-880AF5FA1E9C,RERA-MHA-09741279,1,Ongoing,44.0,59.0,74.6,55.0,24,0.458,0
PROP-1A6056801C5B,,0,Unregistered,,,,,0,1.0,0
PROP-4CED068E4811,RERA-MHA-58930726,1,Ongoing,24.0,59.0,40.7,20.0,6,0.833,0
PROP-5E34837B01A0,RERA-MHA-03172083,1,Ongoing,37.0,56.0,66.1,105.0,7,0.286,0
PROP-F84B60F447BC,RERA-MHA-34867678,1,Ongoing,24.0,44.0,54.5,68.0,8,0.5,0
PROP-33AAF0F0A443,RERA-MHA-36528570,1,Ongoing,24.0,27.0,88.9,116.0,8,0.25,0
PROP-3D155579B3EB,RERA-MHA-28884519,1,Ongoing,25.0,42.0,59.5,72.0,15,0.6,0
PROP-D7B7F8CB47B9,RERA-MHA-79282203,1,Ongoing,13.0,44.0,29.5,23.0,11,0.636,1
PROP-7AD56FD2714E,RERA-MHA-92938424,1,Completed,30.0,24.0,100.0,60.0,14,0.786,1
PROP-A9C7A3E046AF,,0,Unregistered,,,,,0,1.0,0
PROP-EFAE46B5DEB4,RERA-MHA-43082543,1,Ongoing,44.0,51.0,86.3,90.0,10,0.5,0
PROP-C8F49114F394,RERA-MHA-14218551,1,Ongoing,29.0,49.0,59.2,234.0,9,0.556,0
PROP-5672465254C1,RERA-MHA-43082543,1,Ongoing,38.0,51.0,74.5,90.0,10,0.5,0
PROP-7EEE386448A5,RERA-MHA-47656940,1,Ongoing,26.0,29.0,89.7,31.0,21,0.524,0
PROP-4B6F43CD82AD,RERA-MHA-43082543,1,Ongoing,29.0,51.0,56.9,90.0,9,0.222,0
PROP-2FB6AD94BDC2,RERA-MHA-43082543,1,Ongoing,47.0,51.0,92.2,90.0,10,0.5,0
PROP-32DAD2974AB6,RERA-MHA-77793457,1,Ongoing,7.0,53.0,13.2,121.0,6,0.333,0
PROP-25C3E2C103A7,RERA-MHA-36528570,1,Completed,39.0,27.0,100.0,116.0,8,0.625,0
PROP-20624740FCE0,RERA-MHA-00760872,1,Ongoing,14.0,31.0,45.2,52.0,5,0.2,0
PROP-9C919ECBC53F,RERA-MHA-30186200,1,Ongoing,26.0,57.0,45.6,229.0,7,0.143,0
PROP-490E94B57E13,RERA-MHA-71364448,1,Ongoing,30.0,47.0,63.8,190.0,15,0.533,0
PROP-655183B17567,RERA-MHA-11364095,1,Ongoing,29.0,59.0,49.2,35.0,17,0.706,3
PROP-5AC016816982,RERA-MHA-43082543,1,Completed,56.0,51.0,100.0,90.0,10,0.9,0
PROP-B01AAF1FFAE3,RERA-MHA-36179209,1,Ongoing,15.0,59.0,25.4,272.0,7,0.0,0
PROP-326E2B7C1DC9,RERA-MHA-76516399,1,Completed,41.0,24.0,100.0,155.0,8,0.25,0
PROP-C1177CD3700D,RERA-MHA-80671021,1,Ongoing,19.0,59.0,32.2,70.0,43,0.698,2
PROP-028C309C4073,RERA-MHA-36528570,1,Completed,42.0,27.0,100.0,116.0,8,0.625,0
PROP-FF7F92C6F0F5,RERA-MHA-29317706,1,Ongoing,8.0,30.0,26.7,62.0,4,0.75,0
PROP-FE5D6B81B35A,RERA-MHA-09768589,1,Ongoing,11.0,25.0,44.0,94.0,21,0.571,0
PROP-7D35CF0857A3,RERA-MHA-55566073,1,Ongoing,7.0,24.0,29.2,29.0,5,0.6,0
PROP-4BB2A5544384,RERA-MHA-06544350,1,Ongoing,12.0,57.0,21.1,80.0,13,0.692,2
PROP-CD728F9A3235,RERA-MHA-76516399,1,Completed,74.0,24.0,100.0,155.0,10,0.7,1
PROP-91A4C0FA36E4,RERA-MHA-80137382,1,Ongoing,36.0,48.0,75.0,162.0,18,0.556,0
PROP-26D060DB9149,RERA-MHA-16596809,1,Ongoing,31.0,36.0,86.1,48.0,5,0.4,0
PROP-9389EAB94135,RERA-MHA-27142592,1,Ongoing,14.0,51.0,27.5,46.0,15,0.2,0
PROP-63CC4394F5E4,,0,Unregistered,,,,,0,1.0,0
PROP-30A508CF4B77,,0,Unregistered,,,,,0,1.0,0
PROP-4DD3B3D3C1DF,,0,Unregistered,,,,,0,1.0,0
PROP-C176453B3341,,0,Unregistered,,,,,0,1.0,0
PROP-464467AF55E2,,0,Unregistered,,,,,0,1.0,0
PROP-52AD767BFA40,RERA-MHA-41494863,1,Ongoing,9.0,30.0,30.0,72.0,14,0.786,1
PROP-1FEF065BC139,,0,Unregistered,,,,,0,1.0,0
PROP-01CDCF101CC0,RERA-MHA-54252812,1,Completed,38.0,36.0,100.0,212.0,11,0.455,0
PROP-CA9CD8865399,RERA-MHA-60940169,1,Ongoing,11.0,52.0,21.2,35.0,13,0.615,3
PROP-96D616A2A639,,0,Unregistered,,,,,0,1.0,0
PROP-B380FA6FAE17,RERA-MHA-47110087,1,Ongoing,29.0,40.0,72.5,41.0,8,0.375,0
PROP-1CAB0F1AD2C8,RERA-MHA-39254078,1,Ongoing,36.0,58.0,62.1,13.0,11,0.636,0
PROP-54825C9967C9,RERA-MHA-03674725,1,Ongoing,16.0,39.0,41.0,105.0,8,0.625,0
PROP-8A5280BE3040,RERA-MHA-22471210,1,Ongoing,16.0,47.0,34.0,102.0,11,0.818,1
PROP-46022B7A1D8C,RERA-MHA-01051545,1,Ongoing,15.0,27.0,55.6,45.0,15,0.8,0
PROP-97EA4FF40F77,RERA-MHA-22392654,1,Ongoing,36.0,53.0,67.9,97.0,35,0.2,0
PROP-DC99147FBB02,,0,Unregistered,,,,,0,1.0,0
PROP-EA1738BE4410,,0,Unregistered,,,,,0,1.0,0
PROP-50A996DB83E5,RERA-MHA-44455525,1,Ongoing,31.0,43.0,72.1,191.0,15,0.4,0
PROP-4A3BB2880E30,,0,Unregistered,,,,,0,1.0,0
PROP-AD9F34D767B7,,0,Unregistered,,,,,0,1.0,0
PROP-BF7075D3C2DB,RERA-MHA-60662856,1,Ongoing,30.0,56.0,53.6,165.0,13,0.846,1
PROP-78D915862311,RERA-MHA-43888564,1,Ongoing,38.0,50.0,76.0,17.0,10,0.7,0
PROP-CC915AD77372,,0,Unregistered,,,,,0,1.0,0
PROP-92169C293603,RERA-MHA-80061773,1,Ongoing,19.0,28.0,67.9,71.0,8,0.75,0
PROP-DB14FD3B08DF,,0,Unregistered,,,,,0,1.0,0
PROP-24E94FE4128F,,0,Unregistered,,,,,0,1.0,0
PROP-92AEAF1C2C12,RERA-MHA-32364302,1,Ongoing,24.0,49.0,49.0,107.0,10,0.3,0
PROP-6E54A2F2551A,RERA-MHA-26648899,1,Ongoing,13.0,25.0,52.0,23.0,25,0.52,0
PROP-B3CCDA231613,RERA-MHA-06994104,1,Ongoing,34.0,47.0,72.3,251.0,9,0.667,1
PROP-56C2EBEE270B,RERA-MHA-66910697,1,Ongoing,27.0,59.0,45.8,209.0,11,0.727,1
PROP-9BD450E907D7,RERA-MHA-56522244,1,Ongoing,10.0,36.0,27.8,71.0,19,0.158,0
PROP-8E3575E928DD,,0,Unregistered,,,,,0,1.0,0
PROP-C1C6C430A7A7,,0,Unregistered,,,,,0,1.0,0
PROP-6E6A723B4A89,RERA-MHA-30742805,1,Ongoing,15.0,27.0,55.6,245.0,17,0.647,0
PROP-7A48B23A0219,RERA-MHA-51308698,1,Ongoing,20.0,30.0,66.7,96.0,11,0.545,0
PROP-E42451C52F6E,RERA-MHA-77678160,1,Completed,38.0,32.0,100.0,43.0,12,0.833,2
PROP-FDAB31AC036F,RERA-MHA-01362276,1,Ongoing,34.0,37.0,91.9,108.0,14,0.786,0
PROP-18E2EB75F309,,0,Unregistered,,,,,0,1.0,0
PROP-3BA4FAD1034E,,0,Unregistered,,,,,0,1.0,0
PROP-D8B796CF17A0,RERA-MHA-82473240,1,Ongoing,10.0,59.0,16.9,190.0,8,0.375,1
PROP-7B97F42299D4,,0,Unregistered,,,,,0,1.0,0
PROP-F9DB8A32FEB4,,0,Unregistered,,,,,0,1.0,0
PROP-4717E3F2097F,,0,Unregistered,,,,,0,1.0,0
PROP-2C327FE41DDF,RERA-MHA-95142268,1,Ongoing,26.0,55.0,47.3,92.0,21,0.714,2
PROP-CDB4B5377EA0,RERA-MHA-31844585,1,Completed,31.0,31.0,100.0,66.0,12,0.917,1
PROP-E54C4CC4143D,,0,Unregistered,,,,,0,1.0,0
PROP-E29C63AD5DA8,RERA-MHA-70842612,1,Ongoing,22.0,27.0,81.5,31.0,13,0.385,0
PROP-D5311679AE9D,RERA-MHA-87533846,1,Ongoing,14.0,33.0,42.4,248.0,9,0.556,0
PROP-CE7614DF255F,RERA-MHA-97450376,1,Ongoing,26.0,48.0,54.2,29.0,5,0.8,0
PROP-9FD3F637B94E,RERA-MHA-59600521,1,Ongoing,39.0,50.0,78.0,16.0,4,0.5,2
PROP-B3D44366C3F3,,0,Unregistered,,,,,0,1.0,0
PROP-315C8B76C4BC,RERA-MHA-64623424,1,Completed,38.0,27.0,100.0,51.0,13,0.846,2
PROP-50F217F39435,,0,Unregistered,,,,,0,1.0,0
PROP-4A43651FB0AF,RERA-MHA-21832449,1,Ongoing,23.0,25.0,92.0,50.0,5,0.4,0
PROP-DA52A83AFCA8,RERA-MHA-03674725,1,Ongoing,7.0,39.0,17.9,105.0,8,0.5,0
PROP-E74260B3B33A,RERA-MHA-34778405,1,Ongoing,23.0,44.0,52.3,64.0,16,0.312,0
PROP-359EEE86227E,,0,Unregistered,,,,,0,1.0,0
PROP-E6964200CB59,RERA-MHA-12853272,1,Ongoing,22.0,37.0,59.5,46.0,7,0.571,0
PROP-2E1CE1747278,,0,Unregistered,,,,,0,1.0,0
PROP-FE820987190F,RERA-MHA-50267908,1,Ongoing,6.0,50.0,12.0,73.0,8,0.5,0
PROP-5DE3DEA3BE05,,0,Unregistered,,,,,0,1.0,0
PROP-3E43F8CF38FD,RERA-MHA-06992588,1,Ongoing,22.0,49.0,44.9,157.0,14,0.714,0
PROP-EBAA024FD979,RERA-MHA-11572673,1,Ongoing,35.0,38.0,92.1,69.0,10,0.8,1
PROP-E4876A9CAC1C,RERA-MHA-71762962,1,Ongoing,8.0,47.0,17.0,18.0,14,0.786,4
PROP-69FEFB65AD95,RERA-MHA-50267908,1,Ongoing,15.0,50.0,30.0,73.0,8,0.625,0
PROP-D985CC723D0F,RERA-MHA-71364448,1,Ongoing,18.0,47.0,38.3,190.0,15,0.4,0
PROP-20FBF349FE05,RERA-MHA-14002721,1,Ongoing,11.0,30.0,36.7,33.0,10,0.2,0
PROP-7B0C8E3B9F2F,,0,Unregistered,,,,,0,1.0,0
PROP-A33813256EF4,RERA-MHA-71843246,1,Ongoing,20.0,55.0,36.4,209.0,15,0.933,3
PROP-3F887D3D3C68,RERA-MHA-16567102,1,Ongoing,40.0,56.0,71.4,95.0,5,0.2,0
PROP-E773723ADE06,RERA-MHA-40216556,1,Ongoing,14.0,57.0,24.6,28.0,15,0.133,0
PROP-B375E861CEC9,RERA-MHA-07341474,1,Ongoing,24.0,51.0,47.1,60.0,9,0.222,0
PROP-DD320D8AA42A,,0,Unregistered,,,,,0,1.0,0
PROP-B5535347FB8B,RERA-MHA-25503847,1,Ongoing,9.0,24.0,37.5,39.0,13,0.462,0
PROP-83BCD1EF01F4,,0,Unregistered,,,,,0,1.0,0
PROP-6656DD7777AE,,0,Unregistered,,,,,0,1.0,0
PROP-2E2C23055288,RERA-MHA-17412965,1,Ongoing,31.0,59.0,52.5,23.0,9,0.333,0
PROP-8DD2C54E796C,,0,Unregistered,,,,,0,1.0,0
PROP-891A6B20ACB8,,0,Unregistered,,,,,0,1.0,0
PROP-660764886262,,0,Unregistered,,,,,0,1.0,0
PROP-B138AC5017CC,RERA-MHA-56551259,1,Ongoing,21.0,50.0,42.0,122.0,16,0.375,0
PROP-F8117BE0D442,RERA-MHA-40400064,1,Ongoing,26.0,49.0,53.1,128.0,13,0.308,0
PROP-3D3EC1625601,RERA-MHA-52081067,1,Ongoing,9.0,34.0,26.5,104.0,9,0.889,3
PROP-F08007D6613C,RERA-MHA-34731552,1,Ongoing,22.0,54.0,40.7,105.0,8,0.5,0
PROP-117DDBFDD586,RERA-MHA-79911191,1,Ongoing,9.0,33.0,27.3,12.0,3,0.667,0
PROP-B2DC9B22A96B,RERA-MHA-05152854,1,Ongoing,32.0,52.0,61.5,93.0,12,0.417,0
PROP-99031BFB4ECC,,0,Unregistered,,,,,0,1.0,0
PROP-41829DBEA606,RERA-MHA-96436707,1,Ongoing,57.0,58.0,98.3,18.0,12,0.667,1
PROP-5B1A52EAB459,RERA-MHA-45852497,1,Ongoing,7.0,34.0,20.6,120.0,14,0.357,0
PROP-48657BACA46E,RERA-MHA-87874615,1,Ongoing,21.0,32.0,65.6,48.0,9,0.556,0
PROP-DF5B66744274,,0,Unregistered,,,,,0,1.0,0
PROP-9698B1FD63CB,,0,Unregistered,,,,,0,1.0,0
PROP-6ACF63DF6103,RERA-MHA-53386422,1,Ongoing,12.0,28.0,42.9,194.0,7,0.571,1
PROP-53D84ADB72F7,,0,Unregistered,,,,,0,1.0,0
PROP-3AC5013587D8,,0,Unregistered,,,,,0,1.0,0
PROP-76E182AF040E,RERA-MHA-44056950,1,Ongoing,20.0,57.0,35.1,155.0,17,0.294,0
PROP-CE4828430917,RERA-MHA-91002790,1,Ongoing,40.0,55.0,72.7,68.0,6,0.333,0
PROP-D7CC421350A1,RERA-MHA-07078048,1,Ongoing,14.0,53.0,26.4,75.0,12,0.583,0
PROP-F2179414A132,RERA-MHA-99011292,1,Ongoing,22.0,51.0,43.1,60.0,11,0.727,0
PROP-3C67DB68DF15,RERA-MHA-23304301,1,Ongoing,27.0,41.0,65.9,98.0,14,0.786,1
PROP-3DB4AC2481FA,,0,Unregistered,,,,,0,1.0,0
PROP-9E7BCF04EDE8,,0,Unregistered,,,,,0,1.0,0
PROP-F7091F6C9009,,0,Unregistered,,,,,0,1.0,0
PROP-9556A698C038,,0,Unregistered,,,,,0,1.0,0
PROP-F3D1D603A062,RERA-MHA-34060564,1,Ongoing,22.0,43.0,51.2,48.0,10,0.9,0
PROP-8A62CC23BE71,,0,Unregistered,,,,,0,1.0,0
PROP-C606CE4261EB,,0,Unregistered,,,,,0,1.0,0
PROP-7F755EFBEA4E,RERA-MHA-90248387,1,Ongoing,13.0,48.0,27.1,69.0,15,0.533,0
PROP-C9A9AE8D102C,,0,Unregistered,,,,,0,1.0,0
PROP-388726FF7ECA,,0,Unregistered,,,,,0,1.0,0
PROP-E9AC2DD0D6EC,RERA-MHA-44357771,1,Completed,37.0,24.0,100.0,104.0,18,0.556,2
PROP-3E41C1F36E18,,0,Unregistered,,,,,0,1.0,0
PROP-CD50065CD0A6,,0,Unregistered,,,,,0,1.0,0
PROP-9CEB83EDD5D2,RERA-MHA-46437127,1,Ongoing,21.0,31.0,67.7,167.0,15,0.6,3
PROP-C89C11D63D80,RERA-MHA-77835154,1,Ongoing,16.0,47.0,34.0,49.0,8,0.875,1
PROP-E97AA89638C9,,0,Unregistered,,,,,0,1.0,0
PROP-B9F84526912F,,0,Unregistered,,,,,0,1.0,0
PROP-8B1BA2AF1576,,0,Unregistered,,,,,0,1.0,0
PROP-DA0B4BE791FB,,0,Unregistered,,,,,0,1.0,0
PROP-6DDC21A442B5,,0,Unregistered,,,,,0,1.0,0
PROP-7CAB40A5C406,RERA-MHA-33037426,1,Ongoing,16.0,52.0,30.8,217.0,6,0.667,0
PROP-594F5123B2D9,RERA-MHA-14539154,1,Ongoing,8.0,29.0,27.6,151.0,7,0.571,0
PROP-884CD36973A8,RERA-MHA-59751711,1,Completed,25.0,25.0,100.0,32.0,16,0.562,0
PROP-63D88FC601B1,RERA-MHA-63404086,1,Ongoing,30.0,50.0,60.0,233.0,20,0.25,0
PROP-453DD7158713,RERA-MHA-85173480,1,Ongoing,18.0,25.0,72.0,33.0,9,0.889,2
PROP-03F345644AA8,RERA-MHA-71528558,1,Ongoing,12.0,55.0,21.8,192.0,14,0.429,0
PROP-9A6D39C81AE8,RERA-MHA-82294239,1,Ongoing,9.0,46.0,19.6,94.0,14,0.5,0
PROP-7B74CA1B1B54,RERA-MHA-02249131,1,Ongoing,21.0,57.0,36.8,37.0,10,0.5,0
PROP-FCB5A0D069E4,,0,Unregistered,,,,,0,1.0,0
PROP-D73F2DA32533,RERA-MHA-78520239,1,Ongoing,41.0,54.0,75.9,76.0,17,0.824,0
PROP-FFE06218FF47,RERA-MHA-97338116,1,Ongoing,14.0,32.0,43.8,112.0,6,0.167,0
PROP-BD182B55FCE4,,0,Unregistered,,,,,0,1.0,0
PROP-E9EE1C547697,RERA-MHA-11142275,1,Ongoing,29.0,46.0,63.0,20.0,4,0.5,0
PROP-1FE8DC797D36,,0,Unregistered,,,,,0,1.0,0
PROP-F971D8728009,RERA-MHA-29939022,1,Ongoing,20.0,29.0,69.0,81.0,9,0.444,0
PROP-5215FFD550FF,RERA-MHA-98452325,1,Ongoing,31.0,40.0,77.5,40.0,15,0.733,3
PROP-223521FE13D0,,0,Unregistered,,,,,0,1.0,0
PROP-23BA900F5EFA,,0,Unregistered,,,,,0,1.0,0
PROP-CB420390021B,RERA-MHA-24631982,1,Completed,56.0,35.0,100.0,49.0,9,0.889,1
PROP-4C2D08C9AF29,,0,Unregistered,,,,,0,1.0,0
PROP-7EDD60F485BC,,0,Unregistered,,,,,0,1.0,0
PROP-3766FB7A0814,RERA-MHA-83330523,1,Ongoing,13.0,55.0,23.6,56.0,71,0.592,5
PROP-406A8AEE7781,,0,Unregistered,,,,,0,1.0,0
PROP-717488FEDBE8,,0,Unregistered,,,,,0,1.0,0
PROP-5C6C8747B23F,,0,Unregistered,,,,,0,1.0,0
PROP-7256B8C59562,RERA-MHA-88617404,1,Ongoing,10.0,47.0,21.3,11.0,7,0.714,0
PROP-76D7B1D079E1,,0,Unregistered,,,,,0,1.0,0
PROP-9A419FAC0AA9,,0,Unregistered,,,,,0,1.0,0
PROP-C4A8AB084009,RERA-MHA-35363040,1,Ongoing,14.0,42.0,33.3,60.0,10,0.7,0
PROP-3F96DA5D31FB,,0,Unregistered,,,,,0,1.0,0
PROP-E93A6A044324,RERA-MHA-53275626,1,Ongoing,36.0,60.0,60.0,205.0,12,0.583,1
PROP-031F58899CBC,RERA-MHA-02124510,1,Ongoing,8.0,50.0,16.0,73.0,15,0.867,4
PROP-C98468EBBDAB,RERA-MHA-65018972,1,Ongoing,46.0,58.0,79.3,92.0,17,0.765,1
PROP-652B285D9FAE,RERA-MHA-75210168,1,Completed,38.0,31.0,100.0,56.0,7,0.429,0
PROP-733CD55028E2,RERA-MHA-27428558,1,Ongoing,16.0,38.0,42.1,34.0,12,0.583,1
PROP-366D2905A795,,0,Unregistered,,,,,0,1.0,0
PROP-54656E0D0768,,0,Unregistered,,,,,0,1.0,0
PROP-4C19F5E71DF3,RERA-MHA-37672128,1,Ongoing,18.0,29.0,62.1,168.0,18,0.611,3
PROP-B4963467BBA1,,0,Unregistered,,,,,0,1.0,0
PROP-37A7DC06C609,,0,Unregistered,,,,,0,1.0,0
PROP-7E36A5388F5C,RERA-MHA-83510633,1,Ongoing,11.0,26.0,42.3,107.0,12,0.583,0
PROP-48C9867E0846,,0,Unregistered,,,,,0,1.0,0
PROP-7CF72BB9C099,RERA-MHA-84715570,1,Completed,40.0,32.0,100.0,134.0,8,0.75,0
PROP-BA8237B0B1DA,RERA-MHA-28733151,1,Ongoing,41.0,59.0,69.5,154.0,7,0.286,0
PROP-8BDD363B8FA6,,0,Unregistered,,,,,0,1.0,0
PROP-A873554425C9,RERA-MHA-34305305,1,Ongoing,31.0,42.0,73.8,87.0,9,0.667,0
PROP-1143B11F2B28,RERA-MHA-71552446,1,Ongoing,16.0,24.0,66.7,55.0,18,0.889,1
PROP-DE77DDEF494D,RERA-MHA-50376994,1,Ongoing,21.0,52.0,40.4,38.0,14,0.714,3
PROP-99057E91A0AA,,0,Unregistered,,,,,0,1.0,0
PROP-88199DEE609A,RERA-MHA-41888544,1,Ongoing,26.0,54.0,48.1,36.0,4,0.25,0
PROP-070CB024B24A,RERA-MHA-13041316,1,Ongoing,18.0,38.0,47.4,119.0,33,0.091,0
PROP-E0E21D432AD2,RERA-MHA-97027047,1,Ongoing,25.0,53.0,47.2,204.0,14,0.571,0
PROP-D9CA5FD92504,RERA-MHA-03524945,1,Ongoing,11.0,34.0,32.4,104.0,21,0.571,0
PROP-63B106EF4AC8,RERA-MHA-22295664,1,Ongoing,18.0,50.0,36.0,59.0,12,0.833,1
PROP-EE56668F3D22,,0,Unregistered,,,,,0,1.0,0
PROP-687E7446D8BA,,0,Unregistered,,,,,0,1.0,0
PROP-FD00201B5434,RERA-MHA-31835505,1,Ongoing,35.0,51.0,68.6,52.0,10,0.4,0
PROP-D6AB0EB9E36F,,0,Unregistered,,,,,0,1.0,0
PROP-79495035BD7D,RERA-MHA-61028654,1,Completed,40.0,36.0,100.0,55.0,11,0.636,0
PROP-EA73065CF578,,0,Unregistered,,,,,0,1.0,0
PROP-6A9396BD793C,,0,Unregistered,,,,,0,1.0,0
PROP-B62D30795A4A,RERA-MHA-54508073,1,Completed,35.0,30.0,100.0,76.0,14,0.786,1
PROP-BC551C6A038B,,0,Unregistered,,,,,0,1.0,0
PROP-7089E05D1051,RERA-MHA-83093097,1,Completed,35.0,28.0,100.0,32.0,14,0.643,0
PROP-74667B199E16,RERA-MHA-24631982,1,Ongoing,32.0,35.0,91.4,49.0,9,0.667,0
PROP-308CC54EA4A4,,0,Unregistered,,,,,0,1.0,0
PROP-FB2E90B4F031,,0,Unregistered,,,,,0,1.0,0
PROP-DFDEEAF8C619,RERA-MHA-85063260,1,Ongoing,18.0,33.0,54.5,195.0,20,0.6,0
PROP-54800CB497F5,RERA-MHA-96459712,1,Ongoing,22.0,40.0,55.0,35.0,16,0.75,2
PROP-C0453D58362E,RERA-MHA-78335055,1,Ongoing,29.0,43.0,67.4,77.0,8,0.875,3
PROP-2A52A723AECE,,0,Unregistered,,,,,0,1.0,0
PROP-53FD3EBBA31C,,0,Unregistered,,,,,0,1.0,0
PROP-0681907F9E9F,RERA-MHA-70804237,1,Ongoing,27.0,33.0,81.8,48.0,32,0.781,2
PROP-6258854078C5,,0,Unregistered,,,,,0,1.0,0
PROP-AAC590888725,RERA-MHA-08362860,1,Ongoing,12.0,58.0,20.7,98.0,7,0.571,0
PROP-EF834510ADEF,RERA-MHA-10036161,1,Ongoing,39.0,51.0,76.5,91.0,10,0.6,0
PROP-F68899854818,,0,Unregistered,,,,,0,1.0,0
PROP-CF150E9F97AC,RERA-MHA-16267422,1,Ongoing,20.0,53.0,37.7,61.0,5,0.8,0
PROP-922696DDD07C,,0,Unregistered,,,,,0,1.0,0
PROP-D2B8D2A54CF7,RERA-MHA-50905629,1,Ongoing,23.0,58.0,39.7,62.0,8,0.75,0
PROP-B18EC98533BC,,0,Unregistered,,,,,0,1.0,0
PROP-3F5B02B0863A,RERA-MHA-70715760,1,Ongoing,10.0,36.0,27.8,99.0,10,0.1,0
PROP-FA8638119A2C,RERA-MHA-07889179,1,Ongoing,21.0,42.0,50.0,70.0,8,0.625,1
PROP-E870E755C0C6,RERA-MHA-60530329,1,Completed,35.0,28.0,100.0,80.0,19,0.632,0
PROP-CEE6E85DD994,,0,Unregistered,,,,,0,1.0,0
PROP-8BACC67EA2FE,,0,Unregistered,,,,,0,1.0,0
PROP-691501B39CC9,RERA-MHA-60500226,1,Completed,32.0,26.0,100.0,80.0,14,0.786,0
PROP-B520C844201E,,0,Unregistered,,,,,0,1.0,0
PROP-8185CC7A850D,RERA-MHA-47684890,1,Completed,74.0,43.0,100.0,149.0,20,0.65,4
PROP-AE68C4EA747A,RERA-MHA-87558746,1,Ongoing,24.0,34.0,70.6,73.0,7,0.714,2
PROP-D43A982F68B9,,0,Unregistered,,,,,0,1.0,0
PROP-388FF1073B25,RERA-MHA-31018241,1,Ongoing,35.0,50.0,70.0,263.0,13,0.462,0
PROP-63EED50571BD,RERA-MHA-47684890,1,Ongoing,32.0,43.0,74.4,149.0,13,0.231,0
PROP-6937A7CE2A39,RERA-MHA-10332303,1,Ongoing,17.0,38.0,44.7,133.0,4,0.5,0
PROP-89E7BE488372,,0,Unregistered,,,,,0,1.0,0
PROP-CF520D76573B,,0,Unregistered,,,,,0,1.0,0
PROP-6126383DCCDC,RERA-MHA-05886611,1,Ongoing,33.0,36.0,91.7,59.0,9,0.444,0
PROP-B05BFDA117EE,RERA-MHA-76438837,1,Ongoing,23.0,57.0,40.4,40.0,9,0.556,0
PROP-F681010FF84F,,0,Unregistered,,,,,0,1.0,0
PROP-35CF67EA9B27,RERA-MHA-44031500,1,Ongoing,14.0,54.0,25.9,77.0,7,0.286,0
PROP-C71399928E72,RERA-MHA-31201945,1,Ongoing,19.0,50.0,38.0,11.0,8,0.5,0
PROP-10C7FCEC4DA2,,0,Unregistered,,,,,0,1.0,0
PROP-146D25D4D3DB,RERA-MHA-72970655,1,Ongoing,13.0,43.0,30.2,108.0,17,0.824,0
PROP-BEA4DE3D85FC,,0,Unregistered,,,,,0,1.0,0
PROP-567C896574CD,,0,Unregistered,,,,,0,1.0,0
PROP-C540FF322FEE,RERA-MHA-95109265,1,Ongoing,15.0,59.0,25.4,194.0,11,0.636,0
PROP-19775ADE39A1,,0,Unregistered,,,,,0,1.0,0
PROP-C11A209BA739,RERA-MHA-27487204,1,Ongoing,18.0,24.0,75.0,92.0,8,0.75,1
PROP-B77E72E72087,RERA-MHA-85753151,1,Completed,41.0,41.0,100.0,63.0,10,1.0,3
PROP-AC9A0F3F33C5,RERA-MHA-12945850,1,Ongoing,8.0,40.0,20.0,46.0,13,0.231,0
PROP-16C54FF55DD3,,0,Unregistered,,,,,0,1.0,0
PROP-8B88BC5D48E5,RERA-MHA-59460374,1,Completed,36.0,33.0,100.0,84.0,24,0.458,0
PROP-FD93959B185D,,0,Unregistered,,,,,0,1.0,0
PROP-43BC8D20B7B7,,0,Unregistered,,,,,0,1.0,0
PROP-F561B36C3D50,,0,Unregistered,,,,,0,1.0,0
PROP-EAE91D7708E5,RERA-MHA-49037358,1,Ongoing,12.0,31.0,38.7,96.0,8,0.625,0
PROP-5FC94EC20B16,,0,Unregistered,,,,,0,1.0,0
PROP-FFAE46A73578,RERA-MHA-77789339,1,Ongoing,25.0,39.0,64.1,41.0,4,0.75,0
PROP-626E1532639A,RERA-MHA-46897541,1,Ongoing,35.0,54.0,64.8,37.0,11,0.818,1
PROP-CE0D2E06E64E,,0,Unregistered,,,,,0,1.0,0
PROP-1A42649BC6DD,,0,Unregistered,,,,,0,1.0,0
PROP-4FF2E5A50854,,0,Unregistered,,,,,0,1.0,0
PROP-ACB301C913EF,RERA-MHA-25431439,1,Ongoing,21.0,57.0,36.8,23.0,9,0.444,0
PROP-A5F755339690,,0,Unregistered,,,,,0,1.0,0
PROP-314E78A6CCF7,RERA-MHA-14629499,1,Ongoing,9.0,50.0,18.0,16.0,9,0.556,0
PROP-60C88E4A0FE5,RERA-MHA-78560173,1,Completed,31.0,26.0,100.0,122.0,11,1.0,0
PROP-62AEFA85EA9C,RERA-MHA-45341640,1,Ongoing,26.0,33.0,78.8,207.0,15,0.733,0
PROP-DCD0BD798209,RERA-MHA-28074154,1,Ongoing,32.0,46.0,69.6,47.0,14,0.429,0
PROP-C1E74449BF95,RERA-MHA-48289351,1,Ongoing,13.0,56.0,23.2,11.0,13,0.308,0
PROP-5D9C76E502CC,RERA-MHA-02836049,1,Ongoing,31.0,54.0,57.4,25.0,3,0.333,0
PROP-571B1679AD38,RERA-MHA-93460041,1,Ongoing,35.0,56.0,62.5,85.0,52,0.212,0
PROP-1F6296BDC512,RERA-MHA-31932763,1,Ongoing,21.0,37.0,56.8,116.0,7,0.286,0
PROP-5B1924ECC365,,0,Unregistered,,,,,0,1.0,0
PROP-701675CF7291,,0,Unregistered,,,,,0,1.0,0
PROP-9FF8CDEF8D2F,RERA-MHA-60545155,1,Ongoing,13.0,55.0,23.6,56.0,9,0.667,2
PROP-A8F4A8993B1A,RERA-MHA-61575737,1,Ongoing,15.0,57.0,26.3,75.0,26,0.577,0
PROP-48455A86821A,RERA-MHA-60146275,1,Ongoing,17.0,24.0,70.8,104.0,8,0.5,0
PROP-E31604AA2D93,,0,Unregistered,,,,,0,1.0,0
PROP-D02446824CFE,,0,Unregistered,,,,,0,1.0,0
PROP-458938D8CA1F,,0,Unregistered,,,,,0,1.0,0
PROP-71A1816C2B24,RERA-MHA-44307231,1,Ongoing,21.0,51.0,41.2,69.0,6,0.5,1
PROP-AFEABCDF5CBE,,0,Unregistered,,,,,0,1.0,0
PROP-45BB3F559ED0,,0,Unregistered,,,,,0,1.0,0
PROP-C9D6A2061C0A,,0,Unregistered,,,,,0,1.0,0
PROP-2061695E8478,RERA-MHA-13554515,1,Ongoing,9.0,41.0,22.0,102.0,20,0.4,0
PROP-A5328FBFC753,,0,Unregistered,,,,,0,1.0,0
PROP-60D8D6FE15F0,,0,Unregistered,,,,,0,1.0,0
PROP-D7A58609C60C,,0,Unregistered,,,,,0,1.0,0
PROP-9F764405C846,,0,Unregistered,,,,,0,1.0,0
PROP-4AA728E166E1,,0,Unregistered,,,,,0,1.0,0
PROP-40DF29201F6E,RERA-MHA-88223300,1,Ongoing,26.0,34.0,76.5,45.0,6,0.167,0
PROP-3B2BA9B92CA4,RERA-MHA-09846090,1,Completed,32.0,28.0,100.0,63.0,6,0.833,0
PROP-CEBE4013AEDE,,0,Unregistered,,,,,0,1.0,0
PROP-B8DB214B1F71,,0,Unregistered,,,,,0,1.0,0
PROP-5A8896B07225,RERA-MHA-71312874,1,Completed,36.0,31.0,100.0,36.0,9,0.444,0
PROP-D29996906B13,RERA-MHA-10141688,1,Ongoing,22.0,53.0,41.5,107.0,5,0.8,0
PROP-8B3556D20BC0,RERA-MHA-75526874,1,Ongoing,20.0,47.0,42.6,28.0,10,0.8,1
PROP-CBEB4FBF9859,RERA-MHA-72421306,1,Ongoing,24.0,39.0,61.5,174.0,11,0.545,0
PROP-BDFC32EA89F7,RERA-MHA-05152854,1,Completed,53.0,52.0,100.0,93.0,12,0.75,1
PROP-34C1032B0700,,0,Unregistered,,,,,0,1.0,0
PROP-000A21CCBACA,RERA-MHA-42520941,1,Ongoing,39.0,50.0,78.0,21.0,7,0.857,0
PROP-594C46207388,,0,Unregistered,,,,,0,1.0,0
PROP-5FE612E59959,RERA-MHA-42895758,1,Ongoing,28.0,57.0,49.1,126.0,7,0.571,0
PROP-0C2F959D4D5F,RERA-MHA-07869002,1,Ongoing,16.0,39.0,41.0,100.0,16,0.938,6
PROP-99F4C7402A15,,0,Unregistered,,,,,0,1.0,0
PROP-4938AE2758F4,RERA-MHA-23397449,1,Ongoing,23.0,38.0,60.5,124.0,11,0.818,2
PROP-AC056E30B064,RERA-MHA-80158197,1,Ongoing,31.0,37.0,83.8,234.0,10,0.6,0
PROP-48BF80E88D33,RERA-MHA-53768475,1,Ongoing,29.0,55.0,52.7,128.0,4,0.75,0
PROP-28C0E3D769E0,RERA-MHA-03979033,1,Ongoing,7.0,54.0,13.0,116.0,5,0.6,0
PROP-EF8C76CAE4A7,,0,Unregistered,,,,,0,1.0,0
PROP-FD296A6D3E81,,0,Unregistered,,,,,0,1.0,0
PROP-67E9527D7E83,,0,Unregistered,,,,,0,1.0,0
PROP-97B7CDC7C114,RERA-MHA-90817504,1,Completed,30.0,30.0,100.0,61.0,8,0.75,0
PROP-22F658C7FE8A,RERA-MHA-56022034,1,Ongoing,16.0,41.0,39.0,76.0,24,0.417,0
PROP-B7D9B5B8747C,,0,Unregistered,,,,,0,1.0,0
PROP-BDE739E2EF61,RERA-MHA-08765170,1,Ongoing,32.0,37.0,86.5,42.0,8,0.625,0
PROP-A1B27C0E52A9,RERA-MHA-38764168,1,Ongoing,18.0,35.0,51.4,22.0,10,0.3,0
PROP-5A53F91C2244,RERA-MHA-19237884,1,Completed,60.0,38.0,100.0,137.0,13,0.692,1
PROP-F54747946BAC,,0,Unregistered,,,,,0,1.0,0
PROP-0C7671208AB3,,0,Unregistered,,,,,0,1.0,0
PROP-F8E3A4C37544,,0,Unregistered,,,,,0,1.0,0
PROP-10EAFC92A953,,0,Unregistered,,,,,0,1.0,0
PROP-1764DE938CB2,RERA-MHA-04717713,1,Ongoing,23.0,56.0,41.1,106.0,10,0.7,4
PROP-82D2E6663F98,,0,Unregistered,,,,,0,1.0,0
PROP-F10384ECB249,,0,Unregistered,,,,,0,1.0,0
PROP-1E6809F1844E,,0,Unregistered,,,,,0,1.0,0
PROP-1ABE53C9A5D8,RERA-MHA-57845993,1,Completed,40.0,35.0,100.0,29.0,20,0.6,0
PROP-7DEC4DF9310A,RERA-MHA-14215069,1,Ongoing,31.0,44.0,70.5,152.0,6,0.667,0
PROP-846DE714004B,,0,Unregistered,,,,,0,1.0,0
PROP-EB9CF48DFA41,,0,Unregistered,,,,,0,1.0,0
PROP-10AB511682F3,,0,Unregistered,,,,,0,1.0,0
PROP-1A4F5CC59144,RERA-MHA-12753592,1,Ongoing,10.0,39.0,25.6,129.0,8,0.375,0
PROP-BF290300F68E,,0,Unregistered,,,,,0,1.0,0
PROP-0D1E07D33811,,0,Unregistered,,,,,0,1.0,0
PROP-D7585D2BB0F0,,0,Unregistered,,,,,0,1.0,0
PROP-93D29C8E22B3,,0,Unregistered,,,,,0,1.0,0
PROP-C15A98F59592,,0,Unregistered,,,,,0,1.0,0
PROP-62C8DA52828E,,0,Unregistered,,,,,0,1.0,0
PROP-B72687A2527D,RERA-MHA-17998666,1,Ongoing,16.0,27.0,59.3,15.0,12,0.417,0
PROP-332C6A82A744,RERA-MHA-87533846,1,Ongoing,8.0,33.0,24.2,248.0,9,0.444,0
PROP-1F2571C25664,,0,Unregistered,,,,,0,1.0,0
PROP-AE72333A5A05,,0,Unregistered,,,,,0,1.0,0
PROP-AF1EE08E4193,RERA-MHA-68725280,1,Ongoing,6.0,53.0,11.3,83.0,11,0.727,0
PROP-D76AFCB1EAC0,RERA-MHA-94598832,1,Ongoing,38.0,45.0,84.4,40.0,9,0.778,0
PROP-37155BF56FED,,0,Unregistered,,,,,0,1.0,0
PROP-7CC5127F69BD,RERA-MHA-89374651,1,Ongoing,13.0,30.0,43.3,36.0,16,0.875,3
PROP-2180E23917BE,RERA-MHA-19237884,1,Completed,57.0,38.0,100.0,137.0,13,0.615,0
PROP-E0F1735ACADC,RERA-MHA-21010663,1,Completed,25.0,24.0,100.0,231.0,10,0.5,0
PROP-498731AD4429,,0,Unregistered,,,,,0,1.0,0
PROP-B8452C8DCB16,RERA-MHA-05838682,1,Ongoing,20.0,43.0,46.5,123.0,16,0.375,0
PROP-4E51D09B299C,,0,Unregistered,,,,,0,1.0,0
PROP-1DEB8FE989A4,RERA-MHA-87683446,1,Ongoing,23.0,43.0,53.5,49.0,4,0.5,0
PROP-F8B16DBA4627,,0,Unregistered,,,,,0,1.0,0
PROP-FAA8F2CB568B,,0,Unregistered,,,,,0,1.0,0
PROP-2A3FB34A6645,,0,Unregistered,,,,,0,1.0,0
PROP-7D37AEF99654,,0,Unregistered,,,,,0,1.0,0
PROP-654C9A33FD8B,,0,Unregistered,,,,,0,1.0,0
PROP-8D0CCB0E1F03,,0,Unregistered,,,,,0,1.0,0
PROP-359D441B8065,,0,Unregistered,,,,,0,1.0,0
PROP-42821E39A628,RERA-MHA-58101924,1,Ongoing,6.0,31.0,19.4,132.0,6,0.5,1
PROP-53E3DA55DB5D,RERA-MHA-31376132,1,Ongoing,26.0,60.0,43.3,54.0,6,0.5,0
PROP-E2C2574AB659,,0,Unregistered,,,,,0,1.0,0
PROP-7096BA47B201,,0,Unregistered,,,,,0,1.0,0
PROP-BF23A1C4D5EB,,0,Unregistered,,,,,0,1.0,0
PROP-FE7E798B6A2E,RERA-MHA-05923831,1,Ongoing,41.0,50.0,82.0,60.0,11,0.545,0
PROP-85AB6F86A30A,RERA-MHA-50881949,1,Completed,31.0,24.0,100.0,54.0,14,0.429,0
PROP-22DF014E475F,,0,Unregistered,,,,,0,1.0,0
PROP-83491AC2B0DD,,0,Unregistered,,,,,0,1.0,0
PROP-43CEB8C48945,,0,Unregistered,,,,,0,1.0,0
PROP-21014AA04796,,0,Unregistered,,,,,0,1.0,0
PROP-67EAB82FDF43,,0,Unregistered,,,,,0,1.0,0
PROP-9D727CC98C01,,0,Unregistered,,,,,0,1.0,0
PROP-929CAFA76717,,0,Unregistered,,,,,0,1.0,0
PROP-7A3D3836B55F,,0,Unregistered,,,,,0,1.0,0
PROP-BA108ACECA5B,,0,Unregistered,,,,,0,1.0,0
PROP-C1865E01A85F,RERA-MHA-87533846,1,Completed,38.0,33.0,100.0,248.0,9,0.889,1
PROP-8019381B2D7D,RERA-MHA-46286323,1,Completed,72.0,38.0,100.0,110.0,13,0.923,3
PROP-C57D075230A2,RERA-MHA-03050923,1,Completed,74.0,52.0,100.0,159.0,20,0.7,1
PROP-680D8FFA5CD9,RERA-MHA-59754364,1,Ongoing,14.0,39.0,35.9,78.0,14,0.429,0
PROP-B4E2F0C6F3EC,,0,Unregistered,,,,,0,1.0,0
PROP-D87A0198868C,RERA-MHA-61175122,1,Ongoing,20.0,57.0,35.1,48.0,15,0.933,2
PROP-F64E19EB0B8D,,0,Unregistered,,,,,0,1.0,0
PROP-53AE34E93629,RERA-MHA-75598325,1,Ongoing,11.0,53.0,20.8,66.0,12,0.667,0
PROP-24EB77EC12AF,RERA-MHA-11411507,1,Ongoing,25.0,30.0,83.3,55.0,15,0.533,0
PROP-B42B725BF28A,,0,Unregistered,,,,,0,1.0,0
PROP-31228546D8E5,RERA-MHA-25600485,1,Completed,44.0,37.0,100.0,239.0,7,0.857,2
PROP-8EF2CF379427,,0,Unregistered,,,,,0,1.0,0
PROP-E1476CF6D7C7,,0,Unregistered,,,,,0,1.0,0
PROP-31651554FAAF,RERA-MHA-84381526,1,Ongoing,12.0,44.0,27.3,137.0,8,0.125,0
PROP-816F45C228AB,RERA-MHA-54997259,1,Ongoing,17.0,58.0,29.3,62.0,38,0.763,4
PROP-46EC5E0504C2,RERA-MHA-33416862,1,Ongoing,8.0,30.0,26.7,159.0,7,0.429,0
PROP-D53E81A25983,,0,Unregistered,,,,,0,1.0,0
PROP-9B45064F712D,,0,Unregistered,,,,,0,1.0,0
PROP-8C4C7F4E9C31,,0,Unregistered,,,,,0,1.0,0
PROP-BC01C0672EC9,RERA-MHA-47304559,1,Ongoing,25.0,55.0,45.5,78.0,6,0.333,0
PROP-ACC5E248CC78,RERA-MHA-95787272,1,Ongoing,34.0,42.0,81.0,60.0,16,0.438,0
PROP-73D59FD0E1B0,,0,Unregistered,,,,,0,1.0,0
PROP-3F92EB7FFC48,RERA-MHA-97316611,1,Ongoing,9.0,42.0,21.4,53.0,11,0.727,0
PROP-E04407917C7F,,0,Unregistered,,,,,0,1.0,0
PROP-D19601FA2569,RERA-MHA-17116668,1,Ongoing,26.0,35.0,74.3,70.0,10,0.6,1
PROP-86F124E2FFBE,,0,Unregistered,,,,,0,1.0,0
PROP-55172BF0F63D,,0,Unregistered,,,,,0,1.0,0
PROP-5D75D464D96B,,0,Unregistered,,,,,0,1.0,0
PROP-9CD59A145607,RERA-MHA-23964220,1,Ongoing,10.0,35.0,28.6,81.0,16,0.625,0
PROP-BB185D4F93F7,,0,Unregistered,,,,,0,1.0,0
PROP-989B94C5A3FA,,0,Unregistered,,,,,0,1.0,0
PROP-AA13A981381E,,0,Unregistered,,,,,0,1.0,0
PROP-BC2065B9C81A,,0,Unregistered,,,,,0,1.0,0
PROP-D6800AA46D32,,0,Unregistered,,,,,0,1.0,0
PROP-BC4BD0CC2EB0,RERA-MHA-13078277,1,Ongoing,23.0,43.0,53.5,62.0,6,0.5,0
PROP-9F8E1D5B5D68,,0,Unregistered,,,,,0,1.0,0
PROP-3DBD5034DE55,,0,Unregistered,,,,,0,1.0,0
PROP-29DFFFA96873,RERA-MHA-67981390,1,Ongoing,24.0,46.0,52.2,190.0,16,0.875,1
PROP-C36BE2BB9034,RERA-MHA-41711206,1,Ongoing,32.0,52.0,61.5,43.0,12,0.583,0
PROP-BE07D617A1A4,,0,Unregistered,,,,,0,1.0,0
PROP-B895386F58D6,RERA-MHA-30739880,1,Ongoing,38.0,43.0,88.4,68.0,13,0.615,0
PROP-641AE1E4F831,,0,Unregistered,,,,,0,1.0,0
PROP-79C048CC5D81,RERA-MHA-99371082,1,Ongoing,16.0,40.0,40.0,31.0,15,0.867,2
PROP-8E21D06E044B,,0,Unregistered,,,,,0,1.0,0
PROP-ACE2376BE68A,RERA-MHA-08697303,1,Ongoing,25.0,57.0,43.9,26.0,17,0.353,0
PROP-3055A7ED8FEB,,0,Unregistered,,,,,0,1.0,0
PROP-C6D0785F9203,,0,Unregistered,,,,,0,1.0,0
PROP-2C404B5FB213,RERA-MHA-29991875,1,Ongoing,21.0,24.0,87.5,71.0,9,0.667,0
PROP-AE585EF4EC81,,0,Unregistered,,,,,0,1.0,0
PROP-DC5C1C0E3B5F,,0,Unregistered,,,,,0,1.0,0
PROP-D6B58BE3DF0B,,0,Unregistered,,,,,0,1.0,0
PROP-E75A28BC213C,RERA-MHA-67330323,1,Ongoing,13.0,39.0,33.3,30.0,5,0.4,0
PROP-C34557563C3A,,0,Unregistered,,,,,0,1.0,0
PROP-29733AB2B703,,0,Unregistered,,,,,0,1.0,0
PROP-70797AFAF0CA,,0,Unregistered,,,,,0,1.0,0
PROP-13CE8C5FE748,,0,Unregistered,,,,,0,1.0,0
PROP-555491FD3FCD,,0,Unregistered,,,,,0,1.0,0
PROP-9EA6E6849C1C,,0,Unregistered,,,,,0,1.0,0
PROP-DBF5532E5A12,,0,Unregistered,,,,,0,1.0,0
PROP-6E5ACB2FEF4F,,0,Unregistered,,,,,0,1.0,0
PROP-B063C747C253,RERA-MHA-07716449,1,Ongoing,23.0,32.0,71.9,67.0,14,0.786,1
PROP-CEAB7897D726,,0,Unregistered,,,,,0,1.0,0
PROP-86D2089C9EE4,,0,Unregistered,,,,,0,1.0,0
PROP-DD96F911A6F7,,0,Unregistered,,,,,0,1.0,0
PROP-B4A5D251B554,RERA-MHA-59161054,1,Ongoing,24.0,36.0,66.7,40.0,12,0.667,0
PROP-9A6D2E316A55,RERA-MHA-14223264,1,Ongoing,6.0,43.0,14.0,27.0,6,0.667,0
PROP-2290133B99C3,RERA-MHA-75016914,1,Ongoing,40.0,54.0,74.1,129.0,13,0.615,0
PROP-06964AE01C1E,RERA-MHA-70356588,1,Completed,34.0,32.0,100.0,165.0,12,0.333,0
PROP-9BF845F6D56F,,0,Unregistered,,,,,0,1.0,0
PROP-AD34157F8E2F,,0,Unregistered,,,,,0,1.0,0
PROP-A7F8C5CEB35F,,0,Unregistered,,,,,0,1.0,0
PROP-CBAFBE087613,RERA-MHA-64591223,1,Ongoing,33.0,49.0,67.3,132.0,10,0.6,0
PROP-5E72845D8614,,0,Unregistered,,,,,0,1.0,0
PROP-A73D5A4BE346,,0,Unregistered,,,,,0,1.0,0
PROP-C1327463EF55,,0,Unregistered,,,,,0,1.0,0
PROP-BF51C4958232,,0,Unregistered,,,,,0,1.0,0
PROP-80BA6A6CE1BB,RERA-MHA-77696833,1,Ongoing,19.0,27.0,70.4,21.0,14,0.786,1
PROP-82B9233B4329,,0,Unregistered,,,,,0,1.0,0
PROP-537FACC4D81C,RERA-MHA-34416559,1,Ongoing,37.0,45.0,82.2,83.0,13,0.769,1
PROP-DE1061870C0F,,0,Unregistered,,,,,0,1.0,0
PROP-81EE7B700ADD,RERA-MHA-91676739,1,Ongoing,9.0,41.0,22.0,236.0,18,0.5,0
PROP-EDB1EF0119E2,RERA-MHA-59345415,1,Ongoing,17.0,53.0,32.1,11.0,14,0.429,0
PROP-E2B9955CAB2D,RERA-MHA-56622404,1,Ongoing,34.0,43.0,79.1,33.0,6,0.5,0
PROP-7968DAFD3FFC,,0,Unregistered,,,,,0,1.0,0
PROP-B60CD7FF25F8,RERA-MHA-05343347,1,Ongoing,25.0,45.0,55.6,104.0,5,0.4,0
PROP-375F43C11F62,RERA-MHA-28478881,1,Ongoing,31.0,47.0,66.0,93.0,13,0.538,0
PROP-3953CC74D9E5,RERA-MHA-19804026,1,Ongoing,12.0,38.0,31.6,93.0,13,0.692,1
PROP-AEADBE944979,,0,Unregistered,,,,,0,1.0,0
PROP-5A29DCA00809,,0,Unregistered,,,,,0,1.0,0
PROP-77A6E0449FAC,,0,Unregistered,,,,,0,1.0,0
PROP-DE2B44D82B55,,0,Unregistered,,,,,0,1.0,0
PROP-B3738EA4D836,,0,Unregistered,,,,,0,1.0,0
PROP-6B517F7F52A9,,0,Unregistered,,,,,0,1.0,0
PROP-F1FF3F398DB9,,0,Unregistered,,,,,0,1.0,0
PROP-11BFAAC08E4B,RERA-MHA-65420463,1,Ongoing,29.0,44.0,65.9,24.0,8,0.625,1
PROP-C1D324E54428,RERA-MHA-31240872,1,Ongoing,30.0,45.0,66.7,140.0,5,0.8,1
PROP-6E3EA8418117,,0,Unregistered,,,,,0,1.0,0
PROP-89B93D4B41CC,RERA-MHA-12896623,1,Ongoing,17.0,45.0,37.8,38.0,15,0.8,2
PROP-27B31D025699,,0,Unregistered,,,,,0,1.0,0
PROP-60206F9496F1,RERA-MHA-11142275,1,Ongoing,44.0,46.0,95.7,20.0,4,0.5,0
PROP-AF48679DCEF7,RERA-MHA-20377310,1,Ongoing,28.0,60.0,46.7,52.0,14,0.714,0
PROP-D47A3E4DF56E,RERA-MHA-13500002,1,Ongoing,28.0,37.0,75.7,52.0,8,0.625,1
PROP-4BB1D7B4A18A,,0,Unregistered,,,,,0,1.0,0
PROP-7806FDB9DFEB,RERA-MHA-31763434,1,Ongoing,40.0,48.0,83.3,203.0,9,0.556,0
PROP-04DEB36D2D12,,0,Unregistered,,,,,0,1.0,0
PROP-0D5ED96E5341,RERA-MHA-20377310,1,Completed,64.0,60.0,100.0,52.0,15,0.933,1
PROP-1AFF711E86BC,RERA-MHA-40327485,1,Ongoing,7.0,43.0,16.3,146.0,10,0.8,0
PROP-8DD8F6784A7C,,0,Unregistered,,,,,0,1.0,0
PROP-53B79C840F99,RERA-MHA-10864350,1,Ongoing,12.0,47.0,25.5,43.0,17,0.353,0
PROP-B48010D991B5,,0,Unregistered,,,,,0,1.0,0
PROP-AB9147EA488B,,0,Unregistered,,,,,0,1.0,0
PROP-1D577093950E,RERA-MHA-17144588,1,Ongoing,18.0,45.0,40.0,38.0,4,0.5,0
PROP-846B9B2320EA,RERA-MHA-70608338,1,Ongoing,20.0,58.0,34.5,257.0,15,0.533,0
PROP-258BADBC6F91,,0,Unregistered,,,,,0,1.0,0
PROP-595B39A77033,RERA-MHA-51106889,1,Ongoing,15.0,58.0,25.9,141.0,10,0.5,0
PROP-2221B16F7464,RERA-MHA-09275045,1,Ongoing,15.0,46.0,32.6,22.0,8,0.625,0
PROP-7EBEAFD1E396,,0,Unregistered,,,,,0,1.0,0
PROP-CF586B63FD4E,,0,Unregistered,,,,,0,1.0,0
PROP-8E2AD636132F,,0,Unregistered,,,,,0,1.0,0
PROP-59A160B0F0A1,RERA-MHA-31240872,1,Ongoing,30.0,45.0,66.7,140.0,5,0.8,1
PROP-E06BF298F8F1,,0,Unregistered,,,,,0,1.0,0
PROP-22CD5738FB0E,,0,Unregistered,,,,,0,1.0,0
PROP-F6076A6B9E5A,,0,Unregistered,,,,,0,1.0,0
PROP-8F83DAA1F399,,0,Unregistered,,,,,0,1.0,0
PROP-1A7C8EB3CB5B,RERA-MHA-63572162,1,Ongoing,8.0,52.0,15.4,136.0,35,0.2,0
PROP-309FEC192A95,RERA-MHA-59600521,1,Ongoing,15.0,50.0,30.0,16.0,4,0.0,0
PROP-70D3E173047E,,0,Unregistered,,,,,0,1.0,0
PROP-CFAD9BEA97E7,RERA-MHA-48176954,1,Ongoing,8.0,24.0,33.3,231.0,7,0.714,0
PROP-215F9FFFF3F0,RERA-MHA-46879644,1,Ongoing,14.0,25.0,56.0,118.0,6,0.333,0
PROP-578D46E2FDC3,RERA-MHA-77595514,1,Ongoing,12.0,55.0,21.8,31.0,16,0.875,3
PROP-17AC082C8B4A,,0,Unregistered,,,,,0,1.0,0
PROP-8C1E2D40FE96,RERA-MHA-13106941,1,Completed,35.0,25.0,100.0,67.0,10,0.8,0
PROP-5DE878BF9AF8,,0,Unregistered,,,,,0,1.0,0
PROP-F394BEE72895,RERA-MHA-67567537,1,Ongoing,35.0,40.0,87.5,95.0,8,0.375,0
PROP-F5AFD4D63F8C,,0,Unregistered,,,,,0,1.0,0
PROP-DB42FFDD415B,RERA-MHA-75132790,1,Ongoing,36.0,55.0,65.5,179.0,16,0.5,0
PROP-64EBE0D11F87,,0,Unregistered,,,,,0,1.0,0
PROP-CDC735397EDB,RERA-MHA-05222751,1,Completed,37.0,36.0,100.0,111.0,11,0.636,0
PROP-1684904D779A,,0,Unregistered,,,,,0,1.0,0
PROP-DFE9CF752894,RERA-MHA-05218934,1,Ongoing,12.0,59.0,20.3,209.0,16,0.5,0
PROP-570F8901C102,,0,Unregistered,,,,,0,1.0,0
PROP-51C2146946FF,RERA-MHA-84547071,1,Ongoing,21.0,42.0,50.0,252.0,63,0.254,0
PROP-9708426545FE,RERA-MHA-86523936,1,Completed,58.0,24.0,100.0,131.0,35,0.8,2
PROP-EC06200F9573,,0,Unregistered,,,,,0,1.0,0
PROP-8AA1B32DE8F9,RERA-MHA-84269919,1,Ongoing,29.0,47.0,61.7,118.0,14,0.857,5
PROP-10E0D279B0CE,RERA-MHA-11089890,1,Ongoing,28.0,58.0,48.3,78.0,13,0.462,0
PROP-791645C6FD03,RERA-MHA-37926374,1,Ongoing,32.0,43.0,74.4,40.0,5,0.6,0
PROP-A407B23FFD03,RERA-MHA-26673007,1,Ongoing,29.0,31.0,93.5,29.0,4,0.25,0
PROP-3205D5117BDA,RERA-MHA-83330523,1,Ongoing,16.0,55.0,29.1,56.0,71,0.634,5
PROP-CD682F0CCFA2,,0,Unregistered,,,,,0,1.0,0
PROP-89E16BE9354D,RERA-MHA-41618248,1,Completed,38.0,27.0,100.0,42.0,17,0.941,2
PROP-41FAE9B9626D,,0,Unregistered,,,,,0,1.0,0
PROP-E3597E085247,,0,Unregistered,,,,,0,1.0,0
PROP-8F81704F34F5,,0,Unregistered,,,,,0,1.0,0
PROP-13E2244B57E3,,0,Unregistered,,,,,0,1.0,0
PROP-87988AEB6503,,0,Unregistered,,,,,0,1.0,0
PROP-E9A87A15A0EA,RERA-MHA-20908027,1,Completed,41.0,39.0,100.0,243.0,17,1.0,3
PROP-8EBB583BFF78,,0,Unregistered,,,,,0,1.0,0
PROP-782A69068285,RERA-MHA-29500649,1,Ongoing,23.0,27.0,85.2,172.0,7,0.714,0
PROP-CA115E616C97,RERA-MHA-07856781,1,Ongoing,19.0,44.0,43.2,21.0,15,0.6,0
PROP-50092C15F737,RERA-MHA-85802834,1,Ongoing,20.0,50.0,40.0,44.0,8,0.5,0
PROP-DFAD8498F4E2,RERA-MHA-63449729,1,Ongoing,35.0,58.0,60.3,250.0,12,0.583,1
PROP-10A96A7358CE,RERA-MHA-14394921,1,Ongoing,23.0,27.0,85.2,150.0,12,0.917,0
PROP-FBE7EC200BBD,RERA-MHA-64940636,1,Completed,38.0,26.0,100.0,105.0,8,1.0,2
PROP-273FC454F368,,0,Unregistered,,,,,0,1.0,0
PROP-E0B53443577A,RERA-MHA-87683446,1,Ongoing,20.0,43.0,46.5,49.0,4,0.5,0
PROP-C198DDFBA7C9,RERA-MHA-27601360,1,Ongoing,10.0,33.0,30.3,24.0,22,0.455,0
PROP-CA343789E9F7,RERA-MHA-20903626,1,Ongoing,40.0,44.0,90.9,70.0,6,0.667,0
PROP-FEAA87935CD5,RERA-MHA-46286323,1,Ongoing,21.0,38.0,55.3,110.0,12,0.417,0
PROP-2BD5A76DCD03,RERA-MHA-46286323,1,Ongoing,21.0,38.0,55.3,110.0,11,0.364,0
PROP-FDB7C01E397A,,0,Unregistered,,,,,0,1.0,0
PROP-4D06EBF55699,,0,Unregistered,,,,,0,1.0,0
PROP-7168908E54AA,,0,Unregistered,,,,,0,1.0,0
PROP-9A10BB688932,RERA-MHA-04195287,1,Ongoing,29.0,41.0,70.7,196.0,7,0.286,0
PROP-9D2195924369,RERA-MHA-18329556,1,Ongoing,6.0,60.0,10.0,107.0,13,0.538,0
PROP-F5FFF1EB6E99,RERA-MHA-36247590,1,Ongoing,12.0,48.0,25.0,83.0,4,0.25,0
PROP-E020D72A73C9,RERA-MHA-14560669,1,Ongoing,11.0,56.0,19.6,45.0,39,0.154,0
PROP-590B303E449E,,0,Unregistered,,,,,0,1.0,0
PROP-9BB8DC3C4BC7,,0,Unregistered,,,,,0,1.0,0
PROP-85A4E08B2A4A,RERA-MHA-99000441,1,Ongoing,23.0,35.0,65.7,35.0,13,0.615,0
PROP-F5C693B630C8,RERA-MHA-06992588,1,Ongoing,25.0,49.0,51.0,157.0,15,0.667,0
PROP-28394AF87A1C,,0,Unregistered,,,,,0,1.0,0
PROP-B404B21398BE,,0,Unregistered,,,,,0,1.0,0
PROP-ED08CCD44B8E,RERA-MHA-59600521,1,Ongoing,18.0,50.0,36.0,16.0,4,0.0,0
PROP-C3F6C9C06157,RERA-MHA-67453331,1,Ongoing,13.0,36.0,36.1,17.0,26,0.769,5
PROP-F23E95DB6A33,,0,Unregistered,,,,,0,1.0,0
PROP-7A56B7910E89,RERA-MHA-00122798,1,Ongoing,20.0,55.0,36.4,157.0,17,0.471,0
PROP-044164B0859D,RERA-MHA-23165537,1,Completed,39.0,27.0,100.0,122.0,9,0.444,0
PROP-06439C5FA385,,0,Unregistered,,,,,0,1.0,0
PROP-1AF6CE1A6B82,RERA-MHA-97355578,1,Completed,32.0,27.0,100.0,143.0,13,0.538,0
PROP-F831E33D8CE1,,0,Unregistered,,,,,0,1.0,0
PROP-148FD1CA3A87,RERA-MHA-81555370,1,Ongoing,32.0,46.0,69.6,43.0,6,0.5,0
PROP-DA747E4BC28A,,0,Unregistered,,,,,0,1.0,0
PROP-475474C549DB,,0,Unregistered,,,,,0,1.0,0
PROP-BD6518FB0BF1,,0,Unregistered,,,,,0,1.0,0
PROP-FE212A563B5B,,0,Unregistered,,,,,0,1.0,0
PROP-CCBCC022FCB7,RERA-MHA-99272070,1,Ongoing,8.0,50.0,16.0,117.0,20,0.6,0
PROP-EB5EA9664A32,RERA-MHA-66681291,1,Ongoing,21.0,43.0,48.8,79.0,15,0.867,2
PROP-A88F1D458042,,0,Unregistered,,,,,0,1.0,0
PROP-7F1ED78707DF,,0,Unregistered,,,,,0,1.0,0
PROP-A145416CC063,RERA-MHA-05222751,1,Completed,76.0,36.0,100.0,111.0,13,0.846,3
PROP-FF0FEE382E36,,0,Unregistered,,,,,0,1.0,0
PROP-90B5EF51D165,RERA-MHA-48360071,1,Ongoing,33.0,54.0,61.1,243.0,12,0.75,0
PROP-A49404C30599,RERA-MHA-38545565,1,Completed,35.0,32.0,100.0,153.0,12,0.917,2
PROP-1EDAFCF6FB66,,0,Unregistered,,,,,0,1.0,0
PROP-2DA76B035B90,,0,Unregistered,,,,,0,1.0,0
PROP-FDD20686AE2C,RERA-MHA-89435902,1,Completed,40.0,38.0,100.0,106.0,13,0.846,2
PROP-C4D79FF53ADE,,0,Unregistered,,,,,0,1.0,0
PROP-CC1E9F83C67E,RERA-MHA-22725220,1,Ongoing,30.0,37.0,81.1,58.0,11,0.727,2
PROP-E69713FBAD2F,,0,Unregistered,,,,,0,1.0,0
PROP-D2F3093BA685,RERA-MHA-85137732,1,Ongoing,30.0,34.0,88.2,170.0,4,0.75,0
PROP-C9F3ADA6F57A,RERA-MHA-57694219,1,Ongoing,41.0,44.0,93.2,115.0,15,0.533,0
PROP-0FC2BD3A26C1,,0,Unregistered,,,,,0,1.0,0
PROP-B655C40C41EA,,0,Unregistered,,,,,0,1.0,0
PROP-D143BBEFCE7A,,0,Unregistered,,,,,0,1.0,0
PROP-E4517556838A,RERA-MHA-99179864,1,Ongoing,26.0,45.0,57.8,87.0,4,0.5,0
PROP-8AC176066E61,RERA-MHA-06118443,1,Ongoing,21.0,39.0,53.8,23.0,10,0.8,0
PROP-191E901CD888,RERA-MHA-95063847,1,Ongoing,21.0,41.0,51.2,155.0,8,0.625,0
PROP-25B4531D161F,,0,Unregistered,,,,,0,1.0,0
PROP-1FE3CF76897B,,0,Unregistered,,,,,0,1.0,0
PROP-B54658C50A6A,,0,Unregistered,,,,,0,1.0,0
PROP-16DC19D7A347,,0,Unregistered,,,,,0,1.0,0
PROP-A7EF66D365FD,,0,Unregistered,,,,,0,1.0,0
PROP-E2959B5F72AB,RERA-MHA-86604006,1,Ongoing,40.0,58.0,69.0,51.0,16,0.75,0
PROP-E2EA87207DBA,,0,Unregistered,,,,,0,1.0,0
PROP-B63242C6161D,,0,Unregistered,,,,,0,1.0,0
PROP-821C50F2587D,RERA-MHA-77782530,1,Ongoing,20.0,47.0,42.6,32.0,11,0.909,3
PROP-4C1C85CA2F02,,0,Unregistered,,,,,0,1.0,0
PROP-2B96BD23E148,RERA-MHA-29155001,1,Ongoing,19.0,42.0,45.2,105.0,15,0.667,0
PROP-3CB001639E84,,0,Unregistered,,,,,0,1.0,0
PROP-CE5801F8BD00,RERA-MHA-90446292,1,Ongoing,28.0,32.0,87.5,87.0,13,0.846,6
PROP-E77C161084C2,,0,Unregistered,,,,,0,1.0,0
PROP-ED676B4CD727,,0,Unregistered,,,,,0,1.0,0
PROP-1FEE6F5F1E3E,,0,Unregistered,,,,,0,1.0,0
PROP-01C4FDF37767,RERA-MHA-39284464,1,Ongoing,6.0,25.0,24.0,120.0,18,0.889,3
PROP-F0AE73742839,,0,Unregistered,,,,,0,1.0,0
PROP-19C5FCADB8CA,RERA-MHA-41360923,1,Completed,29.0,24.0,100.0,81.0,14,0.857,0
PROP-3A858C150400,,0,Unregistered,,,,,0,1.0,0
PROP-336F45DA6985,RERA-MHA-10994763,1,Ongoing,9.0,45.0,20.0,50.0,9,0.667,0
PROP-D5E2BAFC5A8B,RERA-MHA-85244764,1,Ongoing,30.0,34.0,88.2,276.0,12,0.5,0
PROP-055AB3F1D2B9,RERA-MHA-25600485,1,Ongoing,11.0,37.0,29.7,239.0,6,0.5,0
PROP-A9F84DEE3C47,RERA-MHA-03172083,1,Ongoing,52.0,56.0,92.9,105.0,7,0.429,0
PROP-83CF317F40C1,,0,Unregistered,,,,,0,1.0,0
PROP-D1DCB1518C62,RERA-MHA-91751557,1,Ongoing,35.0,53.0,66.0,80.0,15,0.867,4
PROP-241BDD1F7115,RERA-MHA-59163814,1,Ongoing,8.0,25.0,32.0,99.0,10,0.5,0
PROP-C064B826940D,,0,Unregistered,,,,,0,1.0,0
PROP-7EAD1E640C70,,0,Unregistered,,,,,0,1.0,0
PROP-35CEFFA365E5,RERA-MHA-30300666,1,Ongoing,20.0,54.0,37.0,161.0,9,0.444,0
PROP-D6F32A68E305,,0,Unregistered,,,,,0,1.0,0
PROP-23E7440BC87A,RERA-MHA-20228605,1,Completed,35.0,25.0,100.0,166.0,14,0.571,0
PROP-11BE42196D8E,RERA-MHA-48667291,1,Ongoing,41.0,48.0,85.4,188.0,9,0.778,2
PROP-F4ADFDAA866B,,0,Unregistered,,,,,0,1.0,0
PROP-A33622E96107,RERA-MHA-44867046,1,Ongoing,36.0,52.0,69.2,72.0,12,0.75,0
PROP-ADA5D1A78EF8,RERA-MHA-81440458,1,Completed,36.0,29.0,100.0,34.0,13,0.769,0
PROP-DABDEFD084D9,,0,Unregistered,,,,,0,1.0,0
PROP-C28083C050E7,RERA-MHA-94120443,1,Ongoing,9.0,58.0,15.5,46.0,17,0.471,0
PROP-B445A5B2AD1D,RERA-MHA-12326006,1,Ongoing,8.0,38.0,21.1,42.0,5,0.8,0
PROP-0A077102E1E3,RERA-MHA-87533846,1,Ongoing,20.0,33.0,60.6,248.0,9,0.667,0
PROP-74BA6184360A,,0,Unregistered,,,,,0,1.0,0
PROP-D47E33C9F6D9,RERA-MHA-83466342,1,Ongoing,32.0,50.0,64.0,39.0,12,0.75,0
PROP-D59F1927DCA5,,0,Unregistered,,,,,0,1.0,0
PROP-0C0B16F53725,,0,Unregistered,,,,,0,1.0,0
PROP-1E989C16AEEF,RERA-MHA-38086709,1,Ongoing,7.0,54.0,13.0,34.0,10,0.6,0
PROP-C6B98A71C32C,,0,Unregistered,,,,,0,1.0,0
PROP-4F97EA0DF2CE,,0,Unregistered,,,,,0,1.0,0
PROP-CC1555A8BD02,RERA-MHA-70857451,1,Completed,33.0,25.0,100.0,161.0,7,0.286,0
PROP-05B8A8B787CF,,0,Unregistered,,,,,0,1.0,0
PROP-D7200DFF39BD,RERA-MHA-22551187,1,Ongoing,25.0,56.0,44.6,41.0,7,0.714,0
PROP-C797A8F9CD64,RERA-MHA-90446292,1,Ongoing,22.0,32.0,68.8,87.0,13,0.846,6
PROP-C835BC4F5770,,0,Unregistered,,,,,0,1.0,0
PROP-1C0E13E29769,RERA-MHA-38346306,1,Completed,36.0,31.0,100.0,58.0,4,0.75,0
PROP-1D7AE35FCFE3,RERA-MHA-50274360,1,Ongoing,18.0,33.0,54.5,50.0,9,0.889,0
PROP-88D26DFB3F74,RERA-MHA-81447602,1,Ongoing,24.0,27.0,88.9,88.0,12,0.917,2
PROP-0D3BD9308E88,RERA-MHA-96299433,1,Ongoing,15.0,59.0,25.4,117.0,16,0.688,0
PROP-5379E9BB2BA6,,0,Unregistered,,,,,0,1.0,0
PROP-EC24409EBC2F,,0,Unregistered,,,,,0,1.0,0
PROP-7041E8A30C20,RERA-MHA-12345465,1,Ongoing,31.0,35.0,88.6,28.0,9,0.444,0
PROP-5FB75BA68ABB,,0,Unregistered,,,,,0,1.0,0
PROP-F9E5BC2B5E4D,,0,Unregistered,,,,,0,1.0,0
PROP-7808C844D6D2,RERA-MHA-32603555,1,Ongoing,13.0,29.0,44.8,44.0,8,0.5,0
PROP-A86F5A57F345,,0,Unregistered,,,,,0,1.0,0
PROP-C57EA4BEF750,RERA-MHA-34741276,1,Ongoing,38.0,47.0,80.9,259.0,10,0.6,0
PROP-FD87D8F4AF56,,0,Unregistered,,,,,0,1.0,0
PROP-2EFB857381BD,RERA-MHA-15729138,1,Ongoing,8.0,44.0,18.2,200.0,23,0.522,0
PROP-81285EF4CE23,,0,Unregistered,,,,,0,1.0,0
PROP-260B35950A7F,,0,Unregistered,,,,,0,1.0,0
PROP-84ACE71447DB,RERA-MHA-63404086,1,Ongoing,12.0,50.0,24.0,233.0,17,0.118,0
PROP-AD3F80D4D15C,RERA-MHA-46286323,1,Completed,51.0,38.0,100.0,110.0,13,0.692,0
PROP-286C4F25648C,RERA-MHA-47549210,1,Ongoing,32.0,38.0,84.2,102.0,8,0.875,2
PROP-848B74BDCF77,,0,Unregistered,,,,,0,1.0,0
PROP-58744DFFE08C,RERA-MHA-05682683,1,Ongoing,41.0,48.0,85.4,132.0,15,0.867,3
PROP-D8B46C7581E8,,0,Unregistered,,,,,0,1.0,0
PROP-AC1F6DDFE990,,0,Unregistered,,,,,0,1.0,0
PROP-D39CFC472BA4,,0,Unregistered,,,,,0,1.0,0
PROP-C6B3FD9F35D1,RERA-MHA-35350137,1,Ongoing,23.0,48.0,47.9,31.0,9,0.889,2
PROP-5977CC4F39F8,,0,Unregistered,,,,,0,1.0,0
PROP-B3DE0F9B2486,,0,Unregistered,,,,,0,1.0,0
PROP-55364EA960DC,,0,Unregistered,,,,,0,1.0,0
PROP-F6450C959B31,,0,Unregistered,,,,,0,1.0,0
PROP-F675B01C5A44,RERA-MHA-69822244,1,Ongoing,22.0,36.0,61.1,76.0,71,0.592,5
PROP-C4FF9812BB5F,RERA-MHA-87461685,1,Ongoing,7.0,34.0,20.6,177.0,4,0.75,0
PROP-3B9FFE595046,,0,Unregistered,,,,,0,1.0,0
PROP-CA30440DF9D9,,0,Unregistered,,,,,0,1.0,0
PROP-3EDBCDCAB5F0,,0,Unregistered,,,,,0,1.0,0
PROP-AD43850E6B92,RERA-MHA-07883256,1,Completed,38.0,30.0,100.0,28.0,7,0.857,0
PROP-77E56AA473FA,,0,Unregistered,,,,,0,1.0,0
PROP-EAD84044A1DC,,0,Unregistered,,,,,0,1.0,0
PROP-26F6DD5961D1,,0,Unregistered,,,,,0,1.0,0
PROP-6F6725DDED88,,0,Unregistered,,,,,0,1.0,0
PROP-3B1AD8BB4659,RERA-MHA-16746988,1,Ongoing,10.0,37.0,27.0,10.0,15,0.667,0
PROP-672300D1C8C4,,0,Unregistered,,,,,0,1.0,0
PROP-F7E8E1ADAF49,,0,Unregistered,,,,,0,1.0,0
PROP-C19E29F98C4D,,0,Unregistered,,,,,0,1.0,0
PROP-3BC506F23D23,RERA-MHA-80401932,1,Completed,30.0,30.0,100.0,125.0,10,0.9,1
PROP-89BCCEC696EC,RERA-MHA-78411242,1,Ongoing,12.0,41.0,29.3,75.0,7,0.429,0
PROP-394CF4E82945,RERA-MHA-42711510,1,Ongoing,32.0,51.0,62.7,41.0,7,0.714,2
PROP-96F775C3C338,RERA-MHA-81583164,1,Ongoing,38.0,54.0,70.4,178.0,20,0.55,2
PROP-ED6BCD88AEF8,,0,Unregistered,,,,,0,1.0,0
PROP-8B8DCED163C6,,0,Unregistered,,,,,0,1.0,0
PROP-D2D977DB9C89,RERA-MHA-97030245,1,Ongoing,35.0,57.0,61.4,69.0,14,0.571,0
PROP-673702674C52,RERA-MHA-05145118,1,Ongoing,20.0,33.0,60.6,51.0,5,0.4,0
PROP-3CA11082E5AF,RERA-MHA-71738886,1,Ongoing,12.0,33.0,36.4,110.0,14,0.571,0
PROP-F8A0437C56F9,,0,Unregistered,,,,,0,1.0,0
PROP-AF61F6BFC27A,RERA-MHA-10110425,1,Ongoing,15.0,54.0,27.8,253.0,12,0.833,0
PROP-86CAB8901327,,0,Unregistered,,,,,0,1.0,0
PROP-8EFC80F6B76F,,0,Unregistered,,,,,0,1.0,0
PROP-3723B5FD3A36,RERA-MHA-50552821,1,Ongoing,35.0,38.0,92.1,29.0,66,0.258,0
PROP-B5DEC2D21F1E,,0,Unregistered,,,,,0,1.0,0
PROP-8F9CB749B309,,0,Unregistered,,,,,0,1.0,0
PROP-38AA6DEA703F,RERA-MHA-35322212,1,Ongoing,6.0,55.0,10.9,100.0,67,0.284,0
PROP-79B73DB43C95,,0,Unregistered,,,,,0,1.0,0
PROP-CDBFC212F53F,RERA-MHA-49624413,1,Ongoing,31.0,39.0,79.5,50.0,13,0.769,1
PROP-E69D9E6C54B2,,0,Unregistered,,,,,0,1.0,0
PROP-99F64FE80A22,,0,Unregistered,,,,,0,1.0,0
PROP-A7450D55AD4D,,0,Unregistered,,,,,0,1.0,0
PROP-6FAA2C38D44C,,0,Unregistered,,,,,0,1.0,0
PROP-4F24245780C1,,0,Unregistered,,,,,0,1.0,0
PROP-6D3C4547262F,RERA-MHA-53003139,1,Completed,37.0,36.0,100.0,54.0,16,0.625,0
PROP-204BD559D9FA,RERA-MHA-47584677,1,Ongoing,23.0,56.0,41.1,54.0,5,0.4,0
PROP-62975BD8B3BB,,0,Unregistered,,,,,0,1.0,0
PROP-118237D9D08E,RERA-MHA-00205786,1,Ongoing,28.0,57.0,49.1,81.0,8,0.5,1
PROP-662AE6BBCBAD,,0,Unregistered,,,,,0,1.0,0
PROP-CCD3A2072833,,0,Unregistered,,,,,0,1.0,0
PROP-528E0669ECA5,,0,Unregistered,,,,,0,1.0,0
PROP-A6AAE9936BDE,RERA-MHA-69669043,1,Completed,33.0,30.0,100.0,36.0,13,0.462,0
PROP-E2E2A84414C5,,0,Unregistered,,,,,0,1.0,0
PROP-A94964D2600C,RERA-MHA-91851110,1,Ongoing,36.0,48.0,75.0,250.0,10,0.7,3
PROP-9280EEEF3674,,0,Unregistered,,,,,0,1.0,0
PROP-4EBDE3A43ADC,,0,Unregistered,,,,,0,1.0,0
PROP-DC5DC66EA873,RERA-MHA-22122920,1,Ongoing,38.0,58.0,65.5,178.0,8,0.625,0
PROP-1AA18A0113C7,RERA-MHA-45476927,1,Ongoing,33.0,50.0,66.0,63.0,7,0.714,0
PROP-9D111CED81B6,,0,Unregistered,,,,,0,1.0,0
PROP-6EA98CDC8BB0,RERA-MHA-57845993,1,Ongoing,19.0,35.0,54.3,29.0,16,0.375,0
PROP-F5DD3710D3B9,RERA-MHA-76438123,1,Ongoing,29.0,55.0,52.7,113.0,6,0.667,0
PROP-A539047CCF2E,RERA-MHA-94686247,1,Ongoing,9.0,45.0,20.0,12.0,8,0.75,0
PROP-DFA70EE881B8,,0,Unregistered,,,,,0,1.0,0
PROP-AA5750FB25F2,,0,Unregistered,,,,,0,1.0,0
PROP-CC09145B9DA9,RERA-MHA-96977280,1,Ongoing,26.0,40.0,65.0,132.0,14,0.143,0
PROP-19EB258DA46C,,0,Unregistered,,,,,0,1.0,0
PROP-E6C9C4A2A747,RERA-MHA-38462402,1,Ongoing,28.0,39.0,71.8,110.0,4,0.5,0
PROP-68A332AAD4B7,,0,Unregistered,,,,,0,1.0,0
PROP-2E43A06FB34A,RERA-MHA-91796042,1,Ongoing,28.0,31.0,90.3,121.0,16,0.5,0
PROP-806AEBE270F4,RERA-MHA-12572540,1,Ongoing,6.0,24.0,25.0,17.0,8,0.5,0
PROP-47CC9E8741BF,,0,Unregistered,,,,,0,1.0,0
PROP-2659578A4F58,RERA-MHA-93737934,1,Completed,36.0,26.0,100.0,70.0,12,0.5,0
PROP-7D2CD8B7524C,,0,Unregistered,,,,,0,1.0,0
PROP-DA7830B93FAA,,0,Unregistered,,,,,0,1.0,0
PROP-CB90929DA96F,,0,Unregistered,,,,,0,1.0,0
PROP-D2378150A63A,RERA-MHA-82952836,1,Ongoing,26.0,39.0,66.7,47.0,11,0.727,1
PROP-19276CBFEB14,,0,Unregistered,,,,,0,1.0,0
PROP-15F170175AC0,,0,Unregistered,,,,,0,1.0,0
PROP-4030232238EB,,0,Unregistered,,,,,0,1.0,0
PROP-3DF6DF775924,RERA-MHA-89912605,1,Ongoing,35.0,59.0,59.3,129.0,10,0.8,0
PROP-1FCFCCAB8EEB,RERA-MHA-47691077,1,Ongoing,35.0,53.0,66.0,73.0,71,0.592,5
PROP-B25BB63231E4,,0,Unregistered,,,,,0,1.0,0
PROP-C940D14FCE4A,,0,Unregistered,,,,,0,1.0,0
PROP-77BD326CC1CD,RERA-MHA-90275407,1,Ongoing,9.0,38.0,23.7,42.0,13,0.462,0
PROP-ECA99D42AF70,RERA-MHA-18214668,1,Ongoing,34.0,36.0,94.4,25.0,7,0.286,0
PROP-AFBDBA075D4E,RERA-MHA-09741279,1,Ongoing,17.0,59.0,28.8,55.0,16,0.188,0
PROP-752B1032436A,RERA-MHA-81846075,1,Ongoing,21.0,59.0,35.6,68.0,14,0.857,3
PROP-12A37F0B2433,,0,Unregistered,,,,,0,1.0,0
PROP-0BBA441CEA2F,,0,Unregistered,,,,,0,1.0,0
PROP-4A5C5EA234BF,,0,Unregistered,,,,,0,1.0,0
PROP-9A23941AA12A,,0,Unregistered,,,,,0,1.0,0
PROP-6340C9D37EDA,RERA-MHA-52736249,1,Ongoing,11.0,39.0,28.2,45.0,18,0.778,0
PROP-24A224FB22DD,,0,Unregistered,,,,,0,1.0,0
PROP-279BEB9B7BDA,RERA-MHA-74612768,1,Ongoing,10.0,55.0,18.2,167.0,12,0.083,0
PROP-2A944853E005,,0,Unregistered,,,,,0,1.0,0
PROP-543ABBAC7EB5,,0,Unregistered,,,,,0,1.0,0
PROP-285CC6F6BE1F,,0,Unregistered,,,,,0,1.0,0
PROP-B80E6BA86268,RERA-MHA-03899083,1,Ongoing,33.0,37.0,89.2,32.0,9,0.778,0
PROP-E311667B9996,RERA-MHA-16717124,1,Ongoing,30.0,39.0,76.9,43.0,10,0.4,0
PROP-3B0AFAB554DB,RERA-MHA-68696445,1,Ongoing,27.0,30.0,90.0,122.0,7,0.571,0
PROP-281C12C5762B,RERA-MHA-93737934,1,Completed,57.0,26.0,100.0,70.0,12,0.667,0
PROP-4B2549EF722A,RERA-MHA-77829385,1,Ongoing,23.0,31.0,74.2,29.0,17,0.765,2
PROP-88BAD221A8AD,,0,Unregistered,,,,,0,1.0,0
PROP-E5D83316290F,,0,Unregistered,,,,,0,1.0,0
PROP-83038FBB8DC2,RERA-MHA-92244444,1,Ongoing,22.0,57.0,38.6,118.0,18,0.333,0
PROP-87D8F9617640,RERA-MHA-20854779,1,Completed,48.0,33.0,100.0,92.0,11,1.0,4
PROP-9503C722713F,,0,Unregistered,,,,,0,1.0,0
PROP-356FB6BAFCBE,,0,Unregistered,,,,,0,1.0,0
PROP-0742443934EF,,0,Unregistered,,,,,0,1.0,0
PROP-EE8D3F827552,RERA-MHA-43148564,1,Ongoing,30.0,39.0,76.9,137.0,13,0.769,1
PROP-4690CB8808CD,RERA-MHA-84190674,1,Ongoing,28.0,46.0,60.9,103.0,12,0.833,3
PROP-BE6312E6BD66,,0,Unregistered,,,,,0,1.0,0
PROP-1339F354B1AF,RERA-MHA-42235744,1,Ongoing,6.0,42.0,14.3,240.0,11,0.455,0
PROP-E0641EEE5B45,,0,Unregistered,,,,,0,1.0,0
PROP-7C7AF926F6C1,RERA-MHA-93227104,1,Ongoing,30.0,41.0,73.2,54.0,5,0.2,0
PROP-A9BCC5E4BF94,,0,Unregistered,,,,,0,1.0,0
PROP-A04B71776678,,0,Unregistered,,,,,0,1.0,0
PROP-C482F0C0138C,,0,Unregistered,,,,,0,1.0,0
PROP-73B0EE584383,,0,Unregistered,,,,,0,1.0,0
PROP-6BC55AE9E00B,,0,Unregistered,,,,,0,1.0,0
PROP-E2E010224116,,0,Unregistered,,,,,0,1.0,0
PROP-162928B59E85,,0,Unregistered,,,,,0,1.0,0
PROP-149E61D879A1,RERA-MHA-21676645,1,Ongoing,11.0,31.0,35.5,108.0,14,0.357,0
PROP-1BCEAED95EF1,,0,Unregistered,,,,,0,1.0,0
PROP-83B0D688FCB6,RERA-MHA-16483738,1,Completed,36.0,27.0,100.0,140.0,12,0.583,0
PROP-3D89713DED69,,0,Unregistered,,,,,0,1.0,0
PROP-7FC5588EC66C,RERA-MHA-94306128,1,Ongoing,36.0,41.0,87.8,69.0,11,0.727,1
PROP-6260D90FA220,,0,Unregistered,,,,,0,1.0,0
PROP-CAC8EE55D7D0,,0,Unregistered,,,,,0,1.0,0
PROP-8EE9ED02626D,,0,Unregistered,,,,,0,1.0,0
PROP-BAE9AFA9D428,RERA-MHA-77837125,1,Ongoing,11.0,47.0,23.4,79.0,14,0.571,0
PROP-91854D9CDCFF,,0,Unregistered,,,,,0,1.0,0
PROP-61DD281C3C02,,0,Unregistered,,,,,0,1.0,0
PROP-12FDBB03E59C,,0,Unregistered,,,,,0,1.0,0
PROP-C0771089CB98,,0,Unregistered,,,,,0,1.0,0
PROP-0A930D4B354D,,0,Unregistered,,,,,0,1.0,0
PROP-FB79FF41B652,RERA-MHA-69748972,1,Ongoing,38.0,52.0,73.1,86.0,12,0.917,2
PROP-8F532A2CFE26,,0,Unregistered,,,,,0,1.0,0
PROP-AC20B4133F0E,,0,Unregistered,,,,,0,1.0,0
PROP-44ADCE3DC10E,RERA-MHA-00769850,1,Ongoing,36.0,56.0,64.3,122.0,12,0.333,0
PROP-72952F57BFFE,,0,Unregistered,,,,,0,1.0,0
PROP-E4E7E7BF351C,,0,Unregistered,,,,,0,1.0,0
PROP-607972EC812B,,0,Unregistered,,,,,0,1.0,0
PROP-0C63733F9348,RERA-MHA-61705960,1,Ongoing,6.0,36.0,16.7,151.0,7,0.571,1
PROP-7F727D08589D,,0,Unregistered,,,,,0,1.0,0
PROP-1D9181D21035,,0,Unregistered,,,,,0,1.0,0
PROP-97E53FC091B7,RERA-MHA-11063013,1,Ongoing,39.0,60.0,65.0,137.0,7,0.857,0
PROP-72FE921D8962,,0,Unregistered,,,,,0,1.0,0
PROP-67DB6EB57F35,,0,Unregistered,,,,,0,1.0,0
PROP-1099A5AF42E4,,0,Unregistered,,,,,0,1.0,0
PROP-9F55938BC3D1,,0,Unregistered,,,,,0,1.0,0
PROP-AEE9C67326B9,,0,Unregistered,,,,,0,1.0,0
PROP-A3ECEAB89847,RERA-MHA-69998579,1,Ongoing,29.0,60.0,48.3,17.0,16,0.625,0
PROP-2BE8DF9818B4,,0,Unregistered,,,,,0,1.0,0
PROP-D79EBCD647BE,,0,Unregistered,,,,,0,1.0,0
PROP-9E31BDD3BE78,,0,Unregistered,,,,,0,1.0,0
PROP-01258CD888CC,,0,Unregistered,,,,,0,1.0,0
PROP-D08BE2FD17EC,,0,Unregistered,,,,,0,1.0,0
PROP-BBEA5368ECC7,,0,Unregistered,,,,,0,1.0,0
PROP-553C1F9E4CF9,,0,Unregistered,,,,,0,1.0,0
PROP-1B81B21BC57D,RERA-MHA-95893916,1,Completed,38.0,24.0,100.0,79.0,6,1.0,0
PROP-E01973B6F415,,0,Unregistered,,,,,0,1.0,0
PROP-8A4633ADC1B2,RERA-MHA-20854779,1,Completed,33.0,33.0,100.0,92.0,11,0.727,1
PROP-542BA591D839,RERA-MHA-84362670,1,Ongoing,24.0,42.0,57.1,225.0,11,0.455,0
PROP-5C078D87A83E,,0,Unregistered,,,,,0,1.0,0
PROP-2A769A307CE7,,0,Unregistered,,,,,0,1.0,0
PROP-CBCE74771232,,0,Unregistered,,,,,0,1.0,0
PROP-FA1B297E82AD,RERA-MHA-77269538,1,Ongoing,28.0,53.0,52.8,28.0,7,0.429,0
PROP-CE7756D4EFF3,,0,Unregistered,,,,,0,1.0,0
PROP-77D9BC9AE78E,,0,Unregistered,,,,,0,1.0,0
PROP-D0CEE156D92B,,0,Unregistered,,,,,0,1.0,0
PROP-245995EFBD96,RERA-MHA-59199069,1,Ongoing,23.0,38.0,60.5,165.0,4,0.75,1
PROP-ED6F9CE98BC5,RERA-MHA-89170569,1,Ongoing,35.0,56.0,62.5,207.0,8,0.375,0
PROP-3D97A0EC7E78,,0,Unregistered,,,,,0,1.0,0
PROP-FD79C9BA40DA,,0,Unregistered,,,,,0,1.0,0
PROP-D13F0A36E8E7,,0,Unregistered,,,,,0,1.0,0
PROP-C5EC0EB424D6,,0,Unregistered,,,,,0,1.0,0
PROP-A96EBD09271C,,0,Unregistered,,,,,0,1.0,0
PROP-27FA5E04CEF3,,0,Unregistered,,,,,0,1.0,0
PROP-6811ADFE30BE,,0,Unregistered,,,,,0,1.0,0
PROP-5127D43643C2,RERA-MHA-61253961,1,Ongoing,31.0,52.0,59.6,132.0,26,0.192,0
PROP-013061E0BB36,RERA-MHA-99137463,1,Ongoing,21.0,48.0,43.8,88.0,13,0.846,0
PROP-3A16D4BDE975,,0,Unregistered,,,,,0,1.0,0
PROP-25D16C828562,RERA-MHA-99816760,1,Ongoing,30.0,31.0,96.8,40.0,19,0.895,1
PROP-90BE8D7810AB,RERA-MHA-29334781,1,Ongoing,11.0,29.0,37.9,96.0,12,0.583,0
PROP-3EBE0C919F8C,,0,Unregistered,,,,,0,1.0,0
PROP-7F02FB844401,,0,Unregistered,,,,,0,1.0,0
PROP-C9B59F3CC024,,0,Unregistered,,,,,0,1.0,0
PROP-CE9DBBB2B8B3,,0,Unregistered,,,,,0,1.0,0
PROP-471D81F48705,,0,Unregistered,,,,,0,1.0,0
PROP-6ECDB07B3D50,,0,Unregistered,,,,,0,1.0,0
PROP-CA5A987CC7B7,,0,Unregistered,,,,,0,1.0,0
PROP-1407A5E7E5E9,,0,Unregistered,,,,,0,1.0,0
PROP-9FBA8CE18656,,0,Unregistered,,,,,0,1.0,0
PROP-1209BC2B4606,,0,Unregistered,,,,,0,1.0,0
PROP-B7C5B203B054,,0,Unregistered,,,,,0,1.0,0
PROP-1F0A04DC6A38,,0,Unregistered,,,,,0,1.0,0
PROP-15F1206DC466,,0,Unregistered,,,,,0,1.0,0
PROP-BA2A9EAE78C5,,0,Unregistered,,,,,0,1.0,0
PROP-366F9DBC2FF7,,0,Unregistered,,,,,0,1.0,0
PROP-D893827C1300,,0,Unregistered,,,,,0,1.0,0
PROP-EB13C294EEA3,,0,Unregistered,,,,,0,1.0,0
PROP-FF620FFE1D6E,,0,Unregistered,,,,,0,1.0,0
PROP-1F1E8DEFC8CF,,0,Unregistered,,,,,0,1.0,0
PROP-BA6EE9AAAE81,,0,Unregistered,,,,,0,1.0,0
PROP-941ED0D49123,,0,Unregistered,,,,,0,1.0,0
PROP-CED7920EB1D2,RERA-MHA-94306128,1,Ongoing,6.0,41.0,14.6,69.0,11,0.636,0
PROP-0FE92B2AECAA,RERA-MHA-03050923,1,Ongoing,41.0,52.0,78.8,159.0,16,0.375,0
PROP-43353548EC49,,0,Unregistered,,,,,0,1.0,0
PROP-1F4B6989268C,RERA-MHA-42179007,1,Ongoing,25.0,53.0,47.2,17.0,5,0.4,0
PROP-79A744443B16,,0,Unregistered,,,,,0,1.0,0
PROP-04FCD9EE4097,,0,Unregistered,,,,,0,1.0,0
PROP-FC8B46190307,,0,Unregistered,,,,,0,1.0,0
PROP-CB65A0129994,,0,Unregistered,,,,,0,1.0,0
PROP-D1CFACF30BD4,,0,Unregistered,,,,,0,1.0,0
PROP-6490DE9E6464,,0,Unregistered,,,,,0,1.0,0
PROP-9A6EA230CA14,RERA-MHA-92904114,1,Completed,40.0,39.0,100.0,98.0,18,0.833,1
PROP-7BFA51A422B0,,0,Unregistered,,,,,0,1.0,0
PROP-0F432E842175,,0,Unregistered,,,,,0,1.0,0
PROP-D4977CFD05A1,RERA-MHA-73323019,1,Ongoing,37.0,57.0,64.9,233.0,7,0.714,1
PROP-DAF2BCF7EB14,,0,Unregistered,,,,,0,1.0,0
PROP-0BC7279CC057,RERA-MHA-10330293,1,Ongoing,31.0,37.0,83.8,71.0,10,0.8,1
PROP-DDE1118BA43F,,0,Unregistered,,,,,0,1.0,0
PROP-E55772E42796,,0,Unregistered,,,,,0,1.0,0
PROP-21626AB95D4C,,0,Unregistered,,,,,0,1.0,0
PROP-74067F20DFEA,,0,Unregistered,,,,,0,1.0,0
PROP-6C290DF720FF,,0,Unregistered,,,,,0,1.0,0
PROP-4617F9ADE719,RERA-MHA-07442977,1,Ongoing,35.0,56.0,62.5,42.0,7,0.714,0
PROP-E1054D39380F,,0,Unregistered,,,,,0,1.0,0
PROP-D42257042F9B,RERA-MHA-57046752,1,Ongoing,34.0,47.0,72.3,136.0,13,0.615,0
PROP-6D917817D804,RERA-MHA-23841205,1,Ongoing,39.0,51.0,76.5,26.0,11,0.636,0
PROP-6BD0FCF95D48,RERA-MHA-25503847,1,Ongoing,18.0,24.0,75.0,39.0,14,0.429,0
PROP-C7E7CCC0BCC8,,0,Unregistered,,,,,0,1.0,0
PROP-CA03EEF166DC,,0,Unregistered,,,,,0,1.0,0
PROP-1128B1CDE4CD,,0,Unregistered,,,,,0,1.0,0
PROP-25D33CB39962,,0,Unregistered,,,,,0,1.0,0
PROP-FBE4CD09B6D9,RERA-MHA-18891793,1,Ongoing,23.0,37.0,62.2,35.0,18,0.833,1
PROP-3E031471AF46,,0,Unregistered,,,,,0,1.0,0
PROP-946358F6A04B,,0,Unregistered,,,,,0,1.0,0
PROP-24E57BC43404,,0,Unregistered,,,,,0,1.0,0
PROP-10FF97BD96EC,RERA-MHA-29148975,1,Ongoing,21.0,58.0,36.2,257.0,8,0.25,0
PROP-3DD8EAD62FF1,RERA-MHA-19237884,1,Ongoing,30.0,38.0,78.9,137.0,10,0.3,0
PROP-0ADF59DF270A,,0,Unregistered,,,,,0,1.0,0
PROP-B9E7851424C5,RERA-MHA-50376994,1,Ongoing,12.0,52.0,23.1,38.0,14,0.714,3
PROP-25A18B6CCB35,,0,Unregistered,,,,,0,1.0,0
PROP-34C578F26CD3,,0,Unregistered,,,,,0,1.0,0
PROP-358C615749A0,,0,Unregistered,,,,,0,1.0,0
PROP-63505DE2FE11,,0,Unregistered,,,,,0,1.0,0
PROP-5BCBEC3D6FE3,,0,Unregistered,,,,,0,1.0,0
PROP-52E8921D87C9,,0,Unregistered,,,,,0,1.0,0
PROP-FA67C68A2211,,0,Unregistered,,,,,0,1.0,0
PROP-96B4BA7FF48C,,0,Unregistered,,,,,0,1.0,0
PROP-1E41F69F882D,RERA-MHA-17777637,1,Completed,31.0,27.0,100.0,229.0,15,0.6,0
PROP-1FF64B81A29C,RERA-MHA-23964220,1,Ongoing,10.0,35.0,28.6,81.0,17,0.706,1
PROP-B8A27873157B,,0,Unregistered,,,,,0,1.0,0
PROP-60DDF5E52837,,0,Unregistered,,,,,0,1.0,0
PROP-0478D30E29DB,,0,Unregistered,,,,,0,1.0,0
PROP-77A7CDAF1775,RERA-MHA-65200398,1,Ongoing,40.0,58.0,69.0,232.0,5,0.6,0
PROP-2EE59078B7AB,,0,Unregistered,,,,,0,1.0,0
PROP-EDD43EEEE096,,0,Unregistered,,,,,0,1.0,0
PROP-CA875D670019,,0,Unregistered,,,,,0,1.0,0
PROP-963BD9F8B9DA,,0,Unregistered,,,,,0,1.0,0
PROP-3745200C549A,,0,Unregistered,,,,,0,1.0,0
PROP-8EB70C8D93B1,RERA-MHA-34867678,1,Completed,48.0,44.0,100.0,68.0,12,0.667,0
PROP-FAA8FAA8D75E,RERA-MHA-83901537,1,Ongoing,23.0,39.0,59.0,194.0,8,0.75,1
PROP-0C2D8348F5F4,,0,Unregistered,,,,,0,1.0,0
PROP-AB277A2F6760,,0,Unregistered,,,,,0,1.0,0
PROP-A8C8F1A3E704,RERA-MHA-26071731,1,Ongoing,21.0,57.0,36.8,221.0,12,0.75,1
PROP-697F52CC0CD8,,0,Unregistered,,,,,0,1.0,0
PROP-5AF47DFD9607,,0,Unregistered,,,,,0,1.0,0
PROP-0CACA712A6C0,RERA-MHA-24406921,1,Ongoing,19.0,29.0,65.5,98.0,17,0.294,0
PROP-BC66A060CCEC,RERA-MHA-91751952,1,Ongoing,18.0,43.0,41.9,52.0,10,0.7,4
PROP-D96FBBE7B59D,,0,Unregistered,,,,,0,1.0,0
PROP-D27635A55529,RERA-MHA-77793457,1,Ongoing,43.0,53.0,81.1,121.0,7,0.714,1
PROP-2F533F915410,,0,Unregistered,,,,,0,1.0,0
PROP-D3FD8952F946,RERA-MHA-50937127,1,Ongoing,13.0,39.0,33.3,17.0,8,0.375,0
PROP-AA91C92545C6,,0,Unregistered,,,,,0,1.0,0
PROP-64AC21BD8528,,0,Unregistered,,,,,0,1.0,0
PROP-CDAC09CFB29D,,0,Unregistered,,,,,0,1.0,0
PROP-B070430A7166,RERA-MHA-27599684,1,Ongoing,38.0,42.0,90.5,151.0,13,0.692,1
PROP-C3C94C847E99,RERA-MHA-47684890,1,Completed,47.0,43.0,100.0,149.0,19,0.211,0
PROP-DE0577CA5310,RERA-MHA-77823567,1,Ongoing,13.0,59.0,22.0,44.0,12,0.75,4
PROP-FE4FE3C0A389,,0,Unregistered,,,,,0,1.0,0
PROP-9D4754C85C1E,,0,Unregistered,,,,,0,1.0,0
PROP-B6C2100B7DC5,RERA-MHA-56354004,1,Ongoing,34.0,60.0,56.7,111.0,13,0.538,0
PROP-6579F4C61D72,,0,Unregistered,,,,,0,1.0,0
PROP-DC4572E06EA7,,0,Unregistered,,,,,0,1.0,0
PROP-385318EBC959,,0,Unregistered,,,,,0,1.0,0
PROP-F38FC6EC3F44,RERA-MHA-22340689,1,Ongoing,39.0,48.0,81.2,180.0,5,0.4,1
PROP-657AF83E5071,,0,Unregistered,,,,,0,1.0,0
PROP-FEE395CEC9E8,RERA-MHA-63404086,1,Ongoing,18.0,50.0,36.0,233.0,17,0.118,0
PROP-B563E6E2F6AC,RERA-MHA-24352642,1,Ongoing,16.0,27.0,59.3,170.0,21,0.619,1
PROP-F1FE569E706A,RERA-MHA-90632686,1,Ongoing,28.0,53.0,52.8,71.0,9,0.556,0
PROP-F5A92DD12B75,,0,Unregistered,,,,,0,1.0,0
PROP-4017B6DAB7F7,RERA-MHA-46220867,1,Ongoing,17.0,26.0,65.4,52.0,17,0.765,2
PROP-2DD6995D634E,,0,Unregistered,,,,,0,1.0,0
PROP-BF048C0F6001,,0,Unregistered,,,,,0,1.0,0
PROP-DF05C5D386FD,,0,Unregistered,,,,,0,1.0,0
PROP-FAE928DC4E30,,0,Unregistered,,,,,0,1.0,0
PROP-8615B34841A2,,0,Unregistered,,,,,0,1.0,0
PROP-DE7A02A7E88E,RERA-MHA-21342379,1,Ongoing,9.0,50.0,18.0,103.0,8,0.375,0
PROP-355F5A9700EF,RERA-MHA-15745275,1,Ongoing,25.0,50.0,50.0,28.0,10,0.3,0
PROP-8080247CDD6E,,0,Unregistered,,,,,0,1.0,0
PROP-8C6D6C01EDFA,RERA-MHA-51166904,1,Ongoing,14.0,28.0,50.0,34.0,9,0.667,0
PROP-603D325B5D47,RERA-MHA-71626658,1,Ongoing,16.0,27.0,59.3,225.0,14,0.714,0
PROP-576FA19068DD,,0,Unregistered,,,,,0,1.0,0
PROP-5C31BAC504A7,,0,Unregistered,,,,,0,1.0,0
PROP-ECAD9FC6670C,,0,Unregistered,,,,,0,1.0,0
PROP-4616B1634E76,RERA-MHA-17166270,1,Ongoing,16.0,55.0,29.1,97.0,8,0.5,0
PROP-D4E571845A26,,0,Unregistered,,,,,0,1.0,0
PROP-9F2379A49E29,RERA-MHA-92746512,1,Ongoing,26.0,29.0,89.7,290.0,7,0.857,1
PROP-12DF62562474,RERA-MHA-35444081,1,Ongoing,7.0,44.0,15.9,136.0,4,0.5,0
PROP-4EFBB80BE9AD,RERA-MHA-27523463,1,Ongoing,9.0,47.0,19.1,42.0,8,0.375,0
PROP-0B4557326C2F,RERA-MHA-65018972,1,Ongoing,10.0,58.0,17.2,92.0,16,0.375,0
PROP-5D81F260DB67,RERA-MHA-46165360,1,Ongoing,22.0,49.0,44.9,38.0,6,0.333,0
PROP-3BDA70E6083A,,0,Unregistered,,,,,0,1.0,0
PROP-FB27563A3F1D,,0,Unregistered,,,,,0,1.0,0
PROP-8D73224CA9EC,,0,Unregistered,,,,,0,1.0,0
PROP-0E433BF520B9,,0,Unregistered,,,,,0,1.0,0
PROP-978ED732319E,RERA-MHA-88169536,1,Ongoing,34.0,38.0,89.5,47.0,16,0.5,0
PROP-7FA23BE20721,RERA-MHA-86243038,1,Ongoing,24.0,37.0,64.9,92.0,70,0.5,4
PROP-445180817403,,0,Unregistered,,,,,0,1.0,0
PROP-FA997F655BC0,,0,Unregistered,,,,,0,1.0,0
PROP-653ACD2A7B93,,0,Unregistered,,,,,0,1.0,0
PROP-9241600EE711,,0,Unregistered,,,,,0,1.0,0
PROP-2BE5418288AF,RERA-MHA-95787272,1,Ongoing,34.0,42.0,81.0,60.0,16,0.438,0
PROP-C85DA3A4E545,,0,Unregistered,,,,,0,1.0,0
PROP-585093BA4F92,RERA-MHA-98925697,1,Ongoing,27.0,59.0,45.8,36.0,9,0.333,0
PROP-CD35A675C82A,RERA-MHA-46165360,1,Completed,58.0,49.0,100.0,38.0,6,1.0,3
PROP-D907C3DC758A,,0,Unregistered,,,,,0,1.0,0
PROP-CFF0EA0EB53F,RERA-MHA-20819843,1,Ongoing,13.0,31.0,41.9,232.0,6,0.333,0
PROP-1A7459447223,,0,Unregistered,,,,,0,1.0,0
PROP-ED994EBD7749,,0,Unregistered,,,,,0,1.0,0
PROP-1746E94BFE34,,0,Unregistered,,,,,0,1.0,0
PROP-4F2F4998F8D1,,0,Unregistered,,,,,0,1.0,0
PROP-28C2F600E44A,,0,Unregistered,,,,,0,1.0,0
PROP-70388FDB47DB,RERA-MHA-26319718,1,Ongoing,16.0,46.0,34.8,146.0,11,0.636,1
PROP-FB3773D300D5,RERA-MHA-13041316,1,Completed,42.0,38.0,100.0,119.0,66,0.258,0
PROP-4265812D2CC5,,0,Unregistered,,,,,0,1.0,0
PROP-730F495814D2,RERA-MHA-44346472,1,Completed,38.0,24.0,100.0,45.0,10,0.7,2
PROP-2EB5D03BFE48,RERA-MHA-60023250,1,Completed,28.0,24.0,100.0,68.0,6,0.833,0
PROP-7F48D057DBB2,RERA-MHA-03421144,1,Ongoing,10.0,27.0,37.0,108.0,7,0.286,0
PROP-266F88574844,,0,Unregistered,,,,,0,1.0,0
PROP-2DBC56647DC2,,0,Unregistered,,,,,0,1.0,0
PROP-ADD6FD5212FC,,0,Unregistered,,,,,0,1.0,0
PROP-4B2819CCDC38,,0,Unregistered,,,,,0,1.0,0
PROP-1E29DDE8FF88,,0,Unregistered,,,,,0,1.0,0
PROP-F1B03E003A8A,,0,Unregistered,,,,,0,1.0,0
PROP-47A453966843,,0,Unregistered,,,,,0,1.0,0
PROP-D5B9DAA273EE,RERA-MHA-53757896,1,Completed,74.0,43.0,100.0,23.0,7,0.714,2
PROP-0E718A685505,,0,Unregistered,,,,,0,1.0,0
PROP-D5DCF66C2DBD,,0,Unregistered,,,,,0,1.0,0
PROP-C88DDC79562C,,0,Unregistered,,,,,0,1.0,0
PROP-419D2EFB1A58,,0,Unregistered,,,,,0,1.0,0
PROP-059014B5B61D,RERA-MHA-34424827,1,Ongoing,25.0,45.0,55.6,61.0,13,0.538,0
PROP-2B34FB8E876E,,0,Unregistered,,,,,0,1.0,0
PROP-85D69DD65918,,0,Unregistered,,,,,0,1.0,0
PROP-4446E4932B58,,0,Unregistered,,,,,0,1.0,0
PROP-A2B02D48EF3E,,0,Unregistered,,,,,0,1.0,0
PROP-D0890BC8397C,,0,Unregistered,,,,,0,1.0,0
PROP-4F74446A2623,,0,Unregistered,,,,,0,1.0,0
PROP-A864C74B41FE,,0,Unregistered,,,,,0,1.0,0
PROP-56C0328671E4,,0,Unregistered,,,,,0,1.0,0
PROP-D6496F234E61,,0,Unregistered,,,,,0,1.0,0
PROP-0D1188F2BC55,,0,Unregistered,,,,,0,1.0,0
PROP-CC97F3D0A12A,,0,Unregistered,,,,,0,1.0,0
PROP-82909E36EF61,RERA-MHA-20555199,1,Ongoing,17.0,35.0,48.6,41.0,11,0.545,0
PROP-B186551EC717,,0,Unregistered,,,,,0,1.0,0
PROP-5588C2AA4277,,0,Unregistered,,,,,0,1.0,0
PROP-C70CCBEF9655,RERA-MHA-74227779,1,Ongoing,29.0,41.0,70.7,95.0,8,0.75,1
PROP-BCA17130396E,,0,Unregistered,,,,,0,1.0,0
PROP-02FEB7AD4A96,,0,Unregistered,,,,,0,1.0,0
PROP-96DA12BDDF27,,0,Unregistered,,,,,0,1.0,0
PROP-016AF95DA081,,0,Unregistered,,,,,0,1.0,0
PROP-153E4569EF6D,RERA-MHA-53757896,1,Ongoing,38.0,43.0,88.4,23.0,5,0.2,0
PROP-D0385303D714,,0,Unregistered,,,,,0,1.0,0
PROP-C2D4853E6618,,0,Unregistered,,,,,0,1.0,0
PROP-0E5379DB2A25,,0,Unregistered,,,,,0,1.0,0
PROP-6BDC067FEE09,RERA-MHA-27276625,1,Ongoing,31.0,33.0,93.9,140.0,14,0.857,0
PROP-A95DBEC17D22,,0,Unregistered,,,,,0,1.0,0
PROP-605C9D2BC20E,,0,Unregistered,,,,,0,1.0,0
PROP-E45AA5402C95,,0,Unregistered,,,,,0,1.0,0
PROP-09FFDA5CB7E5,,0,Unregistered,,,,,0,1.0,0
PROP-EF83DF91592F,RERA-MHA-69477162,1,Ongoing,12.0,33.0,36.4,67.0,9,0.222,0
PROP-4467E558FDD8,,0,Unregistered,,,,,0,1.0,0
PROP-0FF0C84AD871,,0,Unregistered,,,,,0,1.0,0
PROP-B9A2B6E5A541,,0,Unregistered,,,,,0,1.0,0
PROP-6E403C9D78F9,,0,Unregistered,,,,,0,1.0,0
PROP-6099596917EE,,0,Unregistered,,,,,0,1.0,0
PROP-8CD1E8C62C2C,RERA-MHA-34176023,1,Ongoing,33.0,44.0,75.0,163.0,13,0.462,0
PROP-23AF6966A1A5,,0,Unregistered,,,,,0,1.0,0
PROP-7B206A4DC723,RERA-MHA-81063736,1,Ongoing,26.0,57.0,45.6,123.0,9,0.556,0
PROP-59E48F615D4C,,0,Unregistered,,,,,0,1.0,0
PROP-4E9416B8A878,RERA-MHA-18807383,1,Ongoing,9.0,44.0,20.5,88.0,7,0.429,0
PROP-313D69609EFE,,0,Unregistered,,,,,0,1.0,0
PROP-9935D03458D0,,0,Unregistered,,,,,0,1.0,0
PROP-8C2E1F60497E,,0,Unregistered,,,,,0,1.0,0
PROP-18F501F7179B,,0,Unregistered,,,,,0,1.0,0
PROP-0D078C38E20A,RERA-MHA-56297598,1,Ongoing,40.0,59.0,67.8,57.0,5,0.6,0
PROP-66D9EA036B9D,RERA-MHA-13245872,1,Ongoing,22.0,35.0,62.9,47.0,4,0.75,0
PROP-68D2382FA0E8,,0,Unregistered,,,,,0,1.0,0
PROP-485FD6CF5995,,0,Unregistered,,,,,0,1.0,0
PROP-A8813CC81ABF,,0,Unregistered,,,,,0,1.0,0
PROP-D179B76351D0,,0,Unregistered,,,,,0,1.0,0
PROP-3B78ACCE1966,,0,Unregistered,,,,,0,1.0,0
PROP-013ECE20BD3B,,0,Unregistered,,,,,0,1.0,0
PROP-BD78AAC1453F,RERA-MHA-72873770,1,Ongoing,12.0,43.0,27.9,183.0,15,0.533,0
PROP-530F297245D2,,0,Unregistered,,,,,0,1.0,0
PROP-8DA5B3866248,,0,Unregistered,,,,,0,1.0,0
PROP-F0189C11D504,,0,Unregistered,,,,,0,1.0,0
PROP-4CBA87BD7ADC,RERA-MHA-91906969,1,Completed,31.0,29.0,100.0,41.0,7,1.0,1
PROP-32EDFD6F235C,,0,Unregistered,,,,,0,1.0,0
PROP-7B15A2DB20DA,RERA-MHA-87742245,1,Ongoing,35.0,38.0,92.1,48.0,20,0.25,0
PROP-9AA0E563C198,,0,Unregistered,,,,,0,1.0,0
PROP-DED556BBB03E,RERA-MHA-11091846,1,Ongoing,32.0,44.0,72.7,53.0,16,0.375,0
PROP-07F9F767512E,RERA-MHA-44959132,1,Ongoing,22.0,34.0,64.7,240.0,15,0.4,0
PROP-BF205F31167D,RERA-MHA-41561752,1,Completed,34.0,25.0,100.0,21.0,8,0.75,0
PROP-FBC09BC163C6,RERA-MHA-53868865,1,Completed,35.0,30.0,100.0,69.0,13,1.0,0
PROP-691F8215D05B,RERA-MHA-14158440,1,Ongoing,22.0,59.0,37.3,148.0,26,0.577,0
PROP-2BFF44473EB5,,0,Unregistered,,,,,0,1.0,0
PROP-0A6D232A3059,,0,Unregistered,,,,,0,1.0,0
PROP-F624054B1AFB,,0,Unregistered,,,,,0,1.0,0
PROP-3C594FB48F50,,0,Unregistered,,,,,0,1.0,0
PROP-93B14E31125B,,0,Unregistered,,,,,0,1.0,0
PROP-5EFB180BDD4C,,0,Unregistered,,,,,0,1.0,0
PROP-67B13629AB3E,,0,Unregistered,,,,,0,1.0,0
PROP-0429C055526A,,0,Unregistered,,,,,0,1.0,0
PROP-72415857F3B1,,0,Unregistered,,,,,0,1.0,0
PROP-920C6467D20F,,0,Unregistered,,,,,0,1.0,0
PROP-F473F43F4D2F,,0,Unregistered,,,,,0,1.0,0
PROP-241286BC0776,,0,Unregistered,,,,,0,1.0,0
PROP-773F1D388265,,0,Unregistered,,,,,0,1.0,0
PROP-B64F8C1AC39E,,0,Unregistered,,,,,0,1.0,0
PROP-16E31BE5C7CD,RERA-MHA-15221175,1,Ongoing,25.0,55.0,45.5,30.0,16,0.25,0
PROP-CF44ACD96F92,,0,Unregistered,,,,,0,1.0,0
PROP-910D61A7B3EA,,0,Unregistered,,,,,0,1.0,0
PROP-7AB850E3384A,,0,Unregistered,,,,,0,1.0,0
PROP-D7694BA0985D,,0,Unregistered,,,,,0,1.0,0
PROP-3977AC71D1B3,,0,Unregistered,,,,,0,1.0,0
PROP-5E6EF1C19DB0,,0,Unregistered,,,,,0,1.0,0
PROP-A512FA6E41E8,,0,Unregistered,,,,,0,1.0,0
PROP-EEDA4FBFA1FE,,0,Unregistered,,,,,0,1.0,0
PROP-7B1BB69EE0AD,,0,Unregistered,,,,,0,1.0,0
PROP-4E594875DD59,,0,Unregistered,,,,,0,1.0,0
PROP-B93E5E4EE11F,,0,Unregistered,,,,,0,1.0,0
PROP-5996095DEFCF,,0,Unregistered,,,,,0,1.0,0
PROP-C708F56196B5,,0,Unregistered,,,,,0,1.0,0
PROP-482F6DC30430,RERA-MHA-89401483,1,Ongoing,21.0,29.0,72.4,51.0,24,0.417,0
PROP-7D23E9E4A773,,0,Unregistered,,,,,0,1.0,0
PROP-E4828B452023,,0,Unregistered,,,,,0,1.0,0
PROP-04A53F1FAA6E,,0,Unregistered,,,,,0,1.0,0
PROP-D6CB9021E0AA,RERA-MHA-33772164,1,Ongoing,10.0,30.0,33.3,30.0,11,0.818,1
PROP-0E0DC047702C,,0,Unregistered,,,,,0,1.0,0
PROP-B75B4EE13A9B,,0,Unregistered,,,,,0,1.0,0
PROP-6891D0BC5DA2,,0,Unregistered,,,,,0,1.0,0
PROP-236C4C902FE3,,0,Unregistered,,,,,0,1.0,0
PROP-6F9BC3E11E38,,0,Unregistered,,,,,0,1.0,0
PROP-547170BF5ABC,,0,Unregistered,,,,,0,1.0,0
PROP-0990AC2066F0,,0,Unregistered,,,,,0,1.0,0
PROP-B326491D52F2,RERA-MHA-77138884,1,Ongoing,18.0,48.0,37.5,145.0,11,0.455,0
PROP-CBA5C4B40708,,0,Unregistered,,,,,0,1.0,0
PROP-4B9033E54CCD,,0,Unregistered,,,,,0,1.0,0
PROP-49D7D2219B66,,0,Unregistered,,,,,0,1.0,0
PROP-AB59F6CAC990,,0,Unregistered,,,,,0,1.0,0
PROP-90B9FBC4D8BB,RERA-MHA-01404559,1,Ongoing,41.0,53.0,77.4,55.0,9,0.444,0
PROP-AD11BE30C725,,0,Unregistered,,,,,0,1.0,0
PROP-CD7618607C6C,,0,Unregistered,,,,,0,1.0,0
PROP-DB676A101350,RERA-MHA-33412888,1,Ongoing,6.0,36.0,16.7,106.0,4,0.25,0
PROP-713228560DE9,,0,Unregistered,,,,,0,1.0,0
PROP-42F89BCF7CD3,,0,Unregistered,,,,,0,1.0,0
PROP-0439761DB2A6,,0,Unregistered,,,,,0,1.0,0
PROP-C025F361CDD8,,0,Unregistered,,,,,0,1.0,0
PROP-02E4E703737D,RERA-MHA-54283343,1,Ongoing,9.0,60.0,15.0,24.0,11,0.727,0
PROP-8C5EE2DFA40C,,0,Unregistered,,,,,0,1.0,0
PROP-6A5E6F1022AF,,0,Unregistered,,,,,0,1.0,0
PROP-2FE1F61819E4,,0,Unregistered,,,,,0,1.0,0
PROP-50C63185E08A,,0,Unregistered,,,,,0,1.0,0
PROP-9500E4C50713,,0,Unregistered,,,,,0,1.0,0
PROP-47F46EE66611,,0,Unregistered,,,,,0,1.0,0
PROP-B1F70EA0D713,,0,Unregistered,,,,,0,1.0,0
PROP-1DA43B0AC4F2,,0,Unregistered,,,,,0,1.0,0
PROP-15A874A0ACEB,,0,Unregistered,,,,,0,1.0,0
PROP-AFE9F8DD2815,,0,Unregistered,,,,,0,1.0,0
PROP-F89FB57BDD69,,0,Unregistered,,,,,0,1.0,0
PROP-F41DDF27AAE0,,0,Unregistered,,,,,0,1.0,0
PROP-FBC7652F8063,,0,Unregistered,,,,,0,1.0,0
PROP-EE9A4DA8C048,,0,Unregistered,,,,,0,1.0,0
PROP-2B613F65D2BB,,0,Unregistered,,,,,0,1.0,0
PROP-C43290AADE00,,0,Unregistered,,,,,0,1.0,0
PROP-83677B40E538,,0,Unregistered,,,,,0,1.0,0
PROP-84F4094D3BC3,,0,Unregistered,,,,,0,1.0,0
PROP-416A3CB02077,,0,Unregistered,,,,,0,1.0,0
PROP-02AAB3DF968A,RERA-MHA-82110890,1,Ongoing,40.0,42.0,95.2,228.0,10,0.6,0
PROP-C580C512F231,,0,Unregistered,,,,,0,1.0,0
PROP-94598A0A6FAF,,0,Unregistered,,,,,0,1.0,0
PROP-2A9F8298C55A,,0,Unregistered,,,,,0,1.0,0
PROP-5E7E8970D6A6,,0,Unregistered,,,,,0,1.0,0
PROP-0AE7ADF42C0E,,0,Unregistered,,,,,0,1.0,0
PROP-E9FC6AAC2937,,0,Unregistered,,,,,0,1.0,0
PROP-1033507BFDEF,RERA-WBR-14994074,1,Ongoing,36.0,54.0,66.7,189.0,9,0.667,0
PROP-1851639C2FFF,RERA-WBR-88376243,1,Ongoing,21.0,45.0,46.7,193.0,8,0.125,0
PROP-9FF0AD022079,RERA-WBR-53864219,1,Completed,26.0,24.0,100.0,18.0,13,0.692,0
PROP-553D584E0F27,,0,Unregistered,,,,,0,1.0,0
PROP-AA759B17F4D9,RERA-WBR-23139479,1,Ongoing,13.0,26.0,50.0,24.0,12,0.5,0
PROP-B3DB3E97A2AB,,0,Unregistered,,,,,0,1.0,0
PROP-7CDB8D9895ED,RERA-WBR-96163540,1,Ongoing,26.0,50.0,52.0,8.0,12,0.583,1
PROP-E6678945C195,RERA-WBR-02517870,1,Ongoing,40.0,45.0,88.9,178.0,8,0.375,0
PROP-08E7410F6F56,,0,Unregistered,,,,,0,1.0,0
PROP-24299B2921B9,,0,Unregistered,,,,,0,1.0,0
PROP-15C39A1AF935,,0,Unregistered,,,,,0,1.0,0
PROP-4C949159CC3F,,0,Unregistered,,,,,0,1.0,0
PROP-FF8B166821F6,,0,Unregistered,,,,,0,1.0,0
PROP-F60F3E2D176E,,0,Unregistered,,,,,0,1.0,0
PROP-BA9E56614218,,0,Unregistered,,,,,0,1.0,0
PROP-5E22F115F280,,0,Unregistered,,,,,0,1.0,0
PROP-F1F6A1ED4753,,0,Unregistered,,,,,0,1.0,0
PROP-76CEA6DE30E9,,0,Unregistered,,,,,0,1.0,0
PROP-36F18A0592F4,,0,Unregistered,,,,,0,1.0,0
PROP-49626E80478B,,0,Unregistered,,,,,0,1.0,0
PROP-7336E54EF2B4,,0,Unregistered,,,,,0,1.0,0
PROP-3AE722BB2CDF,,0,Unregistered,,,,,0,1.0,0
PROP-13BAC6FC637F,,0,Unregistered,,,,,0,1.0,0
PROP-4F4EDDE838F5,RERA-WBR-31609196,1,Ongoing,34.0,49.0,69.4,127.0,6,0.667,0
PROP-CDBA4E6F9905,,0,Unregistered,,,,,0,1.0,0
PROP-5FC8AE404441,,0,Unregistered,,,,,0,1.0,0
PROP-9AD2EA5E771F,,0,Unregistered,,,,,0,1.0,0
PROP-CD3C9C50AB03,RERA-WBR-88376243,1,Ongoing,24.0,45.0,53.3,193.0,8,0.25,0
PROP-B784F75484D8,RERA-WBR-71033222,1,Ongoing,32.0,47.0,68.1,88.0,8,0.625,0
PROP-C316A15BDC66,RERA-WBR-52239070,1,Ongoing,20.0,29.0,69.0,158.0,5,0.4,0
PROP-CB2E79DA9387,,0,Unregistered,,,,,0,1.0,0
PROP-9F7679A5D170,,0,Unregistered,,,,,0,1.0,0
PROP-F440D7179CF3,RERA-WBR-47291187,1,Completed,41.0,41.0,100.0,241.0,13,0.692,0
PROP-8B0A281F6F67,,0,Unregistered,,,,,0,1.0,0
PROP-CEE426E3F810,RERA-WBR-70977694,1,Ongoing,20.0,33.0,60.6,42.0,9,0.556,0
PROP-0E387843AA56,,0,Unregistered,,,,,0,1.0,0
PROP-019F3655CAD4,,0,Unregistered,,,,,0,1.0,0
PROP-624B54066F73,,0,Unregistered,,,,,0,1.0,0
PROP-C325827617D3,,0,Unregistered,,,,,0,1.0,0
PROP-9FA3DC6C1BDE,,0,Unregistered,,,,,0,1.0,0
PROP-35167E7F7B55,,0,Unregistered,,,,,0,1.0,0
PROP-62F4E3613B3C,RERA-WBR-64851781,1,Ongoing,27.0,37.0,73.0,76.0,14,0.429,0
PROP-1BF79E1A13C3,,0,Unregistered,,,,,0,1.0,0
PROP-4A17E09386D3,,0,Unregistered,,,,,0,1.0,0
PROP-6E48515068CD,,0,Unregistered,,,,,0,1.0,0
PROP-E796F9A9C029,,0,Unregistered,,,,,0,1.0,0
PROP-202AF54D5DFD,,0,Unregistered,,,,,0,1.0,0
PROP-9B66A02D0630,,0,Unregistered,,,,,0,1.0,0
PROP-24E95C502029,RERA-WBR-59219841,1,Ongoing,35.0,51.0,68.6,31.0,8,0.375,0
PROP-A65D4022BCB0,,0,Unregistered,,,,,0,1.0,0
PROP-B03B0CA4817E,RERA-WBR-96176952,1,Ongoing,10.0,50.0,20.0,26.0,7,0.429,0
PROP-58B7AE50D315,,0,Unregistered,,,,,0,1.0,0
PROP-3E1764E34127,,0,Unregistered,,,,,0,1.0,0
PROP-30E5D38DD361,,0,Unregistered,,,,,0,1.0,0
PROP-5813DB9C761A,RERA-WBR-60355861,1,Ongoing,31.0,54.0,57.4,23.0,10,0.5,0
PROP-DC01DEE1AC33,RERA-WBR-90947455,1,Ongoing,33.0,39.0,84.6,67.0,6,0.333,0
PROP-F57AB92907EF,,0,Unregistered,,,,,0,1.0,0
PROP-AEC989B18861,RERA-WBR-72756319,1,Ongoing,25.0,35.0,71.4,54.0,4,0.75,0
PROP-7C42082F905C,,0,Unregistered,,,,,0,1.0,0
PROP-56AF0594D7A6,,0,Unregistered,,,,,0,1.0,0
PROP-9F3B18B83DDB,RERA-WBR-58657660,1,Ongoing,30.0,35.0,85.7,104.0,13,0.769,1
PROP-2F688BDC3ED3,,0,Unregistered,,,,,0,1.0,0
PROP-4873F205FC38,,0,Unregistered,,,,,0,1.0,0
PROP-2375C3E7756E,,0,Unregistered,,,,,0,1.0,0
PROP-C7B62A24327E,,0,Unregistered,,,,,0,1.0,0
PROP-85C9417C071B,RERA-WBR-01318913,1,Ongoing,7.0,56.0,12.5,139.0,9,0.222,0
PROP-3379FC13E4D8,,0,Unregistered,,,,,0,1.0,0
PROP-BD39A4AD9F75,,0,Unregistered,,,,,0,1.0,0
PROP-4EC8AB1155EF,RERA-WBR-78049449,1,Ongoing,31.0,52.0,59.6,248.0,10,0.4,0
PROP-F6E7B55FCFAE,,0,Unregistered,,,,,0,1.0,0
PROP-FD153BE03388,RERA-WBR-44271395,1,Ongoing,41.0,43.0,95.3,67.0,16,0.688,0
PROP-0CD99260AC4A,,0,Unregistered,,,,,0,1.0,0
PROP-A10851D26DBC,,0,Unregistered,,,,,0,1.0,0
PROP-9ADE24823600,,0,Unregistered,,,,,0,1.0,0
PROP-47C446F8EA16,RERA-WBR-21051980,1,Completed,64.0,28.0,100.0,31.0,23,0.783,3
PROP-4E82DD1E924C,RERA-WBR-60134973,1,Ongoing,35.0,55.0,63.6,26.0,8,0.75,0
PROP-8231D2B5FCB4,RERA-WBR-62863595,1,Ongoing,25.0,48.0,52.1,179.0,5,0.4,0
PROP-83EE92FF8502,,0,Unregistered,,,,,0,1.0,0
PROP-92150372A3EC,,0,Unregistered,,,,,0,1.0,0
PROP-6016E7B67306,,0,Unregistered,,,,,0,1.0,0
PROP-2E6FB4A9D3AE,,0,Unregistered,,,,,0,1.0,0
PROP-D7149F5ACCC3,,0,Unregistered,,,,,0,1.0,0
PROP-24AF12571C0A,,0,Unregistered,,,,,0,1.0,0
PROP-C30F74F8215D,,0,Unregistered,,,,,0,1.0,0
PROP-BCE9552F6DC2,,0,Unregistered,,,,,0,1.0,0
PROP-9DECA5C597F4,,0,Unregistered,,,,,0,1.0,0
PROP-12559D27A1AA,,0,Unregistered,,,,,0,1.0,0
PROP-E39591DB49A6,,0,Unregistered,,,,,0,1.0,0
PROP-3469C7523B2C,RERA-WBR-89844193,1,Completed,35.0,25.0,100.0,114.0,13,0.769,0
PROP-ED8FBD604D30,RERA-WBR-76910502,1,Ongoing,40.0,44.0,90.9,148.0,8,0.5,0
PROP-44B3E75AF8EE,RERA-WBR-35516258,1,Ongoing,36.0,45.0,80.0,16.0,11,0.455,0
PROP-F1E0B4DF171D,RERA-WBR-47885530,1,Ongoing,36.0,44.0,81.8,30.0,24,0.75,4
PROP-710C345E87A3,,0,Unregistered,,,,,0,1.0,0
PROP-209599AF8803,,0,Unregistered,,,,,0,1.0,0
PROP-14EA2D0D4F1A,RERA-WBR-96333608,1,Ongoing,18.0,41.0,43.9,45.0,7,0.571,0
PROP-10A1A286AF58,RERA-WBR-41725426,1,Ongoing,40.0,47.0,85.1,17.0,23,0.652,1
PROP-97161B865FA1,,0,Unregistered,,,,,0,1.0,0
PROP-91AD8B00D735,,0,Unregistered,,,,,0,1.0,0
PROP-CC1B211EAA4D,RERA-WBR-63518617,1,Ongoing,15.0,33.0,45.5,71.0,7,0.286,0
PROP-75C16A76EB68,RERA-WBR-19734707,1,Completed,58.0,32.0,100.0,208.0,11,0.455,0
PROP-756995A4DB5E,,0,Unregistered,,,,,0,1.0,0
PROP-746D24328ED4,,0,Unregistered,,,,,0,1.0,0
PROP-958AD368D7B0,,0,Unregistered,,,,,0,1.0,0
PROP-DD2E0676A4DF,,0,Unregistered,,,,,0,1.0,0
PROP-553F926BF1AF,RERA-WBR-53941086,1,Completed,40.0,28.0,100.0,24.0,11,0.727,0
PROP-824EFD6D0A7A,,0,Unregistered,,,,,0,1.0,0
PROP-4FDDD422AB26,RERA-WBR-86298443,1,Completed,37.0,37.0,100.0,146.0,20,0.4,0
PROP-1971A228467D,,0,Unregistered,,,,,0,1.0,0
PROP-01DEAD99037B,RERA-WBR-74209797,1,Ongoing,37.0,55.0,67.3,263.0,16,0.812,3
PROP-D6EDFDC0FBD2,RERA-WBR-85777291,1,Ongoing,21.0,31.0,67.7,144.0,23,0.783,3
PROP-5E82A59CB247,RERA-WBR-18194510,1,Ongoing,32.0,38.0,84.2,42.0,25,0.6,0
PROP-8016D1DA55B4,,0,Unregistered,,,,,0,1.0,0
PROP-89F54F900D90,RERA-WBR-59167985,1,Ongoing,23.0,52.0,44.2,26.0,13,0.846,2
PROP-38BB3060ABC8,RERA-WBR-53698609,1,Ongoing,38.0,54.0,70.4,160.0,11,0.727,1
PROP-E48C7031881B,,0,Unregistered,,,,,0,1.0,0
PROP-C0337393EF98,,0,Unregistered,,,,,0,1.0,0
PROP-58D90B8CF302,RERA-WBR-49079389,1,Ongoing,22.0,52.0,42.3,91.0,13,0.692,0
PROP-C883AD0F6A4D,RERA-WBR-80457065,1,Ongoing,31.0,34.0,91.2,47.0,11,0.727,1
PROP-C80401DB7D03,,0,Unregistered,,,,,0,1.0,0
PROP-47CC6BA1CA37,,0,Unregistered,,,,,0,1.0,0
PROP-0DAF453A990D,RERA-WBR-83990277,1,Ongoing,39.0,47.0,83.0,65.0,5,0.4,0
PROP-FED8CF498E3B,,0,Unregistered,,,,,0,1.0,0
PROP-B34EA83BC01A,,0,Unregistered,,,,,0,1.0,0
PROP-B28495C13265,,0,Unregistered,,,,,0,1.0,0
PROP-6F80415BF9F0,RERA-WBR-52506316,1,Ongoing,34.0,42.0,81.0,217.0,15,0.667,0
PROP-3C8FDE4D0A3B,,0,Unregistered,,,,,0,1.0,0
PROP-7987860BD545,RERA-WBR-36684187,1,Ongoing,29.0,36.0,80.6,23.0,15,0.4,0
PROP-6131EDA7F152,RERA-WBR-22657492,1,Ongoing,22.0,45.0,48.9,52.0,14,0.214,0
PROP-D368031AEF69,RERA-WBR-68887859,1,Ongoing,21.0,32.0,65.6,254.0,7,0.571,0
PROP-D33FD2EDB1FC,,0,Unregistered,,,,,0,1.0,0
PROP-3E5D567DF124,RERA-WBR-12672797,1,Completed,35.0,32.0,100.0,29.0,6,0.667,0
PROP-99D564CF9B8F,,0,Unregistered,,,,,0,1.0,0
PROP-85DD373187DF,,0,Unregistered,,,,,0,1.0,0
PROP-D3FED8A342FA,RERA-WBR-73519081,1,Ongoing,19.0,39.0,48.7,238.0,11,0.182,0
PROP-6481E2019A70,,0,Unregistered,,,,,0,1.0,0
PROP-3696C85820B5,,0,Unregistered,,,,,0,1.0,0
PROP-1EA836881D95,,0,Unregistered,,,,,0,1.0,0
PROP-FA2ACB815F45,,0,Unregistered,,,,,0,1.0,0
PROP-6C74BADB5D36,,0,Unregistered,,,,,0,1.0,0
PROP-058A687B2D6E,,0,Unregistered,,,,,0,1.0,0
PROP-4349CDA86867,,0,Unregistered,,,,,0,1.0,0
PROP-5C6E77BC2028,,0,Unregistered,,,,,0,1.0,0
PROP-CDD5DC057BCA,RERA-WBR-94371571,1,Ongoing,21.0,56.0,37.5,26.0,27,0.333,0
PROP-F326A92B9398,,0,Unregistered,,,,,0,1.0,0
PROP-B8489D624F0D,RERA-WBR-00865462,1,Ongoing,32.0,38.0,84.2,218.0,8,0.75,2
PROP-2CB651685F9E,,0,Unregistered,,,,,0,1.0,0
PROP-B6CA68A3CC88,,0,Unregistered,,,,,0,1.0,0
PROP-1A5733C0C2C6,,0,Unregistered,,,,,0,1.0,0
PROP-28EBF50BF140,RERA-WBR-81821955,1,Ongoing,17.0,48.0,35.4,34.0,10,0.9,3
PROP-93689ACF45BD,,0,Unregistered,,,,,0,1.0,0
PROP-3CFAAD40BBC9,RERA-WBR-17037261,1,Completed,70.0,27.0,100.0,58.0,35,0.914,2
PROP-97086DFC770E,,0,Unregistered,,,,,0,1.0,0
PROP-285CA125F656,,0,Unregistered,,,,,0,1.0,0
PROP-02EB40657E2B,,0,Unregistered,,,,,0,1.0,0
PROP-8D1E6A4CC69A,RERA-WBR-21051980,1,Completed,28.0,28.0,100.0,31.0,20,0.4,0
PROP-55F63502BDB8,RERA-WBR-25958509,1,Ongoing,7.0,48.0,14.6,47.0,14,0.571,0
PROP-8F1533EAF1E8,,0,Unregistered,,,,,0,1.0,0
PROP-139C8DFD0D70,,0,Unregistered,,,,,0,1.0,0
PROP-6A5786720BCD,RERA-WBR-33535814,1,Ongoing,12.0,35.0,34.3,121.0,14,0.714,0
PROP-6F7F0A7B6ACB,,0,Unregistered,,,,,0,1.0,0
PROP-FF1A9E746497,,0,Unregistered,,,,,0,1.0,0
PROP-973C51DE7566,,0,Unregistered,,,,,0,1.0,0
PROP-6121B8A3C7F7,RERA-WBR-73988758,1,Ongoing,8.0,34.0,23.5,51.0,15,0.533,0
PROP-A1E5ED6769DD,RERA-WBR-69421528,1,Ongoing,30.0,39.0,76.9,50.0,14,0.214,0
PROP-A80ACD01FC70,,0,Unregistered,,,,,0,1.0,0
PROP-EE762650664D,,0,Unregistered,,,,,0,1.0,0
PROP-65FB2F240684,,0,Unregistered,,,,,0,1.0,0
PROP-C7D1D086BFB7,RERA-WBR-66310954,1,Ongoing,16.0,58.0,27.6,108.0,6,0.833,0
PROP-052301008C97,,0,Unregistered,,,,,0,1.0,0
PROP-D0D832658684,,0,Unregistered,,,,,0,1.0,0
PROP-8532E4422370,,0,Unregistered,,,,,0,1.0,0
PROP-173B603D2C5C,RERA-WBR-77158079,1,Ongoing,21.0,44.0,47.7,98.0,6,0.167,0
PROP-A693CCC6FF35,,0,Unregistered,,,,,0,1.0,0
PROP-34B2068FD18D,,0,Unregistered,,,,,0,1.0,0
PROP-C84D430491CB,,0,Unregistered,,,,,0,1.0,0
PROP-8A7E6478980C,,0,Unregistered,,,,,0,1.0,0
PROP-DC398143EF49,,0,Unregistered,,,,,0,1.0,0
PROP-83FF60D8DAA7,RERA-WBR-62964588,1,Ongoing,34.0,41.0,82.9,71.0,9,0.333,0
PROP-9F5A1272C537,,0,Unregistered,,,,,0,1.0,0
PROP-5F5A056547CB,,0,Unregistered,,,,,0,1.0,0
PROP-163A573F39D1,,0,Unregistered,,,,,0,1.0,0
PROP-63FC8D0B51D4,,0,Unregistered,,,,,0,1.0,0
PROP-3D22DCD6666E,,0,Unregistered,,,,,0,1.0,0
PROP-BA46996A0C4C,,0,Unregistered,,,,,0,1.0,0
PROP-A642AD9C55F3,,0,Unregistered,,,,,0,1.0,0
PROP-7F01B92C9812,,0,Unregistered,,,,,0,1.0,0
PROP-7F2EBE29B8C3,RERA-WBR-29232332,1,Ongoing,18.0,24.0,75.0,116.0,15,0.533,0
PROP-BBA65C2F0289,,0,Unregistered,,,,,0,1.0,0
PROP-B603B933892C,RERA-WBR-21548364,1,Ongoing,18.0,38.0,47.4,55.0,25,0.76,0
PROP-B941B0CEF824,RERA-WBR-82451121,1,Completed,31.0,31.0,100.0,69.0,23,0.565,0
PROP-72CF1FEAD2BE,,0,Unregistered,,,,,0,1.0,0
PROP-BCB8C1ABFD99,RERA-WBR-37924731,1,Ongoing,21.0,24.0,87.5,266.0,17,0.765,3
PROP-09DC54E4DC1A,RERA-WBR-91501397,1,Ongoing,23.0,36.0,63.9,43.0,6,0.333,0
PROP-B0DC6907681B,RERA-WBR-13707002,1,Ongoing,20.0,48.0,41.7,239.0,9,0.556,0
PROP-FDD0710C19A4,RERA-WBR-57538449,1,Ongoing,39.0,40.0,97.5,54.0,25,0.6,0
PROP-E9111B28CA27,RERA-WBR-09065494,1,Ongoing,8.0,51.0,15.7,9.0,12,0.583,0
PROP-08F1A7925EC2,,0,Unregistered,,,,,0,1.0,0
PROP-11FC3BADC2FD,RERA-WBR-35516258,1,Ongoing,42.0,45.0,93.3,16.0,11,0.455,0
PROP-717B75445808,,0,Unregistered,,,,,0,1.0,0
PROP-CFEBC8FF5FEE,RERA-WBR-52092161,1,Ongoing,7.0,54.0,13.0,11.0,28,0.821,1
PROP-C0AB0F037EDA,RERA-WBR-96333608,1,Completed,45.0,41.0,100.0,45.0,7,0.857,0
PROP-7BAEE35653E3,RERA-WBR-65079601,1,Ongoing,27.0,38.0,71.1,227.0,9,0.222,0
PROP-C6E5D8BEE7FD,RERA-WBR-34553918,1,Ongoing,24.0,52.0,46.2,133.0,25,0.76,0
PROP-C7AFB6F70158,RERA-WBR-20188524,1,Completed,30.0,30.0,100.0,101.0,35,0.8,2
PROP-39DABEF9C89F,RERA-WBR-60016195,1,Ongoing,29.0,30.0,96.7,68.0,3,0.0,0
PROP-B61D662ACF16,RERA-WBR-12628763,1,Ongoing,21.0,34.0,61.8,60.0,10,0.5,0
PROP-44F00B2A8408,RERA-WBR-02517870,1,Completed,73.0,45.0,100.0,178.0,12,0.583,0
PROP-1A8A55A8342C,RERA-WBR-40214716,1,Ongoing,10.0,44.0,22.7,25.0,24,0.542,0
PROP-65EAA9316AAF,RERA-WBR-32623435,1,Ongoing,21.0,52.0,40.4,37.0,14,0.571,0
PROP-A0B9B10C27EA,RERA-WBR-90136475,1,Completed,41.0,36.0,100.0,245.0,25,0.76,0
PROP-7DA8D44CCAE4,RERA-WBR-20836081,1,Completed,35.0,28.0,100.0,78.0,21,0.524,0
PROP-23AE34F44E09,RERA-WBR-08009561,1,Ongoing,11.0,33.0,33.3,69.0,12,0.5,0
PROP-310D94CC513A,RERA-WBR-68071565,1,Completed,65.0,34.0,100.0,18.0,26,0.808,1
PROP-CEA72DA6CB0F,RERA-WBR-17037261,1,Completed,28.0,27.0,100.0,58.0,33,0.364,0
PROP-BFAED4FD87E6,RERA-WBR-21051980,1,Completed,28.0,28.0,100.0,31.0,20,0.4,0
PROP-2A780DBBAED3,RERA-WBR-94110713,1,Ongoing,31.0,54.0,57.4,203.0,9,0.556,0
PROP-3BF55226E9AA,RERA-WBR-77816856,1,Ongoing,26.0,38.0,68.4,140.0,9,0.667,0
PROP-F0BB9F485F26,RERA-WBR-55419675,1,Completed,41.0,29.0,100.0,259.0,14,0.714,0
PROP-6A8E5327CE9C,,0,Unregistered,,,,,0,1.0,0
PROP-A581345ECB12,RERA-WBR-10048723,1,Ongoing,41.0,57.0,71.9,263.0,15,0.533,0
PROP-D3D82032179E,RERA-WBR-40214716,1,Ongoing,28.0,44.0,63.6,25.0,25,0.76,0
PROP-C8430A3AAD4B,RERA-WBR-09065494,1,Ongoing,8.0,51.0,15.7,9.0,16,0.75,2
PROP-8B1F6CF6B90D,RERA-WBR-68071565,1,Completed,35.0,34.0,100.0,18.0,23,0.565,0
PROP-F2593A89607B,RERA-WBR-76912120,1,Ongoing,14.0,48.0,29.2,33.0,13,0.692,0
PROP-AB8A39674532,RERA-WBR-97627902,1,Ongoing,16.0,59.0,27.1,69.0,8,0.75,0
PROP-245CFFFF7379,,0,Unregistered,,,,,0,1.0,0
PROP-D6ABE38C039D,RERA-WBR-72169296,1,Ongoing,30.0,50.0,60.0,92.0,11,0.727,0
PROP-6918BFBF91E2,RERA-WBR-57538449,1,Ongoing,30.0,40.0,75.0,54.0,23,0.565,0
PROP-CCFF0472A05E,RERA-WBR-42523680,1,Ongoing,38.0,41.0,92.7,69.0,4,0.25,0
PROP-115445D45DF4,RERA-WBR-42523680,1,Ongoing,38.0,41.0,92.7,69.0,4,0.5,0
PROP-331B8B4FC38D,RERA-WBR-40214716,1,Ongoing,16.0,44.0,36.4,25.0,25,0.64,0
PROP-49BA8145DDAD,RERA-WBR-40214716,1,Ongoing,19.0,44.0,43.2,25.0,25,0.76,0
PROP-ED6C438664B2,RERA-WBR-21051980,1,Ongoing,22.0,28.0,78.6,31.0,18,0.278,0
PROP-F2BF8C11A7EF,RERA-WBR-40214716,1,Ongoing,10.0,44.0,22.7,25.0,25,0.76,0
PROP-7A682F6B298F,RERA-WBR-54595112,1,Ongoing,14.0,32.0,43.8,37.0,28,0.821,1
PROP-C0EACF98B88D,RERA-WBR-49079389,1,Completed,55.0,52.0,100.0,91.0,16,0.688,0
PROP-B6B9CEE33049,RERA-WBR-34102844,1,Ongoing,22.0,32.0,68.8,57.0,9,0.333,0
PROP-2ED7A356117B,RERA-WBR-76180057,1,Ongoing,33.0,46.0,71.7,65.0,13,0.923,3
PROP-3B00F1A922BF,RERA-WBR-76180057,1,Ongoing,15.0,46.0,32.6,65.0,13,0.385,0
PROP-9C960929506D,RERA-WBR-04968041,1,Ongoing,11.0,31.0,35.5,165.0,12,0.75,1
PROP-F20778F6FFA7,RERA-WBR-76180057,1,Ongoing,42.0,46.0,91.3,65.0,13,0.923,3
PROP-63A4C647D1E7,,0,Unregistered,,,,,0,1.0,0
PROP-B9B8EF509771,,0,Unregistered,,,,,0,1.0,0
PROP-A647DDA7E754,RERA-WBR-05514713,1,Ongoing,31.0,60.0,51.7,128.0,8,0.5,0
PROP-5883DDB271CD,,0,Unregistered,,,,,0,1.0,0
PROP-3505BB0416A9,RERA-WBR-01541220,1,Completed,30.0,25.0,100.0,159.0,11,0.545,0
PROP-6741AF8F9998,,0,Unregistered,,,,,0,1.0,0
PROP-2DBC586B6B1A,,0,Unregistered,,,,,0,1.0,0
PROP-F291071CE413,RERA-WBR-46241235,1,Ongoing,41.0,44.0,93.2,48.0,6,0.667,0
PROP-6F150466157F,,0,Unregistered,,,,,0,1.0,0
PROP-338155A04C45,,0,Unregistered,,,,,0,1.0,0
PROP-C3C4176C8C19,,0,Unregistered,,,,,0,1.0,0
PROP-5DD230556105,RERA-WBR-59877076,1,Ongoing,14.0,34.0,41.2,111.0,13,0.692,0
PROP-01B05663286A,RERA-WBR-76180057,1,Ongoing,36.0,46.0,78.3,65.0,13,0.923,3
PROP-FEAA13AEC306,,0,Unregistered,,,,,0,1.0,0
PROP-801F64B36585,,0,Unregistered,,,,,0,1.0,0
PROP-B1090F62B421,RERA-WBR-76180057,1,Ongoing,42.0,46.0,91.3,65.0,13,0.923,3
PROP-FAB3F5735E6F,RERA-WBR-72648226,1,Ongoing,16.0,45.0,35.6,49.0,4,0.25,0
PROP-32068D7C7692,,0,Unregistered,,,,,0,1.0,0
PROP-B205CCC81517,RERA-WBR-13028748,1,Ongoing,10.0,37.0,27.0,108.0,12,0.5,0
PROP-3AADA84EA5A1,RERA-WBR-10375578,1,Ongoing,8.0,25.0,32.0,135.0,3,0.333,0
PROP-30FE9334C04F,,0,Unregistered,,,,,0,1.0,0
PROP-E66AFF7361C5,,0,Unregistered,,,,,0,1.0,0
PROP-02883F8FC7F5,RERA-WBR-14186350,1,Completed,32.0,26.0,100.0,79.0,10,0.6,0
PROP-C9479D13BD55,,0,Unregistered,,,,,0,1.0,0
PROP-C4A35B8DB64E,,0,Unregistered,,,,,0,1.0,0
PROP-9DFC10B4F52C,RERA-WBR-38122536,1,Completed,47.0,34.0,100.0,101.0,4,1.0,0
PROP-9AA4B8269594,RERA-WBR-12709787,1,Ongoing,13.0,39.0,33.3,204.0,12,0.667,0
PROP-3E6878099C98,,0,Unregistered,,,,,0,1.0,0
PROP-2C0F2A4C92AB,,0,Unregistered,,,,,0,1.0,0
PROP-79B036ADC851,RERA-WBR-37158119,1,Ongoing,25.0,39.0,64.1,42.0,18,0.278,0
PROP-23E5A9AB5C44,RERA-WBR-42236846,1,Ongoing,24.0,58.0,41.4,119.0,15,0.4,0
PROP-9B05F2B63553,RERA-WBR-97460084,1,Ongoing,18.0,46.0,39.1,106.0,24,0.417,0
PROP-7BE9CAFEBA1C,,0,Unregistered,,,,,0,1.0,0
PROP-B8EBCAD5B8F2,,0,Unregistered,,,,,0,1.0,0
PROP-9ECEEB06EA30,RERA-WBR-96136125,1,Ongoing,27.0,44.0,61.4,135.0,11,0.636,0
PROP-D44CFEC304B2,RERA-WBR-67939522,1,Completed,52.0,41.0,100.0,153.0,13,0.846,3
PROP-E4262F33DABE,,0,Unregistered,,,,,0,1.0,0
PROP-6D0CF763E867,RERA-WBR-64851781,1,Ongoing,27.0,37.0,73.0,76.0,15,0.4,0
PROP-3D827F881BF7,RERA-WBR-42413679,1,Ongoing,41.0,48.0,85.4,36.0,6,0.333,0
PROP-385EFC8227B0,,0,Unregistered,,,,,0,1.0,0
PROP-A58980314822,,0,Unregistered,,,,,0,1.0,0
PROP-213FF8CB01A1,,0,Unregistered,,,,,0,1.0,0
PROP-4ED6D6D8D47E,RERA-WBR-45077741,1,Ongoing,35.0,47.0,74.5,70.0,8,0.75,0
PROP-3D2DD063FE2A,RERA-WBR-15240124,1,Ongoing,26.0,55.0,47.3,49.0,11,0.818,0
PROP-4233AA7EA058,RERA-WBR-90340411,1,Ongoing,9.0,48.0,18.8,198.0,8,0.875,2
PROP-51EF1E48B2AC,,0,Unregistered,,,,,0,1.0,0
PROP-4C94B6C261A0,RERA-WBR-67939522,1,Ongoing,28.0,41.0,68.3,153.0,13,0.692,1
PROP-2966980B2F6E,RERA-WBR-26242482,1,Ongoing,8.0,28.0,28.6,52.0,13,0.538,0
PROP-2BF0D4111914,RERA-WBR-58228105,1,Ongoing,27.0,33.0,81.8,14.0,10,0.4,0
PROP-E6EE3EB81D93,,0,Unregistered,,,,,0,1.0,0
PROP-7AF8B4F3D168,RERA-WBR-57955205,1,Ongoing,11.0,48.0,22.9,51.0,14,0.214,0
PROP-2D1ACDC241F2,,0,Unregistered,,,,,0,1.0,0
PROP-66B236468D67,,0,Unregistered,,,,,0,1.0,0
PROP-0B80DBE1D7AF,,0,Unregistered,,,,,0,1.0,0
PROP-A252F83E2395,RERA-WBR-23452621,1,Ongoing,7.0,33.0,21.2,261.0,16,0.625,0
PROP-9884272B8A9E,RERA-WBR-20609930,1,Ongoing,16.0,53.0,30.2,27.0,7,0.571,0
PROP-01E9C7F31AB5,,0,Unregistered,,,,,0,1.0,0
PROP-D2BBBEF3D9CA,,0,Unregistered,,,,,0,1.0,0
PROP-1A47077D7C06,,0,Unregistered,,,,,0,1.0,0
PROP-9C1DE3D0CA46,RERA-WBR-86559557,1,Ongoing,27.0,30.0,90.0,52.0,5,0.6,0
PROP-B0A55473D62B,,0,Unregistered,,,,,0,1.0,0
PROP-62AEF4CF34A4,,0,Unregistered,,,,,0,1.0,0
PROP-0969523CB09B,RERA-WBR-09275975,1,Ongoing,25.0,40.0,62.5,82.0,14,0.286,0
PROP-DE3589A02F26,RERA-WBR-35727688,1,Ongoing,22.0,31.0,71.0,206.0,9,0.778,2
PROP-C71150E7BA14,RERA-WBR-67939522,1,Ongoing,28.0,41.0,68.3,153.0,13,0.538,0
PROP-A18C43CB6136,RERA-WBR-70286195,1,Ongoing,21.0,31.0,67.7,299.0,12,0.5,0
PROP-D80F53290C0E,RERA-WBR-08333691,1,Ongoing,29.0,48.0,60.4,24.0,13,0.538,0
PROP-8E144954A363,RERA-WBR-54326494,1,Ongoing,16.0,51.0,31.4,25.0,15,0.533,0
PROP-9C6BF7B90F11,RERA-WBR-44985361,1,Ongoing,27.0,36.0,75.0,34.0,14,0.929,3
PROP-76D419B18CCB,,0,Unregistered,,,,,0,1.0,0
PROP-E1ACD38526EE,RERA-WBR-49896231,1,Completed,41.0,37.0,100.0,76.0,23,0.609,0
PROP-F1F8A32E0B0F,RERA-WBR-34781862,1,Ongoing,12.0,30.0,40.0,171.0,17,0.706,3
PROP-8529E6DBF56D,RERA-WBR-27867723,1,Ongoing,41.0,58.0,70.7,22.0,6,0.833,0
PROP-67D39C4BDA92,RERA-WBR-98502261,1,Ongoing,11.0,58.0,19.0,62.0,22,0.545,0
PROP-33EEC71D46D3,,0,Unregistered,,,,,0,1.0,0
PROP-711F9720FF31,,0,Unregistered,,,,,0,1.0,0
PROP-19A6E70A8A41,,0,Unregistered,,,,,0,1.0,0
PROP-81D0D1BEA818,RERA-WBR-10326286,1,Ongoing,24.0,50.0,48.0,90.0,16,0.25,0
PROP-676D38702A48,RERA-WBR-94399872,1,Ongoing,38.0,51.0,74.5,116.0,10,0.2,0
PROP-88D3BB5BDEBB,RERA-WBR-57617284,1,Ongoing,18.0,42.0,42.9,50.0,15,0.6,2
PROP-D10196DEBC00,,0,Unregistered,,,,,0,1.0,0
PROP-2E11031A7992,RERA-WBR-42498018,1,Ongoing,12.0,38.0,31.6,59.0,10,0.5,0
PROP-0F3AD462FBFF,,0,Unregistered,,,,,0,1.0,0
PROP-42AAE903FF08,RERA-WBR-74354583,1,Ongoing,37.0,48.0,77.1,109.0,11,0.818,0
PROP-7D7D95DEF2F2,,0,Unregistered,,,,,0,1.0,0
PROP-56A6A8F5FCCD,,0,Unregistered,,,,,0,1.0,0
PROP-F6F8EE61E3B1,,0,Unregistered,,,,,0,1.0,0
PROP-2CC21EBF6F75,,0,Unregistered,,,,,0,1.0,0
PROP-1E7BB7F19D6C,,0,Unregistered,,,,,0,1.0,0
PROP-0C54089230CC,RERA-WBR-86403023,1,Completed,41.0,36.0,100.0,12.0,16,0.5,0
PROP-278D6490D8E5,,0,Unregistered,,,,,0,1.0,0
PROP-2CCD88BAEC00,,0,Unregistered,,,,,0,1.0,0
PROP-2B242F56F959,RERA-WBR-05435434,1,Ongoing,20.0,41.0,48.8,100.0,8,0.25,0
PROP-C1F9EB831B63,RERA-WBR-18217532,1,Ongoing,26.0,35.0,74.3,84.0,6,0.833,2
PROP-384E87093FF6,,0,Unregistered,,,,,0,1.0,0
PROP-7CA6E0A93091,RERA-WBR-11503354,1,Ongoing,28.0,54.0,51.9,19.0,5,0.4,0
PROP-0249992CF13F,RERA-WBR-94335010,1,Ongoing,36.0,50.0,72.0,34.0,14,0.929,1
PROP-1160433D093D,,0,Unregistered,,,,,0,1.0,0
PROP-C03E67003C98,,0,Unregistered,,,,,0,1.0,0
PROP-FCD2EC9B3ED8,,0,Unregistered,,,,,0,1.0,0
PROP-D6EE66096683,,0,Unregistered,,,,,0,1.0,0
PROP-CA707D0E865E,RERA-WBR-69703718,1,Ongoing,24.0,51.0,47.1,105.0,13,0.692,0
PROP-0BC78040DEB6,,0,Unregistered,,,,,0,1.0,0
PROP-A1CF944BDB95,RERA-WBR-20836081,1,Completed,47.0,28.0,100.0,78.0,23,0.565,0
PROP-96594A664D1F,,0,Unregistered,,,,,0,1.0,0
PROP-6467F315C837,RERA-WBR-43630447,1,Ongoing,37.0,41.0,90.2,99.0,9,0.556,0
PROP-8139CFDBDEB2,,0,Unregistered,,,,,0,1.0,0
PROP-5116444533B7,,0,Unregistered,,,,,0,1.0,0
PROP-E6B26AAB85FC,RERA-WBR-34351897,1,Completed,31.0,31.0,100.0,63.0,10,0.6,0
PROP-DB00D50ABD0B,,0,Unregistered,,,,,0,1.0,0
PROP-0C412BD96F74,RERA-WBR-49898224,1,Ongoing,30.0,56.0,53.6,35.0,13,0.692,1
PROP-E1D57DC21428,RERA-WBR-78454798,1,Ongoing,8.0,38.0,21.1,86.0,11,0.636,0
PROP-091D4A015A48,RERA-WBR-76180057,1,Ongoing,39.0,46.0,84.8,65.0,13,0.923,3
PROP-760BA0DDF386,RERA-WBR-06746514,1,Ongoing,28.0,39.0,71.8,95.0,16,0.188,0
PROP-4300F12C3950,RERA-WBR-74209797,1,Ongoing,19.0,55.0,34.5,263.0,16,0.562,0
PROP-AA4174665F3A,RERA-WBR-78802970,1,Ongoing,20.0,37.0,54.1,69.0,4,0.5,0
PROP-ACC85859D4D0,RERA-WBR-09609821,1,Ongoing,20.0,44.0,45.5,125.0,19,0.789,1
PROP-67DA8FD2B232,RERA-WBR-50555441,1,Completed,35.0,29.0,100.0,57.0,15,0.867,1
PROP-C25FC49093EC,RERA-WBR-76180057,1,Ongoing,18.0,46.0,39.1,65.0,13,0.462,0
PROP-CC77F8B997A2,RERA-WBR-78915064,1,Ongoing,18.0,54.0,33.3,48.0,12,0.5,0
PROP-A3EE1681F4F1,,0,Unregistered,,,,,0,1.0,0
PROP-FEA8DC892B64,,0,Unregistered,,,,,0,1.0,0
PROP-613722215E2B,,0,Unregistered,,,,,0,1.0,0
PROP-AA93717735AA,RERA-WBR-42308149,1,Ongoing,35.0,54.0,64.8,107.0,2,0.0,0
PROP-568EAA7B6D06,,0,Unregistered,,,,,0,1.0,0
PROP-940D11E93747,RERA-WBR-71695802,1,Ongoing,28.0,32.0,87.5,41.0,7,0.571,0
PROP-C45C3A004E10,RERA-WBR-08681353,1,Ongoing,19.0,41.0,46.3,139.0,8,0.625,0
PROP-F376C46FDBD0,RERA-WBR-31465581,1,Completed,39.0,39.0,100.0,74.0,14,0.786,0
PROP-C7E1FB0D7BC6,,0,Unregistered,,,,,0,1.0,0
PROP-83001A7C36FF,,0,Unregistered,,,,,0,1.0,0
PROP-3B969DA53316,RERA-WBR-14533332,1,Ongoing,6.0,32.0,18.8,102.0,7,0.571,0
PROP-094BF9E95C29,RERA-WBR-06746514,1,Ongoing,28.0,39.0,71.8,95.0,20,0.3,0
PROP-D04B9317EC69,,0,Unregistered,,,,,0,1.0,0
PROP-77D79649E9B0,,0,Unregistered,,,,,0,1.0,0
PROP-FF3B1A6CD2B7,RERA-WBR-86254322,1,Ongoing,46.0,49.0,93.9,117.0,23,0.826,4
PROP-896E8998397A,,0,Unregistered,,,,,0,1.0,0
PROP-75722758C510,,0,Unregistered,,,,,0,1.0,0
PROP-F0BE01974C67,RERA-WBR-11228164,1,Ongoing,38.0,54.0,70.4,26.0,8,0.0,0
PROP-C40541DC8BD1,RERA-WBR-49079389,1,Completed,55.0,52.0,100.0,91.0,16,0.688,0
PROP-C83508BEF083,,0,Unregistered,,,,,0,1.0,0
PROP-F765DBC87A49,RERA-WBR-60355861,1,Ongoing,31.0,54.0,57.4,23.0,10,0.5,0
PROP-4AFA736A60DB,,0,Unregistered,,,,,0,1.0,0
PROP-180CDD94E837,,0,Unregistered,,,,,0,1.0,0
PROP-B6BCC6971C59,,0,Unregistered,,,,,0,1.0,0
PROP-8125F70BD88F,,0,Unregistered,,,,,0,1.0,0
PROP-ACA40F1E7BF7,,0,Unregistered,,,,,0,1.0,0
PROP-5EF7FBB62FEC,,0,Unregistered,,,,,0,1.0,0
PROP-C3BC25FF43B2,,0,Unregistered,,,,,0,1.0,0
PROP-FA3CBE6EB4AF,RERA-WBR-83965712,1,Ongoing,14.0,27.0,51.9,56.0,9,0.333,0
PROP-6DFFAB8122EF,RERA-WBR-38123291,1,Ongoing,33.0,36.0,91.7,91.0,11,0.636,0
PROP-8479270EB7D1,RERA-WBR-02703538,1,Completed,54.0,51.0,100.0,168.0,9,0.778,0
PROP-A5E92BA98A08,RERA-WBR-02703538,1,Ongoing,36.0,51.0,70.6,168.0,9,0.667,0
PROP-854B237C34A2,RERA-WBR-70576320,1,Ongoing,34.0,37.0,91.9,148.0,8,0.5,0
PROP-88263A0917D7,RERA-WBR-43399238,1,Ongoing,20.0,49.0,40.8,189.0,17,0.882,1
PROP-07BD92D81073,,0,Unregistered,,,,,0,1.0,0
PROP-F265FAA21543,,0,Unregistered,,,,,0,1.0,0
PROP-ED4DB1169AFB,RERA-WBR-13003022,1,Ongoing,20.0,34.0,58.8,28.0,12,0.917,1
PROP-19AFDC06952A,,0,Unregistered,,,,,0,1.0,0
PROP-42674F91CE2C,RERA-WBR-31104859,1,Completed,41.0,32.0,100.0,38.0,7,0.429,0
PROP-4A0042291F15,RERA-WBR-14550344,1,Ongoing,22.0,60.0,36.7,32.0,5,0.6,0
PROP-55F1382F4E81,,0,Unregistered,,,,,0,1.0,0
PROP-26E953645942,RERA-WBR-31465581,1,Ongoing,27.0,39.0,69.2,74.0,14,0.5,0
PROP-24E1DEBA3CA7,,0,Unregistered,,,,,0,1.0,0
PROP-D500B4A219BE,,0,Unregistered,,,,,0,1.0,0
PROP-AA8DD1B61DD3,,0,Unregistered,,,,,0,1.0,0
PROP-98A01EFA3405,,0,Unregistered,,,,,0,1.0,0
PROP-AAAE434A61C7,,0,Unregistered,,,,,0,1.0,0
PROP-63023C8EB115,RERA-WBR-76529054,1,Ongoing,12.0,48.0,25.0,72.0,10,0.5,0
PROP-51E40AE841B9,,0,Unregistered,,,,,0,1.0,0
PROP-4DB6AB717F42,,0,Unregistered,,,,,0,1.0,0
PROP-CEAC8EAB9DA8,RERA-WBR-05847048,1,Ongoing,30.0,40.0,75.0,232.0,15,0.733,1
PROP-07BF37062BF8,,0,Unregistered,,,,,0,1.0,0
PROP-06949B2269DA,,0,Unregistered,,,,,0,1.0,0
PROP-EF3604D9189F,,0,Unregistered,,,,,0,1.0,0
PROP-2F6975A27159,,0,Unregistered,,,,,0,1.0,0
PROP-F7AA2614115B,,0,Unregistered,,,,,0,1.0,0
PROP-C89268A73288,,0,Unregistered,,,,,0,1.0,0
PROP-EE3CB4EFCD1F,,0,Unregistered,,,,,0,1.0,0
PROP-B80A3EFFA976,RERA-WBR-84965636,1,Ongoing,30.0,43.0,69.8,152.0,9,0.556,0
PROP-644D268CD417,,0,Unregistered,,,,,0,1.0,0
PROP-495093C0133A,,0,Unregistered,,,,,0,1.0,0
PROP-1D3740F9687C,RERA-WBR-33896186,1,Ongoing,8.0,55.0,14.5,96.0,14,0.357,0
PROP-0CAA424BBEBB,,0,Unregistered,,,,,0,1.0,0
PROP-512B142A453D,RERA-WBR-21392139,1,Ongoing,41.0,43.0,95.3,40.0,12,0.5,0
PROP-03531CEBC5CA,RERA-WBR-32346139,1,Ongoing,13.0,40.0,32.5,104.0,10,0.7,1
PROP-EAB99D55B3C4,RERA-WBR-81292464,1,Completed,38.0,26.0,100.0,168.0,12,0.667,0
PROP-D790BBCC044B,,0,Unregistered,,,,,0,1.0,0
PROP-3F6AEE676712,,0,Unregistered,,,,,0,1.0,0
PROP-8674AFDD7453,,0,Unregistered,,,,,0,1.0,0
PROP-DFB667D03745,,0,Unregistered,,,,,0,1.0,0
PROP-047E95DEE7C8,,0,Unregistered,,,,,0,1.0,0
PROP-2C44522F1A74,,0,Unregistered,,,,,0,1.0,0
PROP-E4A2D967E7FA,,0,Unregistered,,,,,0,1.0,0
PROP-52BBB8022FFC,,0,Unregistered,,,,,0,1.0,0
PROP-701C80F2018E,,0,Unregistered,,,,,0,1.0,0
PROP-553BBFF675E1,RERA-WBR-86398754,1,Ongoing,16.0,41.0,39.0,59.0,5,0.4,0
PROP-A4AF253BEE26,,0,Unregistered,,,,,0,1.0,0
PROP-983532FAE8A3,RERA-WBR-13691209,1,Ongoing,23.0,51.0,45.1,47.0,15,0.8,0
PROP-07462D6C8C7A,,0,Unregistered,,,,,0,1.0,0
PROP-05F1E0BA42EF,,0,Unregistered,,,,,0,1.0,0
PROP-7EE2E46DC5A3,,0,Unregistered,,,,,0,1.0,0
PROP-EB5E466A1241,,0,Unregistered,,,,,0,1.0,0
PROP-5D81268902FC,,0,Unregistered,,,,,0,1.0,0
PROP-9A477495F2CA,,0,Unregistered,,,,,0,1.0,0
PROP-CC1A3CD1AEAE,RERA-WBR-96197479,1,Completed,33.0,27.0,100.0,25.0,6,1.0,0
PROP-4CE82AB46907,,0,Unregistered,,,,,0,1.0,0
PROP-BE8B5CCE6309,,0,Unregistered,,,,,0,1.0,0
PROP-D111B018C185,,0,Unregistered,,,,,0,1.0,0
PROP-1A276C1D7559,,0,Unregistered,,,,,0,1.0,0
PROP-536B22C04615,RERA-WBR-22657388,1,Ongoing,30.0,53.0,56.6,30.0,10,0.5,0
PROP-EE49C098F2A5,,0,Unregistered,,,,,0,1.0,0
PROP-7A9A42130E33,,0,Unregistered,,,,,0,1.0,0
PROP-9D1515AB876E,RERA-WBR-43163191,1,Ongoing,25.0,58.0,43.1,161.0,9,0.889,1
PROP-26F6F60CE515,,0,Unregistered,,,,,0,1.0,0
PROP-80AE0D35D32E,RERA-WBR-51025397,1,Ongoing,15.0,25.0,60.0,50.0,6,0.833,0
PROP-0FCD6A7E37DF,,0,Unregistered,,,,,0,1.0,0
PROP-1BD263B4D59C,,0,Unregistered,,,,,0,1.0,0
PROP-FCC8D7E35D53,,0,Unregistered,,,,,0,1.0,0
PROP-9535937080E8,,0,Unregistered,,,,,0,1.0,0
PROP-2B2BD378CAEC,,0,Unregistered,,,,,0,1.0,0
PROP-D3D597574BF2,,0,Unregistered,,,,,0,1.0,0
PROP-BD41BC9F48D5,RERA-WBR-79584052,1,Ongoing,34.0,51.0,66.7,173.0,11,0.818,1
PROP-29E8CB101368,,0,Unregistered,,,,,0,1.0,0
PROP-028B93450DC7,,0,Unregistered,,,,,0,1.0,0
PROP-A3E21F233FE8,,0,Unregistered,,,,,0,1.0,0
PROP-D5A978A28FD4,RERA-WBR-65884004,1,Ongoing,38.0,45.0,84.4,259.0,8,0.125,0
PROP-F68204388524,RERA-WBR-27739649,1,Ongoing,23.0,53.0,43.4,185.0,16,0.188,0
PROP-F5994CC74EAF,RERA-WBR-65884004,1,Ongoing,38.0,45.0,84.4,259.0,8,0.125,0
PROP-4F4E5027B87F,,0,Unregistered,,,,,0,1.0,0
PROP-B3CB4C5F6087,,0,Unregistered,,,,,0,1.0,0
PROP-71FFA49892BE,RERA-WBR-48505647,1,Ongoing,13.0,40.0,32.5,132.0,15,0.333,0
PROP-7BC1F225166A,RERA-WBR-19432327,1,Ongoing,13.0,44.0,29.5,267.0,23,0.609,0
PROP-F42D893771A7,,0,Unregistered,,,,,0,1.0,0
PROP-929741C64C3E,,0,Unregistered,,,,,0,1.0,0
PROP-B3180B97F460,,0,Unregistered,,,,,0,1.0,0
PROP-632D9F970083,,0,Unregistered,,,,,0,1.0,0
PROP-6A23CD209558,,0,Unregistered,,,,,0,1.0,0
PROP-E963C0880622,,0,Unregistered,,,,,0,1.0,0
PROP-D561EE9D47F8,,0,Unregistered,,,,,0,1.0,0
PROP-FCAE860070BC,,0,Unregistered,,,,,0,1.0,0
PROP-A3856808C7FA,,0,Unregistered,,,,,0,1.0,0
PROP-F2AFCFDB7F0B,,0,Unregistered,,,,,0,1.0,0
PROP-45D5273941F0,RERA-WBR-41123595,1,Ongoing,21.0,48.0,43.8,100.0,7,0.571,0
PROP-49CEA6ACAB6B,,0,Unregistered,,,,,0,1.0,0
PROP-76DCD99525D5,RERA-WBR-70312316,1,Ongoing,10.0,56.0,17.9,31.0,10,0.5,0
PROP-C91A30EEA6D6,,0,Unregistered,,,,,0,1.0,0
PROP-F79FC0B77010,,0,Unregistered,,,,,0,1.0,0
PROP-93A71C04586A,,0,Unregistered,,,,,0,1.0,0
PROP-ED9A9C2A9FFB,,0,Unregistered,,,,,0,1.0,0
PROP-CB8AB53C5ED3,,0,Unregistered,,,,,0,1.0,0
PROP-F2195BC4ACCD,,0,Unregistered,,,,,0,1.0,0
PROP-A02D1D9F3763,RERA-WBR-98616172,1,Ongoing,26.0,39.0,66.7,70.0,8,0.875,1
PROP-7FBF06642CBF,RERA-WBR-34852212,1,Completed,38.0,33.0,100.0,162.0,10,0.5,0
PROP-24C25F235AA2,,0,Unregistered,,,,,0,1.0,0
PROP-AFCDDC110415,RERA-WBR-99720561,1,Ongoing,23.0,34.0,67.6,140.0,16,0.562,0
PROP-8675524FC736,,0,Unregistered,,,,,0,1.0,0
PROP-A5FE3457F799,,0,Unregistered,,,,,0,1.0,0
PROP-8DAA52C4EB91,,0,Unregistered,,,,,0,1.0,0
PROP-0FC7A99586C0,,0,Unregistered,,,,,0,1.0,0
PROP-C763DCF5D42B,,0,Unregistered,,,,,0,1.0,0
PROP-2371B6173A7F,RERA-WBR-82499685,1,Ongoing,15.0,34.0,44.1,107.0,10,0.5,0
PROP-0391AC41F39A,,0,Unregistered,,,,,0,1.0,0
PROP-011B7649732A,RERA-WBR-99635938,1,Ongoing,12.0,38.0,31.6,38.0,5,0.6,0
PROP-A87A8D74790D,,0,Unregistered,,,,,0,1.0,0
PROP-FD8307310423,RERA-WBR-95893473,1,Ongoing,27.0,54.0,50.0,61.0,5,0.6,1
PROP-6398BE76A429,,0,Unregistered,,,,,0,1.0,0
PROP-76004D64B147,RERA-WBR-12557776,1,Ongoing,26.0,42.0,61.9,84.0,9,0.778,0
PROP-FF67DF4FD4E3,,0,Unregistered,,,,,0,1.0,0
PROP-48FF77CF86EA,,0,Unregistered,,,,,0,1.0,0
PROP-C810B5D003A8,,0,Unregistered,,,,,0,1.0,0
PROP-C7EB6FBC2737,,0,Unregistered,,,,,0,1.0,0
PROP-472DC7D7B8C7,,0,Unregistered,,,,,0,1.0,0
PROP-DB8EEB99DA27,,0,Unregistered,,,,,0,1.0,0
PROP-F3E24227604A,RERA-WBR-87515145,1,Ongoing,19.0,58.0,32.8,163.0,25,0.64,1
PROP-9421ADEFCFCF,RERA-WBR-50222315,1,Completed,37.0,34.0,100.0,103.0,6,0.667,0
PROP-C175AF25A404,,0,Unregistered,,,,,0,1.0,0
PROP-90D5BC2CB05A,,0,Unregistered,,,,,0,1.0,0
PROP-C08D5A53FD83,RERA-WBR-15731027,1,Ongoing,37.0,59.0,62.7,61.0,5,0.2,0
PROP-901E373C27F5,,0,Unregistered,,,,,0,1.0,0
PROP-4ABBEB8C8EFE,,0,Unregistered,,,,,0,1.0,0
PROP-F20A737A6EA5,,0,Unregistered,,,,,0,1.0,0
PROP-E9151E039BC5,RERA-WBR-64609471,1,Completed,41.0,35.0,100.0,48.0,10,0.4,0
PROP-01E27892082A,RERA-WBR-53851062,1,Ongoing,36.0,47.0,76.6,161.0,15,0.8,3
PROP-D16D9D685454,,0,Unregistered,,,,,0,1.0,0
PROP-D5A5A6964C98,,0,Unregistered,,,,,0,1.0,0
PROP-AE059C9EFDA8,,0,Unregistered,,,,,0,1.0,0
PROP-017B4C540096,RERA-WBR-18957992,1,Ongoing,22.0,33.0,66.7,178.0,13,0.538,0
PROP-465881E4B874,,0,Unregistered,,,,,0,1.0,0
PROP-36EDC2206689,,0,Unregistered,,,,,0,1.0,0
PROP-FF44CE499C7D,,0,Unregistered,,,,,0,1.0,0
PROP-20A016CF8804,,0,Unregistered,,,,,0,1.0,0
PROP-26E1F142EA93,RERA-WBR-28778756,1,Ongoing,26.0,45.0,57.8,76.0,11,0.636,1
PROP-4EF1B8C93D5D,RERA-WBR-90713440,1,Completed,26.0,26.0,100.0,134.0,11,0.727,0
PROP-E478C760D685,,0,Unregistered,,,,,0,1.0,0
PROP-4A8FE062D0CA,,0,Unregistered,,,,,0,1.0,0
PROP-20B0134DEE3B,,0,Unregistered,,,,,0,1.0,0
PROP-5D717E16A413,,0,Unregistered,,,,,0,1.0,0
PROP-B380986495BF,,0,Unregistered,,,,,0,1.0,0
PROP-2539288F6218,,0,Unregistered,,,,,0,1.0,0
PROP-4500CC462AB1,RERA-WBR-50657187,1,Ongoing,29.0,52.0,55.8,38.0,9,0.889,0
PROP-018A0652B35A,RERA-WBR-20353507,1,Ongoing,37.0,57.0,64.9,109.0,16,0.625,0
PROP-3406A325F0BD,RERA-WBR-29067965,1,Ongoing,23.0,52.0,44.2,160.0,12,0.5,0
PROP-D1C9187B98AF,RERA-WBR-45045347,1,Ongoing,17.0,32.0,53.1,86.0,11,0.909,2
PROP-E1BF124B0B68,,0,Unregistered,,,,,0,1.0,0
PROP-0E323EAE8451,,0,Unregistered,,,,,0,1.0,0
PROP-62A075D37AE6,,0,Unregistered,,,,,0,1.0,0
PROP-B48E7CD96E9B,,0,Unregistered,,,,,0,1.0,0
PROP-41C4EAC2E41A,RERA-WBR-57689037,1,Ongoing,7.0,42.0,16.7,64.0,12,0.333,0
PROP-BC2449F4C07D,RERA-WBR-63641360,1,Ongoing,14.0,29.0,48.3,18.0,11,0.545,2
PROP-613050A4BE14,RERA-WBR-68287046,1,Ongoing,16.0,38.0,42.1,22.0,11,0.364,0
PROP-175986DAA73D,,0,Unregistered,,,,,0,1.0,0
PROP-017F60BA53B4,RERA-WBR-48955629,1,Ongoing,11.0,42.0,26.2,225.0,20,0.25,0
PROP-8A8505709A6E,,0,Unregistered,,,,,0,1.0,0
PROP-EBDDE72A7928,,0,Unregistered,,,,,0,1.0,0
PROP-ECBC04F9EEDC,,0,Unregistered,,,,,0,1.0,0
PROP-CD7F112A1F19,,0,Unregistered,,,,,0,1.0,0
PROP-97D67E500648,,0,Unregistered,,,,,0,1.0,0
PROP-3E77D40DDAAD,,0,Unregistered,,,,,0,1.0,0
PROP-0F3F077605E0,,0,Unregistered,,,,,0,1.0,0
PROP-9A15C2E37E68,RERA-WBR-16434472,1,Ongoing,38.0,46.0,82.6,35.0,8,0.5,0
PROP-3369265EEB4E,,0,Unregistered,,,,,0,1.0,0
PROP-9DE91BFA2CB4,,0,Unregistered,,,,,0,1.0,0
PROP-9578CD04A0F7,,0,Unregistered,,,,,0,1.0,0
PROP-496E18BF3449,RERA-WBR-34651947,1,Completed,41.0,34.0,100.0,23.0,4,1.0,1
PROP-67E010CBF82E,RERA-WBR-18445252,1,Completed,38.0,30.0,100.0,95.0,10,0.5,0
PROP-CB9AA7347242,,0,Unregistered,,,,,0,1.0,0
PROP-5754DFE87A5A,,0,Unregistered,,,,,0,1.0,0
PROP-0531C1014EA7,RERA-WBR-09256927,1,Ongoing,13.0,47.0,27.7,186.0,14,0.214,0
PROP-ED894EF05DC0,,0,Unregistered,,,,,0,1.0,0
PROP-9644BAD13717,,0,Unregistered,,,,,0,1.0,0
PROP-C27827C13EFE,RERA-WBR-01318913,1,Ongoing,28.0,56.0,50.0,139.0,9,0.667,4
PROP-557139DE533D,,0,Unregistered,,,,,0,1.0,0
PROP-FD365DB77760,RERA-WBR-80637082,1,Ongoing,28.0,56.0,50.0,206.0,15,0.867,2
PROP-F73C51824DEC,,0,Unregistered,,,,,0,1.0,0
PROP-3917DAD20872,,0,Unregistered,,,,,0,1.0,0
PROP-A85B8A30BD0E,,0,Unregistered,,,,,0,1.0,0
PROP-996C65662CD4,,0,Unregistered,,,,,0,1.0,0
PROP-CF858C63DE59,,0,Unregistered,,,,,0,1.0,0
PROP-72693FD3DEE9,RERA-WBR-24213962,1,Ongoing,20.0,47.0,42.6,95.0,25,0.64,1
PROP-7613CED37659,RERA-WBR-25688884,1,Ongoing,10.0,30.0,33.3,8.0,7,0.571,0
PROP-F2A682214E5D,RERA-WBR-44226768,1,Ongoing,6.0,45.0,13.3,172.0,6,0.333,0
PROP-822EDA72DCC6,,0,Unregistered,,,,,0,1.0,0
PROP-573076A0C574,RERA-WBR-74393640,1,Ongoing,34.0,55.0,61.8,143.0,8,0.75,0
PROP-D01A8C19A613,,0,Unregistered,,,,,0,1.0,0
PROP-EDD195AB9964,RERA-WBR-71472362,1,Ongoing,40.0,43.0,93.0,114.0,15,0.333,0
PROP-6E84587F9F99,,0,Unregistered,,,,,0,1.0,0
PROP-F5B758E3AB84,,0,Unregistered,,,,,0,1.0,0
PROP-F75FFFA066C1,,0,Unregistered,,,,,0,1.0,0
PROP-010C87DF1C82,RERA-WBR-24863248,1,Ongoing,34.0,51.0,66.7,140.0,5,0.0,0
PROP-5D1827F25EE4,RERA-WBR-20836081,1,Completed,35.0,28.0,100.0,78.0,23,0.478,0
PROP-379525864704,,0,Unregistered,,,,,0,1.0,0
PROP-C20D0A8F12C4,,0,Unregistered,,,,,0,1.0,0
PROP-04FB665A65BF,,0,Unregistered,,,,,0,1.0,0
PROP-C399DC66E0C5,,0,Unregistered,,,,,0,1.0,0
PROP-18B754B101F4,,0,Unregistered,,,,,0,1.0,0
PROP-3C932079BBAB,RERA-WBR-42852318,1,Ongoing,32.0,48.0,66.7,20.0,6,0.5,0
PROP-5226106142C4,RERA-WBR-30032246,1,Ongoing,36.0,41.0,87.8,65.0,8,0.5,0
PROP-94A12E5EE1AA,,0,Unregistered,,,,,0,1.0,0
PROP-FF55B7648588,,0,Unregistered,,,,,0,1.0,0
PROP-FD131C3AB10D,RERA-WBR-10375578,1,Completed,26.0,25.0,100.0,135.0,4,0.75,0
PROP-BF6983112316,,0,Unregistered,,,,,0,1.0,0
PROP-36A83FF1ABBF,RERA-WBR-17037261,1,Ongoing,19.0,27.0,70.4,58.0,27,0.333,0
PROP-5F15A3C2707B,,0,Unregistered,,,,,0,1.0,0
PROP-29E8098A6751,,0,Unregistered,,,,,0,1.0,0
PROP-569A37ADA2C3,RERA-WBR-10326286,1,Ongoing,24.0,50.0,48.0,90.0,23,0.652,1
PROP-ED65CC6CF872,,0,Unregistered,,,,,0,1.0,0
PROP-4E45D2A3987A,RERA-WBR-95590832,1,Ongoing,30.0,58.0,51.7,155.0,12,0.417,0
PROP-D155A52CEA6E,,0,Unregistered,,,,,0,1.0,0
PROP-52424E54F5E3,RERA-WBR-77801869,1,Ongoing,31.0,56.0,55.4,88.0,11,0.909,3
PROP-726F44F17E5A,,0,Unregistered,,,,,0,1.0,0
PROP-1C928C34B1A3,,0,Unregistered,,,,,0,1.0,0
PROP-479764EAE945,,0,Unregistered,,,,,0,1.0,0
PROP-2BDF8D921D38,,0,Unregistered,,,,,0,1.0,0
PROP-22491C01BD6B,,0,Unregistered,,,,,0,1.0,0
PROP-51A49AD231D2,,0,Unregistered,,,,,0,1.0,0
PROP-73AD0F516D1D,,0,Unregistered,,,,,0,1.0,0
PROP-921B1CAA7AB4,RERA-WBR-86403023,1,Completed,41.0,36.0,100.0,12.0,16,0.5,0
PROP-EEC6AEF7BCD6,,0,Unregistered,,,,,0,1.0,0
PROP-8C6E6BE04977,RERA-WBR-54532278,1,Ongoing,36.0,48.0,75.0,176.0,14,0.571,0
PROP-0AE1954572A3,RERA-WBR-20836081,1,Completed,35.0,28.0,100.0,78.0,24,0.542,0
PROP-6310B5ABC32E,RERA-WBR-27544189,1,Ongoing,23.0,31.0,74.2,165.0,18,0.111,0
PROP-ECBD49F127A4,,0,Unregistered,,,,,0,1.0,0
PROP-84B74FE4F909,RERA-WBR-22657388,1,Ongoing,30.0,53.0,56.6,30.0,11,0.455,0
PROP-677B3A7C2D9F,,0,Unregistered,,,,,0,1.0,0
PROP-185F2C1C26F2,RERA-WBR-42523356,1,Ongoing,22.0,41.0,53.7,78.0,13,0.385,0
PROP-FA196D3E6144,RERA-WBR-12800550,1,Ongoing,32.0,47.0,68.1,127.0,10,0.8,1
PROP-FC18DCC7A968,,0,Unregistered,,,,,0,1.0,0
PROP-600CED5D2A6B,,0,Unregistered,,,,,0,1.0,0
PROP-1ACD8906CC4B,RERA-WBR-49077078,1,Ongoing,12.0,41.0,29.3,44.0,12,0.75,0
PROP-EF439CD343C8,RERA-WBR-67856480,1,Ongoing,22.0,38.0,57.9,37.0,7,0.571,0
PROP-98FC4368AAFE,,0,Unregistered,,,,,0,1.0,0
PROP-9E2612B51244,,0,Unregistered,,,,,0,1.0,0
PROP-4B9317F317CC,RERA-WBR-95907055,1,Ongoing,9.0,50.0,18.0,63.0,14,0.429,0
PROP-80F7F9DABC91,,0,Unregistered,,,,,0,1.0,0
PROP-31C335EAA49F,RERA-WBR-66627968,1,Ongoing,22.0,34.0,64.7,17.0,6,0.833,1
PROP-61FF2F93A3CD,,0,Unregistered,,,,,0,1.0,0
PROP-6E5AF3C3EB18,,0,Unregistered,,,,,0,1.0,0
PROP-04C5E764EC4F,,0,Unregistered,,,,,0,1.0,0
PROP-7471A6779ED1,,0,Unregistered,,,,,0,1.0,0
PROP-17CCFB9EB441,RERA-WBR-09609821,1,Ongoing,11.0,44.0,25.0,125.0,19,0.737,0
PROP-283C9510A6DA,RERA-WBR-52374527,1,Ongoing,37.0,60.0,61.7,32.0,13,0.692,0
PROP-2BECFA88A0BD,,0,Unregistered,,,,,0,1.0,0
PROP-A4FD29C9DE8B,RERA-WBR-80518947,1,Ongoing,37.0,45.0,82.2,44.0,4,0.0,0
PROP-6F2E1D655213,,0,Unregistered,,,,,0,1.0,0
PROP-5D1755571047,RERA-WBR-40529289,1,Ongoing,15.0,51.0,29.4,123.0,18,0.278,0
PROP-1E50B84C5986,,0,Unregistered,,,,,0,1.0,0
PROP-A8D2EB847388,,0,Unregistered,,,,,0,1.0,0
PROP-10C8C277B422,RERA-WBR-62964588,1,Ongoing,34.0,41.0,82.9,71.0,10,0.5,0
PROP-866082789154,,0,Unregistered,,,,,0,1.0,0
PROP-6271B5488588,,0,Unregistered,,,,,0,1.0,0
PROP-28F5B24D0E3D,,0,Unregistered,,,,,0,1.0,0
PROP-7DB25303D54D,RERA-WBR-78298703,1,Ongoing,41.0,44.0,93.2,36.0,27,0.704,0
PROP-EC60233BBF5C,,0,Unregistered,,,,,0,1.0,0
PROP-0838C5506629,RERA-WBR-32077813,1,Ongoing,35.0,52.0,67.3,111.0,8,0.75,2
PROP-22B5CAA9CC48,,0,Unregistered,,,,,0,1.0,0
PROP-E8A38E70F342,,0,Unregistered,,,,,0,1.0,0
PROP-9AF14BFC3FD7,RERA-WBR-05345167,1,Ongoing,33.0,36.0,91.7,25.0,17,0.647,3
PROP-E0605B88F140,RERA-WBR-81045384,1,Completed,58.0,30.0,100.0,65.0,16,0.938,1
PROP-C372888D8EE9,,0,Unregistered,,,,,0,1.0,0
PROP-730DC06A9CCE,,0,Unregistered,,,,,0,1.0,0
PROP-AFA257101EFB,,0,Unregistered,,,,,0,1.0,0
PROP-1D1E6EC23F00,RERA-WBR-81292464,1,Completed,38.0,26.0,100.0,168.0,12,0.667,0
PROP-1B35FE735B34,,0,Unregistered,,,,,0,1.0,0
PROP-8386F83F7B8D,,0,Unregistered,,,,,0,1.0,0
PROP-AE82A2A94002,,0,Unregistered,,,,,0,1.0,0
PROP-AEE82E00F874,,0,Unregistered,,,,,0,1.0,0
PROP-13CEBE2A0740,RERA-WBR-60134973,1,Ongoing,50.0,55.0,90.9,26.0,8,0.75,0
PROP-C063475D2A15,,0,Unregistered,,,,,0,1.0,0
PROP-47C5803E0547,RERA-WBR-67050028,1,Ongoing,38.0,44.0,86.4,51.0,4,0.75,2
PROP-9874EA93FB3E,,0,Unregistered,,,,,0,1.0,0
PROP-0B325F2674A3,RERA-WBR-63574163,1,Ongoing,9.0,32.0,28.1,56.0,17,0.529,0
PROP-234687B1D794,,0,Unregistered,,,,,0,1.0,0
PROP-B774C1A6C06F,,0,Unregistered,,,,,0,1.0,0
PROP-D35BDA093917,,0,Unregistered,,,,,0,1.0,0
PROP-84088BF54F79,RERA-WBR-94371571,1,Ongoing,51.0,56.0,91.1,26.0,35,0.543,0
PROP-855C7545D2C1,,0,Unregistered,,,,,0,1.0,0
PROP-1573A09AF49E,,0,Unregistered,,,,,0,1.0,0
PROP-A3E47D81DB47,,0,Unregistered,,,,,0,1.0,0
PROP-D07A88266219,,0,Unregistered,,,,,0,1.0,0
PROP-3AA1551CB28D,,0,Unregistered,,,,,0,1.0,0
PROP-D460FC4D4C16,,0,Unregistered,,,,,0,1.0,0
PROP-492CBFFE59DE,,0,Unregistered,,,,,0,1.0,0
PROP-A1044221108A,,0,Unregistered,,,,,0,1.0,0
PROP-A7942BECBE8A,RERA-WBR-20480216,1,Ongoing,30.0,44.0,68.2,66.0,7,0.429,0
PROP-6F0E4CFD22DB,RERA-WBR-96136125,1,Ongoing,27.0,44.0,61.4,135.0,12,0.917,2
PROP-B9A934115A3C,RERA-WBR-80322973,1,Ongoing,15.0,29.0,51.7,15.0,11,0.818,0
PROP-19A0628A7076,,0,Unregistered,,,,,0,1.0,0
PROP-E37BC4374CB1,,0,Unregistered,,,,,0,1.0,0
PROP-EB89327F8A2C,RERA-WBR-31465581,1,Ongoing,27.0,39.0,69.2,74.0,14,0.5,0
PROP-A8C1CC999953,RERA-WBR-24875096,1,Ongoing,30.0,54.0,55.6,70.0,4,0.5,0
PROP-539860805667,RERA-WBR-56397996,1,Ongoing,43.0,48.0,89.6,147.0,10,0.5,0
PROP-DE5731F139BF,RERA-WBR-55679974,1,Ongoing,36.0,46.0,78.3,42.0,6,0.833,0
PROP-5AE1BC125B15,,0,Unregistered,,,,,0,1.0,0
PROP-FDC2A7118B60,RERA-WBR-49630281,1,Ongoing,16.0,42.0,38.1,41.0,9,0.667,2
PROP-4D247DF72902,,0,Unregistered,,,,,0,1.0,0
PROP-6A50E592E906,,0,Unregistered,,,,,0,1.0,0
PROP-47A28DBD64A3,,0,Unregistered,,,,,0,1.0,0
PROP-E28DF73E05CE,,0,Unregistered,,,,,0,1.0,0
PROP-6251750D8068,RERA-WBR-18445252,1,Completed,62.0,30.0,100.0,95.0,11,0.636,0
PROP-574D172C64A5,RERA-WBR-18445252,1,Completed,47.0,30.0,100.0,95.0,11,0.545,0
PROP-AC2302554A6A,RERA-WBR-65217256,1,Ongoing,10.0,26.0,38.5,109.0,11,0.727,1
PROP-AA4544D1CB59,,0,Unregistered,,,,,0,1.0,0
PROP-026FB9A49322,RERA-WBR-40340510,1,Ongoing,40.0,41.0,97.6,118.0,12,0.667,0
PROP-56617C34D204,RERA-WBR-94399872,1,Ongoing,38.0,51.0,74.5,116.0,11,0.455,0
PROP-8D5788B3B49D,RERA-WBR-41688831,1,Ongoing,9.0,42.0,21.4,19.0,7,0.571,0
PROP-5B6B422C7150,RERA-WBR-03154690,1,Completed,40.0,38.0,100.0,101.0,13,0.769,0
PROP-0F29E6FA99BC,RERA-WBR-44921030,1,Ongoing,32.0,46.0,69.6,17.0,9,0.444,0
PROP-1CB44C5890AA,RERA-WBR-24132319,1,Ongoing,25.0,30.0,83.3,148.0,11,0.727,1
PROP-EF02DCBAB9F1,RERA-WBR-43405344,1,Ongoing,14.0,53.0,26.4,63.0,5,0.6,0
PROP-F53474B4026D,RERA-WBR-61840186,1,Ongoing,28.0,39.0,71.8,114.0,8,0.5,0
PROP-4B2CA0F67F6D,,0,Unregistered,,,,,0,1.0,0
PROP-2AC175C3B47C,RERA-WBR-22334965,1,Completed,49.0,38.0,100.0,59.0,12,0.75,0
PROP-129D64E92676,,0,Unregistered,,,,,0,1.0,0
PROP-3DFDAE8680CA,,0,Unregistered,,,,,0,1.0,0
PROP-D6CBE478AAE0,RERA-WBR-91277451,1,Ongoing,41.0,57.0,71.9,279.0,23,0.522,0
PROP-0461B2D043A6,RERA-WBR-91277451,1,Ongoing,29.0,57.0,50.9,279.0,22,0.545,0
PROP-3A6D0376B390,,0,Unregistered,,,,,0,1.0,0
PROP-5D4EAA4FD75A,RERA-WBR-86891519,1,Ongoing,21.0,37.0,56.8,20.0,8,0.625,0
PROP-AAF61270EA07,RERA-WBR-02517870,1,Completed,79.0,45.0,100.0,178.0,12,0.75,0
PROP-6518FEB6F1A7,,0,Unregistered,,,,,0,1.0,0
PROP-CF11F47D84E0,RERA-WBR-71185613,1,Ongoing,19.0,35.0,54.3,210.0,6,0.5,0
PROP-213D63713C56,,0,Unregistered,,,,,0,1.0,0
PROP-8FC5543A96E3,,0,Unregistered,,,,,0,1.0,0
PROP-84AC432AD610,,0,Unregistered,,,,,0,1.0,0
PROP-326F45DBC99C,RERA-WBR-75317898,1,Ongoing,8.0,44.0,18.2,39.0,25,0.64,1
PROP-96E019F5CBAE,,0,Unregistered,,,,,0,1.0,0
PROP-5936E04205C5,RERA-WBR-97612163,1,Ongoing,9.0,45.0,20.0,181.0,8,0.625,1
PROP-589503049540,RERA-WBR-16238759,1,Ongoing,29.0,44.0,65.9,108.0,11,0.727,2
PROP-F81E9C4EF252,,0,Unregistered,,,,,0,1.0,0
PROP-B110CDEDE589,,0,Unregistered,,,,,0,1.0,0
PROP-AE40AF615133,,0,Unregistered,,,,,0,1.0,0
PROP-F627DC5AE7DA,,0,Unregistered,,,,,0,1.0,0
PROP-8FEE84FF2372,,0,Unregistered,,,,,0,1.0,0
PROP-EA8811A894F8,,0,Unregistered,,,,,0,1.0,0
PROP-E9D356433740,,0,Unregistered,,,,,0,1.0,0
PROP-F262CC41FA39,,0,Unregistered,,,,,0,1.0,0
PROP-5B47394DDAFB,RERA-WBR-74466517,1,Completed,50.0,47.0,100.0,24.0,13,0.923,0
PROP-7EE159206DCD,,0,Unregistered,,,,,0,1.0,0
PROP-C069C0E0CC1F,,0,Unregistered,,,,,0,1.0,0
PROP-DE0C3874B195,,0,Unregistered,,,,,0,1.0,0
PROP-750F50F259A6,,0,Unregistered,,,,,0,1.0,0
PROP-EAB8060E518A,,0,Unregistered,,,,,0,1.0,0
PROP-939812CA716B,,0,Unregistered,,,,,0,1.0,0
PROP-1F226D11D43F,,0,Unregistered,,,,,0,1.0,0
PROP-C3806B638112,,0,Unregistered,,,,,0,1.0,0
PROP-360CD6D331E1,,0,Unregistered,,,,,0,1.0,0
PROP-64136EA6D27A,,0,Unregistered,,,,,0,1.0,0
PROP-14CBADCD4370,RERA-WBR-45374136,1,Ongoing,26.0,48.0,54.2,89.0,16,0.625,0
PROP-7CD92C18355F,RERA-WBR-33161113,1,Completed,39.0,31.0,100.0,114.0,12,0.917,0
PROP-FA254A04D794,,0,Unregistered,,,,,0,1.0,0
PROP-7B8FC487EFCB,,0,Unregistered,,,,,0,1.0,0
PROP-C0443FC34DEB,RERA-WBR-40214716,1,Ongoing,10.0,44.0,22.7,25.0,28,0.75,1
PROP-0C5BE453F698,,0,Unregistered,,,,,0,1.0,0
PROP-31D90E7BF593,RERA-WBR-86254322,1,Ongoing,40.0,49.0,81.6,117.0,23,0.783,3
PROP-D3CE0C07B785,,0,Unregistered,,,,,0,1.0,0
PROP-7171972A241C,,0,Unregistered,,,,,0,1.0,0
PROP-CBE29C6C9AF3,,0,Unregistered,,,,,0,1.0,0
PROP-C215BE0EC5E6,,0,Unregistered,,,,,0,1.0,0
PROP-55F0DB5DDE5E,,0,Unregistered,,,,,0,1.0,0
PROP-5CDCED19F77E,RERA-WBR-18445252,1,Completed,62.0,30.0,100.0,95.0,11,0.636,0
PROP-A41CEBC7E2BC,,0,Unregistered,,,,,0,1.0,0
PROP-779D8EA2182F,,0,Unregistered,,,,,0,1.0,0
PROP-508CE26CD317,,0,Unregistered,,,,,0,1.0,0
PROP-0C98316F02A1,RERA-WBR-22374730,1,Ongoing,24.0,32.0,75.0,111.0,14,0.571,0
PROP-9D5914B2FDCE,RERA-WBR-53864219,1,Ongoing,17.0,24.0,70.8,18.0,12,0.583,0
PROP-E95BD1F9DB91,,0,Unregistered,,,,,0,1.0,0
PROP-E6D9C6C5E840,,0,Unregistered,,,,,0,1.0,0
PROP-92202DA221BB,RERA-WBR-19734707,1,Completed,37.0,32.0,100.0,208.0,10,0.4,0
PROP-DF0C1CBE1A63,RERA-WBR-32221345,1,Ongoing,7.0,44.0,15.9,104.0,22,0.5,0
PROP-43C6015B65DE,,0,Unregistered,,,,,0,1.0,0
PROP-FC214BE04357,RERA-WBR-42657654,1,Ongoing,16.0,26.0,61.5,22.0,8,0.5,0
PROP-E403F296391B,RERA-WBR-34513526,1,Ongoing,16.0,48.0,33.3,71.0,7,0.429,1
PROP-CCBD059654A6,,0,Unregistered,,,,,0,1.0,0
PROP-1225888C958D,RERA-WBR-67736759,1,Completed,41.0,35.0,100.0,12.0,7,0.714,0
PROP-F212EC8692FE,,0,Unregistered,,,,,0,1.0,0
PROP-734131851919,RERA-WBR-16826539,1,Ongoing,33.0,50.0,66.0,128.0,4,0.75,0
PROP-1A088AB13DFA,RERA-WBR-27825353,1,Completed,27.0,26.0,100.0,110.0,6,0.333,0
PROP-64B4BC871400,,0,Unregistered,,,,,0,1.0,0
PROP-1D30DD2F7BD4,RERA-WBR-31104859,1,Completed,59.0,32.0,100.0,38.0,10,0.4,0
PROP-67BB9ACCC57F,,0,Unregistered,,,,,0,1.0,0
PROP-7333F24AF932,RERA-WBR-87038867,1,Ongoing,21.0,48.0,43.8,75.0,14,0.857,2
PROP-03719D687E72,,0,Unregistered,,,,,0,1.0,0
PROP-8369A2251A8B,,0,Unregistered,,,,,0,1.0,0
PROP-A11208759B2B,,0,Unregistered,,,,,0,1.0,0
PROP-E9674CEE8F9A,,0,Unregistered,,,,,0,1.0,0
PROP-10CC17A6A3AA,,0,Unregistered,,,,,0,1.0,0
PROP-56A8D6FF6980,,0,Unregistered,,,,,0,1.0,0
PROP-C066CD21C44C,,0,Unregistered,,,,,0,1.0,0
PROP-1EDC1DBC2ABC,,0,Unregistered,,,,,0,1.0,0
PROP-F5C596FD1106,RERA-WBR-09065494,1,Ongoing,8.0,51.0,15.7,9.0,15,0.733,1
PROP-361C15004664,RERA-WBR-20410887,1,Ongoing,25.0,28.0,89.3,41.0,6,0.5,0
PROP-EF8EE19759ED,RERA-WBR-81045384,1,Ongoing,22.0,30.0,73.3,65.0,16,0.812,0
PROP-F6B17BC9E971,RERA-WBR-19734707,1,Completed,58.0,32.0,100.0,208.0,11,0.455,0
PROP-4551C0E89061,,0,Unregistered,,,,,0,1.0,0
PROP-487B76347674,RERA-WBR-11205486,1,Ongoing,32.0,59.0,54.2,31.0,8,0.875,2
PROP-F047CA8A888E,,0,Unregistered,,,,,0,1.0,0
PROP-032B6A187CBB,RERA-WBR-62964588,1,Ongoing,34.0,41.0,82.9,71.0,10,0.5,0
PROP-E25BB19A1AED,,0,Unregistered,,,,,0,1.0,0
PROP-33CD1A49D8E0,RERA-WBR-20836081,1,Completed,68.0,28.0,100.0,78.0,28,0.75,1
PROP-ABCE6A1F8B35,,0,Unregistered,,,,,0,1.0,0
PROP-94FAB9D65EF0,,0,Unregistered,,,,,0,1.0,0
PROP-DF8D71ADA81B,,0,Unregistered,,,,,0,1.0,0
PROP-D0A1A8288A1B,,0,Unregistered,,,,,0,1.0,0
PROP-07975B50E2F0,,0,Unregistered,,,,,0,1.0,0
PROP-89504B5B5703,,0,Unregistered,,,,,0,1.0,0
PROP-004A24EF5765,,0,Unregistered,,,,,0,1.0,0
PROP-AA6B43C92801,,0,Unregistered,,,,,0,1.0,0
PROP-CD67682FFB4A,,0,Unregistered,,,,,0,1.0,0
PROP-0519A772C4DE,,0,Unregistered,,,,,0,1.0,0
PROP-E460FE53C280,RERA-WBR-43286627,1,Ongoing,41.0,52.0,78.8,72.0,9,0.444,0
PROP-EBD10F2B52E1,,0,Unregistered,,,,,0,1.0,0
PROP-F8D5D0EAC731,,0,Unregistered,,,,,0,1.0,0
PROP-869AA2813CC3,RERA-WBR-11301104,1,Ongoing,22.0,38.0,57.9,43.0,6,0.5,0
PROP-03ADB728CCBD,,0,Unregistered,,,,,0,1.0,0
PROP-19965264C4BE,,0,Unregistered,,,,,0,1.0,0
PROP-55969928F1E4,RERA-WBR-63223229,1,Ongoing,27.0,56.0,48.2,171.0,12,0.75,1
PROP-715E9AF6FE4E,RERA-WBR-02517870,1,Completed,73.0,45.0,100.0,178.0,12,0.583,0
PROP-D5AB0A3A99DC,,0,Unregistered,,,,,0,1.0,0
PROP-4CCF306D7507,,0,Unregistered,,,,,0,1.0,0
PROP-96B53177926F,,0,Unregistered,,,,,0,1.0,0
PROP-04B69CA95DAD,,0,Unregistered,,,,,0,1.0,0
PROP-823A9A465609,,0,Unregistered,,,,,0,1.0,0
PROP-20A3D6DAA47D,,0,Unregistered,,,,,0,1.0,0
PROP-12F866BB884B,,0,Unregistered,,,,,0,1.0,0
PROP-E8E138989700,,0,Unregistered,,,,,0,1.0,0
PROP-213500F31B9E,RERA-WBR-26226198,1,Ongoing,37.0,47.0,78.7,9.0,6,0.833,0
PROP-EC3016304151,,0,Unregistered,,,,,0,1.0,0
PROP-A70CE23355F4,,0,Unregistered,,,,,0,1.0,0
PROP-9DE25E84AB37,RERA-WBR-41477357,1,Ongoing,23.0,24.0,95.8,96.0,6,0.5,0
PROP-317ABDEA00A2,RERA-WBR-02517870,1,Completed,52.0,45.0,100.0,178.0,11,0.455,0
PROP-C2FD52E06B3A,,0,Unregistered,,,,,0,1.0,0
PROP-1D18D16D9D71,RERA-WBR-22334965,1,Ongoing,7.0,38.0,18.4,59.0,7,0.714,0
PROP-F836FE1B7A46,,0,Unregistered,,,,,0,1.0,0
PROP-C429AA817111,RERA-WBR-27492840,1,Ongoing,14.0,49.0,28.6,37.0,13,0.615,0
PROP-35518DAF4FC4,RERA-WBR-81292464,1,Completed,53.0,26.0,100.0,168.0,12,0.667,0
PROP-DF2A84C53B98,,0,Unregistered,,,,,0,1.0,0
PROP-A6EED4D1333B,,0,Unregistered,,,,,0,1.0,0
PROP-208F23A35D7F,,0,Unregistered,,,,,0,1.0,0
PROP-10F1A53FF661,,0,Unregistered,,,,,0,1.0,0
PROP-B7313915DF2F,RERA-WBR-26226198,1,Ongoing,28.0,47.0,59.6,9.0,6,0.833,0
PROP-90FDA1C6F76D,RERA-WBR-09329741,1,Ongoing,19.0,59.0,32.2,90.0,5,0.6,0
PROP-5609D59D7F2E,RERA-WBR-06383479,1,Ongoing,33.0,38.0,86.8,64.0,6,0.5,0
PROP-0CE5C9388BE6,,0,Unregistered,,,,,0,1.0,0
PROP-EE658D339931,,0,Unregistered,,,,,0,1.0,0
PROP-466C6BEF301F,RERA-WBR-85243992,1,Ongoing,10.0,43.0,23.3,21.0,9,0.556,0
PROP-88B102150B5E,,0,Unregistered,,,,,0,1.0,0
PROP-56BE3928E5BA,,0,Unregistered,,,,,0,1.0,0
PROP-682F8E407332,,0,Unregistered,,,,,0,1.0,0
PROP-A5C19466FC77,RERA-WBR-88815455,1,Ongoing,9.0,45.0,20.0,61.0,11,0.727,0
PROP-4D8AAFAF4DD6,,0,Unregistered,,,,,0,1.0,0
PROP-1C67A5850C33,RERA-WBR-78044889,1,Ongoing,23.0,44.0,52.3,58.0,10,0.7,1
PROP-0829EF621E8B,,0,Unregistered,,,,,0,1.0,0
PROP-ED2A96EE81CC,,0,Unregistered,,,,,0,1.0,0
PROP-7B0BB392FB77,,0,Unregistered,,,,,0,1.0,0
PROP-70682C1CB4E8,RERA-WBR-20410887,1,Ongoing,25.0,28.0,89.3,41.0,6,0.833,0
PROP-D342A9C9288C,,0,Unregistered,,,,,0,1.0,0
PROP-2876D8275CF8,RERA-WBR-23808856,1,Ongoing,30.0,36.0,83.3,147.0,7,0.571,2
PROP-8D56DA5E9345,,0,Unregistered,,,,,0,1.0,0
PROP-B62E1A096172,RERA-WBR-87569284,1,Ongoing,6.0,31.0,19.4,133.0,10,0.6,0
PROP-D106B29893BC,RERA-WBR-00203334,1,Ongoing,20.0,56.0,35.7,18.0,6,0.333,0
PROP-79282DB2860A,,0,Unregistered,,,,,0,1.0,0
PROP-D7FB928F5036,,0,Unregistered,,,,,0,1.0,0
PROP-6862AA36F37F,,0,Unregistered,,,,,0,1.0,0
PROP-E818EE74734E,,0,Unregistered,,,,,0,1.0,0
PROP-0305D32366B2,RERA-WBR-20836081,1,Completed,56.0,28.0,100.0,78.0,25,0.76,0
PROP-B64824F564F4,,0,Unregistered,,,,,0,1.0,0
PROP-7100839F9773,,0,Unregistered,,,,,0,1.0,0
PROP-C575E824AB0E,,0,Unregistered,,,,,0,1.0,0
PROP-06D0DAA0EFE2,RERA-WBR-70138185,1,Ongoing,19.0,33.0,57.6,51.0,17,0.588,1
PROP-39EB7F771781,RERA-WBR-02545068,1,Ongoing,10.0,42.0,23.8,180.0,9,0.444,0
PROP-81EF362EBECE,,0,Unregistered,,,,,0,1.0,0
PROP-A3AF58BA6E3D,RERA-WBR-36989270,1,Ongoing,32.0,36.0,88.9,39.0,7,0.857,1
PROP-6907678B6015,,0,Unregistered,,,,,0,1.0,0
PROP-946F8B273210,,0,Unregistered,,,,,0,1.0,0
PROP-90FD603946D7,,0,Unregistered,,,,,0,1.0,0
PROP-91743DD9B5F2,,0,Unregistered,,,,,0,1.0,0
PROP-80916DAA8395,RERA-WBR-01678351,1,Ongoing,9.0,31.0,29.0,87.0,14,0.929,0
PROP-641D725540B6,,0,Unregistered,,,,,0,1.0,0
PROP-387B92C9041D,RERA-WBR-12672797,1,Completed,35.0,32.0,100.0,29.0,8,0.875,1
PROP-0C1CCC1B621E,,0,Unregistered,,,,,0,1.0,0
PROP-C9A2C940885C,,0,Unregistered,,,,,0,1.0,0
PROP-4E9E082C8957,,0,Unregistered,,,,,0,1.0,0
PROP-13622B23DAF2,,0,Unregistered,,,,,0,1.0,0
PROP-9AF5AE6096F0,,0,Unregistered,,,,,0,1.0,0
PROP-8B94E02DE71B,,0,Unregistered,,,,,0,1.0,0
PROP-043C0A690401,,0,Unregistered,,,,,0,1.0,0
PROP-E60D397E3128,,0,Unregistered,,,,,0,1.0,0
PROP-60381980B1B3,,0,Unregistered,,,,,0,1.0,0
PROP-D08A5EDEFD32,RERA-WBR-61209937,1,Ongoing,35.0,55.0,63.6,54.0,23,0.609,0
PROP-3FB114EA811B,RERA-WBR-24966925,1,Ongoing,11.0,36.0,30.6,159.0,10,0.8,2
PROP-F7D39D692225,RERA-WBR-46732947,1,Ongoing,21.0,50.0,42.0,105.0,5,0.6,0
PROP-5B83C9868B63,,0,Unregistered,,,,,0,1.0,0
PROP-82E152F7236F,RERA-WBR-10339089,1,Ongoing,23.0,31.0,74.2,168.0,11,0.909,0
PROP-C367A712CEE6,,0,Unregistered,,,,,0,1.0,0
PROP-7793157358EA,,0,Unregistered,,,,,0,1.0,0
PROP-BDA2A15E4E49,RERA-WBR-73574716,1,Ongoing,22.0,45.0,48.9,24.0,10,0.6,1
PROP-13F72F2ABBF5,,0,Unregistered,,,,,0,1.0,0
PROP-7ACDA5E233BE,,0,Unregistered,,,,,0,1.0,0
PROP-2360BD445897,RERA-WBR-73574716,1,Ongoing,10.0,45.0,22.2,24.0,10,0.5,0
PROP-514DA52875B9,RERA-WBR-01714353,1,Ongoing,15.0,45.0,33.3,183.0,23,0.478,0
PROP-6AE9BC303703,,0,Unregistered,,,,,0,1.0,0
PROP-A32186A71B02,,0,Unregistered,,,,,0,1.0,0
PROP-296A5EDDFEF1,RERA-WBR-99607092,1,Completed,34.0,28.0,100.0,118.0,15,0.867,2
PROP-496AC6060362,,0,Unregistered,,,,,0,1.0,0
PROP-287FF60116AB,RERA-WBR-46732947,1,Ongoing,21.0,50.0,42.0,105.0,8,0.75,1
PROP-E0B412DBFC18,,0,Unregistered,,,,,0,1.0,0
PROP-08CB57B0C697,,0,Unregistered,,,,,0,1.0,0
PROP-DB7894658BEF,,0,Unregistered,,,,,0,1.0,0
PROP-F04A334BD729,,0,Unregistered,,,,,0,1.0,0
PROP-866DCF251E8B,RERA-WBR-46732947,1,Ongoing,21.0,50.0,42.0,105.0,8,0.375,0
PROP-F0F80401FD42,,0,Unregistered,,,,,0,1.0,0
PROP-858150077A50,,0,Unregistered,,,,,0,1.0,0
PROP-134947AA9BFF,,0,Unregistered,,,,,0,1.0,0
PROP-84649CF2EAE2,,0,Unregistered,,,,,0,1.0,0
PROP-8209B4F66285,RERA-WBR-57689037,1,Ongoing,7.0,42.0,16.7,64.0,19,0.368,0
PROP-AED26BC1EF00,RERA-WBR-38820090,1,Ongoing,40.0,53.0,75.5,199.0,11,0.545,0
PROP-44494B8B4349,,0,Unregistered,,,,,0,1.0,0
PROP-B6912F70E569,,0,Unregistered,,,,,0,1.0,0
PROP-444BCC09B996,RERA-WBR-29513885,1,Ongoing,19.0,36.0,52.8,70.0,18,0.389,0
PROP-0E8C043CFEF5,,0,Unregistered,,,,,0,1.0,0
PROP-4131D283AF10,,0,Unregistered,,,,,0,1.0,0
PROP-7CFBF28FD1DF,,0,Unregistered,,,,,0,1.0,0
PROP-861323E5DAF8,RERA-WBR-52107532,1,Ongoing,6.0,31.0,19.4,76.0,12,0.667,0
PROP-D95FAFCCB4D8,,0,Unregistered,,,,,0,1.0,0
PROP-62D01FCFF93E,RERA-WBR-15021555,1,Ongoing,9.0,31.0,29.0,120.0,12,0.833,2
PROP-6EC06EA6494A,,0,Unregistered,,,,,0,1.0,0
PROP-9198C404EE5E,,0,Unregistered,,,,,0,1.0,0
PROP-027D4A1D5B9F,,0,Unregistered,,,,,0,1.0,0
PROP-3E351217DCA4,,0,Unregistered,,,,,0,1.0,0
PROP-BFA6204FA84D,,0,Unregistered,,,,,0,1.0,0
PROP-A9DC951C2E36,,0,Unregistered,,,,,0,1.0,0
PROP-41716324E5F2,RERA-WBR-96197479,1,Completed,27.0,27.0,100.0,25.0,6,1.0,0
PROP-94C5932EB2C3,,0,Unregistered,,,,,0,1.0,0
PROP-BF07EE23FA5C,,0,Unregistered,,,,,0,1.0,0
PROP-E052C36DF149,,0,Unregistered,,,,,0,1.0,0
PROP-FE7C351FC38D,,0,Unregistered,,,,,0,1.0,0
PROP-0F8F1277BCAE,RERA-WBR-96197479,1,Ongoing,9.0,27.0,33.3,25.0,6,0.833,0
PROP-1AEE0D9D61CD,,0,Unregistered,,,,,0,1.0,0
PROP-FD3E8CFEA67C,,0,Unregistered,,,,,0,1.0,0
PROP-67DF1432EBC9,RERA-WBR-03592958,1,Ongoing,16.0,43.0,37.2,33.0,23,0.565,0
PROP-A5B17D9D25B5,,0,Unregistered,,,,,0,1.0,0
PROP-1E1E7036816A,,0,Unregistered,,,,,0,1.0,0
PROP-8AF8FE15F102,RERA-WBR-31465581,1,Completed,51.0,39.0,100.0,74.0,15,0.867,0
PROP-1EA346B858E2,,0,Unregistered,,,,,0,1.0,0
PROP-46D40E5A99E6,,0,Unregistered,,,,,0,1.0,0
PROP-C8BCC652FF67,,0,Unregistered,,,,,0,1.0,0
PROP-9215D5757F2C,,0,Unregistered,,,,,0,1.0,0
PROP-12EABA5FA362,,0,Unregistered,,,,,0,1.0,0
PROP-DC52033E8B09,RERA-WBR-88436039,1,Ongoing,21.0,42.0,50.0,168.0,18,0.444,0
PROP-BF054C979F3D,,0,Unregistered,,,,,0,1.0,0
PROP-95DEF2676027,,0,Unregistered,,,,,0,1.0,0
PROP-B8DC299ED665,RERA-WBR-32623435,1,Completed,66.0,52.0,100.0,37.0,18,0.833,4
PROP-1037812F5549,,0,Unregistered,,,,,0,1.0,0
PROP-68008C46DB72,,0,Unregistered,,,,,0,1.0,0
PROP-0839A69A25E7,,0,Unregistered,,,,,0,1.0,0
PROP-05A0599313EE,RERA-WBR-37793211,1,Ongoing,13.0,55.0,23.6,45.0,10,0.8,2
PROP-330B44BAE1A8,,0,Unregistered,,,,,0,1.0,0
PROP-B1ED30DCB9C9,,0,Unregistered,,,,,0,1.0,0
PROP-C5085E4E23EC,RERA-WBR-65697182,1,Ongoing,8.0,59.0,13.6,88.0,4,0.25,0
PROP-3E2507834883,,0,Unregistered,,,,,0,1.0,0
PROP-816047DA4CA7,,0,Unregistered,,,,,0,1.0,0
PROP-BD0E74381B2B,,0,Unregistered,,,,,0,1.0,0
PROP-A74394D953FE,,0,Unregistered,,,,,0,1.0,0
PROP-306322985930,,0,Unregistered,,,,,0,1.0,0
PROP-04EEA0E2FB57,,0,Unregistered,,,,,0,1.0,0
PROP-E45EFF56102C,,0,Unregistered,,,,,0,1.0,0
PROP-6100B7C5311D,,0,Unregistered,,,,,0,1.0,0
PROP-F0FB9C7DB72A,RERA-WBR-84933192,1,Ongoing,18.0,37.0,48.6,41.0,6,0.5,0
PROP-25B00CB2B241,,0,Unregistered,,,,,0,1.0,0
PROP-9532399E6432,,0,Unregistered,,,,,0,1.0,0
PROP-98A84FC0F2EA,,0,Unregistered,,,,,0,1.0,0
PROP-E6985FD200BD,RERA-WBR-85984431,1,Ongoing,13.0,49.0,26.5,102.0,4,0.5,0
PROP-ECDE2C47360A,,0,Unregistered,,,,,0,1.0,0
PROP-23EA9D1A65C3,,0,Unregistered,,,,,0,1.0,0
PROP-FD34712DECDF,RERA-WBR-93248195,1,Ongoing,9.0,60.0,15.0,101.0,4,0.5,0
PROP-84FDBC6BFD68,,0,Unregistered,,,,,0,1.0,0
PROP-4D88D33D99D4,,0,Unregistered,,,,,0,1.0,0
PROP-45A1923FED7E,,0,Unregistered,,,,,0,1.0,0
PROP-AA61BFAB996B,RERA-WBR-71220927,1,Ongoing,41.0,53.0,77.4,93.0,9,0.667,2
PROP-240A5ED43FF2,,0,Unregistered,,,,,0,1.0,0
PROP-E1400AEBC247,,0,Unregistered,,,,,0,1.0,0
PROP-9C34FF43D250,,0,Unregistered,,,,,0,1.0,0
PROP-4E35796D71CA,,0,Unregistered,,,,,0,1.0,0
PROP-613214026DEC,RERA-WBR-10323256,1,Ongoing,30.0,41.0,73.2,26.0,5,0.6,0
PROP-43F235A850B8,,0,Unregistered,,,,,0,1.0,0
PROP-B2A1B4C6C6EC,,0,Unregistered,,,,,0,1.0,0
PROP-D9AB17827EE2,,0,Unregistered,,,,,0,1.0,0
PROP-04DF4A1A83D2,RERA-WBR-38122536,1,Completed,38.0,34.0,100.0,101.0,4,1.0,0
PROP-28DCB6DEA183,RERA-WBR-81065334,1,Ongoing,8.0,27.0,29.6,128.0,4,0.75,0
PROP-79A0F1672B4E,,0,Unregistered,,,,,0,1.0,0
PROP-BF823BA039FD,,0,Unregistered,,,,,0,1.0,0
PROP-F05C6E8A0DBE,,0,Unregistered,,,,,0,1.0,0
PROP-56BDE9B49EA7,,0,Unregistered,,,,,0,1.0,0
PROP-782BD3820A56,,0,Unregistered,,,,,0,1.0,0
PROP-6F6EF9900AC2,,0,Unregistered,,,,,0,1.0,0
PROP-3F79833482E4,,0,Unregistered,,,,,0,1.0,0
PROP-64DEA4F39B04,,0,Unregistered,,,,,0,1.0,0
PROP-A5405688FEF0,,0,Unregistered,,,,,0,1.0,0
PROP-461074289D00,,0,Unregistered,,,,,0,1.0,0
PROP-AB4915D67815,,0,Unregistered,,,,,0,1.0,0
PROP-1ABF579D4BF3,RERA-WBR-04117862,1,Ongoing,32.0,40.0,80.0,15.0,10,0.2,0
PROP-52876DCB1DCE,RERA-WBR-58228105,1,Completed,60.0,33.0,100.0,14.0,11,0.727,1
PROP-FC8EEB5BF799,,0,Unregistered,,,,,0,1.0,0
PROP-0594701827BA,,0,Unregistered,,,,,0,1.0,0
PROP-F15549A718FE,,0,Unregistered,,,,,0,1.0,0
PROP-33534A71FD3A,,0,Unregistered,,,,,0,1.0,0
PROP-70FA6D51646B,,0,Unregistered,,,,,0,1.0,0
PROP-77281B3AAB24,RERA-WBR-95695238,1,Ongoing,24.0,52.0,46.2,231.0,10,0.6,0
PROP-D803019AEA6C,,0,Unregistered,,,,,0,1.0,0
PROP-515DB0408A80,RERA-WBR-88267221,1,Completed,35.0,31.0,100.0,41.0,6,0.667,0
PROP-036E70B3D838,,0,Unregistered,,,,,0,1.0,0
PROP-8C2092D62E75,,0,Unregistered,,,,,0,1.0,0
PROP-9659CFDF61AC,,0,Unregistered,,,,,0,1.0,0
PROP-9DA3F99F0C36,,0,Unregistered,,,,,0,1.0,0
PROP-01BF3FFF557F,,0,Unregistered,,,,,0,1.0,0
PROP-A2280BE86468,,0,Unregistered,,,,,0,1.0,0
PROP-584946860006,,0,Unregistered,,,,,0,1.0,0
PROP-F0D54074FBBC,,0,Unregistered,,,,,0,1.0,0
PROP-3E8951FDA735,,0,Unregistered,,,,,0,1.0,0
PROP-4776467A6E02,,0,Unregistered,,,,,0,1.0,0
PROP-876CAC1AB17A,,0,Unregistered,,,,,0,1.0,0
PROP-C5B1A78CB3A8,,0,Unregistered,,,,,0,1.0,0
PROP-C52F4D39B865,,0,Unregistered,,,,,0,1.0,0
PROP-36DB0AAA8703,,0,Unregistered,,,,,0,1.0,0
PROP-13278B9FB63B,,0,Unregistered,,,,,0,1.0,0
PROP-803B2E7AC409,,0,Unregistered,,,,,0,1.0,0
PROP-3278CF95A2C9,,0,Unregistered,,,,,0,1.0,0
PROP-72C4959F420B,,0,Unregistered,,,,,0,1.0,0
PROP-10A36B0CDF58,,0,Unregistered,,,,,0,1.0,0
PROP-856CC5444A7F,,0,Unregistered,,,,,0,1.0,0
PROP-E90DA06490F1,,0,Unregistered,,,,,0,1.0,0
PROP-B82F1CAF98A5,,0,Unregistered,,,,,0,1.0,0
PROP-DFFC24057330,,0,Unregistered,,,,,0,1.0,0
PROP-6F186047F1E6,RERA-WBR-03818990,1,Ongoing,16.0,59.0,27.1,52.0,13,0.615,0
PROP-A283D0D4DBFA,RERA-WBR-00306841,1,Ongoing,23.0,52.0,44.2,121.0,14,0.571,0
PROP-BEA8C3115ADC,,0,Unregistered,,,,,0,1.0,0
PROP-B51C2C8DFC3E,,0,Unregistered,,,,,0,1.0,0
PROP-0199D6D70F9F,RERA-WBR-69043588,1,Ongoing,14.0,38.0,36.8,130.0,11,0.818,0
PROP-9864402A8364,,0,Unregistered,,,,,0,1.0,0
PROP-4E51300A6062,RERA-WBR-14905055,1,Ongoing,29.0,54.0,53.7,57.0,6,0.5,0
PROP-7CDF376AB586,,0,Unregistered,,,,,0,1.0,0
PROP-546A56F05C80,RERA-WBR-58228105,1,Completed,60.0,33.0,100.0,14.0,11,0.727,1
PROP-46F4596A5C19,,0,Unregistered,,,,,0,1.0,0
PROP-7048225A5B32,,0,Unregistered,,,,,0,1.0,0
PROP-79142883924B,,0,Unregistered,,,,,0,1.0,0
PROP-9CF47C0F1B86,,0,Unregistered,,,,,0,1.0,0
PROP-3004E4162713,,0,Unregistered,,,,,0,1.0,0
PROP-9C5C0313BD11,RERA-WBR-72727925,1,Ongoing,11.0,50.0,22.0,186.0,11,0.455,0
PROP-3F09795EB2B8,,0,Unregistered,,,,,0,1.0,0
PROP-64E52DFB09B1,,0,Unregistered,,,,,0,1.0,0
PROP-A412139EF885,,0,Unregistered,,,,,0,1.0,0
PROP-91B6496F7981,,0,Unregistered,,,,,0,1.0,0
PROP-39EC83EEADAB,,0,Unregistered,,,,,0,1.0,0
PROP-E7104E6734F4,,0,Unregistered,,,,,0,1.0,0
PROP-8A768B15D13A,RERA-WBR-86254322,1,Ongoing,43.0,49.0,87.8,117.0,23,0.783,3
PROP-9E400251BAD6,,0,Unregistered,,,,,0,1.0,0
PROP-502C690C434F,,0,Unregistered,,,,,0,1.0,0
PROP-6711B3E3C78A,RERA-WBR-49079389,1,Ongoing,19.0,52.0,36.5,91.0,13,0.462,0
PROP-CAD968DA010A,,0,Unregistered,,,,,0,1.0,0
PROP-E50E6A24D421,,0,Unregistered,,,,,0,1.0,0
PROP-1D05086FEECD,RERA-WBR-18353616,1,Ongoing,6.0,52.0,11.5,101.0,10,0.4,0
PROP-793B2AF0FE27,RERA-WBR-34860332,1,Ongoing,38.0,48.0,79.2,8.0,11,0.727,1
PROP-737CE3D1E7D2,RERA-WBR-73519081,1,Completed,55.0,39.0,100.0,238.0,11,1.0,1
PROP-3AAFD97DC83F,,0,Unregistered,,,,,0,1.0,0
PROP-8DE0D9BEEBDB,,0,Unregistered,,,,,0,1.0,0
PROP-3E7C45FE56D7,,0,Unregistered,,,,,0,1.0,0
PROP-EB28F14B6394,,0,Unregistered,,,,,0,1.0,0
PROP-D8550D6C368A,RERA-WBR-13213526,1,Ongoing,24.0,49.0,49.0,93.0,24,0.458,0
PROP-93089255A20E,,0,Unregistered,,,,,0,1.0,0
PROP-9B2AF39BF9B8,RERA-WBR-58228105,1,Completed,36.0,33.0,100.0,14.0,11,0.545,0
PROP-C3EF890C5CC2,,0,Unregistered,,,,,0,1.0,0
PROP-D68542AFE17B,RERA-WBR-22235155,1,Ongoing,9.0,59.0,15.3,229.0,6,0.5,0
PROP-D042D08FB89F,,0,Unregistered,,,,,0,1.0,0
PROP-54B393B1A215,,0,Unregistered,,,,,0,1.0,0
PROP-BECC6BCDAB9F,,0,Unregistered,,,,,0,1.0,0
PROP-8B1252F72A9A,RERA-WBR-73519081,1,Ongoing,25.0,39.0,64.1,238.0,11,0.273,0
PROP-62CC09ED9346,,0,Unregistered,,,,,0,1.0,0
PROP-FC169902A1E2,,0,Unregistered,,,,,0,1.0,0
PROP-3868179D3B69,,0,Unregistered,,,,,0,1.0,0
PROP-688AA9075937,,0,Unregistered,,,,,0,1.0,0
PROP-B54999287D5A,,0,Unregistered,,,,,0,1.0,0
PROP-6C223B580192,,0,Unregistered,,,,,0,1.0,0
PROP-F791550CE838,,0,Unregistered,,,,,0,1.0,0
PROP-BBFEB0024346,,0,Unregistered,,,,,0,1.0,0
PROP-3332782CB5A3,RERA-WBR-06221541,1,Ongoing,19.0,24.0,79.2,200.0,5,0.8,0
PROP-DF407EBE3FF5,,0,Unregistered,,,,,0,1.0,0
PROP-46447B52139E,RERA-WBR-03818990,1,Ongoing,37.0,59.0,62.7,52.0,13,0.769,2
PROP-60A8992057EF,RERA-WBR-03818990,1,Ongoing,46.0,59.0,78.0,52.0,13,0.923,4
PROP-CC3311C67EBB,RERA-WBR-58228105,1,Completed,51.0,33.0,100.0,14.0,11,0.636,0
PROP-D6B9634E045C,,0,Unregistered,,,,,0,1.0,0
PROP-4764A08E1DBE,,0,Unregistered,,,,,0,1.0,0
PROP-5FBE4C659191,,0,Unregistered,,,,,0,1.0,0
PROP-1D7EC68A8A59,,0,Unregistered,,,,,0,1.0,0
PROP-3A74B50B46BC,,0,Unregistered,,,,,0,1.0,0
PROP-F38D2CBB252D,RERA-WBR-38820090,1,Ongoing,46.0,53.0,86.8,199.0,11,0.545,0
PROP-618DC1EB52A4,,0,Unregistered,,,,,0,1.0,0
PROP-E97CC8C50BCE,,0,Unregistered,,,,,0,1.0,0
PROP-EF09CA4355A3,,0,Unregistered,,,,,0,1.0,0
PROP-71CC7CE2690F,,0,Unregistered,,,,,0,1.0,0
PROP-8D360869E6C3,,0,Unregistered,,,,,0,1.0,0
PROP-446B718653AA,,0,Unregistered,,,,,0,1.0,0
PROP-66846DF385D2,,0,Unregistered,,,,,0,1.0,0
PROP-28B28BB8998F,,0,Unregistered,,,,,0,1.0,0
PROP-EEC03A85BA75,,0,Unregistered,,,,,0,1.0,0
PROP-34C4D64DF385,,0,Unregistered,,,,,0,1.0,0
PROP-3CD331F3F276,,0,Unregistered,,,,,0,1.0,0
PROP-0EA32E92F64D,,0,Unregistered,,,,,0,1.0,0
PROP-1EB5FE7A6117,,0,Unregistered,,,,,0,1.0,0
PROP-D058B8353129,,0,Unregistered,,,,,0,1.0,0
PROP-603DAD64B6B3,RERA-WBR-64730303,1,Ongoing,13.0,49.0,26.5,122.0,15,0.533,0
PROP-F2E79903ADD6,,0,Unregistered,,,,,0,1.0,0
PROP-80741C9FB4E0,RERA-WBR-51885845,1,Ongoing,23.0,26.0,88.5,78.0,10,0.6,0
PROP-875F8AD8216F,,0,Unregistered,,,,,0,1.0,0
PROP-E14B981ADE67,RERA-WBR-09906177,1,Ongoing,11.0,56.0,19.6,210.0,6,0.5,0
PROP-4955AE8E77E1,,0,Unregistered,,,,,0,1.0,0
PROP-5AAF9AA62D01,,0,Unregistered,,,,,0,1.0,0
PROP-35DF6D440BE9,,0,Unregistered,,,,,0,1.0,0
PROP-A18F2ABADD39,RERA-WBR-48689228,1,Ongoing,26.0,30.0,86.7,19.0,10,0.7,1
PROP-993A8827A3EE,,0,Unregistered,,,,,0,1.0,0
PROP-109263109BED,RERA-WBR-80258130,1,Ongoing,8.0,50.0,16.0,78.0,9,0.444,0
PROP-EF39E08A9BB0,,0,Unregistered,,,,,0,1.0,0
PROP-2CEA46066DA3,,0,Unregistered,,,,,0,1.0,0
PROP-A27B476CBAD5,,0,Unregistered,,,,,0,1.0,0
PROP-4E8D70D84643,,0,Unregistered,,,,,0,1.0,0
PROP-BC4FED086AB6,,0,Unregistered,,,,,0,1.0,0
PROP-0B39006D8ABE,RERA-WBR-86254322,1,Ongoing,40.0,49.0,81.6,117.0,23,0.609,1
PROP-5E00BAEE3698,,0,Unregistered,,,,,0,1.0,0
PROP-A88BC527D33A,,0,Unregistered,,,,,0,1.0,0
PROP-23C717C8A4E6,,0,Unregistered,,,,,0,1.0,0
PROP-4811FF29FE2D,,0,Unregistered,,,,,0,1.0,0
PROP-40C2ED8D4858,RERA-WBR-80389949,1,Ongoing,19.0,38.0,50.0,82.0,22,0.545,0
PROP-EB1D5FC16EB4,,0,Unregistered,,,,,0,1.0,0
PROP-8F67DD805AD3,,0,Unregistered,,,,,0,1.0,0
PROP-F6374C8B0A70,RERA-WBR-06408462,1,Ongoing,20.0,28.0,71.4,64.0,11,0.727,0
PROP-441E1534B0B5,,0,Unregistered,,,,,0,1.0,0
PROP-134FD67B2953,RERA-WBR-49630281,1,Ongoing,7.0,42.0,16.7,41.0,9,0.556,1
PROP-9BF02151019A,,0,Unregistered,,,,,0,1.0,0
PROP-50AE5262C875,,0,Unregistered,,,,,0,1.0,0
PROP-847E6F96F715,,0,Unregistered,,,,,0,1.0,0
PROP-1BCEA45AC9A8,,0,Unregistered,,,,,0,1.0,0
PROP-7F84B15A40CE,,0,Unregistered,,,,,0,1.0,0
PROP-D25DF13BE0D6,,0,Unregistered,,,,,0,1.0,0
PROP-B84F23FE3DDE,,0,Unregistered,,,,,0,1.0,0
PROP-2D37566EC6CA,RERA-WBR-67275416,1,Ongoing,18.0,53.0,34.0,54.0,6,0.333,0
PROP-BB76A5EDD8CA,,0,Unregistered,,,,,0,1.0,0
PROP-F0CBEC709D9A,,0,Unregistered,,,,,0,1.0,0
PROP-35BD069CCB35,,0,Unregistered,,,,,0,1.0,0
PROP-9AABDC748366,,0,Unregistered,,,,,0,1.0,0
PROP-AFB43365D147,,0,Unregistered,,,,,0,1.0,0
PROP-8EA1805DD68B,,0,Unregistered,,,,,0,1.0,0
PROP-6FE54B81B5AF,,0,Unregistered,,,,,0,1.0,0
PROP-A5F49A56E79B,,0,Unregistered,,,,,0,1.0,0
PROP-AD47B9451A04,,0,Unregistered,,,,,0,1.0,0
PROP-A25837FE2A48,,0,Unregistered,,,,,0,1.0,0
PROP-4904CEB67BDD,,0,Unregistered,,,,,0,1.0,0
PROP-8A296C85B7B4,,0,Unregistered,,,,,0,1.0,0
PROP-C594FD695CB3,RERA-WBR-45964561,1,Ongoing,35.0,49.0,71.4,153.0,8,0.875,1
PROP-68B318F31785,,0,Unregistered,,,,,0,1.0,0
PROP-B30ADDBF92DC,,0,Unregistered,,,,,0,1.0,0
PROP-CCC1FC060BA0,,0,Unregistered,,,,,0,1.0,0
PROP-8C4BABEF613E,RERA-WBR-81245789,1,Completed,35.0,33.0,100.0,25.0,11,0.636,0
PROP-FF8CE513D4ED,,0,Unregistered,,,,,0,1.0,0
PROP-5230C44FAD99,,0,Unregistered,,,,,0,1.0,0
PROP-E633244CA11D,,0,Unregistered,,,,,0,1.0,0
PROP-98B4E298F8E4,,0,Unregistered,,,,,0,1.0,0
PROP-FA0C5D4DDCD4,,0,Unregistered,,,,,0,1.0,0
PROP-24D2DC2A8857,,0,Unregistered,,,,,0,1.0,0
PROP-D1F3BE6617A7,RERA-WBR-13602648,1,Ongoing,14.0,26.0,53.8,26.0,7,0.286,0
PROP-0DC4C6AF622B,,0,Unregistered,,,,,0,1.0,0
PROP-9BBD27CEFE61,,0,Unregistered,,,,,0,1.0,0
PROP-4B75315D6B3E,,0,Unregistered,,,,,0,1.0,0
PROP-2336884FBA10,,0,Unregistered,,,,,0,1.0,0
PROP-49BF80BC1131,,0,Unregistered,,,,,0,1.0,0
PROP-D10678876C50,,0,Unregistered,,,,,0,1.0,0
PROP-75C72ACB1848,,0,Unregistered,,,,,0,1.0,0
PROP-479883273D6D,,0,Unregistered,,,,,0,1.0,0
PROP-3F8497F68D6C,RERA-WBR-04288624,1,Ongoing,38.0,42.0,90.5,179.0,9,0.556,0
PROP-D31E38855EE0,RERA-WBR-92879521,1,Ongoing,35.0,37.0,94.6,52.0,10,0.1,0
PROP-FB4B2818558B,,0,Unregistered,,,,,0,1.0,0
PROP-D794FE0B72E7,RERA-WBR-39490832,1,Completed,35.0,32.0,100.0,61.0,8,0.625,0
PROP-E9F1FDFE752D,,0,Unregistered,,,,,0,1.0,0
PROP-B135FA2574F3,RERA-WBR-75165576,1,Ongoing,10.0,31.0,32.3,90.0,7,0.286,0
PROP-C6BCDFF8ACB0,RERA-WBR-38056627,1,Ongoing,21.0,32.0,65.6,32.0,5,0.2,0
PROP-F5F6ECEB68A3,RERA-WBR-39490832,1,Completed,44.0,32.0,100.0,61.0,8,0.625,0
PROP-205B0C3A873A,,0,Unregistered,,,,,0,1.0,0
PROP-28BDB93AB05C,RERA-WBR-53698609,1,Ongoing,41.0,54.0,75.9,160.0,11,0.727,1
PROP-B1B9153B540D,,0,Unregistered,,,,,0,1.0,0
PROP-5F58BCEB803D,,0,Unregistered,,,,,0,1.0,0
PROP-26AB4EF80225,,0,Unregistered,,,,,0,1.0,0
PROP-23B2B2D15A89,,0,Unregistered,,,,,0,1.0,0
PROP-351AC2693E47,,0,Unregistered,,,,,0,1.0,0
PROP-7B8A106A72F9,,0,Unregistered,,,,,0,1.0,0
PROP-112DB67EAB66,,0,Unregistered,,,,,0,1.0,0
PROP-FC3715904A86,,0,Unregistered,,,,,0,1.0,0
PROP-B1B54C57E926,,0,Unregistered,,,,,0,1.0,0
PROP-8E8B33778AD0,,0,Unregistered,,,,,0,1.0,0
PROP-A1B5911D637B,RERA-WBR-10375578,1,Completed,26.0,25.0,100.0,135.0,4,0.75,0
PROP-AA0F0DFCBD68,RERA-WBR-71185613,1,Completed,67.0,35.0,100.0,210.0,6,1.0,2
PROP-A8E700D2DB00,,0,Unregistered,,,,,0,1.0,0
PROP-A932A321E81E,,0,Unregistered,,,,,0,1.0,0
PROP-C661DBDEC1B4,,0,Unregistered,,,,,0,1.0,0
PROP-F0FA532195C3,,0,Unregistered,,,,,0,1.0,0
PROP-A391943544CD,,0,Unregistered,,,,,0,1.0,0
PROP-876C9F81AFB0,,0,Unregistered,,,,,0,1.0,0
PROP-D94297C9E081,,0,Unregistered,,,,,0,1.0,0
PROP-17B025C576DB,,0,Unregistered,,,,,0,1.0,0
PROP-AF6DFD39DE24,,0,Unregistered,,,,,0,1.0,0
PROP-42C2CA4C06DC,,0,Unregistered,,,,,0,1.0,0
PROP-8942E6D331DD,,0,Unregistered,,,,,0,1.0,0
PROP-43A48104BC8C,,0,Unregistered,,,,,0,1.0,0
PROP-AA3E34D38534,,0,Unregistered,,,,,0,1.0,0
PROP-4448AAF1C673,,0,Unregistered,,,,,0,1.0,0
PROP-F30C894B0934,,0,Unregistered,,,,,0,1.0,0
PROP-DBE9C5041997,,0,Unregistered,,,,,0,1.0,0
PROP-D6E7C3EDDCB0,,0,Unregistered,,,,,0,1.0,0
PROP-BFB6F71B0C7C,,0,Unregistered,,,,,0,1.0,0
PROP-9D11BD57D32D,,0,Unregistered,,,,,0,1.0,0
PROP-8D6C84EEC373,,0,Unregistered,,,,,0,1.0,0
PROP-7F29EF3265F1,,0,Unregistered,,,,,0,1.0,0
PROP-DCAF01927C72,,0,Unregistered,,,,,0,1.0,0
PROP-39F78DFC7E46,,0,Unregistered,,,,,0,1.0,0
PROP-A86E68497042,,0,Unregistered,,,,,0,1.0,0
PROP-E8062D233DCC,,0,Unregistered,,,,,0,1.0,0
PROP-F675330A6DAA,,0,Unregistered,,,,,0,1.0,0
PROP-0A19937F8406,,0,Unregistered,,,,,0,1.0,0
PROP-0472AA5A0EDA,,0,Unregistered,,,,,0,1.0,0
PROP-F8611C276663,,0,Unregistered,,,,,0,1.0,0
PROP-56BC781E9685,,0,Unregistered,,,,,0,1.0,0
PROP-FB1B4186740F,,0,Unregistered,,,,,0,1.0,0
PROP-9822EEF82ABC,,0,Unregistered,,,,,0,1.0,0
PROP-4A832DAD4E6A,,0,Unregistered,,,,,0,1.0,0
PROP-0F528F0338D6,,0,Unregistered,,,,,0,1.0,0
PROP-593883E7F25E,,0,Unregistered,,,,,0,1.0,0
PROP-AC8864CDEA5B,RERA-WBR-87569284,1,Completed,36.0,31.0,100.0,133.0,11,0.909,1
PROP-DBB48D5422C1,,0,Unregistered,,,,,0,1.0,0
PROP-26E49056EB39,,0,Unregistered,,,,,0,1.0,0
PROP-838DFF53AA5B,,0,Unregistered,,,,,0,1.0,0
PROP-138E0EC862FD,,0,Unregistered,,,,,0,1.0,0
PROP-E84BEEA47BC3,RERA-WBR-75172709,1,Ongoing,23.0,33.0,69.7,84.0,23,0.478,0
PROP-148BB89A7939,,0,Unregistered,,,,,0,1.0,0
PROP-9F47CE0786E7,RERA-WBR-47490719,1,Ongoing,41.0,58.0,70.7,268.0,8,0.625,0
PROP-106BC321EBEB,RERA-WBR-91501397,1,Completed,74.0,36.0,100.0,43.0,9,0.778,1
PROP-EE9919856925,,0,Unregistered,,,,,0,1.0,0
PROP-A92615D46C2C,,0,Unregistered,,,,,0,1.0,0
PROP-325E1F69B5E9,,0,Unregistered,,,,,0,1.0,0
PROP-F628F5153BD4,,0,Unregistered,,,,,0,1.0,0
PROP-16021330F472,,0,Unregistered,,,,,0,1.0,0
PROP-743E59D7357A,,0,Unregistered,,,,,0,1.0,0
PROP-9A88E671894F,,0,Unregistered,,,,,0,1.0,0
PROP-3EDB03C9B0F2,,0,Unregistered,,,,,0,1.0,0
PROP-8DD0CFB79C30,RERA-WBR-21051980,1,Completed,34.0,28.0,100.0,31.0,21,0.381,0
PROP-BE2CB37A12F0,,0,Unregistered,,,,,0,1.0,0
PROP-E9AA40D73839,,0,Unregistered,,,,,0,1.0,0
PROP-C9949DC0A262,,0,Unregistered,,,,,0,1.0,0
PROP-AA2741A50344,,0,Unregistered,,,,,0,1.0,0
PROP-8F4FCFAC4949,,0,Unregistered,,,,,0,1.0,0
PROP-12B14AD4F4A2,RERA-WBR-81838805,1,Ongoing,27.0,58.0,46.6,39.0,18,0.278,0
PROP-A3B6B64973DC,RERA-WBR-41091704,1,Ongoing,14.0,51.0,27.5,36.0,10,0.6,0
PROP-90A578D67367,,0,Unregistered,,,,,0,1.0,0
PROP-D255D8E5A688,,0,Unregistered,,,,,0,1.0,0
PROP-0138AA87560F,RERA-WBR-14905055,1,Ongoing,29.0,54.0,53.7,57.0,6,0.5,0
PROP-96E056482E02,RERA-WBR-51885845,1,Completed,53.0,26.0,100.0,78.0,10,0.9,2
PROP-E26BF1864AC2,,0,Unregistered,,,,,0,1.0,0
PROP-0DC18E07C3FE,RERA-WBR-14905055,1,Completed,62.0,54.0,100.0,57.0,6,1.0,0
PROP-7B3BA08D3550,,0,Unregistered,,,,,0,1.0,0
PROP-A78DD05D28AC,,0,Unregistered,,,,,0,1.0,0
PROP-DC6FE8B2ECFF,,0,Unregistered,,,,,0,1.0,0
PROP-E6557E0A32EC,,0,Unregistered,,,,,0,1.0,0
PROP-41B7DD7707F0,,0,Unregistered,,,,,0,1.0,0
PROP-9A31F2DB7B59,,0,Unregistered,,,,,0,1.0,0
PROP-95F5F8A5DECD,,0,Unregistered,,,,,0,1.0,0
PROP-845AFB3474FA,RERA-WBR-71940765,1,Ongoing,27.0,58.0,46.6,33.0,11,0.727,0
PROP-01D3B9D9377F,RERA-WBR-91574767,1,Ongoing,13.0,51.0,25.5,39.0,22,0.545,0
PROP-8E85F82DF4B7,,0,Unregistered,,,,,0,1.0,0
PROP-095D9D56D407,,0,Unregistered,,,,,0,1.0,0
PROP-1CBBDB11BA3D,RERA-WBR-39490832,1,Ongoing,14.0,32.0,43.8,61.0,6,0.333,0
PROP-3EF5D59E22EA,,0,Unregistered,,,,,0,1.0,0
PROP-333C23E77FA3,RERA-WBR-19223836,1,Ongoing,38.0,56.0,67.9,49.0,17,0.588,1
PROP-96279773FAC3,,0,Unregistered,,,,,0,1.0,0
PROP-E9080267F231,,0,Unregistered,,,,,0,1.0,0
PROP-854A420F597A,RERA-WBR-57538449,1,Ongoing,27.0,40.0,67.5,54.0,23,0.478,0
PROP-D31E055D3ECC,,0,Unregistered,,,,,0,1.0,0
PROP-6EC4675C1FDE,,0,Unregistered,,,,,0,1.0,0
PROP-8AF3B2A9DC19,,0,Unregistered,,,,,0,1.0,0
PROP-407C8860EB19,,0,Unregistered,,,,,0,1.0,0
PROP-47BA97FD77AF,RERA-WBR-20836081,1,Completed,65.0,28.0,100.0,78.0,26,0.769,0
PROP-C63273F13D88,,0,Unregistered,,,,,0,1.0,0
PROP-A443175B5D49,RERA-WBR-64140198,1,Ongoing,28.0,37.0,75.7,204.0,13,0.923,2
PROP-9C3701503380,RERA-WBR-74466517,1,Ongoing,35.0,47.0,74.5,24.0,13,0.846,0
PROP-4010988E783E,,0,Unregistered,,,,,0,1.0,0
PROP-D65173D92F61,,0,Unregistered,,,,,0,1.0,0
PROP-807D8A2831AE,,0,Unregistered,,,,,0,1.0,0
PROP-AF4A80740D13,RERA-WBR-42755243,1,Ongoing,25.0,38.0,65.8,159.0,15,0.667,1
PROP-FA8C0436DBDA,RERA-WBR-35397012,1,Ongoing,18.0,47.0,38.3,114.0,10,0.6,0
PROP-6164FAE622DF,,0,Unregistered,,,,,0,1.0,0
PROP-ABB06370F93A,RERA-WBR-56397996,1,Ongoing,34.0,48.0,70.8,147.0,8,0.625,0
PROP-97157472ADBE,,0,Unregistered,,,,,0,1.0,0
PROP-F790731992E8,,0,Unregistered,,,,,0,1.0,0
PROP-38DFBBC56413,,0,Unregistered,,,,,0,1.0,0
PROP-5FE3596633C7,,0,Unregistered,,,,,0,1.0,0
PROP-E5CB7201C47D,RERA-WBR-87363526,1,Completed,32.0,27.0,100.0,258.0,14,0.357,0
PROP-D88DA75AD149,,0,Unregistered,,,,,0,1.0,0
PROP-8E71E99F0AF5,RERA-WBR-34102844,1,Ongoing,25.0,32.0,78.1,57.0,9,0.556,0
PROP-2C0439C32019,,0,Unregistered,,,,,0,1.0,0
PROP-C09ABFE6575A,,0,Unregistered,,,,,0,1.0,0
PROP-7CF1253EFBEE,,0,Unregistered,,,,,0,1.0,0
PROP-9F23D9BB8722,RERA-WBR-45263590,1,Ongoing,16.0,42.0,38.1,51.0,7,0.429,0
PROP-F73942A97515,,0,Unregistered,,,,,0,1.0,0
PROP-47668C4234C3,,0,Unregistered,,,,,0,1.0,0
PROP-FD2EB90C2818,RERA-WBR-02517870,1,Completed,70.0,45.0,100.0,178.0,12,0.583,0
PROP-E8E86B079FDA,RERA-WBR-14905055,1,Completed,74.0,54.0,100.0,57.0,6,1.0,0
PROP-9E2FB4D154F2,RERA-WBR-64979413,1,Ongoing,27.0,46.0,58.7,76.0,3,0.667,0
PROP-0BCA0499A5B3,RERA-WBR-39490832,1,Completed,50.0,32.0,100.0,61.0,8,0.625,0
PROP-DD6275E21730,,0,Unregistered,,,,,0,1.0,0
PROP-7F188849F1C9,,0,Unregistered,,,,,0,1.0,0
PROP-3DC428064925,,0,Unregistered,,,,,0,1.0,0
PROP-6AE5936E06B0,,0,Unregistered,,,,,0,1.0,0
PROP-1EFDFD8C61EA,RERA-WBR-67275416,1,Ongoing,27.0,53.0,50.9,54.0,6,0.5,0
PROP-03978FEEE744,RERA-WBR-72271756,1,Ongoing,18.0,51.0,35.3,129.0,4,0.75,0
PROP-43E198BD7F07,,0,Unregistered,,,,,0,1.0,0
PROP-3D778C336018,,0,Unregistered,,,,,0,1.0,0
PROP-60C7B219568E,RERA-WBR-14033325,1,Ongoing,31.0,35.0,88.6,85.0,11,0.636,0
PROP-529374667B36,RERA-WBR-43962096,1,Ongoing,6.0,43.0,14.0,70.0,14,0.286,0
PROP-80012361ED25,,0,Unregistered,,,,,0,1.0,0
PROP-3D4EC677E291,,0,Unregistered,,,,,0,1.0,0
PROP-F9C3173DDAB8,,0,Unregistered,,,,,0,1.0,0
PROP-B9DC0BF4D417,RERA-WBR-89844193,1,Completed,47.0,25.0,100.0,114.0,13,0.923,2
PROP-FFA9DD62FF15,,0,Unregistered,,,,,0,1.0,0
PROP-22FCFA4F06D9,,0,Unregistered,,,,,0,1.0,0
PROP-7E1B4E230F7B,,0,Unregistered,,,,,0,1.0,0
PROP-F7996C67C809,,0,Unregistered,,,,,0,1.0,0
PROP-71F79046C30F,,0,Unregistered,,,,,0,1.0,0
PROP-C8F0B0020069,,0,Unregistered,,,,,0,1.0,0
PROP-3B74DC8CBB6B,RERA-WBR-77158079,1,Ongoing,21.0,44.0,47.7,98.0,7,0.143,0
PROP-3EEDDC56699C,RERA-WBR-42413679,1,Completed,50.0,48.0,100.0,36.0,6,0.667,0
PROP-C3ED228683E2,,0,Unregistered,,,,,0,1.0,0
PROP-C9D7AFD5A42F,,0,Unregistered,,,,,0,1.0,0
PROP-0892667AE84C,,0,Unregistered,,,,,0,1.0,0
PROP-BA443155CFB6,,0,Unregistered,,,,,0,1.0,0
PROP-1E57CD943833,,0,Unregistered,,,,,0,1.0,0
PROP-F75EDB53DE61,,0,Unregistered,,,,,0,1.0,0
PROP-B5C5275AB9C6,,0,Unregistered,,,,,0,1.0,0
PROP-5069640185B1,,0,Unregistered,,,,,0,1.0,0
PROP-98D3F5130E55,RERA-WBR-47046106,1,Ongoing,28.0,49.0,57.1,170.0,14,0.357,0
PROP-CD9E44BF51F3,RERA-WBR-36399161,1,Ongoing,15.0,49.0,30.6,146.0,16,0.438,0
PROP-C43582DA5CDF,RERA-WBR-50096944,1,Ongoing,26.0,27.0,96.3,39.0,14,0.786,1
PROP-06955C15C29C,RERA-WBR-53698609,1,Ongoing,23.0,54.0,42.6,160.0,11,0.636,0
PROP-9EBE35AB0CEE,,0,Unregistered,,,,,0,1.0,0
PROP-0E28E91CEB26,,0,Unregistered,,,,,0,1.0,0
PROP-FE305EAADF69,RERA-WBR-51187443,1,Ongoing,17.0,35.0,48.6,133.0,21,0.381,0
PROP-50CAE0F1FDF0,,0,Unregistered,,,,,0,1.0,0
PROP-5F83B933CE5E,,0,Unregistered,,,,,0,1.0,0
PROP-3D2539F1780C,RERA-WBR-30140250,1,Completed,32.0,27.0,100.0,22.0,6,0.5,0
PROP-375C52BC021C,RERA-WBR-38197535,1,Ongoing,25.0,48.0,52.1,139.0,5,0.6,0
PROP-5906B8C624C1,,0,Unregistered,,,,,0,1.0,0
PROP-1757F11BCD10,RERA-WBR-40078769,1,Ongoing,11.0,59.0,18.6,127.0,7,0.571,0
PROP-94DDE8111A37,,0,Unregistered,,,,,0,1.0,0
PROP-ED4D95B048F0,,0,Unregistered,,,,,0,1.0,0
PROP-DB9DA102F34C,RERA-WBR-37797081,1,Ongoing,39.0,55.0,70.9,98.0,7,0.857,0
PROP-9D0CF91D0629,RERA-WBR-72487679,1,Ongoing,37.0,46.0,80.4,216.0,8,0.75,0
PROP-02A35F3BF71F,,0,Unregistered,,,,,0,1.0,0
PROP-B355C98429A1,,0,Unregistered,,,,,0,1.0,0
PROP-E9DB0881822D,,0,Unregistered,,,,,0,1.0,0
PROP-736D56D14674,RERA-WBR-39775890,1,Ongoing,16.0,56.0,28.6,143.0,4,0.25,0
PROP-84DA88BBEE31,,0,Unregistered,,,,,0,1.0,0
PROP-905D6D2D2CDF,RERA-MHA-54374731,1,Ongoing,13.0,59.0,22.0,186.0,5,0.2,0
PROP-7331EC441CD7,RERA-MHA-48269643,1,Completed,37.0,29.0,100.0,193.0,10,0.3,0
PROP-0DDF7E695194,RERA-MHA-67575881,1,Ongoing,35.0,51.0,68.6,223.0,13,0.769,0
PROP-4EEF50E87B50,RERA-MHA-63192997,1,Ongoing,19.0,56.0,33.9,99.0,23,0.522,0
PROP-C279F0441449,,0,Unregistered,,,,,0,1.0,0
PROP-37132C8EC6B5,RERA-MHA-51114201,1,Ongoing,15.0,38.0,39.5,123.0,15,0.4,0
PROP-4A9CF07A6040,RERA-MHA-44502049,1,Ongoing,39.0,44.0,88.6,38.0,11,0.818,2
PROP-D9ABC57BD4ED,,0,Unregistered,,,,,0,1.0,0
PROP-FD22ACE9A225,RERA-MHA-51989691,1,Ongoing,9.0,25.0,36.0,79.0,10,0.4,0
PROP-F69B6B7555D5,RERA-MHA-44181597,1,Ongoing,19.0,25.0,76.0,24.0,5,0.8,0
PROP-CB8D60E2332F,,0,Unregistered,,,,,0,1.0,0
PROP-9393906B5934,RERA-MHA-65687062,1,Ongoing,32.0,57.0,56.1,73.0,6,0.5,0
PROP-1E491B7063A2,,0,Unregistered,,,,,0,1.0,0
PROP-38DC8496A098,RERA-MHA-16202661,1,Ongoing,11.0,24.0,45.8,25.0,8,0.75,2
PROP-C55578CA2FCB,,0,Unregistered,,,,,0,1.0,0
PROP-78842D2E8B1D,,0,Unregistered,,,,,0,1.0,0
PROP-EDD8ACC61F96,RERA-MHA-64600216,1,Ongoing,38.0,53.0,71.7,105.0,12,0.75,2
PROP-1810B603FE98,,0,Unregistered,,,,,0,1.0,0
PROP-416DE648ECB0,,0,Unregistered,,,,,0,1.0,0
PROP-79C82CF2D92C,RERA-MHA-14203069,1,Ongoing,15.0,24.0,62.5,32.0,6,0.333,0
PROP-ED0F0C749FE5,RERA-MHA-01595840,1,Ongoing,18.0,44.0,40.9,82.0,16,0.875,1
PROP-2EB410824DA6,,0,Unregistered,,,,,0,1.0,0
PROP-1B93814AC333,RERA-MHA-22950028,1,Ongoing,26.0,57.0,45.6,54.0,15,0.6,0
PROP-6BFB4074FB8D,,0,Unregistered,,,,,0,1.0,0
PROP-BC775DC72D96,RERA-MHA-17342017,1,Completed,59.0,41.0,100.0,76.0,17,0.765,1
PROP-EF8621FDC4F1,RERA-MHA-18618595,1,Ongoing,13.0,56.0,23.2,52.0,17,0.647,0
PROP-94FB9881E333,,0,Unregistered,,,,,0,1.0,0
PROP-BCF66CCC482E,,0,Unregistered,,,,,0,1.0,0
PROP-A63407650B34,,0,Unregistered,,,,,0,1.0,0
PROP-60521D71F2A7,,0,Unregistered,,,,,0,1.0,0
PROP-F084F1A91EE5,,0,Unregistered,,,,,0,1.0,0
PROP-F69A8AF58CCE,,0,Unregistered,,,,,0,1.0,0
PROP-8C381DB35A4A,,0,Unregistered,,,,,0,1.0,0
PROP-50742D86B4C6,RERA-MHA-07958111,1,Ongoing,25.0,42.0,59.5,191.0,7,0.429,0
PROP-47AF4F9458EE,RERA-MHA-17342017,1,Completed,53.0,41.0,100.0,76.0,17,0.765,1
PROP-86F9FA383481,RERA-MHA-45340957,1,Ongoing,19.0,34.0,55.9,12.0,10,0.5,0
PROP-45A805E96752,,0,Unregistered,,,,,0,1.0,0
PROP-FA32005E1037,RERA-MHA-32541130,1,Ongoing,32.0,57.0,56.1,186.0,10,0.5,0
PROP-52E52F035B97,RERA-MHA-16229568,1,Ongoing,34.0,56.0,60.7,47.0,6,0.333,0
PROP-7464C68FEDCA,,0,Unregistered,,,,,0,1.0,0
PROP-01BF57DC37CC,RERA-MHA-60223861,1,Ongoing,15.0,27.0,55.6,249.0,15,0.333,0
PROP-C096DDFA0B4B,RERA-MHA-27723750,1,Ongoing,45.0,49.0,91.8,133.0,8,0.625,0
PROP-F9CCEFF4E4A1,RERA-MHA-53338916,1,Ongoing,30.0,43.0,69.8,41.0,20,0.45,0
PROP-906C4D9BF500,RERA-MHA-99498223,1,Ongoing,41.0,57.0,71.9,36.0,9,0.778,2
PROP-DE93B035A606,RERA-MHA-93985114,1,Ongoing,8.0,29.0,27.6,30.0,12,0.75,2
PROP-3B935FB140F7,RERA-MHA-31354615,1,Ongoing,29.0,47.0,61.7,178.0,13,0.385,0
PROP-2B9F2F03B344,,0,Unregistered,,,,,0,1.0,0
PROP-46393C703E6B,RERA-MHA-13918115,1,Ongoing,17.0,41.0,41.5,109.0,10,0.5,0
PROP-6901F1400A4F,RERA-MHA-11619866,1,Ongoing,36.0,51.0,70.6,94.0,12,0.75,0
PROP-6FA8E0FF3F74,,0,Unregistered,,,,,0,1.0,0
PROP-291F2BD7BFDA,RERA-MHA-73666967,1,Ongoing,13.0,50.0,26.0,46.0,7,0.286,0
PROP-F9DEED3CDEBA,,0,Unregistered,,,,,0,1.0,0
PROP-BC05B08055EF,,0,Unregistered,,,,,0,1.0,0
PROP-28E4BEFDF5E3,,0,Unregistered,,,,,0,1.0,0
PROP-8C1CA6438655,,0,Unregistered,,,,,0,1.0,0
PROP-60A423C25668,,0,Unregistered,,,,,0,1.0,0
PROP-36781586427B,RERA-MHA-25298565,1,Ongoing,31.0,39.0,79.5,256.0,9,0.778,0
PROP-79C5F46E0121,,0,Unregistered,,,,,0,1.0,0
PROP-EAB169842763,,0,Unregistered,,,,,0,1.0,0
PROP-F2FF25D374B1,RERA-MHA-51943460,1,Ongoing,10.0,46.0,21.7,40.0,12,0.583,0
PROP-39695C604ABC,,0,Unregistered,,,,,0,1.0,0
PROP-FB6156207A5B,RERA-MHA-41241932,1,Ongoing,30.0,60.0,50.0,47.0,38,0.553,1
PROP-A6DEE08F539C,RERA-MHA-10556283,1,Ongoing,17.0,36.0,47.2,31.0,10,0.8,1
PROP-A5A61FF5D36B,,0,Unregistered,,,,,0,1.0,0
PROP-96246147059C,,0,Unregistered,,,,,0,1.0,0
PROP-407185FFD75D,RERA-MHA-47063422,1,Completed,36.0,29.0,100.0,137.0,13,0.846,0
PROP-9E290867001F,RERA-MHA-19699771,1,Ongoing,37.0,60.0,61.7,122.0,15,0.4,0
PROP-797D98722493,,0,Unregistered,,,,,0,1.0,0
PROP-297F55A484FF,RERA-MHA-58863662,1,Ongoing,16.0,28.0,57.1,66.0,70,0.471,4
PROP-07121D137D70,,0,Unregistered,,,,,0,1.0,0
PROP-642BB9757EF2,RERA-MHA-27264927,1,Ongoing,29.0,36.0,80.6,23.0,9,0.778,0
PROP-A2402D94B622,RERA-MHA-81605022,1,Ongoing,40.0,60.0,66.7,69.0,6,0.5,0
PROP-70607435AC51,RERA-MHA-93294218,1,Ongoing,12.0,49.0,24.5,53.0,13,0.154,0
PROP-AD32951ED85B,RERA-MHA-81033923,1,Ongoing,13.0,33.0,39.4,93.0,7,0.429,0
PROP-64B734341CB3,,0,Unregistered,,,,,0,1.0,0
PROP-C31FE07DE410,RERA-MHA-75443126,1,Ongoing,24.0,34.0,70.6,35.0,8,0.125,0
PROP-388F1785A2FB,,0,Unregistered,,,,,0,1.0,0
PROP-37DBD8F43E24,RERA-MHA-11225700,1,Ongoing,18.0,31.0,58.1,195.0,13,0.615,0
PROP-E12060B5FCF0,,0,Unregistered,,,,,0,1.0,0
PROP-83F435AD3FA0,RERA-MHA-72282191,1,Ongoing,37.0,51.0,72.5,212.0,15,0.6,2
PROP-0F626108ABFA,,0,Unregistered,,,,,0,1.0,0
PROP-8C62DC6C70F3,,0,Unregistered,,,,,0,1.0,0
PROP-EA860C2B4F3A,RERA-MHA-09142547,1,Completed,29.0,29.0,100.0,84.0,20,0.45,0
PROP-B82A3CD53324,,0,Unregistered,,,,,0,1.0,0
PROP-273FCE269CBC,RERA-MHA-63192997,1,Ongoing,34.0,56.0,60.7,99.0,23,0.565,0
PROP-E029C24AC9D6,,0,Unregistered,,,,,0,1.0,0
PROP-4442232F537D,RERA-MHA-06391049,1,Ongoing,19.0,32.0,59.4,196.0,10,0.5,0
PROP-CBDD9BFBC924,RERA-MHA-51611306,1,Ongoing,12.0,42.0,28.6,29.0,15,0.667,4
PROP-8774CB8D5957,RERA-MHA-07709336,1,Ongoing,6.0,47.0,12.8,103.0,8,0.5,0
PROP-1C0872352F2C,RERA-MHA-71817994,1,Ongoing,45.0,55.0,81.8,145.0,11,0.818,3
PROP-8D87E92AF3E5,RERA-MHA-70420203,1,Ongoing,17.0,32.0,53.1,31.0,7,0.429,0
PROP-5511F23BB930,,0,Unregistered,,,,,0,1.0,0
PROP-C478F2F33020,,0,Unregistered,,,,,0,1.0,0
PROP-67F9C3A6F426,,0,Unregistered,,,,,0,1.0,0
PROP-D365A7B2C57D,RERA-MHA-29082817,1,Completed,75.0,46.0,100.0,125.0,9,1.0,1
PROP-4FA0B724AB7E,,0,Unregistered,,,,,0,1.0,0
PROP-264FD2328F44,RERA-MHA-12015507,1,Ongoing,9.0,31.0,29.0,161.0,14,0.357,0
PROP-51DFA6EBBD7E,RERA-MHA-05455281,1,Ongoing,35.0,49.0,71.4,60.0,8,0.375,0
PROP-645AF32E8632,,0,Unregistered,,,,,0,1.0,0
PROP-D28FA2BECF8B,RERA-MHA-51831838,1,Ongoing,8.0,28.0,28.6,49.0,7,0.857,0
PROP-E2D30AE9A7C4,RERA-MHA-19757611,1,Ongoing,33.0,47.0,70.2,32.0,15,0.333,0
PROP-198A4414CF17,RERA-MHA-83579393,1,Ongoing,27.0,45.0,60.0,100.0,4,0.75,1
PROP-E51783745F25,RERA-MHA-69861621,1,Completed,56.0,34.0,100.0,63.0,26,0.462,0
PROP-67F0E3A92727,,0,Unregistered,,,,,0,1.0,0
PROP-665D802F0169,RERA-MHA-82261036,1,Ongoing,14.0,35.0,40.0,17.0,23,0.652,2
PROP-823079CAD719,,0,Unregistered,,,,,0,1.0,0
PROP-8E3FB41B1969,RERA-MHA-89959664,1,Ongoing,38.0,42.0,90.5,16.0,5,0.4,0
PROP-5CFE9A04B1E4,RERA-MHA-96731341,1,Ongoing,27.0,45.0,60.0,97.0,6,0.167,0
PROP-3FF46C38BF99,,0,Unregistered,,,,,0,1.0,0
PROP-710A7AD53365,,0,Unregistered,,,,,0,1.0,0
PROP-2B35F16461E5,,0,Unregistered,,,,,0,1.0,0
PROP-AD421BD5654A,,0,Unregistered,,,,,0,1.0,0
PROP-2499B6B962B9,,0,Unregistered,,,,,0,1.0,0
PROP-E9C292CAC076,,0,Unregistered,,,,,0,1.0,0
PROP-6411562B27BE,,0,Unregistered,,,,,0,1.0,0
PROP-56E0E054E485,RERA-MHA-17318115,1,Ongoing,33.0,55.0,60.0,103.0,13,0.462,0
PROP-047393173888,,0,Unregistered,,,,,0,1.0,0
PROP-DFC217AC51EA,,0,Unregistered,,,,,0,1.0,0
PROP-D8CBCE1A045D,,0,Unregistered,,,,,0,1.0,0
PROP-B35DFC75A5FE,RERA-MHA-89388244,1,Ongoing,10.0,38.0,26.3,24.0,9,0.333,0
PROP-6F87C6949E2F,RERA-MHA-87311082,1,Ongoing,28.0,35.0,80.0,166.0,23,0.13,0
PROP-3E61B0569702,RERA-MHA-06189065,1,Ongoing,31.0,38.0,81.6,46.0,20,0.55,0
PROP-5BF7390BA415,RERA-MHA-91405365,1,Completed,39.0,35.0,100.0,145.0,16,0.812,1
PROP-DB8D30BDF1A5,RERA-MHA-45126388,1,Ongoing,14.0,38.0,36.8,188.0,8,0.625,0
PROP-937E09E564E6,,0,Unregistered,,,,,0,1.0,0
PROP-57C133EE9A3B,,0,Unregistered,,,,,0,1.0,0
PROP-14ECABC8797D,RERA-MHA-49183279,1,Ongoing,41.0,45.0,91.1,37.0,15,0.467,0
PROP-63ED74E3C718,RERA-MHA-96983457,1,Ongoing,15.0,38.0,39.5,154.0,9,0.778,0
PROP-B969D5972835,RERA-MHA-78412764,1,Ongoing,10.0,36.0,27.8,147.0,25,0.72,3
PROP-DA65E2F7E61E,,0,Unregistered,,,,,0,1.0,0
PROP-7A7FCD008DE6,,0,Unregistered,,,,,0,1.0,0
PROP-50C67EA09DDF,RERA-MHA-47453778,1,Ongoing,40.0,54.0,74.1,117.0,38,0.763,4
PROP-39824A75C93B,,0,Unregistered,,,,,0,1.0,0
PROP-1532965BA1D6,RERA-MHA-89388244,1,Ongoing,13.0,38.0,34.2,24.0,9,0.333,0
PROP-7AE878A48D04,RERA-MHA-17342017,1,Completed,56.0,41.0,100.0,76.0,17,0.765,1
PROP-29F88F6C6B44,RERA-MHA-61630175,1,Ongoing,25.0,50.0,50.0,93.0,11,0.727,1
PROP-A89DEC4D47BB,RERA-MHA-10758584,1,Ongoing,10.0,54.0,18.5,89.0,11,0.636,0
PROP-BD59812CAEA1,RERA-MHA-58885743,1,Completed,37.0,32.0,100.0,174.0,13,0.692,0
PROP-A34E2BB95BEA,RERA-MHA-52118079,1,Ongoing,13.0,54.0,24.1,263.0,33,0.394,0
PROP-9E0138AA52AA,RERA-MHA-94166036,1,Ongoing,38.0,46.0,82.6,8.0,3,0.333,0
PROP-1438DD0FFDE8,RERA-MHA-68323612,1,Ongoing,26.0,60.0,43.3,13.0,11,0.545,0
PROP-11C1A941365D,RERA-MHA-51304051,1,Ongoing,37.0,53.0,69.8,143.0,21,0.524,0
PROP-1267116ECD04,RERA-MHA-98303170,1,Ongoing,24.0,55.0,43.6,199.0,7,0.714,0
PROP-1CC0A8FE515A,RERA-MHA-16071905,1,Completed,39.0,32.0,100.0,167.0,14,0.429,0
PROP-0B5474B60C82,RERA-MHA-69094701,1,Completed,41.0,30.0,100.0,46.0,10,0.6,0
PROP-DC71D530A9A8,RERA-MHA-59513596,1,Ongoing,6.0,27.0,22.2,98.0,13,0.385,0
PROP-5A625B3F343A,RERA-MHA-03035159,1,Ongoing,9.0,30.0,30.0,185.0,15,0.133,0
PROP-E854D280AFD7,RERA-MHA-02892259,1,Ongoing,9.0,32.0,28.1,57.0,4,0.25,0
PROP-83972844F88F,RERA-MHA-29946727,1,Ongoing,25.0,39.0,64.1,23.0,23,0.609,0
PROP-5810F23C024B,RERA-MHA-69094701,1,Completed,35.0,30.0,100.0,46.0,10,0.5,0
PROP-8FA1D2F1669C,RERA-MHA-01488264,1,Ongoing,14.0,48.0,29.2,148.0,16,0.562,0
PROP-BB14256C4AAA,,0,Unregistered,,,,,0,1.0,0
PROP-5049B14ABD88,,0,Unregistered,,,,,0,1.0,0
PROP-72E62ED3630A,RERA-MHA-01042639,1,Ongoing,25.0,32.0,78.1,156.0,8,0.25,0
PROP-253D51BD96B1,RERA-MHA-49374908,1,Ongoing,10.0,32.0,31.2,162.0,9,0.667,0
PROP-D526001C2890,RERA-MHA-22411025,1,Ongoing,23.0,32.0,71.9,100.0,11,0.455,0
PROP-3598322BDB96,RERA-MHA-33457874,1,Ongoing,28.0,51.0,54.9,195.0,13,0.385,0
PROP-3F31D9A6FB6E,RERA-MHA-29082817,1,Ongoing,27.0,46.0,58.7,125.0,8,0.5,0
PROP-2F8BDA241ED9,RERA-MHA-29082817,1,Completed,54.0,46.0,100.0,125.0,9,0.889,0
PROP-683C29FA8F2A,RERA-MHA-48269643,1,Completed,37.0,29.0,100.0,193.0,10,0.3,0
PROP-122BD5E3E7F5,RERA-MHA-65053225,1,Ongoing,7.0,33.0,21.2,38.0,3,0.667,0
PROP-FDEA4D5A4072,RERA-MHA-87743119,1,Ongoing,17.0,30.0,56.7,31.0,7,0.714,0
PROP-A064E07831EE,RERA-MHA-99185230,1,Completed,40.0,35.0,100.0,159.0,35,0.543,0
PROP-56DF1657DCFC,RERA-MHA-41361759,1,Ongoing,25.0,35.0,71.4,136.0,11,0.364,1
PROP-06905B228E82,RERA-MHA-64130889,1,Ongoing,19.0,39.0,48.7,21.0,2,0.5,0
PROP-32977CCFD9E1,RERA-MHA-95661228,1,Ongoing,14.0,44.0,31.8,93.0,11,0.545,0
PROP-828BD8F8C394,RERA-MHA-49717038,1,Ongoing,8.0,52.0,15.4,158.0,23,0.522,0
PROP-EDB14523B641,,0,Unregistered,,,,,0,1.0,0
PROP-CA5D94687CE5,RERA-MHA-49174304,1,Ongoing,30.0,56.0,53.6,106.0,17,0.706,2
PROP-5D0D2776197A,RERA-MHA-29809406,1,Ongoing,16.0,53.0,30.2,169.0,19,0.526,0
PROP-D47A58EA54B9,RERA-MHA-64130889,1,Completed,70.0,39.0,100.0,21.0,7,0.571,2
PROP-AE1BEB81751C,RERA-MHA-49890991,1,Ongoing,25.0,51.0,49.0,133.0,25,0.44,0
PROP-D53FF51A19B7,RERA-MHA-41361759,1,Ongoing,28.0,35.0,80.0,136.0,11,0.364,1
PROP-5A9592DB1F1D,RERA-MHA-29929689,1,Ongoing,23.0,54.0,42.6,224.0,17,0.824,5
PROP-43AF163981C9,RERA-MHA-51304051,1,Completed,61.0,53.0,100.0,143.0,21,0.857,2
PROP-BD9DCED9F2E3,RERA-MHA-58885743,1,Completed,46.0,32.0,100.0,174.0,13,0.846,1
PROP-4ADB2F3FB31D,RERA-MHA-39402905,1,Ongoing,7.0,51.0,13.7,64.0,15,0.533,0
PROP-F9DCDB747D11,RERA-MHA-48269643,1,Completed,82.0,29.0,100.0,193.0,10,1.0,2
PROP-ECE45B3B674E,RERA-MHA-69861621,1,Ongoing,11.0,34.0,32.4,63.0,13,0.385,0
PROP-604BE6291861,RERA-MHA-83069612,1,Ongoing,10.0,51.0,19.6,11.0,12,0.417,0
PROP-B2EB85AF0C22,RERA-MHA-67750106,1,Ongoing,12.0,50.0,24.0,96.0,7,0.714,0
PROP-D61B05DBE3C8,RERA-MHA-45804293,1,Completed,27.0,27.0,100.0,133.0,6,0.667,0
PROP-1A64980AA894,RERA-MHA-40121230,1,Ongoing,28.0,41.0,68.3,223.0,4,0.5,0
PROP-3C00CDAE3560,,0,Unregistered,,,,,0,1.0,0
PROP-1F9A947187E4,RERA-MHA-87743119,1,Ongoing,20.0,30.0,66.7,31.0,7,0.714,0
PROP-7171986C6A37,RERA-MHA-39402905,1,Ongoing,7.0,51.0,13.7,64.0,16,0.625,2
PROP-EF3024EDB6E5,RERA-MHA-99785145,1,Completed,35.0,24.0,100.0,150.0,27,0.333,0
PROP-3D5136DA2799,RERA-MHA-96983457,1,Ongoing,27.0,38.0,71.1,154.0,9,0.778,0
PROP-4703C9CFC424,,0,Unregistered,,,,,0,1.0,0
PROP-CD469FF62FA5,,0,Unregistered,,,,,0,1.0,0
PROP-DC208C38D2A2,RERA-MHA-78662343,1,Ongoing,13.0,24.0,54.2,75.0,10,0.6,0
PROP-FC08BED7CA6B,,0,Unregistered,,,,,0,1.0,0
PROP-4E0D23223BAC,,0,Unregistered,,,,,0,1.0,0
PROP-257E6D153A2E,,0,Unregistered,,,,,0,1.0,0
PROP-70FAABBCD5DD,,0,Unregistered,,,,,0,1.0,0
PROP-B443BD3DA77D,RERA-MHA-88698253,1,Ongoing,31.0,46.0,67.4,55.0,17,0.588,0
PROP-CDC86D229780,RERA-MHA-19498585,1,Completed,69.0,39.0,100.0,88.0,24,0.583,0
PROP-C02EF49D4B6C,,0,Unregistered,,,,,0,1.0,0
PROP-B75810757E0C,RERA-MHA-44128075,1,Completed,29.0,29.0,100.0,105.0,8,0.5,0
PROP-76B2C7803F78,RERA-MHA-46401226,1,Ongoing,28.0,29.0,96.6,99.0,13,0.692,2
PROP-EAD5E77797C9,RERA-MHA-14869365,1,Ongoing,52.0,59.0,88.1,74.0,9,0.556,1
PROP-957E3AE33B34,RERA-MHA-87596410,1,Ongoing,12.0,46.0,26.1,59.0,10,0.6,0
PROP-623FAF40F12A,RERA-MHA-63536279,1,Ongoing,25.0,48.0,52.1,221.0,7,0.857,0
PROP-E0586EB2234A,RERA-MHA-99799188,1,Ongoing,10.0,41.0,24.4,96.0,10,0.4,1
PROP-0E523077EC6B,RERA-MHA-10334145,1,Ongoing,41.0,44.0,93.2,55.0,6,0.5,0
PROP-34DB63DEEBC4,,0,Unregistered,,,,,0,1.0,0
PROP-7F94948843C9,RERA-MHA-15420089,1,Ongoing,35.0,39.0,89.7,123.0,11,0.545,0
PROP-218BB9049506,,0,Unregistered,,,,,0,1.0,0
PROP-A7645A4CF350,RERA-MHA-69564787,1,Ongoing,17.0,56.0,30.4,149.0,14,0.857,2
PROP-9E24B80BAFA7,,0,Unregistered,,,,,0,1.0,0
PROP-07164F7C1583,RERA-MHA-23636639,1,Ongoing,21.0,52.0,40.4,35.0,8,0.625,0
PROP-E5F20847331B,,0,Unregistered,,,,,0,1.0,0
PROP-101DBF905E03,RERA-MHA-77127260,1,Ongoing,10.0,58.0,17.2,20.0,11,0.727,2
PROP-F41C49950190,RERA-MHA-83569127,1,Ongoing,29.0,32.0,90.6,51.0,18,0.333,0
PROP-4F42AA6791A4,RERA-MHA-79919523,1,Ongoing,21.0,60.0,35.0,194.0,7,0.143,0
PROP-3B88EDCC967A,RERA-MHA-25708824,1,Ongoing,22.0,58.0,37.9,30.0,4,0.75,0
PROP-3F2063FC71A1,RERA-MHA-74231647,1,Completed,41.0,25.0,100.0,97.0,16,0.625,0
PROP-2594F0F48643,RERA-MHA-55936395,1,Ongoing,13.0,30.0,43.3,127.0,10,0.7,2
PROP-AF04F0B84455,RERA-MHA-14119580,1,Completed,47.0,25.0,100.0,108.0,18,0.611,2
PROP-025630893E35,RERA-MHA-58594890,1,Ongoing,28.0,43.0,65.1,81.0,13,0.462,0
PROP-86528BEEFC4D,,0,Unregistered,,,,,0,1.0,0
PROP-697A9FAE7AE7,,0,Unregistered,,,,,0,1.0,0
PROP-927E49BCA872,RERA-MHA-06298053,1,Ongoing,23.0,25.0,92.0,70.0,10,0.5,0
PROP-6AF2F6954CAC,RERA-MHA-30964801,1,Ongoing,39.0,58.0,67.2,135.0,12,0.833,1
PROP-FECD40DF8B0C,,0,Unregistered,,,,,0,1.0,0
PROP-54A15FBD6E90,RERA-MHA-20383806,1,Ongoing,8.0,37.0,21.6,55.0,17,0.706,2
PROP-A5211183BA03,RERA-MHA-19880486,1,Ongoing,20.0,38.0,52.6,9.0,9,0.556,1
PROP-E13F0F1D86B8,RERA-MHA-78618456,1,Ongoing,10.0,51.0,19.6,176.0,38,0.526,1
PROP-C340E611695D,,0,Unregistered,,,,,0,1.0,0
PROP-1C8A100CECE4,RERA-MHA-56306102,1,Ongoing,28.0,37.0,75.7,134.0,4,0.5,0
PROP-266267160D85,RERA-MHA-46405551,1,Completed,41.0,24.0,100.0,71.0,9,0.778,0
PROP-7BF31E4BDEAF,,0,Unregistered,,,,,0,1.0,0
PROP-91F01E5814F8,RERA-MHA-72824792,1,Completed,34.0,24.0,100.0,18.0,4,0.75,0
PROP-E82C2D8EEFC3,RERA-MHA-26641660,1,Completed,34.0,34.0,100.0,103.0,10,0.7,0
PROP-C90729F59C56,,0,Unregistered,,,,,0,1.0,0
PROP-8214C9D23465,RERA-MHA-76379923,1,Completed,41.0,25.0,100.0,140.0,14,0.714,0
PROP-F3B56E0C838E,RERA-MHA-39278330,1,Ongoing,28.0,32.0,87.5,107.0,11,0.636,0
PROP-8DA06DF560C0,RERA-MHA-22797977,1,Ongoing,23.0,35.0,65.7,55.0,4,0.5,0
PROP-4B9D35DA459B,RERA-MHA-70562924,1,Ongoing,34.0,42.0,81.0,61.0,9,0.444,0
PROP-14871A1B0C1F,RERA-MHA-38539590,1,Ongoing,8.0,58.0,13.8,139.0,10,0.6,0
PROP-AAE16CAC1828,,0,Unregistered,,,,,0,1.0,0
PROP-B8B94387843F,,0,Unregistered,,,,,0,1.0,0
PROP-27C570B83E22,,0,Unregistered,,,,,0,1.0,0
PROP-6A9D72A482AC,RERA-MHA-64946263,1,Ongoing,46.0,47.0,97.9,92.0,20,0.55,0
PROP-98477347E44B,RERA-MHA-71648484,1,Ongoing,10.0,32.0,31.2,57.0,12,0.833,0
PROP-0D996F9A4B4F,,0,Unregistered,,,,,0,1.0,0
PROP-ADE4B502F4B6,RERA-MHA-60641037,1,Completed,39.0,30.0,100.0,171.0,14,0.643,0
PROP-88AB40499984,,0,Unregistered,,,,,0,1.0,0
PROP-9F26D3A22AA0,RERA-MHA-88541482,1,Ongoing,8.0,45.0,17.8,156.0,14,0.429,0
PROP-1E40B5CCA256,RERA-MHA-32719850,1,Ongoing,24.0,49.0,49.0,80.0,13,0.846,1
PROP-368E6C65AB81,RERA-MHA-32184885,1,Ongoing,11.0,33.0,33.3,73.0,15,0.8,2
PROP-B93BD295DAFC,RERA-MHA-04446757,1,Ongoing,11.0,59.0,18.6,109.0,12,0.333,0
PROP-C3FA968DA45B,,0,Unregistered,,,,,0,1.0,0
PROP-9378D7A8A632,RERA-MHA-72928283,1,Ongoing,13.0,43.0,30.2,51.0,6,0.5,1
PROP-4200F3F35484,,0,Unregistered,,,,,0,1.0,0
PROP-546B42AECBFF,RERA-MHA-08144612,1,Ongoing,22.0,49.0,44.9,19.0,14,0.714,0
PROP-D179801CB015,RERA-MHA-70415118,1,Ongoing,36.0,53.0,67.9,56.0,12,0.75,1
PROP-AFB53419B792,RERA-MHA-51272017,1,Ongoing,23.0,44.0,52.3,154.0,66,0.258,0
PROP-50394F774E73,,0,Unregistered,,,,,0,1.0,0
PROP-97A900EA3419,RERA-MHA-08789873,1,Completed,39.0,37.0,100.0,133.0,15,0.867,4
PROP-24C039B3DA44,,0,Unregistered,,,,,0,1.0,0
PROP-994D051CA797,RERA-MHA-38251581,1,Ongoing,7.0,39.0,17.9,26.0,9,0.556,0
PROP-17A95A2BA66C,,0,Unregistered,,,,,0,1.0,0
PROP-B1F34E306175,RERA-MHA-57939667,1,Completed,41.0,38.0,100.0,42.0,22,0.455,0
PROP-F90DDB11F733,RERA-MHA-49007947,1,Ongoing,17.0,57.0,29.8,35.0,11,0.909,2
PROP-3BA055D85EF0,RERA-MHA-23955971,1,Ongoing,29.0,52.0,55.8,57.0,12,0.75,2
PROP-EA73E34E0DDE,RERA-MHA-83727347,1,Completed,44.0,28.0,100.0,48.0,14,0.786,1
PROP-F80F9B23CBEA,RERA-MHA-68807298,1,Ongoing,32.0,57.0,56.1,78.0,20,0.4,2
PROP-4BDB6F78EF89,RERA-MHA-06642781,1,Ongoing,19.0,26.0,73.1,67.0,16,0.562,0
PROP-9D419686A518,,0,Unregistered,,,,,0,1.0,0
PROP-63F91EC2E2E3,,0,Unregistered,,,,,0,1.0,0
PROP-37A233690DBC,RERA-MHA-92265713,1,Ongoing,39.0,44.0,88.6,34.0,15,0.6,0
PROP-CB9D59162A02,,0,Unregistered,,,,,0,1.0,0
PROP-AE2E29BA40BB,RERA-MHA-71648484,1,Completed,34.0,32.0,100.0,57.0,12,1.0,1
PROP-986F3A4C359D,,0,Unregistered,,,,,0,1.0,0
PROP-5F8837AF7A65,,0,Unregistered,,,,,0,1.0,0
PROP-4AB45A978118,,0,Unregistered,,,,,0,1.0,0
PROP-0BF5794C6B75,,0,Unregistered,,,,,0,1.0,0
PROP-EBF2F6F7634C,,0,Unregistered,,,,,0,1.0,0
PROP-6DE125CC17FB,RERA-MHA-71372517,1,Ongoing,15.0,42.0,35.7,120.0,21,0.524,0
PROP-6C0936C8F0AD,,0,Unregistered,,,,,0,1.0,0
PROP-E84062E49D3B,RERA-MHA-73210356,1,Ongoing,6.0,27.0,22.2,31.0,31,0.581,2
PROP-05343ACD6AC2,RERA-MHA-60516671,1,Ongoing,37.0,52.0,71.2,106.0,14,0.357,0
PROP-2DD529FC4D78,RERA-MHA-07910209,1,Completed,35.0,31.0,100.0,34.0,10,0.5,0
PROP-C43D12F892CD,,0,Unregistered,,,,,0,1.0,0
PROP-D086A5805E7B,RERA-MHA-82874773,1,Ongoing,11.0,36.0,30.6,69.0,26,0.577,2
PROP-040F1E5CC2A2,RERA-MHA-21319989,1,Ongoing,39.0,58.0,67.2,81.0,16,0.688,0
PROP-39C830289104,RERA-MHA-00394160,1,Ongoing,18.0,32.0,56.2,189.0,15,0.133,0
PROP-95BCDCDC5F07,,0,Unregistered,,,,,0,1.0,0
PROP-EE9116EB576C,,0,Unregistered,,,,,0,1.0,0
PROP-CB3A66AA610B,RERA-MHA-39490836,1,Ongoing,34.0,49.0,69.4,39.0,12,0.583,0
PROP-3A3751D72232,,0,Unregistered,,,,,0,1.0,0
PROP-2A606241B684,RERA-MHA-11016150,1,Ongoing,12.0,45.0,26.7,83.0,8,0.625,2
PROP-262427AAB00B,,0,Unregistered,,,,,0,1.0,0
PROP-C25466D11B57,,0,Unregistered,,,,,0,1.0,0
PROP-D021C122927C,RERA-MHA-09444342,1,Ongoing,12.0,46.0,26.1,89.0,19,0.789,2
PROP-44B6D9FD64AD,RERA-MHA-16413904,1,Ongoing,10.0,44.0,22.7,67.0,18,0.611,1
PROP-7F38A41FC25A,RERA-MHA-06333518,1,Completed,40.0,27.0,100.0,15.0,14,0.786,0
PROP-2E43DB9F0A2B,RERA-MHA-85382126,1,Ongoing,8.0,29.0,27.6,77.0,18,0.278,0
PROP-E376E8926EE8,RERA-MHA-81998650,1,Ongoing,24.0,38.0,63.2,38.0,4,0.5,0
PROP-119760DFF23C,RERA-MHA-25835576,1,Ongoing,30.0,46.0,65.2,136.0,13,0.538,0
PROP-C84EAA21C808,RERA-MHA-83672760,1,Ongoing,26.0,42.0,61.9,185.0,10,0.5,0
PROP-C368C1A0B213,,0,Unregistered,,,,,0,1.0,0
PROP-2AF76F5D0D90,RERA-MHA-44785412,1,Completed,42.0,39.0,100.0,141.0,27,0.519,0
PROP-F4896266A45B,,0,Unregistered,,,,,0,1.0,0
PROP-92B6683EBEB8,RERA-MHA-21954383,1,Ongoing,9.0,54.0,16.7,107.0,21,0.714,2
PROP-75B7AD39545D,,0,Unregistered,,,,,0,1.0,0
PROP-A6DAC02C3257,,0,Unregistered,,,,,0,1.0,0
PROP-185AA95C95FB,RERA-MHA-44206223,1,Ongoing,9.0,30.0,30.0,89.0,10,0.8,1
PROP-D4F6D2A0C196,RERA-MHA-92881004,1,Ongoing,6.0,25.0,24.0,100.0,13,0.231,0
PROP-E4B37C87DB3D,RERA-MHA-09676706,1,Ongoing,36.0,38.0,94.7,149.0,11,0.455,0
PROP-3BD1E3597D0F,RERA-MHA-54013947,1,Ongoing,9.0,50.0,18.0,243.0,11,0.636,0
PROP-40B16621AF57,RERA-MHA-88698253,1,Ongoing,19.0,46.0,41.3,55.0,16,0.438,0
PROP-D38D0DDA5D09,,0,Unregistered,,,,,0,1.0,0
PROP-3E94EB89CEB0,RERA-MHA-30032436,1,Ongoing,10.0,26.0,38.5,102.0,6,0.667,0
PROP-CE5C1FCECCA3,RERA-MHA-23133896,1,Ongoing,6.0,34.0,17.6,110.0,10,0.7,0
PROP-2094893B68E3,RERA-MHA-26861575,1,Ongoing,13.0,25.0,52.0,138.0,13,0.462,0
PROP-03966C8819FC,,0,Unregistered,,,,,0,1.0,0
PROP-BF0CA5B0165B,RERA-MHA-93586521,1,Ongoing,15.0,26.0,57.7,85.0,11,0.455,0
PROP-725929C3CF9A,RERA-MHA-48035348,1,Ongoing,18.0,56.0,32.1,137.0,7,0.857,1
PROP-A074CFD66DBA,RERA-MHA-92910885,1,Ongoing,35.0,51.0,68.6,45.0,6,0.667,2
PROP-B44E7AB3F133,,0,Unregistered,,,,,0,1.0,0
PROP-7B652EDE98B9,RERA-MHA-06209940,1,Ongoing,10.0,26.0,38.5,97.0,9,0.889,2
PROP-E49537B7EDB2,RERA-MHA-37307808,1,Ongoing,18.0,40.0,45.0,31.0,10,0.7,1
PROP-43D6125C70E3,,0,Unregistered,,,,,0,1.0,0
PROP-9062BDA183C8,RERA-MHA-72161167,1,Ongoing,21.0,26.0,80.8,51.0,10,0.6,0
PROP-FCE914283C26,RERA-MHA-31850756,1,Ongoing,26.0,53.0,49.1,68.0,5,0.6,0
PROP-DDE931B71D32,RERA-MHA-13489611,1,Ongoing,33.0,36.0,91.7,180.0,16,0.688,0
PROP-3FC81BB9A8E9,RERA-MHA-20175779,1,Ongoing,9.0,58.0,15.5,97.0,4,0.75,0
PROP-7DC55992A5F7,RERA-MHA-26972037,1,Ongoing,27.0,50.0,54.0,103.0,15,0.867,3
PROP-F98C157B29CE,RERA-MHA-03197041,1,Ongoing,15.0,42.0,35.7,129.0,10,0.8,1
PROP-11F0D7C2DA9A,RERA-MHA-91577378,1,Ongoing,12.0,48.0,25.0,40.0,7,0.714,3
PROP-59F83696E4A0,RERA-MHA-19498585,1,Completed,60.0,39.0,100.0,88.0,23,0.565,0
PROP-B209253029B9,,0,Unregistered,,,,,0,1.0,0
PROP-0A0D1025BB10,,0,Unregistered,,,,,0,1.0,0
PROP-91162DD9C16B,RERA-MHA-90409862,1,Ongoing,8.0,46.0,17.4,138.0,26,0.192,0
PROP-B284EF840828,,0,Unregistered,,,,,0,1.0,0
PROP-17F231EF9613,RERA-MHA-69806670,1,Ongoing,24.0,51.0,47.1,118.0,11,0.091,0
PROP-D414BF9C4C6D,,0,Unregistered,,,,,0,1.0,0
PROP-87251F22D1A6,,0,Unregistered,,,,,0,1.0,0
PROP-33C5D522ABD8,RERA-MHA-02892259,1,Ongoing,30.0,32.0,93.8,57.0,4,0.5,0
PROP-38952937802A,,0,Unregistered,,,,,0,1.0,0
PROP-9C92728DDCDF,RERA-MHA-93379462,1,Completed,36.0,29.0,100.0,42.0,12,0.917,0
PROP-33583EDEE6CC,RERA-MHA-66417744,1,Ongoing,34.0,57.0,59.6,174.0,18,0.278,0
PROP-D19B866B1C1B,RERA-MHA-76825476,1,Completed,61.0,32.0,100.0,87.0,26,0.462,0
PROP-B811F10BA765,,0,Unregistered,,,,,0,1.0,0
PROP-13C20CD8D767,,0,Unregistered,,,,,0,1.0,0
PROP-8E42F2D1DD13,,0,Unregistered,,,,,0,1.0,0
PROP-61630110E0EB,,0,Unregistered,,,,,0,1.0,0
PROP-6A33D3F4B770,,0,Unregistered,,,,,0,1.0,0
PROP-99467CDFD547,,0,Unregistered,,,,,0,1.0,0
PROP-214A5EBBDBBC,RERA-MHA-84408534,1,Ongoing,24.0,34.0,70.6,84.0,7,0.571,1
PROP-EB6104A92CE3,,0,Unregistered,,,,,0,1.0,0
PROP-BBF3CE8EB234,,0,Unregistered,,,,,0,1.0,0
PROP-4D163C1AFE0C,,0,Unregistered,,,,,0,1.0,0
PROP-BF55F729966F,,0,Unregistered,,,,,0,1.0,0
PROP-9356B731715C,,0,Unregistered,,,,,0,1.0,0
PROP-87ABCA4FA53C,RERA-MHA-56661869,1,Ongoing,23.0,55.0,41.8,164.0,7,0.857,3
PROP-FA34FACA555B,RERA-MHA-00400377,1,Ongoing,7.0,41.0,17.1,19.0,8,0.375,0
PROP-17A3E5877C77,,0,Unregistered,,,,,0,1.0,0
PROP-40106E96A209,RERA-MHA-66457109,1,Completed,27.0,26.0,100.0,12.0,12,0.25,0
PROP-AEFB9ED07562,,0,Unregistered,,,,,0,1.0,0
PROP-2DB08686B1B4,,0,Unregistered,,,,,0,1.0,0
PROP-073FAB5574D8,,0,Unregistered,,,,,0,1.0,0
PROP-7934D5DB473C,RERA-MHA-83727347,1,Ongoing,17.0,28.0,60.7,48.0,14,0.571,0
PROP-7410C553135C,,0,Unregistered,,,,,0,1.0,0
PROP-BC795488B7B6,RERA-MHA-67053866,1,Ongoing,32.0,48.0,66.7,151.0,10,0.5,0
PROP-C1A08A7B9AA1,RERA-MHA-09968626,1,Ongoing,8.0,29.0,27.6,76.0,18,0.389,0
PROP-5CAF3A94019E,,0,Unregistered,,,,,0,1.0,0
PROP-243C01918ABA,,0,Unregistered,,,,,0,1.0,0
PROP-19A189A5DDAE,RERA-MHA-94507531,1,Ongoing,29.0,32.0,90.6,189.0,9,0.556,0
PROP-D9987F862292,RERA-MHA-66205401,1,Completed,61.0,59.0,100.0,63.0,35,0.886,2
PROP-75984F3987B9,,0,Unregistered,,,,,0,1.0,0
PROP-CCBAE2E7428A,,0,Unregistered,,,,,0,1.0,0
PROP-ABEFC9C98BD5,,0,Unregistered,,,,,0,1.0,0
PROP-9704F39B10BC,,0,Unregistered,,,,,0,1.0,0
PROP-EB1699214F37,,0,Unregistered,,,,,0,1.0,0
PROP-81F9F1B93FBC,,0,Unregistered,,,,,0,1.0,0
PROP-A9538D6FB9D5,RERA-MHA-96665242,1,Ongoing,28.0,40.0,70.0,49.0,15,0.4,0
PROP-C50F3D2E75CA,RERA-MHA-57560261,1,Ongoing,47.0,50.0,94.0,29.0,9,0.889,1
PROP-8E1F66BF2263,,0,Unregistered,,,,,0,1.0,0
PROP-BFCA3F29A480,RERA-MHA-68150391,1,Ongoing,41.0,58.0,70.7,94.0,18,0.722,0
PROP-DAC34762C723,,0,Unregistered,,,,,0,1.0,0
PROP-4A0CC81836EA,,0,Unregistered,,,,,0,1.0,0
PROP-DE4AEB21239F,,0,Unregistered,,,,,0,1.0,0
PROP-E7910EFD91D4,RERA-MHA-01304791,1,Ongoing,25.0,32.0,78.1,39.0,5,0.8,2
PROP-84BD5E17FC8A,RERA-MHA-38609656,1,Ongoing,22.0,40.0,55.0,99.0,13,0.692,1
PROP-F8532605AA76,RERA-MHA-95994499,1,Ongoing,41.0,49.0,83.7,196.0,10,0.7,0
PROP-D3D068DA7155,RERA-MHA-37736048,1,Ongoing,30.0,56.0,53.6,53.0,8,0.5,0
PROP-AC7B0CFC77BF,RERA-MHA-50969724,1,Ongoing,38.0,41.0,92.7,98.0,8,0.625,0
PROP-380B13CADE94,,0,Unregistered,,,,,0,1.0,0
PROP-28DFBC8DCE0A,,0,Unregistered,,,,,0,1.0,0
PROP-BE86905CFF2E,RERA-MHA-70813024,1,Completed,34.0,31.0,100.0,241.0,13,0.923,3
PROP-2330079CA17F,RERA-MHA-21729089,1,Ongoing,31.0,43.0,72.1,111.0,5,0.8,0
PROP-B13AA9A7FC87,RERA-MHA-82956549,1,Ongoing,35.0,42.0,83.3,278.0,9,0.889,1
PROP-6B99B41229E4,RERA-MHA-61136279,1,Ongoing,21.0,31.0,67.7,162.0,17,0.529,0
PROP-3680D46228B8,RERA-MHA-23694297,1,Ongoing,15.0,51.0,29.4,255.0,7,0.714,0
PROP-C92FCA7FAE99,RERA-MHA-76825476,1,Completed,37.0,32.0,100.0,87.0,21,0.333,0
PROP-A52F11910E62,,0,Unregistered,,,,,0,1.0,0
PROP-8FC449089728,,0,Unregistered,,,,,0,1.0,0
PROP-1E1C66314A0B,RERA-MHA-57578229,1,Ongoing,27.0,36.0,75.0,58.0,11,0.364,1
PROP-0871D498BB60,,0,Unregistered,,,,,0,1.0,0
PROP-D878E8E75EB1,RERA-MHA-01883810,1,Ongoing,20.0,51.0,39.2,32.0,8,0.125,0
PROP-62F5A4B8A1A5,RERA-MHA-58719341,1,Ongoing,23.0,60.0,38.3,145.0,14,0.643,0
PROP-3394EA0AC455,RERA-MHA-64999656,1,Ongoing,18.0,35.0,51.4,71.0,13,0.692,2
PROP-8BC5BCE9E947,RERA-MHA-85449473,1,Ongoing,36.0,46.0,78.3,161.0,5,0.8,0
PROP-F2331A9D4498,RERA-MHA-69795424,1,Ongoing,30.0,39.0,76.9,32.0,66,0.258,0
PROP-947EAE578195,,0,Unregistered,,,,,0,1.0,0
PROP-E4E50BD39773,,0,Unregistered,,,,,0,1.0,0
PROP-B8DD9A06B33B,,0,Unregistered,,,,,0,1.0,0
PROP-A079DB74EE3D,,0,Unregistered,,,,,0,1.0,0
PROP-EC62912FBF43,,0,Unregistered,,,,,0,1.0,0
PROP-58A1E901B623,RERA-MHA-85449473,1,Ongoing,15.0,46.0,32.6,161.0,5,0.8,0
PROP-8F7D590F4342,RERA-MHA-98199449,1,Ongoing,31.0,47.0,66.0,156.0,10,0.3,0
PROP-E71E516A2661,RERA-MHA-80917936,1,Ongoing,25.0,44.0,56.8,55.0,11,0.364,0
PROP-6E687CF596C9,,0,Unregistered,,,,,0,1.0,0
PROP-6A6AF79D9592,,0,Unregistered,,,,,0,1.0,0
PROP-E80E6A400321,RERA-MHA-95111943,1,Completed,37.0,29.0,100.0,72.0,11,0.727,0
PROP-03CA9D8D8CF0,,0,Unregistered,,,,,0,1.0,0
PROP-E4D32FF2875D,RERA-MHA-47411783,1,Ongoing,21.0,59.0,35.6,72.0,13,0.769,0
PROP-06DEE0E7B7E0,,0,Unregistered,,,,,0,1.0,0
PROP-D1CD56EA9492,RERA-MHA-59870586,1,Ongoing,40.0,57.0,70.2,267.0,9,0.333,0
PROP-54886A093889,,0,Unregistered,,,,,0,1.0,0
PROP-8574E1CB9EBC,,0,Unregistered,,,,,0,1.0,0
PROP-7DD90EA43461,,0,Unregistered,,,,,0,1.0,0
PROP-C8A6FA4D9403,RERA-MHA-68005951,1,Ongoing,41.0,50.0,82.0,13.0,7,0.714,0
PROP-60303D26BD60,RERA-MHA-41056653,1,Ongoing,15.0,46.0,32.6,74.0,12,0.417,0
PROP-C1712DEFF1F8,,0,Unregistered,,,,,0,1.0,0
PROP-A6A322503CBB,RERA-MHA-52861070,1,Completed,57.0,29.0,100.0,32.0,12,0.917,1
PROP-3DE126242BBE,RERA-MHA-52861070,1,Ongoing,24.0,29.0,82.8,32.0,12,0.5,0
PROP-9AAC411C21F9,,0,Unregistered,,,,,0,1.0,0
PROP-3D36877DEC81,RERA-MHA-04309728,1,Ongoing,26.0,46.0,56.5,147.0,9,0.333,0
PROP-330517991164,RERA-MHA-80917936,1,Ongoing,22.0,44.0,50.0,55.0,9,0.333,0
PROP-91C733ACFD92,RERA-MHA-56306102,1,Completed,82.0,37.0,100.0,134.0,7,0.857,2
PROP-1D6A69D5960E,,0,Unregistered,,,,,0,1.0,0
PROP-2AFD53165886,,0,Unregistered,,,,,0,1.0,0
PROP-D1FD0E113897,,0,Unregistered,,,,,0,1.0,0
PROP-6BD055D9DA6F,,0,Unregistered,,,,,0,1.0,0
PROP-D66F683C90EA,RERA-MHA-47279106,1,Ongoing,20.0,56.0,35.7,71.0,5,0.4,0
PROP-18CA4F803B0C,RERA-MHA-54730257,1,Ongoing,35.0,49.0,71.4,86.0,5,0.6,0
PROP-2AD42497514D,,0,Unregistered,,,,,0,1.0,0
PROP-44CE88B6D774,,0,Unregistered,,,,,0,1.0,0
PROP-F2845957C272,,0,Unregistered,,,,,0,1.0,0
PROP-7C339447B5C5,,0,Unregistered,,,,,0,1.0,0
PROP-A9854E5EC544,,0,Unregistered,,,,,0,1.0,0
PROP-6A481F6FEA84,RERA-MHA-69513003,1,Ongoing,38.0,57.0,66.7,181.0,5,0.6,0
PROP-51F3BB79D81D,,0,Unregistered,,,,,0,1.0,0
PROP-618AEE8DA9B3,,0,Unregistered,,,,,0,1.0,0
PROP-1E658F1B20EA,RERA-MHA-03942050,1,Ongoing,12.0,51.0,23.5,108.0,11,0.636,1
PROP-6B1DC8E61D9E,RERA-MHA-03461967,1,Ongoing,33.0,38.0,86.8,175.0,12,0.75,2
PROP-B28630628F9B,RERA-MHA-51907713,1,Ongoing,7.0,56.0,12.5,249.0,13,0.846,1
PROP-8BCC8087497F,,0,Unregistered,,,,,0,1.0,0
PROP-C8422AF2D7D3,,0,Unregistered,,,,,0,1.0,0
PROP-5770910CA137,RERA-MHA-03365538,1,Ongoing,8.0,44.0,18.2,10.0,10,0.6,0
PROP-155E7CEC7EC3,RERA-MHA-13271143,1,Ongoing,17.0,52.0,32.7,53.0,8,0.75,0
PROP-49EF7E41B5CA,,0,Unregistered,,,,,0,1.0,0
PROP-BB5ABA8D3286,,0,Unregistered,,,,,0,1.0,0
PROP-00F429D1F8D3,RERA-MHA-72040340,1,Completed,38.0,24.0,100.0,25.0,18,0.722,0
PROP-2B59F1137CDE,,0,Unregistered,,,,,0,1.0,0
PROP-5C880A74D61E,RERA-MHA-22701162,1,Completed,36.0,26.0,100.0,40.0,15,0.667,0
PROP-84F957516F6C,RERA-MHA-01111971,1,Completed,37.0,26.0,100.0,45.0,24,0.583,0
PROP-A36C182FF3F1,RERA-MHA-03310676,1,Ongoing,6.0,31.0,19.4,25.0,16,0.688,1
PROP-6EE3885ED9E0,RERA-MHA-17392026,1,Ongoing,8.0,32.0,25.0,275.0,25,0.48,0
PROP-A918B769D6B9,RERA-MHA-73876151,1,Ongoing,17.0,39.0,43.6,74.0,14,0.786,2
PROP-111015E85653,,0,Unregistered,,,,,0,1.0,0
PROP-4B61FF7DE3C0,RERA-MHA-90043868,1,Ongoing,14.0,38.0,36.8,88.0,10,0.6,0
PROP-1BD3F3E1D482,,0,Unregistered,,,,,0,1.0,0
PROP-E9C28500D2E3,,0,Unregistered,,,,,0,1.0,0
PROP-A2178EB46E3C,RERA-MHA-59558684,1,Completed,65.0,58.0,100.0,69.0,14,0.929,3
PROP-994883A76291,,0,Unregistered,,,,,0,1.0,0
PROP-EBA3620AACAA,,0,Unregistered,,,,,0,1.0,0
PROP-2BB1857AAE58,,0,Unregistered,,,,,0,1.0,0
PROP-555C18A348FA,,0,Unregistered,,,,,0,1.0,0
PROP-7DE5BBD75F83,,0,Unregistered,,,,,0,1.0,0
PROP-3C9E112258A2,,0,Unregistered,,,,,0,1.0,0
PROP-72ADB86C4D75,,0,Unregistered,,,,,0,1.0,0
PROP-943D79E5C449,RERA-MHA-43468998,1,Ongoing,8.0,39.0,20.5,42.0,11,0.455,0
PROP-544747A3C8A3,,0,Unregistered,,,,,0,1.0,0
PROP-8B9211EAC362,,0,Unregistered,,,,,0,1.0,0
PROP-10E307D9B614,RERA-MHA-58754269,1,Ongoing,39.0,53.0,73.6,145.0,6,0.5,0
PROP-7E0482048BD4,RERA-MHA-06660628,1,Ongoing,10.0,58.0,17.2,64.0,24,0.417,0
PROP-95F0D8E0D772,,0,Unregistered,,,,,0,1.0,0
PROP-A47CB629C5D9,RERA-MHA-50951069,1,Ongoing,7.0,25.0,28.0,93.0,5,0.4,0
PROP-CB17F668A09B,RERA-MHA-88502064,1,Ongoing,30.0,59.0,50.8,57.0,7,0.286,0
PROP-2EF709C363D8,RERA-MHA-97848550,1,Ongoing,28.0,31.0,90.3,139.0,11,0.545,0
PROP-CE56A30AF6BB,RERA-MHA-01993320,1,Ongoing,10.0,55.0,18.2,97.0,7,0.429,1
PROP-CF4926A2EC3F,,0,Unregistered,,,,,0,1.0,0
PROP-A432F470C81C,RERA-MHA-97249373,1,Ongoing,7.0,35.0,20.0,176.0,22,0.591,1
PROP-D734DBD14F7F,,0,Unregistered,,,,,0,1.0,0
PROP-EBB17DF79F02,RERA-MHA-68919175,1,Ongoing,41.0,51.0,80.4,98.0,13,0.538,0
PROP-BDE7DC2AF985,RERA-MHA-02612056,1,Ongoing,14.0,28.0,50.0,240.0,7,0.571,0
PROP-51EEEC01B814,,0,Unregistered,,,,,0,1.0,0
PROP-AD43680CE130,RERA-MHA-14026194,1,Ongoing,8.0,38.0,21.1,164.0,17,0.294,0
PROP-9B714ED6E53F,,0,Unregistered,,,,,0,1.0,0
PROP-AD9621E05AE6,RERA-MHA-71241859,1,Ongoing,17.0,33.0,51.5,150.0,17,0.529,0
PROP-EC3CFFB7BDFD,RERA-MHA-68719773,1,Completed,39.0,28.0,100.0,78.0,5,1.0,0
PROP-A96012C0C2ED,,0,Unregistered,,,,,0,1.0,0
PROP-95046668863D,RERA-MHA-85617369,1,Completed,56.0,29.0,100.0,41.0,22,0.545,0
PROP-A6BE480BBEAA,RERA-MHA-62392327,1,Ongoing,29.0,47.0,61.7,97.0,10,0.6,0
PROP-A6A717BDD93E,,0,Unregistered,,,,,0,1.0,0
PROP-A19F086A222C,RERA-MHA-73230325,1,Completed,35.0,25.0,100.0,190.0,9,1.0,1
PROP-6F7ACA7131C2,,0,Unregistered,,,,,0,1.0,0
PROP-E57E70E677B5,,0,Unregistered,,,,,0,1.0,0
PROP-5F3BB08656C0,,0,Unregistered,,,,,0,1.0,0
PROP-D3BB0D19A84D,RERA-MHA-91208386,1,Ongoing,35.0,55.0,63.6,84.0,11,0.636,0
PROP-DF5320B7E15B,RERA-MHA-91208386,1,Ongoing,20.0,55.0,36.4,84.0,9,0.556,0
PROP-9B66051D7253,RERA-MHA-10176903,1,Completed,37.0,28.0,100.0,23.0,9,0.667,0
PROP-F106027A5135,,0,Unregistered,,,,,0,1.0,0
PROP-124E81240F38,,0,Unregistered,,,,,0,1.0,0
PROP-B00B471DEE06,,0,Unregistered,,,,,0,1.0,0
PROP-6868513E4B32,RERA-MHA-63093502,1,Ongoing,36.0,60.0,60.0,227.0,24,0.417,0
PROP-584C76B7466C,RERA-MHA-45375231,1,Ongoing,29.0,43.0,67.4,275.0,13,0.385,0
PROP-5F4918B2029D,,0,Unregistered,,,,,0,1.0,0
PROP-D0D771C6846E,RERA-MHA-89125036,1,Ongoing,34.0,54.0,63.0,38.0,26,0.577,0
PROP-7777D4DED88A,,0,Unregistered,,,,,0,1.0,0
PROP-AB79A648775B,,0,Unregistered,,,,,0,1.0,0
PROP-8F8817A2EC45,,0,Unregistered,,,,,0,1.0,0
PROP-E838D562DA1E,,0,Unregistered,,,,,0,1.0,0
PROP-FF8A468A444E,,0,Unregistered,,,,,0,1.0,0
PROP-BCE4AF2CDA6A,RERA-MHA-03427857,1,Ongoing,19.0,59.0,32.2,11.0,10,0.3,0
PROP-BC901849AB9D,RERA-MHA-27825398,1,Ongoing,24.0,34.0,70.6,146.0,13,0.769,0
PROP-4883B556F095,RERA-MHA-15364596,1,Ongoing,22.0,51.0,43.1,33.0,11,0.455,0
PROP-E2118EAB7832,RERA-MHA-20320553,1,Ongoing,19.0,41.0,46.3,285.0,8,0.5,0
PROP-83B8862952C6,RERA-MHA-05357777,1,Ongoing,28.0,44.0,63.6,62.0,10,0.8,1
PROP-DD92DF9F73D2,RERA-MHA-91166212,1,Completed,26.0,24.0,100.0,56.0,6,0.667,0
PROP-1FBA26C17E55,RERA-MHA-11775589,1,Ongoing,15.0,44.0,34.1,169.0,11,0.636,0
PROP-58517A043C19,RERA-MHA-47298370,1,Completed,77.0,41.0,100.0,57.0,18,0.611,1
PROP-0DAFCB94CFC3,RERA-MHA-42681647,1,Completed,68.0,48.0,100.0,76.0,11,0.818,2
PROP-BFDF862FA208,RERA-MHA-22391072,1,Ongoing,10.0,46.0,21.7,78.0,22,0.364,0
PROP-D2B2BD52A74C,RERA-MHA-10334145,1,Ongoing,35.0,44.0,79.5,55.0,6,0.5,0
PROP-32D171395365,RERA-MHA-91920236,1,Ongoing,14.0,42.0,33.3,80.0,10,0.5,0
PROP-EF251670A8F0,,0,Unregistered,,,,,0,1.0,0
PROP-AD6A4F82E114,,0,Unregistered,,,,,0,1.0,0
PROP-ED5BBEF1BE79,RERA-MHA-02552641,1,Completed,63.0,52.0,100.0,215.0,12,0.917,2
PROP-B7C8C7ABE5D4,RERA-MHA-01292306,1,Ongoing,47.0,54.0,87.0,126.0,13,0.846,2
PROP-598BED2D0CD3,,0,Unregistered,,,,,0,1.0,0
PROP-A163783BBA0F,RERA-MHA-96068775,1,Completed,41.0,36.0,100.0,53.0,6,0.667,0
PROP-E2A2BD92E463,,0,Unregistered,,,,,0,1.0,0
PROP-361471C17E01,RERA-MHA-77590008,1,Ongoing,30.0,58.0,51.7,45.0,22,0.545,0
PROP-18724C7ED95F,RERA-MHA-02552641,1,Ongoing,39.0,52.0,75.0,215.0,11,0.545,0
PROP-32D4F5D16E83,,0,Unregistered,,,,,0,1.0,0
PROP-41BDA118A4DF,,0,Unregistered,,,,,0,1.0,0
PROP-D39149E3F16B,RERA-MHA-81821190,1,Ongoing,28.0,46.0,60.9,107.0,6,0.333,0
PROP-013886BB603F,,0,Unregistered,,,,,0,1.0,0
PROP-CF3671B20BC0,RERA-MHA-28208066,1,Ongoing,28.0,45.0,62.2,39.0,16,0.625,0
PROP-A004094A3657,RERA-MHA-64124397,1,Ongoing,7.0,24.0,29.2,275.0,16,0.438,0
PROP-F390E43B2289,RERA-MHA-43265533,1,Ongoing,11.0,57.0,19.3,34.0,18,0.778,0
PROP-D1EAFA4C700A,RERA-MHA-28382960,1,Ongoing,6.0,58.0,10.3,73.0,6,0.5,0
PROP-D5A46B2534DD,RERA-MHA-00855002,1,Ongoing,8.0,28.0,28.6,265.0,11,0.636,0
PROP-52823CC4A2F7,,0,Unregistered,,,,,0,1.0,0
PROP-A7D3E6BBDF7F,RERA-MHA-49659544,1,Ongoing,26.0,31.0,83.9,27.0,16,0.5,0
PROP-A76B595AE2D2,RERA-MHA-29094420,1,Ongoing,18.0,43.0,41.9,159.0,6,0.833,0
PROP-DC129E6DD967,,0,Unregistered,,,,,0,1.0,0
PROP-EFB03CA1C311,RERA-MHA-07514282,1,Ongoing,16.0,41.0,39.0,49.0,11,0.455,0
PROP-88821DBD00B8,,0,Unregistered,,,,,0,1.0,0
PROP-07B6EBCAD028,RERA-MHA-85617369,1,Ongoing,23.0,29.0,79.3,41.0,17,0.471,0
PROP-65FE18570B4B,RERA-MHA-43882488,1,Ongoing,18.0,36.0,50.0,146.0,16,0.75,2
PROP-50E606087A7C,RERA-MHA-71372517,1,Ongoing,36.0,42.0,85.7,120.0,22,0.636,2
PROP-07B53BB1999A,,0,Unregistered,,,,,0,1.0,0
PROP-C34D08D752A4,,0,Unregistered,,,,,0,1.0,0
PROP-6F336AE4E8AB,RERA-MHA-51166532,1,Ongoing,6.0,47.0,12.8,12.0,24,0.625,1
PROP-101BD48E231C,RERA-MHA-80493586,1,Completed,36.0,30.0,100.0,113.0,10,0.8,2
PROP-ECDF479102E1,RERA-MHA-71488768,1,Ongoing,6.0,31.0,19.4,151.0,7,0.571,0
PROP-7E4EE4CDE22D,,0,Unregistered,,,,,0,1.0,0
PROP-1D7F64F4A28C,,0,Unregistered,,,,,0,1.0,0
PROP-008552FBDAC6,,0,Unregistered,,,,,0,1.0,0
PROP-EC7FA926DCA4,,0,Unregistered,,,,,0,1.0,0
PROP-5E79C3A1F69D,RERA-MHA-25260975,1,Completed,37.0,28.0,100.0,260.0,14,0.714,0
PROP-CB0DDE945B7A,,0,Unregistered,,,,,0,1.0,0
PROP-15BDC4258A0F,RERA-MHA-78720532,1,Ongoing,38.0,56.0,67.9,217.0,14,0.357,0
PROP-009873E62EE4,RERA-MHA-13961565,1,Ongoing,11.0,29.0,37.9,67.0,9,0.444,0
PROP-38D7DEFBEA58,,0,Unregistered,,,,,0,1.0,0
PROP-51A0D1EC71FA,,0,Unregistered,,,,,0,1.0,0
PROP-DB0B64885491,,0,Unregistered,,,,,0,1.0,0
PROP-926B6AA2232E,,0,Unregistered,,,,,0,1.0,0
PROP-537C959650AC,RERA-MHA-71741166,1,Ongoing,24.0,40.0,60.0,220.0,11,0.636,0
PROP-1F2FADCBA335,,0,Unregistered,,,,,0,1.0,0
PROP-2FC6BA14F71B,,0,Unregistered,,,,,0,1.0,0
PROP-C3A1AF56CD8F,RERA-MHA-88884163,1,Ongoing,17.0,44.0,38.6,213.0,7,0.429,0
PROP-EACFDE9CEEC5,,0,Unregistered,,,,,0,1.0,0
PROP-B76D7EF31E80,RERA-MHA-44349329,1,Ongoing,7.0,57.0,12.3,96.0,11,0.636,0
PROP-851DD48B0B11,RERA-MHA-76825476,1,Ongoing,22.0,32.0,68.8,87.0,22,0.364,0
PROP-E40E24D712B0,,0,Unregistered,,,,,0,1.0,0
PROP-F3F9D17B98AF,,0,Unregistered,,,,,0,1.0,0
PROP-5AF04D212AE3,RERA-MHA-30317816,1,Ongoing,30.0,40.0,75.0,97.0,4,0.5,0
PROP-2A66DF1AB036,RERA-MHA-71397340,1,Ongoing,30.0,42.0,71.4,118.0,12,0.25,0
PROP-3B3918CC002C,RERA-MHA-55475930,1,Completed,60.0,29.0,100.0,60.0,13,0.923,1
PROP-066E605A1612,RERA-MHA-94275968,1,Ongoing,30.0,31.0,96.8,117.0,10,0.6,0
PROP-E63B77537969,RERA-MHA-80223193,1,Ongoing,15.0,56.0,26.8,42.0,11,0.636,0
PROP-4A86ABD25AAB,RERA-MHA-80554607,1,Ongoing,25.0,58.0,43.1,46.0,16,0.5,0
PROP-04225BDF52C1,,0,Unregistered,,,,,0,1.0,0
PROP-89BBF70DC133,RERA-MHA-46475979,1,Ongoing,29.0,42.0,69.0,136.0,13,0.462,0
PROP-4D78B3BC75A2,,0,Unregistered,,,,,0,1.0,0
PROP-FE5699397C72,,0,Unregistered,,,,,0,1.0,0
PROP-5D8F4237EA95,RERA-MHA-14119580,1,Completed,44.0,25.0,100.0,108.0,18,0.5,0
PROP-9E1B90A3328F,,0,Unregistered,,,,,0,1.0,0
PROP-E3394682F5EB,RERA-MHA-35518751,1,Ongoing,21.0,51.0,41.2,149.0,5,0.8,1
PROP-E23FBA276A36,RERA-MHA-68988804,1,Ongoing,26.0,29.0,89.7,42.0,16,0.5,0
PROP-89F656AA02AC,,0,Unregistered,,,,,0,1.0,0
PROP-A1B09368029E,,0,Unregistered,,,,,0,1.0,0
PROP-920BB356D310,RERA-MHA-55931727,1,Ongoing,37.0,40.0,92.5,53.0,14,0.857,0
PROP-FF87D54233E6,RERA-MHA-62443396,1,Ongoing,30.0,36.0,83.3,159.0,4,0.75,0
PROP-903292E4F860,,0,Unregistered,,,,,0,1.0,0
PROP-40FAAAD86042,,0,Unregistered,,,,,0,1.0,0
PROP-7A191442AD18,,0,Unregistered,,,,,0,1.0,0
PROP-629B6B6F9EF6,RERA-MHA-67053866,1,Ongoing,35.0,48.0,72.9,151.0,11,0.455,0
PROP-6520B958CA0A,RERA-MHA-88273721,1,Ongoing,7.0,31.0,22.6,17.0,12,0.917,2
PROP-9B8D65CA7D28,RERA-MHA-77683674,1,Completed,40.0,28.0,100.0,35.0,11,0.636,0
PROP-F8997291862C,RERA-MHA-52904250,1,Ongoing,20.0,56.0,35.7,82.0,9,0.444,0
PROP-AA9F79C5E533,RERA-MHA-28282323,1,Completed,41.0,28.0,100.0,40.0,5,0.6,0
PROP-1CA3E28E9F53,RERA-MHA-80535694,1,Completed,36.0,30.0,100.0,40.0,6,0.833,0
PROP-285719CFA573,RERA-MHA-36207829,1,Completed,48.0,27.0,100.0,71.0,5,1.0,0
PROP-CBCFC1E18ED9,RERA-MHA-94256195,1,Ongoing,25.0,53.0,47.2,71.0,8,0.25,0
PROP-C74C945C2A26,RERA-MHA-75128476,1,Ongoing,18.0,54.0,33.3,34.0,5,0.6,0
PROP-921F8E5BBB16,RERA-MHA-30334982,1,Ongoing,24.0,47.0,51.1,23.0,32,0.719,2
PROP-80ABC31EFF28,RERA-MHA-74803521,1,Completed,39.0,30.0,100.0,183.0,13,0.846,3
PROP-76039D31B119,RERA-MHA-70186140,1,Ongoing,34.0,58.0,58.6,70.0,10,0.9,2
PROP-337AB3271094,RERA-MHA-31354615,1,Completed,56.0,47.0,100.0,178.0,15,0.8,2
PROP-AF1227CAA778,RERA-MHA-83522640,1,Ongoing,10.0,38.0,26.3,89.0,8,0.625,1
PROP-F927B5A6F1BF,RERA-MHA-85095661,1,Ongoing,35.0,51.0,68.6,11.0,11,0.545,0
PROP-0ADF086C0698,,0,Unregistered,,,,,0,1.0,0
PROP-666AD1405F8E,,0,Unregistered,,,,,0,1.0,0
PROP-41E989F79805,RERA-MHA-55931727,1,Completed,58.0,40.0,100.0,53.0,14,1.0,1
PROP-780710815F2E,RERA-MHA-47300409,1,Ongoing,27.0,56.0,48.2,134.0,9,0.778,1
PROP-7EDBCB6EBBC9,RERA-MHA-22005060,1,Ongoing,34.0,44.0,77.3,174.0,7,0.429,0
PROP-7037F5BC9E65,,0,Unregistered,,,,,0,1.0,0
PROP-BFC338518A95,RERA-MHA-84585302,1,Ongoing,40.0,48.0,83.3,21.0,12,0.75,1
PROP-6CDB203A8696,RERA-MHA-44189247,1,Ongoing,41.0,42.0,97.6,31.0,35,0.543,0
PROP-FF12DC411AD0,,0,Unregistered,,,,,0,1.0,0
PROP-620D8A8D8E2C,,0,Unregistered,,,,,0,1.0,0
PROP-8FB5ABC53165,,0,Unregistered,,,,,0,1.0,0
PROP-A9B65E77D536,,0,Unregistered,,,,,0,1.0,0
PROP-4B02CC150265,,0,Unregistered,,,,,0,1.0,0
PROP-46CC85DFD7B2,RERA-MHA-40688975,1,Completed,25.0,24.0,100.0,54.0,8,0.625,1
PROP-7C467060016F,RERA-MHA-71117307,1,Ongoing,37.0,41.0,90.2,38.0,14,0.5,0
PROP-B766E5993D9C,,0,Unregistered,,,,,0,1.0,0
PROP-1DEA3AB71CED,,0,Unregistered,,,,,0,1.0,0
PROP-6EC7E32B48E8,,0,Unregistered,,,,,0,1.0,0
PROP-ADD3D7A14A18,,0,Unregistered,,,,,0,1.0,0
PROP-A5E0AAA22105,,0,Unregistered,,,,,0,1.0,0
PROP-1D3C40919EB1,RERA-MHA-91577378,1,Ongoing,12.0,48.0,25.0,40.0,6,0.333,0
PROP-C14C5364DF49,,0,Unregistered,,,,,0,1.0,0
PROP-5019A0D32D29,,0,Unregistered,,,,,0,1.0,0
PROP-8F1C28AEFD2D,,0,Unregistered,,,,,0,1.0,0
PROP-0A844E13DC69,,0,Unregistered,,,,,0,1.0,0
PROP-4981348830B6,RERA-MHA-69455359,1,Ongoing,33.0,58.0,56.9,134.0,11,0.364,0
PROP-193F4EF309DA,,0,Unregistered,,,,,0,1.0,0
PROP-C2219B49A16C,,0,Unregistered,,,,,0,1.0,0
PROP-1CF5242B0C30,,0,Unregistered,,,,,0,1.0,0
PROP-FE73164F12FA,RERA-MHA-72078535,1,Ongoing,13.0,47.0,27.7,54.0,4,0.5,0
PROP-10CD48DC926B,RERA-MHA-78665133,1,Ongoing,23.0,60.0,38.3,89.0,6,0.333,0
PROP-693DFE9091F8,RERA-MHA-64126966,1,Ongoing,12.0,25.0,48.0,101.0,14,0.857,2
PROP-1128AEDF9D45,RERA-MHA-80254957,1,Ongoing,7.0,42.0,16.7,45.0,8,0.625,0
PROP-7FFBC8193FFA,,0,Unregistered,,,,,0,1.0,0
PROP-86DABB9547C7,,0,Unregistered,,,,,0,1.0,0
PROP-05161F834158,,0,Unregistered,,,,,0,1.0,0
PROP-E78F190C600D,RERA-MHA-48331924,1,Ongoing,26.0,33.0,78.8,104.0,10,0.5,0
PROP-E7AC2BC7DFCC,,0,Unregistered,,,,,0,1.0,0
PROP-57204B6AD4C4,RERA-MHA-37945886,1,Completed,32.0,27.0,100.0,152.0,13,0.769,3
PROP-93DC496A91A9,,0,Unregistered,,,,,0,1.0,0
PROP-FF9D9AD453C2,,0,Unregistered,,,,,0,1.0,0
PROP-0F09905B8469,,0,Unregistered,,,,,0,1.0,0
PROP-F51C77676228,RERA-MHA-86756226,1,Ongoing,8.0,45.0,17.8,50.0,17,0.647,0
PROP-86F3FA390768,,0,Unregistered,,,,,0,1.0,0
PROP-F27D420D8FFB,RERA-MHA-37125793,1,Ongoing,15.0,24.0,62.5,77.0,42,0.143,0
PROP-7256647D3CB9,RERA-MHA-83743187,1,Ongoing,9.0,42.0,21.4,84.0,15,0.6,0
PROP-D03FACFB2D6A,RERA-MHA-49142334,1,Ongoing,32.0,41.0,78.0,51.0,11,0.636,0
PROP-DFEE06420DCB,RERA-MHA-41893881,1,Ongoing,31.0,32.0,96.9,49.0,6,0.833,1
PROP-0E6A11D6C4DF,RERA-MHA-98533994,1,Ongoing,28.0,47.0,59.6,88.0,14,0.643,0
PROP-F81A9F971B57,RERA-MHA-62093726,1,Ongoing,8.0,26.0,30.8,95.0,11,0.545,1
PROP-064D1CC37483,RERA-MHA-32073314,1,Ongoing,8.0,52.0,15.4,36.0,11,0.636,0
PROP-6E84E88CC649,,0,Unregistered,,,,,0,1.0,0
PROP-786FB09FBD2F,,0,Unregistered,,,,,0,1.0,0
PROP-7B5751B58F01,,0,Unregistered,,,,,0,1.0,0
PROP-2643372C0BE6,,0,Unregistered,,,,,0,1.0,0
PROP-788137F6AC7F,,0,Unregistered,,,,,0,1.0,0
PROP-9494CFF4AA57,RERA-MHA-66205401,1,Ongoing,31.0,59.0,52.5,63.0,34,0.441,0
PROP-271439694061,RERA-MHA-29035928,1,Ongoing,34.0,46.0,73.9,149.0,11,0.727,0
PROP-295123DCC734,,0,Unregistered,,,,,0,1.0,0
PROP-FAA73A514DB4,RERA-MHA-67750106,1,Ongoing,15.0,50.0,30.0,96.0,7,0.714,0
PROP-DA735A9450BF,RERA-MHA-13449097,1,Ongoing,7.0,37.0,18.9,68.0,11,0.636,0
PROP-566EE7A10F14,,0,Unregistered,,,,,0,1.0,0
PROP-E7D2C6798FED,RERA-MHA-97949602,1,Ongoing,36.0,44.0,81.8,205.0,10,0.5,0
PROP-DA26163100F0,RERA-MHA-14869365,1,Ongoing,19.0,59.0,32.2,74.0,6,0.667,0
PROP-F207E8BE365E,RERA-MHA-17297168,1,Ongoing,22.0,43.0,51.2,28.0,70,0.5,4
PROP-060B89326CAC,,0,Unregistered,,,,,0,1.0,0
PROP-34677AF68D3D,RERA-MHA-95188715,1,Completed,41.0,37.0,100.0,215.0,9,0.444,0
PROP-0685C5BAA567,,0,Unregistered,,,,,0,1.0,0
PROP-FC048C452959,,0,Unregistered,,,,,0,1.0,0
PROP-C7DB120F3EA5,,0,Unregistered,,,,,0,1.0,0
PROP-9B5BFD6C2262,RERA-MHA-24144858,1,Ongoing,28.0,31.0,90.3,43.0,15,0.333,0
PROP-049D5958CCD0,RERA-MHA-90366594,1,Ongoing,16.0,36.0,44.4,49.0,19,0.158,0
PROP-3BDB8335B3CD,RERA-MHA-20775672,1,Ongoing,6.0,60.0,10.0,215.0,22,0.773,1
PROP-1E8D9974F252,,0,Unregistered,,,,,0,1.0,0
PROP-43485BB6417E,RERA-MHA-34835573,1,Completed,31.0,31.0,100.0,14.0,5,1.0,1
PROP-B3D795CD13B5,,0,Unregistered,,,,,0,1.0,0
PROP-066793FA89D3,,0,Unregistered,,,,,0,1.0,0
PROP-919C73CF2CBB,,0,Unregistered,,,,,0,1.0,0
PROP-1A9999FFD6FA,RERA-MHA-39671659,1,Ongoing,9.0,31.0,29.0,107.0,11,0.273,0
PROP-001318BFAAF9,,0,Unregistered,,,,,0,1.0,0
PROP-86F8CDE057FE,RERA-MHA-68466751,1,Completed,53.0,30.0,100.0,29.0,15,0.6,1
PROP-78F9EC20D7E3,,0,Unregistered,,,,,0,1.0,0
PROP-10AC8C5BD261,,0,Unregistered,,,,,0,1.0,0
PROP-B8C56FCADE08,,0,Unregistered,,,,,0,1.0,0
PROP-DDFDD9E790B0,,0,Unregistered,,,,,0,1.0,0
PROP-6D9830E4F606,,0,Unregistered,,,,,0,1.0,0
PROP-7C593879A806,RERA-MHA-10919731,1,Ongoing,13.0,42.0,31.0,30.0,21,0.571,0
PROP-6D46BB98A74C,,0,Unregistered,,,,,0,1.0,0
PROP-DFA6B7277E06,RERA-MHA-71241859,1,Completed,41.0,33.0,100.0,150.0,23,0.565,0
PROP-0666FF688D38,,0,Unregistered,,,,,0,1.0,0
PROP-94FF28D6435B,RERA-MHA-66524955,1,Ongoing,33.0,60.0,55.0,164.0,15,0.533,0
PROP-3CA68C85783A,RERA-MHA-38251581,1,Ongoing,37.0,39.0,94.9,26.0,10,0.5,0
PROP-F79B47AA84F5,RERA-MHA-67509873,1,Ongoing,31.0,39.0,79.5,62.0,11,0.545,0
PROP-CD2465AC36B4,RERA-MHA-29769083,1,Ongoing,21.0,32.0,65.6,30.0,13,0.462,0
PROP-A88B483AA26B,,0,Unregistered,,,,,0,1.0,0
PROP-5BFD322A5D41,RERA-MHA-80293177,1,Ongoing,19.0,56.0,33.9,22.0,12,0.667,0
PROP-4796F5B96470,,0,Unregistered,,,,,0,1.0,0
PROP-B50CF7C60AA8,RERA-MHA-86473126,1,Ongoing,20.0,52.0,38.5,25.0,4,0.5,0
PROP-33BFF3E81CB2,RERA-MHA-71125247,1,Ongoing,29.0,54.0,53.7,80.0,12,0.583,0
PROP-F950302AB7E9,RERA-MHA-93864982,1,Ongoing,8.0,39.0,20.5,6.0,10,0.6,0
PROP-3771CE6B87E4,,0,Unregistered,,,,,0,1.0,0
PROP-29630EDA1034,RERA-MHA-45374444,1,Ongoing,14.0,38.0,36.8,137.0,9,0.778,0
PROP-F0A15FB127E7,RERA-MHA-45023142,1,Ongoing,20.0,40.0,50.0,122.0,36,0.583,0
PROP-8D398E998DCD,RERA-MHA-56156376,1,Ongoing,10.0,55.0,18.2,104.0,6,0.5,0
PROP-87225A886FCD,RERA-MHA-46439904,1,Ongoing,6.0,26.0,23.1,164.0,10,0.6,0
PROP-4F279F5B1ED4,RERA-MHA-46439904,1,Ongoing,6.0,26.0,23.1,164.0,7,0.429,0
PROP-B3C97AEE700F,RERA-MHA-29938759,1,Ongoing,21.0,55.0,38.2,138.0,15,0.667,0
PROP-548F815BC971,RERA-MHA-27865336,1,Ongoing,30.0,42.0,71.4,137.0,7,0.571,0
PROP-3FE3BA248FEA,,0,Unregistered,,,,,0,1.0,0
PROP-FE190507DDF3,,0,Unregistered,,,,,0,1.0,0
PROP-85467E9869F8,RERA-MHA-43025677,1,Completed,35.0,34.0,100.0,40.0,9,0.778,0
PROP-40D9E1B931B6,RERA-MHA-54882389,1,Ongoing,27.0,45.0,60.0,54.0,70,0.5,4
PROP-F1D4960F04D5,RERA-MHA-68831946,1,Completed,32.0,29.0,100.0,92.0,5,0.6,0
PROP-8009A05A5182,,0,Unregistered,,,,,0,1.0,0
PROP-CBA6D10FFCEF,RERA-MHA-70415019,1,Ongoing,29.0,55.0,52.7,54.0,3,0.333,0
PROP-0BF7D84452A1,RERA-MHA-68663033,1,Ongoing,23.0,46.0,50.0,56.0,7,0.857,0
PROP-17323089F8DE,RERA-MHA-51989691,1,Completed,39.0,25.0,100.0,79.0,12,0.75,1
PROP-06FFF63EFBB0,,0,Unregistered,,,,,0,1.0,0
PROP-ABCE28B8312E,RERA-MHA-14374625,1,Completed,35.0,25.0,100.0,77.0,7,0.571,1
PROP-3C88F71F43AC,,0,Unregistered,,,,,0,1.0,0
PROP-D06FF5398939,RERA-MHA-89003236,1,Ongoing,6.0,44.0,13.6,17.0,15,0.8,0
PROP-8CE39BA668AB,RERA-MHA-49553753,1,Completed,39.0,25.0,100.0,161.0,9,0.556,0
PROP-FDC8E906723F,,0,Unregistered,,,,,0,1.0,0
PROP-A34E6F804358,,0,Unregistered,,,,,0,1.0,0
PROP-111BFDEBDB56,RERA-MHA-99032477,1,Completed,38.0,30.0,100.0,77.0,14,0.786,2
PROP-DBA4AF9BCBF0,,0,Unregistered,,,,,0,1.0,0
PROP-1A51BED9C1A2,,0,Unregistered,,,,,0,1.0,0
PROP-3FC1E3A4FFD2,,0,Unregistered,,,,,0,1.0,0
PROP-B1AF502A92DA,,0,Unregistered,,,,,0,1.0,0
PROP-3D2578C475E4,,0,Unregistered,,,,,0,1.0,0
PROP-82458EDEE159,RERA-MHA-19403538,1,Ongoing,20.0,55.0,36.4,40.0,7,0.571,0
PROP-4D9525C680B5,RERA-MHA-47880881,1,Ongoing,7.0,59.0,11.9,19.0,13,0.462,0
PROP-9BDB0C6AA3F9,RERA-MHA-61377075,1,Ongoing,17.0,40.0,42.5,22.0,16,0.688,2
PROP-6611BBE30AFD,RERA-MHA-76382001,1,Ongoing,27.0,33.0,81.8,168.0,17,0.294,0
PROP-79B6707831F2,RERA-MHA-57721317,1,Ongoing,15.0,50.0,30.0,93.0,7,0.571,0
PROP-10531B3140B0,RERA-MHA-44144287,1,Completed,33.0,27.0,100.0,132.0,12,0.583,0
PROP-E6AE71E06122,RERA-MHA-33289851,1,Completed,44.0,27.0,100.0,127.0,18,0.556,0
PROP-5EAE2B2AECEC,RERA-MHA-63034314,1,Ongoing,20.0,37.0,54.1,82.0,18,0.444,0
PROP-8A71D7DCF74C,,0,Unregistered,,,,,0,1.0,0
PROP-46B5BEA1755E,RERA-MHA-47298370,1,Ongoing,32.0,41.0,78.0,57.0,11,0.273,0
PROP-98371BC9B6E0,RERA-MHA-11350377,1,Ongoing,27.0,42.0,64.3,124.0,10,0.6,0
PROP-066916C01906,RERA-MHA-83552822,1,Ongoing,16.0,36.0,44.4,23.0,10,0.7,0
PROP-7EBB5087BF51,RERA-MHA-27480728,1,Ongoing,30.0,50.0,60.0,28.0,6,0.333,0
PROP-2B25F705D100,,0,Unregistered,,,,,0,1.0,0
PROP-4895B1F5D299,RERA-MHA-41893881,1,Ongoing,31.0,32.0,96.9,49.0,6,0.833,1
PROP-F0899F868C0B,RERA-MHA-05357777,1,Ongoing,7.0,44.0,15.9,62.0,10,0.6,0
PROP-9989B466FF80,,0,Unregistered,,,,,0,1.0,0
PROP-F947E06008ED,,0,Unregistered,,,,,0,1.0,0
PROP-495A76127945,,0,Unregistered,,,,,0,1.0,0
PROP-40A11C553B9B,,0,Unregistered,,,,,0,1.0,0
PROP-EA5C1B8F0143,RERA-MHA-60982925,1,Ongoing,7.0,28.0,25.0,112.0,20,0.65,1
PROP-463F0D23121B,,0,Unregistered,,,,,0,1.0,0
PROP-F5D7A606F95D,,0,Unregistered,,,,,0,1.0,0
PROP-7DA1185D0CF2,RERA-MHA-91817609,1,Ongoing,19.0,59.0,32.2,18.0,12,0.833,1
PROP-21FDA9DC961F,RERA-MHA-41811285,1,Ongoing,31.0,33.0,93.9,190.0,23,0.565,2
PROP-D3FEBEFB6E42,,0,Unregistered,,,,,0,1.0,0
PROP-D4DFEC881B21,RERA-MHA-67053866,1,Ongoing,47.0,48.0,97.9,151.0,13,0.615,0
PROP-89399CC1D6C1,RERA-MHA-01778707,1,Completed,37.0,28.0,100.0,159.0,13,0.923,0
PROP-D77D9222A2C0,RERA-MHA-19673531,1,Ongoing,17.0,35.0,48.6,89.0,7,0.714,1
PROP-2044513F4500,RERA-MHA-82452246,1,Ongoing,32.0,55.0,58.2,37.0,9,0.333,0
PROP-A8A69C338FBE,,0,Unregistered,,,,,0,1.0,0
PROP-80ACF106D9F6,RERA-MHA-16048146,1,Ongoing,8.0,38.0,21.1,35.0,14,0.643,0
PROP-D108AAA71E70,RERA-MHA-85501430,1,Ongoing,8.0,28.0,28.6,118.0,6,0.667,0
PROP-B4FD1A047B82,,0,Unregistered,,,,,0,1.0,0
PROP-7F016980DCDA,RERA-MHA-50140482,1,Ongoing,24.0,28.0,85.7,197.0,12,0.333,0
PROP-D7872544ACF6,,0,Unregistered,,,,,0,1.0,0
PROP-1927F4FAED76,RERA-MHA-97385046,1,Ongoing,40.0,60.0,66.7,137.0,6,0.833,1
PROP-20118A92E4C9,RERA-MHA-74803521,1,Completed,42.0,30.0,100.0,183.0,13,0.846,3
PROP-BABEA0FA8CBF,,0,Unregistered,,,,,0,1.0,0
PROP-CEC197066BF0,,0,Unregistered,,,,,0,1.0,0
PROP-2619AB4777F1,,0,Unregistered,,,,,0,1.0,0
PROP-957E1381A560,RERA-MHA-50971780,1,Completed,30.0,25.0,100.0,144.0,9,0.222,0
PROP-61D3FEC6E5AB,RERA-MHA-19856738,1,Ongoing,28.0,31.0,90.3,31.0,10,0.7,0
PROP-D4B9206D970E,,0,Unregistered,,,,,0,1.0,0
PROP-25FF8814FBC2,,0,Unregistered,,,,,0,1.0,0
PROP-C467DD9DF355,RERA-MHA-64946263,1,Completed,49.0,47.0,100.0,92.0,21,0.571,0
PROP-6E508BA9B17E,,0,Unregistered,,,,,0,1.0,0
PROP-F1DA22C08425,RERA-MHA-14119580,1,Completed,26.0,25.0,100.0,108.0,16,0.438,0
PROP-5014DED7A708,,0,Unregistered,,,,,0,1.0,0
PROP-B3FD96214285,,0,Unregistered,,,,,0,1.0,0
PROP-0769EA322E77,,0,Unregistered,,,,,0,1.0,0
PROP-8C642CD8A9A6,,0,Unregistered,,,,,0,1.0,0
PROP-6FD7BDEA26B9,,0,Unregistered,,,,,0,1.0,0
PROP-6D88DEFC5CF0,RERA-MHA-20497780,1,Ongoing,38.0,42.0,90.5,52.0,13,0.462,0
PROP-538ABF9DD299,RERA-MHA-07195095,1,Ongoing,37.0,49.0,75.5,37.0,13,0.538,0
PROP-5A5C0576486C,RERA-MHA-01264999,1,Ongoing,37.0,42.0,88.1,41.0,9,0.333,0
PROP-157ED9AE81A5,RERA-MHA-02579264,1,Completed,38.0,26.0,100.0,106.0,10,0.8,0
PROP-05DB6BF616BA,RERA-MHA-10555752,1,Completed,30.0,25.0,100.0,74.0,13,0.846,2
PROP-D48491EB1F80,,0,Unregistered,,,,,0,1.0,0
PROP-BFB55F415A7A,RERA-MHA-88698253,1,Ongoing,34.0,46.0,73.9,55.0,17,0.588,0
PROP-E1EE0F912893,RERA-MHA-97268547,1,Ongoing,17.0,60.0,28.3,90.0,22,0.364,0
PROP-4F2496A1C9A1,RERA-MHA-78288979,1,Ongoing,25.0,44.0,56.8,70.0,14,0.857,1
PROP-E2C22847CF85,RERA-MHA-26889488,1,Ongoing,30.0,59.0,50.8,37.0,6,0.667,0
PROP-4C588D543D3D,RERA-MHA-27723750,1,Completed,60.0,49.0,100.0,133.0,8,0.875,0
PROP-F0FC0728F8B6,RERA-MHA-27723750,1,Ongoing,36.0,49.0,73.5,133.0,7,0.429,0
PROP-81EE7814DACC,,0,Unregistered,,,,,0,1.0,0
PROP-65193BACF062,RERA-MHA-55013307,1,Ongoing,9.0,39.0,23.1,93.0,15,0.667,1
PROP-4A6062BD3BB8,RERA-MHA-83627068,1,Ongoing,34.0,41.0,82.9,98.0,6,0.667,0
PROP-34EF9D761D0A,RERA-MHA-02346808,1,Ongoing,10.0,26.0,38.5,8.0,25,0.48,1
PROP-8B564A8BDBC4,,0,Unregistered,,,,,0,1.0,0
PROP-7A8C29F1D87F,RERA-MHA-69861621,1,Ongoing,26.0,34.0,76.5,63.0,21,0.333,0
PROP-F4F07277DBCB,RERA-MHA-81511824,1,Ongoing,26.0,44.0,59.1,197.0,11,0.455,0
PROP-08FC70C26D6F,RERA-MHA-31173471,1,Ongoing,13.0,36.0,36.1,28.0,20,0.75,2
PROP-65CE52EA6B36,RERA-MHA-98365341,1,Completed,39.0,39.0,100.0,30.0,15,0.533,0
PROP-83511C4DB230,,0,Unregistered,,,,,0,1.0,0
PROP-D5FD81836788,RERA-MHA-10220788,1,Completed,30.0,30.0,100.0,27.0,6,0.5,0
PROP-5B4C7CA9BE8E,,0,Unregistered,,,,,0,1.0,0
PROP-DADA56B53A77,,0,Unregistered,,,,,0,1.0,0
PROP-E7B7701D29C4,RERA-MHA-84766411,1,Ongoing,25.0,54.0,46.3,19.0,9,0.556,0
PROP-8B985806F72E,,0,Unregistered,,,,,0,1.0,0
PROP-556E9289FDED,RERA-MHA-10689142,1,Ongoing,40.0,56.0,71.4,66.0,4,0.25,0
PROP-BF758B14EF8B,,0,Unregistered,,,,,0,1.0,0
PROP-82762D7A6A9C,,0,Unregistered,,,,,0,1.0,0
PROP-CE6ED29B8392,,0,Unregistered,,,,,0,1.0,0
PROP-E50DBA28A902,,0,Unregistered,,,,,0,1.0,0
PROP-0628DF792B8D,RERA-MHA-61731622,1,Ongoing,8.0,59.0,13.6,48.0,4,0.75,0
PROP-37190FBA3A77,RERA-MHA-67141484,1,Ongoing,38.0,46.0,82.6,113.0,5,0.6,0
PROP-5F4E7DB62082,RERA-MHA-19498585,1,Ongoing,30.0,39.0,76.9,88.0,17,0.529,0
PROP-FF04B8AC10B3,,0,Unregistered,,,,,0,1.0,0
PROP-18F040AF546D,RERA-MHA-48365561,1,Ongoing,11.0,44.0,25.0,177.0,6,0.167,0
PROP-C0930703656C,RERA-MHA-05316650,1,Ongoing,36.0,43.0,83.7,68.0,36,0.667,0
PROP-67CF758BC228,RERA-MHA-83627068,1,Ongoing,34.0,41.0,82.9,98.0,6,0.167,0
PROP-7E76D5D9A102,,0,Unregistered,,,,,0,1.0,0
PROP-C2B58D47AD82,,0,Unregistered,,,,,0,1.0,0
PROP-754BC171D4DA,,0,Unregistered,,,,,0,1.0,0
PROP-DFDC74CF6BC5,RERA-MHA-55475930,1,Ongoing,24.0,29.0,82.8,60.0,12,0.667,0
PROP-12E3BC417E43,RERA-MHA-80835093,1,Ongoing,39.0,40.0,97.5,72.0,9,0.556,0
PROP-13B112EC5F8E,RERA-MHA-24189824,1,Ongoing,18.0,39.0,46.2,49.0,6,0.833,1
PROP-66732118FB1B,RERA-MHA-95174740,1,Ongoing,10.0,38.0,26.3,66.0,17,0.706,2
PROP-25F35AE6F2D1,,0,Unregistered,,,,,0,1.0,0
PROP-8BCC463AE3CB,RERA-MHA-61598074,1,Ongoing,40.0,51.0,78.4,140.0,20,0.4,0
PROP-7F1C23DC6C41,,0,Unregistered,,,,,0,1.0,0
PROP-1E75F3ADC566,RERA-MHA-53679963,1,Ongoing,13.0,43.0,30.2,16.0,4,0.75,0
PROP-A6D7D99AD922,RERA-MHA-81354619,1,Ongoing,13.0,46.0,28.3,163.0,15,0.333,0
PROP-13ECAAE6CF5C,,0,Unregistered,,,,,0,1.0,0
PROP-21C3571905E5,RERA-MHA-35208484,1,Ongoing,6.0,50.0,12.0,96.0,10,0.8,0
PROP-8BB6B4D89DAB,RERA-MHA-19498585,1,Ongoing,27.0,39.0,69.2,88.0,16,0.562,0
PROP-4F6223F84975,RERA-MHA-42296888,1,Ongoing,30.0,42.0,71.4,155.0,16,0.875,0
PROP-A1E332ACB300,,0,Unregistered,,,,,0,1.0,0
PROP-FEA84B75EC88,RERA-MHA-69513003,1,Ongoing,32.0,57.0,56.1,181.0,5,0.6,0
PROP-C8EA04DAD649,,0,Unregistered,,,,,0,1.0,0
PROP-EF678C9B85C0,,0,Unregistered,,,,,0,1.0,0
PROP-1281D0CC8F2D,RERA-MHA-65212572,1,Ongoing,26.0,35.0,74.3,93.0,17,0.941,2
PROP-B237BA786C95,RERA-MHA-12015507,1,Ongoing,9.0,31.0,29.0,161.0,14,0.357,0
PROP-5703A72A13A7,,0,Unregistered,,,,,0,1.0,0
PROP-5125A152AFD3,RERA-MHA-81544557,1,Ongoing,19.0,49.0,38.8,112.0,18,0.5,0
PROP-F470A218D690,,0,Unregistered,,,,,0,1.0,0
PROP-40B5A49DB6F2,,0,Unregistered,,,,,0,1.0,0
PROP-F629493F41EF,RERA-MHA-01592861,1,Ongoing,23.0,27.0,85.2,80.0,5,0.6,0
PROP-A30A290DA654,,0,Unregistered,,,,,0,1.0,0
PROP-B88AE050D27A,,0,Unregistered,,,,,0,1.0,0
PROP-092D9847A913,RERA-MHA-48660048,1,Ongoing,27.0,31.0,87.1,95.0,26,0.538,2
PROP-8CCEEDA6A02B,RERA-MHA-63151674,1,Ongoing,28.0,30.0,93.3,214.0,6,0.333,0
PROP-DFC59B418382,,0,Unregistered,,,,,0,1.0,0
PROP-75A87272C6C3,RERA-MHA-45126388,1,Ongoing,35.0,38.0,92.1,188.0,8,0.625,0
PROP-032940A5E7B1,RERA-MHA-24818102,1,Ongoing,12.0,38.0,31.6,74.0,12,0.75,1
PROP-6C1BF76EA029,RERA-MHA-65212572,1,Ongoing,26.0,35.0,74.3,93.0,15,0.533,0
PROP-E8806904E749,,0,Unregistered,,,,,0,1.0,0
PROP-C1EC5C3B51E6,RERA-MHA-22550786,1,Ongoing,12.0,48.0,25.0,80.0,5,0.2,0
PROP-82352E74F13A,RERA-MHA-47022136,1,Ongoing,10.0,30.0,33.3,196.0,18,0.556,2
PROP-8CE170936004,,0,Unregistered,,,,,0,1.0,0
PROP-662C0C252373,RERA-MHA-81880269,1,Ongoing,23.0,30.0,76.7,150.0,15,0.533,0
PROP-4E59815F38F6,,0,Unregistered,,,,,0,1.0,0
PROP-56BEFCD9061F,RERA-MHA-29035928,1,Ongoing,34.0,46.0,73.9,149.0,11,0.545,0
PROP-639C8CE9E311,RERA-MHA-19436714,1,Ongoing,12.0,44.0,27.3,66.0,15,0.667,2
PROP-C9BEEBEDAC3F,,0,Unregistered,,,,,0,1.0,0
PROP-5DEF78DEA618,RERA-MHA-25143474,1,Ongoing,28.0,41.0,68.3,102.0,6,0.5,0
PROP-386A201A1DD9,,0,Unregistered,,,,,0,1.0,0
PROP-5CAB90191280,,0,Unregistered,,,,,0,1.0,0
PROP-327684CC7F84,,0,Unregistered,,,,,0,1.0,0
PROP-DD2768D7343D,RERA-MHA-16732227,1,Ongoing,9.0,52.0,17.3,72.0,12,0.75,1
PROP-C387907939FA,,0,Unregistered,,,,,0,1.0,0
PROP-E61270EC5272,RERA-MHA-50411727,1,Ongoing,13.0,48.0,27.1,135.0,11,0.636,0
PROP-623733528207,,0,Unregistered,,,,,0,1.0,0
PROP-04C161AE2CCE,,0,Unregistered,,,,,0,1.0,0
PROP-F9FBE78D8FFE,,0,Unregistered,,,,,0,1.0,0
PROP-6CD85AE4EDE4,RERA-MHA-29541718,1,Ongoing,8.0,25.0,32.0,62.0,7,0.857,0
PROP-C50197315C5B,,0,Unregistered,,,,,0,1.0,0
PROP-258A7B3289E8,RERA-MHA-98382909,1,Ongoing,19.0,42.0,45.2,229.0,14,0.714,1
PROP-4C13FCD627EA,RERA-MHA-89876024,1,Ongoing,22.0,31.0,71.0,203.0,9,0.222,0
PROP-AB5A295B5293,RERA-MHA-59513596,1,Completed,57.0,27.0,100.0,98.0,26,0.577,2
PROP-F4EA993DEABF,RERA-MHA-75721725,1,Ongoing,19.0,24.0,79.2,66.0,15,0.6,0
PROP-AD54BB215A54,,0,Unregistered,,,,,0,1.0,0
PROP-216A3970FF18,,0,Unregistered,,,,,0,1.0,0
PROP-42823F195F14,,0,Unregistered,,,,,0,1.0,0
PROP-A347BF67ECD7,,0,Unregistered,,,,,0,1.0,0
PROP-C9B6A738DB92,RERA-MHA-79373220,1,Ongoing,14.0,53.0,26.4,197.0,6,0.333,0
PROP-936538311055,,0,Unregistered,,,,,0,1.0,0
PROP-3604A149C639,RERA-MHA-02834456,1,Ongoing,18.0,51.0,35.3,57.0,15,0.667,4
PROP-BE239DD674F3,,0,Unregistered,,,,,0,1.0,0
PROP-51E6A11F9F12,RERA-MHA-42393769,1,Completed,31.0,30.0,100.0,219.0,18,0.833,0
PROP-F50B848797C0,,0,Unregistered,,,,,0,1.0,0
PROP-626E8083D7D8,,0,Unregistered,,,,,0,1.0,0
PROP-4739520183B5,RERA-MHA-62397317,1,Completed,58.0,38.0,100.0,195.0,14,0.643,0
PROP-FFB3588CEFE0,,0,Unregistered,,,,,0,1.0,0
PROP-684C8885B654,,0,Unregistered,,,,,0,1.0,0
PROP-8C198171E8E5,,0,Unregistered,,,,,0,1.0,0
PROP-9667B003D1BE,RERA-MHA-19536099,1,Ongoing,17.0,41.0,41.5,81.0,18,0.611,1
PROP-8E5E873C46A7,,0,Unregistered,,,,,0,1.0,0
PROP-0FA60BF8C7B6,,0,Unregistered,,,,,0,1.0,0
PROP-C64E74AC76E8,RERA-MHA-55732806,1,Completed,36.0,26.0,100.0,85.0,5,0.6,0
PROP-51A5A2ECA102,RERA-MHA-67141484,1,Completed,56.0,46.0,100.0,113.0,5,0.8,0
PROP-52D8EDAAADF1,,0,Unregistered,,,,,0,1.0,0
PROP-241169F74BD5,RERA-MHA-23582473,1,Ongoing,11.0,46.0,23.9,41.0,15,0.333,0
PROP-E360FF53B36D,RERA-MHA-30712606,1,Ongoing,20.0,36.0,55.6,42.0,13,0.538,2
PROP-60780B1C3D0A,,0,Unregistered,,,,,0,1.0,0
PROP-B99E0AED39E8,RERA-MHA-70758205,1,Ongoing,22.0,45.0,48.9,129.0,21,0.571,0
PROP-CB4E80D5A74D,RERA-MHA-27366293,1,Completed,39.0,38.0,100.0,72.0,15,0.333,0
PROP-CEF4502E36A3,RERA-MHA-51572962,1,Ongoing,28.0,33.0,84.8,127.0,4,0.0,0
PROP-0BC37CD107BC,RERA-MHA-90800184,1,Completed,30.0,25.0,100.0,97.0,9,0.556,0
PROP-044831D23A87,,0,Unregistered,,,,,0,1.0,0
PROP-D9B9D7AED0A7,,0,Unregistered,,,,,0,1.0,0
PROP-C4DBA2A1ED42,,0,Unregistered,,,,,0,1.0,0
PROP-5AFE12F0A193,RERA-MHA-31508195,1,Ongoing,33.0,46.0,71.7,19.0,15,0.8,1
PROP-89B77AC0EE3E,RERA-MHA-64867759,1,Completed,41.0,24.0,100.0,98.0,16,0.688,1
PROP-07EEE83E2835,RERA-MHA-55460981,1,Ongoing,27.0,57.0,47.4,49.0,16,0.312,0
PROP-A4E86BEAD90F,RERA-MHA-83349773,1,Ongoing,39.0,47.0,83.0,123.0,23,0.435,1
PROP-0CDB9B891411,RERA-MHA-01870230,1,Ongoing,20.0,26.0,76.9,39.0,36,0.333,0
PROP-AD8CA20AED10,RERA-MHA-55060811,1,Ongoing,25.0,29.0,86.2,59.0,19,0.474,0
PROP-E183B36DBF9C,,0,Unregistered,,,,,0,1.0,0
PROP-564182A3E8B8,RERA-MHA-82937929,1,Ongoing,23.0,59.0,39.0,194.0,19,0.632,0
PROP-CFA52F3979C0,,0,Unregistered,,,,,0,1.0,0
PROP-5DB57BA1A7CB,RERA-MHA-45184852,1,Ongoing,22.0,24.0,91.7,110.0,21,0.476,0
PROP-AC7D64B14B65,RERA-MHA-45184852,1,Completed,25.0,24.0,100.0,110.0,21,0.524,0
PROP-3BB3566365F3,,0,Unregistered,,,,,0,1.0,0
PROP-9C41AA9B9845,,0,Unregistered,,,,,0,1.0,0
PROP-927CF93EB351,RERA-MHA-69513003,1,Ongoing,50.0,57.0,87.7,181.0,5,0.6,0
PROP-93D6541C53EF,,0,Unregistered,,,,,0,1.0,0
PROP-5CDF7CDCFC90,RERA-MHA-71017882,1,Ongoing,28.0,29.0,96.6,59.0,6,0.833,1
PROP-612330DF8800,RERA-MHA-49816304,1,Ongoing,38.0,44.0,86.4,27.0,6,0.833,3
PROP-A806A3D62046,RERA-MHA-69975209,1,Ongoing,15.0,26.0,57.7,36.0,15,0.6,0
PROP-AEE7B3201B77,,0,Unregistered,,,,,0,1.0,0
PROP-6C332B2D239F,,0,Unregistered,,,,,0,1.0,0
PROP-13F27197B8B3,RERA-MHA-44709285,1,Ongoing,27.0,32.0,84.4,108.0,20,0.4,0
PROP-B99373CE6620,,0,Unregistered,,,,,0,1.0,0
PROP-43456579DF5C,RERA-MHA-72108293,1,Ongoing,31.0,42.0,73.8,78.0,9,0.667,0
PROP-013706B19C75,RERA-MHA-73666967,1,Ongoing,34.0,50.0,68.0,46.0,10,0.4,0
PROP-9E6DD4D6C72D,RERA-MHA-90447860,1,Ongoing,14.0,27.0,51.9,29.0,9,0.333,0
PROP-D1FD6B1E6E59,RERA-MHA-43784763,1,Completed,25.0,25.0,100.0,39.0,12,0.417,0
PROP-801D8A9A9CFB,RERA-MHA-12171574,1,Ongoing,32.0,55.0,58.2,26.0,9,0.778,1
PROP-A008F580FC00,,0,Unregistered,,,,,0,1.0,0
PROP-BEE66263B988,,0,Unregistered,,,,,0,1.0,0
PROP-DA5DCCD50564,,0,Unregistered,,,,,0,1.0,0
PROP-26E5909FF552,,0,Unregistered,,,,,0,1.0,0
PROP-6FB28E504072,RERA-MHA-57560261,1,Ongoing,11.0,50.0,22.0,29.0,9,0.667,0
PROP-B5A5D7FF923D,,0,Unregistered,,,,,0,1.0,0
PROP-B9006429FAA0,RERA-MHA-63894027,1,Ongoing,9.0,48.0,18.8,132.0,12,0.5,0
PROP-E17B82CBA0DD,RERA-MHA-71635577,1,Ongoing,23.0,28.0,82.1,108.0,9,0.778,1
PROP-62B08F952DD4,RERA-MHA-67276890,1,Ongoing,28.0,59.0,47.5,249.0,19,0.316,0
PROP-F495729889C7,RERA-MHA-71817994,1,Ongoing,36.0,55.0,65.5,145.0,11,0.636,1
PROP-374618C483C5,,0,Unregistered,,,,,0,1.0,0
PROP-3C15F26CE943,,0,Unregistered,,,,,0,1.0,0
PROP-38BEE47EFC65,,0,Unregistered,,,,,0,1.0,0
PROP-1099F5BD6C81,,0,Unregistered,,,,,0,1.0,0
PROP-1779D7AD70C3,,0,Unregistered,,,,,0,1.0,0
PROP-9B452B50C0C9,RERA-MHA-88674216,1,Ongoing,6.0,51.0,11.8,107.0,13,0.385,0
PROP-508FB2274A5A,,0,Unregistered,,,,,0,1.0,0
PROP-EA77DC88011E,,0,Unregistered,,,,,0,1.0,0
PROP-80AFC880BD16,,0,Unregistered,,,,,0,1.0,0
PROP-FCBB889AC8DB,,0,Unregistered,,,,,0,1.0,0
PROP-12E3ACA23BD5,,0,Unregistered,,,,,0,1.0,0
PROP-F499B805F45A,RERA-MHA-72856734,1,Ongoing,32.0,33.0,97.0,57.0,9,0.556,0
PROP-65350B3917F3,,0,Unregistered,,,,,0,1.0,0
PROP-9269F5EDABE3,RERA-MHA-05101511,1,Ongoing,9.0,37.0,24.3,224.0,14,0.929,3
PROP-3EE3D6B2FE17,,0,Unregistered,,,,,0,1.0,0
PROP-F25B1BA0C5F1,,0,Unregistered,,,,,0,1.0,0
PROP-AFC8153AFC9D,,0,Unregistered,,,,,0,1.0,0
PROP-2F60C283B311,RERA-MHA-19682785,1,Ongoing,11.0,40.0,27.5,36.0,10,0.5,0
PROP-C24219733A36,RERA-MHA-10297877,1,Completed,39.0,36.0,100.0,146.0,9,1.0,0
PROP-881E12E4FFFC,,0,Unregistered,,,,,0,1.0,0
PROP-8874BF2107E9,RERA-MHA-34896495,1,Ongoing,13.0,27.0,48.1,183.0,14,0.714,0
PROP-727FE5F2E782,,0,Unregistered,,,,,0,1.0,0
PROP-AF77E05E8B73,,0,Unregistered,,,,,0,1.0,0
PROP-6CE21426A791,RERA-MHA-31076975,1,Ongoing,13.0,48.0,27.1,255.0,7,0.714,0
PROP-A4533E45FD3F,RERA-MHA-14533949,1,Ongoing,15.0,41.0,36.6,56.0,6,0.5,1
PROP-9B239F57D201,RERA-MHA-32184885,1,Ongoing,14.0,33.0,42.4,73.0,15,0.8,2
PROP-C09982527D26,RERA-MHA-73622075,1,Completed,33.0,30.0,100.0,57.0,13,0.923,1
PROP-48CB268852CA,RERA-MHA-27938371,1,Ongoing,25.0,47.0,53.2,50.0,25,0.68,2
PROP-CB78544E03CE,RERA-MHA-60822416,1,Ongoing,10.0,26.0,38.5,15.0,7,0.571,0
PROP-2DFC406BB91A,RERA-MHA-62534013,1,Ongoing,11.0,38.0,28.9,56.0,12,0.5,0
PROP-C599196D9B68,RERA-MHA-84625557,1,Ongoing,35.0,38.0,92.1,32.0,13,0.846,1
PROP-07AF743954FD,RERA-MHA-47880881,1,Ongoing,25.0,59.0,42.4,19.0,13,0.692,0
PROP-555DE32B3741,RERA-MHA-30757558,1,Ongoing,32.0,42.0,76.2,73.0,15,0.933,3
PROP-F466BD78E78E,,0,Unregistered,,,,,0,1.0,0
PROP-8D1661BF0AFD,RERA-MHA-82281836,1,Ongoing,30.0,50.0,60.0,57.0,7,0.286,0
PROP-2BF2662B6B17,,0,Unregistered,,,,,0,1.0,0
PROP-2766DFA3E26A,RERA-MHA-55474946,1,Ongoing,36.0,57.0,63.2,92.0,7,0.571,0
PROP-F3DDAEDE37E9,RERA-MHA-16380621,1,Ongoing,27.0,46.0,58.7,81.0,23,0.565,0
PROP-77A24BFAE794,,0,Unregistered,,,,,0,1.0,0
PROP-D209C7554DE3,,0,Unregistered,,,,,0,1.0,0
PROP-35A4B3731368,RERA-MHA-90838345,1,Ongoing,7.0,54.0,13.0,41.0,8,0.5,0
PROP-6F8D76B8396F,RERA-MHA-41296254,1,Ongoing,12.0,44.0,27.3,30.0,10,0.4,0
PROP-A7F33E11CFCA,RERA-MHA-04186376,1,Ongoing,30.0,41.0,73.2,59.0,15,0.533,0
PROP-85650C254843,RERA-MHA-55460981,1,Ongoing,36.0,57.0,63.2,49.0,18,0.5,0
PROP-F893D9DC4CE5,RERA-MHA-01132505,1,Ongoing,27.0,56.0,48.2,24.0,5,0.8,0
PROP-BEFE2662E499,RERA-MHA-35935105,1,Ongoing,15.0,33.0,45.5,174.0,12,0.667,1
PROP-1BC341943B09,,0,Unregistered,,,,,0,1.0,0
PROP-481599F19DDA,,0,Unregistered,,,,,0,1.0,0
PROP-EE337B8241A9,RERA-MHA-88762618,1,Ongoing,16.0,50.0,32.0,129.0,15,0.8,2
PROP-9DC3EB4D0928,RERA-MHA-31148314,1,Completed,36.0,36.0,100.0,69.0,10,0.9,0
PROP-CA184101B74D,,0,Unregistered,,,,,0,1.0,0
PROP-6E632B8E7AFD,RERA-MHA-51304051,1,Ongoing,37.0,53.0,69.8,143.0,17,0.294,0
PROP-D76597982D99,RERA-MHA-78412764,1,Ongoing,10.0,36.0,27.8,147.0,26,0.769,4
PROP-FBD56AE32791,,0,Unregistered,,,,,0,1.0,0
PROP-2B61A4E688EB,,0,Unregistered,,,,,0,1.0,0
PROP-AF6169902B19,,0,Unregistered,,,,,0,1.0,0
PROP-24856E68EB59,,0,Unregistered,,,,,0,1.0,0
PROP-AD5CCE3144D6,RERA-MHA-48365561,1,Ongoing,20.0,44.0,45.5,177.0,10,0.3,0
PROP-7669A089B755,,0,Unregistered,,,,,0,1.0,0
PROP-2FDBAFF019E1,RERA-MHA-90625212,1,Ongoing,6.0,29.0,20.7,117.0,8,0.375,0
PROP-7CC6C5D1FB5B,RERA-MHA-17498928,1,Ongoing,22.0,56.0,39.3,98.0,11,0.455,0
PROP-F32113CCACBB,,0,Unregistered,,,,,0,1.0,0
PROP-709A8816E033,RERA-MHA-37251908,1,Completed,34.0,26.0,100.0,49.0,7,0.571,0
PROP-1496F0B5A51B,RERA-MHA-83235862,1,Ongoing,32.0,53.0,60.4,206.0,11,0.455,0
PROP-E41D3A98B47F,,0,Unregistered,,,,,0,1.0,0
PROP-6C43A68BFCCB,RERA-MHA-74036864,1,Ongoing,14.0,52.0,26.9,52.0,12,0.417,0
PROP-CD391BCBBBD2,RERA-MHA-82386203,1,Ongoing,9.0,54.0,16.7,65.0,13,0.538,0
PROP-9FCE3E9E3B91,,0,Unregistered,,,,,0,1.0,0
PROP-0EA1686B4892,,0,Unregistered,,,,,0,1.0,0
PROP-CB7C66C2ECDB,,0,Unregistered,,,,,0,1.0,0
PROP-B89AA763D3F9,,0,Unregistered,,,,,0,1.0,0
PROP-4F7E04D32961,,0,Unregistered,,,,,0,1.0,0
PROP-193BE0C5DCEE,,0,Unregistered,,,,,0,1.0,0
PROP-1BA137FCFEB8,RERA-MHA-36618081,1,Completed,27.0,24.0,100.0,93.0,16,0.875,6
PROP-DA3F8F584DCD,,0,Unregistered,,,,,0,1.0,0
PROP-EAABBAF02A7C,RERA-MHA-93876668,1,Ongoing,18.0,26.0,69.2,47.0,11,0.636,0
PROP-AAF6C5F29F96,RERA-MHA-76481121,1,Completed,39.0,37.0,100.0,77.0,8,0.625,0
PROP-E3C894336044,RERA-MHA-32156681,1,Ongoing,15.0,57.0,26.3,193.0,10,0.3,0
PROP-A4AEBF37C5FB,RERA-MHA-42777157,1,Ongoing,31.0,42.0,73.8,115.0,13,0.769,0
PROP-694D92F52C64,RERA-MHA-88437284,1,Ongoing,10.0,30.0,33.3,64.0,7,0.429,0
PROP-8A84311D4E79,RERA-MHA-21484967,1,Ongoing,17.0,48.0,35.4,11.0,10,0.7,1
PROP-C25FEB16AEB2,,0,Unregistered,,,,,0,1.0,0
PROP-D1995B4553C1,,0,Unregistered,,,,,0,1.0,0
PROP-CE92ABFFB9EC,,0,Unregistered,,,,,0,1.0,0
PROP-B5062375AB07,,0,Unregistered,,,,,0,1.0,0
PROP-D696887D2205,,0,Unregistered,,,,,0,1.0,0
PROP-62EBB1290315,RERA-MHA-59096222,1,Ongoing,36.0,47.0,76.6,269.0,42,0.143,0
PROP-D13CBBD0E596,,0,Unregistered,,,,,0,1.0,0
PROP-2EE81640DF4A,,0,Unregistered,,,,,0,1.0,0
PROP-CB5580689434,,0,Unregistered,,,,,0,1.0,0
PROP-FD2537AB7D4A,,0,Unregistered,,,,,0,1.0,0
PROP-1FCABA50DCDC,,0,Unregistered,,,,,0,1.0,0
PROP-342060DDC643,,0,Unregistered,,,,,0,1.0,0
PROP-F15F89F367BB,,0,Unregistered,,,,,0,1.0,0
PROP-FAEE374ECE3C,RERA-MHA-43351479,1,Ongoing,29.0,35.0,82.9,22.0,12,0.417,0
PROP-D447BF11DC89,RERA-MHA-60743293,1,Ongoing,35.0,44.0,79.5,214.0,70,0.471,4
PROP-E399DA9C45C1,RERA-MHA-64790359,1,Completed,41.0,28.0,100.0,29.0,70,0.5,4
PROP-35B3FD2B9BC4,RERA-MHA-19510172,1,Ongoing,26.0,41.0,63.4,60.0,15,0.8,2
PROP-2B2F431A70C5,,0,Unregistered,,,,,0,1.0,0
PROP-7DDF5AE731A8,RERA-MHA-68803321,1,Ongoing,19.0,38.0,50.0,100.0,5,0.4,0
PROP-6B15FA5E360D,,0,Unregistered,,,,,0,1.0,0
PROP-B7CFF0B405B6,,0,Unregistered,,,,,0,1.0,0
PROP-57D0D7ED3076,,0,Unregistered,,,,,0,1.0,0
PROP-38DBCB1ED603,RERA-MHA-92382975,1,Ongoing,41.0,52.0,78.8,30.0,14,0.5,0
PROP-EF4DF3A0DFD1,,0,Unregistered,,,,,0,1.0,0
PROP-25B38AAEB3AD,,0,Unregistered,,,,,0,1.0,0
PROP-2323583E1E69,RERA-MHA-11842207,1,Ongoing,33.0,42.0,78.6,105.0,13,0.615,1
PROP-1564DBA664BF,,0,Unregistered,,,,,0,1.0,0
PROP-030005A8B1A6,,0,Unregistered,,,,,0,1.0,0
PROP-DA8F1BBCE7D0,,0,Unregistered,,,,,0,1.0,0
PROP-CDE5915D91A0,,0,Unregistered,,,,,0,1.0,0
PROP-4E71920B5F47,,0,Unregistered,,,,,0,1.0,0
PROP-FE5D067F9356,,0,Unregistered,,,,,0,1.0,0
PROP-531840654D4E,RERA-MHA-17355164,1,Ongoing,18.0,57.0,31.6,235.0,22,0.273,0
PROP-B0A1E0CB287D,RERA-MHA-91716498,1,Ongoing,12.0,44.0,27.3,200.0,8,0.5,0
PROP-929F154C0F01,,0,Unregistered,,,,,0,1.0,0
PROP-DF0683A91B88,RERA-MHA-62293054,1,Ongoing,32.0,47.0,68.1,65.0,16,0.625,1
PROP-DBFE6CBE74DA,,0,Unregistered,,,,,0,1.0,0
PROP-990DC6A6EBEE,,0,Unregistered,,,,,0,1.0,0
PROP-C861BD6AC177,,0,Unregistered,,,,,0,1.0,0
PROP-60FB87D3D987,,0,Unregistered,,,,,0,1.0,0
PROP-73995817A101,,0,Unregistered,,,,,0,1.0,0
PROP-BE8110CA5D43,RERA-MHA-61200157,1,Ongoing,19.0,51.0,37.3,89.0,15,0.933,4
PROP-F95D5F0487CD,,0,Unregistered,,,,,0,1.0,0
PROP-E4DA24964A18,,0,Unregistered,,,,,0,1.0,0
PROP-966366430254,,0,Unregistered,,,,,0,1.0,0
PROP-91A1240A791A,,0,Unregistered,,,,,0,1.0,0
PROP-723462B2A34B,,0,Unregistered,,,,,0,1.0,0
PROP-73EF98B55AC1,RERA-MHA-16004048,1,Ongoing,6.0,28.0,21.4,56.0,16,0.688,2
PROP-459481581893,,0,Unregistered,,,,,0,1.0,0
PROP-CBD8F1B08CAE,,0,Unregistered,,,,,0,1.0,0
PROP-C6A4DE4B5543,,0,Unregistered,,,,,0,1.0,0
PROP-4685003231E8,RERA-MHA-92857947,1,Ongoing,25.0,48.0,52.1,67.0,17,0.529,0
PROP-CEB8C55149F0,RERA-MHA-72470010,1,Completed,36.0,27.0,100.0,74.0,11,0.455,0
PROP-F91EA8250E9C,,0,Unregistered,,,,,0,1.0,0
PROP-E67B73148734,,0,Unregistered,,,,,0,1.0,0
PROP-6CE3F07E457C,,0,Unregistered,,,,,0,1.0,0
PROP-B2EABD1DB446,RERA-MHA-16771986,1,Completed,40.0,29.0,100.0,59.0,11,0.636,0
PROP-6824B68EC6FA,RERA-MHA-63605932,1,Ongoing,6.0,53.0,11.3,30.0,13,0.462,0
PROP-6AD984627706,,0,Unregistered,,,,,0,1.0,0
PROP-9BF64BD76842,RERA-MHA-61390177,1,Ongoing,7.0,26.0,26.9,121.0,31,0.613,2
PROP-4CFC2C6B6C18,,0,Unregistered,,,,,0,1.0,0
PROP-13E0CDAACB95,RERA-MHA-68113857,1,Ongoing,7.0,50.0,14.0,168.0,12,0.667,0
PROP-FAF17E199584,,0,Unregistered,,,,,0,1.0,0
PROP-4DBD0330A125,,0,Unregistered,,,,,0,1.0,0
PROP-645001E18F1A,,0,Unregistered,,,,,0,1.0,0
PROP-256F88BA8D8C,,0,Unregistered,,,,,0,1.0,0
PROP-527028F77856,,0,Unregistered,,,,,0,1.0,0
PROP-B243EA7803B1,RERA-MHA-74693085,1,Ongoing,7.0,34.0,20.6,94.0,5,0.4,0
PROP-14CED0D83F5B,,0,Unregistered,,,,,0,1.0,0
PROP-1618B95B2B1A,,0,Unregistered,,,,,0,1.0,0
PROP-5A38E41633FC,,0,Unregistered,,,,,0,1.0,0
PROP-50A722E62717,RERA-MHA-07514282,1,Ongoing,19.0,41.0,46.3,49.0,11,0.455,0
PROP-33F2C69AC04B,RERA-MHA-83217023,1,Ongoing,37.0,46.0,80.4,150.0,8,0.25,0
PROP-8B4AB8C33149,,0,Unregistered,,,,,0,1.0,0
PROP-E277087C8E9C,,0,Unregistered,,,,,0,1.0,0
PROP-D423FA9335D4,RERA-MHA-26651767,1,Completed,41.0,41.0,100.0,17.0,4,0.75,0
PROP-139A6F760DD2,RERA-MHA-87734524,1,Ongoing,6.0,45.0,13.3,154.0,7,0.286,0
PROP-F546062541DD,RERA-MHA-03509353,1,Ongoing,27.0,55.0,49.1,155.0,14,0.786,3
PROP-DFDCEA1CF2D0,,0,Unregistered,,,,,0,1.0,0
PROP-C63DE5A371D4,,0,Unregistered,,,,,0,1.0,0
PROP-6C9F3E380CE9,,0,Unregistered,,,,,0,1.0,0
PROP-6D5238F843B1,RERA-MHA-43195609,1,Ongoing,39.0,49.0,79.6,173.0,9,0.889,2
PROP-E6F1771E30F8,RERA-MHA-24039131,1,Ongoing,9.0,30.0,30.0,39.0,6,0.833,1
PROP-4D48508B7131,RERA-MHA-77608454,1,Ongoing,16.0,27.0,59.3,81.0,15,0.867,1
PROP-82984F0F7E0F,RERA-MHA-28835346,1,Ongoing,18.0,31.0,58.1,83.0,15,0.733,2
PROP-5F9B885F04BC,RERA-MHA-42636971,1,Ongoing,9.0,38.0,23.7,33.0,13,0.692,4
PROP-54ECD3EB0E39,,0,Unregistered,,,,,0,1.0,0
PROP-2BBD26D03EBE,RERA-MHA-94348982,1,Ongoing,40.0,49.0,81.6,176.0,30,0.1,0
PROP-A33D4062C822,,0,Unregistered,,,,,0,1.0,0
PROP-7C8C51A872EA,,0,Unregistered,,,,,0,1.0,0
PROP-9B42EF6E9290,RERA-MHA-50478360,1,Ongoing,38.0,45.0,84.4,160.0,5,0.2,0
PROP-20EE12CCE551,,0,Unregistered,,,,,0,1.0,0
PROP-50AC64B21A0D,RERA-MHA-68927853,1,Ongoing,19.0,45.0,42.2,96.0,5,0.2,0
PROP-247562234782,RERA-MHA-46405551,1,Completed,53.0,24.0,100.0,71.0,10,0.7,0
PROP-BF6D7AD2C229,RERA-MHA-40479324,1,Ongoing,6.0,36.0,16.7,39.0,12,0.333,0
PROP-A8A879D39694,,0,Unregistered,,,,,0,1.0,0
PROP-C40F6342A791,RERA-MHA-78851496,1,Ongoing,30.0,40.0,75.0,33.0,17,0.412,0
PROP-DE6FEFC559A7,RERA-MHA-74372715,1,Ongoing,17.0,56.0,30.4,102.0,14,0.5,0
PROP-33E1446547DD,,0,Unregistered,,,,,0,1.0,0
PROP-4BFA952225F9,RERA-MHA-44681658,1,Ongoing,12.0,50.0,24.0,29.0,15,0.867,1
PROP-06F8F5972F88,,0,Unregistered,,,,,0,1.0,0
PROP-E4E23CB4BE10,,0,Unregistered,,,,,0,1.0,0
PROP-47FD282C1428,RERA-MHA-00855002,1,Completed,47.0,28.0,100.0,265.0,13,0.769,1
PROP-E87F28722055,,0,Unregistered,,,,,0,1.0,0
PROP-A6618196324F,,0,Unregistered,,,,,0,1.0,0
PROP-67EC1DE5C1EC,,0,Unregistered,,,,,0,1.0,0
PROP-C9DD96FA9B69,,0,Unregistered,,,,,0,1.0,0
PROP-B9AE8EC5527D,RERA-MHA-38954441,1,Ongoing,39.0,49.0,79.6,57.0,5,0.8,0
PROP-9AF0B418E3E5,,0,Unregistered,,,,,0,1.0,0
PROP-A88038FB0E78,RERA-MHA-38382037,1,Ongoing,15.0,45.0,33.3,177.0,14,0.786,0
PROP-80F7D51DCA91,RERA-MHA-49754120,1,Ongoing,30.0,51.0,58.8,83.0,10,0.7,0
PROP-436026B56429,RERA-MHA-95756858,1,Ongoing,28.0,33.0,84.8,85.0,5,0.4,0
PROP-BC5186FE42B1,,0,Unregistered,,,,,0,1.0,0
PROP-A5210F341046,,0,Unregistered,,,,,0,1.0,0
PROP-4BBDC21D1BB8,,0,Unregistered,,,,,0,1.0,0
PROP-A0AAF10F3101,,0,Unregistered,,,,,0,1.0,0
PROP-32C787E31866,,0,Unregistered,,,,,0,1.0,0
PROP-00CB62F9CA48,,0,Unregistered,,,,,0,1.0,0
PROP-1DF5CA035298,RERA-MHA-64568611,1,Ongoing,41.0,54.0,75.9,7.0,26,0.769,4
PROP-440F13982022,,0,Unregistered,,,,,0,1.0,0
PROP-C56F9DA01B8C,,0,Unregistered,,,,,0,1.0,0
PROP-D17D18C7AA11,,0,Unregistered,,,,,0,1.0,0
PROP-3B7BEC217425,,0,Unregistered,,,,,0,1.0,0
PROP-A119D0C80EC0,,0,Unregistered,,,,,0,1.0,0
PROP-B9D428715410,RERA-MHA-47373734,1,Ongoing,24.0,57.0,42.1,89.0,13,0.385,0
PROP-C0036B113F01,RERA-MHA-59721297,1,Ongoing,35.0,42.0,83.3,34.0,11,0.455,0
PROP-2F687389F6BC,RERA-MHA-19498585,1,Completed,51.0,39.0,100.0,88.0,23,0.565,0
PROP-82FD212EBFF4,,0,Unregistered,,,,,0,1.0,0
PROP-1CBC1B777716,,0,Unregistered,,,,,0,1.0,0
PROP-3136A96776C9,,0,Unregistered,,,,,0,1.0,0
PROP-7E017C100BAE,,0,Unregistered,,,,,0,1.0,0
PROP-DBBF09587D01,,0,Unregistered,,,,,0,1.0,0
PROP-40D9BBE463C8,RERA-MHA-51991459,1,Ongoing,21.0,44.0,47.7,35.0,21,0.714,0
PROP-BF294F41A15B,,0,Unregistered,,,,,0,1.0,0
PROP-F1352772F264,,0,Unregistered,,,,,0,1.0,0
PROP-75DD34BAC904,RERA-MHA-18001708,1,Ongoing,6.0,27.0,22.2,51.0,12,0.667,0
PROP-2E247E8FBF01,,0,Unregistered,,,,,0,1.0,0
PROP-2C9C821FB1EF,,0,Unregistered,,,,,0,1.0,0
PROP-C3B381AF53F8,,0,Unregistered,,,,,0,1.0,0
PROP-8DF8EB302098,,0,Unregistered,,,,,0,1.0,0
PROP-34A9F88023CD,RERA-MHA-27326309,1,Completed,31.0,25.0,100.0,38.0,5,0.6,0
PROP-7BA6A399609D,RERA-MHA-56168959,1,Ongoing,25.0,32.0,78.1,126.0,13,0.615,1
PROP-CE56746F97D6,,0,Unregistered,,,,,0,1.0,0
PROP-DF67D4B0DCFA,RERA-MHA-29764562,1,Ongoing,20.0,43.0,46.5,88.0,9,0.222,0
PROP-47B52D7CDD7F,,0,Unregistered,,,,,0,1.0,0
PROP-FE08C2834F62,RERA-MHA-75834850,1,Ongoing,8.0,41.0,19.5,106.0,13,0.692,0
PROP-7F7086C1E3AD,,0,Unregistered,,,,,0,1.0,0
PROP-78A223DB1702,,0,Unregistered,,,,,0,1.0,0
PROP-C7A847937C8F,,0,Unregistered,,,,,0,1.0,0
PROP-925CD5328B61,,0,Unregistered,,,,,0,1.0,0
PROP-E1DD9D73239F,,0,Unregistered,,,,,0,1.0,0
PROP-6CF36AA484DE,,0,Unregistered,,,,,0,1.0,0
PROP-774E70E090B2,,0,Unregistered,,,,,0,1.0,0
PROP-B996C87F57E8,RERA-MHA-56710125,1,Completed,39.0,30.0,100.0,60.0,11,0.909,0
PROP-8AD2C3413978,,0,Unregistered,,,,,0,1.0,0
PROP-004E62138B45,RERA-MHA-07924243,1,Ongoing,29.0,31.0,93.5,129.0,17,0.471,0
PROP-40329495C500,,0,Unregistered,,,,,0,1.0,0
PROP-8A881F2CE491,,0,Unregistered,,,,,0,1.0,0
PROP-D87656E40395,RERA-MHA-05863096,1,Ongoing,6.0,25.0,24.0,169.0,6,0.667,0
PROP-35DD9C513F85,RERA-MHA-63953772,1,Completed,38.0,35.0,100.0,17.0,14,0.714,0
PROP-E53290EF96AB,,0,Unregistered,,,,,0,1.0,0
PROP-C2512136CBF0,,0,Unregistered,,,,,0,1.0,0
PROP-F470169FEA39,,0,Unregistered,,,,,0,1.0,0
PROP-1667B1B98147,,0,Unregistered,,,,,0,1.0,0
PROP-E1DEEFC57AA9,,0,Unregistered,,,,,0,1.0,0
PROP-29E09B6F82D5,,0,Unregistered,,,,,0,1.0,0
PROP-CA2B0C991932,,0,Unregistered,,,,,0,1.0,0
PROP-25906C36F887,RERA-MHA-11467618,1,Ongoing,24.0,33.0,72.7,31.0,8,0.75,0
PROP-E7334079368C,RERA-MHA-69381038,1,Completed,36.0,30.0,100.0,21.0,11,0.636,0
PROP-5A823CAE668F,,0,Unregistered,,,,,0,1.0,0
PROP-D51FCCB82401,,0,Unregistered,,,,,0,1.0,0
PROP-C0DD7ED34DB4,RERA-MHA-50309425,1,Ongoing,7.0,47.0,14.9,55.0,15,0.933,6
PROP-A5C6B62E5D18,,0,Unregistered,,,,,0,1.0,0
PROP-6B64D4ABAE32,,0,Unregistered,,,,,0,1.0,0
PROP-3FB934612BA9,,0,Unregistered,,,,,0,1.0,0
PROP-1D93D35FD2F5,,0,Unregistered,,,,,0,1.0,0
PROP-D936C54AE413,,0,Unregistered,,,,,0,1.0,0
PROP-3953C8007E69,,0,Unregistered,,,,,0,1.0,0
PROP-044397ED0DE6,RERA-MHA-13213088,1,Ongoing,26.0,31.0,83.9,46.0,12,0.583,0
PROP-9A30D22FDD44,RERA-MHA-62396322,1,Ongoing,8.0,38.0,21.1,29.0,4,0.25,0
PROP-9F52AB19FBCD,,0,Unregistered,,,,,0,1.0,0
PROP-7B7243B79981,,0,Unregistered,,,,,0,1.0,0
PROP-44A0AF4C082B,,0,Unregistered,,,,,0,1.0,0
PROP-CD602FD3B7DA,RERA-MHA-01725262,1,Completed,40.0,36.0,100.0,247.0,14,0.643,0
PROP-8B97294710E9,RERA-MHA-15537795,1,Ongoing,13.0,26.0,50.0,221.0,6,0.667,0
PROP-20388244EC6B,RERA-MHA-87981313,1,Ongoing,35.0,42.0,83.3,109.0,6,0.667,1
PROP-1BA7F3284607,,0,Unregistered,,,,,0,1.0,0
PROP-755D406CD593,,0,Unregistered,,,,,0,1.0,0
PROP-DED2E4E97448,,0,Unregistered,,,,,0,1.0,0
PROP-E46B014EB815,,0,Unregistered,,,,,0,1.0,0
PROP-25F49DC1D22F,,0,Unregistered,,,,,0,1.0,0
PROP-D503271FAF7C,,0,Unregistered,,,,,0,1.0,0
PROP-B422A0CB5980,RERA-MHA-93983014,1,Ongoing,32.0,45.0,71.1,195.0,10,0.6,0
PROP-EC311E033197,RERA-MHA-75408908,1,Ongoing,30.0,56.0,53.6,149.0,17,0.471,0
PROP-2BE121D1E5E9,,0,Unregistered,,,,,0,1.0,0
PROP-90294CE43547,RERA-MHA-61885018,1,Ongoing,16.0,30.0,53.3,84.0,7,0.714,0
PROP-9CA58A079A28,RERA-MHA-00984316,1,Completed,30.0,29.0,100.0,165.0,5,0.4,0
PROP-8A2A0E319C78,,0,Unregistered,,,,,0,1.0,0
PROP-440904900E21,,0,Unregistered,,,,,0,1.0,0
PROP-213ECFE3B4BE,,0,Unregistered,,,,,0,1.0,0
PROP-1F790EFD8125,,0,Unregistered,,,,,0,1.0,0
PROP-647380B6C56C,,0,Unregistered,,,,,0,1.0,0
PROP-4F499D9376F9,RERA-MHA-32297608,1,Ongoing,10.0,32.0,31.2,255.0,20,0.65,2
PROP-7DB500BD76BA,RERA-MHA-18785787,1,Ongoing,29.0,30.0,96.7,15.0,15,0.667,1
PROP-57D97B1608A3,RERA-MHA-65434637,1,Ongoing,23.0,29.0,79.3,45.0,7,0.429,0
PROP-B11E5AB45104,,0,Unregistered,,,,,0,1.0,0
PROP-A50CE5313CBD,,0,Unregistered,,,,,0,1.0,0
PROP-62217874631A,,0,Unregistered,,,,,0,1.0,0
PROP-1D65556AE1CE,,0,Unregistered,,,,,0,1.0,0
PROP-1FBA2ED0E2B0,,0,Unregistered,,,,,0,1.0,0
PROP-D39E15744857,,0,Unregistered,,,,,0,1.0,0
PROP-E2640A16C3F8,,0,Unregistered,,,,,0,1.0,0
PROP-E6BCF264F4DD,,0,Unregistered,,,,,0,1.0,0
PROP-40C22F83648C,RERA-MHA-41437438,1,Ongoing,12.0,48.0,25.0,47.0,11,0.727,0
PROP-F15EE4C069CA,RERA-MHA-82675021,1,Ongoing,31.0,35.0,88.6,146.0,6,0.667,0
PROP-28709C107BD6,RERA-MHA-58732939,1,Completed,41.0,30.0,100.0,34.0,14,0.786,0
PROP-3CA1D09745E1,,0,Unregistered,,,,,0,1.0,0
PROP-FAC30A8011C8,,0,Unregistered,,,,,0,1.0,0
PROP-AA67D493E21F,,0,Unregistered,,,,,0,1.0,0
PROP-E74E0FFFDBF2,,0,Unregistered,,,,,0,1.0,0
PROP-929CCBA54C0C,RERA-MHA-18706682,1,Ongoing,32.0,40.0,80.0,72.0,10,0.8,0
PROP-BA434D8A85DA,,0,Unregistered,,,,,0,1.0,0
PROP-AF326AC6A2CB,RERA-MHA-02897458,1,Ongoing,36.0,59.0,61.0,97.0,8,0.5,0
PROP-A58D6A670AD1,,0,Unregistered,,,,,0,1.0,0
PROP-A4AD5167F2E7,,0,Unregistered,,,,,0,1.0,0
PROP-C890780AC3A3,,0,Unregistered,,,,,0,1.0,0
PROP-231F406518F2,,0,Unregistered,,,,,0,1.0,0
PROP-1186DBC63BDE,,0,Unregistered,,,,,0,1.0,0
PROP-2BAC72B9C32C,RERA-MHA-93641979,1,Ongoing,21.0,36.0,58.3,59.0,15,0.6,2
PROP-49341EBD44F6,,0,Unregistered,,,,,0,1.0,0
PROP-7AC8E10B6A19,,0,Unregistered,,,,,0,1.0,0
PROP-ACC3B69ECDC7,,0,Unregistered,,,,,0,1.0,0
PROP-3B64966E10C9,RERA-MHA-74180288,1,Ongoing,10.0,55.0,18.2,14.0,23,0.652,2
PROP-4E8EE8084367,RERA-MHA-58336611,1,Ongoing,41.0,45.0,91.1,16.0,12,0.667,0
PROP-49A97EF8D984,RERA-MHA-33044759,1,Completed,39.0,24.0,100.0,69.0,12,0.333,0
PROP-E0A2E4AAAB44,RERA-MHA-70562242,1,Ongoing,36.0,43.0,83.7,35.0,8,0.875,0
PROP-058990FC0C25,,0,Unregistered,,,,,0,1.0,0
PROP-85F03F3010C8,RERA-MHA-56203407,1,Ongoing,37.0,41.0,90.2,39.0,9,0.667,0
PROP-635E4915E9C0,,0,Unregistered,,,,,0,1.0,0
PROP-B7FF306FB6A0,RERA-MHA-55171242,1,Ongoing,24.0,45.0,53.3,34.0,9,0.444,0
PROP-075894DBC07F,,0,Unregistered,,,,,0,1.0,0
PROP-2497A3D2E8C4,,0,Unregistered,,,,,0,1.0,0
PROP-2E778D52125B,,0,Unregistered,,,,,0,1.0,0
PROP-B77FE71BB9A8,,0,Unregistered,,,,,0,1.0,0
PROP-23281E632448,,0,Unregistered,,,,,0,1.0,0
PROP-BDA60D1822BF,,0,Unregistered,,,,,0,1.0,0
PROP-339DE0306D87,,0,Unregistered,,,,,0,1.0,0
PROP-D68BEEB20DFA,,0,Unregistered,,,,,0,1.0,0
PROP-7CBC5F183A13,,0,Unregistered,,,,,0,1.0,0
PROP-A38D59622EF3,,0,Unregistered,,,,,0,1.0,0
PROP-28CECFA11B16,,0,Unregistered,,,,,0,1.0,0
PROP-ED6BCA744171,RERA-MHA-90763189,1,Ongoing,23.0,45.0,51.1,67.0,11,0.727,0
PROP-7093A92D5C30,RERA-MHA-64946263,1,Ongoing,37.0,47.0,78.7,92.0,20,0.5,0
PROP-739870D4A0CA,,0,Unregistered,,,,,0,1.0,0
PROP-EF1B670AFF63,RERA-MHA-00867301,1,Ongoing,15.0,33.0,45.5,41.0,12,0.167,0
PROP-EDCB8E1E7D1F,,0,Unregistered,,,,,0,1.0,0
PROP-B534D4B81D14,,0,Unregistered,,,,,0,1.0,0
PROP-85C11484F5B4,RERA-MHA-07085423,1,Completed,33.0,29.0,100.0,234.0,7,0.714,1
PROP-F1C9247BB920,,0,Unregistered,,,,,0,1.0,0
PROP-D482B3771C8A,,0,Unregistered,,,,,0,1.0,0
PROP-FA0211E82345,,0,Unregistered,,,,,0,1.0,0
PROP-3FEFD9E7A1C6,RERA-MHA-69549583,1,Ongoing,17.0,48.0,35.4,37.0,7,0.429,0
PROP-C69B5907EBA1,,0,Unregistered,,,,,0,1.0,0
PROP-EAB49D3B364D,,0,Unregistered,,,,,0,1.0,0
PROP-4DD10B4845CA,,0,Unregistered,,,,,0,1.0,0
PROP-1333A319311A,,0,Unregistered,,,,,0,1.0,0
PROP-66BC2F398FB3,RERA-MHA-54460913,1,Completed,35.0,32.0,100.0,100.0,18,0.778,3
PROP-7DBBC97905B3,RERA-MHA-36956583,1,Ongoing,33.0,52.0,63.5,19.0,13,0.692,0
PROP-EEBDDCA0DCD5,,0,Unregistered,,,,,0,1.0,0
PROP-B4C1B6EDF262,,0,Unregistered,,,,,0,1.0,0
PROP-FA34F2CE8B1B,RERA-MHA-03427857,1,Ongoing,34.0,59.0,57.6,11.0,10,0.8,5
PROP-AF5FB6853E1B,RERA-MHA-50884449,1,Ongoing,18.0,39.0,46.2,61.0,12,0.333,0
PROP-46B15F168586,,0,Unregistered,,,,,0,1.0,0
PROP-9C536CB1055F,RERA-MHA-42494476,1,Ongoing,18.0,32.0,56.2,130.0,13,0.231,0
PROP-F0AAB7D19F67,,0,Unregistered,,,,,0,1.0,0
PROP-62105BBEFDA2,,0,Unregistered,,,,,0,1.0,0
PROP-93DB6361384B,,0,Unregistered,,,,,0,1.0,0
PROP-C6260C7FBAB2,,0,Unregistered,,,,,0,1.0,0
PROP-D22065523F7E,RERA-MHA-30362738,1,Ongoing,28.0,55.0,50.9,73.0,38,0.553,1
PROP-10BC3A1DF5DE,,0,Unregistered,,,,,0,1.0,0
PROP-C91E0606D6E6,RERA-MHA-47559504,1,Ongoing,10.0,30.0,33.3,110.0,5,0.4,0
PROP-D2D11EEA01F9,,0,Unregistered,,,,,0,1.0,0
PROP-35087DADD342,,0,Unregistered,,,,,0,1.0,0
PROP-21B6F295880F,RERA-MHA-70758205,1,Ongoing,7.0,45.0,15.6,129.0,20,0.45,0
PROP-02A2CE0C3B8A,,0,Unregistered,,,,,0,1.0,0
PROP-1C98B5696C35,,0,Unregistered,,,,,0,1.0,0
PROP-A5307A7DDDCF,RERA-MHA-74279210,1,Ongoing,20.0,60.0,33.3,96.0,14,0.429,0
PROP-5A377B53D605,,0,Unregistered,,,,,0,1.0,0
PROP-C365C90D669E,RERA-MHA-15515332,1,Ongoing,30.0,36.0,83.3,215.0,12,0.583,0
PROP-D881023C4623,,0,Unregistered,,,,,0,1.0,0
PROP-7DDE330126D2,,0,Unregistered,,,,,0,1.0,0
PROP-23D7E490B0C8,RERA-MHA-08494922,1,Ongoing,28.0,41.0,68.3,209.0,14,0.714,0
PROP-3C7BB9A3A76F,RERA-MHA-33044759,1,Completed,75.0,24.0,100.0,69.0,14,0.929,3
PROP-15F42F3F45D1,,0,Unregistered,,,,,0,1.0,0
PROP-890703277062,RERA-MHA-23798811,1,Completed,44.0,43.0,100.0,26.0,7,0.571,0
PROP-89ACEFC4F51A,,0,Unregistered,,,,,0,1.0,0
PROP-37D756708A75,RERA-MHA-49322094,1,Ongoing,24.0,59.0,40.7,161.0,10,0.7,0
PROP-3B7D7EFA5026,RERA-MHA-76570911,1,Ongoing,25.0,41.0,61.0,43.0,12,0.667,0
PROP-0E6FE0A0B9A5,,0,Unregistered,,,,,0,1.0,0
PROP-84A21D6A8040,RERA-MHA-55656722,1,Ongoing,20.0,29.0,69.0,288.0,7,0.714,0
PROP-2BABD05518F6,RERA-MHA-22545016,1,Ongoing,18.0,60.0,30.0,182.0,6,0.167,0
PROP-F0839049C306,,0,Unregistered,,,,,0,1.0,0
PROP-D847EC37271C,,0,Unregistered,,,,,0,1.0,0
PROP-05948D732C72,,0,Unregistered,,,,,0,1.0,0
PROP-0C56AD14CB18,,0,Unregistered,,,,,0,1.0,0
PROP-D2BDFE7925DA,,0,Unregistered,,,,,0,1.0,0
PROP-455615E045AA,,0,Unregistered,,,,,0,1.0,0
PROP-93D5F2EA70D5,RERA-MHA-86836728,1,Ongoing,22.0,48.0,45.8,240.0,9,0.667,0
PROP-7F528A239CA5,,0,Unregistered,,,,,0,1.0,0
PROP-CB2D36F05D85,,0,Unregistered,,,,,0,1.0,0
PROP-65C335E274A6,RERA-MHA-88695835,1,Ongoing,9.0,58.0,15.5,157.0,22,0.545,0
PROP-720DA87D30D8,,0,Unregistered,,,,,0,1.0,0
PROP-D42E5341B90C,RERA-MHA-59558684,1,Completed,65.0,58.0,100.0,69.0,14,0.929,3
PROP-DC1B25032235,RERA-MHA-89168662,1,Completed,24.0,24.0,100.0,208.0,10,0.7,1
PROP-DAE97DB35ED5,,0,Unregistered,,,,,0,1.0,0
PROP-77CDB76A9BDA,RERA-MHA-01312780,1,Ongoing,38.0,44.0,86.4,180.0,16,0.375,0
PROP-EC63FBA3AA7E,,0,Unregistered,,,,,0,1.0,0
PROP-2877CEFE7651,,0,Unregistered,,,,,0,1.0,0
PROP-37485F7E2916,,0,Unregistered,,,,,0,1.0,0
PROP-979AEA102EA4,,0,Unregistered,,,,,0,1.0,0
PROP-C52E8140E86B,RERA-MHA-93002386,1,Ongoing,14.0,35.0,40.0,121.0,6,0.833,2
PROP-6676E8663A08,RERA-MHA-93002386,1,Ongoing,8.0,35.0,22.9,121.0,6,0.667,1
PROP-B13814862311,RERA-MHA-39531043,1,Ongoing,13.0,44.0,29.5,59.0,12,0.417,0
PROP-18A0393EBFD1,,0,Unregistered,,,,,0,1.0,0
PROP-FA6BBB07ABCF,,0,Unregistered,,,,,0,1.0,0
PROP-C379DC43B420,RERA-MHA-79988347,1,Ongoing,25.0,35.0,71.4,8.0,39,0.103,0
PROP-E9CF8628ED04,,0,Unregistered,,,,,0,1.0,0
PROP-FCE55AABA553,,0,Unregistered,,,,,0,1.0,0
PROP-C1EA0CD38AC7,,0,Unregistered,,,,,0,1.0,0
PROP-482DCA850323,,0,Unregistered,,,,,0,1.0,0
PROP-6F13C5763251,RERA-MHA-55171242,1,Ongoing,33.0,45.0,73.3,34.0,11,0.455,0
PROP-769DB2905AE9,,0,Unregistered,,,,,0,1.0,0
PROP-C7EDDE98AC97,RERA-MHA-71254042,1,Completed,54.0,52.0,100.0,20.0,12,0.833,1
PROP-421F952F0F04,RERA-MHA-78551158,1,Ongoing,24.0,53.0,45.3,37.0,6,0.333,0
PROP-A8556B61F94C,,0,Unregistered,,,,,0,1.0,0
PROP-84FF42823845,,0,Unregistered,,,,,0,1.0,0
PROP-6F82CA0C8A11,,0,Unregistered,,,,,0,1.0,0
PROP-E3020D1AF648,RERA-MHA-91917150,1,Ongoing,32.0,40.0,80.0,93.0,5,0.6,2
PROP-DC14830AE8B7,,0,Unregistered,,,,,0,1.0,0
PROP-BDC6D2291E49,,0,Unregistered,,,,,0,1.0,0
PROP-6E85E8DDB8E1,RERA-MHA-08890122,1,Ongoing,28.0,48.0,58.3,113.0,15,0.733,1
PROP-82481EC85A1D,RERA-MHA-33044759,1,Completed,69.0,24.0,100.0,69.0,14,0.786,3
PROP-59ED03C2D533,RERA-MHA-39629457,1,Ongoing,27.0,51.0,52.9,87.0,8,0.5,0
PROP-A35DD694E290,,0,Unregistered,,,,,0,1.0,0
PROP-1A4DA22A4DD3,,0,Unregistered,,,,,0,1.0,0
PROP-2481B9205A1B,RERA-MHA-95921268,1,Ongoing,10.0,38.0,26.3,88.0,21,0.524,0
PROP-3245C71215D9,RERA-MHA-72106281,1,Ongoing,23.0,58.0,39.7,21.0,10,0.8,0
PROP-798E7123EFB4,RERA-MHA-30290470,1,Ongoing,24.0,55.0,43.6,126.0,13,0.538,0
PROP-89E222B0D969,,0,Unregistered,,,,,0,1.0,0
PROP-4DECC38BD8CF,,0,Unregistered,,,,,0,1.0,0
PROP-24F70B7C00D7,,0,Unregistered,,,,,0,1.0,0
PROP-45456EF60E62,,0,Unregistered,,,,,0,1.0,0
PROP-D97C0EAC7EFC,,0,Unregistered,,,,,0,1.0,0
PROP-65F8CC1B47A3,,0,Unregistered,,,,,0,1.0,0
PROP-C13450A90362,,0,Unregistered,,,,,0,1.0,0
PROP-29977FC750F9,RERA-MHA-98199449,1,Ongoing,40.0,47.0,85.1,156.0,10,0.6,0
PROP-7F913584DC9B,,0,Unregistered,,,,,0,1.0,0
PROP-FB5263AAAB2B,,0,Unregistered,,,,,0,1.0,0
PROP-A01CB55764AB,,0,Unregistered,,,,,0,1.0,0
PROP-268D769FFABB,,0,Unregistered,,,,,0,1.0,0
PROP-B418A821F996,,0,Unregistered,,,,,0,1.0,0
PROP-ACE5E0EEB134,,0,Unregistered,,,,,0,1.0,0
PROP-1A43D5540869,RERA-MHA-01292306,1,Ongoing,8.0,54.0,14.8,126.0,12,0.5,0
PROP-E6DF7296D61D,,0,Unregistered,,,,,0,1.0,0
PROP-8B7FB49FC660,RERA-MHA-33044759,1,Completed,36.0,24.0,100.0,69.0,12,0.333,0
PROP-08518C6D7848,RERA-MHA-76346183,1,Ongoing,37.0,53.0,69.8,57.0,10,0.7,0
PROP-293505D2AF90,,0,Unregistered,,,,,0,1.0,0
PROP-370ACDCF12C9,RERA-MHA-48737291,1,Ongoing,17.0,60.0,28.3,9.0,8,0.625,0
PROP-B679D5E7AF11,RERA-MHA-64130889,1,Completed,40.0,39.0,100.0,21.0,6,0.333,0
PROP-3C0E1490978E,RERA-MHA-73741823,1,Ongoing,41.0,50.0,82.0,209.0,5,0.6,0
PROP-E207DA987F01,,0,Unregistered,,,,,0,1.0,0
PROP-DB88480B32C2,,0,Unregistered,,,,,0,1.0,0
PROP-87C1F1174B6E,,0,Unregistered,,,,,0,1.0,0
PROP-9DA8E5B699B1,RERA-MHA-36586748,1,Ongoing,34.0,35.0,97.1,141.0,8,0.0,0
PROP-BC8DFFC19931,,0,Unregistered,,,,,0,1.0,0
PROP-D8D69E46F4CA,RERA-MHA-95111943,1,Completed,46.0,29.0,100.0,72.0,11,0.727,0
PROP-44530E0C4C90,,0,Unregistered,,,,,0,1.0,0
PROP-EEC3D29E415D,,0,Unregistered,,,,,0,1.0,0
PROP-38C84727D3FE,,0,Unregistered,,,,,0,1.0,0
PROP-3D08008BF943,RERA-MHA-33044759,1,Completed,39.0,24.0,100.0,69.0,12,0.333,0
PROP-C04609594190,RERA-MHA-57764452,1,Ongoing,10.0,30.0,33.3,17.0,14,0.429,0
PROP-104F6B294F1C,,0,Unregistered,,,,,0,1.0,0
PROP-ED46E794471F,,0,Unregistered,,,,,0,1.0,0
PROP-C2EAD362A1AD,RERA-MHA-50884449,1,Ongoing,15.0,39.0,38.5,61.0,12,0.333,0
PROP-AB09036233A9,,0,Unregistered,,,,,0,1.0,0
PROP-E9BAEB955ACF,RERA-MHA-33044759,1,Completed,63.0,24.0,100.0,69.0,14,0.643,3
PROP-B038ACC64428,,0,Unregistered,,,,,0,1.0,0
PROP-F6B245772A63,RERA-MHA-38836213,1,Ongoing,27.0,39.0,69.2,54.0,18,0.389,0
PROP-7951FF19FD13,,0,Unregistered,,,,,0,1.0,0
PROP-FD4EEE167BC8,,0,Unregistered,,,,,0,1.0,0
PROP-1E50D01D39F1,RERA-MHA-60884968,1,Ongoing,30.0,40.0,75.0,25.0,5,0.4,0
PROP-AEA0B06BF7D6,,0,Unregistered,,,,,0,1.0,0
PROP-55F59220E177,RERA-MHA-64510890,1,Ongoing,8.0,44.0,18.2,150.0,24,0.667,0
PROP-2205EEF25F0D,,0,Unregistered,,,,,0,1.0,0
PROP-E97FC7791CB2,RERA-MHA-01489848,1,Ongoing,22.0,47.0,46.8,125.0,8,0.875,0
PROP-D7CC0960AC51,,0,Unregistered,,,,,0,1.0,0
PROP-59FE02786930,,0,Unregistered,,,,,0,1.0,0
PROP-18C461E69FDE,RERA-MHA-69861621,1,Completed,38.0,34.0,100.0,63.0,24,0.417,0
PROP-E9B376DEE292,,0,Unregistered,,,,,0,1.0,0
PROP-D8A3AAC363D4,,0,Unregistered,,,,,0,1.0,0
PROP-90D900BAEF72,,0,Unregistered,,,,,0,1.0,0
PROP-C72C0DECAFDC,RERA-MHA-40186236,1,Ongoing,22.0,43.0,51.2,51.0,17,0.529,0
PROP-83C48C70B9D6,RERA-MHA-45804293,1,Completed,33.0,27.0,100.0,133.0,6,0.667,0
PROP-6E5FEC60EF5B,,0,Unregistered,,,,,0,1.0,0
PROP-91180F723F57,,0,Unregistered,,,,,0,1.0,0
PROP-53D931FCBD3E,,0,Unregistered,,,,,0,1.0,0
PROP-D470B3751BD4,,0,Unregistered,,,,,0,1.0,0
PROP-21B3C26D5F31,,0,Unregistered,,,,,0,1.0,0
PROP-39F236415EF8,RERA-MHA-01950469,1,Completed,71.0,34.0,100.0,24.0,16,0.938,1
PROP-284561EDABB5,RERA-MHA-40718913,1,Ongoing,35.0,51.0,68.6,102.0,6,0.667,0
PROP-34A08169478C,,0,Unregistered,,,,,0,1.0,0
PROP-DF148733D1FF,,0,Unregistered,,,,,0,1.0,0
PROP-13C19FD4247F,RERA-MHA-59193781,1,Ongoing,15.0,36.0,41.7,48.0,14,0.929,4
PROP-BAE85C00C378,RERA-MHA-24454795,1,Ongoing,21.0,59.0,35.6,9.0,14,0.643,3
PROP-50887F1103AB,RERA-MHA-48585013,1,Ongoing,15.0,47.0,31.9,72.0,11,0.636,1
PROP-C460DB9FF03C,,0,Unregistered,,,,,0,1.0,0
PROP-30CFFC65A779,RERA-MHA-48365561,1,Ongoing,32.0,44.0,72.7,177.0,11,0.273,0
PROP-742AF815A8C8,RERA-MHA-63457931,1,Completed,40.0,27.0,100.0,52.0,13,0.615,0
PROP-5D88009B0F55,RERA-MHA-64659281,1,Ongoing,23.0,52.0,44.2,150.0,9,0.778,0
PROP-C3ED8F6EB62D,,0,Unregistered,,,,,0,1.0,0
PROP-9A0B1930F4F6,,0,Unregistered,,,,,0,1.0,0
PROP-EFD660109901,RERA-MHA-32168701,1,Ongoing,19.0,29.0,65.5,204.0,4,0.5,0
PROP-5FB0D926FF99,RERA-MHA-31586300,1,Ongoing,10.0,40.0,25.0,181.0,20,0.4,0
PROP-B6E104BC44F5,RERA-MHA-33044759,1,Completed,33.0,24.0,100.0,69.0,12,0.333,0
PROP-DA2D44114E96,RERA-MHA-33289851,1,Completed,41.0,27.0,100.0,127.0,18,0.389,0
PROP-06B5F6F28EF5,RERA-MHA-52868094,1,Ongoing,8.0,26.0,30.8,201.0,10,0.5,0
PROP-2E4553F5C3B5,,0,Unregistered,,,,,0,1.0,0
PROP-7EC8A99D01C0,RERA-MHA-09896063,1,Ongoing,31.0,60.0,51.7,110.0,12,0.333,0
PROP-09DE79DE50FF,,0,Unregistered,,,,,0,1.0,0
PROP-01D1B9E0B823,,0,Unregistered,,,,,0,1.0,0
PROP-3CCB14A442A1,RERA-MHA-79414272,1,Ongoing,26.0,55.0,47.3,71.0,15,0.8,4
PROP-61B82D19EEDF,,0,Unregistered,,,,,0,1.0,0
PROP-6C328706BA56,,0,Unregistered,,,,,0,1.0,0
PROP-076B2553CE63,,0,Unregistered,,,,,0,1.0,0
PROP-F7793708676E,,0,Unregistered,,,,,0,1.0,0
PROP-5F2B5884D4CA,,0,Unregistered,,,,,0,1.0,0
PROP-940507D9459F,RERA-MHA-94627231,1,Ongoing,29.0,46.0,63.0,46.0,4,0.25,0
PROP-D0973DDA4D8F,,0,Unregistered,,,,,0,1.0,0
PROP-7D3523823132,,0,Unregistered,,,,,0,1.0,0
PROP-B57E5BD77762,RERA-MHA-33289851,1,Completed,68.0,27.0,100.0,127.0,21,0.667,2
PROP-0461D7695030,RERA-MHA-88990840,1,Ongoing,30.0,54.0,55.6,204.0,16,0.875,0
PROP-B048B38ECA3A,,0,Unregistered,,,,,0,1.0,0
PROP-20AB8949E398,RERA-MHA-87826889,1,Ongoing,11.0,56.0,19.6,10.0,10,0.9,1
PROP-762402F6B87E,RERA-MHA-69861621,1,Completed,35.0,34.0,100.0,63.0,24,0.417,0
PROP-06CE9E032708,,0,Unregistered,,,,,0,1.0,0
PROP-F0257BC123E5,RERA-MHA-06166598,1,Ongoing,8.0,37.0,21.6,29.0,12,0.417,0
PROP-51DC0C3B710A,,0,Unregistered,,,,,0,1.0,0
PROP-D19DAFBE0ADB,,0,Unregistered,,,,,0,1.0,0
PROP-B005C24FEB55,,0,Unregistered,,,,,0,1.0,0
PROP-B1ABA9C64976,,0,Unregistered,,,,,0,1.0,0
PROP-DD461E6EEC34,RERA-MHA-69617066,1,Ongoing,20.0,60.0,33.3,90.0,6,0.833,0
PROP-315509A70EAC,,0,Unregistered,,,,,0,1.0,0
PROP-3D51C97BBCD5,,0,Unregistered,,,,,0,1.0,0
PROP-4633318E636E,RERA-MHA-78520207,1,Ongoing,21.0,33.0,63.6,38.0,18,0.556,0
PROP-47BB57506711,,0,Unregistered,,,,,0,1.0,0
PROP-5AED91057C45,,0,Unregistered,,,,,0,1.0,0
PROP-28C952BB9C68,,0,Unregistered,,,,,0,1.0,0
PROP-9DB9636EF24C,RERA-MHA-20917860,1,Ongoing,14.0,45.0,31.1,105.0,21,0.333,0
PROP-E5A8E64DDD77,RERA-MHA-40076645,1,Ongoing,19.0,43.0,44.2,12.0,11,0.818,1
PROP-470B7B50F924,,0,Unregistered,,,,,0,1.0,0
PROP-999D93EBDA02,RERA-MHA-45587459,1,Ongoing,25.0,37.0,67.6,32.0,10,0.6,0
PROP-4065703E4820,RERA-MHA-59098485,1,Ongoing,39.0,52.0,75.0,64.0,5,0.2,0
PROP-ABEF5668AA9D,,0,Unregistered,,,,,0,1.0,0
PROP-0304BCFF52E5,,0,Unregistered,,,,,0,1.0,0
PROP-944A12D6A91D,RERA-MHA-49145487,1,Completed,41.0,25.0,100.0,41.0,14,0.429,0
PROP-EEBCD293F799,RERA-MHA-42071021,1,Ongoing,31.0,42.0,73.8,77.0,22,0.273,0
PROP-63FC137A042A,RERA-MHA-42071021,1,Completed,49.0,42.0,100.0,77.0,23,0.609,1
PROP-C6CB9528BB14,RERA-MHA-39829464,1,Ongoing,38.0,54.0,70.4,27.0,17,0.471,0
PROP-1FE7E8FF94AF,,0,Unregistered,,,,,0,1.0,0
PROP-64753F415CF9,,0,Unregistered,,,,,0,1.0,0
PROP-B6817D36DD66,,0,Unregistered,,,,,0,1.0,0
PROP-8FDF18914555,RERA-MHA-73741823,1,Completed,89.0,50.0,100.0,209.0,12,0.667,3
PROP-C02F005AAB13,,0,Unregistered,,,,,0,1.0,0
PROP-41A2106FA7C7,,0,Unregistered,,,,,0,1.0,0
PROP-0CB168FFE83F,RERA-MHA-48852283,1,Completed,37.0,34.0,100.0,17.0,13,0.769,0
PROP-54F63D64D9EC,,0,Unregistered,,,,,0,1.0,0
PROP-4F9A3973B3B6,RERA-MHA-53927318,1,Ongoing,32.0,46.0,69.6,48.0,20,0.45,0
PROP-DF4F5C19DD7C,RERA-MHA-80778992,1,Ongoing,10.0,49.0,20.4,245.0,9,0.444,0
PROP-9C57618CB5F6,,0,Unregistered,,,,,0,1.0,0
PROP-85FDF703E7E4,,0,Unregistered,,,,,0,1.0,0
PROP-5751984A81CA,,0,Unregistered,,,,,0,1.0,0
PROP-0F96DB8C5EAE,,0,Unregistered,,,,,0,1.0,0
PROP-8745A6809553,RERA-MHA-31289650,1,Ongoing,41.0,51.0,80.4,39.0,12,0.75,0
PROP-FE3D9CF9644E,RERA-MHA-31289650,1,Ongoing,32.0,51.0,62.7,39.0,12,0.75,0
PROP-7705690F2BED,,0,Unregistered,,,,,0,1.0,0
PROP-5D41029C24D4,RERA-MHA-02870659,1,Completed,33.0,31.0,100.0,34.0,9,0.778,0
PROP-A474AF159C00,RERA-MHA-50160560,1,Ongoing,18.0,46.0,39.1,81.0,13,0.615,0
PROP-6136DADB985E,,0,Unregistered,,,,,0,1.0,0
PROP-BE0F79CA4D21,RERA-MHA-42925574,1,Ongoing,20.0,40.0,50.0,87.0,37,0.351,0
PROP-D641A353665A,RERA-MHA-02455932,1,Ongoing,22.0,49.0,44.9,189.0,9,0.667,0
PROP-B36B54E3592B,,0,Unregistered,,,,,0,1.0,0
PROP-5187158148DE,RERA-MHA-69861621,1,Completed,38.0,34.0,100.0,63.0,24,0.417,0
PROP-8D4550CF078E,RERA-MHA-72331317,1,Ongoing,7.0,37.0,18.9,60.0,6,0.333,0
PROP-6C4E3AA22AD0,,0,Unregistered,,,,,0,1.0,0
PROP-55488DC86954,,0,Unregistered,,,,,0,1.0,0
PROP-35E698F8C8E1,,0,Unregistered,,,,,0,1.0,0
PROP-47EC8CAA2D1D,,0,Unregistered,,,,,0,1.0,0
PROP-1FA3B8F4485C,RERA-MHA-23798811,1,Ongoing,29.0,43.0,67.4,26.0,7,0.429,0
PROP-435F8E219C76,,0,Unregistered,,,,,0,1.0,0
PROP-BCC8A2657637,RERA-MHA-50884449,1,Ongoing,15.0,39.0,38.5,61.0,13,0.385,0
PROP-29940FFCE6DA,,0,Unregistered,,,,,0,1.0,0
PROP-06099F7A6044,,0,Unregistered,,,,,0,1.0,0
PROP-11E540A0887F,,0,Unregistered,,,,,0,1.0,0
PROP-4CFB50A79031,,0,Unregistered,,,,,0,1.0,0
PROP-10E37C9D254C,RERA-MHA-85441265,1,Ongoing,23.0,49.0,46.9,143.0,18,0.333,0
PROP-789BAC22EADB,,0,Unregistered,,,,,0,1.0,0
PROP-8100E6739818,,0,Unregistered,,,,,0,1.0,0
PROP-51716900FDDC,,0,Unregistered,,,,,0,1.0,0
PROP-662CB2C157C5,RERA-MHA-75066548,1,Ongoing,34.0,53.0,64.2,21.0,14,0.429,0
PROP-5D95C95EF1A4,,0,Unregistered,,,,,0,1.0,0
PROP-90B5D0DE93B2,,0,Unregistered,,,,,0,1.0,0
PROP-B1299269B048,,0,Unregistered,,,,,0,1.0,0
PROP-F692AF9D9DBB,,0,Unregistered,,,,,0,1.0,0
PROP-1DECA9ACDB81,RERA-MHA-74785383,1,Ongoing,29.0,42.0,69.0,70.0,13,0.385,0
PROP-E5B888F67F5C,RERA-MHA-06189065,1,Completed,49.0,38.0,100.0,46.0,21,0.81,1
PROP-BB2C3E8DC24E,,0,Unregistered,,,,,0,1.0,0
PROP-DB27CC735F53,RERA-MHA-87746102,1,Ongoing,12.0,41.0,29.3,184.0,13,0.385,0
PROP-33687DA126C8,,0,Unregistered,,,,,0,1.0,0
PROP-EC0EAA89F8A0,,0,Unregistered,,,,,0,1.0,0
PROP-B13EC64B4D8C,RERA-MHA-96402495,1,Ongoing,37.0,45.0,82.2,116.0,6,0.833,0
PROP-FAC598C84F0E,,0,Unregistered,,,,,0,1.0,0
PROP-9861085A39C1,RERA-MHA-86649368,1,Ongoing,30.0,45.0,66.7,235.0,9,0.222,0
PROP-DCA99BED79B6,RERA-MHA-16502356,1,Ongoing,30.0,59.0,50.8,63.0,15,0.733,0
PROP-2215523756AD,RERA-MHA-35305283,1,Completed,29.0,24.0,100.0,16.0,10,0.5,0
PROP-700864776747,RERA-MHA-55225583,1,Ongoing,21.0,40.0,52.5,57.0,13,0.385,0
PROP-36F1789F8862,RERA-MHA-46651202,1,Ongoing,24.0,27.0,88.9,77.0,8,0.5,0
PROP-68A31D5528B2,RERA-MHA-72108293,1,Completed,43.0,42.0,100.0,78.0,9,0.889,1
PROP-3CD431169E57,,0,Unregistered,,,,,0,1.0,0
PROP-058E2C2EE6F1,,0,Unregistered,,,,,0,1.0,0
PROP-C9C572C061F8,,0,Unregistered,,,,,0,1.0,0
PROP-3C0DA86FA603,,0,Unregistered,,,,,0,1.0,0
PROP-D185A9F61D04,,0,Unregistered,,,,,0,1.0,0
PROP-6C8960B60E58,,0,Unregistered,,,,,0,1.0,0
PROP-8D81DB8D52F2,,0,Unregistered,,,,,0,1.0,0
PROP-B6850284EB24,,0,Unregistered,,,,,0,1.0,0
PROP-7DB8ADBD44BC,,0,Unregistered,,,,,0,1.0,0
PROP-38639A51E9BA,,0,Unregistered,,,,,0,1.0,0
PROP-4AE14CA254F0,RERA-MHA-12414621,1,Ongoing,39.0,57.0,68.4,17.0,8,0.625,0
PROP-4B34DF2E4826,,0,Unregistered,,,,,0,1.0,0
PROP-A0E7E5E1C072,,0,Unregistered,,,,,0,1.0,0
PROP-C5D43F6935CB,RERA-MHA-12414621,1,Ongoing,48.0,57.0,84.2,17.0,9,0.667,1
PROP-42FFD58DA91E,RERA-MHA-71488768,1,Ongoing,6.0,31.0,19.4,151.0,8,0.625,1
PROP-E3B99F7E3211,,0,Unregistered,,,,,0,1.0,0
PROP-F2350AFC6A34,RERA-MHA-69513003,1,Ongoing,17.0,57.0,29.8,181.0,5,0.4,0
PROP-F2DAC81E5E8C,,0,Unregistered,,,,,0,1.0,0
PROP-05A7313F49A0,RERA-MHA-36923130,1,Ongoing,8.0,56.0,14.3,148.0,16,0.875,1
PROP-327551273E86,,0,Unregistered,,,,,0,1.0,0
PROP-E79979BC0E1E,,0,Unregistered,,,,,0,1.0,0
PROP-73C81C400FC6,RERA-MHA-02156820,1,Ongoing,34.0,44.0,77.3,24.0,15,0.2,0
PROP-8E895F2DDEA5,,0,Unregistered,,,,,0,1.0,0
PROP-950793A6582E,,0,Unregistered,,,,,0,1.0,0
PROP-3F46129C47B2,,0,Unregistered,,,,,0,1.0,0
PROP-5218EDAAA375,,0,Unregistered,,,,,0,1.0,0
PROP-4109CAA1C340,,0,Unregistered,,,,,0,1.0,0
PROP-EDA26ACA745F,RERA-MHA-28448151,1,Ongoing,28.0,42.0,66.7,82.0,13,0.769,0
PROP-4826EC184147,RERA-MHA-43399682,1,Ongoing,24.0,31.0,77.4,159.0,8,0.75,0
PROP-B949ED31B918,RERA-MHA-64658234,1,Ongoing,8.0,44.0,18.2,157.0,10,0.5,0
PROP-E33F5D02CC12,,0,Unregistered,,,,,0,1.0,0
PROP-EA246639395B,,0,Unregistered,,,,,0,1.0,0
PROP-4C16B4B34BCF,,0,Unregistered,,,,,0,1.0,0
PROP-B8522EF8B903,RERA-MHA-65386487,1,Ongoing,9.0,36.0,25.0,116.0,9,0.889,2
PROP-FA833C8312E4,,0,Unregistered,,,,,0,1.0,0
PROP-52ED767CC21A,,0,Unregistered,,,,,0,1.0,0
PROP-94212FA15224,,0,Unregistered,,,,,0,1.0,0
PROP-04A0DCCD6104,RERA-MHA-15051847,1,Ongoing,21.0,38.0,55.3,113.0,10,0.3,0
PROP-0A87B82184FE,,0,Unregistered,,,,,0,1.0,0
PROP-FA052F24C986,,0,Unregistered,,,,,0,1.0,0
PROP-FB98B1EFE668,RERA-MHA-40718913,1,Ongoing,11.0,51.0,21.6,102.0,6,0.5,0
PROP-B5003EA00232,,0,Unregistered,,,,,0,1.0,0
PROP-15E5B2810C8D,RERA-MHA-70089716,1,Ongoing,49.0,56.0,87.5,229.0,12,0.667,0
PROP-5572E846A5A9,,0,Unregistered,,,,,0,1.0,0
PROP-04557424651D,,0,Unregistered,,,,,0,1.0,0
PROP-4EB7735D50A8,,0,Unregistered,,,,,0,1.0,0
PROP-066E89E7255F,RERA-MHA-24166352,1,Completed,34.0,24.0,100.0,82.0,15,0.867,2
PROP-C72758944E41,,0,Unregistered,,,,,0,1.0,0
PROP-F004FCB38957,,0,Unregistered,,,,,0,1.0,0
PROP-8489BADDBE17,,0,Unregistered,,,,,0,1.0,0
PROP-840B09AFF58E,RERA-MHA-50828682,1,Ongoing,16.0,42.0,38.1,73.0,6,0.833,0
PROP-970F020A9D98,,0,Unregistered,,,,,0,1.0,0
PROP-02DB00F21E6E,,0,Unregistered,,,,,0,1.0,0
PROP-2C2E967222B3,,0,Unregistered,,,,,0,1.0,0
PROP-ED9683068995,,0,Unregistered,,,,,0,1.0,0
PROP-B932E597D70D,RERA-MHA-24047777,1,Ongoing,27.0,50.0,54.0,62.0,22,0.5,0
PROP-112C2126223C,RERA-MHA-52895710,1,Ongoing,32.0,50.0,64.0,117.0,14,0.571,0
PROP-135921BFE08E,,0,Unregistered,,,,,0,1.0,0
PROP-D1F660DD1442,,0,Unregistered,,,,,0,1.0,0
PROP-9223A14BB9CA,,0,Unregistered,,,,,0,1.0,0
PROP-0C3C607B71D0,,0,Unregistered,,,,,0,1.0,0
PROP-E1726A7F758A,RERA-MHA-58680647,1,Ongoing,25.0,36.0,69.4,37.0,5,0.4,1
PROP-BE5E763C94B7,,0,Unregistered,,,,,0,1.0,0
PROP-500FC0201F61,RERA-MHA-98880163,1,Ongoing,9.0,57.0,15.8,173.0,9,0.556,0
PROP-B3B39869819A,,0,Unregistered,,,,,0,1.0,0
PROP-310FDB05101F,,0,Unregistered,,,,,0,1.0,0
PROP-40861189FC10,RERA-MHA-85403196,1,Ongoing,26.0,45.0,57.8,237.0,4,0.25,0
PROP-0B0113330B85,,0,Unregistered,,,,,0,1.0,0
PROP-2522168C356D,,0,Unregistered,,,,,0,1.0,0
PROP-FF77CEE8C2BF,RERA-MHA-85403196,1,Completed,62.0,45.0,100.0,237.0,7,0.571,0
PROP-3CCE7316511C,,0,Unregistered,,,,,0,1.0,0
PROP-5987EFB50FAA,RERA-MHA-37646330,1,Ongoing,16.0,58.0,27.6,30.0,18,0.667,2
PROP-FA7662BEA7F1,RERA-MHA-19889384,1,Ongoing,22.0,35.0,62.9,46.0,27,0.519,0
PROP-6559C4BC4EEF,RERA-MHA-62522508,1,Ongoing,26.0,55.0,47.3,139.0,38,0.526,1
PROP-60150818F6DD,RERA-MHA-34636038,1,Ongoing,28.0,39.0,71.8,15.0,11,0.636,0
PROP-0A2789408FA0,,0,Unregistered,,,,,0,1.0,0
PROP-A3F4B3F80695,,0,Unregistered,,,,,0,1.0,0
PROP-AFDD620B6095,,0,Unregistered,,,,,0,1.0,0
PROP-FA7F37B350E3,,0,Unregistered,,,,,0,1.0,0
PROP-F06DD4966B3E,,0,Unregistered,,,,,0,1.0,0
PROP-C114637323B7,RERA-MHA-09532154,1,Ongoing,32.0,50.0,64.0,123.0,12,0.667,0
PROP-33AB6D26683F,RERA-MHA-50725956,1,Completed,38.0,36.0,100.0,101.0,13,0.769,0
PROP-4A73EE6BB111,,0,Unregistered,,,,,0,1.0,0
PROP-3033494C6345,RERA-MHA-37808155,1,Completed,41.0,35.0,100.0,62.0,4,0.75,1
PROP-37FE4AEF56C8,RERA-MHA-92500247,1,Ongoing,37.0,38.0,97.4,150.0,9,0.667,0
PROP-7334F8E148B2,,0,Unregistered,,,,,0,1.0,0
PROP-D7EA82297F6E,,0,Unregistered,,,,,0,1.0,0
PROP-48A2189DEDF5,RERA-MHA-10513406,1,Ongoing,12.0,45.0,26.7,72.0,14,0.643,0
PROP-8FE1FAAB504D,RERA-MHA-10513406,1,Ongoing,15.0,45.0,33.3,72.0,14,0.643,0
PROP-53B01713B422,,0,Unregistered,,,,,0,1.0,0
PROP-019DDB234B44,,0,Unregistered,,,,,0,1.0,0
PROP-5880156ABEB8,,0,Unregistered,,,,,0,1.0,0
PROP-296503E9CF13,RERA-MHA-70758205,1,Ongoing,31.0,45.0,68.9,129.0,21,0.762,0
PROP-2268C226B756,RERA-MHA-81544557,1,Ongoing,19.0,49.0,38.8,112.0,21,0.524,0
PROP-83C1748D320F,,0,Unregistered,,,,,0,1.0,0
PROP-12FC4BB87802,,0,Unregistered,,,,,0,1.0,0
PROP-036A40B27112,RERA-MHA-67167566,1,Ongoing,28.0,39.0,71.8,34.0,8,0.75,1
PROP-8EB6ABD1E5F2,RERA-MHA-49599127,1,Ongoing,13.0,60.0,21.7,78.0,21,0.333,0
PROP-0E8978129783,,0,Unregistered,,,,,0,1.0,0
PROP-7963A9BB37DF,,0,Unregistered,,,,,0,1.0,0
PROP-DB8AD833EF0F,RERA-MHA-48660048,1,Ongoing,18.0,31.0,58.1,95.0,25,0.48,0
PROP-7813EB02EFD0,RERA-MHA-90500838,1,Ongoing,36.0,43.0,83.7,132.0,9,0.222,0
PROP-68D4394D50E0,,0,Unregistered,,,,,0,1.0,0
PROP-8F80444553E0,,0,Unregistered,,,,,0,1.0,0
PROP-E70C76FA2FA3,RERA-MHA-93089286,1,Ongoing,28.0,56.0,50.0,127.0,6,0.333,0
PROP-40E4D60ADADF,,0,Unregistered,,,,,0,1.0,0
PROP-870014E13691,,0,Unregistered,,,,,0,1.0,0
PROP-61BBDF5BDAFD,,0,Unregistered,,,,,0,1.0,0
PROP-1D3E1B145217,RERA-MHA-08565932,1,Ongoing,14.0,49.0,28.6,30.0,12,0.5,0
PROP-49BF184B93EC,,0,Unregistered,,,,,0,1.0,0
PROP-22B312E08664,,0,Unregistered,,,,,0,1.0,0
PROP-78DE2137D387,,0,Unregistered,,,,,0,1.0,0
PROP-F7F08FB28B2A,,0,Unregistered,,,,,0,1.0,0
PROP-1D98962044A4,,0,Unregistered,,,,,0,1.0,0
PROP-5AF61630F456,RERA-MHA-55575578,1,Ongoing,24.0,44.0,54.5,131.0,10,0.5,0
PROP-D76348C943E5,,0,Unregistered,,,,,0,1.0,0
PROP-ACA5C02C847B,,0,Unregistered,,,,,0,1.0,0
PROP-B827F9B1FD1E,,0,Unregistered,,,,,0,1.0,0
PROP-E16B555960F6,,0,Unregistered,,,,,0,1.0,0
PROP-4C52C6C695ED,,0,Unregistered,,,,,0,1.0,0
PROP-1DE379F76B98,RERA-MHA-33167174,1,Ongoing,16.0,57.0,28.1,83.0,13,0.846,3
PROP-20E8514B01C4,,0,Unregistered,,,,,0,1.0,0
PROP-514D0871D9E2,,0,Unregistered,,,,,0,1.0,0
PROP-9919941AB576,,0,Unregistered,,,,,0,1.0,0
PROP-9593A2132F88,,0,Unregistered,,,,,0,1.0,0
PROP-0E4421ED4B20,RERA-MHA-05667392,1,Ongoing,18.0,46.0,39.1,100.0,9,0.444,0
PROP-0B67FFF1F22D,,0,Unregistered,,,,,0,1.0,0
PROP-C6BA346AE95E,,0,Unregistered,,,,,0,1.0,0
PROP-4D8936F356C7,,0,Unregistered,,,,,0,1.0,0
PROP-A009C2A66413,,0,Unregistered,,,,,0,1.0,0
PROP-5BF11293E351,,0,Unregistered,,,,,0,1.0,0
PROP-CB8691583EDE,RERA-MHA-59633291,1,Completed,41.0,30.0,100.0,122.0,7,0.857,0
PROP-6703879E071F,,0,Unregistered,,,,,0,1.0,0
PROP-9777B4A5461C,,0,Unregistered,,,,,0,1.0,0
PROP-596CD994672F,,0,Unregistered,,,,,0,1.0,0
PROP-E928040882A8,RERA-MHA-19134935,1,Ongoing,25.0,40.0,62.5,118.0,5,0.6,0
PROP-270E6B143FB6,RERA-MHA-44785412,1,Completed,45.0,39.0,100.0,141.0,27,0.63,0
PROP-50ECFF053787,,0,Unregistered,,,,,0,1.0,0
PROP-AF1E0DBC7AF7,,0,Unregistered,,,,,0,1.0,0
PROP-9F7F71E46775,,0,Unregistered,,,,,0,1.0,0
PROP-38930D3E5AD5,,0,Unregistered,,,,,0,1.0,0
PROP-C19744112D87,,0,Unregistered,,,,,0,1.0,0
PROP-665F77D1607B,RERA-MHA-65288659,1,Ongoing,33.0,50.0,66.0,137.0,14,0.643,0
PROP-DC397958987A,RERA-MHA-14064895,1,Completed,41.0,36.0,100.0,22.0,21,0.762,0
PROP-235474DA63CE,,0,Unregistered,,,,,0,1.0,0
PROP-657D3C1E314A,RERA-MHA-41997885,1,Ongoing,19.0,48.0,39.6,148.0,9,0.333,0
PROP-7D2B1F50DA38,,0,Unregistered,,,,,0,1.0,0
PROP-283ECF1E9987,,0,Unregistered,,,,,0,1.0,0
PROP-11E4F8B4840D,,0,Unregistered,,,,,0,1.0,0
PROP-DDAA86DD60E2,,0,Unregistered,,,,,0,1.0,0
PROP-3910BD364DBD,,0,Unregistered,,,,,0,1.0,0
PROP-15E5C6B23B43,,0,Unregistered,,,,,0,1.0,0
PROP-0864CF5C88A3,RERA-MHA-28172126,1,Ongoing,36.0,59.0,61.0,225.0,13,0.308,0
PROP-66D43DD1C718,RERA-MHA-91768219,1,Ongoing,37.0,49.0,75.5,65.0,14,0.643,1
PROP-32C2217EB51F,RERA-MHA-55171242,1,Completed,51.0,45.0,100.0,34.0,11,0.818,2
PROP-B5D2587A4084,,0,Unregistered,,,,,0,1.0,0
PROP-FED97B50482C,RERA-MHA-99472028,1,Ongoing,6.0,54.0,11.1,270.0,11,0.545,0
PROP-E9EFBC4559DA,,0,Unregistered,,,,,0,1.0,0
PROP-4B270E81F3A1,,0,Unregistered,,,,,0,1.0,0
PROP-9B5953DA62EB,RERA-MHA-46875356,1,Ongoing,26.0,49.0,53.1,190.0,15,0.667,1
PROP-B15E3C15D27C,RERA-MHA-23080082,1,Ongoing,24.0,51.0,47.1,69.0,6,0.667,0
PROP-01F45FEC86FD,RERA-MHA-93558800,1,Completed,34.0,34.0,100.0,110.0,13,0.923,0
PROP-728D6487212B,RERA-MHA-70813024,1,Completed,34.0,31.0,100.0,241.0,13,0.692,1
PROP-586F39E39DD9,,0,Unregistered,,,,,0,1.0,0
PROP-FAF87833345F,,0,Unregistered,,,,,0,1.0,0
PROP-D9EA96F771C0,,0,Unregistered,,,,,0,1.0,0
PROP-038DD18C4306,RERA-MHA-34980394,1,Ongoing,20.0,59.0,33.9,179.0,24,0.5,0
PROP-470909E0DC3F,,0,Unregistered,,,,,0,1.0,0
PROP-CE629D62C1E2,RERA-MHA-78688824,1,Ongoing,30.0,32.0,93.8,102.0,6,0.833,1
PROP-2055C19CB674,RERA-MHA-04307159,1,Ongoing,21.0,39.0,53.8,178.0,16,0.75,3
PROP-CADB9418C827,RERA-MHA-73404607,1,Completed,51.0,48.0,100.0,68.0,7,0.857,0
PROP-54221A1FB721,,0,Unregistered,,,,,0,1.0,0
PROP-39EFEA1A324E,,0,Unregistered,,,,,0,1.0,0
PROP-5BC87B51A4E9,RERA-MHA-88076175,1,Ongoing,9.0,33.0,27.3,45.0,6,0.5,0
PROP-F61DCDEEA633,RERA-MHA-65918795,1,Ongoing,9.0,45.0,20.0,72.0,10,0.5,0
PROP-A0B24C423CFA,RERA-MHA-59486800,1,Ongoing,26.0,40.0,65.0,37.0,19,0.526,0
PROP-22FA19F99E64,,0,Unregistered,,,,,0,1.0,0
PROP-37AA36995442,,0,Unregistered,,,,,0,1.0,0
PROP-F3A128C532B5,,0,Unregistered,,,,,0,1.0,0
PROP-D9743C70CB37,,0,Unregistered,,,,,0,1.0,0
PROP-9257FA0F646A,,0,Unregistered,,,,,0,1.0,0
PROP-82C8A1DA5ECD,,0,Unregistered,,,,,0,1.0,0
PROP-B1E271462EE0,,0,Unregistered,,,,,0,1.0,0
PROP-517FCD9BFB61,,0,Unregistered,,,,,0,1.0,0
PROP-FAB9736DD2EB,RERA-MHA-73404607,1,Ongoing,12.0,48.0,25.0,68.0,6,0.5,0
PROP-91E5E9CE072D,RERA-MHA-56652408,1,Ongoing,18.0,47.0,38.3,160.0,6,0.333,0
PROP-67BEADD38850,,0,Unregistered,,,,,0,1.0,0
PROP-11C7E45524A5,,0,Unregistered,,,,,0,1.0,0
PROP-1111C1829407,RERA-MHA-34049575,1,Ongoing,33.0,53.0,62.3,29.0,8,0.375,0
PROP-4C94311153E5,,0,Unregistered,,,,,0,1.0,0
PROP-E6B0CCE2542F,,0,Unregistered,,,,,0,1.0,0
PROP-642FEA70C636,RERA-MHA-99032477,1,Ongoing,11.0,30.0,36.7,77.0,13,0.385,0
PROP-1A4F41B7FCE7,,0,Unregistered,,,,,0,1.0,0
PROP-9ED697450E69,,0,Unregistered,,,,,0,1.0,0
PROP-467FA946B3A8,,0,Unregistered,,,,,0,1.0,0
PROP-C9ACCA4772A3,RERA-MHA-09916155,1,Ongoing,17.0,37.0,45.9,135.0,16,0.375,0
PROP-1ADDABDB7B09,RERA-MHA-92584188,1,Ongoing,26.0,38.0,68.4,80.0,15,0.8,0
PROP-C75EF7D0832B,RERA-MHA-83592975,1,Ongoing,25.0,31.0,80.6,48.0,7,0.429,0
PROP-5F3B2E5E6849,,0,Unregistered,,,,,0,1.0,0
PROP-D827EBCF7D0C,RERA-MHA-45563887,1,Completed,60.0,51.0,100.0,172.0,4,0.75,0
PROP-529A695AAAE4,,0,Unregistered,,,,,0,1.0,0
PROP-52821F74D662,RERA-MHA-70232230,1,Ongoing,24.0,59.0,40.7,248.0,4,0.25,0
PROP-FE65A2B32D9D,,0,Unregistered,,,,,0,1.0,0
PROP-4D8D9BA16C41,,0,Unregistered,,,,,0,1.0,0
PROP-F5447FDE0BD9,,0,Unregistered,,,,,0,1.0,0
PROP-AB5E011D8379,RERA-MHA-06073193,1,Ongoing,19.0,54.0,35.2,41.0,14,0.286,0
PROP-44F95501D6A3,,0,Unregistered,,,,,0,1.0,0
PROP-C78770588BE5,,0,Unregistered,,,,,0,1.0,0
PROP-5A9F086C4B31,,0,Unregistered,,,,,0,1.0,0
PROP-0E0D2C5B8C8A,RERA-MHA-52923552,1,Ongoing,26.0,39.0,66.7,210.0,15,0.733,1
PROP-6F97E026666B,,0,Unregistered,,,,,0,1.0,0
PROP-028298A1FDB0,,0,Unregistered,,,,,0,1.0,0
PROP-B2976D206FC2,,0,Unregistered,,,,,0,1.0,0
PROP-2CF7578F7196,RERA-MHA-48842007,1,Ongoing,13.0,47.0,27.7,34.0,4,0.25,0
PROP-A4532AB98D48,RERA-MHA-97797130,1,Ongoing,32.0,54.0,59.3,59.0,18,0.778,0
PROP-6A11CD27BA64,,0,Unregistered,,,,,0,1.0,0
PROP-B55D0E75BE2D,RERA-MHA-79840350,1,Completed,36.0,29.0,100.0,147.0,10,0.8,1
PROP-56DAD5711BC9,,0,Unregistered,,,,,0,1.0,0
PROP-7F8DB76EE4B0,,0,Unregistered,,,,,0,1.0,0
PROP-013251B1167D,,0,Unregistered,,,,,0,1.0,0
PROP-5A99A0F43908,,0,Unregistered,,,,,0,1.0,0
PROP-519AD477F60C,,0,Unregistered,,,,,0,1.0,0
PROP-79A45AFE3712,,0,Unregistered,,,,,0,1.0,0
PROP-25DD7C694F53,,0,Unregistered,,,,,0,1.0,0
PROP-8BCC48934BDE,,0,Unregistered,,,,,0,1.0,0
PROP-A2E135412DEF,RERA-MHA-20295895,1,Ongoing,13.0,53.0,24.5,112.0,20,0.45,2
PROP-36FA85B6A013,,0,Unregistered,,,,,0,1.0,0
PROP-E642C267BE01,,0,Unregistered,,,,,0,1.0,0
PROP-E747D7455794,,0,Unregistered,,,,,0,1.0,0
PROP-F8CFD12B8C4C,,0,Unregistered,,,,,0,1.0,0
PROP-E3773AA070DD,RERA-MHA-97348328,1,Ongoing,18.0,54.0,33.3,104.0,8,0.5,0
PROP-A3297A74B9DC,,0,Unregistered,,,,,0,1.0,0
PROP-F1EF5074C249,,0,Unregistered,,,,,0,1.0,0
PROP-BD9446E2B3FF,RERA-MHA-90616561,1,Ongoing,7.0,38.0,18.4,36.0,11,0.364,0
PROP-880F6CAE0BAA,,0,Unregistered,,,,,0,1.0,0
PROP-93A24151E761,RERA-MHA-63700759,1,Ongoing,13.0,27.0,48.1,101.0,10,0.6,0
PROP-1595632F7447,,0,Unregistered,,,,,0,1.0,0
PROP-5C38ECF1B9E5,RERA-MHA-65514718,1,Ongoing,12.0,41.0,29.3,194.0,20,0.75,2
PROP-6C5E68C07BBE,,0,Unregistered,,,,,0,1.0,0
PROP-C3FA1B8B65F9,RERA-MHA-56175467,1,Ongoing,29.0,47.0,61.7,147.0,8,0.375,0
PROP-56A7E6F7FE6A,,0,Unregistered,,,,,0,1.0,0
PROP-C13D925DDF7E,RERA-MHA-45563887,1,Ongoing,21.0,51.0,41.2,172.0,3,0.667,0
PROP-ACF04D9049CB,RERA-MHA-63557109,1,Completed,35.0,34.0,100.0,27.0,5,0.8,0
PROP-A3923CD0A479,,0,Unregistered,,,,,0,1.0,0
PROP-3FA6A4F71660,,0,Unregistered,,,,,0,1.0,0
PROP-81985D57488B,,0,Unregistered,,,,,0,1.0,0
PROP-6F4D9D49A4B7,RERA-MHA-39278330,1,Completed,67.0,32.0,100.0,107.0,12,0.917,0
PROP-E238837A8C7E,RERA-MHA-34625782,1,Ongoing,16.0,36.0,44.4,125.0,6,0.333,0
PROP-35F456BDA572,,0,Unregistered,,,,,0,1.0,0
PROP-14DFB39A2D22,,0,Unregistered,,,,,0,1.0,0
PROP-5E7EBC1E6BFC,,0,Unregistered,,,,,0,1.0,0
PROP-0D48F8D1C447,,0,Unregistered,,,,,0,1.0,0
PROP-C840B62ADC25,,0,Unregistered,,,,,0,1.0,0
PROP-EF0FC2ADC232,RERA-MHA-01160200,1,Ongoing,18.0,48.0,37.5,240.0,5,0.8,0
PROP-5A8634785F1E,,0,Unregistered,,,,,0,1.0,0
PROP-7CFF038C6D82,RERA-MHA-62888483,1,Ongoing,33.0,54.0,61.1,166.0,10,0.4,0
PROP-05EB98F9B79E,RERA-MHA-33044759,1,Ongoing,21.0,24.0,87.5,69.0,9,0.333,0
PROP-F8E38FC09FCC,,0,Unregistered,,,,,0,1.0,0
PROP-3E90936B5408,,0,Unregistered,,,,,0,1.0,0
PROP-97BF80B92FB0,RERA-MHA-36207829,1,Completed,39.0,27.0,100.0,71.0,5,1.0,0
PROP-E4D39546C414,RERA-MHA-18090669,1,Ongoing,39.0,56.0,69.6,134.0,17,0.412,0
PROP-077E6C92FF08,,0,Unregistered,,,,,0,1.0,0
PROP-8E1BC94036AF,RERA-MHA-97632493,1,Ongoing,19.0,41.0,46.3,97.0,11,0.818,1
PROP-DE40C0A09AFD,,0,Unregistered,,,,,0,1.0,0
PROP-EB787D73C7DC,,0,Unregistered,,,,,0,1.0,0
PROP-2F97D90EBB27,,0,Unregistered,,,,,0,1.0,0
PROP-80679BCCA875,,0,Unregistered,,,,,0,1.0,0
PROP-427BB62F325C,RERA-MHA-18508821,1,Ongoing,27.0,50.0,54.0,27.0,10,0.9,3
PROP-31679F275D75,,0,Unregistered,,,,,0,1.0,0
PROP-5E89EAE1291C,,0,Unregistered,,,,,0,1.0,0
PROP-7ED93828946E,,0,Unregistered,,,,,0,1.0,0
PROP-2C3582A9D384,RERA-MHA-63457931,1,Completed,52.0,27.0,100.0,52.0,13,0.769,0
PROP-AFAFB7FC358E,,0,Unregistered,,,,,0,1.0,0
PROP-D5871F31B3FC,,0,Unregistered,,,,,0,1.0,0
PROP-9E3F60C7588B,,0,Unregistered,,,,,0,1.0,0
PROP-A9F7835F6887,,0,Unregistered,,,,,0,1.0,0
PROP-75928C26C846,,0,Unregistered,,,,,0,1.0,0
PROP-D611C47AAB89,,0,Unregistered,,,,,0,1.0,0
PROP-24C399D085C4,RERA-MHA-78897001,1,Ongoing,11.0,36.0,30.6,163.0,6,0.833,0
PROP-6F2B114112D0,RERA-MHA-36113529,1,Ongoing,11.0,51.0,21.6,72.0,4,0.75,0
PROP-A4A9ADFE584E,,0,Unregistered,,,,,0,1.0,0
PROP-80F314955A32,,0,Unregistered,,,,,0,1.0,0
PROP-02D70E2C301B,,0,Unregistered,,,,,0,1.0,0
PROP-F43E85CE9F7D,,0,Unregistered,,,,,0,1.0,0
PROP-6BD911622F07,,0,Unregistered,,,,,0,1.0,0
PROP-10CE836348F3,RERA-MHA-25540775,1,Ongoing,25.0,48.0,52.1,26.0,14,0.5,0
PROP-8B75F2107C1E,,0,Unregistered,,,,,0,1.0,0
PROP-87BC2A39EC39,,0,Unregistered,,,,,0,1.0,0
PROP-3B51AE728A42,,0,Unregistered,,,,,0,1.0,0
PROP-3A267EF7EE46,,0,Unregistered,,,,,0,1.0,0
PROP-25B5EF21FD58,,0,Unregistered,,,,,0,1.0,0
PROP-89F30265B2D3,RERA-MHA-47908921,1,Ongoing,19.0,28.0,67.9,32.0,7,0.286,0
PROP-721CDEB9B570,,0,Unregistered,,,,,0,1.0,0
PROP-5FFD9E63CD87,,0,Unregistered,,,,,0,1.0,0
PROP-BA4CA07F778B,,0,Unregistered,,,,,0,1.0,0
PROP-CBF762B3ABB9,,0,Unregistered,,,,,0,1.0,0
PROP-D41CE6C0C258,RERA-MHA-80571309,1,Ongoing,23.0,47.0,48.9,32.0,13,0.538,0
PROP-79558E28EE67,RERA-MHA-50385204,1,Completed,26.0,25.0,100.0,86.0,18,0.5,0
PROP-6ED3D1925DF9,RERA-MHA-59375713,1,Completed,35.0,25.0,100.0,93.0,8,0.75,0
PROP-0E85C9AE5753,,0,Unregistered,,,,,0,1.0,0
PROP-1EAE5EF39BD4,,0,Unregistered,,,,,0,1.0,0
PROP-68172BD26D64,,0,Unregistered,,,,,0,1.0,0
PROP-77294DD6BB0C,RERA-MHA-17887174,1,Completed,59.0,49.0,100.0,66.0,14,0.714,1
PROP-3562457C4AA5,,0,Unregistered,,,,,0,1.0,0
PROP-12D367E5B142,,0,Unregistered,,,,,0,1.0,0
PROP-8803A37018B1,RERA-MHA-43076856,1,Ongoing,26.0,27.0,96.3,37.0,5,0.8,0
PROP-3805FE794E96,RERA-MHA-60825090,1,Ongoing,24.0,40.0,60.0,57.0,12,0.333,0
PROP-299EECD690EE,,0,Unregistered,,,,,0,1.0,0
PROP-E856BA58E297,,0,Unregistered,,,,,0,1.0,0
PROP-9DB4B5C4CD17,,0,Unregistered,,,,,0,1.0,0
PROP-8CF93AF71907,,0,Unregistered,,,,,0,1.0,0
PROP-6063CA8BF4D2,RERA-MHA-42654134,1,Ongoing,24.0,47.0,51.1,78.0,18,0.778,0
PROP-A24FE160DB0B,RERA-MHA-26132062,1,Ongoing,20.0,35.0,57.1,88.0,3,0.667,0
PROP-5BB252543157,,0,Unregistered,,,,,0,1.0,0
PROP-E8733EE73AE2,,0,Unregistered,,,,,0,1.0,0
PROP-F635B2C448CD,RERA-MHA-46552218,1,Ongoing,40.0,42.0,95.2,138.0,5,0.8,1
PROP-C227B16C5785,,0,Unregistered,,,,,0,1.0,0
PROP-82E45F1B4040,,0,Unregistered,,,,,0,1.0,0
PROP-85D0D20D009A,,0,Unregistered,,,,,0,1.0,0
PROP-5E0E0DAE0DF2,RERA-MHA-14904778,1,Ongoing,32.0,33.0,97.0,118.0,11,0.909,1
PROP-8596EFC5A64F,,0,Unregistered,,,,,0,1.0,0
PROP-D35189812D63,RERA-MHA-16139097,1,Ongoing,15.0,55.0,27.3,95.0,9,0.222,0
PROP-D2955698590B,RERA-MHA-16139097,1,Ongoing,15.0,55.0,27.3,95.0,9,0.222,0
PROP-B6DF006213E5,RERA-MHA-09056624,1,Ongoing,6.0,47.0,12.8,35.0,5,0.4,0
PROP-48C5094EAB3C,,0,Unregistered,,,,,0,1.0,0
PROP-E6CEC9BBB145,,0,Unregistered,,,,,0,1.0,0
PROP-495D2BCE9AAF,RERA-MHA-01950469,1,Completed,35.0,34.0,100.0,24.0,15,0.8,0
PROP-F0452D2760F8,RERA-MHA-74372715,1,Ongoing,29.0,56.0,51.8,102.0,14,0.571,0
PROP-188005F60844,,0,Unregistered,,,,,0,1.0,0
PROP-409F0773A23D,RERA-MHA-25908311,1,Ongoing,21.0,49.0,42.9,17.0,7,0.429,0
PROP-C28EEAB1CF90,,0,Unregistered,,,,,0,1.0,0
PROP-3646AE63A324,,0,Unregistered,,,,,0,1.0,0
PROP-BE7766288877,,0,Unregistered,,,,,0,1.0,0
PROP-B01242B46280,RERA-MHA-19313956,1,Ongoing,26.0,35.0,74.3,132.0,70,0.5,4
PROP-C91D0D2F6FCC,,0,Unregistered,,,,,0,1.0,0
PROP-DC7D9D13413D,,0,Unregistered,,,,,0,1.0,0
PROP-CD2460B83308,RERA-MHA-93864686,1,Ongoing,8.0,36.0,22.2,100.0,11,0.545,1
PROP-2B717BE67EC4,,0,Unregistered,,,,,0,1.0,0
PROP-A5B9D1415A4E,RERA-MHA-33850260,1,Ongoing,34.0,60.0,56.7,42.0,13,0.462,0
PROP-4F3E18350F77,,0,Unregistered,,,,,0,1.0,0
PROP-82F1AB80716E,,0,Unregistered,,,,,0,1.0,0
PROP-A86A7155FE85,,0,Unregistered,,,,,0,1.0,0
PROP-49B4FC7944FD,RERA-MHA-26937089,1,Ongoing,27.0,50.0,54.0,98.0,14,0.643,0
PROP-B3B83C579D7B,RERA-MHA-66600368,1,Ongoing,14.0,49.0,28.6,184.0,14,0.643,0
PROP-AA0FFEC4D271,,0,Unregistered,,,,,0,1.0,0
PROP-1B468FB2E347,,0,Unregistered,,,,,0,1.0,0
PROP-4578FCC980AB,,0,Unregistered,,,,,0,1.0,0
PROP-86DB4B28483E,,0,Unregistered,,,,,0,1.0,0
PROP-D01B19EA5FAE,RERA-MHA-35141329,1,Ongoing,19.0,47.0,40.4,93.0,9,0.556,0
PROP-BE0630D65353,,0,Unregistered,,,,,0,1.0,0
PROP-9F563109B018,,0,Unregistered,,,,,0,1.0,0
PROP-E9B36E61B507,,0,Unregistered,,,,,0,1.0,0
PROP-4149FB1168FD,,0,Unregistered,,,,,0,1.0,0
PROP-4FABC8329903,,0,Unregistered,,,,,0,1.0,0
PROP-9AF0CD1625E1,,0,Unregistered,,,,,0,1.0,0
PROP-91F387589687,,0,Unregistered,,,,,0,1.0,0
PROP-BFE4844C22B9,,0,Unregistered,,,,,0,1.0,0
PROP-029C945DB289,,0,Unregistered,,,,,0,1.0,0
PROP-80DB941AB84B,,0,Unregistered,,,,,0,1.0,0
PROP-A86663C443E0,,0,Unregistered,,,,,0,1.0,0
PROP-79A644DAC603,RERA-MHA-99915503,1,Ongoing,21.0,45.0,46.7,18.0,5,0.6,0
PROP-BDD69A5EA45B,RERA-MHA-47315112,1,Ongoing,22.0,34.0,64.7,144.0,10,0.8,2
PROP-EBD55CDA3366,,0,Unregistered,,,,,0,1.0,0
PROP-29C1D33D7BC9,,0,Unregistered,,,,,0,1.0,0
PROP-DB2BDC4AD775,RERA-MHA-15446934,1,Ongoing,8.0,41.0,19.5,142.0,8,0.625,0
PROP-38E09D133C42,,0,Unregistered,,,,,0,1.0,0
PROP-9E1F411F2C63,,0,Unregistered,,,,,0,1.0,0
PROP-750ECC26561A,RERA-MHA-00603809,1,Ongoing,15.0,45.0,33.3,186.0,4,0.75,0
PROP-C96A8903D87E,,0,Unregistered,,,,,0,1.0,0
PROP-9DC609017C28,RERA-MHA-99032477,1,Completed,32.0,30.0,100.0,77.0,13,0.692,1
PROP-32BBB3AB27FA,RERA-MHA-42681647,1,Ongoing,41.0,48.0,85.4,76.0,9,0.444,0
PROP-82E7EF8EB3F0,,0,Unregistered,,,,,0,1.0,0
PROP-471765908D14,RERA-MHA-23867274,1,Ongoing,16.0,35.0,45.7,144.0,7,0.571,0
PROP-6D951E8398AE,RERA-MHA-71254042,1,Ongoing,36.0,52.0,69.2,20.0,12,0.583,0
PROP-CD3474A91816,,0,Unregistered,,,,,0,1.0,0
PROP-9A48FBBB114F,,0,Unregistered,,,,,0,1.0,0
PROP-7D64054442CC,,0,Unregistered,,,,,0,1.0,0
PROP-170E8E55BC70,RERA-MHA-73347332,1,Completed,38.0,31.0,100.0,34.0,17,0.765,3
PROP-85AD7C219091,RERA-MHA-92857947,1,Completed,67.0,48.0,100.0,67.0,22,0.773,1
PROP-0EF77E785976,RERA-MHA-40335639,1,Ongoing,29.0,32.0,90.6,66.0,6,0.833,0
PROP-F23EE3B56739,,0,Unregistered,,,,,0,1.0,0
PROP-9B425F0FA836,,0,Unregistered,,,,,0,1.0,0
PROP-D6557117D11F,RERA-MHA-22962257,1,Ongoing,23.0,43.0,53.5,58.0,14,0.286,0
PROP-DFD6E796FB34,RERA-MHA-81151346,1,Ongoing,16.0,28.0,57.1,105.0,15,0.933,2
PROP-1A28549757EF,,0,Unregistered,,,,,0,1.0,0
PROP-322A3F477194,,0,Unregistered,,,,,0,1.0,0
PROP-C276C177DD60,,0,Unregistered,,,,,0,1.0,0
PROP-DFD5D337F5B4,,0,Unregistered,,,,,0,1.0,0
PROP-AC550DA8A89F,RERA-MHA-01950469,1,Completed,83.0,34.0,100.0,24.0,16,0.938,1
PROP-5FDDD3339225,RERA-MHA-16004048,1,Ongoing,6.0,28.0,21.4,56.0,14,0.643,0
PROP-A7E68362B9E1,RERA-MHA-00867301,1,Completed,63.0,33.0,100.0,41.0,18,0.833,7
PROP-34079E90375F,,0,Unregistered,,,,,0,1.0,0
PROP-404A8D0E85E1,,0,Unregistered,,,,,0,1.0,0
PROP-5FE0FAB23EE7,,0,Unregistered,,,,,0,1.0,0
PROP-756DE0B66A27,,0,Unregistered,,,,,0,1.0,0
PROP-34BE08EE9327,RERA-MHA-76825476,1,Ongoing,22.0,32.0,68.8,87.0,13,0.385,0
PROP-1471863660C6,,0,Unregistered,,,,,0,1.0,0
PROP-B0DC385BC847,,0,Unregistered,,,,,0,1.0,0
PROP-EFE6961AB1A4,RERA-MHA-87913961,1,Ongoing,15.0,52.0,28.8,62.0,15,0.867,1
PROP-6BEFF074BF89,,0,Unregistered,,,,,0,1.0,0
PROP-A72F3CE455E6,RERA-MHA-33044759,1,Completed,24.0,24.0,100.0,69.0,12,0.333,0
PROP-844FEA368864,,0,Unregistered,,,,,0,1.0,0
PROP-79A3756F6ADC,,0,Unregistered,,,,,0,1.0,0
PROP-14FC5A05D657,,0,Unregistered,,,,,0,1.0,0
PROP-8D40A7AF8D20,,0,Unregistered,,,,,0,1.0,0
PROP-609277D71A22,,0,Unregistered,,,,,0,1.0,0
PROP-E5F1CE4B6859,,0,Unregistered,,,,,0,1.0,0
PROP-B19799A28630,,0,Unregistered,,,,,0,1.0,0
PROP-B6EC395ABFC2,RERA-MHA-48365561,1,Ongoing,23.0,44.0,52.3,177.0,11,0.273,0
PROP-23CA3016CA9F,RERA-MHA-59486800,1,Completed,56.0,40.0,100.0,37.0,21,0.762,3
PROP-1073A7A3F7FF,,0,Unregistered,,,,,0,1.0,0
PROP-FE0971249CC6,,0,Unregistered,,,,,0,1.0,0
PROP-21D99D1991EF,,0,Unregistered,,,,,0,1.0,0
PROP-8961185A0636,,0,Unregistered,,,,,0,1.0,0
PROP-76C893345A7E,RERA-MHA-31812705,1,Completed,31.0,28.0,100.0,102.0,14,1.0,1
PROP-0E99709D4C5E,,0,Unregistered,,,,,0,1.0,0
PROP-F0742D2CDF7F,,0,Unregistered,,,,,0,1.0,0
PROP-CDA2A0AB5F39,,0,Unregistered,,,,,0,1.0,0
PROP-DD413A5ABA93,,0,Unregistered,,,,,0,1.0,0
PROP-9A7FC4D4058B,,0,Unregistered,,,,,0,1.0,0
PROP-757EE071097A,RERA-MHA-46970818,1,Ongoing,12.0,45.0,26.7,90.0,13,0.385,0
PROP-4DAB8045B547,,0,Unregistered,,,,,0,1.0,0
PROP-32029C7A84AF,,0,Unregistered,,,,,0,1.0,0
PROP-B96F9893E0A5,,0,Unregistered,,,,,0,1.0,0
PROP-80E42E6F1ED4,,0,Unregistered,,,,,0,1.0,0
PROP-26388DAD56A4,,0,Unregistered,,,,,0,1.0,0
PROP-4E1D7BA11A5B,RERA-MHA-00605068,1,Ongoing,26.0,58.0,44.8,138.0,71,0.634,5
PROP-DDA9116DAF7E,RERA-MHA-23157052,1,Ongoing,14.0,27.0,51.9,96.0,9,0.778,0
PROP-044842348003,,0,Unregistered,,,,,0,1.0,0
PROP-1C9FE41A8DB4,RERA-MHA-58513569,1,Ongoing,39.0,57.0,68.4,177.0,5,0.8,1
PROP-919518ED3A0F,,0,Unregistered,,,,,0,1.0,0
PROP-B7C74F2E1B96,,0,Unregistered,,,,,0,1.0,0
PROP-A1A5BE7EE8C8,,0,Unregistered,,,,,0,1.0,0
PROP-B9DAFF8D3D76,,0,Unregistered,,,,,0,1.0,0
PROP-B169FA7E303E,,0,Unregistered,,,,,0,1.0,0
PROP-2A19538BD185,,0,Unregistered,,,,,0,1.0,0
PROP-917395C01FC1,,0,Unregistered,,,,,0,1.0,0
PROP-CCB8C6E19FC8,,0,Unregistered,,,,,0,1.0,0
PROP-3E1F36788B6A,RERA-MHA-47824897,1,Ongoing,23.0,58.0,39.7,25.0,5,0.8,2
PROP-169F6CAF7FC3,,0,Unregistered,,,,,0,1.0,0
PROP-A337A4A56B4A,RERA-MHA-85371530,1,Ongoing,8.0,25.0,32.0,114.0,10,0.7,0
PROP-EAD71130FB6C,RERA-MHA-61977214,1,Completed,36.0,28.0,100.0,202.0,12,0.667,0
PROP-1847807A5660,RERA-MHA-99120447,1,Ongoing,29.0,53.0,54.7,150.0,6,0.667,1
PROP-8BFFBB366B41,,0,Unregistered,,,,,0,1.0,0
PROP-81F507A8ABEB,RERA-MHA-23422959,1,Ongoing,13.0,30.0,43.3,35.0,12,0.75,1
PROP-B0B828688C61,,0,Unregistered,,,,,0,1.0,0
PROP-5DA266EDC1F8,,0,Unregistered,,,,,0,1.0,0
PROP-179CB8CA3EC9,RERA-MHA-85771683,1,Ongoing,25.0,59.0,42.4,26.0,14,0.643,0
PROP-95A0F0BC7B11,,0,Unregistered,,,,,0,1.0,0
PROP-994540E03A0B,,0,Unregistered,,,,,0,1.0,0
PROP-15DD8C665A5D,,0,Unregistered,,,,,0,1.0,0
PROP-BDC7587B7D0F,,0,Unregistered,,,,,0,1.0,0
PROP-D67677D65F08,RERA-MHA-62363722,1,Ongoing,16.0,41.0,39.0,128.0,5,0.0,0
PROP-F973F03BF731,,0,Unregistered,,,,,0,1.0,0
PROP-9A4577B5A758,RERA-MHA-92168103,1,Ongoing,41.0,47.0,87.2,145.0,14,0.857,0
PROP-3D5A72A14E06,,0,Unregistered,,,,,0,1.0,0
PROP-4326703C95AA,,0,Unregistered,,,,,0,1.0,0
PROP-66818C09D607,RERA-MHA-78114030,1,Ongoing,20.0,57.0,35.1,191.0,13,0.615,0
PROP-2F53A8EB4AC0,,0,Unregistered,,,,,0,1.0,0
PROP-D5AB948AD454,RERA-MHA-59558684,1,Ongoing,14.0,58.0,24.1,69.0,12,0.333,0
PROP-485FF5B36297,,0,Unregistered,,,,,0,1.0,0
PROP-5134FB7400B9,RERA-MHA-50277538,1,Ongoing,8.0,50.0,16.0,47.0,12,0.667,0
PROP-16539F5480B3,RERA-MHA-60994083,1,Ongoing,21.0,25.0,84.0,70.0,4,0.5,0
PROP-2BF813435AC4,RERA-MHA-20706943,1,Ongoing,13.0,30.0,43.3,87.0,11,0.364,0
PROP-1FFADD4722C5,,0,Unregistered,,,,,0,1.0,0
PROP-5EBF23E484B7,RERA-MHA-25244167,1,Ongoing,41.0,57.0,71.9,22.0,15,0.333,0
PROP-7C4F986DA28A,,0,Unregistered,,,,,0,1.0,0
PROP-89EB3F40E0DC,RERA-MHA-44189247,1,Ongoing,41.0,42.0,97.6,31.0,35,0.8,2
PROP-3B746E74FEC5,,0,Unregistered,,,,,0,1.0,0
PROP-A7620979369C,,0,Unregistered,,,,,0,1.0,0
PROP-8A3731312EA8,,0,Unregistered,,,,,0,1.0,0
PROP-8CD224366BEE,,0,Unregistered,,,,,0,1.0,0
PROP-0C9C0E19B5B7,,0,Unregistered,,,,,0,1.0,0
PROP-EE02B767F9D4,,0,Unregistered,,,,,0,1.0,0
PROP-322A9A93734C,RERA-MHA-34161535,1,Ongoing,9.0,59.0,15.3,38.0,4,0.5,0
PROP-6101D9D0815E,,0,Unregistered,,,,,0,1.0,0
PROP-14AD9AE54FDD,,0,Unregistered,,,,,0,1.0,0
PROP-3ACC31BABDF4,,0,Unregistered,,,,,0,1.0,0
PROP-DE8520E2BD7D,,0,Unregistered,,,,,0,1.0,0
PROP-733086894EEF,,0,Unregistered,,,,,0,1.0,0
PROP-779D284CACCD,,0,Unregistered,,,,,0,1.0,0
PROP-56A6059D3D89,RERA-MHA-44785412,1,Ongoing,18.0,39.0,46.2,141.0,21,0.143,0
PROP-0C0BA6EE62CF,RERA-MHA-75721725,1,Ongoing,7.0,24.0,29.2,66.0,13,0.538,0
PROP-01AEF3EBBBFD,RERA-MHA-04324210,1,Completed,28.0,24.0,100.0,116.0,7,0.857,0
PROP-D9CB1DD0F711,,0,Unregistered,,,,,0,1.0,0
PROP-8FB38B6B790A,,0,Unregistered,,,,,0,1.0,0
PROP-FA24825DAA86,,0,Unregistered,,,,,0,1.0,0
PROP-907A509B10C1,,0,Unregistered,,,,,0,1.0,0
PROP-683F4A26DDBB,RERA-MHA-60531797,1,Ongoing,19.0,27.0,70.4,7.0,13,0.308,0
PROP-589E7C63A76B,,0,Unregistered,,,,,0,1.0,0
PROP-D2E09CB44576,,0,Unregistered,,,,,0,1.0,0
PROP-15CDF11F6ABC,,0,Unregistered,,,,,0,1.0,0
PROP-AB5D1B36EE46,,0,Unregistered,,,,,0,1.0,0
PROP-5E63A90E974C,RERA-MHA-76679603,1,Ongoing,25.0,28.0,89.3,13.0,24,0.583,0
PROP-7CE767D91309,,0,Unregistered,,,,,0,1.0,0
PROP-C9C98F275622,,0,Unregistered,,,,,0,1.0,0
PROP-340DE7C8DCAE,RERA-MHA-10220788,1,Ongoing,18.0,30.0,60.0,27.0,6,0.167,0
PROP-A8C758D83A0D,,0,Unregistered,,,,,0,1.0,0
PROP-CD768F6295D7,RERA-MHA-69806670,1,Ongoing,24.0,51.0,47.1,118.0,16,0.625,1
PROP-CD2916DAC649,,0,Unregistered,,,,,0,1.0,0
PROP-EEAD8922BA8E,RERA-MHA-14203069,1,Ongoing,21.0,24.0,87.5,32.0,6,0.5,0
PROP-A4C983CE34DA,,0,Unregistered,,,,,0,1.0,0
PROP-8A5464BB826A,,0,Unregistered,,,,,0,1.0,0
PROP-DD153DE52BBC,,0,Unregistered,,,,,0,1.0,0
PROP-19B12CD4DF4E,,0,Unregistered,,,,,0,1.0,0
PROP-7F3404A31051,RERA-MHA-76679603,1,Ongoing,25.0,28.0,89.3,13.0,24,0.583,0
PROP-0837F5FEB209,,0,Unregistered,,,,,0,1.0,0
PROP-A999BCE08DF7,,0,Unregistered,,,,,0,1.0,0
PROP-67555383A521,,0,Unregistered,,,,,0,1.0,0
PROP-6D3EAB779747,,0,Unregistered,,,,,0,1.0,0
PROP-0321031F9CA0,,0,Unregistered,,,,,0,1.0,0
PROP-09576784F08D,RERA-MHA-94351121,1,Completed,27.0,26.0,100.0,103.0,31,0.613,2
PROP-FB94651590C5,RERA-MHA-86079963,1,Completed,41.0,39.0,100.0,28.0,9,0.778,0
PROP-F7B707A8DFBC,RERA-MHA-44785412,1,Completed,45.0,39.0,100.0,141.0,27,0.63,0
PROP-41C58F4603DB,,0,Unregistered,,,,,0,1.0,0
PROP-537ECF5FA56A,RERA-MHA-37992856,1,Ongoing,6.0,47.0,12.8,32.0,15,0.6,1
PROP-1D206A4B3AE7,,0,Unregistered,,,,,0,1.0,0
PROP-9E30481DB293,RERA-MHA-10793519,1,Ongoing,13.0,52.0,25.0,34.0,6,0.667,0
PROP-C25ED2F7937C,,0,Unregistered,,,,,0,1.0,0
PROP-9654897846B0,,0,Unregistered,,,,,0,1.0,0
PROP-1487CC1811D4,,0,Unregistered,,,,,0,1.0,0
PROP-F30ABBC96624,RERA-MHA-95893860,1,Completed,38.0,27.0,100.0,42.0,24,0.5,0
PROP-689C00A30632,,0,Unregistered,,,,,0,1.0,0
PROP-4803772315A9,,0,Unregistered,,,,,0,1.0,0
PROP-BFD663AE4D5D,RERA-MHA-62397317,1,Ongoing,37.0,38.0,97.4,195.0,14,0.5,0
PROP-D0C0A19B1B15,RERA-MHA-66417744,1,Completed,64.0,57.0,100.0,174.0,26,0.462,0
PROP-BAFCA8BA7060,RERA-MHA-62397317,1,Ongoing,31.0,38.0,81.6,195.0,12,0.417,0
PROP-7E7631D90398,,0,Unregistered,,,,,0,1.0,0
PROP-3139A2B78A7D,RERA-MHA-69861621,1,Ongoing,11.0,34.0,32.4,63.0,13,0.385,0
PROP-92C7CA059B8B,RERA-MHA-01350605,1,Ongoing,23.0,35.0,65.7,94.0,16,0.438,0
PROP-032A66170AF5,RERA-MHA-53432260,1,Ongoing,10.0,48.0,20.8,37.0,9,0.667,0
PROP-D7B607B692A4,,0,Unregistered,,,,,0,1.0,0
PROP-8182E3522144,RERA-MHA-17342017,1,Ongoing,23.0,41.0,56.1,76.0,16,0.438,0
PROP-A0FFB9A45C51,,0,Unregistered,,,,,0,1.0,0
PROP-5DE7CAAC6DAA,,0,Unregistered,,,,,0,1.0,0
PROP-B99A92935ADD,,0,Unregistered,,,,,0,1.0,0
PROP-8F876ABDB135,RERA-MHA-47482872,1,Ongoing,18.0,52.0,34.6,91.0,11,0.818,1
PROP-8B92C2A78410,,0,Unregistered,,,,,0,1.0,0
PROP-FCFE7741EE4A,,0,Unregistered,,,,,0,1.0,0
PROP-333C68C4F662,RERA-MHA-41766783,1,Ongoing,37.0,40.0,92.5,22.0,11,0.909,2
PROP-008F80C63D60,RERA-MHA-47283697,1,Ongoing,23.0,32.0,71.9,185.0,19,0.474,0
PROP-D3AA218443DE,RERA-MHA-63005797,1,Ongoing,7.0,60.0,11.7,95.0,17,0.765,2
PROP-DA00226ADDE9,RERA-MHA-02866479,1,Ongoing,29.0,51.0,56.9,122.0,13,0.385,0
PROP-C1842098EDBE,,0,Unregistered,,,,,0,1.0,0
PROP-FB0D36CBD496,RERA-MHA-03066349,1,Ongoing,35.0,39.0,89.7,41.0,38,0.684,3
PROP-73FBF94E1A0B,RERA-MHA-37207670,1,Ongoing,28.0,41.0,68.3,182.0,16,0.812,2
PROP-FC8585E65185,RERA-MHA-38933115,1,Ongoing,21.0,24.0,87.5,172.0,5,0.6,1
PROP-2F9E653D4A65,,0,Unregistered,,,,,0,1.0,0
PROP-F6B703E3FD12,RERA-MHA-59558684,1,Ongoing,14.0,58.0,24.1,69.0,12,0.333,0
PROP-9AE8B659470E,,0,Unregistered,,,,,0,1.0,0
PROP-DB6E46F069A3,,0,Unregistered,,,,,0,1.0,0
PROP-33B4023864D8,RERA-MHA-78851496,1,Ongoing,33.0,40.0,82.5,33.0,18,0.444,0
PROP-5576647D1F92,,0,Unregistered,,,,,0,1.0,0
PROP-CFC3F626DABE,,0,Unregistered,,,,,0,1.0,0
PROP-7D249CA5335F,RERA-MHA-22550786,1,Ongoing,12.0,48.0,25.0,80.0,8,0.125,0
PROP-968E1DAF7711,RERA-MHA-86210772,1,Ongoing,14.0,50.0,28.0,53.0,10,0.8,2
PROP-D086CA2A9B7B,,0,Unregistered,,,,,0,1.0,0
PROP-12CC9FC5C913,,0,Unregistered,,,,,0,1.0,0
PROP-6E3B740F9045,,0,Unregistered,,,,,0,1.0,0
PROP-07CC94CACE49,RERA-MHA-04375770,1,Ongoing,12.0,24.0,50.0,222.0,11,0.545,0
PROP-9AC15F4BD82E,,0,Unregistered,,,,,0,1.0,0
PROP-6F2A8E6AB31A,RERA-MHA-80554138,1,Completed,40.0,35.0,100.0,238.0,14,0.214,0
PROP-1E838D085F6F,RERA-MHA-67038805,1,Ongoing,27.0,31.0,87.1,104.0,10,0.7,1
PROP-E96332C3BBA3,RERA-MHA-74574128,1,Ongoing,6.0,46.0,13.0,150.0,8,0.875,2
PROP-42427E9597E2,,0,Unregistered,,,,,0,1.0,0
PROP-EB7716DF7F59,,0,Unregistered,,,,,0,1.0,0
PROP-79801CFAA72F,RERA-MHA-82386754,1,Ongoing,24.0,40.0,60.0,46.0,6,0.5,0
PROP-0CFD3ECD98AC,RERA-MHA-49357568,1,Ongoing,22.0,38.0,57.9,205.0,6,0.5,0
PROP-DA71424DC034,,0,Unregistered,,,,,0,1.0,0
PROP-77C49CA879C6,RERA-MHA-54304330,1,Ongoing,36.0,55.0,65.5,69.0,18,0.389,0
PROP-7B5AF3A45CE2,,0,Unregistered,,,,,0,1.0,0
PROP-3C92476A526D,,0,Unregistered,,,,,0,1.0,0
PROP-FDF94DE97E94,,0,Unregistered,,,,,0,1.0,0
PROP-B63F0A2B79B8,RERA-MHA-28835346,1,Completed,33.0,31.0,100.0,83.0,15,0.933,4
PROP-4FC85CDB89AB,,0,Unregistered,,,,,0,1.0,0
PROP-865664F24B4E,,0,Unregistered,,,,,0,1.0,0
PROP-C1B0FC0F914A,RERA-MHA-70553101,1,Ongoing,39.0,49.0,79.6,99.0,6,0.833,0
PROP-D908A76EF12B,,0,Unregistered,,,,,0,1.0,0
PROP-E3301DA7D630,RERA-MHA-52697473,1,Completed,39.0,34.0,100.0,64.0,12,0.667,0
PROP-0106C21B749E,,0,Unregistered,,,,,0,1.0,0
PROP-76765FC38F02,,0,Unregistered,,,,,0,1.0,0
PROP-C21C033575CF,,0,Unregistered,,,,,0,1.0,0
PROP-EBED92F65A6D,RERA-MHA-83384297,1,Completed,35.0,31.0,100.0,55.0,8,0.375,0
PROP-28CE565AE044,RERA-MHA-84543657,1,Ongoing,7.0,33.0,21.2,40.0,10,0.7,0
PROP-4E0FD5E2CE79,RERA-MHA-40088037,1,Ongoing,19.0,52.0,36.5,137.0,21,0.571,0
PROP-5A15860526AB,,0,Unregistered,,,,,0,1.0,0
PROP-A014D8541869,RERA-MHA-07195840,1,Completed,38.0,24.0,100.0,44.0,13,0.385,0
PROP-3DAF717093DA,,0,Unregistered,,,,,0,1.0,0
PROP-2E410877E412,RERA-MHA-38906349,1,Ongoing,15.0,33.0,45.5,189.0,4,0.5,0
PROP-ADCC0B973750,,0,Unregistered,,,,,0,1.0,0
PROP-BDCB3D90BFB8,RERA-MHA-85264668,1,Ongoing,26.0,37.0,70.3,190.0,8,0.5,0
PROP-425DCDCE91C2,RERA-MHA-72863777,1,Ongoing,23.0,38.0,60.5,131.0,11,0.545,2
PROP-C4F16029ED13,RERA-MHA-76207125,1,Ongoing,35.0,40.0,87.5,194.0,7,0.286,0
PROP-81C6E404161F,,0,Unregistered,,,,,0,1.0,0
PROP-E610639E2628,RERA-MHA-86280714,1,Ongoing,12.0,40.0,30.0,30.0,13,0.538,0
PROP-0ACF87343B54,RERA-MHA-82728828,1,Ongoing,26.0,32.0,81.2,28.0,12,0.333,0
PROP-83B677C44E98,,0,Unregistered,,,,,0,1.0,0
PROP-3CCCF7911017,RERA-MHA-75907332,1,Ongoing,10.0,56.0,17.9,16.0,15,0.533,0
PROP-1339DEDC9554,RERA-MHA-88967875,1,Completed,41.0,36.0,100.0,106.0,6,1.0,2
PROP-8F93B0B331CD,,0,Unregistered,,,,,0,1.0,0
PROP-63ABB0812E88,,0,Unregistered,,,,,0,1.0,0
PROP-3BA7997A45E9,,0,Unregistered,,,,,0,1.0,0
PROP-4EA0AA3AB741,,0,Unregistered,,,,,0,1.0,0
PROP-36150A4AA872,RERA-MHA-66389052,1,Ongoing,6.0,46.0,13.0,41.0,5,0.4,0
PROP-A81337AC2E9F,,0,Unregistered,,,,,0,1.0,0
PROP-A2CA99F38D85,,0,Unregistered,,,,,0,1.0,0
PROP-29627045D6DF,,0,Unregistered,,,,,0,1.0,0
PROP-91949250D9AF,RERA-MHA-09733616,1,Ongoing,26.0,48.0,54.2,143.0,10,0.5,0
PROP-E361EB02A570,RERA-MHA-50319903,1,Completed,37.0,33.0,100.0,150.0,9,0.444,0
PROP-1509AB17114D,,0,Unregistered,,,,,0,1.0,0
PROP-6653EDB96020,,0,Unregistered,,,,,0,1.0,0
PROP-3945FB693EA4,RERA-MHA-22783558,1,Ongoing,12.0,26.0,46.2,30.0,9,0.778,0
PROP-7FF75AC1E790,,0,Unregistered,,,,,0,1.0,0
PROP-6380F541C2C5,RERA-MHA-41617563,1,Ongoing,29.0,53.0,54.7,15.0,16,0.625,1
PROP-A481E7995990,,0,Unregistered,,,,,0,1.0,0
PROP-63DBE7316DC8,RERA-MHA-77176477,1,Ongoing,31.0,37.0,83.8,71.0,10,0.5,0
PROP-DAF443DDF8C5,,0,Unregistered,,,,,0,1.0,0
PROP-3F25940A3AFF,,0,Unregistered,,,,,0,1.0,0
PROP-100313787E4E,,0,Unregistered,,,,,0,1.0,0
PROP-C8CECE94FAFB,,0,Unregistered,,,,,0,1.0,0
PROP-6C4C9E4EB93E,RERA-MHA-05437803,1,Ongoing,13.0,39.0,33.3,129.0,8,0.375,0
PROP-4BF3FCBA94C6,,0,Unregistered,,,,,0,1.0,0
PROP-2AE4806E8425,,0,Unregistered,,,,,0,1.0,0
PROP-5BDEEBAF47FC,RERA-MHA-87509424,1,Ongoing,38.0,45.0,84.4,35.0,11,0.909,3
PROP-62C217C3E9F8,RERA-MHA-98462158,1,Completed,40.0,29.0,100.0,52.0,13,0.846,0
PROP-8A6CE07C18C6,RERA-MHA-60818806,1,Ongoing,20.0,52.0,38.5,161.0,8,0.875,0
PROP-61F0C0548B5A,RERA-MHA-62446745,1,Completed,35.0,34.0,100.0,228.0,16,0.312,0
PROP-5A88A24E7C5F,,0,Unregistered,,,,,0,1.0,0
PROP-CB49AFF2C003,RERA-MHA-31871057,1,Ongoing,23.0,39.0,59.0,289.0,14,0.714,1
PROP-BA74C7267857,,0,Unregistered,,,,,0,1.0,0
PROP-C6EAA09E68BB,RERA-MHA-85617369,1,Completed,44.0,29.0,100.0,41.0,21,0.524,0
PROP-D3921053EB9D,,0,Unregistered,,,,,0,1.0,0
PROP-4CD56A7E146B,,0,Unregistered,,,,,0,1.0,0
PROP-C4F53E375E22,RERA-MHA-67742024,1,Ongoing,10.0,24.0,41.7,33.0,14,0.5,0
PROP-4ADE6CE9C2F9,,0,Unregistered,,,,,0,1.0,0
PROP-E22099E55076,RERA-MHA-20258556,1,Ongoing,18.0,53.0,34.0,62.0,13,0.692,0
PROP-0719AD5A75F8,RERA-MHA-62408869,1,Ongoing,7.0,56.0,12.5,175.0,4,0.5,0
PROP-850103FCA927,,0,Unregistered,,,,,0,1.0,0
PROP-CA28A35A4B0A,RERA-MHA-69732940,1,Ongoing,38.0,58.0,65.5,63.0,23,0.565,0
PROP-17AE59E36340,,0,Unregistered,,,,,0,1.0,0
PROP-C601CC62F6FF,,0,Unregistered,,,,,0,1.0,0
PROP-8195E9D2DF41,,0,Unregistered,,,,,0,1.0,0
PROP-6DE7C97D20F1,RERA-MHA-20167884,1,Completed,38.0,35.0,100.0,109.0,7,0.857,0
PROP-56C081190ECC,,0,Unregistered,,,,,0,1.0,0
PROP-3C2975AB9500,,0,Unregistered,,,,,0,1.0,0
PROP-AD74D6E24246,RERA-MHA-32170712,1,Ongoing,26.0,54.0,48.1,114.0,7,0.429,1
PROP-44D7CFC3F6EB,RERA-MHA-00394160,1,Ongoing,18.0,32.0,56.2,189.0,15,0.2,0
PROP-0BD54F0CABA5,,0,Unregistered,,,,,0,1.0,0
PROP-1FB5E0A34624,,0,Unregistered,,,,,0,1.0,0
PROP-D68F486FF057,,0,Unregistered,,,,,0,1.0,0
PROP-7C39094D2B48,RERA-MHA-63963887,1,Ongoing,33.0,37.0,89.2,18.0,4,0.75,1
PROP-8084040B3A9C,RERA-MHA-13134372,1,Completed,30.0,26.0,100.0,43.0,37,0.351,0
PROP-D2D7F074ACF4,,0,Unregistered,,,,,0,1.0,0
PROP-3B159030A2DE,RERA-MHA-67913387,1,Ongoing,17.0,25.0,68.0,108.0,9,0.667,0
PROP-0A6B581765A0,RERA-MHA-88502064,1,Ongoing,30.0,59.0,50.8,57.0,7,0.429,0
PROP-B23AF8F2B614,,0,Unregistered,,,,,0,1.0,0
PROP-ED23AB65F81A,RERA-MHA-33167859,1,Ongoing,32.0,60.0,53.3,190.0,15,0.8,0
PROP-B1EAC56BBBD2,,0,Unregistered,,,,,0,1.0,0
PROP-B9E9AB10CE13,,0,Unregistered,,,,,0,1.0,0
PROP-B1634C2CE9D1,,0,Unregistered,,,,,0,1.0,0
PROP-512F92652207,,0,Unregistered,,,,,0,1.0,0
PROP-F7BC116B976E,,0,Unregistered,,,,,0,1.0,0
PROP-266C305ED7E5,,0,Unregistered,,,,,0,1.0,0
PROP-2483F65494BA,,0,Unregistered,,,,,0,1.0,0
PROP-FABF05E8AFDA,,0,Unregistered,,,,,0,1.0,0
PROP-79A53966C173,,0,Unregistered,,,,,0,1.0,0
PROP-8173345CC28B,,0,Unregistered,,,,,0,1.0,0
PROP-3E1900CEB3C8,,0,Unregistered,,,,,0,1.0,0
PROP-9ED34DD25511,,0,Unregistered,,,,,0,1.0,0
PROP-9091B594E82E,,0,Unregistered,,,,,0,1.0,0
PROP-5D1FE07A4F83,,0,Unregistered,,,,,0,1.0,0
PROP-4766A1D532CA,,0,Unregistered,,,,,0,1.0,0
PROP-42A6676878A9,RERA-MHA-85408187,1,Ongoing,17.0,27.0,63.0,12.0,4,0.75,0
PROP-DE2B66BCB11D,,0,Unregistered,,,,,0,1.0,0
PROP-3ADD6E8DB7C7,,0,Unregistered,,,,,0,1.0,0
PROP-5F5293A22340,RERA-MHA-90253333,1,Ongoing,15.0,43.0,34.9,30.0,16,0.688,0
PROP-19E78418F70B,,0,Unregistered,,,,,0,1.0,0
PROP-991E932AECFB,RERA-MHA-85403196,1,Completed,74.0,45.0,100.0,237.0,7,0.714,1
PROP-C61FB9FBC1BC,,0,Unregistered,,,,,0,1.0,0
PROP-57117EC1BB4B,,0,Unregistered,,,,,0,1.0,0
PROP-BB51B4C642B2,RERA-MHA-57069813,1,Ongoing,31.0,45.0,68.9,107.0,14,0.357,0
PROP-2BA770AAC75B,,0,Unregistered,,,,,0,1.0,0
PROP-21151A7BC1BB,,0,Unregistered,,,,,0,1.0,0
PROP-FBBFAB85220B,,0,Unregistered,,,,,0,1.0,0
PROP-3145C98E1A7A,RERA-MHA-68466751,1,Completed,41.0,30.0,100.0,29.0,15,0.467,0
PROP-67062A685D5C,RERA-MHA-92584188,1,Completed,56.0,38.0,100.0,80.0,15,0.933,0
PROP-201AF96A924C,,0,Unregistered,,,,,0,1.0,0
PROP-E7CA3FEF6EB4,,0,Unregistered,,,,,0,1.0,0
PROP-D20C4E991E99,,0,Unregistered,,,,,0,1.0,0
PROP-2160C26A8114,,0,Unregistered,,,,,0,1.0,0
PROP-422E5032F520,,0,Unregistered,,,,,0,1.0,0
PROP-9F5054651329,,0,Unregistered,,,,,0,1.0,0
PROP-6AB898367ED1,RERA-MHA-16302674,1,Ongoing,16.0,35.0,45.7,87.0,9,0.556,1
PROP-1B0292B794AF,,0,Unregistered,,,,,0,1.0,0
PROP-46D99E06C28A,,0,Unregistered,,,,,0,1.0,0
PROP-FC4A0C9B6D32,RERA-MHA-54304330,1,Completed,69.0,55.0,100.0,69.0,21,0.81,1
PROP-B44F3F1BBFF4,,0,Unregistered,,,,,0,1.0,0
PROP-6B6059C14A8A,,0,Unregistered,,,,,0,1.0,0
PROP-B007C986785E,,0,Unregistered,,,,,0,1.0,0
PROP-D534AC9379FC,,0,Unregistered,,,,,0,1.0,0
PROP-4A3CF9AA8A59,RERA-MHA-85827400,1,Ongoing,26.0,38.0,68.4,233.0,10,0.5,0
PROP-EDF38E7A1A2B,,0,Unregistered,,,,,0,1.0,0
PROP-0FAAC6B55196,RERA-MHA-70590763,1,Ongoing,21.0,55.0,38.2,190.0,17,0.353,0
PROP-D2DA3F3C8CBC,,0,Unregistered,,,,,0,1.0,0
PROP-0D8439AA3207,,0,Unregistered,,,,,0,1.0,0
PROP-0BF4F42B6850,RERA-MHA-75721725,1,Ongoing,13.0,24.0,54.2,66.0,14,0.643,0
PROP-656628BCC9FA,RERA-MHA-54304330,1,Completed,72.0,55.0,100.0,69.0,21,0.81,1
PROP-65189B59188A,RERA-MHA-78264175,1,Ongoing,9.0,53.0,17.0,11.0,14,0.571,0
PROP-CD467B4D6A14,RERA-MHA-75332893,1,Ongoing,19.0,39.0,48.7,54.0,5,0.4,0
PROP-273F94F447D8,,0,Unregistered,,,,,0,1.0,0
PROP-2E546684B457,,0,Unregistered,,,,,0,1.0,0
PROP-FE11525C6A88,RERA-MHA-94351121,1,Completed,27.0,26.0,100.0,103.0,24,0.583,0
PROP-9A8F8A65376E,,0,Unregistered,,,,,0,1.0,0
PROP-BB3502986EF1,,0,Unregistered,,,,,0,1.0,0
PROP-E08D7EC75CB8,RERA-MHA-34357980,1,Ongoing,10.0,44.0,22.7,75.0,12,0.5,0
PROP-6BFD31CA7E9B,RERA-MHA-64590607,1,Ongoing,21.0,27.0,77.8,207.0,14,0.643,0
PROP-6E09CB37979B,,0,Unregistered,,,,,0,1.0,0
PROP-E9E7B64FF50B,RERA-MHA-41330151,1,Ongoing,21.0,36.0,58.3,235.0,15,0.667,0
PROP-443AD859EEE0,,0,Unregistered,,,,,0,1.0,0
PROP-31CFC4C21E45,,0,Unregistered,,,,,0,1.0,0
PROP-704C315F247F,RERA-MHA-39432073,1,Completed,39.0,24.0,100.0,86.0,12,0.917,0
PROP-AA621F61117A,RERA-MHA-99996597,1,Ongoing,19.0,27.0,70.4,83.0,13,0.538,0
PROP-C5EB0E938EC5,RERA-MHA-08494922,1,Ongoing,28.0,41.0,68.3,209.0,15,0.733,0
PROP-40615F3F77DC,,0,Unregistered,,,,,0,1.0,0
PROP-0EB276E0BEAF,RERA-MHA-03128270,1,Ongoing,40.0,50.0,80.0,188.0,21,0.524,0
PROP-544B31D49874,,0,Unregistered,,,,,0,1.0,0
PROP-B7F928A6C47F,RERA-MHA-76481121,1,Completed,75.0,37.0,100.0,77.0,8,1.0,0
PROP-A521F261A71C,RERA-MHA-48660048,1,Ongoing,27.0,31.0,87.1,95.0,26,0.538,2
PROP-8D8A6CD108CE,RERA-MHA-04505202,1,Ongoing,12.0,36.0,33.3,192.0,21,0.571,0
PROP-E57C55FE0FCE,RERA-MHA-63605932,1,Ongoing,12.0,53.0,22.6,30.0,13,0.615,0
PROP-2DDA13289005,,0,Unregistered,,,,,0,1.0,0
PROP-0FA6B0E12A6A,RERA-MHA-83569127,1,Completed,47.0,32.0,100.0,51.0,20,0.6,0
PROP-63154C080A35,RERA-MHA-58362238,1,Ongoing,24.0,29.0,82.8,131.0,7,0.429,0
PROP-66F00B846ADE,,0,Unregistered,,,,,0,1.0,0
PROP-0D42BA65D940,,0,Unregistered,,,,,0,1.0,0
PROP-9E49FF7E4D72,,0,Unregistered,,,,,0,1.0,0
PROP-208D8F6F0586,,0,Unregistered,,,,,0,1.0,0
PROP-FE2BB7B17FF2,,0,Unregistered,,,,,0,1.0,0
PROP-00E0F969C737,,0,Unregistered,,,,,0,1.0,0
PROP-4310CA2F11EA,,0,Unregistered,,,,,0,1.0,0
PROP-128549EEE8EC,RERA-MHA-06189065,1,Completed,49.0,38.0,100.0,46.0,21,0.81,1
PROP-EECCAE99E582,,0,Unregistered,,,,,0,1.0,0
PROP-F15C7BFABA6B,RERA-MHA-51320039,1,Ongoing,21.0,56.0,37.5,48.0,5,0.4,1
PROP-C54CE3DBCD3A,RERA-MHA-64927370,1,Ongoing,28.0,39.0,71.8,33.0,10,0.5,0
PROP-D1B3EF65AEF5,RERA-MHA-45375231,1,Ongoing,35.0,43.0,81.4,275.0,13,0.385,0
PROP-03CC8C63050C,RERA-MHA-98763196,1,Completed,38.0,31.0,100.0,67.0,38,0.684,3
PROP-276B4DDF051D,RERA-MHA-30341391,1,Ongoing,25.0,26.0,96.2,30.0,9,0.333,0
PROP-E71B4BA6676D,,0,Unregistered,,,,,0,1.0,0
PROP-498B0714BE38,RERA-MHA-74203976,1,Ongoing,22.0,35.0,62.9,52.0,11,0.636,0
PROP-6B84F2090971,,0,Unregistered,,,,,0,1.0,0
PROP-5FE2D2D0F902,,0,Unregistered,,,,,0,1.0,0
PROP-50C25554C1A6,,0,Unregistered,,,,,0,1.0,0
PROP-5074E2780CA2,RERA-MHA-66995818,1,Ongoing,24.0,32.0,75.0,34.0,8,0.375,0
PROP-29795E9F5E52,,0,Unregistered,,,,,0,1.0,0
PROP-5E56894F11B5,RERA-MHA-21047495,1,Ongoing,33.0,57.0,57.9,74.0,8,0.75,2
PROP-123C75EE5635,RERA-MHA-04972581,1,Ongoing,19.0,51.0,37.3,109.0,7,0.714,1
PROP-6096132E3EF1,,0,Unregistered,,,,,0,1.0,0
PROP-352D26F9F841,RERA-MHA-48852283,1,Completed,40.0,34.0,100.0,17.0,13,0.769,0
PROP-C54914BCF511,RERA-MHA-25244167,1,Ongoing,41.0,57.0,71.9,22.0,16,0.75,0
PROP-9F4D1085AE7A,,0,Unregistered,,,,,0,1.0,0
PROP-9D2501217700,,0,Unregistered,,,,,0,1.0,0
PROP-A0C527B5E34D,RERA-MHA-94061153,1,Ongoing,31.0,56.0,55.4,123.0,9,0.778,0
PROP-897DE4BE72B2,RERA-MHA-94061153,1,Ongoing,43.0,56.0,76.8,123.0,9,0.778,0
PROP-5CF8E21F3643,,0,Unregistered,,,,,0,1.0,0
PROP-AB355CC44A4C,RERA-MHA-46405551,1,Completed,47.0,24.0,100.0,71.0,9,0.778,0
PROP-DF10DA21D5E5,,0,Unregistered,,,,,0,1.0,0
PROP-55F65C378774,,0,Unregistered,,,,,0,1.0,0
PROP-06DC9FDFF72E,,0,Unregistered,,,,,0,1.0,0
PROP-77451E6F5B2C,,0,Unregistered,,,,,0,1.0,0
PROP-DB830E440504,,0,Unregistered,,,,,0,1.0,0
PROP-55C5585D8457,RERA-MHA-55333643,1,Ongoing,33.0,50.0,66.0,97.0,23,0.565,2
PROP-179EBE563529,,0,Unregistered,,,,,0,1.0,0
PROP-0D6D87717885,,0,Unregistered,,,,,0,1.0,0
PROP-DCCD0FEEDDD1,RERA-MHA-42145756,1,Ongoing,18.0,34.0,52.9,43.0,11,0.727,0
PROP-2CDF19BDBF88,,0,Unregistered,,,,,0,1.0,0
PROP-D447BD63D263,,0,Unregistered,,,,,0,1.0,0
PROP-C25F0E1A0074,,0,Unregistered,,,,,0,1.0,0
PROP-1D22E460C0B7,,0,Unregistered,,,,,0,1.0,0
PROP-49478D18A36C,RERA-MHA-25830815,1,Ongoing,21.0,29.0,72.4,109.0,23,0.609,1
PROP-E5EE63A3358B,,0,Unregistered,,,,,0,1.0,0
PROP-4603EFF47335,RERA-MHA-78276361,1,Ongoing,27.0,33.0,81.8,73.0,15,0.267,0
PROP-39535B2E0AF0,,0,Unregistered,,,,,0,1.0,0
PROP-9F10CA6F4D39,,0,Unregistered,,,,,0,1.0,0
PROP-FD9057526267,,0,Unregistered,,,,,0,1.0,0
PROP-0214379C903D,RERA-MHA-70121329,1,Ongoing,15.0,60.0,25.0,72.0,4,0.75,0
PROP-D8F1F23742BC,,0,Unregistered,,,,,0,1.0,0
PROP-EA34CB368FA7,RERA-MHA-50319903,1,Completed,76.0,33.0,100.0,150.0,10,0.7,1
PROP-7796FCDA5A24,RERA-MHA-94774724,1,Completed,65.0,50.0,100.0,96.0,38,0.605,2
PROP-6D5148E64DB6,RERA-MHA-82271193,1,Ongoing,27.0,36.0,75.0,25.0,6,0.667,0
PROP-754C31FD2CA1,,0,Unregistered,,,,,0,1.0,0
PROP-3C0E5A829380,,0,Unregistered,,,,,0,1.0,0
PROP-046B4FE7BC9D,,0,Unregistered,,,,,0,1.0,0
PROP-A4689A2FC81C,RERA-MHA-21645829,1,Completed,63.0,60.0,100.0,147.0,15,0.533,0
PROP-604E69C1275F,RERA-MHA-09896063,1,Ongoing,37.0,60.0,61.7,110.0,13,0.308,0
PROP-B7B502FD4774,,0,Unregistered,,,,,0,1.0,0
PROP-52694F2B6A10,RERA-MHA-63457931,1,Ongoing,25.0,27.0,92.6,52.0,11,0.636,0
PROP-7365D6040A42,,0,Unregistered,,,,,0,1.0,0
PROP-C30B89369350,RERA-MHA-35994866,1,Ongoing,20.0,57.0,35.1,73.0,9,0.889,0
PROP-C1670FD3BB50,,0,Unregistered,,,,,0,1.0,0
PROP-3E6349956114,,0,Unregistered,,,,,0,1.0,0
PROP-662413E429A9,,0,Unregistered,,,,,0,1.0,0
PROP-A09EC8D1B1F9,,0,Unregistered,,,,,0,1.0,0
PROP-B12699C54CE1,,0,Unregistered,,,,,0,1.0,0
PROP-B5FDB5FCB1D2,RERA-MHA-94774724,1,Ongoing,26.0,50.0,52.0,96.0,23,0.13,0
PROP-5BEFFB825247,,0,Unregistered,,,,,0,1.0,0
PROP-3515085E4CB3,RERA-MHA-30905116,1,Completed,38.0,29.0,100.0,224.0,8,0.875,0
PROP-2F96079C19EE,,0,Unregistered,,,,,0,1.0,0
PROP-2EDA3471AA05,,0,Unregistered,,,,,0,1.0,0
PROP-5EB0864D2BCF,RERA-MHA-73141396,1,Ongoing,35.0,59.0,59.3,115.0,13,0.692,0
PROP-F0AD13B7D9ED,,0,Unregistered,,,,,0,1.0,0
PROP-9454EBA09317,,0,Unregistered,,,,,0,1.0,0
PROP-A65021239D1C,,0,Unregistered,,,,,0,1.0,0
PROP-7F3BBD08D3B9,,0,Unregistered,,,,,0,1.0,0
PROP-8536950C3B6B,,0,Unregistered,,,,,0,1.0,0
PROP-294F074DAB48,RERA-MHA-75794772,1,Completed,38.0,32.0,100.0,42.0,13,0.385,0
PROP-B6CC218C1C4C,,0,Unregistered,,,,,0,1.0,0
PROP-75259561E51F,,0,Unregistered,,,,,0,1.0,0
PROP-F5E568DC9C5F,,0,Unregistered,,,,,0,1.0,0
PROP-389401E9E3A6,RERA-MHA-95869983,1,Ongoing,13.0,32.0,40.6,150.0,12,0.833,0
PROP-A713B2E320FB,,0,Unregistered,,,,,0,1.0,0
PROP-9482B11F2DD8,RERA-MHA-02866479,1,Completed,65.0,51.0,100.0,122.0,13,1.0,6
PROP-A42037E18BCB,RERA-MHA-68408403,1,Ongoing,29.0,30.0,96.7,224.0,12,0.917,2
PROP-1AAB5EBA1B99,,0,Unregistered,,,,,0,1.0,0
PROP-6D210790BA88,,0,Unregistered,,,,,0,1.0,0
PROP-115B46026AB2,,0,Unregistered,,,,,0,1.0,0
PROP-8B946A375F97,,0,Unregistered,,,,,0,1.0,0
PROP-109D9EF6A683,RERA-MHA-71963930,1,Ongoing,36.0,59.0,61.0,24.0,14,0.643,0
PROP-22E21F1C4F25,,0,Unregistered,,,,,0,1.0,0
PROP-21DA658DC433,,0,Unregistered,,,,,0,1.0,0
PROP-928A38199549,RERA-MHA-73404607,1,Ongoing,36.0,48.0,75.0,68.0,7,0.571,0
PROP-B9BD22FD44F3,,0,Unregistered,,,,,0,1.0,0
PROP-880F2B4C6CEC,,0,Unregistered,,,,,0,1.0,0
PROP-7E484CA2E011,,0,Unregistered,,,,,0,1.0,0
PROP-E2F90CB494A4,,0,Unregistered,,,,,0,1.0,0
PROP-22C37EA8FF52,RERA-MHA-14064895,1,Completed,65.0,36.0,100.0,22.0,21,0.905,1
PROP-428DAB4BC969,,0,Unregistered,,,,,0,1.0,0
PROP-2930E80D7F63,,0,Unregistered,,,,,0,1.0,0
PROP-80A8338AE75E,,0,Unregistered,,,,,0,1.0,0
PROP-F3F4A0D9C202,,0,Unregistered,,,,,0,1.0,0
PROP-D665C664E4CB,,0,Unregistered,,,,,0,1.0,0
PROP-6586470C596F,,0,Unregistered,,,,,0,1.0,0
PROP-21BD1D24D768,,0,Unregistered,,,,,0,1.0,0
PROP-51BE84CE19E9,,0,Unregistered,,,,,0,1.0,0
PROP-C04D1A875878,,0,Unregistered,,,,,0,1.0,0
PROP-A704BC0317CA,,0,Unregistered,,,,,0,1.0,0
PROP-2E5973593398,RERA-MHA-33523619,1,Ongoing,13.0,60.0,21.7,28.0,43,0.651,2
PROP-2C507A5A2B1E,,0,Unregistered,,,,,0,1.0,0
PROP-2201DA0BD1C0,,0,Unregistered,,,,,0,1.0,0
PROP-381571FAD2A5,,0,Unregistered,,,,,0,1.0,0
PROP-A5472FA9AB79,,0,Unregistered,,,,,0,1.0,0
PROP-E27FE26A20CE,,0,Unregistered,,,,,0,1.0,0
PROP-7CB387790064,RERA-MHA-23183859,1,Ongoing,41.0,57.0,71.9,95.0,10,0.3,0
PROP-F1161342FA37,,0,Unregistered,,,,,0,1.0,0
PROP-F03DE076A16D,RERA-MHA-58529257,1,Ongoing,11.0,41.0,26.8,143.0,8,0.625,0
PROP-5870562198B2,,0,Unregistered,,,,,0,1.0,0
PROP-1744A8617384,,0,Unregistered,,,,,0,1.0,0
PROP-5ED88D3422A9,RERA-MHA-10220788,1,Completed,45.0,30.0,100.0,27.0,6,0.667,0
PROP-0C7BB1F1CD94,RERA-MHA-33044759,1,Ongoing,21.0,24.0,87.5,69.0,14,0.786,3
PROP-9756711B0F5B,,0,Unregistered,,,,,0,1.0,0
PROP-4848D26357AE,RERA-MHA-57423136,1,Ongoing,26.0,28.0,92.9,85.0,38,0.553,1
PROP-6B21DF15A945,,0,Unregistered,,,,,0,1.0,0
PROP-C0D5A1ECE97E,RERA-MHA-63616914,1,Ongoing,28.0,60.0,46.7,21.0,13,0.846,4
PROP-2643C7C22F06,,0,Unregistered,,,,,0,1.0,0
PROP-7C3415D567B3,,0,Unregistered,,,,,0,1.0,0
PROP-CF70AA500F96,,0,Unregistered,,,,,0,1.0,0
PROP-F27B38965FE0,RERA-MHA-48660048,1,Ongoing,18.0,31.0,58.1,95.0,13,0.385,0
PROP-97A553092263,,0,Unregistered,,,,,0,1.0,0
PROP-2473212563A6,,0,Unregistered,,,,,0,1.0,0
PROP-9D62B8EDCC70,,0,Unregistered,,,,,0,1.0,0
PROP-F5680C95C5D5,,0,Unregistered,,,,,0,1.0,0
PROP-F19F1F2CA129,RERA-MHA-09896063,1,Ongoing,25.0,60.0,41.7,110.0,12,0.333,0
PROP-7F2C7246C152,,0,Unregistered,,,,,0,1.0,0
PROP-3099F2D949AC,,0,Unregistered,,,,,0,1.0,0
PROP-537E90F3410A,RERA-MHA-83743187,1,Ongoing,9.0,42.0,21.4,84.0,17,0.882,2
PROP-5A6D410DA311,,0,Unregistered,,,,,0,1.0,0
PROP-E00317A11B28,,0,Unregistered,,,,,0,1.0,0
PROP-95870F273A92,,0,Unregistered,,,,,0,1.0,0
PROP-B999535437ED,RERA-MHA-82800441,1,Ongoing,39.0,41.0,95.1,23.0,9,0.778,2
PROP-A48415BFB9F8,,0,Unregistered,,,,,0,1.0,0
PROP-15D6B48E03E9,,0,Unregistered,,,,,0,1.0,0
PROP-423786B1B157,RERA-MHA-48195746,1,Ongoing,16.0,39.0,41.0,192.0,15,0.333,0
PROP-DEC8BEA29AE3,,0,Unregistered,,,,,0,1.0,0
PROP-B9AF38A7AC8F,,0,Unregistered,,,,,0,1.0,0
PROP-213469530213,,0,Unregistered,,,,,0,1.0,0
PROP-4C47E1A46710,,0,Unregistered,,,,,0,1.0,0
PROP-BE2BFF8F01E8,,0,Unregistered,,,,,0,1.0,0
PROP-650651C4DCAE,,0,Unregistered,,,,,0,1.0,0
PROP-833284BCB354,RERA-MHA-31892063,1,Ongoing,41.0,60.0,68.3,59.0,4,0.25,0
PROP-1C8C72BAE361,RERA-MHA-70089716,1,Ongoing,22.0,56.0,39.3,229.0,12,0.417,0
PROP-43514EBC7DE6,,0,Unregistered,,,,,0,1.0,0
PROP-7F5790FDCD70,,0,Unregistered,,,,,0,1.0,0
PROP-7194B6E81329,RERA-MHA-78862261,1,Ongoing,31.0,56.0,55.4,31.0,10,0.7,0
PROP-3C1D69C2AAA5,,0,Unregistered,,,,,0,1.0,0
PROP-EDA0DC6C7E90,RERA-MHA-74819630,1,Ongoing,12.0,49.0,24.5,10.0,31,0.161,0
PROP-F13BD2772448,,0,Unregistered,,,,,0,1.0,0
PROP-8AAE289D65E9,,0,Unregistered,,,,,0,1.0,0
PROP-E816A6A9C1D6,,0,Unregistered,,,,,0,1.0,0
PROP-40B0BA65CF31,,0,Unregistered,,,,,0,1.0,0
PROP-87A48FC49972,,0,Unregistered,,,,,0,1.0,0
PROP-56C32952B733,,0,Unregistered,,,,,0,1.0,0
PROP-A9650611906B,,0,Unregistered,,,,,0,1.0,0
PROP-DD9B4D37F57F,,0,Unregistered,,,,,0,1.0,0
PROP-64DB99630561,,0,Unregistered,,,,,0,1.0,0
PROP-448D7A75396D,,0,Unregistered,,,,,0,1.0,0
PROP-5272FBD86BEC,,0,Unregistered,,,,,0,1.0,0
PROP-76BED24A163D,,0,Unregistered,,,,,0,1.0,0
PROP-8659C224B645,,0,Unregistered,,,,,0,1.0,0
PROP-780707846E25,,0,Unregistered,,,,,0,1.0,0
PROP-BB0F4B5CA04F,,0,Unregistered,,,,,0,1.0,0
PROP-865A25CD2BAE,,0,Unregistered,,,,,0,1.0,0
PROP-7C36D648AC8F,,0,Unregistered,,,,,0,1.0,0
PROP-FE16FEFD5111,RERA-MHA-14064895,1,Completed,50.0,36.0,100.0,22.0,21,0.81,1
PROP-4425D479E477,RERA-MHA-64126966,1,Ongoing,12.0,25.0,48.0,101.0,13,0.692,0
PROP-0CB0703B76DE,,0,Unregistered,,,,,0,1.0,0
PROP-0FE18B98FCFD,RERA-MHA-58926239,1,Ongoing,17.0,60.0,28.3,182.0,9,0.889,1
PROP-E6C4DA760D71,RERA-MHA-99032477,1,Ongoing,20.0,30.0,66.7,77.0,13,0.462,0
PROP-7BA4771415DA,RERA-MHA-49708638,1,Ongoing,36.0,48.0,75.0,146.0,8,0.5,1
PROP-2110474BD272,,0,Unregistered,,,,,0,1.0,0
PROP-AF7A5720D98E,RERA-MHA-76900559,1,Ongoing,17.0,39.0,43.6,90.0,6,0.667,0
PROP-DEAFF19DE094,,0,Unregistered,,,,,0,1.0,0
PROP-AD56038EF265,,0,Unregistered,,,,,0,1.0,0
PROP-9495FF66C610,RERA-MHA-09896063,1,Ongoing,28.0,60.0,46.7,110.0,12,0.333,0
PROP-7FABBD3967BF,,0,Unregistered,,,,,0,1.0,0
PROP-A0A71E4CF9FB,RERA-MHA-14323734,1,Ongoing,36.0,50.0,72.0,132.0,6,0.333,0
PROP-772DD43B5982,,0,Unregistered,,,,,0,1.0,0
PROP-2AD69104CD2D,,0,Unregistered,,,,,0,1.0,0
PROP-63DB1A5B60D8,RERA-MHA-40990134,1,Ongoing,28.0,42.0,66.7,161.0,13,0.769,3
PROP-DE189B73B7C3,,0,Unregistered,,,,,0,1.0,0
PROP-D6BF2046CBC2,RERA-MHA-44785942,1,Ongoing,32.0,50.0,64.0,8.0,10,0.6,0
PROP-B5546A6FC8E7,,0,Unregistered,,,,,0,1.0,0
PROP-721F895B8638,,0,Unregistered,,,,,0,1.0,0
PROP-EDB1FBB94EA5,,0,Unregistered,,,,,0,1.0,0
PROP-22D8BE20A57C,,0,Unregistered,,,,,0,1.0,0
PROP-65AF371474A2,RERA-MHA-78405741,1,Ongoing,35.0,51.0,68.6,88.0,11,0.818,1
PROP-9CB152B35363,,0,Unregistered,,,,,0,1.0,0
PROP-05194C825E6F,,0,Unregistered,,,,,0,1.0,0
PROP-8A64F9D176A8,,0,Unregistered,,,,,0,1.0,0
PROP-52FE3CC775F3,RERA-MHA-18539757,1,Ongoing,35.0,43.0,81.4,68.0,14,0.643,0
PROP-29381761D8F2,RERA-MHA-09896063,1,Ongoing,13.0,60.0,21.7,110.0,9,0.333,0
PROP-5AD9A732E519,RERA-MHA-45337792,1,Ongoing,18.0,53.0,34.0,88.0,10,0.6,0
PROP-8F85799E9C1B,RERA-MHA-82435910,1,Ongoing,36.0,55.0,65.5,276.0,5,0.6,0
PROP-FB614926CFFD,RERA-MHA-34457198,1,Ongoing,28.0,49.0,57.1,209.0,9,0.889,0
PROP-64104539CF11,,0,Unregistered,,,,,0,1.0,0
PROP-8EBA48CA90FE,,0,Unregistered,,,,,0,1.0,0
PROP-5345462E8F55,,0,Unregistered,,,,,0,1.0,0
PROP-1011F9890C84,RERA-MHA-23730212,1,Ongoing,6.0,33.0,18.2,31.0,13,0.462,0
PROP-E24F23952DFA,,0,Unregistered,,,,,0,1.0,0
PROP-1D76ED3D681E,,0,Unregistered,,,,,0,1.0,0
PROP-B360EE1B493C,,0,Unregistered,,,,,0,1.0,0
PROP-79B1A052F560,RERA-MHA-92664253,1,Ongoing,39.0,55.0,70.9,202.0,10,0.8,2
PROP-37551C38E9AA,RERA-MHA-73557880,1,Ongoing,10.0,52.0,19.2,45.0,12,0.833,1
PROP-7B4AA9895A15,,0,Unregistered,,,,,0,1.0,0
PROP-BA6042D1C977,,0,Unregistered,,,,,0,1.0,0
PROP-298DAD00551B,RERA-MHA-81972848,1,Ongoing,10.0,58.0,17.2,78.0,11,0.818,1
PROP-A04FEA772CC4,,0,Unregistered,,,,,0,1.0,0
PROP-1310F7F1ADE7,,0,Unregistered,,,,,0,1.0,0
PROP-AC706A74F4C3,,0,Unregistered,,,,,0,1.0,0
PROP-28C2C8B920D9,,0,Unregistered,,,,,0,1.0,0
PROP-D9C45A48E5AD,,0,Unregistered,,,,,0,1.0,0
PROP-7FE894CF58AF,,0,Unregistered,,,,,0,1.0,0
PROP-C89784E31FF8,,0,Unregistered,,,,,0,1.0,0
PROP-24D578A46172,,0,Unregistered,,,,,0,1.0,0
PROP-9101BB900DF7,RERA-MHA-98696649,1,Ongoing,35.0,56.0,62.5,258.0,15,0.8,1
PROP-9A0E0EEC9511,,0,Unregistered,,,,,0,1.0,0
PROP-DFC61ADB8318,,0,Unregistered,,,,,0,1.0,0
PROP-A894A22507B9,,0,Unregistered,,,,,0,1.0,0
PROP-592F5ABD819B,,0,Unregistered,,,,,0,1.0,0
PROP-0DC2EC49750F,,0,Unregistered,,,,,0,1.0,0
PROP-5986FBD469E6,,0,Unregistered,,,,,0,1.0,0
PROP-4FA1F93FC1EF,,0,Unregistered,,,,,0,1.0,0
PROP-09AAA95AA81F,,0,Unregistered,,,,,0,1.0,0
PROP-49529DAA4D14,,0,Unregistered,,,,,0,1.0,0
PROP-DBD5C09F7BA3,,0,Unregistered,,,,,0,1.0,0
PROP-4A08F1A449D9,,0,Unregistered,,,,,0,1.0,0
PROP-E89A87BB3F16,,0,Unregistered,,,,,0,1.0,0
PROP-43AC010AA1F3,,0,Unregistered,,,,,0,1.0,0
PROP-EFE96F188101,,0,Unregistered,,,,,0,1.0,0
PROP-3653401DAC8E,,0,Unregistered,,,,,0,1.0,0
PROP-0DF57F1FD649,,0,Unregistered,,,,,0,1.0,0
PROP-9542DFE3456B,,0,Unregistered,,,,,0,1.0,0
PROP-6FBEA673BE06,,0,Unregistered,,,,,0,1.0,0
PROP-1222415871CF,,0,Unregistered,,,,,0,1.0,0
PROP-0E054B1044DA,RERA-MHA-33167859,1,Ongoing,29.0,60.0,48.3,190.0,15,0.8,0
PROP-6EE017024E36,,0,Unregistered,,,,,0,1.0,0
PROP-B954D99F42CE,,0,Unregistered,,,,,0,1.0,0
PROP-9185016C4BF3,,0,Unregistered,,,,,0,1.0,0
PROP-507F9D301D82,,0,Unregistered,,,,,0,1.0,0
PROP-79791EACB4D4,,0,Unregistered,,,,,0,1.0,0
PROP-26FACE7F2480,,0,Unregistered,,,,,0,1.0,0
PROP-0399F9201EC6,,0,Unregistered,,,,,0,1.0,0
PROP-7094B173966C,,0,Unregistered,,,,,0,1.0,0
PROP-FB0EC332E6A0,,0,Unregistered,,,,,0,1.0,0
PROP-71D84147617E,,0,Unregistered,,,,,0,1.0,0
PROP-3DCE7451C532,,0,Unregistered,,,,,0,1.0,0
PROP-54499C11CCD3,RERA-MHA-14224161,1,Ongoing,35.0,39.0,89.7,126.0,12,0.333,0
PROP-C6DE50410754,RERA-MHA-73141396,1,Ongoing,26.0,59.0,44.1,115.0,13,0.692,0
PROP-5F8D36A9FDE4,RERA-MHA-24219159,1,Ongoing,37.0,59.0,62.7,218.0,10,0.7,1
PROP-253688BD2BB1,,0,Unregistered,,,,,0,1.0,0
PROP-5F88C1FDBD2B,,0,Unregistered,,,,,0,1.0,0
PROP-AD9C6784DFCD,,0,Unregistered,,,,,0,1.0,0
PROP-D32C4E9C55BC,RERA-MHA-91278974,1,Ongoing,20.0,25.0,80.0,168.0,4,0.25,0
PROP-71F462FAE2D3,,0,Unregistered,,,,,0,1.0,0
PROP-E0B08A6CAB10,,0,Unregistered,,,,,0,1.0,0
PROP-E9B6CABE406B,,0,Unregistered,,,,,0,1.0,0
PROP-63B6AEF420A1,,0,Unregistered,,,,,0,1.0,0
PROP-1DF54563DF78,,0,Unregistered,,,,,0,1.0,0
PROP-E556F2C7C7D2,,0,Unregistered,,,,,0,1.0,0
PROP-FFB195820BE2,RERA-MHA-36640065,1,Ongoing,35.0,49.0,71.4,208.0,10,0.5,0
PROP-CA108537E695,,0,Unregistered,,,,,0,1.0,0
PROP-52126A6050D6,,0,Unregistered,,,,,0,1.0,0
PROP-5EC6C7C8FF6D,,0,Unregistered,,,,,0,1.0,0
PROP-448DCAAA9E39,,0,Unregistered,,,,,0,1.0,0
PROP-7A62E3C1C519,,0,Unregistered,,,,,0,1.0,0
PROP-E5A775003A8F,,0,Unregistered,,,,,0,1.0,0
PROP-5CE0B820B272,,0,Unregistered,,,,,0,1.0,0
PROP-2434BABB67FE,,0,Unregistered,,,,,0,1.0,0
PROP-984953EF3C82,RERA-MHA-16004048,1,Ongoing,6.0,28.0,21.4,56.0,16,0.688,2
PROP-E7B12EF8B362,,0,Unregistered,,,,,0,1.0,0
PROP-CFE0FD35EEC3,,0,Unregistered,,,,,0,1.0,0
PROP-AFE6F0DA633F,,0,Unregistered,,,,,0,1.0,0
PROP-6261F071C536,,0,Unregistered,,,,,0,1.0,0
PROP-CE93EADB53AA,RERA-MHA-88202985,1,Ongoing,31.0,47.0,66.0,236.0,20,0.4,0
PROP-948BF96A3DCC,,0,Unregistered,,,,,0,1.0,0
PROP-552970E2E279,,0,Unregistered,,,,,0,1.0,0
PROP-8C54E3555C13,,0,Unregistered,,,,,0,1.0,0
PROP-D75431E80D14,,0,Unregistered,,,,,0,1.0,0
PROP-263B9B4BA316,,0,Unregistered,,,,,0,1.0,0
PROP-CAF935D58B8C,RERA-MHA-56203407,1,Completed,55.0,41.0,100.0,39.0,10,0.8,1
PROP-8DF4F38F2680,,0,Unregistered,,,,,0,1.0,0
PROP-8359119ED5FD,,0,Unregistered,,,,,0,1.0,0
PROP-80D297D7DFDF,,0,Unregistered,,,,,0,1.0,0
PROP-734C66794EA6,,0,Unregistered,,,,,0,1.0,0
PROP-402482435062,,0,Unregistered,,,,,0,1.0,0
PROP-9543D6BDA97A,,0,Unregistered,,,,,0,1.0,0
PROP-3CCA3774BCFF,,0,Unregistered,,,,,0,1.0,0
PROP-FCC7CF72DE3F,,0,Unregistered,,,,,0,1.0,0
PROP-75A9F1B2686F,,0,Unregistered,,,,,0,1.0,0
PROP-796D2E771605,,0,Unregistered,,,,,0,1.0,0
PROP-19C1E47746C4,RERA-MHA-51380112,1,Ongoing,18.0,47.0,38.3,207.0,13,0.923,3
PROP-1F69BDE926A7,,0,Unregistered,,,,,0,1.0,0
PROP-FC787D7FB9FB,,0,Unregistered,,,,,0,1.0,0
PROP-3EB24FD080E3,RERA-MHA-13134372,1,Completed,39.0,26.0,100.0,43.0,38,0.526,1
PROP-B835FA6CE1F9,,0,Unregistered,,,,,0,1.0,0
PROP-B131C8D8000B,,0,Unregistered,,,,,0,1.0,0
PROP-D027A9662023,,0,Unregistered,,,,,0,1.0,0
PROP-C08690A4C5D5,,0,Unregistered,,,,,0,1.0,0
PROP-18D6071BF955,,0,Unregistered,,,,,0,1.0,0
PROP-A7DB57CB9171,,0,Unregistered,,,,,0,1.0,0
PROP-B6A6346CEC34,,0,Unregistered,,,,,0,1.0,0
PROP-B985CC793F47,,0,Unregistered,,,,,0,1.0,0
PROP-EA542D2B564B,RERA-MHA-87547016,1,Ongoing,30.0,49.0,61.2,126.0,9,0.778,0
PROP-5F63FA8303D3,RERA-MHA-82939511,1,Ongoing,29.0,58.0,50.0,229.0,4,0.75,0
PROP-BBB34735E0FF,,0,Unregistered,,,,,0,1.0,0
PROP-A5EC8C13659D,,0,Unregistered,,,,,0,1.0,0
PROP-A9B943EC9EA4,RERA-MHA-04375770,1,Completed,39.0,24.0,100.0,222.0,12,0.833,2
PROP-294BD472A360,RERA-MHA-27989167,1,Completed,37.0,37.0,100.0,19.0,6,0.833,0
PROP-D8A0C765A8A9,,0,Unregistered,,,,,0,1.0,0
PROP-A05C4429A9FC,,0,Unregistered,,,,,0,1.0,0
PROP-A9027DFD8360,,0,Unregistered,,,,,0,1.0,0
PROP-0FCE27D240F2,,0,Unregistered,,,,,0,1.0,0
PROP-18AFA701E787,,0,Unregistered,,,,,0,1.0,0
PROP-1BF4FC14BBE9,RERA-MHA-91698158,1,Ongoing,28.0,54.0,51.9,83.0,12,0.583,0
PROP-7BA0B224E9CC,,0,Unregistered,,,,,0,1.0,0
PROP-814BEFEECEEE,,0,Unregistered,,,,,0,1.0,0
PROP-29788285818B,RERA-MHA-55682407,1,Ongoing,33.0,42.0,78.6,17.0,10,0.8,1
PROP-CE66F113C65A,,0,Unregistered,,,,,0,1.0,0
PROP-06F40D2EB4E6,,0,Unregistered,,,,,0,1.0,0
PROP-45A55872E970,,0,Unregistered,,,,,0,1.0,0
PROP-A85BFF7BC828,RERA-MHA-86095544,1,Ongoing,18.0,28.0,64.3,146.0,16,0.812,0
PROP-F889110A8FF0,,0,Unregistered,,,,,0,1.0,0
PROP-752EF36EDE78,,0,Unregistered,,,,,0,1.0,0
PROP-022E06FBA686,,0,Unregistered,,,,,0,1.0,0
PROP-367C5E64DC48,,0,Unregistered,,,,,0,1.0,0
PROP-6A817FA83B32,,0,Unregistered,,,,,0,1.0,0
PROP-90A19D3261E3,,0,Unregistered,,,,,0,1.0,0
PROP-C73A14E41539,,0,Unregistered,,,,,0,1.0,0
PROP-3455346788A9,RERA-MHA-21930488,1,Ongoing,18.0,51.0,35.3,90.0,6,0.5,0
PROP-D7B8B9E975A9,,0,Unregistered,,,,,0,1.0,0
PROP-2C66343CACED,,0,Unregistered,,,,,0,1.0,0
PROP-6BBEDEB1CAC9,RERA-MHA-55820050,1,Ongoing,12.0,47.0,25.5,33.0,21,0.476,0
PROP-5A0075BB9E74,,0,Unregistered,,,,,0,1.0,0
PROP-BA7072D00936,,0,Unregistered,,,,,0,1.0,0
PROP-3CD2C25E0A02,RERA-MHA-52801762,1,Ongoing,16.0,54.0,29.6,100.0,17,0.294,0
PROP-F8529564B58D,,0,Unregistered,,,,,0,1.0,0
PROP-5E7006C6DE42,,0,Unregistered,,,,,0,1.0,0
PROP-1BCD38CFDF68,,0,Unregistered,,,,,0,1.0,0
PROP-88B5AEDD194D,RERA-MHA-56313503,1,Ongoing,25.0,26.0,96.2,188.0,7,0.571,1
PROP-A9FC3BDA9ACB,,0,Unregistered,,,,,0,1.0,0
PROP-4D9284197838,,0,Unregistered,,,,,0,1.0,0
PROP-801D6286F1A6,,0,Unregistered,,,,,0,1.0,0
PROP-298EF8FC8189,RERA-MHA-00115300,1,Ongoing,34.0,36.0,94.4,31.0,20,0.5,0
PROP-DDAD65AAD387,RERA-MHA-49964472,1,Ongoing,26.0,30.0,86.7,252.0,9,0.333,0
PROP-F52FE1CFFC3E,,0,Unregistered,,,,,0,1.0,0
PROP-AFE4909FB450,RERA-MHA-93579829,1,Ongoing,11.0,37.0,29.7,109.0,6,0.833,1
PROP-7F6564DCF7E1,,0,Unregistered,,,,,0,1.0,0
PROP-ED4B5382AB51,RERA-MHA-28158273,1,Ongoing,23.0,52.0,44.2,8.0,10,0.9,3
PROP-36C7E03DF186,RERA-MHA-28448151,1,Ongoing,13.0,42.0,31.0,82.0,13,0.615,0
PROP-BB645E5CDAF5,,0,Unregistered,,,,,0,1.0,0
PROP-0B30C0C55117,RERA-MHA-47002022,1,Ongoing,32.0,55.0,58.2,32.0,14,0.571,0
PROP-1E2B52BF512B,RERA-MHA-96084332,1,Ongoing,6.0,33.0,18.2,123.0,5,0.4,0
PROP-460AE8F02AA8,,0,Unregistered,,,,,0,1.0,0
PROP-6C7613BAC130,RERA-MHA-52546535,1,Ongoing,29.0,36.0,80.6,76.0,6,0.833,0
PROP-9F1664A21D6B,RERA-MHA-75921245,1,Ongoing,7.0,34.0,20.6,145.0,12,0.583,0
PROP-AE70E97245A5,,0,Unregistered,,,,,0,1.0,0
PROP-1A742C9C4D2F,,0,Unregistered,,,,,0,1.0,0
PROP-E41A69B6403F,,0,Unregistered,,,,,0,1.0,0
PROP-43219C5EA321,,0,Unregistered,,,,,0,1.0,0
PROP-9A3D2CD230F8,,0,Unregistered,,,,,0,1.0,0
PROP-09608FFFACCF,,0,Unregistered,,,,,0,1.0,0
PROP-BA3EA4B995BB,,0,Unregistered,,,,,0,1.0,0
PROP-E12D7C0458DF,,0,Unregistered,,,,,0,1.0,0
PROP-08CE62CDD3A0,,0,Unregistered,,,,,0,1.0,0
PROP-654778C330CB,RERA-MHA-91295618,1,Ongoing,28.0,45.0,62.2,22.0,10,0.7,4
PROP-C1196520C440,,0,Unregistered,,,,,0,1.0,0
PROP-25F80F30CD39,RERA-MHA-79180631,1,Ongoing,25.0,49.0,51.0,192.0,6,0.5,0
PROP-FC70AD4198C3,,0,Unregistered,,,,,0,1.0,0
PROP-1E98DCA691AB,,0,Unregistered,,,,,0,1.0,0
PROP-89D111158D09,,0,Unregistered,,,,,0,1.0,0
PROP-EFBAF416B11C,,0,Unregistered,,,,,0,1.0,0
PROP-ED70B03CC96E,,0,Unregistered,,,,,0,1.0,0
PROP-3E106F3C21C6,,0,Unregistered,,,,,0,1.0,0
PROP-CCD8385963A7,RERA-MHA-31964222,1,Ongoing,20.0,38.0,52.6,17.0,6,0.667,1
PROP-6BEB2FEA52D4,RERA-MHA-49282231,1,Ongoing,33.0,51.0,64.7,27.0,13,0.385,0
PROP-092906174F59,RERA-MHA-49282231,1,Completed,57.0,51.0,100.0,27.0,13,0.692,1
PROP-6C52D737B598,RERA-MHA-08448466,1,Ongoing,28.0,37.0,75.7,91.0,6,0.333,0
PROP-DF61EA297030,,0,Unregistered,,,,,0,1.0,0
PROP-9EE66F9CA905,,0,Unregistered,,,,,0,1.0,0
PROP-D79E90F6F272,,0,Unregistered,,,,,0,1.0,0
PROP-EA9FCE60AC03,,0,Unregistered,,,,,0,1.0,0
PROP-BEEABBD43516,,0,Unregistered,,,,,0,1.0,0
PROP-A96C1FA4E85B,RERA-MHA-54932278,1,Ongoing,24.0,30.0,80.0,52.0,8,0.75,3
PROP-0EA451FFFEBA,,0,Unregistered,,,,,0,1.0,0
PROP-D40DABF9D212,,0,Unregistered,,,,,0,1.0,0
PROP-8E4E39DB20DA,RERA-MHA-36640065,1,Ongoing,47.0,49.0,95.9,208.0,11,0.545,0
PROP-07602FFD24BF,,0,Unregistered,,,,,0,1.0,0
PROP-22835E5F73B0,,0,Unregistered,,,,,0,1.0,0
PROP-60B747548810,RERA-MHA-45981568,1,Ongoing,22.0,48.0,45.8,233.0,66,0.258,0
PROP-6D6EFFF1C6F0,RERA-MHA-95372109,1,Ongoing,31.0,38.0,81.6,24.0,4,0.5,0
PROP-42DA57DD9259,,0,Unregistered,,,,,0,1.0,0
PROP-6246550AA87E,,0,Unregistered,,,,,0,1.0,0
PROP-836B6576C389,,0,Unregistered,,,,,0,1.0,0
PROP-EAC6EC9B9D3B,RERA-MHA-86041319,1,Ongoing,9.0,57.0,15.8,168.0,14,0.714,2
PROP-FF667FF5CE1B,RERA-MHA-69189697,1,Ongoing,15.0,60.0,25.0,113.0,17,0.588,0
PROP-6D1B4ECF18F1,,0,Unregistered,,,,,0,1.0,0
PROP-6820805C12D8,RERA-MHA-69861621,1,Completed,50.0,34.0,100.0,63.0,25,0.48,0
PROP-5953EE5FEDCD,,0,Unregistered,,,,,0,1.0,0
PROP-216A158C8EA6,RERA-MHA-82560995,1,Ongoing,29.0,49.0,59.2,174.0,16,0.188,0
PROP-CB5E401C3432,,0,Unregistered,,,,,0,1.0,0
PROP-C73C32B4AFFF,RERA-MHA-28835346,1,Ongoing,12.0,31.0,38.7,83.0,15,0.6,0
PROP-618A7EFB9109,,0,Unregistered,,,,,0,1.0,0
PROP-F72C149BB211,,0,Unregistered,,,,,0,1.0,0
PROP-D6F6F704AE6B,,0,Unregistered,,,,,0,1.0,0
PROP-741E946FF0FD,,0,Unregistered,,,,,0,1.0,0
PROP-DB7BF80869BC,,0,Unregistered,,,,,0,1.0,0
PROP-6A94EDBBC8CC,,0,Unregistered,,,,,0,1.0,0
PROP-5FDFE110A079,RERA-MHA-58193477,1,Ongoing,19.0,44.0,43.2,108.0,15,0.467,0
PROP-BEBB7848373A,,0,Unregistered,,,,,0,1.0,0
PROP-D0522726B49B,,0,Unregistered,,,,,0,1.0,0
PROP-C9EF24332933,,0,Unregistered,,,,,0,1.0,0
PROP-0904CA73E6D3,RERA-MHA-35986844,1,Ongoing,30.0,33.0,90.9,77.0,7,0.571,0
PROP-0196141BA038,,0,Unregistered,,,,,0,1.0,0
PROP-17AFE0BFDB20,,0,Unregistered,,,,,0,1.0,0
PROP-E2B8F732376F,,0,Unregistered,,,,,0,1.0,0
PROP-005AEE3C0865,RERA-MHA-35634421,1,Ongoing,7.0,48.0,14.6,52.0,9,0.667,0
PROP-950A1847445E,,0,Unregistered,,,,,0,1.0,0
PROP-DF06ED64B99F,RERA-MHA-97424965,1,Completed,39.0,29.0,100.0,142.0,20,0.65,4
PROP-63C1E3879D1B,,0,Unregistered,,,,,0,1.0,0
PROP-0D3429298765,,0,Unregistered,,,,,0,1.0,0
PROP-F23A4B0F0828,,0,Unregistered,,,,,0,1.0,0
PROP-E63981F69ED7,,0,Unregistered,,,,,0,1.0,0
PROP-2268B607C7B6,,0,Unregistered,,,,,0,1.0,0
PROP-694E59BA790E,RERA-MHA-85441265,1,Ongoing,23.0,49.0,46.9,143.0,23,0.783,2
PROP-F26DDE4CDD8E,,0,Unregistered,,,,,0,1.0,0
PROP-72CB7A610471,RERA-MHA-19510172,1,Ongoing,26.0,41.0,63.4,60.0,12,0.583,0
PROP-57C6DB6DE479,RERA-MHA-07290590,1,Ongoing,20.0,59.0,33.9,15.0,7,0.714,0
PROP-B5CA1506358E,,0,Unregistered,,,,,0,1.0,0
PROP-F530097FF7C0,,0,Unregistered,,,,,0,1.0,0
PROP-8D3F3E26EFF7,,0,Unregistered,,,,,0,1.0,0
PROP-0C0EF84F5D48,,0,Unregistered,,,,,0,1.0,0
PROP-873FF3124402,,0,Unregistered,,,,,0,1.0,0
PROP-467701D09BFF,,0,Unregistered,,,,,0,1.0,0
PROP-BBAB592CD88C,,0,Unregistered,,,,,0,1.0,0
PROP-1F59EE7286C9,,0,Unregistered,,,,,0,1.0,0
PROP-7359A7DBCECF,,0,Unregistered,,,,,0,1.0,0
PROP-EA78B25B0124,RERA-MHA-59558684,1,Ongoing,53.0,58.0,91.4,69.0,14,0.643,3
PROP-6E71AFB1BCDF,,0,Unregistered,,,,,0,1.0,0
PROP-1892550EBA4A,,0,Unregistered,,,,,0,1.0,0
PROP-D5EE6CA0C03D,,0,Unregistered,,,,,0,1.0,0
PROP-72786BFF6EAA,,0,Unregistered,,,,,0,1.0,0
PROP-242A05FE450C,,0,Unregistered,,,,,0,1.0,0
PROP-AA245635FFD7,,0,Unregistered,,,,,0,1.0,0
PROP-EAAE547CF971,,0,Unregistered,,,,,0,1.0,0
PROP-C9942F3A869F,,0,Unregistered,,,,,0,1.0,0
PROP-183AE0AF5AE6,RERA-MHA-76454562,1,Ongoing,20.0,42.0,47.6,147.0,5,0.8,2
PROP-A654F9381EC1,,0,Unregistered,,,,,0,1.0,0
PROP-8EAF457BA50C,,0,Unregistered,,,,,0,1.0,0
PROP-156038986F72,RERA-MHA-83235862,1,Ongoing,20.0,53.0,37.7,206.0,9,0.444,0
PROP-5DD3B9D44EC0,RERA-MHA-16048146,1,Ongoing,8.0,38.0,21.1,35.0,14,0.643,0
PROP-46539ADA8711,RERA-MHA-84956744,1,Ongoing,14.0,43.0,32.6,20.0,6,0.333,0
PROP-BCED8FC78BB9,RERA-MHA-63457931,1,Completed,37.0,27.0,100.0,52.0,13,0.615,0
PROP-C9C866B3A021,RERA-MHA-44189247,1,Completed,53.0,42.0,100.0,31.0,35,0.8,2
PROP-1671EA6A6ECC,,0,Unregistered,,,,,0,1.0,0
PROP-2875E3529529,,0,Unregistered,,,,,0,1.0,0
PROP-871067E9E18A,,0,Unregistered,,,,,0,1.0,0
PROP-E466B369EF35,,0,Unregistered,,,,,0,1.0,0
PROP-01EC622D6A7F,RERA-MHA-67815065,1,Completed,31.0,27.0,100.0,110.0,10,0.7,0
PROP-0DBB737BB14E,,0,Unregistered,,,,,0,1.0,0
PROP-EB83E670AB5E,RERA-MHA-73404607,1,Ongoing,9.0,48.0,18.8,68.0,6,0.5,0
PROP-1C4BA5FD4FAB,,0,Unregistered,,,,,0,1.0,0
PROP-39ACB425C257,,0,Unregistered,,,,,0,1.0,0
PROP-A4A17B5B1455,,0,Unregistered,,,,,0,1.0,0
PROP-C6F3281B4F7A,RERA-MHA-88560282,1,Ongoing,16.0,43.0,37.2,140.0,16,0.875,2
PROP-AC35FED5DA5D,RERA-MHA-95047928,1,Ongoing,10.0,48.0,20.8,93.0,11,0.545,0
PROP-3ADD4629DFB1,,0,Unregistered,,,,,0,1.0,0
PROP-2431A9D64117,,0,Unregistered,,,,,0,1.0,0
PROP-8266F9F4DEEA,,0,Unregistered,,,,,0,1.0,0
PROP-C95A2211CC8D,RERA-MHA-19867789,1,Ongoing,23.0,49.0,46.9,103.0,20,0.3,0
PROP-88EC6AC71795,,0,Unregistered,,,,,0,1.0,0
PROP-C869E7283940,,0,Unregistered,,,,,0,1.0,0
PROP-2D5A27A7D4B6,,0,Unregistered,,,,,0,1.0,0
PROP-7D6476987458,,0,Unregistered,,,,,0,1.0,0
PROP-DF5E711D6ECF,,0,Unregistered,,,,,0,1.0,0
PROP-2B663567C646,,0,Unregistered,,,,,0,1.0,0
PROP-3F1AF9BAA7F0,,0,Unregistered,,,,,0,1.0,0
PROP-84846AC268DF,,0,Unregistered,,,,,0,1.0,0
PROP-4A0AE1F4DBAC,,0,Unregistered,,,,,0,1.0,0
PROP-2E5933CB3277,,0,Unregistered,,,,,0,1.0,0
PROP-824B8741D892,,0,Unregistered,,,,,0,1.0,0
PROP-DB3A38867892,,0,Unregistered,,,,,0,1.0,0
PROP-C47E148B3630,RERA-MHA-21645829,1,Ongoing,39.0,60.0,65.0,147.0,11,0.364,0
PROP-0878402916DC,RERA-MHA-21645829,1,Completed,84.0,60.0,100.0,147.0,15,0.867,4
PROP-E2F06CD03379,RERA-MHA-64926677,1,Ongoing,15.0,29.0,51.7,82.0,7,0.429,0
PROP-6DCE913D9237,,0,Unregistered,,,,,0,1.0,0
PROP-788D3B52CB87,RERA-MHA-37975417,1,Ongoing,15.0,58.0,25.9,189.0,14,0.5,0
PROP-3AC85FEB37C1,RERA-MHA-11500893,1,Ongoing,31.0,51.0,60.8,34.0,35,0.343,0
PROP-4558DC57971B,,0,Unregistered,,,,,0,1.0,0
PROP-6A45FDFFD989,,0,Unregistered,,,,,0,1.0,0
PROP-51A86547A05A,RERA-MHA-82497767,1,Ongoing,25.0,35.0,71.4,79.0,4,0.75,0
PROP-530BC60C004D,,0,Unregistered,,,,,0,1.0,0
PROP-2DFA024CF1E7,,0,Unregistered,,,,,0,1.0,0
PROP-18C92BFE90F7,,0,Unregistered,,,,,0,1.0,0
PROP-C74862BA88D2,,0,Unregistered,,,,,0,1.0,0
PROP-7C0F5916B95F,RERA-MHA-32301361,1,Ongoing,11.0,40.0,27.5,170.0,71,0.592,5
PROP-CB035CF82AC6,,0,Unregistered,,,,,0,1.0,0
PROP-96DBAC41CB52,RERA-MHA-36229362,1,Ongoing,32.0,45.0,71.1,128.0,4,0.75,0
PROP-86BA63285679,,0,Unregistered,,,,,0,1.0,0
PROP-4DE49CBEA63C,RERA-MHA-29071679,1,Completed,37.0,24.0,100.0,187.0,16,0.562,0
PROP-C0A8F994641B,,0,Unregistered,,,,,0,1.0,0
PROP-27EAC7C9F9CC,,0,Unregistered,,,,,0,1.0,0
PROP-C8B102A61901,RERA-MHA-96747312,1,Ongoing,10.0,30.0,33.3,93.0,8,0.625,0
PROP-FA37531E554D,,0,Unregistered,,,,,0,1.0,0
PROP-4E108E499901,,0,Unregistered,,,,,0,1.0,0
PROP-5BEC3589A7B0,,0,Unregistered,,,,,0,1.0,0
PROP-24353AE7FA71,RERA-MHA-17887174,1,Ongoing,20.0,49.0,40.8,66.0,10,0.3,0
PROP-C9BB910EE8C9,RERA-MHA-17887174,1,Ongoing,35.0,49.0,71.4,66.0,14,0.571,0
PROP-7B833C59484E,,0,Unregistered,,,,,0,1.0,0
PROP-42F0DF0F380A,,0,Unregistered,,,,,0,1.0,0
PROP-9363E443637E,,0,Unregistered,,,,,0,1.0,0
PROP-54FB8012675F,RERA-MHA-58409821,1,Ongoing,39.0,41.0,95.1,44.0,15,0.867,5
PROP-0E30808B73C8,,0,Unregistered,,,,,0,1.0,0
PROP-AFC13BDB7151,RERA-MHA-89407596,1,Ongoing,6.0,37.0,16.2,41.0,16,0.938,3
PROP-D657C5A90A07,RERA-MHA-08542467,1,Completed,33.0,25.0,100.0,160.0,10,1.0,3
PROP-931822812275,RERA-MHA-93119156,1,Ongoing,6.0,40.0,15.0,80.0,17,0.529,0
PROP-2D9BF2758015,,0,Unregistered,,,,,0,1.0,0
PROP-6FEB2FB77572,RERA-MHA-67276890,1,Ongoing,28.0,59.0,47.5,249.0,19,0.316,0
PROP-96E92D9F6E46,,0,Unregistered,,,,,0,1.0,0
PROP-7546924F80F3,,0,Unregistered,,,,,0,1.0,0
PROP-613C41959D23,,0,Unregistered,,,,,0,1.0,0
PROP-F931D3821ABC,,0,Unregistered,,,,,0,1.0,0
PROP-2E7685F02D07,,0,Unregistered,,,,,0,1.0,0
PROP-BF5FA3C716AA,RERA-MHA-54572632,1,Ongoing,18.0,52.0,34.6,42.0,24,0.5,0
PROP-56FE1372D3B3,,0,Unregistered,,,,,0,1.0,0
PROP-C008707789D2,,0,Unregistered,,,,,0,1.0,0
PROP-3DC6FB5810E4,RERA-MHA-98099111,1,Ongoing,37.0,43.0,86.0,48.0,22,0.136,0
PROP-0C2DBCA6971A,,0,Unregistered,,,,,0,1.0,0
PROP-537668BE9B9E,,0,Unregistered,,,,,0,1.0,0
PROP-EA404F05B3EB,RERA-MHA-16802356,1,Ongoing,18.0,41.0,43.9,241.0,5,0.6,1
PROP-3243F35F3206,,0,Unregistered,,,,,0,1.0,0
PROP-D88889856C93,,0,Unregistered,,,,,0,1.0,0
PROP-DCA7C34C0E7F,,0,Unregistered,,,,,0,1.0,0
PROP-C8E3B4FF281A,,0,Unregistered,,,,,0,1.0,0
PROP-C0522DF831F1,,0,Unregistered,,,,,0,1.0,0
PROP-310712061ED0,RERA-MHA-39829464,1,Completed,74.0,54.0,100.0,27.0,22,0.727,2
PROP-4F693CD6B6D3,,0,Unregistered,,,,,0,1.0,0
PROP-D1D75D6FC7E3,RERA-MHA-50785068,1,Ongoing,18.0,32.0,56.2,27.0,14,0.571,0
PROP-17DDFF1AAD22,,0,Unregistered,,,,,0,1.0,0
PROP-08778F900B88,RERA-MHA-28952063,1,Ongoing,41.0,58.0,70.7,188.0,7,0.714,0
PROP-5CB13E359EE0,,0,Unregistered,,,,,0,1.0,0
PROP-C57518D6E4F2,,0,Unregistered,,,,,0,1.0,0
PROP-9EE972D06AA4,,0,Unregistered,,,,,0,1.0,0
PROP-F96B2F454B2E,,0,Unregistered,,,,,0,1.0,0
PROP-EF8693BA30E5,,0,Unregistered,,,,,0,1.0,0
PROP-ABE3C719914F,,0,Unregistered,,,,,0,1.0,0
PROP-57AAB72237E9,RERA-MHA-09896063,1,Ongoing,58.0,60.0,96.7,110.0,14,0.643,3
PROP-BDC06F355845,,0,Unregistered,,,,,0,1.0,0
PROP-970989903928,,0,Unregistered,,,,,0,1.0,0
PROP-C7B4D553BDA3,,0,Unregistered,,,,,0,1.0,0
PROP-7057CE56B224,RERA-MHA-73683731,1,Ongoing,9.0,50.0,18.0,46.0,6,0.167,0
PROP-F51E6544E73F,RERA-MHA-83235862,1,Ongoing,35.0,53.0,66.0,206.0,13,0.385,0
PROP-C1BBF9A4DC93,,0,Unregistered,,,,,0,1.0,0
PROP-C1F3A616BD58,,0,Unregistered,,,,,0,1.0,0
PROP-D509E56DEEDE,,0,Unregistered,,,,,0,1.0,0
PROP-4CBC0D280E81,RERA-DEL-65139781,1,Completed,79.0,53.0,100.0,62.0,16,0.875,2
PROP-71E1D8A2831E,,0,Unregistered,,,,,0,1.0,0
PROP-5E0381B65097,RERA-DEL-81525814,1,Ongoing,36.0,50.0,72.0,12.0,11,0.909,2
PROP-FFFF809035F0,,0,Unregistered,,,,,0,1.0,0
PROP-F34EE0749394,,0,Unregistered,,,,,0,1.0,0
PROP-F18BA0AC20E5,,0,Unregistered,,,,,0,1.0,0
PROP-1235A4B62F7F,,0,Unregistered,,,,,0,1.0,0
PROP-265F6065A62B,,0,Unregistered,,,,,0,1.0,0
PROP-801B9737ACE8,,0,Unregistered,,,,,0,1.0,0
PROP-C4A8979F88C8,,0,Unregistered,,,,,0,1.0,0
PROP-030D6F17F56F,RERA-DEL-45560791,1,Ongoing,13.0,24.0,54.2,61.0,13,0.385,0
PROP-F6EDD9FBE622,,0,Unregistered,,,,,0,1.0,0
PROP-6A230ADA3DB1,,0,Unregistered,,,,,0,1.0,0
PROP-37A7AF501952,RERA-DEL-06044324,1,Completed,34.0,26.0,100.0,116.0,10,0.6,0
PROP-5C476FD9D8CA,,0,Unregistered,,,,,0,1.0,0
PROP-DD74D62D3824,RERA-DEL-50251146,1,Completed,40.0,38.0,100.0,207.0,4,0.75,0
PROP-B9E79801AC25,,0,Unregistered,,,,,0,1.0,0
PROP-EDB850C15F79,RERA-DEL-61526867,1,Ongoing,13.0,50.0,26.0,73.0,21,0.81,1
PROP-AFBBFC314645,,0,Unregistered,,,,,0,1.0,0
PROP-89D3E2292157,RERA-DEL-41022488,1,Ongoing,22.0,31.0,71.0,46.0,9,0.667,0
PROP-44BB0887A215,,0,Unregistered,,,,,0,1.0,0
PROP-B77CD21D3A02,,0,Unregistered,,,,,0,1.0,0
PROP-C93D6852E786,,0,Unregistered,,,,,0,1.0,0
PROP-2AD0D5A97BF4,,0,Unregistered,,,,,0,1.0,0
PROP-A42E29004DCF,,0,Unregistered,,,,,0,1.0,0
PROP-85243D62F9B7,RERA-DEL-24984018,1,Ongoing,32.0,51.0,62.7,65.0,4,0.25,0
PROP-1FD2F0A90C91,,0,Unregistered,,,,,0,1.0,0
PROP-A37351823C90,,0,Unregistered,,,,,0,1.0,0
PROP-B15A20E3DFEC,RERA-DEL-42352519,1,Ongoing,13.0,60.0,21.7,44.0,6,0.5,0
PROP-E09B1B1FC27E,,0,Unregistered,,,,,0,1.0,0
PROP-4E66A3F05B32,,0,Unregistered,,,,,0,1.0,0
PROP-39317188A697,,0,Unregistered,,,,,0,1.0,0
PROP-A79BAE478D1E,,0,Unregistered,,,,,0,1.0,0
PROP-35177998957E,RERA-DEL-12741288,1,Ongoing,43.0,46.0,93.5,47.0,12,0.5,0
PROP-8E9F7FF26CDF,,0,Unregistered,,,,,0,1.0,0
PROP-CB5E81791AE0,RERA-DEL-54646796,1,Ongoing,14.0,47.0,29.8,58.0,7,0.429,0
PROP-55C21CE97CAC,RERA-DEL-39771124,1,Ongoing,14.0,35.0,40.0,96.0,5,0.6,0
PROP-084877D5C645,RERA-DEL-06405991,1,Ongoing,33.0,59.0,55.9,169.0,75,0.2,0
PROP-EEDA5567AB9E,RERA-DEL-42352519,1,Ongoing,13.0,60.0,21.7,44.0,6,0.5,0
PROP-FCE339E064FB,RERA-DEL-34874248,1,Ongoing,10.0,54.0,18.5,165.0,10,0.6,0
PROP-15C561EC0550,,0,Unregistered,,,,,0,1.0,0
PROP-67DB637FC72C,RERA-DEL-53122578,1,Ongoing,48.0,60.0,80.0,52.0,14,0.857,0
PROP-F6FD7809D0D8,,0,Unregistered,,,,,0,1.0,0
PROP-F00ADA6A3B92,RERA-DEL-37770456,1,Ongoing,10.0,24.0,41.7,49.0,14,0.786,0
PROP-D39BFC6250A3,,0,Unregistered,,,,,0,1.0,0
PROP-F6F509EEA1FB,,0,Unregistered,,,,,0,1.0,0
PROP-E8FD47AAC5FD,,0,Unregistered,,,,,0,1.0,0
PROP-0E0CD9E256FD,RERA-DEL-64274340,1,Ongoing,22.0,48.0,45.8,43.0,15,0.8,0
PROP-A9FBDF84D171,RERA-DEL-56512499,1,Completed,29.0,27.0,100.0,30.0,14,0.929,2
PROP-AC6CE62D11B5,RERA-DEL-42352519,1,Ongoing,37.0,60.0,61.7,44.0,14,0.214,0
PROP-2EB6FBDFD110,,0,Unregistered,,,,,0,1.0,0
PROP-22C5A3DAC4D0,RERA-DEL-51887324,1,Ongoing,22.0,59.0,37.3,164.0,11,0.545,0
PROP-BD722FD72DD6,,0,Unregistered,,,,,0,1.0,0
PROP-EADFC919555C,RERA-DEL-62055660,1,Ongoing,22.0,34.0,64.7,31.0,10,0.5,0
PROP-13F63E60DDB0,RERA-DEL-59067044,1,Ongoing,26.0,44.0,59.1,53.0,8,0.625,0
PROP-550E1BD5115D,RERA-DEL-57013693,1,Ongoing,11.0,30.0,36.7,127.0,6,0.5,0
PROP-0E7C227600CD,,0,Unregistered,,,,,0,1.0,0
PROP-88ACB6B53E2B,,0,Unregistered,,,,,0,1.0,0
PROP-6B90FC7061FF,,0,Unregistered,,,,,0,1.0,0
PROP-1C622574C260,RERA-DEL-45764044,1,Ongoing,18.0,55.0,32.7,60.0,20,0.6,0
PROP-E068F5574F3C,,0,Unregistered,,,,,0,1.0,0
PROP-519AD628DFB5,,0,Unregistered,,,,,0,1.0,0
PROP-64C688A7A6C5,,0,Unregistered,,,,,0,1.0,0
PROP-C41CB5CFEAC4,RERA-DEL-36199659,1,Ongoing,37.0,42.0,88.1,22.0,88,0.432,2
PROP-008EC0BC0666,,0,Unregistered,,,,,0,1.0,0
PROP-1531873D1ADD,,0,Unregistered,,,,,0,1.0,0
PROP-A3A9F7319866,,0,Unregistered,,,,,0,1.0,0
PROP-672EAE8798C4,RERA-DEL-36623928,1,Ongoing,38.0,55.0,69.1,30.0,15,0.6,0
PROP-F820496469FA,RERA-DEL-11777093,1,Ongoing,11.0,47.0,23.4,123.0,12,0.417,0
PROP-562A079BAA96,RERA-DEL-34874248,1,Ongoing,16.0,54.0,29.6,165.0,10,0.6,0
PROP-BD439C0A5386,RERA-DEL-82436892,1,Completed,45.0,37.0,100.0,59.0,13,0.692,0
PROP-86ACBBB2F6AC,,0,Unregistered,,,,,0,1.0,0
PROP-672A1F3BC17E,,0,Unregistered,,,,,0,1.0,0
PROP-302599185AAC,,0,Unregistered,,,,,0,1.0,0
PROP-D8574AA61360,,0,Unregistered,,,,,0,1.0,0
PROP-BB9B3BCCAFF6,,0,Unregistered,,,,,0,1.0,0
PROP-46281DB8B160,,0,Unregistered,,,,,0,1.0,0
PROP-4CCB4248EC26,RERA-DEL-87730024,1,Ongoing,18.0,47.0,38.3,10.0,12,0.667,0
PROP-3F2E9DFC4B8B,RERA-DEL-39674946,1,Ongoing,12.0,41.0,29.3,86.0,19,0.211,0
PROP-12F4CBB64C31,RERA-DEL-87280139,1,Ongoing,21.0,58.0,36.2,15.0,8,0.75,0
PROP-D121BBADE671,,0,Unregistered,,,,,0,1.0,0
PROP-DBDC36B7366C,RERA-DEL-45551511,1,Ongoing,36.0,38.0,94.7,94.0,20,0.6,0
PROP-B69EDA3E587D,RERA-DEL-82436892,1,Completed,51.0,37.0,100.0,59.0,14,0.643,0
PROP-6A6661FAF1EB,,0,Unregistered,,,,,0,1.0,0
PROP-ABF4EFD55576,,0,Unregistered,,,,,0,1.0,0
PROP-85B2BE1AFA9C,,0,Unregistered,,,,,0,1.0,0
PROP-BE988E24ECEC,,0,Unregistered,,,,,0,1.0,0
PROP-2F42F3D73BBA,RERA-DEL-00696760,1,Completed,38.0,35.0,100.0,33.0,12,0.833,1
PROP-8AC73E8EDAF8,RERA-DEL-85127396,1,Ongoing,6.0,30.0,20.0,68.0,6,0.667,0
PROP-B9EF2832A354,RERA-DEL-24367691,1,Ongoing,33.0,58.0,56.9,87.0,5,0.4,0
PROP-315FDB33771C,,0,Unregistered,,,,,0,1.0,0
PROP-158809CFCE3B,RERA-DEL-76409678,1,Completed,24.0,24.0,100.0,198.0,10,0.9,2
PROP-39C69B507DAF,,0,Unregistered,,,,,0,1.0,0
PROP-6E1CEB85EA10,,0,Unregistered,,,,,0,1.0,0
PROP-CCBAB0D44868,,0,Unregistered,,,,,0,1.0,0
PROP-D07DBB411B4C,RERA-DEL-06513016,1,Ongoing,22.0,57.0,38.6,222.0,11,0.545,0
PROP-949775F7D76F,,0,Unregistered,,,,,0,1.0,0
PROP-4D8A8223C5AF,,0,Unregistered,,,,,0,1.0,0
PROP-5077EB5A4744,,0,Unregistered,,,,,0,1.0,0
PROP-A3525A29B082,,0,Unregistered,,,,,0,1.0,0
PROP-42B6F4146A57,,0,Unregistered,,,,,0,1.0,0
PROP-F6AFFB2C1CAF,RERA-DEL-62352587,1,Ongoing,21.0,31.0,67.7,261.0,14,0.429,0
PROP-E99896D3AD1C,,0,Unregistered,,,,,0,1.0,0
PROP-5425F574E202,RERA-DEL-71898152,1,Ongoing,18.0,36.0,50.0,265.0,9,0.889,1
PROP-85B295249755,RERA-DEL-63336715,1,Completed,46.0,30.0,100.0,81.0,16,0.75,0
PROP-30630E02ABBF,RERA-DEL-04843592,1,Ongoing,31.0,58.0,53.4,41.0,15,0.867,3
PROP-B6BF9CA6F30E,RERA-DEL-22820347,1,Ongoing,13.0,29.0,44.8,79.0,11,0.727,4
PROP-8DA9CBB65E93,RERA-DEL-89423535,1,Ongoing,21.0,55.0,38.2,11.0,11,0.818,4
PROP-652F8C12F693,,0,Unregistered,,,,,0,1.0,0
PROP-6E2FD2362270,,0,Unregistered,,,,,0,1.0,0
PROP-CD65ED955CAE,RERA-DEL-53592311,1,Ongoing,37.0,42.0,88.1,29.0,13,0.615,0
PROP-147F151C4E16,,0,Unregistered,,,,,0,1.0,0
PROP-A515AA16CC44,,0,Unregistered,,,,,0,1.0,0
PROP-B0E4FD100E30,,0,Unregistered,,,,,0,1.0,0
PROP-97E019CE4F63,RERA-DEL-63336715,1,Completed,70.0,30.0,100.0,81.0,17,0.882,0
PROP-CF5854087866,,0,Unregistered,,,,,0,1.0,0
PROP-D6DC5A5DAF34,,0,Unregistered,,,,,0,1.0,0
PROP-2C2D6F72142B,RERA-DEL-79475596,1,Ongoing,26.0,33.0,78.8,74.0,8,0.5,0
PROP-65C218B7914D,RERA-DEL-73633795,1,Completed,41.0,24.0,100.0,264.0,86,0.337,0
PROP-94D5EE4F32D5,,0,Unregistered,,,,,0,1.0,0
PROP-7D5D7D762AC1,,0,Unregistered,,,,,0,1.0,0
PROP-0AE25E60EC37,,0,Unregistered,,,,,0,1.0,0
PROP-E706123FFC7E,,0,Unregistered,,,,,0,1.0,0
PROP-9F9735DD1945,,0,Unregistered,,,,,0,1.0,0
PROP-F31D14F37FDC,RERA-DEL-85536660,1,Ongoing,30.0,38.0,78.9,126.0,18,0.389,0
PROP-61668ECF231F,,0,Unregistered,,,,,0,1.0,0
PROP-750F50618F1C,,0,Unregistered,,,,,0,1.0,0
PROP-E7338603DF34,RERA-DEL-14105897,1,Ongoing,34.0,54.0,63.0,164.0,89,0.573,2
PROP-4566E3F36596,RERA-DEL-63336715,1,Ongoing,28.0,30.0,93.3,81.0,15,0.4,0
PROP-C5621C295539,RERA-DEL-96267628,1,Ongoing,34.0,39.0,87.2,34.0,15,0.733,0
PROP-EF63C58FA3DF,,0,Unregistered,,,,,0,1.0,0
PROP-CA4A037F8554,,0,Unregistered,,,,,0,1.0,0
PROP-7ABD81EE685E,,0,Unregistered,,,,,0,1.0,0
PROP-5601E116DBD2,RERA-DEL-11352143,1,Ongoing,41.0,50.0,82.0,46.0,20,0.7,1
PROP-DBE598F3206D,RERA-DEL-63336715,1,Completed,55.0,30.0,100.0,81.0,17,0.824,0
PROP-BFF2A6B98742,RERA-DEL-63336715,1,Completed,43.0,30.0,100.0,81.0,16,0.75,0
PROP-101CE30C996C,,0,Unregistered,,,,,0,1.0,0
PROP-2CCA33A58C7F,RERA-DEL-67229051,1,Completed,41.0,25.0,100.0,20.0,22,0.682,1
PROP-74CBCD6EAC82,,0,Unregistered,,,,,0,1.0,0
PROP-5CC094684A5D,RERA-DEL-63336715,1,Completed,64.0,30.0,100.0,81.0,17,0.882,0
PROP-450D76B79792,,0,Unregistered,,,,,0,1.0,0
PROP-E07C28872715,RERA-DEL-12741288,1,Completed,49.0,46.0,100.0,47.0,12,0.583,0
PROP-4C1BCAD817DB,RERA-DEL-25105844,1,Ongoing,22.0,34.0,64.7,198.0,17,0.471,0
PROP-5070F2632016,RERA-DEL-63336715,1,Completed,43.0,30.0,100.0,81.0,16,0.75,0
PROP-21F8813F33C9,,0,Unregistered,,,,,0,1.0,0
PROP-985EC3C35604,RERA-DEL-04239328,1,Ongoing,22.0,34.0,64.7,29.0,14,0.786,0
PROP-107E367F7D54,,0,Unregistered,,,,,0,1.0,0
PROP-DEE2C3329428,,0,Unregistered,,,,,0,1.0,0
PROP-278907261831,RERA-DEL-45551511,1,Ongoing,21.0,38.0,55.3,94.0,19,0.421,0
PROP-F1C12B8B2CF5,RERA-DEL-63336715,1,Completed,43.0,30.0,100.0,81.0,16,0.75,0
PROP-91117A4B25DB,,0,Unregistered,,,,,0,1.0,0
PROP-DF15B66EDC2E,RERA-DEL-51799498,1,Ongoing,24.0,38.0,63.2,62.0,7,0.714,0
PROP-F3F1E211012F,RERA-DEL-41826448,1,Ongoing,30.0,44.0,68.2,28.0,7,0.857,0
PROP-C8E8EC644737,RERA-DEL-91516081,1,Ongoing,19.0,25.0,76.0,173.0,16,0.562,0
PROP-BF7542ECB9A8,RERA-DEL-92574622,1,Ongoing,36.0,46.0,78.3,146.0,24,0.458,0
PROP-5DD0259F63AA,RERA-DEL-63336715,1,Completed,79.0,30.0,100.0,81.0,17,1.0,1
PROP-31F0500C626F,,0,Unregistered,,,,,0,1.0,0
PROP-6D5972D6F99E,RERA-DEL-42312545,1,Ongoing,7.0,49.0,14.3,24.0,5,0.8,0
PROP-4290185D5158,,0,Unregistered,,,,,0,1.0,0
PROP-572FF7D91B44,RERA-DEL-16437440,1,Ongoing,26.0,39.0,66.7,92.0,18,0.111,0
PROP-0FAB90A61B36,,0,Unregistered,,,,,0,1.0,0
PROP-0CD0BFA9798D,,0,Unregistered,,,,,0,1.0,0
PROP-B9781698BE6B,RERA-DEL-49236394,1,Ongoing,32.0,59.0,54.2,14.0,10,0.5,0
PROP-F69F1C43F889,,0,Unregistered,,,,,0,1.0,0
PROP-3C483C7F5E0D,,0,Unregistered,,,,,0,1.0,0
PROP-490720C49B4A,,0,Unregistered,,,,,0,1.0,0
PROP-6E732D01E8F2,,0,Unregistered,,,,,0,1.0,0
PROP-A3E68BE43A4F,RERA-DEL-20665268,1,Ongoing,6.0,51.0,11.8,109.0,9,0.667,0
PROP-2E110D2F92DC,,0,Unregistered,,,,,0,1.0,0
PROP-8BC24A7BA42F,,0,Unregistered,,,,,0,1.0,0
PROP-6C7CF61A6ADE,RERA-DEL-88866011,1,Ongoing,33.0,35.0,94.3,103.0,3,0.667,0
PROP-A31B02AEA6DD,RERA-DEL-83322998,1,Ongoing,32.0,60.0,53.3,172.0,20,0.7,0
PROP-D5C44AF9B556,,0,Unregistered,,,,,0,1.0,0
PROP-3621E705ACB1,RERA-DEL-13976910,1,Ongoing,28.0,53.0,52.8,35.0,14,0.643,0
PROP-1BF300FCF57B,,0,Unregistered,,,,,0,1.0,0
PROP-2AEA9790CCFD,,0,Unregistered,,,,,0,1.0,0
PROP-1263EACFBBB4,,0,Unregistered,,,,,0,1.0,0
PROP-40C869CB34EB,,0,Unregistered,,,,,0,1.0,0
PROP-A849C48D7E5A,RERA-DEL-19694307,1,Ongoing,41.0,52.0,78.8,33.0,88,0.432,2
PROP-A4953794C080,,0,Unregistered,,,,,0,1.0,0
PROP-B50FA0834DE1,,0,Unregistered,,,,,0,1.0,0
PROP-9C827417E3C3,,0,Unregistered,,,,,0,1.0,0
PROP-A3B2D37160CF,RERA-DEL-07913588,1,Ongoing,34.0,53.0,64.2,201.0,5,0.2,0
PROP-A72222C2D20A,RERA-DEL-00940153,1,Ongoing,31.0,58.0,53.4,75.0,36,0.333,0
PROP-7EC31A018F29,RERA-DEL-95212448,1,Ongoing,30.0,58.0,51.7,224.0,6,0.333,0
PROP-4F0BEC9DA444,,0,Unregistered,,,,,0,1.0,0
PROP-31793EEA82B9,RERA-DEL-25169056,1,Ongoing,18.0,49.0,36.7,201.0,9,0.667,0
PROP-E51C52BFAEFE,,0,Unregistered,,,,,0,1.0,0
PROP-02BF59BCA951,,0,Unregistered,,,,,0,1.0,0
PROP-3173D5A3E0EE,,0,Unregistered,,,,,0,1.0,0
PROP-54B3CBDD5D24,,0,Unregistered,,,,,0,1.0,0
PROP-237816B20E85,,0,Unregistered,,,,,0,1.0,0
PROP-240B89CA1B07,,0,Unregistered,,,,,0,1.0,0
PROP-F872C60A1136,,0,Unregistered,,,,,0,1.0,0
PROP-13599D639320,,0,Unregistered,,,,,0,1.0,0
PROP-6862CB4AAFCB,RERA-DEL-31122441,1,Ongoing,19.0,58.0,32.8,21.0,90,0.611,3
PROP-0355CEC668C1,,0,Unregistered,,,,,0,1.0,0
PROP-B7AE263F923D,,0,Unregistered,,,,,0,1.0,0
PROP-B96700D95328,,0,Unregistered,,,,,0,1.0,0
PROP-8AE55DE0D0F6,,0,Unregistered,,,,,0,1.0,0
PROP-C0C64C7DF852,RERA-DEL-71140086,1,Ongoing,32.0,38.0,84.2,48.0,12,0.25,0
PROP-6F36685F8CCB,,0,Unregistered,,,,,0,1.0,0
PROP-039A8B25F4EA,,0,Unregistered,,,,,0,1.0,0
PROP-A2769CBFEFBC,RERA-DEL-57801646,1,Completed,72.0,46.0,100.0,24.0,90,0.611,3
PROP-1A4CDD2DDB50,,0,Unregistered,,,,,0,1.0,0
PROP-9B9083DB7CBF,,0,Unregistered,,,,,0,1.0,0
PROP-5A44F7E5462D,RERA-DEL-61275028,1,Ongoing,6.0,30.0,20.0,47.0,4,0.25,0
PROP-7E0764BCF2E9,,0,Unregistered,,,,,0,1.0,0
PROP-E431893D0ABC,,0,Unregistered,,,,,0,1.0,0
PROP-A7AAC2C15413,RERA-DEL-55635598,1,Ongoing,20.0,31.0,64.5,105.0,20,0.45,0
PROP-ECC8BBDE1589,,0,Unregistered,,,,,0,1.0,0
PROP-367B51021F39,,0,Unregistered,,,,,0,1.0,0
PROP-266CDD65CB86,RERA-DEL-55083266,1,Completed,36.0,30.0,100.0,35.0,17,0.412,0
PROP-E81AF0605341,,0,Unregistered,,,,,0,1.0,0
PROP-34ECF0DEED8B,,0,Unregistered,,,,,0,1.0,0
PROP-D080D8FA1858,RERA-DEL-63336715,1,Ongoing,28.0,30.0,93.3,81.0,15,0.4,0
PROP-7BD3165EF0DB,,0,Unregistered,,,,,0,1.0,0
PROP-B0FE72A9797D,,0,Unregistered,,,,,0,1.0,0
PROP-515005E56999,,0,Unregistered,,,,,0,1.0,0
PROP-CA1E3B26429C,,0,Unregistered,,,,,0,1.0,0
PROP-A589C49535AF,,0,Unregistered,,,,,0,1.0,0
PROP-1CB6B1085252,,0,Unregistered,,,,,0,1.0,0
PROP-BFEFB88D9CA7,,0,Unregistered,,,,,0,1.0,0
PROP-DFAA29CA30E2,RERA-DEL-36623928,1,Completed,59.0,55.0,100.0,30.0,15,0.733,1
PROP-29550F67D764,,0,Unregistered,,,,,0,1.0,0
PROP-BA524F8E263B,RERA-DEL-90062283,1,Ongoing,25.0,38.0,65.8,38.0,14,0.786,0
PROP-479BA7B2DF44,,0,Unregistered,,,,,0,1.0,0
PROP-105504683235,RERA-DEL-27934503,1,Ongoing,29.0,32.0,90.6,220.0,9,0.333,0
PROP-1140570945C8,,0,Unregistered,,,,,0,1.0,0
PROP-994EAC3D4F0F,,0,Unregistered,,,,,0,1.0,0
PROP-AA9BD4BF552D,RERA-DEL-93187395,1,Ongoing,37.0,43.0,86.0,194.0,63,0.175,0
PROP-A41A09764492,RERA-DEL-10409624,1,Ongoing,18.0,46.0,39.1,93.0,70,0.471,4
PROP-FA6E9EAD5B2F,,0,Unregistered,,,,,0,1.0,0
PROP-7DD04A3B7F42,,0,Unregistered,,,,,0,1.0,0
PROP-44D826A43921,RERA-DEL-19679468,1,Ongoing,26.0,28.0,92.9,138.0,19,0.579,1
PROP-0B44127B64F5,,0,Unregistered,,,,,0,1.0,0
PROP-ECE19441DA46,RERA-DEL-09515031,1,Ongoing,21.0,45.0,46.7,143.0,15,0.6,0
PROP-1AC77F7B40C2,RERA-DEL-85488247,1,Ongoing,29.0,52.0,55.8,48.0,11,0.636,3
PROP-06EA2CE80834,RERA-DEL-93187395,1,Ongoing,37.0,43.0,86.0,194.0,89,0.472,2
PROP-CE017AAD7CE4,,0,Unregistered,,,,,0,1.0,0
PROP-1A24C0E5CB68,RERA-DEL-41564793,1,Ongoing,7.0,29.0,24.1,140.0,3,0.667,0
PROP-9B96417993B0,RERA-DEL-18492465,1,Ongoing,23.0,55.0,41.8,37.0,4,0.75,0
PROP-3B582245C17A,RERA-DEL-24798670,1,Ongoing,32.0,42.0,76.2,161.0,63,0.175,0
PROP-B698E95424D6,RERA-DEL-25730285,1,Ongoing,39.0,54.0,72.2,72.0,6,0.5,0
PROP-3F60AE666BFD,,0,Unregistered,,,,,0,1.0,0
PROP-23A9AD464CE9,,0,Unregistered,,,,,0,1.0,0
PROP-877166A82F6D,RERA-DEL-29908517,1,Ongoing,39.0,53.0,73.6,86.0,9,0.556,0
PROP-A8DCEE5F2118,RERA-DEL-86992810,1,Ongoing,20.0,47.0,42.6,32.0,14,0.143,0
PROP-5AC58C83FC11,RERA-DEL-04999237,1,Ongoing,39.0,51.0,76.5,18.0,6,0.833,3
PROP-37A8B164D4E2,,0,Unregistered,,,,,0,1.0,0
PROP-5AEAD86D50F0,,0,Unregistered,,,,,0,1.0,0
PROP-64F31904D823,,0,Unregistered,,,,,0,1.0,0
PROP-5C04ACCE8106,,0,Unregistered,,,,,0,1.0,0
PROP-E92E0DE2BDCA,RERA-DEL-66361634,1,Ongoing,20.0,29.0,69.0,16.0,86,0.337,0
PROP-3DDDE73F3508,RERA-DEL-12741288,1,Completed,88.0,46.0,100.0,47.0,12,1.0,4
PROP-F444C790B2ED,,0,Unregistered,,,,,0,1.0,0
PROP-C9D20255B3E4,RERA-DEL-36052237,1,Ongoing,27.0,42.0,64.3,230.0,90,0.722,3
PROP-057C53E12530,,0,Unregistered,,,,,0,1.0,0
PROP-FFC247458F23,,0,Unregistered,,,,,0,1.0,0
PROP-2990654B01A6,,0,Unregistered,,,,,0,1.0,0
PROP-EC834C2CEBD3,,0,Unregistered,,,,,0,1.0,0
PROP-0322C225B890,,0,Unregistered,,,,,0,1.0,0
PROP-91343BFBC7A1,,0,Unregistered,,,,,0,1.0,0
PROP-65CAA75ED580,,0,Unregistered,,,,,0,1.0,0
PROP-F7BD20B9E94B,RERA-DEL-83619006,1,Ongoing,28.0,59.0,47.5,168.0,10,0.7,0
PROP-CC0910D5F944,,0,Unregistered,,,,,0,1.0,0
PROP-5FEA26E1F8E7,,0,Unregistered,,,,,0,1.0,0
PROP-E3192A20A0F8,,0,Unregistered,,,,,0,1.0,0
PROP-99D79ED4424B,RERA-DEL-91638565,1,Ongoing,7.0,30.0,23.3,110.0,12,0.667,1
PROP-710A96DF2414,,0,Unregistered,,,,,0,1.0,0
PROP-5FA7BF953DE2,,0,Unregistered,,,,,0,1.0,0
PROP-D17E1E36DF80,,0,Unregistered,,,,,0,1.0,0
PROP-1AB189587AE8,,0,Unregistered,,,,,0,1.0,0
PROP-1445B1510222,,0,Unregistered,,,,,0,1.0,0
PROP-DF3F4ABCA0F7,,0,Unregistered,,,,,0,1.0,0
PROP-305DE33C611B,RERA-DEL-36555259,1,Ongoing,29.0,35.0,82.9,27.0,5,0.4,0
PROP-5523F082ACE1,,0,Unregistered,,,,,0,1.0,0
PROP-2599E11222D9,,0,Unregistered,,,,,0,1.0,0
PROP-6BC609E7170F,,0,Unregistered,,,,,0,1.0,0
PROP-0878E585B1A9,,0,Unregistered,,,,,0,1.0,0
PROP-EE21C4D1D494,,0,Unregistered,,,,,0,1.0,0
PROP-B1E41F40EB7A,RERA-DEL-49236394,1,Ongoing,35.0,59.0,59.3,14.0,10,0.7,0
PROP-A0A73146BC83,,0,Unregistered,,,,,0,1.0,0
PROP-DCF882B9B9C6,,0,Unregistered,,,,,0,1.0,0
PROP-7ED359D21A31,RERA-DEL-54646796,1,Ongoing,17.0,47.0,36.2,58.0,7,0.429,0
PROP-268DE93A4E32,,0,Unregistered,,,,,0,1.0,0
PROP-9DC539863D5D,,0,Unregistered,,,,,0,1.0,0
PROP-00B4DB525446,,0,Unregistered,,,,,0,1.0,0
PROP-301379DDF0B9,,0,Unregistered,,,,,0,1.0,0
PROP-A4B044ED7892,RERA-DEL-42167932,1,Ongoing,10.0,35.0,28.6,150.0,10,0.4,0
PROP-A22A9677D709,,0,Unregistered,,,,,0,1.0,0
PROP-960EBEA13796,,0,Unregistered,,,,,0,1.0,0
PROP-19F2497D85FC,,0,Unregistered,,,,,0,1.0,0
PROP-19333CF21BC5,RERA-DEL-12970479,1,Ongoing,41.0,52.0,78.8,96.0,20,0.7,0
PROP-604CF2B37A28,RERA-DEL-18213429,1,Ongoing,27.0,58.0,46.6,21.0,5,0.2,0
PROP-2FBE82968F33,RERA-DEL-97553443,1,Completed,40.0,34.0,100.0,89.0,17,0.882,2
PROP-FD23D29A1312,,0,Unregistered,,,,,0,1.0,0
PROP-5FC940C35230,,0,Unregistered,,,,,0,1.0,0
PROP-045AC2D368C2,,0,Unregistered,,,,,0,1.0,0
PROP-7D726F5C01D0,RERA-DEL-39207485,1,Completed,39.0,34.0,100.0,18.0,16,0.938,1
PROP-1DD629345153,,0,Unregistered,,,,,0,1.0,0
PROP-9C5D0CF6F00F,,0,Unregistered,,,,,0,1.0,0
PROP-ACA59E57A790,RERA-DEL-61676397,1,Ongoing,39.0,49.0,79.6,31.0,14,0.571,0
PROP-A3FE6F3CE89B,,0,Unregistered,,,,,0,1.0,0
PROP-C0E79EC724C0,,0,Unregistered,,,,,0,1.0,0
PROP-E9AAC78AC6E1,,0,Unregistered,,,,,0,1.0,0
PROP-4EEAF2CC05EA,RERA-DEL-41048624,1,Ongoing,6.0,33.0,18.2,157.0,8,0.75,1
PROP-443CD5B243F3,RERA-DEL-19694307,1,Ongoing,41.0,52.0,78.8,33.0,75,0.2,0
PROP-B17F65AB5206,,0,Unregistered,,,,,0,1.0,0
PROP-CDECEAB30043,,0,Unregistered,,,,,0,1.0,0
PROP-2A15AD4E1B8A,,0,Unregistered,,,,,0,1.0,0
PROP-EB957F6A6F4B,RERA-DEL-29908517,1,Ongoing,39.0,53.0,73.6,86.0,9,0.889,0
PROP-4D0BD012832F,,0,Unregistered,,,,,0,1.0,0
PROP-067A30B5AEB4,,0,Unregistered,,,,,0,1.0,0
PROP-AB8077BA565F,,0,Unregistered,,,,,0,1.0,0
PROP-C2722A1C7AD6,,0,Unregistered,,,,,0,1.0,0
PROP-5146F09E9289,,0,Unregistered,,,,,0,1.0,0
PROP-85239FFFB8FB,,0,Unregistered,,,,,0,1.0,0
PROP-69C631F7658B,,0,Unregistered,,,,,0,1.0,0
PROP-5EF4F369C56C,,0,Unregistered,,,,,0,1.0,0
PROP-3599A478476B,,0,Unregistered,,,,,0,1.0,0
PROP-172D759DFDFC,,0,Unregistered,,,,,0,1.0,0
PROP-9DE292DE328B,,0,Unregistered,,,,,0,1.0,0
PROP-F3FAA251AFC1,,0,Unregistered,,,,,0,1.0,0
PROP-C73C496C9096,RERA-DEL-21741634,1,Ongoing,28.0,36.0,77.8,48.0,89,0.517,2
PROP-1740362CB327,,0,Unregistered,,,,,0,1.0,0
PROP-792638196EB0,,0,Unregistered,,,,,0,1.0,0
PROP-7E6F0A521874,,0,Unregistered,,,,,0,1.0,0
PROP-8D31F2C1C163,,0,Unregistered,,,,,0,1.0,0
PROP-6C5123387DF2,,0,Unregistered,,,,,0,1.0,0
PROP-55A75DBFA6E0,,0,Unregistered,,,,,0,1.0,0
PROP-03E134651F84,,0,Unregistered,,,,,0,1.0,0
PROP-460BD2EF6CE7,,0,Unregistered,,,,,0,1.0,0
PROP-2B38961974B3,,0,Unregistered,,,,,0,1.0,0
PROP-981F49F10623,,0,Unregistered,,,,,0,1.0,0
PROP-6A4739EA54F0,,0,Unregistered,,,,,0,1.0,0
PROP-C87384CAF7AE,,0,Unregistered,,,,,0,1.0,0
PROP-7229DED203AA,,0,Unregistered,,,,,0,1.0,0
PROP-EDCF31724A30,,0,Unregistered,,,,,0,1.0,0
PROP-8BA0D544D49D,,0,Unregistered,,,,,0,1.0,0
PROP-EB70ADED95C3,,0,Unregistered,,,,,0,1.0,0
PROP-68DC1E0D614A,,0,Unregistered,,,,,0,1.0,0
PROP-24202C129204,,0,Unregistered,,,,,0,1.0,0
PROP-3BCBCA8109BD,RERA-DEL-17452185,1,Completed,35.0,26.0,100.0,173.0,12,0.583,0
PROP-4CD39F7589D6,,0,Unregistered,,,,,0,1.0,0
PROP-5B02BAD0FBAB,RERA-DEL-57801646,1,Ongoing,27.0,46.0,58.7,24.0,81,0.272,0
PROP-97A540820529,,0,Unregistered,,,,,0,1.0,0
PROP-6998C3C1CE18,,0,Unregistered,,,,,0,1.0,0
PROP-117CBD2A0D7A,,0,Unregistered,,,,,0,1.0,0
PROP-960842B906B3,,0,Unregistered,,,,,0,1.0,0
PROP-799B06DB5A35,,0,Unregistered,,,,,0,1.0,0
PROP-B6B3F36ED978,RERA-DEL-08657097,1,Ongoing,15.0,33.0,45.5,57.0,17,0.412,0
PROP-D8253EB4AC8F,,0,Unregistered,,,,,0,1.0,0
PROP-3FA2B8C7F0E7,RERA-DEL-57801646,1,Ongoing,39.0,46.0,84.8,24.0,77,0.234,0
PROP-DC53B5E472A1,RERA-DEL-17816865,1,Ongoing,11.0,39.0,28.2,25.0,11,0.455,0
PROP-B7C9C7CC3779,RERA-DEL-57801646,1,Ongoing,24.0,46.0,52.2,24.0,63,0.175,0
PROP-250622635EFD,,0,Unregistered,,,,,0,1.0,0
PROP-0250141F812D,,0,Unregistered,,,,,0,1.0,0
PROP-FBE3EEC98283,,0,Unregistered,,,,,0,1.0,0
PROP-54F192FF7605,,0,Unregistered,,,,,0,1.0,0
PROP-F2DC6DA78555,,0,Unregistered,,,,,0,1.0,0
PROP-9B2DA08A0EF3,,0,Unregistered,,,,,0,1.0,0
PROP-5DA096198089,,0,Unregistered,,,,,0,1.0,0
PROP-971F60B3B92C,,0,Unregistered,,,,,0,1.0,0
PROP-38DCE0D49D38,,0,Unregistered,,,,,0,1.0,0
PROP-580709C8DBB3,,0,Unregistered,,,,,0,1.0,0
PROP-451F92303EEA,,0,Unregistered,,,,,0,1.0,0
PROP-C1FEF6C68486,,0,Unregistered,,,,,0,1.0,0
PROP-4777FDD87DFE,,0,Unregistered,,,,,0,1.0,0
PROP-F1256A31867E,RERA-DEL-10467679,1,Ongoing,13.0,49.0,26.5,119.0,10,0.6,0
PROP-3DE6C26A0B5F,,0,Unregistered,,,,,0,1.0,0
PROP-D4348BD02041,,0,Unregistered,,,,,0,1.0,0
PROP-0BDB5BB61A8A,,0,Unregistered,,,,,0,1.0,0
PROP-2925CED35DF3,RERA-DEL-73020513,1,Ongoing,27.0,55.0,49.1,28.0,7,0.857,0
PROP-1BA1C801EAF5,,0,Unregistered,,,,,0,1.0,0
PROP-82D4CDFBE7BE,RERA-DEL-14105897,1,Ongoing,31.0,54.0,57.4,164.0,89,0.517,2
PROP-0D0F7181809D,,0,Unregistered,,,,,0,1.0,0
PROP-C064403DEDD7,,0,Unregistered,,,,,0,1.0,0
PROP-DCD2CFFABB73,RERA-DEL-57801646,1,Ongoing,45.0,46.0,97.8,24.0,89,0.517,2
PROP-A9BCCF053E17,,0,Unregistered,,,,,0,1.0,0
PROP-3742950FC789,,0,Unregistered,,,,,0,1.0,0
PROP-6C61F5B2E4F4,,0,Unregistered,,,,,0,1.0,0
PROP-C57941DE3209,,0,Unregistered,,,,,0,1.0,0
PROP-6F5DBF45CEF7,,0,Unregistered,,,,,0,1.0,0
PROP-AE86F7CAE2D9,,0,Unregistered,,,,,0,1.0,0
PROP-C522714F875C,,0,Unregistered,,,,,0,1.0,0
PROP-B0F598494545,,0,Unregistered,,,,,0,1.0,0
PROP-9369EB4D93C6,,0,Unregistered,,,,,0,1.0,0
PROP-7664C34E3368,,0,Unregistered,,,,,0,1.0,0
PROP-B2EB2B562CC7,,0,Unregistered,,,,,0,1.0,0
PROP-C85DBD65B403,,0,Unregistered,,,,,0,1.0,0
PROP-5F67C1118161,RERA-DEL-76803516,1,Ongoing,26.0,45.0,57.8,173.0,77,0.234,0
PROP-BCBA2FCF0CCD,,0,Unregistered,,,,,0,1.0,0
PROP-045838DEA504,,0,Unregistered,,,,,0,1.0,0
PROP-C59287905A57,RERA-DEL-04431660,1,Completed,62.0,27.0,100.0,59.0,17,0.941,6
PROP-187473C41319,,0,Unregistered,,,,,0,1.0,0
PROP-55D9EA4F4B3A,,0,Unregistered,,,,,0,1.0,0
PROP-878900334E84,RERA-DEL-06317073,1,Ongoing,23.0,56.0,41.1,65.0,20,0.7,0
PROP-A36EDB5CAB7D,RERA-DEL-93187395,1,Ongoing,37.0,43.0,86.0,194.0,89,0.573,2
PROP-A2BE012E8515,,0,Unregistered,,,,,0,1.0,0
PROP-DF3DEFE6ED01,,0,Unregistered,,,,,0,1.0,0
PROP-208A11B73E61,,0,Unregistered,,,,,0,1.0,0
PROP-3A3B9B5F681D,,0,Unregistered,,,,,0,1.0,0
PROP-05D62C0BABC5,,0,Unregistered,,,,,0,1.0,0
PROP-B3CC69C6B7DF,,0,Unregistered,,,,,0,1.0,0
PROP-80F20CEDBC6E,,0,Unregistered,,,,,0,1.0,0
PROP-CA45D6B14F7E,RERA-DEL-76342934,1,Ongoing,20.0,60.0,33.3,162.0,7,0.143,0
PROP-4E343946F0F4,,0,Unregistered,,,,,0,1.0,0
PROP-79EC22542F09,RERA-DEL-85536660,1,Completed,69.0,38.0,100.0,126.0,21,0.667,0
PROP-AB4C8C0F636D,,0,Unregistered,,,,,0,1.0,0
PROP-74DD9DE240CD,,0,Unregistered,,,,,0,1.0,0
PROP-395E2BF0974B,,0,Unregistered,,,,,0,1.0,0
PROP-DE360E7517B9,,0,Unregistered,,,,,0,1.0,0
PROP-CDCCB58799C0,RERA-DEL-87933002,1,Ongoing,12.0,25.0,48.0,112.0,14,0.714,0
PROP-15D696CFB222,,0,Unregistered,,,,,0,1.0,0
PROP-CD1612C7C32D,,0,Unregistered,,,,,0,1.0,0
PROP-CB5B3DED5327,,0,Unregistered,,,,,0,1.0,0
PROP-A56978A38B8B,RERA-DEL-31122441,1,Ongoing,19.0,58.0,32.8,21.0,75,0.2,0
PROP-8313F057A6AB,,0,Unregistered,,,,,0,1.0,0
PROP-CDACA3396B93,,0,Unregistered,,,,,0,1.0,0
PROP-FDE673A1C901,,0,Unregistered,,,,,0,1.0,0
PROP-E339553485E1,,0,Unregistered,,,,,0,1.0,0
PROP-FADF7788D583,RERA-DEL-69730232,1,Ongoing,34.0,60.0,56.7,160.0,23,0.783,2
PROP-671E61ECCDDC,,0,Unregistered,,,,,0,1.0,0
PROP-00EE4AED2070,,0,Unregistered,,,,,0,1.0,0
PROP-5ACC5E984C55,,0,Unregistered,,,,,0,1.0,0
PROP-63B7C3FD0FDD,,0,Unregistered,,,,,0,1.0,0
PROP-C07D4FB024D2,,0,Unregistered,,,,,0,1.0,0
PROP-C0B3F4FACB13,,0,Unregistered,,,,,0,1.0,0
PROP-656A522EE0E7,,0,Unregistered,,,,,0,1.0,0
PROP-621337FF97D1,,0,Unregistered,,,,,0,1.0,0
PROP-D5A48BDFBAFF,,0,Unregistered,,,,,0,1.0,0
PROP-492B0398D20E,,0,Unregistered,,,,,0,1.0,0
PROP-3273328F228B,,0,Unregistered,,,,,0,1.0,0
PROP-EFB8AAC9C52A,,0,Unregistered,,,,,0,1.0,0
PROP-BDCECBD47489,,0,Unregistered,,,,,0,1.0,0
PROP-781F513F407E,,0,Unregistered,,,,,0,1.0,0
PROP-4E911D7BD8D4,,0,Unregistered,,,,,0,1.0,0
PROP-F7B01061AB69,,0,Unregistered,,,,,0,1.0,0
PROP-264C802A4643,,0,Unregistered,,,,,0,1.0,0
PROP-DD7269A00BD4,RERA-DEL-72808172,1,Ongoing,22.0,40.0,55.0,18.0,12,0.833,0
PROP-1DBF98998BFE,,0,Unregistered,,,,,0,1.0,0
PROP-F5A2AFD192F9,RERA-DEL-58794736,1,Ongoing,34.0,52.0,65.4,75.0,77,0.234,0
PROP-76EA36312D03,,0,Unregistered,,,,,0,1.0,0
PROP-C48EC02BFFE4,,0,Unregistered,,,,,0,1.0,0
PROP-7B10A4934193,RERA-DEL-57517017,1,Ongoing,15.0,42.0,35.7,83.0,12,0.5,0
PROP-ED282A90561A,,0,Unregistered,,,,,0,1.0,0
PROP-BB32C938B362,,0,Unregistered,,,,,0,1.0,0
PROP-A4A41593AD47,,0,Unregistered,,,,,0,1.0,0
PROP-5FD79ABED8E1,,0,Unregistered,,,,,0,1.0,0
PROP-818155CA8D80,,0,Unregistered,,,,,0,1.0,0
PROP-0FDA2C554D42,RERA-DEL-45560791,1,Ongoing,13.0,24.0,54.2,61.0,13,0.385,0
PROP-4C290BE30EDE,,0,Unregistered,,,,,0,1.0,0
PROP-F01BE4219C93,,0,Unregistered,,,,,0,1.0,0
PROP-28B48F87AB5A,,0,Unregistered,,,,,0,1.0,0
PROP-378FE9943E3B,,0,Unregistered,,,,,0,1.0,0
PROP-6FA82AA99343,,0,Unregistered,,,,,0,1.0,0
PROP-076E708EFCE7,,0,Unregistered,,,,,0,1.0,0
PROP-508119321EE8,,0,Unregistered,,,,,0,1.0,0
PROP-A6DB399ACA17,,0,Unregistered,,,,,0,1.0,0
PROP-C96D058A7B02,,0,Unregistered,,,,,0,1.0,0
PROP-DA3E9F3AF91B,,0,Unregistered,,,,,0,1.0,0
PROP-7049AAB10299,,0,Unregistered,,,,,0,1.0,0
PROP-D49B057A6B3B,,0,Unregistered,,,,,0,1.0,0
PROP-BA59AACC42A0,RERA-DEL-39207485,1,Completed,39.0,34.0,100.0,18.0,16,0.812,0
PROP-50799A4A6C5E,,0,Unregistered,,,,,0,1.0,0
PROP-55AF3B254E3C,,0,Unregistered,,,,,0,1.0,0
PROP-C343F246B697,RERA-DEL-60123697,1,Ongoing,11.0,29.0,37.9,82.0,75,0.2,0
PROP-1BC46DECDE93,,0,Unregistered,,,,,0,1.0,0
PROP-253683CEDD18,,0,Unregistered,,,,,0,1.0,0
PROP-DC392F35BD24,,0,Unregistered,,,,,0,1.0,0
PROP-E10A5446834F,,0,Unregistered,,,,,0,1.0,0
PROP-BF6F409AEBFA,,0,Unregistered,,,,,0,1.0,0
PROP-C39554E422B4,,0,Unregistered,,,,,0,1.0,0
PROP-42ACF433F33D,,0,Unregistered,,,,,0,1.0,0
PROP-A20A42A8625F,,0,Unregistered,,,,,0,1.0,0
PROP-A1645B8654D0,,0,Unregistered,,,,,0,1.0,0
PROP-DD8349026BAD,RERA-DEL-39885352,1,Ongoing,34.0,39.0,87.2,207.0,13,0.692,1
PROP-70EB87C3544A,,0,Unregistered,,,,,0,1.0,0
PROP-651C190D46FE,,0,Unregistered,,,,,0,1.0,0
PROP-49C306D17CF4,,0,Unregistered,,,,,0,1.0,0
PROP-FB2CA3DA536F,,0,Unregistered,,,,,0,1.0,0
PROP-97FBEF2F30C9,,0,Unregistered,,,,,0,1.0,0
PROP-845A2A7F2486,,0,Unregistered,,,,,0,1.0,0
PROP-A595FF517B62,,0,Unregistered,,,,,0,1.0,0
PROP-E5565442016D,,0,Unregistered,,,,,0,1.0,0
PROP-7515AFE2AD95,,0,Unregistered,,,,,0,1.0,0
PROP-2AB9BBCD1BA5,,0,Unregistered,,,,,0,1.0,0
PROP-4CD3B75EA120,,0,Unregistered,,,,,0,1.0,0
PROP-E9C129E01479,,0,Unregistered,,,,,0,1.0,0
PROP-F5875FA71117,,0,Unregistered,,,,,0,1.0,0
PROP-F77649641B35,,0,Unregistered,,,,,0,1.0,0
PROP-5184760301A0,RERA-DEL-99584903,1,Ongoing,9.0,42.0,21.4,65.0,14,0.571,0
PROP-CBFF31D0E51A,,0,Unregistered,,,,,0,1.0,0
PROP-157DBD0859D8,,0,Unregistered,,,,,0,1.0,0
PROP-16F919FD0937,,0,Unregistered,,,,,0,1.0,0
PROP-B0E9559AB6DB,RERA-DEL-38822391,1,Ongoing,33.0,51.0,64.7,267.0,14,0.857,6
PROP-56B0AE26AFC2,,0,Unregistered,,,,,0,1.0,0
PROP-0FCAB3EB039D,RERA-DEL-04843592,1,Ongoing,10.0,58.0,17.2,41.0,15,0.667,0
PROP-DF231404F805,,0,Unregistered,,,,,0,1.0,0
PROP-F6FCBB289559,RERA-DEL-12202647,1,Ongoing,41.0,60.0,68.3,132.0,89,0.573,2
PROP-E6FF9E13C5D8,RERA-DEL-39893991,1,Ongoing,21.0,32.0,65.6,195.0,87,0.379,1
PROP-258A497C1F9A,,0,Unregistered,,,,,0,1.0,0
PROP-CEC5D1DF0021,RERA-DEL-90136701,1,Ongoing,35.0,44.0,79.5,12.0,12,0.583,0
PROP-4ECF68C89E49,,0,Unregistered,,,,,0,1.0,0
PROP-CD14D54807DB,,0,Unregistered,,,,,0,1.0,0
PROP-016FFD1C122B,,0,Unregistered,,,,,0,1.0,0
PROP-CC410B7E07BD,,0,Unregistered,,,,,0,1.0,0
PROP-A69789E00995,,0,Unregistered,,,,,0,1.0,0
PROP-D2D36183D9BA,,0,Unregistered,,,,,0,1.0,0
PROP-2F2084C25F87,,0,Unregistered,,,,,0,1.0,0
PROP-63B02E2B6F16,,0,Unregistered,,,,,0,1.0,0
PROP-898BF4F04732,RERA-DEL-10383670,1,Ongoing,24.0,40.0,60.0,104.0,7,0.429,0
PROP-D41E89B8C0D9,,0,Unregistered,,,,,0,1.0,0
PROP-B1CE820F8073,,0,Unregistered,,,,,0,1.0,0
PROP-0E436CC01F75,,0,Unregistered,,,,,0,1.0,0
PROP-89DB5C955770,,0,Unregistered,,,,,0,1.0,0
PROP-CC4A04D94FF0,RERA-DEL-31122441,1,Ongoing,34.0,73.0,46.6,251.0,86,0.337,0
PROP-04FF2270BFF0,,0,Unregistered,,,,,0,1.0,0
PROP-4FC936DF52E0,,0,Unregistered,,,,,0,1.0,0
PROP-2881C654070A,,0,Unregistered,,,,,0,1.0,0
PROP-C36AF2A7880F,,0,Unregistered,,,,,0,1.0,0
PROP-4BB0E61F5F60,,0,Unregistered,,,,,0,1.0,0
PROP-E29D629583AB,,0,Unregistered,,,,,0,1.0,0
PROP-A8CED0BBBA64,RERA-DEL-82436892,1,Ongoing,30.0,37.0,81.1,59.0,11,0.545,0
PROP-F00AE04E6F23,,0,Unregistered,,,,,0,1.0,0
PROP-8ADD8FCC4510,,0,Unregistered,,,,,0,1.0,0
PROP-6DF5280D0DDA,RERA-DEL-97553443,1,Completed,37.0,34.0,100.0,89.0,17,0.824,1
PROP-5C3C3417BFD8,,0,Unregistered,,,,,0,1.0,0
PROP-D7BA85E3AF7D,,0,Unregistered,,,,,0,1.0,0
PROP-85AE75716AFE,,0,Unregistered,,,,,0,1.0,0
PROP-F5746A1CF282,,0,Unregistered,,,,,0,1.0,0
PROP-23EDD4460354,,0,Unregistered,,,,,0,1.0,0
PROP-8E2BB7626A55,RERA-DEL-76803516,1,Ongoing,26.0,45.0,57.8,173.0,90,0.611,3
PROP-AFB5153F0914,RERA-DEL-76803516,1,Ongoing,26.0,45.0,57.8,173.0,90,0.722,3
PROP-49102F1284E4,,0,Unregistered,,,,,0,1.0,0
PROP-4B85EE245DE9,,0,Unregistered,,,,,0,1.0,0
PROP-140A583DC9E9,,0,Unregistered,,,,,0,1.0,0
PROP-72F029F617F1,RERA-DEL-15444107,1,Ongoing,9.0,60.0,15.0,90.0,9,0.667,0
PROP-0A7AA3C4817D,,0,Unregistered,,,,,0,1.0,0
PROP-01521F78DB4E,,0,Unregistered,,,,,0,1.0,0
PROP-676C58C2BC0E,,0,Unregistered,,,,,0,1.0,0
PROP-B84DB00BA1A2,,0,Unregistered,,,,,0,1.0,0
PROP-473A6EB7D34C,,0,Unregistered,,,,,0,1.0,0
PROP-EC6AD2AC7ED3,RERA-DEL-39998266,1,Ongoing,28.0,29.0,96.6,148.0,17,0.588,0
PROP-3B92F6F14B60,RERA-DEL-83443499,1,Ongoing,21.0,46.0,45.7,88.0,15,0.933,1
PROP-5D320F7FBB15,,0,Unregistered,,,,,0,1.0,0
PROP-48BD97DC15BC,RERA-DEL-34116426,1,Ongoing,8.0,60.0,13.3,78.0,18,0.111,0
PROP-E521E9380B1A,,0,Unregistered,,,,,0,1.0,0
PROP-BF3EE91B3685,,0,Unregistered,,,,,0,1.0,0
PROP-C81C482E8DBA,,0,Unregistered,,,,,0,1.0,0
PROP-9AFE824D460F,RERA-DEL-57801646,1,Ongoing,36.0,70.0,51.4,94.0,90,0.722,3
PROP-DA2CFD19577C,,0,Unregistered,,,,,0,1.0,0
PROP-308319A38177,RERA-DEL-34064622,1,Completed,65.0,25.0,100.0,93.0,17,0.882,2
PROP-7943E12603DE,,0,Unregistered,,,,,0,1.0,0
PROP-1234DBC5A7DB,,0,Unregistered,,,,,0,1.0,0
PROP-C8D4C2511FF7,RERA-DEL-80278755,1,Ongoing,9.0,58.0,15.5,65.0,10,0.6,0
PROP-FAA96398FD90,,0,Unregistered,,,,,0,1.0,0
PROP-0F8511993A29,,0,Unregistered,,,,,0,1.0,0
PROP-D2AC4DFA1C46,RERA-DEL-62328319,1,Ongoing,28.0,35.0,80.0,84.0,11,0.727,0
PROP-85525BF30BC5,,0,Unregistered,,,,,0,1.0,0
PROP-E7AFCFFFF12C,,0,Unregistered,,,,,0,1.0,0
PROP-BCCB4AC191B0,RERA-DEL-50251146,1,Completed,43.0,38.0,100.0,207.0,4,1.0,0
PROP-248BF857ECDB,,0,Unregistered,,,,,0,1.0,0
PROP-71485F03A905,,0,Unregistered,,,,,0,1.0,0
PROP-C1CA172DB56F,,0,Unregistered,,,,,0,1.0,0
PROP-08142B2DFC66,RERA-DEL-58722194,1,Ongoing,16.0,30.0,53.3,190.0,11,0.727,0
PROP-94DF5E9CBD2F,,0,Unregistered,,,,,0,1.0,0
PROP-F75828ED24E4,,0,Unregistered,,,,,0,1.0,0
PROP-BC23CBA8EB08,,0,Unregistered,,,,,0,1.0,0
PROP-3B81AF689DF6,,0,Unregistered,,,,,0,1.0,0
PROP-3D5DAACB3A3B,,0,Unregistered,,,,,0,1.0,0
PROP-0D2DDF75A316,,0,Unregistered,,,,,0,1.0,0
PROP-82EF1BB7B08F,,0,Unregistered,,,,,0,1.0,0
PROP-A0B5DF2002AF,,0,Unregistered,,,,,0,1.0,0
PROP-442C169970A5,,0,Unregistered,,,,,0,1.0,0
PROP-E0FA33A38AE7,,0,Unregistered,,,,,0,1.0,0
PROP-C41684EEAA6A,RERA-DEL-38554649,1,Completed,35.0,31.0,100.0,125.0,6,0.667,0
PROP-9A8EBA23A698,RERA-DEL-60931179,1,Ongoing,29.0,45.0,64.4,42.0,5,0.6,0
PROP-367B62AD49A1,,0,Unregistered,,,,,0,1.0,0
PROP-4C22985A6D6D,,0,Unregistered,,,,,0,1.0,0
PROP-E030E458A81F,,0,Unregistered,,,,,0,1.0,0
PROP-4A88A58BFFF4,,0,Unregistered,,,,,0,1.0,0
PROP-64A9933E4584,,0,Unregistered,,,,,0,1.0,0
PROP-0E7E9F18A0AA,,0,Unregistered,,,,,0,1.0,0
PROP-549DBB48BD9C,,0,Unregistered,,,,,0,1.0,0
PROP-198A5F0ACE25,,0,Unregistered,,,,,0,1.0,0
PROP-68C2FD19FC66,,0,Unregistered,,,,,0,1.0,0
PROP-2394FD255807,RERA-DEL-92590947,1,Ongoing,21.0,57.0,36.8,50.0,12,0.833,0
PROP-3C646CEF63C9,,0,Unregistered,,,,,0,1.0,0
PROP-112BB77B34A4,,0,Unregistered,,,,,0,1.0,0
PROP-D9DF34095063,,0,Unregistered,,,,,0,1.0,0
PROP-D0961CFF571E,,0,Unregistered,,,,,0,1.0,0
PROP-3022E0DC6208,,0,Unregistered,,,,,0,1.0,0
PROP-6F7E70BE88AE,RERA-DEL-86934542,1,Ongoing,8.0,26.0,30.8,50.0,4,0.0,0
PROP-8EC3A78EEA23,,0,Unregistered,,,,,0,1.0,0
PROP-F418742B80B2,,0,Unregistered,,,,,0,1.0,0
PROP-C3C6AE283AAE,,0,Unregistered,,,,,0,1.0,0
PROP-6E7FCEF32621,,0,Unregistered,,,,,0,1.0,0
PROP-C79274115C10,,0,Unregistered,,,,,0,1.0,0
PROP-C9DC557FD3ED,,0,Unregistered,,,,,0,1.0,0
PROP-917F7B3E0E10,,0,Unregistered,,,,,0,1.0,0
PROP-337F7ACF1863,RERA-DEL-23920642,1,Ongoing,28.0,48.0,58.3,50.0,14,0.786,2
PROP-8668B0B45D3A,,0,Unregistered,,,,,0,1.0,0
PROP-223223122222,,0,Unregistered,,,,,0,1.0,0
PROP-401E53878E7A,,0,Unregistered,,,,,0,1.0,0
PROP-03A97BF4BEBB,,0,Unregistered,,,,,0,1.0,0
PROP-7F1223BF1316,,0,Unregistered,,,,,0,1.0,0
PROP-BF35C650C25A,,0,Unregistered,,,,,0,1.0,0
PROP-7CDE29DC0CB5,,0,Unregistered,,,,,0,1.0,0
PROP-AE14E8110F88,,0,Unregistered,,,,,0,1.0,0
PROP-4A347E7DA3DC,,0,Unregistered,,,,,0,1.0,0
PROP-DC8F580FB026,,0,Unregistered,,,,,0,1.0,0
PROP-EB8EC86E0145,,0,Unregistered,,,,,0,1.0,0
PROP-96B2F6C04D05,,0,Unregistered,,,,,0,1.0,0
PROP-FFFE87A3E212,,0,Unregistered,,,,,0,1.0,0
PROP-9B6BF6A96D23,,0,Unregistered,,,,,0,1.0,0
PROP-9C04EDBFD7E1,,0,Unregistered,,,,,0,1.0,0
PROP-10DE5E387B4F,,0,Unregistered,,,,,0,1.0,0
PROP-EB90449282A7,,0,Unregistered,,,,,0,1.0,0
PROP-66AA1CED91A6,,0,Unregistered,,,,,0,1.0,0
PROP-AB0BBD0C6D49,,0,Unregistered,,,,,0,1.0,0
PROP-F8DB9F59EF80,,0,Unregistered,,,,,0,1.0,0
PROP-E3D10AF931CD,,0,Unregistered,,,,,0,1.0,0
PROP-9174EBA2D849,,0,Unregistered,,,,,0,1.0,0
PROP-88FA36346BF5,,0,Unregistered,,,,,0,1.0,0
PROP-258B93367EED,,0,Unregistered,,,,,0,1.0,0
PROP-A769840801B9,,0,Unregistered,,,,,0,1.0,0
PROP-4668552D21AF,,0,Unregistered,,,,,0,1.0,0
PROP-2116C7174CE2,,0,Unregistered,,,,,0,1.0,0
PROP-7226DB39E5D6,,0,Unregistered,,,,,0,1.0,0
PROP-684CB2DBD872,,0,Unregistered,,,,,0,1.0,0
PROP-A736DF97F593,,0,Unregistered,,,,,0,1.0,0
PROP-7888F755E083,,0,Unregistered,,,,,0,1.0,0
PROP-30109E081BB1,,0,Unregistered,,,,,0,1.0,0
PROP-C53EE29FC18B,,0,Unregistered,,,,,0,1.0,0
PROP-AEB5C72998AB,,0,Unregistered,,,,,0,1.0,0
PROP-45E74B98F378,RERA-DEL-73793264,1,Ongoing,14.0,30.0,46.7,41.0,12,0.917,3
PROP-42DF070E6054,,0,Unregistered,,,,,0,1.0,0
PROP-A9CD64C59637,,0,Unregistered,,,,,0,1.0,0
PROP-77DD4E044C4F,,0,Unregistered,,,,,0,1.0,0
PROP-A84AA2542E81,,0,Unregistered,,,,,0,1.0,0
PROP-17520DAA4844,,0,Unregistered,,,,,0,1.0,0
PROP-11988C4F82E9,,0,Unregistered,,,,,0,1.0,0
PROP-30D41CFF3687,,0,Unregistered,,,,,0,1.0,0
PROP-C58BDB4AA746,,0,Unregistered,,,,,0,1.0,0
PROP-DC171F7ADEE0,,0,Unregistered,,,,,0,1.0,0
PROP-D2643575F9F5,,0,Unregistered,,,,,0,1.0,0
PROP-E9F0DBB60F68,,0,Unregistered,,,,,0,1.0,0
PROP-E579069D97A4,,0,Unregistered,,,,,0,1.0,0
PROP-4620EC3E2D4C,,0,Unregistered,,,,,0,1.0,0
PROP-E136AFB41AAB,,0,Unregistered,,,,,0,1.0,0
PROP-694024E2D49F,,0,Unregistered,,,,,0,1.0,0
PROP-EB8B5CCFFF16,,0,Unregistered,,,,,0,1.0,0
PROP-D10BC7F2308E,,0,Unregistered,,,,,0,1.0,0
PROP-8D9E4F1E374E,,0,Unregistered,,,,,0,1.0,0
PROP-FE837A4267CD,,0,Unregistered,,,,,0,1.0,0
PROP-97A38F091DC9,,0,Unregistered,,,,,0,1.0,0
PROP-D5B4EF2541BA,RERA-DEL-05175996,1,Ongoing,14.0,32.0,43.8,89.0,8,0.5,0
PROP-79D675EE9B48,,0,Unregistered,,,,,0,1.0,0
PROP-1ABEABC9B812,,0,Unregistered,,,,,0,1.0,0
PROP-9B6F5A1B2283,,0,Unregistered,,,,,0,1.0,0
PROP-9D31F8432500,,0,Unregistered,,,,,0,1.0,0
PROP-07FD9D409C2B,,0,Unregistered,,,,,0,1.0,0
PROP-2DAC9C0C3B13,RERA-DEL-13838410,1,Ongoing,12.0,27.0,44.4,93.0,6,0.333,0
PROP-34832EC108C6,,0,Unregistered,,,,,0,1.0,0
PROP-71047BE9001E,,0,Unregistered,,,,,0,1.0,0
PROP-2D71DE6197E7,,0,Unregistered,,,,,0,1.0,0
PROP-CF85484E3B69,,0,Unregistered,,,,,0,1.0,0
PROP-70B169A99A09,RERA-DEL-34236102,1,Completed,28.0,24.0,100.0,55.0,75,0.2,0
PROP-2829892DA3A4,,0,Unregistered,,,,,0,1.0,0
PROP-0CAA620973F7,,0,Unregistered,,,,,0,1.0,0
PROP-BF1D53745752,,0,Unregistered,,,,,0,1.0,0
PROP-F2C0D5600AD6,,0,Unregistered,,,,,0,1.0,0
PROP-D1B7D7E4298F,,0,Unregistered,,,,,0,1.0,0
PROP-0B78C3E796BE,,0,Unregistered,,,,,0,1.0,0
PROP-F8D574A565FA,,0,Unregistered,,,,,0,1.0,0
PROP-C431CBCA17A2,RERA-DEL-57801646,1,Ongoing,30.0,46.0,65.2,24.0,90,0.689,3
PROP-CEEE5A496BBE,,0,Unregistered,,,,,0,1.0,0
PROP-01A71E860DCF,,0,Unregistered,,,,,0,1.0,0
PROP-DFB2A7406E7E,,0,Unregistered,,,,,0,1.0,0
PROP-2FD047487216,,0,Unregistered,,,,,0,1.0,0
PROP-36362E58DE21,RERA-DEL-57801646,1,Ongoing,24.0,70.0,34.3,94.0,89,0.517,2
PROP-7D9769ED2EB4,,0,Unregistered,,,,,0,1.0,0
PROP-105F48F5EBFA,,0,Unregistered,,,,,0,1.0,0
PROP-8DF8BD783FFA,,0,Unregistered,,,,,0,1.0,0
PROP-5C624AA959C3,,0,Unregistered,,,,,0,1.0,0
PROP-4AAC7E81B559,RERA-DEL-99053485,1,Completed,35.0,35.0,100.0,183.0,11,0.818,1
PROP-4CE62A4B211E,,0,Unregistered,,,,,0,1.0,0
PROP-D1CC3203672B,,0,Unregistered,,,,,0,1.0,0
PROP-25E86BB07309,,0,Unregistered,,,,,0,1.0,0
PROP-4F37C5473479,,0,Unregistered,,,,,0,1.0,0
PROP-4C2AE5909832,,0,Unregistered,,,,,0,1.0,0
PROP-422D8FF3805E,,0,Unregistered,,,,,0,1.0,0
PROP-33085E47F93C,,0,Unregistered,,,,,0,1.0,0
PROP-9DF8C4F6B13B,,0,Unregistered,,,,,0,1.0,0
PROP-D229752894DA,,0,Unregistered,,,,,0,1.0,0
PROP-29E7D83E9088,,0,Unregistered,,,,,0,1.0,0
PROP-4B9ADCB1ADA4,,0,Unregistered,,,,,0,1.0,0
PROP-86F48AFB0B6C,,0,Unregistered,,,,,0,1.0,0
PROP-678E3BDBC3A5,,0,Unregistered,,,,,0,1.0,0
PROP-75D49CA47D8D,,0,Unregistered,,,,,0,1.0,0
PROP-13742D3BBC03,,0,Unregistered,,,,,0,1.0,0
PROP-D1A89469E9C1,,0,Unregistered,,,,,0,1.0,0
PROP-9398CC3312AD,,0,Unregistered,,,,,0,1.0,0
PROP-69E9DDAFF548,,0,Unregistered,,,,,0,1.0,0
PROP-ED08C4B7A719,,0,Unregistered,,,,,0,1.0,0
PROP-47FB4041FB4F,,0,Unregistered,,,,,0,1.0,0
PROP-4F589D2007F1,,0,Unregistered,,,,,0,1.0,0
PROP-B4E0A84B609D,,0,Unregistered,,,,,0,1.0,0
PROP-309FFB921D96,RERA-DEL-57801646,1,Ongoing,24.0,46.0,52.2,24.0,75,0.2,0
PROP-9C3EEB35B420,,0,Unregistered,,,,,0,1.0,0
PROP-7540204492AD,,0,Unregistered,,,,,0,1.0,0
PROP-51650FD0CB30,,0,Unregistered,,,,,0,1.0,0
PROP-B79F2A09A2F7,RERA-DEL-32191853,1,Ongoing,7.0,45.0,15.6,183.0,13,0.538,0
PROP-E8933B9C69DB,,0,Unregistered,,,,,0,1.0,0
PROP-F6344DD41ED4,,0,Unregistered,,,,,0,1.0,0
PROP-7CFC51728599,,0,Unregistered,,,,,0,1.0,0
PROP-32B3CD03B56E,,0,Unregistered,,,,,0,1.0,0
PROP-1762246A560D,,0,Unregistered,,,,,0,1.0,0
PROP-1D9D85DF1A5C,RERA-DEL-50987892,1,Completed,38.0,25.0,100.0,146.0,23,0.478,0
PROP-696140A14179,,0,Unregistered,,,,,0,1.0,0
PROP-29118C6DA199,RERA-DEL-58668858,1,Ongoing,12.0,29.0,41.4,34.0,11,0.455,0
PROP-687245DC702D,RERA-DEL-86966635,1,Completed,29.0,28.0,100.0,26.0,7,0.714,0
PROP-02E5E0D581BF,RERA-DEL-03500265,1,Ongoing,35.0,42.0,83.3,38.0,8,0.375,0
PROP-20D08C9C2C67,,0,Unregistered,,,,,0,1.0,0
PROP-B618C5B888B5,,0,Unregistered,,,,,0,1.0,0
PROP-41A7F0C89156,,0,Unregistered,,,,,0,1.0,0
PROP-981789C25E81,RERA-DEL-57801646,1,Ongoing,24.0,46.0,52.2,24.0,89,0.573,2
PROP-FC25566B0BE4,,0,Unregistered,,,,,0,1.0,0
PROP-22652DC43D2A,,0,Unregistered,,,,,0,1.0,0
PROP-424E3589C095,,0,Unregistered,,,,,0,1.0,0
PROP-DB201B57660D,,0,Unregistered,,,,,0,1.0,0
PROP-9C756F189D42,,0,Unregistered,,,,,0,1.0,0
PROP-7EF2F97973D1,,0,Unregistered,,,,,0,1.0,0
PROP-213CAB0ED87E,,0,Unregistered,,,,,0,1.0,0
PROP-9A58773B866A,RERA-DEL-62328319,1,Ongoing,13.0,35.0,37.1,84.0,11,0.455,0
PROP-F2370F125F82,,0,Unregistered,,,,,0,1.0,0
PROP-5AF26D366A0B,,0,Unregistered,,,,,0,1.0,0
PROP-7C1A441BDE75,,0,Unregistered,,,,,0,1.0,0
PROP-8A69495F80D8,,0,Unregistered,,,,,0,1.0,0
PROP-7D848ADD7EA1,,0,Unregistered,,,,,0,1.0,0
PROP-1369890BD5E9,,0,Unregistered,,,,,0,1.0,0
PROP-7B922B4822CC,,0,Unregistered,,,,,0,1.0,0
PROP-9A37EA8D0FE1,,0,Unregistered,,,,,0,1.0,0
PROP-389B102B35F5,,0,Unregistered,,,,,0,1.0,0
PROP-068B19B3C9A0,,0,Unregistered,,,,,0,1.0,0
PROP-233088F3C34B,RERA-DEL-15705182,1,Ongoing,16.0,35.0,45.7,243.0,13,0.692,0
PROP-DE3A2C21F7E6,RERA-DEL-15705182,1,Ongoing,28.0,35.0,80.0,243.0,13,0.846,0
PROP-7E480EDE5B0B,,0,Unregistered,,,,,0,1.0,0
PROP-5370EEEDBE29,,0,Unregistered,,,,,0,1.0,0
PROP-20F4C14B901D,,0,Unregistered,,,,,0,1.0,0
PROP-AC4A9B5668B4,,0,Unregistered,,,,,0,1.0,0
PROP-11C3DE28806D,,0,Unregistered,,,,,0,1.0,0
PROP-93E19CE98298,,0,Unregistered,,,,,0,1.0,0
PROP-57EC3C0CAB0B,,0,Unregistered,,,,,0,1.0,0
PROP-B0FE0DD0CB3C,,0,Unregistered,,,,,0,1.0,0
PROP-F6B16076EC34,,0,Unregistered,,,,,0,1.0,0
PROP-CD8D2DAC7038,,0,Unregistered,,,,,0,1.0,0
PROP-7948D308FF79,,0,Unregistered,,,,,0,1.0,0
PROP-33CA6709529B,RERA-DEL-07814849,1,Ongoing,7.0,44.0,15.9,50.0,8,0.75,1
PROP-A510F3C17CED,,0,Unregistered,,,,,0,1.0,0
PROP-604E5C3FCE25,,0,Unregistered,,,,,0,1.0,0
PROP-3723387937B4,,0,Unregistered,,,,,0,1.0,0
PROP-35153479FC97,,0,Unregistered,,,,,0,1.0,0
PROP-63672F4748C0,,0,Unregistered,,,,,0,1.0,0
PROP-3B42B34247C3,,0,Unregistered,,,,,0,1.0,0
PROP-5EF29670119D,RERA-DEL-99053485,1,Completed,35.0,35.0,100.0,183.0,9,0.667,0
PROP-300301509063,RERA-DEL-29860005,1,Completed,73.0,45.0,100.0,33.0,7,1.0,0
PROP-A13EB88097CA,,0,Unregistered,,,,,0,1.0,0
PROP-D744952E141D,,0,Unregistered,,,,,0,1.0,0
PROP-5DECD0EDFE64,,0,Unregistered,,,,,0,1.0,0
PROP-D3C02C4B9655,,0,Unregistered,,,,,0,1.0,0
PROP-4FDEB3C4F39F,RERA-DEL-27096308,1,Completed,30.0,25.0,100.0,56.0,11,0.727,0
PROP-BCF42285DAE0,,0,Unregistered,,,,,0,1.0,0
PROP-13987A2B20FE,,0,Unregistered,,,,,0,1.0,0
PROP-4B935477E757,,0,Unregistered,,,,,0,1.0,0
PROP-DA357191F5EE,RERA-DEL-17816125,1,Ongoing,23.0,44.0,52.3,130.0,13,0.692,0
PROP-9CF2940EA2A7,,0,Unregistered,,,,,0,1.0,0
PROP-69FAB1B3CBF8,,0,Unregistered,,,,,0,1.0,0
PROP-FA3A6FAA374C,RERA-DEL-63336715,1,Completed,34.0,30.0,100.0,81.0,15,0.667,0
PROP-1B373ED947CE,RERA-DEL-41188017,1,Ongoing,31.0,56.0,55.4,178.0,59,0.169,0
PROP-98A488E2F1D0,,0,Unregistered,,,,,0,1.0,0
PROP-BB9172F543B5,,0,Unregistered,,,,,0,1.0,0
PROP-CD163290748D,,0,Unregistered,,,,,0,1.0,0
PROP-8C4781E87691,,0,Unregistered,,,,,0,1.0,0
PROP-38657F1345A3,,0,Unregistered,,,,,0,1.0,0
PROP-E388BB87E172,RERA-DEL-38750767,1,Ongoing,13.0,31.0,41.9,55.0,15,0.533,0
PROP-67F4B063000E,RERA-DEL-35843377,1,Completed,35.0,32.0,100.0,166.0,15,0.4,0
PROP-B33272C0944E,,0,Unregistered,,,,,0,1.0,0
PROP-4179AB23CF1A,,0,Unregistered,,,,,0,1.0,0
PROP-F6AF4019EE97,,0,Unregistered,,,,,0,1.0,0
PROP-A58A2DD68E92,,0,Unregistered,,,,,0,1.0,0
PROP-883934ECCE9C,,0,Unregistered,,,,,0,1.0,0
PROP-E7B4B067B606,RERA-DEL-57801646,1,Ongoing,24.0,46.0,52.2,24.0,52,0.135,0
PROP-C2436D3C3A5E,,0,Unregistered,,,,,0,1.0,0
PROP-5ACB9B2EC740,RERA-DEL-23121127,1,Ongoing,13.0,35.0,37.1,95.0,10,0.5,0
PROP-7F4B27FB2133,,0,Unregistered,,,,,0,1.0,0
PROP-C170112A3525,,0,Unregistered,,,,,0,1.0,0
PROP-F19E58267ACE,,0,Unregistered,,,,,0,1.0,0
PROP-1B8C4027E2BB,,0,Unregistered,,,,,0,1.0,0
PROP-691E11AF82AA,,0,Unregistered,,,,,0,1.0,0
PROP-E21237B121F4,RERA-DEL-20137431,1,Ongoing,21.0,35.0,60.0,90.0,7,0.857,1
PROP-3A82C1B76111,,0,Unregistered,,,,,0,1.0,0
PROP-4D7CEB706133,,0,Unregistered,,,,,0,1.0,0
PROP-C1FAAFE0F9EB,,0,Unregistered,,,,,0,1.0,0
PROP-0AC2297048E5,,0,Unregistered,,,,,0,1.0,0
PROP-B657F9BDB523,,0,Unregistered,,,,,0,1.0,0
PROP-14E05A9BFC89,,0,Unregistered,,,,,0,1.0,0
PROP-01591876EF0F,,0,Unregistered,,,,,0,1.0,0
PROP-AA887FFC9689,,0,Unregistered,,,,,0,1.0,0
PROP-102F0867298D,,0,Unregistered,,,,,0,1.0,0
PROP-4ABF674811FA,,0,Unregistered,,,,,0,1.0,0
PROP-27CBC63C9A14,,0,Unregistered,,,,,0,1.0,0
PROP-2ECBEC80534E,,0,Unregistered,,,,,0,1.0,0
PROP-4B21685C31C5,,0,Unregistered,,,,,0,1.0,0
PROP-EEC049CAFADB,RERA-DEL-91731306,1,Ongoing,24.0,31.0,77.4,164.0,20,0.4,0
PROP-FF908741BF94,,0,Unregistered,,,,,0,1.0,0
PROP-8613A993725C,,0,Unregistered,,,,,0,1.0,0
PROP-C8F23A889638,,0,Unregistered,,,,,0,1.0,0
PROP-0EB99C120518,,0,Unregistered,,,,,0,1.0,0
PROP-BD121CAE7D03,,0,Unregistered,,,,,0,1.0,0
PROP-FE73B221CB5F,,0,Unregistered,,,,,0,1.0,0
PROP-9F0BBD6BE33D,,0,Unregistered,,,,,0,1.0,0
PROP-6DA81C10D230,,0,Unregistered,,,,,0,1.0,0
PROP-B4E990EF175A,,0,Unregistered,,,,,0,1.0,0
PROP-932CC006071F,,0,Unregistered,,,,,0,1.0,0
PROP-579AC477C3DE,,0,Unregistered,,,,,0,1.0,0
PROP-8186C5A1C876,,0,Unregistered,,,,,0,1.0,0
PROP-F74DCA280D64,,0,Unregistered,,,,,0,1.0,0
PROP-461535F8BCC2,,0,Unregistered,,,,,0,1.0,0
PROP-066F509FBC0F,,0,Unregistered,,,,,0,1.0,0
PROP-12ED7DC10008,,0,Unregistered,,,,,0,1.0,0
PROP-7EC34159BE4A,,0,Unregistered,,,,,0,1.0,0
PROP-35FECBCC881C,,0,Unregistered,,,,,0,1.0,0
PROP-12108359EF56,,0,Unregistered,,,,,0,1.0,0
PROP-B26BCEE9CB3B,RERA-DEL-63180406,1,Ongoing,20.0,25.0,80.0,85.0,25,0.52,0
PROP-DDED363B4E6D,,0,Unregistered,,,,,0,1.0,0
PROP-82333317AAA8,,0,Unregistered,,,,,0,1.0,0
PROP-1C3CA3395E87,,0,Unregistered,,,,,0,1.0,0
PROP-4F9FA2237784,,0,Unregistered,,,,,0,1.0,0
PROP-56048A8299ED,RERA-DEL-44089670,1,Ongoing,8.0,30.0,26.7,135.0,6,0.667,0
PROP-8A18E58BD143,,0,Unregistered,,,,,0,1.0,0
PROP-729866A3420B,,0,Unregistered,,,,,0,1.0,0
PROP-6DDEC6EB1BFB,,0,Unregistered,,,,,0,1.0,0
PROP-FCABA022BE2E,,0,Unregistered,,,,,0,1.0,0
PROP-D87D46A60A83,,0,Unregistered,,,,,0,1.0,0
PROP-0CD29D29A2E5,,0,Unregistered,,,,,0,1.0,0
PROP-19DBEBA635D6,RERA-DEL-90878157,1,Ongoing,11.0,53.0,20.8,60.0,5,0.8,0
PROP-4F655C56AD56,RERA-DEL-02435672,1,Ongoing,38.0,41.0,92.7,42.0,16,0.875,6
PROP-10685106515E,RERA-DEL-00690598,1,Ongoing,24.0,36.0,66.7,115.0,14,0.714,3
PROP-373215C46E8A,,0,Unregistered,,,,,0,1.0,0
PROP-479C3D75801A,RERA-DEL-44061318,1,Ongoing,32.0,35.0,91.4,220.0,13,0.692,0
PROP-8891FF878860,,0,Unregistered,,,,,0,1.0,0
PROP-771E1DFD65E3,,0,Unregistered,,,,,0,1.0,0
PROP-7FEA659C05B5,,0,Unregistered,,,,,0,1.0,0
PROP-D2167AEF155A,,0,Unregistered,,,,,0,1.0,0
PROP-4573AD2763E3,,0,Unregistered,,,,,0,1.0,0
PROP-8795564E0A77,RERA-DEL-06846110,1,Ongoing,32.0,48.0,66.7,26.0,4,0.5,0
PROP-623A486EB874,,0,Unregistered,,,,,0,1.0,0
PROP-ECE1427ED4F9,,0,Unregistered,,,,,0,1.0,0
PROP-E4E347BF69C7,RERA-DEL-26921288,1,Ongoing,14.0,59.0,23.7,158.0,7,0.714,0
PROP-C6E858FF4ACB,,0,Unregistered,,,,,0,1.0,0
PROP-E5075CFC9B1C,,0,Unregistered,,,,,0,1.0,0
PROP-3760C2A4EBCF,RERA-DEL-63336715,1,Ongoing,25.0,30.0,83.3,81.0,15,0.4,0
PROP-62EB0659BD90,,0,Unregistered,,,,,0,1.0,0
PROP-16CC22C7D05E,,0,Unregistered,,,,,0,1.0,0
PROP-0BD9F0CB2C1B,,0,Unregistered,,,,,0,1.0,0
PROP-37B9B0CBF021,,0,Unregistered,,,,,0,1.0,0
PROP-4D6FA16E4065,,0,Unregistered,,,,,0,1.0,0
PROP-E23F91CE2337,,0,Unregistered,,,,,0,1.0,0
PROP-40000E6C9B17,,0,Unregistered,,,,,0,1.0,0
PROP-90C4A0CABC87,,0,Unregistered,,,,,0,1.0,0
PROP-12736A4F0142,,0,Unregistered,,,,,0,1.0,0
PROP-5BEAA167BC26,,0,Unregistered,,,,,0,1.0,0
PROP-BBC137179655,,0,Unregistered,,,,,0,1.0,0
PROP-19C54FF5BDBF,,0,Unregistered,,,,,0,1.0,0
PROP-4072FB0DF54F,RERA-DEL-73633795,1,Ongoing,17.0,24.0,70.8,264.0,55,0.164,0
PROP-E25932038153,,0,Unregistered,,,,,0,1.0,0
PROP-E48E74C52239,,0,Unregistered,,,,,0,1.0,0
PROP-55D3BDB6DA4F,,0,Unregistered,,,,,0,1.0,0
PROP-9262C8B1BF0E,RERA-DEL-52740505,1,Ongoing,23.0,50.0,46.0,79.0,15,0.667,1
PROP-F9AE26D399E0,,0,Unregistered,,,,,0,1.0,0
PROP-6074E5CB7A70,,0,Unregistered,,,,,0,1.0,0
PROP-F24437E24820,,0,Unregistered,,,,,0,1.0,0
PROP-1ECB2C470728,,0,Unregistered,,,,,0,1.0,0
PROP-D6BE86E896F9,,0,Unregistered,,,,,0,1.0,0
PROP-72C0C822BEDA,,0,Unregistered,,,,,0,1.0,0
PROP-BCC62E9D8CA7,,0,Unregistered,,,,,0,1.0,0
PROP-94F8017B3A20,RERA-DEL-61471444,1,Ongoing,14.0,46.0,30.4,79.0,9,0.444,0
PROP-BD7B66211C6C,,0,Unregistered,,,,,0,1.0,0
PROP-6E7913EB3D32,RERA-DEL-36724308,1,Ongoing,6.0,24.0,25.0,90.0,86,0.337,0
PROP-B2757C589F50,,0,Unregistered,,,,,0,1.0,0
PROP-EFD875D73A36,RERA-DEL-57801646,1,Ongoing,24.0,46.0,52.2,24.0,88,0.432,2
PROP-914456EC43ED,,0,Unregistered,,,,,0,1.0,0
PROP-2AE47906AB26,,0,Unregistered,,,,,0,1.0,0
PROP-BF118ED57912,,0,Unregistered,,,,,0,1.0,0
PROP-2E6FF74FD8BD,RERA-DEL-58794736,1,Ongoing,40.0,52.0,76.9,75.0,82,0.305,0
PROP-97620A160357,,0,Unregistered,,,,,0,1.0,0
PROP-F92ECC62D2AA,,0,Unregistered,,,,,0,1.0,0
PROP-AA93F3BB9C5D,,0,Unregistered,,,,,0,1.0,0
PROP-BDF4B9D4AC18,,0,Unregistered,,,,,0,1.0,0
PROP-AAA6D8989B61,,0,Unregistered,,,,,0,1.0,0
PROP-CAA8D428581E,,0,Unregistered,,,,,0,1.0,0
PROP-7C174A3733B8,,0,Unregistered,,,,,0,1.0,0
PROP-AC4FE8CFA13F,RERA-DEL-76803516,1,Ongoing,41.0,45.0,91.1,173.0,90,0.611,3
PROP-17989003F56A,,0,Unregistered,,,,,0,1.0,0
PROP-4067C8940872,RERA-DEL-76803516,1,Ongoing,26.0,45.0,57.8,173.0,87,0.379,1
PROP-B10BBD600E54,,0,Unregistered,,,,,0,1.0,0
PROP-D699F610C92F,RERA-DEL-99785889,1,Ongoing,27.0,58.0,46.6,62.0,6,0.5,1
PROP-6B7AD432C313,,0,Unregistered,,,,,0,1.0,0
PROP-254341295E71,,0,Unregistered,,,,,0,1.0,0
PROP-B97C59118B17,,0,Unregistered,,,,,0,1.0,0
PROP-48E34A31273D,,0,Unregistered,,,,,0,1.0,0
PROP-042EFD4DC426,RERA-DEL-57801646,1,Ongoing,24.0,46.0,52.2,24.0,89,0.472,2
PROP-29787F484A52,RERA-DEL-36859235,1,Completed,41.0,30.0,100.0,215.0,5,1.0,0
PROP-73AC180F6641,,0,Unregistered,,,,,0,1.0,0
PROP-A67A494938EA,,0,Unregistered,,,,,0,1.0,0
PROP-ECCF8E696E76,,0,Unregistered,,,,,0,1.0,0
PROP-BEE8E83EDD44,,0,Unregistered,,,,,0,1.0,0
PROP-5521C4787D00,,0,Unregistered,,,,,0,1.0,0
PROP-F92924B12BF9,,0,Unregistered,,,,,0,1.0,0
PROP-320E741DFF6C,,0,Unregistered,,,,,0,1.0,0
PROP-A3E975C10611,,0,Unregistered,,,,,0,1.0,0
PROP-CFFB76DF842B,,0,Unregistered,,,,,0,1.0,0
PROP-2699E2C58477,,0,Unregistered,,,,,0,1.0,0
PROP-028CD4A0810C,,0,Unregistered,,,,,0,1.0,0
PROP-05C3C94091AD,,0,Unregistered,,,,,0,1.0,0
PROP-39E6F6D320CF,RERA-DEL-48676784,1,Ongoing,34.0,46.0,73.9,216.0,24,0.5,0
PROP-25935D655E1C,,0,Unregistered,,,,,0,1.0,0
PROP-77E612EE5010,,0,Unregistered,,,,,0,1.0,0
PROP-74C352CDE5C2,RERA-DEL-22942552,1,Ongoing,22.0,59.0,37.3,22.0,30,0.1,0
PROP-D6969C6962EA,,0,Unregistered,,,,,0,1.0,0
PROP-7658D2B9A7BF,,0,Unregistered,,,,,0,1.0,0
PROP-25ACE83DFDCD,RERA-DEL-72179222,1,Ongoing,24.0,31.0,77.4,211.0,27,0.667,0
PROP-E0DC804C0B86,,0,Unregistered,,,,,0,1.0,0
PROP-DCDF1F96DBBD,,0,Unregistered,,,,,0,1.0,0
PROP-896B33221EFE,RERA-DEL-68130246,1,Ongoing,16.0,44.0,36.4,47.0,10,0.4,0
PROP-81F088C5B06E,,0,Unregistered,,,,,0,1.0,0
PROP-8B54A49BA724,,0,Unregistered,,,,,0,1.0,0
PROP-F4309AA752BE,,0,Unregistered,,,,,0,1.0,0
PROP-5AB3CCC319BB,RERA-DEL-73532433,1,Ongoing,7.0,57.0,12.3,26.0,11,0.636,0
PROP-D08739372267,,0,Unregistered,,,,,0,1.0,0
PROP-9537127B05C0,,0,Unregistered,,,,,0,1.0,0
PROP-1212F439B136,,0,Unregistered,,,,,0,1.0,0
PROP-D8C23C4EFDE9,,0,Unregistered,,,,,0,1.0,0
PROP-EE3A2B310FA4,,0,Unregistered,,,,,0,1.0,0
PROP-19C422615BAA,,0,Unregistered,,,,,0,1.0,0
PROP-EC5EC5B938A9,RERA-DEL-84743114,1,Completed,28.0,25.0,100.0,119.0,13,1.0,3
PROP-83A62A4C903D,,0,Unregistered,,,,,0,1.0,0
PROP-B4228A0769D7,,0,Unregistered,,,,,0,1.0,0
PROP-933EFD859FBC,,0,Unregistered,,,,,0,1.0,0
PROP-72794BDD040A,,0,Unregistered,,,,,0,1.0,0
PROP-979AA9C463D9,,0,Unregistered,,,,,0,1.0,0
PROP-52A6FDE77DFA,,0,Unregistered,,,,,0,1.0,0
PROP-DBACD2C42C44,,0,Unregistered,,,,,0,1.0,0
PROP-D2C0908B935D,RERA-DEL-04224609,1,Ongoing,15.0,24.0,62.5,244.0,10,0.8,2
PROP-F91BA169CE69,,0,Unregistered,,,,,0,1.0,0
PROP-1BF4AAED0959,RERA-DEL-93187395,1,Ongoing,37.0,43.0,86.0,194.0,48,0.146,0
PROP-6D4D590C87F4,,0,Unregistered,,,,,0,1.0,0
PROP-282B80456265,,0,Unregistered,,,,,0,1.0,0
PROP-5B3FD2BB0B99,,0,Unregistered,,,,,0,1.0,0
PROP-590232BED118,,0,Unregistered,,,,,0,1.0,0
PROP-C8CDAD5BBBF5,,0,Unregistered,,,,,0,1.0,0
PROP-20D4AFB81E68,,0,Unregistered,,,,,0,1.0,0
PROP-1F206B7DB35D,RERA-DEL-01085559,1,Ongoing,29.0,46.0,63.0,213.0,15,0.933,2
PROP-C51DD3CB67F1,,0,Unregistered,,,,,0,1.0,0
PROP-88A123C6BB36,,0,Unregistered,,,,,0,1.0,0
PROP-20EEEB7F1E76,,0,Unregistered,,,,,0,1.0,0
PROP-B33BDA2666D5,RERA-DEL-98858383,1,Ongoing,37.0,49.0,75.5,244.0,18,0.333,0
PROP-1C7161734D0A,,0,Unregistered,,,,,0,1.0,0
PROP-9D997747750A,,0,Unregistered,,,,,0,1.0,0
PROP-0E9F88E7CFD6,,0,Unregistered,,,,,0,1.0,0
PROP-7C1C95262DB7,,0,Unregistered,,,,,0,1.0,0
PROP-805557F2B17F,,0,Unregistered,,,,,0,1.0,0
PROP-D25A2305C46B,,0,Unregistered,,,,,0,1.0,0
PROP-1BA50C88B9CE,,0,Unregistered,,,,,0,1.0,0
PROP-1CC959DF0392,,0,Unregistered,,,,,0,1.0,0
PROP-894D05E81F8C,,0,Unregistered,,,,,0,1.0,0
PROP-9740A2925460,,0,Unregistered,,,,,0,1.0,0
PROP-9EA64F24B21A,,0,Unregistered,,,,,0,1.0,0
PROP-7FEE8918F746,,0,Unregistered,,,,,0,1.0,0
PROP-A721EC972FBE,,0,Unregistered,,,,,0,1.0,0
PROP-BDDE30E09C3B,,0,Unregistered,,,,,0,1.0,0
PROP-20923FA2CB01,,0,Unregistered,,,,,0,1.0,0
PROP-450FE548E75E,RERA-DEL-61275028,1,Completed,39.0,30.0,100.0,47.0,5,0.8,2
PROP-552E27E4E2FE,,0,Unregistered,,,,,0,1.0,0
PROP-287689C35754,,0,Unregistered,,,,,0,1.0,0
PROP-3296E4666488,,0,Unregistered,,,,,0,1.0,0
PROP-6A1E70AA5CFE,,0,Unregistered,,,,,0,1.0,0
PROP-49842AC2DD32,,0,Unregistered,,,,,0,1.0,0
PROP-582808500BF1,,0,Unregistered,,,,,0,1.0,0
PROP-17D5FD1A5980,RERA-DEL-82436892,1,Ongoing,30.0,37.0,81.1,59.0,14,0.857,2
PROP-E810F9F8468A,,0,Unregistered,,,,,0,1.0,0
PROP-3FD2E02D958C,,0,Unregistered,,,,,0,1.0,0
PROP-1211F8871F29,,0,Unregistered,,,,,0,1.0,0
PROP-90B290F6FFDD,,0,Unregistered,,,,,0,1.0,0
PROP-759B1C709380,,0,Unregistered,,,,,0,1.0,0
PROP-998FD5811104,,0,Unregistered,,,,,0,1.0,0
PROP-ADC319DDB1CF,,0,Unregistered,,,,,0,1.0,0
PROP-53362A4D6A74,,0,Unregistered,,,,,0,1.0,0
PROP-53C442DE41D4,,0,Unregistered,,,,,0,1.0,0
PROP-2576499F1A11,RERA-DEL-41753498,1,Ongoing,8.0,28.0,28.6,31.0,11,0.727,2
PROP-56B86891A5DA,,0,Unregistered,,,,,0,1.0,0
PROP-BB1A42052464,,0,Unregistered,,,,,0,1.0,0
PROP-7738C2D066E5,,0,Unregistered,,,,,0,1.0,0
PROP-BA00F3582FAC,,0,Unregistered,,,,,0,1.0,0
PROP-10B3F7846261,,0,Unregistered,,,,,0,1.0,0
PROP-AA441C9659B2,,0,Unregistered,,,,,0,1.0,0
PROP-1B1FF8F3C3BA,,0,Unregistered,,,,,0,1.0,0
PROP-35F055A640FC,,0,Unregistered,,,,,0,1.0,0
PROP-273866F1255A,RERA-DEL-93187395,1,Ongoing,37.0,43.0,86.0,194.0,90,0.689,3
PROP-CD5F861DFC1E,RERA-DEL-35264812,1,Ongoing,22.0,44.0,50.0,36.0,22,0.727,1
PROP-E6DF6DA88276,,0,Unregistered,,,,,0,1.0,0
PROP-293C757721AB,,0,Unregistered,,,,,0,1.0,0
PROP-6B48C2D1ECDB,RERA-DEL-45851714,1,Ongoing,16.0,58.0,27.6,41.0,15,0.8,1
PROP-FE0AE8D1769D,RERA-DEL-31122441,1,Ongoing,37.0,73.0,50.7,251.0,87,0.379,1
PROP-502125E8148D,,0,Unregistered,,,,,0,1.0,0
PROP-20066B54B861,,0,Unregistered,,,,,0,1.0,0
PROP-6E2346C87A35,,0,Unregistered,,,,,0,1.0,0
PROP-8321C265D6DD,RERA-DEL-58794736,1,Completed,58.0,52.0,100.0,75.0,89,0.573,2
PROP-6BF8989B7261,,0,Unregistered,,,,,0,1.0,0
PROP-48E9CE227720,,0,Unregistered,,,,,0,1.0,0
PROP-EDDDEDD9DD42,RERA-DEL-29647917,1,Completed,72.0,31.0,100.0,137.0,10,0.8,0
PROP-28DEECE1BF8F,RERA-DEL-98279066,1,Ongoing,24.0,48.0,50.0,157.0,9,0.778,0
PROP-A06E5F18DEC8,RERA-DEL-29647917,1,Ongoing,27.0,31.0,87.1,137.0,8,0.75,0
PROP-3470C6246477,,0,Unregistered,,,,,0,1.0,0
PROP-CD6EB10A8A9C,,0,Unregistered,,,,,0,1.0,0
PROP-7467ECA4EF22,,0,Unregistered,,,,,0,1.0,0
PROP-4194E6191A3B,,0,Unregistered,,,,,0,1.0,0
PROP-B7400FA32E14,,0,Unregistered,,,,,0,1.0,0
PROP-81337294428B,,0,Unregistered,,,,,0,1.0,0
PROP-5E1A8D49AF54,RERA-DEL-12741288,1,Completed,82.0,46.0,100.0,47.0,12,1.0,4
PROP-846DB9EEDF9C,RERA-DEL-01204492,1,Ongoing,6.0,33.0,18.2,131.0,15,0.6,0
PROP-CBA92F4A5F80,RERA-DEL-46904930,1,Completed,50.0,36.0,100.0,112.0,6,0.833,1
PROP-4F4E58F2E6AF,,0,Unregistered,,,,,0,1.0,0
PROP-000227284A55,,0,Unregistered,,,,,0,1.0,0
PROP-D266F6BD0ABE,,0,Unregistered,,,,,0,1.0,0
PROP-E31B213DA46A,,0,Unregistered,,,,,0,1.0,0
PROP-68A1E9DDDBEE,,0,Unregistered,,,,,0,1.0,0
PROP-DD36A602315A,RERA-DEL-57517017,1,Ongoing,15.0,42.0,35.7,83.0,14,0.5,0
PROP-1BB2D54C32FB,,0,Unregistered,,,,,0,1.0,0
PROP-398D23A73527,,0,Unregistered,,,,,0,1.0,0
PROP-5FFF972493E8,,0,Unregistered,,,,,0,1.0,0
PROP-C1D6CE96163B,,0,Unregistered,,,,,0,1.0,0
PROP-1728ADFFE3A6,RERA-DEL-89323879,1,Ongoing,25.0,33.0,75.8,119.0,89,0.517,2
PROP-7AEC3D8AF51E,RERA-DEL-12741288,1,Ongoing,34.0,46.0,73.9,47.0,11,0.455,0
PROP-3823DDF935AF,,0,Unregistered,,,,,0,1.0,0
PROP-745990587C5B,,0,Unregistered,,,,,0,1.0,0
PROP-33A32ECC59E8,,0,Unregistered,,,,,0,1.0,0
PROP-59C0B66AB512,,0,Unregistered,,,,,0,1.0,0
PROP-9E81EF174828,,0,Unregistered,,,,,0,1.0,0
PROP-7918A0543BED,,0,Unregistered,,,,,0,1.0,0
PROP-60EC457D0936,,0,Unregistered,,,,,0,1.0,0
PROP-6F901CE1707C,,0,Unregistered,,,,,0,1.0,0
PROP-B8CCA5B077EC,,0,Unregistered,,,,,0,1.0,0
PROP-39E81FB8972D,RERA-DEL-25906804,1,Ongoing,18.0,40.0,45.0,115.0,27,0.741,0
PROP-B225A8C6224E,RERA-DEL-08132743,1,Ongoing,33.0,39.0,84.6,56.0,4,0.25,0
PROP-1B72B6E9EDBF,,0,Unregistered,,,,,0,1.0,0
PROP-8E56F9D006D4,RERA-DEL-76803516,1,Ongoing,26.0,45.0,57.8,173.0,86,0.337,0
PROP-B78800F491B9,,0,Unregistered,,,,,0,1.0,0
PROP-B03B3B46D32E,,0,Unregistered,,,,,0,1.0,0
PROP-3253F7DCACDC,,0,Unregistered,,,,,0,1.0,0
PROP-E07545FB994B,,0,Unregistered,,,,,0,1.0,0
PROP-5A133BACF6BE,,0,Unregistered,,,,,0,1.0,0
PROP-D106EFBB1FB7,,0,Unregistered,,,,,0,1.0,0
PROP-1355605F38C5,,0,Unregistered,,,,,0,1.0,0
PROP-61B8A9AEFA98,,0,Unregistered,,,,,0,1.0,0
PROP-C42F61D7812F,,0,Unregistered,,,,,0,1.0,0
PROP-676C42CA4778,RERA-DEL-12646427,1,Ongoing,25.0,33.0,75.8,160.0,11,0.364,0
PROP-A08BC850FD3D,,0,Unregistered,,,,,0,1.0,0
PROP-372A2F4351B9,,0,Unregistered,,,,,0,1.0,0
PROP-20BB187570CC,,0,Unregistered,,,,,0,1.0,0
PROP-0EBA19EF740C,,0,Unregistered,,,,,0,1.0,0
PROP-D5C014EAD97E,,0,Unregistered,,,,,0,1.0,0
PROP-46EEF5F879C0,,0,Unregistered,,,,,0,1.0,0
PROP-D51585FA641A,,0,Unregistered,,,,,0,1.0,0
PROP-2C60ABC5A4FD,RERA-DEL-42235426,1,Ongoing,16.0,53.0,30.2,64.0,8,0.875,0
PROP-1FE024C16000,,0,Unregistered,,,,,0,1.0,0
PROP-E9539E4B5285,,0,Unregistered,,,,,0,1.0,0
PROP-3BC470DF3E55,,0,Unregistered,,,,,0,1.0,0
PROP-4F05BDF246E9,,0,Unregistered,,,,,0,1.0,0
PROP-762D7C1106F9,,0,Unregistered,,,,,0,1.0,0
PROP-3A525EDA554C,,0,Unregistered,,,,,0,1.0,0
PROP-0A6C33856758,RERA-DEL-63336715,1,Completed,58.0,30.0,100.0,81.0,17,0.824,0
PROP-97C92653EB1E,RERA-DEL-89323879,1,Completed,37.0,33.0,100.0,119.0,90,0.722,3
PROP-214CE85D66CF,,0,Unregistered,,,,,0,1.0,0
PROP-53D5A88CABF0,,0,Unregistered,,,,,0,1.0,0
PROP-E7641CA5BDDE,,0,Unregistered,,,,,0,1.0,0
PROP-E8BBAB4BD9FD,,0,Unregistered,,,,,0,1.0,0
PROP-157700681B80,,0,Unregistered,,,,,0,1.0,0
PROP-8C48FB13E61D,,0,Unregistered,,,,,0,1.0,0
PROP-2206F339B89A,,0,Unregistered,,,,,0,1.0,0
PROP-91050CC73B1E,,0,Unregistered,,,,,0,1.0,0
PROP-C02F4D4BCC19,,0,Unregistered,,,,,0,1.0,0
PROP-A4D9A0349176,RERA-DEL-76319720,1,Ongoing,14.0,31.0,45.2,21.0,9,0.778,0
PROP-84641BD5411C,,0,Unregistered,,,,,0,1.0,0
PROP-EDFC1FA0B6ED,,0,Unregistered,,,,,0,1.0,0
PROP-9EEE4BA2F0CF,RERA-DEL-47398215,1,Ongoing,37.0,59.0,62.7,172.0,11,0.636,0
PROP-B4EC623C09EA,,0,Unregistered,,,,,0,1.0,0
PROP-0535CAF1FAC7,RERA-DEL-57801646,1,Ongoing,24.0,46.0,52.2,24.0,86,0.337,0
PROP-B49C49503C99,,0,Unregistered,,,,,0,1.0,0
PROP-737058C691EB,,0,Unregistered,,,,,0,1.0,0
PROP-B995BC01E4D5,,0,Unregistered,,,,,0,1.0,0
PROP-14D04B065EFF,,0,Unregistered,,,,,0,1.0,0
PROP-EEB0A10DCBCC,RERA-DEL-81797625,1,Ongoing,31.0,52.0,59.6,52.0,10,0.5,0
PROP-7BF33A665DCB,,0,Unregistered,,,,,0,1.0,0
PROP-127BFE798BE3,RERA-DEL-98064329,1,Ongoing,11.0,54.0,20.4,133.0,24,0.458,0
PROP-0D33B9F918C9,RERA-DEL-55181975,1,Ongoing,29.0,45.0,64.4,30.0,15,0.867,3
PROP-903170F7CB0F,,0,Unregistered,,,,,0,1.0,0
PROP-49D4FAFE2404,,0,Unregistered,,,,,0,1.0,0
PROP-E19F9BAD3AE8,RERA-DEL-42612334,1,Ongoing,41.0,56.0,73.2,130.0,10,0.7,2
PROP-8C1C2089D53A,RERA-DEL-12276659,1,Ongoing,29.0,59.0,49.2,88.0,10,0.7,0
PROP-3B84C0E541C7,,0,Unregistered,,,,,0,1.0,0
PROP-07B3294DA6EF,,0,Unregistered,,,,,0,1.0,0
PROP-64CCFBC62641,RERA-DEL-57801646,1,Ongoing,24.0,46.0,52.2,24.0,48,0.146,0
PROP-F8ABF62903AE,RERA-DEL-42831589,1,Ongoing,31.0,32.0,96.9,33.0,7,0.714,1
PROP-94B272C1C697,,0,Unregistered,,,,,0,1.0,0
PROP-108E705E689F,,0,Unregistered,,,,,0,1.0,0
PROP-69C97100740E,,0,Unregistered,,,,,0,1.0,0
PROP-A547147D32EF,RERA-DEL-38553489,1,Ongoing,15.0,43.0,34.9,78.0,9,0.333,0
PROP-958B701E7728,,0,Unregistered,,,,,0,1.0,0
PROP-8CD5EC64B8C9,,0,Unregistered,,,,,0,1.0,0
PROP-C8BCFD4FFABE,RERA-DEL-76803516,1,Ongoing,26.0,45.0,57.8,173.0,82,0.305,0
PROP-9F32941833A5,,0,Unregistered,,,,,0,1.0,0
PROP-4F55453B9ED7,,0,Unregistered,,,,,0,1.0,0
PROP-00D21E715BA4,,0,Unregistered,,,,,0,1.0,0
PROP-6715FA45A16B,,0,Unregistered,,,,,0,1.0,0
PROP-DC78E858B7CB,,0,Unregistered,,,,,0,1.0,0
PROP-6B359A4000AA,,0,Unregistered,,,,,0,1.0,0
PROP-738B04745052,,0,Unregistered,,,,,0,1.0,0
PROP-46ED7963FD46,,0,Unregistered,,,,,0,1.0,0
PROP-46C816D1054E,,0,Unregistered,,,,,0,1.0,0
PROP-E2A60BE0FE64,,0,Unregistered,,,,,0,1.0,0
PROP-FB7FA2BB14A0,,0,Unregistered,,,,,0,1.0,0
PROP-E0385DACF2EC,,0,Unregistered,,,,,0,1.0,0
PROP-FE13381AD603,,0,Unregistered,,,,,0,1.0,0
PROP-EEA0F92BFA07,RERA-DEL-42612334,1,Ongoing,20.0,56.0,35.7,130.0,10,0.5,0
PROP-7D135280347A,,0,Unregistered,,,,,0,1.0,0
PROP-162B02D693C3,,0,Unregistered,,,,,0,1.0,0
PROP-73D74490A550,,0,Unregistered,,,,,0,1.0,0
PROP-9DD39628BD5C,,0,Unregistered,,,,,0,1.0,0
PROP-26B0E3183C74,,0,Unregistered,,,,,0,1.0,0
PROP-75C5EE92194A,,0,Unregistered,,,,,0,1.0,0
PROP-11AB556E1B7F,,0,Unregistered,,,,,0,1.0,0
PROP-95D54E473276,RERA-DEL-80321787,1,Completed,33.0,25.0,100.0,48.0,48,0.146,0
PROP-E66E224CEF19,,0,Unregistered,,,,,0,1.0,0
PROP-262EB7B0D771,RERA-DEL-25186797,1,Ongoing,11.0,31.0,35.5,196.0,6,0.167,0
PROP-D1B2F895F2EB,,0,Unregistered,,,,,0,1.0,0
PROP-82D45243A444,,0,Unregistered,,,,,0,1.0,0
PROP-8F2A49BC74A3,,0,Unregistered,,,,,0,1.0,0
PROP-7F39E980C902,,0,Unregistered,,,,,0,1.0,0
PROP-D4467222C0F9,RERA-DEL-40132614,1,Ongoing,8.0,35.0,22.9,133.0,89,0.573,2
PROP-0CBC4854F792,RERA-DEL-02379814,1,Ongoing,36.0,38.0,94.7,58.0,5,0.8,1
PROP-59CBC1D6774B,RERA-DEL-13976910,1,Ongoing,28.0,53.0,52.8,35.0,14,0.714,1
PROP-B1B675E8142D,,0,Unregistered,,,,,0,1.0,0
PROP-723AFBB2973C,,0,Unregistered,,,,,0,1.0,0
PROP-58B6B62941AD,,0,Unregistered,,,,,0,1.0,0
PROP-44E693DB18FE,,0,Unregistered,,,,,0,1.0,0
PROP-ED813BF821A6,,0,Unregistered,,,,,0,1.0,0
PROP-089E4346BF75,,0,Unregistered,,,,,0,1.0,0
PROP-4AA7684F1488,RERA-DEL-93187395,1,Ongoing,37.0,43.0,86.0,194.0,87,0.379,1
PROP-69C3331D7873,RERA-DEL-18039914,1,Ongoing,40.0,49.0,81.6,110.0,5,0.6,0
PROP-3A2F20591B14,,0,Unregistered,,,,,0,1.0,0
PROP-0FA6DEC053FD,,0,Unregistered,,,,,0,1.0,0
PROP-943FD95F8EAB,,0,Unregistered,,,,,0,1.0,0
PROP-32FC177241AD,RERA-DEL-13762406,1,Ongoing,40.0,47.0,85.1,101.0,17,0.412,0
PROP-AC484A704763,RERA-DEL-06723264,1,Ongoing,28.0,46.0,60.9,42.0,9,0.778,0
PROP-C935897EA31C,RERA-DEL-06723264,1,Ongoing,22.0,46.0,47.8,42.0,9,0.667,0
PROP-EBB27C120F4D,,0,Unregistered,,,,,0,1.0,0
PROP-BC27555666D6,,0,Unregistered,,,,,0,1.0,0
PROP-C9CE9E1BE5F1,RERA-DEL-03582200,1,Completed,30.0,26.0,100.0,74.0,14,0.214,0
PROP-473A60EABD96,,0,Unregistered,,,,,0,1.0,0
PROP-AC35FE2E863B,,0,Unregistered,,,,,0,1.0,0
PROP-B1D5055D16F0,,0,Unregistered,,,,,0,1.0,0
PROP-4A16392BC138,,0,Unregistered,,,,,0,1.0,0
PROP-C4EE8887A689,,0,Unregistered,,,,,0,1.0,0
PROP-536072C845CF,,0,Unregistered,,,,,0,1.0,0
PROP-D1007B77BD55,RERA-DEL-03188213,1,Ongoing,31.0,32.0,96.9,28.0,16,0.812,2
PROP-239E25FDEE2E,RERA-DEL-04963300,1,Ongoing,26.0,39.0,66.7,24.0,23,0.478,0
PROP-2AA7FE5DF11E,,0,Unregistered,,,,,0,1.0,0
PROP-EE42602BC1DA,,0,Unregistered,,,,,0,1.0,0
PROP-B8D7EF8F1CF6,,0,Unregistered,,,,,0,1.0,0
PROP-0707ECB00886,,0,Unregistered,,,,,0,1.0,0
PROP-40B8AAB716B5,,0,Unregistered,,,,,0,1.0,0
PROP-9C0494989865,,0,Unregistered,,,,,0,1.0,0
PROP-5FBE7C83FD8A,,0,Unregistered,,,,,0,1.0,0
PROP-BA401F39E109,RERA-DEL-11000160,1,Completed,34.0,24.0,100.0,140.0,9,0.889,1
PROP-3771E212EE6C,,0,Unregistered,,,,,0,1.0,0
PROP-F9E0FF6B4D86,RERA-DEL-98172759,1,Ongoing,41.0,60.0,68.3,35.0,14,0.714,0
PROP-B6A346B955EC,,0,Unregistered,,,,,0,1.0,0
PROP-3EB3CBE9E9B3,,0,Unregistered,,,,,0,1.0,0
PROP-ABC5A3DB50CB,RERA-DEL-04544651,1,Completed,41.0,24.0,100.0,113.0,9,0.667,0
PROP-242E8DAFB0D2,,0,Unregistered,,,,,0,1.0,0
PROP-6A6FAAAA871F,,0,Unregistered,,,,,0,1.0,0
PROP-A67E3AACE831,,0,Unregistered,,,,,0,1.0,0
PROP-8C80456151F1,,0,Unregistered,,,,,0,1.0,0
PROP-05F21C0AB51B,,0,Unregistered,,,,,0,1.0,0
PROP-8D5ECD736CDD,RERA-DEL-39674946,1,Ongoing,12.0,41.0,29.3,86.0,20,0.25,0
PROP-468179C5D1E4,,0,Unregistered,,,,,0,1.0,0
PROP-8AB32E3DCFB2,,0,Unregistered,,,,,0,1.0,0
PROP-BED17B538DE1,,0,Unregistered,,,,,0,1.0,0
PROP-DF0C747C508F,,0,Unregistered,,,,,0,1.0,0
PROP-8A5AEA8A0508,,0,Unregistered,,,,,0,1.0,0
PROP-7B8160A15414,,0,Unregistered,,,,,0,1.0,0
PROP-A7FA60D674BC,RERA-DEL-39207485,1,Completed,39.0,34.0,100.0,18.0,16,0.5,0
PROP-4CD25030D02F,,0,Unregistered,,,,,0,1.0,0
PROP-2C5A2A34CE01,,0,Unregistered,,,,,0,1.0,0
PROP-B999F27E41BF,,0,Unregistered,,,,,0,1.0,0
PROP-455D9123EBA4,,0,Unregistered,,,,,0,1.0,0
PROP-635EB13EA470,RERA-DEL-76803516,1,Ongoing,26.0,45.0,57.8,173.0,48,0.146,0
PROP-6A7EA85260A1,,0,Unregistered,,,,,0,1.0,0
PROP-E3C7480A33D6,,0,Unregistered,,,,,0,1.0,0
PROP-56E474E660FC,,0,Unregistered,,,,,0,1.0,0
PROP-C1BCC9332735,,0,Unregistered,,,,,0,1.0,0
PROP-06C7A26820EE,,0,Unregistered,,,,,0,1.0,0
PROP-23CCF3ECB318,,0,Unregistered,,,,,0,1.0,0
PROP-BD0EFDD55941,,0,Unregistered,,,,,0,1.0,0
PROP-6D810D4607DD,,0,Unregistered,,,,,0,1.0,0
PROP-C31DB34FF0D3,,0,Unregistered,,,,,0,1.0,0
PROP-FE554730CDDA,RERA-DEL-89055172,1,Completed,34.0,34.0,100.0,122.0,11,0.818,0
PROP-5977E7E1E977,,0,Unregistered,,,,,0,1.0,0
PROP-A44AB0F92F57,,0,Unregistered,,,,,0,1.0,0
PROP-ED6A17A2E494,,0,Unregistered,,,,,0,1.0,0
PROP-F510311D1E27,,0,Unregistered,,,,,0,1.0,0
PROP-246377AFCB21,,0,Unregistered,,,,,0,1.0,0
PROP-3AB12F84366F,RERA-DEL-00635620,1,Ongoing,38.0,47.0,80.9,63.0,90,0.689,3
PROP-E6A82357ED3E,,0,Unregistered,,,,,0,1.0,0
PROP-729166C1D8E1,,0,Unregistered,,,,,0,1.0,0
PROP-B5E60FCBFC15,RERA-DEL-58106545,1,Completed,39.0,35.0,100.0,156.0,14,0.929,1
PROP-E2E4BD34C84D,RERA-DEL-90101404,1,Ongoing,30.0,44.0,68.2,83.0,15,0.533,0
PROP-B4697143CD46,,0,Unregistered,,,,,0,1.0,0
PROP-96ACFA82F1E2,,0,Unregistered,,,,,0,1.0,0
PROP-ED067BF8B1C3,,0,Unregistered,,,,,0,1.0,0
PROP-C25EC1A65564,,0,Unregistered,,,,,0,1.0,0
PROP-CC63B1AB551F,,0,Unregistered,,,,,0,1.0,0
PROP-3A813D3650D4,RERA-DEL-57801646,1,Ongoing,24.0,46.0,52.2,24.0,55,0.164,0
PROP-AE3A7FB13428,,0,Unregistered,,,,,0,1.0,0
PROP-A4D6700F61A1,,0,Unregistered,,,,,0,1.0,0
PROP-8997AD0B9FA7,,0,Unregistered,,,,,0,1.0,0
PROP-12473BF4436D,RERA-DEL-46904930,1,Completed,50.0,36.0,100.0,112.0,6,0.833,1
PROP-5A6427216B41,,0,Unregistered,,,,,0,1.0,0
PROP-19031B804DE8,,0,Unregistered,,,,,0,1.0,0
PROP-A88BB4379519,,0,Unregistered,,,,,0,1.0,0
PROP-D4C15B7AA86E,,0,Unregistered,,,,,0,1.0,0
PROP-DE7E09588887,RERA-DEL-13678111,1,Ongoing,13.0,46.0,28.3,114.0,14,0.5,0
PROP-975FD8A711E3,,0,Unregistered,,,,,0,1.0,0
PROP-8DFDEBBCF846,,0,Unregistered,,,,,0,1.0,0
PROP-B00E74D0F22D,,0,Unregistered,,,,,0,1.0,0
PROP-8C9CC2A38116,,0,Unregistered,,,,,0,1.0,0
PROP-B599B1954608,,0,Unregistered,,,,,0,1.0,0
PROP-EE6C4F80095E,,0,Unregistered,,,,,0,1.0,0
PROP-19BA84F568AF,RERA-DEL-57801646,1,Ongoing,24.0,46.0,52.2,24.0,48,0.146,0
PROP-6171ED7EF542,,0,Unregistered,,,,,0,1.0,0
PROP-BBBD4B496738,,0,Unregistered,,,,,0,1.0,0
PROP-B8E54493D89F,RERA-DEL-47131043,1,Ongoing,29.0,57.0,50.9,64.0,11,0.182,0
PROP-F72F006C0A67,,0,Unregistered,,,,,0,1.0,0
PROP-B2DC063C2008,RERA-DEL-21342339,1,Ongoing,37.0,47.0,78.7,176.0,12,0.333,0
PROP-D935080AFBEE,,0,Unregistered,,,,,0,1.0,0
PROP-FD67BD00167E,,0,Unregistered,,,,,0,1.0,0
PROP-8D0ACAA3B664,RERA-DEL-70600287,1,Ongoing,37.0,45.0,82.2,82.0,75,0.2,0
PROP-BF4C557C8EAD,,0,Unregistered,,,,,0,1.0,0
PROP-07E92179B7D9,,0,Unregistered,,,,,0,1.0,0
PROP-1B11353AFBFD,RERA-DEL-36932067,1,Completed,37.0,37.0,100.0,57.0,17,0.353,0
PROP-65A568F8C6C3,,0,Unregistered,,,,,0,1.0,0
PROP-35A2BA103625,,0,Unregistered,,,,,0,1.0,0
PROP-9E416090CD1B,,0,Unregistered,,,,,0,1.0,0
PROP-5CF75179CDBB,,0,Unregistered,,,,,0,1.0,0
PROP-E6D6484BF620,,0,Unregistered,,,,,0,1.0,0
PROP-05ADBB061371,,0,Unregistered,,,,,0,1.0,0
PROP-0EC53738418F,,0,Unregistered,,,,,0,1.0,0
PROP-6FBADABA28E7,,0,Unregistered,,,,,0,1.0,0
PROP-91A5C082A239,,0,Unregistered,,,,,0,1.0,0
PROP-3B37A88FA0F9,RERA-DEL-89157716,1,Completed,55.0,42.0,100.0,223.0,6,0.833,2
PROP-74446614F02A,,0,Unregistered,,,,,0,1.0,0
PROP-9024E6B59AD1,,0,Unregistered,,,,,0,1.0,0
PROP-ACFAA860089D,,0,Unregistered,,,,,0,1.0,0
PROP-D16FB61DAB5B,,0,Unregistered,,,,,0,1.0,0
PROP-278844013E37,,0,Unregistered,,,,,0,1.0,0
PROP-28A35C76E09B,RERA-DEL-76803516,1,Ongoing,26.0,45.0,57.8,173.0,48,0.146,0
PROP-56CD627D0D22,,0,Unregistered,,,,,0,1.0,0
PROP-B4C7B87F975E,,0,Unregistered,,,,,0,1.0,0
PROP-FF381DEEA212,,0,Unregistered,,,,,0,1.0,0
PROP-CC6285CD59CE,RERA-DEL-86966635,1,Completed,29.0,28.0,100.0,26.0,8,0.75,0
PROP-22F97124E57E,,0,Unregistered,,,,,0,1.0,0
PROP-393FC1BCFA2E,,0,Unregistered,,,,,0,1.0,0
PROP-ECBEB890E686,,0,Unregistered,,,,,0,1.0,0
PROP-FB5D1AADF739,,0,Unregistered,,,,,0,1.0,0
PROP-E57B6AFA4D1A,,0,Unregistered,,,,,0,1.0,0
PROP-FA075C3B390B,,0,Unregistered,,,,,0,1.0,0
PROP-AFD2A272539B,,0,Unregistered,,,,,0,1.0,0
PROP-5073518DC4C4,,0,Unregistered,,,,,0,1.0,0
PROP-7ED9D16B4A84,,0,Unregistered,,,,,0,1.0,0
PROP-466AF358677D,,0,Unregistered,,,,,0,1.0,0
PROP-0635841F6D3C,,0,Unregistered,,,,,0,1.0,0
PROP-08005E9C2B3E,,0,Unregistered,,,,,0,1.0,0
PROP-138EA99B7136,,0,Unregistered,,,,,0,1.0,0
PROP-FAFAE77F0095,,0,Unregistered,,,,,0,1.0,0
PROP-436EE8E1CBE7,,0,Unregistered,,,,,0,1.0,0
PROP-84F443D9FE7C,,0,Unregistered,,,,,0,1.0,0
PROP-D634AA61831A,RERA-DEL-50579669,1,Ongoing,19.0,32.0,59.4,148.0,10,0.7,1
PROP-877013BCA83A,,0,Unregistered,,,,,0,1.0,0
PROP-16A02F189254,,0,Unregistered,,,,,0,1.0,0
PROP-58E6F72FD497,,0,Unregistered,,,,,0,1.0,0
PROP-F5B2923FF5D2,,0,Unregistered,,,,,0,1.0,0
PROP-A208C676A6D6,,0,Unregistered,,,,,0,1.0,0
PROP-195FDAF2FB4E,,0,Unregistered,,,,,0,1.0,0
PROP-2BD3DCFC4E20,,0,Unregistered,,,,,0,1.0,0
PROP-9D58F7F27BEA,,0,Unregistered,,,,,0,1.0,0
PROP-8650D77D03F2,,0,Unregistered,,,,,0,1.0,0
PROP-4DD00D1740F9,,0,Unregistered,,,,,0,1.0,0
PROP-958AC097DB24,,0,Unregistered,,,,,0,1.0,0
PROP-731A2F56E657,,0,Unregistered,,,,,0,1.0,0
PROP-34A272FE93B7,,0,Unregistered,,,,,0,1.0,0
PROP-880CEB87E272,,0,Unregistered,,,,,0,1.0,0
PROP-679AC0C9D773,,0,Unregistered,,,,,0,1.0,0
PROP-EE1F7B50872B,RERA-DEL-34064622,1,Completed,32.0,25.0,100.0,93.0,16,0.5,0
PROP-7BC1C7973745,RERA-DEL-40669655,1,Ongoing,21.0,43.0,48.8,200.0,11,0.727,0
PROP-35BB574F9F58,,0,Unregistered,,,,,0,1.0,0
PROP-17BED5C33315,RERA-DEL-98279066,1,Ongoing,30.0,48.0,62.5,157.0,9,0.778,0
PROP-716C1C3869B8,,0,Unregistered,,,,,0,1.0,0
PROP-54B639EB1037,,0,Unregistered,,,,,0,1.0,0
PROP-241ABE4D826E,RERA-DEL-31122441,1,Ongoing,52.0,73.0,71.2,251.0,90,0.611,3
PROP-C95A79983804,,0,Unregistered,,,,,0,1.0,0
PROP-D84C06FCBEC6,,0,Unregistered,,,,,0,1.0,0
PROP-BB84CB2BB38E,,0,Unregistered,,,,,0,1.0,0
PROP-4A9B133734C3,,0,Unregistered,,,,,0,1.0,0
PROP-B89B0E1A51C3,,0,Unregistered,,,,,0,1.0,0
PROP-37C83F24537E,RERA-DEL-21209101,1,Ongoing,15.0,31.0,48.4,155.0,48,0.146,0
PROP-9EC06CDE3FE5,,0,Unregistered,,,,,0,1.0,0
PROP-AD44D7750C5C,,0,Unregistered,,,,,0,1.0,0
PROP-7E4E30F5CDFA,,0,Unregistered,,,,,0,1.0,0
PROP-1CD9E0CD67BA,RERA-DEL-07504744,1,Ongoing,10.0,43.0,23.3,107.0,11,0.545,0
PROP-A39B58DD3D8D,RERA-DEL-27070580,1,Completed,63.0,48.0,100.0,106.0,10,1.0,3
PROP-E536BB4B5B21,,0,Unregistered,,,,,0,1.0,0
PROP-68F2A808349D,,0,Unregistered,,,,,0,1.0,0
PROP-8F3FDCAF7F39,,0,Unregistered,,,,,0,1.0,0
PROP-307C6737242B,,0,Unregistered,,,,,0,1.0,0
PROP-F65690F2ABD0,,0,Unregistered,,,,,0,1.0,0
PROP-A7999232B5E4,,0,Unregistered,,,,,0,1.0,0
PROP-66302A7632CF,,0,Unregistered,,,,,0,1.0,0
PROP-5D265814543E,,0,Unregistered,,,,,0,1.0,0
PROP-8D7EF453F020,,0,Unregistered,,,,,0,1.0,0
PROP-839AF4064A0D,,0,Unregistered,,,,,0,1.0,0
PROP-696D6304721C,,0,Unregistered,,,,,0,1.0,0
PROP-B68DD5AC1AF2,,0,Unregistered,,,,,0,1.0,0
PROP-A5742665C7B2,,0,Unregistered,,,,,0,1.0,0
PROP-02885E29E6E6,,0,Unregistered,,,,,0,1.0,0
PROP-6DECCB0C8BA2,,0,Unregistered,,,,,0,1.0,0
PROP-D1F20278616A,,0,Unregistered,,,,,0,1.0,0
PROP-AABFB17B7D65,,0,Unregistered,,,,,0,1.0,0
PROP-C4FD0E7AF566,RERA-DEL-65139781,1,Ongoing,31.0,53.0,58.5,62.0,14,0.5,0
PROP-82FB416D268D,RERA-DEL-76803516,1,Ongoing,26.0,45.0,57.8,173.0,63,0.175,0
PROP-1BE7E0CBCE41,,0,Unregistered,,,,,0,1.0,0
PROP-B69A54FA2B79,,0,Unregistered,,,,,0,1.0,0
PROP-A5130E55164A,,0,Unregistered,,,,,0,1.0,0
PROP-029C14FB671B,,0,Unregistered,,,,,0,1.0,0
PROP-18691DEDBB22,,0,Unregistered,,,,,0,1.0,0
PROP-0C83D872A2B6,RERA-DEL-57801646,1,Ongoing,24.0,46.0,52.2,24.0,88,0.432,2
PROP-8A7D7FB7C618,,0,Unregistered,,,,,0,1.0,0
PROP-3AB4A20C068F,RERA-DEL-67621623,1,Ongoing,17.0,55.0,30.9,35.0,17,0.235,0
PROP-A2CE2A190D11,,0,Unregistered,,,,,0,1.0,0
PROP-CF35A6139A44,RERA-DEL-11404748,1,Ongoing,22.0,60.0,36.7,156.0,5,0.8,1
PROP-044AB85B66BD,RERA-DEL-93187395,1,Ongoing,37.0,43.0,86.0,194.0,90,0.611,3
PROP-7EB237241262,,0,Unregistered,,,,,0,1.0,0
PROP-559ADCEFFC03,,0,Unregistered,,,,,0,1.0,0
PROP-FF857BF81E6E,,0,Unregistered,,,,,0,1.0,0
PROP-31E29FF66B52,,0,Unregistered,,,,,0,1.0,0
PROP-879269C215CD,,0,Unregistered,,,,,0,1.0,0
PROP-C86AD0AFD767,,0,Unregistered,,,,,0,1.0,0
PROP-4CB24B1A7F77,,0,Unregistered,,,,,0,1.0,0
PROP-DBBFAE6B0C09,,0,Unregistered,,,,,0,1.0,0
PROP-E1347252CBE3,,0,Unregistered,,,,,0,1.0,0
PROP-6C1BA666DB5C,,0,Unregistered,,,,,0,1.0,0
PROP-7F84A31206E7,RERA-DEL-15529850,1,Ongoing,16.0,35.0,45.7,24.0,11,0.545,0
PROP-70DFF3D37A56,,0,Unregistered,,,,,0,1.0,0
PROP-D1ECAC019D3E,,0,Unregistered,,,,,0,1.0,0
PROP-7CA7DCEACC90,,0,Unregistered,,,,,0,1.0,0
PROP-22FE79AFEBE4,,0,Unregistered,,,,,0,1.0,0
PROP-0B513B85D5FC,,0,Unregistered,,,,,0,1.0,0
PROP-F72BAAA45BAD,,0,Unregistered,,,,,0,1.0,0
PROP-F0513E15F390,,0,Unregistered,,,,,0,1.0,0
PROP-D0706C8D1125,,0,Unregistered,,,,,0,1.0,0
PROP-D121AA0C3AAA,,0,Unregistered,,,,,0,1.0,0
PROP-F199A2484588,,0,Unregistered,,,,,0,1.0,0
PROP-0B1D55847FE5,,0,Unregistered,,,,,0,1.0,0
PROP-B3D026B97011,,0,Unregistered,,,,,0,1.0,0
PROP-235A8C785338,,0,Unregistered,,,,,0,1.0,0
PROP-2E72DA46B322,,0,Unregistered,,,,,0,1.0,0
PROP-D676E746E42B,,0,Unregistered,,,,,0,1.0,0
PROP-3CCFB0787684,RERA-DEL-88118696,1,Ongoing,30.0,56.0,53.6,90.0,11,0.545,0
PROP-6D255EF087E8,,0,Unregistered,,,,,0,1.0,0
PROP-F1F9B7ED7424,,0,Unregistered,,,,,0,1.0,0
PROP-D61BBFBF56E2,,0,Unregistered,,,,,0,1.0,0
PROP-959624B1253A,,0,Unregistered,,,,,0,1.0,0
PROP-F5CB45D8CF6F,,0,Unregistered,,,,,0,1.0,0
PROP-E4DFCB86AC04,RERA-DEL-42883139,1,Ongoing,25.0,38.0,65.8,148.0,9,0.444,0
PROP-91B509DD234B,,0,Unregistered,,,,,0,1.0,0
PROP-C5C3B4BEAEB1,,0,Unregistered,,,,,0,1.0,0
PROP-D55950B2A27C,,0,Unregistered,,,,,0,1.0,0
PROP-81C09A6C6EAE,,0,Unregistered,,,,,0,1.0,0
PROP-6C820DE65EB9,,0,Unregistered,,,,,0,1.0,0
PROP-5FABD7B9D2A3,,0,Unregistered,,,,,0,1.0,0
PROP-0A1D104A6B22,RERA-DEL-76342934,1,Ongoing,41.0,60.0,68.3,162.0,7,0.429,0
PROP-49FDBFDC3CA2,,0,Unregistered,,,,,0,1.0,0
PROP-5A15969E04AC,,0,Unregistered,,,,,0,1.0,0
PROP-6898C5489F27,,0,Unregistered,,,,,0,1.0,0
PROP-1419EBCC9C10,,0,Unregistered,,,,,0,1.0,0
PROP-3819EC0ED052,,0,Unregistered,,,,,0,1.0,0
PROP-14B7E84EC415,RERA-DEL-40429916,1,Completed,34.0,30.0,100.0,230.0,90,0.722,3
PROP-C76DC7396011,,0,Unregistered,,,,,0,1.0,0
PROP-83C8C0F36E1C,,0,Unregistered,,,,,0,1.0,0
PROP-F207D5CD808B,,0,Unregistered,,,,,0,1.0,0
PROP-9F9A77B0B0ED,,0,Unregistered,,,,,0,1.0,0
PROP-CF51FA0D5DC0,,0,Unregistered,,,,,0,1.0,0
PROP-0E74734C91CC,,0,Unregistered,,,,,0,1.0,0
PROP-EA0D6158899E,RERA-DEL-69590064,1,Ongoing,38.0,43.0,88.4,98.0,8,0.5,0
PROP-3D21D2F1524A,,0,Unregistered,,,,,0,1.0,0
PROP-ED5359BE4667,,0,Unregistered,,,,,0,1.0,0
PROP-A6E8C948EB02,,0,Unregistered,,,,,0,1.0,0
PROP-B0A4036F9A05,RERA-DEL-50987892,1,Completed,53.0,25.0,100.0,146.0,25,0.64,0
PROP-E8F5A4E76F8A,RERA-DEL-91675440,1,Ongoing,34.0,52.0,65.4,189.0,13,0.538,0
PROP-ED3142B78877,,0,Unregistered,,,,,0,1.0,0
PROP-64F1DC9F7AFF,,0,Unregistered,,,,,0,1.0,0
PROP-E1EF509F935B,,0,Unregistered,,,,,0,1.0,0
PROP-0E86F3D01A91,,0,Unregistered,,,,,0,1.0,0
PROP-8B2520F534A9,RERA-DEL-16076560,1,Ongoing,10.0,55.0,18.2,187.0,11,0.727,0
PROP-F77DF3A87D13,,0,Unregistered,,,,,0,1.0,0
PROP-45EA70187843,RERA-DEL-29860005,1,Ongoing,31.0,45.0,68.9,33.0,7,0.571,0
PROP-458A6DD8A64D,,0,Unregistered,,,,,0,1.0,0
PROP-84679F5DEDCD,,0,Unregistered,,,,,0,1.0,0
PROP-3E26D485136C,RERA-DEL-31122441,1,Ongoing,34.0,73.0,46.6,251.0,86,0.337,0
PROP-DD9F4263FFD2,RERA-DEL-45560791,1,Ongoing,13.0,24.0,54.2,61.0,15,0.867,3
PROP-52F43E9C6FA3,RERA-DEL-60404107,1,Ongoing,21.0,35.0,60.0,56.0,9,0.556,0
PROP-00135F037FFC,RERA-DEL-12773177,1,Ongoing,23.0,28.0,82.1,205.0,72,0.181,0
PROP-EDF2C0704D5E,,0,Unregistered,,,,,0,1.0,0
PROP-BCA51229B6B8,,0,Unregistered,,,,,0,1.0,0
PROP-EDC3642869B7,,0,Unregistered,,,,,0,1.0,0
PROP-1F6DC96A3CA7,,0,Unregistered,,,,,0,1.0,0
PROP-6B3329DE0E25,,0,Unregistered,,,,,0,1.0,0
PROP-E040EFD0E5EF,,0,Unregistered,,,,,0,1.0,0
PROP-82282004A78B,RERA-DEL-17690939,1,Ongoing,13.0,27.0,48.1,46.0,17,0.294,0
PROP-13CF4411AE81,,0,Unregistered,,,,,0,1.0,0
PROP-948A1130F9DD,,0,Unregistered,,,,,0,1.0,0
PROP-689F4DBFAC80,,0,Unregistered,,,,,0,1.0,0
PROP-B5B34DCBA259,RERA-DEL-65139781,1,Ongoing,34.0,53.0,64.2,62.0,15,0.467,0
PROP-6B3808B73B4C,,0,Unregistered,,,,,0,1.0,0
PROP-E8FD32A3916C,,0,Unregistered,,,,,0,1.0,0
PROP-90839A0E4CBA,RERA-DEL-41022488,1,Completed,40.0,31.0,100.0,46.0,9,0.889,0
PROP-267FB5516F5E,RERA-DEL-38553489,1,Ongoing,15.0,43.0,34.9,78.0,9,0.333,0
PROP-C892C0EA0F3C,,0,Unregistered,,,,,0,1.0,0
PROP-BAB7782567A1,RERA-DEL-81021534,1,Ongoing,36.0,45.0,80.0,29.0,12,0.417,0
PROP-58C9876B5D7D,,0,Unregistered,,,,,0,1.0,0
PROP-2B224DBF77F8,,0,Unregistered,,,,,0,1.0,0
PROP-E8DE25016C12,,0,Unregistered,,,,,0,1.0,0
PROP-CFB428FB0363,,0,Unregistered,,,,,0,1.0,0
PROP-EA831A60C775,RERA-DEL-98140145,1,Ongoing,31.0,55.0,56.4,37.0,19,0.368,0
PROP-7F0AA396C140,RERA-DEL-21741634,1,Ongoing,28.0,36.0,77.8,48.0,81,0.272,0
PROP-C260304A1352,,0,Unregistered,,,,,0,1.0,0
PROP-82D50D4155E9,RERA-DEL-12145532,1,Ongoing,38.0,60.0,63.3,141.0,11,0.545,0
PROP-DE82B62A1A95,RERA-DEL-63336715,1,Completed,40.0,30.0,100.0,81.0,16,0.75,0
PROP-CEBC73490271,,0,Unregistered,,,,,0,1.0,0
PROP-D2AFF8E47DAE,RERA-DEL-63336715,1,Completed,52.0,30.0,100.0,81.0,16,0.875,0
PROP-3B345DE5905E,,0,Unregistered,,,,,0,1.0,0
PROP-3C67411A46B3,,0,Unregistered,,,,,0,1.0,0
PROP-B14B320EBDFC,RERA-DEL-57143421,1,Ongoing,7.0,58.0,12.1,71.0,9,0.889,1
PROP-F4CFA5C0A1F3,,0,Unregistered,,,,,0,1.0,0
PROP-7C906484B12D,,0,Unregistered,,,,,0,1.0,0
PROP-4634BE669FE9,,0,Unregistered,,,,,0,1.0,0
PROP-195C8A240117,,0,Unregistered,,,,,0,1.0,0
PROP-E594F511AF43,RERA-DEL-53160423,1,Ongoing,9.0,41.0,22.0,18.0,3,0.333,0
PROP-0AD9D77DD2DA,RERA-DEL-46904930,1,Ongoing,26.0,36.0,72.2,112.0,6,0.333,0
PROP-3FABBABC3977,RERA-DEL-85980427,1,Ongoing,25.0,39.0,64.1,21.0,70,0.5,4
PROP-AA1F2E9E4803,,0,Unregistered,,,,,0,1.0,0
PROP-E14B49386C83,,0,Unregistered,,,,,0,1.0,0
PROP-4344F2300610,RERA-DEL-57801646,1,Ongoing,24.0,46.0,52.2,24.0,82,0.305,0
PROP-F609A442B949,,0,Unregistered,,,,,0,1.0,0
PROP-C17B8BD3A4EF,,0,Unregistered,,,,,0,1.0,0
PROP-47BEDED8C92E,RERA-DEL-43687328,1,Ongoing,34.0,41.0,82.9,113.0,9,0.778,0
PROP-614112E6C915,RERA-DEL-57801646,1,Ongoing,24.0,46.0,52.2,24.0,55,0.164,0
PROP-EBBFBEAD8451,,0,Unregistered,,,,,0,1.0,0
PROP-158B6A2025AB,RERA-DEL-63336715,1,Completed,70.0,30.0,100.0,81.0,17,0.882,0
PROP-5BD41C6908ED,,0,Unregistered,,,,,0,1.0,0
PROP-57BCBA109AEF,,0,Unregistered,,,,,0,1.0,0
PROP-E1D5E0FF19DA,,0,Unregistered,,,,,0,1.0,0
PROP-64D0AD54CE95,,0,Unregistered,,,,,0,1.0,0
PROP-464B1C603948,,0,Unregistered,,,,,0,1.0,0
PROP-C6D0CBEC9F17,,0,Unregistered,,,,,0,1.0,0
PROP-A8C7BF3EA9D9,,0,Unregistered,,,,,0,1.0,0
PROP-874974318F8A,,0,Unregistered,,,,,0,1.0,0
PROP-E6BC27C0C4ED,,0,Unregistered,,,,,0,1.0,0
PROP-D8FBA4497356,,0,Unregistered,,,,,0,1.0,0
PROP-C4D5D168314D,,0,Unregistered,,,,,0,1.0,0
PROP-DCC11695C733,RERA-DEL-66435382,1,Ongoing,32.0,39.0,82.1,159.0,18,0.333,0
PROP-3E7758FBEA9C,RERA-DEL-03394783,1,Ongoing,13.0,33.0,39.4,87.0,7,0.286,0
PROP-B4E27E8C5540,,0,Unregistered,,,,,0,1.0,0
PROP-49345AB115D9,,0,Unregistered,,,,,0,1.0,0
PROP-782A953D5CAC,,0,Unregistered,,,,,0,1.0,0
PROP-02EB2A6BB322,,0,Unregistered,,,,,0,1.0,0
PROP-F9A4AC85C541,,0,Unregistered,,,,,0,1.0,0
PROP-302C4BEE3BC0,RERA-DEL-00972683,1,Ongoing,9.0,50.0,18.0,77.0,9,0.333,0
PROP-304E27B69521,,0,Unregistered,,,,,0,1.0,0
PROP-4FF5E02C31D4,,0,Unregistered,,,,,0,1.0,0
PROP-E010A1A878EF,,0,Unregistered,,,,,0,1.0,0
PROP-C9DEB9719E16,,0,Unregistered,,,,,0,1.0,0
PROP-BCC94AABCDC0,,0,Unregistered,,,,,0,1.0,0
PROP-05CA53500819,,0,Unregistered,,,,,0,1.0,0
PROP-383A7D07DC0D,,0,Unregistered,,,,,0,1.0,0
PROP-E0E8EE8BB99E,,0,Unregistered,,,,,0,1.0,0
PROP-9248574AA7B4,,0,Unregistered,,,,,0,1.0,0
PROP-5AF4176F7A71,,0,Unregistered,,,,,0,1.0,0
PROP-C427B05AAC84,RERA-DEL-52871941,1,Ongoing,11.0,59.0,18.6,48.0,10,0.6,0
PROP-8211F8809585,,0,Unregistered,,,,,0,1.0,0
PROP-AA9458B2E497,,0,Unregistered,,,,,0,1.0,0
PROP-DD81E3A351B6,RERA-DEL-46904930,1,Ongoing,8.0,36.0,22.2,112.0,5,0.2,0
PROP-53A08B7E09D2,RERA-DEL-42235426,1,Ongoing,28.0,53.0,52.8,64.0,8,0.875,0
PROP-0CD0020BCB7A,,0,Unregistered,,,,,0,1.0,0
PROP-AB0BF9FE13B3,,0,Unregistered,,,,,0,1.0,0
PROP-1D500711B9EE,,0,Unregistered,,,,,0,1.0,0
PROP-2373D0335E39,RERA-DEL-57013693,1,Ongoing,11.0,30.0,36.7,127.0,8,0.75,1
PROP-5595AF735EEB,,0,Unregistered,,,,,0,1.0,0
PROP-6D279CE92D70,,0,Unregistered,,,,,0,1.0,0
PROP-A0147C18DA6C,,0,Unregistered,,,,,0,1.0,0
PROP-69410EA0FE7B,,0,Unregistered,,,,,0,1.0,0
PROP-5323BAC2EAB8,,0,Unregistered,,,,,0,1.0,0
PROP-90FCBBF9DFC7,,0,Unregistered,,,,,0,1.0,0
PROP-19DDE35CCD8A,RERA-DEL-04544651,1,Completed,47.0,24.0,100.0,113.0,9,0.778,1
PROP-0EEE4BABA2CB,RERA-DEL-92702573,1,Ongoing,23.0,25.0,92.0,166.0,7,0.429,0
PROP-0425234B3E25,,0,Unregistered,,,,,0,1.0,0
PROP-24690AD9BC21,,0,Unregistered,,,,,0,1.0,0
PROP-B648F5933CA8,RERA-DEL-72944919,1,Ongoing,17.0,26.0,65.4,34.0,27,0.741,0
PROP-FB4663A87622,RERA-DEL-89157716,1,Ongoing,34.0,42.0,81.0,223.0,6,0.0,0
PROP-184757901953,,0,Unregistered,,,,,0,1.0,0
PROP-2D33FB5133E5,,0,Unregistered,,,,,0,1.0,0
PROP-65FA9395FADC,,0,Unregistered,,,,,0,1.0,0
PROP-8B755816915C,,0,Unregistered,,,,,0,1.0,0
PROP-8D6BA9ADCE62,,0,Unregistered,,,,,0,1.0,0
PROP-09A0E39D77CC,,0,Unregistered,,,,,0,1.0,0
PROP-4571497F0C62,RERA-DEL-08342621,1,Completed,35.0,33.0,100.0,59.0,10,0.8,0
PROP-D09CD08DFBC2,,0,Unregistered,,,,,0,1.0,0
PROP-96F57B5AEFA0,,0,Unregistered,,,,,0,1.0,0
PROP-06D88C5A77EF,,0,Unregistered,,,,,0,1.0,0
PROP-CAABCB6C3B5B,,0,Unregistered,,,,,0,1.0,0
PROP-F42359E769A8,RERA-DEL-90031471,1,Ongoing,17.0,52.0,32.7,55.0,89,0.472,2
PROP-F28E486C3DD2,,0,Unregistered,,,,,0,1.0,0
PROP-6BC1C038B291,,0,Unregistered,,,,,0,1.0,0
PROP-363847D78ADD,,0,Unregistered,,,,,0,1.0,0
PROP-27C29707C2C2,,0,Unregistered,,,,,0,1.0,0
PROP-34B36EEA068F,,0,Unregistered,,,,,0,1.0,0
PROP-A58DD8CE844A,,0,Unregistered,,,,,0,1.0,0
PROP-2997B246B908,RERA-DEL-36326364,1,Ongoing,10.0,39.0,25.6,15.0,15,0.4,0
PROP-2391D93E36CD,,0,Unregistered,,,,,0,1.0,0
PROP-95A508500F44,,0,Unregistered,,,,,0,1.0,0
PROP-DB435621B187,,0,Unregistered,,,,,0,1.0,0
PROP-D3A72DE8C145,,0,Unregistered,,,,,0,1.0,0
PROP-DAB68A857284,,0,Unregistered,,,,,0,1.0,0
PROP-6FC82711E0A3,,0,Unregistered,,,,,0,1.0,0
PROP-D41A0322D617,,0,Unregistered,,,,,0,1.0,0
PROP-5D28E57C6D72,,0,Unregistered,,,,,0,1.0,0
PROP-E86C712106E6,RERA-DEL-39674946,1,Ongoing,15.0,41.0,36.6,86.0,20,0.25,0
PROP-A8A15C6904F3,,0,Unregistered,,,,,0,1.0,0
PROP-840841FB8368,,0,Unregistered,,,,,0,1.0,0
PROP-5DF82316EC4A,,0,Unregistered,,,,,0,1.0,0
PROP-65A30323E804,,0,Unregistered,,,,,0,1.0,0
PROP-D54BF2F0FBB5,,0,Unregistered,,,,,0,1.0,0
PROP-B4A17A667CBF,,0,Unregistered,,,,,0,1.0,0
PROP-EBCE0D409B63,,0,Unregistered,,,,,0,1.0,0
PROP-1BCEE9DA403B,,0,Unregistered,,,,,0,1.0,0
PROP-236F3716984A,,0,Unregistered,,,,,0,1.0,0
PROP-5622A8C388EF,RERA-DEL-40217609,1,Ongoing,19.0,37.0,51.4,90.0,15,0.533,0
PROP-29C5A600E63C,,0,Unregistered,,,,,0,1.0,0
PROP-751F5EC0DC58,,0,Unregistered,,,,,0,1.0,0
PROP-4DEE77BAA129,,0,Unregistered,,,,,0,1.0,0
PROP-A43C564E9B34,,0,Unregistered,,,,,0,1.0,0
PROP-B3BC05EDCF0F,,0,Unregistered,,,,,0,1.0,0
PROP-C2BDE8CF5EA3,,0,Unregistered,,,,,0,1.0,0
PROP-8F904426DF9B,,0,Unregistered,,,,,0,1.0,0
PROP-1197E62BBCE2,,0,Unregistered,,,,,0,1.0,0
PROP-932E8C3E8828,RERA-DEL-90261398,1,Completed,46.0,32.0,100.0,58.0,10,1.0,1
PROP-96DAE13CF9D3,,0,Unregistered,,,,,0,1.0,0
PROP-A182564148DE,,0,Unregistered,,,,,0,1.0,0
PROP-DDB8CD98F0D4,RERA-DEL-67931461,1,Ongoing,31.0,43.0,72.1,35.0,12,0.75,2
PROP-81E436767DB1,,0,Unregistered,,,,,0,1.0,0
PROP-2661D02E6BD7,,0,Unregistered,,,,,0,1.0,0
PROP-DCCE39FB8E08,RERA-DEL-98616522,1,Ongoing,24.0,60.0,40.0,132.0,8,0.625,0
PROP-76A477BF7BC7,,0,Unregistered,,,,,0,1.0,0
PROP-A3201062A755,,0,Unregistered,,,,,0,1.0,0
PROP-83BB1F781834,,0,Unregistered,,,,,0,1.0,0
PROP-66679EAB153F,,0,Unregistered,,,,,0,1.0,0
PROP-8B5ED3957797,,0,Unregistered,,,,,0,1.0,0
PROP-306ABCB5EAF2,,0,Unregistered,,,,,0,1.0,0
PROP-76E0F054D628,,0,Unregistered,,,,,0,1.0,0
PROP-F72EAD9CC796,,0,Unregistered,,,,,0,1.0,0
PROP-B6DCD838F284,,0,Unregistered,,,,,0,1.0,0
PROP-44F16A627343,RERA-DEL-57801646,1,Completed,63.0,46.0,100.0,24.0,89,0.573,2
PROP-2778DA3A4FDD,RERA-DEL-31122441,1,Ongoing,52.0,73.0,71.2,251.0,90,0.611,3
PROP-4AE5BBC199FF,,0,Unregistered,,,,,0,1.0,0
PROP-DBC324B4177E,,0,Unregistered,,,,,0,1.0,0
PROP-031CA706B86B,,0,Unregistered,,,,,0,1.0,0
PROP-8D21F6BC05CF,,0,Unregistered,,,,,0,1.0,0
PROP-66F355A19CA3,,0,Unregistered,,,,,0,1.0,0
PROP-08619B667B85,,0,Unregistered,,,,,0,1.0,0
PROP-3D7E175E85B9,,0,Unregistered,,,,,0,1.0,0
PROP-D1C9AD6C2BCA,,0,Unregistered,,,,,0,1.0,0
PROP-3E4162EC775F,RERA-DEL-62328319,1,Completed,40.0,35.0,100.0,84.0,11,0.909,0
PROP-EADD48A34F1D,RERA-DEL-31122441,1,Ongoing,37.0,73.0,50.7,251.0,87,0.379,1
PROP-02BDAC812197,,0,Unregistered,,,,,0,1.0,0
PROP-C8393C795512,,0,Unregistered,,,,,0,1.0,0
PROP-A1797314C716,,0,Unregistered,,,,,0,1.0,0
PROP-8910234229B0,RERA-DEL-83609427,1,Completed,37.0,34.0,100.0,87.0,8,0.375,0
PROP-AEE09F7AD71E,,0,Unregistered,,,,,0,1.0,0
PROP-5378A3427C06,RERA-DEL-90261398,1,Completed,40.0,32.0,100.0,58.0,10,1.0,1
PROP-44E2EBE6AAB1,,0,Unregistered,,,,,0,1.0,0
PROP-B50F2162E13C,,0,Unregistered,,,,,0,1.0,0
PROP-170429CBD4F7,RERA-DEL-92574622,1,Ongoing,42.0,46.0,91.3,146.0,25,0.52,0
PROP-019BB7F6FC5A,,0,Unregistered,,,,,0,1.0,0
PROP-737B997F6696,,0,Unregistered,,,,,0,1.0,0
PROP-4E63038A900A,,0,Unregistered,,,,,0,1.0,0
PROP-937825DA2B1F,RERA-DEL-00225218,1,Ongoing,28.0,58.0,48.3,197.0,8,0.625,1
PROP-37066F4FC163,,0,Unregistered,,,,,0,1.0,0
PROP-39ECE8EAD3E8,RERA-DEL-29831017,1,Ongoing,27.0,52.0,51.9,53.0,8,0.625,0
PROP-214A1BD38BC3,RERA-DEL-17690939,1,Completed,34.0,27.0,100.0,46.0,17,0.588,3
PROP-33CEC28EED1E,,0,Unregistered,,,,,0,1.0,0
PROP-DE4A56BA29B7,,0,Unregistered,,,,,0,1.0,0
PROP-F7365B14A995,,0,Unregistered,,,,,0,1.0,0
PROP-5B665AC97072,,0,Unregistered,,,,,0,1.0,0
PROP-D7F33BDBF82D,,0,Unregistered,,,,,0,1.0,0
PROP-C1DB3CA3C830,,0,Unregistered,,,,,0,1.0,0
PROP-D3B3216E3E13,,0,Unregistered,,,,,0,1.0,0
PROP-AA9C5648DFC1,,0,Unregistered,,,,,0,1.0,0
PROP-E47155B6B604,,0,Unregistered,,,,,0,1.0,0
PROP-E049FDCBD44A,RERA-DEL-48444972,1,Ongoing,10.0,57.0,17.5,20.0,5,0.8,0
PROP-7A7EC8641CCB,,0,Unregistered,,,,,0,1.0,0
PROP-ACFF76472331,,0,Unregistered,,,,,0,1.0,0
PROP-F6BF51826AE8,RERA-DEL-40429916,1,Completed,34.0,30.0,100.0,230.0,72,0.181,0
PROP-ABBAAB4A7BB3,,0,Unregistered,,,,,0,1.0,0
PROP-C69CBD824771,RERA-DEL-30121520,1,Ongoing,10.0,56.0,17.9,58.0,24,0.458,0
PROP-C7081E53DE68,,0,Unregistered,,,,,0,1.0,0
PROP-510C40DCBC1A,,0,Unregistered,,,,,0,1.0,0
PROP-05E36858244F,,0,Unregistered,,,,,0,1.0,0
PROP-A0E191ED98FC,,0,Unregistered,,,,,0,1.0,0
PROP-BF94EA6998E2,,0,Unregistered,,,,,0,1.0,0
PROP-BD146A2638E9,RERA-DEL-54141874,1,Ongoing,12.0,51.0,23.5,66.0,19,0.421,0
PROP-41DECBE14642,,0,Unregistered,,,,,0,1.0,0
PROP-540887115CA0,,0,Unregistered,,,,,0,1.0,0
PROP-9EAA174B89C8,,0,Unregistered,,,,,0,1.0,0
PROP-A0C23590DE71,,0,Unregistered,,,,,0,1.0,0
PROP-5991DD373696,RERA-DEL-84366308,1,Ongoing,30.0,46.0,65.2,47.0,15,0.733,0
PROP-8DC6E7A76E8D,,0,Unregistered,,,,,0,1.0,0
PROP-23C365DC36AF,,0,Unregistered,,,,,0,1.0,0
PROP-B973EB8BD1E3,,0,Unregistered,,,,,0,1.0,0
PROP-ADF78593B6B3,RERA-DEL-71566043,1,Completed,37.0,36.0,100.0,86.0,12,0.583,0
PROP-610FA830667E,,0,Unregistered,,,,,0,1.0,0
PROP-683E0F20B96A,,0,Unregistered,,,,,0,1.0,0
PROP-5ED55045C2E9,,0,Unregistered,,,,,0,1.0,0
PROP-7926FD6CA01B,RERA-DEL-57801646,1,Ongoing,39.0,46.0,84.8,24.0,72,0.181,0
PROP-1B5140BE74DB,RERA-DEL-57801646,1,Ongoing,24.0,46.0,52.2,24.0,88,0.432,2
PROP-1E7CF47E4D36,,0,Unregistered,,,,,0,1.0,0
PROP-1F88B5250BC5,,0,Unregistered,,,,,0,1.0,0
PROP-3414B83ABAA5,,0,Unregistered,,,,,0,1.0,0
PROP-8F6EA6A77EE6,RERA-DEL-53122578,1,Ongoing,24.0,60.0,40.0,52.0,13,0.769,0
PROP-0039754D816B,,0,Unregistered,,,,,0,1.0,0
PROP-1A62D3A8B20C,RERA-DEL-36724308,1,Ongoing,6.0,24.0,25.0,90.0,77,0.234,0
PROP-48BF3C417E79,,0,Unregistered,,,,,0,1.0,0
PROP-BF235E59A908,,0,Unregistered,,,,,0,1.0,0
PROP-6C7F239325FC,,0,Unregistered,,,,,0,1.0,0
PROP-AF2784C8C8D8,,0,Unregistered,,,,,0,1.0,0
PROP-DBFB07E88FA8,,0,Unregistered,,,,,0,1.0,0
PROP-C047D2AE9C6E,,0,Unregistered,,,,,0,1.0,0
PROP-468A9A5BE3D6,,0,Unregistered,,,,,0,1.0,0
PROP-8397B88FCD2F,,0,Unregistered,,,,,0,1.0,0
PROP-76DAA4321D5B,,0,Unregistered,,,,,0,1.0,0
PROP-89566E2AA927,,0,Unregistered,,,,,0,1.0,0
PROP-4D40B1A20187,,0,Unregistered,,,,,0,1.0,0
PROP-9A1F628A10B9,,0,Unregistered,,,,,0,1.0,0
PROP-75F9A5EE1F92,,0,Unregistered,,,,,0,1.0,0
PROP-61E38729735D,,0,Unregistered,,,,,0,1.0,0
PROP-46E0F6890D9C,,0,Unregistered,,,,,0,1.0,0
PROP-136AEBD19947,,0,Unregistered,,,,,0,1.0,0
PROP-1B2DE82BA47A,,0,Unregistered,,,,,0,1.0,0
PROP-80FBD22F25CE,RERA-DEL-64566885,1,Ongoing,27.0,30.0,90.0,159.0,27,0.741,0
PROP-5D924DEEC572,,0,Unregistered,,,,,0,1.0,0
PROP-1F1BF2A37E33,,0,Unregistered,,,,,0,1.0,0
PROP-25E2DBEACDFC,,0,Unregistered,,,,,0,1.0,0
PROP-C8858C0ED0CB,,0,Unregistered,,,,,0,1.0,0
PROP-AC2972D4AA7B,,0,Unregistered,,,,,0,1.0,0
PROP-6C84AFA01288,RERA-DEL-57801646,1,Ongoing,24.0,46.0,52.2,24.0,59,0.169,0
PROP-F830FDC28273,,0,Unregistered,,,,,0,1.0,0
PROP-7668171B83E1,,0,Unregistered,,,,,0,1.0,0
PROP-E9E5C4B7AAC9,,0,Unregistered,,,,,0,1.0,0
PROP-2AF2EA93BE88,RERA-DEL-57801646,1,Ongoing,24.0,46.0,52.2,24.0,88,0.432,2
PROP-4C7D106ED966,,0,Unregistered,,,,,0,1.0,0
PROP-BBBE22998481,,0,Unregistered,,,,,0,1.0,0
PROP-885F6DECE8E0,,0,Unregistered,,,,,0,1.0,0
PROP-E14EC9F1FE05,,0,Unregistered,,,,,0,1.0,0
PROP-9796C9C039FE,,0,Unregistered,,,,,0,1.0,0
PROP-2ED784EDB29E,,0,Unregistered,,,,,0,1.0,0
PROP-0DC62637202C,,0,Unregistered,,,,,0,1.0,0
PROP-A2AF85648E4A,,0,Unregistered,,,,,0,1.0,0
PROP-C135DC61A42E,,0,Unregistered,,,,,0,1.0,0
PROP-CEF1A98698ED,,0,Unregistered,,,,,0,1.0,0
PROP-720ECAD8FD37,,0,Unregistered,,,,,0,1.0,0
PROP-A73A08F3B782,,0,Unregistered,,,,,0,1.0,0
PROP-C06190FC7F96,,0,Unregistered,,,,,0,1.0,0
PROP-E5C5F0A58D28,RERA-DEL-80321787,1,Completed,45.0,25.0,100.0,48.0,63,0.175,0
PROP-A3102DD9561F,,0,Unregistered,,,,,0,1.0,0
PROP-02F5F6696DEF,RERA-DEL-94401710,1,Completed,36.0,32.0,100.0,66.0,14,0.643,0
PROP-A160BA852AF7,,0,Unregistered,,,,,0,1.0,0
PROP-388E7F8058BA,,0,Unregistered,,,,,0,1.0,0
PROP-CD52096EC38E,,0,Unregistered,,,,,0,1.0,0
PROP-1A9F03C97134,,0,Unregistered,,,,,0,1.0,0
PROP-9FD4997B4B34,,0,Unregistered,,,,,0,1.0,0
PROP-2282EA4A2005,,0,Unregistered,,,,,0,1.0,0
PROP-D54E5BD2C299,,0,Unregistered,,,,,0,1.0,0
PROP-23638DBC549A,,0,Unregistered,,,,,0,1.0,0
PROP-7D4497834AAB,RERA-DEL-31122441,1,Ongoing,19.0,58.0,32.8,21.0,89,0.517,2
PROP-0CF098217A61,,0,Unregistered,,,,,0,1.0,0
PROP-BFBFB684EC91,,0,Unregistered,,,,,0,1.0,0
PROP-7F56A19818A4,,0,Unregistered,,,,,0,1.0,0
PROP-22A4B37FF465,,0,Unregistered,,,,,0,1.0,0
PROP-6A0ECB69824A,,0,Unregistered,,,,,0,1.0,0
PROP-D2FDC2BAC526,,0,Unregistered,,,,,0,1.0,0
PROP-33DB6FABD5F6,,0,Unregistered,,,,,0,1.0,0
PROP-B447FE7A8B03,,0,Unregistered,,,,,0,1.0,0
PROP-589D3AFC93D2,,0,Unregistered,,,,,0,1.0,0
PROP-2CAFC4D0956A,,0,Unregistered,,,,,0,1.0,0
PROP-B78CB6FA8318,,0,Unregistered,,,,,0,1.0,0
PROP-6ECB7E3E403B,RERA-DEL-04431660,1,Ongoing,14.0,27.0,51.9,59.0,14,0.5,0
PROP-31B3B137A24C,RERA-DEL-57801646,1,Ongoing,24.0,46.0,52.2,24.0,75,0.2,0
PROP-60FB9F40355B,,0,Unregistered,,,,,0,1.0,0
PROP-BB5B83AE6F90,,0,Unregistered,,,,,0,1.0,0
PROP-A3C51BE75ADE,RERA-DEL-85488247,1,Ongoing,17.0,52.0,32.7,48.0,11,0.364,0
PROP-62EC600EA96C,,0,Unregistered,,,,,0,1.0,0
PROP-021EB4138479,,0,Unregistered,,,,,0,1.0,0
PROP-CC0A0C170500,,0,Unregistered,,,,,0,1.0,0
PROP-7A8B25AACC18,RERA-DEL-31122441,1,Ongoing,19.0,58.0,32.8,21.0,77,0.234,0
PROP-430B0FEF9E3D,,0,Unregistered,,,,,0,1.0,0
PROP-6A5127C9C9AA,RERA-DEL-57801646,1,Ongoing,24.0,46.0,52.2,24.0,77,0.234,0
PROP-A8FEB63999A3,,0,Unregistered,,,,,0,1.0,0
PROP-91E45960E7BE,,0,Unregistered,,,,,0,1.0,0
PROP-DF589742C704,,0,Unregistered,,,,,0,1.0,0
PROP-80E837EC1ACD,,0,Unregistered,,,,,0,1.0,0
PROP-A5B6865F6DB2,,0,Unregistered,,,,,0,1.0,0
PROP-4B5EC421DAC6,,0,Unregistered,,,,,0,1.0,0
PROP-A338C344DE29,,0,Unregistered,,,,,0,1.0,0
PROP-0528464B90F4,RERA-DEL-24035416,1,Completed,34.0,27.0,100.0,20.0,10,1.0,2
PROP-F9DE4C27B10B,,0,Unregistered,,,,,0,1.0,0
PROP-95E901FF31D0,,0,Unregistered,,,,,0,1.0,0
PROP-D51CE8FC52B9,,0,Unregistered,,,,,0,1.0,0
PROP-52373458E24C,RERA-DEL-73633795,1,Completed,29.0,24.0,100.0,264.0,75,0.2,0
PROP-7FE1DF5521DC,RERA-DEL-62892793,1,Ongoing,11.0,27.0,40.7,37.0,5,0.8,0
PROP-8D92EB037EDD,,0,Unregistered,,,,,0,1.0,0
PROP-1C731A3D64BE,,0,Unregistered,,,,,0,1.0,0
PROP-9D00F2ED2E0A,,0,Unregistered,,,,,0,1.0,0
PROP-FE417A9B5422,,0,Unregistered,,,,,0,1.0,0
PROP-067C289D6496,,0,Unregistered,,,,,0,1.0,0
PROP-6AC7F700CB3A,,0,Unregistered,,,,,0,1.0,0
PROP-F8C1C04890DB,,0,Unregistered,,,,,0,1.0,0
PROP-DBF477E23C39,,0,Unregistered,,,,,0,1.0,0
PROP-7A231C2E8DA5,,0,Unregistered,,,,,0,1.0,0
PROP-A249D6417280,RERA-DEL-52596542,1,Ongoing,32.0,58.0,55.2,10.0,7,0.143,0
PROP-C086E31A05F9,,0,Unregistered,,,,,0,1.0,0
PROP-75946B134AD9,,0,Unregistered,,,,,0,1.0,0
PROP-BAAD4C92AB21,,0,Unregistered,,,,,0,1.0,0
PROP-15EB978C0E48,RERA-DEL-95592280,1,Ongoing,18.0,32.0,56.2,52.0,14,0.571,2
PROP-8B16F49DE294,,0,Unregistered,,,,,0,1.0,0
PROP-88F1E25B4D19,,0,Unregistered,,,,,0,1.0,0
PROP-F3F1C0E1BB96,RERA-DEL-05778801,1,Ongoing,27.0,30.0,90.0,129.0,27,0.593,0
PROP-A1533B65D3E0,,0,Unregistered,,,,,0,1.0,0
PROP-CB79FB086663,RERA-DEL-63336715,1,Completed,79.0,30.0,100.0,81.0,17,1.0,1
PROP-816BD4E6E620,,0,Unregistered,,,,,0,1.0,0
PROP-FC87BD6423DF,,0,Unregistered,,,,,0,1.0,0
PROP-D3AEF6A7F453,,0,Unregistered,,,,,0,1.0,0
PROP-AA272F275458,,0,Unregistered,,,,,0,1.0,0
PROP-F8D7D2953DAF,,0,Unregistered,,,,,0,1.0,0
PROP-C082C290F850,RERA-DEL-27070580,1,Ongoing,30.0,48.0,62.5,106.0,10,0.5,0
PROP-4B71BEA85E23,RERA-DEL-59366501,1,Completed,27.0,25.0,100.0,131.0,11,0.636,0
PROP-B1A5CEB4EC11,,0,Unregistered,,,,,0,1.0,0
PROP-59D7ED05852A,RERA-DEL-59058065,1,Ongoing,7.0,44.0,15.9,108.0,90,0.722,3
PROP-A844C71C682B,,0,Unregistered,,,,,0,1.0,0
PROP-572CC45E00A7,RERA-DEL-87013459,1,Ongoing,13.0,39.0,33.3,52.0,11,0.727,5
PROP-12316EA1045F,,0,Unregistered,,,,,0,1.0,0
PROP-20E122E0229E,RERA-DEL-12145532,1,Ongoing,41.0,60.0,68.3,141.0,11,0.545,0
PROP-4336DBBFD5D7,RERA-DEL-57801646,1,Ongoing,24.0,46.0,52.2,24.0,55,0.164,0
PROP-91964089B0FC,,0,Unregistered,,,,,0,1.0,0
PROP-B92A5CFAEFA1,,0,Unregistered,,,,,0,1.0,0
PROP-0D683E1976E3,,0,Unregistered,,,,,0,1.0,0
PROP-1C6A5F604094,RERA-DEL-57801646,1,Ongoing,30.0,46.0,65.2,24.0,89,0.517,2
PROP-07492D517EFA,,0,Unregistered,,,,,0,1.0,0
PROP-F4DA318F9727,,0,Unregistered,,,,,0,1.0,0
PROP-C92A12D8A660,,0,Unregistered,,,,,0,1.0,0
PROP-81324ABDC4BB,,0,Unregistered,,,,,0,1.0,0
PROP-3CED2FDE8A58,,0,Unregistered,,,,,0,1.0,0
PROP-EEC70E716251,,0,Unregistered,,,,,0,1.0,0
PROP-2E3EC8E874AE,RERA-DEL-30861839,1,Ongoing,21.0,30.0,70.0,18.0,90,0.689,3
PROP-A2C5EC154C13,,0,Unregistered,,,,,0,1.0,0
PROP-90D0535ED22A,,0,Unregistered,,,,,0,1.0,0
PROP-70EA8DAA81C0,,0,Unregistered,,,,,0,1.0,0
PROP-1AEEF00B8143,,0,Unregistered,,,,,0,1.0,0
PROP-F50C1BA48ED0,,0,Unregistered,,,,,0,1.0,0
PROP-31F885951463,RERA-DEL-52617250,1,Ongoing,32.0,41.0,78.0,69.0,18,0.444,0
PROP-C5E532654C36,,0,Unregistered,,,,,0,1.0,0
PROP-064E723FCE21,,0,Unregistered,,,,,0,1.0,0
PROP-9480C0CD57DC,,0,Unregistered,,,,,0,1.0,0
PROP-458FD22F102D,,0,Unregistered,,,,,0,1.0,0
PROP-1479E68CB9DD,,0,Unregistered,,,,,0,1.0,0
PROP-65EDDE56B6E1,RERA-DEL-45124033,1,Ongoing,27.0,44.0,61.4,17.0,7,0.714,0
PROP-A3E677AAF921,,0,Unregistered,,,,,0,1.0,0
PROP-7D41A52B615F,,0,Unregistered,,,,,0,1.0,0
PROP-C4D26D6D447A,RERA-DEL-38553489,1,Ongoing,27.0,43.0,62.8,78.0,9,0.556,1
PROP-3AB9D03E31A9,,0,Unregistered,,,,,0,1.0,0
PROP-39000AA69863,,0,Unregistered,,,,,0,1.0,0
PROP-7124EB2D94EC,,0,Unregistered,,,,,0,1.0,0
PROP-36E2157BF056,,0,Unregistered,,,,,0,1.0,0
PROP-F1E5D788240F,,0,Unregistered,,,,,0,1.0,0
PROP-A42010112C3C,,0,Unregistered,,,,,0,1.0,0
PROP-501A03286D55,,0,Unregistered,,,,,0,1.0,0
PROP-CA53E2567983,,0,Unregistered,,,,,0,1.0,0
PROP-477CB73AD437,,0,Unregistered,,,,,0,1.0,0
PROP-680B711B662F,,0,Unregistered,,,,,0,1.0,0
PROP-FE4B402BA746,,0,Unregistered,,,,,0,1.0,0
PROP-BB37F12EB01B,,0,Unregistered,,,,,0,1.0,0
PROP-4E0BE3AEC2E9,,0,Unregistered,,,,,0,1.0,0
PROP-AFDB4203AF02,,0,Unregistered,,,,,0,1.0,0
PROP-AEBFCC3F628A,,0,Unregistered,,,,,0,1.0,0
PROP-AAB30FD073E0,,0,Unregistered,,,,,0,1.0,0
PROP-736F64CAAABC,,0,Unregistered,,,,,0,1.0,0
PROP-8A889693F5C0,RERA-DEL-57828349,1,Ongoing,31.0,47.0,66.0,118.0,27,0.667,0
PROP-9340CADBE71D,RERA-DEL-63336715,1,Completed,64.0,30.0,100.0,81.0,17,0.882,0
PROP-FC3020398FAB,,0,Unregistered,,,,,0,1.0,0
PROP-C0DC3294B139,,0,Unregistered,,,,,0,1.0,0
PROP-FEFF583236B9,,0,Unregistered,,,,,0,1.0,0
PROP-033F11EA9ECC,,0,Unregistered,,,,,0,1.0,0
PROP-BAC586345943,,0,Unregistered,,,,,0,1.0,0
PROP-2990ADE7EC2D,RERA-DEL-83370667,1,Ongoing,13.0,30.0,43.3,77.0,10,0.2,0
PROP-F8FE0DABA1B9,RERA-DEL-08733732,1,Ongoing,22.0,46.0,47.8,66.0,8,0.625,1
PROP-5A7F17C61627,,0,Unregistered,,,,,0,1.0,0
PROP-6E64FBE594BF,,0,Unregistered,,,,,0,1.0,0
PROP-D2C036034981,,0,Unregistered,,,,,0,1.0,0
PROP-49C366EDD5C1,,0,Unregistered,,,,,0,1.0,0
PROP-32B92088BF87,,0,Unregistered,,,,,0,1.0,0
PROP-2912A352F0C7,,0,Unregistered,,,,,0,1.0,0
PROP-6C1A4E8DC22F,,0,Unregistered,,,,,0,1.0,0
PROP-3E6AAADDF926,RERA-DEL-25979927,1,Ongoing,29.0,35.0,82.9,130.0,10,0.3,0
PROP-74AAD40BB95B,,0,Unregistered,,,,,0,1.0,0
PROP-CF7BD04E242E,,0,Unregistered,,,,,0,1.0,0
PROP-57E24CC20C9C,,0,Unregistered,,,,,0,1.0,0
PROP-D943D15B8A66,RERA-DEL-87900134,1,Completed,36.0,34.0,100.0,224.0,6,1.0,2
PROP-AAD896B1BF0A,,0,Unregistered,,,,,0,1.0,0
PROP-5B84EDBA0E0B,,0,Unregistered,,,,,0,1.0,0
PROP-F5D14B54CAAA,,0,Unregistered,,,,,0,1.0,0
PROP-8AC9822EAF6E,,0,Unregistered,,,,,0,1.0,0
PROP-50676E9D9F4F,,0,Unregistered,,,,,0,1.0,0
PROP-9E5E3A9A2D20,,0,Unregistered,,,,,0,1.0,0
PROP-797B1CDB64BB,,0,Unregistered,,,,,0,1.0,0
PROP-84CECA19B343,,0,Unregistered,,,,,0,1.0,0
PROP-EF727F0D4308,,0,Unregistered,,,,,0,1.0,0
PROP-035E15FDBD0A,RERA-DEL-15444107,1,Ongoing,39.0,60.0,65.0,90.0,11,0.636,0
PROP-F4EAB854D557,,0,Unregistered,,,,,0,1.0,0
PROP-65601B0A1D19,RERA-DEL-99488864,1,Completed,38.0,37.0,100.0,115.0,10,0.3,0
PROP-91A690CFDFBE,,0,Unregistered,,,,,0,1.0,0
PROP-14FA0C6C05BC,,0,Unregistered,,,,,0,1.0,0
PROP-0E3ACE6CE9DA,,0,Unregistered,,,,,0,1.0,0
PROP-7229C81C8BF5,,0,Unregistered,,,,,0,1.0,0
PROP-E70804556538,,0,Unregistered,,,,,0,1.0,0
PROP-9B30179C0C1B,,0,Unregistered,,,,,0,1.0,0
PROP-3AC0CE737D15,,0,Unregistered,,,,,0,1.0,0
PROP-A193F948F290,,0,Unregistered,,,,,0,1.0,0
PROP-DD05DC29E823,,0,Unregistered,,,,,0,1.0,0
PROP-804E21F772D9,,0,Unregistered,,,,,0,1.0,0
PROP-342BC8D2F3C7,,0,Unregistered,,,,,0,1.0,0
PROP-960ED2BF9648,RERA-DEL-46904930,1,Completed,50.0,36.0,100.0,112.0,6,0.833,1
PROP-89A5B5785E8F,,0,Unregistered,,,,,0,1.0,0
PROP-08020ABAEB5F,,0,Unregistered,,,,,0,1.0,0
PROP-900EAAC90A3D,RERA-DEL-57801646,1,Ongoing,24.0,46.0,52.2,24.0,63,0.175,0
PROP-4B5730EB67C2,,0,Unregistered,,,,,0,1.0,0
PROP-D31B7E171AF9,,0,Unregistered,,,,,0,1.0,0
PROP-4E1A399E870E,,0,Unregistered,,,,,0,1.0,0
PROP-27B5A2478FC9,,0,Unregistered,,,,,0,1.0,0
PROP-04A035346824,,0,Unregistered,,,,,0,1.0,0
PROP-1637BD590F22,,0,Unregistered,,,,,0,1.0,0
PROP-81B98A2ADF41,,0,Unregistered,,,,,0,1.0,0
PROP-09A0D4732ABB,RERA-DEL-57801646,1,Ongoing,30.0,46.0,65.2,24.0,75,0.2,0
PROP-1E4D212E16DB,,0,Unregistered,,,,,0,1.0,0
PROP-9C5C46DF103D,,0,Unregistered,,,,,0,1.0,0
PROP-7C743DE96A47,,0,Unregistered,,,,,0,1.0,0
PROP-428F5C3D50D3,,0,Unregistered,,,,,0,1.0,0
PROP-0E4F30F4E689,,0,Unregistered,,,,,0,1.0,0
PROP-FD46C175A248,,0,Unregistered,,,,,0,1.0,0
PROP-BB16088D9D1D,,0,Unregistered,,,,,0,1.0,0
PROP-E8983914201F,,0,Unregistered,,,,,0,1.0,0
PROP-CE5B189F4B79,,0,Unregistered,,,,,0,1.0,0
PROP-76BE076D06CB,,0,Unregistered,,,,,0,1.0,0
PROP-DCECF4C06F43,,0,Unregistered,,,,,0,1.0,0
PROP-75CB3F9E17F6,,0,Unregistered,,,,,0,1.0,0
PROP-D6E3A5B6EB82,,0,Unregistered,,,,,0,1.0,0
PROP-82D8CB8A7FEF,,0,Unregistered,,,,,0,1.0,0
PROP-648DA5A4EDFF,RERA-DEL-41188017,1,Completed,73.0,56.0,100.0,178.0,90,0.689,3
PROP-5CA4082B285E,,0,Unregistered,,,,,0,1.0,0
PROP-CF4CB2CC0280,,0,Unregistered,,,,,0,1.0,0
PROP-FFBF86C060C1,,0,Unregistered,,,,,0,1.0,0
PROP-70FFCE041A5D,,0,Unregistered,,,,,0,1.0,0
PROP-AD3488489418,,0,Unregistered,,,,,0,1.0,0
PROP-0E72D13F605A,RERA-DEL-41188017,1,Completed,61.0,56.0,100.0,178.0,89,0.472,2
PROP-F2ADE31577F6,,0,Unregistered,,,,,0,1.0,0
PROP-84CF0AE2CC53,,0,Unregistered,,,,,0,1.0,0
PROP-1DCB5946CC9C,,0,Unregistered,,,,,0,1.0,0
PROP-C8CEF0B463E3,,0,Unregistered,,,,,0,1.0,0
PROP-A90ED568004B,,0,Unregistered,,,,,0,1.0,0
PROP-5B88E522A164,,0,Unregistered,,,,,0,1.0,0
PROP-7F042CF295A1,,0,Unregistered,,,,,0,1.0,0
PROP-2C5A7E38F07D,,0,Unregistered,,,,,0,1.0,0
PROP-CFC7282E4796,,0,Unregistered,,,,,0,1.0,0
PROP-9A51344C7172,,0,Unregistered,,,,,0,1.0,0
PROP-DDAEBA7D9C20,RERA-DEL-15529850,1,Ongoing,22.0,35.0,62.9,24.0,11,0.636,1
PROP-5EAA49581593,,0,Unregistered,,,,,0,1.0,0
PROP-FB5344382DBC,,0,Unregistered,,,,,0,1.0,0
PROP-8540A8EB7012,,0,Unregistered,,,,,0,1.0,0
PROP-5B797072038D,RERA-DEL-15529850,1,Ongoing,28.0,35.0,80.0,24.0,11,0.818,3
PROP-CA2FEB0A4277,,0,Unregistered,,,,,0,1.0,0
PROP-4EBB97B79FAF,RERA-DEL-15529850,1,Ongoing,19.0,35.0,54.3,24.0,11,0.636,1
PROP-138B97AC9864,,0,Unregistered,,,,,0,1.0,0
PROP-EF5EA463FDC9,,0,Unregistered,,,,,0,1.0,0
PROP-C25510000B39,RERA-DEL-99785889,1,Ongoing,30.0,58.0,51.7,62.0,6,0.5,1
PROP-D6F0CBD672E4,,0,Unregistered,,,,,0,1.0,0
PROP-BE244155119D,,0,Unregistered,,,,,0,1.0,0
PROP-168B47549796,RERA-DEL-80321787,1,Completed,69.0,25.0,100.0,48.0,88,0.432,2
PROP-D5301608193A,,0,Unregistered,,,,,0,1.0,0
PROP-3950E5D52BFE,,0,Unregistered,,,,,0,1.0,0
PROP-D2E981E6B817,,0,Unregistered,,,,,0,1.0,0
PROP-A5928B78B707,RERA-DEL-38553489,1,Completed,51.0,43.0,100.0,78.0,9,0.778,2
PROP-3B7C3C4B1436,,0,Unregistered,,,,,0,1.0,0
PROP-C62B43F38CCC,,0,Unregistered,,,,,0,1.0,0
PROP-4AADFA33BEBC,,0,Unregistered,,,,,0,1.0,0
PROP-038615FDDE7D,,0,Unregistered,,,,,0,1.0,0
PROP-3CA39ECB4CD3,,0,Unregistered,,,,,0,1.0,0
PROP-A3E3F2B9BC83,,0,Unregistered,,,,,0,1.0,0
PROP-4BCA1BD4B49F,,0,Unregistered,,,,,0,1.0,0
PROP-D7C33BC0860B,,0,Unregistered,,,,,0,1.0,0
PROP-FA9E73ABA9B8,,0,Unregistered,,,,,0,1.0,0
PROP-FCB574350BF6,,0,Unregistered,,,,,0,1.0,0
PROP-C078C11772CD,,0,Unregistered,,,,,0,1.0,0
PROP-580D0948528A,,0,Unregistered,,,,,0,1.0,0
PROP-BDBA28B0D324,,0,Unregistered,,,,,0,1.0,0
PROP-79466CE424BF,,0,Unregistered,,,,,0,1.0,0
PROP-6855AC3493CB,,0,Unregistered,,,,,0,1.0,0
PROP-E3E5EF91A253,,0,Unregistered,,,,,0,1.0,0
PROP-45D2F051B660,,0,Unregistered,,,,,0,1.0,0
PROP-BE4EE668B373,,0,Unregistered,,,,,0,1.0,0
PROP-BD945D91DDF4,,0,Unregistered,,,,,0,1.0,0
PROP-01CEEE62D6BB,RERA-DEL-57801646,1,Ongoing,24.0,46.0,52.2,24.0,77,0.234,0
PROP-0CA3E5D65D93,,0,Unregistered,,,,,0,1.0,0
PROP-909C64B3F704,,0,Unregistered,,,,,0,1.0,0
PROP-5196B0799C1F,,0,Unregistered,,,,,0,1.0,0
PROP-5D24CD48769C,,0,Unregistered,,,,,0,1.0,0
PROP-50A7A3783741,,0,Unregistered,,,,,0,1.0,0
PROP-98C89B2206BD,,0,Unregistered,,,,,0,1.0,0
PROP-27D281122E90,,0,Unregistered,,,,,0,1.0,0
PROP-723B07FC1828,,0,Unregistered,,,,,0,1.0,0
PROP-59377D614B67,,0,Unregistered,,,,,0,1.0,0
PROP-111038616616,,0,Unregistered,,,,,0,1.0,0
PROP-71628ED6D0EE,,0,Unregistered,,,,,0,1.0,0
PROP-BADB23D28B0A,,0,Unregistered,,,,,0,1.0,0
PROP-7FB58A015C49,,0,Unregistered,,,,,0,1.0,0
PROP-E3D092B0E9F0,,0,Unregistered,,,,,0,1.0,0
PROP-322435441A35,,0,Unregistered,,,,,0,1.0,0
PROP-47BA1AA88BE1,RERA-DEL-20040413,1,Ongoing,39.0,59.0,66.1,38.0,16,0.688,3
PROP-A19C8B44B592,,0,Unregistered,,,,,0,1.0,0
PROP-F00207A343C3,,0,Unregistered,,,,,0,1.0,0
PROP-59B7558BA319,,0,Unregistered,,,,,0,1.0,0
PROP-8595D5A88B55,,0,Unregistered,,,,,0,1.0,0
PROP-F97B26905F1C,RERA-DEL-41516595,1,Completed,41.0,34.0,100.0,17.0,11,0.636,0
PROP-ACA58E625F57,,0,Unregistered,,,,,0,1.0,0
PROP-64F5EBE68935,,0,Unregistered,,,,,0,1.0,0
PROP-196D6AC4B8A4,,0,Unregistered,,,,,0,1.0,0
PROP-2B8B677736D6,RERA-DEL-75594551,1,Ongoing,21.0,38.0,55.3,28.0,7,0.857,1
PROP-288D22A9A42C,,0,Unregistered,,,,,0,1.0,0
PROP-9031018CF88F,,0,Unregistered,,,,,0,1.0,0
PROP-4ABDFF3C6B24,,0,Unregistered,,,,,0,1.0,0
PROP-234DFEDC3C38,,0,Unregistered,,,,,0,1.0,0
PROP-1E1C17353E40,,0,Unregistered,,,,,0,1.0,0
PROP-290654392909,,0,Unregistered,,,,,0,1.0,0
PROP-DFC6FBBF9D1F,,0,Unregistered,,,,,0,1.0,0
PROP-D6BDA3BAE1E0,,0,Unregistered,,,,,0,1.0,0
PROP-AFF1688DC6DB,,0,Unregistered,,,,,0,1.0,0
PROP-310E52E75A13,,0,Unregistered,,,,,0,1.0,0
PROP-70698E8FAB23,,0,Unregistered,,,,,0,1.0,0
PROP-2B952DC1D3AE,,0,Unregistered,,,,,0,1.0,0
PROP-ECB34FD0133A,,0,Unregistered,,,,,0,1.0,0
PROP-871A41D99AB6,RERA-DEL-57828349,1,Ongoing,37.0,47.0,78.7,118.0,27,0.704,0
PROP-0BD9D3424BD8,,0,Unregistered,,,,,0,1.0,0
PROP-7F3F80142AB6,,0,Unregistered,,,,,0,1.0,0
PROP-B35EB2D7500C,,0,Unregistered,,,,,0,1.0,0
PROP-B55F03CE0A4C,,0,Unregistered,,,,,0,1.0,0
PROP-D7BA3EA5A4B1,,0,Unregistered,,,,,0,1.0,0
PROP-F8961792FC7C,,0,Unregistered,,,,,0,1.0,0
PROP-488B4089F81E,,0,Unregistered,,,,,0,1.0,0
PROP-1AD8766EFA1F,,0,Unregistered,,,,,0,1.0,0
PROP-32D074D4D650,,0,Unregistered,,,,,0,1.0,0
PROP-2932D227ECDB,,0,Unregistered,,,,,0,1.0,0
PROP-30F348DA4950,,0,Unregistered,,,,,0,1.0,0
PROP-65B1C47C1344,,0,Unregistered,,,,,0,1.0,0
PROP-3F54F9F1B525,RERA-DEL-51148240,1,Ongoing,22.0,32.0,68.8,134.0,9,0.444,0
PROP-11700FC189E0,,0,Unregistered,,,,,0,1.0,0
PROP-23F197840182,,0,Unregistered,,,,,0,1.0,0
PROP-0B63854CA4CC,,0,Unregistered,,,,,0,1.0,0
PROP-77E8219E84FC,,0,Unregistered,,,,,0,1.0,0
PROP-49628F23596A,,0,Unregistered,,,,,0,1.0,0
PROP-4EBE3E2A5761,,0,Unregistered,,,,,0,1.0,0
PROP-01DD813CAEF6,,0,Unregistered,,,,,0,1.0,0
PROP-9E0B2E74AED2,,0,Unregistered,,,,,0,1.0,0
PROP-8E69573011E6,,0,Unregistered,,,,,0,1.0,0
PROP-02E3592C9641,,0,Unregistered,,,,,0,1.0,0
PROP-AD600AA07603,,0,Unregistered,,,,,0,1.0,0
PROP-DFF7EBC30C5D,,0,Unregistered,,,,,0,1.0,0
PROP-B362446D59BA,,0,Unregistered,,,,,0,1.0,0
PROP-DADF5F5F39C6,,0,Unregistered,,,,,0,1.0,0
PROP-E8E8A99D8BFA,,0,Unregistered,,,,,0,1.0,0
PROP-21D7FA48BF38,,0,Unregistered,,,,,0,1.0,0
PROP-7B3D9D65E007,RERA-DEL-59840293,1,Ongoing,27.0,37.0,73.0,132.0,5,0.8,0
PROP-520066EFD04D,RERA-DEL-21524611,1,Ongoing,41.0,46.0,89.1,202.0,15,0.667,1
PROP-57973D2D7260,RERA-DEL-78548813,1,Ongoing,7.0,38.0,18.4,140.0,11,0.909,3
PROP-A0195411B832,,0,Unregistered,,,,,0,1.0,0
PROP-E919AB07064B,,0,Unregistered,,,,,0,1.0,0
PROP-4116AC4C8E98,,0,Unregistered,,,,,0,1.0,0
PROP-E4E36E95EDAB,,0,Unregistered,,,,,0,1.0,0
PROP-EA626B1DE864,,0,Unregistered,,,,,0,1.0,0
PROP-FE7F99E751EC,,0,Unregistered,,,,,0,1.0,0
PROP-726897A26070,,0,Unregistered,,,,,0,1.0,0
PROP-CEFBF405BB5A,,0,Unregistered,,,,,0,1.0,0
PROP-E69F0F915B64,,0,Unregistered,,,,,0,1.0,0
PROP-1F8FB83D4BD1,RERA-DEL-75062590,1,Ongoing,12.0,44.0,27.3,45.0,18,0.556,2
PROP-E9FF3BECAD7D,,0,Unregistered,,,,,0,1.0,0
PROP-95A14CE7863E,,0,Unregistered,,,,,0,1.0,0
PROP-C3305E18F516,,0,Unregistered,,,,,0,1.0,0
PROP-AD7BB5316852,,0,Unregistered,,,,,0,1.0,0
PROP-A3F122A8FBCA,,0,Unregistered,,,,,0,1.0,0
PROP-0B3405EEECD2,,0,Unregistered,,,,,0,1.0,0
PROP-00ED2D67A92E,,0,Unregistered,,,,,0,1.0,0
PROP-DB0B5DE2C7E5,,0,Unregistered,,,,,0,1.0,0
PROP-87B015D539A3,,0,Unregistered,,,,,0,1.0,0
PROP-C314241869F1,,0,Unregistered,,,,,0,1.0,0
PROP-3AE740F80D17,,0,Unregistered,,,,,0,1.0,0
PROP-519030674E5D,RERA-DEL-57801646,1,Ongoing,24.0,46.0,52.2,24.0,90,0.689,3
PROP-3D62D985D050,,0,Unregistered,,,,,0,1.0,0
PROP-7D3808B34A10,,0,Unregistered,,,,,0,1.0,0
PROP-C53C38D3B7E3,,0,Unregistered,,,,,0,1.0,0
PROP-C5709776DC76,,0,Unregistered,,,,,0,1.0,0
PROP-244AEB1CD08D,RERA-DEL-43021698,1,Ongoing,12.0,54.0,22.2,28.0,23,0.261,0
PROP-47F54A29BB44,,0,Unregistered,,,,,0,1.0,0
PROP-0000796D181F,,0,Unregistered,,,,,0,1.0,0
PROP-1EBFAF151F13,,0,Unregistered,,,,,0,1.0,0
PROP-4CC42D3AE9AC,RERA-DEL-39219398,1,Ongoing,40.0,54.0,74.1,54.0,25,0.52,0
PROP-A024E003FB46,,0,Unregistered,,,,,0,1.0,0
PROP-8364CC4AD53B,,0,Unregistered,,,,,0,1.0,0
PROP-1CB9F0D9FD79,,0,Unregistered,,,,,0,1.0,0
PROP-EA0889BF7A07,,0,Unregistered,,,,,0,1.0,0
PROP-FE0AC426DE2C,,0,Unregistered,,,,,0,1.0,0
PROP-5EFC07C45A8B,,0,Unregistered,,,,,0,1.0,0
PROP-F9FC5054A0E7,,0,Unregistered,,,,,0,1.0,0
PROP-2414F55345A8,,0,Unregistered,,,,,0,1.0,0
PROP-6103D16112B5,,0,Unregistered,,,,,0,1.0,0
PROP-E46C343B3C7F,,0,Unregistered,,,,,0,1.0,0
PROP-5DD5D7242B18,,0,Unregistered,,,,,0,1.0,0
PROP-B7FB3FA41CAB,,0,Unregistered,,,,,0,1.0,0
PROP-5B0533DBC710,,0,Unregistered,,,,,0,1.0,0
PROP-797AC06E14E8,RERA-DEL-19679468,1,Ongoing,26.0,28.0,92.9,138.0,19,0.789,3
PROP-1C48C011D155,,0,Unregistered,,,,,0,1.0,0
PROP-202247DAA5D6,,0,Unregistered,,,,,0,1.0,0
PROP-88C5F369C986,,0,Unregistered,,,,,0,1.0,0
PROP-4990F4349A2C,RERA-DEL-57801646,1,Completed,75.0,46.0,100.0,24.0,90,0.722,3
PROP-353E9245284E,,0,Unregistered,,,,,0,1.0,0
PROP-136851647766,,0,Unregistered,,,,,0,1.0,0
PROP-4537269F10C1,RERA-DEL-19694307,1,Ongoing,41.0,52.0,78.8,33.0,89,0.472,2
PROP-3EDD6B85681C,,0,Unregistered,,,,,0,1.0,0
PROP-9D670451CC68,,0,Unregistered,,,,,0,1.0,0
PROP-7718A8FE6336,,0,Unregistered,,,,,0,1.0,0
PROP-0509105302D9,,0,Unregistered,,,,,0,1.0,0
PROP-91FA2CDA86D8,,0,Unregistered,,,,,0,1.0,0
PROP-D794C410BA15,,0,Unregistered,,,,,0,1.0,0
PROP-227F386C11AC,,0,Unregistered,,,,,0,1.0,0
